<?xml version="1.0" encoding="UTF-8"?>
<kml xmlns="http://www.opengis.net/kml/2.2" xmlns:gx="http://www.google.com/kml/ext/2.2">
    <Document id="1">
        <Style id="7">
            <IconStyle id="8">
                <colorMode>normal</colorMode>
                <scale>1.2</scale>
                <heading>0</heading>
                <Icon id="9">
                    <href>https://maps.google.com/mapfiles/kml/shapes/star.png</href>
                </Icon>
            </IconStyle>
        </Style>
        <name>Project Blaze Monte Carlo Flights</name>
        <Folder id="2">
            <Style id="12">
                <LineStyle id="13">
                    <color>8c0000ff</color>
                    <colorMode>normal</colorMode>
                    <width>3</width>
                </LineStyle>
            </Style>
            <Style id="22">
                <LineStyle id="23">
                    <color>8cff0000</color>
                    <colorMode>normal</colorMode>
                    <width>3</width>
                </LineStyle>
            </Style>
            <Style id="32">
                <LineStyle id="33">
                    <color>8c008000</color>
                    <colorMode>normal</colorMode>
                    <width>3</width>
                </LineStyle>
            </Style>
            <Style id="42">
                <LineStyle id="43">
                    <color>8c00a5ff</color>
                    <colorMode>normal</colorMode>
                    <width>3</width>
                </LineStyle>
            </Style>
            <Style id="52">
                <LineStyle id="53">
                    <color>8c800080</color>
                    <colorMode>normal</colorMode>
                    <width>3</width>
                </LineStyle>
            </Style>
            <Style id="62">
                <LineStyle id="63">
                    <color>8cffff00</color>
                    <colorMode>normal</colorMode>
                    <width>3</width>
                </LineStyle>
            </Style>
            <Style id="72">
                <LineStyle id="73">
                    <color>8c0000ff</color>
                    <colorMode>normal</colorMode>
                    <width>3</width>
                </LineStyle>
            </Style>
            <Style id="82">
                <LineStyle id="83">
                    <color>8cff0000</color>
                    <colorMode>normal</colorMode>
                    <width>3</width>
                </LineStyle>
            </Style>
            <Style id="92">
                <LineStyle id="93">
                    <color>8c008000</color>
                    <colorMode>normal</colorMode>
                    <width>3</width>
                </LineStyle>
            </Style>
            <Style id="102">
                <LineStyle id="103">
                    <color>8c00a5ff</color>
                    <colorMode>normal</colorMode>
                    <width>3</width>
                </LineStyle>
            </Style>
            <Style id="112">
                <LineStyle id="113">
                    <color>8c800080</color>
                    <colorMode>normal</colorMode>
                    <width>3</width>
                </LineStyle>
            </Style>
            <Style id="122">
                <LineStyle id="123">
                    <color>8cffff00</color>
                    <colorMode>normal</colorMode>
                    <width>3</width>
                </LineStyle>
            </Style>
            <Style id="132">
                <LineStyle id="133">
                    <color>8c0000ff</color>
                    <colorMode>normal</colorMode>
                    <width>3</width>
                </LineStyle>
            </Style>
            <Style id="142">
                <LineStyle id="143">
                    <color>8cff0000</color>
                    <colorMode>normal</colorMode>
                    <width>3</width>
                </LineStyle>
            </Style>
            <Style id="152">
                <LineStyle id="153">
                    <color>8c008000</color>
                    <colorMode>normal</colorMode>
                    <width>3</width>
                </LineStyle>
            </Style>
            <Style id="162">
                <LineStyle id="163">
                    <color>8c00a5ff</color>
                    <colorMode>normal</colorMode>
                    <width>3</width>
                </LineStyle>
            </Style>
            <Style id="172">
                <LineStyle id="173">
                    <color>8c800080</color>
                    <colorMode>normal</colorMode>
                    <width>3</width>
                </LineStyle>
            </Style>
            <Style id="182">
                <LineStyle id="183">
                    <color>8cffff00</color>
                    <colorMode>normal</colorMode>
                    <width>3</width>
                </LineStyle>
            </Style>
            <Style id="192">
                <LineStyle id="193">
                    <color>8c0000ff</color>
                    <colorMode>normal</colorMode>
                    <width>3</width>
                </LineStyle>
            </Style>
            <Style id="202">
                <LineStyle id="203">
                    <color>8cff0000</color>
                    <colorMode>normal</colorMode>
                    <width>3</width>
                </LineStyle>
            </Style>
            <Style id="212">
                <LineStyle id="213">
                    <color>8c008000</color>
                    <colorMode>normal</colorMode>
                    <width>3</width>
                </LineStyle>
            </Style>
            <Style id="222">
                <LineStyle id="223">
                    <color>8c00a5ff</color>
                    <colorMode>normal</colorMode>
                    <width>3</width>
                </LineStyle>
            </Style>
            <Style id="232">
                <LineStyle id="233">
                    <color>8c800080</color>
                    <colorMode>normal</colorMode>
                    <width>3</width>
                </LineStyle>
            </Style>
            <Style id="242">
                <LineStyle id="243">
                    <color>8cffff00</color>
                    <colorMode>normal</colorMode>
                    <width>3</width>
                </LineStyle>
            </Style>
            <Style id="252">
                <LineStyle id="253">
                    <color>8c0000ff</color>
                    <colorMode>normal</colorMode>
                    <width>3</width>
                </LineStyle>
            </Style>
            <Style id="262">
                <LineStyle id="263">
                    <color>8cff0000</color>
                    <colorMode>normal</colorMode>
                    <width>3</width>
                </LineStyle>
            </Style>
            <Style id="272">
                <LineStyle id="273">
                    <color>8c008000</color>
                    <colorMode>normal</colorMode>
                    <width>3</width>
                </LineStyle>
            </Style>
            <Style id="282">
                <LineStyle id="283">
                    <color>8c00a5ff</color>
                    <colorMode>normal</colorMode>
                    <width>3</width>
                </LineStyle>
            </Style>
            <Style id="292">
                <LineStyle id="293">
                    <color>8c800080</color>
                    <colorMode>normal</colorMode>
                    <width>3</width>
                </LineStyle>
            </Style>
            <Style id="302">
                <LineStyle id="303">
                    <color>8cffff00</color>
                    <colorMode>normal</colorMode>
                    <width>3</width>
                </LineStyle>
            </Style>
            <Style id="312">
                <LineStyle id="313">
                    <color>8c0000ff</color>
                    <colorMode>normal</colorMode>
                    <width>3</width>
                </LineStyle>
            </Style>
            <Style id="322">
                <LineStyle id="323">
                    <color>8cff0000</color>
                    <colorMode>normal</colorMode>
                    <width>3</width>
                </LineStyle>
            </Style>
            <Style id="332">
                <LineStyle id="333">
                    <color>8c008000</color>
                    <colorMode>normal</colorMode>
                    <width>3</width>
                </LineStyle>
            </Style>
            <Style id="342">
                <LineStyle id="343">
                    <color>8c00a5ff</color>
                    <colorMode>normal</colorMode>
                    <width>3</width>
                </LineStyle>
            </Style>
            <Style id="352">
                <LineStyle id="353">
                    <color>8c800080</color>
                    <colorMode>normal</colorMode>
                    <width>3</width>
                </LineStyle>
            </Style>
            <Style id="362">
                <LineStyle id="363">
                    <color>8cffff00</color>
                    <colorMode>normal</colorMode>
                    <width>3</width>
                </LineStyle>
            </Style>
            <Style id="372">
                <LineStyle id="373">
                    <color>8c0000ff</color>
                    <colorMode>normal</colorMode>
                    <width>3</width>
                </LineStyle>
            </Style>
            <Style id="382">
                <LineStyle id="383">
                    <color>8cff0000</color>
                    <colorMode>normal</colorMode>
                    <width>3</width>
                </LineStyle>
            </Style>
            <Style id="392">
                <LineStyle id="393">
                    <color>8c008000</color>
                    <colorMode>normal</colorMode>
                    <width>3</width>
                </LineStyle>
            </Style>
            <Style id="402">
                <LineStyle id="403">
                    <color>8c00a5ff</color>
                    <colorMode>normal</colorMode>
                    <width>3</width>
                </LineStyle>
            </Style>
            <Style id="412">
                <LineStyle id="413">
                    <color>8c800080</color>
                    <colorMode>normal</colorMode>
                    <width>3</width>
                </LineStyle>
            </Style>
            <Style id="422">
                <LineStyle id="423">
                    <color>8cffff00</color>
                    <colorMode>normal</colorMode>
                    <width>3</width>
                </LineStyle>
            </Style>
            <Style id="432">
                <LineStyle id="433">
                    <color>8c0000ff</color>
                    <colorMode>normal</colorMode>
                    <width>3</width>
                </LineStyle>
            </Style>
            <Style id="442">
                <LineStyle id="443">
                    <color>8cff0000</color>
                    <colorMode>normal</colorMode>
                    <width>3</width>
                </LineStyle>
            </Style>
            <Style id="452">
                <LineStyle id="453">
                    <color>8c008000</color>
                    <colorMode>normal</colorMode>
                    <width>3</width>
                </LineStyle>
            </Style>
            <Style id="462">
                <LineStyle id="463">
                    <color>8c00a5ff</color>
                    <colorMode>normal</colorMode>
                    <width>3</width>
                </LineStyle>
            </Style>
            <Style id="472">
                <LineStyle id="473">
                    <color>8c800080</color>
                    <colorMode>normal</colorMode>
                    <width>3</width>
                </LineStyle>
            </Style>
            <Style id="482">
                <LineStyle id="483">
                    <color>8cffff00</color>
                    <colorMode>normal</colorMode>
                    <width>3</width>
                </LineStyle>
            </Style>
            <Style id="492">
                <LineStyle id="493">
                    <color>8c0000ff</color>
                    <colorMode>normal</colorMode>
                    <width>3</width>
                </LineStyle>
            </Style>
            <Style id="502">
                <LineStyle id="503">
                    <color>8cff0000</color>
                    <colorMode>normal</colorMode>
                    <width>3</width>
                </LineStyle>
            </Style>
            <name>Flight Paths</name>
            <Placemark id="11">
                <name>Run 1</name>
                <description>States exported: 300 of 6,834
Launch inclination: 89.712 deg</description>
                <styleUrl>#12</styleUrl>
                <LineString id="10">
                    <tessellate>1</tessellate>
                    <altitudeMode>absolute</altitudeMode>
                    <coordinates>-119.10695,40.870683,1191.0 -119.10694999999969,40.87068300000119,1191.000026933952 -119.10694998801546,40.87068304670728,1192.0530155270815 -119.10694952648343,40.870685273900335,1241.4243583106238 -119.106950906527,40.87068740576365,1280.4837994068162 -119.10695586565417,40.870691469283294,1346.9582994162404 -119.10696086737272,40.870694847828865,1399.5752631695755 -119.10696611815854,40.87069812467552,1449.699513368861 -119.1069732893856,40.870702326429,1513.0973105395599 -119.10697728719167,40.870704579518076,1546.8267629887393 -119.10698894128694,40.870710879523564,1640.8910833771506 -119.10699688968246,40.87071498645509,1702.3848142247584 -119.10700684499993,40.87071996927793,1777.3901761216007 -119.10701960644,40.87072614353709,1871.1459890337294 -119.10704165648359,40.870736326188094,2028.4059442138328 -119.1070539404032,40.870741762687196,2113.990851083474 -119.10706984939203,40.87074857691025,2223.035302129729 -119.10708225303256,40.870753748312076,2306.948389410233 -119.10709992090538,40.87076092945098,2425.07942432617 -119.10712377685158,40.870770286805566,2582.0509050255923 -119.10712943963134,40.870772469141926,2619.011748719416 -119.10714614042465,40.87077893110516,2728.099739617285 -119.10716791535849,40.8707874174118,2870.5236791357333 -119.10718487508016,40.87079408277747,2981.6694442114604 -119.107211597386,40.87080469924528,3157.325444316091 -119.10722276357413,40.8708091803292,3230.9399338923854 -119.10723924357706,40.8708158470665,3339.859941372207 -119.10725822744139,40.870823609627045,3465.757242665224 -119.10727077746849,40.870828793371075,3549.255428762345 -119.1072983289487,40.87084033072862,3733.400712332279 -119.10731442576187,40.870847177606144,3841.554060544608 -119.10734356901338,40.87085978990132,4038.537772355095 -119.10736025766958,40.87086714540225,4152.075675968879 -119.1073851089011,40.870878288787786,4322.231860056759 -119.10740198330592,40.87088599206816,4438.56762492808 -119.10742933687177,40.870898726555666,4628.636969009173 -119.10744874218165,40.87090795614867,4764.683018636616 -119.10746887792374,40.870917717755006,4907.014170339428 -119.10749409488983,40.87093022599854,5087.08651455042 -119.10750760023743,40.87093706415237,5184.43370412455 -119.10753438922816,40.87095094100884,5379.589448344377 -119.10755368980273,40.87096121790472,5522.0473112217 -119.10757280961974,40.87097164983383,5664.8688106211375 -119.10759383780915,40.8709834372838,5824.091712135334 -119.1076055058066,40.87099013109044,5913.492457680157 -119.10762864535467,40.87100375883738,6093.202865089185 -119.10765058044335,40.87101715096051,6266.811793697872 -119.10766452332118,40.871025927837984,6378.955468382513 -119.10768551763604,40.871039570446584,6550.696592321422 -119.10770132827774,40.8710502150718,6682.503248198714 -119.10771358117229,40.8710586954548,6786.202607567616 -119.10773272852218,40.871072389597586,6951.196891785957 -119.1077499058217,40.87108516226319,7102.482811426122 -119.10775667830613,40.87109033196077,7163.047783813756 -119.10777291169,40.871103051076894,7310.504383688581 -119.10779133362807,40.87111808050239,7482.080453848284 -119.1078005606803,40.87112586386995,7569.878693520578 -119.10781069083032,40.871134631512106,7667.967482452973 -119.10782705106452,40.871149311124604,7830.387293608422 -119.10784521409377,40.87116648212007,8017.675655571513 -119.10785157677176,40.871172749658584,8085.337132633909 -119.1078639607306,40.87118537347611,8220.502227139992 -119.10787718793672,40.871199571611626,8370.783562947581 -119.10789075560375,40.87121505275371,8532.567446896075 -119.10789559853735,40.87122084138432,8592.467977917435 -119.10790658553734,40.87123457620501,8733.243437649915 -119.10791996864748,40.871252637696536,8915.33331328295 -119.10793024442034,40.87126773171678,9064.70774715339 -119.10793480374029,40.87127483755812,9134.139305186522 -119.10794426543725,40.871290541648385,9285.483882899933 -119.10795513354876,40.87131054109363,9474.066753780095 -119.1079635514846,40.871327915785734,9634.14851222641 -119.10796746781035,40.87133671033815,9713.879669792514 -119.10797394613972,40.871352513347006,9854.986007328274 -119.10797901531261,40.87136604020728,9973.812160005986 -119.10799560076975,40.871384394296555,10162.701405287195 -119.10801898067315,40.87139481251669,10310.954953997552 -119.10806729322846,40.87140396849804,10524.847830742063 -119.10814782852506,40.87140670996293,10791.249960734109 -119.10818578276029,40.87140542583451,10899.079273921354 -119.10824682537252,40.87140129719746,11058.897665830325 -119.10832136526481,40.87139395007546,11238.415976969696 -119.10846121980607,40.871375963210546,11545.97660371827 -119.1085013139342,40.87137016557428,11629.521602296047 -119.10865748724277,40.87134609537251,11943.761510154764 -119.10886679557049,40.87131165045981,12347.486375574199 -119.10903259871735,40.87128339717473,12659.045970195435 -119.1092945018068,40.871237931336516,13142.668395078557 -119.10934997545698,40.871228230260726,13244.235917246306 -119.10951673707419,40.87119896658693,13548.327679815844 -119.10975521182911,40.87115718392206,13983.59109180527 -119.10991222160634,40.871129724889094,14270.688201290488 -119.11012810668429,40.8710920813739,14665.849401749767 -119.1104324811644,40.87103914843295,15223.686181709134 -119.1105637575551,40.871016381632934,15464.389125046811 -119.11087719873083,40.87096221068213,16038.998423883337 -119.11121555769033,40.87090404355207,16658.65982733024 -119.11133711333228,40.870883216382836,16881.042348856132 -119.11159880647196,40.87083847591954,17359.319400257344 -119.11192855755712,40.87078228951431,17960.789054842557 -119.11216563751803,40.87074199191488,18392.313857527366 -119.11243485973768,40.87069630663137,18881.320495630724 -119.11264484269756,40.87066074663624,19261.957356391 -119.11306909925737,40.87058901480533,20028.859711757865 -119.113505531776,40.87051540000444,20814.643487009398 -119.11371999735586,40.87047929281928,21199.604992148717 -119.11414135447464,40.87040846121921,21953.68703437358 -119.11445311932495,40.87035614566231,22509.682086439156 -119.1149099404571,40.87027960707843,23321.348937037437 -119.11543265025486,40.870192181461135,24245.66427905502 -119.11572896119145,40.87014270806281,24767.49551331794 -119.11631363270712,40.870045258303826,25792.61352629879 -119.11695012661224,40.869939453150934,26901.657714839675 -119.11726376580452,40.869887416520385,27445.543995185566 -119.11800633657805,40.86976453656995,28726.332458434375 -119.11838916394672,40.86970133754406,29382.856455968435 -119.11916133686948,40.869574152922226,30699.46241908592 -119.11978744546687,40.86947129881987,31759.573530516514 -119.12064996808638,40.869329975138506,33209.148490551845 -119.12188726215987,40.86912793999792,35266.91313405726 -119.1234168831903,40.868879280888635,37776.030640289 -119.12527610131919,40.868578599889396,40774.739402898194 -119.12755915642686,40.86821162519055,44381.82147664272 -119.13053582160603,40.8677367535158,48962.92497060943 -119.1345118647319,40.86710846792888,54872.70476974352 -119.14186269060684,40.86596388968183,65192.79506363474 -119.15261183954281,40.864326435820935,78947.74959094165 -119.16212701114345,40.862909161653974,89884.06445518517 -119.1633293877064,40.86273205356209,91186.93246713364 -119.17445527669466,40.8611126886629,102435.38399408759 -119.18524953367863,40.85957243807808,112010.56351099307 -119.19667506589373,40.857971397335,120782.93554239409 -119.20822554811765,40.856379891956976,128289.73988691796 -119.21988189950915,40.85479801759719,134530.96448555472 -119.23162504008302,40.853225854157785,139506.599110888 -119.24343588585965,40.8516634657407,143216.63552805726 -119.25477897404015,40.850178198679465,145581.1048584081 -119.26666709739153,40.84863506029477,146814.95479469697 -119.27804916582645,40.847168252238724,146810.8920176609 -119.28994151593353,40.845644430056176,145568.54696235232 -119.3018078183703,40.84413046784769,143060.59278203006 -119.31362899118197,40.84262633620729,139287.03328783286 -119.32538594920534,40.84113199017654,134247.87435787413 -119.3365540413323,40.83971171744265,128243.56011700472 -119.34813011641624,40.83823633429151,120728.25398804102 -119.359585332852,40.83677054738543,111947.3820807167 -119.37089957706858,40.835314421907576,101900.98536057732 -119.38204801922663,40.83386879794785,90589.40255176993 -119.39286455207902,40.83245285937979,78193.20504080944 -119.39636213650697,40.831991852075184,73862.99086407047 -119.40085715115055,40.83139743293112,68033.03817767823 -119.4048469652669,40.83086573659156,62677.56251512126 -119.40738419849676,40.8305270656194,59122.37002532919 -119.41031428236906,40.830133484455146,54943.42589130419 -119.41146235558135,40.8299793998369,53247.833066700456 -119.41361625722566,40.82968855230228,50060.84500473938 -119.41488070374497,40.82951804201075,48127.78352824725 -119.41611265091491,40.82935073907329,46260.96678623072 -119.41671748843832,40.82926897455356,45313.13860537578 -119.41735370468291,40.829182667240914,44320.14946258747 -119.41901216905927,40.82895713617787,41709.77987599928 -119.42015655317847,40.8288010642261,39889.39083793564 -119.42138340481446,40.828633476685226,37913.25832533657 -119.42197782821343,40.82855224706544,36942.98668211896 -119.42275109237796,40.82844652982843,35669.274100494345 -119.42357312858985,40.828333772727945,34317.250792837855 -119.42433412302353,40.82822929029016,33054.812407981495 -119.4249655398354,40.82814264731705,31992.948322367203 -119.42553630481906,40.828064371844164,31021.700471981672 -119.42608704256004,40.827988636618876,30088.560486438957 -119.42659011071095,40.827919340207195,29237.054815073578 -119.426871774132,40.82788074066141,28746.8815726253 -119.42725372815774,40.82782810167757,28096.34182173141 -119.42752998927536,40.82779017103558,27616.53074401897 -119.42798608553916,40.82772747083844,26825.989334648897 -119.42836333402545,40.82767550660624,26174.67018767512 -119.42876959675384,40.827619587277766,25468.272937147536 -119.42912766959175,40.827570342888684,24839.985717208874 -119.42949084508238,40.827520375352265,24199.55554000434 -119.42979822801875,40.82747804421836,23657.589383017457 -119.43010972796783,40.82743507904611,23109.09081756371 -119.4304384455009,40.827389766096836,22526.32569820821 -119.43074551395767,40.82734745358225,21978.981620949162 -119.43104489011839,40.82730621431928,21443.330700000242 -119.43132296609102,40.82726791511271,20944.532424781402 -119.43160522214738,40.82722903579794,20437.463207880057 -119.43186633214441,40.82719307670076,19967.325082033825 -119.4321177928142,40.82715846073741,19513.244354838636 -119.4323238890297,40.82713010491741,19139.877787942136 -119.4324832836496,40.82710819819756,18849.628875197333 -119.4326292794911,40.82708812953129,18584.625734980917 -119.4327650567889,40.827069497569184,18336.54944167927 -119.43298699317555,40.827039076266416,17930.98944994622 -119.4332064436251,40.82700907310151,17528.771848480414 -119.4333520254761,40.826989222518314,17261.450356315807 -119.43348573152984,40.826971051568805,17014.8767891952 -119.43366292732547,40.82694705891839,16687.52867935405 -119.43370468929726,40.82694141830041,16610.266730236603 -119.43385734878126,40.82692083483911,16327.07011709941 -119.43403681694384,40.826896744279026,15992.976525671715 -119.43422464111508,40.82687164792477,15641.630801156749 -119.43440476176669,40.826847683969866,15302.83436535216 -119.43449650909716,40.82683552159967,15129.473732945387 -119.43466440017484,40.826813329021356,14810.734976278129 -119.43483725811102,40.826790577590266,14480.295940101023 -119.43499841628054,40.82676945957809,14169.865545170816 -119.4350430528514,40.82676363018842,14083.465337733642 -119.43516701669715,40.82674750928305,13842.395457504195 -119.43533252219439,40.82672613904516,13517.896487861033 -119.43548829690623,40.82670624447088,13209.388156340017 -119.43552575344394,40.826701499794396,13134.7227881814 -119.43561264332318,40.826690542687466,12960.861464200409 -119.4356996682896,40.82667966904176,12785.623844858817 -119.43581792635811,40.82666505413364,12545.75699486953 -119.4359272540581,40.826651729936806,12322.142529855615 -119.43602114691878,40.826640437184125,12128.621933525445 -119.43615017971564,40.826625173958384,11860.350606139913 -119.43628654850374,40.82660938609049,11573.798663236905 -119.4363245841231,40.82660505016093,11493.295586821923 -119.43642801141257,40.826593427723566,11273.017402416428 -119.43654243738489,40.82658087242796,11026.899813389793 -119.4366130473415,40.82657330017683,10873.68062302133 -119.43667087848027,40.82656719430468,10747.378727467962 -119.43676321259065,40.826557641801905,10544.136256314161 -119.43687662204307,40.82654623976704,10291.638515091508 -119.43693905364142,40.82654012185118,10151.197060414006 -119.4370560176865,40.82652896640324,9885.105908891874 -119.43716821944186,40.826518648890165,9625.89153662405 -119.43721776990802,40.826514211157146,9510.089595599264 -119.43731942467232,40.82650533615941,9269.770543630966 -119.4374068302822,40.826497945468425,9059.974387367896 -119.43745758680373,40.82649374422162,8936.705479720922 -119.43754236827138,40.82648686441611,8728.2694257489 -119.43762029246825,40.82648066258854,8533.696120226155 -119.43764240016236,40.82647892247129,8477.94486345781 -119.43769742555854,40.826474635414264,8338.099633768003 -119.43776749713605,40.826469254049435,8157.670851624786 -119.43781619337099,40.826465571122945,8030.677503754862 -119.43783894613748,40.826463868856735,7970.880265497978 -119.43790215185335,40.82645921244808,7803.193579889332 -119.43797683155022,40.826453868589944,7602.007161444018 -119.43799978824279,40.82645226567379,7539.480698644292 -119.43805336606475,40.82644861729384,7392.223158471807 -119.43811664198807,40.82644449672706,7215.844872719407 -119.43815767248037,40.82644195413341,7099.956184950029 -119.4381870295986,40.82644020220168,7016.254953558473 -119.43824098626163,40.82643714734794,6860.626418525984 -119.43830371489433,40.826433893064454,6676.540749061916 -119.43832122095925,40.82643304576151,6624.515608314144 -119.43836341207943,40.8264311158018,6497.896115869888 -119.43842156317345,40.826428731051045,6320.317354337554 -119.4384522607486,40.82642760712481,6225.036754303645 -119.43849734814745,40.82642613303403,6083.028069057489 -119.43855295705498,40.8264246209105,5904.227721351546 -119.43857429741134,40.826424135032546,5834.461249505463 -119.43861430465172,40.826423378259015,5701.836804192122 -119.43866642591041,40.826422714783085,5525.209318136418 -119.43869725487069,40.8264225092405,5418.5284570111435 -119.43873219634722,40.82642245788298,5295.475988558752 -119.43877128724812,40.82642264625192,5154.9165281632995 -119.43879769119675,40.82642293129888,5058.119677051525 -119.43883889011104,40.826423653772274,4903.848944852924 -119.43887761125322,40.82642467120284,4754.949273153778 -119.43889741878247,40.82642533278243,4677.185960061224 -119.43892628448513,40.826426484931424,4561.7695398641135 -119.43895703008768,40.82642798423731,4435.880114433492 -119.43897721902916,40.8264291378809,4351.417165851728 -119.43901317992221,40.826431559604735,4197.14934594617 -119.43904068179718,40.82643376144359,4075.5993068200196 -119.43906313652121,40.82643580503123,3973.8585525852445 -119.4390945592868,40.82643906996006,3827.3753209493707 -119.43911709899038,40.826441727245204,3719.0855863342395 -119.43914664903375,40.826445644470574,3572.620499172087 -119.43917118216922,40.82644930111071,3446.753493806614 -119.43919252506093,40.82645280702496,3333.7824663559736 -119.4392209531636,40.82645798985926,3177.75920097641 -119.43923019043044,40.82645980940762,3125.5879107931673 -119.43924523686661,40.82646292128121,3038.996055033298 -119.43926645313051,40.82646763407456,2913.356422394999 -119.43927735413688,40.82647020754534,2847.1480337386456 -119.43929354698518,40.826474225505414,2746.732978254822 -119.43931533385307,40.82648000301166,2607.7908570619234 -119.43932214203444,40.8264818958427,2563.5035610904997 -119.43933163649106,40.8264846074189,2500.999017937621 -119.43934435765357,40.82648836970722,2415.9641382448385 -119.4393597390824,40.82649311988596,2311.0846135339784 -119.43936728678311,40.826495531506744,2258.7668118820425 -119.43938262268327,40.82650059461135,2150.667068241907 -119.43939869804326,40.826506131955945,2034.6653418468716 -119.4394068349199,40.82650902201253,1974.8360970951583 -119.43942093561576,40.82651416281971,1869.2836243063964 -119.43943440147649,40.826519219890905,1766.0977640215049 -119.43944535359256,40.826523430856675,1680.3219989078634 -119.43945972177032,40.826529073509185,1565.0598367223652 -119.43946842107843,40.82653254640882,1493.6510704046964 -119.4394774647574,40.82653620073929,1418.0066791648699 -119.43949067748326,40.82654161223044,1304.7422862806798 -119.4394960856556,40.82654385069867,1257.3843351672551 -119.43950181861159,40.826546227556825,1206.8679049638506 -119.439503606014,40.82654697086721,1191.0000000004532</coordinates>
                </LineString>
            </Placemark>
            <Placemark id="21">
                <name>Run 2</name>
                <description>States exported: 300 of 6,785
Launch inclination: 89.777 deg</description>
                <styleUrl>#22</styleUrl>
                <LineString id="20">
                    <tessellate>1</tessellate>
                    <altitudeMode>absolute</altitudeMode>
                    <coordinates>-119.10695,40.870683,1191.0 -119.1069499999988,40.87068299999972,1191.0000269344923 -119.1069499536811,40.8706829891455,1192.050523184163 -119.1069478977667,40.8706825052445,1240.2911972028412 -119.10694790540092,40.87068243398012,1279.339486846653 -119.1069497475543,40.870682623481315,1328.8877614097023 -119.10695270138046,40.8706829577649,1382.0821303647067 -119.10695698825312,40.87068343603763,1444.7291581835848 -119.10696059888026,40.870683830620806,1491.5277873146977 -119.10696493002412,40.870684291256325,1544.0149707193889 -119.10697250867476,40.870685054498985,1629.515686617355 -119.10698336487678,40.87068602062878,1743.5412209478748 -119.10699042826259,40.87068657420381,1814.5573230660125 -119.10700280815328,40.870687408579,1934.874477003859 -119.10701532738976,40.87068807807432,2052.4886425482837 -119.10702787172674,40.87068857925327,2167.1835194018076 -119.10704333850067,40.87068899636014,2305.154618864525 -119.10705525785049,40.87068919801407,2409.5404337688033 -119.10707450514161,40.87068931236963,2574.7495142994585 -119.10707544689615,40.87068931167134,2582.7339038736413 -119.10708487646163,40.8706893114793,2662.749981382339 -119.10709442225024,40.87068932480663,2743.82567912117 -119.10710883052427,40.87068937232613,2866.4461703826464 -119.1071197312808,40.87068943261881,2959.4457086744583 -119.10714026795729,40.87068960845101,3135.347837856938 -119.10714816587381,40.870689699708244,3203.283845827475 -119.10716578345068,40.87068995379207,3355.433144030682 -119.10718014235279,40.87069021697126,3480.1635358981243 -119.10719856888738,40.8706906359705,3641.263059777365 -119.10721403350078,40.87069106437921,3777.4604552522756 -119.10722967099387,40.870691574088355,3916.1842718923817 -119.1072486914249,40.87069230663281,4086.406302763189 -119.10726059970023,40.870692830616484,4193.880977392151 -119.10728068321093,40.87069383630869,4376.863557374212 -119.10730077930944,40.87069500205126,4562.338062579273 -119.10732172771326,40.87069639735922,4758.501078505713 -119.10733188583387,40.87069714486596,4854.773397832405 -119.10735180262755,40.8706987537261,5045.937992935474 -119.10736526272582,40.87069995733456,5177.118316412739 -119.10738247871167,40.870701647794405,5347.512184242497 -119.10739708169548,40.87070322730436,5494.592087548189 -119.10741268216407,40.870705076993204,5654.622274173435 -119.10742927752798,40.870707248729424,5828.569854614219 -119.10743684023855,40.87070831520931,5909.246200635504 -119.10744928041996,40.870710185163155,6044.052277166075 -119.10746599812944,40.87071294859836,6229.7657993510775 -119.10747377723312,40.870714343766195,6318.151500392166 -119.1074883853245,40.87071717739266,6487.879335838896 -119.10750358441652,40.87072046129504,6670.302888830974 -119.10750895627865,40.87072171217626,6736.343622621941 -119.10751962209909,40.87072434981535,6870.129000343516 -119.10753301203646,40.87072797717236,7043.576337739593 -119.107539225227,40.87072979199417,7126.357507494972 -119.10754808955019,40.87073253199233,7247.295800190314 -119.10756073049204,40.870736780118555,7426.181550323731 -119.10756966102912,40.87074004542514,7557.816567602151 -119.1075741695388,40.87074178772068,7626.248098051989 -119.10758464748525,40.87074611166794,7791.219678869268 -119.10759465620727,40.87075065876223,7958.266525358986 -119.10760025005878,40.87075341472067,8056.712166039896 -119.107608017136,40.87075756025644,8200.961708416453 -119.10761707264777,40.87076298743739,8383.554725854381 -119.10762385137511,40.87076761829759,8534.1443588049 -119.10762681841362,40.8707698510628,8604.939493956104 -119.10763239278025,40.870774497859685,8748.607118574688 -119.10763731372415,40.870779263002234,8890.704498988705 -119.10764244611828,40.87078524631107,9061.551078150334 -119.107644152306,40.87078757156032,9125.783154043338 -119.10764735170436,40.87079262475168,9261.283145670259 -119.10765090733454,40.87080004317433,9450.75862346601 -119.10765328191725,40.87080747736853,9630.264964534055 -119.10765423348016,40.870812085296095,9736.846407749892 -119.10765507154079,40.87082049551547,9922.939399599309 -119.10765513547715,40.87082261869074,9968.46207553948 -119.10765824457033,40.87082674798225,10080.845498078696 -119.10767193811851,40.8708290995588,10241.787278419679 -119.10770018245438,40.870826774960896,10425.928286172295 -119.10775583123001,40.87081609120331,10670.637092751764 -119.10781680334715,40.87080100210027,10879.219841594339 -119.10785553440734,40.870790434304766,10996.157636407923 -119.10793826573699,40.87076639664331,11222.280292099571 -119.10805141647958,40.8707316477461,11499.374319736562 -119.10808960251047,40.87071962942646,11587.501606108075 -119.10820460216442,40.87068296332628,11843.257077650207 -119.1083948822378,40.87062143430499,12246.666518977214 -119.10852054327998,40.870580503250366,12505.022938118382 -119.1087534751763,40.87050437044002,12974.103855472822 -119.10886585926238,40.87046760184512,13197.507082109338 -119.10898433810586,40.87042883386428,13431.62453632583 -119.1091864954576,40.87036268332071,13830.659692810146 -119.1093601614101,40.87030583264125,14174.172169077763 -119.10946820335255,40.87027047384328,14388.173393505998 -119.1097217727168,40.870187516432345,14891.054351927023 -119.10994042459204,40.870116012392046,15325.203234569473 -119.11015798302081,40.87004495916888,15757.270899339697 -119.11047332317547,40.86994216720767,16383.273725000894 -119.11064521161514,40.869886277048636,16724.103457283203 -119.11080827071243,40.86983328823748,17047.240347359228 -119.11102747957446,40.869762192936584,17481.01985795569 -119.11130654542919,40.86967183294491,18032.238827960973 -119.11163625677835,40.86956526169235,18681.810838688525 -119.11181403983615,40.869507874218804,19031.229311309573 -119.1120820275498,40.86942147743032,19556.861309426804 -119.11246996111478,40.869296615138154,20315.23126137063 -119.11281393513124,40.86918610340454,20985.135660039483 -119.11302423290302,40.86911862810408,21393.540739132553 -119.11347744221544,40.86897344074388,22270.565557317877 -119.11368008620217,40.868908622859536,22661.338422093802 -119.11418442632323,40.86874751910534,23630.209690821903 -119.11455898975409,40.86862807337186,24346.339644228836 -119.11490942909799,40.86851650929643,25013.637186911303 -119.11547474005341,40.86833686850583,26084.594275900115 -119.11591100703288,40.86819856433446,26906.367000180217 -119.11625443753232,40.868089862458106,27550.478024490636 -119.11691322295222,40.86788184064599,28779.04419936194 -119.11719647958382,40.86779258023672,29304.476814489208 -119.11789258095504,40.86757364925389,30588.750714497743 -119.11847178157336,40.867391934952245,31649.82433197257 -119.11928497628618,40.867137462172636,33128.12809718324 -119.12037265289054,40.86679822214386,35084.79186845541 -119.12174745323121,40.86637122283344,37524.69326620935 -119.12341556124892,40.86585570101324,40436.02688906706 -119.12555939086896,40.86519711883413,44100.117032202164 -119.1282418379528,40.864379105293246,48564.85997850527 -119.13226902779235,40.863162936021105,55025.02778667957 -119.1389710854542,40.8611685006398,65157.59489444702 -119.14852880559283,40.85838202551575,78350.81285606082 -119.15782717318493,40.85572887486047,89865.08571053615 -119.15835336266214,40.855580290405754,90479.57768454455 -119.16803467801614,40.852873703507,101106.76476000709 -119.17855710669699,40.84998530436893,111256.84650951998 -119.18922710947587,40.84710570183862,120141.45399356031 -119.19955369664372,40.84435963537729,127455.62277339226 -119.21045725540439,40.841497557839304,133864.26529355146 -119.22145198684646,40.83864456831585,139007.3979738013 -119.23251881033565,40.83580073453223,142885.01211374238 -119.24315432506621,40.833089161007905,145409.84729285503 -119.25430700796414,40.83026337614926,146811.4294679938 -119.264989716733,40.827569119399286,146967.87948118662 -119.27567006811974,40.8248833429078,145966.45046606514 -119.28681524790117,40.82208454354168,143681.4816785708 -119.29792052703888,40.819294978519096,140130.98428220063 -119.30848803595846,40.81663530261516,135550.67092651923 -119.31946005110524,40.813863674474455,129524.15661027923 -119.33033571461559,40.81110112378507,122232.1358152345 -119.34063065685335,40.80846713088019,114073.00253745637 -119.35126173669056,40.80572233585581,104305.04639324296 -119.36173541205707,40.80298769790199,93271.81753910611 -119.37158367185896,40.80038287556099,81535.95539846316 -119.37707400428746,40.79891421272338,74387.05984360386 -119.38170725433578,40.79766524764766,67962.51216119462 -119.38529091928952,40.79669128048427,62809.01996357383 -119.3878326176841,40.795997225927955,58991.18987251377 -119.38993516322671,40.795419982083274,55784.99408890006 -119.39204627563164,40.794838495606086,52454.87203926842 -119.39352850520933,40.79442825463581,50106.11663189243 -119.39467891367309,40.79410948381864,48218.5674078734 -119.3958727413165,40.79377734469669,46277.02638008844 -119.39671422325148,40.793543128316394,44859.523315920735 -119.3981381658299,40.79314535768409,42472.50855961517 -119.3992375279143,40.792837391297,40607.83543238775 -119.39993303302354,40.79264242290884,39392.71337302952 -119.40074032778719,40.792415432121835,38003.10791367787 -119.40168051970156,40.79215067250061,36359.499104902585 -119.4025260126278,40.79191217392125,34861.718353916076 -119.40310683338262,40.79174818055544,33813.5715521257 -119.40368598040939,40.79158430843422,32779.87641483521 -119.40427263496623,40.79141810558549,31726.836983764275 -119.40475745509194,40.79128070804633,30839.41907620302 -119.40528469961666,40.7911311225783,29872.23788890937 -119.40577499817861,40.790991863450266,28974.084308243306 -119.40594090467035,40.79094472978922,28667.778378065756 -119.40635260968016,40.7908277031798,27907.008337572795 -119.40680706152494,40.79069845244859,27066.094832450195 -119.40717812509841,40.790592861665736,26376.778208099 -119.40754220267311,40.79048925289773,25692.108457929215 -119.40789970233334,40.79038745072828,25017.334886421035 -119.40824828458662,40.79028809471932,24359.463431696702 -119.40848643254118,40.790220151868674,23912.731090430534 -119.4087403236818,40.79014773490053,23427.943997095354 -119.40904468483411,40.79006085547614,22847.28277924245 -119.40931865710019,40.78998259875272,22324.783823211976 -119.40959991546693,40.78990222336204,21786.80146042301 -119.40988123380114,40.78982181514216,21246.019500408056 -119.41011510948547,40.789754959979604,20794.158396243965 -119.4103586224126,40.7896853346288,20322.286363410738 -119.41060124363275,40.78961594583406,19851.350353115857 -119.41083338527372,40.789549537986936,19399.791160503606 -119.41105262618227,40.7894868061788,18972.291006878364 -119.41116928595146,40.78945342556891,18744.00759924403 -119.4113414653782,40.78940417305463,18406.32479960699 -119.41154665531111,40.78934548645305,18003.218569403052 -119.41173598230988,40.78929136753313,17630.167523474796 -119.41192775180377,40.789236602466474,17250.944414812348 -119.41212784417817,40.78917954100038,16853.794198860945 -119.41221739689277,40.789154038076475,16675.342251398477 -119.41229518656272,40.78913188830124,16520.392651347036 -119.41244846663861,40.789088277660746,16213.800029788325 -119.41263392418463,40.789035556676765,15841.312603893262 -119.41281408180085,40.78898436338118,15477.417313899952 -119.41291991440694,40.788954282879544,15262.55070170191 -119.41304732948481,40.788918071019076,15002.747946025927 -119.41319221356572,40.78887686761799,14705.519059292981 -119.41334449277281,40.78883351974334,14390.870240177168 -119.41345432971755,40.788802219016645,14162.309935364634 -119.41352050251447,40.78878335653819,14023.943955393832 -119.4136716099705,40.78874026783515,13705.816254659996 -119.41383103354964,40.78869480496085,13366.624838641152 -119.4139161866954,40.78867053297106,13183.802833438767 -119.41397639444499,40.78865338379393,13053.829936540717 -119.4140848792123,40.788622510523005,12818.065087490251 -119.41422002550541,40.788584124579394,12521.406464492698 -119.41430924388887,40.78855884461754,12323.67931774709 -119.41439005226995,40.788535991881695,12143.262980484025 -119.41450846140953,40.78850260459876,11876.503590000695 -119.41464114440042,40.788465348391775,11574.084168660773 -119.41467101146539,40.788456987268816,11505.478284119092 -119.41477761474543,40.78842723460545,11258.87791215955 -119.41489410694649,40.788394901109044,10986.200100110089 -119.41494885919533,40.78837977828908,10856.811534055558 -119.41500850879474,40.78836334573724,10714.885353155309 -119.41511024436747,40.788335448538625,10470.399069170096 -119.41521016751395,40.78830818954367,10227.046062550586 -119.41526889590219,40.78829222832721,10082.412744384266 -119.41538857134512,40.78825982985652,9783.678112950514 -119.41545727162942,40.78824129925626,9609.563138018586 -119.41552144505798,40.788224024339044,9445.056940710809 -119.41561879268866,40.788197866739395,9191.792935028314 -119.41567600929409,40.78818250574048,9040.690323788771 -119.41573066432608,40.78816781987037,8894.683342385442 -119.41580416297309,40.78814803134188,8695.584753623678 -119.41586315590392,40.78813208232386,8533.329003314439 -119.41588241595716,40.788126860659695,8479.860806524206 -119.41593115894895,40.788113619245,8343.431073155783 -119.41599548533277,40.788096062774635,8160.809334744869 -119.41604060660205,40.78808369477514,8030.892708966503 -119.41607180831741,40.788075122255066,7940.157249336817 -119.41611765914124,40.78806249433481,7805.443101595468 -119.41618517719117,40.78804386083848,7604.025503972605 -119.41620731790704,40.78803774455671,7537.165855755879 -119.41624187760124,40.78802819982893,7431.942277282133 -119.4162925781548,40.78801421074722,7275.6648621229715 -119.41634667269881,40.7879993268979,7106.244869797719 -119.41636205461798,40.78799510565184,7057.532588492795 -119.41640830441129,40.78798244346156,6909.528367932815 -119.41646008702867,40.7879683377057,6740.903446106029 -119.41648259776684,40.787962233347415,6666.566346662991 -119.41651044297161,40.787954701397496,6573.69182791125 -119.41655272049073,40.78794331510737,6430.610998639763 -119.41660267736711,40.78792993181012,6258.065167883345 -119.41662473070173,40.787924047260155,6180.608642763093 -119.41666439612675,40.787913500225834,6039.152864968213 -119.41671355156578,40.787900493548136,5859.728789917928 -119.41673517201097,40.78789479742069,5779.253112979388 -119.41677341350443,40.787884761578795,5634.383170699158 -119.41681480202631,40.78787396604432,5473.671298135703 -119.41684375825326,40.78786645933556,5358.598319050494 -119.41688801083228,40.787855069241445,5178.128097427277 -119.41691452775801,40.787848296128445,5067.07437956102 -119.41695128722273,40.787838982001446,4909.137130767737 -119.41698647422432,40.78783016067645,4753.17153927125 -119.41700730499826,40.78782499108981,4658.399462901477 -119.41704168691692,40.78781656239281,4497.555749120071 -119.41706349005504,40.78781129839548,4392.402690971323 -119.41708862274464,40.787805324023736,4267.828161091216 -119.41712055859709,40.78779790408063,4103.81058096048 -119.41713161306484,40.78779538696269,4045.4086748785035 -119.41715301149188,40.78779059629796,3929.758453933725 -119.41717775340183,40.78778520579017,3791.386559938456 -119.41719202211978,40.78778217522111,3709.095710579 -119.4172167818463,40.787777063252165,3561.492642516584 -119.41723348706746,40.787773726325575,3458.101600817662 -119.41724516895589,40.787771450886495,3383.7961286754653 -119.41726187693088,40.78776828509002,3274.3921192860817 -119.4172793919419,40.78776508851276,3155.3723439635914 -119.41728658943258,40.78776381396935,3105.0922785212288 -119.41730150944767,40.7877612498285,2998.1490507677654 -119.4173170742462,40.78775869468441,2882.5075484771196 -119.41732585532331,40.78775731186165,2815.37996918288 -119.41733919374026,40.78775530029322,2710.780227605076 -119.41735260657103,40.78775339591246,2602.443933996028 -119.41735631040272,40.787752892755286,2571.9892783192063 -119.41736366209786,40.7877519225974,2510.7715380375485 -119.41737449425517,40.78775056760314,2418.8343450183734 -119.41738637938177,40.787749184175375,2315.4346447087755 -119.41739283600555,40.78774847791377,2258.1065480449975 -119.4174052681289,40.7877472061809,2145.3205962704187 -119.41741713258827,40.78774609533695,2034.587072311947 -119.41742284086332,40.78774559315012,1980.1563141791003 -119.4174330526949,40.78774473999693,1880.7958746950414 -119.41744371087567,40.78774389695625,1774.1415747246253 -119.41745133390788,40.78774331265392,1695.846354376334 -119.41746272789626,40.787742445785625,1575.3808149593083 -119.41746931086846,40.78774193543819,1503.7345746975436 -119.4174746718461,40.787741511038746,1444.1718515525483 -119.41748299082272,40.787740826524946,1349.4383888551308 -119.41748944793675,40.787740269408836,1273.8334189131485 -119.41749094183045,40.787740136812204,1256.0691372979481 -119.41749438135551,40.787739832668535,1215.1273241836957 -119.4174963927992,40.78773965246379,1190.9999999999886</coordinates>
                </LineString>
            </Placemark>
            <Placemark id="31">
                <name>Run 3</name>
                <description>States exported: 300 of 6,701
Launch inclination: 89.745 deg</description>
                <styleUrl>#32</styleUrl>
                <LineString id="30">
                    <tessellate>1</tessellate>
                    <altitudeMode>absolute</altitudeMode>
                    <coordinates>-119.10695,40.870683,1191.0 -119.106950000001,40.87068299999924,1191.00002693424 -119.10695002242333,40.87068298321518,1191.5963480053217 -119.10695174924896,40.870681723404594,1236.3559972277521 -119.1069558652696,40.870680747438755,1285.0088463083137 -119.10696686039593,40.87067960385163,1369.1314887043366 -119.10697873041252,40.87067874039265,1446.531879677327 -119.10699031529968,40.87067801716535,1516.7913680473118 -119.10700648371886,40.87067708935836,1610.0506167454619 -119.10702233878315,40.87067618643838,1697.9866220835481 -119.10703788331357,40.87067527174359,1782.018948501545 -119.10705991755945,40.870673899982506,1898.563635558899 -119.10708651958144,40.870672096983974,2036.2130196216 -119.10710034639173,40.87067108906226,2106.706968100357 -119.10712156471348,40.87066944839573,2213.665272889522 -119.10714126034064,40.87066783999624,2311.8868103971963 -119.10716482616253,40.87066581880581,2428.290581728503 -119.10719484736258,40.87066309239083,2574.8519010791406 -119.10720201804742,40.870662421711195,2609.6306922634176 -119.1072255233042,40.87066023788236,2723.681017859561 -119.10725539558888,40.870657497766615,2868.721004891201 -119.1072759894741,40.87065563394517,2968.8172278822276 -119.10731418390834,40.87065223573189,3154.7957216665955 -119.10732712560629,40.870651102864535,3217.9279199896996 -119.10735439229393,40.870648748620894,3351.1587479586306 -119.10738060936824,40.87064652936334,3479.5766108078806 -119.1074090679017,40.87064417394386,3619.3546184487864 -119.10744146863229,40.870641565315054,3779.028197640976 -119.10746779276504,40.87063950663687,3909.211492492063 -119.10750319294372,40.870636830427436,4084.981314872062 -119.10752394841892,40.87063531126346,4188.44058946871 -119.10756488346576,40.87063242858785,4393.442683555056 -119.10759136713978,40.87063064440398,4526.799892982555 -119.10763529304252,40.87062782823582,4749.369411216023 -119.10764734311375,40.87062708771115,4810.750881313668 -119.1076812920698,40.87062507901592,4984.50338443121 -119.10770744171741,40.8706236119641,5119.218423497056 -119.10773829554648,40.87062197728771,5279.242807866447 -119.10777539613807,40.87062015931287,5473.351718225703 -119.10779651674845,40.87061920049203,5584.752770669982 -119.10783830104961,40.87061747918624,5807.269009632465 -119.10785694548629,40.87061679060311,5907.544314331807 -119.10788527079687,40.870615847746485,6061.146395317174 -119.10792010960049,40.87061487149241,6252.325055993678 -119.10793177310882,40.87061459376159,6316.9213627235085 -119.10796118718277,40.870614013708476,6481.227781267882 -119.10799429254985,40.87061358463461,6668.720586971939 -119.10800620613959,40.87061349139928,6736.893844147689 -119.1080289013909,40.870613408553,6867.84061330314 -119.1080553646712,40.87061347452343,7022.39089483469 -119.10807149137689,40.87061360404289,7117.604867529756 -119.10809077450314,40.87061384328539,7232.550809555341 -119.10811712492689,40.870614326234524,7391.64691061901 -119.10814343212725,40.8706149828626,7552.999987842307 -119.10815083479571,40.8706151985697,7598.899325491353 -119.10817287143514,40.87061592541035,7736.981783463474 -119.10819819000146,40.87061691431833,7898.528730515671 -119.10821996814853,40.87061790010325,8040.324236466449 -119.108234893361,40.87061865490857,8139.189653633709 -119.10826063344211,40.870620113108906,8313.374107461685 -119.1082860189247,40.87062176981723,8490.341831503227 -119.10829555072418,40.870622454911455,8558.282601553536 -119.10830963461277,40.870623547572045,8660.253511552304 -119.1083262587941,40.87062496310466,8783.297531999937 -119.10833944640737,40.87062619912709,8883.111670869122 -119.10835260223766,40.87062754958892,8984.75291756931 -119.10836484398304,40.870628924595856,9081.309892262663 -119.10837973627622,40.87063076212098,9201.548759362928 -119.10840094842152,40.870633750026535,9378.547829753908 -119.10842283770879,40.87063736330963,9569.130434084347 -119.10843523067904,40.87063968860389,9681.038226578177 -119.10845270606434,40.87064336077606,9844.348512795383 -119.10846583791678,40.870646441844634,9971.3953724145 -119.10849018018372,40.87064803530037,10141.472996708253 -119.10851588984667,40.87064620484951,10266.841505442122 -119.10858102646473,40.870636079358476,10503.837800693424 -119.10870134934096,40.870609240470394,10832.690781808844 -119.10872919242937,40.87060223808303,10899.259757971344 -119.10879891027216,40.870583856439076,11056.600496176243 -119.10893714477737,40.87054510785109,11341.381791655002 -119.1090593236226,40.87050931594392,11573.749390724477 -119.10915228299407,40.87048155336701,11743.258574807027 -119.10936740076191,40.870416377705325,12121.44304318573 -119.10952109497785,40.87036937029055,12383.976356286694 -119.10976090603916,40.87029564852001,12785.963832584162 -119.11000572275715,40.87022020388964,13190.390390513869 -119.11007737754274,40.87019811177801,13308.01906646177 -119.1103404070827,40.87011699686452,13738.668019120754 -119.11060263966276,40.87003611808481,14168.7016791124 -119.11070395009871,40.87000487604489,14335.033918612044 -119.11094306349315,40.869931178701734,14727.858695779132 -119.11129386370462,40.86982310522472,15304.670493757943 -119.11142633446367,40.86978233525673,15522.514870296736 -119.11176233313564,40.869679042276175,16074.913242217865 -119.11213558425305,40.86956456787261,16687.853200458 -119.11228257852588,40.869519547357044,16928.99402322553 -119.11257652981494,40.86942963716621,17410.64639793114 -119.11290247448424,40.869330103129805,17943.737854656498 -119.11327702377245,40.86921590288109,18554.888190816266 -119.11351650442636,40.86914296127223,18944.784431924927 -119.11385254205649,40.8690407417583,19490.720573713716 -119.11430322335512,40.868903834322865,20220.63885805922 -119.11476950092722,40.868762420366835,20973.032078398945 -119.11499841816101,40.86869307647424,21341.388070794732 -119.11548144912398,40.86854692751118,22116.334441643576 -119.1158162835398,40.86844575404462,22651.68571890119 -119.11636717599048,40.86827950026863,23529.20754281727 -119.11682703883115,40.86814090743559,24258.57920037762 -119.1171696437084,40.86803778583424,24800.073618198912 -119.11775453598597,40.8678619715672,25720.77172545646 -119.1184932510953,40.86764038879121,26876.78323722999 -119.11872956281609,40.86756960676455,27244.997422363525 -119.11936250149816,40.86738030701684,28227.431120856963 -119.11991978421933,40.86721394917097,29087.897906296777 -119.1206291754131,40.867002568556565,30177.11602654253 -119.12152466973693,40.866736326101076,31542.4334868704 -119.12219212978363,40.86653829103479,32553.13552257819 -119.12349268320504,40.86615337671194,34505.613166779774 -119.12507901829456,40.86568551341324,36857.22648881144 -119.12695657653796,40.865134015629266,39598.66898519058 -119.12918549510263,40.864482364985186,42795.04542003423 -119.13224498097642,40.863593054447364,47081.665142466896 -119.13623695744755,40.862441321957306,52503.355396142906 -119.14272590219038,40.86058887769853,60915.06653533111 -119.15266482695327,40.85779519978077,72878.60397184623 -119.16466944271166,40.854484338041566,85928.17190172967 -119.16997488287863,40.85304117280913,91231.49355028757 -119.175109045464,40.85165540949398,96102.81936317703 -119.18745448002858,40.848363427635014,106801.86119208815 -119.19940978662419,40.84522422579864,115851.40283660295 -119.21204341685551,40.84195253726183,124074.11879536357 -119.22423945525648,40.83883295320057,130754.9784330386 -119.23652775308847,40.83572308833813,136277.79963222594 -119.24945512773,40.832482329973594,140813.4569849515 -119.26188011650197,40.829392538246,143967.53842499954 -119.27491386554948,40.82617286648403,146026.77303528856 -119.2874056623734,40.82310331306125,146812.09347382022 -119.29933662649661,40.82018253877824,146481.4158516463 -119.312394230868,40.816993965776106,144908.54168303325 -119.32485759854235,40.81395415695959,142219.67139504213 -119.33784136239522,40.81078673615211,138170.36613662535 -119.35019915483716,40.80776708952216,133112.74493800374 -119.3624798865399,40.804757227176054,126897.07775354163 -119.37521826466623,40.80162095344563,119160.69074397857 -119.38728905742421,40.7986309624217,110576.3292413978 -119.39976998001809,40.7955156860969,100363.65042273089 -119.4115526257207,40.792547565468645,89411.1461362357 -119.42316852146226,40.78959007518178,77303.06062887501 -119.42809835251774,40.788324515437274,71736.62355796962 -119.43257109720696,40.787170391408445,66452.32064841977 -119.43637232031908,40.786183729841625,61829.60171716259 -119.43967275591153,40.78532413812992,57645.61922571544 -119.44278780708355,40.784508803616504,53612.31681183339 -119.44521920883909,40.783870014825595,50387.540276174615 -119.44686949174678,40.783435640137206,48136.4779356571 -119.4479504171149,40.7831501152584,46670.82646053816 -119.44916418194958,40.782829517676,44977.36800022285 -119.45062145725333,40.78244336962165,42950.282453854765 -119.45144907486736,40.78222404792854,41766.33284250899 -119.45229870738041,40.78199817445819,40570.635109824965 -119.45317451421846,40.78176549265234,39300.13233836716 -119.45416392872643,40.78150195398843,37874.681416285785 -119.4550853501064,40.78125618229225,36536.662743601664 -119.45575800743075,40.78107679949843,35536.245728652895 -119.45632514186285,40.780925111926294,34710.62847084163 -119.45688585245362,40.7807753438962,33867.008154289186 -119.45738057260479,40.780642822341854,33140.197030485244 -119.45794049624556,40.780493009840676,32292.436956742862 -119.45837721078114,40.78037589284527,31642.9805283089 -119.45889164340231,40.780238030098474,30861.11286289643 -119.45950531021174,40.780073430952235,29926.27957808074 -119.46007811980479,40.77991961839774,29055.79822660283 -119.46053250990764,40.77979753570604,28363.319776102555 -119.46096314775143,40.779681909584234,27694.90881017929 -119.46145495753109,40.77954973410474,26935.955483682417 -119.46184052433522,40.77944602147252,26343.03563714827 -119.46227637270626,40.77932883583616,25663.407684411774 -119.46269790208804,40.779215455949014,25002.69006454265 -119.46312399616306,40.77910075216101,24334.556643035863 -119.46348218352205,40.77900425951761,23773.380682215142 -119.46369896680501,40.77894586006476,23430.860783785865 -119.46405413007535,40.77885014450694,22868.57709412045 -119.46439658075366,40.778757799833116,22326.363633909437 -119.46472568489034,40.77866901895692,21804.012990504263 -119.46507812929799,40.778573937950064,21241.763795080285 -119.46536760740506,40.778495838348256,20778.10753890993 -119.46564672257193,40.778420529483256,20329.42624360518 -119.46593921037599,40.778341593984116,19858.63926840727 -119.46621917033568,40.77826602636724,19407.04932074408 -119.46649140191573,40.77819253426068,18966.801148811624 -119.4666245285464,40.77815659601525,18750.896189421703 -119.46682579067085,40.77810228172132,18423.78357220909 -119.46706280510976,40.778038327022045,18037.98912590617 -119.46729989863643,40.77797438732514,17650.872825123686 -119.46754432236426,40.77790853368472,17250.445873695444 -119.46778029351134,40.77784504187455,16862.574671171482 -119.46791249807109,40.77780951839832,16644.516087772765 -119.46806033985929,40.77776979973623,16400.352327469933 -119.46826675012939,40.777714411951976,16058.263848689241 -119.46848412903583,40.77765612630407,15696.374009501482 -119.46868333846116,40.77760273076385,15363.075609007097 -119.46878960891132,40.777574248119656,15184.493144720873 -119.46897254851517,40.777525211181576,14875.87361789415 -119.46915810015895,40.77747545472693,14560.974782707453 -119.46935596244776,40.77742236116214,14222.844523633488 -119.4694351691469,40.7774010967609,14086.767207579298 -119.4695656267322,40.77736608102116,13861.60499325407 -119.46971977903186,40.77732470314196,13593.834598453519 -119.46991280752566,40.77727292237267,13255.644963748697 -119.46996920965633,40.77725780650954,13156.168024010623 -119.47005975713206,40.77723355374163,12995.885917664047 -119.47015713308163,40.77720750293369,12822.57454218287 -119.47030655281206,40.77716759774627,12554.78651497324 -119.47043256462082,40.7771340276745,12327.119488561497 -119.47053482713734,40.777106844971144,12141.092118874752 -119.47068701249263,40.77706651707707,11862.051939563287 -119.47084298046286,40.777025357072766,11573.26326976576 -119.47088484752635,40.77701434081043,11495.238277239445 -119.47098114142548,40.776989064735005,11314.909600029903 -119.47111647706618,40.77695369319077,11059.38049599445 -119.47121397424485,40.77692833730617,10873.68513029738 -119.47127026317328,40.776913742499445,10765.827022826092 -119.47138359034777,40.7768844640437,10547.160300550178 -119.47151493254052,40.77685070016649,10291.032090025348 -119.47159984756273,40.77682896258112,10123.786274007753 -119.47173555255408,40.776794360131575,9853.59334633137 -119.47184970148291,40.7767653729224,9623.32164885205 -119.47190769979565,40.776750679795015,9505.201592833693 -119.47201740745273,40.77672294210241,9279.560989159765 -119.47212200524167,40.77669654386705,9061.562406451087 -119.47217159305951,40.776684031635135,8957.172278241987 -119.47226718388168,40.7766598967424,8753.92371119284 -119.47236930619728,40.77663404303073,8533.65960285842 -119.47238648771949,40.77662968255326,8496.266839681255 -119.4724393372122,40.7766162622896,8380.646188456987 -119.47252109420332,40.77659543440317,8199.870050566415 -119.47259852970748,40.77657564187553,8026.4425899078915 -119.47264127667579,40.77656469687746,7929.766858660325 -119.47269927417736,40.776549824133795,7797.497163823184 -119.47274078036983,40.776539171637225,7702.05081385636 -119.47280427059924,40.77652287518915,7554.765741272097 -119.47283691395195,40.776514499828885,7478.408378912625 -119.47289745686138,40.776498980356884,7335.621471496043 -119.47297332014702,40.77647958532862,7154.458463149123 -119.47300802337784,40.7764707415456,7070.714738684508 -119.47306352103487,40.77645663653923,6935.562999578677 -119.47313825517607,40.77643773824169,6751.0397178723515 -119.4731729687477,40.7764290027348,6664.276125259277 -119.47320821850205,40.7764201566991,6575.448981974507 -119.47326054226635,40.77640707931894,6442.180068784556 -119.47332807016413,40.776390290689925,6267.519094117213 -119.4733560765453,40.776383355993175,6194.144481527181 -119.47341081218676,40.77636985218454,6049.05490970154 -119.47348136027746,40.77635254091025,5858.530447402532 -119.47351136446676,40.77634521296459,5776.218783725305 -119.473570843089,40.77633075093544,5610.619466773621 -119.47362056634627,40.776318736145356,5469.547906803966 -119.47365879776865,40.776309548636895,5359.3349159297795 -119.47370624664077,40.77629821257831,5220.298396885587 -119.47374601562731,40.77628877127176,5101.720036405862 -119.47378913338397,40.77627860341451,4970.901345577791 -119.4738391770472,40.776266901842234,4815.9060407502975 -119.47386555197284,40.77626078260592,4732.754088211349 -119.4739091360732,40.77625075619581,4592.951795872095 -119.47395747791737,40.776239779685405,4434.1073330054705 -119.4739878779816,40.77623296891696,4331.997352531813 -119.4740329977058,40.77622301223616,4177.033582742116 -119.4740630243906,40.77621649993861,4071.49448652672 -119.47408901790781,40.77621094159717,3978.4671881783634 -119.47412795519986,40.77620276462781,3836.0291121101504 -119.47415537520303,40.77619712028218,3733.346075306066 -119.47419186531609,40.776189761559,3593.4027558349744 -119.47422743892807,40.77618276313737,3453.051862393474 -119.47425051042367,40.77617832145666,3359.7910005251692 -119.47427862797947,40.77617301714852,3243.577096357711 -119.47430021216623,40.77616903069652,3152.3414952657677 -119.47431495899848,40.776166351483404,3088.9663525854908 -119.47434090966685,40.77616172819005,2975.303451912753 -119.47436590937626,40.77615738874877,2863.1955306839945 -119.47437854731152,40.77615524080985,2805.5472588252273 -119.47440425555938,40.77615097134807,2686.28103082672 -119.47442657980024,40.77614738183259,2580.6231090014257 -119.47443488098354,40.776146075937824,2540.839010389248 -119.47445232228915,40.77614338439054,2456.3780661715464 -119.47447042759983,40.77614066574281,2367.4371956904797 -119.47448450053749,40.77613860538921,2297.3943759227463 -119.47450188204724,40.77613612140303,2209.746275825149 -119.4745272515674,40.77613260935312,2079.4887197322987 -119.47454168727508,40.77613066489765,2004.088047316824 -119.47455848139087,40.77612844257371,1915.1278165838587 -119.47458109075842,40.77612549999544,1793.137389712948 -119.47459428151241,40.776123797364555,1720.7064877925966 -119.47461586170158,40.77612101071623,1600.0623403872457 -119.47463145811368,40.77611897736944,1511.1017439140844 -119.4746403253152,40.77611780958323,1459.8148012510899 -119.4746557603039,40.77611574761683,1369.252500092021 -119.47467061412539,40.77611372333401,1280.4780877339535 -119.47467418457619,40.77611323023831,1258.8916578813817 -119.47468118529525,40.77611226360111,1216.455465391972 -119.47468536328613,40.77611168402901,1191.0000000001892</coordinates>
                </LineString>
            </Placemark>
            <Placemark id="41">
                <name>Run 4</name>
                <description>States exported: 300 of 6,852
Launch inclination: 89.465 deg</description>
                <styleUrl>#42</styleUrl>
                <LineString id="40">
                    <tessellate>1</tessellate>
                    <altitudeMode>absolute</altitudeMode>
                    <coordinates>-119.10695,40.870683,1191.0 -119.10694999999969,40.870683000002245,1191.0000269307031 -119.10694998728755,40.8706830894408,1192.073052891621 -119.10694949418091,40.870687048254595,1239.0920651120343 -119.10695082610147,40.87069088478556,1279.837027445152 -119.10695453999631,40.87069615610272,1331.934928650363 -119.10696072081537,40.870703185932356,1399.1063472029746 -119.10696595835898,40.87070853429373,1449.3732708776395 -119.10697255925314,40.870714847178256,1508.133964176969 -119.1069759534313,40.87071797409256,1537.0887205758777 -119.10698710478059,40.87072783629108,1628.105059071294 -119.1070025736333,40.870740756327635,1747.4720789973069 -119.10701170397137,40.870748102785356,1815.6247178589213 -119.10702901783246,40.87076159238942,1941.547445210013 -119.10704461941764,40.87077332605077,2052.1320775483878 -119.1070600663498,40.87078460233686,2159.488888972794 -119.10708176489702,40.87079996107772,2307.387560811664 -119.10710170703989,40.8708136941217,2441.048964025542 -119.10712316137558,40.87082807510735,2582.556289192162 -119.10712930538817,40.87083214590661,2622.792277339937 -119.10714757628965,40.87084429033329,2742.5390775142682 -119.10716743609453,40.87085756202601,2872.8852506023727 -119.10718583074258,40.8708699319415,2993.8539263184903 -119.10721054530737,40.87088668903844,3156.881096813349 -119.1072201788119,40.870893266902115,3220.5993120418943 -119.10723975488642,40.87090672033626,3350.418074928738 -119.1072582211959,40.87091952575699,3473.3366465545123 -119.10728159480716,40.87093590642862,3629.613151031724 -119.1073032511369,40.870951270077285,3775.171118867658 -119.10732372112696,40.87096596906624,3913.4898325139625 -119.10734901265779,40.870984386586436,4085.462849993587 -119.107361869985,40.87099386353117,4173.378343342585 -119.10738883678997,40.87101400782269,4358.937631302448 -119.10740721990071,40.87102795791144,4486.405393603809 -119.10742163531894,40.871039027266015,4586.954861508852 -119.10744567931762,40.87105775822883,4755.908762309813 -119.10745715671699,40.87106682473439,4837.149036330506 -119.10748264195902,40.87108726495242,5019.016522570147 -119.10750139385708,40.87110259540582,5154.242852124443 -119.10752608011725,40.87112318908322,5334.275883468519 -119.10754812906508,40.87114201452918,5497.208190238129 -119.1075635639997,40.87115545660884,5612.585235781334 -119.10759079866929,40.871179757554515,5819.107693200086 -119.10760208702155,40.87119006573959,5905.908074216464 -119.10762570704588,40.871212126915296,6090.0273852658975 -119.10764759669796,40.871233222410844,6263.972412271512 -119.10766388964403,40.871249372950786,6395.709047189741 -119.10767690178866,40.87126257102761,6502.425580109304 -119.10769671559967,40.87128322427548,6667.705585955368 -119.1077041742485,40.871291182777895,6730.8423166094 -119.10771969947832,40.871308091766565,6863.976260097798 -119.10774010916566,40.8713310741221,7042.763231305771 -119.10774962629004,40.87134210517648,7127.706170580118 -119.10776223034556,40.87135703883044,7241.882804245554 -119.10778081268205,40.87137978086952,7413.9639571258995 -119.10779576372208,40.871398757042954,7556.015087258726 -119.10780239089168,40.871407383684414,7620.153623976984 -119.10781734074935,40.871427378593694,7767.7881627256775 -119.1078351799868,40.871452332223875,7950.137023242955 -119.10784471448508,40.871466232541415,8050.846212217698 -119.10785529224039,40.87148218537323,8165.641916418334 -119.10787102460175,40.87150711588207,8343.443258284184 -119.10788674499726,40.87153376658368,8531.338170657036 -119.10789128750399,40.871541851953275,8587.877025931439 -119.1079017024923,40.87156115793934,8721.945359338019 -119.10791503891056,40.87158770586141,8904.067410621325 -119.10792603271068,40.8716114914559,9064.893026549444 -119.10793157039254,40.8716242603397,9150.299651236188 -119.10794145253465,40.87164863977438,9311.466139904589 -119.10795249895938,40.87167891806516,9508.15215081348 -119.10795929674434,40.8716996209169,9640.422322336673 -119.10796442090026,40.87171655912565,9747.316730503133 -119.10797012628393,40.87173712216402,9875.479088384394 -119.10797426647893,40.87175316596153,9974.412300268437 -119.10799188391324,40.87178182100984,10172.220541796807 -119.1080151575763,40.871798936773665,10317.623514088817 -119.10807536339946,40.871821447355785,10574.288970389418 -119.1081708942991,40.87183680272575,10873.272844447096 -119.10820611002046,40.87183958183696,10968.789721176607 -119.10825681613078,40.87184193342451,11097.998208006009 -119.10832255371515,40.871842879661656,11254.725808079244 -119.10844220067335,40.871840526155694,11518.663386768023 -119.1085023272909,40.8718380438818,11644.343110844793 -119.10866659206582,40.87182883608247,11974.260567340416 -119.10885878899497,40.87181542525716,12344.994449417556 -119.10899893704453,40.87180461850472,12609.088750938308 -119.10928051107226,40.87178154611268,13130.329072145503 -119.10934738396294,40.87177591465813,13252.933044804477 -119.10952610809603,40.87176069576429,13579.228390700482 -119.10978537086802,40.87173875721818,14053.158177938521 -119.1098802471019,40.87173077917206,14226.888935330826 -119.11007612860294,40.87171442111174,14585.816218969581 -119.11036877386942,40.87169017602314,15122.756943680119 -119.11051330437466,40.87167828665239,15388.118451417868 -119.11078789414428,40.87165588916662,15892.203129980431 -119.111050221631,40.8716347055805,16373.492997435742 -119.11122291621525,40.87162087863372,16690.01638598093 -119.11138794838611,40.87160771339444,16992.31586035078 -119.11159160917725,40.871591564098125,17364.919752758928 -119.11193826329324,40.87156423621779,17998.003472792498 -119.11233534649098,40.87153311664427,18721.122084169536 -119.1125015289639,40.8715201359441,19023.023962604093 -119.11285065523165,40.87149295510492,19655.91231060889 -119.11328093294186,40.87145957456856,20433.166411897655 -119.1135897803014,40.871435686796254,20989.146971492035 -119.11382208608121,40.87141776066812,21406.30266771255 -119.11430243410462,40.87138078844114,22265.91764376434 -119.11454852502156,40.871361895156795,22704.780219669534 -119.11511130260756,40.87131876066134,23704.479808679644 -119.11548532468706,40.87129015026626,24365.841409700883 -119.11593583639339,40.87125577235392,25159.165293807353 -119.11663389781583,40.87120265109541,26381.287563327194 -119.11700498963808,40.87117451279607,27027.40975590608 -119.11759520793474,40.87112987558816,28050.11480854111 -119.11813093738796,40.87108950510935,28973.125070310645 -119.11876639515849,40.87104176510737,30061.48414420767 -119.11963086276066,40.87097706736289,31530.9785006618 -119.1201527866381,40.87093812571287,32412.056327904007 -119.12131953522864,40.87085139471754,34365.16752033727 -119.12277670467829,40.87074362083806,36772.72587109649 -119.12452134971657,40.87061537672072,39609.65646311719 -119.12656674823373,40.87046607025129,42873.40259011174 -119.1294064435798,40.870260548121045,47295.49048177597 -119.13319351387807,40.869989550816186,53000.628368987665 -119.1396795286033,40.869533139022465,62279.88753128936 -119.14994352922729,40.86882929510045,75762.81424413201 -119.16082927104317,40.868105232757195,88558.55801756856 -119.16769713482063,40.86765929162263,95881.9417117783 -119.17887205619668,40.866950127131354,106624.5019461216 -119.19020031026946,40.86625030316384,116101.51497984803 -119.20166282168555,40.86555993771487,124312.96971473536 -119.21324051079922,40.86487913412081,131258.85350547568 -119.22491429699434,40.86420798001901,136939.1552024909 -119.23666509910079,40.86354654723395,141353.8655944357 -119.24847383347786,40.86289489176453,144502.97748388062 -119.26032141923035,40.8622530537669,146386.48570672452 -119.27204899226247,40.8616284419968,147004.47487228134 -119.28354105133371,40.8610257566868,146411.15880739136 -119.29539188789313,40.86041302611949,144552.87174932208 -119.30669343486092,40.859836126370595,141591.1187738143 -119.31845470973686,40.8592425754948,137256.65434100007 -119.33014199404163,40.858658756388614,131656.59743057576 -119.34173618787551,40.85808460116698,124790.95725353078 -119.35321813053292,40.85752003135946,116659.74621319084 -119.3645683194543,40.85696498232579,107262.98631465236 -119.37576516344872,40.85641955626835,96600.77589119389 -119.38678089085825,40.855884363385115,84674.19795242418 -119.39415116112477,40.855526305644965,75859.07084094982 -119.39847638494051,40.85531693641711,70329.71172340808 -119.40175573894358,40.85515801894275,65970.00018017544 -119.40483207241444,40.85500775148628,61781.98432051703 -119.40779012085402,40.85486455481419,57578.78656418457 -119.40969612248729,40.85477114025753,54842.23099408539 -119.41222680516384,40.85464812242376,51085.133788219064 -119.41298570463617,40.854610906879536,49951.26444421612 -119.41390133324444,40.85456674077176,48542.768193351294 -119.41491776167425,40.85451687212941,46995.8719075765 -119.41588516439877,40.854469755022855,45494.75721488386 -119.41748623119194,40.854391402259154,42991.57519696575 -119.41896325082435,40.85431926038347,40639.45221438065 -119.42012617255867,40.854262580240565,38757.105624456126 -119.42117384518507,40.85421156781675,37039.80696427509 -119.42199526750235,40.85417150008019,35683.515456091045 -119.42240323309433,40.85415134046135,35016.67293856028 -119.42279690082462,40.854132136544266,34360.12011925863 -119.42350237497205,40.854097543962084,33184.59766422228 -119.42411671027406,40.854067703892774,32142.0826696217 -119.42468995372874,40.85403981056059,31165.88964238293 -119.4252095564749,40.85401427377631,30288.18173610717 -119.4257474874099,40.85398798233504,29369.394284720787 -119.42608383251627,40.85397181331745,28781.345940982574 -119.42637621212285,40.85395738710121,28285.546424923286 -119.42682349411028,40.853935737423086,27507.091472762513 -119.42724103991242,40.85391557173226,26776.787811911756 -119.42765858734596,40.85389530590141,26048.75128252052 -119.42805935267289,40.85387583838722,25348.88634994384 -119.42843626459589,40.853857568488365,24686.70675008045 -119.42875157127362,40.85384236267137,24127.034014906978 -119.42901224772129,40.85382978269637,23663.859895003254 -119.42935801469257,40.85381302145219,23050.686048501848 -119.42964958413306,40.85379889653246,22531.949117691576 -119.42983473324848,40.85379002300547,22198.021201498254 -119.43013628114213,40.853775462900195,21658.000805237585 -119.43041620696789,40.853761959912774,21155.683095336215 -119.4306772503073,40.85374940623976,20685.33664850351 -119.43082356242316,40.853742427783786,20419.262178366203 -119.43099751541564,40.853734063520314,20105.624452498487 -119.43120011883751,40.853724395046086,19737.271512714135 -119.43143780950263,40.853713068536756,19304.432788768732 -119.43167680270848,40.85370170001054,18868.411283591482 -119.43178360603866,40.85369662367716,18673.734829797308 -119.4319630408188,40.853688164826075,18344.528251326752 -119.43218818389005,40.85367760447924,17931.00934981269 -119.43241386665157,40.853667126474924,17515.18348637524 -119.43263360695994,40.853657067222436,17108.89687087568 -119.43277192398433,40.8536508210201,16852.59803578125 -119.43286499966625,40.85364667390949,16679.40177523911 -119.43295513744664,40.85364267729947,16511.744236175455 -119.4331207217918,40.85363544073291,16202.4894298568 -119.43331304481585,40.85362719457045,15841.868302871362 -119.43350316510526,40.85361922122778,15483.497196189963 -119.43361491328501,40.85361461803144,15271.849926159457 -119.43374560056986,40.85360932874438,15023.344825513115 -119.43392179225107,40.85360235404048,14686.25965404638 -119.43410448876818,40.85359533240868,14334.022449229185 -119.43419417240523,40.853591972168644,14159.984653919533 -119.43428032721758,40.8535888165576,13992.065885084854 -119.43442990006923,40.85358351151059,13698.645820696533 -119.434593593809,40.85357801862191,13374.496205697864 -119.43468615471136,40.85357508532578,13189.67292478216 -119.43474372687626,40.853573331338865,13074.136110702022 -119.43485152636309,40.85357019603857,12856.58275556056 -119.43499564146309,40.85356635236363,12563.095438061402 -119.43510836777781,40.85356364992483,12331.33897981839 -119.4351873980503,40.85356192171092,12167.675250748034 -119.43531914071687,40.85355937976028,11892.569599843897 -119.43546400595248,40.853557100929265,11586.666981862683 -119.43550018479208,40.853556621337894,11509.695307784687 -119.43558393111296,40.853555666370774,11330.5581529044 -119.43570546284626,40.853554676404606,11068.17951428755 -119.43579494281379,40.85355427880068,10873.037185911824 -119.43584749228745,40.85355417719943,10757.610159973869 -119.4359392901795,40.85355425059193,10554.432447871335 -119.43604839268099,40.853554762223695,10310.227960578812 -119.43610571104097,40.853555222271055,10180.666401392346 -119.43621896964774,40.853556527784775,9921.894456315327 -119.43634600088235,40.85355864641544,9626.913198758391 -119.43639740366038,40.853559704490266,9506.008417626985 -119.43648830782267,40.853561867441506,9289.84273826079 -119.43658168781243,40.85356448066181,9064.44253547551 -119.43660486423354,40.85356518963005,9007.940759073985 -119.4366892562518,40.85356796138585,8800.203414066238 -119.4367868933363,40.85357152767944,8555.674260985003 -119.43680878850641,40.85357237698634,8500.179638540521 -119.43685750169413,40.85357434333527,8375.839368266516 -119.43691449402364,40.85357676187628,8228.736625350026 -119.43696442220941,40.85357899238337,8098.37689564501 -119.43699317941379,40.85358032611097,8022.640870706766 -119.43703481247641,40.85358233247261,7912.152515942868 -119.43710016857185,40.85358566005186,7736.609636515973 -119.43716556363084,40.8535892381016,7558.350217393599 -119.43718457896671,40.85359033100867,7506.010531962387 -119.4372375264214,40.853593513861256,7358.997534414507 -119.437299594697,40.85359753630501,7184.193132134836 -119.4373347941414,40.85359997560171,7083.81017372953 -119.43737868707713,40.85360319052164,6957.265427517719 -119.43743890168581,40.853607950449884,6781.035770337749 -119.43747947517589,40.853611406478024,6660.433393066913 -119.43751141980177,40.85361427385565,6564.358575546849 -119.43756306270576,40.85361920610983,6406.797802133324 -119.43761302319525,40.85362434081168,6251.535129187623 -119.4376482659006,40.85362819040149,6140.208115581897 -119.43770731708268,40.85363509080007,5950.037417855142 -119.43774062239856,40.8536392474247,5840.617219414865 -119.4377720753897,40.85364336231087,5735.747463373866 -119.43781995708031,40.85365000387164,5573.031308275037 -119.43785495956129,40.853655171397136,5451.567402315518 -119.43788660756204,40.85366008783571,5339.77507365207 -119.43793203151338,40.85366758244427,5175.795083932986 -119.43795804162934,40.853672123659486,5079.885872859716 -119.43799691290435,40.85367928063137,4933.5865815449115 -119.43804016617241,40.8536878150032,4766.244935984309 -119.4380609441803,40.85369215110193,4683.996183708401 -119.43808840626647,40.8536981411766,4573.273136037354 -119.43812238516372,40.8537060037216,4432.8210406896405 -119.43814791349376,40.85371227532232,4324.551749449754 -119.43818365167768,40.85372163789685,4168.653445636478 -119.43820365794016,40.85372720371197,4079.000468666773 -119.4382212401511,40.853732301939694,3998.6904846941916 -119.43825215489197,40.85374177335424,3853.770757786564 -119.43827390347118,40.85374885357133,3748.747813014051 -119.43830373098072,40.85375917477812,3600.158625387672 -119.43833244750279,40.85376984135525,3451.5886598369775 -119.43834488967666,40.85377470412649,3385.3741479406935 -119.43836901574096,40.85378458314805,3253.5055787216374 -119.43838743790499,40.85379255601426,3149.478578297812 -119.43839926777011,40.85379788160122,3081.0725597144165 -119.43841225522108,40.85380392267919,3004.450693517597 -119.43843268267238,40.853813846182604,2880.6237405589904 -119.43844261545682,40.853818860791506,2818.9312836782906 -119.43846156498348,40.85382877477595,2698.5466645991805 -119.43847969336271,40.853838680986435,2580.1682527818984 -119.43848611795597,40.85384229127064,2537.45857217682 -119.43849640007171,40.8538481768653,2468.2900646932417 -119.43850985511901,40.8538560821955,2376.2099449054485 -119.43852147961209,40.85386309917971,2295.194115212284 -119.43853366370243,40.853870641487426,2208.7583451523165 -119.43854968172795,40.85388084878475,2092.661158890253 -119.4385582482128,40.853886442455064,2029.3774925484706 -119.43856907188747,40.853893643183774,1948.152617049883 -119.4385825077612,40.85390278489456,1845.2487675901964 -119.43859312619287,40.85391016483152,1762.1810763807941 -119.43860518175887,40.85391870482826,1665.861385843865 -119.43862038787682,40.853929709138484,1541.0625279807869 -119.43862546040508,40.853933434680535,1498.54976419171 -119.43863391834081,40.853939710087566,1426.6013698243607 -119.43864701922178,40.853949580648646,1312.3926878585069 -119.43865289488963,40.853954066654694,1260.0132635247853 -119.43865752902934,40.85395761454428,1218.4083334623426 -119.43866056396959,40.8539599437411,1191.000000000125</coordinates>
                </LineString>
            </Placemark>
            <Placemark id="51">
                <name>Run 5</name>
                <description>States exported: 300 of 6,817
Launch inclination: 88.523 deg</description>
                <styleUrl>#52</styleUrl>
                <LineString id="50">
                    <tessellate>1</tessellate>
                    <altitudeMode>absolute</altitudeMode>
                    <coordinates>-119.10695,40.870683,1191.0 -119.10695000000815,40.87068300000091,1191.0000269015636 -119.10695033397305,40.870683037234905,1192.1023849538863 -119.10696278248683,40.87068442583315,1232.969514407854 -119.10697768930983,40.87068622294786,1275.8278464152002 -119.10699618008773,40.87068853211143,1322.6232982822905 -119.1070295512795,40.87069270896684,1402.0544956121998 -119.10704972178696,40.870695222197604,1448.3507728622915 -119.10707846428632,40.870698782399224,1512.930509487468 -119.10709919205246,40.87070133521341,1558.7799238289356 -119.1071415000002,40.87070648001261,1651.0237382495375 -119.10719866769476,40.87071326428936,1773.5980038592975 -119.10722849591843,40.87071672981218,1836.895201314975 -119.10729705174735,40.87072449507131,1981.067725994533 -119.10734090983073,40.870729313844734,2072.5057413206073 -119.10739203500447,40.870734784033715,2178.4374596079074 -119.10745684490247,40.87074151783106,2311.8626184584737 -119.10753163192699,40.87074905499946,2464.855733023818 -119.10759455451833,40.87075520355941,2592.8028564909423 -119.10765652074991,40.870761218470896,2718.5180053215163 -119.10772967460774,40.87076836989579,2866.8531284746546 -119.10777765685935,40.870773094191044,2964.1187944223648 -119.10786971933797,40.87078224125916,3150.7153978800343 -119.10789631243632,40.87078490541511,3204.615655218475 -119.10796480998135,40.87079181506826,3343.4534107658997 -119.10802766706936,40.87079822028229,3470.879942240065 -119.1080917907267,40.87080482283697,3600.903016146102 -119.10817436415759,40.87081343340058,3768.3946935377467 -119.10823096163898,40.87081940947676,3883.2440689084615 -119.10832940122381,40.87082995696627,4083.110523852336 -119.10836537588318,40.87083386112117,4156.191745631566 -119.10844742895858,40.870842869006125,4322.972164797222 -119.10850987419636,40.870849822157375,4449.993718250661 -119.10861036904912,40.87086119277235,4654.609926472798 -119.10866883450268,40.87086791241472,4773.774702143718 -119.10873288559472,40.870875366272216,4904.444060335545 -119.10883533284178,40.87088749491948,5113.73325805267 -119.10889720508949,40.870894949433236,5240.323891677817 -119.10899324901045,40.87090672552432,5437.152531154079 -119.10905047485927,40.87091386628864,5554.634899116664 -119.10911974618018,40.870922639853745,5697.073040828646 -119.1091966620396,40.870932555210494,5855.547240185893 -119.10923327992225,40.87093734314991,5931.11768421135 -119.10931552033173,40.87094826177052,6101.15474138325 -119.10939083991369,40.87095847280089,6257.2859763282795 -119.1094331126565,40.870964297584386,6345.089866603838 -119.10949212378627,40.870972546816446,6467.883016344602 -119.10956801922524,40.870983369373505,6626.203240794846 -119.10960350722192,40.870988515582944,6700.389829862963 -119.10966250209695,40.87099719006463,6823.936560272073 -119.10973491497371,40.871008050891575,6975.972869846184 -119.10979574147835,40.87101735717722,7104.017722861888 -119.10981386343455,40.87102016202885,7142.22676985828 -119.1098898977343,40.87103208670846,7302.8582655434575 -119.10997271974944,40.8710453639452,7478.4281277142045 -119.1100159472008,40.87105241108232,7570.3222379857225 -119.11007390503129,40.87106198716659,7693.8584657253405 -119.11015614293696,40.87107582216992,7869.81861870752 -119.11023264615993,40.87108895901218,8034.324639022476 -119.11025665347017,40.871093136623905,8086.12627845895 -119.11032216744326,40.871104673585215,8227.943663606198 -119.1104049639925,40.87111955346928,8408.216799997786 -119.11046273453526,40.871130144337364,8534.75446067443 -119.11049825660885,40.87113675224517,8612.873060516908 -119.11056100404488,40.87114861051813,8751.482747686134 -119.11064184030644,40.87116427317164,8931.224272334774 -119.11070211849125,40.871176263661674,9066.12655211763 -119.11074019196427,40.871183981345936,9151.723494482412 -119.11081506015391,40.87119951238732,9320.921670893209 -119.11089361142501,40.87121633990755,9499.715057944542 -119.11095656604638,40.87123024356681,9643.959491663725 -119.11101695452338,40.87124394529534,9783.11774322223 -119.11108653216851,40.87126019750704,9944.42027829059 -119.1111418309817,40.87127149115584,10065.927845114442 -119.11122727691719,40.87128305180097,10231.15495685583 -119.11130135596045,40.87128906087778,10359.439990445893 -119.11147183651666,40.87129386462255,10622.414970234087 -119.11165797251759,40.871290028492595,10878.737411020273 -119.1117509338589,40.87128572519671,10999.111979935973 -119.1119365869534,40.871273837034806,11228.931687426499 -119.11207374638896,40.87126294693909,11391.802143750816 -119.11223204148133,40.871248767365934,11574.362566344444 -119.11234622760695,40.871237807427065,11703.496310585599 -119.11271047070541,40.87120029596098,12106.199960285034 -119.11297888781415,40.87117111098588,12397.03322298617 -119.11333522622331,40.87113122374659,12778.39360542122 -119.1137370139518,40.87108541484426,13204.322574504638 -119.11394548571377,40.87106145068293,13424.190952321702 -119.11431132639089,40.87101940557455,13809.750149596477 -119.11465463906141,40.870980051989655,14171.80190427355 -119.11485127231597,40.87095757075506,14379.247216394393 -119.11527315858199,40.87090946433329,14824.412423371781 -119.1157333526786,40.870857164047415,15309.996163660371 -119.11606986887959,40.870819053087075,15664.922517732452 -119.11669669494661,40.870748346427035,16325.4582597908 -119.11704906544702,40.870708779528485,16696.27053250311 -119.11736437703924,40.870673437255284,17027.788543623396 -119.1177649833294,40.87062866062602,17448.430287052703 -119.1182543607532,40.870574089062565,17961.444667148317 -119.11881032928217,40.87051222601748,18543.04229938089 -119.11905762100133,40.87048473779626,18801.301401466106 -119.11934078031068,40.87045330093446,19096.657098554388 -119.11999179267809,40.87038112136906,19774.335627162047 -119.12069848303959,40.87030290205352,20507.684330716922 -119.12125159099882,40.87024177408192,21079.95143519217 -119.12187060066138,40.87017345451383,21718.63621954714 -119.12256360970679,40.87009707950304,22431.42212679299 -119.12312393337427,40.870035392265535,23005.981905517143 -119.1239486140617,40.869944705784505,23848.74333008523 -119.12452028251566,40.86988190273175,24430.930010847376 -119.12540724090265,40.869784592369925,25330.878781897998 -119.12654311033425,40.86966019586077,26477.43938955583 -119.12711776509262,40.86959736841825,27054.94643949643 -119.1280948381225,40.86949069423832,28032.98256511202 -119.12895353351786,40.86939711500056,28888.467172927067 -119.12993308493334,40.86929053000701,29859.720717764372 -119.13151977645774,40.8691182644268,31422.601885849188 -119.1322650595772,40.86903748688443,32152.284788130484 -119.13407854497324,40.868841320908274,33916.10816777849 -119.13638089955296,40.86859298785252,36131.59901959372 -119.13896757905091,40.86831489796262,38589.125054058735 -119.14229933181187,40.86795810287993,41705.741103678585 -119.1465224268157,40.86750805020926,45578.037738441584 -119.1516817378905,40.866961423225504,50191.82250610477 -119.15832562229225,40.86626253102272,55946.842347886566 -119.16680430267552,40.865378554888906,62992.631302359216 -119.18403123113508,40.86360839573339,76308.76981119519 -119.20219713016998,40.86177681392238,88955.58882525057 -119.21974510374963,40.86003909197819,99867.49824779076 -119.22146238291687,40.85987060824858,100868.25547195587 -119.23784720411182,40.8582764534165,109828.47400911846 -119.25649757901142,40.85648979453727,118758.85517329359 -119.27527554088243,40.85471866790853,126422.89704088098 -119.29333884405071,40.85303917117965,132568.75953626438 -119.31231119142247,40.85129870230305,137755.1472809258 -119.3313546547714,40.849574009356445,141675.16483857177 -119.35045013069046,40.8478651434304,144328.8056401632 -119.36957851603853,40.8461721397608,145716.06515339683 -119.38705610375011,40.84464022376866,145876.70230115962 -119.40619421681978,40.84297760585336,144841.3141323153 -119.42530959376433,40.84133086251501,142539.54309939255 -119.44438312870012,40.83969996703621,138971.39266841207 -119.4633957171608,40.83808487702841,134136.86838840495 -119.48150701879837,40.83655474499389,128327.56674312161 -119.50034506687878,40.834970400273974,121015.3795084755 -119.51906550438936,40.833401664539544,112436.85259602482 -119.53764840936734,40.83184853193367,102592.03145227065 -119.55607026987671,40.830311415299576,91481.23009413446 -119.57305453062712,40.82889499338634,80003.95737833942 -119.58125253569538,40.828211331049644,74023.72430754986 -119.5900213653912,40.827480807140546,67281.78262181321 -119.59519010925608,40.82704872745634,63170.74102806136 -119.59989818200772,40.82665603525053,59299.66506426624 -119.60485099084771,40.826241723977596,55136.93292296836 -119.60813450231517,40.825967824371524,52294.88384416263 -119.61190652357205,40.82565214686933,48985.71956066293 -119.61378369631286,40.82549502772068,47312.58145573002 -119.616512398372,40.82526685968466,44843.59099217541 -119.6194698123966,40.82501919661877,42132.71327892881 -119.6211362486044,40.82487922675059,40594.891173335396 -119.62229941539883,40.824782181055156,39497.79594682741 -119.62375462902529,40.824659954553745,38134.323913899585 -119.62509573287872,40.82454760933477,36860.93030304281 -119.62669952962756,40.8244133342051,35323.944832875844 -119.62811576653611,40.82429469583501,33957.05331726263 -119.62887001436881,40.82423117170676,33233.03440225692 -119.63007049451399,40.82413061205932,32061.30266888002 -119.63067164244039,40.824080307573276,31470.51280336515 -119.63183139206848,40.82398304232114,30331.157887581314 -119.63257448309619,40.82392075262103,29597.020260333607 -119.63344036255837,40.82384834478143,28734.307690934802 -119.63432060286195,40.82377465746741,27856.013900725455 -119.63507875035151,40.823711138869655,27098.66178688656 -119.63543998932842,40.823680963838335,26734.84254585395 -119.63611172695013,40.82362479667177,26057.877929096307 -119.63655681978888,40.82358747813117,25611.063055076236 -119.63716471362072,40.82353673600281,24993.35380919545 -119.63779061870957,40.82348443375316,24356.476293441774 -119.63830778585292,40.82344114140836,23830.74870273681 -119.63892742050172,40.823389323638956,23197.584809776366 -119.63952976082943,40.82333898082833,22579.56833043462 -119.63996300554479,40.82330282859948,22132.68577522532 -119.64044748741166,40.82326237832152,21632.586095240968 -119.64097166976555,40.82321861681869,21090.548466536286 -119.64120019052453,40.823199533857974,20854.104620899612 -119.64158473459148,40.823167489269046,20454.248545445604 -119.64202217822043,40.823131026329214,19999.13231324732 -119.64242426845152,40.82309753016122,19579.896370511273 -119.64284601720557,40.823062438010474,19138.746364980194 -119.64311145998565,40.82304038505063,18860.076609286305 -119.64333355757213,40.82302192481148,18627.261380740125 -119.6437041666699,40.822991186225046,18237.366335697672 -119.64408939094739,40.82295931256925,17831.057953121555 -119.64445909506473,40.82292882338418,17440.10245666667 -119.64483726198945,40.82289776960325,17039.14261488831 -119.64516881224867,40.822870688210706,16686.62194345912 -119.6452670486179,40.822862687092865,16582.0602854341 -119.6455286550482,40.822841441605355,16302.869629594268 -119.64575392662574,40.82282322191396,16062.008678708542 -119.64609376668582,40.82279587581789,15697.455490179715 -119.64642855768203,40.82276909454547,15336.85848363807 -119.64657531506157,40.82275740827832,15178.275547270749 -119.64682377235472,40.82273769667365,14909.067877563592 -119.64713966790097,40.82271277875108,14565.304818054257 -119.64746234423724,40.822687504314686,14212.254730458666 -119.64756746419883,40.82267931415212,14096.797747965786 -119.64779017553593,40.82266206530882,13851.376003927375 -119.64807855742104,40.82263993835246,13531.890051276458 -119.64838111890819,40.822617051936554,13194.433798534877 -119.64844016312304,40.82261263239565,13128.291580493707 -119.64861170752138,40.82259986774062,12935.629521098206 -119.64884475833381,40.822582766823736,12672.536837627316 -119.64910169523749,40.82256425784564,12380.642913356382 -119.64921583547142,40.8225561598746,12250.34231838762 -119.64943882808424,40.82254056976433,11994.619861682002 -119.64969736545031,40.822522906741895,11696.167401701225 -119.64982842090545,40.82251413395929,11544.046637106623 -119.64996093390472,40.822505398401766,11389.629828829167 -119.6501756279354,40.82249154600677,11138.142153478082 -119.65039580284838,40.822477763880855,10878.457304633623 -119.65046261883248,40.82247366951191,10799.277160766791 -119.65060144868949,40.82246529235988,10634.173448867903 -119.65079830863262,40.822453730556084,10398.651173593735 -119.65096203061388,40.82244439780057,10201.447233026895 -119.65115268805826,40.822433858539654,9970.186838015468 -119.65140828622407,40.82242029092789,9657.234189094439 -119.65149571462504,40.82241579802141,9549.370835055212 -119.65166293927521,40.822407411254645,9341.835832457502 -119.65188152218998,40.82239685296718,9067.994848304643 -119.65193573450819,40.822394301209215,8999.603725275758 -119.65206472646454,40.82238832478722,8836.080291775832 -119.6522431126541,40.82238026023407,8608.010047597658 -119.65230448105193,40.82237753240252,8529.00631241348 -119.65237672612425,40.822374356601884,8435.642596343072 -119.65249603823284,40.82236918238476,8280.568303292954 -119.6526408544374,40.822363027700945,8090.832502771218 -119.65270021975613,40.82236054447106,8012.5603825459275 -119.65279748058892,40.82235654211065,7883.707943902808 -119.65292305047085,40.82235149369851,7716.190150881278 -119.65304285362436,40.82234682413555,7555.137099154574 -119.65309444524816,40.82234486451236,7485.401134675657 -119.6532093447717,40.82234062311616,7329.2444497742745 -119.65333549299605,40.82233619116296,7156.4098303956525 -119.65339050109773,40.822334342052805,7080.57143487594 -119.65346492996568,40.82233192286078,6977.471388181776 -119.65357959914124,40.822328406097036,6817.50722161836 -119.65368441135575,40.822325428948616,6670.029518891419 -119.65372623983791,40.82232430586455,6610.821119619239 -119.65381966559339,40.82232193663521,6477.820715120159 -119.65393643654963,40.822319252206086,6310.045724586312 -119.65400566097424,40.82231780968076,6209.735063991016 -119.65412091399037,40.822315660725124,6041.251188726475 -119.65424310608674,40.82231373784721,5860.493051899836 -119.65428685469018,40.82231314249614,5795.217415127949 -119.65436024969286,40.82231225833453,5685.016546418736 -119.65445421129061,40.82231134614621,5542.625910606816 -119.65451023908554,40.8223109251052,5456.992605335555 -119.65459347295459,40.822310476088944,5328.7302620306755 -119.65466590262487,40.82231026400321,5216.057544413148 -119.65473951582564,40.82231022561758,5100.488507289134 -119.6548164927042,40.82231038624164,4978.450265771335 -119.65491935357636,40.82231094007736,4813.379687398572 -119.65496879541983,40.822311352344805,4733.183504506991 -119.65504349838008,40.822312170125244,4610.904245398992 -119.6551283359995,40.82231340340992,4470.333398116431 -119.65519154720108,40.82231455045166,4364.351113132507 -119.65528533487716,40.82231663813644,4205.041695793627 -119.65535734682504,40.82231857484436,4080.970977980285 -119.65540190954889,40.82231992500821,4003.3974391485317 -119.65548511871191,40.822322771352,3856.8482169651215 -119.65553889411993,40.82232484278553,3760.909295091707 -119.65560240374536,40.822327530157835,3646.3017315652223 -119.65569599487743,40.822331978880804,3474.7047733423624 -119.65572957363575,40.82233372002316,3412.316038080218 -119.65578652784215,40.82233685300435,3305.4581130624197 -119.65585611676879,40.82234099465862,3173.0515656252537 -119.65588073247646,40.82234254388386,3125.7147479374407 -119.6559272924821,40.8223455939216,3035.4582304824867 -119.65598999058344,40.82234994949268,2912.4068496109767 -119.6560264296619,40.822352610563904,2840.093513965861 -119.65607527832353,40.82235632707609,2742.249359506201 -119.65613283212818,40.822360921920925,2625.667859644553 -119.65616161863201,40.8223633066447,2566.8468202497293 -119.65619335948932,40.82236600263186,2501.5794954383937 -119.65624276127043,40.82237033504009,2399.1630458956834 -119.65628760940943,40.82237440962566,2305.27923547202 -119.65631426118557,40.822376892632,2249.0689389019844 -119.65636678751977,40.822381915643405,2137.347655868767 -119.65641481519604,40.82238664892143,2034.071392257131 -119.65644193150854,40.82238937551626,1975.2673118802159 -119.65648560226902,40.82239384030802,1879.785089796394 -119.65653621988596,40.82239911182318,1767.8488126202444 -119.65657347536411,40.822403044445615,1684.546383008702 -119.65663012425352,40.8224090823037,1556.2995041731551 -119.6566567154638,40.822411930191876,1495.4065065048303 -119.65669336270521,40.822415864704,1410.7157968814377 -119.65674350780908,40.82242125304898,1293.321201457431 -119.65675891652717,40.82242290824351,1256.882262462039 -119.65677664323574,40.822424812690215,1214.8148775373434 -119.65678664081871,40.82242588644491,1191.0000000006512</coordinates>
                </LineString>
            </Placemark>
            <Placemark id="61">
                <name>Run 6</name>
                <description>States exported: 300 of 6,741
Launch inclination: 89.787 deg</description>
                <styleUrl>#62</styleUrl>
                <LineString id="60">
                    <tessellate>1</tessellate>
                    <altitudeMode>absolute</altitudeMode>
                    <coordinates>-119.10695,40.870683,1191.0 -119.1069499999988,40.87068300000002,1191.0000269345624 -119.10694995371276,40.87068300091938,1192.0502059611615 -119.10694809688852,40.8706830414097,1234.3043479483288 -119.10694782563965,40.87068339166213,1275.8788382543935 -119.10695020737968,40.870684367685925,1338.554820338893 -119.10695299360641,40.870685248701555,1386.621158550353 -119.10695725223907,40.870686449246584,1448.2236368058275 -119.10696189435042,40.87068765553045,1507.5781751312988 -119.1069648383571,40.87068838668446,1542.8799621239693 -119.10697346256757,40.87069040355667,1639.7823212413464 -119.10698479690541,40.8706928071618,1758.0219980558227 -119.1069915058301,40.87069412655943,1825.1314596517846 -119.10700503598935,40.87069658231438,1955.9686074640792 -119.10701711927135,40.87069855958904,2068.9402048088527 -119.10703116767947,40.87070062288389,2196.735800895519 -119.10704312831801,40.870702214310285,2303.168862637537 -119.10705554978912,40.8707037377985,2411.9384456880584 -119.10707504202199,40.87070587065187,2579.151451243078 -119.10708202431151,40.87070658633016,2638.3809605677166 -119.10709938938686,40.87070840242279,2785.9136777482104 -119.10711129218707,40.870709679630814,2887.2719402757584 -119.1071281580574,40.87071154141256,3031.341630288796 -119.10714474439985,40.87071343855165,3173.674066251349 -119.10715697977932,40.87071488310317,3279.1169649153976 -119.10717435341165,40.87071700765799,3429.6293659465373 -119.10718473265675,40.87071832065526,3520.0120396359903 -119.10720330423364,40.87072075951981,3682.7006920622875 -119.10721681319404,40.87072261088767,3801.876691300978 -119.10723599638482,40.87072536062623,3972.4401247089518 -119.10724997763043,40.87072746109051,4097.815839182893 -119.10726292523395,40.87072948150275,4214.7935228636525 -119.10728450445401,40.87073302090136,4411.783508572749 -119.10729724028084,40.87073521542672,4529.337981333919 -119.10731499803354,40.87073841360842,4695.0041689036425 -119.10732617333788,40.87074051312743,4800.394213679349 -119.10734388331359,40.870743989157255,4969.396470364539 -119.10735941891036,40.8707471986956,5119.838764789015 -119.10737464688403,40.87075050477288,5269.509990175385 -119.10739415213456,40.87075499579463,5464.798610755732 -119.10740345924063,40.87075724982055,5559.557292521918 -119.10741984705149,40.87076141159466,5729.174068925109 -119.10743291647297,40.87076492319099,5867.246655609806 -119.1074452095948,40.87076840029146,5999.6350882306215 -119.10746379894417,40.87077401847411,6205.059279956129 -119.10747349959328,40.870777144073266,6315.047848902334 -119.10748991045217,40.87078278025141,6506.034111635243 -119.1075030671197,40.87078765868214,6664.1750767813 -119.107508595007,40.87078981389796,6732.09075053334 -119.10751886490938,40.8707939983895,6860.780367764298 -119.10753265324598,40.870800020362424,7039.201426243621 -119.10753842290737,40.87080269165953,7115.981283155442 -119.10754591317159,40.870806299255555,7217.746964015167 -119.10755725887753,40.870812097752065,7376.810805597995 -119.10756919435548,40.87081867619786,7551.525684053207 -119.10757153497318,40.870820029736606,7586.806643371716 -119.10757885871456,40.87082442401346,7699.821410656255 -119.10758877945086,40.870830790035015,7859.911358077069 -119.10759888663395,40.87083787790863,8033.579327719381 -119.1076023191696,40.87084045434756,8095.56823282198 -119.10760971376321,40.8708463571772,8235.468018169477 -119.10761922292684,40.87085485455815,8431.856538393047 -119.1076240009881,40.870859642022765,8540.021053279046 -119.10762775527988,40.87086372747054,8630.714532401418 -119.10763346953561,40.87087066707523,8781.598768331947 -119.10763935532856,40.87087911852069,8959.629924081695 -119.10764247416607,40.870884405703556,9067.702314901062 -119.1076448027649,40.87088889243523,9157.525788245082 -119.10764819946073,40.87089669955056,9309.561436403977 -119.10765144663836,40.87090674695054,9497.693073592975 -119.10765315843793,40.87091444338534,9636.399433087665 -119.10765427486783,40.870922236823155,9772.39190503761 -119.10765489040831,40.870932809141514,9950.115297492988 -119.10765492652793,40.87093392891591,9968.67468656778 -119.10766313030726,40.87094217521305,10154.588531404264 -119.10767864910416,40.87094470303512,10293.66974597024 -119.10772412843187,40.87094190572146,10540.52166346907 -119.10780688625253,40.870927064844984,10846.215468273764 -119.10783904155912,40.87091987686781,10945.90877914207 -119.1079043521419,40.8709039289052,11131.042622702711 -119.10801794622346,40.87087364653835,11418.432294576085 -119.10808578479956,40.870854644372315,11576.891602998923 -119.10816857752258,40.87083095581445,11762.46335492595 -119.10835133543124,40.870777584736246,12153.800228250993 -119.1085005094745,40.8707334369673,12461.968887493314 -119.10874498461163,40.87066056965415,12954.859382197797 -119.1088682777245,40.87062372811217,13199.932037959577 -119.10898765792402,40.87058803138221,13435.741827271257 -119.10918001376312,40.870530512008486,13815.32261100649 -119.10936419698885,40.87047542796073,14179.536299472507 -119.10950173533635,40.87043432323713,14451.90986548075 -119.10974356467325,40.870362078477186,14931.474265695004 -119.10996099546708,40.87029717027217,15363.121897176268 -119.11020616297155,40.870224108672474,15849.900787396358 -119.11057073952959,40.870115766131384,16573.24338748863 -119.11071743123044,40.87007228777331,16863.9271571781 -119.11095033429005,40.870003341134584,17324.999516223703 -119.11128967660002,40.86990312060291,17995.37260853472 -119.11162224763744,40.86980511129733,18650.517974351842 -119.11181081322408,40.86974961864998,19021.077863659903 -119.11213534138243,40.86965426072579,19657.291530803428 -119.1125061303561,40.86954550332443,20381.66213664782 -119.1128385937643,40.869448162238555,21028.798405628695 -119.11311512946502,40.86936731390938,21565.38562724215 -119.1135447247154,40.86924193671981,22395.833857277175 -119.11378615647165,40.86917157647843,22860.880460797754 -119.11422614304183,40.86904352992761,23705.264568297356 -119.11455989399002,40.86894654465829,24343.082069459448 -119.11499140632093,40.868821367602074,25164.2168128111 -119.11561497820912,40.868640881543406,26343.810690297447 -119.11595017788761,40.86854409268447,26974.4301703373 -119.11645390483837,40.86839889573893,27917.701088761678 -119.11694432904558,40.868257856083694,28830.93556497302 -119.11734592578792,40.86814257831613,29574.999961158028 -119.11811625379187,40.86792199210516,30993.013234522536 -119.11864249174381,40.8677716801996,31954.76094848547 -119.11954107535337,40.86751567901578,33584.15005706222 -119.12078649353928,40.86716220281235,35815.944175675555 -119.12213397814487,40.86678142878438,38196.43691580231 -119.12394682535867,40.86627177787348,41343.942130905845 -119.1262803882194,40.86562001946977,45304.37883564816 -119.12924995276306,40.864797256610764,50199.541149504694 -119.13363107182708,40.86359621624544,57135.32939564138 -119.14087270696781,40.861642089033815,67885.72924201263 -119.15090915859507,40.85899145119278,81405.91783852958 -119.16069439641001,40.85646402733419,93153.0977358565 -119.16761519378088,40.854706486223485,100658.472738633 -119.17766960648868,40.852192465946516,110440.53813878128 -119.18832629890775,40.84957276792751,119429.27989407754 -119.19864126946719,40.84707529589931,126843.05658606144 -119.20953384942305,40.844473103161896,133355.83584581598 -119.22003952340889,40.84199254410828,138401.2792260451 -119.23109495715998,40.83940817994365,142438.05484746807 -119.24220542137118,40.836833014816385,145209.30636050407 -119.25286672056977,40.83437845615115,146675.87810461572 -119.263544212495,40.8319323681138,146984.5720582265 -119.27422119844081,40.829494756932306,146135.38742081585 -119.28536483739913,40.826955401063664,144009.5834719619 -119.29598878127612,40.82453509281779,140792.01548514224 -119.30704044700917,40.82201376699577,136190.1821433265 -119.31754147699057,40.81961062113927,130604.24932327917 -119.32842809504803,40.817107125556056,123526.41400135962 -119.338736215558,40.81472092164724,115572.1518174931 -119.34938405694528,40.81223511854532,106018.37192302935 -119.35987845789812,40.8097590707179,95199.24952078445 -119.36974803193011,40.80740170665011,83667.746228514 -119.37666727248056,40.80572918650321,74756.14020828882 -119.3798197025563,40.80496162928899,70435.01640318143 -119.38259295916774,40.80428293682634,66505.73946648513 -119.38594479977274,40.80345729169535,61638.37260618858 -119.3883446328685,40.8028638624445,57994.95648547357 -119.39030839673657,40.80237542657568,54988.18944611306 -119.39242383938779,40.80184789712522,51630.52358084769 -119.39393806599199,40.801468578499666,49200.782049831425 -119.39570794454725,40.80102375380966,46307.7381112237 -119.39667490139857,40.80078036759228,44678.85872529323 -119.39761734435052,40.80054215943453,43113.81930518426 -119.3987608821661,40.800252891331716,41161.67214144874 -119.39969391266901,40.800016390702815,39547.23682747948 -119.40078025459381,40.7997402556097,37662.06864235644 -119.40171764453373,40.79950143953332,36020.48316316843 -119.40218844412156,40.799381380226166,35183.79873907932 -119.40287199952449,40.799206868321285,33960.26842726588 -119.40333920136416,40.79908727183457,33135.86240625374 -119.40371380634647,40.79899154158465,32447.83912143971 -119.40408689845724,40.79889586779676,31785.357884602625 -119.40461086669707,40.79876163415421,30826.299385680453 -119.40512996377014,40.79862850572558,29872.6183937864 -119.40545465566481,40.798545067746915,29285.7761531152 -119.40579283810322,40.798458284332746,28655.05363461919 -119.40618605453302,40.79835724512873,27927.87334126086 -119.40638821213841,40.79830527542869,27554.43313716979 -119.40677791256486,40.79820511838683,26825.770551052872 -119.40696579753406,40.79815674660848,26480.73042025944 -119.40731792687205,40.79806619927379,25816.64279803657 -119.40767726168048,40.79797371071838,25140.411447883558 -119.40802472748203,40.79788419349409,24486.70003999114 -119.40829475700842,40.79781458058829,23977.55600259338 -119.4085223408669,40.79775594090866,23541.359573466532 -119.40877774153785,40.79769003499845,23057.065821697528 -119.40907602459559,40.79761304148507,22488.233014245983 -119.4093681591804,40.79753761409154,21927.94746670353 -119.40963787748227,40.79746796488977,21408.15352777378 -119.4098929774006,40.79740207838961,20915.093893521993 -119.41014350737947,40.79733734940259,20430.268180150004 -119.41027136714023,40.7973042976399,20183.591737138202 -119.41038557926137,40.797274792450736,19960.899755543913 -119.41060350657189,40.79721846573305,19537.355670563422 -119.41082610804166,40.79716092935896,19102.92784187042 -119.41096284076914,40.79712559224864,18834.59880521541 -119.41109632962893,40.79709109076254,18573.615162834416 -119.41127547408891,40.79704480316779,18221.53014363097 -119.41144671545773,40.79700058504168,17883.90029781554 -119.41160537874585,40.79695964336811,17570.698255865384 -119.41179263748923,40.79691137613647,17199.937231616714 -119.41197460840243,40.796864550529314,16838.359586525217 -119.41206064642506,40.796842446622854,16666.719016076135 -119.41215876743753,40.79681724214884,16470.988097506382 -119.41233419018138,40.79677224504647,16119.532857291118 -119.41251107862607,40.79672692665351,15763.430028723329 -119.4126887567796,40.79668143732787,15403.702260531676 -119.4127737149468,40.7966596888933,15230.808975156095 -119.41291252651494,40.79662416402581,14947.211958235279 -119.4130727306819,40.796583154483926,14617.6882049738 -119.41324268264351,40.79653962515905,14265.212719563822 -119.41329633386583,40.796525877228575,14153.270615627085 -119.41336989728642,40.79650703305128,13999.207600362495 -119.41350671242898,40.79647198840814,13710.785592755727 -119.41365408116518,40.79643427312468,13397.09813955511 -119.41375117515491,40.796409459056534,13188.544308190649 -119.41380328935777,40.79639615846888,13075.966660163233 -119.41389451589848,40.79637290351548,12877.804571922583 -119.41398499438397,40.79634989026726,12679.810164054801 -119.41412226350091,40.79631509765411,12376.493749821091 -119.41417804466269,40.79630100703658,12252.207329520863 -119.41428261272566,40.796274671705966,12017.547253668265 -119.41441561587415,40.79624134954101,11715.81734154183 -119.41448846771097,40.796223191384534,11548.929979528293 -119.41455283635464,40.796207209847054,11400.453829157152 -119.41464843595361,40.79618359242872,11178.130707006012 -119.4147653022006,40.79615493958993,10903.198235148431 -119.41479724605124,40.79614715298111,10827.411887569533 -119.41487390633138,40.796128534255146,10644.328415912294 -119.41497490103995,40.79610417313685,10400.406178387404 -119.41505092777717,40.796085952112726,10214.585308866419 -119.41512625653462,40.79606799603854,10028.467611031441 -119.41524795019058,40.796039180253096,9723.203973255995 -119.4152993038122,40.79602708796136,9592.545841054454 -119.41537087580498,40.796010291539595,9408.487704747493 -119.4154734042592,40.79598633001563,9140.529642027244 -119.41551745342066,40.795976063004254,9023.736304155716 -119.41558442419654,40.79596045782411,8844.097570827584 -119.41566943333319,40.79594062329644,8612.202141136266 -119.41570471993573,40.79593236650372,8514.577230682784 -119.41574324318488,40.795923344680595,8407.065204482762 -119.41580200859306,40.79590953842032,8241.051548575535 -119.4158675861088,40.79589407709509,8052.819804854675 -119.41589166396784,40.79588838703901,7982.891253127347 -119.41592941719566,40.79587946121277,7872.35347319294 -119.41597646706603,40.795868327373746,7733.018417478719 -119.41603582749926,40.79585428395993,7554.6705467272395 -119.41605571355572,40.79584958585807,7494.260837184408 -119.416099040178,40.795839367279925,7361.4324481763515 -119.41615060703488,40.795827256104495,7201.093995702749 -119.41618511855563,40.795819193889024,7092.341442764923 -119.41621456797853,40.795812342710484,6998.554170043546 -119.41626414275228,40.795800888002404,6838.516366316569 -119.41631453365261,40.79578935627044,6672.821479680827 -119.41633033454238,40.79578576444081,6620.1902113259985 -119.41636843267322,40.795777152313704,6491.885346400347 -119.4164166397655,40.795766355882506,6326.484975987232 -119.41644026182301,40.795761107449785,6244.098685895495 -119.41647509531371,40.795753418499075,6120.895579112873 -119.41651597946185,40.79574447212367,5973.493868342913 -119.41654844294342,40.795737430582925,5854.130474022448 -119.41657408770712,40.79573191118667,5758.284454688764 -119.41661504579484,40.7957231792046,5602.139666098722 -119.41664884444546,40.79571606157365,5470.23061994645 -119.41667178951272,40.795711278582885,5378.9790644839795 -119.41670643805132,40.79570413873887,5238.37128146191 -119.41673961256004,40.795697402925505,5100.313882730954 -119.41677281334388,40.79569077211841,4958.461356262492 -119.41681239852194,40.795683031388656,4783.987179116842 -119.41682975877507,40.79567970154403,4705.455648706019 -119.41686020310996,40.79567397453009,4564.448245514499 -119.4168935046475,40.795667902727985,4404.889286437433 -119.41691139531025,40.795664738690405,4316.618862170356 -119.41694462898272,40.79565907436854,4147.404834106639 -119.41695995160558,40.79565656876247,4066.890151809225 -119.41697771831672,40.79565375506446,3971.3739503750576 -119.41700455000733,40.79564971196274,3822.327305089653 -119.41702071511709,40.79564740698642,3729.4725150799522 -119.41704414144657,40.795644256214516,3590.355326981898 -119.41706630791306,40.79564149955434,3453.1856279014555 -119.4170787884703,40.79564005232708,3373.322323470596 -119.41710082931633,40.79563769903427,3227.112181036191 -119.41711285173402,40.79563653437448,3144.3039163821886 -119.41712419286748,40.79563551866573,3064.080868407501 -119.41714005466262,40.79563424273185,2948.2240289391525 -119.4171521673395,40.795633388750424,2856.7601969242987 -119.41716192401744,40.79563278264883,2781.1691955442443 -119.41717699163148,40.79563199878777,2661.0575362746713 -119.41718717479563,40.79563158051549,2577.6223813099687 -119.41719371936222,40.795631360912694,2522.99689919082 -119.41720429128269,40.79563109054357,2433.1408324874747 -119.41721647518185,40.79563091088284,2326.979604515135 -119.41722383048565,40.79563087146681,2261.472318295677 -119.41723633523236,40.79563092260402,2147.534886422901 -119.41724867307705,40.79563111427842,2031.77722282907 -119.4172556520482,40.7956312805384,1964.7190671884118 -119.41726570775965,40.79563158623825,1865.9491389908023 -119.41727549084894,40.79563194698213,1767.211534424143 -119.41728417866504,40.79563230811042,1677.1446723572317 -119.41729539837112,40.79563280936685,1557.1752083288072 -119.41730101958437,40.79563306564193,1495.379880125603 -119.41730820274275,40.79563339403021,1414.6043357809003 -119.41731797107732,40.79563383008029,1301.2520591003502 -119.41732143886118,40.79563397973752,1259.969281967948 -119.41732487242818,40.79563412735317,1218.8375169082583 -119.41732718051911,40.795634225640136,1190.9999999999195</coordinates>
                </LineString>
            </Placemark>
            <Placemark id="71">
                <name>Run 7</name>
                <description>States exported: 300 of 6,776
Launch inclination: 87.093 deg</description>
                <styleUrl>#72</styleUrl>
                <LineString id="70">
                    <tessellate>1</tessellate>
                    <altitudeMode>absolute</altitudeMode>
                    <coordinates>-119.10695,40.870683,1191.0 -119.10695000000122,40.8706830000122,1191.0000268160027 -119.10695005305844,40.87068352738973,1192.1594371213555 -119.10695165651819,40.8706996086996,1227.3958527259108 -119.10695626819266,40.87072536839281,1281.8501505778295 -119.10696414610149,40.87075419198,1340.9547777565235 -119.10697037075734,40.87077441096031,1381.9319058382227 -119.10698059395753,40.87080557324024,1444.6575579406242 -119.1069855134308,40.87081992917409,1473.4155591572126 -119.10699301376653,40.870841368602825,1516.2615180067396 -119.10700255019684,40.870867904646346,1569.1313445258256 -119.10702235441825,40.870921263801065,1675.1505677181897 -119.10704166934251,40.87097171743055,1775.2111714373361 -119.10705913328319,40.871016430729476,1863.8197347437977 -119.10708984876433,40.87109346006281,2016.4677593210617 -119.10710788445074,40.87113789951789,2104.5868602141145 -119.1071323488745,40.87119737157967,2222.6160043074383 -119.10715147783515,40.871243361165874,2313.948571485581 -119.10718479850692,40.871322559733976,2471.3547106278206 -119.10720918174387,40.87137978987807,2585.2161151104465 -119.10723209918251,40.87143341676571,2691.854908152269 -119.10726873425493,40.87151936193909,2862.4192216498677 -119.10728678245252,40.87156182718846,2946.53353844387 -119.10731740895469,40.87163410556786,3089.4468472356007 -119.10733770022122,40.87168216582167,3184.291713544359 -119.10736161265743,40.871738984374986,3296.228010954234 -119.10739648595685,40.87182224751077,3459.871486142828 -119.10741611910066,40.87186934326129,3552.220892295742 -119.10745691395817,40.87196775547676,3744.6857238453244 -119.10747879298826,40.872020861620086,3848.2511649574667 -119.10751729572529,40.87211491183002,4031.1426223775816 -119.10753742917169,40.87216441100732,4127.126345359106 -119.10756879457585,40.87224198614239,4277.1708311132725 -119.10760150173395,40.87232351353938,4434.349729879949 -119.10763194192977,40.87240000602147,4581.342402657666 -119.10766820600186,40.8724919571289,4757.421502156398 -119.10768794765998,40.87254241599787,4853.754178660507 -119.10772410545867,40.87263561449518,5031.132163287122 -119.10774166936355,40.87268127300398,5117.766000733274 -119.10776723950697,40.872748224343006,5244.48006673985 -119.10781279874129,40.87286902814634,5472.1314154000775 -119.10782864400572,40.8729115314795,5551.920588360265 -119.10786181493788,40.873001391852824,5720.073445954934 -119.1078901958463,40.87307928876252,5865.240814128596 -119.10791027379216,40.87313499848091,5968.711014967528 -119.10794754785393,40.87323984444672,6162.6391899569835 -119.10797406438301,40.87331563622051,6302.156561523132 -119.10800351713954,40.87340108322928,6458.751802147092 -119.10803750337233,40.87350146135282,6641.743768839267 -119.10805144480989,40.873543222229586,6717.562028399419 -119.10807384240002,40.87361105087688,6840.3161845252835 -119.10810716164873,40.873713730682454,7025.210664133377 -119.10812472477802,40.87376875293024,7123.825137532922 -119.10814506546204,40.87383329428941,7239.101499254018 -119.10817306906596,40.873923655572284,7399.766551701737 -119.10819989978755,40.87401197473828,7556.000753771705 -119.10821246055146,40.87405396652278,7630.009424556173 -119.1082392418377,40.874144980574826,7789.815930236659 -119.10826881329471,40.874248079590465,7969.861823403824 -119.10828230343573,40.87429612994088,8053.422123791713 -119.10830328374807,40.874372257094635,8185.339733223264 -119.10833019015385,40.874472664066786,8358.458300202243 -119.10835608884555,40.87457265284458,8529.854817077794 -119.10836386508275,40.87460338163662,8582.321740813595 -119.10838289694934,40.874680091720506,8712.853211110852 -119.10840693149291,40.87478027276585,8882.345005010768 -119.10843067107528,40.87488324834875,9055.349963651668 -119.10844055728654,40.87492742746824,9129.186103055552 -119.10845864033394,40.87501037970194,9267.174427433 -119.1084795437819,40.87511004605165,9431.827823156611 -119.10850066750422,40.87521536586544,9604.441550319472 -119.10851204611062,40.87527422140339,9700.276219929885 -119.10853172833332,40.87537992806159,9871.263483733394 -119.10854068277824,40.87542967871119,9951.239698597468 -119.10855193665502,40.87548191591834,10036.054083292625 -119.10858208684478,40.87557906508712,10198.572960868989 -119.10861198292042,40.875649746025196,10321.10197987933 -119.10867761836425,40.87576828096176,10535.347216097804 -119.10877352165443,40.8759005638937,10787.889207010021 -119.10881660774193,40.875951508292275,10888.95434012826 -119.10887869974357,40.87601895857795,11025.991057849093 -119.10901439324182,40.87614969667642,11301.2508164265 -119.10915992180921,40.8762737258758,11572.778151352022 -119.10922975082536,40.87632965671481,11697.759590861897 -119.10945008001971,40.87649748487166,12079.097144198331 -119.10960654490151,40.87661156013823,12342.064702094034 -119.1097870324062,40.87673995234147,12640.381249474576 -119.11012332786106,40.876973874154444,13187.416592436695 -119.11016889629367,40.877005249247716,13260.971225326999 -119.1103646542423,40.87713955738503,13576.04849190289 -119.11067499732638,40.877353249040226,14076.22301878596 -119.11076618908295,40.87741624995599,14223.40643964142 -119.1110123665169,40.87758670279205,14620.94916544977 -119.11139280773833,40.877851134423736,15235.97688082836 -119.11152810444713,40.8779454174779,15454.765117036568 -119.1118875151947,40.87819636165708,16035.810158738048 -119.11229128824431,40.878478901029155,16687.842848387598 -119.11243948248452,40.87858271889652,16926.903634288665 -119.11277989895441,40.878821349033515,17475.364951663174 -119.1132018844431,40.8791173062458,18153.726907671502 -119.11364443664749,40.87942766330399,18863.081879856694 -119.11379320529872,40.87953196876043,19101.027361467808 -119.11421294795424,40.87982618942041,19771.024140490063 -119.11467033342795,40.88014658757081,20498.660314802637 -119.11503506334682,40.88040189734972,21077.008996850083 -119.11542808211519,40.88067683907637,21698.363452086513 -119.11589307226446,40.88100188029157,22430.97276834964 -119.11625809520447,40.88125682642367,23004.142622396153 -119.11691045754621,40.881711981976785,24024.227501020632 -119.11722525901241,40.88193138842448,24514.50900439126 -119.11784450901168,40.88236254467442,25475.11832207043 -119.1185932719149,40.88288307885461,26629.83155518714 -119.11889080205569,40.88308968014721,27086.603572754822 -119.11957867993611,40.88356686380786,28138.21977266229 -119.12010383479743,40.88393073148362,28936.910672307222 -119.1207881849531,40.88440430544082,29972.321100604157 -119.1218015229853,40.885104399531436,31494.449627639948 -119.12235424351674,40.88548568512198,32319.174883154217 -119.12360163847232,40.88634475736598,34166.281198382036 -119.12518394152693,40.88743164070858,36481.303356956974 -119.12703657746916,40.88870033901183,39152.53883633295 -119.12930987942336,40.89025162216253,42373.199718805576 -119.13234149594845,40.89231127844141,46571.88330283551 -119.13631758710903,40.89499759451294,51915.32327567792 -119.14219139813667,40.898936713514466,59479.46854449661 -119.15270706184002,40.905908847004916,72080.04514992963 -119.164801048617,40.91381539434664,85158.25834602819 -119.1759995747201,40.92104454607256,95995.52498822127 -119.17618439372671,40.92116318868405,96164.47822096177 -119.18778100493684,40.928568666876544,106142.4279757042 -119.2003276650959,40.93650434943595,115597.12877187459 -119.21299571059848,40.94445049408206,123786.1418204115 -119.22520895844517,40.95206103082584,130434.76126525419 -119.23805930488253,40.96002790161325,136147.39759973602 -119.25097461647708,40.96800546499941,140594.31766183066 -119.26337158122811,40.9756462258024,143663.52201470817 -119.27635879644437,40.98364482807497,145634.02545517808 -119.28935454810114,40.991654213234156,146338.80103206227 -119.30121150363328,40.99897654689015,145876.8735447831 -119.31417040547551,41.00700654437063,144160.25871714717 -119.32708224678457,41.015047277927934,141177.92202690092 -119.33937106907074,41.0227484166833,137140.88660711137 -119.35213563308028,41.030810001984726,131682.15707721142 -119.36479669373752,41.038882128602765,124957.72993405434 -119.37679277574279,41.04661304084078,117341.33345323798 -119.38919576892692,41.05470528518069,108140.59100145633 -119.40143697928296,41.062806627146365,97674.28037360687 -119.41269209638583,41.07037142970843,86766.553309197 -119.42273217541286,41.077225945274634,75943.72480008703 -119.42779738934632,41.08072803228629,70050.14332672508 -119.43289072294041,41.084278904949805,63851.01068303964 -119.43623752283972,41.086630543332134,59606.29631725445 -119.43908877045631,41.08864454097671,55896.72226825399 -119.44163183241135,41.09045180944367,52485.39850418724 -119.44391942844679,41.092083302214114,49370.31177760947 -119.44531850108389,41.0930857658615,47421.410274041424 -119.44651634152268,41.09394550086672,45742.0363411509 -119.44828250129929,41.09521727278495,43228.81470807445 -119.44922329564588,41.095897929398625,41858.61229643007 -119.45022124105292,41.096619194087054,40417.15626829628 -119.45150557050833,41.09755088192389,38528.864523013195 -119.45260290350956,41.09834937899023,36892.78467640465 -119.45358788983182,41.09906778309486,35409.45941792678 -119.45436398620842,41.09963437254099,34237.13166771284 -119.45516308956705,41.10021843066019,33024.753556961594 -119.45586168036941,41.10073023870033,31953.152234416804 -119.4565281585594,41.10121966451389,30919.67110449526 -119.45717099163227,41.10169218509614,29919.23152292999 -119.45769371857126,41.102076458037274,29106.397957003377 -119.45812579641576,41.10239442741567,28431.525948005765 -119.45862013451234,41.10275915754571,27649.57747784178 -119.45910924578209,41.10312015755655,26875.104337047967 -119.45946240043567,41.103380590971504,26318.83167195593 -119.4598067592539,41.103635276423645,25768.413257398668 -119.46005523386404,41.1038189424572,25372.52901989387 -119.46048786191488,41.10413897949583,24680.71195559774 -119.46072905691817,41.10431783764557,24290.309662017666 -119.46108220818867,41.10457943421971,23722.177437488903 -119.46143232576486,41.10483890518062,23157.869198007018 -119.4617925145625,41.105106189313055,22573.97993071793 -119.46199522733627,41.10525691293913,22242.407940383026 -119.46219217751201,41.1054030752664,21923.364286766988 -119.46238365023791,41.10554556542201,21609.220635809554 -119.46270863917215,41.105787290451964,21077.784385466297 -119.46301320828465,41.10601400989889,20578.39084047478 -119.46328602731299,41.10621726761213,20129.738687285208 -119.46357508502255,41.10643286034233,19652.522183062574 -119.46384960679232,41.10663781644944,19197.85454050365 -119.46405325006003,41.10679001592451,18859.408590412197 -119.46420059817711,41.10690016317417,18614.83547866835 -119.46444402024278,41.10708238593364,18209.03060483546 -119.46464459421146,41.107232760951455,17873.559848357014 -119.46484833742535,41.10738573027852,17532.09653074947 -119.46504008413625,41.107529926333974,17210.05760431033 -119.4652618663131,41.107697084456206,16836.32532639468 -119.46537084425155,41.10777939713454,16652.087824705293 -119.46551344000407,41.10788728606758,16410.653452081697 -119.46571563521425,41.10804069227631,16067.134566319715 -119.4659310244585,41.10820476431972,15699.497146764557 -119.46613427413493,41.10836032599143,15350.747384714978 -119.4662276496262,41.108432070760124,15189.822946479022 -119.46641594447478,41.10857733173518,14863.98220309536 -119.46654196784479,41.10867504496342,14644.757205446125 -119.46673168518713,41.108822994205575,14312.745115168083 -119.46681834338554,41.10889094583131,14160.246032507317 -119.46693973817423,41.10898658797295,13945.644690411453 -119.46712533991006,41.10913392190798,13615.182077993533 -119.4673367205167,41.10930362214972,13234.932391759936 -119.46740740920497,41.10936088196414,13106.760459371171 -119.46754920354513,41.109476516321436,12848.133261799057 -119.46769650391306,41.10959786017266,12577.123149038178 -119.4678266208357,41.109706139102414,12335.667453998258 -119.46789194587245,41.109760895753276,12213.700123116228 -119.46804002296012,41.109886064562914,11935.281376821256 -119.46819993331086,41.11002292210259,11631.503129616514 -119.46825859078878,41.110073580422274,11519.236224839195 -119.46835008996842,41.11015314249973,11343.136988508295 -119.46848500055481,41.1102716749022,11081.292961836132 -119.4685921357206,41.110366931159895,10871.360294703234 -119.46864863240273,41.11041758526754,10759.897579163282 -119.46875485890399,41.11051365945489,10548.835724168082 -119.46888562272034,41.11063350666707,10286.169460305548 -119.46896492065426,41.11070708707033,10125.240434277144 -119.46909450916999,41.11082889872465,9859.366721262853 -119.46920797036816,41.110937259146716,9623.405257350305 -119.46927109058217,41.11099827105093,9490.7617022303 -119.46937892060002,41.11110378224241,9261.72099121815 -119.4694667004024,41.11119092831588,9072.847162338872 -119.46950532002806,41.11122963971895,8989.019870784268 -119.46958947070159,41.111314801415396,8804.729601029252 -119.46970296211201,41.11143149263739,8552.39545589848 -119.46972511793724,41.11145452846635,8502.595889627648 -119.46977765932272,41.111509500474014,8383.793231042973 -119.46985783371288,41.11159434325776,8200.462797955823 -119.4699308685347,41.111672677852916,8031.239670125106 -119.46996105727821,41.11170535851038,7960.659915908804 -119.47002190208467,41.11177177783025,7817.254529196652 -119.47009449899087,41.111852018879986,7644.101055168298 -119.47013595792278,41.11189834258129,7544.195857238328 -119.47018262111878,41.11195095194491,7430.809041622629 -119.4702522590919,41.1120304162821,7259.712202882668 -119.47031556020971,41.1121037249917,7102.1025461465815 -119.47034244750803,41.11213519554577,7034.518639008487 -119.47039830281258,41.11220124422998,6892.839342634829 -119.47046512511392,41.11228154324977,6720.914717410673 -119.47048751998807,41.112308789186166,6662.666652187525 -119.47052763212422,41.112358025493286,6557.503692244236 -119.47057998493933,41.11242318116347,6418.553327475599 -119.47064030953054,41.11249958962823,6255.899364436173 -119.47067557336219,41.112544954564356,6159.473417626584 -119.47073679138437,41.11262502013834,5989.5436566598655 -119.47078492795089,41.112689219372776,5853.514096400095 -119.47081899499054,41.1127353591992,5755.8755989916735 -119.4708726097221,41.112809234737455,5599.758494296649 -119.47091558853495,41.112869640872695,5472.307241871919 -119.47094861797564,41.1129168266876,5372.873691005762 -119.47100234701304,41.112995098429394,5208.172444634944 -119.47104332989127,41.11305614945278,5079.907622485675 -119.47108004702196,41.11311191187089,4962.907260615542 -119.4711257871412,41.11318289237513,4814.186715532261 -119.47115116701721,41.1132230522065,4730.147257934784 -119.47119035409425,41.113286238877734,4598.085029808746 -119.47123846585482,41.1133659468192,4431.791369727392 -119.47126419967069,41.1134096345235,4340.795724389447 -119.47130876210385,41.113487170634286,4179.560580722591 -119.47133800077394,41.113539433154735,4071.069584457679 -119.47135590844557,41.11357202043943,4003.4933836546384 -119.4713819000245,41.113620143565825,3903.7989832709864 -119.47141755194637,41.11368783815897,3763.738006715534 -119.47144059150257,41.11373268996667,3671.038175089238 -119.47147542384023,41.11380227185841,3527.3518465088973 -119.47149906132455,41.113850788631446,3427.2324398544692 -119.47152276788213,41.113900573770316,3324.5350359814247 -119.47155123609994,41.11396194834854,3197.959168785659 -119.47156221201809,41.1139861001961,3148.1515221697323 -119.47157850764317,41.11402246362222,3073.1520046722394 -119.4716006480214,41.11407287239309,2969.1534614549546 -119.47162320055203,41.114125410122476,2860.6936225230543 -119.47163837031304,41.114161417745294,2786.3028178462996 -119.47165439062628,41.11420001386592,2706.498945528699 -119.4716778513041,41.11425753811199,2587.40599622811 -119.47168459230684,41.114274279081016,2552.7073492626764 -119.47169558781425,41.114301797538936,2495.6256737069943 -119.47170596842045,41.1143280063417,2441.2046441280404 -119.47172592328992,41.11437901218896,2335.1173447610877 -119.47173820850826,41.11441083063867,2268.8035274658378 -119.47175502270876,41.11445489456725,2176.7695454436503 -119.47177615932641,41.11451113519707,2058.913628639989 -119.47178659270827,41.1145392468352,1999.8145801814833 -119.47180380875871,41.11458615174696,1900.8803768689352 -119.47182098075253,41.11463358888602,1800.349386924087 -119.47183258473378,41.11466602283783,1731.2998019806469 -119.47185160820761,41.114719869488596,1616.0213468365766 -119.47186851312159,41.11476843766633,1511.2602355318957 -119.47187660729914,41.11479194219986,1460.267863954778 -119.47189177726922,41.114836437171455,1363.1641354581286 -119.47190336809771,41.114870834429084,1287.553219360042 -119.47190766100118,41.114883664034295,1259.2236501366342 -119.47191425966678,41.114903394972686,1215.5240009325773 -119.47191794246824,41.11491443473145,1190.999999999995</coordinates>
                </LineString>
            </Placemark>
            <Placemark id="81">
                <name>Run 8</name>
                <description>States exported: 300 of 6,816
Launch inclination: 89.519 deg</description>
                <styleUrl>#82</styleUrl>
                <LineString id="80">
                    <tessellate>1</tessellate>
                    <altitudeMode>absolute</altitudeMode>
                    <coordinates>-119.10695,40.870683,1191.0 -119.10694999999745,40.870683000000646,1191.000026931572 -119.10694989916252,40.87068302562319,1192.0660755910656 -119.10694609572563,40.87068399247187,1232.0949289243351 -119.10694346717916,40.87068539665316,1276.1705827844767 -119.10694267183035,40.870687224779445,1322.7585312150534 -119.10694271578389,40.87068949745159,1376.965801275664 -119.10694375036793,40.87069250909992,1445.832224201653 -119.10694482293187,40.870694516990675,1490.7486402947561 -119.10694626150702,40.870696766763274,1540.6125562919178 -119.10694928605898,40.87070070953577,1627.458359890798 -119.106954136233,40.870705990205494,1744.630748665933 -119.1069575559694,40.870709319485506,1819.523242367395 -119.10696419429485,40.87071519444237,1954.3379842583931 -119.10696970468304,40.87071963247304,2059.0246998420716 -119.10697608086603,40.87072438408158,2174.362226029756 -119.10698375018306,40.870729680718064,2306.9506814385195 -119.10699062629773,40.87073414670176,2421.7830581868643 -119.10700032536144,40.87074003183063,2577.8976300387335 -119.10700396218648,40.87074216185018,2635.3344808196093 -119.10701470590628,40.87074852874014,2805.740991967617 -119.10702087271488,40.870752239511795,2904.1329443020613 -119.10703017357093,40.870757931210306,3053.616582001875 -119.10703717353634,40.87076230134574,3167.1697992966915 -119.10704261109439,40.870765750678764,3256.0372871078976 -119.10705120988936,40.87077131762927,3397.9909711472687 -119.10705746169384,40.87077545836479,3502.378271114449 -119.10706792518616,40.87078258400158,3679.5510003597806 -119.10707472084694,40.870787356862806,3796.45678416686 -119.10708348832716,40.87079370211934,3949.6801553785676 -119.10709112514893,40.870799419447756,4085.5809494193663 -119.10709688822287,40.87080386142396,4189.804200667877 -119.10710569099558,40.87081088021673,4352.07937967422 -119.10711252673968,40.870816543643635,4480.95079398188 -119.10712317126642,40.87082578024978,4687.334371461562 -119.10712954115955,40.87083158167955,4814.641129218443 -119.10713850045039,40.87084014724988,4999.400620232932 -119.1071451515503,40.870846858253856,5141.560755917712 -119.10715324344687,40.87085550573129,5321.39352297751 -119.1071600826107,40.87086330723107,5480.443272414343 -119.10716427687079,40.87086835632238,5581.803247402967 -119.10716996416838,40.870875583914156,5724.757674952157 -119.10717516688112,40.87088265042426,5862.14938627788 -119.10717926293522,40.87088858144209,5975.649020527046 -119.10718585574676,40.870898980390756,6170.741003645229 -119.10718968434153,40.87090562961373,6292.884702829957 -119.10719446365522,40.8709147631142,6457.365435435948 -119.10719923816421,40.87092514216362,6639.695982473797 -119.10720129179566,40.870930128323316,6725.601926505609 -119.10720416830094,40.87093781956144,6856.076205887799 -119.10720737522315,40.87094774285442,7020.886213953939 -119.10720894585336,40.870953349771504,7112.3292850089 -119.10721047268069,40.87095949462619,7211.317217770224 -119.10721257382434,40.87096970208596,7372.954936538281 -119.1072143238821,40.870981324856125,7553.228190681383 -119.10721465000209,40.87098418378035,7597.012692943936 -119.10721546421478,40.87099432464205,7750.602913605941 -119.10721573951285,40.87100615655285,7926.711622431289 -119.10721551841763,40.87101389407176,8040.218929985946 -119.10721492834209,40.87102214688768,8159.841430284235 -119.10721335424171,40.87103446041907,8335.73664641309 -119.10721084021267,40.871047235435945,8514.9758502298 -119.10720981871438,40.87105143759066,8573.20062797233 -119.10720740578277,40.87106014820499,8692.597130708069 -119.10720312849679,40.8710730092603,8865.750174143372 -119.10719745366116,40.87108728386489,9053.215431483382 -119.1071951326578,40.871092540013116,9120.97731424206 -119.1071897585708,40.87110382174606,9264.099114797664 -119.1071824506842,40.87111771206951,9435.986999514915 -119.10717332999813,40.87113344500279,9625.014274987992 -119.10716949063239,40.87113967381054,9698.238012070608 -119.10715976055357,40.871154661607775,9870.839153982693 -119.10715302405873,40.871164631928266,9983.451162017062 -119.1071500180929,40.871176010480006,10138.580881731457 -119.1071553051581,40.87118263461178,10270.282529859162 -119.10717570297702,40.87118753247819,10467.441026024573 -119.10721839517372,40.87118605873804,10709.021852042984 -119.10725792177529,40.871180736828734,10878.028128036613 -119.10728990743945,40.87117509329128,10997.467520377251 -119.10734770168055,40.87116316321151,11190.406808664278 -119.10741735676922,40.87114699846718,11398.59843998348 -119.10748419522179,40.871130388309936,11582.720119316362 -119.10755440602372,40.87111229461624,11766.304304562218 -119.10770825632798,40.87107139739865,12148.23952513637 -119.10779836605136,40.871046994421896,12363.845964769975 -119.10795456295143,40.87100426243201,12729.05773317006 -119.10815644545472,40.87094866596916,13191.227152582134 -119.10820398209307,40.87093554909215,13299.026311208983 -119.10839771890073,40.87088205175785,13736.815870004266 -119.10858819588532,40.870829466987054,14168.364905161994 -119.1086585195024,40.87081006246124,14328.00083827445 -119.10884271880136,40.870759291171574,14746.643621817922 -119.10908669604088,40.87069211446558,15302.12063962947 -119.1091910483563,40.87066343292716,15539.849479014934 -119.10944373417628,40.87059411904664,16115.550739073407 -119.10969215940091,40.87052622380808,16681.040593792728 -119.10978040371532,40.870502157696066,16881.735789658047 -119.109974295628,40.87044935885288,17322.310229451086 -119.11023698126985,40.87037801676531,17918.040395604952 -119.11053201621507,40.87029809250808,18585.302358462035 -119.11069238721002,40.870254715813346,18947.107701982663 -119.11092554636019,40.87019176589525,19471.97833145918 -119.11124300244609,40.87010621433842,20184.23800074196 -119.11159854655236,40.87001062306127,20978.64560095076 -119.11180624430303,40.869954884496714,21441.115011299906 -119.11214023718577,40.86986541119623,22182.216961527403 -119.11233335756074,40.86981376337181,22609.283869033796 -119.11266484140077,40.86972522964349,23339.867055394283 -119.11307887437944,40.869614856915256,24247.984354128646 -119.11328308528276,40.86956051383206,24694.050308787057 -119.11367978714323,40.869455123618685,25557.109070290124 -119.11418015016532,40.869322554185175,26639.068458231926 -119.11443737221447,40.86925455628839,27192.417946728954 -119.1149669228506,40.86911489959984,28325.627110434205 -119.11538515694528,40.8690049161395,29214.93753582752 -119.11594285466157,40.868858640292906,30393.11014222454 -119.11650704145076,40.86871108714043,31576.194783592066 -119.11705394264348,40.868568447594775,32714.67580628688 -119.11795941150143,40.86833308225715,34581.725062431986 -119.11912213905563,40.868032233413366,36947.080559660055 -119.12051197079974,40.8676746090884,39727.88865500821 -119.12215200329217,40.86725525666619,42945.42420855635 -119.12432458883414,40.86670394320372,47103.8839710541 -119.12731346889309,40.86595296740312,52637.198681700036 -119.13227422607775,40.86472441818418,61361.715871701796 -119.14047156901619,40.86273859932957,74599.95251882315 -119.14903684294121,40.86071571301543,86982.3594127785 -119.15661441085045,40.8589649433652,96794.3279894618 -119.16479155074904,40.85711156740382,106258.23360087862 -119.17420990195522,40.855017345616304,115798.62305388645 -119.18376549237422,40.852930998940636,124073.65789659182 -119.19301645078873,40.850942829446,130804.86921850768 -119.2027853838318,40.848872181587886,136604.1742329641 -119.21263515896818,40.84680967582619,141138.09110051987 -119.22254669828779,40.84475537132522,144406.61221606535 -119.23250092668363,40.84270931141707,146409.73200650953 -119.24204471375526,40.84075995085764,147141.68516497102 -119.2515934066872,40.83881816934732,146715.87522883754 -119.26156325539324,40.836796225559276,145032.81317546338 -119.27150114189436,40.83478254387172,142084.3475623912 -119.28095944735121,40.83286411329686,138080.00691077425 -119.29077962033247,40.83086648377399,132655.76649537814 -119.30051141140913,40.82887697319853,125966.14178028873 -119.31013568421653,40.82689551524472,118011.14420697815 -119.31963304777615,40.82492209127963,108790.79226339168 -119.32857946699076,40.82304230104737,98787.35823289397 -119.33776188434749,40.821087130020516,87092.12390180482 -119.34504182383426,40.819514433207694,76726.29900017432 -119.34845823871275,40.818768958065895,71484.44308545563 -119.35181368608879,40.818031525022676,66092.47305928508 -119.3545153868895,40.81743272845181,61627.5233834721 -119.3569336350801,40.81689436968219,57441.06704348176 -119.3582042376241,40.816609565185324,55229.68940688994 -119.35995727920844,40.81621600837481,52056.824579986285 -119.36121355059167,40.81593227698381,49781.00469771961 -119.36218656974033,40.81571241178289,47951.37287151462 -119.36318549452037,40.81548549363488,46096.13476866666 -119.36421647308747,40.815251127243044,44116.84334205661 -119.36535133823762,40.81499223381014,41918.72597619319 -119.36615882848282,40.81480726586862,40358.82715361597 -119.36708899040536,40.81459392289188,38520.037200452694 -119.36796822156586,40.81439181077612,36756.026074393056 -119.36857587225623,40.814251929685405,35515.78737014094 -119.36902479454257,40.814148180976645,34619.82008205559 -119.36961059294802,40.814012863992744,33416.12110731188 -119.37016633035428,40.81388433172121,32261.396855168143 -119.37059428485881,40.81378513805216,31376.137091227196 -119.37105833872053,40.81367743076129,30415.288372793293 -119.37144299477056,40.813588166276574,29603.089601359356 -119.37180485000896,40.813504148993815,28833.824448987554 -119.37203622063264,40.813450288799565,28354.05398501051 -119.37243207086549,40.81335827478696,27508.767230409543 -119.37272840156895,40.81328937677915,26871.904428823596 -119.37297207618647,40.81323260324872,26357.86026147406 -119.3732489803839,40.813168183449285,25757.74501514042 -119.37360689176266,40.81308481133525,24984.72954421995 -119.37388881010024,40.81301907702325,24373.714219603567 -119.37410758623979,40.81296799855698,23903.019390159352 -119.37436495322761,40.81290793230317,23340.290217992624 -119.37462393424165,40.812847455600874,22771.562340129796 -119.37482079750104,40.81280144444375,22340.37950552375 -119.37501368302553,40.81275633453241,21917.68252831635 -119.3752492489032,40.81270126319715,21396.64671368191 -119.37546208564244,40.812651500402154,20924.208482148755 -119.37558276124132,40.81262325635443,20658.308836548138 -119.3757462278425,40.81258503082342,20293.56892261561 -119.37586602602735,40.81255700066289,20027.212298661118 -119.37606125936004,40.81251132336396,19591.517674072198 -119.37625493899748,40.81246601102691,19157.396114671123 -119.37638944545697,40.81243454538984,18854.50876536411 -119.37650631384001,40.812407204266364,18592.35704495775 -119.37667818395234,40.812367018760085,18204.438427443572 -119.37684449367224,40.812328168836615,17827.79681408488 -119.37701293630172,40.81228887377571,17445.259696135934 -119.37718741536693,40.812248251371585,17047.699043602617 -119.3773460492201,40.81221141591674,16684.87392026619 -119.37737634726872,40.81220439109322,16615.43684501472 -119.37749613796483,40.812176627434624,16340.1445294938 -119.37764358496418,40.812142528512666,15999.911812920109 -119.37778957940087,40.8121088237708,15661.190889814654 -119.37794095834393,40.81207391555763,15307.69764863646 -119.37800285727974,40.81205965428748,15162.376087107465 -119.37813432371102,40.812029370984945,14852.243020054533 -119.37827143991409,40.81199779622166,14526.217698332837 -119.3784126160409,40.81196528729069,14187.413633434055 -119.37844566470656,40.81195767777712,14107.618335424911 -119.37854164350867,40.8119356040944,13874.634604254099 -119.37867850184568,40.81190416682458,13539.155495998028 -119.37880255987687,40.811875756943394,13231.3061106365 -119.3788415825644,40.81186684548714,13133.66575524835 -119.3789431153966,40.81184371531323,12877.847311970596 -119.37905803836493,40.8118176724428,12584.868717597788 -119.37915767388395,40.81179523707603,12327.790146835645 -119.37921872484551,40.81178156096592,12168.802081273245 -119.37931261317694,40.811760655719915,11922.002803350717 -119.37941392801042,40.81173828252865,11652.454006361175 -119.37945427285585,40.81172943275115,11544.147238757714 -119.37951065489251,40.81171712792449,11391.781069254428 -119.37959697714052,40.81169844250982,11156.204794604211 -119.37969334899897,40.81167783118947,10889.652078964093 -119.37971158324999,40.81167396350541,10838.772475245505 -119.3797711357075,40.811661391623424,10671.525517539647 -119.37985670862422,40.81164352082604,10428.2139248633 -119.37992862224414,40.811628670767846,10220.77697261775 -119.37999634433814,40.81161482672731,10022.746285839396 -119.38009602185105,40.81159469205637,9726.05952327616 -119.38013743473502,40.8115864104498,9600.808867462913 -119.38019710239523,40.8115745568989,9418.131369962759 -119.38028517932489,40.811557219019555,9143.275916910918 -119.38031714170693,40.81155096916811,9041.872974241318 -119.38037101853037,40.811540462335074,8868.780271991749 -119.38044501708954,40.81152606103365,8626.246763065403 -119.38047409377465,40.81152039674777,8529.30105947225 -119.38050034404077,40.81151528432856,8440.956059635724 -119.38054231169944,40.811507100142755,8297.989750380588 -119.38059250591805,40.811497298520756,8124.0981170709 -119.38062094497437,40.81149173826031,8024.102208793386 -119.3806501347796,40.81148603616598,7920.3398846399095 -119.38070118701218,40.81147607171894,7735.980884702 -119.38074939638852,40.81146670087751,7558.423709077411 -119.38076288606823,40.81146409008763,7508.112978605449 -119.38080222967356,40.81145651335578,7359.694446371579 -119.38084547974168,40.81144827142762,7193.53150712078 -119.38087028353196,40.81144359822006,7096.718624452891 -119.38089547658672,40.811438894128344,6997.155313251186 -119.38093644815675,40.81143135716829,6832.424308758131 -119.38097506950042,40.811424395988595,6673.632565644933 -119.38098838791993,40.811422029682994,6618.0164401074 -119.3810193435879,40.81141660046424,6486.932065683121 -119.3810577009095,40.81141001738526,6320.680642955714 -119.381080839861,40.81140612695359,6218.152223119961 -119.38111439592993,40.81140059852376,6066.194442288867 -119.38115548140411,40.811394024112715,5874.287151123782 -119.38116610525839,40.811392361257305,5823.516304174541 -119.38119152509807,40.811388452933755,5699.958105045769 -119.3812272724571,40.81138313869436,5520.79975128093 -119.3812428075807,40.811380903341515,5440.782724582658 -119.3812679805411,40.811377386511076,5308.062638403383 -119.3812968542296,40.81137353046199,5150.699925007609 -119.38131258696191,40.811371518187286,5062.403391646761 -119.38132925450172,40.81136946265369,4966.701604266332 -119.38135644332152,40.81136629841757,4805.324388112935 -119.38137334837698,40.81136446582017,4701.316847555549 -119.38139878187786,40.81136194260337,4538.741199586316 -119.38141881695239,40.811360192248465,4404.742729296976 -119.38143809168587,40.81135874741771,4270.100734744977 -119.38146256555653,40.81135732160001,4089.7423078837537 -119.3814682932834,40.8113570643615,4045.813742830042 -119.38148280715644,40.81135655947653,3931.1981750720834 -119.38150041926325,40.81135626654375,3784.977910367047 -119.38151101859056,40.811356282373126,3692.6421447352436 -119.38152744299245,40.8113566370503,3541.9974457745384 -119.38153873362221,40.811357147090035,3432.225036246596 -119.38154877762949,40.81135781311433,3329.5737135872464 -119.38156094850324,40.81135893157064,3197.783427897993 -119.3815660602329,40.81135951777165,3139.652846746063 -119.38157331553352,40.81136048104394,3054.0404714999813 -119.38158284572975,40.811362007521176,2935.4200396194833 -119.38158825250844,40.81136301937087,2864.709258724601 -119.38159258065517,40.81136391249705,2806.2236634223736 -119.38160075564367,40.81136581635271,2690.9464945691266 -119.38160635801017,40.81136729685095,2608.2362837464107 -119.38160959592423,40.81136822145021,2559.042669805599 -119.38161406766999,40.8113695878628,2489.2347282038413 -119.38161981736636,40.81137150369107,2396.2632820633016 -119.38162544918978,40.81137356672301,2301.3685018872548 -119.38163015259096,40.811375440294,2218.937580182013 -119.38163700523201,40.81137843206316,2093.081421178409 -119.38164052967325,40.81138009810588,2025.4171677002928 -119.38164484659949,40.81138226245434,1939.4457217529919 -119.38164966622742,40.81138484576946,1838.9410516823866 -119.38165347734741,40.81138701757076,1755.5861466155059 -119.38165633479389,40.811388723479034,1690.514272622059 -119.38166124237223,40.81139181236822,1572.7737139319213 -119.38166419854277,40.81139377218209,1497.6014352923614 -119.38166711218604,40.811395785170866,1419.7672007935898 -119.38167084651211,40.811398492003335,1313.6451007879284 -119.3816726273246,40.81139983786402,1260.113902405511 -119.38167398038478,40.81140087037288,1218.8174212785104 -119.38167488017045,40.81140156253978,1190.999999999999</coordinates>
                </LineString>
            </Placemark>
            <Placemark id="91">
                <name>Run 9</name>
                <description>States exported: 300 of 6,962
Launch inclination: 87.774 deg</description>
                <styleUrl>#92</styleUrl>
                <LineString id="90">
                    <tessellate>1</tessellate>
                    <altitudeMode>absolute</altitudeMode>
                    <coordinates>-119.10695,40.870683,1191.0 -119.10694999998667,40.87068299999956,1191.0000288853403 -119.1069493355064,40.87068297799458,1192.440124955692 -119.10693215161585,40.870682407107694,1229.50772852606 -119.10691700487016,40.870682053936726,1263.5563763068078 -119.10689947354791,40.87068194253431,1306.9325039723794 -119.10687125777856,40.87068198039827,1380.3547833201394 -119.10684963813362,40.870682117287636,1438.6555989865135 -119.10684022994033,40.87068219682323,1464.4470316828 -119.10682075162853,40.87068237577401,1518.3562943449124 -119.10679690570615,40.870682622051234,1585.2574726376206 -119.10675446754749,40.870683033543855,1706.1554255667236 -119.10672532430168,40.87068326253974,1790.1679302440248 -119.10668542182036,40.870683477763585,1906.1263957384047 -119.10663911889735,40.870683553247936,2041.7977293558051 -119.10660844439332,40.870683486836626,2132.2347222089297 -119.10657177975297,40.87068328354604,2240.8756766717165 -119.10653797597652,40.87068299659011,2341.435871305941 -119.10647298168473,40.87068217739737,2535.7961480177933 -119.1064549139089,40.870681886523656,2590.073979780387 -119.10641491701293,40.87068124335331,2710.1255386571565 -119.10636766080754,40.870680523350316,2851.6106390675736 -119.10633589391352,40.87068006610647,2946.476643019247 -119.10628086461328,40.87067932957423,3110.300406864275 -119.10624811225097,40.87067892697416,3207.470806714782 -119.10619719475518,40.87067835685761,3358.0246735546675 -119.10615795527313,40.87067796667529,3473.597326160322 -119.10611234808775,40.87067757030422,3607.4180081150357 -119.1060561306562,40.8706771705549,3771.59271714206 -119.10600395295563,40.87067689102128,3923.1738368100005 -119.10594807890114,40.87067669361104,4084.6156366555506 -119.10591756702136,40.87067663011969,4172.3830249327475 -119.10585922254899,40.87067659779947,4339.416820549951 -119.10580508622296,40.87067667134804,4493.448254161664 -119.10573002483298,40.870676935885,4705.452476122008 -119.10569117466333,40.870677146655495,4814.449356906851 -119.10562676765407,40.870677608546075,4994.012629728377 -119.10557886027846,40.87067804310113,5126.6382396736635 -119.10552476964043,40.87067862993724,5275.3956237685225 -119.10545014722962,40.870679610584425,5478.8600170380705 -119.10541083973762,40.87068020774728,5585.195617226942 -119.10533402055123,40.87068153901675,5791.2950426071375 -119.10528955563197,40.870682409322185,5909.5359149526375 -119.10522155200175,40.87068388755486,6088.854897034176 -119.10515631208675,40.870685475842166,6259.139498832994 -119.10510503079901,40.87068684641884,6391.784344845793 -119.1050202277267,40.870689357381586,6608.794504597875 -119.10497840863117,40.87069071090414,6714.734002588786 -119.10492729809458,40.87069246509501,6843.257418614441 -119.10485520583269,40.87069512683984,7022.764034887131 -119.10482074415555,40.87069647519027,7107.842348115051 -119.10477969155578,40.87069813776597,7208.573050185114 -119.10471889308135,40.870700713752456,7356.527600830605 -119.1046416527035,40.87070416049868,7542.37904270925 -119.10461610779457,40.870705338557386,7603.316692349217 -119.10455988171977,40.87070799543765,7736.492507611445 -119.10448372437187,40.870711718179905,7914.7691204984085 -119.10442979901958,40.870714431264524,8039.504627188153 -119.10438783552988,40.87071658722575,8135.701332930566 -119.10430621458725,40.87072087876523,8320.591571777812 -119.10422342932014,40.87072536457157,8505.112191147364 -119.10419312811779,40.870727041119586,8571.895877092556 -119.10413519268872,40.870730311174526,8698.479554332838 -119.10405019563134,40.87073526423114,8881.593523205387 -119.10396377183503,40.870740523699354,9064.712208299225 -119.10392576868536,40.870742910752995,9144.279860878838 -119.10384892803515,40.8707478918603,9303.43237968458 -119.10376079670158,40.87075386505684,9483.187259979928 -119.10368502711403,40.870759228853466,9635.420812164872 -119.10362257519726,40.87076380936162,9759.343101358872 -119.10352832448729,40.87077100181956,9943.777402317075 -119.1034922253125,40.87077360758956,10015.13088754909 -119.10341861094015,40.8707764878389,10175.517783007603 -119.1033655249065,40.870775734955004,10308.07715831978 -119.10328165269087,40.87076684589847,10561.741690432189 -119.10320575070325,40.870744535748614,10869.747556721917 -119.10319180865011,40.87073796617138,10939.49690767031 -119.1031563127979,40.870715676058694,11146.49921270612 -119.10311727549177,40.87067615299502,11454.435094313198 -119.10310390427506,40.87065619465687,11594.511841349631 -119.10308176677763,40.87061178198306,11888.097829976516 -119.10305820271469,40.87054030219142,12332.492377795146 -119.10305045045442,40.8705084236685,12524.367467332004 -119.10303461960869,40.87042438908829,13020.053281181497 -119.10302844574562,40.87038362270157,13257.345696606208 -119.10302352292958,40.870347449648214,13466.715737220651 -119.10301613366141,40.870294059438876,13775.754568841667 -119.1030060242299,40.87022544947333,14173.443482016015 -119.10299979001945,40.87018518936356,14407.195724754625 -119.10298593348156,40.87009972840556,14904.092650547625 -119.10297355660435,40.87002690403849,15328.106913461364 -119.10296022782069,40.86995065471599,15772.662164460568 -119.1029412034146,40.86984428716303,16393.629164983 -119.10293070247066,40.8697860500327,16734.005685339565 -119.10291904516895,40.86972197566668,17108.468042066663 -119.10290046305742,40.86961962134424,17706.81633995154 -119.10287926201747,40.86950210100476,18393.430864549195 -119.10286279616197,40.869409840037335,18931.757131406015 -119.102846772629,40.8693190914589,19460.716745897982 -119.10282397383364,40.86918765131656,20225.449190007857 -119.10280153353119,40.869055369621414,20993.401732039743 -119.10278828614224,40.86897589061912,21453.96028985071 -119.10276292220206,40.86882023135984,22353.990818264545 -119.10275022171207,40.86874052339375,22813.807258832305 -119.10272184916977,40.868557650845275,23865.791042730205 -119.10270878416343,40.86847105438839,24362.48032414764 -119.10268659803509,40.86831994181381,25227.05139471404 -119.10265541962667,40.86809786767977,26492.48075750216 -119.102642703216,40.868003567129165,27028.049500411053 -119.10262185569648,40.86784419540554,27930.682693519502 -119.10260054603388,40.86767422910529,28889.947862989033 -119.10257798491143,40.86748551606237,29950.76159897784 -119.1025463347435,40.867203650578325,31526.852251970507 -119.10252906934105,40.86704008882414,32436.69359639224 -119.10249214127684,40.86666161162839,34528.652099442166 -119.10245623752225,40.86624448175858,36812.1931265359 -119.10241876775835,40.86573113786068,39590.658572191955 -119.10238061381881,40.86505807313104,43180.155970882675 -119.10234885437184,40.86417134071105,47816.12521608882 -119.10233833273006,40.86297676488853,53894.29999012788 -119.10239000165865,40.86117359046388,62705.219818316065 -119.10262189096346,40.85837995034508,75493.2745870027 -119.10309894381335,40.85517312843177,88884.20057032438 -119.10310414573095,40.85514455852545,88997.32262258613 -119.10369386139465,40.85232950248953,99608.36205555526 -119.10453875040963,40.849123850447796,110401.30897286473 -119.1055023477296,40.846052522169394,119452.62386506743 -119.10659725264998,40.84298204986455,127239.48754954268 -119.10780440786381,40.83991253428204,133761.88737261784 -119.10916311769711,40.83671067343605,139219.73399515974 -119.11054040725917,40.83364336064764,143158.1976692724 -119.11197196052781,40.830577214718296,145832.17052401384 -119.11350300105696,40.82737904212027,147274.24514454434 -119.11492164563388,40.82444855610387,147386.62670890076 -119.11640167099769,40.82138607024803,146267.1065895079 -119.11785974719993,40.81832480502726,143883.08875340672 -119.11933720778117,40.81513171485559,140047.26149388397 -119.12069118162293,40.81207284859849,135079.28273296342 -119.12196521587398,40.80901508310728,128846.82287325185 -119.12318879968205,40.80582549440117,120995.25468321459 -119.12424017597144,40.80276993331123,112178.88906875545 -119.12515333732205,40.799716208196024,102098.09385127589 -119.12590782499923,40.796669108413674,90753.14601304148 -119.12648275794005,40.79363997330721,78188.99650938342 -119.12667972746506,40.792263011782204,72015.27340710563 -119.12680819816582,40.79112962668944,66683.79203840105 -119.12689620864725,40.79020632495397,62333.00652680047 -119.12694875503229,40.789436648159,58486.565291680476 -119.12699056892107,40.788724251161256,54978.28681732504 -119.12700203876182,40.78839844709072,53276.45036273909 -119.12701783174376,40.78794099061469,50944.700972749975 -119.12702497685135,40.787640482846705,49388.16513446852 -119.12702790527892,40.78731776279636,47660.355443459324 -119.12703263374824,40.78701669125339,46116.08542966221 -119.12702976005903,40.786724024283984,44505.65424190489 -119.12703098004265,40.78654149602694,43569.19769164376 -119.12702615295467,40.78629248993174,42192.26592787778 -119.12702387516588,40.78609825868918,41157.621888191105 -119.12702010937844,40.785911415602115,40145.179048300364 -119.12701297427621,40.78565235463715,38725.3551732711 -119.127002773295,40.785409981536766,37354.81963417423 -119.12699538500148,40.78517924495964,36104.25781589919 -119.12698792073307,40.785047246397056,35341.70432965583 -119.12698324482956,40.78490808954198,34595.36408437647 -119.1269720000618,40.7847103535515,33468.17035450048 -119.12696237293102,40.78455907552541,32596.1733449522 -119.12695332861624,40.784384301869295,31629.319294806464 -119.12694481828835,40.784277139302546,30992.760221650646 -119.12693444864782,40.78411905082488,30093.440723760883 -119.12692599680518,40.78398243199472,29328.673659071857 -119.12691798633976,40.783895539736605,28802.931424704602 -119.12691353741629,40.78381888750325,28381.352968010215 -119.12690279431942,40.78369458942939,27644.825287755644 -119.12689226355579,40.783564409854016,26887.357415171995 -119.12688785303409,40.78350274294654,26538.630740646688 -119.1268776254864,40.783389572278715,25867.203782298417 -119.12686756691305,40.78327254831789,25183.282824808295 -119.1268627145411,40.78321215893302,24836.447701068653 -119.12685391944353,40.78312165321281,24294.767469680584 -119.12684900581118,40.78306050302033,23945.544254992175 -119.12684196097179,40.78299299801421,23535.98013141911 -119.12683431290024,40.78290976938672,23048.51934220801 -119.12682801720494,40.78284526373134,22666.157265425132 -119.12682282691586,40.782793995286006,22360.1218426793 -119.12681450891522,40.782709867247576,21862.21771884912 -119.1268054412504,40.78262330085467,21343.82909090556 -119.12679838824415,40.78255938769575,20956.746042052022 -119.12679337335038,40.782509940679255,20664.681696423224 -119.1267879577218,40.782462675009455,20376.641060449925 -119.12678075383141,40.78239661482493,19980.565719621678 -119.12677221317253,40.782320331183385,19521.305522760784 -119.12676352303103,40.78224493887496,19065.426407236482 -119.12675847201541,40.78220312076335,18809.951093947348 -119.12675072078773,40.78213858019082,18417.884739206766 -119.12674196262684,40.78206761553356,17985.545319278364 -119.12673327009581,40.78199956057096,17569.328773858517 -119.12672585132687,40.781943320914756,17224.319162757285 -119.12671736038278,40.78188159181487,16843.50967784822 -119.12671350447324,40.78185469839566,16676.427734005447 -119.12670889301616,40.781822857846876,16479.384908694996 -119.12670064159951,40.781768619142156,16141.451900707667 -119.12669136380828,40.781711284701444,15782.506278554161 -119.12668136283625,40.78165391976869,15421.449716683004 -119.12667685405509,40.78162960256841,15267.709378860454 -119.12666931125759,40.78159064069535,15020.74800709916 -119.12665848456217,40.781538827213566,14690.547844247414 -119.12664624391023,40.78148535904595,14347.67338900062 -119.12663837855726,40.7814535551924,14142.594476078626 -119.1266315785504,40.781427502099156,13973.841730262853 -119.1266201586637,40.78138647639761,13706.7212838929 -119.12660488711676,40.78133639017817,13377.747176635667 -119.12659536012671,40.781307564374565,13186.820304320057 -119.12658661285442,40.78128243722178,13019.33150577063 -119.12656998877645,40.781237919557334,12719.975354707252 -119.12655146176645,40.78119249530125,12410.668272184523 -119.12654206285852,40.78117088215875,12261.997433387298 -119.12652689784902,40.781137749828105,12032.157891100624 -119.12650621642574,40.781095605708025,11736.108611962509 -119.12649249902707,40.78106934782118,11549.399803152046 -119.12647665174762,40.78104054380309,11342.388517500965 -119.12645488619631,40.78100336436103,11071.508937897115 -119.12643837767415,40.78097685499928,10875.55220558715 -119.12642966959271,40.78096340942265,10775.241475424371 -119.12641131766732,40.780936207249304,10570.285404788288 -119.12638859556043,40.78090449715722,10327.818472737279 -119.12637382819017,40.78088495622783,10176.414727063058 -119.12634851047343,40.78085322904825,9927.240142780123 -119.12631659473512,40.780816108229466,9630.163713607077 -119.12630466341197,40.780802971329045,9523.555287399371 -119.12627678488677,40.78077369077585,9283.07318191559 -119.1262499470149,40.78074720466833,9062.089530356523 -119.12623459007307,40.78073271954874,8939.906819123828 -119.12620527380578,40.78070629292636,8714.633149775305 -119.12618336381445,40.78068748691182,8552.630239448772 -119.1261791737019,40.780683975366834,8522.23356037874 -119.12616397235888,40.78067145231282,8413.36824208618 -119.12614115277171,40.78065325395153,8254.092049816049 -119.12611252327845,40.78063136074374,8060.67236189281 -119.12610053352937,40.780622479536184,7981.619265438537 -119.12607870808237,40.78060672242788,7840.38854440584 -119.12604802997885,40.78058541008603,7647.267825408233 -119.12603243872638,40.780574930120196,7551.327546419107 -119.12601803893196,40.78056546129131,7463.998969302712 -119.12599120128733,40.780548325520606,7304.297486661945 -119.12595829869748,40.78052821305406,7113.676449839996 -119.12594593103844,40.78052090424731,7043.446006752348 -119.1259181463392,40.78050497185054,6888.415788454097 -119.12588522493049,40.780486950214275,6709.477013224194 -119.12587393693394,40.78048098013529,6649.274849595978 -119.1258530947525,40.78047021982467,6539.607986424789 -119.12582114353047,40.78045437777197,6375.148031187165 -119.12579574219203,40.78044231663305,6247.432579937341 -119.12577163119003,40.78043128339655,6128.576178737944 -119.12573329945411,40.78041453004966,5944.158888797871 -119.12570905023935,40.780404405072964,5830.237406741166 -119.1256806260092,40.78039298180197,5699.261574054662 -119.12563813057761,40.78037675539076,5508.328426120346 -119.12561874178,40.780369676045815,5423.056743993832 -119.12558485603626,40.780357766981865,5276.654075551457 -119.12555524853734,40.78034782456567,5151.3464489985245 -119.12553145704665,40.78034013482433,5052.336346211972 -119.12549323757166,40.780328319008426,4896.272595238679 -119.12545796147232,40.78031797770025,4755.336352223732 -119.12544044732003,40.78031303971855,4686.42685219307 -119.12540305414379,40.78030292169297,4541.569984010666 -119.12536772788393,40.78029388674548,4407.459099887237 -119.12533493977381,40.780285943562276,4285.243302881365 -119.12528687163673,40.78027503666966,4109.728577772485 -119.12526168847965,40.78026965842924,4019.402323120775 -119.12521841905904,40.780260930274956,3866.645919764823 -119.12518526141542,40.78025465966299,3751.5617455034235 -119.12514416617127,40.78024736114679,3611.1551993902035 -119.12509679829486,40.78023955787098,3452.181116502231 -119.12506697726387,40.78023495951102,3353.5670494622823 -119.1250237933701,40.7802287058721,3212.6377122438694 -119.1250027036417,40.780225818176206,3144.5719088323754 -119.12497645963958,40.78022236742235,3060.4957241151587 -119.12493672625678,40.78021742804374,2934.410134105417 -119.12491045034679,40.78021433732674,2851.727990722232 -119.1248807289649,40.78021099923915,2758.7582148593306 -119.1248530702546,40.780208034657456,2672.6761183422786 -119.12482356578273,40.78020501445691,2581.200593882562 -119.12481151102823,40.780203821090986,2543.916532188805 -119.12479150276523,40.78020189049472,2482.1311773548778 -119.12475948733423,40.78019892666661,2383.4882299334295 -119.12473205727332,40.780196504308705,2299.151428090062 -119.12470333262792,40.780194075237766,2210.9799440883726 -119.12466499607426,40.78019099035842,2093.479454428851 -119.12464385487023,40.780189358603934,2028.7425177567104 -119.12461533853883,40.78018722562482,1941.4741939450896 -119.12458854204553,40.78018528285286,1859.505347860247 -119.12455787979658,40.78018311855064,1765.7362675973443 -119.12452526922335,40.78018086806485,1666.0133622143035 -119.12448386245298,40.78017805436595,1539.3535935809884 -119.124467621434,40.78017695584255,1489.649504866751 -119.12444361574659,40.780175334417166,1416.1490497414695 -119.12440896307888,40.78017298858049,1309.9432215494298 -119.12439271581266,40.78017188404929,1260.0905580469353 -119.1243804696305,40.78017105085161,1222.419332089116 -119.12437027730739,40.78017035666045,1191.000000000045</coordinates>
                </LineString>
            </Placemark>
            <Placemark id="101">
                <name>Run 10</name>
                <description>States exported: 300 of 6,688
Launch inclination: 86.971 deg</description>
                <styleUrl>#102</styleUrl>
                <LineString id="100">
                    <tessellate>1</tessellate>
                    <altitudeMode>absolute</altitudeMode>
                    <coordinates>-119.10695,40.870683,1191.0 -119.1069499999835,40.87068299999739,1191.000026806923 -119.10694938328992,40.87068290252362,1192.002260376967 -119.10692868188198,40.87067962953968,1225.5186520625236 -119.10690413588055,40.87067579221264,1266.2721591749112 -119.10687052485626,40.870670571944444,1326.3873059921557 -119.10682916463341,40.870664101281875,1402.9883893806198 -119.10680682236486,40.87066057894167,1445.0868675759828 -119.10678312933169,40.870656822690165,1490.1603787898528 -119.10675967711968,40.8706530838601,1535.0656711507802 -119.10671946386432,40.87064661992876,1612.6608474382028 -119.10665736639015,40.870636459261775,1733.5948930741645 -119.10661929363265,40.87063012158979,1808.1885426768997 -119.10656447347742,40.870620850512516,1916.0412768108665 -119.10649840837438,40.87060943908823,2046.5968865282284 -119.10644820246269,40.87060058806039,2146.1707872374527 -119.10636988732551,40.87058649242989,2302.032936746431 -119.10631521996804,40.870576478477,2411.1172736725994 -119.10623351281417,40.87056123947488,2574.623061286446 -119.10620757514499,40.87055635257867,2626.598984550007 -119.1061227161821,40.87054041324411,2796.3424393945425 -119.10608087502578,40.87053258354914,2879.8600937674923 -119.1060079511356,40.87051899120376,3025.1079488909054 -119.10594260446372,40.870506874609525,3154.900013109044 -119.10591481185192,40.87050174056762,3209.993298018203 -119.10585383882155,40.870490518994316,3330.6267915919507 -119.10578631243017,40.8704781625999,3463.834697019643 -119.10572420854146,40.87046686854631,3585.971216533989 -119.10563016659286,40.87044990148433,3770.210290518566 -119.10556979984005,40.87043909983268,3888.01118598729 -119.10547718924268,40.87042267201834,4068.0044405153794 -119.10544647417566,40.87041726267037,4127.500781656499 -119.10538172224648,40.870405922888835,4252.594400770409 -119.10531226450613,40.87039385734584,4386.265728308315 -119.1052539775326,40.87038381117226,4498.019834022607 -119.10514797529008,40.87036572650584,4700.253654276646 -119.10509048368486,40.8703560190477,4809.382135370263 -119.10500791779889,40.870342205439385,4965.400524765344 -119.10492668099951,40.87032876287429,5118.077538731199 -119.10484440155668,40.870315303273905,5271.85211980666 -119.10473443506187,40.87029756716859,5475.978231584517 -119.10468971740866,40.87029043937139,5558.51794358033 -119.10459721564395,40.87027585458033,5728.377989419538 -119.10452062501653,40.870263943910764,5868.104730179504 -119.10443770683214,40.87025122385426,6018.423255020754 -119.10432410069329,40.870234099288915,6222.737252803427 -119.10426880900465,40.87022589544673,6321.482189995465 -119.10417643386201,40.87021238745506,6485.432222121643 -119.10407230674916,40.87019746635813,6668.691958009928 -119.10403867319589,40.87019271610012,6727.534642322398 -119.103964412147,40.87018234707917,6856.849871629481 -119.10387317993936,40.87016983249135,7014.574682047631 -119.1038181771928,40.870162405635,7109.056706620069 -119.1037623363452,40.87015494997484,7204.505821582761 -119.10366916504935,40.87014270033954,7362.707051100979 -119.10355953000175,40.87012857033305,7547.158526013536 -119.10353121850105,40.87012496849322,7594.486608982756 -119.1034476440056,40.87011444947727,7733.4424206173735 -119.10333887427795,40.87010099888744,7912.584275565405 -119.10326234699423,40.87009169228412,8037.4369252456545 -119.10320610378308,40.870084936835916,8128.561065600128 -119.10309441852618,40.870071725555285,8307.884130755807 -119.10298386600317,40.87005891876769,8483.228524754339 -119.10293787546973,40.870053671423435,8555.535305021142 -119.10286844608896,40.87004585128978,8663.995959276932 -119.10277693646724,40.870035724068316,8805.660124177966 -119.10266333658943,40.87002346027312,8979.519931711255 -119.10259653459565,40.87001641922154,9080.741721460088 -119.10252527677787,40.87000904524973,9187.895738391022 -119.10240559536287,40.86999700071915,9365.997545635915 -119.10227949269398,40.86998477239088,9551.164602639292 -119.10220431592553,40.86997771141639,9660.36084815323 -119.10211636527198,40.86996966604119,9787.004518904492 -119.10200681404004,40.8699599731853,9943.107784563197 -119.10194396934033,40.869953834103015,10034.088308071212 -119.10183721683562,40.8699390035143,10201.2299898814 -119.1017720100173,40.86992655571294,10312.888521996483 -119.10163657660966,40.86988996732255,10574.330411270073 -119.10150432189147,40.86983595412262,10878.394946290795 -119.10146986603243,40.86981817717169,10967.223751666625 -119.10139496058063,40.869773359439534,11176.307541564294 -119.10130194408191,40.86970443430978,11470.660995273518 -119.10126484217224,40.86967253322537,11599.708611560854 -119.10118333799285,40.86959483068701,11903.478290329169 -119.1010792640739,40.86948307396951,12324.916982387229 -119.101026932732,40.86942273908371,12547.937652861483 -119.10090290164659,40.86927207951527,13097.237912998857 -119.10086501751448,40.86922458966261,13269.014886256742 -119.10078907765342,40.86912828246971,13616.244829109664 -119.10068232477148,40.86899405936381,14100.41838778174 -119.10064906075523,40.86895255772294,14250.2030961133 -119.10055777034836,40.868839233325346,14659.439015216 -119.10043823066256,40.86869204948451,15191.152191111893 -119.10038774129036,40.86863021367305,15414.58747781554 -119.10025862370705,40.868472705268864,15983.892646956989 -119.10009790936746,40.86827751158823,16689.54754589185 -119.10005174765398,40.86822156365538,16891.766331125375 -119.09993370315536,40.868078624382775,17408.2152182344 -119.0997827621892,40.867895927225206,18067.727561195188 -119.0996266294159,40.867706791938495,18749.442384255653 -119.0995797688054,40.8676499594574,18954.034974127597 -119.09946367062004,40.86750908453948,19460.744635160543 -119.0992855325236,40.86729245362162,20238.3710117523 -119.0991173829508,40.86708743486768,20972.56615121532 -119.09904396476693,40.86699776105325,21293.157506066065 -119.09885493719014,40.866766353729496,22118.817300565366 -119.09873870926948,40.86662369128935,22626.66176563076 -119.09852813363314,40.866364460770626,23547.00143791122 -119.09836183887239,40.866159015111556,24274.08902849904 -119.09823073580279,40.86599657794723,24847.575748249183 -119.0979938314754,40.86570197476809,25884.39848602637 -119.09775901959071,40.86540855770237,26912.92772247817 -119.09762895273352,40.865245453991214,27482.859584755195 -119.0973432570517,40.86488572670134,28735.442152498425 -119.09721093667491,40.86471842049989,29315.869521578676 -119.09691591045514,40.864343895016994,30610.208298984653 -119.09668027506892,40.864043273908784,31644.119369366363 -119.09636779728714,40.8636425534008,33015.24774588467 -119.09588603169256,40.863020114178646,35128.84764413165 -119.09534632940998,40.86231618238891,37495.42150655399 -119.09471794313068,40.86148763538682,40248.4543708459 -119.09390328522814,40.86039893473944,43812.264201214675 -119.09288462843053,40.85901405662745,48257.487715218034 -119.09154057933301,40.857145438779625,54098.96342831498 -119.08948263411399,40.85418860479948,62975.336541689365 -119.08654169264314,40.84974753264888,75465.09009723597 -119.08356458905284,40.844969539252666,87778.11650901398 -119.08063983344415,40.839972010455476,99414.09298974647 -119.07800441998025,40.83518957725484,109361.3435505999 -119.07540041250185,40.83018759017331,118524.16358540472 -119.0730369435687,40.82540111192186,126105.77428715244 -119.07078105270266,40.82061280156216,132530.83250804277 -119.0685195512541,40.815604967017364,138011.32481528388 -119.06643179183575,40.810813139833726,142070.67796721315 -119.06440085302481,40.80601967903541,144973.453176831 -119.06232026365471,40.80100662857013,146771.5370211218 -119.0604235931325,40.796381074355935,147309.30699236927 -119.05848230119106,40.791629813608424,146742.27015563552 -119.0564219185884,40.786611863593066,144912.8761815727 -119.05442349205329,40.78181047568097,141980.1494542523 -119.05423145739346,40.781353877898766,141641.09472546988 -119.05252612127765,40.777344312651365,138215.27786053577 -119.05042796517877,40.772539799172634,133050.48870492395 -119.0481528139228,40.76751509873991,126414.31477020559 -119.04588122274225,40.76270710977139,118883.82423043429 -119.04349955983648,40.75789750507421,110196.78704694484 -119.04087439591076,40.7528685634895,99878.33178040759 -119.03821928882934,40.74806281873325,88826.16283096523 -119.03561497572831,40.74360695078286,77542.18525115022 -119.03432814063184,40.741496081971675,71821.90366982267 -119.03314103084963,40.73960040099134,66468.64979687415 -119.03205175400309,40.73789445787866,61569.126783171014 -119.0311077529662,40.736452240081555,57242.314691455314 -119.03020516855544,40.73509492752159,53109.93423952586 -119.02953686474116,40.7341028842489,50054.04905657503 -119.02913931670545,40.73352340221122,48197.91942006125 -119.02878141741434,40.73299979112106,46564.433487885144 -119.0283695633831,40.73240769884318,44638.450418731074 -119.02791026429713,40.73174812527294,42518.73698925458 -119.02750751281906,40.73117432449035,40656.41713147007 -119.02710058878208,40.73060098922156,38756.983452433415 -119.02675197936743,40.730113834651874,37122.77658180655 -119.02639836106935,40.72962159295231,35470.319960070294 -119.02610066013267,40.7292090394212,34080.405349747205 -119.02585071360436,40.72886319886399,32918.941956924835 -119.02559731301518,40.72851502757106,31733.84362690983 -119.0254514653928,40.728317255992444,31038.746598491867 -119.02524974896164,40.7280417835351,30093.809361396423 -119.02505618278205,40.72777773267672,29189.596292566803 -119.02496007866618,40.72764848797449,28730.646868091935 -119.0248090474068,40.727443376977405,28023.472584140964 -119.02464202937755,40.727217276181904,27239.546978334412 -119.02454636920395,40.72708940933672,26781.43894777456 -119.02439311598867,40.72688297541654,26059.2223558628 -119.02423579018426,40.72667143497155,25317.347757397936 -119.02409879299407,40.726487601534,24670.715516843982 -119.02401560140844,40.72637703702397,24272.266258732958 -119.02392066708141,40.726249717640826,23825.575202009142 -119.02379153091553,40.72607747264514,23213.602220361237 -119.02367860867074,40.72592745518322,22676.326166269413 -119.0235702248937,40.72578377597524,22160.225243183646 -119.0234609064138,40.725638843074634,21641.17452131181 -119.0233789276263,40.72553008934142,21253.277906970106 -119.02331894562838,40.725451137154295,20966.26211726994 -119.02325512186482,40.72536664834803,20664.32100267863 -119.02315229878928,40.72523121880403,20174.909757380152 -119.02305702140013,40.72510604416921,19720.950766924234 -119.02296473146409,40.72498503982766,19281.231073142004 -119.02287747454642,40.72487083668839,18865.75670674533 -119.02283773444672,40.72481882478373,18677.151680061597 -119.02276659941242,40.72472615236601,18338.2043267166 -119.02268415091724,40.724618972643846,17946.13787926245 -119.02262380830697,40.72454073018333,17659.770626220845 -119.02255241385723,40.72444856001868,17320.8768932474 -119.02247038262232,40.724343187022534,16932.154833345507 -119.0224174939995,40.72427561008092,16681.896319972995 -119.02238890710308,40.724239175048595,16547.066340231802 -119.0223264719844,40.72416003869081,16252.99274870348 -119.02225283970212,40.724067398321196,15907.770679885974 -119.02218375479234,40.72398129946715,15585.777705392364 -119.0221218274756,40.723904896164484,15299.096835163731 -119.02208494611098,40.72385977411389,15129.252036845004 -119.02201463516671,40.723774626001955,14807.85103437927 -119.02193909280975,40.72368451664241,14466.28795248067 -119.02187409777208,40.723608235062734,14175.87584568549 -119.02185780008882,40.72358929466915,14103.599449739262 -119.02181080883767,40.72353515701094,13896.398226675396 -119.02174330253085,40.723458609096284,13602.197215221973 -119.0216691749252,40.72337634251512,13284.072542788728 -119.02164393307214,40.723348779004304,13176.983108702227 -119.02159921230361,40.72330045333505,12988.596197811403 -119.02153093719734,40.72322806077949,12704.725412893575 -119.02145910294543,40.72315365571479,12410.724795287426 -119.02142018008108,40.72311408221683,12253.361195693626 -119.02136479663035,40.723058649119935,12031.741503025049 -119.02129075808226,40.72298612648177,11739.550470617894 -119.0212451818371,40.72294237098881,11561.953698326812 -119.02119547674548,40.72289543400902,11370.260864459442 -119.02112705782837,40.7228321396428,11109.710652132604 -119.02106535923917,40.72277638887068,10878.083369144908 -119.02104635816991,40.72275947186853,10807.388170269034 -119.02098850297021,40.72270869023888,10594.011080143302 -119.02091943783648,40.72264950024962,10342.997245719593 -119.02087289959722,40.722610484667456,10176.142564909382 -119.02081042742539,40.722559195029895,9955.065121553669 -119.0207376695823,40.72250100618712,9701.798667331981 -119.02070340190825,40.722474167885636,9584.084575395027 -119.02064914130138,40.72243239183402,9399.724591817807 -119.02056862654224,40.722371997933536,9130.739073446828 -119.02053979187811,40.72235082085567,9035.728492962146 -119.02048736697664,40.72231289536066,8864.751970547266 -119.02041770304939,40.7222636159241,8641.050606340546 -119.02038258905282,40.72223923734049,8529.794136461473 -119.02035756812414,40.722222049317885,8451.102961985876 -119.0203134196111,40.72219208353706,8313.440069272563 -119.02025514889915,40.72215321802102,8133.978008002669 -119.02022078141471,40.72213065053803,8029.287097471582 -119.02018680515798,40.72210859423159,7926.5819646715445 -119.02013351569765,40.722074496203355,7767.044868558813 -119.02006304607131,40.722030314027144,7558.7952069404 -119.02004804727306,40.72202104271411,7514.8530726028985 -119.02000914140186,40.7219972190285,7401.510902538488 -119.01994696556275,40.721959807187346,7222.186928783367 -119.01990470829007,40.72193485724991,7101.5804660419835 -119.01987423105984,40.721917104106616,7015.2371769100455 -119.01981786806464,40.72188481201945,6856.960488109203 -119.01975865750474,40.72185165315349,6692.665573548005 -119.01973798590956,40.721840262376126,6635.786431147229 -119.01969743176913,40.72181818569884,6524.9109017471455 -119.01964293106188,40.72178908663271,6377.397606901948 -119.01959353033068,40.72176326366443,6245.153657252063 -119.01954549661151,40.72173865054741,6117.8873709194295 -119.01947692512064,40.72170434226417,5938.429150810587 -119.01944326432994,40.7216878510883,5851.27917650645 -119.0194049929113,40.72166937776177,5752.9295338728625 -119.01934091165741,40.72163909504543,5589.986519325966 -119.01928699781779,40.721614238900095,5454.535706499271 -119.01923133256264,40.72158915940816,5316.216390739091 -119.0191637169026,40.721559478378566,5150.239327541573 -119.01912166541734,40.72154144421037,5048.113038909681 -119.01905154357607,40.72151208472813,4879.63573629314 -119.01899782955745,40.7214901898167,4752.079644538271 -119.01896023851951,40.72147517315584,4663.569785589147 -119.01890417213984,40.721453242773535,4532.696816352415 -119.01884885127205,40.72143215502732,4404.881317760261 -119.01879730889749,40.72141299710657,4286.938620347383 -119.01872941673084,40.721388470089245,4133.186466464026 -119.01868544305461,40.72137300583379,4034.5307372547013 -119.01862280274452,40.721351534268905,3895.199795816226 -119.01856208303747,40.721331329775154,3761.4319181341993 -119.01851255502682,40.72131527811389,3653.217878454958 -119.01844048822578,40.72129258441076,3497.128298588523 -119.01839186619551,40.72127770100485,3392.689110860953 -119.01833431818923,40.72126051393767,3269.9312541134123 -119.01828026375276,40.72124477976915,3155.4197388279936 -119.01825347146303,40.72123712140122,3098.9207024122816 -119.01820348148709,40.721223071152934,2993.9232410197733 -119.01814252752538,40.72120633498636,2866.531935158636 -119.01811600148204,40.721199179273015,2811.270388984733 -119.01807586492963,40.72118849031753,2727.813688917546 -119.01801978962311,40.721173819291934,2611.4373490043017 -119.01799589187034,40.72116765450247,2561.8849269384164 -119.01796843088859,40.72116063400816,2504.9775073749065 -119.01792753470626,40.72115029744456,2420.2447515376625 -119.01788144673347,40.72113881342985,2324.7616437300153 -119.01785502294459,40.72113230465691,2270.009368376143 -119.01780376483934,40.721119825522024,2163.7503776126227 -119.01774787852611,40.72110642491052,2047.7798435209927 -119.01772630728564,40.72110130481551,2002.9729801288565 -119.0176842523178,40.72109139857549,1915.5362280576574 -119.01763331916109,40.72107952030318,1809.470099122017 -119.01759312045031,40.721070223423304,1725.6074591000568 -119.01753748837561,40.72105744704076,1609.2940298366896 -119.01749064916478,40.72104674894173,1511.102751605858 -119.0174657587163,40.721041081415,1458.816941883467 -119.01742838378411,40.7210325872523,1380.1507616388242 -119.0173788895069,40.72102136321713,1275.6579965035035 -119.01736917154477,40.72101916217619,1255.0949084563103 -119.0173455352698,40.72101380824062,1204.9253355285468 -119.01733898446055,40.72101232497457,1191.0000000001069</coordinates>
                </LineString>
            </Placemark>
            <Placemark id="111">
                <name>Run 11</name>
                <description>States exported: 300 of 6,757
Launch inclination: 88.786 deg</description>
                <styleUrl>#112</styleUrl>
                <LineString id="110">
                    <tessellate>1</tessellate>
                    <altitudeMode>absolute</altitudeMode>
                    <coordinates>-119.10695,40.870683,1191.0 -119.10695000000639,40.87068300000169,1191.0000269121992 -119.10695025791713,40.87068306815051,1192.0854616437 -119.10695803741615,40.87068512457738,1224.8019124496316 -119.10697104038245,40.8706884647383,1272.5266415694302 -119.10698958923088,40.870692963664844,1329.1488849576056 -119.10700926189926,40.87069761056821,1385.2535194541217 -119.10703113331253,40.87070267872934,1445.1809975849192 -119.10704863797058,40.87070668091488,1491.9159730068557 -119.10706517975224,40.87071042891672,1535.4309409365064 -119.10708482443674,40.870714840650415,1586.409223684613 -119.10712311632496,40.870723300932184,1684.1718637244005 -119.10716011996227,40.87073131610277,1777.1909176249442 -119.10719499360822,40.87073874200304,1863.9246820223436 -119.10725120590482,40.87075045565497,2002.2371320548878 -119.10727587129635,40.8707554977643,2062.4383718336794 -119.1073250406863,40.87076537518375,2181.69420904362 -119.10738209627237,40.870776583785826,2319.0071794551945 -119.10744909111233,40.870789456594316,2479.057200392442 -119.10749788078927,40.870798637363436,2594.842749242402 -119.10754286777015,40.87080707059178,2701.3839994765926 -119.10757910179315,40.87081388493301,2787.167471716328 -119.10761872491653,40.8708213613956,2880.959798896666 -119.10767538594298,40.87083210309971,3015.0748293604934 -119.10773536098911,40.87084354431638,3157.054936923261 -119.10776598646079,40.870849416603335,3229.567472483014 -119.10783758635509,40.87086323116668,3399.153636968609 -119.10787806637457,40.870871098056206,3495.077496871923 -119.10794421422672,40.87088404745229,3651.906439546874 -119.1080040738244,40.870895873160904,3793.930886605564 -119.10806498516435,40.87090801707434,3938.566821973607 -119.10813058555915,40.87092122800236,4094.485300238087 -119.1081861362108,40.87093252515753,4226.6522506146775 -119.10824977234327,40.8709455956317,4378.2247934763145 -119.10831541787307,40.870959226545,4534.790805349846 -119.10840854819581,40.87097882974554,4757.310197719752 -119.10844040242291,40.87098560903654,4833.54040683147 -119.10851095725542,40.87100076442557,5002.623508945049 -119.10856015070227,40.87101144933158,5120.724791966986 -119.1086250728599,40.871025707558054,5276.876402471087 -119.10870125983844,40.87104267986911,5460.581844424859 -119.10875567740064,40.87105496975848,5592.12997263662 -119.10882890563475,40.87107174077379,5769.633619651403 -119.10887553521614,40.87108256522803,5882.974765679223 -119.10894394332944,40.871098663508874,6049.72081557125 -119.10902687787365,40.87111854835674,6252.679996909721 -119.10906680053039,40.87112827363947,6350.711374866192 -119.10913429622751,40.87114495654326,6516.967770789968 -119.1091971931297,40.871160790833095,6672.508130796528 -119.10923031909935,40.8711692439534,6754.668065806237 -119.10928530308068,40.87118345574355,6891.421985104701 -119.10935552280601,40.871201938267454,7066.772037910381 -119.109384997675,40.87120980951145,7140.616417965307 -119.10943466508888,40.8712232201209,7265.38768327785 -119.10950059367842,40.87124131134275,7431.680391593305 -119.10954977696791,40.87125502124723,7556.259723124915 -119.10957757628816,40.871262852789776,7626.8964930198335 -119.10964024554515,40.87128073020241,7786.756767740952 -119.10970801984382,40.87130041749241,7960.711489014451 -119.1097482488578,40.87131228347715,8064.556977494394 -119.10980238706598,40.87132847853577,8205.059329312444 -119.10987424014887,40.87135039337056,8393.002109851303 -119.10992729096323,40.87136690187767,8532.938005437998 -119.1099496911514,40.87137396383061,8592.335143231092 -119.10999626125133,40.87138883127966,8716.44173453646 -119.11005436037983,40.8714077531654,8872.472090389108 -119.11009566137868,40.87142147730033,8984.215761950898 -119.11012810333598,40.87143242843318,9072.478239579505 -119.11016536604647,40.87144519501824,9174.399108607146 -119.11022873795078,40.87146740995654,9349.077117318466 -119.11029427911296,40.871491087488195,9531.559497897853 -119.1103386105089,40.87150753216927,9656.063932413135 -119.11036788360339,40.871518586987854,9738.755032571917 -119.11042952988683,40.87154240741559,9914.165514234684 -119.11047679311721,40.871559648296795,10044.195433088304 -119.11052522424961,40.871572955796566,10161.014867409744 -119.11057691882469,40.87158365084763,10272.733294859027 -119.11068279983785,40.87159815666439,10474.853750027038 -119.11084002795155,40.87160852636016,10736.227072089416 -119.11093362252593,40.8716106876701,10878.512872249827 -119.1110400761086,40.87161060395585,11032.278460308906 -119.11125420934867,40.87160478003842,11323.283492549395 -119.111447454484,40.87159517109912,11571.461292536664 -119.11155881059518,40.87158847429877,11710.479707023831 -119.11188143088101,40.87156629548302,12103.295917034593 -119.11213321997421,40.871547217827,12403.176640306912 -119.11244831105986,40.87152210062557,12773.416191269904 -119.11280691983691,40.8714926029599,13190.521509982133 -119.11292433934547,40.8714828235892,13326.43194770823 -119.11328694450609,40.87145252394077,13745.38025016907 -119.11365431029162,40.87142198770535,14170.195035983592 -119.11385659391915,40.871405257758624,14404.240713724637 -119.11423822587776,40.87137383587609,14845.935658912158 -119.11464718638466,40.87134034962085,15319.310815783783 -119.11497793199496,40.871313423159336,15702.004872708714 -119.11549678498187,40.87127144262071,16301.872539849384 -119.11585493518818,40.871242663848605,16715.397966698816 -119.11613755579909,40.871220021119896,17041.419071596898 -119.11663818746192,40.87118010089591,17618.022400551545 -119.11719398583271,40.87113597951504,18256.73142690625 -119.11773789275325,40.87109293304201,18880.186414988002 -119.11807493144273,40.87106632870299,19265.70632520488 -119.11869285336472,40.87101763262227,19970.826546526696 -119.11939383386424,40.870962524219586,20768.000993139867 -119.11976409023242,40.87093347466292,21187.877868130323 -119.12046196498967,40.87087881252323,21977.05556221515 -119.12092054398036,40.8708429567712,22494.016104599486 -119.12157639717886,40.87079174134153,23231.131025565355 -119.12248972034646,40.87072053233957,24253.20882652218 -119.12299666005309,40.87068107600567,24818.256682930678 -119.12405000347732,40.87059922385957,25987.17936721791 -119.12491949898926,40.87053182737979,26946.760619779456 -119.12557977581297,40.87048074489583,27672.28364968228 -119.12664105755331,40.87039884359904,28832.657279804385 -119.12733907645061,40.870345083968715,29591.986552329825 -119.12852889477492,40.870253661933376,30879.341473621487 -119.12946852967154,40.87018162950516,31889.80455582192 -119.13086748560391,40.87007463418195,33384.13339129225 -119.13290317892248,40.86991944037905,35537.19796085376 -119.13518663523148,40.869746042184666,37922.321703854526 -119.13808602122161,40.86952685983067,40905.51888029162 -119.1418068638465,40.86924716844512,44660.54489533678 -119.14651590213398,40.86889567885067,49296.25094825458 -119.15326428600545,40.868396598699775,55716.62895467156 -119.16290076414178,40.86769302517149,64440.85834870845 -119.17901133000083,40.866539342472684,77902.44484213638 -119.19569467523645,40.86537238690614,90424.6413484424 -119.19718500616752,40.86526944574466,91475.28413233916 -119.20984276641263,40.864403353552824,99960.70042181178 -119.22610146422134,40.863311480704155,109736.71520514593 -119.24324223830486,40.86218383710968,118718.45373097224 -119.25975723958169,40.86111858166359,126124.88399492623 -119.27712942157657,40.86001896756014,132629.30604426726 -119.29459164840328,40.85893380926886,137867.52771131063 -119.31136129507195,40.85790942023431,141693.1737997601 -119.32894446218576,40.85685272363774,144454.02395924792 -119.34579482430833,40.8558556386629,145910.00007981434 -119.36265919517437,40.854871936414675,146207.46649966753 -119.38028696503645,40.85385783414487,145279.7577098041 -119.39712793247003,40.85290150524246,143207.54525612362 -119.4146946821661,40.851915985813605,139802.44941152094 -119.43144231419053,40.85098693573451,135360.5703470736 -119.4488749215338,40.85002984157525,129478.1080890584 -119.46621070700813,40.849087178769075,122329.44989268553 -119.48268444645515,40.848198933284955,114306.80171975373 -119.49977474944475,40.847284308774896,104680.86465931435 -119.51597509889035,40.84642300602362,94288.84850145192 -119.53228633793012,40.84556066469089,82529.457248613 -119.54219382394382,40.84503878510587,74730.05456499317 -119.54976291545103,40.844642098184224,68401.0774922295 -119.55508317857135,40.84436255077733,63791.09697204522 -119.55955574943859,40.844128328742634,59783.89073471928 -119.56339285171006,40.84392725258124,56263.42712298202 -119.56609161941606,40.84378606668362,53734.16172351535 -119.56761644291551,40.84370658349055,52280.51594952679 -119.57118660353561,40.84351969610929,48845.116771414956 -119.57276256137739,40.84343720808407,47305.67461903992 -119.57443286311793,40.8433498296061,45657.77109411853 -119.57700988364064,40.84321502953884,43083.819012393426 -119.57913377815177,40.84310414590609,40928.5556364887 -119.5809513805799,40.84300948011983,39057.70054786405 -119.58254863724542,40.842926261045136,37398.566909181 -119.58400296815614,40.84285030022533,35879.88930287976 -119.58536502957237,40.84277912717436,34447.299872570686 -119.58648242886805,40.84272079276289,33262.63353004352 -119.58747551136977,40.8426692240865,32196.491869279722 -119.58849904007288,40.84261601167912,31093.473154358348 -119.58932751012993,40.842572814538826,30200.07776511909 -119.59022080777493,40.84252627472145,29232.03501383303 -119.59088195105825,40.84249196101951,28509.78243756103 -119.59152295014295,40.84245882676028,27803.9869394498 -119.59201507853444,40.84243315681881,27267.478947602554 -119.59273975917944,40.84239564408178,26467.79383788939 -119.59341465813463,40.842360780982936,25718.899529538085 -119.59392352108256,40.84233454056763,25151.308700127964 -119.59456416331312,40.842301401273126,24437.396608676656 -119.5950401471513,40.84227672572874,23906.898931319058 -119.59559898203764,40.84224785724195,23279.583147225134 -119.59584455178901,40.84223523754647,23001.644648754766 -119.59624363777348,40.842214578511225,22553.19879165527 -119.5966332638057,40.84219452401928,22111.70270288703 -119.5971108717106,40.84216992352575,21570.148992687322 -119.59759233485708,40.842145142840074,21023.02293713796 -119.59798258361984,40.84212506435421,20578.83598482859 -119.59840952111061,40.842103146778484,20091.24645699958 -119.59882720331038,40.84208174841459,19612.71668494626 -119.5991990153529,40.84206273860938,19185.4633611021 -119.59948648483373,40.84204807499483,18854.084605762786 -119.5996979765271,40.842037286995904,18610.56371479268 -119.60003828765964,40.84201999770857,18217.2237675124 -119.60039236458861,40.84200209613416,17806.88452823773 -119.60060589575008,40.841991362903094,17558.77545463551 -119.60094584997854,40.84197436992983,17163.137233158446 -119.60127142427055,40.84195825436489,16783.12874985628 -119.6013975488647,40.84195206119565,16635.565301747156 -119.60162893245653,40.84194075354237,16364.38900306809 -119.60192828632681,40.84192627623466,16012.548358142087 -119.60223731328395,40.84191151015748,15647.943641874395 -119.60252522615295,40.841897920317265,15306.820991407514 -119.60266818649248,40.8418912394753,15136.87899961202 -119.60295370614307,40.84187802738967,14796.235999675224 -119.60321961486305,40.841865896233166,14477.366721632758 -119.60347703267976,40.841854326778076,14167.027947277771 -119.6035771272501,40.841849885116346,14045.888977306817 -119.60383986526311,40.8418384080686,13726.53915575426 -119.60411953751554,40.84182652837689,13384.256448759064 -119.60427805931994,40.84181998087525,13189.076422398179 -119.60438394212176,40.84181569052887,13058.225841189633 -119.60453143050113,40.84180983066145,12875.290239097994 -119.60471241802139,40.84180284441099,12649.707092492907 -119.60494026999642,40.84179440275162,12363.919317281494 -119.60503213918712,40.84179111578451,12248.11749939052 -119.60522083073774,40.84178458608848,12009.197458830733 -119.60545590824864,40.84177689447161,11709.48179048726 -119.60556675033787,40.84177344993275,11567.341614225566 -119.6056672264507,40.84177043519423,11438.018680574847 -119.60582977705022,40.84176578705418,11227.818848878827 -119.60602654225465,40.84176056896746,10971.671310772987 -119.60611287931552,40.84175843060507,10858.665196389762 -119.60622081287913,40.84175588129811,10716.83074022915 -119.60637792703848,40.84175244151723,10509.226169270023 -119.60657758084315,40.84174853508488,10243.331520037666 -119.60666693319652,40.84174695724965,10123.535618340073 -119.60686354837746,40.841743865477234,9858.084626340622 -119.60703450185368,40.84174160898321,9625.08280126545 -119.60712237101212,40.84174060510173,9504.480216042874 -119.60729796285159,40.841738919943595,9261.660491351848 -119.6074401887912,40.841737864106854,9063.109722864683 -119.60750234249501,40.84173748408822,8975.788182398017 -119.60763025952441,40.84173685044045,8794.96274844319 -119.60772291279935,40.84173650794666,8663.013602483974 -119.60781517128827,40.8417362522663,8530.776074752921 -119.60787206388343,40.84173614137049,8448.801645530184 -119.60797112693483,40.84173602819336,8305.25703758927 -119.60810080345244,40.84173603860242,8115.764849386005 -119.60816118239269,40.84173610570833,8026.903001824691 -119.60823291192689,40.84173624718683,7920.814991338856 -119.60834173540329,40.84173658828802,7758.75414740715 -119.60846641138494,40.84173719358715,7571.426376942579 -119.60849707542805,40.84173738137474,7525.078476790575 -119.60858585858743,40.8417380252547,7390.2366009902225 -119.60869779817389,40.84173906644824,7218.841620549465 -119.60877408989694,40.84173994257686,7101.102170432063 -119.60883213308799,40.841740705160475,7010.995608385898 -119.60893661502794,40.84174230823877,6847.598067762135 -119.60904763712122,40.84174436287605,6672.173628973345 -119.60908710698568,40.84174518395202,6609.3359687280235 -119.60917491751194,40.84174718839736,6468.609079137636 -119.60927717445044,40.8417498417269,6303.029695228092 -119.60933308711753,40.841751441873846,6211.677922047689 -119.60942814107266,40.84175441232924,6054.9870659274975 -119.60954236053169,40.841758413890446,5864.249995280722 -119.60957594859462,40.84175968425821,5807.625762059904 -119.60964926876058,40.841762613136815,5683.13491107334 -119.60974874357909,40.84176694422909,5512.211005058445 -119.60979299540212,40.84176901029282,5435.390738011009 -119.60987811321839,40.84177323696291,5286.200799400608 -119.60997717454585,40.84177859707852,5110.082546767874 -119.61003419488894,40.84178190998331,5007.423988784169 -119.61013153662743,40.84178797585108,4829.867667349905 -119.61018205500424,40.84179134036342,4736.514412430399 -119.61024920920829,40.841796061320835,4611.064080522877 -119.6103173366928,40.841801161642614,4482.126103325722 -119.61037571458968,40.84180580199834,4370.220480251617 -119.61045392523563,40.84181243799667,4218.130939347478 -119.6105223001762,40.841818660010496,4083.0310527450297 -119.61056035516062,40.841822301149996,4006.9343578821904 -119.61061645129782,40.84182791194183,3893.5291928312286 -119.61067754684699,40.841834363659174,3768.2718790078034 -119.61071299474625,40.84183827462773,3694.725736277672 -119.61076457227723,40.84184419162684,3586.5207243681207 -119.61082758792288,40.84185179376748,3452.310269345382 -119.61086343772749,40.841856306919,3374.9268105148876 -119.61089958906223,40.84186099968493,3296.104072523367 -119.6109609301538,40.84186929669548,3160.474726830119 -119.61097839626643,40.841871737342515,3121.41142475523 -119.6110222463994,40.841878017437736,3022.4616069703657 -119.61107674331765,40.84188612766286,2897.7114197714063 -119.61109451527497,40.84188884475931,2856.604014211099 -119.61112797421013,40.84189405658109,2778.6540454268975 -119.6111625641765,40.8418995747675,2697.311254178317 -119.611210656213,40.84190746283129,2582.9784257100437 -119.61122523394232,40.84190990284205,2548.039745512848 -119.61125536575038,40.84191501784786,2475.4006075063658 -119.61129632737796,40.84192212376385,2375.740868911872 -119.61132978964925,40.841928057018784,2293.532544715602 -119.61136772877711,40.84193491886282,2199.4337524820394 -119.61141140267512,40.84194298750908,2089.9027893055186 -119.6114382181775,40.841948026361955,2021.9913790936428 -119.61147241050256,40.84195453747542,1934.6347202890684 -119.61151160423852,40.84196210833147,1833.4040259145781 -119.6115436924611,40.84196838064087,1749.6090969327308 -119.61158393267966,40.84197632457743,1643.2927601330668 -119.61163202648959,40.841985902393446,1514.3128839683366 -119.6116474934412,40.84198899728296,1472.3635969107481 -119.61168653965593,40.841996832999705,1365.3910319053912 -119.61171292558338,40.842002142737066,1292.1988647286178 -119.61172471299834,40.84200451772706,1259.2569078926867 -119.61174075967371,40.84200775163536,1214.2507681023355 -119.61174901627739,40.84200941618054,1191.0000000004445</coordinates>
                </LineString>
            </Placemark>
            <Placemark id="121">
                <name>Run 12</name>
                <description>States exported: 300 of 6,821
Launch inclination: 87.562 deg</description>
                <styleUrl>#122</styleUrl>
                <LineString id="120">
                    <tessellate>1</tessellate>
                    <altitudeMode>absolute</altitudeMode>
                    <coordinates>-119.10695,40.870683,1191.0 -119.10694999998863,40.87068299999437,1191.0000268486788 -119.10694938207673,40.870682694115786,1192.4600948291227 -119.10693310687586,40.87067463911967,1230.7336897792904 -119.10691959679129,40.87066767997377,1264.1157572198435 -119.10690041266118,40.87065691880015,1317.0529131305561 -119.10688785935753,40.870649598541085,1353.2128942874792 -119.1068703586703,40.87063906290411,1405.4351765037466 -119.10684628334651,40.87062416631761,1479.2688236830584 -119.10682413514725,40.87061013758053,1548.7175082935485 -119.10679734615547,40.87059282202858,1634.2074319821752 -119.1067631983848,40.87057025833683,1744.9792700524279 -119.10674433631209,40.87055760146107,1806.7761770781578 -119.1067061020787,40.87053156571997,1933.1052655796436 -119.10667430783224,40.87050954828794,2039.0777145212387 -119.1066488172913,40.87049166658847,2124.5610172162583 -119.10660732302964,40.87046214201848,2264.6326413012607 -119.10657054457184,40.87043562276928,2389.5074714798207 -119.10651760000312,40.87039687423465,2570.4572381168596 -119.10650486337953,40.87038746800914,2614.1579578742057 -119.10646269818177,40.870356385251284,2758.555985476567 -119.10642908970226,40.870331678066464,2873.3335408382854 -119.10639139021798,40.87030404680465,3001.708683714106 -119.1063443720208,40.87026972773235,3161.1932470252955 -119.10631776125344,40.87025037789477,3251.139072026481 -119.1062793273178,40.87022253476776,3380.6080919972137 -119.10625293892781,40.87020349194503,3469.1902829829187 -119.10621384748823,40.87017539641363,3599.944497295247 -119.10616360016533,40.87013949442238,3767.1533819709352 -119.10612962194003,40.870115357209635,3879.6569830780395 -119.10607532404714,40.87007703058179,4058.463666586647 -119.10604803587586,40.870057885546785,4147.85979829251 -119.10600575088921,40.870028375956174,4285.755048222413 -119.10596254084224,40.86999842167588,4425.857824381131 -119.10591441913104,40.86996530459245,4580.901259242168 -119.10585901628552,40.86992749710428,4758.088499751225 -119.10582739175122,40.869906073915615,4858.580472651782 -119.10577558991625,40.86987123337287,5022.150454345266 -119.10573350840535,40.86984316589203,5154.055863772445 -119.10567609037129,40.869805220103395,5332.596185677868 -119.10562430499469,40.8697713532989,5492.1659183006095 -119.10557758781464,40.86974109799706,5634.9063502282015 -119.10551654006366,40.869701996512866,5819.66219803682 -119.1054819803471,40.8696800832463,5923.351720189463 -119.10543543141549,40.86965082675942,6061.970836560304 -119.1053745388763,40.869613010724265,6241.481475574967 -119.1053528288687,40.86959965467876,6304.980112636716 -119.1053034426847,40.86956952332275,6448.446897282821 -119.10523618515306,40.869529055786444,6641.631526039214 -119.10521163080143,40.86951444574077,6711.528340807921 -119.1051548580186,40.86948099174379,6871.867919081156 -119.10509674983844,40.86944722217176,7034.148317441133 -119.10506397368842,40.8694283812492,7124.874119945915 -119.10502505268965,40.869406193201016,7231.848335087398 -119.10496234076271,40.86937086195181,7402.493757049417 -119.1049051827535,40.869339092537054,7556.17793367765 -119.10488031019699,40.86932539624804,7622.490095157168 -119.10481821152295,40.86929153839978,7786.54318554362 -119.10475305939065,40.86925652742892,7956.30837457504 -119.10471383875198,40.86923570350499,8057.315798183892 -119.1046651027499,40.86921009553822,8181.576817121538 -119.10459271899863,40.869172607959996,8363.534695664695 -119.10452440846933,40.869137829374246,8532.405644096641 -119.10451005317876,40.869130595219346,8567.544484440627 -119.10446106488338,40.86910610996737,8686.564158089252 -119.10439183646666,40.86907203068383,8852.420052145972 -119.10431701091814,40.86903589342239,9028.710422587388 -119.10427817090293,40.86901742143982,9119.035280434917 -119.1042317711762,40.86899560656349,9225.908889606091 -119.1041640041558,40.86896423949875,9380.02528299694 -119.10407828782522,40.86892539090575,9571.71152620709 -119.10403295390779,40.86890521247675,9671.66910288043 -119.10396907552291,40.86887719901138,9810.899561173595 -119.10390290459233,40.86884868858261,9953.189412610958 -119.1038476529779,40.86882245486082,10077.942648693983 -119.10378784181056,40.868786184228085,10233.018969502602 -119.10373981675995,40.86874817922748,10379.936958268961 -119.10367401385568,40.86867435035807,10635.354281569955 -119.10362873279423,40.868596108368465,10878.451698131934 -119.10361221640247,40.86855687320318,10993.106159040222 -119.10358614898519,40.86847128316612,11231.619171850845 -119.10356476111374,40.86834163233851,11572.31479709995 -119.10356039479561,40.86829265096738,11696.902371024706 -119.10355434886556,40.86814831717054,12056.56675995709 -119.10355453508382,40.8680240659639,12360.399467774796 -119.10355997310565,40.86784579125541,12790.830035233788 -119.10356838909915,40.86767831770045,13191.741755014289 -119.10357163588075,40.86762257694374,13324.71402574227 -119.10357660944744,40.86754195990051,13516.70488337189 -119.10358738006195,40.86735842149767,13953.85814121807 -119.1035933202381,40.8672507866292,14210.227737438032 -119.10360047267226,40.8671157897031,14531.824515886094 -119.10361038300002,40.86691728643557,15004.639206795837 -119.1036167962812,40.866782107971936,15326.546656564056 -119.1036247197863,40.86661034203441,15735.521519809417 -119.1036338059117,40.866407803995756,16217.593528551883 -119.10364244960232,40.86621284642936,16681.42649407889 -119.1036452089703,40.86615036684678,16830.015755398726 -119.10365302814859,40.86597219222463,17253.506686272427 -119.10366374252877,40.865729937638385,17828.76924227615 -119.10367453730191,40.865489121582186,18399.824995172756 -119.1036845954726,40.86526880984952,18921.435122368744 -119.10369433278586,40.86505929186862,19416.78888876192 -119.10370822882932,40.86476784471477,20104.528612819107 -119.10372515663872,40.86442435110176,20913.105399421103 -119.10373381461412,40.86425304619664,21315.546867273624 -119.10375264411314,40.8638905747039,22165.228869420516 -119.10376180331275,40.863719011450605,22566.5137260519 -119.1037826654845,40.863338450569536,23454.50931537555 -119.10380294805273,40.86298132293915,24285.10615771088 -119.10381726861725,40.86273659445449,24852.799019482354 -119.10384234527598,40.862321218420824,25813.472829567625 -119.10387230941144,40.86184552814138,26909.25872432208 -119.1038879706098,40.861604460441946,27462.768002105815 -119.1039250489499,40.86105292664329,28724.647875069117 -119.10394397263298,40.86078081239692,29344.874599093466 -119.10398551774614,40.860201809836354,30659.36115742259 -119.10402151433512,40.859718547473356,31751.008679958715 -119.10407492916323,40.8590288621347,33300.203467166975 -119.10415322145502,40.858068256626424,35440.687504235066 -119.10425436637095,40.85690050339311,38015.57304357672 -119.10437910467549,40.85555225880181,40951.1233992946 -119.10454556481808,40.85387817409676,44540.35104672328 -119.1047907581993,40.85161260075861,49299.15850340835 -119.105157265208,40.84855262542026,55546.40716877841 -119.10587119791529,40.84334136455085,65709.449324044 -119.10701480520682,40.83624664222089,78583.05740847958 -119.10843905145771,40.828666703087876,91114.07673669813 -119.10898360209599,40.826013352280896,95202.20798706316 -119.10993366138513,40.82162339339049,101626.18467664557 -119.11170791070899,40.814046124198654,111717.39740269585 -119.11363566868346,40.80647039573538,120544.06969672136 -119.1156056826157,40.79922559664908,127803.69529058917 -119.11777867368218,40.79165320853877,134156.2275186613 -119.1200488369939,40.7840826655778,139244.1816692023 -119.12239711669437,40.77651404042627,143067.5483997543 -119.12480445787888,40.76894738996873,145626.32039167476 -119.12714482510033,40.76171161013877,146890.52009346828 -119.1295051169063,40.75447769714912,146997.69154125664 -119.13197589754724,40.746916975824085,145872.62133456 -119.13443117168232,40.73935830004733,143482.94729536076 -119.13685188365203,40.73180164957709,139828.6721059049 -119.13911743500665,40.72457541224755,135149.9603583733 -119.1414154110935,40.71702261286971,129021.48119131071 -119.14362247864015,40.70947171613598,121628.42132774656 -119.14571955434764,40.70192275497069,112970.79423374796 -119.14768742037052,40.69437628959023,103048.6325034018 -119.14943040668406,40.687163601509994,92374.82748107541 -119.15106829312674,40.6797265451634,80144.8733224758 -119.15180658251802,40.676079783859706,73688.01162893603 -119.15240770268407,40.67292372333789,67823.25955356519 -119.15283200736391,40.67058439416097,63375.37748316271 -119.1531824100636,40.6685567382484,59387.61710863326 -119.15341307307617,40.66717382640773,56626.22126319015 -119.15366457226241,40.665612979928106,53453.68792785073 -119.1538213451705,40.66460918834813,51383.635011350896 -119.15397029697947,40.66363403867168,49358.54825939286 -119.15415878755903,40.662361392493374,46676.38595566319 -119.15425585259386,40.661683190954044,45216.47306161315 -119.15440323316989,40.66064079317329,42986.14000890092 -119.1544780121657,40.6600902332412,41773.02227841358 -119.154602248818,40.65916846076908,39759.12883872507 -119.154708988265,40.658358188392,37978.35918685983 -119.15478308501176,40.65778193022968,36698.45270919384 -119.15485037766683,40.65724292823472,35479.73825986816 -119.15491526596931,40.656723382808266,34318.12338496786 -119.15495013922741,40.65643675528069,33666.424969789456 -119.1549892357216,40.65611796110495,32951.0965017313 -119.1550371148716,40.65571752951074,32037.7191196667 -119.15508522838815,40.655306888568376,31091.26244941454 -119.15513078960173,40.65491949710383,30207.474420386545 -119.15517642715511,40.65452616586451,29305.529166452532 -119.15520182755813,40.65429881813379,28770.466880383072 -119.15523140928535,40.65404207830612,28183.068468739057 -119.15526780688838,40.65371751743016,27426.925472392442 -119.15529656793599,40.653456132025866,26810.852692517958 -119.15531695745958,40.653275505227214,26395.087042818282 -119.15534279185225,40.6530375362606,25831.4980287312 -119.15537592437211,40.65273347759931,25116.02413520418 -119.1554058514504,40.65245749459231,24466.876717151277 -119.15543211572314,40.65221372979052,23892.888031346498 -119.15545842469596,40.651965433045326,23303.226710503535 -119.15548093567321,40.65174999891517,22788.419609932662 -119.15550658290276,40.65150381511238,22201.22794222103 -119.15552920897883,40.651285230669245,21679.462054979103 -119.15555045239705,40.65107852859076,21185.271969481095 -119.1555689351979,40.650896674605036,20748.5234919147 -119.15558931590404,40.65069401386476,20259.999768976337 -119.15560835033153,40.65050305965093,19798.673060688765 -119.15562650123856,40.650319508120205,19354.606288678195 -119.15564424020243,40.650138531523545,18916.06483323825 -119.15565212953656,40.65005756148382,18719.75075085423 -119.1556659067561,40.6499143282024,18370.988434624873 -119.155681211463,40.64975365317761,17979.42638665707 -119.1556959019477,40.649597172553236,17597.18715533761 -119.15570993174319,40.64944511592823,17224.707635299776 -119.1557193887469,40.649340805801515,16968.407142512333 -119.15572997449071,40.64922207229989,16676.024119034366 -119.15573667209955,40.64914560426482,16487.62718143935 -119.15574804219177,40.649012340463294,16158.16754383043 -119.15575922677425,40.64887590902387,15819.911662255829 -119.15577063519665,40.64872886804762,15454.233371273722 -119.15577650497609,40.64864873302188,15254.40143230489 -119.15578444912076,40.64853416021793,14968.054437536248 -119.15579275134452,40.64840304245466,14639.304721414583 -119.15580001578718,40.648273422679814,14313.179206862229 -119.15580412460356,40.64819024030245,14103.267784801874 -119.15580830541965,40.64809351997293,13858.452059249634 -119.15581252659744,40.647972848828566,13551.883328906695 -119.15581559951023,40.64784817912601,13233.61931400903 -119.15581604404639,40.64782321033067,13169.669125285516 -119.15581724104347,40.64772934022474,12928.639713031022 -119.15581756067343,40.64761788154089,12641.03203049986 -119.1558166712277,40.64750732130098,12354.12592237587 -119.15581589015675,40.64745850282557,12226.90611878761 -119.15581372227913,40.64736582987043,11984.451870602497 -119.15581075800911,40.64727608201829,11748.41379508915 -119.15580778860009,40.64720494561637,11560.420577226567 -119.15580442805395,40.64713736294487,11381.026774038432 -119.1557988258178,40.647042854630385,11128.803528686898 -119.15579214757719,40.646948955021365,10876.516191838517 -119.15578984264418,40.646919882493556,10798.051854707204 -119.15578356899276,40.646847261668526,10601.312537704991 -119.15577425599471,40.64675286357778,10343.937425973296 -119.15576713989338,40.64668875477205,10168.06542380944 -119.15575555028572,40.64659535571038,9910.242405107232 -119.1557413759314,40.646495049542544,9631.186417762015 -119.15573628826205,40.64646197753248,9538.682078815964 -119.15572342822826,40.64638393697319,9319.412166021531 -119.15570735624691,40.64629562638446,9069.612352327893 -119.15570198825088,40.64626802602043,8991.185638325107 -119.15568982792297,40.64620848578086,8821.451783927485 -119.15567157452048,40.64612578684496,8584.511821875174 -119.15566590642564,40.64610151693741,8514.729075661358 -119.15565652725034,40.64606260188983,8402.57627409133 -119.15564143227566,40.646002975911706,8230.176593569444 -119.15562507620184,40.645941973183724,8053.059540363538 -119.15561821661643,40.64591737020901,7981.407168700049 -119.15560461217362,40.64587009042446,7843.319586440175 -119.15558521631938,40.6458058002837,7654.691597945378 -119.15557436988725,40.64577126286218,7552.918768000715 -119.15556332626622,40.64573707779453,7451.847043209033 -119.15554529048936,40.64568317911261,7291.769543532649 -119.15552376556542,40.64562176804635,7108.180289705584 -119.1555173742016,40.64560410885954,7055.131061761546 -119.15549772112708,40.64555136819162,6895.980399979079 -119.15547399328271,40.64549064401957,6711.303495069716 -119.15546706011548,40.645473476414736,6658.7950925980085 -119.15545397424168,40.64544173675106,6561.381325996929 -119.15543324571077,40.64539316772633,6411.40488284708 -119.15541063920443,40.64534241562299,6253.491513773226 -119.15539430649036,40.64530708077157,6142.805232841867 -119.15536648258247,40.64524926441615,5960.33552619407 -119.15534821189345,40.64521281312197,5844.397433215358 -119.15533115024883,40.64517978114342,5738.706140260137 -119.15530431781166,40.6451296718097,5577.186909438693 -119.15528214149565,40.64508984059765,5447.721727092322 -119.15525582662153,40.645044295508725,5298.460748148594 -119.15522307454707,40.64499001768152,5118.782471634099 -119.15521349135531,40.64497460948905,5067.403998041421 -119.15518476483845,40.64492962909224,4916.4247388913755 -119.15515305436968,40.64488195844574,4754.721631184495 -119.15513453233658,40.64485502307044,4662.5285961824875 -119.15510840455393,40.6448181089489,4535.145138524607 -119.15508082511137,40.644780462268415,4403.907266480318 -119.15506055942477,40.64475361964665,4309.459523776936 -119.15502152376746,40.64470374500386,4131.90610128614 -119.15500234652009,40.644680073479414,4046.639304943341 -119.15497595243824,40.64464833156593,3931.2474931497773 -119.15495120892695,40.64461941247743,3825.0191217822507 -119.1549307753637,40.64459611080319,3738.635312127182 -119.1548949544723,40.6445564541576,3589.947221059387 -119.1548602451805,40.64451938582186,3448.9847281334087 -119.15484048167102,40.64449883869594,3369.993261424004 -119.15481032858169,40.644468227672306,3251.1403001797266 -119.15478552458393,40.64444368170272,3154.7878125224884 -119.15477107202949,40.644429625599855,3099.1832925230333 -119.15474202130615,40.644401889637955,2988.523357122318 -119.15470958272549,40.644371666977285,2866.4990845007487 -119.15469827139539,40.64436129784246,2824.2794651409818 -119.15467211332225,40.644337625717206,2727.2006352054673 -119.15463442789476,40.644304198921056,2588.434887527211 -119.1546235643025,40.644294697714116,2548.622812518941 -119.15460668065415,40.64428004596461,2486.902646563759 -119.1545843965354,40.64426090851539,2405.681118972422 -119.15455644520156,40.64423721276595,2304.1467404634745 -119.15453918609168,40.644222743877634,2241.6186822745567 -119.15450851217014,40.644197317885165,2130.7574276386813 -119.15448063706549,40.644174510554386,2030.2546183577604 -119.1544604597257,40.644158167338155,1957.6300448064792 -119.15443748759763,40.64413971814809,1875.052226829542 -119.15440755028482,40.64411590883378,1767.5855494138948 -119.15438416742252,40.64409748075469,1683.7434566907598 -119.15434739856529,40.64406876815349,1552.0285864790599 -119.15433292857296,40.644057547774366,1500.2215108959826 -119.15430704439163,40.64403758349917,1407.5744036182894 -119.15427846019664,40.64401568153811,1305.260516766121 -119.15426586826136,40.644006078448335,1260.1756192816763 -119.15425459916355,40.64399749161866,1219.7260066634196 -119.15424661059603,40.643991409791674,1190.9999999993565</coordinates>
                </LineString>
            </Placemark>
            <Placemark id="131">
                <name>Run 13</name>
                <description>States exported: 300 of 6,749
Launch inclination: 87.996 deg</description>
                <styleUrl>#132</styleUrl>
                <LineString id="130">
                    <tessellate>1</tessellate>
                    <altitudeMode>absolute</altitudeMode>
                    <coordinates>-119.10695,40.870683,1191.0 -119.10694999999608,40.870683000007915,1191.000026875068 -119.10694982494265,40.87068335380852,1192.2015698610771 -119.10694494505752,40.87069318044864,1225.4854421352163 -119.106939145045,40.87070841594937,1275.0710815620437 -119.1069346489707,40.87072990360427,1342.1015804429815 -119.10693043948292,40.87076223939402,1440.9799419259161 -119.1069297258068,40.870769632261414,1463.4019349583539 -119.10692819006142,40.870787940999094,1518.76915781295 -119.10692672979023,40.87081016670924,1585.7098107671063 -119.10692522676678,40.87084134967571,1679.4023339893668 -119.10692410805004,40.87087546786689,1781.8143641090678 -119.10692353103121,40.87090100096489,1858.4594062271788 -119.10692290687717,40.870952224659256,2012.4039992114997 -119.10692282349028,40.870976354368295,2085.0538741291703 -119.1069228402029,40.87099477274201,2140.5793287186957 -119.10692299882454,40.871023337191,2226.817979044833 -119.10692330813268,40.87105366509064,2318.5073779922045 -119.10692423240988,40.871109921946065,2488.941569678903 -119.10692491600453,40.87113987010539,2579.878614848421 -119.10692536130387,40.87115802922083,2635.032246960748 -119.10692631758249,40.87119834525306,2757.305706259987 -119.10692718224009,40.87123682107554,2873.7646654915998 -119.10692796538608,40.87127399458821,2986.0540330654926 -119.10692896086002,40.87132618876919,3143.3239290735614 -119.10692945956103,40.87135533662512,3230.9448271159677 -119.106930254163,40.87140852396684,3390.4357652352787 -119.10693070586181,40.871444947098226,3499.3523894636705 -119.10693120370189,40.87149560126577,3650.3975749955152 -119.10693151880125,40.87154197426223,3788.227552680926 -119.10693170205056,40.87159266044529,3938.3729939727364 -119.10693171008558,40.871642808879876,4086.3917904816767 -119.10693159905095,40.87168023253991,4196.5040738485195 -119.1069311720632,40.87174370418991,4382.564710724438 -119.10693076784662,40.87178166613606,4493.428894079735 -119.10692969821207,40.871852747102544,4700.167751093854 -119.1069291847398,40.87187959118418,4777.955363680293 -119.10692793682139,40.8719345379991,4936.675272787678 -119.10692693342713,40.87197188523933,5044.168968665615 -119.10692584221513,40.872007912583605,5147.562017872736 -119.10692381343742,40.872066163387224,5314.092831113502 -119.10692135435181,40.87212647344418,5485.660519768754 -119.10691913661691,40.872174235203964,5620.90729398548 -119.10691567529138,40.87223999073036,5806.18624583493 -119.10691337322145,40.8722792886615,5916.398230774264 -119.10690982827673,40.87233461311964,6070.88293128617 -119.10690506849507,40.87240130414883,6256.038337032326 -119.10690238072569,40.87243597263486,6351.814183320711 -119.10689732592702,40.872496560300256,6518.395920239134 -119.10689221748565,40.87255284869607,6672.22287299369 -119.10688957894658,40.8725803324239,6747.005095358002 -119.10688443504202,40.87263128417311,6885.0680139258175 -119.10687712234626,40.87269872818572,7066.675638806715 -119.10687386587428,40.87272716816264,7142.867420168827 -119.10686829955728,40.872773801788604,7267.323684539189 -119.1068594842322,40.872843256230546,7451.592673759614 -119.10685380752498,40.872885513494246,7563.083384983365 -119.10684752220008,40.872930230510654,7680.562223121473 -119.10683824027319,40.872992792574394,7844.078609928089 -119.10682660428523,40.8730659746129,8034.125717629721 -119.10682071767931,40.873101041457936,8124.719344534563 -119.10680916581266,40.87316648917841,8292.995424610988 -119.10679538850395,40.873239438960894,8479.307983538389 -119.10678902184091,40.8732715150102,8560.804110400208 -119.10677976390681,40.87331658257398,8674.82996801795 -119.10676746445777,40.87337384073981,8818.898059427343 -119.10675132593187,40.87344514829757,8996.98264259264 -119.10674318719703,40.87347969947046,9082.709361719906 -119.10673317472099,40.87352104604958,9184.820891064912 -119.10671476995215,40.87359413611187,9363.982313462127 -119.10669574342742,40.87366625458813,9539.061585460484 -119.10668229733453,40.873715399367356,9657.383627295812 -119.1066690092687,40.87376266081226,9770.415986386986 -119.10665354603084,40.873816183153785,9897.514750338587 -119.10663990326593,40.87386446782322,10012.032705471873 -119.10662777847334,40.87395030482658,10227.057196461636 -119.10662850837957,40.873987771150524,10326.871259134967 -119.10664191853073,40.874061942335985,10536.944351465701 -119.10668257179502,40.87415451768409,10825.385497021041 -119.10670341935395,40.8741869682537,10934.072046551746 -119.10674254464583,40.87423710160396,11110.119614278043 -119.1068115696297,40.87430740252421,11373.318007273614 -119.1068709810169,40.87435785063309,11573.411528577171 -119.10692030055714,40.87439590399806,11729.34221164843 -119.10704573848001,40.87448408792423,12102.793409632335 -119.10715264100284,40.8745535753424,12405.53733799829 -119.10731275215356,40.87465242924205,12844.293548751031 -119.10744300465323,40.87473026948764,13193.618482666112 -119.10754380444153,40.874789579288525,13461.057472948138 -119.1077114625555,40.87488835746567,13905.838004770543 -119.10783939879622,40.874964239269616,14246.403048627863 -119.10798546903516,40.875051370818845,14636.138436985755 -119.10820540457371,40.87518340089976,15224.501971607673 -119.10830274873096,40.87524210367615,15485.248096292016 -119.10851745506642,40.87537203859662,16060.557670771099 -119.10875246854332,40.875514801781435,16689.871128843653 -119.10883228250455,40.875563379912116,16903.423880344984 -119.10901240845757,40.87567312881022,17384.873131751014 -119.10919583905606,40.87578499383377,17874.27182488335 -119.1093444193052,40.87587563387581,18269.948634814 -119.10948892505706,40.875963773347735,18654.001777179 -119.10960740724342,40.8760360140765,18968.341044719025 -119.10981235834777,40.87616095833234,19510.907309489394 -119.11010029504479,40.87633631022618,20270.35691084014 -119.11037694714548,40.87650458392022,20996.913243549858 -119.1105486599794,40.87660892812158,21446.349588749883 -119.1108932581488,40.87681804318124,22344.590699073895 -119.11105113333352,40.876913723512,22754.489268953126 -119.11144737171695,40.87715346483169,23778.71283214491 -119.11166219400835,40.877283205540415,24331.280259852163 -119.11201968747737,40.87749873598476,25246.4838556881 -119.11244896896615,40.87775691142147,26338.273450488305 -119.11270555331126,40.8779109058506,26987.055284626833 -119.11305358372977,40.87811942927346,27862.73658684886 -119.11345214336295,40.8783577300322,28859.35192407533 -119.113833580592,40.87858528592785,29807.030127374306 -119.1144223027171,40.878935614468695,31258.258839049475 -119.11479881763695,40.879159083858895,32179.16878363863 -119.11555951369627,40.87960927092202,34022.91325511058 -119.11644524584813,40.880131267531446,36141.72334249097 -119.1175397428226,40.88077315653263,38719.165463150006 -119.11892203759271,40.88157909880618,41911.45682555542 -119.12074270796451,40.882632931806214,46011.89997282528 -119.12295216810696,40.88390061532449,50833.912281138546 -119.12623766728612,40.885764492780986,57704.789665515214 -119.13227962324177,40.889132160473764,69460.6399912334 -119.13959726104831,40.893119953691425,82291.40765986525 -119.14572463724828,40.896393554594766,91946.3325889904 -119.14695158215874,40.897042675789656,93767.04410859196 -119.15494237498235,40.90122405408624,104753.7426862502 -119.16272628343258,40.90522989391519,114078.86732479144 -119.17099255395168,40.90942447679024,122590.14822505147 -119.17937143445054,40.91362596745394,129836.19948185007 -119.18747380135427,40.91765132768054,135583.28449961383 -119.19601784768129,40.921866566933744,140353.8569047466 -119.2042432817663,40.92590519229666,143733.07794340118 -119.21287948142519,40.93013438923527,146028.14468251626 -119.22115814050588,40.934186422951235,147039.48334282424 -119.2294374001726,40.93824502971638,146893.18832276834 -119.23807551433838,40.942495139748594,145502.48525769153 -119.24630401769247,40.946567157719585,142988.3074816407 -119.25485257180402,40.95083123011207,139122.09809811582 -119.26296048618362,40.954916518362396,134240.05551175188 -119.27134644549275,40.95919434184826,127898.36635317684 -119.27926387607762,40.963292623918484,120648.4922624047 -119.28741399459742,40.96758376128356,111831.36928787462 -119.29541435228982,40.97188104772507,101749.07159033712 -119.3029043348398,40.975994816942425,90921.57147676534 -119.31005421884166,40.98001798013827,79222.58009080161 -119.31346286292342,40.981974278299234,73129.2194048072 -119.31682316521163,40.98393128897383,66745.30548155186 -119.31893944049776,40.98517504067964,62597.798850603685 -119.32096728634635,40.986381442585916,58424.70228431433 -119.3223245416209,40.987192410355725,55601.633396671794 -119.32400516578139,40.98820726466262,51960.08628141518 -119.32503730596454,40.988832344442486,49712.309243248405 -119.32577994513773,40.98928658548307,48029.64174945041 -119.3265496224292,40.9897560453053,46315.591050362294 -119.32714869178776,40.99012541013723,44922.01570407774 -119.32819141599502,40.99076780512654,42516.921804075144 -119.32888339995411,40.99119598214197,40898.859745006994 -119.32970984191994,40.99171059595003,38922.73100353498 -119.33033801894331,40.992103458177645,37399.63673527552 -119.33083416826658,40.992413108426945,36210.79557837484 -119.3313223206302,40.992719883481925,35010.47450828573 -119.33177340117784,40.993004658190785,33883.49206068362 -119.33207111778513,40.993191388184265,33160.64585301716 -119.3323595385343,40.99337467687487,32423.45897881173 -119.33269417289685,40.993585645089524,31596.331695986653 -119.33310008557756,40.99384300433573,30572.039655707707 -119.33342239298052,40.99404849005086,29742.32869491252 -119.33378461366489,40.99427927565633,28814.064871401057 -119.33388805086506,40.994344884121276,28554.02157313366 -119.33420336232778,40.99454642759884,27737.515613062915 -119.3344918809252,40.99473067276716,26994.195674665913 -119.33475720105095,40.99490019915684,26310.122345487795 -119.33503722407364,40.995079790804034,25578.22938399288 -119.33526557496623,40.9952267190314,24974.330928812018 -119.33551957087175,40.995390047527856,24304.61348814933 -119.3356710092495,40.99548714028079,23910.17058575043 -119.33585040561859,40.99560291523248,23431.344921594377 -119.33607050904232,40.9957449279815,22844.999158881405 -119.33620673548192,40.995832634090824,22485.45193122732 -119.3363766251154,40.99594251660325,22029.61953507134 -119.33656274098801,40.99606303858622,21528.787185420344 -119.33675681236213,40.996188770155044,21006.479741035946 -119.33693552255217,40.99630466387412,20524.63300415154 -119.33710414159951,40.99641416191586,20068.524350845673 -119.33726409842635,40.99651823142043,19633.690586533896 -119.33743329495938,40.996628503263864,19171.87361096859 -119.33754733613618,40.99670297364723,18859.081346276063 -119.3376380809657,40.99676221068104,18611.22960320636 -119.3377713416042,40.99684944839156,18244.585964561422 -119.33791017425692,40.99694054683046,17861.45395556213 -119.33805784023994,40.99703772216179,17452.686331399822 -119.33819553474768,40.997128676323634,17069.986605648573 -119.33833133396627,40.997218768571784,16690.963854378242 -119.33838809467609,40.99725654781286,16532.16040026698 -119.33848133667667,40.99731885130787,16269.958602966579 -119.33860000910892,40.99739854261579,15934.890299834766 -119.33872093987463,40.997480312982816,15591.257082232125 -119.33882390189369,40.99755046034347,15296.653723148194 -119.33888868481654,40.99759487802072,15110.188652556624 -119.33899399118766,40.99766761354006,14805.030046859358 -119.3390998535866,40.99774147765944,14495.443645607304 -119.33921123525377,40.997820123434686,14166.219419452163 -119.33926520590569,40.99785862859402,14005.265127777884 -119.33937763494984,40.99793979381929,13666.566559898718 -119.33949422807166,40.99802554612324,13309.896702867278 -119.33953570050974,40.998056496341675,13181.540448956313 -119.33959794364513,40.9981033873271,12987.433460799246 -119.33967666310458,40.99816356715286,12739.118370263512 -119.33977141162158,40.998237368778256,12435.887046858865 -119.33982055845998,40.99827628498604,12276.609402696966 -119.33989069305521,40.99833259677386,12046.881524090551 -119.33998629106864,40.99841093355005,11728.872742480491 -119.34003440577348,40.998451096891316,11566.56650770677 -119.34009233459209,40.99850016824068,11368.98947821557 -119.34015624280681,40.99855526364397,11148.140965330465 -119.34020616242019,40.998599059802316,10973.373714775507 -119.34023920805416,40.998628445338504,10856.522732157284 -119.34027839083285,40.99866371244278,10716.678695079097 -119.34033644251771,40.99871686682755,10506.795441310722 -119.3404045311085,40.99878069332706,10256.130079356037 -119.34043734312458,40.99881206703502,10133.446399651286 -119.3405058786925,40.99887900217885,9872.845234397551 -119.34056960033026,40.99894309903425,9624.716884907119 -119.3406018274612,40.99897625793455,9496.871141270267 -119.34065718953408,40.99903449156168,9273.17242324918 -119.34070844043298,40.99908994823193,9061.050978305631 -119.34073697819696,40.99912151812291,8940.633851622586 -119.3407887673427,40.9991801787796,8717.458774637755 -119.34083056451807,40.99922890016044,8532.52823212531 -119.34084617912329,40.99924743868499,8462.256428803334 -119.34087209536717,40.99927863602016,8344.118662966599 -119.34090716853186,40.99932174923956,8181.07004934478 -119.3409383400819,40.99936098427777,8032.909356248284 -119.34095137185467,40.999377656942535,7970.020527868747 -119.34098124056186,40.99941650262403,7823.680521675732 -119.34101943863445,40.99946753607075,7631.860903266463 -119.34103743581757,40.99949213999319,7539.576595713107 -119.34106224468457,40.999526711715994,7410.172125654057 -119.34109470849351,40.99957317186591,7236.804417054269 -119.34111939628386,40.99960954082085,7101.591934993443 -119.34113649372561,40.99963531008909,7006.065314769796 -119.34116430436347,40.999678349314564,6847.0847242054 -119.34119281772043,40.99972410497308,6678.885674221121 -119.34120283843811,40.99974062057749,6618.382194725617 -119.34122440350868,40.99977700208018,6485.482979353743 -119.34125214128046,40.999825672236604,6308.513450082183 -119.34126758661819,40.99985380063865,6206.654230252693 -119.34128777846271,40.99989181804739,6069.459066918092 -119.34131450106429,40.999944605005986,5879.847417583009 -119.3413249254413,40.999966063095336,5803.059258752209 -119.34134285406995,41.00000426552512,5666.771322366463 -119.34136485871765,41.00005371423351,5491.162007295943 -119.34137592834236,41.000079820884935,5398.814669954454 -119.34139095568959,41.000116791091365,5268.470932742695 -119.34140840220964,41.00016228000779,5108.780247613356 -119.3414165017215,41.000184489591426,5031.087404194538 -119.34143302471229,41.000232359545684,4864.242808613448 -119.34144395883955,41.000266278709326,4746.5336058205085 -119.3414519050183,41.00029228723338,4656.574021927249 -119.34146248582081,41.00032904962671,4529.868972980304 -119.34147174495149,41.000363664569115,4411.069623721306 -119.34147905428098,41.00039298505585,4310.832783936157 -119.34148962700799,41.000439349078924,4153.067895857961 -119.34149603053534,41.00047033900405,4048.1211834760056 -119.341502384082,41.00050395005614,3934.738052188947 -119.34150737973872,41.0005329640732,3837.2216679989583 -119.34151218919149,41.00056373575873,3734.1448360111626 -119.34151846747937,41.00060984100826,3580.3241995262733 -119.34152307345097,41.0006502869889,3445.94217187943 -119.34152609629486,41.000681881505784,3341.297198527762 -119.34152925632526,41.000722508345724,3207.1172045425187 -119.34153056822106,41.0007433912708,3138.2979850821785 -119.34153180497054,41.0007668966672,3060.9421440086235 -119.34153323864673,41.000803362318074,2941.126177379532 -119.34153387922143,41.000827314544196,2862.5266598703283 -119.34153423699867,41.00084668954118,2798.9949544590495 -119.34153454871844,41.00088144391343,2685.1083494655286 -119.34153451982209,41.000910928565425,2588.5398160767004 -119.34153443609802,41.00092310718988,2548.658029613303 -119.3415341864641,41.00094471589053,2477.8933638474628 -119.34153358802789,41.00097698510112,2372.188109185663 -119.34153303085026,41.00099901953036,2299.9675438352106 -119.34153242940995,41.00101880945895,2235.0549708532367 -119.34153117988481,41.00105280681926,2123.390664392983 -119.34152990771695,41.00108173316533,2028.1746065938848 -119.3415286430152,41.00110693639591,1945.0045067518452 -119.34152664632327,41.00114191065782,1829.1716965762241 -119.34152490704894,41.00116895348273,1739.189362553338 -119.34152248142965,41.00120284477737,1625.7826622061732 -119.34151988772663,41.00123540764327,1516.0142096285274 -119.34151908955941,41.0012448102741,1484.1514811339152 -119.34151714165395,41.001266725852204,1409.5743744708243 -119.34151406023184,41.00129889497588,1299.2477677122508 -119.34151291156181,41.001310226421985,1260.1259387497341 -119.34151170023435,41.00132208369874,1219.0498833976428 -119.34151086632926,41.00133015602284,1190.999999999902</coordinates>
                </LineString>
            </Placemark>
            <Placemark id="141">
                <name>Run 14</name>
                <description>States exported: 300 of 6,701
Launch inclination: 89.412 deg</description>
                <styleUrl>#142</styleUrl>
                <LineString id="140">
                    <tessellate>1</tessellate>
                    <altitudeMode>absolute</altitudeMode>
                    <coordinates>-119.10695,40.870683,1191.0 -119.10694999999778,40.870683000001826,1191.0000269297552 -119.10694994886994,40.870683042067085,1191.6199553654571 -119.10694676035425,40.87068565666106,1230.0188626136442 -119.10694454650951,40.87068903702403,1274.3996515902131 -119.10694430093673,40.870693050696076,1321.851643272448 -119.10694516104637,40.8706983825363,1382.5686943839064 -119.10694677485343,40.8707036050187,1440.7326312689966 -119.10694818559173,40.8707071878702,1480.1624577802027 -119.10694994301787,40.87071118312965,1523.9173597299036 -119.10695315449273,40.87071763441866,1594.1544094098967 -119.10695636247688,40.87072344340526,1657.3458497010404 -119.10696278013289,40.87073399289,1772.5152654390652 -119.10696704003837,40.870740504265534,1844.0119159913722 -119.10697475346402,40.87075160200355,1966.8955333186648 -119.10698047364583,40.870759378450515,2053.9291945085615 -119.10698638609824,40.87076708890436,2141.0878304564094 -119.10699492368364,40.87077772871982,2262.786414071876 -119.10700131691908,40.870785417852986,2351.599889655952 -119.10701242702567,40.87079827589285,2501.8127363788267 -119.10701904584836,40.87080565054306,2588.969856916989 -119.10702737945498,40.87081488264393,2698.1855752587076 -119.10703997024771,40.870828955224106,2863.85879917947 -119.10704548053204,40.87083517218734,2936.7197475409794 -119.10705664030858,40.87084788839718,3085.083070856726 -119.10706327239802,40.87085553677555,3173.8691594684187 -119.1070710904712,40.870864643857786,3279.137877045673 -119.10708394991424,40.870879872734434,3454.018300938455 -119.10709044434789,40.87088768967442,3543.2067709688044 -119.10710426908281,40.870904647686665,3735.288555240214 -119.10711164874617,40.87091389147634,3839.1629800141004 -119.10712357987042,40.870929149290724,4009.3083032150953 -119.10713127687539,40.87093921575874,4120.654066379984 -119.10714301888612,40.87095494129857,4293.178480893208 -119.1071532935891,40.870969104268504,4447.075028595397 -119.10716815441589,40.870990335569694,4675.195035608309 -119.10717528516287,40.87100087266703,4787.279446408008 -119.10718447980459,40.871014840423086,4934.691942311343 -119.10719557657019,40.871032337737816,5117.493721409153 -119.1072038925611,40.87104597508018,5258.517459378083 -119.10721641991046,40.87106751923031,5478.683459210239 -119.10722238505578,40.87107826922332,5587.336218222875 -119.10723175565619,40.87109591680478,5763.9492258073615 -119.10723753390998,40.87110733251424,5877.040017432457 -119.10724325382895,40.87111909820109,5992.62402511131 -119.10725285002486,40.87114007084129,6196.20809478425 -119.10725795880946,40.87115198902205,6310.479884230264 -119.10726587792813,40.87117174654631,6497.596748838297 -119.10727261419586,40.87119008522937,6668.6590683819595 -119.10727463202721,40.87119591085094,6722.477930923178 -119.10728051853278,40.87121396064456,6887.667303039533 -119.10728575257366,40.87123163264698,7047.137497435855 -119.10728815221923,40.871240376059674,7125.230546715172 -119.1072916920051,40.871254197455514,7247.693671692104 -119.10729631050262,40.87127437808067,7424.367838821441 -119.10729940423514,40.8712898059903,7557.8574580371915 -119.10730092321361,40.87129820527608,7629.987848638546 -119.10730342295079,40.87131371588698,7762.215433096407 -119.10730595909342,40.87133301388802,7925.062269369054 -119.10730742220329,40.871347391420464,8045.248363195642 -119.10730838218372,40.871359744016566,8147.716919211829 -119.10730933100244,40.87137960006291,8310.98313647721 -119.10730947867312,40.87140373843366,8507.04082977596 -119.10730934098976,40.871409788803234,8555.762232834433 -119.10730877546379,40.87142351851603,8665.597915057235 -119.1073073383959,40.87144326756005,8821.915905488137 -119.1073050508556,40.871464123890014,8984.666865618772 -119.10730304567811,40.87147840668385,9094.65457417411 -119.1073003235066,40.87149476898454,9219.206188763808 -119.10729545378334,40.87151918194536,9402.049889436976 -119.10728953361573,40.87154410012558,9584.990865516365 -119.1072862494306,40.871556494870774,9674.597489476353 -119.10728087181181,40.87157524634041,9808.45134175074 -119.10727435338698,40.871596051979694,9954.56676173473 -119.10727147718818,40.87161196073095,10072.161724643876 -119.10727402154227,40.87162478233145,10181.521627766891 -119.10728096270468,40.87163519665671,10285.320692512763 -119.1073076413116,40.87165131605163,10496.340946605369 -119.10735921308682,40.871662602644,10751.15332662965 -119.10739536533184,40.871665485025915,10892.321640721933 -119.10743742295796,40.87166624532367,11037.936354430536 -119.1075177562513,40.87166327348988,11283.639671516814 -119.10761964569322,40.87165480663912,11559.974459409257 -119.10764476941502,40.87165223873895,11624.384681523188 -119.1077585409363,40.87163925839724,11905.2706101487 -119.10793214636982,40.87161690680743,12312.512067132086 -119.10802016890776,40.87160490022073,12513.041933224504 -119.10824321671436,40.871573407075395,13010.650084857823 -119.10833233200727,40.8715605831545,13206.710314350323 -119.10846516079283,40.87154131687618,13497.031757340483 -119.10868094746294,40.871510064764884,13968.817998076422 -119.10878686916234,40.871494774027354,14200.951173109856 -119.10895233196993,40.87147099289754,14564.045036903592 -119.10920821820824,40.871434377452644,15126.633387685448 -119.10933143258711,40.87141681933139,15397.822379118663 -119.10954805059085,40.87138611014708,15874.620136793803 -119.10987118218408,40.871340658009224,16585.41444049377 -119.10996065115621,40.87132815232807,16781.99253771148 -119.11014140796694,40.871302926033515,17178.96073997214 -119.11043160294335,40.871262652631245,17814.999282216042 -119.11074321257425,40.8712196087366,18496.101002712083 -119.1109344468749,40.871193256906174,18913.031027294637 -119.11114384163344,40.87116448686849,19368.58647307519 -119.11148774815472,40.87111733909274,20114.417252194817 -119.11185151383258,40.87106762482433,20900.04509894278 -119.11203759590867,40.871042255888874,21300.632333581674 -119.1123877391943,40.870994613437844,22051.96189956195 -119.11263559681721,40.87096096391588,22581.87000376968 -119.11302865026335,40.87090769931241,23418.91052628509 -119.1134206427017,40.87085468356311,24249.64206124338 -119.11363522168831,40.87082571689331,24702.642209859117 -119.11415942299399,40.87075511344706,25804.078314486065 -119.11468667181776,40.87068433722176,26904.391515604653 -119.11497277244077,40.87064602631956,27498.368099913983 -119.11559013345484,40.87056363705255,28772.613646358466 -119.11576711344495,40.87054008203095,29136.03220889726 -119.11642663832528,40.8704525008203,30483.212694620106 -119.11699705627373,40.87037701244832,31639.386023511255 -119.11769182598015,40.87028537083003,33036.45160153853 -119.11868280681215,40.87015517713606,35008.236340517455 -119.11985581841786,40.870001841285124,37310.93392009844 -119.12138416248739,40.86980325877048,40261.18833917937 -119.12319813081477,40.869569226687894,43690.902777944284 -119.12562614963427,40.869258691151614,48162.57646289891 -119.1289541717085,40.868837857551746,54077.23244152222 -119.13439850327488,40.868160581138156,63241.20323920446 -119.14306974494008,40.867107988401024,76606.16196739905 -119.15111674778682,40.866156819789424,87753.18167092766 -119.15790396937957,40.86537174872525,96278.72273515449 -119.16703219281723,40.86433810314338,106556.47827124664 -119.17672603542617,40.86326528613495,116063.53984049296 -119.18612522651077,40.86224669377377,123973.19623106855 -119.19563147233832,40.86123560629858,130725.09891492929 -119.20566616434675,40.860186669464866,136546.00799207005 -119.21533938765074,40.85919116243272,140929.7488312614 -119.22551213238583,40.85815864101644,144274.83607153944 -119.23528247962182,40.857178928814086,146290.38752984183 -119.24507488570681,40.85620698231538,147148.1518812814 -119.25487265455567,40.855242812403766,146848.12772583996 -119.26465908204389,40.854286416705534,145390.3153702899 -119.27486010801555,40.853294843693284,142628.31665586878 -119.28457135554379,40.852354286942735,138802.30929051878 -119.29422042052104,40.851421416057384,133818.52520618652 -119.3042234586175,40.85045430023731,127370.3013796287 -119.31369326577823,40.84953696984008,120018.36284859678 -119.32347212622949,40.84858596877825,111094.36708016168 -119.33269124529295,40.84768404661307,101374.35308245716 -119.34151257254993,40.8468144711449,90807.1016168974 -119.35026198530535,40.84594360865743,79018.22835582601 -119.35392222783504,40.84557648397306,73668.73849655718 -119.35836516190341,40.845128954446956,66795.51100289842 -119.3609249672607,40.84486845179705,62709.17269328283 -119.36308950831697,40.84464834011826,59101.10875543492 -119.36536520881548,40.84441498938335,55248.924241461646 -119.36692715563981,40.844255103723064,52498.54551991853 -119.3683667769412,40.844106316556065,49966.81098904704 -119.36941140373519,40.84399892323532,48057.29881215449 -119.37051871595253,40.84388391024552,46055.91675123324 -119.37187333966925,40.843743430407066,43538.90691305245 -119.37290264889664,40.84363669881289,41582.49358509459 -119.37388289839714,40.84353453863904,39713.53048445833 -119.37484538669537,40.843433919968724,37862.95172863998 -119.37566102970497,40.843348481946634,36278.697872324716 -119.37643200334611,40.84326772514209,34758.91390702365 -119.37691917492322,40.84321688966411,33775.41618563871 -119.37752338669335,40.84315345603545,32567.210954497954 -119.37807139396125,40.84309575255468,31470.62342089638 -119.37855205081388,40.84304513880501,30501.185966391033 -119.37878505890549,40.843020815269696,30014.847175689898 -119.37922616107022,40.84297431774744,29119.42418726094 -119.37943396324023,40.842952555124874,28686.813885888223 -119.37966710904205,40.842927893677846,28215.82308179026 -119.3800041954678,40.84289252434364,27514.7745336521 -119.38035974407498,40.842855220321006,26772.70119907634 -119.38070094438474,40.84281932133511,26063.786208419075 -119.38102929224424,40.84278474910582,25380.74273626899 -119.38133609295116,40.84275248267007,24736.969343518613 -119.38161678571485,40.84272299869148,24141.733568711144 -119.38187964253295,40.84269536454546,23583.902833334974 -119.38214422101596,40.84266747387264,23024.312872599592 -119.38230031890684,40.8426510323556,22692.193720807383 -119.38254285285063,40.84262552310151,22172.91847562427 -119.38279690776723,40.84259877306702,21629.317303599542 -119.38292391533122,40.84258537758436,21358.4693434816 -119.38314421529954,40.84256223293127,20883.04086109007 -119.38335572136326,40.84254000798556,20426.306700154302 -119.38356695164076,40.842517814118786,19969.735084709988 -119.383775496847,40.842495922948274,19517.498206348344 -119.38397884722306,40.84247460271578,19074.810788844305 -119.38409430856255,40.84246252359494,18821.824713278584 -119.38421763538636,40.84244962040953,18552.819541566925 -119.3844020765385,40.842430372693016,18148.392841519406 -119.38458343333114,40.84241152021292,17749.297182385515 -119.38475852463114,40.8423934146524,17362.656408638322 -119.38493420752833,40.84237537209049,16973.377346154502 -119.38503819822286,40.84236476692893,16742.266142047614 -119.38509841406986,40.84235865146046,16608.142501786573 -119.3852249940064,40.8423458419285,16325.510713478061 -119.38538142164282,40.84233014118183,15974.794221722927 -119.38553478648011,40.8423148809436,15629.048095052382 -119.38567821809603,40.84230072607093,15303.71309247756 -119.38575491590527,40.842293210106476,15128.837814297447 -119.3858922368003,40.84227983544308,14814.059437519625 -119.38603444180863,40.842266111571014,14485.505083619064 -119.38616931228627,40.84225322380505,14171.122606490686 -119.38619356973467,40.8422509209033,14114.28310745962 -119.38629195134483,40.842241656667305,13882.6337958755 -119.38642128067919,40.84222964302838,13575.364923181176 -119.3865611298227,40.842216935526025,13239.142322715647 -119.38661835324976,40.84221184003698,13100.27178303884 -119.38670195088972,40.84220450467846,12896.057575480563 -119.38681658907261,40.842194706608964,12613.142335876968 -119.38692597449844,40.842185667262626,12339.98178184762 -119.38697083834147,40.84218205289206,12227.011614690853 -119.38707089980066,40.84217420662098,11972.974631222636 -119.38718400840877,40.842165719082004,11682.25833542303 -119.38724091240772,40.84216161529706,11534.511688039194 -119.38732500795955,40.842155776341194,11314.193269874362 -119.38742294909692,40.84214934415587,11054.497183821359 -119.38749200256731,40.84214507475635,10869.235640419138 -119.3875429244907,40.84214206604162,10731.389422091044 -119.38762790438132,40.84213733453039,10498.882024695109 -119.38771601020285,40.84213281876154,10254.29194130545 -119.38775287486888,40.84213105005788,10150.803414558011 -119.38784056233432,40.84212713794647,9901.705388168368 -119.38793310207602,40.842123476939214,9633.94304765158 -119.38796414530616,40.842122358375974,9542.903782155065 -119.38803726975713,40.84211994510768,9325.85217720625 -119.38812354950494,40.842117502661615,9064.659018675253 -119.38815061919904,40.84211682306497,8981.483534607585 -119.38820713604791,40.84211553089852,8805.788213054613 -119.38827457355956,40.842114195800164,8592.270214583143 -119.38830016581409,40.84211374274058,8510.05525430335 -119.38833730703513,40.84211314874311,8389.557758156827 -119.38839109177589,40.84211240130185,8212.391790572994 -119.38844489224844,40.84211180300132,8031.86794758672 -119.38846958989959,40.84211158652101,7947.85201494943 -119.38851234584475,40.842111304486664,7800.629748583727 -119.38856798123285,40.84211114230389,7605.597218216266 -119.3885824251783,40.84211114195358,7554.303294296218 -119.38860195488017,40.84211117525162,7484.48986801835 -119.38863973650061,40.84211135133198,7347.899411060974 -119.38868452125178,40.84211178075642,7183.23467808258 -119.38871061653985,40.84211215747111,7085.823071126908 -119.38873965919383,40.842112694421715,6976.0282978045525 -119.38877947010245,40.84211365940799,6823.020714807844 -119.3888185318883,40.842114889608794,6669.806529936966 -119.3888321872228,40.842115390003116,6615.468298466799 -119.38886404490383,40.842116707763005,6487.029247857234 -119.388901792787,40.84211855805418,6331.580837494124 -119.38892810330321,40.84212004548575,6220.954380658896 -119.38896346935276,40.8421223190752,6069.039808667836 -119.38900280234378,40.842125247733435,5895.313059471356 -119.38902308840434,40.84212693696313,5803.559536678724 -119.38905366155257,40.842129736672625,5662.250786122902 -119.38908604608686,40.842133066833384,5508.231714040807 -119.38910319158656,40.84213499707549,5424.717328172778 -119.38913080145134,40.84213837115224,5287.091119784735 -119.38916500368293,40.84214305380689,5110.674293910812 -119.38918472836194,40.842146036893695,5005.6106256712155 -119.38921477618433,40.84215103166599,4840.295242845347 -119.38923258409994,40.84215427902911,4738.993586853775 -119.38925219609742,40.84215813796354,4624.209387384698 -119.38927446437073,40.84216292692557,4489.303513614484 -119.38929075030788,40.84216674325495,4387.173318975667 -119.38930741365535,40.842170959094986,4279.290954032753 -119.38933315205878,40.842178178426,4105.075356726942 -119.38934145148775,40.84218071269555,4046.711168460236 -119.3893578262544,40.842186044248535,3928.036645604007 -119.38937576590088,40.842192450247495,3792.0332234323287 -119.38938782620555,40.84219713128377,3696.604337495823 -119.38940480295028,40.842204302831156,3556.0007510091714 -119.38941659045265,40.842209735093874,3453.4429329885875 -119.38942758450519,40.84221518302555,3353.6068024825736 -119.38944198679015,40.842222957428596,3215.7846391412986 -119.38944915062656,40.842227130383215,3143.8387232238606 -119.38945545640168,40.84223098621041,3078.486977450489 -119.38946486418163,40.842237088516,2977.1037501529518 -119.3894715324345,40.84224168370311,2902.249949894084 -119.38947816709987,40.84224649311495,2825.151460374564 -119.38948743936541,40.842253632024864,2712.8573466423377 -119.38949789134301,40.84226228627186,2579.7941074221367 -119.38950066875256,40.84226469908227,2543.2392881918895 -119.38950648485827,40.84226991202879,2464.9984304290115 -119.38951288266674,40.842275907107116,2376.168288384572 -119.38951832033786,40.84228122865213,2298.248287454655 -119.38952461459954,40.84228766306995,2205.042221218071 -119.38953222679707,40.84229586040193,2087.6341606187098 -119.38953622653744,40.842300358885765,2023.7142468061274 -119.38954053202526,40.84230535731927,1953.0008307957594 -119.38954718025482,40.84231340842463,1839.5499388721823 -119.3895517920387,40.84231924494794,1757.4312381131097 -119.38955706422942,40.842326187790015,1659.6262609014789 -119.38956385171684,40.84233558214886,1526.5479403809018 -119.38956603520637,40.842338722169494,1481.7661508601723 -119.38956979063299,40.842344272823524,1402.15636957167 -119.38957430982587,40.842351221987585,1301.523453322225 -119.38957612085227,40.84235409709013,1259.5371492101178 -119.38957781616756,40.84235680261658,1219.8800627198766 -119.3895790383512,40.84235876595677,1190.9999999999268</coordinates>
                </LineString>
            </Placemark>
            <Placemark id="151">
                <name>Run 15</name>
                <description>States exported: 300 of 6,733
Launch inclination: 88.746 deg</description>
                <styleUrl>#152</styleUrl>
                <LineString id="150">
                    <tessellate>1</tessellate>
                    <altitudeMode>absolute</altitudeMode>
                    <coordinates>-119.10695,40.870683,1191.0 -119.10695000000527,40.870683000003474,1191.0000269106913 -119.10695022372865,40.87068314752974,1192.1415561752453 -119.10695703893201,40.87068764843746,1226.8766753164653 -119.1069656425072,40.87069287403268,1265.0216169852545 -119.106977287889,40.8706990698887,1307.165478678894 -119.10699208490968,40.8707065641421,1356.9205771187399 -119.10701692022444,40.87071860794156,1435.1835291381649 -119.10702784549005,40.87072378268022,1468.462988691341 -119.1070438053937,40.870731253709245,1516.32207039241 -119.10706262355649,40.87073994629548,1571.73846845381 -119.10709403785407,40.870754216530635,1662.529131669261 -119.10713351785321,40.8707717948843,1774.458275891567 -119.10716046648069,40.870783613311495,1849.8950396933835 -119.10721199072736,40.87080584545796,1992.4633822286155 -119.10724231900068,40.870818723343106,2075.5364347022614 -119.10729174547659,40.8708394017385,2209.802306670463 -119.10733029366381,40.870855306070645,2313.719496409099 -119.10738680112432,40.87087832163273,2465.010471825441 -119.10743094271614,40.87089605262827,2582.350918826103 -119.1074573336012,40.87090660632674,2652.312289458906 -119.10752742143993,40.87093471297417,2838.05980365759 -119.1075631578289,40.87094909425011,2932.761186975525 -119.1076286218852,40.870975541771834,3106.2759544697055 -119.10765574755055,40.870986543982326,3178.2028921875235 -119.10770574791835,40.87100689351226,3310.829798884715 -119.10776193578947,40.87102987902864,3459.973132321501 -119.1078050898003,40.87104762310026,3574.605449218841 -119.10787816539845,40.871077863301565,3768.919851558309 -119.1079149588019,40.87109318639183,3866.86367630654 -119.10799119471702,40.87112515734171,4070.0582096487133 -119.10801871998211,40.871136776718764,4143.515279642193 -119.10807315929728,40.87115988085446,4288.956933404279 -119.1081307800055,40.87118452006431,4443.146458754441 -119.10820687615318,40.871217361666695,4647.205237627051 -119.10825611902797,40.87123880386896,4779.539331411652 -119.10830559945546,40.8712605083715,4912.762140289283 -119.10837993470062,40.87129342815046,5113.418531371477 -119.10842857627092,40.8713151846031,5245.083763408574 -119.10849985514339,40.871347394438686,5438.600288778979 -119.10854021144348,40.871365813666785,5548.494119776333 -119.10860582164872,40.8713960578223,5727.713151432551 -119.10865537766941,40.871419159743304,5863.572488396092 -119.10869712654531,40.87143880474779,5978.37863741576 -119.10876811416746,40.871472612457495,6174.379787520195 -119.10881168264983,40.87149362886026,6295.196364658081 -119.10887404797171,40.871524089045245,6468.863605898682 -119.10894464819022,40.87155914111111,6666.556973852101 -119.10896421785051,40.871568968669756,6721.568913783442 -119.1090031334373,40.87158865752666,6831.242487603183 -119.10905939290235,40.871617476838004,6990.472328627205 -119.10909999826973,40.8716385432743,7105.9037405187155 -119.10913419737709,40.87165645949029,7203.470526586098 -119.10918662281694,40.871684239911794,7353.664979033454 -119.1092415878118,40.871713778547715,7511.994001003561 -119.10926792466775,40.87172808368555,7588.186202671766 -119.10930439506052,40.87174806704284,7694.102166090767 -119.10936026131688,40.87177906881419,7857.279563325237 -119.10941707727038,40.871811116045485,8024.548727750575 -119.10944540628394,40.87182730355523,8108.495957741037 -119.10949531820101,40.871856178136866,8257.35402901678 -119.1095558872605,40.87189186931569,8439.785475402483 -119.10958890405283,40.871911647839596,8540.132124500637 -119.10961809684981,40.87192934155475,8629.39418814533 -119.10966141498639,40.87195596881823,8762.848144709696 -119.1097131303833,40.87198838307403,8923.768269239396 -119.1097522961424,40.87201341632011,9046.828349784731 -119.10977499572955,40.87202812667632,9118.631024273896 -119.10982083383905,40.87205830236595,9264.720700420086 -119.10987553803834,40.87209518511579,9441.039751031207 -119.10993270509069,40.8721348079239,9627.666964540304 -119.10996212278738,40.87215564837231,9724.670361237186 -119.11001680621618,40.87219524694456,9906.781669852677 -119.1100519953189,40.872220135303806,10021.617109048571 -119.1101092951669,40.87225137732582,10180.230124426393 -119.11016836702169,40.87227560202515,10319.740142308474 -119.11031244348742,40.87231642519833,10606.51453150199 -119.11047105555343,40.872345210289936,10876.6022178813 -119.1105354383956,40.872353955557614,10978.275053545034 -119.1106447892421,40.87236610568726,11143.664225918974 -119.11078317509916,40.87237781442807,11342.943488330764 -119.11094798357546,40.87238796151574,11569.687480917719 -119.11101904416883,40.87239146917037,11664.974404997429 -119.11124473576088,40.87240040240123,11961.164847509537 -119.11154528900197,40.87240898619675,12345.52211122835 -119.11173586662252,40.87241323171268,12585.440892448687 -119.11210886752072,40.872420030402616,13049.703826477431 -119.11225953037534,40.87242243572931,13235.892155615058 -119.11248802061262,40.87242584511691,13517.25288262978 -119.11280858819923,40.87243074778241,13912.055153218776 -119.11301942300601,40.87243407880069,14171.914903685083 -119.1132242612691,40.87243741482024,14424.494080725211 -119.11358573004951,40.8724434960701,14870.399050482536 -119.11394933397652,40.87244983937926,15319.023411109785 -119.11425164586736,40.87245528713378,15691.903516420332 -119.11475788148577,40.87246472173599,16315.837804538754 -119.1150863611942,40.872471050516005,16720.152972444605 -119.11536233330798,40.87247644407648,17059.536146279148 -119.11582636531061,40.87248569532605,17629.280213274476 -119.1163692486826,40.87249671054666,18294.311573030835 -119.11684615211814,40.87250648358401,18877.038762460565 -119.117134796963,40.87251244801001,19229.036675125248 -119.11769931381768,40.872524160812766,19915.887345360406 -119.11837652616492,40.872538294679075,20737.013137910737 -119.11874030891124,40.8725459235331,21176.794748615306 -119.11938390426845,40.87255947088448,21952.626797828867 -119.11985177902955,40.87256935410304,22514.81622881699 -119.12056295012873,40.872584404787425,23366.398248371053 -119.12130598722504,40.872600145017586,24252.31429968304 -119.1217044439762,40.87260860079546,24725.752209724655 -119.12246978769426,40.87262486330374,25631.905308051784 -119.12344082661878,40.872645558078204,26775.444871779382 -119.12387678550904,40.87265486599725,27286.62602718523 -119.12479998549752,40.87267465308101,28364.576400442584 -119.12531843097199,40.872685808656534,28967.23446707389 -119.12622313938748,40.872705302855316,30014.261677487513 -119.12751569146427,40.872733251861746,31500.02981149386 -119.12829180487167,40.87275007141411,32386.473210296423 -119.12993649022317,40.8727858146925,34250.955081328684 -119.13194522432836,40.8728295968585,36502.4719756372 -119.13430526739198,40.872881219505565,39112.0325979757 -119.13734960806201,40.872948109469185,42421.83785549388 -119.14119765250403,40.87303309134994,46515.67633490319 -119.1464664538454,40.87315023525278,51961.23299055015 -119.15396730248752,40.87331859142446,59402.218929570416 -119.1671516721998,40.87361901369078,71623.96367856533 -119.18208442138688,40.87396633841641,84202.7213129596 -119.19651658404517,40.8743094317933,95142.38225644334 -119.19692964740031,40.87431936081699,95438.37482173985 -119.21289267730121,40.87470783066203,106167.22287860802 -119.22830370993623,40.87509186511854,115244.91312370881 -119.24454534290903,40.87550649014521,123496.68000942613 -119.26018791279907,40.875915744801624,130204.96727750968 -119.2766350628829,40.876356918156695,135979.60855705247 -119.29315902849265,40.876811774125215,140488.14893224818 -119.30901883011495,40.87725970859641,143615.93337808902 -119.32563785765008,40.877741481765064,145647.3009359654 -119.3415536275839,40.87821522286484,146405.60804798448 -119.35747131068906,40.87870159999325,146005.50151683486 -119.37337419647564,40.8792006080344,144446.98200198062 -119.38996598018126,40.879735783302166,141579.03089055192 -119.40578654785293,40.8802605556417,137651.0395249148 -119.42225571680108,40.88082258145299,132305.9243137611 -119.43792402372719,40.881372927514725,126008.48606906911 -119.45419739588178,40.881961545054025,118186.24211931127 -119.4696431524364,40.88253715997873,109519.40636398419 -119.48564553166607,40.88315199020035,99220.1550713504 -119.50078927059785,40.8837524410827,88184.64167766931 -119.51528917097838,40.88434514184613,76397.67856672434 -119.52076583634528,40.8845744460466,71610.13189307677 -119.52630337647483,40.88480943423758,66575.70240968252 -119.53192104266815,40.88504919588379,61305.891107876094 -119.53603768979909,40.885228080624834,57290.336490538626 -119.53896639194708,40.88535535121195,54388.73885708957 -119.54313819928943,40.88553885071053,50142.76337692767 -119.54503350197265,40.88562345089278,48161.03207938933 -119.54656539572291,40.88569102315686,46565.9020615268 -119.54840060461095,40.885773535108605,44606.02577500296 -119.55014750520041,40.88585152016709,42739.406624367424 -119.55199928651867,40.88593479824252,40732.01337775527 -119.55345615571868,40.886001060718876,39124.82033150331 -119.5547776980535,40.88606109152039,37660.61442395379 -119.55611356981417,40.88612165675386,36175.46042335724 -119.55744820427692,40.88618256365698,34674.500255992934 -119.55825012717217,40.88621962845731,33757.74483242532 -119.55934612077652,40.88627001549698,32506.68689560351 -119.56030257508279,40.8863139501178,31411.548525559916 -119.56115461643962,40.886353136109406,30431.92042833567 -119.56188526162832,40.88638703374764,29582.570642249335 -119.56257953762359,40.886419442715024,28769.130895918788 -119.56303286536802,40.886440319325914,28244.082150909926 -119.56368641826549,40.88647085163726,27475.635084094585 -119.5643837084338,40.88650353531513,26651.801282966764 -119.56499553768704,40.88653226973806,25926.111989831534 -119.5656203806176,40.886561599262436,25183.95118568378 -119.56614634965943,40.88658625803617,24558.534994136444 -119.56662399722256,40.88660871009586,23987.966100945894 -119.56715747255286,40.88663389866817,23346.84466449576 -119.56763182533737,40.88665635510318,22774.337404745875 -119.56802444226878,40.88667494738734,22299.845162568883 -119.56846962089733,40.886696021398315,21761.35040725714 -119.56877662739232,40.886710596350156,21388.808591192523 -119.5691282149388,40.88672737797762,20959.963345399738 -119.56943263132302,40.886741872773726,20589.301805345236 -119.56972804317363,40.886755990590665,20228.35360335738 -119.57010586389278,40.886774115498135,19765.078639041658 -119.57039790697397,40.88678816034959,19406.164594840102 -119.57077873501825,40.88680650778284,18937.409114298724 -119.5709241410514,40.88681352735578,18758.172179923706 -119.57120019415721,40.88682692844581,18416.90141678798 -119.57143534100244,40.88683836791763,18126.086994007397 -119.57163440404709,40.8868481182475,17878.930756013186 -119.57194259210881,40.88686330740634,17495.796820813997 -119.57225399594137,40.886878811758734,17107.62642391446 -119.57255306253157,40.886893890349846,16733.74642150472 -119.57264668994135,40.88689865287005,16616.468789330862 -119.57286858210547,40.88691001969097,16337.931230661987 -119.57317692132204,40.88692604034401,15949.64976009002 -119.57346641687992,40.88694133593689,15583.56547287466 -119.57369095721178,40.88695338213696,15298.47187267449 -119.57382792424103,40.88696081972588,15124.016170324798 -119.5740300068601,40.88697191857686,14865.766232824373 -119.57432309270486,40.886988312759634,14489.352862868089 -119.57456783999652,40.887002302091624,14173.083641208603 -119.5746506032066,40.8870071044096,14065.71390718683 -119.57488823363192,40.887021136248414,13756.10196343126 -119.5751571300693,40.887037505323995,13403.21339175322 -119.5753188923279,40.887047650249706,13189.506198623889 -119.5754083341425,40.887053364348546,13070.870136270503 -119.57551045240724,40.88705997655571,12935.015637440792 -119.57566056652009,40.88706990396518,12734.438330615752 -119.57583683846748,40.88708188270454,12497.583201771746 -119.57597177273747,40.88709130218854,12315.278780058803 -119.57611203125057,40.887101325747345,12124.853004575787 -119.57632876155226,40.88711732503685,11828.66386865004 -119.57651346173836,40.88713146921383,11574.338753990958 -119.57659353780997,40.887137757514395,11463.505734074502 -119.57674516186061,40.88714994289035,11252.653199143224 -119.57693734786726,40.88716594444567,10983.452995328369 -119.57703339488745,40.88717419132621,10848.066125924457 -119.57714261431065,40.88718376956486,10693.375624081698 -119.5772943754611,40.88719746179831,10477.086241618807 -119.57746637795078,40.887213528600164,10229.931890542364 -119.5775522809772,40.887221776157766,10105.645885557024 -119.5777496186007,40.88724130798421,9817.848807643115 -119.57788382281261,40.88725507049696,9620.187609418213 -119.57798302752205,40.88726549706109,9473.006058323826 -119.57814568224741,40.887283070768326,9229.597542949561 -119.57826325168837,40.887296145443734,9051.949086303797 -119.57835383796505,40.88730642410982,8914.037198168953 -119.5785004347621,40.88732343328549,8688.831637254909 -119.57860196585678,40.88733546798112,8531.30938765982 -119.57865037147951,40.88734128114961,8455.750542888902 -119.57874053650286,40.88735223925808,8314.190219181828 -119.57885274587377,40.88736611629982,8136.49618810761 -119.57892450874232,40.88737513490425,8021.941818885442 -119.57899341046281,40.88738390987603,7911.282118402342 -119.57909785211659,40.88739743132552,7742.252707262518 -119.5792092936687,40.887412179721444,7560.1649058531775 -119.57923853205604,40.8874161087856,7512.090272865322 -119.57932422052781,40.88742778119577,7370.438660031211 -119.57942929393556,40.88744243971628,7195.168514107962 -119.57948580605236,40.887450497188034,7100.154075339987 -119.5795386503327,40.88745814791619,7010.805387389835 -119.57962628246075,40.88747110245569,6861.535246583799 -119.57973404272681,40.88748752559181,6675.969539597916 -119.57976140971128,40.887491787871156,6628.469569003604 -119.57984459915295,40.887504976567136,6483.110210112051 -119.57994061675078,40.88752065655541,6313.420695802651 -119.57999373831056,40.8875295505665,6218.607436579099 -119.58006725690069,40.88754212599455,6086.238311261284 -119.58014898104642,40.887556482255285,5937.44389960207 -119.58019830339464,40.88756534631691,5846.758630637151 -119.58027234619661,40.887578950437394,5709.314183679805 -119.58036409162293,40.88759632895977,5536.713660672185 -119.5804215344988,40.88760752119224,5427.281918018886 -119.58049796415752,40.88762280531514,5279.956183634435 -119.58058625133974,40.887641050779486,5107.180199612396 -119.58062324696687,40.8876488946689,5033.9083032000035 -119.58069897379025,40.88766533687758,4882.2291497665465 -119.5807681509745,40.887680837589954,4741.567862466808 -119.58081593124345,40.887691832127025,4643.168439227177 -119.58086919918426,40.887704386191785,4532.198495243029 -119.58092640424138,40.88771824234474,4411.448572547634 -119.58096851664718,40.88772870602429,4321.457979906733 -119.5810512034698,40.887749942945206,4141.907613099452 -119.58109056180672,40.88776039201294,4055.048831887471 -119.58114212398638,40.88777442916508,3939.822614765958 -119.58119731478826,40.88778991181223,3814.597121993704 -119.58123422572172,40.88780054074982,3729.7036655462603 -119.58129637793654,40.887818952913236,3584.5717196729347 -119.58135297664478,40.887836303104294,3449.887252581748 -119.5813929679785,40.88784891058756,3353.191298712608 -119.58145045663616,40.88786755917208,3211.8428792644313 -119.58147992038309,40.88787736449352,3138.2792344629966 -119.58151325114076,40.88788865947717,3054.132469531718 -119.58156110790462,40.88790525607815,2931.555496649327 -119.58159167805023,40.887916089437866,2852.1653419314 -119.58162217946851,40.88792707536397,2772.1209380866194 -119.58165933178721,40.88794068973594,2673.5186840651463 -119.58169420792446,40.88795369483531,2579.8935550356737 -119.58170985232857,40.88795959858351,2537.558448011405 -119.5817309464078,40.8879676257042,2480.152320198014 -119.58176175441878,40.88797948722846,2395.6243207176826 -119.58179502803564,40.887992479312196,2303.403894200221 -119.58181927114686,40.88800206121003,2235.5912052578133 -119.58185772542906,40.888017455157616,2126.922289062187 -119.58189155043375,40.88803118525818,2030.18210261214 -119.58191540723584,40.88804097054071,1961.2728826856671 -119.58194772619171,40.88805435234196,1866.9903079846183 -119.58198179917666,40.88806860516281,1766.3689468828804 -119.58200772341381,40.88807953989707,1688.9276784547274 -119.58204894235534,40.88809706640329,1564.128971564694 -119.5820655675539,40.888104177632535,1513.1833123377157 -119.58207849774398,40.88810972470076,1473.305615326697 -119.58210676914013,40.88812189775439,1385.3124368624424 -119.58214086534811,40.88813665383919,1277.66394671706 -119.58214763394322,40.88813959250565,1256.0877924648807 -119.58216115396094,40.88814546157567,1212.8846089739043 -119.58216797392777,40.88814842503249,1191.000000000558</coordinates>
                </LineString>
            </Placemark>
            <Placemark id="161">
                <name>Run 16</name>
                <description>States exported: 300 of 6,740
Launch inclination: 89.060 deg</description>
                <styleUrl>#162</styleUrl>
                <LineString id="160">
                    <tessellate>1</tessellate>
                    <altitudeMode>absolute</altitudeMode>
                    <coordinates>-119.10695,40.870683,1191.0 -119.10694999999477,40.87068300000035,1191.0000269212915 -119.1069497869249,40.87068301430659,1192.097550003611 -119.10694206180285,40.87068353263634,1231.6987777256343 -119.10693460687494,40.870684497705426,1278.1370847666497 -119.10692604675093,40.87068663314405,1352.6676590630382 -119.10691984923444,40.87068871856636,1418.5519058078428 -119.10691645900786,40.870690020499495,1458.361825392269 -119.10691182550217,40.87069196263946,1516.8100731776983 -119.10690797544856,40.87069371875036,1568.9301306984694 -119.10690077408535,40.870697266745225,1674.4138175385121 -119.10689446990263,40.870700589093445,1774.7753736749828 -119.10688918324196,40.870703477436926,1863.903356823268 -119.10687984524299,40.870708716708556,2031.8692983008882 -119.10687713283924,40.87071025619101,2083.131050178751 -119.10687113406584,40.87071367186531,2200.5554527393488 -119.10686563433183,40.87071681095485,2312.8396670431653 -119.10685949332165,40.87072031435015,2443.059961046218 -119.10685335253214,40.87072381470673,2579.21475140067 -119.10685098674124,40.87072516270588,2632.734676514195 -119.10684549625542,40.870728295280095,2756.113823947673 -119.10684024191188,40.87073129689507,2872.989012348362 -119.10683502571926,40.87073427889401,2987.705925924568 -119.10682726579803,40.8707387118133,3155.589495489494 -119.10682456044405,40.870740256061644,3213.3084297874802 -119.10681849233725,40.870743716743384,3341.2162170765464 -119.1068122354798,40.87074727937973,3470.7725304132214 -119.10680673318339,40.87075040832102,3582.7509423943675 -119.10679753788926,40.870755628427936,3765.8053017089073 -119.10679289079732,40.87075826202571,3856.384447364719 -119.1067834046923,40.87076362932957,4037.3360193481217 -119.10677797636875,40.87076669430848,4138.5277397706805 -119.10676931497493,40.87077157140281,4296.514860600933 -119.10676137441261,40.87077602651368,4437.682936588025 -119.10675185119837,40.8707813447053,4602.497746841459 -119.10674250231277,40.87078653534549,4759.690334893167 -119.10673419492693,40.87079112063081,4895.645069859956 -119.10672352462234,40.87079697023772,5065.306675608002 -119.1067168344268,40.87080061465612,5168.918287336831 -119.10670379436533,40.87080766766971,5364.984063007248 -119.10669400494999,40.87081291886806,5507.250812065136 -119.10668323107126,40.87081865373266,5659.147551845137 -119.10666853839307,40.87082639984488,5858.763909224281 -119.10666223121513,40.870829700441206,5941.91802676885 -119.10664879070546,40.870836685786095,6114.2963988914735 -119.10663654688804,40.870842997117975,6265.9048816110935 -119.10662650384204,40.870848142942215,6386.65033959908 -119.10661412116873,40.87085445287429,6531.289644075037 -119.10660173147156,40.87086073454246,6671.6103848549665 -119.10659510535004,40.87086408088534,6744.961243810822 -119.10658172655477,40.87087081271997,6889.660090774201 -119.10656521107097,40.870879077779534,7062.411922886818 -119.10655963467917,40.87088185753115,7119.361999788182 -119.10654729607236,40.870887977786666,7243.0063708187745 -119.10653010611715,40.870896441250316,7410.137562441085 -119.10651449617608,40.870904049620876,7557.023722613793 -119.10650673484896,40.870907799820074,7628.354604827015 -119.1064929310294,40.87091441492941,7752.5593248202085 -119.10647295024211,40.87092384856898,7926.411304357293 -119.10645955380193,40.870930073130374,8039.192531874845 -119.10644602523544,40.87093628020224,8150.133603246509 -119.10642439564782,40.870946030422566,8321.57925065351 -119.10640007384524,40.87095675303797,8506.195073437299 -119.10639240856308,40.870960083194994,8562.696688677683 -119.10637661282745,40.870966890693005,8676.778892305867 -119.10635167021029,40.87097748835613,8850.807585116627 -119.10632603827773,40.870988242788755,9022.605795741638 -119.1063139111038,40.87099329664165,9101.614014388706 -119.10629574807,40.87100082784779,9217.403832766224 -119.10626676430171,40.871012784515756,9396.321881676444 -119.1062351661869,40.871025759631294,9583.91359958367 -119.10621817716871,40.87103272135187,9681.83221547695 -119.10619534539344,40.871042065579225,9810.43500253831 -119.10616648465006,40.871053871446115,9968.555947925553 -119.10614351780275,40.871063418491524,10122.795358345531 -119.10613149268501,40.87106862478646,10257.763220081888 -119.1061264273013,40.87107114169852,10438.0570677437 -119.10613824833372,40.87106666576029,10696.301664427521 -119.10615782596459,40.87105849891468,10878.400756850966 -119.10617638530516,40.87105052165209,11007.364127111012 -119.10621849758209,40.87103215405974,11241.389740063181 -119.10629148894895,40.87100011040858,11565.453416855313 -119.10631842540086,40.870988288714585,11672.428953597215 -119.1064089680243,40.870948623512106,12008.356701835224 -119.10651188220747,40.87090371178143,12364.687627656598 -119.10660628754613,40.87086264866713,12678.419189275124 -119.10675424497558,40.87079856923345,13156.01013527282 -119.10678814561501,40.87078392815265,13263.918965941957 -119.1068941692268,40.87073818852442,13599.270740495604 -119.10703662349873,40.87067665735584,14051.265976335095 -119.10708170829652,40.87065715529143,14194.800552465562 -119.10719263768375,40.870609182890014,14548.544268642136 -119.10735017603751,40.870540985823766,15052.52123135976 -119.10744937479569,40.87049802589388,15370.574834812489 -119.10759108522652,40.87043673325028,15825.25085362465 -119.10778844034466,40.870351550945,16458.54983810684 -119.1078696175679,40.87031661052427,16718.786450216736 -119.10801322648622,40.87025484108188,17178.964635097975 -119.10819351218181,40.87017751117513,17755.50116986008 -119.10832956286475,40.87011927963672,18189.617553412092 -119.10854400385554,40.8700276921383,18871.863256146742 -119.10862792649954,40.86999192145875,19138.146908515013 -119.10882752000215,40.86990697211676,19769.862061762917 -119.10907132354393,40.869803473337626,20538.187315710646 -119.10924886950285,40.86972828863171,21095.31199729675 -119.10943323328934,40.86965037157281,21671.763679549873 -119.10966809761408,40.86955134891472,22402.968945820947 -119.1098010476255,40.8694954015413,22815.32066380494 -119.11013450649645,40.869355396777344,23844.53495314558 -119.11030597807992,40.869283576414425,24370.99759515725 -119.11054079223696,40.8691854511929,25088.765580152332 -119.11088281685983,40.86904293759862,26127.76907871348 -119.11116109294987,40.86892739932476,26967.35537755358 -119.11140413213049,40.868826753791325,27696.608105088624 -119.111780342647,40.8686714963921,28817.909879990922 -119.11206634001434,40.86855385947371,29664.32269077319 -119.11261712201343,40.86832822708958,31280.244266154106 -119.11290872196435,40.86820922238728,32128.294893104194 -119.1135145021374,40.867962961786546,33873.970874012324 -119.11433572230851,40.86763109322074,36206.347105915214 -119.11522118659695,40.86727567685017,38678.23006365238 -119.1164285237569,40.86679492714776,41978.91984241635 -119.11789772304397,40.866215624437224,45890.41511437845 -119.11986684932832,40.86544845132879,50959.01641750792 -119.12273187038406,40.86434987142907,57995.68054874223 -119.12803520884391,40.86236601683686,70040.4231102838 -119.13432851052424,40.86008467793951,82835.19322519838 -119.1363816860011,40.859355475921916,86686.18370227303 -119.14075006830723,40.85782608568913,94386.1657684482 -119.14768879012259,40.85545197403611,105323.47765799718 -119.15478620346134,40.85308369197198,114995.69283833064 -119.16170594482146,40.85082394489768,123063.58122677663 -119.16905869802345,40.8484674051246,130260.57462518166 -119.17618776827854,40.84621907336135,135960.83682216099 -119.18372286797964,40.84387463033674,140682.56391650724 -119.19099144284692,40.84163799685987,144015.1637203944 -119.19863588770343,40.83930588732116,146261.59410266022 -119.20597413837548,40.83708112192822,147226.50967948983 -119.21332103569708,40.83486218627834,147033.88719873285 -119.22065988986667,40.83264908061976,145683.7266305239 -119.22830561950634,40.83034159856782,143034.54002346945 -119.23557605331007,40.828140363449165,139316.69498311155 -119.24311374589698,40.82584521969513,134192.21130995965 -119.25056801298638,40.82355630278782,127802.58663196235 -119.2576024975154,40.821372672609655,120506.95373221213 -119.26483812987746,40.819095794915384,111642.08754577173 -119.2716274436727,40.81692391192775,101978.87903564061 -119.27856365051176,40.81466152517241,90639.1648196134 -119.28502543492941,40.812505574833146,78611.02595852608 -119.28742347883731,40.81169176740548,73748.03932878096 -119.29055650011657,40.810616262369,67007.56439950784 -119.29265331117912,40.809887099556065,62341.85200306683 -119.29407690084358,40.80938830585301,59005.318996795926 -119.29563992342052,40.80883608844967,55304.412363867 -119.29680612782451,40.80842142334365,52412.82443356161 -119.29806114327778,40.80797202573618,49289.883676437246 -119.2990894903017,40.807601538716604,46661.43868725269 -119.29960572392842,40.80741479092641,45301.59063357522 -119.30046142023456,40.80710395406085,43065.8753082198 -119.30122862286676,40.80682399642226,41005.08955608133 -119.30176720343889,40.806626715419995,39524.691508090364 -119.30219121852049,40.80647097261365,38391.025633222285 -119.30274880773622,40.80626556602402,36839.23345517249 -119.30327615893914,40.806070674467705,35355.71671848618 -119.3037005027745,40.805913432930865,34163.87370580169 -119.30388919388213,40.80584338596107,33629.7908172363 -119.30426328755362,40.80570428015085,32559.37529838887 -119.30463082839903,40.80556735599118,31516.414851453294 -119.30499778548919,40.805430370032035,30459.86448297831 -119.30530624300043,40.80531499795615,29556.35299529549 -119.30556090638548,40.80521960481837,28800.701886990413 -119.30573149069586,40.805155711488055,28313.33339423042 -119.3059590183466,40.80507033381612,27631.306252980834 -119.30622927646905,40.80496886865148,26828.697136415496 -119.30639714322965,40.80490581919338,26339.79107345679 -119.30653701837906,40.80485319654363,25912.097349922293 -119.30667878592207,40.80479988799136,25497.159599011415 -119.30682918024075,40.80474323928799,25037.234593135414 -119.30703151318728,40.80466698334655,24429.618734571737 -119.30722080224224,40.80459558338134,23861.93076647445 -119.3074072644559,40.80452515384116,23295.07325267828 -119.30758545988395,40.804457770073526,22748.73186227624 -119.30776708215053,40.80438903552417,22192.243652433313 -119.3079333238307,40.804326075494046,21683.309612893034 -119.30810217670412,40.804262083832725,21164.564795342605 -119.30824410126037,40.80420826283561,20726.250685931835 -119.30839553117606,40.80415080092682,20255.49686522842 -119.30853744573254,40.80409691986345,19812.99355205598 -119.30868818993946,40.80403965548757,19342.359586064358 -119.30882022432795,40.8039894688768,18929.175775747182 -119.30889085673161,40.803962613453095,18707.75891568537 -119.3089946493429,40.80392314517379,18380.3431297119 -119.30913183900645,40.803870973978974,17947.03652965459 -119.30924753580051,40.803826988464984,17580.365125615936 -119.30937412065138,40.8037788923397,17177.265626446806 -119.30949365210624,40.80373352527681,16794.84950188804 -119.30954195762993,40.80371520781877,16639.503663465515 -119.30962284499287,40.80368452094427,16379.043677841399 -119.30972839271105,40.80364450112353,16037.333591212622 -119.30984400803578,40.80360063954678,15660.252863290238 -119.30994754843574,40.803561296995895,15319.708769059238 -119.30999978904212,40.80354141891878,15146.652257917613 -119.31008957756866,40.80350718070721,14847.212643370704 -119.31018928560924,40.80346903687805,14511.196340020493 -119.31028284481214,40.803433094422005,14192.00965628361 -119.31031103209844,40.80342223549764,14095.059972749037 -119.31039208179536,40.80339094867561,13813.862554066507 -119.31049025330927,40.80335290373397,13468.112214082574 -119.31056709509622,40.80332302525285,13192.978692454455 -119.31059258874645,40.803313097154955,13100.755454843844 -119.31063950738549,40.80329480192812,12929.848860460654 -119.31070208177172,40.8032703714656,12699.14638288678 -119.31078433171679,40.803238219674455,12390.90001837915 -119.31081859197135,40.80322482045833,12260.743365409575 -119.31087953973847,40.80320097341228,12026.509638058948 -119.31095410126184,40.803171801860316,11735.014846156466 -119.31100076006777,40.80315355603293,11549.662936273906 -119.31104087823118,40.80313787791188,11388.314050682166 -119.31110110083706,40.80311437121798,11142.513386889626 -119.31116334220917,40.80309012713401,10883.493953945966 -119.31117918635252,40.80308396422003,10816.68498273624 -119.31122706854698,40.803065346783626,10612.42592789676 -119.31128122395673,40.80304430891125,10376.827576988993 -119.31132033339456,40.80302911587664,10203.353110724514 -119.31136597115596,40.80301137452755,9997.021693805733 -119.31143151449471,40.80298583595688,9692.42609982084 -119.31145659264455,40.80297603473644,9573.001965884874 -119.3114983770874,40.80295964640443,9370.085095065751 -119.3115531451018,40.80293801463445,9095.776546699124 -119.31156861271916,40.80293186316767,9016.40054997529 -119.31160269865482,40.80291820887807,8838.196881059055 -119.31164081883358,40.802902739287234,8633.006032766629 -119.31165954260305,40.802895041076326,8529.689726495433 -119.31167450630679,40.80288884278692,8445.859577526247 -119.31170079074161,40.80287783622245,8295.669319712695 -119.31172986478144,40.80286547445491,8124.866165872512 -119.31174600132903,40.80285852246058,8027.783278238549 -119.31176247409321,40.80285136500972,7926.924297766441 -119.31178905253579,40.80283967494157,7760.178595143831 -119.31181845883226,40.802826552777326,7569.550905992495 -119.31182624258078,40.80282304869051,7517.942387683203 -119.31184283607521,40.80281553552943,7406.119857973709 -119.31186833070463,40.802803890962686,7229.341158047236 -119.3118863153719,40.8027956085831,7100.578377072437 -119.3118963747349,40.80279094966109,7026.921026223934 -119.31191508102832,40.80278223829589,6886.521013356228 -119.31193761762582,40.80277165480526,6710.639240102342 -119.3119473024075,40.80276707462721,6632.479427419092 -119.31196229238469,40.80275993519671,6508.0470805256045 -119.3119817335438,40.80275057235578,6339.503644892487 -119.31199202402303,40.80274555887587,6246.519785023991 -119.31200656047639,40.80273839407026,6110.010070938348 -119.31202116447155,40.80273107829602,5965.790631372712 -119.31203259003728,40.80272525470287,5847.11164848185 -119.31204271366441,40.8027200105031,5736.920897864721 -119.31205779820817,40.8027120194366,5562.140837631456 -119.31206583200951,40.80270766207032,5462.814832520942 -119.3120777859002,40.80270101583399,5304.954318556394 -119.31209072268368,40.80269354210574,5116.58605591346 -119.31209699580785,40.80268978063619,5016.580276741963 -119.31210670036766,40.80268372250146,4846.55276489481 -119.31211231429336,40.80268004405246,4736.808581144903 -119.31211804098285,40.802676110845084,4612.611683733102 -119.31212327227048,40.80267229532945,4483.636015113495 -119.31212692796967,40.802669445667455,4380.3102017088395 -119.31213171048817,40.802665349448205,4217.788095166555 -119.31213481537847,40.802662285531426,4081.3221514422116 -119.31213634346756,40.80266053608287,3995.4905001913526 -119.31213809990568,40.8026580386111,3858.936132086302 -119.31213889358034,40.8026563387252,3752.7844568419773 -119.31213918390748,40.802654500825334,3619.570291190638 -119.31213851323407,40.802652739964095,3461.54169306234 -119.31213792775034,40.80265215218434,3397.3106314215024 -119.31213590003249,40.80265107589571,3249.520842880147 -119.31213407543714,40.802650579815506,3153.292792368675 -119.3121327655428,40.802650352878906,3094.1811122119084 -119.31213072584157,40.80265013542234,3012.586438794305 -119.31212694774041,40.80265000998185,2882.3722461280813 -119.31212523251588,40.80265003440163,2829.184122859052 -119.31212244568442,40.8026501541328,2748.1958119681376 -119.31211812134758,40.80265049406088,2632.1667604535996 -119.31211567174657,40.80265075460393,2570.197987576171 -119.31211314138181,40.802651066222715,2508.615751903343 -119.31210873555382,40.80265169935161,2405.9208039631103 -119.31210406202023,40.80265247450583,2302.3794550465923 -119.31210052397071,40.80265311862272,2227.0644983759653 -119.31209428167305,40.80265434874808,2099.577840492451 -119.3120905852006,40.802655120352945,2026.8688978785226 -119.31208703016013,40.80265588292086,1958.6920943232037 -119.31208478876358,40.8026563712918,1916.5148510597817 -119.31207922130278,40.80265759778251,1814.2509555291556 -119.31207514717005,40.802658497204646,1741.5119410931277 -119.31206888258997,40.80265986484339,1632.786501914784 -119.31206171921745,40.8026613783836,1512.6289432196427 -119.31205926635015,40.80266188067033,1472.4263023676067 -119.3120546799315,40.80266279472512,1398.4417635825396 -119.31204791652273,40.8026640813321,1291.920872761797 -119.31204572178072,40.802664483020195,1257.9622434038529 -119.31204252669376,40.80266506617929,1208.443644958884 -119.31204139552369,40.8026652697293,1191.000000000205</coordinates>
                </LineString>
            </Placemark>
            <Placemark id="171">
                <name>Run 17</name>
                <description>States exported: 300 of 6,702
Launch inclination: 89.500 deg</description>
                <styleUrl>#172</styleUrl>
                <LineString id="170">
                    <tessellate>1</tessellate>
                    <altitudeMode>absolute</altitudeMode>
                    <coordinates>-119.10695,40.870683,1191.0 -119.10695000000267,40.87068300000062,1191.0000269312695 -119.10695006061005,40.87068301395382,1191.6108511903233 -119.10695378393419,40.870683871381374,1229.1030029139474 -119.10695970108226,40.870685184516134,1273.124870403226 -119.10696851009789,40.870687009292865,1321.3382920928998 -119.1069780001843,40.870688914192144,1368.4432206444642 -119.10699456477995,40.87069213850818,1444.4837078558837 -119.10700651284978,40.87069440998909,1496.7323480829805 -119.10701503639748,40.87069600889105,1533.181635190987 -119.10703584130904,40.870699838254815,1619.9113818500102 -119.10706313580057,40.87070468415927,1730.3494602088886 -119.10708210857163,40.87070794533458,1805.6496578194308 -119.10711072858935,40.870712708713015,1917.5681180349907 -119.10714283829861,40.870717831944724,2041.2340572311064 -119.10716577664446,40.87072135148191,2128.5761375981274 -119.10718932280595,40.870724847506764,2217.458531472233 -119.10721463220145,40.870728498392644,2312.3001077317954 -119.10725637485716,40.87073430091139,2467.3602743167385 -119.10728998980473,40.87073877737049,2591.0281595629385 -119.1073207050646,40.87074282616072,2703.6759141253146 -119.10736602271,40.870748859109135,2869.9015363548583 -119.10739654335904,40.87075296788112,2981.9149537836474 -119.10744384818976,40.870759418100135,3155.7049972611203 -119.10746088344257,40.870761767256354,3218.3525419959346 -119.10749730415097,40.87076683952455,3352.4219524694736 -119.10752766182794,40.87077112281949,3464.3302973422074 -119.10756646169482,40.87077667597475,3607.5856205338982 -119.10761089794269,40.870783152250674,3772.0004573848655 -119.10764638266585,40.87078841879754,3903.5895613031353 -119.10769572329217,40.87079589179426,4087.0388698969987 -119.10772137328648,40.87079984747319,4182.643690582503 -119.10777022236442,40.87080752196456,4365.208139042861 -119.10779860814233,40.87081206809902,4471.61045181482 -119.1078511183454,40.87082065125765,4669.10479705601 -119.10787966952964,40.870825415024434,4776.87382263729 -119.10791459055318,40.870831339534696,4909.091142995895 -119.10796817633928,40.87084064837104,5112.909217203273 -119.10800069058925,40.870846433201606,5237.177743225086 -119.10805851067272,40.87085699406621,5459.3955099281075 -119.10808691039486,40.87086231749248,5569.170598013589 -119.10812438606271,40.870869488463754,5714.71702764681 -119.10816244340594,40.870876949771365,5863.385945697344 -119.10819508594324,40.87088350297586,5991.640931440515 -119.1082416635092,40.870893115246346,6175.920889890349 -119.108269968089,40.87089911715466,6288.682328421084 -119.10829523034913,40.870904583685075,6389.841810764887 -119.10833006431025,40.87091230025713,6530.177107419754 -119.10836527791936,40.87092032546563,6673.0856740657955 -119.1083879085868,40.87092560449763,6765.497523850429 -119.1084226536232,40.87093390558687,6908.286768200498 -119.10846544329961,40.87094446356699,7085.698462050401 -119.108482386571,40.87094874800474,7156.443730155174 -119.10851372606591,40.87095682813744,7288.081828853828 -119.10855814433188,40.870968630756835,7476.479044488465 -119.10857907711119,40.87097433735259,7566.046614702141 -119.10860533506006,40.87098163237863,7679.217073468967 -119.10864353864514,40.87099252049446,7845.565933927897 -119.10868073693415,40.87100345378632,8009.742457061068 -119.10869677170437,40.87100827433111,8081.261805305464 -119.10873011154231,40.87101851848588,8231.513345755553 -119.10877043886903,40.87103133930612,8416.36787359895 -119.10879633992653,40.87103984499307,8537.09861019022 -119.1088142806161,40.871045877684544,8621.6869809203 -119.10884549011904,40.87105666650647,8770.878899985668 -119.10887746758941,40.871068152163,8926.559405841497 -119.10890561103075,40.87107866555205,9066.06868456526 -119.10891966636754,40.871084068211566,9136.661177667396 -119.10894895089739,40.87109568161925,9285.787807760506 -119.1089858785893,40.87111107029849,9478.013531578506 -119.10901562858947,40.87112413455149,9636.503459854588 -119.10904049249811,40.87113554923097,9771.597975694864 -119.10907234093874,40.871150893282476,9948.378986528342 -119.10908980257541,40.87115829193715,10038.359145690316 -119.10913587306538,40.871169328505104,10221.09530485399 -119.1091629725851,40.87117274634456,10309.115028693812 -119.10924212614219,40.87117617726117,10526.04220951846 -119.10937831990884,40.8711703190962,10830.48395351002 -119.1094386189744,40.8711650456464,10950.51230074624 -119.10954348860272,40.8711534247778,11146.154046270802 -119.10972257431605,40.87112892448428,11454.467995456916 -119.109820856535,40.87111388111644,11614.499953769513 -119.10996162683533,40.87109122725469,11837.027479390485 -119.11025321005042,40.871041904408685,12282.58619682509 -119.11042854658272,40.8710113455104,12544.355453385588 -119.11077725041399,40.87094957565751,13057.056701041683 -119.11089139968423,40.87092920186769,13223.406668691732 -119.11106515394783,40.870898095007696,13475.628646940886 -119.11134292753805,40.87084839721688,13878.78524390471 -119.11154824741385,40.870811708448336,14177.130753061681 -119.11175659842131,40.87077455419116,14480.104299564002 -119.112131080438,40.87070790390566,15025.079318387085 -119.11234496115213,40.87066990886648,15336.466742533155 -119.11264784416186,40.87061624315064,15777.306105631118 -119.11306494892013,40.87054258723031,16383.938955077612 -119.11329848697844,40.87050149414095,16723.174279443916 -119.1135205327856,40.87046246623944,17045.48953898385 -119.11389014692142,40.87039767479203,17581.187891840695 -119.11436921696158,40.87031392039777,18273.92443435398 -119.11478778779801,40.8702408925181,18877.535828390868 -119.11500403555839,40.870203223941445,19188.753843263712 -119.11548553894055,40.87011944667602,19880.153907082095 -119.1160078907659,40.87002872206324,20627.64497056285 -119.1163609687086,40.86996749121154,21131.348894686515 -119.11684628381191,40.869883442449876,21821.68988458852 -119.11728835445186,40.86980699483921,22448.448916800004 -119.1177532977017,40.86972668624758,23105.483327480117 -119.11850015815796,40.86959787741508,24156.273211946762 -119.11880977289658,40.86954454297975,24590.19119992562 -119.11952475717143,40.869421563037214,25588.372176551093 -119.12038627596493,40.86927370610341,26783.951172355515 -119.12067833605222,40.86922365754886,27187.48805193607 -119.12151610470359,40.869080344376144,28340.087196904075 -119.12206464257595,40.868986704063175,29090.801585595163 -119.12289950447965,40.868844432297415,30227.394124773757 -119.12388634638258,40.868676638450516,31561.690008930786 -119.12466971488882,40.86854371942323,32613.82408230661 -119.12621631437409,40.86828196861598,34672.86357307854 -119.12792195979975,40.86799428674277,36915.921769266686 -119.12997283196778,40.86764971625138,39574.912546458974 -119.13262362018978,40.86720643082438,42950.90707964205 -119.13572122055373,40.866691272593705,46810.43428906245 -119.14007707436988,40.86597186531782,52084.83046437686 -119.14558104477106,40.8650708505352,58500.04170084279 -119.15186383078083,40.86405271926141,65492.46397313134 -119.16440316669998,40.862051536178264,78437.57311225396 -119.17731673525076,40.86002985101818,90430.181452857 -119.18682539785401,40.85856434589542,98433.49720834293 -119.1890876377176,40.85821838012027,100237.4359454505 -119.20290879827412,40.85612571158135,110446.59443198667 -119.21626713283617,40.85413481943141,119027.40736317496 -119.22974353798983,40.852154579517105,126450.0614644899 -119.24394061848314,40.850095812431725,132971.7764930032 -119.25760650419777,40.84813761768859,138025.43704606316 -119.27196514464407,40.84610204363744,142070.4583289546 -119.28575061285875,40.844166144905245,144755.0931646275 -119.29956910702067,40.8422412034851,146281.53031384843 -119.31340391583974,40.84032723896454,146649.76725670288 -119.32723833240456,40.83842425766162,145859.80318103015 -119.34168303602887,40.83644651295055,143795.56688174495 -119.3554646302986,40.834565961447886,140636.55991173588 -119.36981757206318,40.832611606661445,136095.60467968392 -119.38347642867757,40.830753343872644,130567.57332418434 -119.39704982036682,40.828905895190296,123881.36380794524 -119.41113058278609,40.826985968345035,115652.90687490524 -119.42447653256733,40.825160496558695,106597.7440121168 -119.43827995830408,40.8232638685068,95892.79962037625 -119.45131604950132,40.821462131731835,84470.02841110395 -119.46059449154767,40.82017167682776,75532.15101835785 -119.46583514377953,40.819440213635815,70151.9127955969 -119.47124095614936,40.818682265953015,64375.16682665533 -119.47354448675158,40.81835799287305,61848.51302352739 -119.47728103503881,40.81783194013425,57613.85438955031 -119.4804492779041,40.81738376420299,53953.866834194356 -119.48306308521254,40.817013386818886,50857.047866791036 -119.48532537446972,40.81669251671456,48112.902735011405 -119.48682476802907,40.816478837078265,46291.35426542472 -119.488058889394,40.81630352069583,44748.377417411655 -119.48970583493748,40.81606843980766,42696.602041610386 -119.49044788152358,40.815962765847225,41750.26712257015 -119.4917222493219,40.81578050050347,40136.20155234728 -119.49319263642457,40.81557008725359,38248.85190200416 -119.49419484851973,40.81542674085469,36941.4450759678 -119.49537167467575,40.815258182898994,35396.54842654009 -119.49634717095454,40.81511823586413,34109.40549118027 -119.49708092603812,40.81501268361858,33143.50619997594 -119.49785219352921,40.81490201159299,32108.442094373186 -119.49860847023326,40.814793432843686,31087.47038788745 -119.49932839909387,40.814689882518024,30116.390690062894 -119.49993810010218,40.81460207376235,29293.750929113186 -119.50042326253262,40.814532407361106,28627.396254131545 -119.50101696349266,40.81444705220187,27812.699220127837 -119.50155757954671,40.8143692308463,27072.326412998053 -119.50207947378165,40.81429411767814,26354.094713898266 -119.5025727381926,40.814223209972965,25668.997926346045 -119.50304397332576,40.8141554734419,25011.11787161884 -119.5035060689276,40.814088972877755,24365.77778122788 -119.50387001198041,40.81403651847463,23858.881630939202 -119.50431415907173,40.81397255959136,23235.11906985702 -119.50450408060915,40.813945263289206,22965.394736113318 -119.50489265329715,40.81388926665603,22418.167549118712 -119.50528438948767,40.81383282980996,21863.95077697226 -119.50563418482942,40.813782464217084,21366.7927672434 -119.50597567261775,40.8137333174402,20879.66266486299 -119.50630908291338,40.813685331271095,20403.20206237217 -119.50663193319252,40.81363886606257,19941.072194269833 -119.50693221152306,40.81359565663919,19510.358658098387 -119.50723390034746,40.813552265268164,19076.2094442053 -119.507403711286,40.813527865074,18830.665726370928 -119.50758994338601,40.81350110254687,18561.97951799677 -119.5078434159011,40.8134647135905,18194.91595588866 -119.50804371008338,40.813436005217675,17903.86722214569 -119.50826163336275,40.81340480776191,17586.995854518947 -119.50848494627479,40.81337290255508,17261.518188965398 -119.50873119980535,40.81333782607522,16901.43517954003 -119.50889071552196,40.81331517822261,16667.45289418282 -119.50903244170858,40.813295080291724,16459.39482950591 -119.50927269467132,40.813261119428944,16105.443157411644 -119.50950584060901,40.81322827664421,15760.579883063827 -119.50974378186267,40.81319486532696,15407.014641022926 -119.50986928992431,40.81317728330907,15219.731644700641 -119.51006467886131,40.813149975610244,14927.173868227168 -119.51029441938942,40.813117960621874,14581.240592898263 -119.51051350868964,40.813087527708696,14249.185477248826 -119.51059537321923,40.81307618293666,14124.532662845151 -119.51073222397048,40.81305727700275,13915.34962306694 -119.51091224872171,40.81303250100728,13638.608868258396 -119.5111341177529,40.81300217560277,13294.837658649627 -119.51121563639842,40.81299110535341,13167.71594846607 -119.51134194655175,40.812974032221824,12969.902293905434 -119.51150842713255,40.81295171098426,12707.436694937813 -119.51162705856056,40.81293594414579,12519.169205918726 -119.51174999188383,40.812919737149365,12322.968117065942 -119.51186230235399,40.8129050511232,12142.711296016409 -119.51203498070056,40.81288272700295,11863.599393978591 -119.51220881408665,40.81286058455782,11580.147122901872 -119.51226210943729,40.81285386729371,11492.72791001741 -119.51237310927601,40.812839997977235,11309.824185649399 -119.51252631632101,40.812821134264105,11055.489568850777 -119.51263527411093,40.81280793666152,10873.202643218916 -119.51270038249518,40.812800134622904,10763.686309058006 -119.51281717111218,40.8127863088034,10566.085984207146 -119.51296899795511,40.812768659161115,10306.844661773237 -119.5130448605361,40.81275997990268,10176.2517850245 -119.51318902969815,40.81274373970413,9925.990872467071 -119.51335838359776,40.81272509348547,9628.262846838707 -119.51341781797042,40.812718657945304,9522.748174587572 -119.51356078395159,40.8127034052921,9266.59266086954 -119.51367421383969,40.81269152361609,9060.850766815647 -119.51374462416516,40.81268423231589,8931.949965742577 -119.51384949306706,40.81267348053923,8738.172185120053 -119.5139584727002,40.812662410189255,8534.382781360584 -119.51397681417502,40.81266055523653,8499.831197774141 -119.51403886008305,40.81265430986405,8382.412769818906 -119.51410773657813,40.812647407169166,8251.037285003129 -119.51420495232199,40.812637729574035,8063.715418776969 -119.5142530975339,40.81263296882192,7970.106196738054 -119.51432244072409,40.81262616108025,7834.290957208078 -119.51441372846368,40.81261729964666,7653.677027233274 -119.51446992771656,40.81261191173377,7541.442145317869 -119.51451808274733,40.8126073461377,7444.603265226762 -119.5145963668379,40.8126000362261,7285.847278337564 -119.51468097829775,40.81259232493062,7112.307767098849 -119.51469517099683,40.812591053560816,7082.991548580017 -119.51475361162466,40.81258588439122,6961.605302751637 -119.51483305234467,40.812579056056606,6794.817015195675 -119.51489160601606,40.812574180745614,6670.4747797966975 -119.51492032826005,40.81257183952615,6609.0219869220355 -119.51498457393424,40.81256672799362,6470.419747646412 -119.51505875283736,40.812561047768476,6308.303417352716 -119.51509983189277,40.81255800722261,6217.506392161397 -119.51517201746614,40.81255285162585,6056.092093749954 -119.51525000932486,40.812547560191675,5878.843719983165 -119.51528473088136,40.812545302405965,5798.922869668109 -119.51534106088646,40.81254177659904,5667.863837797692 -119.51541327302351,40.81253752051456,5497.174505123385 -119.51545094575266,40.81253542596592,5406.862990138163 -119.51551274417184,40.812532188900356,5256.720248021076 -119.51557446842864,40.8125292174138,5104.130887296102 -119.51560923144832,40.812527666892144,5016.965051748193 -119.5156803443501,40.81252479249466,4835.707904347738 -119.51572191068678,40.81252331221819,4727.811882709134 -119.51576164494382,40.81252204944872,4623.227305249855 -119.51580054571419,40.812520969177676,4519.387076697938 -119.51584208566851,40.812520002018935,4406.81555879974 -119.51588830320576,40.812519172221606,4279.393345160814 -119.51594841626739,40.812518517803646,4110.0090778611075 -119.515977396661,40.81251838757574,4026.782405045959 -119.51602154762834,40.81251843636067,3897.9020365430442 -119.51606394139705,40.81251877936617,3771.6398715490536 -119.51609203182285,40.81251917355711,3686.5402325613227 -119.51614007360438,40.8125201705938,3538.1690058932904 -119.51617155267952,40.81252105313481,3438.8947159181803 -119.51620838366307,40.81252232753341,3320.5429555071655 -119.51624796669239,40.81252400109383,3190.5383624784563 -119.51626396083154,40.81252477037695,3137.139993531662 -119.51628920687267,40.812526094817706,3051.8247993633186 -119.51631937816626,40.812527858278564,2948.1708338388726 -119.5163456783581,40.812529557019666,2856.298177583272 -119.51636769091118,40.81253109603078,2778.3286280070743 -119.51639348191773,40.81253303519519,2685.751059832828 -119.51642231896663,40.812535377656395,2580.735068044557 -119.51643216466894,40.812536219565175,2544.5169317523805 -119.51645269531565,40.81253804399805,2468.398198271876 -119.51647710816924,40.81254033399766,2376.831026133872 -119.51649736440739,40.81254233275153,2299.969325653624 -119.51651154364703,40.81254378365517,2245.675703059207 -119.51654382031614,40.81254724126586,2120.5364017597026 -119.51656730500521,40.81254988463808,2028.0920743135325 -119.5165854691839,40.812551996786034,1955.746552083367 -119.5166117818596,40.81255515013513,1849.5797068848328 -119.51663273171266,40.812557728745794,1763.8300606837183 -119.51665547029623,40.81256058278494,1669.460719925492 -119.51668375693939,40.81256419022901,1550.058184399241 -119.51669673548611,40.81256585820867,1494.4851273589893 -119.51671889039731,40.812568719569434,1398.395230712909 -119.51674385309916,40.812571951919296,1288.1895118024956 -119.5167503692097,40.812572796143044,1259.0684664324033 -119.51675946416239,40.81257397470552,1218.2893899118546 -119.51676552391838,40.81257475982204,1191.000000000362</coordinates>
                </LineString>
            </Placemark>
            <Placemark id="181">
                <name>Run 18</name>
                <description>States exported: 300 of 6,743
Launch inclination: 88.361 deg</description>
                <styleUrl>#182</styleUrl>
                <LineString id="180">
                    <tessellate>1</tessellate>
                    <altitudeMode>absolute</altitudeMode>
                    <coordinates>-119.10695,40.870683,1191.0 -119.10695000000914,40.87068299999989,1191.000026894134 -119.10695008173151,40.87068299905477,1191.2405341684523 -119.10696058661965,40.87068287436579,1222.1345891013939 -119.10698049209334,40.870682970897576,1274.9461241550616 -119.10700152352861,40.87068346739325,1323.4891728895682 -119.10702299360972,40.870684064978,1370.8134771861003 -119.10705793016163,40.870685127190725,1444.9890823068042 -119.10708091585285,40.870685852916196,1492.630247361212 -119.10710075336611,40.87068648483496,1533.263994099892 -119.10714209045791,40.87068780277327,1616.7627151226734 -119.1071996488722,40.8706895665398,1731.136588922137 -119.10723629368557,40.870690631354364,1803.1650291783856 -119.10729612636118,40.87069226075366,1919.778648525314 -119.10735922084228,40.870693816563026,2041.667469100033 -119.10741798594265,40.87069510728256,2154.3712315942144 -119.10749699069933,40.870696620210744,2304.846090652403 -119.10755230630234,40.870697554127894,2409.6317593990457 -119.10763969521916,40.87069881964771,2574.261182324364 -119.1076625335141,40.87069911820206,2617.1373396556646 -119.10772237220286,40.870699918735156,2729.44125924054 -119.10779720443077,40.87070095967585,2869.811104569918 -119.10785554733393,40.87070180547682,2979.2096947862324 -119.10795015329889,40.87070324666084,3156.565787424077 -119.10798596258417,40.87070381628907,3223.688683228569 -119.10805709112523,40.87070498949307,3357.013157131327 -119.10812085594313,40.87070609122614,3476.5406051001055 -119.1081892779308,40.87070732977321,3604.8095033235863 -119.1082780393524,40.87070902894303,3771.2395575173373 -119.10835019992355,40.87071049149764,3906.5794242565203 -119.10844481668481,40.870712526483864,4084.1015620449944 -119.10849144430648,40.870713578929816,4171.617927811425 -119.10858485484603,40.87071578976544,4347.019295887987 -119.10868302517491,40.87071826182674,4531.4871754703545 -119.10879638109783,40.87072130843914,4744.683401478652 -119.10884684288473,40.870722732809476,4839.66795831315 -119.10894655944792,40.870725674438546,5027.525928833158 -119.10902067879886,40.87072797420782,5167.316569627157 -119.10911675151675,40.87073110739956,5348.736358446529 -119.10919385851003,40.87073375240431,5494.547134448857 -119.10926802576655,40.87073641051186,5634.991585122579 -119.10933894492129,40.87073906123287,5769.479566064149 -119.10939388930433,40.87074119039092,5873.815060539445 -119.10946935611548,40.870744229058886,6017.333766193557 -119.10957825436031,40.87074885811882,6224.899364603213 -119.10963373532381,40.870751334389446,6330.874948209342 -119.10972692752011,40.87075568636909,6509.245085891996 -119.10981164750271,40.87075986506168,6671.812426838635 -119.10985141030473,40.870761900539414,6748.249603750656 -119.1099205247227,40.87076555610883,6881.325356218866 -119.11001208859324,40.87077063025709,7058.049698759883 -119.11004895674341,40.870772748986546,7129.346649526965 -119.11011151132762,40.870776435563705,7250.508559670604 -119.11020604389024,40.870782230270315,7434.073271979 -119.11026946503473,40.870786261988314,7557.555238158519 -119.11031921481822,40.870789504749034,7654.63452834433 -119.11040144736941,40.87079501513155,7815.529672206162 -119.11049408264434,40.87080144377334,7997.518532050003 -119.11053893138443,40.87080464129695,8085.9462739710525 -119.1106221002786,40.87081072398806,8250.518112210902 -119.11071071102016,40.87081742866802,8426.789861046034 -119.11076789922195,40.870821884543474,8541.110163650506 -119.11081282496427,40.87082546901882,8631.224456364893 -119.11088030259987,40.87083099287298,8767.118771946507 -119.11097096761837,40.870838718592566,8950.739643706473 -119.11102793162468,40.870843771968225,9066.71415939852 -119.11107008599777,40.870847615021,9152.842308948128 -119.11114488506497,40.87085467422311,9306.303959327679 -119.111235474887,40.87086365702983,9493.260605865344 -119.11130404019065,40.870870791934784,9635.568188599642 -119.11134965657314,40.87087570588909,9730.62522051775 -119.1114119037963,40.87088263854671,9860.830663491162 -119.11146785003984,40.87088901147672,9977.964948250472 -119.11153449125669,40.870894259978435,10107.094017287574 -119.11161206398492,40.87089686775202,10242.451505220111 -119.11172673618516,40.87089588451184,10422.558438476772 -119.11192617533978,40.870885248087504,10700.88915212362 -119.11206637761042,40.87087328891067,10880.082992047566 -119.11216421601827,40.87086336213754,10999.669588670351 -119.11232200416411,40.87084531107729,11185.382912364385 -119.11255575381459,40.870815183304,11448.359144050204 -119.11269074667253,40.870796480670386,11595.405972277038 -119.11295352796752,40.870758464251274,11875.367394983206 -119.1133918065458,40.87069230736297,12330.866926424578 -119.11356965357396,40.8706648780377,12513.106338271402 -119.11397676965721,40.870601383181224,12926.690973805007 -119.1142446088239,40.87055929424515,13196.905156994188 -119.11447189032087,40.87052346224589,13425.373697242507 -119.11494994022027,40.87044811229329,13905.568660815017 -119.11523082567524,40.87040390293071,14187.885681647154 -119.11556226583428,40.870351833351236,14521.084565064786 -119.11609360647412,40.8702685025357,15055.326373713197 -119.11641731647558,40.87021782197318,15380.7563210683 -119.1169391098882,40.87013632477828,15904.982691243844 -119.11767033421563,40.87002251815588,16638.585681940815 -119.11781558162886,40.86999996887476,16784.120015492488 -119.11823575509159,40.869934782525135,17204.818968869644 -119.1187958382809,40.86984808253455,17764.635017933222 -119.11918203134981,40.86978839374572,18149.9744280772 -119.11981330826747,40.869690951063035,18778.590871689157 -119.12009547225354,40.86964744365267,19059.032358690234 -119.12074875363702,40.86954681624145,19707.08606002707 -119.1214760040835,40.86943494215058,20426.3652445151 -119.12210656799378,40.869338062959535,21048.13898178899 -119.1227063170555,40.8692460164183,21637.909567034418 -119.12349885375895,40.869124529730215,22414.797117950617 -119.12403696682735,40.86904211936523,22940.678045397966 -119.12487880658676,40.86891331527585,23760.75058515293 -119.12552720299774,40.86881419641459,24390.184950056573 -119.12641537206606,40.86867857880739,25249.223352295285 -119.12756686536302,40.868503004471386,26357.485925189838 -119.12824798463421,40.86839930799199,27010.106065339838 -119.12926819844975,40.868244173926605,27983.624977279716 -119.13019622468585,40.86810327466928,28864.979392025223 -119.13114291037363,40.86795972728601,29759.934301633584 -119.1327381225745,40.867718276623634,31258.668068678344 -119.1337305018715,40.867568311082664,32185.14052406342 -119.13581088938892,40.86725452751124,34112.81020695281 -119.13819796295746,40.866895406699044,36300.46379960413 -119.14112533120426,40.86645630328887,38948.23700674913 -119.14460473327861,40.865936227409186,42045.53424874611 -119.14929165912497,40.86523868634501,46133.13885144986 -119.15504696026196,40.86438673057731,51021.40178980078 -119.16385009991505,40.863093056535185,58223.777723431274 -119.17867621026458,40.86093877895954,69623.15784054888 -119.19676872621339,40.85834873708263,82335.61908080296 -119.21587352097023,40.85565651932443,94386.25747501725 -119.22882450424837,40.8538545575587,101779.70986065254 -119.24821270168974,40.85118908727484,111712.05230206337 -119.26689289436383,40.84865461924864,120027.52924673761 -119.28654486771543,40.846020854692185,127482.08077467041 -119.30544239891826,40.84351690407166,133427.47400576374 -119.32528502756698,40.84091521343787,138404.1892632196 -119.34432994966906,40.838442076128246,141979.4610719338 -119.36429010229155,40.83587270953179,144478.3079619921 -119.38428208045386,40.833319922337104,145710.68130813283 -119.40254721640784,40.83100361215745,145729.82017830323 -119.42254684059404,40.8284825801399,144539.36967678717 -119.4416548786291,40.82608668141972,142215.6022069926 -119.46159000310578,40.8235980807636,138547.26959552758 -119.48060136364464,40.82123313962135,133853.3623636101 -119.50039883860853,40.818776808339095,127707.16916599087 -119.5192435177957,40.816442618665135,120643.15122968575 -119.53882998207712,40.81401830976391,112019.14161346627 -119.55743693508131,40.81171471851096,102585.09833669945 -119.57673329185705,40.80932298329885,91483.69603986504 -119.59504073628707,40.80704877372163,79670.41884201075 -119.60316459762308,40.80603759744695,74013.18943777056 -119.61198416690472,40.80493894042458,67557.74152487337 -119.61814659625193,40.80416874216113,62885.78587504508 -119.62427087980689,40.803403406796974,58063.18555137686 -119.6289217358789,40.802820454473675,54316.19974807969 -119.6326679315616,40.80235089115578,51219.96105767678 -119.63569646138856,40.80197099650479,48671.2777337008 -119.63750800949126,40.80174325807482,47135.575587203544 -119.6394592706101,40.80149817053199,45457.58475388243 -119.64229701108916,40.80114112903358,42995.82007767345 -119.64488581092677,40.80081530200083,40715.475925300874 -119.64612218967588,40.80065997859849,39606.77562109483 -119.64796122779825,40.80042813236855,37962.328151218586 -119.64973650523889,40.80020425474322,36359.382388563106 -119.65150336816326,40.7999814533423,34746.828697823476 -119.65287711119196,40.799808231763315,33481.21073759559 -119.65421308175918,40.799639749567206,32241.235464404068 -119.65525537004503,40.79950826068308,31268.33707440575 -119.65637519899076,40.79936682996484,30221.25179819212 -119.65736497801431,40.79924178880052,29291.75617244244 -119.65832303600749,40.7991208492949,28385.49474824495 -119.65902178068515,40.79903279264113,27718.11501206419 -119.65970055964839,40.7989471065199,27071.977056095413 -119.66053362543123,40.798841952177604,26276.082359835025 -119.66098766675908,40.79878473394401,25838.70671504298 -119.66175966890357,40.79868735620534,25094.87853295681 -119.6623351243929,40.798614707184356,24539.9175503896 -119.6630585135115,40.79852340601989,23839.20300852274 -119.6636569171027,40.79844786406523,23257.750562588815 -119.66416243207728,40.79838410378072,22763.693362766982 -119.66459041911651,40.798330105817,22344.891593451346 -119.665084784859,40.798267684191615,21861.257403233274 -119.66554975575472,40.79820902872886,21404.2556102316 -119.6658441151942,40.79817192342729,21113.856955410844 -119.6661986571255,40.798127185325384,20764.846505437436 -119.6665268980639,40.7980858307838,20439.753616644655 -119.66696804649055,40.79803021477272,20003.195374882805 -119.66732237449132,40.797985550456104,19652.005316762796 -119.66775183051718,40.79793145996287,19224.75741825605 -119.66811225984809,40.79788608407574,18865.231154812504 -119.668334571264,40.797858093312286,18643.617577605306 -119.66857890046363,40.797827375337064,18399.013930065667 -119.66896762520997,40.79777852348096,18009.64604909216 -119.66926558358875,40.797741119550274,17710.68538560217 -119.66964066838042,40.79769412787856,17333.239720092475 -119.67002561814428,40.797646025497365,16944.816424331922 -119.67029869994155,40.79761200028671,16668.524349660827 -119.67050070283925,40.79758686436837,16463.884010193025 -119.67084387565451,40.79754427427409,16115.278016575488 -119.67120383775246,40.79749973567695,15748.361738129384 -119.67155299525942,40.79745666130406,15391.080852416142 -119.6717319309727,40.797434634839014,15207.368232528283 -119.67196096331429,40.79740649276524,14971.668741629555 -119.67227735138788,40.79736770838498,14644.805506232193 -119.67260375774607,40.79732781259971,14305.930143196327 -119.67274596612246,40.79731047039083,14157.725459322835 -119.67293769471235,40.797287150211005,13957.315129726427 -119.67319822892519,40.797255563988074,13683.84793903285 -119.67354058846585,40.797214304460496,13322.311887068692 -119.67366762200089,40.79719908048869,13187.484035317375 -119.67379085694401,40.797184362086114,13056.337632142688 -119.67400053049549,40.79715943994878,12832.364770624004 -119.67425643052098,40.79712925415476,12557.542880895979 -119.67447023900961,40.797104250339515,12326.643025839767 -119.67461988291002,40.797086871551514,12164.329131816998 -119.67486457789124,40.79705869627504,11897.609675632737 -119.67512894757685,40.797028609598264,11607.584498721462 -119.67522616080379,40.79701764440416,11500.4381464894 -119.67535143625582,40.79700360174679,11361.934538544461 -119.67553382581329,40.796983333957115,11159.43733799188 -119.67577546659118,40.7969568385987,10889.51793799101 -119.67581998125182,40.79695200449751,10839.582320077861 -119.67596670989964,40.79693616374304,10674.488428582543 -119.6761635724271,40.79691516501802,10451.764941532665 -119.67636582981618,40.796893888587206,10221.392807657854 -119.67651495438754,40.79687839484365,10050.479767142388 -119.67677191895173,40.796852082475546,9753.718551132524 -119.67691381074711,40.79683776235485,9588.556919448456 -119.67709893284929,40.796819294418086,9371.607151307073 -119.67731988644033,40.79679756178914,9110.354751817727 -119.67741861495583,40.79678795230509,8992.760624513423 -119.67756284942726,40.796774006886764,8819.961840946491 -119.67775274677142,40.79675578756831,8590.546287059486 -119.6778185942769,40.79674949913638,8510.46409038372 -119.67790996594289,40.79674080745995,8398.886911988588 -119.67803984894447,40.79672849665194,8239.32750110943 -119.67811749458751,40.796721164359035,8143.3964387514 -119.67820860158375,40.79671259256056,8030.308571181782 -119.67827949109143,40.796705950721154,7941.921301101277 -119.67837018461965,40.796697487276134,7828.326301747486 -119.67847935281212,40.796687364826425,7690.824562902856 -119.67858838238722,40.79667733616223,7552.652995187965 -119.67866800494194,40.79667007338702,7451.193959024456 -119.67878949079511,40.79665910483915,7295.475977314402 -119.67892992835037,40.7966466290409,7114.02881821479 -119.6789783724652,40.79664238283465,7051.064621750397 -119.67908643410917,40.7966330225851,6909.887511224669 -119.67921353179625,40.796622231715276,6742.49998984865 -119.67928110164493,40.79661659901729,6652.889951432869 -119.6793561739589,40.79661042271735,6552.803726668202 -119.6794741769709,40.796600903768066,6394.308100380092 -119.67958328360993,40.7965923072505,6246.421494983066 -119.67966925233057,40.796585676082145,6128.94479692037 -119.67980841100565,40.79657521373469,5936.903735792209 -119.67987888513434,40.7965700469479,5838.717966247038 -119.67996217657094,40.79656406148669,5721.832355647182 -119.68008024033419,40.796555811490876,5554.514108915067 -119.68015228352256,40.79655092008383,5451.431198312264 -119.68022840770489,40.79654587415242,5341.662319454665 -119.68029585217177,40.796541513043124,5243.655591221482 -119.68038704685125,40.796535785964494,5109.963635659252 -119.6804548983794,40.79653165732723,5009.582312949992 -119.68055171695484,40.79652597220468,4864.936962734962 -119.68062794149309,40.79652167720037,4749.838897128731 -119.68069862938071,40.79651784774254,4642.090025660262 -119.68078463884186,40.79651340305221,4509.605978689089 -119.68086190539276,40.79650962906391,4389.223925199584 -119.68095050558085,40.7965055766753,4249.5117690522775 -119.68105367911457,40.79650125737667,4084.4555481200146 -119.68108689846169,40.79649996275578,4030.7471593524388 -119.68115116334505,40.79649759682034,3926.0333287620692 -119.68121061583449,40.79649557489318,3828.1770890248135 -119.68125089262041,40.79649429855838,3761.327314662679 -119.68131868599008,40.7964923226532,3647.7559084226045 -119.6814066627341,40.796490087886596,3498.320810796548 -119.6814555856921,40.796489008942544,3414.172662687839 -119.68152231771329,40.79648773049018,3298.130796729343 -119.68160039472983,40.79648652389954,3160.4320516291377 -119.68162121454523,40.79648625568447,3123.352507575335 -119.681675680766,40.796485660356886,3025.6242882635293 -119.68171770399563,40.7964853067246,2949.4952783549934 -119.68176561213915,40.79648501480158,2861.9325407512847 -119.68181076335107,40.79648484880484,2778.6630554502813 -119.68186685887605,40.79648478950273,2674.217730242984 -119.6819172901664,40.79648487537872,2579.4083542243443 -119.6819413182198,40.79648496225425,2533.929651490057 -119.68198461270356,40.796485193198706,2451.491313858408 -119.68203107678184,40.79648554600416,2362.2973373504174 -119.68206544614755,40.796485875572365,2295.830770658831 -119.68210701950962,40.79648634866765,2214.8596557726887 -119.68217580562627,40.79648730038836,2079.4698163447233 -119.68220640739897,40.79648778610221,2018.6510463222835 -119.68225258923327,40.79648858228226,1926.14958815 -119.68230793463383,40.79648962120403,1814.1069642081661 -119.68234488891699,40.796490354544474,1738.537096225669 -119.68239471447845,40.79649137745562,1635.6306525666485 -119.68245184155727,40.796492571540895,1516.1262401643958 -119.68247028442403,40.79649295754828,1477.1803025309405 -119.68251006811677,40.79649378609583,1392.5325815955557 -119.6825539363587,40.79649468643526,1298.14830185497 -119.68257141346507,40.79649503998354,1260.2280580900153 -119.68259073882871,40.79649543035105,1218.1392183568717 -119.68260315452015,40.79649568007749,1191.0000000005587</coordinates>
                </LineString>
            </Placemark>
            <Placemark id="191">
                <name>Run 19</name>
                <description>States exported: 300 of 6,758
Launch inclination: 89.812 deg</description>
                <styleUrl>#192</styleUrl>
                <LineString id="190">
                    <tessellate>1</tessellate>
                    <altitudeMode>absolute</altitudeMode>
                    <coordinates>-119.10695,40.870683,1191.0 -119.10695000000084,40.870682999999524,1191.0000269347192 -119.10695003393924,40.870682980991624,1192.083188354626 -119.10695167471177,40.87068213683382,1241.0065546282933 -119.10695570142347,40.870681742538096,1289.00665059904 -119.10696508193472,40.87068154779231,1364.5939899610528 -119.10697700648808,40.87068154304188,1446.102265069648 -119.10698785727688,40.870681604178834,1514.7251915519635 -119.10699800842177,40.870681684328574,1576.1677286952006 -119.10701575792665,40.87068180095976,1679.4865878931137 -119.10703263125595,40.87068184936877,1774.4567510433487 -119.10705349915227,40.8706818077121,1889.0867865772027 -119.10708134887206,40.87068155296028,2038.4739042676506 -119.10709691664732,40.870681305268924,2120.5749877672865 -119.10712381791923,40.87068070807563,2260.4582030257834 -119.10714513036642,40.87068011263486,2369.916836613396 -119.10718108313792,40.87067887614306,2552.1091234700148 -119.10718708482868,40.870678641883764,2582.231040278003 -119.10720248772428,40.87067804056905,2659.4975350583904 -119.10723075949986,40.87067696775982,2801.3836045146563 -119.10724695281513,40.87067637239104,2882.7150188422797 -119.10727706025612,40.870675306873665,3034.1256045179166 -119.10730145918465,40.870674485898995,3157.0673495007027 -119.10731870641631,40.87067392990431,3244.1141625842947 -119.10735206872597,40.870672916271786,3412.9004103887255 -119.10737101760024,40.87067237934973,3509.0239053187265 -119.10740798100284,40.8706714204355,3697.1274959370858 -119.10743240528039,40.87067085535004,3821.890838893964 -119.10746502027025,40.870670191680134,3989.135718155604 -119.10749168288419,40.870669731392056,4126.447074156469 -119.10752159626126,40.87066930459438,4281.18747132648 -119.1075517733627,40.870668974154746,4438.089332344236 -119.10758752221048,40.87066871586637,4625.087100892421 -119.1076152472593,40.870668617409216,4771.02505490234 -119.10763855599697,40.87066860708084,4894.390894950372 -119.10766494938665,40.87066867780527,5034.8795188338145 -119.10768654717727,40.87066880401306,5150.519072315383 -119.10771938583335,40.87066912211371,5327.608081591987 -119.10774886273927,40.870669545992214,5487.982449503695 -119.1077761576283,40.87067006288571,5637.795637666074 -119.10780813960125,40.870670831750104,5815.095986261132 -119.1078245016143,40.87067129759924,5906.597470779238 -119.10785316299554,40.870672242420895,6068.271846358125 -119.10788614518898,40.87067354778859,6256.69300607233 -119.10790135394404,40.87067423587136,6344.492233484152 -119.1079293602305,40.87067565805676,6507.792782953591 -119.10795437011407,40.870677112703554,6655.510482019962 -119.10796524683391,40.87067780278768,6720.33817221347 -119.10799033512814,40.87067953144506,6871.274575557735 -119.108020377892,40.87068186800619,7054.748836359639 -119.108030718777,40.87068274282088,7118.628004897905 -119.10804724139003,40.87068421086915,7221.518968524352 -119.1080724532755,40.87068663132694,7380.554241821027 -119.10809942620003,40.87068945932711,7553.64534116065 -119.10810703500283,40.87069030188885,7603.079380987009 -119.10812973483593,40.87069294033345,7752.343702758003 -119.10815697360506,40.870696357080234,7935.35328678433 -119.10817349888596,40.87069856990216,8048.752650644904 -119.10819138809664,40.87070109860648,8173.791861753013 -119.10821592603337,40.870704808789874,8349.706228060128 -119.10824034687894,40.870708817266525,8530.590715818189 -119.10824498353837,40.870709618622065,8565.66348357594 -119.10826050418817,40.87071241417645,8684.885627985113 -119.10828050032268,40.87071629006623,8843.017118161246 -119.10830151589839,40.87072076520562,9015.27206484668 -119.10831274723783,40.87072335536106,9110.13586410729 -119.10832832538203,40.87072720539092,9245.282612948866 -119.10834519662998,40.87073176314629,9396.782391360648 -119.10836419411835,40.8707374571456,9574.571061792969 -119.10837580267906,40.87074127538767,9687.416788645742 -119.1083932722301,40.870747579515715,9864.04205125699 -119.10840399551286,40.87075177392778,9976.229515510435 -119.1084219078605,40.87075511583144,10113.457074619517 -119.10844513031569,40.87075550061673,10238.447686857691 -119.10848777607411,40.87075193262692,10412.421815200532 -119.10856028985283,40.870740463576055,10641.971759590147 -119.10865055642351,40.87072171628645,10877.29229128827 -119.10869054680941,40.870712453046316,10971.655993366949 -119.10876784088873,40.87069346143093,11142.841778994178 -119.10890585666031,40.87065722651253,11423.480350582537 -119.10898662206857,40.870635139072924,11577.685376698435 -119.10909105409745,40.87060604049492,11770.409886801335 -119.10931995335413,40.870541053480544,12176.723022590999 -119.10947961954685,40.870495186096356,12452.042217666467 -119.10977171746782,40.87041073420511,12945.89505551993 -119.10992311248665,40.87036684826756,13198.72410145756 -119.11010543743302,40.87031395350687,13501.397886898772 -119.11041391652435,40.87022446493874,14013.545894883438 -119.11052858831083,40.87019119836742,14204.2346222006 -119.11073226623373,40.87013216046314,14543.137863887088 -119.11106036339727,40.870037096018955,15089.659788750392 -119.11127674443757,40.86997445106034,15450.284432185577 -119.1116176075617,40.8698759394,16018.205451014697 -119.11187733042692,40.869801031593106,16450.59182393875 -119.11204507756791,40.86975274278244,16729.573883639856 -119.11224720660368,40.86969458164016,17065.545839658404 -119.11255580390669,40.86960595690658,17577.68820763344 -119.11293124487635,40.86949833158279,18199.42340051397 -119.11331322739265,40.869389009832695,18830.294548827856 -119.11351592092282,40.869331076717344,19164.318542972534 -119.1139301864389,40.86921280109668,19845.399142947972 -119.11440497379095,40.86907746703951,20623.18184326798 -119.11471584134365,40.86898898631822,21130.762730482104 -119.1150976754528,40.86888043593316,21752.441708502272 -119.1155129106053,40.86876255412051,22426.234110416273 -119.11584784503235,40.86866757608585,22967.985149990218 -119.11638153400128,40.868516433064094,23827.989166122334 -119.11668816495923,40.86842969477285,24320.30787054292 -119.1171666902704,40.86829450921801,25085.930739206677 -119.11785169977809,40.86810132553014,26176.24105722296 -119.11834763581591,40.86796175531171,26961.374910841325 -119.11888920457152,40.86780958477755,27814.806062089916 -119.11956623303229,40.86761974280822,28875.846320629782 -119.12013195885555,40.867461406936,29757.506463874885 -119.12100318532016,40.86721809101276,31106.616987753074 -119.12151940657333,40.867074199166396,31901.058798771355 -119.12262515861511,40.86676664028136,33590.55485993822 -119.12409668748471,40.866358689776426,35813.32556624971 -119.12570827289368,40.86591359878079,38214.49687758609 -119.12793180607972,40.865302280796435,41471.37558763555 -119.13066421975994,40.86455533544275,45386.16204430888 -119.13440378707473,40.863540352485735,50590.98672638344 -119.1400941335007,40.862011205909546,58181.88001333059 -119.14913136411327,40.85961796290337,69455.48987169335 -119.16093935721968,40.8565500102522,82819.81334897853 -119.17241749589121,40.85362479738757,94418.0313216093 -119.17717205692169,40.852427984244564,98839.047124168 -119.18300735424887,40.850970143126276,103968.45294898085 -119.19478200716242,40.84806259737197,113354.60621151577 -119.20723161652904,40.84503294364056,121929.25328180869 -119.21925626781201,40.842144730148746,128946.7607334407 -119.23193071280822,40.839135483796724,135045.072164984 -119.24469186348043,40.83613679326786,139877.68493753037 -119.2569617139389,40.83327841715909,143315.82709707794 -119.26983730623341,40.83030054988362,145672.05100430708 -119.28218168218183,40.82746216644546,146741.46376139094 -119.29453705680962,40.8246335876257,146652.82711882066 -119.30744767176162,40.82168692241197,145321.95762117475 -119.31977352453919,40.818878390722986,142864.58458457526 -119.33261674742958,40.81595264414619,139057.31401919134 -119.34484319365842,40.81316405598191,134231.2181275997 -119.35754595092362,40.81025906306568,127947.56848157235 -119.3701486606257,40.80736458504507,120398.22816674193 -119.38209204641053,40.80460575327905,111992.7927570946 -119.39444252145724,40.80173192072941,101967.17355235152 -119.40610400319743,40.79899417604289,91193.46117662167 -119.41777433137574,40.79622558424869,79071.83550844545 -119.42121088869764,40.795404079136965,75233.35909161955 -119.42421217953918,40.79468436753344,71767.62384960438 -119.42862291450447,40.793622238115375,66488.46697607619 -119.43215292391379,40.79276711553503,62145.89462485629 -119.43521940532345,40.792022145819054,58216.25340481991 -119.43849042942075,40.79122330558217,53941.581602288155 -119.44108151112158,40.790588138969596,50458.41838045639 -119.44269940742979,40.790190738731006,48222.726970638476 -119.44375415392138,40.78993069520583,46773.372584741555 -119.44518479200718,40.78957796518993,44751.62405994477 -119.44651638080765,40.78924852687005,42873.79432010927 -119.44776843325434,40.78893844906431,41072.25898445074 -119.4484019361312,40.7887813380789,40153.53975749326 -119.4495077247025,40.78850665737993,38542.99317754809 -119.45059808031483,40.78823554907936,36928.56009641609 -119.45160504231221,40.78798477236779,35425.01920721931 -119.45237584480833,40.78779243952251,34273.50638455458 -119.45306754803478,40.78761963051254,33235.77286931272 -119.45344661519391,40.78752503714999,32651.9322603524 -119.4541143685321,40.787357950602846,31641.93220295041 -119.45474993294053,40.787198901678146,30667.27070185221 -119.45531636226936,40.78705712886081,29788.291231112096 -119.45591704924158,40.7869066165864,28857.42800320582 -119.45629377268631,40.78681208047864,28278.923495712068 -119.45664525270695,40.78672403344627,27723.89617849911 -119.45714204919888,40.78659941738501,26947.083817647173 -119.45740059709485,40.78653451623539,26543.99983195199 -119.4576392605635,40.786474627512646,26167.52924043541 -119.45807122794136,40.7863661791088,25487.5180204585 -119.45833671793162,40.786299575184934,25062.59662814153 -119.4586525064825,40.78622020677019,24564.12130392418 -119.45898449497427,40.786136769695695,24035.819701942797 -119.45927929133249,40.7860626991018,23562.18116659728 -119.45953502552204,40.78599834076695,23155.589633155992 -119.4599003380974,40.7859064317363,22569.008792717985 -119.46023349326018,40.78582259878705,22031.329441925336 -119.460516007732,40.78575149906312,21573.814142303894 -119.46072290955674,40.785699383545605,21240.5335460068 -119.46090342157608,40.78565395780358,20946.20869803937 -119.4611685657796,40.78558718576458,20515.65126342472 -119.4614442219464,40.785517759887014,20066.982073936764 -119.46173340769629,40.78544492949506,19594.380708555498 -119.46195751434558,40.785388492101376,19226.676191235587 -119.46215377368505,40.78533906116444,18904.105830523247 -119.46229319457905,40.78530394135107,18675.18521357683 -119.46248635015817,40.785255313464994,18356.352941049783 -119.46272605477245,40.78519498213748,17960.297774928127 -119.46297863199156,40.785131460816,17541.70190583088 -119.46321248415747,40.78507272047427,17152.90452258269 -119.46343657344346,40.785016522370945,16779.11102252599 -119.46354358418606,40.78498972217839,16600.07802228335 -119.46373876949784,40.7849408675281,16272.679102518086 -119.46395588862184,40.784886595093155,15907.08386779299 -119.46416042734025,40.78483551334814,15561.03178252319 -119.46431983748289,40.78479571628484,15290.088735491823 -119.46443058318661,40.78476808179848,15101.13524523696 -119.46462010925705,40.78472078195001,14776.222178951186 -119.4648201826961,40.784670840132435,14430.930579941105 -119.46497117286889,40.78463313473181,14168.572463998742 -119.46504671838754,40.784614272020065,14036.71126015889 -119.46519553001932,40.78457712579532,13775.651087285898 -119.46539147275377,40.784528255003906,13429.043701551356 -119.46552495073786,40.78449501261501,13190.881262931893 -119.46560405127268,40.784475340083574,13048.93489939088 -119.46566994013419,40.784458967762546,12930.227473372377 -119.46580102269053,40.784426458739375,12692.69109201993 -119.46596595170088,40.784385689134986,12391.168570089769 -119.4660398198638,40.78436748598252,12255.135639154596 -119.46616432778725,40.78433688674141,12024.417507165072 -119.46633537764276,40.7842950479485,11704.429455524227 -119.46642221611629,40.784273906673555,11540.58226138498 -119.46650435769318,40.78425397813031,11384.669278240026 -119.46662608025339,40.78422458154491,11151.939335443883 -119.46676735944658,40.784190691237875,10879.11215159708 -119.4668045246727,40.784181818428664,10806.830367006078 -119.46691313753072,40.78415598317086,10594.290409280748 -119.46704401745917,40.78412504735788,10335.457543236722 -119.46712097790713,40.78410695351837,10181.773930288824 -119.46725165673178,40.78407638459638,9918.103885408385 -119.46739401584826,40.784043293273605,9626.647381825376 -119.46744308383548,40.78403193250901,9525.092374079119 -119.46756959163683,40.78400273615247,9260.467107002087 -119.46766342522443,40.78398115113668,9061.411680941266 -119.46771554098301,40.78396917445085,8949.763393283685 -119.467806275206,40.78394832654701,8753.402221708853 -119.46790640405843,40.783925279214564,8533.593032062943 -119.46794023995204,40.78391747705556,8458.540287341855 -119.46802162383365,40.78389867953346,8276.348186477895 -119.46810754883838,40.78387877555541,8081.318605028007 -119.46814088227976,40.78387103752859,8004.892545907709 -119.4681989875106,40.78385754472695,7870.6432832531455 -119.46827729730954,40.783839347912604,7687.575013814015 -119.46833405161159,40.78382616861704,7553.340280904089 -119.46836736790726,40.78381844132679,7473.900842951681 -119.46843515055683,40.783802752504485,7310.776485680901 -119.46850777379989,40.78378602003702,7133.6572760729405 -119.46854382095063,40.78377775353679,7044.786951931266 -119.46860737368594,40.783763248180136,6886.4440428314165 -119.46867148903776,40.783748721584445,6724.415005868428 -119.46870086574488,40.78374210618863,6649.356564299788 -119.46874218819733,40.78373283864571,6542.858279612457 -119.46880096412457,40.78371974465736,6389.416116472044 -119.46885378196167,40.78370806267382,6249.433227949793 -119.4688951582259,40.78369896847801,6138.298520297378 -119.46895608367905,40.783685668854076,5972.124625670054 -119.46900030535089,40.78367608533278,5849.496168347138 -119.469043551982,40.783666775081784,5727.8239107373365 -119.46909387435765,40.78365602408266,5583.9262496793945 -119.4691335207013,40.78364762328968,5468.689737312335 -119.46917463461857,40.783638980454,5347.336355356615 -119.46922403067688,40.783628696936,5198.87632865586 -119.46925667388005,40.78362196501221,5099.067702149811 -119.46929215847699,40.78361471034183,4988.936898364374 -119.46933622926106,40.7836057996851,4849.631725671822 -119.46937039659373,40.78359897524595,4739.571845302638 -119.46940221552398,40.78359269481125,4635.336584583276 -119.46944248966464,40.783584862743346,4500.813795596949 -119.46947469282568,40.78357870821269,4391.000005830221 -119.4695153161374,40.783571100793274,4249.392791408918 -119.46956148223799,40.78356269780895,4083.9595559168934 -119.46957969982697,40.783559459774054,4017.262959584489 -119.4696142620375,40.783553449272134,3888.365298314051 -119.4696478815606,40.78354777874417,3759.813836453231 -119.46966752941744,40.78354454919247,3683.1358975579524 -119.46970490349939,40.78353858702821,3533.8778208338094 -119.46972826629104,40.78353498513975,3438.1492064911763 -119.46974877420669,40.783531907156146,3352.4707806324845 -119.46977397835951,40.78352823636655,3244.928629802644 -119.46979467626176,40.78352531904547,3154.6510199271347 -119.46980728586907,40.783523586309975,3098.7596763417823 -119.46982676027655,40.783520979086155,3011.0603952169813 -119.46985416200008,40.783517456657925,2884.7766587718115 -119.46987064729588,40.7835154236086,2807.1705447761933 -119.46989558302998,40.783512478553355,2687.480344814781 -119.46991480502655,40.783510321894006,2593.3897279423077 -119.46992258039418,40.78350947872153,2554.8903180733173 -119.46993624815126,40.78350803696178,2486.5694842613843 -119.46995591746706,40.783506054724086,2386.8387251919885 -119.4699727473149,40.783504445247665,2300.1487362609832 -119.46998760944565,40.783503088194855,2222.520127694467 -119.47000696420812,40.783501407494256,2119.866764697401 -119.47002427056324,40.783499981434225,2026.5330238399954 -119.47003915937128,40.78349880509539,1945.0069989048066 -119.4700565056387,40.78349748296796,1848.5132513704473 -119.47007276479845,40.783496277822394,1756.4985602673926 -119.47009149668823,40.78349491177189,1648.4772169268128 -119.47011375814992,40.78349328433539,1517.0760381083596 -119.47011878820297,40.78349291186837,1486.8992114864686 -119.47013146997682,40.7834919619898,1409.9692855967191 -119.47014936339588,40.783490584549604,1299.2703298319527 -119.47015559064367,40.78349009289438,1260.1247525359502 -119.47016205689441,40.78348958077756,1219.2856386691801 -119.47016651365783,40.783489225807934,1190.9999999999757</coordinates>
                </LineString>
            </Placemark>
            <Placemark id="201">
                <name>Run 20</name>
                <description>States exported: 300 of 6,936
Launch inclination: 88.936 deg</description>
                <styleUrl>#202</styleUrl>
                <LineString id="200">
                    <tessellate>1</tessellate>
                    <altitudeMode>absolute</altitudeMode>
                    <coordinates>-119.10695,40.870683,1191.0 -119.10694999999546,40.870682999996596,1191.0000289345098 -119.10694971674613,40.87068278715922,1192.8096287700191 -119.10694292536274,40.87067766664454,1236.148884041869 -119.1069379463129,40.87067295890129,1277.9943942316866 -119.10693238202428,40.87066511331938,1351.1692430116664 -119.106927542203,40.8706554379365,1443.0656054021695 -119.10692585817657,40.870651235849785,1483.1619137932862 -119.10692397047875,40.8706459494258,1533.6098923575623 -119.10692135744551,40.8706372585721,1616.4712907713697 -119.10691830705892,40.87062434484421,1738.6454995779497 -119.10691668721789,40.87061593797682,1817.412597153658 -119.10691444522718,40.87060178452735,1948.5319684650347 -119.10691288367177,40.870589364386575,2061.9693531313733 -119.10691190782511,40.870579932510445,2147.0917110168384 -119.10691115311525,40.8705712248581,2224.9327671806427 -119.10691033979536,40.870560017660644,2324.2725398935163 -119.1069092881694,40.870540204333444,2497.7096237638593 -119.10690897237193,40.87053120690806,2575.5698423261897 -119.10690878440182,40.8705249952975,2629.1396601373326 -119.10690809708194,40.8705043921176,2806.9844341182024 -119.10690761033706,40.87049149040513,2918.4982351870985 -119.10690675905454,40.87047178688138,3089.0800713143108 -119.10690626633263,40.870461750052606,3176.1187196953106 -119.10690550764969,40.87044770856413,3298.0656117637304 -119.10690436041207,40.87042910607364,3459.9887235295178 -119.10690340189853,40.87041535888903,3579.9471176654715 -119.10690171363764,40.8703940462462,3766.480358657433 -119.10690043727078,40.87037978941088,3891.671089754837 -119.10689818889645,40.87035751613674,4087.98195871015 -119.1068968492273,40.870345588846476,4193.476782106451 -119.10689387539651,40.870321816238196,4404.556737733491 -119.10689169525875,40.87030624927204,4543.366797409542 -119.10688835256501,40.87028470865318,4736.223397156828 -119.10688696464855,40.8702764481657,4810.42615261809 -119.10688290655618,40.870254168241814,5011.275890299754 -119.10688002363054,40.870239757360686,5141.757160838657 -119.1068754376245,40.87021878749906,5332.497819149513 -119.106871030834,40.87020049542448,5499.784725708676 -119.10686672056036,40.87018405010817,5650.944016776328 -119.1068603165759,40.870161782654364,5856.846945639515 -119.1068570878519,40.870151383722074,5953.529521790916 -119.10685279555307,40.870138295222404,6075.718307847304 -119.10684592354008,40.87011885195565,6258.3504376392975 -119.10684329332084,40.87011184083112,6324.560777827649 -119.1068354275068,40.870092095261754,6512.136365086513 -119.10682817099789,40.87007529084984,6673.167796420737 -119.1068232812901,40.87006461338223,6776.170129651372 -119.10681651458262,40.87005059279271,6912.2890186422455 -119.10680861390927,40.870035189403794,7062.9730597853295 -119.10680514489741,40.870028719747154,7126.625968493519 -119.1067979318076,40.87001577831394,7254.514538579644 -119.1067877079492,40.86999849168344,7426.54600525206 -119.10677948853947,40.86998538104097,7557.854540935726 -119.1067737883099,40.8699766703839,7645.472402777419 -119.10676313293615,40.86996113395901,7802.448316359274 -119.10675015310599,40.86994340446893,7982.583056817756 -119.10674417785846,40.869935645006414,8061.730286627746 -119.10673299080074,40.86992173325802,8204.150267356215 -119.1067182010276,40.869904458526335,8381.877200199173 -119.10670474858257,40.869889725310074,8534.253737648009 -119.10669858338167,40.86988325523583,8601.467432877376 -119.10668635288766,40.86987090222899,8730.349248841168 -119.10666944410087,40.869854782978614,8899.85568377585 -119.10665220403291,40.86983936854078,9063.680733201902 -119.10664404106979,40.86983239284383,9138.43552593173 -119.10662714407584,40.86981855631587,9288.058379090233 -119.10660490169165,40.86980146328079,9475.597875370284 -119.10658523735928,40.86978729650529,9633.58127645282 -119.10657334859192,40.86977911729045,9725.930917802292 -119.10655087842767,40.869764384113765,9894.598055774562 -119.10653413030094,40.869753100105044,10022.02215190047 -119.10652249820191,40.86973797282286,10162.439184322584 -119.10651893980628,40.86971914065247,10306.098348695337 -119.10653164159734,40.86967746861999,10563.150354420268 -119.10657140759176,40.869618362604854,10859.27078032457 -119.10659151737927,40.86959408527535,10968.06141959876 -119.10663525641222,40.869546048292165,11169.677973354834 -119.10672198191534,40.86946044834129,11499.887102526505 -119.10675759911096,40.8694273108095,11621.274397295185 -119.10683637761873,40.869356155711294,11874.9925484984 -119.10697746625996,40.86923305069155,12300.223859372685 -119.10706751600739,40.869156164431374,12560.494099791404 -119.10723697484623,40.86901354245742,13037.238243921649 -119.10729841010543,40.86896227632338,13207.40664658792 -119.10740223882718,40.86887598725494,13492.83872373702 -119.10757615708262,40.86873129143832,13971.264696839693 -119.10768327924535,40.868641897851965,14266.988451907031 -119.10783168330035,40.868517860076416,14677.5652178945 -119.10804897436554,40.86833580350881,15280.35397459836 -119.10815235962755,40.868249104689475,15567.489233137612 -119.10836308475986,40.86807234249559,16152.949251411523 -119.10855358155602,40.867912673485556,16681.80915706885 -119.10864423392168,40.867836724325045,16933.291965016153 -119.10881441816225,40.86769426165563,17404.843128251414 -119.10904368917535,40.86750257990023,18038.745777050677 -119.10930803270226,40.86728194737287,18767.25378645539 -119.1094275986409,40.86718230248773,19095.818866044043 -119.10968842837936,40.86696521585696,19810.592806998528 -119.10996494569041,40.86673554282597,20565.102695072725 -119.11015786316268,40.866575608874,21089.435777048126 -119.11040047731252,40.86637480247959,21746.503423524737 -119.11064332958208,40.86617417414453,22401.54654014862 -119.11081241641847,40.86603469873018,22856.03304729467 -119.11114317373222,40.86576236402655,23741.26846441453 -119.11137581233753,40.865571201567136,24360.89280754773 -119.11162029789749,40.86537069353885,25009.31244401725 -119.11202711793023,40.86503785664526,26082.08562736018 -119.11235421059362,40.86477105361325,26938.91035348067 -119.11267432496777,40.86451056811369,27772.722619187418 -119.11308338028489,40.86417865635833,28831.31749844499 -119.1133827762664,40.86393635565612,29601.289866163366 -119.11389928378608,40.8635195399782,30920.31159919584 -119.11431518461761,40.8631849693293,31973.91486498224 -119.11503201495353,40.86261041973607,33772.40592110246 -119.11594332885733,40.861883690149824,36027.49115199857 -119.1169967438246,40.8610485754183,38591.39692219903 -119.11838881393628,40.8599527485389,41910.9578155963 -119.1201680744557,40.858564397373364,46043.448388842466 -119.12262470831429,40.85666881308694,51553.13326281238 -119.12610332028424,40.85402407265687,58984.28238765333 -119.13204078668063,40.849606405197875,70731.35896045816 -119.1395250097341,40.844189468935284,83999.52725336934 -119.14653371241978,40.83924790627233,95011.23691244744 -119.14698448558168,40.83893396714759,95675.5459526235 -119.15468705327957,40.83363450225198,106252.14479334884 -119.16270123488212,40.828236781877926,115784.94130201185 -119.17085733749465,40.82284577399588,124052.53286226139 -119.17913629061603,40.817461587551946,131054.90605466379 -119.18788554938926,40.81185068005532,137012.78887238287 -119.19635623882445,40.80648070775714,141429.6807282788 -119.20489173177481,40.80111779350449,144581.32390301643 -119.21347295621376,40.7957619831436,146467.71249839867 -119.22200253779664,40.79046188820773,147088.89491098627 -119.23032181657163,40.7853038700849,146499.02795326733 -119.23930027563156,40.77973739664759,144535.32235226798 -119.24787368776614,40.77441014423998,141360.67436288984 -119.25639746546472,40.76908998866687,136920.7728650648 -119.26485252857042,40.76377688336336,131215.62425326303 -119.27321979097454,40.75847077342783,124245.23719781307 -119.28183653423801,40.752941385214115,115622.8530044916 -119.28996453923777,40.74764967385095,106067.0278576178 -119.29794394582397,40.742366601275776,95246.12610346451 -119.30574970634531,40.737096292161745,83161.5115960463 -119.30997240126028,40.73419578664405,75964.84675062606 -119.31152133618563,40.7331222538279,73192.99148158135 -119.31437849280913,40.73112741523982,67876.97743323015 -119.31603049006627,40.72996492511605,64719.083463768766 -119.31744335892859,40.72896528299714,61963.54731121737 -119.31903649019324,40.727831619311026,58735.105407739255 -119.32097326297372,40.72644439852698,54755.72673493474 -119.32234273066547,40.72545679044208,51829.96318333118 -119.32319994209631,40.72483615502306,50000.26443552168 -119.3240057171763,40.72425029863842,48216.15818868063 -119.3246768815133,40.7237612559208,46749.94930345992 -119.32530824063095,40.72329960166616,45328.31087719949 -119.32619774888127,40.72264745493036,43329.4073877476 -119.32664582648135,40.72231768760639,42290.247209289984 -119.3273837069548,40.72177383693945,40602.52694241557 -119.32776268475764,40.72149344346829,39703.62684662722 -119.32844179107413,40.72099055141856,38123.17306987455 -119.3287512002094,40.72076056023551,37376.16774526419 -119.32899321017896,40.72058085352255,36812.11130342037 -119.3291933209988,40.72043205913007,36340.65370880769 -119.32962699618183,40.72010868478463,35288.68823344842 -119.32995740831853,40.719862269571415,34502.257221548185 -119.33040683117537,40.719526226849524,33410.146669647074 -119.33081646858662,40.71921918955112,32399.399161603233 -119.3312093973417,40.71892448968963,31440.070051967872 -119.33158919349425,40.71863917845506,30506.600227109902 -119.33183482286033,40.718454102615404,29884.826652691434 -119.33206168387653,40.71828345758776,29329.43327846813 -119.33227537755752,40.7181221535594,28784.365414219013 -119.33247209637317,40.71797395944376,28299.821305068792 -119.33269109880996,40.71780843865613,27739.18455354684 -119.3329401649839,40.71762040507737,27115.274033909573 -119.33310783367678,40.717493564901716,26685.89496049196 -119.33327321501316,40.71736855815454,26270.33860196738 -119.3335423939216,40.71716478872745,25583.17517818694 -119.33380517578553,40.71696560053835,24906.85359811047 -119.33405720197197,40.71677436501565,24256.339761789302 -119.33418384481163,40.71667831629737,23933.947004341968 -119.33440431480798,40.71651077338124,23361.40610996121 -119.33452852733585,40.71641631935971,23038.499322180014 -119.33474159026936,40.71625422715211,22485.232038238642 -119.33495111585249,40.7160946470131,21937.4988492351 -119.33515648751647,40.71593808806136,21398.091790164202 -119.33532655778104,40.71580833759649,20949.504398836805 -119.33542714298773,40.71573160881464,20686.145957421202 -119.33558068565246,40.71561434326065,20279.346103621516 -119.33575829646107,40.71547861765311,19808.16916629522 -119.33593192438725,40.715345839496585,19346.426254477567 -119.33607333430596,40.71523762849933,18969.75676756844 -119.3361492624578,40.715179485217945,18766.596759494572 -119.33627304152962,40.71508466222756,18434.959048840585 -119.33639335556771,40.71499244715657,18112.257578602 -119.33655399633227,40.71486922242902,17679.255881238918 -119.33670371987854,40.714754285649654,17274.059059729425 -119.33684452018564,40.71464612404158,16891.420243515076 -119.33692267531693,40.71458605080395,16678.10299993133 -119.33699442523121,40.71453085539025,16482.131938909264 -119.3371139807648,40.71443877874358,16153.950976818693 -119.33724730894527,40.71433587271192,15785.889283044069 -119.33737339336675,40.714238251016305,15435.357594735802 -119.3374453962099,40.71418232183818,15233.882531146088 -119.33753753172043,40.71411056103624,14974.74163145534 -119.33765911167795,40.71401541937171,14629.830306860973 -119.33778239530233,40.71391833407361,14276.26551150187 -119.3378270374126,40.713883006639385,14147.186933746912 -119.33788616880022,40.71383607230785,13975.26299266067 -119.3379755340743,40.71376478831882,13713.22923441731 -119.33809144616335,40.713671661128984,13368.922970975405 -119.33815819611922,40.71361765835653,13168.127367654364 -119.33822262930323,40.71356528182785,12972.529843574646 -119.33831434019595,40.71349026571426,12690.747818252394 -119.33840684670619,40.713414045227324,12402.333134314638 -119.33845122610946,40.71337727969628,12262.398523769483 -119.33852785660585,40.71331347891846,12018.27748285039 -119.3386183673793,40.71323759986102,11725.65805700705 -119.33867418642902,40.71319051515215,11542.756678500231 -119.33873604317894,40.71313806276451,11337.710981432017 -119.3388148158273,40.713070837454794,11072.801120065446 -119.33887321761563,40.71302066684227,10873.410395923669 -119.33890915731415,40.71298963228455,10749.341665154252 -119.3389722657177,40.712934825518104,10528.789941857103 -119.33904629880847,40.71286995133988,10265.279847682054 -119.33908592572962,40.712834933814435,10121.913665565755 -119.33915687074006,40.71277165810888,9860.787787046287 -119.339219590346,40.712715006432006,9624.678347347752 -119.33925472156655,40.71268294166589,9490.059758856849 -119.33932083559858,40.71262185979134,9231.617028232156 -119.33936540237752,40.712580068647085,9053.289261107757 -119.33940064117465,40.712546614619356,8909.70313057244 -119.3394473634498,40.71250162800172,8715.47737013717 -119.33949026248293,40.71245959046676,8532.903422430074 -119.33950552921648,40.71244444848897,8466.884934281898 -119.33953727657178,40.71241263967836,8327.745671644785 -119.33957652876458,40.71237266626743,8152.039301310826 -119.3396040042626,40.71234423818358,8026.481507656448 -119.33962696160394,40.71232020095086,7919.8856696958655 -119.33965518611689,40.7122902738544,7786.6127676094475 -119.33969300095289,40.71224953273384,7604.072218355289 -119.339706132831,40.71223520868976,7539.569564468372 -119.33973425568733,40.71220421241682,7399.32719332469 -119.33976797081421,40.712166466552745,7227.235145065789 -119.33979219419811,40.7121389301112,7100.668968523381 -119.33980790456211,40.71212086721031,7017.149803321338 -119.33983658043064,40.71208746138736,6861.55990400814 -119.33987093326083,40.71204661661191,6669.170108029816 -119.33987963095367,40.71203611533648,6619.305697687393 -119.339905439425,40.712004534071184,6468.321617771274 -119.33993470242157,40.71196787187586,6291.035658320771 -119.33994671737767,40.71195252157445,6216.145014280866 -119.33997234901366,40.71191912399903,6051.805598214616 -119.33999976276321,40.71188228105119,5868.199860141765 -119.34000975426724,40.71186852614579,5799.000683792844 -119.34003010019312,40.711839907582196,5653.8240857621295 -119.34005390079392,40.71180525721417,5475.758007814331 -119.34006801278211,40.711784025062386,5365.328598063077 -119.34008700168566,40.71175451372101,5210.070008113351 -119.34010118151866,40.71173166250122,5088.36613863348 -119.34011623239455,40.71170651669796,4952.844138540957 -119.34013445358052,40.711674610077495,4778.304100635737 -119.340143060185,40.71165887668482,4691.091966310077 -119.34015696046403,40.71163237675889,4542.3337237148 -119.34016906055902,40.71160797997786,4403.117460336566 -119.3401767706744,40.71159164337946,4308.572827824592 -119.34019080261473,40.711559927152855,4121.720135443051 -119.34019560581417,40.71154834870442,4052.3414735952238 -119.34020325418224,40.711528943806165,3934.586498823434 -119.34021007132161,40.711510411164916,3820.2970299044746 -119.340214879502,40.71149644667971,3732.9413340570745 -119.34022197475846,40.71147404100891,3590.4609217409 -119.34022795632454,40.71145281122713,3452.6906980022604 -119.3402312327376,40.71143986499946,3367.288929957849 -119.34023448913196,40.71142566782976,3272.373726129793 -119.3402379897028,40.71140823251658,3153.923846043679 -119.34023955385862,40.71139939127942,3093.041407844944 -119.34024211324243,40.71138271335942,2976.6420981038054 -119.34024417298346,40.71136604521021,2858.241554579248 -119.34024527039084,40.71135505662522,2779.015018056196 -119.34024636238094,40.71134140942314,2679.2882796630215 -119.3402471678894,40.71132800412624,2579.8442011096195 -119.34024746496056,40.71132149322274,2531.0010525989987 -119.34024786808293,40.71130919412688,2437.7426503286715 -119.34024807287327,40.71129552054168,2332.5069171805408 -119.34024807357187,40.711287756434345,2272.0128614921096 -119.34024789676023,40.71127515150749,2172.6625984304264 -119.34024737533595,40.71125963512791,2048.4393670512845 -119.34024707334963,40.711253453413484,1998.3717198182599 -119.34024634809491,40.71124171236679,1902.4117257178 -119.34024502666283,40.71122564048248,1769.3387623970668 -119.3402440832492,40.71121633339261,1691.4565996366287 -119.34024240362652,40.711202252971226,1572.6388484104891 -119.34024114183775,40.71119305952313,1494.508243593587 -119.34023989299719,40.711184790172,1423.879923842129 -119.34023764308469,40.71117139144628,1308.7970408929762 -119.34023657323665,40.71116553833195,1258.2829137516044 -119.34023557351885,40.71116014113228,1211.5293241493055 -119.3402351264032,40.71115777651867,1191.0000000000034</coordinates>
                </LineString>
            </Placemark>
            <Placemark id="211">
                <name>Run 21</name>
                <description>States exported: 300 of 6,946
Launch inclination: 87.113 deg</description>
                <styleUrl>#212</styleUrl>
                <LineString id="210">
                    <tessellate>1</tessellate>
                    <altitudeMode>absolute</altitudeMode>
                    <coordinates>-119.10695,40.870683,1191.0 -119.1069499999904,40.87068300001088,1191.0000288508018 -119.10694947765496,40.87068359252322,1192.571712590809 -119.10693735054059,40.87069733306635,1228.8820841615438 -119.106923364301,40.87071526171656,1274.58873171808 -119.1069043506173,40.87074498568853,1347.6956556926511 -119.10689263219443,40.87076502663364,1396.2590466742884 -119.10688134837636,40.87078508619975,1444.5697363589024 -119.10687019089518,40.87080560308533,1493.7367040700033 -119.10686080512538,40.87082324301297,1535.876634146084 -119.1068419710123,40.87085956498511,1622.3669512859963 -119.10681860619535,40.870905930402415,1732.5198671939008 -119.10680311838982,40.870937221978366,1806.7977548347048 -119.10677892475769,40.87098678282334,1924.4349950379194 -119.10675725879943,40.871031738839,2031.2145884149231 -119.10674360048097,40.871060310691,2099.141876056805 -119.10672038648246,40.87110924910254,2215.629541950565 -119.10670261293237,40.871146985663216,2305.5523457270015 -119.10668510515802,40.871184347540904,2394.658201256075 -119.10665014035176,40.87125955887784,2574.299265258818 -119.10663893388721,40.87128378688146,2632.206134370762 -119.10660771285717,40.87135120480722,2793.0778954327284 -119.10659037915144,40.871388578008336,2882.0857138048873 -119.1065617521433,40.87145018398182,3028.525102440321 -119.1065354278867,40.87150668222669,3162.5045675113993 -119.10651642694998,40.87154736858661,3258.793756658708 -119.10648745900271,40.87160922234669,3404.8551055810185 -119.10646679627057,40.871653209944924,3508.4837100767854 -119.10643009778073,40.87173105145506,3691.35221988257 -119.10640509252121,40.87178387404324,3815.0591302251764 -119.10637100192788,40.871855593719815,3982.5077102165683 -119.10634736004438,40.871905125832505,4097.798328423313 -119.10632220951975,40.87195762458612,4219.676376302409 -119.10627893057732,40.872047479948286,4427.5059830039545 -119.10624992998807,40.87210733391467,4565.398653754394 -119.10620894471307,40.8721914143603,4758.361267146276 -119.10618284160584,40.872244642012575,4880.061671760286 -119.10615306442675,40.872305045935654,5017.736987857003 -119.10612578005949,40.8723600896135,5142.787827466537 -119.10609099476412,40.87242983596316,5300.670255538224 -119.10604977284402,40.87251184835709,5485.48530448813 -119.10601612090495,40.87257827057104,5634.494991109948 -119.10596518715826,40.872677873228795,5856.787142101925 -119.10594066442016,40.87272542493564,5962.411984830287 -119.10589938000803,40.87280487918625,6138.164273951428 -119.10587025348782,40.872860483845635,6260.5996352984475 -119.10584713167319,40.87290436343761,6356.88262307544 -119.10580428545704,40.87298506461967,6533.174411995313 -119.10576983532783,40.87304938712677,6672.93747373859 -119.1057453820472,40.87309474448398,6771.09342797324 -119.10570627575514,40.873166771206684,6926.2722552596815 -119.10566191071037,40.873247738885986,7099.70430674413 -119.10564693324027,40.87327489445157,7157.635800927295 -119.10560808898566,40.87334489703476,7306.43791674482 -119.10555899030416,40.873432499676696,7491.580214889582 -119.10553549971145,40.873474061712045,7579.010329425609 -119.1054971647874,40.873541360930886,7720.033812612772 -119.10544971843551,40.87362373900152,7891.748138108534 -119.10540857973244,40.873694306501775,8038.060296669505 -119.10538068189025,40.87374170381459,8135.921306874489 -119.1053322756516,40.873823040664455,8303.09754724033 -119.1052743742147,40.873918828198754,8498.723729543408 -119.10525489612704,40.87395068818933,8563.485128362243 -119.10521876413738,40.87400933755764,8682.270487806898 -119.1051690536279,40.87408907852164,8842.879321610484 -119.10511867810547,40.874168850351836,9002.457581438466 -119.10509312218538,40.87420894848194,9082.238716073594 -119.1050536347021,40.874270428266705,9204.002981438498 -119.10499870413307,40.87435505651807,9370.455956548349 -119.10493187319464,40.87445670024439,9568.574157319563 -119.10489565376511,40.874511222307454,9674.018983452872 -119.10483417375725,40.87460291901325,9850.050078974691 -119.10480161917934,40.874651062665954,9941.806936123863 -119.10475878628785,40.87471766999861,10070.462111805778 -119.10472307373468,40.87478126166597,10197.998780645832 -119.10469894048087,40.87483092842666,10301.173352278309 -119.10465890588044,40.87493689111664,10532.793471590063 -119.10463251604882,40.87505658473256,10814.68008553576 -119.10462804975484,40.875096645026055,10914.017641070835 -119.1046253992488,40.8751732182254,11110.877658358871 -119.10463508444717,40.87528658078626,11418.00633598652 -119.10464561020761,40.87534369944315,11579.122535132503 -119.1046654238623,40.87542469952392,11812.906946207595 -119.1047092397583,40.87556432809836,12226.013568619506 -119.104741093164,40.875651952225795,12489.597811115345 -119.10479807307888,40.87579577300952,12926.556133715298 -119.10483572683182,40.87588589582108,13201.941807650152 -119.10486956411029,40.87596490374598,13443.936409103939 -119.10491103406251,40.87606169323554,13740.192619814177 -119.10496847665873,40.876197445606024,14154.738761467948 -119.10499149517062,40.8762523996409,14322.213073946607 -119.10504661685442,40.87638500464737,14725.534381875326 -119.10512486351392,40.87657553864506,15303.316195516234 -119.10515785998584,40.87665649131783,15548.168683921052 -119.10523140440323,40.87683792256485,16095.63600819174 -119.10528229954606,40.87696401269133,16475.064516418886 -119.10531629781379,40.87704834562791,16728.35073060278 -119.10536809745396,40.87717713592599,17114.59392223989 -119.10544078744347,40.87735790758382,17655.417108409805 -119.10549770964839,40.877499400249675,18077.770823381634 -119.10558282253137,40.877710684831364,18707.083621821854 -119.1056251964262,40.87781565364339,19019.152303244173 -119.10571230675404,40.87803105041016,19658.255333740515 -119.10581974998748,40.87829570340324,20441.333621672617 -119.10590331377865,40.878500685786264,21046.220817513382 -119.10598794546341,40.87870756591311,21655.257410176677 -119.10610011948529,40.87898058771237,22456.77280088433 -119.10619607581333,40.87921303923779,23137.25054364139 -119.10635219576105,40.87958908516867,24234.317437336005 -119.10642536243131,40.87976436897123,24744.077710932164 -119.1065903391153,40.88015738425917,25883.29454362771 -119.10674114829798,40.880513932214235,26912.2477874192 -119.10682934953434,40.88072136372235,27508.86664105368 -119.106989266478,40.88109536557853,28580.734359242724 -119.10706614791965,40.88127425426543,29091.671828240545 -119.10725641450341,40.881714528803094,30344.495998057235 -119.10745168438176,40.882162951260774,31613.594235213644 -119.1076480818071,40.88261060951963,32873.56495890771 -119.1079804071241,40.88336075453689,34969.408402431545 -119.10840270430568,40.88430152466326,37570.25036121716 -119.10888596012194,40.88536204815458,40465.306655611676 -119.1095145661989,40.88671778236589,44109.323620611984 -119.11035367096041,40.888489168179866,48774.13483166857 -119.11162392456288,40.8910958263585,55440.07790587313 -119.11394776854472,40.89566512169204,66555.60937514642 -119.11721402077687,40.9017363824501,80206.68939183746 -119.11990412210899,40.90649362151646,90014.97489408577 -119.12053352850369,40.90758011947377,92145.74081328852 -119.1243099057678,40.913920931310976,103770.62391426098 -119.12808154192292,40.920000671588376,113618.89791655206 -119.13198320204268,40.92608359549836,122202.42007744376 -119.13599582729898,40.932169804136116,129521.17863310881 -119.14028060522418,40.93852422385533,135809.68898928087 -119.14446071371245,40.94461739031961,140543.8995908124 -119.14869377612162,40.95071404908113,144013.32020941272 -119.15296073199129,40.956814236201105,146217.94621188124 -119.15724252010823,40.96291797191259,147157.7749978095 -119.16152007855976,40.969025260618814,146832.80600136032 -119.16577434535306,40.975136090855486,145243.04069249122 -119.16998626002042,40.98125043516379,142388.4825785521 -119.17413676298328,40.987368249724604,138269.13720947522 -119.17838162975352,40.99375568946796,132622.22929622035 -119.1823473559542,40.999880379858396,125918.34467769165 -119.18619362225056,41.00600825506721,117949.70322654812 -119.18990121740576,41.012138975422175,108716.3238615471 -119.19345017576211,41.01827102605277,98218.27155158148 -119.19695937083033,41.024664223711866,85916.3060067239 -119.19958274974003,41.02971981401005,75213.11880530589 -119.20064093074443,41.03184553975273,70426.02987883841 -119.20166879213318,41.03396243963837,65513.67444567405 -119.20263539592926,41.036000130512434,60675.82396581403 -119.20315935647226,41.03713427131476,57884.84134428114 -119.20370499643192,41.038324301747934,54964.359270499604 -119.20417882633878,41.03938383683585,52270.070956323 -119.20462661743875,41.04039056161072,49724.56326818015 -119.20484309544402,41.04088915613741,48417.5723549833 -119.20506543464882,41.04139828778881,47108.24382479183 -119.20526298070315,41.04185457598295,45923.89301417382 -119.20547470991707,41.04235305812174,44593.22769641741 -119.2057054879921,41.042891386982845,43191.08543930259 -119.20586815506879,41.04328112857814,42133.63777302886 -119.2060142263703,41.043627489380086,41215.66702867923 -119.20622464209579,41.04413349354096,39849.803261516 -119.20638589766716,41.04452164087528,38806.96491405426 -119.20660382641869,41.045055027942,37343.0311798031 -119.20675426936299,41.04541987633008,36362.51538385123 -119.20691543778518,41.045820593715604,35247.24359172661 -119.20703018636905,41.0461031957991,34475.77372034626 -119.2072048829518,41.046538883561105,33268.15500651077 -119.207321767276,41.046835773461716,32426.017968959568 -119.20743223790605,41.04711128747685,31668.33732176648 -119.20755873332976,41.04743308458404,30759.762674275953 -119.20763386787196,41.04762467972757,30218.476000010967 -119.20776197529291,41.0479509863274,29300.828503324774 -119.20783490203526,41.04814075645985,28752.174930598252 -119.20792180743972,41.04836259457788,28129.227608096196 -119.2079866300403,41.04853152202964,27641.737483842706 -119.2080508326289,41.04869621327628,27177.461302023723 -119.20814762721405,41.048947680203156,26457.151204017086 -119.20823236813344,41.04916991892521,25813.376747024213 -119.2083195166662,41.04939797633838,25155.907820388817 -119.20840800019526,41.0496296128962,24489.047430478142 -119.20848060636156,41.04982013868902,23939.77434304321 -119.20854678884217,41.04999577405089,23426.58937963353 -119.20862453508418,41.05020213524008,22824.76949971145 -119.20869804242452,41.05039765641318,22254.355446529404 -119.20876465053891,41.05057510761177,21736.65811433678 -119.20883098277868,41.05075259046625,21217.08385626955 -119.20888625847074,41.05090126725039,20779.801340982543 -119.20894517514826,41.051060374650326,20310.51325061296 -119.20900695094971,41.05122759428737,19817.05718644446 -119.20906458640626,41.05138414667206,19354.34517430857 -119.20911893789054,41.05153228464507,18915.908908992802 -119.20914264506648,41.05159702745758,18724.28953504699 -119.20917917683241,41.051697349043415,18426.294119281647 -119.2092218386541,41.051814730699974,18078.020139570304 -119.20927174968419,41.05195295459245,17666.953608193453 -119.20931821394717,41.05208254701231,17281.142372728667 -119.20936401811325,41.05221133879081,16897.42417524554 -119.20939352531373,41.05229500056307,16647.88060676844 -119.20942044808034,41.05237183732729,16418.999651512167 -119.2094610280668,41.05248886173222,16070.092981171692 -119.20950151918373,41.05260742796265,15716.503505707824 -119.20954096256965,41.05272513395704,15365.43696143733 -119.20955955733646,41.052781560818445,15197.06292625735 -119.20959293326163,41.052884513071064,14890.038347344644 -119.20962860295784,41.052997494068926,14553.153843232341 -119.20966413649582,41.053113808111206,14206.449252122064 -119.2096706697787,41.05313566679506,14141.32650931948 -119.20969517233326,41.053219233932346,13892.448449543248 -119.20973111722398,41.05334706233436,13512.227257941722 -119.20975974614849,41.05345456480709,13193.12414795233 -119.20976647917283,41.05348072391498,13115.585510270555 -119.2097840142124,41.05355047965011,12909.028204255552 -119.20980741576332,41.05364811721758,12620.55043192186 -119.20982947575469,41.0537456893464,12333.070472960444 -119.20984090650343,41.053798701274054,12177.225921221096 -119.20986012400378,41.05389237259205,11902.512786636633 -119.20988075762138,41.05400048044968,11586.536190088955 -119.20988810617636,41.054041271894874,11467.627466748703 -119.20990197330993,41.05412234738424,11231.854833605421 -119.20991530758262,41.05420647124132,10988.054177456723 -119.20992252053422,41.05425515011693,10847.3932636535 -119.20993195612883,41.05432315758454,10651.361518940756 -119.20994369401377,41.05441680985963,10382.373947191221 -119.20995084312192,41.05448075461891,10199.331664755304 -119.20995880965555,41.054561232895146,9969.665132750231 -119.20996733985407,41.05466525371633,9673.941510483188 -119.20997053957372,41.054712570810665,9539.827711452537 -119.20997505270998,41.05479462512262,9307.817280328067 -119.20997837286008,41.05488207814085,9061.27672393633 -119.20997924606395,41.05491641134074,8964.660902528893 -119.20998021855085,41.05498158400907,8781.491846559533 -119.20998006875385,41.05506965817041,8534.30882445606 -119.2099798741062,41.05508454638381,8492.553715215712 -119.20997900021739,41.05512938795125,8366.866996753211 -119.20997676437253,41.05519881922023,8172.383908383842 -119.20997430150813,41.05525262185511,8021.800491583164 -119.2099720296907,41.055293224289585,7908.2539216767045 -119.20996769149865,41.055357754493706,7727.954744671315 -119.20996275565561,41.05541921657362,7556.46936202381 -119.20996087252063,41.05544041353491,7497.3948190170095 -119.20995560549039,41.055494850388065,7345.864801904125 -119.20994851660951,41.05555978048518,7165.529088161619 -119.20994410224554,41.05559661369577,7063.455864830406 -119.20993715160725,41.05565020475591,6915.252101592243 -119.20992809730411,41.055713672940584,6740.25696927406 -119.20992297844487,41.055746993791665,6648.626828622678 -119.20991649760626,41.05578697774158,6538.87821908248 -119.20990597967193,41.05584744967666,6373.34096534965 -119.20989741601322,41.05589332108792,6248.113651091929 -119.20988874914005,41.05593718159889,6128.647476729857 -119.20987737795431,41.05599140050258,5981.323112898691 -119.20986675354995,41.056039152945665,5851.88800372844 -119.20985646370939,41.056083119029765,5732.982352568262 -119.20984069624964,41.056146773859844,5561.2810087868365 -119.20983029641398,41.05618663637437,5454.033560104495 -119.20981673566294,41.05623642421184,5320.379387613163 -119.2098002268837,41.05629410859131,5165.9366453996845 -119.2097891046351,41.05633137541342,5066.390506921654 -119.20977078174597,41.056390309374905,4909.339942103458 -119.20975190179063,41.05644821039415,4755.486607834277 -119.20974111423043,41.05648014586168,4670.824180270869 -119.20972981776634,41.056512771923316,4584.478097005245 -119.20971121812241,41.05656481478499,4447.068115884123 -119.20969940979064,41.0565968600578,4362.663759887523 -119.20967810977632,41.0566529177126,4215.393009702729 -119.20965820940648,41.05670347483588,4082.989715537786 -119.20964650619199,41.05673246628279,4007.236904122025 -119.20962693410895,41.056779831996465,3883.7375984635173 -119.20960741813747,41.05682577567565,3764.239542103146 -119.20958926563073,41.05686745162675,3656.0705415495268 -119.20956333584324,41.056925365241696,3506.077382456994 -119.20954520996186,41.05696480832612,3404.106776333792 -119.20952118029386,41.05701589270864,3272.2283700113326 -119.2094992876566,41.057061332585626,3155.070087465383 -119.20948935260155,41.05708163905432,3102.7482562098976 -119.20947427617922,41.05711210478066,3024.280554899232 -119.20945098096536,41.05715843040823,2905.0038960338406 -119.20943723730726,41.057185380460275,2835.6187834470043 -119.20941689691175,41.05722482366187,2734.0545947304977 -119.20938793533603,41.05728022735988,2591.309681443977 -119.20938202948159,41.05729143530012,2562.4151171991693 -119.20936824983099,41.057317463468195,2495.281037125687 -119.20934965961523,41.05735235016101,2405.214489712954 -119.20932935009955,41.05739017348168,2307.4295238223317 -119.20931739622453,41.05741229988214,2250.143722001301 -119.20929338538791,41.05745644848556,2135.6191728787157 -119.20927150562224,41.05749634427324,2031.8128598383892 -119.20925680474917,41.05752296769875,1962.3375277480552 -119.20923625503185,41.057559933644875,1865.551903914961 -119.20921545924134,41.05759703075974,1767.9792662298612 -119.20919861425101,41.057626841453946,1689.1960774688312 -119.20917341797785,41.05767101441083,1571.7380220180155 -119.20915742884456,41.05769877596662,1497.4165827304423 -119.20914064621634,41.057727684064304,1419.574860640804 -119.20911688687627,41.05776820371606,1309.6183977981761 -119.20910619732955,41.05778627974612,1260.2244333023677 -119.20909868731941,41.05779895587404,1225.461793623305 -119.20909125689664,41.05781148487104,1190.999999999688</coordinates>
                </LineString>
            </Placemark>
            <Placemark id="221">
                <name>Run 22</name>
                <description>States exported: 300 of 6,777
Launch inclination: 89.369 deg</description>
                <styleUrl>#222</styleUrl>
                <LineString id="220">
                    <tessellate>1</tessellate>
                    <altitudeMode>absolute</altitudeMode>
                    <coordinates>-119.10695,40.870683,1191.0 -119.10694999999667,40.870682999999104,1191.0000269289174 -119.10694986554087,40.870682963795616,1192.0905903689286 -119.10694532596996,40.87068174217644,1228.6701044400943 -119.10694097774308,40.87068044794613,1276.329678656401 -119.10693875411246,40.87067948867309,1324.0744768355078 -119.10693701814142,40.87067836966649,1387.4191932992608 -119.1069361528297,40.870677362419244,1449.072046038413 -119.10693583207379,40.87067640867831,1509.993713606875 -119.10693584765635,40.87067569173475,1556.793582306356 -119.10693640877618,40.87067421721785,1652.47143728344 -119.10693778011661,40.87067238151987,1766.7711805144108 -119.10693870082328,40.87067138968376,1825.9006693187764 -119.1069407858246,40.870669395873215,1939.0902920205874 -119.10694301129952,40.87066744760899,2042.724023507667 -119.10694519868694,40.87066561624226,2134.524717913635 -119.10694879673657,40.870662708097974,2271.3526658120327 -119.10695097086992,40.87066098535639,2348.706102488944 -119.1069563770605,40.87065677768782,2527.8910463680454 -119.10695815229607,40.87065541669249,2583.222866680109 -119.10696086026671,40.87065334270978,2667.1370760837735 -119.10696422342167,40.87065076748225,2772.0652487065067 -119.1069676267773,40.87064815585397,2879.3848616314554 -119.10697203896952,40.870644758082825,3020.603247549061 -119.10697640539401,40.87064137294659,3163.3342862740014 -119.1069791170452,40.87063925818318,3253.6408176428704 -119.10698369787,40.8706356549922,3409.8067918996035 -119.10698657476901,40.870633370562345,3510.4783712209796 -119.10699170667509,40.870629247754536,3695.9304800637483 -119.1069950624045,40.87062651316762,3821.956446111344 -119.10699904369868,40.870623220230705,3977.3583848911585 -119.10700225734892,40.870620516775,4108.31877978783 -119.10700572593424,40.87061753908788,4256.392481791358 -119.10700921542897,40.870614464126774,4414.018440927609 -119.10701192381333,40.8706120059121,4543.819816266168 -119.10701600511058,40.870608138591585,4755.649405657936 -119.1070176710887,40.870606484160284,4849.483286467546 -119.10702035933404,40.870603683837984,5013.29046916896 -119.10702216765807,40.8706016763009,5135.085086882406 -119.1070242632639,40.87059916557936,5293.478825747065 -119.10702637262578,40.87059631047931,5483.438503942814 -119.1070274767788,40.87059457742909,5604.88325417749 -119.10702884504614,40.870591908504025,5803.292168405005 -119.10702936115104,40.87059051291502,5913.746001363961 -119.10702978726465,40.87058858123556,6076.541069691264 -119.10702977111256,40.87058661384827,6257.807459905684 -119.10702956698594,40.87058572014557,6347.131758574472 -119.10702879179007,40.87058414235789,6519.794827972039 -119.10702766925864,40.87058291509859,6673.300973748603 -119.10702680920285,40.87058226611663,6764.2321950001815 -119.10702507244606,40.87058133146927,6913.646345383516 -119.10702256759183,40.870580457626765,7085.678057125927 -119.10702149519786,40.87058018686831,7149.672656954411 -119.1070191113005,40.870579727322124,7277.834163252845 -119.1070154588389,40.87057928551051,7447.613527686024 -119.10701263988423,40.87057908778952,7563.202922579906 -119.1070097396932,40.87057897547248,7671.271247422518 -119.10700481801257,40.870578931481695,7835.912030562855 -119.10699904979865,40.87057903971403,8005.764516189764 -119.10699681228988,40.870579114884144,8066.31285777919 -119.1069913709109,40.870579360689995,8203.76040443158 -119.10698312368064,40.870579857463845,8390.46047414443 -119.10697609252388,40.87058036858109,8533.686683623713 -119.1069730642432,40.87058061277033,8591.753631363246 -119.10696607512787,40.87058122729988,8718.729022412244 -119.10695714142024,40.87058211083282,8869.08425989834 -119.10694660641293,40.87058329148657,9032.65069279946 -119.10694234545225,40.87058381086408,9095.289982974868 -119.10693358242973,40.87058494278378,9218.669230322073 -119.10692070682899,40.870586764539254,9388.579281815804 -119.1069042644455,40.87058933452458,9589.481298312608 -119.10689598388859,40.87059072418959,9684.969694688156 -119.1068820401877,40.87059319077438,9838.481006390151 -119.10686980751511,40.87059547503574,9966.708311529865 -119.10686007218935,40.8705962215814,10125.956987136238 -119.10685945782144,40.870594418092736,10232.37272843368 -119.10686562937804,40.87058919994419,10374.54415537487 -119.10688990715862,40.87057489683563,10598.282969791859 -119.10693988966005,40.87054846319461,10872.327996306609 -119.10696071611278,40.87053772298942,10963.88653867032 -119.10701451752162,40.87051030193653,11172.09171941033 -119.10711295257188,40.870460955764294,11495.618220481707 -119.10715068944769,40.87044223695799,11608.503663496527 -119.10724978785525,40.87039341333192,11889.755872873639 -119.10740640404838,40.87031693972773,12308.207524094605 -119.10750969679015,40.870266809433026,12574.232393492466 -119.10771703310905,40.87016672603541,13095.00939482554 -119.10776636828864,40.87014299527311,13217.275955237847 -119.10788022216872,40.870088313219085,13497.774019919476 -119.10805900701725,40.87000239876123,13938.491338804739 -119.10817669006614,40.86994575613506,14229.417545424869 -119.10832897575361,40.86987243674026,14606.566446508328 -119.10855916457655,40.869761488031905,15177.963029456465 -119.10866639427938,40.86970979196207,15444.45985737466 -119.10890373444289,40.86959546655688,16034.429095054727 -119.1091643244457,40.86947018027553,16681.7095331156 -119.10925240391524,40.86942788667139,16900.29165538855 -119.10944670117034,40.86933469105977,17381.958697014496 -119.10969747828914,40.86921462087852,18002.331680616207 -119.10997967113278,40.86907976794582,18698.34034435249 -119.11010942158126,40.86901785293156,19017.523595048904 -119.11035055277912,40.86890294145632,19609.341867607465 -119.11067485549151,40.86874869428981,20402.231397958545 -119.11093110784363,40.86862705740171,21026.199315576916 -119.1111626160646,40.86851734177234,21588.002089827056 -119.11149553560422,40.86835987033254,22392.61572952844 -119.11166213769656,40.868281190450276,22793.821359761594 -119.1120585012129,40.86809431435554,23744.403464645657 -119.11232674026904,40.86796809007971,24384.57650171456 -119.11269698899504,40.86779422581373,25263.95138083169 -119.11315855786066,40.867578056334864,26353.290054579862 -119.11345991920525,40.86743729192199,27060.34352314898 -119.11387476654865,40.86724394825081,28028.4472126271 -119.11424626043235,40.867071250371005,28890.244353614264 -119.11468722310498,40.86686676447895,29906.933302448317 -119.11538776424604,40.86654298662118,31508.475668393927 -119.1157312581823,40.86638467947592,32287.71139252317 -119.11660233586242,40.8659845269517,34246.28009949088 -119.1176077220637,40.86552486958175,36476.00203708886 -119.11881304713104,40.864976777324934,39106.48500179757 -119.12038946609255,40.86426465056187,42478.22310856697 -119.12250216355304,40.86331821912683,46878.31248832929 -119.12512533106253,40.86215511940243,52158.740525305 -119.12927230448453,40.860341731848536,60111.52055772635 -119.13664461009037,40.85718732530642,73131.10871990639 -119.14456012236634,40.85388727499503,85643.4226375378 -119.15302375862228,40.85044411055564,97486.39606158607 -119.16166125534195,40.847008062310564,108064.08748984207 -119.1700683302424,40.84372817753268,116997.92628670338 -119.1789908775388,40.84030639911554,125100.06783388591 -119.18803092355517,40.836892075790445,131936.9095055833 -119.1967702839417,40.833633259883484,137292.51039217462 -119.20598505618094,40.830233766811716,141653.73413436508 -119.21526093265325,40.82684194774207,144749.6299545705 -119.22417309680303,40.82360481945624,146526.91401533614 -119.23342155628386,40.82026125401224,147147.2152501068 -119.24245217600448,40.81700549747804,146556.41522218447 -119.25137860796413,40.813789963047974,144807.9758052812 -119.26067942741686,40.81043583293419,141742.2336696567 -119.26992938417955,40.80708940241782,137411.16042886252 -119.27871198469207,40.803895629017696,132084.39522445068 -119.28584721967837,40.80128450235185,126858.13993137148 -119.28742703485312,40.8007039679678,125589.21829095585 -119.2960313360769,40.79752405274306,117945.34314133303 -119.30490412514939,40.79420700272064,108716.23825657183 -119.31363103267743,40.79089814487386,98221.9151879076 -119.32181728121111,40.78774370552835,87000.6541501834 -119.32910411961674,40.78488645218105,75811.07040624216 -119.33161620879102,40.78388945688847,71655.36010478852 -119.33451349899903,40.78273109799153,66662.19380013586 -119.33712983853029,40.78167619527141,62030.4221124846 -119.33926108730697,40.78081120901754,58072.147845127445 -119.34061641938109,40.78025783952815,55538.67122330557 -119.34208802880745,40.77965456900003,52680.21270799302 -119.34318733368379,40.77920184741503,50546.27728019966 -119.3440667755365,40.77883860671647,48781.656433909106 -119.34484907664242,40.77851451786697,47212.203420309066 -119.34584033308928,40.77810265290641,45187.178844467104 -119.34695335141825,40.77763848838459,42900.58331927742 -119.34776507450428,40.77729885559573,41191.41880400286 -119.3483727287271,40.777043972333864,39901.11065574081 -119.34895880585195,40.776797624804914,38659.68696422694 -119.34963396890662,40.77651318325231,37190.9678608596 -119.350217330759,40.776266892274776,35929.75531764206 -119.35053043669927,40.77613448086875,35242.40091877585 -119.3508689134386,40.775991204711296,34508.99201018408 -119.35136261606144,40.77578188225289,33415.3807846326 -119.351803152854,40.775594775060306,32424.268812729344 -119.35222322649317,40.775416145912324,31493.276731692116 -119.35264582912527,40.7752361883226,30546.153855522713 -119.35284914643617,40.775149481099966,30076.182333762492 -119.3532492133718,40.774978812010325,29174.569381487483 -119.35346427953968,40.77488694813348,28676.933533877753 -119.35377933345634,40.774752326202176,27957.75781124517 -119.353961940619,40.77467425928452,27539.73845137952 -119.35427844138852,40.77453884907759,26806.427389015276 -119.35458912738942,40.77440583437531,26089.927582489116 -119.35488291553025,40.77427997119447,25410.775282247323 -119.35515986619168,40.77416120875275,24764.24284980519 -119.35542564345225,40.77404710931473,24138.436253593474 -119.3556698280058,40.77394220522423,23562.297606212473 -119.35592451382084,40.77383269947423,22962.110290075947 -119.3561138028338,40.77375126002785,22516.748402858397 -119.35626991573037,40.77368404119811,22142.93204212169 -119.3564963719969,40.773586496426134,21603.68458541376 -119.35670811593685,40.7734952418631,21098.747077153224 -119.35681575937775,40.7734488313864,20840.96945050843 -119.3570095864745,40.773365227407155,20374.893756730628 -119.3572129360312,40.773277476267474,19885.228504793577 -119.3574012671998,40.773196165367786,19430.54963406699 -119.35757761786509,40.77311998826688,19003.58951950399 -119.35766827635076,40.773080809806956,18782.827760027765 -119.35783682156158,40.773007966306096,18372.269442597575 -119.35800169835663,40.7729366929974,17969.532538297415 -119.35817132776722,40.77286336450189,17553.664447348965 -119.35833790871371,40.77279137238498,17143.629073160064 -119.35848891401395,40.7727261456146,16770.470897887346 -119.35856906527152,40.77269153596946,16571.687848347505 -119.35869266880044,40.77263814075821,16264.018739522337 -119.35883260518767,40.77257767388426,15914.122710830237 -119.35897454475861,40.77251627699463,15557.036543429696 -119.35907981825804,40.772470663460176,15290.569588164757 -119.3591587146753,40.77243643719721,15089.82163752959 -119.35929298808237,40.77237804516821,14745.830796012917 -119.35942076083047,40.77232229153654,14415.44634220155 -119.35951540938785,40.77228084724119,14168.51718230462 -119.35956128894239,40.77226071650283,14048.131560622498 -119.35964133271597,40.77222553078244,13836.836018666283 -119.35974794677945,40.77217852170237,13552.78753790675 -119.35987747444763,40.77212119802464,13203.182337125956 -119.35989185751173,40.772114819493176,13164.026257237087 -119.35995247351694,40.77208791110068,12998.351387227318 -119.36004538996409,40.77204657905017,12741.908694921845 -119.36014781174086,40.77200091597795,12455.647198633427 -119.36020520287664,40.77197528972422,12293.50482547267 -119.36028108806453,40.77194136050013,12077.150020773366 -119.3603831316195,40.771895674533255,11782.498923410114 -119.36045570872325,40.7718631429373,11570.209355708574 -119.3605131975525,40.77183735615514,11400.322153106215 -119.36060620228604,40.77179561558032,11122.073806825223 -119.36068697042464,40.77175935312526,10876.73052084034 -119.36070925543412,40.77174934441931,10808.387328263902 -119.36077308240982,40.7717206576667,10610.973302549328 -119.3608543256217,40.771684096029055,10355.87417534834 -119.36090400610394,40.77166169871968,10197.59571146715 -119.36097553174743,40.771629378249756,9966.394954719008 -119.36105080298613,40.771595238699426,9718.445324381048 -119.36109867889911,40.77157343788869,9558.022705834152 -119.36116052162146,40.77154514872361,9347.395946605733 -119.36124042852235,40.77150832606002,9068.974386737293 -119.36126002076533,40.77149923882072,8999.534491515833 -119.36130700887173,40.77147732412486,8830.955110663966 -119.36137517272469,40.77144516595743,8580.8534817881 -119.36139439848874,40.77143600083804,8509.022494427698 -119.36142459843322,40.77142152834063,8395.018650184298 -119.36147246467564,40.77139834571086,8211.135346873334 -119.3615178893806,40.77137606649265,8032.8274598789185 -119.36153503344292,40.77136758856106,7964.527546035777 -119.36156696216737,40.771351698129266,7835.801100464597 -119.36161315869637,40.771328484192345,7645.921310431911 -119.36163999134091,40.771314885185994,7533.583267187195 -119.36166413333316,40.77130257978118,7431.111974788626 -119.36170456184315,40.77128183633736,7256.461390903013 -119.36173950202615,40.77126377972714,7102.167649803487 -119.36175547191124,40.771255485340255,7030.518013308911 -119.36178959307915,40.77123767710656,6874.87614431174 -119.36182499794496,40.77121906984227,6709.345662399018 -119.36183990393806,40.77121119407551,6638.306290097904 -119.36186348512041,40.77119867298275,6524.160964365147 -119.36189351636573,40.7711826117682,6375.393163207908 -119.36191972728453,40.77116847074533,6242.1273711468 -119.36194420668377,40.771155146852884,6114.487511608196 -119.36197539966994,40.77113797933304,5946.883545475424 -119.3619958317417,40.77112660372907,5833.752524411788 -119.36202225620764,40.77111172446384,5683.059221902801 -119.36204916928756,40.77109635392213,5523.881686095444 -119.36206466667808,40.771087394632175,5429.307919278179 -119.36208941874705,40.77107290096033,5273.287757694759 -119.36211437890852,40.77105802821165,5108.948816876258 -119.36213069131036,40.77104815016745,4997.195242844143 -119.36214724759186,40.77103798125771,4879.769854620243 -119.36216449789194,40.771027216316156,4752.57814526742 -119.36217479570378,40.7710206997341,4673.990738282195 -119.36219196014794,40.771009671490994,4537.964070801388 -119.36220760907932,40.77099941623063,4407.602286287097 -119.36222035439698,40.770990905124684,4296.191674253827 -119.36223785166945,40.77097896029577,4134.211782129989 -119.36224539868034,40.77097370481405,4060.605002268473 -119.36225604534467,40.7709661673584,3952.2890463745925 -119.36227057626988,40.77095561011667,3794.502072249761 -119.36227726469377,40.77095062581316,3717.282224193147 -119.3622886209557,40.77094193976699,3578.069025621599 -119.36229802124873,40.77093448763733,3453.457325571587 -119.36230492351989,40.77092882672171,3355.2431168171684 -119.36231430782364,40.7709208041065,3210.1688012798263 -119.36231830595499,40.770917245294136,3143.3759131280963 -119.36232209086431,40.770913787388274,3076.935990569314 -119.36232739229688,40.770908773400805,2977.694772311311 -119.36233300648611,40.770903215442054,2863.3972957468222 -119.36233601628095,40.77090011951153,2797.6106552098877 -119.3623414474134,40.77089430926405,2669.7053181342385 -119.36234497543863,40.77089038159061,2579.6616629279724 -119.36234654993302,40.77088858500428,2537.440476436322 -119.36234950036545,40.77088514374097,2454.644163820435 -119.36235281437939,40.77088114647476,2355.11110368787 -119.36235499880212,40.770878421806586,2285.0704787342693 -119.36235787860991,40.77087469363176,2186.2483195761292 -119.36236151966193,40.77086969557936,2048.1854293289825 -119.3623627042879,40.770867979531,1999.3181492946585 -119.36236473939833,40.77086488960272,1909.5332059645025 -119.36236716173246,40.770860891913934,1790.253118284889 -119.36236824104516,40.77085895018286,1731.2360603250327 -119.36236997428816,40.770855522782945,1625.7271618781642 -119.36237154270437,40.770851914803934,1513.463808253637 -119.36237199696494,40.77085073089339,1476.461808362818 -119.36237290035302,40.77084808904524,1393.735995920745 -119.36237383075066,40.770844726008406,1288.3196483563659 -119.36237404721243,40.7708437857524,1258.8473205925025 -119.36237437968371,40.77084232566637,1212.9476504333622 -119.36237452871333,40.77084162807955,1191.0000000001025</coordinates>
                </LineString>
            </Placemark>
            <Placemark id="231">
                <name>Run 23</name>
                <description>States exported: 300 of 6,816
Launch inclination: 88.781 deg</description>
                <styleUrl>#232</styleUrl>
                <LineString id="230">
                    <tessellate>1</tessellate>
                    <altitudeMode>absolute</altitudeMode>
                    <coordinates>-119.10695,40.870683,1191.0 -119.10695000000358,40.87068300000437,1191.000026912014 -119.10695014770819,40.87068318016185,1192.1091275784545 -119.10695553405671,40.87068974787111,1232.3449037098383 -119.10696330160391,40.870697490479934,1276.916765954323 -119.1069797245307,40.87071093268318,1350.0343824859467 -119.10699944124283,40.87072580462764,1428.9354093294842 -119.10700928805421,40.87073297806251,1466.6149373336864 -119.10702380704029,40.87074336589789,1520.9410657755316 -119.107044315957,40.87075773256818,1595.711790700115 -119.10707602673303,40.87077939617341,1708.2561080150092 -119.10709846667869,40.870794423937454,1786.3763593456526 -119.10713083098935,40.8708157539621,1897.4883574287976 -119.10717192229681,40.87084232244107,2036.4804482869672 -119.10719831478077,40.87085911545049,2124.762625296119 -119.10722894313533,40.87087835734589,2226.3630181912954 -119.10725756554994,40.87089614912177,2320.6529249031632 -119.10730295329022,40.87092402434454,2469.0360463790093 -119.1073401175189,40.87094654253006,2589.521344223717 -119.10737598005139,40.87096820288828,2705.457576548569 -119.10742613346162,40.87099858518616,2867.5886898486956 -119.10745943989312,40.87101883146074,2975.2932781330123 -119.10751502273767,40.87105276336729,3155.1639297145966 -119.10753390894799,40.87106433759809,3216.3276596732658 -119.10757532736365,40.871089805549886,3350.5607499062116 -119.1076124623263,40.87111274655907,3471.046881890996 -119.1076555639824,40.871139508926284,3611.0684101959323 -119.10770510032607,40.87117045917042,3772.2573765489406 -119.10774288706563,40.8711942152364,3895.4232059415503 -119.10780013922334,40.87123046780585,4082.416567402595 -119.10782725728556,40.87124775227599,4171.161229499578 -119.10788709719239,40.87128616484873,4367.420939789541 -119.10792732546464,40.871312206205104,4499.719511209139 -119.10799201035822,40.8713544651112,4713.114163125904 -119.10801702924049,40.87137094289393,4795.8875542840915 -119.10806908828859,40.871405482816954,4968.588744432145 -119.10811396895384,40.87143554602585,5118.016970692366 -119.10815879882045,40.871465857290794,5267.821204526594 -119.10822119378228,40.871508547471606,5477.314532663921 -119.10825684956144,40.87153322273868,5597.597330120914 -119.10831004672066,40.87157044333869,5777.895450935666 -119.10834103096913,40.871592357968076,5883.4065576191 -119.10837894330253,40.87161942353636,6013.037957636776 -119.10843909045614,40.871662962921434,6219.974795356532 -119.10846633783356,40.87168294371251,6314.2671832942115 -119.10851076599153,40.87171588882305,6468.785196261088 -119.10856793015704,40.871758986041876,6669.08512926941 -119.10858709497212,40.87177362013458,6736.626101126705 -119.10862993234917,40.87180668006682,6888.3246739337765 -119.10867858472467,40.871844833378134,7061.88085716019 -119.10870017679837,40.87186197869442,7139.351889415102 -119.10873347631293,40.87188867892831,7259.3950429247825 -119.10877863618452,40.87192540574359,7423.327684252498 -119.10881542562423,40.87195577573177,7557.89590787251 -119.10883538422584,40.87197243163849,7631.329238815604 -119.10887039523867,40.87200196384549,7760.90457588472 -119.1089166654194,40.87204165020698,7933.810511760114 -119.10894361359378,40.872065130089844,8035.470315193252 -119.10897191754005,40.872090105900675,8143.074770353325 -119.10901714032212,40.87213072383812,8316.939393037703 -119.1090635547787,40.87217340811917,8498.11803393092 -119.10907667464356,40.87218567086993,8549.874671596572 -119.10910191631699,40.872209527146914,8650.137163604219 -119.10914164947337,40.87224781780134,8809.939132958445 -119.10918316676137,40.87228886940392,8979.59787311028 -119.10920708523841,40.87231304018506,9078.633202786497 -119.10923153900197,40.87233816386636,9180.907489203064 -119.10927268202371,40.87238144164131,9355.391052851772 -119.10931363383652,40.87242585502215,9532.21651768802 -119.10934387518923,40.87245957020969,9664.917158262706 -119.10938117417192,40.8725022944157,9831.175948272608 -119.10941139900189,40.87253779917467,9967.809826606876 -119.10944387416643,40.87256960260052,10095.652087966062 -119.10948981760903,40.8726030121152,10242.65949868119 -119.10957051862628,40.872645127044755,10453.16576735664 -119.10971461902018,40.87269556226673,10759.617145360737 -119.10978925886371,40.87271492495146,10899.989225298616 -119.10988331020526,40.87273521494686,11066.038239018886 -119.1100289500339,40.87276043000405,11306.561064092017 -119.11020194681363,40.87278388733339,11574.595573697192 -119.11028708077413,40.87279379951951,11701.954247775888 -119.11047878961112,40.87281372663868,11981.916092784895 -119.110729798213,40.87283662567668,12339.035134342364 -119.11090316726981,40.87285111996763,12581.644724981408 -119.11128909424964,40.872881230380614,13114.467386305518 -119.1113999281195,40.8728895538706,13266.279595152148 -119.11165376759634,40.87290834160706,13612.836576630005 -119.11196789179871,40.87293182667696,14042.06831820649 -119.11212988098796,40.872944053807636,14263.646450551936 -119.11239939934796,40.87296457750912,14632.449225393564 -119.11278594500885,40.87299432398083,15161.713111727438 -119.11297709005332,40.873009159379784,15423.467140491184 -119.1133537052806,40.87303863183624,15938.995460094568 -119.11389289319054,40.87308131438047,16676.15131104173 -119.11404059494109,40.873093087547815,16877.838398137545 -119.11432637554022,40.873115938808915,17267.745508502157 -119.11477867571944,40.87315228497651,17883.73170832656 -119.1152798990807,40.8731927176325,18564.62241265394 -119.11552955724468,40.87321288399952,18903.04873281187 -119.11589210764404,40.873242229572256,19393.62279095296 -119.11645334847753,40.8732876905259,20150.868967315575 -119.117052858474,40.87333630420042,20956.76810125487 -119.1173230579314,40.87335823284651,21318.985011071585 -119.11786348538126,40.873402102276245,22041.523978219222 -119.11821919245266,40.87343098579809,22515.688639577893 -119.11876479795625,40.87347528087823,23240.81859879047 -119.11950650347057,40.87353546962589,24222.322478696657 -119.11975334708676,40.873555489583595,24547.873169563532 -119.12050582471687,40.87361651949907,25536.842326586728 -119.12137190479424,40.8736867405899,26668.680246735832 -119.12179509323555,40.87372104270569,27219.22578653943 -119.12270863718031,40.873795105613446,28402.154157210665 -119.12331562089162,40.873844324619796,29183.931838561453 -119.12423883689509,40.87391916388239,30366.653053346687 -119.1251708656253,40.87399469534136,31552.952948910126 -119.12601998054909,40.87406348381177,32627.01024687738 -119.12755293906535,40.87418758914935,34549.9832080762 -119.12930598417144,40.87432937049492,36723.866806782135 -119.13155682699099,40.87451121343776,39476.08291701902 -119.13441747864593,40.874742001956335,42911.472380807674 -119.13794393680084,40.875026004127164,47051.6448480825 -119.14265639463856,40.87540474638548,52423.903953045 -119.14994064656736,40.87598860116408,60376.29285861206 -119.16298889888382,40.87703041587487,73594.5413199243 -119.17718514757263,40.878159532819105,86552.11555041604 -119.18718156012177,40.87895289204135,94828.20855454323 -119.1895253890043,40.87913877807301,96670.31457080295 -119.20404820111783,40.880290071676825,107274.45664647264 -119.21871955415105,40.881453480173285,116612.69497485238 -119.2335203645799,40.88262911908611,124685.01844018987 -119.24843154342686,40.883817088125426,131491.41483607894 -119.26278008036196,40.884965021368764,136817.3079779311 -119.2778519887877,40.88617734212143,141146.86154247637 -119.29297781964513,40.88740219468844,144210.46225425747 -119.30813848481449,40.8886396158955,146008.1053783277 -119.32265498181103,40.88983501652143,146542.99590219534 -119.33716916840011,40.89104194072872,145919.61589188655 -119.3523224905583,40.89231603695175,144029.46154604995 -119.36743594691207,40.89360269360951,140873.3506745756 -119.38249044068263,40.89490186959746,136451.28858291518 -119.39681760494918,40.89615622179911,131036.91114687447 -119.4117014843558,40.897479711390964,124138.01161911341 -119.42646984453822,40.89881550020316,115973.19094403146 -119.44110313954637,40.90016345988032,106542.47494936068 -119.45557961286804,40.901523328595275,95845.98850343679 -119.46925506494289,40.902834667875865,84431.24831527073 -119.47893849245627,40.90378000710306,75549.29560385463 -119.48551373006401,40.904431874786106,69095.68927937781 -119.49097174993759,40.90497719545627,63515.03143174849 -119.49437166223596,40.90532008184893,59909.65442078217 -119.49787321724557,40.90567500049573,56108.53685218582 -119.50082571596998,40.90597666234934,52812.62133506041 -119.50365403716505,40.90626612223916,49611.19224417655 -119.50520977140496,40.90642686117913,47802.749143349756 -119.50713121727557,40.906625060024815,45562.80602607821 -119.50817920312144,40.90673388255953,44318.5880237936 -119.50925806994914,40.90684540544439,43044.482914498825 -119.51076153124832,40.90700215058748,41231.032759129346 -119.51157202066375,40.90708658589791,40251.105641875896 -119.51284075368687,40.907219185048326,38702.0736917327 -119.51348093591461,40.90728641109221,37910.7613912288 -119.51465438588062,40.907409302255466,36463.549993872315 -119.51520989119474,40.90746813446502,35761.465765229856 -119.51621239701875,40.907573350140325,34513.27648961699 -119.51675683893676,40.907631097572754,33819.69944973148 -119.51735619318798,40.9076940092571,33070.08968342922 -119.51812154994485,40.90777507118523,32093.944267733605 -119.51886685325192,40.90785421767212,31136.35062610512 -119.51933400711577,40.907903416255046,30544.833633382976 -119.5197895606487,40.90795210954876,29950.434975367905 -119.52017604792667,40.907992891967325,29458.16863115221 -119.52067124678369,40.908045865444095,28809.927989378488 -119.52107054987198,40.908088130600014,28297.31915833479 -119.52165067687937,40.90815013898466,27537.757177205567 -119.52221197192199,40.908210228683075,26799.846623910773 -119.52270419688635,40.90826279491421,26154.96953255128 -119.52323479973289,40.90831955328437,25456.86083807428 -119.52376076058347,40.90837596130322,24760.221251261508 -119.5241892341063,40.90842204672444,24188.42129245823 -119.52461359279134,40.90846767551012,23621.910861566746 -119.52493053940094,40.90850164152609,23200.798998460577 -119.52528312143265,40.908539643928314,22726.951292106183 -119.52569155188746,40.90858368836769,22177.190000538798 -119.52610252799465,40.90862802656748,21623.191040828275 -119.52628751764384,40.908647950362024,21374.4982922709 -119.52657552542209,40.90867914401446,20983.451162343936 -119.52683193362964,40.90870685007351,20636.708667852945 -119.52704677513914,40.908730165906945,20343.950879824595 -119.52736046396213,40.90876420540622,19916.63658808156 -119.52760712320753,40.90879097131514,19580.699255585056 -119.5279316221731,40.90882628485993,19136.6714678972 -119.52814298396822,40.908849346189065,18846.25654970766 -119.52835652609636,40.90887265492956,18553.277412372976 -119.52863547187903,40.90890318977761,18169.251642410116 -119.52893894351938,40.90893654645048,17750.18331248156 -119.5292405156162,40.90896987087875,17332.48407778652 -119.52952045300408,40.90900100710612,16943.529173141043 -119.52970757375287,40.909021957738325,16682.743708986894 -119.52979278826912,40.90903152681747,16563.935294874125 -119.53003009050688,40.909058321811834,16232.000346366298 -119.5303027135607,40.90908937392779,15849.27606840444 -119.53056399719577,40.90911943807812,15480.768558050278 -119.53071612815006,40.9091370928007,15265.317698766368 -119.53086860191512,40.90915491141786,15048.75004495493 -119.53101794347954,40.909172492699405,14835.81235066537 -119.53118799111955,40.909192676784265,14592.440470254445 -119.5313188327963,40.90920833806642,14404.456028113813 -119.53148127419266,40.909227953522254,14170.04845037029 -119.53155580030506,40.90923702470237,14062.14205626153 -119.53177520807812,40.90926403671917,13742.93455916478 -119.5320270054411,40.90929567569391,13373.591416985471 -119.53215387843528,40.909311921099004,13186.157269441559 -119.53224420900416,40.90932361937552,13052.151105064802 -119.53238905920061,40.9093426275213,12836.242791965667 -119.53258185339484,40.90936843649221,12546.857947155755 -119.53272605883795,40.90938815162479,12328.842159749478 -119.53283407726289,40.909403156059575,12164.639426685231 -119.53301249889995,40.90942842310378,11891.656605609223 -119.53320024434453,40.90945568585909,11601.985384824946 -119.53326527840333,40.90946529916121,11501.046547951028 -119.53338105069575,40.9094826517566,11320.536194079 -119.5335507914045,40.9095086625369,11053.949942060222 -119.53366525785303,40.90952661911432,10872.799101446932 -119.53372973098125,40.90953688280963,10770.252423391716 -119.5338829727155,40.90956173449967,10524.95609827059 -119.53404913287629,40.90958943854332,10256.340142037523 -119.53412494232217,40.909602349173745,10132.810976373114 -119.53428234928785,40.90962971985145,9874.238341361515 -119.53443273791672,40.90965661039711,9624.382666727384 -119.53451237665901,40.90967115107948,9490.885341105837 -119.53464025774318,40.90969495149769,9274.687677411732 -119.5347629631262,40.90971832118091,9064.991189002963 -119.53481103320149,40.90972761728625,8982.208925073772 -119.53492518914494,40.90975000933775,8784.110914221254 -119.5350629559614,40.909777614799324,8542.042390341348 -119.53508940611235,40.90978298632998,8495.172259819552 -119.53516397183482,40.90979826447989,8362.351327845809 -119.53524811417776,40.90981573374388,8211.18784502108 -119.53534557185853,40.909836283720246,8034.351219711722 -119.53537533308251,40.90984263006506,7979.968173829385 -119.53545105659255,40.90985893694403,7840.783749177961 -119.53555168534294,40.90988097516455,7653.9806757530905 -119.53561158326671,40.9098943048062,7541.776379891388 -119.53566544536717,40.909906442323354,7440.19790766932 -119.53575305519402,40.90992650443076,7273.584930749205 -119.53584184603613,40.909947288546604,7102.872099685196 -119.53587059838836,40.90995412443047,7047.169486366427 -119.53594466676297,40.909971986441704,6902.674373973272 -119.53603346817492,40.9099939188273,6727.431424718699 -119.5360739187398,40.91000411076109,6646.835817183459 -119.53613414443741,40.91001952309043,6525.899139027731 -119.53620729546931,40.910038650445244,6377.411133591742 -119.53627318927275,40.91005627779798,6242.06652266868 -119.53633967004419,40.91007446267031,6103.900100239836 -119.5364263471411,40.91009880811771,5921.156685896105 -119.5364648424887,40.9101098626838,5838.994286088523 -119.53652052188978,40.91012613091411,5719.010155618706 -119.53660276043564,40.91015079484512,5539.1771044902525 -119.53665155077209,40.91016580784299,5430.925455667246 -119.53672056854819,40.91018755913801,5275.681553924348 -119.5367933364476,40.910211186055854,5109.148147666666 -119.53683118612526,40.91022377438681,5021.296152083453 -119.53690210599997,40.910247949092096,4854.267899543979 -119.53694797706471,40.91026401910142,4744.456640644307 -119.53699729255297,40.91028170682658,4624.732283900501 -119.5370649612483,40.910306729477355,4457.432105550466 -119.53710858358433,40.910323362294335,4347.591853506685 -119.5371688476836,40.910347040086,4193.101604198014 -119.53721339902256,40.9103651003861,4076.7254041909605 -119.53724195851723,40.91037693920729,4001.1012469428065 -119.53729592646054,40.910399898614244,3855.899316924861 -119.53733601891163,40.91041747556665,3745.976618215193 -119.53739080946086,40.91044225257898,3592.7288397668144 -119.53744108134725,40.91046579530529,3448.826266179514 -119.53747793063616,40.910483569478494,3341.2060068457918 -119.53752905931994,40.91050899428818,3188.679827736528 -119.53754970825703,40.91051952339924,3125.9727395355344 -119.53758216604689,40.910536379242494,3026.0933006652713 -119.53762443757692,40.910558896854255,2893.557602488078 -119.53764567420576,40.91057044780539,2825.9249649078974 -119.5376778152012,40.91058822672471,2722.2544885365546 -119.53771964722803,40.91061188070915,2585.039977537891 -119.53772971427252,40.91061765716554,2551.642894126577 -119.53775058897422,40.910629739232974,2481.914115011817 -119.53778133620762,40.910647785232015,2378.0466142147284 -119.53780491460482,40.91066182335996,2297.44196668686 -119.53783141589973,40.91067780554023,2205.8240746113947 -119.53787026869148,40.91070161611025,2069.4895108641213 -119.53788781632807,40.91071251284572,2007.102053056756 -119.53791285456815,40.91072820963587,1917.1592087801778 -119.53794409895174,40.91074803043586,1803.3303722473772 -119.53796486146575,40.9107613372353,1726.6535947385817 -119.53799390042697,40.9107801170525,1617.93976190156 -119.5380215873968,40.910798189737896,1512.5920951625903 -119.53802927833087,40.910803237504645,1483.0181764789281 -119.5380506882937,40.910817351197,1399.945349059622 -119.53807962564858,40.910836563380606,1285.8533694419846 -119.53808727445065,40.91084166725529,1255.3333613271188 -119.53809886282983,40.910849400471555,1208.9438616486163 -119.53810332396978,40.910852382346135,1191.000000000381</coordinates>
                </LineString>
            </Placemark>
            <Placemark id="241">
                <name>Run 24</name>
                <description>States exported: 300 of 6,805
Launch inclination: 88.337 deg</description>
                <styleUrl>#242</styleUrl>
                <LineString id="240">
                    <tessellate>1</tessellate>
                    <altitudeMode>absolute</altitudeMode>
                    <coordinates>-119.10695,40.870683,1191.0 -119.1069499999934,40.87068299999506,1191.0000268929653 -119.10694994456925,40.870682958447986,1191.226280380054 -119.10694210244101,40.87067708788129,1223.1047139930292 -119.10693178622651,40.87066868469449,1269.2215286010644 -119.10692028612256,40.87065695921577,1335.7766694569993 -119.10691213031387,40.8706476027634,1389.3099665899506 -119.1069042026871,40.87063786680648,1445.0807392952267 -119.10689770264977,40.87062944617147,1493.3389933005708 -119.10689335437223,40.870623640239884,1526.5865511308343 -119.10688356590957,40.870610058830955,1604.2618228943998 -119.10687038022046,40.870590746752875,1714.1277465243986 -119.10686204213471,40.87057802496098,1786.059582925635 -119.1068501515683,40.87055928973842,1891.320221878703 -119.10683390689253,40.87053263027314,2039.6544787547753 -119.10682441360498,40.87051650841098,2128.5192833955607 -119.1068065037843,40.8704850538425,2300.2372894850573 -119.10679513416855,40.87046448873913,2411.5181593737448 -119.10677828588985,40.87043311756303,2579.8388472295455 -119.10677141214963,40.87042012293384,2649.2267147031607 -119.10675751826807,40.87039396533399,2788.915939596 -119.10674921084963,40.870378403740965,2872.0337867474664 -119.1067379613178,40.87035744106129,2984.0300687817166 -119.10672027861459,40.8703247804853,3158.610635512151 -119.10671229876328,40.87031016322891,3236.786184954044 -119.10669813691133,40.870284425308746,3374.5127695664937 -119.10668608649962,40.87026273697431,3490.6553839739986 -119.1066683178713,40.87023112308207,3660.1170727955855 -119.10665402040009,40.870206013687046,3794.872984981907 -119.10663666011837,40.87017592776967,3956.542255636792 -119.10662024451126,40.870147892912414,4107.413637063134 -119.10660460952268,40.87012156834565,4249.276738024972 -119.10658734872193,40.870092937001736,4403.7937814873985 -119.10656772081059,40.870060928230494,4576.809576095272 -119.10654617631364,40.870026464322976,4763.412724879467 -119.10653206992967,40.87000428128359,4883.701342860181 -119.10651051082291,40.869970961265835,5064.649028896742 -119.1064958704528,40.86994873820711,5185.525306552902 -119.10647331177233,40.86991513572763,5368.612154543781 -119.10645634905204,40.86989037971949,5503.75876940345 -119.1064343401912,40.869858910506245,5675.888683240461 -119.10640995215473,40.86982489317364,5862.407105126781 -119.10639722003457,40.86980748689031,5958.04564782512 -119.10637257154433,40.869774467947806,6139.85814266211 -119.10635376788382,40.869749871714916,6275.658639525803 -119.10633464663027,40.869725375191734,6411.254735113934 -119.10630696487179,40.86969081264117,6603.215811714856 -119.10629681958235,40.869678406876446,6672.318752262706 -119.10628532757903,40.8696645150424,6749.816315177638 -119.10626240609677,40.8696373121721,6901.9655726605415 -119.10623698595725,40.869607898251076,7067.065477060889 -119.10622518427984,40.86959450108172,7142.460872140894 -119.10620170807678,40.869568314119185,7290.130201649651 -119.10617078761696,40.86953472348067,7480.0905430690955 -119.10615548616457,40.86951846102058,7572.24714455562 -119.10613938432773,40.86950160937678,7667.8553305907135 -119.10611480686326,40.86947637326851,7811.2115246850835 -119.1060832099921,40.869444785800965,7990.897104263148 -119.10606969245855,40.86943156240744,8066.185004395877 -119.10604280364188,40.86940576164669,8213.212633102978 -119.1060096489534,40.86937484898614,8389.56091012708 -119.10598169295427,40.869349531698646,8534.143506564897 -119.10596872081472,40.869338010757104,8600.015462478883 -119.10594185748761,40.869314599119086,8734.046136553561 -119.10590776915298,40.86928572859568,8899.753500016286 -119.10587557893386,40.86925929174826,9052.034046579385 -119.1058631703206,40.869249307442736,9109.703997502142 -119.10583224870417,40.86922490544584,9251.047192394984 -119.10579090272381,40.869193305352816,9435.035632725136 -119.1057484186019,40.86916199422049,9618.538175587997 -119.10572663212031,40.869146367870826,9710.598801896853 -119.10568233696506,40.86911544745333,9893.765599070573 -119.10565170846857,40.86909373692405,10021.128945442395 -119.10562480543574,40.86906710554478,10161.247296728841 -119.10560823572048,40.869041904009386,10280.303484819482 -119.10559206404825,40.868992252280805,10489.173618714904 -119.1055938995004,40.868906258844994,10802.361032438735 -119.10560176379441,40.86886877513944,10926.793188374208 -119.10561866582569,40.86881280761143,11103.433484727058 -119.10565711041836,40.868718637123195,11383.474143400532 -119.10569100575282,40.8686494785719,11579.678655566962 -119.10572644230508,40.86858306795419,11763.42451990383 -119.10580199453565,40.868451424012996,12119.279398987177 -119.10587252598091,40.86833515033794,12427.760830058998 -119.10596944163846,40.86818090975036,12831.937636293489 -119.10605848185628,40.868042440830166,13191.88912801405 -119.1060910781163,40.867992239669555,13321.950653832564 -119.10616073229149,40.86788542570183,13598.180651185527 -119.10626468656233,40.86772528410669,14012.407517568543 -119.10631516681822,40.86764717611721,14214.467303578682 -119.10640251830536,40.86751169369265,14565.03100824049 -119.10654004966253,40.86729740598421,15119.46428149426 -119.10662054174907,40.86717159107856,15444.937877553708 -119.10675859034959,40.8669555243743,16003.81186301667 -119.10692606401543,40.86669330586384,16681.80091317684 -119.10697857643174,40.866611097210146,16894.247656360054 -119.10709491025736,40.866429053498024,17364.434647713242 -119.10721700263696,40.86623820179713,17856.924000438597 -119.10735616820018,40.866020986000535,18416.755186492137 -119.1074714641343,40.86584130541694,18879.176616198074 -119.10756537346974,40.86569517887595,19254.83527846028 -119.10774764320044,40.86541209854197,19981.302023043492 -119.1079524667065,40.865094936832094,20793.222408183174 -119.1080611141166,40.86492711680812,21221.968318911036 -119.10824554997176,40.86464285493736,21946.770377386656 -119.1083933022035,40.86441571679749,22524.6114474988 -119.10859593378376,40.86410503626891,23313.017995930382 -119.1088350882823,40.863739559566994,24237.497564784706 -119.10893395050776,40.86358887328384,24617.71793695261 -119.10915945389898,40.86324605020224,25480.71748233117 -119.10946538224192,40.86278297205508,26641.924329005873 -119.10960588275492,40.86257105592299,27171.575600341854 -119.10986812962031,40.86217673429801,28154.232754122957 -119.11005811636065,40.86189204075717,28861.348043564176 -119.1102996274461,40.861531306423,29754.417282340935 -119.1106600478651,40.86099523949221,31075.596946029567 -119.11093616761546,40.86058633505537,32078.499589904124 -119.11142614614141,40.85986434056617,33838.936235796544 -119.11204774296999,40.858954801082334,36037.66198630396 -119.11273798536492,40.85795281401278,38435.18069936233 -119.1136526419842,40.85663737950041,41543.274212888944 -119.11480076000268,40.85500502079528,45337.807547354925 -119.11634709271732,40.85283754758129,50269.1624612869 -119.1185445625988,40.849813992551105,56943.949340376785 -119.12222720849229,40.84488040909946,67324.45637347011 -119.12756640688092,40.837982288483204,80777.72395039088 -119.13315850849786,40.831025802273714,93093.7864344604 -119.13540814299209,40.828293266565765,97587.63535675367 -119.13818374133615,40.8249679491692,102794.34493629809 -119.14410856376384,40.81802048407502,112743.12180110649 -119.15018382616465,40.81107800232791,121426.91562346158 -119.1563904643866,40.804140619020615,128845.71265551516 -119.16243259970919,40.79750972477632,134758.24884569168 -119.16884113454054,40.790582593437215,139702.0169116411 -119.17532467354016,40.7836608130276,143380.7559077229 -119.18186415084256,40.77674443784825,145794.4588478567 -119.18815406217855,40.77013386811596,146919.4842027608 -119.19446101971516,40.76352829928594,146887.0781263558 -119.2010547692211,40.756627831722774,145615.6551992829 -119.20762984364742,40.74973283003862,143079.1884375451 -119.21388398861328,40.743142704665445,139469.26893685173 -119.22036737751169,40.736258317392526,134457.72705851216 -119.22677571184535,40.72937928891788,128181.15633263056 -119.23308990302856,40.72250557350454,120639.56645156434 -119.23902379854545,40.715935716270934,112242.17165042112 -119.24509792983572,40.70907299718264,102225.60955455221 -119.25101788706552,40.70221968242286,90944.39075130552 -119.25644341807222,40.69576399124313,79145.25046074524 -119.25899555844344,40.692659177871676,73054.80865638617 -119.26153408142862,40.68952134170601,66601.76481002408 -119.26338700054036,40.68719853458356,61697.777522464065 -119.26453484125678,40.68574325865536,58507.096938021175 -119.26579851814033,40.68412858762411,54949.21410417064 -119.2664585297442,40.683278019354056,53014.043414136846 -119.26754982474134,40.68186393680713,49801.40611424467 -119.26807946506919,40.68117207118686,48181.25881406234 -119.26844700113571,40.68069132217262,47073.16323509043 -119.26877098321616,40.680266204047534,46084.12020928318 -119.2693518855694,40.67949986569956,44260.99271793065 -119.26989657605797,40.6787788919832,42551.162545794046 -119.27020775015635,40.67836498914168,41552.16570974645 -119.27054948706174,40.67791029742513,40471.20581309327 -119.27094577560128,40.67737979952108,39172.00044049008 -119.27138743652807,40.676787344107204,37729.08832645592 -119.27164389818242,40.6764424073485,36886.719444354465 -119.2720054591167,40.67595416466888,35676.56153926104 -119.27235707750994,40.675478877616854,34509.742502918554 -119.27267477757363,40.67504748840983,33432.539933907836 -119.27296315685354,40.674654483409974,32439.63941290873 -119.27324762447209,40.67426675116238,31470.943679470132 -119.27352727969495,40.67388455269748,30509.51491065864 -119.27368711338934,40.67366494618087,29942.55666549709 -119.27395451904178,40.6732981251741,29012.111343973083 -119.27405370102996,40.67316172997477,28662.76979088332 -119.2742461307605,40.67289707683605,27987.385903981616 -119.27447399635014,40.67258331496967,27185.315815733153 -119.27463769615777,40.67235725065408,26599.932773794368 -119.27481746806883,40.67210869200646,25955.02785047705 -119.27501203516118,40.671839628243454,25259.69886934275 -119.27519492606469,40.67158637044101,24603.66619792838 -119.27535051999276,40.6713704449122,24040.30152328764 -119.27550377721903,40.67115734494547,23480.655374850117 -119.27560484363511,40.671016897300284,23115.046368103413 -119.27575388978553,40.6708093462419,22570.45675187163 -119.2758965528851,40.670610319453395,22045.246564779383 -119.27604078189923,40.67040888560117,21512.870283608187 -119.27618342286137,40.67020947153097,20985.24271187169 -119.27629868875484,40.670048195978175,20558.522058051098 -119.27642696695973,40.66986847329159,20081.206452200375 -119.27654764567878,40.66969916404645,19630.059871200832 -119.27666155995394,40.669539120795434,19202.26909331924 -119.27675574522262,40.66940662576953,18847.250527961103 -119.27682132736196,40.66931434222356,18600.543296234384 -119.27690300239462,40.66919921853988,18291.009832248357 -119.27699393049502,40.66907091502854,17945.70412463446 -119.27710019438038,40.66892075339762,17540.763675080492 -119.27720052976248,40.668778713100295,17156.6228424721 -119.27729649079329,40.668642603128994,16787.382974088887 -119.27733428051151,40.668588915220866,16641.260238383176 -119.27740141183544,40.66849333674331,16381.02747440466 -119.27749237052281,40.66836345869091,16026.283875574025 -119.27757672782302,40.66824245418283,15694.709655118306 -119.27766358410587,40.66811712061138,15350.137126673104 -119.27770846533984,40.668052003705036,15170.587841093637 -119.27778464814885,40.66794082883831,14863.378819020478 -119.27786296446023,40.66782554323564,14543.731460249117 -119.27794827945522,40.66769857720186,14190.344888981897 -119.27796796777349,40.66766904854372,14107.954992066863 -119.27801904499401,40.667592015194465,13892.494322113494 -119.27808689925926,40.66748859912765,13602.224474930232 -119.27816201706369,40.667372502712546,13274.726340389487 -119.27819446788678,40.66732176852266,13130.998404801603 -119.27823872376646,40.66725202896879,12932.829562040253 -119.2782988151651,40.66715616690404,12659.123191082173 -119.27836484344253,40.667049216798674,12351.874059497293 -119.27838803410653,40.66701123601156,12242.262208750832 -119.27844127574195,40.66692314987518,11986.989551392247 -119.27850505680765,40.66681592677841,11674.156534062497 -119.27853108489504,40.66677160778715,11544.139309215028 -119.27857146245071,40.66670213807932,11339.440816854954 -119.2786237886904,40.66661074530342,11068.389251931781 -119.27866017369703,40.66654619009422,10875.631540694878 -119.27867760800723,40.66651493355621,10781.909568953091 -119.2787176544178,40.66644226595644,10562.99280796489 -119.27876449191932,40.66635554914658,10299.821014618654 -119.2787900827968,40.66630727610081,10152.38619381222 -119.27883156538864,40.66622748157426,9907.187650767732 -119.27887743891958,40.66613665876575,9625.776755424362 -119.27889731454817,40.66609633356762,9500.030732354287 -119.2789349534356,40.666018085521294,9254.603297895948 -119.27896355058036,40.665956741569104,9060.88494361778 -119.2789810242835,40.66591832288585,8939.003838777226 -119.27901091758434,40.66585069348208,8723.430801281713 -119.27903639444575,40.66579083291939,8531.618973149376 -119.27904501628828,40.66577005508083,8464.821778069547 -119.27906207924224,40.66572808497875,8329.543249088634 -119.27908583774887,40.66566755671203,8133.629762292536 -119.27909902806702,40.66563278409731,8020.6305971537095 -119.27911189657968,40.665598000347565,7907.229167224738 -119.27913262252005,40.665539988944126,7717.273950970835 -119.27914955384502,40.665490624981295,7554.728025457803 -119.2791567412512,40.66546906972778,7483.461964650362 -119.27917030105023,40.66542732431634,7344.909655823755 -119.27918738659343,40.66537246574784,7161.650427223356 -119.27919499315198,40.665347120547835,7076.4848158751365 -119.27920565504793,40.66531044923202,6952.676963806779 -119.27921807763005,40.665265787478674,6800.879190972766 -119.27922811395949,40.665227861663276,6671.0488174771845 -119.27923245163554,40.66521086779479,6612.590410232478 -119.27924218736376,40.66517116624188,6475.311780933079 -119.27925320675878,40.66512302897653,6307.496148942652 -119.27925978360298,40.66509222699319,6199.304160100815 -119.27926921422043,40.66504447026067,6030.265647681929 -119.2792776427913,40.66499684351577,5860.0679927125175 -119.27928172168335,40.66497145296473,5768.639219834283 -119.2792875534925,40.66493133776955,5623.163034332013 -119.27929260727986,40.66489124375375,5476.4394140868 -119.27929577946644,40.66486206603087,5368.791423151398 -119.27929981451226,40.664816912914084,5200.679320618746 -119.27930159808948,40.664791550945345,5105.406832060472 -119.27930338505381,40.66475841312692,4979.957244201592 -119.27930482772892,40.66471096754721,4798.325661801117 -119.27930501748094,40.66469302299901,4728.975055065857 -119.27930490259659,40.6646648395179,4619.273031830691 -119.27930438005275,40.66464037539574,4523.234989677025 -119.27930325801718,40.66461196085102,4410.673645704271 -119.27930177599126,40.664586657184124,4309.46075599716 -119.27929835380867,40.66454542619152,4142.436161337712 -119.27929598846904,40.664523321258685,4051.7480666202237 -119.27929203722216,40.664492412376234,3923.5353246367267 -119.27928636960513,40.664455916778486,3769.9208938122847 -119.2792824751507,40.66443426393815,3677.5933237030913 -119.27927446534808,40.66439546170523,3509.8260574072206 -119.27926966006669,40.66437487201357,3419.5541277971374 -119.27926238047559,40.6643464725063,3293.556864417623 -119.27925362987536,40.6643157489838,3155.231852489277 -119.27925032842504,40.66430492142021,3105.9684108425 -119.27924524026061,40.66428891757529,3032.649757970823 -119.27923894090327,40.66427008501187,2945.5924524608454 -119.27923263629128,40.664252153038454,2861.902867225329 -119.27922658053984,40.66423564830521,2784.17156482661 -119.27921613440067,40.664208529274134,2654.9541484334572 -119.27920939206231,40.66419176216831,2574.104113411729 -119.27920484851539,40.66418075526807,2520.6230027209886 -119.27919669569063,40.6641615063267,2426.304063328748 -119.27918730740184,40.66414007810525,2320.102994991752 -119.27918088608637,40.66412583416094,2248.7986237139703 -119.27917021484053,40.66410282743895,2132.4251993848557 -119.27916079931455,40.66408314815718,2031.7114374229452 -119.27915355273863,40.6640683638028,1955.3528698252642 -119.2791428297644,40.66404701385613,1844.0662100525062 -119.27913486153057,40.66403152468322,1762.6121108801065 -119.27912459710275,40.664012004008384,1659.1486784038732 -119.2791101840925,40.66398533178629,1516.4491011889163 -119.2791069196282,40.6639794009085,1484.5232319722588 -119.27909913014895,40.66396540537593,1408.9064289639791 -119.27908790271152,40.66394559268734,1301.2065538518827 -119.27908357908917,40.663938069366615,1260.1094960180194 -119.27907933606471,40.66393070212766,1219.7356985579465 -119.27907631608721,40.663925472358414,1190.9999999995998</coordinates>
                </LineString>
            </Placemark>
            <Placemark id="251">
                <name>Run 25</name>
                <description>States exported: 300 of 6,793
Launch inclination: 88.866 deg</description>
                <styleUrl>#252</styleUrl>
                <LineString id="250">
                    <tessellate>1</tessellate>
                    <altitudeMode>absolute</altitudeMode>
                    <coordinates>-119.10695,40.870683,1191.0 -119.1069499999976,40.870683000004426,1191.0000269150796 -119.10694990275721,40.8706831795501,1192.0914617719575 -119.10694657583221,40.87068929952544,1229.1608714638269 -119.10694397437804,40.87069730079241,1274.888545510411 -119.10694339552558,40.87070763558011,1330.7071458067664 -119.1069440879901,40.870720008771144,1396.0051035324302 -119.1069452504584,40.87072991390266,1447.6720425688768 -119.10694714273396,40.87074180932564,1509.2653532837312 -119.10694850296,40.87074913164972,1547.0119872599448 -119.10695227851456,40.87076691260449,1638.4174300054176 -119.1069576501732,40.87078883623695,1751.0492513337676 -119.10696101324643,40.870801512368516,1816.2499485441726 -119.10696784375413,40.87082566347201,1940.7796846938588 -119.10697432490714,40.87084715096945,2052.0513130052627 -119.10698072921815,40.870867366063784,2157.2325250513477 -119.10699027456779,40.87089606571832,2307.3724903166553 -119.10699966163757,40.87092310645658,2449.5724865912503 -119.10700841163752,40.870947355786186,2577.7496983272076 -119.10701018805247,40.87095219574062,2603.388365011299 -119.10701782237926,40.87097307909581,2713.8591201050135 -119.10702651800375,40.87099702262803,2840.1977317336514 -119.1070325046338,40.871013625777294,2927.594102790972 -119.10704487473713,40.87104830342192,3109.5420509375617 -119.10705040208681,40.87106398855289,3191.5670098917344 -119.1070577166155,40.871084933294874,3300.824929861761 -119.10706820484539,40.87111540139899,3459.181342768395 -119.10707484692941,40.87113498316728,3560.5806037485454 -119.10708579809122,40.87116781257095,3729.8941555696033 -119.10709145405681,40.871185054539595,3818.46345230854 -119.10710356374145,40.87122270174523,4010.982408478011 -119.10711088158239,40.87124598185368,4129.41994899185 -119.10711863604013,40.87127113262887,4256.851243759175 -119.10712845701299,40.87130377089371,4421.39977198732 -119.10713822963486,40.871337220592615,4589.079297929449 -119.10714784220819,40.871371193389926,4758.387990806901 -119.10715284148787,40.871389335904325,4848.389480206185 -119.10716300283302,40.871427341727866,5035.990898036929 -119.10717023441173,40.87145544063269,5173.8608367769475 -119.10717892405478,40.87149056179345,5345.170931423486 -119.1071866982889,40.87152345713364,5504.582107857555 -119.10719331217769,40.871552744909714,5645.652382780209 -119.10720141766137,40.871590608986,5826.814502339849 -119.1072054591785,40.87161045010877,5921.187565923551 -119.10721256157318,40.871647196078584,6094.932175799399 -119.10721910180315,40.87168363091629,6265.854669141518 -119.10722303794222,40.87170704722604,6374.972323605485 -119.10722937913468,40.871747788378876,6563.426704998156 -119.10723310165095,40.87177389513824,6683.231254833219 -119.10723612639342,40.871796610823004,6786.880583903763 -119.1072402192375,40.871830105633535,6938.682843322842 -119.10724417059858,40.87186644964854,7102.032977066816 -119.1072455458832,40.871880337240256,7164.090132439721 -119.10724832788662,40.87191112228718,7300.9584726208495 -119.10725142495038,40.87195159845485,7479.508604834466 -119.10725281590518,40.87197320672654,7574.198249192369 -119.10725437225383,40.87200215090513,7700.372153226097 -119.10725586114192,40.87203964525143,7862.731239133019 -119.10725675322024,40.87207966142643,8034.697509550178 -119.10725691959794,40.87209957839736,8119.781836211764 -119.10725669333868,40.87213840327631,8284.697518778601 -119.10725549098949,40.872183338820705,8473.999829280101 -119.10725458982046,40.87220403040228,8560.592780172427 -119.10725305952319,40.87223150749001,8674.959915235537 -119.10725065411873,40.87226521968761,8814.318888282278 -119.10724692410264,40.872306594442705,8983.803371289825 -119.10724460354504,40.87232856751929,9073.074032934624 -119.1072417640155,40.872352877624124,9171.25403877788 -119.10723609535017,40.87239564874003,9342.396358305925 -119.10722896499942,40.87244225474596,9526.554079899322 -119.10722352454697,40.87247417725808,9651.274994330248 -119.10721842435777,40.872502011140504,9759.083031372396 -119.10720856423168,40.87255147331607,9948.477482542597 -119.10720496517716,40.87257379393034,10034.890927778231 -119.10720539404039,40.87260485638509,10163.388622748618 -119.10721148553111,40.87263030297815,10277.613385579347 -119.10723699155916,40.872673560273824,10496.324822302771 -119.10729098662686,40.87271866818945,10770.788074324442 -119.10731990749855,40.87273503693573,10886.742076445988 -119.10736129427615,40.872753900332384,11034.854848446992 -119.107449644148,40.87278392114044,11310.525344759315 -119.10754467937424,40.872807552362886,11572.359527153021 -119.10759190579886,40.87281743285565,11694.863920100444 -119.10771994712455,40.87284076315525,12012.595539993801 -119.10786823197155,40.87286400102934,12364.34654295107 -119.10800374869537,40.87288320782924,12676.824351281968 -119.10823134107045,40.87291316719748,13190.560444439616 -119.10828111888685,40.872919494577566,13301.748420977838 -119.10844207657728,40.87293971841127,13659.936516890102 -119.10866775417148,40.87296844177828,14163.463308056282 -119.10872776698284,40.872976157847845,14297.643319134238 -119.10892885256388,40.87300223964032,14747.758274269754 -119.10917786511966,40.87303494281674,15306.155269649913 -119.10929561196326,40.87305055328352,15570.349909369026 -119.10955626438196,40.87308539786333,16155.222439808967 -119.10979178902107,40.87311719125021,16683.22761408677 -119.10988571637813,40.8731299334342,16893.624180840856 -119.11008967648142,40.87315770161435,17350.04769040039 -119.1103780978721,40.87319714841961,17994.157780497204 -119.1105726533897,40.87322382928835,18427.643387318083 -119.11077781432003,40.873251989192475,18883.798907737302 -119.11096426510194,40.87327762349949,19297.473538182596 -119.11130862877528,40.87332497471668,20059.174570649586 -119.1116591257311,40.87337318031051,20831.21617056321 -119.11185620093852,40.87340029077698,21263.87666798015 -119.11226881712204,40.873457034991496,22166.364829685463 -119.11247371427109,40.87348520383331,22612.78962666801 -119.11287617679217,40.873540479710776,23486.345538948546 -119.11323213206143,40.8735892990791,24255.249039249047 -119.11350156032924,40.87362622198903,24834.879233656102 -119.11399775091074,40.87369412639061,25897.036989586588 -119.11447409804454,40.87375922296849,26910.14506966005 -119.11479055467973,40.87380242387613,27579.733310059724 -119.11537435500274,40.873882059515914,28807.658694592286 -119.11569794796543,40.87392614213772,29484.228186255972 -119.11640106390062,40.87402182045677,30944.63922028473 -119.11683274889147,40.874080477687535,31834.734452073644 -119.11761314852409,40.87418633090766,33431.406113351666 -119.118698728121,40.87433318537903,35626.173475041316 -119.11994186885126,40.87450079926208,38102.504170771055 -119.12146671497787,40.87470559258433,41087.093462286495 -119.12347275472457,40.87497374584335,44926.76294971738 -119.12622313716382,40.875339159604536,50035.269447818115 -119.1299753836036,40.875833737083774,56724.13153341574 -119.13653495959866,40.87668850335002,67679.01177042826 -119.14549989668478,40.877839178294046,81234.64867192002 -119.15465749849915,40.87899731996274,93523.79642274325 -119.16357990606448,40.880112295313495,104094.57516412972 -119.17305989266359,40.8812855884952,113907.99872239392 -119.18267648624948,40.882466806947384,122456.06072759176 -119.19241061529148,40.88365605615757,129738.74865714765 -119.20181391391718,40.88480119633617,135520.74182111002 -119.21172283320519,40.8860064026519,140327.66680629877 -119.22169289161617,40.88721985900963,143869.18975979206 -119.23126908344132,40.8883883158517,146072.65651092803 -119.24130357812228,40.88961802288202,147138.37882964947 -119.25090647540621,40.890802059813765,146973.68382612537 -119.26093237390019,40.892048062842996,145563.59968063448 -119.27049212986759,40.89324766648027,143030.744643531 -119.28043641835633,40.89450989214046,139144.86346887492 -119.29031078099587,40.895780342388626,133993.58353747416 -119.29882810740885,40.89689205697582,128483.7970004417 -119.29945256462393,40.89697419868592,128040.03250354927 -119.30897548268757,40.89823863044156,120579.99236465669 -119.31853659800375,40.89953260802814,111737.506801569 -119.32754568048777,40.900777575983106,102095.47606666022 -119.33679744625988,40.90208601639206,90777.66281523874 -119.34538382105958,40.90333132158354,78895.2604314966 -119.34889210763517,40.903849976165056,73625.13701779899 -119.35299173985034,40.90446497039375,67113.1109995962 -119.35546625450168,40.904838614302996,63062.75118656208 -119.35754690316969,40.90515673214972,59513.7738052208 -119.35968348898635,40.905484895123635,55799.499065800024 -119.36126155179939,40.90572995872847,52959.93701629174 -119.36285230187401,40.9059770557464,50081.94548660496 -119.36367542324163,40.90610669006978,48533.99850865591 -119.36483182481088,40.90628771812133,46386.288435283575 -119.36552081540113,40.90639711382969,45056.791576257274 -119.36652449150166,40.90655531709143,43150.79614958939 -119.36707194463057,40.90664296824503,42067.63595127199 -119.36787728261551,40.906770536880835,40513.30255726437 -119.36855640984056,40.90687961587233,39154.1214261035 -119.36944200539082,40.90702164588814,37384.73229824059 -119.3702446004416,40.907150620520056,35770.00111674728 -119.37089052297563,40.90725446222526,34466.87801644629 -119.37150250801129,40.907353401982135,33213.320277864186 -119.3719622192589,40.90742838190944,32250.184050609358 -119.37239513128668,40.90749865959722,31352.516964993327 -119.37266870530416,40.90754308335953,30784.68864034687 -119.37284899554179,40.90757228872163,30412.519598999468 -119.37309817897916,40.90761333464604,29876.86809081749 -119.37342897788334,40.907667057532734,29189.639266504033 -119.37367360943264,40.90770734204612,28664.22400931132 -119.37394866874008,40.907752206893456,28086.534599772083 -119.37432044522228,40.90781315612877,27296.611334706602 -119.37456697926103,40.90785397730432,26760.22942418758 -119.37485209065248,40.907900767670064,26152.616905018527 -119.37517360636491,40.90795368675255,25462.578993459574 -119.37548048224218,40.908004398637495,24797.10094245314 -119.37576020661965,40.90805074960966,24185.697567436022 -119.37601205401549,40.908092445883796,23636.25615614576 -119.37628386739394,40.90813741532632,23043.720735003608 -119.37654074083365,40.90817999629485,22481.141663708804 -119.37668631895869,40.908204293637596,22157.333031898026 -119.37690376117773,40.908240438636625,21678.282509508896 -119.37713096307826,40.90827825591665,21176.56444239011 -119.3773640031024,40.90831715708395,20659.125546789764 -119.37757637423839,40.90835269747139,20185.48229968283 -119.37778584806385,40.90838783170741,19716.616250275027 -119.3779827113783,40.90842091778105,19274.682860421944 -119.3781623960311,40.90845116626212,18870.51808802293 -119.37825316101049,40.90846645322399,18666.69232965824 -119.37839649429782,40.908490711649605,18342.322347654936 -119.37858294942663,40.90852235618214,17920.00965229083 -119.37875521477443,40.90855174631533,17528.545744182025 -119.37893548417661,40.90858271068841,17117.313938809228 -119.37909942281048,40.90861110016695,16741.89653906612 -119.37914076406335,40.90861830203823,16646.878767974762 -119.37925338028627,40.908637990601655,16387.803191932424 -119.37940799629106,40.90866526460663,16030.461525531977 -119.37956244970472,40.90869281387556,15671.46605343525 -119.37971136776876,40.90871970129695,15323.08360584356 -119.3797844209335,40.90873302468801,15151.220677497195 -119.37991281423065,40.90875666735232,14847.634839116949 -119.38005836636506,40.90878386784986,14500.675451344709 -119.38015934906578,40.9088030191172,14257.967574106531 -119.38021600345476,40.9088138747321,14121.037554484585 -119.3803032060533,40.9088307783329,13909.057927069285 -119.38041776869349,40.90885335214603,13628.230471913766 -119.3805646770246,40.90888303840823,13263.733497033798 -119.3806216772849,40.90889481694046,13120.849720241775 -119.38072417165459,40.90891637074701,12861.855394567356 -119.38083111536102,40.908939448303904,12588.51367477151 -119.3809283769973,40.90896100049904,12337.038694482704 -119.38097681558412,40.908971942706984,12210.742203748685 -119.38107047968818,40.90899352981359,11964.416606152034 -119.38118101909544,40.9090197651434,11670.02272600073 -119.38122939086102,40.90903152044553,11539.886119933994 -119.38128722448938,40.909045817105486,11383.155488295522 -119.38136785156615,40.90906620155539,11162.553132149433 -119.38146912863917,40.90909263150408,10881.701633457727 -119.38148821454949,40.90909772195022,10828.278345923845 -119.38154763986014,40.909113798023135,10660.849175132631 -119.38163017858604,40.90913674097068,10425.445134221756 -119.38170081055897,40.90915696855739,10221.141376809455 -119.38176110253028,40.90917469474556,10044.492886891027 -119.38185633399472,40.90920361437071,9760.845607002506 -119.3819087867886,40.909220056340374,9601.97933404996 -119.38196692924448,40.909238728937844,9423.509261897478 -119.3820488005965,40.90926586805581,9167.599858749321 -119.38209094057238,40.90928024211058,9033.60750399017 -119.38214150698926,40.90929785882553,8870.612225920597 -119.38220475217645,40.90932048001809,8663.084647490341 -119.38224476814977,40.909335135007304,8529.504055592222 -119.3822696712159,40.90934439703436,8445.447713534033 -119.3823132575112,40.90936087522994,8296.517254908442 -119.38236691729806,40.90938165250464,8109.857335390541 -119.38239181057754,40.90939148375083,8021.959123492445 -119.38242256975515,40.90940381396714,7912.190760594364 -119.38246606388509,40.90942160373306,7754.682881084771 -119.38251045018897,40.90944021829756,7591.098534982537 -119.38252776478116,40.90944761330233,7526.482451042232 -119.38256314500202,40.90946298674103,7392.932037919298 -119.38260701457577,40.90948256759133,7224.424798837585 -119.38263837052523,40.90949695567495,7101.856037193197 -119.38266054975041,40.90950734746065,7014.001270441279 -119.38270378098312,40.90952816354429,6839.806730479406 -119.38274370451973,40.90954811686967,6675.128999815465 -119.3827531376916,40.90955294285446,6635.637379464705 -119.38278310342972,40.90956856826549,6508.61986693707 -119.38281912991101,40.90958799774692,6352.503081624488 -119.38284567240567,40.9096027984675,6234.882798520584 -119.38288037851834,40.909622829000234,6077.431346173652 -119.38292176522745,40.90964782432434,5883.637202015293 -119.38294025294505,40.90965941922933,5794.722094068874 -119.38296884017305,40.90967792525906,5654.087418024436 -119.38300359652325,40.90970146681533,5477.430248810105 -119.38302244149807,40.90971476107048,5378.765307310118 -119.38305263083848,40.90973692705328,5215.984549639414 -119.38307546938154,40.90975448209749,5088.556980419324 -119.38309712681998,40.90977183170172,4963.901455250534 -119.3831231853068,40.90979372723041,4808.3777702329135 -119.38313702096416,40.90980585906672,4723.0619362489915 -119.38315759261742,40.90982463743774,4592.2338642789055 -119.38318263612123,40.90984886750827,4425.652760012655 -119.38319850518,40.909865127753434,4315.292792527913 -119.38322047208483,40.90988898794809,4155.407677692388 -119.38323211081193,40.90990235235738,4066.909183632047 -119.383243257924,40.909915680596704,3979.374192371949 -119.38326087649486,40.90993793607059,3834.7766888285505 -119.38327286539494,40.90995402768294,3731.3934329431327 -119.38328871258308,40.909976671481836,3587.4594100002228 -119.38330293374955,40.90999855395512,3449.96107874114 -119.38331247859887,40.91001421625919,3352.44368072212 -119.38332491284679,40.91003600811395,3217.9230579022055 -119.38333106984845,40.910047468687196,3147.6887672321777 -119.38333773926395,40.910060437832186,3068.6008563616238 -119.38334681306083,40.91007911570442,2955.3812517038396 -119.38335231693168,40.91009107658865,2883.2610036833084 -119.38335664092102,40.91010083091572,2824.649398189868 -119.38336423432405,40.91011876124699,2717.3545250379807 -119.38337193498688,40.910138023610415,2602.665373821142 -119.38337438478617,40.91014438167841,2564.928949513084 -119.38337944604952,40.91015791042112,2484.807580017931 -119.38338524761828,40.910174076524804,2389.347084280046 -119.38339021076158,40.910188508831,2304.3415134272063 -119.38339418390092,40.9102004944139,2233.8656684968682 -119.38340063054224,40.91022082967949,2114.4550220489105 -119.38340558954165,40.9102372860797,2017.8731308413776 -119.3834099225802,40.91025231494882,1929.6138154951602 -119.38341448870788,40.910268882958356,1832.1454773277496 -119.3834181974665,40.910282960152564,1749.0936500364965 -119.38342269168993,40.91030087037737,1642.9741612528694 -119.38342786875145,40.91032285264636,1511.7624955571384 -119.38342916320022,40.91032861272126,1477.168821472682 -119.3834322912662,40.91034303874812,1390.0879774149246 -119.38343583127721,40.910360347908195,1284.6850109418872 -119.3834367359504,40.91036496356496,1256.3969744324345 -119.38343837587158,40.91037334001872,1204.8899285558198 -119.38343880912839,40.9103755915891,1191.0000000003004</coordinates>
                </LineString>
            </Placemark>
            <Placemark id="261">
                <name>Run 26</name>
                <description>States exported: 300 of 6,756
Launch inclination: 88.553 deg</description>
                <styleUrl>#262</styleUrl>
                <LineString id="260">
                    <tessellate>1</tessellate>
                    <altitudeMode>absolute</altitudeMode>
                    <coordinates>-119.10695,40.870683,1191.0 -119.10695000000032,40.870683000006096,1191.0000269028603 -119.10695001326246,40.87068324944047,1192.1002030310362 -119.10695051653444,40.870692591034846,1233.0913364051796 -119.1069533750706,40.870704953541406,1284.4288027966277 -119.10695935664438,40.870720047215414,1344.6103618738848 -119.10696620151727,40.8707346682348,1401.8908616000763 -119.10697245730776,40.87074708154215,1450.1279311400333 -119.10698096468792,40.87076306073498,1511.8470951865943 -119.10698590717496,40.87077202727515,1546.3468724249287 -119.10699936883125,40.87079563140974,1636.9255411095294 -119.10701785339083,40.87082664610025,1755.7826894599427 -119.10702888908087,40.87084465440968,1824.8197045167467 -119.1070500011217,40.870878301670295,1953.9992792751416 -119.10706869206878,40.870907359867736,2065.871139973036 -119.10708726338763,40.87093565751359,2175.164892375849 -119.10710979179714,40.87096934665293,2305.712337079823 -119.10713125885333,40.87100094246713,2428.503676697508 -119.10715791120867,40.871039499288536,2578.861181507303 -119.1071655643144,40.8710504778278,2621.734935133729 -119.10718967624574,40.87108514445096,2756.899388513588 -119.1072076312106,40.87111104173615,2857.6505548411074 -119.10722303260863,40.87113332119028,2944.1673027932743 -119.10725132094224,40.87117442293097,3103.373119578022 -119.10726813002948,40.87119897209571,3198.2044699671906 -119.10728782073686,40.8712278541735,3309.5188742690284 -119.10731444630585,40.87126714760846,3460.5000730552188 -119.10733061870282,40.871291156706846,3552.483049081143 -119.10736425957722,40.87134147510012,3744.5731276511924 -119.107382316959,40.87136870660825,3848.1294249594976 -119.10741168371536,40.8714133500489,4017.2737311673504 -119.10742987437352,40.871441238616335,4122.534110983568 -119.10744911459841,40.871470941620345,4234.303120788406 -119.10748255885754,40.87152310645251,4429.731155522228 -119.10750834689217,40.871563820661095,4581.49566873316 -119.10753825986158,40.871611621143,4758.816025768311 -119.10755942131026,40.871645836854626,4885.165586582282 -119.10758331960464,40.87168490332194,5028.8345191976405 -119.10760250514271,40.87171661451846,5144.982192978678 -119.10763205178004,40.87176610577347,5325.387349733539 -119.10765994431343,40.87181361660335,5497.561520704173 -119.10768450269687,40.87185614260351,5650.816608925649 -119.10770471695055,40.87189167565658,5778.240792746401 -119.10772021074106,40.8719192573504,5876.751755664929 -119.1077432177345,40.87196080644391,6024.470934131336 -119.10777519862944,40.872019838899405,6232.923629299312 -119.10778821836357,40.872044331796545,6318.909139427678 -119.10780595369073,40.87207815578309,6437.153819980981 -119.10783372424048,40.87213226204564,6625.07373866251 -119.10784657083845,40.87215779692158,6713.227076316566 -119.10786487188389,40.87219475166775,6840.206909381944 -119.10787980268083,40.87222543226663,6945.085884829816 -119.10790069280284,40.872269206928934,7093.874961129084 -119.10790971466466,40.872288431787496,7158.911937401182 -119.10792836150029,40.8723288135066,7294.927011318014 -119.10795254192728,40.872382557553706,7474.730621729287 -119.10796429749718,40.87240928813908,7563.655003710188 -119.10797812857075,40.87244131136376,7669.758146238316 -119.10799960125698,40.87249232973746,7837.858940208868 -119.10802154578747,40.87254635962063,8014.654586993221 -119.10803098965093,40.87257028401119,8092.538391132987 -119.10804851454104,40.87261587841044,8240.286167234162 -119.10806870143557,40.87267061052336,8416.464874688229 -119.10808183020393,40.87270768195756,8535.060041447694 -119.10808956938452,40.87273014041031,8606.594578400593 -119.10810313230739,40.87277071380928,8735.22989411756 -119.10812060355235,40.872825526237264,8907.711035256132 -119.10813596125845,40.87287644382199,9066.525997473262 -119.1081454053218,40.87290921073739,9167.993017112669 -119.10815912121501,40.872959061065295,9321.201689844667 -119.10817521311907,40.8730215234223,9511.17302778784 -119.10818553751443,40.87306427334153,9639.893987257705 -119.10819489423496,40.87310512764713,9761.916145789683 -119.10820820919302,40.87316737350563,9945.945101663983 -119.10821824614925,40.873204470836974,10057.281021408 -119.10823731207911,40.87324663009518,10191.389843243149 -119.1082573520558,40.87327764270647,10296.163066261728 -119.10831501157763,40.87333939005966,10523.509858902413 -119.10842099762132,40.873413301116074,10836.36672570557 -119.10845610422096,40.87343245654113,10926.163181817274 -119.10853501176217,40.87346992690392,11113.695879740324 -119.10866952689695,40.873522255944174,11403.425173505411 -119.10875753971884,40.873551486859185,11579.849146618133 -119.1088751672341,40.873587055612354,11806.253760392921 -119.10909549812285,40.873647472161785,12213.295984141472 -119.1092090867467,40.87367669285633,12417.691289590397 -119.1094238842309,40.87372981560515,12797.957603250372 -119.10965528583355,40.873785183619475,13201.752069926546 -119.10979740182701,40.87381861799483,13447.796984014649 -119.11003484460818,40.8738745245009,13858.654232380492 -119.11021405071725,40.873916967472475,14169.255976030663 -119.11031359437213,40.873940643717255,14341.965334275663 -119.11056266319069,40.874000153282765,14774.448907847349 -119.11085302635156,40.87406994514265,15279.119406491911 -119.11096658933717,40.87409735004388,15476.545114448512 -119.11131449452682,40.874181639385576,16081.23328921243 -119.11166087063131,40.874265976400316,16682.61023034423 -119.11179808243605,40.8742994720443,16920.601757776825 -119.11208130410087,40.87436873190242,17411.279509063294 -119.11242674920685,40.87445336240079,18008.578577698085 -119.11283726231548,40.87455403538309,18716.465632008276 -119.1129901854831,40.87459154273132,18979.576614947546 -119.11333104244203,40.87467517821749,19564.92013713997 -119.11375160634587,40.874778346198134,20284.835667444782 -119.11417439503404,40.87488202352445,21005.938541580115 -119.1144710277773,40.874954739003826,21510.30982772359 -119.11497314341393,40.87507775721648,22361.031542270703 -119.11525874173032,40.87514768187202,22843.221657797203 -119.11581836735488,40.87528457015682,23784.463155286005 -119.11616200959466,40.875368539718686,24360.073223105122 -119.11667294541421,40.875493274443464,25212.50006626241 -119.11733150543813,40.87565382814612,26305.194438520375 -119.11774768452108,40.875755183430414,26992.18920561418 -119.1182404466568,40.87587508122471,27802.17676241868 -119.11889648707495,40.87603454168782,28874.705038528136 -119.1194997778694,40.87618099372141,29855.162491553685 -119.12043796386509,40.87640842838152,31368.962151502918 -119.1209972774767,40.876543811529096,32265.149872758073 -119.12215106147343,40.87682264549568,34099.20910425616 -119.12356198632455,40.87716277295868,36315.42554518193 -119.12534958177373,40.87759240181071,39081.85055681826 -119.12747007681716,40.87810025046311,42304.32921729713 -119.1302804271924,40.878770404018006,46478.09696623601 -119.13391128373975,40.87963153344959,51710.356994492126 -119.13996430119607,40.88105619198907,60044.5464604615 -119.14931515999025,40.88323262174622,72007.6236004769 -119.16067678919393,40.885842302996345,85140.19611637309 -119.17222268915391,40.88846146056096,97006.75229220821 -119.1722973455611,40.88847830140373,97078.82465843047 -119.18270493821255,40.89081554186189,106560.79568657596 -119.19403045861156,40.89333822349202,115642.87244191102 -119.20599777432653,40.89598523766559,123899.67152245369 -119.21807610651301,40.89864223061662,130890.8459753883 -119.2297155777239,40.90119311750254,136393.76630639876 -119.2419559296919,40.90386986342169,140908.68951001306 -119.25371543814647,40.90643975626689,144043.00735071133 -119.26604475326731,40.909136459046685,146081.6531366124 -119.27839132738393,40.91184340235572,146854.64083156045 -119.28966317131129,40.91432390853417,146455.05411988564 -119.30198958311827,40.91705044680814,144806.7822934033 -119.31374445998894,40.919667998862465,142045.8660224835 -119.3259780257602,40.92241448578614,137921.3178202186 -119.33813591624569,40.92517109417416,132531.12679615724 -119.34967678158736,40.92781725344543,126191.00333778212 -119.36163133789796,40.9305934294101,118324.58436870921 -119.37294246276893,40.93325807233129,109615.92393945072 -119.38461848712116,40.93605300530017,99273.38783519201 -119.39611567689063,40.9388557060492,87665.9361373872 -119.40575660340231,40.941249453258756,76784.39613981119 -119.41002740769349,40.9423247394238,71593.73076168225 -119.41393009838342,40.94331600367322,66640.86196732748 -119.41743666685582,40.94421141021793,62069.482941058835 -119.42003244035305,40.94488065372747,58539.808360101175 -119.42222242784835,40.9454463306893,55532.25884490864 -119.42510574360469,40.94619725387234,51434.20236932206 -119.42610408006406,40.9464575988669,50005.75206397078 -119.42741972657971,40.946803365065044,48065.425050255966 -119.4287051786677,40.947140438960645,46183.640698098156 -119.4302488302722,40.947548011757874,43862.84346546268 -119.43155878461148,40.94789526526718,41862.374496147655 -119.43216727149593,40.94805604183482,40943.62170126356 -119.43298361420231,40.948273628829206,39670.66940423368 -119.43402442979898,40.94855040408069,38060.27971514144 -119.43493699119114,40.94879403487785,36627.19496393782 -119.43581042615502,40.94902822950315,35233.4965868499 -119.43647840320838,40.94920743094077,34165.113196450635 -119.43693375424954,40.94932942265294,33440.07771134583 -119.43751860852133,40.94948711252972,32487.346032786336 -119.43812550021035,40.94965022826295,31509.24577455259 -119.43875629462629,40.949820245363235,30482.4472683664 -119.43926879217415,40.949958947463045,29636.053044832435 -119.43976101676493,40.95009234960414,28819.352300216768 -119.43997089694716,40.95014891764758,28477.851735240845 -119.44040916062706,40.95026797858362,27744.702422997343 -119.44084117815679,40.950385108135634,27027.1502783622 -119.44127897597667,40.95050393006692,26297.438937324692 -119.44169658750525,40.95061756809551,25594.976794355513 -119.44205879868059,40.95071637476348,24980.19171559078 -119.44246488291938,40.950827089727056,24291.67471038553 -119.44276573421801,40.95090905179463,23782.82703769642 -119.44309925223338,40.95100005648655,23215.43347396636 -119.44330793803677,40.951057231936716,22855.539433624497 -119.44361229499944,40.95114042458911,22334.856296661703 -119.44391386095704,40.95122291576347,21817.69359641673 -119.44422262747999,40.95130753506485,21285.298447935973 -119.44437371561911,40.95134906925137,21022.364500484844 -119.44464335320181,40.9514230624767,20556.025297731972 -119.4449133886001,40.951497268830934,20087.314929839 -119.44518833191817,40.95157294496828,19608.188988803013 -119.44542905926794,40.95163930436136,19187.19459725763 -119.44562110646275,40.95169232277962,18850.192535116923 -119.44576028037267,40.951730747203555,18606.55454749759 -119.4459350910591,40.95177913032407,18298.677623083408 -119.44616138686501,40.95184187873281,17899.560863370796 -119.44637295837198,40.951900709047266,17525.41506208375 -119.44658092330991,40.95195873323463,17156.582442283023 -119.4467829260392,40.95201532733495,16797.151384413122 -119.44689239512832,40.95204611312119,16601.727447851874 -119.4470560768578,40.952092304165866,16308.79109294262 -119.447256022687,40.95214902876655,15949.640945988109 -119.44745169234068,40.95220491046675,15596.441288639415 -119.44761690344639,40.952252418143715,15296.7022965083 -119.44773244880638,40.952285843826,15086.144865812239 -119.44790850183037,40.95233712660384,14763.638753427993 -119.44809129015971,40.952390876692384,14426.460444728125 -119.44822970426468,40.95243196650053,14169.338845943828 -119.44828975329457,40.952449910511575,14057.29746523304 -119.4484360369147,40.952493965250945,13782.912283120504 -119.44862999754592,40.952553219789564,13415.715874535013 -119.44874817437501,40.95258987000432,13189.902925431123 -119.44880987904627,40.95260918305241,13071.342480261317 -119.44892394127525,40.952645219587765,12850.961669553251 -119.44907811539434,40.95269468472337,12550.416136955584 -119.4491916616048,40.95273170948029,12327.031503644434 -119.44927471488711,40.95275912119852,12162.51004938289 -119.4494181969998,40.95280718910269,11875.925944279237 -119.44956653586956,40.952857870315405,11576.405425205652 -119.4496085368239,40.95287241279376,11490.974967868351 -119.44970244351983,40.95290526524731,11298.896616605158 -119.4497898466593,40.95293627429969,11118.761959619615 -119.44990835555339,40.952979032708136,10872.310980965403 -119.44995613742935,40.95299651546068,10772.178342282577 -119.45005658481587,40.953033748105746,10560.163356658451 -119.45017779191349,40.95307958579034,10301.41063334941 -119.450240178209,40.9531035873397,10166.897329593887 -119.4503528194353,40.95314766230798,9921.559884952512 -119.4504822466032,40.953199554588366,9635.418330886216 -119.45052717607811,40.95321789655841,9534.945163565397 -119.45062159322428,40.953257018865145,9321.751671040212 -119.45073157683805,40.95330362295967,9069.647602314 -119.45075796327694,40.9533149740421,9008.523306398165 -119.45083606900278,40.95334896303531,8826.044850792083 -119.45093850983119,40.95339444690816,8582.978810441859 -119.45096202872357,40.95340503705466,8526.537127368149 -119.45100325975342,40.95342374237782,8427.012224603748 -119.45106822179729,40.95345357522462,8268.617803456527 -119.4511468392232,40.95349029624629,8074.24275401518 -119.4511722667479,40.9535023224109,8010.721100194309 -119.45122379037483,40.95352693036253,7881.028247234364 -119.45130266927781,40.95356523995364,7679.832492154914 -119.45135415529457,40.953590685078666,7546.750573774222 -119.45138767515242,40.953607455929074,7459.316698782939 -119.45144785530782,40.95363798848346,7300.744027938615 -119.45151264819872,40.95367152806876,7127.589849990284 -119.45153996305817,40.953685892555654,7053.794178864792 -119.45158615697109,40.953710510391865,6927.837821844425 -119.45164296183603,40.95374138658462,6770.845334385628 -119.45168177538798,40.95376289664744,6662.146437798852 -119.45171520217204,40.95378170153738,6567.548361192641 -119.45176963372822,40.95381292040052,6411.423414934285 -119.45182384783878,40.95384479151451,6253.169768195119 -119.45185581716477,40.9538639708927,6158.473388811443 -119.45190669702674,40.95389512484918,6005.496611307529 -119.45195438361289,40.95392506897594,5859.419284089125 -119.45197985836414,40.95394138063689,5780.242413621998 -119.45202563862372,40.95397128144918,5635.821720486138 -119.45207450705776,40.95400409099965,5478.43171102747 -119.45210539159557,40.95402533632193,5377.117301192641 -119.45215413103423,40.95405973084189,5214.092987509927 -119.45219186800726,40.95408714321741,5085.029530600205 -119.4522337184074,40.9541184128084,4938.745246569851 -119.4522833717962,40.9541568105659,4760.48185913783 -119.45229898379215,40.95416920031594,4703.289132457068 -119.45233321263512,40.95419694284184,4575.818930382888 -119.45237554512951,40.954232453439886,4413.888515889868 -119.45239732050489,40.954251287654586,4328.580161804838 -119.45243505508908,40.9542849218862,4177.2345722310065 -119.45246241164055,40.95431015734169,4064.5200007003364 -119.45248584016315,40.954332382480246,3965.8285433493056 -119.4525193596323,40.95436524174805,3820.878868222082 -119.45254098561473,40.95438715440654,3724.8295311992206 -119.45257216252534,40.95441980931772,3582.541376428384 -119.45260045429953,40.95445061971633,3449.154848388171 -119.45261560112584,40.95446761071308,3375.9315090493988 -119.45264669617208,40.95450366252223,3221.294408364935 -119.45266227630128,40.954522358742274,3141.466797504963 -119.45267544949989,40.95453850653704,3072.700599252857 -119.45269511741867,40.95456322006309,2967.7560081377087 -119.45271404126386,40.95458768851669,2864.161300738731 -119.452721807451,40.95459792631393,2820.8983064063787 -119.45274176314432,40.9546247505264,2707.7426774394494 -119.452763685431,40.954655046562515,2580.2342101765257 -119.45277050974764,40.95466465217738,2539.859346920871 -119.4527844667642,40.954684552099195,2456.2777248058096 -119.45280111247658,40.95470873419127,2354.792897604324 -119.45281069119413,40.9547228730562,2295.479597500132 -119.4528234162451,40.954741911239545,2215.6107117870597 -119.45284086088607,40.9547684844856,2104.068459669401 -119.45285223776246,40.95478611022263,2029.9982290608275 -119.45286230635526,40.954801906388376,1963.5224259255572 -119.4528762816649,40.95482413881611,1869.7542275661292 -119.45289141517053,40.954848622479446,1766.111446219369 -119.45290400026904,40.95486931004738,1678.136937309818 -119.45292197275064,40.954899372390145,1549.4563532531115 -119.45292948257185,40.95491211571261,1494.5490739748225 -119.45293859842447,40.9549277358787,1426.9261231889088 -119.45295261501741,40.95495207838724,1320.760701100603 -119.45296044126627,40.954965844889074,1260.2653533348205 -119.45296569475458,40.95497511660118,1219.3424099799909 -119.45296931370461,40.954981518108944,1191.0000000004911</coordinates>
                </LineString>
            </Placemark>
            <Placemark id="271">
                <name>Run 27</name>
                <description>States exported: 300 of 6,774
Launch inclination: 86.317 deg</description>
                <styleUrl>#272</styleUrl>
                <LineString id="270">
                    <tessellate>1</tessellate>
                    <altitudeMode>absolute</altitudeMode>
                    <coordinates>-119.10695,40.870683,1191.0 -119.10695000002045,40.87068300000025,1191.0000267563896 -119.10695165356199,40.870683020239994,1193.1629740236338 -119.106982380611,40.870683398025015,1233.1391756160567 -119.10702067933215,40.87068420954966,1279.6254106621095 -119.10706289680218,40.8706853804696,1327.7838277729356 -119.10710920258822,40.870686762722855,1379.2085708732602 -119.10717094887964,40.87068867355589,1446.411226120358 -119.10722383877294,40.87069034034051,1503.1608638512444 -119.10725637662988,40.87069137179215,1537.8092603501996 -119.10733841221725,40.87069396804584,1624.4643986002359 -119.10745148404737,40.870697467354994,1742.6786510331315 -119.10751664559662,40.87069942886906,1810.3471885763397 -119.10763468574964,40.87070286594311,1932.2679413021147 -119.1077526816595,40.870706135293936,2053.4421357722695 -119.10785963133428,40.8707089465099,2162.768063652817 -119.10797872761334,40.870711918640346,2284.0261537027554 -119.10807766991839,40.87071428356194,2384.4459208367307 -119.1082540869555,40.87071826303464,2562.8175378623496 -119.1083099589567,40.870719472972674,2619.1545942309335 -119.1084724647489,40.870723030423385,2782.885981766342 -119.10856940650281,40.87072518262127,2880.470906279017 -119.10870681866115,40.87072827657277,3018.692818459061 -119.10885317129059,40.870731632281334,3165.788782135353 -119.10895584815046,40.87073402591476,3268.914857666837 -119.10911823797963,40.87073788363426,3431.9058246691907 -119.10920930031013,40.87074008755547,3523.2464498190798 -119.10939388995244,40.87074465168478,3708.278083692338 -119.10949785360633,40.87074728212645,3812.4195782337147 -119.10964419337716,40.8707510613096,3958.9262182611474 -119.10977472169559,40.87075451137657,4089.5228433563775 -119.10989473166461,40.87075774964192,4209.530810165807 -119.11008244253622,40.87076294611715,4397.118169013611 -119.1102055337139,40.87076644115262,4520.051223505712 -119.11041901739712,40.87077266888459,4733.1216606284925 -119.11050436716718,40.87077521866536,4818.2590177889415 -119.11069492110363,40.87078103898215,5008.248488780732 -119.11082853656458,40.8707852275902,5141.397909153976 -119.11099661317328,40.87079062907162,5308.813152720389 -119.11117213508267,40.87079643445317,5483.563766744337 -119.11130718140899,40.87080101975926,5617.967469871848 -119.11145629420804,40.87080620754345,5766.327926116506 -119.11156568546696,40.87081009883454,5875.142675425485 -119.11171167902233,40.87081541144245,6020.3373712731 -119.11188500996533,40.87082190270711,6192.68306846625 -119.11199836562064,40.87082626131297,6305.375593510593 -119.1121853495136,40.87083366028047,6491.2343354575305 -119.11236588324316,40.870841065185694,6670.649467338075 -119.11243498053793,40.87084396858573,6739.309063801082 -119.11258269617765,40.87085030719238,6886.070142892916 -119.11274142189913,40.870857320032236,7043.738194799413 -119.11281202865484,40.87086050740277,7113.86278977074 -119.11291311661707,40.8708651365767,7214.249406709183 -119.11306683094234,40.87087233107785,7366.868590605801 -119.1132464814574,40.8708809625703,7545.19865358836 -119.11329918515793,40.870883537991205,7597.50899761517 -119.1134059008311,40.87088881482527,7703.430728015736 -119.11355286221684,40.87089620827678,7849.301982718208 -119.11371379397997,40.87090447026791,8009.071993569413 -119.1137604450301,40.87090689726551,8055.3976234684615 -119.11390296987798,40.870914406037116,8196.95938653388 -119.11407539809976,40.87092367704836,8368.315289231643 -119.11423997289198,40.87093272348109,8531.983154471232 -119.11429152742883,40.87093560072432,8583.278136624176 -119.11440646382279,40.87094209887179,8697.67845543794 -119.11456943605941,40.870951518619826,8859.990959790504 -119.11476098368142,40.87096294158649,9050.893734820114 -119.11481554620892,40.87096627053134,9105.295574219477 -119.11494651781034,40.87097440321802,9235.916355656696 -119.11512740445883,40.870985986997184,9416.387897357663 -119.1153162996843,40.87099854550648,9604.911499960443 -119.11542103395313,40.87100572142939,9709.455379082037 -119.11560075643642,40.871018400703065,9888.857276978135 -119.11567129964155,40.8710233801838,9958.98765050551 -119.11580563655184,40.87103064907986,10087.273025724959 -119.11593383471741,40.8710349456123,10203.613826594155 -119.11606309058463,40.871037065956955,10315.962497091707 -119.11634744356847,40.871035476876145,10549.705191396482 -119.11667272557997,40.87102573806357,10801.00710718334 -119.1168231001513,40.87101906215772,10913.008801242848 -119.11705795759369,40.8710064541396,11083.908106725103 -119.11742858007305,40.87098242688812,11345.747775260448 -119.11775960920797,40.87095785391223,11573.546187565713 -119.11803267989438,40.87093619546037,11758.626962022016 -119.1185750365128,40.87089089053564,12121.303807699787 -119.11904094022495,40.870850446953874,12429.341665085385 -119.11974315040561,40.870787987607734,12889.783375137627 -119.12022578698553,40.87074449521957,13204.515034566963 -119.12062828568341,40.87070803741054,13466.270082074654 -119.12133651080107,40.870643999995856,13926.685697464613 -119.12173974092092,40.87060762627585,14188.826163445132 -119.12225546483647,40.87056122594304,14524.034906255269 -119.12312083873091,40.870483586731005,15086.2991388118 -119.12354281239483,40.870445822825374,15360.321283428808 -119.12432322859202,40.87037618435027,15866.696229369081 -119.12525204714412,40.870293621101936,16468.53246803978 -119.12561616246755,40.87026135374972,16704.166315235874 -119.12614982475004,40.870214108998475,17049.24476647434 -119.12672686406165,40.870163138850195,17421.903916710104 -119.12749907107155,40.870095047876475,17919.857674626826 -119.12862981400559,40.869995536852,18647.354800078003 -119.12914600024459,40.86995016689385,18978.770463102897 -119.12985776578967,40.86988768152635,19435.055888815317 -119.13102367820093,40.86978543889927,20180.620727134003 -119.13228398771379,40.869675086764026,20983.929266653377 -119.13293866332565,40.86961782811592,21400.133998249123 -119.13410500634484,40.86951591967668,22139.755484327165 -119.13486507620485,40.86944957718355,22620.450892298246 -119.13631011457673,40.86932355295094,23531.5109736207 -119.1374663014227,40.86922281576934,24257.761122421987 -119.13830052837577,40.86915019834959,24780.26389511844 -119.13995666597819,40.86900617693082,25813.797253363664 -119.1416856167516,40.86885605389274,26887.37845951416 -119.14237706396864,40.868796077814494,27315.189969993007 -119.14432417816978,40.868627425481066,28515.17398167099 -119.1455344976145,40.8685227496431,29257.55403091292 -119.14763932561895,40.86834096583327,30542.19454072172 -119.14950835658541,40.86817981044874,31676.111062303393 -119.15106682783598,40.86804561732636,32616.721626708473 -119.1540001502576,40.867793448629534,34375.061251645006 -119.15785678256456,40.86746270199392,36662.96052453847 -119.16238648748117,40.867075381929105,39315.59736840914 -119.1681281626725,40.866586157842114,42624.5761015969 -119.17558924181027,40.865953226211566,46835.851252868815 -119.18542285721962,40.86512378305711,52234.673698539846 -119.20033850234479,40.863875681215845,60098.818789667064 -119.22657695135652,40.86170826363403,73001.97490215093 -119.25395070518061,40.859483581348016,85231.09837183559 -119.28275066309854,40.85718116434376,96775.86584699582 -119.30167275683134,40.855688728144365,103638.91700638307 -119.30951759773275,40.855074542033904,106318.73514780983 -119.33862315514197,40.85281837053458,115424.65111267238 -119.36785961243915,40.85058640917354,123263.11105888702 -119.39592976417204,40.8484742368522,129574.76323203245 -119.42536699758143,40.8462899200213,134933.38375296924 -119.45487856985535,40.844130065247576,139024.51667574697 -119.48315894789648,40.84208705675493,141751.74449438092 -119.51276063077233,40.839975203342355,143362.99227099703 -119.54109217537945,40.83797816505196,143718.1488515573 -119.5694232385008,40.836003617677044,142913.62402835785 -119.5990233898301,40.83396335799995,140832.582298415 -119.62730131843779,40.832034778558075,137655.98659589127 -119.6568092964338,40.83004251644045,133095.0604402035 -119.6862418713425,40.828074713874926,127266.64762807252 -119.71430654323194,40.826215292893416,120505.63124429289 -119.74353607803418,40.82429514328487,112197.39073411367 -119.77263284078518,40.82239927067673,102621.7444283211 -119.80031977186532,40.820608689962555,92276.77016754463 -119.82909636053016,40.818760315066946,80223.53068041526 -119.8424726706177,40.81790539386368,74157.64786211567 -119.85447719888415,40.817141001534296,68448.16271692209 -119.86562179316596,40.8164320308551,62945.777261266056 -119.87426609918973,40.81588406194121,58517.65722255699 -119.88306578351643,40.81532651103213,53888.32992871709 -119.88971583595823,40.814905780253184,50300.09783712728 -119.89510289450206,40.814565652312325,47330.65073256953 -119.89945712927047,40.8142910791779,44891.05634471611 -119.9032126032546,40.81405413224178,42765.30098459648 -119.90630805917097,40.813858938917086,40994.315461215585 -119.9096339594341,40.813649609257496,39067.28952950608 -119.91208193434296,40.81349571943286,37634.273211677886 -119.91425216069368,40.81335903149771,36360.744130484134 -119.91651793962622,40.81321653671267,35019.15032983109 -119.91828658409511,40.813105582453325,33961.02204020183 -119.9204470462703,40.81296990858596,32664.432136750154 -119.92246441836261,40.81284325001875,31446.522267501543 -119.92411140399467,40.8127398435882,30447.900390885112 -119.92584367332378,40.81263121795951,29390.770002711437 -119.9272774305548,40.81254138793468,28511.40666646061 -119.92862068706548,40.8124573570697,27682.65567606923 -119.92927464397663,40.812416455583204,27278.353728762824 -119.93031266506854,40.81235153406905,26635.542314673163 -119.93151949403638,40.81227616291363,25884.176504117477 -119.93260698340636,40.81220828393015,25204.599290173126 -119.93373905989853,40.81213760806118,24495.446366403452 -119.93417130210737,40.81211057814024,24225.048258333158 -119.93469612500554,40.81207784966803,23894.482996342937 -119.93546663697727,40.81202974452792,23409.546657601964 -119.93643484700566,40.81196936906447,22797.403462830862 -119.93711144906761,40.81192722274888,22367.976117683826 -119.93763164194242,40.81189476306418,22038.472203758476 -119.93843150697022,40.81184495681286,21529.324470271917 -119.93883060368883,40.81182011800149,21274.702572070386 -119.93944264319519,40.81178202932,20884.096894443104 -119.94000497148058,40.811747085791616,20523.84971194583 -119.9407569212607,40.81170036268723,20041.670738633333 -119.94147089658853,40.81165603553281,19582.77303408481 -119.94213652867819,40.811614745845105,19153.95360112804 -119.9426394586666,40.811583579397016,18829.19830285011 -119.9430604664237,40.81155753298155,18556.734957982044 -119.94367840871827,40.811519336619554,18156.330940303462 -119.94432758853206,40.81147931156006,17734.62468189745 -119.94493441868828,40.81144202148092,17339.448522415627 -119.94530069354875,40.81141959024275,17100.417458497435 -119.94587130864694,40.811384775432266,16727.307183038294 -119.94612709942069,40.81136922134866,16559.78316289627 -119.94641474338997,40.811351767864046,16371.058093069449 -119.946814875856,40.81132757506612,16108.169439933987 -119.94712386633819,40.81130895477201,15904.784389857945 -119.94752705004532,40.81128474442732,15638.822744831188 -119.94803812337233,40.81125419698215,15300.790472930192 -119.94829372512326,40.8112389839777,15131.336620813163 -119.94876222481705,40.81121121004455,14819.920844427112 -119.94928114423752,40.8111806296314,14473.72990254033 -119.94973270310288,40.811154186460634,14171.305329396078 -119.94991231468985,40.81114372201561,14050.685058803374 -119.95038565307044,40.811116318846075,13731.892485057706 -119.95090456023175,40.81108661531708,13380.74133368465 -119.95118721115128,40.811070614655996,13188.674441648142 -119.95138922989685,40.811059263251714,13051.059460459508 -119.95171797498087,40.81104095603946,12826.466845299268 -119.95213775057213,40.811017902126224,12538.499656100097 -119.95245614327219,40.81100068144307,12319.165407437458 -119.95273546228054,40.81098576810266,12126.085166453937 -119.95314851877563,40.81096407843427,11839.391163401337 -119.95353130480022,40.81094438242257,11572.433612132292 -119.95364339071783,40.81093869293884,11494.0251419187 -119.95390741337688,40.81092544488942,11308.882438262846 -119.9542776832486,40.8109072389543,11048.157000911491 -119.95452324787975,40.81089542567273,10874.517655760348 -119.95466604359372,40.81088865067471,10773.269268239845 -119.95496768051606,40.810874577111804,10558.703961817524 -119.95531395907122,40.810858824098204,10311.171234694688 -119.9555271360135,40.81084934272182,10158.108534532019 -119.95588293243199,40.810833885704994,9901.435990891232 -119.95624972989833,40.81081843698068,9635.155538978333 -119.9563607078695,40.810813859218385,9554.239243408434 -119.9566462663359,40.81080228316851,9345.252803672676 -119.95700475824636,40.81078815728643,9081.224582892431 -119.95712896341769,40.8107833624687,8989.295797664712 -119.95736230464749,40.810774478209375,8815.934744030425 -119.95766584768722,40.81076313685818,8589.080632333895 -119.95776160111778,40.8107596031398,8517.19255382138 -119.95790767779273,40.81075426138479,8407.22290173474 -119.95812644160736,40.81074634910112,8241.822404186867 -119.95837801315494,40.810737390838476,8050.545849258571 -119.95844363975677,40.810735079493526,8000.45640869437 -119.95861394197476,40.81072914451269,7870.104962711564 -119.95883434624369,40.81072159489175,7700.598990494002 -119.95902203441686,40.810715300284784,7555.532974800585 -119.95911215650573,40.81071232805691,7485.634825210059 -119.95932614607092,40.81070541403483,7319.021278598177 -119.95954447027215,40.81069859769494,7148.073445233025 -119.95962935889499,40.81069602047778,7081.335665016946 -119.95979514827793,40.810691108745,6950.535316771903 -119.95999861180515,40.81068532350636,6789.1557942088175 -119.96015000091776,40.81068120350253,6668.437699034193 -119.96025741677919,40.81067837620707,6582.439288476604 -119.96042730011185,40.81067407669266,6445.821772696373 -119.96063614002355,40.81066908124753,6276.81364160597 -119.96075878505519,40.81066629826541,6176.99178956281 -119.96097121324713,40.81066174859808,6003.0521613646315 -119.9611457008613,40.81065827269367,5859.147469882691 -119.96123307386911,40.810656624396884,5786.725827552324 -119.96142254699436,40.810653267488824,5628.811329908061 -119.96160915101983,40.81065026689456,5472.088621012176 -119.96171632495587,40.81064868608672,5381.5166820014465 -119.96186591547753,40.8106466604543,5254.389538216989 -119.96203606617946,40.810644619976266,5108.74686273632 -119.96213253370048,40.810643592562975,5025.662647796408 -119.96228784445795,40.810642142994034,4891.090323541474 -119.96244734803476,40.810640929420764,4751.805828171801 -119.9625646251704,40.81064022642348,4648.665272609924 -119.96275253515613,40.81063945932736,4482.04911060045 -119.96287367222567,40.810639216331744,4373.710454397189 -119.96303378134091,40.81063921635433,4229.35092720811 -119.9631949282812,40.81063960666323,4082.6600992755707 -119.96326796874881,40.810639916914795,4015.693539163295 -119.96340793563257,40.810640752426615,3886.5011842446934 -119.96354006560193,40.81064183672933,3763.4619576035357 -119.96364237706209,40.81064287649038,3667.4401469516442 -119.96379356369995,40.81064473664117,3524.299551959907 -119.9638854075187,40.810646056383774,3436.588549450753 -119.96398077550185,40.81064758045711,3344.886179168027 -119.9641157043345,40.81065000685593,3214.01535366641 -119.9641913047104,40.810651506196166,3140.0915393282426 -119.964280855478,40.81065341100853,3051.964681446561 -119.96440813401577,40.810656357180974,2925.642042467432 -119.96448748230638,40.810658333378086,2846.249402468964 -119.96457800192077,40.8106607176775,2755.0812402052206 -119.96468632677824,40.81066375016205,2645.1465951092264 -119.96475072945509,40.810665644401325,2579.3612426778086 -119.96479885476387,40.810667103862635,2529.9899009906294 -119.96486882009968,40.81066929193349,2457.891435620871 -119.96495827345778,40.810672201811514,2365.139363007698 -119.96502112333037,40.81067432006319,2299.579367601007 -119.96510311539018,40.81067717074454,2213.548600155536 -119.9652095380507,40.81068101009826,2101.00643716709 -119.96528653234598,40.810683878149916,2018.9431663439682 -119.96537638889046,40.81068730928586,1922.4552219306013 -119.96548563966914,40.810691582676995,1804.0502962068504 -119.96555769470714,40.81069444818473,1725.265463058548 -119.96566280222335,40.81069867249289,1609.2947273957877 -119.96574984035031,40.81070218967771,1512.2672256123035 -119.96578851013096,40.81070375427314,1468.8553157040296 -119.9658482204223,40.81070616823432,1401.4418780801468 -119.96594334110053,40.81071000411741,1293.056209981203 -119.96597203247373,40.81071115757376,1260.1149009502703 -119.96600809773817,40.81071260741022,1218.5692404195383 -119.96603194995623,40.810713565477876,1191.0000000005057</coordinates>
                </LineString>
            </Placemark>
            <Placemark id="281">
                <name>Run 28</name>
                <description>States exported: 300 of 6,769
Launch inclination: 88.865 deg</description>
                <styleUrl>#282</styleUrl>
                <LineString id="280">
                    <tessellate>1</tessellate>
                    <altitudeMode>absolute</altitudeMode>
                    <coordinates>-119.10695,40.870683,1191.0 -119.10694999999386,40.87068300000118,1191.0000269150216 -119.1069497529923,40.87068304749372,1192.0824425309836 -119.10694195437799,40.87068454050522,1226.0807526486328 -119.10693239105818,40.87068695175892,1273.405389806922 -119.10692154257362,40.870691232612465,1344.4064259226084 -119.10691078343199,40.87069652222656,1427.119431622909 -119.10690691546887,40.87069862321972,1459.2929487700046 -119.10690044041708,40.870702319273114,1515.456413776627 -119.1068951492542,40.870705504104784,1563.4579652930495 -119.10688483989733,40.870712023873416,1661.603979704441 -119.1068735934886,40.870719491034194,1774.7230137596405 -119.10686702592669,40.870723965862545,1843.1066340471034 -119.10685389448838,40.8707330826598,1984.3465793507692 -119.10684881013186,40.87073665680847,2040.5462933861254 -119.10683878197047,40.870743751076674,2153.6916761485836 -119.10682628312253,40.8707526612829,2298.7961274665145 -119.10681790088402,40.87075866458782,2398.2167837281286 -119.10680295655973,40.87076942321287,2580.013438789587 -119.1067980355893,40.87077297642426,2640.744184002423 -119.10678501776196,40.87078237467969,2800.5785723997064 -119.10677750719289,40.870787794298764,2892.1983444017947 -119.10676516838068,40.870796687144036,3041.5864144899792 -119.10675536840654,40.87080373608579,3159.12577071061 -119.1067482046758,40.870808880786534,3244.4125280570884 -119.10673636390942,40.87081736527628,3384.1049055560657 -119.10672734216392,40.87082381332989,3489.4470716333362 -119.10671404563612,40.8708332921001,3642.966484993955 -119.10670179901553,40.87084199505242,3782.4817151416237 -119.10668869341603,40.870851278307995,3929.7597923208805 -119.10667407611734,40.870861595075105,4091.5345156181543 -119.10666425510684,40.87086850180628,4198.741713838044 -119.10664547022016,40.870881653771164,4400.459736141747 -119.10662957883302,40.870892712559666,4567.683337447597 -119.10661089714878,40.870905626886184,4760.276879967522 -119.10659765560901,40.87091472048742,4894.173726017824 -119.10658050182768,40.87092642300773,5064.427336769926 -119.10656910254498,40.870934150139696,5175.573688601898 -119.1065492344064,40.87094752289182,5365.5250556335595 -119.10653335661141,40.87095812214742,5513.916007578848 -119.10651782303496,40.87096841417225,5656.189589620381 -119.10649516063904,40.87098329072798,5858.690785753233 -119.10648650358695,40.870988931406295,5934.491824891301 -119.1064662838534,40.871002016055066,6108.265427698868 -119.1064479263776,40.871013790868794,6262.166021159258 -119.10643493014598,40.87102207190894,6368.9755007250815 -119.10641044980953,40.87103755328029,6565.494752966357 -119.10639545455268,40.87104696807629,6682.972901184713 -119.10637729204318,40.87105830290664,6822.4651588915685 -119.10635465415515,40.87107233217353,6992.216023467798 -119.1063392432806,40.871081821296684,7105.290262022206 -119.10632743953407,40.87108905056985,7190.572150730567 -119.10630768907257,40.87110107473228,7330.793554435407 -119.10628299850485,40.871115965880534,7501.872363732087 -119.10627188830797,40.8711226126218,7577.3766843425865 -119.10625704407722,40.871131430804084,7676.770177227917 -119.10623364445246,40.87114518898883,7830.189556870703 -119.10620389545844,40.87116240310039,8019.472626139752 -119.10619258447227,40.871168863460746,8089.765726871514 -119.10617083232053,40.87118115860889,8222.451961351822 -119.10614076113626,40.87119787388535,8400.580420207416 -119.10611760402969,40.8712105256165,8533.703662624272 -119.10610714433194,40.87121618540777,8592.74073823942 -119.1060875598118,40.871226696213085,8701.50807574224 -119.10606031966296,40.871241146377535,8849.139835983897 -119.10602514828517,40.871259566038795,9033.916562975008 -119.1060130736338,40.87126583907982,9095.930624866676 -119.10598943965009,40.87127804625927,9215.32457366026 -119.10595287298966,40.87129678708705,9395.162323548107 -119.10591401118621,40.871316541497855,9580.248909525237 -119.10589385670102,40.87132673381568,9673.95697047125 -119.10586396840301,40.87134178992626,9810.235853533577 -119.10583149573215,40.8713580830175,9954.859330885592 -119.10580729457371,40.87137053378212,10073.254496557856 -119.10578795796292,40.87138130875053,10199.126171660935 -119.10577719461025,40.87138804199032,10298.615780189903 -119.10576632301411,40.87139782848941,10526.971461020914 -119.1057766433645,40.871400022562455,10824.953565368756 -119.10578362484718,40.87139877259657,10908.077579286593 -119.10580235896488,40.87139407890536,11076.356528768065 -119.10584139022298,40.871382170998906,11334.346312957712 -119.10588759889445,40.87136674765805,11577.902269792987 -119.10592919006451,40.87135239852894,11772.539495540419 -119.10600627652765,40.87132532083138,12103.699103419842 -119.10607513167493,40.87130089455533,12381.227862166897 -119.10616922989396,40.87126735467078,12744.855877198082 -119.10628865579889,40.87122475573234,13191.525504172201 -119.10633382895207,40.87120865415326,13357.829933188088 -119.10643771427824,40.87117162840901,13738.735857401407 -119.10655522091307,40.87112969938269,14171.840467822727 -119.10661458042766,40.87110851705946,14391.460945948544 -119.10676156412114,40.871056077899915,14937.141325456181 -119.10686330195345,40.87101978658407,15316.143845720648 -119.10696987019615,40.870981846281836,15713.652098502329 -119.10713704976685,40.87092249224374,16337.729672774873 -119.10724559554994,40.870884123521776,16742.601991797776 -119.10734298888634,40.87084974142474,17105.768230884205 -119.10748971614065,40.870798134607526,17651.851562019598 -119.10767761935327,40.8707322893716,18349.17135903937 -119.1078205479963,40.8706823446378,18877.824279028282 -119.10791542496558,40.87064927394571,19227.8373176364 -119.10811386024096,40.870580257805116,19957.442002147338 -119.10832160280897,40.87050824680123,20717.46873446691 -119.10845477997619,40.87046221634848,21202.601392333087 -119.10865550507981,40.870393016580955,21930.78457769229 -119.10880467763458,40.87034172774863,22469.54290381437 -119.10900923731647,40.8702715676898,23204.98691697704 -119.10928230905206,40.870178203227546,24180.721256162 -119.10941644972407,40.87013246526671,24657.46424193056 -119.10971430546397,40.870031229328546,25709.94117321144 -119.11002905342777,40.869924734594925,26812.91762106591 -119.11013243376729,40.869889858671506,27173.17030668673 -119.1104184732142,40.86979365197772,28164.824810819337 -119.11065882330557,40.869713124765795,28992.33709159001 -119.11100042685196,40.86959911917611,30159.529715345976 -119.11140342135404,40.86946526158536,31523.42303250797 -119.11164927647313,40.86938391521188,32348.67378338079 -119.11221879534558,40.869196376747794,34240.94090006106 -119.11289685338593,40.86897462000598,36459.19526970943 -119.11370804622754,40.8687113962667,39064.96418282843 -119.114762910766,40.86837233326338,42377.73765638759 -119.11603935304042,40.86796664654866,46276.037902926815 -119.11789045131391,40.86738668607485,51724.54219167015 -119.12076271561338,40.86650486566933,59727.746084806 -119.12544284640674,40.86510979237474,71693.53539135029 -119.13125371200191,40.863439359352014,84896.29932012944 -119.1328129620275,40.86300130486658,88155.10991652294 -119.13665293324424,40.86193882842856,95706.28006678873 -119.14281188884054,40.86027791777612,106504.01531798742 -119.14884888055646,40.85869406595904,115648.577080885 -119.15529434681419,40.857043401394705,123971.27844921677 -119.16185806797938,40.855398136426885,131028.94431761694 -119.16822948371514,40.853829540537596,136596.01568621318 -119.1749694296903,40.8521950861442,141178.58071239982 -119.18177125578168,40.85056625221381,144496.08198917823 -119.188317671759,40.849013536583215,146485.58360451294 -119.19518542178035,40.84739581024533,147327.94587364944 -119.20175998188995,40.84585375639589,146949.91844481145 -119.20832288668318,40.84431691801255,145414.43198353905 -119.21515354096363,40.84271578249707,142571.5805053656 -119.22164064463661,40.84118954875448,138668.5724237361 -119.22835554707115,40.83959942184487,133350.59494113334 -119.2349830841908,40.838014837486995,126767.56451385861 -119.24122308778489,40.83650427429222,119287.01764793307 -119.24762420091278,40.83493038939719,110228.91980572203 -119.25387980363014,40.833362294600605,99905.84017769023 -119.25970262942361,40.83186979750159,88848.36006968247 -119.26520107903518,40.83042442007605,76986.64507378962 -119.26743688085503,40.82982533903541,71700.88475426444 -119.26946236835155,40.82927620250561,66653.1679647965 -119.2712847218371,40.82877546360443,61998.93234100476 -119.27267623258453,40.82838996047597,58226.553336886995 -119.27411259966784,40.82798756631905,54295.55761457293 -119.2752394297031,40.82766939104833,51075.20198245936 -119.27631181698463,40.82736422092224,47922.81413378203 -119.27702144082397,40.82716075615588,45839.35460098907 -119.2777977238113,40.826937090599735,43487.41337074474 -119.27842899619668,40.82675432004393,41514.879004210394 -119.27895575603027,40.82660104172338,39875.13657858965 -119.27936217839753,40.826482326301026,38608.857851898916 -119.27956049348391,40.82642430032008,37971.61008963779 -119.28003542638986,40.82628492214444,36457.19056261161 -119.28046238563687,40.82615921991747,35060.38497151882 -119.2809066116411,40.82602797949405,33598.55903543477 -119.28123153467094,40.825931702525736,32516.910597911647 -119.28153590707254,40.82584128309456,31519.033551435583 -119.28182784196346,40.825754390813046,30544.940032291794 -119.28205798045451,40.825685775557616,29751.416150371762 -119.28232230721203,40.82560684913154,28851.63501698484 -119.28243517893945,40.82557311406047,28477.719157728 -119.28263995740838,40.825511855129676,27766.149034227252 -119.28277287230765,40.82547207158858,27324.127867853065 -119.28291811438561,40.825428567751274,26809.43000900716 -119.28306415907994,40.82538478580627,26316.988401282837 -119.28319048128824,40.82534689593484,25866.95795025038 -119.28331082325026,40.82531077018659,25458.73437406924 -119.2834567865559,40.82526692028693,24941.711750500264 -119.28364550537191,40.825210139586574,24277.68687369847 -119.28373480319671,40.82518324972054,23971.683913730318 -119.28386501713204,40.82514400690225,23505.18415780009 -119.28404035631077,40.8250910991477,22884.340691452046 -119.28418950215358,40.825046047687636,22356.919582155446 -119.28433387905746,40.82500239481167,21843.866806396632 -119.28448031484,40.82495809108082,21318.60365085511 -119.28460599733566,40.82492004670818,20864.15795974167 -119.28473722712383,40.82488029960513,20389.81872383699 -119.28487105117767,40.824839746434456,19905.501010532003 -119.2849826377651,40.82480591550947,19501.31690665087 -119.28510742452873,40.82476806393629,19046.466734882786 -119.28517870359029,40.824746434119405,18784.491332268793 -119.28526095813056,40.82472148478346,18483.211043001156 -119.2853698182527,40.82468846519231,18082.935822867155 -119.28548283232968,40.824654212901606,17665.221574338284 -119.28558332631718,40.82462379848619,17292.044309931396 -119.28568715943818,40.82459244027937,16904.55016418944 -119.28574843524892,40.82457397714023,16674.566001503972 -119.28579913646274,40.82455870647217,16484.290790172363 -119.2858887875463,40.82453174436476,16145.470891502264 -119.28597873528803,40.824504721470014,15803.111924487363 -119.2860718164463,40.82447675985361,15445.755085104902 -119.2861205482169,40.82446210753946,15257.1161222649 -119.28618561263218,40.82444254177256,15003.666818190735 -119.28626909882351,40.82441738971067,14674.89096129385 -119.28635154152019,40.824392487492354,14345.866923879936 -119.28639645667779,40.82437888649068,14164.508725529735 -119.28643302319728,40.82436780508601,14015.73404349369 -119.28649174756893,40.824349984982916,13774.345822749905 -119.28656983047392,40.82432626385687,13448.1705405326 -119.28662993114975,40.82430800227307,13192.517521536767 -119.28665418971414,40.82430063642174,13088.111315833863 -119.28670290448213,40.82428585156119,12876.295954913105 -119.28676718625763,40.824266386691626,12591.896883282983 -119.28682485100997,40.824248988799134,12331.737860422461 -119.28685648327665,40.82423947455615,12186.892328300497 -119.28690765130564,40.82422414512532,11949.130017751597 -119.28696961074013,40.82420569730572,11655.194780419724 -119.28699286036918,40.82419881390555,11543.090463863735 -119.28702298732784,40.824189930181205,11396.189559368138 -119.28707344887125,40.82417515549729,11145.879971771632 -119.28712645272944,40.82415980629736,10876.585829418154 -119.2871424140813,40.82415521952079,10794.082580308142 -119.2871777641299,40.82414511787529,10608.819206944447 -119.28722570060944,40.82413154933138,10351.47075940144 -119.28725386312205,40.82412364516317,10196.627588688414 -119.28729433145952,40.8241123690347,9968.79467156149 -119.28734112076397,40.82409944297556,9696.467052836431 -119.28736137309971,40.824093881483414,9575.233115233377 -119.28739786173843,40.82408389858368,9351.018475114694 -119.28743897299745,40.82407268855398,9088.19565371362 -119.28745356719797,40.82406870832259,8991.93187179 -119.28748096752923,40.824061208956785,8806.432907455328 -119.28751420715147,40.82405201949524,8571.894392576134 -119.2875234567921,40.82404943371864,8504.526371437472 -119.28754002874344,40.824044778818944,8381.391656171312 -119.28755991763775,40.82403912416664,8228.988128476154 -119.28758387179512,40.824032213311504,8038.019786946265 -119.28759275031082,40.8240296260006,7964.996376193319 -119.28760994492276,40.82402457909657,7819.8107669141045 -119.28763065623684,40.82401844670951,7637.767672652474 -119.28764096787054,40.82401537703879,7543.942102691548 -119.28765405346742,40.82401147468791,7421.392751957657 -119.2876712361765,40.8240063529037,7254.007846426198 -119.28768598247551,40.82400197981645,7103.553917582311 -119.28769170104938,40.82400029245489,7043.262841159487 -119.287704553358,40.823996522723235,6903.215898396418 -119.28771929314343,40.82399225362183,6733.54447237631 -119.28772552488437,40.823990471969616,6658.36054927024 -119.28773306736761,40.82398833061305,6564.161458830453 -119.28774510064122,40.82398496408345,6405.310064286993 -119.28775580836766,40.82398202016524,6253.020859434436 -119.28776226364688,40.823980272309555,6154.988461587728 -119.28777378683996,40.82397721066132,5964.748422067514 -119.28777973761021,40.82397566493421,5856.575952226572 -119.28778417821037,40.823974533278175,5770.077025092177 -119.28779163286552,40.823972686876424,5610.132228514362 -119.28779724538235,40.823971363764976,5472.701489745455 -119.28780070289862,40.823970591155856,5377.360363449587 -119.28780532042676,40.82396963880284,5230.53762561124 -119.28780859147979,40.82396905324762,5104.54675460868 -119.28781118070617,40.823968690500585,4980.506755110644 -119.28781361200764,40.82396854409768,4818.138793039525 -119.2878145590665,40.823968643593474,4718.624262965987 -119.28781518786347,40.82396906676725,4571.771797735253 -119.28781479887971,40.82396993474577,4409.725463340984 -119.28781426681454,40.82397045253894,4338.883851345401 -119.28781210740176,40.823972039919205,4169.739382286896 -119.28781024873562,40.82397321350808,4069.9832462487366 -119.28780801949426,40.82397452821254,3972.709803329437 -119.2878046390243,40.82397641886673,3850.5684642612405 -119.28780165962134,40.82397802235072,3758.372000901964 -119.28779686149035,40.82398052366532,3629.0229355435577 -119.28778928781087,40.8239843361505,3455.315807416846 -119.2877853828323,40.82398625568915,3375.6153336405505 -119.28777928182582,40.82398920774679,3260.7105777835986 -119.28777315659333,40.82399212655323,3154.5457623468583 -119.2877700986145,40.823993571012416,3104.27126216699 -119.28776367655455,40.823996582655155,3003.542010160559 -119.28775842065423,40.82399903088133,2925.163712714298 -119.28775317783385,40.82400146278346,2849.954678204338 -119.2877470775299,40.824004288291974,2765.493872590918 -119.2877402806447,40.824007438629124,2674.5402276450427 -119.28773298928611,40.82401083216373,2579.8753986242787 -119.28772856122248,40.824012900030304,2523.674513722206 -119.2877209946066,40.824016450660984,2429.496858318147 -119.28771207990756,40.82402065659035,2321.256507434094 -119.28770799175074,40.824022591653936,2272.5088233060537 -119.28770035499703,40.8240262134494,2182.787082246936 -119.2876884344328,40.824031873473906,2045.8732700212386 -119.28768244160761,40.824034713683325,1978.3499317656713 -119.2876729346789,40.824039198467915,1872.868188132959 -119.28766325119992,40.82404372073213,1767.3760457115018 -119.28765711814057,40.82404655225053,1701.513761968366 -119.28764872530054,40.824050375168184,1612.5100560379813 -119.28763926432632,40.82405459945805,1513.6461808162476 -119.28763568039408,40.82405617398248,1476.5854306654066 -119.28762881186799,40.824059150024254,1406.1285564365728 -119.28761855795032,40.824063490177984,1302.2414147643824 -119.28761436985526,40.82406522726601,1260.2256377906283 -119.28761033521886,40.82406689526727,1219.7162713536081 -119.2876074746105,40.82406807293157,1190.9999999997362</coordinates>
                </LineString>
            </Placemark>
            <Placemark id="291">
                <name>Run 29</name>
                <description>States exported: 300 of 6,716
Launch inclination: 89.963 deg</description>
                <styleUrl>#292</styleUrl>
                <LineString id="290">
                    <tessellate>1</tessellate>
                    <altitudeMode>absolute</altitudeMode>
                    <coordinates>-119.10695,40.870683,1191.0 -119.10694999999983,40.87068300000008,1191.0000269352681 -119.10694999612463,40.87068300177827,1191.591960613008 -119.10694973343685,40.870683141239816,1235.7715437653458 -119.10695116970969,40.87068360397186,1277.7238400999418 -119.10695781746905,40.87068510709151,1359.4372004576942 -119.10696626549199,40.87068682419374,1439.6179983476343 -119.10696981729662,40.87068751521394,1470.4475880135067 -119.1069758253897,40.87068865376303,1520.621062096421 -119.10698542494502,40.87069041047127,1596.7048547549846 -119.1069998374879,40.870692887514295,1705.0244562204398 -119.10701172956637,40.87069480339313,1791.0572899878227 -119.10702544315126,40.87069688532093,1887.749038884251 -119.10704753115509,40.87069996219605,2039.240930828952 -119.10706063625338,40.8707016327681,2127.1836606549855 -119.10708509751237,40.870704475973604,2288.2180588281935 -119.10710027280363,40.87070609745541,2386.5842627478623 -119.10712788359234,40.87070878421943,2562.796881928743 -119.107133017826,40.87070924924715,2595.202737281813 -119.107153509343,40.87071112450451,2724.6000443845005 -119.10717743050797,40.87071336564592,2875.8640274245754 -119.10719946150017,40.87071548666653,3015.4796856694584 -119.10722174756742,40.87071769489138,3157.119470378623 -119.10723323533863,40.87071885947669,3230.3056904287755 -119.1072582439914,40.870721461958844,3390.114967372808 -119.10727511061637,40.870723273071704,3498.3100125840233 -119.10730142036785,40.87072619609799,3667.8012601487962 -119.10732155254999,40.87072851962975,3798.1484586241995 -119.10734513031133,40.87073134322719,3951.588517828259 -119.10736627793928,40.87073397659431,4089.9920807100225 -119.10738304730539,40.87073613458137,4200.306303871047 -119.10740495764182,40.87073905244591,4345.24831641753 -119.1074265632411,40.87074204222295,4489.138029106504 -119.10745523747111,40.87074618988098,4681.710384112482 -119.10747037333437,40.87074846536271,4784.1580165279265 -119.10749606986761,40.8707524747973,4959.479096742774 -119.1075195103918,40.87075630151417,5121.0651461927655 -119.10754069251333,40.87075991032104,5268.579339577685 -119.10757100068315,40.87076534614394,5482.390838914289 -119.10758737754925,40.8707684276125,5599.407384800619 -119.10760830568172,40.87077252625332,5750.620686906369 -119.10762420171393,40.87077576772383,5866.839303443204 -119.10764261210292,40.87077967297951,6003.028296519576 -119.10766791541845,40.87078532811819,6193.252490432183 -119.10768237455275,40.8707887236199,6303.674497133576 -119.10770454705602,40.870794188067194,6475.6453870696205 -119.10772928280848,40.8708006926709,6671.64211439389 -119.10773776463257,40.87080302960713,6739.928907145357 -119.10775381852002,40.870807613290616,6870.7953753448055 -119.10777406402767,40.87081370944882,7039.031694868855 -119.1077836721267,40.87081673385142,7120.208514623324 -119.10779701240854,40.87082107426522,7234.465013737192 -119.10781447697958,40.87082702251828,7386.934896556573 -119.1078334104076,40.87083382683893,7556.31782874531 -119.10783969338539,40.87083617203429,7613.590107090536 -119.10785332956611,40.87084142480813,7739.924779744413 -119.10786997049755,40.87084815839739,7898.348073958499 -119.1078842761913,40.87085426481459,8038.909474423098 -119.10789530547383,40.87085920191416,8150.460368759763 -119.10791171659733,40.87086697032119,8322.525915104263 -119.1079279354874,40.87087523714658,8501.101462983761 -119.10793205062228,40.87087744332524,8547.984081395996 -119.10794269285414,40.870883391745274,8672.51952070992 -119.10795582611735,40.87089128180276,8833.762748085845 -119.1079695311319,40.87090031594808,9012.509918937938 -119.10797611192092,40.87090500808806,9102.806527799941 -119.10798524251356,40.87091196902012,9233.739084171526 -119.1079961785844,40.8709211410834,9400.737932924436 -119.10800741727485,40.870931766842276,9586.732301831602 -119.10801344163146,40.87093809692623,9693.904638996948 -119.10802306754165,40.87094939694708,9878.99500340822 -119.10802768302507,40.870955387807136,9974.289457561004 -119.10804668370994,40.87096444972289,10174.113921898293 -119.10806696050817,40.8709668528955,10298.956941819328 -119.10812125466938,40.87096490182472,10534.757810153029 -119.1082084150132,40.87095281583642,10814.179242383509 -119.10824548512598,40.87094607632712,10916.596341464858 -119.10831632608297,40.8709316110057,11096.878341342865 -119.10844113433565,40.87090304438851,11382.965995130951 -119.10853292028695,40.87088052078525,11577.143701478131 -119.10860456217647,40.87086243706899,11722.91172565352 -119.10878193057928,40.87081656574849,12070.410935659538 -119.10894686577225,40.87077310482816,12382.759082006374 -119.10916139387466,40.87071596911444,12779.864905013275 -119.10938886960687,40.870655054766054,13194.182818651003 -119.10951068870732,40.870622370612416,13414.234726962783 -119.1097356313038,40.870562009021285,13820.005963702395 -119.10992086994915,40.87051231130328,14154.762109095978 -119.10998620432918,40.87049478753537,14272.97423252996 -119.1102007395781,40.87043731004767,14661.36873437513 -119.11052782030882,40.870349749592094,15254.260540714946 -119.1106579353902,40.87031496554452,15490.20681801468 -119.1109567501007,40.870235217041994,16031.977256793067 -119.11131510266279,40.87013987892812,16681.008827511512 -119.11142838430703,40.87010980017942,16885.967290175824 -119.1116429485431,40.870052891474536,17273.85144659489 -119.11195072173415,40.86997142990826,17829.27602071783 -119.11232469932186,40.86987265723168,18502.475381081502 -119.11255401219738,40.869812172677136,18914.27140371693 -119.11282668152495,40.869740362974795,19402.90472601373 -119.11322275303067,40.869636201781304,20110.568765790325 -119.11367817689792,40.869516662044646,20921.123035789285 -119.11390063675171,40.86945835944398,21315.832293914464 -119.11437472038193,40.86933428558116,22154.24439901453 -119.11464693402685,40.86926315452712,22633.946932522624 -119.11514707807936,40.8691326326446,23512.08429599497 -119.11557046925581,40.86902230795149,24252.157705083668 -119.11584904061377,40.86894981754568,24737.40759845783 -119.1163164708527,40.86882834012398,25548.642544910337 -119.11691204706369,40.86867388496909,26576.761913884387 -119.1172952417947,40.868574697708425,27235.004731794725 -119.1178780534565,40.86842412910502,28231.33383381592 -119.11829623096929,40.868316307420024,28942.66306858078 -119.11886185657158,40.868170716117454,29900.072991168567 -119.11969004107506,40.86795806484805,31292.272629643536 -119.12017440991941,40.86783395563027,32101.234151081873 -119.12126224788582,40.86755591349994,33904.08653985431 -119.1225466038412,40.86722880614693,36007.90981898158 -119.12415281967192,40.86682141766898,38601.794924524365 -119.12606134150796,40.866339720383436,41631.05339548497 -119.12846092163801,40.865737601592464,45359.81126547921 -119.1318854605645,40.864884758839196,50530.57440383319 -119.13665923808078,40.86370794144071,57451.74207123879 -119.14540191633571,40.86158644651757,69299.88886968174 -119.15584846051797,40.859103169562125,82135.80002636049 -119.16345551250006,40.85732663008838,90631.52555696358 -119.17397241101217,40.85490989387475,101261.12169627448 -119.18536439175725,40.852337970197986,111388.01559945976 -119.19639865881611,40.84988677371284,119890.38373822086 -119.20805993397447,40.84733357749769,127541.15617406272 -119.21931685615874,40.84490048811931,133675.0370865134 -119.23117438676692,40.84236639581774,138849.6417539975 -119.24258409669154,40.83995171798869,142614.99664775032 -119.2540430724677,40.83754611802164,145222.3956340778 -119.26605746012982,40.83504091387035,146710.2045611825 -119.27704201948221,40.83276226831437,146963.31088013764 -119.28907132410912,40.83027615964104,146029.92454573113 -119.3005591632044,40.827907477880046,143952.8405778803 -119.31253148986255,40.8254408651573,140543.23616671254 -119.32392989079135,40.82309077388273,136097.60331505834 -119.3357721798707,40.820643507581,130211.80052395213 -119.3470112349069,40.81831181285415,123397.64538011489 -119.35865029091772,40.81588365888795,115035.68198357635 -119.36965942982923,40.813570218665475,105853.06150807413 -119.38052781487393,40.81126628084334,95512.65505284614 -119.39171414000529,40.80886950239162,83465.60255186849 -119.39870448369,40.807356047331,75178.96172434565 -119.40329801825779,40.80635486220956,69368.41882828173 -119.40634788960779,40.80568627813382,65370.76537499565 -119.41057016369095,40.80475555950397,59641.14633431954 -119.4131489873648,40.80418410155344,56024.72813510356 -119.41485248550835,40.80380554030157,53574.387209519926 -119.41678322621523,40.80337497735539,50760.04550900514 -119.41832242919457,40.80303108770352,48458.23240690096 -119.419844916865,40.802689537563566,46178.49380725814 -119.42092442950289,40.8024473098849,44511.347664795336 -119.4221673128136,40.802167397882904,42600.478032924366 -119.42333266828,40.801904458662015,40784.14339575805 -119.42441443949582,40.80166015156416,39062.756673836484 -119.42535136526607,40.80144809144081,37563.848164883726 -119.42633932313322,40.80122398767798,35977.552908116675 -119.42701668917825,40.80107010470187,34882.28216100082 -119.42788036372676,40.800873783618776,33464.7439185551 -119.42851420231112,40.80072959187811,32411.707641112087 -119.42918782437974,40.800576056673236,31295.769748441595 -119.42974375175119,40.80044917421272,30374.85625803019 -119.43032756108545,40.800315918788414,29395.161227058292 -119.43068779984624,40.800233759413025,28778.876062755593 -119.43098235976535,40.80016637918282,28288.653740185622 -119.43125474507433,40.800104234292995,27818.841036655678 -119.43149496439885,40.8000492754623,27416.297226215083 -119.43188501038804,40.79996019249706,26745.593510619852 -119.4322333090477,40.79988051669715,26152.27029969906 -119.43263113556043,40.79978950511924,25471.072155283448 -119.43301720626,40.79970117699694,24804.14919500703 -119.43338391333957,40.79961723348491,24166.92429988702 -119.43368415805446,40.79954846510358,23644.75351531749 -119.43401997031972,40.79947147534786,23061.31325434984 -119.43419259634736,40.79943190937417,22758.587474805972 -119.43449143984239,40.799363382017255,22234.75796433947 -119.4347645678092,40.799300707209646,21756.531358754113 -119.43506277007369,40.799232284201466,21231.69256535393 -119.43523646891896,40.7991924517036,20923.315308259927 -119.43547275697114,40.799138226376286,20505.49402923991 -119.43573779909468,40.799077398997355,20035.658770641243 -119.4359890838683,40.79901973109178,19588.618545381367 -119.43619474529447,40.79897254074584,19221.11052927469 -119.43637311988893,40.79893160736241,18901.82508523438 -119.4364867024374,40.798905539366686,18698.735887379822 -119.4366698456068,40.798863536831576,18369.59956745032 -119.43689777893623,40.79881128229567,17959.466673356445 -119.43710665961866,40.79876344265036,17582.559926031307 -119.4372616930362,40.798727976080734,17302.10741461418 -119.43739974373214,40.7986964416475,17051.397251930113 -119.43759476101489,40.79865197002884,16696.661739833482 -119.43768994658372,40.798630289682244,16523.17408264508 -119.43785613277716,40.798592485953726,16219.106164079763 -119.43805240718923,40.79854790808609,15858.613215884196 -119.43824474674166,40.798504282186606,15503.529606724695 -119.43836519084378,40.79847697963983,15280.137528211217 -119.4384824101763,40.79845043140315,15061.891186597257 -119.43865508055815,40.79841133282204,14738.635004362526 -119.4388283321844,40.79837211319224,14412.014461270104 -119.43895795390674,40.79834277182538,14165.959092442317 -119.43902371249463,40.798327894814896,14040.567573708213 -119.43915573772594,40.79829804823904,13787.492752408381 -119.43932444043034,40.79825997020754,13461.371137970362 -119.4394626629119,40.798228853487984,13191.634343395153 -119.43950484536883,40.798219377578775,13108.833990952573 -119.43960231419473,40.798197512695644,12916.685850266069 -119.43974080044323,40.798166561734895,12641.430816240005 -119.43988561668475,40.798134363870915,12350.699271260517 -119.43994923374225,40.798120279317935,12222.021252069793 -119.44006924341946,40.79809382209824,11977.594889127036 -119.4402139911486,40.79806212622373,11679.777572422008 -119.44028112262619,40.79804751526749,11540.496131685413 -119.44035205536798,40.79803214483615,11392.467842100137 -119.44046132931774,40.798008613307324,11162.675837998877 -119.44058813825924,40.79798155794441,10893.157280787247 -119.44062186949623,40.797974409856806,10820.920555432229 -119.4407208242516,40.797953548247264,10607.583507332605 -119.44084321345755,40.79792798587763,10340.630167327738 -119.44090949383921,40.79791425155437,10194.528951783812 -119.44103095014674,40.79788927549477,9923.779142824373 -119.44116020983716,40.79786296060248,9630.954851423608 -119.4412042073487,40.7978540617284,9530.093683931045 -119.44129763495461,40.79783525681757,9313.765486191667 -119.44140232051886,40.797814317530204,9067.643887903383 -119.44142726237105,40.79780934484984,9008.385393592938 -119.44149500441236,40.79779585567454,8846.165553560319 -119.44159050431955,40.797776855289335,8614.11784323248 -119.44162986051317,40.79776901711479,8517.269072875679 -119.44168010917434,40.7977590113956,8392.559152612983 -119.44174660823573,40.797745748421626,8225.580240469433 -119.44182087247479,40.79773091561969,8036.396910728578 -119.44184024299265,40.79772704458467,7986.568474563262 -119.44189255275151,40.797716597317404,7850.995421227122 -119.44196050210826,40.79770304347608,7672.619493493351 -119.4420091926478,40.79769335754946,7543.191267139902 -119.44204414880619,40.797686425660295,7449.390875497445 -119.44209937296665,40.79767552300931,7299.680505472166 -119.44216396661783,40.79766287474107,7122.054339066713 -119.4421770290228,40.797660334024854,7085.7890614555035 -119.44222234509995,40.79765156237136,6959.000721791319 -119.44228212765866,40.79764011780939,6789.328006444293 -119.44232522647876,40.79763196579384,6665.1686156538 -119.44235419298951,40.797626533214114,6580.8018870633405 -119.44240172019163,40.797617709006786,6440.669617030542 -119.44245240480195,40.797608419988826,6288.731374212405 -119.44248384245542,40.797602722124786,6193.105553369044 -119.44253199380866,40.79759409344734,6044.4422301865 -119.44259023805209,40.7975838196247,5860.777194910247 -119.4426102695539,40.797580330570206,5796.571383228086 -119.44265189784872,40.79757315784408,5661.319950605774 -119.44270428568778,40.79756429435651,5487.376410350584 -119.44271790026863,40.79756202351665,5441.446719299948 -119.44275670148154,40.79755562924747,5308.794832536865 -119.44279976265834,40.79754867793687,5158.347746188698 -119.44282553679817,40.79754459593491,5066.550675254898 -119.44286750075548,40.79753808909548,4914.064846004473 -119.44291013229072,40.7975316741154,4754.984039207271 -119.44293010307285,40.79752874593396,4678.888746767661 -119.44296525789463,40.79752372572199,4542.283702433632 -119.44299906488592,40.79751908286971,4407.436102084689 -119.44301812890751,40.79751655503646,4329.7606214654625 -119.44304735197716,40.79751282103245,4208.238358928027 -119.44307636326334,40.797509300661794,4084.4522924353687 -119.44308508814325,40.797508281103944,4046.573365809121 -119.44311417863749,40.79750502129329,3917.953121781516 -119.44314738397807,40.797501584411826,3766.438015655912 -119.44316340285604,40.79750004200976,3691.395268912622 -119.44319442858873,40.79749728485005,3542.0989484952997 -119.44321649044986,40.7974955197171,3432.4926505468798 -119.4432390050488,40.79749389927302,3317.404563746573 -119.44326614667045,40.7974922077344,3173.907702082826 -119.44327432726078,40.79749175791489,3129.563433992844 -119.44329022893965,40.79749096623309,3041.870700495228 -119.44331150364647,40.79749008556568,2921.329912415318 -119.44332610152556,40.79748960420317,2836.4353277962987 -119.4433436735589,40.79748916488468,2731.8971931882666 -119.44336309457334,40.797488864313884,2613.4314302413577 -119.44337076426535,40.797488801151964,2565.833947469227 -119.44338111485753,40.79748876632332,2500.8173941402324 -119.44339527963685,40.79748881427407,2410.452152128057 -119.4434117820249,40.79748901053985,2303.0532825602077 -119.4434223710478,40.79748921514339,2232.8967552147465 -119.44344059081263,40.79748970754496,2109.8126350826174 -119.44345218332009,40.79749010879364,2029.8767371364638 -119.44346171763311,40.79749048589387,1963.1296411859598 -119.44347091294766,40.797490886596414,1897.8634934413953 -119.44348568490513,40.797491596074174,1791.067377552028 -119.44349593630557,40.79749212735826,1715.4476569344124 -119.4435101997155,40.7974929036057,1608.0248766280024 -119.443522592239,40.79749359630626,1512.4496671410611 -119.44352723144546,40.79749385747864,1476.09466473998 -119.44353804495556,40.79749446536937,1390.063162874583 -119.44355114085833,40.79749519199451,1283.3210628275544 -119.44355438674543,40.797495369649575,1256.408517504012 -119.44355973308092,40.79749566246626,1211.9533330771214 -119.44356223641296,40.797495798690726,1191.0000000001849</coordinates>
                </LineString>
            </Placemark>
            <Placemark id="301">
                <name>Run 30</name>
                <description>States exported: 300 of 6,657
Launch inclination: 87.978 deg</description>
                <styleUrl>#302</styleUrl>
                <LineString id="300">
                    <tessellate>1</tessellate>
                    <altitudeMode>absolute</altitudeMode>
                    <coordinates>-119.10695,40.870683,1191.0 -119.10694999999129,40.87068299999459,1191.0000268740894 -119.10694976152887,40.87068285202151,1191.735563989214 -119.10693878567452,40.870676047678515,1225.4413693664299 -119.1069247273542,40.87066673399535,1272.0861431492208 -119.10691338922116,40.870658166886464,1316.144313704886 -119.10689875715704,40.87064637600032,1377.0892146697315 -119.10688221962272,40.87063224630042,1450.29575128809 -119.10686822238354,40.87061979703411,1514.7717584920688 -119.10685827868848,40.87061073070016,1561.6873855321062 -119.10683919809512,40.87059288109789,1653.7570592961988 -119.1068155867124,40.87057006374736,1770.7020854272378 -119.10680256319398,40.87055719699081,1836.2556925831702 -119.1067750314302,40.87052940224281,1976.8473796492071 -119.10675832145016,40.87051215934902,2063.352937635878 -119.1067338727143,40.87048644701651,2191.341334489935 -119.10670998492265,40.8704608286266,2317.8142422497563 -119.1066831998683,40.87043160321351,2461.002617855532 -119.1066607556378,40.870406685986524,2582.1827438563255 -119.10664836807035,40.8703928502972,2649.2671135366345 -119.10662416197631,40.87036588138443,2780.029172015134 -119.10660749673025,40.8703473726702,2869.7751075089827 -119.10658441213052,40.87032182606354,2993.666071822783 -119.10655503022545,40.87028948556975,3150.55212833653 -119.10653941846876,40.87027238653121,3233.5290612622907 -119.10650935132335,40.87023963438277,3392.5346433034024 -119.1064893458572,40.87021798063567,3497.719094623655 -119.1064563497621,40.87018251752626,3670.1087369701318 -119.10643204834362,40.870156608722354,3796.1670960802853 -119.10640191217848,40.870124734755954,3951.3936988137543 -119.1063720983148,40.87009348929317,4103.733116823078 -119.10634380811523,40.870064110077,4247.1291378847345 -119.10630944097647,40.87002878032459,4419.775010406291 -119.10628060274739,40.86999944309849,4563.305555234171 -119.1062412337575,40.86995985263124,4757.235782603955 -119.10621939123583,40.869938120749694,4863.806681101229 -119.10619093418843,40.869910060333986,5001.537389592751 -119.10616528680134,40.86988501932965,5124.572651708187 -119.10613289665842,40.869853738920405,5278.445830359748 -119.10608963323405,40.8698125676485,5481.306138555439 -119.1060620305329,40.86978667029646,5609.113581045193 -119.10601980121056,40.86974761788849,5802.167453503641 -119.10599652784859,40.86972639142124,5907.270964212512 -119.10595809227337,40.86969180151031,6078.836134034663 -119.10591718244653,40.869655625081506,6258.685486156382 -119.1058959873375,40.86963714274416,6350.754081030129 -119.10585610937426,40.86960285169441,6521.934791946349 -119.10582068502424,40.8695729189913,6671.783226052581 -119.1057993072191,40.86955508937961,6761.22675407481 -119.10575939876132,40.86952227344028,6926.237940547389 -119.10571884716197,40.8694895356088,7091.347216098531 -119.10570355038662,40.869477340313466,7152.969548763286 -119.10567138165308,40.86945196057484,7281.387906419576 -119.10562830009424,40.869418521185516,7450.919162229343 -119.10560074014187,40.86939744878793,7557.915125466082 -119.10557947672054,40.86938136261244,7639.663198933261 -119.1055457382421,40.869356135819274,7767.967632675892 -119.10550410331054,40.869325508866375,7923.871198136568 -119.10547308752463,40.869303051392464,8038.252686911442 -119.1054436374229,40.86928201210337,8145.470226784236 -119.10540032589907,40.86925156708606,8300.680596957078 -119.1053485385244,40.86921593543652,8482.435519017981 -119.10532667477257,40.86920114221308,8557.933813762815 -119.1052958871331,40.86918056544413,8663.05307281693 -119.10525201938816,40.86915174860934,8810.437408103406 -119.10519889371243,40.869117633683224,8985.329408462792 -119.10516858620332,40.86909855239256,9083.4159329552 -119.10513571159842,40.86907815586185,9188.469437566444 -119.10508264277108,40.86904589023971,9355.22613198136 -119.10502156382547,40.86900972852146,9543.012798207405 -119.10498613450352,40.868989215350204,9649.999069913683 -119.10494942378084,40.868968304818246,9759.416985293034 -119.10488746239419,40.86893379045877,9940.893176550922 -119.10485711540863,40.86891600038353,10032.182210993042 -119.1048023314065,40.868871957968146,10233.074754673984 -119.104774038793,40.86883799008519,10370.535438365745 -119.10473711162042,40.868761531193805,10645.355324485095 -119.1047228345512,40.868688682029976,10879.087999263855 -119.10472054091005,40.868649860573356,10996.170008417666 -119.10472407413091,40.8685685701343,11229.699224860233 -119.10474022179012,40.86846535612417,11510.321217400875 -119.10475061096194,40.86841822521702,11634.459894050487 -119.10477578516975,40.868320959142864,11885.781170964425 -119.10482498754686,40.86815905093165,12294.844398694277 -119.10485345855597,40.86807320024495,12508.756859381976 -119.10493212557184,40.86784982042297,13059.746741052111 -119.10496221448388,40.867767412838965,13261.749022879503 -119.10501048784525,40.86763697636059,13580.62653921161 -119.10507463265756,40.867462377425376,14007.430728983905 -119.1051014691406,40.86738874733991,14187.428216848493 -119.10515348638326,40.867245354196825,14538.027181733558 -119.10523552771046,40.867017230773584,15095.724656556067 -119.10527872941451,40.866896333196266,15391.216406755004 -119.10534964082109,40.8666973215133,15877.55814620942 -119.1054561750768,40.86639765406606,16609.550592701726 -119.10549079417758,40.866300268799755,16847.31042327397 -119.10555446047097,40.866121094269864,17284.47229650155 -119.10562931775877,40.86591071612255,17797.311965802786 -119.10572243685446,40.86564963268202,18432.897130515532 -119.10578934377995,40.86546250758024,18887.721598237375 -119.10584513501858,40.86530683238092,19265.688755824944 -119.10594912625903,40.86501754981241,19966.830730641115 -119.10606278098996,40.86470283103053,20727.82219989997 -119.1061299228094,40.86451765080967,21174.69759125594 -119.10624575145103,40.86419937426504,21941.172130937637 -119.10633188721938,40.863963710973415,22507.37675616316 -119.10645082830884,40.86363969755174,23283.94062812143 -119.10659566379114,40.86324730021151,24221.369126443384 -119.1066540551819,40.86308978918335,24596.716213956246 -119.10680730308223,40.862678344780925,25574.676503428724 -119.10698855659084,40.86219532095241,26718.082229495038 -119.10707543300265,40.8619651310568,27261.180967256096 -119.10724493741161,40.861518423888924,28311.858540135323 -119.10735620842088,40.861226858847616,28995.298137583097 -119.10752186194094,40.86079516221974,30003.706992709907 -119.1077779782783,40.8601329679738,31542.44863738358 -119.10793060919274,40.85974121568904,32448.087666322303 -119.10823513101185,40.85896573783698,34230.51280594722 -119.10861063946804,40.85802017993809,36385.18223344232 -119.10909568355984,40.8568152209935,39101.07317929797 -119.1096665787611,40.855419165040665,42205.70109758835 -119.11043782598733,40.853568450308806,46251.70112108185 -119.11147037825742,40.85114866048353,51421.66833816225 -119.11311877675789,40.84740783134361,59146.10448178407 -119.11599202360398,40.841190641316345,71264.55897354889 -119.1194422646783,40.83413476490757,83931.73611766701 -119.12307640560667,40.82708189646094,95441.23095518007 -119.12393422138426,40.82546448512227,97918.17980107624 -119.12648482271968,40.82074750332282,104795.4446450888 -119.1304223783048,40.81370039279879,114108.01068652965 -119.13449558231935,40.80665646494575,122263.3783636018 -119.13888086353141,40.79929586955697,129552.13771186354 -119.14317957534531,40.79225874885264,135340.47205657957 -119.14756313314602,40.78522507541993,139971.57483509497 -119.15201485439675,40.77819490993634,143445.43824407907 -119.15672370146626,40.77084899357763,145839.86037949324 -119.16126288917329,40.76382613690651,146946.6260878463 -119.16561217795723,40.75712586962682,146923.53970043306 -119.1703766542764,40.749791264573325,145688.39859031187 -119.17491786570592,40.74277925013768,143323.40524996613 -119.17942638802049,40.73577082934861,139801.16160590725 -119.18388553840578,40.72876597107366,135121.67187787296 -119.1884764758786,40.72144647464726,128992.13987942069 -119.19278265792254,40.71444877648886,121945.57679468748 -119.19698859860628,40.707454574601456,113741.79378894294 -119.20107735915455,40.70046424910327,104380.81680911491 -119.2052070031196,40.69316307457784,93357.23380838001 -119.20899898531776,40.68618988086241,81631.2110396686 -119.21094024564462,40.682498431335254,74950.78900129827 -119.21257801365067,40.679307598393216,68875.38463501379 -119.21402868362055,40.67641911405946,63205.64900457822 -119.21498778716072,40.674471469637744,59240.55788176223 -119.21571640958618,40.67297251574684,56148.42322077651 -119.21652782586736,40.671278788794844,52561.6452556926 -119.21717191376372,40.66991909601706,49662.78568815761 -119.21759883341947,40.669006280348455,47661.915592858415 -119.21796983259556,40.66820954230148,45927.87000526111 -119.21841272653798,40.6672486885328,43792.83697898741 -119.21882264101883,40.66635096364886,41769.804230001406 -119.21922838412443,40.66545637499426,39748.54985502708 -119.21962256929709,40.66458002367582,37749.09359655611 -119.21988324301475,40.66399743869665,36417.93055375258 -119.2200608005962,40.66359633178829,35474.236942681266 -119.22027915966092,40.66310385297034,34336.0219761298 -119.2204025739112,40.662823471270585,33676.291950174505 -119.22062358966322,40.662320115713264,32492.361676215976 -119.22079961499887,40.6619187946743,31554.739409008223 -119.22097313615556,40.66152087176795,30613.594932941298 -119.22112738916064,40.66116480807449,29758.723111114345 -119.22130047278348,40.66076480645039,28801.61077999961 -119.2213978400787,40.66054035524641,28272.11393849737 -119.22153699950047,40.66021693510742,27491.04713221334 -119.22168065488451,40.659882271036004,26680.156162229283 -119.22181466687509,40.65956942449819,25921.074143376733 -119.22193141413625,40.659296622824066,25260.043806714104 -119.22204189146544,40.659037996771985,24632.31437351002 -119.22214485971288,40.65879596765317,24039.840010002456 -119.22224126594668,40.65856862041676,23479.83138886601 -119.22230155425322,40.658426704665885,23133.765728535956 -119.22239026249021,40.65821702893662,22617.395717633055 -119.22247452867342,40.65801722506217,22122.413720943834 -119.22257068319384,40.65778900348348,21557.646037072544 -119.22265626916327,40.65758551069146,21053.357094130355 -119.22271897516178,40.65743628847386,20683.877401228474 -119.22277422589458,40.657304270476835,20353.73386581853 -119.22285339782884,40.657115016781376,19881.53146059448 -119.22292434943125,40.656945119592635,19457.120557464954 -119.22299476009404,40.656776151749504,19034.02754859847 -119.22303663163186,40.656675391912906,18780.536309210427 -119.22309088181207,40.656544684816645,18451.843585702198 -119.22314585419312,40.65641200205096,18117.88053474338 -119.22320557563738,40.65626741451464,17752.642102519898 -119.22326626132022,40.656120021156795,17379.297846141042 -119.22332335362738,40.65598087470599,17025.917264283544 -119.22337696604595,40.65584973745748,16692.058273094062 -119.22338574797904,40.65582820821672,16637.16393547212 -119.22342916486318,40.65572136864311,16364.448574120865 -119.22348445286957,40.65558454032883,16014.142398062231 -119.22353686161019,40.65545372270569,15678.167116703813 -119.22358923645918,40.655321560245326,15337.646604653435 -119.22361619986947,40.65525285756165,15160.131091912466 -119.22366175468454,40.655135561105894,14856.425789637264 -119.2237080783118,40.65501442511303,14541.768247615906 -119.22375519593753,40.65488887757528,14214.496761368311 -119.22377861801247,40.65482545791789,14048.708732091765 -119.22381015363139,40.6547388571929,13821.688403339342 -119.22383854746366,40.65465953971384,13613.114296871981 -119.22387207989979,40.654563993239364,13360.988453512073 -119.22389346903137,40.65450184730861,13196.430847356083 -119.22390531986073,40.65446699336505,13103.91635790193 -119.22393539791466,40.65437711629048,12864.677639493275 -119.22397078018616,40.65426843280971,12573.887346952608 -119.22399879928464,40.654179858169734,12335.620216263276 -119.22401248522199,40.65413572013499,12216.444349976553 -119.22404054747433,40.65404320689735,11965.63130414829 -119.2240744474649,40.65392750191075,11649.921709549017 -119.22408619422015,40.6538862920846,11536.906496234978 -119.22410701702535,40.65381158322109,11331.202155774668 -119.2241321730651,40.65371821593312,11072.569216540252 -119.22415057524799,40.65364738231651,10875.11262730913 -119.22415922509235,40.653613230213544,10779.5219545692 -119.22417609264716,40.65354483230315,10587.290633898256 -119.22419641612018,40.65345869819445,10343.682473562993 -119.2242083335757,40.65340591584989,10193.538787939215 -119.2242257687856,40.6533249445729,9961.911622127007 -119.22424644792913,40.65322146842894,9663.56137911479 -119.22425544598863,40.65317315005276,9523.330813533474 -119.2242709904457,40.653083286216614,9260.961924146433 -119.2242816569567,40.653015324623496,9061.187262857109 -119.22428635011862,40.652983231792575,8966.462396128682 -119.2242954684114,40.652915717243985,8766.39621469461 -119.22430458766975,40.65283842380241,8536.12037292463 -119.22430615590334,40.65282373228821,8492.209570271743 -119.22431015754798,40.65278380647887,8372.617464103325 -119.22431576560028,40.65271941222898,8179.025069984275 -119.22431934714251,40.65267019358119,8030.428086516525 -119.22432106490375,40.65264301016089,7948.106814969251 -119.22432331074967,40.652601825737925,7823.038505625397 -119.22432567742483,40.6525460494943,7652.92828490653 -119.22432674097853,40.6525120459117,7548.784020182611 -119.22432749370087,40.65247867624191,7446.22185024288 -119.22432808476891,40.6524288594503,7292.409784118839 -119.22432792088722,40.65236936890806,7107.502632298884 -119.22432775912544,40.65235669650004,7067.926958437986 -119.22432684106435,40.65231304468061,6931.084524104639 -119.22432500856397,40.65226137997664,6767.997911586419 -119.22432341757684,40.65222884722063,6664.638354983234 -119.22432188396904,40.65220268815415,6581.153158216617 -119.22431897740134,40.65216132790684,6448.430122497725 -119.22431450133693,40.652109870344056,6282.045762839526 -119.22431159355007,40.65208135937726,6189.241609657131 -119.22430614383207,40.652034658111255,6036.245070263915 -119.2242989181306,40.65198191476412,5861.942974324562 -119.22429579257488,40.65196141815312,5793.75629511864 -119.22428787458264,40.65191412036042,5635.402389347568 -119.22427896127155,40.6518669410984,5475.976053730002 -119.22427216923722,40.65183426117186,5364.639718033189 -119.2242609134061,40.65178490902697,5195.024675693206 -119.22425307309683,40.65175339161716,5085.733745731208 -119.22424244232656,40.65171368506087,4946.905966421208 -119.22423084829349,40.651673677906814,4805.672569261323 -119.22422318115656,40.65164882163937,4717.200775041157 -119.2242128555371,40.6516170976166,4603.422364972996 -119.22419706195838,40.6515719385434,4439.672190508334 -119.22418923353727,40.651550874269155,4362.520013750679 -119.22417366772942,40.65151121671655,4215.842217443832 -119.22415871558077,40.65147555166194,4082.2419055800906 -119.22414949270517,40.651454589676916,4002.9345112842752 -119.22413876796416,40.65143110816579,3913.372656832111 -119.22412550846735,40.651403284669534,3806.2295617108607 -119.22411480883402,40.65138171844962,3722.3959812736607 -119.22409507654672,40.65134380024725,3573.2757634781974 -119.22407774598904,40.65131226604288,3447.52979188662 -119.22405973272724,40.651281035181086,3321.3761214382835 -119.22403614679367,40.651242244609314,3162.342130662313 -119.22403099533051,40.651234058845,3128.43851490248 -119.22402060766255,40.65121783138553,3060.869205594626 -119.22400496513127,40.65119405671398,2960.993861453835 -119.2239916317819,40.65117435667269,2877.4317863557153 -119.22398137580551,40.65115952077061,2814.0108768783707 -119.22396018290821,40.65112963536849,2684.9454883973717 -119.22394270227164,40.65110566017147,2580.101242659351 -119.22393552037256,40.65109597046165,2537.3909435418227 -119.22392181660335,40.65107771822788,2456.4014902537447 -119.22390381859208,40.65105419135466,2350.9541973241066 -119.22389263711852,40.65103981428385,2285.922748915913 -119.22387420145678,40.6510164831698,2179.429086367215 -119.22384990590439,40.65098639028078,2040.3112375009414 -119.22384242321418,40.65097726088689,1997.7193123019956 -119.22382413907447,40.650955208751874,1894.1134738358783 -119.2238114869702,40.650940149797535,1822.7906681444997 -119.22379832948081,40.65092465176061,1748.9240745655152 -119.22377921445779,40.650902411221274,1642.134485332912 -119.22375570501795,40.65087546032775,1511.5772900865052 -119.22374937361961,40.65086827297812,1476.555768132993 -119.2237350570704,40.65085212529697,1397.5674726117666 -119.22371555300612,40.6508303458357,1290.3613340088884 -119.22370987386932,40.650824049525404,1259.2235496470087 -119.22370266307874,40.650816059514554,1219.5965379291376 -119.22369746539725,40.650810308646456,1191.0000000000439</coordinates>
                </LineString>
            </Placemark>
            <Placemark id="311">
                <name>Run 31</name>
                <description>States exported: 300 of 6,884
Launch inclination: 89.940 deg</description>
                <styleUrl>#312</styleUrl>
                <LineString id="310">
                    <tessellate>1</tessellate>
                    <altitudeMode>absolute</altitudeMode>
                    <coordinates>-119.10695,40.870683,1191.0 -119.10695000000032,40.870682999999886,1191.0000289511859 -119.10695002298691,40.87068299183567,1193.0478363346688 -119.10695078137503,40.870682819541116,1244.827160050654 -119.10695341333215,40.87068306291729,1285.8009886076875 -119.10695858175458,40.87068363419537,1338.6926766253196 -119.10696523231869,40.87068439364608,1395.563733401445 -119.1069717265391,40.870685126702654,1446.3531480900651 -119.10697977183642,40.87068602215041,1505.3517673810113 -119.10698670466955,40.87068678161807,1554.0454736437493 -119.10700093298543,40.87068827922198,1649.8495429660518 -119.10701993625702,40.87069012226874,1772.1556367851845 -119.1070310035132,40.870691117270674,1841.4898502316012 -119.10705280897785,40.87069290737346,1975.1397065307824 -119.1070680249902,40.870694022705045,2066.5307852211863 -119.10709435888985,40.87069569985451,2221.801320780358 -119.10711446713225,40.87069680398692,2338.4278837468205 -119.10714467351764,40.87069821352232,2511.061993880928 -119.10716117203297,40.870698864034814,2604.1308491091863 -119.10718713594072,40.87069988477662,2750.3635148550993 -119.10720947867765,40.87070080272199,2876.343414863018 -119.10723203172735,40.87070177145855,3003.7055735266244 -119.10725907740463,40.87070299486082,3156.803792362491 -119.10727382990383,40.870703692571745,3240.497905179656 -119.10730289780341,40.87070513575683,3405.8675032980245 -119.10732020003029,40.87070604089816,3504.6168770854024 -119.10735163439365,40.87070778142867,3684.68345371047 -119.10737356183735,40.870709074188916,3810.8420029747654 -119.10740383009896,40.87071097249503,3985.805863837996 -119.10742270872088,40.870712227973996,4095.4488194861915 -119.10744296398711,40.870713637058174,4213.563742831422 -119.1074736663338,40.87071590217637,4393.609910835708 -119.10750490299871,40.87071837140577,4578.148640889837 -119.10753653394696,40.87072104840659,4766.54998991199 -119.10756029097531,40.87072318273949,4909.171850120411 -119.10759434151072,40.87072643866466,5115.438802934945 -119.10761783190787,40.870728830425776,5259.129952447577 -119.1076532167696,40.87073267882296,5477.97574334195 -119.10766921391155,40.87073452244083,5577.95062557961 -119.10769678875008,40.87073786530279,5751.952715911936 -119.10771577340638,40.87074029519356,5873.081310908119 -119.10773792196906,40.8707432746961,6015.880019318271 -119.10776111908312,40.870746574788484,6167.294056740035 -119.10777639552111,40.87074885658502,6268.120236867191 -119.10779275251649,40.8707514030971,6377.112904901686 -119.10781398220828,40.87075487896118,6520.280300051441 -119.10783372719946,40.870758299978654,6655.277618733228 -119.10784349769546,40.87076006349183,6722.771309399003 -119.10786157263924,40.87076345375369,6848.887796035049 -119.10788766066831,40.87076865791321,7033.9698117346925 -119.10790044176089,40.87077134927205,7126.045490996069 -119.10791696943265,40.87077496743814,7246.588663268536 -119.1079387797903,40.87077999365739,7408.364618690783 -119.10795840760044,40.87078476719222,7556.82427858578 -119.10796740412118,40.87078703877467,7625.901518751326 -119.10798383002307,40.87079132909241,7753.832159840665 -119.10800538093034,40.87079725619501,7925.716826757731 -119.10801917620874,40.87080124224077,8038.4907062830725 -119.10802990251187,40.870804458300604,8127.84790675665 -119.10804891140931,40.87081042829959,8290.280923874388 -119.10806936343396,40.87081729513248,8471.781924754563 -119.10807730294262,40.870820102887684,8544.407316081704 -119.1080872676502,40.87082376025444,8637.405451052064 -119.1081040100181,40.870830271819266,8798.940461151204 -119.10812187789311,40.87083782880936,8979.54920530817 -119.10813091370802,40.870841936236836,9074.531186754293 -119.10814011439943,40.87084634026111,9174.085883442805 -119.1081554921006,40.87085428990534,9347.60948913508 -119.1081711968823,40.87086330967787,9535.568099384856 -119.10818035417303,40.87086907474851,9651.069917270717 -119.10819059517185,40.87087604441795,9786.237284947621 -119.10820250103858,40.870884974187994,9952.720509310106 -119.1082139520514,40.87089068967348,10076.660068153693 -119.1082385734041,40.87089441924589,10238.07933619361 -119.10827259319548,40.87089408555673,10395.35471891999 -119.10833486130531,40.870887524576304,10615.23461155663 -119.10842719241934,40.870871664134334,10875.95440694401 -119.10846092189512,40.87086483052456,10960.954477922265 -119.10854152042063,40.87084709627112,11150.373404801043 -119.10861573658671,40.870829543008306,11312.48032967646 -119.10874391174518,40.870797488724804,11573.949562497104 -119.10881238447737,40.87077980544537,11707.351313240126 -119.10898812388861,40.87073344214414,12037.999775657014 -119.10917847935028,40.87068231621705,12384.121391659877 -119.10937394701416,40.870629293879496,12731.759359722248 -119.10963764284456,40.870557407861895,13193.373011470934 -119.10974557248457,40.87052793154305,13380.736751501732 -119.11002678938455,40.87045111042198,13868.112229901311 -119.11020647372024,40.87040203400174,14180.098054481079 -119.11037475314953,40.87035611512278,14472.592300027933 -119.11066758161434,40.87027625947156,14982.142560533519 -119.11089167696399,40.870215200685465,15372.388183909261 -119.11115541519804,40.87014346704422,15831.624279882077 -119.1115849838496,40.87002695335096,16578.97480538833 -119.111724175078,40.86998929900881,16820.823882363646 -119.1119642288398,40.86992440902181,17237.61341376986 -119.11232581534956,40.86982689285786,17864.19361056052 -119.11271312652151,40.86972265460326,18533.593870459412 -119.1129158516249,40.86966815763824,18883.186723314397 -119.11316028202889,40.86960253948692,19303.94588885334 -119.11362861319651,40.86947698291989,20107.72585189506 -119.11410559709188,40.86934935901387,20923.01058621291 -119.11434295172671,40.869285944383215,21327.458087650655 -119.11478477978395,40.86916805067767,22078.0406982024 -119.1151000255572,40.86908405387855,22611.761633121838 -119.11564723022066,40.868938449934575,23534.593841442023 -119.11607417158461,40.86882501483078,24251.401997598037 -119.11649311229986,40.86871387657194,24951.99445682043 -119.11714916969075,40.86854013510345,26043.577867907065 -119.11768686898104,40.86839805916952,26933.113047354327 -119.11817455271105,40.86826942458224,27736.02298280141 -119.11882021598126,40.868099481747144,28793.28430773947 -119.11920811920469,40.86799756216475,29425.337626110246 -119.11999321664096,40.867791676883556,30697.569455338777 -119.12062792734984,40.86762559722191,31719.263913168445 -119.12158694466224,40.867375241670885,33251.48364720554 -119.12294665430224,40.867021428850144,35400.41430051586 -119.12459208100186,40.86659501373703,37964.545034268114 -119.12654982264588,40.8660900256359,40964.260579453934 -119.1289174792329,40.865482620362314,44519.17515021436 -119.1322027738323,40.86464558140468,49322.469843244005 -119.13689530814592,40.863461043297114,55929.485859265034 -119.14456275965154,40.86155170023383,66107.96105552033 -119.1557549767966,40.858817628647934,79665.77909109085 -119.16724471348314,40.856069060434365,92081.1579225827 -119.16830529287179,40.855818065390395,93153.88390339009 -119.17839156762292,40.85345212962148,102760.42701434856 -119.19021828826956,40.850722535335166,112701.01045075776 -119.20218919459998,40.84800281824397,121375.98107764339 -119.21428520627506,40.84529308928708,128785.32582302464 -119.22648724089336,40.842593444186505,134929.03258092958 -119.23877621705965,40.839903962948604,139807.0911017609 -119.25113304886504,40.837224709793254,143419.49313289515 -119.26353865388351,40.8345557331016,145766.232452034 -119.27597394737413,40.83189706542731,146847.30487136994 -119.2878787558351,40.829363654008375,146697.05244952516 -119.3003169375665,40.82672518990618,145301.81572445613 -119.31272838636038,40.82409703851551,142640.91163838777 -119.3250940169362,40.8214791699521,138714.34407914674 -119.33739474223609,40.81887153898501,133522.1190093092 -119.34961146617448,40.81627408645826,127064.24458044974 -119.3617250617267,40.81368674620123,119340.73171547713 -119.37371621478246,40.811109483075384,110351.5977628376 -119.38556450771986,40.80854252868089,100096.89809559737 -119.39724410525703,40.80598748096732,88577.15456886776 -119.40746540134765,40.80372687419401,77284.9792429048 -119.40992328660398,40.8031795138825,74388.45600585357 -119.41321754202295,40.80244371539167,70380.5026949349 -119.41614787282856,40.801786557561336,66706.3171648312 -119.41972659846321,40.8009795626389,62117.57197700753 -119.42271956060716,40.80030259897441,58113.19222922536 -119.42484873993567,40.79981842790702,55233.21596094224 -119.42669857888667,40.799397339830236,52644.78793487237 -119.42860594062891,40.79896116460527,49967.94678001577 -119.43008578766619,40.79862248213513,47825.447664743886 -119.43178520141115,40.79823211713714,45354.493537784845 -119.43333260833388,40.797875686346714,43075.103387570816 -119.43420012446902,40.7976758422473,41761.00057891179 -119.43515325009739,40.79745545284432,40336.25607628568 -119.4364992881031,40.797143940060565,38284.19583535988 -119.43748785390581,40.79691480694023,36755.93177669878 -119.43827651944565,40.796731853650535,35519.680627582035 -119.43892482670921,40.79658100851207,34516.03453403115 -119.43937666468092,40.79647604250512,33795.224262005184 -119.43982317919655,40.796371947975196,33100.650107057336 -119.44044466684205,40.79622723841889,32108.30717997418 -119.44081721068078,40.79614036364528,31515.555778511654 -119.44137599056494,40.79600998284553,30622.721295184325 -119.44190103920769,40.79588751279322,29770.199435494007 -119.44246736755629,40.79575525400203,28852.689043192124 -119.4426710410389,40.795707612171576,28526.30806906035 -119.44312471999619,40.79560163646521,27783.25900360589 -119.44361885105782,40.79548610194105,26976.8109264015 -119.44385436809124,40.795431015966955,26591.8417127707 -119.4442499949941,40.79533851338202,25937.755453859005 -119.44447469274851,40.795285881553895,25571.795660869357 -119.4448531923479,40.795197339303,24942.09936286081 -119.44526101204711,40.79510184537559,24263.327483762965 -119.44544993656487,40.79505753671266,23952.21262312584 -119.44578154585359,40.794979848893924,23396.308530195525 -119.44597780006525,40.79493383282967,23068.034218387867 -119.44631027978824,40.79485584718335,22510.671549096627 -119.44648834631936,40.79481411272968,22208.421014937998 -119.4466688512737,40.794771728939764,21906.330363378158 -119.44683339951574,40.794733149964465,21626.396917056954 -119.44714230398105,40.79466065296941,21104.069064743326 -119.4474149069783,40.79459666527864,20641.960736778525 -119.44770471381761,40.79452864898086,20148.36332096806 -119.44797714225218,40.79446471194992,19682.74077405729 -119.44823827078085,40.79440342454656,19235.098132004998 -119.448447985993,40.794354200761305,18874.687386966758 -119.44856099700004,40.79432767119518,18680.770405629984 -119.44876588676446,40.794279606156714,18327.191649740274 -119.4489985391853,40.79422505294466,17925.060064024387 -119.44922047449064,40.79417306174831,17540.394782645442 -119.4494503113526,40.79411929669644,17140.727792881622 -119.4496701196899,40.79406797864307,16757.182731312518 -119.44972784033567,40.7940545230661,16656.150202553043 -119.44986375571851,40.79402284253163,16418.098732487982 -119.45007356640645,40.793974022749026,16049.156312573934 -119.45028718887451,40.793924388506284,15671.671252453238 -119.45047185058517,40.793881523144606,15343.644701387162 -119.45053232275278,40.79386749119176,15235.777615681827 -119.4506952100391,40.79382971042618,14944.371554459529 -119.45088501005218,40.79378569784287,14602.663797383262 -119.45107899782828,40.79374071643267,14250.7550260607 -119.45114074888757,40.79372639770994,14138.127660583728 -119.45124219388342,40.793702893353,13952.379645861509 -119.45141692721847,40.79366243373332,13630.251425243145 -119.45160168396471,40.79361973774518,13286.299697125616 -119.4516732811152,40.79360322796356,13151.997605789884 -119.45176818409887,40.793581377543966,12973.136855164445 -119.45191065625335,40.79354867385696,12702.579901137207 -119.45206625195307,40.793513117370054,12404.23413171864 -119.45214230743211,40.7934958086566,12257.271248392071 -119.4522712089828,40.79346658495394,12006.445894195434 -119.4524329602384,40.79343014463714,11688.460856140151 -119.45250713297506,40.79341353099682,11541.391080803896 -119.45258305750906,40.79339659479106,11389.96926624547 -119.45270471927388,40.79336961577804,11145.447916883497 -119.45283635042907,40.79334067629492,10878.09132180466 -119.45285774490065,40.79333599892452,10834.347695940298 -119.45294211675899,40.79331761355212,10660.991881918635 -119.45306474564144,40.793291095118946,10406.537248382307 -119.45315602158455,40.7932715036474,10215.077467203895 -119.45326384910787,40.79324851924323,9986.458318387418 -119.45340883246467,40.793217875150695,9674.51762883245 -119.45346301448039,40.793206495971,9556.497148366296 -119.45356076992566,40.793186055047144,9341.430625254858 -119.45368086827372,40.793161082483515,9073.162719570406 -119.45371036613683,40.793154967142776,9006.543761685827 -119.45380073147182,40.79313625173856,8800.55039123176 -119.45388419134655,40.79311896898083,8607.58307167798 -119.45391680164829,40.79311220787079,8531.431304531348 -119.45396003034172,40.79310324439662,8429.824954092563 -119.45402707836718,40.79308932116184,8270.663316038992 -119.45409918978602,40.79307432176556,8097.281034868049 -119.45413625926112,40.793066600650945,8007.231224933821 -119.45419976297882,40.793053376934665,7851.499780198718 -119.4542716520038,40.793038417539606,7672.8975713029195 -119.454319142701,40.79302855440555,7553.540848877544 -119.4543592148969,40.7930202523268,7451.932488823228 -119.45441958217509,40.79300779327702,7297.282030327097 -119.45448899065002,40.7929935693525,7116.981653224893 -119.45451269792719,40.79298874169843,7054.752446058236 -119.4545619619116,40.792978762031204,6924.315461483622 -119.45459522250465,40.79297206993545,6835.3550328263045 -119.45465580952829,40.792959988378826,6671.330305049777 -119.45467811607223,40.79295557515181,6610.261067812098 -119.45472374295257,40.79294660983434,6484.144511176366 -119.45478499696732,40.79293470534486,6312.125188750978 -119.45481963716739,40.79292804115808,6213.374310114226 -119.45487070188587,40.792918308656525,6065.730463915581 -119.45493304567371,40.79290657813213,5881.867430539162 -119.45495514715677,40.79290246115143,5815.667992697077 -119.45499685596052,40.79289475773067,5689.196135460384 -119.45505444257847,40.792884272823805,5511.043252928642 -119.4550740996032,40.79288073759316,5449.232255078464 -119.45511392937321,40.79287364699415,5322.32613828963 -119.45516197256086,40.79286523313599,5166.099315785257 -119.4551886321353,40.792860634544226,5077.817162897553 -119.45523553728438,40.79285267837278,4919.519700162028 -119.45528264113261,40.79284487924862,4756.422086227444 -119.45530419540889,40.792841382912506,4680.290931120402 -119.45534900868579,40.79283427943403,4518.721338714529 -119.45538241136923,40.79282915198954,4395.147328459561 -119.45541878851677,40.79282375528453,4257.221960425859 -119.45546309685268,40.79281748431914,4084.090129903524 -119.45548130994521,40.7928150128065,4011.156219942823 -119.45551024156076,40.79281122640664,3893.015807217793 -119.45554036857195,40.7928074767688,3766.801171024833 -119.4555586923548,40.792805297988494,3688.3243246569273 -119.45559257308912,40.79280148499309,3539.528145113873 -119.4556144230602,40.79279918158578,3440.8278109032317 -119.45564101099572,40.79279655496286,3317.57526126674 -119.45567158877535,40.792793790020475,3171.1745296243284 -119.4556822219008,40.79279289675564,3119.0208887247677 -119.45570240692247,40.79279130203644,3018.1872670632947 -119.45572614499612,40.79278960283012,2896.4301487110274 -119.45574037579625,40.79278867898193,2821.7734777433966 -119.45575974942618,40.792787541489886,2718.14661311214 -119.45578080292559,40.79278646891034,2603.001393651173 -119.4557899446872,40.792786058259246,2552.207722445611 -119.45580197344367,40.792785569039076,2484.6065410630968 -119.45581930304571,40.7927849679517,2385.7045790369784 -119.45583424855282,40.79278454824573,2298.9379349905153 -119.45584747989189,40.79278425116288,2220.945174291455 -119.45586597606075,40.79278394924,2109.9993234454214 -119.45588003677206,40.792783802962205,2024.1057797599515 -119.45589411466064,40.7927837208831,1936.6828856443524 -119.45591365074412,40.79278369694718,1812.855396625925 -119.45592556263526,40.79278372191469,1735.8206523516121 -119.45594138343469,40.79278378521183,1631.574355493238 -119.45595865893753,40.79278386872773,1515.035690851634 -119.4559632283782,40.79278389007347,1483.7052669653806 -119.4559752278103,40.792783941179515,1400.3584720383305 -119.45599105881033,40.792783986827935,1287.9064642574863 -119.4559952290904,40.792783993533114,1257.7873531787593 -119.45600201320448,40.792784004223336,1208.60469457156 -119.45600442589844,40.79278400675252,1191.0000000003772</coordinates>
                </LineString>
            </Placemark>
            <Placemark id="321">
                <name>Run 32</name>
                <description>States exported: 300 of 6,610
Launch inclination: 89.282 deg</description>
                <styleUrl>#322</styleUrl>
                <LineString id="320">
                    <tessellate>1</tessellate>
                    <altitudeMode>absolute</altitudeMode>
                    <coordinates>-119.10695,40.870683,1191.0 -119.1069500000017,40.87068299999726,1191.0000269270631 -119.1069500404769,40.87068293506217,1191.637909844107 -119.10695235932904,40.87067919089651,1228.2558386012693 -119.10695705005148,40.870674575150574,1275.618059994899 -119.10696892340631,40.87066750773293,1353.4781213875422 -119.10698458830387,40.87065972177431,1441.2963129165375 -119.10699526976099,40.87065478861189,1497.2911597716964 -119.10700326884741,40.870651203350945,1538.030528099906 -119.10702086244272,40.87064354293313,1624.966161859234 -119.1070454235446,40.87063312588013,1742.1565086302521 -119.10706032183927,40.87062687947309,1811.7083426158642 -119.10708075678649,40.87061835376354,1905.701644157371 -119.1071100599795,40.870606151779036,2038.221727604544 -119.1071281099703,40.87059862509492,2118.7674967846015 -119.10716193363443,40.87058448307114,2267.8170921862416 -119.10718400641642,40.87057522691612,2364.0620966999627 -119.10722827822657,40.87055659215242,2554.9026318912734 -119.10724089929153,40.870551264795836,2608.8273138930963 -119.10726639075581,40.87054050944469,2717.7399209529385 -119.10730302996156,40.87052506856964,2874.3465632718894 -119.107330539322,40.87051348766139,2992.034263285158 -119.10736984969749,40.87049695360745,3160.4533278029894 -119.1073887611066,40.87048900615277,3241.590938668789 -119.10742295362185,40.8704746465318,3388.5290704521713 -119.10744566222041,40.870465116933616,3486.3024883677094 -119.10747875351998,40.87045124263525,3629.0615454555827 -119.10751339629304,40.87043673408011,3778.9129622208175 -119.1075433031253,40.87042422257224,3908.636196256785 -119.10758295293134,40.87040765609859,4081.1770130134255 -119.10760302475406,40.8703992775029,4168.782177872359 -119.1076370320153,40.87038509334593,4317.63976197159 -119.10766649824008,40.870372812785064,4447.08655758187 -119.10771078987989,40.870354364825886,4642.542835221888 -119.10774069644154,40.87034191260733,4775.1629901053475 -119.10776809181402,40.870330507471834,4897.145967233941 -119.10779102781203,40.87032095857529,4999.66151121612 -119.10781822425932,40.87030963438659,5121.708181382865 -119.10785415698841,40.87029466975071,5283.8328824375785 -119.10789706836775,40.87027679226226,5478.864225841326 -119.1079211135835,40.87026676936576,5588.886515395297 -119.10796520293583,40.87024837866578,5792.134544610275 -119.10799243935035,40.870237006853934,5918.748731485292 -119.1080257344971,40.87022309531443,6074.7119757046985 -119.10806434984056,40.87020694601485,6257.358318289894 -119.10808463781538,40.87019845730283,6354.122376601496 -119.10810713838693,40.87018903999277,6462.1279571032655 -119.10813998591479,40.87017529156645,6621.159988796851 -119.10815561778874,40.87016874930115,6697.437491719097 -119.10817885398,40.87015902266051,6811.543604458852 -119.10821152313157,40.87014534752668,6973.516077955239 -119.10823757054368,40.87013444150908,7103.999027047916 -119.1082501270208,40.870129179919644,7167.348327785472 -119.10827655806462,40.87011809236406,7301.693243895218 -119.10830881741208,40.870104523767914,7467.590790610681 -119.10832752897073,40.87009662813604,7564.848448994372 -119.10834644296708,40.87008861702086,7664.044094728398 -119.10837774270279,40.87007528277418,7830.23645151309 -119.10841009620502,40.870061362212844,8005.096279914253 -119.10842467985852,40.87005503118782,8085.072346637802 -119.10844607087476,40.87004567636033,8203.779979960733 -119.10847752927793,40.87003174438756,8381.74594847266 -119.1085035246644,40.870020052832125,8532.22108874113 -119.10851284572395,40.87001582132439,8586.98897098187 -119.10853292921863,40.870006634071636,8706.560954113738 -119.10856040767045,40.869993908783,8873.85583375969 -119.10858878126365,40.86998059919414,9051.43815581927 -119.10859780888578,40.86997633037539,9109.045351650217 -119.10861716312085,40.86996712438727,9234.456714155862 -119.10864484161802,40.86995384038882,9418.646968860747 -119.10867273354982,40.86994032247938,9610.563351867606 -119.10868677168509,40.86993347229118,9709.762217042533 -119.10871163352934,40.869921265957245,9890.119801861738 -119.10872307750405,40.86991562781618,9974.685640730893 -119.10874610989723,40.86990480419465,10109.736104092148 -119.10877401984988,40.86989222968477,10233.608252432265 -119.10881358592891,40.86987478017996,10375.605618868862 -119.1088914409555,40.869840792133246,10601.51839473531 -119.10900630423396,40.86979058366425,10875.498462287514 -119.10905044699375,40.86977118069599,10970.456163245102 -119.10914914906527,40.86972764868659,11169.704483038155 -119.1093174723335,40.869653238844194,11481.505586857842 -119.10938548889334,40.869623169471446,11600.837875312787 -119.10955457488275,40.86954848620648,11887.948062574493 -119.10980405472387,40.86943851586996,12296.209422570266 -119.1099247323679,40.86938541078818,12489.599022822034 -119.11019973200288,40.86926460032949,12924.102909848298 -119.1103754723977,40.86918753837163,13198.776567962865 -119.11052902584039,40.869120280754785,13437.470872867996 -119.11081359709608,40.86899562555608,13879.51874670136 -119.11100189854466,40.86891307083436,14172.439338598959 -119.11113106434509,40.86885642885766,14373.52980698443 -119.11139100165909,40.86874241945576,14778.479277162405 -119.1117311237569,40.86859320152316,15308.696054188662 -119.1119015205102,40.86851847229876,15574.327106745366 -119.11226456723475,40.868359338752995,16140.076651483589 -119.11261342467532,40.86820663312128,16683.07237229362 -119.1127558321724,40.86814434544347,16904.515287109632 -119.11304976263233,40.86801588086188,17361.09036715985 -119.11346280774193,40.86783557983378,18001.415044338577 -119.11386226794107,40.86766143080257,18619.084486517087 -119.11406890603641,40.867571416371945,18937.940162067094 -119.11440067165107,40.867427026243575,19448.92709474207 -119.11488274340579,40.86721745650771,20189.180024812318 -119.1153829694521,40.86700030352776,20954.468041458356 -119.11563698308643,40.86689014976223,21341.97690373596 -119.11617179504707,40.86665847876226,22155.342880507586 -119.11646496510996,40.86653162945096,22599.759375961217 -119.1170017016081,40.866299624017635,23410.745002012136 -119.11756774889794,40.866055269306514,24262.265367774406 -119.11797399910283,40.86588012977186,24870.97535917336 -119.11867475943022,40.86557844320937,25916.21533647949 -119.11933195135447,40.865296047541676,26890.925083087637 -119.11962231531601,40.865171426968885,27319.897352166125 -119.12040458809905,40.8648361992858,28470.44759412449 -119.12087945100895,40.86463305397577,29165.221935877285 -119.1217760220788,40.86425014061483,30469.586929307206 -119.12256145272535,40.86391536427874,31604.377894382043 -119.12336803820793,40.86357220067514,32762.11822228272 -119.12467725336154,40.863016480371925,34625.01797880264 -119.12631448429667,40.862323698274906,36926.57079793923 -119.12818947922547,40.86153318702396,39524.48661925369 -119.13055974262852,40.86053810693996,42751.54222256955 -119.13370891248144,40.85922305989696,46942.12017378997 -119.13806417792439,40.857417045725995,52559.37237985985 -119.1439477428226,40.854999448150004,59828.50143918873 -119.155259066775,40.85041762589029,72817.11131397054 -119.16731542890898,40.84562037244103,85309.28945795115 -119.17288285285088,40.843432302256005,90630.09298183738 -119.17888179778454,40.84109238211487,96057.87083383121 -119.19126949250003,40.8363141624778,106296.41238594374 -119.2038030137571,40.83154583960355,115376.88844843647 -119.21646566233302,40.826787519420826,123299.28891795318 -119.22924073636422,40.822039297108596,130063.60212920095 -119.24211153261844,40.8173012550751,135669.8175894506 -119.25506134846442,40.8125734625964,140117.92640951485 -119.26866614919362,40.80764179013126,143529.94934245656 -119.28172556620916,40.80293512290706,145609.18306319963 -119.29481312954398,40.79823883472359,146530.2934894335 -119.30731671120225,40.79376571085793,146329.17663424718 -119.32041105279967,40.789089742178625,144986.67817176998 -119.33348418587728,40.78442416077311,142486.05537412164 -119.3465194075477,40.77976894346373,138827.31127495828 -119.35950000907874,40.77512405437977,134010.45064972315 -119.37240927871478,40.770489446458036,128035.48010974866 -119.3858109014826,40.765655111371366,120550.6613460512 -119.39852203434823,40.761041403869356,112206.86253128453 -119.41111005871083,40.75643811165851,102705.01464901213 -119.42355445493043,40.75184668710714,92045.37274219701 -119.43570716375521,40.747316321323076,80361.23292348474 -119.44177524698479,40.745034554980094,74031.75690637903 -119.4477042382637,40.74279168810488,67491.0106372199 -119.45216994969884,40.74109160732157,62379.683160728644 -119.45528792599896,40.739900021500574,58663.82413572553 -119.45850774811495,40.738664056342444,54759.375367061795 -119.46162883485576,40.73746161606329,50853.8019711107 -119.46295195274539,40.73695044033486,49166.002824912335 -119.46403974239962,40.73652956861775,47760.833099671974 -119.46531582892163,40.736034775384894,46116.93074404789 -119.46693441609341,40.73540630923153,43984.05942579265 -119.46859018515093,40.734761976390246,41773.867403888114 -119.47021427731177,40.73412848943992,39583.272699925765 -119.47145886145871,40.73364202929816,37890.527078727246 -119.47256554742823,40.73320878209282,36371.1708827777 -119.47350667340503,40.73283993276565,35060.044529465384 -119.47430983201347,40.732524824762486,33929.61001024093 -119.47487107648641,40.73230428641212,33149.604525218245 -119.47565163500576,40.731997459867834,32042.57890283047 -119.47636545237593,40.73171662337976,31021.614365099278 -119.47712801173542,40.73141630216719,29929.48701631986 -119.47764925956056,40.73121083010604,29184.596031797762 -119.47813912474061,40.731017672948646,28476.780879200458 -119.47875183351304,40.73077597526617,27585.40669639282 -119.47929485076551,40.73056167393524,26791.923660655666 -119.47981904031376,40.73035467473823,26024.874525925818 -119.48028571184108,40.73017029437179,25341.08426540934 -119.48079055813058,40.729970736868545,24596.685713915056 -119.48103000022843,40.7298760640452,24240.072069791677 -119.48137015256444,40.72974149588181,23736.149099867693 -119.48174184043086,40.72959437279278,23184.526492094934 -119.48212134467506,40.72944410496659,22617.661665287967 -119.48247090431725,40.729305646959794,22092.989849913592 -119.48281055243764,40.72917106331003,21582.326273574163 -119.48314389906372,40.7290389300109,21080.593226258352 -119.48344334217155,40.72892019826895,20629.07095059969 -119.48376273687919,40.728793532888616,20145.375035507615 -119.48405987701464,40.72867566618493,19693.81383877612 -119.48433040612065,40.728568329510665,19281.411674050643 -119.48460260784569,40.728460296977666,18865.732123619167 -119.48474183324554,40.72840503131112,18653.24282970104 -119.48495788492792,40.728319273269264,18321.756317693995 -119.48520859886995,40.72821975291178,17936.506980339094 -119.48544665161523,40.728125267650185,17569.84762693547 -119.48570115694545,40.72802428019171,17176.648278508685 -119.48593737797333,40.72793059128917,16810.555509006877 -119.48603513846409,40.72789183516314,16658.572287403033 -119.48618631718597,40.72783188427159,16423.33293539732 -119.4864166234692,40.72774057620775,16063.70056098432 -119.48664031908388,40.72765186528685,15712.890471993702 -119.48685503009993,40.72756665441943,15374.564514023972 -119.48696569147099,40.72752270069637,15199.458105850805 -119.48716330638673,40.727444138059745,14885.593058544635 -119.48737066678738,40.72736156786198,14554.297368532685 -119.4875887874882,40.72727452913239,14203.384355841099 -119.4876496882464,40.72725019039171,14104.936383937555 -119.48781710274001,40.72718321929042,13833.083288381738 -119.48800550067342,40.7271077155291,13524.92033562123 -119.48820308171031,40.727028392916424,13198.910593952667 -119.4882500594239,40.7270095156966,13120.940451705552 -119.48837069014108,40.726961009880895,12919.966623315113 -119.48847596361027,40.726918651881434,12743.566475240725 -119.48864415413901,40.72685093344996,12459.747571987997 -119.48872464629376,40.72681851247229,12323.016051594466 -119.48883437788662,40.72677429955026,12135.676716739406 -119.48899525579736,40.72670946946982,11858.95162550545 -119.48915844722502,40.72664370523389,11575.660792413484 -119.48919932737533,40.726627232440435,11504.272703644408 -119.48930235521881,40.72658572391433,11323.545170074092 -119.48945217053985,40.726525390649854,11058.650294162459 -119.48955965025553,40.726482135065616,10866.980840034326 -119.48963458950122,40.72645197883742,10732.484710021274 -119.48975102951822,40.72640513679557,10522.043712578494 -119.48989732906176,40.72634627922099,10254.936532944424 -119.48995716045076,40.72632219999352,10144.775826199852 -119.49009167206873,40.72626803092947,9895.025179979222 -119.49023639604793,40.72620966564124,9622.842576584479 -119.49031067069863,40.72617966126459,9481.656817442985 -119.49044520762945,40.72612519550751,9223.130042936426 -119.4905296893929,40.72609089374425,9058.836699502841 -119.49058883188134,40.726066815926764,8942.86840711783 -119.49068471320034,40.72602764795662,8753.09930220266 -119.49079386151143,40.72598280029228,8534.248318304775 -119.49081655464002,40.72597343597074,8488.350988495515 -119.49087521105156,40.7259491773991,8369.082034428158 -119.49095141692376,40.72591751075031,8212.684760841834 -119.49103713864754,40.72588168950574,8034.749573240912 -119.49106800019928,40.72586874395108,7970.158586079534 -119.49113006301623,40.7258426361698,7839.398736122459 -119.49121662578744,40.725806067963,7655.054101049595 -119.49126500628888,40.725785559603416,7551.008322133286 -119.49131010702543,40.725766401296596,7453.325171357674 -119.49138599555087,40.72573408807068,7287.432350929493 -119.49146832820131,40.7256989448032,7105.166104190677 -119.49149158415352,40.7256890040549,7053.226424680408 -119.49154379992208,40.72566665986529,6935.835026665535 -119.4916152571836,40.72563603631978,6773.365367163037 -119.49166100073171,40.725616405236416,6668.185720661899 -119.49169413285766,40.7256021694504,6591.401617551432 -119.49175343219844,40.72557665637819,6452.646383621575 -119.49180872207755,40.72555282032006,6321.650556010011 -119.49184557550268,40.72553690255593,6233.415649625435 -119.49190001990176,40.7255133383989,6101.650071491246 -119.49197270873502,40.725481775830325,5922.928100968029 -119.4920166036257,40.72546265322807,5813.346902059125 -119.49206601390355,40.72544107053677,5688.413294473185 -119.49213535781968,40.725410673579255,5510.0636684689125 -119.49217199249176,40.72539456308735,5414.331213476323 -119.49222258899684,40.725372251052995,5280.284853640768 -119.49228367172597,40.72534521498704,5115.44617940912 -119.49230792177343,40.72533444998825,5049.035190190269 -119.49235625308054,40.72531294033368,4914.92891283475 -119.49241290873826,40.72528763187829,4754.574486748866 -119.4924354055152,40.72527755499601,4689.893166174312 -119.49248861858298,40.72525365898003,4534.4468839130395 -119.49253279076642,40.72523376306928,4402.594739658908 -119.49257310788535,40.7252155610702,4279.838828892607 -119.49262642653515,40.72519143717475,4113.705812057398 -119.49264774480088,40.725181777783675,4045.9978591204263 -119.49268784022252,40.72516358788209,3916.5345863788602 -119.492733663401,40.725142764878036,3764.969313615731 -119.49275880839755,40.72513131995618,3680.048994770985 -119.49280321878999,40.72511106828741,3526.8024709969436 -119.49282524405432,40.725101003068254,3449.1575182621164 -119.49285373978222,40.72508795783997,3346.9833872977656 -119.49288404388616,40.725074053544574,3236.077276009506 -119.49290818696674,40.72506295153967,3145.96470011888 -119.49292696794325,40.72505430151268,3074.765551170552 -119.49295736693998,40.72504027591265,2957.4084096367606 -119.49298226879318,40.72502876823194,2859.3109060586585 -119.49300336560061,40.72501901321858,2774.827746062389 -119.49303488631888,40.72500444412905,2646.304047859415 -119.49305264472297,40.72499624954604,2572.732722846911 -119.49306533410189,40.72499039947704,2519.6304111513173 -119.49308587141938,40.72498094811676,2432.7907517354593 -119.49311033046847,40.72496971585544,2327.870085178562 -119.4931251489572,40.72496292173099,2263.487336424204 -119.4931513777077,40.724950911343086,2147.9767735733662 -119.49317717559138,40.7249391073941,2032.362357636785 -119.49318962931093,40.72493340613754,1975.804882568963 -119.49321151579218,40.724923371539305,1875.182675779844 -119.49323484597254,40.72491263186488,1766.0944627902509 -119.49325119174262,40.72490506622786,1688.4711360846316 -119.49327575969555,40.724893603442354,1569.8271327705475 -119.4932882578847,40.72488771791106,1508.5078356470674 -119.49329913365513,40.724882563020664,1454.586481043935 -119.49331548626039,40.724874745415995,1372.4911009555537 -119.49333308202412,40.724866238022464,1282.7223944899608 -119.4933381442742,40.72486377110515,1256.6102824259099 -119.4933474296252,40.724859246507094,1208.5683134855062 -119.49335080686757,40.72485759518751,1191.0000000004632</coordinates>
                </LineString>
            </Placemark>
            <Placemark id="331">
                <name>Run 33</name>
                <description>States exported: 300 of 6,724
Launch inclination: 88.967 deg</description>
                <styleUrl>#332</styleUrl>
                <LineString id="330">
                    <tessellate>1</tessellate>
                    <altitudeMode>absolute</altitudeMode>
                    <coordinates>-119.10695,40.870683,1191.0 -119.10695000000575,40.87068299999969,1191.000026918448 -119.1069501308234,40.87068299285802,1191.6126113819735 -119.10695798533102,40.87068256059579,1228.3185795185734 -119.10696856551327,40.870682312265956,1270.8069602261617 -119.10698323445754,40.8706824074971,1319.6928350432001 -119.1070049990697,40.87068272700663,1386.9026152328624 -119.10702492531709,40.87068309662674,1445.535364258196 -119.10704256869515,40.870683453577904,1496.0286112516453 -119.1070559785798,40.870683732251145,1533.8196994774446 -119.10708704965694,40.87068438265928,1619.832093549357 -119.1071261255754,40.87068514356576,1725.8008498237643 -119.10714589995378,40.87068549498925,1778.7759082353284 -119.10718224717273,40.87068607451776,1875.2814727679543 -119.10723965311296,40.87068679333785,2025.8549495082343 -119.10726950698314,40.87068706558571,2103.430299624485 -119.10731988482846,40.870687367777,2233.366989186361 -119.10735484856477,40.870687481605685,2322.9674034288687 -119.10740326633548,40.87068751932933,2446.3662422376074 -119.10745385707325,40.87068740963939,2574.4726756993564 -119.10746912178841,40.870687354568986,2612.9962433624846 -119.1075042232307,40.870687239243495,2701.573989088893 -119.10755839834296,40.87068709440707,2838.2415414704897 -119.10759538557502,40.87068702060279,2931.540705805216 -119.1076549609705,40.8706869489811,3081.8320064588775 -119.10768957025341,40.87068693600057,3169.1657650679713 -119.10772538467758,40.870686945663536,3259.5578942215006 -119.10778565537261,40.87068701916497,3411.7518275474963 -119.10782279359812,40.87068710213054,3505.584146848879 -119.10788872171565,40.87068732571731,3672.2704184785725 -119.10793861689729,40.870687563708145,3798.5318945145455 -119.10800947264399,40.87068800929154,3978.023029771915 -119.10806060297547,40.87068841404088,4107.6984680994765 -119.10811339898974,40.870688905853235,4241.748386716625 -119.10818820896218,40.87068973568673,4431.980088501841 -119.10825915553843,40.87069066903468,4612.732762685511 -119.10832277437113,40.87069162898007,4775.131686848722 -119.10837894680671,40.87069257702231,4918.79867197927 -119.10844753784775,40.87069386652669,5094.613441637114 -119.10849238170485,40.870694791730315,5209.808349525632 -119.10856720245613,40.87069648778529,5402.491111017219 -119.10861652108422,40.87069771550039,5529.857801193175 -119.10868461703795,40.87069956026696,5706.233061234346 -119.1087445662634,40.87070133545167,5862.045994707205 -119.10878315359781,40.87070255770399,5962.621714141346 -119.10885679747885,40.8707050714643,6155.235223726434 -119.10890551387547,40.870706873800366,6283.157962546686 -119.1089641084239,40.870709200103526,6437.580905516316 -119.10903197026184,40.87071212613229,6617.235594516859 -119.10905543544492,40.870713199209064,6679.567150851104 -119.10910624873887,40.87071562990797,6814.917280966942 -119.10916977176339,40.87071888540745,6984.866992718562 -119.10921334124117,40.87072125898401,7101.920272580845 -119.10922520828335,40.870721925454966,7133.872991574719 -119.10927228297076,40.87072464789351,7260.936977036259 -119.1093337789387,40.870728398281024,7427.690773669484 -119.10938205903597,40.870731491044594,7559.246329768619 -119.10941669725102,40.87073379008028,7654.0226315446425 -119.10947712170248,40.87073795752247,7820.173806789788 -119.10954195684019,40.87074264964291,7999.76831835001 -119.10956495488482,40.87074436940949,8063.839965110775 -119.10961340903397,40.87074809420266,8199.489913907684 -119.10967650855874,40.87075315393968,8377.61779507369 -119.10973077302343,40.87075770602448,8532.26462914961 -119.10974986360483,40.87075935692631,8587.006635487323 -119.10980202365215,40.870764014539844,8737.510664542551 -119.10986653355951,40.87077010293122,8925.60678484604 -119.10991461607026,40.87077491038202,9067.254483267716 -119.10993917277028,40.87077746084299,9140.086763989548 -119.10998974265075,40.87078293841093,9291.12784767208 -119.1100457258721,40.870789377732834,9460.041904322987 -119.11010131114568,40.87079619451305,9629.577870933386 -119.11012942373755,40.87079981163718,9716.02474157327 -119.11018489451493,40.87080730397811,9888.015450404173 -119.11021727909937,40.87081177592116,9988.523872809468 -119.11028537208735,40.87081646182041,10171.015240174798 -119.1103354558591,40.87081665768267,10285.933480792171 -119.11042620100125,40.87081273144962,10469.71450602987 -119.1105537354673,40.870801335820445,10696.150216221524 -119.1106663964081,40.87078761359264,10877.573422481337 -119.11074355704035,40.870776800229805,10995.05760473916 -119.11090281958346,40.87075192265512,11225.13515297523 -119.11110440596978,40.87071704641109,11499.354966173569 -119.11118006511275,40.87070329652881,11598.829561929253 -119.11138614525912,40.870664760022215,11863.814275909624 -119.11172642910176,40.87059902430407,12289.03588061306 -119.11185827411389,40.8705731331018,12451.12411087207 -119.1122205158015,40.87050131065551,12891.611451406055 -119.11248637429142,40.870448245820654,13211.857437589497 -119.11272209510429,40.870401065273015,13494.39655896986 -119.11308105140441,40.87032925378038,13924.567909158623 -119.11330445123909,40.87028459558579,14192.506103753727 -119.11355145226453,40.870235286500694,14488.858812475493 -119.11401190516699,40.87014347888526,15041.547456034958 -119.11427337753669,40.87009141154759,15355.430692807588 -119.1146469120484,40.87001716950354,15803.634510954395 -119.11513807562217,40.8699197839566,16392.44008875612 -119.11542107490185,40.8698638163656,16731.268047250007 -119.1157071584624,40.869807284560416,17073.516212105205 -119.11619865285284,40.869710368461035,17660.53322877998 -119.11675448834505,40.869600987930085,18322.84651229093 -119.11722044608173,40.869509422262844,18876.69501301641 -119.11751251321253,40.86945209856029,19223.191382944322 -119.11809459762722,40.8693379605094,19912.18762447232 -119.1187710091777,40.869205518156896,20710.12050297257 -119.11917385837017,40.86912673952196,21183.926090526573 -119.11973906298867,40.86901632393328,21846.913275556733 -119.12028238542668,40.8689103066192,22482.25345617722 -119.12092512380153,40.868785022619676,23231.31228217257 -119.12176047976556,40.868622390602106,24200.730633254367 -119.1222613081503,40.86852500414097,24779.663315226037 -119.12316948966668,40.8683486276558,25825.11252998668 -119.12410877865894,40.868166533779615,26900.39005981142 -119.12454765859495,40.86808155536174,27400.750667413453 -119.12565635601544,40.86786723852477,28658.881092237993 -119.12615739538987,40.867770537388736,29224.692008145725 -119.12734521261775,40.86754161427817,30559.304779338574 -119.12834277261581,40.86734971340541,31672.83095675668 -119.12962569324485,40.86710336558171,33095.11259625834 -119.13146398539449,40.86675119447751,35114.04729954455 -119.13374891962106,40.86631478346943,37592.48896961618 -119.13629649712492,40.86582986766715,40315.63124591693 -119.13963670139907,40.86519663299785,43822.55106923448 -119.1439685187529,40.864379603501,48264.81033835609 -119.15021687371848,40.863209102587405,54465.91803721761 -119.15923363067446,40.8615358420428,62995.21064719214 -119.17448602181527,40.85874518474965,76337.09048071149 -119.18989865055883,40.855971700271766,88494.06231114801 -119.20619388405856,40.85308536983036,99964.9210247932 -119.20694642541531,40.85295313813271,100461.32222445424 -119.22021633993707,40.850635888625874,108742.7851565813 -119.2360824642104,40.84789896010064,117497.91089283998 -119.25279954689587,40.84505114687211,125412.40190383299 -119.2688965692184,40.84234017772395,131798.0300441189 -119.28508102395652,40.83964202248665,137025.2216377019 -119.30207648111578,40.83683499259058,141251.38653955018 -119.31838772233253,40.83416322866833,144109.02558227393 -119.33547917644646,40.83138388233981,145857.91908469418 -119.35110309661775,40.82885861432752,146348.93340088965 -119.36821772873172,40.82610643054142,145675.59386629425 -119.38457381531866,40.82348719281125,143846.7420877524 -119.40163986375404,40.82076276883637,140696.12137823208 -119.41791451430879,40.81817003248616,136497.7030096816 -119.43485886470825,40.81547323156294,130869.81910439872 -119.45098212637379,40.81290681262798,124301.85915389875 -119.46773156415063,40.8102373999021,116196.74832829431 -119.48363299400967,40.80769709754736,107259.30208511854 -119.50011144134965,40.805055282311315,96677.13740165466 -119.51571003273523,40.80254284626429,85371.38476033107 -119.52740801500921,40.800649018676154,76043.51956717874 -119.53349503580402,40.79966048420127,70875.64330410307 -119.53856016481737,40.79883582283112,66412.21472054461 -119.54292156253614,40.79812307113572,62475.974242996424 -119.54829032662413,40.797244763281086,57442.89987316157 -119.55165852837094,40.79669171770402,54216.91519420188 -119.55477600063067,40.796179363651724,51156.61022177581 -119.55648841689434,40.795897402493466,49454.29114493892 -119.55948647614737,40.79540309560948,46429.18868103393 -119.56177479963955,40.795025515967566,44072.94557862255 -119.56364763829966,40.794716038234945,42121.858829517674 -119.56494416768365,40.794501190261464,40770.822423118516 -119.5662235393161,40.794289646609926,39406.826796607944 -119.56787790571188,40.79401541367767,37641.82706494215 -119.56936265170894,40.79376898436077,36045.50030607596 -119.57053038772283,40.79357499947601,34780.60216037763 -119.57174740016026,40.793372880318465,33446.344701606315 -119.57259768814404,40.79323171066997,32503.926898389414 -119.57311155535454,40.793146066978984,31942.38412792289 -119.57407318069873,40.792986204242894,30870.722333749538 -119.57490240454503,40.79284829707262,29941.80424064391 -119.57569075078646,40.79271703063131,29059.146783307642 -119.57624547546628,40.792624621484094,28436.75867397718 -119.57708387356107,40.79248508705354,27487.101237372248 -119.57792650170632,40.792344824687646,26528.798244884416 -119.5785887945193,40.79223461285302,25770.530770747133 -119.57915046232787,40.79214112629998,25125.1467110192 -119.57979899282134,40.79203310344351,24378.94256086155 -119.58024087793922,40.79195942893151,23870.818347343247 -119.58080458437018,40.79186549359143,23217.885864569682 -119.58110787076937,40.79181500567638,22863.57701255127 -119.58144102691637,40.79175943277614,22477.341685290517 -119.58186412952041,40.79168891115421,21983.56968475511 -119.58232946502022,40.79161136908351,21438.529369899716 -119.58269288749185,40.79155082271521,21011.53039470869 -119.58300369054822,40.791499002879625,20646.9991120559 -119.58328672571272,40.791451860689065,20313.036935061795 -119.58368746176272,40.79138510797145,19839.630300430614 -119.58404353442685,40.79132579880741,19418.14148691103 -119.58442623672329,40.79126206387811,18964.05766947992 -119.58459203486117,40.79123445881063,18766.9223454264 -119.58488627166419,40.79118550613306,18416.27258919489 -119.5852268803004,40.79112886958578,18009.62248832391 -119.58551665802435,40.791080735815775,17662.871992990564 -119.58581758158128,40.791030828779334,17301.734452848697 -119.5861184138954,40.790981038308196,16939.677256451065 -119.58634542971826,40.79094354973832,16665.709221303547 -119.5865343307598,40.790912386141045,16437.4090726495 -119.58681426689012,40.79086630305789,16098.067827585244 -119.58711418017731,40.790817038758014,15733.15828144019 -119.58735864235534,40.79077695941482,15434.554525325379 -119.58751891345464,40.79075071360632,15238.130832761555 -119.58770631801858,40.79072006547548,15007.868306580136 -119.587969997235,40.79067700101656,14682.48069913185 -119.58824704535,40.790631828590406,14338.71600321 -119.58838631114608,40.79060915169085,14165.116706955469 -119.58854117388172,40.790583978632625,13971.412900242618 -119.5887885632786,40.790543855496004,13660.409043481952 -119.58905955849917,40.79050008389626,13317.304677656839 -119.58916188044513,40.790483618217735,13187.042823905982 -119.58926433566849,40.790467170964895,13056.218823542891 -119.58940655113597,40.790444407936924,12873.943566264306 -119.58959285540257,40.79041472586328,12633.922074711052 -119.58981219677013,40.79038000755866,12349.46710219476 -119.58990980034083,40.79036464176957,12222.229010066874 -119.59010230693724,40.79033450115626,11970.025999861524 -119.59034094451091,40.79029746615439,11655.039550230995 -119.59043448768507,40.79028305629073,11530.83899509516 -119.59055714511136,40.79026426287252,11367.313412634894 -119.5907417056028,40.790236212212456,11119.819853287085 -119.59092295868116,40.790208959795706,10874.972306723705 -119.59098431453428,40.790199802042764,10791.666230400204 -119.59111965183146,40.790179723261865,10607.119274648707 -119.59129868273037,40.79015342437476,10361.232910899462 -119.5914204205598,40.79013571118292,10192.824396267715 -119.59159480142276,40.790110575552724,9949.773360116673 -119.59181215595216,40.79007963334007,9643.606680108933 -119.59188300973199,40.79006963702395,9542.979012607302 -119.59203261232048,40.79004867040203,9329.103885718458 -119.59220862253443,40.79002423344066,9074.884792535417 -119.59224597195292,40.7900190770906,9020.560097851805 -119.59235562305747,40.79000398227808,8860.26949640576 -119.59250846840618,40.78998303411571,8634.74152932114 -119.59258335901436,40.78997279409929,8523.299310156572 -119.59264958491246,40.7899637582319,8424.230213428342 -119.59276495883634,40.78994803956666,8250.413778259443 -119.59288650017392,40.789931519008135,8065.58035972155 -119.59293649372667,40.789924736396536,7989.026092479606 -119.59303101873138,40.789911949365674,7843.440694660838 -119.59314584911687,40.78989648570276,7665.069578352463 -119.59321740291155,40.78988690004004,7553.074072541279 -119.59328169658913,40.78987832913268,7451.860990044685 -119.59338228160854,40.789865012948965,7292.399998846816 -119.59349253691829,40.78985057827217,7115.969178423869 -119.59352023973113,40.789846982406424,7071.358427603711 -119.59360766168305,40.789835717374935,6929.793830513687 -119.59370814472106,40.78982294679031,6765.547867690176 -119.5937721577325,40.7898149190472,6660.0100679008065 -119.59383365608875,40.78980728435237,6557.923751599377 -119.59392246010768,40.78979640518145,6409.246177429812 -119.59401520516862,40.78978522540525,6252.288182086494 -119.5940775981211,40.789777811358945,6145.679239585429 -119.59418406750548,40.78976536299118,5961.750664463951 -119.5942488754674,40.78975791474132,5848.48843202904 -119.59430225035257,40.789751858683076,5754.4302901297015 -119.59437796138916,40.78974339298965,5619.7512929646955 -119.59445946955645,40.78973445488415,5473.031431895253 -119.59451773582077,40.789728183121404,5366.994704662647 -119.5946045812482,40.789719028221036,5207.065003643727 -119.59466379047282,40.78971292493742,5096.670866989498 -119.59472897927168,40.78970634382019,4973.786134839373 -119.59481702807177,40.78969770123369,4805.4498130401835 -119.59486360846424,40.78969325210731,4715.23766313359 -119.5949287207686,40.78968719040247,4587.707291314405 -119.59500940634283,40.78967995834835,4427.220769985466 -119.5950614794657,40.78967547259839,4322.108866058853 -119.59513620974481,40.78966930730878,4169.036208408354 -119.59518309801422,40.78966561514284,4071.5909482880566 -119.59522593683542,40.78966236587695,3981.5717144502037 -119.59529088907266,40.78965767691021,3843.1990754136514 -119.59533979338967,40.78965434246203,3737.442063732239 -119.59540798602315,40.78964998254675,3587.587256801296 -119.59547037387968,40.789646297956196,3447.9087317695517 -119.59550172952017,40.78964455913428,3376.7278594899612 -119.59556120239576,40.78964147438395,3239.82539483025 -119.5955979476787,40.7896397122362,3153.950883789755 -119.59562672836533,40.78963840965331,3085.9902112409063 -119.5956751894291,40.78963637296069,2970.1341636957204 -119.59571916740222,40.789634694512785,2863.44944133279 -119.59574338155046,40.78963384045851,2804.086227412749 -119.59578566628919,40.78963246852949,2699.3765636095095 -119.59581992215263,40.78963147025711,2613.6037412024057 -119.59583740517547,40.789631000145214,2569.513381441888 -119.59586065468758,40.78963041554211,2510.5303482038016 -119.59588503795848,40.789629852611206,2448.2637692456847 -119.59592312422824,40.78962907467854,2350.1437995407778 -119.59595258216771,40.78962855604491,2273.5172906548432 -119.59599362692065,40.78962794793746,2165.649319195701 -119.5960435758021,40.7896273750774,2032.5932236633405 -119.59606698668127,40.789627162550126,1969.5246020924858 -119.59611049361739,40.78962684705283,1851.0621777907552 -119.59614232329042,40.7896266675127,1763.3054676028949 -119.59617285418629,40.78962652353149,1678.2159518266071 -119.59621237070743,40.78962635779656,1566.6802217255508 -119.5962350486855,40.78962626272579,1501.918951711376 -119.5962571624172,40.78962616729724,1438.2106656300425 -119.59628446137536,40.78962603900577,1358.7767112995919 -119.59631418438188,40.78962588236666,1271.2580401378182 -119.59631953288289,40.78962585198997,1255.3918352756268 -119.5963343288319,40.78962576900184,1211.4103686406202 -119.59634116683512,40.78962572921088,1191.0000000000869</coordinates>
                </LineString>
            </Placemark>
            <Placemark id="341">
                <name>Run 34</name>
                <description>States exported: 300 of 6,739
Launch inclination: 89.698 deg</description>
                <styleUrl>#342</styleUrl>
                <LineString id="340">
                    <tessellate>1</tessellate>
                    <altitudeMode>absolute</altitudeMode>
                    <coordinates>-119.10695,40.870683,1191.0 -119.1069500000002,40.870682999998735,1191.000026933821 -119.10695000754477,40.87068295042803,1192.0536312260672 -119.10695033528222,40.870680930984776,1234.8332498021705 -119.10695256464574,40.87067911291014,1280.1425339102123 -119.1069579336717,40.87067712901106,1338.35163833283 -119.10696334717785,40.87067558543482,1386.8648489464601 -119.10697047932858,40.870673788011885,1444.9710015295132 -119.10697575907164,40.87067256538753,1485.2923681436766 -119.10698194758865,40.87067119049639,1530.910042070056 -119.10699262179895,40.87066892983191,1606.3040099738707 -119.10700895146414,40.87066557878247,1716.3929203012055 -119.10702100646809,40.87066312535628,1795.0725620519672 -119.10703908879601,40.870659427109004,1910.266076825843 -119.10706035442166,40.87065500490797,2042.426425872196 -119.10707648889114,40.87065157726093,2140.8192737353147 -119.10709370596716,40.87064784932668,2244.289159847233 -119.10711006172805,40.87064425341889,2341.474721681446 -119.10714341682363,40.87063675741586,2536.6747086081123 -119.10715216373312,40.87063475682628,2587.2209449637376 -119.10716031278507,40.87063289074816,2634.2543491259316 -119.10718398818264,40.870627486916156,2770.984565609625 -119.1072037432703,40.87062299851894,2885.2069476386846 -119.10722942599267,40.87061719355224,3033.9673390116805 -119.10725147919489,40.870612236960255,3162.024341855434 -119.10726687939807,40.87060879197354,3251.6376658231998 -119.10728934962592,40.87060379043225,3382.730975379336 -119.10730913590268,40.87059941246374,3498.5234808076484 -119.10733748133848,40.87059318781705,3665.037621485044 -119.10735775933253,40.87058877121383,3784.661919598772 -119.10738078746103,40.870583794491786,3921.0594669271936 -119.10740832228029,40.87057790197842,4084.981304892521 -119.10742215979165,40.8705749644315,4167.726160231378 -119.10745107803496,40.87056887878407,4341.504846620998 -119.10747163919442,40.87056459525518,4465.815601023754 -119.1075054197068,40.87055763529252,4671.52827154807 -119.10752423291501,40.8705538006237,4786.954632019312 -119.1075522138873,40.87054815435412,4959.887272971867 -119.10757686052982,40.87054323817399,5113.561436584511 -119.10759222367678,40.87054020260607,5210.044715372148 -119.10762295316033,40.870534200750235,5404.77448293621 -119.10764392227586,40.87053016227017,5539.102868585681 -119.10766618809097,40.870525926847996,5683.1552804222565 -119.10769174031279,40.870521137087685,5850.4386578307 -119.10770378231732,40.87051890836235,5930.059166153412 -119.10773178614001,40.870513801443366,6117.328448104333 -119.10775395508665,40.87050984142713,6267.843722049956 -119.1077749590356,40.87050616724438,6412.449997949791 -119.10780089883926,40.870501747873504,6593.9625875379315 -119.1078145327033,40.870499483853074,6690.757995719695 -119.10782858421959,40.87049719225111,6791.56572130404 -119.107845495485,40.87049449755479,6914.393931265917 -119.10786955868612,40.870490785528446,7092.158020031164 -119.10787801604481,40.87048951460911,7155.521545373506 -119.10789471166336,40.870487054266924,7282.06365703437 -119.10791709751228,40.87048385468799,7454.9725012813615 -119.10793077982031,40.87048195212458,7562.63892760004 -119.10794497374847,40.870480016859645,7676.179775531837 -119.10796640519858,40.87047716305777,7851.505175400275 -119.10798603477586,40.87047461263497,8016.951660178286 -119.1079942729228,40.870473559654975,8087.98511752818 -119.10801225052235,40.870471299251456,8246.675644272256 -119.10803292569541,40.870468762231816,8436.471148824947 -119.10804342520812,40.87046750148471,8536.366339101174 -119.10805271810185,40.87046641416119,8626.948393834657 -119.10806633721212,40.870464869085666,8763.891800079713 -119.10808304932903,40.87046309195261,8939.56287654253 -119.10809530805581,40.87046190467311,9074.542005327059 -119.10810401404053,40.87046113395985,9173.98695576069 -119.10811854323428,40.87046002839763,9347.509939040758 -119.10813353938968,40.87045917971632,9538.301820506524 -119.10814235655461,40.87045885688888,9657.10033168197 -119.10815312994322,40.87045868339564,9810.17079535172 -119.108162400919,40.87045877353314,9950.14874890042 -119.10816524820689,40.87045875256642,9991.01975377841 -119.10819053162231,40.87045449751447,10198.386262914306 -119.1082120192757,40.870449185020625,10312.532670817822 -119.10826763045857,40.87043317627062,10534.19883880064 -119.10834540343554,40.87040827881629,10773.850364628008 -119.10838958028131,40.87039339466734,10892.489514303941 -119.10843959901038,40.87037608163319,11017.46503582575 -119.10852213503384,40.8703468297407,11208.527420393919 -119.10865148127007,40.87029994642155,11482.917815222929 -119.10871278943392,40.87027746333,11605.866446549939 -119.10887008688158,40.87021941622742,11909.363292379037 -119.10910286403589,40.87013307663146,12339.65957619398 -119.10921526717785,40.87009130329646,12542.582670157557 -119.1094698693914,40.86999666680329,12995.150437345224 -119.10961219920482,40.86994379294805,13245.339621120856 -119.1098190502951,40.8698669831325,13606.892129424761 -119.11013651990412,40.86974903970549,14162.587446597854 -119.11020751506926,40.869722651546816,14287.048689931984 -119.1104433645339,40.86963502035297,14700.773032198993 -119.11077695445802,40.86951106159999,15286.610086692433 -119.11087559408242,40.86947442644192,15459.885716935622 -119.11117498897663,40.869363318861886,15985.731676471467 -119.11157157908765,40.86921643589254,16681.540146446478 -119.11167146887041,40.86917949212025,16856.603248217933 -119.11192743958077,40.869084889937895,17304.82535402089 -119.11226576714331,40.868960053894206,17896.129735520695 -119.11262413504096,40.86882802973173,18520.898481676108 -119.11286026333589,40.86874113028818,18931.608749086303 -119.1131407178739,40.868638042949385,19418.412178115163 -119.1135913904739,40.86847260619207,20198.213926721604 -119.11403467751514,40.868310158677374,20962.23810926228 -119.11418509155519,40.86825510047672,21220.80847825689 -119.11461048191462,40.86809954228549,21950.18012385764 -119.11493873989689,40.86797966463554,22511.08616215504 -119.11538066528462,40.86781847514876,23263.557562332284 -119.11595819196484,40.86760815335653,24242.2975095576 -119.11624646106141,40.86750332400116,24728.83168001453 -119.11688330181902,40.867272092764495,25798.947134045982 -119.11754404125159,40.86703272610774,26902.267156325084 -119.11786278670249,40.866917438217136,27432.03061314141 -119.11860205471199,40.866650572207604,28654.43759686735 -119.1188917461211,40.866546186787666,29131.073032548407 -119.11965495902454,40.86627161378034,30380.520601279346 -119.12039632215965,40.86600550852077,31585.53802208139 -119.1211391420787,40.86573946004355,32784.43209994456 -119.1224076485704,40.865286390683195,34812.31098028418 -119.12390202236668,40.864754622279825,37170.17271084784 -119.12563620373108,40.864140109621545,39864.82686179773 -119.12797225336583,40.8633165339218,43425.224876057444 -119.13087821082017,40.862298511784466,47745.180831634505 -119.13508293999591,40.8608376382342,53787.37931314152 -119.14138400621779,40.85867365004761,62396.441059254255 -119.1522749660813,40.85499854152124,76081.51210336926 -119.16312762387052,40.85140967433221,88305.49709440938 -119.17099274369794,40.84884943628048,96334.29256083591 -119.18264117712071,40.845113389361245,107010.28518826311 -119.19393006395364,40.84154888872313,116037.84957024848 -119.20586727639025,40.83783200419286,124237.66207681436 -119.21739745868805,40.834286039820306,130896.68362632091 -119.22955041269648,40.830588723271674,136620.26859199876 -119.24125202144889,40.827061629351064,140910.70507607432 -119.2535476676273,40.823384171492016,144158.02525860854 -119.26535082685378,40.819876169540414,146079.84821024394 -119.27771611348577,40.81621874270294,146850.8814448711 -119.2890130871307,40.812888318951174,146449.50807597762 -119.30137582887365,40.80925053085175,144799.2761665354 -119.31317406540464,40.80578049826036,142036.48095922172 -119.32546196519148,40.802162733407464,137909.96320918825 -119.33715367209959,40.798711782635166,132778.5561284908 -119.3492936581251,40.7951138666344,126175.7761908912 -119.36132977485404,40.79152600716419,118307.36635117797 -119.3727275490286,40.78810354756311,109596.79346745597 -119.38450329699066,40.78453574510346,99252.25066174711 -119.39560935490861,40.78113490085594,88173.81775978694 -119.40552721194429,40.77806254681741,77140.13724860043 -119.4087961655767,40.77704185437401,73248.0318377525 -119.4145388885503,40.775238264180146,66081.61395681788 -119.41810884076904,40.77410889369417,61458.8300040033 -119.42097957077296,40.77319708616239,57586.35995559628 -119.42361129124333,40.772357076642635,53975.440738793994 -119.42595520439725,40.77160614228237,50672.85784383334 -119.4277184710833,40.77103959236252,48122.494922842634 -119.42896430093508,40.77063791808367,46323.461954554456 -119.43031455385513,40.77020206926561,44316.026778395775 -119.43129015929036,40.76988626751453,42871.75765483963 -119.43263608168547,40.769449919257056,40842.332898421395 -119.43360321649138,40.76913591149328,39354.01619112231 -119.43471895267952,40.7687728194474,37638.11898923954 -119.43570127605373,40.768452518981015,36118.26503222502 -119.43657003017954,40.76816884333562,34758.854361557045 -119.43711348711587,40.767991306326635,33888.858336890866 -119.43768073668494,40.76780562287782,32998.45374672959 -119.43817269945748,40.767644572903514,32207.533487956036 -119.43870818966305,40.76746907234264,31349.02843522618 -119.43898712497895,40.76737759475052,30900.804474133052 -119.43936141980048,40.76725476090548,30300.601879063757 -119.43990094005949,40.76707762213783,29428.231695039347 -119.44035073375294,40.76692991818418,28689.20202656424 -119.44079422276944,40.76678414754009,27965.623288924664 -119.44126854199375,40.766628164511886,27190.85690579153 -119.44169993760563,40.76648626341134,26479.36460327493 -119.4420279513272,40.766378351277844,25932.027124939774 -119.442340451593,40.7662754384027,25417.965755791287 -119.442744103987,40.76614248894724,24746.20697955403 -119.44312144588737,40.766018132311515,24113.90346846423 -119.44344269921365,40.765912215856325,23573.494159290072 -119.4437910162742,40.76579728514231,22988.60691737135 -119.44398438378153,40.76573344973911,22663.721992856237 -119.44416259386131,40.7656746210731,22362.0358770854 -119.44445098495743,40.765579369294045,21874.85801769701 -119.4447809348961,40.76547037350892,21314.19635058137 -119.44506752579451,40.765375681388505,20825.16717402425 -119.44534248965726,40.76528480550029,20354.753171413988 -119.44562213977713,40.76519235463423,19875.5356452079 -119.44586493775279,40.76511206497843,19458.73776136258 -119.44609399642147,40.765036302111824,19064.55612697198 -119.44623210497163,40.76499062127162,18825.514089476117 -119.44640159414102,40.764934558555126,18532.822866451086 -119.44662184774403,40.764861704117905,18151.108816890857 -119.44685452844178,40.76478476034898,17746.51004277289 -119.44707107294056,40.76471318878026,17368.76751725137 -119.44730718908703,40.76463521058965,16955.629951362254 -119.44746282565882,40.764583861792005,16682.36248886308 -119.44754341382539,40.76455727944548,16540.750328944978 -119.44771552805254,40.76450052307113,16237.187302323131 -119.4479273137781,40.76443071146692,15862.241496175944 -119.44813748713439,40.76436142392139,15488.190820144 -119.44825906505771,40.76432131870488,15270.780700905301 -119.44839798566461,40.76427547962651,15021.393491767112 -119.44856069256815,40.76422173727085,14727.722201715269 -119.44874593492246,40.76416046440456,14391.145121006231 -119.4488679234504,40.76412005202873,14168.036404276563 -119.44894095225285,40.76409584208666,14033.9051767436 -119.44904968076858,40.76405977401917,13833.307888148474 -119.44917330199651,40.76401873140993,13603.86644899762 -119.44928465345865,40.76398173519261,13395.865251535766 -119.4493953232291,40.76394495106186,13187.778477664824 -119.44946175522271,40.76392286959613,13062.211929449537 -119.44960280483595,40.76387598278086,12793.891679073642 -119.44974872221867,40.763827498582806,12513.730054110118 -119.44985189776776,40.76379324295723,12313.978065749088 -119.4499526254645,40.76375982331092,12117.60932983861 -119.4500975940338,40.76371178983546,11832.536116776982 -119.45022904782186,40.76366831037113,11571.44595603408 -119.45028418388938,40.76365009944222,11461.161930579494 -119.45038992731995,40.763615225831344,11248.306324629442 -119.45051737095481,40.76357329996352,10989.301643590343 -119.45058138890157,40.76355229011031,10858.124611891735 -119.45064407484031,40.763531738853814,10728.931305801301 -119.45077036760345,40.76349042532459,10466.313464448576 -119.45088488800982,40.76345304496006,10225.266025382407 -119.45095774059384,40.76342929717659,10070.373363793415 -119.45109137200247,40.763385784561606,9782.868203372975 -119.45118043483299,40.76335680298751,9588.62412070943 -119.45126971867644,40.76332774591822,9391.62386896908 -119.45138488403077,40.763290231377795,9133.882427057959 -119.45143029952226,40.76327541709454,9031.037570220515 -119.4515038795977,40.76325136402912,8862.873642133101 -119.45159550578308,40.76322129359315,8650.63416740282 -119.45164772306336,40.76320407404983,8528.180090050493 -119.45168720182906,40.76319101914366,8434.858412379117 -119.45175342484525,40.76316903124304,8276.807315672093 -119.45183499986847,40.76314179335737,8079.425874065168 -119.45187162523679,40.76312950750055,7989.802498522033 -119.4519321521939,40.76310914562412,7840.3129893895375 -119.45200820468784,40.7630834618486,7649.968140004405 -119.4520475055035,40.763070154848755,7550.48723793663 -119.45208160109219,40.7630585965914,7463.529147554659 -119.45214309502961,40.76303772633492,7305.133807662537 -119.45221418662231,40.763013586090096,7119.374187462566 -119.45223263253574,40.76300732420417,7070.687886395583 -119.45228688971824,40.7629889053828,6926.2225768677845 -119.45234926122687,40.76296774918442,6757.711680465627 -119.45238609094486,40.76295526899397,6656.891539645047 -119.45242050966347,40.76294360924545,6561.735367455979 -119.45247509782585,40.76292512987504,6408.840885991846 -119.45252896513553,40.76290689983239,6255.423128126503 -119.45255965633099,40.7628965132987,6166.809281614072 -119.45260991959331,40.76287949984816,6019.664199658659 -119.45266368962416,40.762861289035364,5859.282315877929 -119.45269355701498,40.76285116971035,5768.779937565034 -119.45274525733855,40.76283364501868,5609.5528641373185 -119.45278820655004,40.76281908343364,5474.638721624933 -119.45282375557791,40.762807029158445,5361.025553617904 -119.45287547491603,40.76278949077425,5192.3440987017675 -119.45291294272846,40.762776784500474,5067.4401183702275 -119.45295353300457,40.7627630221402,4929.347032330908 -119.4530027771447,40.76274633463533,4757.588764195511 -119.45302085683738,40.76274021321525,4693.2723499926915 -119.4530560309708,40.76272831689557,4566.052040400747 -119.4530984537266,40.76271400422992,4408.624313458129 -119.45312581090086,40.76270480385812,4304.577257996575 -119.45316916843532,40.762690287500895,4135.255287988493 -119.45319128156694,40.762682922175024,4046.6532472459785 -119.45321656868772,40.76267453436055,3943.329475701562 -119.45325286793611,40.762662566173994,3790.983577615382 -119.45327654626605,40.76265480725976,3688.83807947757 -119.4533110345444,40.76264357548826,3535.7692108286565 -119.45333076932391,40.76263718519366,3445.7009124398232 -119.45335119573191,40.762630600306146,3350.4235225812536 -119.45337669440723,40.762622423519645,3228.3410431066886 -119.4533931188007,40.762617183327365,3147.7237106586563 -119.45340662573587,40.7626128913019,3080.2271676240425 -119.45343086194727,40.76260523193209,2956.26696208712 -119.45344842534507,40.762599718923035,2864.111155149888 -119.45346147789515,40.76259564676686,2794.3538082456466 -119.45348202801209,40.762589285516384,2682.3510306502685 -119.45350054929783,40.76258361738817,2579.2083948878194 -119.45350957676548,40.7625808782324,2528.169317785559 -119.45352345910615,40.762576699475936,2448.7262071838727 -119.4535379852479,40.76257236981132,2364.3181848850263 -119.4535493813951,40.762569003684916,2297.158567982838 -119.45356501798715,40.76256442535842,2203.615005458389 -119.45358324209013,40.76255914308618,2092.4899170641415 -119.45359300556458,40.762556333457674,2031.9912199714927 -119.45360215906473,40.76255370829257,1974.6269861932328 -119.45361944212928,40.76254876636399,1864.5514100035468 -119.45363465975834,40.76254441301684,1765.5867029505366 -119.45364721867405,40.76254080452522,1682.368628823947 -119.45366577194373,40.76253541794835,1556.6757751214861 -119.453674869978,40.76253273946743,1493.7544678243216 -119.45368640885975,40.7625292998868,1412.6372492560135 -119.45370243083553,40.76252442945129,1297.4258353491787 -119.4537075290288,40.7625228540358,1260.1030184160566 -119.45371307301644,40.76252113753388,1219.325604665752 -119.4537169040714,40.76251994732671,1190.9999999999445</coordinates>
                </LineString>
            </Placemark>
            <Placemark id="351">
                <name>Run 35</name>
                <description>States exported: 300 of 6,737
Launch inclination: 85.248 deg</description>
                <styleUrl>#352</styleUrl>
                <LineString id="350">
                    <tessellate>1</tessellate>
                    <altitudeMode>absolute</altitudeMode>
                    <coordinates>-119.10695,40.870683,1191.0 -119.10694999997493,40.87068299999376,1191.000026728389 -119.10694886836076,40.87068271854915,1192.2063843497613 -119.10691883214658,40.870675248691576,1224.1241629245462 -119.1068720411565,40.87066352766403,1274.565140900566 -119.10680336634607,40.87064594741985,1351.8346422709467 -119.10672418764803,40.8706253783697,1442.5402275592958 -119.1066907689298,40.870616627280825,1481.1091610214573 -119.10665382440948,40.87060691546522,1523.858411758092 -119.10658186924985,40.870587892640934,1607.4454428628633 -119.10647568826805,40.870559541689445,1731.343748589769 -119.10640970399615,40.8705417711914,1808.5426491427459 -119.10629799922359,40.870511436887625,1939.4771613325408 -119.1062030557414,40.870485407101555,2050.959105252149 -119.10609574493556,40.870455716230424,2177.1425936912437 -119.10598462376387,40.87042469890893,2307.973147967794 -119.10587311586221,40.870393340677396,2439.372332985789 -119.10575382465201,40.87035952877402,2580.096105744417 -119.10568531939906,40.87034005228226,2660.8996112513305 -119.10559639712721,40.870314798029206,2765.657259923123 -119.10549764331641,40.87028679196006,2881.8130018456377 -119.10537799116757,40.87025292356213,3022.2750713020678 -119.10526291967838,40.870220426254185,3157.0551890477527 -119.10518660383168,40.870198916326885,3246.2725575824456 -119.10504143073975,40.87015810097868,3415.593355536592 -119.10495920250519,40.87013504499315,3511.264224655417 -119.10481867954026,40.870095755483135,3674.352784899704 -119.10471728365731,40.870067497505374,3791.703507377818 -119.1045778116502,40.870028759536886,3952.6592706111587 -119.10445275214123,40.869994160005604,4096.514676042544 -119.10434885260617,40.869965513545914,4215.684071080522 -119.10420876329339,40.86992703552832,4375.852057899602 -119.10411065181083,40.86990018849211,4487.668864065838 -119.10392195246048,40.869848790737585,4701.878742402842 -119.10384306360139,40.869827396903645,4791.093855846764 -119.10368015159604,40.8697833987964,4974.677092167627 -119.10354865387812,40.86974806659651,5122.203404742655 -119.10341297087643,40.869711787211905,5273.792516621509 -119.10324089596855,40.869666046284046,5465.089275887955 -119.10315956676168,40.869644535271775,5555.123975966059 -119.10299976501376,40.86960247711409,5731.303113425063 -119.10287996196816,40.86957113158027,5862.737572524275 -119.10276059368411,40.86954006358604,5993.1333773195265 -119.10260209991874,40.86949907189701,6165.384958225573 -119.10249363106462,40.869471194574345,6282.6786110864805 -119.10236679609257,40.869438784958014,6419.216545642954 -119.10217329233664,40.86938974331224,6626.224932912974 -119.10210327975807,40.86937212256779,6700.7327392406205 -119.10198427734319,40.86934231875517,6826.899476777865 -119.10183652256208,40.869305576753966,6982.706734934802 -119.10171885612849,40.86927652237543,7106.116036980292 -119.10163537164483,40.86925601427884,7193.310608365735 -119.10148126744402,40.869218388970275,7353.465026872863 -119.10130691850918,40.86917616543478,7533.39708045124 -119.10127093543744,40.86916749486194,7570.364036653141 -119.10117494779412,40.869144441898555,7668.677967028556 -119.10102339863268,40.8691082578109,7823.032850703716 -119.10084175867534,40.86906523224289,8006.58602164704 -119.1007626417028,40.86904660958155,8086.027621102797 -119.10059619076402,40.869007665870505,8252.141623907046 -119.1004201692152,40.86896683373425,8426.26693031117 -119.10030912546907,40.86894126335501,8535.285432397808 -119.10022460203628,40.86892190552505,8617.841122337935 -119.10007294183126,40.868887400676996,8765.037675006 -119.09990736083111,40.868850082004414,8924.387843780552 -119.0997501940857,40.86881501910167,9074.340023263661 -119.09964798950273,40.868792407371096,9171.177967166488 -119.09945182139701,40.86874944775193,9355.569095053645 -119.0992588209885,40.86870774884485,9535.101310533064 -119.0991421765026,40.868682822814336,9642.709286907391 -119.09901488241921,40.86865585728007,9759.3795227033 -119.09883425027803,40.86861802118423,9923.5793236605 -119.09875735517035,40.86860153572631,9993.81696446416 -119.09858843462989,40.86856058707423,10154.825406002035 -119.09844732022036,40.86852071682177,10297.307192493974 -119.09823353657298,40.868449232117904,10528.518906087545 -119.09796899689728,40.86834077231257,10841.615075496758 -119.09790097858867,40.868309199965104,10926.971380323661 -119.09775398329111,40.8682358610759,11118.080538004915 -119.09754491983409,40.868120029792394,11405.103730957342 -119.09741191271063,40.86803992601293,11596.264681201379 -119.0972769863522,40.867954833745664,11795.337693958414 -119.09704563851558,40.8678022765643,12145.64218978821 -119.0968768170209,40.86768707700846,12406.49607250807 -119.09662115633371,40.86750841556511,12807.151106741014 -119.09637843612187,40.86733579879821,13191.506444352772 -119.09627330850051,40.86726045153858,13358.730161361042 -119.09596362356041,40.867038385661715,13851.02391333534 -119.0957543345099,40.866888904387025,14182.392736606938 -119.09559920055219,40.86677839226405,14427.395578947222 -119.0952864827863,40.86655625629122,14919.791710574618 -119.0950353848662,40.86637840913171,15313.886666429771 -119.09482776373694,40.866231623174585,15639.07587585686 -119.09441273232352,40.86593878180035,16287.506007094113 -119.0941364846762,40.86574415978806,16718.198497716825 -119.09390307029783,40.86557985374177,17081.51896975684 -119.09356607283101,40.86534274382195,17605.40499398606 -119.09316845365399,40.86506304296038,18222.552415033253 -119.09277954576194,40.864789404544446,18825.272741341738 -119.09262755400678,40.864682426156286,19060.60901676246 -119.09226450346742,40.864426836372985,19622.173795421164 -119.09175992268942,40.86407134180945,20401.518192057876 -119.0913555634531,40.86378620700152,21025.123103583213 -119.09098254117234,40.863522974386626,21599.624867346698 -119.09045511420895,40.863150432014876,22410.69011864906 -119.09010490222907,40.8629028182963,22948.417208954277 -119.08941420728942,40.86241386921713,24007.005930527586 -119.08910087844117,40.862191787589,24486.367489183118 -119.08849004147699,40.86175833941888,25419.40190653364 -119.08778419083211,40.86125662782686,26495.087440686893 -119.08740240548738,40.86098488553922,27075.794863643867 -119.08680094449672,40.86055628986805,27988.93402164427 -119.08621597745027,40.86013886214979,28875.03793497289 -119.08564075601048,40.85972779910094,29744.436002116232 -119.0846474868025,40.859016727465054,31240.902397428265 -119.08410111130037,40.85862487140937,32061.461143913715 -119.08293458675162,40.85778663217096,33806.94643846406 -119.08154401736715,40.85678449158348,35876.019636184705 -119.07983565195678,40.85554902006655,38400.15220279688 -119.07787941640257,40.85412852977843,41265.76688775705 -119.07526663033295,40.85222179864175,45050.794391115815 -119.07226156459451,40.850015417599224,49342.55943191065 -119.06799244432779,40.84685646912326,55322.74191588249 -119.0607728362721,40.84144942888737,65110.293555970995 -119.05009391608364,40.83330393741954,78790.89852072486 -119.03959998578183,40.8251315574295,91239.02749071627 -119.0364308136233,40.82263157501202,94792.25879672186 -119.0308900894512,40.81822612443405,100763.8727095369 -119.02116995838763,40.81039422776064,110468.62662800419 -119.01116000375784,40.80219815272949,119378.70157393039 -119.0017133703216,40.79435070930546,126719.29600895352 -118.99195293402086,40.78613859489741,133157.7239077719 -118.9827101475337,40.778275988318626,138134.11147674656 -118.973126418606,40.770048179330146,142100.84830612753 -118.96401782640035,40.762170683630906,144712.9938046146 -118.95453798297028,40.753927407696075,146208.01028238895 -118.94590476677797,40.74639407727727,146469.70114427866 -118.9364560870448,40.738135784859544,145547.9106543758 -118.92740779773813,40.73022920827431,143484.06358402263 -118.91791899154062,40.721955551758384,140090.53959368705 -118.90879749962662,40.71403423518991,135662.4315545671 -118.89919575205928,40.70574509613006,129797.19026482398 -118.88950817791921,40.69744797338243,122668.63851102645 -118.8801440248268,40.68950411117586,114667.92097077929 -118.87023403788055,40.68119158159969,105067.72788116783 -118.86062465126474,40.673234860392824,94703.00701243305 -118.85042818693273,40.664914105819285,82632.93376426098 -118.84488767353511,40.66044849307318,75640.17370812714 -118.84021386760536,40.656714744782896,69490.7646599725 -118.83683423990746,40.654032547539686,64929.357535078314 -118.83361241087869,40.65148962301244,60492.296473391434 -118.83065810918494,40.64917119130649,56333.924988008344 -118.8288728148478,40.64777597209377,53785.355252787 -118.8269295053248,40.64626217426374,50982.32059442993 -118.82571046426858,40.645315497322485,49204.75347389972 -118.82432301201929,40.64424040746488,47168.61060552378 -118.82321675991498,40.643385223538054,45532.66658729112 -118.82151785522002,40.6420747436395,43006.62254413965 -118.82001677740989,40.64092052578055,40751.20359574221 -118.81921178865966,40.64030372120362,39523.51583849697 -118.81803175886759,40.63939973376159,37731.638272796474 -118.81706956168607,40.63866370653002,36266.124464852874 -118.81619202954568,40.63799399973715,34917.59714848731 -118.81541375402446,40.637401393358,33710.72867797364 -118.81499325109884,40.63708087261796,33064.53548267802 -118.8141651945286,40.63645121067587,31778.169775968632 -118.81359123426212,40.636015649071986,30879.184394430154 -118.81297692548556,40.635549826439494,29915.46946796313 -118.81242837381242,40.6351339517448,29056.239941246127 -118.81196240277636,40.63478083251856,28326.20338255535 -118.81169632808707,40.63457986739603,27902.051278348066 -118.81138774150327,40.63434614304491,27418.3736149824 -118.81103694475325,40.634081281140816,26859.261358946835 -118.81073106164122,40.633849848506905,26378.068058782002 -118.81029638497463,40.63352170713003,25686.281235549442 -118.80990398203092,40.633225762077714,25059.18435540414 -118.80949403557699,40.63291658860415,24404.78917629199 -118.80911665476833,40.63263205114436,23802.33394348812 -118.80877026612364,40.63237107221455,23247.874223421302 -118.80855898311488,40.63221218272949,22906.695869767376 -118.80832250881274,40.63203409033467,22528.257971269777 -118.80812457118522,40.631885342111055,22208.165794006884 -118.80782853666352,40.63166273971387,21731.570536292773 -118.80751792739905,40.63142932438525,21230.730991040477 -118.8072238755616,40.63120854931909,20755.259531814423 -118.80702275155932,40.63105771826422,20428.720440167777 -118.80681712006803,40.63090343973628,20096.048538690146 -118.80653977051676,40.63069556341587,19645.888982788354 -118.80627298397916,40.63049577830144,19212.024883397113 -118.80606170785063,40.63033769621175,18867.81822051196 -118.80594130347659,40.63024761416558,18672.08312094658 -118.80576188202808,40.63011355717092,18379.29544736989 -118.80552053343423,40.629933378072785,17985.580696125373 -118.80527626981656,40.62975129800204,17586.768430110078 -118.80502493127551,40.62956431346186,17176.04372031364 -118.8047860991589,40.62938705264456,16785.527613859616 -118.80468352656703,40.62931106794052,16617.740424657943 -118.80450173327438,40.629176671405084,16320.43738185123 -118.80428621103567,40.629017811267595,15968.11881235336 -118.80406730046421,40.62885708637411,15610.577287085423 -118.80388089559294,40.628720813156924,15306.567155116147 -118.80381117941796,40.62867000022399,15192.966464307126 -118.80366056108292,40.62856052913818,14947.870138106451 -118.80344668719074,40.628405880686365,14600.620331869884 -118.80322960307772,40.628249975740175,14249.317031071481 -118.80314324905602,40.628188283006494,14109.955381137968 -118.80297956708708,40.62807192604992,13846.420167058996 -118.80277748044504,40.62792938172422,13522.364644264719 -118.80258705070872,40.62779631964466,13218.478068415921 -118.80254102850765,40.62776436004405,13145.265670827237 -118.80242504914614,40.62768411674279,12961.106938138235 -118.80226241673994,40.62757245966608,12703.864713906905 -118.80207155391528,40.627442702102094,12403.416332674125 -118.80198336512085,40.62738322148261,12265.117289335283 -118.8018362119642,40.6272846364238,12035.087711903898 -118.80168918387285,40.62718697995954,11806.171439959502 -118.80153598742564,40.6270861309715,11568.621827796875 -118.80146962403974,40.62704273882885,11466.033854642526 -118.80132855015347,40.6269511073933,11248.60355434734 -118.80116062928805,40.62684314494335,10990.969880313816 -118.80107804119442,40.6267905004186,10864.737698101664 -118.80097306413404,40.62672401845764,10704.766848670331 -118.80080137033221,40.62661636263737,10444.306980723393 -118.80065429158304,40.62652521627173,10222.407902538062 -118.80051329462634,40.62643878159758,10010.77992506443 -118.80032385431231,40.62632412115838,9728.19984897767 -118.80022876946896,40.626267212570305,9587.150506860551 -118.80011156048404,40.62619764871468,9414.017356535205 -118.79992424581674,40.626087824943504,9139.0603323157 -118.79984055152484,40.62603928719413,9016.909307997681 -118.79972974362347,40.62597551366848,8855.86556457141 -118.79957482018796,40.62588726926753,8632.02753101593 -118.79950316728811,40.625846808101066,8529.031205547295 -118.79943865660515,40.625810569954446,8436.577526012805 -118.79935808377081,40.62576555641527,8321.482471511297 -118.79923104257264,40.62569513725174,8140.835605597896 -118.79915026952385,40.62565071392476,8026.498812452962 -118.79907524005841,40.62560969372084,7920.636480989342 -118.79896250615515,40.62554849711739,7762.189872710471 -118.79883899866576,40.62548205687852,7589.4045730904645 -118.79880139100605,40.625461951531534,7536.952185299667 -118.79869818050591,40.62540709583155,7393.3998825470535 -118.79857766357824,40.62534363898002,7226.488569812648 -118.79848644672944,40.62529605702833,7100.67218960401 -118.79842382298203,40.62526361908792,7014.558525175073 -118.79829972763086,40.6251999073371,6844.5527428990545 -118.79817555381203,40.62513693550308,6675.314743634304 -118.79814159183239,40.62511985086988,6629.183678993028 -118.79805156353028,40.625074846651515,6507.220652512159 -118.7979319085596,40.625015683204786,6345.864851570667 -118.79784728945673,40.62497429212331,6232.272168252257 -118.7977369335672,40.624920869501494,6084.774867769869 -118.797596009909,40.62485356729591,5897.488500349175 -118.79752732100523,40.62482113602526,5806.6349201578505 -118.79742663983986,40.62477404415149,5673.974667686531 -118.79729065914452,40.62471128258994,5495.756469648275 -118.79724006475132,40.62468817850647,5429.723322692636 -118.79714877296855,40.62464682925184,5310.950207191482 -118.7970254340453,40.62459165894969,5151.24256035303 -118.79697164243272,40.62456784731375,5081.859527040913 -118.79686627739044,40.6245216473084,4946.4234839599285 -118.79674599031793,40.62446962049639,4792.554142287833 -118.79668630666478,40.62444409133405,4716.499137358634 -118.79658562235937,40.624401461738245,4588.632835688381 -118.79647489716004,40.62435522394285,4448.640595270595 -118.79637988618062,40.62431609492358,4329.0310387002955 -118.79625597155648,40.624265822549496,4173.716707897928 -118.79618097090159,40.62423581235316,4080.0680041435858 -118.79611896948118,40.62421123911586,4002.8452948147283 -118.79602296649679,40.624173609455504,3883.607227885823 -118.79592549584844,40.62413591957767,3762.9426159203313 -118.79583403806608,40.62410101912241,3650.065183577076 -118.79571363832143,40.62405574640657,3501.941995571025 -118.79564174624925,40.62402907048337,3413.735862646821 -118.79555331049207,40.623996615055084,3305.4575494326423 -118.79543872453438,40.623955140419824,3165.4978703628462 -118.7953988646579,40.623940862048606,3116.88878040168 -118.79533460764021,40.62391799997949,3038.594928017739 -118.79523704425783,40.623883641819916,2919.840949355687 -118.79516856471565,40.62385976816296,2836.5398681101024 -118.79508592969455,40.62383120967207,2736.022168690766 -118.79499201648416,40.623799063553946,2621.715748991258 -118.79494635626466,40.623783545796925,2566.0849644922178 -118.79489611681353,40.623766554925204,2504.829634019978 -118.7948130665358,40.62373864720992,2403.421714204544 -118.79473179497674,40.623711547755065,2303.986769700307 -118.79468028568225,40.62369447474126,2240.8484352061523 -118.79458229878368,40.62366220396347,2120.4551152225476 -118.79450911992392,40.62363826824739,2030.269866842682 -118.79444843192758,40.62361851616543,1955.2846864900366 -118.79435334279663,40.623587728142894,1837.4083500641736 -118.79428674506234,40.623566267547616,1754.5487702123091 -118.79421008119812,40.62354165218028,1658.8307670204026 -118.79411287132218,40.62351054929416,1536.9012251095128 -118.79407164227553,40.6234973870698,1484.984973693179 -118.79399682583731,40.62347354183072,1390.4443711454303 -118.79390576854578,40.62344457482918,1274.758018698785 -118.79389086581288,40.62343983913612,1255.7549739829894 -118.79385361849705,40.62342800181824,1208.1211195869687 -118.79384025826496,40.623423757327004,1190.9999999998938</coordinates>
                </LineString>
            </Placemark>
            <Placemark id="361">
                <name>Run 36</name>
                <description>States exported: 300 of 6,699
Launch inclination: 88.900 deg</description>
                <styleUrl>#362</styleUrl>
                <LineString id="360">
                    <tessellate>1</tessellate>
                    <altitudeMode>absolute</altitudeMode>
                    <coordinates>-119.10695,40.870683,1191.0 -119.10695000000386,40.87068300000361,1191.0000269162344 -119.1069500938518,40.870683087601805,1191.6537201294236 -119.10695537824562,40.87068802943227,1228.4146986933674 -119.10696371715318,40.870694668667255,1274.6402945510586 -119.10697764337475,40.87070390053354,1334.7305202432037 -119.10699081859181,40.870712084817114,1386.685302885156 -119.1070065213736,40.87072149137615,1445.668132898947 -119.10702191588246,40.8707304692331,1501.47739536677 -119.10703390557516,40.87073734777586,1544.0356938059892 -119.10705993745216,40.87075200407404,1634.4171141969132 -119.10709444588352,40.87077095109446,1751.2344194341865 -119.10711469324956,40.87078187501333,1818.715970902059 -119.10715421942568,40.87080285160633,1948.7574462501552 -119.10718590133168,40.870819362008255,2051.681176033394 -119.10722566313248,40.87083973444144,2179.507682771139 -119.10726562889035,40.87085987412123,2306.7343274528826 -119.10730337297196,40.87087864577189,2425.97639320358 -119.10735223471073,40.870902589248345,2579.0652446440654 -119.10738261905834,40.870917377763966,2673.8499609459 -119.10742604203173,40.870938567056015,2809.2910741535416 -119.10744905806426,40.87094982766688,2881.0851916943807 -119.10748985419583,40.87096984562279,3008.378161636212 -119.10753758113033,40.870993369491806,3157.3954257001337 -119.10756694133475,40.87100790055019,3249.1272095602194 -119.10762362372657,40.871036098099744,3426.405778354201 -119.10765499869659,40.87105179227424,3524.6451262646524 -119.10771141290138,40.87108017952568,3701.520509749975 -119.10775192707138,40.87110070697512,3828.747133058467 -119.10780920537414,40.87112994329835,4008.9417136960997 -119.10785208886139,40.87115200653621,4144.122857497322 -119.1079050134119,40.87117945058787,4311.310317077599 -119.10794614514452,40.871200950886674,4441.537411472574 -119.10800971290105,40.87123448555426,4643.348237024178 -119.1080509359945,40.87125643936576,4774.605823319323 -119.10810024717642,40.87128292761682,4932.0563671917425 -119.10815217762801,40.87131110343885,5098.431604405594 -119.10817563936955,40.871323932235846,5173.801287490655 -119.10823721369539,40.871357912938706,5372.257404092374 -119.1082759824273,40.87137955234229,5497.729854635985 -119.10832496704053,40.87140718093266,5656.893597077676 -119.10838683623014,40.87144256512317,5859.015746751281 -119.10840953333694,40.87145569122917,5933.492850971971 -119.10846080761928,40.871485647507804,6102.434708497428 -119.10850973636764,40.87151464849711,6264.598751896998 -119.10855358769867,40.87154100753666,6410.768074143759 -119.10861274970591,40.87157715936136,6609.30075807346 -119.10863689098855,40.87159211700023,6690.773032487161 -119.10867078740326,40.87161332184594,6805.6233317448605 -119.10872112390985,40.87164527317242,6977.208026849084 -119.10875842447459,40.871669313412596,7105.169633738569 -119.10878151325926,40.87168435132555,7184.74190743852 -119.10882134776466,40.87171058677271,7322.701503105529 -119.10887166520743,40.87174426014125,7498.251034188746 -119.1088895759235,40.87175639311697,7561.0997873278875 -119.10891998437224,40.87177718209338,7668.309059453159 -119.10896609469728,40.87180916559544,7832.107247467343 -119.10901306722482,40.87184236081875,8000.700906461771 -119.10903436814276,40.871857633568105,8077.797279652192 -119.1090762243061,40.87188806880626,8230.53862962193 -119.10912583535534,40.871924928543066,8413.951002288788 -119.10915790312322,40.87194924732636,8534.018140260278 -119.10917430361867,40.87196184585772,8595.900238950768 -119.10920797103337,40.871988072264514,8724.008203350508 -119.10925020540915,40.87202170797977,8886.829710811357 -119.10929344656536,40.87205706604538,9056.080388511149 -119.10931206431592,40.87207259488013,9129.779349712646 -119.10934992023029,40.872104772966395,9281.216702754811 -119.10939343298958,40.87214281976042,9458.016025872837 -119.10943463714226,40.87217997153323,9628.26198731747 -119.10945563122748,40.87219934437463,9716.10055390092 -119.10949443005352,40.872235981647634,9880.460045495893 -119.10952297007893,40.87226296292892,10000.890111463981 -119.1095691414153,40.872296055147046,10161.525243575132 -119.10960618223959,40.872315975153136,10269.243135127575 -119.10968756785516,40.87234852740002,10470.748616676767 -119.10980509910591,40.87238059245154,10716.081639368902 -119.1098938304155,40.87239809865264,10881.47741747447 -119.10997143563473,40.87241028635165,11017.19230173975 -119.11012348003662,40.872428400989456,11266.399382288748 -119.11032390413351,40.87244463421389,11572.350585538621 -119.11039805796948,40.87244925652313,11681.358892528278 -119.11061922290426,40.87246047103362,11998.467357571437 -119.11087961839046,40.872470572328574,12361.769017493743 -119.11111327029326,40.872477958014564,12682.064952201055 -119.11147062904597,40.87248761217446,13165.71024512832 -119.11155437345316,40.87248970663273,13278.33295662962 -119.11179931811141,40.872495635726665,13606.83520040451 -119.11220947945176,40.87250587747965,14157.499141445096 -119.11231670176679,40.87250862431547,14301.590948741585 -119.11261544528455,40.87251643811529,14703.189505527911 -119.11303978984162,40.87252785499528,15273.924541848128 -119.11317838593968,40.87253166378403,15460.327564322895 -119.11353056743152,40.87254151163379,15933.83084181852 -119.1140022528795,40.87255505821824,16567.32389013531 -119.11415958909727,40.87255966161116,16778.381574754072 -119.11444605861439,40.87256809730415,17162.415909185445 -119.11488989449717,40.87258136084188,17756.359688639022 -119.1154174797186,40.872597317567426,18460.619850305044 -119.11574101540164,40.872607153247294,18891.49122730558 -119.11607456056878,40.872617355534054,19334.854940774927 -119.11660686021483,40.87263368231756,20040.56238072907 -119.11719735424629,40.872651865666704,20820.69610704641 -119.11746048188863,40.87265999356687,21167.39080792882 -119.11796664236573,40.87267565627733,21832.68814405247 -119.11842642754584,40.87268991676002,22435.159021278574 -119.11883743739442,40.872702674231235,22972.19498534709 -119.1195769412941,40.87272564844691,23934.802770354418 -119.11990737089847,40.87273591428523,24363.405989002247 -119.12052472154146,40.87275511837111,25161.601460907204 -119.12136003133142,40.87278111736225,26236.275287989145 -119.1219540223421,40.87279964684898,26996.706313380975 -119.12265617764636,40.8728215802488,27891.658452143107 -119.12343801753362,40.87284605993423,28883.09646774365 -119.12414917499794,40.872868352682524,29780.277180443038 -119.1253947368345,40.87290748980076,31341.18039020059 -119.12604482782501,40.87292793356911,32150.57692099071 -119.12755233916712,40.87297541714002,34013.72025759946 -119.1293264125019,40.87303136922416,36181.76607378086 -119.13144558053679,40.87309829251426,38737.09884307189 -119.13403120108413,40.8731800921371,41804.689844714485 -119.13731642027984,40.87328424664422,45623.75873997633 -119.1415038638936,40.873417333563516,50366.358813053754 -119.1477378119212,40.87361617560959,57172.34560109067 -119.15796736588945,40.873944424448915,67701.80216457247 -119.17229607789137,40.87440857911913,81174.5229492197 -119.18430770542201,40.87480197078062,91375.84710064379 -119.18488023396151,40.87482082576536,91837.99200293851 -119.1991198656837,40.87529297996855,102646.81742269687 -119.21332442726238,40.87577043309012,112152.75975146318 -119.22831121017822,40.87628170173641,120852.37537067126 -119.24275967252493,40.87678242611859,127989.16459768207 -119.25730193592968,40.87729465818546,133967.68526229003 -119.27258737059262,40.877842551200565,138979.5094937411 -119.28726946034477,40.878378518646116,142588.81925389857 -119.30266453446781,40.87895132967491,145123.72784748662 -119.31741654407573,40.879511202806526,146363.80481697383 -119.33150639494077,40.88005655539164,146466.99759201944 -119.34693006910254,40.88066609415735,145369.07326841925 -119.36165816834712,40.88126109971619,143134.26638228694 -119.37701120546623,40.881895634586755,139559.4163998729 -119.39163678339845,40.882514480479855,134955.38519660162 -119.4061867873142,40.883144907319114,129193.07625810964 -119.42129918801383,40.88381629961228,121930.40636191431 -119.43564239513707,40.88447019083973,113798.92573905503 -119.45050124249025,40.885165915956335,104059.44249516679 -119.46456272453923,40.88584283333804,93559.05772203013 -119.47845446439916,40.88653071534785,81902.14305935483 -119.48662881920163,40.88694491867934,74422.03813352968 -119.49358901212493,40.887304755064186,67647.06783810737 -119.49800038446017,40.88753425077313,63199.73613404109 -119.50157709436984,40.88772306667832,59462.98594601628 -119.50426138638733,40.88786533920563,56604.18917650147 -119.50703461342222,40.888013350524304,53589.93393129132 -119.50933834594773,40.88813692099608,51042.59548118126 -119.51108968560972,40.888231525258675,49072.91019422726 -119.51301185317719,40.888335491948844,46890.261877042154 -119.51429265087738,40.88840540042251,45410.59340552705 -119.5160728980127,40.888502264998756,43347.64175718995 -119.51792926523852,40.88860428547518,41155.01886813596 -119.5191287036593,40.888670597441966,39719.48762444728 -119.52056182242123,40.88874948389588,38003.376537087635 -119.52156406056535,40.88880499121359,36788.738362724805 -119.52267307453297,40.88886689709624,35426.80077736815 -119.52362264316126,40.888919677606,34261.48584460085 -119.52459196819264,40.88897360147359,33066.19870004348 -119.52522877993462,40.889009507679,32266.272777639442 -119.52611300183081,40.889059169943415,31157.25143413854 -119.52650976409828,40.88908119446605,30665.251287972227 -119.52716222505393,40.88911816707379,29835.318734804787 -119.52786723128895,40.889157949957294,28941.209183939834 -119.52843719786232,40.889189992082756,28220.220384985696 -119.52912184628569,40.88922883053619,27343.974275271383 -119.52971823220736,40.88926282913549,26575.25290415985 -119.53029960258324,40.88929603436872,25822.904946762734 -119.5308179351513,40.88932564464803,25150.69379765477 -119.53135336539685,40.88935621208006,24455.28960908115 -119.53183538489722,40.88938374309429,23827.715602789103 -119.53233553151489,40.88941239824466,23172.933084266155 -119.53278045292731,40.88943794878723,22588.039913479864 -119.53318526257496,40.8894612741568,22053.331167819466 -119.53359369812978,40.889484846185724,21512.544630931487 -119.53398897354968,40.88950769412028,20988.09174696803 -119.5343628033355,40.889529339867366,20491.025746003965 -119.53468137901079,40.88954781258052,20066.747543706093 -119.53502680143153,40.88956791791891,19604.900876425625 -119.53535452580506,40.88958705464344,19165.304873100522 -119.53557722481389,40.889600107384034,18865.48130808013 -119.53574450423382,40.88960990401487,18640.806670373688 -119.53601174832659,40.88962564965288,18280.10386419209 -119.53632144766304,40.88964399398449,17861.23395864185 -119.53661241726334,40.88966136478582,17466.583941274886 -119.53690921754739,40.889679258792064,17062.86325985463 -119.53718568891533,40.88969613014165,16685.61709728446 -119.53724391781613,40.889699708542636,16606.051422089397 -119.53746400040339,40.88971332750052,16304.521460673519 -119.53772621416354,40.88972976327379,15944.106776002855 -119.53800076590913,40.889747239245324,15565.081095710859 -119.53819744031325,40.88975993795566,15292.405914030482 -119.53834736465676,40.88976973386963,15083.826653934719 -119.53858519881635,40.889785488026085,14751.472550585175 -119.53881989764639,40.8898013217263,14421.603986154432 -119.53898403307521,40.88981258301342,14189.656061661795 -119.5390445360514,40.88981677710121,14103.901557187897 -119.53919242919697,40.88982715691246,13893.583666760165 -119.53936520454256,40.88983950196732,13646.631786088854 -119.53959638299976,40.889856467948206,13313.88922289776 -119.53970258565569,40.889864460531086,13160.068444384638 -119.5398139299691,40.889872972349764,12998.170767547506 -119.53998422551497,40.88988630458716,12749.157333891137 -119.54018592887283,40.88990260853725,12452.003936550873 -119.54029354326333,40.88991155559935,12292.437898986233 -119.54043238233662,40.889923355109154,12085.50710408501 -119.54061340453914,40.88993921210968,11813.828809490138 -119.54077184535254,40.88995355113646,11574.241349219004 -119.54084488486151,40.8899603159644,11463.202501891745 -119.54096918603297,40.88997206926256,11273.336339844189 -119.54113719530591,40.889988464922745,11014.839483450583 -119.54122861260751,40.889997650899886,10873.238996483771 -119.54129693462924,40.8900046376414,10766.952806582167 -119.54144120961656,40.89001975356312,10541.164990366795 -119.54159705030739,40.89003665195682,10295.102952814761 -119.54168844427969,40.890046847010154,10149.680725215569 -119.54183626532324,40.890063795484984,9912.610162238268 -119.54198558766679,40.890081514145365,9670.634273976388 -119.54207014101266,40.89009182098702,9532.430371596078 -119.5421984227178,40.890107843564024,9321.016047076106 -119.54235115669879,40.89012753896762,9066.393179951257 -119.54239930390496,40.89013388531055,8985.433151564033 -119.54250530276258,40.89014808475714,8805.955550261071 -119.5426456804162,40.890167357015294,8565.494004968588 -119.54268652934654,40.8901730621819,8494.89553387971 -119.54276315997888,40.890183893485165,8361.6873774209 -119.54285060589488,40.89019644802592,8208.392276597024 -119.54294401618571,40.89021009840556,8043.084341134568 -119.54296917334426,40.89021381823624,7998.282500655251 -119.54303634908639,40.8902238534218,7878.070330822577 -119.54312901967121,40.89023793887707,7710.804658285068 -119.54321385111625,40.89025109981054,7556.2204033627 -119.54324284644456,40.89025566178786,7503.05313949173 -119.54331269388015,40.890266795120155,7374.255002481253 -119.5434043559491,40.89028173937811,7203.650673926097 -119.54346481039214,40.89029182446169,7090.103127163172 -119.5435155782437,40.890300442526595,6994.078467493023 -119.54359773678762,40.8903147041255,6837.332185635914 -119.54368378306089,40.89033008921076,6671.256921165327 -119.54371048859664,40.8903349620487,6619.292852107931 -119.5437771335167,40.89034733184721,6488.706988706599 -119.54385018814794,40.89036124984368,6343.995642387671 -119.54390578460175,40.890372103159045,6232.706521771612 -119.54397970641048,40.890386898265405,6083.096539645376 -119.5440645033451,40.890404407690745,5909.025037173853 -119.54410420678913,40.89041281254266,5826.568050057559 -119.54416907423551,40.890426845531586,5690.474419993036 -119.54424833572322,40.89044452672799,5521.735256737071 -119.54429857590716,40.89045605701064,5413.30529473367 -119.54434761537385,40.890467566652326,5306.303064253045 -119.54442398340933,40.89048601885718,5137.252472091965 -119.54446394772346,40.890495945475415,5047.54829825854 -119.54453250672731,40.89051343595146,4891.553012326674 -119.54459207398912,40.89052913592063,4753.725375761948 -119.54462509933298,40.89053805726533,4676.333966226029 -119.54468518379865,40.890554713360125,4533.634036504768 -119.54473132730116,40.890567906796235,4422.274110957483 -119.54477270917563,40.89058005800523,4321.015904515097 -119.54482779294742,40.89059672986162,4184.085321324802 -119.54487325332715,40.89061094295502,4069.135804442939 -119.5449175870848,40.89062522028755,3955.248152517568 -119.54496559421156,40.890641169040705,3829.8217248085152 -119.54500071581333,40.89065317371047,3736.60094229887 -119.54505785090718,40.89067333752324,3582.151831459458 -119.54510408048245,40.89069025482369,3454.482893186215 -119.5451389135696,40.8907033739994,3356.591011248457 -119.5451688473115,40.89071491335411,3271.2441581693483 -119.54520937701072,40.89073094295535,3153.7964211542353 -119.54522795914943,40.89073845002195,3099.2069136538066 -119.54525547079811,40.89074975026369,3017.5033556908966 -119.54529843985226,40.89076784057575,2887.77813757804 -119.54531984447311,40.89077705051658,2822.196310196629 -119.54535294135829,40.89079154651808,2719.553914578431 -119.54539309324639,40.89080953429021,2593.0810932107906 -119.54540046437103,40.890812882621695,2569.6400833955604 -119.54542039143296,40.8908220086289,2505.895442723049 -119.54544554240614,40.89083367353989,2424.7086591415887 -119.54547576043781,40.890847904510885,2326.0534851840443 -119.54549489445391,40.89085703614918,2262.9410040856665 -119.54552634283945,40.890872242887234,2158.098118150183 -119.54556279412915,40.890890166653826,2034.7912266206752 -119.54557605950461,40.890896765802744,1989.421539761052 -119.5456000986401,40.89090882348266,1906.5041317710377 -119.54562282018735,40.89092033233477,1827.2678794639723 -119.54564406728562,40.890931186828695,1752.3774595371015 -119.54567498778817,40.890947131122445,1641.9425146876729 -119.54570749746492,40.890964062314744,1523.863858205707 -119.54571894026584,40.89097005872508,1481.7937947382195 -119.54574086625108,40.890981600820474,1400.4008887985635 -119.54576867002716,40.89099632773811,1295.6540179444098 -119.54577927097077,40.891001968440406,1255.2456126422148 -119.5457907616756,40.891008084779955,1211.2746558437384 -119.54579603588877,40.891010895978525,1191.0000000001935</coordinates>
                </LineString>
            </Placemark>
            <Placemark id="371">
                <name>Run 37</name>
                <description>States exported: 300 of 6,934
Launch inclination: 89.995 deg</description>
                <styleUrl>#372</styleUrl>
                <LineString id="370">
                    <tessellate>1</tessellate>
                    <altitudeMode>absolute</altitudeMode>
                    <coordinates>-119.10695,40.870683,1191.0 -119.10695000000001,40.870682999999985,1191.0000289512404 -119.10695000125295,40.87068299886024,1193.0457792275772 -119.10695012142295,40.87068299117788,1240.6551157519632 -119.10695228583887,40.87068337516485,1284.4392754264873 -119.1069562718049,40.870684038104294,1331.266543050984 -119.10696099544559,40.87068480142372,1377.5756636941742 -119.1069687818203,40.870686011242526,1445.2420593170798 -119.10697440365651,40.87068685914475,1490.476151622558 -119.10698070410024,40.87068778819542,1539.1420374978422 -119.10699185615475,40.870689376850144,1621.4201267342767 -119.10700915965155,40.870691672238564,1742.8263783187685 -119.10701982904546,40.87069299389252,1815.3303192708313 -119.10703912211035,40.87069521259838,1943.238126033127 -119.10705443631443,40.87069681835177,2042.4727603488861 -119.10706713552699,40.87069804795484,2123.522455188223 -119.10708721505033,40.870699816791245,2249.676020900713 -119.10710759243985,40.87070143956799,2375.8179350887103 -119.107138164483,40.87070357110692,2561.896729914979 -119.10714735759277,40.87070415296247,2617.2278140188964 -119.10716658389936,40.870705389297726,2733.0081251036204 -119.10718896207237,40.870706868535905,2867.9242130868147 -119.10720764439816,40.870708140912875,2980.7442199300244 -119.10723669498937,40.870710194744916,3156.6464083549945 -119.10724934927919,40.870711120381365,3233.4691566295623 -119.10727001898486,40.87071267619036,3359.2630609336434 -119.10728974813222,40.870714215175376,3479.7222409670962 -119.10731508155837,40.87071627523574,3635.0024813507 -119.10733741393733,40.870718175726914,3772.5092235266543 -119.10735870795796,40.870720066309566,3904.2099761766144 -119.10738721584417,40.870722726490484,4081.503920294374 -119.10740180114153,40.870724146504095,4172.677299150208 -119.10742289194367,40.87072627436308,4305.1166640029405 -119.10744521545293,40.870728625179574,4446.121553307869 -119.10748159864056,40.870732682404565,4677.915963666059 -119.1074990782666,40.87073473535555,4790.227179234661 -119.1075271693902,40.87073818639394,4972.158207454468 -119.10755195691303,40.87074139525592,5134.291935805895 -119.1075801068135,40.87074524281523,5320.434426380413 -119.10760417215447,40.87074871872379,5481.447540090157 -119.1076197530974,40.870751067427335,5586.70790619105 -119.10764717318318,40.87075540453245,5774.07397271435 -119.10766443219666,40.870758276438906,5893.519844451042 -119.1076890900151,40.87076259007292,6066.384643126579 -119.10771472499191,40.870767361484596,6249.134333864008 -119.10772326947745,40.87076902272228,6310.789103653371 -119.10774334164607,40.87077307748471,6457.180579214458 -119.10776880509596,40.8707785555657,6646.277780212832 -119.10777890632025,40.87078084044724,6722.417729206137 -119.10779659957632,40.870785003307375,6857.409456244614 -119.10781783134753,40.8707902870631,7022.31255542289 -119.10783057535244,40.87079361873194,7122.92046870785 -119.10784647469144,40.870797946290224,7250.298405919511 -119.10786761239645,40.87080401103361,7423.075292142999 -119.10788367678857,40.87080886671967,7557.263774286388 -119.1078927966542,40.87081172518547,7634.713733636868 -119.10791044030262,40.87081747737186,7787.40364203341 -119.10793065395877,40.87082445963685,7967.687930638199 -119.10794128179404,40.870828317373345,8065.159724707529 -119.10795768572042,40.87083456225462,8219.794420313283 -119.10797625493983,40.87084211664239,8402.045567656463 -119.10798908464146,40.87084768981851,8533.293581837046 -119.10799490684776,40.87085033085337,8594.465037234762 -119.10800699516672,40.87085606934609,8725.103692719547 -119.10802209646488,40.870863800172515,8896.041132026066 -119.10803615951782,40.87087168596998,9064.256246801315 -119.10804159871678,40.87087494492108,9132.010896537187 -119.1080537667673,40.87088273729543,9289.817981950719 -119.10806694906051,40.87089211198632,9472.172441737106 -119.10807785334805,40.87090078397875,9633.993700961697 -119.10808600311722,40.87090793565253,9762.851141769783 -119.10809703888063,40.87091877933789,9950.800540848873 -119.10810243302649,40.870923005560854,10028.849660160295 -119.10812867611199,40.87092943377852,10232.961820960252 -119.10815336085999,40.870930087389574,10359.185702676117 -119.10822410476732,40.87092375162197,10625.486637086855 -119.10830981675824,40.870909418655245,10875.771208685139 -119.1083445910617,40.87090249948189,10966.26699185464 -119.10843353468287,40.870883041997516,11180.21107336918 -119.1085867492305,40.87084594220676,11511.399307455202 -119.10864202288167,40.87083189956597,11623.587244455794 -119.10879365823861,40.8707924520538,11920.375786258159 -119.1090133537488,40.870733957362354,12332.86888741716 -119.10913636743952,40.87070082190535,12558.353362175414 -119.1094572596018,40.870613824732956,13135.936991629396 -119.10953591752809,40.87059244452621,13276.014830137803 -119.10978897031039,40.870523606941305,13724.990397101388 -119.11004343126017,40.870454403460684,14177.249981001733 -119.11016026346098,40.870422651305546,14385.181381480556 -119.11042616302973,40.87035044024078,14858.882059737969 -119.11068280351591,40.87028080996697,15316.510960614702 -119.11090097459862,40.870221714418804,15705.578702343257 -119.11124919880542,40.870127589841566,16326.301580762802 -119.1114660847746,40.870069132332375,16712.450451804714 -119.11166878889041,40.87001455272705,17073.07124332764 -119.11197776838999,40.86993154514397,17621.85502691639 -119.11230646432467,40.8698434233874,18204.380905794336 -119.1126615932194,40.86974837914166,18832.09708091906 -119.11279124217273,40.86971372471534,19060.794512581688 -119.1131756123004,40.869611101379455,19737.416869304336 -119.11361513562922,40.86949396033364,20508.343629653136 -119.11393373324049,40.86940918486748,21065.243708298287 -119.11432081574544,40.86930633493238,21739.708206951433 -119.11474078210331,40.86919492964587,22468.757624827886 -119.11515636868505,40.869084846132004,23187.393463330827 -119.1157681945564,40.86892305461409,24240.27052155375 -119.11609509650748,40.86883675460489,24800.289415191917 -119.11674483199313,40.868665517444676,25908.09822307687 -119.1173292254785,40.86851186296246,26898.442808595366 -119.11760364102307,40.86843981715923,27361.5449000989 -119.11824378886908,40.86827206778663,28436.997048616548 -119.11865430636229,40.86816471056989,29123.127259739398 -119.11935108548448,40.86798282486646,30281.445081198017 -119.12009908693067,40.86778802822865,31516.24076470168 -119.12060698794157,40.86765601598574,32349.5959975372 -119.12178753299862,40.86734996188429,34270.90373778548 -119.12318145842133,40.86698991324817,36511.46743987709 -119.1249042740016,40.86654682926864,39239.377044981506 -119.12724018434518,40.865949337966526,42866.356714307774 -119.13016201738441,40.86520701019199,47289.27945207093 -119.13410354433618,40.86421410010685,53060.575213846416 -119.13992745494625,40.86276378879818,61191.65033261548 -119.15040028753862,40.860201970641064,74683.60375845218 -119.16206108069784,40.857411959730584,88106.09418122732 -119.16309975690186,40.85716635280669,89223.89867101479 -119.17285932843183,40.85487989767171,99131.35930858659 -119.18438686625551,40.85222480368243,109498.56494985356 -119.19606490787332,40.84957934197243,118600.1880379723 -119.20787437514213,40.84694362810785,126436.21595766001 -119.22031678001863,40.844203819691856,133263.59692871367 -119.23233547691451,40.84158832208314,138513.37129015572 -119.24442752390841,40.83898283053346,142497.51772238486 -119.25657383717082,40.8363873979871,145216.02941720161 -119.26875533511286,40.83380206155234,146668.90160121594 -119.28095293119381,40.83122684250887,146856.13153672533 -119.29314754316879,40.82866174630147,145777.7185244535 -119.30532008819206,40.826106762577346,143433.6639044263 -119.31745148430191,40.82356186527106,139823.97106143952 -119.32952264511307,40.82102701283947,134948.64544471013 -119.34203376759868,40.818392598133826,128511.98709342424 -119.3539224455499,40.815878087335605,121050.39475029582 -119.3656926050459,40.81337344720754,112323.20302767682 -119.37732423964948,40.81087880592562,102330.45126011183 -119.38879307564261,40.80839535911213,91072.44875288254 -119.39960720188924,40.80602719753302,79104.6015264976 -119.40417674622523,40.80501772113309,73626.10148020151 -119.40934097012486,40.803870409756826,67095.00700456521 -119.4117804470396,40.803324923258614,63920.70107305659 -119.41389339280805,40.8028510785936,61102.93276801221 -119.41657896201359,40.802247318746176,57406.97443615494 -119.41841029234274,40.80183351241,54864.5017058291 -119.42016201996822,40.801437392482676,52349.363496558944 -119.42138854566234,40.801158764224574,50595.65943999438 -119.4223734860701,40.80093501763462,49151.1483804184 -119.42325558534404,40.80073438480575,47842.19784359539 -119.42438951414191,40.80047553709514,46172.91301463535 -119.42559187944607,40.80020112346886,44348.718879844724 -119.42673994505009,40.799938207979686,42610.523429624016 -119.42723498710166,40.799824901073514,41841.48616416629 -119.4279485924001,40.79966092329651,40757.05517090662 -119.42847314292278,40.79954060620853,39933.46108462497 -119.42911758833606,40.79939242456503,38929.85963683633 -119.42982003607501,40.79923077307684,37826.0120642669 -119.43045999988799,40.79908327499955,36817.83742527724 -119.4309444606301,40.79897156055024,36047.563039111934 -119.43178872680915,40.79877657510842,34702.654271931686 -119.4323038529361,40.798657695889936,33860.922002488056 -119.43276820237755,40.79855012470108,33122.06169181779 -119.43331520284315,40.79842361894145,32224.54943424174 -119.43370725651837,40.7983327135102,31590.86438807683 -119.43404100165574,40.798255466333046,31036.172931732544 -119.43443447893631,40.798164113346985,30398.137592979485 -119.43495942474395,40.7980423372784,29530.08163949222 -119.43540431435683,40.797939149837035,28785.600937682142 -119.43570122857636,40.797870102159635,28299.514436230973 -119.43616984363081,40.79776129984012,27513.399784731562 -119.43660762710479,40.79765963136672,26775.58840688365 -119.43700144169432,40.79756806243063,26114.75760721697 -119.43742081729067,40.7974705227988,25408.374935911503 -119.43781400215823,40.7973790547131,24741.458899873498 -119.43808456933895,40.79731612531887,24276.699007377312 -119.43829435610476,40.79726722983825,23922.598293016075 -119.43855896545308,40.79720563796239,23467.04701008558 -119.43890849322422,40.79712419509239,22866.95169415679 -119.43924418728874,40.79704593261807,22289.62858813134 -119.43956916059487,40.796970139784904,21729.15621962728 -119.43987603102384,40.796898560364035,21198.033633015897 -119.44016544746685,40.796831052008045,20695.074088314577 -119.44033964628395,40.79679043767077,20390.105388637443 -119.44062442239404,40.79672400396205,19892.812142197312 -119.44087304312608,40.79666599748732,19457.705101235664 -119.44110627849756,40.79661157788562,19048.439269111164 -119.4412135412283,40.79658656188601,18859.00244155905 -119.44136670033436,40.79655083311908,18589.667650096835 -119.44159573528962,40.79649743178384,18184.912594459456 -119.44179760613517,40.79645039965006,17826.975724726868 -119.44200561801924,40.796401987330924,17457.25672968737 -119.44221670394788,40.79635293237914,17081.03147683269 -119.44243670245311,40.79630191273315,16687.585024826556 -119.44249028188193,40.79628950293422,16591.585834683705 -119.44266058671434,40.796250083637595,16285.493064349832 -119.44286486067351,40.7962028829836,15916.940159605068 -119.4430654874013,40.796156587600926,15553.115863292649 -119.44321244864717,40.79612269854714,15285.292119028489 -119.44334040941933,40.79609321383952,15051.078116770388 -119.44351844594242,40.79605219774876,14723.371332539231 -119.4437029443158,40.79600969977725,14381.327219174014 -119.44382264625821,40.795982126518254,14157.906843406783 -119.44390794200017,40.79596249230013,13997.95262200792 -119.44405948813842,40.795927629469006,13712.031466680593 -119.44422542790846,40.795889519753516,13396.179368470614 -119.44433281438923,40.79586491083534,13190.085659331742 -119.44441860634106,40.79584529004108,13024.462976258226 -119.4445631133348,40.79581233594642,12743.383227677705 -119.44472266616766,40.79577612363219,12429.833383272706 -119.44478354975558,40.79576236360508,12309.254832934694 -119.44488802842957,40.795738822871684,12101.134818445324 -119.4450341805042,40.79570608061625,11807.316633706887 -119.44515001076364,40.79568029993147,11572.148988483812 -119.44519705556489,40.79566987628071,11476.023667811085 -119.44530682920262,40.79564567372159,11250.27227816669 -119.44544165028755,40.79561619958435,10970.097252546588 -119.44549725816863,40.79560413245679,10853.550386045921 -119.44557299719105,40.79558777029849,10693.80991692751 -119.44569454043274,40.79556172040392,10434.944063688414 -119.44579812956633,40.795539707147206,10211.667941604 -119.44589210918792,40.79551988375354,10006.82885180819 -119.44600477777195,40.79549629675513,9758.162545241641 -119.44607452170975,40.79548179085406,9602.41716808196 -119.44615270662271,40.795465607033925,9426.061644270312 -119.4462602476424,40.79544347012189,9180.224459828158 -119.44631760349976,40.79543171410724,9047.458213239406 -119.44637957423527,40.7954190333861,8902.632611345074 -119.44647125130403,40.79540029700534,8685.588413344245 -119.44653575758237,40.79538709997191,8530.732978503824 -119.44657264377534,40.795379550325684,8441.360761260707 -119.44663752925565,40.79536625314075,8282.621647704815 -119.44671305579212,40.795350750129714,8095.309910654644 -119.44676130707467,40.79534083309452,7974.156392393863 -119.44681651291704,40.79532948957856,7834.092546447556 -119.44689022939997,40.79531436082082,7644.58714467666 -119.44693550957231,40.79530508995872,7526.746227146444 -119.44697702464524,40.79529661547923,7417.678464935254 -119.44703249190557,40.79528534400613,7270.402501139146 -119.44709415851096,40.795272906003014,7104.447586887978 -119.44711251427745,40.7952692261203,7054.571887311279 -119.44716737695805,40.79525829245345,6904.109824262803 -119.44722888549171,40.79524617095479,6732.790831830342 -119.44725852048651,40.79524038891029,6649.183734673195 -119.44729638812795,40.79523305169539,6541.281047785384 -119.44734793088878,40.79522316827114,6392.3579327619045 -119.44739571762331,40.79521411022385,6252.024963366916 -119.44742701993782,40.79520823328292,6158.845074189622 -119.44747829687259,40.79519870491492,6003.900314649656 -119.44752709674388,40.795189754027376,5853.595050693947 -119.44756320000106,40.79518321212387,5740.479421506441 -119.44760916824494,40.79517498852123,5593.920791164845 -119.44764857963828,40.79516804273766,5465.850387112641 -119.44768751793319,40.79516128270243,5336.962495328025 -119.4477401240903,40.79515232603867,5158.807258907676 -119.44776158666689,40.79514873450282,5084.695222090959 -119.44780386181202,40.795141777630185,4936.101531646865 -119.4478540186307,40.79513374690025,4754.930548662429 -119.44787491642248,40.795130482327245,4677.742995384081 -119.44791277014355,40.79512470778521,4535.139763924509 -119.44793876179978,40.79512086017309,4434.97462472003 -119.4479607727652,40.79511768586758,4348.60332229886 -119.44800061917974,40.79511215837685,4188.372105350015 -119.44802793657918,40.79510855136421,4075.419129726225 -119.44805068329859,40.79510567156282,3979.2813616930393 -119.4480844203677,40.795101626085234,3832.9223677785553 -119.44810702607518,40.79509907748112,3732.1284585763988 -119.4481382649312,40.795095784157546,3588.9005113771445 -119.44816856046589,40.79509286113285,3445.205690423045 -119.44819098543014,40.79509088231686,3335.503160960399 -119.44821915852336,40.795088637311764,3193.2563177542415 -119.44823154461065,40.79508774098135,3129.041957488017 -119.4482493310012,40.79508655520908,3034.97387387007 -119.44827421084386,40.795085106636975,2899.5586375706835 -119.44828718959168,40.7950844521895,2827.11132863143 -119.4483077841149,40.7950835644045,2709.6262385352375 -119.44832964237672,40.795082833125264,2581.636314369049 -119.44833425331463,40.79508270758501,2554.213093335053 -119.44834670692401,40.79508241902179,2479.3757595916386 -119.44836399202329,40.79508214244402,2373.663478521324 -119.4483770463217,40.79508202964423,2292.3705227922283 -119.44839291722886,40.79508200107921,2191.774956248954 -119.44841410688147,40.795082141351195,2054.3217517650332 -119.448422970476,40.79508225621963,1995.707304461127 -119.44843801985344,40.79508251832684,1894.5766299751976 -119.44845283433762,40.79508284649716,1792.9250737401976 -119.44846247008097,40.7950830892189,1725.611182486522 -119.44847881854311,40.795083536357986,1609.0875649866143 -119.4484924182019,40.79508392289779,1509.7714369167977 -119.44850075590705,40.79508416045578,1447.7218588825242 -119.44851241737074,40.7950844851007,1359.3651887038059 -119.44852165220675,40.79508473322302,1288.0238553569843 -119.44852555752014,40.795084834921575,1257.4735395301548 -119.44853179958258,40.79508499734193,1208.4569228216926 -119.44853400761512,40.79508505374254,1191.0000000002929</coordinates>
                </LineString>
            </Placemark>
            <Placemark id="381">
                <name>Run 38</name>
                <description>States exported: 300 of 6,757
Launch inclination: 87.890 deg</description>
                <styleUrl>#382</styleUrl>
                <LineString id="380">
                    <tessellate>1</tessellate>
                    <altitudeMode>absolute</altitudeMode>
                    <coordinates>-119.10695,40.870683,1191.0 -119.10695000000345,40.870683000008505,1191.0000268689867 -119.10695009903088,40.87068324404876,1191.7712403620556 -119.10695425104024,40.87069351196047,1224.1459282156668 -119.10696105331951,40.87070774620343,1267.537062710686 -119.1069701250824,40.870722581955185,1311.0227112015643 -119.10698252902698,40.87074131451938,1365.1068378200496 -119.10699870667759,40.87076428499521,1430.635280154741 -119.1070067975954,40.87077542469747,1462.219974372812 -119.10702092880027,40.87079453206475,1516.211789589682 -119.1070345693401,40.87081262497317,1567.1502747805555 -119.10706408253668,40.870850918663145,1674.6771728321428 -119.1070940649011,40.870888940914334,1781.2953827871052 -119.10712381751895,40.87092605772667,1885.3683576431506 -119.10716839698493,40.87098074221344,2038.8802700406368 -119.10719605755953,40.87101419208684,2132.9602696407396 -119.10723020077309,40.87105503047262,2248.0343149517635 -119.1072609101159,40.87109143345901,2350.7608946832333 -119.10730456432672,40.871142683960166,2495.6425179697617 -119.10733155775173,40.871174084199,2584.570010114922 -119.10735914942428,40.87120612166317,2675.276774391553 -119.10740503460424,40.871259500516516,2826.1132618836773 -119.10743067592887,40.87128939439358,2910.4206473428767 -119.10748113392425,40.87134838270018,3076.4120304893668 -119.10751263977338,40.87138533803753,3180.1455949344413 -119.10754303432371,40.871421082767924,3280.28720911213 -119.10759288523582,40.87147993381078,3444.730697818748 -119.10762142546986,40.87151375771516,3538.9921824020407 -119.10767685460358,40.87157974620919,3722.344369931332 -119.10771279945268,40.87162275980584,3841.4597296965035 -119.10776514984384,40.87168573850502,4015.276456744661 -119.10779211149787,40.87171833654539,4104.964053871809 -119.10783393062125,40.871769125437176,4244.319507755611 -119.1078933565369,40.87184179878917,4442.900483505177 -119.10795347981598,40.871915958457315,4644.538047380782 -119.10798941142795,40.87196059934675,4765.423049736097 -119.10803138188048,40.8720130663927,4907.019649079748 -119.10808558532759,40.87208136977008,5090.567340994931 -119.10811216555695,40.87211510123814,5180.877343623476 -119.10816708948568,40.872185329116384,5368.173873249531 -119.10820480292004,40.87223398610739,5497.355059208114 -119.10824498259444,40.87228624012941,5635.543815601584 -119.1083075409225,40.87236851060118,5851.952118481049 -119.10833640004937,40.87240686217501,5952.337153411877 -119.10838723902934,40.87247507802367,6130.095800187304 -119.10842679353532,40.8725287638428,6269.257296790983 -119.10846086938759,40.87257546692739,6389.777025391784 -119.10851531807239,40.872651016837864,6583.645169221841 -119.10854004368755,40.872685719478376,6672.231176030993 -119.10856929535711,40.872727099281846,6777.485710637604 -119.10861674467017,40.872795008371845,6949.311545035539 -119.10865878836813,40.87285601775964,7102.722824806686 -119.10867266732339,40.87287633496577,7153.614177084586 -119.1087078350353,40.8729282229963,7283.146838697623 -119.1087543555103,40.87299778152596,7455.818906598043 -119.10878130430856,40.87303857282423,7556.572167011022 -119.10879855056548,40.87306488295657,7621.363763891702 -119.10883109585174,40.87311498330619,7744.3211630147935 -119.10887554004081,40.87318441944411,7913.84263861099 -119.10890761029069,40.87323531118593,8037.443889046773 -119.10893337439457,40.87327671321171,8137.587538316432 -119.10897632664928,40.87334684244529,8306.3930247329 -119.10901948660019,40.87341883026601,8478.577615490036 -119.10903706186615,40.87344861698212,8549.494093588712 -119.10906259585823,40.87349240804356,8653.369932137375 -119.10909613864746,40.87355091990326,8791.468657233185 -119.10914037728891,40.87362991628259,8976.570094235172 -119.10916319078181,40.87367151889772,9073.396394845226 -119.1091870711335,40.87371573016456,9175.799227017165 -119.10922619204602,40.873789709870444,9345.950028021305 -119.10926686511003,40.873868799801,9526.170080483298 -119.10929437564795,40.87392363648547,9650.086666960113 -119.10931857473729,40.87397281176367,9760.482870342545 -119.10935733935868,40.87405353296499,9940.183151852405 -119.10937905999343,40.87409558563228,10034.479011905089 -119.10943751473594,40.87418013857278,10233.953326024646 -119.10949728448976,40.874244850583636,10397.051084161682 -119.10961697133519,40.87434410087036,10667.594500140118 -119.10972514460424,40.87441542010994,10878.81016772152 -119.1097871345058,40.8744514855794,10991.333694385376 -119.1099112651385,40.87451652928126,11203.90920468302 -119.11009354816319,40.87460016491359,11494.772070181447 -119.11016647695392,40.87463095975586,11606.300528174885 -119.11033416465645,40.874698317539256,11856.354259460366 -119.11060177064213,40.874799471313494,12243.399930699534 -119.11073214187606,40.87484696715249,12428.481146604943 -119.111086647269,40.87497263814814,12924.676727738106 -119.11128520508865,40.87504166968685,13199.624761683326 -119.11145849499603,40.87510143277849,13438.430401937021 -119.11175183521766,40.87520265229503,13842.428853309426 -119.11199504157356,40.875286909650065,14177.768168682614 -119.1122094814036,40.875361461392544,14473.65872171689 -119.11258448875978,40.87549232128542,14991.454163575558 -119.11283799590825,40.87558108687608,15341.611741150451 -119.11312763096144,40.87568275739792,15741.554368933403 -119.11364460477206,40.87586478202023,16454.827234154083 -119.11385524256495,40.87593910899111,16745.059652395044 -119.11410834990517,40.87602850812461,17093.577970759052 -119.11455931789457,40.87618797702542,17713.464316117257 -119.1150361146312,40.87635671662962,18367.27732831549 -119.11543635901072,40.876498381487565,18914.754940213003 -119.11584959523928,40.87664466200358,19478.651384513854 -119.1163678532693,40.87682805823544,20183.79858554523 -119.11696218444027,40.877038282653075,20989.56945071997 -119.1172579277454,40.87714285725823,21389.387297112018 -119.11782806089452,40.87734435607168,22157.934904901835 -119.11818118707767,40.87746909576724,22632.489963147724 -119.11881165443965,40.877691651254096,23476.968401042457 -119.11941040013981,40.87790281446922,24275.619355370196 -119.1198647929483,40.878062951983296,24879.508353746325 -119.12072798076376,40.878366844741365,26021.432983568575 -119.12139883537655,40.8786027623863,26904.088914020518 -119.12185000016427,40.878761299242015,27495.372002526903 -119.12269897683258,40.879059383638875,28602.881930836335 -119.12328525502797,40.87926503585873,29363.806638253005 -119.12437068331923,40.8796453711594,30764.322707528427 -119.12518854834208,40.87993160912252,31812.557770074705 -119.12636789661943,40.88034383058337,33313.50158386984 -119.12811215140684,40.8809523799724,35510.645165196525 -119.12995960106858,40.88159551229607,37808.4324181434 -119.13238215116851,40.88243668185305,40776.252886886665 -119.13561120664828,40.883554226807846,44653.35194761485 -119.13985590760501,40.88501719013984,49615.338172177 -119.14586772063242,40.88707794386816,56387.299734843415 -119.15620440416315,40.89059278526795,67352.9609891286 -119.17007382600745,40.895258541855796,80779.41528616879 -119.18422893012728,40.89996922256926,93039.64969528683 -119.18924408049378,40.90162739121086,97047.40447061701 -119.1982320438978,40.90458655250208,103803.21254011127 -119.21206956106613,40.90911463378026,113161.91292883134 -119.22666433621988,40.91386033372035,121707.63460204158 -119.24072991518265,40.91841107564435,128697.26054663253 -119.25552658299104,40.923180646275824,134766.20088984646 -119.27039822135531,40.92796252893741,139569.21663026014 -119.28467581303501,40.932548074644814,142978.83831898464 -119.29963891545917,40.937354188615636,145305.02675504083 -119.31396904363186,40.94196296907512,146345.50196061726 -119.328299412249,40.946583126184215,146227.72553276317 -119.34326328587905,40.95142544734757,144866.17667567343 -119.35754211154682,40.95606884031907,142379.25361857665 -119.37241556058613,40.96093539450137,138540.87722137678 -119.38657293887414,40.965601881582096,133684.82569648366 -119.40128286674558,40.970492458012586,127369.64863791468 -119.41588095200251,40.975395181274436,119788.56754263285 -119.4297219060465,40.98009596375596,111352.57396377037 -119.44404458305745,40.985021733810584,101294.80982404918 -119.45758132191388,40.98974257709307,90490.21942602497 -119.47048803254478,40.99431033484536,78958.39913826228 -119.4770080652048,40.99664566784423,72647.1616536087 -119.4829433097977,40.99878986317961,66594.6105454889 -119.48728805463051,41.000368191782975,62017.78847354217 -119.49088464631544,41.00168421636577,58077.10396669869 -119.49363759160572,41.00269408589637,55018.95584184431 -119.49699092893451,41.00393154673276,51178.02693197893 -119.49856804283625,41.0045153380506,49343.241575822765 -119.50047856486893,41.00522458878619,47088.58108663814 -119.50157090670797,41.00563090997785,45786.92499884284 -119.50370840847467,41.00642796915083,43209.224702767955 -119.50556628909698,41.007123216357044,40930.63258020368 -119.50700314838036,41.00766272395043,39140.32070419597 -119.50816431803445,41.00809924624137,37685.3437459433 -119.50921654284338,41.008494914518984,36365.30454766235 -119.51033613072207,41.00891732722294,34938.80452154003 -119.51110074077238,41.00920673664412,33950.18936546505 -119.51176192295486,41.00945623404932,33107.14263988707 -119.51256333470143,41.009759877707005,32066.131244854372 -119.51334551342592,41.01005675380836,31042.030269992527 -119.5140799617497,41.0103355457679,30080.05604797414 -119.51472624980742,41.01058087704349,29233.691075118586 -119.5152773223475,41.010790609184674,28503.725541249685 -119.51590798651036,41.01103098191871,27662.912217716224 -119.51653270502533,41.01126920457964,26828.34563682477 -119.51717732214007,41.0115152068749,25964.232616114445 -119.51770731966529,41.011717595859444,25251.563254194705 -119.51816820943988,41.011893642251124,24630.858981341375 -119.51850129356157,41.01202115023799,24177.71210163495 -119.51892646993107,41.01218395181548,23598.70932149253 -119.51930460051022,41.01232867864147,23084.59502155728 -119.51973755665738,41.012494589934796,22492.946577640247 -119.52012447600852,41.0126430179697,21961.886984297886 -119.52042934654354,41.012760149930976,21540.973779325108 -119.52077790123595,41.01289404755963,21060.23953228858 -119.52110711118976,41.01302057308918,20605.586859796033 -119.52138593607212,41.01312784815061,20219.06689232912 -119.5217007902453,41.0132491227291,19780.923016328845 -119.5220320935633,41.01337682493955,19319.00423826785 -119.52233716638229,41.01349451977513,18892.64419102035 -119.52247769875088,41.013548754579254,18696.26828830415 -119.5226907112275,41.013631106102046,18397.112755003334 -119.52292967284637,41.01372355187895,18061.44482435341 -119.52317701913822,41.01381939267587,17713.050576305282 -119.523444171315,41.013923133270566,17335.56433462384 -119.52371226824482,41.01402751149492,16955.61056594558 -119.52391023819439,41.014104799721295,16674.198722999918 -119.52405689137551,41.01416216569948,16465.452147811768 -119.52430114943714,41.01425800414864,16116.579517829341 -119.52447815486744,41.01432770436041,15862.851878653732 -119.52465354392328,41.014396994276666,15610.709024590169 -119.52482978732151,41.014466874511726,15356.515881006444 -119.5249224183784,41.01450372055265,15222.462919924956 -119.52511657950276,41.01458121932284,14940.690620711166 -119.52534046980544,41.014671100090936,14614.067408469984 -119.5255604055418,41.01476000128734,14291.251802945497 -119.52566198554251,41.01480128654421,14141.447418214084 -119.52580416698785,41.01485935880685,13930.932631311845 -119.52597025607072,41.014927632982,13683.74137371782 -119.5261691044287,41.01501009288466,13385.800571947406 -119.52629880271286,41.01506435279782,13190.205617113013 -119.52637655905363,41.01509707013821,13072.45185407144 -119.52649317902264,41.015146410395694,12895.145766635069 -119.52664907993663,41.01521292586774,12656.723578520818 -119.52682201964333,41.01528749622568,12390.316067598662 -119.52691212154109,41.01532668826953,12250.693259911008 -119.52706142818947,41.01539216484918,12018.045919754795 -119.52725050532686,41.015476079165595,11721.069927102046 -119.52735639108882,41.01552358379596,11553.564820622205 -119.52745051869428,41.015566145963994,11403.895793815582 -119.52760762180613,41.015637904938465,11152.453016796764 -119.5277545452914,41.01570589425073,10915.334675938395 -119.5278160453929,41.01573462056937,10815.487143164442 -119.52791769051665,41.0157824537519,10649.64422819809 -119.52807088745088,41.01585543236083,10397.684285133926 -119.52817963092443,41.015907907555544,10217.276791608985 -119.5282931436412,41.015963310571045,10027.488615637023 -119.52843750038798,41.01603473887264,9783.815015359041 -119.52853932705317,41.01608581068099,9610.268905187155 -119.52863082936001,41.01613220603079,9453.077849596804 -119.52877565430461,41.01620665677196,9201.722136607194 -119.52885508667335,41.01624803904253,9062.450240379561 -119.5289281828695,41.01628646727165,8933.353616307542 -119.52904726746482,41.01634980733609,8721.011971175318 -119.52911779503346,41.01638775234298,8594.006535371444 -119.52916877070022,41.01641538189941,8501.603593634334 -119.5292349375183,41.01645150991043,8380.906362288719 -119.52932886198133,41.016503309917645,8208.020486137139 -119.52942216609843,41.016555390068454,8034.422475733525 -119.52945895223958,41.016576099856344,7965.46229278433 -119.52953218361048,41.016617634741884,7827.29296385665 -119.52962552529027,41.01667118822004,7649.443729307115 -119.5296809893524,41.016703346790656,7542.828808825801 -119.52972475595529,41.016728916929395,7458.179447423278 -119.52980302110032,41.01677507627535,7305.656859202082 -119.52989238338276,41.01682851998794,7129.613498261603 -119.52992910805736,41.016850729059236,7056.651646101945 -119.52999035912276,41.01688810844173,6934.1147099975615 -119.53007321941438,41.01693939418665,6766.579125760885 -119.53012575131702,41.01697236642719,6659.246117709261 -119.53017161774092,41.01700145584032,6564.785562959589 -119.53024252448274,41.017047014910105,6417.307766079458 -119.5303183682011,41.017096572705874,6257.499363194358 -119.53035455966919,41.01712053550822,6180.44941226261 -119.53043924694468,41.017177448987084,5998.02558869244 -119.53050345279838,41.01722142242187,5857.616301676135 -119.53053917784895,41.0172462152298,5778.660684833446 -119.53061145671077,41.017297125423724,5616.998069138339 -119.53067401408123,41.017342044127766,5474.893322348177 -119.53071991108948,41.017375534711256,5369.2664768934 -119.53078836394025,41.017426375209936,5209.447526859325 -119.53083497920765,41.017461640188685,5098.9589196583975 -119.53089319997736,41.017506464086296,4958.958819131475 -119.53096877927167,41.01756603378743,4773.663193611896 -119.53099834833385,41.017589794075455,4700.0023637771355 -119.53105129166768,41.017633025493105,4566.353643701567 -119.531111810322,41.01768360764604,4410.622670883883 -119.5311558045723,41.01772122192407,4295.282803306754 -119.53121292930783,41.01777119530953,4142.664104428936 -119.53124374773168,41.017798717382945,4058.914119240606 -119.53127639513832,41.017828322225434,3969.055925000253 -119.53132314538082,41.01787155901308,3838.239552554543 -119.53135908754034,41.01790550779804,3735.856368699785 -119.53140242589745,41.01794730164736,3610.1816484361393 -119.53145093106995,41.01799525138716,3466.4503710448857 -119.53147230435141,41.01801679138131,3402.0262117145953 -119.53151401781626,41.018059588931386,3274.2585869268546 -119.53155200244066,41.018099470646476,3155.4498445551462 -119.53156664115352,41.01811507662809,3109.0163371850126 -119.53159718054998,41.018148063246706,3010.9581899461136 -119.53163566365956,41.01819045519688,2885.0782093825014 -119.53165113692496,41.018207754903145,2833.7379732041904 -119.53168008041898,41.01824049671373,2736.6020171034907 -119.53171120905795,41.018276243210686,2630.568967669518 -119.53172641187321,41.01829389080901,2578.21805787727 -119.53174377505356,41.01831420182562,2517.9547510732236 -119.53176899001953,41.018343976342344,2429.5764017253105 -119.53179805023704,41.01837870284983,2326.4123673122704 -119.53180858371017,41.01839139918772,2288.662861617999 -119.53183367665443,41.01842187298784,2197.9617558883797 -119.53186434634748,41.01845955342986,2085.5781586902735 -119.53188122879342,41.0184804946866,2022.9787526815835 -119.53190445512752,41.01850953545457,1935.9575716576428 -119.53193058337494,41.018542518120604,1836.7672220513364 -119.5319522833239,41.01857015892039,1753.2875229031486 -119.53197833178025,41.01860363116385,1651.6811919034462 -119.53200930667583,41.018643836908794,1528.743642982555 -119.53201941937587,41.01865705613989,1488.0804725515354 -119.53203871499372,41.0186824092189,1409.7308299383526 -119.53206729066918,41.018720261334934,1291.7868198306153 -119.53207548100848,41.01873117778284,1257.542191816799 -119.53208745552438,41.018747145404326,1207.2749229893034 -119.53209131305562,41.01875229952606,1191.0000000005089</coordinates>
                </LineString>
            </Placemark>
            <Placemark id="391">
                <name>Run 39</name>
                <description>States exported: 300 of 6,719
Launch inclination: 89.108 deg</description>
                <styleUrl>#392</styleUrl>
                <LineString id="390">
                    <tessellate>1</tessellate>
                    <altitudeMode>absolute</altitudeMode>
                    <coordinates>-119.10695,40.870683,1191.0 -119.10695000000086,40.87068300000371,1191.0000269226462 -119.10695002054986,40.870683087524746,1191.635356096501 -119.10695148850854,40.87068922166906,1235.869053832095 -119.10695505389657,40.870696148685006,1282.1305152130392 -119.10696416894687,40.870707974660334,1356.6721310483706 -119.10697376589876,40.87071878497682,1423.1424062088356 -119.10698032894541,40.87072576578685,1465.6410568454592 -119.10698829812742,40.87073397144827,1515.3525532299386 -119.10699708579955,40.87074275271273,1568.3003418595076 -119.10701424761191,40.87075932137284,1667.9874656469838 -119.1070264540296,40.870770745929995,1736.7459753296907 -119.10703841053886,40.870781728036924,1802.9284817944692 -119.10706029787926,40.87080138544909,1921.7435293580677 -119.1070828966476,40.87082116468937,2041.9309421867613 -119.10710233822016,40.87083781548728,2143.711481184256 -119.10712317800548,40.87085532939447,2251.3872931341098 -119.10713797507032,40.87086760337464,2327.152006579788 -119.10717350683474,40.87089656769072,2506.976184668689 -119.10718997366052,40.870909752231505,2589.3328369549495 -119.10720963533005,40.870925461077285,2687.458290614832 -119.10724273941558,40.870952007521424,2852.770370988476 -119.10725884458338,40.87096497594746,2933.2825758367057 -119.10728838935242,40.87098887092913,3081.182677822531 -119.10730671932086,40.871003772389685,3173.111166936028 -119.10732514924533,40.87101881554227,3265.670322368741 -119.10735363212035,40.87104220004652,3409.04487351766 -119.10737236897381,40.87105767728211,3503.5888222845024 -119.10740736579199,40.87108680166445,3680.7092241758132 -119.10742885982796,40.871104837788096,3789.8640621526374 -119.10745634011779,40.87112807288058,3929.8684760650185 -119.10748722054163,40.8711544335136,4087.844083963075 -119.10750733428759,40.87117175264161,4191.137559553554 -119.1075281914221,40.87118984306039,4298.602298436422 -119.1075560247151,40.87121420056275,4442.607865078311 -119.10759562220812,40.871249301813236,4648.748175330295 -119.10761749285022,40.87126892718718,4763.293654320251 -119.10764574822537,40.87129455108864,4912.074470820397 -119.10768288123276,40.87132871736879,5109.081870526902 -119.10770486158496,40.87134922419439,5226.559703443322 -119.10773846069274,40.87138101028135,5407.495514061302 -119.10776291628704,40.871404505013544,5540.313093559301 -119.1077880483611,40.8714289883666,5677.8787883462755 -119.10782140803016,40.87146205894179,5862.315206150849 -119.10783811111953,40.87147888020123,5955.506068143996 -119.10787177987005,40.871513362993305,6145.2185762521385 -119.1078949091356,40.87153753041922,6277.0920706451025 -119.10791929914166,40.87156347099207,6417.615987240704 -119.10795219962272,40.87159926527764,6609.735740667627 -119.1079678477682,40.87161663652612,6702.213970089414 -119.10798996044832,40.871641580180366,6834.159141247196 -119.10801712854224,40.871672901491266,6998.415142703614 -119.10803472434462,40.87169360318083,7106.122407824017 -119.10804715091587,40.87170842782621,7182.856983200173 -119.10806905114526,40.8717349858347,7319.499328309692 -119.10809547449357,40.87176779515305,7486.918289380249 -119.10810866556832,40.87178450436687,7571.615524355314 -119.10812314437584,40.871803128431814,7665.583557921571 -119.10814697302222,40.87183444386465,7822.589151483366 -119.10817319523893,40.871869979994955,7999.292695625905 -119.10818333563977,40.87188406013917,8068.886886729075 -119.1081991636195,40.87190644505231,8179.02669798068 -119.10822403578474,40.87194274264965,8356.35325916998 -119.10824742497302,40.871978296078304,8528.508237633721 -119.10825147067746,40.87198460123915,8558.876836333317 -119.10826684849299,40.87200902641553,8675.998433542476 -119.10828830647692,40.8720444339414,8844.360080567221 -119.10830830815529,40.87207900519676,9006.985713255028 -119.10831872517056,40.872097680189356,9094.069125978755 -119.1083318080707,40.87212184607736,9205.974288976988 -119.10835081505941,40.87215852380038,9374.034507956692 -119.10837119222782,40.872200191203305,9562.333194191046 -119.10838154036809,40.87222240776181,9661.576347896116 -119.10839497541741,40.872252441553115,9794.47306143404 -119.10841014957079,40.872288180882194,9950.706697058919 -119.10842049362658,40.87230884898906,10042.926352431312 -119.1084536453977,40.87234766702202,10235.228478820942 -119.10849159698898,40.872375018421245,10391.630317214223 -119.10856441627581,40.872409331546855,10625.237922617205 -119.1086615328771,40.87243876705738,10878.596351727712 -119.10870338005532,40.87244826984903,10976.771771418873 -119.10880428531526,40.872466319386795,11196.692128263265 -119.10894810044393,40.87248430751638,11482.976511792034 -119.10899819709724,40.87248917009905,11577.6864382491 -119.10910187532961,40.87249783258361,11768.549838309138 -119.10931995263054,40.87251210610169,12155.190690812407 -119.10947906959396,40.87252049157867,12429.370041145065 -119.10969759739126,40.87253039816963,12799.328791673663 -119.10993631325326,40.87254001700163,13198.015232259131 -119.11005715867881,40.872544600578564,13398.409501321565 -119.11027477370205,40.87255279236363,13758.721896731664 -119.11050950148706,40.87256183687379,14148.01058620645 -119.11062395057682,40.87256633186867,14338.048775406281 -119.11089079362593,40.872577011711584,14781.46086617983 -119.11120890555557,40.872590048060864,15310.525925212185 -119.11136649419575,40.87259662830875,15572.64086325974 -119.11174093352317,40.87261254874331,16195.237965402175 -119.11203687650017,40.87262540406152,16686.7470506025 -119.11220952880402,40.87263298307541,16973.235855847277 -119.11255377200634,40.872648258593166,17543.632800143634 -119.11294034845864,40.8726655982263,18182.720465469294 -119.11336206793446,40.87268463946074,18877.92289085174 -119.11350565362008,40.87269114961686,19114.117780356184 -119.11384021062172,40.87270634814352,19663.486542162434 -119.11430663912796,40.87272759850518,20426.9564765893 -119.11467374542264,40.87274436046736,21025.799301214727 -119.11498966649883,40.87275881037742,21539.715914503842 -119.1154929642306,40.87278186884338,22355.616261665076 -119.11576065638131,40.87279414414329,22788.16699928584 -119.116352329688,40.87282127036956,23740.71431041862 -119.11673352287612,40.87283874120909,24351.840966457265 -119.11723963014822,40.87286194857651,25160.057500327017 -119.11795245863085,40.872894627994945,26292.241106038447 -119.1184138917776,40.872915807742906,27021.25241428427 -119.11899069637113,40.872942296841714,27928.367844448 -119.11958446996172,40.87296959777617,28857.29343115042 -119.12017638351148,40.872996821303566,29778.406988583964 -119.12113467619393,40.87304094176369,31259.4775117325 -119.1217554788403,40.87306952417644,32212.255864575432 -119.1229521250084,40.87312463518675,34034.155409240324 -119.12449493307413,40.87319566423483,36354.836498134275 -119.12617957067918,40.8732731838412,38852.975907456814 -119.1283811818927,40.87337445322697,42062.10558569149 -119.13117307588219,40.87350279814348,46042.53735792805 -119.13520766730386,40.87368810855672,51622.57579876932 -119.14078618791966,40.87394413408576,59012.64135608247 -119.15058750093098,40.874393670203375,71121.6317201498 -119.16242143892089,40.87493664375229,84337.90458702273 -119.17391747923668,40.87546528023891,95794.75306108694 -119.18610256683603,40.87602778017857,106534.21233708256 -119.19789983160759,40.87657534479,115622.43014165535 -119.21036336013822,40.87715786601422,123885.59773840413 -119.22239202888188,40.87772478311146,130605.16747493169 -119.23506095468527,40.87832771803062,136391.99865928636 -119.24725115678689,40.87891430673251,140742.88023930186 -119.26005242984645,40.87953792961322,144053.33994649167 -119.27233427792291,40.880144395525534,146035.5069710444 -119.28519483671258,40.880788861974956,146869.57519748036 -119.2969393882968,40.881386610977884,146525.70957119018 -119.30978726898175,40.882051494373314,144938.41253617752 -119.32204459925484,40.88269743520849,142235.7676951222 -119.33480727590813,40.88338312049522,138172.0845624225 -119.34420568733503,40.883897285829526,134350.47039291536 -119.3461371661926,40.88400397493829,133476.68113345938 -119.35874790297558,40.88470959347436,127017.74576272153 -119.37070960646516,40.88539428509341,119655.30127822651 -119.38309107474218,40.886120195821434,110720.0514047677 -119.39479714501807,40.88682407602103,100989.02034297773 -119.40686718727359,40.88756965313031,89577.98969574536 -119.41764452942068,40.8882538210707,78144.44806714072 -119.42326199448932,40.8886185731609,71678.13581799435 -119.42630358520256,40.88881891680474,68015.52974177785 -119.4295800132987,40.889035229092954,63987.0254821002 -119.433178437237,40.88927589557709,59397.42650891008 -119.43621912578357,40.88948041240992,55419.586231544556 -119.43779217396127,40.88958770716162,53296.35789601359 -119.43982071659465,40.88972568686847,50543.767754024135 -119.44160546553435,40.88984878778864,48051.25754928276 -119.44278676337643,40.88992955802077,46409.42611658557 -119.44406011125271,40.89001827901311,44582.0823260187 -119.44539643977828,40.890110705375115,42671.83995087752 -119.44685697562197,40.890212414228955,40550.29358016264 -119.44805398889719,40.890296443173696,38781.28931914212 -119.4490023372661,40.89036346495128,37359.7633167132 -119.44994490339766,40.89042970914467,35951.599651968994 -119.4507633414637,40.89048732900906,34721.09716063276 -119.4513608555913,40.890530088560126,33799.50286294916 -119.45215455889581,40.89058646049093,32584.189753671024 -119.45278309177495,40.89063092370114,31624.077361947475 -119.45345767449732,40.8906790661257,30578.660860755826 -119.45407717772737,40.89072354259689,29608.51115134614 -119.45467956078865,40.89076689967984,28660.4391247591 -119.45523075834983,40.89080660901288,27790.45711296666 -119.45552884039105,40.8908278801606,27325.862795535537 -119.45585679688324,40.890851790949185,26799.003150993132 -119.45622675117316,40.89087841007795,26214.616158027773 -119.45667721359166,40.89091102199933,25496.35522332726 -119.45709170063958,40.89094115826258,24830.36487753264 -119.45748067647908,40.89096950433751,24201.90060758982 -119.45788472929074,40.89099893388715,23548.728876685782 -119.45822274100613,40.89102353253919,23001.978154412704 -119.45858294790364,40.89104979411503,22417.34265287857 -119.45891970016953,40.89107440772436,21868.445798826102 -119.45924433416339,40.891098221641094,21336.76343834801 -119.4595543602046,40.891121032873656,20827.072388355347 -119.4598320205343,40.89114151327047,20369.23113698555 -119.46011901877338,40.89116270806427,19895.42870829066 -119.4603823982135,40.891182196692775,19459.75793605605 -119.46065279892994,40.89120226532052,19011.054227770208 -119.4607789531615,40.89121166826234,18800.720851621085 -119.46095069690787,40.891224485860484,18514.796775617055 -119.46118644122836,40.891242152462574,18121.086868965154 -119.46141966369746,40.89125974803076,17730.28183537936 -119.46166058115368,40.89127808084288,17325.303161129013 -119.46187312037323,40.891294421808105,16966.83646384691 -119.46204926561789,40.89130811039577,16668.871619995818 -119.46216210726897,40.89131693794927,16477.745867160545 -119.46237357825378,40.89133366831139,16118.130163604063 -119.46257001876249,40.89134942915703,15782.630174611442 -119.46278034628213,40.89136656013659,15421.649620345599 -119.46288926451057,40.891375546040585,15233.842786963149 -119.46299306592596,40.8913841890259,15054.41432076489 -119.46316244457527,40.891398470635465,14760.21607139071 -119.46334803256458,40.89141439698284,14435.844406380014 -119.46349936883298,40.89142762397472,14169.57091374393 -119.46355225091763,40.891432303957465,14076.146429489623 -119.46369114479587,40.891444769586094,13829.665371797391 -119.46387018024981,40.891461232906494,13509.507879361145 -119.46404706150669,40.89147802984969,13190.194031946176 -119.46410695424397,40.891483850348415,13081.357789017518 -119.46422597891602,40.891495624462934,12863.9753994083 -119.46437218651874,40.89151051264278,12594.81833918285 -119.4644676223756,40.891520498034645,12417.831554374956 -119.46452300939121,40.89152640143487,12314.612364270703 -119.46462705092966,40.89153769155058,12119.75418920182 -119.46477859129429,40.891554660699605,11833.547498306294 -119.4649161760678,40.89157063156709,11571.163061855857 -119.46496593477407,40.89157654910824,11475.646470179154 -119.46506027708631,40.891587993212575,11293.586134772362 -119.4651394068994,40.8915978273084,11139.883488038917 -119.46527367287642,40.89161503877224,10876.902921240368 -119.46531668050918,40.89162069773455,10792.050641714226 -119.46542209688288,40.891634878644915,10582.729024087754 -119.46556252315946,40.891654486722125,10300.747126198723 -119.46564066991418,40.8916657695168,10142.157712830201 -119.4657759448876,40.891685955217405,9864.577358789751 -119.4658912488152,40.891703848591085,9624.666979994778 -119.46596641790231,40.89171586590603,9466.4987782527 -119.4660777772045,40.891734200938735,9229.41831934508 -119.46615539661302,40.8917473643433,9062.090821763537 -119.46620086799713,40.891755219920775,8963.224469178589 -119.46629537673718,40.891771890891405,8755.629149661665 -119.46639471680376,40.89178990301345,8534.141617765965 -119.46641901083227,40.89179438395209,8479.437439312771 -119.46647784389616,40.89180536831269,8346.062974186492 -119.46655838577769,40.89182070433695,8161.315754195285 -119.46661977849836,40.89183263821558,8018.759659061133 -119.46666893153235,40.89184235789164,7903.523436256475 -119.4667477102184,40.89185825395348,7716.7178519225 -119.46681453666054,40.89187207363096,7556.184497088602 -119.46684024267476,40.8918774794602,7493.907260436717 -119.46688905467644,40.89188789171528,7374.8141457268375 -119.46696258721795,40.891903975610795,7193.268300622948 -119.46700053372338,40.891912481318094,7098.525046139993 -119.4670401371448,40.89192151813776,6998.823601290175 -119.46710255068254,40.89193612016379,6839.919758912288 -119.46716767983395,40.89195186871996,6671.597176488296 -119.46718681918492,40.89195660189769,6621.61392246229 -119.46723239142278,40.89196807181189,6501.605483235073 -119.46728949260121,40.89198286207924,6349.140052380886 -119.46733315816623,40.891994502780534,6230.870295537249 -119.46738683955844,40.892009228033615,6083.343470515094 -119.46744895561609,40.89202687356427,5909.481653259537 -119.46748313105161,40.89203687668109,5812.277949507496 -119.46752655179675,40.892049909106525,5687.092850926777 -119.46758881424405,40.89206927212386,5504.064075092666 -119.46761631183462,40.89207809470136,5421.822709802972 -119.46766654901273,40.89209467306399,5269.176886791616 -119.46771888398453,40.89211262079632,5106.631870063087 -119.46774784501466,40.892122872132205,5015.020430667544 -119.46778794927417,40.89213747140888,4886.06204615645 -119.46782825484524,40.89215265091361,4753.8331614292365 -119.46785099422925,40.8921614573572,4677.989174847117 -119.46789240134953,40.89217797983296,4537.404586139018 -119.46792971442983,40.89219345832249,4407.755513333742 -119.46795996042991,40.89220645426657,4300.427605393054 -119.46800478938421,40.89222652098719,4137.385471021665 -119.46802626130547,40.89223649902832,4057.499335022639 -119.46805288460884,40.89224922216449,3956.721255957249 -119.46809046693778,40.89226788945241,3810.9833109954875 -119.46811357073395,40.89227980315503,3719.2230413488387 -119.46814020389711,40.892293977044034,3611.2413906821575 -119.46817612292661,40.89231388909532,3461.5771767054775 -119.46819141649011,40.89232266173504,3396.3460721741317 -119.46821779189202,40.89233823056984,3281.576025966929 -119.46824572596228,40.89235536209851,3156.6769890755804 -119.46825466558512,40.89236098977657,3115.945359937593 -119.46827450176889,40.892373734845165,3024.2056820421194 -119.46830214805365,40.89239210223062,2893.1359858019337 -119.46831614661403,40.89240167178665,2825.3307352884476 -119.46833942277777,40.89241798101261,2710.468707195512 -119.46836463606482,40.89243619102609,2583.155786830069 -119.46837165331725,40.89244135777625,2547.196774834827 -119.46838494849587,40.892451265034154,2478.4287681251735 -119.4684030562711,40.892465005149475,2383.4204496577518 -119.46841865674365,40.892477071045576,2300.2945513994036 -119.46843184367306,40.89248743495806,2229.0789364627153 -119.4684527997324,40.892504213520645,2114.057133635209 -119.46846819925578,40.89251678102708,2028.036289857563 -119.46848289041638,40.892528955930175,1944.7235194854757 -119.4685019525663,40.892545017552195,1834.7026547573037 -119.46851595014626,40.89255699711122,1752.4439852502046 -119.46853229985494,40.892571182895956,1654.6771311208836 -119.46855519075189,40.89259137691397,1514.5062687337825 -119.46856107881914,40.89259663264817,1477.7856315074682 -119.46857482078782,40.8926089962587,1390.9520990079486 -119.46859229029957,40.89262490691428,1278.1626275862166 -119.4685955081617,40.89262786146325,1257.0791915900882 -119.46860281427094,40.892634568199824,1209.0863988729443 -119.46860555092773,40.89263708737278,1190.999999999997</coordinates>
                </LineString>
            </Placemark>
            <Placemark id="401">
                <name>Run 40</name>
                <description>States exported: 300 of 6,845
Launch inclination: 87.517 deg</description>
                <styleUrl>#402</styleUrl>
                <LineString id="400">
                    <tessellate>1</tessellate>
                    <altitudeMode>absolute</altitudeMode>
                    <coordinates>-119.10695,40.870683,1191.0 -119.10694999998879,40.87068300000612,1191.0000268457545 -119.10694938809898,40.870683333792435,1192.464899631339 -119.10693426236199,40.87069157525808,1228.5069377776488 -119.10691717895962,40.87070190770948,1271.7131352789881 -119.10689487770503,40.87071782826577,1335.1706460541473 -119.10687029110235,40.87073684238161,1409.3673420245245 -119.10685425407735,40.87074976219859,1459.2826714453204 -119.10683660741573,40.87076431663551,1515.216057095112 -119.10682063959653,40.87077773798114,1566.5836417600938 -119.10679099518146,40.87080309527694,1663.3980328076577 -119.10675715154161,40.87083253488588,1775.7126634543467 -119.10673146055274,40.87085510332652,1861.8688933226213 -119.10669120281617,40.87089072399557,1998.1264828776625 -119.10666763413418,40.87091168224107,2078.513191952443 -119.1066382226877,40.87093791398656,2179.3980617958564 -119.10660157763817,40.87097069643169,2305.867300992819 -119.10657230423807,40.870996942069716,2407.381802373048 -119.1065230650166,40.87104120619444,2579.172391919213 -119.10650181305101,40.87106033780692,2653.5280404665327 -119.10645485440246,40.87110259989422,2817.4279400238356 -119.10642659108066,40.87112802398062,2915.7832256227666 -119.1063765532254,40.87117300016236,3089.2993535913497 -119.10635019361574,40.87119666959818,3180.360398583678 -119.10631869520267,40.87122493271145,3288.857618297222 -119.10627077941066,40.87126787336634,3453.18513519744 -119.10624343972196,40.87129234568334,3546.5505046547173 -119.10618587682583,40.87134379695922,3742.137928928357 -119.10615850088988,40.871368230235994,3834.6738494004103 -119.10610639245265,40.87141466949909,4009.922428351869 -119.10607675910353,40.871441037824304,4109.052182374627 -119.10603464667433,40.8714784531879,4249.245947544774 -119.10598408389836,40.87152328325181,4416.489961111687 -119.10594405958904,40.87155869190469,4548.020164218575 -119.10588677386946,40.87160924200478,4734.927555962222 -119.10585922066332,40.87163349803554,4824.248020318379 -119.10581325287863,40.87167387710503,4972.407869035044 -119.10577947950354,40.871703471321766,5080.57051662598 -119.10574413581475,40.87173437318861,5193.1206581294 -119.10568535120147,40.871785609734204,5378.836175076401 -119.10564595757383,40.87181982949343,5502.235379490472 -119.10558868508218,40.87186940513519,5680.093203941928 -119.10552878921469,40.871921021349934,5864.09839315948 -119.10549430141833,40.87195063393228,5969.10892288364 -119.10544083571662,40.87199638137285,6130.5298926904115 -119.1053956868215,40.872034861851006,6265.53221215456 -119.10536329200463,40.87206238934453,6361.660090226785 -119.1052993125505,40.87211655275583,6549.690880099864 -119.10525669391882,40.87215248804738,6673.606371962437 -119.10521905352621,40.87218412903723,6782.168709407555 -119.10515648453715,40.872236528899805,6960.81086887465 -119.10510558054656,40.87227897832671,7104.496799609173 -119.10508025329123,40.8723000340265,7175.436502110556 -119.10503058945837,40.87234119505531,7313.483843840315 -119.10496544780315,40.8723949129274,7492.4369050707355 -119.10493631128817,40.872418835776664,7571.704319393552 -119.10490030496665,40.872448295073504,7668.963020064332 -119.10484699321755,40.8724917044376,7811.584713130737 -119.1047790156734,40.87254665740832,7990.974476207792 -119.1047469694487,40.87257239717503,8074.562231524704 -119.10469037559515,40.87261759347045,8220.647239247988 -119.10462100450836,40.872672519089825,8397.013267737104 -119.10456624259466,40.872715500726564,8534.129365593313 -119.10453740290815,40.872738012717825,8605.607665561643 -119.10448360573731,40.872779778729594,8737.597717920806 -119.10441231396506,40.87283470966789,8909.889408316085 -119.10434643091773,40.872885090531454,9066.536158313655 -119.10430940761624,40.8729132511818,9153.510253475928 -119.10423772257087,40.87296750267893,9319.823141501302 -119.10415760708213,40.87302773462573,9502.529066539324 -119.10409793543134,40.87307234389246,9636.511562907961 -119.10404775291227,40.873109705183225,9747.847130532367 -119.10397051126095,40.87316695841304,9916.887702959313 -119.10392871664455,40.873198075903424,10008.77347893653 -119.10388114875549,40.87323518184938,10123.274112903691 -119.10383571119645,40.87327301533402,10247.069555071877 -119.10378748662495,40.873316768809154,10400.784626908675 -119.10372195967945,40.87338579259506,10671.472816773241 -119.10368472419684,40.873433964798906,10885.291002653343 -119.10366552173952,40.87346375870979,11029.698340893114 -119.10364034758763,40.87351443033094,11298.598140612747 -119.10362617237588,40.87356126048097,11574.545447255883 -119.10362257162159,40.87358151976341,11701.300502154147 -119.1036189075248,40.87363191502747,12031.5563465851 -119.1036200142987,40.87366737611435,12273.985107658105 -119.10362230692263,40.87369299033078,12453.009560237908 -119.10363287985125,40.8737609590126,12939.316692377071 -119.10364134120239,40.87380159199088,13234.895062243308 -119.10364819108547,40.873831175984975,13451.534118585976 -119.1036575164547,40.87387163955576,13747.531650346511 -119.10367023559063,40.87392987837584,14171.776194713395 -119.10367615145152,40.87395823804818,14377.532934049792 -119.10368839770344,40.87401936127199,14819.32554444168 -119.10370138270927,40.87408760938222,15310.211516413367 -119.10370919451933,40.87412999352992,15613.775768413576 -119.10372392681384,40.874212139651924,16199.562858193785 -119.10373605858022,40.874280920711435,16687.466124534945 -119.1037425220289,40.87431792166279,16949.155923380666 -119.10375189103274,40.874371601943814,17327.830150912567 -119.10376463260066,40.87444455339319,17840.885339552162 -119.10378005962775,40.87453216245542,18454.96541738089 -119.10379335900566,40.87460674840429,18976.360207575082 -119.1038086314369,40.87469126811766,19565.512986329082 -119.10382842153791,40.87479859851738,20311.504802529675 -119.10384713385169,40.87489784348116,20999.15180094773 -119.10386277729104,40.874979265585,21561.803464992438 -119.10388415749253,40.87508823058729,22312.681507768488 -119.10389798598426,40.875157367208494,22787.906239453987 -119.10392577129555,40.875293234269016,23719.3089557586 -119.10394482920051,40.875384199341475,24341.040554642397 -119.10396716982706,40.87548855325161,25052.291132099162 -119.10398766649068,40.87558226978559,25689.370173298215 -119.10402702303382,40.875757067647534,26873.033715858008 -119.1040396766207,40.87581197512814,27243.65492375145 -119.10407900633646,40.87597899494401,28367.179969156943 -119.10410845254454,40.87610070154359,29182.327077095888 -119.10415935264172,40.87630509008473,30544.83225811665 -119.10420095603838,40.8764671848414,31619.603145004286 -119.10425248770545,40.876662380005236,32907.130728716445 -119.10434036822492,40.87698268465043,35004.23993931734 -119.1044475340864,40.877354938973035,37416.85910335799 -119.10458693648145,40.87781389754874,40355.013992010056 -119.10477933547465,40.878408929494185,44104.60732979804 -119.10503944839193,40.87915723449115,48724.141020145435 -119.10541031731417,40.88013856049865,54620.48667541451 -119.10611981858199,40.881817175552044,64281.88682907625 -119.10738237243284,40.88439431611276,78074.31747317043 -119.10851421987581,40.88642535518461,88059.48437920985 -119.10867344127927,40.88669576340295,89330.14155885228 -119.11029681383357,40.88929106515075,100823.94325903527 -119.11208006801857,40.89188778167731,111053.20691995704 -119.11400414456295,40.894486037270624,120017.92957158427 -119.11604998911248,40.89708594120932,127718.09902556884 -119.11819854268103,40.89968758682245,134153.70361075256 -119.12043075850639,40.902291051476716,139324.7334488574 -119.12272757705428,40.90489639673847,143231.18063889 -119.12496741210651,40.90739026817502,145784.47173570475 -119.1273355137801,40.90999941052845,147216.72036298978 -119.12960864603927,40.91249695527474,147403.3814362059 -119.13197508591479,40.915109951244766,146361.42423135784 -119.1343125069743,40.91772490026309,144054.875052369 -119.13660185298593,40.92034176989322,140483.73801701516 -119.13882406640164,40.92296051087886,135648.01928403662 -119.14096008991798,40.92558105459057,129547.727068772 -119.14299085250825,40.92820330093596,122182.87173586503 -119.14481718307484,40.93071295234657,113954.95272909477 -119.14658633360449,40.93333753093713,104115.99879438932 -119.14819087545061,40.9359596456752,93012.67219419609 -119.14960816582833,40.93857431752007,80646.84490169483 -119.15016354886924,40.939713351209626,74855.88783828214 -119.15056916754466,40.940610958895235,70056.79539526309 -119.15093522361035,40.94147018954014,65349.962023897286 -119.1512126215703,40.94214809391942,61616.96780959608 -119.15143127212389,40.94273412596572,58194.50114491871 -119.15164823761732,40.9433192651653,54852.39311216545 -119.15183953028084,40.943887347061384,51436.02232341267 -119.15196846975758,40.94427990662078,49082.616285585034 -119.15211549056453,40.94474597391145,46261.675698836225 -119.15220186105952,40.94504952915606,44336.09653898889 -119.15230710758995,40.94541864174475,42028.910338185466 -119.15237913185997,40.945666785688786,40511.4848848556 -119.15244166336177,40.94591045607019,38936.28343430168 -119.15250487203201,40.94616235349426,37305.72654407795 -119.15255820531937,40.94636802836855,36005.52867889838 -119.1526114433863,40.94658273380635,34629.33035597501 -119.15266249630778,40.946801383489905,33201.01673446477 -119.15269543738273,40.946955080906555,32168.93340501894 -119.15273140099582,40.94712081969236,31066.76599552019 -119.1527625321173,40.94725960298877,30159.847042789504 -119.15279263838103,40.947395367100846,29272.313834693276 -119.15280754165633,40.947476430124965,28709.03608683031 -119.15282447669148,40.94754913146376,28245.402851612747 -119.15284124533282,40.94763928329514,27623.72033107347 -119.15286253554173,40.94774597328494,26905.921863317282 -119.15288073010382,40.94783060313122,26352.82146111179 -119.15289282301949,40.947899966694685,25868.24228483634 -119.15291245857213,40.948000836902025,25188.050943825216 -119.15292430591843,40.94805857414429,24806.232783823347 -119.15294048723028,40.948148330430826,24188.496797477816 -119.15295611169756,40.94823357550604,23606.064434592146 -119.15297197176362,40.94831847129869,23030.73960881276 -119.15298007509494,40.948363870491846,22719.43118282964 -119.15299257530779,40.94843574722457,22223.90687660418 -119.15300281346248,40.948490748609274,21852.888284161774 -119.15301379260248,40.94855564797926,21403.823399610315 -119.1530241851166,40.948618233367085,20969.598065573802 -119.15303133101435,40.94865815116113,20698.87383643312 -119.15303994765671,40.948711775670745,20325.044846690245 -119.15305132524203,40.94878142499144,19842.812025681287 -119.15306179356374,40.948846266689934,19393.897694665277 -119.15307205446963,40.94891088833287,18946.110257391105 -119.15307657847373,40.9489398896032,18744.821358052395 -119.1530837433487,40.948987168654575,18415.697820933332 -119.15309198849546,40.94904198918022,18035.148382139752 -119.15310044102583,40.949100239221785,17630.210023416726 -119.15310845234981,40.94915773670582,17230.484874310398 -119.15311612874713,40.949215549863325,16828.89895664355 -119.15312012855213,40.949247289954116,16608.323812341303 -119.15312501672813,40.94928785288788,16327.181990573928 -119.15313093840814,40.94934069942674,15961.610024122621 -119.15313598627468,40.94939121647254,15612.847937979112 -119.1531398579014,40.94943599572839,15304.351638410624 -119.15314183328005,40.949462312392555,15123.274289284085 -119.15314503469459,40.949515024382926,14761.426880315044 -119.15314697477571,40.949563453282394,14429.923578536087 -119.15314774374373,40.94960161896805,14169.37473723246 -119.15314785768805,40.94961649840438,14068.075236892473 -119.15314774759794,40.94964486576315,13875.283567691617 -119.15314652296107,40.94969383141496,13543.950244574015 -119.15314365594794,40.94974593098737,13193.869526660932 -119.15314275505946,40.94975796877791,13113.38611841619 -119.15313898094331,40.94979961076941,12836.178313253407 -119.15313371968277,40.94984443924753,12540.098277651396 -119.15312898025505,40.949877962648664,12320.37431560056 -119.15312426740577,40.94990735826839,12128.888032586041 -119.15311558775069,40.94995471332996,11822.88163400674 -119.1531073574651,40.94999415133372,11570.369822951403 -119.15310314297756,40.95001281005547,11451.678461856394 -119.15309487879524,40.95004703016886,11235.341489399161 -119.15308326427345,40.95009090090589,10960.637467763254 -119.15307840693346,40.95010807128758,10853.957477746888 -119.15307138643443,40.95013180736618,10707.195058290767 -119.15306003487846,40.950167928039484,10485.555746982276 -119.15304616470961,40.9502088570723,10236.777243320874 -119.15303972041973,40.950226848773504,10128.18673712023 -119.15302423604798,40.95026782678857,9882.572065697359 -119.1530070137111,40.9503101972185,9631.033785774282 -119.1530007177669,40.950324958829874,9543.950045351527 -119.1529845013731,40.95036141658116,9330.038133528009 -119.15296299637296,40.95040671360586,9066.444149152274 -119.15295536841,40.950422042120536,8977.72911122568 -119.1529418216111,40.95044840555273,8825.658773923209 -119.15291998339815,40.95048879288842,8593.742256716025 -119.15291211545872,40.95050275904847,8513.790689759391 -119.15290053198751,40.95052284251117,8399.082868486203 -119.15288305326523,40.9505520992989,8232.395403040218 -119.15286252464396,40.95058505605404,8045.254381242185 -119.15285749175649,40.95059292694664,8000.658949065904 -119.15284171656985,40.95061714131776,7863.774103539552 -119.152818778907,40.95065120559061,7671.96054738443 -119.15280417372104,40.950672283192,7553.771379044728 -119.15279542582512,40.95068469812237,7484.360810443355 -119.15277782741866,40.950709234527125,7347.6492426414625 -119.15275446574276,40.950740980923726,7171.810736290114 -119.15274358597989,40.950755472465424,7091.974786424116 -119.15273127185247,40.950771651554376,7003.162093844801 -119.15271026909328,40.95079875009844,6855.235660769007 -119.1526840504982,40.95083173980465,6676.592535184653 -119.15267742415632,40.95083993624989,6632.4566002794045 -119.1526580291855,40.95086361328489,6505.489344108571 -119.15263212437597,40.950894537032504,6340.8611896908305 -119.15261421757579,40.95091546662351,6230.189468688889 -119.15258842099377,40.95094501283747,6074.95590387812 -119.15255631406558,40.950980844627814,5888.230116849002 -119.1525472158359,40.95099081800302,5836.547723040585 -119.15252141114406,40.95101870403608,5692.728925468701 -119.15248920061998,40.95105272493665,5518.624978296945 -119.15246954953277,40.951073081118466,5415.163333306818 -119.15244578368761,40.95109732082763,5292.653145606369 -119.15241507342056,40.95112806537119,5138.334194153312 -119.15239434063105,40.9511484745318,5036.54602890699 -119.15235979211613,40.951181904518656,4870.940660543947 -119.15233318251046,40.95120719116602,4746.604692290654 -119.15230987803916,40.95122902893837,4639.8864338947 -119.15227233201774,40.95126364768388,4471.99532480362 -119.15224543155405,40.95128805250471,4354.615687253795 -119.15220701306191,40.95132238527394,4190.86550167714 -119.15217918503902,40.951346905499506,4074.901706350864 -119.15215354021917,40.951369261409845,3969.8692735524432 -119.15212333632809,40.95139531355759,3848.2851037946675 -119.15209959473079,40.95141559085633,3754.236060197687 -119.15206520973378,40.95144465799018,3620.256576626872 -119.15202605901655,40.95147733995839,3470.716002441344 -119.15200525031639,40.951494538921054,3392.4546699459042 -119.15197221480592,40.95152161037451,3269.8354187890313 -119.15194091682919,40.95154700684111,3155.393633474783 -119.15192732314657,40.95155796687149,3106.167578782894 -119.1519041474977,40.95157655990772,3022.8659162730487 -119.15187727838287,40.95159798235193,2927.1810487725247 -119.15185553580982,40.95161522272639,2850.377270109922 -119.1518317231092,40.95163402389567,2766.8058543656125 -119.15180506737792,40.9516549866765,2673.8248596997837 -119.15177847535699,40.95167583487467,2581.5318858780206 -119.1517682129106,40.951683865534825,2546.0218478968764 -119.15174459346571,40.9517023192481,2464.4946758513483 -119.15171396090345,40.95172619843092,2359.1130360347165 -119.15169141541837,40.95174373596056,2281.769081514627 -119.15165891776948,40.95176895389749,2170.559426222083 -119.15161967539068,40.95179930282549,2036.6085718020252 -119.15160394424274,40.95181143183591,1982.9962306532057 -119.15157656022829,40.95183248683332,1889.761012261524 -119.15154118410098,40.951859553698206,1769.4600616592243 -119.15151722405415,40.951877785230494,1688.051773571926 -119.15148233500345,40.95190416223141,1569.5748605446047 -119.15146101876147,40.95192016535803,1497.2065615087304 -119.1514401673147,40.95193573182674,1426.4196229683178 -119.15140784198069,40.95195968479762,1316.6474924932336 -119.15139124109616,40.95197189968027,1260.2401170591668 -119.15137917973792,40.9519807599466,1219.1501144838269 -119.15137093159777,40.95198681099382,1190.999999999666</coordinates>
                </LineString>
            </Placemark>
            <Placemark id="411">
                <name>Run 41</name>
                <description>States exported: 300 of 6,927
Launch inclination: 87.581 deg</description>
                <styleUrl>#412</styleUrl>
                <LineString id="410">
                    <tessellate>1</tessellate>
                    <altitudeMode>absolute</altitudeMode>
                    <coordinates>-119.10695,40.870683,1191.0 -119.10694999998849,40.87068299999335,1191.0000288753793 -119.1069491100644,40.8706824860084,1193.2311853107838 -119.10693300649793,40.87067318183529,1233.4174018279964 -119.10691869203785,40.870664399845346,1271.7971849998246 -119.1069036494811,40.8706543001633,1316.7444323541877 -119.10688953689444,40.870644432165996,1360.7772557851224 -119.1068725696949,40.87063211606783,1415.844423324336 -119.10685515049502,40.87061912297833,1473.920592263952 -119.10683930355744,40.870607061080875,1527.7599945626398 -119.10681455715392,40.87058782875902,1613.4348674290113 -119.10678072651514,40.870560853984365,1732.94916846391 -119.10675938183566,40.8705435090104,1809.3513261373573 -119.10672858302163,40.87051809486483,1920.6493922673098 -119.10669698919284,40.87049158040156,2035.9212476224984 -119.10667781951945,40.87047528487336,2106.335151767717 -119.10665229549056,40.87045334900471,2200.6205230683095 -119.10662054063181,40.870425732751634,2318.6159446861984 -119.10658738982563,40.870396562966,2442.4917002196426 -119.10654878796771,40.8703621422251,2587.6890176660336 -119.10652452101738,40.870340399360636,2679.1244992565435 -119.1064791780761,40.87029987679483,2849.506514666272 -119.10645695637002,40.870280077083336,2932.750350290953 -119.1064074042905,40.870236089012685,3117.696203623614 -119.10638784093803,40.87021879191228,3190.4291358599585 -119.10634881675881,40.87018440872682,3335.0281927977658 -119.10631222804119,40.87015233057663,3469.970252080988 -119.10627596316718,40.87012069666414,3603.0922390537094 -119.10623025402465,40.87008106357224,3769.9618409588843 -119.10619642449397,40.87005190983964,3892.779582410613 -119.10614528438667,40.870008139313725,4077.3059860819467 -119.10611401117504,40.869981555326824,4189.454383707747 -119.10606542569327,40.869940537916385,4362.612841704256 -119.10601079796366,40.86989483712062,4555.705627579487 -119.10595308272062,40.86984704263432,4757.820334868213 -119.10591646920433,40.8698169902647,4885.0008072658975 -119.10588320991494,40.86978987441962,4999.816847815378 -119.10584539121362,40.86975925760392,5129.531736570039 -119.10579778963307,40.86972105673511,5291.503653391292 -119.10574141267475,40.86967631053661,5481.423143516397 -119.10570563925705,40.86964820313945,5600.835625072804 -119.10564950732679,40.86960455844918,5786.449766378545 -119.10561648229164,40.86957914560885,5894.6381852093855 -119.10557056282374,40.86954414367627,6043.806353396144 -119.10550740366718,40.869496643002364,6246.554574878492 -119.10548030597862,40.86947649426218,6332.678936074815 -119.10542895613426,40.86943869739214,6494.463650924271 -119.10537189695776,40.869397294333126,6672.057077632554 -119.10534634230609,40.86937895176837,6750.859512806416 -119.10529592142035,40.86934312363382,6905.015989545028 -119.10523591441132,40.869301099462376,7086.21674226389 -119.10521638568468,40.8692875641853,7144.66131128088 -119.10517215091299,40.86925715271897,7276.089506045411 -119.10511047165603,40.86921530984874,7457.154550783197 -119.10507475524939,40.869191370552024,7560.839723263192 -119.10503684731894,40.86916619880816,7669.9162970396665 -119.10497683232487,40.86912682952434,7840.580531764769 -119.10491132009572,40.869084535162195,8023.955821140582 -119.10488633055458,40.86906859135596,8093.086452486625 -119.1048266257957,40.86903091731129,8256.43065659225 -119.10475875458465,40.8689888119285,8438.96212771687 -119.10471835692744,40.868964115545836,8546.011173459658 -119.10467928881798,40.86894049626626,8648.440627651764 -119.1046181322124,40.86890403810446,8806.622383196447 -119.10455065988641,40.86886454770624,8978.19053136557 -119.10450904895544,40.86884057767298,9082.50918132302 -119.10446205561848,40.868813850211765,9198.99053700445 -119.10438579532057,40.86877125392574,9385.106669366274 -119.1043040625577,40.86872664013102,9580.725269715123 -119.10426587980916,40.86870615986466,9670.794128942876 -119.10420340035567,40.868673127401244,9816.428672200323 -119.1041363797095,40.86863827563645,9970.482682280865 -119.10408750440838,40.868609502648184,10090.905912881402 -119.10403686756854,40.86857188377197,10234.85584266136 -119.10398959417476,40.86852559498447,10396.473975424355 -119.1039331902698,40.868444663191795,10651.216913606417 -119.10389847055154,40.868365498079406,10877.925208697236 -119.10388529644966,40.868322452807575,10994.682878116639 -119.10386579803448,40.868223933816765,11249.83783310988 -119.10385649196925,40.86810882021823,11533.050609254222 -119.10385580936735,40.868082185293936,11596.98699782771 -119.10385568655079,40.86802041713589,11743.698556078767 -119.1038614637938,40.86787267135572,12088.197360479426 -119.10387160584318,40.86773873595572,12395.388976948616 -119.10389118433551,40.86754543184833,12833.636529388035 -119.1039101755191,40.86738447263719,13195.832368906584 -119.1039219322338,40.867290863964044,13405.743738813424 -119.10393724386546,40.86717018592886,13676.051788665105 -119.10396377570986,40.866954772208636,14158.601881488457 -119.10397536450465,40.86685835099871,14374.604330191361 -119.10399805407096,40.86666599219774,14805.50483020076 -119.10402432280078,40.86643788924643,15316.329719088433 -119.10404299299736,40.86627333475865,15684.73916669669 -119.10407637306588,40.86597572128961,16350.71322958072 -119.10409368349515,40.86582090645004,16696.970947386097 -119.10411047362598,40.86567015009242,17033.927267436724 -119.10413727300171,40.865430104536756,17570.04982851313 -119.10416610670093,40.86517289287133,18143.79112426623 -119.10419169663047,40.864946068424814,18649.01732979136 -119.10420660477229,40.86481462341013,18941.43558319501 -119.10423365168214,40.864577487386164,19468.380203281304 -119.10427329134235,40.86423375734073,20230.594715783176 -119.10431285152953,40.863895201134454,20979.477663994836 -119.10433547699908,40.86370344715278,21402.799839536405 -119.10438625125924,40.86327848774005,22338.72343074089 -119.10440989009496,40.86308299831063,22768.218656514717 -119.10446512046039,40.862631968166525,23756.506093471053 -119.10450597878953,40.86230328652368,24474.367761839505 -119.10456249879877,40.86185571189999,25448.752635450903 -119.10463199653952,40.861316284660774,26618.23679053323 -119.10466453492901,40.861067646527005,27155.484975458818 -119.1047339322499,40.860544911879316,28281.296014190335 -119.10478416049946,40.860172735555764,29079.79742597242 -119.1048658456628,40.85957771101316,30351.003361686373 -119.10494920272427,40.85898235370105,31616.226066113628 -119.10503465242331,40.858383525287636,32882.02382225653 -119.1051847138588,40.85735753385179,35034.701926524685 -119.10535740228852,40.85621313167397,37411.843784996025 -119.10557116884723,40.85484416963865,40222.054884599995 -119.10584776336087,40.853141261486265,43666.824963140374 -119.10623102248293,40.850890668250706,48132.66747229879 -119.10679791647988,40.84775378896737,54192.08015379768 -119.1077502462644,40.84288620734809,63214.01429770588 -119.10959279011777,40.834473802200876,77717.02916201127 -119.11139473933572,40.827113071768764,89278.08347104189 -119.11150619253368,40.82667903247024,89926.93873202325 -119.1136263636322,40.818790976437576,101081.08748837518 -119.11596427145716,40.81073489551603,111224.21018252955 -119.11845716411314,40.802680824123684,120102.7320045134 -119.12120307183962,40.79427884576305,128018.9914849439 -119.12395341508639,40.78622923299601,134313.28669489466 -119.12680074533031,40.77818194444846,139342.9421998317 -119.1297260042486,40.77013705262664,143107.9486760107 -119.1327101359688,40.76209461425525,145608.29882497294 -119.13573408307977,40.75405467026549,146843.9873795534 -119.13877878655467,40.74601724578519,146815.01110633547 -119.14182518951752,40.73798235015951,145521.36880730256 -119.14485423308876,40.72994997706222,142963.06132180078 -119.1478468607858,40.72192010480911,139140.09153256388 -119.15078401666698,40.713892697302605,134052.46438585856 -119.15364663795734,40.70586770791917,127700.18698307544 -119.1565336333365,40.69749634312389,119723.41138383654 -119.15918461490818,40.68947629788485,110786.8848455627 -119.16170270992433,40.68145959004647,100585.78172612985 -119.16406733216068,40.67345124672208,89120.55899160767 -119.16575018556748,40.66737066781712,79565.20964530444 -119.1664628541542,40.664673940435314,75089.25364374458 -119.16709029452011,40.66222687777465,70883.83075902358 -119.16766819780649,40.659905589617274,66779.23307239101 -119.16810262428237,40.65811878262518,63579.317829632244 -119.16847143474473,40.65656561867948,60731.40931766157 -119.16884280630948,40.654962933156234,57718.84842233492 -119.16914051561105,40.6536578573095,55266.46826543308 -119.16941220524244,40.652436520078204,52899.2051572959 -119.16972967226774,40.65098819648456,50095.308177129584 -119.16987521190056,40.650307749243616,48738.58379643842 -119.17003466754304,40.649558198040324,47254.72360160686 -119.17017467980786,40.648893446372135,45933.638498783024 -119.17031136385854,40.64823149052256,44584.55334819553 -119.1704571271328,40.647525924207194,43172.239645460555 -119.17062735840403,40.646682319803276,41435.27453374726 -119.17072789964917,40.64618315805181,40419.94065711616 -119.1708663038624,40.64548232667216,38961.17626413695 -119.17099714111822,40.644812229843474,37559.28869857027 -119.17108234999921,40.64437576960542,36656.776489162694 -119.17118253255019,40.64385057188614,35538.4228272132 -119.17126032371716,40.64344606282468,34696.63758074437 -119.17135869156056,40.642922829662965,33577.09680716385 -119.17144922991493,40.642437396839995,32535.59965738141 -119.17153501431491,40.641977317781716,31556.676400911383 -119.17162405832832,40.6414937041844,30516.390253891645 -119.17170313993942,40.64105889288661,29571.29289790381 -119.17177091892154,40.6406825894531,28747.167022697668 -119.1718130992437,40.64045089494514,28249.524694684227 -119.17186963072892,40.64013414779767,27552.33830287614 -119.17192735309567,40.63980957033941,26836.930101756003 -119.17196504742289,40.639599321393085,26380.54494878341 -119.17200311175161,40.63938229414908,25896.00066821733 -119.17206018004022,40.63905851527528,25180.478956488438 -119.17211229351314,40.63876181421559,24524.474669662293 -119.17216029790255,40.63848690176028,23914.366390468665 -119.17220492914899,40.63822910143005,23338.04849591938 -119.17222930991176,40.63808746835274,23020.128572698624 -119.17226669685876,40.63787071319498,22536.328086999605 -119.1722976394834,40.63768931305805,22126.85194707481 -119.1723225106669,40.63754416042643,21801.983157787876 -119.17235953637095,40.63732652041086,21311.773890124463 -119.17239403050696,40.637122429404194,20849.79238003072 -119.17242965348805,40.63691083148361,20370.28255840425 -119.17246452749015,40.636702864632696,19898.442210207846 -119.17249832877457,40.63650033600368,19438.090466504575 -119.17252656368007,40.636330406742324,19051.287509664035 -119.17254285885518,40.6362315989997,18825.058913372523 -119.1725637045321,40.63610512383902,18536.33923495329 -119.1725930601737,40.635925817197545,18125.613275150175 -119.17261150803611,40.635812279132026,17864.601090714055 -119.17264127984551,40.63562787366167,17440.305787588273 -119.17266466310798,40.635481636203885,17102.904102815835 -119.17269137973477,40.6353127935712,16712.29966615592 -119.17270323569268,40.63523711984139,16536.952774160196 -119.17272490657793,40.6350969349174,16211.147543085039 -119.17274745996043,40.63494822075041,15864.592059080398 -119.17277042727558,40.63479273731761,15501.150990834783 -119.17278421224927,40.63469679237853,15276.301509333944 -119.17279547795789,40.63461677227091,15088.394682273187 -119.17281118689543,40.63450185319937,14817.897717354233 -119.17283062460893,40.6343532161151,14466.982066553623 -119.17284647451115,40.63422496098375,14163.127103334076 -119.17285412902145,40.63416015315615,14009.176030177021 -119.17286574710252,40.634057245142316,13764.103150938494 -119.17287789558503,40.6339421160809,13488.935517002652 -119.17288922034125,40.633825243122416,13208.411459819 -119.17289197416662,40.63379501191277,13135.633015145477 -119.17290052056552,40.633695966783,12896.612430257674 -119.17291004192285,40.6335723907957,12596.934955334633 -119.17291736037191,40.63346353354854,12331.535248663255 -119.1729212225845,40.63339889782091,12173.300070908283 -119.17292641906297,40.63329975212408,11929.565929239458 -119.17293066840928,40.633202015945415,11688.05944916144 -119.17293262086774,40.633148454118704,11555.16240861426 -119.17293504746588,40.63306697950862,11352.222928732388 -119.17293719351778,40.63296151548715,11088.052623283344 -119.17293804546655,40.632877688683,10876.798294499886 -119.17293816333294,40.63284451597796,10792.878660119897 -119.17293780460096,40.63275262447324,10559.442512598007 -119.17293617807606,40.63265128826556,10300.303600044053 -119.17293436297021,40.63258477848155,10129.226127231053 -119.1729307040451,40.63249041567525,9885.121217349908 -119.17292542468985,40.63239169974445,9627.976877096891 -119.1729229217646,40.63235289710923,9526.398843425015 -119.17291641126108,40.6322661917587,9298.385090437148 -119.17290832016786,40.63217694629771,9062.197673676586 -119.17290399436992,40.63213487019659,8950.33965503067 -119.1728955442816,40.63206077729796,8752.600245540592 -119.17288495006015,40.63197910921421,8533.5893659866 -119.17288122137073,40.63195263389239,8462.356575676862 -119.17287362505873,40.631901625629965,8324.787918950944 -119.17286303219925,40.6318359431114,8147.009285107783 -119.17285555844245,40.631792721372236,8029.622697987979 -119.17284938283456,40.631758626023,7936.7779975042995 -119.1728378842635,40.6316984984159,7772.508656704082 -119.17282404351519,40.63163093514896,7587.03475185325 -119.17281937504772,40.631609158441,7527.038145600259 -119.17280864502686,40.63156088673181,7393.626433058327 -119.17279371174376,40.63149731758793,7216.999989138557 -119.17278213423582,40.631450625894374,7086.517392230375 -119.17277163068792,40.63141004598583,6972.570114158776 -119.17275478084558,40.63134814381906,6797.684270784952 -119.17274196304989,40.63130347112197,6670.630085493411 -119.17273655043348,40.631285183644046,6618.407535195964 -119.17272256155294,40.63123938504054,6487.072802103298 -119.17270332027545,40.63117957863586,6314.347856525245 -119.17269160582899,40.63114481089512,6213.282227951227 -119.1726715658674,40.631087918612636,6046.8352683824505 -119.17264789288069,40.631024497885825,5859.672568660106 -119.17263884057891,40.63100122597783,5790.548419903715 -119.17261954458944,40.63095327140502,5647.323343311668 -119.17259540924161,40.630896189022685,5475.388955230634 -119.172581167378,40.63086388326752,5377.351416250371 -119.17255431993144,40.63080550452547,5198.779775125581 -119.17253588663361,40.63076717409232,5080.503718828671 -119.17251252482104,40.63072046627275,4935.20944245859 -119.1724833810099,40.63066488331424,4760.536388655741 -119.1724730190756,40.630645790912354,4700.06511928245 -119.17245119289936,40.63060665558563,4575.308776954426 -119.17242413989963,40.63056007504061,4425.3167488585195 -119.1724055932846,40.63052929839973,4325.252098903037 -119.1723722153927,40.630476086281845,4150.305815095052 -119.1723546445087,40.630449118460085,4060.649079485415 -119.17233809859005,40.63042433684035,3977.646325215891 -119.17231328179814,40.630388220919656,3855.5813643933334 -119.17229181771079,40.630357943869384,3752.209744744658 -119.17226205555149,40.630317331074835,3612.004926106603 -119.17223451760553,40.63028107204927,3485.2791590051793 -119.17221653801656,40.630258036914874,3403.985748867188 -119.17218490597294,40.63021865405074,3263.533311967011 -119.17215986882366,40.63018845143332,3154.520896078179 -119.1721432259634,40.63016881027352,3083.0069260953323 -119.17211436210668,40.63013551011898,2960.6104624966033 -119.17209013965126,40.63010824144236,2859.2886094888763 -119.17207211712613,40.630088313373484,2784.6018523413213 -119.17204102930457,40.63005458302782,2656.925526644519 -119.17202152215677,40.630033787048816,2577.3962651765323 -119.17200831421398,40.63001985951511,2523.7798621401453 -119.17198530329179,40.629995863115,2430.721969328029 -119.17195857999634,40.62996840537315,2323.166501656612 -119.17194550612442,40.62995512518513,2270.7290043583093 -119.17191590096486,40.629925399832324,2152.3652975631358 -119.17188574669976,40.62989558511415,2032.2653801997224 -119.17186800642881,40.62987824717712,1961.7966680889253 -119.17184305889504,40.62985410087207,1862.9025748359095 -119.17181860810632,40.62983068458558,1766.1891497717759 -119.17179930984305,40.629812363877065,1689.9856740839825 -119.1717674930811,40.62978244010266,1564.5608217032263 -119.17175078346396,40.629766851731034,1498.776333201792 -119.17173366977381,40.6297509741164,1431.4551878176242 -119.17170703992556,40.629726429865535,1326.7713478482262 -119.17169013158967,40.629710942752766,1260.3264775260832 -119.17168054994333,40.629702182153494,1222.5901651928395 -119.17167254426315,40.629694868403625,1190.9999999994247</coordinates>
                </LineString>
            </Placemark>
            <Placemark id="421">
                <name>Run 42</name>
                <description>States exported: 300 of 6,804
Launch inclination: 87.393 deg</description>
                <styleUrl>#422</styleUrl>
                <LineString id="420">
                    <tessellate>1</tessellate>
                    <altitudeMode>absolute</altitudeMode>
                    <coordinates>-119.10695,40.870683,1191.0 -119.10694999999586,40.87068300001052,1191.0000268374013 -119.10694977812612,40.87068356407175,1192.4390457611594 -119.10694416034295,40.870697812190876,1228.6542690054105 -119.10693837364866,40.87071695445192,1275.6028205015866 -119.10693299600713,40.87074732033654,1347.5230012369123 -119.10692971138398,40.87077359946525,1408.8202803157942 -119.10692760001399,40.87079429602408,1456.7713756749758 -119.1069254915747,40.87081881838478,1513.3283094527053 -119.10692439213673,40.87083348778051,1547.0561572476886 -119.10692201450182,40.87087056012728,1632.0803969673723 -119.10691937850073,40.870923651892674,1753.5795506240888 -119.10691812828499,40.870954595413906,1824.3360764422373 -119.10691638186388,40.871007038239036,1944.253407892039 -119.10691519300337,40.871052192039414,2047.5727369788074 -119.10691419738943,40.871100393638116,2157.9909635219346 -119.1069132400874,40.871165514546966,2307.381889299129 -119.10691276479122,40.871212881648184,2416.166913497652 -119.10691240963028,40.871281195473834,2573.27396049527 -119.10691239915917,40.871285790734746,2583.8510014171043 -119.10691229688031,40.87132396483085,2671.6553980737153 -119.10691206125546,40.871391453872384,2826.606650641547 -119.10691189242537,40.87142895395463,2912.544773679834 -119.10691150886116,40.87149599759568,3065.888011433333 -119.10691119956708,40.87153901330918,3164.065948766296 -119.10691079617409,40.871586791665564,3272.918292495328 -119.10690999050962,40.87166420848371,3448.841344766307 -119.10690955936266,40.871699499590626,3528.8457890708078 -119.10690837057169,40.871782685287634,3716.9336249325447 -119.10690763133861,40.871827235958115,3817.373400361648 -119.10690604887395,40.87191038126068,4004.264910001182 -119.10690490269626,40.87196311792535,4122.4169641250655 -119.10690367983871,40.872014295351576,4236.786754972351 -119.10690191683736,40.872080983826436,4385.385713260653 -119.10690052674417,40.872128926644145,4491.909180580262 -119.10689741071265,40.87222524596769,4705.1410091563 -119.10689570492912,40.87227285447749,4810.149310379094 -119.10689290838174,40.872344797104155,4968.334919911963 -119.10688991043449,40.872415126372054,5122.390102585369 -119.10688683424935,40.872481431164786,5267.089294259377 -119.10688181391998,40.87257958325151,5480.303869479892 -119.10687922505048,40.87262621050496,5581.172132586246 -119.10687475295825,40.87270153671658,5743.540542207256 -119.10687088799403,40.872762106800494,5873.572276395425 -119.10686671033903,40.87282362821705,6005.150363552052 -119.10686037423538,40.8729103718017,6189.806778471382 -119.10685600606827,40.8729662982253,6308.310721891009 -119.1068509626859,40.87302755919932,6437.609154779057 -119.10684229423612,40.87312586025346,6643.944079643715 -119.10683928098791,40.8731582455421,6711.608032643858 -119.10683475522916,40.87320540433187,6809.864732974642 -119.10682890301689,40.87326397112458,6931.4271349470855 -119.10682338564378,40.87331697337966,7040.998188256541 -119.10682010362416,40.873347580226415,7104.080009755839 -119.1068162786082,40.87338243705223,7175.758225969711 -119.10680751215344,40.87345931822727,7333.230129294192 -119.10679674986959,40.8735486218975,7515.092028800212 -119.10679249765128,40.87358252334558,7583.840434109776 -119.10678542876444,40.873637191058855,7694.366115340841 -119.10677366433188,40.873724013514995,7869.071880366469 -119.10676185003992,40.87380636088962,8033.840599473672 -119.10675613529277,40.873844614447314,8110.0705956626 -119.10674285781829,40.87392988763634,8279.294064556572 -119.1067277471063,40.87402139449452,8459.792875436318 -119.10672002786335,40.874066108521234,8547.573430231236 -119.1067112682722,40.874115406626906,8644.008253204864 -119.10669836083247,40.874185435315106,8780.383641970315 -119.1066837684294,40.87426133764022,8927.340177954911 -119.10666861449174,40.87433697806086,9072.860509402224 -119.10665681527395,40.87439389076999,9181.72958573689 -119.10663611823598,40.874490069813604,9364.443506416828 -119.10661245034431,40.874595091804785,9562.11181695127 -119.10659957316497,40.8746502951564,9665.225292382409 -119.1065837565753,40.87471644177962,9788.061465659519 -119.10656283230871,40.87480141058755,9944.68504336778 -119.10654753650013,40.874876562329646,10085.046442313916 -119.10654066636684,40.87494453647715,10216.995961637313 -119.10654019391951,40.874996830259505,10322.094483968085 -119.10655471572781,40.875113071297626,10567.928467865017 -119.10659897170437,40.87524888579242,10877.875405867711 -119.10661996248912,40.875293878908096,10986.120372126617 -119.10667291895425,40.87538693062072,11218.413972937184 -119.1067613230692,40.875509917426456,11541.392137748056 -119.10679209914085,40.87554773883991,11643.753333594075 -119.10690188547918,40.87567239749685,11987.984799260332 -119.10702654491948,40.875802714035125,12355.648596452009 -119.10715141387541,40.87592682787645,12710.413159861278 -119.10732762902003,40.87609620875877,13198.407275888176 -119.10736937683649,40.876135749105146,13312.670921753966 -119.10750131212586,40.87626018036903,13672.430672402123 -119.1076828451789,40.87643250153983,14169.282700195154 -119.107747779659,40.87649445232954,14347.505101294932 -119.10791295724233,40.87665266429002,14801.71418561788 -119.10809878447765,40.87683159473752,15313.91859064147 -119.10820457102922,40.87693380056118,15605.772732356349 -119.10842749310764,40.877149823905185,16221.016137432493 -119.10859635050231,40.87731384811808,16686.688466572257 -119.10870109963126,40.877415731653734,16975.387786275707 -119.10890257811026,40.87761184282603,17529.892355723772 -119.10915260950696,40.8778553119589,18216.32536468931 -119.10939371095347,40.87808998057297,18876.096081204574 -119.10949909150942,40.87819250029728,19163.757493160083 -119.10974873709019,40.878435204415034,19843.487945088964 -119.110036471684,40.87871456532096,20623.656872412863 -119.11023138930015,40.87890355234187,21150.091563177844 -119.11050988141902,40.879173239532506,21899.428150446864 -119.110724031704,40.879380326385515,22473.327404552743 -119.1110116070671,40.879657985996104,23240.80713373351 -119.11139347091661,40.880025906537355,24254.275521844844 -119.11157670806374,40.880202125080345,24738.243449175756 -119.1119315925512,40.88054280988624,25671.253968910674 -119.11237607589095,40.88096836471683,26831.69176351321 -119.11258690001814,40.8811697861484,27379.011248255618 -119.11300250025629,40.88156608725969,28452.113622196503 -119.11326825397349,40.88181898109875,29134.30233352296 -119.11374390455109,40.8822706035043,30347.64412435132 -119.1142226850647,40.88272395275307,31559.23197247747 -119.11465151371546,40.88312896754951,32636.225341869704 -119.11543271272359,40.88386431937837,34578.60044377001 -119.11636279933269,40.8847358030789,36858.782575773264 -119.11755397046646,40.88584583229283,39728.762905482276 -119.11899194211465,40.88717709096492,43119.9738356605 -119.12083268877923,40.88886791567196,47347.312983287615 -119.12345853345691,40.891255542120625,53164.60745455617 -119.1275994418967,40.894966942945814,61854.15393199263 -119.1346156741143,40.901121831201934,75321.04069886492 -119.1418056800044,40.90727933862455,87621.7528034773 -119.14447946446467,40.909535502234526,91836.40611221883 -119.14900410511865,40.91331643570629,98548.41196276047 -119.15683893728914,40.91976597118599,108984.9695001291 -119.16446283387087,40.925941226620125,117783.8922637307 -119.17255049201728,40.93240369439513,125745.07169155448 -119.18073918113839,40.938872916908736,132441.0412757493 -119.18900983098432,40.945348970335104,137871.7913438077 -119.19697999070557,40.951549903773454,141882.51365328726 -119.2053558328917,40.95803948149971,144837.81379458925 -119.2137572470174,40.96453602221507,146527.87747727393 -119.22179972121539,40.97075663254237,146960.54161823104 -119.22983144752963,40.97698362392064,146235.59677711857 -119.23819864505396,40.98350046639677,144239.96929236612 -119.24651678083848,40.99002423338449,140979.11026489767 -119.2547667834992,40.99655487536094,136453.0259735831 -119.26257674316103,41.002807947487085,130939.82922211257 -119.27063825427672,41.00935182271631,123938.33055329796 -119.27857515912646,41.015902270719245,115671.63914161084 -119.28636802632452,41.02245889988318,106139.78024732602 -119.29366777971859,41.02873462771633,95838.60724564896 -119.30111384264781,41.035295220389074,83832.87815870358 -119.30592070576394,41.03962925129255,75213.9713224489 -119.30886636845828,41.04233096504668,69534.9910407425 -119.31162307136307,41.04488944896789,63985.2370379552 -119.31358366982725,41.046729971740746,59867.42818821917 -119.31469454540301,41.04778148957069,57462.057930946095 -119.31632332478122,41.04933124800808,53883.36735854176 -119.31781335653699,41.050761122438644,50512.08073683242 -119.31854394879065,41.051467858137045,48809.4214347 -119.31908408979278,41.05199137385198,47545.975233471414 -119.31992646865663,41.05280999838236,45562.32700838347 -119.32067363021015,41.053539712817106,43773.41326612289 -119.32151928401116,41.0543706700363,41704.90831746404 -119.32224053192803,41.055080977890775,39934.240938537114 -119.32286949429229,41.05570228612136,38377.46437591909 -119.32356495403079,41.05639325411313,36620.762159267346 -119.32398871250054,41.056816888956604,35525.98056726073 -119.3243187274725,41.0571450383389,34695.54017986837 -119.32479029951755,41.05761761858597,33471.74618142323 -119.32499418339093,41.05782195559144,32943.77373076433 -119.325390282266,41.05821982517902,31910.46375086749 -119.32574218071662,41.058575087870395,30975.226979156774 -119.32595927592872,41.058793215024025,30410.912867441442 -119.32626944051403,41.05910687769965,29583.97472863732 -119.32656022988489,41.0594017956826,28801.076147541746 -119.3267482578992,41.05959146750415,28306.80685688559 -119.3269542547064,41.059801294298275,27743.790567535845 -119.32718828195291,41.06003849081114,27117.82537713718 -119.32746777343085,41.06032264163244,26361.932654745102 -119.32772494024651,41.06058484051052,25659.135249632287 -119.32796343093207,41.06082845960622,25003.063432849933 -119.328204997573,41.06107526469372,24338.78954732184 -119.32840993917029,41.06128462532844,23776.239125215445 -119.32862174137598,41.06150140585154,23191.087632972765 -119.32881718593451,41.06170192883035,22646.68584862213 -119.3290061295968,41.06189611315227,22117.66379039284 -119.32920263146518,41.06209819243758,21567.02201397011 -119.32938363526964,41.06228451193898,21058.788422192945 -119.32956213348704,41.062468485199176,20556.051005473102 -119.3297288117418,41.062640525941646,20084.829423431078 -119.32989743675546,41.062814878508384,19605.911954255396 -119.33005268892249,41.062975667347715,19163.21689061352 -119.33016311946592,41.063090244729,18846.821619266288 -119.3302553428981,41.06318593337467,18583.354919400324 -119.3303928353415,41.06332892237029,18188.25898784886 -119.33051373056838,41.06345495171958,17839.407843605404 -119.33062485121931,41.063571050194845,17517.909074527208 -119.33071581021191,41.06366626260019,17254.38029913393 -119.33083757600244,41.06379413890404,16899.87244666618 -119.33092125349434,41.06388231918588,16655.167534828128 -119.3310052018467,41.063971040782775,16409.143869324074 -119.33110107818013,41.06407275807277,16126.904268551605 -119.33122483441977,41.06420480233069,15760.381057431186 -119.33134085396458,41.064329498176605,15414.173818858038 -119.33140459710016,41.06439845526064,15222.652246193175 -119.33146554701345,41.06446468824719,15038.793666952364 -119.33155601652865,41.064563673150495,14763.92213603565 -119.33166337388398,41.064682277933834,14434.621148253915 -119.33174856887456,41.064777413678804,14170.52538773387 -119.33180182806487,41.06483740378189,14004.084758278414 -119.331911056585,41.06496185273192,13659.038783852226 -119.33203481452594,41.065105541545826,13261.315457089438 -119.33206884455372,41.065145631351484,13150.526346570874 -119.33212484745464,41.06521212349757,12966.918521613848 -119.33219411002393,41.065295433603204,12737.25033356237 -119.33228258250274,41.06540363888325,12439.607927793766 -119.3323305995935,41.06546326743673,12275.934905212573 -119.33240233445024,41.06555357654909,12028.517221799228 -119.33248985422973,41.065665894319565,11721.66101459477 -119.33253350772301,41.06572285273236,11566.431502951475 -119.33257073473511,41.065771959235576,11432.824307442232 -119.33263600708203,41.06585930827346,11195.702769826308 -119.33269915910864,41.06594545902201,10962.553352399898 -119.33272560852781,41.065982056491926,10863.73991107057 -119.3327762956848,41.06605310430082,10672.273323159074 -119.33284429467281,41.06615044920451,10410.771671872835 -119.33289452797857,41.06622399454308,10213.816051991673 -119.33294354522356,41.06629722374314,10018.224276665655 -119.33301245831834,41.06640287996301,9736.90425847892 -119.3330431828819,41.06645110277195,9608.846107329779 -119.33308474434743,41.066517521580664,9432.790072342419 -119.33313612678059,41.06660169121658,9210.200058298773 -119.33317251935516,41.06666280395001,9048.919033234164 -119.33320375041704,41.06671631658085,8907.878769553392 -119.3332501763065,41.06679785139701,8693.266437586077 -119.33328433108146,41.06685947826892,8531.20367365049 -119.33330054481627,41.06688925437196,8452.945802018226 -119.33333105989658,41.0669462648036,8303.178821360683 -119.33336908913292,41.06701920245125,8111.694994769452 -119.33338704584561,41.06705442257119,8019.277464364618 -119.33341161988317,41.06710347572059,7890.64280942559 -119.33344571819964,41.067173282824726,7707.737252505382 -119.3334738022774,41.067232394497914,7553.040303895379 -119.33348757693948,41.06726197250151,7475.714159809227 -119.333515973841,41.06732425519434,7313.085819482574 -119.33354542840365,41.067390903384684,7139.420587820231 -119.33355620949872,41.06741587184405,7074.472221261836 -119.33357480393742,41.06745974309464,6960.5007027310585 -119.33360144272514,41.0675245356354,6792.571927177113 -119.33362040938992,41.067572240979096,6669.24269121607 -119.3336306125516,41.06759850115724,6601.464827709469 -119.3336515224357,41.06765375671005,6459.113412939374 -119.33367542018901,41.06771956668163,6290.026362655019 -119.3336881625647,41.067755968438405,6196.7037102903905 -119.33370978041677,41.06782010995732,6032.612983643233 -119.3337318857416,41.0678892899601,5856.112786492109 -119.3337426594345,41.06792453213242,5766.391488617555 -119.33376073809427,41.0679862936622,5609.465596174682 -119.33377569160515,41.06804025231165,5472.696957999033 -119.33378680924787,41.068082347710664,5366.211070154812 -119.33380151052309,41.06814106937051,5217.978247157475 -119.33381288333014,41.06818932285225,5096.43626737874 -119.33382462573125,41.06824228121059,4963.320455669717 -119.33383822002912,41.06830853485283,4797.194300285584 -119.33384427197961,41.068340134263906,4718.122911396612 -119.3338526941057,41.06838680937394,4601.529323809028 -119.3338634736403,41.06845238435441,4438.14686877214 -119.33387025196613,41.06849808980782,4324.576751101663 -119.33387939369216,41.06856745324629,4152.70797773631 -119.33388367805894,41.06860415702122,4062.0010768284756 -119.33388752965485,41.06864033311874,3972.7508395245723 -119.33389279690506,41.06869663898615,3834.1296780668154 -119.33389573539078,41.06873305736545,3744.6473674197164 -119.33389929299692,41.06878495731975,3617.3391053185583 -119.33390250917104,41.06884536088522,3469.4476276434825 -119.3339038853738,41.068879319251835,3386.4143175924546 -119.33390537298158,41.06893021763387,3262.081748038964 -119.33390612516261,41.06897556797928,3151.4017827675057 -119.33390632027333,41.0690010468913,3089.247538071641 -119.33390632585775,41.06903659012425,3002.5641318723206 -119.333905833014,41.069086969509634,2879.7068088765395 -119.33390546686928,41.069107920067154,2828.607616293312 -119.3339047695287,41.06913873176736,2753.4386794086886 -119.33390345069077,41.06918344390232,2644.297240210249 -119.33390245525818,41.069211584405316,2575.555617485156 -119.33390161885859,41.06923284980297,2523.574939623333 -119.33390012316727,41.06926738951559,2439.073437435934 -119.33389806489372,41.06930966157888,2335.5036426661245 -119.33389702742808,41.06932925511345,2287.4307863470767 -119.33389471957247,41.06936978163102,2187.8333280558695 -119.3338917616775,41.069416993475684,2071.4713189826703 -119.33389006881424,41.06944216784773,2009.2478356684055 -119.33388736838894,41.06948003646251,1915.37091698372 -119.33388399585796,41.06952406679925,1805.7282385766453 -119.33388163369908,41.06955307986254,1733.1429497358338 -119.33387795258555,41.06959576198235,1625.7928988504343 -119.33387382894917,41.0696404574744,1512.5416420476458 -119.33387234982933,41.06965578258684,1473.4919257893098 -119.33386916984044,41.069687609099674,1392.0076120896376 -119.33386452680273,41.06973165713239,1278.3075439280049 -119.333863656677,41.06973962566899,1257.617359922262 -119.33386159252358,41.06975854192075,1208.359747025 -119.33386085816807,41.06976518861494,1191.0000000002235</coordinates>
                </LineString>
            </Placemark>
            <Placemark id="431">
                <name>Run 43</name>
                <description>States exported: 300 of 6,752
Launch inclination: 86.638 deg</description>
                <styleUrl>#432</styleUrl>
                <LineString id="430">
                    <tessellate>1</tessellate>
                    <altitudeMode>absolute</altitudeMode>
                    <coordinates>-119.10695,40.870683,1191.0 -119.10694999998773,40.87068299998934,1191.0000267812502 -119.10694854932385,40.870681739478954,1194.166643569936 -119.10692964297749,40.87066529540525,1235.2489800300975 -119.10691236917468,40.87064922512262,1275.414392958771 -119.10688551745909,40.87062184587105,1344.0789443103283 -119.10685978183498,40.870594219304614,1413.2401843226587 -119.10683703579157,40.870569081264954,1476.012543732671 -119.10681968605081,40.87054957275442,1524.6188502576183 -119.10679297357679,40.8705190558678,1600.48650801918 -119.10675528639408,40.870475171588744,1709.1381545773447 -119.10672780922832,40.870442692853295,1789.2082818744943 -119.10668994537558,40.87039739220105,1900.4149073086653 -119.1066419578896,40.87033916458691,2042.5531929514682 -119.1066089213271,40.8702985940793,2141.0668020386397 -119.10655705375144,40.87023417714627,2296.686566130245 -119.10653431133608,40.87020570637789,2365.2009274303277 -119.10647978432677,40.87013688314509,2530.17847704508 -119.10646016644462,40.870111927188205,2589.784360066594 -119.10642736565214,40.87007019302346,2689.3792669794643 -119.1063763155549,40.870005352247816,2844.0159986804965 -119.10635126767146,40.869973598886055,2919.7013966340674 -119.1062970643868,40.86990504362502,3083.019259417381 -119.10626722241537,40.8698674040933,3172.6393167576434 -119.10623501677502,40.86982686695823,3269.1215463278527 -119.10620755854266,40.869792383294836,3351.1683710520183 -119.10616987842252,40.8697451794694,3463.4393846139624 -119.10613037496202,40.86969584396742,3580.7344112813553 -119.10606820844679,40.86961853833818,3764.4403564589725 -119.106037281014,40.869580237831904,3855.418669258301 -119.1059784028733,40.86950762602966,4027.8366939027956 -119.10594550839255,40.869467237281086,4123.706078777868 -119.1058872910844,40.86939607712338,4292.549812467091 -119.10583038903293,40.869326932556454,4456.529760116969 -119.10575676782385,40.86923808489842,4667.1060475514905 -119.10571166174515,40.86918399944248,4795.2151099812245 -119.10565285501059,40.86911390009735,4961.167857362163 -119.10559771947041,40.86904861237311,5115.637251896008 -119.10554987608938,40.868992312078234,5248.773963640456 -119.10548009464313,40.86891080141117,5441.417810655886 -119.10544503542629,40.86887012818115,5537.499302412848 -119.1053901850241,40.8688068777406,5686.852461354844 -119.10532498974888,40.86873232070166,5862.809471340985 -119.10528920007955,40.868691685253765,5958.671520399636 -119.10522086956132,40.86861469168358,6140.230914951459 -119.10517293315617,40.868561146608194,6266.446682883872 -119.10512555557149,40.86850861024924,6390.252883157 -119.10505607949206,40.868432269932285,6570.10915545457 -119.10501397398774,40.868386413716,6678.1278115881205 -119.1049776629719,40.868347110428,6770.692401105187 -119.10491981927905,40.86828496968401,6917.019015009282 -119.10485751644627,40.86821867208891,7073.089592125548 -119.10483433722531,40.86819417257657,7130.749822216607 -119.1047899369875,40.868147487599124,7240.58225809767 -119.10471962908427,40.86807421524455,7412.860166255196 -119.10465996439858,40.868012649360544,7557.47510636713 -119.10463196757354,40.86798395798815,7624.818182187474 -119.10457739095663,40.86792838810468,7755.147346821645 -119.1045018030402,40.8678522232883,7933.526006897001 -119.10444924373688,40.86779981424295,8056.076637181696 -119.10438996721108,40.86774126000024,8192.810419260572 -119.10431153628222,40.86766469399745,8371.284229108027 -119.10423991428762,40.86759568618202,8531.821417870318 -119.10422235643767,40.86757890247604,8570.82296418791 -119.10416993258944,40.86752910653623,8686.459068017812 -119.10412776588564,40.86748939393945,8778.58918158433 -119.10407182914774,40.86743717914134,8899.613544591604 -119.10399621053973,40.86736743516571,9061.120314674914 -119.10396422449158,40.867338221585314,9128.722978443575 -119.10389450545655,40.867275132026286,9274.644485845556 -119.10380530453725,40.86719556706067,9458.54601793851 -119.10372083839931,40.86712139486185,9629.881276572627 -119.10366662256635,40.86707436776768,9738.462752135865 -119.10356672475943,40.86698888076784,9935.765423352084 -119.10351333654923,40.866940995548035,10044.227180871729 -119.10344419640315,40.866867595755274,10202.153520180558 -119.10340365709763,40.86681637072748,10307.266470767976 -119.10333235522477,40.866704595817666,10525.045403878525 -119.10326616632956,40.86656175362963,10786.010741958893 -119.1032420493008,40.86649462803464,10903.616038150536 -119.10321190665745,40.86639287253702,11077.146406560994 -119.10317860801653,40.86624365173188,11323.742285353945 -119.10315421549502,40.866088323973415,11573.168344175896 -119.10314451907087,40.86600877985925,11698.960510361121 -119.10312457384455,40.86579601024823,12031.29822386122 -119.10310990354404,40.865572317299744,12376.387843127028 -119.10309832184866,40.865325656167265,12753.736285948695 -119.10308836950466,40.865036305071506,13193.871551955235 -119.10308477637079,40.864909191914,13386.655341070884 -119.10307879991305,40.86469227410967,13715.31852873962 -119.10307046539785,40.86441542427556,14134.658405884937 -119.10306755112867,40.86432430255891,14272.645241562248 -119.10305692244737,40.864006186654706,14754.238153737972 -119.10304367974233,40.86363529580401,15315.328260620534 -119.10303622565692,40.863433702404386,15620.11904547287 -119.1030204098635,40.863016746599904,16250.031203954473 -119.10300911834115,40.8627225510708,16694.077295952196 -119.10300032875313,40.86249550198,17036.47008476199 -119.10298702656087,40.862150785070895,17555.80901389435 -119.10296974156074,40.86169953780377,18234.570550192533 -119.10295333811506,40.86126444585343,18887.73392832636 -119.10294300169848,40.86098635925025,19304.52209286792 -119.10292656139897,40.86053574164163,19978.6667162855 -119.10290894717632,40.86003996358323,20718.606122697223 -119.10289796209783,40.859723045434734,21190.616010624974 -119.10287995976154,40.85919049165821,21982.020511449777 -119.10286682523366,40.85878999333915,22575.70014867924 -119.10284974505299,40.85825251015506,23370.37667343645 -119.10283149811221,40.85765495143289,24251.051199946796 -119.10282245872182,40.85734840969749,24701.67648696463 -119.10280672915574,40.85679655519854,25510.926295162175 -119.10278627636436,40.85603700985532,26620.55775321114 -119.1027779429485,40.85571192457348,27093.989463411228 -119.10276206057692,40.855064920625786,28033.583753045343 -119.10274868301393,40.854487411295686,28869.25766422365 -119.10273439023435,40.85383080951007,29815.888375270046 -119.10271293467426,40.85275375789834,31360.638794116196 -119.10270323846191,40.85222159145848,32120.148312798217 -119.10268231188833,40.85094421999113,33933.11151793163 -119.10266157311187,40.849415094054436,36084.462930211266 -119.10264228547925,40.8475250508086,38714.94916104726 -119.10262799169232,40.84521255344267,41890.201179839576 -119.10262426778408,40.84227454911295,45855.59148003229 -119.10264482701895,40.83823723463539,51178.99991915355 -119.1027257851399,40.83238070211202,58642.50627839352 -119.10298352980114,40.82278325677601,70212.16777309179 -119.10348023286907,40.81136339341456,82911.65598851694 -119.1042029323337,40.79942532980201,94950.75577089381 -119.10446378810332,40.79575845226421,98394.95440031005 -119.10501888829063,40.78864244650896,104738.58709554747 -119.10608528142802,40.77670587996788,114371.04811390665 -119.10724867335313,40.765289184612456,122401.51255412324 -119.1085964486331,40.75335459206147,129560.00873705723 -119.1099940978384,40.74193998676007,135224.0467536205 -119.11155031111495,40.730007762324014,139908.52822511474 -119.11318489317618,40.718076863330104,143328.49848747678 -119.11480416825162,40.70666599212611,145416.52931808753 -119.11653697334593,40.69473783692771,146362.4365347352 -119.11813882716852,40.68384817732363,146121.72143628207 -119.11989714742096,40.67192280276572,144648.53220658313 -119.1216410521867,40.65999888308051,141910.81515451384 -119.12327807530676,40.64859473860783,138108.87781381968 -119.12493866687193,40.63667359724309,132897.0939731513 -119.12646111548698,40.62527204177923,126728.66842288729 -119.1279654519442,40.61335353864422,119042.84464019114 -119.12930353578034,40.601954565599925,110507.97075105879 -119.1305785503676,40.5900397027931,100348.20629914074 -119.1317076938881,40.57813173056536,88924.51331933845 -119.1325586519285,40.567752742822314,77934.98641249999 -119.13288332476728,40.563282947104824,72896.84698990478 -119.13322875928205,40.558055302214335,66759.94208293488 -119.1334424245011,40.554515066677396,62493.78661460681 -119.13359479980232,40.55177039295206,59080.983157301984 -119.13376774332265,40.54840963906352,54838.766695850434 -119.13385712695721,40.54651061562,52374.492363328296 -119.13393885500179,40.54469416679028,50014.15080463291 -119.13400269655334,40.54316314779573,47976.91299257279 -119.13405559656843,40.54185411126881,46241.26481502 -119.13411372229363,40.54030354662949,44142.418635319365 -119.13417076025176,40.538682067093745,41928.420686369245 -119.13420467203042,40.53768058434414,40562.2313243411 -119.1342427388725,40.53646737465816,38877.32205550924 -119.13427364729726,40.53541854528008,37406.844910844426 -119.13428909023203,40.53489525515096,36681.20583514729 -119.1343131507815,40.534004774792606,35418.16699541856 -119.13433612645152,40.53312715008841,34174.19329884006 -119.1343585025246,40.532232363878634,32901.271151094516 -119.13437691482758,40.53145546888601,31789.36592973171 -119.13439188930526,40.53077956877705,30811.999210550654 -119.13440208982331,40.5302982526207,30112.46096859364 -119.13441515365695,40.52967934647066,29217.10198914081 -119.13442618250633,40.52912793790743,28413.60778961943 -119.13443685089963,40.528564222117424,27585.862284425442 -119.13444728659235,40.527995394087945,26748.57636258915 -119.134456161055,40.52749478867397,26009.981880344625 -119.1344657039797,40.526937687754994,25185.598978085403 -119.13447246452692,40.526534194182275,24588.445657702603 -119.1344763340014,40.52628766100929,24220.235531504182 -119.13448060746258,40.52601798445129,23819.225772779457 -119.13448675502956,40.525613730855525,23215.754842094153 -119.13449264973585,40.525205704940085,22604.090899808638 -119.1344974804831,40.524853785521884,22074.42967259088 -119.13450162739825,40.524539663842816,21600.607783318497 -119.13450441346163,40.52433014732492,21285.74109212879 -119.13450701946303,40.52411764289074,20963.455775144106 -119.13450971239045,40.523900869658185,20636.138289643353 -119.13451321542215,40.523603646606965,20185.45812775152 -119.1345166352271,40.52329729277674,19719.564271195046 -119.13451965664856,40.52301119852866,19283.44316719717 -119.13452237395921,40.52273945065072,18868.467136228905 -119.1345237563662,40.52259681255855,18650.78270631876 -119.13452560347156,40.52238974397845,18333.366263664884 -119.13452747713093,40.52216456882741,17987.87395376928 -119.13452936382832,40.52191325550016,17601.568522511963 -119.13453106471476,40.52164738718741,17191.80114708356 -119.13453230026239,40.5214074332575,16821.03180972588 -119.13453270891355,40.52130863333773,16667.979941790756 -119.13453312752215,40.521180874378295,16470.062626596893 -119.13453353288575,40.520955265480225,16119.654835606902 -119.13453340087862,40.52072278978499,15757.62160695124 -119.1345326731835,40.52051069493603,15426.449468040457 -119.13453207357854,40.52040910539667,15267.497252123438 -119.13453080515517,40.52024919552847,15016.94633069512 -119.13452824860724,40.52002943219458,14671.72614504475 -119.13452456434196,40.51980623775942,14320.058587947045 -119.13452248069984,40.519704600574165,14159.551974914591 -119.13451933684289,40.51957167635608,13949.233291919523 -119.13451440487432,40.51939646969999,13671.327622321991 -119.13450862256184,40.5192249147258,13398.362871694171 -119.1345035715547,40.519095337384634,13191.580935857804 -119.13450071318238,40.51902799624983,13083.891923749796 -119.13449261947879,40.518855107730545,12806.728034086631 -119.13448375019517,40.5186887084724,12538.941229178858 -119.13447590850454,40.51855617232049,12324.889074467783 -119.13446970462336,40.51845879785718,12167.187414130618 -119.13445813980542,40.51829157759912,11895.441004427072 -119.13444535898388,40.518123713108594,11621.43635888927 -119.13443921696336,40.51804819193918,11497.751404563498 -119.13442663301417,40.51790252533594,11258.412730329574 -119.13441208968624,40.51774693201607,11001.588637083489 -119.13440448534658,40.517670270109484,10874.576759616122 -119.13439716736278,40.517599239882145,10756.620192359294 -119.13438404718003,40.51747794270073,10554.543859470223 -119.13436592675038,40.517321737141415,10293.098351129636 -119.1343550377708,40.517233408639754,10144.643151799037 -119.1343337199969,40.517070908280296,9870.340738631134 -119.1343133816417,40.51692709710552,9626.277108848855 -119.13430384282522,40.51686295148144,9517.015829990723 -119.13428332498611,40.516731330076624,9292.040176903045 -119.13426107410007,40.516597325403126,9061.912444756192 -119.13424870738208,40.51652633072195,8939.566899186313 -119.13422807364846,40.516412848618025,8743.401236620944 -119.13420480386506,40.51629157141523,8532.989698863712 -119.13419791361547,40.5162568899225,8472.674232787282 -119.13418146181208,40.51617614088644,8331.982076582333 -119.13416037290845,40.51607656629833,8158.000605458949 -119.13414430401632,40.516003378928424,8029.768458573049 -119.13413143874585,40.515946296387085,7929.529089125191 -119.13411153776909,40.51586044931441,7778.400132819054 -119.13408719652413,40.51575910488402,7599.358180227179 -119.13407786638469,40.515721237025176,7532.272981111347 -119.13406225900822,40.51565908550176,7421.925749136575 -119.13403813909851,40.515565724086066,7255.580685349029 -119.13401506803444,40.515479351468755,7101.000708851702 -119.13400580088748,40.515445434729344,7040.10949715478 -119.13398485260015,40.51537034123298,6904.891318030722 -119.13395623101867,40.51527115400412,6725.390186923398 -119.1339450476269,40.51523342788316,6656.832627450697 -119.13392757935424,40.51517560214885,6551.448709472807 -119.13390023899007,40.51508770825683,6390.529632628199 -119.133875729747,40.51501147852794,6250.23454436583 -119.13385567949499,40.514950818691545,6138.0950817095845 -119.1338227927123,40.514854454429255,5959.014656293034 -119.13380108044538,40.51479284753298,5843.906266080093 -119.13378111325979,40.51473752699054,5740.113604740649 -119.13374786858788,40.51464810841878,5571.455506582154 -119.13372418110286,40.51458633472558,5454.267221210256 -119.13369735282159,40.51451820618492,5324.3599231968155 -119.13365914810433,40.514424357568096,5144.2189599487 -119.13364475571638,40.514389919159115,5077.755474416326 -119.13361080656928,40.514310567205186,4923.841189254897 -119.13357345587305,40.51422616508157,4758.896115295622 -119.13356013908576,40.5141967756507,4701.145219294459 -119.13352954768476,40.514130607504946,4570.4927396846215 -119.1334915233941,40.51405088466071,4411.844315486434 -119.1334685292378,40.514003972867926,4317.819274512376 -119.13342646595831,40.51392053483791,4149.279181443899 -119.13340590378432,40.51388080993022,4068.4196426775247 -119.13338112897792,40.51383382546193,3972.249928274778 -119.1333436552868,40.51376450073202,3829.2545260218235 -119.13331611095724,40.51371481696386,3725.9367382412975 -119.13327609410811,40.51364444457556,3578.360064761508 -119.13324010728724,40.513582887744384,3448.0400987332014 -119.13321396790077,40.51353914452098,3354.7097427376266 -119.1331719650176,40.51347046746511,3206.922963837359 -119.13315165292993,40.51343793495686,3136.3619354602283 -119.13312727140658,40.51339942322101,3052.3615502505295 -119.1330917565672,40.51334431254338,2931.247186545065 -119.13306870080534,40.51330911197931,2853.3170783574365 -119.13304203859623,40.51326891542304,2763.7664328448536 -119.13300352758876,40.5132117199184,2635.288026249059 -119.13298473523548,40.51318413840782,2572.8753030038342 -119.13296752333075,40.51315906050146,2515.864125344192 -119.13294205051007,40.513122236901495,2431.685811978011 -119.13290974448076,40.513076018628674,2325.231292223401 -119.13289016855923,40.51304826439575,2260.8685814116425 -119.13285784935184,40.51300283550038,2154.799256472136 -119.13282104991403,40.512951668659326,2034.249161330388 -119.13280577869115,40.512930601492776,1984.2788093937265 -119.13277830481275,40.51289293234884,1894.4398040643405 -119.13274108520322,40.51284235485519,1772.83261108448 -119.1327216886325,40.512816192760376,1709.4896902840374 -119.13268770746816,40.51277066086469,1598.5417848962416 -119.13266019565111,40.51273406082818,1508.7128005335787 -119.13264540226548,40.512714475660474,1460.40359893373 -119.13262494200308,40.512687490844996,1393.567821956153 -119.13259329086834,40.5126459750795,1290.1001142828316 -119.1325829963975,40.512632530083785,1256.4204423455178 -119.13256727496578,40.5126120024044,1204.8174413570248 -119.13256306925034,40.51260651981256,1191.0000000001237</coordinates>
                </LineString>
            </Placemark>
            <Placemark id="441">
                <name>Run 44</name>
                <description>States exported: 300 of 6,918
Launch inclination: 88.957 deg</description>
                <styleUrl>#442</styleUrl>
                <LineString id="440">
                    <tessellate>1</tessellate>
                    <altitudeMode>absolute</altitudeMode>
                    <coordinates>-119.10695,40.870683,1191.0 -119.10695000000598,40.87068299999859,1191.0000289351308 -119.10695035169068,40.870682917168715,1192.7026785436917 -119.10695872173767,40.87068094865298,1232.992289255977 -119.10696947553707,40.87067911861808,1276.1236485465197 -119.10698600893204,40.870677116263586,1331.788962890106 -119.10700309881307,40.870675312271096,1385.4090736672558 -119.10702067034732,40.870673581508804,1438.3950830633125 -119.10703098576937,40.870672608528075,1468.7566235329634 -119.10704948066657,40.87067089976308,1522.356953592408 -119.10707554829595,40.87066855769306,1596.366584647262 -119.10712014037047,40.87066458415298,1720.1403801380382 -119.10715099416953,40.870661811004496,1804.37672906391 -119.10719814104486,40.870657494722415,1931.5300167461955 -119.10724422960453,40.87065315362317,2054.378019252796 -119.10729712394024,40.87064800189071,2193.939260640633 -119.10733747624612,40.870643960615716,2299.5603611801125 -119.10737948305808,40.87063966691407,2408.88988045386 -119.10744367212902,40.87063293305385,2574.754542649778 -119.10746101188744,40.87063108706051,2619.3649511749927 -119.10751654265742,40.87062519854256,2762.2014483785933 -119.10756086405574,40.87062052588209,2876.1808381698524 -119.10761059602848,40.870615314545326,3004.0739331307204 -119.10767082893732,40.870609050426424,3159.0152258356916 -119.1077052393438,40.870605496735116,3247.5588706074354 -119.10776506569624,40.870599364221796,3401.580635311907 -119.10780726565262,40.87059507581594,3510.2922082890445 -119.10787474243307,40.870588288303146,3684.257104621066 -119.10792023128275,40.87058376381445,3801.642792478764 -119.10798497593933,40.870577398978234,3968.8911292921985 -119.108034738742,40.870572570314145,4097.5899482833565 -119.10808484893157,40.87056776339354,4227.3351526021725 -119.10813074528629,40.87056341088307,4346.311156237053 -119.10818074664981,40.87055872398254,4476.094677511523 -119.10825881288777,40.870551520699415,4679.100595496608 -119.10830446565309,40.87054737311686,4798.049105431406 -119.10836936203607,40.87054156271167,4967.466275523376 -119.10842873680613,40.87053633606017,5122.835701957367 -119.1084900014598,40.87053103764937,5283.554867956317 -119.10856669805534,40.87052454777322,5485.396252360423 -119.10860470086104,40.87052139308243,5585.695487845557 -119.10866881541037,40.87051616772259,5755.3821867110555 -119.10870889170003,40.87051296456998,5861.771001640522 -119.10874263150832,40.87051030852681,5951.540172940116 -119.10882061701604,40.87050431540808,6159.786298737351 -119.10887127316073,40.87050054019847,6295.652168372676 -119.10892587577703,40.87049658423553,6442.658395992498 -119.10900663429624,40.8704909674838,6661.203540935687 -119.10903259676262,40.87048922378321,6731.7564216570345 -119.109085406384,40.870485772609925,6875.718533967357 -119.10915182709377,40.87048161869062,7057.67077496777 -119.10917889966291,40.87047998629782,7132.124101900367 -119.10922104763713,40.870477507137686,7248.3892268446825 -119.10928901837796,40.87047367323533,7436.812292886423 -119.10933233645638,40.87047132791695,7557.524034251349 -119.10935952468425,40.87046989266638,7633.570332557309 -119.10940823489221,40.87046739046353,7770.377389292652 -119.10947178351448,40.87046425105607,7950.076732466758 -119.10950516188169,40.870462655021846,8045.070584501437 -119.10953865362356,40.87046109432565,8140.840629345351 -119.10959881275873,40.87045838371965,8314.117653318468 -119.10966562705428,40.87045552357556,8508.61685324506 -119.10968474726376,40.87045473678486,8564.70225009688 -119.10973265761362,40.870452846349075,8706.09921997548 -119.1097906127082,40.8704507260023,8878.86538189175 -119.10985064017348,40.87044876769646,9059.858939517015 -119.1098698955131,40.87044819678545,9118.372096898463 -119.10991368118661,40.87044701451578,9252.262292544294 -119.10997513384514,40.87044565070804,9442.185679099888 -119.11003427889959,40.87044470236898,9627.260359034583 -119.11006174416053,40.87044439267142,9713.981745272322 -119.11011164999795,40.87044405770697,9872.852117795064 -119.11013483760092,40.87044400784004,9947.243795464808 -119.11015794817331,40.87044366998344,10018.756520008903 -119.11020660956929,40.870440855850035,10151.312458741984 -119.11025560188394,40.87043601087826,10268.036416068559 -119.11036181945511,40.87042120173192,10487.011844943323 -119.11051844184834,40.8703929662347,10763.114636614331 -119.11060254140034,40.87037580292527,10897.98865911866 -119.11070584665879,40.87035335984247,11055.248707690344 -119.11089106927712,40.87031056701715,11320.675812964133 -119.11107769951509,40.87026526468104,11573.304705903973 -119.1111598989023,40.87024488132752,11681.453403522295 -119.11143970333977,40.87017435543958,12040.787997624804 -119.11167899839351,40.87011319098124,12340.908034231046 -119.11192592431568,40.87004960898516,12646.233799993452 -119.11236973028015,40.869934785767875,13188.175439001443 -119.11244265310434,40.86991588748415,13276.672841283318 -119.11269221500334,40.86985117055737,13578.810059843183 -119.11298623380452,40.86977495332073,13934.965944261236 -119.11324294205075,40.86970841868849,14246.16218821331 -119.11358634538628,40.86961949667118,14662.639691050594 -119.11408253222949,40.86949110198964,15264.636367991277 -119.11427891216124,40.869440340415125,15502.851116512948 -119.1146077459987,40.869355419641664,15901.588491262124 -119.11517785452214,40.869208488145745,16592.091444260976 -119.11531181960031,40.86917402360563,16754.14829643212 -119.11563003295346,40.86909217986423,17138.858231597376 -119.11618380366906,40.86895001714214,17807.076499891395 -119.11675785648264,40.86880289035962,18497.98049459167 -119.11716898910788,40.86869763145074,18991.590815607015 -119.11768662735929,40.86856526265419,19611.58652520733 -119.11831966303559,40.86840358130965,20367.44225917639 -119.11886966650577,40.868263280945854,21022.005081431133 -119.11934247612132,40.86814279345167,21583.099147341774 -119.12003337626035,40.86796693641257,22400.286649499332 -119.12045792370928,40.86785897883058,22900.832595135955 -119.12130219438045,40.867644516438574,23892.566216949876 -119.12176293054537,40.86752759671082,24431.713740357296 -119.12252916533723,40.86733337192313,25325.055511850704 -119.12348441831641,40.86709160813934,26432.98213443616 -119.12402718807455,40.86695444038957,27059.620697693957 -119.12492687209877,40.86672736296988,28093.806646414974 -119.12575810393936,40.86651790434719,29044.281001186224 -119.12678298141823,40.86626005785754,30209.561365991583 -119.12795951393225,40.865964585324384,31538.350448263092 -119.12889412230392,40.86573025523299,32587.148055654532 -119.13062510154485,40.865297109584475,34513.89893001473 -119.13272056501243,40.86477417938489,36819.23863873785 -119.13517628656555,40.86416328290836,39483.47069304761 -119.13848147221735,40.863344251441504,43006.17950140082 -119.14271027571525,40.86230145557397,47409.148456775154 -119.148394216292,40.86090855472111,53146.3356226711 -119.15722298865808,40.85876381437023,61656.65353244625 -119.17228337541027,40.85515443456044,75088.93886814588 -119.18822538901422,40.851395300087944,87885.65485590856 -119.19734713758162,40.84927035386305,94577.21001637033 -119.20352799793773,40.84784054567273,98856.56466826097 -119.22053175539007,40.8439455902597,109605.95730881483 -119.23698123718329,40.840226810371085,118613.84314322815 -119.25356228261596,40.83652173825259,126355.62441667232 -119.27025579744512,40.83283047485303,132831.28849497493 -119.28704268612704,40.82915310548874,138040.8244695394 -119.30390385372328,40.82548969968608,141984.22340967046 -119.32082020262419,40.82184031115197,144661.4784082756 -119.33851022248537,40.81804723900297,146105.2152740208 -119.35474205764,40.81458372149215,146217.53913573115 -119.37170936903223,40.81097654856637,145096.34123847497 -119.38865547584622,40.80738344934604,142708.9921518795 -119.40556128020336,40.803804398486506,139055.4951765519 -119.42240768249442,40.80023935517947,134135.85569387212 -119.43917557806816,40.79668826421422,127950.08128561884 -119.45584583602101,40.793151060937696,120498.18232758756 -119.47311595042962,40.78947482234597,111372.4113516817 -119.48952593973178,40.78596604693604,101333.30244202925 -119.50533328615215,40.782567452112694,90353.47074000842 -119.52055092978517,40.77927394816938,78522.76538485345 -119.5278715665678,40.77768110601308,72365.07963030515 -119.53365877994322,40.77641790825907,67265.74940874883 -119.53837908050963,40.77538337225384,62989.92592775917 -119.54413324480714,40.77411933625395,57566.54238249923 -119.54737578509626,40.773404338294746,54441.55648945803 -119.54978428603613,40.772872928858106,52057.81738534201 -119.55237568514487,40.77229952787604,49474.40349595161 -119.55457061572653,40.771813398777546,47242.10863697807 -119.55700770009264,40.77127283681907,44725.4204031937 -119.55873256035,40.77088929098386,42935.34048501616 -119.56077435916674,40.770434982130105,40780.55161315835 -119.56168403872107,40.77023261642858,39802.658782358514 -119.56262675497486,40.770022355883334,38798.353058316214 -119.56407673310557,40.769699099720555,37227.01730061201 -119.56530123499466,40.7694256728722,35896.1230455537 -119.56650301308059,40.76915700164406,34583.829001978884 -119.56756846570546,40.768918768798066,33406.7081933527 -119.5687043046185,40.76866465699254,32141.61026030912 -119.56938253384718,40.76851284143842,31381.714635493638 -119.57006691026758,40.7683594357505,30618.216026115915 -119.57067880357047,40.76822247590312,29922.68946137654 -119.57129700302636,40.768083812321194,29228.12058232172 -119.57195952125032,40.76793529988969,28475.58368815583 -119.57262035879901,40.76778720930652,27718.72675145903 -119.57333420213861,40.76762713494005,26901.490443311737 -119.57365575810677,40.767554946017725,26535.337686638628 -119.57414899090848,40.767444375919915,25964.530178907473 -119.57449992972239,40.76736556576892,25562.966498740258 -119.5750436296326,40.767243609168915,24931.970447355343 -119.57536771139956,40.76717085386137,24556.20079714136 -119.5756846874699,40.76709971000396,24186.971697767265 -119.57605451624886,40.76701666786162,23756.19300224081 -119.57650441301097,40.76691558982834,23231.858444600814 -119.57685717403778,40.766836389068324,22816.92722427925 -119.57716600620832,40.76676697227146,22455.61762619398 -119.57735297014796,40.766724996305044,22234.532872424585 -119.57762436247916,40.76666396871153,21916.559084967 -119.57799907321099,40.76657978774524,21473.563364754868 -119.57843970980464,40.76648077331936,20952.02282880996 -119.57880084607477,40.766399606829,20523.933664380955 -119.57919837150293,40.76631026192856,20051.611768932187 -119.57958037727344,40.76622441204788,19596.34221646902 -119.57996056450405,40.7661389778047,19141.832435436194 -119.58019038656764,40.76608734505841,18866.043834933647 -119.58038708191073,40.76604314412633,18630.47145307745 -119.58070467749624,40.765971811616986,18248.541751417193 -119.5810207860942,40.76590085147373,17867.4475983499 -119.58134231663551,40.765828730261944,17478.90180376409 -119.58168651764912,40.765751615340534,17061.805686847092 -119.58199490798572,40.765682634446264,16686.96007691988 -119.58210436793063,40.765658170851985,16553.71600162504 -119.58237586644272,40.765597543410195,16222.228566022157 -119.58266949589652,40.765532053562325,15862.52948755825 -119.58295230017569,40.765469039352965,15514.707247493896 -119.58314297418038,40.76542657443666,15279.335837210736 -119.58334432728236,40.76538175920722,15029.992613135139 -119.58361468588008,40.76532160157951,14693.682541966708 -119.58388222862402,40.765262086187825,14359.044645314869 -119.58403538640592,40.76522802007535,14166.571829056988 -119.5841499461767,40.76520255117908,14022.158816641497 -119.58435828247151,40.765156259450656,13758.461155206971 -119.58463295289033,40.76509531101938,13408.509166112408 -119.58480931418036,40.76505624832441,13182.319672243275 -119.5849278566323,40.765030032155536,13029.619302226103 -119.58511219460966,40.7649893415628,12791.01853520869 -119.58533839597654,40.76493956040542,12496.290075906694 -119.58548006216827,40.76490848426956,12310.56872186282 -119.58562750422416,40.76487622506073,12116.33199215611 -119.58585859083722,40.76482587072637,11809.889526950452 -119.58603832113263,40.764786892051525,11569.80154887526 -119.58613106567324,40.764766848985275,11445.28154651461 -119.58630211397052,40.76473002354664,11214.46327883511 -119.58650239864947,40.76468715710575,10942.175376684065 -119.58657116788405,40.76467250747233,10848.159979653881 -119.58668283257705,40.76464878338839,10694.889541684033 -119.58685945809302,40.76461144869389,10450.866946489488 -119.58702111172175,40.764577469382054,10225.710575857907 -119.5871373904641,40.76455313715693,10062.61355243606 -119.58733994809087,40.76451096111125,9776.061561113014 -119.58745968863852,40.76448614936606,9605.119158403595 -119.58758089319886,40.76446111601942,9430.844529514741 -119.58776227671481,40.7644237922191,9167.557367817686 -119.58785631299251,40.76440449745613,9029.81916160936 -119.58796953519882,40.76438129178298,8862.789596153349 -119.58812374783227,40.7643496999865,8633.079799004247 -119.5882014173389,40.76433377630938,8516.366908139875 -119.58827503104753,40.764318684244984,8405.110235890666 -119.58838322073254,40.76429647924157,8240.40986317393 -119.58850927651041,40.76427058026983,8046.68764966898 -119.58854473659993,40.764263290476734,7991.830958088327 -119.58861767201758,40.76424830236984,7878.502647276477 -119.5887141128796,40.76422848863626,7727.595127274303 -119.5888238422468,40.76420597350016,7554.418828596821 -119.58888027114398,40.764194416496196,7464.728474980055 -119.58898332101865,40.76417336267822,7299.797598971584 -119.58909259918896,40.76415113867298,7123.220560545448 -119.58913420188358,40.76414271216503,7055.521299226681 -119.58921902077913,40.76412559305577,6916.636024394007 -119.58932495027587,40.764104347539444,6741.483405639513 -119.58937614577478,40.76409413917697,6656.117758885727 -119.58944962226207,40.76407955163699,6532.743973122761 -119.58954600201092,40.764060539467245,6369.301600773458 -119.58961648001277,40.764046722834216,6248.56273877649 -119.58968527720062,40.76403330699914,6129.6566845723655 -119.58979130423731,40.76401276862769,5944.2610434340995 -119.58984589646569,40.76400225978252,5847.734562510518 -119.58990450091278,40.76399103272312,5743.268051807524 -119.58999238240908,40.7639743053108,5584.891885262533 -119.59005748963908,40.7639620043806,5466.162687043257 -119.5901181312083,40.763950620741895,5354.453957083255 -119.59019847600604,40.76393565465914,5204.69709938123 -119.59025356117456,40.763925473598455,5100.8108421741645 -119.5903207641264,40.763913147511516,4972.666532697777 -119.59041196327945,40.763896599877974,4796.1526653154115 -119.5904561011514,40.763888672416094,4709.582066151426 -119.59052160124162,40.76387701796652,4579.649305205453 -119.5906049021742,40.76386240843323,4411.7164209480725 -119.59065917718068,40.76385303399269,4300.570557459262 -119.59074837007232,40.76383790660136,4114.769803753378 -119.590780516859,40.76383254655305,4046.796787929099 -119.59081627815114,40.763826643514626,3970.525172744895 -119.59087298126296,40.763817418576586,3848.1193199400777 -119.59091859615009,40.76381012186188,3748.284416364108 -119.59097994051884,40.76380048751407,3612.0017698572124 -119.59104981869653,40.76378976855533,3453.76615727444 -119.59108597643205,40.763784331627456,3370.566954611181 -119.59112755986264,40.76377817339957,3273.713134103436 -119.59116766519804,40.763772332513035,3179.070262326465 -119.59119022064813,40.763769090958554,3125.2959794090016 -119.59121658333346,40.76376534209394,3061.9457717913515 -119.59125288656413,40.76376025113132,2973.8090382175856 -119.59129735380354,40.763754129089634,2864.430199429937 -119.59131905279213,40.76375118870703,2810.4927514379237 -119.59136328129225,40.763745293003105,2699.4272307300903 -119.59139918571948,40.76374060739222,2608.1874663507856 -119.59141811207583,40.7637381749682,2559.7159583277275 -119.59144189176241,40.763735154367474,2498.4275364424566 -119.59146688024175,40.76373202409303,2433.57514566373 -119.59150825475497,40.76372693861392,2325.1648295207665 -119.59153617660861,40.76372357268562,2251.254294537118 -119.59158009469236,40.76371837956832,2133.7447750820684 -119.5916173801374,40.76371405855937,2032.7386513297054 -119.59164368142703,40.76371105168772,1960.7705285419372 -119.5916818186939,40.76370673963592,1855.3135064877483 -119.59171648662756,40.76370285271805,1758.256634563079 -119.59175483272176,40.76369856863549,1649.498849194629 -119.59180206186396,40.76369327447787,1513.3815306409692 -119.59181709456088,40.763691578907306,1469.52348683226 -119.5918411780217,40.76368884656883,1398.6965515143843 -119.59187207275227,40.763685308533645,1306.784796336845 -119.59188760802438,40.7636835134126,1260.103144550618 -119.59190047415777,40.76368202415177,1221.2692042678316 -119.59191046525666,40.7636808655226,1191.000000000301</coordinates>
                </LineString>
            </Placemark>
            <Placemark id="451">
                <name>Run 45</name>
                <description>States exported: 300 of 6,829
Launch inclination: 89.617 deg</description>
                <styleUrl>#452</styleUrl>
                <LineString id="450">
                    <tessellate>1</tessellate>
                    <altitudeMode>absolute</altitudeMode>
                    <coordinates>-119.10695,40.870683,1191.0 -119.10695000000203,40.8706829999995,1191.0000269329228 -119.10695008008801,40.870682980590075,1192.0579681472154 -119.10695337770787,40.87068219145319,1235.0917133391204 -119.10695855162959,40.870681719299974,1278.6903383358947 -119.10696840557407,40.87068146046426,1339.0679337968368 -119.10697840604757,40.87068136879097,1393.3428361281178 -119.10698891110647,40.87068133238683,1447.0566654193876 -119.10699982672274,40.87068133299964,1500.5042873745049 -119.10700923634815,40.87068134871151,1545.3328518550768 -119.10702919526018,40.87068138755185,1637.6620453534433 -119.10703918670397,40.87068139362576,1682.8148605542353 -119.10705253545082,40.87068138008827,1742.330155848235 -119.10706508093332,40.87068134301842,1797.6080076162807 -119.10708966193843,40.87068119462376,1904.3935035678126 -119.10711264322455,40.870680954658944,2002.7439247894022 -119.10713074677857,40.87068069282124,2079.3800426015437 -119.10716338284195,40.87068005677595,2215.936286647128 -119.10718748452723,40.870679473179386,2315.7059702426127 -119.10721426791031,40.87067872488899,2425.6963679495543 -119.10725107424255,40.870677525906466,2575.3624897192567 -119.10726116836899,40.87067717145665,2616.17722014627 -119.10730481979033,40.870675676201735,2792.7278408131015 -119.10732667603438,40.870674952155966,2881.163022012676 -119.10735929960495,40.87067390575228,3013.2601930523483 -119.10739506247653,40.87067280937087,3158.2556993735743 -119.10741230926055,40.87067230081222,3228.2579112780145 -119.10744798652082,40.87067129319934,3373.261710712087 -119.10747605893413,40.870670545175145,3487.5647743156705 -119.10751677335047,40.870669536437816,3653.694076718297 -119.10754942187674,40.87066879733019,3787.247628970932 -119.10758692964795,40.87066802948272,3941.08167544294 -119.10762341580453,40.870667371415,4091.1754370995645 -119.10765046793553,40.87066694094493,4202.770007021928 -119.10769582896671,40.870666334011474,4390.533928304841 -119.10773288388975,40.870665946240486,4544.561076035349 -119.10778014993824,40.87066559605431,4741.952562269451 -119.10780420769294,40.87066548216272,4842.85199890825 -119.1078456368628,40.870665391459255,5017.346002838153 -119.1078757309825,40.8706654127552,5144.729206339697 -119.10791655036593,40.87066556717166,5318.433863514238 -119.10795514550742,40.87066585428337,5483.7370901975555 -119.10798158553034,40.87066613413465,5597.62857927821 -119.10802660465764,40.87066677701163,5792.874179630063 -119.10805596724062,40.870667315317924,5921.188299546312 -119.10808484074094,40.87066794362684,6048.166304052006 -119.10812966805626,40.870669127842376,6246.997736374419 -119.10815174457639,40.87066981181157,6345.720556713338 -119.10819284121145,40.87067127842775,6531.0073661874485 -119.10822405980801,40.87067257466904,6673.145742909413 -119.10824274409799,40.87067342760139,6758.809277629796 -119.10827387350938,40.87067498559945,6902.568466682563 -119.10831437185728,40.87067727572015,7091.6102651366655 -119.10832505300701,40.87067793016035,7141.864547972041 -119.10834997334284,40.87067953537513,7259.796370989518 -119.10838308981727,40.870681843942634,7418.043226205509 -119.10841175435529,40.8706840006589,7556.5179585382875 -119.10842495448304,40.87068504340519,7620.806349092233 -119.10845102427723,40.870687196928884,7748.7997255078935 -119.10848627026861,40.870690307701594,7924.253569274708 -119.10851102986304,40.870692632963255,8049.3592819105925 -119.10853044633606,40.8706945450656,8148.6431086823095 -119.10856171346332,40.87069779148731,8310.958237526938 -119.10859578067725,40.870701588062566,8491.604667520489 -119.10860615163193,40.87070280266022,8547.46091522265 -119.10862423868892,40.87070500161412,8645.871654931669 -119.10865409896307,40.87070886028922,8811.383586619255 -119.10868437071709,40.87071311736821,8983.284233857305 -119.10869985434734,40.8707154515396,9072.908101226047 -119.10871744990271,40.87071824019863,9176.24594079755 -119.10874566849706,40.87072306140305,9345.45015766264 -119.10877557776278,40.870728692019135,9529.839110497855 -119.10879583383273,40.87073284700368,9657.909282092685 -119.10882180588425,40.8707386237221,9826.177994702199 -119.10884314728611,40.87074377276901,9967.951106620752 -119.10886096174947,40.87074658028671,10069.93935094556 -119.1088989012243,40.87074755700914,10234.052790412823 -119.10894883976027,40.87074414267857,10401.708718886268 -119.10905570149569,40.870729069776466,10685.457063713551 -119.10914116080653,40.870713088470765,10877.360513312033 -119.10920004123709,40.87070082225565,10999.315469103722 -119.10932171034075,40.8706733726771,11233.815627206137 -119.10951078130364,40.87062725791542,11567.995926051964 -119.10956831411616,40.870612727619125,11665.039624558944 -119.10976146858805,40.870563030232816,11981.733327561622 -119.10999708339135,40.87050128899845,12355.774458854557 -119.11018774302806,40.87045083156069,12652.437566657716 -119.11051949516632,40.870362575992374,13161.0765343788 -119.11058965924384,40.87034387584697,13267.847885002824 -119.11081034562592,40.87028501146293,13602.592606866325 -119.11110931530284,40.8702052945582,14056.54499216907 -119.11121138973475,40.87017808178848,14211.720479060363 -119.11147456463762,40.87010798748605,14611.993768482667 -119.11186638523877,40.87000370326082,15208.467264040362 -119.11199124367344,40.86997050129742,15398.589036873613 -119.11231625286368,40.86988419771068,15893.335595465061 -119.11280609945914,40.86975447150467,16638.187438801335 -119.11294411929421,40.86971799717608,16847.794997129313 -119.11321702667894,40.86964593265999,17261.91910581533 -119.11363696522612,40.86953526716757,17897.932125677693 -119.11412888474396,40.86940587968244,18640.916505872334 -119.11440407857869,40.86933359427899,19055.501651477192 -119.11484393476506,40.86921821067729,19716.552474543347 -119.1153556367587,40.869084185178565,20482.964249447334 -119.11573061345845,40.86898610817902,21042.751360460898 -119.11617412873613,40.86887024925789,21702.86335968129 -119.11664388102673,40.868747705565944,22399.62745911991 -119.11698025803386,40.868660047873156,22897.034445322544 -119.11765522055786,40.86848438066868,23891.23379314419 -119.11799646372737,40.86839567314594,24391.905018004105 -119.1185837032419,40.86824321830265,25250.32591369877 -119.1194128170474,40.86802838029396,26455.461185845772 -119.11983001040441,40.86792047875212,27058.806476169946 -119.12047644575426,40.8677535233073,27989.737252408842 -119.12110674489746,40.86759103087394,28892.786626274075 -119.1217903197302,40.867415102866836,29866.999553232694 -119.1227290766223,40.86717399818098,31196.26361905251 -119.12331846526546,40.86702289465097,32025.74609222252 -119.12455915027309,40.866705480077485,33759.17768706776 -119.12620815519544,40.8662849301689,36036.70933983336 -119.12812603131994,40.86579762477958,38648.12921481193 -119.13067078493627,40.86515396424943,42051.822426066734 -119.1337206698443,40.86438676759247,46040.53739877834 -119.13749615910686,40.86344315210021,50844.090822998354 -119.14397926946361,40.861837828290916,58755.774009289045 -119.1548445742587,40.85918694107549,71099.371995217 -119.16770273412327,40.85610776986754,84304.0761640898 -119.18075442518426,40.853039453787666,96242.49281876658 -119.18307723230356,40.85249891115323,98218.62160081115 -119.19228382037737,40.85037163647894,105623.5460593638 -119.20564711532717,40.84732387532864,115191.95572242803 -119.21914944888414,40.844287264091925,123494.58941805942 -119.232771735914,40.84126190970991,130531.4341161203 -119.24649489183747,40.83824790366593,136302.47817919092 -119.26029982823272,40.83524532170947,140807.71189014192 -119.27356347021122,40.83238403206051,143932.60482757256 -119.28747320374102,40.829403960318025,145961.2326573299 -119.30140828278249,40.826435444057445,146724.0332377074 -119.31474359728146,40.82360681875668,146269.19726737143 -119.32867305102747,40.820660934375915,144555.37631965426 -119.34257142146764,40.817726598542656,141575.72903672696 -119.35581882348278,40.81493061816405,137541.16675929513 -119.36960115608389,40.81201876665825,132084.91728106514 -119.38329594473181,40.809118322926814,125362.86060446009 -119.39688403856937,40.80622922231572,117375.0086082492 -119.4103460178363,40.80335145198662,108121.38266416905 -119.42366084599104,40.80048539261242,97602.07152717627 -119.43623434771187,40.79775658125386,86356.57810319895 -119.44681049322872,40.79544075969946,75867.69131091861 -119.45229322022566,40.7942325790272,70018.74880138785 -119.45638353772665,40.793326920791166,65482.23357193361 -119.46068870724953,40.79236917514735,60557.9219602409 -119.46453531651936,40.791510137015315,55995.71160742607 -119.46660452038036,40.79104669841649,53476.0433657633 -119.46841202059431,40.79064082370075,51247.49711426655 -119.47079245118533,40.790105254606935,48252.83018022624 -119.47202671532334,40.789826591158054,46695.46040593623 -119.47356437375015,40.78947954469122,44702.11288329258 -119.47526331188148,40.789094913044856,42493.088376158776 -119.47661282949879,40.788788798945454,40719.14633389311 -119.47794438705156,40.78848656797837,38935.56174279463 -119.47919547694222,40.78820214507288,37243.59044767194 -119.48022637360131,40.78796734266976,35843.49897881613 -119.48079974804911,40.78783656429327,35063.13163630892 -119.48167459875339,40.787637109021816,33851.87177633453 -119.48257713175738,40.787430996913066,32601.184795175144 -119.4831797490067,40.7872931222981,31769.092861541383 -119.48370448237353,40.787173272526196,31025.47448112549 -119.48411515057425,40.78707919858547,30455.365728072713 -119.48475585446216,40.78693259093875,29548.517227346078 -119.4853363972704,40.78679974603706,28719.67041437862 -119.485717039036,40.7867124745852,28182.80389868733 -119.48626615004011,40.786586686834255,27397.52848827288 -119.48665711879352,40.78649718914554,26831.367665771457 -119.4870422547181,40.786408842229264,26281.604956174866 -119.48757409103362,40.78628692115666,25513.5286030001 -119.48806095727433,40.786175277994175,24806.517764518667 -119.48845752544283,40.786084320544404,24226.633349983975 -119.48885256433726,40.78599364594294,23649.741458536384 -119.48914855402818,40.78592563099344,23218.867497664185 -119.48942070454939,40.78586316304748,22816.964873171575 -119.48978292006352,40.785779944152935,22284.060032746103 -119.49009399333742,40.78570843178388,21826.48925893805 -119.49044823961194,40.78562701891337,21302.207430118175 -119.49073368678094,40.7855614347217,20877.511043442293 -119.49102682184886,40.7854940638166,20441.092688349185 -119.49134600027645,40.78542069469073,19965.26850672079 -119.49165232943601,40.78535027788297,19507.341565581875 -119.49193166438364,40.78528606721855,19088.53951388331 -119.49209753455176,40.785247951266506,18838.606365457854 -119.49227887867117,40.78520627468965,18566.033265483988 -119.49255801805565,40.78514215151073,18144.755866627285 -119.49283048083393,40.78507960944019,17732.292645617435 -119.49304083564172,40.78503137497816,17412.820239596396 -119.49328455706905,40.78497556083869,17041.84884753919 -119.49351941641466,40.784921871607736,16683.322937774712 -119.49359351690593,40.78490494830906,16570.039626743226 -119.49379808049825,40.78485826635922,16256.301661892123 -119.49403618168625,40.784804010561935,15889.833915239138 -119.49426845648935,40.78475114460817,15530.677488575948 -119.4944261096836,40.78471528299557,15285.857920690929 -119.49457620775067,40.78468116449112,15051.906887874815 -119.49478802103226,40.78463302768334,14720.091708824295 -119.49500296829731,40.78458418919964,14381.210854115545 -119.4951367284641,40.784553798708565,14169.09608944945 -119.49521216510446,40.78453666616031,14049.050900289434 -119.49536583422996,40.78450178866369,13803.436671619644 -119.4955672389686,40.78445613232443,13479.21188740115 -119.49574018346499,40.78441701228019,13198.495887138935 -119.49578851697487,40.784406098723096,13119.636729034719 -119.49591161745104,40.78437833539427,12918.033168987156 -119.49608961561032,40.78433832022785,12624.338614304734 -119.49626412770208,40.78429926148369,12333.83241296285 -119.4963421989898,40.784281847706964,12203.026549302265 -119.49647950883276,40.78425132654869,11971.635547544416 -119.49662696484322,40.784218709299545,11721.222219880075 -119.49672409560391,40.784197322936954,11555.146979365309 -119.4968323303232,40.78417359495822,11368.967351163217 -119.49698043265347,40.78414131952916,11112.240729965895 -119.4971149568011,40.78411222099203,10876.945326305387 -119.4971507662628,40.78410451123029,10813.95622243132 -119.49725010653137,40.7840831958896,10638.387762273878 -119.49739301179419,40.784052738387466,10383.59627943438 -119.49749219899226,40.784031734323285,10205.101271000252 -119.49761383457809,40.78400612568471,9984.23359231275 -119.4977546317889,40.78397667902825,9725.649509752871 -119.49782018133705,40.78396303946689,9604.120131904558 -119.49793290876453,40.783939674672745,9393.319520131521 -119.49807661149543,40.78391004157195,9121.057047740836 -119.49813979689272,40.78389705553495,9000.001767381655 -119.49822805166085,40.78387893832788,8829.455333722955 -119.49834943872644,40.7838540245637,8591.92062808081 -119.49838953586169,40.78384578592276,8512.658059612077 -119.49844499990441,40.783834391797946,8402.361482538414 -119.49852096830762,40.78381876272617,8249.973266463421 -119.49860853440254,40.78380072456792,8072.384997173095 -119.49864058370096,40.78379411582075,8006.8528300176185 -119.4987010858373,40.78378164656551,7882.366036813239 -119.49877873543963,40.78376564759404,7721.05721736492 -119.49885750528549,40.78374944532713,7555.629553923737 -119.49888715154107,40.78374335993565,7492.885374719141 -119.49895887845788,40.78372867454921,7339.941740685246 -119.49904092715751,40.78371196758774,7162.942891695884 -119.499079060669,40.78370424591372,7079.902485290877 -119.49913378313687,40.783693214211034,6959.810685928708 -119.49920756971399,40.78367845206034,6796.076099169105 -119.4992679197174,40.78366648270357,6660.504634369011 -119.49931296618514,40.78365760963867,6558.285237698375 -119.49937001024195,40.78364645499023,6427.503726043722 -119.49944356134172,40.783632204690626,6256.532878241362 -119.49947766763006,40.78362564721704,6176.305352447533 -119.49955113082237,40.783611634946,6001.320331166471 -119.49961034941983,40.78360045240243,5857.965467138633 -119.4996444316007,40.78359406584502,5774.474207860854 -119.49970486776806,40.783582833201564,5624.545298512458 -119.49976476213325,40.78357182959916,5473.45489018178 -119.49980573992704,40.78356438033827,5368.555652214602 -119.49985281387998,40.78355590787114,5246.426337317224 -119.49990516415528,40.78354659829514,5108.446786979331 -119.49994165049318,40.783540185238756,5010.853983225839 -119.49999868742854,40.78353029449874,4855.7901374859375 -119.50003602585687,40.783523916690555,4752.524143248221 -119.50007090246932,40.78351803688337,4654.725384610918 -119.50012536697758,40.783509021774016,4499.2264949034925 -119.50016820974042,40.7835020934996,4374.342600258993 -119.50022111569626,40.78349376392841,4216.754742343166 -119.50026529051041,40.783487024248835,4082.1187260877946 -119.50028794939438,40.78348364897756,4011.912409162695 -119.50032096174945,40.783478838021885,3908.1589807067962 -119.50036560103666,40.78347254322338,3764.932768981005 -119.5003966430239,40.78346831489269,3663.2170934086257 -119.5004286044259,40.783464094591565,3556.5522997375765 -119.50045925317686,40.78346017850712,3452.3109179256708 -119.50048892510914,40.783456514455146,3349.4588644646933 -119.50053193383854,40.78345143660829,3196.77149360525 -119.50054805485144,40.78344960759577,3138.376562151756 -119.50056927189279,40.783447263896875,3060.5390860191033 -119.50059847650476,40.78344415929472,2951.513785094853 -119.50062175060393,40.78344178782964,2863.0508172202453 -119.50063910486051,40.78344008139581,2796.185693325153 -119.50066897021077,40.783437271491024,2679.336990935772 -119.5006939154343,40.78343505323711,2580.0816221440145 -119.50070456087083,40.78343414270909,2537.2628563722533 -119.50072134043562,40.783432752134246,2469.222113627622 -119.5007437213282,40.78343098182765,2377.3948881127635 -119.50076220636937,40.78342959219061,2300.6146005886403 -119.50077693248554,40.78342853027126,2238.8224805462264 -119.50080675845112,40.783426497283834,2111.923542030044 -119.50082633704314,40.78342524188769,2027.3131668744259 -119.500845616409,40.7834240587016,1942.9273639758 -119.5008701826582,40.78342261347307,1833.7857552248772 -119.50088985761327,40.78342149236245,1744.9926119609395 -119.50091374208232,40.7834201550206,1635.4373959588959 -119.5009399228722,40.78341868792992,1512.9694998425211 -119.50094900416101,40.783418173623815,1469.8685475405732 -119.50096794233626,40.783417084291706,1378.8988126421848 -119.5009817818469,40.783416270632934,1311.454790849192 -119.50099236384798,40.7834156365652,1259.3125205312324 -119.50100131985816,40.783415097530316,1214.9338936614308 -119.50100612661646,40.78341480628037,1191.0000000000418</coordinates>
                </LineString>
            </Placemark>
            <Placemark id="461">
                <name>Run 46</name>
                <description>States exported: 300 of 6,854
Launch inclination: 88.778 deg</description>
                <styleUrl>#462</styleUrl>
                <LineString id="460">
                    <tessellate>1</tessellate>
                    <altitudeMode>absolute</altitudeMode>
                    <coordinates>-119.10695,40.870683,1191.0 -119.1069499999938,40.87068300000216,1191.0000269119028 -119.10694974864582,40.87068308765173,1192.092257477616 -119.10694062354011,40.870686268612936,1231.5547309935096 -119.10693171009818,40.87069028005282,1276.4446017294267 -119.10691977778464,40.87069800177166,1354.807293368301 -119.1069128031465,40.870703376537115,1407.4696451379166 -119.10690794800716,40.870707383216555,1446.2971573099755 -119.10690063147274,40.87071382121763,1508.1285682716202 -119.10689596278188,40.87071814107062,1549.3612568839628 -119.10688610455314,40.870727708548436,1640.4235409748467 -119.10687382668594,40.8707402973606,1760.4791571301462 -119.10686680509727,40.87074773413096,1831.7335246141806 -119.10685372700246,40.87076193516717,1968.8091476224672 -119.10684529815649,40.87077128141364,2059.9187717651744 -119.10683363313129,40.87078441461406,2189.337148769929 -119.10682255047983,40.870797077546214,2315.5689960958316 -119.10681230734474,40.87080891064302,2434.6676134195836 -119.10680008754082,40.87082320342888,2580.1066807265843 -119.10679403149584,40.87083032735887,2652.9319091985417 -119.1067788891019,40.87084810826785,2833.977905865485 -119.10677184651698,40.87085635633485,2917.592048824704 -119.10675721801732,40.87087342994277,3089.872076812376 -119.10674929003508,40.870882642315856,3182.361335864759 -119.1067394492176,40.87089403855981,3296.3085888245605 -119.10672681069721,40.8709086014411,3441.130643173401 -119.10671872610638,40.870917874098915,3532.8682253073443 -119.10670107613444,40.8709379948159,3730.6030863521064 -119.10668978912867,40.870950772969486,3855.2112521009935 -119.1066732593538,40.87096935843867,4035.066645696993 -119.10666439069894,40.8709792656659,4130.261834040511 -119.10665158517084,40.870993487727866,4266.103005111936 -119.10663657769791,40.87101002768549,4422.8705882587155 -119.10661928364365,40.871028910769624,4600.271472633504 -119.10660355427542,40.87104591576068,4758.610280688515 -119.10659316915404,40.87105705219585,4861.573515131675 -119.10657419800775,40.8710772061453,5046.4482730425 -119.10656521421734,40.87108666331118,5132.5448960268295 -119.10654863818547,40.871103967171855,5288.977135003551 -119.10652805125697,40.87112519414675,5478.911830552082 -119.10651730766895,40.87113615456498,5576.133992424017 -119.10649753433016,40.8711561179341,5751.708418004478 -119.10648350138429,40.87117012062833,5873.702433333629 -119.10646626590025,40.87118713779407,6020.644669886321 -119.10644057506,40.871212140766964,6233.903327479933 -119.10643087586335,40.87122147155138,6312.671501332217 -119.1064113952153,40.871240043895966,6468.09707044396 -119.10638525947309,40.87126462339678,6670.9823885460755 -119.10637584359188,40.87127338799879,6742.56262911322 -119.10635208765311,40.87129529833148,6919.75646620465 -119.10632816521719,40.87131708042398,7093.488650760631 -119.10631923035848,40.87132514354799,7157.215812601721 -119.10630108824147,40.87134139146155,7284.725216625593 -119.10627617794822,40.871363429971915,7455.824762532771 -119.10626106256308,40.871376648090404,7557.477013305039 -119.10625024810876,40.87138602620149,7629.18201008344 -119.1062295828572,40.87140376789914,7763.911399915026 -119.10620247600221,40.87142666317628,7936.082048274009 -119.10618442125643,40.87144166796668,8047.933226201801 -119.10616228293425,40.87145980335944,8182.069662357693 -119.1061328538813,40.871483457869076,8355.358317540245 -119.10610197783404,40.871507737416984,8531.25509265648 -119.10609354005986,40.87151428268485,8578.317767348253 -119.10607174540112,40.871531028311004,8697.974420896768 -119.10603886299069,40.871555878720805,8873.544001672706 -119.10600315466854,40.87158238558627,9057.965212290042 -119.10599206647831,40.87159052586746,9113.993353805305 -119.10596563493856,40.871609776145434,9245.32903196306 -119.10592827317373,40.871636651837285,9425.919222355797 -119.10588889880728,40.87166460581808,9610.299933064549 -119.1058651063671,40.871681335610745,9718.971277776996 -119.10582146655246,40.871711741000645,9913.301669955537 -119.10579187228252,40.871732763999894,10049.885112437649 -119.10576353530544,40.871756756962334,10234.893271164301 -119.10575141783424,40.87177090917676,10370.230438993374 -119.10574576363794,40.87178309937788,10515.82619516725 -119.1057491080218,40.87179534256354,10719.69350291941 -119.10575966499712,40.871801450313306,10880.339799253636 -119.10577336681206,40.87180446665194,11017.282683413583 -119.10580708383581,40.87180565637858,11262.448008887472 -119.10583942086636,40.87180355818889,11448.89775352926 -119.1058668928844,40.87180060197313,11589.29685853304 -119.10590990874779,40.87179487184613,11791.572936404697 -119.10599736956061,40.87178107718584,12167.350414065202 -119.10607149373027,40.871768233477205,12465.57954115785 -119.10619321185798,40.87174604786214,12934.280924852541 -119.10626898688344,40.871731904414105,13218.445969548298 -119.10634348482641,40.871717867075056,13494.320179777653 -119.10642405612899,40.8717027020552,13792.848620487992 -119.10652543260402,40.871683666062765,14170.043882997208 -119.10657828526288,40.87167377835168,14367.383884524856 -119.10672233775884,40.8716469539601,14907.02209317651 -119.10683029783758,40.87162694925391,15312.905480082127 -119.10691766761371,40.87161085287709,15641.808341551394 -119.10709898673191,40.87157769372281,16325.014402672898 -119.10719764094299,40.87155982339554,16696.484028442253 -119.10728397521758,40.87154423723599,17021.47882273601 -119.1074250250343,40.871518935282424,17551.568905735217 -119.10759632085563,40.87148840050912,18193.69525922167 -119.1077768520589,40.87145638713142,18868.025091825337 -119.10784050766274,40.87144514100751,19105.13260496879 -119.10801818276461,40.871413833886436,19765.217128008822 -119.10822330333556,40.87137784238806,20523.714982363388 -119.10836874250928,40.871352416433375,21059.11013075505 -119.10854501152794,40.87132170108097,21705.405206672633 -119.10874130047893,40.87128762296692,22421.668874176135 -119.10890260081258,40.87125969696123,23007.531161645373 -119.10918714639631,40.87121059892429,24035.021215731114 -119.10930324751037,40.87119061589381,24452.069189081754 -119.10955830780699,40.871146860153374,25363.635598503817 -119.10988239291876,40.871091526308426,26512.751585298924 -119.11003088373488,40.871066281409675,27035.839349727412 -119.11029260372493,40.87102193006218,27952.82902965251 -119.11054955465136,40.87097858306998,28846.883559034653 -119.11081581718153,40.870933843239094,29766.89582404659 -119.11122186283554,40.87086596498098,31157.736652631298 -119.11150572828926,40.87081873096492,32121.456695592362 -119.11204248080116,40.870729889045975,33924.88381777544 -119.11271785429905,40.87061891365506,36159.73887608361 -119.11352434787153,40.870487497786506,38779.790472577144 -119.11448551109896,40.87033238844203,41835.34999863141 -119.11576955765227,40.870127594208284,45807.854802726324 -119.11754011551662,40.86984942392552,51089.22360699711 -119.12002892346783,40.869466081709234,58150.42267625197 -119.1244395930093,40.86880645575565,69707.55282275392 -119.12991799829646,40.86801757696929,82534.85727223143 -119.13221356203017,40.86769580355659,87453.4037867258 -119.13542360506034,40.86725362872426,93913.36745236228 -119.1415044282213,40.86643826142226,104907.95343960177 -119.14774254468037,40.865628009983986,114637.53386367192 -119.15411889233499,40.86482299463998,123102.09891728045 -119.1606144050207,40.86402332186203,130301.63576638869 -119.16721001740424,40.863229082563485,136236.13287528622 -119.17388666004848,40.862440351896005,140905.58061193986 -119.18062526519044,40.86165718918801,144309.97135233795 -119.18740676631066,40.86087963794498,146449.2995019758 -119.19421209382186,40.86010772585519,147323.56149940347 -119.2007262484645,40.85937466296915,146976.05312563587 -119.20722806240879,40.85864676732139,145471.09192247895 -119.21399411129546,40.85789129245724,142660.15992410213 -119.22070937498734,40.85714141318689,138584.16741640103 -119.22735477976158,40.85639707999685,133243.12086868956 -119.23391124285612,40.85565822907342,126637.02887471148 -119.24035964025771,40.854924787995095,118765.90251687037 -119.2466806136708,40.85419670792729,109629.75791809596 -119.25285335296499,40.85347416843726,99228.64477951045 -119.25885007312867,40.852758506587264,87563.16721277568 -119.26407864510023,40.85212027463112,75999.0776590346 -119.26627652007988,40.85184805123982,70668.10486490741 -119.26831698465227,40.851592326077586,65478.060920633034 -119.26988267035944,40.851393112284455,61390.199578393476 -119.2711132371458,40.851236512230585,57987.02882611111 -119.27224084244307,40.85109059964372,54877.09167446647 -119.27296230603032,40.85099771117028,52769.52492875175 -119.27401453565182,40.85086009644341,49732.7623553339 -119.27465089018855,40.850777162066855,47798.75525352284 -119.27520190749681,40.85070419227551,46171.200317432034 -119.27580439403468,40.85062499591255,44290.76461807237 -119.27636633681782,40.85055026351244,42560.93585471984 -119.2767104587581,40.85050462222183,41465.92040762127 -119.27706331251392,40.85045726208798,40374.422696901514 -119.27754804130234,40.85039252997427,38811.85118639208 -119.27788972707316,40.85034680820128,37695.26331434678 -119.27820229248636,40.85030459012816,36694.116105480694 -119.27864758816476,40.850244700272334,35214.16149799781 -119.27905315334857,40.850189926645264,33858.51342751786 -119.27929924106819,40.8501563136847,33060.690948408504 -119.27954353235421,40.850123334577845,32217.98164139268 -119.27983643850182,40.850083530714485,31221.038801767736 -119.28011591262806,40.85004533321475,30281.1779108744 -119.28036779380375,40.85001095199718,29419.679530094883 -119.28049460171162,40.849993785084344,28967.17952339405 -119.28060426759761,40.84997880440821,28589.456770067427 -119.28081467693524,40.849950118113675,27853.77647104885 -119.28103317817944,40.84992020385489,27100.154834738878 -119.28114512544136,40.849904997077964,26699.36738918263 -119.2812996621316,40.84988382602677,26161.739837345405 -119.28149726018655,40.84985678862275,25467.86643607709 -119.2816823538862,40.84983149892927,24807.988427685217 -119.28184747689252,40.84980893726442,24212.461907605888 -119.2819424477413,40.84979585585401,23880.010591591454 -119.28209186298908,40.849775384331174,23341.11262395193 -119.28222542306384,40.84975709487319,22855.091057293484 -119.28233335809006,40.8497422180177,22470.993731710543 -119.28248161560705,40.84972185339552,21932.967291870726 -119.28262135860294,40.849702681726974,21421.841636460373 -119.28275373906924,40.84968452238115,20936.442874028362 -119.28288449791548,40.84966657129783,20457.371958026008 -119.28300848342916,40.84964955071572,20002.479439933297 -119.28313182130411,40.84963263630461,19547.66604622055 -119.28325285720986,40.84961605615175,19098.957226415867 -119.2833266401281,40.849605971051744,18822.915390293707 -119.2834085612588,40.84959477531318,18518.44510613302 -119.28349751205879,40.849582643824036,18185.991189048 -119.28355914632385,40.849574275432694,17953.87403815065 -119.28365248421466,40.8495616321378,17603.16054925975 -119.28375444813771,40.84954791280444,17217.958108102812 -119.28385687159118,40.849534258724795,16828.91866800397 -119.28389956519455,40.8495286167406,16665.687061044966 -119.28395188593925,40.8495217165787,16465.919740502162 -119.28403542491652,40.84951079560411,16144.697075056178 -119.28413029610918,40.849498512050886,15777.263416416994 -119.28422036060078,40.84948696724199,15425.202960653469 -119.28426848094837,40.84948084305144,15235.474892569811 -119.28433011570544,40.84947305308906,14991.015072326027 -119.28441502988649,40.84946241181929,14650.386976908978 -119.28450106025367,40.849451747672724,14300.276447790535 -119.28454506793511,40.84944634330177,14118.987596040299 -119.28459578441263,40.84944018711679,13907.948866959867 -119.28466814406805,40.84943153029618,13602.59052899616 -119.28474879532894,40.84942213254525,13255.415749133475 -119.28477730707044,40.84941889188438,13130.74042155192 -119.28481971585298,40.84941414847511,12943.481043650178 -119.28487969643766,40.849407649086245,12674.258026751126 -119.2849458294577,40.849400802791045,12371.174671083929 -119.28497479766646,40.84939792141986,12236.234806726567 -119.28503202517093,40.84939246172733,11965.453253967458 -119.28509432638404,40.84938691254638,11663.895908829883 -119.28512324111347,40.84938449278318,11521.374438816143 -119.28516929042542,40.84938087194216,11290.657599456095 -119.28522171030139,40.84937713942262,11021.99764189617 -119.2852528036516,40.84937514936488,10859.291086811956 -119.2852794783296,40.849373575109546,10717.50704862643 -119.28532324142225,40.849371296376994,10480.119931709774 -119.28536850566061,40.8493693562397,10227.562920296456 -119.2853931784684,40.849368488510386,10086.5169220996 -119.28544173425901,40.84936720739405,9800.996932233014 -119.28547383239776,40.84936669539998,9605.683193603321 -119.2855027604241,40.84936647837292,9424.542390516992 -119.28554372709011,40.849366599798245,9158.456240552465 -119.28556078106824,40.84936680818565,9043.936754138509 -119.2855777358749,40.84936710322292,8927.630042643405 -119.28560898687256,40.84936789487466,8706.06624765928 -119.2856325221817,40.849368695378914,8532.178923790567 -119.28564238320433,40.84936908787392,8457.32749845972 -119.28565641974696,40.84936970914013,8348.564227066201 -119.28567967934654,40.84937090733654,8162.045449906261 -119.28569598118536,40.849371889991474,8026.152460701871 -119.28570521049288,40.84937250828497,7947.169246403331 -119.28572607322712,40.84937409079551,7762.612117361049 -119.28574535651875,40.84937582614885,7583.885679406639 -119.285752245296,40.84937652176271,7517.94893225492 -119.28576654821298,40.84937812287219,7377.010129600045 -119.28578377874184,40.84938038230025,7199.209796062081 -119.28579357805762,40.84938186522417,7093.569257559226 -119.2858037474221,40.84938358314139,6979.852761792357 -119.28581893384441,40.84938656456307,6800.96958859722 -119.28582943839291,40.84938898302112,6669.484253036592 -119.28583441752482,40.849390249223525,6604.5218633492495 -119.2858441405072,40.84939298432968,6471.907801518044 -119.28585558418834,40.84939673820764,6303.915099658129 -119.28586188655439,40.849399112399546,6204.47943026201 -119.28587097987213,40.849403030401845,6049.815126383975 -119.28588065961748,40.84940805720487,5865.51841398746 -119.28588440276278,40.84941032343504,5786.849110954109 -119.28589192644442,40.849415665407555,5610.659325495763 -119.28589707885313,40.849420211194555,5469.728360433771 -119.28590070127129,40.84942409901443,5354.860009107706 -119.28590463701737,40.84942942060362,5205.044843118125 -119.28590710113197,40.849433814527934,5087.031627317521 -119.28590913434786,40.8494387917994,4958.895708029975 -119.28591065836144,40.84944491718512,4808.42379974693 -119.28591110853029,40.84944859135194,4721.639487348889 -119.28591115072804,40.84945491862445,4577.844020014998 -119.2859101461845,40.849462338076094,4417.590005997251 -119.28590939694895,40.849465544154,4350.926360307559 -119.2859068588945,40.84947339550316,4193.634811409331 -119.2859043785569,40.84947927216561,4080.9764943356654 -119.28590247884733,40.84948318971937,4008.0421505305276 -119.28589826585828,40.84949082824165,3870.391563448105 -119.28589417477306,40.849497366995784,3756.856312172265 -119.2858896331362,40.84950397222746,3645.732499645937 -119.28588374407565,40.84951182903954,3517.7012072772736 -119.28587938118174,40.84951726873317,3431.425135608274 -119.28587270255925,40.84952512594092,3309.8939245675765 -119.28586449753007,40.84953418240356,3173.885807136933 -119.28586234870971,40.849536466798845,3140.212772295951 -119.28585526110236,40.84954380008451,3033.6603879329314 -119.28584620199456,40.84955280092196,2905.8292463345997 -119.28584093103333,40.849557887913605,2834.865241570689 -119.28583379270871,40.84956464512743,2741.9106132659635 -119.28582225774288,40.84957532967162,2597.6686312983315 -119.28581838324203,40.849578871690305,2550.527540894229 -119.28581082873657,40.84958571675239,2460.2840673052274 -119.28580304866108,40.84959269751623,2369.3231801689776 -119.28579672597407,40.849598323405964,2296.7250644274227 -119.28578946280982,40.849604733833374,2214.670279757056 -119.28577970285029,40.84961326265907,2106.432779583788 -119.28577242256956,40.84961956045619,2027.0556857622867 -119.28576433450256,40.84962648612473,1940.1412009573817 -119.28575288579803,40.84963614923307,1819.2281581175457 -119.28574522102032,40.84964251608027,1739.5769128235358 -119.28573492807283,40.84965092332157,1634.1462170033753 -119.28572284220766,40.8496605665069,1512.4355746806496 -119.28571899079931,40.849663585129775,1474.1001505925685 -119.28571041349706,40.84967021134468,1389.4607788824285 -119.28570043309668,40.8496777556763,1292.1625803433267 -119.28569691878204,40.84968037051702,1258.185507655372 -119.2856925671829,40.84968360446886,1216.0257451179752 -119.28568998169331,40.84968551728722,1191.0000000004254</coordinates>
                </LineString>
            </Placemark>
            <Placemark id="471">
                <name>Run 47</name>
                <description>States exported: 300 of 6,790
Launch inclination: 86.862 deg</description>
                <styleUrl>#472</styleUrl>
                <LineString id="470">
                    <tessellate>1</tessellate>
                    <altitudeMode>absolute</altitudeMode>
                    <coordinates>-119.10695,40.870683,1191.0 -119.10695000000408,40.87068300001283,1191.0000267986109 -119.1069502698718,40.87068384997133,1192.7749263624155 -119.10695576270838,40.87070118483938,1228.8355102096866 -119.10696263620217,40.870719742132266,1266.351907378637 -119.10697543060165,40.87074751096857,1320.8107927447547 -119.10698780485735,40.87077241001492,1369.0006561833543 -119.10700560211873,40.87080645783667,1434.302020247576 -119.10701514907001,40.87082420518982,1468.15853995235 -119.10703015794405,40.870851663686246,1520.3834746151529 -119.10705163553733,40.87089017360778,1593.3610732053253 -119.10708464591141,40.87094807147955,1702.773322239041 -119.10711011391714,40.870991987595296,1785.635838268734 -119.10714504560967,40.87105144818063,1897.7524603082668 -119.1071883075641,40.87112406469759,2034.6751372987742 -119.10721280984303,40.87116476308394,2111.4540553110282 -119.10725872052669,40.87124027999549,2254.0306613856337 -119.10729632321599,40.8713015743077,2369.8306384261464 -119.10735882816165,40.87140243996737,2560.5683339675315 -119.10737764675847,40.87143260100062,2617.633358727189 -119.10742249738117,40.87150456928051,2753.619627231617 -119.10745515340655,40.871557058057526,2852.632051328424 -119.10748207939483,40.871600401129555,2934.2825912398607 -119.10754010285088,40.871694029736545,3110.310947082959 -119.10756272259974,40.87173062611476,3178.980453721677 -119.1076037149499,40.87179708756615,3303.491070774164 -119.10765518059479,40.87188081742978,3459.9781351543584 -119.10768544521265,40.87193021314005,3552.0945094575386 -119.10774425454476,40.8720265599746,3731.3235893622204 -119.1077844340332,40.87209267542796,3853.9655330785554 -119.10784979169306,40.87220076086363,4053.828722397869 -119.10787202138967,40.872237683624284,4121.920322525813 -119.10790727019585,40.87229640377492,4230.017256917197 -119.10796668140145,40.872395878981344,4412.5897566866115 -119.10801936841625,40.872484650364406,4574.928136985305 -119.10807878585913,40.872585423412254,4758.533835458383 -119.10811571358376,40.872648428761394,4872.954283529867 -119.10816145980993,40.872726899513445,5015.053909910134 -119.1081985971204,40.872790962293465,5130.723016086031 -119.10825193250082,40.87288356410714,5297.369080285787 -119.10830959378214,40.87298452044349,5478.290479115709 -119.10833947422307,40.873037202944964,5572.381849852456 -119.10840118661504,40.87314685462357,5767.501496491774 -119.10843933075593,40.87321523200541,5888.677500767579 -119.1084832970782,40.873294652117615,6028.929030866412 -119.10853582880068,40.87339044483822,6197.374217649033 -119.10856838771831,40.8734503351848,6302.278932171811 -119.1086259430388,40.87355722902018,6488.710433645477 -119.10868216177765,40.87366297977907,6672.107332857587 -119.108706449026,40.87370908965014,6751.7458956301425 -119.1087505697878,40.873793537150576,6897.076187744299 -119.1088051915648,40.873899340485636,7078.202346018191 -119.10882578664655,40.87393960554882,7146.853861269686 -119.10886454638283,40.87401595319422,7276.6149803763765 -119.10891559793997,40.87411768266593,7448.681660354233 -119.10894841411313,40.87418380353046,7560.016620901524 -119.10897792011531,40.87424378570304,7660.676165193052 -119.10902554242507,40.87434169086212,7824.29218697127 -119.1090773564124,40.87444989839113,8004.147767666024 -119.10910125629441,40.874500457340375,8087.831654231023 -119.10914786313175,40.874600307396754,8252.435831545952 -119.10919722364905,40.87470803070405,8429.025306738786 -119.10922654773844,40.87477307411195,8535.14456967354 -119.10924777647026,40.874820672596236,8612.545923898268 -119.10928816566825,40.874912494175696,8761.244751682965 -119.10933377335729,40.875018274575154,8931.499559029442 -119.10937091574885,40.87510616515453,9072.066003249429 -119.1093961353137,40.875166778914654,9168.526449236213 -119.10943708948813,40.875266909006726,9326.975918881293 -119.10948319956374,40.8753822979376,9508.166132757851 -119.10951765487206,40.8754704640182,9645.57779515788 -119.10954985367272,40.875554429275375,9775.602193536974 -119.10958069386562,40.87563634661659,9901.655116299875 -119.10960013883414,40.875687509755785,9980.217511654682 -119.10963754623465,40.87577012099771,10109.74834822055 -119.1096823339354,40.87585066377991,10239.92621519881 -119.10974037061911,40.87593772602259,10385.314021814143 -119.10986113656291,40.8760846596898,10642.303818191118 -119.10998909556565,40.87621279497794,10878.510277975669 -119.11005180206897,40.87626922155766,10986.066516672685 -119.11020213984546,40.87639310970344,11229.255057001812 -119.11042761657819,40.876558864351715,11567.944948696713 -119.11048908885087,40.876601398854454,11656.78929300925 -119.11071062972172,40.876749224835415,11969.664663682897 -119.11099140438863,40.876928665684225,12355.36989873812 -119.11121342020562,40.8770668157978,12655.089546983545 -119.11159512616058,40.877300064462574,13163.958029400015 -119.11168865459895,40.87735671842684,13287.83534938813 -119.11194908345819,40.87751403900266,13631.951149164453 -119.11230056309358,40.87772708786516,14096.900202393545 -119.11242426607647,40.877802276770154,14260.69629083363 -119.11273985904356,40.877994495650086,14678.713448643986 -119.11317698688693,40.878261591131505,15258.02999380869 -119.11336710838495,40.878378014073796,15509.981168028127 -119.11382909043111,40.87866142370813,16121.90466938906 -119.11425343123278,40.87892221668509,16683.263170241822 -119.11440969503904,40.879018338210784,16889.778191295543 -119.1147516215291,40.879228778150875,17341.213782750445 -119.11523824808265,40.87952843224746,17982.456972603602 -119.11575079784826,40.879844093999615,18656.12305375787 -119.11595826547433,40.87997184300302,18928.260388721712 -119.11634746600278,40.88021149091483,19437.934066657635 -119.11688605244873,40.88054297349134,20141.28735669883 -119.11752948461701,40.88093875070047,20978.542933445293 -119.11784570431267,40.88113317051544,21388.821353341118 -119.11852535782326,40.88155078065302,22267.864709884787 -119.1188391254945,40.881743460847,22672.410722957862 -119.11958025599128,40.882198242941904,23624.750914010387 -119.12012812789499,40.88253412930767,24325.83552935195 -119.12070982843971,40.882890473121414,25067.43903031241 -119.12160317335447,40.883437121919016,26200.787184265235 -119.1222032223723,40.883803905899796,26958.204217504215 -119.12285109701352,40.884199594793586,27772.60897833158 -119.1236954727409,40.88471478354076,28828.691484827392 -119.1243835783516,40.88513418516464,29684.887779435354 -119.12540896921406,40.885758502398375,30953.475403758825 -119.12605885140924,40.88615377273492,31752.991240525014 -119.12740853987098,40.88697365077913,33402.35691815038 -119.12924727183642,40.888088442360605,35625.44316873139 -119.13127507844568,40.88931504830341,38045.417868713834 -119.1338739257049,40.890882881434926,41098.75983648118 -119.13712791726537,40.892839594854216,44846.6011363779 -119.14156601569377,40.895497392053294,49825.56653085667 -119.14780972491313,40.89921617360198,56576.43032536106 -119.15851465066682,40.90554092265409,67481.92150194907 -119.17296149228585,40.91398460401834,80916.42152252373 -119.18697879748835,40.9220895108457,92610.0337265207 -119.18955569894618,40.92357111608065,94620.82769577278 -119.20013961877464,40.92963182757,102439.01387823446 -119.21508158724102,40.93812803119623,112300.34415578339 -119.22949271422458,40.94626648368617,120548.3416229241 -119.24466469886629,40.954787140741935,127932.81347415749 -119.25992602827637,40.96332042691571,134051.31983029319 -119.27458981910671,40.971494579531566,138719.197252526 -119.28997073624996,40.980052752374995,142360.79195446012 -119.30538455302252,40.98862370470619,144736.401938123 -119.32014138210496,40.99683398311191,145824.10513164385 -119.33489413273558,41.00505597516069,145753.5133383433 -119.3502949673777,41.013664207619875,144441.24799697273 -119.36565399137078,41.02228520497145,141862.9998076682 -119.38028850327754,41.03054328128279,138212.23909149074 -119.39551050257263,41.03918911345143,133157.08579284357 -119.4106342327143,41.04784753232108,126835.97213132512 -119.42499081782347,41.05614117598477,119605.10694308399 -119.43986683315563,41.06482382230634,110807.15817836398 -119.45458700386425,41.07351813439302,100743.34090380077 -119.46912759474095,41.08222145769178,89414.1205753744 -119.48162423302924,41.08980460244465,78525.49388714846 -119.48868552389527,41.094137226278654,71869.33085661149 -119.49437762594378,41.09765714180414,66224.77711155466 -119.49788705955234,41.09983758726203,62645.121100408 -119.50222497803387,41.102549278615825,58055.45041112504 -119.5060761705376,41.10496767874231,53877.81451483523 -119.50892300654479,41.10676373319905,50709.71067549837 -119.5112127719865,41.10821465043226,48100.12280214735 -119.51261548613236,41.10910410808376,46498.14003478729 -119.5141179456325,41.11006095319849,44740.14679580238 -119.51488881560078,41.1105514301058,43844.300866169055 -119.51636430772652,41.11149374996077,42093.733230079815 -119.51757014140347,41.11226387161727,40665.1355210019 -119.51837765022844,41.11278186936132,39684.975886106105 -119.51912587253231,41.11326087079648,38788.028021097416 -119.52034924327648,41.11404690942406,37292.30157077562 -119.5215076252969,41.11479177570574,35871.59408478014 -119.52252112579575,41.115444062610734,34623.732879975134 -119.52344800210551,41.116042071772085,33467.78532137853 -119.52402036242773,41.116412069436436,32746.77731151011 -119.52485878772745,41.11695363762957,31695.864847208384 -119.52535753076243,41.11727684779504,31059.7870738248 -119.52614411290412,41.11778633155371,30060.07389249916 -119.52683073770527,41.118231236657294,29186.313480129982 -119.52749849870742,41.11866449621,28330.90809064717 -119.52815513844567,41.11909120610454,27483.02937112924 -119.52862721961863,41.11939847154538,26868.34446032544 -119.5289603956361,41.11961487711069,26439.58483831055 -119.5294347439222,41.119923881922624,25819.398324588066 -119.52998905759968,41.120285035530394,25094.112729120774 -119.5304863679423,41.120609190772946,24441.906002543143 -119.530850775487,41.1208466706974,23964.564382106313 -119.53118990956338,41.1210681633016,23515.242816738173 -119.53148019818504,41.121257606924836,23132.29846600698 -119.53172502152056,41.12141760094043,22807.042148638295 -119.53214300316228,41.121690817174134,22251.395218083053 -119.53257476673897,41.121973191689676,21676.144650320544 -119.53292880327201,41.122204843868786,21203.62094704267 -119.53329127850644,41.12244222926002,20718.001036887155 -119.53365026026616,41.12267754067667,20235.274160040648 -119.53392163929033,41.12285559749434,19868.93823276552 -119.53425855253685,41.1230767264456,19413.82007258353 -119.53459325756462,41.12329657588641,18960.523231207964 -119.5347837096425,41.12342174277699,18702.260508440755 -119.53501614718643,41.1235746984107,18385.76280642262 -119.53532935676637,41.12378098506274,17958.664011027573 -119.53561978620162,41.123972557407086,17561.49018194841 -119.53588988597005,41.12415102686626,17191.08055863801 -119.53617528938499,41.12434000637911,16798.440345817733 -119.53632613360247,41.12444007433515,16590.400724286148 -119.53655279975744,41.12459075700728,16276.877250554942 -119.53680528650085,41.124759077424024,15926.484937812676 -119.53705719097906,41.12492760849574,15575.438184569914 -119.5372573345444,41.12506200994,15295.340889708725 -119.53738827952002,41.12515020624878,15111.485509205744 -119.53762781775062,41.12531217391801,14773.692835412534 -119.53784662139465,41.12546091068983,14463.383022888102 -119.53805287281004,41.1256018994647,14169.168089572577 -119.53813530663284,41.12565848820814,14051.08250813137 -119.53834978506903,41.1258064401576,13742.397474203251 -119.53860513677098,41.125984115860916,13371.910945230535 -119.53873758661311,41.1260770225825,13178.345846019722 -119.53883946321942,41.12614883394716,13028.810760045397 -119.53893679609835,41.12621776585991,12885.36296420586 -119.53909856970378,41.12633303116336,12645.699209177765 -119.53929335111282,41.126473050238914,12354.967757014818 -119.53936451499592,41.1265245508213,12248.148898062069 -119.5395366795488,41.12664994874994,11988.33524077319 -119.53972657933843,41.126789629218095,11699.423590294895 -119.53982520118386,41.126862759883615,11548.382818674781 -119.53992245920725,41.126935305838565,11398.718110063544 -119.54008186190377,41.12705514234277,11151.868990416604 -119.54025484920727,41.1271866124855,10881.658731283962 -119.54029124815403,41.12721447453518,10824.478912755698 -119.54039613819646,41.12729516369675,10659.034698553767 -119.54055270275967,41.12741676790281,10410.170470835237 -119.54067382069381,41.12751184314254,10215.972905430595 -119.5408037597404,41.12761487078699,10005.897926130901 -119.5409693335638,41.127747789324445,9735.417414037993 -119.54107904749027,41.1278369354238,9554.341666051023 -119.54120665542251,41.12794174738279,9341.75461174572 -119.54135482300016,41.128065050525116,9092.056445670047 -119.54140440291782,41.1281067105371,9007.775256107188 -119.5415061829295,41.12819287318536,8833.5537655363 -119.54164854198936,41.12831488528604,8586.99252722562 -119.54169924775395,41.12835877806235,8498.3136858547 -119.54176765086277,41.12841836261548,8377.962418373405 -119.54186936370431,41.12850776994229,8197.383466064612 -119.54196116301807,41.12858931883871,8032.698936336451 -119.54199931115235,41.12862345290635,7963.778099142426 -119.54209016826515,41.12870534675797,7798.461578831849 -119.54218631830156,41.12879295141326,7621.694928938256 -119.54223721236741,41.12883972501729,7527.359972767241 -119.54231047521205,41.128907586755616,7390.577521984415 -119.5424035851979,41.12899477096001,7215.023110393614 -119.54246397520619,41.1290519211076,7100.079687546982 -119.54251069779873,41.12909648316049,7010.532339160222 -119.54258872312934,41.12917161184678,6859.740701182386 -119.54268101870166,41.12926171629554,6679.211827964893 -119.54271291712095,41.12929318754051,6616.241235672837 -119.54278246483817,41.12936241801918,6477.866709289125 -119.54286826378939,41.129449050478996,6304.995904281132 -119.54291485273774,41.12949668927332,6210.065357409414 -119.54299308913731,41.12957768328336,6048.870568079393 -119.5430813593258,41.12967065166894,5864.145236982302 -119.5431079606609,41.129699016121435,5807.848721553078 -119.54317189838366,41.12976788500154,5671.284732733052 -119.54325709199043,41.12986125036173,5486.424220810991 -119.54328160592162,41.12988847248055,5432.586482653892 -119.54334538278373,41.12996008131048,5291.0914743865915 -119.54341737437029,41.13004234792513,5128.762719071727 -119.54346111690475,41.130093119983734,5028.6965850694005 -119.54352140101399,41.13016412510483,4888.9016358876415 -119.54358139472602,41.130236048507484,4747.475376298819 -119.54362359094208,41.13028744076686,4646.534423700539 -119.54368206648581,41.1303598391762,4504.50372648349 -119.5437250783811,41.13041402868116,4398.33333183529 -119.54377445819004,41.1304772818552,4274.557747021625 -119.54383731384574,41.130559500204384,4113.914745963867 -119.54385913810303,41.130588516397935,4057.286138721888 -119.5438963626234,41.13063858944702,3959.6340150082387 -119.54394298394139,41.13070238002865,3835.3541605417786 -119.54397332243107,41.13074456301962,3753.2394056629096 -119.54402661222923,41.13082000123452,3606.4946661749223 -119.54408067508118,41.13089837702242,3454.136799190617 -119.54411022272978,41.13094203803657,3369.286850244404 -119.54415523288944,41.13100972375877,3237.754401808856 -119.54418603914714,41.13105690145214,3146.0630211258235 -119.54421121649027,41.13109597689401,3070.096980225907 -119.54424790757912,41.131153767868106,2957.6891239452093 -119.54427995447197,41.131205053112694,2857.8502157773173 -119.54430815213144,41.13125078460888,2768.735630984536 -119.54433979950582,41.13130275689179,2667.3359159416063 -119.54436640026705,41.13134693667278,2581.017001188774 -119.54437699469615,41.131364656021304,2546.3607875120338 -119.54439967324114,41.13140281939015,2471.641543854323 -119.54442712712523,41.13144943625975,2380.2113401003276 -119.54445054280077,41.13148955405855,2301.36869612179 -119.54447128815536,41.13152537126746,2230.8357756611053 -119.54450649816009,41.13158674568197,2109.6176429037664 -119.54452847401511,41.13162541849308,2032.9712346219824 -119.54454641361097,41.13165719735978,1969.8121866395566 -119.54456404347954,41.13168860840935,1907.2121237929464 -119.54459577471744,41.13174559581375,1793.1472177370242 -119.54461487155596,41.13178017222015,1723.5914264270814 -119.54464439864759,41.13183404394152,1614.6222773366358 -119.54467128416918,41.131883525352606,1513.8100372945466 -119.54467902016853,41.131897839359375,1484.5058745303172 -119.54469993809134,41.13193671754058,1404.573608046104 -119.54472731490108,41.131987979002275,1298.370660478623 -119.54473750331385,41.13200716644959,1258.3668246100847 -119.54474932989619,41.13202945472892,1211.7287066210304 -119.54475456175943,41.13203933142799,1190.9999999999939</coordinates>
                </LineString>
            </Placemark>
            <Placemark id="481">
                <name>Run 48</name>
                <description>States exported: 300 of 6,957
Launch inclination: 89.912 deg</description>
                <styleUrl>#482</styleUrl>
                <LineString id="480">
                    <tessellate>1</tessellate>
                    <altitudeMode>absolute</altitudeMode>
                    <coordinates>-119.10695,40.870683,1191.0 -119.10695000000052,40.87068299999998,1191.0000289511213 -119.10695003633889,40.870682998609446,1192.9875031453735 -119.10695108054543,40.87068299026942,1242.718783659887 -119.10695506541225,40.870683512783806,1295.7788743794144 -119.10696084020263,40.87068429329126,1348.904854457717 -119.1069675884586,40.87068520223664,1402.1732447632126 -119.10697453899529,40.87068611985049,1453.0856227242055 -119.10698368894329,40.870687302078466,1516.269304962604 -119.10699182724257,40.870688333159165,1570.0983431406978 -119.10700912696517,40.87069042225429,1679.8145457016133 -119.10702499482471,40.870692210400044,1776.693005633162 -119.10704157544176,40.870693957850484,1875.4602168959134 -119.10706635960508,40.87069633805362,2019.6114420686392 -119.10707889468802,40.87069743713318,2091.2504817539398 -119.10710484143058,40.8706994985747,2237.2965638012506 -119.10712580961795,40.87070099576774,2353.603908787132 -119.10715680689832,40.87070296026156,2523.149334970475 -119.10716933856152,40.870703672937346,2590.914148703077 -119.10719417029402,40.87070508021046,2724.998805578499 -119.10721984082005,40.87070657920617,2863.743011351481 -119.10723705863946,40.8707076129983,2956.9177195990687 -119.10726643379591,40.87070943457963,3116.173414374419 -119.10727890098029,40.87071023169343,3183.903709317411 -119.10730307701445,40.87071182021033,3315.4813328912815 -119.10733113923332,40.8707137410196,3468.6846140025386 -119.10734953126017,40.87071504838428,3569.3951598992444 -119.10738109697955,40.87071738852432,3742.8567834974674 -119.10739843474943,40.870718728939124,3838.4867616904603 -119.10742989755087,40.87072126781619,4012.724909521921 -119.10744691164437,40.87072270121991,4107.348940942855 -119.10747279609906,40.87072496464175,4251.889114445992 -119.10750503485518,40.8707279302623,4432.9725401934065 -119.10753266354894,40.87073060580719,4589.177773511786 -119.10756228434961,40.87073361672769,4757.779378600332 -119.10758629236281,40.870736171185,4895.373572816438 -119.10761704050125,40.87073959996383,5072.938398897325 -119.10763809326009,40.8707420562235,5195.459262516242 -119.10767259707337,40.870746288021,5398.087179259842 -119.1076924108746,40.87074884252077,5515.561245299633 -119.10771569770071,40.87075196835954,5654.766652874872 -119.10774875010073,40.87075665190819,5854.663745745299 -119.10776631034098,40.87075926808996,5962.063395361975 -119.1077975537845,40.87076416113094,6155.407718778298 -119.1078199992686,40.87076788202895,6296.23229277188 -119.10784708478411,40.87077262595011,6468.489729453888 -119.10787651219013,40.87077812790894,6658.775578489693 -119.1078859518726,40.870779975151756,6720.552723846196 -119.10791120569631,40.8707851225112,6887.672342054292 -119.10793918222677,40.87079119820579,7076.16335060481 -119.10794998473179,40.87079365392079,7149.9494752605 -119.10796819863855,40.87079793379974,7275.722410454806 -119.10799443777033,40.87080441937473,7460.117998269736 -119.10800950997917,40.87080832117946,7567.890761841663 -119.10802456940083,40.87081235728241,7677.142917463145 -119.10804640690438,40.870818462308115,7838.560684082472 -119.10807024906147,40.87082550137433,8019.5435622899095 -119.10807762102075,40.87082776482408,8076.654470004419 -119.10809355892648,40.87083281136089,8202.14749068614 -119.10811649404302,40.87084048074972,8388.306127008933 -119.10813385096522,40.87084665004834,8534.251943763698 -119.10814243856115,40.870849838925025,8608.254859555884 -119.10815771043684,40.870855761456106,8743.160179788787 -119.10817724493953,40.870863882224775,8922.502762979073 -119.10819259907072,40.87087077486654,9069.508666372174 -119.10820054228611,40.870874541509906,9147.893719231757 -119.10821633035272,40.87088250186669,9308.931561772411 -119.10823342979687,40.87089194476394,9492.279171347533 -119.10824677849529,40.87090002376775,9642.93684878875 -119.1082596469671,40.87090850801378,9795.438167330356 -119.10827219183084,40.8709175601453,9952.117862935642 -119.10828323428473,40.8709232849572,10064.067299325885 -119.10831098220264,40.87092818245852,10238.51837291738 -119.10834738105474,40.870928430284046,10399.39985808354 -119.10839899686421,40.8709241848853,10579.140747605812 -119.10844361001305,40.87091825827538,10711.895049348877 -119.10850996995735,40.87090714748415,10887.657752632407 -119.10856788379387,40.87089592576135,11027.417297403601 -119.1086879563222,40.87086991455497,11291.872907829953 -119.10882689258892,40.87083704072066,11571.095359738587 -119.10888276025422,40.87082333330594,11678.358026343916 -119.1090340817688,40.87078540471694,11960.211147871027 -119.10924555884593,40.870731247748544,12340.450521044595 -119.10938010413125,40.87069638894444,12577.17288132081 -119.10970352088874,40.87061201958643,13136.50776050377 -119.10977721658617,40.87059274123172,13262.721799190194 -119.10995305022789,40.87054669439087,13562.694178878965 -119.11020066159284,40.870481878166885,13985.535717045026 -119.1103254737989,40.870449212981825,14198.987066234133 -119.11053414659669,40.870394661557434,14556.127544731069 -119.11087397863515,40.87030589120763,15138.443755697737 -119.11106794803433,40.87025528522473,15470.991088481596 -119.11142025035872,40.87016356727747,16074.808081686795 -119.11177991240794,40.87007022519406,16690.543031632893 -119.11196004584197,40.870023557038465,16998.602620970156 -119.11229042186108,40.86993814112685,17562.75262685443 -119.11258462649958,40.86986223497584,18064.115738511213 -119.1128594804,40.86979142496879,18531.5550512954 -119.1130955874608,40.869730653901584,18932.329947376296 -119.113386890098,40.869655785979816,19425.786867027888 -119.11374155472575,40.869564748382516,20024.970831217095 -119.1142089780032,40.86944496469582,20811.909132983517 -119.11442050759412,40.869390835201166,21166.990461190657 -119.11488925153041,40.869271032926534,21951.5550434187 -119.11524115099229,40.869181231149874,22538.42848443642 -119.11573763612,40.869054704958536,23363.321926729 -119.11628781380897,40.868914712128806,24273.151319833632 -119.11659493807461,40.868836681769245,24779.046683690533 -119.11717326502055,40.868689954077944,25727.79448642732 -119.1178915283774,40.86850814116444,26898.97296390952 -119.11824535111856,40.86841873652143,27473.050654036266 -119.11904574813363,40.868216935627274,28764.69207722825 -119.11947460777829,40.86810903051744,29452.792376903388 -119.12040841441889,40.86787458317411,30941.718738555257 -119.12106399049458,40.86771038552583,31979.373306651913 -119.12216461217938,40.867435403931374,33707.4447566341 -119.12357827278278,40.8670834200854,35901.510005710465 -119.12531816269183,40.866651982744294,38563.015034486154 -119.12760606897409,40.86608753076412,41998.581658401126 -119.13036702122977,40.865410558467644,46049.11496179433 -119.1340877917633,40.86450512840345,51346.603686601025 -119.14009058120148,40.8630601848151,59515.378484257664 -119.15043796250072,40.86061161234666,72553.10736788966 -119.16198740784417,40.85793519178324,85639.92857763392 -119.17270055068644,40.85549990563104,96483.57674392099 -119.17281713671053,40.85547363422914,96594.99149816688 -119.18415475112864,40.85294070275442,106775.43740850304 -119.19620319845787,40.85029257455293,116222.01548152548 -119.20838827062451,40.84765450393133,124402.95826229767 -119.22122815333984,40.84491257103788,131590.20727774609 -119.23363307930218,40.84229536270218,137184.81333262834 -119.24611655477885,40.8396884831057,141513.7499456262 -119.25865949309504,40.8370919895116,144577.00975453175 -119.2717905314785,40.8343937226744,146424.0317983961 -119.28384741807106,40.83193031018124,146906.4796847088 -119.29645423579295,40.82936515978192,146172.6852603972 -119.30904418731133,40.826810466098244,144173.20494147923 -119.32214289151227,40.824155823554,140737.36685211753 -119.33463901014447,40.82162241326457,136151.49594305037 -119.34706016285479,40.819099345550555,130299.95420164778 -119.35938724324096,40.8165865556385,123182.75109419733 -119.37212923055343,40.81397540677371,114406.7181202236 -119.38420388894335,40.81148354102155,104703.22134286143 -119.39612204743631,40.8090027075663,93734.285919445 -119.40836546582021,40.806426945138696,80941.06995406245 -119.41292655231153,40.80545905873201,75761.69991140776 -119.41567181341513,40.80487437202768,72522.10598210672 -119.41982742873004,40.80398601135258,67437.65616028981 -119.42234423729118,40.80344507949494,64285.81659833469 -119.42482011808232,40.80291128488042,61109.75416574807 -119.42795292303461,40.80223395652555,56955.46464706181 -119.43092994138159,40.80158730572028,52906.49041899748 -119.43339103472793,40.801050340779604,49489.57961973522 -119.43485283911514,40.80073080885272,47406.09972755639 -119.43602602434427,40.800473603670135,45727.994195687585 -119.43681505064146,40.800300667978405,44572.068568622955 -119.43794596042545,40.80005187358392,42933.280655628674 -119.43865300493532,40.799896524831446,41875.87079534593 -119.43921888196638,40.799771674410096,41048.23722377063 -119.43981576546707,40.799640096212755,40157.13193619403 -119.44080194516714,40.79942237119905,38678.04630327421 -119.44133751638272,40.79930409885651,37862.81834736114 -119.44226449861387,40.79909890473512,36458.45852303337 -119.44282105165749,40.798975845850094,35591.851256311864 -119.44343259206384,40.798840090560766,34662.014879705166 -119.44403549066875,40.79870647795385,33717.41433944011 -119.44472629020025,40.79855306357452,32640.606425552363 -119.4454083345987,40.79840134826133,31577.395760378764 -119.44605733288233,40.7982569375311,30554.642262829275 -119.44646353782227,40.798166634353684,29901.280365706043 -119.44682196493997,40.798086694247154,29339.493817139526 -119.44720442062693,40.79800160018021,28721.07977823303 -119.44763775891987,40.797904985217116,28029.96373380453 -119.44790168863344,40.797846182494645,27604.141068146895 -119.44817499509632,40.79778520773964,27167.341539422792 -119.44855898860406,40.79769961308472,26545.42630225196 -119.44879925024648,40.797646033229945,26155.095303401045 -119.44923754418807,40.797548234434785,25444.49168715313 -119.44966672628608,40.797452450304206,24743.768026872418 -119.45000902792125,40.797376044944414,24180.04497527666 -119.45018546070837,40.797336597027915,23892.898725080224 -119.45048651745691,40.797269348480064,23395.636849026425 -119.45069878151698,40.79722189938808,23045.50261434622 -119.45100735428166,40.79715288374672,22536.379745298465 -119.45120869587976,40.79710789140183,22200.03222049165 -119.45153958280923,40.797033867931944,21650.430445257392 -119.45186673331304,40.79696067045527,21105.407120203516 -119.45218543050264,40.79688936064012,20572.57708390606 -119.4524673224338,40.796826284371164,20099.878800937768 -119.45274676419656,40.79676376179286,19629.517759234477 -119.45298014515339,40.79671155094522,19235.174976207065 -119.45319963416833,40.79666244323717,18863.622466083725 -119.45333742075951,40.79663161390128,18630.69866607122 -119.45355466882006,40.79658303705156,18261.40756390215 -119.45380964222637,40.796526064390264,17827.03241556947 -119.454031920995,40.79647645826274,17447.116772646677 -119.45425192672623,40.796427437293005,17070.00744424805 -119.45447166550935,40.79637857972523,16692.134797867482 -119.45450851747022,40.79637039667571,16628.63860139306 -119.45466430397036,40.796335813472844,16359.68285318406 -119.45488032339856,40.79628795189328,15985.322016042222 -119.45509484342128,40.79624049856442,15611.709769170457 -119.45527304343452,40.79620111879454,15299.754627063176 -119.455378007709,40.79617794355668,15115.226925780855 -119.45556181993972,40.79613737110865,14790.557056091473 -119.45576153735895,40.79609330782046,14435.355499799996 -119.4559108618181,40.79606036953695,14167.882415444077 -119.45598192236722,40.796044704699675,14040.006438324752 -119.45612686663905,40.79601278000758,13777.827013853459 -119.45632140054306,40.79597001416158,13422.896067915568 -119.45644780835497,40.795942299907196,13190.198293417587 -119.45650745825063,40.79592924979046,13079.80202016755 -119.45663173860476,40.79590211766649,12848.55110955518 -119.45676356739482,40.79587344830233,12601.309262224264 -119.45688369439355,40.79584744018838,12374.205592568489 -119.45695086439036,40.795832951819726,12246.441353317212 -119.45708622499914,40.79580387845758,11987.226155098366 -119.45724967724708,40.7957690218215,11670.994586191113 -119.45731920568579,40.79575428722412,11535.368763525303 -119.45740334905406,40.7957365375656,11370.279448547553 -119.45754218126244,40.79570746433841,11095.564410158979 -119.45765181632328,40.795684717170346,10876.424551132512 -119.4576931260299,40.79567619498764,10793.321811617056 -119.45779431616941,40.79565543198774,10588.455088909845 -119.4579232262567,40.79562921738309,10324.624780435795 -119.45798857083734,40.795616029825986,10189.591180077434 -119.45809345795348,40.79559499769266,9970.88386075782 -119.45821635127386,40.79557056383056,9711.332376679055 -119.45828267849748,40.79555746736991,9569.659157632497 -119.45837642747829,40.795539054755054,9367.385334065448 -119.45849208501204,40.795516484882356,9114.323572687998 -119.45854747911812,40.79550572194787,8991.64538670937 -119.45863001105981,40.795489717566944,8806.97286913719 -119.45874042180661,40.79546832343804,8556.11429786957 -119.45876591111947,40.795463380091874,8497.543893083108 -119.45882326833932,40.79545226125171,8364.83257437571 -119.45890061484324,40.79543724768114,8183.744556692519 -119.45896465804802,40.795424806341295,8031.894575550604 -119.45899548847139,40.7954188178578,7958.163951473542 -119.45905764234598,40.79540675120364,7808.246269971371 -119.45913605674558,40.79539156044697,7616.627862096644 -119.45916825048727,40.7953853402565,7537.139077663435 -119.4592074797252,40.79537778262328,7439.591214519061 -119.45927832800558,40.79536420539924,7261.496839030457 -119.45934140405038,40.795352224119036,7100.721482045679 -119.45937034742158,40.795346764496045,7026.199359946822 -119.45942635223203,40.795336279824205,6880.59391295161 -119.45949747206951,40.795323135187,6692.819097400305 -119.45951701570975,40.79531955962258,6640.616736822427 -119.45956288746454,40.7953112252232,6517.014363595377 -119.45962479413502,40.79530011875581,6347.658347265176 -119.45966613907311,40.795292792712054,6232.8084587213025 -119.45972105585098,40.79528317840251,6077.941521312238 -119.45978486880524,40.795272179161834,5894.399809624569 -119.45981931186537,40.79526632332098,5793.609681006828 -119.4598661545092,40.79525845895112,5654.4567311046285 -119.45991567214514,40.795250280562946,5504.5774548232575 -119.45994377217058,40.795245706759744,5418.171943201038 -119.45999433196711,40.79523760833296,5260.061625067593 -119.46004022121085,40.79523041535465,5113.405727658417 -119.46006305292978,40.795226896779866,5039.241813014386 -119.46011074068882,40.79521968828424,4881.586214094433 -119.46015074990443,40.79521380160233,4746.23506337432 -119.46018449982444,40.795208965838256,4629.678738479806 -119.46023103771489,40.79520252185395,4465.043283222049 -119.46026534671194,40.79519796265446,4340.483160699068 -119.46030931119292,40.79519239410363,4176.537554566858 -119.46033762172546,40.795188991108475,4068.1871771727992 -119.4603567920512,40.79518677412889,3993.4927260665822 -119.46038882396135,40.79518324048454,3866.1394312865323 -119.46041401914891,40.7951806193715,3763.579472559318 -119.46043983352205,40.79517808680763,3656.153093739457 -119.4604749710289,40.79517490304781,3505.7960703265985 -119.46049838883327,40.79517295960141,3402.7206705015765 -119.46052465439229,40.79517096106545,3284.1476883694363 -119.46055253240466,40.79516906367727,3154.591500008714 -119.46056236154101,40.795168452349614,3107.960136966642 -119.46058633770244,40.79516709286637,2992.0356087619175 -119.46061035417247,40.795165924366074,2872.7507348419945 -119.46061961945821,40.79516552706245,2825.8800630930987 -119.46063656952063,40.79516488034913,2738.9140749961384 -119.46065640823524,40.795164258537476,2635.166128346217 -119.460668336319,40.7951639569055,2571.80855854433 -119.46068024619356,40.79516371044595,2507.7794242533078 -119.46069974131251,40.79516342688381,2401.3738478630194 -119.46071769513092,40.79516329745587,2301.5461858289927 -119.46073215777625,40.795163283253586,2219.812353498315 -119.46075585647027,40.79516342668585,2083.235195766569 -119.46076829147759,40.79516357952337,2010.2040447524785 -119.46078286852139,40.795163818947664,1923.3166960645926 -119.46080034377151,40.795164179890115,1817.2432624157022 -119.46081188911243,40.795164453619016,1745.946896518954 -119.46082829681002,40.79516487725136,1642.8438978493616 -119.46084823200754,40.79516541760958,1514.5521636320884 -119.4608542548065,40.795165581798976,1475.0924687121928 -119.46087037277414,40.79516601422381,1367.780150153345 -119.46088278925957,40.795166334537164,1283.326162715228 -119.46088650328922,40.7951664274794,1257.7473123982895 -119.46089380873516,40.79516661033306,1207.2665214968806 -119.46089614772083,40.79516666786048,1191.000000000455</coordinates>
                </LineString>
            </Placemark>
            <Placemark id="491">
                <name>Run 49</name>
                <description>States exported: 300 of 6,782
Launch inclination: 88.599 deg</description>
                <styleUrl>#492</styleUrl>
                <LineString id="490">
                    <tessellate>1</tessellate>
                    <altitudeMode>absolute</altitudeMode>
                    <coordinates>-119.10695,40.870683,1191.0 -119.10694999999666,40.870682999994656,1191.000026904839 -119.10694989405899,40.87068283073508,1191.8526270157304 -119.10694490914578,40.87067486733892,1231.7802292057313 -119.10694105038114,40.8706666179553,1273.822639749717 -119.10693861812095,40.87065695147786,1324.2681603017688 -119.10693726140795,40.87064873049812,1367.3842486992858 -119.10693611046736,40.870636715553346,1430.5435658003778 -119.10693565129351,40.87062687122751,1482.3150091766283 -119.10693548192309,40.87061710372338,1533.6251057401773 -119.10693579173362,40.870598784959896,1629.646385658073 -119.10693653175015,40.87058318400433,1711.0105233132565 -119.10693777358908,40.87056497539397,1805.4351335204315 -119.10693903226513,40.87054995880536,1882.855274393316 -119.10694103642822,40.870529383826096,1988.238698508201 -119.10694299437517,40.87051154500449,2078.952278533511 -119.1069458781321,40.87048774523555,2199.0423962265836 -119.10694861843164,40.87046687592192,2303.578434755856 -119.10695136023043,40.87044709320011,2402.101212402859 -119.10695651253734,40.87041237361808,2573.6946896568143 -119.10695760900784,40.870405280206974,2608.578849410705 -119.10696230513179,40.87037465061766,2759.2095088926567 -119.10696609133511,40.87034963280347,2882.2520522226378 -119.10697029093576,40.87032144330126,3020.924671672719 -119.10697456199128,40.87029215680787,3165.046322462791 -119.10697715023602,40.87027407198192,3254.0757416196734 -119.10698140483481,40.87024365540497,3403.8849984789213 -119.10698396611718,40.87022488329792,3496.394203700299 -119.1069884402045,40.87019113400904,3662.8310953821206 -119.10699183685405,40.87016455769523,3794.0176900714628 -119.10699560439555,40.87013392855559,3945.3588969252696 -119.10699907797806,40.87010440543033,4091.4036612115324 -119.10700169864484,40.870081147955766,4206.568402679146 -119.10700569518679,40.87004365950914,4392.426209295431 -119.10700838555354,40.870016700269524,4526.249718848138 -119.10701106085828,40.86998811103521,4668.314837283793 -119.1070130047857,40.869965927830435,4778.652019975821 -119.10701574035407,40.86993200299462,4947.579608834955 -119.10701775894852,40.86990417428641,5086.323820393342 -119.10701893906487,40.86988635698305,5175.241477559372 -119.10702127392344,40.86984591533381,5377.339432216967 -119.10702246586314,40.869820910026704,5502.500913093781 -119.10702370999559,40.869788353800736,5665.701703993454 -119.10702467397255,40.86975140611094,5851.273692359923 -119.10702493329035,40.86973562720944,5930.650735335346 -119.10702516675798,40.86970103294652,6104.962981753059 -119.10702496129781,40.869669574123414,6263.8434747231495 -119.10702457824945,40.869647842748904,6373.826292941203 -119.10702345783514,40.86961101084486,6560.70174178158 -119.10702236540575,40.86958636130373,6686.132465988828 -119.10702121953601,40.869565458520256,6792.716886763027 -119.10701901120807,40.86953280230953,6959.673745125571 -119.10701664940125,40.86950418929812,7106.384878313822 -119.10701513615953,40.869488059234556,7189.242252940814 -119.10701183609119,40.86945693378651,7349.433473082666 -119.10700734341577,40.869420705225366,7536.30590756643 -119.10700576459556,40.8694092052986,7595.6977899355325 -119.10700260185678,40.8693877360048,7706.670039955351 -119.10699768877386,40.86935763518761,7862.403423272295 -119.10699150604961,40.869324109894784,8036.007423260067 -119.10698788042855,40.86930620641791,8128.783978856357 -119.10698037930275,40.86927239275447,8304.090715123975 -119.1069717175758,40.869237593928,8484.632274427553 -119.10696821309233,40.86922454860526,8552.351755688396 -119.10696234160898,40.86920378645193,8660.241258529568 -119.10695238142608,40.8691712374236,8829.615208670633 -119.10694102524094,40.86913738955531,9006.23946964483 -119.10693520931233,40.86912115661565,9091.182971107106 -119.10692614328092,40.86909710596002,9217.31675948161 -119.10691318497378,40.86906500023874,9386.347144210187 -119.10689708021596,40.869028167056136,9581.278207305217 -119.10688792786918,40.86900850655254,9685.819793739985 -119.10687559767739,40.868983262730296,9820.571805605587 -119.10686141608335,40.86895571352273,9968.291370567113 -119.10685364012845,40.86893411482082,10077.99297037054 -119.10685123696251,40.86890005521269,10233.386714959368 -119.106857619987,40.86886485065737,10377.80590929695 -119.10688620716198,40.86879612736596,10628.915149020693 -119.10693302030657,40.868719417553805,10878.975201517156 -119.1069568318243,40.868685558201136,10982.519500532107 -119.10700317153653,40.8686245912218,11161.468997127244 -119.10708451761374,40.86852673916456,11434.067129939402 -119.10714601551457,40.868457280512075,11619.986584502283 -119.10723555864557,40.86835981490594,11874.582517005718 -119.10739660040095,40.86819062546926,12306.125638939027 -119.10748956627685,40.868095058195465,12546.270250974174 -119.10769382919469,40.86788817018102,13061.070641510592 -119.1077628115256,40.86781892321549,13232.401795519732 -119.10791095752067,40.86767078092186,13597.932376744535 -119.108102676312,40.86747864148255,14071.92883420445 -119.10817342179158,40.86740756135412,14247.29577249095 -119.10835618368836,40.86722369174404,14700.997744202925 -119.10859453199484,40.86698330851456,15294.049942041156 -119.10866543394168,40.86691173085824,15470.615719774602 -119.10887356321135,40.86670153349014,15989.024153522687 -119.10915114635361,40.866421281624014,16679.908299927938 -119.10922508761901,40.86634666429235,16863.76200852711 -119.10939549654994,40.86617473701631,17287.151885358606 -119.10966473197172,40.865903407301815,17954.650359157273 -119.10997310729687,40.86559307546884,18716.73245297973 -119.11007354484123,40.865492118786854,18964.29003290386 -119.11029378498631,40.8652709380488,19506.06970445034 -119.11059467241795,40.86496923961308,20243.57752919663 -119.11089599698259,40.864667665677864,20979.031862345528 -119.11107953192024,40.86448424150029,21425.477028496694 -119.11144363110544,40.864120991531294,22307.58831380902 -119.11162952021526,40.86393584502559,22756.14556521666 -119.11204665846606,40.86352109910579,23758.247010554798 -119.11230666878323,40.86326308768077,24379.743761770646 -119.11267580224632,40.862897519373334,25257.84467751609 -119.11312760226609,40.86245123559239,26325.819950030073 -119.11342350860771,40.86215966748131,27021.21272791153 -119.1137937948436,40.861795526122144,27887.03797977449 -119.11419969140437,40.861397326337766,28830.494714904828 -119.11458657045854,40.861018677095736,29724.311485435384 -119.11518158844055,40.860437930826436,31088.91612812333 -119.11559699052998,40.86003361039495,32034.405145035864 -119.11637089811623,40.859282688829886,33780.414531815615 -119.11740556103386,40.85828335683208,36083.7035852088 -119.1185758405239,40.85715911894927,38646.94795827781 -119.12009549735329,40.85570848397156,41910.54407241442 -119.12204127309441,40.853865646656345,45985.0555084826 -119.12441967487787,40.851634139450226,50811.57398878217 -119.12816641848082,40.84816289980427,58085.58115602471 -119.13459934681602,40.842317776937485,69690.46278518597 -119.14246416016063,40.8353455654657,82477.61515625467 -119.1472099030888,40.831219921853936,89503.63565793335 -119.150107093084,40.828728528663916,93551.66422437894 -119.15831807430979,40.82176904443784,104080.74753335721 -119.16706565073231,40.8145002666017,113850.65755211937 -119.1759614349968,40.807238813406514,122355.28360126393 -119.18459154004682,40.80030003428027,129306.16922237299 -119.19372213252778,40.793053226720225,135335.20094238405 -119.20294454200912,40.78581403614472,140098.9120769679 -119.21183430098291,40.778896783487816,143471.50159116866 -119.22118118074039,40.77167267846738,145759.56198683163 -119.2305634803547,40.76445634642799,146782.28172941878 -119.23955340463577,40.75756106131238,146576.51841708666 -119.24854158812323,40.75067291298037,145213.04891065336 -119.25791834522587,40.74347928904642,142549.76797618126 -119.26725587961462,40.736293432627704,138621.1472048673 -119.2761331384399,40.729427237422236,133679.32721671596 -119.2853387489687,40.72225645577617,127275.05879033859 -119.29444869949177,40.71509330923788,119605.47300531209 -119.30305533046442,40.70824878271523,111085.36987317179 -119.31192188140832,40.701101226633014,100940.24294778852 -119.3202465106394,40.6942833470664,90066.11779872295 -119.32790720791388,40.68790007355177,78824.10986129068 -119.33100654648261,40.685283736108566,73912.88625473868 -119.33528886922026,40.681633203733405,66741.32546418336 -119.3378296426972,40.67944650593489,62320.73425614481 -119.34018494103857,40.67740449378456,58039.13069714682 -119.34210618996202,40.675728150750885,54480.32503109711 -119.34354759089393,40.67446346540533,51719.3788634171 -119.34508412542873,40.673108982476464,48732.459096826555 -119.34612253514051,40.67218987601593,46688.94586168213 -119.34700736951237,40.67140376244578,44900.03893897467 -119.34813415021144,40.670399753497605,42618.38002340718 -119.3485890928513,40.669993042441455,41675.08069047888 -119.34916416459369,40.66947852056881,40498.8360953754 -119.35006954540333,40.66866591424226,38604.51723367878 -119.35089286246071,40.667924655513275,36857.96821631027 -119.35146862131964,40.667404913142605,35620.69731400659 -119.35179248781165,40.66711243663827,34935.02504297679 -119.35227118728466,40.666678928564096,33890.457049020326 -119.35277593569967,40.66622143493121,32797.55537613301 -119.35323740723699,40.66580248517167,31792.318149222494 -119.35356604011976,40.66550339014607,31058.974965532576 -119.35394288762386,40.665160423712635,30229.734944827553 -119.35434235955834,40.66479638848688,29344.93049813249 -119.35462070327816,40.66454220444656,28715.544766467727 -119.35497324561675,40.66422024817628,27925.259265179167 -119.35531719495096,40.66390593481639,27153.725894496372 -119.35553309178614,40.663708344551424,26662.01404435929 -119.35584826252295,40.663419746609904,25944.69955577897 -119.35605482388226,40.66323062757243,25478.789695632888 -119.35636199452628,40.66294896767642,24775.623359152218 -119.35663154527181,40.66270150626785,24154.32667401533 -119.35686748652621,40.662484748887735,23609.3386840753 -119.3569991358727,40.66236380893318,23307.813182583028 -119.3571906468267,40.66218761202521,22861.747916409997 -119.35735563717043,40.662035839567885,22481.041175527367 -119.35760392918719,40.66180718290044,21902.69905129063 -119.35784088033348,40.661588787866066,21348.41658583773 -119.35803622560921,40.661408598532276,20889.24868335853 -119.358236968666,40.661223324311024,20416.85308614501 -119.35844070705504,40.66103517153075,19936.41660894549 -119.35862337718673,40.66086636530209,19504.617168940145 -119.35881355005661,40.660690487943995,19053.35050897772 -119.3589229046437,40.66058927394335,18792.598401069168 -119.35905379363491,40.66046808896102,18480.576567809727 -119.35917107262098,40.66035944684508,18200.472489132157 -119.35933852267333,40.660204213056495,17798.92220844963 -119.35950556061317,40.66004923862608,17396.99550345222 -119.35961151250308,40.65995087164946,17141.25511317114 -119.3597737393428,40.659800155034794,16748.48061082983 -119.35981550781686,40.659761326452674,16647.023430230223 -119.35991704560284,40.65966683006259,16399.9904021697 -119.36006171221744,40.659532019166896,16046.471876470287 -119.36020385978472,40.65939923584746,15697.132246340478 -119.3603406372682,40.659271057257705,15358.807268979108 -119.36040611816807,40.65920951724287,15195.923395743903 -119.36053276063582,40.65909013384589,14879.27978698018 -119.36066240271607,40.658967324269206,14552.43586148579 -119.3607991382011,40.65883701395938,14204.320423557814 -119.36085318161335,40.65878526486328,14065.685653406372 -119.36096328768781,40.658679372054,13781.137094010874 -119.3610823731854,40.658564070125244,13469.948654630756 -119.36118735448424,40.65846169551005,13192.295533086115 -119.3612264459134,40.658423397173436,13088.067193208337 -119.36132826909048,40.658323169073824,12814.373541598063 -119.36143576633063,40.658216592021176,12521.703590078856 -119.36150395415208,40.6581485710708,12333.966228053978 -119.3615611927552,40.65809121896974,12175.091325262905 -119.36165770497635,40.657993973947605,11904.389337895082 -119.36176054267861,40.65788959245268,11611.905986786744 -119.36179296815375,40.65785651339708,11518.783969309527 -119.36185505290202,40.65779293155789,11339.156429854851 -119.36194519251544,40.657700047824605,11075.202497361694 -119.36201288489069,40.65762982012922,10874.316224493392 -119.36205391711029,40.65758702886751,10751.351581653833 -119.36213202972681,40.657505075706254,10514.602939767943 -119.36221222203376,40.657420188255244,10267.60996084773 -119.36226316253209,40.65736581974065,10108.4524688434 -119.36234143023117,40.65728152827879,9860.17450577499 -119.36241363288974,40.65720285366374,9626.730848566123 -119.36244682066486,40.65716636346208,9517.892936922528 -119.36251471845193,40.65709099643412,9291.950638227616 -119.36258206281144,40.657015188875505,9063.129017330206 -119.36261181018017,40.656981325162846,8960.428741461938 -119.3626682493237,40.656916363493494,8762.601797017993 -119.36273194486957,40.65684178002424,8534.242435859873 -119.36273991255014,40.65683234574786,8505.268282075027 -119.36277301826452,40.656792909886214,8383.9017584366 -119.36282030267544,40.65673582091029,8207.582445142983 -119.36286583936806,40.656679962791145,8034.30804500906 -119.36288058774988,40.65666168163664,7977.427587031048 -119.36291513087622,40.656618498463686,7842.7032845282965 -119.36296143234968,40.65655979369107,7658.698007914706 -119.3629892826361,40.65652402534799,7546.063777709568 -119.36300983661401,40.65649739657152,7461.923687337091 -119.36304740199881,40.65644821754212,7305.856414270761 -119.36309135365832,40.65638980213526,7119.2086845078975 -119.36310187853782,40.656375667541866,7073.819653128093 -119.36312993126808,40.656337684304134,6951.4007616120125 -119.3631675775674,40.65628598432157,6783.630668779018 -119.36319398157687,40.65624917705269,6663.337028141156 -119.36321178273964,40.65622408371883,6580.914858321317 -119.3632430863353,40.65617936940526,6433.1668257531255 -119.36327984809523,40.656125792274466,6254.622830446908 -119.36329668199807,40.65610083310857,6170.870740377348 -119.36332980980127,40.65605084309049,6001.981953037131 -119.3633571815567,40.65600857282785,5857.948911913405 -119.36337325063046,40.65598331002218,5771.305570420912 -119.36340348545242,40.65593478007343,5603.636652310857 -119.36342711021818,40.65589586552088,5467.957087832776 -119.36344824508572,40.65586022380865,5342.679356083162 -119.36347508850993,40.655813686327335,5177.577381674656 -119.36349252367904,40.65578260543799,5066.302728854604 -119.3635115983402,40.65574773423517,4940.4428304732155 -119.36353636407922,40.65570092336936,4769.703956100046 -119.36354517212935,40.65568380488381,4706.723513813871 -119.36356120037753,40.655651938458256,4588.658007020134 -119.36357308097864,40.65562766040489,4497.947402823433 -119.36358706587593,40.655598270914375,4387.19762190705 -119.36359939475003,40.65557154856798,4285.553738976676 -119.36361921070508,40.65552676372084,4113.049298686066 -119.36362890295898,40.65550391153467,4023.9237229425685 -119.36364276115717,40.655469962400694,3890.065932570842 -119.36365235182349,40.65544545402025,3792.3076183304297 -119.36366079827219,40.65542307021344,3702.1695946033956 -119.36367312786915,40.655388812387606,3562.5810090216883 -119.36368237957714,40.65536162717397,3450.3569686379947 -119.3636902450748,40.65533730582059,3348.8224994330985 -119.36370073454371,40.65530274168589,3202.6120369989903 -119.3637053547702,40.65528658403294,3133.463867958936 -119.36371124606354,40.65526501899951,3040.3631165970405 -119.36371873183366,40.655235801980204,2912.711710861938 -119.36372233852681,40.65522089686931,2846.90643374933 -119.36372830124115,40.65519495229315,2731.2261269584315 -119.36373410194638,40.65516803168388,2609.631657018823 -119.36373582613241,40.65515970222065,2571.677626290008 -119.36373852156413,40.65514631875041,2510.3619650235287 -119.36374217631077,40.655127491284496,2423.3971986069287 -119.36374628170852,40.65510526407179,2319.645696916084 -119.3637487286795,40.65509139477052,2254.306331596259 -119.36375232950562,40.65507001134432,2152.65765718771 -119.36375619256671,40.65504555458464,2035.0518287589496 -119.36375777907406,40.655034962616746,1983.6787853050084 -119.36376008063257,40.65501892346957,1905.3913591136843 -119.36376224821336,40.65500294844408,1826.842823124477 -119.3637641942208,40.65498772514063,1751.4797343792047 -119.3637668307536,40.65496539734065,1640.0877253046742 -119.36376945335803,40.65494052175034,1514.8772706753916 -119.36377014063387,40.65493340642017,1478.8584306031944 -119.36377158557818,40.65491736301975,1397.3165110466425 -119.36377316262215,40.65489765171967,1296.5176742674291 -119.3637736880922,40.65489039534877,1259.2379367892293 -119.3637742886807,40.65488200011068,1215.9674248008741 -119.36377462480708,40.65487716841576,1190.9999999999911</coordinates>
                </LineString>
            </Placemark>
            <Placemark id="501">
                <name>Run 50</name>
                <description>States exported: 300 of 6,802
Launch inclination: 89.408 deg</description>
                <styleUrl>#502</styleUrl>
                <LineString id="500">
                    <tessellate>1</tessellate>
                    <altitudeMode>absolute</altitudeMode>
                    <coordinates>-119.10695,40.870683,1191.0 -119.10694999999777,40.87068300000185,1191.000026929678 -119.1069499106112,40.87068307424304,1192.081839233607 -119.10694652121256,40.87068589557583,1232.9710833537517 -119.10694452097925,40.87068915705987,1275.058384291982 -119.10694432306579,40.87069397299728,1331.2684507722593 -119.10694522819654,40.87069890998761,1386.7362533352605 -119.10694677294306,40.87070390875964,1441.8747538528432 -119.10694773471788,40.870706420891125,1469.2907599669752 -119.10694987000788,40.87071140668205,1523.4452472832563 -119.10695331925092,40.870718397722094,1598.885220661556 -119.10695934762441,40.87072904733533,1713.8272637772604 -119.10696370167415,40.87073606422402,1789.8969923647992 -119.1069701007483,40.87074574045102,1895.481061082019 -119.10697919024165,40.8707585355852,2036.7157231555977 -119.10698492571086,40.870766167819355,2122.0115714357594 -119.10699339203492,40.870776924470995,2243.647495294418 -119.1070000736537,40.87078509991897,2337.0368445753984 -119.10701364524647,40.87080098314762,2520.8465952184683 -119.107019964116,40.87080807998219,2604.0006092579124 -119.10703030020966,40.87081968948925,2739.859041598082 -119.10704084502024,40.87083164500927,2879.0866115025106 -119.10705130850502,40.87084364397212,3018.0703108492553 -119.1070619143497,40.87085597221061,3160.0391476000054 -119.10706777230169,40.87086285875256,3238.9651029122706 -119.10707912158186,40.87087637972974,3393.1057448266056 -119.10708761686834,40.8708866684829,3509.6438096102925 -119.10710061004363,40.870902712854,3690.013881226917 -119.10710936556355,40.8709137557143,3813.16496694112 -119.10712211057717,40.87093020051047,3995.025316102224 -119.10713156151837,40.87094270728216,4132.080296309193 -119.10714095129208,40.870955421916996,4270.318033073194 -119.107150809612,40.870969110521145,4417.909490208878 -119.10716138398273,40.87098421801487,4579.3348191109535 -119.10717283849466,40.871001134689344,4758.295783840149 -119.10717978662808,40.871011709668366,4869.204513093406 -119.10719150360791,40.871030147209595,5060.817044743082 -119.1071986621004,40.871041833436145,5181.097677103049 -119.10720777161177,40.8710572353108,5338.220420618368 -119.10721616447212,40.871072026132346,5487.595651381821 -119.10722338430395,40.87108528138988,5620.202464819267 -119.10723362883442,40.87110508626375,5816.098683187586 -119.10723893977998,40.871115891553366,5921.843676821001 -119.10724567920984,40.87113022743494,6060.887048240711 -119.10725406314093,40.87114921901356,6242.8667145876325 -119.10725725190785,40.87115683911858,6315.163587981128 -119.1072628404777,40.871170816685684,6446.683673766356 -119.1072705050471,40.87119153911782,6639.03670586611 -119.10727363948733,40.871200642696486,6722.547802994184 -119.10727806857454,40.87121425668383,6846.338102423115 -119.1072838181684,40.871233539861684,7019.450005628882 -119.1072866613699,40.871243911695004,7111.50641476939 -119.10728933289049,40.871254287721634,7202.929338415073 -119.10729366423925,40.871272746461926,7363.9040286690315 -119.10729806955342,40.87129442638048,7550.469870401455 -119.10729913291547,40.87130028892339,7600.489393171912 -119.10730137894159,40.87131387928484,7715.743503223944 -119.10730431593414,40.87133546427352,7896.93629932593 -119.1073060197611,40.871351978541604,8034.091654570113 -119.10730683766054,40.87136227382576,8118.950904467395 -119.10730785570398,40.87138164887145,8277.369106678327 -119.1073081539143,40.87140517894834,8467.508949628902 -119.10730793347977,40.871416212495376,8555.811590148203 -119.10730738636045,40.871429218270244,8659.094017733281 -119.10730586538112,40.87144992926306,8821.842931888954 -119.10730341997747,40.8714718409965,8991.506047857138 -119.10730139771027,40.87148601825811,9099.813021565236 -119.10729855648306,40.87150287854807,9227.129774843406 -119.10729356365451,40.87152762574273,9410.974573198602 -119.107287251483,40.87155387714097,9602.051619174654 -119.10728338563239,40.871568215083705,9704.704747669024 -119.10727696398207,40.87159003202209,9858.634808066896 -119.1072718467002,40.871606176784006,9970.899550363056 -119.10727131795988,40.87162989841537,10156.171230154829 -119.10727941360376,40.87164325821512,10285.910743228755 -119.10730989632893,40.87166082065259,10518.720922849301 -119.10738568381443,40.87167347124328,10861.368463144072 -119.10741175293315,40.87167457832032,10955.529079330023 -119.10747926997013,40.87167388675,11173.822238805466 -119.1075868271864,40.871666757187505,11477.121233567128 -119.10763138636136,40.87166253922892,11593.177771162604 -119.1077364646902,40.87165104873419,11854.651461083524 -119.10791529654627,40.87162867212937,12276.329730139145 -119.1080257710131,40.87161386498884,12528.232437996769 -119.10823872512287,40.871584235814616,13003.237211725876 -119.10832662400762,40.87157177475023,13196.69196263517 -119.10843636538992,40.87155609943921,13436.748378841607 -119.1086574797415,40.87152452031033,13920.082781264931 -119.10877852083576,40.87150729557463,14185.335392419784 -119.10891917141633,40.87148736698231,14493.989154628069 -119.10916918799721,40.87145209697944,15043.643419571323 -119.10932551386306,40.87143014220004,15387.75873152979 -119.109499436795,40.871405841978266,15770.653165152982 -119.10978922090328,40.87136561596967,16408.418225708043 -119.10992816955174,40.87134646115955,16713.87953168094 -119.11008415702936,40.87132500297533,17056.62759030057 -119.11032871955446,40.87129153133195,17593.124974142658 -119.11058024023173,40.871257261846885,18143.702572588092 -119.11090568999789,40.8712130778189,18854.08066260467 -119.11099006148113,40.871201651557634,19037.82531977343 -119.11127362435111,40.87116332204811,19654.209196089552 -119.11162998028115,40.87111529210779,20425.979966454597 -119.11191122977607,40.871077487462294,21032.787570840257 -119.1121632969443,40.871043677708116,21574.92975526236 -119.11255484315845,40.87099129523091,22413.759015204476 -119.11280329946301,40.87095812105738,22943.96679516213 -119.11329275999903,40.87089290640846,23983.714694802024 -119.11346843896106,40.87086953676177,24355.37078948145 -119.11377699596636,40.87082856943141,25006.08804730766 -119.11429290206772,40.87076021855042,26088.373202342547 -119.11470107947636,40.87070631857292,26939.50573801888 -119.11505971363245,40.87065907087249,27683.706180099103 -119.11562074408172,40.87058540549984,28840.992156581717 -119.11602833441395,40.87053203994549,29676.554062059324 -119.11677650709325,40.87043442862564,31199.176628556866 -119.11719539515275,40.870379944487325,32045.397522864667 -119.11804217554881,40.870270160870746,33742.538452704466 -119.11911920868972,40.87013116619347,35875.35010726686 -119.12041309122071,40.86996507847741,38399.97240438467 -119.12197077035887,40.869766368396036,41385.902145100015 -119.12393570232224,40.869517576560874,45071.07895711577 -119.12674461901261,40.869165355403275,50185.59588731697 -119.13043537918259,40.868708352091595,56640.50506127525 -119.13713282145078,40.867894685506975,67622.6629412589 -119.14625352470001,40.8668158867836,81163.51674490006 -119.15557865433496,40.86574375747122,93451.31233974242 -119.15845042648067,40.86541927068189,96937.12416958506 -119.16762625612708,40.86439875524633,107182.54813050464 -119.17732524327432,40.86334454748545,116604.2415791593 -119.18715817165554,40.86229844607243,124760.5507608058 -119.19667132303996,40.861305507823964,131378.17088272565 -119.20671113862639,40.860275550180745,137058.69300729834 -119.21682849611587,40.859253958052065,141473.7982427804 -119.22700431762715,40.85824078786974,144623.4793356788 -119.23677482089893,40.85727958681777,146452.12040220274 -119.24700984452828,40.856282997181026,147125.95842651982 -119.25680204831161,40.855337687669234,146586.39767347084 -119.26702324481403,40.85435771540689,144784.3878943276 -119.27676730708451,40.85342827603402,141876.62808954233 -119.2869016602182,40.852464839708546,137598.7810434367 -119.29696341670902,40.85150978581886,132055.5151172059 -119.30693348079564,40.85056304833069,125246.83931487202 -119.31636660750043,40.84966518671778,117550.12468895955 -119.32610160862097,40.84873452945968,108265.68879527638 -119.33568595641253,40.84781224536359,97715.9493613573 -119.3450916791305,40.84689941849616,85901.77422989113 -119.35128479416974,40.84629272474344,77287.53283445242 -119.35375256222923,40.84604980520448,73649.76733146708 -119.35729108114276,40.84570063652893,68201.02297387221 -119.35876300866717,40.84555444803039,65875.9506795983 -119.36127040205051,40.84530390538984,61844.826766357 -119.36329553712714,40.845102011456675,58440.47561500259 -119.36450453263173,40.84498038336456,56400.08375740512 -119.36551127545506,40.84487889799177,54677.69195789088 -119.36711413644883,40.844717856876805,51846.304417362684 -119.36812571047493,40.844615173174496,50068.499972032834 -119.36874367010945,40.84455295157019,48941.81821413406 -119.3694821240248,40.844478231176915,47596.8722432233 -119.37031358799263,40.84439346403223,46093.42169255718 -119.37109413604605,40.844314558312476,44626.918456558815 -119.37168813341329,40.84425370286145,43538.936667509304 -119.37265006420606,40.84415598642613,41708.12484987323 -119.37326700021984,40.844092597212466,40555.459890794686 -119.37388089438004,40.84403021208444,39358.15809613208 -119.3747004229069,40.84394616831389,37780.64377719685 -119.3754067214312,40.84387353300014,36413.52555096519 -119.37578808670912,40.843834703131336,35646.232536159965 -119.37629812211843,40.84378201081587,34654.91393419362 -119.37676738245798,40.8437340048816,33707.766816289244 -119.3773138824272,40.843677764258324,32613.963286403028 -119.37758813880356,40.84364940211258,32069.059357639027 -119.37805221526231,40.84360171953426,31123.215539697987 -119.37833616153438,40.84357223293889,30559.827497465263 -119.37877992668804,40.84352659378467,29647.97258969663 -119.37918743230551,40.843484659926446,28807.609670445512 -119.3793862787187,40.843464008425805,28407.609472816268 -119.37974736586106,40.84342690533207,27654.869888925004 -119.38012978366685,40.843387511368164,26861.091334031116 -119.38046888793694,40.84335249574191,26159.112293409045 -119.38080099829531,40.84331823698567,25467.163424732935 -119.38111519420137,40.843285881579284,24805.908225681174 -119.38140386887922,40.84325616506309,24193.770464906407 -119.3816734253026,40.84322837017516,23622.95028874015 -119.3819169700323,40.843203178934196,23109.267984880138 -119.38218557878899,40.84317544634885,22537.661172257853 -119.38241259865123,40.84315205036323,22050.595096383546 -119.38266598924709,40.84312592690045,21506.487913232322 -119.38290904533964,40.84310087205218,20983.621480203863 -119.38312376385429,40.84307873596943,20521.20461692985 -119.38333636689491,40.84305683718496,20061.90515658735 -119.3835568398834,40.84303416144688,19583.400966442725 -119.38376285970334,40.84301299689042,19134.631719333775 -119.38390479121668,40.842998442494725,18823.876993415113 -119.38402110635991,40.84298651442865,18570.188180225196 -119.3842059775482,40.84296760960098,18164.691646671294 -119.38436385692151,40.8429515261991,17817.052255205042 -119.38451237836581,40.84293646273569,17489.19385653621 -119.3846736891918,40.84292018904298,17132.318464803473 -119.38483953199975,40.84290358641337,16764.082487942753 -119.3848950114215,40.84289806802674,16640.432553679697 -119.38501019002338,40.842886641584684,16383.436055947153 -119.38517232324492,40.84287069445223,16020.047971327422 -119.38533393859655,40.842854945751995,15655.768685160972 -119.3854875490912,40.842840111664216,15307.305242449682 -119.38556031908311,40.842833136159996,15141.34825225279 -119.385693086434,40.84282048652815,14837.027593085812 -119.38584420983901,40.842806226894865,14487.86817554616 -119.38598104802237,40.84279345226148,14168.786781124916 -119.38602782650501,40.84278912281175,14059.029836961505 -119.3861313633592,40.8427796287448,13814.672173181121 -119.38627402024748,40.84276676736501,13474.590631164065 -119.3863913725179,40.84275643506649,13191.522856102722 -119.38644469714613,40.84275182475542,13061.861205297324 -119.38653912742171,40.84274380275569,12830.577312541609 -119.38666213368529,40.84273366569208,12525.922222141055 -119.38674838458114,40.842726795612215,12309.897415678766 -119.38682674530742,40.84272073253322,12111.853762687113 -119.38693860042899,40.842712408969895,11826.076273678224 -119.38703764118654,40.84270538515198,11569.886416618585 -119.38708500077585,40.84270215305379,11446.265156577458 -119.38716351775862,40.84269699125121,11239.646044194864 -119.38725782905352,40.84269114418017,10988.540042664694 -119.38730220739556,40.842688538378404,10869.213165901467 -119.38736225534309,40.84268515628576,10706.470404018402 -119.3874603975973,40.84268002388791,10437.126380308167 -119.38753513785821,40.84267644819814,10228.962842825813 -119.38758603958712,40.84267418348153,10085.566679297144 -119.38767231332774,40.84267067212464,9839.267399202183 -119.3877467505853,40.84266798340433,9623.184898140655 -119.38778604130925,40.842666692999025,9507.692391842596 -119.38786906212924,40.84266426802731,9260.118416147481 -119.38793548798535,40.84266262337362,9058.294126482795 -119.38797993793082,40.842661660313944,8921.225999447888 -119.38804467837053,40.84266044953082,8718.45861901748 -119.38810324593643,40.84265952742796,8531.56209642508 -119.38812547972012,40.842659221283505,8459.703605915134 -119.38817358329153,40.842658643730715,8302.436777096991 -119.38823134677452,40.84265810629957,8110.175756294716 -119.38825637098016,40.84265792855162,8025.669577400611 -119.38828916009311,40.84265775863526,7913.815092137425 -119.38832716114433,40.8426576499396,7782.509010527703 -119.38838105184783,40.84265768776695,7593.143742173769 -119.3883964484474,40.842657744225804,7538.343104733043 -119.38843246999335,40.842657972746494,7408.821119664598 -119.38847774288355,40.842658467532026,7243.370952066406 -119.38851653050914,40.84265910788992,7099.077898981084 -119.38854166844436,40.84265964005083,7004.204383557987 -119.38858446857856,40.842660787308255,6840.040412042798 -119.38862708442402,40.84266226482113,6672.9647138829305 -119.38863719455672,40.84266266838285,6632.753757895494 -119.38866720696309,40.8426639893198,6512.011881258785 -119.38870733117156,40.84266606630718,6347.124103452437 -119.38873431167471,40.84266767593225,6233.822765986535 -119.38876955365573,40.84267005566602,6082.614749665938 -119.38881063794267,40.842673259959916,5901.265281746421 -119.38883621126608,40.842675510306165,5785.336490224346 -119.38886655143521,40.84267846204535,5644.457955774996 -119.38889984488019,40.842682090993605,5485.279051933255 -119.3889231231155,40.84268489676582,5370.8429301984615 -119.38895889937909,40.8426896910778,5189.336394344055 -119.38898005456718,40.8426928300306,5078.451191314144 -119.38901063252028,40.84269782098932,4912.908996039409 -119.38903999473692,40.8427031872499,4747.332614043291 -119.38905706600524,40.842706605561325,4647.680890819436 -119.38908193309537,40.842712039701105,4497.4459503310245 -119.389099700994,40.842716302334466,4385.935938030614 -119.38912234022867,40.842722265396375,4238.121088048964 -119.38914511681669,40.842728960932284,4082.0295658467608 -119.3891553822576,40.84273223794108,4008.943933166093 -119.3891720744821,40.84273795653825,3886.0123961492814 -119.38918839495406,40.84274406884205,3760.3250676262796 -119.38920228025829,40.84274972900763,3648.5056533278294 -119.38921999173765,40.842757654327244,3498.301279780641 -119.38923231071749,40.84276370248389,3388.018173768075 -119.389246220754,40.84277114777413,3256.7585592363703 -119.38925702590019,40.84277745153134,3149.0837878644825 -119.38926262458713,40.84278091553766,3091.1187126524546 -119.38927131282122,40.84278658659114,2997.9112792114606 -119.38928283159782,40.842794702992094,2867.7589576428913 -119.38928844626645,40.84279892432265,2801.425695616183 -119.38929652736635,40.84280532316728,2702.4630423155963 -119.38930523343885,40.842812656781014,2591.19498323062 -119.3893070006865,40.84281420184633,2568.024203796619 -119.38931153271334,40.84281826133103,2507.556856553202 -119.38931723941748,40.84282356429921,2429.42399966556 -119.38932458125103,40.842830721251175,2325.366587097805 -119.38932831139712,40.84283451017739,2270.856884800405 -119.38933582144675,40.84284246638529,2157.5019893957883 -119.38934363200065,40.84285123228184,2034.031757883342 -119.38934712748211,40.842855327731705,1976.724889515509 -119.38935380082893,40.84286345952042,1863.3987163067209 -119.38935918693102,40.84287034198087,1767.688902469755 -119.38936369527092,40.842876337294044,1684.2525025529942 -119.38937024045708,40.84288544999777,1556.880664956029 -119.38937343662165,40.84289008830687,1491.6027642624945 -119.3893769556551,40.842895356282284,1417.0138302457171 -119.38938159425159,40.84290257864798,1313.7996634232195 -119.38938390152713,40.84290629995082,1260.130227515521 -119.38938561926741,40.84290909341744,1219.6616199188509 -119.38938682349345,40.84291106485372,1191.00000000033</coordinates>
                </LineString>
            </Placemark>
        </Folder>
        <Folder id="3">
            <Style id="16">
                <IconStyle id="17">
                    <color>ff0000ff</color>
                    <colorMode>normal</colorMode>
                    <scale>0.2</scale>
                    <heading>0</heading>
                    <Icon id="18">
                        <href>https://maps.google.com/mapfiles/kml/shapes/placemark_circle.png</href>
                    </Icon>
                </IconStyle>
                <LabelStyle id="19">
                    <colorMode>normal</colorMode>
                    <scale>0.35</scale>
                </LabelStyle>
            </Style>
            <Style id="26">
                <IconStyle id="27">
                    <color>ff0000ff</color>
                    <colorMode>normal</colorMode>
                    <scale>0.2</scale>
                    <heading>0</heading>
                    <Icon id="28">
                        <href>https://maps.google.com/mapfiles/kml/shapes/placemark_circle.png</href>
                    </Icon>
                </IconStyle>
                <LabelStyle id="29">
                    <colorMode>normal</colorMode>
                    <scale>0.35</scale>
                </LabelStyle>
            </Style>
            <Style id="36">
                <IconStyle id="37">
                    <color>ff0000ff</color>
                    <colorMode>normal</colorMode>
                    <scale>0.2</scale>
                    <heading>0</heading>
                    <Icon id="38">
                        <href>https://maps.google.com/mapfiles/kml/shapes/placemark_circle.png</href>
                    </Icon>
                </IconStyle>
                <LabelStyle id="39">
                    <colorMode>normal</colorMode>
                    <scale>0.35</scale>
                </LabelStyle>
            </Style>
            <Style id="46">
                <IconStyle id="47">
                    <color>ff0000ff</color>
                    <colorMode>normal</colorMode>
                    <scale>0.2</scale>
                    <heading>0</heading>
                    <Icon id="48">
                        <href>https://maps.google.com/mapfiles/kml/shapes/placemark_circle.png</href>
                    </Icon>
                </IconStyle>
                <LabelStyle id="49">
                    <colorMode>normal</colorMode>
                    <scale>0.35</scale>
                </LabelStyle>
            </Style>
            <Style id="56">
                <IconStyle id="57">
                    <color>ff0000ff</color>
                    <colorMode>normal</colorMode>
                    <scale>0.2</scale>
                    <heading>0</heading>
                    <Icon id="58">
                        <href>https://maps.google.com/mapfiles/kml/shapes/placemark_circle.png</href>
                    </Icon>
                </IconStyle>
                <LabelStyle id="59">
                    <colorMode>normal</colorMode>
                    <scale>0.35</scale>
                </LabelStyle>
            </Style>
            <Style id="66">
                <IconStyle id="67">
                    <color>ff0000ff</color>
                    <colorMode>normal</colorMode>
                    <scale>0.2</scale>
                    <heading>0</heading>
                    <Icon id="68">
                        <href>https://maps.google.com/mapfiles/kml/shapes/placemark_circle.png</href>
                    </Icon>
                </IconStyle>
                <LabelStyle id="69">
                    <colorMode>normal</colorMode>
                    <scale>0.35</scale>
                </LabelStyle>
            </Style>
            <Style id="76">
                <IconStyle id="77">
                    <color>ff0000ff</color>
                    <colorMode>normal</colorMode>
                    <scale>0.2</scale>
                    <heading>0</heading>
                    <Icon id="78">
                        <href>https://maps.google.com/mapfiles/kml/shapes/placemark_circle.png</href>
                    </Icon>
                </IconStyle>
                <LabelStyle id="79">
                    <colorMode>normal</colorMode>
                    <scale>0.35</scale>
                </LabelStyle>
            </Style>
            <Style id="86">
                <IconStyle id="87">
                    <color>ff0000ff</color>
                    <colorMode>normal</colorMode>
                    <scale>0.2</scale>
                    <heading>0</heading>
                    <Icon id="88">
                        <href>https://maps.google.com/mapfiles/kml/shapes/placemark_circle.png</href>
                    </Icon>
                </IconStyle>
                <LabelStyle id="89">
                    <colorMode>normal</colorMode>
                    <scale>0.35</scale>
                </LabelStyle>
            </Style>
            <Style id="96">
                <IconStyle id="97">
                    <color>ff0000ff</color>
                    <colorMode>normal</colorMode>
                    <scale>0.2</scale>
                    <heading>0</heading>
                    <Icon id="98">
                        <href>https://maps.google.com/mapfiles/kml/shapes/placemark_circle.png</href>
                    </Icon>
                </IconStyle>
                <LabelStyle id="99">
                    <colorMode>normal</colorMode>
                    <scale>0.35</scale>
                </LabelStyle>
            </Style>
            <Style id="106">
                <IconStyle id="107">
                    <color>ff0000ff</color>
                    <colorMode>normal</colorMode>
                    <scale>0.2</scale>
                    <heading>0</heading>
                    <Icon id="108">
                        <href>https://maps.google.com/mapfiles/kml/shapes/placemark_circle.png</href>
                    </Icon>
                </IconStyle>
                <LabelStyle id="109">
                    <colorMode>normal</colorMode>
                    <scale>0.35</scale>
                </LabelStyle>
            </Style>
            <Style id="116">
                <IconStyle id="117">
                    <color>ff0000ff</color>
                    <colorMode>normal</colorMode>
                    <scale>0.2</scale>
                    <heading>0</heading>
                    <Icon id="118">
                        <href>https://maps.google.com/mapfiles/kml/shapes/placemark_circle.png</href>
                    </Icon>
                </IconStyle>
                <LabelStyle id="119">
                    <colorMode>normal</colorMode>
                    <scale>0.35</scale>
                </LabelStyle>
            </Style>
            <Style id="126">
                <IconStyle id="127">
                    <color>ff0000ff</color>
                    <colorMode>normal</colorMode>
                    <scale>0.2</scale>
                    <heading>0</heading>
                    <Icon id="128">
                        <href>https://maps.google.com/mapfiles/kml/shapes/placemark_circle.png</href>
                    </Icon>
                </IconStyle>
                <LabelStyle id="129">
                    <colorMode>normal</colorMode>
                    <scale>0.35</scale>
                </LabelStyle>
            </Style>
            <Style id="136">
                <IconStyle id="137">
                    <color>ff0000ff</color>
                    <colorMode>normal</colorMode>
                    <scale>0.2</scale>
                    <heading>0</heading>
                    <Icon id="138">
                        <href>https://maps.google.com/mapfiles/kml/shapes/placemark_circle.png</href>
                    </Icon>
                </IconStyle>
                <LabelStyle id="139">
                    <colorMode>normal</colorMode>
                    <scale>0.35</scale>
                </LabelStyle>
            </Style>
            <Style id="146">
                <IconStyle id="147">
                    <color>ff0000ff</color>
                    <colorMode>normal</colorMode>
                    <scale>0.2</scale>
                    <heading>0</heading>
                    <Icon id="148">
                        <href>https://maps.google.com/mapfiles/kml/shapes/placemark_circle.png</href>
                    </Icon>
                </IconStyle>
                <LabelStyle id="149">
                    <colorMode>normal</colorMode>
                    <scale>0.35</scale>
                </LabelStyle>
            </Style>
            <Style id="156">
                <IconStyle id="157">
                    <color>ff0000ff</color>
                    <colorMode>normal</colorMode>
                    <scale>0.2</scale>
                    <heading>0</heading>
                    <Icon id="158">
                        <href>https://maps.google.com/mapfiles/kml/shapes/placemark_circle.png</href>
                    </Icon>
                </IconStyle>
                <LabelStyle id="159">
                    <colorMode>normal</colorMode>
                    <scale>0.35</scale>
                </LabelStyle>
            </Style>
            <Style id="166">
                <IconStyle id="167">
                    <color>ff0000ff</color>
                    <colorMode>normal</colorMode>
                    <scale>0.2</scale>
                    <heading>0</heading>
                    <Icon id="168">
                        <href>https://maps.google.com/mapfiles/kml/shapes/placemark_circle.png</href>
                    </Icon>
                </IconStyle>
                <LabelStyle id="169">
                    <colorMode>normal</colorMode>
                    <scale>0.35</scale>
                </LabelStyle>
            </Style>
            <Style id="176">
                <IconStyle id="177">
                    <color>ff0000ff</color>
                    <colorMode>normal</colorMode>
                    <scale>0.2</scale>
                    <heading>0</heading>
                    <Icon id="178">
                        <href>https://maps.google.com/mapfiles/kml/shapes/placemark_circle.png</href>
                    </Icon>
                </IconStyle>
                <LabelStyle id="179">
                    <colorMode>normal</colorMode>
                    <scale>0.35</scale>
                </LabelStyle>
            </Style>
            <Style id="186">
                <IconStyle id="187">
                    <color>ff0000ff</color>
                    <colorMode>normal</colorMode>
                    <scale>0.2</scale>
                    <heading>0</heading>
                    <Icon id="188">
                        <href>https://maps.google.com/mapfiles/kml/shapes/placemark_circle.png</href>
                    </Icon>
                </IconStyle>
                <LabelStyle id="189">
                    <colorMode>normal</colorMode>
                    <scale>0.35</scale>
                </LabelStyle>
            </Style>
            <Style id="196">
                <IconStyle id="197">
                    <color>ff0000ff</color>
                    <colorMode>normal</colorMode>
                    <scale>0.2</scale>
                    <heading>0</heading>
                    <Icon id="198">
                        <href>https://maps.google.com/mapfiles/kml/shapes/placemark_circle.png</href>
                    </Icon>
                </IconStyle>
                <LabelStyle id="199">
                    <colorMode>normal</colorMode>
                    <scale>0.35</scale>
                </LabelStyle>
            </Style>
            <Style id="206">
                <IconStyle id="207">
                    <color>ff0000ff</color>
                    <colorMode>normal</colorMode>
                    <scale>0.2</scale>
                    <heading>0</heading>
                    <Icon id="208">
                        <href>https://maps.google.com/mapfiles/kml/shapes/placemark_circle.png</href>
                    </Icon>
                </IconStyle>
                <LabelStyle id="209">
                    <colorMode>normal</colorMode>
                    <scale>0.35</scale>
                </LabelStyle>
            </Style>
            <Style id="216">
                <IconStyle id="217">
                    <color>ff0000ff</color>
                    <colorMode>normal</colorMode>
                    <scale>0.2</scale>
                    <heading>0</heading>
                    <Icon id="218">
                        <href>https://maps.google.com/mapfiles/kml/shapes/placemark_circle.png</href>
                    </Icon>
                </IconStyle>
                <LabelStyle id="219">
                    <colorMode>normal</colorMode>
                    <scale>0.35</scale>
                </LabelStyle>
            </Style>
            <Style id="226">
                <IconStyle id="227">
                    <color>ff0000ff</color>
                    <colorMode>normal</colorMode>
                    <scale>0.2</scale>
                    <heading>0</heading>
                    <Icon id="228">
                        <href>https://maps.google.com/mapfiles/kml/shapes/placemark_circle.png</href>
                    </Icon>
                </IconStyle>
                <LabelStyle id="229">
                    <colorMode>normal</colorMode>
                    <scale>0.35</scale>
                </LabelStyle>
            </Style>
            <Style id="236">
                <IconStyle id="237">
                    <color>ff0000ff</color>
                    <colorMode>normal</colorMode>
                    <scale>0.2</scale>
                    <heading>0</heading>
                    <Icon id="238">
                        <href>https://maps.google.com/mapfiles/kml/shapes/placemark_circle.png</href>
                    </Icon>
                </IconStyle>
                <LabelStyle id="239">
                    <colorMode>normal</colorMode>
                    <scale>0.35</scale>
                </LabelStyle>
            </Style>
            <Style id="246">
                <IconStyle id="247">
                    <color>ff0000ff</color>
                    <colorMode>normal</colorMode>
                    <scale>0.2</scale>
                    <heading>0</heading>
                    <Icon id="248">
                        <href>https://maps.google.com/mapfiles/kml/shapes/placemark_circle.png</href>
                    </Icon>
                </IconStyle>
                <LabelStyle id="249">
                    <colorMode>normal</colorMode>
                    <scale>0.35</scale>
                </LabelStyle>
            </Style>
            <Style id="256">
                <IconStyle id="257">
                    <color>ff0000ff</color>
                    <colorMode>normal</colorMode>
                    <scale>0.2</scale>
                    <heading>0</heading>
                    <Icon id="258">
                        <href>https://maps.google.com/mapfiles/kml/shapes/placemark_circle.png</href>
                    </Icon>
                </IconStyle>
                <LabelStyle id="259">
                    <colorMode>normal</colorMode>
                    <scale>0.35</scale>
                </LabelStyle>
            </Style>
            <Style id="266">
                <IconStyle id="267">
                    <color>ff0000ff</color>
                    <colorMode>normal</colorMode>
                    <scale>0.2</scale>
                    <heading>0</heading>
                    <Icon id="268">
                        <href>https://maps.google.com/mapfiles/kml/shapes/placemark_circle.png</href>
                    </Icon>
                </IconStyle>
                <LabelStyle id="269">
                    <colorMode>normal</colorMode>
                    <scale>0.35</scale>
                </LabelStyle>
            </Style>
            <Style id="276">
                <IconStyle id="277">
                    <color>ff0000ff</color>
                    <colorMode>normal</colorMode>
                    <scale>0.2</scale>
                    <heading>0</heading>
                    <Icon id="278">
                        <href>https://maps.google.com/mapfiles/kml/shapes/placemark_circle.png</href>
                    </Icon>
                </IconStyle>
                <LabelStyle id="279">
                    <colorMode>normal</colorMode>
                    <scale>0.35</scale>
                </LabelStyle>
            </Style>
            <Style id="286">
                <IconStyle id="287">
                    <color>ff0000ff</color>
                    <colorMode>normal</colorMode>
                    <scale>0.2</scale>
                    <heading>0</heading>
                    <Icon id="288">
                        <href>https://maps.google.com/mapfiles/kml/shapes/placemark_circle.png</href>
                    </Icon>
                </IconStyle>
                <LabelStyle id="289">
                    <colorMode>normal</colorMode>
                    <scale>0.35</scale>
                </LabelStyle>
            </Style>
            <Style id="296">
                <IconStyle id="297">
                    <color>ff0000ff</color>
                    <colorMode>normal</colorMode>
                    <scale>0.2</scale>
                    <heading>0</heading>
                    <Icon id="298">
                        <href>https://maps.google.com/mapfiles/kml/shapes/placemark_circle.png</href>
                    </Icon>
                </IconStyle>
                <LabelStyle id="299">
                    <colorMode>normal</colorMode>
                    <scale>0.35</scale>
                </LabelStyle>
            </Style>
            <Style id="306">
                <IconStyle id="307">
                    <color>ff0000ff</color>
                    <colorMode>normal</colorMode>
                    <scale>0.2</scale>
                    <heading>0</heading>
                    <Icon id="308">
                        <href>https://maps.google.com/mapfiles/kml/shapes/placemark_circle.png</href>
                    </Icon>
                </IconStyle>
                <LabelStyle id="309">
                    <colorMode>normal</colorMode>
                    <scale>0.35</scale>
                </LabelStyle>
            </Style>
            <Style id="316">
                <IconStyle id="317">
                    <color>ff0000ff</color>
                    <colorMode>normal</colorMode>
                    <scale>0.2</scale>
                    <heading>0</heading>
                    <Icon id="318">
                        <href>https://maps.google.com/mapfiles/kml/shapes/placemark_circle.png</href>
                    </Icon>
                </IconStyle>
                <LabelStyle id="319">
                    <colorMode>normal</colorMode>
                    <scale>0.35</scale>
                </LabelStyle>
            </Style>
            <Style id="326">
                <IconStyle id="327">
                    <color>ff0000ff</color>
                    <colorMode>normal</colorMode>
                    <scale>0.2</scale>
                    <heading>0</heading>
                    <Icon id="328">
                        <href>https://maps.google.com/mapfiles/kml/shapes/placemark_circle.png</href>
                    </Icon>
                </IconStyle>
                <LabelStyle id="329">
                    <colorMode>normal</colorMode>
                    <scale>0.35</scale>
                </LabelStyle>
            </Style>
            <Style id="336">
                <IconStyle id="337">
                    <color>ff0000ff</color>
                    <colorMode>normal</colorMode>
                    <scale>0.2</scale>
                    <heading>0</heading>
                    <Icon id="338">
                        <href>https://maps.google.com/mapfiles/kml/shapes/placemark_circle.png</href>
                    </Icon>
                </IconStyle>
                <LabelStyle id="339">
                    <colorMode>normal</colorMode>
                    <scale>0.35</scale>
                </LabelStyle>
            </Style>
            <Style id="346">
                <IconStyle id="347">
                    <color>ff0000ff</color>
                    <colorMode>normal</colorMode>
                    <scale>0.2</scale>
                    <heading>0</heading>
                    <Icon id="348">
                        <href>https://maps.google.com/mapfiles/kml/shapes/placemark_circle.png</href>
                    </Icon>
                </IconStyle>
                <LabelStyle id="349">
                    <colorMode>normal</colorMode>
                    <scale>0.35</scale>
                </LabelStyle>
            </Style>
            <Style id="356">
                <IconStyle id="357">
                    <color>ff0000ff</color>
                    <colorMode>normal</colorMode>
                    <scale>0.2</scale>
                    <heading>0</heading>
                    <Icon id="358">
                        <href>https://maps.google.com/mapfiles/kml/shapes/placemark_circle.png</href>
                    </Icon>
                </IconStyle>
                <LabelStyle id="359">
                    <colorMode>normal</colorMode>
                    <scale>0.35</scale>
                </LabelStyle>
            </Style>
            <Style id="366">
                <IconStyle id="367">
                    <color>ff0000ff</color>
                    <colorMode>normal</colorMode>
                    <scale>0.2</scale>
                    <heading>0</heading>
                    <Icon id="368">
                        <href>https://maps.google.com/mapfiles/kml/shapes/placemark_circle.png</href>
                    </Icon>
                </IconStyle>
                <LabelStyle id="369">
                    <colorMode>normal</colorMode>
                    <scale>0.35</scale>
                </LabelStyle>
            </Style>
            <Style id="376">
                <IconStyle id="377">
                    <color>ff0000ff</color>
                    <colorMode>normal</colorMode>
                    <scale>0.2</scale>
                    <heading>0</heading>
                    <Icon id="378">
                        <href>https://maps.google.com/mapfiles/kml/shapes/placemark_circle.png</href>
                    </Icon>
                </IconStyle>
                <LabelStyle id="379">
                    <colorMode>normal</colorMode>
                    <scale>0.35</scale>
                </LabelStyle>
            </Style>
            <Style id="386">
                <IconStyle id="387">
                    <color>ff0000ff</color>
                    <colorMode>normal</colorMode>
                    <scale>0.2</scale>
                    <heading>0</heading>
                    <Icon id="388">
                        <href>https://maps.google.com/mapfiles/kml/shapes/placemark_circle.png</href>
                    </Icon>
                </IconStyle>
                <LabelStyle id="389">
                    <colorMode>normal</colorMode>
                    <scale>0.35</scale>
                </LabelStyle>
            </Style>
            <Style id="396">
                <IconStyle id="397">
                    <color>ff0000ff</color>
                    <colorMode>normal</colorMode>
                    <scale>0.2</scale>
                    <heading>0</heading>
                    <Icon id="398">
                        <href>https://maps.google.com/mapfiles/kml/shapes/placemark_circle.png</href>
                    </Icon>
                </IconStyle>
                <LabelStyle id="399">
                    <colorMode>normal</colorMode>
                    <scale>0.35</scale>
                </LabelStyle>
            </Style>
            <Style id="406">
                <IconStyle id="407">
                    <color>ff0000ff</color>
                    <colorMode>normal</colorMode>
                    <scale>0.2</scale>
                    <heading>0</heading>
                    <Icon id="408">
                        <href>https://maps.google.com/mapfiles/kml/shapes/placemark_circle.png</href>
                    </Icon>
                </IconStyle>
                <LabelStyle id="409">
                    <colorMode>normal</colorMode>
                    <scale>0.35</scale>
                </LabelStyle>
            </Style>
            <Style id="416">
                <IconStyle id="417">
                    <color>ff0000ff</color>
                    <colorMode>normal</colorMode>
                    <scale>0.2</scale>
                    <heading>0</heading>
                    <Icon id="418">
                        <href>https://maps.google.com/mapfiles/kml/shapes/placemark_circle.png</href>
                    </Icon>
                </IconStyle>
                <LabelStyle id="419">
                    <colorMode>normal</colorMode>
                    <scale>0.35</scale>
                </LabelStyle>
            </Style>
            <Style id="426">
                <IconStyle id="427">
                    <color>ff0000ff</color>
                    <colorMode>normal</colorMode>
                    <scale>0.2</scale>
                    <heading>0</heading>
                    <Icon id="428">
                        <href>https://maps.google.com/mapfiles/kml/shapes/placemark_circle.png</href>
                    </Icon>
                </IconStyle>
                <LabelStyle id="429">
                    <colorMode>normal</colorMode>
                    <scale>0.35</scale>
                </LabelStyle>
            </Style>
            <Style id="436">
                <IconStyle id="437">
                    <color>ff0000ff</color>
                    <colorMode>normal</colorMode>
                    <scale>0.2</scale>
                    <heading>0</heading>
                    <Icon id="438">
                        <href>https://maps.google.com/mapfiles/kml/shapes/placemark_circle.png</href>
                    </Icon>
                </IconStyle>
                <LabelStyle id="439">
                    <colorMode>normal</colorMode>
                    <scale>0.35</scale>
                </LabelStyle>
            </Style>
            <Style id="446">
                <IconStyle id="447">
                    <color>ff0000ff</color>
                    <colorMode>normal</colorMode>
                    <scale>0.2</scale>
                    <heading>0</heading>
                    <Icon id="448">
                        <href>https://maps.google.com/mapfiles/kml/shapes/placemark_circle.png</href>
                    </Icon>
                </IconStyle>
                <LabelStyle id="449">
                    <colorMode>normal</colorMode>
                    <scale>0.35</scale>
                </LabelStyle>
            </Style>
            <Style id="456">
                <IconStyle id="457">
                    <color>ff0000ff</color>
                    <colorMode>normal</colorMode>
                    <scale>0.2</scale>
                    <heading>0</heading>
                    <Icon id="458">
                        <href>https://maps.google.com/mapfiles/kml/shapes/placemark_circle.png</href>
                    </Icon>
                </IconStyle>
                <LabelStyle id="459">
                    <colorMode>normal</colorMode>
                    <scale>0.35</scale>
                </LabelStyle>
            </Style>
            <Style id="466">
                <IconStyle id="467">
                    <color>ff0000ff</color>
                    <colorMode>normal</colorMode>
                    <scale>0.2</scale>
                    <heading>0</heading>
                    <Icon id="468">
                        <href>https://maps.google.com/mapfiles/kml/shapes/placemark_circle.png</href>
                    </Icon>
                </IconStyle>
                <LabelStyle id="469">
                    <colorMode>normal</colorMode>
                    <scale>0.35</scale>
                </LabelStyle>
            </Style>
            <Style id="476">
                <IconStyle id="477">
                    <color>ff0000ff</color>
                    <colorMode>normal</colorMode>
                    <scale>0.2</scale>
                    <heading>0</heading>
                    <Icon id="478">
                        <href>https://maps.google.com/mapfiles/kml/shapes/placemark_circle.png</href>
                    </Icon>
                </IconStyle>
                <LabelStyle id="479">
                    <colorMode>normal</colorMode>
                    <scale>0.35</scale>
                </LabelStyle>
            </Style>
            <Style id="486">
                <IconStyle id="487">
                    <color>ff0000ff</color>
                    <colorMode>normal</colorMode>
                    <scale>0.2</scale>
                    <heading>0</heading>
                    <Icon id="488">
                        <href>https://maps.google.com/mapfiles/kml/shapes/placemark_circle.png</href>
                    </Icon>
                </IconStyle>
                <LabelStyle id="489">
                    <colorMode>normal</colorMode>
                    <scale>0.35</scale>
                </LabelStyle>
            </Style>
            <Style id="496">
                <IconStyle id="497">
                    <color>ff0000ff</color>
                    <colorMode>normal</colorMode>
                    <scale>0.2</scale>
                    <heading>0</heading>
                    <Icon id="498">
                        <href>https://maps.google.com/mapfiles/kml/shapes/placemark_circle.png</href>
                    </Icon>
                </IconStyle>
                <LabelStyle id="499">
                    <colorMode>normal</colorMode>
                    <scale>0.35</scale>
                </LabelStyle>
            </Style>
            <Style id="506">
                <IconStyle id="507">
                    <color>ff0000ff</color>
                    <colorMode>normal</colorMode>
                    <scale>0.2</scale>
                    <heading>0</heading>
                    <Icon id="508">
                        <href>https://maps.google.com/mapfiles/kml/shapes/placemark_circle.png</href>
                    </Icon>
                </IconStyle>
                <LabelStyle id="509">
                    <colorMode>normal</colorMode>
                    <scale>0.35</scale>
                </LabelStyle>
            </Style>
            <name>Landing Points</name>
            <Placemark id="15">
                <name>Landing — Run 1</name>
                <description>Impact time: 366.36 s
East offset: -27993.9 m
North offset: -4913.2 m</description>
                <styleUrl>#16</styleUrl>
                <Point id="14">
                    <coordinates>-119.439503606014,40.82654697086721,1191.0</coordinates>
                    <altitudeMode>clampToGround</altitudeMode>
                </Point>
            </Placemark>
            <Placemark id="25">
                <name>Landing — Run 2</name>
                <description>Impact time: 366.47 s
East offset: -26141.3 m
North offset: -9233.2 m</description>
                <styleUrl>#26</styleUrl>
                <Point id="24">
                    <coordinates>-119.4174963927992,40.78773965246379,1191.0</coordinates>
                    <altitudeMode>clampToGround</altitudeMode>
                </Point>
            </Placemark>
            <Placemark id="35">
                <name>Landing — Run 3</name>
                <description>Impact time: 366.17 s
East offset: -30955.4 m
North offset: -10527.6 m</description>
                <styleUrl>#36</styleUrl>
                <Point id="34">
                    <coordinates>-119.47468536328613,40.77611168402901,1191.0</coordinates>
                    <altitudeMode>clampToGround</altitudeMode>
                </Point>
            </Placemark>
            <Placemark id="45">
                <name>Landing — Run 4</name>
                <description>Impact time: 366.42 s
East offset: -27922.9 m
North offset: -1861.6 m</description>
                <styleUrl>#46</styleUrl>
                <Point id="44">
                    <coordinates>-119.43866056396959,40.8539599437411,1191.0</coordinates>
                    <altitudeMode>clampToGround</altitudeMode>
                </Point>
            </Placemark>
            <Placemark id="55">
                <name>Landing — Run 5</name>
                <description>Impact time: 365.00 s
East offset: -46284.4 m
North offset: -5372.0 m</description>
                <styleUrl>#56</styleUrl>
                <Point id="54">
                    <coordinates>-119.65678664081871,40.82242588644491,1191.0</coordinates>
                    <altitudeMode>clampToGround</altitudeMode>
                </Point>
            </Placemark>
            <Placemark id="65">
                <name>Landing — Run 6</name>
                <description>Impact time: 366.44 s
East offset: -26127.1 m
North offset: -8354.4 m</description>
                <styleUrl>#66</styleUrl>
                <Point id="64">
                    <coordinates>-119.41732718051911,40.795634225640136,1191.0</coordinates>
                    <altitudeMode>clampToGround</altitudeMode>
                </Point>
            </Placemark>
            <Placemark id="75">
                <name>Landing — Run 7</name>
                <description>Impact time: 365.59 s
East offset: -30722.5 m
North offset: 27187.7 m</description>
                <styleUrl>#76</styleUrl>
                <Point id="74">
                    <coordinates>-119.47191794246824,41.11491443473145,1191.0</coordinates>
                    <altitudeMode>clampToGround</altitudeMode>
                </Point>
            </Placemark>
            <Placemark id="85">
                <name>Landing — Run 8</name>
                <description>Impact time: 366.63 s
East offset: -23125.9 m
North offset: -6599.2 m</description>
                <styleUrl>#86</styleUrl>
                <Point id="84">
                    <coordinates>-119.38167488017045,40.81140156253978,1191.0</coordinates>
                    <altitudeMode>clampToGround</altitudeMode>
                </Point>
            </Placemark>
            <Placemark id="95">
                <name>Landing — Run 9</name>
                <description>Impact time: 367.22 s
East offset: -1466.4 m
North offset: -10075.8 m</description>
                <styleUrl>#96</styleUrl>
                <Point id="94">
                    <coordinates>-119.12437027730739,40.78017035666045,1191.0</coordinates>
                    <altitudeMode>clampToGround</altitudeMode>
                </Point>
            </Placemark>
            <Placemark id="105">
                <name>Landing — Run 10</name>
                <description>Impact time: 367.04 s
East offset: 7543.3 m
North offset: -16661.3 m</description>
                <styleUrl>#106</styleUrl>
                <Point id="104">
                    <coordinates>-119.01733898446055,40.72101232497457,1191.0</coordinates>
                    <altitudeMode>clampToGround</altitudeMode>
                </Point>
            </Placemark>
            <Placemark id="115">
                <name>Landing — Run 11</name>
                <description>Impact time: 365.39 s
East offset: -42493.2 m
North offset: -3191.9 m</description>
                <styleUrl>#116</styleUrl>
                <Point id="114">
                    <coordinates>-119.61174901627739,40.84200941618054,1191.0</coordinates>
                    <altitudeMode>clampToGround</altitudeMode>
                </Point>
            </Placemark>
            <Placemark id="125">
                <name>Landing — Run 12</name>
                <description>Impact time: 366.68 s
East offset: -3981.4 m
North offset: -25235.2 m</description>
                <styleUrl>#126</styleUrl>
                <Point id="124">
                    <coordinates>-119.15424661059603,40.643991409791674,1191.0</coordinates>
                    <altitudeMode>clampToGround</altitudeMode>
                </Point>
            </Placemark>
            <Placemark id="135">
                <name>Landing — Run 13</name>
                <description>Impact time: 366.63 s
East offset: -19745.0 m
North offset: 14543.6 m</description>
                <styleUrl>#136</styleUrl>
                <Point id="134">
                    <coordinates>-119.34151086632926,41.00133015602284,1191.0</coordinates>
                    <altitudeMode>clampToGround</altitudeMode>
                </Point>
            </Placemark>
            <Placemark id="145">
                <name>Landing — Run 14</name>
                <description>Impact time: 366.67 s
East offset: -23791.3 m
North offset: -3153.0 m</description>
                <styleUrl>#146</styleUrl>
                <Point id="144">
                    <coordinates>-119.3895790383512,40.84235876595677,1191.0</coordinates>
                    <altitudeMode>clampToGround</altitudeMode>
                </Point>
            </Placemark>
            <Placemark id="155">
                <name>Landing — Run 15</name>
                <description>Impact time: 365.62 s
East offset: -40003.1 m
North offset: 1944.2 m</description>
                <styleUrl>#156</styleUrl>
                <Point id="154">
                    <coordinates>-119.58216797392777,40.88814842503249,1191.0</coordinates>
                    <altitudeMode>clampToGround</altitudeMode>
                </Point>
            </Placemark>
            <Placemark id="165">
                <name>Landing — Run 16</name>
                <description>Impact time: 366.86 s
East offset: -17264.3 m
North offset: -7571.7 m</description>
                <styleUrl>#166</styleUrl>
                <Point id="164">
                    <coordinates>-119.31204139552369,40.8026652697293,1191.0</coordinates>
                    <altitudeMode>clampToGround</altitudeMode>
                </Point>
            </Placemark>
            <Placemark id="175">
                <name>Landing — Run 17</name>
                <description>Impact time: 365.96 s
East offset: -34497.7 m
North offset: -6468.6 m</description>
                <styleUrl>#176</styleUrl>
                <Point id="174">
                    <coordinates>-119.51676552391838,40.81257475982204,1191.0</coordinates>
                    <altitudeMode>clampToGround</altitudeMode>
                </Point>
            </Placemark>
            <Placemark id="185">
                <name>Landing — Run 18</name>
                <description>Impact time: 364.87 s
East offset: -48457.6 m
North offset: -8258.5 m</description>
                <styleUrl>#186</styleUrl>
                <Point id="184">
                    <coordinates>-119.68260315452015,40.79649568007749,1191.0</coordinates>
                    <altitudeMode>clampToGround</altitudeMode>
                </Point>
            </Placemark>
            <Placemark id="195">
                <name>Landing — Run 19</name>
                <description>Impact time: 366.20 s
East offset: -30575.0 m
North offset: -9706.4 m</description>
                <styleUrl>#196</styleUrl>
                <Point id="194">
                    <coordinates>-119.47016651365783,40.783489225807934,1191.0</coordinates>
                    <altitudeMode>clampToGround</altitudeMode>
                </Point>
            </Placemark>
            <Placemark id="205">
                <name>Landing — Run 20</name>
                <description>Impact time: 366.57 s
East offset: -19637.6 m
North offset: -17758.3 m</description>
                <styleUrl>#206</styleUrl>
                <Point id="204">
                    <coordinates>-119.3402351264032,40.71115777651867,1191.0</coordinates>
                    <altitudeMode>clampToGround</altitudeMode>
                </Point>
            </Placemark>
            <Placemark id="215">
                <name>Landing — Run 21</name>
                <description>Impact time: 366.80 s
East offset: -8598.1 m
North offset: 20831.0 m</description>
                <styleUrl>#216</styleUrl>
                <Point id="214">
                    <coordinates>-119.20909125689664,41.05781148487104,1191.0</coordinates>
                    <altitudeMode>clampToGround</altitudeMode>
                </Point>
            </Placemark>
            <Placemark id="225">
                <name>Landing — Run 22</name>
                <description>Impact time: 366.64 s
East offset: -21501.3 m
North offset: -11114.3 m</description>
                <styleUrl>#226</styleUrl>
                <Point id="224">
                    <coordinates>-119.36237452871333,40.77084162807955,1191.0</coordinates>
                    <altitudeMode>clampToGround</altitudeMode>
                </Point>
            </Placemark>
            <Placemark id="235">
                <name>Landing — Run 23</name>
                <description>Impact time: 365.80 s
East offset: -36293.8 m
North offset: 4471.6 m</description>
                <styleUrl>#236</styleUrl>
                <Point id="234">
                    <coordinates>-119.53810332396978,40.910852382346135,1191.0</coordinates>
                    <altitudeMode>clampToGround</altitudeMode>
                </Point>
            </Placemark>
            <Placemark id="245">
                <name>Landing — Run 24</name>
                <description>Impact time: 366.55 s
East offset: -14489.3 m
North offset: -23016.1 m</description>
                <styleUrl>#246</styleUrl>
                <Point id="244">
                    <coordinates>-119.27907631608721,40.663925472358414,1191.0</coordinates>
                    <altitudeMode>clampToGround</altitudeMode>
                </Point>
            </Placemark>
            <Placemark id="255">
                <name>Landing — Run 25</name>
                <description>Impact time: 366.71 s
East offset: -23274.4 m
North offset: 4418.6 m</description>
                <styleUrl>#256</styleUrl>
                <Point id="254">
                    <coordinates>-119.38343880912839,40.9103755915891,1191.0</coordinates>
                    <altitudeMode>clampToGround</altitudeMode>
                </Point>
            </Placemark>
            <Placemark id="265">
                <name>Landing — Run 26</name>
                <description>Impact time: 366.24 s
East offset: -29127.4 m
North offset: 9384.1 m</description>
                <styleUrl>#266</styleUrl>
                <Point id="264">
                    <coordinates>-119.45296931370461,40.954981518108944,1191.0</coordinates>
                    <altitudeMode>clampToGround</altitudeMode>
                </Point>
            </Placemark>
            <Placemark id="275">
                <name>Landing — Run 27</name>
                <description>Impact time: 362.20 s
East offset: -72316.2 m
North offset: -6675.8 m</description>
                <styleUrl>#276</styleUrl>
                <Point id="274">
                    <coordinates>-119.96603194995623,40.810713565477876,1191.0</coordinates>
                    <altitudeMode>clampToGround</altitudeMode>
                </Point>
            </Placemark>
            <Placemark id="285">
                <name>Landing — Run 28</name>
                <description>Impact time: 366.95 s
East offset: -15207.5 m
North offset: -5189.1 m</description>
                <styleUrl>#286</styleUrl>
                <Point id="284">
                    <coordinates>-119.2876074746105,40.82406807293157,1191.0</coordinates>
                    <altitudeMode>clampToGround</altitudeMode>
                </Point>
            </Placemark>
            <Placemark id="295">
                <name>Landing — Run 29</name>
                <description>Impact time: 366.40 s
East offset: -28335.5 m
North offset: -8147.2 m</description>
                <styleUrl>#296</styleUrl>
                <Point id="294">
                    <coordinates>-119.44356223641296,40.797495798690726,1191.0</coordinates>
                    <altitudeMode>clampToGround</altitudeMode>
                </Point>
            </Placemark>
            <Placemark id="305">
                <name>Landing — Run 30</name>
                <description>Impact time: 366.61 s
East offset: -9827.6 m
North offset: -24476.1 m</description>
                <styleUrl>#306</styleUrl>
                <Point id="304">
                    <coordinates>-119.22369746539725,40.650810308646456,1191.0</coordinates>
                    <altitudeMode>clampToGround</altitudeMode>
                </Point>
            </Placemark>
            <Placemark id="315">
                <name>Landing — Run 31</name>
                <description>Impact time: 366.31 s
East offset: -29382.9 m
North offset: -8671.7 m</description>
                <styleUrl>#316</styleUrl>
                <Point id="314">
                    <coordinates>-119.45600442589844,40.79278400675252,1191.0</coordinates>
                    <altitudeMode>clampToGround</altitudeMode>
                </Point>
            </Placemark>
            <Placemark id="325">
                <name>Landing — Run 32</name>
                <description>Impact time: 365.86 s
East offset: -32526.6 m
North offset: -16233.2 m</description>
                <styleUrl>#326</styleUrl>
                <Point id="324">
                    <coordinates>-119.49335080686757,40.72485759518751,1191.0</coordinates>
                    <altitudeMode>clampToGround</altitudeMode>
                </Point>
            </Placemark>
            <Placemark id="335">
                <name>Landing — Run 33</name>
                <description>Impact time: 365.52 s
East offset: -41196.2 m
North offset: -9023.3 m</description>
                <styleUrl>#336</styleUrl>
                <Point id="334">
                    <coordinates>-119.59634116683512,40.78962572921088,1191.0</coordinates>
                    <altitudeMode>clampToGround</altitudeMode>
                </Point>
            </Placemark>
            <Placemark id="345">
                <name>Landing — Run 34</name>
                <description>Impact time: 366.22 s
East offset: -29190.3 m
North offset: -12040.7 m</description>
                <styleUrl>#346</styleUrl>
                <Point id="344">
                    <coordinates>-119.4537169040714,40.76251994732671,1191.0</coordinates>
                    <altitudeMode>clampToGround</altitudeMode>
                </Point>
            </Placemark>
            <Placemark id="355">
                <name>Landing — Run 35</name>
                <description>Impact time: 366.14 s
East offset: 26357.1 m
North offset: -27524.8 m</description>
                <styleUrl>#356</styleUrl>
                <Point id="354">
                    <coordinates>-118.79384025826496,40.623423757327004,1191.0</coordinates>
                    <altitudeMode>clampToGround</altitudeMode>
                </Point>
            </Placemark>
            <Placemark id="365">
                <name>Landing — Run 36</name>
                <description>Impact time: 365.80 s
East offset: -36941.4 m
North offset: 2262.9 m</description>
                <styleUrl>#366</styleUrl>
                <Point id="364">
                    <coordinates>-119.54579603588877,40.891010895978525,1191.0</coordinates>
                    <altitudeMode>clampToGround</altitudeMode>
                </Point>
            </Placemark>
            <Placemark id="375">
                <name>Landing — Run 37</name>
                <description>Impact time: 366.32 s
East offset: -28754.0 m
North offset: -8415.5 m</description>
                <styleUrl>#376</styleUrl>
                <Point id="374">
                    <coordinates>-119.44853400761512,40.79508505374254,1191.0</coordinates>
                    <altitudeMode>clampToGround</altitudeMode>
                </Point>
            </Placemark>
            <Placemark id="385">
                <name>Landing — Run 38</name>
                <description>Impact time: 365.67 s
East offset: -35787.8 m
North offset: 16483.0 m</description>
                <styleUrl>#386</styleUrl>
                <Point id="384">
                    <coordinates>-119.53209131305562,41.01875229952606,1191.0</coordinates>
                    <altitudeMode>clampToGround</altitudeMode>
                </Point>
            </Placemark>
            <Placemark id="395">
                <name>Landing — Run 39</name>
                <description>Impact time: 366.26 s
East offset: -30443.6 m
North offset: 2443.9 m</description>
                <styleUrl>#396</styleUrl>
                <Point id="394">
                    <coordinates>-119.46860555092773,40.89263708737278,1191.0</coordinates>
                    <altitudeMode>clampToGround</altitudeMode>
                </Point>
            </Placemark>
            <Placemark id="405">
                <name>Landing — Run 40</name>
                <description>Impact time: 367.20 s
East offset: -3739.3 m
North offset: 9050.7 m</description>
                <styleUrl>#406</styleUrl>
                <Point id="404">
                    <coordinates>-119.15137093159777,40.95198681099382,1191.0</coordinates>
                    <altitudeMode>clampToGround</altitudeMode>
                </Point>
            </Placemark>
            <Placemark id="415">
                <name>Landing — Run 41</name>
                <description>Impact time: 366.54 s
East offset: -5448.2 m
North offset: -26826.7 m</description>
                <styleUrl>#416</styleUrl>
                <Point id="414">
                    <coordinates>-119.17167254426315,40.629694868403625,1191.0</coordinates>
                    <altitudeMode>clampToGround</altitudeMode>
                </Point>
            </Placemark>
            <Placemark id="425">
                <name>Landing — Run 42</name>
                <description>Impact time: 366.44 s
East offset: -19101.0 m
North offset: 22161.7 m</description>
                <styleUrl>#426</styleUrl>
                <Point id="424">
                    <coordinates>-119.33386085816807,41.06976518861494,1191.0</coordinates>
                    <altitudeMode>clampToGround</altitudeMode>
                </Point>
            </Placemark>
            <Placemark id="435">
                <name>Landing — Run 43</name>
                <description>Impact time: 365.83 s
East offset: -2156.1 m
North offset: -39860.9 m</description>
                <styleUrl>#436</styleUrl>
                <Point id="434">
                    <coordinates>-119.13256306925034,40.51260651981256,1191.0</coordinates>
                    <altitudeMode>clampToGround</altitudeMode>
                </Point>
            </Placemark>
            <Placemark id="445">
                <name>Landing — Run 44</name>
                <description>Impact time: 365.47 s
East offset: -40823.2 m
North offset: -11911.4 m</description>
                <styleUrl>#446</styleUrl>
                <Point id="444">
                    <coordinates>-119.59191046525666,40.7636808655226,1191.0</coordinates>
                    <altitudeMode>clampToGround</altitudeMode>
                </Point>
            </Placemark>
            <Placemark id="455">
                <name>Landing — Run 45</name>
                <description>Impact time: 366.04 s
East offset: -33171.1 m
North offset: -9714.7 m</description>
                <styleUrl>#456</styleUrl>
                <Point id="454">
                    <coordinates>-119.50100612661646,40.78341480628037,1191.0</coordinates>
                    <altitudeMode>clampToGround</altitudeMode>
                </Point>
            </Placemark>
            <Placemark id="465">
                <name>Landing — Run 46</name>
                <description>Impact time: 366.95 s
East offset: -15046.1 m
North offset: -2337.4 m</description>
                <styleUrl>#466</styleUrl>
                <Point id="464">
                    <coordinates>-119.28568998169331,40.84968551728722,1191.0</coordinates>
                    <altitudeMode>clampToGround</altitudeMode>
                </Point>
            </Placemark>
            <Placemark id="475">
                <name>Landing — Run 47</name>
                <description>Impact time: 365.06 s
East offset: -36853.7 m
North offset: 29094.1 m</description>
                <styleUrl>#476</styleUrl>
                <Point id="474">
                    <coordinates>-119.54475456175943,41.13203933142799,1191.0</coordinates>
                    <altitudeMode>clampToGround</altitudeMode>
                </Point>
            </Placemark>
            <Placemark id="485">
                <name>Landing — Run 48</name>
                <description>Impact time: 366.28 s
East offset: -29794.7 m
North offset: -8406.4 m</description>
                <styleUrl>#486</styleUrl>
                <Point id="484">
                    <coordinates>-119.46089614772083,40.79516666786048,1191.0</coordinates>
                    <altitudeMode>clampToGround</altitudeMode>
                </Point>
            </Placemark>
            <Placemark id="495">
                <name>Landing — Run 49</name>
                <description>Impact time: 366.25 s
East offset: -21619.1 m
North offset: -24023.4 m</description>
                <styleUrl>#496</styleUrl>
                <Point id="494">
                    <coordinates>-119.36377462480708,40.65487716841576,1191.0</coordinates>
                    <altitudeMode>clampToGround</altitudeMode>
                </Point>
            </Placemark>
            <Placemark id="505">
                <name>Landing — Run 50</name>
                <description>Impact time: 366.60 s
East offset: -23775.1 m
North offset: -3091.6 m</description>
                <styleUrl>#506</styleUrl>
                <Point id="504">
                    <coordinates>-119.38938682349345,40.84291106485372,1191.0</coordinates>
                    <altitudeMode>clampToGround</altitudeMode>
                </Point>
            </Placemark>
        </Folder>
        <Folder id="4">
            <Style id="512">
                <LineStyle id="513">
                    <color>ff00a5ff</color>
                    <colorMode>normal</colorMode>
                    <width>5</width>
                </LineStyle>
            </Style>
            <Style id="516">
                <LineStyle id="517">
                    <color>ff00ffff</color>
                    <colorMode>normal</colorMode>
                    <width>5</width>
                </LineStyle>
            </Style>
            <Style id="520">
                <LineStyle id="521">
                    <color>ff0000ff</color>
                    <colorMode>normal</colorMode>
                    <width>5</width>
                </LineStyle>
            </Style>
            <name>Statistical Envelopes</name>
            <Placemark id="511">
                <name>Landing 1-sigma ellipse</name>
                <description>Center: -24840.1 m east, -5547.3 m north
1-sigma semi-axes: 17370.0 m, 12104.4 m</description>
                <styleUrl>#512</styleUrl>
                <LineString id="510">
                    <tessellate>1</tessellate>
                    <altitudeMode>clampToGround</altitudeMode>
                    <coordinates>-119.57158563995782,40.90978951791267,0.0 -119.57434272642945,40.906617306681284,0.0 -119.57688988726237,40.903340602146805,0.0 -119.57922401913343,40.89996339646896,0.0 -119.58134227826254,40.89648980425266,0.0 -119.5832420838772,40.89292405753495,0.0 -119.58492112135694,40.889270500628946,0.0 -119.58637734505321,40.885533584830945,0.0 -119.58760898078177,40.88171786299723,0.0 -119.58861452798418,40.87782798399707,0.0 -119.58939276155608,40.87386868704886,0.0 -119.58994273333974,40.86984479594604,0.0 -119.59026377327926,40.86576121318007,0.0 -119.59035549023692,40.861622913967544,0.0 -119.59021777246973,40.85743494018859,0.0 -119.58985078776558,40.85320239424414,0.0 -119.58925498323882,40.848930432839474,0.0 -119.58843108478547,40.844624260701494,0.0 -119.58738009619888,40.84028912423765,0.0 -119.58610329794676,40.83593030514395,0.0 -119.58460224561111,40.831553113970024,0.0 -119.58287876799298,40.827162883649066,0.0 -119.58093496488435,40.82276496300046,0.0 -119.5787732045099,40.81836471021307,0.0 -119.57639612064165,40.81396748631711,0.0 -119.57380660939013,40.809578648652554,0.0 -119.57100782567593,40.805203544342056,0.0 -119.56800317938587,40.800847503776275,0.0 -119.56479633121863,40.796515834119646,0.0 -119.56139118822472,40.79221381284441,0.0 -119.55779189904636,40.7879466813008,0.0 -119.554002848863,40.78371963833133,0.0 -119.5500286540486,40.77953783393669,0.0 -119.5458741565474,40.775406363001416,0.0 -119.54154441797462,40.77133025908642,0.0 -119.53704471344977,40.76731448829645,0.0 -119.53238052516971,40.76336394322963,0.0 -119.52755753572939,40.759483437016584,0.0 -119.5225816211985,40.7556776974564,0.0 -119.51745884396243,40.75195136125649,0.0 -119.51219544533613,40.748308968383526,0.0 -119.50679783796006,40.74475495653215,0.0 -119.5012725979874,40.741293655718344,0.0 -119.49562645707192,40.73792928300399,0.0 -119.48986629416662,40.73466593735899,0.0 -119.48399912714272,40.731507594667335,0.0 -119.47803210423946,40.72845810288309,0.0 -119.4719724953551,40.72552117734225,0.0 -119.46582768318967,40.7227003962362,0.0 -119.45960515425026,40.719999196252196,0.0 -119.45331248972984,40.71742086838634,0.0 -119.44695735627083,40.71496855393398,0.0 -119.44054749662445,40.7126452406625,0.0 -119.43409072021727,40.71045375917128,0.0 -119.4275948936368,40.708396779442914,0.0 -119.42106793104708,40.70647680759036,0.0 -119.41451778454663,40.70469618280358,0.0 -119.40795243448001,40.703057074499576,0.0 -119.40137987971495,40.70156147967934,0.0 -119.39480812789701,40.700211220494786,0.0 -119.38824518569348,40.69900794202873,0.0 -119.38169904903847,40.697953110290634,0.0 -119.37517769339118,40.697048010430485,0.0 -119.3686890640189,40.69629374517305,0.0 -119.36224106631701,40.69569123347435,0.0 -119.35584155617751,40.69524120940209,0.0 -119.3494983304177,40.69494422124127,0.0 -119.3432191172811,40.69480063082623,0.0 -119.33701156702166,40.69481061309976,0.0 -119.33088324258317,40.694974155900006,0.0 -119.32484161038498,40.695291059975254,0.0 -119.31889403122526,40.6957609392267,0.0 -119.31304775131306,40.69638322117886,0.0 -119.30730989343994,40.69715714767704,0.0 -119.30168744830182,40.69808177581099,0.0 -119.29618726598206,40.69915597906378,0.0 -119.29081604760557,40.70037844868421,0.0 -119.28558033717457,40.70174769528135,0.0 -119.28048651359572,40.70326205063914,0.0 -119.27554078290841,40.70491966974885,0.0 -119.27074917072365,40.706718533056915,0.0 -119.2661175148828,40.7086564489255,0.0 -119.26165145834503,40.710731056302635,0.0 -119.2573564423123,40.7129398275988,0.0 -119.25323769960006,40.715280071766394,0.0 -119.24930024826186,40.7177489375784,0.0 -119.24554888547563,40.720343417102114,0.0 -119.24198818169907,40.7230603493639,0.0 -119.23862247510125,40.725896424200286,0.0 -119.23545586627722,40.72884818629097,0.0 -119.23249221325203,40.73191203936852,0.0 -119.22973512678041,40.7350842505999,0.0 -119.2271879659475,40.73836095513438,0.0 -119.22485383407643,40.741738160812226,0.0 -119.22273557494732,40.74521175302852,0.0 -119.22083576933265,40.74877749974623,0.0 -119.21915673185292,40.75243105665224,0.0 -119.21770050815664,40.756167972450235,0.0 -119.2164688724281,40.75998369428396,0.0 -119.21546332522567,40.76387357328411,0.0 -119.21468509165378,40.76783287023232,0.0 -119.21413511987012,40.77185676133515,0.0 -119.2138140799306,40.77594034410111,0.0 -119.21372236297294,40.78007864331364,0.0 -119.21386008074013,40.78426661709259,0.0 -119.21422706544426,40.78849916303704,0.0 -119.21482286997103,40.792771124441714,0.0 -119.21564676842439,40.79707729657969,0.0 -119.21669775701098,40.80141243304353,0.0 -119.21797455526308,40.805771252137234,0.0 -119.21947560759874,40.810148443311164,0.0 -119.22119908521688,40.81453867363212,0.0 -119.22314288832551,40.81893659428072,0.0 -119.22530464869996,40.82333684706811,0.0 -119.2276817325682,40.82773407096407,0.0 -119.23027124381971,40.83212290862863,0.0 -119.23307002753393,40.83649801293913,0.0 -119.23607467382399,40.84085405350491,0.0 -119.23928152199123,40.845185723161535,0.0 -119.24268666498513,40.84948774443677,0.0 -119.24628595416348,40.85375487598038,0.0 -119.25007500434685,40.85798191894986,0.0 -119.25404919916124,40.86216372334449,0.0 -119.25820369666246,40.866295194279765,0.0 -119.26253343523524,40.87037129819476,0.0 -119.26703313976009,40.87438706898474,0.0 -119.27169732804015,40.87833761405156,0.0 -119.27652031748048,40.8822181202646,0.0 -119.28149623201136,40.88602385982478,0.0 -119.28661900924743,40.88975019602469,0.0 -119.29188240787373,40.89339258889766,0.0 -119.29728001524978,40.89694660074903,0.0 -119.30280525522247,40.900407901562836,0.0 -119.30845139613794,40.903772274277195,0.0 -119.31421155904323,40.90703561992219,0.0 -119.32007872606714,40.910193962613846,0.0 -119.3260457489704,40.91324345439809,0.0 -119.33210535785474,40.91618037993893,0.0 -119.33825017002017,40.91900116104498,0.0 -119.3444726989596,40.921702361028984,0.0 -119.35076536348002,40.92428068889484,0.0 -119.35712049693902,40.92673300334721,0.0 -119.36353035658541,40.92905631661868,0.0 -119.36998713299258,40.93124779810991,0.0 -119.37648295957307,40.933304777838266,0.0 -119.38300992216278,40.93522474969082,0.0 -119.38956006866323,40.9370053744776,0.0 -119.39612541872984,40.938644482781605,0.0 -119.40269797349491,40.94014007760184,0.0 -119.40926972531284,40.9414903367864,0.0 -119.41583266751638,40.94269361525246,0.0 -119.42237880417137,40.943748446990554,0.0 -119.42890015981868,40.9446535468507,0.0 -119.43538878919097,40.94540781210814,0.0 -119.44183678689285,40.94601032380683,0.0 -119.44823629703235,40.946460347879096,0.0 -119.45457952279216,40.94675733603991,0.0 -119.46085873592875,40.94690092645495,0.0 -119.4670662861882,40.94689094418142,0.0 -119.47319461062669,40.946727401381175,0.0 -119.47923624282488,40.946410497305926,0.0 -119.4851838219846,40.94594061805448,0.0 -119.4910301018968,40.94531833610232,0.0 -119.49676795976993,40.94454440960415,0.0 -119.50239040490804,40.94361978147019,0.0 -119.50789058722779,40.9425455782174,0.0 -119.51326180560429,40.941323108596976,0.0 -119.51849751603528,40.93995386199983,0.0 -119.52359133961414,40.93843950664204,0.0 -119.52853707030145,40.93678188753234,0.0 -119.53332868248621,40.93498302422427,0.0 -119.53796033832707,40.93304510835568,0.0 -119.54242639486483,40.930970500978546,0.0 -119.54672141089755,40.928761729682385,0.0 -119.55084015360978,40.92642148551479,0.0 -119.554777604948,40.92395261970278,0.0 -119.55852896773423,40.921358140179066,0.0 -119.56208967151079,40.91864120791729,0.0 -119.56545537810861,40.915805133080895,0.0 -119.56862198693264,40.91285337099021,0.0 -119.57158563995782,40.90978951791267,0.0</coordinates>
                </LineString>
            </Placemark>
            <Placemark id="515">
                <name>Landing 2-sigma ellipse</name>
                <description>Center: -24840.1 m east, -5547.3 m north
2-sigma semi-axes: 34740.0 m, 24208.7 m</description>
                <styleUrl>#516</styleUrl>
                <LineString id="514">
                    <tessellate>1</tessellate>
                    <altitudeMode>clampToGround</altitudeMode>
                    <coordinates>-119.74113235331072,40.99872825718475,0.0 -119.74664652625398,40.99238383472198,0.0 -119.75174084791979,40.98583042565301,0.0 -119.75640911166194,40.97907601429733,0.0 -119.76064562992013,40.97212882986473,0.0 -119.76444524114947,40.964997336429306,0.0 -119.76780331610895,40.957690222617295,0.0 -119.7707157635015,40.9502163910213,0.0 -119.7731790349586,40.94258494735386,0.0 -119.77519012936344,40.934805189353554,0.0 -119.77674659650724,40.926886595457134,0.0 -119.77784654007455,40.91883881325148,0.0 -119.77848861995359,40.91067164771955,0.0 -119.7786720538689,40.9023950492945,0.0 -119.77839661833454,40.89401910173659,0.0 -119.77766264892625,40.885554009847695,0.0 -119.77647103987272,40.87701008703835,0.0 -119.77482324296601,40.8683977427624,0.0 -119.77272126579284,40.859727469834716,0.0 -119.77016766928861,40.8510098316473,0.0 -119.7671655646173,40.84225544929945,0.0 -119.76371860938103,40.833474988657535,0.0 -119.75983100316377,40.82467914736033,0.0 -119.75550748241487,40.81587864178555,0.0 -119.75075331467838,40.80708419399363,0.0 -119.74557429217535,40.798306518664525,0.0 -119.73997672474694,40.789556310043515,0.0 -119.7339674321668,40.78084422891196,0.0 -119.72755373583233,40.7721808895987,0.0 -119.72074344984452,40.76357684704823,0.0 -119.71354487148781,40.75504258396102,0.0 -119.70596677112107,40.74658849802206,0.0 -119.69801838149229,40.7382248892328,0.0 -119.68970938648987,40.72996194736224,0.0 -119.68104990934431,40.72180973953225,0.0 -119.67205050029463,40.7137781979523,0.0 -119.6627221237345,40.70587710781866,0.0 -119.65307614485384,40.69811609539258,0.0 -119.64312431579206,40.69050461627221,0.0 -119.63287876131992,40.68305194387239,0.0 -119.62235196406732,40.675767158126455,0.0 -119.61155674931521,40.668659134423706,0.0 -119.60050626936986,40.661736532796105,0.0 -119.58921398753891,40.65500778736739,0.0 -119.57769366172832,40.64848109607739,0.0 -119.5659593276805,40.64216441069408,0.0 -119.55402528187399,40.63606542712559,0.0 -119.54190606410529,40.63019157604392,0.0 -119.52961643977443,40.62455001383181,0.0 -119.51717138189557,40.61914761386381,0.0 -119.50458605285473,40.61399095813209,0.0 -119.49187578593674,40.60908632922736,0.0 -119.47905606664396,40.604439702684424,0.0 -119.46614251382962,40.60005673970196,0.0 -119.45315086066866,40.59594278024524,0.0 -119.44009693548921,40.59210283654014,0.0 -119.42699664248833,40.58854158696657,0.0 -119.4138659423551,40.58526337035857,0.0 -119.40072083282497,40.58227218071809,0.0 -119.3875773291891,40.579571662348975,0.0 -119.37445144478203,40.57716510541686,0.0 -119.36135917147203,40.57505544194067,0.0 -119.34831646017743,40.57324524222038,0.0 -119.33533920143284,40.571736711705505,0.0 -119.32244320602909,40.57053168830811,0.0 -119.30964418575007,40.569631640163585,0.0 -119.29695773423047,40.569037663841954,0.0 -119.28439930795727,40.56875048301187,0.0 -119.27198420743838,40.56877044755893,0.0 -119.25972755856141,40.56909753315942,0.0 -119.24764429416501,40.56973134130992,0.0 -119.23574913584558,40.57067109981281,0.0 -119.2240565760212,40.57191566371714,0.0 -119.21258086027494,40.57346351671348,0.0 -119.20133596999871,40.5753127729814,0.0 -119.1903356053592,40.577461179486974,0.0 -119.1795931686062,40.57990611872783,0.0 -119.16912174774421,40.582644611922106,0.0 -119.1589341005865,40.58567332263769,0.0 -119.14904263921188,40.588988560857096,0.0 -119.13945941484236,40.59258628747324,0.0 -119.13019610316064,40.596462119210415,0.0 -119.12126399008513,40.600611333964686,0.0 -119.11267395801968,40.60502887655701,0.0 -119.10443647259521,40.609709364892204,0.0 -119.09656156991879,40.61464709651621,0.0 -119.08905884434633,40.619836055563646,0.0 -119.08193743679321,40.6252699200872,0.0 -119.07520602359757,40.63094206975998,0.0 -119.0688728059495,40.636845593941345,0.0 -119.06294549989914,40.642973300096436,0.0 -119.05743132695588,40.6493177225592,0.0 -119.05233700529007,40.655871131628174,0.0 -119.04766874154792,40.662625542983854,0.0 -119.04343222328971,40.66957272741646,0.0 -119.03963261206039,40.676704220851875,0.0 -119.03627453710091,40.684011334663886,0.0 -119.03336208970836,40.69148516625989,0.0 -119.03089881825125,40.69911660992732,0.0 -119.02888772384642,40.70689636792763,0.0 -119.02733125670262,40.714814961824054,0.0 -119.0262313131353,40.722862744029705,0.0 -119.02558923325627,40.73102990956163,0.0 -119.02540579934096,40.73930650798668,0.0 -119.02568123487532,40.7476824555446,0.0 -119.02641520428361,40.756147547433486,0.0 -119.02760681333714,40.76469147024283,0.0 -119.02925461024385,40.77330381451878,0.0 -119.03135658741702,40.78197408744647,0.0 -119.03391018392125,40.79069172563388,0.0 -119.03691228859256,40.79944610798173,0.0 -119.04035924382883,40.808226568623645,0.0 -119.0442468500461,40.81702240992085,0.0 -119.04857037079499,40.825822915495635,0.0 -119.05332453853148,40.834617363287556,0.0 -119.05850356103451,40.84339503861666,0.0 -119.06410112846292,40.852145247237665,0.0 -119.07011042104304,40.86085732836923,0.0 -119.07652411737753,40.86952066768248,0.0 -119.08333440336534,40.87812471023296,0.0 -119.09053298172205,40.886658973320166,0.0 -119.09811108208878,40.89511305925913,0.0 -119.10605947171757,40.903476668048384,0.0 -119.11436846672,40.91173960991894,0.0 -119.12302794386555,40.91989181774894,0.0 -119.13202735291523,40.92792335932888,0.0 -119.14135572947536,40.93582444946252,0.0 -119.15100170835602,40.9435854618886,0.0 -119.1609535374178,40.95119694100898,0.0 -119.17119909188993,40.958649613408795,0.0 -119.18172588914253,40.965934399154726,0.0 -119.19252110389465,40.97304242285748,0.0 -119.20357158384,40.97996502448508,0.0 -119.21486386567095,40.98669376991379,0.0 -119.22638419148154,40.99322046120379,0.0 -119.23811852552934,40.9995371465871,0.0 -119.25005257133586,41.005636130155594,0.0 -119.26217178910457,41.01150998123727,0.0 -119.27446141343543,41.01715154344937,0.0 -119.28690647131428,41.02255394341738,0.0 -119.29949180035511,41.02771059914909,0.0 -119.31220206727312,41.03261522805382,0.0 -119.3250217865659,41.037261854596764,0.0 -119.33793533938024,41.04164481757922,0.0 -119.3509269925412,41.04575877703594,0.0 -119.36398091772064,41.049598720741045,0.0 -119.37708121072153,41.05315997031462,0.0 -119.39021191085476,41.05643818692262,0.0 -119.40335702038487,41.05942937656309,0.0 -119.41650052402076,41.062129894932205,0.0 -119.42962640842784,41.06453645186432,0.0 -119.44271868173783,41.06664611534051,0.0 -119.45576139303243,41.06845631506081,0.0 -119.468738651777,41.069964845575676,0.0 -119.48163464718077,41.07116986897307,0.0 -119.49443366745977,41.072069917117595,0.0 -119.50712011897937,41.07266389343923,0.0 -119.51967854525259,41.07295107426931,0.0 -119.53209364577147,41.07293110972225,0.0 -119.54435029464844,41.07260402412176,0.0 -119.55643355904483,41.07197021597126,0.0 -119.56832871736428,41.07103045746837,0.0 -119.58002127718865,41.069785893564045,0.0 -119.59149699293492,41.0682380405677,0.0 -119.60274188321115,41.06638878429979,0.0 -119.61374224785067,41.064240377794206,0.0 -119.62448468460364,41.061795438553354,0.0 -119.63495610546565,41.059056945359075,0.0 -119.64514375262334,41.0560282346435,0.0 -119.65503521399796,41.05271299642409,0.0 -119.6646184383675,41.04911526980795,0.0 -119.6738817500492,41.04523943807077,0.0 -119.68281386312474,41.0410902233165,0.0 -119.69140389519018,41.03667268072417,0.0 -119.69964138061465,41.031992192388984,0.0 -119.70751628329106,41.02705446076497,0.0 -119.71501900886352,41.02186550171754,0.0 -119.72214041641665,41.01643163719398,0.0 -119.72887182961229,41.0107594875212,0.0 -119.73520504726035,41.00485596333984,0.0 -119.74113235331072,40.99872825718475,0.0</coordinates>
                </LineString>
            </Placemark>
            <Placemark id="519">
                <name>Landing 3-sigma ellipse</name>
                <description>Center: -24840.1 m east, -5547.3 m north
3-sigma semi-axes: 52110.1 m, 36313.1 m</description>
                <styleUrl>#520</styleUrl>
                <LineString id="518">
                    <tessellate>1</tessellate>
                    <altitudeMode>clampToGround</altitudeMode>
                    <coordinates>-119.91067906666362,41.087666996456825,0.0 -119.9189503260785,41.07815036276267,0.0 -119.92659180857723,41.06832024915922,0.0 -119.93359420419044,41.0581886321257,0.0 -119.93994898157774,41.04776785547679,0.0 -119.94564839842175,41.037070615323664,0.0 -119.95068551086096,41.02610994460564,0.0 -119.95505418194979,41.01489919721165,0.0 -119.95874908913545,41.003452031710495,0.0 -119.96176573074268,40.99178239471004,0.0 -119.96410043145839,40.9799045038654,0.0 -119.96575034680937,40.96783283055692,0.0 -119.96671346662792,40.955582082259035,0.0 -119.96698861750089,40.94316718462146,0.0 -119.96657546419934,40.93060326328459,0.0 -119.9654745100869,40.917905625451255,0.0 -119.9636870965066,40.905089741237234,0.0 -119.96121540114655,40.8921712248233,0.0 -119.9580624353868,40.879165815431776,0.0 -119.95423204063044,40.86608935815066,0.0 -119.9497288836235,40.852957784628884,0.0 -119.94455845076907,40.83978709366601,0.0 -119.93872704144319,40.8265933317202,0.0 -119.93224176031984,40.81339257335803,0.0 -119.9251105087151,40.80020090167015,0.0 -119.91734197496055,40.78703438867649,0.0 -119.90894562381793,40.77390907574498,0.0 -119.89993168494776,40.76084095404764,0.0 -119.89031114044603,40.747845945077756,0.0 -119.88009571146432,40.73493988125204,0.0 -119.86929784392925,40.72213848662123,0.0 -119.85793069337915,40.709457357712786,0.0 -119.84600810893596,40.6969119445289,0.0 -119.83354461643233,40.68451753172307,0.0 -119.82055540071399,40.672289219978076,0.0 -119.80705628713947,40.66024190760816,0.0 -119.79306372229928,40.648390272407696,0.0 -119.7785947539783,40.63674875376857,0.0 -119.76366701038563,40.62533153508801,0.0 -119.74829867867741,40.61415252648829,0.0 -119.73250848279852,40.60322534786939,0.0 -119.71631566067035,40.59256331231526,0.0 -119.69973994075232,40.58217940987386,0.0 -119.6828015180059,40.57208629173079,0.0 -119.66552102929,40.56229625479579,0.0 -119.6479195282183,40.55282122672083,0.0 -119.63001845950853,40.54367275136809,0.0 -119.61183963285548,40.53486197474558,0.0 -119.59340519635917,40.52639963142742,0.0 -119.57473760954089,40.518296031475415,0.0 -119.55585961597964,40.51056104787785,0.0 -119.53679421560265,40.50320410452074,0.0 -119.51756463666348,40.49623416470634,0.0 -119.49819430744196,40.48965972023265,0.0 -119.4787068277005,40.48348878104756,0.0 -119.45912593993135,40.477728865489915,0.0 -119.43947550043004,40.47238699112956,0.0 -119.41977945023018,40.46746966621755,0.0 -119.40006178593501,40.462982881756844,0.0 -119.38034653048118,40.45893210420317,0.0 -119.36065770387057,40.455322268805,0.0 -119.34101929390557,40.45215777359071,0.0 -119.32145522696366,40.44944247401027,0.0 -119.30198933884681,40.44717967823796,0.0 -119.28264534574117,40.44537214314187,0.0 -119.26344681532265,40.44402207092509,0.0 -119.24441713804325,40.44313110644264,0.0 -119.22557949863344,40.442700335197515,0.0 -119.20695684785511,40.44273028201811,0.0 -119.18857187453966,40.443220910418844,0.0 -119.17044697794506,40.44417162264458,0.0 -119.1526042404659,40.445581260398924,0.0 -119.13506540072935,40.447448106255415,0.0 -119.11785182710993,40.44976988574992,0.0 -119.1009844916956,40.4525437701518,0.0 -119.08448394473632,40.455766379910166,0.0 -119.06837028960685,40.45943378877145,0.0 -119.05266315831385,40.46354152856287,0.0 -119.03738168757731,40.46808459463624,0.0 -119.02254449551536,40.473057451965346,0.0 -119.00816965896108,40.478454041889556,0.0 -118.9942746914385,40.48426778949533,0.0 -118.98087652182522,40.49049161162673,0.0 -118.96799147372705,40.49711792551521,0.0 -118.95563524559034,40.50413865801801,0.0 -118.94382289157573,40.51154525545402,0.0 -118.93256880321704,40.51932869402517,0.0 -118.92188669188735,40.52747949081051,0.0 -118.9117895720939,40.53598771531968,0.0 -118.90228974562179,40.54484300159172,0.0 -118.89339878654624,40.554034560824356,0.0 -118.88512752713136,40.56355119451852,0.0 -118.87748604463263,40.57338130812196,0.0 -118.8704836490194,40.58351292515549,0.0 -118.86412887163212,40.59393370180439,0.0 -118.85842945478811,40.604630941957524,0.0 -118.8533923423489,40.61559161267554,0.0 -118.84902367126007,40.62680236006953,0.0 -118.84532876407441,40.638249525570686,0.0 -118.84231212246716,40.649919162571145,0.0 -118.83997742175147,40.66179705341578,0.0 -118.83832750640049,40.67386872672426,0.0 -118.83736438658194,40.686119475022146,0.0 -118.83708923570897,40.69853437265973,0.0 -118.83750238901052,40.7110982939966,0.0 -118.83860334312295,40.72379593182993,0.0 -118.84039075670324,40.736611816043954,0.0 -118.8428624520633,40.74953033245788,0.0 -118.84601541782305,40.762535741849405,0.0 -118.8498458125794,40.77561219913052,0.0 -118.85434896958637,40.7887437726523,0.0 -118.85951940244078,40.80191446361517,0.0 -118.86535081176667,40.815108225560984,0.0 -118.87183609289002,40.82830898392316,0.0 -118.87896734449477,40.841500655611036,0.0 -118.88673587824931,40.8546671686047,0.0 -118.89513222939192,40.8677924815362,0.0 -118.9041461682621,40.88086060323354,0.0 -118.91376671276382,40.893855612203424,0.0 -118.92398214174554,40.90676167602914,0.0 -118.9347800092806,40.91956307065995,0.0 -118.94614715983072,40.932244199568395,0.0 -118.95806974427389,40.94478961275228,0.0 -118.97053323677753,40.95718402555812,0.0 -118.98352245249586,40.96941233730311,0.0 -118.99702156607039,40.98145964967303,0.0 -119.01101413091057,40.99331128487349,0.0 -119.02548309923156,41.004952803512616,0.0 -119.04041084282423,41.01637002219317,0.0 -119.05577917453245,41.02754903079289,0.0 -119.07156937041132,41.03847620941179,0.0 -119.08776219253951,41.049138244965924,0.0 -119.10433791245752,41.05952214740733,0.0 -119.12127633520396,41.06961526555039,0.0 -119.13855682391986,41.07940530248539,0.0 -119.15615832499155,41.08888033056036,0.0 -119.17405939370133,41.098028805913096,0.0 -119.19223822035438,41.106839582535606,0.0 -119.21067265685069,41.115301925853764,0.0 -119.22934024366897,41.123405525805765,0.0 -119.24821823723022,41.13114050940334,0.0 -119.2672836376072,41.13849745276044,0.0 -119.28651321654638,41.145467392574844,0.0 -119.30588354576788,41.15204183704853,0.0 -119.32537102550934,41.15821277623362,0.0 -119.3449519132785,41.16397269179127,0.0 -119.36460235277981,41.16931456615163,0.0 -119.38429840297968,41.174231891063634,0.0 -119.40401606727485,41.17871867552434,0.0 -119.42373132272868,41.182769453078016,0.0 -119.44342014933929,41.18637928847619,0.0 -119.46305855930429,41.189543783690475,0.0 -119.48262262624618,41.19225908327091,0.0 -119.50208851436305,41.19452187904322,0.0 -119.52143250746867,41.19632941413931,0.0 -119.5406310378872,41.1976794863561,0.0 -119.5596607151666,41.198570450838545,0.0 -119.57849835457642,41.19900122208367,0.0 -119.59712100535474,41.19897127526308,0.0 -119.6155059786702,41.19848064686234,0.0 -119.6336308752648,41.1975299346366,0.0 -119.65147361274396,41.196120296882256,0.0 -119.66901245248052,41.19425345102577,0.0 -119.68622602609992,41.19193167153126,0.0 -119.70309336151426,41.18915778712939,0.0 -119.71959390847354,41.185935177371015,0.0 -119.735707563603,41.18226776850973,0.0 -119.751414694896,41.17816002871832,0.0 -119.76669616563255,41.17361696264495,0.0 -119.78153335769449,41.168644105315835,0.0 -119.79590819424878,41.163247515391625,0.0 -119.80980316177136,41.15743376778586,0.0 -119.82320133138464,41.15120994565445,0.0 -119.8360863794828,41.14458363176597,0.0 -119.84844260761952,41.13756289926317,0.0 -119.86025496163413,41.130156301827164,0.0 -119.87150904999282,41.12237286325602,0.0 -119.8821911613225,41.11422206647068,0.0 -119.89228828111597,41.1057138419615,0.0 -119.90178810758808,41.096858555689465,0.0 -119.91067906666362,41.087666996456825,0.0</coordinates>
                </LineString>
            </Placemark>
        </Folder>
        <Placemark id="6">
            <name>Launch Site</name>
            <styleUrl>#7</styleUrl>
            <Point id="5">
                <coordinates>-119.10695,40.870683,1191.0</coordinates>
                <altitudeMode>absolute</altitudeMode>
            </Point>
        </Placemark>
    </Document>
</kml>
