time,x,y,z,vx,vy,vz,e0,e1,e2,e3
0.0,0.0,0.0,1191.0,0.0,0.0,0.0,0.8036764645981372,-0.0015408442365644457,0.007351561621086176,0.5950190926279669
0.1,0.015043895879270457,0.01216405504057061,1191.7675527955867,0.2995056801315549,0.24248283147353136,15.267867666596898,0.8036764645981372,-0.0015408442365644457,0.007351561621086176,0.5950190926279669
0.2,0.060910449355937986,0.0492659767251603,1194.102170830371,0.6200335718402272,0.5019766621400533,31.601737526694215,0.8036764645981372,-0.0015408442365644457,0.007351561621086176,0.5950190926279669
0.30000000000000004,0.14074734954991794,0.11420645096077695,1198.208291440546,0.962648741374993,0.7795673366900077,49.09257339532483,0.8036764645981372,-0.0015408442365644457,0.007351561621086176,0.5950190926279669
0.4,0.25486273957901123,0.20602447540286092,1204.0200539557445,1.3271871908963828,1.0743446691999243,67.66470812912047,0.8036764645981372,-0.0015408442365644457,0.007351561621086176,0.5950190926279669
0.5,0.4055306247977055,0.3283250691532237,1211.671413958594,1.7179477923295952,1.3888483175819515,87.40176324602515,0.803676489055554,-0.0015455142278804094,0.007348225334657082,0.5950190886934137
0.6000000000000001,0.5996969045748421,0.4844208659736018,1221.4595546625972,2.160141010573187,1.7353674120491362,108.43234493868142,0.8036817649847912,-0.0019734134633079907,0.006715733174522856,0.5950181721579285
0.7000000000000001,0.8352800454324828,0.6773527402452878,1233.4154790448652,2.528831990258995,2.1310585047565676,130.75778493464176,0.8036924673105185,-0.003357244997954712,0.005048420108582828,0.5950140001283686
0.8,1.100088508431863,0.9133565257215872,1247.6592120812168,2.7397412318904686,2.600286851108967,154.41773870977454,0.8037075097414186,-0.002880126130646903,0.0027360576066744868,0.5950113088400019
0.9,1.378388339343998,1.199128663100482,1264.3288392320746,2.81372614132211,3.1344005720312547,179.4595136665669,0.8037131767600614,-0.0022953189246218814,0.0018057184732198272,0.5950097481504653
1.0,1.6630096106360066,1.5405565956794067,1283.5909418260342,2.894183370248175,3.6916700421251476,205.9465740226267,0.8037083861102698,-0.002681641032994683,0.0026410824520626437,0.5950114818899523
1.1,1.962040001695618,1.9372596547978367,1305.5688628625353,3.1071939413251415,4.240679193625001,233.9110942758723,0.8037035455334681,-0.0026555403764821953,0.003539280053872749,0.5950134725356576
1.2000000000000002,2.285419814611306,2.389741256825781,1330.4255715410734,3.3455053855800494,4.820326257397457,263.3991107206463,0.8037071635250261,-0.002698807795992086,0.002914859304905957,0.5950117774719
1.3,2.627173644278783,2.9033962779098537,1358.3011023674119,3.481409370690593,5.461289012961828,294.4562801968563,0.8037088200465847,-0.0026367684495365398,0.002637371181993067,0.595011112757332
1.4000000000000001,2.9843194801283413,3.481996440843493,1389.3654166834451,3.6850580639122983,6.1107807599198765,327.1062366074163,0.8037056714189539,-0.0025853137184303067,0.0032290295961165338,0.5950126748648746
1.5,3.3650601373556195,4.126335685175563,1423.765697114866,3.913190065975666,6.784182749425661,361.0712558256202,0.8037078419923289,-0.0025864093171682075,0.002857624094755097,0.5950116378621605
1.6,3.764909838768934,4.840021041823873,1461.6152971011852,4.0948589751375035,7.489848377810944,396.1419936145541,0.8037068658172494,-0.0025253605748857518,0.0030523516941176228,0.595012251589256
1.7000000000000002,4.186758793526213,5.624739809574196,1503.0528055698276,4.337752879983166,8.213013972099688,432.9222565617033,0.8037073008958748,-0.002510192931537257,0.002989102433133151,0.5950120491929206
1.8,4.630800199609691,6.484513253594013,1548.2657243132549,4.549831087935968,8.987028884718537,471.695526663207,0.8037068963409768,-0.002421674895573345,0.0030705777756945035,0.595012547612887
1.9000000000000001,5.098463003154163,7.422358494937162,1597.458186542152,4.798804744096994,9.775648436819614,512.4997695302854,0.8037069121748371,-0.002287711445472899,0.00306670025715934,0.5950130763674557
2.0,5.589928948988768,8.441143981182256,1650.8369168967354,5.038587722095645,10.602458447722835,555.3981642967361,0.8037063323323506,-0.002170876395460895,0.0031658015172134533,0.5950137782987133
2.1,6.106262354980361,9.541935229831838,1708.5263763912558,5.274545810204078,11.392062599389837,597.1984020005181,0.8037063610915582,-0.0020556180576061624,0.003158226977220327,0.5950141890557966
2.2,6.644451857756795,10.717451753568328,1770.1797954914746,5.490839581905072,12.112979380920956,635.7533734058958,0.8037058962604814,-0.0019274360292089144,0.0032279906125942115,0.5950148715646479
2.3000000000000003,7.203815045244465,11.96432345749199,1835.6739643541875,5.696837695889131,12.82290569481151,674.1680942429057,0.8037055283736305,-0.0017931907490192963,0.003277846292585294,0.5950155156399565
2.4000000000000004,7.783976092914046,13.28156348170131,1905.0199378373204,5.9039257311407844,13.52158543460864,712.8014196784133,0.8037052159937254,-0.0016581995563601033,0.003315690405797065,0.5950161194084101
2.5,8.384644040324295,14.668584591270786,1978.2530030150251,6.109910162128709,14.2171324300549,751.9303483640127,0.8037047439366624,-0.0015157489675997823,0.0033736476998858225,0.5950168111742461
2.6,9.005780268527916,16.124972005444064,2055.4268032009763,6.3146693107261465,14.911401320254416,791.6844908554997,0.8037043038799557,-0.0013768484756563903,0.0034245275728651977,0.5950174525373296
2.7,9.647557990432698,17.650740448407902,2136.6141075761066,6.516393036086399,15.605970473442266,832.1725061578152,0.8037043033607278,-0.0012499027935091154,0.0034069969407780408,0.5950178340808779
2.8000000000000003,10.309059686200769,19.245721610773405,2221.864590714459,6.7042864788644545,16.266834810306033,871.3059390638405,0.8037041798363022,-0.0011191342344839164,0.0034049352908477703,0.595018273053767
2.9000000000000004,10.986337808588793,20.897961852825645,2310.5133660805527,6.842691091974771,16.78023849655334,901.9369757636978,0.8037040078283948,-0.0009871123458394093,0.003407935534599188,0.5950187218778786
3.0,11.677528871867317,22.602184892335075,2402.2970548812027,6.979834480754121,17.30735864048903,933.9664743689865,0.8037041446418158,-0.0008798127486935967,0.0033691502303193383,0.5950189262887526
3.1,12.382250410254171,24.359935261682264,2497.3573257328994,7.113848945535022,17.850527439248708,967.4256202526528,0.8037042350040632,-0.0007686162893442744,0.0033342630316929847,0.5950191547803894
3.2,13.099806128023854,26.171444176183904,2595.7408769905815,7.21149224821886,18.27335135734661,993.6067532340788,0.8037043193181328,-0.0006568247437477098,0.003298278745891833,0.5950193753550782
3.3000000000000003,13.819984567620414,27.993642437442958,2694.7108604303153,7.185819584369082,18.171354881780967,985.8775357416562,0.8037058128065028,-0.0004935571390577938,0.0030315437555108087,0.5950189346607784
3.4000000000000004,14.537554809211446,29.80580458382598,2792.9222038909834,7.167569251084677,18.072508556374768,978.2803657231093,0.8037069197818226,-0.0003096579180460895,0.0028189969194334715,0.5950186085015802
3.5,15.253197949837386,31.60826037613228,2890.382934524485,7.1496127639655525,17.977335306421136,970.811892731223,0.8037078856013756,-9.774099767132789e-05,0.002620663525044004,0.5950182830733455
3.6,15.967373557160341,33.4014299011454,2987.098510465356,7.135664637001237,17.885657086874204,963.4694810589227,0.8037083949170238,0.0001396707088182159,0.002467222793111045,0.5950182427822557
3.7,16.680614889816503,35.18558830372118,3083.081835307217,7.127981530767739,17.798027981853007,956.2501929209665,0.803708990900326,0.00041071739086254915,0.0022912831615289316,0.595018015927819
3.8000000000000003,17.393276945124843,36.96108621798406,3178.3519925510905,7.124573050134675,17.712720315441356,949.1511506960335,0.8037094298698557,0.0007135658757512949,0.002129394692989359,0.5950177382568137
3.9000000000000004,18.105319462532897,38.728138451627125,3272.9155803348867,7.121878631828404,17.629824679151515,942.1682102347709,0.803709391112084,0.0008414678430345387,0.0020892541914229847,0.5950177657742969
4.0,18.81737571111766,40.48710974370518,3366.787131300232,7.118895296406474,17.549554343407696,935.2981500021358,0.8037094716793963,0.0010296109215406414,0.0020074026214808235,0.5950176429055624
4.1000000000000005,19.529554016335222,42.2382290732593,3459.9772217363047,7.1222568135015845,17.47278675908936,928.5386831664252,0.8037095666642372,0.0012270427512777813,0.0019157653996978083,0.5950174423169491
4.2,20.241904033324992,43.98178961168063,3552.4958321167596,7.126778021424139,17.399023162020328,921.8869721746853,0.8037093040749533,0.0013777416725019478,0.001883072615500494,0.595017571512609
4.3,20.95473678548746,45.718048934331875,3644.3550236053084,7.1306936623477295,17.327112202720187,915.3401464421278,0.8037091084619117,0.0015417263866361662,0.0018342905881524752,0.5950175858183907
4.4,21.66821003623226,47.44728824148571,3735.5645066750567,7.137760703866546,17.25780290915128,908.8961461393917,0.8037088741701679,0.0017241616837620005,0.0017772346246181334,0.5950175747687613
4.5,22.382409756328105,49.169705755312044,3826.1350376708947,7.146801106516513,17.190316245203498,902.552597395791,0.8037086851228817,0.0018803981595015694,0.0017269242726160317,0.5950175050310426
4.6000000000000005,23.09751986129192,50.88550318591872,3916.075634716376,7.156149331037136,17.126149350945386,896.3067352368193,0.8037086192158486,0.0020271519463519534,0.0016672919244609984,0.5950172822622711
4.7,23.813701559041018,52.59492255285451,4005.3972011736946,7.16721351587529,17.06298122625384,890.156319876571,0.8037085833363963,0.00218243758233896,0.0015971677922013458,0.5950169737853245
4.800000000000001,24.531054752128604,54.29817543418995,4094.108298042297,7.180129457659752,17.00187387122618,884.0996065613178,0.8037084227961562,0.002337045115616568,0.0015387478475034117,0.5950167574125155
4.9,25.249745339166967,55.99523315511182,4182.218051522735,7.194010944695807,16.940857308716613,878.1332189798815,0.8037089483993792,0.002454686218464214,0.0014277527694088075,0.5950158504614498
5.0,25.969900689131613,57.686403348496235,4269.735192294024,7.209218715419796,16.881571202836984,872.2542661641156,0.8037092098770228,0.002590493431804766,0.0013318162190237752,0.5950151439822269
5.1000000000000005,26.691642044561675,59.371699353532435,4356.677420111424,7.225823152943882,16.8246663170627,866.4611575562484,0.8037096138093598,0.002715841157978791,0.0012260905887482723,0.5950142667021378
5.2,27.415096451338478,61.05126061193737,4443.045672395131,7.24348188020575,16.767163682071043,860.7521359797629,0.803710021762801,0.00283838600108878,0.0011187345228194573,0.5950133552417242
5.300000000000001,28.140373681541664,62.72518571724589,4528.8402864617465,7.262323979715204,16.71115593872059,855.1245561076987,0.8037103797437997,0.00295844942618292,0.0010169364079312495,0.5950124695411116
5.4,28.867597084653298,64.39354731903877,4614.07605730136,7.282240360108919,16.656368346315553,849.5763776980392,0.8037107832566236,0.0030767718565856508,0.0009094940328640129,0.5950114983532432
5.5,29.596865801054122,66.05644444908603,4698.760040305775,7.303292295833556,16.601967671490332,844.1063014701068,0.803711159187062,0.0031948758037423494,0.000803007830200902,0.5950105213735404
5.6000000000000005,30.32828841151563,67.71399528382649,4782.901376288944,7.325799388966969,16.549250857227236,838.7123393180684,0.8037114671309916,0.003317822163534508,0.0006987947597365831,0.5950095640778592
5.7,31.062102222615557,69.36639127981937,4866.505096396015,7.349659546059555,16.497870819783383,833.3918022356802,0.8037113228596583,0.003517854299186113,0.0005825974545001199,0.5950087350522796
5.800000000000001,31.79830770151715,71.01363130845627,4949.580608171415,7.3752462648501105,16.447874740751786,828.1425228939012,0.8037113594762828,0.0036797138418446958,0.00047291507306491005,0.5950078039035801
5.9,32.53710746815719,72.65592073613374,5032.135095922567,7.400892771481632,16.397944606172448,822.9631705745704,0.8037112370169649,0.003862270287853239,0.00036013338573329497,0.5950068912750743
6.0,33.27860439547088,74.2933509499586,5114.1750110564635,7.429032940606357,16.35053462243486,817.8526819114376,0.8037110816729967,0.004046356790833339,0.0002463001027464812,0.5950059357090502
6.1000000000000005,34.02291384154397,75.92609954067306,5195.706910844622,7.457728573826138,16.304857895807995,812.8085280839398,0.803710662502122,0.004233228313375405,0.0001549948651904212,0.5950052325274449
6.2,34.770191253428955,77.55428437290486,5276.737424336722,7.487662355181351,16.259315577131584,807.82858749157,0.8037101871963843,0.004432634757475591,0.00011653863204878759,0.5950044312142615
6.300000000000001,35.52051350118865,79.17805845615166,5357.274269295417,7.519165978019164,16.216050783011298,802.909922708021,0.8037095956925964,0.004628777655085275,9.61759595236602e-05,0.5950037402901328
6.4,36.274028312911106,80.79752190781993,5437.323601663185,7.551338586902535,16.173770961509486,798.0442734658933,0.8037091001178599,0.0048216478141644556,6.33227470057267e-05,0.5950028824218633
6.5,37.030849124134456,82.41282706045449,5516.888193811749,7.585225670984817,16.131771478284005,793.23123645652,0.8037085172484428,0.005019532960853101,3.154090068760276e-05,0.5950020357917575
6.6000000000000005,37.79109550132698,84.02395403513985,5595.974133958545,7.619943813626107,16.09181644655525,788.4692114512828,0.8037084732541351,0.0051904767464959305,-4.5168885986114334e-05,0.5950006276722933
6.7,38.55488486459173,85.63112718371022,5674.5869035334135,7.6559572756522085,16.051464066057108,783.7575824330441,0.8037080997091842,0.005378255891976835,-0.0001008440598966056,0.5949994576937764
6.800000000000001,39.322320708453134,87.23437095258285,5752.729985897788,7.693023581703396,16.013577586754252,779.0958350495387,0.80370784282945,0.005557469949984083,-0.00016358893915874713,0.5949981438129419
6.9,40.09352385383327,88.83378411879941,5830.410519245854,7.73113707927187,15.975046919716316,774.4834136287926,0.8037075547976595,0.005738534166463043,-0.00023046527103567783,0.594996791985088
7.0,40.86856329780185,90.42951037686292,5907.6317109695265,7.769336679711478,15.940123977934993,769.9197081140102,0.8037069687136956,0.0059239478273197645,-0.0002630754228074859,0.5949957529886273
7.1000000000000005,41.64747231674924,92.02172516144542,5984.396515484395,7.809453370141038,15.90378677764614,765.4035755229877,0.8037057531831651,0.006103746603153551,-0.0002469541454637097,0.5949955845141507
7.2,42.43041088466204,93.61043787066735,6060.712523253179,7.849122740352247,15.870937975593419,760.9343857937571,0.8037047967441031,0.0062907027766202295,-0.00025891216988831596,0.5949949241074115
7.300000000000001,43.21739356513375,95.19583510996007,6136.583983089887,7.89068904080086,15.837237113485608,756.5116850251694,0.8037037084877259,0.006471487638447908,-0.0002631382651713562,0.5949944533935383
7.4,44.00850558414227,96.77802665611564,6212.015479800702,7.931754739737145,15.806552873233569,752.1350729533428,0.8037025640476434,0.006657854252585494,-0.00026037403971745254,0.594993944276204
7.5,44.80379871025684,98.35712464275537,6287.011686109492,7.973794377695276,15.776158091860562,747.8038141462066,0.8037014938136714,0.006839246914850741,-0.0002686126060480079,0.5949933288622475
7.6000000000000005,45.603214969762384,99.93336948523059,6361.5766951475225,8.015541475026358,15.74804788380469,743.5164003419744,0.8036998061908892,0.0069971095618221405,-0.00019180555814471737,0.594993802654393
7.7,46.406946908422924,101.50674815451282,6435.715022470089,8.058235861765185,15.720583368453356,739.272136682074,0.8036985470963757,0.007170811583511015,-0.00017823958898737467,0.5949934395327878
7.800000000000001,47.21488416366761,103.07752667209338,6509.431308837989,8.101190250009658,15.694549463737488,735.070440722478,0.8036968477011777,0.007330516416907194,-0.00011000846680536907,0.5949938053647189
7.9,48.027167367942255,104.64572573414614,6582.728896454494,8.143973033685077,15.670198082048758,730.9110904993219,0.8036954878838916,0.007502712376076948,-8.619271136995466e-05,0.594993499655998
8.0,48.84372589253895,106.21157364743297,6655.613144011911,8.18765163935231,15.646527951844703,726.7933791004102,0.8036938072642228,0.007665210248747175,-2.7786042399090455e-05,0.5949937041220829
8.1,49.66457931704287,107.77495578346691,6728.087983935924,8.22842108744814,15.619604602545397,722.716548753405,0.8036933172228625,0.007764968520401397,-4.459909375346349e-05,0.5949930714942059
8.200000000000001,50.489607772572484,109.33581821140967,6800.156111742488,8.27298512972025,15.599224947137525,718.6797173995467,0.8036944169337157,0.007739377265647331,-0.00010420304625231878,0.5949919120213651
8.3,51.31897394657703,110.89450319048339,6871.8232558570735,8.313681352002186,15.573474674190713,714.6819146454864,0.803694377351311,0.007803743905171029,-0.0001348763504267492,0.5949911185919678
8.4,52.152508844534694,112.45077952205614,6943.09272878947,8.357348536593351,15.552782889295951,710.7232371323948,0.8036951850292311,0.007802026885232409,-0.00018566644414196688,0.5949900364420261
8.5,52.99028461498595,114.00482853573278,7013.9680719531725,8.397835306915074,15.527700238912198,706.8028639154817,0.8036953591983437,0.007849031026516667,-0.00022283623522928648,0.5949891702031241
8.6,53.83219770089923,115.55652501815744,7084.452486751901,8.44054689991008,15.506615959548483,702.9207898496711,0.8036960133742992,0.00785994238908286,-0.000269480832759994,0.5949881232192616
8.700000000000001,54.6783470339283,117.10586148600858,7154.551696998015,8.483475737895805,15.477776322615387,699.0759929022493,0.8036969095712829,0.007897823606763318,-0.00039140659239909886,0.59498634331279
8.8,55.52884119053647,118.65244472786635,7224.267584370332,8.52527733422128,15.456260750118277,695.2673664515078,0.8037002202897936,0.007914260139325119,-0.0006999856697559743,0.5949813698029934
8.9,56.38346295424394,120.19675309781752,7293.605344685592,8.568188350412179,15.427588930565182,691.4944561315369,0.8037015278360222,0.007949429979362085,-0.0008545661428197293,0.5949789327646436
9.0,57.24245438172256,121.73820550174203,7362.567898634855,8.610814235572459,15.403165841729136,687.7568871342318,0.8037044904899238,0.007967793551278647,-0.0011444171394496946,0.5949741982150712
9.1,58.10566010890054,123.27713319549392,7431.15822252484,8.654166127358103,15.373584081977102,684.0543482130352,0.8037059354977888,0.008002456620281167,-0.0013145730974876914,0.5949714294243346
9.200000000000001,58.973279766473,124.81306565276941,7499.380010249713,8.69758164691178,15.346435310319197,680.3864738692715,0.8037086489443553,0.008021172418877022,-0.0015934221874096917,0.5949668305130954
9.3,59.8451942777025,126.34626354896548,7567.2370799670125,8.741825816887113,15.31604295266183,676.7528761492699,0.8037101607767371,0.0080567044321119,-0.0017747176332213504,0.5949637949953317
9.4,60.72218488556274,127.87647612992487,7634.732285925474,8.79624424708008,15.289038041361659,673.152909496129,0.8037108542083924,0.008373637829601658,-0.0021777346764706136,0.5949571434051312
9.5,61.6038001530345,129.40381823919915,7701.868729053974,8.83759362963021,15.256841494156552,669.5847939203269,0.8037107947369984,0.008681313787679529,-0.0024697141398727076,0.5949516734376075
9.600000000000001,62.490410093087945,130.92801234834897,7768.650103899774,8.89428362369983,15.227948583268113,666.049467777466,0.8037118121259199,0.00889129324013567,-0.0028458983665293446,0.5949455175192725
9.700000000000001,63.38217389462438,132.44926045366293,7835.0800812046045,8.941194677911952,15.196036339676622,662.5453886854848,0.8037118741584197,0.00915413660129769,-0.003164678904726026,0.5949398372333754
9.8,64.27917881078817,133.9672928967614,7901.160475056037,8.99981079165133,15.165479813964728,659.0733870098749,0.8037127649120904,0.009336958931734864,-0.0035181644975801406,0.5949338074389773
9.9,65.18180991378145,135.4823013173711,7966.8959706965215,9.052158821424058,15.133715338756097,655.632160028726,0.8037114517815696,0.009750319262535185,-0.0038594136886909718,0.5949268345565024
10.0,66.08995460607784,136.99404100907194,8032.288848960424,9.112414258785009,15.101763993405315,652.2221510830186,0.8037112889027617,0.010025399019548728,-0.004195377672000176,0.5949202083228889
10.100000000000001,67.00399566209478,138.50286106017734,8097.341806561252,9.166634220991169,15.074859610752048,648.8419972076774,0.803708945382077,0.010428219411261248,-0.004409525815321494,0.5949149010025079
10.200000000000001,67.92367236267954,140.00867036254107,8162.058223817703,9.229199074030397,15.040737019316525,645.4916236366348,0.8037067849138636,0.010659759947886165,-0.004505468338490583,0.5949129971317862
10.3,68.8496645761667,141.51130166454917,8226.44130282455,9.288605080835987,15.013049470339404,642.1701895209832,0.8037045985238696,0.011035782141268527,-0.004760896290951019,0.5949071050934113
10.4,69.78150515530211,143.01110330420667,8290.493428970802,9.35045729728608,14.98183523714005,638.8777140149583,0.8037020755086101,0.011288654983256732,-0.004837557651793408,0.5949051505305589
10.5,70.71982073328188,144.5077861080157,8354.217722993455,9.414259507501276,14.953204006362038,635.6138369423555,0.8037003176380223,0.011613940573000314,-0.005022149176696648,0.594899734266671
10.600000000000001,71.66427783330921,146.0017360905056,8417.617554955872,9.476235873428083,14.924709620937858,632.3780613247338,0.8036974787890044,0.011900692616402446,-0.00512964149618745,0.5948969851004191
10.700000000000001,72.61526685465955,147.49269959698995,8480.694849366235,9.54305489900913,14.895580081674971,629.170647653155,0.8036965911341947,0.012130594267911446,-0.005191900744667308,0.5948930006720872
10.8,73.57271221561088,148.98096423532286,8543.453115660259,9.606105467261521,14.869367755468902,625.9902080397637,0.8036943947953462,0.012390995908449963,-0.005295132273546119,0.5948896910933525
10.9,74.53630503309144,150.4670625101149,8605.894208014915,9.66625905566098,14.852996216052224,622.8372534709183,0.8036874279822487,0.012735254548904701,-0.005265167665374178,0.5948920989593893
11.0,75.50632991671613,151.95096153142453,8668.02165050195,9.734438495530929,14.823808263111133,619.7161710123759,0.8036798949647869,0.013021241356851402,-0.004951693101885082,0.5948987766320759
11.100000000000001,76.48286658107541,153.43238379864246,8729.838695733088,9.795051308873786,14.807595399215906,616.6300693069309,0.8036755329116214,0.013281579971165377,-0.004815973325093958,0.5949000284363942
11.200000000000001,77.46551871896638,154.91231018440746,8791.348941360691,9.859310720012454,14.788425495302281,613.5798274991281,0.8036680735447104,0.013515143798982292,-0.00441207072570882,0.5949079778292926
11.3,78.45463283289317,156.3901480885537,8852.555948380043,9.92150059166867,14.771238936360346,610.5642759796341,0.8036632386202129,0.013767988721572427,-0.004297617813692987,0.594909549308263
11.4,79.44975283939087,157.86681154242714,8913.463225202051,9.981842111901504,14.760625907153544,607.5827757502283,0.8036566192437571,0.013986566196262295,-0.003934126610069392,0.5949159074689031
11.5,80.4511103598325,159.3420461161063,8974.073977015514,10.044588576561596,14.745115731850396,604.6360105986955,0.8036501792682756,0.01426035080274926,-0.003730547174966666,0.5949194187239364
11.600000000000001,81.45847999865984,160.8162172012092,9034.39167953495,10.10288581444395,14.738896776102974,601.7224767881604,0.8036432787719304,0.0145907595007976,-0.0034760011613304627,0.5949222702486584
11.700000000000001,82.47181603088053,162.28961046011867,9094.419248081806,10.164095457304795,14.727152865991146,598.8409464737509,0.8036348342860089,0.014936288008961695,-0.003185137146202711,0.5949267310551547
11.8,83.49117595405218,163.7616994626667,9154.160174924926,10.222411919169435,14.717673698666616,595.9902103125415,0.8036328590873787,0.01508855137870988,-0.00320440962939101,0.5949254534572079
11.9,84.51631011494621,165.23346109628113,9213.6166195575,10.28078687599642,14.716054898943332,593.1697586331823,0.8036270007787315,0.015356239397925544,-0.0029786239578981806,0.5949276908417119
12.0,85.54735951813399,166.70455015400503,9272.793130327169,10.339475290307837,14.706098678847123,590.3787895777416,0.8036220835056506,0.015594584603497446,-0.002885995128624794,0.594928589719135
12.100000000000001,86.58411391885225,168.17508550154002,9331.69127785047,10.395769020261497,14.705776980534809,587.616841131589,0.8036187937029431,0.01578399081962805,-0.002792660049675388,0.5949284840139019
12.200000000000001,87.62657907694486,169.64551409521528,9390.314852539243,10.453510968967233,14.701294591984938,584.8819639758169,0.8036120402807394,0.016072187005691487,-0.0025906317732460986,0.5949308045039329
12.3,88.6747369365983,171.11540995788292,9448.666581345517,10.509255784305553,14.698374611683539,582.1742624504154,0.8036089433960606,0.016254278442324546,-0.0025491416937134105,0.5949302197760774
12.4,89.72843661727909,172.58535332745,9506.748513671266,10.564940204902257,14.699679810799054,579.4948989751069,0.8036037660579781,0.016464473381792244,-0.002361861141506224,0.594932206142551
12.5,90.7877182334365,174.05516163145435,9564.563269872398,10.620582072339804,14.696694040331048,576.8418453350556,0.8035989391782549,0.016681422761606272,-0.0022524135795912387,0.5949331069282483
12.600000000000001,91.85248719878513,175.52492293256913,9622.114820367833,10.674606902956498,14.699308378238815,574.214877843308,0.8035952470058495,0.01686298134903818,-0.0021509856369190134,0.5949333509817881
12.700000000000001,92.92262234644639,176.99489717927926,9679.405095697672,10.727842413720497,14.698770345472907,571.6132171917103,0.8035901157878461,0.017057031516277223,-0.001984861504343555,0.5949353274169701
12.8,93.99805822489233,178.46473244392467,9736.435641745096,10.781022770627802,14.699604568848452,569.0359511965056,0.8035890116110838,0.017112441113940488,-0.0019426702085348071,0.5949353669177049
12.9,95.07883476025054,179.9349841909046,9793.210181760804,10.834082409349907,14.704647818599298,566.4827830776471,0.803585118255212,0.017268500025006565,-0.0018001978299453285,0.5949365646129144
13.0,96.16481332448994,181.4054544292737,9849.729960398503,10.885245532265573,14.704710662241713,563.9529433491809,0.8035815988311608,0.017403502008998102,-0.0016908419042190653,0.5949377053031963
13.100000000000001,97.25590452911949,182.87612600977377,9905.99835928572,10.936934378283777,14.709675798059758,561.4462892392004,0.8035798408081142,0.01748419994693594,-0.001619384889647038,0.5949379125518901
13.200000000000001,98.3517081660057,184.3473251781531,9962.02827407531,10.931064430058612,14.710361678931111,560.4048342606337,0.803575341190565,0.01765508423645614,-0.0014696608895438338,0.5949393323087158
13.3,99.40826356683866,185.81570343344538,10018.98738097503,10.16797748726473,14.65519832502332,579.520420127425,0.803572908882799,0.01775381619454942,-0.0013904380684613112,0.5949398699046357
13.4,100.3823941220413,187.27811624549364,10078.014028199785,9.29980650055321,14.590673919866669,601.3296845812288,0.803569943568828,0.017872415672457075,-0.0012825329495498143,0.5949405664938765
13.5,101.26494669387105,188.7330659804134,10139.33841953001,8.335177373820018,14.504186260002095,625.5869196059546,0.803565981373313,0.018018437148518047,-0.0011566700300133393,0.5949417716186273
13.600000000000001,102.04580485188926,190.1784277732622,10203.22826498789,7.266384388803194,14.401038054677146,652.5061229080735,0.8035636975470524,0.018109774383996555,-0.0010758385796226697,0.5949422346981432
13.700000000000001,102.71457700620799,191.61258126087702,10269.950129425044,6.083933324839955,14.27679544211178,682.3420963460492,0.8035597329479314,0.018251664685077603,-0.0009378271418537214,0.5949434870650527
13.8,103.25865220890731,193.03277138179314,10339.809777331067,4.780451564860729,14.122416785570655,715.292199182537,0.80355624439841,0.018337282042847285,-0.00077537385877874,0.594945800028022
13.9,103.66643809163794,194.4361102945434,10413.130544729418,3.3512938642119225,13.938798016655081,751.5575046168389,0.803552568925404,0.018446019041068226,-0.0006344684842652799,0.5949475697947363
14.0,103.92431184839268,195.81924482502365,10490.248175146487,1.7807836082082984,13.717550324062096,791.3788246864651,0.8035486897830599,0.0185540186140711,-0.00047524195503253824,0.5949495992823934
14.100000000000001,104.01772811432741,197.17830794656356,10571.540036835086,0.06644168979389778,13.457267858010377,835.0393288331232,0.8035451421764694,0.01864454018377608,-0.00032857373311572993,0.5949516599230856
14.200000000000001,103.93185328441513,198.50913149884155,10657.389028256805,-1.8094636243978846,13.15077879578946,882.7907732741941,0.8035411383999128,0.01875825856374766,-0.00017419753474347296,0.5949535580949548
14.3,103.65028626070477,199.80678575632408,10748.233851142631,-3.8536648724647202,12.793225393601997,935.0017219752351,0.8035375319697933,0.018844336211047443,-2.338991475704457e-05,0.594955733783254
14.4,103.1548391118658,201.0658261430136,10844.54546539185,-6.085127789678113,12.377777863401512,992.0174162241165,0.8035335158437581,0.018954694199553968,0.00012870536769442478,0.5949576387596842
14.5,102.42690052261983,202.28003059397142,10946.780048144989,-8.514360186926835,11.890068374767855,1054.2485947088708,0.803531157313869,0.019015377783576568,0.00019807141256969807,0.5949588686634544
14.600000000000001,101.44457468920444,203.44340039746828,11055.534400833256,-11.173982120700225,11.3831403786593,1122.1981903775998,0.8035352964494613,0.018986807198273944,4.213337368610054e-06,0.5949542238647775
14.700000000000001,100.18378918015962,204.55511797391895,11171.38525696084,-14.079020138145514,10.835859534539086,1196.3977774974717,0.8035344843721305,0.01902493967825085,2.2948153418415976e-05,0.5949541020687524
14.8,98.61969838161288,205.60972454316754,11294.987287330603,-17.259902455070893,10.259182718378145,1277.4290958992037,0.8035377612411748,0.019005945342754616,-0.0001347144821105045,0.5949502686386127
14.9,96.72214987255283,206.6053646598277,11427.050958290554,-20.73898792987506,9.638412860614537,1365.947483192587,0.803537679777804,0.01903183080933619,-0.0001488939824888223,0.5949495477970633
15.0,94.47347744200955,207.5386890177978,11568.029794853,-24.180057124199788,9.047729133587028,1453.1930531973974,0.8035403140444388,0.019019689119999787,-0.00027893469201332836,0.5949463314674533
15.100000000000001,91.89863575813723,208.4174954713666,11717.263905651362,-27.25616465806683,8.534203854606332,1531.1749668463897,0.8035378763740273,0.019215307767344994,-0.0003393326354719738,0.5949433065705396
15.200000000000001,89.03033900903448,209.24635365913582,11873.808210193693,-30.060920019465975,8.054695556752447,1599.984186727858,0.8035355956626619,0.019497101467362523,-0.0004869856805616357,0.5949371163260614
15.3,85.89864805344615,210.03094333298907,12036.879566024445,-32.51347149701226,7.6447385161187205,1659.9304413241591,0.803533246114112,0.019698348995244707,-0.0005605738613520694,0.5949335956164565
15.4,82.5363947132489,210.77634659388158,12205.561601879697,-34.68485830178194,7.273054938317147,1711.3914139824853,0.8035305758002885,0.01998058817236047,-0.0006988057531457619,0.5949276439373637
15.5,78.97291671476593,211.4878492849686,12378.979863951643,-36.534372609647335,6.963432016255037,1754.853262139745,0.8035284406981763,0.02017648672092564,-0.0007812239652182767,0.594923813661778
15.600000000000001,75.23867178211528,212.16964322851527,12556.37709635822,-38.106970280521,6.683144213436136,1790.8401134150758,0.8035274635359726,0.020419423480366482,-0.001002836736501612,0.5949165124676367
15.700000000000001,71.36056976311585,212.8275622511126,12736.961045291326,-39.405808537752705,6.485340996439749,1819.927096162617,0.8035275693945519,0.02057998920965417,-0.0011742219394303348,0.594910523078766
15.8,67.36607046389862,213.46723322184977,12920.079535886385,-40.44570096793295,6.311660549226539,1842.753433668257,0.8035257851778538,0.02082265985498123,-0.0013536780121718099,0.594904107354048
15.9,63.27871889357826,214.0917874601021,13105.189910684929,-41.26294737496466,6.19019036811535,1859.96247443791,0.8035259878332401,0.020997064247870328,-0.00155940667720932,0.5948971998760806
16.0,59.12038554218381,214.70607284085756,13291.764608259053,-41.89433105403338,6.086323852538161,1872.2010130084327,0.8035253700465032,0.02116218741584986,-0.0017074702913819953,0.5948917767633124
16.1,54.90646855517532,215.30906414370835,13479.272767076238,-42.20972723945982,6.009279222271019,1876.388771694838,0.8035382282761282,0.020587729021039985,-0.0017733649351298992,0.5948943740609957
16.2,50.70494862616066,215.91354572111592,13666.35652496606,-41.830301624391645,6.076015259151883,1867.340375392879,0.8035458099864738,0.020259923177590636,-0.0018598688949354697,0.5948951232391415
16.3,46.53579345146713,216.5216279585,13852.755741552211,-41.56573564577955,6.078384390389908,1858.577622514189,0.803551544154896,0.02006875645972898,-0.0019694485740963785,0.5948935049004623
16.400000000000002,42.393589309470656,217.1303320844391,14038.294671851805,-41.26416491538963,6.104625136584169,1850.0763674042516,0.8035632278442765,0.019511736630529145,-0.002033353713862121,0.5948960383653791
16.5,38.282470970783166,217.74244138153264,14222.996189885576,-40.975426419459346,6.131898736343748,1841.8221247695956,0.8035682225850482,0.019333039352296695,-0.0021360183747208016,0.5948947660438876
16.6,34.19561656489818,218.3576151531035,14406.882635005357,-40.7575152595673,6.172767189114247,1833.786793284483,0.8035728632919181,0.01898317891714501,-0.0019348322958058183,0.5949004527843417
16.7,30.133491780576822,218.9757268201637,14589.960067277285,-40.481770718141796,6.183028532649907,1825.9635689302304,0.803574561824126,0.018631327070441437,-0.0016512669139845768,0.5949101365402482
16.8,26.097250927746988,219.5944251027387,14772.168714139018,-40.256923390175864,6.196979857139097,1818.3451846315822,0.8035780899826688,0.018422433761605336,-0.0016264544289148683,0.5949119446439916
16.900000000000002,22.0814132942892,220.215690265972,14953.626021297818,-40.05289897451807,6.225500559100615,1810.9321173428564,0.8035812947130699,0.018043600026003116,-0.001355073446564376,0.5949199064254972
17.0,18.087692695212702,220.8386265359445,15134.311605967381,-39.82488805224851,6.231556929240721,1803.7248121726911,0.8035831939880678,0.017753238746179033,-0.0011723198912586782,0.5949264648005071
17.1,14.11461218640801,221.46246241999464,15314.286064088312,-39.643527294724144,6.248668247638905,1796.7166675086064,0.8035865692471575,0.017492690823449227,-0.00107856698288215,0.5949298010577398
17.2,10.15811934327171,222.08875767285713,15493.567831314513,-39.48614640359446,6.276330072868381,1789.8958239022058,0.8035890503283593,0.017077079584650663,-0.0007326221350538142,0.5949390513405823
17.3,6.218358627250212,222.71699253752536,15672.17725227224,-39.30707087648443,6.285514551789815,1783.2502983680752,0.8035901985337407,0.016630908151313576,-0.00034307682963678553,0.5949504920687557
17.400000000000002,2.295845927181871,223.34604681979528,15850.131878785312,-39.15154269208032,6.298919686625476,1776.7758752236984,0.8035923108112476,0.016277159854470105,-0.00012091704610265195,0.5949575089459576
17.5,-1.612872020891409,223.9771385253156,16027.446504702519,-39.02166955783944,6.321612583133476,1770.4702228769295,0.803593844335604,0.015854438229598703,0.0002339668251174996,0.5949668187335103
17.6,-5.507971262429498,224.60989045477058,16204.14150455074,-38.88070524795533,6.331954339943076,1764.3334351392382,0.8035945510846702,0.01542500819760101,0.0005935613517670693,0.594976902302983
17.7,-9.389716924781883,225.24368807205965,16380.230475071874,-38.75970038417437,6.346077217738172,1758.3617493069337,0.8035959800048251,0.015055214664400685,0.0008443959519790192,0.5949841413239263
17.8,-13.26058233783346,225.87932160654705,16555.73061924194,-38.65745775132417,6.365751081959193,1752.5539921743,0.8035967897863643,0.014636752655484354,0.0011893347676628907,0.5949928994530628
17.900000000000002,-17.120967838475813,226.51651402702643,16730.659636837783,-38.546402493634616,6.375807838794637,1746.9096616384184,0.8035969536699294,0.014212537504886014,0.0015375331141967833,0.595002164552369
18.0,-20.96840424928286,227.15343375228665,16905.030409700077,-38.40453624639251,6.362005757204746,1741.4021914078082,0.8035991779927059,0.013987050754975047,0.0014856921069110742,0.5950046354942022
18.1,-24.804230151374156,227.79002816527003,17078.85625406426,-38.32397268063947,6.376343143937621,1736.0156008101112,0.8036048990243498,0.01390603499959246,0.001209892558579379,0.594999432449016
18.2,-28.633486594532116,228.4288678794141,17252.145953700274,-38.253193494111876,6.3953566008468545,1730.7510949623893,0.8036077268958824,0.013606926466347091,0.0013498237598172148,0.5950022275598551
18.3,-32.45318935087386,229.0679563296337,17424.90079492245,-38.1390792557073,6.384172189884943,1725.6078594303046,0.8036097306852419,0.01334652542141459,0.0013734435750026243,0.595005365236243
18.400000000000002,-36.262558284766584,229.70618867628295,17597.14650277939,-38.05745489222557,6.38521900091058,1720.5825453044138,0.8036145753903675,0.013238512178022327,0.0011356757879810732,0.5950017363470264
18.5,-40.0655742199787,230.34544497789645,17768.895355714878,-38.00024911699853,6.398092002697883,1715.6750958707657,0.8036181059750813,0.012998078833693269,0.001164647029330287,0.5950022128471063
18.6,-43.86142256944612,230.98502117065445,17940.274815012428,-37.91262285497346,6.390125312092414,1710.8851006823274,0.8036200398573088,0.012713556255602521,0.0012455657390770976,0.5950055845057782
18.7,-47.648387510462285,231.6234475955975,18111.129652554624,-37.833016512725166,6.381085770926013,1706.2114767634557,0.8036239259160675,0.012564408585643644,0.0010741792132876675,0.5950038381986774
18.8,-51.42910305575019,232.26175956749253,18281.522960793096,-37.782929050169585,6.385902462925424,1701.6520114713119,0.8036279399524334,0.012377572816760293,0.0009967338549346097,0.5950024675079895
18.900000000000002,-55.20451375929207,232.9002807692997,18451.43808724444,-37.72101260252467,6.381560475057491,1697.206791269716,0.8036301970688416,0.012096273599037961,0.0010824145937758747,0.5950050545186647
19.0,-58.97293289010736,233.5377157272891,18620.901177499603,-37.64952778432713,6.367443032734032,1692.8754671486859,0.8036331092073288,0.01189055209638393,0.0010132213044269057,0.595005389840456
19.1,-62.73522486232831,234.17410412191387,18789.937136602384,-37.59997621835375,6.36216069354677,1688.655500058991,0.8036370902278772,0.011732134651422454,0.0008724154375927285,0.5950033807617363
19.200000000000003,-66.49316257450691,234.81028487425957,18958.558484773832,-37.55540259700138,6.362525931486242,1684.5427409415738,0.8036399431110959,0.011497882830909733,0.0008931687852813315,0.5950040695460177
19.3,-70.2454192474314,235.44690011005594,19126.770279255707,-37.488558370373354,6.368458612213576,1680.51532519917,0.8036395510634768,0.011415278816332466,0.0009982074952869814,0.5950060226231622
19.400000000000002,-73.99142137059286,236.08333561116314,19294.598881734455,-37.436816430520935,6.357132234729706,1676.5664689813507,0.8036378131420677,0.01154247471421054,0.00101630045732375,0.5950058854323103
19.5,-77.73352878221277,236.7181855180068,19462.049452936062,-37.4059193089029,6.3418075435635775,1672.6959302591777,0.803638899848082,0.01149635493024662,0.0009902393659966403,0.5950053545139575
19.6,-81.4721212092383,237.3522760285441,19629.115880609515,-37.36200966418318,6.342175084356998,1668.9043393348459,0.8036404410633378,0.011312233450589486,0.0010490649399852016,0.595006701075404
19.700000000000003,-85.20554392213086,237.9866299668981,19795.807368674803,-37.30740592155215,6.342956776893736,1665.1908726830275,0.8036394876360697,0.011304465004324542,0.0011288851827803439,0.5950079903675624
19.8,-88.93420310484048,238.62040356133105,19962.131450332,-37.26952395338738,6.331055553518804,1661.5537620897264,0.8036385572022486,0.011386910195522532,0.0011317544482461396,0.5950076695186005
19.900000000000002,-92.65980819696334,239.25290666127555,20128.095364670993,-37.2420949093164,6.320836025810181,1657.9926266312716,0.8036397783102714,0.011302876940645743,0.0011269597695262607,0.5950076315913606
20.0,-96.38220681476683,239.88496246222576,20293.707603558247,-37.203491924713475,6.321424732810641,1654.5079148870107,0.8036407161235493,0.011158692082599066,0.0011898442501692018,0.5950089640081863
20.1,-100.10033881752855,240.5171179556013,20458.975691674954,-37.160477024895016,6.32013432463132,1651.0989638602355,0.8036398524957107,0.011162367014319496,0.001255024602640938,0.5950099276117641
20.200000000000003,-103.8147666727925,241.1486825531406,20623.90468173649,-37.13042404490131,6.310227983079755,1647.7639119894593,0.8036392731494897,0.011214167132350879,0.0012611698926445361,0.5950097230783623
20.3,-107.52668097462606,241.77923498817015,20788.501710463348,-37.10760314514433,6.302133494941607,1644.5025515149869,0.8036402514594616,0.01113718333637721,0.001264809419377296,0.5950098399511035
20.400000000000002,-111.23601175331672,242.4093854770256,20952.752292625886,-37.077426766808614,6.301711625821734,1641.315410678521,0.8036410347931117,0.011012474690886506,0.001320104038818129,0.5950109830273438
20.5,-114.94196491376965,243.0395433388462,21116.688724710904,-37.04081232376623,6.300339975522152,1638.194880577725,0.803640407885601,0.011003449023394434,0.0013737372419451196,0.595011875317665
20.6,-118.64440615685433,243.66920767828236,21280.314871931136,-37.010448584315476,6.292164447170093,1635.1292589918571,0.8036397766621549,0.011099876661719972,0.0013349087876527123,0.595011025211319
20.700000000000003,-122.34447577809624,244.29799561144304,21443.636602852126,-36.99215982909492,6.2845154697272765,1632.1175927055172,0.8036406045544104,0.01113483159699565,0.0012629939501436521,0.5950094109197016
20.8,-126.04279077618065,244.92632617219783,21606.660620521743,-36.97262817188069,6.282964665290058,1629.160385044252,0.8036417314050047,0.01106496361134856,0.001267074434155498,0.5950091836661213
20.900000000000002,-129.7386753839446,245.5546216084042,21769.390823497077,-36.94415255613822,6.282395186090145,1626.2570018659142,0.8036416188431986,0.011028030381447609,0.0013168079231026671,0.595009913384544
21.0,-133.4316384827455,246.18263038163875,21931.83378917288,-36.916378279587896,6.276938157888168,1623.4068786464295,0.8036409497485363,0.011091978721586782,0.0013105870990062843,0.5950096421544498
21.1,-137.12228129746157,246.80993737793133,22093.99438561544,-36.89815750592955,6.269482199595132,1620.6095233633487,0.8036412194584444,0.011154344417885577,0.001247642464026967,0.595008247317828
21.200000000000003,-140.81139900478078,247.4366582660589,22255.877865308747,-36.88385332865034,6.265766557640848,1617.8648410847568,0.8036422735457666,0.011126990302449024,0.0012172419442373972,0.5950073987599227
21.3,-144.4988813690723,248.06319934632316,22417.491481598412,-36.86441035510913,6.265154816115256,1615.172402603576,0.8036427670156447,0.011069806686643884,0.0012482899414595194,0.5950077345510566
21.400000000000002,-148.1842301699506,248.68950730425996,22578.83552532508,-36.843112084380756,6.259626717685161,1612.52500254243,0.8036426136219339,0.01106308993023272,0.001265010039055343,0.5950080313421859
21.5,-151.86766146926647,249.3149634434589,22739.91694432556,-36.826492722846815,6.249535738376044,1609.9180060704987,0.80364363777754,0.011044813386993027,0.0011981553133924919,0.5950071259915913
21.6,-155.54966097243562,249.93957045866728,22900.73992873404,-36.813716459195646,6.243821342380896,1607.3509116668095,0.8036459688646065,0.010962198136850109,0.00110385407402983,0.5950056877424446
21.700000000000003,-159.23035952635902,250.56393380326273,23061.307715276977,-36.7999113257635,6.243893864169103,1604.8242223451653,0.8036478462296827,0.010860450177407471,0.0010723363728719197,0.5950050755809063
21.8,-162.90954690094247,251.18830601977615,23221.62679265131,-36.783560824122425,6.242705811029445,1602.337360443037,0.8036483266949853,0.010806800633531604,0.0010956035336570442,0.595005361079473
21.900000000000002,-166.58709992322378,251.81226953660445,23381.696434803333,-36.768061047921194,6.235708220620415,1599.8895062601237,0.8036484998834041,0.010796005416703907,0.001091449238952605,0.5950053307666712
22.0,-170.26329346625235,252.43537361762358,23541.526501969045,-36.75644110954448,6.226589882692009,1597.4813046630386,0.8036497655024365,0.01076373219637877,0.0010217346131974735,0.5950043298459801
22.1,-173.93848080476596,253.05772165315665,23701.114023830443,-36.747452736974324,6.221243824528844,1595.1116765768916,0.8036518987832869,0.010681481168773484,0.0009403723991307904,0.5950030649011899
22.200000000000003,-177.61275383460716,253.6797641003574,23860.469148886106,-36.73772061287346,6.219896742913495,1592.781384942385,0.8036535742099278,0.010588468389992953,0.0009109774579145051,0.595002510176918
22.3,-181.2859678866222,254.301667901496,24019.591669403355,-36.72635371671812,6.2175808052198684,1590.4894400636838,0.8036541740531049,0.01053401243938864,0.0009243627237747786,0.5950026459289935
22.400000000000002,-184.95804737076358,254.92312856918466,24178.487414742187,-36.715657477422496,6.211046512390347,1588.2358350685374,0.8036545011497156,0.010514599479620123,0.0009189939519915566,0.5950025558177892
22.5,-188.62921926128678,255.54383803063624,24337.161154899004,-36.708666990750544,6.203862046394674,1586.018346268374,0.8036555794819675,0.010484569786193484,0.0008683001292163232,0.5950017053914946
22.6,-192.2999650157567,256.1642303459049,24495.613099797585,-36.70665276126632,6.2052521726096455,1583.8293963050505,0.803656694253231,0.010425019747928319,0.0008899421681310982,0.5950012140728466
22.700000000000003,-195.97050961364172,256.7849682326975,24653.846578583456,-36.703621653179106,6.208906651576571,1581.6679451668715,0.8036557283905247,0.010362219574442484,0.0010738013262697693,0.5950033122439723
22.8,-199.64053341907027,257.40578181951315,24811.86574855082,-36.6960885202805,6.205881391358797,1579.5336857971606,0.8036529240675924,0.010324598816840273,0.0013154946049818807,0.5950072686705805
22.900000000000002,-203.30966740609648,258.0259056472823,24969.6735456643,-36.68680055566219,6.1959588010082856,1577.4265074124407,0.803650694872881,0.010309062044114126,0.001453732340395344,0.5950102272502455
23.0,-206.97801585425955,258.64500718026034,25127.271236149798,-36.681008655234,6.186988563217169,1575.3462702590864,0.8036505593566433,0.010287980936474143,0.0014559630724743221,0.595010769705504
23.1,-210.64605416526365,259.2635522266308,25284.662323906105,-36.68045715594831,6.1852154519025415,1573.2927394122873,0.8036515638928031,0.0102423495383887,0.0014433002525340167,0.5950102310153721
23.200000000000003,-214.31416770118494,259.8822327236371,25441.848126417888,-36.681748954393775,6.188713384214271,1571.265807397862,0.8036515869561599,0.010180747950405748,0.001542091357396489,0.5950110092328219
23.3,-217.98231947600382,260.5012359700125,25598.839991494973,-36.68072015788386,6.1905014675097405,1569.2653294474878,0.8036496907037276,0.010128614519619862,0.0017511420182799694,0.5950138816039066
23.400000000000002,-221.65020714987634,261.12013235959716,25755.634608983797,-36.67675375508539,6.186401150315557,1567.2911084048662,0.803647027763275,0.010099170882989865,0.0019544469745932996,0.5950173456730095
23.5,-225.3176728534558,261.73840033988836,25912.233976473566,-36.67293404402936,6.1787652009222755,1565.3431326679342,0.8036454842281098,0.01008151936968284,0.0020498600083097463,0.5950194086926176
23.6,-228.98490915703968,262.3559709181316,26068.64016167385,-36.67250064170095,6.173531770501021,1563.421116090267,0.8036456259226485,0.01005357031284011,0.0020525956576111512,0.5950196807757082
23.700000000000003,-232.65229688065887,262.9732961525994,26224.856708360152,-36.67571615073497,6.173820033261753,1561.5249274290984,0.8036462935329219,0.010005033952234453,0.0020677225423048214,0.5950195448133612
23.8,-236.32008569518007,263.5908509320971,26380.882595096773,-36.67996205848174,6.177352767364983,1559.6546410797791,0.8036458941841813,0.00994647188855188,0.00217987118634336,0.5950206657079137
23.900000000000002,-239.98822998228474,264.20871345317863,26536.72294945737,-36.682501429785134,6.1792803980764175,1557.8097911831142,0.8036439448009315,0.00989688042786251,0.002375109748897109,0.5950233781930543
24.0,-243.65651780668173,264.8265599226816,26692.38185134939,-36.68303762086544,6.176932645407698,1555.990185175275,0.8036414469985045,0.009865281545691173,0.002566485989038363,0.5950264817937453
24.1,-247.32483618905468,265.4440073434681,26847.859190267754,-36.68355553244824,6.1718443501957685,1554.1959469893877,0.8036398159171673,0.009844402929426432,0.002675446281722069,0.5950285505677676
24.200000000000003,-250.9932552557181,266.06096465924065,27003.15796360859,-36.68437374540513,6.167524267519464,1552.4249172342304,0.8036395777821946,0.009821017168972664,0.0026960833848481526,0.5950291654853607
24.3,-254.66162186705108,266.6775886445656,27158.280365794715,-36.6828738659465,6.16546233393828,1550.6718874249052,0.8036399953469046,0.009833094797215997,0.002634596222120119,0.5950286774839363
24.400000000000002,-258.32988833944296,267.29415940278784,27313.227911896684,-36.683060330330065,6.166397374336693,1548.9362864643822,0.8036404554676954,0.009925262501439883,0.0025278691694837897,0.5950269887806893
24.5,-261.99838492379877,267.91091954150914,27468.003484137844,-36.68763211512776,6.168801313565104,1547.2177458417689,0.8036404795552229,0.010074110340681687,0.002446482084731106,0.5950247949846326
24.6,-265.6675326341256,268.527884893622,27622.60777875093,-36.695650108343955,6.170177842558361,1545.5164537813316,0.803639950127644,0.010212374984972475,0.002436507485413227,0.5950231939910224
24.700000000000003,-269.3375186696914,269.14486593647354,27777.043646863734,-36.70369479806046,6.169048285236409,1543.8321600132228,0.8036392514797001,0.010284655253026395,0.002482805526128676,0.5950227012679377
24.8,-273.00817276159995,269.7616341240336,27931.308526048175,-36.70880157688245,6.166143255588722,1542.1649824651809,0.8036388405595838,0.010292167302431245,0.002528361547935532,0.5950229345362661
24.900000000000002,-276.67916359024906,270.3781034289953,28085.413180379677,-36.71058232788436,6.163436476079749,1540.5146774132827,0.8036389329956319,0.010285268717372363,0.0025217159753949327,0.5950229571786227
25.0,-280.350254477855,270.9943876401087,28239.347715431613,-36.7113248178065,6.162661481506217,1538.8817891140461,0.8036393498927387,0.01031996259081045,0.002450854245536547,0.5950220894971613
25.1,-284.0214918904122,271.61070639496506,28393.124758364218,-36.71396081136414,6.163988879515969,1537.265565061343,0.8036396684009501,0.010421287033286063,0.0023549312309698147,0.5950202807030011
25.200000000000003,-287.6931635348705,272.2272134985454,28546.737083278473,-36.71998506210366,6.1661483991997645,1535.6659568757566,0.8036395668069884,0.010561057934717908,0.0022855370881055695,0.5950182241224167
25.3,-291.36557659417093,272.84390572276897,28700.193277347335,-36.72848671857473,6.167427471836516,1534.083288187866,0.8036390206859024,0.010688940354787433,0.0022744179565030846,0.5950167207802269
25.400000000000002,-295.03886030975156,273.4606402631512,28853.492552194242,-36.73730385196246,6.166886295815859,1532.5165290814289,0.8036383398735458,0.010766128749104056,0.0023087845583700003,0.595016116311913
25.5,-298.7130107702722,274.0771842195877,29006.633610954206,-36.745407132787435,6.163579987234108,1530.9630738279907,0.803638086851913,0.01077285286481081,0.0023449356045515566,0.5950161949721711
25.6,-302.387881020879,274.6933150550474,29159.61983411538,-36.75166213648729,6.15909924238496,1529.421665213322,0.8036388878373879,0.01071129788187442,0.002332647490546391,0.595016272726097
25.700000000000003,-306.06327843048825,275.3090571321544,29312.453203444755,-36.755993542723104,6.15622452756919,1527.8924436720915,0.8036406900531547,0.010622976429713623,0.002255537634745846,0.5950157192987772
25.8,-309.73906314172353,275.924662485895,29465.13304325526,-36.759697214804326,6.1564415070725165,1526.3752587693825,0.8036427845236296,0.010564133557241787,0.002139841652117328,0.5950143654089334
25.900000000000002,-313.4152545822904,276.5404332027781,29617.663122239468,-36.76443111341244,6.159254565501509,1524.8699406703686,0.8036443528671652,0.01056889405210191,0.0020337285687423187,0.5950125347682512
26.0,-317.09201708626944,277.1565364206292,29770.04318880913,-36.77122181507308,6.162537270725765,1523.3764104639408,0.8036449233218932,0.01063070732397689,0.0019766276261036714,0.5950108555513656
26.1,-320.76955853317327,277.77289026587994,29922.27461536593,-36.77991604468408,6.164114324150509,1521.8946086436583,0.8036446484788066,0.010709459554373857,0.001976751898761782,0.5950098141202038
26.200000000000003,-324.4480212543012,278.3892686227033,30074.358753048742,-36.78937659356428,6.162970373221518,1520.4243017418885,0.803644186856125,0.010757469356838556,0.002007818034838709,0.5950094675315118
26.3,-328.1274095125884,279.00540454380007,30226.29472155354,-36.7982221013069,6.159622955769299,1518.9660300540431,0.8036442652310668,0.010747639775562522,0.0020267451909500365,0.5950094751383416
26.400000000000002,-331.8076215389624,279.6211799392381,30378.085095355833,-36.80562161535583,6.155891338790164,1517.519270123925,0.8036452548784012,0.01068611553758066,0.0020012789642884087,0.5950093328080275
26.5,-335.4884984051367,280.2366347292049,30529.732905806733,-36.81176267882363,6.153602207514006,1516.0841810695292,0.8036469977123846,0.010609431590790055,0.0019247828991309065,0.5950086035008083
26.6,-339.1699646059575,280.8519755228549,30681.237964878637,-36.81755177795972,6.15359510285601,1514.660678344991,0.8036489416910456,0.010558463913272257,0.0018185776923804516,0.5950072185560703
26.700000000000003,-342.85203717924736,281.46741774920196,30832.600373275065,-36.82411429547962,6.155467997307641,1513.2486690326862,0.8036504370507344,0.010557968968248331,0.0017182287936511728,0.5950055058646447
26.8,-346.53483616277526,282.08308539208195,30983.822744306515,-36.832173826368006,6.157882007732036,1511.848061446254,0.8036511446470673,0.010605541886864626,0.0016545423392262868,0.5950038845910102
26.900000000000002,-350.2185193041915,282.69895843300935,31134.905084662696,-36.8417427046702,6.1593566151483845,1510.4587816144726,0.8036511142819797,0.010674951115691476,0.0016376233881364736,0.5950027311883943
27.0,-353.9032100128299,283.31488928407725,31285.848972546006,-36.852188782853325,6.158929279544239,1509.080808877274,0.8036507611009007,0.010729801799871357,0.0016540660428684714,0.5950021761311501
27.1,-357.5889513445896,283.9306823125585,31436.65576706298,-36.86261094927922,6.156720597148637,1507.7142319009808,0.8036506584724503,0.01074318690507883,0.001675023107067217,0.5950020145928165
27.200000000000003,-361.27569722147564,284.546210333627,31587.32961939448,-36.8723208282158,6.153688745244281,1506.3584706979182,0.8036511941331793,0.010711322205449752,0.0016719346333493792,0.595001874265542
27.3,-364.96338132641984,285.16146155735294,31737.897011729667,-36.881170815672,6.151628724798357,1505.0114594672339,0.8036524072573842,0.010650252872274215,0.0016361389678713092,0.5950014314877283
27.400000000000002,-368.6519136673248,285.7765981640197,31888.357886542643,-36.88939516642428,6.1514330363855905,1503.672573512354,0.8036538249290452,0.010594621732318638,0.0015838851265242192,0.5950006512392828
27.5,-372.3412600699801,286.39180336100486,32038.68504718462,-36.897517003646826,6.152886812582682,1502.3417885135832,0.8036548685002508,0.010572383623000215,0.0015379983336275525,0.5949997576482687
27.6,-376.03144063609705,287.0072019967888,32188.881340703952,-36.906128412063794,6.155089016460484,1501.019013805297,0.8036551234101276,0.010598099320885158,0.0015172874331428172,0.5949990090296643
27.700000000000003,-379.7225149338106,287.62280853001977,32338.942270411553,-36.915611842794846,6.156911090826167,1499.7042074498704,0.803654546120032,0.010663703392057638,0.0015289665851362648,0.5949985867140807
27.8,-383.41459685875543,288.2385397264608,32488.87527961917,-36.92604548458067,6.157453980924244,1498.397262167196,0.8036534510667425,0.010744284628014845,0.0015659940276880387,0.5949985198292954
27.900000000000002,-387.10776428492346,288.8542453613039,32638.67835200267,-36.93714481181013,6.156438058184898,1497.0981419088325,0.8036523340424879,0.010811499436462544,0.0016118124368065534,0.5949986886781057
28.0,-390.8020516302191,289.4697829657732,32788.35114090166,-36.94844380755029,6.154258891493637,1495.8069120198309,0.8036516929513567,0.010842557307650033,0.001647016987111273,0.5949988930262751
28.1,-394.4974333645749,290.0850880749177,32937.895433769845,-36.959515493690475,6.151714414158027,1494.5235368405563,0.8036518031417902,0.010830979714608474,0.0016574419803809027,0.5949989261094953
28.200000000000003,-398.1939380731532,290.70014757750425,33087.31099002504,-36.97005767181403,6.149700729125285,1493.24809355842,0.8036526324144053,0.010788212503007447,0.0016390502570692313,0.59499863394687
28.3,-401.8914466482843,291.3150631008448,33236.598687776735,-36.98010138193376,6.14884507748876,1491.9801270478426,0.803653880031574,0.010733878278108398,0.001599884864524556,0.5949980380940155
28.400000000000002,-405.5899243187789,291.9299557879259,33385.761304944106,-36.98985650469374,6.149270181224926,1490.7203654220507,0.8036550967824332,0.010693332130096081,0.0015532516885257194,0.5949972482900785
28.5,-409.2894223082097,292.5449571641867,33534.8003278784,-36.99966994251145,6.150763351962767,1489.467141593586,0.8036558917875635,0.010684670555196209,0.0015161935650624962,0.594996425676101
28.6,-412.98990191873827,293.16012370138867,33683.71153401322,-37.009875217874374,6.15261225237765,1488.219732697646,0.8036560385460758,0.01071315673747091,0.0014996855828272,0.5949957570641149
28.700000000000003,-416.6914018850241,293.77546705566687,33832.49729106251,-37.02067931459734,6.15416517842226,1486.9785516754978,0.8036555211914507,0.010771763584308654,0.0015102467311032483,0.5949953710093825
28.8,-420.3940490266534,294.39092697317705,33981.16474367921,-37.03216356176233,6.15482008182941,1485.742762516021,0.8036545699756649,0.010843753231215484,0.001540316140719285,0.5949952710730365
28.900000000000002,-424.0978688490637,295.0064029506705,34129.701360782325,-37.04415110405209,6.15447466302094,1484.5130887424725,0.8036535443290138,0.010909205666883722,0.0015802672463067857,0.5949953551705774
29.0,-427.8028915105227,295.6217867361285,34278.12288718023,-37.05637562962287,6.153157446649921,1483.2891438804766,0.80365282416236,0.010949230875304567,0.0016155680996636122,0.5949954978811332
29.1,-431.50912037401656,296.23701671468297,34426.415513756474,-37.0685528631696,6.151399219457931,1482.070873731237,0.8036526539271429,0.010955654951842454,0.0016352608620900362,0.5949955557668889
29.200000000000003,-435.2166137603557,296.85207047804244,34574.59270834557,-37.08043376311412,6.149725004579469,1480.8585575641232,0.8036531199343282,0.010931503153562621,0.0016317779851741778,0.594995380115872
29.3,-438.92519214562344,297.46697978473935,34722.6445314183,-37.09196983484731,6.1486670089629385,1479.6518848987935,0.8036540657954783,0.010888601362375482,0.001608044054583768,0.5949949538316159
29.400000000000002,-442.63498964099074,298.0818266280891,34870.5783394316,-37.10316673243938,6.148425652322582,1478.4510091868792,0.8036552348656161,0.010843554384080665,0.0015698616310951187,0.5949942994145997
29.5,-446.3458369966996,298.6967004389779,35018.39299782453,-37.114227714541705,6.149133476260456,1477.2558953623031,0.8036562976379349,0.010813054440284109,0.001529149132823472,0.5949935250265231
29.6,-450.0578413374773,299.31167716333005,35166.085335021395,-37.12537961545448,6.150469190084189,1476.066256551801,0.8036570013466908,0.01080730255456129,0.0014961967671345167,0.594992762807392
29.700000000000003,-453.77093383773934,299.9267965567795,35313.6654599031,-37.136810809595715,6.1520623866093835,1474.8822849811265,0.8036571407828823,0.01083348403987122,0.0014807024275964582,0.5949921371014588
29.8,-457.4852116013657,300.5420837581456,35461.118557731854,-37.14866608985456,6.153466733671118,1473.7027400819793,0.803656769143228,0.010882863135147379,0.001484968990294675,0.5949917273100088
29.900000000000002,-461.2006950497063,301.1574801994661,35608.463365268115,-37.160972773845046,6.154383906983979,1472.5273670409351,0.8036559932269239,0.010946828243634214,0.0015069563743181076,0.5949915466494768
30.0,-464.917402500119,301.7729335781263,35755.68048948605,-37.1736664302778,6.154576427463507,1471.3564216617092,0.8036550649128887,0.011010289827828245,0.0015400417312438845,0.5949915448384403
30.1,-468.6354471534816,302.38837081142594,35902.79078667424,-37.18662817700092,6.154071822126192,1470.189543376554,0.8036542595408046,0.011059531769164344,0.0015747817353148833,0.5949916284633373
30.200000000000003,-472.35470853186166,303.00373625321316,36049.777238447285,-37.19966252508628,6.153094388339751,1469.0269605443525,0.803653806818364,0.011084803873491733,0.0016017734571810306,0.5949916976153784
30.3,-476.07538003794053,303.6189816976399,36196.65041201642,-37.21260170996177,6.151916458828808,1467.8687198576752,0.8036538242179094,0.011085599108960287,0.0016134285420851754,0.5949916278072025
30.400000000000002,-479.7972113462431,304.2341191867667,36343.41005195328,-37.2253549035242,6.150886483756316,1466.7145306544721,0.8036543562593896,0.01106116265310583,0.0016083203732377034,0.5949913777960524
30.5,-483.52044012584514,304.84917448029796,36490.0500354453,-37.23783521756221,6.150271961032929,1465.564598048792,0.8036552486931737,0.011024227222791913,0.0015863464433797485,0.5949909168777409
30.6,-487.2448507047658,305.464196844121,36636.577304634666,-37.250116803903,6.150284977774689,1464.4190781708714,0.8036563073837828,0.010985298265286556,0.00155307042596802,0.5949902947078529
30.700000000000003,-490.9704500555373,306.0792471502163,36782.99443847322,-37.26228800541979,6.150862566557094,1463.2774895397592,0.8036573241498485,0.01095624780085474,0.001516290727843898,0.5949895518720142
30.8,-494.6972536710174,306.6943872728634,36929.29540145943,-37.27447345379561,6.151955163917899,1462.1401167280324,0.8036580754526806,0.010944908000147982,0.0014838837884193373,0.5949888274896128
30.900000000000002,-498.42536590546194,307.30965035692185,37075.477621805134,-37.28682141633734,6.1533142945895385,1461.0069874427024,0.8036584302192048,0.01095805142787378,0.0014627838815398204,0.5949881586299203
31.0,-502.15469072606,307.9250455735088,37221.55088760896,-37.299412750776746,6.154699029967909,1459.8774059987243,0.8036583484713239,0.010992075485248146,0.0014557050268352199,0.5949876588062526
31.1,-505.88523283048994,308.54058207927267,37367.51656926885,-37.31228710945407,6.155844758858656,1458.75102832709,0.8036578610831185,0.011043418377807977,0.0014641197440581134,0.5949873457336843
31.200000000000003,-509.6171002698724,309.1562097487021,37513.36309971502,-37.32546626189822,6.156611377929613,1457.6279001079183,0.8036571154554513,0.011102472290882567,0.0014864366312615596,0.5949871985118629
31.3,-513.3503687581637,309.7718891840117,37659.095744604565,-37.33891225959167,6.156917995616493,1456.5079179920892,0.8036562918621024,0.011159379339405301,0.0015159104431379882,0.5949871719783064
31.400000000000002,-517.0849433749075,310.3875758749358,37804.72171592396,-37.352520197161596,6.156758714299731,1455.3910114597927,0.8036555802342789,0.011204819613353578,0.001546431822788513,0.594987200639101
31.5,-520.8208233188698,311.0032268172167,37950.23820195809,-37.36619556732846,6.156249443457111,1454.2771352001494,0.8036551253189402,0.011233219294924981,0.001571884850893815,0.5949872128969547
31.6,-524.5581381881187,311.61881890683816,38095.637123636865,-37.379839125401574,6.155583449005419,1453.1663489532734,0.803655033172797,0.011241745969637687,0.0015871828063544638,0.5949871357049022
31.700000000000003,-528.2968435420478,312.234345201777,38240.92555713399,-37.39337030325266,6.154942024720965,1452.0586739531575,0.8036553532016076,0.011229268048616703,0.0015891980519160906,0.5949869336876595
31.8,-532.0368425361783,312.8498152224323,38386.107670006764,-37.40675575763319,6.154500035715335,1450.9542551550785,0.8036560192817103,0.01120306378740138,0.0015768355204295588,0.5949865608766238
31.900000000000002,-535.7781145672511,313.46525735458727,38531.179149170894,-37.41999268033411,6.154406404272334,1449.8528649441294,0.8036569214358654,0.011170161993359896,0.0015532735520869675,0.5949860229035149
32.0,-539.5208117076172,314.0807111881433,38676.14155279675,-37.433098578884376,6.154720055599235,1448.7545432687537,0.803657904488078,0.011137952154947752,0.0015225605558492376,0.5949853782951137
32.1,-543.2648083945058,314.6962148994714,38820.99132758435,-37.446148048692514,6.155411838751939,1447.6592239306938,0.8036588157199427,0.011114061793648348,0.0014898114416935213,0.5949846771202888
32.2,-547.0100546876076,315.31180171424097,38965.72970505851,-37.45921093240249,6.156411298004205,1446.5668273318709,0.8036595157393849,0.011105246116941053,0.001460110492637581,0.5949839698240355
32.300000000000004,-550.7565921857451,315.9274961501904,39110.36050442676,-37.47235199942775,6.1576078686188325,1445.4771407092355,0.8036599080714689,0.011114158756291723,0.001438228005510791,0.5949833267696686
32.4,-554.5045169581839,316.5433234519262,39254.883079387124,-37.48563770919763,6.1588637080600925,1444.3899289071715,0.8036599601107286,0.011140035741883754,0.0014278232998992451,0.5949827975993219
32.5,-558.2537695850733,317.1592720782704,39399.298236725524,-37.49910385970564,6.160029632698578,1443.3049473311814,0.8036596826611174,0.011180956971506506,0.001429281462159945,0.5949824012697646
32.6,-562.0043729489255,317.775325969799,39543.605238997,-37.51276876242802,6.160993132468571,1442.2223719985657,0.8036591348403817,0.011231604562584922,0.0014422343631285642,0.5949821560404992
32.7,-565.756358591687,318.39146410944585,39687.799831360615,-37.5266244883603,6.161668689860968,1441.1419191060688,0.80365842596806,0.011285931570020342,0.001463185821766977,0.5949820343559863
32.800000000000004,-569.5097359692483,319.0076524728038,39831.89447727957,-37.54063601657796,6.162048319593135,1440.0638722927213,0.803657689023569,0.011337214307127995,0.0014894699953306122,0.594981989579671
32.9,-573.26451418363,319.62386403401115,39975.879606288894,-37.554753495330274,6.162139688976459,1438.988093407838,0.8036570534604415,0.011379536808189471,0.0015163555793175582,0.5949819721899725
33.0,-577.0207009534932,320.24007293171115,40119.75878782146,-37.56892107711112,6.16201287095274,1437.9145835180263,0.8036566296024628,0.011408056130155253,0.0015396463637462191,0.5949819387514347
33.1,-580.7782984745811,320.85626192775595,40263.508001688046,-37.583084410590494,6.161761085710502,1436.8433489964368,0.8036564865044916,0.01142106991486901,0.0015558276420261224,0.5949818402788476
33.2,-584.537309105033,321.47242386442855,40407.13805401422,-37.597197438712094,6.161490050411944,1435.7743854451599,0.8036566539753555,0.011418825533724997,0.0015625129773057078,0.5949816396308055
33.300000000000004,-588.2977112745394,322.0885617377143,40550.663194266024,-37.61122969081625,6.161304783431604,1434.7077802113847,0.8036571200283626,0.011403577242790284,0.0015582467367877364,0.5949813137577454
33.4,-592.0595062942265,322.7046894703789,40694.084223974496,-37.62516691208406,6.161283600966783,1433.6434122127043,0.8036578105071569,0.011379701030790139,0.0015441766622870511,0.5949808749310586
33.5,-595.8226847148312,323.3208254133249,40837.39962456884,-37.63901147375341,6.161485341880422,1432.5812095968563,0.8036586728135726,0.011351348772483864,0.0015220977021448917,0.5949803086751337
33.6,-599.5872385314578,323.9369948108747,40980.6071159902,-37.652778057031995,6.161944937235334,1431.520968455074,0.8036595800577883,0.011324344801295445,0.001494841826728085,0.5949796669165037
33.7,-603.3532291420972,324.5532227313834,41123.708842064436,-37.66649299364199,6.162647777027264,1430.4625031688183,0.8036604235256447,0.01130388360061002,0.0014657599583884641,0.5949789890591679
33.800000000000004,-607.1205847646512,325.1695317929865,41266.70497414101,-37.68019875945711,6.163557229078054,1429.4057495816667,0.8036611208538091,0.011293708957832747,0.0014382849973048149,0.5949783074215745
33.9,-610.8893065966012,325.78593979999505,41409.595681238796,-37.693937203416034,6.164614671476494,1428.35072579114,0.8036616021089893,0.011296247916048082,0.0014155206920922836,0.5949776637654575
34.0,-614.6594277154105,326.4024579580503,41552.38113612855,-37.7077482810689,6.165747430962035,1427.2974489021333,0.8036618230938823,0.01131232351137005,0.0013998906759538422,0.5949770968233036
34.1,-618.4308851982037,327.0190905460701,41695.06085146901,-37.72165583824814,6.166877757357304,1426.2459082853984,0.8036617716830525,0.011341346313832228,0.0013928831028772765,0.5949766301929084
34.2,-622.2037348335816,327.63583566166443,41837.637068115,-37.73568123129789,6.167930644915563,1425.1960973039472,0.8036614805435134,0.011380348433811907,0.001395160149543885,0.5949762733826368
34.300000000000004,-625.9779888174215,328.25267468479717,41980.10880629805,-37.74983163997976,6.168859052769071,1424.1478825992185,0.803660998061429,0.011426503256845008,0.0014051438057938732,0.5949760169864954
34.4,-629.7536594606418,328.8695984233626,42122.47528958961,-37.7641025621912,6.16961957037217,1423.1014047812737,0.8036603734463971,0.011476194392533834,0.0014224632515134217,0.5949758631344305
34.5,-633.5307735439467,329.4865879934598,42264.7326727344,-37.77847975963838,6.170199534938084,1422.056788845705,0.8036597275805446,0.01152440155738342,0.00144482896483489,0.594975749844623
34.6,-637.3093793224203,330.1036300598511,42406.88609597419,-37.79294020635578,6.170582661250201,1421.0137999258254,0.8036591268580328,0.011567019680237527,0.0014684489378497736,0.5949756764198164
34.7,-641.0894296789924,330.72070216317394,42548.93572945404,-37.80745120887844,6.170810312474335,1419.9724319059374,0.8036586442869494,0.011601225541379432,0.0014909755942557898,0.5949756062399346
34.800000000000004,-644.8709280345985,331.3377901599671,42690.88173649635,-37.821982025816986,6.17093248906639,1418.9326223566354,0.803658335015612,0.011625097619331707,0.0015102614905072782,0.5949755093913576
34.9,-648.6538747717104,331.95488661106685,42832.72427025614,-37.83650269224737,6.170993663901706,1417.8942541396386,0.803658240165629,0.011637713704394807,0.0015244413842789083,0.5949753547098269
35.0,-652.438339520538,332.5719879504947,42974.46346966864,-37.850985588817416,6.171041044905386,1416.8573177795558,0.8036583868998516,0.011638652288563724,0.0015311044870456798,0.5949751210407744
35.1,-656.2241783112544,333.1890949442103,43116.09538364261,-37.86541799251249,6.17112497956602,1415.821727562353,0.8036587693366278,0.011629682361063657,0.0015292187641702058,0.5949747847148557
35.2,-660.0113840061414,333.8062136340245,43257.62900056236,-37.8797927415604,6.171291908663245,1414.787382799032,0.8036593356931951,0.011613037323690642,0.0015200735270455823,0.5949743682661994
35.300000000000004,-663.7999600439344,334.4233609238244,43399.05568497626,-37.894107163993674,6.171605183386255,1413.7544119075765,0.8036600585705408,0.011591393112216642,0.0015041084672894134,0.594973854485919
35.4,-667.5900859492574,335.04054449184474,43540.382742349146,-37.90835840355782,6.172052489894126,1412.7224711179842,0.8036608726187475,0.011567773189868714,0.0014837793807952729,0.5949732656547267
35.5,-671.3817435941639,335.65777430731555,43681.610289167256,-37.92256277188409,6.172636447809702,1411.6921248947158,0.8036617015407773,0.011546120490500059,0.0014588024149411413,0.5949726283399224
35.6,-675.1747617696182,336.2750632963872,43822.73844055313,-37.9367430883281,6.173361387688519,1410.6630417762321,0.8036624817673035,0.011529351120693629,0.0014328740695027998,0.5949719626455144
35.7,-678.9691336421931,336.89245246762067,43963.751772609816,-37.950916456113454,6.174243764511068,1409.6352001352864,0.8036631568837987,0.0115198573591351,0.0014078207630428264,0.5949712944291438
35.800000000000004,-682.764859311566,337.5099298316011,44104.65978432692,-37.96510020138199,6.17521156411533,1408.6086033669976,0.8036636740640916,0.011519196008718782,0.0013854331630050447,0.5949706611994151
35.9,-686.5619762467893,338.1274985048018,44245.468802716496,-37.97931269090557,6.176236543931703,1407.583225893958,0.8036640048176728,0.011528201007200143,0.0013672392307506741,0.594970082104002
36.0,-690.3607247803013,338.74516370395105,44386.17893972987,-37.99358204039074,6.177292496975908,1406.5590820951086,0.803664137871795,0.0115471466632277,0.0013545155271547944,0.594969564087449
36.1,-694.1609117836402,339.3629570775817,44526.78196628897,-38.00791432276875,6.1783333656025246,1405.5363909432613,0.8036640717924848,0.011575527738440106,0.0013493153510164804,0.5949691136652254
36.2,-697.9624241738319,339.9808429042772,44667.30234040119,-38.02230795172222,6.17932800934171,1404.5148911572699,0.8036638234500959,0.0116109058771281,0.0013513374113913298,0.5949687551707958
36.300000000000004,-701.7651928819794,340.5988198980865,44807.68639925364,-38.03676139229279,6.1802544607185235,1403.4941692147472,0.8036634335397597,0.011652636869406286,0.0013580877337892056,0.5949684506280827
36.4,-705.5697443653006,341.2168805611976,44947.987848030236,-38.05129678678531,6.181097392917437,1402.4744774283604,0.8036629226392554,0.011696513597249976,0.001370625744461636,0.5949682510266143
36.5,-709.375692150779,341.83503581688706,45088.19952283639,-38.065887805632535,6.181813241593286,1401.4558728660063,0.8036623592035396,0.01174182287975665,0.001387639664507709,0.5949680801950831
36.6,-713.1828856954141,342.45324949840096,45228.28622991374,-38.0805226806793,6.18243351525143,1400.4380526182592,0.8036617979991951,0.011784285204553881,0.0014069525202563644,0.5949679533752422
36.7,-716.9916180902941,343.0715177673098,45368.27709166216,-38.095202503955804,6.182956808303146,1399.4213083282389,0.8036612751265627,0.011822969588994498,0.0014276498134646644,0.5949678428856934
36.800000000000004,-720.8020510661327,343.6898322751783,45508.18234650658,-38.10991088536317,6.183393262795972,1398.405648041698,0.8036608372109821,0.011857241532210233,0.0014472843048634416,0.5949677049426557
36.9,-724.6137568479054,344.30819420684617,45647.97197472169,-38.12462769070885,6.183746569203994,1397.3907407071101,0.8036605451792906,0.011881205005457742,0.0014652666490555246,0.594967577337951
37.0,-728.4266871274062,344.9265853272979,45787.65316258327,-38.13934708629782,6.184063343866114,1396.3769926360408,0.803660401361728,0.011898182018552896,0.0014795123772854554,0.5949673970822981
37.1,-732.2415860726015,345.5450046487906,45927.25288894766,-38.154048964304955,6.184359619889982,1395.364271170088,0.8036604141889901,0.011908477546602108,0.0014886424587370274,0.5949671510022491
37.2,-736.0578099397655,346.1634526015199,46066.74628705335,-38.168727248385444,6.1846563301036825,1394.3522822348561,0.8036606223706669,0.011908435733594224,0.001493763142998929,0.5949668578003685
37.300000000000004,-739.8752932152779,346.78194247780726,46206.1187060576,-38.18338021952896,6.1849953553459365,1393.3413936264305,0.8036610030149001,0.01190200299294319,0.001492312289559014,0.5949664759983301
37.4,-743.6944835182122,347.400457353713,46345.40683390096,-38.19799336473001,6.185372236092862,1392.3315374633085,0.8036615052041074,0.011890811095059581,0.0014852146812030212,0.5949660392004914
37.5,-747.5150998487683,348.01901345032024,46484.60184584455,-38.21257020195537,6.185813947993067,1391.322318217396,0.8036621314553801,0.011874591530633732,0.0014742744983545714,0.594965544426969
37.6,-751.3367681964465,348.63762831390255,46623.6678808785,-38.22712038771017,6.186348348185834,1390.314081089315,0.8036628466854017,0.01185672975690638,0.0014577132782534453,0.5949649753464372
37.7,-755.1605211530197,349.2562782417708,46762.667376855614,-38.24162245990276,6.186934862953555,1389.3066357964121,0.8036635954155885,0.011838489026705288,0.0014381446778535926,0.5949643748336023
37.800000000000004,-758.9852433884847,349.8750163407839,46901.54426703056,-38.256107379958145,6.187637618674078,1388.2997269132027,0.8036643476516532,0.011821918016036537,0.00141670096684261,0.5949637396736337
37.9,-762.8116536423335,350.49381977231263,47040.31841096644,-38.27056672335856,6.188406877219588,1387.2937288318672,0.8036650562123909,0.011809106930739353,0.001393703846643124,0.5949630912974525
38.0,-766.639477671077,351.11268961016106,47179.024108224854,-38.28501777781497,6.1892398994453774,1386.288469707926,0.8036657029279786,0.01180029266422132,0.0013713476509757039,0.5949624445592657
38.1,-770.4684720158218,351.73167177897085,47317.5827642779,-38.29946481681624,6.1901484971798455,1385.28375219694,0.8036662533033839,0.011797577375712706,0.0013498507558647546,0.5949618041288887
38.2,-774.2994228495485,352.35072372647574,47456.06631715589,-38.313923634225375,6.1910901357292145,1384.2800281114216,0.8036666508037893,0.01180251712578439,0.0013313653582480687,0.5949612108714304
38.300000000000004,-778.1313135785667,352.96988858613236,47594.45706984277,-38.328392995198804,6.1920688597785505,1383.276988871636,0.8036669352246347,0.011813148628300643,0.0013162795585133968,0.594960649248547
38.400000000000006,-781.9650388091895,353.5891477921972,47732.72057781225,-38.342890412203374,6.193055083347484,1382.2745158296002,0.8036670767277393,0.011830715429387474,0.0013043531950761244,0.5949601353192172
38.5,-785.8000844195386,354.20848434186865,47870.91813298705,-38.357415628657364,6.19404200226898,1381.2729929922002,0.8036670423917001,0.011856166901216752,0.0012980250968884389,0.5949596888955047
38.6,-789.6362497815451,354.8279547011232,48008.988629913954,-38.371964589951034,6.195001510937447,1380.27211966867,0.803666910673372,0.011885983473612579,0.0012958989880241885,0.5949592765319287
38.7,-793.4745384324325,355.4475000644163,48146.96243772391,-38.38656454730161,6.195932103257363,1379.2718268877845,0.8036666428246819,0.011920457847968411,0.0012977029724138,0.5949589446866022
38.800000000000004,-797.3137018408413,356.0671426015164,48284.86395496543,-38.40118463122044,6.196818459621544,1378.2724179390186,0.8036662675465378,0.011959395034087194,0.0013048017357316934,0.5949586546733023
38.900000000000006,-801.1546259711691,356.6868658070166,48422.62137701256,-38.415844893988734,6.19765501550859,1377.2735497220124,0.803665839279031,0.011999355674326126,0.0013150589947038824,0.5949584059908491
39.0,-804.9970541761425,357.30666627462284,48560.310217445054,-38.430533410784264,6.198441193580649,1376.2751949564818,0.8036653592519653,0.012040392892218326,0.0013281626493842349,0.5949581962301113
39.1,-808.8405658190625,357.9265551453211,48697.895411940386,-38.44524148150112,6.19915919131692,1375.2775568491697,0.8036648655381116,0.012080203882662023,0.001344062263935399,0.594958020426982
39.2,-812.6860758890838,358.5464886339211,48835.358368901245,-38.459976769915755,6.199842620301032,1374.2803900613455,0.8036643884571456,0.012118933804742233,0.0013609879477578682,0.5949578387424144
39.300000000000004,-816.532704564906,359.1665217653899,48972.75432754216,-38.47472219067357,6.200445780297237,1373.28373071943,0.8036639661855803,0.012152700215376787,0.0013785194375168883,0.5949576800214433
39.400000000000006,-820.3809693990157,359.78658032858056,49109.99339387078,-38.48947925089962,6.201030142313688,1372.287864181767,0.803663588628183,0.012183988349355426,0.0013952217308254228,0.5949575111699112
39.5,-824.2307578186825,360.4067233146613,49247.18488942289,-38.50423833361512,6.201556740374159,1371.292253094603,0.8036633296380462,0.012208992234604234,0.0014112297050820973,0.5949573106823917
39.6,-828.0816412314759,361.0268989646664,49384.2438348358,-38.51899723024639,6.202069664873849,1370.2975175033205,0.8036631686227366,0.012228784535783565,0.0014243818665244982,0.5949570903555469
39.7,-831.9345674262534,361.64713175996843,49521.22118014737,-38.53374550183731,6.202559145794954,1369.303109156607,0.8036631029955305,0.01224435385820396,0.0014356124555234661,0.5949568317946003
39.800000000000004,-835.7885029513244,362.26741600277774,49658.10019243947,-38.54848465845986,6.203047079426057,1368.309447891542,0.8036632107605692,0.012251278357621428,0.0014429458518904368,0.5949565259377239
39.900000000000006,-839.6441279975588,362.88773529488276,49794.86364527165,-38.563206290482526,6.20353378147468,1367.316230137012,0.8036633796173879,0.012256386073973176,0.0014472050838530601,0.5949561823023686
40.0,-843.501322216019,363.50812578939764,49931.56291106978,-38.57790659651825,6.2040439393692,1366.3236176017917,0.803663722221456,0.012253142862274802,0.0014474908297640106,0.5949557856223004
40.1,-847.3595108185095,364.12853515528616,50068.112724150786,-38.59259308969507,6.204560258482046,1365.3315513790665,0.8036641289652227,0.012248182349411491,0.0014439810923001207,0.5949553468642083
40.2,-851.2198715673176,364.7490409275043,50204.6132996126,-38.607245399782705,6.205130666514583,1364.339935897215,0.8036646522863109,0.012238421522849376,0.0014371380865353754,0.5949548573953087
40.300000000000004,-855.0811076290211,365.3695677888272,50340.968834585,-38.62188370270351,6.205714601624003,1363.348905367961,0.8036652430108303,0.012227011358589963,0.0014264316923671715,0.5949543198113675
40.400000000000006,-858.9442546413989,365.99018446382644,50477.259963249526,-38.636491210550126,6.206356746077214,1362.3582161887412,0.8036658792683001,0.012213819836298429,0.0014134046390455223,0.594953762398594
40.5,-862.8085478320971,366.61084707252627,50613.43235567196,-38.65108227277609,6.207027906512692,1361.3681029568816,0.8036665652748741,0.012200385026916463,0.0013971878604990366,0.5949531496937921
40.6,-866.6743533866887,367.23158672865253,50749.5142361457,-38.665651622702654,6.207747685869055,1360.3782808709127,0.8036672514197893,0.012187196254334186,0.0013797095729419682,0.5949525339422582
40.7,-870.5417719531966,367.852404110155,50885.503637347494,-38.680203575515094,6.208510325908309,1359.389063809545,0.8036679287650695,0.012176050023119214,0.0013604128657690444,0.5949518916325356
40.800000000000004,-874.4103006213746,368.4732806616539,51021.37646214594,-38.69474396599297,6.2093054745321465,1358.4001218343396,0.8036685846337862,0.012166335839821999,0.001340705462869123,0.5949512491404831
40.900000000000006,-878.280859133043,369.09428535906653,51157.183023855236,-38.7092718185455,6.210154976077864,1357.4118301108122,0.8036691652372079,0.012161352933004048,0.0013210703792024864,0.5949506106516921
41.0,-882.1520478418784,369.715329754625,51292.83081187349,-38.72379588859991,6.2110211614002395,1356.4237434950512,0.8036697035305715,0.012158638525610431,0.0013015279848761112,0.5949499820667205
41.1,-886.0256251774674,370.33648195337946,51428.43660293528,-38.73831671046223,6.211916204675601,1355.4364350915862,0.8036701507153315,0.012161034456884628,0.0012843563425794353,0.5949493663488683
41.2,-889.8996788770398,370.9577253059856,51563.905713548455,-38.75283710551608,6.212835590724599,1354.4492362059755,0.80367051653333,0.012167304126471027,0.0012673477845540466,0.5949487804802508
41.300000000000004,-893.7761412060681,371.5790347649135,51699.30116589251,-38.76736454519984,6.213761657176677,1353.4627832922954,0.803670783117559,0.012178250864138887,0.0012543043286757734,0.5949482240411772
41.400000000000006,-897.6533709594142,372.2004853914761,51834.58884637248,-38.781895607121776,6.214701999933719,1352.476503258557,0.8036709566490768,0.012194059983609363,0.0012420109529327076,0.594947691607142
41.5,-901.5325505002091,372.8219560246427,51969.77451278455,-38.79643802906379,6.215641441781237,1351.4908443296674,0.8036710260125416,0.012213519169754775,0.0012341165337350956,0.5949472151828428
41.6,-905.4126322476997,373.44361507401845,52104.8809003272,-38.81098643917441,6.216571782608417,1350.5054128175295,0.8036709942013466,0.01223805571669792,0.0012278153523665864,0.5949467669810086
41.7,-909.2947375962767,374.0652783276067,52239.85696379448,-38.82554979841078,6.2175014673744045,1349.5204750673101,0.803670891380604,0.012265059737721734,0.0012255066942452857,0.5949463545484399
41.800000000000004,-913.177684706709,374.6871106630496,52374.78218557644,-38.84011932150997,6.218402059555919,1348.535803752801,0.8036706793001175,0.012296438373270296,0.0012255601392441823,0.59494599321196
41.900000000000006,-917.062849116714,375.3089729649078,52509.54881104787,-38.854706396054006,6.219297358114941,1347.5515373839785,0.8036704362096931,0.012329271302044469,0.001228687599095856,0.5949456356327578
42.0,-920.9485370127023,375.93096111936654,52644.29298446632,-38.86929711903915,6.220159231450797,1346.567581155539,0.8036700980075632,0.012364885110959891,0.0012345919988770064,0.5949453411594237
42.1,-924.8367653868924,376.5530167650874,52778.85032686111,-38.88390688709201,6.221002609498146,1345.5839728108344,0.803669737380336,0.012401339178886875,0.0012424827082523698,0.5949450531286999
42.2,-928.7251979021404,377.1751499602681,52913.38095336924,-38.89851777737404,6.221820935165465,1344.6007413982,0.8036693382401264,0.012438226695083349,0.0012530168478447762,0.5949448001606013
42.300000000000004,-932.616494577371,377.7973863088471,53047.761778001324,-38.91314598874793,6.222604682611303,1343.6177944735239,0.803668925764901,0.012475254497345394,0.0012645750950013902,0.5949445576143592
42.400000000000006,-936.5077912526015,378.41965747043264,53182.07788775981,-38.92777420012182,6.223376983296517,1342.6353164048555,0.8036685226810276,0.012510820704319726,0.0012780472398006202,0.5949443264812697
42.5,-940.4020433052012,379.04206127364444,53316.28343571971,-38.94241307401081,6.224102741654551,1341.6530273669252,0.8036681238937458,0.01254554289091313,0.001291955200243271,0.5949441039647672
42.6,-944.2964114118463,379.66448415795054,53450.385197928765,-38.95705235585004,6.224822977105992,1340.67130332695,0.8036677674390282,0.01257767638303211,0.0013063674356340541,0.5949438755382686
42.7,-948.1935503366196,380.287022381997,53584.414506487374,-38.97169321709047,6.225507244037018,1339.6896922128155,0.8036674427208621,0.012607726155408635,0.0013208081104739687,0.5949436462536897
42.800000000000004,-952.0911370130343,380.9095956812737,53718.30316094624,-38.98633417029813,6.226181842203079,1338.7086932624516,0.8036671751052383,0.012634763962678874,0.0013342966468163444,0.594943404073389
42.900000000000006,-955.9906264431447,381.5322532247724,53852.152009735735,-39.00096941304207,6.226837424085231,1337.7277609697321,0.8036669742523309,0.012658473394654281,0.001347757981940988,0.5949431410612634
43.0,-959.8915765065418,382.1549685262245,53985.83204272647,-39.01560003452049,6.227480888796548,1336.7473777055234,0.8036668299148727,0.012679298218293385,0.0013588451755786684,0.5949428673671612
43.1,-963.7934264430404,382.7777415917939,54119.50054048321,-39.03022500073477,6.228117885464689,1335.7670766964704,0.8036667847519056,0.012695791327445126,0.0013695533775213463,0.5949425520944441
43.2,-967.6977361823762,383.4005939208542,54252.97208933024,-39.044834157626156,6.228746771318959,1334.7872587294914,0.8036667891785716,0.012709871682637099,0.001377343293408757,0.594942227496644
43.300000000000004,-971.6021513989787,384.02348023189336,54386.431781390274,-39.05944240067835,6.2293757096076225,1333.807584650838,0.8036669023066897,0.012719066218424465,0.0013839969348139456,0.5949418627427266
43.400000000000006,-975.5096086851127,384.64646826854624,54519.72352813017,-39.07402416672654,6.230006806459866,1332.8282718431485,0.8036670691301856,0.012726460586006976,0.0013878941419997253,0.5949414701855139
43.5,-979.4172721836815,385.2694848994331,54652.96948010702,-39.08860409516997,6.230640771051364,1331.8492128400414,0.8036673364889759,0.012728741555013435,0.001389714572689497,0.5949410559816387
43.6,-983.3271847797826,385.8926010140288,54786.07878981257,-39.1031615570742,6.231288626872718,1330.8704259753235,0.8036676676703698,0.012729649342388303,0.0013892613201368093,0.5949405902456751
43.7,-987.2381947568197,386.5157646421927,54919.097926677336,-39.11770806338147,6.231944421812959,1329.8920344468781,0.8036680692344542,0.012726830550046184,0.0013856721398852643,0.5949401164737806
43.800000000000004,-991.1504539960208,387.1389744158375,55052.079441826274,-39.13224154795826,6.232610486017763,1328.9136429184325,0.80366852768064,0.012723111347662578,0.001382083039286819,0.5949395850838469
43.900000000000006,-995.0648025540737,387.7622967763476,55184.86051323483,-39.146753386300055,6.233302167362056,1327.9359285573914,0.8036690414357385,0.012716644679407342,0.0013733725378785521,0.5949390495115707
44.0,-998.979630935816,388.3856259633991,55317.63978761273,-39.16126038339809,6.2339954686963095,1326.9582579412404,0.8036695952411833,0.012709445953195918,0.0013644738916241321,0.5949384757094085
44.1,-1002.8975950377903,389.00909783281685,55450.25200542825,-39.1757359458548,6.234726004861844,1325.9809230708445,0.8036701773202932,0.012701345016281378,0.0013533673342996108,0.5949378877812407
44.2,-1006.8157160652537,389.63260772963196,55582.791592799644,-39.190209984876944,6.235466417098099,1325.0039699405309,0.8036707830070293,0.012692679825591031,0.0013401961785870476,0.5949372843366907
44.300000000000004,-1010.7344508338607,390.25616550955465,55715.27136380786,-39.20467844397136,6.236219047122057,1324.0270168102172,0.8036714134053562,0.012684016033146069,0.0013270041236521494,0.5949366471082144
44.400000000000006,-1014.65647793695,390.8798544507811,55847.57266170637,-39.21911662818714,6.237004528398542,1323.0506579348453,0.8036720218494705,0.012676521835525844,0.0013111275854897355,0.5949360201189638
44.5,-1018.5786097657966,391.5035604011873,55979.87272978925,-39.23355398679973,6.237794008200041,1322.0743678428219,0.8036726440085061,0.012669451301601698,0.0012951980546584605,0.5949353651768337
44.6,-1022.5029201070183,392.12740191672003,56111.983164087906,-39.24797435568999,6.238613115455655,1321.0983038826353,0.8036732545875155,0.012662723783277308,0.001278846832421741,0.5949347189716517
44.7,-1026.4285468246742,392.7513111341756,56244.04386309605,-39.262384499197374,6.2394460257044315,1320.1225870089638,0.8036738028261953,0.012659744313850519,0.0012619479612845169,0.594934077870929
44.800000000000004,-1030.3547637420033,393.3752717622801,56376.02259617045,-39.27679091391858,6.24028769927815,1319.1469004866017,0.8036743555325926,0.012657103497287896,0.0012450490503745082,0.5949334230342024
44.900000000000006,-1034.2839838384557,393.99937780185843,56507.84472927784,-39.29117968910019,6.241153273043267,1318.1716678491441,0.8036748559923548,0.012656021884110968,0.0012289126517181568,0.5949328035412329
45.0,-1038.2136233690417,394.6235001222081,56639.66619799632,-39.305566605418036,6.242021161571779,1317.1965628089858,0.803675289603324,0.012659757188267853,0.0012127859678229054,0.5949321714104422
45.1,-1042.1449686673568,395.2477836746379,56771.248147491875,-39.31994677916635,6.242906632692224,1316.2217311931079,0.8036757034187718,0.012664157831816673,0.0011978467933684382,0.5949315490069532
45.2,-1046.0778805765078,395.87214527948584,56902.79911840658,-39.33432096769919,6.243799854064474,1315.2471823792232,0.8036760443902894,0.012671085130216586,0.0011844256595704057,0.5949309677690826
45.300000000000004,-1050.0112621031892,396.4965068843337,57034.35008932129,-39.34869397783476,6.244693075436725,1314.2727573321185,0.8036763208172657,0.012682307998593302,0.0011710094135477208,0.5949303817745449
45.400000000000006,-1053.9477239428527,397.12106407807215,57165.66420818517,-39.36306034173107,6.245594824032504,1313.2984744444768,0.8036765573333451,0.012693971636520245,0.0011586844147455986,0.5949298376509121
45.5,-1057.8844277217545,397.74568881664624,57296.9134736348,-39.37742619708244,6.246499482118265,1312.3246960300114,0.8036767192848789,0.01270965223473931,0.0011498338027649839,0.594929301263429
45.6,-1061.8226778789892,398.37032257088856,57428.162739084444,-39.391790231491406,6.2474040478001776,1311.3510188957418,0.8036768182841459,0.012728463379263992,0.0011409831064616378,0.5949287824019153
45.7,-1065.7631719878093,398.99515034292904,57559.20319764493,-39.40615164417526,6.248305505869644,1310.3773417614725,0.8036768805584065,0.012747352176287731,0.0011326122010704707,0.5949283098475012
45.800000000000004,-1069.7036660966291,399.6200392022298,57690.15291342212,-39.42051305685911,6.249205891249391,1309.404268344979,0.8036768564003135,0.01277126930673766,0.0011290450879698744,0.5949278363162996
45.900000000000006,-1073.6472835560112,400.2449692264978,57821.100697401256,-39.43487203697226,6.250104028803305,1308.4312957106697,0.803676766605655,0.012797192341471343,0.0011256194049102228,0.5949274070568695
46.0,-1077.591879243727,400.8700594538624,57951.85302130259,-39.449230223057725,6.250991594156789,1307.4583230763603,0.8036766644176839,0.01282311577032628,0.0011225388573858504,0.594926992730133
46.1,-1081.5364749314426,401.4952194476132,58082.51803677532,-39.46358840914319,6.251874450618136,1306.4857103889274,0.8036765262983058,0.01285023496055275,0.001123207832584145,0.5949265929026136
46.2,-1085.48412532395,402.1203899177805,58213.16454532002,-39.47794407860298,6.252756373558329,1305.5133562319452,0.8036763143448967,0.012880970909282988,0.0011251791728689785,0.5949262108205232
46.300000000000004,-1089.4331337394092,402.745747034187,58343.628909272236,-39.49229857892022,6.2536199188674875,1304.5410293952611,0.8036760805640405,0.012911822142252179,0.0011272583747096799,0.5949258539236175
46.400000000000006,-1093.3821421548682,403.37118134753985,58474.0093875429,-39.50665307923746,6.2544755370996885,1303.5689204166222,0.8036758313825105,0.012943315888915442,0.0011317328967759084,0.5949254976936867
46.5,-1097.3338777271474,403.99661566089264,58604.35480460776,-39.5210044123065,6.255331155331889,1302.597109794839,0.8036755355528875,0.012976249718799253,0.0011382196380342272,0.594925167523673
46.6,-1101.2872974477068,404.6222061157787,58734.53137194417,-39.53535374431735,6.256168419966893,1301.6254040909312,0.8036752358504213,0.013009183394934854,0.0011447063745908504,0.5949248406945894
46.7,-1105.2407171682662,405.2479053547489,58864.62746922731,-39.549703076328186,6.256992849665974,1300.6537911424346,0.8036749208073132,0.013042160889553733,0.001152250881177929,0.5949245296864104
46.800000000000004,-1109.1965363420097,405.8736045937193,58994.67197113982,-39.56404795580538,6.257817279365056,1299.6825848792591,0.8036745992589295,0.013074870808801544,0.001161828227231096,0.5949242274563229
46.900000000000006,-1113.1543652872222,406.4994178427948,59124.55041568634,-39.57838908762259,6.258627828115737,1298.7114633783706,0.8036742756994106,0.013107580664633097,0.0011714055831073616,0.5949239259914729
47.0,-1117.1121942324344,407.12538401765136,59254.34149818724,-39.5927302194398,6.259420844624093,1297.7403917078889,0.8036739639459913,0.013139704806948191,0.0011812660465457048,0.5949236189994905
47.1,-1121.0720946692818,407.75135019250797,59384.07404254612,-39.607064958031216,6.260213861132449,1296.7697662136604,0.8036736715748166,0.013170134214240585,0.0011921753174590566,0.5949233193448088
47.2,-1125.0343295747564,408.3773381862094,59513.75131647987,-39.62139250042829,6.2610045505442615,1295.7991827576486,0.8036733754577864,0.013200563626321509,0.001203156662548573,0.59492302284773
47.300000000000004,-1128.9965644802307,409.0035453981066,59643.20981305079,-39.63572004282536,6.261772757843724,1294.8287204642531,0.8036731077799955,0.013229837179693879,0.0012142038471849412,0.5949227117436855
47.400000000000006,-1132.9605426986875,409.6297804910147,59772.62634238902,-39.65003974808529,6.262538733528492,1293.8585485441515,0.8036728891026104,0.01325636423403295,0.0012250599058293708,0.5949223943986184
47.5,-1136.9271785355227,410.25601558392265,59902.021554258696,-39.664347515569894,6.26330470921326,1292.8885241206365,0.8036726750302066,0.013282891391249524,0.0012357646522264856,0.5949220697635988
47.6,-1140.8938143723585,410.8823871037576,60031.22308962304,-39.67865528305449,6.264060397018337,1291.9185528428122,0.8036724786129862,0.013307754225984946,0.0012464569902692424,0.5949217571601256
47.7,-1144.8618954566819,411.5088832841429,60160.32378480966,-39.69295484615572,6.264808323261585,1290.9488085579057,0.803672370414493,0.013329368863205744,0.001256407521762689,0.5949213985042038
47.800000000000004,-1148.8329865138599,412.13537946452817,60289.386648162654,-39.707237332552076,6.265556249504832,1289.979308548934,0.8036722727836384,0.013350920001872447,0.001265373576258297,0.5949210281403717
47.900000000000006,-1152.8040775710376,412.76192407521944,60418.38175023553,-39.72151981894843,6.266302440491175,1289.009808539962,0.8036722018489536,0.013369946577686826,0.0012743396907624893,0.5949206775378688
48.0,-1156.775897584679,413.38864574060955,60547.1658319829,-39.7357975539807,6.267043011562784,1288.040469094779,0.8036722135755723,0.013385576104999412,0.0012826229594285218,0.594920292440274
48.1,-1160.7514963623216,414.0153985731175,60675.88979073631,-39.750050632445486,6.267783257625106,1287.071529676333,0.8036722616754385,0.013400850346758083,0.0012884216096804087,0.5949198710693945
48.2,-1164.7270951399646,414.64215140562544,60804.61374948972,-39.764303710910276,6.268523503687428,1286.102590257887,0.803672309560733,0.013416124615132908,0.0012942202710514896,0.5949194495387745
48.300000000000004,-1168.703031644666,415.2690641833733,60933.1269229529,-39.77855436499502,6.269264516591294,1285.1336826455602,0.803672413793043,0.013427629125307238,0.001299707851684808,0.5949190372173656
48.400000000000006,-1172.6827762355929,415.896069388108,61061.5680184928,-39.79277766687494,6.270007098341507,1284.1649432400031,0.8036726104988837,0.013436552460898856,0.0013043324856529745,0.5949185598959257
48.5,-1176.6628728881271,416.5230780268853,61189.9465230768,-39.806998432949165,6.270749765100556,1283.1965996783797,0.8036728176910157,0.013445045835621268,0.0013058962611874195,0.5949180846822665
48.6,-1180.642991878447,417.15016297723315,61318.24002491397,-39.821219024627666,6.271495253157492,1282.2282561167565,0.8036730250806514,0.013453539231284064,0.0013072152165444651,0.5949176096135033
48.7,-1184.6276851104535,417.77739380401033,61446.34987867829,-39.83540392748665,6.272246459696294,1281.2599859214013,0.8036733298644884,0.013458107510086005,0.001308155770850384,0.594917092488736
48.800000000000004,-1188.6131502937928,418.4046605621959,61574.4423881057,-39.849582881719755,6.2729994675333165,1280.2918494548167,0.8036736708732305,0.013461437751564328,0.0013082337787735274,0.5949165563028039
48.900000000000006,-1192.5986154771324,419.0319273203813,61702.475630843044,-39.86376183595286,6.2737524753703395,1279.3240627858393,0.8036740185023425,0.013464373315703259,0.0013053644828026766,0.5949160265609583
49.0,-1196.5840806604715,419.659412955418,61830.27388050674,-39.87794079018596,6.274518782888715,1278.3562879315916,0.80367439317619,0.01346690641268363,0.0013019538367011532,0.5949154705508688
49.1,-1200.5719825995375,420.28696945004793,61958.0302157584,-39.892099985817545,6.275289725266524,1277.3886042657725,0.8036748289717316,0.013467042612070506,0.0012983925484423213,0.5949148865319582
49.2,-1204.5631386111734,420.9145348518829,62085.76593113858,-39.90623257782288,6.276061256973491,1276.421033836329,0.8036752768813774,0.01346652067469768,0.001293927601312754,0.5949143029898691
49.300000000000004,-1208.5542946228093,421.54210025371776,62213.39894260807,-39.92036516982821,6.276832788680458,1275.4537706519482,0.803675734491405,0.01346570114356256,0.0012868993025608488,0.5949137185950566
49.400000000000006,-1212.5458379000104,422.16982053933583,62340.793547731504,-39.93449473156837,6.277615591690088,1274.4865188348329,0.803676234102349,0.013464440250487705,0.001279333878944156,0.594913088520192
49.5,-1216.5406945276254,422.79768511914415,62468.18815285493,-39.94859779033656,6.278408836604096,1273.5193599740994,0.803676740978873,0.013462357246788398,0.0012717684549152207,0.5949124671343967
49.6,-1220.5369830372172,423.4255940385258,62595.55886592895,-39.96268933959725,6.27920523510951,1272.5523298139592,0.803677253322545,0.013459961639327306,0.0012634107703753366,0.59491184701418
49.7,-1224.533271546809,424.0535029579074,62722.74033543214,-39.97678088885794,6.280001633614924,1271.5855831794395,0.8036777886246111,0.013457408465942622,0.001253004365771788,0.594911203633698
49.800000000000004,-1228.5306175075016,424.68147139675716,62849.773389963455,-39.99086452356161,6.280802373932271,1270.6188470033185,0.8036783349262001,0.013454977639117977,0.0012423608548709844,0.5949105429276641
49.900000000000006,-1232.5319591575965,425.30965405392146,62976.80644449477,-40.00491753909976,6.28161873018937,1269.65220168976,0.8036788804894103,0.01345264462154615,0.0012317173162158224,0.5949098808058473
50.0,-1236.533463562696,425.9379176442662,63103.81233789011,-40.01896930718693,6.2824404221407,1268.6856955349508,0.803679411642028,0.013450318017231079,0.0012205325912576083,0.5949092389164524
50.1,-1240.5349679677959,426.5661812346109,63230.542528981445,-40.0330210752741,6.28326211409203,1267.7194420902686,0.8036799640876847,0.013447994929927674,0.0012079925166994063,0.5949085707152502
50.2,-1244.5386046541005,427.19444482495567,63357.214209418315,-40.04705743959111,6.284083806043361,1266.753197935278,0.8036805008500176,0.013447112552492821,0.001195433128072354,0.5949078909016938
50.300000000000004,-1248.5454087037895,427.8229467196944,63483.88588985518,-40.06107060816067,6.284920558816925,1265.7870397895938,0.8036810348976295,0.013446682402329099,0.0011828736998207216,0.5949072042663934
50.400000000000006,-1252.5522127534787,428.4515409088155,63610.49314784323,-40.075083776730224,6.285762656628943,1264.8210400182124,0.8036815450920648,0.01344654328730625,0.0011700576817211962,0.5949065435150932
50.5,-1256.5590168031674,429.0801696748606,63736.79687710619,-40.08909694529978,6.286606603036626,1263.8552797753853,0.803682039420989,0.013446585476529384,0.0011568208022731147,0.5949059006404067
50.6,-1260.569089515532,429.7087984409057,63863.10060636917,-40.10308754772883,6.2874505494443085,1262.8895277586196,0.8036825437192657,0.013446627832654622,0.001143583897125462,0.5949052439983454
50.7,-1264.5811792631723,430.3375653186778,63989.40433563214,-40.11706414298126,6.288301092069362,1261.9238571845035,0.8036830213473133,0.01344941379704139,0.0011303469142534533,0.5949045610704488
50.800000000000004,-1268.5932690108125,430.9664957117157,64115.58701810874,-40.1310407382337,6.289159300413779,1260.9581866103872,0.8036834827506065,0.013453133202349072,0.0011170673581591603,0.5949038787244647
50.900000000000006,-1272.6053587584531,431.5954982788759,64241.53940788376,-40.14501733348612,6.290020227218238,1259.9928190231574,0.8036838952992098,0.013457658808987222,0.0011043240764026484,0.5949032428255907
51.0,-1276.6218481655105,432.22450084603605,64367.46860341512,-40.158965465137356,6.290881154022698,1259.0275643389416,0.8036843062214205,0.013462184413037603,0.0010917726712435687,0.5949026084634842
51.1,-1280.639210242301,432.8535360188302,64493.39779894647,-40.17290801381405,6.291743069774238,1258.0623899606187,0.8036847145415332,0.013466709987653746,0.0010792212232374554,0.5949019773172332
51.2,-1284.6565723190918,433.48283090598846,64619.07946363493,-40.18685056249075,6.2926128628074185,1257.0972155822958,0.8036850863531816,0.013474587034464714,0.0010667514254502305,0.5949013191438778
51.300000000000004,-1288.674833609346,434.11219039479795,64744.66670416344,-40.200787570340395,6.293484054358742,1256.1320746941697,0.8036854061859974,0.013484122715623426,0.0010544670848374007,0.5949006929037864
51.400000000000006,-1292.6976742823897,434.74157283204113,64870.17181502728,-40.21469654719501,6.294355742705427,1255.1672972216702,0.8036857061911786,0.013494158100798641,0.0010437771764967919,0.5949000789127052
51.5,-1296.7210136827437,435.3709552692843,64995.67692589111,-40.22860258802807,6.295227431052114,1254.2026051306873,0.8036860037615231,0.013504193477065662,0.0010330872309167111,0.5948994678490983
51.6,-1300.7443530830978,436.0005727537306,65121.182036754944,-40.242508628861124,6.29610231186803,1253.2379130397042,0.8036862843391822,0.013514228599538804,0.0010225755412833354,0.5948988790792104
51.7,-1304.767692483452,436.63030092852154,65246.39245269114,-40.25641466969418,6.29697850594954,1252.273220948721,0.8036865142329693,0.013527653051014875,0.0010121534855074988,0.594898281211429
51.800000000000004,-1308.7926577952096,437.26009375415924,65371.47517306504,-40.27031123726435,6.297855156763592,1251.3086866011458,0.803686688076706,0.01354329271076382,0.0010027547253654355,0.5948977064284303
51.900000000000006,-1312.8226751250709,437.88988657979695,65496.5066983747,-40.284178170489895,6.298731807577644,1250.3443691540772,0.8036868602235233,0.013558932416578899,0.0009947125160156146,0.5948971311098987
52.0,-1316.8526924549321,438.5196794054346,65621.53822368434,-40.298045103715445,6.299608458391695,1249.3801408594986,0.8036870272072489,0.013574572085050978,0.0009869087474162915,0.594896561851392
52.1,-1320.8827097847934,439.1497237983599,65746.569748994,-40.31191203694099,6.300484857125759,1248.4159125649203,0.803687171118989,0.013590211413042593,0.0009792431324278403,0.5948960230287249
52.2,-1324.9131728013037,439.7798863939319,65871.29626131694,-40.32577646316478,6.301361019571766,1247.4516842703415,0.8036872649466393,0.013609335279983006,0.0009715774730343226,0.5948954716528285
52.300000000000004,-1328.9454559030596,440.41011759158977,65995.87472655007,-40.339630516343234,6.3022368521441985,1246.4877272660985,0.8036873141285971,0.013629962590583744,0.0009659674453920442,0.5948949420993891
52.400000000000006,-1332.9821325214778,441.04034878924756,66120.43290031815,-40.3534593136021,6.3031126847166306,1245.5238569712737,0.8036873611544197,0.013650589930532087,0.0009612221346595423,0.5948944132929823
52.5,-1337.018809139896,441.67057998690535,66244.99107408621,-40.36728811086097,6.303988517289063,1244.5600723786517,0.8036874023081332,0.013671217235453854,0.0009566524526050475,0.594893891384498
52.6,-1341.0558157851583,442.3010618356485,66369.54924785427,-40.381115068308496,6.304861245769979,1243.5962877860295,0.8036874189676863,0.013691844187646737,0.0009520827272306296,0.5948934018244617
52.7,-1345.09366160399,442.9316614221482,66493.78151407567,-40.394937347587934,6.3057324917768005,1242.6325429004796,0.8036873922439345,0.013715627111183515,0.0009478215325102857,0.5948928968776089
52.800000000000004,-1349.132631036977,443.56232928466187,66617.86656381666,-40.408753097560925,6.306602838185846,1241.669094959384,0.8036873368426636,0.013740171470405715,0.0009461295940432807,0.594892408024764
52.900000000000006,-1353.175948609027,444.19299714717556,66741.95161355766,-40.42254358055745,6.30747318459489,1240.7056540751512,0.8036872785951072,0.013764715856230281,0.0009446361874897012,0.5948919216834777
53.0,-1357.2194810728893,444.8236650096892,66866.03666329863,-40.43633284292023,6.308343531003937,1239.7422940631757,0.8036872151781159,0.013789260228537348,0.0009431427702959246,0.5948914413095125
53.1,-1361.2639651505608,445.4545814814594,66990.12171303964,-40.4501166999029,6.3092090887684344,1238.7789340512002,0.8036871259282615,0.013814113216871773,0.0009416493182802006,0.594890987652161
53.2,-1365.3084492282323,446.0856147406616,67113.83816771931,-40.46390055688558,6.310072448827158,1237.8157254930431,0.8036870104773702,0.013840854491116744,0.000941530936848776,0.5948905222445541
53.300000000000004,-1369.3540863781031,446.7167157391477,67237.44699699276,-40.477677489664835,6.310934618943057,1236.852693351432,0.8036868780319795,0.013868050308657065,0.000942935190556619,0.5948900655861324
53.400000000000006,-1373.4041353429805,447.3478167376337,67361.05582626621,-40.491427943256426,6.311796789058956,1235.8896678116164,0.8036867430082356,0.0138952461623465,0.0009443394454033286,0.5948896111632089
53.5,-1377.4553420691104,447.97891773611974,67484.66465553964,-40.50517159062381,6.312658959174856,1234.9267179289473,0.8036866037132889,0.013922442022598076,0.000945743699383336,0.5948891612634923
53.6,-1381.5065487952402,448.61026475893163,67608.2734848131,-40.51891523799119,6.313515688212529,1233.963768046278,0.8036864443490437,0.013949840636949895,0.0009471479338561471,0.5948887324757351
53.7,-1385.5577555213704,449.2417273954228,67731.50189540959,-40.532658885358565,6.314369969433996,1233.000967067248,0.8036862733068938,0.013978152351868752,0.0009497615710525804,0.59488829481497
53.800000000000004,-1389.610144448909,449.87325715673404,67854.63139517995,-40.54639518208379,6.315223007871888,1232.0383395342621,0.8036860953167296,0.014006659766808167,0.0009536204838909511,0.5948878585789915
53.900000000000006,-1393.6671457668929,450.5047869180452,67977.76089495032,-40.56010283947605,6.316076046309779,1231.0757183806786,0.8036859153843234,0.014035167229436119,0.0009574794054615489,0.5948874235743197
54.0,-1397.7251580623306,451.13631667935636,68100.89039472067,-40.57380432287247,6.316929084747669,1230.1131703355936,0.8036857324266521,0.01406367472059452,0.0009613383344409778,0.594886991264556
54.1,-1401.7831703577685,451.76808977195685,68224.01989449102,-40.58750580626889,6.317776838556418,1229.1506222905086,0.8036855368547141,0.014092262116297499,0.0009651972592696691,0.5948865727121819
54.2,-1405.8411826532065,452.3999772771165,68346.75868333786,-40.601207289665304,6.318622255606964,1228.1882173950153,0.8036853431750567,0.014120840146243653,0.000969949270605714,0.5948861489710179
54.300000000000004,-1409.9004059468316,453.03193131506487,68469.40904849539,-40.61490093528673,6.319466555740177,1227.225979243132,0.8036851512748107,0.014149379233492378,0.0009755420390975399,0.5948857209627926
54.400000000000006,-1413.964431584622,453.66388535301326,68592.05941365294,-40.628563564185,6.320310855873389,1226.2637471668793,0.8036849582584117,0.014177918380043508,0.0009811348217056654,0.594885293038957
54.5,-1418.0292280921462,454.29583939096165,68714.70977881046,-40.64222128836064,6.321155156006601,1225.3015847178735,0.8036847636254907,0.014206457576933654,0.000986727617792532,0.5948848658757105
54.6,-1422.0940245996705,454.9280342764462,68837.360143968,-40.655879012536275,6.321994835766912,1224.3394222688678,0.8036845642625413,0.01423496782583098,0.0009923204234801764,0.594884444373278
54.7,-1426.1588211071953,455.5603424853729,68959.60950864396,-40.66953673671192,6.322832506523268,1223.377395480925,0.8036843780703076,0.014262701271061714,0.000998456022965695,0.5948840213720363
54.800000000000004,-1430.2248570569916,456.19271672241615,69081.78092697014,-40.683186079882006,6.323669276168643,1222.4155267137983,0.8036842014501723,0.01429020358164795,0.0010050341595158041,0.5948835888872142
54.900000000000006,-1434.295883494745,456.82509095945943,69203.95234529633,-40.69680179188336,6.32450604581402,1221.4536636707628,0.8036840237981405,0.014317705947974884,0.0010116123124949633,0.5948831564505304
55.0,-1438.367442056344,457.45746519650265,69326.12376362251,-40.71041397920767,6.325342815459396,1220.4918662263033,0.8036838459343348,0.014345208384575536,0.0010181904829169328,0.5948827229536424
55.1,-1442.4390006179435,458.0900782087285,69448.2951819487,-40.72402616653198,6.326175953219733,1219.5300687818437,0.8036836707974794,0.01437259401110725,0.0010247686745237323,0.5948822872502125
55.2,-1446.5105591795427,458.72280365216244,69570.05531066419,-40.73763835385628,6.327007546698421,1218.5684007388372,0.8036835172835198,0.01439862954965543,0.0010315423192253017,0.5948818533409184
55.300000000000004,-1450.5833852576488,459.35559473916305,69691.74796082378,-40.75124163856248,6.3278385092161304,1217.606883425325,0.8036833791648044,0.01442429334244955,0.0010384060994109887,0.5948814062723639
55.400000000000006,-1454.6613880769069,459.9883858261637,69813.4406109834,-40.76480874726826,6.328669471733839,1216.6453716488852,0.8036832401752605,0.014449957187524608,0.0010452698966328467,0.5948809591922709
55.5,-1458.7396857265437,460.6211769131643,69935.13326114298,-40.7783738363366,6.329500434251549,1215.6839233277765,0.8036831022487793,0.014475621119629948,0.001052133713400378,0.594880509487097
55.6,-1462.8179833761808,461.25420525563845,70056.82591130259,-40.79193892540494,6.330328964955907,1214.7224750066675,0.803682973490835,0.014501104717596509,0.0010589975604213303,0.594880050604377
55.7,-1466.8962810258179,461.8873453937178,70178.0959497741,-40.805504014473286,6.331156503044841,1213.761151602372,0.8036828717705983,0.014524868662276553,0.0010657388288292761,0.5948795962324279
55.800000000000004,-1470.9758746722673,462.52055093479015,70299.3089543127,-40.81905969642271,6.331983710384944,1212.7999737037685,0.8036827890712063,0.014548173328827784,0.0010722846338723617,0.5948791267217107
55.900000000000006,-1475.0608318631473,463.15375647586245,70420.52195885131,-40.83257671253851,6.3328109177250465,1211.838801110423,0.803682705697542,0.014571478044346293,0.0010788304551972217,0.5948786571353272
56.0,-1479.1458481226975,463.7869620169348,70541.73496338991,-40.846093312076285,6.333638125065148,1210.8776893157888,0.8036826244554001,0.014594782859726584,0.001085376296576691,0.5948781836813757
56.1,-1483.230864382248,464.4204038898008,70662.94796792853,-40.859609911614065,6.334464020612849,1209.9165775211543,0.80368255751559,0.014617867431980321,0.0010919204308861713,0.5948776953346915
56.2,-1487.3158806417987,465.0539571942522,70783.73747226277,-40.87312651115184,6.335289429760864,1208.9555846531546,0.8036825201923559,0.01463904820366968,0.0010980728487730944,0.5948772135835872
56.300000000000004,-1491.4023671603074,465.6875758048898,70904.46994774375,-40.88663217604562,6.33611476917546,1207.9947303133622,0.8036825034489399,0.01465972981612645,0.0011038164590638578,0.5948767162706805
56.400000000000006,-1495.494105045808,466.3211944155273,71025.20242322473,-40.90009891095514,6.3369401085900545,1207.0338810100518,0.803682486235521,0.014680411474397349,0.0011095600838131473,0.5948762188166999
56.5,-1499.5858429313087,466.9548130261648,71145.9348987057,-40.91356564586466,6.3377654480046495,1206.0730894252529,0.8036824719852794,0.014701093241246604,0.0011153037277753138,0.5948757165818231
56.6,-1503.6775808168093,467.5886675634502,71266.66737418668,-40.92703238077418,6.338590458008648,1205.1122978404537,0.8036824758147442,0.014721534955369486,0.0011210425919139838,0.5948751950958688
56.7,-1507.76931870231,468.2226334013502,71386.97648816745,-40.9404991156837,6.339415420869998,1204.1516200966119,0.80368250950236,0.014740039793083753,0.0011261871207995397,0.594874681634255
56.800000000000004,-1511.8625244816644,468.85666456656264,71507.2285919767,-40.953954715609875,6.340240532411775,1203.1910749570754,0.8036825636771588,0.014758044025069174,0.0011307706701927272,0.5948741533598138
56.900000000000006,-1515.9609830416766,469.490695731775,71627.48069578595,-40.967370603212025,6.34106564395355,1202.2305347011236,0.8036826175732611,0.014776048299794672,0.0011353542313779844,0.594873624880111
57.0,-1520.0594416016886,470.12472689698734,71747.7327995952,-40.98078649081418,6.341890755495327,1201.2700504114691,0.8036826750233002,0.014794052687792152,0.0011399378097867684,0.5948730910154308
57.1,-1524.157900161701,470.7589940496603,71867.98490340443,-40.99420237841633,6.342716420812651,1200.3095661218147,0.8036827530173997,0.014811815180234666,0.0011445143494412426,0.5948725348512435
57.2,-1528.2563587217132,471.39337257951314,71987.81377965883,-41.00761826601849,6.34354243049629,1199.349192443142,0.80368285920373,0.014827728340461067,0.0011483629113878745,0.5948719875376574
57.300000000000004,-1532.356279574858,472.02781655960644,72107.5856637531,-41.021022892524314,6.344368777698637,1198.388947606432,0.8036829844448442,0.014843169273457397,0.0011515564204413822,0.5948714270811454
57.400000000000006,-1536.4614332361973,472.66226053969973,72227.35754784736,-41.03438736384023,6.345195124900983,1197.4287074794793,0.8036831095734321,0.014858610246171317,0.0011547499379787217,0.5948708663571548
57.5,-1540.5665868975361,473.2967045197929,72347.12943194163,-41.04775183515615,6.346021472103329,1196.4685213267453,0.8036832386108707,0.014874051333021557,0.0011579434697925669,0.5948702999308383
57.6,-1544.6717405588754,473.9313849359531,72466.9013160359,-41.06111630647207,6.346848997141669,1195.508335174011,0.8036833894381458,0.014889262713926772,0.0011611284771005826,0.594869709413506
57.7,-1548.7768942202144,474.56617697600547,72586.25010276084,-41.07448077778799,6.347677135749165,1194.5482550035358,0.8036835653713061,0.014902801414484936,0.001163514009456312,0.5948691280418038
57.800000000000004,-1552.8835045188844,475.20103466824537,72705.54191474062,-41.08783388375542,6.348505728827111,1193.5882982833912,0.8036837579448228,0.014915917955152784,0.001165201668254785,0.5948685358230966
57.900000000000006,-1556.995327459253,475.8358923604852,72824.8337267204,-41.101146470690615,6.349334321905056,1192.6283460616912,0.8036839505406375,0.014929034532591107,0.0011668893317639667,0.5948679432786794
58.0,-1561.1071503996213,476.47075005272507,72944.12553870017,-41.11445905762581,6.350162914983002,1191.6684453925577,0.8036841471929992,0.014942151221806164,0.0011685770058499133,0.5948673449562581
58.1,-1565.21897333999,477.1058448781938,73063.41735067996,-41.127771644561,6.350993142651238,1190.708544723424,0.8036843658599588,0.01495505990704811,0.0011702553408246587,0.5948667218443893
58.2,-1569.3307962803585,477.7410516799517,73182.28618974413,-41.141084231496194,6.351824178119031,1189.748745718449,0.803684605711997,0.014966526310583844,0.0011711130341260038,0.5948661077301409
58.300000000000004,-1573.4440701616486,478.37632437902187,73301.09807073585,-41.15438539934392,6.352655747448177,1188.7890651339926,0.8036848592680794,0.01497763322780171,0.001171270313377651,0.5948654853090687
58.400000000000006,-1577.5625363755757,479.01159707809217,73419.90995172758,-41.167645861613046,6.353487316777323,1187.8293889136867,0.803685112949637,0.014988740178998225,0.0011714275932593412,0.5948648625094354
58.5,-1581.681002589503,479.64686977716235,73538.7218327193,-41.18090632388216,6.354318886106469,1186.869762706923,0.8036853706652745,0.014999847237128225,0.0011715848794689786,0.5948642340487058
58.6,-1585.7994688034303,480.2823805132308,73657.53371371102,-41.194166786151285,6.3551524179507695,1185.9101365001595,0.8036856498113164,0.015010774111413614,0.0011717325903066033,0.5948635809920412
58.7,-1589.9179350173576,480.91800366607686,73775.92274171575,-41.2074272484204,6.355986895529381,1184.9506095030936,0.8036859456891929,0.015020523202001094,0.0011710796700371711,0.5948629364457095
58.800000000000004,-1594.0378464563632,481.5536929977895,73894.2548277666,-41.2206762710472,6.35682196061692,1183.9911980675386,0.8036862519901145,0.015029983437813609,0.0011697559537491048,0.5948622862738483
58.900000000000006,-1598.1629298544785,482.1893823295022,74012.58691381746,-41.23388452101694,6.35765702570446,1183.0317908472707,0.8036865584892167,0.015039443705085196,0.0011684322338625327,0.594861635679185
59.0,-1602.2880132525938,482.8250716612148,74130.9189998683,-41.24709277098668,6.358492090791999,1182.0724319345563,0.8036868688547099,0.015048904072509577,0.0011671085157034119,0.5948609797040324
59.1,-1606.4130966507093,483.4610000506717,74249.25108591915,-41.260301020956426,6.359329237924051,1181.113073021842,0.8036871993982209,0.015058215525723596,0.0011657754518130485,0.5948603001009745
59.2,-1610.5381800488249,484.0970413443064,74367.16043517472,-41.27350927092616,6.360167371361956,1180.153809606462,0.8036875420633486,0.015066625296782134,0.0011636929576811035,0.5948596282763184
59.300000000000004,-1614.6647029473268,484.7331491124202,74485.01285812503,-41.286706065183154,6.361006090355945,1179.194657428355,0.803687891800809,0.015074818932842005,0.001160992885187662,0.5948589534523571
59.400000000000006,-1618.7963774032917,485.36925688053407,74602.86528107536,-41.299862032560036,6.3618448093499325,1178.2355093085307,0.8036882417822057,0.015083012598245838,0.0011582928048765244,0.5948582781720083
59.5,-1622.9280518592566,486.0053646486478,74720.71770402566,-41.31301799993691,6.36268352834392,1177.2764076969745,0.8036885953663616,0.015091206356071227,0.001155592721574729,0.5948575978956855
59.6,-1627.0597263152215,486.6417125269946,74838.57012697599,-41.32617396731379,6.363524329214808,1176.3173060854178,0.8036889674583764,0.015099283350657605,0.001152883851280154,0.594856895468827
59.7,-1631.1914007711866,487.27817380531997,74955.99992463675,-41.33932993469067,6.364366105641452,1175.3582962230737,0.8036893472633885,0.015106724007676434,0.001149496328107363,0.5948561999704601
59.800000000000004,-1635.3245090011014,487.9147018479581,75073.37281102013,-41.352474458150965,6.365208443931846,1174.3993932321127,0.8036897309636835,0.015114017467741844,0.0011455582591564303,0.5948555038963512
59.900000000000006,-1639.4627483809886,488.5512298905963,75190.74569740352,-41.3655781949532,6.36605078222224,1173.4404942028145,0.8036901149317273,0.015121310955550946,0.0011416201783119612,0.5948548073432548
60.0,-1643.6009877608756,489.1877579332344,75308.11858378688,-41.37868193175543,6.366893120512634,1172.481640574511,0.8036905021889824,0.015128604527986868,0.0011376820898470797,0.5948541062275013
60.1,-1647.7392271407628,489.82452712173153,75425.49147017027,-41.39178566855767,6.367737499102686,1171.5227869462076,0.8036909060934369,0.015135812425123187,0.0011337360050606732,0.5948533846987952
60.2,-1651.8774665206497,490.46141019276433,75542.44184001774,-41.40488940535991,6.368582827481865,1170.5640233085578,0.8036913136973557,0.015142627996505429,0.001129194827008761,0.5948526691743263
60.300000000000004,-1656.0171339581036,491.0983603015557,75659.33531317233,-41.41798172377436,6.369428692579584,1169.6053644938854,0.8036917223445561,0.015149359077649404,0.0011241786985355317,0.5948519551759339
60.400000000000006,-1660.161912172381,491.73531041034715,75776.22878632692,-41.43103334998923,6.370274557677304,1168.6467095362138,0.8036921312653509,0.015156090185511357,0.0011191625543572389,0.5948512406876392
60.5,-1664.3066903866584,492.3722605191385,75893.12225948149,-41.444084976204095,6.371120422775022,1167.6880987801007,0.8036925431302827,0.015162821370481878,0.0011141463981708389,0.5948505221000222
60.6,-1668.4514686009359,493.0094527635716,76010.01573263608,-41.45713660241896,6.371968212087131,1166.7294880239874,0.8036929696809552,0.015169495783128008,0.0011091231871304926,0.5948497850120218
60.7,-1672.5962468152134,493.64675934935525,76126.48679540586,-41.47018822863384,6.372816889227695,1165.770964467112,0.803693396395805,0.015175994220061856,0.0011035950627951924,0.5948490530102117
60.800000000000004,-1676.74244737865,494.28413322896245,76242.90097570264,-41.48322843857217,6.373666054996768,1164.8125424817151,0.8036938216544025,0.0151824631596495,0.0010976711881678207,0.5948483243356327
60.900000000000006,-1680.8937383758275,494.9215071085697,76359.3151559994,-41.49622796851327,6.374515220765841,1163.8541242123902,0.8036942471792509,0.015188932125550302,0.001091747294387803,0.5948475951701476
61.0,-1685.0450293730046,495.55888098817684,76475.72933629616,-41.509227498454365,6.375364386534914,1162.8957485295657,0.8036946752931846,0.015195401161688438,0.00108582338458743,0.5948468623742544
61.1,-1689.1963203701819,496.19649792385883,76592.14351659294,-41.52222702839546,6.376215310887112,1161.9373728467415,0.803695116131867,0.015201839478881539,0.0010798934240602424,0.5948461130514645
61.2,-1693.3476113673594,496.8342296247777,76708.13538878881,-41.53522655833656,6.377067043206216,1160.9790812155557,0.8036955540927082,0.015208288769508678,0.001073548853764618,0.5948453679547119
61.300000000000004,-1697.5003190090936,497.4720288514794,76824.07039229346,-41.54821468584534,6.377919214472096,1160.02088748946,0.8036959884455048,0.015214755595836,0.0010668861803313143,0.5948446277160448
61.400000000000006,-1701.658096757373,498.1098280781811,76940.00539579813,-41.56116218080692,6.378771385737977,1159.0626973837311,0.803696423048515,0.015221222448714843,0.0010602234847242205,0.5948438869925048
61.5,-1705.815874505652,498.7476273048828,77055.9403993028,-41.57410967576849,6.379623557003859,1158.104548767718,0.8036968598965659,0.015227689365947407,0.001053560769552039,0.594843143087889
61.6,-1709.9736522539313,499.3856704247644,77171.87540280745,-41.58705717073007,6.380477314596269,1157.1464001517047,0.8036973076075603,0.015234148298902784,0.00104689301519842,0.5948423845734099
61.7,-1714.1314300022107,500.02382869414055,77287.38819776855,-41.60000466569165,6.381331799071823,1156.1883339666122,0.8036977499210035,0.01524077498574016,0.001039897006760306,0.5948416294812976
61.800000000000004,-1718.2906187024814,500.66205469748206,77402.84413741385,-41.6129407915739,6.382186675195524,1155.2303637987638,0.8036981868631229,0.01524745825058668,0.0010326557585610399,0.5948408804646077
61.900000000000006,-1722.4548572240833,501.3002807008236,77518.30007705913,-41.62583640427059,6.383041551319226,1154.2723971851228,0.8036986240326404,0.015254141542817939,0.0010254144856241924,0.5948401309755125
62.0,-1726.619095745685,501.93850670416504,77633.75601670441,-41.63873201696729,6.383896427442927,1153.3144713030047,0.8036990631237355,0.015260824894609148,0.0010181731900898124,0.5948393787241402
62.1,-1730.783334267287,502.57697734907356,77749.2119563497,-41.651627629663984,6.384752712324705,1152.3565454208865,0.8036995113593832,0.015267519464495798,0.0010109278419601479,0.5948386136717995
62.2,-1734.947572788889,503.2155634859612,77864.24578494017,-41.66452324236068,6.385609640030431,1151.3987001463192,0.8036999521930592,0.015274508806372801,0.001003434873531384,0.5948378513040784
62.300000000000004,-1739.1132165787253,503.8542175406087,77979.22277127668,-41.67740748634846,6.386466909574443,1150.4409487650983,0.8037003862774217,0.015281586001799722,0.000995763563788473,0.5948370959193094
62.400000000000006,-1743.2838899362496,504.4928715952563,78094.1997576132,-41.69025122204967,6.387324179118455,1149.4832008307028,0.8037008205615991,0.015288663225976305,0.0009880922272147543,0.5948363400794586
62.5,-1747.4545632937736,505.1315256499038,78209.1767439497,-41.70309495775087,6.388181448662467,1148.525492397228,0.8037012564749346,0.015295740506110635,0.0009804208655480357,0.5948355818525883
62.6,-1751.6252366512979,505.77042500545224,78324.15373028623,-41.715938693452074,6.38903995012401,1147.567783963753,0.803701700003621,0.015302844792022981,0.0009727463805153175,0.5948348124622835
62.7,-1755.7959100088221,506.4094401534114,78438.70870040022,-41.72878242915329,6.389899011607966,1146.610153824166,0.8037021345951553,0.015310342496762754,0.0009648977915187331,0.5948340451185312
62.800000000000004,-1759.9679829503164,507.04852337817573,78553.20684102098,-41.74161479775452,6.390758367347809,1145.6526148829219,0.8037025613926345,0.015317951950203633,0.000956931054176761,0.594833285418635
62.900000000000006,-1764.1450652057142,507.6876066029401,78667.70498164174,-41.75440666135303,6.391617723087652,1144.6950793045019,0.8037029883604117,0.015325561434235838,0.0009489642883755652,0.5948325252825779
63.0,-1768.3221474611116,508.3266898277044,78782.20312226248,-41.76719852495154,6.392477078827495,1143.737582264338,0.8037034167024898,0.015333170971834452,0.000940997495519651,0.5948317630829796
63.1,-1772.4992297165093,508.96601892697703,78896.70126288325,-41.77999038855004,6.393337500105248,1142.7800852241744,0.8037038513467073,0.015340820124175343,0.0009330284286537701,0.5948309911448282
63.2,-1776.6763119719071,509.6054640791501,79010.77747987672,-41.79278225214855,6.394198404337832,1141.8226649073854,0.8037042759390015,0.01534893592719878,0.0009249504213971688,0.5948302207100661
63.300000000000004,-1780.8547881334866,510.24497744454436,79124.79687984222,-41.805562771513046,6.395059559910832,1140.865333959573,0.803704691991386,0.01535718081679879,0.0009168069284409946,0.5948294583605016
63.400000000000006,-1785.0382533764464,510.88449080993854,79238.81627980771,-41.8183028645863,6.3959207154838325,1139.9080063337246,0.8037051081830903,0.015365425739209354,0.0009086634058356022,0.5948286955948534
63.5,-1789.221718619406,511.5240041753327,79352.83567977318,-41.83104295765955,6.396781871056833,1138.950716777871,0.8037055255248291,0.015373670713768323,0.0009005198547091041,0.5948279310469828
63.6,-1793.4051838623657,512.1637639083825,79466.85507973869,-41.843783050732796,6.3976439369444424,1137.9934272220175,0.8037059480361459,0.015381964939065289,0.0008923747885049493,0.5948271580158141
63.7,-1797.5886491053254,512.8036399176833,79580.45264584613,-41.856523143806044,6.398506414436125,1137.0362083735258,0.8037063597408802,0.015390778113853436,0.0008841770343433772,0.5948263860086278
63.800000000000004,-1801.7735025830534,513.4435842561566,79694.09596349603,-41.86925189331835,6.399369104447297,1136.0790718864346,0.8037067624342696,0.015399732470323595,0.0008759585616743566,0.5948256223078031
63.900000000000006,-1805.9633249317128,514.0835285946298,79807.54450049919,-41.88194022317508,6.40023179445847,1135.1219376660902,0.8037071652349882,0.015408686862109982,0.0008677400585679866,0.5948248582114871
64.0,-1810.153147280372,514.7234729331029,79921.07492877754,-41.894628553031815,6.401094484469643,1134.1648294228635,0.8037075689952882,0.015417641305565196,0.0008595215259322883,0.5948240925677132
64.10000000000001,-1814.3429696290318,515.3636640607008,80034.61568975468,-41.90731688288855,6.401957953352632,1133.2077211796366,0.8037079769842709,0.015426652012082223,0.0008513021439545106,0.594823319502698
64.2,-1818.5327919776907,516.0039716549126,80147.84590250389,-41.92000521274529,6.402821773491676,1132.250653986697,0.8037083737094601,0.015436215570448242,0.0008430776812623185,0.5948225470660814
64.3,-1822.7239968876077,516.6443476762341,80261.01794281244,-41.93268219321365,6.403685773435526,1131.2936346099825,0.803708761161213,0.01544592780464935,0.0008348697560456053,0.5948217830068536
64.4,-1826.9201504528164,517.2847236975559,80373.98811585794,-41.945318733671144,6.404549773379375,1130.336616328153,0.8037091486888395,0.01545564007689663,0.0008266617999614963,0.5948210185710849
64.5,-1831.1163040180245,517.9250997188776,80486.9582889034,-41.95795527412862,6.405413773323224,1129.3796105938045,0.8037095370212184,0.015465352401218414,0.0008184538137497886,0.5948202527735584
64.60000000000001,-1835.3124575832333,518.5657228882068,80599.98348612284,-41.970591814586115,6.4062784346642365,1128.422604859456,0.8037099288365566,0.015475125800869202,0.0008102455505894781,0.5948194804082428
64.7,-1839.508611148441,519.2064626858403,80712.85442954116,-41.9832283550436,6.407143393400446,1127.465610326822,0.8037103091748009,0.015485470138735887,0.0008020717410807501,0.5948187083655408
64.8,-1843.7061416017643,519.8472709930802,80825.54812533595,-41.99585355165692,6.408008502867517,1126.5086288421764,0.803710680134819,0.015495966667071636,0.0007939448826872531,0.5948179446736648
64.9,-1847.9086004956912,520.4880793003204,80938.03996699353,-42.008438325139295,6.408873612334588,1125.5516478922393,0.803711051139955,0.015506463236329471,0.0007858179933056742,0.5948171806223241
65.0,-1852.1110593896176,521.1288876075603,81050.5318086511,-42.02102309862167,6.409738721801659,1124.5946730701048,0.8037114228268158,0.01551695985880207,0.0007776910735505084,0.5948164153510138
65.10000000000001,-1856.3135182835447,521.7699433628447,81163.02365030868,-42.03360787210404,6.410604380811371,1123.6376982479703,0.8037117974256397,0.015527520390587683,0.0007695643579476049,0.5948156441789896
65.2,-1860.515977177471,522.4111158814263,81275.47128726187,-42.046192645586416,6.411470286529571,1122.6807258054791,0.8037121605843107,0.015538654403331865,0.0007615040221525979,0.5948148730990654
65.3,-1864.7198072867188,523.0523569781748,81387.68665987016,-42.05876606925354,6.412336316619353,1121.723756134845,0.8037125144382267,0.015549940126850901,0.0007535146915586306,0.5948141102168344
65.4,-1868.9285456220546,523.6935980749232,81499.70018568855,-42.071299049146496,6.413202346709133,1120.7667868029025,0.803712868307236,0.015561225894229223,0.0007455253301169024,0.594813346990471
65.5,-1873.1372839573896,524.3348391716717,81611.7137115069,-42.083832029039456,6.414068376798913,1119.8098213523926,0.8037132227629882,0.01557251171654377,0.0007375359383514073,0.5948125826472648
65.60000000000001,-1877.3460222927251,524.9763279690712,81723.72723732529,-42.09636500893241,6.414934885129301,1118.852855901883,0.8037135797117163,0.015583862705171505,0.0007295471477433126,0.5948118129048248
65.7,-1881.5547606280604,525.6179336434413,81835.69655856771,-42.10889798882537,6.415801607959162,1117.8958967489125,0.8037139254145449,0.015595779568790212,0.0007216499159763054,0.594811043084931
65.8,-1885.7648644992541,526.2596079537448,81947.43361972907,-42.121419600575344,6.416668438582475,1116.9389449314465,0.803714261995403,0.015607845184160286,0.0007138421883714076,0.5948102812353047
65.9,-1889.9798563583738,526.9012822640483,82058.96883869442,-42.13390070397622,6.417535269205787,1115.9819934115794,0.8037145985630141,0.015619910846348279,0.0007060344302744609,0.5948095190539814
66.0,-1894.1948482174926,527.5429565743516,82170.50405765975,-42.14638180737709,6.4184020998291,1115.025045302226,0.8037149356474348,0.015631976565663216,0.0006982266421461992,0.5948087558244639
66.10000000000001,-1898.4098400766122,528.1848788112845,82282.0392766251,-42.15886291077796,6.419269344985182,1114.0680971928725,0.803715274937051,0.015644107666197626,0.000690419778286519,0.5948079875461647
66.2,-1902.624831935731,528.8269180294235,82393.53029165632,-42.171344014178835,6.420136774731608,1113.1111591913127,0.803715603261789,0.015656791785771642,0.0006827239489628678,0.5948072190487645
66.3,-1906.8411836441371,529.4690259408128,82504.7890505895,-42.183813740363846,6.421004294953724,1112.1542329635197,0.8037159227226969,0.015669620517036048,0.000675131503149461,0.5948064582301621
66.4,-1911.0624030769836,530.1111338522023,82615.84597093915,-42.19624292546048,6.421871815175841,1111.197307040393,0.8037162421439242,0.015682449298068897,0.0006675390273747529,0.5948056970891499
66.5,-1915.2836225098297,530.7532417635916,82726.9028912888,-42.20867211055712,6.422739335397957,1110.2403846087714,0.8037165620294364,0.01569527813871014,0.0006599465220535453,0.5948049349444905
66.60000000000001,-1919.504841942676,531.3955977949225,82837.95981163846,-42.22110129565375,6.423607206121377,1109.2834621771497,0.8037168839288575,0.01570817145426776,0.0006523551935533979,0.5948041679998151
66.7,-1923.7260613755222,532.0380708916734,82948.97252927172,-42.23353048075038,6.424475233270844,1108.3265496352756,0.8037171952397305,0.01572159750921776,0.0006448888953612347,0.5948034007687345
66.8,-1927.9486349682609,532.6806127197282,83059.7529954666,-42.2459482851658,6.425343337693312,1107.369648613184,0.8037174979796341,0.015735162208864544,0.0006375354073894849,0.594802640932454
66.9,-1932.1760560121595,533.323154547783,83170.33162669702,-42.25832553662732,6.426211442115781,1106.412747885954,0.8037178006548166,0.015748726961170637,0.0006301818901188974,0.5948018807808801
67.0,-1936.4034770560577,533.9656963758379,83280.91025792743,-42.27070278808884,6.427079546538249,1105.4558505378602,0.8037181037691762,0.015762291776015326,0.0006228283439415968,0.594801119632858
67.10000000000001,-1940.6308980999565,534.6084864888738,83391.48888915786,-42.283080039550356,6.427947959231435,1104.4989531897663,0.8037184088457382,0.015775919309331185,0.0006154761663437281,0.594800353767135
67.2,-1944.8583191438545,535.2513937395345,83502.02331895304,-42.295457291011864,6.428816510912085,1103.5420630731844,0.8037187037680437,0.015790054552590475,0.0006082584528381464,0.5947995876026617
67.3,-1949.0870886529551,535.8943697546691,83612.3255019831,-42.30782314346246,6.429685133676737,1102.5851813800173,0.8037189904311999,0.015804321365065887,0.0006011593261393229,0.5947988285579481
67.4,-1953.3206853213317,536.5373457698038,83722.42585360046,-42.32014837722195,6.43055375644139,1101.6282999454068,0.803719277006366,0.01581858823301434,0.0005940601708983812,0.594798069202643
67.5,-1957.5542819897075,537.1803217849384,83832.52620521782,-42.332473610981445,6.431422379206042,1100.6714214738797,0.8037195640081082,0.015832855166568113,0.0005869609874933046,0.5947973088411634
67.60000000000001,-1961.7878786580839,537.8235462333132,83942.6265568352,-42.344798844740936,6.432291286291944,1099.7145430023522,0.8037198529852415,0.01584718257005926,0.0005798633196459299,0.5947965437698031
67.7,-1966.02147532646,538.4668878856314,84052.68270792287,-42.35712407850043,6.433160321719144,1098.757670099845,0.80372013225343,0.015861991693100583,0.000572906532117808,0.594795778404792
67.8,-1970.2564147568078,539.1102983354461,84162.50661619731,-42.36943789893173,6.434029423044066,1097.8008036842477,0.8037204035857156,0.015876925229358928,0.0005660718174511788,0.5947950198748923
67.9,-1974.496161023184,539.753708785261,84272.12869629388,-42.38171104952002,6.434898524368988,1096.8439375010462,0.8037206748086461,0.01589185882382106,0.0005592370750697019,0.5947942610366649
68.0,-1978.7359072895597,540.3971192350757,84381.75077639043,-42.393984200108314,6.43576762569391,1095.8870739811225,0.8037209464529333,0.015906792486984726,0.0005524023053407906,0.5947935011726928
68.10000000000001,-1982.975653555936,541.0407782531047,84491.372856487,-42.406257350696606,6.4366369838121855,1094.9302104611986,0.8037212201204289,0.015921784357188697,0.0005455691491569775,0.5947927365606576
68.2,-1987.2153998223116,541.6845545357662,84600.95073678253,-42.4185305012849,6.437506457723441,1093.973351821799,0.8037214845465369,0.015937230641176088,0.0005388798247064233,0.5947919716727315
68.3,-1991.4564831420385,542.3283996466804,84710.29637788408,-42.43079223397876,6.438375990881104,1093.016498867335,0.8037217413842478,0.015952793776009423,0.0005323133609919838,0.5947912133173272
68.4,-1995.7023529564153,542.9722447575948,84819.44019390125,-42.443013280196034,6.439245524038768,1092.0596461372227,0.8037219980928368,0.01596835697167763,0.0005257468704335134,0.5947904546539992
68.5,-1999.9482227707915,543.616089868509,84928.58400991838,-42.45523432641332,6.44011505719643,1091.1027959782052,0.803722255225389,0.015983920239172934,0.0005191803533913182,0.594789694935078
68.60000000000001,-2004.1940925851684,544.2601836686579,85037.72782593554,-42.467455372630596,6.440984821047065,1090.145945819188,0.8037225144750307,0.015999538687452818,0.0005126155132905339,0.5947889303888046
68.7,-2008.4399623995446,544.9043947882578,85146.82744275981,-42.47967641884787,6.441854689569071,1089.1891001269926,0.8037227649868578,0.01601558174125184,0.0005061950913133488,0.5947881656101597
68.8,-2012.687163557242,545.5486747645825,85255.69482364344,-42.4918860403772,6.442724612750595,1088.232259637844,0.8037230082774136,0.016031733640170465,0.0004998965077500324,0.5947874070501802
68.9,-2016.9391308618792,546.1929547409075,85364.36038228434,-42.50405494785204,6.443594535932119,1087.27541933168,0.8037232514206444,0.016047885602437827,0.0004935978982372989,0.594786648181206
69.0,-2021.1910981665164,546.8372347172321,85473.02594092522,-42.516223855326885,6.444464459113642,1086.3185811225367,0.8037234949971183,0.016064037639649226,0.0004872992631304788,0.5947858882184054
69.10000000000001,-2025.443065471154,547.4817634983625,85581.69149956612,-42.52839276280172,6.445334613228514,1085.3617429133933,0.8037237408170971,0.016080241664752096,0.00048100234499565294,0.5947851233106954
69.2,-2029.6950327757907,548.1264096516128,85690.31285952094,-42.54056167027657,6.4462048723482575,1084.4049086808327,0.8037239783828032,0.016096841063396563,0.00047484902348072096,0.5947843582330523
69.3,-2033.9483257054192,548.7711246894831,85798.701986317,-42.55271912363433,6.447075186681804,1083.4480790802781,0.8037242090692815,0.016113541558104957,0.000468815515975626,0.5947835990899756
69.4,-2038.206364404794,549.4158397273535,85906.88929331726,-42.56483576474774,6.447945501015351,1082.4912496474028,0.8037244395918154,0.01613024211856207,0.0004627819834264568,0.5947828396354882
69.5,-2042.4644031041682,550.0605547652239,86015.0766003175,-42.57695240586114,6.448815815348898,1081.5344221361458,0.8037246705620554,0.016146942757046204,0.00045674842618436876,0.5947820790427293
69.60000000000001,-2046.7224418035435,550.7055187209123,86123.26390731776,-42.58906904697456,6.449686355076323,1080.5775946248891,0.8037249039206891,0.016163692552159825,0.0004507165982883509,0.594781313354166
69.7,-2050.9804805029175,551.350600100097,86231.40701616077,-42.60118568808795,6.450556996931802,1079.6207707932067,0.8037251294773083,0.016180810445433447,0.0004448253318579101,0.5947805475555143
69.8,-2055.2398390987278,551.9957503908987,86339.317894435,-42.61329087916759,6.4514276918832865,1078.6639512475685,0.8037253484812601,0.016198022138494982,0.0004390500306701186,0.5947797874193006
69.9,-2059.5039230528364,552.6409006817005,86447.02695511753,-42.6253552683462,6.452298386834771,1077.7071318630005,0.803725567306049,0.01621523389959728,0.0004332747053354553,0.5947790269681512
70.0,-2063.7680070069446,553.2860509725022,86554.73601580004,-42.637419657524795,6.453169081786256,1076.7503143243064,0.8037257865967966,0.016232445741758413,0.0004274993562007913,0.594778265329948
70.10000000000001,-2068.032090961054,553.9314502901993,86662.44507648256,-42.6494840467034,6.454039990038959,1075.793496785612,0.8037260087056838,0.016249683378057874,0.00042172571525170906,0.5947774986224388
70.2,-2072.2961749151623,554.5769670808995,86770.10993942311,-42.661548435882004,6.454910995117803,1074.8366827754044,0.8037262235562473,0.016267255057310075,0.0004160880974112769,0.5947767319352774
70.3,-2076.5615730405507,555.2225528090959,86877.54257411664,-42.67360136940014,6.455782050837048,1073.8798728752506,0.8037264318588396,0.016284938143936393,0.0004105617624479987,0.594775970395699
70.4,-2080.831676122054,555.8681385372923,86984.77339327078,-42.68561348077504,6.456653106556291,1072.9230631156977,0.8037266399680126,0.016302621300767713,0.0004050354042146307,0.5947752085374556
70.5,-2085.101779203557,556.5137242654888,87092.0042124249,-42.697625592149926,6.457524162275534,1071.9662549674426,0.8037268480973668,0.016320340099772616,0.0003995090228212125,0.5947744450958201
70.60000000000001,-2089.37188228506,557.1595591283188,87199.23503157904,-42.70963770352483,6.458395433862972,1071.0094468191876,0.8037270592431537,0.01633807986881554,0.000393984329311667,0.5947736764206201
70.7,-2093.641985366563,557.8055115133004,87306.42165334262,-42.72164981489972,6.459266803989492,1070.052641564817,0.8037272642974629,0.01635607143894055,0.00038859125501647656,0.5947729083850718
70.8,-2097.9128523665763,558.4515328618925,87413.37604888769,-42.73365526359593,6.460138226579464,1069.0958396813028,0.80372746276459,0.01637419388416891,0.000383304909950591,0.5947721449849382
70.9,-2102.187324379815,559.0975542104846,87520.1286307013,-42.74562937086177,6.461009649169437,1068.1390379188422,0.8037276609879097,0.016392319283452698,0.0003780185424534849,0.59477138123265
71.0,-2106.4629513908253,559.7435755590767,87626.88121251491,-42.75759326728124,6.461881071759409,1067.182237543668,0.8037278594648144,0.016410464144791248,0.00037273215276051395,0.594770616000322
71.10000000000001,-2110.7410456646157,560.3898461697594,87733.63379432853,-42.76953530193573,6.462752716816728,1066.2254371684937,0.8037280606620177,0.01642866326527574,0.00036744741213154424,0.5947698449906378
71.2,-2115.0191399384053,561.0362343587278,87840.34217909018,-42.78147733659024,6.46362446303722,1065.2686394507664,0.8037282561118148,0.016447094066078038,0.00036228913309100904,0.5947690746590871
71.3,-2119.297395312417,561.6826915377472,87946.8183394928,-42.79341800650791,6.464496262464605,1064.3118448284883,0.8037284459338117,0.016465597796393245,0.0003572326501345714,0.5947683092355047
71.4,-2123.576726635015,562.3291487167666,88053.09268779984,-42.80534956168545,6.465368061891992,1063.3550503196714,0.8037286355395832,0.01648410160090949,0.0003521761455898649,0.5947675434823702
71.5,-2127.8566597426106,562.9756058957859,88159.36703610687,-42.81727577204365,6.466239861319377,1062.3982571111283,0.8037288253608391,0.016502629465726545,0.00034711961964730017,0.5947667761507635
71.60000000000001,-2132.1407098872555,563.622312441359,88265.64138441389,-42.82916541648666,6.467111880376169,1061.441463902585,0.8037290178756161,0.01652122443005779,0.00034206469637706354,0.5947660026933052
71.7,-2136.4247600319004,564.2691366133702,88371.87153599465,-42.84105506092967,6.467983999441913,1060.4846732479132,0.803729204959778,0.016540032877266027,0.0003371303629055053,0.5947652299439341
71.8,-2140.7089704805276,564.9160298018558,88477.86946483346,-42.85294334025128,6.468856171337792,1059.5278855680435,0.8037293866808717,0.01655890853799378,0.0003322922695023101,0.594764461880052
71.9,-2144.994251559861,565.5629229903413,88583.66558295867,-42.86482250226428,6.469728343233672,1058.57109799604,0.8037295681754023,0.016577784274801038,0.00032745415530436786,0.5947636934807771
72.0,-2149.280131925063,566.2098161788268,88689.46170108386,-42.87669631660769,6.470600515129552,1057.6143116601913,0.803729749929859,0.01659668236519618,0.00032261602051092945,0.5947629234670386
72.10000000000001,-2153.570112229838,566.8569588350924,88795.25781920906,-42.8885335455363,6.471472906094091,1056.6575253243427,0.8037299345813723,0.01661564278656655,0.0003177786699218948,0.5947621471557593
72.2,-2157.860092534612,567.5042191648932,88901.00974090074,-42.9003707744649,6.472345397082582,1055.7007411988243,0.8037301141258226,0.01663479805370435,0.00031304191962941506,0.5947613715985272
72.3,-2162.150232498376,568.151548537741,89006.52944143464,-42.912206636924864,6.473217941365373,1054.7439596479442,0.8037302885636322,0.01665401468049211,0.0003084096687502597,0.5947606005141216
72.4,-2166.441438785099,568.7988779105888,89111.84733264297,-42.9240333730783,6.474090485648166,1053.7871781884323,0.8037304627642211,0.01667323138511611,0.0003037824125353934,0.5947598290875362
72.5,-2170.733241740385,569.4462072834365,89217.16522385129,-42.935854756443184,6.474963029930956,1052.8303977760127,0.8037306372673703,0.016692468857591094,0.0002991551365043048,0.5947590560112805
72.60000000000001,-2175.029126729273,570.0937862037147,89322.48311505963,-42.94763951937244,6.47583580401477,1051.8736173635925,0.8037308148613056,0.01671176423049888,0.0002945351043274049,0.5947582764684811
72.7,-2179.32501171816,570.7414828375258,89427.75681009037,-42.95942428230168,6.476708682926812,1050.9168388512715,0.8037309886156446,0.01673116470622614,0.0002900055213466709,0.5947574984506621
72.8,-2183.621055733069,571.3892485418057,89532.79828531257,-42.97120767800201,6.477581617531395,1049.9600625522244,0.803731156883633,0.016750666940152488,0.00028556122700633716,0.5947567242716493
72.9,-2187.9181618434936,572.0370142460855,89637.63795238288,-42.98298194231816,6.478454552135978,1049.003286332402,0.8037313246381573,0.01677018926395902,0.00028111691321235126,0.5947559495463035
73.0,-2192.2158619651627,572.6847799503653,89742.47761945316,-42.99475085198182,6.47932748674056,1048.0465110205048,0.8037314925544946,0.016789743988365448,0.000276695411557487,0.5947551730019492
73.10000000000001,-2196.5176259407135,573.3327953352153,89847.31728652348,-43.006483128458,6.480200656087444,1047.0897357086076,0.8037316624119948,0.01680945162386382,0.00027227496013728617,0.5947543888353429
73.2,-2200.819389916264,573.980928492376,89952.11275764977,-43.01821540493418,6.481073932282351,1046.1329621757636,0.803731829907479,0.016829159414887027,0.0002679230650459227,0.5947536071384472
73.3,-2205.121312250998,574.6291307479364,90056.75697770341,-43.02994631386862,6.481947264848214,1045.1761907151974,0.8037319926359927,0.016848925817192762,0.00026366857807561797,0.5947528294939539
73.4,-2209.4242922276017,575.2773330034968,90161.21606348493,-43.04166808932955,6.482820597414078,1044.219419328758,0.8037321544417584,0.01686874169236662,0.0002594251000845824,0.5947520510000307
73.5,-2213.727863544527,575.925535259057,90265.55054275283,-43.05338450934076,6.4836939299799425,1043.262648791819,0.8037323166324853,0.016888575318344985,0.00025518160369760395,0.5947512707902725
73.60000000000001,-2218.0354804425474,576.5739873249205,90369.88502202071,-43.06506429071036,6.484567497544983,1042.3058782548796,0.8037324803713428,0.016908599523757954,0.0002509380892716349,0.5947504823775677
73.7,-2222.3430973405675,577.2225572208052,90474.16068847144,-43.076744072079954,6.485441172160464,1041.3491094170374,0.8037326417431162,0.016928628807822265,0.00024675831089425817,0.5947496962871479
73.8,-2226.6508719195317,577.8711962432739,90578.1609805211,-43.08842248546483,6.486314903398036,1040.392342558339,0.8037327992803909,0.01694865833518083,0.0002426730178130032,0.5947489146281401
73.9,-2230.959699610574,578.5198352657425,90682.16127257077,-43.100091762417705,6.487188634635608,1039.435575765904,0.8037329565575174,0.01696868794506004,0.00023860042628756102,0.5947481326095708
74.0,-2235.2691159649785,579.1684742882111,90786.16156462044,-43.111755679419076,6.488062365873178,1038.4788097328592,0.8037331142579542,0.016988733948104903,0.00023452781698944644,0.5947473488471837
74.10000000000001,-2239.5825595864035,579.8173632420154,90889.93673954047,-43.123382926980526,6.4889363381936604,1037.5220436998143,0.8037332731946835,0.017009001012491313,0.00023045519014522245,0.5947465563874434
74.2,-2243.8960032078276,580.4663700808369,90993.65432521355,-43.135010174541975,6.48981042046822,1036.5652790907452,0.8037334298034597,0.017029274351044375,0.00022644325684368057,0.5947457661512986
74.3,-2248.2096038278055,581.1154460750975,91097.32043094213,-43.14663605308838,6.490684561123839,1035.6085161403523,0.8037335827077885,0.01704954793035259,0.00022252133267201214,0.5947449801615222
74.4,-2252.5242530023443,581.764522069358,91200.72991680258,-43.15825278832152,6.491558701779457,1034.65175324471,0.8037337353458598,0.017069821593675243,0.00021861152497848469,0.594744193806676
74.5,-2256.839488160496,582.4135980636185,91304.08549685417,-43.1698641612606,6.4924328424350755,1033.6949909765135,0.8037338884416758,0.017090110417248804,0.00021470170011391452,0.594743405679735
74.60000000000001,-2261.158732252486,583.0629241103828,91407.44107690579,-43.18143884873339,6.493307231453331,1032.7382287083171,0.8037340431141354,0.01711060248965008,0.00021079185836496417,0.5947426088558297
74.7,-2265.4779763444762,583.7123680975044,91510.75246157829,-43.19301353620618,6.49418173353865,1031.7814676642447,0.8037341955124441,0.017131100334770773,0.00020693751885335633,0.5947418141867509
74.8,-2269.7973767510134,584.3618812695784,91614.01236655764,-43.204586854272705,6.4950562953088085,1030.8247080460567,0.8037343443192869,0.0171515984187706,0.00020316618972958863,0.5947410236034055
74.9,-2274.1178211438005,585.0113944416523,91716.95613836442,-43.21615102641302,6.495930857078968,1029.8679484791132,0.8037344928543809,0.017172096588220543,0.00019940637963890553,0.5947402326494918
75.0,-2278.4388488392087,585.6609076137263,91819.83350294213,-43.227709835329975,6.496805418849128,1028.9111894994396,0.8037346418802743,0.017192608745271475,0.00019564655292901744,0.5947394398966203
75.10000000000001,-2282.7638671267878,586.3106709620107,91922.71086751984,-43.239231952422855,6.497680232172962,1027.9544305197655,0.8037347927567671,0.0172133109716924,0.00019188670991757747,0.5947386384094437
75.2,-2287.088885414366,586.9605523070577,92025.54403689406,-43.250754069515736,6.498555159928232,1026.997672680516,0.8037349414069691,0.01723401862524502,0.00018817774914313675,0.5947378390120267
75.3,-2291.4140593319876,587.6105028669801,92128.32572677969,-43.262274817025094,6.499430147939425,1026.0409161696566,0.8037350865722034,0.017254726516050756,0.00018454540141783738,0.594737043548343
75.4,-2295.740272664225,588.2604534269026,92230.79128453533,-43.27378641742439,6.500305135950619,1025.084159708771,0.8037352314607316,0.017275434493700392,0.00018092393496251224,0.5947362477084678
75.5,-2300.0670666172414,588.910403986825,92333.1904352809,-43.28529265329084,6.501180123961812,1024.12740382059,0.8037353768703309,0.017296155334748032,0.00017730245239433302,0.5947354500461393
75.60000000000001,-2304.3978328149446,589.5606048484923,92435.58958602649,-43.2967621883746,6.502055364395666,1023.170647932409,0.8037355244802971,0.01731704691535432,0.000173680954069037,0.5947346436936723
75.7,-2308.728599012648,590.2109237640979,92537.94454170222,-43.308231723458356,6.502930719786985,1022.2138930735413,0.803735669913762,0.017337943358151624,0.00017010643738391628,0.5947338393703402
75.8,-2313.0595201555357,590.8613119248043,92640.24801804507,-43.31969988835485,6.503806135932053,1021.2571394136387,0.803735811965058,0.01735884003655103,0.0001666030508447582,0.5947330388341292
75.9,-2317.3914761390392,591.5117000855109,92742.23536318558,-43.33115890210908,6.504681552077122,1020.30038579336,0.80373595373504,0.017379736803117034,0.0001631099558139389,0.5947322379167136
76.0,-2321.724010060165,592.1620882462175,92844.15630151088,-43.342612548232935,6.505556968222191,1019.343632627175,0.8037360960523958,0.01740064544625685,0.00015961684513699802,0.5947314351562145
76.10000000000001,-2326.060497869492,592.812726836924,92946.07723983619,-43.35402947238271,6.50643264419331,1018.3868794609899,0.8037362408664188,0.017421708650275487,0.000156123719185345,0.5947306237373414
76.2,-2330.396985678818,593.4634835399561,93047.95398320568,-43.365446396532484,6.507308438357391,1017.4301271587138,0.8037363835449871,0.0174427762483333,0.0001526740058816039,0.5947298142967309
76.3,-2334.73362774811,594.1143095189092,93149.77924737503,-43.37686194997466,6.508184294755445,1016.4733758627373,0.8037365229282831,0.017463844080904917,0.0001492903861459518,0.5947290085185453
76.4,-2339.071300081605,594.7651354978623,93251.28838115497,-43.388268348799386,6.5090601511534985,1015.5166246019677,0.803736662026161,0.017484912002911263,0.00014591650585930947,0.5947282023543767
76.5,-2343.4095476687457,595.4159614768153,93352.73110829046,-43.39966937885162,6.509936007551551,1014.5598737446763,0.8037368016963364,0.017505990898860978,0.00014254261035745414,0.5947273943271799
76.60000000000001,-2347.7517307819962,596.0670380388719,93454.17383542596,-43.411033679116095,6.510812128868842,1013.6031228873848,0.8037369441202136,0.01752721091174316,0.00013916870001079538,0.5947265776523099
76.7,-2352.0939138952463,596.718232776908,93555.57236770882,-43.42239797938056,6.511688370383845,1012.6463728017698,0.8037370844359616,0.017548434938170716,0.00013583480860096886,0.5947257629214541
76.80000000000001,-2356.436250583071,597.369496814259,93656.9194209118,-43.43376090873132,6.512564674661155,1011.6896236150193,0.8037372215161339,0.017569659199059926,0.00013256217904031436,0.5947249517654549
76.9,-2360.779612957535,598.02076085161,93757.95034446927,-43.445114682088,6.513440978938465,1010.7328744616239,0.8037373583072189,0.017590883550609754,0.00012929873725757635,0.5947241402188739
77.0,-2365.12354857237,598.6720248889608,93858.91486153858,-43.45646308631521,6.514317283215774,1009.7761256904785,0.8037374956901767,0.01761211801298684,0.00012603528065493826,0.5947233267964928
77.10000000000001,-2369.471405939738,599.3235396347035,93959.8793786079,-43.46777475831255,6.515193853341159,1008.8193769193332,0.8037376360544151,0.017633480651506696,0.00012277180959007934,0.5947225047674387
77.2,-2373.819263307105,599.9751726175878,94060.79970091752,-43.4790864303099,6.516070544278168,1007.862628884101,0.8037377743532345,0.01765484693612066,0.00011954515108748299,0.5947216846276314
77.30000000000001,-2378.1672735635907,600.6268749390354,94161.6685442555,-43.49039673129464,6.516947298624071,1006.9058817060757,0.8037379095099242,0.017676213453702624,0.00011637513023999999,0.5947208679299769
77.4,-2382.5163049287285,601.278577260483,94262.22125864257,-43.501697875624885,6.517824052969974,1005.9491345584917,0.8037380443741574,0.017697580063120867,0.00011321373874592609,0.5947200508375043
77.5,-2386.865906178302,601.9302795819304,94362.70756668739,-43.512993649323995,6.518700807315876,1004.9923877597661,0.8037381798558579,0.017718955991065224,0.00011005233279565012,0.5947192318473176
77.60000000000001,-2391.219406221202,602.582232735645,94463.19387473221,-43.5242526805197,6.519577829686092,1004.0356409610404,0.8037383185410508,0.017740449840811988,0.00010689091272571432,0.5947184042238667
77.7,-2395.5729062641008,603.2343041838226,94563.63598809805,-43.535511711715394,6.520454973834296,1003.0788947806859,0.8037384551912814,0.017761947056419338,0.00010376336004273654,0.5947175784493534
77.80000000000001,-2399.926558510467,603.886445002387,94664.02662258621,-43.54676937130087,6.52133218186037,1002.122149320623,0.8037385887680076,0.017783444504425115,0.00010068846329434678,0.594716756018025
77.9,-2404.281227286185,604.5385858209513,94764.10112870198,-43.55801787024047,6.522209389886443,1001.1654038845763,0.8037387220491705,0.017804942045407314,9.762184999267807e-05,0.5947159331878542
78.0,-2408.636463260535,605.1907266395157,94864.10922859701,-43.56926099659697,6.523086597912518,1000.2086587237602,0.8037388559650452,0.017826448204192887,9.455522256877991e-05,0.5947151084475097
78.10000000000001,-2412.9955796536165,605.843118422533,94964.11732849205,-43.580467367095935,6.523964078622424,999.2519135629439,0.8037389932527301,0.017848063488330533,9.14885813268549e-05,0.5947142750806002
78.2,-2417.3546960466974,606.4956138786939,95064.08123379151,-43.5916737375949,6.524841669311568,998.2951689029126,0.8037391291602658,0.01786968187465608,8.845258004889982e-05,0.5947134426785199
78.30000000000001,-2421.7139639573593,607.148164865726,95163.99366031053,-43.602878736243014,6.525719311637483,997.3384248262059,0.8037392626444839,0.017891300469008786,8.546453428940126e-05,0.5947126127358006
78.4,-2426.074243816509,607.8007415703154,95263.58995896002,-43.61407457263815,6.526596978066311,996.3816807717106,0.8037393947283252,0.01791291920213401,8.248418118017072e-05,0.5947117838783448
78.5,-2430.4350881877845,608.4533182749047,95363.11985149441,-43.62526503559263,6.52747464449514,995.4249369717585,0.803739526919839,0.017934545893567688,7.950381419590751e-05,0.59471095383338
78.60000000000001,-2434.799794598396,609.1061806672818,95462.64974402882,-43.63641873682272,6.528352617433611,994.4681931718061,0.8037396593195026,0.017956273214619303,7.652343374155835e-05,0.5947101196661914
78.7,-2439.1645010090074,609.7591472350418,95562.13544202405,-43.647572438052805,6.529230701450578,993.5114498404076,0.8037397933555536,0.017978003472936738,7.357134689246114e-05,0.5947092823852308
78.80000000000001,-2443.5293582512613,610.4121192131839,95661.56966130449,-43.65872476733422,6.530108790544487,992.55470705479,0.8037399272807874,0.01799973385519092,7.06636516176801e-05,0.594708444435141
78.9,-2447.8952228607936,611.0651374737264,95760.68775317713,-43.66986793370938,6.53098692306843,991.5979642893806,0.8037400589464836,0.018021464412597325,6.776312774209625e-05,0.5947076087232172
79.0,-2452.2616492957077,611.7181557342689,95859.73943903169,-43.68100572654937,6.531865055592373,990.6412217555558,0.8037401912989373,0.01804320231910868,6.486259031360426e-05,0.594706771050796
79.10000000000001,-2456.631919388935,612.3714664230466,95958.79112488627,-43.69210675701854,6.532743501489776,989.6844792217307,0.8037403239094402,0.018065032635128965,6.196203966569278e-05,0.5947059294126348
79.2,-2461.002189482162,613.0248993183427,96057.79861625364,-43.70320778748771,6.533622075606633,988.7277371401651,0.8037404544019564,0.01808686562573797,5.908753610720688e-05,0.5947050897362793
79.30000000000001,-2465.3726098925445,613.6783322136388,96156.75462896682,-43.71430744590283,6.5345006497234905,987.7709955854,0.8037405848851613,0.018108698729315958,5.6254108216138226e-05,0.594704249248536
79.4,-2469.7440342340738,614.331765108935,96255.3945146855,-43.72539794070788,6.535379223840346,986.8142540484536,0.8037407176710645,0.018130531987741654,5.342741241980907e-05,0.5947034048271082
79.5,-2474.1160177139163,614.9851980042309,96353.96799447289,-43.73648306077262,6.5362577979572025,985.8575127157083,0.8037408522700467,0.018152372069663324,5.06007033967338e-05,0.5947025569308008
79.60000000000001,-2478.4918264688276,615.638936744566,96452.54147426029,-43.74753141022158,6.537136700669921,984.9007713829626,0.8037409829939705,0.018174297063016005,4.777398116693226e-05,0.5947017108599894
79.7,-2482.867635223738,616.2928090471896,96551.0707596056,-43.75857975967054,6.538015743268561,983.944030383343,0.8037411111487698,0.018196224545150047,4.4971195185541985e-05,0.594700867360419
79.80000000000001,-2487.2435934382165,616.9466813498134,96649.5485663492,-43.76962673671661,6.5388947858672015,982.987289771755,0.8037412438211129,0.01821815224395618,4.220638869430565e-05,0.5947000169230932
79.9,-2491.620549856225,617.6005536524372,96747.71024643836,-43.780664547822774,6.539773828465842,982.0305491680781,0.8037413773713321,0.018240080066856432,3.9447913714820484e-05,0.5946991644724671
80.0,-2495.9980627248324,618.2544259550608,96845.8055206677,-43.79169698281198,6.540652871064482,981.0738086717439,0.8037415107024425,0.01826201417683873,3.668942561280106e-05,0.594698311302333
80.10000000000001,-2500.379382480845,618.9086042666482,96943.90079489702,-43.80269263776723,6.541532244727906,980.1170682404529,0.8037416402552929,0.018284027842520693,3.393092450475805e-05,0.5946974599695863
80.2,-2504.7607022368566,619.5629162098958,97041.95187472338,-43.81368829272248,6.542411759271713,979.1603281117414,0.8037417672621745,0.018306043858488767,3.1194389258754393e-05,0.5946966111753436
80.30000000000001,-2509.1421707661716,620.2172281531434,97139.95147599364,-43.824682575022926,6.54329127381552,978.2035883199201,0.8037418991871396,0.01832806010201888,2.8492928457613483e-05,0.5946957548966529
80.4,-2513.5246329156257,620.871540096391,97237.63495083406,-43.83566768970101,6.5441707883593265,977.2468485280989,0.8037420322402508,0.018350076476554122,2.5797416124648e-05,0.5946948962603511
80.5,-2517.90764882756,621.5258520396385,97335.2520198618,-43.84664742802125,6.5450503029031335,976.2901088368145,0.8037421650888099,0.018372098680596475,2.31018908905325e-05,0.5946940368918502
80.60000000000001,-2522.294453236469,622.1804701570636,97432.86908888955,-43.857590384659595,6.545930149163684,975.3333691591951,0.8037422942863254,0.018394192979206667,2.040635282694712e-05,0.5946931793989053
80.7,-2526.681257645377,622.8352219763262,97530.44196354992,-43.868533341297926,6.546810136585327,974.3766297519852,0.8037424209609092,0.01841628941301528,1.7730895167500558e-05,0.5946923244147078
80.80000000000001,-2531.0681382028506,623.4899737955891,97627.96335969563,-43.87947559368167,6.547690124006971,973.4198906597538,0.8037425525806686,0.0184383860768218,1.5087738185962203e-05,0.5946914619047037
80.9,-2535.4556582162954,624.1447256148517,97725.16862976215,-43.890411928840926,6.548570111428614,972.4631516763652,0.8037426855117956,0.018460482877056553,1.245016693984713e-05,0.5946905967839293
81.0,-2539.844160949274,624.7994774341145,97822.30749408966,-43.90133887693527,6.549450098850257,971.5064126962696,0.803742818066052,0.018482585059507662,9.812582989219068e-06,0.5946897311711985
81.10000000000001,-2544.2364797589835,625.4545355932227,97919.44635841719,-43.91222861528802,6.550330418062085,970.5496737161741,0.8037429470706199,0.018504753738778745,7.174986363974403e-06,0.5946888674524026
81.2,-2548.6287985686927,626.1097275246327,98016.5410284092,-43.92311835364078,6.551210878488668,969.5929349826737,0.8037430735749217,0.018526924401709662,4.555682207870673e-06,0.59468800621149
81.30000000000001,-2553.021720042783,626.7649194560427,98113.58421992366,-43.934002482037705,6.552091338915251,968.6361966292015,0.8037432051259193,0.018549095298772425,1.9660570016912474e-06,0.5946871373030075
81.4,-2557.414714863932,627.4201113874526,98210.31128559278,-43.94488592767689,6.552971799341834,967.6794582757296,0.8037433380323445,0.01857126633450236,-6.183210697743367e-07,0.5946862657191395
81.5,-2561.8082584069844,628.0753033188626,98306.971945572,-43.955763996029575,6.5538522597684175,966.7227199222577,0.8037434704650792,0.01859344236852388,-3.2027116630437818e-06,0.5946853937800904
81.60000000000001,-2566.2061671642,628.7308017565227,98403.63260555123,-43.96659957118492,6.5547330537408035,965.7659815817461,0.8037435994343615,0.018615680231057065,-5.787114795638106e-06,0.5946845237471216
81.7,-2570.604138978278,629.3864340372618,98500.24907121943,-43.97743455774629,6.555613989580987,964.8092434800968,0.8037437259237333,0.018637919952188463,-8.354805154201407e-06,0.5946836561637523
81.80000000000001,-2575.002110792357,630.0420663180009,98596.81405843854,-43.98826954430767,6.556494925421171,963.852505571939,0.8037438574726137,0.018660159909539273,-1.0895249749713596e-05,0.5946827808911966
81.9,-2579.400910119041,630.69769859874,98693.06291999843,-43.999096772978945,6.557375861261354,962.8957676637812,0.803743990397003,0.018682400007227574,-1.3430819779715694e-05,0.5946819029113677
82.0,-2583.8003255639655,631.3533308794791,98789.2453759075,-44.00991796188487,6.558256797101537,961.9390297556233,0.8037441228501473,0.018704644761443977,-1.596640216538942e-05,0.594681024578109
82.10000000000001,-2588.203473560171,632.0092698333602,98885.42783181659,-44.02070235432346,6.559138067212604,960.9822918581251,0.803744251931007,0.018726946142790257,-1.8501996973413982e-05,0.5946801481752245
82.2,-2592.606621556376,632.6653427012935,98981.56609343433,-44.031486746762056,6.560019479465959,960.0255541591051,0.8037443785492889,0.018749249235302478,-2.1022322460928476e-05,0.5946792741987833
82.30000000000001,-2597.009769552582,633.3214155692268,99077.65287662597,-44.04227113920066,6.560900891719314,959.0688166215799,0.8037445102357824,0.01877155256601301,-2.351751714773317e-05,0.5946783925173588
82.4,-2601.4139503589695,633.97748843716,99173.42353430144,-44.05304581596699,6.5617823039726675,958.1120790840548,0.8037446433011206,0.018793856038324137,-2.6008109601272945e-05,0.5946775081197736
82.5,-2605.818762204932,634.6335613050933,99269.12778635618,-44.063814286229054,6.562663716226021,957.1553415465296,0.8037447758976008,0.018816163844962923,-2.849871426047022e-05,0.5946766233704653
82.60000000000001,-2610.2272889700803,635.2899410131711,99364.83203841094,-44.07454596093575,6.563545462595061,956.1986040193192,0.8037449051898442,0.01883852457593991,-3.098933124051194e-05,0.5946757405618895
82.7,-2614.6358157352274,635.9464547063186,99460.49209619146,-44.08527763564244,6.564427351043945,955.2418666766982,0.8037450320349961,0.018860886921059045,-3.3466044745870374e-05,0.5946748601577488
82.80000000000001,-2619.0443425003755,636.6029683994664,99556.10067556585,-44.09600931034914,6.56530923949283,954.2851294816477,0.8037451639594833,0.01888324950639638,-3.591964516468258e-05,0.5946739720297181
82.9,-2623.4538973700433,637.2594820926139,99651.39312955174,-44.10673126923367,6.566191127941714,953.3283922865974,0.8037452972661332,0.018905612234582102,-3.8368911394424715e-05,0.594673081176908
83.0,-2627.864080188986,637.9159957857614,99746.61917794369,-44.117447021478554,6.567073016390598,952.371655091547,0.8037454301062931,0.018927978988057554,-4.081818969528357e-05,0.5946721899740669
83.10000000000001,-2632.2779595292013,638.5728164859457,99841.84522633566,-44.12812597732929,6.567955238513168,951.4149179056402,0.8037455597134664,0.018950394849636114,-4.32674802305707e-05,0.5946713007232269
83.2,-2636.691838869416,639.2297712421748,99937.02708046736,-44.13880493318001,6.568837602543258,950.4581808701605,0.8037456868899474,0.01897281222303983,-4.570413687647068e-05,0.5946704138540002
83.30000000000001,-2641.105718209632,639.886725998404,100032.15745620921,-44.14948388903074,6.569719966573349,949.5014439501166,0.8037458191509818,0.01899522983852451,-4.8119568585193405e-05,0.5946695192501515
83.4,-2645.5206208468994,640.543680754633,100126.97170667326,-44.160153128137374,6.570602330603439,948.5447070300728,0.8037459527959255,0.019017647598052044,-5.0530923205426846e-05,0.5946686219152916
83.5,-2649.9361481101246,641.200635510862,100221.71955156662,-44.170816159781445,6.571484694633529,947.5879701100289,0.8037460859762874,0.019040069116015787,-5.294228977678348e-05,0.594667724231751
83.60000000000001,-2654.355351961934,641.857897441193,100316.46739646001,-44.18144238993918,6.572367392967375,946.6312331953568,0.8037462159925856,0.019062535992662263,-5.535366851061934e-05,0.5946668285141687
83.7,-2658.774555813743,642.5152934985929,100411.17104710214,-44.19206862009692,6.5732502333982,945.6744963630545,0.8037463435929134,0.01908500427709031,-5.775353539427956e-05,0.5946659351579633
83.80000000000001,-2663.193759665552,643.1726895559927,100505.7619573824,-44.20269485025466,6.574133073829026,944.7177595915748,0.8037464762743909,0.01910747280524499,-6.0133861886277736e-05,0.594665034068269
83.9,-2667.61398197269,643.8300856133926,100600.12477536067,-44.213311362711366,6.5750159142598505,943.7610228200954,0.8037466103398725,0.019129941478580974,-6.251034845865444e-05,0.5946641302438275
84.0,-2672.0348260274427,644.4874816707925,100694.42890793012,-44.22392166708014,6.575898754690677,942.8042860486158,0.803746743942452,0.019152413669807487,-6.488684687513517e-05,0.5946632260718868
84.10000000000001,-2676.4593298022887,645.1451850693313,100788.69854943531,-44.23449516624217,6.576781929167468,941.8475492796239,0.8037468744322878,0.019174928464123882,-6.726335739421037e-05,0.5946623238732759
84.2,-2680.883833577134,645.803022665934,100882.92399669514,-44.2450686654042,6.57766524560563,940.8908125593658,0.803747002517812,0.01919744459438341,-6.962938127257981e-05,0.5946614240191027
84.30000000000001,-2685.30833735198,646.460860262537,100976.9501742661,-44.255642164566225,6.578548562043791,939.9340758796092,0.8037471356813845,0.019219960970012193,-7.197742274958231e-05,0.594660516432302
84.4,-2689.733854728904,647.1186978591398,101070.83466909542,-44.266205945702964,6.579431878481952,938.9773391998525,0.8037472702290396,0.01924247749194777,-7.432185283796828e-05,0.5946596061072259
84.5,-2694.1599907498767,647.7765354557426,101164.70256253851,-44.27676351872333,6.5803151949201135,938.020602520096,0.8037474043154205,0.019264997303515354,-7.666629467550131e-05,0.5946586954357926
84.60000000000001,-2698.5897680883377,648.4346805602835,101258.53868568921,-44.28728428653156,6.581198844718285,937.0638658426041,0.8037475353396032,0.01928755700308566,-7.901074856754617e-05,0.5946577867460139
84.7,-2703.019545426798,649.0929599337771,101352.2615724603,-44.29780505433979,6.5820826361876925,936.1071292049731,0.8037476639707111,0.019310117966980494,-8.134568277789805e-05,0.5946568803844839
84.80000000000001,-2707.449322765259,649.7512393072708,101445.74677546858,-44.30832582214802,6.5829664276571,935.1503925989646,0.8037477976797839,0.019332679177942253,-8.366412450105002e-05,0.5946559662872427
84.9,-2711.8801088486716,650.4095186807644,101539.15294719787,-44.3188368718253,6.583850219126505,934.1936559929562,0.8037479327731116,0.0193552405363262,-8.597918323774306e-05,0.5946550494482584
85.0,-2716.311510472205,651.0677980542581,101632.54251754301,-44.32934171325885,6.584734010595913,933.2369193869478,0.803748067406776,0.019377804965794148,-8.82942536403348e-05,0.5946541322640455
85.10000000000001,-2720.7465350104194,651.7263851021328,101725.93208788817,-44.339809748670405,6.5856181345955225,932.2801827822941,0.803748199029524,0.019400406622808633,-9.06093360605214e-05,0.594653217068246
85.2,-2725.1815595486323,652.3851064896995,101819.14488127669,-44.35027778408195,6.586502399924022,931.3234461917268,0.8037483282714841,0.019423009473430664,-9.29157905997617e-05,0.5946523041832477
85.30000000000001,-2729.6165840868466,653.0438278772663,101912.1517612039,-44.36074581949351,6.587386665252523,930.3667096087089,0.8037484625862784,0.019445612572678284,-9.520711574124951e-05,0.594651383566432
85.4,-2734.052612511359,653.702549264833,102005.07960985889,-44.37120413607006,6.588270930581022,929.4099730256911,0.803748598284156,0.01946821582041811,-9.749526162552834e-05,0.5946504602064124
85.5,-2738.489253371779,654.3612706523996,102097.99085713112,-44.381656243840176,6.589155195909523,928.4532364426733,0.8037487335236476,0.019490821950444315,-9.97834191031515e-05,0.5946495365020457
85.60000000000001,-2742.929498743009,655.0202998805786,102190.90210440339,-44.392071542149196,6.590039793488385,927.4964998583899,0.8037488657989322,0.019513462877347787,-0.00010207158857183697,0.5946486147926818
85.7,-2747.3697441142385,655.6794635190798,102283.63657471331,-44.40248684045822,6.590924532219023,926.5397632421434,0.8037489957043746,0.019536104932300968,-0.00010435191813945395,0.5946476953784994
85.80000000000001,-2751.809989485468,656.3386271575812,102376.16513155532,-44.41290213876723,6.591809270949661,925.5830265969398,0.8037491306719248,0.019558747237292055,-0.00010661832896783923,0.5946467682441106
85.9,-2756.251233883615,656.9977907960825,102468.61465712552,-44.423307717585,6.592694009680299,924.6262899517363,0.8037492670204164,0.019581389691809316,-0.00010888174448437594,0.5946458383665412
86.0,-2760.6930876131746,657.6569544345838,102561.04758131306,-44.433707087161025,6.593578748410938,923.6695533065329,0.8037494029116344,0.019604034857919252,-0.00011114517153118813,0.5946449081453835
86.10000000000001,-2765.1385274481645,658.316426079583,102653.48050550063,-44.444069644680596,6.594463818567467,922.7128166581745,0.8037495358777422,0.019626712748200166,-0.00011340861055167853,0.5946439799253841
86.2,-2769.583967283153,658.9760322053739,102745.73665271183,-44.45443220220017,6.595349029501659,921.7560799556979,0.8037496664827023,0.019649391711776095,-0.00011566492840332691,0.5946430539877905
86.30000000000001,-2774.029407118143,659.6356383311648,102837.78688643876,-44.46479475971974,6.59623424043585,920.7993432108109,0.8037498021359288,0.019672070926715725,-0.00011790844474921452,0.5946421203459337
86.4,-2778.4758425193545,660.2952444569557,102929.75808888969,-44.4751475976461,6.597119451370041,919.8426064659238,0.8037499391672246,0.019694750292186577,-0.00012014914171736842,0.5946411839620552
86.5,-2782.9228842666093,660.9548505827466,103021.71268995709,-44.48549422633187,6.598004662304231,918.8858697210368,0.8037500757423371,0.01971743220648443,-0.0001223898501615452,0.59464024723533
86.60000000000001,-2787.373493713282,661.6147648804604,103113.66729102451,-44.49580404302852,6.59889020362751,917.9291329728596,0.8037502094285041,0.01974014496091685,-0.00012463057057029693,0.5946393125145518
86.7,-2791.8241031599546,662.2748137292342,103205.4451150971,-44.50611385972517,6.5997758852869275,916.9723961648604,0.8037503407619777,0.019762858739695712,-0.00012686484499684466,0.5946383800636744
86.80000000000001,-2796.2747126066274,662.9348625780083,103297.01702566392,-44.51642367642182,6.600661566946345,916.0156593086899,0.8037504771371232,0.01978557277132428,-0.00012908738331786015,0.5946374399147811
86.9,-2800.7263118829146,663.5949114267821,103388.50990494933,-44.52672377335303,6.60154724860576,915.0589224525197,0.8037506148885232,0.019808286954505032,-0.00013130727750619228,0.5946364970237261
87.0,-2805.1785143258726,664.254960275556,103479.98618285004,-44.53701766096239,6.602432930265177,914.1021855963495,0.8037507521848389,0.019831003529221986,-0.0001335271831248358,0.5946355537905726
87.10000000000001,-2809.634266062141,664.9153174611538,103571.46246075077,-44.547274736127235,6.603318941202652,913.145448736337,0.803750886629652,0.019853749072619845,-0.00013574710070692622,0.5946346125668557
87.2,-2814.0900177984086,665.575809267858,103662.76196163238,-44.55753181129207,6.604205092010677,912.1887118002957,0.803751018731324,0.01987649559126348,-0.00013796119520380137,0.5946336735991984
87.30000000000001,-2818.5457695346768,666.2363010745622,103753.85554897989,-44.5677888864569,6.6050912428187045,911.2319748008139,0.8037511558655716,0.019899242364164654,-0.00014016452843276117,0.5946327269432745
87.4,-2823.002505649073,666.8967928812665,103844.87010503856,-44.578036241426354,6.6059773936267305,910.2752378013322,0.8037512943734657,0.01992198928960907,-0.00014236537414628918,0.5946317775462585
87.5,-2827.4598417749626,667.5572846879707,103935.86805971098,-44.58827738667317,6.606863544434757,909.3185008018505,0.8037514324271217,0.019944738471060142,-0.00014456623125220271,0.5946308278077044
87.60000000000001,-2831.920708787318,668.2180849959223,104026.8660143834,-44.5984817169842,6.607750023612589,908.3617637967153,0.8037515676638549,0.019967514900029303,-0.000146767100327902,0.5946298800817452
87.7,-2836.3815757996726,668.8790199948116,104117.68719200301,-44.60868604729524,6.608636642237533,907.4050266830433,0.8037517005662461,0.019990292258287436,-0.00014896269569735168,0.5946289345990583
87.80000000000001,-2840.842442812028,669.539954993701,104208.30245604926,-44.61889037760627,6.6095232608624785,906.4482894799089,0.8037518384829015,0.02001306987197277,-0.00015114839410165304,0.5946279814504344
87.9,-2845.304289149453,670.2008899925904,104298.83868879495,-44.629084987238194,6.610409879487424,905.4915522767745,0.8037519777688642,0.020035847639138925,-0.00015333174596834432,0.5946270255642575
88.0,-2849.7667323769915,670.8618249914797,104389.35832015192,-44.639273386821,6.6112964981123685,904.5348150736402,0.8037521166013096,0.02005862753986818,-0.000155515109196351,0.5946260693370099
88.10000000000001,-2854.2326880830396,671.5230686554896,104479.87795150891,-44.64942496951652,6.612183443933093,903.5780778634893,0.8037522526456273,0.020081433217757034,-0.00015769848440714046,0.5946251151256468
88.2,-2858.6986437890873,672.1844470800222,104570.22080577358,-44.659576552212016,6.613070528677889,902.6213405291141,0.8037523863624847,0.020104239786522815,-0.00015987708503922227,0.5946241631472226
88.30000000000001,-2863.164599495136,672.8458255045549,104660.35774641884,-44.66972813490753,6.613957613422684,901.6646030959157,0.8037525250752555,0.02012704661187458,-0.00016204658400252597,0.5946232035253408
88.4,-2867.631529958488,673.5072039290875,104750.41565574858,-44.679869996596366,6.614844698167481,900.7078656627174,0.803752665153023,0.020149853591636013,-0.00016421387083217852,0.5946222411695116
88.5,-2872.0990542318705,674.1685823536202,104840.45696368649,-44.690005648222325,6.615731782912276,899.751128229519,0.803752804777983,0.02017266258786359,-0.00016638116899844822,0.5946212784730701
88.60000000000001,-2876.5700725753427,674.8302696065371,104930.49827162438,-44.70010448305775,6.616619193575426,898.794390789232,0.8037529416413396,0.020195496025715486,-0.00016854847916641144,0.5946203177949597
88.7,-2881.0410909188145,675.492091689298,105020.36280242741,-44.710203317893175,6.617506742616897,897.8376532210526,0.8037530761838548,0.020218330320215458,-0.00017071148118604564,0.5946193593397743
88.80000000000001,-2885.512109262287,676.153913772059,105110.02141956151,-44.7203021527286,6.618394291658369,896.8809155502496,0.803753215710852,0.020241164872617495,-0.00017286613741019984,0.5946183932543312
88.9,-2889.9840974721274,676.8157358548199,105199.60100536422,-44.730391266630505,6.6192818406998395,895.9241778794467,0.8037533565995867,0.020263999580376016,-0.0001750187150707468,0.5946174244372205
89.0,-2894.45667638437,677.4775579375807,105289.16398977175,-44.74047417046554,6.620169389741311,894.9674402086438,0.8037534970362701,0.020286836188869856,-0.00017717130404937634,0.5946164552799909
89.10000000000001,-2898.93273095829,678.1396890113498,105378.7269741793,-44.75052025744015,6.621057263390385,894.0107025305371,0.8037536347393178,0.020309695898232512,-0.0001793239050541882,0.5946154881423741
89.2,-2903.408785532209,678.8019549840113,105468.11318140625,-44.76056634441476,6.621945274864382,893.053964716841,0.8037537701292292,0.02033255642964299,-0.0001814726312638466,0.5946145232163185
89.30000000000001,-2907.8848401061296,679.4642209566731,105557.29347491103,-44.77061243138938,6.6228332863383805,892.0972267929611,0.8037539104918756,0.020355417220247245,-0.0001836137095968863,0.5946135506737238
89.4,-2912.361859685926,680.1264869293348,105646.39473706741,-44.780648797291484,6.623721297812378,891.1404888690813,0.8037540522126275,0.02037827816713681,-0.0001857528307344757,0.5946125754023451
89.5,-2916.839466863023,680.7887529019964,105735.47939782507,-44.79067895284857,6.6246093092863765,890.1837509452015,0.8037541934818822,0.020401140915662235,-0.00018789196317726885,0.59461159979119
89.60000000000001,-2921.320531292912,681.4513280276475,105824.56405858274,-44.800672289723394,6.6254976440802675,889.2270130127746,0.8037543320439158,0.02042402551508902,-0.00019003110767606103,0.5946106262005212
89.7,-2925.8015957228004,682.1140381209602,105913.47194210738,-44.8106656265982,6.626386116133089,888.2702749208187,0.80375446830021,0.020446910903514845,-0.00019216675841934996,0.5946096548105214
89.80000000000001,-2930.2826601526895,682.7767482142732,106002.1739118488,-44.82065896347302,6.627274588185911,887.3135366989233,0.8037546095086633,0.020469796552192956,-0.00019429537784141813,0.594608675829738
89.9,-2934.7646843227435,683.439458307586,106090.7968502221,-44.830642578776676,6.628163060238734,886.356798477028,0.8037547520699937,0.020492682358035738,-0.0001964221486051661,0.5946076941253075
90.0,-2939.24729295033,684.1021684008988,106179.40318719253,-44.84061998345141,6.629051532291556,885.4000602551326,0.8037548941802782,0.020515569876490083,-0.00019854893066618284,0.5946067120813676
90.10000000000001,-2943.7333404209544,684.7651878084979,106268.00952416296,-44.85056056779229,6.629940326253649,884.4433220236123,0.8037550336055501,0.020538478166749707,-0.00020067572481787235,0.594605732059142
90.2,-2948.2193878915778,685.4283422522265,106356.43908384377,-44.86050115213317,6.6308292568496965,883.4865836206382,0.8037551707309701,0.02056138721799554,-0.0002027993692692826,0.5946047542286526
90.30000000000001,-2952.705435362202,686.0914966959551,106444.66272967539,-44.87044173647405,6.631718187445744,882.5298450808825,0.8037553127865597,0.020584296530506866,-0.00020491654653038144,0.5946037688351232
90.4,-2957.192438117199,686.7546511396836,106532.80734411677,-44.88037259904001,6.632607118041791,881.573106541127,0.8037554561895194,0.02060720600104674,-0.00020703197780364975,0.5946027807235416
90.5,-2961.6800222589377,687.4178055834122,106620.93535715062,-44.890297250974385,6.633496048637838,880.6163680013715,0.8037555991418757,0.02063011709907236,-0.00020914742037081064,0.5946017922727104
90.60000000000001,-2966.1710268335723,688.081269502015,106709.06337018448,-44.90018508267558,6.6343852997007255,879.659629451964,0.8037557394294117,0.020653047997858782,-0.00021126287506749423,0.594600805844287
90.7,-2970.6620314082056,688.7448685249083,106797.01460586996,-44.91007291437676,6.635274686779685,878.702890728777,0.8037558774226436,0.02067597963301408,-0.0002133754994365309,0.5945998215990882
90.80000000000001,-2975.1530359828403,689.4084675478019,106884.75992763785,-44.919960746077955,6.6361640738586445,877.7461518662756,0.8037560203314814,0.020698911530623674,-0.00021548219019844908,0.5945988298086134
90.9,-2979.6449909809667,690.0720665706954,106972.42621799262,-44.929838856030266,6.637053460937604,876.7894130037744,0.8037561645835233,0.020721843587152722,-0.00021758723651789643,0.5945978353039375
91.0,-2984.137524260524,690.7356655935888,107060.07590693502,-44.9397107553702,6.6379428480165625,875.8326741412732,0.8037563083854491,0.02074477718641085,-0.00021969229413226074,0.5945968404603047
91.10000000000001,-2988.6334595628896,691.3995742512226,107147.72559587745,-44.94954583459308,6.638832554106246,874.8759352690935,0.8037564495436054,0.02076772961392311,-0.00022179736391894482,0.5945958476391089
91.2,-2993.1293948652537,692.0636180810006,107235.1985074116,-44.95938091381596,6.639722395595131,873.919196221627,0.8037565884136976,0.020790682753061625,-0.00022389990366620491,0.5945948569917743
91.30000000000001,-2997.6253301676193,692.7276619107788,107322.46550495837,-44.969215993038844,6.640612237084016,872.9624570332634,0.8037567321873776,0.02081363615589291,-0.0002259970109508197,0.5945938588135513
91.4,-3002.1222110325916,693.3917057405569,107409.65347106864,-44.97904135046756,6.641502078572902,872.0057178448998,0.8037568773002698,0.02083658971853189,-0.00022809256892661025,0.5945928579248161
91.5,-3006.6196670736435,694.0557495703349,107496.82483576167,-44.988860497107396,6.642391920061788,871.0489786565363,0.8037570219634191,0.020859544749009667,-0.0002301881382024726,0.5945918566973323
91.60000000000001,-3011.1205067271503,694.7201031939841,107583.99620045468,-44.9986428224491,6.643282079076613,870.09223945773,0.8037571640039919,0.020882517671796833,-0.0002322837196970099,0.5945908574912844
91.7,-3015.621346380656,695.3845920573169,107670.99078767464,-45.00842514779081,6.644172372856263,869.1355000658068,0.803757303763124,0.020905491281757616,-0.00023437703393511846,0.5945898604492913
91.80000000000001,-3020.122186034163,696.0490809206499,107757.77946083175,-45.01820747313251,6.645062666635914,868.1787605172138,0.8037574484053521,0.02092846515642594,-0.00023646535573445203,0.5945888559023367
91.9,-3024.623966389299,696.7135697839826,107844.48910252738,-45.027980076358915,6.645952960415565,867.2220209686209,0.8037575943812953,0.020951439191743408,-0.00023855221240741333,0.5945878486506682
92.0,-3029.1263188150638,697.3780586473155,107931.1821428005,-45.03774646856975,6.646843254195216,866.265281420028,0.803757739907777,0.02097441462832327,-0.00024063908038915062,0.5945868410603908
92.10000000000001,-3033.632036442293,698.0428574628763,108017.87518307364,-45.04747603811886,6.6477338639152315,865.3085418601637,0.8037578828296031,0.020997407131900334,-0.00024272596063966366,0.5945858354914949
92.2,-3038.137754069522,698.7077915853221,108104.3914458058,-45.05720560766797,6.648624607699328,864.3518020980617,0.803758023475185,0.02102040030130413,-0.0002448108091089449,0.5945848320787409
92.30000000000001,-3042.6434716967515,699.3727257077679,108190.70179439597,-45.066935177217076,6.649515351483425,863.3950621740858,0.803758168980814,0.021043393736354152,-0.00024689106446668417,0.5945838211904763
92.4,-3047.15012516449,700.0376598302137,108276.93311149783,-45.07665502440003,6.65040609526752,862.43832225011,0.8037583158142301,0.021066387332876014,-0.0002489699332994665,0.5945828076039418
92.5,-3051.657347597341,700.7025939526595,108363.14782717155,-45.08636866053546,6.651296839051617,861.4815823261341,0.8037584621984487,0.021089382267617262,-0.0002510488134529679,0.5945817936789256
92.60000000000001,-3056.167916820308,701.3678381849112,108449.36254284528,-45.09604547393679,6.652187897212302,860.5248423908123,0.8037586059937034,0.021112393542153163,-0.0002531277059283819,0.5945807817751465
92.7,-3060.6784860432745,702.0332177909127,108535.40048090857,-45.105722287338125,6.653079088766225,859.5681022514066,0.8037587475173228,0.02113540546426584,-0.0002552047835206869,0.594579772020344
92.80000000000001,-3065.189055266241,702.6985973969141,108621.23250474902,-45.11539910073945,6.653970280320147,858.6113619484636,0.8037588938837879,0.021158417653102102,-0.000257277643342122,0.5945787548116238
92.9,-3069.7005554685397,703.3639770029155,108706.9854970736,-45.12506619179816,6.654861471874068,857.6546216455208,0.8037590415731919,0.021181430004254643,-0.0002593491937676125,0.5945777349096705
93.0,-3074.2126215304315,704.0293566089168,108792.72188796428,-45.134727071824884,6.65575266342799,856.697881342578,0.8037591888136942,0.02120444363101498,-0.0002614207555288776,0.5945767146693858
93.10000000000001,-3078.728015971095,704.695046481522,108878.45827885495,-45.14435112921007,6.656644167797725,855.7411410282833,0.8037593334813316,0.021227472881915913,-0.00026349232966785914,0.5945756964495652
93.2,-3083.243410411758,705.3608717944087,108964.01789206502,-45.15397518659526,6.657535804897819,854.7844005091957,0.8037594758824679,0.02125050276247391,-0.00026556229183027815,0.5945746803708949
93.30000000000001,-3087.7588048524212,706.0266971072954,109049.37159097049,-45.16359924398046,6.658427441997913,853.827659825782,0.8037596231138344,0.02127353291093797,-0.0002676283927476625,0.5945736568537473
93.4,-3092.2751254112504,706.6925224201821,109134.6462583325,-45.173213579044386,6.659319079098006,852.8709191423685,0.8037597716639487,0.02129656322257391,-0.000269693259818625,0.5945726306475683
93.5,-3096.792008724137,707.3583477330686,109219.9043242548,-45.18282170299707,6.6602107161981,851.9141784589549,0.8037599197654225,0.02131959475140437,-0.00027175813824339246,0.5945716041031825
93.60000000000001,-3101.312202004336,708.0244834685725,109305.16239017712,-45.192393003753494,6.661102664540207,850.957437763846,0.8037600653113548,0.02134264118184627,-0.0002738230291040062,0.594570579577411
93.7,-3105.8323952845344,708.6907547105566,109390.24367834616,-45.20196430450992,6.661994744947469,850.0006968552133,0.8037602085967146,0.021365688223334366,-0.0002758864895071928,0.59456955718398
93.80000000000001,-3110.352588564733,709.3570259525407,109475.11905212594,-45.21153560526635,6.662886825354731,849.043955774332,0.8037603566922638,0.02138873553370793,-0.00027794640490413707,0.5945685273776187
93.9,-3114.8737031018836,710.0232971945248,109559.91539433382,-45.22109718348643,6.663778905761992,848.0872146934508,0.8037605061008903,0.02141178300806293,-0.0002800051523457399,0.5945674948884868
94.0,-3119.395377287494,710.6895684365089,109644.69513509602,-45.23065255042706,6.664670986169253,847.1304736125697,0.8037606550610497,0.02143483164853744,-0.0002820639111617328,0.5945664620612074
94.10000000000001,-3123.9203430285615,711.3561502562944,109729.47487585821,-45.24017109314604,6.665563376115793,846.1737325194357,0.8037608014809434,0.02145789453272886,-0.00028412268247445855,0.5945654312514603
94.2,-3128.445308769629,712.0228676484004,109814.07783879204,-45.249689635865025,6.666455897383874,845.2169912049594,0.8037609456451873,0.021480958010935133,-0.0002861801847509165,0.5945644025666088
94.30000000000001,-3132.9702745106965,712.6895850405066,109898.47488724916,-45.25920817858401,6.6673484186519545,844.2602497127718,0.8037610945995483,0.021504021758999122,-0.0002882344260984094,0.5945633664944723
94.4,-3137.4961566473867,713.3563024326124,109982.79290410447,-45.26871699852314,6.668240939920035,843.3035082205845,0.8037612448615397,0.02152708567185336,-0.0002902875598852781,0.5945623277455757
94.5,-3142.0225953268773,714.0230198247185,110067.09431950779,-45.27821960710584,6.669133461188116,842.3467667283971,0.8037613946752082,0.021550150703366227,-0.0002923407050694327,0.5945612886585692
94.60000000000001,-3146.552307149619,714.6900479489811,110151.39573491112,-45.28768539108231,6.670026290337699,841.390025223751,0.8037615419613006,0.021573229417668552,-0.000294393862813518,0.5945602515882966
94.7,-3151.08201897236,715.3572117110467,110235.52037240975,-45.297151175058794,6.670919250095025,840.433283495319,0.8037616869957679,0.021596308712019553,-0.0002964458984525976,0.5945592166366289
94.80000000000001,-3155.6117307951017,716.0243754731126,110319.4390953428,-45.30661695903527,6.671812209852352,839.476541587675,0.8037618368018125,0.02161938827723044,-0.00029849493748544757,0.5945581743212913
94.9,-3160.142354152073,716.6915392351783,110403.27878664342,-45.31607302022283,6.672705169609677,838.5197996800313,0.8037619879103147,0.02164246800804188,-0.0003005429275473661,0.5945571293348761
95.0,-3164.6735309461706,717.358702997244,110487.10187648564,-45.325522870065896,6.673598129367003,837.5630577723875,0.8037621385706559,0.02166554881077,-0.00030259092903165205,0.5945560840104016
95.10000000000001,-3169.2079624712374,718.0261776450006,110570.92496632786,-45.334935895389755,6.6744913953722165,836.6063158523189,0.8037622867158886,0.021688642762928208,-0.0003046389431408863,0.5945550407014157
95.2,-3173.7423939963032,718.6937879956922,110654.57127818863,-45.344348920713614,6.675384791289895,835.6495737085014,0.803762432613732,0.021711737282044737,-0.00030668597111719426,0.5945539995044744
95.30000000000001,-3178.27682552137,719.3613983463838,110738.01167539436,-45.35376194603747,6.676278187207574,834.6928313852939,0.8037625832683506,0.021734832073110194,-0.00030873025438143834,0.5945529509624617
95.4,-3182.8121637192776,720.0290086970754,110821.37304093716,-45.3631652485945,6.6771715831252525,833.7360890620865,0.8037627352208242,0.021757927030596376,-0.000310773547477805,0.5945518997543214
95.5,-3187.3480522486375,720.6966190477667,110904.71780501517,-45.37256233980229,6.678064979042931,832.7793467388792,0.8037628867253305,0.021781023013066104,-0.0003128168520237423,0.5945508482081957
95.60000000000001,-3191.887177096696,721.3645404368676,110988.06256909318,-45.38192260644546,6.678958679581102,831.8226044032186,0.8037630357284852,0.02180413158392894,-0.0003148601692613576,0.5945497986758336
95.7,-3196.426301944754,722.0325975936879,111071.23055511226,-45.39128287308863,6.679852509341842,830.8658618420375,0.8037631824891518,0.021827240707676623,-0.00031690262493712075,0.5945487512481427
95.80000000000001,-3200.965426792812,722.7006547505083,111154.19262638608,-45.40064313973179,6.680746339102582,829.9091190995871,0.8037633339906944,0.02185035010442183,-0.00031894256485398635,0.5945476964955108
95.9,-3205.505453452311,723.3687119073287,111237.07566596623,-45.409993683538275,6.681640168863321,828.9523763571369,0.8037634867851186,0.02187345966839208,-0.0003209815673366447,0.5945466390822481
96.0,-3210.0460273375575,724.0367690641491,111319.9421040751,-45.41933801587797,6.682533998624061,827.9956336146867,0.8037636391316794,0.02189657021721307,-0.00032302058129793745,0.5945455813310079
96.10000000000001,-3214.5898191290303,724.7051374112501,111402.80854218398,-45.42864552288969,6.6834281312809845,827.0388908594246,0.8037637889903373,0.02191969282244228,-0.00032505960801917493,0.5945445255914124
96.2,-3219.1336109205017,725.3736415904947,111485.49820215465,-45.4379530299014,6.684322392424622,826.0821478718311,0.8037639366113969,0.02194281596682879,-0.0003270978831141947,0.5945434719491679
96.30000000000001,-3223.6774027119736,726.0421457697392,111567.97097619383,-45.44726053691312,6.68521665356826,825.1254046973796,0.8037640889533845,0.02196593938514726,-0.0003291338456593702,0.5945424110076382
96.4,-3228.222091453422,726.7106499489837,111650.38666069553,-45.45655832090402,6.686110914711898,824.1686615229283,0.8037642425826772,0.021989062971472614,-0.0003311689180413816,0.5945413474118345
96.5,-3232.7673243148574,727.3791541282282,111732.77477262546,-45.465849893318776,6.6870051758555356,823.2119183484771,0.8037643957641698,0.02201218750637465,-0.0003332040019327181,0.5945402834780301
96.60000000000001,-3237.315756669694,728.0479696487606,111815.16288455541,-45.47510463976463,6.687899738149218,822.255175160925,0.8037645464689077,0.02203532363970832,-0.00033523909865410266,0.5945392215543658
96.7,-3241.86418902453,728.7169210654879,111897.37421826684,-45.484359386210485,6.688794428173162,821.2984317382202,0.8037646949399385,0.02205846030071866,-0.0003372735425777196,0.5945381617220433
96.80000000000001,-3246.4126213793666,729.3858724822152,111979.33774918462,-45.49361413265634,6.689689118197106,820.3416881272598,0.8037648481140095,0.022081597236644428,-0.0003393058604511339,0.5945370946133427
96.9,-3250.961945822645,730.0548238989425,112061.2857913486,-45.50285915598659,6.690583808221049,819.3849445162994,0.8037650025703835,0.022104734341369173,-0.000341337333064174,0.594536024855983
97.0,-3255.511811280123,730.7237753156696,112143.21580960826,-45.51209796774226,6.691478498244994,818.4282009053392,0.8037651565790257,0.02212787235947375,-0.0003433688172187574,0.5945349547606031
97.10000000000001,-3260.064857818034,731.3930382238393,112225.12559514651,-45.521299953595,6.692373487725272,817.4714572813273,0.80376530812091,0.022151021561812742,-0.00034540031427497567,0.5945338866739976
97.2,-3264.6179043559446,732.0624370918899,112306.84299309342,-45.53050193944773,6.69326860421285,816.5147134224388,0.8037654574326275,0.02217417128178127,-0.0003474312489215453,0.5945328206731842
97.30000000000001,-3269.170950893856,732.7318359599407,112388.31266334269,-45.53970392530047,6.694163720700429,815.5579693752956,0.8037656114286276,0.022197321277612765,-0.0003494602336125839,0.594531747420109
97.4,-3273.7248846586554,733.4012348279913,112469.78233359194,-45.54889618805415,6.695058837188007,814.6012253281525,0.8037657667015786,0.022220471443020536,-0.0003514884175875817,0.594530671524494
97.5,-3278.2793563318696,734.0706336960419,112551.2520038412,-45.55808223924501,6.695953953675586,813.6444812810093,0.8037659215268973,0.022243622486113435,-0.0003535166131377944,0.5945295952908628
97.60000000000001,-3282.836990672584,734.7403442048461,112632.69667289003,-45.567231464603765,6.696849367941926,812.687737220864,0.8037660738961941,0.02226678428755395,-0.0003555448216623384,0.5945285210642708
97.7,-3287.394625013297,735.4101907368583,112713.90441946244,-45.57638068996252,6.697744908503192,811.7309929265206,0.803766224039351,0.02228994659618935,-0.0003575725510734494,0.5945274489173173
97.80000000000001,-3291.9522593540114,736.0800372688706,112794.8957175794,-45.585529915321274,6.698640449064458,810.7742484443908,0.8037663788557811,0.02231310918183627,-0.0003595984964846975,0.5945263695317692
97.9,-3296.5107760600686,736.7498838008829,112875.88701569635,-45.594669417598766,6.699535989625724,809.8175039622612,0.8037665349452615,0.022336271937872094,-0.0003616236845437395,0.5945252875078703
98.0,-3301.0698275687473,737.4197303328951,112956.8783138133,-45.60380270826516,6.7004315301869894,808.8607594801316,0.8037666905871882,0.022359435538329406,-0.00036364888421305894,0.5945242051459432
98.10000000000001,-3305.6320233319243,738.089888654127,113037.85514405974,-45.61289917275882,6.701327366835843,807.9040149848811,0.8037668437847996,0.022382609461382985,-0.0003656740969302281,0.5945231247885784
98.2,-3310.194219095101,738.7601830615358,113118.57398503867,-45.62199563725249,6.702223329064081,806.9472702520062,0.8037669947608665,0.022405783880584115,-0.00036769890481091674,0.5945220465039941
98.30000000000001,-3314.7564148582783,739.4304774689448,113199.08691080364,-45.631092101746155,6.703119291292319,805.9905253281283,0.8037671503938304,0.022428958577792018,-0.0003697220754571834,0.5945209610017836
98.4,-3319.3194881252266,740.1007718763535,113279.59983656861,-45.64017884303312,6.7040152535205575,805.0337804042506,0.8037673072949054,0.02245213344616744,-0.00037174452665943576,0.5945198728668531
98.5,-3323.8830930889667,740.7710662837624,113360.11276233355,-45.64925937261169,6.704911215748796,804.077035480373,0.8037674637484538,0.022475309129835468,-0.0003737669895081881,0.5945187843938441
98.60000000000001,-3328.4498238939705,741.4416726279719,113440.61122022138,-45.658303075425096,6.705807472253806,803.1202905431547,0.8037676177681363,0.02249849473775505,-0.0003757894654796642,0.5945176979234075
98.7,-3333.016554698974,742.112415120948,113520.85168872222,-45.6673467782385,6.7067038535586345,802.1635453654877,0.8037677695702088,0.022521680831703854,-0.00037781160273594924,0.59451661351979
98.80000000000001,-3337.583285503978,742.783157613924,113600.88624191313,-45.67639048105192,6.707600234863464,801.2067999949647,0.8037679260103299,0.022544867204581882,-0.00037983223516613004,0.5945155219228964
98.9,-3342.1508889511138,743.4539001068999,113680.92079510403,-45.68542446051478,6.7084966161682935,800.250054624442,0.8037680837133343,0.022568053749392723,-0.0003818521830101167,0.5945144276993363
99.0,-3346.7190209891774,744.124642599876,113760.95534829494,-45.69445222822909,6.709392997473123,799.2933092539191,0.803768240968825,0.022591241082242745,-0.00038387214253787235,0.5945133331376371
99.10000000000001,-3351.290260455074,744.7956971763563,113840.97543360203,-45.70344316898729,6.710289671307973,798.3365638700093,0.8037683957989257,0.022614438000743916,-0.0003858921152645399,0.5945122405771031
99.2,-3355.8614999209703,745.4668879638166,113920.73752940196,-45.7124341097455,6.711186469193904,797.3798182453494,0.8037685484145154,0.022637635397092664,-0.0003879118089743175,0.5945111500785158
99.30000000000001,-3360.432739386867,746.138078751277,114000.2937097957,-45.721425050503704,6.712083267079834,796.4230724277868,0.8037687056505225,0.02266083307331786,-0.0003899301212526177,0.5945100524093833
99.4,-3365.0048466332196,746.8092695387372,114079.84989018942,-45.730406267908144,6.712980064965764,795.4663266102242,0.8037688641444334,0.022684030922243408,-0.0003919477828411552,0.5945089521193281
99.5,-3369.5774793646274,747.4804603261975,114159.40607058315,-45.73938127357108,6.713876862851695,794.5095807926617,0.8037690221908594,0.022707229532102715,-0.00039396545615173056,0.5945078514910846
99.60000000000001,-3374.153201110403,748.1519633430015,114238.94778308638,-45.74831945232804,6.714773951551521,793.5528349617724,0.8037691778203513,0.022730437403503,-0.0003959831427380613,0.5945067528622299
99.7,-3378.728922856178,748.8236026326302,114318.23150596238,-45.757257631085004,6.715671163572281,792.5960888909483,0.8037693312386416,0.022753645745045344,-0.0003980006046201136,0.5945056562901772
99.80000000000001,-3383.3046446019534,749.495241922259,114397.30931333598,-45.76619580984197,6.71656837559304,791.6393426277778,0.8037694892644494,0.02277685436753377,-0.0004000167869036303,0.5945045525639451
99.9,-3387.8812292665107,750.1668812118877,114476.38712070954,-45.77512426525752,6.7174655876138,790.6825963646073,0.8037696485440451,0.02280006316351018,-0.0004020323427857743,0.5945034462213968
100.0,-3392.458336310255,750.8385205015163,114555.46492808312,-45.78404650894041,6.718362799634559,789.725850101437,0.8037698073762168,0.02282327269252936,-0.0004040479104290573,0.5945023395406347
100.10000000000001,-3397.0385139549276,751.5104721654707,114634.52826755955,-45.79293192577064,6.7192603007623415,788.7691038250001,0.8037699638007794,0.022846491136357238,-0.0004060634914255513,0.5945012348573308
100.2,-3401.618691599599,752.1825601637303,114713.33361728901,-45.80181734260086,6.720157924486698,787.8123573093944,0.8037701180178614,0.022869710041884955,-0.0004080788970234924,0.5945001322251888
100.30000000000001,-3406.1988692442715,752.85464816199,114791.93305142001,-45.810702759431095,6.721055548211054,786.8556106019403,0.80377027683044,0.022892929229443297,-0.0004100931406209809,0.5944990224540572
100.4,-3410.7799049460514,753.5267361602496,114870.53248555104,-45.81957845290512,6.72195317193541,785.8988638944863,0.8037704368927123,0.022916148591273545,-0.0004121067956787739,0.5944979100712044
100.5,-3415.361459921135,754.1988241585092,114949.13191968204,-45.82844793458083,6.722850795659766,784.9421171870323,0.803770596507573,0.02293936866187005,-0.00041412046253776105,0.5944967973500763
100.60000000000001,-3419.9460670836106,754.8712246752059,115027.71688590925,-45.83728058896336,6.723748706736256,783.9853704661946,0.8037707537245669,0.02296259730713217,-0.0004161341428278332,0.5944956866238202
100.7,-3424.5306742460857,755.5437615873193,115106.04386226895,-45.84611324334588,6.724646739666833,783.0286235033366,0.8037709087381116,0.022985826405510223,-0.0004181476914032844,0.5944945779427042
100.80000000000001,-3429.1152814085617,756.2162984994328,115184.16492293343,-45.854945897728406,6.72554477259741,782.0718763460742,0.8037710683314757,0.02300905578689788,-0.00042016018213901577,0.5944934621427683
100.9,-3433.7007417664386,756.8888354115462,115262.28598359789,-45.863768828644474,6.726442805527988,781.115129188812,0.8037712291702094,0.02303228534333025,-0.000422172117869119,0.5944923437360461
101.0,-3438.2867182917016,757.5613723236597,115340.40704426235,-45.87258554768507,6.727340838458565,780.1583820315499,0.803771389561513,0.023055515586869687,-0.0004241840654412846,0.5944912249909639
101.10000000000001,-3442.875728590594,758.2342218974261,115418.5136370163,-45.88136543896897,6.728239156925522,779.2016348607804,0.8037715475630859,0.023078754104534444,-0.00042619602652368537,0.5944901082389606
101.2,-3447.4647388894855,758.9072079273369,115496.36223978159,-45.89014533025288,6.729137596463818,778.2448874471189,0.8037717033643904,0.023101993067895423,-0.00042820789490964135,0.5944889935272106
101.30000000000001,-3452.053749188378,759.5801939572478,115574.00492675454,-45.89892522153678,6.730036036002113,777.2881398388469,0.8037718637284121,0.023125232315198658,-0.00043021879406644596,0.5944878717187696
101.4,-3456.643607820917,760.2531799871585,115651.64761372746,-45.907695389268895,6.73093447554041,776.331392230575,0.803772025332701,0.02314847173829264,-0.00043222916539613755,0.5944867473095578
101.5,-3461.2339795149032,760.9261660170694,115729.29030070039,-45.916459345121396,6.731832915078706,775.3746446223031,0.8037721864895416,0.023171711827663886,-0.0004342395486094454,0.5944856225619015
101.60000000000001,-3465.8273665686456,761.5994648509661,115806.91851975604,-45.92518647323851,6.732731638399865,774.4178970005815,0.8037723452636867,0.023194959926987876,-0.00043624994541289,0.594484499805742
101.7,-3470.4207536223876,762.2729002013575,115884.28874870193,-45.933913601355634,6.733630482044549,773.4611491367878,0.8037725018403361,0.02321820846579203,-0.0004382602845608991,0.5944833790854788
101.80000000000001,-3475.01414067613,762.9463355517491,115961.45306175838,-45.94264072947276,6.734529325689233,772.5044010789611,0.8037726629650505,0.023241457289533037,-0.0004402697339749907,0.5944822512873631
101.9,-3479.6083712017457,763.6197709021407,116038.6173748148,-45.951358134045876,6.735428169333917,771.5476530211347,0.8037728253256589,0.023264706289827734,-0.0004422786799239773,0.5944811208935279
102.0,-3484.20311168287,764.2932062525322,116115.78168787125,-45.96006932674513,6.7363270129786015,770.5909049633083,0.8037729872388202,0.023287955935292624,-0.0004442876377987652,0.594479990161178
102.10000000000001,-3488.8008491098913,764.9669545483704,116192.93153300372,-45.968743691743796,6.737226138672687,769.6341568921003,0.8037731467765069,0.02331121332611814,-0.0004462966093440526,0.5944788614186315
102.2,-3493.398586536912,765.6408394206824,116269.8233879057,-45.97741805674246,6.738125383953833,768.6774085799236,0.8037733041196353,0.02333447115020817,-0.0004483055546353225,0.5944777347074272
102.30000000000001,-3497.9963239639337,766.3147242929946,116346.50932682148,-45.98609242174113,6.739024629234979,767.7206600745541,0.8037734659998957,0.02335772926032779,-0.000450313685932774,0.5944766009321982
102.4,-3502.5949000010582,766.9886091653067,116423.19526573726,-45.99475706320413,6.739923874516125,766.7639115691845,0.8037736291125205,0.02338098754778477,-0.00045232133843131286,0.5944754645651791
102.5,-3507.193982887753,767.6624940376189,116499.88120465304,-46.00341549278883,6.740823119797271,765.8071630638151,0.8037737917777221,0.023404246458855044,-0.0004543290028984623,0.5944743278595916
102.60000000000001,-3511.7960443064862,768.3366919959719,116576.55267563817,-46.01203709463776,6.741722645400362,764.8504145451141,0.8037739520754772,0.023427512832217206,-0.0004563366811168228,0.5944731931418762
102.7,-3516.398105725219,769.01102659041,116652.96615627244,-46.02065869648668,6.742622289857533,763.8936657859597,0.8037741101819904,0.023450779632005092,-0.00045834436103244365,0.594472060450487
102.80000000000001,-3521.0001671439522,769.685361184848,116729.17372082396,-46.02928029833561,6.743521934314705,762.9369168338847,0.8037742728129114,0.02347404671885628,-0.0004603512962610102,0.5944709207113503
102.9,-3525.6030623110137,770.3596957792861,116805.38128537546,-46.03789217661846,6.744421578771877,761.9801678818096,0.8037744366719975,0.023497313983805092,-0.0004623577758400565,0.594469778385282
103.0,-3530.2064612216923,771.0340303737241,116881.58884992696,-46.046497842968506,6.745321223229049,761.0234189297347,0.8037746000836393,0.023520581854000522,-0.00046436426743103304,0.5944686357205584
103.10000000000001,-3534.8128202504527,771.708678193912,116957.78194654114,-46.05506668122751,6.74622114621858,760.066669964268,0.8037747611354389,0.02354385693970613,-0.0004663707728538084,0.5944674950410436
103.2,-3539.4191792792126,772.3834627094203,117033.71705268382,-46.06363551948651,6.7471211873036125,759.1099207571207,0.8037749199994042,0.023567132445944744,-0.00046837730493046555,0.5944663563827028
103.30000000000001,-3544.025538307973,773.0582472249288,117109.44624264693,-46.07220435774551,6.748021228388645,758.153171356017,0.8037750833743909,0.02359040824025889,-0.0004703831565451727,0.5944652106938091
103.4,-3548.632726223256,773.7330317404371,117185.17543261,-46.080763472351165,6.748921269473678,757.1964219549133,0.8037752479735637,0.023613684213433465,-0.000472388574659147,0.5944640624225646
103.5,-3553.240414776178,774.4078162559455,117260.90462257309,-46.089316374973805,6.749821310558712,756.2396725538097,0.80377541212525,0.023636960775256944,-0.0004743940048288419,0.5944629138125621
103.60000000000001,-3557.851045033063,775.0829141360151,117336.61934459214,-46.097832449212845,6.750721628369275,755.2829231392751,0.8037755739245762,0.023660244275577502,-0.0004763994489124858,0.5944617671865897
103.7,-3562.461675289947,775.7581487702571,117412.07607601893,-46.106348523451885,6.751622063499847,754.3261734831434,0.8037757335388392,0.023683528189341396,-0.0004784049418955729,0.594460622577574
103.80000000000001,-3567.072305546832,776.4333834044992,117487.32689116932,-46.11486459769093,6.7525224986304195,753.3694236334102,0.803775897649601,0.023706812392154754,-0.00048040981161469825,0.5944594709567628
103.9,-3571.6837598284005,777.1086180387412,117562.57770631972,-46.12337094822619,6.753422933760992,752.412673783677,0.8037760629804549,0.023730096774584007,-0.00048241426755165273,0.5944583167583606
104.0,-3576.295711641616,777.7838526729832,117637.82852147009,-46.13187108677703,6.754323368891564,751.4559239339437,0.8037762278637863,0.023753381729466026,-0.0004844187355885484,0.594457162221102
104.10000000000001,-3580.9105867446074,778.4594008097117,117713.06486866975,-46.140334396964164,6.755224078986731,750.4991740708533,0.8037763904003291,0.023776673428226987,-0.00048642321762143985,0.5944560096661136
104.2,-3585.525461847598,779.1350857590867,117788.04322515668,-46.14879770715129,6.7561249056519355,749.5424239672833,0.8037765507542182,0.02379996553619002,-0.0004884277682160008,0.5944548591242595
104.30000000000001,-3590.1403369505892,779.8107707084617,117862.81566527068,-46.15726101733842,6.75702573231714,748.5856736709303,0.8037767155925886,0.023823257934242937,-0.0004904317486356028,0.5944537015859935
104.4,-3594.7560312164137,780.4864556578366,117937.58810538468,-46.165714603826224,6.757926558982344,747.6289233745774,0.8037768816474169,0.023846550512677506,-0.000492435334300449,0.59445254147429
104.5,-3599.3722199078934,781.1621406072115,118012.36054549868,-46.174161978333096,6.758827385647549,746.6721730782247,0.8037770472547044,0.023869843647001485,-0.000494438932109867,0.5944513810236449
104.60000000000001,-3603.9913134749727,781.838139196121,118087.11851765528,-46.18257252449754,6.75972848553122,745.7154227685886,0.8037772105213186,0.023893143312019794,-0.0004964425439977444,0.5944502225536129
104.7,-3608.610407042051,782.5142746557776,118161.61849897925,-46.190983070661964,6.760629701243255,744.7586722197237,0.8037773716078741,0.023916443381374695,-0.0004984462415707689,0.5944490660926866
104.80000000000001,-3613.2295006091304,783.1904101154342,118235.9125638342,-46.199393616826406,6.761530916955291,743.8019214790503,0.8037775371688685,0.023939743741910414,-0.0005004494197078691,0.5944479026480776
104.9,-3617.849408477194,783.8665455750909,118310.20662868913,-46.20779443929632,6.762432132667327,742.8451707383769,0.8037777039429945,0.023963044283599487,-0.0005024522224990189,0.5944467366337831
105.0,-3622.469807664921,784.5426810347474,118384.50069354406,-46.21618904977826,6.763333348379363,741.8884199977035,0.8037778702695779,0.023986345364376653,-0.0005044550374797747,0.5944455702804735
105.10000000000001,-3627.093093314064,785.2191302701135,118458.78029043498,-46.22454683186674,6.764234835568188,740.9316692438044,0.8037780342626547,0.024009652727973927,-0.0005064578666218435,0.5944444059061991
105.2,-3631.716378963206,785.8957164339566,118532.80189637383,-46.23290461395522,6.765136437846264,739.9749182514331,0.8037781960785925,0.02403296048983631,-0.0005084607963391005,0.5944432435366358
105.30000000000001,-3636.339664612348,786.5723025977999,118606.61758574782,-46.241262396043695,6.766038040124339,739.0181670677579,0.8037783623582796,0.02405626854394546,-0.0005104632528607358,0.5944420741970166
105.4,-3640.963759700621,787.2488887616431,118680.43327512182,-46.24961045440983,6.766939642402415,738.0614158840827,0.8037785298475787,0.024079576779970437,-0.0005124653522532458,0.5944409022917463
105.5,-3645.5883430025524,787.9254749254862,118754.2489644958,-46.25795230074463,6.767841244680491,737.1046647004076,0.8037786968892981,0.024102885540753457,-0.0005144674638807172,0.5944397300473612
105.60000000000001,-3650.215794351632,788.6023750003244,118828.05018589916,-46.26625731840542,6.768743116640389,736.1479135034931,0.8037788616041165,0.024126200376828714,-0.0005164695897519741,0.5944385597796719
105.7,-3654.843245700711,789.2794120609926,118901.59341623106,-46.27456233606622,6.769645102928821,735.1911620678003,0.8037790241447779,0.0241495156062569,-0.0005184718296265072,0.5944373915121874
105.80000000000001,-3659.4706970497905,789.9564491216609,118974.93072990233,-46.28286735372701,6.770547089217254,734.2344104405366,0.8037791911368539,0.024172831128946817,-0.0005204736377087476,0.5944362162905189
105.9,-3664.0989529761223,790.6334861823292,119048.2680435736,-46.291162647596074,6.771449075505686,733.2776588132733,0.8037793593348582,0.024196146834306688,-0.0005224751049098512,0.5944350385074741
106.0,-3668.7276940100874,791.3105232429973,119121.60535724486,-46.29945172939657,6.772351061794118,732.3209071860098,0.8037795270852306,0.024219463051439932,-0.0005244765843915448,0.5944338603852035
106.10000000000001,-3673.3592846768106,791.987874349048,119194.92820293887,-46.30770398230887,6.77325331595936,731.3641555455114,0.8037796925143745,0.024242785153286758,-0.0005264780782002834,0.5944326842379565
106.2,-3677.990875343533,792.6653624978981,119267.99305744223,-46.31595623522117,6.774155683680227,730.4074036668183,0.803779855771762,0.024266107644061664,-0.0005284796979028185,0.5944315100871934
106.30000000000001,-3682.622466010256,793.3428506467483,119340.85199518938,-46.32420848813348,6.775058051401094,729.4506515972045,0.8037800234678818,0.02428943042909879,-0.0005304809232902121,0.5944303289986064
106.4,-3687.254856392325,794.0203387955985,119413.71093293653,-46.332451017215746,6.775960419121961,728.4938995275908,0.8037801923662813,0.024312753397557764,-0.0005324818227035487,0.5944291453528854
106.5,-3691.8877287759933,794.6978269444485,119486.56987068368,-46.34068733422751,6.776862786842828,727.5371474579771,0.8037803608170008,0.024336076865089405,-0.000534482734443362,0.5944279613678307
106.60000000000001,-3696.5234323779773,795.3756292721802,119559.41434044697,-46.34888682236022,6.777765420673169,726.5803953752064,0.8037805269514362,0.024359406046196155,-0.0005364836605939223,0.5944267793564066
106.7,-3701.159135979961,796.0535686993022,119632.00081890088,-46.35708631049293,6.778668167306939,725.6236430554989,0.8037806909161958,0.024382735612470112,-0.0005384847228487636,0.5944255993381667
106.80000000000001,-3705.7948395819453,796.7315081264243,119704.38138050339,-46.36528579862564,6.779570913940709,724.6668905458267,0.8037808593090369,0.02440606547406163,-0.0005404854257651955,0.5944244123957282
106.9,-3710.4313380373615,797.4094475535464,119776.76194210589,-46.37347556292999,6.780473660574481,723.7101380361547,0.8037810289009101,0.024429395519836104,-0.0005424858172731163,0.5944232228998693
107.0,-3715.068315388341,798.0873869806684,119849.1425037084,-46.38165911516543,6.781376407208251,722.7533855264828,0.8037811980450705,0.02445272605167332,-0.0005444862211536578,0.5944220330645794
107.10000000000001,-3719.7081055432004,798.7656407192896,119921.5085973205,-46.389805838531856,6.7822794181963735,721.7966330037317,0.8037813648781535,0.024476062120762358,-0.0005464866395287881,0.5944208452014668
107.2,-3724.347895698059,799.4440316135177,119993.61669950509,-46.397952561898286,6.783182541242486,720.8398802453902,0.8037815295437907,0.024499398571096537,-0.000548487202446617,0.5944196593280608
107.30000000000001,-3728.9876858529183,800.1224225077458,120065.51888474361,-46.4060992852647,6.7840856642886,719.8831272981425,0.8037816986287357,0.024522735317853747,-0.0005504874394515772,0.594418466541555
107.4,-3733.6282659992953,800.800813401974,120137.4210699821,-46.41423628480466,6.784988787334713,718.926374350895,0.8037818689097891,0.02454607224956211,-0.0005524873799355478,0.5944172712049177
107.5,-3738.269321935201,801.4792042962019,120209.3232552206,-46.42236707227264,6.785891910380827,717.9696214036474,0.8037820387431156,0.024569409653830667,-0.0005544873328385381,0.5944160755287666
107.60000000000001,-3742.9131722605457,802.1579096336695,120281.21097246218,-46.43046103084953,6.786795296029898,717.012868443395,0.8037822062711213,0.024592752406421087,-0.0005564873003200197,0.5944148818232007
107.7,-3747.55702258589,802.8367521825875,120352.84069815873,-46.438554989426414,6.787698792993625,716.0561152487206,0.8037823716341634,0.02461609553592694,-0.000558487419203928,0.5944136901035576
107.80000000000001,-3752.200872911235,803.5155947315056,120424.26450681496,-46.44664894800331,6.788602289957353,715.0993618660165,0.8037825414074351,0.024639438962946535,-0.0005604872425131744,0.5944124914823433
107.9,-3756.8455083661806,804.1944372804235,120495.6883154712,-46.45473318273777,6.789505786921081,714.1426084833124,0.8037827123737479,0.02466278257567822,-0.0005624867834044436,0.594411290314496
108.0,-3761.4906165046104,804.8732798293414,120567.11212412741,-46.462811205366435,6.7904092838848085,713.1858551006085,0.8037828828922887,0.024686126649544914,-0.000564486336761319,0.5944100888070284
108.10000000000001,-3766.1385006179785,805.5524369523525,120638.52146478022,-46.47085239888178,6.791313041668995,712.2291017049178,0.8037830511111336,0.024709475906063663,-0.0005664859047800684,0.5944088892678544
108.2,-3770.786384731346,806.2317313422818,120709.67281377077,-46.478893592397135,6.792216910013251,711.2723480750097,0.803783217167679,0.024732825535764186,-0.0005684856305601919,0.5944076917105642
108.30000000000001,-3775.434268844714,806.9110257322112,120780.61824562696,-46.48693478591248,6.793120778357507,710.315594257191,0.8037833876240879,0.024756175464028557,-0.0005704850881404621,0.5944064872649893
108.4,-3780.0829332257476,807.5903201221406,120851.56367748315,-46.49496625553008,6.794024646701763,709.3588404393723,0.8037835592703644,0.024779525578759773,-0.0005724842759104585,0.5944052802764374
108.5,-3784.7320671842044,808.2696145120699,120922.50910933933,-46.50299151300867,6.794928515046019,708.4020866215537,0.8037837304688091,0.024802876144381075,-0.0005744834761928044,0.5944040729481477
108.60000000000001,-3789.383958702994,808.9492236060473,120993.4400731856,-46.510979941179166,6.795832642401769,707.4453327907719,0.8037838993731184,0.024826231703655315,-0.0005764826912215989,0.5944028675869992
108.7,-3794.0358502217823,809.6289700220279,121064.11304525276,-46.51896836934966,6.796736879543903,706.4885787265969,0.8037840661172999,0.024849587631473453,-0.000578482069617746,0.5944016642044175
108.80000000000001,-3798.687741740572,810.3087164380086,121134.58010009183,-46.52695679752015,6.797641116686037,705.5318244753174,0.8037842372503065,0.024872943858881953,-0.0005804812045426089,0.5944004539477633
108.9,-3803.340408665069,810.9884628539891,121205.04715493089,-46.53493550175417,6.798545353828172,704.5750702240382,0.8037844095699975,0.02489630027350875,-0.0005824800811540215,0.5943992411518176
109.0,-3807.993542060918,811.6682092699695,121275.51420976994,-46.54290799384597,6.799449590970306,703.6183159727589,0.8037845814418004,0.024919657129071432,-0.0005844789703246755,0.5943980280160194
109.10000000000001,-3812.649414602446,812.3482705190626,121345.96679659263,-46.55084365663019,6.80035408535058,702.6615617085973,0.8037847510234317,0.024943018846936497,-0.0005864778743262971,0.5943968168460395
109.2,-3817.305287143973,813.0284691448642,121416.16139151987,-46.558779319414406,6.801258688762712,701.7048072123855,0.8037849184466751,0.024966380930709464,-0.0005884769462568377,0.5943956076518215
109.30000000000001,-3821.9611596855016,813.7086677706659,121486.15006912577,-46.566714982198626,6.802163292174843,700.7480525301052,0.8037850902489759,0.024989743315133078,-0.0005904757976686606,0.5943943915960359
109.4,-3826.6178027707683,814.3888663964674,121556.13874673165,-46.57464092104581,6.803067895586974,699.791297847825,0.8037852632350244,0.02501310588753159,-0.000592474401912432,0.5943931730043209
109.5,-3831.274909221317,815.0690650222691,121626.12742433754,-46.58256064775089,6.803972498999105,698.8345431655449,0.8037854357731397,0.02503646889070203,-0.0005944730187624895,0.5943919540726462
109.60000000000001,-3835.934736402891,815.7495786093634,121696.10163392063,-46.59044354514948,6.80487735788765,697.8777884704632,0.8037856060253553,0.02505983661696231,-0.0005964716505281094,0.5943907371054445
109.7,-3840.5945635844637,816.4302296274961,121765.81785149263,-46.59832644254808,6.805782325059802,696.9210335447405,0.8037857741210619,0.025083204706231037,-0.0005984704535702846,0.5943895221110368
109.80000000000001,-3845.2543907660374,817.110880645629,121835.32815165052,-46.60620933994667,6.806687292231954,695.9642784340621,0.8037859465881052,0.02510657309726858,-0.000600469057940496,0.5943883002648064
109.9,-3849.914983629382,817.7915316637616,121904.8384518084,-46.61408251340782,6.807592259404108,695.0075233233838,0.8037861202363406,0.02512994167704711,-0.0006024674264811507,0.5943870758855034
110.0,-3854.576036751936,818.4721826818943,121974.34875196629,-46.62194947472707,6.808497226576261,694.0507682127055,0.803786293436614,0.025153310676982385,-0.0006044658076752944,0.5943858511661462
110.10000000000001,-3859.239792190863,819.1531487886193,122043.844584095,-46.629779606741494,6.8094024474667325,693.0940130893066,0.8037864643559433,0.02517668423654365,-0.0006064642038698617,0.5943846284100848
110.2,-3863.90354762979,819.8342523803383,122113.08242409767,-46.63760973875591,6.810307775894556,692.1372577366984,0.8037866331208386,0.025200058155399604,-0.000608462773391436,0.5943834076236352
110.30000000000001,-3868.5673030687167,820.5153559720575,122182.11434659404,-46.64543987077034,6.811213104322379,691.1805022002733,0.8037868062496273,0.025223432377145066,-0.0006104611641385893,0.5943821799947462
110.4,-3873.231819327445,821.1964595637764,122251.14626909042,-46.65326027884683,6.8121184327502,690.2237466638481,0.8037869805570338,0.02524680678839459,-0.0006124593301191538,0.5943809498356799
110.5,-3877.896792739308,821.8775631554954,122320.17819158678,-46.661074474759204,6.813023761178023,689.2669911274231,0.8037871544164351,0.025270181610316796,-0.0006144575088005192,0.5943797193364535
110.60000000000001,-3882.564450052852,822.5589819622237,122389.19564604762,-46.668851841215044,6.813929341557352,688.3102355783275,0.8037873259997634,0.025293560847214906,-0.0006164557025666241,0.5943784907987377
110.7,-3887.232107366396,823.2405383075273,122457.95510826794,-46.67662920767088,6.81483502872497,687.3534798007045,0.8037874954308895,0.025316940440228634,-0.0006184540716552714,0.5943772642272289
110.80000000000001,-3891.8997646799407,823.9220946528311,122526.50865289012,-46.68440657412672,6.815740715892589,686.3967238397317,0.8037876692174573,0.02534032033722076,-0.0006204522801248382,0.5943760308240421
110.9,-3896.568177951307,824.6036509981348,122595.0621975123,-46.69217421660036,6.816646403060208,685.439967878759,0.8037878441799652,0.025363700424474285,-0.0006224502738363804,0.5943747948937255
111.0,-3901.237045269717,825.2852073434384,122663.61574213447,-46.699935646879716,6.817552090227826,684.4832119177862,0.8037880186944086,0.025387080914077244,-0.0006244482802961221,0.5943735586231307
111.10000000000001,-3905.908578075036,825.9670790292716,122732.1548187148,-46.707660247521915,6.818458027539364,683.5264559441842,0.8037881909372951,0.025410465679090537,-0.0006264463019253058,0.594372324312592
111.2,-3910.5801108803544,826.6490883068803,122800.43590294058,-46.71538484816411,6.819364070870101,682.5696997430192,0.8037883610299427,0.025433850797117127,-0.0006284445007023019,0.5943710919652287
111.30000000000001,-3915.2516436856736,827.3310975844892,122868.5110694768,-46.72310944880631,6.820270114200837,681.6129433593578,0.8037885354685699,0.02545723622017694,-0.0006304425552298547,0.5943698527983281
111.4,-3919.9239275868117,828.0131068620979,122936.586236013,-46.73082432542121,6.821176157531573,680.6561869756966,0.8037887110803511,0.0254806218342496,-0.0006324404040111207,0.5943686111075038
111.5,-3924.596662428895,828.6951161397067,123004.6614025492,-46.73853298983346,6.82208220086231,679.6994305920354,0.8037888862440068,0.02550400784279235,-0.000634438265588061,0.594367369076282
111.60000000000001,-3929.2720443430608,829.3774408824728,123072.72210103726,-46.746204824577646,6.822988492555911,678.7426741958178,0.8037890591398341,0.025527398008301644,-0.0006364361424194173,0.5943661290038847
111.7,-3933.9474262572257,830.0599032698348,123140.52480705734,-46.753876659321826,6.823894889510051,677.7859175733676,0.8037892298870468,0.02555078852443144,-0.0006384341976818987,0.5943648908920709
111.80000000000001,-3938.6228081713916,830.7423656571966,123208.12159529689,-46.76154849406601,6.824801286464192,676.8291607694922,0.803789404971168,0.02557417934665759,-0.0006404321237163578,0.5943636459723419
111.9,-3943.298936319362,831.4248280445585,123275.71838353644,-46.769210604780625,6.825707683418331,675.872403965617,0.8037895812257676,0.02559757036064925,-0.0006424298525660435,0.5943623985317554
112.0,-3947.9755123021764,832.1072904319203,123343.31517177599,-46.77686650329155,6.8266140803724715,674.9156471617417,0.8037897570321871,0.02562096176118919,-0.000644427594258957,0.5943611507506568
112.10000000000001,-3952.654716942237,832.7900684081806,123410.89749196114,-46.784485572128695,6.827520723922115,673.9588903453933,0.8037899305743281,0.02564435720499146,-0.0006464253512913979,0.5943599049272459
112.2,-3957.3339215822975,833.47298408148,123478.22181956556,-46.79210464096583,6.828427471981312,673.0021333042598,0.803790101969404,0.025667752997192886,-0.0006484232872597018,0.5943586610619305
112.30000000000001,-3962.0131262223586,834.1558997547793,123545.34022929905,-46.799723709802976,6.829334220040511,672.0453760828458,0.8037902776943647,0.025691149096614165,-0.0006504211081748985,0.5943574103975603
112.4,-3966.693072234209,834.8388154280786,123612.45863903253,-46.807333054608364,6.83024096809971,671.0886188614319,0.8037904545875427,0.025714545388564772,-0.0006524187405042933,0.5943561572148454
112.5,-3971.373462974801,835.5217311013779,123679.577048766,-46.814936187209106,6.831147716158908,670.1318616400179,0.8037906310324985,0.025737942058850972,-0.0006544163857245574,0.5943549036915126
112.60000000000001,-3976.0564639578015,836.2049624864335,123746.68099043886,-46.8225024901307,6.832054709050641,669.1751044062137,0.8037908052169953,0.02576134265113347,-0.0006564140463695197,0.5943536521247472
112.7,-3980.739464940802,836.8883316205962,123813.526939419,-46.8300687930523,6.83296180570343,668.2183469490936,0.8037909772560857,0.025784743589350526,-0.0006584118855589591,0.5943524025134642
112.80000000000001,-3985.4224659238025,837.5717007547589,123880.16697043832,-46.837635095973894,6.833868902356221,667.2615893128619,0.8037911536189735,0.025808144835936016,-0.0006604096231631726,0.5943511461107286
112.9,-3990.106203416576,838.2550698889216,123946.80700145765,-46.84519167486166,6.83477599900901,666.3048316766302,0.8037913311479631,0.025831546275817362,-0.0006624071809918622,0.5943498871919743
113.0,-3994.7903825319872,838.9384390230844,124013.447032477,-46.85274204153638,6.8356830956618,665.3480740403985,0.8037915082286933,0.025854948085877107,-0.0006644047517591408,0.5943486279324999
113.10000000000001,-3999.477153474953,839.6221239909796,124080.07259542952,-46.860255578475645,6.836590435385449,664.3913163918526,0.8037916830528486,0.025878353703502176,-0.0006664023380359631,0.5943473706281448
113.2,-4004.163924417918,840.3059467596756,124146.44016557798,-46.86776911541491,6.837497878122412,663.4345585212594,0.8037918557334013,0.025901759664820032,-0.0006684001020288986,0.5943461152764644
113.30000000000001,-4008.8506953608844,840.9897695283719,124212.60181767633,-46.87528265235418,6.838405320859375,662.477800472535,0.8037920327310628,0.025925165935632963,-0.0006703977763132614,0.5943448531417578
113.4,-4013.538197951602,841.6735922970681,124278.76346977465,-46.88278646524123,6.839312763596338,661.5210424238109,0.803792210892563,0.025948572400501538,-0.00067239527895233,0.5943435884935667
113.5,-4018.2261390588446,842.3574150657643,124344.92512187299,-46.89028406589267,6.840220206333301,660.5642843750867,0.8037923886057476,0.025971979228611504,-0.000674392794577744,0.5943423235045389
113.60000000000001,-4022.9166535787385,843.0415537892796,124411.07230589839,-46.89774483666506,6.841127890354317,659.6075263141042,0.8037925640669746,0.02599538972292804,-0.0006763903257978266,0.5943410604694233
113.7,-4027.6071680986315,843.7258303649128,124476.9614970089,-46.90520560743746,6.842035676631493,658.6507680320774,0.8037927373865126,0.026018800557630128,-0.0006783880342003483,0.5943397993840848
113.80000000000001,-4032.2976826185254,844.4101069405458,124542.64476998043,-46.91266637820985,6.842943462908669,657.6940095727208,0.8037929150156979,0.02604221170292806,-0.0006803856636062708,0.5943385315252038
113.9,-4036.9889239241356,845.0943835161789,124608.32804295195,-46.920117424893746,6.843851249185843,656.7372511133644,0.803793093806421,0.02606562304303795,-0.0006823831285497605,0.594337261155437
114.0,-4041.680600640149,845.7786600918118,124674.01131592348,-46.927562259325,6.844759035463019,655.7804926540081,0.8037932721487653,0.026089034740103653,-0.0006843806065273836,0.5943359904447113
114.10000000000001,-4046.37483235385,846.4632527424567,124739.68012081593,-46.93497026378187,6.845667061231044,654.8237341824572,0.8037934482425594,0.026112450001020655,-0.0006863781001847896,0.5943347216866807
114.2,-4051.0690640675502,847.1479832961553,124805.09093268334,-46.942378268238734,6.846575188490675,653.8669754911366,0.803793622196177,0.026135865600332625,-0.0006883757704227874,0.5943334548760228
114.30000000000001,-4055.763295781252,847.8327138498539,124870.29582632336,-46.9497862726956,6.847483315750306,652.9102166235544,0.8037938004514988,0.02615928151132321,-0.0006903733713758424,0.5943321813019679
114.4,-4060.4582494186197,848.5174444035525,124935.50071996337,-46.957184553043305,6.848391443009937,651.9534577559725,0.8037939798660255,0.026182697617879055,-0.0006923708144712519,0.5943309052196776
114.5,-4065.1536353602633,849.202174957251,125000.7056136034,-46.96457662113503,6.849299570269569,650.9966988883905,0.803794158832112,0.026206114075245774,-0.0006943682706486137,0.5943296287963081
114.60000000000001,-4069.8515578846054,849.8872217052647,125065.89603915828,-46.9719318592416,6.850207935246598,650.0399400086985,0.8037943355525344,0.026229534006829428,-0.0006963657425910891,0.5943283543246081
114.7,-4074.5494804089467,850.57240640689,125130.8284715786,-46.97928709734818,6.851116400961383,649.0831809107043,0.8037945101340592,0.02625295427525875,-0.0006983633901200483,0.5943270817981833
114.80000000000001,-4079.247402933289,851.2575911085154,125195.5549856837,-46.986642335454746,6.852024866676168,648.1264216376056,0.8037946890101656,0.026276374856472398,-0.0007003609774376244,0.5943258025174026
114.9,-4083.9460425192424,851.9427758101407,125260.28149978882,-46.993987849448686,6.852933332390953,647.1696623645073,0.803794869043316,0.026299795634008423,-0.0007023584133884973,0.59432452073081
115.0,-4088.645111303343,852.627960511766,125325.00801389392,-47.001327151184825,6.853841798105739,646.2129030914087,0.8037950486279731,0.02632321675607099,-0.0007043558624691791,0.5943232386030233
115.10000000000001,-4093.3466982551467,853.3134615261243,125389.72005990786,-47.0086296229253,6.854750499770934,645.2561438062847,0.8037952259701222,0.026346641251411597,-0.0007063533274005214,0.5943219584260592
115.2,-4098.04828520695,853.9991005442761,125454.17411267845,-47.01593209466578,6.855659301423549,644.2993843043517,0.8037954011746885,0.02637006608166445,-0.0007083509663557033,0.59432068019225
115.30000000000001,-4102.7498721587535,854.6847395624279,125518.42224704659,-47.02323456640625,6.856568103076166,643.3426246285014,0.8037955806683057,0.026393491225855374,-0.0007103485537680535,0.5943193952109793
115.4,-4107.452171310112,855.3703785805797,125582.67038141472,-47.03052731403069,6.857476904728781,642.3858649526514,0.8037957613171192,0.02641691656713431,-0.0007123459964657473,0.5943181077259041
115.5,-4112.154896553488,856.0560175987315,125646.91851578286,-47.03781384939555,6.858385706381396,641.4291052768014,0.8037959415173971,0.026440342246383572,-0.0007143434523411516,0.5943168198995277
115.60000000000001,-4116.860121549566,856.7419730471506,125711.15218205385,-47.045063554754485,6.85929474221947,640.4723455890102,0.8037961194783291,0.026463771203586735,-0.0007163409241525214,0.5943155340229163
115.7,-4121.565346545644,857.42806654917,125775.12785497344,-47.05231326011342,6.860203877295746,639.515585685912,0.8037962953031006,0.02648720049398311,-0.0007183385677750558,0.5943142500871943
115.80000000000001,-4126.270571541722,858.1141600511895,125838.89760940394,-47.05956296547236,6.861113012372022,638.5588256100941,0.8037964754117862,0.026510630099480237,-0.000720336167713201,0.5943129594103798
115.9,-4130.976503875297,858.8002535532087,125902.66736383444,-47.06680294671193,6.8620221474482985,637.6020655342763,0.8037966566738558,0.02653405990283058,-0.0007223336295552061,0.5943116662317274
116.0,-4135.682859194756,859.4863470552281,125966.43711826493,-47.07403671567996,6.862931282524574,636.6453054584586,0.8037968374873431,0.026557490038039085,-0.0007243311046228482,0.5943103727116633
116.10000000000001,-4140.391695851895,860.1727571041667,126030.19240459232,-47.081233654562226,6.863840650021915,635.6885453707747,0.8037970160650368,0.02658092334593146,-0.0007263285957117117,0.5943090811402697
116.2,-4145.100532509034,860.8593052561375,126093.68969746097,-47.0884305934445,6.864750116008562,634.7317850690459,0.8037971925081129,0.02660435698489963,-0.0007283262565102702,0.5943077915073633
116.30000000000001,-4149.8093691661725,861.5458534081083,126156.9810717544,-47.09562753232678,6.865659581995209,633.7750245955766,0.8037973732293756,0.026627790940110623,-0.0007303238806561157,0.5943064951405419
116.4,-4154.518908298742,862.2324015600791,126220.27244604782,-47.10281474706728,6.866569047981857,632.8182641221076,0.803797555102111,0.02665122509393501,-0.0007323213727234591,0.594305196273992
116.5,-4159.228867311055,862.9189497120499,126283.56382034125,-47.10999574951727,6.867478513968504,631.8615036486385,0.8037977365262042,0.0266746595743616,-0.0007343188780643675,0.59430389706591
116.60000000000001,-4163.941289245977,863.6058145267002,126346.84072652564,-47.117139921764775,6.868388210584319,630.9047431633701,0.8037979157177478,0.0266980971383954,-0.0007363163995114162,0.5943025998051435
116.7,-4168.6537111808975,864.2928174934365,126409.85963914459,-47.12428409401229,6.869298004929551,629.9479824653008,0.8037980927761903,0.0267215350318685,-0.0007383140889129957,0.5943013044804848
116.80000000000001,-4173.366133115819,864.9798204601728,126472.67263310269,-47.1314282662598,6.870207799274782,628.9912215965044,0.8037982741064971,0.026744973242706166,-0.0007403117480524368,0.5943000024298999
116.9,-4178.079252664093,865.6668234269091,126535.48562706077,-47.13856271433583,6.8711175936200135,628.034460727708,0.8037984565863396,0.026768411652914853,-0.0007423092804749065,0.5942986978817391
117.0,-4182.792788985962,866.3538263936454,126598.29862101887,-47.14569095011163,6.872027387965245,627.0776998589117,0.8037986386174759,0.026791850384873087,-0.0007443068262188722,0.5942973929919222
117.10000000000001,-4187.508769815327,867.0411461379302,126661.09714686206,-47.152782355635885,6.872937411156362,626.1209389783926,0.8037988184191543,0.026815292103767128,-0.0007463043881546023,0.5942960900486569
117.2,-4192.22475064469,867.7286040829754,126723.63767903375,-47.159873761160135,6.873847531317573,625.1641778864894,0.8037989960889634,0.026838734150174934,-0.0007483021162840241,0.5942947890395249
117.30000000000001,-4196.940731474055,868.4160620280206,126785.97229245954,-47.16696516668439,6.874757651478784,624.2074166250077,0.8037991780240581,0.026862176515058032,-0.0007502998199865405,0.594293481312813
117.4,-4201.657405054682,869.1035199730659,126848.30690588531,-47.17404684802602,6.8756677716399945,623.2506553635263,0.8037993611067431,0.02688561908006778,-0.0007522974019892834,0.5942921710906953
117.5,-4206.374492302756,869.790977918111,126910.6415193111,-47.18112231706441,6.876577891801206,622.2938941020448,0.8037995437406616,0.026909061962028604,-0.0007542949973614605,0.5942908605268005
117.60000000000001,-4211.094005643195,870.4787527546857,126972.96166461613,-47.18816095583712,6.877488239036726,621.3371328289261,0.8037997241473781,0.02693250776438763,-0.0007562926090107692,0.5942895519085033
117.7,-4215.813518983633,871.1666658403183,127035.02381614437,-47.195199594609825,6.878398682489597,620.3803713459283,0.8037999024232705,0.026955953893389322,-0.0007582903848261649,0.5942882452225776
117.80000000000001,-4220.533032324071,871.8545789259508,127096.88004884221,-47.20223823338253,6.879309125942469,619.4236096945468,0.8038000849586747,0.02697940034200075,-0.0007602881416924069,0.5942869318263317
117.9,-4225.253233553682,872.5424920115831,127158.73628154004,-47.20926714796828,6.880219569395341,618.4668480431652,0.8038002686398891,0.02700284699149855,-0.0007622857818466027,0.5942856159366324
118.0,-4229.973845344584,873.2304050972157,127220.59251423788,-47.216289850248394,6.881130012848213,617.5100863917837,0.803800451872283,0.027026293953019268,-0.0007642834354181821,0.5942842997050394
118.10000000000001,-4234.696864812716,873.9186351874735,127282.43427880916,-47.22327572224887,6.882040681607633,616.5533247288506,0.8038006328800271,0.027049743756605182,-0.0007662811053524578,0.594282985418258
118.2,-4239.419884280847,874.6070035747105,127344.01804949911,-47.23026159424935,6.882951445833819,615.5965628575569,0.8038008117580376,0.027073193885560207,-0.0007682789370236431,0.5942816730620503
118.30000000000001,-4244.14290374898,875.2953719619475,127405.39590127477,-47.237247466249826,6.883862210060004,614.639800819089,0.8038009948910321,0.027096644335297924,-0.0007702767549754951,0.5942803540011012
118.4,-4248.866606244188,875.9837403491844,127466.77375305042,-47.24422361405908,6.884772974286189,613.6830387806211,0.8038011791683,0.027120094986688558,-0.0007722744613406652,0.5942790324483274
118.5,-4253.590716194536,876.6721087364214,127528.15160482607,-47.2511935495603,6.885683738512375,612.7262767421532,0.8038013629967017,0.027143545944959064,-0.000774272181171188,0.5942777105535492
118.60000000000001,-4258.31721540697,877.3607942404956,127589.51498846941,-47.25812665476814,6.886594726278539,611.7695146922193,0.8038015446033333,0.02716699965661421,-0.0007762699174500517,0.5942763906028644
118.7,-4263.0437146194035,878.049618089095,127650.62037812763,-47.265059759975976,6.887505808761562,610.8127524354479,0.8038017240814201,0.02719045369201814,-0.0007782678125747775,0.5942750725808468
118.80000000000001,-4267.770213831838,878.7384419376946,127711.51984878826,-47.271992865183805,6.888416891244585,609.8559900127173,0.803801907810226,0.027213908049383277,-0.0007802656985711508,0.5942737478593181
118.9,-4272.497391209251,879.4272657862941,127772.41931944888,-47.27891624619619,6.889327973727608,608.8992275899866,0.8038020926817869,0.027237362609167096,-0.0007822634780426114,0.5942724206475745
119.0,-4277.224972935649,880.1160896348935,127833.31879010952,-47.28583341489002,6.890239056210631,607.9424651672559,0.8038022771044327,0.02726081747107905,-0.0007842612710273946,0.5942710930937126
119.10000000000001,-4281.954925508968,880.8052307116587,127894.20379263214,-47.29271375322097,6.891150360467374,606.9857027331384,0.8038024593081486,0.0272842750061036,-0.0007862590805457642,0.5942697674829349
119.2,-4286.684878082285,881.4945101801203,127954.83080106652,-47.29959409155193,6.89206175869126,606.0289400935469,0.8038026393845924,0.027307732863505282,-0.0007882570462287235,0.5942684437987997
119.30000000000001,-4291.414830655604,882.183789648582,128015.25189042061,-47.30647442988288,6.892973156915147,605.0721772890655,0.8038028237070413,0.02733119104403068,-0.0007902550068529449,0.5942671134209984
119.4,-4296.1454565318,882.8730691170435,128075.6729797747,-47.3133450439998,6.893884555139034,604.1154144845843,0.8038030091706511,0.027354649427736532,-0.0007922528655328581,0.5942657805547016
119.5,-4300.876483650816,883.5623485855051,128136.09406912877,-47.32020944578274,6.894795953362921,603.1586516801032,0.8038031941852852,0.02737810810950115,-0.0007942507377740473,0.5942644473461647
119.60000000000001,-4305.609863201549,884.2519453925713,128196.50069033916,-47.32703701710796,6.895707571574759,602.2018888643089,0.8038033769838622,0.02740156938476884,-0.0007962486266339883,0.5942631160796668
119.7,-4310.343242752281,884.9416806381275,128256.64931735894,-47.33386458843318,6.8966192829964825,601.2451258443941,0.8038035576564375,0.027425030980997436,-0.0007982466693756358,0.5942617867377983
119.80000000000001,-4315.076622303014,885.6314158836839,128316.59202521625,-47.340692159758405,6.897530994418206,600.2883626606834,0.8038037425698547,0.027448492901496657,-0.0008002447107955134,0.5942604507087225
119.9,-4319.810670294511,886.3211511292401,128376.53473307352,-47.34751000684526,6.898442705839929,599.331599476973,0.8038039286228367,0.02747195502593662,-0.0008022426543512418,0.5942591121928802
120.0,-4324.54511642266,887.0108863747963,128436.47744093083,-47.35432164159014,6.8993544172616526,598.3748362932625,0.8038041142267794,0.027495417444689457,-0.0008042406115161875,0.5942577733346729
120.10000000000001,-4329.281896567285,887.7009390685057,128496.4056806388,-47.361096445836885,6.900266346890068,597.4180730983195,0.8038042976169597,0.027518882391052973,-0.0008062385853852605,0.5942564364176436
120.2,-4334.01867671191,888.39113024712,128556.07592605444,-47.36787125008363,6.901178368970361,596.4613097007233,0.8038044788821461,0.02754234765742211,-0.0008082367109369169,0.5942551014235706
120.30000000000001,-4338.7554568565365,889.0813214257347,128615.54025222603,-47.37464605433038,6.9020903910506535,595.5045461405143,0.8038046643826691,0.027565813249195163,-0.000810234838592823,0.5942537597492182
120.4,-4343.492900579804,889.7715126043493,128675.00457839762,-47.38141113432843,6.903002413130947,594.5477825803055,0.8038048510211172,0.027589279045666416,-0.0008122328722084946,0.5942524155898915
120.5,-4348.230739333552,890.4617037829637,128734.46890456919,-47.38817000198122,6.90391443521124,593.5910190200966,0.803805037210465,0.027612745132755988,-0.0008142309194813129,0.5942510710880765
120.60000000000001,-4352.9708936885245,891.1522125183926,128793.91876258586,-47.39489203911948,6.904826673726403,592.6342554487414,0.8038052211880719,0.02763621368739515,-0.00081622898354378,0.5942497285267078
120.7,-4357.711048043496,891.8428597847646,128853.11062620927,-47.40161407625773,6.905739003940728,591.6774916762587,0.8038054030415618,0.027659682561289516,-0.0008182271969424967,0.5942483878867955
120.80000000000001,-4362.451202398468,892.5335070511367,128912.09657050761,-47.40833611339599,6.906651334155055,590.720727742376,0.8038055891253943,0.02768315176173593,-0.0008202254156678966,0.594247040572843
120.9,-4367.1920154699565,893.2241543175087,128971.08251480594,-47.41504842628065,6.9075636643693805,589.7639638084935,0.8038057763456254,0.02770662116764064,-0.0008222235441567696,0.5942456907755599
121.0,-4371.933220465752,893.9148015838808,129030.06845910428,-47.42175452681725,6.908475994583705,588.807199874611,0.8038059631167,0.027730090860378028,-0.0008242216863507152,0.5942443406356692
121.10000000000001,-4376.67672264751,894.6057665148428,129089.03993524214,-47.42842379682307,6.909388539464166,587.8504359296684,0.8038061476781128,0.02775356295785692,-0.0008262198454199134,0.5942429924355721
121.2,-4381.420224829268,895.2968700224103,129147.75341688657,-47.435093066828884,6.910301175292812,586.8936717851324,0.8038063301162834,0.02777703537375276,-0.0008282181512134967,0.594241646155444
121.30000000000001,-4386.163727011025,895.9879735299778,129206.26097912555,-47.44176233683471,6.911213811121458,585.9369074804196,0.8038065167809898,0.02780050811738699,-0.0008302164654095285,0.5942402932059118
121.4,-4390.907883047172,896.6790770375453,129264.76854136451,-47.44842188258206,6.912126446950104,584.9801431757069,0.8038067045808083,0.027823981067246786,-0.000832214693274456,0.5942389377743729
121.5,-4395.652427901451,897.3701805451127,129323.27610360348,-47.455075215978596,6.9130390827787505,584.0233788709942,0.8038068919314203,0.02784745429999723,-0.0008342129348923859,0.594237582000111
121.60000000000001,-4400.399251526423,898.0616018241616,129381.76919767649,-47.461691718828234,6.913951931505764,583.0666145553078,0.803807077074435,0.02787092987837292,-0.000836211193470982,0.594236228164867
121.7,-4405.146075151394,898.7531617251025,129440.00429715663,-47.46830822167787,6.9148648704305415,582.1098500415651,0.8038072600951397,0.027894405774466686,-0.0008382095958440309,0.5942348762480262
121.80000000000001,-4409.892898776367,899.4447216260434,129498.03347715153,-47.47492472452751,6.915777809355319,581.1530853688721,0.8038074473389716,0.027917881999496404,-0.0008402080094062342,0.5942335176658832
121.9,-4414.640371393596,900.1362815269842,129556.06265714642,-47.481531503113864,6.916690748280097,580.1963206961792,0.8038076357166865,0.027941358431519892,-0.0008422063405936565,0.5942321566029826
122.0,-4419.388229722781,900.827841427925,129614.09183714133,-47.4881320693428,6.917603687204874,579.2395560234864,0.8038078236451469,0.0279648351425717,-0.000844204685582009,0.594230795197245
122.10000000000001,-4424.138348407376,901.5197192063546,129672.10654896477,-47.49469580498236,6.918516837260517,578.2827913399042,0.8038080093685896,0.027988314121759013,-0.0008462030476166939,0.5942294357299454
122.2,-4428.888467091969,902.2117356515877,129729.86326609674,-47.50125954062194,6.9194300767636605,577.3260264597491,0.8038081929707402,0.02801179341731129,-0.0008482015504947798,0.5942280781794048
122.30000000000001,-4433.638585776564,902.9037520968207,129787.41406366427,-47.50782327626152,6.920343316266803,576.3692614218188,0.8038083807922756,0.02803527304298419,-0.0008502000667790457,0.5942267139681215
122.4,-4438.389348591281,903.5957685420537,129844.96486123178,-47.51437728762682,6.921256555769946,575.4124963838887,0.8038085697463767,0.028058752876414787,-0.0008521985043023186,0.5942253472774567
122.5,-4443.140494011773,904.2877849872868,129902.51565879931,-47.52092508662249,6.922169795273089,574.4557313459587,0.8038087582511645,0.028082232985636064,-0.0008541969556744245,0.5942239802438324
122.60000000000001,-4447.893881372359,904.9801194151294,129960.05198818997,-47.52743605495173,6.92308324413141,573.4989662972177,0.8038089445533543,0.028105715297990618,-0.0008561954241780194,0.5942226151477294
122.7,-4452.647268732945,905.6725925543108,130017.33032279117,-47.53394702328097,6.923996781684146,572.5422010533055,0.8038091287353278,0.028129197925726726,-0.0008581940310498762,0.5942212519666507
122.80000000000001,-4457.40065609353,906.3650656934922,130074.40273774933,-47.54045799161022,6.92491031923688,571.5854356527361,0.8038093171326105,0.028152680884756302,-0.0008601926534161081,0.5942198821298449
122.9,-4462.154682722099,907.0575388326736,130131.4751527075,-47.54695923564523,6.925823856789615,570.628670252167,0.8038095066611496,0.028176164052306638,-0.0008621912002058677,0.5942185098150268
123.0,-4466.909088850253,907.7500119718547,130188.54756766566,-47.55345426730137,6.92673739434235,569.6719048515978,0.8038096957403125,0.02819964749275337,-0.0008641897608923386,0.5942171371571234
123.10000000000001,-4471.665718503156,908.4428031978772,130245.60551444157,-47.55991246823941,6.9276511394684945,568.7151394402985,0.8038098826189563,0.028223133078487946,-0.0008661883387956358,0.5942157664359767
123.2,-4476.422348156058,909.1357331793956,130302.40546633082,-47.56637066917746,6.928564972531664,567.7583738353064,0.803810067378281,0.028246618978846456,-0.0008681870528005958,0.5942143976283549
123.30000000000001,-4481.178977808962,909.8286631609143,130358.999498499,-47.5728288701155,6.929478805594833,566.8016080748532,0.8038102563485044,0.028270105211658493,-0.0008701857842271224,0.5942130221704792
123.4,-4485.9362418676965,910.5215931424327,130415.59353066719,-47.57927734674538,6.930392638658002,565.8448423144,0.8038104464486537,0.02829359165375246,-0.0008721844430082735,0.5942116442359944
123.5,-4490.693882319827,911.2145231239513,130472.18756283537,-47.58571961099312,6.931306471721172,564.8880765539468,0.8038106360993643,0.028317078365943604,-0.0008741831157339971,0.594210265958299
123.60000000000001,-4495.453727881343,911.9077712956546,130528.76712681595,-47.59212504450862,6.932220510584463,563.9313107828527,0.8038108235513082,0.0283405671719234,-0.0008761818057620908,0.5942088896167613
123.7,-4500.213573442858,912.6011582666345,130585.08869581344,-47.598530478024124,6.933134636631313,562.9745448196622,0.8038110088846617,0.028364056291990798,-0.0008781806296007489,0.5942075151874712
123.80000000000001,-4504.9734190043755,913.2945452376142,130641.20434501246,-47.60493591153963,6.934048762678162,562.0177787022866,0.8038111984245739,0.028387545745672267,-0.0008801794726765222,0.5942061341133086
123.9,-4509.733894109568,913.9879322085941,130697.31999421147,-47.611331620742824,6.934962888725012,561.0610125849109,0.803811389093104,0.028411035409396643,-0.0008821782459859936,0.5942047505639138
124.0,-4514.4947425019645,914.6813191795738,130753.43564341048,-47.61772111756165,6.935877014771862,560.1042464675353,0.803811579312136,0.02843452534037946,-0.000884177033287884,0.594203366671185
124.10000000000001,-4519.257777588378,915.3750244431969,130809.5368244166,-47.62407378363542,6.936791344849496,559.1474803396092,0.8038117673339762,0.028458017319573686,-0.0008861758379776336,0.5942019847139967
124.2,-4524.020812674792,916.0688685495004,130865.38001034397,-47.630426449709184,6.937705761359446,558.190714021176,0.8038119532379117,0.028481509612531136,-0.0008881747740371619,0.5942006046678304
124.30000000000001,-4528.783847761206,916.7627126558041,130921.0172763961,-47.63677911578294,6.938620177869396,557.2339475498175,0.8038121433448346,0.02850500224028824,-0.0008901737310740382,0.5941992179811353
124.4,-4533.547507529138,917.4565567621077,130976.65454244823,-47.643122057540296,6.939534594379346,556.2771810784592,0.8038123345792245,0.02852849507885382,-0.0008921726212856274,0.5941978288203742
124.5,-4538.311537478083,918.1504008684112,131032.29180850035,-47.64945878691043,6.940449010889296,555.3204146071009,0.8038125253640619,0.028551988181737434,-0.0008941715255374774,0.5941964393161594
124.60000000000001,-4543.077735705667,918.8445633689314,131087.91460635432,-47.655758685518386,6.941363629661417,554.3636481252795,0.8038127139534564,0.028575483281046008,-0.0008961704472627758,0.594195051746952
124.7,-4547.84393393325,919.5388647551607,131143.27940903467,-47.66205858412635,6.94227833411505,553.4068814545008,0.8038129004256649,0.02859897869358409,-0.0008981694977106698,0.5941936660875116
124.80000000000001,-4552.610132160835,920.2331661413903,131198.43829176365,-47.66835848273431,6.943193038568683,552.4501146320314,0.8038130910979693,0.028622474442129398,-0.0009001685707883311,0.5941922737909688
124.9,-4557.376950207779,920.9274675276196,131253.59717449258,-47.674648657020576,6.944107743022317,551.4933478095621,0.8038132828967182,0.028645970402252443,-0.0009021675800772656,0.5941908790213555
125.0,-4562.1441353295395,921.621768913849,131308.75605722153,-47.68093261891645,6.94502244747595,550.5365809870929,0.8038134742458662,0.028669466623624636,-0.0009041666034542988,0.5941894839081723
125.10000000000001,-4566.913470314554,922.316388794984,131363.90047174713,-47.687179750031504,6.945937352423356,549.5798141542463,0.8038136634013107,0.028692964792954377,-0.000906165644390163,0.5941880907293411
125.2,-4571.682805299569,923.0111476044814,131418.786891005,-47.69342688114655,6.946852342301604,548.6230471339774,0.8038138504403436,0.02871646327510376,-0.0009081648111719741,0.5941866994589445
125.30000000000001,-4576.452140284583,923.7059064139789,131473.46739023595,-47.699674012261596,6.947767332179852,547.6662799632445,0.8038140416766106,0.028739962094466925,-0.0009101640017914109,0.5941853015548354
125.4,-4581.222090226796,924.4006652234763,131528.14788946687,-47.705911419049514,6.948682322058099,546.7095127925118,0.8038142340382831,0.028763461126175654,-0.0009121631315471392,0.5941839011786776
125.5,-4585.992404474099,925.0954240329736,131582.82838869785,-47.7121426134396,6.949597311936348,545.752745621779,0.8038144259503007,0.028786960416403773,-0.000914162275438782,0.5941825004588298
125.60000000000001,-4590.764852471179,925.7905014371815,131637.49441972026,-47.71833697700117,6.950512500540004,544.795978440752,0.8038146156707653,0.028810461591966253,-0.0009161614369748422,0.5941811016728309
125.7,-4595.537300468261,926.4857178120295,131691.90245538158,-47.72453134056275,6.95142777332386,543.8392110737655,0.8038148032756505,0.028833963079407852,-0.0009181607217723307,0.5941797047938877
125.80000000000001,-4600.309748465342,927.1809341868776,131746.10457094104,-47.730725704124325,6.952343046107717,542.882443557475,0.8038149950746565,0.028857464905260633,-0.0009201600314553015,0.5941783012849662
125.9,-4605.082807165225,927.8761505617257,131800.30668650052,-47.736910343347006,6.9532583188915735,541.9256760411846,0.803815187997992,0.028880966944224526,-0.0009221592828852221,0.5941768953050738
126.0,-4609.856226667173,928.5713669365737,131854.50880205998,-47.743088770159375,6.9541735916754295,540.9689085248942,0.8038153804716114,0.028904469239392286,-0.0009241585484988441,0.5941754889813657
126.10000000000001,-4614.631758434234,929.2669020050496,131908.69644940578,-47.74923036606469,6.955089061406662,540.012140998391,0.8038155707556405,0.028927973368774076,-0.0009261578318420161,0.5941740845907285
126.2,-4619.407290201294,929.962576086067,131962.6261012979,-47.75537196196999,6.956004614563998,539.0553732873989,0.8038157589249519,0.02895147780945214,-0.0009281572362162501,0.5941726821057134
126.30000000000001,-4624.182821968357,930.6582501670844,132016.3498330138,-47.761513557875304,6.956920167721334,538.0986054282835,0.8038159512850244,0.028974982589729786,-0.0009301566664916683,0.5941712729947926
126.4,-4628.958958765685,931.3539242481017,132070.07356472968,-47.767645429421734,6.957835720878671,537.1418375691683,0.8038161447683568,0.02899848758388336,-0.0009321560408452969,0.5941698614139721
126.5,-4633.735453301956,932.049598329119,132123.79729644555,-47.7737710885529,6.958751274036007,536.1850697100531,0.8038163378019106,0.029021992832117777,-0.0009341554294303929,0.5941684494892091
126.60000000000001,-4638.514042455188,932.7455912017936,132177.5065599427,-47.779859916754766,6.959667022363599,535.2283018408095,0.8038165286474512,0.02904549987165838,-0.0009361548358303564,0.5941670394968827
126.7,-4643.2926316084195,933.4417231285333,132230.95782789428,-47.78594874495664,6.960582853361743,534.2715337885948,0.8038167173789524,0.029069007222190586,-0.0009381543611587078,0.5941656314089836
126.80000000000001,-4648.071220761652,934.1378550552733,132284.2031755959,-47.79203757315851,6.961498684359887,533.3147655894717,0.8038169102976105,0.02909251491350075,-0.0009401539133480598,0.594164216699584
126.9,-4652.850410285559,934.8339869820131,132337.4485232975,-47.798116676993764,6.962414515358031,532.3579973903488,0.8038171043384394,0.02911602281945011,-0.0009421534118186908,0.5941627995213873
127.0,-4657.6299544594685,935.5301189087529,132390.6938709991,-47.80418956841047,6.963330346356176,531.4012291912261,0.803817297929428,0.029139530977393534,-0.000944152924568537,0.5941613819991213
127.10000000000001,-4662.4115748348695,936.2265697242925,132443.92475047693,-47.81022562888003,6.9642463707531,530.4444609820616,0.8038174893337415,0.029163040887548917,-0.0009461524552187829,0.5941599664088141
127.2,-4667.1931952102705,936.9231596350448,132496.8976343181,-47.816261689349595,6.965162477068217,529.4876925914651,0.8038176786245587,0.029186551108528393,-0.0009481521026648451,0.5941585527219186
127.30000000000001,-4671.974815585671,937.6197495457973,132549.66459783615,-47.82229774981915,6.966078583383335,528.5309240551876,0.8038178720990491,0.029210061671466916,-0.0009501517778923882,0.5941571324177678
127.4,-4676.757031469563,938.3163394565497,132602.43156135417,-47.828324085917,6.966994689698452,527.5741555189103,0.8038180666946481,0.029233572449808076,-0.0009521514016015866,0.5941557096458876
127.5,-4681.539598672933,939.012929367302,132655.1985248722,-47.83434420959287,6.967910796013569,526.6173869826329,0.8038182608403484,0.029257083478013365,-0.0009541510396377326,0.5941542865298136
127.60000000000001,-4686.324222127691,939.7098382631115,132707.95102016145,-47.8403275023011,6.968827093957848,525.6606184364005,0.803818452800663,0.029280596221163014,-0.0009561506956597768,0.5941528653452145
127.7,-4691.108845582448,940.406886294905,132760.44551972373,-47.84631079500934,6.969743473069011,524.7038497102795,0.8038186426480171,0.02930410927503688,-0.0009581504662358507,0.5941514460630222
127.80000000000001,-4695.893469037206,941.1039343266987,132812.73409889036,-47.852294087717574,6.970659852180175,523.747080839709,0.8038188366762374,0.029327622672073766,-0.0009601502654755296,0.5941500201669042
127.9,-4700.678682733085,941.8009823584922,132865.02267805696,-47.85826765604811,6.971576231291339,522.7903119691385,0.803819031824643,0.029351136285281052,-0.0009621500154527547,0.5941485918039393
128.0,-4705.464244832009,942.4980303902859,132917.31125722357,-47.864235011953674,6.972492610402502,521.8335430985682,0.8038192265230947,0.029374650146143856,-0.0009641497798046492,0.5941471630966586
128.1,-4710.251846301456,943.195397502509,132969.58536815704,-47.87016553687443,6.973409179373802,520.8767742181187,0.8038194190375796,0.029398165680498477,-0.0009661495622279992,0.5941457363204197
128.20000000000002,-4715.039447770904,943.8929037911121,133021.6014832775,-47.876096061795195,6.974325828761019,519.9200051592647,0.8038196094396686,0.029421681525336748,-0.0009681494568199543,0.5941443114455526
128.3,-4719.827049240351,944.5904100797152,133073.4116779303,-47.88202658671595,6.975242478148235,518.9632359571949,0.8038198040203349,0.029445197714559234,-0.0009701493808968953,0.5941428799593913
128.4,-4724.615236493912,945.2879163683183,133125.22187258315,-47.887947387254,6.976159127535452,518.006466755125,0.8038199997203614,0.029468714120722796,-0.0009721492580339399,0.594141446007135
128.5,-4729.403769078839,945.9854226569214,133177.03206723597,-47.89386197536393,6.9770757769226694,517.0496975530551,0.8038201949703833,0.029492230772239912,-0.0009741491495933679,0.5941400117104437
128.6,-4734.194322618792,946.6832481204418,133228.82779364992,-47.89973973247047,6.9779926144011695,516.0929283412073,0.803820388037841,0.029515749058671156,-0.0009761490593096241,0.594138579344259
128.70000000000002,-4738.984876158746,947.3812128003627,133280.3655241574,-47.905617489577025,6.978909531544721,515.1361589525827,0.803820578993511,0.029539267655451337,-0.00097814907865211,0.5941371488783515
128.8,-4743.7754296987005,948.0791774802835,133331.69733412593,-47.911495246683565,6.979826448688272,514.1793894219765,0.8038207741254675,0.02956278659783527,-0.000980149127962709,0.5941357118037867
128.9,-4748.566564160575,948.7771421602042,133383.02914409447,-47.91736327940198,6.980743365831824,513.2226198913701,0.8038209703759411,0.029586305757929632,-0.0009821491325581826,0.5941342722639049
129.0,-4753.358041184074,949.4751068401249,133434.36095406298,-47.92322509968607,6.981660282975376,512.2658503607637,0.8038211661763555,0.029609825161335233,-0.0009841491516237345,0.5941328323794659
129.1,-4758.151523049028,950.1733907885665,133485.67829578804,-47.92905008892753,6.98257738644139,511.30908082046136,0.8038213597959399,0.02963334614986818,-0.0009861491889316717,0.5941313944251265
129.20000000000002,-4762.945004913982,950.8718139930535,133536.73764153715,-47.93487507816899,6.983494568821614,510.3523111045719,0.8038215513043645,0.029656867448197673,-0.0009881493342834148,0.5941299583699664
129.3,-4767.738486778935,951.5702371975402,133587.59106669706,-47.940700067410454,6.984411751201836,509.3955412475512,0.8038217469865836,0.029680389093344774,-0.0009901495108144164,0.5941285157090599
129.4,-4772.5325453113865,952.2686604020269,133638.44449185694,-47.94651533225442,6.98532893358206,508.43877139053046,0.8038219437864438,0.029703910956969688,-0.0009921496446099042,0.5941270705836641
129.5,-4777.326942902418,952.9670836065136,133689.29791701687,-47.95232438465398,6.986246115962284,507.4820015335098,0.803822140136184,0.02972743306219731,-0.0009941497929231468,0.5941256251135837
129.6,-4782.123323850116,953.6658261722382,133740.1368739284,-47.95809660594739,6.987163482890288,506.52523166687683,0.8038223343066777,0.029750956711895843,-0.000996149959563938,0.5941241815729675
129.70000000000002,-4786.919704797816,954.3647080332769,133790.71783476556,-47.96386882724079,6.988080927979631,505.5684616263512,0.803822526366715,0.029774480671118524,-0.0009981502316337204,0.5941227399303212
129.8,-4791.716085745514,955.0635898943154,133841.0928749303,-47.9696410485342,6.988998373068974,504.6116914461205,0.8038227225979127,0.029798004978363758,-0.0010001505345520573,0.5941212916850368
129.9,-4796.5130376881425,955.762471755354,133891.46791509504,-47.97540354541404,6.989915818158316,503.6549212658898,0.8038229199458922,0.02982152950485405,-0.0010021507965012842,0.594119840976071
130.0,-4801.310325626212,956.4613536163924,133941.84295525978,-47.981159829844984,6.990833263247659,502.69815108565916,0.8038231168436891,0.029845054271400096,-0.0010041510730159134,0.594118389922292
130.1,-4806.109579272702,957.1605549304986,133992.203527171,-47.98687928314843,6.991750891109375,501.74138089590906,0.8038233115635476,0.029868580547681343,-0.0010061513679433666,0.5941169407974354
130.20000000000002,-4810.908832919193,957.8598955788109,134042.3061029116,-47.992598736451896,6.992668596378125,500.78461053396654,0.8038235041735101,0.02989210713341351,-0.0010081517661397095,0.5941154935695246
130.3,-4815.708086565683,958.5592362271228,134092.20275790157,-47.99831818975535,6.993586301646876,499.8278400336923,0.8038237009518127,0.029915634068366486,-0.0010101521952273979,0.5941140397423383
130.4,-4820.507906547486,959.2585768754349,134142.0994128915,-48.0040279186372,6.9945040069156255,498.8710695334181,0.8038238988460245,0.029939161223330627,-0.0010121525850145345,0.5941125834522986
130.5,-4825.3080594357725,959.9579175237468,134191.99606788147,-48.00973143506687,6.995421712184376,497.91429903314383,0.803824096289992,0.029962688616842148,-0.0010141529894146949,0.5941111268173171
130.6,-4830.11015961691,960.6575777160701,134241.87825461355,-48.0153981203513,6.996339598453959,496.95752852343037,0.8038242915571323,0.02998621748875589,-0.0010161534123131098,0.5941096721108269
130.70000000000002,-4834.9122597980495,961.3573772811149,134291.50244509065,-48.02106480563573,6.997257561378177,496.00075784305085,0.8038244847148186,0.030009746670169268,-0.0010181539366837633,0.594108219300415
130.8,-4839.714359979187,962.0571768461595,134340.92071474728,-48.02673149092016,6.998175524302396,495.0439870255937,0.8038246820379603,0.030033276201999064,-0.0010201544924047432,0.5941067598941774
130.9,-4844.517021633426,962.756976411204,134390.33898440388,-48.03238845177799,6.999093487226614,494.08721620813645,0.8038248804761338,0.030056805954605307,-0.0010221550104894306,0.5941052980259233
131.0,-4849.320012863605,963.4567759762487,134439.75725406047,-48.03803920018027,7.000011450150833,493.1304453906793,0.803825078464003,0.03008033594422656,-0.0010241555432347494,0.5941038358126002
131.1,-4854.124931436427,964.1568951753627,134489.1610554545,-48.04365311741722,7.000929592306041,492.17367456387007,0.8038252742760618,0.030103867383309953,-0.0010261560945637686,0.5941023755273594
131.20000000000002,-4858.929850009249,964.8571537853377,134538.30686049996,-48.04926703465418,7.001813781783262,491.21690356811,0.803825467979081,0.030127399132028627,-0.0010281567452588957,0.5941009171373649
131.3,-4863.7347685820705,965.5574123953127,134587.24674464657,-48.05488095189113,7.002660187135402,490.2601324367002,0.8038256658450528,0.030150931232371607,-0.0010301574274639608,0.5940994521544797
131.4,-4868.540243360593,966.2576710052875,134636.1866287932,-48.060485144695605,7.0035065924875415,489.3033613052904,0.8038258648252554,0.03017446355425861,-0.0010321580737352458,0.5940979847103117
131.5,-4873.346044798608,966.9579296152624,134685.1265129398,-48.06608312504158,7.004352997839681,488.34659017388054,0.8038260633550969,0.030197996111576447,-0.0010341587347147553,0.5940965169209498
131.6,-4878.153756698309,967.6585079484802,134734.0519288192,-48.07164427420539,7.005199553694163,487.3898190332059,0.803826259710235,0.030221530086106906,-0.0010361594143634906,0.5940950510593204
131.70000000000002,-4882.961468598011,968.3592257303228,134782.71934826963,-48.0772054233692,7.006046191084458,486.43304772506957,0.8038264539567502,0.0302450643702974,-0.0010381601915123847,0.5940935870921096
131.8,-4887.769180497712,969.0599435121652,134831.18084675804,-48.08276657253301,7.006892849323455,485.47627628244777,0.8038266523642861,0.030268599007340902,-0.001040161000684227,0.5940921165341707
131.9,-4892.577444146082,969.7606612940076,134879.64234524645,-48.08831799725942,7.007739507562452,484.51950483982597,0.8038268518853683,0.03029213386669982,-0.001042161775670753,0.5940906435155274
132.0,-4897.38603138225,970.4613790758501,134928.10384373486,-48.09386320952425,7.008586165801448,483.5627333972041,0.8038270509560357,0.030315668959842286,-0.0010441625654130902,0.5940891701515668
132.1,-4902.1965106645075,971.1624166692238,134976.55087395143,-48.09937159058867,7.0094329730459615,482.6059619454047,0.8038272478530817,0.03033920544034842,-0.0010461633739100346,0.594087698714915
132.20000000000002,-4907.006989946767,971.863593748611,135024.73990766032,-48.10487997165309,7.010279861035508,481.6491903276174,0.8038274426419483,0.030362742230626898,-0.0010481642779543996,0.5940862291718169
132.3,-4911.817469229025,972.5647708279979,135072.72302034555,-48.11038835271751,7.011126769680714,480.6924185764909,0.8038276415900775,0.03038627937499246,-0.0010501652144496102,0.5940847530399187
132.4,-4916.628495397732,973.2659479073849,135120.7061330308,-48.11588700933919,7.011973678325919,479.7356468253645,0.8038278416510948,0.03040981674244531,-0.0010521661185178466,0.594083274447861
132.5,-4921.43984238448,973.9671249867719,135168.68924571603,-48.12137945349555,7.012820586971125,478.77887507423804,0.8038280412616291,0.03043335434267099,-0.0010541670373894524,0.5940817955103517
132.6,-4926.253065303663,974.6686219650942,135216.65789012483,-48.126835066429,7.013667643125034,477.82210331402126,0.80382823869985,0.030456893292995085,-0.0010561679751011892,0.5940803184998175
132.70000000000002,-4931.066288222847,975.3702584664427,135264.36853794492,-48.132290679362455,7.014514779217554,476.8653313893428,0.8038284340303784,0.030480432552880136,-0.0010581690062392772,0.5940788433819313
132.8,-4935.87951114203,976.071894967791,135311.87326467677,-48.13774629229591,7.015361935761571,475.9085593325324,0.8038286335182987,0.030503972168080904,-0.0010601700698028421,0.5940773616773294
132.9,-4940.693276693218,976.7735314691392,135359.3779914086,-48.14319218078159,7.016209092305588,474.9517872757219,0.8038288341184693,0.0305275120071411,-0.0010621711025362004,0.5940758775130875
133.0,-4945.507359559383,977.4751679704875,135406.88271814043,-48.148631856794864,7.017056248849604,473.9950152189115,0.8038290342681096,0.030551052077187932,-0.0010641721501204954,0.5940743930032754
133.1,-4950.323296873095,978.1771244572906,135454.37297659193,-48.154034701539636,7.017903551405012,473.0382431530857,0.8038292322467192,0.030574593463104,-0.0010661732166302373,0.5940729104199989
133.20000000000002,-4955.139234186809,978.879220503757,135501.60523837648,-48.159437546284416,7.018750933086418,472.08147092425196,0.8038294281181421,0.0305981351585491,-0.0010681743747063988,0.5940714297284333
133.3,-4959.955171500521,979.5813165502233,135548.63157900763,-48.16484039102919,7.019598335010885,471.1246985644887,0.8038296281449433,0.030621677210533296,-0.001070175565172896,0.5940699424524319
133.4,-4964.77164577364,980.2834125966896,135595.6579196388,-48.1702335113147,7.020445736935352,470.1679262047255,0.803829829283259,0.030645219487144743,-0.0010721767262085588,0.5940684527174449
133.5,-4969.5884342985855,980.9855086431558,135642.68426026995,-48.17562041912123,7.02129313885982,469.2111538449623,0.8038300299709925,0.03066876199321521,-0.0010741779021426995,0.5940669626367648
133.6,-4974.407059622751,981.6879247607096,135689.6961326155,-48.180970495621025,7.022140685293433,468.2543814762836,0.8038302284889605,0.03069230578295158,-0.0010761790970874622,0.5940654744821168
133.70000000000002,-4979.225684946917,982.390480474188,135736.45000820892,-48.18632057212083,7.022988310037967,467.2976089462134,0.8038304249002546,0.03071584988222951,-0.001078180382105447,0.5940639882182325
133.8,-4984.044310271082,983.093036187666,135782.99796258402,-48.19167064862062,7.02383595481659,466.3408362864449,0.8038306254647846,0.030739394339265123,-0.0010801816997153808,0.5940624953723674
133.9,-4988.863467895014,983.7955919011442,135829.54591695912,-48.19701100064864,7.024683599595214,465.3840636266764,0.8038308271400988,0.030762939021695457,-0.0010821829891742279,0.5940610000681664
134.0,-4993.6829366818,984.4981476146224,135876.09387133422,-48.20234514019435,7.025531244373838,464.4272909669079,0.8038310283647682,0.030786483932545083,-0.0010841842935790673,0.5940595044181416
134.1,-4998.504223852147,985.2010234839345,135922.62735741943,-48.207642448418014,7.026379032162946,463.4705182983079,0.8038312274206744,0.030810030100239357,-0.001086185617079843,0.5940580106937365
134.20000000000002,-5003.325511022495,985.9040389850559,135968.90284667336,-48.212939756641674,7.0272268974488865,462.51374546985375,0.8038314243703029,0.030833576577635052,-0.0010881870291213364,0.5940565188593009
134.3,-5008.146798192844,986.607054486177,136014.9724146445,-48.21823706486533,7.028074782559764,461.55697251294185,0.8038316254709107,0.03085712341400154,-0.001090188473859262,0.5940550204454956
134.4,-5012.96861280072,987.3100699872982,136061.04198261563,-48.22352464861285,7.028922667670642,460.60019955602996,0.803831827681596,0.030880670476530626,-0.0010921898916939094,0.5940535195739736
134.5,-5017.790735240892,988.0130854884194,136107.11155058673,-48.22880601987487,7.02977055278152,459.6434265991181,0.803832029441578,0.030904217766324297,-0.0010941913245220507,0.5940520183564997
134.6,-5022.614656114319,988.7164212292353,136153.1666502636,-48.23405055979542,7.030618579405404,458.68665363346224,0.8038322290335796,0.030927766291391434,-0.001096192776531492,0.59405051906427
134.70000000000002,-5027.438576987748,989.419896637369,136198.96375302965,-48.23929509971597,7.031466682712357,457.7298805095115,0.803832426519616,0.030951315126519077,-0.001098194315525382,0.594049021661319
134.8,-5032.262497861176,990.1233720455025,136244.554934449,-48.24453963963652,7.032314805635032,456.773107258347,0.8038326281543551,0.03097486432182889,-0.001100195887319579,0.594047517681638
134.9,-5037.086940904707,990.826847453636,136290.14611586832,-48.249774455075254,7.033162928557708,455.81633400718255,0.8038328308984658,0.030998413744068733,-0.001102197433475464,0.5940460112448593
135.0,-5041.911688864071,991.5303228617696,136335.73729728768,-48.25500305802563,7.034011051480384,454.859560756018,0.8038330331918108,0.03102196339262495,-0.001104198994672324,0.5940445044619974
135.1,-5046.7382183756545,992.2341185925735,136381.31401040807,-48.26019482961827,7.034859314418973,453.9027874962045,0.8038332333180065,0.031045514252365417,-0.0011062005751359683,0.59404299960408
135.20000000000002,-5051.564747887239,992.9380540258283,136426.63272653686,-48.26538660121091,7.035707653226967,452.9460140796973,0.8038334313385392,0.03106906542241801,-0.001108202240984272,0.5940414966347725
135.3,-5056.391277398822,993.6419894590827,136471.74552125568,-48.27057837280356,7.036556011441448,451.98924053722175,0.8038336335058135,0.031092616953875208,-0.00111020393973629,0.5940399870909476
135.4,-5061.218324623453,994.3459248923373,136516.85831597447,-48.27576041990962,7.0374043696559285,451.03246699474613,0.8038338367818337,0.031116168713032525,-0.0011122056141463924,0.5940384750905369
135.5,-5066.045673692208,995.0498603255917,136561.9711106933,-48.28093625452434,7.038252727870409,450.07569345227057,0.8038340396070272,0.031139720697530415,-0.00111420730364494,0.5940369627439127
135.6,-5070.874785897499,995.7541161636077,136607.06943710922,-48.28607525776372,7.039101224603829,449.11891990122615,0.8038342402658649,0.031163273871098886,-0.0011162090124956637,0.5940354523218923
135.70000000000002,-5075.703898102792,996.4585117388315,136651.9097664576,-48.2912142610031,7.039949796393018,448.1621461950081,0.8038344388193495,0.03118682735530172,-0.0011182108050735572,0.5940339437878005
135.8,-5080.533010308083,997.1629073140551,136696.54417433336,-48.29635326424248,7.040798387379449,447.20537236406756,0.8038346415180682,0.03121038120214822,-0.0011202126306383885,0.5940324286807898
135.9,-5085.3626353641785,997.8673028892788,136741.1785822091,-48.301482542990115,7.04164697836588,446.24859853312705,0.8038348453249989,0.0312339352774681,-0.0011222144331869666,0.5940309111175814
136.0,-5090.192559494626,998.5716984645023,136785.81299008484,-48.306605609243725,7.04249556935231,445.2918247021865,0.8038350486810465,0.031257489577022596,-0.0011242162508714568,0.5940293932080324
136.1,-5095.024230647881,999.2764145256938,136830.43292965344,-48.31169184410671,7.043344297360734,444.3350508627646,0.8038352498717402,0.03128104503624937,-0.0011262180879937152,0.5940278772228585
136.20000000000002,-5099.855901801137,999.9812703584747,136874.7948720773,-48.31677807896969,7.044193099611296,443.3782768697306,0.8038354489574179,0.031304600806189464,-0.001128220007121415,0.5940263631249099
136.3,-5104.687572954393,1000.6861261912554,136918.95089296647,-48.32186431383268,7.045041920849847,442.4215027532201,0.8038356521869605,0.03132815694001669,-0.0011302219592609197,0.5940248424554552
136.4,-5109.5197527039845,1001.3909820240362,136963.10691385562,-48.326940824199426,7.045890742088399,441.46472863670965,0.8038358565241952,0.0313517133030907,-0.0011322238897200465,0.594023319330174
136.5,-5114.352228024852,1002.095837856817,137007.2629347448,-48.332011122068366,7.046739563326951,440.5079545201992,0.8038360604104935,0.031375269889222235,-0.0011342258353625471,0.5940217958584268
136.6,-5119.186428883543,1002.8010142362605,137051.40448732313,-48.33704458852328,7.047588520521489,439.551180395284,0.8038362621323841,0.03139882760910329,-0.0011362278005282124,0.5940202743107309
136.70000000000002,-5124.020629742236,1003.5063304144935,137095.28804268324,-48.342078054978195,7.048437551293846,438.59440611825687,0.8038364617496186,0.03142238563990271,-0.0011382298459112984,0.5940187546495219
136.8,-5128.854830600928,1004.2116465927261,137138.96567644726,-48.347111521433106,7.049286600844841,437.6376317189997,0.8038366655092642,0.031445944035828656,-0.0011402319240610423,0.5940172284183365
136.9,-5133.689534383333,1004.9169627709588,137182.64331021125,-48.35213526338586,7.050135650395837,436.68085731974253,0.8038368703760518,0.031469502661773216,-0.0011422339817450935,0.5940156997317378
137.0,-5138.52453067385,1005.6222789491914,137226.32094397524,-48.35715279283542,7.050984699946833,435.72408292048533,0.8038370747918441,0.03149306150985779,-0.0011442360546599546,0.5940141706985438
137.1,-5143.361234853795,1006.3279157662442,137269.9841094235,-48.36213349083779,7.051833883686752,434.76730851292507,0.8038372770442305,0.03151662146497588,-0.001146238147183326,0.5940126435890574
137.20000000000002,-5148.197939033743,1007.0336924201285,137313.389277589,-48.36711418884016,7.05268314009603,433.8105339545737,0.8038374771923357,0.03154018173116301,-0.0011482403188453948,0.594011118365302
137.3,-5153.034643213689,1007.7394690740126,137356.58852411513,-48.372094886842525,7.05353241507388,432.85375927486706,0.8038376814813073,0.03156374236371265,-0.0011502425236129918,0.5940095865732221
137.4,-5157.87184565769,1008.4452457278966,137399.7877706412,-48.37706586033476,7.054381690051729,431.8969845951603,0.803837886876861,0.03158730322705194,-0.0011522447089773863,0.5940080523261582
137.5,-5162.709337520816,1009.1510223817806,137442.98701716732,-48.38203062131797,7.055230965029578,430.94020991545364,0.8038380918213575,0.031610864311780285,-0.001154246909620018,0.5940065177323668
137.6,-5167.54851885764,1009.8571197580662,137486.17179537372,-48.38695855081874,7.056080372514592,429.9834352275266,0.8038382946032974,0.03163442647832139,-0.001156249129956762,0.5940049850620783
137.70000000000002,-5172.387700194466,1010.5633570044503,137529.09857621384,-48.391886480319506,7.056929851790844,429.0266603905294,0.8038384952812142,0.03165798895612587,-0.0011582514277228945,0.5940034542769236
137.8,-5177.22688153129,1011.2695942508341,137571.8194353431,-48.39681440982027,7.057779349426137,428.06988543363957,0.8038387000983646,0.03168155180152591,-0.0011602537580469843,0.5940019169252199
137.9,-5182.06655626991,1011.9758314972179,137614.5402944723,-48.40173261480028,7.05862884706143,427.1131104767497,0.8038389060215501,0.03170511487848676,-0.001162256069935172,0.5940003771189438
138.0,-5186.9065170970825,1012.6820687436017,137657.26115360158,-48.406644607268014,7.059478344696721,426.1563355198598,0.8038391114936163,0.031728678176153956,-0.0011642583971490023,0.5939988369658076
138.1,-5191.748147447562,1013.3886267932394,137699.96754440703,-48.411519768237156,7.060327973318431,425.19956055483726,0.8038393148040384,0.031752242535342756,-0.0011662607441418702,0.5939972987356321
138.20000000000002,-5196.589777798042,1014.0953247480833,137742.41593776562,-48.416394929206305,7.061177672909347,424.2427854424347,0.8038395160108509,0.03177580720614329,-0.0011682631671154485,0.5939957623897761
138.3,-5201.431408148521,1014.802022702927,137784.6584093462,-48.42127009017545,7.062027390649947,423.2860102115356,0.8038397213551839,0.031799372245768454,-0.001170265622357744,0.5939942194792542
138.4,-5206.273526633345,1015.5087206577708,137826.90088092678,-48.426135526618154,7.062877108390547,422.32923498063656,0.8038399278050067,0.03182293751772525,-0.0011722680601027402,0.5939926741145717
138.5,-5211.115928290247,1016.2154186126146,137869.14335250738,-48.43099475054585,7.063726826131147,421.37245974973746,0.8038401338036487,0.03184650300971888,-0.0011742705132207689,0.5939911284028965
138.6,-5215.959982589347,1016.9224374585123,137911.3713557598,-48.435817142959465,7.064576673135588,420.4156845108008,0.8038403376413936,0.03187006954611729,-0.0011762729862028528,0.5939895846137015
138.70000000000002,-5220.804036888448,1017.6295962466882,137953.34136148935,-48.44063953537309,7.065426590217288,419.45890912610446,0.8038405393758657,0.03189363639459002,-0.0011782755339546517,0.5939880427081113
138.8,-5225.648091187548,1018.3367550348637,137995.1054453811,-48.44546192778672,7.066276525239376,418.50213362417736,0.8038407452460632,0.031917203613112434,-0.0011802781139770575,0.5939864942398494
138.9,-5230.492629163917,1019.0439138230395,138036.86952927287,-48.45027459566946,7.067126460261464,417.54535812225026,0.8038409522211899,0.03194077106473635,-0.0011822806774499227,0.5939849433178592
139.0,-5235.337447240642,1019.7510726112151,138078.63361316462,-48.45508105103437,7.067976395283552,416.5885826203232,0.8038411587450749,0.03196433873571537,-0.0011842832563431968,0.5939833920487443
139.1,-5240.183899543804,1020.4585523622113,138120.38322872456,-48.459850674868456,7.068826458166269,415.63180711043896,0.803841363108722,0.031987907432467835,-0.001186285855185945,0.5939818427018401
139.20000000000002,-5245.030351846966,1021.1661720862649,138161.87484668364,-48.46462029870255,7.069676590345081,414.67503145647964,0.8038415653693235,0.032011476441712865,-0.0011882885273922126,0.5939802952379759
139.3,-5249.876804150128,1021.8737918103182,138203.160542738,-48.469389922536635,7.070526740255001,413.71825568672597,0.8038417717639199,0.0320350458222344,-0.0011902912316757142,0.5939787412133477
139.4,-5254.723735268294,1022.5814115343715,138244.44623879236,-48.47414982183493,7.071376890164923,412.76147991697235,0.8038419792628977,0.032058615436627476,-0.00119229392037778,0.593977184735408
139.5,-5259.570943717033,1023.2890312584248,138285.7319348467,-48.478903508612824,7.072227040074844,411.80470414721873,0.8038421863105746,0.03208218526967123,-0.0011942966245476207,0.5939756279102121
139.6,-5264.4197702784095,1023.9969720168151,138327.0031625653,-48.483620363845375,7.073077316464144,410.8479283695957,0.8038423911987215,0.03210575610799618,-0.0011962993487524233,0.5939740730069988
139.70000000000002,-5269.268596839789,1024.705052779646,138368.0163926146,-48.488337219077934,7.073927661376,409.8911524493952,0.8038425939840524,0.0321293272591689,-0.0011983021451112126,0.5939725199862634
139.8,-5274.117423401165,1025.4131335424763,138408.82370070537,-48.493054074310486,7.074778023809689,408.93437641457103,0.8038428009019688,0.03215289878285698,-0.001200304973613308,0.5939709604062368
139.9,-5278.966724523061,1026.121214305307,138449.63100879613,-48.49776120500296,7.075628386243379,407.97760037974695,0.8038430089237846,0.03217647054118894,-0.0012023077875209546,0.5939693983732263
140.0,-5283.816299472437,1026.8292950681373,138490.4383168869,-48.50246212317187,7.076478748677068,407.02082434492286,0.8038432164942415,0.03220004251744061,-0.0012043106169437354,0.5939678359928295
140.1,-5288.66747104938,1027.5376969369547,138531.23115663845,-48.50712620977621,7.077329236131717,406.0640483023061,0.8038434219057862,0.032223615480734755,-0.0012063134664869798,0.593966275534198
140.20000000000002,-5293.518642626324,1028.2462388403524,138571.76599865648,-48.51179029638055,7.078179791393403,405.1072721185324,0.8038436252147009,0.03224718875731575,-0.0012083163869548322,0.5939647169575365
140.3,-5298.369814203267,1028.9547807437498,138612.09491866347,-48.51645438298489,7.079030364027894,404.1504958212877,0.8038438326550748,0.03227076240766256,-0.0012103193396325951,0.5939631518226737
140.4,-5303.22145466808,1029.6633226471472,138652.42383867048,-48.521108745043485,7.079880936662386,403.193719524043,0.803844041198924,0.03229433629342764,-0.0012123222787176421,0.5939615842350767
140.5,-5308.073365897196,1030.3718645505444,138692.75275867747,-48.52575689457575,7.080731509296878,402.23694322679825,0.8038442492913485,0.03231791039673342,-0.0012143252333651673,0.5939600162999568
140.6,-5312.926856105416,1031.080727631685,138733.06721034073,-48.530368212527875,7.081582205468177,401.28016692186327,0.8038444552255158,0.03234148546805978,-0.0012163282082186524,0.593958450286384
140.70000000000002,-5317.780346313637,1031.7897307774338,138773.12366419795,-48.53497953048,7.082432968584141,400.3233904773908,0.8038446590572746,0.032365060853047856,-0.0012183312526565884,0.5939568861542318
140.8,-5322.633836521858,1032.4987339231823,138812.9741959892,-48.53959084843213,7.083283748825874,399.3666139206642,0.8038448670194323,0.032388636613052725,-0.0012203343292205044,0.5939553154648789
140.9,-5327.4877909582665,1033.2077370689308,138852.82472778045,-48.5441924418339,7.084134529067606,398.4098373639375,0.8038450760846803,0.03241221260925157,-0.0012223373931798916,0.5939537423229897
141.0,-5332.342013069985,1033.9167402146793,138892.67525957173,-48.54878782270614,7.084985309309339,397.45306080721093,0.8038452846984543,0.032435788821994105,-0.0012243404727491141,0.5939521688334528
141.1,-5337.197795745012,1034.6260646100286,138932.51132301558,-48.55334637197888,7.0858362115951445,396.4962842428782,0.8038454911546664,0.03245936598385017,-0.0012263435726096845,0.5939505972651947
141.20000000000002,-5342.053578420041,1035.3355291002838,138972.08938858536,-48.557904921251634,7.086687179977462,395.5395075405432,0.8038456955087222,0.03248294345980453,-0.0012283467406511612,0.5939490275777631
141.3,-5346.909361095069,1036.0449935905388,139011.4615320339,-48.56246347052438,7.087538165250732,394.5827307271926,0.8038459039920519,0.03250652131202368,-0.0012303499405090818,0.5939474513342202
141.4,-5351.765603136009,1036.7544580807937,139050.83367548243,-48.567012295242016,7.088389150524,393.625953913842,0.8038461135780164,0.032530099401209406,-0.001232353128655154,0.5939458726384356
141.5,-5356.622109521672,1037.4639225710487,139090.20581893096,-48.571554907425146,7.08924013579727,392.6691771004914,0.8038463227124533,0.03255367770614237,-0.001234356332458404,0.5939442935948752
141.6,-5361.480156520189,1038.1737083647693,139129.5634940283,-48.57606068797761,7.090091242049257,391.7124002796221,0.8038465296901854,0.03257725693627392,-0.0012363595566385074,0.5939427164723888
141.70000000000002,-5366.338203518705,1038.8836342774875,139168.66317118309,-48.58056646853008,7.090942413728875,390.75562332230356,0.8038467345660315,0.03260083648074492,-0.001238362847793598,0.5939411412301231
141.8,-5371.1962505172205,1039.5935601902054,139207.5569261616,-48.58507224908254,7.0917936020866925,389.79884625520646,0.8038469435701121,0.03262441640273253,-0.0012403661705175973,0.5939395594327197
141.9,-5376.05475161418,1040.3034861029232,139246.45068114015,-48.58956830507229,7.092644790444511,388.8420691881094,0.8038471536763997,0.03264799656246011,-0.0012423694823166323,0.5939379751833332
142.0,-5380.913514139376,1041.013412015641,139285.34443611867,-48.59405814852358,7.093495978802329,387.8852921210123,0.8038473633310993,0.0326715769374422,-0.001244372809820165,0.5939363905860376
142.1,-5385.773800396252,1041.7236593136893,139324.22372274197,-48.598511160321614,7.0943472863714945,386.92851504649104,0.8038475708298418,0.03269515821891808,-0.0012463761577857814,0.5939348079094839
142.20000000000002,-5390.63408665313,1042.4340467645022,139362.8450113532,-48.60296417211965,7.095198658416204,385.97173783711963,0.8038477762269779,0.0327187398151255,-0.0012483795716721987,0.5939332271125243
142.3,-5395.494372910008,1043.144434215315,139401.26037773365,-48.60741718391768,7.096050046898123,385.01496051921475,0.8038479857509246,0.03274232179008577,-0.0012503830169562978,0.5939316397619231
142.4,-5400.355108808234,1043.8548216661277,139439.67574411407,-48.611860471145576,7.096901435380041,384.0581832013098,0.8038481963765971,0.03276590400355694,-0.0012523864520394402,0.5939300499596702
142.5,-5405.216103062964,1044.5652091169404,139478.0911104945,-48.61629754583209,7.09775282386196,383.10140588340494,0.803848406550622,0.03278948643179522,-0.0012543899028743895,0.5939284598093753
142.6,-5410.0786026335445,1045.2759180272637,139516.49200851636,-48.62069778884965,7.098604329874784,382.1446285581563,0.803848614569247,0.032813069750488554,-0.001256393374256889,0.5939268715796082
142.70000000000002,-5414.941102204127,1045.9867671198635,139554.63490846084,-48.6250980318672,7.099455899504235,381.1878510995813,0.8038488204864279,0.0328366533844061,-0.0012583969105733252,0.5939252852289643
142.8,-5419.803601774708,1046.6976162124631,139592.5718861206,-48.62949827488476,7.100307485374683,380.23107353372126,0.803849030529165,0.03286023739831993,-0.0012604004781658223,0.5939236923259438
142.9,-5424.666546124352,1047.4084653050627,139630.50886378036,-48.633888793326896,7.10115907124513,379.27429596786124,0.8038492416731927,0.03288382165151722,-0.0012624040362633714,0.5939220969715416
143.0,-5429.5297457242295,1048.1193143976623,139668.44584144015,-48.63827309922492,7.102010657115577,378.31751840200127,0.8038494523655091,0.03290740611918485,-0.001264407610160024,0.5939205012689607
143.1,-5434.394432224117,1048.830485021403,139706.36835073764,-48.642620573438464,7.102862358997574,377.3607408288854,0.8038496609030586,0.03293099146325772,-0.0012664112046892515,0.5939189074864895
143.20000000000002,-5439.259118724007,1049.5417958585076,139744.03286189158,-48.646968047652,7.103714123697512,376.40396312400924,0.8038498673394304,0.03295457712309039,-0.0012684148631812546,0.5939173155825256
143.3,-5444.123805223895,1050.2531066956121,139781.49145070743,-48.65131552186555,7.104565904445341,375.44718531309786,0.8038500779000116,0.032978163164158594,-0.0012704185528556603,0.593915717127577
143.4,-5448.988931640558,1050.9644175327164,139818.9500395233,-48.65565327149906,7.10541768519317,374.4904075021865,0.803850289561462,0.033001749445283085,-0.0012724222337470903,0.5939141162214985
143.5,-5453.854310201181,1051.675728369821,139856.40862833915,-48.659984808585826,7.106269465940999,373.53362969127517,0.8038505007711371,0.03302533594058827,-0.0012744259304849075,0.5939125149671045
143.6,-5458.721157245969,1052.3873608157364,139893.85274878916,-48.664279513972744,7.107121360978471,372.57685187319584,0.8038507098265578,0.033048923299541885,-0.0012764296479405174,0.5939109156324993
143.70000000000002,-5463.588004290759,1053.0991335078043,139931.0388710301,-48.668574219359655,7.1079733179497815,371.6200739249227,0.8038509167809943,0.03307251097484033,-0.0012784334283798533,0.5939093181758838
143.8,-5468.454851335548,1053.8109061998719,139968.01907088023,-48.672868924746574,7.108825290765091,370.6632958718646,0.803851127858126,0.0330960990326059,-0.0012804372399178108,0.5939077141699012
143.9,-5473.322133434819,1054.5226788919394,140004.9992707304,-48.6771539055489,7.1096772635804,369.7065178188065,0.8038513400356675,0.03311968733119882,-0.001282441043397002,0.5939061077130924
144.0,-5478.189664571778,1055.2344515840068,140041.97947058055,-48.681432673801865,7.110529236395708,368.74973976574836,0.8038515517613727,0.033143275843611035,-0.0012844448627698584,0.5939045009078329
144.1,-5483.058645777048,1055.946545948265,140078.94520206127,-48.68567461033978,7.111381322097483,367.79296170561014,0.8038517613333047,0.033166865205454026,-0.0012864487029459954,0.5939028960221712
144.20000000000002,-5487.9276269823185,1056.6587805858535,140115.6529352682,-48.6899165468777,7.112233468954463,366.83618351684487,0.8038519688043866,0.03319045488418696,-0.001288452605108964,0.5939012930140635
144.3,-5492.796608187588,1057.3710152234414,140152.15474603232,-48.694158483415606,7.113085631447953,365.87940522454505,0.8038521803969834,0.03321404494663169,-0.0012904565382834173,0.593899683457755
144.4,-5497.666019585047,1058.0832498610293,140188.65655679643,-48.69839069536441,7.113937793941444,364.9226269322453,0.8038523930895943,0.03323763525067722,-0.0012924604641341671,0.5938980714508374
144.5,-5502.535677250397,1058.7954844986175,140225.15836756054,-48.702616694761545,7.114789956434936,363.96584863994553,0.8038526053303092,0.03326122576814425,-0.0012944644059258588,0.5938964590953348
144.6,-5507.406768870182,1059.5080408714402,140261.6457099517,-48.70680586243044,7.115642230433544,363.00907034065347,0.8038528154177239,0.03328481712209634,-0.0012964683686061949,0.5938948486591854
144.70000000000002,-5512.277860489967,1060.2207375452483,140297.87505400518,-48.710995030099355,7.116494564814607,362.0522919143012,0.8038530234044433,0.03330840879352974,-0.001298472392254932,0.5938932401001255
144.8,-5517.14895210975,1060.9334342190564,140333.89847556432,-48.71518419776826,7.117346914623494,361.0955133856649,0.8038532355116853,0.03333200084992683,-0.001300476446815788,0.5938916249937749
144.9,-5522.020469667215,1061.6461308928644,140369.92189712348,-48.71936364084413,7.118199264432382,360.1387348570287,0.8038534487185813,0.03335559314869946,-0.0013024804947959026,0.593890007436985
145.0,-5526.89222998946,1062.3588275666725,140405.94531868264,-48.723536871365454,7.119051614241269,359.1819563283924,0.8038536614735228,0.03337918566047251,-0.0013044845587642307,0.5938883895314765
145.1,-5531.76540278096,1063.0718460387934,140441.95427186583,-48.72767327014114,7.119904074096787,358.22517779284084,0.8038538720757212,0.03340277899172926,-0.0013064886437068263,0.5938867735451966
145.20000000000002,-5536.638575572462,1063.7850048384228,140477.70522666315,-48.73180966891683,7.120756593619348,357.26839913142516,0.8038540805773517,0.03342637264092152,-0.0013084927889011142,0.5938851594355865
145.3,-5541.511748363962,1064.4981636380517,140513.25025892997,-48.73594606769251,7.121609128420796,356.31162036861616,0.8038542931986836,0.03344996667633679,-0.001310496965269161,0.5938835387793643
145.4,-5546.385341420464,1065.2113224376806,140548.7952911968,-48.74007274186998,7.122461663222243,355.35484160580717,0.8038545069193433,0.03347356095490353,-0.0013125011358053717,0.5938819156728264
145.5,-5551.2591741785545,1065.9244812373097,140584.34032346364,-48.744193203490404,7.123314198023689,354.3980628429981,0.8038547201879834,0.0334971554463179,-0.0013145053223770555,0.5938802922174312
145.6,-5556.13440175735,1066.6379618983274,140619.87088735047,-48.7482768333511,7.124166841387564,353.44128407337627,0.8038549313043665,0.033520750743362394,-0.001316509530008475,0.5938786706810668
145.70000000000002,-5561.0096293361485,1067.3515829132361,140655.14345277764,-48.7523604632118,7.125019543556311,352.4845051797332,0.8038551403203325,0.03354434635887834,-0.001318513796638793,0.5938770510209184
145.8,-5565.884856914945,1068.0652039281445,140690.2100956146,-48.756444093072496,7.125872260757064,351.5277261861732,0.8038553534551875,0.03356794236187532,-0.0013205180940486783,0.5938754248148247
145.9,-5570.760500099038,1068.7788249430528,140725.27673845153,-48.760517998330776,7.126724977957817,350.5709471926132,0.8038555676890657,0.03359153860880046,-0.0013225223863559045,0.5938737961585112
146.0,-5575.636379895708,1069.492445957961,140760.3433812885,-48.76458569102919,7.1275776951585685,349.61416819905315,0.8038557814708721,0.03361513506795164,-0.0013245266947458775,0.5938721671532112
146.1,-5580.513636097202,1070.2063888973228,140795.3955557422,-48.76861655195102,7.128430519428971,348.6573891987644,0.803855993100992,0.033638732316819915,-0.0013265310242810658,0.593870540066753
146.20000000000002,-5585.390892298696,1070.920472217153,140830.18973167008,-48.77264741287285,7.129283401656216,347.7006100761318,0.803856202630868,0.033662329884667636,-0.0013285354115993876,0.5938689148560287
146.3,-5590.268148500189,1071.6345555369833,140864.7779849518,-48.77667827379468,7.130136298680747,346.74383085498494,0.8038564162787809,0.0336859278412525,-0.001330539829233457,0.5938672831000813
146.4,-5595.145815444676,1072.3486388568137,140899.36623823355,-48.78069941010974,7.130989195705279,345.7870516338381,0.80385663102536,0.033709526042539836,-0.0013325442424230807,0.5938656488940807
146.5,-5600.02371567114,1073.062722176644,140933.9544915153,-48.7847143338609,7.13184209272981,344.83027241269133,0.8038568453198123,0.03373312445558394,-0.0013345486717427104,0.5938640143389613
146.6,-5604.902972351874,1073.7771274681133,140968.52827641045,-48.78869242581039,7.132695095758608,343.87349318490357,0.8038570574631949,0.033756723641469547,-0.0013365531222930222,0.593862381702494
146.70000000000002,-5609.782229032609,1074.4916731611454,141002.84406271833,-48.79267051775987,7.133548156075537,342.91671383635094,0.803857267506515,0.033780323146793495,-0.0013385576296286162,0.5938607509412704
146.8,-5614.661485713343,1075.206218854177,141036.95392633046,-48.79664860970936,7.134401230977125,341.95993439054985,0.8038574816670901,0.03380392304211397,-0.0013405621669543865,0.5938591136354509
146.9,-5619.541147869574,1075.9207645472086,141071.06378994256,-48.800616977046154,7.135254305878714,341.0031549447488,0.8038576969259922,0.03382752318291178,-0.0013425667004212018,0.5938574738797217
147.0,-5624.421040391282,1076.6353102402402,141105.17365355467,-48.80457913181585,7.136107380780302,340.0463754989477,0.8038579117327065,0.033851123535225645,-0.0013445712500652605,0.5938558337747374
147.1,-5629.302272486012,1077.3501779765854,141139.26904877665,-48.80850445476554,7.136960559919709,339.0895960466008,0.8038581243888883,0.0338747246470842,-0.0013465758210252662,0.5938541955881268
147.20000000000002,-5634.183504580742,1078.0651861440406,141173.10644534376,-48.812429777715224,7.1378137953955685,338.1328164752541,0.8038583349451929,0.033898326078941964,-0.001348580447749908,0.59385255927626
147.3,-5639.064736675472,1078.7801943114955,141206.7379191597,-48.81635510066491,7.1386670452151595,337.1760368080948,0.8038585496176905,0.03392192790204402,-0.0013505851040456723,0.5938509164208035
147.4,-5643.946369788584,1079.4952024789504,141240.36939297564,-48.82027069899588,7.139520295034751,336.21925714093544,0.8038587653881399,0.03394552997139653,-0.0013525897570261006,0.5938492711156306
147.5,-5648.828230195424,1080.2102106464056,141274.00086679158,-48.8241800847572,7.140373544854343,335.26247747377613,0.8038589807063413,0.03396913225202836,-0.001354594426231001,0.593847625461066
147.6,-5653.711411759373,1080.9255409219893,141307.6178722144,-48.82805263868453,7.141226897231702,334.30569780015134,0.8038591938744519,0.03399273527971448,-0.0013565991168373037,0.5938459817246858
147.70000000000002,-5658.594593323324,1081.6410116544575,141340.97687892747,-48.83192519261186,7.142080305086734,333.3489180089857,0.8038594049427975,0.03401633862799358,-0.0013586038625359152,0.5938443398626461
147.8,-5663.477774887274,1082.3564823869256,141374.12996284486,-48.8357977465392,7.142933727089287,332.3921381231797,0.8038596201264109,0.034039942368770795,-0.001360608637773173,0.5938426914578373
147.9,-5668.361352607293,1083.0719531193936,141407.28304676223,-48.83966057584276,7.14378714909184,331.4353582373736,0.8038598364076359,0.034063546356572924,-0.0013626134102267336,0.593841040603457
148.0,-5673.245154514757,1083.7874238518616,141440.43613067962,-48.84351719257422,7.144640571094392,330.47857835156753,0.8038600522365492,0.034087150555566166,-0.0013646181989519861,0.593839389399546
148.1,-5678.130259163409,1084.503216754888,141473.57474620067,-48.847336977457886,7.145494094135426,329.521798459384,0.8038602659158761,0.03411075549106841,-0.0013666230091636548,0.5938377401134389
148.20000000000002,-5683.015363812062,1085.2191501418838,141506.45536295683,-48.85115676234155,7.146347671855456,328.5650184511448,0.8038604774956446,0.034134360747803585,-0.001368627873817755,0.5938360927011391
148.3,-5687.9004684607135,1085.9350835288797,141539.13005687407,-48.85497654722522,7.1472012635298885,327.60823834942,0.8038606931896949,0.03415796639828783,-0.00137063276800954,0.5938344387469725
148.4,-5692.785964403124,1086.6510169158755,141571.8047507913,-48.858786607480965,7.148054855204323,326.6514582476952,0.803860909981034,0.03418157229657201,-0.0013726376599525073,0.5938327823433569
148.5,-5697.671681426691,1087.3669503028714,141604.47944470856,-48.86259045516228,7.148908446878756,325.6946781459704,0.8038611263199975,0.03420517840596799,-0.001374642568214381,0.5938311255900711
148.6,-5702.558682775519,1088.0832059279578,141637.1396702267,-48.86635747098222,7.149762137869714,324.7378980379451,0.8038613405097977,0.034228785241639484,-0.001376647498047899,0.5938294707543058
148.70000000000002,-5707.445684124348,1088.7996020655157,141669.5418969256,-48.87012448680217,7.150615882655533,323.7811178153432,0.8038615526001848,0.03425239239919825,-0.0013786524816139796,0.5938278177918972
148.8,-5712.332685473176,1089.5159982030734,141701.7382007404,-48.873891502622115,7.1514696411918575,322.8243375004753,0.8038617688037556,0.03427599995175181,-0.0013806574946574422,0.5938261582886757
148.9,-5717.220073253446,1090.2323943406313,141733.93450455522,-48.877648793810046,7.15232339972818,321.86755718560744,0.8038619861042681,0.03429960775287911,-0.001382662505993811,0.5938244963361604
149.0,-5722.107679008586,1090.948790478189,141766.13080837,-48.88139987242123,7.153177158264505,320.9107768707396,0.8038622029523431,0.03432321576498828,-0.0013846675336962977,0.5938228340338364
149.1,-5726.996550673053,1091.6655089088179,141798.3126437821,-48.88511411915768,7.154031014714141,319.9539965496739,0.8038624176516187,0.03434682449285956,-0.0013866725830558868,0.5938211736488508
149.20000000000002,-5731.885422337521,1092.382367875486,141830.2364803154,-48.88882836589413,7.154884924179988,318.9972161156739,0.8038626302515691,0.034370433543271794,-0.0013886776854102783,0.5938195151368494
149.3,-5736.774294001989,1093.0992268421537,141861.95439391924,-48.89254261263058,7.1557388471888475,318.0404355906498,0.8038628469637401,0.03439404298992982,-0.0013906828171581962,0.5938178500849055
149.4,-5741.663547235581,1093.8160858088215,141893.67230752305,-48.89624713473097,7.156592770197706,317.0836550656257,0.8038630647725292,0.03441765268593629,-0.0013926879477463828,0.5938161825837915
149.5,-5746.553015674236,1094.5329447754893,141925.39022112687,-48.89994544425258,7.157446693206565,316.1268745406016,0.8038632821288199,0.034441262592771006,-0.001394693094747896,0.5938145147327308
149.6,-5751.443733908269,1095.2501260897977,141957.093666325,-48.903606921887814,7.158300712747365,315.170094009464,0.8038634973366503,0.034464873205877954,-0.001396698263491921,0.5938128487988054
149.70000000000002,-5756.334452142304,1095.9674479640707,141988.53911258918,-48.907268399523055,7.159154784531608,314.2133133669371,0.8038637104452445,0.034488484142217266,-0.0013987034844758477,0.5938111847374876
149.8,-5761.225170376337,1096.6847698383438,142019.7786358788,-48.910929877158296,7.16000886965017,313.2565326346345,0.803863927665072,0.034512095476051954,-0.0014007087351009312,0.5938095141371307
149.9,-5766.116265924967,1097.4020917126165,142051.01815916842,-48.91458163015398,7.1608629547687315,312.2997519023318,0.8038641459811844,0.0345357070600092,-0.0014027139853345324,0.5938078410877393
150.0,-5771.007573175533,1098.1194135868896,142082.25768245806,-48.918227170570574,7.161717039887293,311.34297117002916,0.8038643638447506,0.034559318854172474,-0.0014047192520286929,0.5938061676882729
150.1,-5775.900108736213,1098.8370578633107,142113.48273733896,-48.92183587910078,7.1625712200792915,310.38619043170075,0.8038645795602914,0.03458293134085358,-0.001406724540551065,0.5938044962058613
150.20000000000002,-5780.792644296893,1099.5548427226026,142144.44979324163,-48.92544458763099,7.163425451800238,309.4294095832388,0.8038647931766838,0.03460654415135558,-0.0014087298802601,0.5938028265956911
150.3,-5785.685179857572,1100.2726275818943,142175.21092613804,-48.9290532961612,7.1642796967072195,308.4726286458896,0.8038650109035234,0.034630157360609475,-0.0014107352496794494,0.5938011504471113
150.4,-5790.578087060141,1100.990412441186,142205.97205903448,-48.93265228005079,7.165133941614201,307.5158477085403,0.8038652297263537,0.034653770820761584,-0.001412740619581697,0.5937994718495802
150.5,-5795.471202901444,1101.7081973004777,142236.7331919309,-48.93624505136115,7.165988186521182,306.5590667711911,0.8038654480965981,0.03467738449024446,-0.0014147460059917502,0.5937977929018512
150.6,-5800.365529404246,1102.4263046163155,142267.47985641536,-48.93980099078481,7.166842525021091,305.6023478048326,0.8038656643193169,0.0347009988364185,-0.0014167514143158158,0.5937961158711367
150.70000000000002,-5805.259855907049,1103.1445525377626,142297.9685218585,-48.94335693020847,7.1676969141889,304.6460118754043,0.8038658784430022,0.034724613506952176,-0.0014187568725013786,0.5937944407122637
150.8,-5810.154182409852,1103.8628004592097,142328.25126424312,-48.946912869632136,7.168551316295748,303.6894956184859,0.8038660966765164,0.03474822857749932,-0.001420762360092709,0.5937927590153854
150.9,-5815.048875894821,1104.5810483806565,142358.53400662774,-48.95045908441431,7.169405718402596,302.7327946443393,0.803866316005698,0.034771843899718914,-0.001422767849005277,0.5937910748696789
151.0,-5819.9437749295,1105.2992963021036,142388.81674901236,-48.95399908661194,7.170260120509445,301.7760936701927,0.8038665348822421,0.03479545943084053,-0.0014247733544728671,0.5937893903736426
151.1,-5824.83986620973,1106.01786673437,142419.0850229823,-48.95750225688682,7.17111461471466,300.81939264626925,0.8038667516122416,0.034819075615789126,-0.0014267788819397177,0.5937877077943484
151.20000000000002,-5829.73595748996,1106.7365777951059,142449.09529785387,-48.96100542716171,7.17196915873887,299.8626914730262,0.8038669662435673,0.034842692125329,-0.0014287844576742195,0.5937860270861858
151.3,-5834.632048770189,1107.4552888558414,142478.899649618,-48.9645085974366,7.172823715467218,298.90599029978335,0.8038671849841302,0.03486630903614502,-0.0014307900620723884,0.593784339840387
151.4,-5839.528502170261,1108.1739999165773,142508.70400138214,-48.96800204306084,7.173678272195566,297.9492891265406,0.8038674048200329,0.03488992619940728,-0.0014327956685512252,0.5937826501458907
151.5,-5844.42515778943,1108.8927109773128,142538.50835314626,-48.97148927609813,7.174532828923915,296.99258795329774,0.803867624203249,0.03491354357108421,-0.0014348012916322922,0.5937809601009346
151.6,-5849.32298570352,1109.6117446025125,142568.29823649285,-48.97493967720169,7.175387476254346,296.035886731005,0.803867841441064,0.03493716157384458,-0.0014368069367973225,0.593779271972232
151.70000000000002,-5854.2208136176105,1110.3309188788332,142597.83012068752,-48.97839007830525,7.17624217258591,295.0791853616232,0.8038680565806934,0.03496077990142763,-0.0014388126289516636,0.5937775857137771
151.8,-5859.118641531701,1111.050093155154,142627.15608173146,-48.98184047940882,7.177096881409194,294.1224839922416,0.8038682758289378,0.03498439863154864,-0.001440818349243212,0.5937758929180976
151.9,-5864.016826298113,1111.7692674314744,142656.48204277543,-48.98528115585805,7.177951590232478,293.1657826228601,0.803868496172148,0.03500801761488733,-0.0014428240722790173,0.5937741976739149
152.0,-5868.915210367113,1112.488441707795,142685.80800381937,-48.98871561971787,7.178806299055763,292.2090812534785,0.8038687160626213,0.035031636806235,-0.0014448298119642418,0.5937725020791408
152.1,-5873.814749849726,1113.207938601425,142715.11949644287,-48.99211325162939,7.179661096984278,291.25237983571935,0.8038689338082963,0.03505525661594634,-0.0014468355738184808,0.5937708084002828
152.20000000000002,-5878.71428933234,1113.927576168508,142744.17298985712,-48.99551088354091,7.1805159430559256,290.2956782730758,0.8038691494560394,0.03507887675107044,-0.0014488413814188418,0.593769116591086
152.3,-5883.613828814952,1114.6472137355909,142773.02056007241,-48.99890851545243,7.181370801378491,289.33897671043246,0.8038693692111847,0.03510249728996824,-0.0014508472165438145,0.593767418245877
152.4,-5888.513720692754,1115.366851302674,142801.86813028768,-49.0022964227063,7.182225659701056,288.3822751477892,0.8038695900608335,0.035126118082851106,-0.0014528530549977711,0.5937657174524793
152.5,-5893.413808801383,1116.086488869757,142830.715700503,-49.00567811736793,7.183080518023623,287.42557358514586,0.8038698104576926,0.035149739083448074,-0.0014548589101483138,0.5937640163083567
152.6,-5898.315033907649,1116.8064491061386,142859.54880229503,-49.00902298006362,7.183935463954419,286.46890759810026,0.8038700287104436,0.035173360687463934,-0.0014568647875529469,0.593762317079832
152.70000000000002,-5903.216259013914,1117.5265500379494,142888.12390482883,-49.0123678427593,7.18479045723282,285.51224742417645,0.8038702448655218,0.03519698261739365,-0.001458870709840174,0.5937606197203791
152.8,-5908.117484120179,1118.2466509697597,142916.49308412505,-49.015712705454995,7.185645462565767,284.55558716814124,0.8038704651260734,0.03522060495230235,-0.0014608766594085504,0.5937589158270976
152.9,-5913.019056759303,1118.9667519015702,142944.86226342127,-49.01904784348857,7.186500467898714,283.598926912106,0.8038706864805251,0.03524422754195696,-0.0014628826128452012,0.5937572094861343
153.0,-5917.920822522958,1119.6868528333807,142973.2314427175,-49.02237676892749,7.187355473231661,282.6422666560708,0.8038709073821325,0.035267850339097545,-0.001464888583025587,0.5937555027943111
153.1,-5922.82370686826,1120.4072764856041,143001.5861535877,-49.02566886238655,7.188210564675527,281.6856063750008,0.8038711261402965,0.03529147372551524,-0.001466894575545109,0.5937537980177617
153.20000000000002,-5927.726591213565,1121.127840854863,143029.68286515193,-49.028960955845626,7.189065702675835,280.72894600736697,0.8038713428010357,0.035315097438369976,-0.0014689006121915563,0.5937520951097096
153.3,-5932.629475558868,1121.8484052241217,143057.57365344116,-49.0322530493047,7.189920852537492,279.77228555877593,0.8038715635656759,0.03533872155742442,-0.0014709066759731055,0.593750385669528
153.4,-5937.532702574698,1122.5689695933804,143085.46444173038,-49.03553541809654,7.19077600239915,278.81562511018484,0.8038717854237288,0.035362345931990405,-0.0014729127441442944,0.5937486737820142
153.5,-5942.436119608762,1123.289533962639,143113.3552300196,-49.0388115742915,7.191631152260807,277.85896466159375,0.803872006828883,0.03538597051384865,-0.0014749188291063534,0.5937469615435053
153.60000000000002,-5947.3406368084825,1124.010421102544,143141.2315498801,-49.04205089849437,7.192486386735421,276.9023041883702,0.8038722260912128,0.035409595672333316,-0.001476924936492529,0.5937452512199252
153.70000000000002,-5952.2451540082,1124.731448980716,143168.84987038578,-49.04529022269725,7.193341666959969,275.9456436299037,0.8038724432563609,0.03543322115782681,-0.0014789310872268039,0.5937435427642718
153.8,-5957.14967120792,1125.4524768588885,143196.26226757737,-49.04852954690012,7.194196958841929,274.9889829916984,0.8038726645243137,0.03545684705076097,-0.0014809372649160117,0.5937418277775423
153.9,-5962.05452621583,1126.1735047370607,143223.67466476894,-49.05175914643161,7.195052250723889,274.03232235349293,0.8038728868853092,0.03548047319997723,-0.001482943447511399,0.5937401103436722
154.0,-5966.959568135676,1126.8945326152332,143251.08706196054,-49.05498253336407,7.195907542605848,273.07566171528754,0.8038731087933514,0.03550409955630991,-0.001484949646944784,0.5937383925586709
154.10000000000002,-5971.865691805179,1127.6158833134002,143278.4849907207,-49.05816908829241,7.196762917603367,272.1190010527805,0.8038733285591462,0.035527726477810474,-0.00148695586888723,0.5937366766882445
154.20000000000002,-5976.771815474681,1128.337374770693,143305.62492007736,-49.06135564322074,7.197618337539465,271.1623403063207,0.8038735462279938,0.03555135372693192,-0.0014889621333993473,0.5937349626851846
154.3,-5981.677939144182,1129.0588662279856,143332.55892608076,-49.064542198149084,7.198473768925458,270.205679481362,0.8038737679985481,0.03557498138473449,-0.0014909684246834866,0.5937332421521041
154.4,-5986.584395759539,1129.7803576852782,143359.49293208413,-49.067719028402344,7.19932920031145,269.2490186564033,0.8038739908617731,0.03559860929958939,-0.00149297472138834,0.593731519172077
154.5,-5991.4910365170135,1130.501849142571,143386.4269380875,-49.070889646054766,7.200184631697442,268.29235783144463,0.8038742132719902,0.03562223742139555,-0.0014949810349783096,0.5937297958407828
154.60000000000002,-5996.39874291014,1131.2236634683225,143413.34647565684,-49.07402343169265,7.20104014470178,267.3356969825296,0.8038744335404858,0.03564586609728819,-0.0014969873711624061,0.5937280744237617
154.70000000000002,-6001.306449303266,1131.9456185736822,143440.00801377452,-49.07715721733055,7.201895701831732,266.3790360509679,0.8038746517122314,0.035669495101428514,-0.0014989937491435073,0.5937263548735966
154.8,-6006.214155696392,1132.6675736790417,143466.4636285001,-49.08029100296845,7.202751270202864,265.42237504215467,0.8038748739847211,0.035693124515496034,-0.0015010001537156211,0.5937246287942827
154.9,-6011.122190780828,1133.3895287844011,143492.91924322568,-49.08341506392809,7.203606838573996,264.46571403334144,0.8038750973495389,0.03571675418738723,-0.0015030065642199428,0.5937229002681763
155.0,-6016.030406504241,1134.1114838897608,143519.3748579513,-49.086532912284625,7.204462406945128,263.5090530245282,0.8038753202612886,0.035740384066278094,-0.0015050129916564833,0.5937211713906626
155.10000000000002,-6020.939666377964,1134.8337619111587,143545.81600424057,-49.08961392861302,7.205318055437455,262.55239199213275,0.8038755410317782,0.03576401448884377,-0.0015070194417723351,0.5937194444271721
155.20000000000002,-6025.848926251686,1135.5561807322715,143571.999151042,-49.0926949449414,7.206173747326551,261.5957308781098,0.8038757597056663,0.03578764524029012,-0.0015090259331641382,0.5937177193300921
155.3,-6030.7581861254075,1136.2785995533843,143597.97637442412,-49.09577596126978,7.207029450307871,260.6390696877255,0.8038759824790194,0.03581127640289604,-0.001511032451250759,0.5937159877051638
155.4,-6035.667769017708,1137.001018374497,143623.95359780622,-49.098847252915725,7.207885153289193,259.6824084973412,0.8038762063442902,0.0358349078240938,-0.0015130389757762237,0.5937142536336891
155.5,-6040.577529485774,1137.7234371956101,143649.93082118835,-49.10191233195661,7.208740856270514,258.725747306957,0.8038764297564427,0.03585853945200798,-0.0015150455172810212,0.5937125192106734
155.60000000000002,-6045.488316455464,1138.446178979456,143675.89357613114,-49.10494057895846,7.209596637875898,257.76908609330707,0.8038766510278207,0.03588217161233443,-0.0015170520815503772,0.5937107867014547
155.70000000000002,-6050.399103425153,1139.1690615827479,143701.59833153078,-49.107968825960306,7.210452462011366,256.8124247995136,0.8038768702027573,0.035905804102176093,-0.0015190586861795544,0.593709056058187
155.8,-6055.309890394842,1139.8919441860398,143727.09716346615,-49.11099707296216,7.211308296992158,255.8557634308361,0.803877093476118,0.03592943700441867,-0.0015210653171384648,0.5937073188880488
155.9,-6060.220995723366,1140.614826789332,143752.59599540153,-49.114015595278204,7.212164131972951,254.89910206215853,0.8038773178410364,0.03595307016602329,-0.0015230719550372058,0.5937055792715425
156.0,-6065.132275538619,1141.3377093926242,143778.0948273369,-49.1170279049872,7.213019966953743,253.94244069348096,0.8038775417527851,0.03597670353411226,-0.0015250786099623823,0.593703839303361
156.10000000000002,-6070.044563439475,1142.0609149932384,143803.57919083058,-49.12000338264537,7.2138758794924716,252.98577930188344,0.8038777635242004,0.036000337424797274,-0.0015270852877372928,0.5937021012487275
156.20000000000002,-6074.956851340328,1142.7842614287633,143828.8055547317,-49.12297886030355,7.214731833861208,252.02911783158117,0.8038779831993278,0.03602397164567784,-0.00152909200501586,0.5937003650595921
156.3,-6079.869139241182,1143.5076078642883,143853.8259951267,-49.12595433796172,7.215587798840541,251.07245628779629,0.803878206971796,0.03604760628019857,-0.0015310987483190257,0.5936986223446211
156.4,-6084.781740638528,1144.2309542998132,143878.84643552173,-49.128920090930635,7.216443763819873,250.11579474401137,0.8038784318354534,0.036071241174850964,-0.0015331054990568294,0.5936968771834722
156.5,-6089.694513416299,1144.9543007353384,143903.86687591675,-49.13187963129051,7.217299728799206,249.15913320022648,0.8038786562458874,0.03609487627584088,-0.0015351122668681586,0.5936951316705118
156.60000000000002,-6094.608275863643,1145.6779702205624,143928.87284786758,-49.134802339588134,7.218155769569202,248.20247163382314,0.8038788785165026,0.03611851188706029,-0.001537119057614544,0.5936933880709108
156.70000000000002,-6099.522038310985,1146.4017805622618,143953.6208201803,-49.13772504788575,7.219011851257486,247.2458099900069,0.8038790986909805,0.03614214782905852,-0.0015391258871092729,0.5936916463363645
156.8,-6104.435800758329,1147.1255909039612,143978.16286894996,-49.14064775618338,7.219867943344034,246.28914827397344,0.8038793229617058,0.03616578418593559,-0.0015411327424308958,0.5936898980770315
156.9,-6109.349871434622,1147.8494012456606,144002.70491771962,-49.143560739787866,7.220724035430583,245.33248655793994,0.8038795483232497,0.0361894208037137,-0.001543139605675656,0.5936881473717132
157.0,-6114.264110350499,1148.5732115873598,144027.24696648927,-49.1464675107814,7.2215801275171305,244.37582484190648,0.8038797732315198,0.0362130576275989,-0.00154514648604103,0.593686396314449
157.10000000000002,-6119.179320519916,1149.2973450277061,144051.77454681208,-49.149337449701676,7.222436293714977,243.41916310365605,0.8038799960004311,0.0362366949512696,-0.0015471533894266824,0.593684647170318
157.20000000000002,-6124.094530689332,1150.0216193448343,144076.04412744695,-49.152207388621946,7.223292499909916,242.4625012895002,0.8038802166733566,0.03626033260637722,-0.0015491603307050995,0.5936828998907933
157.3,-6129.009740858747,1150.7458936619623,144100.10778449773,-49.15507732754222,7.224148716262389,241.50583940456437,0.8038804414417754,0.036283970677616954,-0.0015511672974864463,0.5936811460870702
157.4,-6133.925254799961,1151.4701679790903,144124.1714415485,-49.157937541766195,7.225004932614864,240.5491775196285,0.8038806673007379,0.036307609010531226,-0.0015531742726732523,0.5936793898374252
157.5,-6138.8409339089885,1152.1944422962185,144148.23509859928,-49.16079154337738,7.225861148967337,239.59251563469263,0.8038808927063721,0.036331247549475476,-0.001555181265027744,0.5936776332356966
157.60000000000002,-6143.757565855519,1152.9190397556897,144172.2842872011,-49.16360871290464,7.226717437912502,238.63585372787094,0.8038811159731055,0.03635488657787044,-0.0015571882804877285,0.5936758785468749
157.70000000000002,-6148.674197802046,1153.6437781103593,144196.0754760746,-49.1664258824319,7.227573766051997,237.67919174637683,0.8038813371439985,0.03637852593834971,-0.0015591953331680075,0.5936741257222208
157.8,-6153.590829748575,1154.3685164650287,144219.66074133123,-49.169243051959164,7.228430104152837,236.72252969527602,0.8038815624096172,0.03640216571621407,-0.0015612024112302782,0.5936723663739732
157.9,-6158.5077606045525,1155.0932548196984,144243.24600658787,-49.17205049678681,7.229286442253677,235.7658676441752,0.8038817887654678,0.03642580575652467,-0.0015632094981738235,0.5936706045799176
158.0,-6163.424853522037,1155.817993174368,144266.8312718445,-49.174851728999855,7.230142780354517,234.80920559307438,0.803882014667935,0.03644944600280518,-0.0015652166023321227,0.5936688424336403
158.10000000000002,-6168.342880860979,1156.5430547188125,144290.40206864986,-49.17761612911855,7.230999189326388,233.85254352043347,0.8038822384319804,0.03647308672757048,-0.0015672237296811675,0.5936670822000601
158.20000000000002,-6173.260908199919,1157.2682571780986,144313.71486568663,-49.18038052923724,7.231855636623701,232.89588137434785,0.8038824601003302,0.0364967277850437,-0.0015692308935983481,0.59366532383021
158.3,-6178.17893553886,1157.9934596373848,144336.82173907486,-49.18314492935593,7.232712093689218,231.93921915981122,0.8038826858626468,0.03652036926115517,-0.0015712380827898821,0.5936635589373608
158.4,-6183.097257532692,1158.7186620966709,144359.92861246306,-49.18589960477216,7.233568550754736,230.9825569452746,0.8038829127148897,0.03654401100048472,-0.0015732452813319916,0.5936617915988077
158.5,-6188.01573853353,1159.4438645559571,144383.0354858513,-49.18864806757204,7.234425007820254,230.025894730738,0.803883139113696,0.0365676529456961,-0.0015752524971359204,0.593660023907896
158.60000000000002,-6192.935135539775,1160.169390242153,144406.1278907862,-49.19135969826732,7.235281534353571,229.06923249503575,0.8038833633744435,0.03659129536003602,-0.0015772597362160119,0.593658258129533
158.70000000000002,-6197.854532546018,1160.895056858291,144428.96229591296,-49.194071328962586,7.236138098438699,228.1125701871915,0.8038835855395808,0.036614938107770965,-0.0015792670111788147,0.5936564942145407
158.8,-6202.773929552262,1161.6207234744288,144451.59077735821,-49.19678295965787,7.236994672088114,227.15590781211637,0.8038838117979324,0.03663858127539721,-0.0015812743112385006,0.5936547237771337
158.9,-6207.693615540655,1162.346390090567,144474.21925880347,-49.199484865646916,7.237851245737528,226.1992454370412,0.803884039145915,0.036662224707013726,-0.0015832816210986996,0.5936529508941144
159.0,-6212.61345736067,1163.072056706705,144496.84774024872,-49.20218055901781,7.238707819386943,225.2425830619661,0.8038842660404077,0.03668586834442004,-0.0015852889482677799,0.5936511776585986
159.10000000000002,-6217.534196770036,1163.7980465885296,144519.46175323802,-49.20483942027386,7.239564461122699,224.2859206660422,0.8038844907973418,0.0367095124408911,-0.001587296298798075,0.5936494063353475
159.20000000000002,-6222.4549361794025,1164.5241774173983,144541.8177663761,-49.20749828152992,7.240421139639132,223.3292581992582,0.8038847134588484,0.036733156871412063,-0.001589303684520888,0.5936476368749763
159.3,-6227.375675588768,1165.2503082462667,144563.96785579968,-49.210157142785974,7.241277827512338,222.3725956664849,0.8038849402128212,0.036756801723077305,-0.0015913110951395217,0.5936458608927698
159.4,-6232.296699320526,1165.9764390751354,144586.11794522326,-49.21280627933279,7.242134515385543,221.4159331337116,0.8038851680561208,0.03678044683950445,-0.001593318515996975,0.5936440824650537
159.5,-6237.217875794866,1166.7025699040041,144608.26803464684,-49.215449203259574,7.242991203258749,220.4592706009383,0.8038853954458779,0.03680409216163051,-0.0015953259542103699,0.5936423036847043
159.60000000000002,-6242.139931442498,1167.42902403799,144630.40365561238,-49.21805529506051,7.24384795775973,219.50260804766197,0.8038856206985255,0.036827737934008654,-0.0015973334158700084,0.5936405268163292
159.70000000000002,-6247.061987090129,1168.155619136081,144652.28127668693,-49.22066138686144,7.2447047482417934,218.54594542483304,0.803885843855915,0.036851384041136005,-0.0015993409120072524,0.5936387518103611
159.8,-6251.984042737759,1168.8822142341721,144673.9529740144,-49.223267478662365,7.245561547871896,217.5892827372634,0.8038860711051199,0.03687503057066482,-0.001601348432804155,0.5936369702830033
159.9,-6256.9063778454265,1169.6088093322633,144695.62467134185,-49.225863845751064,7.246418347501997,216.63262004969377,0.8038862994433853,0.03689867736572879,-0.0016033559642742083,0.593635186310188
160.0,-6261.828862589366,1170.3354044303544,144717.29636866934,-49.22845400021795,7.2472751471320995,215.6759573621241,0.80388652732805,0.03692232436659797,-0.0016053635131472424,0.5936334019845975
160.10000000000002,-6266.752208090531,1171.0623228720608,144738.9535975366,-49.23100732254857,7.248132011905823,214.71929465435386,0.8038867530760947,0.036945971806702324,-0.0016073710855517797,0.5936316195707786
160.20000000000002,-6271.675553591695,1171.7893822941899,144760.3528264733,-49.233560644879184,7.2489889119362605,213.76263187831097,0.8038869767290212,0.03696961958216154,-0.0016093786917431587,0.5936298390189384
160.3,-6276.59889909286,1172.5164417163192,144781.54613163092,-49.2361139672098,7.249845820965757,212.80596903877824,0.803887204472902,0.036993267781270274,-0.0016113863223804054,0.5936280519464406
160.4,-6281.522518786507,1173.2435011384482,144802.73943678848,-49.23865756482492,7.250702729995254,211.84930619924552,0.8038874333055278,0.03701691624668502,-0.0016133939641217415,0.5936262624286033
160.5,-6286.446284975578,1173.9705605605773,144823.93274194608,-49.24119494981653,7.251559639024752,210.8926433597128,0.8038876616845039,0.03704056491771981,-0.0016154016233131112,0.5936244725578556
160.60000000000002,-6291.370893505804,1174.6979433648737,144845.1115786412,-49.24369550266208,7.2524166117052244,209.93598050038264,0.803887887927367,0.03706421401761845,-0.0016174093061210764,0.5936226845986174
160.70000000000002,-6296.29550203603,1175.425467166224,144866.03241536595,-49.246196055507625,7.253273618777248,208.97931757412954,0.8038881120752934,0.03708786345352491,-0.0016194170220511037,0.5936208985008713
160.8,-6301.220110566254,1176.1529909675742,144886.74732828018,-49.24869660835317,7.254130634601406,208.02265458563858,0.8038883403134806,0.03711151331433517,-0.0016214247622346795,0.5936191058829713
160.9,-6306.144988831803,1176.8805147689243,144907.4622411944,-49.25118743648003,7.254987650425564,207.0659915971476,0.8038885696401269,0.03713516344222351,-0.0016234325139475162,0.59361731081981
161.0,-6311.070010520996,1177.6080385702744,144928.17715410862,-49.25367205198173,7.255844666249722,206.10932860865663,0.803888798513073,0.037158813775604406,-0.0016254402831574304,0.5936155154036018
161.10000000000002,-6315.995856135272,1178.3358857903283,144948.87759855847,-49.256119835328,7.256701744228889,205.15266560069958,0.8038890252503911,0.037182464527318534,-0.0016274480760691506,0.593613721898686
161.20000000000002,-6320.921701749546,1179.0638740226918,144969.32004300092,-49.25856761867427,7.257558855750456,204.1960025271205,0.8038892498929271,0.03720611561568429,-0.0016294559014602308,0.5936119302548127
161.3,-6325.847547363819,1179.791862255055,144989.55656360203,-49.26101540202053,7.258415975789428,203.239339392556,0.8038894786250063,0.03722976713020704,-0.0016314637509252906,0.5936101320913209
161.4,-6330.773657851055,1180.5198504874184,145009.79308420315,-49.263453460644875,7.259273095828401,202.28267625799148,0.8038897084452581,0.037253418912579744,-0.001633471612336723,0.593608331482648
161.5,-6335.699908655624,1181.2478387197816,145030.02960480427,-49.26588530664245,7.260130215867372,201.32601312342697,0.8038899378117568,0.037277070900402894,-0.0016354794912922684,0.5936065305207899
161.60000000000002,-6340.626964969195,1181.9761504064493,145050.251656939,-49.26828032047547,7.260987396564497,200.36934996974213,0.8038901650431165,0.03730072329653943,-0.001637487394034738,0.5936047314699744
161.70000000000002,-6345.554021282764,1182.7046031202508,145070.21570903654,-49.270675334308486,7.261844609986097,199.41268675143667,0.803890390179859,0.03732437602997989,-0.0016394953288365905,0.5936029342797369
161.8,-6350.481077596333,1183.4330558340525,145089.97383727125,-49.2730703481415,7.262701831712782,198.45602347303773,0.8038906194053775,0.0373480291908283,-0.001641503287778029,0.593601130570483
161.9,-6355.408393920502,1184.1615085478538,145109.73196550595,-49.27545563724968,7.263559053439466,197.49936019463877,0.8038908497187751,0.0373716826202981,-0.0016435112590739978,0.5935993244161374
162.0,-6360.335847455692,1184.8899612616553,145129.4900937407,-49.27783471372953,7.264416275166149,196.5426969162398,0.8038910795783692,0.03739533625511587,-0.0016455192479611141,0.5935975179084692
162.10000000000002,-6365.264088083797,1185.6187374647923,145149.2337535073,-49.280176958035916,7.26527355605395,195.58603361909516,0.8038913073032726,0.03741899028993709,-0.0016475272607201405,0.593595713311545
162.20000000000002,-6370.192328711902,1186.3476547097762,145168.71941319655,-49.28251920234229,7.2661308688082755,194.62937025885446,0.8038915329337332,0.0374426446627791,-0.0016495353047938151,0.5935939105747192
162.3,-6375.120569340006,1187.07657195476,145187.9991489877,-49.28486144664868,7.266988189626961,193.67270683999888,0.8038917626523303,0.03746629946428546,-0.0016515433726805484,0.5935921013193066
162.4,-6380.049065116348,1187.805489199744,145207.27888477882,-49.28719396622735,7.267845510445647,192.71604342114327,0.803891993458543,0.0374899545351859,-0.0016535514533211298,0.5935902896188504
162.5,-6384.977694997395,1188.534406444728,145226.55862056997,-49.28952027317618,7.268702831264333,191.75938000228768,0.8038922238108979,0.037513609811466564,-0.0016555595515998836,0.5935884775649316
162.60000000000002,-6389.907093555269,1189.2636472133001,145245.8238878907,-49.29180974794281,7.269560209747043,190.80271656500332,0.8038924520290074,0.037537265479201096,-0.0016575676738355843,0.5935866674214817
162.70000000000002,-6394.836492113142,1189.9930290381471,145264.83115509327,-49.294099222709434,7.270417619300978,189.84605306604522,0.8038926781528319,0.037560921485653,-0.0016595758267056422,0.5935848591376732
162.8,-6399.765890671016,1190.7224108629937,145283.63249836495,-49.29638869747607,7.271275036723083,188.88938950987725,0.8038929083640824,0.037584577922022654,-0.0016615840031235678,0.5935830443358038
162.9,-6404.695539514761,1191.4517926878405,145302.43384163664,-49.29866844751217,7.27213245414519,187.93272595370925,0.8038931396626718,0.03760823462855839,-0.0016635921926861235,0.5935812270889566
163.0,-6409.625319356896,1192.1811745126874,145321.23518490832,-49.30094198491695,7.272989871567296,186.97606239754128,0.8038933705073492,0.03763189154052664,-0.0016656003999338685,0.5935794094885062
163.10000000000002,-6414.555849459766,1192.9108798945274,145340.02205970782,-49.303178690131,7.273847345156316,186.0193988232903,0.803893599218164,0.037655548836612124,-0.0016676086312236208,0.5935775937982601
163.20000000000002,-6419.486379562635,1193.640726346724,145358.5509343543,-49.30541539534505,7.274704849025543,185.06273518869205,0.8038938258348273,0.0376792064721538,-0.001669616892563443,0.5935757799672299
163.3,-6424.416909665503,1194.3705727989206,145376.87388504122,-49.307652100559096,7.275562360569802,184.10607149815453,0.8038940565381533,0.03770286453886405,-0.0016716251772846652,0.5935739596187347
163.4,-6429.347685799674,1195.100419251117,145395.19683572813,-49.3098790810402,7.27641987211406,183.14940780761702,0.8038942883285325,0.03772652287651182,-0.0016736334755331642,0.5935721368253397
163.5,-6434.278589877725,1195.8302657033137,145413.519786415,-49.31209984888856,7.277277383658319,182.19274411707954,0.8038945196649456,0.03775018141962527,-0.0016756417915138625,0.5935703136782012
163.60000000000002,-6439.210225800413,1196.5604357450359,145431.8282686279,-49.31428378453786,7.278134949872376,181.23608040876155,0.8038947488679353,0.037773840337328224,-0.0016776501316218182,0.5935684924410705
163.70000000000002,-6444.141861723099,1197.2907468708315,145449.87875065024,-49.316467720187156,7.2789925455604525,180.27941664153926,0.8038949759768989,0.03779749959515225,-0.00167965850112852,0.5935666730627446
163.8,-6449.073497645785,1198.021057996627,145467.7233086814,-49.31865165583645,7.279850148719641,179.3227528198182,0.8038952071717146,0.03782115928539312,-0.001681666893759502,0.5935648471676143
163.9,-6454.005373927012,1198.7513691224226,145485.56786671252,-49.32082586674963,7.280707751878827,178.36608899809715,0.8038954394533075,0.037844819247343266,-0.0016836753002926281,0.5935630188276494
164.0,-6458.937374976729,1199.4816802482183,145503.41242474364,-49.3229938650286,7.281565355038015,177.40942517637615,0.803895671280881,0.03786847941479353,-0.0016856837246049614,0.5935611901338005
164.10000000000002,-6463.87008945498,1200.2123149874183,145521.24251429876,-49.32512503110039,7.282423011800873,176.45276133727805,0.8038959009754082,0.037892139949167084,-0.0016876921731297048,0.5935593633497313
164.20000000000002,-6468.802803933231,1200.9430908213412,145538.8146036309,-49.327256197172176,7.2832806973759725,175.49609744055854,0.8038961285760274,0.03791580082439179,-0.0016897006505525612,0.5935575384240619
164.3,-6473.735518411481,1201.6738666552642,145556.18076894662,-49.32938736324396,7.28413839021467,174.53943349051443,0.8038963602616811,0.03793946213328101,-0.0016917091510060714,0.593555706982257
164.4,-6478.668468588502,1202.404642489187,145573.54693426235,-49.3315088045771,7.284996083053366,173.5827695404703,0.8038965930338045,0.03796312371464969,-0.0016937176657289773,0.5935538730957255
164.5,-6483.601540444963,1203.1354183231097,145590.91309957806,-49.333624033274646,7.285853775892064,172.6261055904262,0.8038968253518547,0.0379867855015609,-0.0016957261982780923,0.5935520388551694
164.60000000000002,-6488.535307313853,1203.8665178064966,145608.26479641622,-49.3357024297571,7.2867115205671755,171.6694416233364,0.8038970555372358,0.03801044764758416,-0.0016977347551248095,0.5935502065241776
164.70000000000002,-6493.469074182743,1204.597758399411,145625.35849300158,-49.337780826239545,7.287569293147913,170.71277759984338,0.8038972836288214,0.038034110135183215,-0.00169974334039131,0.5935483760511892
164.8,-6498.402841051631,1205.3289989923253,145642.24626554636,-49.33985922272199,7.288427072783538,169.75611352418167,0.803897515804649,0.03805777305769541,-0.001701751948609192,0.5935465390626994
164.9,-6503.336838756921,1206.0602395852397,145659.13403809117,-49.34192789446318,7.289284852419163,168.79944944852,0.8038977490666499,0.03808143625345764,-0.001703760571456419,0.593544699629575
165.0,-6508.270955035333,1206.7914801781544,145676.02181063598,-49.34399035356744,7.290142632054788,167.8427853728583,0.80389798187452,0.038105099654959985,-0.001705769212176848,0.5935428598422816
165.10000000000002,-6513.205747910065,1207.5230444538663,145692.89511470144,-49.346015980448875,7.291000461847496,166.88612128049672,0.8038982125500751,0.038128763408367725,-0.001707777877280054,0.5935410219643328
165.20000000000002,-6518.140540784795,1208.2547498528977,145709.51041848303,-49.348041607330316,7.291858318753803,165.92945713301532,0.8038984411319351,0.03815242750408277,-0.0017097865703042585,0.5935391859440068
165.3,-6523.075333659525,1208.986455251929,145725.919798199,-49.35006723421175,7.292716182566047,164.9727929345857,0.8038986737972657,0.03817609203596105,-0.0017117952861654523,0.5935373434087846
165.4,-6528.010352508286,1209.7181606509607,145742.329177915,-49.352083136349385,7.293574046378289,164.01612873615605,0.8038989075484881,0.03819975684186056,-0.0017138040170088617,0.5935354984290001
165.5,-6532.945486823849,1210.449866049992,145758.73855763098,-49.35409282584877,7.294431910190532,163.05946453772643,0.8038991408455286,0.03822342185346746,-0.0017158127657724747,0.5935336530949071
165.60000000000002,-6537.881279319619,1211.1818951611895,145775.13346886617,-49.3560656831178,7.295289822641269,162.1028003229427,0.80389937201062,0.03824708720929858,-0.0017178215390040938,0.5935318096699581
165.70000000000002,-6542.817071815388,1211.9140654080538,145791.27037978786,-49.35803854038683,7.29614776133148,161.14613605434107,0.8038996010821227,0.03827075290817372,-0.0017198303396603054,0.593529968102242
165.8,-6547.752864311156,1212.6462356549184,145807.20136661903,-49.36001139765586,7.29700570668072,160.18947173603317,0.8038998342363562,0.038294419044462444,-0.0017218391630309578,0.5935281200201913
165.9,-6552.688877918582,1213.3784059017828,145823.1323534502,-49.361974530178585,7.29786365202996,159.23280741772527,0.8039000684761992,0.03831808545554341,-0.0017238480017297945,0.5935262694936516
166.0,-6557.625003886492,1214.1105761486474,145839.06334028137,-49.363931450061784,7.2987215973792,158.27614309941737,0.8039003022618085,0.038341752072341785,-0.0017258568583958319,0.5935244186126636
166.10000000000002,-6562.561769618491,1214.8430701391574,145854.97985862984,-49.365851537707314,7.299579589645288,157.31947876510122,0.803900533915822,0.03836541902596937,-0.0017278657396151069,0.5935225696406196
166.20000000000002,-6567.498535350489,1215.5757052783458,145870.63837663308,-49.367771625352844,7.300437607223446,156.3628143782751,0.8039007634763471,0.038389086323383975,-0.001729874647772572,0.5935207225254271
166.3,-6572.435301082487,1216.3083404175343,145886.09097052133,-49.36969171299838,7.301295631225914,155.40614994299173,0.8039009971189899,0.03841275405946851,-0.0017318835785231905,0.5935188688962897
166.4,-6577.372283063768,1217.0409755567225,145901.54356440957,-49.37160207589516,7.302153655228381,154.4494855077084,0.8039012318470015,0.038436422071118206,-0.001733892524941359,0.5935170128226794
166.5,-6582.309374299212,1217.7736106959107,145916.99615829784,-49.373506226151164,7.303011679230849,153.49282107242507,0.8039014661207257,0.03846009028856247,-0.0017359014893737186,0.5935151563944788
166.60000000000002,-6587.247086882627,1218.5065696031015,145932.4342837019,-49.37537354416239,7.303869748746941,152.53615662147925,0.8039016982631386,0.0384837588357988,-0.0017379104784447622,0.5935133018750959
166.70000000000002,-6592.184799466039,1219.2396696688568,145947.61440873763,-49.377240862173615,7.304727842789654,151.57949211902448,0.80390192831211,0.038507427727575504,-0.0017399194941408887,0.5935114492122546
166.8,-6597.122512049451,1219.9727697346123,145962.5886096414,-49.37910818018484,7.305585943044358,150.62282756900396,0.8039021624424597,0.03853109705927256,-0.0017419285324999194,0.5935095900360277
166.9,-6602.060436019772,1220.7058698003675,145977.5628105451,-49.38096577344493,7.306444043299062,149.6661630189835,0.803902397657913,0.03855476666730648,-0.0017439375868593314,0.5935077284153776
167.0,-6606.998466137936,1221.4389698661228,145992.53701144885,-49.38281715406302,7.307302143553766,148.709498468963,0.8039026324190269,0.038578436481163915,-0.0017459466592799283,0.5935058664399961
167.10000000000002,-6611.937099187945,1222.1723937250335,146007.49674386685,-49.38463170242943,7.308160287940645,147.75283390362583,0.8039028650492009,0.03860210661779817,-0.0017479557564243223,0.5935040063731906
167.20000000000002,-6616.875732237952,1222.9059587535876,146022.1984758839,-49.38644625079584,7.309018456036278,146.79616928828398,0.8039030955860554,0.03862577709972522,-0.0017499648796246792,0.5935021481625149
167.3,-6621.814365287959,1223.6395237821419,146036.69428374103,-49.38826079916225,7.309876630103181,145.8395046268542,0.803903330203784,0.03864944802283392,-0.0017519740252503202,0.5935002834386945
167.4,-6626.753204862498,1224.373088810696,146051.19009159814,-49.390065622775175,7.310734804170085,144.8828399654244,0.8039035659063998,0.038673119223053415,-0.0017539831872029903,0.5934984162704341
167.5,-6631.6921474785595,1225.1066538392502,146065.68589945527,-49.39186423374492,7.311592978236988,143.92617530399463,0.8039038011546212,0.03869679062923354,-0.0017559923672638327,0.5934965487472986
167.60000000000002,-6636.631674610338,1225.8405426862778,146080.16723882518,-49.393626012456295,7.31245119497751,142.96951062759396,0.8039040342722437,0.03872046235164222,-0.0017580015721336193,0.5934946831325104
167.70000000000002,-6641.571201742116,1226.574572713882,146094.39057776364,-49.395387791167664,7.313309434644853,142.0128459026304,0.8039042652966488,0.038744134420103465,-0.0017600108025410154,0.5934928193734675
167.8,-6646.510728873893,1227.308602741486,146108.4079925165,-49.39714956987903,7.314167680087278,141.05618113298377,0.8039045004014186,0.03876780693100778,-0.0017620200551854432,0.5934909491015266
167.9,-6651.450457667825,1228.04263276909,146122.42540726933,-49.398901623834625,7.315025925529703,140.09951636333716,0.8039047365908591,0.03879147971979679,-0.0017640293244774621,0.5934890763851282
168.0,-6656.390286396957,1228.7766627966944,146136.44282202222,-49.4006474651459,7.315884170972128,139.14285159369055,0.8039049723258502,0.03881515271469986,-0.0017660386119246326,0.5934872033137109
168.10000000000002,-6661.330681225675,1229.5110166671857,146150.44576828636,-49.4023564741923,7.316742457603912,138.18618680941884,0.8039052059305511,0.03883882601949425,-0.001768047924265992,0.5934853321504444
168.20000000000002,-6666.271076054393,1230.245511728571,146164.19071409176,-49.404065483238696,7.317600766375961,137.22952197791096,0.8039054374421133,0.038862499671108705,-0.001770057261703234,0.5934834628425698
168.3,-6671.2114708831095,1230.9800067899562,146177.72973568918,-49.4057744922851,7.318459080729953,136.27285710299083,0.8039056730335113,0.03888617376642667,-0.0017720666212689916,0.5934815870220695
168.4,-6676.152062511603,1231.7145018513415,146191.2687572866,-49.40747377657347,7.319317395083945,135.31619222807072,0.8039059097093606,0.038909848140402985,-0.0017740759977969936,0.5934797087570981
168.5,-6681.092750968974,1232.4489969127267,146204.80777888402,-49.409166848216415,7.320175709437937,134.3595273531506,0.8039061459307058,0.03893352272063193,-0.0017760853925271314,0.5934778301369642
168.60000000000002,-6686.033987109798,1233.1838158411026,146218.33233199135,-49.410823087588184,7.321034063488463,133.4028624639512,0.8039063800220828,0.038957197604535275,-0.0017780948122366321,0.5934759534247622
168.70000000000002,-6690.975223250619,1233.9187759707277,146231.598884611,-49.41247932695997,7.321892438874556,132.4461975289883,0.8039066120204132,0.0389808728360306,-0.001780104256549648,0.5934740785675797
168.8,-6695.916459391442,1234.6537361003527,146244.65951299827,-49.41413556633174,7.3227508196386735,131.489532552054,0.8039068480981563,0.03900454851249479,-0.001782113722813729,0.5934721971979003
168.9,-6700.85788746966,1235.388696229978,146257.72014138554,-49.4157820809433,7.323609200402791,130.5328675751197,0.8039070852601705,0.039028224468392915,-0.0017841232063483632,0.5934703133836824
169.0,-6705.799409270434,1236.123656359603,146270.7807697728,-49.417422382908356,7.324467581166909,129.57620259818538,0.803907321967626,0.039051900630683624,-0.0017861327081321108,0.5934684292141578
169.10000000000002,-6710.741460338522,1236.8589403731291,146283.8269296686,-49.41902585259614,7.32532600056215,128.61953760731762,0.8039075565453889,0.03907557709060358,-0.0017881422349805636,0.5934665469524006
169.20000000000002,-6715.68351140661,1237.594365595317,146296.61508905256,-49.42062932228393,7.326184440631433,127.66287257193018,0.8039077890301612,0.03909925389889629,-0.0017901517860605173,0.5934646665453388
169.3,-6720.625562474698,1238.3297908175045,146309.19732418485,-49.422232791971716,7.3270428858712275,126.70620749574563,0.803908025593902,0.03912293115342215,-0.00179216135903605,0.5934627796259356
169.4,-6725.5678006178005,1239.0652160396921,146321.77955931713,-49.423826536897145,7.327901331111024,125.74954241956108,0.8039082632417062,0.039146608688156094,-0.0017941709495790596,0.5934608902619649
169.5,-6730.510129377136,1239.8006412618797,146334.3617944494,-49.425414069175034,7.328759776350819,124.79287734337655,0.8039085004348964,0.03917028642942958,-0.0017961805584181623,0.5934590005425429
169.60000000000002,-6735.452968987645,1240.5363903935172,146346.9295610889,-49.42696476916975,7.329618258455723,123.8362122536044,0.8039087354986587,0.03919396446247228,-0.0017981901924073323,0.5934571127307295
169.70000000000002,-6740.395808598154,1241.272280744143,146359.23932719338,-49.428515469164466,7.3304767603284855,122.8795471205407,0.8039089684694793,0.039217642844674834,-0.0018001998502753143,0.5934552267732958
169.8,-6745.338648208663,1242.0081710947688,146371.34316902776,-49.43006616915918,7.331335267163051,121.92288194783599,0.8039092055188986,0.03924132167437836,-0.0018022095299875106,0.5934533343035754
169.9,-6750.281670031805,1242.7440614453944,146383.44701086218,-49.43160714438946,7.332193773997616,120.96621677513127,0.8039094436521941,0.03926500078506513,-0.0018042192275525132,0.5934514393892287
170.0,-6755.224779364855,1243.47995179602,146395.5508526966,-49.4331419069711,7.333052280832182,120.00955160242655,0.8039096813308175,0.03928868010256237,-0.001806228943460583,0.5934495441192835
170.10000000000002,-6760.168381132937,1244.2161660795655,146407.64022603692,-49.43463983726332,7.333910822852989,119.05288641648005,0.8039099168802653,0.03931235970648169,-0.0018082386846040403,0.5934476507567731
170.20000000000002,-6765.111982901017,1244.9525215917324,146419.47159881884,-49.43613776755555,7.3347693838497925,118.09622118852559,0.8039101503368169,0.03933603966035407,-0.0018102484492595876,0.5934457592483307
170.3,-6770.055584669098,1245.6888771038998,146431.09704731172,-49.43763569784777,7.335627949659447,117.13955592215068,0.8039103878715015,0.03935972006299114,-0.0018122582356780836,0.5934438612277847
170.4,-6774.9993637874295,1246.425232616067,146442.7224958046,-49.43912390337351,7.336486515469101,116.18289065577578,0.8039106264898637,0.03938340074738599,-0.001814268040226301,0.5934419607625703
170.5,-6779.943227309344,1247.1615881282344,146454.34794429748,-49.440605896249565,7.337345081278755,115.22622538940087,0.8039108646535009,0.03940708163868731,-0.0018162778631645709,0.5934400599416139
170.60000000000002,-6784.887564850145,1247.8982675937027,146465.95892429506,-49.4420510568302,7.338203680756007,114.26956011013003,0.8039111006882222,0.03943076281074476,-0.0018182877114235926,0.5934381610279309
170.70000000000002,-6789.831902390944,1248.6350882963206,146477.31190371126,-49.443496217410846,7.339062298335106,113.31289479015325,0.8039113346300992,0.03945444433355385,-0.0018202975828322376,0.593436263967996
170.8,-6794.7762399317435,1249.3719089989386,146488.4589588197,-49.44494137799148,7.339920920480154,112.35622943299816,0.8039115726497662,0.039478126306396404,-0.0018223074759197051,0.5934343603959743
170.9,-6799.720749960411,1250.1087297015565,146499.60601392816,-49.446376813803646,7.340779542625201,111.39956407584306,0.8039118117529329,0.0395018085617723,-0.0018243173874087765,0.5934324543792125
171.0,-6804.665341286335,1250.8455504041742,146510.75306903664,-49.447806036965154,7.341638164770247,110.44289871868796,0.8039120504013207,0.03952549102419593,-0.001826327317334885,0.5934305480065638
171.10000000000002,-6809.610388214996,1251.5826950815947,146521.88565564863,-49.4491984278258,7.342496818861099,109.48623334898275,0.8039122869210383,0.039549173762009636,-0.0018283372726671178,0.593428643541029
171.20000000000002,-6814.555435143656,1252.319981005022,146532.76024165688,-49.45059081868644,7.343355490126318,108.52956793987984,0.8039125213479559,0.03957285685138023,-0.0018303472507971226,0.593426740928932
171.3,-6819.500482072315,1253.0572669284495,146543.42890333926,-49.45198320954708,7.344214165722745,107.57290249484788,0.8039127598523312,0.039596540392053764,-0.001832357250529003,0.5934248318047491
171.4,-6824.44569622126,1253.794552851877,146554.0975650216,-49.453365875637154,7.345072841319172,106.61623704981591,0.803912999440043,0.039620224216036906,-0.0018343672689311475,0.5934229202357347
171.5,-6829.390988526598,1254.531838775304,146564.76622670394,-49.45474232907564,7.3459315169155985,105.65957160478395,0.8039132385729199,0.03964390824727032,-0.0018363773058173096,0.5934210083106869
171.60000000000002,-6834.336718018522,1255.2694486899086,146575.4204198886,-49.45608195020822,7.346790223054562,104.70290614754772,0.8039134755773191,0.039667592548879894,-0.0018383873681951347,0.5934190982926448
171.70000000000002,-6839.282447510445,1256.0071998571495,146585.8166124518,-49.45742157134081,7.347648945582412,103.74624065191496,0.803913710488921,0.03969127720286146,-0.001840397453162575,0.5934171901277847
171.8,-6844.228177002367,1256.7449510243905,146596.00688067655,-49.45876119247339,7.348507672229136,102.78957512124477,0.8039139494776558,0.039714962309416096,-0.0018424075598178773,0.5934152754508282
171.9,-6849.174069257388,1257.4827021916312,146606.19714890132,-49.460091088833664,7.34936639887586,101.83290959057459,0.8039141895495684,0.039738647700056855,-0.0018444176854094236,0.5934133583289419
172.0,-6854.120036597013,1258.220453358872,146616.38741712604,-49.46141477254152,7.350225125522584,100.87624405990441,0.8039144291665913,0.039762333298120615,-0.0018464278295319758,0.5934114408508764
172.10000000000002,-6859.066422707069,1258.958528533936,146626.56321685208,-49.46270162393868,7.351083881330382,99.91957851737581,0.8039146666553834,0.039786019161640714,-0.0018484379992315,0.5934095252796304
172.20000000000002,-6864.012808817125,1259.696744968957,146636.48101593344,-49.46398847533584,7.351942652709189,98.96291293795518,0.8039149020514306,0.03980970537834984,-0.0018504481911267986,0.5934076115612437
172.3,-6868.959194927181,1260.4349614039781,146646.19289065577,-49.46527532673299,7.3528014279661456,98.0062473249751,0.8039151415243664,0.0398333920489061,-0.0018524584045757837,0.5934056913306404
172.4,-6873.905738937946,1261.1731778389992,146655.90476537813,-49.46655245335597,7.353660203223104,97.04958171199505,0.8039153820803384,0.039857079004325786,-0.0018544686372243362,0.5934037686549858
172.5,-6878.852354926992,1261.9113942740205,146665.61664010046,-49.46782336732571,7.354518978480061,96.09291609901497,0.8039156221813637,0.03988076616741915,-0.0018564788884508775,0.5934018456230039
172.60000000000002,-6883.799371270312,1262.649934733355,146675.314046323,-49.46905744898015,7.355377781439524,95.13625047452236,0.8039158601543747,0.03990445359145722,-0.0018584891653397491,0.5933999244976709
172.70000000000002,-6888.746387613631,1263.3886164597443,146684.753451879,-49.470291530634604,7.356236599188062,94.17958481457961,0.8039160960346734,0.03992814136950974,-0.0018604994640835282,0.5933980052249
172.8,-6893.693403956949,1264.1272981861332,146693.98693305723,-49.47152561228905,7.357095420618563,93.22291912248248,0.8039163359916217,0.03995182960268407,-0.001862509784303972,0.593396079439785
172.9,-6898.640573946389,1264.8659799125226,146703.22041423546,-49.47274996916761,7.357954242049065,92.26625343038533,0.8039165770314671,0.039975518121499326,-0.0018645201239844953,0.5933941512094927
173.0,-6903.587812859587,1265.6046616389117,146712.4538954137,-49.47396811339214,7.358813063479566,91.30958773828819,0.8039168176163082,0.03999920684825138,-0.001866530482289995,0.5933922226227246
173.10000000000002,-6908.535433710902,1266.3436674052177,146721.67290809113,-49.47514942529696,7.359671911128304,90.35292203502433,0.803917056073332,0.04002289583133383,-0.0018685408663432993,0.5933902959424703
173.20000000000002,-6913.483054562214,1267.0828144451389,146730.6339200826,-49.47633073720179,7.3605307727795575,89.39625629763721,0.8039172924376544,0.04004658516925322,-0.0018705512719783862,0.59338837111451
173.3,-6918.430675413527,1267.82196148506,146739.38900768026,-49.47751204910662,7.361389637919638,88.43959052936658,0.8039175328784429,0.04007027496357199,-0.0018725616990874494,0.5933864397740012
173.4,-6923.378444238176,1268.5611085249814,146748.14409527797,-49.47868363623334,7.362248503059718,87.48292476109599,0.8039177744020042,0.040093965044309905,-0.0018745721459142532,0.5933845059881693
173.5,-6928.32627881118,1269.3002555649023,146756.89918287564,-49.47984901070521,7.363107368199797,86.52625899282538,0.803918015470504,0.040117655333237634,-0.0018765826114130217,0.593382571845713
173.60000000000002,-6933.27447690614,1270.0397266598047,146765.6398019716,-49.480977552853155,7.363966258065275,85.56959321376274,0.8039182544113516,0.0401413458749011,-0.001878593102745004,0.5933806396096113
173.70000000000002,-6938.222675001098,1270.7793390347479,146774.1224203613,-49.48210609500109,7.364825161128565,84.61292740206923,0.8039184912595084,0.04016503677226056,-0.00188060361535961,0.5933787092255337
173.8,-6943.170873096056,1271.5189514096912,146782.39911434005,-49.483234637149025,7.365684067476764,83.65626156093322,0.8039187321839314,0.04018872812729613,-0.0018826141494104971,0.5933767723287248
173.9,-6948.11921450456,1272.2585637846344,146790.67580831877,-49.48435345451726,7.366542973824961,82.6995957197972,0.8039189741910107,0.04021241976952954,-0.001884624703433879,0.5933748329864348
174.0,-6953.0676185723605,1272.9981761595777,146798.95250229753,-49.485466059229914,7.36740188017316,81.74292987866119,0.8039192157429714,0.04023611162020841,-0.0018866352761762188,0.5933728932873717
174.10000000000002,-6958.016367745953,1273.738112599819,146807.2147277736,-49.48654183161456,7.368260810181333,80.78626402705018,0.8039194551674165,0.04025980372000091,-0.0018886458748373245,0.5933709554945462
174.20000000000002,-6962.965116919545,1274.4781903245878,146815.21895252672,-49.48761760399922,7.369119752725787,79.8295981440326,0.8039196924991552,0.0402834961763496,-0.0018906564945659298,0.5933690195535096
174.3,-6967.913866093138,1275.2182680493565,146823.0172528555,-49.488693376383864,7.3699786983476345,78.87293223274692,0.8039199339070436,0.0403071890916554,-0.0018926671357863622,0.5933670770994439
174.4,-6972.862753717884,1275.9583457741253,146830.81555318428,-49.48975942398715,7.370837643969484,77.91626632146122,0.8039201763974775,0.04033088229493804,-0.0018946777972311069,0.5933651321997319
174.5,-6977.811700895601,1276.698423498894,146838.61385351306,-49.490819258934145,7.371696589591332,76.95960041017555,0.8039204184327353,0.04035457570692936,-0.001896688477441807,0.5933631869430973
174.60000000000002,-6982.760974762943,1277.4388253044222,146846.3976853384,-49.49184226154924,7.372555557107061,76.00293448876074,0.8039206583405802,0.04037826936513105,-0.0018986991836568317,0.5933612435925817
174.70000000000002,-6987.710248630286,1278.1793684006707,146853.92351642562,-49.49286526416434,7.373414536252855,75.04626853716762,0.8039208961556915,0.040401963380774446,-0.0019007099107432733,0.5933593020936333
174.8,-6992.659522497627,1278.9199114969192,146861.2434230759,-49.49388826677943,7.374273518267333,74.08960255846257,0.8039211380468693,0.04042565785665778,-0.0019027206593944693,0.5933573540813117
174.9,-6997.6089295485335,1279.6604545931677,146868.5633297262,-49.4949015446114,7.375132500281811,73.13293657975754,0.8039213810204958,0.040449352621297736,-0.0019047314285187973,0.593355403623159
175.0,-7002.5583930115445,1280.4009976894165,146875.88323637645,-49.49590860978639,7.375991482296289,72.17627060105251,0.8039216235388857,0.04047304759500105,-0.0019067422164560806,0.593353452807932
175.10000000000002,-7007.508164748015,1281.1418648801723,146883.18867452227,-49.49687884262574,7.376850484525722,71.21960461252095,0.8039218639299784,0.04049674281144633,-0.0019087530304833292,0.5933515038987275
175.20000000000002,-7012.457936484484,1281.8828733672412,146890.23611191346,-49.49784907546509,7.377709497593332,70.26293859506535,0.803922102228302,0.04052043838619114,-0.0019107638651840253,0.5933495568408811
175.3,-7017.407708220954,1282.6238818543102,146897.07762485484,-49.498819308304434,7.378568513380672,69.30627255171851,0.8039223446026551,0.04054413442246157,-0.0019127747215152361,0.593347603269254
175.4,-7022.357608683795,1283.364890341379,146903.91913779624,-49.499779816359215,7.3794275291680105,68.34960650837166,0.8039225880593783,0.04056783074826936,-0.0019147855985652742,0.593345647251585
175.5,-7027.307562486948,1284.1058988284478,146910.76065073762,-49.50073411175636,7.380286544955349,67.39294046502482,0.8039228310608088,0.040591527283369115,-0.0019167964944752825,0.5933436908766929
175.60000000000002,-7032.257806147393,1284.8472314214625,146917.58769517383,-49.501651574814275,7.381145579438962,66.436274412255,0.8039230719350257,0.040615224058410435,-0.0019188074165609058,0.5933417364077256
175.70000000000002,-7037.208049807838,1285.5887053155343,146924.1567388404,-49.502569037872185,7.382004623886583,65.47960833190255,0.8039233107164327,0.040638921192645124,-0.0019208183591343327,0.5933397837899118
175.8,-7042.158293468281,1286.330179209606,146930.5198580447,-49.50348650093011,7.382863670807022,64.52294222690111,0.8039235535738879,0.0406626187896935,-0.0019228293234130605,0.593337824657833
175.9,-7047.108660992704,1287.0716531036776,146936.88297724898,-49.50439423920189,7.38372271772746,63.56627612189967,0.8039237975136482,0.040686316677060796,-0.001924840308652948,0.593335863079483
176.0,-7052.05907875111,1287.8131269977494,146943.24609645328,-49.50529576481542,7.384581764647899,62.60961001689823,0.8039240409980585,0.04071001477398021,-0.0019268513127998243,0.5933339011437595
176.10000000000002,-7057.009767950638,1288.5549250093009,146949.59474715166,-49.506160458086256,7.385440828542783,61.65294390280527,0.8039242823553198,0.040733713108237556,-0.0019288623432080273,0.5933319411138769
176.20000000000002,-7061.960457150164,1289.2968643266252,146955.6853970659,-49.5070251513571,7.3862999014741995,60.6962777624282,0.8039245216197171,0.0407574118025872,-0.0019308733939369586,0.5933299829349601
176.3,-7066.91114634969,1290.0388036439492,146961.57012250595,-49.50788984462794,7.387158976643705,59.73961159865156,0.8039247649602268,0.040781110961041284,-0.0019328844664617112,0.5933280182412312
176.4,-7071.861955158602,1290.7807429612735,146967.45484794598,-49.50874481311131,7.3880180518132095,58.78294543487492,0.8039250093829945,0.040804810410596803,-0.0019348955601862625,0.5933260511009767
176.5,-7076.812811146972,1291.5226822785978,146973.33957338604,-49.50959356893581,7.388877126982715,57.82627927109827,0.8039252533503534,0.0408285100700119,-0.0019369066728648287,0.5933240836031971
176.60000000000002,-7081.763920160292,1292.2649457217906,146979.20983031936,-49.51040549241431,7.389736217723363,56.86961309857598,0.8039254951905997,0.040852209964409254,-0.001938917811890516,0.5933221180111962
176.70000000000002,-7086.7150291736125,1293.0073504741272,146984.82208645745,-49.5112174158928,7.390595316715052,55.91294690077084,0.8039257349379072,0.04087591021980379,-0.0019409289711585609,0.5933201542700006
176.8,-7091.666138186931,1293.7497552264638,146990.22841811317,-49.512029339371296,7.391454417732499,54.95628068045783,0.8039259787614449,0.04089961094059668,-0.001942940152409574,0.5933181840133717
176.9,-7096.617361136841,1294.4921599788001,146995.63474976888,-49.51283153806056,7.392313518749946,53.99961446014481,0.8039262236672094,0.04092331195327445,-0.0019449513550948466,0.5933162113099401
177.0,-7101.5686280908085,1295.2345647311367,147001.04108142463,-49.51362752409034,7.393172619767393,53.042948239831794,0.8039264681175067,0.040947013176110096,-0.0019469625767811708,0.5933142382488319
177.10000000000002,-7106.52012965355,1295.9772936174738,147006.43294457308,-49.514386677770865,7.394031734974476,52.08628201114785,0.8039267104407058,0.04097071463229103,-0.0019489738249003675,0.5933122670934209
177.20000000000002,-7111.47163121629,1296.720163816512,147011.56680691158,-49.515145831451406,7.39489085761469,51.12961575870536,0.8039269506708911,0.04099441645040013,-0.001950985093087639,0.5933102977886531
177.3,-7116.42313277903,1297.4630340155502,147016.4947447546,-49.51590498513194,7.395749982039923,50.17294948523311,0.803927194977483,0.04101811873520471,-0.0019529963833256356,0.5933083219677502
177.4,-7121.374743618568,1298.2059042145881,147021.4226825976,-49.516654414021836,7.3966091064651565,49.216283211760846,0.8039274403662863,0.04104182131267859,-0.001955007695227482,0.5933063436997457
177.5,-7126.3263953731,1298.9487744136263,147026.35062044061,-49.51739763025166,7.39746823089039,48.25961693828858,0.8039276852995618,0.041065524100678034,-0.001957019026177423,0.5933043650739112
177.60000000000002,-7131.278263320231,1299.691968754336,147031.2640897757,-49.51810401412909,7.3983273680466395,47.30295065676245,0.8039279281057196,0.04108922712071145,-0.0019590303836460815,0.593302388353716
177.70000000000002,-7136.230131267361,1300.4353044110135,147035.91955828745,-49.518810398006515,7.399186511854037,46.34617098116423,0.8039281688187648,0.04111293050361086,-0.001961041761057553,0.5933004134840326
177.8,-7141.181999214492,1301.1786400676915,147040.36910229205,-49.519516781883944,7.4000456572502475,45.389379070325965,0.8039284136084534,0.04113663435450655,-0.001963053160635313,0.5932984320974293
177.9,-7146.133971576022,1301.9219757243693,147044.8186462966,-49.52021344096928,7.400904802646458,44.43258715948771,0.8039286594803561,0.04116033849885702,-0.0019650645821007043,0.5932964482634001
178.0,-7151.085981746218,1302.665311381047,147049.2681903012,-49.520903887393956,7.401763948042669,43.475795242635556,0.8039289048966689,0.041184042854126496,-0.0019670760226612382,0.5932944640713861
178.10000000000002,-7156.038189692836,1303.4089711861966,147053.70326579738,-49.521557501463136,7.402623104685563,42.51900332535378,0.8039291481857997,0.0412077474407386,-0.001969087489826419,0.5932924817849726
178.20000000000002,-7160.9903976394535,1304.1527723101249,147057.88034045906,-49.52221111553231,7.403482267192988,41.56221139231578,0.8039293893816951,0.04123145239117595,-0.001971098976871328,0.5932905013489703
178.3,-7165.94260558607,1304.8965734340534,147061.85149060393,-49.52286472960149,7.404341431096066,40.605419440924294,0.8039296346545357,0.041255157810914204,-0.001973110486259132,0.5932885143951723
178.4,-7170.894912679492,1305.6403745579817,147065.8226407488,-49.523508618877,7.405200594999144,39.64862748953281,0.8039298810096135,0.041278863524893905,-0.0019751220177512234,0.5932865249935962
178.5,-7175.8472544407105,1306.38417568191,147069.79379089366,-49.52414629549128,7.406059758902222,38.691835532670915,0.8039301269090389,0.04130256945019943,-0.0019771335683855177,0.5932845352338801
178.60000000000002,-7180.799775562173,1307.1283009603435,147073.7504725295,-49.52474713974694,7.406918932559068,37.735043575418196,0.803930370681181,0.041326275606200134,-0.001979145145710563,0.5932825473797722
178.70000000000002,-7185.752296683635,1307.8725675600592,147077.44915331874,-49.52534798400261,7.407778111275677,36.77825160364652,0.8039306123599327,0.041349982126988594,-0.0019811567428846422,0.5932805613760167
178.8,-7190.704817805096,1308.616834159775,147080.9419095811,-49.525948828258265,7.408637291183991,35.82145961496253,0.8039308581160026,0.041373689118386694,-0.0019831683626016267,0.5932785688534927
178.9,-7195.657433616165,1309.361100759491,147084.4346658435,-49.52653994771896,7.4094964710923055,34.864667626278546,0.8039311049543538,0.041397396404814185,-0.0019851800046306075,0.5932765738828086
179.0,-7200.6100810232365,1310.1053673592066,147087.9274221059,-49.52712485451783,7.41035565100062,33.90787563266766,0.8039313513369892,0.04142110390300114,-0.0019871916658488645,0.5932745785538279
179.10000000000002,-7205.562889374373,1310.8499581184435,147091.40570985878,-49.527672928954935,7.411214839166917,32.95108363870476,0.8039315955921956,0.04144481163218831,-0.001989203353843984,0.5932725851304573
179.20000000000002,-7210.515697725508,1311.5946902009664,147094.62599675602,-49.52822100339205,7.412074031582148,31.994291631231288,0.8039318377538417,0.04146851972715784,-0.0019912150617244226,0.5932705935573978
179.3,-7215.468506076642,1312.339422283489,147097.6403591189,-49.52876907782915,7.412933224981536,31.03749960802011,0.8039320839932537,0.04149222829405016,-0.0019932267924075557,0.5932685954644933
179.4,-7220.421404254987,1313.084154366012,147100.65472148178,-49.52930742746986,7.413792418380925,30.080707584808934,0.8039323313150144,0.041515937156761246,-0.0019952385455989253,0.5932665949230141
179.5,-7225.374330923004,1313.8288864485348,147103.66908384467,-49.529839564448146,7.4146516117803145,29.123915557214378,0.8039325781809951,0.04153964623170087,-0.001997250318026656,0.5932645940230806
179.60000000000002,-7230.327400118902,1314.5739426947198,147106.66897769764,-49.5303348690614,7.415510811940934,28.167123529306604,0.8039328229193586,0.0415633555385201,-0.001999262117317436,0.5932625950287748
179.70000000000002,-7235.280469314799,1315.3191402658244,147109.4108706866,-49.53083017367465,7.416370015537625,27.210331488881025,0.8039330655639699,0.041587065212135156,-0.002001273936575116,0.5932605978847663
179.8,-7240.233538510697,1316.0643378369289,147111.9468391344,-49.5313254782879,7.417229219909724,26.25353943387412,0.8039333122868744,0.04161077535899091,-0.0020032857789241874,0.5932585942197269
179.9,-7245.186693279205,1316.809535408033,147114.48280758222,-49.5318110581035,7.418088424281823,25.296747378867217,0.8039335600922217,0.04163448580245644,-0.0020052976439627664,0.5932565881056614
180.0,-7250.13987348286,1317.5547329791375,147117.01877603002,-49.532290425256065,7.418947628653922,24.339955320020476,0.8039338074417219,0.04165819645867743,-0.002007309528284804,0.5932545816329818
180.10000000000002,-7255.093177798214,1318.3002547172168,147119.54027596745,-49.532732960040136,7.419806838290164,23.38316326089932,0.8039340526633587,0.04168190734856082,-0.002009321439556164,0.5932525770659633
180.20000000000002,-7260.0464821135665,1319.0459177815187,147121.80377503278,-49.533175494824214,7.420666050548927,22.426371190308547,0.8039342957910215,0.0417056186062822,-0.002011333370919711,0.5932505743492652
180.3,-7264.99978642892,1319.791580845821,147123.8613495502,-49.53361802960829,7.4215252633739395,21.469579106357415,0.8039345429975892,0.04172933033856737,-0.0020133453256826702,0.5932485651102342
180.4,-7269.953170644085,1320.5372439101232,147125.91892406758,-49.53405083959303,7.4223844761989515,20.51278702240628,0.8039347912867191,0.04175304236825489,-0.0020153573032965903,0.5932465534216902
180.5,-7274.906577118989,1321.2829069744253,147127.97649858496,-49.53447743691405,7.423243689023964,19.555994935158854,0.8039350391199345,0.0417767546112302,-0.0020173693002410826,0.593244541374372
180.60000000000002,-7279.860089289408,1322.0288942081488,147130.01960459168,-49.534867201862866,7.424102905615908,18.599202847675823,0.8039352848249889,0.041800467090246575,-0.002019381324221287,0.5932425312327737
180.70000000000002,-7284.813601459826,1322.7750227690394,147131.80470971914,-49.53525696681167,7.42496212401658,17.642410749789878,0.8039355284358182,0.04182417993816636,-0.0020213933684754062,0.5932405229415568
180.8,-7289.767113630243,1323.52115132993,147133.38389029237,-49.53564673176048,7.425821342774203,16.685618639786075,0.8039357761262547,0.04184789326197854,-0.002023405436460513,0.59323850812658
180.9,-7294.720701040673,1324.2672798908206,147134.96307086563,-49.53602677190858,7.426680561531825,15.728826529782273,0.8039360248994023,0.04187160688398745,-0.0020254175274315575,0.5932364908615618
181.0,-7299.67430762178,1325.0134084517113,147136.54225143883,-49.53640059939224,7.427539780289448,14.772034417025756,0.8039362732165658,0.04189532071988623,-0.002027429637780305,0.593234473237607
181.10000000000002,-7304.628001482213,1325.7598611835922,147138.1069635011,-49.536737594499584,7.428399001316734,13.81524230407244,0.8039365194052044,0.04191903479517761,-0.002029441775251253,0.5932324575194508
181.20000000000002,-7309.581695342645,1326.506455243214,147139.41367467746,-49.53707458960694,7.429258223338861,12.858450181789099,0.8039367634993324,0.041942749240468286,-0.002031453933243789,0.593230443651779
181.3,-7314.535389203077,1327.2530493028362,147140.51446129387,-49.537411584714285,7.430117445508586,11.901658048637634,0.8039370113989331,0.04196646414863412,-0.0020334661146237678,0.5932284236323928
181.4,-7319.48915344112,1327.999643362458,147141.61524791032,-49.53773885501946,7.430976667678311,10.944865915486169,0.8039372603214588,0.04199017935264474,-0.002035478318935976,0.5932264012438866
181.5,-7324.442933743508,1328.7462374220802,147142.71603452673,-49.53805991265941,7.431835889848036,9.98807378012558,0.8039375087879259,0.04201389477121059,-0.0020374905426713526,0.5932243784962868
181.60000000000002,-7329.396782909033,1329.4931556533784,147143.80235263193,-49.5383441379185,7.432695112790125,9.031281644607004,0.8039377551254451,0.042037610433138896,-0.002039502793613882,0.5932223576546038
181.70000000000002,-7334.350632074556,1330.2402152126183,147144.63066984664,-49.53862836317758,7.433554335913122,8.074489500524145,0.8039380005400878,0.04206132652747615,-0.002041515068308084,0.5932203370709577
181.8,-7339.30448124008,1330.9872747718584,147145.25306249777,-49.53891258843666,7.434413558974339,7.117697346465117,0.803938249641568,0.042085043079780865,-0.002043527366372446,0.5932183104963362
181.9,-7344.258395515613,1331.7343343310984,147145.8754551489,-49.53918708889198,7.435272782035556,6.160905192406089,0.8039384993835708,0.0421087599087216,-0.0020455396864505113,0.593216282071921
182.0,-7349.212322714621,1332.4813938903383,147146.49784780003,-49.539455376681175,7.436132005096772,5.204113036681555,0.8039387486694386,0.042132476953052396,-0.0020475520260005787,0.5932142532882354
182.10000000000002,-7354.1663003605745,1333.2287076944642,147147.10643248179,-49.5396868320844,7.436991227557604,4.247320880837844,0.8039389965306946,0.04215619418089246,-0.0020495643895619363,0.5932122254600083
182.20000000000002,-7359.120278006526,1333.976165764814,147147.48069373544,-49.539918287487616,7.437850449453304,3.290528718426501,0.8039392417583024,0.04217991183262823,-0.002051576777457161,0.5932102002086644
182.3,-7364.074255652478,1334.7236375141954,147147.67229156915,-49.54014974289084,7.438709671095394,2.333736548364728,0.8039394906444726,0.04220363000006198,-0.002053589192575762,0.5932081690001849
182.4,-7369.028276020124,1335.4711921018409,147147.86388940283,-49.5403744685385,7.439568892512484,1.3769443783029547,0.803939740483059,0.042227348461233064,-0.002055601630488956,0.593206135517749
182.5,-7373.9823037130045,1336.2188435872354,147148.0554872365,-49.540594859204624,7.440428113666385,0.4201522074300141,0.803939990079915,0.04225106714498784,-0.002057614088471547,0.5932041013847417
182.60000000000002,-7378.9363878875665,1336.966727083879,147148.0969225031,-49.54078429234942,7.441287332760046,-0.536639967831883,0.803940237638583,0.04227478608198083,-0.002059626569732128,0.5932020690335922
182.70000000000002,-7383.890474125428,1337.7147176399772,147147.88875062618,-49.54097048723946,7.442146550404695,-1.4934321498035041,0.8039404831691613,0.04229850538419854,-0.0020616390720478387,0.5932000384426277
182.8,-7388.844571749316,1338.4627081960755,147147.55435531263,-49.54113881230184,7.443005767686787,-2.4502243359642835,0.8039407328418597,0.04232222515822156,-0.0020636516020788903,0.5931980012419256
182.9,-7393.798713983918,1339.2106987521736,147147.21995999906,-49.5412992799109,7.4438649849688785,-3.407016522125063,0.8039409835539936,0.04234594523131416,-0.002065664154616095,0.593195961648682
183.0,-7398.75286133377,1339.958689308272,147146.88556468554,-49.54145475683485,7.4447242022509705,-4.363808708731507,0.803941233809808,0.04236966552223518,-0.0020676767266698108,0.5931939216958074
183.10000000000002,-7403.7070176652605,1340.7070040327983,147146.53670086025,-49.54158067250118,7.445583415813381,-5.320600895370041,0.8039414819347865,0.04239338607944658,-0.00206968932619266,0.5931918836492216
183.20000000000002,-7408.66117399675,1341.4554600836166,147145.92983612986,-49.54170658816752,7.446442627199577,-6.277393087005167,0.8039417279637223,0.04241710701140158,-0.002071701947999898,0.5931898474540223
183.3,-7413.615330328239,1342.2039161344348,147145.11704682218,-49.54183250383386,7.44730183795606,-7.234185284460741,0.8039419780773488,0.042440828425990236,-0.002073714595242443,0.5931878047257655
183.4,-7418.56953819553,1342.9523721852531,147144.3042575145,-49.54194869469215,7.448161048712543,-8.190977481916315,0.8039422292749564,0.04246455014278078,-0.002075727265369205,0.5931857595440947
183.5,-7423.523749753637,1343.7008282360714,147143.49146820683,-49.54205867288117,7.449020259469027,-9.147769679406402,0.8039424800161761,0.04248827207789705,-0.002077739955109539,0.5931837140026299
183.60000000000002,-7428.477956510097,1344.4496084524658,147142.66421038733,-49.54213181866493,7.449879465008435,-10.104561876899222,0.8039427286257893,0.04251199428823781,-0.00207975267240617,0.5931816703676698
183.70000000000002,-7433.432163266556,1345.1985299938506,147141.5789516596,-49.54220496444869,7.450738667504414,-11.061354078150904,0.8039429751388524,0.04253571687464527,-0.0020817654128143476,0.5931796285844759
183.8,-7438.386370023015,1345.9474515352356,147140.28776835182,-49.54227811023245,7.451597869123466,-12.0181462837813,0.8039432257379785,0.042559439945058244,-0.0020837781789729824,0.5931775802658742
183.9,-7443.3406226424695,1346.6963730766204,147138.99658504405,-49.54234153120634,7.452457070742519,-12.974938489411697,0.8039434774214633,0.0425831633184821,-0.002085790967668388,0.5931755294930124
184.0,-7448.294875777331,1347.4452946180054,147137.70540173625,-49.542398739509636,7.4533162723615725,-13.931730694532892,0.8039437286484664,0.04260688691145577,-0.0020878037760245862,0.5931734783601744
184.10000000000002,-7453.249105694343,1348.1945403212292,147136.39974991657,-49.542419115399916,7.4541754672661344,-14.888522899618,0.8039439777429648,0.0426306107907324,-0.002089816612024348,0.5931714291340714
184.20000000000002,-7458.203335611351,1348.943927347767,147134.8360971871,-49.54243949129019,7.455034658277336,-15.845315107453164,0.8039442247403514,0.04265433504740838,-0.0020918294719578646,0.593169381760184
184.3,-7463.15756552836,1349.6933143743045,147133.0665198759,-49.54245986718046,7.455893848176683,-16.802107318491963,0.8039444758253118,0.042678059789470854,-0.0020938423577877394,0.5931673278483499
184.4,-7468.11183664856,1350.4427014008422,147131.29694256472,-49.54247051825932,7.45675303807603,-17.758899529530762,0.8039447279950561,0.0427017848353563,-0.002095855265704279,0.5931652714813429
184.5,-7473.0661051951,1351.1920884273798,147129.5273652535,-49.54247495666623,7.457612227975377,-18.71569173951662,0.8039449797082189,0.04272551010215981,-0.002097868193328848,0.593163214754173
184.60000000000002,-7478.020332107579,1351.9417996111342,147127.74331943045,-49.542442562651715,7.458471409662795,-19.67248394942757,0.8039452292878398,0.04274923566868295,-0.002099881148684344,0.5931611599339824
184.70000000000002,-7482.974559020057,1352.69165211615,147125.70127269663,-49.5424101686372,7.459330586638537,-20.62927616109539,0.8039454767697304,0.04277296161401146,-0.0021018941289073154,0.5931591069665274
184.8,-7487.928785932535,1353.4415046211657,147123.45330138013,-49.54237777462267,7.46018976228997,-21.586068374809972,0.8039457283408517,0.04279668804611696,-0.002103907135052304,0.5931570474583843
184.9,-7492.883049185798,1354.1913571261814,147121.20533006356,-49.54233565579509,7.461048937941404,-22.542860588524555,0.8039459809972336,0.042820414782860944,-0.0021059201626767556,0.593154985494085
185.0,-7497.837306759065,1354.9412096311971,147118.95735874702,-49.54228732429413,7.461908113592837,-23.499652800642423,0.8039462331969277,0.04284414174204809,-0.002107933210056483,0.5931529231694305
185.10000000000002,-7502.791504282059,1355.6913862879226,147116.69491891863,-49.54220216036275,7.462767279534879,-24.45644501264657,0.8039464832619659,0.042867869014772846,-0.0021099462852547913,0.5931508627520684
185.20000000000002,-7507.745701805051,1356.4417042634814,147114.17447817934,-49.542116996431375,7.463626439906924,-25.413237225358934,0.8039467312285808,0.04289159666771541,-0.0021119593864148897,0.5931488041880588
185.3,-7512.699899328042,1357.1920222390402,147111.44811285663,-49.5420318325,7.464485598713779,-26.37002943889656,0.803946983286229,0.04291532480883669,-0.0021139725134360636,0.5931467390804205
185.4,-7517.654127924212,1357.9423402145987,147108.72174753394,-49.54193694375377,7.465344757520634,-27.326821652434187,0.8039472364296685,0.04293905325541552,-0.0021159856611576294,0.5931446715155663
185.5,-7522.608347699511,1358.6926581901575,147105.99538221126,-49.541835842332596,7.46620391632749,-28.28361386383131,0.8039474891163076,0.0429627819261318,-0.0021179988286817325,0.59314260359016
185.60000000000002,-7527.562489008319,1359.443300311034,147103.2545483768,-49.54169790847156,7.467063063927471,-29.24040607507589,0.803947739666924,0.04298651092956494,-0.002120012024111932,0.5931405375723059
185.70000000000002,-7532.5166303171245,1360.1940837479399,147100.2557136319,-49.54155997461052,7.467922205161807,-30.197198285961505,0.8039479881183659,0.04301024031480453,-0.002122025246754009,0.5931384734084837
185.8,-7537.470771625932,1360.9448671848456,147097.0509543035,-49.54142204074948,7.468781344634613,-31.153990496429312,0.8039482406628167,0.043033970189634625,-0.0021240384950846113,0.5931364026978541
185.9,-7542.424939550708,1361.6956506217516,147093.8461949751,-49.541274382072025,7.46964048410742,-32.110782706897126,0.8039484942936472,0.04305770037074522,-0.0021260517631524413,0.5931343295288691
186.0,-7547.379095582813,1362.4464340586571,147090.6414356467,-49.54112051071805,7.470499623580227,-33.06757491468061,0.8039487474675571,0.043081430777868406,-0.002128065051070078,0.593132255999129
186.10000000000002,-7552.333154732205,1363.1975416336038,147087.42220780673,-49.54092980691431,7.471358750348655,-34.02436712227273,0.8039489985039994,0.04310516153703575,-0.002130078366981684,0.5931301843772858
186.20000000000002,-7557.287213881596,1363.9487905214003,147083.94497905744,-49.54073910311057,7.4722178699600565,-34.981159328432504,0.8039492474404479,0.04312889267959311,-0.00213209171151613,0.5931281146102444
186.3,-7562.241273030987,1364.7000394091967,147080.26182572523,-49.54054839930682,7.473076987616626,-35.93795153292416,0.803949500472054,0.043152624313164384,-0.002134105081444672,0.5931260382929778
186.4,-7567.195353933938,1365.451288296993,147076.57867239302,-49.540347970684934,7.473936105273195,-36.89474373741582,0.8039497545906897,0.04317635625384325,-0.0021361184699530424,0.5931239595161313
186.5,-7572.149419837881,1366.2025371847892,147072.8955190608,-49.54014132938489,7.474795222929764,-37.85153593867932,0.8039500082522767,0.04320008842260191,-0.002138131878358497,0.5931218803783204
186.60000000000002,-7577.103370442882,1366.9541102024643,147069.19789721718,-49.53989785562478,7.47565432638443,-38.80832813971262,0.8039502597747775,0.04322382096549944,-0.002140145314845932,0.5931198031487749
186.70000000000002,-7582.057321047882,1367.7058245294343,147065.24227446626,-49.53965438186468,7.476513421875484,-39.76512033823809,0.8039505091963848,0.04324755389345672,-0.0021421587815359674,0.5931177277749006
186.8,-7587.011271652883,1368.4575388564037,147061.08072713355,-49.539410908104564,7.477372515207605,-40.72191253384269,0.803950762715478,0.043271287313864,-0.002144172273199225,0.5931156458471356
186.9,-7591.965239756836,1369.2092531833737,147056.91917980084,-49.53915770952478,7.478231608539727,-41.67870472944729,0.8039510173223157,0.043295021042210384,-0.0021461857820820047,0.5931135614584757
187.0,-7596.919189807246,1369.9609675103434,147052.7576324681,-49.53889829826514,7.479090701871849,-42.63549692127987,0.803951271471968,0.04331875500090657,-0.0021481993109091564,0.5931114767086356
187.10000000000002,-7601.873006142483,1370.7130059581448,147048.58161662417,-49.53860205453482,7.479949779504521,-43.592289112843424,0.8039515234806851,0.04334248936008674,-0.0021502128679063218,0.5931093938674205
187.20000000000002,-7606.8268224777175,1371.46518571131,147044.14759987575,-49.5383058108045,7.4808088483619155,-44.54908130082291,0.8039517733875226,0.04336622410613363,-0.0021522264568633637,0.5931073128828478
187.3,-7611.780638812953,1372.217365464475,147039.5076585473,-49.538009567074184,7.481667914852671,-45.505873484627934,0.803952027394367,0.04338995934608002,-0.0021542400702441213,0.5931052253404555
187.4,-7616.73446697433,1372.9695452176404,147034.86771721885,-49.53770359852211,7.482526981343426,-46.46266566843296,0.8039522824897383,0.04341369489480168,-0.0021562536992734372,0.5931031353357572
187.5,-7621.688273906748,1373.7217249708056,147030.22777589044,-49.537391417288404,7.483386047834182,-47.41945784792207,0.8039525371277786,0.04343743067635647,-0.0021582673482944156,0.5931010449696559
187.60000000000002,-7626.641928707755,1374.4742288348702,147025.57336605105,-49.537042403573075,7.484245097127921,-48.376250027103325,0.803952789622963,0.04346116688427799,-0.0021602810255739293,0.5930989565126575
187.70000000000002,-7631.595583508761,1375.2268739999922,147020.66095531068,-49.53669338985774,7.48510413683301,-49.33304220162401,0.8039530400151974,0.04348490348084549,-0.0021622947367570707,0.5930968699133854
187.8,-7636.549238309766,1375.979519165114,147015.54261999272,-49.53634437614241,7.485963173962544,-50.28983437071631,0.8039532945101622,0.04350864057277612,-0.00216430847168459,0.5930947767520844
187.9,-7641.502900277102,1376.732164330236,147010.42428467475,-49.53598563760358,7.486822211092079,-51.2466265398086,0.8039535500945095,0.0435323779743232,-0.0021663222204717494,0.593092681126966
188.0,-7646.456537926406,1377.484809495358,147005.30594935679,-49.53562068638134,7.487681248221614,-52.20341870404107,0.8039538052213704,0.04355611561141028,-0.00216833598929787,0.5930905851402142
188.10000000000002,-7651.410005028056,1378.2377787605624,147000.1731455282,-49.53521890266622,7.488540266656545,-53.16021086792684,0.8039540582032149,0.04357985370492895,-0.002170349786471126,0.5930884910630483
188.20000000000002,-7656.363472129705,1378.9908893221414,146994.78234080298,-49.53481711895111,7.489399274688869,-54.11700302607544,0.803954309080944,0.04360359218900685,-0.0021723636196872443,0.5930863988448065
188.3,-7661.316939231353,1379.7439998837206,146989.1856115032,-49.53441533523599,7.490258279936317,-55.07379517754156,0.8039545640643411,0.04362733116992649,-0.0021743774758376504,0.5930843000600315
188.4,-7666.2704086369195,1380.4971104453,146983.5888822034,-49.53400382669554,7.491117285183764,-56.03058732900768,0.8039548201380525,0.043651070461309095,-0.0021763913438336627,0.5930821988098208
188.5,-7671.223850618113,1381.250221006879,146977.9921529036,-49.53358610546983,7.491976290431212,-56.98737947507003,0.8039550757541126,0.04367480999117232,-0.00217840523191594,0.5930800971977389
188.60000000000002,-7676.177103635401,1382.0036556568386,146972.38095509354,-49.5331315517397,7.492835275486447,-57.94417162074686,0.8039553292229101,0.04369855000713088,-0.002180419148434489,0.5930779974958552
188.70000000000002,-7681.130356652689,1382.757231598115,146966.51175639196,-49.53267699800958,7.493694249324912,-58.9009637596098,0.8039555805863329,0.04372229041553558,-0.002182433103339727,0.5930758996542191
188.8,-7686.083609669978,1383.5108075393912,146960.43663311948,-49.53222244427945,7.494553220169035,-59.85775589053611,0.8039558360585874,0.043746031322276516,-0.0021844470802374234,0.5930737952412344
188.9,-7691.036859723568,1384.2643834806674,146954.36150984696,-49.53175816572196,7.495412191013157,-60.81454802146242,0.8039560926221693,0.04376977254033257,-0.002186461066734298,0.5930716883610829
189.0,-7695.990079211906,1385.0179594219437,146948.28638657447,-49.531287674477305,7.49627116185728,-61.77134014644099,0.8039563487279239,0.04379351400005382,-0.0021884750733647436,0.5930695811188137
189.10000000000002,-7700.943091320085,1385.7718594390128,146942.1967947921,-49.53078035071639,7.497130111011563,-62.72813227099521,0.8039566026837015,0.04381725598575418,-0.002190489108520167,0.5930674757872202
189.20000000000002,-7705.896103428262,1386.5259007419652,146935.84920212417,-49.530273026955484,7.497989048134828,-63.68492438765879,0.8039568545327294,0.04384099836613178,-0.0021925031846198894,0.593065372317324
189.3,-7710.849115536438,1387.2799420449173,146929.29568488957,-49.52976570319458,7.498847982054231,-64.64171649513149,0.8039571104939913,0.043864741246356996,-0.0021945172816372135,0.5930632622709343
189.4,-7715.802120223706,1388.0339833478697,146922.74216765494,-49.52924865460456,7.4997069159736345,-65.5985086026042,0.803957367547678,0.043888484438755496,-0.002196531385767347,0.5930611497555277
189.5,-7720.755091273913,1388.788024650822,146916.18865042034,-49.52872539332545,7.5005658498930385,-66.55530070358517,0.8039576241433504,0.04391222787625821,-0.002198545510078361,0.5930590368777487
189.60000000000002,-7725.707836527701,1389.5423900160947,146909.6206646763,-49.52816529951794,7.5014247606249524,-67.51209280410298,0.8039578785862797,0.043935971878046085,-0.002200559663003747,0.5930569259112904
189.70000000000002,-7730.660581781486,1390.2968966614412,146902.79467805338,-49.52760520571043,7.50228365851156,-68.4688848956533,0.803958130920983,0.04395971627667386,-0.0022025738596541857,0.5930548168081148
189.8,-7735.613327035271,1391.0514033067875,146895.7627668687,-49.527045111902915,7.503142552984763,-69.42567697675847,0.803958387371575,0.043983461176678514,-0.002204588076012619,0.5930527011229538
189.9,-7740.566060005733,1391.805909952134,146888.73085568406,-49.526475293264355,7.5040014474579655,-70.38246905786364,0.8039586449157793,0.044007206389721006,-0.0022066022967496346,0.5930505829667992
190.0,-7745.518756232788,1392.5604165974805,146881.6989444994,-49.52589926193472,7.504860341931169,-71.33926113193307,0.803958902001771,0.04403095185157183,-0.0022086165377148445,0.5930484644480084
190.10000000000002,-7750.471208247156,1393.3152472907898,146874.65256480576,-49.5252863980642,7.50571921171908,-72.29605320550047,0.8039591569319828,0.044054697920264715,-0.0022106308073840037,0.5930463478412147
190.20000000000002,-7755.423660261523,1394.0702192579872,146867.34818424072,-49.52467353419369,7.506578067847322,-73.25284526902355,0.8039594097523737,0.04407844438809536,-0.002212645123791854,0.5930442330994349
190.3,-7760.37611227589,1394.825191225185,146859.8378791195,-49.52406067032317,7.5074369203526,-74.2096373208471,0.8039596666925722,0.04410219135885108,-0.0022146594585612882,0.5930421117698119
190.4,-7765.328547144515,1395.5801631923828,146852.3275739983,-49.52343808161963,7.508295772857878,-75.16642937267066,0.8039599247276673,0.04412593864351604,-0.0022166737947188347,0.5930399879670848
190.5,-7770.28094216339,1396.3351351595804,146844.8172688771,-49.52280928022299,7.509154625363155,-76.12322141691443,0.8039601823043386,0.044149686180969566,-0.0022186881511518882,0.5930378638014479
190.60000000000002,-7775.233074553303,1397.0904311594984,146837.29249524744,-49.522143646272625,7.510013451685314,-77.08001346061734,0.8039604377218299,0.04417343437450047,-0.002220702536378447,0.5930357415484586
190.70000000000002,-7780.185206943215,1397.8458684267437,146829.50972075466,-49.52147801232227,7.510872263533416,-78.036805493199,0.8039606910277783,0.044197182969686416,-0.002222716971600046,0.5930336211623632
190.8,-7785.137339333127,1398.6013056939887,146821.52102171184,-49.520812378371915,7.511731071548983,-78.99359751282671,0.8039609484577349,0.044220932069365636,-0.0022247314236972845,0.5930314941821795
190.9,-7790.089449714881,1399.356742961234,146813.53232266902,-49.52013701958653,7.51258987956455,-79.95038953245442,0.8039612069839774,0.044244681483833044,-0.002226745873927005,0.5930293647266326
191.0,-7795.041517140537,1400.1121802284792,146805.5436236262,-49.51945544810593,7.513448687580118,-80.9071815439583,0.8039614650515705,0.04426843115539217,-0.002228760344479542,0.5930272349078914
191.10000000000002,-7799.9933035209515,1400.8679415123167,146797.54045607554,-49.518737044058426,7.514307467914765,-81.86397355488245,0.8039617209565264,0.04429218153013297,-0.002230774843916018,0.5930251070026613
191.20000000000002,-7804.945089901365,1401.6238440565448,146789.2792876708,-49.51801864001092,7.515166232960962,-82.82076555360837,0.8039619747480943,0.04431593230895433,-0.0022327893968569195,0.5930229809663718
191.3,-7809.896876281778,1402.3797466007727,146780.8121947228,-49.517300235963425,7.516024993965043,-83.77755753812586,0.8039622326681661,0.04433968359385841,-0.002234803965044829,0.5930208483293414
191.4,-7814.8486357916145,1403.1356491450006,146772.34510177482,-49.51657210707885,7.516883754969124,-84.73434952264336,0.8039624916860232,0.044363435194437466,-0.0022368185278349257,0.5930187132145356
191.5,-7819.800349239005,1403.8915516892287,146763.87800882684,-49.51583776549689,7.517742515973205,-85.69114149849291,0.8039627502449939,0.04438718705665342,-0.002238833110995157,0.593016577736242
191.60000000000002,-7824.751763224868,1404.6477782330358,146755.39644737163,-49.515066591334445,7.518601247798554,-86.6479334737239,0.803963006637492,0.04441093967580801,-0.002240847723129804,0.5930144441723132
191.70000000000002,-7829.703177210729,1405.4041460299209,146746.65688507215,-49.514295417172,7.519459963521041,-87.60472543567963,0.8039632609146162,0.04443469270169223,-0.002242862392541965,0.5930123124795394
191.8,-7834.6545911965895,1406.160513826806,146737.71139823683,-49.51352424300955,7.520318674991819,-88.56151738217235,0.8039635193250511,0.04445844623527105,-0.0022448770754261186,0.5930101741789428
191.9,-7839.6059734494565,1406.916881623691,146728.76591140157,-49.51274334400788,7.521177386462597,-89.5183093286651,0.8039637788348846,0.044482200085419865,-0.0022468917490973705,0.5930080333979981
192.0,-7844.5573065335275,1407.6732494205762,146719.82042456628,-49.5119562323066,7.522036097933375,-90.47510126594577,0.8039640378855799,0.04450595420207763,-0.0022489064431860765,0.593005892253261
192.10000000000002,-7849.508321739776,1408.429941199142,146710.86046922443,-49.511132288010806,7.522894778727586,-91.43189320256904,0.8039642947656496,0.04452970913414656,-0.002250921166339948,0.5930037530237924
192.20000000000002,-7854.4593369460235,1409.1867742230972,146701.64251304895,-49.51030834371502,7.523753442604498,-92.38868512483994,0.8039645495282142,0.04455346447574274,-0.0022529359508192673,0.5930016156678715
192.3,-7859.41035215227,1409.9436072470528,146692.2186323457,-49.50948439941922,7.524612102020097,-93.34547703039323,0.8039648084291958,0.044577220326667555,-0.002254950746844893,0.592999471696631
192.4,-7864.361330763102,1410.7004402710081,146682.79475164242,-49.508650730281396,7.525470761435696,-94.30226893594651,0.8039650684311229,0.0446009764950558,-0.0022569655295464203,0.592997325242556
192.5,-7869.312257098788,1411.4572732949637,146673.37087093916,-49.50781084844159,7.526329420851294,-95.25906083174357,0.8039653279736446,0.04462473293515518,-0.002258980332712713,0.5929951784243719
192.60000000000002,-7874.262847140351,1412.214430281816,146663.93252173005,-49.50693413399281,7.527188048092461,-96.21585272684437,0.8039655853410588,0.044648490253914125,-0.002260995165035233,0.5929930335224172
192.70000000000002,-7879.213437181913,1412.9717285059942,146654.23617169872,-49.506057419544014,7.528046657601865,-97.17264460651566,0.803965840588683,0.044672247985149176,-0.0022630100630176213,0.5929908904965913
192.8,-7884.1640272234745,1413.7290267301719,146644.3338971483,-49.50518070509521,7.528905262440341,-98.12943646821462,0.8039660999802168,0.04469600622737428,-0.0022650249704654194,0.5929887408474176
192.9,-7889.1145758072,1414.4863249543496,146634.43162259785,-49.50429426580144,7.529763867278818,-99.08622832991358,0.8039663604746462,0.044719764787980835,-0.002267039860171624,0.5929865887123682
193.0,-7894.065069009427,1415.2436231785275,146624.52934804742,-49.50340161380326,7.530622472117294,-100.04302018131214,0.8039666205093869,0.04474352362584139,-0.0022690547703899068,0.5929844362128807
193.10000000000002,-7899.015207501223,1416.001245345934,146614.61260499188,-49.50247212918111,7.53148104328344,-100.9998120319756,0.8039668783642026,0.04476728341031776,-0.0022710697098558327,0.5929822856306524
193.20000000000002,-7903.965345993018,1416.7590087422254,146604.43786112632,-49.50154264455895,7.5323395959033315,-101.95660386613193,0.8039671340967822,0.04479104361036793,-0.00227308471966786,0.5929801369273325
193.3,-7908.915484484812,1417.5167721385171,146594.05719275097,-49.5006131599368,7.533198143642668,-102.91339568106073,0.803967393979123,0.044814804323095876,-0.002275099736765693,0.59297798159214
193.4,-7913.865576656347,1418.2745355348086,146583.67652437562,-49.49967395046713,7.534056691382005,-103.87018749598955,0.8039676549664181,0.044838565355131754,-0.002277114731385094,0.5929758237678768
193.5,-7918.815610340031,1419.0322989311003,146573.29585600024,-49.49872852829057,7.53491523912134,-104.82697930007362,0.8039679154937247,0.04486232667031868,-0.0022791297465638866,0.592973665578834
193.60000000000002,-7923.765270896967,1419.7903862500661,146562.9007191206,-49.49774627347453,7.535773751690417,-105.78377110338371,0.8039681738362034,0.04488608899758328,-0.0022811447910828764,0.5929715093083506
193.70000000000002,-7928.714931453904,1420.5486147891015,146552.2475814439,-49.496764018658496,7.536632244898639,-106.74056288910903,0.8039684300538369,0.044909851743416815,-0.0022831599110181974,0.5929693549197746
193.8,-7933.664592010839,1421.3068433281367,146541.38851926732,-49.49578176384246,7.537490733016612,-107.69735465435153,0.8039686904274558,0.044933615003643484,-0.002285175035977791,0.5929671938902867
193.9,-7938.61420138509,1422.065071867172,146530.52945709074,-49.49478978417629,7.538349221134585,-108.65414641959403,0.8039689519081687,0.044957378584111585,-0.0022871901333897044,0.5929650303684184
194.0,-7943.563749165138,1422.8233004062072,146519.67039491417,-49.49379159180066,7.539207709252557,-109.61093817335657,0.8039692129285757,0.04498114245399683,-0.0022892052514083255,0.5929628664814153
194.10000000000002,-7948.512905402113,1423.5818528464774,146508.79686423411,-49.492756566769465,7.5400661607023025,-110.56772992629976,0.803969471758295,0.04500490742274757,-0.002291220398858448,0.5929607045139181
194.20000000000002,-7953.4620616390885,1424.3405464976252,146497.6653327708,-49.49172154173827,7.540924591976451,-111.52452166058058,0.8039697284603542,0.04502867281379111,-0.0022932356271792346,0.5929585444315405
194.3,-7958.411217876062,1425.0992401487729,146486.3278768182,-49.49068651670708,7.5417830179505625,-112.48131337312333,0.8039699893250184,0.04505243872097308,-0.0022952508581591687,0.5929563776986644
194.4,-7963.3603180679265,1425.8579337999208,146474.99042086556,-49.489641766823034,7.5426414439246745,-113.4381050856661,0.8039702512990463,0.0450762049493401,-0.0022972660561761324,0.5929542084699126
194.5,-7968.309353559232,1426.6166274510686,146463.6529649129,-49.48859080422686,7.5434998698987865,-114.39489678621469,0.8039705128124303,0.04509997147382966,-0.002299281274847115,0.5929520388756555
194.60000000000002,-7973.257979091133,1427.3756449811267,146452.3010404577,-49.48750300895844,7.544358257706667,-115.35168848590725,0.8039707721292676,0.0451237391785076,-0.002301296523042445,0.5929498712022225
194.70000000000002,-7978.206604623034,1428.1348037124949,146440.69111523379,-49.48641521369001,7.545216624524259,-116.30848016585973,0.8039710293154498,0.04514750730899033,-0.002303311857951884,0.5929477054173713
194.8,-7983.155230154934,1428.893962443863,146428.8752655317,-49.48532741842159,7.54607498583207,-117.26527182281892,0.8039712906712767,0.045171275957388436,-0.002305327193034262,0.5929455329718542
194.9,-7988.103794779297,1429.653121175231,146417.05941582966,-49.48422989829749,7.546933347139882,-118.22206347977809,0.8039715531388919,0.04519504492792678,-0.0023073424893778277,0.5929433580267488
195.0,-7993.052291596743,1430.4122799065992,146405.2435661276,-49.48312616545791,7.5477917084476935,-119.17885512423898,0.8039718151455019,0.04521881420180332,-0.002309357806422712,0.5929411827157497
195.10000000000002,-7998.000360038444,1431.1717624936675,146393.41324792386,-49.48198559992477,7.548650030091231,-120.13564676780783,0.803972074949206,0.045242584745251835,-0.0023113731530850024,0.5929390093269156
195.20000000000002,-8002.948428480146,1431.9313862721024,146381.3249289668,-49.48084503439163,7.549508329929779,-121.09243839055887,0.8039723326190544,0.0452663557182714,-0.0023133885927059334,0.5929368378303733
195.3,-8007.896496921846,1432.6910100505374,146369.03068554337,-49.47970446885849,7.550366624048804,-122.04922998906122,0.8039725944660302,0.045290127211016634,-0.0023154040298819715,0.5929346596623851
195.4,-8012.844499593581,1433.4506338289723,146356.73644212,-49.478554178466744,7.551224918167829,-123.00602158756357,0.8039728574273849,0.04531389902686973,-0.002317419422167402,0.5929324789908629
195.5,-8017.792431352041,1434.2102576074071,146344.44219869658,-49.477397675355476,7.552083212286854,-123.96281317303657,0.803973119927349,0.045337671153786466,-0.0023194348352014453,0.59293029795304
195.60000000000002,-8022.739916318402,1434.9702052174468,146332.13348677245,-49.47620433952477,7.5529414652435225,-124.91960475757962,0.8039733802173638,0.045361444652441706,-0.0023214502779457173,0.5929281188386302
195.70000000000002,-8027.687401284762,1435.7302940085337,146319.56677411112,-49.475011003694064,7.553799695580468,-125.87639632022704,0.8039736383700988,0.04538521858485463,-0.002323465820310956,0.5929259416204794
195.8,-8032.634886251123,1436.4903827996206,146306.7941369959,-49.473817667863365,7.554657919988134,-126.83318785737026,0.8039739007079112,0.04540899303883874,-0.002325481357475386,0.5929237577194565
195.9,-8037.582300585087,1437.2504715907078,146294.02149988068,-49.472614607170996,7.555516144395802,-127.78997939451348,0.8039741641628659,0.045432767816911496,-0.0023274968432051646,0.5929215713107094
196.0,-8042.5296404507635,1438.0105603817947,146281.24886276547,-49.47140533375463,7.5563743688034695,-128.7467709180873,0.8039744271560201,0.04545654291428618,-0.002329512349730842,0.5929193845352365
196.10000000000002,-8047.47651203858,1438.7709729795054,146268.46175715057,-49.470159227590024,7.557232550550655,-129.70356244069262,0.803974687932166,0.04548031947964416,-0.002331527886061363,0.5929171996848482
196.20000000000002,-8052.423383626396,1439.5315267475685,146255.41665081534,-49.46891312142542,7.558090708863342,-130.6603539403243,0.8039749465674001,0.045504096482715195,-0.002333543529112595,0.592915016734975
196.3,-8057.370255214211,1440.2920805156311,146242.1656200393,-49.467667015260815,7.558948861036979,-131.6171454131962,0.8039752093961504,0.04552787400923999,-0.002335559163971946,0.5929128270901268
196.4,-8062.317051307199,1441.0526342836943,146228.91458926327,-49.46641118423137,7.559807013210616,-132.5739368860681,0.803975473344977,0.04555165186084723,-0.002337574740385039,0.592910634933125
196.5,-8067.263769975087,1441.8131880517572,146215.66355848726,-49.46514914047438,7.560665165384252,-133.5307283448275,0.803975736831568,0.04557543004052139,-0.002339590337641315,0.5929084424089531
196.60000000000002,-8072.210002971865,1442.5740656005776,146202.3980592126,-49.46385026394683,7.5615232733992395,-134.48751980257964,0.8039759980933908,0.0455992097969318,-0.0023416059647969624,0.592906251811479
196.70000000000002,-8077.156235968643,1443.3350843086791,146188.87455923532,-49.462551387419275,7.562381357164908,-135.4443112362801,0.8039762572104246,0.04562298999542259,-0.002343621706231813,0.5929040631190621
196.8,-8082.10246896542,1444.0961030167805,146175.14513483093,-49.461252510891725,7.563239434581732,-136.40110264196497,0.8039765205300281,0.045646770719294405,-0.0023456374361357996,0.5929018677187208
196.9,-8087.048621604937,1444.857121724882,146161.41571042655,-49.45994390949601,7.564097511998557,-137.35789404764986,0.8039767849728631,0.045670551769258834,-0.002347653100027802,0.592899669801487
197.0,-8091.994693912388,1445.6181404329834,146147.68628602216,-49.458629095369204,7.564955589415381,-138.31468543867808,0.8039770489530006,0.045694333156603206,-0.00234966878481026,0.5928974715166186
197.10000000000002,-8096.9402634965145,1446.3794828950906,146133.94239312023,-49.45727744844944,7.565813621175342,-139.2714768286602,0.8039773107005237,0.045718116224824794,-0.0023516844995884255,0.5928952751604802
197.20000000000002,-8101.885833080639,1447.1409665050319,146119.94049953422,-49.45592580152967,7.566671627871117,-140.22826819351246,0.803977570299146,0.045741899739308034,-0.002353700336685959,0.5928930807142598
197.3,-8106.831402664763,1447.902450114973,146105.7326815354,-49.454574154609915,7.567529628008232,-141.18505952909325,0.8039778341102135,0.045765683781156814,-0.0023557161585473128,0.5928908795460373
197.4,-8111.776887029193,1448.6639337249142,146091.52486353656,-49.45321278281851,7.568387628145347,-142.141850864674,0.8039780990479389,0.04578946815012768,-0.0023577319062483286,0.5928886758558045
197.5,-8116.722288021657,1449.4254173348554,146077.31704553773,-49.45184519829212,7.569245628282462,-143.0986421850536,0.8039783635224784,0.045813252866365395,-0.00235974767488707,0.592886471797452
197.60000000000002,-8121.667168329119,1450.1872246711648,146063.09475904252,-49.45044078094809,7.570103581264451,-144.05543350434823,0.803978625755064,0.04583703940079549,-0.002361763473615662,0.5928842696692698
197.70000000000002,-8126.612048636579,1450.9491731434855,146048.6144718825,-49.449036363604066,7.570961508367338,-145.01222479743464,0.80397888583434,0.04586082638680027,-0.0023637794032094804,0.5928820694561662
197.8,-8131.556928944039,1451.7111216158064,146033.92826032458,-49.44763194626004,7.571819428701724,-145.9690160599935,0.8039791501353576,0.04588461390213342,-0.002365795313527677,0.5928798625077553
197.9,-8136.501719169365,1452.4730700881269,146019.2420487667,-49.44621780404075,7.572677349036112,-146.9258073225524,0.8039794155664156,0.045908401745619935,-0.0023678111409588,0.5928776530322664
198.0,-8141.446422938516,1453.2350185604475,146004.5558372088,-49.44479744908232,7.573535269370498,-147.88259856936537,0.8039796805337687,0.04593218994686275,-0.002369826989374889,0.5928754431881498
198.10000000000002,-8146.390587757821,1453.9972907306137,145989.85515715572,-49.44334026127994,7.5743931410514485,-148.8393898150545,0.803979943249903,0.04595598009380568,-0.0023718428679774762,0.5928732352762353
198.20000000000002,-8151.334752577125,1454.759704024592,145974.89647645789,-49.44188307347756,7.575250986038327,-149.79618103345692,0.8039802038080638,0.04597977069726711,-0.0023738588865224665,0.5928710292849179
198.3,-8156.278917396428,1455.5221173185705,145959.73187137776,-49.44042588567518,7.57610882404684,-150.75297222007566,0.8039804686011972,0.04600356183225631,-0.0023758748814651136,0.5928688165396226
198.4,-8161.222987271161,1456.2845306125491,145944.5672662976,-49.43895897299376,7.576966662055354,-151.70976340669438,0.8039807345286966,0.046027353296488674,-0.0023778907842209947,0.5928666012608875
198.5,-8166.1669675907315,1457.0469439065273,145929.4026612175,-49.4374858475688,7.577824500063868,-152.66655457702237,0.8039809999919411,0.04605114512960017,-0.0023799067080090886,0.5928643856129933
198.60000000000002,-8171.110390594553,1457.809680868943,145914.2235876434,-49.43597588927213,7.578682287920584,-153.6233457461876,0.8039812631939721,0.04607493904749591,-0.0023819226620806124,0.59286217189936
198.70000000000002,-8176.053813598374,1458.5725589425958,145898.7865134454,-49.43446593097545,7.579540048268203,-154.58013688698765,0.8039815242330685,0.04609873342722992,-0.0023839387657297686,0.5928599601121991
198.8,-8180.997236602194,1459.3354370162485,145883.14351488132,-49.43295597267877,7.580397801427568,-155.53692799474766,0.8039817895189464,0.04612252834062294,-0.002385954841156391,0.59285774155431
198.9,-8185.940559799003,1460.0983150899015,145867.50051631726,-49.431436289499075,7.581255554586932,-156.49371910250767,0.8039820559432992,0.04614632358434147,-0.0023879708145066346,0.5928555204569017
199.0,-8190.883790336737,1460.8611931635542,145851.8575177532,-49.429910393571255,7.5821133077462965,-157.4505101934321,0.8039823219028149,0.04617011920872785,-0.0023899868089363153,0.5928532989897782
199.10000000000002,-8195.826445159122,1461.62439487535,145836.20005069644,-49.42834766474248,7.582971009255448,-158.40730128315488,0.8039825855900988,0.0461939170757478,-0.00239200283374596,0.5928510794588314
199.20000000000002,-8200.769099981506,1462.3877376854325,145820.28458303743,-49.4267849359137,7.583828682440422,-159.36409234343378,0.8039828471091577,0.046217715410551974,-0.0023940190183546783,0.5928488618606108
199.3,-8205.711754803888,1463.1510804955149,145804.16319102916,-49.42522220708493,7.584686348227223,-160.32088336941624,0.8039831128879934,0.04624151428122812,-0.002396035169825498,0.5928466374732811
199.4,-8210.654304956817,1463.9144233055972,145788.0417990209,-49.423649753369,7.585544014014023,-161.2776743953987,0.8039833798097736,0.04626531348333808,-0.002398051208715641,0.59284441053985
199.5,-8215.596759345119,1464.6777661156796,145771.92040701266,-49.42207108690009,7.586401679800823,-162.2344654040006,0.8039836462660989,0.046289113078604886,-0.0024000672687324257,0.5928421832361208
199.60000000000002,-8220.538619607225,1465.4414325327255,145755.78454651305,-49.420455587499504,7.58725929243894,-163.1912564113619,0.8039839104392253,0.046312915064286,-0.0024020833592284766,0.5928399578711234
199.70000000000002,-8225.48047986933,1466.2052400347309,145739.3906854336,-49.41884008809891,7.58811687593774,-164.14804738820055,0.8039841724385468,0.04633671752331427,-0.002404099620360788,0.59283773444551
199.8,-8230.422340131434,1466.969047536736,145722.79090002237,-49.41722458869833,7.5889744518284195,-165.104838329486,0.8039844387114645,0.04636052052048927,-0.0024061158431257132,0.5928355042112696
199.9,-8235.36409086164,1467.7328550387415,145706.1911146111,-49.41559936440625,7.589832027719099,-166.06162927077148,0.8039847061320835,0.04638432385022834,-0.0024081319421579775,0.5928332714239424
200.0,-8240.305742721112,1468.496662540747,145689.59132919987,-49.4139679273561,7.590689603609778,-167.01842019413135,0.8039849730865937,0.04640812758634963,-0.002410148062364074,0.5928310382657068
200.10000000000002,-8245.246782039787,1469.2607936176503,145672.97707529867,-49.412299657341954,7.591547124853246,-167.9752111162117,0.8039852377458916,0.046431933879173756,-0.0024121642131485206,0.5928288070486547
200.20000000000002,-8250.18782135846,1470.0250657658103,145656.10482084082,-49.41063138732781,7.592404616142195,-168.93200200669037,0.8039855002254456,0.04645574065152222,-0.00241418054605354,0.5928265777780628
200.3,-8255.128860677134,1470.7893379139705,145639.02664206928,-49.408963117313675,7.593262099613048,-169.888792860359,0.8039857669931136,0.046479547964347945,-0.0024161968350278873,0.5928243416783582
200.4,-8260.069785601461,1471.5536100621305,145621.9484632977,-49.40728512240349,7.5941195830839,-170.84558371402758,0.803986034913505,0.04650335561088917,-0.0024182129884347927,0.5928221030182074
200.5,-8265.010608548768,1472.3178822102907,145604.87028452614,-49.40560091472988,7.594977066554754,-171.80237454922548,0.8039863023670948,0.046527163677812435,-0.0024202291630626965,0.5928198639865088
200.60000000000002,-8269.95080053941,1473.0824779003976,145587.77763726606,-49.40387987405835,7.5958344938798055,-172.75916538310497,0.8039865675133762,0.04655097445998554,-0.002422245368370849,0.5928176268990832
200.70000000000002,-8274.89099253005,1473.8472146476824,145570.42698947332,-49.40215883338682,7.596691890435073,-173.7159561843035,0.8039868304736384,0.04657478572755635,-0.0024242617679636033,0.5928153917656538
200.8,-8279.83118452069,1474.6119513949673,145552.8704173856,-49.40043779271529,7.597549278962237,-174.67274694743492,0.8039870977368443,0.04659859753796867,-0.0024262781177078157,0.5928131497821856
200.9,-8284.771257254535,1475.3766881422523,145535.31384529787,-49.39870702714295,7.598406667489402,-175.62953771056632,0.803987366157981,0.04662240968326462,-0.0024282943193307126,0.5928109052306454
201.0,-8289.711224905004,1476.1414248895371,145517.75727321013,-49.39697004880157,7.599264056016566,-176.58632845468182,0.8039876341115834,0.046646222263756705,-0.0024303105422217555,0.5928086603068878
201.10000000000002,-8294.650543182512,1476.9064851449318,145500.18623263531,-49.39519623742658,7.6001213868992785,-177.54311919743995,0.8039878997435185,0.04667003776788672,-0.002432326795891347,0.5928064173295599
201.20000000000002,-8299.589861460016,1477.6716864430493,145482.3571915526,-49.39342242605161,7.600978686196873,-178.49990990643775,0.8039881631827249,0.04669385376499221,-0.0024343432567234978,0.592804176314194
201.3,-8304.52917973752,1478.436887741167,145464.32222619432,-49.391648614676626,7.601835977256325,-179.4567005761112,0.8039884309400431,0.04671767030734027,-0.002436359661415543,0.5928019284273813
201.4,-8309.46837389578,1479.2020890392846,145446.28726083602,-49.38986507839586,7.602693268315777,-180.41349124578457,0.8039886998606977,0.04674148718575819,-0.002438375904676129,0.5927996779645851
201.5,-8314.407459864286,1479.9672903374023,145428.25229547772,-49.38807532934013,7.603550559375229,-181.37028189589674,0.8039889683130416,0.04676530451504324,-0.002440392169251969,0.592797427128869
201.60000000000002,-8319.34587804337,1480.732815108907,145410.20286163382,-49.38624874721333,7.6044077912915125,-182.32707254461263,0.8039892344293164,0.04678912496048941,-0.0024424084647098254,0.5927951782429453
201.70000000000002,-8324.284296222455,1481.4984809083032,145391.8954273076,-49.38442216508653,7.605264990807275,-183.28386315848863,0.8039894983455969,0.046812945905918134,-0.0024444249809596453,0.5927929313277257
201.8,-8329.222714401538,1482.2641467076994,145373.38206872577,-49.38259558295973,7.606122181874822,-184.2406537317827,0.8039897665974189,0.04683676739913984,-0.0024464414343902587,0.5927906775165536
201.9,-8334.161003598922,1483.0298125070954,145354.86871014393,-49.38075927592189,7.606979372942369,-185.19744430507677,0.8039900360186073,0.04686058922966089,-0.002448457712285529,0.592788421120621
202.0,-8339.099181500169,1483.7954783064915,145336.3553515621,-49.37891675610291,7.607836564009916,-186.1542348582642,0.8039903049706629,0.04688441152762096,-0.0024504740115431356,0.5927861643510312
202.10000000000002,-8344.036673195471,1484.561467543666,145317.8275244962,-49.37703740317346,7.608693694435509,-187.1110254100164,0.8039905715709854,0.046908237151117284,-0.0024524903417876636,0.5927839095348814
202.20000000000002,-8348.974164890773,1485.327597793524,145299.0416969744,-49.37515805024401,7.6095507916451055,-188.06781592584898,0.8039908359634542,0.046932063282170026,-0.0024545069072428177,0.5927816566989119
202.3,-8353.911656586071,1486.0937280433818,145280.04994521753,-49.37327869731456,7.6104078801963775,-189.02460639984187,0.803991104706995,0.0469558899634745,-0.0024565234027789165,0.5927793969450488
202.4,-8358.849014437215,1486.85985829324,145261.0581934607,-49.37138961946859,7.61126496874765,-189.9813968738348,0.8039913746256553,0.04697971698329888,-0.0024585397078385777,0.5927771345980064
202.5,-8363.786257885831,1487.6259885430982,145242.06644170382,-49.369494328834946,7.612122057298923,-190.93818732717554,0.8039916440743136,0.047003544488081715,-0.0024605560343076175,0.592774871876534
202.60000000000002,-8368.722796711945,1488.3924421942393,145223.0602214645,-49.36756220504945,7.612979083709385,-191.89497777904214,0.8039919111539447,0.047027375555221185,-0.0024625723918684462,0.5927726111120777
202.70000000000002,-8373.659335538057,1489.1590368424802,145203.7960007964,-49.36563008126395,7.613836076088299,-192.8517681939091,0.8039921760172853,0.04705120713842036,-0.0024645889998875467,0.5927703523379603
202.8,-8378.59587436417,1489.9256314907211,145184.32585591453,-49.36369795747846,7.614693059598743,-193.80855856567845,0.8039924452494113,0.04707503927447729,-0.002466605530457744,0.5927680866210122
202.9,-8383.532274483665,1490.692226138962,145164.85571103264,-49.36175610877068,7.615550043109187,-194.76534893744778,0.8039927156630322,0.047098871750318835,-0.0024686218547331014,0.592765818301602
203.0,-8388.468557094237,1491.458820787203,145145.38556615074,-49.35980804726839,7.6164070266196315,-195.72213928801935,0.8039929856057297,0.047122704729635055,-0.0024706382004648355,0.5927635496069499
203.10000000000002,-8393.40411666572,1492.225738799346,145125.900952788,-49.357823152570745,7.617263946490336,-196.67892963707783,0.8039932531622606,0.04714654149227499,-0.0024726545773973993,0.5927612828738253
203.20000000000002,-8398.339676237205,1492.9927977926288,145106.15833902443,-49.35583825787311,7.618120831513859,-197.63571994805648,0.8039935184936662,0.047170378778879814,-0.0024746712209064085,0.5927590181417575
203.3,-8403.27523580869,1493.7598567859118,145086.20980106894,-49.353853363175475,7.618977707458728,-198.5925102146793,0.8039938843824916,0.04719420630069118,-0.0024766872373831903,0.5927566168230675
203.4,-8408.210651811094,1494.5269157791945,145066.2612631134,-49.3518587435495,7.619834583403598,-199.5493004813021,0.803995129585163,0.04721793987419571,-0.0024786980807830223,0.5927530293580945
203.5,-8413.145947198176,1495.2939747724774,145046.3127251579,-49.34985791112182,7.620691459348469,-200.5060907261814,0.8039963741411023,0.047241673883211245,-0.0024807089377024555,0.5927494417541357
203.60000000000002,-8418.080501129562,1496.0613570913943,145026.34971872324,-49.3478202454531,7.621548270151822,-201.46288096950866,0.8039976181011179,0.047265411622869506,-0.0024827198067510796,0.5927458536794762
203.70000000000002,-8423.015055060947,1496.8288803751145,145006.12871191648,-49.34578257978438,7.622405045291316,-202.4196711736757,0.8039988613674538,0.047289149623116734,-0.002484730941716516,0.5927422655420378
203.8,-8427.949608992332,1497.596403658835,144985.70178094026,-49.34374491411566,7.6232618111419335,-203.37646133222842,0.8040001090435677,0.047312888074765046,-0.002486741973768802,0.5927386704056956
203.9,-8432.884014492172,1498.363926942555,144965.27484996404,-49.34169752351225,7.624118576992552,-204.33325149078112,0.8040013570679018,0.047336626853341245,-0.002488752760870711,0.5927350737899817
204.0,-8437.818296270289,1499.1314502262755,144944.84791898783,-49.33964392009958,7.62497534284317,-205.2900416270445,0.8040026044430976,0.04736036608799977,-0.002490763561528825,0.5927314770362776
204.10000000000002,-8442.751818176075,1499.8992967964755,144924.40651953418,-49.337553483397855,7.625832042052408,-206.24683176171683,0.8040038512117567,0.04738410931676828,-0.002492774374309403,0.5927278798039104
204.20000000000002,-8447.685340081862,1500.6672843147662,144903.70711973793,-49.33546304669613,7.626688704781715,-207.20362185614832,0.8040050972847574,0.047407852813926954,-0.0024947854708961626,0.5927242825101355
204.3,-8452.618861987647,1501.4352718330567,144882.80179579536,-49.3333726099944,7.627545358011881,-208.1604119037067,0.804006347787284,0.04743159676497692,-0.0024967964555735155,0.5927206781895981
204.4,-8457.552230599416,1502.2032593513475,144861.8964718528,-49.33127244834629,7.628402011242047,-209.11720195126506,0.8040075986384408,0.04745534104500395,-0.0024988071766080017,0.5927170723883736
204.5,-8462.485472383056,1502.971246869638,144840.99114791022,-49.329166073880536,7.6292586644722125,-210.07399197598818,0.8040088488379092,0.04747908580285181,-0.0025008179112357403,0.5927134664502236
204.60000000000002,-8467.41793587771,1503.739557634368,144820.07135549196,-49.327022866075275,7.630115249562885,-211.03078199908128,0.8040100984193392,0.04750283483986346,-0.0025028286579762923,0.592709860024793
204.70000000000002,-8472.35039937236,1504.5080093300994,144798.89356276143,-49.32487965827002,7.6309717973581,-211.98757198085065,0.8040113473030052,0.04752658415372073,-0.0025048397076916002,0.592706253539411
204.8,-8477.282862867014,1505.2764610258312,144777.50984590835,-49.32273645046476,7.631828335443863,-212.9443619144856,0.804012600637694,0.047550333924084545,-0.002506850636287893,0.5927026399969948
204.9,-8482.215168205174,1506.044912721563,144756.12612905525,-49.320583517702204,7.6326848735296275,-213.90115184812055,0.8040138543214633,0.04757408402556033,-0.0025088612814791107,0.5926990249724929
205.0,-8487.147343608793,1506.8133644172945,144734.74241220215,-49.31842437211332,7.633541411615391,-214.85794175837316,0.8040151073508401,0.04759783462782391,-0.002510871940301114,0.592695409812206
205.10000000000002,-8492.07872230674,1507.582139318539,144713.34422687517,-49.31622839313193,7.634397880062751,-215.81473166695665,0.8040163597499791,0.04762158981073452,-0.002512882611223933,0.5926917941555058
205.20000000000002,-8497.01010100469,1508.3510551333202,144691.688041267,-49.31403241415053,7.635254310398203,-216.7715215331338,0.8040176114491162,0.04764534527941615,-0.0025148936054386656,0.5926881784404144
205.3,-8501.941479702637,1509.1199709481011,144669.82593156068,-49.311836435169134,7.636110730813429,-217.72831134991546,0.8040188676218196,0.047669101207305324,-0.002516904468868874,0.5926845556365621
205.4,-8506.872695381613,1509.8888867628825,144647.96382185433,-49.30963073122482,7.6369671512286565,-218.68510116669714,0.804020124143887,0.047692857468534244,-0.0025189150280070073,0.5926809313494206
205.5,-8511.803778019632,1510.6578025776635,144626.10171214797,-49.30741881444557,7.6378235716438825,-219.64189095954995,0.8040213800086711,0.04771661425495116,-0.002520925600814058,0.5926773069277339
205.60000000000002,-8516.73404553527,1511.427041556145,144604.22513396962,-49.305170064218096,7.638679920921486,-220.59868075069468,0.8040226352305566,0.04774037593364951,-0.0025229361857083063,0.5926736820001611
205.70000000000002,-8521.664313050907,1512.1964214303218,144582.09055554197,-49.30292131399062,7.6395362312707515,-221.5554704983519,0.8040238897500831,0.04776413790727539,-0.0025249471151595924,0.5926700570158634
205.8,-8526.594580566545,1512.9658013044987,144559.75005304115,-49.30067256376314,7.640392531489116,-222.51226019535434,0.8040251487669018,0.04778790034290414,-0.00252695790337865,0.5926664249094364
205.9,-8531.524680200728,1513.7351811786752,144537.4095505403,-49.29841408856563,7.641248831707481,-223.46904989235674,0.8040264081338574,0.04781166311423413,-0.002528968365237526,0.5926627913178171
206.0,-8536.454643687532,1514.5045610528518,144515.06904803947,-49.29614940051878,7.642105131925846,-224.4258395648839,0.8040276668404562,0.047835426436465225,-0.00253097884080409,0.5926591575929975
206.10000000000002,-8541.383773635205,1515.2742640480303,144492.71407706852,-49.293847878929355,7.642961359507216,-225.3826292356639,0.80402892489093,0.04785919497534729,-0.002532989328442273,0.5926555233524013
206.20000000000002,-8546.312903582877,1516.0441079206862,144470.10110588092,-49.291546357339925,7.64381754734395,-226.33941886187486,0.8040301822365631,0.04788296381864692,-0.0025350001829010527,0.592651889056851
206.3,-8551.24203353055,1516.813951793342,144447.28221064585,-49.2892448357505,7.644673724839236,-227.29620843617116,0.8040314441043902,0.04790673312683969,-0.0025370108854498104,0.5926482476041669
206.4,-8556.170990734281,1517.5837956659982,144424.4633154107,-49.28693358918294,7.645529902334521,-228.25299801046748,0.804032706322418,0.04793050277313178,-0.0025390212386940773,0.5926446046653194
206.5,-8561.099808684203,1518.3536395386539,144401.6444201756,-49.28461612975496,7.6463860798298064,-229.209787559742,0.8040339678768632,0.04795427299735986,-0.0025410316056852502,0.5926409615946747
206.60000000000002,-8566.027774678209,1519.1238064887264,144378.81105647233,-49.28226183671343,7.647242183188631,-230.16657710723044,0.8040352287612426,0.04797804877912624,-0.002543041984730009,0.5926373179978358
206.70000000000002,-8570.955740672212,1519.8941142976823,144355.71969258587,-49.27990754367191,7.648098245986509,-231.1233666090679,0.8040364889381637,0.04800182487526521,-0.0025450527539309484,0.5926336743479179
206.8,-8575.883706666216,1520.6644221066383,144332.4224046782,-49.27755325063039,7.648954298232406,-232.08015605773048,0.8040377536642673,0.048025601439338254,-0.002547063359967358,0.5926300235029854
206.9,-8580.811495053786,1521.434729915594,144309.12511677045,-49.2751892326023,7.649810350478302,-233.03694550639312,0.8040390187408105,0.04804937834400088,-0.0025490735926081403,0.5926263711706468
207.0,-8585.739141081116,1522.20503772455,144285.82782886276,-49.272819001703176,7.6506664027242,-233.99373492948737,0.8040402831503884,0.04807315585500064,-0.0025510838390355147,0.5926227187079737
207.10000000000002,-8590.665916735707,1522.9756685684724,144262.51607248888,-49.27041193712269,7.651522379334088,-234.95052435075647,0.8040415468752151,0.04809693928153929,-0.0025530940974958904,0.5926190657081397
207.20000000000002,-8595.592692390293,1523.7464402540288,144238.94631596605,-49.26800487254221,7.652378314566662,-235.90731372529245,0.8040428098898258,0.048120723032887815,-0.0025551047705816756,0.5926154126572113
207.3,-8600.519468044882,1524.5172119395854,144215.1706354489,-49.26559780796172,7.653234239036699,-236.8641030453931,0.8040440774863532,0.048144507255582975,-0.002557115268268323,0.5926117523655274
207.4,-8605.446061230541,1525.287983625142,144191.39495493175,-49.26318101838593,7.654090163506736,-237.82089236549373,0.8040453454346729,0.04816829182152434,-0.002559125367019345,0.5926080905836419
207.5,-8610.372508949524,1526.0587553106986,144167.61927441458,-49.26075801592835,7.654946087976774,-238.7776816594793,0.8040466127124639,0.04819207702362365,-0.002561135479597259,0.5926044286729704
207.60000000000002,-8615.298067878906,1526.8298499956568,144143.8291254333,-49.25829817972096,7.6558019357428755,-239.73447095160068,0.8040478792900441,0.04821586851700032,-0.0025631456041849358,0.5926007662135999
207.70000000000002,-8620.223626808287,1527.6010855056977,144119.7809763381,-49.25583834351355,7.656657741550243,-240.69126019590655,0.804049145155107,0.04823966034605823,-0.0025651561690487315,0.5925971037044201
207.8,-8625.149185737668,1528.3723210157386,144095.5269032761,-49.25337850730616,7.657513536445103,-241.64804938451618,0.8040504156322454,0.04826345264967846,-0.0025671665451990526,0.5925934339122183
207.9,-8630.074557335622,1529.1435565257793,144071.27283021406,-49.25090894609437,7.658369331339962,-242.60483857312585,0.8040516864616184,0.048287245299250825,-0.0025691764953374788,0.5925897626282226
208.0,-8634.999780360453,1529.9147920358203,144047.01875715205,-49.24843317198972,7.659225126234823,-243.56162773507359,0.8040529566167103,0.04831103861627395,-0.002571186459343695,0.592586091217078
208.10000000000002,-8639.924096178791,1530.6863504917287,144022.75021562795,-49.245920564064846,7.66008084265546,-244.51841689511812,0.8040542260553274,0.04833483861868878,-0.0025731964353336227,0.5925824192451031
208.20000000000002,-8644.848411997129,1531.458049750052,143998.22367402585,-49.24340795613996,7.660936516153528,-245.47520600626515,0.8040554947780467,0.04835863896827554,-0.002575206878486874,0.5925787472259695
208.3,-8649.772727815467,1532.2297490083756,143973.49120848504,-49.240895348215076,7.661792178490468,-246.4319950604557,0.8040567681463061,0.04838243979598125,-0.0025772171186851617,0.592575067876998
208.4,-8654.696851439872,1533.001448266699,143948.75874294428,-49.2383730152762,7.6626478408274075,-247.38878411464626,0.8040580418678024,0.048406240972487316,-0.002579226904308138,0.5925713870338366
208.5,-8659.620823384706,1533.7731475250225,143924.02627740346,-49.23584446943301,7.663503503164348,-248.34557314162922,0.8040593149110695,0.04843004284926275,-0.002581236703840451,0.5925677060652556
208.60000000000002,-8664.54386970612,1534.5451696774778,143899.2793434027,-49.233279089696744,7.664359085344779,-249.30236216667,0.8040605872207612,0.04845385182457093,-0.002583246515327519,0.5925640245230959
208.70000000000002,-8669.466916027533,1535.3173326105991,143874.27440936054,-49.230713709960476,7.665214623686643,-250.25915114173557,0.8040618588111096,0.04847766115906825,-0.002585256822139901,0.5925603429364249
208.8,-8674.389962348947,1536.0894955437202,143849.06355140853,-49.22814833022421,7.666070150631064,-251.21594005858927,0.8040631350773179,0.04850147097507298,-0.002587266910920347,0.5925566539773398
208.9,-8679.312811613916,1536.8616584768415,143823.8526934565,-49.225573225464025,7.666925677575485,-252.17272897544294,0.8040644116953927,0.048525281142696206,-0.0025892765151080263,0.5925529635248589
209.0,-8684.23550609286,1537.6338214099628,143798.64183550444,-49.2229919077876,7.667781204519905,-253.12951786470128,0.8040656876314644,0.04854909203531988,-0.002591286133248453,0.592549272949062
209.10000000000002,-8689.157256531418,1538.4063071887335,143773.41650909462,-49.22037375614243,7.668636649786467,-254.08630675198978,0.8040669628170489,0.04857291043230724,-0.002593295763315011,0.592545581787077
209.20000000000002,-8694.079006969974,1539.1789337275745,143747.9331826735,-49.21775560449725,7.669492050386028,-255.04309558853242,0.8040682372799,0.048596729201034666,-0.0025953059097378484,0.5925418905830968
209.3,-8699.00075740853,1539.9515602664155,143722.2439323635,-49.21513745285207,7.670347439374392,-255.99988436596558,0.8040695164617342,0.04862054845543979,-0.0025973158124706314,0.5925381919466927
209.4,-8703.92230592813,1540.7241868052567,143696.55468205348,-49.21250957617287,7.671202828362755,-256.9566731433988,0.8040707959985482,0.04864436806467042,-0.0025993251991578608,0.5925344918115389
209.5,-8708.843697330212,1541.4968133440977,143670.86543174344,-49.20987548656827,7.672058217351119,-257.91346189259167,0.8040720748487948,0.048668188440108576,-0.0026013345998400043,0.5925307915548456
209.60000000000002,-8713.764131576769,1542.26976268022,143645.16171297786,-49.20720456293808,7.672913523181206,-258.8702506397686,0.8040733529291197,0.04869201678755384,-0.0026033440124111724,0.5925270906974945
209.70000000000002,-8718.684565823325,1543.0428527557829,143619.19999424342,-49.2045336393079,7.673768783538106,-259.8270393349225,0.8040746302831746,0.04871584551985764,-0.002605353976754257,0.5925233898007041
209.8,-8723.60500006988,1543.8159428313454,143593.03235165513,-49.20186271567771,7.6746240320757755,-260.7838279694791,0.8040759123938409,0.048739674741707956,-0.002607363686109117,0.592519681418848
209.9,-8728.525227534956,1544.589032906908,143566.8647090668,-49.19918206700303,7.675479280613444,-261.74061660403567,0.8040771948608326,0.0487635043216075,-0.0026093728464714433,0.5925159715352485
210.0,-8733.445294290306,1545.3621229824707,143540.69706647852,-49.196495205388196,7.676334529151113,-262.6974052097385,0.8040784766365271,0.04878733470915332,-0.002611382020871814,0.5925122615320295
210.10000000000002,-8738.36438214993,1546.1355358059468,143514.51495543687,-49.19377150965298,7.677189693046833,-263.65419381338165,0.8040797576220866,0.048811173553325975,-0.0026133912071213553,0.5925085509131088
210.20000000000002,-8743.28347000955,1546.9090893477958,143488.07484446836,-49.19104781391778,7.67804481066136,-264.6109823637872,0.8040810378776618,0.04883501279607001,-0.002615400980646258,0.5925048402574448
210.3,-8748.202557869172,1547.682642889645,143461.42880968007,-49.188324118182564,7.678899916248133,-265.56777085218084,0.8040823229307322,0.048858852532464414,-0.002617410485533264,0.5925011220595948
210.4,-8753.121434084793,1548.4561964314942,143434.78277489173,-49.18559069739199,7.6797550218349055,-266.5245593405745,0.8040836083413567,0.0488826926302532,-0.002619419406937992,0.5924974023571162
210.5,-8758.04014615656,1549.2297499733431,143408.13674010345,-49.18285106364674,7.680610127421678,-267.48134779955944,0.8040848930558521,0.04890653357564137,-0.0026214283424251207,0.5924936825371382
210.60000000000002,-8762.957858673935,1550.0036262125984,143381.47623686414,-49.18007459568799,7.681465146873277,-268.4381362564449,0.8040861769593823,0.04893038347499726,-0.002623437289719306,0.5924899620859593
210.70000000000002,-8767.875571191307,1550.7776431486827,143354.55773373807,-49.17729812772923,7.682320119230424,-269.3949246589941,0.8040874601290232,0.04895423378725305,-0.002625446858383416,0.5924862416008944
210.8,-8772.793283708683,1551.5516600847668,143327.43330682395,-49.174521659770484,7.6831750793499145,-270.35171299825146,0.804088748143193,0.04897808459767816,-0.0026274561405845638,0.5924825135081075
210.9,-8777.710779719524,1552.325677020851,143300.30887990983,-49.171735466745126,7.684030039469405,-271.30850133750874,0.8040900365169794,0.04900193577302759,-0.002629464803217723,0.5924787839066203
211.0,-8782.628108441419,1553.0996939569354,143273.18445299572,-49.16894306075129,7.684884999588896,-272.26528964681717,0.8040913241896013,0.04902578783687017,-0.002631473479978576,0.592475054189889
211.10000000000002,-8787.544418927633,1553.8740335375187,143246.04555763293,-49.16611382045601,7.685739872071013,-273.2220779539877,0.804092611029517,0.04904964937206984,-0.0026334821685011192,0.5924713238257857
211.20000000000002,-8792.460729413846,1554.648513791789,143218.64866242363,-49.163284580160735,7.686594696641162,-274.17886620575246,0.8040938971314407,0.049073511335133456,-0.002635491513248694,0.5924675934308106
211.3,-8797.377039900059,1555.422994046059,143191.04584345792,-49.160455339865464,7.687449508762939,-275.1356543929797,0.8040951881353332,0.04909737380156396,-0.0026375005519862276,0.5924638553483502
211.4,-8802.29312962502,1556.1974743003293,143163.44302449218,-49.157616374493415,7.688304320884717,-276.09244258020686,0.804096479502999,0.049121236636716824,-0.0026395089334233725,0.592460115750211
211.5,-8807.209049041361,1556.9719545545993,143135.84020552647,-49.15477119613902,7.689159133006494,-277.04923073694374,0.8040977701642181,0.04914510040314716,-0.002641517329034405,0.5924563760391962
211.60000000000002,-8812.123932044302,1557.7467573938595,143108.22291811442,-49.15188918339432,7.690013855732643,-278.0060188915041,0.804099059969691,0.04916897418798716,-0.0026435257363572463,0.5924526356636801
211.70000000000002,-8817.038815047243,1558.5217008822108,143080.34763089704,-49.14900717064962,7.690868529640097,-278.9628069895868,0.8041003490328584,0.049192848416534776,-0.002645534836349034,0.5924488952604542
211.8,-8821.953698050182,1559.296644370562,143052.26641995544,-49.14612515790491,7.691723190888168,-279.9195950218833,0.8041016430500766,0.049216723153366546,-0.0026475436098888335,0.5924451470972192
211.9,-8826.868354618906,1560.0715878589135,143024.18520901387,-49.14323342005754,7.692577852136238,-280.8763830541799,0.8041029374337592,0.049240598262775076,-0.002649551686683643,0.5924413974132661
212.0,-8831.782837732726,1560.8465313472648,142996.1039980723,-49.140335469212154,7.693432513384308,-281.8331710554412,0.8041042311054499,0.04926447434835354,-0.0026515597776993988,0.5924376476189194
212.10000000000002,-8836.696266216346,1561.6217973701212,142968.00831868686,-49.13740068388435,7.694287083816706,-282.78995905448716,0.8041055238963379,0.04928836104688181,-0.002653567880370123,0.5924338971414552
212.20000000000002,-8841.609694699962,1562.3972040206115,142939.65463953806,-49.13446589855655,7.695141604640874,-283.7467469959686,0.8041068159403642,0.049312248206441964,-0.00265557671476918,0.5924301466395743
212.3,-8846.52312318358,1563.1726106711021,142911.09503669819,-49.131531113228746,7.695996112594582,-284.70353487039796,0.8041081129784474,0.04933613587850928,-0.002657585202466863,0.5924263883215446
212.4,-8851.436320573026,1563.9480173215925,142882.5354338583,-49.12858660275702,7.6968506205482905,-285.6603227448274,0.8041094103830205,0.04936002392702655,-0.002659592952206528,0.592422628481326
212.5,-8856.349341430612,1564.7234239720829,142853.9758310184,-49.125635879269765,7.697705128501999,-286.61711058766895,0.8041107070697481,0.049383912998707986,-0.0026616007162152625,0.5924188685333657
212.60000000000002,-8861.261289324726,1565.4991531061576,142825.40175973717,-49.12264832120441,7.69855954424921,-287.5738984282557,0.8041120028483539,0.04940781333112774,-0.002663608491814214,0.592415107882005
212.70000000000002,-8866.173237218842,1566.2750228459922,142796.56968873547,-49.11966076313905,7.6994139096039,-288.5306862101789,0.804113297875152,0.049431714143600994,-0.0026656170420176237,0.5924113472098232
212.8,-8871.085185112957,1567.050892585827,142767.53169407652,-49.1166732050737,7.700268261873576,-289.48747392377004,0.8041145979409231,0.04945561547316589,-0.002667625226830669,0.5924075786585846
212.9,-8875.99689705032,1567.8267623256615,142738.49369941757,-49.113675921836204,7.701122614143251,-290.44426163736114,0.8041158983732033,0.0494795171833431,-0.002669632630663945,0.5924038085836187
213.0,-8880.908429351794,1568.602632065496,142709.4557047586,-49.11067242555081,7.701976966412927,-291.4010493188081,0.8041171980812641,0.049503419967817895,-0.00267164004881606,0.5924000384038446
213.10000000000002,-8885.81887028946,1569.378824237036,142680.4032416608,-49.10763209448218,7.702831225011462,-292.35783699796036,0.8041184968519075,0.04952733470645546,-0.0026736474784866543,0.5923962674989306
213.20000000000002,-8890.729311227129,1570.155156993085,142651.09277889132,-49.10459176341355,7.703685432408696,-293.3146246171637,0.8041197948653385,0.04955124994541019,-0.002675655737800181,0.5923924965771815
213.3,-8895.639752164796,1570.9314897491342,142621.5763925049,-49.10155143234492,7.704539626507151,-294.2714121665377,0.8041210979647291,0.04957516570623912,-0.0026776636242178144,0.5923887177105189
213.4,-8900.549951877903,1571.7078225051835,142592.0600061185,-49.09850137608723,7.705393820605606,-295.2281997159116,0.8041224014296338,0.04959908185212438,-0.0026796706847691466,0.5923849373198867
213.5,-8905.459968364437,1572.484155261233,142562.54361973208,-49.09544510672956,7.70624801470406,-296.18498723258324,0.8041237041633228,0.04962299912849822,-0.0026816777596911754,0.5923811568277159
213.60000000000002,-8910.368871993735,1573.260810391233,142533.01276490936,-49.092352002242244,7.707102113610117,-297.1417747469204,0.8041250059285295,0.049646929092534695,-0.0026836848460537704,0.5923773755873616
213.70000000000002,-8915.27777562303,1574.037606080221,142503.22391045804,-49.08925889775493,7.707956160488218,-298.09856220027655,0.8041263069307482,0.049670859578110564,-0.002685692809903126,0.592373594334537
213.8,-8920.186679252323,1574.814401769209,142473.22913242312,-49.08616579326762,7.708810193855028,-299.05534958260114,0.8041276130710946,0.049694790590731015,-0.002687700379853476,0.59236980506386
213.9,-8925.095337199653,1575.5911974581973,142443.2343543882,-49.08306296348237,7.709664227221837,-300.01213696492573,0.8041289195768355,0.049718721993174286,-0.0026897070758411254,0.5923660142677015
214.0,-8930.003808997359,1576.3679931471852,142413.23957635325,-49.0799539205607,7.710518260588647,-300.9689243139979,0.8041302253438546,0.049742654586819236,-0.00269171378625279,0.5923622233734954
214.10000000000002,-8934.911150539385,1577.145111153341,142383.23032988465,-49.076808042323584,7.711372197294006,-301.9257116606964,0.8041315301061481,0.04976660072633314,-0.0026937205080093166,0.5923584317042473
214.20000000000002,-8939.818492081411,1577.9223696942843,142352.9630838307,-49.07366216408648,7.712226081145767,-302.88249894532805,0.8041328340984438,0.04979054741264852,-0.0026957281683034776,0.5923546400280798
214.3,-8944.725833623435,1578.699628235227,142322.48991422652,-49.07051628584937,7.7130799512615775,-303.8392861576634,0.8041341432863829,0.04981449463166736,-0.0026977354215586835,0.5923508402536979
214.4,-8949.632924620848,1579.47688677617,142292.01674462235,-49.06736068231502,7.713933821377388,-304.79607336999874,0.804135452838449,0.049838442245970664,-0.002699741748053843,0.5923470389537636
214.5,-8954.539826561138,1580.254145317113,142261.54357501815,-49.06419886562276,7.7147876914932,-305.75286054851,0.8041367616427365,0.04986239112777383,-0.0027017480890301304,0.5923432375599614
214.60000000000002,-8959.445581190024,1581.0317261174796,142231.0559369829,-49.061000213467665,7.715641463457426,-306.70964772460667,0.8041380694004019,0.04988635454912148,-0.002703754441236189,0.5923394353600941
214.70000000000002,-8964.351335818908,1581.8094474280233,142200.3102994079,-49.05780156131257,7.716495181763526,-307.6664348376412,0.8041393763805251,0.04991031854580491,-0.002705761798708787,0.5923356331591786
214.8,-8969.257090447793,1582.587168738567,142169.35873831823,-49.05460290915748,7.717348886129215,-308.62322187722,0.8041406886218174,0.04993428308142719,-0.0027077687336727507,0.5923318227686725
214.9,-8974.162589669437,1583.3648900491107,142138.4071772286,-49.05139453179973,7.718202590494903,-309.58000891679876,0.8041420012232651,0.04995824801829702,-0.0027097746834679557,0.5923280108561045
215.0,-8979.067896793698,1584.1426113596544,142107.45561613893,-49.048179941149925,7.719056294860593,-310.53679592195505,0.8041433130668105,0.04998221430536126,-0.0027117806478057314,0.5923241988546347
215.10000000000002,-8983.972038642498,1584.9206548709656,142076.48958662094,-49.044928514064416,7.719909899577494,-311.49358292465405,0.8041446238249488,0.05000619604255773,-0.0027137866232682093,0.5923203860183679
215.20000000000002,-8988.876180491297,1585.6988388674588,142045.26555760985,-49.04167708697891,7.720763449829161,-312.4503698632342,0.8041459337985126,0.050030178380085895,-0.0027157936559111316,0.5923165731864957
215.3,-8993.780322340097,1586.477022863952,142013.8356051209,-49.0384256598934,7.721616985935869,-313.4071567271277,0.8041472490903738,0.05005416126225684,-0.0027178002125173776,0.592312752085181
215.4,-8998.684203919054,1587.2552068604452,141982.40565263195,-49.0351645075902,7.722470522042576,-314.36394359102115,0.8041485647379454,0.05007814455104904,-0.0027198057124585553,0.5923089294659615
215.5,-9003.587890983637,1588.0333908569382,141950.97570014297,-49.03189714206027,7.723324058149283,-315.32073042002463,0.8041498796182777,0.050102129269472856,-0.00272181122699973,0.5923051067618943
215.60000000000002,-9008.49039907275,1588.811896994648,141919.53127922842,-49.028592940550254,7.724177493107612,-316.27751724653746,0.8041511933779595,0.050126130255580346,-0.0027238167525715663,0.5923012831969072
215.70000000000002,-9013.392907161864,1589.5905435921654,141887.82885886842,-49.02528873904024,7.725030872787498,-317.2343040078539,0.8041525063464211,0.05015013186405828,-0.002725823389345431,0.592297459641384
215.8,-9018.295415250977,1590.369190189683,141855.9205150681,-49.02198453753022,7.725884238114121,-318.1910906932287,0.8041538246981801,0.05017413402336979,-0.0027278294836744783,0.592293627725811
215.9,-9023.197658207633,1591.1478367872005,141824.01217126782,-49.01867061078718,7.726737603440745,-319.1478773786036,0.8041551434066532,0.05019813659453975,-0.002729834440179432,0.592289794289071
216.0,-9028.09970288687,1591.9264833847183,141792.10382746754,-49.01535047087382,7.727590968767369,-320.10466402853876,0.8041564613399261,0.050222140654511194,-0.0027318394113406445,0.5922859607712792
216.10000000000002,-9033.000545681733,1592.7054520642075,141760.18101524445,-49.01199349537528,7.728444231445193,-321.06145067594406,0.8041577781185898,0.05024616176314835,-0.0027338443934418347,0.5922821263673901
216.20000000000002,-9037.901388476594,1593.4845611787712,141728.0002036244,-49.008636519876745,7.729297438027711,-322.01823725706765,0.804159094099409,0.05027018351689217,-0.002735850541496232,0.5922782919778595
216.3,-9042.802231271455,1594.2636702933346,141695.6134686023,-49.005279544378205,7.730150630046277,-322.9750237609853,0.804160415522108,0.050294205827284943,-0.0027378560963848414,0.5922744491462625
216.4,-9047.702804679066,1595.0427794078983,141663.2267335802,-49.00191284363292,7.731003822064842,-323.93181026490294,0.8041617373005121,0.050318228554830834,-0.002739860441630186,0.5922706047928483
216.5,-9052.603176754477,1595.8218885224617,141630.8399985581,-48.99853992969822,7.731857014083408,-324.88859673283105,0.8041630582952408,0.050342252837537,-0.002741864801588174,0.592266760362167
216.60000000000002,-9057.50232852769,1596.6013196561041,141598.43879511603,-48.99513018005564,7.732710101952442,-325.84538319818995,0.8041643780995826,0.05036629499006462,-0.0027438691723884303,0.5922629150188706
216.70000000000002,-9062.401480300901,1597.3808911973588,141565.7795923263,-48.991720430413054,7.7335631329079835,-326.8021695961798,0.8041656970992874,0.050390337811164435,-0.002745874764913805,0.5922590696949006
216.8,-9067.300632074111,1598.1604627386137,141532.91446617345,-48.98831068077047,7.734416149088018,-327.758955915697,0.8041670216221594,0.05041438119619941,-0.002747879744802619,0.5922552158156634
216.9,-9072.199508787011,1598.9400342798685,141500.0493400206,-48.984891205862496,7.735269165268053,-328.71574223521424,0.8041683465041243,0.05043842500414427,-0.0027498834620963467,0.5922513604077825
217.0,-9077.09818099203,1599.7196058211234,141467.18421386773,-48.981465517745185,7.7361221814480885,-329.67252851819205,0.8041696705934013,0.050462470441259455,-0.0027518871941596655,0.5922475049263914
217.10000000000002,-9081.99561447697,1600.4994993196217,141434.30461929776,-48.978002993794654,7.736975091971031,-330.6293147985614,0.8041709934546158,0.05048653461111373,-0.0027538909369607023,0.5922436485044684
217.20000000000002,-9086.893047961905,1601.2795331995508,141401.16702543027,-48.97454046984412,7.737827944759731,-331.5861010104733,0.8041723155041383,0.05051059947375786,-0.002755895958637133,0.5922397921070311
217.3,-9091.79048144684,1602.0595670794798,141367.82350823915,-48.9710779458936,7.738680782561233,-332.542887142645,0.8041736431465037,0.05053466490696159,-0.0027579003293120826,0.5922359270569408
217.4,-9096.687635211434,1602.8396009594092,141334.47999104808,-48.96760569666191,7.739533620362735,-333.49967327481664,0.804174971148527,0.050558730768847045,-0.0027599033715816346,0.5922320604751895
217.5,-9101.584581378811,1603.6196348393385,141301.136473857,-48.964127234200824,7.740386458164236,-334.45645936989894,0.8041762983489819,0.050582798324942925,-0.0027619064286803392,0.59222819382416
217.60000000000002,-9106.480270408156,1604.3999906133947,141267.77848825173,-48.96061193577837,7.741239188792329,-335.4132454623336,0.8041776242830856,0.05060688548660203,-0.002763909496409417,0.5922243262042297
217.70000000000002,-9111.375959437499,1605.1804867419926,141234.16250339977,-48.95709663735592,7.742091860862459,-336.3700314852219,0.8041789493981367,0.050630973366531204,-0.0027659139017578117,0.5922204586141503
217.8,-9116.271648466842,1605.9609828705907,141200.34059526448,-48.95358133893347,7.742944517733745,-337.3268174271016,0.8041802801812712,0.05065506182406178,-0.002767917622580133,0.5922165822663252
217.9,-9121.167052913193,1606.7414789991883,141166.51868712917,-48.950056315182586,7.743797174605032,-338.28360336898135,0.8041816113271788,0.05067915071640324,-0.0027699199510682654,0.5922127043802347
218.0,-9126.062246655705,1607.5219751277862,141132.69677899382,-48.94652507817912,7.744649831476317,-339.24038927322164,0.8041829416620891,0.05070324137563142,-0.0027719222944455487,0.592208826429079
218.10000000000002,-9130.956164842173,1608.302793086502,141098.8604024469,-48.94295700508336,7.7455023796670766,-340.19717517477494,0.8041842706883007,0.05072735260733466,-0.0027739246483312755,0.5922049474776637
218.20000000000002,-9135.85008302864,1609.08375137249,141064.76602670294,-48.939388931987594,7.746354868477149,-341.15396100566204,0.8041855988876716,0.05075146458537693,-0.0027759284035177995,0.5922010685616963
218.3,-9140.744001215106,1609.8647096584778,141030.46572771642,-48.93582085889182,7.747207341875174,-342.11074675423606,0.8041869328327134,0.05077557714828783,-0.002777931442145955,0.5921971807795727
218.4,-9145.637629550669,1610.6456679444657,140996.1654287299,-48.93224306037657,7.748059815273198,-343.06753250281,0.8041882671417871,0.05079969015235303,-0.00277993302183966,0.5921932914550018
218.5,-9150.53104404122,1611.4266262304536,140961.86512974338,-48.92865904858144,7.748912288671222,-344.02431821317805,0.8041896006299009,0.05082380499934035,-0.002781934616484557,0.5921894020698943
218.60000000000002,-9155.423164557646,1612.2079062815699,140927.55036234873,-48.92503820056031,7.749764651884625,-344.9811039208187,0.8041909327629083,0.050847941479032384,-0.002783936221501268,0.5921855116501779
218.70000000000002,-9160.315285074072,1612.9893266322797,140892.97759581232,-48.92141735253917,7.750616954887178,-345.9378895566763,0.8041922640605654,0.05087207873614426,-0.0027859392993329177,0.5921816212720772
218.8,-9165.207405590498,1613.7707469829897,140858.1989060748,-48.917796504518044,7.751469242258445,-346.8946751089199,0.8041936011851681,0.05089621658573849,-0.002787941634693389,0.5921777219142323
218.9,-9170.099231798524,1614.5521673336996,140823.42021633734,-48.91416593104034,7.752321529629711,-347.85146066116346,0.8041949386743725,0.05092035488336451,-0.0027899424426509308,0.592173821010555
219.0,-9174.990841089415,1615.3335876844096,140788.64152659982,-48.910529144200936,7.753173817000979,-348.80824617463264,0.8041962753316593,0.05094449510750091,-0.002791943265625109,0.5921699200514403
219.10000000000002,-9179.881137987935,1616.1153297345209,140753.8483684572,-48.90685552059748,7.754025992684495,-349.7650316853338,0.8041976105842297,0.05096865809623936,-0.002793944098822729,0.5921660180210082
219.20000000000002,-9184.771434886454,1616.8972120562225,140718.79721122535,-48.90318189699403,7.75487810733095,-350.72181712315006,0.8041989449921814,0.050992821895341746,-0.002795946481109414,0.5921621160390853
219.3,-9189.661731784974,1617.6790943779245,140683.54013083462,-48.89950827339057,7.755730206129455,-351.67860247606876,0.8042002853161064,0.05101698629515945,-0.0027979480956903512,0.5921582049531243
219.4,-9194.551729512357,1618.4609766996261,140648.28305044386,-48.895824924305714,7.756582304927959,-352.63538782898746,0.8042016260027395,0.05104115115031219,-0.0027999481113467864,0.5921542923211607
219.5,-9199.441507215908,1619.242859021328,140613.0259700531,-48.89213536176719,7.757434403726464,-353.59217314257825,0.8042029658454068,0.05106531802532632,-0.0028019481420884624,0.5921503796393555
219.60000000000002,-9204.329954108547,1620.0250629757747,140577.7544212603,-48.8884089618499,7.758286389334363,-354.54895845336154,0.8042043042311273,0.05108950885377386,-0.0028039481828954676,0.5921464658475944
219.70000000000002,-9209.218401001186,1620.8074071734168,140542.2248734325,-48.88468256193261,7.7591383130329135,-355.5057436901627,0.8042056417611352,0.05111370052679299,-0.0028059498525345498,0.5921425521134613
219.8,-9214.106847893825,1621.589751371059,140506.48940248866,-48.88095616201531,7.759990220634039,-356.46252884078825,0.8042069853071793,0.05113789280973435,-0.0028079507219069574,0.5921386291358316
219.9,-9218.994991360429,1622.372095568701,140470.75393154478,-48.87722003659443,7.760842128235165,-357.4193139914138,0.8042083292192799,0.051162085556025014,-0.002809949913703511,0.5921347046047671
220.0,-9223.882911748267,1623.154439766343,140435.0184606009,-48.873477697682546,7.761694035836291,-358.3760991021585,0.8042096722746669,0.05118628042159116,-0.002811949120656086,0.5921307800297312
220.10000000000002,-9228.769482906448,1623.9371055291801,140399.26852125814,-48.86969852114936,7.762545828744007,-359.3328842100562,0.8042110138186431,0.051210500476502614,-0.002813948337507431,0.5921268543044557
220.20000000000002,-9233.656054064626,1624.7199115064425,140363.26058293527,-48.86591934461617,7.7633975589385535,-360.2896692428758,0.80421235449695,0.05123472141112874,-0.0028159492652904505,0.5921229286441552
220.3,-9238.542625222806,1625.502717483705,140327.04672153966,-48.862140168082966,7.7642492728348405,-361.24645418824315,0.8042137013083752,0.05125894296586776,-0.0028179493340551643,0.5921189935776897
220.4,-9243.428887281732,1626.2855234609674,140290.83286014406,-48.85835126601613,7.7651009867311265,-362.20323913361045,0.8042150484891827,0.05128316499225928,-0.0028199476283843057,0.5921150569503291
220.5,-9248.314923086064,1627.0683294382297,140254.61899874845,-48.85455615042668,7.7659527006274125,-363.1600240385438,0.8042163948000486,0.05130738924059397,-0.0028219459379418893,0.5921111202850777
220.60000000000002,-9253.199591241875,1627.8514569288288,140218.39066895714,-48.850724197017236,7.766804298760091,-364.1168089405906,0.8042177395483261,0.05133163982750974,-0.002823944257242279,0.5921071824317212
220.70000000000002,-9258.084259397687,1628.6347246104465,140181.90434024145,-48.8468922436078,7.767655833531627,-365.07359376646343,0.8042190834209078,0.05135589132598659,-0.0028259443726164663,0.5921032446509236
220.8,-9262.968927553498,1629.4179922920641,140145.21208849706,-48.84306029019835,7.768507351808205,-366.0303785036075,0.8042204335280835,0.05138014345385255,-0.002827943588670766,0.5920992973223513
220.9,-9267.853281949898,1630.201259973682,140108.51983675265,-48.8392186112299,7.769358870084783,-366.98716324075156,0.8042217840042603,0.051404396061733124,-0.002829940942833671,0.592095348430296
221.0,-9272.737407002202,1630.9845276552996,140071.82758500826,-48.83537071870707,7.7702103883613605,-367.94394793690816,0.8042231335967822,0.05142865099751877,-0.002831938312299291,0.5920913995066495
221.10000000000002,-9277.620145987026,1631.7681167709256,140035.1208648714,-48.83148598816155,7.77106178910029,-368.9007326301388,0.8042244815616778,0.051452933748407155,-0.002833935691302229,0.5920874493468261
221.20000000000002,-9282.50288497185,1632.5518460445728,139998.15614586667,-48.82760125761604,7.771913125570963,-369.8575172460993,0.8042258286397211,0.05147721745389925,-0.0028359349542987585,0.5920834992675381
221.3,-9287.385623956674,1633.3355753182198,139960.9855038779,-48.82371652707052,7.772764445339281,-370.81430177205414,0.8042271820664484,0.051501501799001446,-0.0028379332658126774,0.5920795394815515
221.4,-9292.268044319298,1634.119304591867,139923.8148618891,-48.81982207093909,7.7736157651076,-371.77108629800904,0.8042285358687791,0.05152578663232449,-0.002839929618452437,0.5920755781199242
221.5,-9297.150232567583,1634.9030338655139,139886.64421990036,-48.81592140122454,7.774467084875917,-372.72787078242277,0.8042298887748549,0.051550073889048066,-0.0028419259864660824,0.592071616732221
221.60000000000002,-9302.031018631715,1635.687084496079,139849.4591095224,-48.81198389330653,7.775318285420743,-373.6846552638711,0.8042312399961361,0.05157439023948569,-0.0028439223638381922,0.5920676540660629
221.70000000000002,-9306.911804695847,1636.4712752523735,139812.01600033394,-48.80804638538852,7.776169420815709,-374.6414396669526,0.8042325903191953,0.051598707581746554,-0.002845920715824668,0.5920636914890576
221.8,-9311.792590759978,1637.2554660086678,139774.36696820674,-48.80410887747051,7.777020539297321,-375.59822397875115,0.8042339470932622,0.051623025573198,-0.002847918062470223,0.5920597190623342
221.9,-9316.67305333911,1638.039656764962,139736.71793607954,-48.800161643939134,7.777871657778933,-376.5550082905498,0.8042353042347873,0.051647344062501335,-0.0028499133503194873,0.5920557450676114
222.0,-9321.553280248385,1638.8238475212563,139699.06890395237,-48.796208196786516,7.778722776260544,-377.5117925602534,0.804236660463271,0.05167166510545987,-0.002851908653626497,0.5920517710548172
222.10000000000002,-9326.432083484513,1639.608359562493,139661.4054034393,-48.79221791118559,7.779573773993313,-378.468576826952,0.8042380149424965,0.05169601668821042,-0.002853903966086324,0.5920477957159181
222.20000000000002,-9331.31088672064,1640.3930116988683,139623.48390416245,-48.78822762558467,7.7804247057485325,-379.4253610145025,0.8042393685116843,0.05172036930256,-0.002855901319688441,0.5920438204751286
222.3,-9336.189689956766,1641.1776638352435,139585.3564819797,-48.78423733998375,7.781275620378158,-380.3818587252782,0.804240728673685,0.05174472257832659,-0.0028578975813150775,0.5920398351877405
222.4,-9341.06816484508,1641.9623159716189,139547.22905979687,-48.78023732874148,7.782126535007783,-381.33834825551,0.8042420892109107,0.05176907636147827,-0.0028598916811661402,0.5920358483182594
222.5,-9345.946401068897,1642.746968107994,139509.10163761408,-48.77623110384544,7.782977449637408,-382.2948377431621,0.8042434488203557,0.051793432810051596,-0.0028618857965527337,0.5920318614373538
222.60000000000002,-9350.823195967749,1643.5319414579824,139470.9597470488,-48.77218804029488,7.783828242005465,-383.25132707874917,0.8042448066162241,0.051817821232499874,-0.0028638799208855993,0.5920278731827985
222.70000000000002,-9355.699990866598,1644.3170548726705,139432.55985778547,-48.768144976744324,7.784678967658131,-384.20781640577354,0.8042461634922479,0.051842210727449864,-0.0028658761976428013,0.5920238850321081
222.8,-9360.576785765448,1645.1021682873584,139393.95404567072,-48.76410191319376,7.785529676033691,-385.1643057327979,0.8042475270840206,0.051866600894613604,-0.002867871342951663,0.5920198866633086
222.9,-9365.45324745365,1645.8872817020465,139355.348233556,-48.76004912393329,7.786380384409252,-386.1207950598223,0.804248891053026,0.051890991578935355,-0.0028698642204349387,0.5920158867059978
223.0,-9370.329467370519,1646.6723951167344,139316.74242144125,-48.75599012098123,7.787231092784813,-387.07728434362025,0.8042502540784752,0.051915385048216765,-0.0028718571135351364,0.5920118867444495
223.10000000000002,-9375.20422754304,1647.457829672718,139278.1221409474,-48.751894279155835,7.788081677392357,-388.03377347297476,0.804251615220759,0.05193981204283114,-0.0028738500153553787,0.592007885357826
223.20000000000002,-9380.078987715558,1648.2434042625532,139239.24386182,-48.74779843733044,7.788932194406051,-388.9902625936325,0.8042529754287784,0.0519642401547421,-0.002875845183907555,0.5920038840865618
223.3,-9384.95374788808,1649.0289788523885,139200.15965989383,-48.74370259550504,7.789782693889668,-389.94675171429026,0.8042543424820566,0.051988668950730156,-0.0028778392023076907,0.5919998724163813
223.4,-9389.82816998706,1649.8145534422238,139161.0754579677,-48.739597027821326,7.790633193373287,-390.903240834948,0.8042557099186207,0.05201309827439034,-0.002879830857695002,0.5919958591455052
223.5,-9394.702347207853,1650.6001280320588,139121.99125604154,-48.735485246400785,7.791483692856904,-391.85972991182405,0.8042570763950898,0.052037530507336956,-0.0028818225287840556,0.5919918458779928
223.60000000000002,-9399.575046264807,1651.386023689626,139082.89258573978,-48.73133662588404,7.792334067067692,-392.81621883178843,0.8042584409102238,0.05206199801231537,-0.0028838142083355885,0.5919878311276623
223.70000000000002,-9404.447745321757,1652.172059349695,139043.53591686557,-48.72718800536729,7.793184372805936,-393.77270774291657,0.8042598044757534,0.052086466685836885,-0.0028858082692586515,0.5919838165046752
223.8,-9409.320444378709,1652.9580950097643,139003.97332524124,-48.72303938485054,7.794034660760562,-394.7291966540447,0.8042611750233066,0.05211093605592147,-0.0028878011062198105,0.5919797912921325
223.9,-9414.192800499164,1653.744130669833,138964.4107336169,-48.718881038360664,7.794884948715187,-395.6856855651728,0.8042625459547069,0.052135405964820886,-0.002889791450122075,0.5919757644741135
224.0,-9419.06490863453,1654.5301663299024,138924.84814199255,-48.7147164779966,7.795735236669813,-396.64217443192064,0.8042639159078436,0.05215987891901278,-0.0028917818098163875,0.5919717376680237
224.10000000000002,-9423.935520186316,1655.3165229830397,138885.2710819961,-48.71051507766349,7.796585397846655,-397.5986631392105,0.8042652838143375,0.05218438905127826,-0.0028937721776885013,0.591967709316118
224.20000000000002,-9428.806131738102,1656.1030196068775,138845.43602349504,-48.70631367733037,7.79743548971114,-398.5551518375203,0.8042666507556009,0.052208900407790346,-0.0028957650719161816,0.5919636811031788
224.3,-9433.676743289887,1656.8895162307153,138805.39504229993,-48.70211227699725,7.79828556356613,-399.5116405358301,0.8042680248337957,0.05223341247460491,-0.0028977567303100334,0.5919596420847749
224.4,-9438.54700704218,1657.676012854553,138765.35406110482,-48.69790115065944,7.799135637421118,-400.46812923413984,0.804269399296233,0.05225792509261742,-0.0028997457823355176,0.5919556014559613
224.5,-9443.417019702396,1658.4625094783908,138725.3130799097,-48.69368381024485,7.799985711276108,-401.42461788746175,0.804270772759972,0.052282440911464244,-0.0029017348502506065,0.5919515608487534
224.60000000000002,-9448.285517358729,1659.2493270089167,138685.25763034605,-48.689429628493656,7.800835656597008,-402.3811063792095,0.8042721440881065,0.05230699588982141,-0.00290372392604501,0.5919475186300416
224.70000000000002,-9453.15401501506,1660.0362844742085,138644.94418233758,-48.68517544674246,7.801685531644905,-403.337594861858,0.8042735144323133,0.05233155214926799,-0.002905715655013624,0.5919434765658594
224.8,-9458.02251267139,1660.8232419395001,138604.42481168144,-48.68092126499127,7.802535388433503,-404.29408334450653,0.8042748920851505,0.052356109134332966,-0.0029077060866384867,0.591939423457373
224.9,-9462.890657665215,1661.6101994047917,138563.90544102527,-48.67665735719292,7.803385245222101,-405.250571827155,0.804276270120998,0.052380666683602486,-0.002909693780683105,0.5919353687355904
225.0,-9467.758548459908,1662.3971568700833,138523.38607036913,-48.67238723526926,7.804235102010699,-406.2070602643038,0.804277647136338,0.05240522760177814,-0.0029116814907186716,0.5919313140455897
225.10000000000002,-9472.624905829927,1663.1844351689133,138482.85223134802,-48.66808027170164,7.8050848288431425,-407.1635485375708,0.8042790219231112,0.0524298297438472,-0.0029136692083193637,0.5919272576754506
225.20000000000002,-9477.491263199947,1663.9718533710925,138442.06039394205,-48.66377330813402,7.805934484626205,-408.1200368016082,0.8042803957091831,0.05245443322532164,-0.00291565970790162,0.5919232014724192
225.3,-9482.357620569965,1664.759271573272,138401.06263393466,-48.659466344566404,7.806784121948738,-409.0765250656455,0.80428177698615,0.05247903744824608,-0.0029176488230056503,0.5919191339717376
225.4,-9487.223620414441,1665.5466897754511,138360.06487392724,-48.655149654908406,7.80763375927127,-410.0330133296829,0.804283158652952,0.0525036422492886,-0.0029196350517804114,0.591915064843727
225.5,-9492.08936272833,1666.33410797763,138319.06711391982,-48.65082675107146,7.808483396593802,-410.98950154766095,0.8042845392768749,0.05252825058991434,-0.002921621296649815,0.5919109957579325
225.60000000000002,-9496.953551661554,1667.1218469405533,138278.05488555113,-48.64646700524891,7.809332902565868,-411.94598959972893,0.8042859175764525,0.05255290227309704,-0.002923607548758327,0.591906924921291
225.70000000000002,-9501.817740594779,1667.909725775463,138236.78465886036,-48.642107259426346,7.810182336726848,-412.90247764245294,0.8042872948581141,0.052577555355715976,-0.0029255967211893746,0.5919028542644973
225.8,-9506.681929528004,1668.6976046103728,138195.30850961746,-48.63774751360379,7.811031752229655,-413.85896568517694,0.8042886798172749,0.052602209196038675,-0.0029275844191779224,0.5918987720505506
225.9,-9511.54575607263,1669.4854834452824,138153.8323603746,-48.633378041646864,7.811881167732461,-414.815453727901,0.8042900651678835,0.05262686362855127,-0.002929569073326099,0.5918946882021399
226.0,-9516.409322203945,1670.273362280192,138112.3562111317,-48.62900235546246,7.812730583235268,-415.7719417240758,0.8042914494524388,0.05265152177653766,-0.0029315537436753925,0.5918906044067246
226.10000000000002,-9521.271318068599,1671.061561799087,138070.86559353123,-48.62458982698612,7.8135798659188875,-416.72842955165294,0.8042928313137059,0.052676225447740053,-0.0029335384209245668,0.5918865187874229
226.20000000000002,-9526.13331393325,1671.8499011571607,138029.116977673,-48.62017729850977,7.814429075987862,-417.6849173697337,0.8042942121386546,0.05270093058023267,-0.002935526162631367,0.5918824333618855
226.3,-9530.9953097979,1672.6382405152342,137987.16243931343,-48.61576477003343,7.815278267189608,-418.6414051878145,0.8042956008335799,0.05272563648730809,-0.002937512341996507,0.5918783361114002
226.4,-9535.856938410876,1673.426579873308,137945.2079009539,-48.61134251537794,7.816127458391357,-419.59789300589523,0.8042969899225556,0.05275034300121177,-0.002939495317081026,0.591874237217715
226.5,-9540.718303503414,1674.2149192313814,137903.25336259435,-48.60691404644159,7.816976649593103,-420.55438077677326,0.8042983779215017,0.05277505341159157,-0.0029414783084760225,0.5918701383881481
226.60000000000002,-9545.578079908057,1675.0035791937164,137861.28435588093,-48.60244873487409,7.817825706482093,-421.51086837682607,0.8042997633951487,0.05279981158499853,-0.002943461306418795,0.5918660376593963
226.70000000000002,-9550.4378563127,1675.792378960791,137819.0573509751,-48.59798342330659,7.818674689938828,-422.46735596725716,0.8043011478132491,0.05282457128324307,-0.0029454475175477177,0.5918619371390195
226.8,-9555.297632717342,1676.5811787278656,137776.6244236197,-48.59351811173909,7.8195236543154305,-423.42384355768826,0.8043025402998608,0.052849331773545144,-0.0029474320763491057,0.5918578245173715
226.9,-9560.157037007208,1677.36997849494,137734.19149626428,-48.589043073946904,7.820372618692032,-424.3803311481194,0.8043039331834171,0.05287409288584675,-0.0029494132657677066,0.5918537102431409
227.0,-9565.016175006065,1678.1587782620143,137691.75856890884,-48.58456182182585,7.821221583068633,-425.33681869081056,0.8043053249521497,0.05289885808078863,-0.002951394471609104,0.5918495960445004
227.10000000000002,-9569.873708198313,1678.9478985544415,137649.31117320334,-48.580043726771855,7.8220704115755995,-426.29330606036103,0.8043067140898774,0.052923673351879585,-0.002953375683630918,0.5918454798686553
227.20000000000002,-9574.731241390558,1679.7371586184222,137606.60577935877,-48.575525631717866,7.822919165808865,-427.2497934201591,0.8043081021521954,0.05294849021353365,-0.002955360217900379,0.5918413639163992
227.3,-9579.588774582806,1680.526418682403,137563.69446310194,-48.57100753666387,7.82376790074775,-428.20628077995707,0.8043094984881414,0.05297330788534095,-0.0029573429563197707,0.5918372355775515
227.4,-9584.44593079714,1681.3156787463836,137520.7831468451,-48.56647971527635,7.824616635686634,-429.1627681397551,0.804310895225863,0.05299812619494623,-0.0029593221556622733,0.5918331055738385
227.5,-9589.302817164511,1682.1049388103647,137477.87183058826,-48.56194567949107,7.825465370625519,-430.1192554512522,0.8043122908231777,0.05302294877824304,-0.002961301371542003,0.591828975657511
227.60000000000002,-9594.158077233491,1682.8945193187478,137434.94604598515,-48.55737480036493,7.826313968162717,-431.0757425871488,0.8043136836772617,0.05304782388948643,-0.0029632805932082533,0.5918248436811602
227.70000000000002,-9599.01333730247,1683.684239564206,137391.76226331788,-48.5528039212388,7.827162490674043,-432.03222971315404,0.8043150754391739,0.05307270066098793,-0.002965263327691092,0.5918207119383561
227.8,-9603.868597371447,1684.4739598096646,137348.3725583006,-48.54823304211266,7.828010993734061,-432.9887168391592,0.8043164756889328,0.05309757826098269,-0.002967244210365238,0.591816567510533
227.9,-9608.723475194009,1685.263680055123,137304.98285328326,-48.543652436373456,7.828859496794079,-433.9452039651644,0.8043178763471639,0.05312245651551142,-0.0029692213796569714,0.591812421402715
228.0,-9613.578080140038,1686.0534003005812,137261.59314826594,-48.539065616162596,7.829707999854096,-434.90169104226334,0.8043192758381155,0.0531473392430417,-0.002971198565605596,0.5918082753947586
228.10000000000002,-9618.431041133474,1686.843440910168,137218.18897490622,-48.5344419522684,7.830556363995286,-435.8581779411209,0.804320672457671,0.05317227730742097,-0.0029731757568865662,0.5918041272322297
228.20000000000002,-9623.284002126906,1687.6336212233296,137174.52680355572,-48.529818288374216,7.831404652191568,-436.81466482993767,0.8043220679592111,0.05319721711448733,-0.002975156660047101,0.5917999793240453
228.3,-9628.136963120338,1688.4238015364913,137130.6587099152,-48.52519462448002,7.832252920657372,-437.77115171875454,0.804323472171873,0.053222157770235104,-0.0029771356578919754,0.5917958184196105
228.4,-9632.989537409268,1689.2139818496528,137086.7906162747,-48.5205612338037,7.833101189123177,-438.7276386075713,0.8043248767972346,0.053247099098786464,-0.0029791107634336263,0.5917916558230073
228.5,-9637.841835748919,1690.0041621628145,137042.92252263418,-48.51592162840289,7.83394945758898,-439.68412544684037,0.804326280225674,0.05327204511936214,-0.002981085885762126,0.5917874933403655
228.60000000000002,-9642.692471713779,1690.7946627551898,136999.03996065556,-48.51124517768773,7.8347975856237175,-440.6406121054103,0.8043276806399278,0.05329704960922092,-0.002983061012913091,0.5917833285978407
228.70000000000002,-9647.543107678637,1691.5853030140775,136954.8994007575,-48.50656872697255,7.835645636826175,-441.59709875380094,0.8043290799090524,0.05332205593373031,-0.002985040052775555,0.5917791641309624
228.8,-9652.393743643497,1692.3759432729653,136910.55291862474,-48.50189227625739,7.836493668040276,-442.5535854021915,0.8043304881493045,0.053347063129781144,-0.002987017119884712,0.5917749863061587
228.9,-9657.243988040444,1693.166583531853,136866.206436492,-48.49720609869303,7.8373416992543765,-443.5100720505822,0.8043318968032793,0.05337207101907466,-0.0029889901057510017,0.5917708067809034
229.0,-9662.093953156245,1693.9572237907407,136821.85995435927,-48.492513706033186,7.838189730468477,-444.46655864885423,0.8043333042264905,0.05339708385456891,-0.002990963108547107,0.5917666273858365
229.10000000000002,-9666.942235938684,1694.7481842456716,136777.49900389204,-48.48778446555992,7.839037619740844,-445.4230450640916,0.8043347084901238,0.053422158333604614,-0.0029929361156443867,0.5917624456236595
229.20000000000002,-9671.790518721124,1695.5392843319216,136732.8800555806,-48.48305522508666,7.839885431339789,-446.37953146901776,0.8043361115810823,0.05344723473740522,-0.002994913285628093,0.5917582641585677
229.3,-9676.63880150356,1696.3303844181717,136688.0551850982,-48.47832598461339,7.840733222724962,-447.3360178739439,0.8043375239379222,0.05347231203810816,-0.0029968883997426063,0.59175406892613
229.4,-9681.486688462579,1697.121484504422,136643.2303146158,-48.47358701723131,7.841581014110134,-448.29250427887,0.8043389367134788,0.05349739005383217,-0.0029988591976900644,0.5917498719793448
229.5,-9686.334293309112,1697.9125845906717,136598.40544413336,-48.46884183471513,7.842428805495306,-449.2489906331103,0.8043403482223688,0.05352247328933399,-0.003000830012715897,0.5917456751795874
229.60000000000002,-9691.18019893354,1698.7040047883731,136553.5661053205,-48.464059804155944,7.843276453428537,-450.20547680196205,0.8043417564184752,0.053547621504641374,-0.003002800831490797,0.5917414758997416
229.70000000000002,-9696.026104557968,1699.4955645813718,136508.46876873117,-48.45927777359675,7.844124022812098,-451.1619629603698,0.8043431634098466,0.05357277173920268,-0.003004776022538159,0.5917372769439784
229.8,-9700.872010182395,1700.2871243743703,136463.16551002345,-48.45449574303757,7.844971571731408,-452.1184491187775,0.8043445799555365,0.053597922896356454,-0.0030067490436792104,0.5917330638197735
229.9,-9705.71751430936,1701.078684167369,136417.86225131573,-48.44970398548903,7.8458191206507175,-453.0749352771852,0.8043459969236426,0.0536230747906998,-0.003008717524187649,0.5917288489686489
230.0,-9710.56273314716,1701.8702439603674,136372.55899260798,-48.44490601272354,7.846666669570027,-454.0314213843378,0.8043474125886604,0.053648232177441114,-0.00301068602192673,0.5917246342817241
230.10000000000002,-9715.406234338705,1702.6621237793274,136327.2412655734,-48.44007119139519,7.847514073527282,-454.98790730374594,0.8043488247839717,0.05367345794622239,-0.0030126545228465204,0.5917204169989951
230.20000000000002,-9720.249735530248,1703.4541431571793,136281.66554082723,-48.435236370066846,7.848361398124759,-455.9443932125769,0.8043502357461848,0.05369868583073436,-0.0030146276074587935,0.5917162000617335
230.3,-9725.093236721792,1704.2461625350313,136235.88389401507,-48.4304015487385,7.849208702054483,-456.9008791214079,0.8043516565682828,0.053723914664316585,-0.003016598368554976,0.591711968531382
230.4,-9729.936331755001,1705.0381819128834,136190.10224720294,-48.42555700035326,7.850056005984207,-457.85736503023895,0.804353077816934,0.05374914425818368,-0.0030185643381987984,0.591707735260639
230.5,-9734.779138745333,1705.8302012907352,136144.32060039078,-48.420706236677766,7.850903309913932,-458.8138508872451,0.8043544977246009,0.05377437962740894,-0.003020530325230085,0.5917035021718622
230.60000000000002,-9739.620211968066,1706.6225406291164,136098.52448525655,-48.415818623977486,7.851750467806193,-459.7703365541485,0.8043559140004534,0.05379968688004036,-0.0030224963148513316,0.5916992663677482
230.70000000000002,-9744.461285190795,1707.4150194968645,136052.47037248552,-48.410931011277206,7.8525975456836346,-460.72682221034165,0.8043573290142062,0.053824996347451484,-0.0030244671151127248,0.5916950309306294
230.8,-9749.302358413524,1708.2074983646128,136006.21033770437,-48.406043398576934,7.853444602692882,-461.6833078665348,0.8043587542019734,0.05385030679121102,-0.0030264354979090613,0.5916907804633419
230.9,-9754.143020614376,1708.9999772323608,135959.9503029232,-48.40114605874826,7.85429165970213,-462.6397935227279,0.8043601798200741,0.053875618019128706,-0.0030283988645773714,0.5916865282421021
231.0,-9758.983391215834,1709.7924561001091,135913.690268142,-48.39624250353209,7.8551387167113775,-463.596279126526,0.8043616040580501,0.053900935312853976,-0.0030303622487950622,0.591682276221116
231.10000000000002,-9763.822006554317,1710.5852548283501,135867.4157650427,-48.39130209866739,7.855985625850677,-464.55276453786075,0.8043630244973806,0.05392632807891782,-0.003032325634992007,0.591678021361783
231.20000000000002,-9768.6606218928,1711.3781930443558,135820.88326437838,-48.386361693802684,7.85683245404126,-465.509249938352,0.8043644436436095,0.053951723161428246,-0.0030342940678274146,0.5916737668929806
231.3,-9773.499237231283,1712.1711312603616,135774.14484176124,-48.381421288937986,7.857679261151634,-466.4657353388432,0.8043658732872605,0.053977119248607326,-0.003036259869789535,0.5916694969444071
231.4,-9778.337436684295,1712.9640694763673,135727.4064191441,-48.376471156829254,7.858526068262008,-467.4222207393344,0.8043673033668519,0.054002516144772514,-0.0030382203492732474,0.5916652252257874
231.5,-9783.175341542408,1713.7570076923728,135680.66799652696,-48.37151480924674,7.859372875372381,-468.3787060868599,0.8043687320258931,0.05402791940487528,-0.0030401808464719663,0.5916609537262519
231.60000000000002,-9788.011473480268,1714.5502656683016,135633.91510559592,-48.36652161149283,7.860219532775585,-469.3351912394164,0.8043701567100844,0.05405340191959078,-0.0030421413450000103,0.5916566792584618
231.70000000000002,-9792.847605418126,1715.3436630901351,135586.90421717355,-48.36152841373892,7.861066108289005,-470.2916763809878,0.8043715800686221,0.05407888685863426,-0.0030441071440445657,0.5916524052057383
231.8,-9797.683737355985,1716.137060511969,135539.68740685683,-48.35653521598501,7.861912662506263,-471.2481615225592,0.8043730142581942,0.05410437283169462,-0.0030460701923660538,0.591648115208744
231.9,-9802.519448544665,1716.9304579338025,135492.47059654008,-48.35153229060185,7.862759216723521,-472.2046466641305,0.8043744488945884,0.054129859639973334,-0.0030480276576139473,0.5916438234176727
232.0,-9807.354862030683,1717.723855355636,135445.25378622333,-48.346523149631246,7.863605770940779,-473.16113175211024,0.8043758820684052,0.05415535311973695,-0.003049985140748848,0.5916395318653016
232.10000000000002,-9812.188484171225,1718.5175724531646,135398.0225075973,-48.34147715793621,7.864452173998758,-474.11761664223405,0.804377311068362,0.05418093013529709,-0.0030519426244740213,0.5916352371979905
232.20000000000002,-9817.022106311764,1719.3114289603357,135350.53323155676,-48.336431166241184,7.865298494281001,-475.07410152120934,0.8043787387056419,0.05420650970007513,-0.003053905696566287,0.5916309429741253
232.3,-9821.855728452303,1720.1052854675067,135302.8380336811,-48.33138517454616,7.866144792995396,-476.0305864001846,0.8043801775275335,0.05423209033024253,-0.003055865910332056,0.5916266323135937
232.4,-9826.688924979739,1720.899141974678,135255.14283580543,-48.32632945475573,7.866991091709791,-476.9870712791599,0.804381616806421,0.05425767182435806,-0.0030578202633410887,0.5916223198353199
232.5,-9831.52182069663,1721.6929984818494,135207.44763792976,-48.32126751897825,7.867837390424186,-477.94355610382866,0.804383054576639,0.05428326032559568,-0.0030597746344241433,0.5916180076177248
232.60000000000002,-9836.352906642143,1722.4871745743005,135159.73797174875,-48.316168730014425,7.868683536461736,-478.90004072787093,0.8043844879482233,0.05430893720598302,-0.0030617290052576476,0.5916136921195534
232.70000000000002,-9841.183992587657,1723.2814900379158,135111.77030822705,-48.3110699410506,7.869529598861243,-479.8565253406084,0.8043859199163184,0.054334616777818284,-0.0030636892766746906,0.5916093770960718
232.8,-9846.01507853317,1724.075805501531,135063.59672293015,-48.30597115208677,7.8703756394541475,-480.81300995334584,0.8043873634841656,0.05436029745117706,-0.0030656465871445695,0.591605045058792
232.9,-9850.8457340015,1724.8701209651463,135015.4231376333,-48.30086263496949,7.871221680047051,-481.76949456608327,0.8043888075118397,0.05438597902074893,-0.003067597744512543,0.5916007111893231
233.0,-9855.676085551155,1725.6644364287615,134967.24955233646,-48.29574790128459,7.872067720639954,-482.72597912391024,0.8043902499777711,0.05441166799057572,-0.0030695489201633948,0.5915963776060575
233.10000000000002,-9860.504608901916,1726.459071386686,134919.06149873862,-48.2905963104753,7.87291360704034,-483.68246347879204,0.8043916878126262,0.05443745032823375,-0.003071500094692857,0.5915920405709358
233.20000000000002,-9865.333132252677,1727.253845677032,134870.6154478767,-48.28544471966602,7.873759408957254,-484.6389478222384,0.8043931242010521,0.05446323549942252,-0.003073457498223847,0.5915877040439667
233.3,-9870.161655603439,1728.0486199673778,134821.96347530038,-48.280293128856734,7.874605188840333,-485.5954321656847,0.8043945726588067,0.05448902181246955,-0.0030754117954112084,0.5915833498512824
233.4,-9874.989743612914,1728.843394257724,134773.3115027241,-48.27513180978816,7.875450968723412,-486.551916509131,0.8043960215828415,0.05451480905668604,-0.003077359608422188,0.5915789938064487
233.5,-9879.81752459538,1729.6381685480699,134724.6595301478,-48.26996427402449,7.876296748606492,-487.50840079709167,0.8043974688876169,0.05454060413354191,-0.003079307439937258,0.5915746380750565
233.60000000000002,-9884.643458950059,1730.43315091848,134675.99308927436,-48.26475988032608,7.877142438969614,-488.4648848796682,0.804398911317117,0.0545664978036308,-0.003081255269411011,0.5915702787118771
233.70000000000002,-9889.469393304735,1731.228319933446,134627.06865121124,-48.25955548662767,7.877988015859797,-489.4213689506715,0.8044003522553281,0.05459239445408932,-0.0030832096681412307,0.5915659198917865
233.8,-9894.295327659413,1732.0236155106531,134577.93829149508,-48.25435109292926,7.878833494991986,-490.37785302167464,0.8044018057228888,0.054618292286576414,-0.00308516075637757,0.5915615427667363
233.9,-9899.120821808649,1732.8189110878607,134528.80793177898,-48.24913697086416,7.879678974124176,-491.3343370926779,0.8044032596627307,0.05464419108545167,-0.0030871049838017113,0.591557163769833
234.0,-9903.946005822496,1733.6142066650677,134479.67757206288,-48.24391663198481,7.880524453256365,-492.29082110760925,0.8044047119257782,0.05467009814121908,-0.003089049229953846,0.591552785113628
234.10000000000002,-9908.769324779401,1734.4096920172178,134430.53274405483,-48.23865943441822,7.881369852560255,-493.24730491473565,0.8044061590644035,0.05469610909587349,-0.003090993473121482,0.591548402642062
234.20000000000002,-9913.592643736301,1735.20535401601,134381.1299189395,-48.23340223685162,7.882215143239751,-494.203788710152,0.8044076046651922,0.054722123181600274,-0.0030929446356545293,0.5915440207497549
234.3,-9918.415962693205,1736.0010160148024,134331.52117223328,-48.228145039285025,7.883060411439573,-495.1602725055684,0.8044090632771418,0.05474813849146789,-0.0030948922663358667,0.59153961988287
234.4,-9923.238836580455,1736.7966780135946,134281.91242552706,-48.22287811324275,7.883905679639396,-496.11675630098483,0.8044105223669064,0.05477415480456678,-0.003096832641569831,0.5915352171244213
234.5,-9928.061397223877,1737.5925521742406,134232.30367882084,-48.217604970258236,7.88475081989328,-497.07324003974503,0.8044119797196669,0.054800179817407445,-0.0030987730357641924,0.5915308147350726
234.60000000000002,-9932.882074380812,1738.388532416033,134182.68046382704,-48.21229496777427,7.885595930234869,-498.0297235682765,0.8044134316906022,0.05482631418884361,-0.003100713425994642,0.5915264083407137
234.70000000000002,-9937.702751537745,1739.1845607548044,134132.7992518041,-48.2069849652903,7.886441008627032,-498.98620708496105,0.804414882075533,0.0548524518459041,-0.003102661094734138,0.5915220025629058
234.8,-9942.52342869468,1739.9806235488204,134082.71211825302,-48.20167496280634,7.887286043335992,-499.94269060164567,0.8044163459668863,0.054878590770599346,-0.0031046050110384218,0.5915175771217971
234.9,-9947.343655917693,1740.7769596183891,134032.624984702,-48.19635523173615,7.888130911634276,-500.8991741183303,0.8044178103429522,0.054904730736639436,-0.0031065412711607145,0.591513149766865
235.0,-9952.163566788378,1741.5732956879579,133982.53785115093,-48.19102928359386,7.888975779932559,-501.85565757777374,0.8044192729200457,0.054930879854860136,-0.0031084775504821014,0.5915087228101321
235.10000000000002,-9956.98157574262,1742.3696882227964,133932.43624931684,-48.18566647512827,7.889820648230842,-502.81214082456125,0.8044207298486473,0.05495714396659154,-0.0031104138248198407,0.591504291651923
235.20000000000002,-9961.79958469686,1743.166128841956,133882.076650518,-48.18030366666267,7.890665484267159,-503.76862405936487,0.8044221851416578,0.05498341152397865,-0.003112357639902768,0.5914998611487806
235.3,-9966.6175936511,1743.9626090615684,133831.51113023623,-48.17494085819707,7.89151027305746,-504.7251072941686,0.8044236544522875,0.05500968039405749,-0.003114297353145049,0.5914954102717674
235.4,-9971.435147807062,1744.759403365022,133780.94560995448,-48.16956832079775,7.892354868940628,-505.68159052897227,0.8044251242675101,0.05503595034579198,-0.003116228999524814,0.5914909574402293
235.5,-9976.25238250212,1745.5561976684755,133730.3800896727,-48.16418956617459,7.893199464823796,-506.6380737059284,0.8044265922198215,0.055062229913313165,-0.0031181606653473168,0.5914865050367957
235.60000000000002,-9981.067696850363,1746.3530484222003,133679.80010111252,-48.158773950392565,7.894044060706964,-507.59455666725734,0.8044280542137698,0.05508863104625867,-0.0031200923249922155,0.5914820482036466
235.70000000000002,-9985.883011198608,1747.1499472474736,133628.96211567803,-48.15335833461054,7.894888624059702,-508.5510396164341,0.8044295145283109,0.05511503581560339,-0.003122031995366047,0.5914775920514748
235.8,-9990.69832554685,1747.9468856612311,133577.91820883597,-48.14794271882852,7.895733139745484,-509.50752256561094,0.804430989405276,0.055141441944225836,-0.003123967440938178,0.5914731147670097
235.9,-9995.513180232165,1748.7441380639045,133526.8743019939,-48.1425173733077,7.896577460698494,-510.46400551478774,0.8044324647986554,0.055167849196850464,-0.00312589439921063,0.5914686354974021
236.0,-10000.327712347878,1749.5413904665775,133475.83039515183,-48.13708581017441,7.897421781651506,-511.42048840536916,0.8044339382610929,0.055194266556187865,-0.0031278213771847208,0.59146415668788
236.10000000000002,-10005.140305685707,1750.3386993043785,133424.772020036,-48.13161738369306,7.8982661026045164,-512.376971076649,0.8044354054527622,0.055220812068926525,-0.003129748347773295,0.5914596732185364
236.20000000000002,-10009.952899023534,1751.136056200832,133373.45564813438,-48.12614895721171,7.899110390569818,-513.3334537355687,0.804436870899912,0.055247361409514216,-0.0031316838159791338,0.5914551904840479
236.3,-10014.765492361363,1751.9334526735195,133321.93335489777,-48.12068053073036,7.8999546303133314,-514.2899363944884,0.8044383515129448,0.05527391216324987,-0.003133614937090508,0.5914506857775474
236.4,-10019.577621171255,1752.7311630379618,133270.41106166114,-48.11520237409982,7.900798673500559,-515.2464190534082,0.804439832633056,0.05530046409158346,-0.003135537138828852,0.5914461790826003
236.5,-10024.389424077994,1753.528873402404,133218.88876842454,-48.10971799897998,7.901642716687789,-516.2029016528872,0.8044413117381662,0.05532702674172538,-0.0031374593605822004,0.5914416728889331
236.60000000000002,-10029.19926823767,1754.326640186688,133167.3520069189,-48.10419675475257,7.902486759875018,-517.1593840307161,0.8044427842091623,0.05535372523237747,-0.0031393815735404687,0.59143716176788
236.70000000000002,-10034.009112397345,1755.1244550166077,133115.55724871132,-48.098675510525155,7.903330769672065,-518.1158663960532,0.8044442548666956,0.05538042776915602,-0.0031413127812589623,0.5914326514372387
236.8,-10038.81895655702,1755.9223094103406,133063.55656923554,-48.09315426629774,7.904174730731511,-519.0723487613903,0.8044457413751892,0.05540713177929257,-0.003143239396082729,0.5914281181829397
236.9,-10043.62833132365,1756.720477597315,133011.55588975974,-48.08762329183572,7.905018493411756,-520.0288311267275,0.8044472284024429,0.055433837014084344,-0.003145156574087226,0.591423582907926
237.0,-10048.43737730227,1757.5186457842894,132959.55521028396,-48.08208609838424,7.905862256092001,-520.9853134320953,0.8044487133338234,0.05546055355984519,-0.0031470737724080488,0.591419048172328
237.10000000000002,-10053.244447634404,1758.3168703756776,132907.5400625439,-48.076512032453245,7.906706018772246,-521.9417955133082,0.8044501912970682,0.05548741293015084,-0.0031489909606332266,0.5914145082633323
237.20000000000002,-10058.051517966536,1759.115142999563,132855.2669181947,-48.07093796652225,7.907549747724142,-522.8982775818877,0.8044516673780177,0.055514276543011866,-0.0031509177541770316,0.5914099692006719
237.3,-10062.858588298668,1759.9134551747075,132802.78785265415,-48.06536390059126,7.908393427468322,-523.8547596504671,0.8044531600350805,0.055541141692680186,-0.0031528398434108023,0.5914054062062405
237.4,-10067.665184372607,1760.7120810435217,132750.30878711358,-48.05978010424359,7.909236907010477,-524.8112417190467,0.8044546532362719,0.05556800812332875,-0.0031547519800538023,0.5914008411387826
237.5,-10072.471448548991,1761.5107069123362,132697.829721573,-48.054190088715046,7.910080386552632,-525.7677237270525,0.80445614425201,0.05559488652003032,-0.0031566641373457684,0.5913962766534283
237.60000000000002,-10077.27571864235,1762.3093891699873,132645.336187773,-48.04856319950351,7.910923866094787,-526.7242055086978,0.80445762786896,0.05562191683364501,-0.0031585762828599826,0.5913917066776152
237.70000000000002,-10082.079988735706,1763.1081194468711,132592.58465744535,-48.042936310291985,7.911767311540127,-527.6806872775855,0.8044591095211745,0.05564895165498356,-0.003160498539118416,0.5913871376155255
237.8,-10086.884258829063,1763.9068892659852,132539.62720598961,-48.03730942108046,7.9126107073522665,-528.6371690464732,0.8044606084801694,0.0556759880788938,-0.0031624157324140565,0.5913825436059892
237.9,-10091.688049798971,1764.7059727071592,132486.66975453388,-48.03167280128775,7.913453901664253,-529.5936508153609,0.8044621080198314,0.055703025836437846,-0.003164322378686484,0.5913779474556333
238.0,-10096.491506098562,1765.505056148333,132433.71230307818,-48.02602996214418,7.91429709597624,-530.5501325231448,0.8044636052921511,0.05573007614637874,-0.0031662290459146354,0.5913733519247395
238.10000000000002,-10101.292952182668,1766.304195962594,132380.74038336787,-48.020350248250686,7.915140290288226,-531.5066140016431,0.8044650947905058,0.05575728617525555,-0.0031681356998924572,0.5913687506271026
238.20000000000002,-10106.094398266772,1767.103383782675,132327.51046721134,-48.0146705343572,7.915983450204287,-532.4630954672177,0.8044665822532171,0.05578450093753535,-0.0031700529726666656,0.5913641502975377
238.3,-10110.895844350876,1767.90261112997,132274.07462998977,-48.008990820463715,7.916826559991872,-533.4195769327923,0.8044680877835704,0.05581171736930384,-0.003171964927969404,0.5913595239620567
238.4,-10115.696806446202,1768.702151980221,132220.6387927682,-48.00330137582244,7.9176694660368145,-534.3760583983669,0.8044695938614014,0.05583893519911866,-0.003173865805919295,0.5913548955104257
238.5,-10120.497430312329,1769.501692830472,132167.20295554664,-47.997605711605914,7.918512372081756,-535.3325398021307,0.8044710975628421,0.055866166377105314,-0.0031757667052222096,0.5913502677315668
238.60000000000002,-10125.296022452445,1770.3012900378794,132113.7526500754,-47.99187317120152,7.919355278126699,-536.2890209741797,0.8044725930673667,0.05589356608466004,-0.003177667589608456,0.5913456338745527
238.70000000000002,-10130.094614592559,1771.1009352375406,132060.04434824313,-47.98614063079713,7.920198149480736,-537.2455021331687,0.8044740864633663,0.05592097076659611,-0.0031795796369293353,0.5913410010398283
238.8,-10134.893206732675,1771.9006199499784,132006.13012541286,-47.98040809039274,7.921040970211551,-538.2019832921577,0.8044755987116695,0.05594837718721516,-0.003181485850224762,0.5913363411083432
238.9,-10139.691310018521,1772.7006180508665,131952.2159025826,-47.97466581871281,7.921883584938076,-539.1584644511466,0.8044771115456125,0.05597578506703756,-0.0031833802644708636,0.5913316789885764
239.0,-10144.489072077617,1773.5006161517547,131898.3016797523,-47.96891732723697,7.9227261996646,-540.1149455477199,0.804478621908123,0.0560032069710046,-0.0031852747004191494,0.5913270175857457
239.10000000000002,-10149.284784740496,1774.3006705937241,131844.37298867735,-47.96313195837148,7.9235688143911265,-541.0714264092546,0.8044801236040414,0.05603080719148453,-0.0031871691195887665,0.5913223497589959
239.20000000000002,-10154.080497403374,1775.1007730142587,131790.1863013286,-47.957346589505995,7.924411394033326,-542.0279072575406,0.8044816231088837,0.05605841267403421,-0.0031890753228064864,0.5913176830157789
239.3,-10158.876210066253,1775.900914934341,131735.79369305092,-47.95156122064051,7.925253922523414,-542.9843881058266,0.8044831422902958,0.05608601996872843,-0.003190975440858174,0.5913129880279434
239.4,-10163.671429008966,1776.7013701379558,131681.40108477324,-47.945766119349756,7.9260962430316155,-543.9408689541126,0.8044846620745931,0.056113628788321046,-0.0031928631487464724,0.5913082908059446
239.5,-10168.466303614894,1777.5018253415706,131627.00847649557,-47.93996479767309,7.926938563539817,-544.8973497391188,0.8044861792828989,0.056141252374994115,-0.00319475087871876,0.591303594350139
239.60000000000002,-10173.259110385163,1778.3023368700499,131572.6013999787,-47.93412659524062,7.927780884048019,-545.853830284689,0.8044876873441135,0.05616906424019751,-0.0031966385900001853,0.5912988911166887
239.70000000000002,-10178.05191715543,1779.1028963632848,131517.93632727914,-47.92828839280815,7.928623169004355,-546.8103108167614,0.8044891931222506,0.05619688165615594,-0.0031985387808665666,0.5912941890390107
239.8,-10182.844723925697,1779.9034953408877,131463.0653337211,-47.92245019037568,7.929465402205315,-547.7667913488339,0.8044907195171583,0.056224700967627696,-0.00320043265442339,0.591289457408713
239.9,-10187.637032109373,1780.70440748163,131408.19434016303,-47.91660225474283,7.930307425274582,-548.7232718809062,0.8044922465026693,0.05625252188279881,-0.003202313464597281,0.5912847235362909
240.0,-10192.428992621088,1781.505319622372,131353.32334660497,-47.91074809732898,7.931149448343849,-549.6797523486788,0.8044937707829423,0.05628035849651576,-0.0032041942973203416,0.59127999049338
240.10000000000002,-10197.21886531765,1782.3062880716152,131298.4378848124,-47.90485705006699,7.931991471413116,-550.636232574397,0.8044952853546167,0.056308395067671255,-0.0032060751091120584,0.5912752502595485
240.20000000000002,-10202.008738014212,1783.1073044716786,131243.2944269248,-47.898966002805,7.932833458553416,-551.5927127864713,0.8044967975420878,0.056336437521093595,-0.0032079691447095366,0.5912705112602213
240.3,-10206.798610710774,1783.9083603436195,131187.94504825005,-47.89307495554301,7.933675393453397,-552.5491929985455,0.8044983314254333,0.05636448196471028,-0.003209856479154069,0.5912657412094219
240.4,-10211.587979954078,1784.7097292796295,131132.5956695753,-47.88717417491632,7.934517116500646,-553.5056732106196,0.8044998659211516,0.05639252809043992,-0.0032117299656215267,0.5912609688615051
240.5,-10216.376998638947,1785.5110982156393,131077.24629090057,-47.88126717171164,7.935358839547895,-554.4621533578545,0.8045013975868056,0.0564205908094541,-0.0032136034750850804,0.5912561974020176
240.60000000000002,-10221.163912599099,1786.3125234436418,131021.88244399647,-47.875323273302264,7.936200562595144,-555.418633260394,0.8045029190277301,0.056448864091833806,-0.0032154769615487847,0.5912514183716712
240.70000000000002,-10225.950826559249,1787.1139966084065,130966.26060108839,-47.86937937489288,7.93704224936619,-556.3751131491399,0.8045044379805029,0.056477143554849694,-0.003217364447748376,0.5912466406598607
240.8,-10230.7377405194,1787.9155092326455,130910.43283746531,-47.8634354764835,7.9378838834373795,-557.3315930378858,0.8045059797399605,0.056505425106223375,-0.003219244888071288,0.5912418303524893
240.9,-10235.524146159556,1788.7173348225788,130854.60507384226,-47.85748184446726,7.938725303967993,-558.2880729266317,0.8045075221475958,0.05653370842764512,-0.0032211106976344378,0.5912370176716164
241.0,-10240.310198129913,1789.519160412512,130798.77731021919,-47.851521989589834,7.939566724498604,-559.2445527498976,0.8045090615866904,0.056562009337345516,-0.0032229765306867188,0.5912322059452676
241.10000000000002,-10245.094126927506,1790.321042277771,130742.93507837136,-47.84552523771148,7.940408145029218,-560.2010323260865,0.8045105901360071,0.05659053460519221,-0.0032248423380670096,0.5912273861586645
241.20000000000002,-10249.878055725098,1791.1229720655992,130686.8348506078,-47.83952848583312,7.941249528946317,-561.1575118883477,0.8045121160844213,0.05661906645439771,-0.003226722944409269,0.5912225677748096
241.3,-10254.661984522687,1791.9249412997176,130630.52870220227,-47.83353173395476,7.942090859698582,-562.1139914506089,0.8045136659682997,0.056647600492660044,-0.0032285960003061,0.5912177152255655
241.4,-10259.445400133418,1792.7272233949627,130574.22255379672,-47.82752524822671,7.942931975123322,-563.0704710128699,0.8045152165537108,0.05667613638314973,-0.0032304535247323933,0.591212860202008
241.5,-10264.228459299942,1793.5295054902078,130517.91640539118,-47.82151253938498,7.943773090548062,-564.0269505090711,0.8045167640440207,0.05670469075133135,-0.0032323110730989777,0.5912080061907653
241.60000000000002,-10269.009379150933,1794.3318438439014,130461.59578876702,-47.81546293195635,7.944614205972801,-564.9834297549705,0.8045183000659444,0.056733481292513536,-0.00323416859345512,0.5912031436933874
241.70000000000002,-10273.790299001921,1795.1342301057923,130405.0171763249,-47.8094133245277,7.945455284449775,-565.9399089867594,0.8045198333732874,0.0567622787575711,-0.0032360417316199823,0.5911982826879465
241.8,-10278.571218852909,1795.9366558004392,130348.23264331456,-47.803363717099074,7.946296309255806,-566.896388218548,0.8045213917806917,0.05679107851612213,-0.003237906992505294,0.5911933858954632
241.9,-10283.351620650059,1796.7393942488711,130291.44811030422,-47.7973043755751,7.947137116603939,-567.8528674503369,0.8045229508381639,0.056819880227784274,-0.00323975591949443,0.5911884866665922
242.0,-10288.131662441934,1797.542132697303,130234.66357729389,-47.7912388106054,7.947977923952071,-568.8093466152875,0.8045245066320673,0.05684870162285378,-0.003241604871017572,0.5911835885324326
242.10000000000002,-10292.909543393722,1798.3449273871186,130177.86457607005,-47.78513634492045,7.9488187313002046,-569.7658255271431,0.8045260502978105,0.05687777269209997,-0.0032434537918574666,0.5911786814265978
242.20000000000002,-10297.687424345506,1799.1477699705995,130120.80757912097,-47.779033879235506,7.9496595014630005,-570.7223044247306,0.8045275911550628,0.056906851053600764,-0.0032453191787400557,0.5911737758703642
242.3,-10302.465305297292,1799.950651976549,130063.54466167826,-47.772931413550566,7.950500217587982,-571.678783322318,0.8045291583382002,0.05693593181510343,-0.0032471759377372222,0.5911688328222342
242.4,-10307.242663327956,1800.753846654691,130006.28174423553,-47.76681921264968,7.951340714684138,-572.6352622199057,0.8045307262357938,0.05696501462623372,-0.003249015272126503,0.5911638872181728
242.5,-10312.019658353893,1801.5570413328328,129949.0188267928,-47.7607007879476,7.952181211780294,-573.591741049861,0.8045322907225905,0.0569941181444863,-0.003250854631568477,0.5911589427774547
242.60000000000002,-10316.794474857614,1802.3602922351515,129891.74144114197,-47.75454546075182,7.953021708876451,-574.5482196222065,0.8045338423308356,0.05702348671356334,-0.0032526939572712,0.591153988812924
242.70000000000002,-10321.569291361333,1803.1635910164825,129834.20605986127,-47.74839013355606,7.953862168195052,-575.504698180028,0.8045353909832614,0.05705286303289347,-0.003254550729806062,0.5911490365167718
242.8,-10326.34410786505,1803.9669292030121,129776.46475816272,-47.74223480636029,7.9547025727400404,-576.4611767378493,0.8045369672603636,0.05708224187172441,-0.0032563985469002297,0.5911440449187474
242.9,-10331.11839657952,1804.7705799247597,129718.72345646415,-47.73606974163667,7.955542755757877,-577.4176552956708,0.8045385442788207,0.057111622865509123,-0.0032582280177834203,0.5911390506924475
243.0,-10335.892319177041,1805.5742306465072,129660.9821547656,-47.72989845164203,7.956382938775715,-578.3741337847109,0.8045401177213193,0.05714102571513938,-0.003260057514300068,0.5911340577078864
243.10000000000002,-10340.66404479921,1806.3779375750753,129603.22638486489,-47.723690250446175,7.957223121793552,-579.330612010603,0.8045416775278039,0.05717070903856572,-0.0032618869739821916,0.5911290546421685
243.20000000000002,-10345.435770421376,1807.1816923678755,129545.21261943372,-47.717482049250336,7.958063266449916,-580.2870902216574,0.8045432342234891,0.05720040056113074,-0.003263734956742919,0.5911240533720368
243.3,-10350.207496043544,1807.9854865518505,129486.99293366158,-47.711273848054496,7.958903355683893,-581.243568432712,0.8045448202129022,0.05723009475103593,-0.00326557363203363,0.5911190104811637
243.4,-10354.978689007477,1808.7895931598164,129428.77324788943,-47.70505590904716,7.959743221535807,-582.2000466437663,0.8045464069499467,0.05725979122616656,-0.0032673929546925148,0.5911139649136589
243.5,-10359.749512516375,1809.5936997677818,129370.55356211729,-47.698831742449244,7.960583087387721,-583.1565247850571,0.8045479899029057,0.05728951103903959,-0.0032692123037069815,0.5911089206897617
243.60000000000002,-10364.518119052065,1810.3978625650627,129312.3194081481,-47.69257064894641,7.9614229532396354,-584.1130026608206,0.8045495583428588,0.05731952922263597,-0.0032710316122980553,0.5911038657395139
243.70000000000002,-10369.286725587754,1811.202073211669,129253.82725874402,-47.68630955544357,7.9622627803090635,-585.069480521614,0.8045511235175321,0.05734955610838898,-0.0032728705797038914,0.5910988127031014
243.8,-10374.055332123444,1812.0063232370849,129195.12918907676,-47.680048461940736,7.963102551452294,-586.0259583824072,0.8045527195287346,0.057379585800953745,-0.0032746995583158856,0.5910937158987829
243.9,-10378.823401131951,1812.8108855884238,129136.4311194095,-47.673777630283396,7.9639420975902295,-586.9824362432006,0.8045543162839921,0.057409617901194976,-0.0032765079271957847,0.5910886163825521
244.0,-10383.591097796305,1813.6154479397628,129077.73304974225,-47.66750057049788,7.964781643728166,-587.9389140335782,0.8045559090585214,0.05743967472559318,-0.0032783163231050786,0.5910835183022107
244.10000000000002,-10388.356560561093,1814.420066462749,129019.02051188357,-47.66118658032968,7.965621189866102,-588.8953915555246,0.8045574865185209,0.05747004606362442,-0.0032801246752920976,0.5910784089057552
244.20000000000002,-10393.122023325881,1815.2247328200147,128960.04997868912,-47.65487259016149,7.9664606968843055,-589.8518690623365,0.8045590605469449,0.057500426557025315,-0.003281953861803869,0.5910733015594821
244.3,-10397.887486090669,1816.0294385394936,128900.87352531018,-47.64855859999329,7.96730014746377,-590.8083465691484,0.804560667110247,0.05753081001091112,-0.0032837724890975644,0.5910681480817946
244.4,-10402.6524064591,1816.834456453259,128841.69707193124,-47.64223487128992,7.968139370873429,-591.7648240759603,0.8045622744669597,0.0575611960107489,-0.0032855692905991688,0.5910629917807422
244.5,-10407.416951369205,1817.6394743670244,128782.5206185523,-47.63590491403751,7.968978594283087,-592.7213015116608,0.8045638776280702,0.05759160824158977,-0.003287366119867737,0.5910578370178544
244.60000000000002,-10412.179243913892,1818.4445484345592,128723.32969698691,-47.62953802374519,7.9698178176927446,-593.6777786763686,0.8045654644480585,0.05762235584900704,-0.0032891629011829655,0.5910526701837152
244.70000000000002,-10416.941536458577,1819.24967032115,128663.88078018186,-47.62317113345288,7.970657001632762,-594.6342558257976,0.8045670476608229,0.05765311321877768,-0.003290981722743762,0.5910475055305033
244.8,-10421.703829003261,1820.0548315561575,128604.22594327187,-47.616804243160566,7.971496128642945,-595.5907329752265,0.8045686649188508,0.057683873690711644,-0.003292789220763176,0.5910422926372355
244.9,-10426.465574282232,1820.8603048760297,128544.57110636188,-47.61042761396951,7.972335026560264,-596.5472101246554,0.8045702830015273,0.05771463683460346,-0.0032945735325111847,0.5910370768328593
245.0,-10431.22694132593,1821.6657781959016,128484.91626945187,-47.60404475585477,7.973173924477582,-597.5036872022744,0.8045718966921077,0.057745427554714034,-0.0032963578726933162,0.5910318626559509
245.10000000000002,-10435.986039845511,1822.4713076514329,128425.2469643621,-47.597624962348945,7.974012822394901,-598.4601640054883,0.8045734931453871,0.05777657156652363,-0.0032981421612022213,0.5910266357484515
245.20000000000002,-10440.745138365091,1823.276884910597,128365.31966413911,-47.59120516884312,7.9748516980144055,-599.4166407932303,0.8045750869240256,0.057807725715144545,-0.0032999497140571636,0.5910214096635791
245.3,-10445.504236884675,1824.0825015036633,128305.18644389149,-47.5847853753373,7.975690512213074,-600.3731175809722,0.8045767165829389,0.057838883183355005,-0.003301745450507471,0.5910161327761702
245.4,-10450.26278326881,1824.888430066471,128245.05322364389,-47.57835584164331,7.976529077174571,-601.3295943687142,0.8045783459236887,0.057870043637795,-0.00330351679943275,0.5910108544661565
245.5,-10455.020947853205,1825.6943586292791,128184.92000339628,-47.57192007845329,7.977367642136067,-602.2860710838523,0.8045799706110274,0.057901233489936345,-0.003305288177686024,0.5910055779110419
245.60000000000002,-10459.776822367276,1826.5003433079194,128124.77231497447,-47.56544737670852,7.978206196623004,-603.2425475196519,0.804581576330395,0.05793279781825376,-0.0033070595050270707,0.5910002887681836
245.70000000000002,-10464.532696881348,1827.3063757733084,128064.36663152091,-47.55897467496375,7.979044719500981,-604.1990239396993,0.8045831786429142,0.057964372942386634,-0.003308855501691931,0.5909950013236399
245.8,-10469.28857139542,1828.1124475579427,128003.75502812452,-47.55250197321898,7.979883212900264,-605.1555003597466,0.8045848208000241,0.0579959512785254,-0.003310638678458486,0.59098965764642
245.9,-10474.04388890332,1828.9188311960695,127943.14342472813,-47.5460195284982,7.980721464590073,-606.111976779794,0.8045864633481917,0.05802753267675292,-0.003312395820298942,0.5909843115364628
246.0,-10478.798821608827,1829.7252148341965,127882.53182133174,-47.53953085263919,7.981559681409834,-607.0684531258756,0.8045880987066515,0.058059145384782636,-0.0033141530096455277,0.5909789703928837
246.10000000000002,-10483.551446542044,1830.5316545712315,127821.90574976704,-47.53300522861619,7.9823978982295944,-608.024929185565,0.8045897145300128,0.0580911575786688,-0.0033159101377649176,0.5909736148286496
246.20000000000002,-10488.304071475259,1831.3381420806027,127761.02168325723,-47.52647960459319,7.983236108165354,-608.9814052291025,0.8045913284616626,0.05812318108959688,-0.003317693072959891,0.5909682587897563
246.3,-10493.056696408472,1832.144668894408,127699.93169686678,-47.5199539805702,7.984074238243926,-609.9378812726399,0.8045929811445028,0.05815520845860045,-0.0033194623063273515,0.5909628478949716
246.4,-10497.808759463545,1832.9515074442343,127638.84171047632,-47.51341861181627,7.9849121327376595,-610.8943573161773,0.8045946347626547,0.05818723900112337,-0.0033212040918418804,0.5909574337733275
246.5,-10502.56043459992,1833.7583459940606,127577.75172408587,-47.506877008718355,7.9857500272313935,-611.8508332840946,0.8045962832098288,0.05821930248607513,-0.0033229459084177172,0.5909520216510421
246.60000000000002,-10507.309783485165,1834.5652406242048,127516.64726953367,-47.500298436547915,7.986587921725128,-612.8073089615234,0.804597910893851,0.05825178997122258,-0.0033246876586126768,0.5909465942049008
246.70000000000002,-10512.05913237041,1835.3721830108545,127455.28482016291,-47.493719864377475,7.987425807622425,-613.7637846225717,0.8045995364818278,0.058284289470071866,-0.00332645723195315,0.5909411664256269
246.8,-10516.808481255655,1836.1791646870302,127393.71645101624,-47.48714129220704,7.988263600945938,-614.7202602836201,0.8046012026486155,0.05831679319104551,-0.00332821286350651,0.5909356812102733
246.9,-10521.557263390247,1836.9864579809857,127332.14808186957,-47.480552974963885,7.989101156777386,-615.6767359446684,0.8046028697390235,0.058349300300703656,-0.003329939420276797,0.5909301927178907
247.0,-10526.305654488435,1837.7937512749413,127270.5797127229,-47.47395842144721,7.989938712608835,-616.6332115295642,0.8046045313179861,0.05838184272777223,-0.0033316660092483153,0.5909247063914965
247.10000000000002,-10531.051700847376,1838.6011006328072,127208.99687542005,-47.467326885856764,7.990776268440283,-617.5896868211187,0.8046061707606634,0.058414836553221654,-0.0033333925260841737,0.5909192037314321
247.20000000000002,-10535.797747206318,1839.4084977332075,127147.15604340349,-47.46069535026633,7.991613815596611,-618.546162096131,0.8046078080027642,0.058447843134672724,-0.003335148614127389,0.5909137007360832
247.3,-10540.543793565259,1840.2159341081028,127085.10929169646,-47.45406381467589,7.992451269368969,-619.5026373711434,0.8046094880086903,0.05848085417506812,-0.0033368897767737525,0.5909081372497466
247.4,-10545.289268300885,1841.0236819815657,127023.06253998942,-47.44742253348859,7.993288483770161,-620.4591126461557,0.8046111689264348,0.05851386879606102,-0.0033385999691882278,0.5909025704357692
247.5,-10550.034348881805,1841.8314298550285,126961.01578828238,-47.440775015608835,7.994125698171356,-621.4155878441917,0.80461284403018,0.05854692079408489,-0.003340310194800368,0.5908970059282742
247.60000000000002,-10554.777066231369,1842.6392337703023,126898.95456842535,-47.43409051309488,7.994962912572548,-622.372062745611,0.8046144957631158,0.05858044844085757,-0.003342020343068916,0.5908914241790629
247.70000000000002,-10559.519783580929,1843.4470854092901,126836.71556063645,-47.427406010580924,7.995800118220811,-623.3285376303031,0.804616145229953,0.05861398951041866,-0.003343747180491972,0.5908858421249886
247.8,-10564.262500930488,1844.25497630762,126774.3075129647,-47.42072150806697,7.996637229658911,-624.2850125149953,0.8046178399458007,0.05864753530282524,-0.0033454509398803296,0.5908801961496648
247.9,-10569.004641783806,1845.063178584329,126711.73624927133,-47.41402725942657,7.9974740996692555,-625.2414873996875,0.8046195355614716,0.05868108488962944,-0.0033471518137412892,0.5908745466203071
248.0,-10573.746385363922,1845.8713808610382,126649.09017853883,-47.407326773476754,7.9983109696796,-626.1979622066233,0.8046212249902294,0.05871467412432171,-0.003348866692223411,0.5908688995281228
248.10000000000002,-10578.485747219442,1846.6796391610455,126586.42963966179,-47.400589298980705,7.999147839689944,-627.1544367140531,0.804622889459171,0.05874877052875167,-0.0033505814869153913,0.590863234025806
248.20000000000002,-10583.225109074961,1847.4879451690024,126523.68788844043,-47.393851824484656,7.999984700869741,-628.110911204593,0.8046245515917159,0.05878288125773096,-0.003352296300545941,0.5908575682483749
248.3,-10587.96447093048,1848.2962904209955,126460.8903050934,-47.38711434998861,8.000821466935179,-629.067385695133,0.8046262611982062,0.058816996959197135,-0.003353965931711174,0.590851835548834
248.4,-10592.70325141634,1849.1049469299767,126397.80911099532,-47.3803671275876,8.001657988886322,-630.023860185673,0.804627971701964,0.05885111665239724,-0.003355654720673525,0.5908460990858323
248.5,-10597.441631510175,1849.9136034389578,126334.72791689725,-47.37361366714777,8.002494510837463,-630.9803345975025,0.8046296757493769,0.05888527802354417,-0.0033573435451015408,0.5908403652255512
248.60000000000002,-10602.177611384152,1850.7223159517416,126271.63225466195,-47.366823214208644,8.003331032788605,-631.9368087027179,0.8046313533865324,0.05891997491614822,-0.003359032279491653,0.5908346118884567
248.70000000000002,-10606.913591258128,1851.5310761558726,126208.45538012347,-47.36003276126953,8.00416754574117,-632.893282790639,0.8046330285693966,0.05895468694644947,-0.003360721032917903,0.5908288582799808
248.8,-10611.649571132102,1852.3398755885703,126145.03082864916,-47.35324230833041,8.005003962028646,-633.84975687856,0.8046347542963201,0.058989404269963165,-0.0033624004303228986,0.5908230332559165
248.9,-10616.38496476147,1853.1489861555617,126081.51451135646,-47.346442102997116,8.005840131611997,-634.8062309664812,0.8046364810377977,0.05902412586530703,-0.003364061150619413,0.5908172044224178
249.0,-10621.119954879296,1853.9580967225531,126017.99819406377,-47.339635657162525,8.006676301195348,-635.7627049738372,0.8046382009021,0.059058891982922315,-0.003365721907661378,0.5908113783965417
249.10000000000002,-10625.852526278222,1854.7672632737058,125954.46740864003,-47.33279220459966,8.0075124707787,-636.7191828510737,0.8046398925408417,0.0590942293763245,-0.0033673825668534014,0.5908055315591836
249.20000000000002,-10630.58509767715,1855.5764774994807,125890.74895492621,-47.325948752036815,8.008348631192721,-637.6759194882003,0.8046415815283786,0.0591295828975793,-0.0033690660052536157,0.5907996844076003
249.3,-10635.317669076077,1856.3857309382097,125826.77588527203,-47.31910529947397,8.009184693467933,-638.6326561253269,0.8046433241632786,0.059164942046970634,-0.003370741262601574,0.5907937614899028
249.4,-10640.049649353352,1857.1952953874072,125762.80281561785,-47.31225209179514,8.01002050721739,-639.5893927624535,0.8046450679926269,0.05920030574960954,-0.003372377223545035,0.5907878345278916
249.5,-10644.781222997632,1858.0048598366047,125698.82974596365,-47.30539263832273,8.010856320966848,-640.5461290690486,0.8046468045296542,0.05923571675335967,-0.003374013222519805,0.5907819105691259
249.60000000000002,-10649.510359411905,1858.8144802501602,125634.84220818503,-47.2984961435028,8.011692134716304,-641.5028652732902,0.8046485107569893,0.059271740098226756,-0.0033756491147225185,0.5907759642667784
249.70000000000002,-10654.239495826174,1859.6241483214721,125570.66062514759,-47.29159964868288,8.012527939183382,-642.4596014730066,0.804650214173266,0.059307780758441175,-0.0033773106070853452,0.5907700176426434
249.8,-10658.968632240445,1860.4338555900117,125506.20917398119,-47.28470315386296,8.013363644446239,-643.4163376727229,0.8046519748082636,0.05934382742580237,-0.003378966814897165,0.5907639902421966
249.9,-10663.697172655338,1861.2438737442815,125441.75772281477,-47.27779690373789,8.014199099265653,-644.3730738724392,0.8046537366094993,0.05937987895511766,-0.003380581310213031,0.5907579587323822
250.0,-10668.425303313461,1862.0538918985512,125377.30627164837,-47.270884405189626,8.015034554085068,-645.3298097383758,0.8046554906374832,0.05941598102861239,-0.003382195845102296,0.5907519304552664
250.10000000000002,-10673.150978214975,1862.8639659971743,125312.84035236476,-47.26393484741396,8.015870008904482,-646.2865455007677,0.8046572124411137,0.0594527326226523,-0.0033838102650278006,0.5907458784268291
250.20000000000002,-10677.876653116486,1863.6740877365196,125248.18038791389,-47.2569852896383,8.016705454347573,-647.2432812585791,0.8046589312793192,0.05948950254122773,-0.003385451896447643,0.5907398260785183
250.3,-10682.602328017998,1864.4842486572434,125183.25055545571,-47.25003573186264,8.017540799660178,-648.2000170163906,0.8046607109170381,0.059526278854788194,-0.003387087627006456,0.5907336879420334
250.4,-10687.327402042352,1865.294720337996,125118.32072299754,-47.24307641788345,8.018375892611362,-649.156752774202,0.8046624915983994,0.059563060367597565,-0.0033886788409375986,0.590727545751859
250.5,-10692.052063185547,1866.1051920187488,125053.39089053935,-47.23611085511029,8.019210985562545,-650.1134881949383,0.804664263973149,0.05959989600572888,-0.003390270096145957,0.5907214070518623
250.60000000000002,-10696.774250041386,1866.9157196235353,124988.44658997018,-47.22910823109693,8.02004607851373,-651.0702235110335,0.8046660019991667,0.0596374223600344,-0.0033918612272742514,0.5907152430387612
250.70000000000002,-10701.496436897225,1867.7262948517405,124923.30824432033,-47.22210560708357,8.020881162000887,-652.0269588224988,0.8046677368938009,0.05967496815748246,-0.003393481229161666,0.5907090787035185
250.8,-10706.218623753062,1868.5369092453411,124857.9000307871,-47.21510298307022,8.021716144412471,-652.9836941339641,0.8046695362561073,0.05971252075183323,-0.0033950945185867213,0.590702823440055
250.9,-10710.94020485342,1869.3478342722046,124792.49181725387,-47.20809060208634,8.022550872034786,-653.9404294454295,0.804671336707866,0.0597500788590303,-0.0033966602905241812,0.5906965639446252
251.0,-10715.661369948046,1870.158759299068,124727.08360372065,-47.20107197127815,8.0233855996571,-654.8971644161945,0.8046731283785008,0.05978769417615614,-0.003398226105202875,0.5906903081564765
251.10000000000002,-10720.380042223665,1870.969740229299,124661.66092208325,-47.19401627262812,8.024220327279414,-655.8538992810688,0.8046748837629546,0.05982603715543216,-0.003399791787422078,0.5906840256305858
251.20000000000002,-10725.098714499285,1871.7807687653503,124596.04419545608,-47.18696057397809,8.025055045351952,-656.8106341412564,0.8046766358487706,0.059864400597830915,-0.0034013880601181075,0.5906777427831794
251.3,-10729.817386774903,1872.5918364506379,124530.15760107136,-47.17990487532807,8.025889661320843,-657.767369001444,0.804678456266866,0.05990277126109825,-0.0034029769450010074,0.5906713635881851
251.4,-10734.535448415707,1873.403214641026,124464.27100668664,-47.17283941576441,8.026724019301428,-658.7241038616314,0.80468027792346,0.059941147796890894,-0.0034045153080758876,0.5906649798297945
251.5,-10739.253090925557,1874.214592831414,124398.38441230194,-47.16576770520394,8.027558377282013,-659.6808383752845,0.8046820902687299,0.05997958497683566,-0.00340605371552538,0.5906586000261412
251.60000000000002,-10743.968222080823,1875.0260269042908,124332.48334981911,-47.15865892107949,8.0283927352626,-660.6375727797093,0.8046838636979874,0.06001880068846831,-0.0034075919791593727,0.5906521915517629
251.70000000000002,-10748.683353236087,1875.8375085652074,124266.3882424348,-47.151550136955045,8.02922708340964,-661.5943071792797,0.8046856336250473,0.06005803833829327,-0.003409162811133949,0.5906457827474428
251.8,-10753.398484391351,1876.6490293590123,124200.02326742244,-47.14444135283059,8.030061327060135,-662.5510415788498,0.8046874761659072,0.060097283682249376,-0.003410726109617274,0.5906392715889818
251.9,-10758.113000029722,1877.4608605282517,124133.6582924101,-47.137322800758554,8.030895310140906,-663.5077759784201,0.8046893200207238,0.060136535290964875,-0.0034122358267539045,0.590632755622685
252.0,-10762.827093410488,1878.2726916974914,124067.29331739772,-47.13019799237201,8.031729293221677,-664.464510019551,0.8046911539774676,0.060175851341559165,-0.0034137455900595023,0.5906262438859083
252.10000000000002,-10767.538656892973,1879.0845787281855,124000.91387429558,-47.12303607814279,8.032563276302447,-665.421243947646,0.8046929463464793,0.060215997168226176,-0.003415255197967282,0.5906197015145966
252.20000000000002,-10772.250220375456,1879.8965133290076,123934.34038639425,-47.115874163913574,8.033397249410898,-666.3779778707164,0.8046947350164717,0.06025616638653046,-0.003416799602535281,0.5906131587847034
252.3,-10776.961783857938,1880.708487044844,123867.49703099798,-47.10871224968436,8.034231116754198,-667.3347117937869,0.8046966013804636,0.06029634381912268,-0.003418336655908917,0.5906065065873254
252.4,-10781.672726938808,1881.5207709943556,123800.65367560172,-47.101540565341445,8.035064721485,-668.2914457168573,0.8046984691030099,0.0603365279650856,-0.0034198168993294165,0.5905998493639885
252.5,-10786.383244632012,1882.3330549438672,123733.81032020546,-47.094362616564005,8.035898326215804,-669.248179272787,0.804700326251711,0.06037678096684409,-0.0034212971909828786,0.590593196689568
252.60000000000002,-10791.091213861402,1883.145394733625,123666.9524967265,-47.08714750765477,8.036731930946607,-670.2049127139398,0.8047021388196288,0.060417921065002905,-0.003422777314249034,0.5905865111808388
252.70000000000002,-10795.799183090792,1883.9577820754503,123599.90062854462,-47.07993239874554,8.037565525519167,-671.1616461500039,0.804703947434644,0.06045908616906467,-0.0034242945463274894,0.5905798253323281
252.8,-10800.50715232018,1884.7702085170467,123532.578893003,-47.07271728983632,8.038399012744556,-672.1183795860679,0.8047058390366781,0.060500260096777,-0.0034258040239231414,0.5905730225935552
252.9,-10805.21449585548,1885.582945071418,123465.25715746134,-47.06549240984987,8.03923223555342,-673.075113022132,0.804707732009736,0.06054144122322403,-0.0034272529681695653,0.5905662146410458
253.0,-10809.921410835499,1886.3956816257892,123397.9354219197,-47.0582612637151,8.040065458362289,-674.0318460873779,0.8047096136763943,0.060582695965394076,-0.003428701962863916,0.5905594115829521
253.10000000000002,-10814.625758767052,1887.2084739989552,123330.59921830278,-47.05099294628577,8.040898681171154,-674.9885790365928,0.8047114476926541,0.06062489610713434,-0.003430150775797582,0.5905525734344464
253.20000000000002,-10819.330106698604,1888.0213139059215,123263.06897008202,-47.04372462885644,8.04173189372736,-675.9453119806618,0.804713277508289,0.060667122870795606,-0.0034316390802716164,0.5905457349415624
253.3,-10824.034454630155,1888.8341928959276,123195.26885463858,-47.0364563114271,8.042564998000318,-676.9020449247308,0.8047151956300894,0.060709359056162565,-0.003433117987411087,0.5905387720936717
253.4,-10828.738172388916,1889.6473818660083,123127.4687391951,-47.02917822191639,8.043397835888474,-677.8587778687998,0.8047171153409955,0.060751602904549534,-0.0034345317515977578,0.5905318035579813
253.5,-10833.44145826726,1890.4605708360891,123059.66862375166,-47.02189386504064,8.044230673776628,-678.8155104376807,0.8047190230725034,0.06079392460797154,-0.0034359455681494174,0.5905248402176226
253.60000000000002,-10838.142156960286,1891.2738156029707,122991.85404024045,-47.01457232913188,8.045063511664784,-679.7722428888819,0.8047208800835233,0.06083724941116583,-0.003437359189470058,0.59051783953026
253.70000000000002,-10842.84285565331,1892.087107884923,122923.84541222571,-47.00725079322312,8.045896339217455,-680.7289753348603,0.8047227326460773,0.06088060248284409,-0.003438814740524165,0.5905108384755833
253.8,-10847.543554346335,1892.9004392351387,122855.56691712716,-46.99992925731437,8.046729057488712,-681.6857077808387,0.8047246791293254,0.060923965590701734,-0.0034402603248666007,0.5905037051753395
253.9,-10852.243617979819,1893.7140804482333,122787.28842202862,-46.992597946490875,8.047561506244186,-682.642440226817,0.8047266268495051,0.060967336934040994,-0.003441636753108114,0.5904965664616927
254.0,-10856.94324682526,1894.527721661328,122719.00992693007,-46.985260366965704,8.04839395499966,-683.5991722931766,0.8047285616953831,0.061010791857686285,-0.0034430132363827658,0.5904894333757653
254.10000000000002,-10861.640271442797,1895.3414186487835,122650.71696377144,-46.97788560091526,8.049226403755135,-684.5559042391626,0.8047304423732418,0.0610553145992917,-0.0034443895092734714,0.5904822604091139
254.20000000000002,-10866.33729606033,1896.1551631321997,122582.2299562118,-46.970510834864804,8.05005884198521,-685.5126361797894,0.8047323183101805,0.0610998673651616,-0.00344581039428971,0.5904750870831119
254.3,-10871.034320677865,1896.9689466639534,122513.473081711,-46.96313606881436,8.05089116897195,-686.4693681204161,0.8047342939629629,0.061144430851934925,-0.0034472206963048124,0.5904677733502444
254.4,-10875.730705346192,1897.7830399005434,122444.71620721021,-46.95575151900119,8.051723221856466,-687.4261000610428,0.8047362710220349,0.061189003130999245,-0.0034485574292619048,0.5904604537554075
254.5,-10880.426652090902,1898.5908919026924,122375.95933270939,-46.94836069561515,8.052555274740984,-688.3828316089454,0.8047382343996432,0.061233663982628195,-0.0034498942195238217,0.5904531401563391
254.60000000000002,-10885.119976007407,1899.3961661467742,122307.18799015638,-46.94093265753761,8.0533873276255,-689.3395630310443,0.8047401398185509,0.06127946357787048,-0.0034512307826974225,0.5904457838908769
254.70000000000002,-10889.81329992391,1900.2014485160348,122238.22260330849,-46.933504619460074,8.054219369631934,-690.2962944475256,0.8047420401867376,0.06132529524256275,-0.0034526150260582042,0.5904384272462133
254.8,-10894.506623840412,1901.006829113794,122168.98734966725,-46.92607658138254,8.055051297612298,-691.253025864007,0.8047440473514699,0.06137113840903909,-0.0034539897075650484,0.5904309202420327
254.9,-10899.199302913992,1901.8125192843445,122099.75209602603,-46.91863875220971,8.055882949799367,-692.2097572804884,0.8047460561635956,0.061416991026778035,-0.0034552868583491714,0.5904234067981063
255.0,-10903.891540924596,1902.6182094548947,122030.51684238481,-46.911194639165366,8.056714601986434,-693.1664882850939,0.8047480503450346,0.061462938147436245,-0.0034565840691593076,0.5904158997915987
255.10000000000002,-10908.581137483101,1903.4238996254453,121961.26712069956,-46.90371324524852,8.057546254173502,-694.1232191594135,0.8047499819695147,0.061510110373977585,-0.003457881032664925,0.5904083467402972
255.20000000000002,-10913.270734041605,1904.229597915658,121891.82335481294,-46.89623185133166,8.058377895182195,-695.0799500279364,0.8047519081817477,0.061557317170326364,-0.0034592281396330607,0.5904007932932558
255.3,-10917.96033060011,1905.0353943767313,121822.10972224647,-46.88875045741481,8.059209419720403,-696.0366808964595,0.8047539490568022,0.06160453635209667,-0.00346056246536588,0.5903930784534558
255.4,-10922.649277419756,1905.841500272205,121752.39608968003,-46.8812592708599,8.060040666429899,-696.9934117649826,0.8047559914810425,0.061651765709193306,-0.003461813542642749,0.5903853570400429
255.5,-10927.33778003271,1906.647606167679,121682.68245711357,-46.87376179330787,8.060871913139392,-697.9501422166225,0.8047580181922397,0.06169909635681652,-0.0034630646829532856,0.5903776425704592
255.60000000000002,-10932.02362254117,1907.453712063153,121612.9543565122,-46.866226987034025,8.061703159848888,-698.9068725364231,0.8047599780711191,0.061747730997678066,-0.0034643155569693243,0.5903698789143397
255.70000000000002,-10936.709465049624,1908.2598260721993,121543.03221184037,-46.858692180760194,8.062534395288498,-699.8636028503585,0.8047619321568611,0.06179640237227665,-0.0034656207644149744,0.5903621148733348
255.8,-10941.395307558081,1909.0660381901553,121472.84020067987,-46.851157374486355,8.063365513334052,-700.8203331642939,0.8047640087115041,0.06184508705588023,-0.003466914177419347,0.5903541784350538
255.9,-10946.080496043116,1909.8725596030877,121402.64818951937,-46.84361277421518,8.064196351513644,-701.7770634782293,0.8047660866937313,0.06189378268322421,-0.0034681186732449984,0.5903462352939061
256.0,-10950.765237227686,1910.6790810160205,121332.45617835886,-46.83606188114796,8.065027189693234,-702.73379337029,0.8047681478197687,0.0619425866704474,-0.0034693232352607404,0.5903382996279358
256.1,-10955.447299640518,1911.4856024289531,121262.24969917123,-46.82847364784437,8.065858027872826,-703.6905231286912,0.8047701374433663,0.0619927804418366,-0.003470527510229361,0.5903303113438073
256.2,-10960.129362053347,1912.2921319502636,121191.84917602237,-46.82088541454079,8.066688854682916,-704.6472528811428,0.8047721208908595,0.0620430133269985,-0.0034717896222852913,0.5903223226432763
256.3,-10964.811424466177,1913.0987595248992,121121.17878654142,-46.813297181237196,8.067519562943469,-705.603982633595,0.8047742349758746,0.06209326045538243,-0.0034730381509952674,0.5903141500345537
256.40000000000003,-10969.492827142103,1913.9056962537836,121050.50839706048,-46.80569915211409,8.068349987930075,-706.5607123860472,0.8047763502420112,0.06214351931610373,-0.003474191381128578,0.5903059707409406
256.5,-10974.17377964238,1914.7126329826676,120979.83800757956,-46.798094828556025,8.06918041291668,-707.5174417109819,0.8047784474747413,0.062193893656515044,-0.0034753446805825894,0.5902977994634052
256.6,-10978.852037032455,1915.519569711552,120909.1531500801,-46.79045315461181,8.070010837903284,-708.4741708996334,0.8047804687539203,0.06224573812106989,-0.0034764976730376667,0.5902895722964392
256.7,-10983.530294422528,1916.3265145430948,120838.27424872616,-46.78281148066761,8.070841251381447,-709.4309000822076,0.8047824834557527,0.06229762389196335,-0.003477711693577659,0.5902813447006293
256.8,-10988.208551812602,1917.1335573682868,120767.12548117981,-46.775169806723405,8.07167154467323,-710.3876292647825,0.8047846374839708,0.06234952492029369,-0.0034789096479375912,0.5902729209439214
256.90000000000003,-10992.886144769665,1917.9409092049164,120695.97671363347,-46.767518326729046,8.072501549737146,-711.3443584473573,0.8047867929398654,0.062401438555819935,-0.003480005957958364,0.5902644898130522
257.0,-10997.563283965612,1918.7482610415452,120624.82794608717,-46.75986054874553,8.07333155480106,-712.3010871884288,0.8047889291243284,0.06245347503710544,-0.0034811023404632863,0.5902560672633543
257.1,-11002.23770626023,1919.5556128781748,120553.66471053126,-46.75216540202587,8.074161559864974,-713.257815785641,0.804790983363305,0.06250709139742955,-0.003482198389187483,0.5902475844224492
257.2,-11006.912128554846,1920.3629728115868,120482.30743125109,-46.744470255306204,8.074991552933264,-714.2145443763981,0.8047930305372407,0.06256075226719009,-0.003483360100802176,0.5902391011080639
257.3,-11011.586550849464,1921.1704306775634,120410.68028597033,-46.736775108586535,8.075821421892492,-715.1712729671556,0.8047952270171175,0.06261442954992665,-0.0034845065497564084,0.5902304075500588
257.40000000000003,-11016.260303804162,1921.9781974100401,120339.0531406896,-46.72907013921635,8.076650999663432,-716.1280015579132,0.8047974246692166,0.06266812045779808,-0.003485544906031936,0.5902217065652461
257.5,-11020.93359995941,1922.7859641425166,120267.4259954089,-46.72135885794445,8.077480577434372,-717.0847296807095,0.8047996015530402,0.0627219432019392,-0.0034865833387478207,0.5902130148663808
257.6,-11025.604161288305,1923.5937308749933,120195.78438212795,-46.71361012243563,8.078310155205312,-718.0414576525512,0.8048016902926962,0.0627774581903583,-0.003487621409904452,0.5902042583225559
257.7,-11030.274722617198,1924.401505698138,120123.94872524557,-46.70586138692681,8.079139720514208,-718.9981856176387,0.8048037714401711,0.06283302083662483,-0.0034887297199440496,0.5901955012817041
257.8,-11034.945283946094,1925.2093783893295,120051.84320253061,-46.69811265141799,8.079969158041957,-719.9549135827267,0.8048060132201122,0.06288860121503494,-0.0034898227132289243,0.5901865180257807
257.90000000000003,-11039.615170613279,1926.0175597886282,119979.73767981565,-46.69035409128161,8.080798302208718,-720.9116415478146,0.8048082564218932,0.06294419628320011,-0.003490800711596161,0.5901775265628182
258.0,-11044.284597285923,1926.8257411879263,119907.63215710073,-46.68258920163213,8.081627446375482,-721.8683690319554,0.8048104773510486,0.06299993210399406,-0.003491778790133637,0.5901685450629762
258.1,-11048.951270376672,1927.6339225872252,119835.5121663952,-46.674786738412436,8.082456590542243,-722.8250963622954,0.8048126034849505,0.0630574798395641,-0.003492756477239639,0.5901594938321755
258.2,-11053.61794346742,1928.4421120709287,119763.1981322178,-46.666984275192746,8.083285722119223,-723.7818236857709,0.8048147214489841,0.06311507865317104,-0.0034938094794479016,0.5901504420746623
258.3,-11058.284616558169,1929.250399360024,119690.61423238802,-46.659181811973056,8.084114724738006,-724.7385510092469,0.804817011769905,0.06317269659604789,-0.0034948462838884004,0.5901411475401425
258.40000000000003,-11062.950610483711,1930.0589952221903,119618.0303325582,-46.651369522278706,8.08494343204153,-725.6952783327229,0.804819303289801,0.06323033041194558,-0.0034957599229157197,0.5901318446166729
258.5,-11067.616141055065,1930.8675910843563,119545.44643272847,-46.643550902227446,8.085772139345055,-726.6520051688129,0.8048214235360331,0.06328813638476279,-0.0034966748230379086,0.5901227510235126
258.6,-11072.278897686027,1931.6761869465226,119472.84806491669,-46.63569470391017,8.08660084664858,-727.6087318489248,0.8048226512751119,0.06334799192116021,-0.0034975956204694974,0.5901146488089684
258.7,-11076.941654316985,1932.4847908875622,119400.05565375724,-46.62783850559289,8.087429541250271,-728.5654585220734,0.804823873161494,0.06340790180819385,-0.0034985967725966946,0.5901065420737486
258.8,-11081.604410947946,1933.2934925749516,119326.99337712748,-46.619982307275606,8.088258105573274,-729.5221851952225,0.8048253007299222,0.06346782943850666,-0.0034995778336094014,0.5900981468250358
258.90000000000003,-11086.266483499912,1934.1025026867549,119253.93110049772,-46.61211628028104,8.089086370582523,-730.4789118683716,0.8048267298588939,0.06352777434817411,-0.003500425795597092,0.5900897421666099
259.0,-11090.928089760753,1934.9115127985579,119180.86882386799,-46.6042439205429,8.089914635591773,-731.4356380465456,0.8048280865396561,0.06358788617377509,-0.0035012742240583873,0.5900814121184251
259.1,-11095.586904853872,1935.720522910361,119107.79207926782,-46.59633396749515,8.090742900601024,-732.3923640654986,0.8048293230736753,0.06365005853563765,-0.0035021222929237164,0.590073017438202
259.2,-11100.245719946988,1936.529541093602,119034.52129146257,-46.588424014447405,8.091571152758757,-733.3490900773331,0.8048305533192273,0.06371228880330433,-0.003503055906813807,0.5900646179009756
259.3,-11104.904535040108,1937.3386569499662,118960.9806383726,-46.58051406139966,8.09239927281986,-734.3058160891683,0.8048320035209152,0.06377453814647352,-0.003503968446027731,0.5900559097219878
259.40000000000003,-11109.562661751479,1938.148081079645,118887.43998528263,-46.572594266680724,8.093227087797839,-735.2625421010033,0.8048334544039181,0.06383680623374235,-0.003504739492099482,0.5900471927254839
259.5,-11114.220319056878,1938.9575052093235,118813.8993321927,-46.56466813570035,8.094054902775817,-736.2192675989262,0.8048348274134244,0.06389925400006553,-0.003505511036489361,0.5900385557851383
259.6,-11118.87516639378,1939.7669293390024,118740.34421114222,-46.55670439492035,8.094882717753794,-737.1759929282179,0.8048360712829453,0.06396390633130765,-0.0035062821903664087,0.5900298492736404
259.7,-11123.530013730677,1940.5763615338303,118666.59504702306,-46.54874065414035,8.095710519309522,-738.1327182499281,0.8048373083778577,0.06402862053543859,-0.003507144579249853,0.590021137530101
259.8,-11128.184861067579,1941.3858913366075,118592.5760178125,-46.540776913360354,8.096538184110239,-739.089443571639,0.8048387817658798,0.06409335534012037,-0.0035079847165323972,0.5900120941218817
259.90000000000003,-11132.839014277368,1942.195729259165,118518.55698860194,-46.5328033072447,8.097365539860306,-740.0461688933498,0.8048402561706667,0.0641581103764366,-0.0035086740872040095,0.5900030407770882
260.0,-11137.492695182822,1943.0055671817227,118444.53795939143,-46.524823345858685,8.098192895610373,-741.0028936647889,0.8048416469307917,0.06422305686713742,-0.003509363990848992,0.5899940734420567
260.1,-11142.143549641276,1943.8154051042802,118370.5044622314,-46.516805658425305,8.099020251360441,-741.959618253957,0.804842898535426,0.06429036710117199,-0.003510053469729363,0.5899850310810691
260.2,-11146.794404099726,1944.6252510850704,118296.2769221512,-46.508787970991925,8.099847592817243,-742.9163428349093,0.8048441428114181,0.06435774381942316,-0.0035108408834127534,0.5899759830611061
260.3,-11151.44525855818,1945.435194603866,118221.77951718647,-46.500770283558545,8.100674790888064,-743.8730674158621,0.8048456420601363,0.0644251428838005,-0.003511608239054095,0.5899665770438052
260.40000000000003,-11156.095414159447,1946.245446087351,118147.28211222173,-46.49274272510681,8.101501677647006,-744.829791996815,0.804847142372059,0.06449256394313216,-0.00351221616087799,0.5899571602660746
260.5,-11160.745093831449,1947.0556975708357,118072.78470725703,-46.484708783348445,8.102328564405946,-745.7865160038515,0.8048485523123649,0.06456019078141945,-0.0035128246558703445,0.5899478363973331
260.6,-11165.391925015161,1947.865949054321,117998.27283435543,-46.47663692704994,8.103155451164888,-746.7432398250602,0.8048498113880351,0.0646303677225217,-0.003513432685955842,0.5899384310819707
260.7,-11170.038756198872,1948.676208588234,117923.56691870253,-46.46856507075144,8.103982323525475,-747.6999636379456,0.8048510625017335,0.06470061648734204,-0.003514146564839396,0.5899290196200807
260.8,-11174.685587382586,1949.4865655860654,117848.5911383996,-46.46049321445294,8.10480905148501,-748.6566874508317,0.8048525897759605,0.06477088958497423,-0.003514838373210573,0.5899192203213172
260.90000000000003,-11179.331714772856,1950.2972304119758,117773.6153580967,-46.452411484676475,8.105635466154302,-749.6134112637176,0.8048541170178748,0.06484118668786587,-0.0035153576155648107,0.5899094109175756
261.0,-11183.97736315527,1951.1078952378857,117698.6395777938,-46.444323370164874,8.106461880823597,-750.5701344932882,0.8048555460912922,0.06491170646825278,-0.0035158774773829666,0.5898997024029011
261.1,-11188.620144866072,1951.9185600637963,117623.64932956483,-46.4361973327744,8.107288295492891,-751.5268575337998,0.8048568131171425,0.06498494657434035,-0.0035163968379376123,0.5898899067206739
261.2,-11193.26292657687,1952.7292329334964,117548.46503872916,-46.42807129538393,8.108114695625085,-752.4835805658411,0.804858071552614,0.0650582630627382,-0.0035170287091000254,0.5898801044050612
261.3,-11197.905708287672,1953.5400031955885,117473.01088344454,-46.419945257993454,8.108940949717164,-753.4403035978828,0.8048596245928087,0.06513160569399876,-0.003517634222156298,0.5898698881020488
261.40000000000003,-11202.547781267547,1954.351081102052,117397.5567281599,-46.41180934405134,8.109766885536356,-754.3970266299247,0.8048611772876512,0.06520497421384458,-0.0035180544867724193,0.5898596612123395
261.5,-11207.189372046407,1955.162159008515,117322.1025728753,-46.40366704185705,8.110592821355546,-755.3537490686977,0.8048626249555434,0.06527857974227867,-0.0035184754100787124,0.5898495420929746
261.6,-11211.828077187229,1955.9732369149783,117246.6339496766,-46.395486794514724,8.111418757174738,-756.3104713137865,0.8048638988139873,0.06535508647229059,-0.003518895790765028,0.589839329335168
261.7,-11216.466782328045,1956.784322857921,117170.9712840323,-46.3873065471724,8.112244678289523,-757.2671935501801,0.8048651633745809,0.06543167477433004,-0.003519436179208049,0.5898291093962863
261.8,-11221.105487468867,1957.5955061205136,117095.03875416351,-46.37912629983007,8.113070451142514,-758.223915786574,0.8048667442355165,0.06550829133902848,-0.003519947152703826,0.589818444745163
261.90000000000003,-11225.743478936169,1958.4069968729618,117019.10622429471,-46.37093615583041,8.113895897769465,-759.1806380229682,0.8048683244785767,0.06558493596143636,-0.0035202597154777118,0.589807768851444
262.0,-11230.380985007007,1959.2184876254096,116943.17369442595,-46.36273961793986,8.114721344396417,-760.137359632727,0.8048697917291578,0.06566183378515957,-0.003520572982726761,0.5897972088029118
262.1,-11235.015586460711,1960.029978377858,116867.22669665569,-46.354505108049025,8.115546791023368,-761.0940810327675,0.8048710718073888,0.06574183680607376,-0.0035208856607323335,0.5897865478502818
262.2,-11239.650187914414,1960.8414771601822,116791.08565661016,-46.346270598158206,8.116372222129428,-762.0508024233283,0.8048723417920974,0.06582192725152058,-0.0035213267225776106,0.5897758791007933
262.3,-11244.284789368116,1961.6530731933055,116714.674752578,-46.33803608826738,8.117197498379452,-763.0075238138896,0.804873953000468,0.06590204839759685,-0.003521737203558797,0.5897647303505613
262.40000000000003,-11248.918672191934,1962.4649765517725,116638.26384854583,-46.32979164715174,8.118022443282715,-763.9642452044508,0.8048755634283125,0.06598220006317654,-0.003521935980848091,0.589753569414994
262.5,-11253.552066415983,1963.276879910239,116561.85294451371,-46.321540782748315,8.118847388185978,-764.9209659171178,0.8048770517925914,0.06606262307123492,-0.003522135514783682,0.5897425335619177
262.6,-11258.18253699808,1964.0887832687058,116485.42757259373,-46.31325176538664,8.11967233308924,-765.8776864032955,0.8048783377802012,0.06614638217182787,-0.0035223344065501345,0.5897313885643931
262.7,-11262.813007580173,1964.900694647764,116408.80815858213,-46.30496274802498,8.120497261202601,-766.8344068792401,0.804879612773737,0.06623023533982089,-0.003522671309213425,0.5897202350732745
262.8,-11267.443478162268,1965.7127031872537,116331.91888083995,-46.2966737306633,8.121322024931079,-767.791127355185,0.8048812566937167,0.06631412193920787,-0.0035229780154715003,0.5897085623258982
262.90000000000003,-11272.073225145976,1966.525018871833,116255.02960309779,-46.288374775128844,8.122146455065218,-768.7478478311301,0.8048828991337066,0.06639804185687148,-0.0035230588240244883,0.5896968770276937
263.0,-11276.702480308735,1967.337334556412,116178.14032535565,-46.28006935640729,8.12297088519936,-769.7045675981327,0.8048844092822605,0.06648225391832274,-0.003523140447567784,0.5896853271785494
263.1,-11281.3287926895,1968.1496502409914,116101.23657974,-46.27172551581279,8.1237953153335,-770.6612871324327,0.8048857005035323,0.06657005009970729,-0.0035232213716733245,0.5896736592945515
263.2,-11285.955105070258,1968.96197393801,116024.13879222487,-46.263381675218305,8.12461972862542,-771.6180066562699,0.8048869797401397,0.06665794737667904,-0.003523450559733993,0.5896619821494998
263.3,-11290.581417451021,1969.7743947167044,115946.77114124663,-46.25503783462381,8.125443976869892,-772.5747261801076,0.8048886569078908,0.06674588099792136,-0.0035236472976810282,0.5896497445607387
263.40000000000003,-11295.20700084897,1970.5871224869397,115869.40349026839,-46.24668405201713,8.126267889288343,-773.5314457039455,0.8048903308915201,0.06683385093825955,-0.0035236013461448653,0.5896374952796466
263.5,-11299.83208915727,1971.3998502571749,115792.0358392902,-46.238323805561826,8.127091801706793,-774.4881645032056,0.8048918616695045,0.06692213519563857,-0.003523556270723673,0.5896253924232427
263.6,-11304.454215460952,1972.2125780274102,115714.65372045123,-46.22992513494669,8.127915714125246,-775.4448830650186,0.8048931575978624,0.06701423294339186,-0.0035235104417031377,0.5896131632768374
263.7,-11309.076341764632,1973.0253138016221,115637.07755988442,-46.22152646433156,8.128739609510749,-776.4016016161606,0.8048944405233591,0.06710643807553655,-0.003523621953463523,0.589600924076389
263.8,-11313.698468068316,1973.838146574436,115559.23153609327,-46.213127793716424,8.12956333747676,-777.3583201673031,0.8048961477589675,0.06719868232759822,-0.003523692643309806,0.5895880867235737
263.90000000000003,-11318.319860831272,1974.6512861689303,115481.38551230212,-46.204719177105645,8.130386721824426,-778.3150387184456,0.80489785187554,0.06729096590360589,-0.003523501775847356,0.5895752359870083
264.0,-11322.940755306878,1975.4644257634243,115403.53948851101,-46.19630409163577,8.131210106172091,-779.271756530778,0.8048994027555312,0.06738358357266959,-0.003523311837552359,0.5895625415360015
264.1,-11327.558668559039,1976.2775653579188,115325.67899687661,-46.187850550050385,8.132033490519756,-780.2284740958473,0.80490069945645,0.06748030383224628,-0.0035231210734724032,0.5895497097167692
264.2,-11332.176581811194,1977.0907129477814,115247.62446374923,-46.17939700846501,8.132856857433271,-781.18519164974,0.8049019819130283,0.06757714011039472,-0.0035231001347204574,0.5895368668814697
264.3,-11336.794495063354,1977.9039574515534,115169.30006772501,-46.17094346687963,8.133680052741708,-782.1419092036331,0.8049037260732919,0.06767401929610553,-0.003523038246333619,0.5895233727912376
264.40000000000003,-11341.411669791563,1978.7175086026928,115090.9756717008,-46.16247993838047,8.134502894417952,-783.0986267575263,0.8049054652209371,0.06777094172644313,-0.003522696000232799,0.58950986601402
264.5,-11346.028342994347,1979.5310597538316,115012.65127567663,-46.15400992517325,8.135325736094199,-784.055343515088,0.8049070371367014,0.0678682254550838,-0.003522354761176765,0.5894965297254354
264.6,-11350.642015726677,1980.3446109049712,114934.3124118246,-46.14550137128221,8.136148577770443,-785.0120600010481,0.8049083340998886,0.06796990865314963,-0.003522012624951976,0.5894830452534612
264.7,-11355.255688459001,1981.1581700424717,114855.77950668901,-46.13699281739118,8.136971400700247,-785.9687764746687,0.8049096155012501,0.06807171615205065,-0.003521852011748581,0.5894695487403498
264.8,-11359.869361191331,1981.9718260058146,114776.97673894996,-46.12848426350015,8.137794041862286,-786.9254929482901,0.8049113957391656,0.06817357043833604,-0.0035216478754831228,0.5894553480113303
264.90000000000003,-11364.482290395852,1982.7857884385141,114698.17397121091,-46.119965681098364,8.138616324618438,-787.8822094219114,0.8049131705188608,0.06827547196146205,-0.0035211442223534693,0.5894411331058261
265.0,-11369.094714822288,1983.5997508712132,114619.3712034719,-46.111440567702985,8.13943860737459,-788.8389250085834,0.8049147642661854,0.06837776054099456,-0.003520641650574813,0.5894271025428657
265.1,-11373.70411944349,1984.4137133039126,114540.55396792272,-46.1028766212235,8.140260890130744,-789.7956402970102,0.8049160597497088,0.06848478401349997,-0.003520138097845029,0.5894129110762671
265.2,-11378.313524064686,1985.2276837132486,114461.54269132872,-46.09431267474402,8.141083152716226,-790.7523555719387,0.8049173381493654,0.06859194160811018,-0.003519830107095499,0.5893987063855731
265.3,-11382.922928685886,1986.0417508548985,114382.26155246506,-46.08574872826453,8.141905222821164,-791.7090708468676,0.804919158590186,0.06869915051275288,-0.003519478934067068,0.5893837358812388
265.40000000000003,-11387.531584763576,1986.8561242860355,114302.98041360143,-46.077174747492045,8.142726931852012,-792.6657861217967,0.8049209724927189,0.06880641138092228,-0.003518807407457825,0.5893687502647932
265.5,-11392.139732786389,1987.670497717172,114223.69927473784,-46.0685941901504,8.14354864088286,-793.6225004760174,0.8049225891568562,0.06891409009857491,-0.0035181370493493746,0.5893539652556946
265.6,-11396.744841510983,1988.4848711483091,114144.4036680844,-46.05997449129674,8.144370349913709,-794.5792145246861,0.8049238807473433,0.06902688662847246,-0.0035174656145765242,0.5893390047847391
265.7,-11401.349950235575,1989.2992525459201,114064.91402065945,-46.05135479244309,8.14519203868827,-795.5359285595753,0.8049251535213521,0.06913982836498621,-0.003517005824999027,0.5893240297428189
265.8,-11405.95505896017,1990.11373058182,113985.15451134527,-46.04273509358943,8.146013534031761,-796.4926425944649,0.804927016040563,0.06925282647183363,-0.0035165019625468556,0.5893082207874285
265.90000000000003,-11410.55941412267,1990.9285147486976,113905.3950020311,-46.034105354695974,8.146834665709536,-797.4493566293545,0.8049288681403935,0.06936588190070307,-0.0035156530704184043,0.5892923992771765
266.0,-11415.16325770114,1991.7432989155745,113825.63549271696,-46.025469036812204,8.147655797387312,-798.406069718973,0.8049305046253986,0.06947939036793978,-0.003514805444516508,0.5892767967435064
266.1,-11419.76404076358,1992.558083082452,113745.86151563056,-46.01679356420372,8.148476929065088,-799.3627824952648,0.8049317903083594,0.06959836476867791,-0.003513956653221767,0.5892610055664169
266.2,-11424.364823826021,1993.3728752056222,113665.89349800881,-46.00811809159523,8.149298040248937,-800.319495257431,0.8049330553935514,0.0697174939235082,-0.0035133330919210025,0.5892451984245715
266.3,-11428.96560688846,1994.1877638658518,113585.65561882698,-45.99944261898673,8.150118954730019,-801.2762080195977,0.8049349533027599,0.06983668428108623,-0.00351265106981734,0.5892284953755795
266.40000000000003,-11433.565631992247,1995.002958442485,113505.41773964514,-45.9907570869163,8.150939493328432,-802.2329207817644,0.8049368391270422,0.06995593715464658,-0.0035115946054379626,0.5892117790542789
266.5,-11438.16514251257,1995.8181530191177,113425.17986046335,-45.98206496835515,8.151760031926846,-803.189632565354,0.8049384926231578,0.07007567320067067,-0.003510539489381324,0.5891952980392197
266.6,-11442.7615745604,1996.6333475957506,113344.9275135294,-45.97333365508161,8.152580570525258,-804.146344011506,0.804939767323339,0.07020125724983733,-0.0035094831034570917,0.5891786129777095
266.7,-11447.358006608227,1997.4485501182062,113264.4811263321,-45.96460234180808,8.153401087605696,-805.1030554422837,0.804941019379197,0.07032700733777449,-0.003508667892448371,0.5891619103517405
266.8,-11451.954438656056,1998.2638490781924,113183.76487795498,-45.955871028534546,8.154221398436778,-806.0597668730619,0.8049429569256749,0.07045282447914356,-0.0035077931140718843,0.5891442361647367
266.90000000000003,-11456.550106865498,1999.0794537702059,113103.04862957787,-45.94712959568316,8.15504131684222,-807.01647830384,0.8049448805152946,0.07057871032760211,-0.0035065192863616406,0.5891265477834156
267.0,-11461.145257115828,1999.8950584622185,113022.33238120082,-45.938381531408986,8.155861235247663,-807.9731886381924,0.8049465516306035,0.0707051148962611,-0.003505246907874603,0.5891091146719949
267.1,-11465.737309228225,2000.710663154232,112941.60166509374,-45.929594000080634,8.156681153653105,-808.9298985942983,0.8049478110877093,0.07083781279038928,-0.0035039731389845973,0.5890914596872207
267.2,-11470.32936134062,2001.5262757808155,112860.67690902375,-45.92080646875229,8.1575010483786,-809.8866085331687,0.8049490455509704,0.0709706898310107,-0.0035029589576902297,0.5890737853020054
267.3,-11474.921413453018,2002.3419847380924,112779.48229219536,-45.91201893742394,8.15832072094396,-810.8433184720395,0.8049510179072252,0.07110363997394158,-0.003501884154357645,0.589055063606067
267.40000000000003,-11479.512696863056,2003.1579992302281,112698.28767536697,-45.90322123447718,8.159139999818462,-811.8000284109104,0.8049529718536027,0.07123666582817441,-0.003500382039959875,0.5890363298399451
267.5,-11484.103458998661,2003.9740137223632,112617.09305853864,-45.894416830451334,8.159959278692964,-812.7567371394116,0.8049546520075932,0.0713702512222371,-0.003498881475149351,0.5890178717833884
267.6,-11488.691103151255,2004.790028214499,112535.8839740044,-45.88557251317252,8.160778557567467,-813.7134454625738,0.8049558841268056,0.0715106215661713,-0.003497379382145446,0.5889991714343152
267.7,-11493.278747303848,2005.6060506290312,112454.48084983342,-45.87672819589372,8.161597811591328,-814.6701537674112,0.8049570886020967,0.07165118539119418,-0.003496157141993964,0.5889804496131529
267.8,-11497.866391456444,2006.4221692606584,112372.80786536014,-45.8678838786149,8.162416834552198,-815.626862072249,0.8049591056609574,0.07179183060151709,-0.003494871622157224,0.5889605735061891
267.90000000000003,-11502.453261818331,2007.2385932296347,112291.13488088688,-45.85902938794599,8.163235460858651,-816.5835703770869,0.8049611021280519,0.0719325597395969,-0.0034931267136883936,0.5889406837499539
268.0,-11507.039607546802,2008.0550171986106,112209.46189641366,-45.85016816313668,8.1640540871651,-817.5402774329579,0.804962797040574,0.07207389402562892,-0.003491383496334029,0.5889210977897458
268.1,-11511.622815279346,2008.8714411675871,112127.77444425983,-45.84126679992277,8.164872713471553,-818.4969840705477,0.80496400421501,0.07222252296611222,-0.003489638612142976,0.5889012493762459
268.2,-11516.206023011888,2009.6878730454016,112045.89295280994,-45.832365436708876,8.165691314732271,-819.4536906892274,0.8049651808176428,0.07237136011904188,-0.0034881943945509588,0.5888813771937481
268.3,-11520.789230744433,2010.504401016275,111963.74160153295,-45.823464073494975,8.166509682382095,-820.4103973079075,0.8049672353658558,0.07252028642738767,-0.0034866790450329833,0.588860256014258
268.40000000000003,-11525.37165959793,2011.3212341241838,111881.59025025596,-45.8145525293382,8.167327644442576,-821.3671039265877,0.8049692624293917,0.07266930526704148,-0.0034846681585193858,0.5888391254865046
268.5,-11529.953560448654,2012.138067232092,111799.43889897902,-45.80563424181238,8.168145606503058,-822.323809255434,0.8049709614863966,0.07281897584950006,-0.0034826590838645585,0.588818324278042
268.6,-11534.532303219567,2012.9549003400004,111717.27308004431,-45.79667575714946,8.16896356856354,-823.2805141518096,0.8049721346066939,0.07297641522787784,-0.0034806482006954588,0.5887972404956854
268.7,-11539.111045990476,2013.7717413451855,111634.9132221222,-45.787717272486546,8.1697815052817,-824.2372190286274,0.8049732740345746,0.0731340763445645,-0.003478956622477302,0.5887761304843329
268.8,-11543.689788761389,2014.5886783330711,111552.2835048049,-45.778758787823634,8.170599203781647,-825.1939239054457,0.804975364781278,0.07329183545018933,-0.003477178189960035,0.5887536651125205
268.90000000000003,-11548.267747550508,2015.4059202507822,111469.65378748761,-45.76979006481322,8.171416477288407,-826.150628782264,0.8049774286306098,0.07344969625722064,-0.0034748663719176287,0.5887311838340744
269.0,-11552.845175329128,2016.2231621684928,111387.02407017037,-45.760814582876336,8.172233750795163,-827.1073322670184,0.8049791364814864,0.0736082516946343,-0.003472556490173976,0.5887090592673112
269.1,-11557.4194274265,2017.040404086204,111304.37988522764,-45.75179883084225,8.173051024301921,-828.0640352664395,0.8049802696812562,0.07377519976470762,-0.0034702446136615304,0.5886866252310228
269.2,-11561.99367952387,2017.8576538878237,111221.54166173656,-45.74278307880818,8.173868269679708,-829.020738243685,0.8049813653656386,0.07394238888178853,-0.003468278867445316,0.5886641619652282
269.3,-11566.56793162124,2018.6749995475184,111138.43357946712,-45.7337673267741,8.17468525490601,-829.9774412209309,0.8049834977530294,0.07410968632195007,-0.0034662372185144887,0.5886402194363767
269.40000000000003,-11571.141394593844,2019.4926499210353,111055.32549719769,-45.72474123362841,8.175501802204302,-830.9341441981768,0.8049855937543139,0.07427709734701358,-0.003463628851859397,0.5886162671324108
269.5,-11575.714322667265,2020.3103002945518,110972.2174149283,-45.71570829064656,8.176318349502594,-831.8908455736085,0.8049872988188709,0.07444526372268184,-0.003461022578192153,0.5885927053338935
269.6,-11580.284051454519,2021.1279506680687,110889.09486506449,-45.70663451554483,8.177134896800887,-832.847546388923,0.8049883759162441,0.07462248628780947,-0.0034584141103872804,0.5885688052826062
269.7,-11584.853780241769,2021.9456089107298,110805.77827707438,-45.697560740443095,8.177951413169374,-833.8042471786252,0.8049894112849456,0.07479996916588054,-0.0034561783840973094,0.5885448726842136
269.8,-11589.42350902902,2022.7633628738472,110722.19183089779,-45.68848696534136,8.178767648693992,-834.7609479683281,0.804991580593805,0.07497757228857588,-0.003453855226051231,0.5885193197430959
269.90000000000003,-11593.992443511856,2023.5814213124709,110638.60538472122,-45.679402826026816,8.179583444017325,-835.7176487580309,0.8049937079759345,0.07515530177018069,-0.0034509181816279842,0.588493756890158
270.0,-11598.560839764616,2024.3994797510943,110555.0189385447,-45.67031171884315,8.180399239340659,-836.6743478198829,0.8049954061533279,0.07533384763847482,-0.0034479833977888417,0.5884686218334076
270.1,-11603.126016963728,2025.217538189718,110471.41802480913,-45.661178985502836,8.181215034663992,-837.631046301893,0.8049964174631374,0.07552216543042622,-0.0034450461995490316,0.5884431170953541
270.2,-11607.691194162839,2026.0356044819277,110387.62307342325,-45.65204625216251,8.182030798685913,-838.5877447576745,0.8049973822435353,0.07571076489337054,-0.003442511549879518,0.5884175760244972
270.3,-11612.25637136195,2026.8537663556813,110303.55826451474,-45.64291351882218,8.182846278700413,-839.5444432134567,0.8049995823236423,0.07589949748334647,-0.0034398858942767266,0.5883902666815376
270.40000000000003,-11616.820748639826,2027.672232502184,110219.4934556062,-45.633770413648456,8.183661314895517,-840.5011416692389,0.8050017302162898,0.0760883709502985,-0.0034365993990529927,0.5883629525552062
270.5,-11621.384584162193,2028.4906986486862,110135.42864669775,-45.624620341826876,8.184476351090618,-841.4578383405513,0.8050034072837732,0.07627812877810138,-0.003433315336576228,0.5883361060460478
270.6,-11625.945179787399,2029.3091647951887,110051.34937026635,-45.61542865664762,8.185291387285723,-842.414534410585,0.8050043356114716,0.0764783860007183,-0.0034300286250399077,0.588308856830398
270.7,-11630.5057754126,2030.127638779536,109967.07605667185,-45.60623697146837,8.186106391815107,-843.3712304533908,0.805005212098035,0.07667894632410042,-0.00342717386564003,0.5882815670789949
270.8,-11635.066371037805,2030.946208201969,109882.53288623499,-45.59704528628912,8.1869211065152,-844.327926496197,0.80500743165307,0.07687965392013801,-0.0034242118781528793,0.5882523510955663
270.90000000000003,-11639.626161976057,2031.765081668964,109797.98971579812,-45.587843182724555,8.187735352272048,-845.2846225390034,0.8050095888644906,0.07708051828135479,-0.003420534744689661,0.5882231340909349
271.0,-11644.185407709074,2032.5839551359586,109713.44654536131,-45.578634097504086,8.188549598028892,-846.2413167021743,0.8050112308798343,0.07728233517397902,-0.003416860216300754,0.5881944269488222
271.1,-11648.741392723068,2033.4028286029536,109628.88890744005,-45.56938332339585,8.18936384378574,-847.1980102089034,0.8050120575725179,0.07749541308159774,-0.0034131827811148987,0.5881652814451704
271.2,-11653.29737773706,2034.2217098935098,109544.13723287673,-45.56013254928762,8.190178055814386,-848.1547036856255,0.8050128264378397,0.07770881706816322,-0.0034099684021109185,0.5881360906592316
271.3,-11657.853362751055,2035.040686487745,109459.11570220068,-45.550881775179384,8.190991959862611,-849.111397162348,0.8050150606902319,0.07792238462590885,-0.003406635670591837,0.588104794122206
271.40000000000003,-11662.408537838575,2035.85996688587,109374.09417152463,-45.541620461362676,8.191805370184438,-850.0680906390706,0.8050172233176646,0.07813612706798485,-0.0034025341282908723,0.5880734975921283
271.5,-11666.963164211451,2036.6792472839948,109289.07264084862,-45.53235208098491,8.192618780506267,-851.0247819673831,0.8050188208725989,0.07835089521130668,-0.0033984353789883806,0.5880427585622089
271.6,-11671.514508911427,2037.4985276821199,109204.03664273169,-45.523041501598,8.193432190828094,-851.9814725331057,0.8050195257752039,0.07857780299469123,-0.003394333421741562,0.5880115394257288
271.7,-11676.0658536114,2038.317815883285,109118.8066085665,-45.51373092221111,8.194245562946582,-852.9381630638251,0.8050201659104343,0.07880506390854702,-0.003390730849894504,0.587980269502481
271.8,-11680.617198311376,2039.1371992073766,109033.30671912436,-45.50442034282421,8.195058594006543,-853.8948535945451,0.8050224136408144,0.07903250753515313,-0.0033870077183712297,0.5879466850551496
271.90000000000003,-11685.167728457676,2039.9568860875506,108947.8068296822,-45.4950991465237,8.195871127580448,-854.8515441252649,0.805024578050922,0.07926014738649148,-0.0033824598713085735,0.5879131030479129
272.0,-11689.717706376192,2040.776572967724,108862.3069402401,-45.48577072574385,8.196683661154353,-855.8082321757829,0.8050261192052914,0.0794888988642602,-0.0033779150334872256,0.587880134078914
272.1,-11694.264381285344,2041.596259847898,108776.79258340636,-45.476399070597154,8.19749619472826,-856.7649193912521,0.8050266787291902,0.07973078503231977,-0.0033733666436674753,0.5878466371851305
272.2,-11698.811056194496,2042.4159545120572,108691.0841911938,-45.46702741545047,8.19830868805298,-857.7216065689157,0.8050271654994362,0.07997305480374649,-0.003369358663857276,0.587813083161216
272.3,-11703.357731103648,2043.2357441288382,108605.10594464393,-45.45765576030378,8.199120824949016,-858.67829374658,0.8050294143341771,0.08021552873661981,-0.0033652267007630698,0.5877769868372943
272.40000000000003,-11707.903585263743,2044.0558370520414,108519.12769809406,-45.44827346228136,8.199932460671327,-859.6349809242442,0.8050315621204476,0.08045822341447481,-0.003360206308608577,0.5877409014935593
272.5,-11712.448883489178,2044.8759299752442,108433.14945154423,-45.43888387645872,8.200744096393636,-860.5916655411266,0.8050330216924004,0.08070212661320221,-0.003355189153589784,0.5877054904036999
272.6,-11716.990856957831,2045.6960228984472,108347.15673765952,-45.429450638206575,8.201555732115947,-861.5483492894241,0.8050334005983926,0.08096024720210312,-0.0033501680601737043,0.5876694978199319
272.7,-11721.532830426479,2046.5161235853857,108260.96998916061,-45.42001739995444,8.202367327396574,-862.5050329983195,0.8050336976280594,0.08121878452463172,-0.003345732114213138,0.587633440845784
272.8,-11726.074803895131,2047.336319049216,108174.51338739153,-45.41058416170229,8.203178562193665,-863.4617167072155,0.8050359181547487,0.08147754943689985,-0.0033411625491016313,0.5875946017887831
272.90000000000003,-11730.615951510372,2048.156817595826,108088.05678562244,-45.401140273821156,8.203989274780156,-864.4184004161115,0.8050380109595199,0.08173656352111874,-0.0033356313949637,0.5875557919528112
273.0,-11735.156539295293,2048.977316142435,108001.6001838534,-45.39168909014558,8.204799987366647,-865.3750814457995,0.8050393444784503,0.0819968917977196,-0.0033301037064721725,0.5875177222744213
273.1,-11739.69377864824,2049.797814689045,107915.12911480055,-45.382194203287014,8.205610699953136,-866.3317615434231,0.8050394982634842,0.08227245181952032,-0.003324571686057521,0.587479018459712
273.2,-11744.231018001183,2050.6183209788333,107828.46401182773,-45.37269931642845,8.206421370523763,-867.2884415984834,0.8050395601912428,0.0825484592189337,-0.0033196644390665014,0.5874402422678264
273.3,-11748.76825735413,2051.4389218563756,107741.52905655927,-45.363204429569876,8.20723166398858,-868.245121653544,0.8050417251608484,0.0828247209553293,-0.003314587135604418,0.5873984166311972
273.40000000000003,-11753.304665498357,2052.2598255044345,107654.59410129083,-45.35369874811989,8.208041394369287,-869.2018017086048,0.8050437476907357,0.08310126176301666,-0.003308465811087451,0.587356619654045
273.5,-11757.840510410657,2053.0807291524934,107567.65914602242,-45.34418569065606,8.208851124749996,-870.1584787318259,0.8050449356510826,0.08337921464052152,-0.003302348167625146,0.5873156328968726
273.6,-11762.372986742128,2053.9016328005523,107480.70972353236,-45.33462846572968,8.209660855130704,-871.1151546745907,0.8050448290231149,0.08367356639022058,-0.003296225726103996,0.5872739500834746
273.7,-11766.905463073595,2054.722544169595,107393.56626797072,-45.32507124080331,8.21047053811455,-872.0718305677126,0.8050446188498246,0.08396840308188802,-0.003290776787627934,0.5872321855390353
273.8,-11771.437939405065,2055.543549929952,107306.15296130802,-45.31551401587693,8.211279803148967,-873.0285064608349,0.8050467238247859,0.08426352597172702,-0.0032851613404406427,0.5871870556856292
273.90000000000003,-11775.96957907853,2056.3648581853035,107218.73965464534,-45.30594577578716,8.212088492093567,-873.9851823539575,0.8050486635751707,0.08455896446028775,-0.0032784309160095075,0.5871419612802038
274.0,-11780.50065178066,2057.1861664406547,107131.32634798269,-45.296369952999065,8.212897181038167,-874.9418546548904,0.8050496786258251,0.0848559352031099,-0.003271704432248241,0.587097761156836
274.1,-11785.028333496894,2058.0074746960063,107043.89857416002,-45.28674867736384,8.21370586998277,-875.8985257417877,0.8050492751901546,0.08517049917587952,-0.00326497265539973,0.5870528004698535
274.2,-11789.556015213127,2058.828790647333,106956.27676810272,-45.27712740172862,8.214514506317427,-876.8551967736657,0.8050487551394321,0.08548558559178406,-0.0032589620769304453,0.5870077475388732
274.3,-11794.083696929361,2059.65020077132,106868.38511211869,-45.267506126093394,8.215322686418483,-877.8118678055444,0.8050507885089678,0.08580099495215535,-0.0032527617492680585,0.5869589736321541
274.40000000000003,-11798.610536473529,2060.4719131012216,106780.49345613465,-45.25787384830713,8.216130288020446,-878.7685388374229,0.8050526441767619,0.08611675996111867,-0.0032453601110651476,0.5869102243065396
274.5,-11803.136805644326,2061.2936254311226,106692.60180015066,-45.24823386709263,8.216937889622407,-879.7252060568752,0.8050534767418567,0.08643417784543167,-0.003237962667409867,0.5868624609598041
274.6,-11807.659663770022,2062.115337761024,106604.69567709495,-45.23854759948443,8.21774549122437,-880.6818719808734,0.8050527357167804,0.08677072141386193,-0.0032305593039857663,0.5868138530290752
274.7,-11812.182521895716,2062.937057760406,106516.59552299813,-45.22886133187623,8.218553040348892,-881.6385378460776,0.8050518623149441,0.08710783791683505,-0.0032239432082045447,0.5867651401940003
274.8,-11816.705380021413,2063.7588717023978,106428.22552064397,-45.21917506426803,8.219360131612415,-882.5952037112824,0.8050537889618914,0.08744531753306016,-0.0032171585707809723,0.5867123342920065
274.90000000000003,-11821.227390472159,2064.580987556673,106339.85551828983,-45.20947778318133,8.220166623812986,-883.551869576487,0.8050554799009723,0.0877832039703393,-0.003209086799503907,0.5866595990385143
275.0,-11825.748826131052,2065.4031034109476,106251.48551593574,-45.19977275977255,8.220973116013555,-884.5085314192935,0.8050560326138224,0.08812290468474805,-0.0032010194994742127,0.5866079538296245
275.1,-11830.266823725244,2066.2252192652227,106163.1010465889,-45.190021190488125,8.221779608214124,-885.4651918971084,0.8050548541701715,0.08848318235551232,-0.003192945635465821,0.5865553795810367
275.2,-11834.78482131943,2067.047342762582,106074.52254727192,-45.18026962120369,8.222586047154886,-886.4218523129955,0.8050535260383542,0.08884407823217615,-0.00318571524578928,0.5865026864343085
275.3,-11839.302818913618,2067.86955997105,105985.6742011987,-45.17051805191927,8.223392016201407,-887.3785127288832,0.8050552705649469,0.08920538319239363,-0.0031782579728231552,0.5864454873399202
275.40000000000003,-11843.819963292377,2068.6920787809445,105896.82585512547,-45.1607553094953,8.224197335954047,-888.3351731447707,0.805057567742456,0.08956724066235354,-0.0031693956226354694,0.5863872244107304
275.5,-11848.336529136452,2069.514597590838,105807.97750905229,-45.15098478417068,8.225002655706689,-889.2918290266479,0.8050610315265035,0.08993132944560174,-0.003160547475021509,0.5863267880979742
275.6,-11852.849634540511,2070.3371164007326,105719.11469607623,-45.14116752845965,8.22580797545933,-890.2484833298096,0.8050625892667214,0.0903175541421947,-0.003151691954619302,0.5862653269764103
275.7,-11857.362739944569,2071.1596428256576,105630.05785435952,-45.13135027274862,8.226613235274858,-891.2051375608622,0.8050639772965241,0.09070445228994739,-0.003143743631589147,0.5862037288095849
275.8,-11861.875845348628,2071.9822627152644,105540.731167621,-45.12153301703759,8.227417972511704,-892.1617917919156,0.8050686818138656,0.09109180876871549,-0.0031355577932261343,0.586137243497676
275.90000000000003,-11866.388091883815,2072.8051838728784,105451.40448088245,-45.11170429915449,8.22822202844186,-893.1184460229687,0.8050729400437385,0.09147967849243922,-0.003125860621349052,0.5860710354791703
276.0,-11870.89975593721,2073.6281050304924,105362.07779414397,-45.10186753943021,8.229026084372013,-894.0750949473978,0.8050762683888317,0.09186973262603478,-0.0031161701555140814,0.5860054980867471
276.1,-11875.407935843608,2074.451026188107,105272.73664060899,-45.09198244635284,8.229830140302168,-895.0317420013931,0.8050774851982863,0.09228372135486036,-0.0031064714464828147,0.5859388256762422
276.2,-11879.916115750008,2075.273954928522,105183.20145978176,-45.08209735327547,8.23063412677737,-895.9883889696874,0.8050785089150487,0.09269844461633402,-0.0030977547160542847,0.5858719969110604
276.3,-11884.42429565641,2076.096976855687,105093.39643596855,-45.07221226019811,8.231437521339284,-896.9450359379822,0.8050832076003918,0.09311368991998703,-0.003088799433241311,0.5857997344719527
276.40000000000003,-11888.931610941763,2076.9202997088933,105003.59141215532,-45.06231566152492,8.232240234662612,-897.9016829062771,0.8050873870535916,0.093529523344082,-0.003078219595262496,0.5857277968769898
276.5,-11893.438339649589,2077.7436225620995,104913.78638834215,-45.05241071366996,8.233042947985941,-898.8583241079099,0.8050905218753983,0.0939477444124472,-0.0030676468807392587,0.5856566079613782
276.6,-11897.941559544219,2078.566945415306,104823.96689785233,-45.0424553551511,8.23384566130927,-899.8149633430376,0.8050917024654198,0.09438678242175154,-0.0030570664200824274,0.5855844433301691
276.7,-11902.444779438843,2079.3902758163345,104733.95338168705,-45.03249999663225,8.234648305877862,-900.7716024888316,0.8050937256984756,0.09481287405660342,-0.0030475523228725185,0.5855128727696034
276.8,-11906.947999333473,2080.2136991058064,104643.67002479378,-45.02254463811339,8.235450361123334,-901.7282416346261,0.8050998139040042,0.09523955681142374,-0.0030377772245292864,0.5854352982009503
276.90000000000003,-11911.450348852564,2081.0374229765644,104553.38666790053,-45.0125777745043,8.236251715211976,-902.6848807804205,0.805105308727187,0.09566691237913649,-0.0030262424478536025,0.5853581173878007
277.0,-11915.95210761137,2081.861146847322,104463.10331100732,-45.00260258394205,8.237053069300616,-903.6415137272808,0.8051098169753533,0.09609475021443997,-0.003014715798838394,0.5852818919800866
277.1,-11920.450332296734,2082.6848707180798,104372.80548756225,-44.99257713449537,8.237854423389258,-904.598144586964,0.8051117302479369,0.0965507267860529,-0.0030031787821465854,0.5852042719354164
277.2,-11924.948556982094,2083.5086021022416,104282.31364013343,-44.98255168504868,8.238655708381142,-905.5547753521535,0.8051133808655438,0.09700792783782484,-0.0029927831557624617,0.5851264385898552
277.3,-11929.446781667457,2084.3324260781,104191.55195434732,-44.972526235602,8.2394563934828,-906.5114061173433,0.8051195128332757,0.09746580074853568,-0.002982078128894468,0.5850419599905539
277.40000000000003,-11933.944130187172,2085.156550270486,104100.7902685612,-44.96248910068214,8.240256313380035,-907.4680368825332,0.8051249588495869,0.09792444459568259,-0.0029694636856387583,0.5849579353026145
277.5,-11938.44088377856,2085.9806744628722,104010.02858277514,-44.952443612404785,8.241056233277268,-908.4246607778348,0.805129302927999,0.09838364060195302,-0.0029568577254731423,0.5848749625526566
277.6,-11942.934078157745,2086.8047986552588,103919.25243057511,-44.9423477897871,8.241856153174503,-909.3812822699546,0.8051307803438968,0.09887308862663376,-0.0029442401648920335,0.5847904499375044
277.7,-11947.427272536925,2087.6289303247686,103828.28225627357,-44.93225196716941,8.242655995730058,-910.3379036521762,0.8051319595480129,0.09936386319151272,-0.0029328494223698725,0.5847056941746857
277.8,-11951.920466916108,2088.453154271628,103737.04224626507,-44.922156144551714,8.243455171407673,-911.2945250343986,0.8051381099785091,0.09985540632940774,-0.002921122301702741,0.5846135379304191
277.90000000000003,-11956.412779201406,2089.2776780383,103645.80223625657,-44.912048262179354,8.244253527007814,-912.2511464166209,0.8051434689503995,0.1003478356123976,-0.0029073398016069268,0.584521901787865
278.0,-11960.904492311427,2090.102201804972,103554.56222624813,-44.901931694489704,8.245051882607953,-913.2077596228763,0.8051475859154232,0.10084089973720362,-0.0028935661161680858,0.5844314374756794
278.1,-11965.392620611183,2090.926725571644,103463.3077499899,-44.89176273965197,8.245850238208096,-914.1643699333774,0.8051485105664478,0.1013667310881027,-0.0028797793647589863,0.5843392581642561
278.2,-11969.880748910937,2091.7512567736007,103371.85925386881,-44.88159378481426,8.246648502911407,-915.1209801110364,0.805149095080081,0.10189401043170729,-0.002867320453213687,0.5842468004219523
278.3,-11974.368877210693,2092.575879896217,103280.14092519126,-44.871424829976526,8.247446002546585,-916.0775902886959,0.8051552126212483,0.10242217271121488,-0.0028545212462388336,0.5841460723435546
278.40000000000003,-11978.856117348525,2093.40080242726,103188.42259651372,-44.86124370708051,8.248242686603122,-917.0342004663555,0.8051604066660183,0.10295135978070634,-0.002839511617918191,0.5840459521565808
278.5,-11983.34275385372,2094.2257249583026,103096.70426783622,-44.851053414730586,8.24903937065966,-917.9908014302441,0.8051641942905178,0.10348128023264214,-0.0028245111134630784,0.5839471440215158
278.6,-11987.825778592593,2095.050647489346,103004.9714730965,-44.840807486226915,8.249836054716196,-918.94739929884,0.8051644184271044,0.10404672826260161,-0.0028094958746027483,0.583846421903673
278.7,-11992.308803331465,2095.875577409779,102913.0446610332,-44.83056155772325,8.250632648446196,-919.9039970273861,0.8051642536276495,0.1046137598768933,-0.0027959186095355307,0.5837453800791735
278.8,-11996.791828070342,2096.700598864561,102820.84801996821,-44.82031562921958,8.251428478623373,-920.8605947559329,0.8051702197194919,0.10518180393783325,-0.002781973525038562,0.5836351308999095
278.90000000000003,-12001.273958564052,2097.52591931583,102728.65137890323,-44.81005755799405,8.252223472286415,-921.8171924844796,0.8051751012495465,0.10575103595766244,-0.0027656342762296684,0.5835256001142658
279.0,-12005.755480831658,2098.3512397670984,102636.45473783831,-44.79979037214888,8.25301846594946,-922.7737804624232,0.8051703273329348,0.10641429284157042,-0.0027492767598674673,0.5834116760392277
279.1,-12010.233363454612,2099.176560218367,102544.24363090844,-44.78946791051746,8.253813459612502,-923.7303651538894,0.80515939768884,0.1071398241597294,-0.002732895534280027,0.5832940370639541
279.2,-12014.711246077562,2100.001888013926,102451.8385093254,-44.77914544888605,8.254608363131858,-924.6869496965232,0.8051479825075937,0.10786605903608294,-0.0027180595617664113,0.583176004070979
279.3,-12019.189128700515,2100.8273069602246,102359.163562479,-44.76882298725463,8.255402493936364,-925.6435342391575,0.80514231003652,0.10860381878783847,-0.0027027843141764663,0.5830469673111297
279.40000000000003,-12023.666110963033,2101.6530244665296,102266.48861563262,-44.75848816710689,8.256195704993814,-926.6001187817919,0.805132386437634,0.1093749419378796,-0.0026849003411298093,0.58291659240022
279.5,-12028.142480441256,2102.478741972834,102173.81366878629,-44.748144217011394,8.256988916051267,-927.5566924449942,0.8051204974788615,0.11014707031639998,-0.0026670256372895605,0.5827876924012336
279.6,-12032.615182656515,2103.304459479139,102081.12425629365,-44.73774501209976,8.257782127108717,-928.5132623155557,0.8051068682019283,0.11092857792722143,-0.002649141618391014,0.5826583590937429
279.7,-12037.087884871768,2104.130184282487,101988.2408321267,-44.72734580718813,8.258575237550119,-929.4698320128331,0.8050926765512215,0.1117108636792052,-0.0026329173423300183,0.5825285682658875
279.8,-12041.560587087028,2104.9559998318864,101895.08758688583,-44.716946602276494,8.259367489157826,-930.4264017101111,0.8050848744368589,0.112505625999425,-0.002616210432223661,0.5823864563281319
279.90000000000003,-12046.032382651898,2105.782113461704,101801.93434164497,-44.70653455078686,8.260158743122023,-931.382971407389,0.8050722713221782,0.11333634228629755,-0.0025966932089559946,0.5822428777148679
280.0,-12050.503560777543,2106.608227091521,101708.78109640416,-44.696112940759924,8.260949997086222,-932.3395281085633,0.8050574313035689,0.11416823019771713,-0.0025771850917012404,0.5821009411033655
280.1,-12054.971043461932,2107.4343407213382,101615.61338577792,-44.685633428376725,8.26174125105042,-933.2960802259655,0.8050406187496748,0.11501028693652456,-0.0025576659296958934,0.5819584988699031
280.2,-12059.43852614632,2108.2604615937244,101522.25166703804,-44.67515391599355,8.262532386498341,-934.252632133311,0.8050231536986652,0.11585321017314512,-0.002539942125109973,0.5818155243680196
280.3,-12063.90600883071,2109.086672752313,101428.62013223817,-44.66467440361035,8.263322534300645,-935.2091840406569,0.8050128096196346,0.1167097059958818,-0.0025254985639913976,0.5816586995237498
280.40000000000003,-12068.372578390208,2109.9131814919006,101334.98859743829,-44.65418189643393,8.26411169716514,-936.1657359480027,0.8049969319677924,0.11760512243146926,-0.002543503927147028,0.5815002195082072
280.5,-12072.838525579224,2110.7396902314877,101241.35706263848,-44.6436791870039,8.264900860029634,-937.1222730657951,0.8049784984690167,0.11850191057159427,-0.002561538267809583,0.5813435754484191
280.6,-12077.300747365884,2111.5661989710748,101147.71106275317,-44.63311425774105,8.26569002289413,-938.0788052331204,0.8049578223161796,0.11940974825737599,-0.0025795796207003017,0.5811863402404467
280.7,-12081.762969152542,2112.3927148934454,101053.87105882156,-44.622549328478215,8.266479068293345,-939.0353371766765,0.8049363972042344,0.12031855570688559,-0.002594948995527013,0.5810284914254952
280.8,-12086.225190939202,2113.21932060375,100959.76124453153,-44.611984399215366,8.267267130464685,-939.9918691202332,0.8049228651440249,0.12124218613156502,-0.0026142621074522533,0.580855127466399
280.90000000000003,-12090.686493113051,2114.0462233977987,100865.6514302415,-44.601406550085095,8.268054182005597,-940.9484010637899,0.8049030780972186,0.12220814915585712,-0.002633610246486711,0.5806800041732041
281.0,-12095.147167807827,2114.873126191847,100771.54161595153,-44.59081859154371,8.268841233546508,-941.904917292324,0.8048803847105379,0.12317571992259131,-0.0026529922122843085,0.580506907764317
281.1,-12099.604085933739,2115.7000289858956,100677.41733689394,-44.58016900464869,8.26962828508742,-942.861428245512,0.8048551492711512,0.12415520755431406,-0.0026723824523850422,0.5803331211475751
281.2,-12104.061004059648,2116.526938904349,100583.09905809598,-44.56951941775368,8.27041522063862,-943.8179389600608,0.8048290412898725,0.12513577641857543,-0.0026889113043083515,0.580158617545704
281.3,-12108.51792218556,2117.3539381187043,100488.51097497059,-44.55886983085867,8.271201169972768,-944.7744496746102,0.8048116791550517,0.1261324806533095,-0.002709680570543581,0.5799667370212489
281.40000000000003,-12112.973914184458,2118.181233887694,100393.9228918452,-44.54820704866127,8.271985999703485,-945.7309603891596,0.80478719385773,0.1271750297347443,-0.002730490939927146,0.5797729114349811
281.5,-12117.429273655702,2119.008529656683,100299.33480871985,-44.53753416759831,8.2727708294342,-946.6874534247029,0.8047594052268896,0.12821946429554218,-0.002751340820636517,0.5795813133619093
281.6,-12121.880845817437,2119.8358254256723,100204.73226118094,-44.52679989094135,8.273555659164918,-947.6439403292321,0.8047287331673458,0.12927673434040873,-0.0027722004821295965,0.5793889081417121
281.7,-12126.332417979169,2120.6631282582357,100109.93571873558,-44.51606561428439,8.274340359004963,-948.6004269540149,0.8046970432522728,0.1303352118904867,-0.002789986564472112,0.5791956639146066
281.8,-12130.783990140902,2121.49051986995,100014.8693787713,-44.50533133762743,8.275123959804944,-949.5569135787982,0.8046751170563895,0.1314112133431674,-0.0028123301209082093,0.5789828493118369
281.90000000000003,-12135.23462943481,2122.3182074528518,99919.80303880702,-44.494583233826674,8.275906349425092,-950.5134002035816,0.8046450907088669,0.1325366838637115,-0.0028347221208510466,0.5787678893814232
282.0,-12139.684631033577,2123.1458950357533,99824.73669884278,-44.483824462683316,8.276688739045241,-951.4698656171826,0.8046112783224011,0.13366437383493696,-0.002857160445216111,0.5785554101362254
282.1,-12144.130813900892,2123.9735826186547,99729.65589488992,-44.47300077522479,8.277471128665391,-952.4263235942967,0.8045741760602355,0.13480598632407104,-0.002879610337033052,0.5783419828375719
282.2,-12148.576996768206,2124.80127719471,99634.38110182383,-44.46217708776627,8.278253364903682,-953.3827812311457,0.804535884357292,0.13594895665125084,-0.002898733896882996,0.5781275718287979
282.3,-12153.02317963552,2125.6290599607787,99538.8365193896,-44.451353400307745,8.279034334572353,-954.3392388679952,0.8045085132283538,0.1371110507998168,-0.0029227877267707803,0.5778910530572159
282.40000000000003,-12157.46842267404,2126.4571380946154,99443.2919369554,-44.440515784571666,8.279814121755715,-955.2956965048447,0.8044439370587451,0.13833557910291808,-0.0029470866160971896,0.5776889598773405
282.5,-12161.91302249054,2127.285216228451,99347.74735452123,-44.42966668799199,8.280593908939075,-956.2521300990587,0.8043318874209924,0.13957659417566576,-0.002971734983179493,0.5775463254383109
282.6,-12166.353769823247,2128.113294362288,99252.1883085872,-44.418747168605385,8.281373696122436,-957.2085556852414,0.804213379259817,0.14083398498841487,-0.0029964228923276904,0.5774059670124991
282.7,-12170.794517155953,2128.9413794126413,99156.43528015238,-44.40782764921879,8.28215333488449,-958.164980909935,0.8040933535348935,0.1420933448304497,-0.003017517609133569,0.5772644582367619
282.8,-12175.23526448866,2129.7695520193265,99060.41247160289,-44.396908129832184,8.282931738661503,-959.1214061346292,0.8039853391226345,0.14337410015781737,-0.0030439561214586812,0.5770980646397365
282.90000000000003,-12179.675065060765,2130.5980193962573,98964.3896630534,-44.385974857136254,8.283708923818036,-960.0778313593233,0.8038726426226839,0.14471168930625627,-0.003070429141666605,0.5769210291589641
283.0,-12184.114216686166,2131.426486773188,98868.36685450395,-44.37503034167147,8.284486108974566,-961.0342309642085,0.8037441834793954,0.14605634476109616,-0.0030970498580997438,0.5767609903246268
283.1,-12188.549480705202,2132.2549541501185,98772.32958297351,-44.364016930129665,8.285263294131099,-961.9906219690002,0.8036083707852417,0.14741879877121025,-0.0031237173073415856,0.5766034396037946
283.2,-12192.984744724237,2133.0834283701233,98676.09833598182,-44.35300351858787,8.286040333531899,-962.9470125847547,0.8034707661801652,0.14878350390592915,-0.003146543447751283,0.5764445299624795
283.3,-12197.420008743273,2133.9119895306853,98579.59731874631,-44.341990107046065,8.286816139699274,-963.9034032005097,0.8033464949222796,0.15017162450736996,-0.003175112393839876,0.5762575907961575
283.40000000000003,-12201.854319056683,2134.7408448214414,98483.09630151078,-44.33096257916777,8.287590587109802,-964.8597938162649,0.803216795700109,0.1516211812428776,-0.0032037222897466997,0.5760586191241773
283.5,-12206.28797481114,2135.569700112197,98386.59528427533,-44.3199238041792,8.288365034520329,-965.8161552376902,0.8030692081339336,0.15307908515464863,-0.0032325059397865018,0.5758786257022409
283.6,-12210.717708613538,2136.3985554029528,98290.07980464242,-44.30881631510337,8.289139481930857,-966.7725065745011,0.8029132362716428,0.15455633943187677,-0.0032613449196524894,0.5757013432245321
283.7,-12215.147442415937,2137.2274174602453,98193.37035753342,-44.297708826027545,8.28991376550303,-967.7288574516424,0.8027551439653244,0.1560361749216451,-0.0032860609705476643,0.575522452000207
283.8,-12219.577176218334,2138.0563658120745,98096.39115144467,-44.28660133695172,8.290686674502698,-968.6852083287843,0.8026119618754606,0.1575416144695445,-0.003316950648152999,0.5753118078078626
283.90000000000003,-12224.005949077455,2138.8856075929875,97999.4119453559,-44.275478943163314,8.291458148634169,-969.641559205926,0.8024625160124224,0.15911323976610514,-0.003347889194374233,0.5750875402615578
284.0,-12228.434061602798,2139.7148493739,97902.43273926718,-44.264344577722305,8.29222962276564,-970.597874907548,0.80229262181245,0.16069478284038013,-0.003379033352842931,0.5748846126717854
284.1,-12232.85821688884,2140.544091154813,97805.43907148177,-44.253137001051265,8.293001096897111,-971.5541784524861,0.8021131078017458,0.16229752206648543,-0.0034102432769587167,0.5746846499294161
284.2,-12237.28237217488,2141.373339614178,97708.25144575628,-44.24192942438022,8.293772381228743,-972.5104814432361,0.8019310777498693,0.16390323922504788,-0.0034369981605869666,0.5744827775957378
284.3,-12241.706527460921,2142.2026736370835,97610.79407445093,-44.23072184770918,8.29454210955273,-973.4667844339865,0.8017657176545945,0.1655371195430025,-0.0034704260691837733,0.5742448538647231
284.40000000000003,-12246.129714349816,2143.0323003812427,97513.33670314557,-44.219499516647296,8.295310464158094,-974.4230874247371,0.8015930608255406,0.16724267292087538,-0.0035039123307368364,0.57399144226112
284.5,-12250.552234728326,2143.861927125401,97415.87933184027,-44.20826444338677,8.296078818763458,-975.3793512432477,0.8013969793648754,0.16896004551730373,-0.003537642622021627,0.5737620321773853
284.6,-12254.970759957576,2144.69155386956,97318.40749963713,-44.196950799644895,8.296847173368821,-976.335602089162,0.8011898324353978,0.1707006736970561,-0.003571451266226364,0.5735358551453984
284.7,-12259.389285186824,2145.5211871988995,97220.74172026596,-44.18563715590303,8.297615351180943,-977.2918523504035,0.8009796906466392,0.17244475024031158,-0.003600462259745561,0.5733074044155428
284.8,-12263.807810416076,2146.3509053246344,97122.80621035415,-44.17432351216115,8.298382061323492,-978.2481026116453,0.8007880234591964,0.17421989170988378,-0.003636672286603509,0.5730381710074728
284.90000000000003,-12268.225359956274,2147.180915476756,97024.87070044233,-44.16299549233279,8.299147346806127,-979.2043528728873,0.8005877831770308,0.17607284945311608,-0.003672951831731976,0.5727513095035137
285.0,-12272.642236681246,2148.010925628878,96926.93519053058,-44.15165520197133,8.29991263228876,-980.1605613996375,0.8003608127142243,0.17793986628865138,-0.003709520429749481,0.5724912339195984
285.1,-12277.05507937529,2148.840935781,96828.98522057211,-44.14023934737022,8.300677917771397,-981.1167557957965,0.8001211464154778,0.17983224486027197,-0.0037461823336940557,0.5722346379635012
285.2,-12281.467922069332,2149.6709524310145,96730.84131499045,-44.12882349276911,8.301443029132246,-982.072949551259,0.7998710935793241,0.18173136711019072,-0.0037777940666072034,0.5719839789159027
285.3,-12285.880764763377,2150.501053146967,96632.42769505385,-44.117407638168,8.302206671072843,-983.029143306722,0.7996186173175442,0.18367401834646463,-0.0038173143866040943,0.5717161445459757
285.40000000000003,-12290.292624501473,2151.3314451397255,96534.01407511724,-44.10597695390172,8.302968720099724,-983.9853370621848,0.7993600927107459,0.18569919677811975,-0.003856888578910615,0.5714231137326513
285.5,-12294.703805303421,2152.1618371324835,96435.6004551807,-44.09453397276275,8.303730769126602,-984.9414825175173,0.7990717045526461,0.1877410281205127,-0.003896803435319432,0.5711589378330414
285.6,-12299.110914436436,2152.992229125242,96337.17237616814,-44.08301551167881,8.304492818153483,-985.8976112945059,0.798768587418585,0.1898108233549974,-0.003936834343657874,0.5708984992325405
285.7,-12303.51802356945,2153.8226275245747,96238.55037479833,-44.07149705059487,8.305254672136156,-986.8537393113457,0.7984594755316946,0.1918861799248151,-0.003971416878583717,0.5706368264802835
285.8,-12307.925132702465,2154.653109223362,96139.65867777038,-44.05997858951093,8.306014904887855,-987.8098673281862,0.7981664941343137,0.19400217462488586,-0.004014341974480223,0.570330859186723
285.90000000000003,-12312.331251260126,2155.4838813964707,96040.76698074245,-44.04844440866553,8.306773549656539,-988.7659953450266,0.7978664021583265,0.19620678709184233,-0.00405733177582134,0.5699961746054835
286.0,-12316.736684556576,2156.314653569579,95941.87528371456,-44.03689708978752,8.307532194425221,-989.7220650037729,0.7975318799640021,0.19843134736478138,-0.004100728011482128,0.5696938518659456
286.1,-12321.138007354992,2157.1454257426876,95842.96912876032,-44.025269055313096,8.308290839193905,-990.6781150661167,0.7971802945600635,0.20068669955542703,-0.00414426319989881,0.5693955142686061
286.2,-12325.539330153408,2157.9762042207285,95743.86906707541,-44.01364102083867,8.309049273346039,-991.6341642419088,0.7968215712601767,0.20294858649175912,-0.0041819377432637085,0.5690955686105557
286.3,-12329.940652951824,2158.807065160984,95644.49933167285,-44.00201298636424,8.309805988914327,-992.5902134177015,0.7964804220392151,0.2052558018580937,-0.004228606333239581,0.5687452083317303
286.40000000000003,-12334.340977445097,2159.6382158084853,95545.1295962703,-43.9903700340549,8.31056124420184,-993.5462625934942,0.7961307803039358,0.20765876008435832,-0.004275352153608935,0.5683619809389397
286.5,-12338.740610009101,2160.469366455986,95445.75986086781,-43.978713636865415,8.311316499489353,-994.502248543472,0.7957414226028244,0.21008563727706334,-0.004322583330281432,0.5680149017739552
286.6,-12343.136090963868,2161.300517103487,95346.37566882005,-43.96697395719529,8.312071754776866,-995.458213775706,0.7953322655984516,0.2125464164479366,-0.004369981015865702,0.5676720104242371
286.7,-12347.531571918633,2162.1316739552526,95246.79758729432,-43.955234277525165,8.312826824807999,-996.4141780769276,0.7949146088682302,0.2150148785838661,-0.004411130007978656,0.5673269855449209
286.8,-12351.9270528734,2162.9629124429175,95146.9498561158,-43.94349459785504,8.313580353780793,-997.3701423781497,0.7945159374730016,0.21753396237933112,-0.004461928517813176,0.5669245906704412
286.90000000000003,-12356.321528208051,2163.794439901076,95047.10212493727,-43.93174052848518,8.314332365061428,-998.326106679372,0.7941070818632643,0.22015656052398735,-0.004512819106065687,0.5664844798020285
287.0,-12360.715305069072,2164.625967359234,94947.25439375882,-43.919973928966485,8.315084376342066,-999.2820037131517,0.7936525504528035,0.2228078087868324,-0.004564288645586528,0.566084337155278
287.1,-12365.104889813974,2165.4574948173927,94847.39220730941,-43.908129997017674,8.315836387622701,-1000.2378778715428,0.7931750595602486,0.2254962376202484,-0.004615957575112242,0.5656884872846302
287.2,-12369.494474558876,2166.289028389238,94747.3361499951,-43.89628606506887,8.3165882183642,-1001.1937509915302,0.7927960911047559,0.22814079823029074,-0.004659961825186674,0.5651587554551846
287.3,-12373.88405930378,2167.1206428366795,94647.01046909511,-43.88444213312006,8.31733852131803,-1002.1496241115182,0.7925720865806023,0.2307746027838364,-0.0047128880278399805,0.5644026567705626
287.40000000000003,-12378.27263118487,2167.952545458379,94546.68478819513,-43.87258347390765,8.318087139250487,-1003.1054972315062,0.7923424413801463,0.23351360293556617,-0.0047658115326177026,0.5635974981067923
287.5,-12382.66049837338,2168.7844480800777,94446.35910729518,-43.86071232231494,8.318835757182946,-1004.0612995907252,0.7920819495117535,0.2362734593150378,-0.004819154343832335,0.5628124140709543
287.6,-12387.044135123628,2169.6163507017773,94346.01897271027,-43.848764293523274,8.319584375115403,-1005.0170754367077,0.7918222673164731,0.23898794276849145,-0.004872658777158757,0.562030708582303
287.7,-12391.427771873872,2170.44825934325,94245.47867148554,-43.83681626473162,8.320332794161963,-1005.972850049599,0.7915668850745505,0.24163924186814492,-0.004919202140181279,0.5612558638384685
287.8,-12395.81140862412,2171.280248074466,94144.68141194098,-43.82486823593996,8.321079578030286,-1006.9286246624906,0.7913413383239685,0.24432421617569466,-0.004976690553932532,0.5604103819531661
287.90000000000003,-12400.194025102493,2172.1125241738414,94043.8778349881,-43.812905335166036,8.321824885285404,-1007.8843265275011,0.7910899805289692,0.24706119591320916,-0.005034673873687531,0.5595641699033235
288.0,-12404.57593049945,2172.9448002732165,93943.07425803528,-43.80092925250253,8.322570192540521,-1008.8400226993598,0.7908362442923618,0.24980663046086285,-0.00509283514219961,0.558702734127511
288.1,-12408.953566069516,2173.7770763725925,93842.25622923269,-43.78887165983753,8.32331549979564,-1009.7956950818308,0.7905509174155485,0.2526709826676187,-0.005150944273641885,0.5578172543623084
288.2,-12413.331201639583,2174.6093583947663,93741.21731655917,-43.77681406717255,8.324060623694468,-1010.751366097451,0.7902531584904904,0.2555483975840156,-0.0052015300923922625,0.5569271999756733
288.3,-12417.70883720965,2175.441719713703,93639.96296472772,-43.76475647450756,8.32480425194219,-1011.7069619082808,0.7899536219884074,0.2584830551343524,-0.00526416083441796,0.5559964693471685
288.40000000000003,-12422.08544539964,2176.2743677150434,93538.68155336069,-43.75268561032022,8.32554661284152,-1012.6625513107433,0.7896555595784608,0.26145898743750806,-0.005327034881640866,0.5550269523314616
288.5,-12426.461336077133,2177.107015716383,93437.40014199371,-43.74060246919571,8.326288973740848,-1013.6181407132052,0.7893569148140286,0.26444344702779504,-0.005390089023637585,0.5540363447461306
288.6,-12430.8329170753,2177.9396637177238,93336.10428074478,-43.728443075917575,8.327031334640177,-1014.573705506496,0.7890224752443624,0.26755263769408005,-0.0054530807502745976,0.5530184296499807
288.7,-12435.204498073468,2178.7723175610226,93234.56674373864,-43.71628368263945,8.32777356100162,-1015.5291820867839,0.7886311475184429,0.2707001957052439,-0.005508732497983023,0.5520434503507422
288.8,-12439.576079071636,2179.6050500262354,93132.85248003867,-43.70412428936132,8.328514645849445,-1016.4846506593341,0.7882700783556278,0.2738952126498407,-0.00557677323676158,0.5509814839511185
288.90000000000003,-12443.946626307124,2180.438068492688,93031.09626059535,-43.69195251679571,8.329254451182774,-1017.4401192318844,0.787912992048456,0.2771334637231382,-0.005645064016460316,0.5498711608170734
289.0,-12448.316450299306,2181.2710869591406,92929.33708008623,-43.679770239351164,8.329994256516102,-1018.3955878044342,0.7875544613821551,0.28038181570919657,-0.0057135678926331715,0.5487361505483432
289.1,-12452.681929127417,2182.1041054255934,92827.56345180597,-43.667523312782386,8.33073406184943,-1019.351028532797,0.7871555034740816,0.28375981956512836,-0.005781999492561187,0.5475702207321895
289.2,-12457.047407955524,2182.937129671853,92725.52728329669,-43.65527638621362,8.331473747430893,-1020.3063584551023,0.7866849091774819,0.28718618217081926,-0.00584295690216377,0.5464584250400075
289.3,-12461.412886783633,2183.77023201647,92623.33529838208,-43.64302945964485,8.332212412497906,-1021.2616783024719,0.7862456463092676,0.29066779442126917,-0.0059169324078509914,0.5452476564432698
289.40000000000003,-12465.77732574249,2184.603619801233,92521.12229612164,-43.6307703793239,8.332949903331702,-1022.2169981498413,0.7858097446171093,0.29419626000424565,-0.005991205454777803,0.5439813519979395
289.5,-12470.141036370647,2185.4370075859956,92418.8854170846,-43.618501233163784,8.333687394165498,-1023.1723179972103,0.785371127654661,0.2977367545641072,-0.006065732009048243,0.5426861189705087
289.6,-12474.50037059085,2186.270395370759,92316.63409273025,-43.6061703099997,8.334424884999295,-1024.1276049707794,0.7848866099592664,0.30141217346003274,-0.006140175338404688,0.5413557143353739
289.7,-12478.85970481105,2187.103788875829,92214.09929640133,-43.593839386835626,8.335162255092046,-1025.0827613545857,0.7843281780807381,0.30510956087727115,-0.006206997617403263,0.5400916015921804
289.8,-12483.219039031253,2187.937259985882,92111.42967178287,-43.581508463671554,8.33589865392497,-1026.03790586495,0.7838112218603928,0.3088382553195788,-0.006287608092742657,0.5387201189127327
289.90000000000003,-12487.577327655594,2188.771016061132,92008.76004252821,-43.569167022855744,8.336634326338277,-1026.9930503753144,0.7832562651032423,0.3126182459323599,-0.006369282182386505,0.5373442916149526
290.0,-12491.934882951871,2189.604772136381,91906.04554759363,-43.55681560409884,8.337369998751583,-1027.948194885678,0.7825287645522245,0.31652112190456017,-0.006453481229147257,0.5361170251136154
290.1,-12496.288030990712,2190.438528211631,91803.31661007354,-43.54440205562738,8.338105671164891,-1028.9033057443303,0.7820129851977107,0.3203967644645731,-0.00653418902966842,0.5345642231542647
290.2,-12500.641179029551,2191.2722899629775,91700.28319956436,-43.53198850715593,8.33884130056648,-1029.8582819055525,0.7814216324778154,0.3243372278278102,-0.0066066604857297154,0.5330496665207693
290.3,-12504.994327068393,2192.1061289643976,91597.1360257766,-43.51957495868448,8.339576559374956,-1030.8132458184991,0.7807860607876338,0.3284099281746527,-0.00669447438458005,0.5314839888169379
290.40000000000003,-12509.34642490707,2192.940252670783,91493.98885198885,-43.507153701438305,8.340311364298563,-1031.7682097314457,0.780009766322933,0.33260662632897947,-0.006784838953524253,0.5300109079285753
290.5,-12513.697785108274,2193.774376377168,91390.8179144091,-43.494725707798914,8.341046169222167,-1032.7231736443919,0.7791089806193674,0.3369014107719926,-0.006877229899345025,0.5286202223212835
290.6,-12518.044711254654,2194.6085000835537,91287.61145491576,-43.48225612315901,8.341780974145774,-1033.6781030277432,0.7781425601930871,0.3413470405921822,-0.006969700301189597,0.5271885594100258
290.7,-12522.39163740103,2195.4426294637433,91184.07944680624,-43.46978653851912,8.342515812459228,-1034.6328943212488,0.777010997196687,0.34592229580950945,-0.007055179579356955,0.5258725130089911
290.8,-12526.73856354741,2196.276836050086,91080.45481566117,-43.457316953879214,8.343250872943596,-1035.5876730581613,0.7763593361575183,0.35028912526874934,-0.007149322152964227,0.5239394975302634
290.90000000000003,-12531.08443612721,2197.111327125578,90976.8301845161,-43.44484144125123,8.343985766123259,-1036.5424517950735,0.7758534630906188,0.35458799695712234,-0.007242099126745684,0.5217914413100968
291.0,-12535.429568398713,2197.9458182010694,90873.20297634877,-43.43236188216979,8.344720659302922,-1037.4972305319855,0.7753409479312443,0.3589020502196606,-0.007335206182790865,0.519597851765632
291.1,-12539.77025030632,2198.7803092765616,90769.51908737117,-43.419858096550826,8.345455552482587,-1038.4519699370842,0.7746944198527834,0.36340484224470887,-0.007429135275931642,0.5174265981094418
291.2,-12544.110932213922,2199.614806059972,90665.48851232915,-43.407354310931865,8.346190530861971,-1039.406554358816,0.7739852474843466,0.3679614701445163,-0.007514407927433399,0.515261804172579
291.3,-12548.451614121528,2200.4493803048895,90561.38653001051,-43.394850525312904,8.346926176223684,-1040.3611246908804,0.7733293967785623,0.37260368362742713,-0.007614421094198961,0.5129036552967596
291.40000000000003,-12552.791239895652,2201.284239092921,90457.28454769189,-43.38234237008411,8.347662188418223,-1041.3152774682264,0.7726827236694882,0.3772725352579465,-0.007715001689127668,0.5104579526578851
291.5,-12557.13012379033,2202.119097880952,90353.18256537331,-43.369832158152434,8.348398200612761,-1042.2693613829701,0.7718807142059614,0.38206469490412304,-0.00781812824068537,0.5080999988344093
291.6,-12561.464548069129,2202.9539566689837,90249.0228491184,-43.357310423581374,8.349134212807302,-1043.2232323515375,0.7709599728467923,0.3870316428586501,-0.007921799656867283,0.5057316213016583
291.7,-12565.798972347924,2203.788821225266,90144.51092200974,-43.34478868901033,8.349870387080985,-1044.1770949492088,0.7699325593501517,0.3920841644423157,-0.008017429220307919,0.5033980362246099
291.8,-12570.133396626723,2204.6237637293784,90039.93169184233,-43.33226695443927,8.350607888710849,-1045.1309575468808,0.7688955401090365,0.39727954233133245,-0.008128930561563968,0.5009017210325449
291.90000000000003,-12574.46676353711,2205.4589911475227,89935.35246167493,-43.31974509437271,8.351346552375912,-1046.0848201445529,0.7678200815715353,0.4025416054721002,-0.008241826806598164,0.49834190119867994
292.0,-12578.799388510959,2206.294218565666,89830.7732315076,-43.30722452150859,8.352085216040972,-1047.0386827422242,0.7667268594618581,0.40782901549476225,-0.008355272703593045,0.4957172646966992
292.1,-12583.127554198469,2207.12944598381,89726.13628059934,-43.29471282805918,8.352823879706033,-1047.9923524661613,0.7655530922173606,0.41325395545708465,-0.00846857483115585,0.49302932421494017
292.2,-12587.455719885977,2207.9646792845665,89621.14719937423,-43.282201134609785,8.353562838395268,-1048.946014576928,0.7642276934704292,0.4187964574589285,-0.008574767706800617,0.4903998706275257
292.3,-12591.783885573486,2208.799991459058,89516.09083056138,-43.26968944116038,8.354304166059773,-1049.8996766876955,0.7628890448619716,0.42449250121315374,-0.00869670952287513,0.48757644414682716
292.40000000000003,-12596.110994810217,2209.6355892829256,89411.03446174854,-43.25718146540779,8.355047235020916,-1050.8533387984628,0.7615472816448778,0.43022924667916435,-0.008819519764625396,0.4846346553769111
292.5,-12600.437364014475,2210.471187106792,89305.97809293575,-43.24467979914594,8.35579030398206,-1051.8070009092296,0.7601804735047751,0.4359946841258023,-0.008942952542054529,0.48161634805717296
292.6,-12604.75928642371,2211.306784930659,89200.86401467343,-43.23221913058933,8.356533372943204,-1052.7604663502264,0.7587239170211008,0.44189085546909046,-0.009066234868752283,0.47852721236963935
292.7,-12609.081208832944,2212.142388786527,89095.39787564235,-43.21975846203273,8.357276833597888,-1053.7139240325014,0.7570901049200697,0.44792046749514425,-0.009183380024726358,0.47549710131857853
292.8,-12613.40313124218,2212.9780727318184,88989.8644637745,-43.207297793476116,8.358023437418334,-1054.6673817147769,0.7554278967712506,0.45412317463619706,-0.009315916335650607,0.4722436328220149
292.90000000000003,-12617.724000297438,2213.814043336138,88884.37905155888,-43.19484455449692,8.3587723369034,-1055.6208393970524,0.7537543221769688,0.46037150132578564,-0.009449427042598038,0.46885308028757483
293.0,-12622.0441329081,2214.6500139404575,88778.91810490377,-43.18240128439015,8.359521236388465,-1056.5742970793274,0.7520459875111319,0.4666515306922716,-0.009583626761247655,0.4653722549412109
293.1,-12626.35984146392,2215.4859845447772,88673.29052338628,-43.170021882694826,8.360270135873531,-1057.5275337508613,0.7502388334450968,0.4730497683154474,-0.009717684082727423,0.4618129232749017
293.2,-12630.675550019736,2216.321961432324,88567.4502041774,-43.157642480999506,8.361019555043388,-1058.48076176826,0.7482231926817464,0.4795994542360248,-0.009846717642440802,0.45831153114591316
293.3,-12634.991258575556,2217.158020415059,88461.5192716994,-43.14526307930418,8.361773183206145,-1059.4339897856592,0.7461556454892974,0.48634222105237473,-0.009990464006641088,0.45455823318385163
293.40000000000003,-12639.305918348518,2217.9943674482734,88355.48993472525,-43.13289516033771,8.362530164547874,-1060.3872178030583,0.7440648005903431,0.4931345859755089,-0.010135271145618447,0.45064745524192334
293.5,-12643.619848321858,2218.8307144814876,88249.46059775117,-43.12054209541965,8.363287145889602,-1061.340445820457,0.741559379896835,0.4997134424181076,-0.010275729087274522,0.44751600077024184
293.6,-12647.929397035556,2219.667061514702,88143.37458035965,-43.108283956733885,8.364044127231331,-1062.2935058651158,0.7387852999365999,0.5062765444344466,-0.010413626702832156,0.44471552427591055
293.7,-12652.238945749254,2220.503415121956,88037.13747723182,-43.09602581804813,8.364801781513046,-1063.2465592341061,0.7357733225464907,0.5130031622489897,-0.010547798636691134,0.4419888203284719
293.8,-12656.548494462953,2221.339853182897,87930.63140467937,-43.08376767936237,8.365564870255003,-1064.1996126030972,0.7326707311636648,0.5199237315397192,-0.010695101448669307,0.4390427403828898
293.90000000000003,-12660.857001312792,2222.1765811958408,87824.12533212692,-43.07152571697252,8.366332175985171,-1065.1526659720882,0.7295242797672135,0.5268794930956109,-0.010843164118992398,0.43597563094435593
294.0,-12665.164787117352,2223.013309208784,87717.61925957452,-43.05930461067551,8.36709948171534,-1066.1057193410786,0.7263244779261491,0.5338633948036152,-0.010991841410018516,0.4328068944419476
294.1,-12669.468247519393,2223.850037221728,87611.05651688848,-43.04721675590429,8.367866787445507,-1067.058643957522,0.7230179295105729,0.5409199234996263,-0.011140301108347154,0.42956559878395517
294.2,-12673.771707921433,2224.6867721834255,87504.3427146627,-43.03512890113306,8.368634919366592,-1068.0115634800989,0.7194328898478467,0.5481572793485825,-0.011287316007801966,0.42639478256619917
294.3,-12678.075168323474,2225.5235946467806,87397.35998890527,-43.02304104636183,8.3694097045386,-1068.9644830026762,0.7156549627191036,0.5557323930199909,-0.011444341578702813,0.42292849127201504
294.40000000000003,-12682.377594691881,2226.3607095839325,87290.37726314785,-43.010972961948504,8.370189517799762,-1069.9174025252537,0.7115510105807027,0.5637906423241175,-0.01159776632828759,0.41916674818684546
294.5,-12686.679311751504,2227.1978245210835,87183.39453739049,-42.998931315311964,8.370969331060923,-1070.8703220478308,0.7073688519781935,0.5718655867887359,-0.01175144867642642,0.41528419347698825
294.6,-12690.976779136372,2228.0349394582354,87076.35514916103,-42.98705901080187,8.371749144322086,-1071.8231345410447,0.7030883308188705,0.5799390209829826,-0.01190501655712599,0.41133417264847905
294.7,-12695.27424652124,2228.8720617908957,86969.16472147316,-42.9751867062918,8.372529914517086,-1072.7759428130012,0.6984755843547126,0.5881960284880529,-0.01205940554551708,0.407445531168417
294.8,-12699.571713906107,2229.7092751960395,86861.70540579465,-42.963314401781716,8.3733183749359,-1073.728751084958,0.693665783279376,0.5967160843124023,-0.012221266170740328,0.4032472398956598
294.90000000000003,-12703.86815954683,2230.546783580864,86754.24609011614,-42.951466219620364,8.37411253310215,-1074.681559356915,0.6886054589760339,0.6053977683456555,-0.012385439822652321,0.3989519580487169
295.0,-12708.163910472878,2231.3842919656877,86646.78677443769,-42.93964940839972,8.374906691268396,-1075.6343676288714,0.6834210418903292,0.6141060791460466,-0.01255005341282684,0.39452743785032446
295.1,-12712.455504401609,2232.2218003505122,86539.27080229776,-42.928033151168556,8.375700849434647,-1076.5871184669497,0.678208603689534,0.6226655689402334,-0.012716173413446264,0.39007560558377313
295.2,-12716.747098330337,2233.059316639199,86431.6038051871,-42.916416893937395,8.376496082194333,-1077.5398669826739,0.6729114793631236,0.6310404338374886,-0.01288917275837607,0.3857615598127054
295.3,-12721.038692259068,2233.8969280780216,86323.66794493927,-42.90480063670623,8.377299921211577,-1078.4926154983984,0.6673909799288592,0.6396593438799583,-0.013066892153025722,0.3811226312174595
295.40000000000003,-12725.329276827088,2234.734837462793,86215.73208469142,-42.893210810864616,8.378109924440057,-1079.4453640141228,0.661287922947453,0.648663017890527,-0.013252357215531018,0.37650889393642384
295.5,-12729.61918343072,2235.5727468475648,86107.79622444366,-42.88165662750495,8.378919927668536,-1080.398112529847,0.6548076705315293,0.6578639834362691,-0.013441868930845067,0.3718349231447773
295.6,-12733.905040410928,2236.4106562323364,85999.8037097987,-42.87033087488788,8.379729930897016,-1081.3509200738351,0.6481276953088418,0.6670870734824701,-0.013631848734461107,0.36706879418757893
295.7,-12738.190897391134,2237.2485740784937,85891.66017214482,-42.85900512227082,8.380541081989037,-1082.303729831094,0.641202265592289,0.6763501162791332,-0.013826711305132019,0.36224162773348284
295.8,-12742.476754371342,2238.086591481737,85783.24777268134,-42.847679369653754,8.381361397383127,-1083.2565395883535,0.6339826203006356,0.6858460880718839,-0.014021879578975693,0.35704981098763594
295.90000000000003,-12746.761615418762,2238.9249095676714,85674.83537321782,-42.83638060517122,8.382188069146663,-1084.2093493456127,0.6264925032572926,0.6954306585654549,-0.014218858122381545,0.3516833327914826
296.0,-12751.045816972295,2239.763227653605,85566.42297375438,-42.82511973402658,8.383014740910196,-1085.1621591028716,0.6188016842764057,0.7050284707213689,-0.014416118559789545,0.3461379877081414
296.1,-12755.326087435873,2240.6015457395397,85457.95391554925,-42.814102367921755,8.38384141267373,-1086.115099310019,0.6107772095128908,0.7146941564521935,-0.014614777842649746,0.3405141279614454
296.2,-12759.606357899447,2241.4398728681413,85349.33381961408,-42.803085001816946,8.384669252642881,-1087.068044585355,0.6022541247540999,0.7245157141245004,-0.014825736747343676,0.33488378093487425
296.3,-12763.886628363025,2242.2783042511264,85240.44483374151,-42.79206763571213,8.385506385617605,-1088.0209898606913,0.5935969969268138,0.7343821696426781,-0.015027932467400903,0.32878502915451674
296.40000000000003,-12768.165916217687,2243.1170399835746,85131.55584786893,-42.781076338954435,8.386349720295168,-1088.9739351360279,0.5852811380797942,0.7438676795923841,-0.015222476035482638,0.32229666596043505
296.5,-12772.444563702527,2243.955775716022,85022.66686199642,-42.77012333330965,8.38719305497273,-1089.9268804113638,0.5763712772638705,0.7535763702090789,-0.015421591261303741,0.31572294742494234
296.6,-12776.719403162762,2244.7945114484696,84913.72120833881,-42.759417089802625,8.388036389650294,-1090.88000663881,0.5671303402154869,0.763291154128597,-0.015620835711196034,0.3090400956636276
296.7,-12780.994242622995,2245.6332568005228,84804.62449027403,-42.74871084629561,8.3888808547302,-1091.833139999202,0.5577108154566517,0.7728888312053234,-0.01583246452119533,0.3022430048618672
296.8,-12785.269082083232,2246.472110954632,84695.25883320774,-42.738004602788585,8.389734195082603,-1092.7862733595948,0.5481503867412776,0.7824718469270582,-0.01602801301343405,0.29497807559340333
296.90000000000003,-12789.542950950794,2247.3112721891653,84585.89317614144,-42.72731972660768,8.390592608403937,-1093.7394067199873,0.5378558153056,0.7922998041562594,-0.016228902805412535,0.28759131591484766
297.0,-12793.816198169077,2248.150433423698,84476.52751907521,-42.71667104203401,8.39145102172527,-1094.6925400803796,0.5269876061670418,0.8022358313663318,-0.016432001666964527,0.2800566427341414
297.1,-12798.085758430057,2248.989594658231,84367.10517976033,-42.706257497966675,8.392309435046604,-1095.6459873248198,0.5156357896663908,0.8121809498754795,-0.01663528221856544,0.27240613880746156
297.2,-12802.355318691034,2249.8287660349233,84257.5317341048,-42.69584395389936,8.393168781604036,-1096.5994468681115,0.5041248894800044,0.8220270036603758,-0.016857790731584277,0.26428302244292584
297.3,-12806.624878952012,2250.6680502894856,84147.68927272924,-42.68543040983204,8.394035350045487,-1097.5529064114035,0.4925414320486594,0.83195744842382,-0.017059245691903525,0.25487001366187806
297.40000000000003,-12810.893476975407,2251.5076437555886,84037.8468113537,-42.675027996663346,8.394905271042253,-1098.5063659546956,0.48018059096321164,0.842038706541084,-0.01726432640001214,0.245151707688918
297.5,-12815.16146953208,2252.3472372216906,83928.00434997822,-42.664653011957306,8.395775192039018,-1099.4600497470403,0.46990668579716366,0.8507712634604039,-0.01744173886751063,0.2346737089202608
297.6,-12819.425880970308,2253.186830687793,83818.10518468801,-42.65445918493277,8.396645113035785,-1100.4138607498292,0.4593416107579736,0.8593571399863555,-0.0176161315610346,0.2240541507974493
297.7,-12823.690292408532,2254.0264346867007,83708.05485120899,-42.64426535790823,8.397515641994588,-1101.3676763501314,0.4486345712732432,0.867699461705775,-0.017814272735968466,0.21332444140526916
297.8,-12827.954703846759,2254.866154550342,83597.73538940039,-42.634071530883695,8.398390727836844,-1102.3214919504344,0.4377535931073354,0.8759330446526294,-0.017979592279766993,0.20196491593503402
297.90000000000003,-12832.218155631295,2255.7061847420655,83487.41592759182,-42.62387657807982,8.39926682503917,-1103.275524699024,0.42604342416070073,0.8843093204221856,-0.018148624770816243,0.1901437718222861
298.0,-12836.48101261287,2256.5462149337886,83377.09646578328,-42.613696163120224,8.400142922241496,-1104.2296568439335,0.4122945501940356,0.8932776999279983,-0.018329783974012134,0.17813526801593513
298.1,-12840.740359924046,2257.3862451255127,83266.72027300224,-42.603615863482084,8.401019019443822,-1105.1838800395165,0.3979621744569016,0.902076355054656,-0.018507434529326905,0.165957320477234
298.2,-12844.999707235222,2258.22628605466,83156.19283769217,-42.59353556384394,8.401895312987255,-1106.1381084665334,0.3846170806812814,0.910033948045066,-0.018704185482546085,0.15348637756867328
298.3,-12849.259054546397,2259.066444296495,83045.39614035412,-42.583455264205796,8.402772712030592,-1107.0925139888354,0.37323447597076664,0.9167970984302377,-0.01883761569773315,0.14079861679558092
298.40000000000003,-12853.51743785016,2259.9069125268434,82934.59944301605,-42.573358090036194,8.403647533688279,-1108.0470668543794,0.360434094837917,0.9237712126383499,-0.01897644726765069,0.12796055809561802
298.5,-12857.775229686025,2260.747380757191,82823.80274567805,-42.56325915723068,8.404522355345966,-1109.0016197199227,0.3442855431679893,0.931597137404125,-0.019132746281490906,0.11501380945647603
298.6,-12862.029537206688,2261.587848987539,82712.94928762199,-42.55315803293004,8.405397177003653,-1109.956269568409,0.32767987519347275,0.9390778948161266,-0.01928192362552467,0.1019157214673073
298.7,-12866.283844727348,2262.4283279141036,82601.94450626819,-42.54305690862942,8.406271608316347,-1110.9110672700149,0.31077550028266043,0.9461380592733665,-0.019466169218637537,0.08867034157169577
298.8,-12870.53815224801,2263.2689235567423,82490.67031819347,-42.53295578432878,8.407142318917868,-1111.8660733890065,0.29375454410151286,0.9527060498372829,-0.019593485545238747,0.07533621803184298
298.90000000000003,-12874.791481706463,2264.1098268370715,82379.39613011877,-42.522813981908264,8.408006075232512,-1112.8210795079979,0.2760900250702933,0.9589870480487891,-0.01971355355143172,0.06106975960104128
299.0,-12879.044213218473,2264.9507301174003,82268.12194204413,-42.51264680693376,8.408869831547156,-1113.7761380371257,0.2592639233479812,0.9644774138698484,-0.01980915105731631,0.046616882344589626
299.1,-12883.293424288824,2265.7916333977296,82156.79096263312,-42.502329769300225,8.4097335878618,-1114.731309357862,0.24209988364343352,0.969479301650939,-0.01990918098584612,0.033183648423831376
299.2,-12887.54263535917,2266.6325469945436,82045.30857814301,-42.492012731666705,8.41059618570769,-1115.6867216600024,0.22467897243747004,0.973962950730586,-0.020052419273775494,0.022659003285258123
299.3,-12891.791846429522,2267.4735739572147,81933.55664123957,-42.48169569403317,8.41144887961145,-1116.6422242396304,0.2124707844606395,0.976832068331673,-0.020096483310475078,0.015855831359403598
299.40000000000003,-12896.040053050792,2268.314903928499,81821.80470433614,-42.47131372832891,8.412289963640362,-1117.5977268192587,0.20000016388311362,0.9795254736924237,-0.020136931196761375,0.01114831091859539
299.5,-12900.287642064986,2269.156233899783,81710.05276743277,-42.46087765284232,8.413131047669271,-1118.5532598779628,0.18709352635335869,0.9821053218709622,-0.020175047802822938,0.007623424135702218
299.6,-12904.53159151868,2269.997563871067,81598.24401141563,-42.4501092533302,8.413972131698182,-1119.5090054759878,0.17134540946596766,0.9850007297810461,-0.020236452159835147,0.002190659656152864
299.7,-12908.77554097237,2270.8389033860144,81486.28377964107,-42.439340853818074,8.414811281770971,-1120.4647606331764,0.15393941611149967,0.9878585474655092,-0.02035040649053497,0.004899726753099244
299.8,-12913.019490426062,2271.6803497697665,81374.053871686,-42.42857245430595,8.415634256842877,-1121.4205854346183,0.13591571591332577,0.9905097243661447,-0.020387282488844388,-0.0013277110349286733
299.90000000000003,-12917.262396929067,2272.5220922889844,81261.82396373093,-42.4177149624504,8.41644069536329,-1122.3764102360599,0.11718099308626335,0.9928969026832171,-0.020418694975172545,-0.0027262422677252554
300.0,-12921.50465162781,2273.363834808202,81149.59405577592,-42.40677481762298,8.417247133883702,-1123.332363680003,0.09833467929454895,0.9949318621113529,-0.020442845552169176,-0.004792772621807473
300.1,-12925.743055261586,2274.2055773274196,81037.30730915921,-42.395321164934614,8.418053572404116,-1124.288319046578,0.07950281250335978,0.9966160905739384,-0.02047770559630546,-0.004041582200789915
300.2,-12929.98145889536,2275.0473282545204,80924.86904101756,-42.38386751224626,8.418857304602799,-1125.2442789186814,0.06056468096943805,0.9979141765446885,-0.020554438758986868,-0.008759607154977232
300.3,-12934.219862529135,2275.889172482582,80812.16101909422,-42.372413859557895,8.419638984985479,-1126.2002716162701,0.04327107030835964,0.9987984873531988,-0.020544679215614408,-0.010349506812335292
300.40000000000003,-12938.45735648722,2276.7312708656173,80699.45299717088,-42.360867175571094,8.420402148623285,-1127.1562642616477,0.02574352289496185,0.9994456902521774,-0.020531362313254652,-0.00490371561849138
300.5,-12942.69416677955,2277.5733692486515,80586.7449752476,-42.34921151926343,8.421165312261094,-1128.1122562918433,0.010517486783107285,0.9997342431120662,-0.02051375616274109,0.00010690653335889753
300.6,-12946.926830314214,2278.4154676316857,80473.9883434294,-42.33686459146018,8.4219284758989,-1129.0682201071834,-0.0021222850237115135,0.9997533434116382,-0.020557002312765187,0.008133750638076741
300.7,-12951.159036965173,2279.2576359546515,80361.09880375293,-42.32446686068331,8.422683210257098,-1130.0241453648114,-0.01105076776148727,0.9994162240663791,-0.020600980350583165,0.024913675228228772
300.8,-12955.390871108862,2280.10002423512,80247.97061653319,-42.31202770913204,8.423401606919159,-1130.9800111710006,-0.02130391956620236,0.998757751645488,-0.02055709993416595,0.04008119486072359
300.90000000000003,-12959.622705252556,2280.942412515589,80134.83949706289,-42.299588557580776,8.42412000358122,-1131.935824139849,-0.028696472020846,0.997820119505627,-0.020514923785300922,0.0557732866649983
301.0,-12963.85379208561,2281.784800796057,80021.64342622281,-42.28702085736804,8.42483840024328,-1132.8915809230227,-0.03639295778092547,0.9965035394690333,-0.020493356909869625,0.07236208103841188
301.1,-12968.080122669411,2282.6273072747326,79908.3155311526,-42.27361475704957,8.425532960700002,-1133.8471677095606,-0.04650171552007066,0.9947523569731298,-0.020479248826742544,0.08880281030229766
301.2,-12972.306453253212,2283.4699599095,79794.82521866653,-42.2602086567311,8.42620634123389,-1134.8027374504663,-0.058824863593539244,0.9925148992408068,-0.02040522808611768,0.10505920652168414
301.3,-12976.532783837014,2284.3126125442677,79681.30153847922,-42.24680255641263,8.426879721767778,-1135.7581716970499,-0.06732592814980014,0.9901224976041102,-0.020337791207252456,0.12128904891117281
301.40000000000003,-12980.757714767364,2285.15526922627,79567.74336244506,-42.23318370934938,8.427549134754637,-1136.7134973933037,-0.07414366946124964,0.9875774895075461,-0.02030855551638003,0.13704371955559225
301.5,-12984.978688400059,2285.9980740801507,79454.00836558771,-42.21882562894133,8.42818512436607,-1137.6687103550503,-0.08607051488644644,0.9844106212193775,-0.0202416771936447,0.1520456175035951
301.6,-12989.199662032757,2286.8409740377265,79340.15607334932,-42.20446754853327,8.428810939450385,-1138.6236583225104,-0.09427962877279576,0.9813332980358624,-0.020151430325153197,0.16640381492132708
301.7,-12993.420124724697,2287.6838739953014,79226.24000739887,-42.190052539668464,8.4294367545347,-1139.5786062899701,-0.10250607354498083,0.9781538935757268,-0.020061870478068487,0.1797358804522844
301.8,-12997.6390947816,2288.526784821525,79112.31988384742,-42.175408943807945,8.43004549432678,-1140.5331676072326,-0.11055554797611354,0.9748267953683769,-0.02002400390673501,0.19258564097840955
301.90000000000003,-13001.854097091122,2289.369856268857,78998.17803589064,-42.16002906713708,8.43062955125043,-1141.487580657605,-0.11910492796447021,0.9712413097347451,-0.01993406471571349,0.20519982325339678
302.0,-13006.06909940064,2290.2129859772685,78883.93764904141,-42.14464919046622,8.431207233622809,-1142.4418397116058,-0.13032911453587429,0.9670773421854046,-0.01981818704401602,0.2176763092258705
302.1,-13010.284101710162,2291.056117227894,78769.65582560774,-42.129269313795355,8.431779775929325,-1143.3957128199968,-0.13826021253591042,0.9630773210708702,-0.019718286477597772,0.23016814820228348
302.2,-13014.497440644043,2291.8992541347366,78655.37400217414,-42.1136517871393,8.432333466546286,-1144.3494519561377,-0.14390125586896516,0.9593020559399246,-0.019660834895725347,0.24216821756781304
302.3,-13018.705823820104,2292.7425574878926,78540.8257003097,-42.09724861157788,8.43286897012649,-1145.302482889227,-0.14992672681527297,0.9553511751528173,-0.0195516723133679,0.2538579146497898
302.40000000000003,-13022.914206996165,2293.585883167537,78426.19647923303,-42.08084543601647,8.433402034165265,-1146.25541669321,-0.15586063419945775,0.951238647656265,-0.019433797166842324,0.26547095027460355
302.5,-13027.122590172225,2294.4292087175963,78311.5567986323,-42.06444226045507,8.433920667058974,-1147.208215155367,-0.16245114301015212,0.9468299569760156,-0.019333597460022445,0.2770358653978678
302.6,-13031.329753424672,2295.272644740749,78196.900846817,-42.04786206922208,8.434421790973381,-1148.160965477585,-0.16902970906621131,0.9424084640310186,-0.019245689220996728,0.2879667477715039
302.7,-13035.531968859597,2296.116134980918,78081.95375574364,-42.0306047313988,8.434914316928985,-1149.1131460113104,-0.17536006072975707,0.937958797238446,-0.019124933982494246,0.2985236685491267
302.8,-13039.733328718507,2296.959621238651,77966.98548323072,-42.01327536719442,8.4353941044917,-1150.0647579304373,-0.18147577125965822,0.9333827770199036,-0.01900253823545639,0.30903404270231316
302.90000000000003,-13043.934688577416,2297.8031799518894,77852.0172107178,-41.99594600299003,8.435865811936512,-1151.0160234682912,-0.1873777669239921,0.9287303533654742,-0.01889191338284874,0.31936280122918903
303.0,-13048.134708179583,2298.646820856367,77736.80777578727,-41.978455281447374,8.436319326165183,-1151.966855207462,-0.19309815440549863,0.9242413110022917,-0.018775792706164057,0.3288442966058713
303.1,-13052.330608183986,2299.490458201172,77621.53667643445,-41.96046858975855,8.43676680740161,-1152.9172024715497,-0.1985812736682362,0.9196758874770176,-0.018658044694282522,0.3382508198213975
303.2,-13056.525887263137,2300.334132453098,77506.2655770817,-41.94243691189681,8.437210375680207,-1153.8672227761076,-0.20407454878708473,0.914981609764996,-0.018538575928546772,0.34758963380939006
303.3,-13060.72037314476,2301.1779117544684,77390.80880440687,-41.92434776669694,8.437627815810163,-1154.816683078472,-0.20943572147065492,0.910435453107822,-0.018421933707541097,0.3562367143556317
303.40000000000003,-13064.911038293509,2302.0216910558383,77275.2353154188,-41.90586833654308,8.43804525594012,-1155.7657884067835,-0.2146064349467274,0.9058567315131386,-0.01830305504625215,0.36473642295192216
303.5,-13069.100173711258,2302.8654678315525,77159.6618264308,-41.88723264553238,8.438456787717813,-1156.714317799144,-0.21931055932803015,0.9003105292390098,-0.01816042517724671,0.3755183463773536
303.6,-13073.28866762743,2303.709407770435,77043.95801108112,-41.86856097886159,8.438844854767002,-1157.6619880625485,-0.22353002597562194,0.8950675508161556,-0.018025529835837464,0.3854393431364314
303.7,-13077.475511644241,2304.5533477093168,76928.08260913023,-41.8497703160972,8.439232921816188,-1158.6092864250968,-0.22754210899802596,0.8901306100092903,-0.017896938347323057,0.39442589336275985
303.8,-13081.657837457546,2305.397275370251,76812.20720717928,-41.830607872537314,8.439614327335914,-1159.5564202753988,-0.2315127963816971,0.8851038137007392,-0.0177505025425541,0.4033335886625618
303.90000000000003,-13085.840163270846,2306.241194560126,76696.23398331246,-41.81144542897743,8.439991136794172,-1160.5034406219768,-0.2354434909457016,0.8800365368300287,-0.01761977574895619,0.4120577628416522
304.0,-13090.021754338974,2307.0852131756797,76580.0120781289,-41.79225018791388,8.440358662269471,-1161.4499738408376,-0.23900822644740563,0.8750903626749306,-0.017521357399531753,0.4204579965689817
304.1,-13094.199081133247,2307.9292837485264,76463.7845096166,-41.772810909463686,8.440712599342138,-1162.3951526388482,-0.24182719962796498,0.8705944136173078,-0.017390431826500494,0.4281151076279837
304.2,-13098.374431443135,2308.7733484758573,76347.55694110434,-41.753254664240245,8.441064217398216,-1163.3402627471276,-0.24476216988323798,0.8666135288739851,-0.017260302238580764,0.4344819371772091
304.3,-13102.549781753027,2309.6174690400217,76231.28601048116,-41.73369841901679,8.441409787070189,-1164.2853728554073,-0.24769038945873223,0.8626557533492231,-0.01713062267936015,0.44065980523515336
304.40000000000003,-13106.72387357585,2310.4616290414165,76114.75465693609,-41.71408866398787,8.441740871007621,-1165.230232944183,-0.25063728451250866,0.8586480626315643,-0.017055813726162758,0.44678132835806295
304.5,-13110.891713477753,2311.3057957046944,75998.16725819191,-41.69420587866016,8.442070239921216,-1166.1741204011598,-0.25288337225238083,0.8548800622441363,-0.016962102445832947,0.45270560665441567
304.6,-13115.059187778006,2312.15005134679,75881.54514630722,-41.67430434543666,8.442388599739484,-1167.1175694931417,-0.2548933139616757,0.8516116142265001,-0.01685362149869125,0.45771499041930913
304.7,-13119.226334547271,2312.9942789561733,75764.78699948035,-41.654386072741126,8.442697920304331,-1168.060392383952,-0.2568968908708794,0.8495796956813533,-0.016780957086500466,0.460365862794056
304.8,-13123.393144157479,2313.8385757138167,75647.87784510221,-41.63445045193794,8.442999166069441,-1169.002817127324,-0.25873646426067615,0.8484145196242876,-0.016748816943650477,0.46148425984377967
304.90000000000003,-13127.556405157848,2314.682900810072,75530.9686907241,-41.61437113311448,8.443297102588257,-1169.944962787733,-0.2603284262380795,0.8473315090635859,-0.016687782755683462,0.4625796603257975
305.0,-13131.716712547224,2315.5272304016225,75414.02240545418,-41.59415038326536,8.443581867679722,-1170.886579892896,-0.261621281780419,0.8464315889854238,-0.016607518478335453,0.46349979548773584
305.1,-13135.874667678236,2316.371621136837,75296.88280136,-41.57380427794951,8.443857959530968,-1171.827820760253,-0.2621060319272784,0.8443315235732576,-0.016546736790899855,0.46704487132327094
305.2,-13140.03113057749,2317.2159912934308,75179.64669994467,-41.55337764532365,8.444127269170663,-1172.7686397641849,-0.2621911112327817,0.8422061602581596,-0.016477197050730783,0.4708217356824955
305.3,-13144.185624047966,2318.060486188908,75062.32817741594,-41.53284038010808,8.444377121763091,-1173.7091770405018,-0.2597389985812965,0.8409673621913731,-0.016427855207911294,0.4743834671635775
305.40000000000003,-13148.338025331395,2318.9049687446545,74944.9122598989,-41.51218229248086,8.444619605167965,-1174.6494248355464,-0.2550617544400996,0.8409426808055451,-0.01640427213985508,0.4769589173892056
305.5,-13152.488170267223,2319.74944322735,74827.36348052966,-41.491385879500776,8.444859373916731,-1175.589379321037,-0.25260464958593476,0.8411888670448439,-0.016380158997142184,0.47783247206380536
305.6,-13156.635007258858,2320.5939003065823,74709.74044843603,-41.47036435358984,8.44509308350655,-1176.5291736661736,-0.2511120651109099,0.8439376701820875,-0.01640811545473155,0.47375385312479346
305.7,-13160.781035220098,2321.438364713185,74591.99071231701,-41.449287069380205,8.445319667002682,-1177.4686932888537,-0.2509259447377465,0.8474356958638272,-0.016477766097952692,0.46756539099646954
305.8,-13164.926094421617,2322.282901989839,74474.17201355161,-41.42813853370838,8.445523698016318,-1178.4081318830656,-0.24366021067878296,0.8532276243782567,-0.01660243157863093,0.46082174644376805
305.90000000000003,-13169.067465439466,2323.1274523579455,74356.31393875644,-41.40670175899938,8.445713193668851,-1179.347413144718,-0.23264546634193684,0.8599920874775805,-0.01670316411587645,0.4538840168754726
306.0,-13173.207271203713,2323.9720435155896,74238.41217749701,-41.385128810824234,8.445894772497152,-1180.2866180356764,-0.2302317988075316,0.863947209096909,-0.01672952237885696,0.44755855683081897
306.1,-13177.344494916066,2324.8166549461316,74120.34949711879,-41.36332008875176,8.446071353153522,-1181.2257642408379,-0.2281400832911046,0.8659376594944229,-0.016760354093209133,0.4447731588078567
306.2,-13181.479786569813,2325.6612750686318,74002.17222499601,-41.34131660676088,8.446225591571922,-1182.1648511280282,-0.22404286896804612,0.8685065935682339,-0.01680449838610719,0.44183560135763256
306.3,-13185.612876808687,2326.5059066606545,73883.90128679453,-41.31909079903331,8.446366286463762,-1183.1039443123718,-0.21889563349294233,0.8714003839834701,-0.016861748290611555,0.43870463170083873
306.40000000000003,-13189.743725555745,2327.3505471229673,73765.55636687778,-41.29660241414723,8.446493838925482,-1184.0431291951147,-0.21062076878346697,0.8753019520321198,-0.016936874127528822,0.4349695699938219
306.5,-13193.872448945001,2328.195199706283,73647.10649360929,-41.27386238378635,8.446607283606777,-1184.9824486943867,-0.19242167327261028,0.8812670862484793,-0.017054099023493325,0.43133673627060937
306.6,-13197.998433378743,2329.039869862725,73528.55944888711,-41.25075293391485,8.446706484317493,-1185.9220116890726,-0.18612878719131123,0.8852314782307903,-0.01714168440858039,0.4259430327915435
306.7,-13202.12187302302,2329.884571866095,73409.82384269472,-41.22730046006272,8.446792487503929,-1186.8619498609996,-0.17975624411680124,0.8893845896335,-0.017274013811870104,0.4199813720515462
306.8,-13206.243823846575,2330.729257682173,73290.9983477923,-41.20362710594698,8.446851823069409,-1187.8020453135541,-0.17373224606590856,0.893658137773862,-0.017405065022785004,0.41338759436998124
306.90000000000003,-13210.363239286135,2331.573939411443,73172.15446460986,-41.17958602683515,8.446909700506955,-1188.742791475605,-0.167723387481827,0.8981583372953292,-0.017504144064287946,0.4060468832278943
307.0,-13214.478262280465,2332.4186211407123,73053.29218618225,-41.154978689446686,8.446967577944502,-1189.6838704903919,-0.15375126873527603,0.9039714873089353,-0.017626218144609657,0.3986043325513197
307.1,-13218.591961653901,2333.2633028699825,72934.39569717071,-41.13017581813663,8.447025455382049,-1190.6249799211275,-0.13692152410058606,0.910176412648939,-0.017740526731427682,0.3905338241519833
307.20000000000005,-13222.705661027338,2334.1080425942505,72815.15366103764,-41.10537294682656,8.447083845577126,-1191.5674673482174,-0.12013838571767846,0.9172468554151747,-0.017925335583261866,0.37934635473713374
307.3,-13226.813604638199,2334.9527512612035,72695.87257031111,-41.07988722270113,8.447121178649837,-1192.510395378766,-0.10205760432398203,0.9244957690704371,-0.018121590619638164,0.36682887880308035
307.40000000000003,-13230.919655742257,2335.7974599281574,72576.59147958453,-41.054162743716574,8.447158511722545,-1193.453947897973,-0.08528082253065021,0.9320835976835107,-0.01831582136009984,0.35158481043094597
307.5,-13235.025706846312,2336.642168595111,72457.2881894606,-41.02843826473204,8.447195844795257,-1194.398487721796,-0.07073334339916276,0.9386773600473041,-0.018482319947381746,0.3369569879310456
307.6,-13239.12605571375,2337.4868772620644,72337.89531980999,-41.00218487025312,8.447233177867965,-1195.3430275456196,-0.06324145753969736,0.9444758082979036,-0.018634382030717836,0.32189862595949326
307.70000000000005,-13243.224212776044,2338.3315905974205,72218.2069399155,-40.9757617601202,8.447277813920024,-1196.2891854310901,-0.05660994874054041,0.9499134053054615,-0.018801567036067144,0.30676756217299717
307.8,-13247.322369838339,2339.1762893262867,72098.51856002108,-40.9493386499873,8.44733436455118,-1197.236255833841,-0.036773460508960534,0.956070499764408,-0.018982719120908268,0.29020091050375363
307.90000000000003,-13251.414931289288,2340.0210261648795,71978.82920299115,-40.922610445822826,8.447405685835314,-1198.1835318295603,-0.024647249993417608,0.9614345929969497,-0.019150435697619768,0.2732568338928469
308.0,-13255.505038465591,2340.8657966246947,71859.02711106822,-40.89585382512635,8.447491744367316,-1199.1323620159842,-0.012329479629957698,0.9663386933042122,-0.019340498141002114,0.2562488222154792
308.1,-13259.595145641895,2341.710580804471,71739.0661777544,-40.86909720442988,8.447603236205312,-1200.0815427624418,0.002433506355594508,0.969860576042215,-0.019477141116891614,0.24286865186720372
308.20000000000005,-13263.679798453239,2342.5553414157544,71619.02359396074,-40.842337400808155,8.447736587718046,-1201.0324800232825,0.01593250595956716,0.973284391800064,-0.01963160419885165,0.22820659072166968
308.3,-13267.761869139893,2343.4001256586234,71498.86062574165,-40.815786450985826,8.447904806739174,-1201.983698952543,0.029441650929766052,0.975562419116088,-0.019748058466299224,0.21684365286009144
308.40000000000003,-13271.84390833497,2344.24492806084,71378.60490070918,-40.7892406553784,8.448115103052624,-1202.936553186847,0.05409009974255919,0.9774052113956333,-0.019883815507811525,0.20336653541659389
308.5,-13275.920406049987,2345.0897430105256,71258.27884371334,-40.76326438468901,8.448360302919522,-1203.8896386800293,0.07957188752531265,0.978669525345663,-0.01998264795056252,0.1883479988113426
308.6,-13279.995031210494,2345.934596109396,71137.86347212443,-40.7376140160678,8.448657024920436,-1204.8440789916344,0.10455583456026137,0.9798023693786643,-0.020091458978601415,0.1692682123006974
308.70000000000005,-13284.069315330074,2346.77948561043,71017.30341856326,-40.712059156795924,8.449005566823148,-1205.7990656702964,0.12379501586083295,0.9800523504359548,-0.020150797919423508,0.1541626731611357
308.8,-13288.1380662842,2347.6243969393445,70896.60779379692,-40.68787685845234,8.449401016261776,-1206.7547629736619,0.1482029413073761,0.9781140405985108,-0.02014993779644755,0.14464712848410188
308.90000000000003,-13292.205147529397,2348.469346100812,70775.82379630479,-40.664229793686644,8.449915454297518,-1207.7113712209166,0.17043455837845542,0.9756829703475602,-0.020120212168048004,0.13634507598888682
309.0,-13296.272228774591,2349.314362400139,70654.99979651709,-40.640582728920954,8.45047122330083,-1208.6682025828302,0.18624679562649335,0.9752175905395712,-0.020179723478937876,0.11770964693418279
309.1,-13300.333870998573,2350.1594347257815,70534.14944840569,-40.6193242254236,8.4510563923941,-1209.6253470843303,0.20069368635270135,0.9726947861867239,-0.020279141963186705,0.11478524985625914
309.20000000000005,-13304.394531136508,2351.0045647215484,70413.19582674584,-40.598522068433425,8.451671241391445,-1210.5825979035178,0.21303477692778505,0.9689888459012856,-0.020324783443333227,0.12354636180885677
309.3,-13308.45487186939,2351.8497831131012,70292.05779539752,-40.57793791818065,8.45243766524074,-1211.5400528515154,0.22470021982260235,0.9641288743128544,-0.020283912941389443,0.139835216607578
309.40000000000003,-13312.511020732178,2352.6950566735613,70170.88007324122,-40.560136763611276,8.45326715812748,-1212.4974195414964,0.23525480597194529,0.959374500873766,-0.02029844927638607,0.1544141065359271
309.5,-13316.56645396424,2353.5404168114874,70049.62747284923,-40.54286383398569,8.454134497723611,-1213.4544462391143,0.24501864432246329,0.9541767492063135,-0.02031570981670307,0.1705868316813985
309.6,-13320.619903136672,2354.3859588325467,69928.17115328823,-40.52748862706053,8.455135941099343,-1214.4108614675238,0.2547866813344569,0.948668022111012,-0.02024761379158364,0.18628678153401357
309.70000000000005,-13324.671771108537,2355.23152362549,69806.69754587981,-40.513658828864564,8.456210481214624,-1215.3668576950338,0.2669551049017298,0.9404507974276066,-0.020182401808886342,0.2094753929269732
309.8,-13328.722950805337,2356.0771417264996,69685.18366915677,-40.50073989320235,8.457301936593144,-1216.3219358780816,0.28143569550784925,0.9309309721239957,-0.02010407970038879,0.23185620632988438
309.90000000000003,-13332.77223244239,2356.9229826684345,69563.41849414856,-40.490408640324794,8.458495331942004,-1217.2761439860437,0.29439225943941916,0.9214227953164263,-0.019940934212943958,0.25281532587272393
310.0,-13336.820966458346,2357.7688935279375,69441.64942113968,-40.48114400183592,8.459801674150116,-1218.2289576526273,0.3110265157031902,0.9109599854536256,-0.01978701611440196,0.2702274697826852
310.1,-13340.86859203637,2358.6149180608336,69319.85672089657,-40.47408829890084,8.461135110711524,-1219.1805421378351,0.3265385513761304,0.903191289289106,-0.019734370570688265,0.2779003850944426
310.20000000000005,-13344.915772291419,2359.4611030235646,69197.81682420285,-40.46838252558019,8.462508228603111,-1220.1311401856044,0.34012669539672197,0.8955352785716154,-0.01959952368864694,0.2862625623153381
310.3,-13348.96236473841,2360.307428079169,69075.75606651272,-40.46460353278763,8.464020659368888,-1221.079093580242,0.3453913003575591,0.8888756878162578,-0.01950655435237337,0.3003736932285963
310.40000000000003,-13353.008722671648,2361.153932960683,68953.65754593877,-40.46238381403793,8.465564475155828,-1222.0262650519585,0.358032416554687,0.8803190898356167,-0.01939484240464583,0.31060413528332415
310.5,-13357.054898230013,2362.0005463050084,68831.36811184268,-40.461758536866874,8.46712722096039,-1222.970630665405,0.366703862550675,0.8769813217960938,-0.019356614354437394,0.30993121800155166
310.6,-13361.101116458014,2362.847301836636,68708.99584732551,-40.462727156234905,8.46878185372955,-1223.9135266837307,0.38501302113138214,0.8713284114649792,-0.0192655203577303,0.3036126029310174
310.70000000000005,-13365.14742319385,2363.6942648783606,68586.61439084532,-40.46486669927521,8.470485953101832,-1224.8547264543213,0.3981644614260117,0.8643613466871987,-0.019146326522122517,0.3065582199046941
310.8,-13369.194208622874,2364.54135336338,68464.06943122293,-40.4691044898789,8.472204441909597,-1225.7932099406635,0.41407936614369134,0.8592566627220675,-0.019057779446119322,0.29975501187529313
310.90000000000003,-13373.241244641875,2365.3886711274063,68341.42622288848,-40.47398370665611,8.473980744142938,-1226.7310446034637,0.4285630132122345,0.8543734249345086,-0.018956266061221534,0.29329243844522124
311.0,-13377.289043328265,2366.2361645228593,68218.7645556945,-40.48053650693847,8.475805238881795,-1227.6651528472626,0.42343879767805365,0.8550838998453375,-0.01897632379000918,0.2986151502882428
311.1,-13381.337485838938,2367.0837977486694,68095.91525750121,-40.488080198009825,8.477640522597419,-1228.598734099012,0.42731994886581737,0.8520493341168692,-0.018907800433172906,0.30174838626758954
311.20000000000005,-13385.386519706733,2367.9316975778543,67973.03062812677,-40.496456859527086,8.479534612618465,-1229.5284615682551,0.43604898176096596,0.8475682584559239,-0.01879540548709262,0.30188750470298176
311.3,-13389.437241843934,2368.7797206870932,67850.01077929817,-40.5065561398551,8.481441918298847,-1230.4577495140916,0.43806966503251077,0.8467803245301064,-0.01875864983304862,0.30117463974151715
311.40000000000003,-13393.48826968537,2369.627973807536,67726.92505117014,-40.51694920223121,8.483385785942753,-1231.384021943727,0.4477351861623619,0.8428833012396602,-0.018643226323115287,0.2978814758855487
311.5,-13397.54025517977,2370.4763912477583,67603.73685449678,-40.52798835641799,8.485349129219266,-1232.309554870167,0.44769662829546303,0.843896764539938,-0.01862442887055199,0.2950578086767813
311.6,-13401.594125420721,2371.3250855855663,67480.43978366518,-40.540267176933796,8.48734420469705,-1233.2329737734815,0.44911055728772253,0.8446029574570066,-0.01860534443859594,0.29085974755182314
311.70000000000005,-13405.64806410332,2372.1738748401126,67357.06930342152,-40.552602324148246,8.489355303447647,-1234.1554835023253,0.444395310708657,0.848615526000819,-0.018623917791688677,0.28638723179743536
311.8,-13409.704615024675,2373.0228877953105,67233.59958583326,-40.56610862263318,8.491390311371399,-1235.0767272886396,0.44440179562046495,0.8506616355306779,-0.018654020659887208,0.2802389219912168
311.90000000000003,-13413.76178574667,2373.872150890194,67110.09394937681,-40.579900488859295,8.493457253409147,-1235.9972093658678,0.4453741677470871,0.8534994566225975,-0.018625061913627197,0.2698770744565642
312.0,-13417.819978589909,2374.721583093529,66986.44013224557,-40.5940666424088,8.495544372717866,-1236.9170989935633,0.4453932716406385,0.8575769497294128,-0.01867852214247689,0.25658862344347577
312.1,-13421.880347059254,2375.5713837061166,66862.70984229927,-40.608993112326104,8.497678541824218,-1237.8363441482875,0.4494824192734295,0.860069222762665,-0.01868955802896783,0.2406183435260335
312.20000000000005,-13425.94181760847,2376.421337488899,66738.8739935106,-40.62427874363671,8.499827409391298,-1238.755533236824,0.45330824351172305,0.8633481091355657,-0.018710884242426375,0.22088816543044246
312.3,-13430.005207162829,2377.2712912716806,66614.94855822474,-40.64016632903443,8.501976276958375,-1239.6749224052205,0.4559874296480065,0.8668227200394817,-0.018734003959403348,0.20085535373001132
312.40000000000003,-13434.069708654173,2378.12155257022,66490.93264272276,-40.65639199974731,8.504155980278654,-1240.5946549240605,0.4445358349719321,0.8770090628166378,-0.018868065711910995,0.1813477081729484
312.5,-13438.136000517916,2378.9721175437444,66366.8192127136,-40.673139950101586,8.506370281446213,-1241.5154742225084,0.4330089059326334,0.8869146291633985,-0.019020313517145223,0.15976218461414673
312.6,-13442.204113226004,2379.822780403194,66242.62337196614,-40.69043509007842,8.508600088945727,-1242.4367042185463,0.41982247047325144,0.8969985320764685,-0.019168593021405226,0.1370229607765657
312.70000000000005,-13446.274045600157,2380.673821424972,66118.28583797223,-40.708298348589,8.510838787830446,-1243.3600183347432,0.4104820956293667,0.9038162973360846,-0.01927572848355215,0.11936915903549847
312.8,-13450.345789000201,2381.5250236659067,65993.90351409468,-40.72669401699772,8.513088342757078,-1244.2844455580318,0.399289944958922,0.9106349154946947,-0.019363877058591532,0.1045783476726
312.90000000000003,-13454.419444452522,2382.376353991654,65869.45373237132,-40.745524687543224,8.515342488002327,-1245.2112576912423,0.38040729168100434,0.9209511007642467,-0.019523801826415128,0.0822081723388173
313.0,-13458.495849883511,2383.2280955197148,65744.84610768137,-40.76488821122644,8.517552928211376,-1246.140188259997,0.36724301973397444,0.9274779008516036,-0.019647172007464606,0.06731490563525583
313.1,-13462.572577844108,2384.080017698919,65620.22569372696,-40.78418796673334,8.519756677056872,-1247.0718180236631,0.34578772018469695,0.9365088538634501,-0.01979753055813917,0.05468159643459969
313.20000000000005,-13466.652686213214,2384.9320489419506,65495.42470927005,-40.80371334270953,8.521920139403434,-1248.005899773983,0.3223771908803637,0.9454965335685223,-0.019971777206496902,0.041356739779724504
313.3,-13470.733433397696,2385.7843821384704,65370.588170358846,-40.82307380051633,8.523988802547446,-1248.942479854804,0.2977196320530761,0.9539982331912682,-0.02014369465527986,0.029062403956903342
313.40000000000003,-13474.81728078648,2386.6368781392844,65245.66671129487,-40.84186939292758,8.526025490863425,-1249.882681160887,0.2830218701838348,0.9586635406065436,-0.020235382002059883,0.021292398282045204
313.5,-13478.901954064253,2387.4895408932207,65120.591703704544,-40.86057519935365,8.527948394172041,-1250.825407303752,0.2732739208929357,0.9616182382888799,-0.02029333822025498,0.014138895779758073
313.6,-13482.989229782777,2388.3424677776648,64995.51669611414,-40.877657317069634,8.529723203965,-1251.7709298093482,0.25122381751543077,0.9676777402049772,-0.020444138507237627,0.008271748633684144
313.70000000000005,-13487.07757471256,2389.195453611602,64870.24760022246,-40.89395389046841,8.531469786606227,-1252.7190050308063,0.22935471133980453,0.973125901908304,-0.020550186841392138,-0.0002919626154967733
313.8,-13491.167933511506,2390.0487243606744,64744.932208050566,-40.90836847893439,8.532904054277427,-1253.6700208743985,0.19806048999577364,0.9799698761245308,-0.020703352629802517,-0.0015669655362306873
313.90000000000003,-13495.259248121096,2390.9020884099937,64619.54958043709,-40.92076319493932,8.534246634181937,-1254.6227672939563,0.16377603127779544,0.9862699431146027,-0.02083405713444724,-0.0038669045671552334
314.0,-13499.352083539252,2391.7555271248034,64493.983934735996,-40.92929960582281,8.535466984161546,-1255.5771142530575,0.12841675863796012,0.9914906073044186,-0.020918008966381494,-0.004236582221244473
314.1,-13503.446153476,2392.6091288699877,64368.416897971976,-40.93508132329541,8.536391434832515,-1256.5331342077138,0.0926545626115702,0.9953592114879859,-0.021016635916577577,-0.015279828141173298
314.20000000000005,-13507.539629305084,2393.462793016585,64242.71350965852,-40.93945846738491,8.537126499784861,-1257.489489480753,0.05594266154829857,0.9981972066023068,-0.021099742068045935,-0.005249403290459716
314.3,-13511.633203029323,2394.316532592667,64116.88406672323,-40.940778023243006,8.537598375543652,-1258.4461156780117,0.02447358877478839,0.99947244708042,-0.021101155795241744,0.003257637742987682
314.40000000000003,-13515.727271912538,2395.1703049088314,63991.054623787866,-40.93369318383841,8.537806151104014,-1259.4022194412842,0.00255736087350814,0.9993591459413927,-0.0211809547374375,0.02874238133947189
314.5,-13519.820624182736,2396.024088586117,63865.08146794668,-40.925442556702585,8.537824535433147,-1260.3572588716106,-0.01727556981171573,0.9977382240972943,-0.02117140440914056,0.061414676570039475
314.6,-13523.9135133169,2396.877842921599,63738.99679422613,-40.91659725725603,8.537447986193655,-1261.310509595007,-0.03855789328323365,0.9955733236122389,-0.02114460760051414,0.08306594817769461
314.70000000000005,-13528.004336181571,2397.7315796670127,63612.81825343337,-40.89850633653428,8.536985639733409,-1262.2614807635691,-0.05225448559823043,0.9926848219843505,-0.02108272397681285,0.10677935983363049
314.8,-13532.092912820794,2398.5852265962776,63486.54604477717,-40.87486979534372,8.53618257372056,-1263.2091246467112,-0.06551126140053666,0.9887483227269062,-0.021002016015613717,0.13283050951389258
314.90000000000003,-13536.179051295376,2399.4388233785044,63360.17871294563,-40.84628308919341,8.535237284835954,-1264.1536758434672,-0.0792329975943638,0.9841103068806601,-0.02088825165263341,0.15752052858710403
315.0,-13540.26211854898,2400.292266175125,63233.72271473647,-40.81290777918277,8.533989588960843,-1265.0952620842932,-0.09586814634389014,0.9780885062369783,-0.020733710272066434,0.18363628656139006
315.1,-13544.341344163626,2401.145618550955,63107.15776326232,-40.77413014547951,8.532587978408522,-1266.0317635163897,-0.10546000358289329,0.9725025671138963,-0.02057568190085925,0.2066242626496033
315.20000000000005,-13548.415629742853,2401.9987761285156,62980.50055508019,-40.729546219045844,8.530954228916615,-1266.9642956398186,-0.11268531862868834,0.9676451910986338,-0.020422522241817054,0.22482820929438985
315.3,-13552.486773631297,2402.851768824117,62853.75641172465,-40.6824996209151,8.52914377883456,-1267.8930778059273,-0.11970060640152265,0.9632240283407765,-0.020272115713359525,0.23970873446451452
315.40000000000003,-13556.551933341292,2403.704603793644,62726.924218786335,-40.63008614177466,8.527216883263048,-1268.817200999277,-0.12534895178960814,0.9593553366194819,-0.02012231429843061,0.2520318845944741
315.5,-13560.612456221766,2404.55720315827,62599.99371949715,-40.57456104821549,8.52510577833545,-1269.7370036531463,-0.13223012536854875,0.955720685720646,-0.019967532870096536,0.2621344358564091
315.6,-13564.667210558704,2405.409611000824,62472.96002769372,-40.51540435041748,8.5229023175855,-1270.654147872457,-0.13529688025650277,0.9541145274030726,-0.01986038655759644,0.2663940461741815
315.70000000000005,-13568.714859729509,2406.2618041674723,62345.85054823487,-40.45261047694204,8.520583272843684,-1271.567207023941,-0.1277281271517982,0.9571211700449045,-0.01984531766379858,0.25925037078660096
315.8,-13572.758557018878,2407.113707248709,62218.65998179753,-40.38790799591228,8.518172444704096,-1272.4778668938925,-0.11034155829949924,0.9588107920281456,-0.019789392044714447,0.26098847783934676
315.90000000000003,-13576.79195013363,2407.965472682324,62091.34584262303,-40.319403846146635,8.51570960756761,-1273.3869516293043,-0.10414131078468794,0.95779147147088,-0.019703078197807655,0.26721128957292345
316.0,-13580.82284574879,2408.816825044143,61963.947647905996,-40.250089511963736,8.51317643820946,-1274.2943232376567,-0.10801803322510611,0.9564486198165101,-0.01962925899226606,0.2704678064773834
316.1,-13584.842272033417,2409.6680986215765,61836.482784718515,-40.177615737225445,8.510635066386104,-1275.201495546828,-0.07883175238635912,0.9566358747735142,-0.01955255754363092,0.2797339010658378
316.20000000000005,-13588.857835538278,2410.5190312338736,61708.907486174234,-40.104498563225334,8.508088294745594,-1276.1091164950758,-0.05841348527732588,0.9568376361310519,-0.019501284269782544,0.2840234193384859
316.3,-13592.86498861853,2411.369722472506,61581.25573513102,-40.02974332841923,8.505542087429863,-1277.0180952409792,-0.030634403002713473,0.9592254865196259,-0.019478465179891435,0.28030088968479916
316.40000000000003,-13596.863974286016,2412.220142432136,61453.51360593749,-39.953815039338316,8.503044510439233,-1277.9293036423094,-0.014711387611186443,0.9640923861477918,-0.019519236699559912,0.26443987113345263
316.5,-13600.855430202379,2413.0702805212695,61325.657939148725,-39.87709408594124,8.500624346816766,-1278.8432117363534,-0.010644603842333926,0.966165931316019,-0.019564007827531343,0.2569578470703195
316.6,-13604.839099935572,2413.920153409581,61197.72914795974,-39.79992197642684,8.498298546422905,-1279.7613007016246,0.005804901803747781,0.9663625345615691,-0.019564680825431943,0.25637273290072804
316.70000000000005,-13608.815203321921,2414.7699645177236,61069.72382781608,-39.72260683463251,8.496126237621045,-1280.682778534171,0.04024380491169752,0.9686583876483326,-0.019643146208860325,0.2443266481818536
316.8,-13612.782658166409,2415.6193999478696,60941.589129398526,-39.64564537353332,8.494119775142766,-1281.6100949309584,0.07887836534695804,0.9684847037950335,-0.01971325241034563,0.23542933053178464
316.90000000000003,-13616.742953078674,2416.4687382507627,60813.3802479319,-39.56935806580268,8.492378676650935,-1282.5419395729446,0.11695009270051994,0.9698544675217186,-0.019833442141356645,0.2128652677595122
317.0,-13620.696274704445,2417.317916070396,60685.097065912865,-39.49455342454898,8.49078914962433,-1283.478654193725,0.1536787944552473,0.9696966492593544,-0.01994056926211291,0.18887458867583348
317.1,-13624.642108105207,2418.166898354468,60556.69052151342,-39.42155932952794,8.489689144335475,-1284.4205945260903,0.18733652122865088,0.966724867706675,-0.01999497540971212,0.17305565269538004
317.20000000000005,-13628.580247251128,2419.0158910574296,60428.19702674555,-39.351862939609696,8.488645618524938,-1285.3658289256732,0.20510002817935263,0.964608664135613,-0.020052098247245225,0.16450537034157836
317.3,-13632.512828964227,2419.86467510918,60299.626009657666,-39.28467600455379,8.488253416652134,-1286.3163189114518,0.21776186303152148,0.9643385398749479,-0.02018500192056417,0.14907554198580325
317.40000000000003,-13636.437326502444,2420.7135378676257,60170.93690699492,-39.223910818419014,8.488100992389473,-1287.269662744279,0.22571742929679833,0.9639237619455917,-0.020295137498493952,0.13960920693929935
317.5,-13640.357981623403,2421.56233825386,60042.16227483439,-39.16613841023505,8.488557166866178,-1288.2242183843573,0.22827375132527244,0.9605407665474646,-0.020386435366515604,0.15759734613674153
317.6,-13644.271155318474,2422.4112219457966,59913.31586328167,-39.118534987936336,8.489237331833934,-1289.1786359573218,0.23099539061924967,0.9553456135612234,-0.020457036989624318,0.18313218668381268
317.70000000000005,-13648.181876738305,2423.260211013687,59784.35581143184,-39.074862098387214,8.490506720734327,-1290.1312866603012,0.23257460288725537,0.9535774971286762,-0.020587787900289267,0.1901976709926215
317.8,-13652.086827189758,2424.1093619177177,59655.29704075375,-39.044707443444594,8.492239878677674,-1291.0806963901562,0.2505736478450331,0.9465491497953589,-0.020593988769606768,0.20207286224001955
317.90000000000003,-13655.99088625165,2424.958701701682,59526.143026902624,-39.01867015337771,8.494387949070353,-1292.0254391325195,0.2617495288570263,0.9412131440376577,-0.020621334859294595,0.2125553155827747
318.0,-13659.892020973437,2425.8082334738774,59396.89411803622,-39.00488373837517,8.49692325598833,-1292.9648172644233,0.25776341734196806,0.9401075669039691,-0.020722136914871046,0.22209542177129873
318.1,-13663.792161841731,2426.658110680221,59267.55080629873,-39.00156398212694,8.49991296903321,-1293.8984582704586,0.28130500742402986,0.9314808539623901,-0.020633612169189085,0.22975022426216352
318.20000000000005,-13667.69282586611,2427.5082167828014,59138.08469443621,-39.00939340430471,8.503241831247006,-1294.8245549391904,0.3080953967213337,0.9223512946033811,-0.020493989355493916,0.23221824274351888
318.3,-13671.594279521294,2428.358787919736,59008.58795850618,-39.0262559292586,8.506934067990437,-1295.7426092488588,0.31085676409539215,0.9221032108739118,-0.020551071558665285,0.2295024927314615
318.40000000000003,-13675.498373335302,2429.209649452413,58878.95032990392,-39.053248200324205,8.510860406707849,-1296.6527832155484,0.3068337281776716,0.9261096467777609,-0.02065541180623501,0.21851164582437438
318.5,-13679.40534166624,2430.0609048923234,58749.23278879247,-39.0890498792538,8.515045076543247,-1297.555177832081,0.3094565115979314,0.9298758596230984,-0.0207309313833416,0.19783271115723658
318.6,-13683.315822118044,2430.9126972913637,58619.44185485551,-39.13271059144017,8.519493279696212,-1298.4496002290155,0.31529987302907164,0.9331200198394587,-0.02075073957415795,0.17158795251935594
318.70000000000005,-13687.232656796983,2431.764804577235,58489.54313325246,-39.18583218600502,8.524084339641405,-1299.3381570713611,0.3352199116387484,0.9308626851934253,-0.020643120016368772,0.14386150892919727
318.8,-13691.15425142423,2432.6174544626256,58359.55113127921,-39.24402361528014,8.528817938557676,-1300.2222977862507,0.34716747596460784,0.930583672261361,-0.020549357826558482,0.11430877676643728
318.90000000000003,-13695.080914195107,2433.470625581474,58229.486912798886,-39.307042950109064,8.533671593739255,-1301.1027217008425,0.34820687232671377,0.9333756843556119,-0.020519453615808585,0.0845030055172548
319.0,-13699.015172428048,2434.3242201800786,58099.33135437899,-39.37556394290314,8.538562193174522,-1301.9820206412146,0.34003782841502883,0.9378147239315187,-0.020540978266406676,0.06675243093625777
319.1,-13702.95700899419,2435.178275175875,57969.09437696994,-39.44786317362164,8.543477417003052,-1302.8617872611512,0.327423385252219,0.9433445377888873,-0.020521996279392978,0.04973788779749393
319.20000000000005,-13706.905351983063,2436.032852489263,57838.758767808074,-39.522582672563644,8.548381622434642,-1303.7442486037294,0.3218373874197727,0.9461636912923309,-0.020471707638989922,0.027854524322440594
319.3,-13710.860843572114,2436.8879316046177,57708.311158433164,-39.59946422956501,8.55321644387065,-1304.6303814005023,0.312003099568768,0.9496552093165024,-0.020474011453147048,0.019744977400024982
319.40000000000003,-13714.823677212475,2437.74350643692,57577.784003505425,-39.67752869420937,8.55788753920396,-1305.522889683617,0.29614712843401997,0.9548981340129663,-0.02047844400612611,0.00686041616281627
319.5,-13718.795514489631,2438.59953863413,57447.198522607716,-39.75625725500163,8.562318422589785,-1306.4228174045386,0.2781297523206434,0.9603131878485881,-0.020492314718018937,0.004742062382289669
319.6,-13722.775270757664,2439.4559857557783,57316.49264354658,-39.83434744251669,8.5664459682027,-1307.331175346594,0.25917756149715876,0.9656108498755153,-0.020557487513873745,0.00026062653113436026
319.70000000000005,-13726.765726039974,2440.312831813275,57185.732918801,-39.91033486239449,8.57016329834478,-1308.2485903989714,0.24653032024590193,0.9689150723948791,-0.020590559717175702,-0.0015532340496243018
319.8,-13730.757335006105,2441.1699641384575,57054.861261907594,-39.98469310851289,8.57354147012624,-1309.174757742379,0.2159395017870552,0.9761557471911758,-0.020766068744532486,-0.007671973832900665
319.90000000000003,-13734.762312660243,2442.0274969982297,56923.88655691692,-40.05183566123666,8.576123194776919,-1310.1096106341272,0.17772620869399564,0.9838275587268824,-0.020937663234895983,-0.007638304198110231
320.0,-13738.767904085145,2442.8852244034124,56792.85699460325,-40.11732344394837,8.578162794286051,-1311.0515459257535,0.13555615347641545,0.990462809327247,-0.021144240841226212,-0.012683598602302509
320.1,-13742.784915868508,2443.7431030406824,56661.6793843822,-40.168714383671336,8.5794666209032,-1311.9988016021646,0.0945036037811725,0.9951677174456883,-0.021196271046413834,-0.016155529085634685
320.20000000000005,-13746.802024598683,2444.6010681837333,56530.44130016584,-40.21731166180255,8.58004196641874,-1312.9495716472554,0.052982858999069175,0.9983537053952701,-0.02129016870904786,-0.0054244162966244165
320.3,-13750.827121899609,2445.4590720154647,56399.1061333331,-40.24481388713836,8.579640616617255,-1313.9001550418875,0.015653062671447043,0.9995948957896388,-0.021377286287227928,0.010394112338188311
320.40000000000003,-13754.851774995488,2446.3169829387507,56267.674249483,-40.268894345830724,8.578460972527294,-1314.8475076851746,-0.003645886127859154,0.9987710383281098,-0.02142630651356289,0.04454249544557423
320.5,-13758.879117957267,2447.174701798487,56136.14528301611,-40.26413216026941,8.576432396043549,-1315.7883237440017,-0.006998813624219785,0.9966286896269615,-0.02140633392968447,0.07889258829566817
320.6,-13762.90538015912,2448.032238341294,56004.52269882142,-40.25633450325794,8.573702997688233,-1316.7216165193138,-0.016291571990394632,0.9943160573354156,-0.02135497086556894,0.10302489032445983
320.70000000000005,-13766.928833092328,2448.8894994487846,55872.80439617966,-40.21912197443531,8.570247239960246,-1317.6467966114633,-0.04764178564347429,0.9891086969575549,-0.021214293206996006,0.13763792946479805
320.8,-13770.948331647647,2449.7462970056267,55740.992741948256,-40.169006296764664,8.56600078630105,-1318.5618810122276,-0.053681856150633096,0.9839594423018537,-0.021052288364791675,0.1688160992910723
320.90000000000003,-13774.962886074853,2450.602646616023,55609.08884166439,-40.10281781704026,8.56121930359318,-1319.4656632298384,-0.04818067318169683,0.979816237434431,-0.020876871036048992,0.19288058442294573
321.0,-13778.967738683092,2451.458477262842,55477.094133250816,-40.01553506841849,8.555970531260103,-1320.3596327040927,-0.04284928200436724,0.9797631639367597,-0.02076799273550131,0.19441391951729825
321.1,-13782.96562615899,2452.313816787072,55345.008848978534,-39.91834910516961,8.550399485373834,-1321.2447343424471,-0.02823004680503286,0.9800220906012005,-0.02065681729188334,0.19578830989210663
321.20000000000005,-13786.951262978078,2453.168628895575,55212.83931628599,-39.80497317793847,8.544622643790518,-1322.1238474565878,-0.011762671694898787,0.9779233677240681,-0.020501571083661112,0.2076227636770995
321.3,-13790.925120290993,2454.0227819903785,55080.572586138085,-39.68105927976382,8.538666966167863,-1322.9988900100414,0.011017984524227486,0.9764192586031005,-0.020363560860836405,0.2146377432677262
321.40000000000003,-13794.889955053848,2454.8763559024737,54948.22694406948,-39.550605182000034,8.532736629814469,-1323.873564164471,0.03445265491272087,0.9754869140039093,-0.02025491356914781,0.21639785963105362
321.5,-13798.83480438893,2455.7293238564785,54815.78866331471,-39.40904652165403,8.527010471587158,-1324.7514833444832,0.07698995485591377,0.9728735993656077,-0.02011200917944272,0.21722111682674286
321.6,-13802.76936864715,2456.5816984589646,54683.265712787,-39.26536259220004,8.52150414486525,-1325.6357355933274,0.11832335486713502,0.9687605101976091,-0.019962780805360975,0.21703489340926554
321.70000000000005,-13806.69127065248,2457.43363772351,54550.653675853435,-39.11788836555012,8.51647563873319,-1326.5282471489138,0.15691531530833833,0.9661678375668269,-0.019894850119443912,0.20371914100508928
321.8,-13810.595120218462,2458.28502837812,54417.95518070799,-38.96965163503467,8.512125762153175,-1327.4316209122703,0.17852182490729404,0.965158531345054,-0.01991213454174021,0.19026947811359368
321.90000000000003,-13814.4848627308,2459.13602222496,54285.16592166035,-38.822637755966525,8.508373251053397,-1328.3467255389528,0.15953687035148198,0.9722381201596426,-0.020158989672004853,0.16998423409923302
322.0,-13818.35535153383,2459.9867150780065,54152.28127071783,-38.681569720975524,8.505538676616395,-1329.273015289337,0.1672135178349146,0.9746301710354136,-0.020337675380752897,0.14738401582553062
322.1,-13822.220627075443,2460.837207062835,54019.31131768021,-38.544846260793,8.50369829865734,-1330.2126322758306,0.15283040277552307,0.9772707722006657,-0.02054240046982993,0.14547410619324447
322.20000000000005,-13826.065285533046,2461.6875148270897,53886.240568412846,-38.42206215774379,8.502959487945223,-1331.157959289692,0.15888851917815158,0.9748848270714968,-0.020683738307163288,0.15468094707750032
322.3,-13829.903314224332,2462.537801230408,53753.09036562641,-38.31017209022349,8.50341438496143,-1332.1048030033048,0.18167141137991308,0.970261439853968,-0.02079804471108973,0.1586054159098321
322.40000000000003,-13833.728958131776,2463.3882396947793,53619.84113394415,-38.217082184597515,8.505080525549506,-1333.048956616123,0.19018496654623998,0.9659845761315595,-0.020944119520096147,0.17396787356654306
322.5,-13837.546647126988,2464.238882853284,53486.492578920785,-38.1470342118716,8.507677041672869,-1333.9846353246269,0.19330978085364947,0.9637105006330803,-0.021113576829603003,0.18288689529135788
322.6,-13841.359621470634,2465.0898452749584,53353.05125061834,-38.093137202263875,8.511541056092923,-1334.9079959884016,0.2316708726504221,0.958731647088215,-0.02119022251574451,0.16344176365495913
322.70000000000005,-13845.167979094664,2465.9412357177584,53219.51620598192,-38.06899884555963,8.516423015760914,-1335.8162576922675,0.2182121645004686,0.9666978661398509,-0.021505525696753767,0.13197044831774074
322.8,-13848.974923583528,2466.79314443794,53085.8889647105,-38.09634792366259,8.522205771264376,-1336.7102612142082,0.2261237862245226,0.9693151134282434,-0.021646969120660595,0.09395559009961749
322.90000000000003,-13852.783360853176,2467.6456483136244,52952.169163513194,-38.15060549095839,8.528768395039675,-1337.5886147068002,0.22948099175936415,0.9707200765214481,-0.021695934846887945,0.0676039486306249
323.0,-13856.59712802995,2468.498889919697,52818.3644874805,-38.220390216368536,8.535971965036895,-1338.4513468084565,0.24346298100922537,0.9683174894374242,-0.02160547101228914,0.05118808601659743
323.1,-13860.416951089075,2469.3528567666945,52684.474503220474,-38.29829964918971,8.543646184323704,-1339.3015747878856,0.2704073690090386,0.9617933464727573,-0.0213647751578765,0.0371074096212311
323.20000000000005,-13864.246699220064,2470.207609508996,52550.490896654635,-38.38626866190483,8.551639750742662,-1340.1557711765824,0.28859043161104886,0.956888165163075,-0.021148628857840135,0.025166200563957096
323.3,-13868.089479031449,2471.0632080888436,52416.420908790766,-38.47996860062163,8.55976058157379,-1340.9994775039634,0.2718011516538877,0.9616687774624361,-0.021152075252230524,0.02949383200005924
323.40000000000003,-13871.943710754098,2471.9196045366766,52282.284177441004,-38.607086911309835,8.567746501019618,-1341.83877069614,0.2567519029060718,0.9660424678068923,-0.02107687780108677,0.019904169659614616
323.5,-13875.809869765077,2472.7767118531465,52148.05286696847,-38.74999632050509,8.57540714071149,-1342.678005409014,0.25115606955888276,0.9676207573238295,-0.020934494138596476,0.013872479048585275
323.6,-13879.692303835858,2473.6346026938336,52013.715341097784,-38.89994677586862,8.582515066735983,-1343.5344934856703,0.22949291141751066,0.9730838902817667,-0.020952790835649847,0.001314016519970056
323.70000000000005,-13883.589272562656,2474.4931519039765,51879.321052769745,-39.05170993683399,8.58881875112343,-1344.4121738209274,0.2232999123923791,0.9745092205747203,-0.020867055385109752,0.005787412199053559
323.8,-13887.501766353798,2475.3523288031756,51744.830692231706,-39.20196995037768,8.59403370847062,-1345.307694592771,0.20828825685752284,0.9778409974822414,-0.020903821193159172,-0.0024527449346021676
323.90000000000003,-13891.428963069306,2476.2119655614874,51610.24944313352,-39.346356280187734,8.597959668114232,-1346.2209636373054,0.18151327268073456,0.9831549802841756,-0.021007299912447052,-0.004232012941855596
324.0,-13895.37012586987,2477.0718955754523,51475.59386475272,-39.48018340607889,8.600416511218818,-1347.149214854642,0.13323801749358802,0.9908286290801736,-0.021208139658307007,-0.007514872035879611
324.1,-13899.324336572357,2477.931985544,51340.827214978024,-39.59666019280228,8.601213014136983,-1348.089025300038,0.12459169488406285,0.9919790353573343,-0.02124380135935301,0.0017899388965312184
324.20000000000005,-13903.291437313299,2478.7920687773267,51205.97557978387,-39.686055050666724,8.600282525703657,-1349.02957623857,0.10830216352871981,0.9936795126363632,-0.021345690776016644,0.020396789626135853
324.3,-13907.263035192997,2479.6519591707274,51071.03961505307,-39.752536064493405,8.597588582460258,-1349.963595956749,0.05757327893791029,0.9959018360255639,-0.021476177317753753,0.06635980983294683
324.40000000000003,-13911.240106735033,2480.5115100691332,50935.999048457285,-39.79140949492012,8.593229520581495,-1350.884650840335,0.03734293820800933,0.9948616599336197,-0.021484961046399905,0.091619752286011
324.5,-13915.219270007581,2481.370497389005,50800.8675041367,-39.79209576404883,8.587256462351457,-1351.7877482115946,0.027789663971059315,0.993395843021431,-0.0214492787575739,0.10923535180927453
324.6,-13919.19635998161,2482.22892072535,50665.64636481482,-39.74823419170393,8.5800133159713,-1352.6753744836726,0.019763421912608336,0.9892995989739781,-0.02129512821269642,0.14297632020245607
324.70000000000005,-13923.167709963876,2483.0865201422716,50530.325578613,-39.66551850517465,8.571688293216978,-1353.5462676343097,0.043163181925680597,0.9843231921302897,-0.021077754885288506,0.16970716369523914
324.8,-13927.127874507949,2483.9432571454895,50394.92357443186,-39.54501221348852,8.562633748305409,-1354.402041347754,0.018569946385258832,0.9838804941476782,-0.020932001552424254,0.17662440838677468
324.90000000000003,-13931.075218253338,2484.7989576365944,50259.428475561544,-39.39172551598367,8.553103828206272,-1355.2469637960032,0.06867384495530476,0.9826753081558818,-0.020785174455596734,0.17088334700212385
325.0,-13935.005850721642,2485.653787271007,50123.859990137826,-39.21041491473813,8.543742472423961,-1356.089990773932,0.11764946186679778,0.9790661880536222,-0.020574005778694164,0.16481721335716196
325.1,-13938.917853779618,2486.5078448802406,49988.211555784095,-39.006956950083705,8.534852338487704,-1356.9384580875496,0.0919551578112925,0.9803748528351719,-0.02047052840707723,0.17317723391673245
325.20000000000005,-13942.80834184155,2487.360910468262,49852.46999071577,-38.788060207613725,8.526797330492402,-1357.7985471479597,0.10174971046606203,0.9798430020079899,-0.020395128535796565,0.17070069293371748
325.3,-13946.675022299269,2488.2132282441535,49716.64546828323,-38.56029605368672,8.519845231035056,-1358.675768340998,0.10011689146577792,0.9809609809677146,-0.020440335267583508,0.16514949154096042
325.40000000000003,-13950.518923602345,2489.064929185262,49580.73229529603,-38.33166890860302,8.514495563478953,-1359.5728669381583,0.11351752208119384,0.9829616621054243,-0.020575158171411877,0.1430971903208045
325.5,-13954.34139979797,2489.916184656618,49444.73443542414,-38.108649798811456,8.510949916870704,-1360.4928415329152,0.1360804347379911,0.9802416110174951,-0.0206738939941105,0.14206016126439308
325.6,-13958.142033342707,2490.767161750791,49308.64042114957,-37.89914240175409,8.509478696632796,-1361.4252974178837,0.15147173855667923,0.9775122197466178,-0.020854040952447424,0.1452283775321154
325.70000000000005,-13961.921921823367,2491.6181043763563,49172.45737905807,-37.71247495712675,8.510139869185576,-1362.3572237692274,0.15824177803674705,0.9765180240559105,-0.02109769047517128,0.14466159073618293
325.8,-13965.685802496242,2492.4693178115385,49036.185768156785,-37.55514767639379,8.51311303545976,-1363.2841378661117,0.1719182803864787,0.9711140623655923,-0.021265752553456977,0.1641016468932832
325.90000000000003,-13969.43475187937,2493.3208819261095,48899.81174960458,-37.44162499295203,8.517999194658746,-1364.1893208026845,0.18088659193210815,0.9694115256522065,-0.021451656241779016,0.16450276969198194
326.0,-13973.174490235426,2494.172890741214,48763.35262075984,-37.4398744471657,8.524901165280319,-1365.066314620012,0.17138119767984325,0.9747250093063838,-0.021738781742548643,0.14165827431831218
326.1,-13976.91115886142,2495.025821260997,48626.800366146446,-37.5072356035605,8.533666465703103,-1365.9172998398624,0.17867252291436722,0.9775865755791323,-0.021876238162843682,0.1091881266746658
326.20000000000005,-13980.648434160661,2495.8797315652914,48490.15707060068,-37.60358785156526,8.543919344092794,-1366.7466430978402,0.2063829293591352,0.9756855981014884,-0.021809578845414023,0.07048434150269835
326.3,-13984.392175293176,2496.7346777721405,48353.43448729065,-37.722745916539274,8.554940713483791,-1367.5710775221976,0.22611402849170414,0.9735143152325155,-0.021665548512353826,0.0259408589734076
326.40000000000003,-13988.147224901897,2497.5907596158227,48216.630691766455,-37.85964250991203,8.566295472891793,-1368.3885433818566,0.2261830297350647,0.9733736408457979,-0.021528066918411536,0.030356790034834314
326.5,-13991.921243537332,2498.447897129572,48079.747541723795,-38.0091479395476,8.577532476690893,-1369.1899811018488,0.2017660726899257,0.979058171115207,-0.021473303204567206,0.016566433934748534
326.6,-13995.71339906466,2499.3061177091595,47942.78546683126,-38.16026061300896,8.588081922983873,-1369.9845170151843,0.21158364548402966,0.9771055808113033,-0.02121422558733693,0.00685576719440768
326.70000000000005,-13999.522242461999,2500.16541027115,47805.743236736314,-38.305594332086514,8.59717480257914,-1370.7858344354456,0.1843689336625871,0.9825936631157477,-0.021173636661887717,0.008334663484958179
326.8,-14003.359043972794,2501.0256527339193,47668.6184335178,-38.482789286339795,8.604471127420231,-1371.646353013322,0.18386971087928167,0.9827177108613765,-0.021103093583950867,-0.0035340658924765864
326.90000000000003,-14007.219142571168,2501.8863348909617,47531.40688712339,-38.71829428845002,8.609517296575072,-1372.5318528810162,0.1840682360573795,0.9826446411630899,-0.021093596690020186,-0.009135307705037477
327.0,-14011.10211637399,2502.747354293295,47394.10846358422,-38.94059892763579,8.611921718969334,-1373.4456654294784,0.167895439732797,0.9855769466770358,-0.021166513337558847,-0.0010872942716142022
327.1,-14015.006182172288,2503.608606265705,47256.72062839516,-39.13709919244778,8.611074026824928,-1374.3719734006422,0.11737868671182242,0.992517724233702,-0.021405472243948027,0.02593485580786163
327.20000000000005,-14018.928899339324,2504.4695534039924,47119.24458500217,-39.29167852335067,8.60722809738525,-1375.291714445242,0.08721354648217179,0.9939683627770076,-0.021535061529860438,0.06290415116112831
327.3,-14022.863089110597,2505.329956575088,46981.67363275531,-39.39858235662298,8.600817961127241,-1376.1905500960595,0.09460972365282852,0.9906859016099435,-0.021500313686132498,0.09554151481438097
327.40000000000003,-14026.805682925924,2506.1896126635,46844.01312791858,-39.43605818809499,8.59163224899362,-1377.0615074966154,0.10672394502874255,0.9863392268670939,-0.02138109784232162,0.12364375340381142
327.5,-14030.748292223452,2507.048233358316,46706.26119393561,-39.40408686084595,8.580367221388949,-1377.9058625165244,0.11668786042927307,0.9827552761827937,-0.021200816801286135,0.14186802222586267
327.6,-14034.684677458174,2507.905662301896,46568.421161563405,-39.30426131682085,8.567747940789705,-1378.7291527959321,0.09029147927750779,0.9835116715825026,-0.021078295700971608,0.15526733745773236
327.70000000000005,-14038.607028580604,2508.761806580236,46430.50407051989,-39.12983285619968,8.554627635235715,-1379.545846303963,0.07500874679056231,0.9854652940231244,-0.020957316791218643,0.15097229233782794
327.8,-14042.508416099992,2509.6166447591654,46292.499581906646,-38.895329141801504,8.542015764491678,-1380.353824180675,0.09125740888639698,0.983916071660111,-0.020782573078636422,0.1521490516188244
327.90000000000003,-14046.382250634968,2510.4702869495154,46154.42313925538,-38.61219313061461,8.530711766757314,-1381.1687657034415,0.10391581248705137,0.9844042660298808,-0.020683562313097325,0.1404348076061202
328.0,-14050.228117214834,2511.3228643929724,46016.25938031955,-38.302743940187206,8.521463969553814,-1382.0161543338227,0.10769614634111369,0.9839549044673865,-0.020666965918942654,0.14073792153344775
328.1,-14054.04605635977,2512.1746661729835,45878.01329371264,-37.98112755958034,8.514886062354273,-1382.8935584385551,0.10944897797476837,0.9851275365998149,-0.020786513682915543,0.130815055333739
328.20000000000005,-14057.827789382096,2513.02596118524,45739.68381394697,-37.66083622396962,8.511433643617659,-1383.7816144459293,0.10745595582271819,0.9855947760958718,-0.021022508437475426,0.12889611720199634
328.3,-14061.574631572033,2513.8770504845056,45601.26738281768,-37.365846880729194,8.511544788552511,-1384.6930627762454,0.12226895094926865,0.9816793261783671,-0.021236632790297208,0.1445856480273284
328.40000000000003,-14065.298184914182,2514.7283600722662,45462.759450370955,-37.11036710655554,8.514988150619478,-1385.6099243190708,0.1506362672154344,0.9784373491390638,-0.021486473091204928,0.13966889518866762
328.5,-14068.99938164175,2515.5801834423355,45324.158612530184,-36.91456655636426,8.522103897003921,-1386.4912517138673,0.1389249473253716,0.9835580727164701,-0.021854560202400116,0.11329499019491061
328.6,-14072.684457339074,2516.4327940023995,45185.46899637391,-36.96185027938032,8.532248050618568,-1387.3187067027036,0.14607310820525982,0.9859152238992094,-0.022054207727149163,0.07840554996015117
328.70000000000005,-14076.361375705537,2517.2866424493136,45046.68900793425,-37.07584503100066,8.545048266048877,-1388.1038705277163,0.17409132443071315,0.983079164888055,-0.02199412904470315,0.05257208963442042
328.8,-14080.039089404961,2518.141931506069,44907.829875828895,-37.213365106523575,8.559542763731892,-1388.9020861709894,0.19511430921204034,0.9782695287773985,-0.021801411569809793,0.06666208712543209
328.90000000000003,-14083.728051363463,2518.998664349862,44768.89382155197,-37.35334606938823,8.57413486791783,-1389.675931008043,0.1807587200695519,0.9824183633849268,-0.021731952496832255,0.041329972702319445
329.0,-14087.437742871833,2519.856768242995,44629.88409098963,-37.59310837269633,8.588230766036668,-1390.426051048701,0.17213454970205225,0.9842192896927937,-0.021556150604512193,0.03489153144532091
329.1,-14091.173395886593,2520.716218301816,44490.799967836596,-37.843510293209825,8.59987997411039,-1391.1736142414356,0.18248083389512545,0.9829064904059512,-0.021313067868237112,0.01188820915188843
329.20000000000005,-14094.940369987564,2521.5766872746176,44351.6426248741,-38.03119752857263,8.608840108040688,-1391.9620229403997,0.1696363860647507,0.9852548866909285,-0.021245773567070105,0.006702378687701232
329.3,-14098.740648009876,2522.437756051021,44212.40750580122,-38.18537039917996,8.613760387618722,-1392.8226878893684,0.15334090223826832,0.9879241707302614,-0.02128283847345822,0.006280236794235722
329.40000000000003,-14102.573502280638,2523.2991888613774,44073.08029028066,-38.495543349524034,8.614355398767032,-1393.7091747882519,0.1432566455669873,0.9891235027675719,-0.021344927028390713,0.025624672951204682
329.5,-14106.438836936755,2524.160469940644,43933.67000699732,-38.77736239893452,8.610600962232093,-1394.6133273652072,0.11637812289028299,0.9917149568541858,-0.021513604471674025,0.049947389189737026
329.6,-14110.32780373807,2525.0211870729313,43794.16948892924,-38.994329087915055,8.602071442201611,-1395.4991473422335,0.12552004420484403,0.989241851197295,-0.02152359867030314,0.07198620036397595
329.70000000000005,-14114.233516974396,2525.8808300004102,43654.57630114371,-39.12503833602454,8.590159626724299,-1396.331918947085,0.09820785734387479,0.9908161035253208,-0.021531328939531864,0.09041608056603455
329.8,-14118.14791049484,2526.7391239230815,43514.90204883198,-39.132983960057864,8.575029556222862,-1397.128730514973,0.08351091531224467,0.9888626962365183,-0.021378553528802167,0.12132375062027283
329.90000000000003,-14122.057166760784,2527.595787486914,43375.138171375285,-39.02981604499382,8.558777598306172,-1397.9179547695023,0.09673232266618581,0.9868477272373172,-0.021172362021445606,0.12777383176761775
330.0,-14125.949579002232,2528.450847865722,43235.30339114687,-38.803938903030875,8.542726875875072,-1398.6947727237632,0.08055803533540558,0.9897975276075217,-0.021061169336123665,0.11561870277395385
330.1,-14129.815112328573,2529.304483620493,43095.394373744726,-38.482273724765356,8.529016304134416,-1399.4565226342106,0.06461411225596712,0.9915104172304532,-0.020963609303414527,0.11087216109483879
330.20000000000005,-14133.641407463021,2530.1568170090577,42955.405630401016,-38.08542301187752,8.518362408801295,-1400.278944942241,0.08784046474046607,0.9886168738544744,-0.02090367901967094,0.12034851759713325
330.3,-14137.429278985026,2531.0082615306133,42815.332137654805,-37.658878835488586,8.512049921179187,-1401.1093393486565,0.09086234060767118,0.9890772875456556,-0.021073660818863367,0.11413174466517076
330.40000000000003,-14141.176936797998,2531.859381168615,42675.17972293366,-37.23075882279389,8.510643002375629,-1401.9803468011098,0.11220614063845095,0.9841434344682403,-0.021257620004844966,0.13571881221043136
330.5,-14144.879818915113,2532.7105796447077,42534.946787086985,-36.839375528127064,8.514515611868951,-1402.8741875782755,0.12425162501429672,0.9853127387660573,-0.021631701024613557,0.11511911230295199
330.6,-14148.545858015008,2533.562396054972,42394.61997398207,-36.52707836369417,8.52304217106252,-1403.7443887335357,0.12565994259593588,0.9843822745419535,-0.021891875326688667,0.12133368118159528
330.70000000000005,-14152.187371139904,2534.415293686631,42254.20190465878,-36.568889790621675,8.536223615709083,-1404.5081536941912,0.1572167438663207,0.983544969117018,-0.022002160298984535,0.08624438599035789
330.8,-14155.8148636972,2535.2697253994825,42113.70570333266,-36.62135760491637,8.552352596649792,-1405.2656004530886,0.16550828198162681,0.9830869580097411,-0.021967379143728386,0.07526271215017111
330.90000000000003,-14159.442286455043,2536.1258367938167,41973.13733436029,-36.65476182187413,8.569635933144314,-1406.0180962382194,0.17481432499165972,0.9832867240305442,-0.021807818410034097,0.04595203128465359
331.0,-14163.085221909558,2536.983689859096,41832.49756481703,-36.860140036198665,8.585950593943156,-1406.713581621126,0.14220340215023664,0.9891768596629213,-0.02170796587113798,0.02891534094623541
331.1,-14166.757056960196,2537.842887665083,41691.78865042619,-37.2135597773401,8.598928035912309,-1407.4102008657608,0.13713331414353486,0.9901732107431979,-0.021492700556039235,0.017015601703314003
331.20000000000005,-14170.465228901678,2538.703346863361,41551.00803247315,-37.67411112435226,8.606942155951282,-1408.15316646302,0.13793164037319774,0.9901796031132167,-0.0213977773733103,0.007832706173071573
331.3,-14174.217772744665,2539.564246968389,41410.15258126473,-37.89273278903917,8.609526977529473,-1408.9709414554236,0.12647063106964337,0.9916867036283841,-0.021431224478653015,0.010166805833757814
331.40000000000003,-14178.015281910237,2540.4251271880007,41269.216067005,-38.18465723132926,8.606016954011876,-1409.838273541448,0.13799901148584334,0.989506685698242,-0.02149301473213992,0.03702488494425029
331.5,-14181.853169444814,2541.285299394828,41128.19142569979,-38.54420522661908,8.596603759219448,-1410.7139148433218,0.12847546756535094,0.9886375904895917,-0.02155279757916478,0.07500163879083087
331.6,-14185.720321194363,2542.1442758179373,40987.077962295654,-38.790337676210854,8.582090279859479,-1411.5134830523798,0.10713577233503269,0.989113683659771,-0.02153491162953323,0.09855097495348615
331.70000000000005,-14189.605598225791,2543.001631661925,40845.87980934476,-38.86998296882756,8.564750247402229,-1412.2578701898267,0.08683102248279066,0.9900708956073274,-0.021446406436667162,0.10844374973621557
331.8,-14193.489787551624,2543.8571599114994,40704.609933806714,-38.77810499673097,8.546224045233071,-1413.0228356144846,0.08632876649101248,0.9910888028137803,-0.0212838903264114,0.0991832900536233
331.90000000000003,-14197.355271765802,2544.710954723912,40563.27035147501,-38.504243748577295,8.530005952979433,-1413.7493633313743,0.06028963241659753,0.9929765502718634,-0.02113407935874219,0.0995795236126364
332.0,-14201.185671401568,2545.5633091807754,40421.85469404535,-38.084363475323435,8.517477872750176,-1414.4917810580578,0.06479319000399508,0.9924926257784765,-0.021085412804235308,0.10156591786286508
332.1,-14204.969468801306,2546.4146895063145,40280.3635006574,-37.572291195339886,8.510639485381574,-1415.2692783105388,0.08837519774926102,0.9892265140601438,-0.02117802720926894,0.1147702900001488
332.20000000000005,-14208.700493935858,2547.2656338093466,40138.79568765535,-37.02774831794094,8.510171249443479,-1416.1142337665215,0.11773825861864053,0.9866086510286523,-0.02143248641167746,0.11082292497081227
332.3,-14212.376952142362,2548.1168988971026,39997.147524317814,-36.518065286684426,8.516136927638808,-1416.974675053501,0.12490373426657723,0.9860408803602179,-0.0217902540554668,0.10792415972760187
332.40000000000003,-14216.007163079423,2548.969079626879,39855.40739937746,-36.176286195625295,8.528739601284483,-1417.755118686156,0.12722483687314237,0.9872714768843895,-0.022033915187273375,0.09286214726485122
332.5,-14219.604265845981,2549.822781253096,39713.58953396949,-36.247198278465504,8.545372253553117,-1418.466279964829,0.13644038244973458,0.9870639520104251,-0.022067476680604887,0.08125148091870334
332.6,-14223.186409201027,2550.6781464581563,39571.69987295822,-36.11367222552094,8.563700965902889,-1419.1784759037896,0.14137479738616607,0.9880015935950408,-0.021940122889845648,0.05817773393025049
332.70000000000005,-14226.77618889166,2551.535455913374,39429.74603682644,-36.25413834334927,8.580339321995542,-1419.7927286200622,0.12458664128606152,0.9914883317808239,-0.0217579001057507,0.030913597955032422
332.8,-14230.39384532109,2552.394068318459,39287.729363335195,-36.63596764048069,8.592605748833408,-1420.445943566521,0.12611625974833193,0.9917813728326604,-0.02154742472873234,-0.00032560223293248236
332.90000000000003,-14234.058745780017,2553.2536996335507,39145.64653322679,-37.208624414637185,8.598139710208423,-1421.1672722303301,0.13814447947561756,0.990128397039521,-0.021427661444649776,0.010134865138368906
333.0,-14237.77382694964,2554.1134619924496,39003.49088978221,-37.62202844850582,8.596023915004015,-1421.9649415279714,0.11766585336350556,0.9922823833773337,-0.02154477510898394,0.03265334985479624
333.1,-14241.546332535583,2554.9727490085393,38861.252270193116,-37.96523834361345,8.587230769167377,-1422.8085617577221,0.11463529149360312,0.9917009980845567,-0.021625207054114713,0.05403915952471153
333.20000000000005,-14245.363787907616,2555.830697669027,38718.93160104882,-38.37306866152067,8.572570987980153,-1423.59077332098,0.1053299230831316,0.9918244296973978,-0.02163550451208232,0.06871544879603694
333.3,-14249.21308636726,2556.6871312279327,38576.529544965706,-38.591264162109084,8.554175314141842,-1424.303511271465,0.08044545017152853,0.992092026679044,-0.021520655947378318,0.09390847413392327
333.40000000000003,-14253.072824919096,2557.541562148725,38434.05501130838,-38.55304307208871,8.535801405850057,-1425.0182575186777,0.07412907259934405,0.9921885320306757,-0.021326201554026654,0.09804076004219314
333.5,-14256.916177895624,2558.3943400502926,38291.51508375955,-38.26980643687002,8.52080662227304,-1425.6859983855657,0.0917501523771624,0.9895628146514757,-0.021127949193039803,0.10909149903046067
333.6,-14260.720525709472,2559.245916627492,38148.909799977,-37.7712071680074,8.51123632518205,-1426.3842313708822,0.10150377451826559,0.9890610083390478,-0.021191215660439213,0.1049106187224348
333.70000000000005,-14264.46523561823,2560.0969072101125,38006.23100481304,-37.14001936813294,8.508701587621333,-1427.1712757430291,0.09605806571136957,0.9900605931592954,-0.021495848731331035,0.10045296597002025
333.8,-14268.148285319043,2560.9479409846717,37863.474039336674,-36.48921645047563,8.513675473962543,-1427.9942594278752,0.10437948896679797,0.9906113072551793,-0.02187564665841795,0.08553137614051873
333.90000000000003,-14271.763843065612,2561.7998726342526,37720.63308714743,-35.93614942084063,8.526323195300238,-1428.7246096642689,0.11404378617986999,0.990223227725146,-0.0220956838594208,0.07722535116228725
334.0,-14275.338340719278,2562.653302659788,37577.71644391363,-35.894738573123966,8.542357684537217,-1429.4291923102276,0.11784862352124019,0.9906899373995945,-0.022124949711310675,0.06446422627789963
334.1,-14278.886927199714,2563.508485244134,37434.73577348709,-35.67403135451139,8.560007762451766,-1430.0078787179011,0.11628063947155422,0.9925733375654195,-0.02196197151689347,0.028189612367351995
334.20000000000005,-14282.439759276755,2564.365113549753,37291.699196260415,-35.83558726287412,8.573242287769194,-1430.5665078157317,0.1254030224292688,0.9918283826343909,-0.021670815447563344,0.008995394615602285
334.3,-14286.029049286539,2565.2228337480224,37148.60515289418,-36.345481798610685,8.58013169606544,-1431.2221275593229,0.11858501790924275,0.9923438200833982,-0.021532080165835535,0.026976022566066654
334.40000000000003,-14289.671628864864,2566.0809238012557,37005.44393309284,-37.08814645031184,8.579124711824164,-1431.9399117330586,0.11814266380168657,0.9920336516785597,-0.021546182290761016,0.038043487692861304
334.5,-14293.377618213743,2566.9385376296373,36862.209764235246,-37.40770909370415,8.570806619179505,-1432.738442560452,0.10148791503838027,0.9932257203731854,-0.021676790105542194,0.05227799021624424
334.6,-14297.150672106674,2567.7949321291394,36718.895338135815,-37.95263364230412,8.557114778207737,-1433.4692841166573,0.09297734616431982,0.9924578911701536,-0.021669705967449975,0.07689584642629248
334.70000000000005,-14300.963234449659,2568.6498185314094,36575.50554525238,-38.29181642856942,8.540147898544342,-1434.1678663075343,0.0923822055031662,0.9912616742252763,-0.021499931069723838,0.09167101113476424
334.8,-14304.795458231065,2569.503033414063,36432.05096284902,-38.28526590460277,8.524600414505642,-1434.773306489111,0.06590826814818333,0.9930258990889073,-0.021338285889814727,0.09539570998561356
334.90000000000003,-14308.612305677532,2570.354866212212,36288.53546252104,-37.972280674351964,8.513188238403394,-1435.4435970311877,0.08454879162347634,0.9930125830879443,-0.02129872013769022,0.07952280292164667
335.0,-14312.37942950573,2571.205928045418,36144.95552865157,-37.35916149674407,8.508221134273334,-1436.1163331841963,0.07826220523898197,0.9945520148838464,-0.021551354052378145,0.06539767625934494
335.1,-14316.079576641449,2572.056749849617,36001.30331103245,-36.61344803068023,8.51063488171937,-1436.8825456199195,0.09482281009308942,0.9915645304061863,-0.021851095058107017,0.08562094586706426
335.20000000000005,-14319.704571340531,2572.9082488636823,35857.573438805695,-35.88751921815074,8.520050482012294,-1437.595204772638,0.10181136696427615,0.991504415381357,-0.022101712275706224,0.07787781552291095
335.3,-14323.26409411656,2573.7609212093275,35713.77186181354,-35.68604824499869,8.533785327483839,-1438.2194381346987,0.11491251959885018,0.9918166873976356,-0.02210920246213144,0.051048551453621506
335.40000000000003,-14326.784994160966,2574.61497314324,35569.91332233676,-35.312715666161836,8.54693172631551,-1438.7189871670403,0.1037020773575465,0.9936883622288764,-0.021916952970477074,0.03672826016996626
335.5,-14330.306379525584,2575.4702096995456,35426.00558464994,-35.4548581434438,8.555901395416711,-1439.2285905778738,0.11501390830918137,0.9925938489514344,-0.021636289984911655,0.03257488104219193
335.6,-14333.864320288065,2576.3259224064045,35282.04439456838,-36.062013349727664,8.558359066307455,-1439.8998473073361,0.10988840711947365,0.9932509926988569,-0.02158582824072597,0.03018369597385588
335.70000000000005,-14337.485730522327,2577.181625705793,35138.01817876926,-36.967474166189525,8.554017441926902,-1440.5916271966516,0.10528841698751407,0.9930359143625771,-0.02166348195489592,0.04821530445754314
335.8,-14341.18088686907,2578.036555941708,34993.91720666759,-37.32700443457011,8.544505011787793,-1441.30582689471,0.08946209417976538,0.9931921486722965,-0.021712083519888643,0.07137559071491428
335.90000000000003,-14344.943514479399,2578.8904474234027,34849.74541351693,-37.874687902519625,8.53248922103945,-1441.9538130709088,0.08361882368063905,0.9927475607957563,-0.02157784919315662,0.0836335416237985
336.0,-14348.74397162736,2579.7430765686513,34705.5130017623,-38.0626219758489,8.520304649021929,-1442.4821254589515,0.06678915627213602,0.9948165660844475,-0.02142833328982685,0.07362088685165681
336.1,-14352.541775952783,2580.594609647231,34561.224377964754,-37.818751358164505,8.510963278760936,-1443.0934909347295,0.07003456080720541,0.9951274540737687,-0.021438620955072294,0.06600678732331998
336.20000000000005,-14356.295499076743,2581.4454034840915,34416.8754901843,-37.193655681282806,8.506722701323122,-1443.7599126000998,0.07769207526960993,0.9945205939165878,-0.021698165459693275,0.06649751372632207
336.3,-14359.973978632272,2582.296127046493,34272.45750193173,-36.357314508994975,8.508256817253887,-1444.4695115107775,0.09215764046613696,0.9930101614877728,-0.02200669878414541,0.07038106062262471
336.40000000000003,-14363.567343688885,2583.147249723149,34127.96892264409,-35.65162573161584,8.514842697611593,-1445.0578275520415,0.10544697609249627,0.9925127892592249,-0.02213359952122812,0.05752740357478097
336.5,-14367.091471617667,2583.9991523335593,33983.42197096349,-35.20973340009139,8.523124288817089,-1445.5194486197413,0.09277441354239842,0.9944799002762468,-0.02200889996086765,0.043797767761871685
336.6,-14370.582948408399,2584.851825676908,33838.83074707901,-34.98427978899434,8.529613041390878,-1445.98387122874,0.10414371112406937,0.9936649265645383,-0.02172141349402803,0.03622542400881606
336.70000000000005,-14374.088956869413,2585.704921880359,33694.19444109523,-35.41598877916423,8.532515611818514,-1446.5741461079797,0.08402336999058871,0.9957097374498368,-0.021668681500490963,0.03213503205276312
336.8,-14377.652192589509,2586.5581370871046,33549.50056977072,-36.35933598956048,8.532032065726757,-1447.2150389086826,0.08552146708022773,0.9955771497148223,-0.02173815848043305,0.03224391570568537
336.90000000000003,-14381.29705683478,2587.4111712719996,33404.739770124346,-36.87302812708057,8.528440853055518,-1447.855287850125,0.051860172060724755,0.9967106784802051,-0.02179351663397,0.05833856863247408
337.0,-14385.021485232623,2588.2637067065275,33259.91375589952,-37.538506896691295,8.52202817448084,-1448.3985055744201,0.0745357904405227,0.9950787619075653,-0.021609348728977705,0.06160933039258818
337.1,-14388.79190748723,2589.1154802683905,33115.034778288486,-37.7918613637558,8.5139856523416,-1448.9225500926584,0.06378448947284376,0.9946807455659312,-0.02146107054441163,0.0779818937586146
337.20000000000005,-14392.561726382586,2589.966478229607,32970.10439227426,-37.50950433078052,8.506335704248235,-1449.520303767151,0.09472597592366223,0.9931477915078465,-0.021559430953605865,0.06495879190189287
337.3,-14396.278794719414,2590.8167891853,32825.115199158485,-36.76934108620815,8.50074873222664,-1450.132852799142,0.08428785951124451,0.9945923069495771,-0.021928723573352696,0.05657588512939458
337.40000000000003,-14399.90952376174,2591.6667060301816,32680.060245135403,-35.8294054842058,8.4982312850444,-1450.6958375114664,0.0972354528820657,0.9936579182818892,-0.022126723513647046,0.05195783141233423
337.5,-14403.448861742374,2592.516495069873,32534.949983124872,-35.270799947355435,8.49822818527421,-1451.0888319964174,0.09755623982236607,0.9942343731766803,-0.022025872443159816,0.038673662986744864
337.6,-14406.927642058405,2593.366446730355,32389.800258030216,-34.716970666703475,8.500540264940595,-1451.4872411116562,0.083105791781493,0.9956785842411375,-0.021788773646961516,0.03525384516469986
337.70000000000005,-14410.398177434421,2594.2166710130778,32244.612395789492,-34.95905204378643,8.504769552218045,-1452.017706484004,0.07312545228509852,0.996654457224087,-0.021718210585273137,0.029340764346451855
337.8,-14413.91972573787,2595.0674056832204,32099.373889942755,-35.91515467158988,8.510494716395694,-1452.602475035358,0.06359036239160004,0.996988718071494,-0.021802590494929407,0.03865758524241389
337.90000000000003,-14417.523207346296,2595.9186971324966,31954.074185576283,-36.523474351134425,8.514955524815688,-1453.0325838021809,0.06085662852665156,0.9961700938941765,-0.021765027366276727,0.05888886464334445
338.0,-14421.216668385307,2596.7702600392754,31808.71889189442,-37.28003145150652,8.515324996089708,-1453.4985527115794,0.07092161590015031,0.9949095104444514,-0.02157692976057271,0.0682614571145445
338.1,-14424.962120815782,2597.6215000943193,31663.318994031342,-37.514053785830704,8.50969416618912,-1454.0048928794338,0.08318763715290887,0.9946674377390358,-0.02154516988038988,0.057029036300840545
338.20000000000005,-14428.699654172518,2598.4720607852537,31517.870098464933,-37.11914835913237,8.498472404308874,-1454.5611644899634,0.08624099496080385,0.9946102374525887,-0.021807950579999815,0.053267059560070114
338.3,-14432.368686207641,2599.321257623692,31372.364250271694,-36.21952796597933,8.485220731850506,-1455.0177051613725,0.09152859313063577,0.9945376764191164,-0.02208967315434525,0.04504856448684509
338.40000000000003,-14435.939223486028,2600.1692489459183,31226.805504580756,-35.55576115174577,8.474931380249082,-1455.3344224427692,0.07277686982458388,0.9968154481643265,-0.022092219071748378,0.023967131158616074
338.5,-14439.422677879857,2601.0165037699944,31081.211104587346,-34.619141346006735,8.471740678022083,-1455.7144464402536,0.07097802814019472,0.9969093623510028,-0.021832874304860115,0.025635295548032646
338.6,-14442.869373860598,2601.8639463130876,30935.58620994031,-34.57650574114808,8.479003709706237,-1456.2156798254996,0.055746953750809784,0.9979626996394146,-0.021746237128763612,0.022132068286906045
338.70000000000005,-14446.347389952005,2602.712587656284,30789.918122975992,-35.45320429412576,8.49502726227937,-1456.6994531194823,0.057305860073391286,0.9969226060799432,-0.02176837932059116,0.04886198470977651
338.8,-14449.911176379464,2603.5628821199475,30644.196738319286,-36.133752384224174,8.510092740881896,-1457.1226608069678,0.07122398483264687,0.995446558325434,-0.02166951619570901,0.0595291993096752
338.90000000000003,-14453.57033946902,2604.4141990345365,30498.430286086877,-36.98442921484314,8.514246725856774,-1457.565950809301,0.07622400617769864,0.9950830535895249,-0.021516857031888974,0.05946967466396868
339.0,-14457.288208457116,2605.2652155382157,30352.62552239014,-37.24951979661029,8.502512282528084,-1458.0185434865182,0.08741253512600723,0.9950083428485504,-0.021632653319742637,0.043005519122248995
339.1,-14460.993833572085,2606.114354381557,30206.77556332547,-36.74516739542879,8.478849934205616,-1458.4382308390816,0.07792722538166966,0.9962064497757888,-0.021997475132058398,0.031877391004406834
339.20000000000005,-14464.61925469309,2606.961014777787,30060.877288041967,-35.71645577673893,8.455391701766453,-1458.698553230956,0.06355147791582436,0.9974302421733715,-0.0221333750099303,0.024581199388024843
339.3,-14468.137392639934,2607.805936742325,29914.945780724214,-34.85264137376804,8.445175523400838,-1458.9776183490842,0.06570347052112124,0.9973099810929782,-0.021913177184935056,0.023993087326670555
339.40000000000003,-14471.577591837666,2608.6507222648856,29768.991768388885,-34.27607818857876,8.455454446992919,-1459.3907473269985,0.060018453375889055,0.9974376678743333,-0.021754458422111513,0.03228974293080695
339.5,-14475.012614247593,2609.4975016535845,29623.004915987178,-34.85587228432207,8.481395045625362,-1459.7909211211413,0.06447725373720951,0.996720642062418,-0.021745219787611434,0.04379258902573878
339.6,-14478.519651095683,2610.3469832240007,29476.973188278203,-35.584486732354264,8.50633238400099,-1460.1498424467875,0.06748214400976138,0.996009026711723,-0.02164637032330724,0.05425507902895675
339.70000000000005,-14482.130590009307,2611.198123513456,29330.903540269363,-36.59017684808598,8.512220862692315,-1460.5376932293145,0.07352126497130927,0.9959043684842346,-0.021525434876707876,0.04801841401384319
339.8,-14485.8171179556,2612.048537780288,29184.801658755667,-36.99138057156912,8.491532974938035,-1460.9315800667882,0.0726820455186387,0.9967979707062377,-0.021731051307805425,0.025276219341722053
339.90000000000003,-14489.500058516092,2612.8958822058416,29038.660192884414,-36.52214088434379,8.454524631229807,-1461.198089995663,0.06113554323747294,0.9976925881631763,-0.02206459652348712,0.019623925641356572
340.0,-14493.101561745732,2613.739657965441,28892.481056301564,-35.434090530873654,8.424862812533329,-1461.450337194891,0.05352052516771578,0.9978974515263326,-0.02206891940052265,0.029140906291942693
340.1,-14496.589348042266,2614.5818494090763,28746.28077075182,-34.49831883891514,8.42298574108001,-1461.6494947971933,0.0669058423174358,0.9971914527720745,-0.021828837562095603,0.025618677421004328
340.20000000000005,-14500.004692548906,2615.4253561086884,28600.062184580383,-34.18110425866089,8.452132176413004,-1461.9311391260069,0.06471194748912272,0.9967785585599029,-0.02173830834753102,0.0420988716902808
340.3,-14503.434365094892,2616.2725822409498,28453.81133286237,-35.0094755131476,8.491486778978706,-1462.1141182921847,0.06797430532594255,0.9961008876362543,-0.02168178843724479,0.051888491169858365
340.40000000000003,-14506.95458884062,2617.12293144464,28307.525933885026,-35.76685638249616,8.510097412877753,-1462.1452414167977,0.06747471285176572,0.9968326835106817,-0.021561611256231683,0.03615053430448523
340.5,-14510.579591258953,2617.9732710629237,28161.214953778563,-36.62538108329908,8.489995564987009,-1462.317164387358,0.058067813230676356,0.997902637543479,-0.02167514596512427,0.018671986979585175
340.6,-14514.24972730065,2618.820037076875,28014.875139092233,-36.60453444181603,8.442978658456903,-1462.558469787738,0.05923383022179692,0.9978217596073327,-0.021981830372132225,0.018970728633143103
340.70000000000005,-14517.868703537315,2619.662150473184,27868.505370336046,-35.6723641446156,8.403681464872113,-1462.8258759434254,0.05170766849887425,0.997889509818014,-0.022029523364131894,0.032519891050298476
340.8,-14521.37465385287,2620.502118514182,27722.121309380243,-34.64498752751447,8.403583808045202,-1463.078619981994,0.06115760383179656,0.9973449448851567,-0.021816881575529867,0.03296713642244954
340.90000000000003,-14524.785733489585,2621.3442289123946,27575.727306947305,-34.02637822661877,8.443626817564827,-1463.211582241567,0.056640347914554225,0.9977193738718896,-0.021745065790062867,0.029581651451343154
341.0,-14528.189897224353,2622.19102135701,27429.310087256097,-34.62892441529672,8.489208413676012,-1463.3032435443522,0.059090076088825084,0.9975140857900805,-0.021673047418642087,0.031690543917487074
341.1,-14531.680073638217,2623.0407895307867,27282.86896822947,-35.49823005642938,8.498021725187051,-1463.333650171709,0.06310865256648603,0.9973581622196294,-0.021569180066641214,0.02878827359149161
341.20000000000005,-14535.280877358631,2623.8889299652465,27136.410430184103,-36.39738231983489,8.457463316657085,-1463.2949050558893,0.056916969669778876,0.997927111812499,-0.021763914059557226,0.02069468815859736
341.3,-14538.924870866504,2624.7316970892384,26989.930303375404,-36.28543784337363,8.39911286523459,-1463.4207761007735,0.05558512047915661,0.9979664570634537,-0.02200210141537202,0.022116792055882975
341.40000000000003,-14542.505295674677,2625.569851071479,26843.43419142041,-35.28812975111403,8.37356903323458,-1463.4704314865319,0.05879588355023808,0.9976686136367967,-0.02190588149988096,0.026842388069843248
341.5,-14545.964967405358,2626.4082842493285,26696.93632323532,-34.20145815250923,8.403653180758555,-1463.5270673197556,0.05063278181275611,0.9982216364740709,-0.021773454288735106,0.02271128726571875
341.6,-14549.346701468625,2627.2515458404678,26550.43111006199,-34.081076273386735,8.46009949698451,-1463.4457989895898,0.048417557650110604,0.9982784097252354,-0.02173526438130082,0.02497068421025689
341.70000000000005,-14552.759225030073,2628.0992134165813,26403.91059341097,-34.618099587263394,8.484098456767482,-1463.3926829049308,0.054881336384651834,0.9978572542463278,-0.021624673515350766,0.028307464739332776
341.8,-14556.282261747476,2628.946236275545,26257.381316999777,-35.806165259158355,8.446356782383246,-1463.311111709295,0.05644844560616457,0.9978388554340244,-0.021702479152353137,0.025694240082276727
341.90000000000003,-14559.894124168957,2629.787438634853,26110.84263651918,-36.22906285058225,8.378472284185971,-1463.138018426117,0.050270524166977686,0.9983903846552331,-0.02191503018807304,0.014465326813060125
342.0,-14563.485785548946,2630.6231902152836,25964.2982514753,-35.42831055049488,8.347198220877898,-1462.968679148559,0.05640868165384653,0.9978685209159938,-0.02183784474975441,0.02448640716168156
342.1,-14566.962244250695,2631.45918783354,25817.76245370655,-34.32854623681233,8.382385231506808,-1462.6981654288975,0.04534600950923373,0.9984415791793044,-0.021733910098503888,0.024203089458896713
342.20000000000005,-14570.336719741656,2632.3005056644715,25671.231404652503,-33.891607170860645,8.44164683056438,-1462.4212739026182,0.04848781502017975,0.9982647567910242,-0.021719167028205175,0.02539064644956788
342.3,-14573.721318183814,2633.1459229210814,25524.697811219154,-34.305627975211145,8.4543613668352,-1462.228880094595,0.05313299962355333,0.997798372773873,-0.02165183234549796,0.03326394139150136
342.40000000000003,-14577.215308960325,2633.989070425136,25378.16675658689,-35.55218182377367,8.399469634742093,-1462.006742614038,0.05016422094771525,0.9982289418447428,-0.02175954339374298,0.02343187725150976
342.5,-14580.802170029632,2634.825390699936,25231.637630772926,-35.95650686740162,8.332105143997014,-1461.7592941307498,0.044710437924567414,0.9986030463496778,-0.021867273575069693,0.017741333324462663
342.6,-14584.36228462878,2635.6575904653414,25085.118324490166,-35.049954993686534,8.325070383957176,-1461.380028592588,0.047701250572556655,0.9984254281897663,-0.021745868849211626,0.01995926416200536
342.70000000000005,-14587.799155794333,2636.4925338057074,24938.61905393658,-34.01138400946589,8.3793934406887,-1461.0190117073985,0.04737481030353242,0.9981622374830452,-0.021704915495609173,0.03093010919595627
342.8,-14591.15028338039,2637.333047634639,24792.131684747463,-33.762218117534296,8.422310036549513,-1460.6854996316465,0.047544332316836954,0.9980924371327384,-0.021700760219035525,0.032864881087455874
342.90000000000003,-14594.544432132398,2638.174616677771,24645.654787578762,-34.52505852194013,8.397269124259369,-1460.326720245036,0.04813348232361103,0.9982137619012308,-0.02171065593311285,0.027948181503445874
343.0,-14598.057197763297,2639.0109774459634,24499.191189764253,-35.602663923907215,8.328864411018149,-1459.8758588050446,0.042386222049112035,0.9987467818096718,-0.021825942827315863,0.015228336249442148
343.1,-14601.620318919515,2639.8416326973456,24352.7435727148,-35.41180675699069,8.295981935513076,-1459.394671937883,0.04471915977284669,0.9985429671729235,-0.021760013431093246,0.020943764565693343
343.20000000000005,-14605.102376768758,2640.672623417334,24206.323853411363,-34.47289351991445,8.332711622238548,-1458.8780846967315,0.04888781738562552,0.9979095804011769,-0.021680800338719605,0.03628213818794645
343.3,-14608.465075709768,2641.5085994732162,24059.93021235217,-33.68835239240224,8.381929395332605,-1458.3163268995324,0.043389003026207615,0.998304682389153,-0.021717401097817852,0.032148250743086776
343.40000000000003,-14611.812910848137,2642.34686537792,23913.558123193925,-33.876733446449904,8.370421979958786,-1457.8303008894852,0.042780289248146426,0.9985018980912281,-0.021726067229902227,0.02630179390804771
343.5,-14615.26243230344,2643.1807817463377,23767.21140856012,-35.08341011285656,8.305187381430985,-1457.3336801948276,0.03782758399611159,0.9988586667883139,-0.021817501852055995,0.01935030448919267
343.6,-14618.795549714432,2644.0089299087713,23620.89314763793,-35.32220849421154,8.269393263119,-1456.7549192051556,0.04460668790227492,0.9985230352023117,-0.021770449986959345,0.02209160637249822
343.70000000000005,-14622.279787531827,2644.837143903056,23474.615487824907,-34.28027855769692,8.304139772478388,-1456.0624150957356,0.04276769901779669,0.9981786801978909,-0.02169579246750626,0.03659971186125398
343.8,-14625.6424341776,2645.6701143983855,23328.378227538757,-33.48118505675527,8.348754178531816,-1455.3874910702687,0.04032590964064116,0.9984864202670201,-0.021715750788533522,0.030448575035578525
343.90000000000003,-14628.971077290482,2646.504608726913,23182.177414340083,-33.61493364329651,8.328651444553486,-1454.7455608672533,0.04218167408726862,0.9985941901187703,-0.021734077699097878,0.02362159390901689
344.0,-14632.392662476403,2647.334371177238,23036.01612757445,-34.794374243380226,8.266688248455567,-1454.0399662163527,0.03801994228334539,0.9987461518578525,-0.02180906984688227,0.024186207026240202
344.1,-14635.895028434263,2648.159534288732,22889.899199985048,-34.985344248466845,8.248780032249588,-1453.2221807131325,0.044344982280595954,0.9984091348620083,-0.021746605554066975,0.02719939553566545
344.20000000000005,-14639.34415345253,2648.986183318925,22743.837380825757,-33.866601213971656,8.289044405761196,-1452.3682878575798,0.04075480969763992,0.9983385329676392,-0.021705098449326162,0.03446893934886593
344.3,-14642.679246055935,2649.816740835048,22597.828000646034,-33.12162377532938,8.312347353732276,-1451.5597129367452,0.043990725040451324,0.9984033242356302,-0.021709935614249755,0.028005302378004856
344.40000000000003,-14646.00476893954,2650.646412873561,22451.86963670409,-33.68101308784562,8.272650689790916,-1450.7082636828504,0.041229932185794224,0.9986620879926079,-0.021759740732308748,0.022374994557817166
344.5,-14649.428614288558,2651.4710686894277,22305.96531051992,-34.694701859012746,8.227234749859866,-1449.7534635561528,0.036602799511443566,0.9986945384659277,-0.02179071015433205,0.028188984678811757
344.6,-14652.897399768051,2652.2939486368477,22160.12416098212,-34.420057962124545,8.240250443607138,-1448.7403093527294,0.04006450795543101,0.9982924958832241,-0.0217177622390697,0.03654130086435405
344.70000000000005,-14656.281072839087,2653.1199020154086,22014.35246628357,-33.25173308509363,8.275346001464841,-1447.7521003100335,0.038935827597467595,0.9985101111105533,-0.02171562287423954,0.031464123418181035
344.8,-14659.581455508926,2653.947225279034,21868.646986932163,-33.01886912055721,8.260657846392547,-1446.7130325660792,0.040394565026985615,0.9986615572868985,-0.021735874686176153,0.02389403409250981
344.90000000000003,-14662.92782425761,2654.7708673724856,21723.010433523108,-33.99080879060224,8.213437782930175,-1445.563948864488,0.034695959077047284,0.9987129338030907,-0.021787741772726195,0.029899173677417342
345.0,-14666.360194040399,2655.5913750757036,21577.449430561588,-34.421068341695424,8.206808289730956,-1444.3554794972106,0.03897135762224797,0.9984565948313607,-0.021739871631983185,0.03306114795749807
345.1,-14669.763570298897,2656.4135612051105,21431.973024155854,-33.50450894341744,8.236969270088931,-1443.160669748695,0.03750033236213683,0.9985598899909204,-0.021719231380728347,0.031625087545815014
345.20000000000005,-14673.06845956431,2657.2375516414545,21286.580084999525,-32.79761913063616,8.23331572144212,-1441.9050115859923,0.038785272690501256,0.9987065570896544,-0.021732649332631117,0.024669969627811414
345.3,-14676.371093783267,2658.0588922270194,21141.271652511186,-33.436804076710224,8.192456829777303,-1440.544174789668,0.03513371996802756,0.998759301906328,-0.021778506952591432,0.027770041622382377
345.40000000000003,-14679.75720264758,2658.8770887458004,20996.05300183542,-34.114543709279175,8.180173460250083,-1439.1510310301871,0.03864738478052223,0.99843975590543,-0.02174607524790292,0.03393437325845653
345.5,-14683.147428645127,2659.6961670147407,20850.93347777948,-33.49307944801171,8.202226313051177,-1437.7521762163735,0.037898389538514536,0.9986004947432302,-0.021723843931554045,0.02981339587836933
345.6,-14686.449251241438,2660.5165716385727,20705.914535669493,-32.68814380294539,8.197940754474791,-1436.2734773550687,0.039970558585428466,0.9985949690518275,-0.021735491696129247,0.027166351088729543
345.70000000000005,-14689.729710514981,2661.3346605174247,20560.997943063314,-33.11815822479381,8.163436810378174,-1434.7093106305767,0.037607101582363724,0.9987379058384175,-0.021774623288893416,0.025182675248927006
345.8,-14693.08100213032,2662.1501808864223,20416.19102659501,-33.77463375992012,8.154005536769342,-1433.1381342257787,0.03761551448330216,0.9984955180355263,-0.021743677550949393,0.03345124840245778
345.90000000000003,-14696.441629725428,2662.9663294055267,20271.503171356493,-33.24762828890104,8.168414984561288,-1431.5264620942337,0.03726391719651016,0.9986527850851324,-0.02173091207787714,0.02884064453412082
346.0,-14699.723835682553,2663.7829241226336,20126.935479200663,-32.53711847035459,8.157251033605867,-1429.8211916482944,0.03780802943976494,0.9986443082842335,-0.021748716328408784,0.02840936077163991
346.1,-14702.990331277804,2664.597167565212,19982.4910610586,-32.96353080652839,8.129214605787315,-1428.062026880645,0.03918529954461055,0.9986035681398988,-0.021769206271160118,0.027955816142360493
346.20000000000005,-14706.318272157141,2665.4096894398876,19838.178112751513,-33.44200897417586,8.12615354523577,-1426.2647348266803,0.03625203650230418,0.998611794823777,-0.02174016579301482,0.03142671283418593
346.3,-14709.638671541845,2666.2226888974246,19694.004234848922,-32.83223283875639,8.131349882205066,-1424.3711178910899,0.03832236512894247,0.9985990749095397,-0.021738660810492496,0.02930383160785863
346.40000000000003,-14712.890432544547,2667.0350799111034,19549.96993357254,-32.375201169038746,8.112972488362914,-1422.3906827616586,0.03644451523554134,0.9987008514796394,-0.021764109180597485,0.028190958030275912
346.5,-14716.149678388258,2667.845263565765,19406.080340617802,-32.89469338727766,8.094467227286092,-1420.3750232110056,0.03709501358924678,0.9985328628626072,-0.021757836486790097,0.032904077279774124
346.6,-14719.454548215506,2668.6551388416906,19262.343725480358,-33.01779844720281,8.105856520989276,-1418.2799738840195,0.03801602488101276,0.9985623889214361,-0.021739303821342433,0.030908574103703408
346.70000000000005,-14722.724229813295,2669.465861540215,19118.76438972715,-32.35351901473381,8.102239372046375,-1416.0917971566644,0.03662646744576914,0.9986452389065371,-0.02175377967205849,0.029882465790637334
346.8,-14725.94840970818,2670.274805547667,18975.3450657005,-32.307198099871826,8.077440803811445,-1413.8620938353633,0.03817505500244541,0.9985257625961073,-0.02176579208918222,0.031862468550835146
346.90000000000003,-14729.203932293423,2671.0822764631494,18832.091442295365,-32.75420814779945,8.077008639133592,-1411.5635485205457,0.0374779607021181,0.9985297963078713,-0.021746699943241066,0.03256884076153103
347.0,-14732.47064931146,2671.8904536660184,18689.012737096204,-32.43854992208387,8.084017899336116,-1409.1737732074857,0.03716722192580873,0.998570299271938,-0.021746739798458817,0.03167071730175674
347.1,-14735.687279214115,2672.6983676736895,18546.112245865745,-32.003061556641235,8.072115866393048,-1406.7377665462054,0.03827354568195208,0.9984996396698593,-0.021759050890368982,0.03255992912220757
347.20000000000005,-14738.898666999687,2673.505081925805,18403.396627507802,-32.30205084092325,8.065394144943284,-1404.2363199810713,0.03734228255646418,0.9984788875825943,-0.02174895979596627,0.03424102412445423
347.3,-14742.137453861737,2674.311941261725,18260.87647453026,-32.33534571748512,8.07196098243834,-1401.6494690975735,0.03745641910463231,0.998491567888423,-0.021739901841874947,0.033748810223217525
347.40000000000003,-14745.346277384699,2675.1191407791393,18118.556565523624,-31.84754366764675,8.070127638667383,-1399.0145760238624,0.03800033183152347,0.9984715779015002,-0.021750102585433542,0.0337255977130942
347.5,-14748.52740221875,2675.9259196841863,17976.442886690143,-31.892918650329076,8.066902665593945,-1396.3123158163717,0.03793870226657351,0.9984268300836301,-0.021746919962428238,0.03509403527139481
347.6,-14751.72963923822,2676.732868492733,17834.544817815095,-32.0676129121948,8.072983171757945,-1393.5249117149453,0.03767118550912307,0.9984371487450769,-0.02173547873127157,0.03509573695565761
347.70000000000005,-14754.91944595875,2677.540460357555,17692.868593545314,-31.678694056040452,8.07797378053393,-1390.669139375645,0.03827158033787753,0.9984341911006577,-0.02174253694542067,0.034521214735200575
347.8,-14758.07591743409,2678.348375487108,17551.41966580538,-31.55987891859949,8.080727584696913,-1387.7249775632922,0.039626309232516796,0.9983244926702319,-0.021740610184806147,0.03612905783611424
347.90000000000003,-14761.242429444177,2679.1567793557238,17410.206160862585,-31.727356778562555,8.088315255055356,-1384.6889471215845,0.039214785109701535,0.9983469147064287,-0.021730286863497306,0.03596433174389266
348.0,-14764.403721513254,2679.966140012966,17269.235006616316,-31.43304100835908,8.098819453687298,-1381.5820216073444,0.040100401466015706,0.998312766809274,-0.021734615941405442,0.035933047432077286
348.1,-14767.533788715695,2680.776230568007,17128.511455206597,-31.256382939282318,8.09900807881089,-1378.384855829326,0.041334644100627045,0.9982073720609737,-0.021732509720178525,0.03743244022852092
348.20000000000005,-14770.666188442472,2681.5860274033002,16988.043716615768,-31.370334894573954,8.102030501745093,-1375.106724943767,0.041109426957445426,0.9982371670385005,-0.02172423774356552,0.03688673003452705
348.3,-14773.793558204678,2682.3973733410876,16847.837940020134,-31.11855287056324,8.123606893528773,-1371.7547223260879,0.04250626480060427,0.9981324101317147,-0.021726232083209226,0.03811666481766304
348.40000000000003,-14776.892976836958,2683.209883420267,16707.899854929678,-30.94006765090394,8.123633926109834,-1368.3150645093274,0.042573118703481724,0.99809194080523,-0.02172425976199693,0.03909045665250959
348.5,-14779.99051123929,2684.0224866093613,16568.237422522445,-30.991722474773095,8.133108887638427,-1364.8020235372085,0.0429076380907234,0.9981029269174007,-0.021727171916106618,0.038437115824697325
348.6,-14783.079712267543,2684.8366788792937,16428.858061628343,-30.74932776509466,8.14739898941411,-1361.2068300966735,0.04382798358801973,0.9979887198913304,-0.021748904149794954,0.04030642619428044
348.70000000000005,-14786.144122044907,2685.6514155926516,16289.76982031349,-30.59739502322714,8.148066572876168,-1357.5209713576749,0.0436495636262348,0.9979955495924243,-0.021751839799444988,0.040329344828464904
348.8,-14789.204356320419,2686.466907394424,16150.98265588954,-30.572689425701146,8.16372191117183,-1353.752394982878,0.04452737746022519,0.9979542016133652,-0.021762863257780544,0.0403869028469472
348.90000000000003,-14792.24912256934,2687.2838308150117,16012.503410160823,-30.307554998538624,8.171493376818896,-1349.8929479410835,0.04484707014636426,0.9978909415814686,-0.02178003972537042,0.0415696870146785
349.0,-14795.272393120416,2688.1011020675573,15874.34062928491,-30.200880495686672,8.176578595550737,-1345.9518799923349,0.045130258915793704,0.9978910003519409,-0.021782109892032577,0.04125955447466361
349.1,-14798.2891728897,2688.919656515234,15736.503078348482,-30.092622861157377,8.19491904477082,-1341.9267558605752,0.04652850982052319,0.9977853630344706,-0.021798755114772996,0.04224075476950278
349.20000000000005,-14801.28482193961,2689.7395103424615,15598.99850465746,-29.83151834868329,8.199559039649056,-1337.8189955116566,0.046051044719184704,0.9978050365971366,-0.02180879801856182,0.042294048643324485
349.3,-14804.26221390174,2690.559845063329,15461.8347158294,-29.734113197051478,8.210614256515903,-1333.6329471887623,0.046959021181481785,0.9977488914101662,-0.021816184158307623,0.04261518659154501
349.40000000000003,-14807.227485362648,2691.381759311821,15325.020277017746,-29.53557722990984,8.224953680017821,-1329.3626210825178,0.04707887686344388,0.9977189718724397,-0.021833234212981237,0.043171082947727965
349.5,-14810.168312707548,2692.204478193435,15188.56202761657,-29.308601487416585,8.230923114700392,-1325.008239515934,0.047242961230939434,0.9977083336297766,-0.021833120033113086,0.04323769755023781
349.6,-14813.093082291347,2693.0284798655575,15052.470028789556,-29.175193535788992,8.249416161071036,-1320.5571968262122,0.04794819755811041,0.9976444703250786,-0.02183998268180713,0.04392603256817121
349.70000000000005,-14815.998056526296,2693.8539090354225,14916.75203309803,-28.9135232576018,8.257635916457417,-1316.0184319188288,0.04780112492029591,0.997645296435505,-0.021847165466273074,0.04406377557083345
349.8,-14818.879298532584,2694.680314974044,14781.416836570497,-28.734660755401155,8.272921471498877,-1311.3894206114296,0.04854292479122528,0.9975740007506878,-0.02184809364853018,0.04485931656752165
349.90000000000003,-14821.743565474153,2695.5085051380374,14646.473443940744,-28.52179625807208,8.29202432912308,-1306.6738433016942,0.048484840213523554,0.9975591259809162,-0.021858121673580668,0.04524635851162436
350.0,-14824.58165262373,2696.3393042020953,14511.930346065128,-28.25884415776179,8.324336360188548,-1301.8737958622498,0.04836006991664729,0.9975380821672314,-0.02185969114688359,0.04583919901941625
350.1,-14827.398571214864,2697.1719586616664,14377.7950810079,-28.07094817017115,8.362909636711715,-1296.9868578019343,0.04828591646904035,0.9975127313711393,-0.02186793855735081,0.046460889858957584
350.20000000000005,-14830.19178981995,2698.0071298210087,14244.0760686335,-27.787160357835514,8.399665527070459,-1292.0130485263564,0.048666860678492914,0.9974755865756105,-0.021871717914894187,0.046857430710540854
350.3,-14832.958805497487,2698.8452957560594,14110.78136829551,-27.565071043135422,8.439428730783977,-1286.940400630665,0.04881649080307644,0.9974643179483991,-0.021873515865603398,0.04694074934516212
350.40000000000003,-14835.702820726816,2699.6865275453565,13977.919803417066,-27.297513507983112,8.492094737479857,-1281.7738720339696,0.048706167799784164,0.9974725630749408,-0.021860626900093334,0.04688611865469778
350.5,-14838.41830155709,2700.5320349951526,13845.50018722615,-27.026846942924116,8.532396290666316,-1276.5104810609428,0.048831831932299084,0.9974829366286966,-0.021856203082871412,0.046535467243038475
350.6,-14841.108866985393,2701.3811525237115,13713.53259195876,-26.771806320029757,8.586837743560167,-1271.1576570288616,0.04894661446101743,0.997488767818863,-0.021848023355715274,0.04629309757900086
350.70000000000005,-14843.771031340142,2702.234657212724,13582.024877122363,-26.47552078945228,8.633005378592932,-1265.7126751085307,0.0487064740430335,0.9974914831392376,-0.02183959492419086,0.04649142441920663
350.8,-14846.405194978111,2703.0918652145406,13450.986787752658,-26.20522018543346,8.689497207046713,-1260.1808633328085,0.04849448157696634,0.9975136993547652,-0.021834434105276305,0.04623810488606371
350.90000000000003,-14849.010421769062,2703.9546682506334,13320.425230415009,-25.896831495812375,8.734959286599317,-1254.557068545688,0.04812082235861284,0.9975284833603603,-0.02182475546114818,0.046314051748593196
351.0,-14851.585848134302,2704.821707266242,13190.349834155053,-25.614707486043415,8.795536808293477,-1248.8444381953768,0.047775874960431286,0.9975502815485753,-0.021818849032104338,0.046204322103430895
351.1,-14854.13171037607,2705.6945524525518,13060.769955177371,-25.295977702515057,8.844474322567997,-1243.0415267789824,0.047617264289556115,0.9975545489910459,-0.021805863693598212,0.04628198610070415
351.20000000000005,-14856.645857874422,2706.5718994055733,12931.694763240588,-24.992441610122135,8.900715752681048,-1237.1543392113801,0.04737040162945477,0.9975798526487799,-0.021801884719599384,0.045990873674850934
351.3,-14859.129332007586,2707.4552308982975,12803.1329945531,-24.669227168423856,8.954835248430285,-1231.1828485572344,0.0473954015056404,0.9975887699347962,-0.02178976159695423,0.04577694076330739
351.40000000000003,-14861.581491349822,2708.343209661133,12675.09538899997,-24.383537676855344,9.009931977455986,-1225.1311717685517,0.04724896177182033,0.9976130980267875,-0.021784823194440868,0.0453989398033403
351.5,-14864.003375355884,2709.2371688492476,12547.5911239946,-24.042805944939136,9.072738103986111,-1218.998692454205,0.04692961495798677,0.9976399319393581,-0.02177411219645191,0.045144938564409605
351.6,-14866.392067384797,2710.136182371828,12420.628333508907,-23.742590802417062,9.126151896990821,-1212.7843047419585,0.0466498464571927,0.9976686674531456,-0.02176834816257403,0.044801348484814825
351.70000000000005,-14868.75028295575,2711.0410374118574,12294.215979433795,-23.410981519880245,9.191947579943314,-1206.4921080787842,0.0467823358916912,0.9976746494093546,-0.02175891334511317,0.044533769933367356
351.8,-14871.07547703413,2711.9510881225333,12168.364370173822,-23.10245305571544,9.24798321126451,-1200.1234449867063,0.04664718626450734,0.9976800875521195,-0.021757933048166075,0.044554183474408336
351.90000000000003,-14873.369842972916,2712.866764433069,12043.082210447077,-22.775865980447694,9.316406264571256,-1193.6830637325802,0.04624377970122566,0.9977087799057898,-0.021751455209347105,0.044334834319311525
352.0,-14875.631438043714,2713.788310604185,11918.377274358385,-22.463659323543393,9.37690875410953,-1187.1710588209578,0.04598233138582349,0.9977290835697624,-0.02174980270747003,0.04415027838589957
352.1,-14877.861898191253,2714.7155937049374,11794.259858472165,-22.139206060814395,9.429264320530184,-1180.587530132732,0.045930867399060216,0.9977409766686094,-0.021743809046085527,0.04393752000860691
352.20000000000005,-14880.059890373444,2715.648876087083,11670.737421860074,-21.82579911628666,9.495104239686684,-1173.934578013824,0.04589111536310375,0.997751139419459,-0.021741209378046997,0.04374916150832377
352.3,-14882.226290125758,2716.588096285674,11547.817791708769,-21.49947184243356,9.547899771284666,-1167.213456600904,0.04590130053315694,0.9977619283161226,-0.021736972616088236,0.043493781552590434
352.40000000000003,-14884.360487045638,2717.5336844707867,11425.51045115192,-21.18638449902613,9.604755862385334,-1160.428425055889,0.04581272582050853,0.9977843419281067,-0.021734296502760778,0.043072282404350876
352.5,-14886.462955004437,2718.485563947565,11303.822301842752,-20.86180558976118,9.658242897627266,-1153.5812068436112,0.045851898154997836,0.9977855150955315,-0.02173009471789651,0.04300549133168366
352.6,-14888.533396129122,2719.4427325071592,11182.762059654391,-20.546250836039334,9.708047061252694,-1146.6727099173338,0.04574985694926683,0.997798914024673,-0.02172655851335914,0.042804607409372294
352.70000000000005,-14890.570992378987,2720.4064103916858,11062.33714542837,-20.20992857187221,9.759368000190737,-1139.6994817857683,0.045733652785083734,0.9978113303189186,-0.021723138088887924,0.042533367627010085
352.8,-14892.576455130646,2721.3754226252554,10942.554628619358,-19.893719370806128,9.805686109086695,-1132.6633736314052,0.045661142832428274,0.9978247615274521,-0.021719244174942053,0.04229751470700204
352.90000000000003,-14894.548823306968,2722.350314713362,10823.421837603455,-19.558643255927784,9.852130623139278,-1125.5681576926268,0.04560756093478071,0.9978374147031642,-0.021720061315619696,0.04205571471906699
353.0,-14896.488611023631,2723.3303036667785,10704.946831286175,-19.231563317696732,9.892767544146839,-1118.4163269758506,0.045519517652533675,0.9978519471843443,-0.02173167403055824,0.04179951383596171
353.1,-14898.394830415098,2724.315303966311,10587.136281750798,-18.89715355531416,9.934163197387099,-1111.20984279118,0.04543457120141953,0.9978652641160429,-0.021737279254900956,0.0415704835304753
353.20000000000005,-14900.267961748012,2725.305224023946,10469.995742985056,-18.56006974909328,9.967021033960421,-1103.9462935082224,0.045346835390094035,0.9978797193555805,-0.021746422064876186,0.04131371862115477
353.3,-14902.106919421645,2726.2995870916548,10353.533142250759,-18.222842318748242,10.00018520788122,-1096.6270590128229,0.04527125479715968,0.9978925475212362,-0.021754218821286385,0.04108200401810351
353.40000000000003,-14903.912176867785,2727.29825282009,10237.754192391865,-17.879030774449223,10.028500175329292,-1089.2553029023177,0.04513552005052347,0.9979094201598827,-0.0217614581223286,0.040816821609791366
353.5,-14905.682930579795,2728.3008986856316,10122.665738926653,-17.53796971850031,10.051575363035656,-1081.8340585706362,0.04503853982624434,0.9979247307097162,-0.02176827269141372,0.04054508690695512
353.6,-14907.419303238634,2729.307184440475,10008.273820491033,-17.188577874770342,10.078272979449935,-1074.3663949315203,0.04489221859223867,0.9979440088423691,-0.0217736354167963,0.04022875496736769
353.70000000000005,-14909.120914617195,2730.3166240480496,9894.572493121428,-16.842068043288798,10.110955443763695,-1066.852059368889,0.044655490819794155,0.9979718651540288,-0.021780305751152217,0.039795248234162126
353.8,-14910.787545910876,2731.329017293861,9781.578988150164,-16.49146680160888,10.136302751036336,-1059.294018042805,0.04444584489580169,0.9979966867869295,-0.02178633132119231,0.03940223091873074
353.90000000000003,-14912.419074676007,2732.343935068797,9669.30123596072,-16.13891862928587,10.160567178118342,-1051.6948962989297,0.044198352190110805,0.9980237123231199,-0.02179244167547956,0.03899057309501781
354.0,-14914.015302781438,2733.36091688755,9557.742687910128,-15.785424506127548,10.179379968317118,-1044.057578598408,0.04375032273804095,0.998057175801274,-0.02179958385110255,0.03863368007090131
354.1,-14915.576083100392,2734.3795314857116,9446.911012082186,-15.429496637903851,10.188394502908904,-1036.385062119341,0.04318870619967043,0.9980960391738768,-0.02180764585804239,0.03825518035963245
354.20000000000005,-14917.101216578945,2735.3985834672726,9336.8110067982,-15.072955705392026,10.196547182367398,-1028.6761915751106,0.04317051968276134,0.9981179238407348,-0.021815440445345995,0.03769619206706795
354.3,-14918.59066068038,2736.4180855498275,9227.447157759583,-14.717234133129075,10.190725208728619,-1020.9292778992949,0.04309101641110885,0.998142079301615,-0.021822696655243074,0.037139248010684814
354.40000000000003,-14920.044483399563,2737.4370540560762,9118.826336134593,-14.358070208891188,10.186005737831918,-1013.1487285723396,0.043035318259875326,0.998166892971122,-0.021830654202526143,0.036527218560102284
354.5,-14921.462485649821,2738.454715330587,9010.951850055926,-14.001728093186774,10.168673075511414,-1005.3380214000717,0.042828249601823,0.9981932818875359,-0.02184090011577167,0.03604009035459106
354.6,-14922.844643320339,2739.47060916972,8903.828957086685,-13.642055125417139,10.151735296489592,-997.499381420345,0.042459574561222416,0.9982109964022343,-0.021856280313994638,0.03597630054042348
354.70000000000005,-14924.19101620666,2740.4852346478333,8797.46273235762,-13.284376290761218,10.129881438236035,-989.6347312217358,0.04207675767522965,0.998234403979454,-0.02187030004528356,0.03576745939053517
354.8,-14925.501507949826,2741.4970649854954,8691.856651341834,-12.926255520466515,10.111454690120198,-981.7455262514729,0.04175153658925745,0.9982567001599187,-0.021883490527242134,0.03551735661067839
354.90000000000003,-14926.776241788239,2742.5065050929634,8587.013751251478,-12.56939501986766,10.078084383785214,-973.8350242815408,0.04139728535580932,0.9982803270646581,-0.021898442901802654,0.03525778721539072
355.0,-14928.015428702402,2743.5132580260793,8482.939501300396,-12.212920430667024,10.052390493280575,-965.9073230965413,0.0408497899602189,0.9983104270070328,-0.02190333651126044,0.03504040295025405
355.1,-14929.219003297283,2744.5171158937924,8379.636651251434,-11.859090890343778,10.032514801036637,-957.9631025632253,0.04056323084017203,0.9983285675549415,-0.021896784514796232,0.03486009660655046
355.20000000000005,-14930.387129659883,2745.5187891420414,8277.109699777237,-11.504487871617492,9.997939443287454,-950.000829088706,0.04008153195895304,0.9983563269012672,-0.02189337820856896,0.034623623765429636
355.3,-14931.520161632288,2746.5178756345927,8175.361026334993,-11.15975855518224,9.980459015658344,-942.0154910196629,0.03949233301706439,0.9983890533938875,-0.021891592448517447,0.034357122641373326
355.40000000000003,-14932.619102871426,2747.514424290912,8074.394687654876,-10.814416523899325,9.956394263771264,-934.0087552981455,0.038963902752586266,0.9984101745676298,-0.021886153923948343,0.034350165480519064
355.5,-14933.683773062836,2748.5090322036317,7974.212404003508,-10.481323926018252,9.932930261040928,-925.9842509828009,0.038363858162394814,0.9984355618752021,-0.02187902718791032,0.03429214690210634
355.6,-14934.71500115996,2749.5017502511823,7874.818467769355,-10.146083434073223,9.922881958028007,-917.943279413255,0.03795714664554212,0.9984486600123883,-0.021868304004431627,0.03437012682497325
355.70000000000005,-14935.713462065767,2750.492959488711,7776.214351997437,-9.821652166780119,9.904866980622177,-909.8864105423672,0.03774961576979108,0.9984571045242979,-0.021856191286418133,0.03436108026008604
355.8,-14936.679686105208,2751.4831320180983,7678.4026255656345,-9.507832202420397,9.895323431736605,-901.8158644345215,0.03754589165181335,0.9984700130419243,-0.02184698439324781,0.03421473876929219
355.90000000000003,-14937.614720150861,2752.4723465202287,7581.385102064327,-9.190756241061077,9.891250196856433,-893.7353343620637,0.03724240415604918,0.9984900694228348,-0.02183645169682977,0.033966954145933016
356.0,-14938.518916409006,2753.461154156829,7485.1633505261925,-8.892706009969949,9.886408885959835,-885.647062963578,0.03702273095220382,0.998506169132972,-0.02182846973040343,0.03373819060747838
356.1,-14939.39301778691,2754.449618343034,7389.7395285286375,-8.59459629039712,9.880566293144009,-877.5525094936515,0.03690028682664997,0.9985194294646746,-0.0218211301120124,0.03348366906845987
356.20000000000005,-14940.238013050015,2755.43793912585,7295.1148793966095,-8.30393504516905,9.884334469122184,-869.4535297902671,0.0367211196691755,0.9985342287973199,-0.021813024827759625,0.0332437247950239
356.3,-14941.05400441571,2756.426225312481,7201.292803240055,-8.011155269465677,9.884718367996978,-861.3517376940504,0.036634741073936286,0.9985437081843995,-0.02180507826201617,0.033058995050998324
356.40000000000003,-14941.84112559653,2757.414802875176,7108.273711870614,-7.733413735028721,9.88558893838661,-853.2507280425688,0.036505570328474436,0.9985577801336893,-0.02179815114373901,0.032780233009942636
356.5,-14942.60000243056,2758.4036467846254,7016.060890263505,-7.447710163250935,9.890209927614192,-845.1530120229153,0.0363556862448746,0.9985716316842653,-0.021797326201811885,0.0325244068899076
356.6,-14943.330974873847,2759.3921760062776,6924.65514706294,-7.168310610493954,9.886238478163298,-837.0593721832264,0.036173268701574494,0.9985854137733038,-0.0217948807290613,0.03230555996495199
356.70000000000005,-14944.033972253357,2760.3808973851446,6834.057907284754,-6.893438290621343,9.88285121883333,-828.9704253329115,0.03600248006229847,0.9986013783475332,-0.021794531893625183,0.03200167138304724
356.8,-14944.709177211966,2761.3691999573043,6744.270402534591,-6.61155552265348,9.883012458586926,-820.8893015866048,0.03580330112445455,0.9986181332947855,-0.02179350338449943,0.031701588188279506
356.90000000000003,-14945.35685335904,2762.3569801082026,6655.293622073103,-6.338345570591394,9.874986384798584,-812.8186696101952,0.035618482279046446,0.9986340527263248,-0.021791939069607625,0.031408022018580437
357.0,-14945.9769017645,2763.344132147017,6567.128220153271,-6.065415472580758,9.865091023049036,-804.7611790773276,0.03543482445414251,0.9986496345458662,-0.021795685435364993,0.03111637404509925
357.1,-14946.569623780924,2764.3302461184794,6479.774969412824,-5.789598862138225,9.856687245105368,-796.7187842072724,0.035165709091953004,0.9986683193465267,-0.021797375895382037,0.030819397166709596
357.20000000000005,-14947.135131654584,2765.315133130555,6393.233462532211,-5.518899871520398,9.84239452388196,-788.6921725178743,0.034927689002604664,0.9986851320828483,-0.021799336644129353,0.030542632818362933
357.3,-14947.673674391148,2766.298642965358,6307.504628398505,-5.252131902652557,9.826194651289935,-780.6800467823747,0.03468943222981173,0.9987010039728645,-0.02180224430581279,0.030292079796460838
357.40000000000003,-14948.185435240961,2767.280439552339,6222.586999558044,-4.984978474644784,9.80735634174174,-772.6903190681022,0.03443338026661859,0.9987172500678038,-0.02180357465050635,0.030046644952104372
357.5,-14948.670753676206,2768.260370235272,6138.481413715527,-4.720948072450064,9.785891756015637,-764.7250449446326,0.034173184911458675,0.9987337739043142,-0.02180392394499137,0.0297931400905382
357.6,-14949.129842894503,2769.2384256275163,6055.1874778383935,-4.46116948257571,9.760281052111143,-756.7852970847705,0.03386908311768673,0.9987515441061159,-0.021804923655779636,0.02954291215811235
357.70000000000005,-14949.56301235776,2770.2143370052495,5972.703812175321,-4.203887669459712,9.736497563325988,-748.8730868831369,0.033560517254474245,0.9987681263998578,-0.021805712945543645,0.0293331255113829
357.8,-14949.970747046453,2771.1879738462335,5891.029133307828,-3.9501700224642105,9.710750693653914,-740.9906819547032,0.033273031094593605,0.9987829646718778,-0.021806202344634047,0.029154492318295002
357.90000000000003,-14950.353281258303,2772.1593088632585,5810.162570546227,-3.7013353298429803,9.683203346552967,-733.140233683798,0.03297287541498751,0.9987977761739688,-0.021805416693709574,0.028988197591707232
358.0,-14950.711049036285,2773.1281755404043,5730.103334254928,-3.4550512395108757,9.654411450895761,-725.3229553543617,0.03267629405630454,0.9988132390551058,-0.021803825448522485,0.028791778180665584
358.1,-14951.044431741573,2774.0943842344273,5650.849147643422,-3.2130261104531304,9.625623249888278,-717.5381964007231,0.0323933898283221,0.9988276761940191,-0.02180180291365157,0.0286115877574173
358.20000000000005,-14951.35386525053,2775.0578616669723,5572.399655095127,-2.976914066539553,9.594140001422817,-709.7876168872409,0.03210807197936557,0.9988420874682534,-0.021800411069833485,0.028430583761436472
358.3,-14951.639833516796,2776.0184656511537,5494.749540177302,-2.7431991649428897,9.561481646201504,-702.0733004160628,0.031817341849110926,0.9988569860054475,-0.021798861959935287,0.02823451580994146
358.40000000000003,-14951.902760248073,2776.9760195257168,5417.898391343251,-2.515651823620335,9.527991722452684,-694.3970976338028,0.03153156900620825,0.9988714185163232,-0.021798006154407704,0.028044542336922294
358.5,-14952.143102092125,2777.930442452829,5341.843879631303,-2.2925206305303094,9.494411848541066,-686.7599685180546,0.031241430859682746,0.9988856547258691,-0.0217973683933507,0.02786209812336903
358.6,-14952.361383098856,2778.881627920789,5266.583565822072,-2.07358282610811,9.458303444740213,-679.1612939734326,0.030954633579122526,0.9989009349632457,-0.02179700397133815,0.027633736761600563
358.70000000000005,-14952.55803341426,2779.829459446404,5192.113816087356,-1.8598337644896152,9.422835971678229,-671.6025425972077,0.030676316278203858,0.9989163251956616,-0.021796353652031614,0.027387183949257283
358.8,-14952.733520627116,2780.773824685729,5118.431192397879,-1.6509412419922969,9.38660907800632,-664.0869026000016,0.030399651862857778,0.9989295298681524,-0.021795683966517404,0.02721403469610275
358.90000000000003,-14952.888330436546,2781.7146580469434,5045.532166774396,-1.4463834610733068,9.349272024923666,-656.6308061813455,0.030117579952756008,0.9989441713914919,-0.021794397843896137,0.02699033240582781
359.0,-14953.022964429787,2782.651966127453,4973.415222859324,-1.246790884426791,9.314019935333258,-649.2808807239974,0.02987443317091592,0.9989576071505604,-0.021793145272423875,0.026763336448924424
359.1,-14953.13784200271,2783.5856695803272,4902.075368005016,-1.0520258248673142,9.276762954267273,-642.0698558310909,0.029831811096264038,0.9989653700380764,-0.021791531089762978,0.026521343935965728
359.20000000000005,-14953.233523538735,2784.5158146257245,4831.5102176907285,-0.8618302353971994,9.240461468154857,-634.9915853813378,0.02993163734449888,0.9989685313959157,-0.02178996170754271,0.026290072943004495
359.3,-14953.310371336203,2785.442341979989,4761.7152519170595,-0.6759813676347423,9.205197208601975,-628.040979131042,0.030042314808698473,0.9989724309884571,-0.02178849690209604,0.026015434816561673
359.40000000000003,-14953.368892060547,2786.3652789926427,4692.686049530881,-0.49515970669565595,9.169350063647816,-621.2128373553812,0.030157446475944906,0.9989758456075979,-0.02178642396387023,0.02575150569387822
359.5,-14953.409538548442,2787.284680913613,4624.420396710074,-0.31866886203421585,9.133921967184476,-614.5024581972837,0.03025725273377092,0.9989799620015859,-0.021784603465037557,0.025474795940019838
359.6,-14953.432765063051,2788.200525856868,4556.912947666273,-0.14663030644551447,9.09917476133114,-607.9040027552701,0.030360883152799042,0.9989837238818513,-0.02178250580731863,0.025204337604567497
359.70000000000005,-14953.43895548046,2789.112878853062,4490.1607153040395,0.022472389438054435,9.06410124596541,-601.4127928794913,0.0304568953711953,0.9989876047859362,-0.021780500001209197,0.024934971989228547
359.8,-14953.428543228654,2790.021781524665,4424.157640512014,0.18563337423306484,9.029722657250208,-595.0252748028885,0.030553143112607473,0.9989916733105431,-0.021778575313401626,0.024654325370209146
359.90000000000003,-14953.401922229403,2790.9272505565577,4358.895949909629,0.3454110073531539,8.99531424695099,-588.738505292297,0.03064894967752287,0.9989954787597246,-0.021776654916407078,0.024381398687216862
360.0,-14953.359564500675,2791.829286441455,4294.363110261443,0.5014127252848103,8.95900110080402,-582.5492347827708,0.03074172619561539,0.9989994682091184,-0.021774774884692344,0.02410120260761587
360.1,-14953.301817213523,2792.727775876168,4230.5416989935175,0.6525300968930848,8.924277414315112,-576.4544050376918,0.030835675892937,0.9990032475812749,-0.021772969756330918,0.02382457139764969
360.20000000000005,-14953.229219709157,2793.6227709543277,4167.422792673436,0.798626939608951,8.886739988515567,-570.4512306782287,0.030837955741528696,0.9990097466922004,-0.021771144809551793,0.023549177339146483
360.3,-14953.142249422886,2794.5142269265457,4104.991770592893,0.9398142652206823,8.849597463942654,-564.5371402355224,0.03061742551178824,0.9990231292425581,-0.02176951806784954,0.02326904760686871
360.40000000000003,-14953.041457194018,2795.4020394774384,4043.2374409087824,1.075497383014389,8.811573375904633,-558.7097578104758,0.030345667872649282,0.9990409828914464,-0.021768880468357645,0.022855432347908634
360.5,-14952.92729912934,2796.2861679739713,3982.1482604134344,1.2065203079977826,8.771904203078195,-552.9669792002984,0.030021207375645738,0.9990596021002957,-0.021768706802162363,0.022466908177772266
360.6,-14952.800301020581,2797.1664571288607,3921.7130566006517,1.3328707642067459,8.731614189280176,-547.3064737789254,0.029711614578038555,0.9990784902820228,-0.02176873324772433,0.02203434745459856
360.70000000000005,-14952.660892024496,2798.042861444567,3861.922666584865,1.4547302088207381,8.689936539124862,-541.7262576291229,0.029400698119798847,0.9990941950883475,-0.021768319483395176,0.021737721998962893
360.8,-14952.509508187659,2798.9152664787593,3802.764499837059,1.5721182522013004,8.647852698846087,-536.2243106947506,0.029057798724782598,0.9991107429054671,-0.021768160021209036,0.021436299901026662
360.90000000000003,-14952.346586428828,2799.7835679004656,3744.2294382723812,1.6855822243104475,8.604216093517769,-530.7989683569477,0.02863301458724769,0.9991292212063592,-0.021768120050905584,0.021144709897983595
361.0,-14952.17252884022,2800.6476553605294,3686.309576868553,1.794802715278682,8.559779638923796,-525.4482388455408,0.02821451217755781,0.9991473555926706,-0.021768500612507007,0.020847913464875835
361.1,-14951.987751249198,2801.507453580672,3628.9941522642284,1.900175880125164,8.51528452425584,-520.170794194671,0.027774363578411277,0.9991658003135239,-0.021768798225565385,0.0205525578813003
361.20000000000005,-14951.792627367582,2802.362872127306,3572.2746122815342,2.001751925414057,8.468589406966172,-514.9642505137178,0.027320424168348643,0.9991841631200228,-0.02176906659679524,0.02026598956147365
361.3,-14951.587534474509,2803.213843195333,3516.140902750569,2.099494936364239,8.4222996988895,-509.8271881320605,0.026884824551108185,0.9992018512868632,-0.021769397987355076,0.019973980700639323
361.40000000000003,-14951.372857366661,2804.0602640726256,3460.5862126654497,2.1934583653142417,8.374808391012483,-504.7577269319134,0.026494806873939215,0.9992180888674083,-0.021769581694944393,0.01968048276095298
361.5,-14951.14893929134,2804.9020867602485,3405.6018747745866,2.284090392944552,8.326456018679641,-499.75487734335735,0.026399947795772757,0.9992271850564307,-0.02176909478500606,0.01934378227812009
361.6,-14950.916170227014,2805.7392378402014,3351.178825353336,2.371015824186578,8.277576075072021,-494.81752700351745,0.02622392219449952,0.9992379306107306,-0.02176876702421948,0.019025895925479205
361.70000000000005,-14950.674842645645,2806.5715312344505,3297.310065643109,2.4545712810358373,8.226770239626003,-489.94420635616297,0.02603658980975532,0.999250388009014,-0.02176827349348462,0.018625260374723326
361.8,-14950.42538521349,2807.3989899946628,3243.988209043846,2.5341059795810077,8.175817387317766,-485.13426007039703,0.025638365637597693,0.9992696703615495,-0.021768072713573568,0.01813700949135904
361.90000000000003,-14950.168101268508,2808.2214351683083,3191.2038947282863,2.610686164187679,8.123991402466167,-480.38653552725265,0.025168060644569435,0.999290197618435,-0.021767865821257035,0.017658699971638995
362.0,-14949.903441485843,2809.0388164873075,3138.951214106335,2.6827639579650917,8.070516078469057,-475.7000009479996,0.02485741927340802,0.9993057784864291,-0.02176680623778342,0.01721266791943452
362.1,-14949.631674260658,2809.851011086639,3087.2230936563874,2.751385367933981,8.016868924755988,-471.0737715125317,0.024463657745026082,0.9993238261241075,-0.02176541874898335,0.016723831411795374
362.20000000000005,-14837.836758961856,3203.8548257077423,3039.0556520906093,2.881917656976223,8.218754665355085,-467.7721444415715,0.02327558228866452,0.9949811507219577,0.09604941178125069,0.01566101764280546
362.3,-14837.545729154413,3204.68997805707,2988.3222107637957,2.9377260465960746,8.159546426535243,-463.24762768139607,0.02276490548998075,0.994998342198597,0.09605365175541866,0.015289018429080483
362.40000000000003,-14837.249448929431,3205.5194313354077,2938.092497793152,2.9886780355515974,8.100282417924745,-458.780800900003,0.022666164410395352,0.9950062791216976,0.09605716117048849,0.014891987348306797
362.5,-14836.948160675654,3206.3431476321257,2888.3610432988767,3.034657206151591,8.039953769297302,-454.37103850689374,0.02240088446313323,0.9950175737667006,0.09606100039300484,0.014509048011254296
362.6,-14836.64255634805,3207.161069839261,2839.1191320014914,3.077479015086043,7.979832943342933,-450.0172737877459,0.022325432781467928,0.99502451422485,0.0960653161342027,0.014115458857468111
362.70000000000005,-14836.33299415803,3207.9731436940874,2790.3624775608623,3.1130080780850076,7.9189449197434385,-445.7188033119839,0.022096888807652294,0.995034555960691,0.09607010900662044,0.013729315517865772
362.8,-14836.019991503777,3208.779328863502,2742.0845516874247,3.1456833882459514,7.85767301880443,-441.4747086058671,0.02196208906299146,0.9950432934201545,0.0960748077261889,0.01327185683833264
362.90000000000003,-14835.704083087949,3209.579567607506,2694.277969534494,3.1716649870687332,7.796170417508473,-437.2840980349737,0.021828889264343385,0.9950493819675199,0.09607913403603953,0.013001040051725627
363.0,-14835.385793059566,3210.373815361411,2646.937333780696,3.193657497831442,7.733502573320822,-433.1458047042176,0.02190922342560549,0.9950508792916529,0.0960831151302406,0.012718826072562044
363.1,-14835.065489484863,3211.162039257435,2600.056898194125,3.2131269464203975,7.671174225122567,-429.0586187472691,0.022016058808708414,0.9950507665357791,0.09608670443702376,0.012514407757538457
363.20000000000005,-14834.743427081006,3211.9441982197645,2553.6302650167554,3.2259384163243388,7.607760364290518,-425.02152027366475,0.022109657666897046,0.9950523074682701,0.09608754623020527,0.012216869459151215
363.3,-14834.420228095767,3212.7202371349317,2507.652296359532,3.2379879992373195,7.544144714648273,-421.03383414348906,0.022120054361374587,0.9950546071864814,0.09608893410255895,0.011997860435977283
363.40000000000003,-14834.096128874147,3213.4901265455055,2462.1171464443446,3.2435483897770347,7.479671896165543,-417.09425567111515,0.022044798205728206,0.995059392011484,0.09608992878907216,0.011728547527954115
363.5,-14833.771408665529,3214.2537608520042,2417.018804052713,3.2522098163758777,7.414615455020392,-413.2015922899037,0.021969890249545453,0.9950638286866837,0.09609139586790238,0.011477996427043826
363.6,-14833.446024065286,3215.0111546357257,2372.351789214744,3.2532732105739384,7.348673644719893,-409.3558049915559,0.02198237696859426,0.995066358018232,0.09609236658991062,0.011223873052237283
363.70000000000005,-14833.120487088621,3215.7621994600618,2328.110896918314,3.257822571875965,7.282519421507313,-405.5569262421855,0.021980178490063316,0.9950692423858623,0.0960934889564533,0.010959744127809088
363.8,-14832.79478264318,3216.506869643903,2284.290079767986,3.2563454687805065,7.215129996559283,-401.8046548592593,0.02196915401182379,0.9950720980083627,0.09609432987761184,0.010712413482151012
363.90000000000003,-14832.469069865707,3217.2450854335966,2240.8853965680946,3.2569071581813116,7.147588284931172,-398.09889983724895,0.021927401658923342,0.9950757545221128,0.09609503271161242,0.010448756236521849
364.0,-14832.143541323283,3217.9767919934447,2197.8904129456173,3.254296725092606,7.0789560259629365,-394.439045780396,0.02188908585430741,0.9950791112976247,0.09609583132110466,0.010199087326713221
364.1,-14831.818224505634,3218.7018799184516,2155.3010206252775,3.2513361335197914,7.009459560177394,-390.82776089570547,0.021843952565039057,0.9950825958565414,0.09609656989991283,0.00994577363581383
364.20000000000005,-14831.493288126949,3219.4203270953003,2113.1114098816984,3.247373557587013,6.939731022299255,-387.2684019190664,0.021805773100310642,0.9950854161732401,0.09609726933243935,0.009738460128571774
364.3,-14831.168816337997,3220.1320242172096,2071.317145083115,3.2418730771252506,6.869335565151127,-383.7597029729043,0.021760212408644907,0.995088591379738,0.09609800476677276,0.009505889840754013
364.40000000000003,-14830.844867156158,3220.8369296060946,2029.913164043187,3.2367216292512477,6.7981513156333735,-380.3010645942343,0.02172015300733968,0.9950914650939026,0.09609844302954,0.009289795364080297
364.5,-14830.521568424314,3221.534955414606,1988.8954597966958,3.2294853983121596,6.726630042912816,-376.8917645736438,0.0216489851885616,0.9950950758409558,0.09609853504357524,0.009065486190314888
364.6,-14830.198956671367,3222.226014396344,1948.259482330768,3.222292155708818,6.654435909198708,-373.531051167644,0.02159795908564111,0.9950960790813479,0.09609851997424067,0.009077225293179374
364.70000000000005,-14829.877147403178,3222.910083009221,1907.9995427102783,3.214059326101745,6.582170643096044,-370.21842708462225,0.021549167055185215,0.9950968548945555,0.09609840657361245,0.00910928274918252
364.8,-14829.556091157458,3223.587093696157,1868.1116821826638,3.206561108012042,6.509356613604167,-366.953283927927,0.02140518902539928,0.9950997919418636,0.09609853102356025,0.009126570832478753
364.90000000000003,-14717.653548403752,3618.269754336422,1830.890366692073,3.203266328995947,6.59577489515608,-363.7888111669073,0.019811476543921305,0.9782414959006811,0.20636002457049113,0.008162190540149607
365.0,-14605.750730542213,4012.999591789188,1793.9852281115816,3.199342301795695,6.679098513776167,-361.0231034592943,0.01879182319449233,0.9517987502140296,0.30607416242903823,0.006679338694902008
365.1,-14493.847833183969,2437.4413959145863,1757.392321416447,3.1943866733949497,5.981881104818594,-359.370958873146,0.017433417176975302,0.9189674987225948,0.39389451981743134,0.006474528157834723
365.20000000000005,-14493.528944105481,2438.0361770653844,1718.8772525783309,3.1834180075697307,5.913305243275017,-356.3601833329706,0.017334194263062545,0.9189698954835834,0.39389621280305853,0.006295271523110173
365.3,-14493.211144444791,2438.6240599873727,1680.7099473777355,3.1724776582219523,5.844658868748092,-353.4537248014301,0.017216692936550492,0.9189725397758675,0.3938980537712218,0.006113906890357673
365.40000000000003,-13561.150611672887,2833.351695999126,1643.625599814566,3.6608036738429153,5.928662634732308,-352.9701957371336,0.016565245725630492,0.9012745329315153,0.43288971522263864,0.006025228426471576
365.5,-12628.99185286726,3228.1248433055384,1606.8827317517093,4.137640686260083,6.010258972718364,-352.14785348401483,0.016165980259473123,0.882729025589548,0.46958019256308825,0.00475091742617986
365.6,-10764.893918951107,2404.641053840566,1571.2195055251227,5.09141328809328,5.5824036968720705,-352.1746901187328,0.01512064410428261,0.8440031777450505,0.5361121982249626,0.00370310579468931
365.70000000000005,-9587.028011825363,2298.059503274823,1537.5698661512504,5.771977856857898,5.342454879769515,-351.92102059200613,0.01242725950322602,0.8232344189576369,0.5675513523605346,0.00401461062245884
365.8,-9586.45287641697,2298.5908344576424,1501.0469211173877,5.730770185515853,5.283694496510266,-349.16720958241456,0.012311449911407063,0.8232355025103186,0.5675528375244103,0.003938556290361446
365.90000000000003,-9831.394954372154,-1863.3121512462064,1474.3033790558218,5.462969371041287,3.393674886114648,-347.80894490812955,0.010787908148069101,0.8271181458206254,0.5619130218085323,0.0035985850057372224
366.0,-9585.314897580796,-1001.868869818239,1444.6525504046606,5.650052634801824,3.7633837247828823,-345.44847139193257,0.010821279847730637,0.8262829145851154,0.5631386107187851,0.0037881505910698247
366.1,-9339.194026645038,-140.3482039253331,1415.217354909562,5.831950162476413,4.125557601938741,-343.44519099062296,0.010756823892593028,0.8254586941272407,0.5643579748135376,0.0015202940034057526
366.20000000000005,-9829.772482038406,2443.6225913499434,1398.523528194353,5.354900423730016,5.285999510092432,-342.2180990915835,0.009432021643618432,0.8307680225678071,0.5565388743153385,0.00010498717059601708
366.3,-8601.231042746094,-1861.9852073755198,1383.7869157851355,6.400104277250213,3.24699256458028,-342.3821253038765,0.010379201714240848,0.83993684104825,0.5425848660914037,-0.00019573000701650248
366.40000000000003,-6709.789872936193,1905.3154868595402,1367.3470769198739,6.929387999051707,5.077427722578587,-341.6195549600582,0.010590532028501748,0.8420477510321925,0.5392947752184661,-0.0021379979055603524
366.5,-4569.076951563628,1714.849007186779,1346.5098286409057,7.741063360766686,4.9646235201696935,-341.75551930489246,0.010819059693171,0.8030261976247662,0.5958448689406438,-0.0008752329817349551
366.6,-3934.4754356455087,5343.436392362042,1318.599550461213,8.141281103501445,6.681794574822203,-340.1058283359986,0.010861854056105872,0.8224064992285148,0.5687965808961172,-0.00014040672870028773
366.70000000000005,-2380.227425835625,7195.300912761322,1341.9677510024521,9.296365255247412,7.57548837863037,-342.0673137041747,0.010054540404082539,0.9767251360483207,0.21425859131096053,0.000413374037403903
366.8,-1470.3483134956707,-2337.878081704386,1330.2404584037188,9.598857230082736,2.9296119958946156,-342.80040790490085,0.006768886860481085,0.8399606908784438,0.5426036700677677,0.0012153923920077076
366.90000000000003,332.7778022640998,-60.43107454873734,1296.340160110956,10.332464456663867,3.99118426280522,-340.4624975055969,0.008775265008483092,0.797088950233167,0.6037912936412776,0.002876432375574168
367.0,3938.308251314931,1399.1577472559711,1263.548982457256,11.852280735323959,4.620899053949078,-341.4513275995386,0.014457959744943377,0.6243881749825388,0.780959749374488,0.005678397566661852
367.1,-1922.0372130092228,5224.731073130721,1230.1166371873005,9.15657617031943,6.381454062966272,-341.47688399102185,0.008463618117973477,0.8967222667075332,0.4424603166896932,0.006812614337616409
367.20000000000005,-1921.1253019165288,5225.365837722051,1196.0633536355122,9.088933075449347,6.312906705533806,-339.05802661775306,0.00920175397075716,0.8967092091238376,0.4424554220493419,0.007818023759358967
367.2174298619104,-1466.4129206556922,-10075.821366911898,1191.000000000045,9.26220322398005,-0.8358759619192397,-338.9985324215719,0.008048505621833473,0.8307322602139887,0.5565195936645854,0.010250622635612164
