
                -------->  BODY TRANSITIONING TO TURBULENT FLOW  <--------

                -------->  FINS TRANSITIONING TO TURBULENT FLOW  <--------

 0.01   0.00    0.904    0.853   0.499   0.035   0.040  0.202   0.128   0.000   0.000     473381
 0.01  20.10   65.285
 0.01   1.00    0.316    0.009
 0.01   1.00    0.325   67.013
 0.01   1.00    0.309    0.910   0.325   0.904
 0.01   1.00    0.310    0.858   0.325   0.853

 0.02   0.00    0.789    0.738   0.437   0.031   0.042  0.171   0.108   0.000   0.000     946762
 0.02  20.10   65.285
 0.02   1.00    0.316    0.009
 0.02   1.00    0.325   67.013
 0.02   1.00    0.311    0.795   0.325   0.790
 0.02   1.00    0.312    0.744   0.325   0.739

 0.03   0.00    0.733    0.682   0.405   0.028   0.044  0.156   0.099   0.000   0.000    1420144
 0.03  20.10   65.285
 0.03   1.00    0.316    0.009
 0.03   1.00    0.325   67.013
 0.03   1.00    0.312    0.739   0.325   0.733
 0.03   1.00    0.313    0.687   0.325   0.682

 0.04   0.00    0.696    0.645   0.385   0.027   0.045  0.147   0.093   0.000   0.000    1893525
 0.04  20.10   65.285
 0.04   1.00    0.316    0.009
 0.04   1.00    0.325   67.013
 0.04   1.00    0.313    0.702   0.325   0.697
 0.04   1.00    0.314    0.651   0.325   0.645

 0.05   0.00    0.670    0.619   0.370   0.026   0.046  0.140   0.088   0.000   0.000    2366906
 0.05  20.10   65.285
 0.05   1.00    0.316    0.009
 0.05   1.00    0.325   67.013
 0.05   1.00    0.313    0.676   0.325   0.670
 0.05   1.00    0.314    0.625   0.325   0.619

 0.06   0.00    0.650    0.599   0.358   0.025   0.047  0.135   0.085   0.000   0.000    2840287
 0.06  20.10   65.285
 0.06   1.00    0.316    0.009
 0.06   1.00    0.325   67.013
 0.06   1.00    0.314    0.656   0.325   0.650
 0.06   1.00    0.314    0.604   0.325   0.599

 0.07   0.00    0.633    0.582   0.349   0.024   0.047  0.130   0.082   0.000   0.000    3313668
 0.07  20.10   65.285
 0.07   1.00    0.316    0.009
 0.07   1.00    0.325   67.013
 0.07   1.00    0.314    0.639   0.325   0.634
 0.07   1.00    0.315    0.588   0.325   0.582

 0.08   0.00    0.620    0.569   0.341   0.024   0.048  0.127   0.080   0.000   0.000    3787050
 0.08  20.10   65.285
 0.08   1.00    0.316    0.009
 0.08   1.00    0.325   67.013
 0.08   1.00    0.314    0.625   0.325   0.620
 0.08   1.00    0.315    0.574   0.325   0.569

 0.09   0.00    0.613    0.562   0.334   0.023   0.048  0.127   0.080   0.000   0.000    4260431
 0.09  20.10   65.285
 0.09   1.00    0.316    0.009
 0.09   1.00    0.325   67.013
 0.09   1.00    0.314    0.618   0.325   0.613
 0.09   1.00    0.315    0.567   0.325   0.562

 0.10   0.00    0.611    0.560   0.332   0.023   0.049  0.127   0.080   0.000   0.000    4733812
 0.10  20.10   65.285
 0.10   1.00    0.316    0.009
 0.10   1.00    0.325   67.013
 0.10   1.00    0.314    0.616   0.325   0.611
 0.10   1.00    0.315    0.565   0.325   0.560

 0.11   0.00    0.610    0.559   0.332   0.023   0.049  0.126   0.080   0.000   0.000    5207194
 0.11  20.10   65.285
 0.11   1.00    0.316    0.009
 0.11   1.00    0.325   67.013
 0.11   1.00    0.314    0.616   0.325   0.611
 0.11   1.00    0.315    0.565   0.325   0.560

 0.12   0.00    0.610    0.559   0.332   0.023   0.049  0.126   0.080   0.000   0.000    5680574
 0.12  20.10   65.285
 0.12   1.00    0.316    0.009
 0.12   1.00    0.325   67.013
 0.12   1.00    0.314    0.616   0.325   0.610
 0.12   1.00    0.315    0.565   0.325   0.559

 0.13   0.00    0.610    0.559   0.332   0.023   0.049  0.126   0.080   0.000   0.000    6153956
 0.13  20.10   65.285
 0.13   1.00    0.316    0.009
 0.13   1.00    0.325   67.013
 0.13   1.00    0.314    0.616   0.325   0.610
 0.13   1.00    0.315    0.565   0.325   0.559

 0.14   0.00    0.610    0.559   0.332   0.023   0.049  0.126   0.080   0.000   0.000    6627337
 0.14  20.10   65.285
 0.14   1.00    0.316    0.009
 0.14   1.00    0.325   67.013
 0.14   1.00    0.314    0.616   0.325   0.610
 0.14   1.00    0.315    0.565   0.325   0.559

 0.15   0.00    0.610    0.559   0.332   0.023   0.049  0.126   0.080   0.000   0.000    7100718
 0.15  20.10   65.285
 0.15   1.00    0.316    0.009
 0.15   1.00    0.325   67.013
 0.15   1.00    0.314    0.615   0.325   0.610
 0.15   1.00    0.315    0.564   0.325   0.559

 0.16   0.00    0.610    0.558   0.332   0.023   0.049  0.126   0.080   0.000   0.000    7574100
 0.16  20.10   65.285
 0.16   1.00    0.316    0.009
 0.16   1.00    0.325   67.013
 0.16   1.00    0.314    0.615   0.325   0.610
 0.16   1.00    0.315    0.564   0.325   0.559

 0.17   0.00    0.609    0.558   0.332   0.023   0.049  0.126   0.080   0.000   0.000    8047481
 0.17  20.10   65.285
 0.17   1.00    0.316    0.009
 0.17   1.00    0.325   67.013
 0.17   1.00    0.314    0.615   0.325   0.609
 0.17   1.00    0.315    0.564   0.325   0.558

 0.18   0.00    0.609    0.558   0.331   0.023   0.049  0.126   0.080   0.000   0.000    8520862
 0.18  20.10   65.285
 0.18   1.00    0.316    0.009
 0.18   1.00    0.325   67.013
 0.18   1.00    0.314    0.615   0.325   0.609
 0.18   1.00    0.315    0.564   0.325   0.558

 0.19   0.00    0.609    0.558   0.331   0.023   0.049  0.126   0.080   0.000   0.000    8994243
 0.19  20.10   65.285
 0.19   1.00    0.316    0.009
 0.19   1.00    0.325   67.013
 0.19   1.00    0.314    0.615   0.325   0.609
 0.19   1.00    0.315    0.564   0.325   0.558

 0.20   0.00    0.609    0.558   0.331   0.023   0.049  0.126   0.080   0.000   0.000    9467624
 0.20  20.10   65.285
 0.20   1.00    0.316    0.009
 0.20   1.00    0.325   67.013
 0.20   1.00    0.314    0.614   0.325   0.609
 0.20   1.00    0.315    0.563   0.325   0.558

 0.21   0.00    0.609    0.557   0.331   0.023   0.049  0.126   0.080   0.000   0.000    9941005
 0.21  20.10   65.285
 0.21   1.00    0.316    0.009
 0.21   1.00    0.325   67.013
 0.21   1.00    0.314    0.614   0.325   0.609
 0.21   1.00    0.315    0.563   0.325   0.558

 0.22   0.00    0.608    0.557   0.331   0.023   0.049  0.126   0.080   0.000   0.000   10414390
 0.22  20.10   65.285
 0.22   1.00    0.316    0.009
 0.22   1.00    0.325   67.013
 0.22   1.00    0.314    0.614   0.325   0.609
 0.22   1.00    0.315    0.563   0.325   0.557

 0.23   0.00    0.608    0.557   0.331   0.023   0.049  0.126   0.080   0.000   0.000   10887770
 0.23  20.10   65.285
 0.23   1.00    0.316    0.009
 0.23   1.00    0.325   67.013
 0.23   1.00    0.314    0.614   0.325   0.608
 0.23   1.00    0.315    0.563   0.325   0.557

 0.24   0.00    0.608    0.557   0.331   0.023   0.049  0.126   0.080   0.000   0.000   11361150
 0.24  20.10   65.285
 0.24   1.00    0.316    0.009
 0.24   1.00    0.325   67.013
 0.24   1.00    0.314    0.614   0.325   0.608
 0.24   1.00    0.315    0.563   0.325   0.557

 0.25   0.00    0.608    0.557   0.331   0.023   0.049  0.126   0.080   0.000   0.000   11834530
 0.25  20.10   65.285
 0.25   1.00    0.316    0.009
 0.25   1.00    0.325   67.013
 0.25   1.00    0.314    0.614   0.325   0.608
 0.25   1.00    0.315    0.562   0.325   0.557

 0.26   0.00    0.608    0.557   0.331   0.023   0.049  0.126   0.080   0.000   0.000   12307910
 0.26  20.10   65.285
 0.26   1.00    0.316    0.009
 0.26   1.00    0.325   67.013
 0.26   1.00    0.314    0.614   0.325   0.608
 0.26   1.00    0.315    0.563   0.325   0.557

 0.27   0.00    0.608    0.557   0.330   0.023   0.049  0.126   0.080   0.000   0.000   12781290
 0.27  20.10   65.285
 0.27   1.00    0.316    0.009
 0.27   1.00    0.325   67.013
 0.27   1.00    0.314    0.614   0.325   0.608
 0.27   1.00    0.315    0.563   0.325   0.557

 0.28   0.00    0.609    0.557   0.330   0.023   0.049  0.126   0.080   0.000   0.000   13254670
 0.28  20.10   65.285
 0.28   1.00    0.316    0.009
 0.28   1.00    0.325   67.013
 0.28   1.00    0.314    0.614   0.325   0.609
 0.28   1.00    0.315    0.563   0.325   0.558

 0.29   0.00    0.609    0.558   0.330   0.023   0.049  0.127   0.080   0.000   0.000   13728060
 0.29  20.10   65.285
 0.29   1.00    0.316    0.009
 0.29   1.00    0.325   67.013
 0.29   1.00    0.314    0.615   0.325   0.609
 0.29   1.00    0.315    0.563   0.325   0.558

 0.30   0.00    0.609    0.558   0.330   0.023   0.049  0.127   0.080   0.000   0.000   14201440
 0.30  20.10   65.285
 0.30   1.00    0.316    0.009
 0.30   1.00    0.325   67.013
 0.30   1.00    0.314    0.615   0.325   0.609
 0.30   1.00    0.315    0.564   0.325   0.558

 0.31   0.00    0.609    0.558   0.330   0.023   0.049  0.127   0.080   0.000   0.000   14674820
 0.31  20.10   65.285
 0.31   1.00    0.316    0.009
 0.31   1.00    0.325   67.013
 0.31   1.00    0.314    0.615   0.325   0.610
 0.31   1.00    0.315    0.564   0.325   0.558

 0.32   0.00    0.610    0.558   0.330   0.023   0.049  0.127   0.081   0.000   0.000   15148200
 0.32  20.10   65.285
 0.32   1.00    0.316    0.009
 0.32   1.00    0.325   67.013
 0.32   1.00    0.314    0.615   0.325   0.610
 0.32   1.00    0.315    0.564   0.325   0.559

 0.33   0.00    0.610    0.559   0.330   0.023   0.049  0.128   0.081   0.000   0.000   15621580
 0.33  20.10   65.285
 0.33   1.00    0.316    0.009
 0.33   1.00    0.325   67.013
 0.33   1.00    0.314    0.616   0.325   0.610
 0.33   1.00    0.315    0.565   0.325   0.559

 0.34   0.00    0.610    0.559   0.330   0.023   0.049  0.128   0.081   0.000   0.000   16094960
 0.34  20.10   65.285
 0.34   1.00    0.316    0.009
 0.34   1.00    0.325   67.013
 0.34   1.00    0.314    0.616   0.325   0.610
 0.34   1.00    0.315    0.565   0.325   0.559

 0.35   0.00    0.610    0.559   0.330   0.023   0.049  0.128   0.081   0.000   0.000   16568340
 0.35  20.10   65.285
 0.35   1.00    0.316    0.009
 0.35   1.00    0.325   67.013
 0.35   1.00    0.314    0.616   0.325   0.611
 0.35   1.00    0.315    0.565   0.325   0.559

 0.36   0.00    0.611    0.560   0.329   0.023   0.049  0.128   0.081   0.000   0.000   17041720
 0.36  20.10   65.285
 0.36   1.00    0.316    0.009
 0.36   1.00    0.325   67.013
 0.36   1.00    0.314    0.616   0.325   0.611
 0.36   1.00    0.315    0.565   0.325   0.560

 0.37   0.00    0.611    0.560   0.329   0.023   0.049  0.128   0.081   0.000   0.000   17515110
 0.37  20.10   65.285
 0.37   1.00    0.316    0.009
 0.37   1.00    0.325   67.013
 0.37   1.00    0.314    0.617   0.325   0.611
 0.37   1.00    0.315    0.566   0.325   0.560

 0.38   0.00    0.611    0.560   0.329   0.023   0.049  0.129   0.081   0.000   0.000   17988490
 0.38  20.10   65.285
 0.38   1.00    0.316    0.009
 0.38   1.00    0.325   67.013
 0.38   1.00    0.314    0.617   0.325   0.611
 0.38   1.00    0.315    0.566   0.325   0.560

 0.39   0.00    0.611    0.560   0.329   0.023   0.049  0.129   0.082   0.000   0.000   18461870
 0.39  20.10   65.285
 0.39   1.00    0.316    0.009
 0.39   1.00    0.325   67.013
 0.39   1.00    0.314    0.617   0.325   0.612
 0.39   1.00    0.315    0.566   0.325   0.561

 0.40   0.00    0.612    0.561   0.329   0.023   0.049  0.129   0.082   0.000   0.000   18935250
 0.40  20.10   65.285
 0.40   1.00    0.316    0.009
 0.40   1.00    0.325   67.013
 0.40   1.00    0.314    0.617   0.325   0.612
 0.40   1.00    0.315    0.566   0.325   0.561

 0.41   0.00    0.612    0.561   0.329   0.023   0.049  0.129   0.082   0.000   0.000   19408630
 0.41  20.10   65.285
 0.41   1.00    0.316    0.009
 0.41   1.00    0.325   67.013
 0.41   1.00    0.314    0.618   0.325   0.612
 0.41   1.00    0.315    0.567   0.325   0.561

 0.42   0.00    0.612    0.561   0.329   0.023   0.049  0.130   0.082   0.000   0.000   19882010
 0.42  20.10   65.285
 0.42   1.00    0.316    0.009
 0.42   1.00    0.325   67.013
 0.42   1.00    0.314    0.618   0.325   0.612
 0.42   1.00    0.315    0.567   0.325   0.561

 0.43   0.00    0.613    0.561   0.329   0.023   0.049  0.130   0.082   0.000   0.000   20355390
 0.43  20.10   65.285
 0.43   1.00    0.316    0.009
 0.43   1.00    0.325   67.013
 0.43   1.00    0.314    0.618   0.325   0.613
 0.43   1.00    0.315    0.567   0.325   0.562

 0.44   0.00    0.613    0.562   0.329   0.023   0.049  0.130   0.082   0.000   0.000   20828770
 0.44  20.10   65.285
 0.44   1.00    0.316    0.009
 0.44   1.00    0.325   67.013
 0.44   1.00    0.314    0.619   0.325   0.613
 0.44   1.00    0.315    0.567   0.325   0.562

 0.45   0.00    0.613    0.562   0.329   0.023   0.049  0.130   0.082   0.000   0.000   21302150
 0.45  20.10   65.285
 0.45   1.00    0.316    0.009
 0.45   1.00    0.325   67.013
 0.45   1.00    0.314    0.619   0.325   0.613
 0.45   1.00    0.315    0.568   0.325   0.562

 0.46   0.00    0.613    0.562   0.328   0.023   0.049  0.130   0.083   0.000   0.000   21775540
 0.46  20.10   65.285
 0.46   1.00    0.316    0.009
 0.46   1.00    0.325   67.013
 0.46   1.00    0.314    0.619   0.325   0.613
 0.46   1.00    0.315    0.568   0.325   0.562

 0.47   0.00    0.614    0.562   0.328   0.023   0.049  0.131   0.083   0.000   0.000   22248920
 0.47  20.10   65.285
 0.47   1.00    0.316    0.009
 0.47   1.00    0.325   67.013
 0.47   1.00    0.314    0.619   0.325   0.614
 0.47   1.00    0.315    0.568   0.325   0.563

 0.48   0.00    0.614    0.563   0.328   0.023   0.049  0.131   0.083   0.000   0.000   22722300
 0.48  20.10   65.285
 0.48   1.00    0.316    0.009
 0.48   1.00    0.325   67.013
 0.48   1.00    0.314    0.620   0.325   0.614
 0.48   1.00    0.315    0.568   0.325   0.563

 0.49   0.00    0.614    0.563   0.328   0.023   0.049  0.131   0.083   0.000   0.000   23195680
 0.49  20.10   65.285
 0.49   1.00    0.316    0.009
 0.49   1.00    0.325   67.013
 0.49   1.00    0.314    0.620   0.325   0.614
 0.49   1.00    0.315    0.569   0.325   0.563

 0.50   0.00    0.614    0.563   0.328   0.023   0.049  0.131   0.083   0.000   0.000   23669060
 0.50  20.10   65.285
 0.50   1.00    0.316    0.009
 0.50   1.00    0.325   67.013
 0.50   1.00    0.314    0.620   0.325   0.615
 0.50   1.00    0.315    0.569   0.325   0.563

 0.51   0.00    0.615    0.564   0.328   0.023   0.049  0.132   0.083   0.000   0.000   24142440
 0.51  20.10   65.285
 0.51   1.00    0.316    0.009
 0.51   1.00    0.325   67.013
 0.51   1.00    0.314    0.620   0.325   0.615
 0.51   1.00    0.315    0.569   0.325   0.564

 0.52   0.00    0.615    0.564   0.328   0.023   0.049  0.132   0.083   0.000   0.000   24615820
 0.52  20.10   65.285
 0.52   1.00    0.316    0.009
 0.52   1.00    0.325   67.013
 0.52   1.00    0.314    0.621   0.325   0.615
 0.52   1.00    0.315    0.570   0.325   0.564

 0.53   0.00    0.615    0.564   0.328   0.023   0.049  0.132   0.084   0.000   0.000   25089200
 0.53  20.10   65.285
 0.53   1.00    0.316    0.009
 0.53   1.00    0.325   67.013
 0.53   1.00    0.314    0.621   0.325   0.615
 0.53   1.00    0.315    0.570   0.325   0.564

 0.54   0.00    0.615    0.564   0.328   0.023   0.049  0.132   0.084   0.000   0.000   25562590
 0.54  20.10   65.285
 0.54   1.00    0.316    0.009
 0.54   1.00    0.325   67.013
 0.54   1.00    0.314    0.621   0.325   0.616
 0.54   1.00    0.315    0.570   0.325   0.564

 0.55   0.00    0.616    0.565   0.327   0.023   0.049  0.133   0.084   0.000   0.000   26035970
 0.55  20.10   65.285
 0.55   1.00    0.316    0.009
 0.55   1.00    0.325   67.013
 0.55   1.00    0.314    0.621   0.325   0.616
 0.55   1.00    0.315    0.570   0.325   0.565

 0.56   0.00    0.616    0.565   0.327   0.023   0.049  0.133   0.084   0.000   0.000   26509350
 0.56  20.10   65.285
 0.56   1.00    0.316    0.009
 0.56   1.00    0.325   67.013
 0.56   1.00    0.314    0.622   0.325   0.616
 0.56   1.00    0.315    0.571   0.325   0.565

 0.57   0.00    0.616    0.565   0.327   0.023   0.049  0.133   0.084   0.000   0.000   26982730
 0.57  20.10   65.285
 0.57   1.00    0.316    0.009
 0.57   1.00    0.325   67.013
 0.57   1.00    0.314    0.622   0.325   0.616
 0.57   1.00    0.315    0.571   0.325   0.565

 0.58   0.00    0.616    0.565   0.327   0.023   0.049  0.133   0.084   0.000   0.000   27456110
 0.58  20.10   65.285
 0.58   1.00    0.316    0.009
 0.58   1.00    0.325   67.013
 0.58   1.00    0.314    0.622   0.325   0.617
 0.58   1.00    0.315    0.571   0.325   0.566

 0.59   0.00    0.617    0.565   0.327   0.023   0.049  0.133   0.084   0.000   0.000   27929490
 0.59  20.10   65.285
 0.59   1.00    0.316    0.009
 0.59   1.00    0.325   67.013
 0.59   1.00    0.314    0.623   0.325   0.617
 0.59   1.00    0.315    0.570   0.325   0.565

 0.60   0.00    0.617    0.564   0.327   0.023   0.049  0.134   0.085   0.000   0.000   28402870
 0.60  20.10   65.285
 0.60   1.00    0.316    0.009
 0.60   1.00    0.325   67.013
 0.60   1.00    0.314    0.623   0.325   0.617
 0.60   1.00    0.315    0.570   0.325   0.564

 0.61   0.00    0.618    0.564   0.327   0.023   0.049  0.134   0.085   0.000   0.000   28876250
 0.61  20.10   65.285
 0.61   1.00    0.316    0.009
 0.61   1.00    0.325   67.013
 0.61   1.00    0.314    0.624   0.325   0.618
 0.61   1.00    0.315    0.570   0.325   0.564

 0.62   0.00    0.619    0.564   0.327   0.023   0.049  0.135   0.085   0.000   0.000   29349640
 0.62  20.10   65.285
 0.62   1.00    0.316    0.009
 0.62   1.00    0.325   67.013
 0.62   1.00    0.314    0.625   0.325   0.619
 0.62   1.00    0.315    0.570   0.325   0.564

 0.63   0.00    0.620    0.564   0.327   0.023   0.049  0.136   0.086   0.000   0.000   29823020
 0.63  20.10   65.285
 0.63   1.00    0.316    0.009
 0.63   1.00    0.325   67.013
 0.63   1.00    0.314    0.626   0.325   0.620
 0.63   1.00    0.315    0.570   0.325   0.564

 0.64   0.00    0.621    0.564   0.327   0.023   0.049  0.136   0.086   0.000   0.000   30296400
 0.64  20.10   65.285
 0.64   1.00    0.316    0.009
 0.64   1.00    0.325   67.013
 0.64   1.00    0.314    0.627   0.325   0.621
 0.64   1.00    0.315    0.570   0.325   0.564

 0.65   0.00    0.622    0.564   0.326   0.023   0.049  0.137   0.087   0.000   0.000   30769780
 0.65  20.10   65.285
 0.65   1.00    0.316    0.009
 0.65   1.00    0.325   67.013
 0.65   1.00    0.314    0.628   0.325   0.622
 0.65   1.00    0.315    0.570   0.325   0.564

 0.66   0.00    0.623    0.564   0.326   0.023   0.049  0.138   0.087   0.000   0.000   31243160
 0.66  20.10   65.285
 0.66   1.00    0.316    0.009
 0.66   1.00    0.325   67.013
 0.66   1.00    0.314    0.629   0.325   0.624
 0.66   1.00    0.315    0.570   0.325   0.564

 0.67   0.00    0.624    0.564   0.326   0.023   0.049  0.139   0.088   0.000   0.000   31716540
 0.67  20.10   65.285
 0.67   1.00    0.316    0.009
 0.67   1.00    0.325   67.013
 0.67   1.00    0.314    0.630   0.325   0.625
 0.67   1.00    0.315    0.570   0.325   0.564

 0.68   0.00    0.625    0.564   0.326   0.023   0.049  0.139   0.088   0.000   0.000   32189920
 0.68  20.10   65.285
 0.68   1.00    0.316    0.009
 0.68   1.00    0.325   67.013
 0.68   1.00    0.314    0.631   0.325   0.626
 0.68   1.00    0.315    0.570   0.325   0.564

 0.69   0.00    0.626    0.564   0.326   0.023   0.049  0.140   0.089   0.000   0.000   32663300
 0.69  20.10   65.285
 0.69   1.00    0.316    0.009
 0.69   1.00    0.325   67.013
 0.69   1.00    0.314    0.632   0.325   0.627
 0.69   1.00    0.315    0.570   0.325   0.564

 0.70   0.00    0.627    0.564   0.326   0.023   0.049  0.141   0.089   0.000   0.000   33136680
 0.70  20.10   65.285
 0.70   1.00    0.316    0.009
 0.70   1.00    0.325   67.013
 0.70   1.00    0.314    0.633   0.325   0.628
 0.70   1.00    0.315    0.570   0.325   0.564

 0.71   0.00    0.629    0.564   0.326   0.023   0.049  0.141   0.089   0.000   0.000   33610060
 0.71  20.10   65.285
 0.71   1.00    0.316    0.009
 0.71   1.00    0.325   67.013
 0.71   1.00    0.314    0.634   0.325   0.629
 0.71   1.00    0.315    0.570   0.325   0.564

 0.72   0.00    0.630    0.564   0.326   0.023   0.049  0.142   0.090   0.000   0.000   34083450
 0.72  20.10   65.285
 0.72   1.00    0.316    0.009
 0.72   1.00    0.325   67.013
 0.72   1.00    0.314    0.635   0.325   0.630
 0.72   1.00    0.315    0.570   0.325   0.564

 0.73   0.00    0.631    0.564   0.326   0.023   0.049  0.143   0.090   0.000   0.000   34556830
 0.73  20.10   65.285
 0.73   1.00    0.316    0.009
 0.73   1.00    0.325   67.013
 0.73   1.00    0.314    0.636   0.325   0.631
 0.73   1.00    0.315    0.570   0.325   0.564

 0.74   0.00    0.632    0.564   0.326   0.023   0.049  0.143   0.091   0.000   0.000   35030210
 0.74  20.10   65.285
 0.74   1.00    0.316    0.009
 0.74   1.00    0.325   67.013
 0.74   1.00    0.314    0.637   0.325   0.632
 0.74   1.00    0.315    0.570   0.325   0.564

 0.75   0.00    0.633    0.564   0.325   0.023   0.049  0.144   0.091   0.000   0.000   35503590
 0.75  20.10   65.285
 0.75   1.00    0.316    0.009
 0.75   1.00    0.325   67.013
 0.75   1.00    0.314    0.638   0.325   0.633
 0.75   1.00    0.315    0.570   0.325   0.564

 0.76   0.00    0.634    0.564   0.325   0.023   0.049  0.145   0.092   0.000   0.000   35976970
 0.76  20.10   65.285
 0.76   1.00    0.316    0.009
 0.76   1.00    0.325   67.013
 0.76   1.00    0.314    0.640   0.325   0.634
 0.76   1.00    0.315    0.570   0.325   0.564

 0.77   0.00    0.635    0.564   0.325   0.023   0.049  0.146   0.092   0.000   0.000   36450350
 0.77  20.10   65.285
 0.77   1.00    0.316    0.009
 0.77   1.00    0.325   67.013
 0.77   1.00    0.314    0.641   0.325   0.635
 0.77   1.00    0.315    0.570   0.325   0.564

 0.78   0.00    0.636    0.564   0.325   0.023   0.049  0.146   0.093   0.000   0.000   36923730
 0.78  20.10   65.285
 0.78   1.00    0.316    0.009
 0.78   1.00    0.325   67.013
 0.78   1.00    0.314    0.642   0.325   0.636
 0.78   1.00    0.315    0.570   0.325   0.564

 0.79   0.00    0.637    0.564   0.325   0.023   0.049  0.147   0.093   0.000   0.000   37397120
 0.79  20.10   65.285
 0.79   1.00    0.316    0.009
 0.79   1.00    0.325   67.013
 0.79   1.00    0.314    0.643   0.325   0.637
 0.79   1.00    0.315    0.570   0.325   0.564

 0.80   0.00    0.638    0.564   0.325   0.023   0.049  0.148   0.093   0.000   0.000   37870500
 0.80  20.10   65.285
 0.80   1.00    0.316    0.009
 0.80   1.00    0.325   67.013
 0.80   1.00    0.314    0.644   0.325   0.638
 0.80   1.00    0.315    0.570   0.325   0.564

 0.81   0.00    0.639    0.564   0.325   0.023   0.049  0.148   0.094   0.000   0.000   38343880
 0.81  20.10   65.285
 0.81   1.00    0.316    0.009
 0.81   1.00    0.325   67.013
 0.81   1.00    0.314    0.645   0.325   0.639
 0.81   1.00    0.315    0.570   0.325   0.564

 0.82   0.00    0.640    0.564   0.325   0.023   0.049  0.149   0.094   0.000   0.000   38817260
 0.82  20.10   65.285
 0.82   1.00    0.316    0.009
 0.82   1.00    0.325   67.013
 0.82   1.00    0.314    0.646   0.325   0.640
 0.82   1.00    0.315    0.570   0.325   0.564

 0.83   0.00    0.641    0.564   0.325   0.023   0.049  0.150   0.095   0.000   0.000   39290640
 0.83  20.10   65.285
 0.83   1.00    0.316    0.009
 0.83   1.00    0.325   67.013
 0.83   1.00    0.314    0.647   0.325   0.641
 0.83   1.00    0.315    0.570   0.325   0.564

 0.84   0.00    0.642    0.564   0.325   0.023   0.049  0.150   0.095   0.000   0.000   39764020
 0.84  20.10   65.285
 0.84   1.00    0.316    0.009
 0.84   1.00    0.325   67.013
 0.84   1.00    0.314    0.648   0.325   0.642
 0.84   1.00    0.315    0.570   0.325   0.564

 0.85   0.00    0.643    0.564   0.325   0.023   0.049  0.151   0.096   0.000   0.000   40237400
 0.85  20.10   65.285
 0.85   1.00    0.316    0.009
 0.85   1.00    0.325   67.013
 0.85   1.00    0.314    0.649   0.325   0.643
 0.85   1.00    0.315    0.570   0.325   0.564

 0.86   0.00    0.644    0.564   0.324   0.023   0.049  0.152   0.096   0.000   0.000   40710780
 0.86  20.10   65.285
 0.86   1.00    0.316    0.009
 0.86   1.00    0.325   67.013
 0.86   1.00    0.314    0.650   0.325   0.644
 0.86   1.00    0.315    0.570   0.325   0.564

 0.87   0.00    0.645    0.564   0.324   0.023   0.049  0.152   0.096   0.000   0.000   41184170
 0.87  20.10   65.285
 0.87   1.00    0.316    0.009
 0.87   1.00    0.325   67.013
 0.87   1.00    0.314    0.651   0.325   0.645
 0.87   1.00    0.315    0.570   0.325   0.564

 0.88   0.00    0.646    0.564   0.324   0.023   0.049  0.153   0.097   0.000   0.000   41657550
 0.88  20.10   65.285
 0.88   1.00    0.316    0.009
 0.88   1.00    0.325   67.013
 0.88   1.00    0.314    0.652   0.325   0.646
 0.88   1.00    0.315    0.570   0.325   0.564

 0.89   0.00    0.647    0.564   0.324   0.023   0.049  0.154   0.097   0.000   0.000   42130930
 0.89  20.10   65.285
 0.89   1.00    0.316    0.009
 0.89   1.00    0.325   67.013
 0.89   1.00    0.314    0.653   0.325   0.647
 0.89   1.00    0.315    0.570   0.325   0.564

 0.90   0.00    0.648    0.564   0.324   0.023   0.049  0.155   0.098   0.000   0.000   42604310
 0.90  20.10   65.285
 0.90   1.00    0.316    0.009
 0.90   1.00    0.325   67.013
 0.90   1.00    0.314    0.654   0.325   0.648
 0.90   1.00    0.315    0.570   0.325   0.564

 0.91   0.00    0.653    0.568   43077690
 0.91  20.05   65.349
 0.91   1.00    0.315    0.009
 0.91   1.00    0.324   67.088
 0.91   1.00    0.313    0.658   0.324   0.653
 0.91   1.00    0.314    0.573   0.324   0.568

 0.92   0.00    0.666    0.579   43551070
 0.92  20.01   65.414
 0.92   1.00    0.315    0.009
 0.92   1.00    0.323   67.162
 0.92   1.00    0.312    0.672   0.323   0.666
 0.92   1.00    0.313    0.585   0.323   0.579

 0.93   0.00    0.681    0.591   44024450
 0.93  19.96   65.478
 0.93   1.00    0.314    0.009
 0.93   1.00    0.322   67.237
 0.93   1.00    0.311    0.687   0.322   0.681
 0.93   1.00    0.312    0.597   0.322   0.591

 0.94   0.00    0.692    0.597   44497840
 0.94  19.91   65.543
 0.94   1.00    0.313    0.009
 0.94   1.00    0.322   67.311
 0.94   1.00    0.310    0.698   0.322   0.692
 0.94   1.00    0.311    0.603   0.322   0.597

 0.95   0.00    0.703    0.603   44971220
 0.95  19.87   65.608
 0.95   1.00    0.312    0.009
 0.95   1.00    0.321   67.386
 0.95   1.00    0.308    0.708   0.321   0.703
 0.95   1.00    0.310    0.609   0.321   0.603

 0.96   0.00    0.713    0.609   45444600
 0.96  19.82   65.672
 0.96   1.00    0.311    0.009
 0.96   1.00    0.320   67.460
 0.96   1.00    0.307    0.719   0.320   0.714
 0.96   1.00    0.309    0.615   0.320   0.609

 0.97   0.00    0.724    0.615   45917980
 0.97  19.77   65.737
 0.97   1.00    0.311    0.009
 0.97   1.00    0.319   67.535
 0.97   1.00    0.306    0.730   0.319   0.724
 0.97   1.00    0.308    0.621   0.319   0.615

 0.98   0.00    0.735    0.621   46391360
 0.98  19.73   65.801
 0.98   1.00    0.310    0.009
 0.98   1.00    0.318   67.609
 0.98   1.00    0.305    0.741   0.318   0.735
 0.98   1.00    0.307    0.627   0.318   0.621

 0.99   0.00    0.746    0.627   46864740
 0.99  19.68   65.866
 0.99   1.00    0.309    0.009
 0.99   1.00    0.318   67.684
 0.99   1.00    0.304    0.751   0.318   0.746
 0.99   1.00    0.307    0.633   0.318   0.627

 1.00   0.00    0.757    0.633   47338120
 1.00  19.63   65.931
 1.00   1.00    0.308    0.009
 1.00   1.00    0.317   67.758
 1.00   1.00    0.303    0.762   0.317   0.757
 1.00   1.00    0.306    0.639   0.317   0.633

 1.01   0.00    0.767    0.639   47811500
 1.01  19.58   65.995
 1.01   1.00    0.307    0.009
 1.01   1.00    0.316   67.833
 1.01   1.00    0.302    0.773   0.316   0.768
 1.01   1.00    0.305    0.645   0.316   0.639

 1.02   0.00    0.778    0.645   48284880
 1.02  19.54   66.060
 1.02   1.00    0.306    0.009
 1.02   1.00    0.315   67.907
 1.02   1.00    0.301    0.784   0.315   0.778
 1.02   1.00    0.304    0.651   0.315   0.645

 1.03   0.00    0.789    0.651   48758260
 1.03  19.49   66.124
 1.03   1.00    0.306    0.009
 1.03   1.00    0.314   67.982
 1.03   1.00    0.300    0.794   0.314   0.789
 1.03   1.00    0.303    0.657   0.314   0.651

 1.04   0.00    0.800    0.657   49231640
 1.04  19.44   66.189
 1.04   1.00    0.305    0.009
 1.04   1.00    0.313   68.056
 1.04   1.00    0.299    0.805   0.313   0.800
 1.04   1.00    0.302    0.663   0.313   0.657

 1.05   0.00    0.810    0.663   0.316   0.074   0.210   0.128   0.002   0.081   0.000   0.000   0.000  49705020
 1.05  19.40   66.253
 1.05   1.00    0.304    0.009
 1.05   1.00    0.313   68.130
 1.05   1.00    0.298    0.816   0.313   0.811
 1.05   1.00    0.301    0.669   0.313   0.663

 1.06   0.00    0.807    0.661   0.315   0.073   0.210   0.127   0.002   0.081   0.000   0.000   0.000  50178410
 1.06  19.50   66.320
 1.06   1.00    0.306    0.009
 1.06   1.00    0.314   68.191
 1.06   1.00    0.300    0.813   0.314   0.808
 1.06   1.00    0.303    0.666   0.314   0.661

 1.07   0.00    0.804    0.659   0.313   0.072   0.210   0.127   0.002   0.080   0.000   0.000   0.000  50651790
 1.07  19.59   66.380
 1.07   1.00    0.307    0.009
 1.07   1.00    0.316   68.247
 1.07   1.00    0.302    0.810   0.316   0.805
 1.07   1.00    0.304    0.664   0.316   0.659

 1.08   0.00    0.801    0.656   0.312   0.072   0.210   0.126   0.002   0.080   0.000   0.000   0.000  51125170
 1.08  19.68   66.437
 1.08   1.00    0.309    0.009
 1.08   1.00    0.318   68.299
 1.08   1.00    0.304    0.807   0.318   0.802
 1.08   1.00    0.306    0.662   0.318   0.656

 1.09   0.00    0.799    0.654   0.311   0.071   0.210   0.126   0.002   0.080   0.000   0.000   0.000  51598560
 1.09  19.76   66.490
 1.09   1.00    0.310    0.009
 1.09   1.00    0.319   68.348
 1.09   1.00    0.305    0.804   0.319   0.799
 1.09   1.00    0.308    0.660   0.319   0.654

 1.10   0.00    0.796    0.652   0.309   0.070   0.210   0.125   0.002   0.079   0.000   0.000   0.000  52071940
 1.10  19.84   66.540
 1.10   1.00    0.312    0.009
 1.10   1.00    0.320   68.395
 1.10   1.00    0.306    0.801   0.320   0.796
 1.10   1.00    0.309    0.657   0.320   0.652

 1.11   0.00    0.793    0.649   0.308   0.070   0.210   0.125   0.002   0.079   0.000   0.000   0.000  52545320
 1.11  19.92   66.588
 1.11   1.00    0.313    0.009
 1.11   1.00    0.322   68.439
 1.11   1.00    0.308    0.799   0.322   0.793
 1.11   1.00    0.310    0.655   0.322   0.650

 1.12   0.00    0.790    0.647   0.307   0.069   0.210   0.124   0.002   0.078   0.000   0.000   0.000  53018700
 1.12  19.99   66.634
 1.12   1.00    0.314    0.009
 1.12   1.00    0.323   68.481
 1.12   1.00    0.309    0.796   0.323   0.790
 1.12   1.00    0.312    0.653   0.323   0.647

 1.13   0.00    0.787    0.645   0.305   0.068   0.210   0.123   0.002   0.078   0.000   0.000   0.000  53492080
 1.13  20.06   66.678
 1.13   1.00    0.316    0.009
 1.13   1.00    0.324   68.521
 1.13   1.00    0.310    0.793   0.324   0.787
 1.13   1.00    0.313    0.651   0.324   0.645

 1.14   0.00    0.784    0.643   0.304   0.068   0.210   0.123   0.002   0.078   0.000   0.000   0.000  53965460
 1.14  20.13   66.720
 1.14   1.00    0.317    0.009
 1.14   1.00    0.325   68.560
 1.14   1.00    0.312    0.790   0.325   0.785
 1.14   1.00    0.314    0.649   0.325   0.643

 1.15   0.00    0.782    0.641   0.303   0.067   0.210   0.122   0.002   0.077   0.000   0.000   0.000  54438840
 1.15  20.20   66.761
 1.15   1.00    0.318    0.009
 1.15   1.00    0.327   68.598
 1.15   1.00    0.313    0.788   0.327   0.782
 1.15   1.00    0.315    0.647   0.327   0.641

 1.16   0.00    0.778    0.638   0.301   0.067   0.209   0.122   0.002   0.077   0.000   0.000   0.000  54912220
 1.16  20.26   66.801
 1.16   1.00    0.319    0.009
 1.16   1.00    0.328   68.634
 1.16   1.00    0.314    0.784   0.328   0.778
 1.16   1.00    0.317    0.644   0.328   0.638

 1.17   0.00    0.775    0.635   0.300   0.066   0.208   0.121   0.002   0.077   0.000   0.000   0.000  55385600
 1.17  20.33   66.839
 1.17   1.00    0.320    0.009
 1.17   1.00    0.329   68.670
 1.17   1.00    0.315    0.780   0.329   0.775
 1.17   1.00    0.318    0.641   0.329   0.635

 1.18   0.00    0.771    0.632   0.299   0.066   0.207   0.121   0.002   0.076   0.000   0.000   0.000  55858980
 1.18  20.39   66.877
 1.18   1.00    0.321    0.009
 1.18   1.00    0.330   68.704
 1.18   1.00    0.316    0.777   0.330   0.771
 1.18   1.00    0.319    0.638   0.330   0.632

 1.19   0.00    0.767    0.629   0.298   0.065   0.206   0.120   0.002   0.076   0.000   0.000   0.000  56332370
 1.19  20.45   66.913
 1.19   1.00    0.322    0.009
 1.19   1.00    0.331   68.738
 1.19   1.00    0.318    0.773   0.331   0.768
 1.19   1.00    0.320    0.635   0.331   0.629

 1.20   0.00    0.764    0.626   0.296   0.065   0.205   0.119   0.002   0.076   0.000   0.000   0.000  56805750
 1.20  20.51   66.949
 1.20   1.00    0.323    0.009
 1.20   1.00    0.332   68.770
 1.20   1.00    0.319    0.770   0.332   0.764
 1.20   1.00    0.321    0.632   0.332   0.626

 1.21   0.00    0.760    0.622   0.295   0.064   0.205   0.119   0.002   0.075   0.000   0.000   0.000  57279130
 1.21  20.57   66.983
 1.21   1.00    0.324    0.009
 1.21   1.00    0.333   68.802
 1.21   1.00    0.320    0.766   0.333   0.761
 1.21   1.00    0.322    0.628   0.333   0.623

 1.22   0.00    0.757    0.619   0.294   0.064   0.204   0.118   0.002   0.075   0.000   0.000   0.000  57752510
 1.22  20.55   66.981
 1.22   1.00    0.324    0.009
 1.22   1.00    0.333   68.802
 1.22   1.00    0.319    0.763   0.333   0.757
 1.22   1.00    0.322    0.625   0.333   0.619

 1.23   0.00    0.754    0.615   0.293   0.063   0.203   0.118   0.002   0.075   0.000   0.000   0.000  58225890
 1.23  20.50   66.967
 1.23   1.00    0.323    0.009
 1.23   1.00    0.332   68.791
 1.23   1.00    0.319    0.760   0.332   0.754
 1.23   1.00    0.321    0.621   0.332   0.616

 1.24   0.00    0.750    0.612   0.291   0.063   0.202   0.117   0.003   0.074   0.000   0.000   0.000  58699270
 1.24  20.46   66.953
 1.24   1.00    0.322    0.009
 1.24   1.00    0.331   68.780
 1.24   1.00    0.318    0.756   0.331   0.751
 1.24   1.00    0.320    0.618   0.331   0.612

 1.25   0.00    0.747    0.609   0.290   0.062   0.201   0.117   0.003   0.074   0.000   0.000   0.000  59172650
 1.25  20.41   66.940
 1.25   1.00    0.322    0.009
 1.25   1.00    0.330   68.770
 1.25   1.00    0.317    0.753   0.330   0.747
 1.25   1.00    0.320    0.615   0.330   0.609

 1.26   0.00    0.744    0.606   0.289   0.062   0.200   0.116   0.003   0.074   0.000   0.000   0.000  59646030
 1.26  20.37   66.915
 1.26   1.00    0.321    0.009
 1.26   1.00    0.330   68.747
 1.26   1.00    0.317    0.750   0.330   0.744
 1.26   1.00    0.319    0.612   0.330   0.606

 1.27   0.00    0.741    0.603   0.288   0.062   0.199   0.116   0.004   0.073   0.000   0.000   0.000  60119410
 1.27  20.34   66.891
 1.27   1.00    0.320    0.009
 1.27   1.00    0.329   68.725
 1.27   1.00    0.316    0.747   0.329   0.741
 1.27   1.00    0.318    0.609   0.329   0.603

 1.28   0.00    0.738    0.600   0.287   0.061   0.198   0.115   0.004   0.073   0.000   0.000   0.000  60592800
 1.28  20.30   66.868
 1.28   1.00    0.320    0.009
 1.28   1.00    0.328   68.703
 1.28   1.00    0.315    0.744   0.328   0.738
 1.28   1.00    0.318    0.606   0.328   0.600

 1.29   0.00    0.735    0.597   0.285   0.061   0.197   0.115   0.005   0.073   0.000   0.000   0.000  61066180
 1.29  20.26   66.844
 1.29   1.00    0.319    0.009
 1.29   1.00    0.328   68.681
 1.29   1.00    0.315    0.741   0.328   0.736
 1.29   1.00    0.317    0.603   0.328   0.597

 1.30   0.00    0.733    0.594   0.284   0.060   0.197   0.114   0.005   0.072   0.000   0.000   0.000  61539560
 1.30  20.22   66.820
 1.30   1.00    0.318    0.009
 1.30   1.00    0.327   68.659
 1.30   1.00    0.314    0.738   0.327   0.733
 1.30   1.00    0.317    0.600   0.327   0.595

 1.31   0.00    0.730    0.592   0.283   0.060   0.196   0.114   0.006   0.072   0.000   0.000   0.000  62012940
 1.31  20.19   66.797
 1.31   1.00    0.318    0.009
 1.31   1.00    0.326   68.638
 1.31   1.00    0.314    0.736   0.326   0.730
 1.31   1.00    0.316    0.598   0.326   0.592

 1.32   0.00    0.727    0.589   0.282   0.060   0.195   0.113   0.006   0.072   0.000   0.000   0.000  62486320
 1.32  20.15   66.774
 1.32   1.00    0.317    0.009
 1.32   1.00    0.326   68.616
 1.32   1.00    0.313    0.733   0.326   0.727
 1.32   1.00    0.315    0.595   0.326   0.589

 1.33   0.00    0.725    0.586   0.281   0.059   0.194   0.113   0.007   0.071   0.000   0.000   0.000  62959700
 1.33  20.11   66.751
 1.33   1.00    0.316    0.009
 1.33   1.00    0.325   68.595
 1.33   1.00    0.312    0.730   0.325   0.725
 1.33   1.00    0.315    0.592   0.325   0.587

 1.34   0.00    0.722    0.584   0.280   0.059   0.193   0.112   0.007   0.071   0.000   0.000   0.000  63433080
 1.34  20.08   66.728
 1.34   1.00    0.316    0.009
 1.34   1.00    0.325   68.574
 1.34   1.00    0.312    0.728   0.325   0.722
 1.34   1.00    0.314    0.590   0.325   0.584

 1.35   0.00    0.720    0.581   0.278   0.058   0.192   0.112   0.008   0.071   0.000   0.000   0.000  63906460
 1.35  20.04   66.705
 1.35   1.00    0.315    0.009
 1.35   1.00    0.324   68.552
 1.35   1.00    0.311    0.725   0.324   0.720
 1.35   1.00    0.314    0.587   0.324   0.582

 1.36   0.00    0.717    0.579   0.277   0.058   0.191   0.111   0.009   0.070   0.000   0.000   0.000  64379850
 1.36  20.01   66.682
 1.36   1.00    0.315    0.009
 1.36   1.00    0.323   68.531
 1.36   1.00    0.311    0.723   0.323   0.717
 1.36   1.00    0.313    0.585   0.323   0.579

 1.37   0.00    0.715    0.577   0.276   0.058   0.191   0.111   0.010   0.070   0.000   0.000   0.000  64853230
 1.37  19.97   66.659
 1.37   1.00    0.314    0.009
 1.37   1.00    0.323   68.510
 1.37   1.00    0.310    0.720   0.323   0.715
 1.37   1.00    0.313    0.582   0.323   0.577

 1.38   0.00    0.712    0.574   0.275   0.057   0.190   0.110   0.010   0.070   0.000   0.000   0.000  65326610
 1.38  19.94   66.637
 1.38   1.00    0.313    0.009
 1.38   1.00    0.322   68.489
 1.38   1.00    0.310    0.718   0.322   0.713
 1.38   1.00    0.312    0.580   0.322   0.574

 1.39   0.00    0.710    0.572   0.274   0.057   0.189   0.110   0.011   0.069   0.000   0.000   0.000  65799990
 1.39  19.90   66.614
 1.39   1.00    0.313    0.009
 1.39   1.00    0.321   68.468
 1.39   1.00    0.309    0.716   0.321   0.710
 1.39   1.00    0.311    0.578   0.321   0.572

 1.40   0.00    0.708    0.570   0.273   0.057   0.188   0.109   0.012   0.069   0.000   0.000   0.000  66273370
 1.40  19.87   66.591
 1.40   1.00    0.312    0.009
 1.40   1.00    0.321   68.447
 1.40   1.00    0.308    0.713   0.321   0.708
 1.40   1.00    0.311    0.575   0.321   0.570

 1.41   0.00    0.706    0.567   0.272   0.056   0.187   0.109   0.013   0.069   0.000   0.000   0.000  66746750
 1.41  19.84   66.569
 1.41   1.00    0.312    0.009
 1.41   1.00    0.320   68.427
 1.41   1.00    0.308    0.711   0.320   0.706
 1.41   1.00    0.310    0.573   0.320   0.568

 1.42   0.00    0.703    0.565   0.270   0.056   0.186   0.108   0.014   0.069   0.000   0.000   0.000  67220130
 1.42  19.80   66.547
 1.42   1.00    0.311    0.009
 1.42   1.00    0.320   68.406
 1.42   1.00    0.307    0.709   0.320   0.704
 1.42   1.00    0.310    0.571   0.320   0.566

 1.43   0.00    0.701    0.563   0.269   0.056   0.186   0.108   0.015   0.068   0.000   0.000   0.000  67693510
 1.43  19.77   66.524
 1.43   1.00    0.310    0.009
 1.43   1.00    0.319   68.385
 1.43   1.00    0.307    0.707   0.319   0.702
 1.43   1.00    0.309    0.569   0.319   0.563

 1.44   0.00    0.699    0.561   0.268   0.055   0.185   0.107   0.016   0.068   0.000   0.000   0.000  68166900
 1.44  19.73   66.508
 1.44   1.00    0.310    0.009
 1.44   1.00    0.319   68.364
 1.44   1.00    0.306    0.705   0.319   0.700
 1.44   1.00    0.309    0.567   0.319   0.561

 1.45   0.00    0.697    0.559   0.267   0.055   0.184   0.107   0.017   0.068   0.000   0.000   0.000  68640280
 1.45  19.69   66.494
 1.45   1.00    0.309    0.009
 1.45   1.00    0.318   68.344
 1.45   1.00    0.306    0.703   0.318   0.698
 1.45   1.00    0.308    0.565   0.318   0.559

 1.46   0.00    0.695    0.557   0.266   0.055   0.183   0.106   0.018   0.067   0.000   0.000   0.000  69113660
 1.46  19.65   66.480
 1.46   1.00    0.309    0.009
 1.46   1.00    0.317   68.323
 1.46   1.00    0.305    0.701   0.317   0.696
 1.46   1.00    0.308    0.563   0.317   0.557

 1.47   0.00    0.693    0.555   0.265   0.054   0.182   0.106   0.019   0.067   0.000   0.000   0.000  69587040
 1.47  19.61   66.466
 1.47   1.00    0.308    0.009
 1.47   1.00    0.317   68.302
 1.47   1.00    0.305    0.699   0.317   0.694
 1.47   1.00    0.307    0.561   0.317   0.556

 1.48   0.00    0.692    0.553   0.264   0.054   0.182   0.106   0.020   0.067   0.000   0.000   0.000  70060420
 1.48  19.57   66.453
 1.48   1.00    0.308    0.009
 1.48   1.00    0.316   68.282
 1.48   1.00    0.304    0.697   0.316   0.692
 1.48   1.00    0.307    0.559   0.316   0.554

 1.49   0.00    0.690    0.552   0.263   0.054   0.181   0.105   0.021   0.066   0.000   0.000   0.000  70533800
 1.49  19.53   66.439
 1.49   1.00    0.307    0.009
 1.49   1.00    0.316   68.261
 1.49   1.00    0.304    0.695   0.316   0.690
 1.49   1.00    0.306    0.557   0.316   0.552

 1.50   0.00    0.688    0.550   0.262   0.054   0.180   0.105   0.022   0.066   0.000   0.000   0.000  71007180
 1.50  19.49   66.426
 1.50   1.00    0.307    0.009
 1.50   1.00    0.315   68.241
 1.50   1.00    0.303    0.694   0.315   0.688
 1.50   1.00    0.306    0.556   0.315   0.550

 1.51   0.00    0.686    0.548   0.261   0.053   0.179   0.104   0.023   0.066   0.000   0.000   0.000  71480560
 1.51  19.46   66.412
 1.51   1.00    0.306    0.009
 1.51   1.00    0.315   68.220
 1.51   1.00    0.303    0.692   0.315   0.687
 1.51   1.00    0.305    0.554   0.315   0.548

 1.52   0.00    0.685    0.547   0.260   0.053   0.178   0.104   0.024   0.066   0.000   0.000   0.000  71953940
 1.52  19.42   66.399
 1.52   1.00    0.305    0.009
 1.52   1.00    0.314   68.199
 1.52   1.00    0.302    0.690   0.314   0.685
 1.52   1.00    0.304    0.552   0.314   0.547

 1.53   0.00    0.683    0.545   0.258   0.053   0.178   0.103   0.026   0.065   0.000   0.000   0.000  72427330
 1.53  19.38   66.386
 1.53   1.00    0.305    0.009
 1.53   1.00    0.314   68.179
 1.53   1.00    0.302    0.689   0.314   0.683
 1.53   1.00    0.304    0.550   0.314   0.545

 1.54   0.00    0.681    0.543   0.257   0.053   0.177   0.103   0.027   0.065   0.000   0.000   0.000  72900700
 1.54  19.34   66.372
 1.54   1.00    0.304    0.009
 1.54   1.00    0.313   68.158
 1.54   1.00    0.301    0.687   0.313   0.682
 1.54   1.00    0.303    0.549   0.313   0.544

 1.55   0.00    0.680    0.542   0.256   0.052   0.176   0.102   0.028   0.065   0.000   0.000   0.000  73374090
 1.55  19.30   66.359
 1.55   1.00    0.304    0.009
 1.55   1.00    0.312   68.138
 1.55   1.00    0.301    0.685   0.312   0.680
 1.55   1.00    0.303    0.547   0.312   0.542

 1.56   0.00    0.678    0.540   0.255   0.052   0.175   0.102   0.030   0.064   0.000   0.000   0.000  73847460
 1.56  19.26   66.345
 1.56   1.00    0.303    0.009
 1.56   1.00    0.312   68.117
 1.56   1.00    0.300    0.684   0.312   0.679
 1.56   1.00    0.302    0.546   0.312   0.540

 1.57   0.00    0.677    0.539   0.254   0.052   0.174   0.101   0.031   0.064   0.000   0.000   0.000  74320860
 1.57  19.22   66.332
 1.57   1.00    0.303    0.009
 1.57   1.00    0.311   68.097
 1.57   1.00    0.299    0.683   0.311   0.677
 1.57   1.00    0.302    0.544   0.311   0.539

 1.58   0.00    0.676    0.537   0.253   0.051   0.174   0.101   0.032   0.064   0.000   0.000   0.000  74794230
 1.58  19.19   66.319
 1.58   1.00    0.302    0.009
 1.58   1.00    0.311   68.076
 1.58   1.00    0.299    0.681   0.311   0.676
 1.58   1.00    0.301    0.543   0.311   0.538

 1.59   0.00    0.674    0.536   0.252   0.051   0.173   0.101   0.034   0.064   0.000   0.000   0.000  75267620
 1.59  19.15   66.306
 1.59   1.00    0.302    0.009
 1.59   1.00    0.310   68.055
 1.59   1.00    0.298    0.680   0.310   0.674
 1.59   1.00    0.301    0.542   0.310   0.536

 1.60   0.00    0.673    0.535   0.251   0.051   0.172   0.100   0.035   0.063   0.000   0.000   0.000  75740990
 1.60  19.11   66.292
 1.60   1.00    0.301    0.009
 1.60   1.00    0.310   68.035
 1.60   1.00    0.298    0.678   0.310   0.673
 1.60   1.00    0.300    0.540   0.310   0.535

 1.61   0.00    0.672    0.534   0.250   0.051   0.171   0.100   0.037   0.063   0.000   0.000   0.000  76214380
 1.61  19.07   66.279
 1.61   1.00    0.301    0.009
 1.61   1.00    0.309   68.014
 1.61   1.00    0.297    0.677   0.309   0.672
 1.61   1.00    0.300    0.539   0.309   0.534

 1.62   0.00    0.670    0.532   0.249   0.051   0.171   0.099   0.038   0.063   0.000   0.000   0.000  76687760
 1.62  19.04   66.266
 1.62   1.00    0.300    0.009
 1.62   1.00    0.309   67.994
 1.62   1.00    0.297    0.676   0.309   0.671
 1.62   1.00    0.299    0.538   0.309   0.532

 1.63   0.00    0.669    0.531   0.248   0.050   0.170   0.099   0.040   0.063   0.000   0.000   0.000  77161140
 1.63  19.00   66.253
 1.63   1.00    0.300    0.009
 1.63   1.00    0.308   67.973
 1.63   1.00    0.296    0.675   0.308   0.669
 1.63   1.00    0.299    0.537   0.308   0.531

 1.64   0.00    0.668    0.530   0.247   0.050   0.169   0.098   0.041   0.062   0.000   0.000   0.000  77634520
 1.64  18.96   66.240
 1.64   1.00    0.299    0.009
 1.64   1.00    0.308   67.952
 1.64   1.00    0.296    0.674   0.308   0.668
 1.64   1.00    0.298    0.535   0.308   0.530

 1.65   0.00    0.667    0.529   0.246   0.050   0.168   0.098   0.043   0.062   0.000   0.000   0.000  78107900
 1.65  18.92   66.226
 1.65   1.00    0.298    0.009
 1.65   1.00    0.307   67.932
 1.65   1.00    0.295    0.672   0.307   0.667
 1.65   1.00    0.298    0.534   0.307   0.529

 1.66   0.00    0.666    0.528   0.245   0.050   0.168   0.098   0.044   0.062   0.000   0.000   0.000  78581280
 1.66  18.89   66.213
 1.66   1.00    0.298    0.009
 1.66   1.00    0.307   67.911
 1.66   1.00    0.295    0.671   0.307   0.666
 1.66   1.00    0.297    0.533   0.307   0.528

 1.67   0.00    0.665    0.527   0.244   0.049   0.167   0.097   0.046   0.061   0.000   0.000   0.000  79054660
 1.67  18.85   66.200
 1.67   1.00    0.297    0.009
 1.67   1.00    0.306   67.890
 1.67   1.00    0.294    0.670   0.306   0.665
 1.67   1.00    0.297    0.532   0.306   0.527

 1.68   0.00    0.664    0.526   0.243   0.049   0.166   0.097   0.048   0.061   0.000   0.000   0.000  79528040
 1.68  18.81   66.187
 1.68   1.00    0.297    0.009
 1.68   1.00    0.306   67.870
 1.68   1.00    0.294    0.669   0.306   0.664
 1.68   1.00    0.296    0.531   0.306   0.526

 1.69   0.00    0.663    0.525   0.242   0.049   0.165   0.096   0.049   0.061   0.000   0.000   0.000  80001430
 1.69  18.78   66.174
 1.69   1.00    0.296    0.009
 1.69   1.00    0.305   67.849
 1.69   1.00    0.293    0.669   0.305   0.663
 1.69   1.00    0.296    0.530   0.305   0.525

 1.70   0.00    0.662    0.524   0.241   0.049   0.165   0.096   0.051   0.061   0.000   0.000   0.000  80474810
 1.70  18.74   66.160
 1.70   1.00    0.296    0.009
 1.70   1.00    0.305   67.828
 1.70   1.00    0.293    0.668   0.305   0.662
 1.70   1.00    0.295    0.530   0.305   0.524

 1.71   0.00    0.661    0.523   0.240   0.049   0.164   0.095   0.053   0.060   0.000   0.000   0.000  80948190
 1.71  18.70   66.147
 1.71   1.00    0.295    0.009
 1.71   1.00    0.304   67.807
 1.71   1.00    0.292    0.667   0.304   0.662
 1.71   1.00    0.295    0.529   0.304   0.523

 1.72   0.00    0.661    0.522   0.239   0.048   0.163   0.095   0.055   0.060   0.000   0.000   0.000  81421570
 1.72  18.67   66.134
 1.72   1.00    0.295    0.009
 1.72   1.00    0.304   67.786
 1.72   1.00    0.292    0.666   0.304   0.661
 1.72   1.00    0.294    0.528   0.304   0.523

 1.73   0.00    0.660    0.522   0.238   0.048   0.163   0.095   0.057   0.060   0.000   0.000   0.000  81894950
 1.73  18.63   66.121
 1.73   1.00    0.294    0.009
 1.73   1.00    0.303   67.765
 1.73   1.00    0.291    0.665   0.303   0.660
 1.73   1.00    0.294    0.527   0.303   0.522

 1.74   0.00    0.659    0.521   0.237   0.048   0.162   0.094   0.058   0.060   0.000   0.000   0.000  82368340
 1.74  18.60   66.108
 1.74   1.00    0.294    0.009
 1.74   1.00    0.303   67.745
 1.74   1.00    0.291    0.665   0.303   0.659
 1.74   1.00    0.293    0.526   0.303   0.521

 1.75   0.00    0.659    0.520   0.236   0.048   0.161   0.094   0.060   0.059   0.000   0.000   0.000  82841710
 1.75  18.56   66.094
 1.75   1.00    0.293    0.009
 1.75   1.00    0.302   67.724
 1.75   1.00    0.290    0.664   0.302   0.659
 1.75   1.00    0.293    0.526   0.302   0.521

 1.76   0.00    0.658    0.520   0.235   0.048   0.160   0.093   0.062   0.059   0.000   0.000   0.000  83315100
 1.76  18.52   66.081
 1.76   1.00    0.293    0.009
 1.76   1.00    0.302   67.703
 1.76   1.00    0.290    0.663   0.302   0.658
 1.76   1.00    0.292    0.525   0.302   0.520

 1.77   0.00    0.657    0.519   0.234   0.047   0.160   0.093   0.064   0.059   0.000   0.000   0.000  83788470
 1.77  18.49   66.068
 1.77   1.00    0.292    0.009
 1.77   1.00    0.301   67.682
 1.77   1.00    0.289    0.663   0.301   0.658
 1.77   1.00    0.292    0.525   0.301   0.519

 1.78   0.00    0.657    0.519   0.233   0.047   0.159   0.093   0.066   0.059   0.000   0.000   0.000  84261860
 1.78  18.45   66.054
 1.78   1.00    0.292    0.009
 1.78   1.00    0.301   67.661
 1.78   1.00    0.289    0.662   0.301   0.657
 1.78   1.00    0.291    0.524   0.301   0.519

 1.79   0.00    0.656    0.518   0.232   0.047   0.158   0.092   0.068   0.058   0.000   0.000   0.000  84735230
 1.79  18.42   66.041
 1.79   1.00    0.291    0.009
 1.79   1.00    0.300   67.639
 1.79   1.00    0.289    0.662   0.300   0.657
 1.79   1.00    0.291    0.524   0.300   0.518

 1.80   0.00    0.656    0.518   0.231   0.047   0.158   0.092   0.070   0.058   0.000   0.000   0.000  85208620
 1.80  18.38   66.028
 1.80   1.00    0.291    0.009
 1.80   1.00    0.300   67.618
 1.80   1.00    0.288    0.661   0.300   0.656
 1.80   1.00    0.290    0.523   0.300   0.518

 1.81   0.00    0.655    0.517   0.230   0.047   0.157   0.091   0.072   0.058   0.000   0.000   0.000  85682000
 1.81  18.34   66.015
 1.81   1.00    0.290    0.009
 1.81   1.00    0.299   67.597
 1.81   1.00    0.288    0.661   0.299   0.656
 1.81   1.00    0.290    0.523   0.299   0.518

 1.82   0.00    0.655    0.517   0.229   0.047   0.156   0.091   0.074   0.058   0.000   0.000   0.000  86155380
 1.82  18.31   66.001
 1.82   1.00    0.290    0.009
 1.82   1.00    0.299   67.576
 1.82   1.00    0.287    0.660   0.299   0.655
 1.82   1.00    0.289    0.522   0.299   0.517

 1.83   0.00    0.655    0.517   0.228   0.046   0.156   0.091   0.077   0.057   0.000   0.000   0.000  86628770
 1.83  18.27   65.988
 1.83   1.00    0.289    0.009
 1.83   1.00    0.298   67.555
 1.83   1.00    0.287    0.660   0.298   0.655
 1.83   1.00    0.289    0.522   0.298   0.517

 1.84   0.00    0.655    0.516   0.227   0.046   0.155   0.090   0.079   0.057   0.000   0.000   0.000  87102140
 1.84  18.24   65.974
 1.84   1.00    0.289    0.009
 1.84   1.00    0.298   67.533
 1.84   1.00    0.286    0.660   0.298   0.655
 1.84   1.00    0.288    0.522   0.298   0.517

 1.85   0.00    0.654    0.516   0.226   0.046   0.154   0.090   0.081   0.057   0.000   0.000   0.000  87575530
 1.85  18.20   65.961
 1.85   1.00    0.288    0.009
 1.85   1.00    0.297   67.512
 1.85   1.00    0.286    0.660   0.297   0.655
 1.85   1.00    0.288    0.521   0.297   0.516

 1.86   0.00    0.654    0.516   0.225   0.046   0.153   0.089   0.083   0.057   0.000   0.000   0.000  88048900
 1.86  18.17   65.948
 1.86   1.00    0.288    0.009
 1.86   1.00    0.297   67.491
 1.86   1.00    0.285    0.659   0.297   0.654
 1.86   1.00    0.288    0.521   0.297   0.516

 1.87   0.00    0.654    0.516   0.225   0.046   0.153   0.089   0.086   0.056   0.000   0.000   0.000  88522290
 1.87  18.13   65.934
 1.87   1.00    0.287    0.009
 1.87   1.00    0.296   67.469
 1.87   1.00    0.285    0.659   0.296   0.654
 1.87   1.00    0.287    0.521   0.296   0.516

 1.88   0.00    0.654    0.516   0.224   0.046   0.152   0.089   0.088   0.056   0.000   0.000   0.000  88995670
 1.88  18.10   65.921
 1.88   1.00    0.287    0.009
 1.88   1.00    0.296   67.448
 1.88   1.00    0.284    0.659   0.296   0.654
 1.88   1.00    0.287    0.521   0.296   0.516

 1.89   0.00    0.654    0.516   0.223   0.045   0.151   0.088   0.090   0.056   0.000   0.000   0.000  89469050
 1.89  18.06   65.907
 1.89   1.00    0.286    0.009
 1.89   1.00    0.295   67.426
 1.89   1.00    0.284    0.659   0.295   0.654
 1.89   1.00    0.286    0.521   0.295   0.516

 1.90   0.00    0.654    0.516   0.222   0.045   0.151   0.088   0.093   0.056   0.000   0.000   0.000  89942430
 1.90  18.03   65.894
 1.90   1.00    0.286    0.009
 1.90   1.00    0.295   67.405
 1.90   1.00    0.283    0.659   0.295   0.654
 1.90   1.00    0.286    0.521   0.295   0.516

 1.91   0.00    0.654    0.516   0.221   0.045   0.150   0.088   0.095   0.055   0.000   0.000   0.000  90415810
 1.91  17.99   65.880
 1.91   1.00    0.285    0.009
 1.91   1.00    0.294   67.383
 1.91   1.00    0.283    0.659   0.294   0.654
 1.91   1.00    0.285    0.521   0.294   0.516

 1.92   0.00    0.654    0.516   0.220   0.045   0.149   0.087   0.098   0.055   0.000   0.000   0.000  90889190
 1.92  17.96   65.867
 1.92   1.00    0.285    0.009
 1.92   1.00    0.294   67.361
 1.92   1.00    0.282    0.659   0.294   0.654
 1.92   1.00    0.285    0.521   0.294   0.516

 1.93   0.00    0.654    0.516   0.219   0.045   0.149   0.087   0.100   0.055   0.000   0.000   0.000  91362580
 1.93  17.92   65.853
 1.93   1.00    0.285    0.009
 1.93   1.00    0.293   67.340
 1.93   1.00    0.282    0.659   0.293   0.654
 1.93   1.00    0.284    0.521   0.293   0.516

 1.94   0.00    0.654    0.516   0.218   0.045   0.148   0.086   0.103   0.055   0.000   0.000   0.000  91835960
 1.94  17.89   65.839
 1.94   1.00    0.284    0.009
 1.94   1.00    0.293   67.318
 1.94   1.00    0.281    0.659   0.293   0.654
 1.94   1.00    0.284    0.521   0.293   0.516

 1.95   0.00    0.654    0.516   0.217   0.044   0.148   0.086   0.105   0.054   0.000   0.000   0.000  92309340
 1.95  17.85   65.826
 1.95   1.00    0.284    0.009
 1.95   1.00    0.292   67.296
 1.95   1.00    0.281    0.660   0.292   0.655
 1.95   1.00    0.283    0.522   0.292   0.516

 1.96   0.00    0.655    0.517   0.216   0.044   0.147   0.086   0.108   0.054   0.000   0.000   0.000  92782720
 1.96  17.82   65.812
 1.96   1.00    0.283    0.009
 1.96   1.00    0.292   67.274
 1.96   1.00    0.280    0.660   0.292   0.655
 1.96   1.00    0.283    0.522   0.292   0.517

 1.97   0.00    0.655    0.517   0.215   0.044   0.146   0.085   0.110   0.054   0.000   0.000   0.000  93256100
 1.97  17.78   65.798
 1.97   1.00    0.283    0.009
 1.97   1.00    0.291   67.252
 1.97   1.00    0.280    0.660   0.291   0.655
 1.97   1.00    0.282    0.522   0.291   0.517

 1.98   0.00    0.655    0.517   0.214   0.044   0.146   0.085   0.113   0.054   0.000   0.000   0.000  93729480
 1.98  17.75   65.784
 1.98   1.00    0.282    0.009
 1.98   1.00    0.291   67.230
 1.98   1.00    0.279    0.661   0.291   0.656
 1.98   1.00    0.282    0.522   0.291   0.517

                              -------->  FIN LEADING EDGE SUPERSONIC  <--------

 1.99   0.00    0.654    0.515   0.213   0.044   0.145   0.084   0.114   0.053   0.000   0.000   0.000  94202860
 1.99  17.71   65.771
 1.99   1.00    0.282    0.009
 1.99   1.00    0.290   67.209
 1.99   1.00    0.279    0.659   0.290   0.654
 1.99   1.00    0.281    0.520   0.290   0.515

 2.00   0.00    0.651    0.512   0.212   0.044   0.144   0.084   0.113   0.053   0.000   0.000   0.000  94676240
 2.00  17.68   65.758
 2.00   1.00    0.281    0.009
 2.00   1.00    0.290   67.188
 2.00   1.00    0.278    0.656   0.290   0.651
 2.00   1.00    0.281    0.517   0.290   0.512

 2.01   0.00    0.648    0.509   0.212   0.044   0.144   0.084   0.112   0.053   0.000   0.000   0.000  95149620
 2.01  17.65   65.745
 2.01   1.00    0.281    0.009
 2.01   1.00    0.289   67.166
 2.01   1.00    0.278    0.653   0.289   0.648
 2.01   1.00    0.280    0.514   0.289   0.509

 2.02   0.00    0.645    0.505   0.211   0.043   0.143   0.083   0.112   0.053   0.000   0.000   0.000  95623010
 2.02  17.61   65.731
 2.02   1.00    0.280    0.009
 2.02   1.00    0.289   67.143
 2.02   1.00    0.278    0.650   0.289   0.645
 2.02   1.00    0.280    0.511   0.289   0.506

 2.03   0.00    0.642    0.502   0.210   0.043   0.142   0.083   0.111   0.053   0.000   0.000   0.000  96096380
 2.03  17.58   65.716
 2.03   1.00    0.280    0.009
 2.03   1.00    0.288   67.120
 2.03   1.00    0.277    0.648   0.288   0.643
 2.03   1.00    0.280    0.507   0.288   0.502

 2.04   0.00    0.640    0.499   0.209   0.043   0.142   0.083   0.111   0.052   0.000   0.000   0.000  96569770
 2.04  17.54   65.701
 2.04   1.00    0.279    0.009
 2.04   1.00    0.288   67.097
 2.04   1.00    0.277    0.645   0.288   0.640
 2.04   1.00    0.279    0.504   0.288   0.499

 2.05   0.00    0.637    0.496   0.208   0.043   0.141   0.082   0.110   0.052   0.000   0.000   0.000  97043140
 2.05  17.50   65.685
 2.05   1.00    0.279    0.009
 2.05   1.00    0.287   67.073
 2.05   1.00    0.276    0.642   0.287   0.637
 2.05   1.00    0.279    0.501   0.287   0.496

 2.06   0.00    0.634    0.493   0.208   0.043   0.141   0.082   0.109   0.052   0.000   0.000   0.000  97516530
 2.06  17.47   65.669
 2.06   1.00    0.278    0.009
 2.06   1.00    0.287   67.048
 2.06   1.00    0.276    0.639   0.287   0.634
 2.06   1.00    0.278    0.498   0.287   0.493

 2.07   0.00    0.632    0.490   0.207   0.043   0.140   0.082   0.109   0.052   0.000   0.000   0.000  97989910
 2.07  17.43   65.652
 2.07   1.00    0.278    0.009
 2.07   1.00    0.286   67.023
 2.07   1.00    0.275    0.637   0.286   0.632
 2.07   1.00    0.278    0.495   0.286   0.490

 2.08   0.00    0.629    0.487   0.206   0.043   0.139   0.081   0.108   0.051   0.000   0.000   0.000  98463290
 2.08  17.39   65.635
 2.08   1.00    0.277    0.009
 2.08   1.00    0.286   66.998
 2.08   1.00    0.275    0.634   0.286   0.629
 2.08   1.00    0.277    0.492   0.286   0.487

 2.09   0.00    0.626    0.484   0.205   0.043   0.139   0.081   0.108   0.051   0.000   0.000   0.000  98936670
 2.09  17.35   65.617
 2.09   1.00    0.277    0.009
 2.09   1.00    0.285   66.972
 2.09   1.00    0.274    0.631   0.285   0.626
 2.09   1.00    0.277    0.489   0.285   0.484

 2.10   0.00    0.624    0.481   0.204   0.042   0.138   0.081   0.107   0.051   0.000   0.000   0.000  99410050
 2.10  17.31   65.599
 2.10   1.00    0.276    0.009
 2.10   1.00    0.285   66.945
 2.10   1.00    0.274    0.629   0.285   0.624
 2.10   1.00    0.276    0.486   0.285   0.481

 2.11   0.00    0.621    0.478   0.204   0.042   0.138   0.080   0.106   0.051   0.000   0.000   0.000  99883430
 2.11  17.27   65.581
 2.11   1.00    0.276    0.009
 2.11   1.00    0.284   66.919
 2.11   1.00    0.273    0.626   0.284   0.621
 2.11   1.00    0.276    0.483   0.284   0.478

 2.12   0.00    0.618    0.475   0.203   0.042   0.137   0.080   0.106   0.051   0.000   0.000   0.000 100356800
 2.12  17.23   65.562
 2.12   1.00    0.275    0.009
 2.12   1.00    0.284   66.892
 2.12   1.00    0.273    0.623   0.284   0.618
 2.12   1.00    0.275    0.480   0.284   0.475

 2.13   0.00    0.616    0.472   0.202   0.042   0.136   0.080   0.105   0.050   0.000   0.000   0.000 100830200
 2.13  17.19   65.543
 2.13   1.00    0.274    0.009
 2.13   1.00    0.283   66.864
 2.13   1.00    0.272    0.621   0.283   0.616
 2.13   1.00    0.275    0.477   0.283   0.472

 2.14   0.00    0.613    0.469   0.201   0.042   0.136   0.079   0.105   0.050   0.000   0.000   0.000 101303600
 2.14  17.15   65.524
 2.14   1.00    0.274    0.009
 2.14   1.00    0.282   66.836
 2.14   1.00    0.272    0.618   0.282   0.613
 2.14   1.00    0.274    0.474   0.282   0.469

 2.15   0.00    0.611    0.466   0.200   0.042   0.135   0.079   0.104   0.050   0.000   0.000   0.000 101777000
 2.15  17.11   65.504
 2.15   1.00    0.273    0.009
 2.15   1.00    0.282   66.808
 2.15   1.00    0.271    0.616   0.282   0.611
 2.15   1.00    0.274    0.471   0.282   0.466

 2.16   0.00    0.608    0.463   0.200   0.042   0.135   0.079   0.104   0.050   0.000   0.000   0.000 102250300
 2.16  17.07   65.484
 2.16   1.00    0.273    0.009
 2.16   1.00    0.281   66.780
 2.16   1.00    0.271    0.613   0.281   0.608
 2.16   1.00    0.273    0.468   0.281   0.463

 2.17   0.00    0.606    0.460   0.199   0.042   0.134   0.078   0.103   0.050   0.000   0.000   0.000 102723700
 2.17  17.03   65.463
 2.17   1.00    0.272    0.009
 2.17   1.00    0.281   66.751
 2.17   1.00    0.270    0.611   0.281   0.606
 2.17   1.00    0.273    0.465   0.281   0.461

 2.18   0.00    0.603    0.458   0.198   0.041   0.133   0.078   0.103   0.049   0.000   0.000   0.000 103197100
 2.18  16.99   65.442
 2.18   1.00    0.271    0.009
 2.18   1.00    0.280   66.722
 2.18   1.00    0.270    0.608   0.280   0.603
 2.18   1.00    0.272    0.463   0.280   0.458

 2.19   0.00    0.601    0.455   0.197   0.041   0.133   0.078   0.102   0.049   0.000   0.000   0.000 103670500
 2.19  16.95   65.421
 2.19   1.00    0.271    0.009
 2.19   1.00    0.280   66.692
 2.19   1.00    0.269    0.606   0.280   0.601
 2.19   1.00    0.272    0.460   0.280   0.455

 2.20   0.00    0.598    0.452   0.197   0.041   0.132   0.077   0.102   0.049   0.000   0.000   0.000 104143900
 2.20  16.91   65.400
 2.20   1.00    0.270    0.009
 2.20   1.00    0.279   66.662
 2.20   1.00    0.268    0.603   0.279   0.598
 2.20   1.00    0.271    0.457   0.279   0.452

 2.21   0.00    0.596    0.449   0.196   0.041   0.132   0.077   0.101   0.049   0.000   0.000   0.000 104617200
 2.21  16.87   65.379
 2.21   1.00    0.270    0.009
 2.21   1.00    0.278   66.632
 2.21   1.00    0.268    0.601   0.278   0.596
 2.21   1.00    0.270    0.454   0.278   0.449

 2.22   0.00    0.593    0.447   0.195   0.041   0.131   0.077   0.101   0.049   0.000   0.000   0.000 105090600
 2.22  16.82   65.357
 2.22   1.00    0.269    0.009
 2.22   1.00    0.278   66.602
 2.22   1.00    0.267    0.598   0.278   0.594
 2.22   1.00    0.270    0.451   0.278   0.447

 2.23   0.00    0.591    0.444   0.195   0.041   0.131   0.076   0.100   0.048   0.000   0.000   0.000 105564000
 2.23  16.78   65.335
 2.23   1.00    0.268    0.009
 2.23   1.00    0.277   66.571
 2.23   1.00    0.267    0.596   0.277   0.591
 2.23   1.00    0.269    0.449   0.277   0.444

 2.24   0.00    0.589    0.441   0.194   0.041   0.130   0.076   0.100   0.048   0.000   0.000   0.000 106037400
 2.24  16.74   65.312
 2.24   1.00    0.268    0.009
 2.24   1.00    0.277   66.541
 2.24   1.00    0.266    0.594   0.277   0.589
 2.24   1.00    0.269    0.446   0.277   0.441

 2.25   0.00    0.586    0.438   0.193   0.041   0.129   0.076   0.099   0.048   0.000   0.000   0.000 106510800
 2.25  16.70   65.290
 2.25   1.00    0.267    0.009
 2.25   1.00    0.276   66.509
 2.25   1.00    0.266    0.591   0.276   0.587
 2.25   1.00    0.268    0.443   0.276   0.439

 2.26   0.00    0.584    0.436   0.192   0.041   0.129   0.076   0.099   0.048   0.000   0.000   0.000 106984200
 2.26  16.66   65.267
 2.26   1.00    0.267    0.009
 2.26   1.00    0.275   66.478
 2.26   1.00    0.265    0.589   0.275   0.584
 2.26   1.00    0.268    0.441   0.275   0.436

 2.27   0.00    0.582    0.433   0.192   0.041   0.128   0.075   0.098   0.048   0.000   0.000   0.000 107457500
 2.27  16.61   65.244
 2.27   1.00    0.266    0.009
 2.27   1.00    0.275   66.447
 2.27   1.00    0.264    0.587   0.275   0.582
 2.27   1.00    0.267    0.438   0.275   0.433

 2.28   0.00    0.579    0.430   0.191   0.040   0.128   0.075   0.098   0.047   0.000   0.000   0.000 107930900
 2.28  16.57   65.221
 2.28   1.00    0.265    0.009
 2.28   1.00    0.274   66.415
 2.28   1.00    0.264    0.584   0.274   0.580
 2.28   1.00    0.267    0.435   0.274   0.431

 2.29   0.00    0.577    0.428   0.190   0.040   0.127   0.075   0.097   0.047   0.000   0.000   0.000 108404300
 2.29  16.53   65.198
 2.29   1.00    0.265    0.009
 2.29   1.00    0.273   66.383
 2.29   1.00    0.263    0.582   0.273   0.577
 2.29   1.00    0.266    0.433   0.273   0.428

 2.30   0.00    0.575    0.425   0.190   0.040   0.127   0.074   0.097   0.047   0.000   0.000   0.000 108877700
 2.30  16.49   65.174
 2.30   1.00    0.264    0.009
 2.30   1.00    0.273   66.351
 2.30   1.00    0.263    0.580   0.273   0.575
 2.30   1.00    0.265    0.430   0.273   0.425

 2.31   0.00    0.573    0.423   0.189   0.040   0.126   0.074   0.097   0.047   0.000   0.000   0.000 109351100
 2.31  16.44   65.150
 2.31   1.00    0.264    0.009
 2.31   1.00    0.272   66.318
 2.31   1.00    0.262    0.578   0.272   0.573
 2.31   1.00    0.265    0.427   0.272   0.423

 2.32   0.00    0.571    0.420   0.188   0.040   0.126   0.074   0.096   0.047   0.000   0.000   0.000 109824400
 2.32  16.40   65.127
 2.32   1.00    0.263    0.009
 2.32   1.00    0.272   66.286
 2.32   1.00    0.262    0.575   0.272   0.571
 2.32   1.00    0.264    0.425   0.272   0.420

 2.33   0.00    0.568    0.417   0.188   0.040   0.125   0.074   0.096   0.047   0.000   0.000   0.000 110297800
 2.33  16.36   65.102
 2.33   1.00    0.262    0.009
 2.33   1.00    0.271   66.253
 2.33   1.00    0.261    0.573   0.271   0.568
 2.33   1.00    0.264    0.422   0.271   0.418

 2.34   0.00    0.566    0.415   0.187   0.040   0.125   0.073   0.095   0.046   0.000   0.000   0.000 110771200
 2.34  16.32   65.078
 2.34   1.00    0.262    0.009
 2.34   1.00    0.270   66.220
 2.34   1.00    0.260    0.571   0.270   0.566
 2.34   1.00    0.263    0.420   0.270   0.415

 2.35   0.00    0.564    0.412   0.186   0.040   0.124   0.073   0.095   0.046   0.000   0.000   0.000 111244600
 2.35  16.27   65.054
 2.35   1.00    0.261    0.009
 2.35   1.00    0.270   66.186
 2.35   1.00    0.260    0.569   0.270   0.564
 2.35   1.00    0.263    0.417   0.270   0.412

 2.36   0.00    0.562    0.410   0.185   0.040   0.124   0.073   0.094   0.046   0.000   0.000   0.000 111718000
 2.36  16.23   65.029
 2.36   1.00    0.261    0.009
 2.36   1.00    0.269   66.153
 2.36   1.00    0.259    0.567   0.269   0.562
 2.36   1.00    0.262    0.415   0.269   0.410

 2.37   0.00    0.560    0.407   0.185   0.040   0.123   0.072   0.094   0.046   0.000   0.000   0.000 112191300
 2.37  16.19   65.005
 2.37   1.00    0.260    0.009
 2.37   1.00    0.269   66.120
 2.37   1.00    0.259    0.564   0.269   0.560
 2.37   1.00    0.261    0.412   0.269   0.407

 2.38   0.00    0.557    0.405   0.184   0.039   0.122   0.072   0.094   0.046   0.000   0.000   0.000 112664700
 2.38  16.15   64.980
 2.38   1.00    0.259    0.009
 2.38   1.00    0.268   66.086
 2.38   1.00    0.258    0.562   0.268   0.558
 2.38   1.00    0.261    0.410   0.268   0.405

 2.39   0.00    0.555    0.402   0.184   0.039   0.122   0.072   0.093   0.045   0.000   0.000   0.000 113138100
 2.39  16.11   64.955
 2.39   1.00    0.259    0.009
 2.39   1.00    0.267   66.052
 2.39   1.00    0.258    0.560   0.267   0.556
 2.39   1.00    0.260    0.407   0.267   0.403

 2.40   0.00    0.553    0.400   0.183   0.039   0.121   0.072   0.093   0.045   0.000   0.000   0.000 113611500
 2.40  16.06   64.930
 2.40   1.00    0.258    0.009
 2.40   1.00    0.267   66.018
 2.40   1.00    0.257    0.558   0.267   0.553
 2.40   1.00    0.260    0.405   0.267   0.400

 2.41   0.00    0.551    0.397   0.182   0.039   0.121   0.071   0.092   0.045   0.000   0.000   0.000 114084900
 2.41  16.02   64.905
 2.41   1.00    0.257    0.009
 2.41   1.00    0.266   65.984
 2.41   1.00    0.256    0.556   0.266   0.551
 2.41   1.00    0.259    0.402   0.266   0.398

 2.42   0.00    0.549    0.395   0.182   0.039   0.120   0.071   0.092   0.045   0.000   0.000   0.000 114558300
 2.42  15.98   64.879
 2.42   1.00    0.257    0.009
 2.42   1.00    0.266   65.949
 2.42   1.00    0.256    0.554   0.266   0.549
 2.42   1.00    0.259    0.400   0.266   0.395

 2.43   0.00    0.547    0.393   0.181   0.039   0.120   0.071   0.092   0.045   0.000   0.000   0.000 115031600
 2.43  15.94   64.854
 2.43   1.00    0.256    0.009
 2.43   1.00    0.265   65.915
 2.43   1.00    0.255    0.552   0.265   0.547
 2.43   1.00    0.258    0.397   0.265   0.393

 2.44   0.00    0.545    0.390   0.180   0.039   0.119   0.071   0.091   0.045   0.000   0.000   0.000 115505000
 2.44  15.90   64.828
 2.44   1.00    0.256    0.009
 2.44   1.00    0.264   65.880
 2.44   1.00    0.255    0.550   0.264   0.545
 2.44   1.00    0.257    0.395   0.264   0.390

 2.45   0.00    0.543    0.388   0.180   0.039   0.119   0.070   0.091   0.044   0.000   0.000   0.000 115978400
 2.45  15.85   64.803
 2.45   1.00    0.255    0.009
 2.45   1.00    0.264   65.846
 2.45   1.00    0.254    0.548   0.264   0.543
 2.45   1.00    0.257    0.393   0.264   0.388

 2.46   0.00    0.541    0.387   0.179   0.039   0.118   0.070   0.091   0.044   0.000   0.000   0.000 116451800
 2.46  15.81   64.777
 2.46   1.00    0.254    0.009
 2.46   1.00    0.263   65.811
 2.46   1.00    0.254    0.546   0.263   0.541
 2.46   1.00    0.256    0.391   0.263   0.387

 2.47   0.00    0.539    0.385   0.178   0.039   0.118   0.070   0.090   0.044   0.000   0.000   0.000 116925200
 2.47  15.77   64.751
 2.47   1.00    0.254    0.009
 2.47   1.00    0.263   65.776
 2.47   1.00    0.253    0.544   0.263   0.539
 2.47   1.00    0.256    0.390   0.263   0.385

 2.48   0.00    0.537    0.384   0.178   0.039   0.117   0.069   0.090   0.044   0.000   0.000   0.000 117398500
 2.48  15.73   64.725
 2.48   1.00    0.253    0.009
 2.48   1.00    0.262   65.741
 2.48   1.00    0.252    0.542   0.262   0.537
 2.48   1.00    0.255    0.389   0.262   0.384

 2.49   0.00    0.535    0.383   0.177   0.039   0.117   0.069   0.090   0.044   0.000   0.000   0.000 117871900
 2.49  15.69   64.699
 2.49   1.00    0.253    0.009
 2.49   1.00    0.261   65.705
 2.49   1.00    0.252    0.540   0.261   0.535
 2.49   1.00    0.255    0.387   0.261   0.383

 2.50   0.00    0.533    0.382   0.176   0.038   0.116   0.069   0.089   0.044   0.000   0.000   0.000 118345300
 2.50  15.65   64.673
 2.50   1.00    0.252    0.009
 2.50   1.00    0.261   65.670
 2.50   1.00    0.251    0.538   0.261   0.533
 2.50   1.00    0.254    0.386   0.261   0.382

 2.51   0.00    0.531    0.380   0.176   0.038   0.116   0.069   0.089   0.043   0.000   0.000   0.000 118818700
 2.51  15.60   64.647
 2.51   1.00    0.251    0.009
 2.51   1.00    0.260   65.635
 2.51   1.00    0.251    0.536   0.260   0.531
 2.51   1.00    0.253    0.385   0.260   0.380

 2.52   0.00    0.529    0.379   0.175   0.038   0.115   0.068   0.088   0.043   0.000   0.000   0.000 119292100
 2.52  15.56   64.621
 2.52   1.00    0.251    0.009
 2.52   1.00    0.260   65.599
 2.52   1.00    0.250    0.534   0.260   0.529
 2.52   1.00    0.253    0.384   0.260   0.379

 2.53   0.00    0.527    0.378   0.175   0.038   0.115   0.068   0.088   0.043   0.000   0.000   0.000 119765400
 2.53  15.52   64.594
 2.53   1.00    0.250    0.009
 2.53   1.00    0.259   65.563
 2.53   1.00    0.250    0.532   0.259   0.527
 2.53   1.00    0.252    0.382   0.259   0.378

 2.54   0.00    0.525    0.377   0.174   0.038   0.114   0.068   0.088   0.043   0.000   0.000   0.000 120238800
 2.54  15.48   64.568
 2.54   1.00    0.250    0.009
 2.54   1.00    0.258   65.527
 2.54   1.00    0.249    0.530   0.258   0.525
 2.54   1.00    0.252    0.381   0.258   0.377

 2.55   0.00    0.523    0.376   0.173   0.038   0.114   0.068   0.087   0.043   0.000   0.000   0.000 120712200
 2.55  15.44   64.541
 2.55   1.00    0.249    0.009
 2.55   1.00    0.258   65.492
 2.55   1.00    0.249    0.528   0.258   0.524
 2.55   1.00    0.251    0.380   0.258   0.376

 2.56   0.00    0.522    0.374   0.173   0.038   0.113   0.067   0.087   0.043   0.000   0.000   0.000 121185600
 2.56  15.40   64.515
 2.56   1.00    0.249    0.009
 2.56   1.00    0.257   65.456
 2.56   1.00    0.248    0.526   0.257   0.522
 2.56   1.00    0.251    0.379   0.257   0.374

 2.57   0.00    0.520    0.373   0.172   0.038   0.113   0.067   0.087   0.043   0.000   0.000   0.000 121659000
 2.57  15.36   64.488
 2.57   1.00    0.248    0.009
 2.57   1.00    0.257   65.419
 2.57   1.00    0.247    0.524   0.257   0.520
 2.57   1.00    0.250    0.378   0.257   0.373

 2.58   0.00    0.518    0.372   0.172   0.038   0.113   0.067   0.087   0.042   0.000   0.000   0.000 122132400
 2.58  15.32   64.461
 2.58   1.00    0.247    0.009
 2.58   1.00    0.256   65.383
 2.58   1.00    0.247    0.522   0.256   0.518
 2.58   1.00    0.249    0.377   0.256   0.372

 2.59   0.00    0.516    0.371   0.171   0.038   0.112   0.067   0.086   0.042   0.000   0.000   0.000 122605700
 2.59  15.28   64.434
 2.59   1.00    0.247    0.009
 2.59   1.00    0.255   65.347
 2.59   1.00    0.246    0.520   0.255   0.516
 2.59   1.00    0.249    0.375   0.255   0.371

 2.60   0.00    0.514    0.370   0.170   0.038   0.112   0.066   0.086   0.042   0.000   0.000   0.000 123079100
 2.60  15.24   64.407
 2.60   1.00    0.246    0.009
 2.60   1.00    0.255   65.311
 2.60   1.00    0.246    0.519   0.255   0.514
 2.60   1.00    0.248    0.374   0.255   0.370

 2.61   0.00    0.512    0.369   0.170   0.038   0.111   0.066   0.086   0.042   0.000   0.000   0.000 123552500
 2.61  15.20   64.380
 2.61   1.00    0.246    0.009
 2.61   1.00    0.254   65.274
 2.61   1.00    0.245    0.517   0.254   0.512
 2.61   1.00    0.248    0.373   0.254   0.369

 2.62   0.00    0.510    0.368   0.169   0.038   0.111   0.066   0.085   0.042   0.000   0.000   0.000 124025900
 2.62  15.16   64.353
 2.62   1.00    0.245    0.009
 2.62   1.00    0.254   65.237
 2.62   1.00    0.245    0.515   0.254   0.511
 2.62   1.00    0.247    0.372   0.254   0.368

 2.63   0.00    0.509    0.367   0.169   0.037   0.110   0.066   0.085   0.042   0.000   0.000   0.000 124499300
 2.63  15.12   64.326
 2.63   1.00    0.244    0.009
 2.63   1.00    0.253   65.201
 2.63   1.00    0.244    0.513   0.253   0.509
 2.63   1.00    0.247    0.371   0.253   0.367

 2.64   0.00    0.507    0.365   0.168   0.037   0.110   0.066   0.085   0.041   0.000   0.000   0.000 124972600
 2.64  15.08   64.299
 2.64   1.00    0.244    0.009
 2.64   1.00    0.253   65.164
 2.64   1.00    0.244    0.511   0.253   0.507
 2.64   1.00    0.246    0.370   0.253   0.366

 2.65   0.00    0.505    0.364   0.168   0.037   0.109   0.065   0.084   0.041   0.000   0.000   0.000 125446000
 2.65  15.04   64.272
 2.65   1.00    0.243    0.009
 2.65   1.00    0.252   65.127
 2.65   1.00    0.243    0.510   0.252   0.505
 2.65   1.00    0.246    0.369   0.252   0.364

 2.66   0.00    0.503    0.363   0.167   0.037   0.109   0.065   0.084   0.041   0.000   0.000   0.000 125919400
 2.66  15.00   64.245
 2.66   1.00    0.243    0.009
 2.66   1.00    0.251   65.090
 2.66   1.00    0.243    0.508   0.251   0.503
 2.66   1.00    0.245    0.368   0.251   0.363

 2.67   0.00    0.502    0.362   0.166   0.037   0.108   0.065   0.084   0.041   0.000   0.000   0.000 126392800
 2.67  14.96   64.218
 2.67   1.00    0.242    0.009
 2.67   1.00    0.251   65.053
 2.67   1.00    0.242    0.506   0.251   0.502
 2.67   1.00    0.245    0.367   0.251   0.362

 2.68   0.00    0.500    0.361   0.166   0.037   0.108   0.065   0.083   0.041   0.000   0.000   0.000 126866200
 2.68  14.92   64.190
 2.68   1.00    0.242    0.009
 2.68   1.00    0.250   65.016
 2.68   1.00    0.242    0.504   0.250   0.500
 2.68   1.00    0.244    0.366   0.250   0.361

 2.69   0.00    0.498    0.360   0.165   0.037   0.108   0.064   0.083   0.041   0.000   0.000   0.000 127339600
 2.69  14.88   64.163
 2.69   1.00    0.241    0.009
 2.69   1.00    0.250   64.979
 2.69   1.00    0.241    0.502   0.250   0.498
 2.69   1.00    0.243    0.365   0.250   0.360

 2.70   0.00    0.496    0.359   0.165   0.037   0.107   0.064   0.083   0.041   0.000   0.000   0.000 127812900
 2.70  14.84   64.137
 2.70   1.00    0.241    0.009
 2.70   1.00    0.249   64.944
 2.70   1.00    0.241    0.501   0.249   0.496
 2.70   1.00    0.243    0.364   0.249   0.359

 2.71   0.00    0.495    0.358   0.164   0.037   0.107   0.064   0.083   0.040   0.000   0.000   0.000 128286300
 2.71  14.80   64.112
 2.71   1.00    0.240    0.009
 2.71   1.00    0.249   64.909
 2.71   1.00    0.240    0.499   0.249   0.495
 2.71   1.00    0.242    0.363   0.249   0.358

 2.72   0.00    0.493    0.357   0.164   0.037   0.106   0.064   0.082   0.040   0.000   0.000   0.000 128759700
 2.72  14.76   64.087
 2.72   1.00    0.239    0.009
 2.72   1.00    0.248   64.875
 2.72   1.00    0.239    0.497   0.248   0.493
 2.72   1.00    0.242    0.362   0.248   0.357

 2.73   0.00    0.491    0.356   0.163   0.037   0.106   0.063   0.082   0.040   0.000   0.000   0.000 129233100
 2.73  14.72   64.062
 2.73   1.00    0.239    0.009
 2.73   1.00    0.248   64.840
 2.73   1.00    0.239    0.496   0.248   0.491
 2.73   1.00    0.241    0.361   0.248   0.356

 2.74   0.00    0.490    0.355   0.163   0.037   0.105   0.063   0.082   0.040   0.000   0.000   0.000 129706500
 2.74  14.69   64.037
 2.74   1.00    0.238    0.009
 2.74   1.00    0.247   64.805
 2.74   1.00    0.238    0.494   0.247   0.490
 2.74   1.00    0.241    0.360   0.247   0.355

 2.75   0.00    0.488    0.354   0.162   0.037   0.105   0.063   0.081   0.040   0.000   0.000   0.000 130179800
 2.75  14.65   64.012
 2.75   1.00    0.238    0.009
 2.75   1.00    0.246   64.770
 2.75   1.00    0.238    0.492   0.246   0.488
 2.75   1.00    0.240    0.359   0.246   0.354

 2.76   0.00    0.486    0.353   0.161   0.037   0.104   0.063   0.081   0.040   0.000   0.000   0.000 130653200
 2.76  14.61   63.987
 2.76   1.00    0.237    0.009
 2.76   1.00    0.246   64.735
 2.76   1.00    0.237    0.491   0.246   0.486
 2.76   1.00    0.240    0.358   0.246   0.353

 2.77   0.00    0.485    0.352   0.161   0.036   0.104   0.063   0.081   0.040   0.000   0.000   0.000 131126600
 2.77  14.57   63.962
 2.77   1.00    0.237    0.009
 2.77   1.00    0.245   64.700
 2.77   1.00    0.237    0.489   0.245   0.485
 2.77   1.00    0.239    0.357   0.245   0.353

 2.78   0.00    0.483    0.352   0.160   0.036   0.104   0.062   0.081   0.039   0.000   0.000   0.000 131600000
 2.78  14.53   63.937
 2.78   1.00    0.236    0.009
 2.78   1.00    0.245   64.665
 2.78   1.00    0.236    0.487   0.245   0.483
 2.78   1.00    0.239    0.356   0.245   0.352

 2.79   0.00    0.481    0.351   0.160   0.036   0.103   0.062   0.080   0.039   0.000   0.000   0.000 132073400
 2.79  14.50   63.911
 2.79   1.00    0.236    0.009
 2.79   1.00    0.244   64.630
 2.79   1.00    0.236    0.486   0.244   0.481
 2.79   1.00    0.238    0.355   0.244   0.351

 2.80   0.00    0.480    0.350   0.159   0.036   0.103   0.062   0.080   0.039   0.000   0.000   0.000 132546700
 2.80  14.46   63.886
 2.80   1.00    0.235    0.009
 2.80   1.00    0.244   64.595
 2.80   1.00    0.235    0.484   0.244   0.480
 2.80   1.00    0.238    0.354   0.244   0.350

 2.81   0.00    0.478    0.349   0.159   0.036   0.102   0.062   0.080   0.039   0.000   0.000   0.000 133020100
 2.81  14.42   63.861
 2.81   1.00    0.235    0.009
 2.81   1.00    0.243   64.560
 2.81   1.00    0.235    0.482   0.243   0.478
 2.81   1.00    0.237    0.353   0.243   0.349

 2.82   0.00    0.476    0.348   0.158   0.036   0.102   0.061   0.080   0.039   0.000   0.000   0.000 133493500
 2.82  14.38   63.836
 2.82   1.00    0.234    0.009
 2.82   1.00    0.243   64.525
 2.82   1.00    0.234    0.481   0.243   0.477
 2.82   1.00    0.237    0.352   0.243   0.348

 2.83   0.00    0.475    0.347   0.158   0.036   0.102   0.061   0.079   0.039   0.000   0.000   0.000 133966900
 2.83  14.35   63.811
 2.83   1.00    0.234    0.009
 2.83   1.00    0.242   64.490
 2.83   1.00    0.234    0.479   0.242   0.475
 2.83   1.00    0.236    0.351   0.242   0.347

 2.84   0.00    0.473    0.346   0.157   0.036   0.101   0.061   0.079   0.039   0.000   0.000   0.000 134440300
 2.84  14.31   63.786
 2.84   1.00    0.233    0.009
 2.84   1.00    0.242   64.454
 2.84   1.00    0.233    0.477   0.242   0.473
 2.84   1.00    0.236    0.350   0.242   0.346

 2.85   0.00    0.472    0.345   0.157   0.036   0.101   0.061   0.079   0.038   0.000   0.000   0.000 134913600
 2.85  14.27   63.760
 2.85   1.00    0.233    0.009
 2.85   1.00    0.241   64.419
 2.85   1.00    0.233    0.476   0.241   0.472
 2.85   1.00    0.235    0.350   0.241   0.345

 2.86   0.00    0.470    0.344   0.156   0.036   0.100   0.061   0.079   0.038   0.000   0.000   0.000 135387000
 2.86  14.24   63.735
 2.86   1.00    0.232    0.009
 2.86   1.00    0.241   64.384
 2.86   1.00    0.232    0.474   0.241   0.470
 2.86   1.00    0.235    0.349   0.241   0.345

 2.87   0.00    0.468    0.344   0.156   0.036   0.100   0.060   0.078   0.038   0.000   0.000   0.000 135860400
 2.87  14.20   63.710
 2.87   1.00    0.232    0.009
 2.87   1.00    0.240   64.348
 2.87   1.00    0.232    0.473   0.240   0.469
 2.87   1.00    0.234    0.348   0.240   0.344

 2.88   0.00    0.467    0.343   0.155   0.036   0.100   0.060   0.078   0.038   0.000   0.000   0.000 136333800
 2.88  14.16   63.685
 2.88   1.00    0.231    0.009
 2.88   1.00    0.240   64.313
 2.88   1.00    0.232    0.471   0.240   0.467
 2.88   1.00    0.234    0.347   0.240   0.343

 2.89   0.00    0.465    0.342   0.155   0.036   0.099   0.060   0.078   0.038   0.000   0.000   0.000 136807200
 2.89  14.13   63.659
 2.89   1.00    0.231    0.009
 2.89   1.00    0.239   64.278
 2.89   1.00    0.231    0.470   0.239   0.466
 2.89   1.00    0.233    0.346   0.239   0.342

 2.90   0.00    0.464    0.341   0.154   0.036   0.099   0.060   0.078   0.038   0.000   0.000   0.000 137280600
 2.90  14.09   63.634
 2.90   1.00    0.230    0.009
 2.90   1.00    0.239   64.242
 2.90   1.00    0.231    0.468   0.239   0.464
 2.90   1.00    0.233    0.345   0.239   0.341

 2.91   0.00    0.462    0.340   0.154   0.036   0.098   0.060   0.077   0.038   0.000   0.000   0.000 137753900
 2.91  14.05   63.609
 2.91   1.00    0.230    0.009
 2.91   1.00    0.238   64.207
 2.91   1.00    0.230    0.467   0.238   0.462
 2.91   1.00    0.232    0.345   0.238   0.340

 2.92   0.00    0.461    0.340   0.153   0.036   0.098   0.059   0.077   0.038   0.000   0.000   0.000 138227300
 2.92  14.02   63.584
 2.92   1.00    0.229    0.009
 2.92   1.00    0.238   64.171
 2.92   1.00    0.230    0.465   0.238   0.461
 2.92   1.00    0.232    0.344   0.238   0.340

 2.93   0.00    0.459    0.339   0.153   0.036   0.098   0.059   0.077   0.037   0.000   0.000   0.000 138700700
 2.93  13.98   63.558
 2.93   1.00    0.229    0.009
 2.93   1.00    0.237   64.136
 2.93   1.00    0.229    0.464   0.237   0.459
 2.93   1.00    0.231    0.343   0.237   0.339

 2.94   0.00    0.458    0.338   0.152   0.035   0.097   0.059   0.077   0.037   0.000   0.000   0.000 139174100
 2.94  13.95   63.533
 2.94   1.00    0.228    0.009
 2.94   1.00    0.237   64.101
 2.94   1.00    0.229    0.462   0.237   0.458
 2.94   1.00    0.231    0.342   0.237   0.338

 2.95   0.00    0.456    0.337   0.152   0.035   0.097   0.059   0.076   0.037   0.000   0.000   0.000 139647500
 2.95  13.91   63.508
 2.95   1.00    0.228    0.009
 2.95   1.00    0.236   64.065
 2.95   1.00    0.228    0.461   0.236   0.456
 2.95   1.00    0.230    0.341   0.236   0.337

 2.96   0.00    0.455    0.336   0.151   0.035   0.096   0.059   0.076   0.037   0.000   0.000   0.000 140120800
 2.96  13.88   63.483
 2.96   1.00    0.227    0.009
 2.96   1.00    0.236   64.029
 2.96   1.00    0.228    0.459   0.236   0.455
 2.96   1.00    0.230    0.341   0.236   0.337

 2.97   0.00    0.453    0.336   0.151   0.035   0.096   0.058   0.076   0.037   0.000   0.000   0.000 140594200
 2.97  13.84   63.457
 2.97   1.00    0.227    0.009
 2.97   1.00    0.235   63.994
 2.97   1.00    0.227    0.458   0.235   0.453
 2.97   1.00    0.229    0.340   0.235   0.336

 2.98   0.00    0.452    0.335   0.150   0.035   0.096   0.058   0.076   0.037   0.000   0.000   0.000 141067600
 2.98  13.81   63.432
 2.98   1.00    0.226    0.009
 2.98   1.00    0.235   63.958
 2.98   1.00    0.227    0.456   0.235   0.452
 2.98   1.00    0.229    0.339   0.235   0.335

 2.99   0.00    0.450    0.334   0.150   0.035   0.095   0.058   0.076   0.037   0.000   0.000   0.000 141541000
 2.99  13.77   63.407
 2.99   1.00    0.226    0.009
 2.99   1.00    0.234   63.923
 2.99   1.00    0.226    0.455   0.234   0.451
 2.99   1.00    0.228    0.338   0.234   0.334

 3.00   0.00    0.449    0.333   0.149   0.035   0.095   0.058   0.075   0.037   0.000   0.000   0.000 142014400
 3.00  13.74   63.382
 3.00   1.00    0.225    0.009
 3.00   1.00    0.234   63.887
 3.00   1.00    0.226    0.453   0.234   0.449
 3.00   1.00    0.228    0.338   0.234   0.334

 3.01   0.00    0.448    0.333   0.149   0.035   0.095   0.058   0.075   0.036   0.000   0.000   0.000 142487700
 3.01  13.70   63.357
 3.01   1.00    0.225    0.009
 3.01   1.00    0.233   63.852
 3.01   1.00    0.225    0.452   0.233   0.448
 3.01   1.00    0.227    0.337   0.233   0.333

 3.02   0.00    0.447    0.332   0.149   0.035   0.094   0.058   0.075   0.036   0.000   0.000   0.000 142961100
 3.02  13.67   63.331
 3.02   1.00    0.224    0.009
 3.02   1.00    0.233   63.816
 3.02   1.00    0.225    0.451   0.233   0.447
 3.02   1.00    0.227    0.336   0.233   0.332

 3.03   0.00    0.445    0.331   0.148   0.035   0.094   0.057   0.075   0.036   0.000   0.000   0.000 143434500
 3.03  13.63   63.306
 3.03   1.00    0.224    0.009
 3.03   1.00    0.232   63.780
 3.03   1.00    0.225    0.449   0.232   0.445
 3.03   1.00    0.227    0.335   0.232   0.331

 3.04   0.00    0.444    0.330   0.148   0.035   0.093   0.057   0.074   0.036   0.000   0.000   0.000 143907900
 3.04  13.60   63.281
 3.04   1.00    0.223    0.009
 3.04   1.00    0.232   63.745
 3.04   1.00    0.224    0.448   0.232   0.444
 3.04   1.00    0.226    0.334   0.232   0.330

 3.05   0.00    0.443    0.329   0.147   0.035   0.093   0.057   0.074   0.036   0.000   0.000   0.000 144381300
 3.05  13.57   63.256
 3.05   1.00    0.223    0.009
 3.05   1.00    0.231   63.709
 3.05   1.00    0.224    0.447   0.231   0.443
 3.05   1.00    0.226    0.333   0.231   0.329

 3.06   0.00    0.442    0.328   0.147   0.035   0.093   0.057   0.074   0.036   0.000   0.000   0.000 144854700
 3.06  13.53   63.231
 3.06   1.00    0.222    0.009
 3.06   1.00    0.231   63.673
 3.06   1.00    0.223    0.446   0.231   0.442
 3.06   1.00    0.225    0.332   0.231   0.328

 3.07   0.00    0.440    0.328   0.147   0.035   0.092   0.057   0.074   0.036   0.000   0.000   0.000 145328000
 3.07  13.50   63.205
 3.07   1.00    0.222    0.009
 3.07   1.00    0.231   63.638
 3.07   1.00    0.223    0.445   0.231   0.441
 3.07   1.00    0.225    0.332   0.231   0.328

 3.08   0.00    0.439    0.327   0.146   0.035   0.092   0.057   0.074   0.036   0.000   0.000   0.000 145801400
 3.08  13.46   63.180
 3.08   1.00    0.221    0.009
 3.08   1.00    0.230   63.602
 3.08   1.00    0.222    0.443   0.230   0.439
 3.08   1.00    0.224    0.331   0.230   0.327

 3.09   0.00    0.438    0.326   0.146   0.035   0.092   0.057   0.073   0.036   0.000   0.000   0.000 146274800
 3.09  13.43   63.155
 3.09   1.00    0.221    0.009
 3.09   1.00    0.230   63.566
 3.09   1.00    0.222    0.442   0.230   0.438
 3.09   1.00    0.224    0.330   0.230   0.326

 3.10   0.00    0.437    0.325   0.146   0.035   0.091   0.056   0.073   0.036   0.000   0.000   0.000 146748200
 3.10  13.40   63.130
 3.10   1.00    0.220    0.009
 3.10   1.00    0.229   63.531
 3.10   1.00    0.221    0.441   0.229   0.437
 3.10   1.00    0.223    0.329   0.229   0.325

 3.11   0.00    0.436    0.324   0.145   0.035   0.091   0.056   0.073   0.036   0.000   0.000   0.000 147221600
 3.11  13.36   63.105
 3.11   1.00    0.220    0.009
 3.11   1.00    0.229   63.495
 3.11   1.00    0.221    0.440   0.229   0.436
 3.11   1.00    0.223    0.328   0.229   0.324

 3.12   0.00    0.434    0.323   0.145   0.035   0.091   0.056   0.073   0.036   0.000   0.000   0.000 147694900
 3.12  13.33   63.080
 3.12   1.00    0.220    0.009
 3.12   1.00    0.228   63.459
 3.12   1.00    0.221    0.439   0.228   0.435
 3.12   1.00    0.223    0.327   0.228   0.324

 3.13   0.00    0.433    0.323   0.145   0.035   0.090   0.056   0.073   0.035   0.000   0.000   0.000 148168300
 3.13  13.30   63.055
 3.13   1.00    0.219    0.009
 3.13   1.00    0.228   63.424
 3.13   1.00    0.220    0.437   0.228   0.433
 3.13   1.00    0.222    0.327   0.228   0.323

 3.14   0.00    0.432    0.322   0.144   0.034   0.090   0.056   0.072   0.035   0.000   0.000   0.000 148641700
 3.14  13.27   63.029
 3.14   1.00    0.219    0.009
 3.14   1.00    0.227   63.388
 3.14   1.00    0.220    0.436   0.227   0.432
 3.14   1.00    0.222    0.326   0.227   0.322

 3.15   0.00    0.431    0.321   0.144   0.034   0.090   0.056   0.072   0.035   0.000   0.000   0.000 149115100
 3.15  13.23   63.004
 3.15   1.00    0.218    0.009
 3.15   1.00    0.227   63.352
 3.15   1.00    0.219    0.435   0.227   0.431
 3.15   1.00    0.221    0.325   0.227   0.321

 3.16   0.00    0.430    0.320   0.144   0.034   0.089   0.056   0.072   0.035   0.000   0.000   0.000 149588500
 3.16  13.20   62.979
 3.16   1.00    0.218    0.009
 3.16   1.00    0.226   63.316
 3.16   1.00    0.219    0.434   0.226   0.430
 3.16   1.00    0.221    0.324   0.226   0.320

 3.17   0.00    0.429    0.319   0.143   0.034   0.089   0.055   0.072   0.035   0.000   0.000   0.000 150061900
 3.17  13.17   62.954
 3.17   1.00    0.217    0.009
 3.17   1.00    0.226   63.281
 3.17   1.00    0.219    0.433   0.226   0.429
 3.17   1.00    0.220    0.323   0.226   0.320

 3.18   0.00    0.428    0.319   0.143   0.034   0.089   0.055   0.072   0.035   0.000   0.000   0.000 150535200
 3.18  13.14   62.929
 3.18   1.00    0.217    0.009
 3.18   1.00    0.226   63.245
 3.18   1.00    0.218    0.432   0.226   0.428
 3.18   1.00    0.220    0.323   0.226   0.319

 3.19   0.00    0.426    0.318   0.143   0.034   0.088   0.055   0.071   0.035   0.000   0.000   0.000 151008600
 3.19  13.10   62.904
 3.19   1.00    0.216    0.009
 3.19   1.00    0.225   63.209
 3.19   1.00    0.218    0.430   0.225   0.427
 3.19   1.00    0.220    0.322   0.225   0.318

 3.20   0.00    0.425    0.317   0.142   0.034   0.088   0.055   0.071   0.035   0.000   0.000   0.000 151482000
 3.20  13.07   62.879
 3.20   1.00    0.216    0.009
 3.20   1.00    0.225   63.173
 3.20   1.00    0.217    0.429   0.225   0.425
 3.20   1.00    0.219    0.321   0.225   0.317

 3.21   0.00    0.424    0.316   0.142   0.034   0.088   0.055   0.071   0.035   0.000   0.000   0.000 151955400
 3.21  13.04   62.854
 3.21   1.00    0.216    0.009
 3.21   1.00    0.224   63.138
 3.21   1.00    0.217    0.428   0.224   0.424
 3.21   1.00    0.219    0.320   0.224   0.316

 3.22   0.00    0.423    0.316   0.141   0.034   0.087   0.055   0.071   0.035   0.000   0.000   0.000 152428800
 3.22  13.01   62.829
 3.22   1.00    0.215    0.009
 3.22   1.00    0.224   63.102
 3.22   1.00    0.216    0.427   0.224   0.423
 3.22   1.00    0.218    0.320   0.224   0.316

 3.23   0.00    0.422    0.315   0.141   0.034   0.087   0.055   0.071   0.035   0.000   0.000   0.000 152902100
 3.23  12.98   62.804
 3.23   1.00    0.215    0.009
 3.23   1.00    0.223   63.066
 3.23   1.00    0.216    0.426   0.223   0.422
 3.23   1.00    0.218    0.319   0.223   0.315

 3.24   0.00    0.421    0.314   0.141   0.034   0.087   0.055   0.070   0.034   0.000   0.000   0.000 153375500
 3.24  12.95   62.779
 3.24   1.00    0.214    0.009
 3.24   1.00    0.223   63.031
 3.24   1.00    0.216    0.425   0.223   0.421
 3.24   1.00    0.218    0.318   0.223   0.314

 3.25   0.00    0.420    0.313   0.140   0.034   0.086   0.054   0.070   0.034   0.000   0.000   0.000 153848900
 3.25  12.91   62.754
 3.25   1.00    0.214    0.009
 3.25   1.00    0.223   62.995
 3.25   1.00    0.215    0.424   0.223   0.420
 3.25   1.00    0.217    0.317   0.223   0.313

 3.26   0.00    0.419    0.313   0.140   0.034   0.086   0.054   0.070   0.034   0.000   0.000   0.000 154322300
 3.26  12.88   62.730
 3.26   1.00    0.214    0.009
 3.26   1.00    0.222   62.959
 3.26   1.00    0.215    0.422   0.222   0.419
 3.26   1.00    0.217    0.317   0.222   0.313

 3.27   0.00    0.417    0.312   0.140   0.034   0.086   0.054   0.070   0.034   0.000   0.000   0.000 154795700
 3.27  12.85   62.705
 3.27   1.00    0.213    0.009
 3.27   1.00    0.222   62.923
 3.27   1.00    0.214    0.421   0.222   0.418
 3.27   1.00    0.216    0.316   0.222   0.312

 3.28   0.00    0.416    0.311   0.139   0.034   0.085   0.054   0.070   0.034   0.000   0.000   0.000 155269000
 3.28  12.82   62.680
 3.28   1.00    0.213    0.009
 3.28   1.00    0.221   62.888
 3.28   1.00    0.214    0.420   0.221   0.416
 3.28   1.00    0.216    0.315   0.221   0.311

 3.29   0.00    0.415    0.310   0.139   0.034   0.085   0.054   0.069   0.034   0.000   0.000   0.000 155742400
 3.29  12.79   62.655
 3.29   1.00    0.212    0.009
 3.29   1.00    0.221   62.852
 3.29   1.00    0.214    0.419   0.221   0.415
 3.29   1.00    0.215    0.314   0.221   0.311

 3.30   0.00    0.414    0.310   0.139   0.034   0.085   0.054   0.069   0.034   0.000   0.000   0.000 156215800
 3.30  12.76   62.630
 3.30   1.00    0.212    0.009
 3.30   1.00    0.221   62.816
 3.30   1.00    0.213    0.418   0.221   0.414
 3.30   1.00    0.215    0.314   0.221   0.310

 3.31   0.00    0.413    0.309   0.138   0.034   0.084   0.054   0.069   0.034   0.000   0.000   0.000 156689200
 3.31  12.73   62.605
 3.31   1.00    0.211    0.009
 3.31   1.00    0.220   62.781
 3.31   1.00    0.213    0.417   0.220   0.413
 3.31   1.00    0.215    0.313   0.220   0.309

 3.32   0.00    0.412    0.308   0.138   0.034   0.084   0.053   0.069   0.034   0.000   0.000   0.000 157162600
 3.32  12.70   62.580
 3.32   1.00    0.211    0.009
 3.32   1.00    0.220   62.745
 3.32   1.00    0.212    0.416   0.220   0.412
 3.32   1.00    0.214    0.312   0.220   0.308

 3.33   0.00    0.411    0.308   0.138   0.034   0.084   0.053   0.069   0.034   0.000   0.000   0.000 157635900
 3.33  12.67   62.556
 3.33   1.00    0.211    0.009
 3.33   1.00    0.219   62.709
 3.33   1.00    0.212    0.415   0.219   0.411
 3.33   1.00    0.214    0.312   0.219   0.308

 3.34   0.00    0.410    0.307   0.137   0.034   0.083   0.053   0.069   0.034   0.000   0.000   0.000 158109300
 3.34  12.64   62.531
 3.34   1.00    0.210    0.009
 3.34   1.00    0.219   62.674
 3.34   1.00    0.212    0.414   0.219   0.410
 3.34   1.00    0.214    0.311   0.219   0.307

 3.35   0.00    0.409    0.306   0.137   0.034   0.083   0.053   0.068   0.034   0.000   0.000   0.000 158582700
 3.35  12.61   62.506
 3.35   1.00    0.210    0.009
 3.35   1.00    0.219   62.638
 3.35   1.00    0.211    0.413   0.219   0.409
 3.35   1.00    0.213    0.310   0.219   0.306

 3.36   0.00    0.408    0.306   0.137   0.033   0.083   0.053   0.068   0.034   0.000   0.000   0.000 159056100
 3.36  12.58   62.482
 3.36   1.00    0.209    0.009
 3.36   1.00    0.218   62.602
 3.36   1.00    0.211    0.412   0.218   0.408
 3.36   1.00    0.213    0.309   0.218   0.306

 3.37   0.00    0.407    0.305   0.136   0.033   0.082   0.053   0.068   0.033   0.000   0.000   0.000 159529500
 3.37  12.55   62.457
 3.37   1.00    0.209    0.009
 3.37   1.00    0.218   62.567
 3.37   1.00    0.211    0.411   0.218   0.407
 3.37   1.00    0.212    0.309   0.218   0.305

 3.38   0.00    0.406    0.304   0.136   0.033   0.082   0.053   0.068   0.033   0.000   0.000   0.000 160002900
 3.38  12.52   62.432
 3.38   1.00    0.209    0.009
 3.38   1.00    0.217   62.531
 3.38   1.00    0.210    0.410   0.217   0.406
 3.38   1.00    0.212    0.308   0.217   0.304

 3.39   0.00    0.405    0.304   0.136   0.033   0.082   0.053   0.068   0.033   0.000   0.000   0.000 160476200
 3.39  12.49   62.407
 3.39   1.00    0.208    0.009
 3.39   1.00    0.217   62.495
 3.39   1.00    0.210    0.409   0.217   0.405
 3.39   1.00    0.212    0.307   0.217   0.304

 3.40   0.00    0.404    0.303   0.135   0.033   0.082   0.052   0.068   0.033   0.000   0.000   0.000 160949600
 3.40  12.46   62.383
 3.40   1.00    0.208    0.009
 3.40   1.00    0.217   62.460
 3.40   1.00    0.209    0.407   0.217   0.404
 3.40   1.00    0.211    0.307   0.217   0.303

 3.41   0.00    0.403    0.302   0.135   0.033   0.081   0.052   0.067   0.033   0.000   0.000   0.000 161423000
 3.41  12.43   62.358
 3.41   1.00    0.208    0.009
 3.41   1.00    0.216   62.424
 3.41   1.00    0.209    0.406   0.216   0.403
 3.41   1.00    0.211    0.306   0.216   0.302

 3.42   0.00    0.402    0.302   0.135   0.033   0.081   0.052   0.067   0.033   0.000   0.000   0.000 161896400
 3.42  12.40   62.334
 3.42   1.00    0.207    0.009
 3.42   1.00    0.216   62.389
 3.42   1.00    0.209    0.405   0.216   0.402
 3.42   1.00    0.210    0.305   0.216   0.302

 3.43   0.00    0.401    0.301   0.135   0.033   0.081   0.052   0.067   0.033   0.000   0.000   0.000 162369800
 3.43  12.37   62.309
 3.43   1.00    0.207    0.009
 3.43   1.00    0.215   62.353
 3.43   1.00    0.208    0.404   0.215   0.401
 3.43   1.00    0.210    0.305   0.215   0.301

 3.44   0.00    0.400    0.300   0.134   0.033   0.080   0.052   0.067   0.033   0.000   0.000   0.000 162843100
 3.44  12.34   62.285
 3.44   1.00    0.206    0.009
 3.44   1.00    0.215   62.317
 3.44   1.00    0.208    0.403   0.215   0.400
 3.44   1.00    0.210    0.304   0.215   0.300

 3.45   0.00    0.399    0.300   0.134   0.033   0.080   0.052   0.067   0.033   0.000   0.000   0.000 163316500
 3.45  12.31   62.260
 3.45   1.00    0.206    0.009
 3.45   1.00    0.215   62.282
 3.45   1.00    0.208    0.402   0.215   0.399
 3.45   1.00    0.209    0.303   0.215   0.300

 3.46   0.00    0.398    0.299   0.134   0.033   0.080   0.052   0.067   0.033   0.000   0.000   0.000 163789900
 3.46  12.28   62.236
 3.46   1.00    0.206    0.009
 3.46   1.00    0.214   62.246
 3.46   1.00    0.207    0.401   0.214   0.398
 3.46   1.00    0.209    0.303   0.214   0.299

 3.47   0.00    0.397    0.298   0.133   0.033   0.080   0.052   0.066   0.033   0.000   0.000   0.000 164263300
 3.47  12.26   62.211
 3.47   1.00    0.205    0.009
 3.47   1.00    0.214   62.211
 3.47   1.00    0.207    0.400   0.214   0.397
 3.47   1.00    0.209    0.302   0.214   0.298

 3.48   0.00    0.396    0.298   0.133   0.033   0.079   0.051   0.066   0.033   0.000   0.000   0.000 164736700
 3.48  12.23   62.187
 3.48   1.00    0.205    0.009
 3.48   1.00    0.214   62.175
 3.48   1.00    0.207    0.399   0.214   0.396
 3.48   1.00    0.208    0.302   0.214   0.298

 3.49   0.00    0.395    0.297   0.133   0.033   0.079   0.051   0.066   0.032   0.000   0.000   0.000 165210000
 3.49  12.20   62.162
 3.49   1.00    0.205    0.009
 3.49   1.00    0.213   62.140
 3.49   1.00    0.206    0.398   0.213   0.395
 3.49   1.00    0.208    0.301   0.213   0.297

 3.50   0.00    0.394    0.297   0.132   0.033   0.079   0.051   0.066   0.032   0.000   0.000   0.000 165683400
 3.50  12.17   62.138
 3.50   1.00    0.204    0.009
 3.50   1.00    0.213   62.104
 3.50   1.00    0.206    0.397   0.213   0.394
 3.50   1.00    0.208    0.300   0.213   0.297

 3.51   0.00    0.393    0.296   0.132   0.033   0.078   0.051   0.066   0.032   0.000   0.000   0.000 166156800
 3.51  12.14   62.113
 3.51   1.00    0.204    0.009
 3.51   1.00    0.212   62.069
 3.51   1.00    0.206    0.396   0.212   0.393
 3.51   1.00    0.207    0.300   0.212   0.296

 3.52   0.00    0.392    0.295   0.132   0.033   0.078   0.051   0.066   0.032   0.000   0.000   0.000 166630200
 3.52  12.11   62.089
 3.52   1.00    0.203    0.009
 3.52   1.00    0.212   62.033
 3.52   1.00    0.205    0.395   0.212   0.392
 3.52   1.00    0.207    0.299   0.212   0.295

 3.53   0.00    0.391    0.295   0.131   0.033   0.078   0.051   0.065   0.032   0.000   0.000   0.000 167103600
 3.53  12.09   62.065
 3.53   1.00    0.203    0.009
 3.53   1.00    0.212   61.998
 3.53   1.00    0.205    0.394   0.212   0.391
 3.53   1.00    0.207    0.298   0.212   0.295

 3.54   0.00    0.390    0.294   0.131   0.033   0.078   0.051   0.065   0.032   0.000   0.000   0.000 167576900
 3.54  12.06   62.040
 3.54   1.00    0.203    0.009
 3.54   1.00    0.211   61.962
 3.54   1.00    0.205    0.393   0.211   0.390
 3.54   1.00    0.206    0.298   0.211   0.294

 3.55   0.00    0.389    0.293   0.131   0.033   0.077   0.051   0.065   0.032   0.000   0.000   0.000 168050300
 3.55  12.03   62.016
 3.55   1.00    0.202    0.009
 3.55   1.00    0.211   61.927
 3.55   1.00    0.204    0.392   0.211   0.389
 3.55   1.00    0.206    0.297   0.211   0.294

 3.56   0.00    0.388    0.293   0.130   0.033   0.077   0.051   0.065   0.032   0.000   0.000   0.000 168523700
 3.56  12.00   61.992
 3.56   1.00    0.202    0.009
 3.56   1.00    0.211   61.891
 3.56   1.00    0.204    0.391   0.211   0.388
 3.56   1.00    0.205    0.297   0.211   0.293

 3.57   0.00    0.387    0.292   0.130   0.033   0.077   0.050   0.065   0.032   0.000   0.000   0.000 168997100
 3.57  11.97   61.967
 3.57   1.00    0.202    0.009
 3.57   1.00    0.210   61.856
 3.57   1.00    0.203    0.390   0.210   0.387
 3.57   1.00    0.205    0.296   0.210   0.292

 3.58   0.00    0.386    0.292   0.130   0.033   0.076   0.050   0.065   0.032   0.000   0.000   0.000 169470500
 3.58  11.95   61.943
 3.58   1.00    0.201    0.009
 3.58   1.00    0.210   61.821
 3.58   1.00    0.203    0.390   0.210   0.386
 3.58   1.00    0.205    0.295   0.210   0.292

 3.59   0.00    0.385    0.291   0.130   0.033   0.076   0.050   0.065   0.032   0.000   0.000   0.000 169943900
 3.59  11.92   61.912
 3.59   1.00    0.201    0.009
 3.59   1.00    0.210   61.785
 3.59   1.00    0.203    0.389   0.210   0.385
 3.59   1.00    0.204    0.295   0.210   0.291

 3.60   0.00    0.384    0.291   0.129   0.033   0.076   0.050   0.064   0.032   0.000   0.000   0.000 170417200
 3.60  11.90   61.877
 3.60   1.00    0.201    0.009
 3.60   1.00    0.209   61.750
 3.60   1.00    0.202    0.388   0.209   0.384
 3.60   1.00    0.204    0.294   0.209   0.291

 3.61   0.00    0.383    0.290   0.129   0.033   0.076   0.050   0.064   0.032   0.000   0.000   0.000 170890600
 3.61  11.88   61.841
 3.61   1.00    0.200    0.009
 3.61   1.00    0.209   61.715
 3.61   1.00    0.202    0.387   0.209   0.383
 3.61   1.00    0.204    0.294   0.209   0.290

 3.62   0.00    0.382    0.289   0.129   0.033   0.075   0.050   0.064   0.032   0.000   0.000   0.000 171364000
 3.62  11.86   61.806
 3.62   1.00    0.200    0.009
 3.62   1.00    0.209   61.679
 3.62   1.00    0.202    0.386   0.209   0.382
 3.62   1.00    0.203    0.293   0.209   0.290

 3.63   0.00    0.381    0.289   0.128   0.032   0.075   0.050   0.064   0.031   0.000   0.000   0.000 171837400
 3.63  11.84   61.771
 3.63   1.00    0.200    0.009
 3.63   1.00    0.208   61.644
 3.63   1.00    0.201    0.385   0.208   0.381
 3.63   1.00    0.203    0.293   0.208   0.289

 3.64   0.00    0.380    0.288   0.128   0.032   0.075   0.050   0.064   0.031   0.000   0.000   0.000 172310800
 3.64  11.83   61.735
 3.64   1.00    0.199    0.009
 3.64   1.00    0.208   61.609
 3.64   1.00    0.201    0.384   0.208   0.380
 3.64   1.00    0.203    0.292   0.208   0.288

 3.65   0.00    0.379    0.288   0.128   0.032   0.075   0.049   0.064   0.031   0.000   0.000   0.000 172784100
 3.65  11.81   61.700
 3.65   1.00    0.199    0.009
 3.65   1.00    0.208   61.573
 3.65   1.00    0.201    0.383   0.208   0.379
 3.65   1.00    0.202    0.291   0.208   0.288

 3.66   0.00    0.378    0.287   0.127   0.032   0.074   0.049   0.064   0.031   0.000   0.000   0.000 173257500
 3.66  11.79   61.665
 3.66   1.00    0.199    0.009
 3.66   1.00    0.207   61.538
 3.66   1.00    0.201    0.382   0.207   0.378
 3.66   1.00    0.202    0.291   0.207   0.287

 3.67   0.00    0.377    0.287   0.127   0.032   0.074   0.049   0.063   0.031   0.000   0.000   0.000 173730900
 3.67  11.77   61.630
 3.67   1.00    0.198    0.009
 3.67   1.00    0.207   61.503
 3.67   1.00    0.200    0.381   0.207   0.378
 3.67   1.00    0.202    0.290   0.207   0.287

 3.68   0.00    0.377    0.286   0.127   0.032   0.074   0.049   0.063   0.031   0.000   0.000   0.000 174204300
 3.68  11.75   61.594
 3.68   1.00    0.198    0.009
 3.68   1.00    0.206   61.468
 3.68   1.00    0.200    0.380   0.206   0.377
 3.68   1.00    0.201    0.290   0.206   0.286

 3.69   0.00    0.376    0.286   0.127   0.032   0.074   0.049   0.063   0.031   0.000   0.000   0.000 174677700
 3.69  11.73   61.559
 3.69   1.00    0.197    0.009
 3.69   1.00    0.206   61.433
 3.69   1.00    0.200    0.379   0.206   0.376
 3.69   1.00    0.201    0.289   0.206   0.286

 3.70   0.00    0.375    0.285   0.126   0.032   0.073   0.049   0.063   0.031   0.000   0.000   0.000 175151100
 3.70  11.71   61.524
 3.70   1.00    0.197    0.009
 3.70   1.00    0.206   61.397
 3.70   1.00    0.199    0.378   0.206   0.375
 3.70   1.00    0.201    0.289   0.206   0.285

 3.71   0.00    0.374    0.285   0.126   0.032   0.073   0.049   0.063   0.031   0.000   0.000   0.000 175624400
 3.71  11.69   61.489
 3.71   1.00    0.197    0.009
 3.71   1.00    0.205   61.362
 3.71   1.00    0.199    0.377   0.205   0.374
 3.71   1.00    0.200    0.288   0.205   0.285

 3.72   0.00    0.373    0.284   0.126   0.032   0.073   0.049   0.063   0.031   0.000   0.000   0.000 176097800
 3.72  11.67   61.454
 3.72   1.00    0.197    0.009
 3.72   1.00    0.205   61.327
 3.72   1.00    0.199    0.377   0.205   0.373
 3.72   1.00    0.200    0.288   0.205   0.284

 3.73   0.00    0.372    0.283   0.125   0.032   0.073   0.049   0.063   0.031   0.000   0.000   0.000 176571200
 3.73  11.65   61.418
 3.73   1.00    0.196    0.009
 3.73   1.00    0.205   61.292
 3.73   1.00    0.198    0.376   0.205   0.372
 3.73   1.00    0.200    0.287   0.205   0.284

 3.74   0.00    0.371    0.283   0.125   0.032   0.072   0.048   0.062   0.031   0.000   0.000   0.000 177044600
 3.74  11.63   61.383
 3.74   1.00    0.196    0.009
 3.74   1.00    0.205   61.257
 3.74   1.00    0.198    0.375   0.205   0.371
 3.74   1.00    0.200    0.287   0.205   0.283

 3.75   0.00    0.370    0.282   0.125   0.032   0.072   0.048   0.062   0.031   0.000   0.000   0.000 177518000
 3.75  11.62   61.348
 3.75   1.00    0.196    0.009
 3.75   1.00    0.204   61.222
 3.75   1.00    0.198    0.374   0.204   0.370
 3.75   1.00    0.199    0.286   0.204   0.283

 3.76   0.00    0.369    0.282   0.124   0.032   0.072   0.048   0.062   0.031   0.000   0.000   0.000 177991300
 3.76  11.60   61.313
 3.76   1.00    0.195    0.009
 3.76   1.00    0.204   61.187
 3.76   1.00    0.197    0.373   0.204   0.369
 3.76   1.00    0.199    0.286   0.204   0.282

 3.77   0.00    0.368    0.281   0.124   0.032   0.072   0.048   0.062   0.030   0.000   0.000   0.000 178464700
 3.77  11.58   61.278
 3.77   1.00    0.195    0.009
 3.77   1.00    0.204   61.152
 3.77   1.00    0.197    0.372   0.204   0.369
 3.77   1.00    0.199    0.285   0.204   0.282

 3.78   0.00    0.368    0.281   0.124   0.032   0.071   0.048   0.062   0.030   0.000   0.000   0.000 178938100
 3.78  11.56   61.243
 3.78   1.00    0.195    0.009
 3.78   1.00    0.203   61.117
 3.78   1.00    0.197    0.371   0.203   0.368
 3.78   1.00    0.198    0.285   0.203   0.281

 3.79   0.00    0.367    0.280   0.124   0.032   0.071   0.048   0.062   0.030   0.000   0.000   0.000 179411500
 3.79  11.54   61.208
 3.79   1.00    0.194    0.009
 3.79   1.00    0.203   61.082
 3.79   1.00    0.196    0.370   0.203   0.367
 3.79   1.00    0.198    0.284   0.203   0.281

 3.80   0.00    0.366    0.280   0.123   0.032   0.071   0.048   0.062   0.030   0.000   0.000   0.000 179884900
 3.80  11.53   61.173
 3.80   1.00    0.194    0.009
 3.80   1.00    0.203   61.047
 3.80   1.00    0.196    0.369   0.203   0.366
 3.80   1.00    0.198    0.284   0.203   0.280

 3.81   0.00    0.365    0.279   0.123   0.032   0.071   0.048   0.062   0.030   0.000   0.000   0.000 180358200
 3.81  11.51   61.138
 3.81   1.00    0.194    0.009
 3.81   1.00    0.202   61.012
 3.81   1.00    0.196    0.369   0.202   0.365
 3.81   1.00    0.197    0.283   0.202   0.280

 3.82   0.00    0.364    0.279   0.123   0.032   0.070   0.048   0.061   0.030   0.000   0.000   0.000 180831600
 3.82  11.49   61.103
 3.82   1.00    0.193    0.009
 3.82   1.00    0.202   60.977
 3.82   1.00    0.196    0.368   0.202   0.364
 3.82   1.00    0.197    0.283   0.202   0.279

 3.83   0.00    0.363    0.278   0.122   0.032   0.070   0.047   0.061   0.030   0.000   0.000   0.000 181305000
 3.83  11.47   61.068
 3.83   1.00    0.193    0.009
 3.83   1.00    0.202   60.942
 3.83   1.00    0.195    0.367   0.202   0.363
 3.83   1.00    0.197    0.282   0.202   0.279

 3.84   0.00    0.362    0.278   0.122   0.032   0.070   0.047   0.061   0.030   0.000   0.000   0.000 181778400
 3.84  11.45   61.033
 3.84   1.00    0.193    0.009
 3.84   1.00    0.201   60.908
 3.84   1.00    0.195    0.366   0.201   0.363
 3.84   1.00    0.196    0.282   0.201   0.278

 3.85   0.00    0.362    0.278   0.122   0.032   0.070   0.047   0.061   0.030   0.000   0.000   0.000 182251800
 3.85  11.44   60.998
 3.85   1.00    0.192    0.009
 3.85   1.00    0.201   60.873
 3.85   1.00    0.195    0.365   0.201   0.362
 3.85   1.00    0.196    0.281   0.201   0.278

 3.86   0.00    0.361    0.277   0.122   0.032   0.070   0.047   0.061   0.030   0.000   0.000   0.000 182725200
 3.86  11.42   60.963
 3.86   1.00    0.192    0.009
 3.86   1.00    0.201   60.838
 3.86   1.00    0.194    0.364   0.201   0.361
 3.86   1.00    0.196    0.280   0.201   0.277

 3.87   0.00    0.360    0.276   0.121   0.032   0.069   0.047   0.061   0.030   0.000   0.000   0.000 183198500
 3.87  11.40   60.929
 3.87   1.00    0.192    0.009
 3.87   1.00    0.200   60.803
 3.87   1.00    0.194    0.363   0.200   0.360
 3.87   1.00    0.196    0.280   0.200   0.276

 3.88   0.00    0.359    0.276   0.121   0.032   0.069   0.047   0.061   0.030   0.000   0.000   0.000 183671900
 3.88  11.38   60.894
 3.88   1.00    0.191    0.009
 3.88   1.00    0.200   60.768
 3.88   1.00    0.194    0.363   0.200   0.359
 3.88   1.00    0.195    0.279   0.200   0.276

 3.89   0.00    0.358    0.275   0.121   0.032   0.069   0.047   0.060   0.030   0.000   0.000   0.000 184145300
 3.89  11.37   60.859
 3.89   1.00    0.191    0.009
 3.89   1.00    0.200   60.734
 3.89   1.00    0.194    0.362   0.200   0.358
 3.89   1.00    0.195    0.279   0.200   0.275

 3.90   0.00    0.357    0.275   0.121   0.032   0.069   0.047   0.060   0.030   0.000   0.000   0.000 184618700
 3.90  11.35   60.824
 3.90   1.00    0.191    0.009
 3.90   1.00    0.200   60.699
 3.90   1.00    0.193    0.361   0.200   0.358
 3.90   1.00    0.195    0.278   0.200   0.275

 3.91   0.00    0.357    0.274   0.120   0.032   0.068   0.047   0.060   0.029   0.000   0.000   0.000 185092100
 3.91  11.33   60.789
 3.91   1.00    0.191    0.009
 3.91   1.00    0.199   60.664
 3.91   1.00    0.193    0.360   0.199   0.357
 3.91   1.00    0.194    0.277   0.199   0.274

 3.92   0.00    0.356    0.273   0.120   0.032   0.068   0.046   0.060   0.029   0.000   0.000   0.000 185565400
 3.92  11.32   60.755
 3.92   1.00    0.190    0.009
 3.92   1.00    0.199   60.630
 3.92   1.00    0.193    0.359   0.199   0.356
 3.92   1.00    0.194    0.277   0.199   0.273

 3.93   0.00    0.355    0.273   0.120   0.032   0.068   0.046   0.060   0.029   0.000   0.000   0.000 186038800
 3.93  11.30   60.720
 3.93   1.00    0.190    0.009
 3.93   1.00    0.199   60.595
 3.93   1.00    0.192    0.358   0.199   0.355
 3.93   1.00    0.194    0.276   0.199   0.273

 3.94   0.00    0.354    0.272   0.119   0.032   0.068   0.046   0.060   0.029   0.000   0.000   0.000 186512200
 3.94  11.28   60.685
 3.94   1.00    0.190    0.009
 3.94   1.00    0.198   60.560
 3.94   1.00    0.192    0.358   0.198   0.354
 3.94   1.00    0.194    0.276   0.198   0.272

 3.95   0.00    0.353    0.272   0.119   0.031   0.068   0.046   0.060   0.029   0.000   0.000   0.000 186985600
 3.95  11.27   60.651
 3.95   1.00    0.189    0.009
 3.95   1.00    0.198   60.526
 3.95   1.00    0.192    0.357   0.198   0.353
 3.95   1.00    0.193    0.275   0.198   0.272

 3.96   0.00    0.353    0.271   0.119   0.031   0.067   0.046   0.060   0.029   0.000   0.000   0.000 187459000
 3.96  11.25   60.616
 3.96   1.00    0.189    0.009
 3.96   1.00    0.198   60.491
 3.96   1.00    0.192    0.356   0.198   0.353
 3.96   1.00    0.193    0.275   0.198   0.271

 3.97   0.00    0.352    0.270   0.119   0.031   0.067   0.046   0.060   0.029   0.000   0.000   0.000 187932400
 3.97  11.23   60.581
 3.97   1.00    0.189    0.009
 3.97   1.00    0.197   60.457
 3.97   1.00    0.191    0.355   0.197   0.352
 3.97   1.00    0.193    0.274   0.197   0.271

 3.98   0.00    0.351    0.270   0.118   0.031   0.067   0.046   0.059   0.029   0.000   0.000   0.000 188405700
 3.98  11.22   60.547
 3.98   1.00    0.189    0.009
 3.98   1.00    0.197   60.422
 3.98   1.00    0.191    0.354   0.197   0.351
 3.98   1.00    0.192    0.273   0.197   0.270

 3.99   0.00    0.350    0.269   0.118   0.031   0.067   0.046   0.059   0.029   0.000   0.000   0.000 188879100
 3.99  11.20   60.512
 3.99   1.00    0.188    0.009
 3.99   1.00    0.197   60.388
 3.99   1.00    0.191    0.354   0.197   0.350
 3.99   1.00    0.192    0.273   0.197   0.269

 4.00   0.00    0.349    0.269   0.118   0.031   0.067   0.046   0.059   0.029   0.000   0.000   0.000 189352500
 4.00  11.18   60.478
 4.00   1.00    0.188    0.009
 4.00   1.00    0.197   60.353
 4.00   1.00    0.191    0.353   0.197   0.349
 4.00   1.00    0.192    0.272   0.197   0.269

 4.01   0.00    0.349    0.268   0.118   0.031   0.066   0.046   0.059   0.029   0.000   0.000   0.000 189825900
 4.01  11.17   60.443
 4.01   1.00    0.188    0.009
 4.01   1.00    0.196   60.319
 4.01   1.00    0.190    0.352   0.196   0.349
 4.01   1.00    0.192    0.272   0.196   0.268

 4.02   0.00    0.348    0.268   0.117   0.031   0.066   0.045   0.059   0.029   0.000   0.000   0.000 190299200
 4.02  11.15   60.409
 4.02   1.00    0.187    0.009
 4.02   1.00    0.196   60.284
 4.02   1.00    0.190    0.351   0.196   0.348
 4.02   1.00    0.191    0.271   0.196   0.268

 4.03   0.00    0.347    0.267   0.117   0.031   0.066   0.045   0.059   0.029   0.000   0.000   0.000 190772600
 4.03  11.13   60.374
 4.03   1.00    0.187    0.009
 4.03   1.00    0.196   60.250
 4.03   1.00    0.190    0.350   0.196   0.347
 4.03   1.00    0.191    0.271   0.196   0.267

 4.04   0.00    0.346    0.267   0.117   0.031   0.066   0.045   0.059   0.029   0.000   0.000   0.000 191246000
 4.04  11.12   60.340
 4.04   1.00    0.187    0.009
 4.04   1.00    0.196   60.216
 4.04   1.00    0.189    0.350   0.196   0.346
 4.04   1.00    0.191    0.270   0.196   0.267

 4.05   0.00    0.345    0.266   0.116   0.031   0.065   0.045   0.059   0.029   0.000   0.000   0.000 191719400
 4.05  11.10   60.306
 4.05   1.00    0.187    0.009
 4.05   1.00    0.195   60.181
 4.05   1.00    0.189    0.349   0.195   0.346
 4.05   1.00    0.191    0.270   0.195   0.266

 4.06   0.00    0.345    0.266   0.116   0.031   0.065   0.045   0.058   0.028   0.000   0.000   0.000 192192800
 4.06  11.09   60.271
 4.06   1.00    0.186    0.009
 4.06   1.00    0.195   60.147
 4.06   1.00    0.189    0.348   0.195   0.345
 4.06   1.00    0.190    0.269   0.195   0.266

 4.07   0.00    0.344    0.265   0.116   0.031   0.065   0.045   0.058   0.028   0.000   0.000   0.000 192666200
 4.07  11.07   60.237
 4.07   1.00    0.186    0.009
 4.07   1.00    0.195   60.113
 4.07   1.00    0.189    0.347   0.195   0.344
 4.07   1.00    0.190    0.268   0.195   0.265

 4.08   0.00    0.343    0.265   0.116   0.031   0.065   0.045   0.058   0.028   0.000   0.000   0.000 193139500
 4.08  11.06   60.203
 4.08   1.00    0.186    0.009
 4.08   1.00    0.194   60.078
 4.08   1.00    0.188    0.347   0.194   0.343
 4.08   1.00    0.190    0.268   0.194   0.265

 4.09   0.00    0.342    0.264   0.115   0.031   0.065   0.045   0.058   0.028   0.000   0.000   0.000 193612900
 4.09  11.04   60.168
 4.09   1.00    0.185    0.009
 4.09   1.00    0.194   60.044
 4.09   1.00    0.188    0.346   0.194   0.342
 4.09   1.00    0.189    0.267   0.194   0.264

 4.10   0.00    0.342    0.263   0.115   0.031   0.064   0.045   0.058   0.028   0.000   0.000   0.000 194086300
 4.10  11.02   60.134
 4.10   1.00    0.185    0.009
 4.10   1.00    0.194   60.010
 4.10   1.00    0.188    0.345   0.194   0.342
 4.10   1.00    0.189    0.267   0.194   0.264

 4.11   0.00    0.341    0.263   0.115   0.031   0.064   0.045   0.058   0.028   0.000   0.000   0.000 194559700
 4.11  11.01   60.100
 4.11   1.00    0.185    0.009
 4.11   1.00    0.194   59.976
 4.11   1.00    0.188    0.344   0.194   0.341
 4.11   1.00    0.189    0.266   0.194   0.263

 4.12   0.00    0.340    0.262   0.115   0.031   0.064   0.044   0.058   0.028   0.000   0.000   0.000 195033100
 4.12  10.99   60.066
 4.12   1.00    0.185    0.009
 4.12   1.00    0.193   59.942
 4.12   1.00    0.187    0.344   0.193   0.340
 4.12   1.00    0.189    0.266   0.193   0.262

 4.13   0.00    0.339    0.262   0.114   0.031   0.064   0.044   0.058   0.028   0.000   0.000   0.000 195506400
 4.13  10.98   60.031
 4.13   1.00    0.184    0.009
 4.13   1.00    0.193   59.908
 4.13   1.00    0.187    0.343   0.193   0.339
 4.13   1.00    0.188    0.265   0.193   0.262

 4.14   0.00    0.339    0.261   0.114   0.031   0.064   0.044   0.058   0.028   0.000   0.000   0.000 195979800
 4.14  10.96   59.997
 4.14   1.00    0.184    0.009
 4.14   1.00    0.193   59.874
 4.14   1.00    0.187    0.342   0.193   0.339
 4.14   1.00    0.188    0.265   0.193   0.261

 4.15   0.00    0.338    0.261   0.114   0.031   0.063   0.044   0.057   0.028   0.000   0.000   0.000 196453200
 4.15  10.95   59.963
 4.15   1.00    0.184    0.009
 4.15   1.00    0.193   59.840
 4.15   1.00    0.187    0.341   0.193   0.338
 4.15   1.00    0.188    0.264   0.193   0.261

 4.16   0.00    0.337    0.260   0.114   0.031   0.063   0.044   0.057   0.028   0.000   0.000   0.000 196926600
 4.16  10.93   59.929
 4.16   1.00    0.184    0.009
 4.16   1.00    0.192   59.806
 4.16   1.00    0.186    0.340   0.192   0.337
 4.16   1.00    0.188    0.264   0.192   0.260

 4.17   0.00    0.336    0.260   0.113   0.031   0.063   0.044   0.057   0.028   0.000   0.000   0.000 197400000
 4.17  10.92   59.895
 4.17   1.00    0.183    0.009
 4.17   1.00    0.192   59.772
 4.17   1.00    0.186    0.340   0.192   0.336
 4.17   1.00    0.187    0.263   0.192   0.260

 4.18   0.00    0.336    0.259   0.113   0.031   0.063   0.044   0.057   0.028   0.000   0.000   0.000 197873300
 4.18  10.90   59.861
 4.18   1.00    0.183    0.009
 4.18   1.00    0.192   59.738
 4.18   1.00    0.186    0.339   0.192   0.336
 4.18   1.00    0.187    0.263   0.192   0.259

 4.19   0.00    0.335    0.259   0.113   0.031   0.063   0.044   0.057   0.028   0.000   0.000   0.000 198346700
 4.19  10.89   59.827
 4.19   1.00    0.183    0.009
 4.19   1.00    0.191   59.704
 4.19   1.00    0.186    0.338   0.191   0.335
 4.19   1.00    0.187    0.262   0.191   0.259

 4.20   0.00    0.334    0.258   0.113   0.031   0.063   0.044   0.057   0.028   0.000   0.000   0.000 198820100
 4.20  10.87   59.793
 4.20   1.00    0.183    0.009
 4.20   1.00    0.191   59.670
 4.20   1.00    0.185    0.338   0.191   0.334
 4.20   1.00    0.187    0.262   0.191   0.258

 4.21   0.00    0.333    0.258   0.112   0.031   0.062   0.044   0.057   0.028   0.000   0.000   0.000 199293500
 4.21  10.86   59.759
 4.21   1.00    0.182    0.009
 4.21   1.00    0.191   59.636
 4.21   1.00    0.185    0.337   0.191   0.334
 4.21   1.00    0.186    0.261   0.191   0.258

 4.22   0.00    0.333    0.257   0.112   0.031   0.062   0.043   0.057   0.027   0.000   0.000   0.000 199766900
 4.22  10.84   59.725
 4.22   1.00    0.182    0.009
 4.22   1.00    0.191   59.602
 4.22   1.00    0.185    0.336   0.191   0.333
 4.22   1.00    0.186    0.261   0.191   0.258

 4.23   0.00    0.332    0.257   0.112   0.031   0.062   0.043   0.057   0.027   0.000   0.000   0.000 200240300
 4.23  10.83   59.691
 4.23   1.00    0.182    0.009
 4.23   1.00    0.190   59.568
 4.23   1.00    0.185    0.335   0.190   0.332
 4.23   1.00    0.186    0.260   0.190   0.257

 4.24   0.00    0.331    0.256   0.112   0.031   0.062   0.043   0.056   0.027   0.000   0.000   0.000 200713600
 4.24  10.82   59.657
 4.24   1.00    0.182    0.009
 4.24   1.00    0.190   59.535
 4.24   1.00    0.184    0.335   0.190   0.331
 4.24   1.00    0.186    0.260   0.190   0.257

 4.25   0.00    0.331    0.256   0.111   0.031   0.062   0.043   0.056   0.027   0.000   0.000   0.000 201187000
 4.25  10.80   59.623
 4.25   1.00    0.181    0.009
 4.25   1.00    0.190   59.501
 4.25   1.00    0.184    0.334   0.190   0.331
 4.25   1.00    0.185    0.259   0.190   0.256

 4.26   0.00    0.330    0.256   0.111   0.031   0.061   0.043   0.056   0.027   0.000   0.000   0.000 201660400
 4.26  10.79   59.590
 4.26   1.00    0.181    0.009
 4.26   1.00    0.190   59.467
 4.26   1.00    0.184    0.333   0.190   0.330
 4.26   1.00    0.185    0.259   0.190   0.256

 4.27   0.00    0.329    0.255   0.111   0.031   0.061   0.043   0.056   0.027   0.000   0.000   0.000 202133800
 4.27  10.77   59.556
 4.27   1.00    0.181    0.009
 4.27   1.00    0.189   59.433
 4.27   1.00    0.184    0.332   0.189   0.329
 4.27   1.00    0.185    0.258   0.189   0.255

 4.28   0.00    0.328    0.255   0.111   0.031   0.061   0.043   0.056   0.027   0.000   0.000   0.000 202607200
 4.28  10.76   59.522
 4.28   1.00    0.181    0.009
 4.28   1.00    0.189   59.400
 4.28   1.00    0.183    0.332   0.189   0.329
 4.28   1.00    0.185    0.258   0.189   0.255

 4.29   0.00    0.328    0.254   0.110   0.031   0.061   0.043   0.056   0.027   0.000   0.000   0.000 203080500
 4.29  10.74   59.488
 4.29   1.00    0.180    0.009
 4.29   1.00    0.189   59.366
 4.29   1.00    0.183    0.331   0.189   0.328
 4.29   1.00    0.185    0.257   0.189   0.254

 4.30   0.00    0.327    0.254   0.110   0.031   0.061   0.043   0.056   0.027   0.000   0.000   0.000 203553900
 4.30  10.73   59.455
 4.30   1.00    0.180    0.009
 4.30   1.00    0.189   59.333
 4.30   1.00    0.183    0.330   0.189   0.327
 4.30   1.00    0.184    0.257   0.189   0.254

 4.31   0.00    0.326    0.253   0.110   0.031   0.060   0.043   0.056   0.027   0.000   0.000   0.000 204027300
 4.31  10.72   59.421
 4.31   1.00    0.180    0.009
 4.31   1.00    0.188   59.299
 4.31   1.00    0.183    0.330   0.188   0.326
 4.31   1.00    0.184    0.257   0.188   0.253

 4.32   0.00    0.326    0.253   0.110   0.031   0.060   0.042   0.056   0.027   0.000   0.000   0.000 204500700
 4.32  10.70   59.387
 4.32   1.00    0.180    0.009
 4.32   1.00    0.188   59.265
 4.32   1.00    0.183    0.329   0.188   0.326
 4.32   1.00    0.184    0.256   0.188   0.253

 4.33   0.00    0.325    0.252   0.109   0.031   0.060   0.042   0.056   0.027   0.000   0.000   0.000 204974100
 4.33  10.69   59.354
 4.33   1.00    0.179    0.009
 4.33   1.00    0.188   59.232
 4.33   1.00    0.182    0.328   0.188   0.325
 4.33   1.00    0.184    0.256   0.188   0.252

 4.34   0.00    0.324    0.252   0.109   0.031   0.060   0.042   0.055   0.027   0.000   0.000   0.000 205447500
 4.34  10.67   59.320
 4.34   1.00    0.179    0.009
 4.34   1.00    0.188   59.199
 4.34   1.00    0.182    0.328   0.188   0.324
 4.34   1.00    0.183    0.255   0.188   0.252

 4.35   0.00    0.324    0.251   0.109   0.030   0.060   0.042   0.055   0.027   0.000   0.000   0.000 205920800
 4.35  10.66   59.287
 4.35   1.00    0.179    0.009
 4.35   1.00    0.188   59.165
 4.35   1.00    0.182    0.327   0.188   0.324
 4.35   1.00    0.183    0.255   0.188   0.251

 4.36   0.00    0.323    0.251   0.109   0.030   0.060   0.042   0.055   0.027   0.000   0.000   0.000 206394200
 4.36  10.65   59.253
 4.36   1.00    0.179    0.009
 4.36   1.00    0.187   59.132
 4.36   1.00    0.182    0.326   0.187   0.323
 4.36   1.00    0.183    0.254   0.187   0.251

 4.37   0.00    0.322    0.250   0.109   0.030   0.059   0.042   0.055   0.027   0.000   0.000   0.000 206867600
 4.37  10.63   59.220
 4.37   1.00    0.178    0.009
 4.37   1.00    0.187   59.098
 4.37   1.00    0.181    0.325   0.187   0.322
 4.37   1.00    0.183    0.254   0.187   0.251

 4.38   0.00    0.321    0.250   0.108   0.030   0.059   0.042   0.055   0.027   0.000   0.000   0.000 207341000
 4.38  10.62   59.186
 4.38   1.00    0.178    0.009
 4.38   1.00    0.187   59.065
 4.38   1.00    0.181    0.325   0.187   0.322
 4.38   1.00    0.182    0.253   0.187   0.250

 4.39   0.00    0.321    0.250   0.108   0.030   0.059   0.042   0.055   0.026   0.000   0.000   0.000 207814400
 4.39  10.61   59.153
 4.39   1.00    0.178    0.009
 4.39   1.00    0.187   59.032
 4.39   1.00    0.181    0.324   0.187   0.321
 4.39   1.00    0.182    0.253   0.187   0.250

 4.40   0.00    0.320    0.249   0.108   0.030   0.059   0.042   0.055   0.026   0.000   0.000   0.000 208287700
 4.40  10.59   59.119
 4.40   1.00    0.178    0.009
 4.40   1.00    0.186   58.998
 4.40   1.00    0.181    0.323   0.186   0.320
 4.40   1.00    0.182    0.253   0.186   0.249

 4.41   0.00    0.319    0.249   0.108   0.030   0.059   0.042   0.055   0.026   0.000   0.000   0.000 208761100
 4.41  10.58   59.086
 4.41   1.00    0.177    0.009
 4.41   1.00    0.186   58.965
 4.41   1.00    0.181    0.323   0.186   0.320
 4.41   1.00    0.182    0.252   0.186   0.249

 4.42   0.00    0.319    0.249   0.107   0.030   0.059   0.042   0.055   0.026   0.000   0.000   0.000 209234500
 4.42  10.57   59.053
 4.42   1.00    0.177    0.009
 4.42   1.00    0.186   58.932
 4.42   1.00    0.180    0.322   0.186   0.319
 4.42   1.00    0.182    0.252   0.186   0.249

 4.43   0.00    0.318    0.248   0.107   0.030   0.058   0.041   0.055   0.026   0.000   0.000   0.000 209707900
 4.43  10.55   59.019
 4.43   1.00    0.177    0.009
 4.43   1.00    0.186   58.899
 4.43   1.00    0.180    0.321   0.186   0.318
 4.43   1.00    0.181    0.252   0.186   0.248

 4.44   0.00    0.317    0.248   0.107   0.030   0.058   0.041   0.055   0.026   0.000   0.000   0.000 210181300
 4.44  10.54   58.986
 4.44   1.00    0.177    0.009
 4.44   1.00    0.185   58.866
 4.44   1.00    0.180    0.321   0.185   0.318
 4.44   1.00    0.181    0.251   0.185   0.248

 4.45   0.00    0.317    0.248   0.107   0.030   0.058   0.041   0.054   0.026   0.000   0.000   0.000 210654600
 4.45  10.53   58.953
 4.45   1.00    0.177    0.009
 4.45   1.00    0.185   58.832
 4.45   1.00    0.180    0.320   0.185   0.317
 4.45   1.00    0.181    0.251   0.185   0.248

 4.46   0.00    0.316    0.247   0.106   0.030   0.058   0.041   0.054   0.026   0.000   0.000   0.000 211128000
 4.46  10.51   58.920
 4.46   1.00    0.176    0.009
 4.46   1.00    0.185   58.799
 4.46   1.00    0.179    0.319   0.185   0.316
 4.46   1.00    0.181    0.251   0.185   0.247

 4.47   0.00    0.315    0.247   0.106   0.030   0.058   0.041   0.054   0.026   0.000   0.000   0.000 211601400
 4.47  10.50   58.886
 4.47   1.00    0.176    0.009
 4.47   1.00    0.185   58.766
 4.47   1.00    0.179    0.319   0.185   0.316
 4.47   1.00    0.180    0.250   0.185   0.247

 4.48   0.00    0.315    0.247   0.106   0.030   0.058   0.041   0.054   0.026   0.000   0.000   0.000 212074800
 4.48  10.49   58.853
 4.48   1.00    0.176    0.009
 4.48   1.00    0.185   58.733
 4.48   1.00    0.179    0.318   0.185   0.315
 4.48   1.00    0.180    0.250   0.185   0.247

 4.49   0.00    0.314    0.246   0.106   0.030   0.057   0.041   0.054   0.026   0.000   0.000   0.000 212548200
 4.49  10.48   58.820
 4.49   1.00    0.176    0.009
 4.49   1.00    0.184   58.700
 4.49   1.00    0.179    0.317   0.184   0.314
 4.49   1.00    0.180    0.250   0.184   0.246

 4.50   0.00    0.314    0.246   0.105   0.030   0.057   0.041   0.054   0.026   0.000   0.000   0.000 213021600
 4.50  10.46   58.787
 4.50   1.00    0.175    0.009
 4.50   1.00    0.184   58.667
 4.50   1.00    0.179    0.317   0.184   0.314
 4.50   1.00    0.180    0.249   0.184   0.246

 4.51   0.00    0.313    0.246   0.105   0.030   0.057   0.041   0.054   0.026   0.000   0.000   0.000 213494900
 4.51  10.45   58.754
 4.51   1.00    0.175    0.009
 4.51   1.00    0.184   58.634
 4.51   1.00    0.178    0.316   0.184   0.313
 4.51   1.00    0.180    0.249   0.184   0.246

 4.52   0.00    0.312    0.245   0.105   0.030   0.057   0.041   0.054   0.026   0.000   0.000   0.000 213968300
 4.52  10.44   58.721
 4.52   1.00    0.175    0.009
 4.52   1.00    0.184   58.602
 4.52   1.00    0.178    0.315   0.184   0.312
 4.52   1.00    0.179    0.249   0.184   0.245

 4.53   0.00    0.312    0.245   0.105   0.030   0.057   0.041   0.054   0.026   0.000   0.000   0.000 214441700
 4.53  10.43   58.688
 4.53   1.00    0.175    0.009
 4.53   1.00    0.183   58.569
 4.53   1.00    0.178    0.315   0.183   0.312
 4.53   1.00    0.179    0.248   0.183   0.245

 4.54   0.00    0.311    0.245   0.105   0.030   0.057   0.041   0.054   0.026   0.000   0.000   0.000 214915100
 4.54  10.41   58.655
 4.54   1.00    0.175    0.009
 4.54   1.00    0.183   58.536
 4.54   1.00    0.178    0.314   0.183   0.311
 4.54   1.00    0.179    0.248   0.183   0.245

 4.55   0.00    0.310    0.244   0.104   0.030   0.056   0.040   0.053   0.026   0.000   0.000   0.000 215388500
 4.55  10.40   58.622
 4.55   1.00    0.174    0.009
 4.55   1.00    0.183   58.503
 4.55   1.00    0.178    0.314   0.183   0.310
 4.55   1.00    0.179    0.248   0.183   0.244

 4.56   0.00    0.310    0.244   0.104   0.030   0.056   0.040   0.053   0.026   0.000   0.000   0.000 215861800
 4.56  10.39   58.589
 4.56   1.00    0.174    0.009
 4.56   1.00    0.183   58.470
 4.56   1.00    0.177    0.313   0.183   0.310
 4.56   1.00    0.178    0.247   0.183   0.244

 4.57   0.00    0.309    0.244   0.104   0.030   0.056   0.040   0.053   0.025   0.000   0.000   0.000 216335200
 4.57  10.38   58.557
 4.57   1.00    0.174    0.009
 4.57   1.00    0.183   58.438
 4.57   1.00    0.177    0.312   0.183   0.309
 4.57   1.00    0.178    0.247   0.183   0.244

 4.58   0.00    0.308    0.243   0.104   0.030   0.056   0.040   0.053   0.025   0.000   0.000   0.000 216808600
 4.58  10.36   58.524
 4.58   1.00    0.174    0.009
 4.58   1.00    0.182   58.405
 4.58   1.00    0.177    0.312   0.182   0.309
 4.58   1.00    0.178    0.247   0.182   0.243

 4.59   0.00    0.308    0.243   0.103   0.030   0.056   0.040   0.053   0.025   0.000   0.000   0.000 217282000
 4.59  10.35   58.491
 4.59   1.00    0.173    0.009
 4.59   1.00    0.182   58.372
 4.59   1.00    0.177    0.311   0.182   0.308
 4.59   1.00    0.178    0.246   0.182   0.243

 4.60   0.00    0.307    0.243   0.103   0.030   0.056   0.040   0.053   0.025   0.000   0.000   0.000 217755400
 4.60  10.34   58.458
 4.60   1.00    0.173    0.009
 4.60   1.00    0.182   58.340
 4.60   1.00    0.177    0.310   0.182   0.307
 4.60   1.00    0.178    0.246   0.182   0.243

 4.61   0.00    0.307    0.242   0.103   0.030   0.055   0.040   0.053   0.025   0.000   0.000   0.000 218228800
 4.61  10.33   58.426
 4.61   1.00    0.173    0.009
 4.61   1.00    0.182   58.307
 4.61   1.00    0.176    0.310   0.182   0.307
 4.61   1.00    0.177    0.246   0.182   0.242

 4.62   0.00    0.306    0.242   0.103   0.030   0.055   0.040   0.053   0.025   0.000   0.000   0.000 218702100
 4.62  10.31   58.393
 4.62   1.00    0.173    0.009
 4.62   1.00    0.181   58.275
 4.62   1.00    0.176    0.309   0.181   0.306
 4.62   1.00    0.177    0.245   0.181   0.242

 4.63   0.00    0.305    0.242   0.103   0.030   0.055   0.040   0.053   0.025   0.000   0.000   0.000 219175500
 4.63  10.30   58.360
 4.63   1.00    0.173    0.009
 4.63   1.00    0.181   58.242
 4.63   1.00    0.176    0.308   0.181   0.305
 4.63   1.00    0.177    0.245   0.181   0.242

 4.64   0.00    0.305    0.241   0.102   0.030   0.055   0.040   0.053   0.025   0.000   0.000   0.000 219648900
 4.64  10.29   58.328
 4.64   1.00    0.172    0.009
 4.64   1.00    0.181   58.209
 4.64   1.00    0.176    0.308   0.181   0.305
 4.64   1.00    0.177    0.245   0.181   0.242

 4.65   0.00    0.304    0.241   0.102   0.030   0.055   0.040   0.053   0.025   0.000   0.000   0.000 220122300
 4.65  10.28   58.295
 4.65   1.00    0.172    0.009
 4.65   1.00    0.181   58.177
 4.65   1.00    0.176    0.307   0.181   0.304
 4.65   1.00    0.177    0.244   0.181   0.241

 4.66   0.00    0.303    0.241   0.102   0.030   0.055   0.039   0.053   0.025   0.000   0.000   0.000 220595600
 4.66  10.27   58.262
 4.66   1.00    0.172    0.009
 4.66   1.00    0.181   58.145
 4.66   1.00    0.175    0.307   0.181   0.304
 4.66   1.00    0.176    0.244   0.181   0.241

 4.67   0.00    0.303    0.240   0.102   0.030   0.054   0.039   0.052   0.025   0.000   0.000   0.000 221069000
 4.67  10.26   58.230
 4.67   1.00    0.172    0.009
 4.67   1.00    0.180   58.112
 4.67   1.00    0.175    0.306   0.180   0.303
 4.67   1.00    0.176    0.244   0.180   0.241

 4.68   0.00    0.302    0.240   0.102   0.030   0.054   0.039   0.052   0.025   0.000   0.000   0.000 221542400
 4.68  10.24   58.198
 4.68   1.00    0.172    0.009
 4.68   1.00    0.180   58.080
 4.68   1.00    0.175    0.305   0.180   0.302
 4.68   1.00    0.176    0.243   0.180   0.240

 4.69   0.00    0.302    0.240   0.101   0.030   0.054   0.039   0.052   0.025   0.000   0.000   0.000 222015800
 4.69  10.23   58.165
 4.69   1.00    0.171    0.009
 4.69   1.00    0.180   58.048
 4.69   1.00    0.175    0.305   0.180   0.302
 4.69   1.00    0.176    0.243   0.180   0.240

 4.70   0.00    0.301    0.240   0.101   0.030   0.054   0.039   0.052   0.025   0.000   0.000   0.000 222489200
 4.70  10.22   58.133
 4.70   1.00    0.171    0.009
 4.70   1.00    0.180   58.015
 4.70   1.00    0.175    0.304   0.180   0.301
 4.70   1.00    0.176    0.243   0.180   0.240

 4.71   0.00    0.300    0.239   0.101   0.030   0.054   0.039   0.052   0.025   0.000   0.000   0.000 222962600
 4.71  10.21   58.100
 4.71   1.00    0.171    0.009
 4.71   1.00    0.180   57.983
 4.71   1.00    0.174    0.304   0.180   0.300
 4.71   1.00    0.175    0.242   0.180   0.239

 4.72   0.00    0.300    0.239   0.101   0.030   0.054   0.039   0.052   0.025   0.000   0.000   0.000 223435900
 4.72  10.20   58.068
 4.72   1.00    0.171    0.009
 4.72   1.00    0.179   57.951
 4.72   1.00    0.174    0.303   0.179   0.300
 4.72   1.00    0.175    0.242   0.179   0.239

 4.73   0.00    0.299    0.239   0.100   0.030   0.054   0.039   0.052   0.025   0.000   0.000   0.000 223909300
 4.73  10.19   58.036
 4.73   1.00    0.171    0.009
 4.73   1.00    0.179   57.919
 4.73   1.00    0.174    0.302   0.179   0.299
 4.73   1.00    0.175    0.242   0.179   0.239

 4.74   0.00    0.299    0.238   0.100   0.030   0.053   0.039   0.052   0.025   0.000   0.000   0.000 224382700
 4.74  10.17   58.003
 4.74   1.00    0.170    0.009
 4.74   1.00    0.179   57.887
 4.74   1.00    0.174    0.302   0.179   0.299
 4.74   1.00    0.175    0.241   0.179   0.238

 4.75   0.00    0.298    0.238   0.100   0.030   0.053   0.039   0.052   0.025   0.000   0.000   0.000 224856100
 4.75  10.16   57.971
 4.75   1.00    0.170    0.009
 4.75   1.00    0.179   57.854
 4.75   1.00    0.174    0.301   0.179   0.298
 4.75   1.00    0.175    0.241   0.179   0.238

 4.76   0.00    0.297    0.238   0.100   0.030   0.053   0.039   0.052   0.024   0.000   0.000   0.000 225329500
 4.76  10.15   57.939
 4.76   1.00    0.170    0.009
 4.76   1.00    0.179   57.822
 4.76   1.00    0.173    0.301   0.179   0.297
 4.76   1.00    0.174    0.241   0.179   0.238

 4.77   0.00    0.297    0.237   0.100   0.030   0.053   0.039   0.052   0.024   0.000   0.000   0.000 225802800
 4.77  10.14   57.907
 4.77   1.00    0.170    0.009
 4.77   1.00    0.178   57.790
 4.77   1.00    0.173    0.300   0.178   0.297
 4.77   1.00    0.174    0.240   0.178   0.237

 4.78   0.00    0.296    0.237   0.099   0.030   0.053   0.039   0.052   0.024   0.000   0.000   0.000 226276200
 4.78  10.13   57.875
 4.78   1.00    0.170    0.009
 4.78   1.00    0.178   57.758
 4.78   1.00    0.173    0.299   0.178   0.296
 4.78   1.00    0.174    0.240   0.178   0.237

 4.79   0.00    0.296    0.237   0.099   0.030   0.053   0.038   0.051   0.024   0.000   0.000   0.000 226749600
 4.79  10.12   57.843
 4.79   1.00    0.169    0.009
 4.79   1.00    0.178   57.726
 4.79   1.00    0.173    0.299   0.178   0.296
 4.79   1.00    0.174    0.240   0.178   0.237

 4.80   0.00    0.295    0.236   0.099   0.030   0.052   0.038   0.051   0.024   0.000   0.000   0.000 227223000
 4.80  10.11   57.810
 4.80   1.00    0.169    0.009
 4.80   1.00    0.178   57.694
 4.80   1.00    0.173    0.298   0.178   0.295
 4.80   1.00    0.174    0.239   0.178   0.236

 4.81   0.00    0.294    0.236   0.099   0.030   0.052   0.038   0.051   0.024   0.000   0.000   0.000 227696400
 4.81  10.10   57.778
 4.81   1.00    0.169    0.009
 4.81   1.00    0.178   57.663
 4.81   1.00    0.173    0.298   0.178   0.295
 4.81   1.00    0.174    0.239   0.178   0.236

 4.82   0.00    0.294    0.236   0.099   0.030   0.052   0.038   0.051   0.024   0.000   0.000   0.000 228169800
 4.82  10.09   57.746
 4.82   1.00    0.169    0.009
 4.82   1.00    0.177   57.631
 4.82   1.00    0.172    0.297   0.177   0.294
 4.82   1.00    0.173    0.239   0.177   0.236

 4.83   0.00    0.293    0.235   0.098   0.030   0.052   0.038   0.051   0.024   0.000   0.000   0.000 228643100
 4.83  10.07   57.714
 4.83   1.00    0.169    0.009
 4.83   1.00    0.177   57.599
 4.83   1.00    0.172    0.296   0.177   0.293
 4.83   1.00    0.173    0.239   0.177   0.235

 4.84   0.00    0.293    0.235   0.098   0.030   0.052   0.038   0.051   0.024   0.000   0.000   0.000 229116500
 4.84  10.06   57.683
 4.84   1.00    0.168    0.009
 4.84   1.00    0.177   57.567
 4.84   1.00    0.172    0.296   0.177   0.293
 4.84   1.00    0.173    0.238   0.177   0.235

 4.85   0.00    0.292    0.235   0.098   0.029   0.052   0.038   0.051   0.024   0.000   0.000   0.000 229589900
 4.85  10.05   57.651
 4.85   1.00    0.168    0.009
 4.85   1.00    0.177   57.535
 4.85   1.00    0.172    0.295   0.177   0.292
 4.85   1.00    0.173    0.238   0.177   0.235

 4.86   0.00    0.292    0.234   0.098   0.029   0.052   0.038   0.051   0.024   0.000   0.000   0.000 230063300
 4.86  10.04   57.619
 4.86   1.00    0.168    0.009
 4.86   1.00    0.177   57.504
 4.86   1.00    0.172    0.295   0.177   0.292
 4.86   1.00    0.173    0.238   0.177   0.235

 4.87   0.00    0.291    0.234   0.098   0.029   0.051   0.038   0.051   0.024   0.000   0.000   0.000 230536600
 4.87  10.03   57.587
 4.87   1.00    0.168    0.009
 4.87   1.00    0.177   57.472
 4.87   1.00    0.171    0.294   0.177   0.291
 4.87   1.00    0.172    0.237   0.177   0.234

 4.88   0.00    0.290    0.234   0.097   0.029   0.051   0.038   0.051   0.024   0.000   0.000   0.000 231010000
 4.88  10.02   57.555
 4.88   1.00    0.168    0.009
 4.88   1.00    0.176   57.440
 4.88   1.00    0.171    0.294   0.176   0.291
 4.88   1.00    0.172    0.237   0.176   0.234

 4.89   0.00    0.290    0.234   0.097   0.029   0.051   0.038   0.051   0.024   0.000   0.000   0.000 231483400
 4.89  10.01   57.523
 4.89   1.00    0.168    0.009
 4.89   1.00    0.176   57.409
 4.89   1.00    0.171    0.293   0.176   0.290
 4.89   1.00    0.172    0.237   0.176   0.234

 4.90   0.00    0.289    0.233   0.097   0.029   0.051   0.038   0.051   0.024   0.000   0.000   0.000 231956800
 4.90  10.00   57.492
 4.90   1.00    0.167    0.009
 4.90   1.00    0.176   57.377
 4.90   1.00    0.171    0.292   0.176   0.289
 4.90   1.00    0.172    0.236   0.176   0.233

 4.91   0.00    0.289    0.233   0.097   0.029   0.051   0.037   0.050   0.024   0.000   0.000   0.000 232430200
 4.91   9.99   57.460
 4.91   1.00    0.167    0.009
 4.91   1.00    0.176   57.346
 4.91   1.00    0.171    0.292   0.176   0.289
 4.91   1.00    0.172    0.236   0.176   0.233

 4.92   0.00    0.288    0.233   0.097   0.029   0.051   0.037   0.050   0.024   0.000   0.000   0.000 232903600
 4.92   9.98   57.428
 4.92   1.00    0.167    0.009
 4.92   1.00    0.176   57.314
 4.92   1.00    0.171    0.291   0.176   0.288
 4.92   1.00    0.172    0.236   0.176   0.233

 4.93   0.00    0.288    0.232   0.096   0.029   0.051   0.037   0.050   0.024   0.000   0.000   0.000 233376900
 4.93   9.97   57.397
 4.93   1.00    0.167    0.009
 4.93   1.00    0.175   57.283
 4.93   1.00    0.170    0.291   0.175   0.288
 4.93   1.00    0.171    0.235   0.175   0.232

 4.94   0.00    0.287    0.232   0.096   0.029   0.050   0.037   0.050   0.024   0.000   0.000   0.000 233850300
 4.94   9.96   57.365
 4.94   1.00    0.167    0.009
 4.94   1.00    0.175   57.251
 4.94   1.00    0.170    0.290   0.175   0.287
 4.94   1.00    0.171    0.235   0.175   0.232

 4.95   0.00    0.286    0.232   0.096   0.029   0.050   0.037   0.050   0.024   0.000   0.000   0.000 234323700
 4.95   9.95   57.334
 4.95   1.00    0.166    0.009
 4.95   1.00    0.175   57.220
 4.95   1.00    0.170    0.290   0.175   0.287
 4.95   1.00    0.171    0.235   0.175   0.232

 4.96   0.00    0.286    0.231   0.096   0.029   0.050   0.037   0.050   0.023   0.000   0.000   0.000 234797100
 4.96   9.94   57.302
 4.96   1.00    0.166    0.009
 4.96   1.00    0.175   57.188
 4.96   1.00    0.170    0.289   0.175   0.286
 4.96   1.00    0.171    0.234   0.175   0.231

 4.97   0.00    0.285    0.231   0.096   0.029   0.050   0.037   0.050   0.023   0.000   0.000   0.000 235270400
 4.97   9.93   57.271
 4.97   1.00    0.166    0.009
 4.97   1.00    0.175   57.157
 4.97   1.00    0.170    0.288   0.175   0.285
 4.97   1.00    0.171    0.234   0.175   0.231

 4.98   0.00    0.285    0.231   0.095   0.029   0.050   0.037   0.050   0.023   0.000   0.000   0.000 235743800
 4.98   9.92   57.239
 4.98   1.00    0.166    0.009
 4.98   1.00    0.175   57.126
 4.98   1.00    0.170    0.288   0.175   0.285
 4.98   1.00    0.170    0.234   0.175   0.231

 4.99   0.00    0.284    0.230   0.095   0.029   0.050   0.037   0.050   0.023   0.000   0.000   0.000 236217200
 4.99   9.91   57.208
 4.99   1.00    0.166    0.009
 4.99   1.00    0.174   57.095
 4.99   1.00    0.169    0.287   0.174   0.284
 4.99   1.00    0.170    0.233   0.174   0.230

 5.00   0.00    0.284    0.230   0.095   0.029   0.050   0.037   0.050   0.023   0.000   0.000   0.000 236690600
 5.00   9.90   57.177
 5.00   1.00    0.166    0.009
 5.00   1.00    0.174   57.063
 5.00   1.00    0.169    0.287   0.174   0.284
 5.00   1.00    0.170    0.233   0.174   0.230

 5.01   0.00    0.283    0.230   0.095   0.029   0.049   0.037   0.050   0.023   0.000   0.000   0.000 237164000
 5.01   9.89   57.145
 5.01   1.00    0.165    0.009
 5.01   1.00    0.174   57.032
 5.01   1.00    0.169    0.286   0.174   0.283
 5.01   1.00    0.170    0.233   0.174   0.230

 5.02   0.00    0.283    0.229   0.095   0.029   0.049   0.037   0.050   0.023   0.000   0.000   0.000 237637400
 5.02   9.88   57.114
 5.02   1.00    0.165    0.009
 5.02   1.00    0.174   57.001
 5.02   1.00    0.169    0.286   0.174   0.283
 5.02   1.00    0.170    0.233   0.174   0.230

 5.03   0.00    0.282    0.229   0.094   0.029   0.049   0.037   0.050   0.023   0.000   0.000   0.000 238110800
 5.03   9.87   57.083
 5.03   1.00    0.165    0.009
 5.03   1.00    0.174   56.970
 5.03   1.00    0.169    0.285   0.174   0.282
 5.03   1.00    0.170    0.232   0.174   0.229

 5.04   0.00    0.282    0.229   0.094   0.029   0.049   0.037   0.050   0.023   0.000   0.000   0.000 238584100
 5.04   9.86   57.051
 5.04   1.00    0.165    0.009
 5.04   1.00    0.173   56.939
 5.04   1.00    0.169    0.285   0.173   0.282
 5.04   1.00    0.169    0.232   0.173   0.229

 5.05   0.00    0.281    0.229   0.094   0.029   0.049   0.036   0.049   0.023   0.000   0.000   0.000 239057500
 5.05   9.85   57.020
 5.05   1.00    0.165    0.009
 5.05   1.00    0.173   56.908
 5.05   1.00    0.168    0.284   0.173   0.281
 5.05   1.00    0.169    0.232   0.173   0.229

 5.06   0.00    0.280    0.228   0.094   0.029   0.049   0.036   0.049   0.023   0.000   0.000   0.000 239530900
 5.06   9.84   56.989
 5.06   1.00    0.164    0.009
 5.06   1.00    0.173   56.877
 5.06   1.00    0.168    0.283   0.173   0.281
 5.06   1.00    0.169    0.231   0.173   0.228

 5.07   0.00    0.280    0.228   0.094   0.029   0.049   0.036   0.049   0.023   0.000   0.000   0.000 240004300
 5.07   9.83   56.958
 5.07   1.00    0.164    0.009
 5.07   1.00    0.173   56.846
 5.07   1.00    0.168    0.283   0.173   0.280
 5.07   1.00    0.169    0.231   0.173   0.228

 5.08   0.00    0.279    0.228   0.093   0.029   0.048   0.036   0.049   0.023   0.000   0.000   0.000 240477600
 5.08   9.82   56.927
 5.08   1.00    0.164    0.009
 5.08   1.00    0.173   56.815
 5.08   1.00    0.168    0.282   0.173   0.279
 5.08   1.00    0.169    0.231   0.173   0.228

 5.09   0.00    0.279    0.227   0.093   0.029   0.048   0.036   0.049   0.023   0.000   0.000   0.000 240951000
 5.09   9.81   56.896
 5.09   1.00    0.164    0.009
 5.09   1.00    0.173   56.784
 5.09   1.00    0.168    0.282   0.173   0.279
 5.09   1.00    0.169    0.230   0.173   0.227

 5.10   0.00    0.278    0.227   0.093   0.029   0.048   0.036   0.049   0.023   0.000   0.000   0.000 241424400
 5.10   9.80   56.883
 5.10   1.00    0.164    0.009
 5.10   1.00    0.172   56.771
 5.10   1.00    0.168    0.281   0.172   0.278
 5.10   1.00    0.168    0.230   0.172   0.227

 5.11   0.00    0.278    0.227   0.093   0.029   0.048   0.036   0.049   0.023   0.000   0.000   0.000 241897800
 5.11   9.79   56.849
 5.11   1.00    0.164    0.009
 5.11   1.00    0.172   56.738
 5.11   1.00    0.167    0.281   0.172   0.278
 5.11   1.00    0.168    0.230   0.172   0.227

 5.12   0.00    0.277    0.226   0.093   0.029   0.048   0.036   0.049   0.023   0.000   0.000   0.000 242371200
 5.12   9.78   56.815
 5.12   1.00    0.164    0.009
 5.12   1.00    0.172   56.704
 5.12   1.00    0.167    0.280   0.172   0.277
 5.12   1.00    0.168    0.229   0.172   0.226

 5.13   0.00    0.277    0.226   0.093   0.029   0.048   0.036   0.049   0.023   0.000   0.000   0.000 242844600
 5.13   9.77   56.781
 5.13   1.00    0.163    0.009
 5.13   1.00    0.172   56.670
 5.13   1.00    0.167    0.280   0.172   0.277
 5.13   1.00    0.168    0.229   0.172   0.226

 5.14   0.00    0.276    0.226   0.092   0.029   0.048   0.036   0.049   0.023   0.000   0.000   0.000 243317900
 5.14   9.77   56.748
 5.14   1.00    0.163    0.009
 5.14   1.00    0.172   56.637
 5.14   1.00    0.167    0.279   0.172   0.276
 5.14   1.00    0.168    0.229   0.172   0.226

 5.15   0.00    0.276    0.225   0.092   0.029   0.047   0.036   0.049   0.023   0.000   0.000   0.000 243791300
 5.15   9.76   56.714
 5.15   1.00    0.163    0.009
 5.15   1.00    0.172   56.603
 5.15   1.00    0.167    0.279   0.172   0.276
 5.15   1.00    0.168    0.228   0.172   0.226

 5.16   0.00    0.275    0.225   0.092   0.029   0.047   0.036   0.049   0.023   0.000   0.000   0.000 244264700
 5.16   9.75   56.680
 5.16   1.00    0.163    0.009
 5.16   1.00    0.172   56.570
 5.16   1.00    0.167    0.278   0.172   0.275
 5.16   1.00    0.168    0.228   0.172   0.225

 5.17   0.00    0.275    0.225   0.092   0.029   0.047   0.036   0.049   0.022   0.000   0.000   0.000 244738100
 5.17   9.74   56.647
 5.17   1.00    0.163    0.009
 5.17   1.00    0.171   56.536
 5.17   1.00    0.167    0.278   0.171   0.275
 5.17   1.00    0.168    0.228   0.171   0.225

 5.18   0.00    0.274    0.225   0.092   0.029   0.047   0.035   0.049   0.022   0.000   0.000   0.000 245211500
 5.18   9.73   56.613
 5.18   1.00    0.163    0.009
 5.18   1.00    0.171   56.503
 5.18   1.00    0.167    0.277   0.171   0.274
 5.18   1.00    0.167    0.228   0.171   0.225

 5.19   0.00    0.274    0.224   0.091   0.029   0.047   0.035   0.048   0.022   0.000   0.000   0.000 245684800
 5.19   9.73   56.580
 5.19   1.00    0.163    0.009
 5.19   1.00    0.171   56.470
 5.19   1.00    0.166    0.277   0.171   0.274
 5.19   1.00    0.167    0.227   0.171   0.224

 5.20   0.00    0.273    0.224   0.091   0.029   0.047   0.035   0.048   0.022   0.000   0.000   0.000 246158200
 5.20   9.72   56.547
 5.20   1.00    0.162    0.009
 5.20   1.00    0.171   56.437
 5.20   1.00    0.166    0.276   0.171   0.273
 5.20   1.00    0.167    0.227   0.171   0.224

 5.21   0.00    0.272    0.224   0.091   0.029   0.047   0.035   0.048   0.022   0.000   0.000   0.000 246631600
 5.21   9.71   56.514
 5.21   1.00    0.162    0.009
 5.21   1.00    0.171   56.404
 5.21   1.00    0.166    0.275   0.171   0.273
 5.21   1.00    0.167    0.227   0.171   0.224

 5.22   0.00    0.272    0.223   0.091   0.029   0.046   0.035   0.048   0.022   0.000   0.000   0.000 247105000
 5.22   9.70   56.481
 5.22   1.00    0.162    0.009
 5.22   1.00    0.171   56.371
 5.22   1.00    0.166    0.275   0.171   0.272
 5.22   1.00    0.167    0.226   0.171   0.223

 5.23   0.00    0.271    0.223   0.091   0.029   0.046   0.035   0.048   0.022   0.000   0.000   0.000 247578400
 5.23   9.70   56.448
 5.23   1.00    0.162    0.009
 5.23   1.00    0.171   56.338
 5.23   1.00    0.166    0.274   0.171   0.271
 5.23   1.00    0.167    0.226   0.171   0.223

 5.24   0.00    0.271    0.223   0.091   0.029   0.046   0.035   0.048   0.022   0.000   0.000   0.000 248051700
 5.24   9.69   56.415
 5.24   1.00    0.162    0.009
 5.24   1.00    0.171   56.306
 5.24   1.00    0.166    0.274   0.171   0.271
 5.24   1.00    0.167    0.226   0.171   0.223

 5.25   0.00    0.270    0.222   0.090   0.029   0.046   0.035   0.048   0.022   0.000   0.000   0.000 248525100
 5.25   9.68   56.382
 5.25   1.00    0.162    0.009
 5.25   1.00    0.170   56.273
 5.25   1.00    0.166    0.273   0.170   0.270
 5.25   1.00    0.166    0.225   0.170   0.222

 5.26   0.00    0.270    0.222   0.090   0.029   0.046   0.035   0.048   0.022   0.000   0.000   0.000 248998500
 5.26   9.67   56.349
 5.26   1.00    0.162    0.009
 5.26   1.00    0.170   56.241
 5.26   1.00    0.166    0.273   0.170   0.270
 5.26   1.00    0.166    0.225   0.170   0.222

 5.27   0.00    0.269    0.222   0.090   0.029   0.046   0.035   0.048   0.022   0.000   0.000   0.000 249471900
 5.27   9.66   56.317
 5.27   1.00    0.161    0.009
 5.27   1.00    0.170   56.208
 5.27   1.00    0.165    0.272   0.170   0.269
 5.27   1.00    0.166    0.225   0.170   0.222

 5.28   0.00    0.269    0.221   0.090   0.029   0.046   0.035   0.048   0.022   0.000   0.000   0.000 249945300
 5.28   9.66   56.284
 5.28   1.00    0.161    0.009
 5.28   1.00    0.170   56.176
 5.28   1.00    0.165    0.272   0.170   0.269
 5.28   1.00    0.166    0.224   0.170   0.222

 5.29   0.00    0.268    0.221   0.090   0.029   0.045   0.035   0.048   0.022   0.000   0.000   0.000 250418700
 5.29   9.65   56.252
 5.29   1.00    0.161    0.009
 5.29   1.00    0.170   56.144
 5.29   1.00    0.165    0.271   0.170   0.268
 5.29   1.00    0.166    0.224   0.170   0.221

 5.30   0.00    0.268    0.221   0.089   0.029   0.045   0.035   0.048   0.022   0.000   0.000   0.000 250892000
 5.30   9.64   56.219
 5.30   1.00    0.161    0.009
 5.30   1.00    0.170   56.111
 5.30   1.00    0.165    0.271   0.170   0.268
 5.30   1.00    0.166    0.224   0.170   0.221

 5.31   0.00    0.267    0.221   0.089   0.029   0.045   0.035   0.048   0.022   0.000   0.000   0.000 251365400
 5.31   9.63   56.187
 5.31   1.00    0.161    0.009
 5.31   1.00    0.170   56.079
 5.31   1.00    0.165    0.270   0.170   0.267
 5.31   1.00    0.166    0.224   0.170   0.221

 5.32   0.00    0.267    0.220   0.089   0.029   0.045   0.035   0.048   0.022   0.000   0.000   0.000 251838800
 5.32   9.63   56.155
 5.32   1.00    0.161    0.009
 5.32   1.00    0.169   56.047
 5.32   1.00    0.165    0.270   0.169   0.267
 5.32   1.00    0.166    0.223   0.169   0.220

 5.33   0.00    0.266    0.220   0.089   0.029   0.045   0.034   0.048   0.022   0.000   0.000   0.000 252312200
 5.33   9.62   56.123
 5.33   1.00    0.161    0.009
 5.33   1.00    0.169   56.015
 5.33   1.00    0.165    0.269   0.169   0.266
 5.33   1.00    0.165    0.223   0.169   0.220

 5.34   0.00    0.266    0.220   0.089   0.029   0.045   0.034   0.047   0.022   0.000   0.000   0.000 252785600
 5.34   9.61   56.091
 5.34   1.00    0.161    0.009
 5.34   1.00    0.169   55.983
 5.34   1.00    0.165    0.269   0.169   0.266
 5.34   1.00    0.165    0.223   0.169   0.220

 5.35   0.00    0.265    0.219   0.089   0.029   0.045   0.034   0.047   0.022   0.000   0.000   0.000 253258900
 5.35   9.60   56.059
 5.35   1.00    0.160    0.009
 5.35   1.00    0.169   55.952
 5.35   1.00    0.164    0.268   0.169   0.265
 5.35   1.00    0.165    0.222   0.169   0.219

 5.36   0.00    0.265    0.219   0.088   0.029   0.044   0.034   0.047   0.022   0.000   0.000   0.000 253732300
 5.36   9.60   56.027
 5.36   1.00    0.160    0.009
 5.36   1.00    0.169   55.920
 5.36   1.00    0.164    0.268   0.169   0.265
 5.36   1.00    0.165    0.222   0.169   0.219

 5.37   0.00    0.264    0.219   0.088   0.029   0.044   0.034   0.047   0.022   0.000   0.000   0.000 254205700
 5.37   9.59   55.995
 5.37   1.00    0.160    0.009
 5.37   1.00    0.169   55.888
 5.37   1.00    0.164    0.267   0.169   0.264
 5.37   1.00    0.165    0.222   0.169   0.219

 5.38   0.00    0.264    0.218   0.088   0.029   0.044   0.034   0.047   0.022   0.000   0.000   0.000 254679100
 5.38   9.58   55.963
 5.38   1.00    0.160    0.009
 5.38   1.00    0.169   55.857
 5.38   1.00    0.164    0.267   0.169   0.264
 5.38   1.00    0.165    0.221   0.169   0.218

 5.39   0.00    0.263    0.218   0.088   0.029   0.044   0.034   0.047   0.022   0.000   0.000   0.000 255152500
 5.39   9.57   55.932
 5.39   1.00    0.160    0.009
 5.39   1.00    0.169   55.825
 5.39   1.00    0.164    0.266   0.169   0.263
 5.39   1.00    0.165    0.221   0.169   0.218

 5.40   0.00    0.263    0.218   0.088   0.029   0.044   0.034   0.047   0.021   0.000   0.000   0.000 255625900
 5.40   9.57   55.900
 5.40   1.00    0.160    0.009
 5.40   1.00    0.168   55.794
 5.40   1.00    0.164    0.266   0.168   0.263
 5.40   1.00    0.165    0.221   0.168   0.218

 5.41   0.00    0.262    0.217   0.088   0.029   0.044   0.034   0.047   0.021   0.000   0.000   0.000 256099200
 5.41   9.56   55.869
 5.41   1.00    0.160    0.009
 5.41   1.00    0.168   55.763
 5.41   1.00    0.164    0.265   0.168   0.262
 5.41   1.00    0.164    0.220   0.168   0.218

 5.42   0.00    0.262    0.217   0.087   0.029   0.044   0.034   0.047   0.021   0.000   0.000   0.000 256572600
 5.42   9.55   55.837
 5.42   1.00    0.160    0.009
 5.42   1.00    0.168   55.732
 5.42   1.00    0.164    0.265   0.168   0.262
 5.42   1.00    0.164    0.220   0.168   0.217

 5.43   0.00    0.261    0.217   0.087   0.029   0.043   0.034   0.047   0.021   0.000   0.000   0.000 257046000
 5.43   9.55   55.806
 5.43   1.00    0.159    0.009
 5.43   1.00    0.168   55.700
 5.43   1.00    0.163    0.264   0.168   0.261
 5.43   1.00    0.164    0.220   0.168   0.217

 5.44   0.00    0.261    0.217   0.087   0.029   0.043   0.034   0.047   0.021   0.000   0.000   0.000 257519400
 5.44   9.54   55.775
 5.44   1.00    0.159    0.009
 5.44   1.00    0.168   55.669
 5.44   1.00    0.163    0.264   0.168   0.261
 5.44   1.00    0.164    0.220   0.168   0.217

 5.45   0.00    0.260    0.216   0.087   0.029   0.043   0.034   0.047   0.021   0.000   0.000   0.000 257992800
 5.45   9.53   55.743
 5.45   1.00    0.159    0.009
 5.45   1.00    0.168   55.638
 5.45   1.00    0.163    0.263   0.168   0.260
 5.45   1.00    0.164    0.219   0.168   0.216

 5.46   0.00    0.260    0.216   0.087   0.029   0.043   0.034   0.047   0.021   0.000   0.000   0.000 258466100
 5.46   9.52   55.712
 5.46   1.00    0.159    0.009
 5.46   1.00    0.168   55.608
 5.46   1.00    0.163    0.263   0.168   0.260
 5.46   1.00    0.164    0.219   0.168   0.216

 5.47   0.00    0.259    0.216   0.087   0.029   0.043   0.034   0.047   0.021   0.000   0.000   0.000 258939500
 5.47   9.52   55.681
 5.47   1.00    0.159    0.009
 5.47   1.00    0.168   55.577
 5.47   1.00    0.163    0.262   0.168   0.259
 5.47   1.00    0.164    0.219   0.168   0.216

 5.48   0.00    0.259    0.215   0.086   0.029   0.043   0.033   0.047   0.021   0.000   0.000   0.000 259412900
 5.48   9.51   55.650
 5.48   1.00    0.159    0.009
 5.48   1.00    0.167   55.546
 5.48   1.00    0.163    0.262   0.167   0.259
 5.48   1.00    0.164    0.218   0.167   0.215

 5.49   0.00    0.258    0.215   0.086   0.029   0.043   0.033   0.047   0.021   0.000   0.000   0.000 259886300
 5.49   9.50   55.620
 5.49   1.00    0.159    0.009
 5.49   1.00    0.167   55.515
 5.49   1.00    0.163    0.261   0.167   0.258
 5.49   1.00    0.164    0.218   0.167   0.215

 5.50   0.00    0.258    0.215   0.086   0.028   0.042   0.033   0.046   0.021   0.000   0.000   0.000 260359700
 5.50   9.50   55.589
 5.50   1.00    0.159    0.009
 5.50   1.00    0.167   55.485
 5.50   1.00    0.163    0.261   0.167   0.258
 5.50   1.00    0.163    0.218   0.167   0.215

 5.51   0.00    0.257    0.214   0.086   0.028   0.042   0.033   0.046   0.021   0.000   0.000   0.000 260833100
 5.51   9.49   55.558
 5.51   1.00    0.158    0.009
 5.51   1.00    0.167   55.454
 5.51   1.00    0.163    0.260   0.167   0.257
 5.51   1.00    0.163    0.217   0.167   0.214

 5.52   0.00    0.257    0.214   0.086   0.028   0.042   0.033   0.046   0.021   0.000   0.000   0.000 261306400
 5.52   9.48   55.528
 5.52   1.00    0.158    0.009
 5.52   1.00    0.167   55.424
 5.52   1.00    0.162    0.260   0.167   0.257
 5.52   1.00    0.163    0.217   0.167   0.214

 5.53   0.00    0.256    0.214   0.086   0.028   0.042   0.033   0.046   0.021   0.000   0.000   0.000 261779800
 5.53   9.47   55.497
 5.53   1.00    0.158    0.009
 5.53   1.00    0.167   55.393
 5.53   1.00    0.162    0.259   0.167   0.256
 5.53   1.00    0.163    0.217   0.167   0.214

 5.54   0.00    0.256    0.213   0.085   0.028   0.042   0.033   0.046   0.021   0.000   0.000   0.000 262253200
 5.54   9.47   55.467
 5.54   1.00    0.158    0.009
 5.54   1.00    0.167   55.363
 5.54   1.00    0.162    0.259   0.167   0.256
 5.54   1.00    0.163    0.216   0.167   0.214

 5.55   0.00    0.255    0.213   0.085   0.028   0.042   0.033   0.046   0.021   0.000   0.000   0.000 262726600
 5.55   9.46   55.436
 5.55   1.00    0.158    0.009
 5.55   1.00    0.167   55.333
 5.55   1.00    0.162    0.258   0.167   0.255
 5.55   1.00    0.163    0.216   0.167   0.213

 5.56   0.00    0.255    0.213   0.085   0.028   0.041   0.033   0.046   0.021   0.000   0.000   0.000 263200000
 5.56   9.45   55.406
 5.56   1.00    0.158    0.009
 5.56   1.00    0.166   55.303
 5.56   1.00    0.162    0.258   0.166   0.255
 5.56   1.00    0.163    0.216   0.166   0.213

 5.57   0.00    0.254    0.213   0.085   0.028   0.041   0.033   0.046   0.021   0.000   0.000   0.000 263673300
 5.57   9.45   55.376
 5.57   1.00    0.158    0.009
 5.57   1.00    0.166   55.273
 5.57   1.00    0.162    0.257   0.166   0.254
 5.57   1.00    0.163    0.215   0.166   0.213

 5.58   0.00    0.254    0.212   0.085   0.028   0.041   0.033   0.046   0.021   0.000   0.000   0.000 264146700
 5.58   9.44   55.345
 5.58   1.00    0.158    0.009
 5.58   1.00    0.166   55.243
 5.58   1.00    0.162    0.257   0.166   0.254
 5.58   1.00    0.162    0.215   0.166   0.212

 5.59   0.00    0.253    0.212   0.085   0.028   0.041   0.033   0.046   0.021   0.000   0.000   0.000 264620100
 5.59   9.43   55.315
 5.59   1.00    0.157    0.009
 5.59   1.00    0.166   55.213
 5.59   1.00    0.162    0.256   0.166   0.253
 5.59   1.00    0.162    0.215   0.166   0.212

 5.60   0.00    0.253    0.212   0.084   0.028   0.041   0.033   0.046   0.021   0.000   0.000   0.000 265093500
 5.60   9.43   55.285
 5.60   1.00    0.157    0.009
 5.60   1.00    0.166   55.183
 5.60   1.00    0.162    0.256   0.166   0.253
 5.60   1.00    0.162    0.215   0.166   0.212

 5.61   0.00    0.252    0.211   0.084   0.028   0.041   0.033   0.046   0.021   0.000   0.000   0.000 265566900
 5.61   9.42   55.255
 5.61   1.00    0.157    0.009
 5.61   1.00    0.166   55.153
 5.61   1.00    0.161    0.255   0.166   0.253
 5.61   1.00    0.162    0.214   0.166   0.211

 5.62   0.00    0.252    0.211   0.084   0.028   0.041   0.033   0.046   0.021   0.000   0.000   0.000 266040200
 5.62   9.41   55.225
 5.62   1.00    0.157    0.009
 5.62   1.00    0.166   55.124
 5.62   1.00    0.161    0.255   0.166   0.252
 5.62   1.00    0.162    0.214   0.166   0.211

 5.63   0.00    0.251    0.211   0.084   0.028   0.040   0.033   0.046   0.021   0.000   0.000   0.000 266513600
 5.63   9.41   55.196
 5.63   1.00    0.157    0.009
 5.63   1.00    0.166   55.094
 5.63   1.00    0.161    0.254   0.166   0.252
 5.63   1.00    0.162    0.214   0.166   0.211

 5.64   0.00    0.251    0.210   0.084   0.028   0.040   0.032   0.046   0.021   0.000   0.000   0.000 266987000
 5.64   9.40   55.166
 5.64   1.00    0.157    0.009
 5.64   1.00    0.165   55.064
 5.64   1.00    0.161    0.254   0.165   0.251
 5.64   1.00    0.162    0.213   0.165   0.210

 5.65   0.00    0.251    0.210   0.084   0.028   0.040   0.032   0.046   0.020   0.000   0.000   0.000 267460400
 5.65   9.39   55.136
 5.65   1.00    0.157    0.009
 5.65   1.00    0.165   55.035
 5.65   1.00    0.161    0.253   0.165   0.251
 5.65   1.00    0.162    0.213   0.165   0.210

 5.66   0.00    0.250    0.210   0.083   0.028   0.040   0.032   0.045   0.020   0.000   0.000   0.000 267933800
 5.66   9.38   55.107
 5.66   1.00    0.157    0.009
 5.66   1.00    0.165   55.006
 5.66   1.00    0.161    0.253   0.165   0.250
 5.66   1.00    0.162    0.213   0.165   0.210

 5.67   0.00    0.250    0.209   0.083   0.028   0.040   0.032   0.045   0.020   0.000   0.000   0.000 268407200
 5.67   9.38   55.077
 5.67   1.00    0.156    0.009
 5.67   1.00    0.165   54.976
 5.67   1.00    0.161    0.252   0.165   0.250
 5.67   1.00    0.161    0.212   0.165   0.209

 5.68   0.00    0.249    0.209   0.083   0.028   0.040   0.032   0.045   0.020   0.000   0.000   0.000 268880500
 5.68   9.37   55.048
 5.68   1.00    0.156    0.009
 5.68   1.00    0.165   54.947
 5.68   1.00    0.161    0.252   0.165   0.249
 5.68   1.00    0.161    0.212   0.165   0.209

 5.69   0.00    0.249    0.209   0.083   0.028   0.040   0.032   0.045   0.020   0.000   0.000   0.000 269353900
 5.69   9.36   55.018
 5.69   1.00    0.156    0.009
 5.69   1.00    0.165   54.918
 5.69   1.00    0.161    0.251   0.165   0.249
 5.69   1.00    0.161    0.212   0.165   0.209

 5.70   0.00    0.248    0.208   0.083   0.028   0.039   0.032   0.045   0.020   0.000   0.000   0.000 269827300
 5.70   9.36   54.989
 5.70   1.00    0.156    0.009
 5.70   1.00    0.165   54.889
 5.70   1.00    0.160    0.251   0.165   0.248
 5.70   1.00    0.161    0.211   0.165   0.209

 5.71   0.00    0.248    0.208   0.083   0.028   0.039   0.032   0.045   0.020   0.000   0.000   0.000 270300700
 5.71   9.35   54.960
 5.71   1.00    0.156    0.009
 5.71   1.00    0.165   54.860
 5.71   1.00    0.160    0.251   0.165   0.248
 5.71   1.00    0.161    0.211   0.165   0.208

 5.72   0.00    0.247    0.208   0.083   0.028   0.039   0.032   0.045   0.020   0.000   0.000   0.000 270774000
 5.72   9.34   54.931
 5.72   1.00    0.156    0.009
 5.72   1.00    0.165   54.831
 5.72   1.00    0.160    0.250   0.165   0.247
 5.72   1.00    0.161    0.211   0.165   0.208

 5.73   0.00    0.247    0.208   0.082   0.028   0.039   0.032   0.045   0.020   0.000   0.000   0.000 271247400
 5.73   9.34   54.902
 5.73   1.00    0.156    0.009
 5.73   1.00    0.164   54.802
 5.73   1.00    0.160    0.250   0.164   0.247
 5.73   1.00    0.161    0.210   0.164   0.208

 5.74   0.00    0.246    0.207   0.082   0.028   0.039   0.032   0.045   0.020   0.000   0.000   0.000 271720800
 5.74   9.34   54.864
 5.74   1.00    0.156    0.009
 5.74   1.00    0.164   54.774
 5.74   1.00    0.160    0.249   0.164   0.246
 5.74   1.00    0.161    0.210   0.164   0.207

 5.75   0.00    0.246    0.207   0.082   0.028   0.039   0.032   0.045   0.020   0.000   0.000   0.000 272194200
 5.75   9.35   54.819
 5.75   1.00    0.156    0.009
 5.75   1.00    0.164   54.745
 5.75   1.00    0.160    0.249   0.164   0.246
 5.75   1.00    0.161    0.210   0.164   0.207

 5.76   0.00    0.245    0.207   0.082   0.028   0.038   0.032   0.045   0.020   0.000   0.000   0.000 272667600
 5.76   9.35   54.775
 5.76   1.00    0.155    0.009
 5.76   1.00    0.164   54.717
 5.76   1.00    0.160    0.248   0.164   0.245
 5.76   1.00    0.160    0.210   0.164   0.207

 5.77   0.00    0.245    0.206   0.082   0.028   0.038   0.032   0.045   0.020   0.000   0.000   0.000 273141000
 5.77   9.36   54.731
 5.77   1.00    0.155    0.009
 5.77   1.00    0.164   54.689
 5.77   1.00    0.160    0.248   0.164   0.245
 5.77   1.00    0.160    0.209   0.164   0.206

 5.78   0.00    0.244    0.206   0.082   0.028   0.038   0.032   0.045   0.020   0.000   0.000   0.000 273614400
 5.78   9.36   54.688
 5.78   1.00    0.155    0.009
 5.78   1.00    0.164   54.661
 5.78   1.00    0.160    0.247   0.164   0.244
 5.78   1.00    0.160    0.209   0.164   0.206

 5.79   0.00    0.244    0.206   0.081   0.028   0.038   0.032   0.045   0.020   0.000   0.000   0.000 274087700
 5.79   9.37   54.644
 5.79   1.00    0.155    0.009
 5.79   1.00    0.164   54.633
 5.79   1.00    0.159    0.247   0.164   0.244
 5.79   1.00    0.160    0.209   0.164   0.206

 5.80   0.00    0.243    0.205   0.081   0.028   0.038   0.031   0.045   0.020   0.000   0.000   0.000 274561100
 5.80   9.38   54.601
 5.80   1.00    0.155    0.009
 5.80   1.00    0.164   54.605
 5.80   1.00    0.159    0.246   0.164   0.243
 5.80   1.00    0.160    0.208   0.164   0.205

 5.81   0.00    0.243    0.205   0.081   0.028   0.038   0.031   0.045   0.020   0.000   0.000   0.000 275034500
 5.81   9.38   54.557
 5.81   1.00    0.155    0.009
 5.81   1.00    0.163   54.577
 5.81   1.00    0.159    0.246   0.163   0.243
 5.81   1.00    0.160    0.208   0.163   0.205

 5.82   0.00    0.242    0.205   0.081   0.028   0.037   0.031   0.045   0.020   0.000   0.000   0.000 275507900
 5.82   9.39   54.514
 5.82   1.00    0.155    0.009
 5.82   1.00    0.163   54.550
 5.82   1.00    0.159    0.245   0.163   0.242
 5.82   1.00    0.160    0.208   0.163   0.205

 5.83   0.00    0.242    0.204   0.081   0.028   0.037   0.031   0.045   0.020   0.000   0.000   0.000 275981200
 5.83   9.40   54.472
 5.83   1.00    0.155    0.009
 5.83   1.00    0.163   54.522
 5.83   1.00    0.159    0.245   0.163   0.242
 5.83   1.00    0.160    0.207   0.163   0.204

 5.84   0.00    0.241    0.204   0.081   0.028   0.037   0.031   0.044   0.020   0.000   0.000   0.000 276454600
 5.84   9.40   54.429
 5.84   1.00    0.155    0.009
 5.84   1.00    0.163   54.494
 5.84   1.00    0.159    0.244   0.163   0.242
 5.84   1.00    0.160    0.207   0.163   0.204

 5.85   0.00    0.241    0.204   0.081   0.028   0.037   0.031   0.044   0.020   0.000   0.000   0.000 276928000
 5.85   9.41   54.386
 5.85   1.00    0.154    0.009
 5.85   1.00    0.163   54.467
 5.85   1.00    0.159    0.244   0.163   0.241
 5.85   1.00    0.159    0.207   0.163   0.204

 5.86   0.00    0.241    0.203   0.080   0.028   0.037   0.031   0.044   0.020   0.000   0.000   0.000 277401400
 5.86   9.41   54.344
 5.86   1.00    0.154    0.009
 5.86   1.00    0.163   54.439
 5.86   1.00    0.159    0.243   0.163   0.241
 5.86   1.00    0.159    0.206   0.163   0.204

 5.87   0.00    0.240    0.203   0.080   0.028   0.037   0.031   0.044   0.020   0.000   0.000   0.000 277874800
 5.87   9.42   54.301
 5.87   1.00    0.154    0.009
 5.87   1.00    0.163   54.412
 5.87   1.00    0.159    0.243   0.163   0.240
 5.87   1.00    0.159    0.206   0.163   0.203

 5.88   0.00    0.240    0.203   0.080   0.028   0.036   0.031   0.044   0.020   0.000   0.000   0.000 278348200
 5.88   9.43   54.259
 5.88   1.00    0.154    0.009
 5.88   1.00    0.163   54.384
 5.88   1.00    0.158    0.242   0.163   0.240
 5.88   1.00    0.159    0.206   0.163   0.203

 5.89   0.00    0.239    0.202   0.080   0.028   0.036   0.031   0.044   0.020   0.000   0.000   0.000 278821500
 5.89   9.43   54.217
 5.89   1.00    0.154    0.009
 5.89   1.00    0.163   54.357
 5.89   1.00    0.158    0.242   0.163   0.239
 5.89   1.00    0.159    0.205   0.163   0.203

 5.90   0.00    0.239    0.202   0.080   0.028   0.036   0.031   0.044   0.020   0.000   0.000   0.000 279294900
 5.90   9.44   54.176
 5.90   1.00    0.154    0.009
 5.90   1.00    0.162   54.330
 5.90   1.00    0.158    0.241   0.162   0.239
 5.90   1.00    0.159    0.205   0.162   0.202

 5.91   0.00    0.238    0.202   0.080   0.028   0.036   0.031   0.044   0.020   0.000   0.000   0.000 279768300
 5.91   9.45   54.134
 5.91   1.00    0.154    0.009
 5.91   1.00    0.162   54.302
 5.91   1.00    0.158    0.241   0.162   0.238
 5.91   1.00    0.159    0.205   0.162   0.202

 5.92   0.00    0.238    0.202   0.080   0.028   0.036   0.031   0.044   0.019   0.000   0.000   0.000 280241700
 5.92   9.45   54.092
 5.92   1.00    0.154    0.009
 5.92   1.00    0.162   54.275
 5.92   1.00    0.158    0.241   0.162   0.238
 5.92   1.00    0.159    0.204   0.162   0.202

 5.93   0.00    0.237    0.201   0.079   0.028   0.036   0.031   0.044   0.019   0.000   0.000   0.000 280715000
 5.93   9.46   54.051
 5.93   1.00    0.154    0.008
 5.93   1.00    0.162   54.248
 5.93   1.00    0.158    0.240   0.162   0.237
 5.93   1.00    0.159    0.204   0.162   0.201

 5.94   0.00    0.237    0.201   0.079   0.028   0.035   0.031   0.044   0.019   0.000   0.000   0.000 281188400
 5.94   9.47   54.010
 5.94   1.00    0.153    0.008
 5.94   1.00    0.162   54.221
 5.94   1.00    0.158    0.240   0.162   0.237
 5.94   1.00    0.158    0.204   0.162   0.201

 5.95   0.00    0.236    0.201   0.079   0.028   0.035   0.031   0.044   0.019   0.000   0.000   0.000 281661800
 5.95   9.47   53.969
 5.95   1.00    0.153    0.008
 5.95   1.00    0.162   54.194
 5.95   1.00    0.158    0.239   0.162   0.236
 5.95   1.00    0.158    0.203   0.162   0.201

 5.96   0.00    0.236    0.200   0.079   0.028   0.035   0.031   0.044   0.019   0.000   0.000   0.000 282135200
 5.96   9.48   53.928
 5.96   1.00    0.153    0.008
 5.96   1.00    0.162   54.167
 5.96   1.00    0.158    0.239   0.162   0.236
 5.96   1.00    0.158    0.203   0.162   0.200

 5.97   0.00    0.235    0.200   0.079   0.028   0.035   0.031   0.044   0.019   0.000   0.000   0.000 282608600
 5.97   9.49   53.887
 5.97   1.00    0.153    0.008
 5.97   1.00    0.162   54.141
 5.97   1.00    0.157    0.238   0.162   0.235
 5.97   1.00    0.158    0.203   0.162   0.200

 5.98   0.00    0.235    0.200   0.079   0.028   0.035   0.030   0.044   0.019   0.000   0.000   0.000 283082000
 5.98   9.49   53.847
 5.98   1.00    0.153    0.008
 5.98   1.00    0.161   54.114
 5.98   1.00    0.157    0.238   0.161   0.235
 5.98   1.00    0.158    0.202   0.161   0.200

 5.99   0.00    0.234    0.199   0.079   0.028   0.035   0.030   0.044   0.019   0.000   0.000   0.000 283555300
 5.99   9.50   53.807
 5.99   1.00    0.153    0.008
 5.99   1.00    0.161   54.087
 5.99   1.00    0.157    0.237   0.161   0.234
 5.99   1.00    0.158    0.202   0.161   0.199

 6.00   0.00    0.234    0.199   0.078   0.028   0.034   0.030   0.044   0.019   0.000   0.000   0.000 284028700
 6.00   9.51   53.766
 6.00   1.00    0.153    0.008
 6.00   1.00    0.161   54.060
 6.00   1.00    0.157    0.237   0.161   0.234
 6.00   1.00    0.158    0.202   0.161   0.199

 6.01   0.00    0.233    0.199   0.078   0.028   0.034   0.030   0.044   0.019   0.000   0.000   0.000 284502100
 6.01   9.51   53.726
 6.01   1.00    0.153    0.008
 6.01   1.00    0.161   54.034
 6.01   1.00    0.157    0.236   0.161   0.234
 6.01   1.00    0.158    0.201   0.161   0.199

 6.02   0.00    0.233    0.198   0.078   0.028   0.034   0.030   0.044   0.019   0.000   0.000   0.000 284975500
 6.02   9.52   53.686
 6.02   1.00    0.153    0.008
 6.02   1.00    0.161   54.007
 6.02   1.00    0.157    0.236   0.161   0.233
 6.02   1.00    0.158    0.201   0.161   0.198

 6.03   0.00    0.233    0.198   0.078   0.028   0.034   0.030   0.043   0.019   0.000   0.000   0.000 285448900
 6.03   9.53   53.646
 6.03   1.00    0.152    0.008
 6.03   1.00    0.161   53.981
 6.03   1.00    0.157    0.236   0.161   0.233
 6.03   1.00    0.157    0.201   0.161   0.198

 6.04   0.00    0.232    0.198   0.078   0.028   0.034   0.030   0.043   0.019   0.000   0.000   0.000 285922200
 6.04   9.53   53.607
 6.04   1.00    0.152    0.008
 6.04   1.00    0.161   53.955
 6.04   1.00    0.157    0.235   0.161   0.232
 6.04   1.00    0.157    0.201   0.161   0.198

 6.05   0.00    0.232    0.198   0.078   0.028   0.034   0.030   0.043   0.019   0.000   0.000   0.000 286395600
 6.05   9.54   53.567
 6.05   1.00    0.152    0.008
 6.05   1.00    0.161   53.928
 6.05   1.00    0.157    0.235   0.161   0.232
 6.05   1.00    0.157    0.200   0.161   0.198

 6.06   0.00    0.231    0.197   0.078   0.028   0.034   0.030   0.043   0.019   0.000   0.000   0.000 286869000
 6.06   9.55   53.528
 6.06   1.00    0.152    0.008
 6.06   1.00    0.161   53.902
 6.06   1.00    0.157    0.234   0.161   0.232
 6.06   1.00    0.157    0.200   0.161   0.197

 6.07   0.00    0.231    0.197   0.077   0.028   0.034   0.030   0.043   0.019   0.000   0.000   0.000 287342400
 6.07   9.55   53.489
 6.07   1.00    0.152    0.008
 6.07   1.00    0.160   53.876
 6.07   1.00    0.156    0.234   0.160   0.231
 6.07   1.00    0.157    0.200   0.160   0.197

 6.08   0.00    0.231    0.197   0.077   0.028   0.034   0.030   0.043   0.019   0.000   0.000   0.000 287815800
 6.08   9.56   53.450
 6.08   1.00    0.152    0.008
 6.08   1.00    0.160   53.849
 6.08   1.00    0.156    0.234   0.160   0.231
 6.08   1.00    0.157    0.200   0.160   0.197

 6.09   0.00    0.230    0.197   0.077   0.028   0.033   0.030   0.043   0.019   0.000   0.000   0.000 288289200
 6.09   9.57   53.411
 6.09   1.00    0.152    0.008
 6.09   1.00    0.160   53.823
 6.09   1.00    0.156    0.233   0.160   0.230
 6.09   1.00    0.157    0.199   0.160   0.197

 6.10   0.00    0.230    0.196   0.077   0.028   0.033   0.030   0.043   0.019   0.000   0.000   0.000 288762500
 6.10   9.57   53.372
 6.10   1.00    0.152    0.008
 6.10   1.00    0.160   53.797
 6.10   1.00    0.156    0.233   0.160   0.230
 6.10   1.00    0.157    0.199   0.160   0.196

 6.11   0.00    0.230    0.196   0.077   0.028   0.033   0.030   0.043   0.019   0.000   0.000   0.000 289235900
 6.11   9.58   53.334
 6.11   1.00    0.152    0.008
 6.11   1.00    0.160   53.771
 6.11   1.00    0.156    0.232   0.160   0.230
 6.11   1.00    0.157    0.199   0.160   0.196

 6.12   0.00    0.229    0.196   0.077   0.028   0.033   0.030   0.043   0.019   0.000   0.000   0.000 289709300
 6.12   9.59   53.295
 6.12   1.00    0.152    0.008
 6.12   1.00    0.160   53.745
 6.12   1.00    0.156    0.232   0.160   0.229
 6.12   1.00    0.156    0.199   0.160   0.196

 6.13   0.00    0.229    0.196   0.077   0.028   0.033   0.030   0.043   0.019   0.000   0.000   0.000 290182700
 6.13   9.60   53.257
 6.13   1.00    0.151    0.008
 6.13   1.00    0.160   53.720
 6.13   1.00    0.156    0.232   0.160   0.229
 6.13   1.00    0.156    0.198   0.160   0.196

 6.14   0.00    0.228    0.195   0.076   0.028   0.033   0.030   0.043   0.019   0.000   0.000   0.000 290656100
 6.14   9.60   53.219
 6.14   1.00    0.151    0.008
 6.14   1.00    0.160   53.694
 6.14   1.00    0.156    0.231   0.160   0.228
 6.14   1.00    0.156    0.198   0.160   0.195

 6.15   0.00    0.228    0.195   0.076   0.028   0.033   0.030   0.043   0.019   0.000   0.000   0.000 291129400
 6.15   9.61   53.181
 6.15   1.00    0.151    0.008
 6.15   1.00    0.160   53.668
 6.15   1.00    0.156    0.231   0.160   0.228
 6.15   1.00    0.156    0.198   0.160   0.195

 6.16   0.00    0.228    0.195   0.076   0.028   0.033   0.029   0.043   0.019   0.000   0.000   0.000 291602800
 6.16   9.62   53.143
 6.16   1.00    0.151    0.008
 6.16   1.00    0.159   53.642
 6.16   1.00    0.155    0.230   0.159   0.228
 6.16   1.00    0.156    0.198   0.159   0.195

 6.17   0.00    0.227    0.195   0.076   0.028   0.033   0.029   0.043   0.019   0.000   0.000   0.000 292076200
 6.17   9.62   53.105
 6.17   1.00    0.151    0.008
 6.17   1.00    0.159   53.617
 6.17   1.00    0.155    0.230   0.159   0.227
 6.17   1.00    0.156    0.197   0.159   0.195

 6.18   0.00    0.227    0.194   0.076   0.028   0.032   0.029   0.043   0.019   0.000   0.000   0.000 292549600
 6.18   9.63   53.067
 6.18   1.00    0.151    0.008
 6.18   1.00    0.159   53.591
 6.18   1.00    0.155    0.230   0.159   0.227
 6.18   1.00    0.156    0.197   0.159   0.194

 6.19   0.00    0.226    0.194   0.076   0.028   0.032   0.029   0.043   0.019   0.000   0.000   0.000 293023000
 6.19   9.64   53.030
 6.19   1.00    0.151    0.008
 6.19   1.00    0.159   53.565
 6.19   1.00    0.155    0.229   0.159   0.226
 6.19   1.00    0.156    0.197   0.159   0.194

 6.20   0.00    0.226    0.194   0.076   0.028   0.032   0.029   0.043   0.019   0.000   0.000   0.000 293496400
 6.20   9.64   52.993
 6.20   1.00    0.151    0.008
 6.20   1.00    0.159   53.540
 6.20   1.00    0.155    0.229   0.159   0.226
 6.20   1.00    0.156    0.197   0.159   0.194

 6.21   0.00    0.226    0.194   0.075   0.028   0.032   0.029   0.043   0.018   0.000   0.000   0.000 293969700
 6.21   9.65   52.956
 6.21   1.00    0.151    0.008
 6.21   1.00    0.159   53.515
 6.21   1.00    0.155    0.228   0.159   0.226
 6.21   1.00    0.156    0.196   0.159   0.194

 6.22   0.00    0.225    0.193   0.075   0.028   0.032   0.029   0.043   0.018   0.000   0.000   0.000 294443100
 6.22   9.66   52.919
 6.22   1.00    0.151    0.008
 6.22   1.00    0.159   53.489
 6.22   1.00    0.155    0.228   0.159   0.225
 6.22   1.00    0.155    0.196   0.159   0.193

 6.23   0.00    0.225    0.193   0.075   0.028   0.032   0.029   0.043   0.018   0.000   0.000   0.000 294916500
 6.23   9.67   52.882
 6.23   1.00    0.150    0.008
 6.23   1.00    0.159   53.464
 6.23   1.00    0.155    0.228   0.159   0.225
 6.23   1.00    0.155    0.196   0.159   0.193

 6.24   0.00    0.224    0.193   0.075   0.028   0.032   0.029   0.042   0.018   0.000   0.000   0.000 295389900
 6.24   9.67   52.845
 6.24   1.00    0.150    0.008
 6.24   1.00    0.159   53.439
 6.24   1.00    0.155    0.227   0.159   0.225
 6.24   1.00    0.155    0.196   0.159   0.193

 6.25   0.00    0.224    0.192   0.075   0.028   0.032   0.029   0.042   0.018   0.000   0.000   0.000 295863300
 6.25   9.68   52.808
 6.25   1.00    0.150    0.008
 6.25   1.00    0.159   53.413
 6.25   1.00    0.155    0.227   0.159   0.224
 6.25   1.00    0.155    0.195   0.159   0.193

 6.26   0.00    0.224    0.192   0.075   0.028   0.032   0.029   0.042   0.018   0.000   0.000   0.000 296336600
 6.26   9.69   52.772
 6.26   1.00    0.150    0.008
 6.26   1.00    0.158   53.388
 6.26   1.00    0.154    0.227   0.158   0.224
 6.26   1.00    0.155    0.195   0.158   0.192

 6.27   0.00    0.223    0.192   0.075   0.028   0.031   0.029   0.042   0.018   0.000   0.000   0.000 296810000
 6.27   9.69   52.735
 6.27   1.00    0.150    0.008
 6.27   1.00    0.158   53.363
 6.27   1.00    0.154    0.226   0.158   0.223
 6.27   1.00    0.155    0.195   0.158   0.192

 6.28   0.00    0.223    0.192   0.075   0.028   0.031   0.029   0.042   0.018   0.000   0.000   0.000 297283400
 6.28   9.70   52.699
 6.28   1.00    0.150    0.008
 6.28   1.00    0.158   53.338
 6.28   1.00    0.154    0.226   0.158   0.223
 6.28   1.00    0.155    0.195   0.158   0.192

 6.29   0.00    0.223    0.191   0.074   0.028   0.031   0.029   0.042   0.018   0.000   0.000   0.000 297756800
 6.29   9.71   52.663
 6.29   1.00    0.150    0.008
 6.29   1.00    0.158   53.313
 6.29   1.00    0.154    0.225   0.158   0.223
 6.29   1.00    0.155    0.194   0.158   0.192

 6.30   0.00    0.222    0.191   0.074   0.028   0.031   0.029   0.042   0.018   0.000   0.000   0.000 298230200
 6.30   9.72   52.627
 6.30   1.00    0.150    0.008
 6.30   1.00    0.158   53.288
 6.30   1.00    0.154    0.225   0.158   0.222
 6.30   1.00    0.155    0.194   0.158   0.191

 6.31   0.00    0.222    0.191   0.074   0.028   0.031   0.029   0.042   0.018   0.000   0.000   0.000 298703600
 6.31   9.72   52.591
 6.31   1.00    0.150    0.008
 6.31   1.00    0.158   53.263
 6.31   1.00    0.154    0.225   0.158   0.222
 6.31   1.00    0.155    0.194   0.158   0.191

 6.32   0.00    0.221    0.191   0.074   0.028   0.031   0.029   0.042   0.018   0.000   0.000   0.000 299176900
 6.32   9.73   52.556
 6.32   1.00    0.150    0.008
 6.32   1.00    0.158   53.238
 6.32   1.00    0.154    0.224   0.158   0.222
 6.32   1.00    0.154    0.193   0.158   0.191

 6.33   0.00    0.221    0.190   0.074   0.028   0.031   0.029   0.042   0.018   0.000   0.000   0.000 299650300
 6.33   9.74   52.520
 6.33   1.00    0.149    0.008
 6.33   1.00    0.158   53.214
 6.33   1.00    0.154    0.224   0.158   0.221
 6.33   1.00    0.154    0.193   0.158   0.191

 6.34   0.00    0.221    0.190   0.074   0.028   0.031   0.029   0.042   0.018   0.000   0.000   0.000 300123700
 6.34   9.74   52.485
 6.34   1.00    0.149    0.008
 6.34   1.00    0.158   53.189
 6.34   1.00    0.154    0.223   0.158   0.221
 6.34   1.00    0.154    0.193   0.158   0.190

 6.35   0.00    0.220    0.190   0.074   0.028   0.031   0.029   0.042   0.018   0.000   0.000   0.000 300597100
 6.35   9.75   52.450
 6.35   1.00    0.149    0.008
 6.35   1.00    0.157   53.164
 6.35   1.00    0.154    0.223   0.157   0.220
 6.35   1.00    0.154    0.193   0.157   0.190

 6.36   0.00    0.220    0.190   0.074   0.028   0.031   0.028   0.042   0.018   0.000   0.000   0.000 301070500
 6.36   9.76   52.415
 6.36   1.00    0.149    0.008
 6.36   1.00    0.157   53.140
 6.36   1.00    0.153    0.223   0.157   0.220
 6.36   1.00    0.154    0.192   0.157   0.190

 6.37   0.00    0.220    0.189   0.073   0.028   0.030   0.028   0.042   0.018   0.000   0.000   0.000 301543800
 6.37   9.77   52.380
 6.37   1.00    0.149    0.008
 6.37   1.00    0.157   53.115
 6.37   1.00    0.153    0.222   0.157   0.220
 6.37   1.00    0.154    0.192   0.157   0.189

 6.38   0.00    0.219    0.189   0.073   0.027   0.030   0.028   0.042   0.018   0.000   0.000   0.000 302017200
 6.38   9.77   52.345
 6.38   1.00    0.149    0.008
 6.38   1.00    0.157   53.091
 6.38   1.00    0.153    0.222   0.157   0.219
 6.38   1.00    0.154    0.192   0.157   0.189

 6.39   0.00    0.219    0.189   0.073   0.027   0.030   0.028   0.042   0.018   0.000   0.000   0.000 302490600
 6.39   9.78   52.310
 6.39   1.00    0.149    0.008
 6.39   1.00    0.157   53.066
 6.39   1.00    0.153    0.222   0.157   0.219
 6.39   1.00    0.154    0.192   0.157   0.189

 6.40   0.00    0.218    0.189   0.073   0.027   0.030   0.028   0.042   0.018   0.000   0.000   0.000 302964000
 6.40   9.79   52.275
 6.40   1.00    0.149    0.008
 6.40   1.00    0.157   53.042
 6.40   1.00    0.153    0.221   0.157   0.219
 6.40   1.00    0.154    0.191   0.157   0.189

 6.41   0.00    0.218    0.188   0.073   0.027   0.030   0.028   0.042   0.018   0.000   0.000   0.000 303437300
 6.41   9.80   52.241
 6.41   1.00    0.149    0.008
 6.41   1.00    0.157   53.017
 6.41   1.00    0.153    0.221   0.157   0.218
 6.41   1.00    0.154    0.191   0.157   0.188

 6.42   0.00    0.218    0.188   0.073   0.027   0.030   0.028   0.042   0.018   0.000   0.000   0.000 303910800
 6.42   9.80   52.206
 6.42   1.00    0.149    0.008
 6.42   1.00    0.157   52.993
 6.42   1.00    0.153    0.220   0.157   0.218
 6.42   1.00    0.153    0.191   0.157   0.188

 6.43   0.00    0.217    0.188   0.073   0.027   0.030   0.028   0.042   0.018   0.000   0.000   0.000 304384100
 6.43   9.81   52.172
 6.43   1.00    0.149    0.008
 6.43   1.00    0.157   52.969
 6.43   1.00    0.153    0.220   0.157   0.217
 6.43   1.00    0.153    0.191   0.157   0.188

 6.44   0.00    0.217    0.188   0.073   0.027   0.030   0.028   0.042   0.018   0.000   0.000   0.000 304857500
 6.44   9.82   52.138
 6.44   1.00    0.148    0.008
 6.44   1.00    0.157   52.945
 6.44   1.00    0.153    0.220   0.157   0.217
 6.44   1.00    0.153    0.190   0.157   0.188

 6.45   0.00    0.217    0.187   0.072   0.027   0.030   0.028   0.041   0.018   0.000   0.000   0.000 305330900
 6.45   9.83   52.104
 6.45   1.00    0.148    0.008
 6.45   1.00    0.156   52.920
 6.45   1.00    0.153    0.219   0.156   0.217
 6.45   1.00    0.153    0.190   0.156   0.187

 6.46   0.00    0.216    0.187   0.072   0.027   0.029   0.028   0.041   0.018   0.000   0.000   0.000 305804300
 6.46   9.83   52.070
 6.46   1.00    0.148    0.008
 6.46   1.00    0.156   52.896
 6.46   1.00    0.153    0.219   0.156   0.216
 6.46   1.00    0.153    0.190   0.156   0.187

 6.47   0.00    0.216    0.187   0.072   0.027   0.029   0.028   0.041   0.018   0.000   0.000   0.000 306277600
 6.47   9.84   52.037
 6.47   1.00    0.148    0.008
 6.47   1.00    0.156   52.872
 6.47   1.00    0.152    0.219   0.156   0.216
 6.47   1.00    0.153    0.190   0.156   0.187

 6.48   0.00    0.216    0.187   0.072   0.027   0.029   0.028   0.041   0.018   0.000   0.000   0.000 306751000
 6.48   9.85   52.003
 6.48   1.00    0.148    0.008
 6.48   1.00    0.156   52.848
 6.48   1.00    0.152    0.218   0.156   0.216
 6.48   1.00    0.153    0.189   0.156   0.187

 6.49   0.00    0.215    0.186   0.072   0.027   0.029   0.028   0.041   0.018   0.000   0.000   0.000 307224400
 6.49   9.86   51.970
 6.49   1.00    0.148    0.008
 6.49   1.00    0.156   52.824
 6.49   1.00    0.152    0.218   0.156   0.215
 6.49   1.00    0.153    0.189   0.156   0.186

 6.50   0.00    0.215    0.186   0.072   0.027   0.029   0.028   0.041   0.018   0.000   0.000   0.000 307697800
 6.50   9.86   51.936
 6.50   1.00    0.148    0.008
 6.50   1.00    0.156   52.800
 6.50   1.00    0.152    0.218   0.156   0.215
 6.50   1.00    0.153    0.189   0.156   0.186

 6.51   0.00    0.214    0.186   0.072   0.027   0.029   0.028   0.041   0.018   0.000   0.000   0.000 308171200
 6.51   9.87   51.903
 6.51   1.00    0.148    0.008
 6.51   1.00    0.156   52.776
 6.51   1.00    0.152    0.217   0.156   0.215
 6.51   1.00    0.153    0.189   0.156   0.186

 6.52   0.00    0.214    0.186   0.072   0.027   0.029   0.028   0.041   0.018   0.000   0.000   0.000 308644500
 6.52   9.88   51.870
 6.52   1.00    0.148    0.008
 6.52   1.00    0.156   52.753
 6.52   1.00    0.152    0.217   0.156   0.214
 6.52   1.00    0.152    0.188   0.156   0.186

 6.53   0.00    0.214    0.185   0.071   0.027   0.029   0.028   0.041   0.017   0.000   0.000   0.000 309118000
 6.53   9.89   51.837
 6.53   1.00    0.148    0.008
 6.53   1.00    0.156   52.729
 6.53   1.00    0.152    0.216   0.156   0.214
 6.53   1.00    0.152    0.188   0.156   0.185

 6.54   0.00    0.213    0.185   0.071   0.027   0.029   0.028   0.041   0.017   0.000   0.000   0.000 309591300
 6.54   9.89   51.804
 6.54   1.00    0.148    0.008
 6.54   1.00    0.156   52.705
 6.54   1.00    0.152    0.216   0.156   0.213
 6.54   1.00    0.152    0.188   0.156   0.185

 6.55   0.00    0.213    0.185   0.071   0.027   0.028   0.028   0.041   0.017   0.000   0.000   0.000 310064700
 6.55   9.90   51.772
 6.55   1.00    0.147    0.008
 6.55   1.00    0.155   52.682
 6.55   1.00    0.152    0.216   0.155   0.213
 6.55   1.00    0.152    0.188   0.155   0.185

 6.56   0.00    0.213    0.185   0.071   0.027   0.028   0.028   0.041   0.017   0.000   0.000   0.000 310538100
 6.56   9.91   51.739
 6.56   1.00    0.147    0.008
 6.56   1.00    0.155   52.658
 6.56   1.00    0.152    0.215   0.155   0.213
 6.56   1.00    0.152    0.187   0.155   0.185

 6.57   0.00    0.212    0.184   0.071   0.027   0.028   0.027   0.041   0.017   0.000   0.000   0.000 311011500
 6.57   9.92   51.706
 6.57   1.00    0.147    0.008
 6.57   1.00    0.155   52.634
 6.57   1.00    0.152    0.215   0.155   0.212
 6.57   1.00    0.152    0.187   0.155   0.185

 6.58   0.00    0.212    0.184   0.071   0.027   0.028   0.027   0.041   0.017   0.000   0.000   0.000 311484800
 6.58   9.92   51.674
 6.58   1.00    0.147    0.008
 6.58   1.00    0.155   52.611
 6.58   1.00    0.151    0.215   0.155   0.212
 6.58   1.00    0.152    0.187   0.155   0.184

 6.59   0.00    0.212    0.184   0.071   0.027   0.028   0.027   0.041   0.017   0.000   0.000   0.000 311958200
 6.59   9.93   51.642
 6.59   1.00    0.147    0.008
 6.59   1.00    0.155   52.587
 6.59   1.00    0.151    0.214   0.155   0.212
 6.59   1.00    0.152    0.187   0.155   0.184

 6.60   0.00    0.211    0.184   0.071   0.027   0.028   0.027   0.041   0.017   0.000   0.000   0.000 312431600
 6.60   9.94   51.610
 6.60   1.00    0.147    0.008
 6.60   1.00    0.155   52.564
 6.60   1.00    0.151    0.214   0.155   0.211
 6.60   1.00    0.152    0.186   0.155   0.184

 6.61   0.00    0.211    0.183   0.070   0.027   0.028   0.027   0.041   0.017   0.000   0.000   0.000 312905000
 6.61   9.95   51.578
 6.61   1.00    0.147    0.008
 6.61   1.00    0.155   52.541
 6.61   1.00    0.151    0.214   0.155   0.211
 6.61   1.00    0.152    0.186   0.155   0.184

 6.62   0.00    0.211    0.183   0.070   0.027   0.028   0.027   0.041   0.017   0.000   0.000   0.000 313378400
 6.62   9.95   51.546
 6.62   1.00    0.147    0.008
 6.62   1.00    0.155   52.517
 6.62   1.00    0.151    0.213   0.155   0.211
 6.62   1.00    0.152    0.186   0.155   0.183

 6.63   0.00    0.210    0.183   0.070   0.027   0.028   0.027   0.041   0.017   0.000   0.000   0.000 313851700
 6.63   9.96   51.514
 6.63   1.00    0.147    0.008
 6.63   1.00    0.155   52.494
 6.63   1.00    0.151    0.213   0.155   0.210
 6.63   1.00    0.151    0.186   0.155   0.183

 6.64   0.00    0.210    0.183   0.070   0.027   0.027   0.027   0.041   0.017   0.000   0.000   0.000 314325100
 6.64   9.97   51.483
 6.64   1.00    0.147    0.008
 6.64   1.00    0.155   52.471
 6.64   1.00    0.151    0.213   0.155   0.210
 6.64   1.00    0.151    0.185   0.155   0.183

 6.65   0.00    0.209    0.182   0.070   0.027   0.027   0.027   0.041   0.017   0.000   0.000   0.000 314798500
 6.65   9.98   51.451
 6.65   1.00    0.147    0.008
 6.65   1.00    0.154   52.448
 6.65   1.00    0.151    0.212   0.154   0.210
 6.65   1.00    0.151    0.185   0.154   0.183

 6.66   0.00    0.209    0.182   0.070   0.027   0.027   0.027   0.041   0.017   0.000   0.000   0.000 315271900
 6.66   9.99   51.420
 6.66   1.00    0.146    0.008
 6.66   1.00    0.154   52.424
 6.66   1.00    0.151    0.212   0.154   0.209
 6.66   1.00    0.151    0.185   0.154   0.182

 6.67   0.00    0.209    0.182   0.070   0.027   0.027   0.027   0.041   0.017   0.000   0.000   0.000 315745300
 6.67   9.99   51.388
 6.67   1.00    0.146    0.008
 6.67   1.00    0.154   52.401
 6.67   1.00    0.151    0.211   0.154   0.209
 6.67   1.00    0.151    0.185   0.154   0.182

 6.68   0.00    0.208    0.182   0.070   0.027   0.027   0.027   0.041   0.017   0.000   0.000   0.000 316218700
 6.68  10.00   51.357
 6.68   1.00    0.146    0.008
 6.68   1.00    0.154   52.378
 6.68   1.00    0.151    0.211   0.154   0.208
 6.68   1.00    0.151    0.184   0.154   0.182

 6.69   0.00    0.208    0.181   0.069   0.027   0.027   0.027   0.040   0.017   0.000   0.000   0.000 316692000
 6.69  10.01   51.326
 6.69   1.00    0.146    0.008
 6.69   1.00    0.154   52.355
 6.69   1.00    0.150    0.211   0.154   0.208
 6.69   1.00    0.151    0.184   0.154   0.182

 6.70   0.00    0.208    0.181   0.069   0.027   0.027   0.027   0.040   0.017   0.000   0.000   0.000 317165400
 6.70  10.02   51.295
 6.70   1.00    0.146    0.008
 6.70   1.00    0.154   52.332
 6.70   1.00    0.150    0.210   0.154   0.208
 6.70   1.00    0.151    0.184   0.154   0.181

 6.71   0.00    0.207    0.181   0.069   0.027   0.027   0.027   0.040   0.017   0.000   0.000   0.000 317638800
 6.71  10.02   51.264
 6.71   1.00    0.146    0.008
 6.71   1.00    0.154   52.310
 6.71   1.00    0.150    0.210   0.154   0.207
 6.71   1.00    0.151    0.184   0.154   0.181

 6.72   0.00    0.207    0.181   0.069   0.027   0.027   0.027   0.040   0.017   0.000   0.000   0.000 318112200
 6.72  10.03   51.234
 6.72   1.00    0.146    0.008
 6.72   1.00    0.154   52.287
 6.72   1.00    0.150    0.210   0.154   0.207
 6.72   1.00    0.151    0.183   0.154   0.181

 6.73   0.00    0.207    0.181   0.069   0.027   0.027   0.027   0.040   0.017   0.000   0.000   0.000 318585600
 6.73  10.04   51.203
 6.73   1.00    0.146    0.008
 6.73   1.00    0.154   52.264
 6.73   1.00    0.150    0.209   0.154   0.207
 6.73   1.00    0.151    0.183   0.154   0.181

 6.74   0.00    0.206    0.180   0.069   0.027   0.026   0.027   0.040   0.017   0.000   0.000   0.000 319058900
 6.74  10.05   51.173
 6.74   1.00    0.146    0.008
 6.74   1.00    0.154   52.241
 6.74   1.00    0.150    0.209   0.154   0.206
 6.74   1.00    0.150    0.183   0.154   0.180

 6.75   0.00    0.206    0.180   0.069   0.027   0.026   0.027   0.040   0.017   0.000   0.000   0.000 319532300
 6.75  10.06   51.142
 6.75   1.00    0.146    0.008
 6.75   1.00    0.154   52.218
 6.75   1.00    0.150    0.209   0.154   0.206
 6.75   1.00    0.150    0.183   0.154   0.180

 6.76   0.00    0.206    0.180   0.069   0.027   0.026   0.027   0.040   0.017   0.000   0.000   0.000 320005700
 6.76  10.06   51.112
 6.76   1.00    0.146    0.008
 6.76   1.00    0.153   52.196
 6.76   1.00    0.150    0.208   0.153   0.206
 6.76   1.00    0.150    0.182   0.153   0.180

 6.77   0.00    0.205    0.180   0.069   0.027   0.026   0.027   0.040   0.017   0.000   0.000   0.000 320479100
 6.77  10.07   51.082
 6.77   1.00    0.146    0.008
 6.77   1.00    0.153   52.173
 6.77   1.00    0.150    0.208   0.153   0.205
 6.77   1.00    0.150    0.182   0.153   0.180

 6.78   0.00    0.205    0.179   0.068   0.027   0.026   0.027   0.040   0.017   0.000   0.000   0.000 320952500
 6.78  10.08   51.052
 6.78   1.00    0.145    0.008
 6.78   1.00    0.153   52.151
 6.78   1.00    0.150    0.208   0.153   0.205
 6.78   1.00    0.150    0.182   0.153   0.179

 6.79   0.00    0.205    0.179   0.068   0.027   0.026   0.026   0.040   0.017   0.000   0.000   0.000 321425900
 6.79  10.09   51.022
 6.79   1.00    0.145    0.008
 6.79   1.00    0.153   52.128
 6.79   1.00    0.150    0.207   0.153   0.205
 6.79   1.00    0.150    0.182   0.153   0.179

 6.80   0.00    0.204    0.179   0.068   0.027   0.026   0.026   0.040   0.017   0.000   0.000   0.000 321899200
 6.80  10.10   50.992
 6.80   1.00    0.145    0.008
 6.80   1.00    0.153   52.105
 6.80   1.00    0.149    0.207   0.153   0.204
 6.80   1.00    0.150    0.182   0.153   0.179

 6.81   0.00    0.204    0.179   0.068   0.027   0.026   0.026   0.040   0.017   0.000   0.000   0.000 322372600
 6.81  10.10   50.963
 6.81   1.00    0.145    0.008
 6.81   1.00    0.153   52.083
 6.81   1.00    0.149    0.207   0.153   0.204
 6.81   1.00    0.150    0.181   0.153   0.179

 6.82   0.00    0.204    0.178   0.068   0.027   0.026   0.026   0.040   0.017   0.000   0.000   0.000 322846000
 6.82  10.11   50.933
 6.82   1.00    0.145    0.008
 6.82   1.00    0.153   52.061
 6.82   1.00    0.149    0.206   0.153   0.204
 6.82   1.00    0.150    0.181   0.153   0.178

 6.83   0.00    0.203    0.178   0.068   0.027   0.025   0.026   0.040   0.017   0.000   0.000   0.000 323319400
 6.83  10.12   50.903
 6.83   1.00    0.145    0.008
 6.83   1.00    0.153   52.038
 6.83   1.00    0.149    0.206   0.153   0.203
 6.83   1.00    0.150    0.181   0.153   0.178

 6.84   0.00    0.203    0.178   0.068   0.027   0.025   0.026   0.040   0.017   0.000   0.000   0.000 323792800
 6.84  10.13   50.874
 6.84   1.00    0.145    0.008
 6.84   1.00    0.153   52.016
 6.84   1.00    0.149    0.206   0.153   0.203
 6.84   1.00    0.150    0.181   0.153   0.178

 6.85   0.00    0.203    0.178   0.068   0.027   0.025   0.026   0.040   0.017   0.000   0.000   0.000 324266100
 6.85  10.13   50.845
 6.85   1.00    0.145    0.008
 6.85   1.00    0.153   51.994
 6.85   1.00    0.149    0.205   0.153   0.203
 6.85   1.00    0.149    0.180   0.153   0.178

 6.86   0.00    0.202    0.177   0.068   0.027   0.025   0.026   0.040   0.017   0.000   0.000   0.000 324739500
 6.86  10.14   50.816
 6.86   1.00    0.145    0.008
 6.86   1.00    0.153   51.971
 6.86   1.00    0.149    0.205   0.153   0.202
 6.86   1.00    0.149    0.180   0.153   0.177

 6.87   0.00    0.202    0.177   0.067   0.027   0.025   0.026   0.040   0.017   0.000   0.000   0.000 325212900
 6.87  10.15   50.787
 6.87   1.00    0.145    0.008
 6.87   1.00    0.152   51.949
 6.87   1.00    0.149    0.205   0.152   0.202
 6.87   1.00    0.149    0.180   0.152   0.177

 6.88   0.00    0.202    0.177   0.067   0.027   0.025   0.026   0.040   0.016   0.000   0.000   0.000 325686300
 6.88  10.16   50.758
 6.88   1.00    0.145    0.008
 6.88   1.00    0.152   51.927
 6.88   1.00    0.149    0.204   0.152   0.202
 6.88   1.00    0.149    0.180   0.152   0.177

 6.89   0.00    0.201    0.177   0.067   0.027   0.025   0.026   0.040   0.016   0.000   0.000   0.000 326159600
 6.89  10.17   50.729
 6.89   1.00    0.145    0.008
 6.89   1.00    0.152   51.905
 6.89   1.00    0.149    0.204   0.152   0.201
 6.89   1.00    0.149    0.179   0.152   0.177

 6.90   0.00    0.201    0.176   0.067   0.027   0.025   0.026   0.040   0.016   0.000   0.000   0.000 326633100
 6.90  10.18   50.700
 6.90   1.00    0.144    0.008
 6.90   1.00    0.152   51.883
 6.90   1.00    0.149    0.204   0.152   0.201
 6.90   1.00    0.149    0.179   0.152   0.176

 6.91   0.00    0.201    0.176   0.067   0.027   0.025   0.026   0.040   0.016   0.000   0.000   0.000 327106400
 6.91  10.18   50.672
 6.91   1.00    0.144    0.008
 6.91   1.00    0.152   51.861
 6.91   1.00    0.149    0.203   0.152   0.201
 6.91   1.00    0.149    0.179   0.152   0.176

 6.92   0.00    0.200    0.176   0.067   0.027   0.024   0.026   0.040   0.016   0.000   0.000   0.000 327579800
 6.92  10.19   50.643
 6.92   1.00    0.144    0.008
 6.92   1.00    0.152   51.839
 6.92   1.00    0.148    0.203   0.152   0.200
 6.92   1.00    0.149    0.179   0.152   0.176

 6.93   0.00    0.200    0.176   0.067   0.027   0.024   0.026   0.040   0.016   0.000   0.000   0.000 328053200
 6.93  10.20   50.615
 6.93   1.00    0.144    0.008
 6.93   1.00    0.152   51.817
 6.93   1.00    0.148    0.203   0.152   0.200
 6.93   1.00    0.149    0.178   0.152   0.176

 6.94   0.00    0.200    0.175   0.067   0.027   0.024   0.026   0.039   0.016   0.000   0.000   0.000 328526600
 6.94  10.21   50.586
 6.94   1.00    0.144    0.008
 6.94   1.00    0.152   51.795
 6.94   1.00    0.148    0.202   0.152   0.200
 6.94   1.00    0.149    0.178   0.152   0.175

 6.95   0.00    0.199    0.175   0.067   0.027   0.024   0.026   0.039   0.016   0.000   0.000   0.000 328999900
 6.95  10.22   50.558
 6.95   1.00    0.144    0.008
 6.95   1.00    0.152   51.773
 6.95   1.00    0.148    0.202   0.152   0.199
 6.95   1.00    0.149    0.178   0.152   0.175

 6.96   0.00    0.199    0.175   0.066   0.027   0.024   0.026   0.039   0.016   0.000   0.000   0.000 329473300
 6.96  10.22   50.530
 6.96   1.00    0.144    0.008
 6.96   1.00    0.152   51.752
 6.96   1.00    0.148    0.202   0.152   0.199
 6.96   1.00    0.149    0.178   0.152   0.175

 6.97   0.00    0.199    0.175   0.066   0.027   0.024   0.026   0.039   0.016   0.000   0.000   0.000 329946700
 6.97  10.23   50.502
 6.97   1.00    0.144    0.008
 6.97   1.00    0.152   51.730
 6.97   1.00    0.148    0.201   0.152   0.199
 6.97   1.00    0.148    0.177   0.152   0.175

 6.98   0.00    0.198    0.174   0.066   0.027   0.024   0.026   0.039   0.016   0.000   0.000   0.000 330420100
 6.98  10.24   50.474
 6.98   1.00    0.144    0.008
 6.98   1.00    0.151   51.708
 6.98   1.00    0.148    0.201   0.151   0.198
 6.98   1.00    0.148    0.177   0.151   0.175

 6.99   0.00    0.198    0.174   0.066   0.027   0.024   0.026   0.039   0.016   0.000   0.000   0.000 330893500
 6.99  10.25   50.447
 6.99   1.00    0.144    0.008
 6.99   1.00    0.151   51.687
 6.99   1.00    0.148    0.201   0.151   0.198
 6.99   1.00    0.148    0.177   0.151   0.174

 7.00   0.00    0.198    0.174   0.066   0.027   0.024   0.026   0.039   0.016   0.000   0.000   0.000 331366800
 7.00  10.26   50.419
 7.00   1.00    0.144    0.008
 7.00   1.00    0.151   51.665
 7.00   1.00    0.148    0.200   0.151   0.198
 7.00   1.00    0.148    0.177   0.151   0.174

 7.01   0.00    0.197    0.174   0.066   0.027   0.024   0.026   0.039   0.016   0.000   0.000   0.000 331840300
 7.01  10.26   50.391
 7.01   1.00    0.144    0.008
 7.01   1.00    0.151   51.643
 7.01   1.00    0.148    0.200   0.151   0.197
 7.01   1.00    0.148    0.176   0.151   0.174

 7.02   0.00    0.197    0.174   0.066   0.027   0.023   0.025   0.039   0.016   0.000   0.000   0.000 332313600
 7.02  10.27   50.364
 7.02   1.00    0.143    0.008
 7.02   1.00    0.151   51.622
 7.02   1.00    0.148    0.200   0.151   0.197
 7.02   1.00    0.148    0.176   0.151   0.174

 7.03   0.00    0.197    0.173   0.066   0.027   0.023   0.025   0.039   0.016   0.000   0.000   0.000 332787000
 7.03  10.28   50.336
 7.03   1.00    0.143    0.008
 7.03   1.00    0.151   51.600
 7.03   1.00    0.148    0.199   0.151   0.197
 7.03   1.00    0.148    0.176   0.151   0.173

 7.04   0.00    0.196    0.173   0.066   0.027   0.023   0.025   0.039   0.016   0.000   0.000   0.000 333260400
 7.04  10.29   50.309
 7.04   1.00    0.143    0.008
 7.04   1.00    0.151   51.579
 7.04   1.00    0.147    0.199   0.151   0.197
 7.04   1.00    0.148    0.176   0.151   0.173

 7.05   0.00    0.196    0.173   0.065   0.027   0.023   0.025   0.039   0.016   0.000   0.000   0.000 333733800
 7.05  10.30   50.282
 7.05   1.00    0.143    0.008
 7.05   1.00    0.151   51.557
 7.05   1.00    0.147    0.199   0.151   0.196
 7.05   1.00    0.148    0.176   0.151   0.173

 7.06   0.00    0.196    0.173   0.065   0.027   0.023   0.025   0.039   0.016   0.000   0.000   0.000 334207100
 7.06  10.31   50.255
 7.06   1.00    0.143    0.008
 7.06   1.00    0.151   51.536
 7.06   1.00    0.147    0.199   0.151   0.196
 7.06   1.00    0.148    0.176   0.151   0.173

 7.07   0.00    0.196    0.173   0.065   0.027   0.023   0.025   0.039   0.016   0.000   0.000   0.000 334680500
 7.07  10.31   50.228
 7.07   1.00    0.143    0.008
 7.07   1.00    0.151   51.515
 7.07   1.00    0.147    0.198   0.151   0.196
 7.07   1.00    0.148    0.175   0.151   0.173

 7.08   0.00    0.195    0.173   0.065   0.027   0.023   0.025   0.039   0.016   0.000   0.000   0.000 335153900
 7.08  10.32   50.201
 7.08   1.00    0.143    0.008
 7.08   1.00    0.151   51.493
 7.08   1.00    0.147    0.198   0.151   0.195
 7.08   1.00    0.148    0.175   0.151   0.173

 7.09   0.00    0.195    0.172   0.065   0.027   0.023   0.025   0.039   0.016   0.000   0.000   0.000 335627300
 7.09  10.33   50.174
 7.09   1.00    0.143    0.008
 7.09   1.00    0.151   51.472
 7.09   1.00    0.147    0.198   0.151   0.195
 7.09   1.00    0.147    0.175   0.151   0.172

 7.10   0.00    0.195    0.172   0.065   0.027   0.023   0.025   0.039   0.016   0.000   0.000   0.000 336100700
 7.10  10.34   50.148
 7.10   1.00    0.143    0.008
 7.10   1.00    0.150   51.451
 7.10   1.00    0.147    0.197   0.150   0.195
 7.10   1.00    0.147    0.175   0.150   0.172

 7.11   0.00    0.195    0.172   0.065   0.027   0.023   0.025   0.039   0.016   0.000   0.000   0.000 336574000
 7.11  10.35   50.121
 7.11   1.00    0.143    0.008
 7.11   1.00    0.150   51.430
 7.11   1.00    0.147    0.197   0.150   0.195
 7.11   1.00    0.147    0.175   0.150   0.172

 7.12   0.00    0.194    0.172   0.065   0.027   0.023   0.025   0.039   0.016   0.000   0.000   0.000 337047400
 7.12  10.36   50.095
 7.12   1.00    0.143    0.008
 7.12   1.00    0.150   51.409
 7.12   1.00    0.147    0.197   0.150   0.194
 7.12   1.00    0.147    0.174   0.150   0.172

 7.13   0.00    0.194    0.172   0.065   0.027   0.023   0.025   0.039   0.016   0.000   0.000   0.000 337520800
 7.13  10.36   50.068
 7.13   1.00    0.143    0.008
 7.13   1.00    0.150   51.388
 7.13   1.00    0.147    0.197   0.150   0.194
 7.13   1.00    0.147    0.174   0.150   0.172

 7.14   0.00    0.194    0.171   0.065   0.027   0.023   0.025   0.039   0.016   0.000   0.000   0.000 337994200
 7.14  10.37   50.042
 7.14   1.00    0.143    0.008
 7.14   1.00    0.150   51.366
 7.14   1.00    0.147    0.196   0.150   0.194
 7.14   1.00    0.147    0.174   0.150   0.171

 7.15   0.00    0.193    0.171   0.064   0.027   0.023   0.025   0.039   0.016   0.000   0.000   0.000 338467600
 7.15  10.38   50.016
 7.15   1.00    0.142    0.008
 7.15   1.00    0.150   51.345
 7.15   1.00    0.147    0.196   0.150   0.193
 7.15   1.00    0.147    0.174   0.150   0.171

 7.16   0.00    0.193    0.171   0.064   0.027   0.023   0.025   0.039   0.016   0.000   0.000   0.000 338940900
 7.16  10.39   49.990
 7.16   1.00    0.142    0.008
 7.16   1.00    0.150   51.324
 7.16   1.00    0.147    0.196   0.150   0.193
 7.16   1.00    0.147    0.174   0.150   0.171

 7.17   0.00    0.193    0.171   0.064   0.027   0.023   0.025   0.039   0.016   0.000   0.000   0.000 339414300
 7.17  10.40   49.965
 7.17   1.00    0.142    0.008
 7.17   1.00    0.150   51.304
 7.17   1.00    0.146    0.196   0.150   0.193
 7.17   1.00    0.147    0.173   0.150   0.171

 7.18   0.00    0.193    0.171   0.064   0.027   0.023   0.025   0.039   0.016   0.000   0.000   0.000 339887700
 7.18  10.39   49.946
 7.18   1.00    0.142    0.008
 7.18   1.00    0.150   51.283
 7.18   1.00    0.146    0.195   0.150   0.193
 7.18   1.00    0.147    0.173   0.150   0.171

 7.19   0.00    0.192    0.170   0.064   0.027   0.022   0.025   0.039   0.016   0.000   0.000   0.000 340361100
 7.19  10.39   49.927
 7.19   1.00    0.142    0.007
 7.19   1.00    0.150   51.262
 7.19   1.00    0.146    0.195   0.150   0.192
 7.19   1.00    0.147    0.173   0.150   0.171

 7.20   0.00    0.192    0.170   0.064   0.027   0.022   0.025   0.039   0.016   0.000   0.000   0.000 340834500
 7.20  10.39   49.908
 7.20   1.00    0.142    0.007
 7.20   1.00    0.150   51.241
 7.20   1.00    0.146    0.195   0.150   0.192
 7.20   1.00    0.147    0.173   0.150   0.170

 7.21   0.00    0.192    0.170   0.064   0.027   0.022   0.025   0.038   0.016   0.000   0.000   0.000 341307900
 7.21  10.38   49.889
 7.21   1.00    0.142    0.007
 7.21   1.00    0.149   51.220
 7.21   1.00    0.146    0.194   0.149   0.192
 7.21   1.00    0.146    0.173   0.149   0.170

 7.22   0.00    0.192    0.170   0.064   0.027   0.022   0.025   0.038   0.016   0.000   0.000   0.000 341781200
 7.22  10.38   49.846
 7.22   1.00    0.142    0.007
 7.22   1.00    0.149   51.170
 7.22   1.00    0.146    0.194   0.149   0.192
 7.22   1.00    0.146    0.173   0.149   0.170

 7.23   0.00    0.191    0.170   0.064   0.027   0.022   0.025   0.038   0.016   0.000   0.000   0.000 342254600
 7.23  10.38   49.829
 7.23   1.00    0.142    0.007
 7.23   1.00    0.149   51.151
 7.23   1.00    0.146    0.194   0.149   0.191
 7.23   1.00    0.146    0.172   0.149   0.170

 7.24   0.00    0.191    0.170   0.064   0.027   0.022   0.025   0.038   0.016   0.000   0.000   0.000 342728000
 7.24  10.37   49.811
 7.24   1.00    0.142    0.007
 7.24   1.00    0.149   51.132
 7.24   1.00    0.146    0.194   0.149   0.191
 7.24   1.00    0.146    0.172   0.149   0.170

 7.25   0.00    0.191    0.169   0.063   0.027   0.022   0.025   0.038   0.016   0.000   0.000   0.000 343201400
 7.25  10.37   49.793
 7.25   1.00    0.142    0.007
 7.25   1.00    0.149   51.112
 7.25   1.00    0.146    0.193   0.149   0.191
 7.25   1.00    0.146    0.172   0.149   0.169

 7.26   0.00    0.191    0.169   0.063   0.027   0.022   0.025   0.038   0.016   0.000   0.000   0.000 343674800
 7.26  10.37   49.776
 7.26   1.00    0.142    0.007
 7.26   1.00    0.149   51.093
 7.26   1.00    0.146    0.193   0.149   0.191
 7.26   1.00    0.146    0.172   0.149   0.169

 7.27   0.00    0.190    0.169   0.063   0.027   0.022   0.024   0.038   0.015   0.000   0.000   0.000 344148100
 7.27  10.36   49.758
 7.27   1.00    0.142    0.007
 7.27   1.00    0.149   51.074
 7.27   1.00    0.146    0.193   0.149   0.190
 7.27   1.00    0.146    0.172   0.149   0.169

 7.28   0.00    0.190    0.169   0.063   0.027   0.022   0.024   0.038   0.015   0.000   0.000   0.000 344621500
 7.28  10.36   49.741
 7.28   1.00    0.141    0.007
 7.28   1.00    0.149   51.055
 7.28   1.00    0.146    0.193   0.149   0.190
 7.28   1.00    0.146    0.171   0.149   0.169

 7.29   0.00    0.190    0.169   0.063   0.027   0.022   0.024   0.038   0.015   0.000   0.000   0.000 345094900
 7.29  10.36   49.723
 7.29   1.00    0.141    0.007
 7.29   1.00    0.149   51.036
 7.29   1.00    0.145    0.192   0.149   0.190
 7.29   1.00    0.146    0.171   0.149   0.169

 7.30   0.00    0.189    0.168   0.063   0.027   0.022   0.024   0.038   0.015   0.000   0.000   0.000 345568300
 7.30  10.35   49.706
 7.30   1.00    0.141    0.007
 7.30   1.00    0.149   51.017
 7.30   1.00    0.145    0.192   0.149   0.190
 7.30   1.00    0.146    0.171   0.149   0.169

 7.31   0.00    0.189    0.168   0.063   0.027   0.022   0.024   0.038   0.015   0.000   0.000   0.000 346041700
 7.31  10.35   49.689
 7.31   1.00    0.141    0.007
 7.31   1.00    0.149   50.998
 7.31   1.00    0.145    0.192   0.149   0.189
 7.31   1.00    0.146    0.171   0.149   0.168

 7.32   0.00    0.189    0.168   0.063   0.027   0.022   0.024   0.038   0.015   0.000   0.000   0.000 346515100
 7.32  10.35   49.671
 7.32   1.00    0.141    0.007
 7.32   1.00    0.148   50.979
 7.32   1.00    0.145    0.192   0.148   0.189
 7.32   1.00    0.146    0.171   0.148   0.168

 7.33   0.00    0.189    0.168   0.063   0.027   0.022   0.024   0.038   0.015   0.000   0.000   0.000 346988400
 7.33  10.34   49.654
 7.33   1.00    0.141    0.007
 7.33   1.00    0.148   50.961
 7.33   1.00    0.145    0.191   0.148   0.189
 7.33   1.00    0.145    0.171   0.148   0.168

 7.34   0.00    0.188    0.168   0.063   0.027   0.022   0.024   0.038   0.015   0.000   0.000   0.000 347461800
 7.34  10.34   49.637
 7.34   1.00    0.141    0.007
 7.34   1.00    0.148   50.942
 7.34   1.00    0.145    0.191   0.148   0.188
 7.34   1.00    0.145    0.170   0.148   0.168

 7.35   0.00    0.188    0.168   0.062   0.027   0.022   0.024   0.038   0.015   0.000   0.000   0.000 347935200
 7.35  10.34   49.620
 7.35   1.00    0.141    0.007
 7.35   1.00    0.148   50.923
 7.35   1.00    0.145    0.191   0.148   0.188
 7.35   1.00    0.145    0.170   0.148   0.168

 7.36   0.00    0.188    0.167   0.062   0.027   0.022   0.024   0.038   0.015   0.000   0.000   0.000 348408600
 7.36  10.33   49.603
 7.36   1.00    0.141    0.007
 7.36   1.00    0.148   50.905
 7.36   1.00    0.145    0.191   0.148   0.188
 7.36   1.00    0.145    0.170   0.148   0.167

 7.37   0.00    0.188    0.167   0.062   0.027   0.022   0.024   0.038   0.015   0.000   0.000   0.000 348882000
 7.37  10.33   49.586
 7.37   1.00    0.141    0.007
 7.37   1.00    0.148   50.886
 7.37   1.00    0.145    0.190   0.148   0.188
 7.37   1.00    0.145    0.170   0.148   0.167

 7.38   0.00    0.187    0.167   0.062   0.027   0.021   0.024   0.038   0.015   0.000   0.000   0.000 349355300
 7.38  10.33   49.569
 7.38   1.00    0.141    0.007
 7.38   1.00    0.148   50.868
 7.38   1.00    0.145    0.190   0.148   0.187
 7.38   1.00    0.145    0.170   0.148   0.167

 7.39   0.00    0.187    0.167   0.062   0.027   0.021   0.024   0.038   0.015   0.000   0.000   0.000 349828700
 7.39  10.32   49.552
 7.39   1.00    0.141    0.007
 7.39   1.00    0.148   50.849
 7.39   1.00    0.145    0.190   0.148   0.187
 7.39   1.00    0.145    0.169   0.148   0.167

 7.40   0.00    0.187    0.167   0.062   0.027   0.021   0.024   0.038   0.015   0.000   0.000   0.000 350302100
 7.40  10.32   49.535
 7.40   1.00    0.140    0.007
 7.40   1.00    0.148   50.831
 7.40   1.00    0.144    0.190   0.148   0.187
 7.40   1.00    0.145    0.169   0.148   0.167

 7.41   0.00    0.187    0.167   0.062   0.027   0.021   0.024   0.038   0.015   0.000   0.000   0.000 350775500
 7.41  10.32   49.518
 7.41   1.00    0.140    0.007
 7.41   1.00    0.148   50.813
 7.41   1.00    0.144    0.189   0.148   0.187
 7.41   1.00    0.145    0.169   0.148   0.167

 7.42   0.00    0.186    0.166   0.062   0.027   0.021   0.024   0.038   0.015   0.000   0.000   0.000 351248900
 7.42  10.31   49.502
 7.42   1.00    0.140    0.007
 7.42   1.00    0.148   50.795
 7.42   1.00    0.144    0.189   0.148   0.186
 7.42   1.00    0.145    0.169   0.148   0.166

 7.43   0.00    0.186    0.166   0.062   0.027   0.021   0.024   0.038   0.015   0.000   0.000   0.000 351722200
 7.43  10.31   49.485
 7.43   1.00    0.140    0.007
 7.43   1.00    0.147   50.776
 7.43   1.00    0.144    0.189   0.147   0.186
 7.43   1.00    0.145    0.169   0.147   0.166

 7.44   0.00    0.186    0.166   0.062   0.027   0.021   0.024   0.038   0.015   0.000   0.000   0.000 352195600
 7.44  10.31   49.468
 7.44   1.00    0.140    0.007
 7.44   1.00    0.147   50.758
 7.44   1.00    0.144    0.189   0.147   0.186
 7.44   1.00    0.144    0.169   0.147   0.166

 7.45   0.00    0.186    0.166   0.061   0.027   0.021   0.024   0.038   0.015   0.000   0.000   0.000 352669000
 7.45  10.30   49.452
 7.45   1.00    0.140    0.007
 7.45   1.00    0.147   50.740
 7.45   1.00    0.144    0.188   0.147   0.186
 7.45   1.00    0.144    0.168   0.147   0.166

 7.46   0.00    0.185    0.166   0.061   0.027   0.021   0.024   0.038   0.015   0.000   0.000   0.000 353142400
 7.46  10.30   49.435
 7.46   1.00    0.140    0.007
 7.46   1.00    0.147   50.722
 7.46   1.00    0.144    0.188   0.147   0.185
 7.46   1.00    0.144    0.168   0.147   0.166

 7.47   0.00    0.185    0.165   0.061   0.027   0.021   0.024   0.038   0.015   0.000   0.000   0.000 353615700
 7.47  10.30   49.419
 7.47   1.00    0.140    0.007
 7.47   1.00    0.147   50.704
 7.47   1.00    0.144    0.188   0.147   0.185
 7.47   1.00    0.144    0.168   0.147   0.166

 7.48   0.00    0.185    0.165   0.061   0.027   0.021   0.024   0.038   0.015   0.000   0.000   0.000 354089200
 7.48  10.29   49.402
 7.48   1.00    0.140    0.007
 7.48   1.00    0.147   50.686
 7.48   1.00    0.144    0.187   0.147   0.185
 7.48   1.00    0.144    0.168   0.147   0.165

 7.49   0.00    0.185    0.165   0.061   0.027   0.021   0.024   0.038   0.015   0.000   0.000   0.000 354562500
 7.49  10.29   49.386
 7.49   1.00    0.140    0.007
 7.49   1.00    0.147   50.668
 7.49   1.00    0.144    0.187   0.147   0.185
 7.49   1.00    0.144    0.168   0.147   0.165

 7.50   0.00    0.184    0.165   0.061   0.027   0.021   0.024   0.037   0.015   0.000   0.000   0.000 355035900
 7.50  10.29   49.370
 7.50   1.00    0.140    0.007
 7.50   1.00    0.147   50.651
 7.50   1.00    0.144    0.187   0.147   0.184
 7.50   1.00    0.144    0.168   0.147   0.165

 7.51   0.00    0.184    0.165   0.061   0.027   0.021   0.024   0.037   0.015   0.000   0.000   0.000 355509300
 7.51  10.28   49.353
 7.51   1.00    0.139    0.007
 7.51   1.00    0.147   50.633
 7.51   1.00    0.143    0.187   0.147   0.184
 7.51   1.00    0.144    0.167   0.147   0.165

 7.52   0.00    0.184    0.165   0.061   0.027   0.021   0.024   0.037   0.015   0.000   0.000   0.000 355982700
 7.52  10.28   49.337
 7.52   1.00    0.139    0.007
 7.52   1.00    0.147   50.615
 7.52   1.00    0.143    0.186   0.147   0.184
 7.52   1.00    0.144    0.167   0.147   0.165

 7.53   0.00    0.184    0.164   0.061   0.027   0.021   0.024   0.037   0.015   0.000   0.000   0.000 356456100
 7.53  10.28   49.321
 7.53   1.00    0.139    0.007
 7.53   1.00    0.147   50.597
 7.53   1.00    0.143    0.186   0.147   0.184
 7.53   1.00    0.144    0.167   0.147   0.164

 7.54   0.00    0.183    0.164   0.061   0.026   0.021   0.023   0.037   0.015   0.000   0.000   0.000 356929400
 7.54  10.27   49.305
 7.54   1.00    0.139    0.007
 7.54   1.00    0.146   50.580
 7.54   1.00    0.143    0.186   0.146   0.183
 7.54   1.00    0.144    0.167   0.146   0.164

 7.55   0.00    0.183    0.164   0.061   0.026   0.021   0.023   0.037   0.015   0.000   0.000   0.000 357402800
 7.55  10.27   49.289
 7.55   1.00    0.139    0.007
 7.55   1.00    0.146   50.562
 7.55   1.00    0.143    0.186   0.146   0.183
 7.55   1.00    0.143    0.167   0.146   0.164

 7.56   0.00    0.183    0.164   0.060   0.026   0.021   0.023   0.037   0.015   0.000   0.000   0.000 357876200
 7.56  10.27   49.273
 7.56   1.00    0.139    0.007
 7.56   1.00    0.146   50.545
 7.56   1.00    0.143    0.185   0.146   0.183
 7.56   1.00    0.143    0.166   0.146   0.164

 7.57   0.00    0.183    0.164   0.060   0.026   0.020   0.023   0.037   0.015   0.000   0.000   0.000 358349600
 7.57  10.26   49.257
 7.57   1.00    0.139    0.007
 7.57   1.00    0.146   50.527
 7.57   1.00    0.143    0.185   0.146   0.183
 7.57   1.00    0.143    0.166   0.146   0.164

 7.58   0.00    0.182    0.163   0.060   0.026   0.020   0.023   0.037   0.015   0.000   0.000   0.000 358822900
 7.58  10.26   49.241
 7.58   1.00    0.139    0.007
 7.58   1.00    0.146   50.510
 7.58   1.00    0.143    0.185   0.146   0.182
 7.58   1.00    0.143    0.166   0.146   0.163

 7.59   0.00    0.182    0.163   0.060   0.026   0.020   0.023   0.037   0.015   0.000   0.000   0.000 359296400
 7.59  10.26   49.225
 7.59   1.00    0.139    0.007
 7.59   1.00    0.146   50.493
 7.59   1.00    0.143    0.185   0.146   0.182
 7.59   1.00    0.143    0.166   0.146   0.163

 7.60   0.00    0.182    0.163   0.060   0.026   0.020   0.023   0.037   0.015   0.000   0.000   0.000 359769700
 7.60  10.25   49.209
 7.60   1.00    0.139    0.007
 7.60   1.00    0.146   50.475
 7.60   1.00    0.143    0.185   0.146   0.182
 7.60   1.00    0.143    0.166   0.146   0.163

 7.61   0.00    0.182    0.163   0.060   0.026   0.020   0.023   0.037   0.015   0.000   0.000   0.000 360243100
 7.61  10.25   49.193
 7.61   1.00    0.139    0.007
 7.61   1.00    0.146   50.458
 7.61   1.00    0.143    0.184   0.146   0.182
 7.61   1.00    0.143    0.165   0.146   0.163

 7.62   0.00    0.181    0.163   0.060   0.026   0.020   0.023   0.037   0.015   0.000   0.000   0.000 360716500
 7.62  10.25   49.178
 7.62   1.00    0.139    0.007
 7.62   1.00    0.146   50.441
 7.62   1.00    0.143    0.184   0.146   0.182
 7.62   1.00    0.143    0.165   0.146   0.163

 7.63   0.00    0.181    0.162   0.060   0.026   0.020   0.023   0.037   0.015   0.000   0.000   0.000 361189900
 7.63  10.24   49.162
 7.63   1.00    0.138    0.007
 7.63   1.00    0.146   50.424
 7.63   1.00    0.142    0.184   0.146   0.181
 7.63   1.00    0.143    0.165   0.146   0.162

 7.64   0.00    0.181    0.162   0.060   0.026   0.020   0.023   0.037   0.015   0.000   0.000   0.000 361663200
 7.64  10.24   49.146
 7.64   1.00    0.138    0.007
 7.64   1.00    0.146   50.407
 7.64   1.00    0.142    0.184   0.146   0.181
 7.64   1.00    0.143    0.165   0.146   0.162

 7.65   0.00    0.181    0.162   0.060   0.026   0.020   0.023   0.037   0.015   0.000   0.000   0.000 362136600
 7.65  10.24   49.131
 7.65   1.00    0.138    0.007
 7.65   1.00    0.145   50.390
 7.65   1.00    0.142    0.183   0.145   0.181
 7.65   1.00    0.143    0.165   0.145   0.162

 7.66   0.00    0.181    0.162   0.060   0.026   0.020   0.023   0.037   0.015   0.000   0.000   0.000 362610000
 7.66  10.23   49.115
 7.66   1.00    0.138    0.007
 7.66   1.00    0.145   50.373
 7.66   1.00    0.142    0.183   0.145   0.181
 7.66   1.00    0.143    0.164   0.145   0.162

 7.67   0.00    0.180    0.162   0.059   0.026   0.020   0.023   0.037   0.015   0.000   0.000   0.000 363083400
 7.67  10.23   49.099
 7.67   1.00    0.138    0.007
 7.67   1.00    0.145   50.356
 7.67   1.00    0.142    0.183   0.145   0.180
 7.67   1.00    0.142    0.164   0.145   0.162

 7.68   0.00    0.180    0.161   0.059   0.026   0.020   0.023   0.037   0.015   0.000   0.000   0.000 363556800
 7.68  10.23   49.084
 7.68   1.00    0.138    0.007
 7.68   1.00    0.145   50.339
 7.68   1.00    0.142    0.183   0.145   0.180
 7.68   1.00    0.142    0.164   0.145   0.161

 7.69   0.00    0.180    0.161   0.059   0.026   0.020   0.023   0.037   0.015   0.000   0.000   0.000 364030100
 7.69  10.22   49.068
 7.69   1.00    0.138    0.007
 7.69   1.00    0.145   50.322
 7.69   1.00    0.142    0.182   0.145   0.180
 7.69   1.00    0.142    0.164   0.145   0.161

 7.70   0.00    0.180    0.161   0.059   0.026   0.020   0.023   0.037   0.014   0.000   0.000   0.000 364503500
 7.70  10.22   49.053
 7.70   1.00    0.138    0.007
 7.70   1.00    0.145   50.305
 7.70   1.00    0.142    0.182   0.145   0.180
 7.70   1.00    0.142    0.164   0.145   0.161

 7.71   0.00    0.179    0.161   0.059   0.026   0.020   0.023   0.037   0.014   0.000   0.000   0.000 364976900
 7.71  10.22   49.038
 7.71   1.00    0.138    0.007
 7.71   1.00    0.145   50.288
 7.71   1.00    0.142    0.182   0.145   0.179
 7.71   1.00    0.142    0.163   0.145   0.161

 7.72   0.00    0.179    0.161   0.059   0.026   0.020   0.023   0.037   0.014   0.000   0.000   0.000 365450300
 7.72  10.22   49.022
 7.72   1.00    0.138    0.007
 7.72   1.00    0.145   50.272
 7.72   1.00    0.142    0.182   0.145   0.179
 7.72   1.00    0.142    0.163   0.145   0.161

 7.73   0.00    0.179    0.160   0.059   0.026   0.020   0.023   0.037   0.014   0.000   0.000   0.000 365923700
 7.73  10.21   49.007
 7.73   1.00    0.138    0.007
 7.73   1.00    0.145   50.255
 7.73   1.00    0.142    0.181   0.145   0.179
 7.73   1.00    0.142    0.163   0.145   0.160

 7.74   0.00    0.179    0.160   0.059   0.026   0.020   0.023   0.037   0.014   0.000   0.000   0.000 366397100
 7.74  10.21   48.992
 7.74   1.00    0.138    0.007
 7.74   1.00    0.145   50.238
 7.74   1.00    0.141    0.181   0.145   0.179
 7.74   1.00    0.142    0.163   0.145   0.160

 7.75   0.00    0.178    0.160   0.059   0.026   0.020   0.023   0.037   0.014   0.000   0.000   0.000 366870400
 7.75  10.21   48.977
 7.75   1.00    0.137    0.007
 7.75   1.00    0.145   50.222
 7.75   1.00    0.141    0.181   0.145   0.178
 7.75   1.00    0.142    0.163   0.145   0.160

 7.76   0.00    0.178    0.160   0.059   0.026   0.020   0.023   0.037   0.014   0.000   0.000   0.000 367343800
 7.76  10.20   48.962
 7.76   1.00    0.137    0.007
 7.76   1.00    0.144   50.205
 7.76   1.00    0.141    0.181   0.144   0.178
 7.76   1.00    0.142    0.162   0.144   0.160

 7.77   0.00    0.178    0.160   0.059   0.026   0.020   0.023   0.037   0.014   0.000   0.000   0.000 367817200
 7.77  10.20   48.946
 7.77   1.00    0.137    0.007
 7.77   1.00    0.144   50.189
 7.77   1.00    0.141    0.180   0.144   0.178
 7.77   1.00    0.142    0.162   0.144   0.160

 7.78   0.00    0.178    0.159   0.058   0.026   0.019   0.023   0.037   0.014   0.000   0.000   0.000 368290600
 7.78  10.20   48.931
 7.78   1.00    0.137    0.007
 7.78   1.00    0.144   50.172
 7.78   1.00    0.141    0.180   0.144   0.178
 7.78   1.00    0.141    0.162   0.144   0.160

 7.79   0.00    0.177    0.159   0.058   0.026   0.019   0.023   0.037   0.014   0.000   0.000   0.000 368764000
 7.79  10.19   48.916
 7.79   1.00    0.137    0.007
 7.79   1.00    0.144   50.156
 7.79   1.00    0.141    0.180   0.144   0.178
 7.79   1.00    0.141    0.162   0.144   0.159

 7.80   0.00    0.177    0.159   0.058   0.026   0.019   0.023   0.037   0.014   0.000   0.000   0.000 369237300
 7.80  10.19   48.901
 7.80   1.00    0.137    0.007
 7.80   1.00    0.144   50.139
 7.80   1.00    0.141    0.180   0.144   0.177
 7.80   1.00    0.141    0.162   0.144   0.159

 7.81   0.00    0.177    0.159   0.058   0.026   0.019   0.023   0.037   0.014   0.000   0.000   0.000 369710700
 7.81  10.19   48.886
 7.81   1.00    0.137    0.007
 7.81   1.00    0.144   50.123
 7.81   1.00    0.141    0.180   0.144   0.177
 7.81   1.00    0.141    0.161   0.144   0.159

 7.82   0.00    0.177    0.159   0.058   0.026   0.019   0.022   0.036   0.014   0.000   0.000   0.000 370184100
 7.82  10.18   48.872
 7.82   1.00    0.137    0.007
 7.82   1.00    0.144   50.107
 7.82   1.00    0.141    0.179   0.144   0.177
 7.82   1.00    0.141    0.161   0.144   0.159

 7.83   0.00    0.177    0.159   0.058   0.026   0.019   0.022   0.036   0.014   0.000   0.000   0.000 370657500
 7.83  10.18   48.857
 7.83   1.00    0.137    0.007
 7.83   1.00    0.144   50.091
 7.83   1.00    0.141    0.179   0.144   0.177
 7.83   1.00    0.141    0.161   0.144   0.159

 7.84   0.00    0.176    0.158   0.058   0.026   0.019   0.022   0.036   0.014   0.000   0.000   0.000 371130900
 7.84  10.18   48.842
 7.84   1.00    0.137    0.007
 7.84   1.00    0.144   50.074
 7.84   1.00    0.141    0.179   0.144   0.176
 7.84   1.00    0.141    0.161   0.144   0.158

 7.85   0.00    0.176    0.158   0.058   0.026   0.019   0.022   0.036   0.014   0.000   0.000   0.000 371604300
 7.85  10.17   48.827
 7.85   1.00    0.137    0.007
 7.85   1.00    0.144   50.058
 7.85   1.00    0.141    0.179   0.144   0.176
 7.85   1.00    0.141    0.161   0.144   0.158

 7.86   0.00    0.176    0.158   0.058   0.026   0.019   0.022   0.036   0.014   0.000   0.000   0.000 372077600
 7.86  10.17   48.812
 7.86   1.00    0.137    0.007
 7.86   1.00    0.144   50.042
 7.86   1.00    0.140    0.178   0.144   0.176
 7.86   1.00    0.141    0.161   0.144   0.158

 7.87   0.00    0.176    0.158   0.058   0.026   0.019   0.022   0.036   0.014   0.000   0.000   0.000 372551000
 7.87  10.17   48.798
 7.87   1.00    0.136    0.007
 7.87   1.00    0.143   50.026
 7.87   1.00    0.140    0.178   0.143   0.176
 7.87   1.00    0.141    0.160   0.143   0.158

 7.88   0.00    0.175    0.158   0.058   0.026   0.019   0.022   0.036   0.014   0.000   0.000   0.000 373024400
 7.88  10.17   48.783
 7.88   1.00    0.136    0.007
 7.88   1.00    0.143   50.010
 7.88   1.00    0.140    0.178   0.143   0.175
 7.88   1.00    0.141    0.160   0.143   0.158

 7.89   0.00    0.175    0.157   0.057   0.026   0.019   0.022   0.036   0.014   0.000   0.000   0.000 373497800
 7.89  10.16   48.768
 7.89   1.00    0.136    0.007
 7.89   1.00    0.143   49.994
 7.89   1.00    0.140    0.178   0.143   0.175
 7.89   1.00    0.140    0.160   0.143   0.158

 7.90   0.00    0.175    0.157   0.057   0.026   0.019   0.022   0.036   0.014   0.000   0.000   0.000 373971200
 7.90  10.16   48.754
 7.90   1.00    0.136    0.007
 7.90   1.00    0.143   49.978
 7.90   1.00    0.140    0.178   0.143   0.175
 7.90   1.00    0.140    0.160   0.143   0.157

 7.91   0.00    0.175    0.157   0.057   0.026   0.019   0.022   0.036   0.014   0.000   0.000   0.000 374444500
 7.91  10.16   48.739
 7.91   1.00    0.136    0.007
 7.91   1.00    0.143   49.962
 7.91   1.00    0.140    0.177   0.143   0.175
 7.91   1.00    0.140    0.160   0.143   0.157

 7.92   0.00    0.175    0.157   0.057   0.026   0.019   0.022   0.036   0.014   0.000   0.000   0.000 374917900
 7.92  10.15   48.725
 7.92   1.00    0.136    0.007
 7.92   1.00    0.143   49.946
 7.92   1.00    0.140    0.177   0.143   0.175
 7.92   1.00    0.140    0.159   0.143   0.157

 7.93   0.00    0.174    0.157   0.057   0.026   0.019   0.022   0.036   0.014   0.000   0.000   0.000 375391300
 7.93  10.15   48.710
 7.93   1.00    0.136    0.007
 7.93   1.00    0.143   49.931
 7.93   1.00    0.140    0.177   0.143   0.174
 7.93   1.00    0.140    0.159   0.143   0.157

 7.94   0.00    0.174    0.157   0.057   0.026   0.019   0.022   0.036   0.014   0.000   0.000   0.000 375864700
 7.94  10.15   48.696
 7.94   1.00    0.136    0.007
 7.94   1.00    0.143   49.915
 7.94   1.00    0.140    0.177   0.143   0.174
 7.94   1.00    0.140    0.159   0.143   0.157

 7.95   0.00    0.174    0.156   0.057   0.026   0.019   0.022   0.036   0.014   0.000   0.000   0.000 376338000
 7.95  10.14   48.682
 7.95   1.00    0.136    0.007
 7.95   1.00    0.143   49.899
 7.95   1.00    0.140    0.176   0.143   0.174
 7.95   1.00    0.140    0.159   0.143   0.156

 7.96   0.00    0.174    0.156   0.057   0.026   0.019   0.022   0.036   0.014   0.000   0.000   0.000 376811500
 7.96  10.14   48.667
 7.96   1.00    0.136    0.007
 7.96   1.00    0.143   49.883
 7.96   1.00    0.140    0.176   0.143   0.174
 7.96   1.00    0.140    0.159   0.143   0.156

 7.97   0.00    0.173    0.156   0.057   0.026   0.019   0.022   0.036   0.014   0.000   0.000   0.000 377284800
 7.97  10.14   48.653
 7.97   1.00    0.136    0.007
 7.97   1.00    0.143   49.868
 7.97   1.00    0.139    0.176   0.143   0.173
 7.97   1.00    0.140    0.159   0.143   0.156

 7.98   0.00    0.173    0.156   0.057   0.026   0.019   0.022   0.036   0.014   0.000   0.000   0.000 377758200
 7.98  10.13   48.639
 7.98   1.00    0.136    0.007
 7.98   1.00    0.142   49.852
 7.98   1.00    0.139    0.176   0.142   0.173
 7.98   1.00    0.140    0.158   0.142   0.156

 7.99   0.00    0.173    0.156   0.057   0.026   0.019   0.022   0.036   0.014   0.000   0.000   0.000 378231600
 7.99  10.13   48.624
 7.99   1.00    0.135    0.007
 7.99   1.00    0.142   49.836
 7.99   1.00    0.139    0.176   0.142   0.173
 7.99   1.00    0.140    0.158   0.142   0.156

 8.00   0.00    0.173    0.155   0.057   0.026   0.019   0.022   0.036   0.014   0.000   0.000   0.000 378705000
 8.00  10.13   48.610
 8.00   1.00    0.135    0.007
 8.00   1.00    0.142   49.821
 8.00   1.00    0.139    0.175   0.142   0.173
 8.00   1.00    0.140    0.158   0.142   0.156

 8.01   0.00    0.173    0.155   0.056   0.026   0.018   0.022   0.036   0.014   0.000   0.000   0.000 379178400
 8.01  10.13   48.596
 8.01   1.00    0.135    0.007
 8.01   1.00    0.142   49.805
 8.01   1.00    0.139    0.175   0.142   0.173
 8.01   1.00    0.139    0.158   0.142   0.155

 8.02   0.00    0.172    0.155   0.056   0.026   0.018   0.022   0.036   0.014   0.000   0.000   0.000 379651700
 8.02  10.12   48.582
 8.02   1.00    0.135    0.007
 8.02   1.00    0.142   49.790
 8.02   1.00    0.139    0.175   0.142   0.172
 8.02   1.00    0.139    0.158   0.142   0.155

 8.03   0.00    0.172    0.155   0.056   0.026   0.018   0.022   0.036   0.014   0.000   0.000   0.000 380125100
 8.03  10.12   48.568
 8.03   1.00    0.135    0.007
 8.03   1.00    0.142   49.775
 8.03   1.00    0.139    0.175   0.142   0.172
 8.03   1.00    0.139    0.157   0.142   0.155

 8.04   0.00    0.172    0.155   0.056   0.026   0.018   0.022   0.036   0.014   0.000   0.000   0.000 380598500
 8.04  10.12   48.554
 8.04   1.00    0.135    0.007
 8.04   1.00    0.142   49.759
 8.04   1.00    0.139    0.174   0.142   0.172
 8.04   1.00    0.139    0.157   0.142   0.155

 8.05   0.00    0.172    0.155   0.056   0.026   0.018   0.022   0.036   0.014   0.000   0.000   0.000 381071900
 8.05  10.11   48.540
 8.05   1.00    0.135    0.007
 8.05   1.00    0.142   49.744
 8.05   1.00    0.139    0.174   0.142   0.172
 8.05   1.00    0.139    0.157   0.142   0.155

 8.06   0.00    0.171    0.154   0.056   0.026   0.018   0.022   0.036   0.014   0.000   0.000   0.000 381545300
 8.06  10.11   48.526
 8.06   1.00    0.135    0.007
 8.06   1.00    0.142   49.729
 8.06   1.00    0.139    0.174   0.142   0.172
 8.06   1.00    0.139    0.157   0.142   0.154

 8.07   0.00    0.171    0.154   0.056   0.026   0.018   0.022   0.036   0.014   0.000   0.000   0.000 382018600
 8.07  10.11   48.512
 8.07   1.00    0.135    0.007
 8.07   1.00    0.142   49.713
 8.07   1.00    0.139    0.174   0.142   0.171
 8.07   1.00    0.139    0.157   0.142   0.154

 8.08   0.00    0.171    0.154   0.056   0.026   0.018   0.022   0.036   0.014   0.000   0.000   0.000 382492000
 8.08  10.10   48.498
 8.08   1.00    0.135    0.007
 8.08   1.00    0.142   49.698
 8.08   1.00    0.139    0.174   0.142   0.171
 8.08   1.00    0.139    0.157   0.142   0.154

 8.09   0.00    0.171    0.154   0.056   0.026   0.018   0.022   0.036   0.014   0.000   0.000   0.000 382965400
 8.09  10.10   48.484
 8.09   1.00    0.135    0.007
 8.09   1.00    0.141   49.683
 8.09   1.00    0.138    0.173   0.141   0.171
 8.09   1.00    0.139    0.156   0.141   0.154

 8.10   0.00    0.171    0.154   0.056   0.026   0.018   0.022   0.036   0.014   0.000   0.000   0.000 383438800
 8.10  10.10   48.470
 8.10   1.00    0.135    0.007
 8.10   1.00    0.141   49.668
 8.10   1.00    0.138    0.173   0.141   0.171
 8.10   1.00    0.139    0.156   0.141   0.154

 8.11   0.00    0.170    0.154   0.056   0.026   0.018   0.022   0.036   0.014   0.000   0.000   0.000 383912200
 8.11  10.10   48.457
 8.11   1.00    0.135    0.007
 8.11   1.00    0.141   49.653
 8.11   1.00    0.138    0.173   0.141   0.170
 8.11   1.00    0.139    0.156   0.141   0.154

 8.12   0.00    0.170    0.153   0.056   0.026   0.018   0.022   0.036   0.014   0.000   0.000   0.000 384385500
 8.12  10.09   48.443
 8.12   1.00    0.134    0.007
 8.12   1.00    0.141   49.638
 8.12   1.00    0.138    0.173   0.141   0.170
 8.12   1.00    0.138    0.156   0.141   0.153

 8.13   0.00    0.170    0.153   0.056   0.026   0.018   0.021   0.036   0.014   0.000   0.000   0.000 384858900
 8.13  10.09   48.429
 8.13   1.00    0.134    0.007
 8.13   1.00    0.141   49.622
 8.13   1.00    0.138    0.173   0.141   0.170
 8.13   1.00    0.138    0.156   0.141   0.153

 8.14   0.00    0.170    0.153   0.055   0.026   0.018   0.021   0.036   0.014   0.000   0.000   0.000 385332300
 8.14  10.09   48.416
 8.14   1.00    0.134    0.007
 8.14   1.00    0.141   49.607
 8.14   1.00    0.138    0.172   0.141   0.170
 8.14   1.00    0.138    0.156   0.141   0.153

 8.15   0.00    0.170    0.153   0.055   0.026   0.018   0.021   0.036   0.014   0.000   0.000   0.000 385805700
 8.15  10.08   48.402
 8.15   1.00    0.134    0.007
 8.15   1.00    0.141   49.592
 8.15   1.00    0.138    0.172   0.141   0.170
 8.15   1.00    0.138    0.155   0.141   0.153

 8.16   0.00    0.169    0.153   0.055   0.026   0.018   0.021   0.035   0.014   0.000   0.000   0.000 386279100
 8.16  10.08   48.388
 8.16   1.00    0.134    0.007
 8.16   1.00    0.141   49.578
 8.16   1.00    0.138    0.172   0.141   0.169
 8.16   1.00    0.138    0.155   0.141   0.153

 8.17   0.00    0.169    0.153   0.055   0.026   0.018   0.021   0.035   0.014   0.000   0.000   0.000 386752400
 8.17  10.08   48.375
 8.17   1.00    0.134    0.007
 8.17   1.00    0.141   49.563
 8.17   1.00    0.138    0.172   0.141   0.169
 8.17   1.00    0.138    0.155   0.141   0.153

 8.18   0.00    0.169    0.152   0.055   0.026   0.018   0.021   0.035   0.014   0.000   0.000   0.000 387225900
 8.18  10.08   48.361
 8.18   1.00    0.134    0.007
 8.18   1.00    0.141   49.548
 8.18   1.00    0.138    0.171   0.141   0.169
 8.18   1.00    0.138    0.155   0.141   0.152

 8.19   0.00    0.169    0.152   0.055   0.026   0.018   0.021   0.035   0.013   0.000   0.000   0.000 387699200
 8.19  10.07   48.348
 8.19   1.00    0.134    0.007
 8.19   1.00    0.141   49.533
 8.19   1.00    0.138    0.171   0.141   0.169
 8.19   1.00    0.138    0.155   0.141   0.152

 8.20   0.00    0.169    0.152   0.055   0.026   0.018   0.021   0.035   0.013   0.000   0.000   0.000 388172600
 8.20  10.07   48.334
 8.20   1.00    0.134    0.007
 8.20   1.00    0.140   49.518
 8.20   1.00    0.138    0.171   0.140   0.169
 8.20   1.00    0.138    0.155   0.140   0.152

 8.21   0.00    0.168    0.152   0.055   0.026   0.018   0.021   0.035   0.013   0.000   0.000   0.000 388646000
 8.21  10.07   48.321
 8.21   1.00    0.134    0.007
 8.21   1.00    0.140   49.503
 8.21   1.00    0.137    0.171   0.140   0.168
 8.21   1.00    0.138    0.154   0.140   0.152

 8.22   0.00    0.168    0.152   0.055   0.026   0.018   0.021   0.035   0.013   0.000   0.000   0.000 389119400
 8.22  10.06   48.307
 8.22   1.00    0.134    0.007
 8.22   1.00    0.140   49.489
 8.22   1.00    0.137    0.171   0.140   0.168
 8.22   1.00    0.138    0.154   0.140   0.152

 8.23   0.00    0.168    0.152   0.055   0.026   0.018   0.021   0.035   0.013   0.000   0.000   0.000 389592700
 8.23  10.06   48.294
 8.23   1.00    0.134    0.007
 8.23   1.00    0.140   49.474
 8.23   1.00    0.137    0.170   0.140   0.168
 8.23   1.00    0.138    0.154   0.140   0.152

 8.24   0.00    0.168    0.151   0.055   0.026   0.018   0.021   0.035   0.013   0.000   0.000   0.000 390066100
 8.24  10.06   48.281
 8.24   1.00    0.133    0.007
 8.24   1.00    0.140   49.459
 8.24   1.00    0.137    0.170   0.140   0.168
 8.24   1.00    0.137    0.154   0.140   0.151

 8.25   0.00    0.168    0.151   0.055   0.026   0.017   0.021   0.035   0.013   0.000   0.000   0.000 390539500
 8.25  10.06   48.267
 8.25   1.00    0.133    0.007
 8.25   1.00    0.140   49.445
 8.25   1.00    0.137    0.170   0.140   0.168
 8.25   1.00    0.137    0.154   0.140   0.151

 8.26   0.00    0.167    0.151   0.054   0.026   0.017   0.021   0.035   0.013   0.000   0.000   0.000 391012900
 8.26  10.05   48.254
 8.26   1.00    0.133    0.007
 8.26   1.00    0.140   49.430
 8.26   1.00    0.137    0.170   0.140   0.167
 8.26   1.00    0.137    0.154   0.140   0.151

 8.27   0.00    0.167    0.151   0.054   0.026   0.017   0.021   0.035   0.013   0.000   0.000   0.000 391486300
 8.27  10.05   48.241
 8.27   1.00    0.133    0.007
 8.27   1.00    0.140   49.416
 8.27   1.00    0.137    0.170   0.140   0.167
 8.27   1.00    0.137    0.153   0.140   0.151

 8.28   0.00    0.167    0.151   0.054   0.026   0.017   0.021   0.035   0.013   0.000   0.000   0.000 391959600
 8.28  10.05   48.228
 8.28   1.00    0.133    0.007
 8.28   1.00    0.140   49.401
 8.28   1.00    0.137    0.169   0.140   0.167
 8.28   1.00    0.137    0.153   0.140   0.151

 8.29   0.00    0.167    0.151   0.054   0.026   0.017   0.021   0.035   0.013   0.000   0.000   0.000 392433000
 8.29  10.04   48.215
 8.29   1.00    0.133    0.007
 8.29   1.00    0.140   49.387
 8.29   1.00    0.137    0.169   0.140   0.167
 8.29   1.00    0.137    0.153   0.140   0.151

 8.30   0.00    0.167    0.150   0.054   0.026   0.017   0.021   0.035   0.013   0.000   0.000   0.000 392906400
 8.30  10.04   48.201
 8.30   1.00    0.133    0.007
 8.30   1.00    0.140   49.372
 8.30   1.00    0.137    0.169   0.140   0.167
 8.30   1.00    0.137    0.153   0.140   0.150

 8.31   0.00    0.166    0.150   0.054   0.026   0.017   0.021   0.035   0.013   0.000   0.000   0.000 393379800
 8.31  10.04   48.188
 8.31   1.00    0.133    0.007
 8.31   1.00    0.139   49.358
 8.31   1.00    0.137    0.169   0.139   0.166
 8.31   1.00    0.137    0.153   0.139   0.150

 8.32   0.00    0.166    0.150   0.054   0.026   0.017   0.021   0.035   0.013   0.000   0.000   0.000 393853200
 8.32  10.04   48.175
 8.32   1.00    0.133    0.007
 8.32   1.00    0.139   49.343
 8.32   1.00    0.136    0.169   0.139   0.166
 8.32   1.00    0.137    0.153   0.139   0.150

 8.33   0.00    0.166    0.150   0.054   0.026   0.017   0.021   0.035   0.013   0.000   0.000   0.000 394326600
 8.33  10.03   48.162
 8.33   1.00    0.133    0.007
 8.33   1.00    0.139   49.329
 8.33   1.00    0.136    0.168   0.139   0.166
 8.33   1.00    0.137    0.152   0.139   0.150

 8.34   0.00    0.166    0.150   0.054   0.026   0.017   0.021   0.035   0.013   0.000   0.000   0.000 394799900
 8.34  10.03   48.149
 8.34   1.00    0.133    0.007
 8.34   1.00    0.139   49.315
 8.34   1.00    0.136    0.168   0.139   0.166
 8.34   1.00    0.137    0.152   0.139   0.150

 8.35   0.00    0.166    0.150   0.054   0.026   0.017   0.021   0.035   0.013   0.000   0.000   0.000 395273300
 8.35  10.03   48.136
 8.35   1.00    0.133    0.007
 8.35   1.00    0.139   49.300
 8.35   1.00    0.136    0.168   0.139   0.166
 8.35   1.00    0.137    0.152   0.139   0.150

 8.36   0.00    0.165    0.149   0.054   0.026   0.017   0.021   0.035   0.013   0.000   0.000   0.000 395746700
 8.36  10.02   48.123
 8.36   1.00    0.132    0.007
 8.36   1.00    0.139   49.286
 8.36   1.00    0.136    0.168   0.139   0.165
 8.36   1.00    0.136    0.152   0.139   0.149

 8.37   0.00    0.165    0.149   0.054   0.026   0.017   0.021   0.035   0.013   0.000   0.000   0.000 396220100
 8.37  10.02   48.110
 8.37   1.00    0.132    0.007
 8.37   1.00    0.139   49.272
 8.37   1.00    0.136    0.168   0.139   0.165
 8.37   1.00    0.136    0.152   0.139   0.149

 8.38   0.00    0.165    0.149   0.054   0.026   0.017   0.021   0.035   0.013   0.000   0.000   0.000 396693500
 8.38  10.02   48.097
 8.38   1.00    0.132    0.007
 8.38   1.00    0.139   49.258
 8.38   1.00    0.136    0.167   0.139   0.165
 8.38   1.00    0.136    0.152   0.139   0.149

 8.39   0.00    0.165    0.149   0.053   0.026   0.017   0.021   0.035   0.013   0.000   0.000   0.000 397166800
 8.39  10.02   48.085
 8.39   1.00    0.132    0.007
 8.39   1.00    0.139   49.244
 8.39   1.00    0.136    0.167   0.139   0.165
 8.39   1.00    0.136    0.151   0.139   0.149

 8.40   0.00    0.165    0.149   0.053   0.026   0.017   0.021   0.035   0.013   0.000   0.000   0.000 397640200
 8.40  10.01   48.072
 8.40   1.00    0.132    0.007
 8.40   1.00    0.139   49.230
 8.40   1.00    0.136    0.167   0.139   0.165
 8.40   1.00    0.136    0.151   0.139   0.149

 8.41   0.00    0.164    0.149   0.053   0.026   0.017   0.021   0.035   0.013   0.000   0.000   0.000 398113600
 8.41  10.01   48.059
 8.41   1.00    0.132    0.007
 8.41   1.00    0.139   49.215
 8.41   1.00    0.136    0.167   0.139   0.164
 8.41   1.00    0.136    0.151   0.139   0.149

 8.42   0.00    0.164    0.148   0.053   0.026   0.017   0.021   0.035   0.013   0.000   0.000   0.000 398587000
 8.42  10.01   48.046
 8.42   1.00    0.132    0.007
 8.42   1.00    0.139   49.201
 8.42   1.00    0.136    0.167   0.139   0.164
 8.42   1.00    0.136    0.151   0.139   0.148

 8.43   0.00    0.164    0.148   0.053   0.026   0.017   0.021   0.035   0.013   0.000   0.000   0.000 399060400
 8.43  10.01   48.034
 8.43   1.00    0.132    0.007
 8.43   1.00    0.138   49.187
 8.43   1.00    0.136    0.166   0.138   0.164
 8.43   1.00    0.136    0.151   0.138   0.148

 8.44   0.00    0.164    0.148   0.053   0.026   0.017   0.021   0.035   0.013   0.000   0.000   0.000 399533700
 8.44  10.00   48.021
 8.44   1.00    0.132    0.006
 8.44   1.00    0.138   49.173
 8.44   1.00    0.135    0.166   0.138   0.164
 8.44   1.00    0.136    0.151   0.138   0.148

 8.45   0.00    0.164    0.148   0.053   0.026   0.017   0.021   0.035   0.013   0.000   0.000   0.000 400007100
 8.45  10.00   48.008
 8.45   1.00    0.132    0.006
 8.45   1.00    0.138   49.159
 8.45   1.00    0.135    0.166   0.138   0.164
 8.45   1.00    0.136    0.150   0.138   0.148

 8.46   0.00    0.163    0.148   0.053   0.026   0.017   0.021   0.035   0.013   0.000   0.000   0.000 400480500
 8.46  10.00   47.996
 8.46   1.00    0.132    0.006
 8.46   1.00    0.138   49.146
 8.46   1.00    0.135    0.166   0.138   0.163
 8.46   1.00    0.136    0.150   0.138   0.148

 8.47   0.00    0.163    0.148   0.053   0.026   0.017   0.020   0.035   0.013   0.000   0.000   0.000 400953900
 8.47   9.99   47.983
 8.47   1.00    0.132    0.006
 8.47   1.00    0.138   49.132
 8.47   1.00    0.135    0.166   0.138   0.163
 8.47   1.00    0.135    0.150   0.138   0.148

 8.48   0.00    0.163    0.147   0.053   0.026   0.017   0.020   0.035   0.013   0.000   0.000   0.000 401427300
 8.48   9.99   47.970
 8.48   1.00    0.132    0.006
 8.48   1.00    0.138   49.118
 8.48   1.00    0.135    0.165   0.138   0.163
 8.48   1.00    0.135    0.150   0.138   0.148

 8.49   0.00    0.163    0.147   0.053   0.026   0.017   0.020   0.035   0.013   0.000   0.000   0.000 401900600
 8.49   9.99   47.958
 8.49   1.00    0.131    0.006
 8.49   1.00    0.138   49.104
 8.49   1.00    0.135    0.165   0.138   0.163
 8.49   1.00    0.135    0.150   0.138   0.147

 8.50   0.00    0.163    0.147   0.053   0.026   0.017   0.020   0.035   0.013   0.000   0.000   0.000 402374000
 8.50   9.99   47.945
 8.50   1.00    0.131    0.006
 8.50   1.00    0.138   49.090
 8.50   1.00    0.135    0.165   0.138   0.163
 8.50   1.00    0.135    0.150   0.138   0.147

 8.51   0.00    0.162    0.147   0.053   0.026   0.017   0.020   0.035   0.013   0.000   0.000   0.000 402847400
 8.51   9.98   47.933
 8.51   1.00    0.131    0.006
 8.51   1.00    0.138   49.076
 8.51   1.00    0.135    0.165   0.138   0.162
 8.51   1.00    0.135    0.149   0.138   0.147

 8.52   0.00    0.162    0.147   0.053   0.026   0.016   0.020   0.035   0.013   0.000   0.000   0.000 403320800
 8.52   9.98   47.920
 8.52   1.00    0.131    0.006
 8.52   1.00    0.138   49.063
 8.52   1.00    0.135    0.165   0.138   0.162
 8.52   1.00    0.135    0.149   0.138   0.147

 8.53   0.00    0.162    0.147   0.052   0.026   0.016   0.020   0.035   0.013   0.000   0.000   0.000 403794200
 8.53   9.98   47.908
 8.53   1.00    0.131    0.006
 8.53   1.00    0.138   49.049
 8.53   1.00    0.135    0.164   0.138   0.162
 8.53   1.00    0.135    0.149   0.138   0.147

 8.54   0.00    0.162    0.147   0.052   0.025   0.016   0.020   0.034   0.013   0.000   0.000   0.000 404267600
 8.54   9.98   47.896
 8.54   1.00    0.131    0.006
 8.54   1.00    0.137   49.035
 8.54   1.00    0.135    0.164   0.137   0.162
 8.54   1.00    0.135    0.149   0.137   0.147

 8.55   0.00    0.162    0.146   0.052   0.025   0.016   0.020   0.034   0.013   0.000   0.000   0.000 404741000
 8.55   9.97   47.883
 8.55   1.00    0.131    0.006
 8.55   1.00    0.137   49.022
 8.55   1.00    0.135    0.164   0.137   0.162
 8.55   1.00    0.135    0.149   0.137   0.146

 8.56   0.00    0.162    0.146   0.052   0.025   0.016   0.020   0.034   0.013   0.000   0.000   0.000 405214300
 8.56   9.97   47.871
 8.56   1.00    0.131    0.006
 8.56   1.00    0.137   49.008
 8.56   1.00    0.134    0.164   0.137   0.162
 8.56   1.00    0.135    0.149   0.137   0.146

 8.57   0.00    0.161    0.146   0.052   0.025   0.016   0.020   0.034   0.013   0.000   0.000   0.000 405687700
 8.57   9.97   47.859
 8.57   1.00    0.131    0.006
 8.57   1.00    0.137   48.994
 8.57   1.00    0.134    0.164   0.137   0.161
 8.57   1.00    0.135    0.149   0.137   0.146

 8.58   0.00    0.161    0.146   0.052   0.025   0.016   0.020   0.034   0.013   0.000   0.000   0.000 406161100
 8.58   9.97   47.846
 8.58   1.00    0.131    0.006
 8.58   1.00    0.137   48.981
 8.58   1.00    0.134    0.164   0.137   0.161
 8.58   1.00    0.135    0.148   0.137   0.146

 8.59   0.00    0.161    0.146   0.052   0.025   0.016   0.020   0.034   0.013   0.000   0.000   0.000 406634500
 8.59   9.96   47.834
 8.59   1.00    0.131    0.006
 8.59   1.00    0.137   48.967
 8.59   1.00    0.134    0.163   0.137   0.161
 8.59   1.00    0.134    0.148   0.137   0.146

 8.60   0.00    0.161    0.146   0.052   0.025   0.016   0.020   0.034   0.013   0.000   0.000   0.000 407107900
 8.60   9.96   47.822
 8.60   1.00    0.131    0.006
 8.60   1.00    0.137   48.954
 8.60   1.00    0.134    0.163   0.137   0.161
 8.60   1.00    0.134    0.148   0.137   0.146

 8.61   0.00    0.161    0.145   0.052   0.025   0.016   0.020   0.034   0.013   0.000   0.000   0.000 407581200
 8.61   9.95   47.811
 8.61   1.00    0.130    0.006
 8.61   1.00    0.137   48.940
 8.61   1.00    0.134    0.163   0.137   0.161
 8.61   1.00    0.134    0.148   0.137   0.146

 8.62   0.00    0.160    0.145   0.052   0.025   0.016   0.020   0.034   0.013   0.000   0.000   0.000 408054600
 8.62   9.95   47.800
 8.62   1.00    0.130    0.006
 8.62   1.00    0.137   48.927
 8.62   1.00    0.134    0.163   0.137   0.160
 8.62   1.00    0.134    0.148   0.137   0.145

 8.63   0.00    0.160    0.145   0.052   0.025   0.016   0.020   0.034   0.013   0.000   0.000   0.000 408528000
 8.63   9.94   47.789
 8.63   1.00    0.130    0.006
 8.63   1.00    0.137   48.913
 8.63   1.00    0.134    0.163   0.137   0.160
 8.63   1.00    0.134    0.148   0.137   0.145

 8.64   0.00    0.160    0.145   0.052   0.025   0.016   0.020   0.034   0.013   0.000   0.000   0.000 409001400
 8.64   9.94   47.777
 8.64   1.00    0.130    0.006
 8.64   1.00    0.137   48.900
 8.64   1.00    0.134    0.162   0.137   0.160
 8.64   1.00    0.134    0.147   0.137   0.145

 8.65   0.00    0.160    0.145   0.052   0.025   0.016   0.020   0.034   0.013   0.000   0.000   0.000 409474700
 8.65   9.94   47.766
 8.65   1.00    0.130    0.006
 8.65   1.00    0.137   48.887
 8.65   1.00    0.134    0.162   0.137   0.160
 8.65   1.00    0.134    0.147   0.137   0.145

 8.66   0.00    0.160    0.145   0.052   0.025   0.016   0.020   0.034   0.013   0.000   0.000   0.000 409948100
 8.66   9.93   47.755
 8.66   1.00    0.130    0.006
 8.66   1.00    0.136   48.873
 8.66   1.00    0.134    0.162   0.136   0.160
 8.66   1.00    0.134    0.147   0.136   0.145

 8.67   0.00    0.159    0.145   0.051   0.025   0.016   0.020   0.034   0.013   0.000   0.000   0.000 410421500
 8.67   9.93   47.744
 8.67   1.00    0.130    0.006
 8.67   1.00    0.136   48.860
 8.67   1.00    0.134    0.162   0.136   0.160
 8.67   1.00    0.134    0.147   0.136   0.145

 8.68   0.00    0.159    0.144   0.051   0.025   0.016   0.020   0.034   0.013   0.000   0.000   0.000 410894900
 8.68   9.92   47.732
 8.68   1.00    0.130    0.006
 8.68   1.00    0.136   48.847
 8.68   1.00    0.133    0.162   0.136   0.159
 8.68   1.00    0.134    0.147   0.136   0.144

 8.69   0.00    0.159    0.144   0.051   0.025   0.016   0.020   0.034   0.013   0.000   0.000   0.000 411368300
 8.69   9.92   47.721
 8.69   1.00    0.130    0.006
 8.69   1.00    0.136   48.833
 8.69   1.00    0.133    0.162   0.136   0.159
 8.69   1.00    0.134    0.147   0.136   0.144

 8.70   0.00    0.159    0.144   0.051   0.025   0.016   0.020   0.034   0.013   0.000   0.000   0.000 411841700
 8.70   9.91   47.710
 8.70   1.00    0.130    0.006
 8.70   1.00    0.136   48.820
 8.70   1.00    0.133    0.161   0.136   0.159
 8.70   1.00    0.134    0.147   0.136   0.144

 8.71   0.00    0.159    0.144   0.051   0.025   0.016   0.020   0.034   0.013   0.000   0.000   0.000 412315000
 8.71   9.91   47.699
 8.71   1.00    0.130    0.006
 8.71   1.00    0.136   48.807
 8.71   1.00    0.133    0.161   0.136   0.159
 8.71   1.00    0.133    0.146   0.136   0.144

 8.72   0.00    0.159    0.144   0.051   0.025   0.016   0.020   0.034   0.013   0.000   0.000   0.000 412788400
 8.72   9.90   47.688
 8.72   1.00    0.130    0.006
 8.72   1.00    0.136   48.794
 8.72   1.00    0.133    0.161   0.136   0.159
 8.72   1.00    0.133    0.146   0.136   0.144

 8.73   0.00    0.158    0.144   0.051   0.025   0.016   0.020   0.034   0.013   0.000   0.000   0.000 413261800
 8.73   9.90   47.677
 8.73   1.00    0.130    0.006
 8.73   1.00    0.136   48.781
 8.73   1.00    0.133    0.161   0.136   0.158
 8.73   1.00    0.133    0.146   0.136   0.144

 8.74   0.00    0.158    0.144   0.051   0.025   0.016   0.020   0.034   0.012   0.000   0.000   0.000 413735200
 8.74   9.90   47.666
 8.74   1.00    0.129    0.006
 8.74   1.00    0.136   48.767
 8.74   1.00    0.133    0.161   0.136   0.158
 8.74   1.00    0.133    0.146   0.136   0.144

 8.75   0.00    0.158    0.143   0.051   0.025   0.016   0.020   0.034   0.012   0.000   0.000   0.000 414208600
 8.75   9.89   47.655
 8.75   1.00    0.129    0.006
 8.75   1.00    0.136   48.754
 8.75   1.00    0.133    0.160   0.136   0.158
 8.75   1.00    0.133    0.146   0.136   0.143

 8.76   0.00    0.158    0.143   0.051   0.025   0.016   0.020   0.034   0.012   0.000   0.000   0.000 414682000
 8.76   9.89   47.644
 8.76   1.00    0.129    0.006
 8.76   1.00    0.136   48.741
 8.76   1.00    0.133    0.160   0.136   0.158
 8.76   1.00    0.133    0.146   0.136   0.143

 8.77   0.00    0.158    0.143   0.051   0.025   0.016   0.020   0.034   0.012   0.000   0.000   0.000 415155400
 8.77   9.88   47.633
 8.77   1.00    0.129    0.006
 8.77   1.00    0.135   48.728
 8.77   1.00    0.133    0.160   0.135   0.158
 8.77   1.00    0.133    0.145   0.135   0.143

 8.78   0.00    0.158    0.143   0.051   0.025   0.016   0.020   0.034   0.012   0.000   0.000   0.000 415628700
 8.78   9.88   47.622
 8.78   1.00    0.129    0.006
 8.78   1.00    0.135   48.715
 8.78   1.00    0.133    0.160   0.135   0.158
 8.78   1.00    0.133    0.145   0.135   0.143

 8.79   0.00    0.157    0.143   0.051   0.025   0.016   0.020   0.034   0.012   0.000   0.000   0.000 416102100
 8.79   9.87   47.611
 8.79   1.00    0.129    0.006
 8.79   1.00    0.135   48.702
 8.79   1.00    0.133    0.160   0.135   0.157
 8.79   1.00    0.133    0.145   0.135   0.143

 8.80   0.00    0.157    0.143   0.051   0.025   0.016   0.020   0.034   0.012   0.000   0.000   0.000 416575500
 8.80   9.87   47.600
 8.80   1.00    0.129    0.006
 8.80   1.00    0.135   48.689
 8.80   1.00    0.132    0.160   0.135   0.157
 8.80   1.00    0.133    0.145   0.135   0.143

 8.81   0.00    0.157    0.142   0.050   0.025   0.015   0.020   0.034   0.012   0.000   0.000   0.000 417048900
 8.81   9.86   47.589
 8.81   1.00    0.129    0.006
 8.81   1.00    0.135   48.676
 8.81   1.00    0.132    0.159   0.135   0.157
 8.81   1.00    0.133    0.145   0.135   0.143

 8.82   0.00    0.157    0.142   0.050   0.025   0.015   0.020   0.034   0.012   0.000   0.000   0.000 417522200
 8.82   9.86   47.578
 8.82   1.00    0.129    0.006
 8.82   1.00    0.135   48.664
 8.82   1.00    0.132    0.159   0.135   0.157
 8.82   1.00    0.133    0.145   0.135   0.142

 8.83   0.00    0.157    0.142   0.050   0.025   0.015   0.019   0.034   0.012   0.000   0.000   0.000 417995600
 8.83   9.86   47.567
 8.83   1.00    0.129    0.006
 8.83   1.00    0.135   48.651
 8.83   1.00    0.132    0.159   0.135   0.157
 8.83   1.00    0.132    0.145   0.135   0.142

 8.84   0.00    0.156    0.142   0.050   0.025   0.015   0.019   0.034   0.012   0.000   0.000   0.000 418469000
 8.84   9.85   47.557
 8.84   1.00    0.129    0.006
 8.84   1.00    0.135   48.638
 8.84   1.00    0.132    0.159   0.135   0.156
 8.84   1.00    0.132    0.144   0.135   0.142

 8.85   0.00    0.156    0.142   0.050   0.025   0.015   0.019   0.034   0.012   0.000   0.000   0.000 418942400
 8.85   9.85   47.546
 8.85   1.00    0.129    0.006
 8.85   1.00    0.135   48.625
 8.85   1.00    0.132    0.159   0.135   0.156
 8.85   1.00    0.132    0.144   0.135   0.142

 8.86   0.00    0.156    0.142   0.050   0.025   0.015   0.019   0.034   0.012   0.000   0.000   0.000 419415700
 8.86   9.84   47.535
 8.86   1.00    0.129    0.006
 8.86   1.00    0.135   48.612
 8.86   1.00    0.132    0.158   0.135   0.156
 8.86   1.00    0.132    0.144   0.135   0.142

 8.87   0.00    0.156    0.142   0.050   0.025   0.015   0.019   0.034   0.012   0.000   0.000   0.000 419889100
 8.87   9.84   47.524
 8.87   1.00    0.128    0.006
 8.87   1.00    0.135   48.599
 8.87   1.00    0.132    0.158   0.135   0.156
 8.87   1.00    0.132    0.144   0.135   0.142

 8.88   0.00    0.156    0.141   0.050   0.025   0.015   0.019   0.034   0.012   0.000   0.000   0.000 420362500
 8.88   9.83   47.514
 8.88   1.00    0.128    0.006
 8.88   1.00    0.135   48.587
 8.88   1.00    0.132    0.158   0.135   0.156
 8.88   1.00    0.132    0.144   0.135   0.142

 8.89   0.00    0.156    0.141   0.050   0.025   0.015   0.019   0.034   0.012   0.000   0.000   0.000 420835900
 8.89   9.83   47.503
 8.89   1.00    0.128    0.006
 8.89   1.00    0.134   48.574
 8.89   1.00    0.132    0.158   0.134   0.156
 8.89   1.00    0.132    0.144   0.134   0.141

 8.90   0.00    0.155    0.141   0.050   0.025   0.015   0.019   0.034   0.012   0.000   0.000   0.000 421309300
 8.90   9.82   47.492
 8.90   1.00    0.128    0.006
 8.90   1.00    0.134   48.561
 8.90   1.00    0.132    0.158   0.134   0.155
 8.90   1.00    0.132    0.144   0.134   0.141

 8.91   0.00    0.155    0.141   0.050   0.025   0.015   0.019   0.034   0.012   0.000   0.000   0.000 421782700
 8.91   9.82   47.482
 8.91   1.00    0.128    0.006
 8.91   1.00    0.134   48.549
 8.91   1.00    0.132    0.158   0.134   0.155
 8.91   1.00    0.132    0.143   0.134   0.141

 8.92   0.00    0.155    0.141   0.050   0.025   0.015   0.019   0.034   0.012   0.000   0.000   0.000 422256100
 8.92   9.82   47.471
 8.92   1.00    0.128    0.006
 8.92   1.00    0.134   48.536
 8.92   1.00    0.131    0.157   0.134   0.155
 8.92   1.00    0.132    0.143   0.134   0.141

 8.93   0.00    0.155    0.141   0.050   0.025   0.015   0.019   0.034   0.012   0.000   0.000   0.000 422729400
 8.93   9.81   47.460
 8.93   1.00    0.128    0.006
 8.93   1.00    0.134   48.523
 8.93   1.00    0.131    0.157   0.134   0.155
 8.93   1.00    0.132    0.143   0.134   0.141

 8.94   0.00    0.155    0.141   0.050   0.025   0.015   0.019   0.034   0.012   0.000   0.000   0.000 423202800
 8.94   9.81   47.450
 8.94   1.00    0.128    0.006
 8.94   1.00    0.134   48.511
 8.94   1.00    0.131    0.157   0.134   0.155
 8.94   1.00    0.132    0.143   0.134   0.141

 8.95   0.00    0.155    0.140   0.050   0.025   0.015   0.019   0.034   0.012   0.000   0.000   0.000 423676200
 8.95   9.80   47.439
 8.95   1.00    0.128    0.006
 8.95   1.00    0.134   48.498
 8.95   1.00    0.131    0.157   0.134   0.155
 8.95   1.00    0.131    0.143   0.134   0.141

 8.96   0.00    0.154    0.140   0.049   0.025   0.015   0.019   0.033   0.012   0.000   0.000   0.000 424149600
 8.96   9.80   47.429
 8.96   1.00    0.128    0.006
 8.96   1.00    0.134   48.486
 8.96   1.00    0.131    0.157   0.134   0.154
 8.96   1.00    0.131    0.143   0.134   0.140

 8.97   0.00    0.154    0.140   0.049   0.025   0.015   0.019   0.033   0.012   0.000   0.000   0.000 424623000
 8.97   9.79   47.418
 8.97   1.00    0.128    0.006
 8.97   1.00    0.134   48.473
 8.97   1.00    0.131    0.157   0.134   0.154
 8.97   1.00    0.131    0.143   0.134   0.140

 8.98   0.00    0.154    0.140   0.049   0.025   0.015   0.019   0.033   0.012   0.000   0.000   0.000 425096300
 8.98   9.79   47.408
 8.98   1.00    0.128    0.006
 8.98   1.00    0.134   48.461
 8.98   1.00    0.131    0.156   0.134   0.154
 8.98   1.00    0.131    0.142   0.134   0.140

 8.99   0.00    0.154    0.140   0.049   0.025   0.015   0.019   0.033   0.012   0.000   0.000   0.000 425569700
 8.99   9.79   47.397
 8.99   1.00    0.128    0.006
 8.99   1.00    0.134   48.448
 8.99   1.00    0.131    0.156   0.134   0.154
 8.99   1.00    0.131    0.142   0.134   0.140

 9.00   0.00    0.154    0.140   0.049   0.025   0.015   0.019   0.033   0.012   0.000   0.000   0.000 426043100
 9.00   9.78   47.387
 9.00   1.00    0.127    0.006
 9.00   1.00    0.134   48.436
 9.00   1.00    0.131    0.156   0.134   0.154
 9.00   1.00    0.131    0.142   0.134   0.140

 9.01   0.00    0.154    0.140   0.049   0.025   0.015   0.019   0.033   0.012   0.000   0.000   0.000 426516500
 9.01   9.78   47.377
 9.01   1.00    0.127    0.006
 9.01   1.00    0.133   48.423
 9.01   1.00    0.131    0.156   0.133   0.154
 9.01   1.00    0.131    0.142   0.133   0.140

 9.02   0.00    0.153    0.140   0.049   0.025   0.015   0.019   0.033   0.012   0.000   0.000   0.000 426989900
 9.02   9.77   47.366
 9.02   1.00    0.127    0.006
 9.02   1.00    0.133   48.411
 9.02   1.00    0.131    0.156   0.133   0.153
 9.02   1.00    0.131    0.142   0.133   0.140

 9.03   0.00    0.153    0.139   0.049   0.025   0.015   0.019   0.033   0.012   0.000   0.000   0.000 427463200
 9.03   9.77   47.356
 9.03   1.00    0.127    0.006
 9.03   1.00    0.133   48.398
 9.03   1.00    0.131    0.156   0.133   0.153
 9.03   1.00    0.131    0.142   0.133   0.139

 9.04   0.00    0.153    0.139   0.049   0.025   0.015   0.019   0.033   0.012   0.000   0.000   0.000 427936600
 9.04   9.76   47.345
 9.04   1.00    0.127    0.006
 9.04   1.00    0.133   48.386
 9.04   1.00    0.131    0.155   0.133   0.153
 9.04   1.00    0.131    0.142   0.133   0.139

 9.05   0.00    0.153    0.139   0.049   0.025   0.015   0.019   0.033   0.012   0.000   0.000   0.000 428410000
 9.05   9.76   47.335
 9.05   1.00    0.127    0.006
 9.05   1.00    0.133   48.374
 9.05   1.00    0.130    0.155   0.133   0.153
 9.05   1.00    0.131    0.141   0.133   0.139

 9.06   0.00    0.153    0.139   0.049   0.025   0.015   0.019   0.033   0.012   0.000   0.000   0.000 428883400
 9.06   9.75   47.325
 9.06   1.00    0.127    0.006
 9.06   1.00    0.133   48.361
 9.06   1.00    0.130    0.155   0.133   0.153
 9.06   1.00    0.131    0.141   0.133   0.139

 9.07   0.00    0.153    0.139   0.049   0.025   0.015   0.019   0.033   0.012   0.000   0.000   0.000 429356700
 9.07   9.75   47.315
 9.07   1.00    0.127    0.006
 9.07   1.00    0.133   48.349
 9.07   1.00    0.130    0.155   0.133   0.153
 9.07   1.00    0.131    0.141   0.133   0.139

 9.08   0.00    0.152    0.139   0.049   0.025   0.015   0.019   0.033   0.012   0.000   0.000   0.000 429830100
 9.08   9.75   47.304
 9.08   1.00    0.127    0.006
 9.08   1.00    0.133   48.337
 9.08   1.00    0.130    0.155   0.133   0.152
 9.08   1.00    0.130    0.141   0.133   0.139

 9.09   0.00    0.152    0.139   0.049   0.025   0.015   0.019   0.033   0.012   0.000   0.000   0.000 430303500
 9.09   9.74   47.294
 9.09   1.00    0.127    0.006
 9.09   1.00    0.133   48.325
 9.09   1.00    0.130    0.155   0.133   0.152
 9.09   1.00    0.130    0.141   0.133   0.139

 9.10   0.00    0.152    0.138   0.049   0.025   0.015   0.019   0.033   0.012   0.000   0.000   0.000 430776900
 9.10   9.74   47.284
 9.10   1.00    0.127    0.006
 9.10   1.00    0.133   48.312
 9.10   1.00    0.130    0.154   0.133   0.152
 9.10   1.00    0.130    0.141   0.133   0.138

 9.11   0.00    0.152    0.138   0.048   0.025   0.015   0.019   0.033   0.012   0.000   0.000   0.000 431250300
 9.11   9.73   47.274
 9.11   1.00    0.127    0.006
 9.11   1.00    0.133   48.300
 9.11   1.00    0.130    0.154   0.133   0.152
 9.11   1.00    0.130    0.141   0.133   0.138

 9.12   0.00    0.152    0.138   0.048   0.025   0.015   0.019   0.033   0.012   0.000   0.000   0.000 431723700
 9.12   9.73   47.263
 9.12   1.00    0.127    0.006
 9.12   1.00    0.133   48.288
 9.12   1.00    0.130    0.154   0.133   0.152
 9.12   1.00    0.130    0.140   0.133   0.138

 9.13   0.00    0.152    0.138   0.048   0.025   0.015   0.019   0.033   0.012   0.000   0.000   0.000 432197100
 9.13   9.72   47.253
 9.13   1.00    0.126    0.006
 9.13   1.00    0.132   48.276
 9.13   1.00    0.130    0.154   0.132   0.152
 9.13   1.00    0.130    0.140   0.132   0.138

 9.14   0.00    0.151    0.138   0.048   0.025   0.014   0.019   0.033   0.012   0.000   0.000   0.000 432670500
 9.14   9.72   47.243
 9.14   1.00    0.126    0.006
 9.14   1.00    0.132   48.264
 9.14   1.00    0.130    0.154   0.132   0.151
 9.14   1.00    0.130    0.140   0.132   0.138

 9.15   0.00    0.151    0.138   0.048   0.025   0.014   0.019   0.033   0.012   0.000   0.000   0.000 433143800
 9.15   9.72   47.233
 9.15   1.00    0.126    0.006
 9.15   1.00    0.132   48.252
 9.15   1.00    0.130    0.154   0.132   0.151
 9.15   1.00    0.130    0.140   0.132   0.138

 9.16   0.00    0.151    0.138   0.048   0.025   0.014   0.019   0.033   0.012   0.000   0.000   0.000 433617200
 9.16   9.71   47.223
 9.16   1.00    0.126    0.006
 9.16   1.00    0.132   48.240
 9.16   1.00    0.130    0.153   0.132   0.151
 9.16   1.00    0.130    0.140   0.132   0.138

 9.17   0.00    0.151    0.137   0.048   0.025   0.014   0.019   0.033   0.012   0.000   0.000   0.000 434090600
 9.17   9.71   47.213
 9.17   1.00    0.126    0.006
 9.17   1.00    0.132   48.228
 9.17   1.00    0.129    0.153   0.132   0.151
 9.17   1.00    0.130    0.140   0.132   0.138

 9.18   0.00    0.151    0.137   0.048   0.025   0.014   0.019   0.033   0.012   0.000   0.000   0.000 434564000
 9.18   9.70   47.203
 9.18   1.00    0.126    0.006
 9.18   1.00    0.132   48.216
 9.18   1.00    0.129    0.153   0.132   0.151
 9.18   1.00    0.130    0.140   0.132   0.137

 9.19   0.00    0.151    0.137   0.048   0.025   0.014   0.019   0.033   0.012   0.000   0.000   0.000 435037300
 9.19   9.70   47.193
 9.19   1.00    0.126    0.006
 9.19   1.00    0.132   48.204
 9.19   1.00    0.129    0.153   0.132   0.151
 9.19   1.00    0.130    0.140   0.132   0.137

 9.20   0.00    0.150    0.137   0.048   0.025   0.014   0.019   0.033   0.012   0.000   0.000   0.000 435510700
 9.20   9.69   47.183
 9.20   1.00    0.126    0.006
 9.20   1.00    0.132   48.192
 9.20   1.00    0.129    0.153   0.132   0.150
 9.20   1.00    0.129    0.139   0.132   0.137

 9.21   0.00    0.150    0.137   0.048   0.025   0.014   0.019   0.033   0.012   0.000   0.000   0.000 435984100
 9.21   9.69   47.173
 9.21   1.00    0.126    0.006
 9.21   1.00    0.132   48.180
 9.21   1.00    0.129    0.153   0.132   0.150
 9.21   1.00    0.129    0.139   0.132   0.137

 9.22   0.00    0.150    0.137   0.048   0.025   0.014   0.019   0.033   0.012   0.000   0.000   0.000 436457500
 9.22   9.69   47.163
 9.22   1.00    0.126    0.006
 9.22   1.00    0.132   48.168
 9.22   1.00    0.129    0.152   0.132   0.150
 9.22   1.00    0.129    0.139   0.132   0.137

 9.23   0.00    0.150    0.137   0.048   0.025   0.014   0.018   0.033   0.012   0.000   0.000   0.000 436930800
 9.23   9.68   47.153
 9.23   1.00    0.126    0.006
 9.23   1.00    0.132   48.156
 9.23   1.00    0.129    0.152   0.132   0.150
 9.23   1.00    0.129    0.139   0.132   0.137

 9.24   0.00    0.150    0.137   0.048   0.025   0.014   0.018   0.033   0.012   0.000   0.000   0.000 437404200
 9.24   9.68   47.143
 9.24   1.00    0.126    0.006
 9.24   1.00    0.132   48.144
 9.24   1.00    0.129    0.152   0.132   0.150
 9.24   1.00    0.129    0.139   0.132   0.137

 9.25   0.00    0.150    0.136   0.048   0.025   0.014   0.018   0.033   0.012   0.000   0.000   0.000 437877600
 9.25   9.67   47.133
 9.25   1.00    0.126    0.006
 9.25   1.00    0.131   48.132
 9.25   1.00    0.129    0.152   0.131   0.150
 9.25   1.00    0.129    0.139   0.131   0.136

 9.26   0.00    0.149    0.136   0.048   0.025   0.014   0.018   0.033   0.012   0.000   0.000   0.000 438351000
 9.26   9.67   47.123
 9.26   1.00    0.126    0.006
 9.26   1.00    0.131   48.120
 9.26   1.00    0.129    0.152   0.131   0.150
 9.26   1.00    0.129    0.139   0.131   0.136

 9.27   0.00    0.149    0.136   0.047   0.025   0.014   0.018   0.033   0.012   0.000   0.000   0.000 438824400
 9.27   9.66   47.113
 9.27   1.00    0.125    0.006
 9.27   1.00    0.131   48.108
 9.27   1.00    0.129    0.152   0.131   0.149
 9.27   1.00    0.129    0.138   0.131   0.136

 9.28   0.00    0.149    0.136   0.047   0.025   0.014   0.018   0.033   0.012   0.000   0.000   0.000 439297800
 9.28   9.66   47.104
 9.28   1.00    0.125    0.006
 9.28   1.00    0.131   48.096
 9.28   1.00    0.129    0.151   0.131   0.149
 9.28   1.00    0.129    0.138   0.131   0.136

 9.29   0.00    0.149    0.136   0.047   0.025   0.014   0.018   0.033   0.012   0.000   0.000   0.000 439771100
 9.29   9.66   47.094
 9.29   1.00    0.125    0.006
 9.29   1.00    0.131   48.085
 9.29   1.00    0.129    0.151   0.131   0.149
 9.29   1.00    0.129    0.138   0.131   0.136

 9.30   0.00    0.149    0.136   0.047   0.025   0.014   0.018   0.033   0.012   0.000   0.000   0.000 440244500
 9.30   9.65   47.084
 9.30   1.00    0.125    0.006
 9.30   1.00    0.131   48.073
 9.30   1.00    0.128    0.151   0.131   0.149
 9.30   1.00    0.129    0.138   0.131   0.136

 9.31   0.00    0.149    0.136   0.047   0.025   0.014   0.018   0.033   0.012   0.000   0.000   0.000 440717900
 9.31   9.65   47.074
 9.31   1.00    0.125    0.006
 9.31   1.00    0.131   48.061
 9.31   1.00    0.128    0.151   0.131   0.149
 9.31   1.00    0.129    0.138   0.131   0.136

 9.32   0.00    0.149    0.135   0.047   0.025   0.014   0.018   0.033   0.012   0.000   0.000   0.000 441191300
 9.32   9.64   47.064
 9.32   1.00    0.125    0.006
 9.32   1.00    0.131   48.049
 9.32   1.00    0.128    0.151   0.131   0.149
 9.32   1.00    0.128    0.138   0.131   0.136

 9.33   0.00    0.148    0.135   0.047   0.025   0.014   0.018   0.033   0.012   0.000   0.000   0.000 441664700
 9.33   9.64   47.055
 9.33   1.00    0.125    0.006
 9.33   1.00    0.131   48.038
 9.33   1.00    0.128    0.151   0.131   0.148
 9.33   1.00    0.128    0.138   0.131   0.135

 9.34   0.00    0.148    0.135   0.047   0.025   0.014   0.018   0.033   0.012   0.000   0.000   0.000 442138000
 9.34   9.64   47.045
 9.34   1.00    0.125    0.006
 9.34   1.00    0.131   48.026
 9.34   1.00    0.128    0.151   0.131   0.148
 9.34   1.00    0.128    0.138   0.131   0.135

 9.35   0.00    0.148    0.135   0.047   0.025   0.014   0.018   0.033   0.012   0.000   0.000   0.000 442611500
 9.35   9.63   47.035
 9.35   1.00    0.125    0.006
 9.35   1.00    0.131   48.014
 9.35   1.00    0.128    0.150   0.131   0.148
 9.35   1.00    0.128    0.137   0.131   0.135

 9.36   0.00    0.148    0.135   0.047   0.025   0.014   0.018   0.033   0.011   0.000   0.000   0.000 443084800
 9.36   9.63   47.026
 9.36   1.00    0.125    0.006
 9.36   1.00    0.131   48.003
 9.36   1.00    0.128    0.150   0.131   0.148
 9.36   1.00    0.128    0.137   0.131   0.135

 9.37   0.00    0.148    0.135   0.047   0.025   0.014   0.018   0.033   0.011   0.000   0.000   0.000 443558200
 9.37   9.62   47.016
 9.37   1.00    0.125    0.006
 9.37   1.00    0.130   47.991
 9.37   1.00    0.128    0.150   0.130   0.148
 9.37   1.00    0.128    0.137   0.130   0.135

 9.38   0.00    0.148    0.135   0.047   0.025   0.014   0.018   0.033   0.011   0.000   0.000   0.000 444031600
 9.38   9.62   47.006
 9.38   1.00    0.125    0.006
 9.38   1.00    0.130   47.980
 9.38   1.00    0.128    0.150   0.130   0.148
 9.38   1.00    0.128    0.137   0.130   0.135

 9.39   0.00    0.147    0.135   0.047   0.025   0.014   0.018   0.033   0.011   0.000   0.000   0.000 444505000
 9.39   9.61   46.997
 9.39   1.00    0.125    0.006
 9.39   1.00    0.130   47.968
 9.39   1.00    0.128    0.150   0.130   0.148
 9.39   1.00    0.128    0.137   0.130   0.135

 9.40   0.00    0.147    0.134   0.047   0.025   0.014   0.018   0.033   0.011   0.000   0.000   0.000 444978300
 9.40   9.61   46.987
 9.40   1.00    0.124    0.006
 9.40   1.00    0.130   47.956
 9.40   1.00    0.128    0.150   0.130   0.147
 9.40   1.00    0.128    0.137   0.130   0.135

 9.41   0.00    0.147    0.134   0.047   0.025   0.014   0.018   0.032   0.011   0.000   0.000   0.000 445451700
 9.41   9.61   46.977
 9.41   1.00    0.124    0.006
 9.41   1.00    0.130   47.945
 9.41   1.00    0.128    0.149   0.130   0.147
 9.41   1.00    0.128    0.137   0.130   0.134

 9.42   0.00    0.147    0.134   0.047   0.025   0.014   0.018   0.032   0.011   0.000   0.000   0.000 445925100
 9.42   9.60   46.968
 9.42   1.00    0.124    0.006
 9.42   1.00    0.130   47.933
 9.42   1.00    0.127    0.149   0.130   0.147
 9.42   1.00    0.128    0.137   0.130   0.134

 9.43   0.00    0.147    0.134   0.047   0.025   0.014   0.018   0.032   0.011   0.000   0.000   0.000 446398500
 9.43   9.60   46.958
 9.43   1.00    0.124    0.006
 9.43   1.00    0.130   47.922
 9.43   1.00    0.127    0.149   0.130   0.147
 9.43   1.00    0.128    0.136   0.130   0.134

 9.44   0.00    0.147    0.134   0.046   0.025   0.014   0.018   0.032   0.011   0.000   0.000   0.000 446871800
 9.44   9.59   46.949
 9.44   1.00    0.124    0.006
 9.44   1.00    0.130   47.910
 9.44   1.00    0.127    0.149   0.130   0.147
 9.44   1.00    0.128    0.136   0.130   0.134

 9.45   0.00    0.147    0.134   0.046   0.025   0.014   0.018   0.032   0.011   0.000   0.000   0.000 447345200
 9.45   9.59   46.939
 9.45   1.00    0.124    0.006
 9.45   1.00    0.130   47.899
 9.45   1.00    0.127    0.149   0.130   0.147
 9.45   1.00    0.127    0.136   0.130   0.134

 9.46   0.00    0.146    0.134   0.046   0.025   0.014   0.018   0.032   0.011   0.000   0.000   0.000 447818600
 9.46   9.58   46.930
 9.46   1.00    0.124    0.006
 9.46   1.00    0.130   47.887
 9.46   1.00    0.127    0.149   0.130   0.146
 9.46   1.00    0.127    0.136   0.130   0.134

 9.47   0.00    0.146    0.134   0.046   0.025   0.014   0.018   0.032   0.011   0.000   0.000   0.000 448292000
 9.47   9.58   46.920
 9.47   1.00    0.124    0.006
 9.47   1.00    0.130   47.876
 9.47   1.00    0.127    0.149   0.130   0.146
 9.47   1.00    0.127    0.136   0.130   0.134

 9.48   0.00    0.146    0.133   0.046   0.025   0.014   0.018   0.032   0.011   0.000   0.000   0.000 448765400
 9.48   9.58   46.911
 9.48   1.00    0.124    0.006
 9.48   1.00    0.130   47.865
 9.48   1.00    0.127    0.148   0.130   0.146
 9.48   1.00    0.127    0.136   0.130   0.134

 9.49   0.00    0.146    0.133   0.046   0.025   0.013   0.018   0.032   0.011   0.000   0.000   0.000 449238800
 9.49   9.57   46.901
 9.49   1.00    0.124    0.006
 9.49   1.00    0.129   47.853
 9.49   1.00    0.127    0.148   0.129   0.146
 9.49   1.00    0.127    0.136   0.129   0.133

 9.50   0.00    0.146    0.133   0.046   0.025   0.013   0.018   0.032   0.011   0.000   0.000   0.000 449712200
 9.50   9.57   46.892
 9.50   1.00    0.124    0.006
 9.50   1.00    0.129   47.842
 9.50   1.00    0.127    0.148   0.129   0.146
 9.50   1.00    0.127    0.135   0.129   0.133

 9.51   0.00    0.146    0.133   0.046   0.025   0.013   0.018   0.032   0.011   0.000   0.000   0.000 450185500
 9.51   9.56   46.883
 9.51   1.00    0.124    0.006
 9.51   1.00    0.129   47.831
 9.51   1.00    0.127    0.148   0.129   0.146
 9.51   1.00    0.127    0.135   0.129   0.133

 9.52   0.00    0.146    0.133   0.046   0.025   0.013   0.018   0.032   0.011   0.000   0.000   0.000 450658900
 9.52   9.56   46.873
 9.52   1.00    0.124    0.006
 9.52   1.00    0.129   47.819
 9.52   1.00    0.127    0.148   0.129   0.146
 9.52   1.00    0.127    0.135   0.129   0.133

 9.53   0.00    0.145    0.133   0.046   0.025   0.013   0.018   0.032   0.011   0.000   0.000   0.000 451132300
 9.53   9.56   46.864
 9.53   1.00    0.124    0.006
 9.53   1.00    0.129   47.808
 9.53   1.00    0.127    0.148   0.129   0.145
 9.53   1.00    0.127    0.135   0.129   0.133

 9.54   0.00    0.145    0.133   0.046   0.025   0.013   0.018   0.032   0.011   0.000   0.000   0.000 451605700
 9.54   9.55   46.855
 9.54   1.00    0.123    0.006
 9.54   1.00    0.129   47.797
 9.54   1.00    0.127    0.147   0.129   0.145
 9.54   1.00    0.127    0.135   0.129   0.133

 9.55   0.00    0.145    0.133   0.046   0.025   0.013   0.018   0.032   0.011   0.000   0.000   0.000 452079100
 9.55   9.55   46.845
 9.55   1.00    0.123    0.006
 9.55   1.00    0.129   47.785
 9.55   1.00    0.126    0.147   0.129   0.145
 9.55   1.00    0.127    0.135   0.129   0.133

 9.56   0.00    0.145    0.132   0.046   0.025   0.013   0.018   0.032   0.011   0.000   0.000   0.000 452552400
 9.56   9.54   46.836
 9.56   1.00    0.123    0.006
 9.56   1.00    0.129   47.774
 9.56   1.00    0.126    0.147   0.129   0.145
 9.56   1.00    0.127    0.135   0.129   0.133

 9.57   0.00    0.145    0.132   0.046   0.025   0.013   0.018   0.032   0.011   0.000   0.000   0.000 453025800
 9.57   9.54   46.827
 9.57   1.00    0.123    0.006
 9.57   1.00    0.129   47.763
 9.57   1.00    0.126    0.147   0.129   0.145
 9.57   1.00    0.127    0.135   0.129   0.132

 9.58   0.00    0.145    0.132   0.046   0.025   0.013   0.018   0.032   0.011   0.000   0.000   0.000 453499200
 9.58   9.54   46.817
 9.58   1.00    0.123    0.006
 9.58   1.00    0.129   47.752
 9.58   1.00    0.126    0.147   0.129   0.145
 9.58   1.00    0.126    0.134   0.129   0.132

 9.59   0.00    0.144    0.132   0.046   0.025   0.013   0.018   0.032   0.011   0.000   0.000   0.000 453972600
 9.59   9.53   46.808
 9.59   1.00    0.123    0.006
 9.59   1.00    0.129   47.741
 9.59   1.00    0.126    0.147   0.129   0.145
 9.59   1.00    0.126    0.134   0.129   0.132

 9.60   0.00    0.144    0.132   0.046   0.025   0.013   0.018   0.032   0.011   0.000   0.000   0.000 454446000
 9.60   9.53   46.799
 9.60   1.00    0.123    0.006
 9.60   1.00    0.129   47.729
 9.60   1.00    0.126    0.147   0.129   0.144
 9.60   1.00    0.126    0.134   0.129   0.132

 9.61   0.00    0.144    0.132   0.045   0.025   0.013   0.018   0.032   0.011   0.000   0.000   0.000 454919300
 9.61   9.52   46.790
 9.61   1.00    0.123    0.006
 9.61   1.00    0.129   47.718
 9.61   1.00    0.126    0.146   0.129   0.144
 9.61   1.00    0.126    0.134   0.129   0.132

 9.62   0.00    0.144    0.132   0.045   0.025   0.013   0.018   0.032   0.011   0.000   0.000   0.000 455392700
 9.62   9.52   46.780
 9.62   1.00    0.123    0.006
 9.62   1.00    0.128   47.707
 9.62   1.00    0.126    0.146   0.128   0.144
 9.62   1.00    0.126    0.134   0.128   0.132

 9.63   0.00    0.144    0.132   0.045   0.025   0.013   0.018   0.032   0.011   0.000   0.000   0.000 455866100
 9.63   9.51   46.771
 9.63   1.00    0.123    0.006
 9.63   1.00    0.128   47.696
 9.63   1.00    0.126    0.146   0.128   0.144
 9.63   1.00    0.126    0.134   0.128   0.132

 9.64   0.00    0.144    0.131   0.045   0.025   0.013   0.018   0.032   0.011   0.000   0.000   0.000 456339500
 9.64   9.51   46.762
 9.64   1.00    0.123    0.006
 9.64   1.00    0.128   47.685
 9.64   1.00    0.126    0.146   0.128   0.144
 9.64   1.00    0.126    0.134   0.128   0.132

 9.65   0.00    0.144    0.131   0.045   0.025   0.013   0.018   0.032   0.011   0.000   0.000   0.000 456812900
 9.65   9.51   46.753
 9.65   1.00    0.123    0.006
 9.65   1.00    0.128   47.674
 9.65   1.00    0.126    0.146   0.128   0.144
 9.65   1.00    0.126    0.134   0.128   0.131

 9.66   0.00    0.143    0.131   0.045   0.025   0.013   0.017   0.032   0.011   0.000   0.000   0.000 457286200
 9.66   9.50   46.744
 9.66   1.00    0.123    0.006
 9.66   1.00    0.128   47.663
 9.66   1.00    0.126    0.146   0.128   0.144
 9.66   1.00    0.126    0.134   0.128   0.131

 9.67   0.00    0.143    0.131   0.045   0.025   0.013   0.017   0.032   0.011   0.000   0.000   0.000 457759600
 9.67   9.50   46.735
 9.67   1.00    0.123    0.006
 9.67   1.00    0.128   47.652
 9.67   1.00    0.126    0.146   0.128   0.143
 9.67   1.00    0.126    0.133   0.128   0.131

 9.68   0.00    0.143    0.131   0.045   0.025   0.013   0.017   0.032   0.011   0.000   0.000   0.000 458233000
 9.68   9.49   46.726
 9.68   1.00    0.122    0.006
 9.68   1.00    0.128   47.641
 9.68   1.00    0.125    0.145   0.128   0.143
 9.68   1.00    0.126    0.133   0.128   0.131

 9.69   0.00    0.143    0.131   0.045   0.025   0.013   0.017   0.032   0.011   0.000   0.000   0.000 458706400
 9.69   9.49   46.717
 9.69   1.00    0.122    0.006
 9.69   1.00    0.128   47.630
 9.69   1.00    0.125    0.145   0.128   0.143
 9.69   1.00    0.126    0.133   0.128   0.131

 9.70   0.00    0.143    0.131   0.045   0.025   0.013   0.017   0.032   0.011   0.000   0.000   0.000 459179800
 9.70   9.49   46.707
 9.70   1.00    0.122    0.005
 9.70   1.00    0.128   47.619
 9.70   1.00    0.125    0.145   0.128   0.143
 9.70   1.00    0.126    0.133   0.128   0.131

 9.71   0.00    0.143    0.131   0.045   0.025   0.013   0.017   0.032   0.011   0.000   0.000   0.000 459653200
 9.71   9.48   46.698
 9.71   1.00    0.122    0.005
 9.71   1.00    0.128   47.608
 9.71   1.00    0.125    0.145   0.128   0.143
 9.71   1.00    0.125    0.133   0.128   0.131

 9.72   0.00    0.143    0.131   0.045   0.025   0.013   0.017   0.032   0.011   0.000   0.000   0.000 460126600
 9.72   9.48   46.689
 9.72   1.00    0.122    0.005
 9.72   1.00    0.128   47.597
 9.72   1.00    0.125    0.145   0.128   0.143
 9.72   1.00    0.125    0.133   0.128   0.131

 9.73   0.00    0.142    0.130   0.045   0.025   0.013   0.017   0.032   0.011   0.000   0.000   0.000 460599900
 9.73   9.47   46.680
 9.73   1.00    0.122    0.005
 9.73   1.00    0.128   47.586
 9.73   1.00    0.125    0.145   0.128   0.143
 9.73   1.00    0.125    0.133   0.128   0.130

 9.74   0.00    0.142    0.130   0.045   0.025   0.013   0.017   0.032   0.011   0.000   0.000   0.000 461073300
 9.74   9.47   46.671
 9.74   1.00    0.122    0.005
 9.74   1.00    0.128   47.575
 9.74   1.00    0.125    0.145   0.128   0.142
 9.74   1.00    0.125    0.133   0.128   0.130

 9.75   0.00    0.142    0.130   0.045   0.025   0.013   0.017   0.032   0.011   0.000   0.000   0.000 461546700
 9.75   9.47   46.662
 9.75   1.00    0.122    0.005
 9.75   1.00    0.127   47.564
 9.75   1.00    0.125    0.144   0.127   0.142
 9.75   1.00    0.125    0.132   0.127   0.130

 9.76   0.00    0.142    0.130   0.045   0.025   0.013   0.017   0.032   0.011   0.000   0.000   0.000 462020100
 9.76   9.46   46.653
 9.76   1.00    0.122    0.005
 9.76   1.00    0.127   47.553
 9.76   1.00    0.125    0.144   0.127   0.142
 9.76   1.00    0.125    0.132   0.127   0.130

 9.77   0.00    0.142    0.130   0.045   0.025   0.013   0.017   0.032   0.011   0.000   0.000   0.000 462493500
 9.77   9.46   46.645
 9.77   1.00    0.122    0.005
 9.77   1.00    0.127   47.542
 9.77   1.00    0.125    0.144   0.127   0.142
 9.77   1.00    0.125    0.132   0.127   0.130

 9.78   0.00    0.142    0.130   0.045   0.025   0.013   0.017   0.032   0.011   0.000   0.000   0.000 462966800
 9.78   9.45   46.636
 9.78   1.00    0.122    0.005
 9.78   1.00    0.127   47.532
 9.78   1.00    0.125    0.144   0.127   0.142
 9.78   1.00    0.125    0.132   0.127   0.130

 9.79   0.00    0.142    0.130   0.044   0.025   0.013   0.017   0.032   0.011   0.000   0.000   0.000 463440200
 9.79   9.45   46.627
 9.79   1.00    0.122    0.005
 9.79   1.00    0.127   47.521
 9.79   1.00    0.125    0.144   0.127   0.142
 9.79   1.00    0.125    0.132   0.127   0.130

 9.80   0.00    0.141    0.130   0.044   0.025   0.013   0.017   0.032   0.011   0.000   0.000   0.000 463913600
 9.80   9.45   46.618
 9.80   1.00    0.122    0.005
 9.80   1.00    0.127   47.510
 9.80   1.00    0.125    0.144   0.127   0.142
 9.80   1.00    0.125    0.132   0.127   0.130

 9.81   0.00    0.141    0.129   0.044   0.025   0.013   0.017   0.032   0.011   0.000   0.000   0.000 464387000
 9.81   9.44   46.609
 9.81   1.00    0.122    0.005
 9.81   1.00    0.127   47.499
 9.81   1.00    0.124    0.144   0.127   0.141
 9.81   1.00    0.125    0.132   0.127   0.130

 9.82   0.00    0.141    0.129   0.044   0.025   0.013   0.017   0.032   0.011   0.000   0.000   0.000 464860400
 9.82   9.44   46.600
 9.82   1.00    0.121    0.005
 9.82   1.00    0.127   47.489
 9.82   1.00    0.124    0.143   0.127   0.141
 9.82   1.00    0.125    0.132   0.127   0.129

 9.83   0.00    0.141    0.129   0.044   0.025   0.013   0.017   0.032   0.011   0.000   0.000   0.000 465333700
 9.83   9.43   46.591
 9.83   1.00    0.121    0.005
 9.83   1.00    0.127   47.478
 9.83   1.00    0.124    0.143   0.127   0.141
 9.83   1.00    0.125    0.131   0.127   0.129

 9.84   0.00    0.141    0.129   0.044   0.025   0.013   0.017   0.032   0.011   0.000   0.000   0.000 465807100
 9.84   9.43   46.582
 9.84   1.00    0.121    0.005
 9.84   1.00    0.127   47.467
 9.84   1.00    0.124    0.143   0.127   0.141
 9.84   1.00    0.124    0.131   0.127   0.129

 9.85   0.00    0.141    0.129   0.044   0.025   0.013   0.017   0.032   0.011   0.000   0.000   0.000 466280500
 9.85   9.43   46.574
 9.85   1.00    0.121    0.005
 9.85   1.00    0.127   47.456
 9.85   1.00    0.124    0.143   0.127   0.141
 9.85   1.00    0.124    0.131   0.127   0.129

 9.86   0.00    0.141    0.129   0.044   0.025   0.013   0.017   0.032   0.011   0.000   0.000   0.000 466753900
 9.86   9.42   46.565
 9.86   1.00    0.121    0.005
 9.86   1.00    0.127   47.446
 9.86   1.00    0.124    0.143   0.127   0.141
 9.86   1.00    0.124    0.131   0.127   0.129

 9.87   0.00    0.141    0.129   0.044   0.025   0.013   0.017   0.032   0.011   0.000   0.000   0.000 467227300
 9.87   9.42   46.556
 9.87   1.00    0.121    0.005
 9.87   1.00    0.126   47.435
 9.87   1.00    0.124    0.143   0.126   0.141
 9.87   1.00    0.124    0.131   0.126   0.129

 9.88   0.00    0.140    0.129   0.044   0.025   0.013   0.017   0.032   0.011   0.000   0.000   0.000 467700600
 9.88   9.41   46.547
 9.88   1.00    0.121    0.005
 9.88   1.00    0.126   47.424
 9.88   1.00    0.124    0.143   0.126   0.140
 9.88   1.00    0.124    0.131   0.126   0.129

 9.89   0.00    0.140    0.129   0.044   0.025   0.012   0.017   0.032   0.011   0.000   0.000   0.000 468174000
 9.89   9.41   46.539
 9.89   1.00    0.121    0.005
 9.89   1.00    0.126   47.414
 9.89   1.00    0.124    0.142   0.126   0.140
 9.89   1.00    0.124    0.131   0.126   0.129

 9.90   0.00    0.140    0.128   0.044   0.025   0.012   0.017   0.032   0.011   0.000   0.000   0.000 468647400
 9.90   9.41   46.530
 9.90   1.00    0.121    0.005
 9.90   1.00    0.126   47.403
 9.90   1.00    0.124    0.142   0.126   0.140
 9.90   1.00    0.124    0.131   0.126   0.128

 9.91   0.00    0.140    0.128   0.044   0.025   0.012   0.017   0.032   0.011   0.000   0.000   0.000 469120800
 9.91   9.40   46.521
 9.91   1.00    0.121    0.005
 9.91   1.00    0.126   47.392
 9.91   1.00    0.124    0.142   0.126   0.140
 9.91   1.00    0.124    0.131   0.126   0.128

 9.92   0.00    0.140    0.128   0.044   0.025   0.012   0.017   0.031   0.011   0.000   0.000   0.000 469594200
 9.92   9.40   46.512
 9.92   1.00    0.121    0.005
 9.92   1.00    0.126   47.382
 9.92   1.00    0.124    0.142   0.126   0.140
 9.92   1.00    0.124    0.130   0.126   0.128

 9.93   0.00    0.140    0.128   0.044   0.025   0.012   0.017   0.031   0.011   0.000   0.000   0.000 470067600
 9.93   9.39   46.504
 9.93   1.00    0.121    0.005
 9.93   1.00    0.126   47.371
 9.93   1.00    0.124    0.142   0.126   0.140
 9.93   1.00    0.124    0.130   0.126   0.128

 9.94   0.00    0.140    0.128   0.044   0.025   0.012   0.017   0.031   0.011   0.000   0.000   0.000 470540900
 9.94   9.39   46.495
 9.94   1.00    0.121    0.005
 9.94   1.00    0.126   47.361
 9.94   1.00    0.123    0.142   0.126   0.140
 9.94   1.00    0.124    0.130   0.126   0.128

 9.95   0.00    0.139    0.128   0.044   0.024   0.012   0.017   0.031   0.011   0.000   0.000   0.000 471014300
 9.95   9.39   46.486
 9.95   1.00    0.121    0.005
 9.95   1.00    0.126   47.350
 9.95   1.00    0.123    0.142   0.126   0.139
 9.95   1.00    0.124    0.130   0.126   0.128

 9.96   0.00    0.139    0.128   0.044   0.024   0.012   0.017   0.031   0.011   0.000   0.000   0.000 471487700
 9.96   9.38   46.478
 9.96   1.00    0.121    0.005
 9.96   1.00    0.126   47.340
 9.96   1.00    0.123    0.142   0.126   0.139
 9.96   1.00    0.124    0.130   0.126   0.128

 9.97   0.00    0.139    0.128   0.043   0.024   0.012   0.017   0.031   0.011   0.000   0.000   0.000 471961100
 9.97   9.38   46.469
 9.97   1.00    0.120    0.005
 9.97   1.00    0.126   47.329
 9.97   1.00    0.123    0.141   0.126   0.139
 9.97   1.00    0.123    0.130   0.126   0.128

 9.98   0.00    0.139    0.128   0.043   0.024   0.012   0.017   0.031   0.011   0.000   0.000   0.000 472434400
 9.98   9.37   46.461
 9.98   1.00    0.120    0.005
 9.98   1.00    0.126   47.319
 9.98   1.00    0.123    0.141   0.126   0.139
 9.98   1.00    0.123    0.130   0.126   0.128

 9.99   0.00    0.139    0.127   0.043   0.024   0.012   0.017   0.031   0.011   0.000   0.000   0.000 472907800
 9.99   9.37   46.452
 9.99   1.00    0.120    0.005
 9.99   1.00    0.126   47.308
 9.99   1.00    0.123    0.141   0.126   0.139
 9.99   1.00    0.123    0.130   0.126   0.127

10.00   0.00    0.139    0.127   0.043   0.024   0.012   0.017   0.031   0.011   0.000   0.000   0.000 473381200
10.00   9.37   46.443
10.00   1.00    0.120    0.005
10.00   1.00    0.125   47.298
10.00   1.00    0.123    0.141   0.125   0.139
10.00   1.00    0.123    0.130   0.125   0.127

10.01   0.00    0.139    0.127   0.043   0.024   0.012   0.017   0.031   0.011   0.000   0.000   0.000 473854600
10.01   9.36   46.435
10.01   1.00    0.120    0.005
10.01   1.00    0.125   47.287
10.01   1.00    0.123    0.141   0.125   0.139
10.01   1.00    0.123    0.130   0.125   0.127

10.02   0.00    0.139    0.127   0.043   0.024   0.012   0.017   0.031   0.011   0.000   0.000   0.000 474328000
10.02   9.36   46.426
10.02   1.00    0.120    0.005
10.02   1.00    0.125   47.277
10.02   1.00    0.123    0.141   0.125   0.139
10.02   1.00    0.123    0.129   0.125   0.127

10.03   0.00    0.139    0.127   0.043   0.024   0.012   0.017   0.031   0.011   0.000   0.000   0.000 474801300
10.03   9.35   46.418
10.03   1.00    0.120    0.005
10.03   1.00    0.125   47.266
10.03   1.00    0.123    0.141   0.125   0.139
10.03   1.00    0.123    0.129   0.125   0.127

10.04   0.00    0.139    0.127   0.043   0.024   0.012   0.017   0.031   0.011   0.000   0.000   0.000 475274800
10.04   9.35   46.409
10.04   1.00    0.120    0.005
10.04   1.00    0.125   47.256
10.04   1.00    0.123    0.141   0.125   0.139
10.04   1.00    0.123    0.129   0.125   0.127

10.05   0.00    0.139    0.127   0.043   0.024   0.012   0.017   0.031   0.011   0.000   0.000   0.000 475748100
10.05   9.35   46.401
10.05   1.00    0.120    0.005
10.05   1.00    0.125   47.246
10.05   1.00    0.123    0.141   0.125   0.139
10.05   1.00    0.123    0.129   0.125   0.127

10.06   0.00    0.138    0.127   0.043   0.024   0.012   0.017   0.031   0.011   0.000   0.000   0.000 476221500
10.06   9.34   46.392
10.06   1.00    0.120    0.005
10.06   1.00    0.125   47.235
10.06   1.00    0.123    0.141   0.125   0.139
10.06   1.00    0.123    0.129   0.125   0.127

10.07   0.00    0.138    0.127   0.043   0.024   0.012   0.017   0.031   0.011   0.000   0.000   0.000 476694900
10.07   9.34   46.384
10.07   1.00    0.120    0.005
10.07   1.00    0.125   47.225
10.07   1.00    0.123    0.141   0.125   0.138
10.07   1.00    0.123    0.129   0.125   0.127

10.08   0.00    0.138    0.127   0.043   0.024   0.012   0.017   0.031   0.011   0.000   0.000   0.000 477168300
10.08   9.33   46.375
10.08   1.00    0.120    0.005
10.08   1.00    0.125   47.215
10.08   1.00    0.122    0.141   0.125   0.138
10.08   1.00    0.123    0.129   0.125   0.127

10.09   0.00    0.138    0.127   0.043   0.024   0.012   0.017   0.031   0.011   0.000   0.000   0.000 477641700
10.09   9.33   46.367
10.09   1.00    0.120    0.005
10.09   1.00    0.125   47.204
10.09   1.00    0.122    0.141   0.125   0.138
10.09   1.00    0.123    0.129   0.125   0.127

10.10   0.00    0.138    0.127   0.043   0.024   0.012   0.017   0.031   0.011   0.000   0.000   0.000 478115000
10.10   9.33   46.359
10.10   1.00    0.120    0.005
10.10   1.00    0.125   47.194
10.10   1.00    0.122    0.140   0.125   0.138
10.10   1.00    0.122    0.129   0.125   0.127

10.11   0.00    0.138    0.127   0.043   0.024   0.012   0.017   0.031   0.011   0.000   0.000   0.000 478588400
10.11   9.32   46.350
10.11   1.00    0.119    0.005
10.11   1.00    0.125   47.184
10.11   1.00    0.122    0.140   0.125   0.138
10.11   1.00    0.122    0.129   0.125   0.127

10.12   0.00    0.138    0.127   0.043   0.024   0.012   0.017   0.031   0.011   0.000   0.000   0.000 479061800
10.12   9.32   46.342
10.12   1.00    0.119    0.005
10.12   1.00    0.125   47.173
10.12   1.00    0.122    0.140   0.125   0.138
10.12   1.00    0.122    0.129   0.125   0.127

10.13   0.00    0.138    0.127   0.043   0.024   0.012   0.017   0.031   0.011   0.000   0.000   0.000 479535200
10.13   9.31   46.333
10.13   1.00    0.119    0.005
10.13   1.00    0.124   47.163
10.13   1.00    0.122    0.140   0.124   0.138
10.13   1.00    0.122    0.129   0.124   0.127

10.14   0.00    0.138    0.127   0.043   0.024   0.012   0.017   0.031   0.011   0.000   0.000   0.000 480008600
10.14   9.31   46.325
10.14   1.00    0.119    0.005
10.14   1.00    0.124   47.153
10.14   1.00    0.122    0.140   0.124   0.138
10.14   1.00    0.122    0.129   0.124   0.127

10.15   0.00    0.138    0.127   0.043   0.024   0.012   0.017   0.031   0.011   0.000   0.000   0.000 480481900
10.15   9.31   46.317
10.15   1.00    0.119    0.005
10.15   1.00    0.124   47.143
10.15   1.00    0.122    0.140   0.124   0.138
10.15   1.00    0.122    0.129   0.124   0.127

10.16   0.00    0.138    0.127   0.043   0.024   0.012   0.017   0.031   0.011   0.000   0.000   0.000 480955300
10.16   9.30   46.308
10.16   1.00    0.119    0.005
10.16   1.00    0.124   47.133
10.16   1.00    0.122    0.140   0.124   0.138
10.16   1.00    0.122    0.129   0.124   0.127

10.17   0.00    0.138    0.127   0.043   0.024   0.012   0.017   0.031   0.011   0.000   0.000   0.000 481428700
10.17   9.30   46.300
10.17   1.00    0.119    0.005
10.17   1.00    0.124   47.122
10.17   1.00    0.122    0.140   0.124   0.138
10.17   1.00    0.122    0.129   0.124   0.127

10.18   0.00    0.138    0.127   0.043   0.024   0.012   0.017   0.031   0.011   0.000   0.000   0.000 481902100
10.18   9.30   46.292
10.18   1.00    0.119    0.005
10.18   1.00    0.124   47.112
10.18   1.00    0.122    0.140   0.124   0.138
10.18   1.00    0.122    0.129   0.124   0.127

10.19   0.00    0.138    0.127   0.043   0.024   0.012   0.017   0.031   0.011   0.000   0.000   0.000 482375400
10.19   9.29   46.284
10.19   1.00    0.119    0.005
10.19   1.00    0.124   47.102
10.19   1.00    0.122    0.140   0.124   0.138
10.19   1.00    0.122    0.129   0.124   0.127

10.20   0.00    0.138    0.127   0.043   0.024   0.012   0.017   0.031   0.011   0.000   0.000   0.000 482848800
10.20   9.29   46.275
10.20   1.00    0.119    0.005
10.20   1.00    0.124   47.092
10.20   1.00    0.122    0.140   0.124   0.138
10.20   1.00    0.122    0.129   0.124   0.127

10.21   0.00    0.138    0.127   0.043   0.024   0.012   0.017   0.031   0.011   0.000   0.000   0.000 483322200
10.21   9.28   46.267
10.21   1.00    0.119    0.005
10.21   1.00    0.124   47.082
10.21   1.00    0.121    0.140   0.124   0.138
10.21   1.00    0.122    0.129   0.124   0.127

10.22   0.00    0.138    0.127   0.043   0.024   0.012   0.017   0.031   0.011   0.000   0.000   0.000 483795600
10.22   9.28   46.259
10.22   1.00    0.119    0.005
10.22   1.00    0.124   47.072
10.22   1.00    0.121    0.140   0.124   0.138
10.22   1.00    0.122    0.129   0.124   0.127

10.23   0.00    0.138    0.127   0.043   0.024   0.012   0.017   0.031   0.011   0.000   0.000   0.000 484269000
10.23   9.28   46.251
10.23   1.00    0.119    0.005
10.23   1.00    0.124   47.062
10.23   1.00    0.121    0.140   0.124   0.138
10.23   1.00    0.122    0.129   0.124   0.127

10.24   0.00    0.138    0.127   0.043   0.024   0.012   0.017   0.031   0.011   0.000   0.000   0.000 484742400
10.24   9.27   46.242
10.24   1.00    0.119    0.005
10.24   1.00    0.124   47.052
10.24   1.00    0.121    0.140   0.124   0.138
10.24   1.00    0.121    0.129   0.124   0.127

10.25   0.00    0.138    0.127   0.043   0.024   0.012   0.017   0.031   0.011   0.000   0.000   0.000 485215700
10.25   9.27   46.234
10.25   1.00    0.119    0.005
10.25   1.00    0.124   47.041
10.25   1.00    0.121    0.140   0.124   0.138
10.25   1.00    0.121    0.129   0.124   0.127

10.26   0.00    0.138    0.127   0.043   0.024   0.012   0.017   0.031   0.011   0.000   0.000   0.000 485689200
10.26   9.26   46.226
10.26   1.00    0.118    0.005
10.26   1.00    0.124   47.031
10.26   1.00    0.121    0.140   0.124   0.138
10.26   1.00    0.121    0.129   0.124   0.127

10.27   0.00    0.138    0.127   0.043   0.024   0.012   0.017   0.031   0.011   0.000   0.000   0.000 486162500
10.27   9.26   46.218
10.27   1.00    0.118    0.005
10.27   1.00    0.123   47.021
10.27   1.00    0.121    0.140   0.123   0.138
10.27   1.00    0.121    0.129   0.123   0.127

10.28   0.00    0.137    0.127   0.043   0.024   0.012   0.017   0.031   0.011   0.000   0.000   0.000 486635900
10.28   9.26   46.210
10.28   1.00    0.118    0.005
10.28   1.00    0.123   47.011
10.28   1.00    0.121    0.140   0.123   0.138
10.28   1.00    0.121    0.129   0.123   0.127

10.29   0.00    0.137    0.127   0.043   0.024   0.012   0.017   0.031   0.011   0.000   0.000   0.000 487109300
10.29   9.25   46.202
10.29   1.00    0.118    0.005
10.29   1.00    0.123   47.001
10.29   1.00    0.121    0.140   0.123   0.137
10.29   1.00    0.121    0.129   0.123   0.127

10.30   0.00    0.137    0.127   0.043   0.024   0.012   0.017   0.031   0.011   0.000   0.000   0.000 487582700
10.30   9.25   46.193
10.30   1.00    0.118    0.005
10.30   1.00    0.123   46.991
10.30   1.00    0.121    0.140   0.123   0.137
10.30   1.00    0.121    0.129   0.123   0.127

10.31   0.00    0.137    0.127   0.043   0.024   0.012   0.017   0.031   0.011   0.000   0.000   0.000 488056100
10.31   9.25   46.185
10.31   1.00    0.118    0.005
10.31   1.00    0.123   46.981
10.31   1.00    0.121    0.140   0.123   0.137
10.31   1.00    0.121    0.129   0.123   0.127

10.32   0.00    0.137    0.127   0.043   0.024   0.012   0.017   0.031   0.011   0.000   0.000   0.000 488529400
10.32   9.24   46.177
10.32   1.00    0.118    0.005
10.32   1.00    0.123   46.971
10.32   1.00    0.121    0.139   0.123   0.137
10.32   1.00    0.121    0.129   0.123   0.127

10.33   0.00    0.137    0.127   0.043   0.024   0.012   0.017   0.031   0.011   0.000   0.000   0.000 489002800
10.33   9.24   46.169
10.33   1.00    0.118    0.005
10.33   1.00    0.123   46.962
10.33   1.00    0.121    0.139   0.123   0.137
10.33   1.00    0.121    0.129   0.123   0.127

10.34   0.00    0.137    0.126   0.043   0.024   0.012   0.017   0.031   0.011   0.000   0.000   0.000 489476200
10.34   9.23   46.161
10.34   1.00    0.118    0.005
10.34   1.00    0.123   46.952
10.34   1.00    0.120    0.139   0.123   0.137
10.34   1.00    0.121    0.129   0.123   0.127

10.35   0.00    0.137    0.126   0.043   0.024   0.011   0.017   0.031   0.011   0.000   0.000   0.000 489949600
10.35   9.23   46.153
10.35   1.00    0.118    0.005
10.35   1.00    0.123   46.942
10.35   1.00    0.120    0.139   0.123   0.137
10.35   1.00    0.121    0.129   0.123   0.126

10.36   0.00    0.137    0.126   0.043   0.024   0.011   0.017   0.031   0.011   0.000   0.000   0.000 490422900
10.36   9.23   46.145
10.36   1.00    0.118    0.005
10.36   1.00    0.123   46.932
10.36   1.00    0.120    0.139   0.123   0.137
10.36   1.00    0.121    0.129   0.123   0.126

10.37   0.00    0.137    0.126   0.043   0.024   0.011   0.017   0.031   0.011   0.000   0.000   0.000 490896300
10.37   9.22   46.137
10.37   1.00    0.118    0.005
10.37   1.00    0.123   46.922
10.37   1.00    0.120    0.139   0.123   0.137
10.37   1.00    0.120    0.129   0.123   0.126

10.38   0.00    0.137    0.126   0.043   0.024   0.011   0.017   0.031   0.011   0.000   0.000   0.000 491369700
10.38   9.22   46.129
10.38   1.00    0.118    0.005
10.38   1.00    0.123   46.912
10.38   1.00    0.120    0.139   0.123   0.137
10.38   1.00    0.120    0.129   0.123   0.126

10.39   0.00    0.137    0.126   0.043   0.024   0.011   0.017   0.031   0.011   0.000   0.000   0.000 491843100
10.39   9.21   46.121
10.39   1.00    0.118    0.005
10.39   1.00    0.123   46.902
10.39   1.00    0.120    0.139   0.123   0.137
10.39   1.00    0.120    0.129   0.123   0.126

10.40   0.00    0.137    0.126   0.043   0.024   0.011   0.017   0.031   0.011   0.000   0.000   0.000 492316400
10.40   9.21   46.113
10.40   1.00    0.118    0.005
10.40   1.00    0.122   46.892
10.40   1.00    0.120    0.139   0.122   0.137
10.40   1.00    0.120    0.128   0.122   0.126

10.41   0.00    0.137    0.126   0.043   0.024   0.011   0.017   0.031   0.011   0.000   0.000   0.000 492789800
10.41   9.21   46.105
10.41   1.00    0.117    0.005
10.41   1.00    0.122   46.882
10.41   1.00    0.120    0.139   0.122   0.137
10.41   1.00    0.120    0.128   0.122   0.126

10.42   0.00    0.137    0.126   0.043   0.024   0.011   0.017   0.031   0.011   0.000   0.000   0.000 493263200
10.42   9.20   46.097
10.42   1.00    0.117    0.005
10.42   1.00    0.122   46.873
10.42   1.00    0.120    0.139   0.122   0.137
10.42   1.00    0.120    0.128   0.122   0.126

10.43   0.00    0.137    0.126   0.043   0.024   0.011   0.017   0.031   0.011   0.000   0.000   0.000 493736600
10.43   9.20   46.089
10.43   1.00    0.117    0.005
10.43   1.00    0.122   46.863
10.43   1.00    0.120    0.139   0.122   0.137
10.43   1.00    0.120    0.128   0.122   0.126

10.44   0.00    0.137    0.126   0.043   0.024   0.011   0.017   0.031   0.011   0.000   0.000   0.000 494210000
10.44   9.20   46.081
10.44   1.00    0.117    0.005
10.44   1.00    0.122   46.853
10.44   1.00    0.120    0.139   0.122   0.137
10.44   1.00    0.120    0.128   0.122   0.126

10.45   0.00    0.137    0.126   0.043   0.024   0.011   0.017   0.031   0.011   0.000   0.000   0.000 494683400
10.45   9.19   46.073
10.45   1.00    0.117    0.005
10.45   1.00    0.122   46.843
10.45   1.00    0.120    0.139   0.122   0.137
10.45   1.00    0.120    0.128   0.122   0.126

10.46   0.00    0.137    0.126   0.043   0.024   0.011   0.017   0.031   0.011   0.000   0.000   0.000 495156800
10.46   9.19   46.065
10.46   1.00    0.117    0.005
10.46   1.00    0.122   46.834
10.46   1.00    0.120    0.139   0.122   0.137
10.46   1.00    0.120    0.128   0.122   0.126

10.47   0.00    0.137    0.126   0.043   0.024   0.011   0.017   0.031   0.011   0.000   0.000   0.000 495630100
10.47   9.18   46.057
10.47   1.00    0.117    0.005
10.47   1.00    0.122   46.824
10.47   1.00    0.120    0.139   0.122   0.137
10.47   1.00    0.120    0.128   0.122   0.126

10.48   0.00    0.137    0.126   0.043   0.024   0.011   0.017   0.030   0.011   0.000   0.000   0.000 496103500
10.48   9.18   46.050
10.48   1.00    0.117    0.005
10.48   1.00    0.122   46.814
10.48   1.00    0.119    0.139   0.122   0.137
10.48   1.00    0.120    0.128   0.122   0.126

10.49   0.00    0.137    0.126   0.043   0.024   0.011   0.017   0.030   0.011   0.000   0.000   0.000 496576900
10.49   9.18   46.042
10.49   1.00    0.117    0.005
10.49   1.00    0.122   46.804
10.49   1.00    0.119    0.139   0.122   0.137
10.49   1.00    0.120    0.128   0.122   0.126

10.50   0.00    0.137    0.126   0.043   0.024   0.011   0.017   0.030   0.011   0.000   0.000   0.000 497050300
10.50   9.17   46.034
10.50   1.00    0.117    0.005
10.50   1.00    0.122   46.795
10.50   1.00    0.119    0.139   0.122   0.137
10.50   1.00    0.120    0.128   0.122   0.126

10.51   0.00    0.136    0.126   0.043   0.024   0.011   0.017   0.030   0.011   0.000   0.000   0.000 497523700
10.51   9.17   46.026
10.51   1.00    0.117    0.005
10.51   1.00    0.122   46.785
10.51   1.00    0.119    0.139   0.122   0.137
10.51   1.00    0.119    0.128   0.122   0.126

10.52   0.00    0.136    0.126   0.043   0.024   0.011   0.017   0.030   0.011   0.000   0.000   0.000 497997100
10.52   9.17   46.018
10.52   1.00    0.117    0.005
10.52   1.00    0.122   46.775
10.52   1.00    0.119    0.139   0.122   0.136
10.52   1.00    0.119    0.128   0.122   0.126

10.53   0.00    0.136    0.126   0.043   0.024   0.011   0.017   0.030   0.011   0.000   0.000   0.000 498470400
10.53   9.16   46.010
10.53   1.00    0.117    0.005
10.53   1.00    0.122   46.766
10.53   1.00    0.119    0.139   0.122   0.136
10.53   1.00    0.119    0.128   0.122   0.126

10.54   0.00    0.136    0.126   0.043   0.024   0.011   0.017   0.030   0.011   0.000   0.000   0.000 498943800
10.54   9.16   46.003
10.54   1.00    0.117    0.005
10.54   1.00    0.121   46.756
10.54   1.00    0.119    0.139   0.121   0.136
10.54   1.00    0.119    0.128   0.121   0.126

10.55   0.00    0.136    0.126   0.043   0.024   0.011   0.017   0.030   0.011   0.000   0.000   0.000 499417200
10.55   9.15   45.995
10.55   1.00    0.117    0.005
10.55   1.00    0.121   46.746
10.55   1.00    0.119    0.138   0.121   0.136
10.55   1.00    0.119    0.128   0.121   0.126

10.56   0.00    0.136    0.126   0.043   0.024   0.011   0.017   0.030   0.011   0.000   0.000   0.000 499890600
10.56   9.15   45.987
10.56   1.00    0.116    0.005
10.56   1.00    0.121   46.737
10.56   1.00    0.119    0.138   0.121   0.136
10.56   1.00    0.119    0.128   0.121   0.126

10.57   0.00    0.136    0.126   0.043   0.024   0.011   0.017   0.030   0.011   0.000   0.000   0.000 500363900
10.57   9.15   45.979
10.57   1.00    0.116    0.005
10.57   1.00    0.121   46.727
10.57   1.00    0.119    0.138   0.121   0.136
10.57   1.00    0.119    0.128   0.121   0.126

10.58   0.00    0.136    0.126   0.043   0.024   0.011   0.017   0.030   0.011   0.000   0.000   0.000 500837300
10.58   9.14   45.972
10.58   1.00    0.116    0.005
10.58   1.00    0.121   46.717
10.58   1.00    0.119    0.138   0.121   0.136
10.58   1.00    0.119    0.128   0.121   0.126

10.59   0.00    0.136    0.126   0.043   0.024   0.011   0.017   0.030   0.011   0.000   0.000   0.000 501310700
10.59   9.14   45.964
10.59   1.00    0.116    0.005
10.59   1.00    0.121   46.708
10.59   1.00    0.119    0.138   0.121   0.136
10.59   1.00    0.119    0.128   0.121   0.126

10.60   0.00    0.136    0.126   0.043   0.024   0.011   0.017   0.030   0.011   0.000   0.000   0.000 501784100
10.60   9.14   45.956
10.60   1.00    0.116    0.005
10.60   1.00    0.121   46.698
10.60   1.00    0.119    0.138   0.121   0.136
10.60   1.00    0.119    0.128   0.121   0.126

10.61   0.00    0.136    0.126   0.043   0.024   0.011   0.017   0.030   0.011   0.000   0.000   0.000 502257400
10.61   9.13   45.948
10.61   1.00    0.116    0.005
10.61   1.00    0.121   46.689
10.61   1.00    0.119    0.138   0.121   0.136
10.61   1.00    0.119    0.128   0.121   0.126

10.62   0.00    0.136    0.126   0.043   0.024   0.011   0.017   0.030   0.011   0.000   0.000   0.000 502730800
10.62   9.13   45.941
10.62   1.00    0.116    0.005
10.62   1.00    0.121   46.679
10.62   1.00    0.118    0.138   0.121   0.136
10.62   1.00    0.119    0.128   0.121   0.126

10.63   0.00    0.136    0.126   0.043   0.024   0.011   0.017   0.030   0.011   0.000   0.000   0.000 503204200
10.63   9.12   45.933
10.63   1.00    0.116    0.005
10.63   1.00    0.121   46.670
10.63   1.00    0.118    0.138   0.121   0.136
10.63   1.00    0.119    0.128   0.121   0.126

10.64   0.00    0.136    0.126   0.043   0.024   0.011   0.017   0.030   0.011   0.000   0.000   0.000 503677600
10.64   9.12   45.925
10.64   1.00    0.116    0.005
10.64   1.00    0.121   46.660
10.64   1.00    0.118    0.138   0.121   0.136
10.64   1.00    0.118    0.128   0.121   0.126

10.65   0.00    0.136    0.126   0.043   0.024   0.011   0.017   0.030   0.011   0.000   0.000   0.000 504151000
10.65   9.12   45.918
10.65   1.00    0.116    0.005
10.65   1.00    0.121   46.651
10.65   1.00    0.118    0.138   0.121   0.136
10.65   1.00    0.118    0.128   0.121   0.126

10.66   0.00    0.136    0.126   0.043   0.024   0.011   0.017   0.030   0.011   0.000   0.000   0.000 504624400
10.66   9.11   45.910
10.66   1.00    0.116    0.005
10.66   1.00    0.121   46.641
10.66   1.00    0.118    0.138   0.121   0.136
10.66   1.00    0.118    0.128   0.121   0.126

10.67   0.00    0.136    0.126   0.043   0.024   0.011   0.017   0.030   0.011   0.000   0.000   0.000 505097800
10.67   9.11   45.902
10.67   1.00    0.116    0.005
10.67   1.00    0.120   46.632
10.67   1.00    0.118    0.138   0.120   0.136
10.67   1.00    0.118    0.128   0.120   0.126

10.68   0.00    0.136    0.126   0.043   0.024   0.011   0.017   0.030   0.011   0.000   0.000   0.000 505571200
10.68   9.11   45.895
10.68   1.00    0.116    0.005
10.68   1.00    0.120   46.622
10.68   1.00    0.118    0.138   0.120   0.136
10.68   1.00    0.118    0.128   0.120   0.126

10.69   0.00    0.136    0.126   0.043   0.024   0.011   0.017   0.030   0.011   0.000   0.000   0.000 506044500
10.69   9.10   45.887
10.69   1.00    0.116    0.005
10.69   1.00    0.120   46.613
10.69   1.00    0.118    0.138   0.120   0.136
10.69   1.00    0.118    0.128   0.120   0.126

10.70   0.00    0.136    0.126   0.043   0.024   0.011   0.017   0.030   0.011   0.000   0.000   0.000 506517900
10.70   9.10   45.880
10.70   1.00    0.116    0.005
10.70   1.00    0.120   46.603
10.70   1.00    0.118    0.138   0.120   0.136
10.70   1.00    0.118    0.128   0.120   0.126

10.71   0.00    0.136    0.126   0.043   0.024   0.011   0.017   0.030   0.011   0.000   0.000   0.000 506991300
10.71   9.10   45.872
10.71   1.00    0.116    0.005
10.71   1.00    0.120   46.594
10.71   1.00    0.118    0.138   0.120   0.136
10.71   1.00    0.118    0.128   0.120   0.126

10.72   0.00    0.136    0.126   0.043   0.024   0.011   0.017   0.030   0.011   0.000   0.000   0.000 507464700
10.72   9.09   45.865
10.72   1.00    0.115    0.005
10.72   1.00    0.120   46.585
10.72   1.00    0.118    0.138   0.120   0.136
10.72   1.00    0.118    0.128   0.120   0.126

10.73   0.00    0.136    0.126   0.043   0.024   0.011   0.017   0.030   0.011   0.000   0.000   0.000 507938000
10.73   9.09   45.857
10.73   1.00    0.115    0.005
10.73   1.00    0.120   46.575
10.73   1.00    0.118    0.138   0.120   0.136
10.73   1.00    0.118    0.128   0.120   0.126

10.74   0.00    0.136    0.126   0.043   0.024   0.011   0.017   0.030   0.011   0.000   0.000   0.000 508411400
10.74   9.08   45.849
10.74   1.00    0.115    0.005
10.74   1.00    0.120   46.566
10.74   1.00    0.118    0.138   0.120   0.136
10.74   1.00    0.118    0.128   0.120   0.126

10.75   0.00    0.136    0.126   0.043   0.024   0.011   0.017   0.030   0.011   0.000   0.000   0.000 508884800
10.75   9.08   45.842
10.75   1.00    0.115    0.005
10.75   1.00    0.120   46.556
10.75   1.00    0.118    0.138   0.120   0.136
10.75   1.00    0.118    0.128   0.120   0.126

10.76   0.00    0.135    0.126   0.043   0.024   0.011   0.017   0.030   0.011   0.000   0.000   0.000 509358200
10.76   9.08   45.834
10.76   1.00    0.115    0.005
10.76   1.00    0.120   46.547
10.76   1.00    0.117    0.138   0.120   0.136
10.76   1.00    0.118    0.128   0.120   0.126

10.77   0.00    0.135    0.125   0.043   0.024   0.011   0.017   0.030   0.011   0.000   0.000   0.000 509831600
10.77   9.07   45.827
10.77   1.00    0.115    0.005
10.77   1.00    0.120   46.538
10.77   1.00    0.117    0.138   0.120   0.135
10.77   1.00    0.118    0.128   0.120   0.126

10.78   0.00    0.135    0.125   0.043   0.024   0.011   0.017   0.030   0.011   0.000   0.000   0.000 510304900
10.78   9.07   45.819
10.78   1.00    0.115    0.005
10.78   1.00    0.120   46.528
10.78   1.00    0.117    0.138   0.120   0.135
10.78   1.00    0.117    0.128   0.120   0.126

10.79   0.00    0.135    0.125   0.043   0.024   0.011   0.017   0.030   0.011   0.000   0.000   0.000 510778300
10.79   9.07   45.812
10.79   1.00    0.115    0.005
10.79   1.00    0.120   46.519
10.79   1.00    0.117    0.137   0.120   0.135
10.79   1.00    0.117    0.128   0.120   0.125

10.80   0.00    0.135    0.125   0.043   0.024   0.011   0.017   0.030   0.011   0.000   0.000   0.000 511251700
10.80   9.06   45.804
10.80   1.00    0.115    0.005
10.80   1.00    0.120   46.510
10.80   1.00    0.117    0.137   0.120   0.135
10.80   1.00    0.117    0.128   0.120   0.125

10.81   0.00    0.135    0.125   0.043   0.024   0.011   0.017   0.030   0.011   0.000   0.000   0.000 511725100
10.81   9.06   45.797
10.81   1.00    0.115    0.005
10.81   1.00    0.119   46.500
10.81   1.00    0.117    0.137   0.119   0.135
10.81   1.00    0.117    0.128   0.119   0.125

10.82   0.00    0.135    0.125   0.043   0.024   0.011   0.017   0.030   0.011   0.000   0.000   0.000 512198500
10.82   9.06   45.790
10.82   1.00    0.115    0.005
10.82   1.00    0.119   46.491
10.82   1.00    0.117    0.137   0.119   0.135
10.82   1.00    0.117    0.127   0.119   0.125

10.83   0.00    0.135    0.125   0.043   0.024   0.011   0.017   0.030   0.011   0.000   0.000   0.000 512671800
10.83   9.05   45.782
10.83   1.00    0.115    0.005
10.83   1.00    0.119   46.482
10.83   1.00    0.117    0.137   0.119   0.135
10.83   1.00    0.117    0.127   0.119   0.125

10.84   0.00    0.135    0.125   0.043   0.024   0.011   0.017   0.030   0.011   0.000   0.000   0.000 513145200
10.84   9.05   45.775
10.84   1.00    0.115    0.005
10.84   1.00    0.119   46.473
10.84   1.00    0.117    0.137   0.119   0.135
10.84   1.00    0.117    0.127   0.119   0.125

10.85   0.00    0.135    0.125   0.043   0.024   0.011   0.017   0.030   0.011   0.000   0.000   0.000 513618600
10.85   9.04   45.767
10.85   1.00    0.115    0.005
10.85   1.00    0.119   46.463
10.85   1.00    0.117    0.137   0.119   0.135
10.85   1.00    0.117    0.127   0.119   0.125

10.86   0.00    0.135    0.125   0.043   0.024   0.010   0.017   0.030   0.011   0.000   0.000   0.000 514092000
10.86   9.04   45.760
10.86   1.00    0.115    0.005
10.86   1.00    0.119   46.454
10.86   1.00    0.117    0.137   0.119   0.135
10.86   1.00    0.117    0.127   0.119   0.125

10.87   0.00    0.135    0.125   0.043   0.024   0.010   0.017   0.030   0.011   0.000   0.000   0.000 514565400
10.87   9.04   45.753
10.87   1.00    0.115    0.005
10.87   1.00    0.119   46.445
10.87   1.00    0.117    0.137   0.119   0.135
10.87   1.00    0.117    0.127   0.119   0.125

10.88   0.00    0.135    0.125   0.043   0.024   0.010   0.017   0.030   0.011   0.000   0.000   0.000 515038800
10.88   9.03   45.745
10.88   1.00    0.114    0.005
10.88   1.00    0.119   46.436
10.88   1.00    0.117    0.137   0.119   0.135
10.88   1.00    0.117    0.127   0.119   0.125

10.89   0.00    0.135    0.125   0.043   0.024   0.010   0.017   0.030   0.011   0.000   0.000   0.000 515512200
10.89   9.03   45.738
10.89   1.00    0.114    0.005
10.89   1.00    0.119   46.427
10.89   1.00    0.117    0.137   0.119   0.135
10.89   1.00    0.117    0.127   0.119   0.125

10.90   0.00    0.135    0.125   0.043   0.024   0.010   0.017   0.030   0.011   0.000   0.000   0.000 515985500
10.90   9.03   45.730
10.90   1.00    0.114    0.005
10.90   1.00    0.119   46.417
10.90   1.00    0.116    0.137   0.119   0.135
10.90   1.00    0.117    0.127   0.119   0.125

10.91   0.00    0.135    0.125   0.043   0.024   0.010   0.017   0.030   0.011   0.000   0.000   0.000 516458900
10.91   9.02   45.723
10.91   1.00    0.114    0.005
10.91   1.00    0.119   46.408
10.91   1.00    0.116    0.137   0.119   0.135
10.91   1.00    0.117    0.127   0.119   0.125

10.92   0.00    0.135    0.125   0.043   0.024   0.010   0.017   0.030   0.011   0.000   0.000   0.000 516932300
10.92   9.02   45.716
10.92   1.00    0.114    0.005
10.92   1.00    0.119   46.399
10.92   1.00    0.116    0.137   0.119   0.135
10.92   1.00    0.117    0.127   0.119   0.125

10.93   0.00    0.135    0.125   0.043   0.024   0.010   0.017   0.030   0.011   0.000   0.000   0.000 517405700
10.93   9.02   45.709
10.93   1.00    0.114    0.005
10.93   1.00    0.119   46.390
10.93   1.00    0.116    0.137   0.119   0.135
10.93   1.00    0.116    0.127   0.119   0.125

10.94   0.00    0.135    0.125   0.043   0.024   0.010   0.017   0.030   0.011   0.000   0.000   0.000 517879000
10.94   9.01   45.701
10.94   1.00    0.114    0.005
10.94   1.00    0.119   46.381
10.94   1.00    0.116    0.137   0.119   0.135
10.94   1.00    0.116    0.127   0.119   0.125

10.95   0.00    0.135    0.125   0.043   0.024   0.010   0.017   0.030   0.011   0.000   0.000   0.000 518352400
10.95   9.01   45.694
10.95   1.00    0.114    0.004
10.95   1.00    0.118   46.372
10.95   1.00    0.116    0.137   0.118   0.135
10.95   1.00    0.116    0.127   0.118   0.125

10.96   0.00    0.135    0.125   0.043   0.024   0.010   0.017   0.030   0.011   0.000   0.000   0.000 518825800
10.96   9.01   45.687
10.96   1.00    0.114    0.004
10.96   1.00    0.118   46.363
10.96   1.00    0.116    0.137   0.118   0.135
10.96   1.00    0.116    0.127   0.118   0.125

10.97   0.00    0.135    0.125   0.043   0.024   0.010   0.017   0.030   0.011   0.000   0.000   0.000 519299200
10.97   9.00   45.679
10.97   1.00    0.114    0.004
10.97   1.00    0.118   46.353
10.97   1.00    0.116    0.137   0.118   0.135
10.97   1.00    0.116    0.127   0.118   0.125

10.98   0.00    0.135    0.125   0.043   0.024   0.010   0.017   0.030   0.011   0.000   0.000   0.000 519772500
10.98   9.00   45.672
10.98   1.00    0.114    0.004
10.98   1.00    0.118   46.344
10.98   1.00    0.116    0.137   0.118   0.135
10.98   1.00    0.116    0.127   0.118   0.125

10.99   0.00    0.135    0.125   0.043   0.024   0.010   0.017   0.030   0.011   0.000   0.000   0.000 520246000
10.99   8.99   45.665
10.99   1.00    0.114    0.004
10.99   1.00    0.118   46.335
10.99   1.00    0.116    0.137   0.118   0.135
10.99   1.00    0.116    0.127   0.118   0.125

11.00   0.00    0.135    0.125   0.043   0.024   0.010   0.017   0.030   0.011   0.000   0.000   0.000 520719300
11.00   8.99   45.658
11.00   1.00    0.114    0.004
11.00   1.00    0.118   46.326
11.00   1.00    0.116    0.137   0.118   0.135
11.00   1.00    0.116    0.127   0.118   0.125

11.01   0.00    0.135    0.125   0.043   0.024   0.010   0.017   0.030   0.011   0.000   0.000   0.000 521192700
11.01   8.99   45.650
11.01   1.00    0.114    0.004
11.01   1.00    0.118   46.317
11.01   1.00    0.116    0.137   0.118   0.135
11.01   1.00    0.116    0.127   0.118   0.125

11.02   0.00    0.134    0.125   0.043   0.024   0.010   0.017   0.030   0.011   0.000   0.000   0.000 521666100
11.02   8.98   45.643
11.02   1.00    0.114    0.004
11.02   1.00    0.118   46.308
11.02   1.00    0.116    0.137   0.118   0.135
11.02   1.00    0.116    0.127   0.118   0.125

11.03   0.00    0.134    0.125   0.043   0.024   0.010   0.017   0.030   0.011   0.000   0.000   0.000 522139500
11.03   8.98   45.636
11.03   1.00    0.114    0.004
11.03   1.00    0.118   46.299
11.03   1.00    0.116    0.137   0.118   0.134
11.03   1.00    0.116    0.127   0.118   0.125

11.04   0.00    0.134    0.125   0.043   0.024   0.010   0.017   0.030   0.011   0.000   0.000   0.000 522612900
11.04   8.98   45.629
11.04   1.00    0.113    0.004
11.04   1.00    0.118   46.290
11.04   1.00    0.116    0.136   0.118   0.134
11.04   1.00    0.116    0.127   0.118   0.125

11.05   0.00    0.134    0.125   0.043   0.024   0.010   0.017   0.030   0.011   0.000   0.000   0.000 523086200
11.05   8.97   45.622
11.05   1.00    0.113    0.004
11.05   1.00    0.118   46.281
11.05   1.00    0.115    0.136   0.118   0.134
11.05   1.00    0.116    0.127   0.118   0.125

11.06   0.00    0.134    0.125   0.043   0.024   0.010   0.017   0.030   0.011   0.000   0.000   0.000 523559600
11.06   8.97   45.615
11.06   1.00    0.113    0.004
11.06   1.00    0.118   46.272
11.06   1.00    0.115    0.136   0.118   0.134
11.06   1.00    0.116    0.127   0.118   0.125

11.07   0.00    0.134    0.125   0.043   0.024   0.010   0.017   0.030   0.011   0.000   0.000   0.000 524033000
11.07   8.97   45.607
11.07   1.00    0.113    0.004
11.07   1.00    0.118   46.263
11.07   1.00    0.115    0.136   0.118   0.134
11.07   1.00    0.115    0.127   0.118   0.125

11.08   0.00    0.134    0.125   0.043   0.024   0.010   0.017   0.030   0.011   0.000   0.000   0.000 524506400
11.08   8.96   45.600
11.08   1.00    0.113    0.004
11.08   1.00    0.118   46.254
11.08   1.00    0.115    0.136   0.118   0.134
11.08   1.00    0.115    0.127   0.118   0.125

11.09   0.00    0.134    0.125   0.043   0.024   0.010   0.017   0.030   0.011   0.000   0.000   0.000 524979800
11.09   8.96   45.593
11.09   1.00    0.113    0.004
11.09   1.00    0.118   46.245
11.09   1.00    0.115    0.136   0.118   0.134
11.09   1.00    0.115    0.127   0.118   0.125

11.10   0.00    0.134    0.125   0.043   0.024   0.010   0.017   0.030   0.011   0.000   0.000   0.000 525453200
11.10   8.96   45.586
11.10   1.00    0.113    0.004
11.10   1.00    0.117   46.236
11.10   1.00    0.115    0.136   0.117   0.134
11.10   1.00    0.115    0.127   0.117   0.125

11.11   0.00    0.134    0.125   0.043   0.024   0.010   0.017   0.029   0.011   0.000   0.000   0.000 525926500
11.11   8.95   45.579
11.11   1.00    0.113    0.004
11.11   1.00    0.117   46.227
11.11   1.00    0.115    0.136   0.117   0.134
11.11   1.00    0.115    0.127   0.117   0.125

11.12   0.00    0.134    0.125   0.043   0.024   0.010   0.017   0.029   0.011   0.000   0.000   0.000 526399900
11.12   8.95   45.572
11.12   1.00    0.113    0.004
11.12   1.00    0.117   46.218
11.12   1.00    0.115    0.136   0.117   0.134
11.12   1.00    0.115    0.127   0.117   0.125

11.13   0.00    0.134    0.125   0.043   0.024   0.010   0.017   0.029   0.011   0.000   0.000   0.000 526873300
11.13   8.95   45.565
11.13   1.00    0.113    0.004
11.13   1.00    0.117   46.209
11.13   1.00    0.115    0.136   0.117   0.134
11.13   1.00    0.115    0.127   0.117   0.125

11.14   0.00    0.134    0.125   0.043   0.024   0.010   0.017   0.029   0.011   0.000   0.000   0.000 527346700
11.14   8.94   45.558
11.14   1.00    0.113    0.004
11.14   1.00    0.117   46.201
11.14   1.00    0.115    0.136   0.117   0.134
11.14   1.00    0.115    0.127   0.117   0.125

11.15   0.00    0.134    0.125   0.043   0.024   0.010   0.017   0.029   0.011   0.000   0.000   0.000 527820000
11.15   8.94   45.551
11.15   1.00    0.113    0.004
11.15   1.00    0.117   46.192
11.15   1.00    0.115    0.136   0.117   0.134
11.15   1.00    0.115    0.127   0.117   0.125

11.16   0.00    0.134    0.125   0.043   0.024   0.010   0.017   0.029   0.011   0.000   0.000   0.000 528293400
11.16   8.93   45.544
11.16   1.00    0.113    0.004
11.16   1.00    0.117   46.183
11.16   1.00    0.115    0.136   0.117   0.134
11.16   1.00    0.115    0.127   0.117   0.125

11.17   0.00    0.134    0.125   0.043   0.024   0.010   0.017   0.029   0.011   0.000   0.000   0.000 528766800
11.17   8.93   45.537
11.17   1.00    0.113    0.004
11.17   1.00    0.117   46.174
11.17   1.00    0.115    0.136   0.117   0.134
11.17   1.00    0.115    0.127   0.117   0.125

11.18   0.00    0.134    0.125   0.043   0.024   0.010   0.017   0.029   0.011   0.000   0.000   0.000 529240200
11.18   8.93   45.530
11.18   1.00    0.113    0.004
11.18   1.00    0.117   46.165
11.18   1.00    0.115    0.136   0.117   0.134
11.18   1.00    0.115    0.127   0.117   0.125

11.19   0.00    0.134    0.125   0.043   0.024   0.010   0.017   0.029   0.011   0.000   0.000   0.000 529713600
11.19   8.92   45.523
11.19   1.00    0.113    0.004
11.19   1.00    0.117   46.156
11.19   1.00    0.114    0.136   0.117   0.134
11.19   1.00    0.115    0.127   0.117   0.125

11.20   0.00    0.134    0.125   0.043   0.024   0.010   0.017   0.029   0.011   0.000   0.000   0.000 530186900
11.20   8.92   45.516
11.20   1.00    0.112    0.004
11.20   1.00    0.117   46.147
11.20   1.00    0.114    0.136   0.117   0.134
11.20   1.00    0.115    0.127   0.117   0.125

11.21   0.00    0.134    0.125   0.043   0.024   0.010   0.017   0.029   0.011   0.000   0.000   0.000 530660400
11.21   8.92   45.509
11.21   1.00    0.112    0.004
11.21   1.00    0.117   46.139
11.21   1.00    0.114    0.136   0.117   0.134
11.21   1.00    0.115    0.127   0.117   0.125

11.22   0.00    0.134    0.125   0.043   0.024   0.010   0.017   0.029   0.011   0.000   0.000   0.000 531133700
11.22   8.91   45.502
11.22   1.00    0.112    0.004
11.22   1.00    0.117   46.130
11.22   1.00    0.114    0.136   0.117   0.134
11.22   1.00    0.114    0.127   0.117   0.125

11.23   0.00    0.134    0.125   0.043   0.024   0.010   0.017   0.029   0.011   0.000   0.000   0.000 531607100
11.23   8.91   45.495
11.23   1.00    0.112    0.004
11.23   1.00    0.117   46.121
11.23   1.00    0.114    0.136   0.117   0.134
11.23   1.00    0.114    0.127   0.117   0.125

11.24   0.00    0.134    0.124   0.043   0.024   0.010   0.017   0.029   0.011   0.000   0.000   0.000 532080500
11.24   8.91   45.488
11.24   1.00    0.112    0.004
11.24   1.00    0.116   46.112
11.24   1.00    0.114    0.136   0.116   0.134
11.24   1.00    0.114    0.127   0.116   0.125

11.25   0.00    0.134    0.124   0.043   0.024   0.010   0.017   0.029   0.011   0.000   0.000   0.000 532553900
11.25   8.90   45.481
11.25   1.00    0.112    0.004
11.25   1.00    0.116   46.103
11.25   1.00    0.114    0.136   0.116   0.134
11.25   1.00    0.114    0.127   0.116   0.125

11.26   0.00    0.134    0.124   0.043   0.024   0.010   0.017   0.029   0.011   0.000   0.000   0.000 533027300
11.26   8.90   45.474
11.26   1.00    0.112    0.004
11.26   1.00    0.116   46.095
11.26   1.00    0.114    0.136   0.116   0.134
11.26   1.00    0.114    0.127   0.116   0.124

11.27   0.00    0.134    0.124   0.043   0.024   0.010   0.017   0.029   0.011   0.000   0.000   0.000 533500600
11.27   8.90   45.467
11.27   1.00    0.112    0.004
11.27   1.00    0.116   46.086
11.27   1.00    0.114    0.136   0.116   0.134
11.27   1.00    0.114    0.126   0.116   0.124

11.28   0.00    0.134    0.124   0.043   0.024   0.010   0.017   0.029   0.011   0.000   0.000   0.000 533974000
11.28   8.89   45.460
11.28   1.00    0.112    0.004
11.28   1.00    0.116   46.077
11.28   1.00    0.114    0.136   0.116   0.134
11.28   1.00    0.114    0.126   0.116   0.124

11.29   0.00    0.134    0.124   0.043   0.024   0.010   0.017   0.029   0.011   0.000   0.000   0.000 534447400
11.29   8.89   45.453
11.29   1.00    0.112    0.004
11.29   1.00    0.116   46.068
11.29   1.00    0.114    0.136   0.116   0.134
11.29   1.00    0.114    0.126   0.116   0.124

11.30   0.00    0.133    0.124   0.043   0.024   0.010   0.017   0.029   0.011   0.000   0.000   0.000 534920800
11.30   8.89   45.446
11.30   1.00    0.112    0.004
11.30   1.00    0.116   46.060
11.30   1.00    0.114    0.136   0.116   0.134
11.30   1.00    0.114    0.126   0.116   0.124

11.31   0.00    0.133    0.124   0.043   0.024   0.010   0.017   0.029   0.011   0.000   0.000   0.000 535394200
11.31   8.88   45.439
11.31   1.00    0.112    0.004
11.31   1.00    0.116   46.051
11.31   1.00    0.114    0.135   0.116   0.133
11.31   1.00    0.114    0.126   0.116   0.124

11.32   0.00    0.133    0.124   0.043   0.024   0.010   0.017   0.029   0.011   0.000   0.000   0.000 535867500
11.32   8.88   45.432
11.32   1.00    0.112    0.004
11.32   1.00    0.116   46.042
11.32   1.00    0.114    0.135   0.116   0.133
11.32   1.00    0.114    0.126   0.116   0.124

11.33   0.00    0.133    0.124   0.043   0.024   0.010   0.017   0.029   0.011   0.000   0.000   0.000 536340900
11.33   8.88   45.425
11.33   1.00    0.112    0.004
11.33   1.00    0.116   46.033
11.33   1.00    0.114    0.135   0.116   0.133
11.33   1.00    0.114    0.126   0.116   0.124

11.34   0.00    0.133    0.124   0.043   0.024   0.010   0.017   0.029   0.011   0.000   0.000   0.000 536814300
11.34   8.87   45.419
11.34   1.00    0.112    0.004
11.34   1.00    0.116   46.025
11.34   1.00    0.113    0.135   0.116   0.133
11.34   1.00    0.114    0.126   0.116   0.124

11.35   0.00    0.133    0.124   0.043   0.024   0.010   0.017   0.029   0.011   0.000   0.000   0.000 537287700
11.35   8.87   45.412
11.35   1.00    0.112    0.004
11.35   1.00    0.116   46.016
11.35   1.00    0.113    0.135   0.116   0.133
11.35   1.00    0.114    0.126   0.116   0.124

11.36   0.00    0.133    0.124   0.043   0.024   0.010   0.017   0.029   0.011   0.000   0.000   0.000 537761000
11.36   8.87   45.405
11.36   1.00    0.112    0.004
11.36   1.00    0.116   46.007
11.36   1.00    0.113    0.135   0.116   0.133
11.36   1.00    0.113    0.126   0.116   0.124

11.37   0.00    0.133    0.124   0.043   0.024   0.010   0.017   0.029   0.011   0.000   0.000   0.000 538234400
11.37   8.86   45.398
11.37   1.00    0.111    0.004
11.37   1.00    0.116   45.999
11.37   1.00    0.113    0.135   0.116   0.133
11.37   1.00    0.113    0.126   0.116   0.124

11.38   0.00    0.133    0.124   0.043   0.024   0.010   0.017   0.029   0.011   0.000   0.000   0.000 538707800
11.38   8.86   45.391
11.38   1.00    0.111    0.004
11.38   1.00    0.116   45.990
11.38   1.00    0.113    0.135   0.116   0.133
11.38   1.00    0.113    0.126   0.116   0.124

11.39   0.00    0.133    0.124   0.043   0.024   0.010   0.017   0.029   0.011   0.000   0.000   0.000 539181200
11.39   8.86   45.385
11.39   1.00    0.111    0.004
11.39   1.00    0.115   45.982
11.39   1.00    0.113    0.135   0.115   0.133
11.39   1.00    0.113    0.126   0.115   0.124

11.40   0.00    0.133    0.124   0.043   0.024   0.010   0.017   0.029   0.011   0.000   0.000   0.000 539654600
11.40   8.85   45.378
11.40   1.00    0.111    0.004
11.40   1.00    0.115   45.973
11.40   1.00    0.113    0.135   0.115   0.133
11.40   1.00    0.113    0.126   0.115   0.124

11.41   0.00    0.133    0.124   0.043   0.024   0.010   0.017   0.029   0.011   0.000   0.000   0.000 540127900
11.41   8.85   45.371
11.41   1.00    0.111    0.004
11.41   1.00    0.115   45.964
11.41   1.00    0.113    0.135   0.115   0.133
11.41   1.00    0.113    0.126   0.115   0.124

11.42   0.00    0.133    0.124   0.043   0.024   0.010   0.017   0.029   0.011   0.000   0.000   0.000 540601300
11.42   8.85   45.364
11.42   1.00    0.111    0.004
11.42   1.00    0.115   45.956
11.42   1.00    0.113    0.135   0.115   0.133
11.42   1.00    0.113    0.126   0.115   0.124

11.43   0.00    0.133    0.124   0.043   0.024   0.010   0.017   0.029   0.011   0.000   0.000   0.000 541074800
11.43   8.84   45.357
11.43   1.00    0.111    0.004
11.43   1.00    0.115   45.947
11.43   1.00    0.113    0.135   0.115   0.133
11.43   1.00    0.113    0.126   0.115   0.124

11.44   0.00    0.133    0.124   0.043   0.024   0.010   0.017   0.029   0.011   0.000   0.000   0.000 541548100
11.44   8.84   45.351
11.44   1.00    0.111    0.004
11.44   1.00    0.115   45.939
11.44   1.00    0.113    0.135   0.115   0.133
11.44   1.00    0.113    0.126   0.115   0.124

11.45   0.00    0.133    0.124   0.043   0.024   0.009   0.017   0.029   0.011   0.000   0.000   0.000 542021500
11.45   8.84   45.344
11.45   1.00    0.111    0.004
11.45   1.00    0.115   45.930
11.45   1.00    0.113    0.135   0.115   0.133
11.45   1.00    0.113    0.126   0.115   0.124

11.46   0.00    0.133    0.124   0.043   0.024   0.009   0.017   0.029   0.011   0.000   0.000   0.000 542494800
11.46   8.83   45.337
11.46   1.00    0.111    0.004
11.46   1.00    0.115   45.921
11.46   1.00    0.113    0.135   0.115   0.133
11.46   1.00    0.113    0.126   0.115   0.124

11.47   0.00    0.133    0.124   0.043   0.024   0.009   0.017   0.029   0.011   0.000   0.000   0.000 542968300
11.47   8.82   45.332
11.47   1.00    0.111    0.004
11.47   1.00    0.115   45.913
11.47   1.00    0.113    0.135   0.115   0.133
11.47   1.00    0.113    0.126   0.115   0.124

11.48   0.00    0.133    0.124   0.043   0.024   0.009   0.017   0.029   0.011   0.000   0.000   0.000 543441600
11.48   8.82   45.326
11.48   1.00    0.111    0.004
11.48   1.00    0.115   45.904
11.48   1.00    0.113    0.135   0.115   0.133
11.48   1.00    0.113    0.126   0.115   0.124

11.49   0.00    0.133    0.124   0.043   0.024   0.009   0.017   0.029   0.011   0.000   0.000   0.000 543915000
11.49   8.81   45.319
11.49   1.00    0.111    0.004
11.49   1.00    0.115   45.896
11.49   1.00    0.112    0.135   0.115   0.133
11.49   1.00    0.113    0.126   0.115   0.124

11.50   0.00    0.133    0.124   0.043   0.024   0.009   0.017   0.029   0.011   0.000   0.000   0.000 544388400
11.50   8.81   45.313
11.50   1.00    0.111    0.004
11.50   1.00    0.115   45.887
11.50   1.00    0.112    0.135   0.115   0.133
11.50   1.00    0.113    0.126   0.115   0.124

11.51   0.00    0.133    0.124   0.043   0.024   0.009   0.017   0.029   0.011   0.000   0.000   0.000 544861800
11.51   8.80   45.306
11.51   1.00    0.111    0.004
11.51   1.00    0.115   45.879
11.51   1.00    0.112    0.135   0.115   0.133
11.51   1.00    0.112    0.126   0.115   0.124

11.52   0.00    0.133    0.124   0.043   0.024   0.009   0.017   0.029   0.011   0.000   0.000   0.000 545335200
11.52   8.80   45.300
11.52   1.00    0.111    0.004
11.52   1.00    0.115   45.870
11.52   1.00    0.112    0.135   0.115   0.133
11.52   1.00    0.112    0.126   0.115   0.124

11.53   0.00    0.133    0.124   0.043   0.024   0.009   0.017   0.029   0.011   0.000   0.000   0.000 545808500
11.53   8.79   45.293
11.53   1.00    0.110    0.004
11.53   1.00    0.115   45.862
11.53   1.00    0.112    0.135   0.115   0.133
11.53   1.00    0.112    0.126   0.115   0.124

11.54   0.00    0.133    0.124   0.043   0.024   0.009   0.017   0.029   0.011   0.000   0.000   0.000 546281900
11.54   8.79   45.287
11.54   1.00    0.110    0.004
11.54   1.00    0.114   45.853
11.54   1.00    0.112    0.135   0.114   0.133
11.54   1.00    0.112    0.126   0.114   0.124

11.55   0.00    0.133    0.124   0.043   0.024   0.009   0.017   0.029   0.011   0.000   0.000   0.000 546755300
11.55   8.79   45.280
11.55   1.00    0.110    0.004
11.55   1.00    0.114   45.845
11.55   1.00    0.112    0.135   0.114   0.133
11.55   1.00    0.112    0.126   0.114   0.124

11.56   0.00    0.133    0.124   0.043   0.024   0.009   0.017   0.029   0.011   0.000   0.000   0.000 547228700
11.56   8.78   45.274
11.56   1.00    0.110    0.004
11.56   1.00    0.114   45.836
11.56   1.00    0.112    0.135   0.114   0.133
11.56   1.00    0.112    0.126   0.114   0.124

11.57   0.00    0.133    0.124   0.043   0.024   0.009   0.017   0.029   0.011   0.000   0.000   0.000 547702100
11.57   8.78   45.267
11.57   1.00    0.110    0.004
11.57   1.00    0.114   45.828
11.57   1.00    0.112    0.135   0.114   0.133
11.57   1.00    0.112    0.126   0.114   0.124

11.58   0.00    0.133    0.124   0.043   0.024   0.009   0.017   0.029   0.011   0.000   0.000   0.000 548175400
11.58   8.77   45.261
11.58   1.00    0.110    0.004
11.58   1.00    0.114   45.820
11.58   1.00    0.112    0.135   0.114   0.133
11.58   1.00    0.112    0.126   0.114   0.124

11.59   0.00    0.132    0.124   0.043   0.024   0.009   0.017   0.029   0.011   0.000   0.000   0.000 548648800
11.59   8.77   45.254
11.59   1.00    0.110    0.004
11.59   1.00    0.114   45.811
11.59   1.00    0.112    0.135   0.114   0.133
11.59   1.00    0.112    0.126   0.114   0.124

11.60   0.00    0.132    0.124   0.043   0.024   0.009   0.017   0.029   0.011   0.000   0.000   0.000 549122200
11.60   8.76   45.248
11.60   1.00    0.110    0.004
11.60   1.00    0.114   45.803
11.60   1.00    0.112    0.134   0.114   0.132
11.60   1.00    0.112    0.126   0.114   0.124

11.61   0.00    0.132    0.124   0.043   0.024   0.009   0.017   0.029   0.011   0.000   0.000   0.000 549595600
11.61   8.76   45.242
11.61   1.00    0.110    0.004
11.61   1.00    0.114   45.794
11.61   1.00    0.112    0.134   0.114   0.132
11.61   1.00    0.112    0.126   0.114   0.124

11.62   0.00    0.132    0.124   0.043   0.024   0.009   0.017   0.029   0.011   0.000   0.000   0.000 550069000
11.62   8.76   45.235
11.62   1.00    0.110    0.004
11.62   1.00    0.114   45.786
11.62   1.00    0.112    0.134   0.114   0.132
11.62   1.00    0.112    0.126   0.114   0.124

11.63   0.00    0.132    0.124   0.043   0.024   0.009   0.017   0.029   0.011   0.000   0.000   0.000 550542300
11.63   8.75   45.229
11.63   1.00    0.110    0.004
11.63   1.00    0.114   45.778
11.63   1.00    0.112    0.134   0.114   0.132
11.63   1.00    0.112    0.126   0.114   0.124

11.64   0.00    0.132    0.124   0.043   0.024   0.009   0.017   0.029   0.011   0.000   0.000   0.000 551015700
11.64   8.75   45.222
11.64   1.00    0.110    0.004
11.64   1.00    0.114   45.769
11.64   1.00    0.111    0.134   0.114   0.132
11.64   1.00    0.112    0.126   0.114   0.124

11.65   0.00    0.132    0.124   0.043   0.024   0.009   0.017   0.029   0.011   0.000   0.000   0.000 551489100
11.65   8.74   45.216
11.65   1.00    0.110    0.004
11.65   1.00    0.114   45.761
11.65   1.00    0.111    0.134   0.114   0.132
11.65   1.00    0.112    0.126   0.114   0.124

11.66   0.00    0.132    0.124   0.043   0.024   0.009   0.017   0.029   0.011   0.000   0.000   0.000 551962500
11.66   8.74   45.210
11.66   1.00    0.110    0.004
11.66   1.00    0.114   45.752
11.66   1.00    0.111    0.134   0.114   0.132
11.66   1.00    0.111    0.126   0.114   0.124

11.67   0.00    0.132    0.124   0.043   0.024   0.009   0.017   0.029   0.011   0.000   0.000   0.000 552435900
11.67   8.73   45.203
11.67   1.00    0.110    0.004
11.67   1.00    0.114   45.744
11.67   1.00    0.111    0.134   0.114   0.132
11.67   1.00    0.111    0.126   0.114   0.124

11.68   0.00    0.132    0.124   0.043   0.024   0.009   0.017   0.029   0.011   0.000   0.000   0.000 552909200
11.68   8.73   45.197
11.68   1.00    0.110    0.004
11.68   1.00    0.114   45.736
11.68   1.00    0.111    0.134   0.114   0.132
11.68   1.00    0.111    0.126   0.114   0.124

11.69   0.00    0.132    0.124   0.043   0.024   0.009   0.017   0.029   0.011   0.000   0.000   0.000 553382600
11.69   8.73   45.191
11.69   1.00    0.110    0.004
11.69   1.00    0.113   45.727
11.69   1.00    0.111    0.134   0.113   0.132
11.69   1.00    0.111    0.126   0.113   0.124

11.70   0.00    0.132    0.124   0.043   0.024   0.009   0.017   0.029   0.011   0.000   0.000   0.000 553856000
11.70   8.72   45.184
11.70   1.00    0.110    0.004
11.70   1.00    0.113   45.719
11.70   1.00    0.111    0.134   0.113   0.132
11.70   1.00    0.111    0.126   0.113   0.124

11.71   0.00    0.132    0.124   0.043   0.024   0.009   0.017   0.029   0.011   0.000   0.000   0.000 554329400
11.71   8.72   45.178
11.71   1.00    0.109    0.004
11.71   1.00    0.113   45.711
11.71   1.00    0.111    0.134   0.113   0.132
11.71   1.00    0.111    0.126   0.113   0.124

11.72   0.00    0.132    0.124   0.043   0.024   0.009   0.017   0.029   0.011   0.000   0.000   0.000 554802800
11.72   8.71   45.172
11.72   1.00    0.109    0.004
11.72   1.00    0.113   45.703
11.72   1.00    0.111    0.134   0.113   0.132
11.72   1.00    0.111    0.126   0.113   0.124

11.73   0.00    0.132    0.124   0.043   0.024   0.009   0.017   0.029   0.011   0.000   0.000   0.000 555276200
11.73   8.71   45.165
11.73   1.00    0.109    0.004
11.73   1.00    0.113   45.694
11.73   1.00    0.111    0.134   0.113   0.132
11.73   1.00    0.111    0.126   0.113   0.124

11.74   0.00    0.132    0.124   0.043   0.024   0.009   0.017   0.029   0.011   0.000   0.000   0.000 555749600
11.74   8.70   45.159
11.74   1.00    0.109    0.004
11.74   1.00    0.113   45.686
11.74   1.00    0.111    0.134   0.113   0.132
11.74   1.00    0.111    0.126   0.113   0.124

11.75   0.00    0.132    0.124   0.043   0.024   0.009   0.017   0.029   0.011   0.000   0.000   0.000 556222900
11.75   8.70   45.153
11.75   1.00    0.109    0.004
11.75   1.00    0.113   45.678
11.75   1.00    0.111    0.134   0.113   0.132
11.75   1.00    0.111    0.126   0.113   0.124

11.76   0.00    0.132    0.124   0.043   0.024   0.009   0.017   0.029   0.011   0.000   0.000   0.000 556696300
11.76   8.70   45.146
11.76   1.00    0.109    0.004
11.76   1.00    0.113   45.669
11.76   1.00    0.111    0.134   0.113   0.132
11.76   1.00    0.111    0.125   0.113   0.124

11.77   0.00    0.132    0.123   0.043   0.024   0.009   0.017   0.029   0.011   0.000   0.000   0.000 557169700
11.77   8.69   45.140
11.77   1.00    0.109    0.004
11.77   1.00    0.113   45.661
11.77   1.00    0.111    0.134   0.113   0.132
11.77   1.00    0.111    0.125   0.113   0.124

11.78   0.00    0.132    0.123   0.043   0.024   0.009   0.017   0.029   0.011   0.000   0.000   0.000 557643100
11.78   8.69   45.134
11.78   1.00    0.109    0.004
11.78   1.00    0.113   45.653
11.78   1.00    0.111    0.134   0.113   0.132
11.78   1.00    0.111    0.125   0.113   0.124

11.79   0.00    0.132    0.123   0.043   0.024   0.009   0.017   0.029   0.011   0.000   0.000   0.000 558116500
11.79   8.68   45.128
11.79   1.00    0.109    0.004
11.79   1.00    0.113   45.645
11.79   1.00    0.111    0.134   0.113   0.132
11.79   1.00    0.111    0.125   0.113   0.123

11.80   0.00    0.132    0.123   0.043   0.024   0.009   0.017   0.029   0.011   0.000   0.000   0.000 558589800
11.80   8.68   45.121
11.80   1.00    0.109    0.004
11.80   1.00    0.113   45.637
11.80   1.00    0.110    0.134   0.113   0.132
11.80   1.00    0.111    0.125   0.113   0.123

11.81   0.00    0.132    0.123   0.043   0.024   0.009   0.017   0.029   0.011   0.000   0.000   0.000 559063200
11.81   8.67   45.115
11.81   1.00    0.109    0.004
11.81   1.00    0.113   45.628
11.81   1.00    0.110    0.134   0.113   0.132
11.81   1.00    0.111    0.125   0.113   0.123

11.82   0.00    0.132    0.123   0.043   0.024   0.009   0.017   0.028   0.011   0.000   0.000   0.000 559536600
11.82   8.67   45.109
11.82   1.00    0.109    0.004
11.82   1.00    0.113   45.620
11.82   1.00    0.110    0.134   0.113   0.132
11.82   1.00    0.110    0.125   0.113   0.123

11.83   0.00    0.132    0.123   0.043   0.024   0.009   0.017   0.028   0.011   0.000   0.000   0.000 560010000
11.83   8.67   45.103
11.83   1.00    0.109    0.004
11.83   1.00    0.113   45.612
11.83   1.00    0.110    0.134   0.113   0.132
11.83   1.00    0.110    0.125   0.113   0.123

11.84   0.00    0.132    0.123   0.043   0.024   0.009   0.017   0.028   0.011   0.000   0.000   0.000 560483400
11.84   8.66   45.096
11.84   1.00    0.109    0.004
11.84   1.00    0.113   45.604
11.84   1.00    0.110    0.134   0.113   0.132
11.84   1.00    0.110    0.125   0.113   0.123

11.85   0.00    0.132    0.123   0.043   0.024   0.009   0.017   0.028   0.011   0.000   0.000   0.000 560956700
11.85   8.66   45.090
11.85   1.00    0.109    0.004
11.85   1.00    0.112   45.596
11.85   1.00    0.110    0.134   0.112   0.132
11.85   1.00    0.110    0.125   0.112   0.123

11.86   0.00    0.132    0.123   0.043   0.024   0.009   0.017   0.028   0.011   0.000   0.000   0.000 561430100
11.86   8.65   45.084
11.86   1.00    0.109    0.004
11.86   1.00    0.112   45.587
11.86   1.00    0.110    0.134   0.112   0.132
11.86   1.00    0.110    0.125   0.112   0.123

11.87   0.00    0.132    0.123   0.043   0.024   0.009   0.017   0.028   0.011   0.000   0.000   0.000 561903500
11.87   8.65   45.078
11.87   1.00    0.109    0.004
11.87   1.00    0.112   45.579
11.87   1.00    0.110    0.134   0.112   0.132
11.87   1.00    0.110    0.125   0.112   0.123

11.88   0.00    0.132    0.123   0.043   0.024   0.009   0.017   0.028   0.011   0.000   0.000   0.000 562376900
11.88   8.64   45.072
11.88   1.00    0.108    0.004
11.88   1.00    0.112   45.571
11.88   1.00    0.110    0.134   0.112   0.132
11.88   1.00    0.110    0.125   0.112   0.123

11.89   0.00    0.132    0.123   0.043   0.024   0.009   0.017   0.028   0.011   0.000   0.000   0.000 562850300
11.89   8.64   45.065
11.89   1.00    0.108    0.004
11.89   1.00    0.112   45.563
11.89   1.00    0.110    0.134   0.112   0.132
11.89   1.00    0.110    0.125   0.112   0.123

11.90   0.00    0.132    0.123   0.043   0.024   0.009   0.017   0.028   0.011   0.000   0.000   0.000 563323600
11.90   8.64   45.059
11.90   1.00    0.108    0.004
11.90   1.00    0.112   45.555
11.90   1.00    0.110    0.133   0.112   0.132
11.90   1.00    0.110    0.125   0.112   0.123

11.91   0.00    0.131    0.123   0.043   0.024   0.009   0.017   0.028   0.011   0.000   0.000   0.000 563797000
11.91   8.63   45.053
11.91   1.00    0.108    0.004
11.91   1.00    0.112   45.547
11.91   1.00    0.110    0.133   0.112   0.132
11.91   1.00    0.110    0.125   0.112   0.123

11.92   0.00    0.131    0.123   0.043   0.024   0.009   0.017   0.028   0.011   0.000   0.000   0.000 564270400
11.92   8.63   45.047
11.92   1.00    0.108    0.004
11.92   1.00    0.112   45.539
11.92   1.00    0.110    0.133   0.112   0.131
11.92   1.00    0.110    0.125   0.112   0.123

11.93   0.00    0.131    0.123   0.043   0.024   0.009   0.017   0.028   0.011   0.000   0.000   0.000 564743800
11.93   8.62   45.041
11.93   1.00    0.108    0.004
11.93   1.00    0.112   45.530
11.93   1.00    0.110    0.133   0.112   0.131
11.93   1.00    0.110    0.125   0.112   0.123

11.94   0.00    0.131    0.123   0.043   0.024   0.009   0.017   0.028   0.011   0.000   0.000   0.000 565217200
11.94   8.62   45.035
11.94   1.00    0.108    0.004
11.94   1.00    0.112   45.522
11.94   1.00    0.110    0.133   0.112   0.131
11.94   1.00    0.110    0.125   0.112   0.123

11.95   0.00    0.131    0.123   0.043   0.024   0.009   0.017   0.028   0.011   0.000   0.000   0.000 565690600
11.95   8.62   45.029
11.95   1.00    0.108    0.004
11.95   1.00    0.112   45.514
11.95   1.00    0.109    0.133   0.112   0.131
11.95   1.00    0.110    0.125   0.112   0.123

11.96   0.00    0.131    0.123   0.043   0.024   0.009   0.017   0.028   0.011   0.000   0.000   0.000 566164000
11.96   8.61   45.022
11.96   1.00    0.108    0.004
11.96   1.00    0.112   45.506
11.96   1.00    0.109    0.133   0.112   0.131
11.96   1.00    0.110    0.125   0.112   0.123

11.97   0.00    0.131    0.123   0.043   0.024   0.009   0.017   0.028   0.011   0.000   0.000   0.000 566637300
11.97   8.61   45.016
11.97   1.00    0.108    0.004
11.97   1.00    0.112   45.498
11.97   1.00    0.109    0.133   0.112   0.131
11.97   1.00    0.109    0.125   0.112   0.123

11.98   0.00    0.131    0.123   0.043   0.024   0.009   0.017   0.028   0.011   0.000   0.000   0.000 567110700
11.98   8.60   45.010
11.98   1.00    0.108    0.004
11.98   1.00    0.112   45.490
11.98   1.00    0.109    0.133   0.112   0.131
11.98   1.00    0.109    0.125   0.112   0.123

11.99   0.00    0.131    0.123   0.043   0.024   0.009   0.017   0.028   0.011   0.000   0.000   0.000 567584100
11.99   8.60   45.004
11.99   1.00    0.108    0.004
11.99   1.00    0.112   45.482
11.99   1.00    0.109    0.133   0.112   0.131
11.99   1.00    0.109    0.125   0.112   0.123

12.00   0.00    0.131    0.123   0.043   0.024   0.009   0.017   0.028   0.011   0.000   0.000   0.000 568057500
12.00   8.59   44.998
12.00   1.00    0.108    0.004
12.00   1.00    0.111   45.474
12.00   1.00    0.109    0.133   0.111   0.131
12.00   1.00    0.109    0.125   0.111   0.123

12.01   0.00    0.131    0.123   0.043   0.024   0.009   0.017   0.028   0.011   0.000   0.000   0.000 568530900
12.01   8.59   44.992
12.01   1.00    0.108    0.004
12.01   1.00    0.111   45.466
12.01   1.00    0.109    0.133   0.111   0.131
12.01   1.00    0.109    0.125   0.111   0.123

12.02   0.00    0.131    0.123   0.043   0.024   0.009   0.017   0.028   0.011   0.000   0.000   0.000 569004200
12.02   8.59   44.986
12.02   1.00    0.108    0.004
12.02   1.00    0.111   45.458
12.02   1.00    0.109    0.133   0.111   0.131
12.02   1.00    0.109    0.125   0.111   0.123

12.03   0.00    0.131    0.123   0.043   0.024   0.009   0.017   0.028   0.011   0.000   0.000   0.000 569477600
12.03   8.58   44.980
12.03   1.00    0.108    0.004
12.03   1.00    0.111   45.450
12.03   1.00    0.109    0.133   0.111   0.131
12.03   1.00    0.109    0.125   0.111   0.123

12.04   0.00    0.131    0.123   0.043   0.024   0.009   0.017   0.028   0.011   0.000   0.000   0.000 569951000
12.04   8.58   44.974
12.04   1.00    0.108    0.004
12.04   1.00    0.111   45.442
12.04   1.00    0.109    0.133   0.111   0.131
12.04   1.00    0.109    0.125   0.111   0.123

12.05   0.00    0.131    0.123   0.043   0.024   0.009   0.017   0.028   0.011   0.000   0.000   0.000 570424400
12.05   8.57   44.968
12.05   1.00    0.108    0.004
12.05   1.00    0.111   45.434
12.05   1.00    0.109    0.133   0.111   0.131
12.05   1.00    0.109    0.125   0.111   0.123

12.06   0.00    0.131    0.123   0.043   0.024   0.009   0.017   0.028   0.011   0.000   0.000   0.000 570897800
12.06   8.57   44.961
12.06   1.00    0.107    0.004
12.06   1.00    0.111   45.426
12.06   1.00    0.109    0.133   0.111   0.131
12.06   1.00    0.109    0.125   0.111   0.123

12.07   0.00    0.131    0.123   0.043   0.023   0.009   0.017   0.028   0.011   0.000   0.000   0.000 571371100
12.07   8.57   44.955
12.07   1.00    0.107    0.004
12.07   1.00    0.111   45.418
12.07   1.00    0.109    0.133   0.111   0.131
12.07   1.00    0.109    0.125   0.111   0.123

12.08   0.00    0.131    0.123   0.043   0.023   0.009   0.017   0.028   0.011   0.000   0.000   0.000 571844500
12.08   8.56   44.949
12.08   1.00    0.107    0.004
12.08   1.00    0.111   45.410
12.08   1.00    0.109    0.133   0.111   0.131
12.08   1.00    0.109    0.125   0.111   0.123

12.09   0.00    0.131    0.123   0.043   0.023   0.009   0.017   0.028   0.011   0.000   0.000   0.000 572317900
12.09   8.56   44.943
12.09   1.00    0.107    0.004
12.09   1.00    0.111   45.402
12.09   1.00    0.109    0.133   0.111   0.131
12.09   1.00    0.109    0.125   0.111   0.123

12.10   0.00    0.131    0.123   0.043   0.023   0.009   0.017   0.028   0.011   0.000   0.000   0.000 572791300
12.10   8.55   44.937
12.10   1.00    0.107    0.004
12.10   1.00    0.111   45.394
12.10   1.00    0.109    0.133   0.111   0.131
12.10   1.00    0.109    0.125   0.111   0.123

12.11   0.00    0.131    0.123   0.043   0.023   0.009   0.017   0.028   0.011   0.000   0.000   0.000 573264600
12.11   8.55   44.931
12.11   1.00    0.107    0.004
12.11   1.00    0.111   45.386
12.11   1.00    0.108    0.133   0.111   0.131
12.11   1.00    0.109    0.125   0.111   0.123

12.12   0.00    0.131    0.123   0.043   0.023   0.009   0.017   0.028   0.011   0.000   0.000   0.000 573738000
12.12   8.55   44.925
12.12   1.00    0.107    0.004
12.12   1.00    0.111   45.378
12.12   1.00    0.108    0.133   0.111   0.131
12.12   1.00    0.109    0.125   0.111   0.123

12.13   0.00    0.131    0.123   0.043   0.023   0.009   0.017   0.028   0.011   0.000   0.000   0.000 574211400
12.13   8.54   44.919
12.13   1.00    0.107    0.004
12.13   1.00    0.111   45.370
12.13   1.00    0.108    0.133   0.111   0.131
12.13   1.00    0.108    0.125   0.111   0.123

12.14   0.00    0.131    0.123   0.043   0.023   0.009   0.017   0.028   0.011   0.000   0.000   0.000 574684800
12.14   8.54   44.913
12.14   1.00    0.107    0.004
12.14   1.00    0.111   45.362
12.14   1.00    0.108    0.133   0.111   0.131
12.14   1.00    0.108    0.125   0.111   0.123

12.15   0.00    0.131    0.123   0.043   0.023   0.008   0.017   0.028   0.011   0.000   0.000   0.000 575158100
12.15   8.53   44.907
12.15   1.00    0.107    0.004
12.15   1.00    0.111   45.354
12.15   1.00    0.108    0.133   0.111   0.131
12.15   1.00    0.108    0.125   0.111   0.123

12.16   0.00    0.131    0.123   0.043   0.023   0.008   0.017   0.028   0.011   0.000   0.000   0.000 575631600
12.16   8.53   44.901
12.16   1.00    0.107    0.004
12.16   1.00    0.110   45.347
12.16   1.00    0.108    0.133   0.110   0.131
12.16   1.00    0.108    0.125   0.110   0.123

12.17   0.00    0.131    0.123   0.043   0.023   0.008   0.017   0.028   0.011   0.000   0.000   0.000 576105000
12.17   8.53   44.895
12.17   1.00    0.107    0.004
12.17   1.00    0.110   45.339
12.17   1.00    0.108    0.133   0.110   0.131
12.17   1.00    0.108    0.125   0.110   0.123

12.18   0.00    0.131    0.123   0.043   0.023   0.008   0.017   0.028   0.011   0.000   0.000   0.000 576578400
12.18   8.52   44.889
12.18   1.00    0.107    0.004
12.18   1.00    0.110   45.331
12.18   1.00    0.108    0.133   0.110   0.131
12.18   1.00    0.108    0.125   0.110   0.123

12.19   0.00    0.131    0.123   0.043   0.023   0.008   0.017   0.028   0.011   0.000   0.000   0.000 577051700
12.19   8.52   44.883
12.19   1.00    0.107    0.004
12.19   1.00    0.110   45.323
12.19   1.00    0.108    0.133   0.110   0.131
12.19   1.00    0.108    0.125   0.110   0.123

12.20   0.00    0.131    0.123   0.043   0.023   0.008   0.017   0.028   0.011   0.000   0.000   0.000 577525100
12.20   8.51   44.877
12.20   1.00    0.107    0.003
12.20   1.00    0.110   45.315
12.20   1.00    0.108    0.133   0.110   0.131
12.20   1.00    0.108    0.125   0.110   0.123

12.21   0.00    0.131    0.123   0.043   0.023   0.008   0.017   0.028   0.011   0.000   0.000   0.000 577998500
12.21   8.51   44.872
12.21   1.00    0.107    0.003
12.21   1.00    0.110   45.307
12.21   1.00    0.108    0.133   0.110   0.131
12.21   1.00    0.108    0.125   0.110   0.123

12.22   0.00    0.131    0.123   0.043   0.023   0.008   0.017   0.028   0.011   0.000   0.000   0.000 578471900
12.22   8.51   44.866
12.22   1.00    0.107    0.003
12.22   1.00    0.110   45.299
12.22   1.00    0.108    0.132   0.110   0.131
12.22   1.00    0.108    0.125   0.110   0.123

12.23   0.00    0.131    0.123   0.043   0.023   0.008   0.017   0.028   0.011   0.000   0.000   0.000 578945200
12.23   8.50   44.860
12.23   1.00    0.107    0.003
12.23   1.00    0.110   45.292
12.23   1.00    0.108    0.132   0.110   0.131
12.23   1.00    0.108    0.125   0.110   0.123

12.24   0.00    0.130    0.123   0.043   0.023   0.008   0.017   0.028   0.011   0.000   0.000   0.000 579418600
12.24   8.50   44.854
12.24   1.00    0.106    0.003
12.24   1.00    0.110   45.284
12.24   1.00    0.108    0.132   0.110   0.131
12.24   1.00    0.108    0.125   0.110   0.123

12.25   0.00    0.130    0.123   0.043   0.023   0.008   0.017   0.028   0.011   0.000   0.000   0.000 579892000
12.25   8.49   44.848
12.25   1.00    0.106    0.003
12.25   1.00    0.110   45.276
12.25   1.00    0.108    0.132   0.110   0.130
12.25   1.00    0.108    0.125   0.110   0.123

12.26   0.00    0.130    0.123   0.043   0.023   0.008   0.017   0.028   0.011   0.000   0.000   0.000 580365400
12.26   8.49   44.842
12.26   1.00    0.106    0.003
12.26   1.00    0.110   45.268
12.26   1.00    0.108    0.132   0.110   0.130
12.26   1.00    0.108    0.125   0.110   0.123

12.27   0.00    0.130    0.123   0.043   0.023   0.008   0.017   0.028   0.011   0.000   0.000   0.000 580838800
12.27   8.49   44.836
12.27   1.00    0.106    0.003
12.27   1.00    0.110   45.260
12.27   1.00    0.107    0.132   0.110   0.130
12.27   1.00    0.108    0.125   0.110   0.123

12.28   0.00    0.130    0.123   0.043   0.023   0.008   0.017   0.028   0.011   0.000   0.000   0.000 581312100
12.28   8.48   44.830
12.28   1.00    0.106    0.003
12.28   1.00    0.110   45.252
12.28   1.00    0.107    0.132   0.110   0.130
12.28   1.00    0.108    0.125   0.110   0.123

12.29   0.00    0.130    0.123   0.043   0.023   0.008   0.017   0.028   0.011   0.000   0.000   0.000 581785500
12.29   8.48   44.824
12.29   1.00    0.106    0.003
12.29   1.00    0.110   45.245
12.29   1.00    0.107    0.132   0.110   0.130
12.29   1.00    0.107    0.125   0.110   0.123

12.30   0.00    0.130    0.123   0.043   0.023   0.008   0.017   0.028   0.011   0.000   0.000   0.000 582258900
12.30   8.47   44.818
12.30   1.00    0.106    0.003
12.30   1.00    0.110   45.237
12.30   1.00    0.107    0.132   0.110   0.130
12.30   1.00    0.107    0.124   0.110   0.123

12.31   0.00    0.130    0.123   0.043   0.023   0.008   0.017   0.028   0.011   0.000   0.000   0.000 582732300
12.31   8.47   44.812
12.31   1.00    0.106    0.003
12.31   1.00    0.110   45.229
12.31   1.00    0.107    0.132   0.110   0.130
12.31   1.00    0.107    0.124   0.110   0.123

12.32   0.00    0.130    0.123   0.043   0.023   0.008   0.017   0.028   0.011   0.000   0.000   0.000 583205600
12.32   8.47   44.807
12.32   1.00    0.106    0.003
12.32   1.00    0.109   45.221
12.32   1.00    0.107    0.132   0.109   0.130
12.32   1.00    0.107    0.124   0.109   0.123

12.33   0.00    0.130    0.123   0.043   0.023   0.008   0.017   0.028   0.011   0.000   0.000   0.000 583679000
12.33   8.46   44.801
12.33   1.00    0.106    0.003
12.33   1.00    0.109   45.214
12.33   1.00    0.107    0.132   0.109   0.130
12.33   1.00    0.107    0.124   0.109   0.123

12.34   0.00    0.130    0.122   0.043   0.023   0.008   0.017   0.028   0.011   0.000   0.000   0.000 584152400
12.34   8.46   44.795
12.34   1.00    0.106    0.003
12.34   1.00    0.109   45.206
12.34   1.00    0.107    0.132   0.109   0.130
12.34   1.00    0.107    0.124   0.109   0.123

12.35   0.00    0.130    0.122   0.043   0.023   0.008   0.017   0.028   0.011   0.000   0.000   0.000 584625800
12.35   8.45   44.789
12.35   1.00    0.106    0.003
12.35   1.00    0.109   45.198
12.35   1.00    0.107    0.132   0.109   0.130
12.35   1.00    0.107    0.124   0.109   0.123

12.36   0.00    0.130    0.122   0.043   0.023   0.008   0.017   0.028   0.011   0.000   0.000   0.000 585099100
12.36   8.45   44.783
12.36   1.00    0.106    0.003
12.36   1.00    0.109   45.190
12.36   1.00    0.107    0.132   0.109   0.130
12.36   1.00    0.107    0.124   0.109   0.123

12.37   0.00    0.130    0.122   0.043   0.023   0.008   0.017   0.028   0.011   0.000   0.000   0.000 585572500
12.37   8.45   44.777
12.37   1.00    0.106    0.003
12.37   1.00    0.109   45.183
12.37   1.00    0.107    0.132   0.109   0.130
12.37   1.00    0.107    0.124   0.109   0.122

12.38   0.00    0.130    0.122   0.043   0.023   0.008   0.017   0.028   0.011   0.000   0.000   0.000 586046000
12.38   8.44   44.772
12.38   1.00    0.106    0.003
12.38   1.00    0.109   45.175
12.38   1.00    0.107    0.132   0.109   0.130
12.38   1.00    0.107    0.124   0.109   0.122

12.39   0.00    0.130    0.122   0.043   0.023   0.008   0.017   0.028   0.011   0.000   0.000   0.000 586519400
12.39   8.44   44.766
12.39   1.00    0.106    0.003
12.39   1.00    0.109   45.167
12.39   1.00    0.107    0.132   0.109   0.130
12.39   1.00    0.107    0.124   0.109   0.122

12.40   0.00    0.130    0.122   0.043   0.023   0.008   0.017   0.028   0.011   0.000   0.000   0.000 586992700
12.40   8.43   44.760
12.40   1.00    0.106    0.003
12.40   1.00    0.109   45.159
12.40   1.00    0.107    0.132   0.109   0.130
12.40   1.00    0.107    0.124   0.109   0.122

12.41   0.00    0.130    0.122   0.043   0.023   0.008   0.017   0.028   0.011   0.000   0.000   0.000 587466100
12.41   8.43   44.754
12.41   1.00    0.106    0.003
12.41   1.00    0.109   45.152
12.41   1.00    0.107    0.132   0.109   0.130
12.41   1.00    0.107    0.124   0.109   0.122

12.42   0.00    0.130    0.122   0.043   0.023   0.008   0.017   0.028   0.011   0.000   0.000   0.000 587939500
12.42   8.43   44.748
12.42   1.00    0.106    0.003
12.42   1.00    0.109   45.144
12.42   1.00    0.107    0.132   0.109   0.130
12.42   1.00    0.107    0.124   0.109   0.122

12.43   0.00    0.130    0.122   0.043   0.023   0.008   0.017   0.028   0.011   0.000   0.000   0.000 588412900
12.43   8.42   44.743
12.43   1.00    0.105    0.003
12.43   1.00    0.109   45.136
12.43   1.00    0.107    0.132   0.109   0.130
12.43   1.00    0.107    0.124   0.109   0.122

12.44   0.00    0.130    0.122   0.043   0.023   0.008   0.017   0.028   0.011   0.000   0.000   0.000 588886200
12.44   8.42   44.737
12.44   1.00    0.105    0.003
12.44   1.00    0.109   45.129
12.44   1.00    0.106    0.132   0.109   0.130
12.44   1.00    0.107    0.124   0.109   0.122

12.45   0.00    0.130    0.122   0.043   0.023   0.008   0.017   0.028   0.011   0.000   0.000   0.000 589359600
12.45   8.41   44.731
12.45   1.00    0.105    0.003
12.45   1.00    0.109   45.121
12.45   1.00    0.106    0.132   0.109   0.130
12.45   1.00    0.107    0.124   0.109   0.122

12.46   0.00    0.130    0.122   0.043   0.023   0.008   0.017   0.028   0.011   0.000   0.000   0.000 589833000
12.46   8.41   44.725
12.46   1.00    0.105    0.003
12.46   1.00    0.109   45.113
12.46   1.00    0.106    0.132   0.109   0.130
12.46   1.00    0.106    0.124   0.109   0.122

12.47   0.00    0.130    0.122   0.043   0.023   0.008   0.017   0.028   0.011   0.000   0.000   0.000 590306400
12.47   8.41   44.719
12.47   1.00    0.105    0.003
12.47   1.00    0.109   45.106
12.47   1.00    0.106    0.132   0.109   0.130
12.47   1.00    0.106    0.124   0.109   0.122

12.48   0.00    0.130    0.122   0.043   0.023   0.008   0.017   0.028   0.011   0.000   0.000   0.000 590779700
12.48   8.40   44.714
12.48   1.00    0.105    0.003
12.48   1.00    0.108   45.098
12.48   1.00    0.106    0.132   0.108   0.130
12.48   1.00    0.106    0.124   0.108   0.122

12.49   0.00    0.130    0.122   0.043   0.023   0.008   0.017   0.028   0.011   0.000   0.000   0.000 591253100
12.49   8.40   44.708
12.49   1.00    0.105    0.003
12.49   1.00    0.108   45.091
12.49   1.00    0.106    0.132   0.108   0.130
12.49   1.00    0.106    0.124   0.108   0.122

12.50   0.00    0.130    0.122   0.043   0.023   0.008   0.017   0.028   0.011   0.000   0.000   0.000 591726500
12.50   8.40   44.702
12.50   1.00    0.105    0.003
12.50   1.00    0.108   45.083
12.50   1.00    0.106    0.132   0.108   0.130
12.50   1.00    0.106    0.124   0.108   0.122

12.51   0.00    0.130    0.122   0.043   0.023   0.008   0.017   0.028   0.011   0.000   0.000   0.000 592199900
12.51   8.39   44.696
12.51   1.00    0.105    0.003
12.51   1.00    0.108   45.075
12.51   1.00    0.106    0.132   0.108   0.130
12.51   1.00    0.106    0.124   0.108   0.122

12.52   0.00    0.130    0.122   0.043   0.023   0.008   0.017   0.028   0.011   0.000   0.000   0.000 592673300
12.52   8.39   44.691
12.52   1.00    0.105    0.003
12.52   1.00    0.108   45.068
12.52   1.00    0.106    0.132   0.108   0.130
12.52   1.00    0.106    0.124   0.108   0.122

12.53   0.00    0.130    0.122   0.043   0.023   0.008   0.017   0.028   0.011   0.000   0.000   0.000 593146600
12.53   8.38   44.685
12.53   1.00    0.105    0.003
12.53   1.00    0.108   45.060
12.53   1.00    0.106    0.132   0.108   0.130
12.53   1.00    0.106    0.124   0.108   0.122

12.54   0.00    0.130    0.122   0.043   0.023   0.008   0.017   0.028   0.011   0.000   0.000   0.000 593620000
12.54   8.38   44.679
12.54   1.00    0.105    0.003
12.54   1.00    0.108   45.053
12.54   1.00    0.106    0.132   0.108   0.130
12.54   1.00    0.106    0.124   0.108   0.122

12.55   0.00    0.130    0.122   0.043   0.023   0.008   0.017   0.028   0.011   0.000   0.000   0.000 594093400
12.55   8.38   44.674
12.55   1.00    0.105    0.003
12.55   1.00    0.108   45.045
12.55   1.00    0.106    0.132   0.108   0.130
12.55   1.00    0.106    0.124   0.108   0.122

12.56   0.00    0.130    0.122   0.043   0.023   0.008   0.017   0.028   0.011   0.000   0.000   0.000 594566800
12.56   8.37   44.668
12.56   1.00    0.105    0.003
12.56   1.00    0.108   45.037
12.56   1.00    0.106    0.131   0.108   0.130
12.56   1.00    0.106    0.124   0.108   0.122

12.57   0.00    0.130    0.122   0.043   0.023   0.008   0.017   0.028   0.011   0.000   0.000   0.000 595040200
12.57   8.37   44.662
12.57   1.00    0.105    0.003
12.57   1.00    0.108   45.030
12.57   1.00    0.106    0.131   0.108   0.130
12.57   1.00    0.106    0.124   0.108   0.122

12.58   0.00    0.130    0.122   0.043   0.023   0.008   0.017   0.028   0.011   0.000   0.000   0.000 595513500
12.58   8.36   44.656
12.58   1.00    0.105    0.003
12.58   1.00    0.108   45.022
12.58   1.00    0.106    0.131   0.108   0.130
12.58   1.00    0.106    0.124   0.108   0.122

12.59   0.00    0.130    0.122   0.043   0.023   0.008   0.017   0.028   0.011   0.000   0.000   0.000 595986900
12.59   8.36   44.651
12.59   1.00    0.105    0.003
12.59   1.00    0.108   45.015
12.59   1.00    0.106    0.131   0.108   0.130
12.59   1.00    0.106    0.124   0.108   0.122

12.60   0.00    0.129    0.122   0.043   0.023   0.008   0.017   0.028   0.011   0.000   0.000   0.000 596460400
12.60   8.36   44.645
12.60   1.00    0.105    0.003
12.60   1.00    0.108   45.007
12.60   1.00    0.105    0.131   0.108   0.130
12.60   1.00    0.106    0.124   0.108   0.122

12.61   0.00    0.129    0.122   0.043   0.023   0.008   0.017   0.028   0.011   0.000   0.000   0.000 596933700
12.61   8.35   44.639
12.61   1.00    0.105    0.003
12.61   1.00    0.108   45.000
12.61   1.00    0.105    0.131   0.108   0.129
12.61   1.00    0.106    0.124   0.108   0.122

12.62   0.00    0.129    0.122   0.043   0.023   0.008   0.017   0.028   0.011   0.000   0.000   0.000 597407100
12.62   8.35   44.634
12.62   1.00    0.104    0.003
12.62   1.00    0.108   44.992
12.62   1.00    0.105    0.131   0.108   0.129
12.62   1.00    0.105    0.124   0.108   0.122

12.63   0.00    0.129    0.122   0.043   0.023   0.008   0.017   0.027   0.011   0.000   0.000   0.000 597880500
12.63   8.35   44.628
12.63   1.00    0.104    0.003
12.63   1.00    0.108   44.985
12.63   1.00    0.105    0.131   0.108   0.129
12.63   1.00    0.105    0.124   0.108   0.122

12.64   0.00    0.129    0.122   0.043   0.023   0.008   0.017   0.027   0.011   0.000   0.000   0.000 598353900
12.64   8.34   44.622
12.64   1.00    0.104    0.003
12.64   1.00    0.108   44.977
12.64   1.00    0.105    0.131   0.108   0.129
12.64   1.00    0.105    0.124   0.108   0.122

12.65   0.00    0.129    0.122   0.043   0.023   0.008   0.017   0.027   0.011   0.000   0.000   0.000 598827200
12.65   8.34   44.617
12.65   1.00    0.104    0.003
12.65   1.00    0.107   44.969
12.65   1.00    0.105    0.131   0.107   0.129
12.65   1.00    0.105    0.124   0.107   0.122

12.66   0.00    0.129    0.122   0.043   0.023   0.008   0.017   0.027   0.011   0.000   0.000   0.000 599300600
12.66   8.33   44.611
12.66   1.00    0.104    0.003
12.66   1.00    0.107   44.962
12.66   1.00    0.105    0.131   0.107   0.129
12.66   1.00    0.105    0.124   0.107   0.122

12.67   0.00    0.129    0.122   0.043   0.023   0.008   0.017   0.027   0.011   0.000   0.000   0.000 599774000
12.67   8.33   44.606
12.67   1.00    0.104    0.003
12.67   1.00    0.107   44.954
12.67   1.00    0.105    0.131   0.107   0.129
12.67   1.00    0.105    0.124   0.107   0.122

12.68   0.00    0.129    0.122   0.043   0.023   0.008   0.017   0.027   0.011   0.000   0.000   0.000 600247400
12.68   8.33   44.600
12.68   1.00    0.104    0.003
12.68   1.00    0.107   44.947
12.68   1.00    0.105    0.131   0.107   0.129
12.68   1.00    0.105    0.124   0.107   0.122

12.69   0.00    0.129    0.122   0.043   0.023   0.008   0.017   0.027   0.011   0.000   0.000   0.000 600720800
12.69   8.32   44.594
12.69   1.00    0.104    0.003
12.69   1.00    0.107   44.940
12.69   1.00    0.105    0.131   0.107   0.129
12.69   1.00    0.105    0.124   0.107   0.122

12.70   0.00    0.129    0.122   0.043   0.023   0.008   0.017   0.027   0.011   0.000   0.000   0.000 601194100
12.70   8.32   44.589
12.70   1.00    0.104    0.003
12.70   1.00    0.107   44.932
12.70   1.00    0.105    0.131   0.107   0.129
12.70   1.00    0.105    0.124   0.107   0.122

12.71   0.00    0.129    0.122   0.043   0.023   0.008   0.017   0.027   0.011   0.000   0.000   0.000 601667500
12.71   8.31   44.583
12.71   1.00    0.104    0.003
12.71   1.00    0.107   44.925
12.71   1.00    0.105    0.131   0.107   0.129
12.71   1.00    0.105    0.124   0.107   0.122

12.72   0.00    0.129    0.122   0.043   0.023   0.008   0.017   0.027   0.011   0.000   0.000   0.000 602140900
12.72   8.31   44.577
12.72   1.00    0.104    0.003
12.72   1.00    0.107   44.917
12.72   1.00    0.105    0.131   0.107   0.129
12.72   1.00    0.105    0.124   0.107   0.122

12.73   0.00    0.129    0.122   0.043   0.023   0.008   0.017   0.027   0.011   0.000   0.000   0.000 602614300
12.73   8.31   44.572
12.73   1.00    0.104    0.003
12.73   1.00    0.107   44.910
12.73   1.00    0.105    0.131   0.107   0.129
12.73   1.00    0.105    0.124   0.107   0.122

12.74   0.00    0.129    0.122   0.043   0.023   0.008   0.017   0.027   0.011   0.000   0.000   0.000 603087700
12.74   8.30   44.566
12.74   1.00    0.104    0.003
12.74   1.00    0.107   44.902
12.74   1.00    0.105    0.131   0.107   0.129
12.74   1.00    0.105    0.124   0.107   0.122

12.75   0.00    0.129    0.122   0.043   0.023   0.008   0.017   0.027   0.011   0.000   0.000   0.000 603561000
12.75   8.30   44.561
12.75   1.00    0.104    0.003
12.75   1.00    0.107   44.895
12.75   1.00    0.105    0.131   0.107   0.129
12.75   1.00    0.105    0.124   0.107   0.122

12.76   0.00    0.129    0.122   0.043   0.023   0.008   0.017   0.027   0.011   0.000   0.000   0.000 604034400
12.76   8.30   44.555
12.76   1.00    0.104    0.003
12.76   1.00    0.107   44.887
12.76   1.00    0.105    0.131   0.107   0.129
12.76   1.00    0.105    0.124   0.107   0.122

12.77   0.00    0.129    0.122   0.043   0.023   0.008   0.017   0.027   0.011   0.000   0.000   0.000 604507800
12.77   8.29   44.550
12.77   1.00    0.104    0.003
12.77   1.00    0.107   44.880
12.77   1.00    0.104    0.131   0.107   0.129
12.77   1.00    0.105    0.124   0.107   0.122

12.78   0.00    0.129    0.122   0.043   0.023   0.008   0.017   0.027   0.011   0.000   0.000   0.000 604981200
12.78   8.29   44.544
12.78   1.00    0.104    0.003
12.78   1.00    0.107   44.873
12.78   1.00    0.104    0.131   0.107   0.129
12.78   1.00    0.105    0.124   0.107   0.122

12.79   0.00    0.129    0.122   0.043   0.023   0.008   0.017   0.027   0.011   0.000   0.000   0.000 605454600
12.79   8.28   44.538
12.79   1.00    0.104    0.003
12.79   1.00    0.107   44.865
12.79   1.00    0.104    0.131   0.107   0.129
12.79   1.00    0.104    0.124   0.107   0.122

12.80   0.00    0.129    0.122   0.043   0.023   0.008   0.017   0.027   0.011   0.000   0.000   0.000 605927900
12.80   8.28   44.533
12.80   1.00    0.104    0.003
12.80   1.00    0.107   44.858
12.80   1.00    0.104    0.131   0.107   0.129
12.80   1.00    0.104    0.124   0.107   0.122

12.81   0.00    0.129    0.122   0.043   0.023   0.008   0.017   0.027   0.011   0.000   0.000   0.000 606401300
12.81   8.28   44.527
12.81   1.00    0.103    0.003
12.81   1.00    0.107   44.850
12.81   1.00    0.104    0.131   0.107   0.129
12.81   1.00    0.104    0.124   0.107   0.122

12.82   0.00    0.129    0.122   0.043   0.023   0.008   0.017   0.027   0.011   0.000   0.000   0.000 606874700
12.82   8.27   44.522
12.82   1.00    0.103    0.003
12.82   1.00    0.106   44.843
12.82   1.00    0.104    0.131   0.106   0.129
12.82   1.00    0.104    0.124   0.106   0.122

12.83   0.00    0.129    0.122   0.043   0.023   0.008   0.017   0.027   0.011   0.000   0.000   0.000 607348100
12.83   8.27   44.516
12.83   1.00    0.103    0.003
12.83   1.00    0.106   44.836
12.83   1.00    0.104    0.131   0.106   0.129
12.83   1.00    0.104    0.124   0.106   0.122

12.84   0.00    0.129    0.122   0.043   0.023   0.008   0.017   0.027   0.011   0.000   0.000   0.000 607821500
12.84   8.27   44.511
12.84   1.00    0.103    0.003
12.84   1.00    0.106   44.828
12.84   1.00    0.104    0.131   0.106   0.129
12.84   1.00    0.104    0.124   0.106   0.122

12.85   0.00    0.129    0.122   0.043   0.023   0.008   0.017   0.027   0.011   0.000   0.000   0.000 608294900
12.85   8.26   44.505
12.85   1.00    0.103    0.003
12.85   1.00    0.106   44.821
12.85   1.00    0.104    0.131   0.106   0.129
12.85   1.00    0.104    0.124   0.106   0.122

12.86   0.00    0.129    0.122   0.043   0.023   0.008   0.017   0.027   0.011   0.000   0.000   0.000 608768300
12.86   8.26   44.500
12.86   1.00    0.103    0.003
12.86   1.00    0.106   44.814
12.86   1.00    0.104    0.131   0.106   0.129
12.86   1.00    0.104    0.124   0.106   0.122

12.87   0.00    0.129    0.122   0.043   0.023   0.008   0.017   0.027   0.011   0.000   0.000   0.000 609241600
12.87   8.25   44.494
12.87   1.00    0.103    0.003
12.87   1.00    0.106   44.806
12.87   1.00    0.104    0.131   0.106   0.129
12.87   1.00    0.104    0.124   0.106   0.122

12.88   0.00    0.129    0.122   0.043   0.023   0.008   0.017   0.027   0.011   0.000   0.000   0.000 609715000
12.88   8.25   44.489
12.88   1.00    0.103    0.003
12.88   1.00    0.106   44.799
12.88   1.00    0.104    0.131   0.106   0.129
12.88   1.00    0.104    0.124   0.106   0.122

12.89   0.00    0.129    0.122   0.043   0.023   0.008   0.017   0.027   0.011   0.000   0.000   0.000 610188400
12.89   8.25   44.483
12.89   1.00    0.103    0.003
12.89   1.00    0.106   44.791
12.89   1.00    0.104    0.131   0.106   0.129
12.89   1.00    0.104    0.123   0.106   0.122

12.90   0.00    0.129    0.122   0.043   0.023   0.008   0.017   0.027   0.011   0.000   0.000   0.000 610661800
12.90   8.24   44.478
12.90   1.00    0.103    0.003
12.90   1.00    0.106   44.784
12.90   1.00    0.104    0.131   0.106   0.129
12.90   1.00    0.104    0.123   0.106   0.122

12.91   0.00    0.129    0.122   0.043   0.023   0.008   0.017   0.027   0.011   0.000   0.000   0.000 611135200
12.91   8.24   44.472
12.91   1.00    0.103    0.003
12.91   1.00    0.106   44.777
12.91   1.00    0.104    0.131   0.106   0.129
12.91   1.00    0.104    0.123   0.106   0.122

12.92   0.00    0.129    0.122   0.043   0.023   0.008   0.017   0.027   0.011   0.000   0.000   0.000 611608500
12.92   8.24   44.467
12.92   1.00    0.103    0.003
12.92   1.00    0.106   44.770
12.92   1.00    0.104    0.131   0.106   0.129
12.92   1.00    0.104    0.123   0.106   0.122

12.93   0.00    0.129    0.122   0.043   0.023   0.008   0.017   0.027   0.011   0.000   0.000   0.000 612081900
12.93   8.23   44.461
12.93   1.00    0.103    0.003
12.93   1.00    0.106   44.762
12.93   1.00    0.104    0.130   0.106   0.129
12.93   1.00    0.104    0.123   0.106   0.122

12.94   0.00    0.129    0.122   0.043   0.023   0.008   0.017   0.027   0.011   0.000   0.000   0.000 612555300
12.94   8.23   44.456
12.94   1.00    0.103    0.003
12.94   1.00    0.106   44.755
12.94   1.00    0.103    0.130   0.106   0.129
12.94   1.00    0.104    0.123   0.106   0.122

12.95   0.00    0.129    0.122   0.043   0.023   0.008   0.017   0.027   0.011   0.000   0.000   0.000 613028700
12.95   8.23   44.450
12.95   1.00    0.103    0.003
12.95   1.00    0.106   44.748
12.95   1.00    0.103    0.130   0.106   0.129
12.95   1.00    0.104    0.123   0.106   0.122

12.96   0.00    0.129    0.122   0.043   0.023   0.008   0.017   0.027   0.011   0.000   0.000   0.000 613502100
12.96   8.22   44.445
12.96   1.00    0.103    0.003
12.96   1.00    0.106   44.740
12.96   1.00    0.103    0.130   0.106   0.129
12.96   1.00    0.103    0.123   0.106   0.122

12.97   0.00    0.129    0.122   0.043   0.023   0.008   0.017   0.027   0.011   0.000   0.000   0.000 613975400
12.97   8.22   44.439
12.97   1.00    0.103    0.003
12.97   1.00    0.106   44.733
12.97   1.00    0.103    0.130   0.106   0.129
12.97   1.00    0.103    0.123   0.106   0.122

12.98   0.00    0.128    0.121   0.043   0.023   0.007   0.017   0.027   0.011   0.000   0.000   0.000 614448800
12.98   8.21   44.434
12.98   1.00    0.103    0.003
12.98   1.00    0.106   44.726
12.98   1.00    0.103    0.130   0.106   0.129
12.98   1.00    0.103    0.123   0.106   0.122

12.99   0.00    0.128    0.121   0.043   0.023   0.007   0.017   0.027   0.011   0.000   0.000   0.000 614922200
12.99   8.21   44.429
12.99   1.00    0.103    0.003
12.99   1.00    0.105   44.719
12.99   1.00    0.103    0.130   0.105   0.129
12.99   1.00    0.103    0.123   0.105   0.122

13.00   0.00    0.128    0.121   0.043   0.023   0.007   0.017   0.027   0.011   0.000   0.000   0.000 615395600
13.00   8.21   44.423
13.00   1.00    0.103    0.003
13.00   1.00    0.105   44.711
13.00   1.00    0.103    0.130   0.105   0.128
13.00   1.00    0.103    0.123   0.105   0.122

13.01   0.00    0.128    0.121   0.043   0.023   0.007   0.017   0.027   0.011   0.000   0.000   0.000 615869000
13.01   8.20   44.418
13.01   1.00    0.102    0.003
13.01   1.00    0.105   44.704
13.01   1.00    0.103    0.130   0.105   0.128
13.01   1.00    0.103    0.123   0.105   0.121

13.02   0.00    0.128    0.121   0.043   0.023   0.007   0.017   0.027   0.011   0.000   0.000   0.000 616342300
13.02   8.20   44.412
13.02   1.00    0.102    0.003
13.02   1.00    0.105   44.697
13.02   1.00    0.103    0.130   0.105   0.128
13.02   1.00    0.103    0.123   0.105   0.121

13.03   0.00    0.128    0.121   0.043   0.023   0.007   0.017   0.027   0.011   0.000   0.000   0.000 616815700
13.03   8.20   44.407
13.03   1.00    0.102    0.003
13.03   1.00    0.105   44.690
13.03   1.00    0.103    0.130   0.105   0.128
13.03   1.00    0.103    0.123   0.105   0.121

13.04   0.00    0.128    0.121   0.043   0.023   0.007   0.017   0.027   0.011   0.000   0.000   0.000 617289100
13.04   8.19   44.402
13.04   1.00    0.102    0.003
13.04   1.00    0.105   44.682
13.04   1.00    0.103    0.130   0.105   0.128
13.04   1.00    0.103    0.123   0.105   0.121

13.05   0.00    0.128    0.121   0.043   0.023   0.007   0.017   0.027   0.011   0.000   0.000   0.000 617762500
13.05   8.19   44.396
13.05   1.00    0.102    0.003
13.05   1.00    0.105   44.675
13.05   1.00    0.103    0.130   0.105   0.128
13.05   1.00    0.103    0.123   0.105   0.121

13.06   0.00    0.128    0.121   0.043   0.023   0.007   0.017   0.027   0.011   0.000   0.000   0.000 618235900
13.06   8.19   44.391
13.06   1.00    0.102    0.003
13.06   1.00    0.105   44.668
13.06   1.00    0.103    0.130   0.105   0.128
13.06   1.00    0.103    0.123   0.105   0.121

13.07   0.00    0.128    0.121   0.043   0.023   0.007   0.017   0.027   0.011   0.000   0.000   0.000 618709200
13.07   8.18   44.385
13.07   1.00    0.102    0.003
13.07   1.00    0.105   44.661
13.07   1.00    0.103    0.130   0.105   0.128
13.07   1.00    0.103    0.123   0.105   0.121

13.08   0.00    0.128    0.121   0.043   0.023   0.007   0.017   0.027   0.011   0.000   0.000   0.000 619182700
13.08   8.18   44.380
13.08   1.00    0.102    0.003
13.08   1.00    0.105   44.653
13.08   1.00    0.103    0.130   0.105   0.128
13.08   1.00    0.103    0.123   0.105   0.121

13.09   0.00    0.128    0.121   0.043   0.023   0.007   0.017   0.027   0.011   0.000   0.000   0.000 619656000
13.09   8.17   44.375
13.09   1.00    0.102    0.003
13.09   1.00    0.105   44.646
13.09   1.00    0.103    0.130   0.105   0.128
13.09   1.00    0.103    0.123   0.105   0.121

13.10   0.00    0.128    0.121   0.043   0.023   0.007   0.017   0.027   0.011   0.000   0.000   0.000 620129400
13.10   8.17   44.369
13.10   1.00    0.102    0.003
13.10   1.00    0.105   44.639
13.10   1.00    0.103    0.130   0.105   0.128
13.10   1.00    0.103    0.123   0.105   0.121

13.11   0.00    0.128    0.121   0.043   0.023   0.007   0.017   0.027   0.011   0.000   0.000   0.000 620602800
13.11   8.17   44.364
13.11   1.00    0.102    0.003
13.11   1.00    0.105   44.632
13.11   1.00    0.103    0.130   0.105   0.128
13.11   1.00    0.103    0.123   0.105   0.121

13.12   0.00    0.128    0.121   0.043   0.023   0.007   0.017   0.027   0.011   0.000   0.000   0.000 621076200
13.12   8.16   44.359
13.12   1.00    0.102    0.003
13.12   1.00    0.105   44.625
13.12   1.00    0.102    0.130   0.105   0.128
13.12   1.00    0.103    0.123   0.105   0.121

13.13   0.00    0.128    0.121   0.043   0.023   0.007   0.017   0.027   0.011   0.000   0.000   0.000 621549600
13.13   8.16   44.353
13.13   1.00    0.102    0.003
13.13   1.00    0.105   44.618
13.13   1.00    0.102    0.130   0.105   0.128
13.13   1.00    0.103    0.123   0.105   0.121

13.14   0.00    0.128    0.121   0.043   0.023   0.007   0.017   0.027   0.011   0.000   0.000   0.000 622022900
13.14   8.16   44.348
13.14   1.00    0.102    0.003
13.14   1.00    0.105   44.610
13.14   1.00    0.102    0.130   0.105   0.128
13.14   1.00    0.102    0.123   0.105   0.121

13.15   0.00    0.128    0.121   0.043   0.023   0.007   0.017   0.027   0.011   0.000   0.000   0.000 622496300
13.15   8.15   44.343
13.15   1.00    0.102    0.003
13.15   1.00    0.105   44.603
13.15   1.00    0.102    0.130   0.105   0.128
13.15   1.00    0.102    0.123   0.105   0.121

13.16   0.00    0.128    0.121   0.043   0.023   0.007   0.017   0.027   0.011   0.000   0.000   0.000 622969700
13.16   8.15   44.337
13.16   1.00    0.102    0.003
13.16   1.00    0.104   44.596
13.16   1.00    0.102    0.130   0.104   0.128
13.16   1.00    0.102    0.123   0.104   0.121

13.17   0.00    0.128    0.121   0.043   0.023   0.007   0.017   0.027   0.011   0.000   0.000   0.000 623443100
13.17   8.15   44.332
13.17   1.00    0.102    0.003
13.17   1.00    0.104   44.589
13.17   1.00    0.102    0.130   0.104   0.128
13.17   1.00    0.102    0.123   0.104   0.121

13.18   0.00    0.128    0.121   0.043   0.023   0.007   0.017   0.027   0.011   0.000   0.000   0.000 623916500
13.18   8.14   44.327
13.18   1.00    0.102    0.003
13.18   1.00    0.104   44.582
13.18   1.00    0.102    0.130   0.104   0.128
13.18   1.00    0.102    0.123   0.104   0.121

13.19   0.00    0.128    0.121   0.043   0.023   0.007   0.017   0.027   0.011   0.000   0.000   0.000 624389800
13.19   8.14   44.321
13.19   1.00    0.102    0.003
13.19   1.00    0.104   44.575
13.19   1.00    0.102    0.130   0.104   0.128
13.19   1.00    0.102    0.123   0.104   0.121

13.20   0.00    0.128    0.121   0.043   0.023   0.007   0.017   0.027   0.011   0.000   0.000   0.000 624863200
13.20   8.13   44.316
13.20   1.00    0.102    0.003
13.20   1.00    0.104   44.568
13.20   1.00    0.102    0.130   0.104   0.128
13.20   1.00    0.102    0.123   0.104   0.121

13.21   0.00    0.128    0.121   0.043   0.023   0.007   0.017   0.027   0.011   0.000   0.000   0.000 625336600
13.21   8.13   44.311
13.21   1.00    0.102    0.003
13.21   1.00    0.104   44.560
13.21   1.00    0.102    0.130   0.104   0.128
13.21   1.00    0.102    0.123   0.104   0.121

13.22   0.00    0.128    0.121   0.043   0.023   0.007   0.017   0.027   0.011   0.000   0.000   0.000 625810000
13.22   8.13   44.305
13.22   1.00    0.101    0.003
13.22   1.00    0.104   44.553
13.22   1.00    0.102    0.130   0.104   0.128
13.22   1.00    0.102    0.123   0.104   0.121

13.23   0.00    0.128    0.121   0.043   0.023   0.007   0.017   0.027   0.011   0.000   0.000   0.000 626283300
13.23   8.12   44.300
13.23   1.00    0.101    0.003
13.23   1.00    0.104   44.546
13.23   1.00    0.102    0.130   0.104   0.128
13.23   1.00    0.102    0.123   0.104   0.121

13.24   0.00    0.128    0.121   0.043   0.023   0.007   0.017   0.027   0.011   0.000   0.000   0.000 626756700
13.24   8.12   44.295
13.24   1.00    0.101    0.003
13.24   1.00    0.104   44.539
13.24   1.00    0.102    0.130   0.104   0.128
13.24   1.00    0.102    0.123   0.104   0.121

13.25   0.00    0.128    0.121   0.043   0.023   0.007   0.017   0.027   0.011   0.000   0.000   0.000 627230100
13.25   8.12   44.289
13.25   1.00    0.101    0.003
13.25   1.00    0.104   44.532
13.25   1.00    0.102    0.130   0.104   0.128
13.25   1.00    0.102    0.123   0.104   0.121

13.26   0.00    0.128    0.121   0.043   0.023   0.007   0.017   0.027   0.011   0.000   0.000   0.000 627703500
13.26   8.11   44.284
13.26   1.00    0.101    0.003
13.26   1.00    0.104   44.525
13.26   1.00    0.102    0.130   0.104   0.128
13.26   1.00    0.102    0.123   0.104   0.121

13.27   0.00    0.128    0.121   0.043   0.023   0.007   0.017   0.027   0.011   0.000   0.000   0.000 628176900
13.27   8.11   44.279
13.27   1.00    0.101    0.003
13.27   1.00    0.104   44.518
13.27   1.00    0.102    0.130   0.104   0.128
13.27   1.00    0.102    0.123   0.104   0.121

13.28   0.00    0.128    0.121   0.043   0.023   0.007   0.017   0.027   0.011   0.000   0.000   0.000 628650200
13.28   8.11   44.274
13.28   1.00    0.101    0.003
13.28   1.00    0.104   44.511
13.28   1.00    0.102    0.130   0.104   0.128
13.28   1.00    0.102    0.123   0.104   0.121

13.29   0.00    0.128    0.121   0.043   0.023   0.007   0.017   0.027   0.011   0.000   0.000   0.000 629123600
13.29   8.10   44.268
13.29   1.00    0.101    0.003
13.29   1.00    0.104   44.504
13.29   1.00    0.101    0.130   0.104   0.128
13.29   1.00    0.102    0.123   0.104   0.121

13.30   0.00    0.128    0.121   0.043   0.023   0.007   0.017   0.027   0.011   0.000   0.000   0.000 629597100
13.30   8.10   44.263
13.30   1.00    0.101    0.003
13.30   1.00    0.104   44.497
13.30   1.00    0.101    0.130   0.104   0.128
13.30   1.00    0.102    0.123   0.104   0.121

13.31   0.00    0.128    0.121   0.043   0.023   0.007   0.017   0.027   0.011   0.000   0.000   0.000 630070400
13.31   8.10   44.258
13.31   1.00    0.101    0.003
13.31   1.00    0.104   44.490
13.31   1.00    0.101    0.130   0.104   0.128
13.31   1.00    0.101    0.123   0.104   0.121

13.32   0.00    0.128    0.121   0.043   0.023   0.007   0.017   0.027   0.011   0.000   0.000   0.000 630543700
13.32   8.09   44.253
13.32   1.00    0.101    0.003
13.32   1.00    0.104   44.483
13.32   1.00    0.101    0.129   0.104   0.128
13.32   1.00    0.101    0.123   0.104   0.121

13.33   0.00    0.128    0.121   0.043   0.023   0.007   0.017   0.027   0.011   0.000   0.000   0.000 631017200
13.33   8.09   44.247
13.33   1.00    0.101    0.003
13.33   1.00    0.104   44.476
13.33   1.00    0.101    0.129   0.104   0.128
13.33   1.00    0.101    0.123   0.104   0.121

13.34   0.00    0.128    0.121   0.043   0.023   0.007   0.017   0.027   0.011   0.000   0.000   0.000 631490600
13.34   8.09   44.242
13.34   1.00    0.101    0.003
13.34   1.00    0.103   44.468
13.34   1.00    0.101    0.129   0.103   0.128
13.34   1.00    0.101    0.123   0.103   0.121

13.35   0.00    0.128    0.121   0.043   0.023   0.007   0.017   0.027   0.011   0.000   0.000   0.000 631964000
13.35   8.08   44.237
13.35   1.00    0.101    0.003
13.35   1.00    0.103   44.461
13.35   1.00    0.101    0.129   0.103   0.128
13.35   1.00    0.101    0.123   0.103   0.121

13.36   0.00    0.128    0.121   0.043   0.023   0.007   0.017   0.027   0.011   0.000   0.000   0.000 632437300
13.36   8.08   44.232
13.36   1.00    0.101    0.003
13.36   1.00    0.103   44.454
13.36   1.00    0.101    0.129   0.103   0.128
13.36   1.00    0.101    0.123   0.103   0.121

13.37   0.00    0.128    0.121   0.043   0.023   0.007   0.017   0.027   0.011   0.000   0.000   0.000 632910700
13.37   8.08   44.227
13.37   1.00    0.101    0.003
13.37   1.00    0.103   44.447
13.37   1.00    0.101    0.129   0.103   0.128
13.37   1.00    0.101    0.123   0.103   0.121

13.38   0.00    0.128    0.121   0.043   0.023   0.007   0.017   0.027   0.011   0.000   0.000   0.000 633384100
13.38   8.07   44.221
13.38   1.00    0.101    0.003
13.38   1.00    0.103   44.440
13.38   1.00    0.101    0.129   0.103   0.128
13.38   1.00    0.101    0.123   0.103   0.121

13.39   0.00    0.128    0.121   0.043   0.023   0.007   0.017   0.027   0.011   0.000   0.000   0.000 633857500
13.39   8.07   44.216
13.39   1.00    0.101    0.003
13.39   1.00    0.103   44.433
13.39   1.00    0.101    0.129   0.103   0.128
13.39   1.00    0.101    0.123   0.103   0.121

13.40   0.00    0.127    0.121   0.043   0.023   0.007   0.017   0.027   0.011   0.000   0.000   0.000 634330800
13.40   8.06   44.211
13.40   1.00    0.101    0.003
13.40   1.00    0.103   44.426
13.40   1.00    0.101    0.129   0.103   0.128
13.40   1.00    0.101    0.123   0.103   0.121

13.41   0.00    0.127    0.121   0.043   0.023   0.007   0.017   0.027   0.011   0.000   0.000   0.000 634804200
13.41   8.06   44.206
13.41   1.00    0.101    0.003
13.41   1.00    0.103   44.419
13.41   1.00    0.101    0.129   0.103   0.128
13.41   1.00    0.101    0.123   0.103   0.121

13.42   0.00    0.127    0.121   0.043   0.023   0.007   0.017   0.027   0.011   0.000   0.000   0.000 635277600
13.42   8.06   44.201
13.42   1.00    0.100    0.003
13.42   1.00    0.103   44.412
13.42   1.00    0.101    0.129   0.103   0.127
13.42   1.00    0.101    0.123   0.103   0.121

13.43   0.00    0.127    0.121   0.043   0.023   0.007   0.017   0.027   0.011   0.000   0.000   0.000 635751000
13.43   8.05   44.195
13.43   1.00    0.100    0.003
13.43   1.00    0.103   44.405
13.43   1.00    0.101    0.129   0.103   0.127
13.43   1.00    0.101    0.123   0.103   0.121

13.44   0.00    0.127    0.121   0.043   0.023   0.007   0.017   0.027   0.011   0.000   0.000   0.000 636224300
13.44   8.05   44.190
13.44   1.00    0.100    0.003
13.44   1.00    0.103   44.398
13.44   1.00    0.101    0.129   0.103   0.127
13.44   1.00    0.101    0.123   0.103   0.121

13.45   0.00    0.127    0.121   0.043   0.023   0.007   0.017   0.027   0.011   0.000   0.000   0.000 636697700
13.45   8.05   44.185
13.45   1.00    0.100    0.003
13.45   1.00    0.103   44.392
13.45   1.00    0.101    0.129   0.103   0.127
13.45   1.00    0.101    0.123   0.103   0.121

13.46   0.00    0.127    0.121   0.043   0.023   0.007   0.017   0.027   0.011   0.000   0.000   0.000 637171100
13.46   8.04   44.180
13.46   1.00    0.100    0.002
13.46   1.00    0.103   44.385
13.46   1.00    0.101    0.129   0.103   0.127
13.46   1.00    0.101    0.123   0.103   0.121

13.47   0.00    0.127    0.121   0.043   0.023   0.007   0.017   0.027   0.011   0.000   0.000   0.000 637644500
13.47   8.04   44.175
13.47   1.00    0.100    0.002
13.47   1.00    0.103   44.378
13.47   1.00    0.100    0.129   0.103   0.127
13.47   1.00    0.101    0.123   0.103   0.121

13.48   0.00    0.127    0.121   0.043   0.023   0.007   0.017   0.027   0.011   0.000   0.000   0.000 638117900
13.48   8.04   44.170
13.48   1.00    0.100    0.002
13.48   1.00    0.103   44.371
13.48   1.00    0.100    0.129   0.103   0.127
13.48   1.00    0.101    0.123   0.103   0.121

13.49   0.00    0.127    0.121   0.043   0.023   0.007   0.017   0.027   0.011   0.000   0.000   0.000 638591200
13.49   8.03   44.165
13.49   1.00    0.100    0.002
13.49   1.00    0.103   44.364
13.49   1.00    0.100    0.129   0.103   0.127
13.49   1.00    0.100    0.123   0.103   0.121

13.50   0.00    0.127    0.121   0.043   0.023   0.007   0.017   0.027   0.011   0.000   0.000   0.000 639064600
13.50   8.03   44.159
13.50   1.00    0.100    0.002
13.50   1.00    0.103   44.357
13.50   1.00    0.100    0.129   0.103   0.127
13.50   1.00    0.100    0.123   0.103   0.121

13.51   0.00    0.127    0.121   0.043   0.023   0.007   0.017   0.027   0.011   0.000   0.000   0.000 639538000
13.51   8.03   44.154
13.51   1.00    0.100    0.002
13.51   1.00    0.103   44.350
13.51   1.00    0.100    0.129   0.103   0.127
13.51   1.00    0.100    0.123   0.103   0.121

13.52   0.00    0.127    0.121   0.043   0.023   0.007   0.017   0.027   0.011   0.000   0.000   0.000 640011500
13.52   8.02   44.149
13.52   1.00    0.100    0.002
13.52   1.00    0.102   44.343
13.52   1.00    0.100    0.129   0.102   0.127
13.52   1.00    0.100    0.123   0.102   0.121

13.53   0.00    0.127    0.121   0.043   0.023   0.007   0.017   0.027   0.011   0.000   0.000   0.000 640484800
13.53   8.02   44.144
13.53   1.00    0.100    0.002
13.53   1.00    0.102   44.336
13.53   1.00    0.100    0.129   0.102   0.127
13.53   1.00    0.100    0.123   0.102   0.121

13.54   0.00    0.127    0.121   0.043   0.023   0.007   0.017   0.027   0.011   0.000   0.000   0.000 640958100
13.54   8.02   44.139
13.54   1.00    0.100    0.002
13.54   1.00    0.102   44.329
13.54   1.00    0.100    0.129   0.102   0.127
13.54   1.00    0.100    0.123   0.102   0.121

13.55   0.00    0.127    0.121   0.043   0.023   0.007   0.017   0.027   0.011   0.000   0.000   0.000 641431600
13.55   8.01   44.134
13.55   1.00    0.100    0.002
13.55   1.00    0.102   44.322
13.55   1.00    0.100    0.129   0.102   0.127
13.55   1.00    0.100    0.122   0.102   0.121

13.56   0.00    0.127    0.121   0.043   0.023   0.007   0.017   0.026   0.011   0.000   0.000   0.000 641905000
13.56   8.01   44.129
13.56   1.00    0.100    0.002
13.56   1.00    0.102   44.315
13.56   1.00    0.100    0.129   0.102   0.127
13.56   1.00    0.100    0.122   0.102   0.121

13.57   0.00    0.127    0.121   0.043   0.023   0.007   0.017   0.026   0.011   0.000   0.000   0.000 642378300
13.57   8.01   44.124
13.57   1.00    0.100    0.002
13.57   1.00    0.102   44.308
13.57   1.00    0.100    0.129   0.102   0.127
13.57   1.00    0.100    0.122   0.102   0.121

13.58   0.00    0.127    0.121   0.043   0.023   0.007   0.017   0.026   0.011   0.000   0.000   0.000 642851700
13.58   8.00   44.118
13.58   1.00    0.100    0.002
13.58   1.00    0.102   44.302
13.58   1.00    0.100    0.129   0.102   0.127
13.58   1.00    0.100    0.122   0.102   0.121

13.59   0.00    0.127    0.121   0.043   0.023   0.007   0.017   0.026   0.011   0.000   0.000   0.000 643325100
13.59   8.00   44.113
13.59   1.00    0.100    0.002
13.59   1.00    0.102   44.295
13.59   1.00    0.100    0.129   0.102   0.127
13.59   1.00    0.100    0.122   0.102   0.121

13.60   0.00    0.127    0.121   0.043   0.023   0.007   0.017   0.026   0.011   0.000   0.000   0.000 643798500
13.60   8.00   44.108
13.60   1.00    0.100    0.002
13.60   1.00    0.102   44.288
13.60   1.00    0.100    0.129   0.102   0.127
13.60   1.00    0.100    0.122   0.102   0.121

13.61   0.00    0.127    0.121   0.043   0.023   0.007   0.017   0.026   0.011   0.000   0.000   0.000 644271800
13.61   7.99   44.103
13.61   1.00    0.100    0.002
13.61   1.00    0.102   44.281
13.61   1.00    0.100    0.129   0.102   0.127
13.61   1.00    0.100    0.122   0.102   0.121

13.62   0.00    0.127    0.121   0.043   0.023   0.007   0.017   0.026   0.011   0.000   0.000   0.000 644745200
13.62   7.99   44.098
13.62   1.00    0.100    0.002
13.62   1.00    0.102   44.274
13.62   1.00    0.100    0.129   0.102   0.127
13.62   1.00    0.100    0.122   0.102   0.121

13.63   0.00    0.127    0.121   0.043   0.023   0.007   0.017   0.026   0.011   0.000   0.000   0.000 645218600
13.63   7.99   44.093
13.63   1.00    0.099    0.002
13.63   1.00    0.102   44.267
13.63   1.00    0.100    0.129   0.102   0.127
13.63   1.00    0.100    0.122   0.102   0.121

13.64   0.00    0.127    0.121   0.043   0.023   0.007   0.017   0.026   0.011   0.000   0.000   0.000 645692000
13.64   7.98   44.088
13.64   1.00    0.099    0.002
13.64   1.00    0.102   44.260
13.64   1.00    0.100    0.129   0.102   0.127
13.64   1.00    0.100    0.122   0.102   0.121

13.65   0.00    0.127    0.121   0.043   0.023   0.007   0.017   0.026   0.011   0.000   0.000   0.000 646165300
13.65   7.98   44.083
13.65   1.00    0.099    0.002
13.65   1.00    0.102   44.253
13.65   1.00    0.100    0.129   0.102   0.127
13.65   1.00    0.100    0.122   0.102   0.121

13.66   0.00    0.127    0.121   0.043   0.023   0.007   0.017   0.026   0.011   0.000   0.000   0.000 646638700
13.66   7.98   44.078
13.66   1.00    0.099    0.002
13.66   1.00    0.102   44.247
13.66   1.00    0.099    0.129   0.102   0.127
13.66   1.00    0.100    0.122   0.102   0.121

13.67   0.00    0.127    0.121   0.043   0.023   0.007   0.017   0.026   0.011   0.000   0.000   0.000 647112100
13.67   7.97   44.073
13.67   1.00    0.099    0.002
13.67   1.00    0.102   44.240
13.67   1.00    0.099    0.129   0.102   0.127
13.67   1.00    0.100    0.122   0.102   0.121

13.68   0.00    0.127    0.121   0.043   0.023   0.007   0.017   0.026   0.011   0.000   0.000   0.000 647585500
13.68   7.97   44.068
13.68   1.00    0.099    0.002
13.68   1.00    0.102   44.233
13.68   1.00    0.099    0.129   0.102   0.127
13.68   1.00    0.099    0.122   0.102   0.121

13.69   0.00    0.127    0.121   0.043   0.023   0.007   0.017   0.026   0.011   0.000   0.000   0.000 648058900
13.69   7.97   44.063
13.69   1.00    0.099    0.002
13.69   1.00    0.102   44.226
13.69   1.00    0.099    0.129   0.102   0.127
13.69   1.00    0.099    0.122   0.102   0.121

13.70   0.00    0.127    0.120   0.043   0.023   0.007   0.017   0.026   0.011   0.000   0.000   0.000 648532300
13.70   7.96   44.058
13.70   1.00    0.099    0.002
13.70   1.00    0.101   44.219
13.70   1.00    0.099    0.129   0.101   0.127
13.70   1.00    0.099    0.122   0.101   0.121

13.71   0.00    0.127    0.120   0.043   0.023   0.007   0.017   0.026   0.011   0.000   0.000   0.000 649005600
13.71   7.96   44.053
13.71   1.00    0.099    0.002
13.71   1.00    0.101   44.213
13.71   1.00    0.099    0.129   0.101   0.127
13.71   1.00    0.099    0.122   0.101   0.121

13.72   0.00    0.127    0.120   0.043   0.023   0.007   0.017   0.026   0.011   0.000   0.000   0.000 649479000
13.72   7.96   44.048
13.72   1.00    0.099    0.002
13.72   1.00    0.101   44.206
13.72   1.00    0.099    0.129   0.101   0.127
13.72   1.00    0.099    0.122   0.101   0.120

13.73   0.00    0.127    0.120   0.043   0.023   0.007   0.017   0.026   0.011   0.000   0.000   0.000 649952400
13.73   7.95   44.043
13.73   1.00    0.099    0.002
13.73   1.00    0.101   44.199
13.73   1.00    0.099    0.129   0.101   0.127
13.73   1.00    0.099    0.122   0.101   0.120

13.74   0.00    0.127    0.120   0.043   0.023   0.007   0.017   0.026   0.011   0.000   0.000   0.000 650425800
13.74   7.95   44.038
13.74   1.00    0.099    0.002
13.74   1.00    0.101   44.192
13.74   1.00    0.099    0.129   0.101   0.127
13.74   1.00    0.099    0.122   0.101   0.120

13.75   0.00    0.127    0.120   0.043   0.023   0.007   0.017   0.026   0.011   0.000   0.000   0.000 650899200
13.75   7.95   44.033
13.75   1.00    0.099    0.002
13.75   1.00    0.101   44.185
13.75   1.00    0.099    0.128   0.101   0.127
13.75   1.00    0.099    0.122   0.101   0.120

13.76   0.00    0.127    0.120   0.043   0.023   0.007   0.017   0.026   0.011   0.000   0.000   0.000 651372500
13.76   7.94   44.028
13.76   1.00    0.099    0.002
13.76   1.00    0.101   44.179
13.76   1.00    0.099    0.128   0.101   0.127
13.76   1.00    0.099    0.122   0.101   0.120

13.77   0.00    0.127    0.120   0.043   0.023   0.007   0.017   0.026   0.011   0.000   0.000   0.000 651846000
13.77   7.94   44.023
13.77   1.00    0.099    0.002
13.77   1.00    0.101   44.172
13.77   1.00    0.099    0.128   0.101   0.127
13.77   1.00    0.099    0.122   0.101   0.120

13.78   0.00    0.127    0.120   0.043   0.023   0.007   0.017   0.026   0.011   0.000   0.000   0.000 652319300
13.78   7.94   44.018
13.78   1.00    0.099    0.002
13.78   1.00    0.101   44.165
13.78   1.00    0.099    0.128   0.101   0.127
13.78   1.00    0.099    0.122   0.101   0.120

13.79   0.00    0.127    0.120   0.043   0.023   0.007   0.017   0.026   0.011   0.000   0.000   0.000 652792700
13.79   7.93   44.013
13.79   1.00    0.099    0.002
13.79   1.00    0.101   44.158
13.79   1.00    0.099    0.128   0.101   0.127
13.79   1.00    0.099    0.122   0.101   0.120

13.80   0.00    0.127    0.120   0.043   0.023   0.007   0.017   0.026   0.011   0.000   0.000   0.000 653266100
13.80   7.93   44.008
13.80   1.00    0.099    0.002
13.80   1.00    0.101   44.151
13.80   1.00    0.099    0.128   0.101   0.127
13.80   1.00    0.099    0.122   0.101   0.120

13.81   0.00    0.127    0.120   0.043   0.023   0.007   0.017   0.026   0.011   0.000   0.000   0.000 653739500
13.81   7.93   44.003
13.81   1.00    0.099    0.002
13.81   1.00    0.101   44.145
13.81   1.00    0.099    0.128   0.101   0.127
13.81   1.00    0.099    0.122   0.101   0.120

13.82   0.00    0.127    0.120   0.043   0.023   0.007   0.017   0.026   0.011   0.000   0.000   0.000 654212800
13.82   7.92   43.998
13.82   1.00    0.099    0.002
13.82   1.00    0.101   44.138
13.82   1.00    0.099    0.128   0.101   0.127
13.82   1.00    0.099    0.122   0.101   0.120

13.83   0.00    0.127    0.120   0.043   0.023   0.007   0.017   0.026   0.011   0.000   0.000   0.000 654686200
13.83   7.92   43.993
13.83   1.00    0.099    0.002
13.83   1.00    0.101   44.131
13.83   1.00    0.099    0.128   0.101   0.127
13.83   1.00    0.099    0.122   0.101   0.120

13.84   0.00    0.127    0.120   0.043   0.023   0.007   0.017   0.026   0.011   0.000   0.000   0.000 655159600
13.84   7.92   43.988
13.84   1.00    0.099    0.002
13.84   1.00    0.101   44.124
13.84   1.00    0.098    0.128   0.101   0.127
13.84   1.00    0.099    0.122   0.101   0.120

13.85   0.00    0.126    0.120   0.043   0.023   0.007   0.017   0.026   0.011   0.000   0.000   0.000 655633000
13.85   7.91   43.983
13.85   1.00    0.098    0.002
13.85   1.00    0.101   44.118
13.85   1.00    0.098    0.128   0.101   0.127
13.85   1.00    0.099    0.122   0.101   0.120

13.86   0.00    0.126    0.120   0.043   0.023   0.007   0.017   0.026   0.011   0.000   0.000   0.000 656106400
13.86   7.91   43.978
13.86   1.00    0.098    0.002
13.86   1.00    0.101   44.111
13.86   1.00    0.098    0.128   0.101   0.126
13.86   1.00    0.098    0.122   0.101   0.120

13.87   0.00    0.126    0.120   0.043   0.023   0.007   0.017   0.026   0.011   0.000   0.000   0.000 656579700
13.87   7.91   43.973
13.87   1.00    0.098    0.002
13.87   1.00    0.101   44.104
13.87   1.00    0.098    0.128   0.101   0.126
13.87   1.00    0.098    0.122   0.101   0.120

13.88   0.00    0.126    0.120   0.043   0.023   0.007   0.017   0.026   0.011   0.000   0.000   0.000 657053100
13.88   7.90   43.968
13.88   1.00    0.098    0.002
13.88   1.00    0.100   44.098
13.88   1.00    0.098    0.128   0.100   0.126
13.88   1.00    0.098    0.122   0.100   0.120

13.89   0.00    0.126    0.120   0.043   0.023   0.007   0.017   0.026   0.011   0.000   0.000   0.000 657526500
13.89   7.90   43.963
13.89   1.00    0.098    0.002
13.89   1.00    0.100   44.091
13.89   1.00    0.098    0.128   0.100   0.126
13.89   1.00    0.098    0.122   0.100   0.120

13.90   0.00    0.126    0.120   0.043   0.023   0.007   0.017   0.026   0.011   0.000   0.000   0.000 657999900
13.90   7.90   43.958
13.90   1.00    0.098    0.002
13.90   1.00    0.100   44.084
13.90   1.00    0.098    0.128   0.100   0.126
13.90   1.00    0.098    0.122   0.100   0.120

13.91   0.00    0.126    0.120   0.043   0.023   0.007   0.017   0.026   0.011   0.000   0.000   0.000 658473300
13.91   7.89   43.953
13.91   1.00    0.098    0.002
13.91   1.00    0.100   44.077
13.91   1.00    0.098    0.128   0.100   0.126
13.91   1.00    0.098    0.122   0.100   0.120

13.92   0.00    0.126    0.120   0.043   0.023   0.007   0.017   0.026   0.011   0.000   0.000   0.000 658946700
13.92   7.89   43.948
13.92   1.00    0.098    0.002
13.92   1.00    0.100   44.071
13.92   1.00    0.098    0.128   0.100   0.126
13.92   1.00    0.098    0.122   0.100   0.120

13.93   0.00    0.126    0.120   0.043   0.023   0.007   0.017   0.026   0.011   0.000   0.000   0.000 659420000
13.93   7.89   43.944
13.93   1.00    0.098    0.002
13.93   1.00    0.100   44.064
13.93   1.00    0.098    0.128   0.100   0.126
13.93   1.00    0.098    0.122   0.100   0.120

13.94   0.00    0.126    0.120   0.043   0.023   0.007   0.017   0.026   0.011   0.000   0.000   0.000 659893400
13.94   7.88   43.939
13.94   1.00    0.098    0.002
13.94   1.00    0.100   44.057
13.94   1.00    0.098    0.128   0.100   0.126
13.94   1.00    0.098    0.122   0.100   0.120

13.95   0.00    0.126    0.120   0.043   0.023   0.007   0.017   0.026   0.011   0.000   0.000   0.000 660366800
13.95   7.88   43.934
13.95   1.00    0.098    0.002
13.95   1.00    0.100   44.051
13.95   1.00    0.098    0.128   0.100   0.126
13.95   1.00    0.098    0.122   0.100   0.120

13.96   0.00    0.126    0.120   0.043   0.023   0.007   0.017   0.026   0.011   0.000   0.000   0.000 660840200
13.96   7.88   43.929
13.96   1.00    0.098    0.002
13.96   1.00    0.100   44.044
13.96   1.00    0.098    0.128   0.100   0.126
13.96   1.00    0.098    0.122   0.100   0.120

13.97   0.00    0.126    0.120   0.043   0.023   0.007   0.017   0.026   0.011   0.000   0.000   0.000 661313600
13.97   7.87   43.924
13.97   1.00    0.098    0.002
13.97   1.00    0.100   44.037
13.97   1.00    0.098    0.128   0.100   0.126
13.97   1.00    0.098    0.122   0.100   0.120

13.98   0.00    0.126    0.120   0.043   0.023   0.007   0.017   0.026   0.011   0.000   0.000   0.000 661786900
13.98   7.87   43.919
13.98   1.00    0.098    0.002
13.98   1.00    0.100   44.031
13.98   1.00    0.098    0.128   0.100   0.126
13.98   1.00    0.098    0.122   0.100   0.120

13.99   0.00    0.126    0.120   0.043   0.023   0.007   0.017   0.026   0.011   0.000   0.000   0.000 662260300
13.99   7.87   43.914
13.99   1.00    0.098    0.002
13.99   1.00    0.100   44.024
13.99   1.00    0.098    0.128   0.100   0.126
13.99   1.00    0.098    0.122   0.100   0.120

14.00   0.00    0.126    0.120   0.043   0.023   0.006   0.017   0.026   0.011   0.000   0.000   0.000 662733700
14.00   7.86   43.909
14.00   1.00    0.098    0.002
14.00   1.00    0.100   44.017
14.00   1.00    0.098    0.128   0.100   0.126
14.00   1.00    0.098    0.122   0.100   0.120

14.01   0.00    0.126    0.120   0.043   0.023   0.006   0.017   0.026   0.011   0.000   0.000   0.000 663207100
14.01   7.86   43.904
14.01   1.00    0.098    0.002
14.01   1.00    0.100   44.011
14.01   1.00    0.098    0.128   0.100   0.126
14.01   1.00    0.098    0.122   0.100   0.120

14.02   0.00    0.126    0.120   0.043   0.023   0.006   0.017   0.026   0.011   0.000   0.000   0.000 663680500
14.02   7.86   43.900
14.02   1.00    0.098    0.002
14.02   1.00    0.100   44.004
14.02   1.00    0.098    0.128   0.100   0.126
14.02   1.00    0.098    0.122   0.100   0.120

14.03   0.00    0.126    0.120   0.043   0.023   0.006   0.017   0.026   0.011   0.000   0.000   0.000 664153900
14.03   7.85   43.895
14.03   1.00    0.098    0.002
14.03   1.00    0.100   43.998
14.03   1.00    0.097    0.128   0.100   0.126
14.03   1.00    0.098    0.122   0.100   0.120

14.04   0.00    0.126    0.120   0.043   0.023   0.006   0.017   0.026   0.011   0.000   0.000   0.000 664627200
14.04   7.85   43.890
14.04   1.00    0.098    0.002
14.04   1.00    0.100   43.991
14.04   1.00    0.097    0.128   0.100   0.126
14.04   1.00    0.098    0.122   0.100   0.120

14.05   0.00    0.126    0.120   0.043   0.023   0.006   0.017   0.026   0.011   0.000   0.000   0.000 665100600
14.05   7.85   43.885
14.05   1.00    0.098    0.002
14.05   1.00    0.100   43.984
14.05   1.00    0.097    0.128   0.100   0.126
14.05   1.00    0.097    0.122   0.100   0.120

14.06   0.00    0.126    0.120   0.043   0.023   0.006   0.017   0.026   0.011   0.000   0.000   0.000 665574000
14.06   7.84   43.880
14.06   1.00    0.098    0.002
14.06   1.00    0.100   43.978
14.06   1.00    0.097    0.128   0.100   0.126
14.06   1.00    0.097    0.122   0.100   0.120

14.07   0.00    0.126    0.120   0.043   0.023   0.006   0.017   0.026   0.011   0.000   0.000   0.000 666047400
14.07   7.84   43.875
14.07   1.00    0.097    0.002
14.07   1.00    0.099   43.971
14.07   1.00    0.097    0.128   0.099   0.126
14.07   1.00    0.097    0.122   0.099   0.120

14.08   0.00    0.126    0.120   0.043   0.023   0.006   0.017   0.026   0.011   0.000   0.000   0.000 666520800
14.08   7.84   43.871
14.08   1.00    0.097    0.002
14.08   1.00    0.099   43.964
14.08   1.00    0.097    0.128   0.099   0.126
14.08   1.00    0.097    0.122   0.099   0.120

14.09   0.00    0.126    0.120   0.043   0.023   0.006   0.017   0.026   0.011   0.000   0.000   0.000 666994100
14.09   7.83   43.866
14.09   1.00    0.097    0.002
14.09   1.00    0.099   43.958
14.09   1.00    0.097    0.128   0.099   0.126
14.09   1.00    0.097    0.122   0.099   0.120

14.10   0.00    0.126    0.120   0.043   0.023   0.006   0.017   0.026   0.011   0.000   0.000   0.000 667467500
14.10   7.83   43.861
14.10   1.00    0.097    0.002
14.10   1.00    0.099   43.951
14.10   1.00    0.097    0.128   0.099   0.126
14.10   1.00    0.097    0.122   0.099   0.120

14.11   0.00    0.126    0.120   0.043   0.023   0.006   0.017   0.026   0.011   0.000   0.000   0.000 667940900
14.11   7.83   43.856
14.11   1.00    0.097    0.002
14.11   1.00    0.099   43.945
14.11   1.00    0.097    0.128   0.099   0.126
14.11   1.00    0.097    0.122   0.099   0.120

14.12   0.00    0.126    0.120   0.043   0.023   0.006   0.017   0.026   0.011   0.000   0.000   0.000 668414300
14.12   7.83   43.851
14.12   1.00    0.097    0.002
14.12   1.00    0.099   43.938
14.12   1.00    0.097    0.128   0.099   0.126
14.12   1.00    0.097    0.122   0.099   0.120

14.13   0.00    0.126    0.120   0.043   0.023   0.006   0.017   0.026   0.011   0.000   0.000   0.000 668887700
14.13   7.82   43.846
14.13   1.00    0.097    0.002
14.13   1.00    0.099   43.932
14.13   1.00    0.097    0.128   0.099   0.126
14.13   1.00    0.097    0.122   0.099   0.120

14.14   0.00    0.126    0.120   0.043   0.023   0.006   0.017   0.026   0.011   0.000   0.000   0.000 669361100
14.14   7.82   43.842
14.14   1.00    0.097    0.002
14.14   1.00    0.099   43.925
14.14   1.00    0.097    0.128   0.099   0.126
14.14   1.00    0.097    0.122   0.099   0.120

14.15   0.00    0.126    0.120   0.043   0.023   0.006   0.017   0.026   0.011   0.000   0.000   0.000 669834400
14.15   7.82   43.837
14.15   1.00    0.097    0.002
14.15   1.00    0.099   43.918
14.15   1.00    0.097    0.128   0.099   0.126
14.15   1.00    0.097    0.122   0.099   0.120

14.16   0.00    0.126    0.120   0.043   0.023   0.006   0.017   0.026   0.011   0.000   0.000   0.000 670307800
14.16   7.81   43.832
14.16   1.00    0.097    0.002
14.16   1.00    0.099   43.912
14.16   1.00    0.097    0.128   0.099   0.126
14.16   1.00    0.097    0.122   0.099   0.120

14.17   0.00    0.126    0.120   0.043   0.023   0.006   0.017   0.026   0.011   0.000   0.000   0.000 670781200
14.17   7.81   43.827
14.17   1.00    0.097    0.002
14.17   1.00    0.099   43.905
14.17   1.00    0.097    0.128   0.099   0.126
14.17   1.00    0.097    0.122   0.099   0.120

14.18   0.00    0.126    0.120   0.043   0.023   0.006   0.017   0.026   0.011   0.000   0.000   0.000 671254600
14.18   7.81   43.823
14.18   1.00    0.097    0.002
14.18   1.00    0.099   43.899
14.18   1.00    0.097    0.128   0.099   0.126
14.18   1.00    0.097    0.122   0.099   0.120

14.19   0.00    0.126    0.120   0.043   0.023   0.006   0.017   0.026   0.011   0.000   0.000   0.000 671727900
14.19   7.80   43.818
14.19   1.00    0.097    0.002
14.19   1.00    0.099   43.892
14.19   1.00    0.097    0.128   0.099   0.126
14.19   1.00    0.097    0.122   0.099   0.120

14.20   0.00    0.126    0.120   0.043   0.023   0.006   0.017   0.026   0.011   0.000   0.000   0.000 672201300
14.20   7.80   43.813
14.20   1.00    0.097    0.002
14.20   1.00    0.099   43.886
14.20   1.00    0.097    0.127   0.099   0.126
14.20   1.00    0.097    0.122   0.099   0.120

14.21   0.00    0.126    0.120   0.043   0.023   0.006   0.017   0.026   0.011   0.000   0.000   0.000 672674700
14.21   7.80   43.808
14.21   1.00    0.097    0.002
14.21   1.00    0.099   43.879
14.21   1.00    0.097    0.127   0.099   0.126
14.21   1.00    0.097    0.122   0.099   0.120

14.22   0.00    0.126    0.120   0.043   0.023   0.006   0.017   0.026   0.011   0.000   0.000   0.000 673148100
14.22   7.79   43.803
14.22   1.00    0.097    0.002
14.22   1.00    0.099   43.873
14.22   1.00    0.096    0.127   0.099   0.126
14.22   1.00    0.097    0.122   0.099   0.120

14.23   0.00    0.126    0.120   0.043   0.023   0.006   0.017   0.026   0.011   0.000   0.000   0.000 673621400
14.23   7.79   43.799
14.23   1.00    0.097    0.002
14.23   1.00    0.099   43.866
14.23   1.00    0.096    0.127   0.099   0.126
14.23   1.00    0.097    0.122   0.099   0.120

14.24   0.00    0.126    0.120   0.043   0.023   0.006   0.017   0.026   0.011   0.000   0.000   0.000 674094800
14.24   7.79   43.794
14.24   1.00    0.097    0.002
14.24   1.00    0.099   43.859
14.24   1.00    0.096    0.127   0.099   0.126
14.24   1.00    0.096    0.122   0.099   0.120

14.25   0.00    0.126    0.120   0.043   0.023   0.006   0.017   0.026   0.011   0.000   0.000   0.000 674568300
14.25   7.78   43.789
14.25   1.00    0.097    0.002
14.25   1.00    0.099   43.853
14.25   1.00    0.096    0.127   0.099   0.126
14.25   1.00    0.096    0.122   0.099   0.120

14.26   0.00    0.126    0.120   0.043   0.023   0.006   0.017   0.026   0.011   0.000   0.000   0.000 675041600
14.26   7.78   43.784
14.26   1.00    0.097    0.002
14.26   1.00    0.098   43.846
14.26   1.00    0.096    0.127   0.098   0.126
14.26   1.00    0.096    0.122   0.098   0.120

14.27   0.00    0.126    0.120   0.043   0.023   0.006   0.017   0.026   0.011   0.000   0.000   0.000 675515000
14.27   7.78   43.780
14.27   1.00    0.097    0.002
14.27   1.00    0.098   43.840
14.27   1.00    0.096    0.127   0.098   0.126
14.27   1.00    0.096    0.122   0.098   0.120

14.28   0.00    0.126    0.120   0.043   0.023   0.006   0.017   0.026   0.011   0.000   0.000   0.000 675988400
14.28   7.77   43.775
14.28   1.00    0.097    0.002
14.28   1.00    0.098   43.833
14.28   1.00    0.096    0.127   0.098   0.126
14.28   1.00    0.096    0.121   0.098   0.120

14.29   0.00    0.126    0.120   0.043   0.023   0.006   0.017   0.026   0.011   0.000   0.000   0.000 676461800
14.29   7.77   43.770
14.29   1.00    0.097    0.002
14.29   1.00    0.098   43.827
14.29   1.00    0.096    0.127   0.098   0.126
14.29   1.00    0.096    0.121   0.098   0.120

14.30   0.00    0.126    0.120   0.043   0.023   0.006   0.017   0.026   0.011   0.000   0.000   0.000 676935200
14.30   7.77   43.765
14.30   1.00    0.096    0.002
14.30   1.00    0.098   43.820
14.30   1.00    0.096    0.127   0.098   0.126
14.30   1.00    0.096    0.121   0.098   0.120

14.31   0.00    0.126    0.120   0.043   0.023   0.006   0.017   0.026   0.011   0.000   0.000   0.000 677408500
14.31   7.77   43.761
14.31   1.00    0.096    0.002
14.31   1.00    0.098   43.814
14.31   1.00    0.096    0.127   0.098   0.126
14.31   1.00    0.096    0.121   0.098   0.120

14.32   0.00    0.126    0.120   0.043   0.023   0.006   0.017   0.026   0.011   0.000   0.000   0.000 677881900
14.32   7.76   43.756
14.32   1.00    0.096    0.002
14.32   1.00    0.098   43.807
14.32   1.00    0.096    0.127   0.098   0.126
14.32   1.00    0.096    0.121   0.098   0.120

14.33   0.00    0.125    0.120   0.043   0.023   0.006   0.017   0.026   0.011   0.000   0.000   0.000 678355300
14.33   7.76   43.750
14.33   1.00    0.096    0.002
14.33   1.00    0.098   43.800
14.33   1.00    0.096    0.127   0.098   0.126
14.33   1.00    0.096    0.121   0.098   0.120

14.34   0.00    0.125    0.120   0.043   0.023   0.006   0.017   0.026   0.011   0.000   0.000   0.000 678828700
14.34   7.76   43.745
14.34   1.00    0.096    0.002
14.34   1.00    0.098   43.793
14.34   1.00    0.096    0.127   0.098   0.126
14.34   1.00    0.096    0.121   0.098   0.120

14.35   0.00    0.125    0.120   0.043   0.023   0.006   0.017   0.026   0.011   0.000   0.000   0.000 679302100
14.35   7.75   43.740
14.35   1.00    0.096    0.002
14.35   1.00    0.098   43.786
14.35   1.00    0.096    0.127   0.098   0.125
14.35   1.00    0.096    0.121   0.098   0.120

14.36   0.00    0.125    0.120   0.043   0.023   0.006   0.017   0.026   0.011   0.000   0.000   0.000 679775400
14.36   7.75   43.736
14.36   1.00    0.096    0.002
14.36   1.00    0.098   43.779
14.36   1.00    0.096    0.127   0.098   0.125
14.36   1.00    0.096    0.121   0.098   0.120

14.37   0.00    0.125    0.120   0.043   0.023   0.006   0.017   0.026   0.011   0.000   0.000   0.000 680248800
14.37   7.75   43.731
14.37   1.00    0.096    0.002
14.37   1.00    0.098   43.773
14.37   1.00    0.096    0.127   0.098   0.125
14.37   1.00    0.096    0.121   0.098   0.120

14.38   0.00    0.125    0.120   0.043   0.023   0.006   0.017   0.026   0.011   0.000   0.000   0.000 680722200
14.38   7.74   43.726
14.38   1.00    0.096    0.002
14.38   1.00    0.098   43.766
14.38   1.00    0.096    0.127   0.098   0.125
14.38   1.00    0.096    0.121   0.098   0.120

14.39   0.00    0.125    0.120   0.043   0.023   0.006   0.017   0.026   0.011   0.000   0.000   0.000 681195600
14.39   7.74   43.721
14.39   1.00    0.096    0.002
14.39   1.00    0.098   43.759
14.39   1.00    0.096    0.127   0.098   0.125
14.39   1.00    0.096    0.121   0.098   0.120

14.40   0.00    0.125    0.120   0.043   0.023   0.006   0.017   0.026   0.011   0.000   0.000   0.000 681668900
14.40   7.74   43.716
14.40   1.00    0.096    0.002
14.40   1.00    0.098   43.752
14.40   1.00    0.096    0.127   0.098   0.125
14.40   1.00    0.096    0.121   0.098   0.120

14.41   0.00    0.125    0.120   0.043   0.023   0.006   0.017   0.026   0.011   0.000   0.000   0.000 682142300
14.41   7.74   43.711
14.41   1.00    0.096    0.002
14.41   1.00    0.098   43.746
14.41   1.00    0.096    0.127   0.098   0.125
14.41   1.00    0.096    0.121   0.098   0.120

14.42   0.00    0.125    0.120   0.043   0.023   0.006   0.017   0.026   0.011   0.000   0.000   0.000 682615700
14.42   7.73   43.706
14.42   1.00    0.096    0.002
14.42   1.00    0.098   43.739
14.42   1.00    0.096    0.127   0.098   0.125
14.42   1.00    0.096    0.121   0.098   0.120

14.43   0.00    0.125    0.120   0.043   0.023   0.006   0.017   0.026   0.011   0.000   0.000   0.000 683089100
14.43   7.73   43.701
14.43   1.00    0.096    0.002
14.43   1.00    0.098   43.732
14.43   1.00    0.096    0.127   0.098   0.125
14.43   1.00    0.096    0.121   0.098   0.120

14.44   0.00    0.125    0.120   0.043   0.023   0.006   0.017   0.026   0.011   0.000   0.000   0.000 683562400
14.44   7.73   43.696
14.44   1.00    0.096    0.002
14.44   1.00    0.098   43.725
14.44   1.00    0.095    0.127   0.098   0.125
14.44   1.00    0.096    0.121   0.098   0.120

14.45   0.00    0.125    0.120   0.043   0.023   0.006   0.017   0.026   0.011   0.000   0.000   0.000 684035800
14.45   7.72   43.692
14.45   1.00    0.096    0.002
14.45   1.00    0.098   43.719
14.45   1.00    0.095    0.127   0.098   0.125
14.45   1.00    0.096    0.121   0.098   0.120

14.46   0.00    0.125    0.120   0.043   0.023   0.006   0.017   0.026   0.011   0.000   0.000   0.000 684509200
14.46   7.72   43.687
14.46   1.00    0.096    0.002
14.46   1.00    0.098   43.712
14.46   1.00    0.095    0.127   0.098   0.125
14.46   1.00    0.095    0.121   0.098   0.120

14.47   0.00    0.125    0.120   0.043   0.023   0.006   0.017   0.026   0.011   0.000   0.000   0.000 684982700
14.47   7.72   43.682
14.47   1.00    0.096    0.002
14.47   1.00    0.098   43.705
14.47   1.00    0.095    0.127   0.098   0.125
14.47   1.00    0.095    0.121   0.098   0.120

14.48   0.00    0.125    0.120   0.043   0.023   0.006   0.017   0.026   0.011   0.000   0.000   0.000 685456000
14.48   7.71   43.677
14.48   1.00    0.096    0.002
14.48   1.00    0.098   43.698
14.48   1.00    0.095    0.127   0.098   0.125
14.48   1.00    0.095    0.121   0.098   0.120

14.49   0.00    0.125    0.120   0.043   0.023   0.006   0.017   0.026   0.011   0.000   0.000   0.000 685929300
14.49   7.71   43.672
14.49   1.00    0.096    0.002
14.49   1.00    0.097   43.692
14.49   1.00    0.095    0.127   0.097   0.125
14.49   1.00    0.095    0.121   0.097   0.120

14.50   0.00    0.125    0.119   0.043   0.023   0.006   0.017   0.026   0.011   0.000   0.000   0.000 686402800
14.50   7.71   43.667
14.50   1.00    0.096    0.002
14.50   1.00    0.097   43.685
14.50   1.00    0.095    0.127   0.097   0.125
14.50   1.00    0.095    0.121   0.097   0.120

14.51   0.00    0.125    0.119   0.043   0.023   0.006   0.017   0.026   0.011   0.000   0.000   0.000 686876200
14.51   7.71   43.662
14.51   1.00    0.096    0.002
14.51   1.00    0.097   43.678
14.51   1.00    0.095    0.127   0.097   0.125
14.51   1.00    0.095    0.121   0.097   0.120

14.52   0.00    0.125    0.119   0.043   0.023   0.006   0.017   0.026   0.011   0.000   0.000   0.000 687349600
14.52   7.70   43.657
14.52   1.00    0.096    0.002
14.52   1.00    0.097   43.671
14.52   1.00    0.095    0.127   0.097   0.125
14.52   1.00    0.095    0.121   0.097   0.120

14.53   0.00    0.125    0.119   0.043   0.023   0.006   0.017   0.026   0.011   0.000   0.000   0.000 687822900
14.53   7.70   43.653
14.53   1.00    0.095    0.002
14.53   1.00    0.097   43.665
14.53   1.00    0.095    0.127   0.097   0.125
14.53   1.00    0.095    0.121   0.097   0.119

14.54   0.00    0.125    0.119   0.043   0.023   0.006   0.017   0.026   0.011   0.000   0.000   0.000 688296300
14.54   7.70   43.648
14.54   1.00    0.095    0.002
14.54   1.00    0.097   43.658
14.54   1.00    0.095    0.127   0.097   0.125
14.54   1.00    0.095    0.121   0.097   0.119

14.55   0.00    0.125    0.119   0.043   0.023   0.006   0.017   0.026   0.011   0.000   0.000   0.000 688769700
14.55   7.69   43.643
14.55   1.00    0.095    0.002
14.55   1.00    0.097   43.651
14.55   1.00    0.095    0.127   0.097   0.125
14.55   1.00    0.095    0.121   0.097   0.119

14.56   0.00    0.125    0.119   0.043   0.023   0.006   0.017   0.026   0.011   0.000   0.000   0.000 689243100
14.56   7.69   43.638
14.56   1.00    0.095    0.002
14.56   1.00    0.097   43.645
14.56   1.00    0.095    0.127   0.097   0.125
14.56   1.00    0.095    0.121   0.097   0.119

14.57   0.00    0.125    0.119   0.043   0.023   0.006   0.017   0.026   0.011   0.000   0.000   0.000 689716400
14.57   7.69   43.633
14.57   1.00    0.095    0.002
14.57   1.00    0.097   43.638
14.57   1.00    0.095    0.127   0.097   0.125
14.57   1.00    0.095    0.121   0.097   0.119

14.58   0.00    0.125    0.119   0.043   0.023   0.006   0.017   0.026   0.011   0.000   0.000   0.000 690189800
14.58   7.68   43.628
14.58   1.00    0.095    0.002
14.58   1.00    0.097   43.631
14.58   1.00    0.095    0.127   0.097   0.125
14.58   1.00    0.095    0.121   0.097   0.119

14.59   0.00    0.125    0.119   0.043   0.023   0.006   0.017   0.026   0.011   0.000   0.000   0.000 690663200
14.59   7.68   43.623
14.59   1.00    0.095    0.002
14.59   1.00    0.097   43.624
14.59   1.00    0.095    0.127   0.097   0.125
14.59   1.00    0.095    0.121   0.097   0.119

14.60   0.00    0.125    0.119   0.043   0.023   0.006   0.017   0.026   0.011   0.000   0.000   0.000 691136600
14.60   7.68   43.619
14.60   1.00    0.095    0.002
14.60   1.00    0.097   43.618
14.60   1.00    0.095    0.127   0.097   0.125
14.60   1.00    0.095    0.121   0.097   0.119

14.61   0.00    0.125    0.119   0.043   0.023   0.006   0.017   0.026   0.011   0.000   0.000   0.000 691609900
14.61   7.68   43.614
14.61   1.00    0.095    0.002
14.61   1.00    0.097   43.611
14.61   1.00    0.095    0.127   0.097   0.125
14.61   1.00    0.095    0.121   0.097   0.119

14.62   0.00    0.125    0.119   0.043   0.023   0.006   0.017   0.026   0.011   0.000   0.000   0.000 692083300
14.62   7.67   43.609
14.62   1.00    0.095    0.002
14.62   1.00    0.097   43.604
14.62   1.00    0.095    0.127   0.097   0.125
14.62   1.00    0.095    0.121   0.097   0.119

14.63   0.00    0.125    0.119   0.043   0.023   0.006   0.017   0.025   0.011   0.000   0.000   0.000 692556700
14.63   7.67   43.604
14.63   1.00    0.095    0.002
14.63   1.00    0.097   43.598
14.63   1.00    0.095    0.127   0.097   0.125
14.63   1.00    0.095    0.121   0.097   0.119

14.64   0.00    0.125    0.119   0.043   0.023   0.006   0.017   0.025   0.011   0.000   0.000   0.000 693030100
14.64   7.67   43.599
14.64   1.00    0.095    0.002
14.64   1.00    0.097   43.591
14.64   1.00    0.095    0.127   0.097   0.125
14.64   1.00    0.095    0.121   0.097   0.119

14.65   0.00    0.125    0.119   0.043   0.023   0.006   0.017   0.025   0.011   0.000   0.000   0.000 693503500
14.65   7.66   43.594
14.65   1.00    0.095    0.002
14.65   1.00    0.097   43.584
14.65   1.00    0.095    0.127   0.097   0.125
14.65   1.00    0.095    0.121   0.097   0.119

14.66   0.00    0.125    0.119   0.043   0.023   0.006   0.017   0.025   0.011   0.000   0.000   0.000 693976800
14.66   7.66   43.589
14.66   1.00    0.095    0.002
14.66   1.00    0.097   43.578
14.66   1.00    0.095    0.127   0.097   0.125
14.66   1.00    0.095    0.121   0.097   0.119

14.67   0.00    0.125    0.119   0.043   0.023   0.006   0.017   0.025   0.011   0.000   0.000   0.000 694450200
14.67   7.66   43.585
14.67   1.00    0.095    0.002
14.67   1.00    0.097   43.571
14.67   1.00    0.095    0.127   0.097   0.125
14.67   1.00    0.095    0.121   0.097   0.119

14.68   0.00    0.125    0.119   0.043   0.023   0.006   0.017   0.025   0.011   0.000   0.000   0.000 694923600
14.68   7.66   43.580
14.68   1.00    0.095    0.002
14.68   1.00    0.097   43.564
14.68   1.00    0.094    0.127   0.097   0.125
14.68   1.00    0.095    0.121   0.097   0.119

14.69   0.00    0.125    0.119   0.043   0.023   0.006   0.017   0.025   0.011   0.000   0.000   0.000 695397000
14.69   7.65   43.575
14.69   1.00    0.095    0.002
14.69   1.00    0.097   43.557
14.69   1.00    0.094    0.127   0.097   0.125
14.69   1.00    0.095    0.121   0.097   0.119

14.70   0.00    0.125    0.119   0.043   0.023   0.006   0.017   0.025   0.011   0.000   0.000   0.000 695870400
14.70   7.65   43.570
14.70   1.00    0.095    0.002
14.70   1.00    0.097   43.551
14.70   1.00    0.094    0.126   0.097   0.125
14.70   1.00    0.095    0.121   0.097   0.119

14.71   0.00    0.125    0.119   0.043   0.023   0.006   0.017   0.025   0.011   0.000   0.000   0.000 696343700
14.71   7.65   43.565
14.71   1.00    0.095    0.002
14.71   1.00    0.097   43.544
14.71   1.00    0.094    0.126   0.097   0.125
14.71   1.00    0.094    0.121   0.097   0.119

14.72   0.00    0.125    0.119   0.043   0.023   0.006   0.017   0.025   0.011   0.000   0.000   0.000 696817200
14.72   7.64   43.560
14.72   1.00    0.095    0.002
14.72   1.00    0.097   43.537
14.72   1.00    0.094    0.126   0.097   0.125
14.72   1.00    0.094    0.121   0.097   0.119

14.73   0.00    0.125    0.119   0.043   0.023   0.006   0.017   0.025   0.011   0.000   0.000   0.000 697290500
14.73   7.64   43.556
14.73   1.00    0.095    0.002
14.73   1.00    0.096   43.531
14.73   1.00    0.094    0.126   0.096   0.125
14.73   1.00    0.094    0.121   0.096   0.119

14.74   0.00    0.125    0.119   0.043   0.023   0.006   0.017   0.025   0.011   0.000   0.000   0.000 697763900
14.74   7.64   43.551
14.74   1.00    0.095    0.002
14.74   1.00    0.096   43.524
14.74   1.00    0.094    0.126   0.096   0.125
14.74   1.00    0.094    0.121   0.096   0.119

14.75   0.00    0.125    0.119   0.043   0.023   0.006   0.017   0.025   0.011   0.000   0.000   0.000 698237300
14.75   7.64   43.546
14.75   1.00    0.095    0.002
14.75   1.00    0.096   43.517
14.75   1.00    0.094    0.126   0.096   0.125
14.75   1.00    0.094    0.121   0.096   0.119

14.76   0.00    0.125    0.119   0.043   0.023   0.006   0.017   0.025   0.011   0.000   0.000   0.000 698710700
14.76   7.63   43.541
14.76   1.00    0.095    0.002
14.76   1.00    0.096   43.511
14.76   1.00    0.094    0.126   0.096   0.125
14.76   1.00    0.094    0.121   0.096   0.119

14.77   0.00    0.125    0.119   0.043   0.023   0.006   0.017   0.025   0.011   0.000   0.000   0.000 699184100
14.77   7.63   43.536
14.77   1.00    0.095    0.002
14.77   1.00    0.096   43.504
14.77   1.00    0.094    0.126   0.096   0.125
14.77   1.00    0.094    0.121   0.096   0.119

14.78   0.00    0.125    0.119   0.043   0.023   0.006   0.017   0.025   0.011   0.000   0.000   0.000 699657400
14.78   7.63   43.532
14.78   1.00    0.094    0.002
14.78   1.00    0.096   43.497
14.78   1.00    0.094    0.126   0.096   0.125
14.78   1.00    0.094    0.121   0.096   0.119

14.79   0.00    0.125    0.119   0.043   0.023   0.006   0.017   0.025   0.011   0.000   0.000   0.000 700130800
14.79   7.62   43.527
14.79   1.00    0.094    0.002
14.79   1.00    0.096   43.491
14.79   1.00    0.094    0.126   0.096   0.125
14.79   1.00    0.094    0.121   0.096   0.119

14.80   0.00    0.125    0.119   0.043   0.023   0.006   0.017   0.025   0.011   0.000   0.000   0.000 700604200
14.80   7.62   43.522
14.80   1.00    0.094    0.002
14.80   1.00    0.096   43.484
14.80   1.00    0.094    0.126   0.096   0.125
14.80   1.00    0.094    0.121   0.096   0.119

14.81   0.00    0.125    0.119   0.043   0.023   0.006   0.017   0.025   0.011   0.000   0.000   0.000 701077600
14.81   7.62   43.517
14.81   1.00    0.094    0.002
14.81   1.00    0.096   43.477
14.81   1.00    0.094    0.126   0.096   0.125
14.81   1.00    0.094    0.121   0.096   0.119

14.82   0.00    0.125    0.119   0.043   0.023   0.006   0.017   0.025   0.011   0.000   0.000   0.000 701551000
14.82   7.62   43.512
14.82   1.00    0.094    0.002
14.82   1.00    0.096   43.471
14.82   1.00    0.094    0.126   0.096   0.125
14.82   1.00    0.094    0.121   0.096   0.119

14.83   0.00    0.125    0.119   0.043   0.023   0.006   0.017   0.025   0.011   0.000   0.000   0.000 702024300
14.83   7.61   43.507
14.83   1.00    0.094    0.002
14.83   1.00    0.096   43.464
14.83   1.00    0.094    0.126   0.096   0.125
14.83   1.00    0.094    0.121   0.096   0.119

14.84   0.00    0.125    0.119   0.043   0.023   0.006   0.017   0.025   0.011   0.000   0.000   0.000 702497700
14.84   7.61   43.503
14.84   1.00    0.094    0.002
14.84   1.00    0.096   43.457
14.84   1.00    0.094    0.126   0.096   0.125
14.84   1.00    0.094    0.121   0.096   0.119

14.85   0.00    0.125    0.119   0.043   0.023   0.006   0.017   0.025   0.011   0.000   0.000   0.000 702971100
14.85   7.61   43.498
14.85   1.00    0.094    0.002
14.85   1.00    0.096   43.451
14.85   1.00    0.094    0.126   0.096   0.125
14.85   1.00    0.094    0.121   0.096   0.119

14.86   0.00    0.124    0.119   0.043   0.023   0.006   0.017   0.025   0.011   0.000   0.000   0.000 703444500
14.86   7.60   43.493
14.86   1.00    0.094    0.002
14.86   1.00    0.096   43.444
14.86   1.00    0.094    0.126   0.096   0.125
14.86   1.00    0.094    0.121   0.096   0.119

14.87   0.00    0.124    0.119   0.043   0.023   0.006   0.017   0.025   0.011   0.000   0.000   0.000 703917900
14.87   7.60   43.488
14.87   1.00    0.094    0.002
14.87   1.00    0.096   43.437
14.87   1.00    0.094    0.126   0.096   0.125
14.87   1.00    0.094    0.121   0.096   0.119

14.88   0.00    0.124    0.119   0.043   0.023   0.006   0.017   0.025   0.011   0.000   0.000   0.000 704391200
14.88   7.60   43.483
14.88   1.00    0.094    0.002
14.88   1.00    0.096   43.431
14.88   1.00    0.094    0.126   0.096   0.124
14.88   1.00    0.094    0.121   0.096   0.119

14.89   0.00    0.124    0.119   0.043   0.023   0.006   0.017   0.025   0.011   0.000   0.000   0.000 704864600
14.89   7.60   43.479
14.89   1.00    0.094    0.002
14.89   1.00    0.096   43.424
14.89   1.00    0.094    0.126   0.096   0.124
14.89   1.00    0.094    0.121   0.096   0.119

14.90   0.00    0.124    0.119   0.043   0.023   0.006   0.017   0.025   0.011   0.000   0.000   0.000 705338000
14.90   7.59   43.474
14.90   1.00    0.094    0.002
14.90   1.00    0.096   43.418
14.90   1.00    0.094    0.126   0.096   0.124
14.90   1.00    0.094    0.121   0.096   0.119

14.91   0.00    0.124    0.119   0.043   0.023   0.006   0.017   0.025   0.011   0.000   0.000   0.000 705811400
14.91   7.59   43.469
14.91   1.00    0.094    0.002
14.91   1.00    0.096   43.411
14.91   1.00    0.094    0.126   0.096   0.124
14.91   1.00    0.094    0.121   0.096   0.119

14.92   0.00    0.124    0.119   0.043   0.023   0.006   0.017   0.025   0.011   0.000   0.000   0.000 706284800
14.92   7.59   43.464
14.92   1.00    0.094    0.002
14.92   1.00    0.096   43.404
14.92   1.00    0.094    0.126   0.096   0.124
14.92   1.00    0.094    0.121   0.096   0.119

14.93   0.00    0.124    0.119   0.043   0.023   0.006   0.017   0.025   0.011   0.000   0.000   0.000 706758100
14.93   7.58   43.459
14.93   1.00    0.094    0.002
14.93   1.00    0.096   43.398
14.93   1.00    0.094    0.126   0.096   0.124
14.93   1.00    0.094    0.121   0.096   0.119

14.94   0.00    0.124    0.119   0.043   0.023   0.006   0.017   0.025   0.011   0.000   0.000   0.000 707231500
14.94   7.58   43.455
14.94   1.00    0.094    0.002
14.94   1.00    0.096   43.391
14.94   1.00    0.093    0.126   0.096   0.124
14.94   1.00    0.094    0.121   0.096   0.119

14.95   0.00    0.124    0.119   0.043   0.023   0.006   0.017   0.025   0.011   0.000   0.000   0.000 707704900
14.95   7.58   43.450
14.95   1.00    0.094    0.002
14.95   1.00    0.096   43.384
14.95   1.00    0.093    0.126   0.096   0.124
14.95   1.00    0.094    0.121   0.096   0.119

14.96   0.00    0.124    0.119   0.043   0.023   0.006   0.017   0.025   0.011   0.000   0.000   0.000 708178300
14.96   7.58   43.445
14.96   1.00    0.094    0.002
14.96   1.00    0.096   43.378
14.96   1.00    0.093    0.126   0.096   0.124
14.96   1.00    0.093    0.121   0.096   0.119

14.97   0.00    0.124    0.119   0.043   0.023   0.006   0.017   0.025   0.011   0.000   0.000   0.000 708651700
14.97   7.57   43.440
14.97   1.00    0.094    0.002
14.97   1.00    0.096   43.371
14.97   1.00    0.093    0.126   0.096   0.124
14.97   1.00    0.093    0.121   0.096   0.119

14.98   0.00    0.124    0.119   0.043   0.023   0.006   0.017   0.025   0.011   0.000   0.000   0.000 709125100
14.98   7.57   43.436
14.98   1.00    0.094    0.002
14.98   1.00    0.095   43.365
14.98   1.00    0.093    0.126   0.095   0.124
14.98   1.00    0.093    0.121   0.095   0.119

14.99   0.00    0.124    0.119   0.043   0.023   0.006   0.017   0.025   0.011   0.000   0.000   0.000 709598500
14.99   7.57   43.431
14.99   1.00    0.094    0.002
14.99   1.00    0.095   43.358
14.99   1.00    0.093    0.126   0.095   0.124
14.99   1.00    0.093    0.121   0.095   0.119

15.00   0.00    0.124    0.119   0.043   0.023   0.006   0.017   0.025   0.011   0.000   0.000   0.000 710071800
15.00   7.57   43.426
15.00   1.00    0.094    0.002
15.00   1.00    0.095   43.351
15.00   1.00    0.093    0.126   0.095   0.124
15.00   1.00    0.093    0.121   0.095   0.119

15.01   0.00    0.124    0.119   0.043   0.023   0.006   0.017   0.025   0.011   0.000   0.000   0.000 710545200
15.01   7.56   43.421
15.01   1.00    0.094    0.002
15.01   1.00    0.095   43.345
15.01   1.00    0.093    0.126   0.095   0.124
15.01   1.00    0.093    0.121   0.095   0.119

15.02   0.00    0.124    0.119   0.043   0.023   0.006   0.017   0.025   0.011   0.000   0.000   0.000 711018600
15.02   7.56   43.416
15.02   1.00    0.094    0.002
15.02   1.00    0.095   43.338
15.02   1.00    0.093    0.126   0.095   0.124
15.02   1.00    0.093    0.121   0.095   0.119

15.03   0.00    0.124    0.119   0.043   0.023   0.006   0.017   0.025   0.011   0.000   0.000   0.000 711492000
15.03   7.56   43.412
15.03   1.00    0.093    0.002
15.03   1.00    0.095   43.331
15.03   1.00    0.093    0.126   0.095   0.124
15.03   1.00    0.093    0.121   0.095   0.119

15.04   0.00    0.124    0.119   0.043   0.023   0.006   0.017   0.025   0.011   0.000   0.000   0.000 711965400
15.04   7.55   43.407
15.04   1.00    0.093    0.002
15.04   1.00    0.095   43.325
15.04   1.00    0.093    0.126   0.095   0.124
15.04   1.00    0.093    0.121   0.095   0.119

15.05   0.00    0.124    0.119   0.043   0.023   0.006   0.017   0.025   0.011   0.000   0.000   0.000 712438700
15.05   7.55   43.402
15.05   1.00    0.093    0.002
15.05   1.00    0.095   43.318
15.05   1.00    0.093    0.126   0.095   0.124
15.05   1.00    0.093    0.121   0.095   0.119

15.06   0.00    0.124    0.119   0.043   0.023   0.006   0.017   0.025   0.011   0.000   0.000   0.000 712912100
15.06   7.55   43.397
15.06   1.00    0.093    0.002
15.06   1.00    0.095   43.312
15.06   1.00    0.093    0.126   0.095   0.124
15.06   1.00    0.093    0.121   0.095   0.119

15.07   0.00    0.124    0.119   0.043   0.023   0.006   0.017   0.025   0.011   0.000   0.000   0.000 713385500
15.07   7.55   43.393
15.07   1.00    0.093    0.002
15.07   1.00    0.095   43.305
15.07   1.00    0.093    0.126   0.095   0.124
15.07   1.00    0.093    0.121   0.095   0.119

15.08   0.00    0.124    0.119   0.043   0.023   0.006   0.017   0.025   0.011   0.000   0.000   0.000 713858900
15.08   7.54   43.388
15.08   1.00    0.093    0.002
15.08   1.00    0.095   43.298
15.08   1.00    0.093    0.126   0.095   0.124
15.08   1.00    0.093    0.121   0.095   0.119

15.09   0.00    0.124    0.119   0.043   0.023   0.006   0.017   0.025   0.011   0.000   0.000   0.000 714332300
15.09   7.54   43.383
15.09   1.00    0.093    0.002
15.09   1.00    0.095   43.292
15.09   1.00    0.093    0.126   0.095   0.124
15.09   1.00    0.093    0.121   0.095   0.119

15.10   0.00    0.124    0.119   0.043   0.023   0.006   0.017   0.025   0.011   0.000   0.000   0.000 714805600
15.10   7.54   43.378
15.10   1.00    0.093    0.002
15.10   1.00    0.095   43.285
15.10   1.00    0.093    0.126   0.095   0.124
15.10   1.00    0.093    0.120   0.095   0.119

15.11   0.00    0.124    0.119   0.043   0.023   0.006   0.017   0.025   0.011   0.000   0.000   0.000 715279000
15.11   7.54   43.374
15.11   1.00    0.093    0.002
15.11   1.00    0.095   43.279
15.11   1.00    0.093    0.126   0.095   0.124
15.11   1.00    0.093    0.120   0.095   0.119

15.12   0.00    0.124    0.119   0.043   0.023   0.006   0.017   0.025   0.011   0.000   0.000   0.000 715752400
15.12   7.53   43.369
15.12   1.00    0.093    0.002
15.12   1.00    0.095   43.272
15.12   1.00    0.093    0.126   0.095   0.124
15.12   1.00    0.093    0.120   0.095   0.119

15.13   0.00    0.124    0.119   0.043   0.023   0.006   0.017   0.025   0.011   0.000   0.000   0.000 716225800
15.13   7.53   43.364
15.13   1.00    0.093    0.002
15.13   1.00    0.095   43.265
15.13   1.00    0.093    0.126   0.095   0.124
15.13   1.00    0.093    0.120   0.095   0.119

15.14   0.00    0.124    0.119   0.043   0.023   0.006   0.017   0.025   0.011   0.000   0.000   0.000 716699200
15.14   7.53   43.359
15.14   1.00    0.093    0.002
15.14   1.00    0.095   43.259
15.14   1.00    0.093    0.126   0.095   0.124
15.14   1.00    0.093    0.120   0.095   0.119

15.15   0.00    0.124    0.119   0.043   0.023   0.006   0.017   0.025   0.011   0.000   0.000   0.000 717172500
15.15   7.52   43.355
15.15   1.00    0.093    0.002
15.15   1.00    0.095   43.252
15.15   1.00    0.093    0.126   0.095   0.124
15.15   1.00    0.093    0.120   0.095   0.119

15.16   0.00    0.124    0.119   0.043   0.023   0.006   0.017   0.025   0.011   0.000   0.000   0.000 717645900
15.16   7.52   43.350
15.16   1.00    0.093    0.002
15.16   1.00    0.095   43.246
15.16   1.00    0.093    0.126   0.095   0.124
15.16   1.00    0.093    0.120   0.095   0.119

15.17   0.00    0.124    0.119   0.043   0.023   0.006   0.017   0.025   0.011   0.000   0.000   0.000 718119300
15.17   7.52   43.345
15.17   1.00    0.093    0.002
15.17   1.00    0.095   43.239
15.17   1.00    0.093    0.126   0.095   0.124
15.17   1.00    0.093    0.120   0.095   0.119

15.18   0.00    0.124    0.119   0.043   0.023   0.006   0.017   0.025   0.011   0.000   0.000   0.000 718592700
15.18   7.52   43.340
15.18   1.00    0.093    0.002
15.18   1.00    0.095   43.233
15.18   1.00    0.093    0.126   0.095   0.124
15.18   1.00    0.093    0.120   0.095   0.119

15.19   0.00    0.124    0.119   0.043   0.023   0.006   0.017   0.025   0.011   0.000   0.000   0.000 719066000
15.19   7.51   43.336
15.19   1.00    0.093    0.002
15.19   1.00    0.095   43.226
15.19   1.00    0.093    0.126   0.095   0.124
15.19   1.00    0.093    0.120   0.095   0.119

15.20   0.00    0.124    0.119   0.043   0.023   0.006   0.017   0.025   0.011   0.000   0.000   0.000 719539500
15.20   7.51   43.331
15.20   1.00    0.093    0.002
15.20   1.00    0.095   43.219
15.20   1.00    0.092    0.126   0.095   0.124
15.20   1.00    0.093    0.120   0.095   0.119

15.21   0.00    0.124    0.119   0.043   0.023   0.006   0.017   0.025   0.011   0.000   0.000   0.000 720012900
15.21   7.51   43.326
15.21   1.00    0.093    0.002
15.21   1.00    0.095   43.213
15.21   1.00    0.092    0.126   0.095   0.124
15.21   1.00    0.093    0.120   0.095   0.119

15.22   0.00    0.124    0.119   0.043   0.023   0.006   0.017   0.025   0.011   0.000   0.000   0.000 720486200
15.22   7.51   43.322
15.22   1.00    0.093    0.002
15.22   1.00    0.095   43.206
15.22   1.00    0.092    0.126   0.095   0.124
15.22   1.00    0.092    0.120   0.095   0.119

15.23   0.00    0.124    0.119   0.043   0.023   0.006   0.017   0.025   0.011   0.000   0.000   0.000 720959600
15.23   7.50   43.317
15.23   1.00    0.093    0.002
15.23   1.00    0.095   43.200
15.23   1.00    0.092    0.126   0.095   0.124
15.23   1.00    0.092    0.120   0.095   0.119

15.24   0.00    0.124    0.119   0.043   0.023   0.006   0.017   0.025   0.011   0.000   0.000   0.000 721433000
15.24   7.50   43.312
15.24   1.00    0.093    0.002
15.24   1.00    0.094   43.193
15.24   1.00    0.092    0.125   0.094   0.124
15.24   1.00    0.092    0.120   0.094   0.119

15.25   0.00    0.124    0.119   0.043   0.023   0.006   0.017   0.025   0.011   0.000   0.000   0.000 721906400
15.25   7.50   43.307
15.25   1.00    0.093    0.002
15.25   1.00    0.094   43.187
15.25   1.00    0.092    0.125   0.094   0.124
15.25   1.00    0.092    0.120   0.094   0.119

15.26   0.00    0.124    0.119   0.043   0.023   0.006   0.017   0.025   0.011   0.000   0.000   0.000 722379800
15.26   7.50   43.303
15.26   1.00    0.093    0.002
15.26   1.00    0.094   43.180
15.26   1.00    0.092    0.125   0.094   0.124
15.26   1.00    0.092    0.120   0.094   0.119

15.27   0.00    0.124    0.119   0.043   0.023   0.006   0.017   0.025   0.011   0.000   0.000   0.000 722853100
15.27   7.49   43.298
15.27   1.00    0.093    0.002
15.27   1.00    0.094   43.173
15.27   1.00    0.092    0.125   0.094   0.124
15.27   1.00    0.092    0.120   0.094   0.119

15.28   0.00    0.124    0.119   0.043   0.023   0.005   0.017   0.025   0.011   0.000   0.000   0.000 723326500
15.28   7.49   43.293
15.28   1.00    0.093    0.002
15.28   1.00    0.094   43.167
15.28   1.00    0.092    0.125   0.094   0.124
15.28   1.00    0.092    0.120   0.094   0.119

15.29   0.00    0.124    0.119   0.043   0.023   0.005   0.017   0.025   0.011   0.000   0.000   0.000 723799900
15.29   7.49   43.288
15.29   1.00    0.093    0.002
15.29   1.00    0.094   43.160
15.29   1.00    0.092    0.125   0.094   0.124
15.29   1.00    0.092    0.120   0.094   0.119

15.30   0.00    0.124    0.119   0.043   0.023   0.005   0.017   0.025   0.011   0.000   0.000   0.000 724273300
15.30   7.48   43.284
15.30   1.00    0.092    0.002
15.30   1.00    0.094   43.154
15.30   1.00    0.092    0.125   0.094   0.124
15.30   1.00    0.092    0.120   0.094   0.119

15.31   0.00    0.124    0.119   0.043   0.023   0.005   0.017   0.025   0.011   0.000   0.000   0.000 724746700
15.31   7.48   43.279
15.31   1.00    0.092    0.002
15.31   1.00    0.094   43.147
15.31   1.00    0.092    0.125   0.094   0.124
15.31   1.00    0.092    0.120   0.094   0.119

15.32   0.00    0.124    0.119   0.043   0.023   0.005   0.017   0.025   0.011   0.000   0.000   0.000 725220000
15.32   7.48   43.274
15.32   1.00    0.092    0.002
15.32   1.00    0.094   43.141
15.32   1.00    0.092    0.125   0.094   0.124
15.32   1.00    0.092    0.120   0.094   0.119

15.33   0.00    0.124    0.119   0.043   0.023   0.005   0.017   0.025   0.011   0.000   0.000   0.000 725693400
15.33   7.48   43.270
15.33   1.00    0.092    0.002
15.33   1.00    0.094   43.134
15.33   1.00    0.092    0.125   0.094   0.124
15.33   1.00    0.092    0.120   0.094   0.119

15.34   0.00    0.124    0.119   0.043   0.023   0.005   0.017   0.025   0.011   0.000   0.000   0.000 726166800
15.34   7.47   43.265
15.34   1.00    0.092    0.002
15.34   1.00    0.094   43.128
15.34   1.00    0.092    0.125   0.094   0.124
15.34   1.00    0.092    0.120   0.094   0.119

15.35   0.00    0.124    0.119   0.043   0.023   0.005   0.017   0.025   0.011   0.000   0.000   0.000 726640200
15.35   7.47   43.260
15.35   1.00    0.092    0.002
15.35   1.00    0.094   43.121
15.35   1.00    0.092    0.125   0.094   0.124
15.35   1.00    0.092    0.120   0.094   0.119

15.36   0.00    0.124    0.119   0.043   0.023   0.005   0.017   0.025   0.011   0.000   0.000   0.000 727113500
15.36   7.47   43.256
15.36   1.00    0.092    0.002
15.36   1.00    0.094   43.115
15.36   1.00    0.092    0.125   0.094   0.124
15.36   1.00    0.092    0.120   0.094   0.119

15.37   0.00    0.124    0.119   0.043   0.023   0.005   0.017   0.025   0.011   0.000   0.000   0.000 727586900
15.37   7.47   43.251
15.37   1.00    0.092    0.002
15.37   1.00    0.094   43.108
15.37   1.00    0.092    0.125   0.094   0.124
15.37   1.00    0.092    0.120   0.094   0.119

15.38   0.00    0.124    0.119   0.043   0.023   0.005   0.017   0.025   0.011   0.000   0.000   0.000 728060300
15.38   7.46   43.246
15.38   1.00    0.092    0.002
15.38   1.00    0.094   43.101
15.38   1.00    0.092    0.125   0.094   0.124
15.38   1.00    0.092    0.120   0.094   0.119

15.39   0.00    0.124    0.119   0.043   0.023   0.005   0.017   0.025   0.011   0.000   0.000   0.000 728533700
15.39   7.46   43.241
15.39   1.00    0.092    0.002
15.39   1.00    0.094   43.095
15.39   1.00    0.092    0.125   0.094   0.124
15.39   1.00    0.092    0.120   0.094   0.119

15.40   0.00    0.124    0.118   0.043   0.023   0.005   0.017   0.025   0.011   0.000   0.000   0.000 729007000
15.40   7.46   43.237
15.40   1.00    0.092    0.002
15.40   1.00    0.094   43.088
15.40   1.00    0.092    0.125   0.094   0.124
15.40   1.00    0.092    0.120   0.094   0.119

15.41   0.00    0.124    0.118   0.043   0.023   0.005   0.017   0.025   0.011   0.000   0.000   0.000 729480400
15.41   7.46   43.232
15.41   1.00    0.092    0.002
15.41   1.00    0.094   43.082
15.41   1.00    0.092    0.125   0.094   0.124
15.41   1.00    0.092    0.120   0.094   0.119

15.42   0.00    0.124    0.118   0.043   0.023   0.005   0.017   0.025   0.011   0.000   0.000   0.000 729953900
15.42   7.45   43.227
15.42   1.00    0.092    0.002
15.42   1.00    0.094   43.075
15.42   1.00    0.092    0.125   0.094   0.124
15.42   1.00    0.092    0.120   0.094   0.119

15.43   0.00    0.124    0.118   0.043   0.023   0.005   0.017   0.025   0.011   0.000   0.000   0.000 730427200
15.43   7.45   43.223
15.43   1.00    0.092    0.002
15.43   1.00    0.094   43.069
15.43   1.00    0.092    0.125   0.094   0.124
15.43   1.00    0.092    0.120   0.094   0.119

15.44   0.00    0.123    0.118   0.043   0.023   0.005   0.017   0.025   0.011   0.000   0.000   0.000 730900600
15.44   7.45   43.218
15.44   1.00    0.092    0.002
15.44   1.00    0.094   43.062
15.44   1.00    0.092    0.125   0.094   0.124
15.44   1.00    0.092    0.120   0.094   0.118

15.45   0.00    0.123    0.118   0.043   0.023   0.005   0.017   0.025   0.011   0.000   0.000   0.000 731374000
15.45   7.45   43.213
15.45   1.00    0.092    0.002
15.45   1.00    0.094   43.056
15.45   1.00    0.092    0.125   0.094   0.124
15.45   1.00    0.092    0.120   0.094   0.118

15.46   0.00    0.123    0.118   0.043   0.023   0.005   0.017   0.025   0.011   0.000   0.000   0.000 731847400
15.46   7.44   43.209
15.46   1.00    0.092    0.002
15.46   1.00    0.094   43.049
15.46   1.00    0.092    0.125   0.094   0.123
15.46   1.00    0.092    0.120   0.094   0.118

15.47   0.00    0.123    0.118   0.043   0.023   0.005   0.017   0.025   0.011   0.000   0.000   0.000 732320800
15.47   7.44   43.204
15.47   1.00    0.092    0.002
15.47   1.00    0.094   43.043
15.47   1.00    0.091    0.125   0.094   0.123
15.47   1.00    0.092    0.120   0.094   0.118

15.48   0.00    0.123    0.118   0.043   0.023   0.005   0.017   0.025   0.011   0.000   0.000   0.000 732794100
15.48   7.44   43.199
15.48   1.00    0.092    0.002
15.48   1.00    0.094   43.036
15.48   1.00    0.091    0.125   0.094   0.123
15.48   1.00    0.092    0.120   0.094   0.118

15.49   0.00    0.123    0.118   0.043   0.023   0.005   0.017   0.025   0.011   0.000   0.000   0.000 733267500
15.49   7.44   43.195
15.49   1.00    0.092    0.002
15.49   1.00    0.094   43.030
15.49   1.00    0.091    0.125   0.094   0.123
15.49   1.00    0.091    0.120   0.094   0.118

15.50   0.00    0.123    0.118   0.043   0.023   0.005   0.017   0.025   0.011   0.000   0.000   0.000 733740900
15.50   7.43   43.190
15.50   1.00    0.092    0.002
15.50   1.00    0.094   43.023
15.50   1.00    0.091    0.125   0.094   0.123
15.50   1.00    0.091    0.120   0.094   0.118

15.51   0.00    0.123    0.118   0.043   0.023   0.005   0.017   0.025   0.011   0.000   0.000   0.000 734214300
15.51   7.43   43.185
15.51   1.00    0.092    0.002
15.51   1.00    0.093   43.017
15.51   1.00    0.091    0.125   0.093   0.123
15.51   1.00    0.091    0.120   0.093   0.118

15.52   0.00    0.123    0.118   0.043   0.023   0.005   0.017   0.025   0.011   0.000   0.000   0.000 734687700
15.52   7.43   43.181
15.52   1.00    0.092    0.002
15.52   1.00    0.093   43.010
15.52   1.00    0.091    0.125   0.093   0.123
15.52   1.00    0.091    0.120   0.093   0.118

15.53   0.00    0.123    0.118   0.043   0.023   0.005   0.017   0.025   0.011   0.000   0.000   0.000 735161000
15.53   7.42   43.176
15.53   1.00    0.092    0.002
15.53   1.00    0.093   43.004
15.53   1.00    0.091    0.125   0.093   0.123
15.53   1.00    0.091    0.120   0.093   0.118

15.54   0.00    0.123    0.118   0.043   0.023   0.005   0.017   0.025   0.011   0.000   0.000   0.000 735634400
15.54   7.42   43.171
15.54   1.00    0.092    0.002
15.54   1.00    0.093   42.997
15.54   1.00    0.091    0.125   0.093   0.123
15.54   1.00    0.091    0.120   0.093   0.118

15.55   0.00    0.123    0.118   0.043   0.023   0.005   0.017   0.025   0.011   0.000   0.000   0.000 736107800
15.55   7.42   43.167
15.55   1.00    0.092    0.002
15.55   1.00    0.093   42.991
15.55   1.00    0.091    0.125   0.093   0.123
15.55   1.00    0.091    0.120   0.093   0.118

15.56   0.00    0.123    0.118   0.043   0.023   0.005   0.017   0.025   0.011   0.000   0.000   0.000 736581200
15.56   7.42   43.162
15.56   1.00    0.092    0.002
15.56   1.00    0.093   42.984
15.56   1.00    0.091    0.125   0.093   0.123
15.56   1.00    0.091    0.120   0.093   0.118

15.57   0.00    0.123    0.118   0.043   0.023   0.005   0.017   0.025   0.011   0.000   0.000   0.000 737054500
15.57   7.41   43.157
15.57   1.00    0.091    0.002
15.57   1.00    0.093   42.978
15.57   1.00    0.091    0.125   0.093   0.123
15.57   1.00    0.091    0.120   0.093   0.118

15.58   0.00    0.123    0.118   0.043   0.023   0.005   0.017   0.025   0.011   0.000   0.000   0.000 737527900
15.58   7.41   43.153
15.58   1.00    0.091    0.002
15.58   1.00    0.093   42.971
15.58   1.00    0.091    0.125   0.093   0.123
15.58   1.00    0.091    0.120   0.093   0.118

15.59   0.00    0.123    0.118   0.043   0.023   0.005   0.017   0.025   0.011   0.000   0.000   0.000 738001300
15.59   7.41   43.148
15.59   1.00    0.091    0.002
15.59   1.00    0.093   42.965
15.59   1.00    0.091    0.125   0.093   0.123
15.59   1.00    0.091    0.120   0.093   0.118

15.60   0.00    0.123    0.118   0.043   0.023   0.005   0.017   0.025   0.011   0.000   0.000   0.000 738474700
15.60   7.41   43.143
15.60   1.00    0.091    0.002
15.60   1.00    0.093   42.958
15.60   1.00    0.091    0.125   0.093   0.123
15.60   1.00    0.091    0.120   0.093   0.118

15.61   0.00    0.123    0.118   0.043   0.023   0.005   0.017   0.025   0.011   0.000   0.000   0.000 738948000
15.61   7.40   43.139
15.61   1.00    0.091    0.002
15.61   1.00    0.093   42.952
15.61   1.00    0.091    0.125   0.093   0.123
15.61   1.00    0.091    0.120   0.093   0.118

15.62   0.00    0.123    0.118   0.043   0.023   0.005   0.017   0.025   0.011   0.000   0.000   0.000 739421400
15.62   7.40   43.134
15.62   1.00    0.091    0.002
15.62   1.00    0.093   42.945
15.62   1.00    0.091    0.125   0.093   0.123
15.62   1.00    0.091    0.120   0.093   0.118

15.63   0.00    0.123    0.118   0.043   0.023   0.005   0.017   0.025   0.011   0.000   0.000   0.000 739894800
15.63   7.40   43.129
15.63   1.00    0.091    0.002
15.63   1.00    0.093   42.939
15.63   1.00    0.091    0.125   0.093   0.123
15.63   1.00    0.091    0.120   0.093   0.118

15.64   0.00    0.123    0.118   0.043   0.023   0.005   0.017   0.025   0.011   0.000   0.000   0.000 740368300
15.64   7.40   43.125
15.64   1.00    0.091    0.002
15.64   1.00    0.093   42.932
15.64   1.00    0.091    0.125   0.093   0.123
15.64   1.00    0.091    0.120   0.093   0.118

15.65   0.00    0.123    0.118   0.043   0.023   0.005   0.017   0.025   0.011   0.000   0.000   0.000 740841600
15.65   7.39   43.120
15.65   1.00    0.091    0.002
15.65   1.00    0.093   42.926
15.65   1.00    0.091    0.125   0.093   0.123
15.65   1.00    0.091    0.120   0.093   0.118

15.66   0.00    0.123    0.118   0.043   0.023   0.005   0.017   0.025   0.011   0.000   0.000   0.000 741315000
15.66   7.39   43.115
15.66   1.00    0.091    0.002
15.66   1.00    0.093   42.920
15.66   1.00    0.091    0.125   0.093   0.123
15.66   1.00    0.091    0.120   0.093   0.118

15.67   0.00    0.123    0.118   0.043   0.023   0.005   0.017   0.025   0.011   0.000   0.000   0.000 741788400
15.67   7.39   43.111
15.67   1.00    0.091    0.002
15.67   1.00    0.093   42.913
15.67   1.00    0.091    0.125   0.093   0.123
15.67   1.00    0.091    0.120   0.093   0.118

15.68   0.00    0.123    0.118   0.043   0.023   0.005   0.017   0.025   0.011   0.000   0.000   0.000 742261800
15.68   7.39   43.106
15.68   1.00    0.091    0.002
15.68   1.00    0.093   42.907
15.68   1.00    0.091    0.125   0.093   0.123
15.68   1.00    0.091    0.120   0.093   0.118

15.69   0.00    0.123    0.118   0.043   0.023   0.005   0.017   0.025   0.011   0.000   0.000   0.000 742735100
15.69   7.38   43.102
15.69   1.00    0.091    0.002
15.69   1.00    0.093   42.900
15.69   1.00    0.091    0.125   0.093   0.123
15.69   1.00    0.091    0.120   0.093   0.118

15.70   0.00    0.123    0.118   0.043   0.022   0.005   0.017   0.025   0.011   0.000   0.000   0.000 743208500
15.70   7.38   43.097
15.70   1.00    0.091    0.002
15.70   1.00    0.093   42.894
15.70   1.00    0.091    0.125   0.093   0.123
15.70   1.00    0.091    0.120   0.093   0.118

15.71   0.00    0.123    0.118   0.043   0.022   0.005   0.017   0.025   0.011   0.000   0.000   0.000 743681900
15.71   7.38   43.092
15.71   1.00    0.091    0.002
15.71   1.00    0.093   42.887
15.71   1.00    0.091    0.125   0.093   0.123
15.71   1.00    0.091    0.120   0.093   0.118

15.72   0.00    0.123    0.118   0.043   0.022   0.005   0.017   0.025   0.011   0.000   0.000   0.000 744155300
15.72   7.38   43.088
15.72   1.00    0.091    0.002
15.72   1.00    0.093   42.881
15.72   1.00    0.091    0.125   0.093   0.123
15.72   1.00    0.091    0.120   0.093   0.118

15.73   0.00    0.123    0.118   0.043   0.022   0.005   0.017   0.025   0.011   0.000   0.000   0.000 744628600
15.73   7.37   43.083
15.73   1.00    0.091    0.002
15.73   1.00    0.093   42.874
15.73   1.00    0.091    0.125   0.093   0.123
15.73   1.00    0.091    0.120   0.093   0.118

15.74   0.00    0.123    0.118   0.043   0.022   0.005   0.017   0.025   0.011   0.000   0.000   0.000 745102000
15.74   7.37   43.078
15.74   1.00    0.091    0.002
15.74   1.00    0.093   42.868
15.74   1.00    0.091    0.125   0.093   0.123
15.74   1.00    0.091    0.120   0.093   0.118

15.75   0.00    0.123    0.118   0.043   0.022   0.005   0.017   0.025   0.011   0.000   0.000   0.000 745575400
15.75   7.37   43.074
15.75   1.00    0.091    0.002
15.75   1.00    0.093   42.861
15.75   1.00    0.090    0.125   0.093   0.123
15.75   1.00    0.091    0.120   0.093   0.118

15.76   0.00    0.123    0.118   0.043   0.022   0.005   0.017   0.025   0.011   0.000   0.000   0.000 746048800
15.76   7.37   43.069
15.76   1.00    0.091    0.002
15.76   1.00    0.093   42.855
15.76   1.00    0.090    0.125   0.093   0.123
15.76   1.00    0.091    0.120   0.093   0.118

15.77   0.00    0.123    0.118   0.043   0.022   0.005   0.017   0.025   0.011   0.000   0.000   0.000 746522200
15.77   7.36   43.065
15.77   1.00    0.091    0.002
15.77   1.00    0.093   42.849
15.77   1.00    0.090    0.125   0.093   0.123
15.77   1.00    0.090    0.120   0.093   0.118

15.78   0.00    0.123    0.118   0.043   0.022   0.005   0.017   0.025   0.011   0.000   0.000   0.000 746995500
15.78   7.36   43.060
15.78   1.00    0.091    0.002
15.78   1.00    0.093   42.842
15.78   1.00    0.090    0.125   0.093   0.123
15.78   1.00    0.090    0.120   0.093   0.118

15.79   0.00    0.123    0.118   0.043   0.022   0.005   0.017   0.025   0.011   0.000   0.000   0.000 747468900
15.79   7.36   43.055
15.79   1.00    0.091    0.002
15.79   1.00    0.092   42.836
15.79   1.00    0.090    0.125   0.092   0.123
15.79   1.00    0.090    0.120   0.092   0.118

15.80   0.00    0.123    0.118   0.043   0.022   0.005   0.017   0.025   0.011   0.000   0.000   0.000 747942300
15.80   7.36   43.051
15.80   1.00    0.091    0.002
15.80   1.00    0.092   42.829
15.80   1.00    0.090    0.125   0.092   0.123
15.80   1.00    0.090    0.120   0.092   0.118

15.81   0.00    0.123    0.118   0.043   0.022   0.005   0.017   0.025   0.011   0.000   0.000   0.000 748415700
15.81   7.35   43.046
15.81   1.00    0.091    0.002
15.81   1.00    0.092   42.823
15.81   1.00    0.090    0.125   0.092   0.123
15.81   1.00    0.090    0.120   0.092   0.118

15.82   0.00    0.123    0.118   0.043   0.022   0.005   0.017   0.025   0.011   0.000   0.000   0.000 748889100
15.82   7.35   43.042
15.82   1.00    0.091    0.002
15.82   1.00    0.092   42.816
15.82   1.00    0.090    0.125   0.092   0.123
15.82   1.00    0.090    0.120   0.092   0.118

15.83   0.00    0.123    0.118   0.043   0.022   0.005   0.017   0.025   0.011   0.000   0.000   0.000 749362400
15.83   7.35   43.037
15.83   1.00    0.091    0.002
15.83   1.00    0.092   42.810
15.83   1.00    0.090    0.124   0.092   0.123
15.83   1.00    0.090    0.120   0.092   0.118

15.84   0.00    0.123    0.118   0.043   0.022   0.005   0.017   0.025   0.011   0.000   0.000   0.000 749835800
15.84   7.35   43.032
15.84   1.00    0.091    0.002
15.84   1.00    0.092   42.804
15.84   1.00    0.090    0.124   0.092   0.123
15.84   1.00    0.090    0.120   0.092   0.118

15.85   0.00    0.123    0.118   0.043   0.022   0.005   0.017   0.025   0.011   0.000   0.000   0.000 750309200
15.85   7.34   43.028
15.85   1.00    0.090    0.002
15.85   1.00    0.092   42.797
15.85   1.00    0.090    0.124   0.092   0.123
15.85   1.00    0.090    0.120   0.092   0.118

15.86   0.00    0.123    0.118   0.043   0.022   0.005   0.017   0.025   0.011   0.000   0.000   0.000 750782600
15.86   7.34   43.023
15.86   1.00    0.090    0.002
15.86   1.00    0.092   42.791
15.86   1.00    0.090    0.124   0.092   0.123
15.86   1.00    0.090    0.120   0.092   0.118

15.87   0.00    0.123    0.118   0.043   0.022   0.005   0.017   0.025   0.011   0.000   0.000   0.000 751256000
15.87   7.34   43.019
15.87   1.00    0.090    0.002
15.87   1.00    0.092   42.784
15.87   1.00    0.090    0.124   0.092   0.123
15.87   1.00    0.090    0.120   0.092   0.118

15.88   0.00    0.123    0.118   0.043   0.022   0.005   0.017   0.025   0.011   0.000   0.000   0.000 751729400
15.88   7.34   43.014
15.88   1.00    0.090    0.002
15.88   1.00    0.092   42.778
15.88   1.00    0.090    0.124   0.092   0.123
15.88   1.00    0.090    0.120   0.092   0.118

15.89   0.00    0.123    0.118   0.043   0.022   0.005   0.017   0.024   0.011   0.000   0.000   0.000 752202800
15.89   7.34   43.009
15.89   1.00    0.090    0.002
15.89   1.00    0.092   42.771
15.89   1.00    0.090    0.124   0.092   0.123
15.89   1.00    0.090    0.120   0.092   0.118

15.90   0.00    0.123    0.118   0.043   0.022   0.005   0.017   0.024   0.011   0.000   0.000   0.000 752676100
15.90   7.33   43.005
15.90   1.00    0.090    0.002
15.90   1.00    0.092   42.765
15.90   1.00    0.090    0.124   0.092   0.123
15.90   1.00    0.090    0.120   0.092   0.118

15.91   0.00    0.123    0.118   0.043   0.022   0.005   0.017   0.024   0.011   0.000   0.000   0.000 753149500
15.91   7.33   43.000
15.91   1.00    0.090    0.002
15.91   1.00    0.092   42.759
15.91   1.00    0.090    0.124   0.092   0.123
15.91   1.00    0.090    0.120   0.092   0.118

15.92   0.00    0.123    0.118   0.043   0.022   0.005   0.017   0.024   0.011   0.000   0.000   0.000 753622900
15.92   7.33   42.996
15.92   1.00    0.090    0.002
15.92   1.00    0.092   42.752
15.92   1.00    0.090    0.124   0.092   0.123
15.92   1.00    0.090    0.120   0.092   0.118

15.93   0.00    0.123    0.118   0.043   0.022   0.005   0.017   0.024   0.011   0.000   0.000   0.000 754096300
15.93   7.33   42.991
15.93   1.00    0.090    0.002
15.93   1.00    0.092   42.746
15.93   1.00    0.090    0.124   0.092   0.123
15.93   1.00    0.090    0.120   0.092   0.118

15.94   0.00    0.123    0.118   0.043   0.022   0.005   0.017   0.024   0.011   0.000   0.000   0.000 754569700
15.94   7.32   42.986
15.94   1.00    0.090    0.002
15.94   1.00    0.092   42.739
15.94   1.00    0.090    0.124   0.092   0.123
15.94   1.00    0.090    0.120   0.092   0.118

15.95   0.00    0.123    0.118   0.043   0.022   0.005   0.017   0.024   0.011   0.000   0.000   0.000 755043000
15.95   7.32   42.982
15.95   1.00    0.090    0.002
15.95   1.00    0.092   42.733
15.95   1.00    0.090    0.124   0.092   0.123
15.95   1.00    0.090    0.120   0.092   0.118

15.96   0.00    0.123    0.118   0.043   0.022   0.005   0.017   0.024   0.011   0.000   0.000   0.000 755516400
15.96   7.32   42.977
15.96   1.00    0.090    0.002
15.96   1.00    0.092   42.727
15.96   1.00    0.090    0.124   0.092   0.123
15.96   1.00    0.090    0.120   0.092   0.118

15.97   0.00    0.123    0.118   0.043   0.022   0.005   0.017   0.024   0.011   0.000   0.000   0.000 755989800
15.97   7.32   42.973
15.97   1.00    0.090    0.002
15.97   1.00    0.092   42.720
15.97   1.00    0.090    0.124   0.092   0.123
15.97   1.00    0.090    0.120   0.092   0.118

15.98   0.00    0.123    0.118   0.043   0.022   0.005   0.017   0.024   0.011   0.000   0.000   0.000 756463200
15.98   7.31   42.968
15.98   1.00    0.090    0.002
15.98   1.00    0.092   42.714
15.98   1.00    0.090    0.124   0.092   0.123
15.98   1.00    0.090    0.120   0.092   0.118

15.99   0.00    0.123    0.118   0.043   0.022   0.005   0.017   0.024   0.011   0.000   0.000   0.000 756936600
15.99   7.31   42.964
15.99   1.00    0.090    0.002
15.99   1.00    0.092   42.707
15.99   1.00    0.090    0.124   0.092   0.123
15.99   1.00    0.090    0.120   0.092   0.118

16.00   0.00    0.123    0.118   0.043   0.022   0.005   0.017   0.024   0.011   0.000   0.000   0.000 757409900
16.00   7.31   42.959
16.00   1.00    0.090    0.002
16.00   1.00    0.092   42.701
16.00   1.00    0.090    0.124   0.092   0.123
16.00   1.00    0.090    0.120   0.092   0.118

16.01   0.00    0.123    0.118   0.043   0.022   0.005   0.017   0.024   0.011   0.000   0.000   0.000 757883300
16.01   7.31   42.955
16.01   1.00    0.090    0.002
16.01   1.00    0.092   42.695
16.01   1.00    0.090    0.124   0.092   0.123
16.01   1.00    0.090    0.120   0.092   0.118

16.02   0.00    0.123    0.118   0.043   0.022   0.005   0.017   0.024   0.011   0.000   0.000   0.000 758356700
16.02   7.30   42.950
16.02   1.00    0.090    0.002
16.02   1.00    0.092   42.688
16.02   1.00    0.090    0.124   0.092   0.123
16.02   1.00    0.090    0.120   0.092   0.118

16.03   0.00    0.123    0.118   0.043   0.022   0.005   0.017   0.024   0.011   0.000   0.000   0.000 758830100
16.03   7.30   42.945
16.03   1.00    0.090    0.002
16.03   1.00    0.092   42.682
16.03   1.00    0.090    0.124   0.092   0.123
16.03   1.00    0.090    0.119   0.092   0.118

16.04   0.00    0.123    0.118   0.043   0.022   0.005   0.017   0.024   0.011   0.000   0.000   0.000 759303500
16.04   7.30   42.941
16.04   1.00    0.090    0.002
16.04   1.00    0.092   42.676
16.04   1.00    0.089    0.124   0.092   0.123
16.04   1.00    0.090    0.119   0.092   0.118

16.05   0.00    0.123    0.118   0.043   0.022   0.005   0.017   0.024   0.011   0.000   0.000   0.000 759776800
16.05   7.30   42.936
16.05   1.00    0.090    0.002
16.05   1.00    0.092   42.669
16.05   1.00    0.089    0.124   0.092   0.123
16.05   1.00    0.090    0.119   0.092   0.118

16.06   0.00    0.123    0.118   0.043   0.022   0.005   0.017   0.024   0.011   0.000   0.000   0.000 760250200
16.06   7.29   42.932
16.06   1.00    0.090    0.002
16.06   1.00    0.092   42.663
16.06   1.00    0.089    0.124   0.092   0.123
16.06   1.00    0.089    0.119   0.092   0.118

16.07   0.00    0.122    0.118   0.043   0.022   0.005   0.017   0.024   0.011   0.000   0.000   0.000 760723600
16.07   7.29   42.927
16.07   1.00    0.090    0.002
16.07   1.00    0.092   42.656
16.07   1.00    0.089    0.124   0.092   0.123
16.07   1.00    0.089    0.119   0.092   0.118

16.08   0.00    0.122    0.118   0.043   0.022   0.005   0.017   0.024   0.011   0.000   0.000   0.000 761197000
16.08   7.29   42.923
16.08   1.00    0.090    0.002
16.08   1.00    0.091   42.650
16.08   1.00    0.089    0.124   0.091   0.123
16.08   1.00    0.089    0.119   0.091   0.118

16.09   0.00    0.122    0.118   0.043   0.022   0.005   0.017   0.024   0.011   0.000   0.000   0.000 761670400
16.09   7.29   42.918
16.09   1.00    0.090    0.002
16.09   1.00    0.091   42.644
16.09   1.00    0.089    0.124   0.091   0.123
16.09   1.00    0.089    0.119   0.091   0.118

16.10   0.00    0.122    0.118   0.043   0.022   0.005   0.017   0.024   0.011   0.000   0.000   0.000 762143800
16.10   7.28   42.914
16.10   1.00    0.090    0.002
16.10   1.00    0.091   42.637
16.10   1.00    0.089    0.124   0.091   0.122
16.10   1.00    0.089    0.119   0.091   0.118

16.11   0.00    0.122    0.118   0.043   0.022   0.005   0.017   0.024   0.011   0.000   0.000   0.000 762617200
16.11   7.28   42.909
16.11   1.00    0.090    0.002
16.11   1.00    0.091   42.631
16.11   1.00    0.089    0.124   0.091   0.122
16.11   1.00    0.089    0.119   0.091   0.118

16.12   0.00    0.122    0.118   0.043   0.022   0.005   0.017   0.024   0.011   0.000   0.000   0.000 763090600
16.12   7.28   42.904
16.12   1.00    0.090    0.002
16.12   1.00    0.091   42.625
16.12   1.00    0.089    0.124   0.091   0.122
16.12   1.00    0.089    0.119   0.091   0.118

16.13   0.00    0.122    0.118   0.043   0.022   0.005   0.017   0.024   0.011   0.000   0.000   0.000 763563800
16.13   7.28   42.900
16.13   1.00    0.090    0.002
16.13   1.00    0.091   42.618
16.13   1.00    0.089    0.124   0.091   0.122
16.13   1.00    0.089    0.119   0.091   0.118

16.14   0.00    0.122    0.118   0.043   0.022   0.005   0.017   0.024   0.011   0.000   0.000   0.000 764037200
16.14   7.28   42.895
16.14   1.00    0.089    0.002
16.14   1.00    0.091   42.612
16.14   1.00    0.089    0.124   0.091   0.122
16.14   1.00    0.089    0.119   0.091   0.118

16.15   0.00    0.122    0.118   0.043   0.022   0.005   0.017   0.024   0.011   0.000   0.000   0.000 764510700
16.15   7.27   42.891
16.15   1.00    0.089    0.002
16.15   1.00    0.091   42.606
16.15   1.00    0.089    0.124   0.091   0.122
16.15   1.00    0.089    0.119   0.091   0.118

16.16   0.00    0.122    0.118   0.043   0.022   0.005   0.017   0.024   0.011   0.000   0.000   0.000 764984100
16.16   7.27   42.886
16.16   1.00    0.089    0.002
16.16   1.00    0.091   42.599
16.16   1.00    0.089    0.124   0.091   0.122
16.16   1.00    0.089    0.119   0.091   0.118

16.17   0.00    0.122    0.118   0.043   0.022   0.005   0.017   0.024   0.011   0.000   0.000   0.000 765457400
16.17   7.27   42.882
16.17   1.00    0.089    0.002
16.17   1.00    0.091   42.593
16.17   1.00    0.089    0.124   0.091   0.122
16.17   1.00    0.089    0.119   0.091   0.118

16.18   0.00    0.122    0.118   0.043   0.022   0.005   0.017   0.024   0.011   0.000   0.000   0.000 765930800
16.18   7.27   42.877
16.18   1.00    0.089    0.002
16.18   1.00    0.091   42.586
16.18   1.00    0.089    0.124   0.091   0.122
16.18   1.00    0.089    0.119   0.091   0.118

16.19   0.00    0.122    0.118   0.043   0.022   0.005   0.017   0.024   0.011   0.000   0.000   0.000 766404200
16.19   7.26   42.873
16.19   1.00    0.089    0.002
16.19   1.00    0.091   42.580
16.19   1.00    0.089    0.124   0.091   0.122
16.19   1.00    0.089    0.119   0.091   0.118

16.20   0.00    0.122    0.118   0.043   0.022   0.005   0.017   0.024   0.011   0.000   0.000   0.000 766877600
16.20   7.26   42.868
16.20   1.00    0.089    0.002
16.20   1.00    0.091   42.574
16.20   1.00    0.089    0.124   0.091   0.122
16.20   1.00    0.089    0.119   0.091   0.118

16.21   0.00    0.122    0.118   0.043   0.022   0.005   0.017   0.024   0.011   0.000   0.000   0.000 767350900
16.21   7.26   42.864
16.21   1.00    0.089    0.002
16.21   1.00    0.091   42.567
16.21   1.00    0.089    0.124   0.091   0.122
16.21   1.00    0.089    0.119   0.091   0.118

16.22   0.00    0.122    0.118   0.043   0.022   0.005   0.017   0.024   0.011   0.000   0.000   0.000 767824300
16.22   7.26   42.859
16.22   1.00    0.089    0.002
16.22   1.00    0.091   42.561
16.22   1.00    0.089    0.124   0.091   0.122
16.22   1.00    0.089    0.119   0.091   0.118

16.23   0.00    0.122    0.118   0.043   0.022   0.005   0.017   0.024   0.011   0.000   0.000   0.000 768297700
16.23   7.25   42.855
16.23   1.00    0.089    0.002
16.23   1.00    0.091   42.555
16.23   1.00    0.089    0.124   0.091   0.122
16.23   1.00    0.089    0.119   0.091   0.118

16.24   0.00    0.122    0.118   0.043   0.022   0.005   0.017   0.024   0.011   0.000   0.000   0.000 768771100
16.24   7.25   42.850
16.24   1.00    0.089    0.002
16.24   1.00    0.091   42.548
16.24   1.00    0.089    0.124   0.091   0.122
16.24   1.00    0.089    0.119   0.091   0.118

16.25   0.00    0.122    0.118   0.043   0.022   0.005   0.017   0.024   0.011   0.000   0.000   0.000 769244500
16.25   7.25   42.846
16.25   1.00    0.089    0.002
16.25   1.00    0.091   42.542
16.25   1.00    0.089    0.124   0.091   0.122
16.25   1.00    0.089    0.119   0.091   0.118

16.26   0.00    0.122    0.118   0.043   0.022   0.005   0.017   0.024   0.011   0.000   0.000   0.000 769717900
16.26   7.25   42.841
16.26   1.00    0.089    0.002
16.26   1.00    0.091   42.536
16.26   1.00    0.089    0.124   0.091   0.122
16.26   1.00    0.089    0.119   0.091   0.118

16.27   0.00    0.122    0.118   0.043   0.022   0.005   0.017   0.024   0.011   0.000   0.000   0.000 770191200
16.27   7.25   42.837
16.27   1.00    0.089    0.002
16.27   1.00    0.091   42.529
16.27   1.00    0.089    0.124   0.091   0.122
16.27   1.00    0.089    0.119   0.091   0.118

16.28   0.00    0.122    0.118   0.043   0.022   0.005   0.017   0.024   0.011   0.000   0.000   0.000 770664600
16.28   7.24   42.832
16.28   1.00    0.089    0.002
16.28   1.00    0.091   42.523
16.28   1.00    0.089    0.124   0.091   0.122
16.28   1.00    0.089    0.119   0.091   0.118

16.29   0.00    0.122    0.118   0.043   0.022   0.005   0.017   0.024   0.011   0.000   0.000   0.000 771138000
16.29   7.24   42.828
16.29   1.00    0.089    0.002
16.29   1.00    0.091   42.517
16.29   1.00    0.089    0.124   0.091   0.122
16.29   1.00    0.089    0.119   0.091   0.118

16.30   0.00    0.122    0.118   0.043   0.022   0.005   0.017   0.024   0.011   0.000   0.000   0.000 771611300
16.30   7.24   42.823
16.30   1.00    0.089    0.002
16.30   1.00    0.091   42.511
16.30   1.00    0.089    0.124   0.091   0.122
16.30   1.00    0.089    0.119   0.091   0.118

16.31   0.00    0.122    0.118   0.043   0.022   0.005   0.017   0.024   0.011   0.000   0.000   0.000 772084700
16.31   7.24   42.819
16.31   1.00    0.089    0.002
16.31   1.00    0.091   42.504
16.31   1.00    0.089    0.124   0.091   0.122
16.31   1.00    0.089    0.119   0.091   0.118

16.32   0.00    0.122    0.118   0.043   0.022   0.005   0.017   0.024   0.011   0.000   0.000   0.000 772558100
16.32   7.23   42.814
16.32   1.00    0.089    0.002
16.32   1.00    0.091   42.498
16.32   1.00    0.089    0.124   0.091   0.122
16.32   1.00    0.089    0.119   0.091   0.118

16.33   0.00    0.122    0.118   0.043   0.022   0.005   0.017   0.024   0.011   0.000   0.000   0.000 773031600
16.33   7.23   42.810
16.33   1.00    0.089    0.002
16.33   1.00    0.091   42.492
16.33   1.00    0.089    0.124   0.091   0.122
16.33   1.00    0.089    0.119   0.091   0.118

16.34   0.00    0.122    0.118   0.043   0.022   0.005   0.017   0.024   0.011   0.000   0.000   0.000 773504900
16.34   7.23   42.805
16.34   1.00    0.089    0.002
16.34   1.00    0.091   42.485
16.34   1.00    0.088    0.124   0.091   0.122
16.34   1.00    0.089    0.119   0.091   0.118

16.35   0.00    0.122    0.118   0.043   0.022   0.005   0.017   0.024   0.011   0.000   0.000   0.000 773978300
16.35   7.23   42.801
16.35   1.00    0.089    0.002
16.35   1.00    0.091   42.479
16.35   1.00    0.088    0.124   0.091   0.122
16.35   1.00    0.089    0.119   0.091   0.118

16.36   0.00    0.122    0.118   0.043   0.022   0.005   0.017   0.024   0.011   0.000   0.000   0.000 774451700
16.36   7.22   42.796
16.36   1.00    0.089    0.002
16.36   1.00    0.091   42.473
16.36   1.00    0.088    0.124   0.091   0.122
16.36   1.00    0.089    0.119   0.091   0.118

16.37   0.00    0.122    0.118   0.043   0.022   0.005   0.017   0.024   0.011   0.000   0.000   0.000 774925100
16.37   7.22   42.792
16.37   1.00    0.089    0.002
16.37   1.00    0.091   42.466
16.37   1.00    0.088    0.124   0.091   0.122
16.37   1.00    0.088    0.119   0.091   0.118

16.38   0.00    0.122    0.118   0.043   0.022   0.005   0.017   0.024   0.011   0.000   0.000   0.000 775398400
16.38   7.22   42.787
16.38   1.00    0.089    0.002
16.38   1.00    0.091   42.460
16.38   1.00    0.088    0.124   0.091   0.122
16.38   1.00    0.088    0.119   0.091   0.118

16.39   0.00    0.122    0.118   0.043   0.022   0.005   0.017   0.024   0.011   0.000   0.000   0.000 775871800
16.39   7.22   42.783
16.39   1.00    0.089    0.002
16.39   1.00    0.090   42.454
16.39   1.00    0.088    0.124   0.090   0.122
16.39   1.00    0.088    0.119   0.090   0.118

16.40   0.00    0.122    0.118   0.043   0.022   0.005   0.017   0.024   0.011   0.000   0.000   0.000 776345200
16.40   7.22   42.778
16.40   1.00    0.089    0.002
16.40   1.00    0.090   42.447
16.40   1.00    0.088    0.124   0.090   0.122
16.40   1.00    0.088    0.119   0.090   0.118

16.41   0.00    0.122    0.118   0.043   0.022   0.005   0.017   0.024   0.011   0.000   0.000   0.000 776818600
16.41   7.21   42.774
16.41   1.00    0.089    0.002
16.41   1.00    0.090   42.441
16.41   1.00    0.088    0.124   0.090   0.122
16.41   1.00    0.088    0.119   0.090   0.118

16.42   0.00    0.122    0.118   0.043   0.022   0.005   0.017   0.024   0.011   0.000   0.000   0.000 777292000
16.42   7.21   42.769
16.42   1.00    0.089    0.002
16.42   1.00    0.090   42.435
16.42   1.00    0.088    0.124   0.090   0.122
16.42   1.00    0.088    0.119   0.090   0.118

16.43   0.00    0.122    0.118   0.043   0.022   0.005   0.017   0.024   0.011   0.000   0.000   0.000 777765400
16.43   7.21   42.765
16.43   1.00    0.089    0.002
16.43   1.00    0.090   42.429
16.43   1.00    0.088    0.124   0.090   0.122
16.43   1.00    0.088    0.119   0.090   0.118

16.44   0.00    0.122    0.117   0.043   0.022   0.005   0.017   0.024   0.011   0.000   0.000   0.000 778238700
16.44   7.21   42.760
16.44   1.00    0.089    0.002
16.44   1.00    0.090   42.422
16.44   1.00    0.088    0.124   0.090   0.122
16.44   1.00    0.088    0.119   0.090   0.118

16.45   0.00    0.122    0.117   0.043   0.022   0.005   0.017   0.024   0.011   0.000   0.000   0.000 778712100
16.45   7.20   42.756
16.45   1.00    0.088    0.002
16.45   1.00    0.090   42.416
16.45   1.00    0.088    0.124   0.090   0.122
16.45   1.00    0.088    0.119   0.090   0.118

16.46   0.00    0.122    0.117   0.043   0.022   0.005   0.017   0.024   0.011   0.000   0.000   0.000 779185400
16.46   7.20   42.751
16.46   1.00    0.088    0.002
16.46   1.00    0.090   42.410
16.46   1.00    0.088    0.124   0.090   0.122
16.46   1.00    0.088    0.119   0.090   0.118

16.47   0.00    0.122    0.117   0.043   0.022   0.005   0.017   0.024   0.011   0.000   0.000   0.000 779658800
16.47   7.20   42.747
16.47   1.00    0.088    0.002
16.47   1.00    0.090   42.403
16.47   1.00    0.088    0.124   0.090   0.122
16.47   1.00    0.088    0.119   0.090   0.118

16.48   0.00    0.122    0.117   0.043   0.022   0.005   0.017   0.024   0.011   0.000   0.000   0.000 780132200
16.48   7.20   42.742
16.48   1.00    0.088    0.002
16.48   1.00    0.090   42.397
16.48   1.00    0.088    0.123   0.090   0.122
16.48   1.00    0.088    0.119   0.090   0.117

16.49   0.00    0.122    0.117   0.043   0.022   0.005   0.017   0.024   0.011   0.000   0.000   0.000 780605600
16.49   7.20   42.738
16.49   1.00    0.088    0.002
16.49   1.00    0.090   42.391
16.49   1.00    0.088    0.123   0.090   0.122
16.49   1.00    0.088    0.119   0.090   0.117

16.50   0.00    0.122    0.117   0.043   0.022   0.005   0.017   0.024   0.011   0.000   0.000   0.000 781079000
16.50   7.19   42.734
16.50   1.00    0.088    0.002
16.50   1.00    0.090   42.385
16.50   1.00    0.088    0.123   0.090   0.122
16.50   1.00    0.088    0.119   0.090   0.117

16.51   0.00    0.122    0.117   0.043   0.022   0.005   0.017   0.024   0.011   0.000   0.000   0.000 781552400
16.51   7.19   42.729
16.51   1.00    0.088    0.002
16.51   1.00    0.090   42.378
16.51   1.00    0.088    0.123   0.090   0.122
16.51   1.00    0.088    0.119   0.090   0.117

16.52   0.00    0.122    0.117   0.043   0.022   0.005   0.017   0.024   0.011   0.000   0.000   0.000 782025800
16.52   7.19   42.725
16.52   1.00    0.088    0.002
16.52   1.00    0.090   42.372
16.52   1.00    0.088    0.123   0.090   0.122
16.52   1.00    0.088    0.119   0.090   0.117

16.53   0.00    0.122    0.117   0.043   0.022   0.005   0.017   0.024   0.011   0.000   0.000   0.000 782499200
16.53   7.19   42.720
16.53   1.00    0.088    0.002
16.53   1.00    0.090   42.366
16.53   1.00    0.088    0.123   0.090   0.122
16.53   1.00    0.088    0.119   0.090   0.117

16.54   0.00    0.122    0.117   0.043   0.022   0.005   0.017   0.024   0.011   0.000   0.000   0.000 782972500
16.54   7.18   42.716
16.54   1.00    0.088    0.002
16.54   1.00    0.090   42.360
16.54   1.00    0.088    0.123   0.090   0.122
16.54   1.00    0.088    0.119   0.090   0.117

16.55   0.00    0.122    0.117   0.043   0.022   0.005   0.017   0.024   0.011   0.000   0.000   0.000 783445900
16.55   7.18   42.711
16.55   1.00    0.088    0.002
16.55   1.00    0.090   42.353
16.55   1.00    0.088    0.123   0.090   0.122
16.55   1.00    0.088    0.119   0.090   0.117

16.56   0.00    0.122    0.117   0.043   0.022   0.005   0.017   0.024   0.011   0.000   0.000   0.000 783919300
16.56   7.18   42.707
16.56   1.00    0.088    0.002
16.56   1.00    0.090   42.347
16.56   1.00    0.088    0.123   0.090   0.122
16.56   1.00    0.088    0.119   0.090   0.117

16.57   0.00    0.122    0.117   0.043   0.022   0.005   0.017   0.024   0.011   0.000   0.000   0.000 784392600
16.57   7.18   42.702
16.57   1.00    0.088    0.002
16.57   1.00    0.090   42.341
16.57   1.00    0.088    0.123   0.090   0.122
16.57   1.00    0.088    0.119   0.090   0.117

16.58   0.00    0.122    0.117   0.043   0.022   0.005   0.017   0.024   0.011   0.000   0.000   0.000 784866000
16.58   7.18   42.698
16.58   1.00    0.088    0.002
16.58   1.00    0.090   42.335
16.58   1.00    0.088    0.123   0.090   0.122
16.58   1.00    0.088    0.119   0.090   0.117

16.59   0.00    0.122    0.117   0.043   0.022   0.005   0.017   0.024   0.011   0.000   0.000   0.000 785339500
16.59   7.17   42.693
16.59   1.00    0.088    0.002
16.59   1.00    0.090   42.328
16.59   1.00    0.088    0.123   0.090   0.122
16.59   1.00    0.088    0.119   0.090   0.117

16.60   0.00    0.122    0.117   0.043   0.022   0.005   0.017   0.024   0.011   0.000   0.000   0.000 785812900
16.60   7.17   42.689
16.60   1.00    0.088    0.002
16.60   1.00    0.090   42.322
16.60   1.00    0.088    0.123   0.090   0.122
16.60   1.00    0.088    0.119   0.090   0.117

16.61   0.00    0.122    0.117   0.043   0.022   0.005   0.017   0.024   0.011   0.000   0.000   0.000 786286200
16.61   7.17   42.685
16.61   1.00    0.088    0.002
16.61   1.00    0.090   42.316
16.61   1.00    0.088    0.123   0.090   0.122
16.61   1.00    0.088    0.119   0.090   0.117

16.62   0.00    0.122    0.117   0.043   0.022   0.005   0.017   0.024   0.011   0.000   0.000   0.000 786759600
16.62   7.17   42.680
16.62   1.00    0.088    0.002
16.62   1.00    0.090   42.310
16.62   1.00    0.088    0.123   0.090   0.122
16.62   1.00    0.088    0.119   0.090   0.117

16.63   0.00    0.122    0.117   0.043   0.022   0.005   0.017   0.024   0.011   0.000   0.000   0.000 787232900
16.63   7.16   42.676
16.63   1.00    0.088    0.002
16.63   1.00    0.090   42.303
16.63   1.00    0.088    0.123   0.090   0.122
16.63   1.00    0.088    0.119   0.090   0.117

16.64   0.00    0.122    0.117   0.043   0.022   0.005   0.017   0.024   0.011   0.000   0.000   0.000 787706300
16.64   7.16   42.671
16.64   1.00    0.088    0.002
16.64   1.00    0.090   42.297
16.64   1.00    0.088    0.123   0.090   0.122
16.64   1.00    0.088    0.119   0.090   0.117

16.65   0.00    0.122    0.117   0.043   0.022   0.005   0.017   0.024   0.011   0.000   0.000   0.000 788179700
16.65   7.16   42.667
16.65   1.00    0.088    0.002
16.65   1.00    0.090   42.291
16.65   1.00    0.087    0.123   0.090   0.122
16.65   1.00    0.088    0.119   0.090   0.117

16.66   0.00    0.122    0.117   0.043   0.022   0.005   0.017   0.024   0.011   0.000   0.000   0.000 788653100
16.66   7.16   42.662
16.66   1.00    0.088    0.002
16.66   1.00    0.090   42.285
16.66   1.00    0.087    0.123   0.090   0.122
16.66   1.00    0.088    0.119   0.090   0.117

16.67   0.00    0.122    0.117   0.043   0.022   0.005   0.017   0.024   0.011   0.000   0.000   0.000 789126500
16.67   7.16   42.658
16.67   1.00    0.088    0.002
16.67   1.00    0.090   42.278
16.67   1.00    0.087    0.123   0.090   0.122
16.67   1.00    0.088    0.119   0.090   0.117

16.68   0.00    0.122    0.117   0.043   0.022   0.005   0.017   0.024   0.011   0.000   0.000   0.000 789599900
16.68   7.15   42.654
16.68   1.00    0.088    0.002
16.68   1.00    0.090   42.272
16.68   1.00    0.087    0.123   0.090   0.122
16.68   1.00    0.087    0.119   0.090   0.117

16.69   0.00    0.122    0.117   0.043   0.022   0.005   0.017   0.024   0.011   0.000   0.000   0.000 790073300
16.69   7.15   42.649
16.69   1.00    0.088    0.002
16.69   1.00    0.090   42.266
16.69   1.00    0.087    0.123   0.090   0.122
16.69   1.00    0.087    0.119   0.090   0.117

16.70   0.00    0.122    0.117   0.043   0.022   0.005   0.017   0.024   0.011   0.000   0.000   0.000 790546700
16.70   7.15   42.645
16.70   1.00    0.088    0.002
16.70   1.00    0.089   42.260
16.70   1.00    0.087    0.123   0.089   0.122
16.70   1.00    0.087    0.119   0.089   0.117

16.71   0.00    0.122    0.117   0.043   0.022   0.005   0.017   0.024   0.011   0.000   0.000   0.000 791020000
16.71   7.15   42.640
16.71   1.00    0.088    0.002
16.71   1.00    0.089   42.254
16.71   1.00    0.087    0.123   0.089   0.122
16.71   1.00    0.087    0.119   0.089   0.117

16.72   0.00    0.122    0.117   0.043   0.022   0.005   0.017   0.024   0.011   0.000   0.000   0.000 791493400
16.72   7.14   42.636
16.72   1.00    0.088    0.002
16.72   1.00    0.089   42.247
16.72   1.00    0.087    0.123   0.089   0.122
16.72   1.00    0.087    0.119   0.089   0.117

16.73   0.00    0.122    0.117   0.043   0.022   0.005   0.017   0.024   0.011   0.000   0.000   0.000 791966800
16.73   7.14   42.632
16.73   1.00    0.088    0.002
16.73   1.00    0.089   42.241
16.73   1.00    0.087    0.123   0.089   0.122
16.73   1.00    0.087    0.119   0.089   0.117

16.74   0.00    0.122    0.117   0.043   0.022   0.005   0.017   0.024   0.011   0.000   0.000   0.000 792440100
16.74   7.14   42.627
16.74   1.00    0.088    0.002
16.74   1.00    0.089   42.235
16.74   1.00    0.087    0.123   0.089   0.122
16.74   1.00    0.087    0.119   0.089   0.117

16.75   0.00    0.122    0.117   0.043   0.022   0.005   0.017   0.024   0.011   0.000   0.000   0.000 792913500
16.75   7.14   42.623
16.75   1.00    0.088    0.002
16.75   1.00    0.089   42.229
16.75   1.00    0.087    0.123   0.089   0.122
16.75   1.00    0.087    0.119   0.089   0.117

16.76   0.00    0.122    0.117   0.043   0.022   0.005   0.017   0.024   0.011   0.000   0.000   0.000 793386900
16.76   7.14   42.618
16.76   1.00    0.087    0.002
16.76   1.00    0.089   42.222
16.76   1.00    0.087    0.123   0.089   0.122
16.76   1.00    0.087    0.119   0.089   0.117

16.77   0.00    0.122    0.117   0.043   0.022   0.005   0.017   0.024   0.011   0.000   0.000   0.000 793860400
16.77   7.13   42.614
16.77   1.00    0.087    0.002
16.77   1.00    0.089   42.216
16.77   1.00    0.087    0.123   0.089   0.122
16.77   1.00    0.087    0.119   0.089   0.117

16.78   0.00    0.121    0.117   0.043   0.022   0.005   0.017   0.024   0.011   0.000   0.000   0.000 794333700
16.78   7.13   42.610
16.78   1.00    0.087    0.002
16.78   1.00    0.089   42.210
16.78   1.00    0.087    0.123   0.089   0.122
16.78   1.00    0.087    0.119   0.089   0.117

16.79   0.00    0.121    0.117   0.043   0.022   0.005   0.017   0.024   0.011   0.000   0.000   0.000 794807100
16.79   7.13   42.605
16.79   1.00    0.087    0.002
16.79   1.00    0.089   42.204
16.79   1.00    0.087    0.123   0.089   0.122
16.79   1.00    0.087    0.119   0.089   0.117

16.80   0.00    0.121    0.117   0.043   0.022   0.005   0.017   0.024   0.011   0.000   0.000   0.000 795280400
16.80   7.13   42.601
16.80   1.00    0.087    0.002
16.80   1.00    0.089   42.198
16.80   1.00    0.087    0.123   0.089   0.121
16.80   1.00    0.087    0.119   0.089   0.117

16.81   0.00    0.121    0.117   0.043   0.022   0.005   0.017   0.024   0.011   0.000   0.000   0.000 795753800
16.81   7.13   42.596
16.81   1.00    0.087    0.002
16.81   1.00    0.089   42.191
16.81   1.00    0.087    0.123   0.089   0.121
16.81   1.00    0.087    0.119   0.089   0.117

16.82   0.00    0.121    0.117   0.043   0.022   0.005   0.017   0.024   0.011   0.000   0.000   0.000 796227200
16.82   7.12   42.592
16.82   1.00    0.087    0.002
16.82   1.00    0.089   42.185
16.82   1.00    0.087    0.123   0.089   0.121
16.82   1.00    0.087    0.119   0.089   0.117

16.83   0.00    0.121    0.117   0.043   0.022   0.005   0.017   0.024   0.011   0.000   0.000   0.000 796700600
16.83   7.12   42.588
16.83   1.00    0.087    0.002
16.83   1.00    0.089   42.179
16.83   1.00    0.087    0.123   0.089   0.121
16.83   1.00    0.087    0.119   0.089   0.117

16.84   0.00    0.121    0.117   0.043   0.022   0.005   0.017   0.024   0.011   0.000   0.000   0.000 797174000
16.84   7.12   42.583
16.84   1.00    0.087    0.002
16.84   1.00    0.089   42.173
16.84   1.00    0.087    0.123   0.089   0.121
16.84   1.00    0.087    0.119   0.089   0.117

16.85   0.00    0.121    0.117   0.043   0.022   0.005   0.017   0.024   0.011   0.000   0.000   0.000 797647400
16.85   7.12   42.579
16.85   1.00    0.087    0.002
16.85   1.00    0.089   42.167
16.85   1.00    0.087    0.123   0.089   0.121
16.85   1.00    0.087    0.119   0.089   0.117

16.86   0.00    0.121    0.117   0.043   0.022   0.005   0.017   0.024   0.011   0.000   0.000   0.000 798120800
16.86   7.11   42.574
16.86   1.00    0.087    0.002
16.86   1.00    0.089   42.161
16.86   1.00    0.087    0.123   0.089   0.121
16.86   1.00    0.087    0.119   0.089   0.117

16.87   0.00    0.121    0.117   0.043   0.022   0.005   0.017   0.024   0.011   0.000   0.000   0.000 798594200
16.87   7.11   42.570
16.87   1.00    0.087    0.002
16.87   1.00    0.089   42.154
16.87   1.00    0.087    0.123   0.089   0.121
16.87   1.00    0.087    0.119   0.089   0.117

16.88   0.00    0.121    0.117   0.043   0.022   0.005   0.017   0.024   0.011   0.000   0.000   0.000 799067500
16.88   7.11   42.566
16.88   1.00    0.087    0.002
16.88   1.00    0.089   42.148
16.88   1.00    0.087    0.123   0.089   0.121
16.88   1.00    0.087    0.119   0.089   0.117

16.89   0.00    0.121    0.117   0.043   0.022   0.005   0.017   0.024   0.011   0.000   0.000   0.000 799540900
16.89   7.11   42.561
16.89   1.00    0.087    0.002
16.89   1.00    0.089   42.142
16.89   1.00    0.087    0.123   0.089   0.121
16.89   1.00    0.087    0.119   0.089   0.117

16.90   0.00    0.121    0.117   0.043   0.022   0.005   0.017   0.024   0.011   0.000   0.000   0.000 800014200
16.90   7.11   42.557
16.90   1.00    0.087    0.002
16.90   1.00    0.089   42.136
16.90   1.00    0.087    0.123   0.089   0.121
16.90   1.00    0.087    0.119   0.089   0.117

16.91   0.00    0.121    0.117   0.043   0.022   0.005   0.017   0.024   0.011   0.000   0.000   0.000 800487600
16.91   7.10   42.553
16.91   1.00    0.087    0.002
16.91   1.00    0.089   42.130
16.91   1.00    0.087    0.123   0.089   0.121
16.91   1.00    0.087    0.119   0.089   0.117

16.92   0.00    0.121    0.117   0.043   0.022   0.005   0.017   0.024   0.011   0.000   0.000   0.000 800961000
16.92   7.10   42.548
16.92   1.00    0.087    0.002
16.92   1.00    0.089   42.123
16.92   1.00    0.087    0.123   0.089   0.121
16.92   1.00    0.087    0.119   0.089   0.117

16.93   0.00    0.121    0.117   0.043   0.022   0.005   0.017   0.024   0.011   0.000   0.000   0.000 801434400
16.93   7.10   42.544
16.93   1.00    0.087    0.002
16.93   1.00    0.089   42.117
16.93   1.00    0.087    0.123   0.089   0.121
16.93   1.00    0.087    0.119   0.089   0.117

16.94   0.00    0.121    0.117   0.043   0.022   0.005   0.017   0.024   0.011   0.000   0.000   0.000 801907800
16.94   7.10   42.539
16.94   1.00    0.087    0.002
16.94   1.00    0.089   42.111
16.94   1.00    0.087    0.123   0.089   0.121
16.94   1.00    0.087    0.119   0.089   0.117

16.95   0.00    0.121    0.117   0.043   0.022   0.005   0.017   0.024   0.011   0.000   0.000   0.000 802381200
16.95   7.10   42.535
16.95   1.00    0.087    0.002
16.95   1.00    0.089   42.105
16.95   1.00    0.087    0.123   0.089   0.121
16.95   1.00    0.087    0.119   0.089   0.117

16.96   0.00    0.121    0.117   0.043   0.022   0.005   0.017   0.024   0.011   0.000   0.000   0.000 802854500
16.96   7.09   42.531
16.96   1.00    0.087    0.002
16.96   1.00    0.089   42.099
16.96   1.00    0.087    0.123   0.089   0.121
16.96   1.00    0.087    0.119   0.089   0.117

16.97   0.00    0.121    0.117   0.043   0.022   0.004   0.017   0.024   0.011   0.000   0.000   0.000 803327900
16.97   7.09   42.526
16.97   1.00    0.087    0.002
16.97   1.00    0.089   42.093
16.97   1.00    0.087    0.123   0.089   0.121
16.97   1.00    0.087    0.119   0.089   0.117

16.98   0.00    0.121    0.117   0.043   0.022   0.004   0.017   0.024   0.011   0.000   0.000   0.000 803801300
16.98   7.09   42.522
16.98   1.00    0.087    0.002
16.98   1.00    0.089   42.087
16.98   1.00    0.086    0.123   0.089   0.121
16.98   1.00    0.087    0.119   0.089   0.117

16.99   0.00    0.121    0.117   0.043   0.022   0.004   0.017   0.024   0.011   0.000   0.000   0.000 804274700
16.99   7.09   42.518
16.99   1.00    0.087    0.002
16.99   1.00    0.089   42.080
16.99   1.00    0.086    0.123   0.089   0.121
16.99   1.00    0.087    0.119   0.089   0.117

17.00   0.00    0.121    0.117   0.043   0.022   0.004   0.017   0.024   0.011   0.000   0.000   0.000 804748100
17.00   7.09   42.513
17.00   1.00    0.087    0.002
17.00   1.00    0.089   42.074
17.00   1.00    0.086    0.123   0.089   0.121
17.00   1.00    0.086    0.119   0.089   0.117

17.01   0.00    0.121    0.117   0.043   0.022   0.004   0.017   0.024   0.011   0.000   0.000   0.000 805221400
17.01   7.08   42.509
17.01   1.00    0.087    0.002
17.01   1.00    0.089   42.068
17.01   1.00    0.086    0.123   0.089   0.121
17.01   1.00    0.086    0.119   0.089   0.117

17.02   0.00    0.121    0.117   0.043   0.022   0.004   0.017   0.024   0.011   0.000   0.000   0.000 805694800
17.02   7.08   42.505
17.02   1.00    0.087    0.002
17.02   1.00    0.088   42.062
17.02   1.00    0.086    0.123   0.088   0.121
17.02   1.00    0.086    0.119   0.088   0.117

17.03   0.00    0.121    0.117   0.043   0.022   0.004   0.017   0.024   0.011   0.000   0.000   0.000 806168300
17.03   7.08   42.500
17.03   1.00    0.087    0.002
17.03   1.00    0.088   42.056
17.03   1.00    0.086    0.123   0.088   0.121
17.03   1.00    0.086    0.119   0.088   0.117

17.04   0.00    0.121    0.117   0.043   0.022   0.004   0.017   0.024   0.011   0.000   0.000   0.000 806641700
17.04   7.08   42.496
17.04   1.00    0.087    0.002
17.04   1.00    0.088   42.050
17.04   1.00    0.086    0.123   0.088   0.121
17.04   1.00    0.086    0.119   0.088   0.117

17.05   0.00    0.121    0.117   0.043   0.022   0.004   0.017   0.024   0.011   0.000   0.000   0.000 807114900
17.05   7.08   42.492
17.05   1.00    0.087    0.002
17.05   1.00    0.088   42.043
17.05   1.00    0.086    0.123   0.088   0.121
17.05   1.00    0.086    0.119   0.088   0.117

17.06   0.00    0.121    0.117   0.043   0.022   0.004   0.017   0.024   0.011   0.000   0.000   0.000 807588400
17.06   7.07   42.487
17.06   1.00    0.087    0.002
17.06   1.00    0.088   42.037
17.06   1.00    0.086    0.123   0.088   0.121
17.06   1.00    0.086    0.119   0.088   0.117

17.07   0.00    0.121    0.117   0.043   0.022   0.004   0.017   0.024   0.011   0.000   0.000   0.000 808061700
17.07   7.07   42.483
17.07   1.00    0.087    0.002
17.07   1.00    0.088   42.031
17.07   1.00    0.086    0.123   0.088   0.121
17.07   1.00    0.086    0.119   0.088   0.117

17.08   0.00    0.121    0.117   0.043   0.022   0.004   0.017   0.024   0.011   0.000   0.000   0.000 808535100
17.08   7.07   42.479
17.08   1.00    0.087    0.002
17.08   1.00    0.088   42.025
17.08   1.00    0.086    0.123   0.088   0.121
17.08   1.00    0.086    0.118   0.088   0.117

17.09   0.00    0.121    0.117   0.043   0.022   0.004   0.017   0.024   0.011   0.000   0.000   0.000 809008500
17.09   7.07   42.474
17.09   1.00    0.086    0.002
17.09   1.00    0.088   42.019
17.09   1.00    0.086    0.123   0.088   0.121
17.09   1.00    0.086    0.118   0.088   0.117

17.10   0.00    0.121    0.117   0.043   0.022   0.004   0.017   0.024   0.011   0.000   0.000   0.000 809481900
17.10   7.06   42.470
17.10   1.00    0.086    0.002
17.10   1.00    0.088   42.013
17.10   1.00    0.086    0.123   0.088   0.121
17.10   1.00    0.086    0.118   0.088   0.117

17.11   0.00    0.121    0.117   0.043   0.022   0.004   0.017   0.024   0.011   0.000   0.000   0.000 809955300
17.11   7.06   42.466
17.11   1.00    0.086    0.002
17.11   1.00    0.088   42.007
17.11   1.00    0.086    0.123   0.088   0.121
17.11   1.00    0.086    0.118   0.088   0.117

17.12   0.00    0.121    0.117   0.043   0.022   0.004   0.017   0.024   0.011   0.000   0.000   0.000 810428700
17.12   7.06   42.461
17.12   1.00    0.086    0.002
17.12   1.00    0.088   42.001
17.12   1.00    0.086    0.123   0.088   0.121
17.12   1.00    0.086    0.118   0.088   0.117

17.13   0.00    0.121    0.117   0.043   0.022   0.004   0.017   0.024   0.011   0.000   0.000   0.000 810902000
17.13   7.06   42.457
17.13   1.00    0.086    0.002
17.13   1.00    0.088   41.994
17.13   1.00    0.086    0.123   0.088   0.121
17.13   1.00    0.086    0.118   0.088   0.117

17.14   0.00    0.121    0.117   0.043   0.022   0.004   0.017   0.024   0.011   0.000   0.000   0.000 811375400
17.14   7.06   42.453
17.14   1.00    0.086    0.002
17.14   1.00    0.088   41.988
17.14   1.00    0.086    0.123   0.088   0.121
17.14   1.00    0.086    0.118   0.088   0.117

17.15   0.00    0.121    0.117   0.043   0.022   0.004   0.017   0.024   0.011   0.000   0.000   0.000 811848800
17.15   7.05   42.448
17.15   1.00    0.086    0.002
17.15   1.00    0.088   41.982
17.15   1.00    0.086    0.123   0.088   0.121
17.15   1.00    0.086    0.118   0.088   0.117

17.16   0.00    0.121    0.117   0.043   0.022   0.004   0.017   0.024   0.011   0.000   0.000   0.000 812322200
17.16   7.05   42.444
17.16   1.00    0.086    0.002
17.16   1.00    0.088   41.976
17.16   1.00    0.086    0.123   0.088   0.121
17.16   1.00    0.086    0.118   0.088   0.117

17.17   0.00    0.121    0.117   0.043   0.022   0.004   0.017   0.024   0.011   0.000   0.000   0.000 812795600
17.17   7.05   42.440
17.17   1.00    0.086    0.002
17.17   1.00    0.088   41.970
17.17   1.00    0.086    0.123   0.088   0.121
17.17   1.00    0.086    0.118   0.088   0.117

17.18   0.00    0.121    0.117   0.043   0.022   0.004   0.017   0.024   0.011   0.000   0.000   0.000 813268900
17.18   7.05   42.435
17.18   1.00    0.086    0.002
17.18   1.00    0.088   41.964
17.18   1.00    0.086    0.123   0.088   0.121
17.18   1.00    0.086    0.118   0.088   0.117

17.19   0.00    0.121    0.117   0.043   0.022   0.004   0.017   0.024   0.011   0.000   0.000   0.000 813742300
17.19   7.05   42.431
17.19   1.00    0.086    0.002
17.19   1.00    0.088   41.958
17.19   1.00    0.086    0.123   0.088   0.121
17.19   1.00    0.086    0.118   0.088   0.117

17.20   0.00    0.121    0.117   0.043   0.022   0.004   0.017   0.024   0.011   0.000   0.000   0.000 814215700
17.20   7.04   42.427
17.20   1.00    0.086    0.002
17.20   1.00    0.088   41.952
17.20   1.00    0.086    0.122   0.088   0.121
17.20   1.00    0.086    0.118   0.088   0.117

17.21   0.00    0.121    0.117   0.043   0.022   0.004   0.017   0.024   0.011   0.000   0.000   0.000 814689000
17.21   7.04   42.422
17.21   1.00    0.086    0.002
17.21   1.00    0.088   41.946
17.21   1.00    0.086    0.122   0.088   0.121
17.21   1.00    0.086    0.118   0.088   0.117

17.22   0.00    0.121    0.117   0.043   0.022   0.004   0.017   0.024   0.011   0.000   0.000   0.000 815162400
17.22   7.04   42.418
17.22   1.00    0.086    0.002
17.22   1.00    0.088   41.939
17.22   1.00    0.086    0.122   0.088   0.121
17.22   1.00    0.086    0.118   0.088   0.117

17.23   0.00    0.121    0.117   0.043   0.022   0.004   0.017   0.024   0.011   0.000   0.000   0.000 815635800
17.23   7.04   42.414
17.23   1.00    0.086    0.002
17.23   1.00    0.088   41.933
17.23   1.00    0.086    0.122   0.088   0.121
17.23   1.00    0.086    0.118   0.088   0.117

17.24   0.00    0.121    0.117   0.043   0.022   0.004   0.017   0.024   0.011   0.000   0.000   0.000 816109200
17.24   7.04   42.409
17.24   1.00    0.086    0.002
17.24   1.00    0.088   41.927
17.24   1.00    0.086    0.122   0.088   0.121
17.24   1.00    0.086    0.118   0.088   0.117

17.25   0.00    0.121    0.117   0.043   0.022   0.004   0.017   0.024   0.011   0.000   0.000   0.000 816582600
17.25   7.03   42.405
17.25   1.00    0.086    0.002
17.25   1.00    0.088   41.921
17.25   1.00    0.086    0.122   0.088   0.121
17.25   1.00    0.086    0.118   0.088   0.117

17.26   0.00    0.121    0.117   0.043   0.022   0.004   0.017   0.024   0.011   0.000   0.000   0.000 817056000
17.26   7.03   42.401
17.26   1.00    0.086    0.002
17.26   1.00    0.088   41.915
17.26   1.00    0.086    0.122   0.088   0.121
17.26   1.00    0.086    0.118   0.088   0.117

17.27   0.00    0.121    0.117   0.043   0.022   0.004   0.017   0.024   0.011   0.000   0.000   0.000 817529400
17.27   7.03   42.397
17.27   1.00    0.086    0.002
17.27   1.00    0.088   41.909
17.27   1.00    0.086    0.122   0.088   0.121
17.27   1.00    0.086    0.118   0.088   0.117

17.28   0.00    0.121    0.117   0.043   0.022   0.004   0.017   0.024   0.011   0.000   0.000   0.000 818002800
17.28   7.03   42.392
17.28   1.00    0.086    0.002
17.28   1.00    0.088   41.903
17.28   1.00    0.086    0.122   0.088   0.121
17.28   1.00    0.086    0.118   0.088   0.117

17.29   0.00    0.121    0.117   0.043   0.022   0.004   0.017   0.024   0.011   0.000   0.000   0.000 818476200
17.29   7.03   42.388
17.29   1.00    0.086    0.002
17.29   1.00    0.088   41.897
17.29   1.00    0.086    0.122   0.088   0.121
17.29   1.00    0.086    0.118   0.088   0.117

17.30   0.00    0.121    0.117   0.043   0.022   0.004   0.017   0.024   0.011   0.000   0.000   0.000 818949400
17.30   7.02   42.384
17.30   1.00    0.086    0.002
17.30   1.00    0.088   41.891
17.30   1.00    0.086    0.122   0.088   0.121
17.30   1.00    0.086    0.118   0.088   0.117

17.31   0.00    0.121    0.117   0.043   0.022   0.004   0.017   0.024   0.011   0.000   0.000   0.000 819422800
17.31   7.02   42.379
17.31   1.00    0.086    0.002
17.31   1.00    0.088   41.885
17.31   1.00    0.086    0.122   0.088   0.121
17.31   1.00    0.086    0.118   0.088   0.117

17.32   0.00    0.121    0.117   0.043   0.022   0.004   0.017   0.024   0.011   0.000   0.000   0.000 819896300
17.32   7.02   42.375
17.32   1.00    0.086    0.002
17.32   1.00    0.088   41.879
17.32   1.00    0.085    0.122   0.088   0.121
17.32   1.00    0.086    0.118   0.088   0.117

17.33   0.00    0.121    0.117   0.043   0.022   0.004   0.017   0.024   0.011   0.000   0.000   0.000 820369700
17.33   7.02   42.371
17.33   1.00    0.086    0.002
17.33   1.00    0.088   41.873
17.33   1.00    0.085    0.122   0.088   0.121
17.33   1.00    0.086    0.118   0.088   0.117

17.34   0.00    0.121    0.117   0.043   0.022   0.004   0.017   0.024   0.011   0.000   0.000   0.000 820843000
17.34   7.02   42.367
17.34   1.00    0.086    0.002
17.34   1.00    0.088   41.866
17.34   1.00    0.085    0.122   0.088   0.121
17.34   1.00    0.085    0.118   0.088   0.117

17.35   0.00    0.121    0.117   0.043   0.022   0.004   0.017   0.024   0.011   0.000   0.000   0.000 821316400
17.35   7.01   42.362
17.35   1.00    0.086    0.002
17.35   1.00    0.088   41.860
17.35   1.00    0.085    0.122   0.088   0.121
17.35   1.00    0.085    0.118   0.088   0.117

17.36   0.00    0.121    0.117   0.043   0.022   0.004   0.017   0.024   0.011   0.000   0.000   0.000 821789800
17.36   7.01   42.358
17.36   1.00    0.086    0.002
17.36   1.00    0.087   41.854
17.36   1.00    0.085    0.122   0.087   0.121
17.36   1.00    0.085    0.118   0.087   0.117

17.37   0.00    0.121    0.117   0.043   0.022   0.004   0.017   0.024   0.011   0.000   0.000   0.000 822263200
17.37   7.01   42.354
17.37   1.00    0.086    0.002
17.37   1.00    0.087   41.848
17.37   1.00    0.085    0.122   0.087   0.121
17.37   1.00    0.085    0.118   0.087   0.117

17.38   0.00    0.121    0.117   0.043   0.022   0.004   0.017   0.023   0.011   0.000   0.000   0.000 822736500
17.38   7.01   42.349
17.38   1.00    0.086    0.002
17.38   1.00    0.087   41.842
17.38   1.00    0.085    0.122   0.087   0.121
17.38   1.00    0.085    0.118   0.087   0.117

17.39   0.00    0.121    0.117   0.043   0.022   0.004   0.017   0.023   0.011   0.000   0.000   0.000 823209900
17.39   7.01   42.345
17.39   1.00    0.086    0.002
17.39   1.00    0.087   41.836
17.39   1.00    0.085    0.122   0.087   0.121
17.39   1.00    0.085    0.118   0.087   0.117

17.40   0.00    0.121    0.117   0.043   0.022   0.004   0.017   0.023   0.011   0.000   0.000   0.000 823683300
17.40   7.00   42.341
17.40   1.00    0.086    0.002
17.40   1.00    0.087   41.830
17.40   1.00    0.085    0.122   0.087   0.121
17.40   1.00    0.085    0.118   0.087   0.117

17.41   0.00    0.121    0.117   0.043   0.022   0.004   0.017   0.023   0.011   0.000   0.000   0.000 824156700
17.41   7.00   42.337
17.41   1.00    0.086    0.002
17.41   1.00    0.087   41.824
17.41   1.00    0.085    0.122   0.087   0.121
17.41   1.00    0.085    0.118   0.087   0.117

17.42   0.00    0.121    0.117   0.043   0.022   0.004   0.017   0.023   0.011   0.000   0.000   0.000 824630100
17.42   7.00   42.332
17.42   1.00    0.086    0.002
17.42   1.00    0.087   41.818
17.42   1.00    0.085    0.122   0.087   0.121
17.42   1.00    0.085    0.118   0.087   0.117

17.43   0.00    0.121    0.117   0.043   0.022   0.004   0.017   0.023   0.011   0.000   0.000   0.000 825103500
17.43   7.00   42.328
17.43   1.00    0.085    0.002
17.43   1.00    0.087   41.812
17.43   1.00    0.085    0.122   0.087   0.121
17.43   1.00    0.085    0.118   0.087   0.117

17.44   0.00    0.121    0.117   0.043   0.022   0.004   0.017   0.023   0.011   0.000   0.000   0.000 825576900
17.44   7.00   42.324
17.44   1.00    0.085    0.002
17.44   1.00    0.087   41.806
17.44   1.00    0.085    0.122   0.087   0.121
17.44   1.00    0.085    0.118   0.087   0.117

17.45   0.00    0.121    0.117   0.043   0.022   0.004   0.017   0.023   0.011   0.000   0.000   0.000 826050200
17.45   6.99   42.320
17.45   1.00    0.085    0.002
17.45   1.00    0.087   41.800
17.45   1.00    0.085    0.122   0.087   0.121
17.45   1.00    0.085    0.118   0.087   0.117

17.46   0.00    0.121    0.117   0.043   0.022   0.004   0.017   0.023   0.011   0.000   0.000   0.000 826523600
17.46   6.99   42.315
17.46   1.00    0.085    0.002
17.46   1.00    0.087   41.794
17.46   1.00    0.085    0.122   0.087   0.121
17.46   1.00    0.085    0.118   0.087   0.117

17.47   0.00    0.121    0.117   0.043   0.022   0.004   0.017   0.023   0.011   0.000   0.000   0.000 826996900
17.47   6.99   42.311
17.47   1.00    0.085    0.002
17.47   1.00    0.087   41.788
17.47   1.00    0.085    0.122   0.087   0.121
17.47   1.00    0.085    0.118   0.087   0.117

17.48   0.00    0.121    0.117   0.043   0.022   0.004   0.017   0.023   0.011   0.000   0.000   0.000 827470300
17.48   6.99   42.307
17.48   1.00    0.085    0.002
17.48   1.00    0.087   41.782
17.48   1.00    0.085    0.122   0.087   0.121
17.48   1.00    0.085    0.118   0.087   0.117

17.49   0.00    0.121    0.117   0.043   0.022   0.004   0.017   0.023   0.011   0.000   0.000   0.000 827943700
17.49   6.99   42.303
17.49   1.00    0.085    0.002
17.49   1.00    0.087   41.776
17.49   1.00    0.085    0.122   0.087   0.121
17.49   1.00    0.085    0.118   0.087   0.117

17.50   0.00    0.121    0.117   0.043   0.022   0.004   0.017   0.023   0.011   0.000   0.000   0.000 828417200
17.50   6.98   42.298
17.50   1.00    0.085    0.002
17.50   1.00    0.087   41.770
17.50   1.00    0.085    0.122   0.087   0.121
17.50   1.00    0.085    0.118   0.087   0.117

17.51   0.00    0.121    0.117   0.043   0.022   0.004   0.017   0.023   0.011   0.000   0.000   0.000 828890500
17.51   6.98   42.294
17.51   1.00    0.085    0.002
17.51   1.00    0.087   41.764
17.51   1.00    0.085    0.122   0.087   0.121
17.51   1.00    0.085    0.118   0.087   0.117

17.52   0.00    0.121    0.117   0.043   0.022   0.004   0.017   0.023   0.011   0.000   0.000   0.000 829363900
17.52   6.98   42.290
17.52   1.00    0.085    0.002
17.52   1.00    0.087   41.758
17.52   1.00    0.085    0.122   0.087   0.121
17.52   1.00    0.085    0.118   0.087   0.117

17.53   0.00    0.121    0.117   0.043   0.022   0.004   0.017   0.023   0.011   0.000   0.000   0.000 829837300
17.53   6.98   42.286
17.53   1.00    0.085    0.002
17.53   1.00    0.087   41.752
17.53   1.00    0.085    0.122   0.087   0.121
17.53   1.00    0.085    0.118   0.087   0.117

17.54   0.00    0.121    0.117   0.043   0.022   0.004   0.017   0.023   0.011   0.000   0.000   0.000 830310700
17.54   6.98   42.281
17.54   1.00    0.085    0.002
17.54   1.00    0.087   41.746
17.54   1.00    0.085    0.122   0.087   0.121
17.54   1.00    0.085    0.118   0.087   0.117

17.55   0.00    0.120    0.117   0.043   0.022   0.004   0.017   0.023   0.011   0.000   0.000   0.000 830784000
17.55   6.97   42.277
17.55   1.00    0.085    0.002
17.55   1.00    0.087   41.739
17.55   1.00    0.085    0.122   0.087   0.121
17.55   1.00    0.085    0.118   0.087   0.117

17.56   0.00    0.120    0.117   0.043   0.022   0.004   0.017   0.023   0.011   0.000   0.000   0.000 831257400
17.56   6.97   42.273
17.56   1.00    0.085    0.002
17.56   1.00    0.087   41.733
17.56   1.00    0.085    0.122   0.087   0.121
17.56   1.00    0.085    0.118   0.087   0.117

17.57   0.00    0.120    0.117   0.043   0.022   0.004   0.017   0.023   0.011   0.000   0.000   0.000 831730800
17.57   6.97   42.269
17.57   1.00    0.085    0.002
17.57   1.00    0.087   41.727
17.57   1.00    0.085    0.122   0.087   0.121
17.57   1.00    0.085    0.118   0.087   0.117

17.58   0.00    0.120    0.117   0.043   0.022   0.004   0.017   0.023   0.011   0.000   0.000   0.000 832204200
17.58   6.97   42.264
17.58   1.00    0.085    0.002
17.58   1.00    0.087   41.721
17.58   1.00    0.085    0.122   0.087   0.120
17.58   1.00    0.085    0.118   0.087   0.117

17.59   0.00    0.120    0.117   0.043   0.022   0.004   0.017   0.023   0.011   0.000   0.000   0.000 832677600
17.59   6.97   42.260
17.59   1.00    0.085    0.002
17.59   1.00    0.087   41.715
17.59   1.00    0.085    0.122   0.087   0.120
17.59   1.00    0.085    0.118   0.087   0.117

17.60   0.00    0.120    0.117   0.043   0.022   0.004   0.017   0.023   0.011   0.000   0.000   0.000 833151000
17.60   6.97   42.256
17.60   1.00    0.085    0.002
17.60   1.00    0.087   41.709
17.60   1.00    0.085    0.122   0.087   0.120
17.60   1.00    0.085    0.118   0.087   0.117

17.61   0.00    0.120    0.117   0.043   0.022   0.004   0.017   0.023   0.011   0.000   0.000   0.000 833624300
17.61   6.96   42.252
17.61   1.00    0.085    0.002
17.61   1.00    0.087   41.703
17.61   1.00    0.085    0.122   0.087   0.120
17.61   1.00    0.085    0.118   0.087   0.117

17.62   0.00    0.120    0.117   0.043   0.022   0.004   0.017   0.023   0.011   0.000   0.000   0.000 834097700
17.62   6.96   42.248
17.62   1.00    0.085    0.002
17.62   1.00    0.087   41.697
17.62   1.00    0.085    0.122   0.087   0.120
17.62   1.00    0.085    0.118   0.087   0.117

17.63   0.00    0.120    0.116   0.043   0.022   0.004   0.017   0.023   0.011   0.000   0.000   0.000 834571100
17.63   6.96   42.243
17.63   1.00    0.085    0.002
17.63   1.00    0.087   41.691
17.63   1.00    0.085    0.122   0.087   0.120
17.63   1.00    0.085    0.118   0.087   0.117

17.64   0.00    0.120    0.116   0.043   0.022   0.004   0.017   0.023   0.011   0.000   0.000   0.000 835044400
17.64   6.96   42.239
17.64   1.00    0.085    0.002
17.64   1.00    0.087   41.685
17.64   1.00    0.085    0.122   0.087   0.120
17.64   1.00    0.085    0.118   0.087   0.117

17.65   0.00    0.120    0.116   0.043   0.022   0.004   0.017   0.023   0.011   0.000   0.000   0.000 835517800
17.65   6.96   42.235
17.65   1.00    0.085    0.002
17.65   1.00    0.087   41.679
17.65   1.00    0.085    0.122   0.087   0.120
17.65   1.00    0.085    0.118   0.087   0.117

17.66   0.00    0.120    0.116   0.043   0.022   0.004   0.017   0.023   0.011   0.000   0.000   0.000 835991200
17.66   6.95   42.231
17.66   1.00    0.085    0.002
17.66   1.00    0.087   41.673
17.66   1.00    0.085    0.122   0.087   0.120
17.66   1.00    0.085    0.118   0.087   0.117

17.67   0.00    0.120    0.116   0.043   0.022   0.004   0.017   0.023   0.011   0.000   0.000   0.000 836464600
17.67   6.95   42.226
17.67   1.00    0.085    0.002
17.67   1.00    0.087   41.667
17.67   1.00    0.084    0.122   0.087   0.120
17.67   1.00    0.085    0.118   0.087   0.117

17.68   0.00    0.120    0.116   0.043   0.022   0.004   0.017   0.023   0.011   0.000   0.000   0.000 836938000
17.68   6.95   42.222
17.68   1.00    0.085    0.002
17.68   1.00    0.087   41.661
17.68   1.00    0.084    0.122   0.087   0.120
17.68   1.00    0.085    0.118   0.087   0.116

17.69   0.00    0.120    0.116   0.043   0.022   0.004   0.017   0.023   0.011   0.000   0.000   0.000 837411400
17.69   6.95   42.218
17.69   1.00    0.085    0.002
17.69   1.00    0.087   41.655
17.69   1.00    0.084    0.122   0.087   0.120
17.69   1.00    0.084    0.118   0.087   0.116

17.70   0.00    0.120    0.116   0.043   0.022   0.004   0.017   0.023   0.011   0.000   0.000   0.000 837884800
17.70   6.95   42.214
17.70   1.00    0.085    0.002
17.70   1.00    0.087   41.649
17.70   1.00    0.084    0.122   0.087   0.120
17.70   1.00    0.084    0.118   0.087   0.116

17.71   0.00    0.120    0.116   0.043   0.022   0.004   0.017   0.023   0.011   0.000   0.000   0.000 838358100
17.71   6.94   42.210
17.71   1.00    0.085    0.002
17.71   1.00    0.086   41.643
17.71   1.00    0.084    0.122   0.086   0.120
17.71   1.00    0.084    0.118   0.086   0.116

17.72   0.00    0.120    0.116   0.043   0.022   0.004   0.017   0.023   0.011   0.000   0.000   0.000 838831500
17.72   6.94   42.205
17.72   1.00    0.085    0.002
17.72   1.00    0.086   41.637
17.72   1.00    0.084    0.122   0.086   0.120
17.72   1.00    0.084    0.118   0.086   0.116

17.73   0.00    0.120    0.116   0.043   0.022   0.004   0.017   0.023   0.011   0.000   0.000   0.000 839304900
17.73   6.94   42.201
17.73   1.00    0.085    0.002
17.73   1.00    0.086   41.632
17.73   1.00    0.084    0.122   0.086   0.120
17.73   1.00    0.084    0.118   0.086   0.116

17.74   0.00    0.120    0.116   0.043   0.022   0.004   0.017   0.023   0.011   0.000   0.000   0.000 839778200
17.74   6.94   42.197
17.74   1.00    0.085    0.002
17.74   1.00    0.086   41.626
17.74   1.00    0.084    0.122   0.086   0.120
17.74   1.00    0.084    0.118   0.086   0.116

17.75   0.00    0.120    0.116   0.043   0.022   0.004   0.017   0.023   0.011   0.000   0.000   0.000 840251600
17.75   6.94   42.193
17.75   1.00    0.085    0.002
17.75   1.00    0.086   41.620
17.75   1.00    0.084    0.122   0.086   0.120
17.75   1.00    0.084    0.118   0.086   0.116

17.76   0.00    0.120    0.116   0.043   0.022   0.004   0.017   0.023   0.011   0.000   0.000   0.000 840725100
17.76   6.93   42.189
17.76   1.00    0.085    0.002
17.76   1.00    0.086   41.614
17.76   1.00    0.084    0.122   0.086   0.120
17.76   1.00    0.084    0.118   0.086   0.116

17.77   0.00    0.120    0.116   0.043   0.022   0.004   0.017   0.023   0.011   0.000   0.000   0.000 841198500
17.77   6.93   42.185
17.77   1.00    0.085    0.002
17.77   1.00    0.086   41.608
17.77   1.00    0.084    0.122   0.086   0.120
17.77   1.00    0.084    0.118   0.086   0.116

17.78   0.00    0.120    0.116   0.043   0.022   0.004   0.017   0.023   0.011   0.000   0.000   0.000 841671800
17.78   6.93   42.180
17.78   1.00    0.084    0.002
17.78   1.00    0.086   41.602
17.78   1.00    0.084    0.122   0.086   0.120
17.78   1.00    0.084    0.118   0.086   0.116

17.79   0.00    0.120    0.116   0.043   0.022   0.004   0.017   0.023   0.011   0.000   0.000   0.000 842145200
17.79   6.93   42.176
17.79   1.00    0.084    0.002
17.79   1.00    0.086   41.596
17.79   1.00    0.084    0.122   0.086   0.120
17.79   1.00    0.084    0.118   0.086   0.116

17.80   0.00    0.120    0.116   0.043   0.022   0.004   0.017   0.023   0.011   0.000   0.000   0.000 842618600
17.80   6.93   42.172
17.80   1.00    0.084    0.002
17.80   1.00    0.086   41.590
17.80   1.00    0.084    0.122   0.086   0.120
17.80   1.00    0.084    0.118   0.086   0.116

17.81   0.00    0.120    0.116   0.043   0.022   0.004   0.017   0.023   0.011   0.000   0.000   0.000 843091900
17.81   6.93   42.168
17.81   1.00    0.084    0.002
17.81   1.00    0.086   41.584
17.81   1.00    0.084    0.122   0.086   0.120
17.81   1.00    0.084    0.118   0.086   0.116

17.82   0.00    0.120    0.116   0.043   0.022   0.004   0.017   0.023   0.011   0.000   0.000   0.000 843565300
17.82   6.92   42.164
17.82   1.00    0.084    0.002
17.82   1.00    0.086   41.578
17.82   1.00    0.084    0.122   0.086   0.120
17.82   1.00    0.084    0.118   0.086   0.116

17.83   0.00    0.120    0.116   0.043   0.022   0.004   0.017   0.023   0.011   0.000   0.000   0.000 844038700
17.83   6.92   42.159
17.83   1.00    0.084    0.002
17.83   1.00    0.086   41.572
17.83   1.00    0.084    0.122   0.086   0.120
17.83   1.00    0.084    0.118   0.086   0.116

17.84   0.00    0.120    0.116   0.043   0.022   0.004   0.017   0.023   0.011   0.000   0.000   0.000 844512100
17.84   6.92   42.155
17.84   1.00    0.084    0.002
17.84   1.00    0.086   41.566
17.84   1.00    0.084    0.122   0.086   0.120
17.84   1.00    0.084    0.118   0.086   0.116

17.85   0.00    0.120    0.116   0.043   0.022   0.004   0.017   0.023   0.011   0.000   0.000   0.000 844985500
17.85   6.92   42.151
17.85   1.00    0.084    0.002
17.85   1.00    0.086   41.560
17.85   1.00    0.084    0.122   0.086   0.120
17.85   1.00    0.084    0.118   0.086   0.116

17.86   0.00    0.120    0.116   0.043   0.022   0.004   0.017   0.023   0.011   0.000   0.000   0.000 845458900
17.86   6.92   42.147
17.86   1.00    0.084    0.002
17.86   1.00    0.086   41.554
17.86   1.00    0.084    0.122   0.086   0.120
17.86   1.00    0.084    0.118   0.086   0.116

17.87   0.00    0.120    0.116   0.043   0.022   0.004   0.017   0.023   0.011   0.000   0.000   0.000 845932300
17.87   6.91   42.143
17.87   1.00    0.084    0.002
17.87   1.00    0.086   41.548
17.87   1.00    0.084    0.122   0.086   0.120
17.87   1.00    0.084    0.118   0.086   0.116

17.88   0.00    0.120    0.116   0.043   0.022   0.004   0.017   0.023   0.011   0.000   0.000   0.000 846405600
17.88   6.91   42.139
17.88   1.00    0.084    0.002
17.88   1.00    0.086   41.542
17.88   1.00    0.084    0.122   0.086   0.120
17.88   1.00    0.084    0.118   0.086   0.116

17.89   0.00    0.120    0.116   0.043   0.022   0.004   0.017   0.023   0.011   0.000   0.000   0.000 846879000
17.89   6.91   42.134
17.89   1.00    0.084    0.002
17.89   1.00    0.086   41.536
17.89   1.00    0.084    0.122   0.086   0.120
17.89   1.00    0.084    0.118   0.086   0.116

17.90   0.00    0.120    0.116   0.043   0.022   0.004   0.017   0.023   0.011   0.000   0.000   0.000 847352400
17.90   6.91   42.130
17.90   1.00    0.084    0.002
17.90   1.00    0.086   41.530
17.90   1.00    0.084    0.122   0.086   0.120
17.90   1.00    0.084    0.118   0.086   0.116

17.91   0.00    0.120    0.116   0.043   0.022   0.004   0.017   0.023   0.011   0.000   0.000   0.000 847825700
17.91   6.91   42.126
17.91   1.00    0.084    0.002
17.91   1.00    0.086   41.524
17.91   1.00    0.084    0.122   0.086   0.120
17.91   1.00    0.084    0.118   0.086   0.116

17.92   0.00    0.120    0.116   0.043   0.022   0.004   0.017   0.023   0.011   0.000   0.000   0.000 848299100
17.92   6.90   42.122
17.92   1.00    0.084    0.002
17.92   1.00    0.086   41.518
17.92   1.00    0.084    0.122   0.086   0.120
17.92   1.00    0.084    0.118   0.086   0.116

17.93   0.00    0.120    0.116   0.043   0.022   0.004   0.017   0.023   0.011   0.000   0.000   0.000 848772500
17.93   6.90   42.118
17.93   1.00    0.084    0.002
17.93   1.00    0.086   41.512
17.93   1.00    0.084    0.122   0.086   0.120
17.93   1.00    0.084    0.118   0.086   0.116

17.94   0.00    0.120    0.116   0.043   0.022   0.004   0.017   0.023   0.011   0.000   0.000   0.000 849246000
17.94   6.90   42.114
17.94   1.00    0.084    0.002
17.94   1.00    0.086   41.506
17.94   1.00    0.084    0.122   0.086   0.120
17.94   1.00    0.084    0.118   0.086   0.116

17.95   0.00    0.120    0.116   0.043   0.022   0.004   0.017   0.023   0.011   0.000   0.000   0.000 849719300
17.95   6.90   42.109
17.95   1.00    0.084    0.002
17.95   1.00    0.086   41.501
17.95   1.00    0.084    0.122   0.086   0.120
17.95   1.00    0.084    0.118   0.086   0.116

17.96   0.00    0.120    0.116   0.043   0.022   0.004   0.017   0.023   0.011   0.000   0.000   0.000 850192600
17.96   6.90   42.105
17.96   1.00    0.084    0.002
17.96   1.00    0.086   41.495
17.96   1.00    0.084    0.122   0.086   0.120
17.96   1.00    0.084    0.118   0.086   0.116

17.97   0.00    0.120    0.116   0.043   0.022   0.004   0.017   0.023   0.011   0.000   0.000   0.000 850666000
17.97   6.90   42.101
17.97   1.00    0.084    0.002
17.97   1.00    0.086   41.489
17.97   1.00    0.084    0.122   0.086   0.120
17.97   1.00    0.084    0.118   0.086   0.116

17.98   0.00    0.120    0.116   0.043   0.022   0.004   0.017   0.023   0.011   0.000   0.000   0.000 851139400
17.98   6.89   42.097
17.98   1.00    0.084    0.002
17.98   1.00    0.086   41.483
17.98   1.00    0.084    0.122   0.086   0.120
17.98   1.00    0.084    0.118   0.086   0.116

17.99   0.00    0.120    0.116   0.043   0.022   0.004   0.017   0.023   0.011   0.000   0.000   0.000 851612800
17.99   6.89   42.093
17.99   1.00    0.084    0.002
17.99   1.00    0.086   41.477
17.99   1.00    0.084    0.122   0.086   0.120
17.99   1.00    0.084    0.118   0.086   0.116

18.00   0.00    0.120    0.116   0.043   0.022   0.004   0.017   0.023   0.011   0.000   0.000   0.000 852086200
18.00   6.89   42.089
18.00   1.00    0.084    0.002
18.00   1.00    0.086   41.471
18.00   1.00    0.084    0.122   0.086   0.120
18.00   1.00    0.084    0.118   0.086   0.116

18.01   0.00    0.120    0.116   0.043   0.022   0.004   0.017   0.023   0.011   0.000   0.000   0.000 852559600
18.01   6.89   42.085
18.01   1.00    0.084    0.002
18.01   1.00    0.086   41.465
18.01   1.00    0.084    0.122   0.086   0.120
18.01   1.00    0.084    0.118   0.086   0.116

18.02   0.00    0.120    0.116   0.043   0.022   0.004   0.017   0.023   0.011   0.000   0.000   0.000 853033000
18.02   6.89   42.080
18.02   1.00    0.084    0.002
18.02   1.00    0.086   41.459
18.02   1.00    0.084    0.122   0.086   0.120
18.02   1.00    0.084    0.118   0.086   0.116

18.03   0.00    0.120    0.116   0.043   0.022   0.004   0.017   0.023   0.011   0.000   0.000   0.000 853506400
18.03   6.88   42.076
18.03   1.00    0.084    0.002
18.03   1.00    0.086   41.453
18.03   1.00    0.084    0.122   0.086   0.120
18.03   1.00    0.084    0.118   0.086   0.116

18.04   0.00    0.120    0.116   0.043   0.022   0.004   0.017   0.023   0.011   0.000   0.000   0.000 853979800
18.04   6.88   42.072
18.04   1.00    0.084    0.002
18.04   1.00    0.086   41.447
18.04   1.00    0.083    0.122   0.086   0.120
18.04   1.00    0.084    0.118   0.086   0.116

18.05   0.00    0.120    0.116   0.043   0.022   0.004   0.017   0.023   0.011   0.000   0.000   0.000 854453100
18.05   6.88   42.068
18.05   1.00    0.084    0.002
18.05   1.00    0.086   41.441
18.05   1.00    0.083    0.122   0.086   0.120
18.05   1.00    0.084    0.118   0.086   0.116

18.06   0.00    0.120    0.116   0.043   0.022   0.004   0.017   0.023   0.011   0.000   0.000   0.000 854926500
18.06   6.88   42.064
18.06   1.00    0.084    0.002
18.06   1.00    0.086   41.435
18.06   1.00    0.083    0.121   0.086   0.120
18.06   1.00    0.083    0.118   0.086   0.116

18.07   0.00    0.120    0.116   0.043   0.022   0.004   0.017   0.023   0.011   0.000   0.000   0.000 855399900
18.07   6.88   42.060
18.07   1.00    0.084    0.002
18.07   1.00    0.086   41.430
18.07   1.00    0.083    0.121   0.086   0.120
18.07   1.00    0.083    0.118   0.086   0.116

18.08   0.00    0.120    0.116   0.043   0.022   0.004   0.017   0.023   0.011   0.000   0.000   0.000 855873200
18.08   6.88   42.056
18.08   1.00    0.084    0.002
18.08   1.00    0.085   41.424
18.08   1.00    0.083    0.121   0.085   0.120
18.08   1.00    0.083    0.118   0.085   0.116

18.09   0.00    0.120    0.116   0.043   0.022   0.004   0.017   0.023   0.011   0.000   0.000   0.000 856346600
18.09   6.87   42.052
18.09   1.00    0.084    0.002
18.09   1.00    0.085   41.418
18.09   1.00    0.083    0.121   0.085   0.120
18.09   1.00    0.083    0.118   0.085   0.116

18.10   0.00    0.120    0.116   0.043   0.022   0.004   0.017   0.023   0.011   0.000   0.000   0.000 856820000
18.10   6.87   42.047
18.10   1.00    0.084    0.002
18.10   1.00    0.085   41.412
18.10   1.00    0.083    0.121   0.085   0.120
18.10   1.00    0.083    0.118   0.085   0.116

18.11   0.00    0.120    0.116   0.043   0.022   0.004   0.017   0.023   0.011   0.000   0.000   0.000 857293400
18.11   6.87   42.043
18.11   1.00    0.084    0.002
18.11   1.00    0.085   41.406
18.11   1.00    0.083    0.121   0.085   0.120
18.11   1.00    0.083    0.118   0.085   0.116

18.12   0.00    0.120    0.116   0.043   0.022   0.004   0.017   0.023   0.011   0.000   0.000   0.000 857766800
18.12   6.87   42.039
18.12   1.00    0.084    0.002
18.12   1.00    0.085   41.400
18.12   1.00    0.083    0.121   0.085   0.120
18.12   1.00    0.083    0.118   0.085   0.116

18.13   0.00    0.120    0.116   0.043   0.022   0.004   0.017   0.023   0.011   0.000   0.000   0.000 858240100
18.13   6.87   42.035
18.13   1.00    0.084    0.002
18.13   1.00    0.085   41.394
18.13   1.00    0.083    0.121   0.085   0.120
18.13   1.00    0.083    0.118   0.085   0.116

18.14   0.00    0.120    0.116   0.043   0.022   0.004   0.017   0.023   0.011   0.000   0.000   0.000 858713500
18.14   6.86   42.031
18.14   1.00    0.084    0.002
18.14   1.00    0.085   41.388
18.14   1.00    0.083    0.121   0.085   0.120
18.14   1.00    0.083    0.118   0.085   0.116

18.15   0.00    0.120    0.116   0.043   0.022   0.004   0.017   0.023   0.011   0.000   0.000   0.000 859186900
18.15   6.86   42.027
18.15   1.00    0.083    0.002
18.15   1.00    0.085   41.382
18.15   1.00    0.083    0.121   0.085   0.120
18.15   1.00    0.083    0.118   0.085   0.116

18.16   0.00    0.120    0.116   0.043   0.022   0.004   0.017   0.023   0.011   0.000   0.000   0.000 859660300
18.16   6.86   42.023
18.16   1.00    0.083    0.002
18.16   1.00    0.085   41.377
18.16   1.00    0.083    0.121   0.085   0.120
18.16   1.00    0.083    0.118   0.085   0.116

18.17   0.00    0.120    0.116   0.043   0.022   0.004   0.017   0.023   0.011   0.000   0.000   0.000 860133700
18.17   6.86   42.019
18.17   1.00    0.083    0.002
18.17   1.00    0.085   41.371
18.17   1.00    0.083    0.121   0.085   0.120
18.17   1.00    0.083    0.118   0.085   0.116

18.18   0.00    0.120    0.116   0.043   0.022   0.004   0.017   0.023   0.011   0.000   0.000   0.000 860607000
18.18   6.86   42.015
18.18   1.00    0.083    0.002
18.18   1.00    0.085   41.365
18.18   1.00    0.083    0.121   0.085   0.120
18.18   1.00    0.083    0.118   0.085   0.116

18.19   0.00    0.120    0.116   0.043   0.022   0.004   0.017   0.023   0.011   0.000   0.000   0.000 861080400
18.19   6.86   42.010
18.19   1.00    0.083    0.002
18.19   1.00    0.085   41.359
18.19   1.00    0.083    0.121   0.085   0.120
18.19   1.00    0.083    0.118   0.085   0.116

18.20   0.00    0.120    0.116   0.043   0.022   0.004   0.017   0.023   0.011   0.000   0.000   0.000 861553900
18.20   6.85   42.006
18.20   1.00    0.083    0.002
18.20   1.00    0.085   41.353
18.20   1.00    0.083    0.121   0.085   0.120
18.20   1.00    0.083    0.118   0.085   0.116

18.21   0.00    0.120    0.116   0.043   0.022   0.004   0.017   0.023   0.011   0.000   0.000   0.000 862027100
18.21   6.85   42.002
18.21   1.00    0.083    0.002
18.21   1.00    0.085   41.347
18.21   1.00    0.083    0.121   0.085   0.120
18.21   1.00    0.083    0.118   0.085   0.116

18.22   0.00    0.120    0.116   0.043   0.022   0.004   0.017   0.023   0.011   0.000   0.000   0.000 862500500
18.22   6.85   41.998
18.22   1.00    0.083    0.002
18.22   1.00    0.085   41.341
18.22   1.00    0.083    0.121   0.085   0.120
18.22   1.00    0.083    0.118   0.085   0.116

18.23   0.00    0.120    0.116   0.043   0.022   0.004   0.017   0.023   0.011   0.000   0.000   0.000 862974000
18.23   6.85   41.994
18.23   1.00    0.083    0.002
18.23   1.00    0.085   41.335
18.23   1.00    0.083    0.121   0.085   0.120
18.23   1.00    0.083    0.118   0.085   0.116

18.24   0.00    0.120    0.116   0.043   0.022   0.004   0.017   0.023   0.011   0.000   0.000   0.000 863447400
18.24   6.85   41.990
18.24   1.00    0.083    0.002
18.24   1.00    0.085   41.330
18.24   1.00    0.083    0.121   0.085   0.120
18.24   1.00    0.083    0.118   0.085   0.116

18.25   0.00    0.120    0.116   0.043   0.022   0.004   0.017   0.023   0.011   0.000   0.000   0.000 863920700
18.25   6.84   41.986
18.25   1.00    0.083    0.002
18.25   1.00    0.085   41.324
18.25   1.00    0.083    0.121   0.085   0.120
18.25   1.00    0.083    0.118   0.085   0.116

18.26   0.00    0.120    0.116   0.043   0.022   0.004   0.017   0.023   0.011   0.000   0.000   0.000 864394100
18.26   6.84   41.982
18.26   1.00    0.083    0.002
18.26   1.00    0.085   41.318
18.26   1.00    0.083    0.121   0.085   0.120
18.26   1.00    0.083    0.118   0.085   0.116

18.27   0.00    0.120    0.116   0.043   0.022   0.004   0.017   0.023   0.011   0.000   0.000   0.000 864867500
18.27   6.84   41.978
18.27   1.00    0.083    0.002
18.27   1.00    0.085   41.312
18.27   1.00    0.083    0.121   0.085   0.120
18.27   1.00    0.083    0.118   0.085   0.116

18.28   0.00    0.120    0.116   0.043   0.022   0.004   0.017   0.023   0.011   0.000   0.000   0.000 865340900
18.28   6.84   41.974
18.28   1.00    0.083    0.002
18.28   1.00    0.085   41.306
18.28   1.00    0.083    0.121   0.085   0.120
18.28   1.00    0.083    0.118   0.085   0.116

18.29   0.00    0.120    0.116   0.043   0.022   0.004   0.017   0.023   0.011   0.000   0.000   0.000 865814300
18.29   6.84   41.970
18.29   1.00    0.083    0.002
18.29   1.00    0.085   41.300
18.29   1.00    0.083    0.121   0.085   0.120
18.29   1.00    0.083    0.118   0.085   0.116

18.30   0.00    0.120    0.116   0.043   0.022   0.004   0.017   0.023   0.011   0.000   0.000   0.000 866287600
18.30   6.84   41.965
18.30   1.00    0.083    0.002
18.30   1.00    0.085   41.294
18.30   1.00    0.083    0.121   0.085   0.120
18.30   1.00    0.083    0.118   0.085   0.116

18.31   0.00    0.120    0.116   0.043   0.022   0.004   0.017   0.023   0.011   0.000   0.000   0.000 866761000
18.31   6.83   41.961
18.31   1.00    0.083    0.002
18.31   1.00    0.085   41.289
18.31   1.00    0.083    0.121   0.085   0.120
18.31   1.00    0.083    0.118   0.085   0.116

18.32   0.00    0.120    0.116   0.043   0.022   0.004   0.017   0.023   0.011   0.000   0.000   0.000 867234400
18.32   6.83   41.957
18.32   1.00    0.083    0.002
18.32   1.00    0.085   41.283
18.32   1.00    0.083    0.121   0.085   0.120
18.32   1.00    0.083    0.118   0.085   0.116

18.33   0.00    0.120    0.116   0.043   0.022   0.004   0.017   0.023   0.011   0.000   0.000   0.000 867707800
18.33   6.83   41.953
18.33   1.00    0.083    0.002
18.33   1.00    0.085   41.277
18.33   1.00    0.083    0.121   0.085   0.120
18.33   1.00    0.083    0.118   0.085   0.116

18.34   0.00    0.120    0.116   0.043   0.022   0.004   0.017   0.023   0.011   0.000   0.000   0.000 868181200
18.34   6.83   41.949
18.34   1.00    0.083    0.002
18.34   1.00    0.085   41.271
18.34   1.00    0.083    0.121   0.085   0.120
18.34   1.00    0.083    0.118   0.085   0.116

18.35   0.00    0.120    0.116   0.043   0.022   0.004   0.017   0.023   0.011   0.000   0.000   0.000 868654500
18.35   6.83   41.945
18.35   1.00    0.083    0.002
18.35   1.00    0.085   41.265
18.35   1.00    0.083    0.121   0.085   0.120
18.35   1.00    0.083    0.118   0.085   0.116

18.36   0.00    0.120    0.116   0.043   0.022   0.004   0.017   0.023   0.011   0.000   0.000   0.000 869127900
18.36   6.83   41.941
18.36   1.00    0.083    0.002
18.36   1.00    0.085   41.259
18.36   1.00    0.083    0.121   0.085   0.120
18.36   1.00    0.083    0.118   0.085   0.116

18.37   0.00    0.120    0.116   0.043   0.022   0.004   0.017   0.023   0.011   0.000   0.000   0.000 869601300
18.37   6.82   41.937
18.37   1.00    0.083    0.002
18.37   1.00    0.085   41.254
18.37   1.00    0.083    0.121   0.085   0.120
18.37   1.00    0.083    0.118   0.085   0.116

18.38   0.00    0.120    0.116   0.043   0.022   0.004   0.017   0.023   0.011   0.000   0.000   0.000 870074600
18.38   6.82   41.933
18.38   1.00    0.083    0.002
18.38   1.00    0.085   41.248
18.38   1.00    0.083    0.121   0.085   0.120
18.38   1.00    0.083    0.118   0.085   0.116

18.39   0.00    0.120    0.116   0.043   0.022   0.004   0.017   0.023   0.011   0.000   0.000   0.000 870548000
18.39   6.82   41.929
18.39   1.00    0.083    0.002
18.39   1.00    0.085   41.242
18.39   1.00    0.083    0.121   0.085   0.120
18.39   1.00    0.083    0.118   0.085   0.116

18.40   0.00    0.120    0.116   0.043   0.022   0.004   0.017   0.023   0.011   0.000   0.000   0.000 871021400
18.40   6.82   41.925
18.40   1.00    0.083    0.002
18.40   1.00    0.085   41.236
18.40   1.00    0.083    0.121   0.085   0.120
18.40   1.00    0.083    0.118   0.085   0.116

18.41   0.00    0.120    0.116   0.043   0.022   0.004   0.017   0.023   0.011   0.000   0.000   0.000 871494800
18.41   6.82   41.921
18.41   1.00    0.083    0.002
18.41   1.00    0.085   41.230
18.41   1.00    0.083    0.121   0.085   0.120
18.41   1.00    0.083    0.118   0.085   0.116

18.42   0.00    0.120    0.116   0.043   0.022   0.004   0.017   0.023   0.011   0.000   0.000   0.000 871968200
18.42   6.81   41.917
18.42   1.00    0.083    0.002
18.42   1.00    0.085   41.225
18.42   1.00    0.082    0.121   0.085   0.120
18.42   1.00    0.083    0.118   0.085   0.116

18.43   0.00    0.120    0.116   0.043   0.022   0.004   0.017   0.023   0.011   0.000   0.000   0.000 872441600
18.43   6.81   41.913
18.43   1.00    0.083    0.002
18.43   1.00    0.085   41.219
18.43   1.00    0.082    0.121   0.085   0.120
18.43   1.00    0.083    0.118   0.085   0.116

18.44   0.00    0.120    0.116   0.043   0.022   0.004   0.017   0.023   0.011   0.000   0.000   0.000 872915000
18.44   6.81   41.909
18.44   1.00    0.083    0.002
18.44   1.00    0.085   41.213
18.44   1.00    0.082    0.121   0.085   0.120
18.44   1.00    0.082    0.118   0.085   0.116

18.45   0.00    0.120    0.116   0.043   0.022   0.004   0.017   0.023   0.011   0.000   0.000   0.000 873388400
18.45   6.81   41.905
18.45   1.00    0.083    0.002
18.45   1.00    0.085   41.207
18.45   1.00    0.082    0.121   0.085   0.120
18.45   1.00    0.082    0.118   0.085   0.116

18.46   0.00    0.120    0.116   0.043   0.022   0.004   0.017   0.023   0.011   0.000   0.000   0.000 873861700
18.46   6.81   41.900
18.46   1.00    0.083    0.002
18.46   1.00    0.084   41.201
18.46   1.00    0.082    0.121   0.084   0.120
18.46   1.00    0.082    0.118   0.084   0.116

18.47   0.00    0.120    0.116   0.043   0.022   0.004   0.017   0.023   0.011   0.000   0.000   0.000 874335100
18.47   6.81   41.896
18.47   1.00    0.083    0.002
18.47   1.00    0.084   41.195
18.47   1.00    0.082    0.121   0.084   0.120
18.47   1.00    0.082    0.118   0.084   0.116

18.48   0.00    0.120    0.116   0.043   0.022   0.004   0.017   0.023   0.011   0.000   0.000   0.000 874808400
18.48   6.80   41.892
18.48   1.00    0.083    0.002
18.48   1.00    0.084   41.190
18.48   1.00    0.082    0.121   0.084   0.120
18.48   1.00    0.082    0.118   0.084   0.116

18.49   0.00    0.120    0.116   0.043   0.022   0.004   0.017   0.023   0.011   0.000   0.000   0.000 875281900
18.49   6.80   41.888
18.49   1.00    0.083    0.002
18.49   1.00    0.084   41.184
18.49   1.00    0.082    0.121   0.084   0.120
18.49   1.00    0.082    0.118   0.084   0.116

18.50   0.00    0.120    0.116   0.043   0.022   0.004   0.017   0.023   0.011   0.000   0.000   0.000 875755300
18.50   6.80   41.884
18.50   1.00    0.083    0.002
18.50   1.00    0.084   41.178
18.50   1.00    0.082    0.121   0.084   0.120
18.50   1.00    0.082    0.118   0.084   0.116

18.51   0.00    0.120    0.116   0.043   0.022   0.004   0.017   0.023   0.011   0.000   0.000   0.000 876228700
18.51   6.80   41.880
18.51   1.00    0.083    0.002
18.51   1.00    0.084   41.172
18.51   1.00    0.082    0.121   0.084   0.120
18.51   1.00    0.082    0.118   0.084   0.116

18.52   0.00    0.120    0.116   0.043   0.022   0.004   0.017   0.023   0.011   0.000   0.000   0.000 876702000
18.52   6.80   41.876
18.52   1.00    0.083    0.002
18.52   1.00    0.084   41.166
18.52   1.00    0.082    0.121   0.084   0.120
18.52   1.00    0.082    0.118   0.084   0.116

18.53   0.00    0.120    0.116   0.043   0.022   0.004   0.017   0.023   0.011   0.000   0.000   0.000 877175400
18.53   6.80   41.872
18.53   1.00    0.082    0.002
18.53   1.00    0.084   41.161
18.53   1.00    0.082    0.121   0.084   0.120
18.53   1.00    0.082    0.118   0.084   0.116

18.54   0.00    0.120    0.116   0.043   0.022   0.004   0.017   0.023   0.011   0.000   0.000   0.000 877648800
18.54   6.79   41.868
18.54   1.00    0.082    0.002
18.54   1.00    0.084   41.155
18.54   1.00    0.082    0.121   0.084   0.120
18.54   1.00    0.082    0.118   0.084   0.116

18.55   0.00    0.120    0.116   0.043   0.022   0.004   0.017   0.023   0.011   0.000   0.000   0.000 878122100
18.55   6.79   41.864
18.55   1.00    0.082    0.002
18.55   1.00    0.084   41.149
18.55   1.00    0.082    0.121   0.084   0.120
18.55   1.00    0.082    0.118   0.084   0.116

18.56   0.00    0.120    0.116   0.043   0.022   0.004   0.017   0.023   0.011   0.000   0.000   0.000 878595500
18.56   6.79   41.860
18.56   1.00    0.082    0.002
18.56   1.00    0.084   41.143
18.56   1.00    0.082    0.121   0.084   0.120
18.56   1.00    0.082    0.118   0.084   0.116

18.57   0.00    0.120    0.116   0.043   0.022   0.004   0.017   0.023   0.011   0.000   0.000   0.000 879068900
18.57   6.79   41.856
18.57   1.00    0.082    0.002
18.57   1.00    0.084   41.138
18.57   1.00    0.082    0.121   0.084   0.120
18.57   1.00    0.082    0.118   0.084   0.116

18.58   0.00    0.120    0.116   0.043   0.022   0.004   0.017   0.023   0.011   0.000   0.000   0.000 879542300
18.58   6.79   41.852
18.58   1.00    0.082    0.002
18.58   1.00    0.084   41.132
18.58   1.00    0.082    0.121   0.084   0.120
18.58   1.00    0.082    0.118   0.084   0.116

18.59   0.00    0.120    0.116   0.043   0.022   0.004   0.017   0.023   0.011   0.000   0.000   0.000 880015700
18.59   6.79   41.848
18.59   1.00    0.082    0.002
18.59   1.00    0.084   41.126
18.59   1.00    0.082    0.121   0.084   0.120
18.59   1.00    0.082    0.118   0.084   0.116

18.60   0.00    0.120    0.116   0.043   0.022   0.004   0.017   0.023   0.011   0.000   0.000   0.000 880489100
18.60   6.78   41.844
18.60   1.00    0.082    0.002
18.60   1.00    0.084   41.120
18.60   1.00    0.082    0.121   0.084   0.120
18.60   1.00    0.082    0.118   0.084   0.116

18.61   0.00    0.120    0.116   0.043   0.022   0.004   0.017   0.023   0.011   0.000   0.000   0.000 880962500
18.61   6.78   41.840
18.61   1.00    0.082    0.002
18.61   1.00    0.084   41.114
18.61   1.00    0.082    0.121   0.084   0.120
18.61   1.00    0.082    0.118   0.084   0.116

18.62   0.00    0.120    0.116   0.043   0.022   0.004   0.017   0.023   0.011   0.000   0.000   0.000 881435800
18.62   6.78   41.836
18.62   1.00    0.082    0.002
18.62   1.00    0.084   41.109
18.62   1.00    0.082    0.121   0.084   0.120
18.62   1.00    0.082    0.118   0.084   0.116

18.63   0.00    0.120    0.116   0.043   0.022   0.004   0.017   0.023   0.011   0.000   0.000   0.000 881909200
18.63   6.78   41.832
18.63   1.00    0.082    0.002
18.63   1.00    0.084   41.103
18.63   1.00    0.082    0.121   0.084   0.120
18.63   1.00    0.082    0.118   0.084   0.116

18.64   0.00    0.120    0.116   0.043   0.022   0.004   0.017   0.023   0.011   0.000   0.000   0.000 882382500
18.64   6.78   41.828
18.64   1.00    0.082    0.002
18.64   1.00    0.084   41.097
18.64   1.00    0.082    0.121   0.084   0.120
18.64   1.00    0.082    0.118   0.084   0.116

18.65   0.00    0.120    0.116   0.043   0.022   0.004   0.017   0.023   0.011   0.000   0.000   0.000 882855900
18.65   6.78   41.824
18.65   1.00    0.082    0.002
18.65   1.00    0.084   41.091
18.65   1.00    0.082    0.121   0.084   0.120
18.65   1.00    0.082    0.118   0.084   0.116

18.66   0.00    0.120    0.116   0.043   0.022   0.004   0.017   0.023   0.011   0.000   0.000   0.000 883329300
18.66   6.77   41.820
18.66   1.00    0.082    0.002
18.66   1.00    0.084   41.086
18.66   1.00    0.082    0.121   0.084   0.120
18.66   1.00    0.082    0.118   0.084   0.116

18.67   0.00    0.120    0.116   0.043   0.022   0.004   0.017   0.023   0.011   0.000   0.000   0.000 883802800
18.67   6.77   41.816
18.67   1.00    0.082    0.002
18.67   1.00    0.084   41.080
18.67   1.00    0.082    0.121   0.084   0.120
18.67   1.00    0.082    0.118   0.084   0.116

18.68   0.00    0.120    0.116   0.043   0.022   0.004   0.017   0.023   0.011   0.000   0.000   0.000 884276100
18.68   6.77   41.812
18.68   1.00    0.082    0.002
18.68   1.00    0.084   41.074
18.68   1.00    0.082    0.121   0.084   0.120
18.68   1.00    0.082    0.118   0.084   0.116

18.69   0.00    0.120    0.116   0.043   0.022   0.004   0.017   0.023   0.011   0.000   0.000   0.000 884749500
18.69   6.77   41.808
18.69   1.00    0.082    0.002
18.69   1.00    0.084   41.068
18.69   1.00    0.082    0.121   0.084   0.120
18.69   1.00    0.082    0.118   0.084   0.116

18.70   0.00    0.120    0.116   0.043   0.022   0.004   0.017   0.023   0.011   0.000   0.000   0.000 885222900
18.70   6.77   41.804
18.70   1.00    0.082    0.002
18.70   1.00    0.084   41.063
18.70   1.00    0.082    0.121   0.084   0.120
18.70   1.00    0.082    0.118   0.084   0.116

18.71   0.00    0.120    0.116   0.043   0.022   0.004   0.017   0.023   0.011   0.000   0.000   0.000 885696200
18.71   6.77   41.800
18.71   1.00    0.082    0.002
18.71   1.00    0.084   41.057
18.71   1.00    0.082    0.121   0.084   0.120
18.71   1.00    0.082    0.118   0.084   0.116

18.72   0.00    0.120    0.116   0.043   0.022   0.004   0.017   0.023   0.011   0.000   0.000   0.000 886169600
18.72   6.76   41.796
18.72   1.00    0.082    0.002
18.72   1.00    0.084   41.051
18.72   1.00    0.082    0.121   0.084   0.120
18.72   1.00    0.082    0.118   0.084   0.116

18.73   0.00    0.120    0.116   0.043   0.022   0.004   0.017   0.023   0.011   0.000   0.000   0.000 886643000
18.73   6.76   41.792
18.73   1.00    0.082    0.002
18.73   1.00    0.084   41.045
18.73   1.00    0.082    0.121   0.084   0.120
18.73   1.00    0.082    0.118   0.084   0.116

18.74   0.00    0.120    0.116   0.043   0.022   0.004   0.017   0.023   0.011   0.000   0.000   0.000 887116400
18.74   6.76   41.788
18.74   1.00    0.082    0.002
18.74   1.00    0.084   41.040
18.74   1.00    0.082    0.121   0.084   0.120
18.74   1.00    0.082    0.118   0.084   0.116

18.75   0.00    0.120    0.116   0.043   0.022   0.004   0.017   0.023   0.011   0.000   0.000   0.000 887589800
18.75   6.76   41.784
18.75   1.00    0.082    0.002
18.75   1.00    0.084   41.034
18.75   1.00    0.082    0.121   0.084   0.120
18.75   1.00    0.082    0.118   0.084   0.116

18.76   0.00    0.120    0.116   0.043   0.022   0.004   0.017   0.023   0.011   0.000   0.000   0.000 888063200
18.76   6.76   41.780
18.76   1.00    0.082    0.002
18.76   1.00    0.084   41.028
18.76   1.00    0.082    0.121   0.084   0.120
18.76   1.00    0.082    0.118   0.084   0.116

18.77   0.00    0.120    0.116   0.043   0.022   0.004   0.017   0.023   0.011   0.000   0.000   0.000 888536600
18.77   6.76   41.776
18.77   1.00    0.082    0.002
18.77   1.00    0.084   41.022
18.77   1.00    0.082    0.121   0.084   0.120
18.77   1.00    0.082    0.118   0.084   0.116

18.78   0.00    0.120    0.116   0.043   0.022   0.004   0.017   0.023   0.011   0.000   0.000   0.000 889010000
18.78   6.75   41.772
18.78   1.00    0.082    0.002
18.78   1.00    0.084   41.017
18.78   1.00    0.082    0.121   0.084   0.120
18.78   1.00    0.082    0.118   0.084   0.116

18.79   0.00    0.120    0.116   0.043   0.022   0.004   0.017   0.023   0.011   0.000   0.000   0.000 889483300
18.79   6.75   41.768
18.79   1.00    0.082    0.002
18.79   1.00    0.084   41.011
18.79   1.00    0.082    0.121   0.084   0.120
18.79   1.00    0.082    0.118   0.084   0.116

18.80   0.00    0.120    0.116   0.043   0.022   0.004   0.017   0.023   0.011   0.000   0.000   0.000 889956700
18.80   6.75   41.764
18.80   1.00    0.082    0.002
18.80   1.00    0.084   41.005
18.80   1.00    0.082    0.121   0.084   0.120
18.80   1.00    0.082    0.118   0.084   0.116

18.81   0.00    0.120    0.116   0.043   0.022   0.004   0.017   0.023   0.011   0.000   0.000   0.000 890430000
18.81   6.75   41.760
18.81   1.00    0.082    0.002
18.81   1.00    0.084   40.999
18.81   1.00    0.081    0.121   0.084   0.120
18.81   1.00    0.082    0.118   0.084   0.116

18.82   0.00    0.120    0.116   0.043   0.022   0.004   0.017   0.023   0.011   0.000   0.000   0.000 890903400
18.82   6.75   41.756
18.82   1.00    0.082    0.002
18.82   1.00    0.084   40.994
18.82   1.00    0.081    0.121   0.084   0.120
18.82   1.00    0.082    0.118   0.084   0.116

18.83   0.00    0.120    0.116   0.043   0.022   0.004   0.017   0.023   0.011   0.000   0.000   0.000 891376800
18.83   6.75   41.752
18.83   1.00    0.082    0.002
18.83   1.00    0.084   40.988
18.83   1.00    0.081    0.121   0.084   0.120
18.83   1.00    0.082    0.118   0.084   0.116

18.84   0.00    0.120    0.116   0.043   0.022   0.004   0.017   0.023   0.011   0.000   0.000   0.000 891850200
18.84   6.74   41.748
18.84   1.00    0.082    0.002
18.84   1.00    0.084   40.982
18.84   1.00    0.081    0.121   0.084   0.120
18.84   1.00    0.081    0.118   0.084   0.116

18.85   0.00    0.120    0.116   0.043   0.022   0.004   0.017   0.023   0.011   0.000   0.000   0.000 892323600
18.85   6.74   41.744
18.85   1.00    0.082    0.002
18.85   1.00    0.083   40.976
18.85   1.00    0.081    0.121   0.083   0.120
18.85   1.00    0.081    0.118   0.083   0.116

18.86   0.00    0.120    0.116   0.043   0.022   0.004   0.017   0.023   0.011   0.000   0.000   0.000 892797000
18.86   6.74   41.740
18.86   1.00    0.082    0.002
18.86   1.00    0.083   40.971
18.86   1.00    0.081    0.121   0.083   0.120
18.86   1.00    0.081    0.118   0.083   0.116

18.87   0.00    0.120    0.116   0.043   0.022   0.004   0.017   0.023   0.011   0.000   0.000   0.000 893270400
18.87   6.74   41.736
18.87   1.00    0.082    0.002
18.87   1.00    0.083   40.965
18.87   1.00    0.081    0.121   0.083   0.120
18.87   1.00    0.081    0.118   0.083   0.116

18.88   0.00    0.120    0.116   0.043   0.022   0.004   0.017   0.023   0.011   0.000   0.000   0.000 893743700
18.88   6.74   41.732
18.88   1.00    0.082    0.002
18.88   1.00    0.083   40.959
18.88   1.00    0.081    0.121   0.083   0.120
18.88   1.00    0.081    0.118   0.083   0.116

18.89   0.00    0.120    0.116   0.043   0.022   0.004   0.017   0.023   0.011   0.000   0.000   0.000 894217100
18.89   6.74   41.728
18.89   1.00    0.082    0.002
18.89   1.00    0.083   40.954
18.89   1.00    0.081    0.121   0.083   0.120
18.89   1.00    0.081    0.118   0.083   0.116

18.90   0.00    0.120    0.116   0.043   0.022   0.004   0.017   0.023   0.011   0.000   0.000   0.000 894690500
18.90   6.73   41.724
18.90   1.00    0.082    0.002
18.90   1.00    0.083   40.948
18.90   1.00    0.081    0.121   0.083   0.120
18.90   1.00    0.081    0.118   0.083   0.116

18.91   0.00    0.120    0.116   0.043   0.022   0.004   0.017   0.023   0.011   0.000   0.000   0.000 895163900
18.91   6.73   41.721
18.91   1.00    0.082    0.002
18.91   1.00    0.083   40.942
18.91   1.00    0.081    0.121   0.083   0.120
18.91   1.00    0.081    0.118   0.083   0.116

18.92   0.00    0.120    0.116   0.043   0.022   0.004   0.017   0.023   0.011   0.000   0.000   0.000 895637200
18.92   6.73   41.717
18.92   1.00    0.082    0.002
18.92   1.00    0.083   40.936
18.92   1.00    0.081    0.121   0.083   0.120
18.92   1.00    0.081    0.118   0.083   0.116

18.93   0.00    0.120    0.116   0.043   0.022   0.004   0.017   0.023   0.011   0.000   0.000   0.000 896110700
18.93   6.73   41.713
18.93   1.00    0.081    0.002
18.93   1.00    0.083   40.931
18.93   1.00    0.081    0.121   0.083   0.120
18.93   1.00    0.081    0.118   0.083   0.116

18.94   0.00    0.120    0.116   0.043   0.022   0.004   0.017   0.023   0.011   0.000   0.000   0.000 896584100
18.94   6.73   41.709
18.94   1.00    0.081    0.002
18.94   1.00    0.083   40.925
18.94   1.00    0.081    0.121   0.083   0.120
18.94   1.00    0.081    0.118   0.083   0.116

18.95   0.00    0.120    0.116   0.043   0.022   0.004   0.017   0.023   0.011   0.000   0.000   0.000 897057500
18.95   6.73   41.705
18.95   1.00    0.081    0.002
18.95   1.00    0.083   40.919
18.95   1.00    0.081    0.121   0.083   0.120
18.95   1.00    0.081    0.118   0.083   0.116

18.96   0.00    0.120    0.116   0.043   0.022   0.004   0.017   0.023   0.011   0.000   0.000   0.000 897530800
18.96   6.72   41.701
18.96   1.00    0.081    0.002
18.96   1.00    0.083   40.914
18.96   1.00    0.081    0.121   0.083   0.120
18.96   1.00    0.081    0.118   0.083   0.116

18.97   0.00    0.120    0.116   0.043   0.022   0.004   0.017   0.023   0.011   0.000   0.000   0.000 898004200
18.97   6.72   41.697
18.97   1.00    0.081    0.002
18.97   1.00    0.083   40.908
18.97   1.00    0.081    0.121   0.083   0.120
18.97   1.00    0.081    0.118   0.083   0.116

18.98   0.00    0.119    0.116   0.043   0.022   0.004   0.017   0.023   0.011   0.000   0.000   0.000 898477500
18.98   6.72   41.693
18.98   1.00    0.081    0.002
18.98   1.00    0.083   40.902
18.98   1.00    0.081    0.121   0.083   0.120
18.98   1.00    0.081    0.118   0.083   0.116

18.99   0.00    0.119    0.116   0.043   0.022   0.004   0.017   0.023   0.011   0.000   0.000   0.000 898950900
18.99   6.72   41.689
18.99   1.00    0.081    0.002
18.99   1.00    0.083   40.897
18.99   1.00    0.081    0.121   0.083   0.120
18.99   1.00    0.081    0.118   0.083   0.116

19.00   0.00    0.119    0.116   0.043   0.022   0.004   0.017   0.023   0.011   0.000   0.000   0.000 899424300
19.00   6.72   41.685
19.00   1.00    0.081    0.002
19.00   1.00    0.083   40.891
19.00   1.00    0.081    0.121   0.083   0.120
19.00   1.00    0.081    0.118   0.083   0.116

19.01   0.00    0.119    0.116   0.043   0.022   0.004   0.017   0.023   0.011   0.000   0.000   0.000 899897700
19.01   6.72   41.681
19.01   1.00    0.081    0.002
19.01   1.00    0.083   40.885
19.01   1.00    0.081    0.121   0.083   0.120
19.01   1.00    0.081    0.118   0.083   0.116

19.02   0.00    0.119    0.116   0.043   0.022   0.004   0.017   0.023   0.011   0.000   0.000   0.000 900371100
19.02   6.71   41.677
19.02   1.00    0.081    0.002
19.02   1.00    0.083   40.880
19.02   1.00    0.081    0.121   0.083   0.120
19.02   1.00    0.081    0.118   0.083   0.116

19.03   0.00    0.119    0.116   0.043   0.022   0.004   0.017   0.023   0.011   0.000   0.000   0.000 900844500
19.03   6.71   41.673
19.03   1.00    0.081    0.002
19.03   1.00    0.083   40.874
19.03   1.00    0.081    0.121   0.083   0.120
19.03   1.00    0.081    0.118   0.083   0.116

19.04   0.00    0.119    0.116   0.043   0.022   0.004   0.017   0.023   0.011   0.000   0.000   0.000 901317900
19.04   6.71   41.669
19.04   1.00    0.081    0.002
19.04   1.00    0.083   40.868
19.04   1.00    0.081    0.121   0.083   0.120
19.04   1.00    0.081    0.118   0.083   0.116

19.05   0.00    0.119    0.116   0.043   0.022   0.004   0.017   0.023   0.011   0.000   0.000   0.000 901791200
19.05   6.71   41.665
19.05   1.00    0.081    0.002
19.05   1.00    0.083   40.863
19.05   1.00    0.081    0.121   0.083   0.120
19.05   1.00    0.081    0.118   0.083   0.116

19.06   0.00    0.119    0.116   0.043   0.022   0.004   0.017   0.023   0.011   0.000   0.000   0.000 902264600
19.06   6.71   41.661
19.06   1.00    0.081    0.002
19.06   1.00    0.083   40.857
19.06   1.00    0.081    0.121   0.083   0.119
19.06   1.00    0.081    0.118   0.083   0.116

19.07   0.00    0.119    0.116   0.043   0.022   0.004   0.017   0.023   0.011   0.000   0.000   0.000 902738000
19.07   6.71   41.658
19.07   1.00    0.081    0.002
19.07   1.00    0.083   40.851
19.07   1.00    0.081    0.121   0.083   0.119
19.07   1.00    0.081    0.118   0.083   0.116

19.08   0.00    0.119    0.116   0.043   0.022   0.004   0.017   0.023   0.011   0.000   0.000   0.000 903211300
19.08   6.70   41.654
19.08   1.00    0.081    0.002
19.08   1.00    0.083   40.845
19.08   1.00    0.081    0.121   0.083   0.119
19.08   1.00    0.081    0.118   0.083   0.116

19.09   0.00    0.119    0.116   0.043   0.022   0.004   0.017   0.023   0.011   0.000   0.000   0.000 903684700
19.09   6.70   41.650
19.09   1.00    0.081    0.002
19.09   1.00    0.083   40.840
19.09   1.00    0.081    0.121   0.083   0.119
19.09   1.00    0.081    0.118   0.083   0.116

19.10   0.00    0.119    0.116   0.043   0.022   0.004   0.017   0.023   0.011   0.000   0.000   0.000 904158100
19.10   6.70   41.646
19.10   1.00    0.081    0.002
19.10   1.00    0.083   40.834
19.10   1.00    0.081    0.121   0.083   0.119
19.10   1.00    0.081    0.118   0.083   0.116

19.11   0.00    0.119    0.116   0.043   0.022   0.004   0.017   0.023   0.011   0.000   0.000   0.000 904631600
19.11   6.70   41.642
19.11   1.00    0.081    0.002
19.11   1.00    0.083   40.829
19.11   1.00    0.081    0.121   0.083   0.119
19.11   1.00    0.081    0.118   0.083   0.116

19.12   0.00    0.119    0.116   0.043   0.022   0.004   0.017   0.023   0.011   0.000   0.000   0.000 905104900
19.12   6.70   41.638
19.12   1.00    0.081    0.002
19.12   1.00    0.083   40.823
19.12   1.00    0.081    0.121   0.083   0.119
19.12   1.00    0.081    0.118   0.083   0.116

19.13   0.00    0.119    0.116   0.043   0.022   0.004   0.017   0.023   0.011   0.000   0.000   0.000 905578200
19.13   6.70   41.634
19.13   1.00    0.081    0.002
19.13   1.00    0.083   40.817
19.13   1.00    0.081    0.121   0.083   0.119
19.13   1.00    0.081    0.118   0.083   0.116

19.14   0.00    0.119    0.116   0.043   0.022   0.004   0.017   0.023   0.011   0.000   0.000   0.000 906051600
19.14   6.69   41.630
19.14   1.00    0.081    0.002
19.14   1.00    0.083   40.812
19.14   1.00    0.081    0.121   0.083   0.119
19.14   1.00    0.081    0.118   0.083   0.116

19.15   0.00    0.119    0.116   0.043   0.022   0.004   0.017   0.023   0.011   0.000   0.000   0.000 906525000
19.15   6.69   41.626
19.15   1.00    0.081    0.002
19.15   1.00    0.083   40.806
19.15   1.00    0.081    0.121   0.083   0.119
19.15   1.00    0.081    0.118   0.083   0.116

19.16   0.00    0.119    0.116   0.043   0.022   0.004   0.017   0.023   0.011   0.000   0.000   0.000 906998400
19.16   6.69   41.622
19.16   1.00    0.081    0.002
19.16   1.00    0.083   40.800
19.16   1.00    0.081    0.121   0.083   0.119
19.16   1.00    0.081    0.118   0.083   0.116

19.17   0.00    0.119    0.116   0.043   0.022   0.004   0.017   0.023   0.011   0.000   0.000   0.000 907471800
19.17   6.69   41.618
19.17   1.00    0.081    0.002
19.17   1.00    0.083   40.795
19.17   1.00    0.081    0.121   0.083   0.119
19.17   1.00    0.081    0.118   0.083   0.116

19.18   0.00    0.119    0.116   0.043   0.022   0.004   0.017   0.023   0.011   0.000   0.000   0.000 907945200
19.18   6.69   41.614
19.18   1.00    0.081    0.002
19.18   1.00    0.083   40.789
19.18   1.00    0.081    0.121   0.083   0.119
19.18   1.00    0.081    0.118   0.083   0.116

19.19   0.00    0.119    0.116   0.043   0.022   0.004   0.017   0.023   0.011   0.000   0.000   0.000 908418600
19.19   6.69   41.611
19.19   1.00    0.081    0.002
19.19   1.00    0.083   40.783
19.19   1.00    0.081    0.121   0.083   0.119
19.19   1.00    0.081    0.118   0.083   0.116

19.20   0.00    0.119    0.116   0.043   0.022   0.004   0.017   0.023   0.011   0.000   0.000   0.000 908892000
19.20   6.68   41.607
19.20   1.00    0.081    0.002
19.20   1.00    0.083   40.778
19.20   1.00    0.081    0.121   0.083   0.119
19.20   1.00    0.081    0.118   0.083   0.116

19.21   0.00    0.119    0.116   0.043   0.022   0.004   0.017   0.023   0.011   0.000   0.000   0.000 909365200
19.21   6.68   41.603
19.21   1.00    0.081    0.002
19.21   1.00    0.083   40.772
19.21   1.00    0.081    0.121   0.083   0.119
19.21   1.00    0.081    0.118   0.083   0.116

19.22   0.00    0.119    0.116   0.043   0.022   0.004   0.017   0.023   0.011   0.000   0.000   0.000 909838700
19.22   6.68   41.599
19.22   1.00    0.081    0.002
19.22   1.00    0.083   40.766
19.22   1.00    0.081    0.121   0.083   0.119
19.22   1.00    0.081    0.118   0.083   0.116

19.23   0.00    0.119    0.116   0.043   0.022   0.004   0.017   0.023   0.011   0.000   0.000   0.000 910312100
19.23   6.68   41.595
19.23   1.00    0.081    0.002
19.23   1.00    0.083   40.761
19.23   1.00    0.080    0.121   0.083   0.119
19.23   1.00    0.081    0.118   0.083   0.116

19.24   0.00    0.119    0.116   0.043   0.022   0.004   0.017   0.023   0.011   0.000   0.000   0.000 910785500
19.24   6.68   41.591
19.24   1.00    0.081    0.002
19.24   1.00    0.083   40.755
19.24   1.00    0.080    0.121   0.083   0.119
19.24   1.00    0.081    0.118   0.083   0.116

19.25   0.00    0.119    0.116   0.043   0.022   0.004   0.017   0.023   0.011   0.000   0.000   0.000 911258800
19.25   6.68   41.587
19.25   1.00    0.081    0.002
19.25   1.00    0.083   40.749
19.25   1.00    0.080    0.121   0.083   0.119
19.25   1.00    0.080    0.118   0.083   0.116

19.26   0.00    0.119    0.116   0.043   0.022   0.004   0.017   0.023   0.011   0.000   0.000   0.000 911732200
19.26   6.68   41.583
19.26   1.00    0.081    0.002
19.26   1.00    0.083   40.744
19.26   1.00    0.080    0.121   0.083   0.119
19.26   1.00    0.080    0.118   0.083   0.116

19.27   0.00    0.119    0.116   0.043   0.022   0.004   0.017   0.023   0.011   0.000   0.000   0.000 912205600
19.27   6.67   41.579
19.27   1.00    0.081    0.002
19.27   1.00    0.082   40.738
19.27   1.00    0.080    0.121   0.082   0.119
19.27   1.00    0.080    0.118   0.082   0.116

19.28   0.00    0.119    0.116   0.043   0.022   0.004   0.017   0.023   0.011   0.000   0.000   0.000 912679000
19.28   6.67   41.576
19.28   1.00    0.081    0.002
19.28   1.00    0.082   40.733
19.28   1.00    0.080    0.121   0.082   0.119
19.28   1.00    0.080    0.118   0.082   0.116

19.29   0.00    0.119    0.116   0.043   0.022   0.004   0.017   0.023   0.011   0.000   0.000   0.000 913152400
19.29   6.67   41.572
19.29   1.00    0.081    0.002
19.29   1.00    0.082   40.727
19.29   1.00    0.080    0.121   0.082   0.119
19.29   1.00    0.080    0.118   0.082   0.116

19.30   0.00    0.119    0.116   0.043   0.022   0.004   0.017   0.023   0.011   0.000   0.000   0.000 913625700
19.30   6.67   41.568
19.30   1.00    0.081    0.002
19.30   1.00    0.082   40.721
19.30   1.00    0.080    0.121   0.082   0.119
19.30   1.00    0.080    0.118   0.082   0.116

19.31   0.00    0.119    0.116   0.043   0.022   0.004   0.017   0.023   0.011   0.000   0.000   0.000 914099100
19.31   6.67   41.564
19.31   1.00    0.081    0.002
19.31   1.00    0.082   40.716
19.31   1.00    0.080    0.121   0.082   0.119
19.31   1.00    0.080    0.118   0.082   0.116

19.32   0.00    0.119    0.116   0.043   0.022   0.004   0.017   0.023   0.011   0.000   0.000   0.000 914572500
19.32   6.67   41.560
19.32   1.00    0.081    0.002
19.32   1.00    0.082   40.710
19.32   1.00    0.080    0.121   0.082   0.119
19.32   1.00    0.080    0.118   0.082   0.116

19.33   0.00    0.119    0.116   0.043   0.022   0.004   0.017   0.023   0.011   0.000   0.000   0.000 915045900
19.33   6.66   41.556
19.33   1.00    0.081    0.002
19.33   1.00    0.082   40.705
19.33   1.00    0.080    0.121   0.082   0.119
19.33   1.00    0.080    0.118   0.082   0.116

19.34   0.00    0.119    0.116   0.043   0.022   0.003   0.017   0.023   0.011   0.000   0.000   0.000 915519300
19.34   6.66   41.552
19.34   1.00    0.081    0.002
19.34   1.00    0.082   40.699
19.34   1.00    0.080    0.121   0.082   0.119
19.34   1.00    0.080    0.118   0.082   0.116

19.35   0.00    0.119    0.116   0.043   0.022   0.003   0.017   0.023   0.011   0.000   0.000   0.000 915992600
19.35   6.66   41.548
19.35   1.00    0.080    0.002
19.35   1.00    0.082   40.693
19.35   1.00    0.080    0.121   0.082   0.119
19.35   1.00    0.080    0.118   0.082   0.116

19.36   0.00    0.119    0.116   0.043   0.022   0.003   0.017   0.023   0.011   0.000   0.000   0.000 916466000
19.36   6.66   41.545
19.36   1.00    0.080    0.002
19.36   1.00    0.082   40.688
19.36   1.00    0.080    0.121   0.082   0.119
19.36   1.00    0.080    0.118   0.082   0.116

19.37   0.00    0.119    0.116   0.043   0.022   0.003   0.017   0.023   0.011   0.000   0.000   0.000 916939500
19.37   6.66   41.541
19.37   1.00    0.080    0.002
19.37   1.00    0.082   40.682
19.37   1.00    0.080    0.121   0.082   0.119
19.37   1.00    0.080    0.118   0.082   0.116

19.38   0.00    0.119    0.116   0.043   0.022   0.003   0.017   0.023   0.011   0.000   0.000   0.000 917412700
19.38   6.66   41.537
19.38   1.00    0.080    0.002
19.38   1.00    0.082   40.676
19.38   1.00    0.080    0.121   0.082   0.119
19.38   1.00    0.080    0.118   0.082   0.116

19.39   0.00    0.119    0.116   0.043   0.022   0.003   0.017   0.023   0.011   0.000   0.000   0.000 917886100
19.39   6.65   41.533
19.39   1.00    0.080    0.002
19.39   1.00    0.082   40.671
19.39   1.00    0.080    0.121   0.082   0.119
19.39   1.00    0.080    0.118   0.082   0.116

19.40   0.00    0.119    0.116   0.043   0.022   0.003   0.017   0.023   0.011   0.000   0.000   0.000 918359600
19.40   6.65   41.529
19.40   1.00    0.080    0.002
19.40   1.00    0.082   40.665
19.40   1.00    0.080    0.121   0.082   0.119
19.40   1.00    0.080    0.118   0.082   0.116

19.41   0.00    0.119    0.116   0.043   0.022   0.003   0.017   0.023   0.011   0.000   0.000   0.000 918833000
19.41   6.65   41.525
19.41   1.00    0.080    0.002
19.41   1.00    0.082   40.660
19.41   1.00    0.080    0.121   0.082   0.119
19.41   1.00    0.080    0.117   0.082   0.116

19.42   0.00    0.119    0.116   0.043   0.022   0.003   0.017   0.023   0.011   0.000   0.000   0.000 919306300
19.42   6.65   41.521
19.42   1.00    0.080    0.002
19.42   1.00    0.082   40.654
19.42   1.00    0.080    0.121   0.082   0.119
19.42   1.00    0.080    0.117   0.082   0.116

19.43   0.00    0.119    0.116   0.043   0.022   0.003   0.017   0.023   0.011   0.000   0.000   0.000 919779700
19.43   6.65   41.518
19.43   1.00    0.080    0.002
19.43   1.00    0.082   40.649
19.43   1.00    0.080    0.121   0.082   0.119
19.43   1.00    0.080    0.117   0.082   0.116

19.44   0.00    0.119    0.116   0.043   0.022   0.003   0.017   0.023   0.011   0.000   0.000   0.000 920253100
19.44   6.65   41.514
19.44   1.00    0.080    0.002
19.44   1.00    0.082   40.643
19.44   1.00    0.080    0.121   0.082   0.119
19.44   1.00    0.080    0.117   0.082   0.116

19.45   0.00    0.119    0.116   0.043   0.022   0.003   0.017   0.023   0.011   0.000   0.000   0.000 920726500
19.45   6.65   41.510
19.45   1.00    0.080    0.002
19.45   1.00    0.082   40.637
19.45   1.00    0.080    0.121   0.082   0.119
19.45   1.00    0.080    0.117   0.082   0.116

19.46   0.00    0.119    0.116   0.043   0.022   0.003   0.017   0.023   0.011   0.000   0.000   0.000 921199800
19.46   6.64   41.506
19.46   1.00    0.080    0.002
19.46   1.00    0.082   40.632
19.46   1.00    0.080    0.121   0.082   0.119
19.46   1.00    0.080    0.117   0.082   0.116

19.47   0.00    0.119    0.116   0.043   0.022   0.003   0.017   0.023   0.011   0.000   0.000   0.000 921673200
19.47   6.64   41.502
19.47   1.00    0.080    0.002
19.47   1.00    0.082   40.626
19.47   1.00    0.080    0.121   0.082   0.119
19.47   1.00    0.080    0.117   0.082   0.116

19.48   0.00    0.119    0.116   0.043   0.022   0.003   0.017   0.023   0.011   0.000   0.000   0.000 922146600
19.48   6.64   41.498
19.48   1.00    0.080    0.002
19.48   1.00    0.082   40.621
19.48   1.00    0.080    0.121   0.082   0.119
19.48   1.00    0.080    0.117   0.082   0.116

19.49   0.00    0.119    0.116   0.043   0.022   0.003   0.017   0.023   0.011   0.000   0.000   0.000 922620000
19.49   6.64   41.495
19.49   1.00    0.080    0.002
19.49   1.00    0.082   40.615
19.49   1.00    0.080    0.121   0.082   0.119
19.49   1.00    0.080    0.117   0.082   0.116

19.50   0.00    0.119    0.116   0.043   0.022   0.003   0.017   0.023   0.011   0.000   0.000   0.000 923093400
19.50   6.64   41.491
19.50   1.00    0.080    0.002
19.50   1.00    0.082   40.609
19.50   1.00    0.080    0.121   0.082   0.119
19.50   1.00    0.080    0.117   0.082   0.116

19.51   0.00    0.119    0.116   0.043   0.022   0.003   0.017   0.023   0.011   0.000   0.000   0.000 923566800
19.51   6.64   41.487
19.51   1.00    0.080    0.002
19.51   1.00    0.082   40.604
19.51   1.00    0.080    0.121   0.082   0.119
19.51   1.00    0.080    0.117   0.082   0.116

19.52   0.00    0.119    0.116   0.043   0.022   0.003   0.017   0.023   0.011   0.000   0.000   0.000 924040100
19.52   6.63   41.483
19.52   1.00    0.080    0.002
19.52   1.00    0.082   40.598
19.52   1.00    0.080    0.121   0.082   0.119
19.52   1.00    0.080    0.117   0.082   0.116

19.53   0.00    0.119    0.116   0.043   0.022   0.003   0.017   0.023   0.011   0.000   0.000   0.000 924513500
19.53   6.63   41.479
19.53   1.00    0.080    0.002
19.53   1.00    0.082   40.593
19.53   1.00    0.080    0.121   0.082   0.119
19.53   1.00    0.080    0.117   0.082   0.116

19.54   0.00    0.119    0.116   0.043   0.022   0.003   0.017   0.023   0.011   0.000   0.000   0.000 924986900
19.54   6.63   41.475
19.54   1.00    0.080    0.002
19.54   1.00    0.082   40.587
19.54   1.00    0.080    0.121   0.082   0.119
19.54   1.00    0.080    0.117   0.082   0.116

19.55   0.00    0.119    0.116   0.043   0.022   0.003   0.017   0.023   0.011   0.000   0.000   0.000 925460200
19.55   6.63   41.472
19.55   1.00    0.080    0.002
19.55   1.00    0.082   40.582
19.55   1.00    0.080    0.121   0.082   0.119
19.55   1.00    0.080    0.117   0.082   0.116

19.56   0.00    0.119    0.116   0.043   0.022   0.003   0.017   0.023   0.011   0.000   0.000   0.000 925933600
19.56   6.63   41.468
19.56   1.00    0.080    0.002
19.56   1.00    0.082   40.576
19.56   1.00    0.080    0.121   0.082   0.119
19.56   1.00    0.080    0.117   0.082   0.116

19.57   0.00    0.119    0.116   0.043   0.022   0.003   0.017   0.023   0.011   0.000   0.000   0.000 926407000
19.57   6.63   41.464
19.57   1.00    0.080    0.002
19.57   1.00    0.082   40.570
19.57   1.00    0.080    0.121   0.082   0.119
19.57   1.00    0.080    0.117   0.082   0.116

19.58   0.00    0.119    0.116   0.043   0.022   0.003   0.017   0.023   0.011   0.000   0.000   0.000 926880400
19.58   6.63   41.460
19.58   1.00    0.080    0.002
19.58   1.00    0.082   40.565
19.58   1.00    0.080    0.121   0.082   0.119
19.58   1.00    0.080    0.117   0.082   0.116

19.59   0.00    0.119    0.116   0.043   0.022   0.003   0.017   0.023   0.011   0.000   0.000   0.000 927353800
19.59   6.62   41.456
19.59   1.00    0.080    0.002
19.59   1.00    0.082   40.559
19.59   1.00    0.080    0.121   0.082   0.119
19.59   1.00    0.080    0.117   0.082   0.116

19.60   0.00    0.119    0.116   0.043   0.022   0.003   0.017   0.023   0.011   0.000   0.000   0.000 927827200
19.60   6.62   41.452
19.60   1.00    0.080    0.002
19.60   1.00    0.082   40.554
19.60   1.00    0.080    0.121   0.082   0.119
19.60   1.00    0.080    0.117   0.082   0.116

19.61   0.00    0.119    0.116   0.043   0.022   0.003   0.017   0.023   0.011   0.000   0.000   0.000 928300600
19.61   6.62   41.449
19.61   1.00    0.080    0.002
19.61   1.00    0.082   40.548
19.61   1.00    0.080    0.121   0.082   0.119
19.61   1.00    0.080    0.117   0.082   0.116

19.62   0.00    0.119    0.116   0.043   0.022   0.003   0.017   0.023   0.011   0.000   0.000   0.000 928774000
19.62   6.62   41.445
19.62   1.00    0.080    0.002
19.62   1.00    0.082   40.543
19.62   1.00    0.080    0.121   0.082   0.119
19.62   1.00    0.080    0.117   0.082   0.116

19.63   0.00    0.119    0.116   0.043   0.022   0.003   0.017   0.023   0.011   0.000   0.000   0.000 929247300
19.63   6.62   41.441
19.63   1.00    0.080    0.002
19.63   1.00    0.082   40.537
19.63   1.00    0.080    0.121   0.082   0.119
19.63   1.00    0.080    0.117   0.082   0.116

19.64   0.00    0.119    0.116   0.043   0.022   0.003   0.017   0.023   0.011   0.000   0.000   0.000 929720700
19.64   6.62   41.437
19.64   1.00    0.080    0.002
19.64   1.00    0.082   40.532
19.64   1.00    0.080    0.121   0.082   0.119
19.64   1.00    0.080    0.117   0.082   0.116

19.65   0.00    0.119    0.116   0.043   0.022   0.003   0.017   0.023   0.011   0.000   0.000   0.000 930194000
19.65   6.61   41.433
19.65   1.00    0.080    0.002
19.65   1.00    0.082   40.526
19.65   1.00    0.080    0.121   0.082   0.119
19.65   1.00    0.080    0.117   0.082   0.116

19.66   0.00    0.119    0.116   0.043   0.022   0.003   0.017   0.023   0.011   0.000   0.000   0.000 930667500
19.66   6.61   41.430
19.66   1.00    0.080    0.002
19.66   1.00    0.082   40.521
19.66   1.00    0.079    0.121   0.082   0.119
19.66   1.00    0.080    0.117   0.082   0.116

19.67   0.00    0.119    0.116   0.043   0.022   0.003   0.017   0.023   0.011   0.000   0.000   0.000 931140900
19.67   6.61   41.426
19.67   1.00    0.080    0.002
19.67   1.00    0.082   40.515
19.67   1.00    0.079    0.121   0.082   0.119
19.67   1.00    0.080    0.117   0.082   0.116

19.68   0.00    0.119    0.116   0.043   0.022   0.003   0.017   0.023   0.011   0.000   0.000   0.000 931614300
19.68   6.61   41.422
19.68   1.00    0.080    0.002
19.68   1.00    0.082   40.509
19.68   1.00    0.079    0.121   0.082   0.119
19.68   1.00    0.079    0.117   0.082   0.116

19.69   0.00    0.119    0.116   0.043   0.022   0.003   0.017   0.023   0.011   0.000   0.000   0.000 932087600
19.69   6.61   41.418
19.69   1.00    0.080    0.002
19.69   1.00    0.082   40.504
19.69   1.00    0.079    0.121   0.082   0.119
19.69   1.00    0.079    0.117   0.082   0.116

19.70   0.00    0.119    0.116   0.043   0.022   0.003   0.017   0.023   0.011   0.000   0.000   0.000 932561000
19.70   6.61   41.414
19.70   1.00    0.080    0.002
19.70   1.00    0.081   40.498
19.70   1.00    0.079    0.121   0.081   0.119
19.70   1.00    0.079    0.117   0.081   0.116

19.71   0.00    0.119    0.116   0.043   0.022   0.003   0.017   0.023   0.011   0.000   0.000   0.000 933034300
19.71   6.61   41.411
19.71   1.00    0.080    0.002
19.71   1.00    0.081   40.493
19.71   1.00    0.079    0.121   0.081   0.119
19.71   1.00    0.079    0.117   0.081   0.116

19.72   0.00    0.119    0.116   0.043   0.022   0.003   0.017   0.023   0.011   0.000   0.000   0.000 933507700
19.72   6.60   41.407
19.72   1.00    0.080    0.002
19.72   1.00    0.081   40.487
19.72   1.00    0.079    0.121   0.081   0.119
19.72   1.00    0.079    0.117   0.081   0.116

19.73   0.00    0.119    0.116   0.043   0.022   0.003   0.017   0.023   0.011   0.000   0.000   0.000 933981100
19.73   6.60   41.403
19.73   1.00    0.080    0.002
19.73   1.00    0.081   40.482
19.73   1.00    0.079    0.121   0.081   0.119
19.73   1.00    0.079    0.117   0.081   0.116

19.74   0.00    0.119    0.116   0.043   0.022   0.003   0.017   0.023   0.011   0.000   0.000   0.000 934454500
19.74   6.60   41.399
19.74   1.00    0.080    0.002
19.74   1.00    0.081   40.476
19.74   1.00    0.079    0.121   0.081   0.119
19.74   1.00    0.079    0.117   0.081   0.116

19.75   0.00    0.119    0.116   0.043   0.022   0.003   0.017   0.023   0.011   0.000   0.000   0.000 934927900
19.75   6.60   41.395
19.75   1.00    0.080    0.002
19.75   1.00    0.081   40.471
19.75   1.00    0.079    0.121   0.081   0.119
19.75   1.00    0.079    0.117   0.081   0.116

19.76   0.00    0.119    0.116   0.043   0.022   0.003   0.017   0.023   0.011   0.000   0.000   0.000 935401300
19.76   6.60   41.392
19.76   1.00    0.080    0.002
19.76   1.00    0.081   40.465
19.76   1.00    0.079    0.121   0.081   0.119
19.76   1.00    0.079    0.117   0.081   0.116

19.77   0.00    0.119    0.116   0.043   0.022   0.003   0.017   0.023   0.011   0.000   0.000   0.000 935874700
19.77   6.60   41.388
19.77   1.00    0.080    0.002
19.77   1.00    0.081   40.460
19.77   1.00    0.079    0.121   0.081   0.119
19.77   1.00    0.079    0.117   0.081   0.116

19.78   0.00    0.119    0.116   0.043   0.022   0.003   0.017   0.023   0.011   0.000   0.000   0.000 936348100
19.78   6.60   41.384
19.78   1.00    0.080    0.002
19.78   1.00    0.081   40.454
19.78   1.00    0.079    0.121   0.081   0.119
19.78   1.00    0.079    0.117   0.081   0.116

19.79   0.00    0.119    0.116   0.043   0.022   0.003   0.017   0.023   0.011   0.000   0.000   0.000 936821400
19.79   6.59   41.380
19.79   1.00    0.079    0.002
19.79   1.00    0.081   40.449
19.79   1.00    0.079    0.121   0.081   0.119
19.79   1.00    0.079    0.117   0.081   0.116

19.80   0.00    0.119    0.116   0.043   0.022   0.003   0.017   0.023   0.011   0.000   0.000   0.000 937294800
19.80   6.59   41.376
19.80   1.00    0.079    0.002
19.80   1.00    0.081   40.443
19.80   1.00    0.079    0.121   0.081   0.119
19.80   1.00    0.079    0.117   0.081   0.116

19.81   0.00    0.119    0.116   0.043   0.022   0.003   0.017   0.023   0.011   0.000   0.000   0.000 937768200
19.81   6.59   41.373
19.81   1.00    0.079    0.002
19.81   1.00    0.081   40.438
19.81   1.00    0.079    0.121   0.081   0.119
19.81   1.00    0.079    0.117   0.081   0.116

19.82   0.00    0.119    0.116   0.043   0.022   0.003   0.017   0.023   0.011   0.000   0.000   0.000 938241500
19.82   6.59   41.369
19.82   1.00    0.079    0.002
19.82   1.00    0.081   40.432
19.82   1.00    0.079    0.121   0.081   0.119
19.82   1.00    0.079    0.117   0.081   0.116

19.83   0.00    0.119    0.116   0.043   0.022   0.003   0.017   0.023   0.011   0.000   0.000   0.000 938714900
19.83   6.59   41.365
19.83   1.00    0.079    0.002
19.83   1.00    0.081   40.427
19.83   1.00    0.079    0.121   0.081   0.119
19.83   1.00    0.079    0.117   0.081   0.116

19.84   0.00    0.119    0.116   0.043   0.022   0.003   0.017   0.023   0.011   0.000   0.000   0.000 939188400
19.84   6.59   41.361
19.84   1.00    0.079    0.002
19.84   1.00    0.081   40.421
19.84   1.00    0.079    0.121   0.081   0.119
19.84   1.00    0.079    0.117   0.081   0.116

19.85   0.00    0.119    0.116   0.043   0.022   0.003   0.017   0.023   0.011   0.000   0.000   0.000 939661800
19.85   6.58   41.358
19.85   1.00    0.079    0.002
19.85   1.00    0.081   40.416
19.85   1.00    0.079    0.121   0.081   0.119
19.85   1.00    0.079    0.117   0.081   0.116

19.86   0.00    0.119    0.116   0.043   0.022   0.003   0.017   0.023   0.011   0.000   0.000   0.000 940135100
19.86   6.58   41.354
19.86   1.00    0.079    0.002
19.86   1.00    0.081   40.410
19.86   1.00    0.079    0.121   0.081   0.119
19.86   1.00    0.079    0.117   0.081   0.116

19.87   0.00    0.119    0.116   0.043   0.022   0.003   0.017   0.023   0.011   0.000   0.000   0.000 940608500
19.87   6.58   41.350
19.87   1.00    0.079    0.002
19.87   1.00    0.081   40.405
19.87   1.00    0.079    0.121   0.081   0.119
19.87   1.00    0.079    0.117   0.081   0.116

19.88   0.00    0.119    0.116   0.043   0.022   0.003   0.017   0.023   0.011   0.000   0.000   0.000 941081800
19.88   6.58   41.346
19.88   1.00    0.079    0.002
19.88   1.00    0.081   40.399
19.88   1.00    0.079    0.121   0.081   0.119
19.88   1.00    0.079    0.117   0.081   0.116

19.89   0.00    0.119    0.116   0.043   0.022   0.003   0.017   0.023   0.011   0.000   0.000   0.000 941555200
19.89   6.58   41.342
19.89   1.00    0.079    0.002
19.89   1.00    0.081   40.394
19.89   1.00    0.079    0.121   0.081   0.119
19.89   1.00    0.079    0.117   0.081   0.116

19.90   0.00    0.119    0.116   0.043   0.022   0.003   0.017   0.023   0.011   0.000   0.000   0.000 942028600
19.90   6.58   41.339
19.90   1.00    0.079    0.002
19.90   1.00    0.081   40.388
19.90   1.00    0.079    0.121   0.081   0.119
19.90   1.00    0.079    0.117   0.081   0.116

19.91   0.00    0.119    0.116   0.043   0.022   0.003   0.017   0.023   0.011   0.000   0.000   0.000 942502000
19.91   6.58   41.335
19.91   1.00    0.079    0.002
19.91   1.00    0.081   40.383
19.91   1.00    0.079    0.120   0.081   0.119
19.91   1.00    0.079    0.117   0.081   0.116

19.92   0.00    0.119    0.116   0.043   0.022   0.003   0.017   0.023   0.011   0.000   0.000   0.000 942975400
19.92   6.57   41.331
19.92   1.00    0.079    0.002
19.92   1.00    0.081   40.377
19.92   1.00    0.079    0.120   0.081   0.119
19.92   1.00    0.079    0.117   0.081   0.116

19.93   0.00    0.119    0.116   0.043   0.022   0.003   0.017   0.023   0.011   0.000   0.000   0.000 943448800
19.93   6.57   41.327
19.93   1.00    0.079    0.002
19.93   1.00    0.081   40.372
19.93   1.00    0.079    0.120   0.081   0.119
19.93   1.00    0.079    0.117   0.081   0.116

19.94   0.00    0.119    0.116   0.043   0.022   0.003   0.017   0.023   0.011   0.000   0.000   0.000 943922200
19.94   6.57   41.324
19.94   1.00    0.079    0.002
19.94   1.00    0.081   40.366
19.94   1.00    0.079    0.120   0.081   0.119
19.94   1.00    0.079    0.117   0.081   0.116

19.95   0.00    0.119    0.116   0.043   0.022   0.003   0.017   0.023   0.011   0.000   0.000   0.000 944395600
19.95   6.57   41.320
19.95   1.00    0.079    0.002
19.95   1.00    0.081   40.361
19.95   1.00    0.079    0.120   0.081   0.119
19.95   1.00    0.079    0.117   0.081   0.116

19.96   0.00    0.119    0.116   0.043   0.022   0.003   0.017   0.023   0.011   0.000   0.000   0.000 944868900
19.96   6.57   41.316
19.96   1.00    0.079    0.002
19.96   1.00    0.081   40.355
19.96   1.00    0.079    0.120   0.081   0.119
19.96   1.00    0.079    0.117   0.081   0.116

19.97   0.00    0.119    0.116   0.043   0.022   0.003   0.017   0.023   0.011   0.000   0.000   0.000 945342300
19.97   6.57   41.312
19.97   1.00    0.079    0.002
19.97   1.00    0.081   40.350
19.97   1.00    0.079    0.120   0.081   0.119
19.97   1.00    0.079    0.117   0.081   0.116

19.98   0.00    0.119    0.116   0.043   0.022   0.003   0.017   0.023   0.011   0.000   0.000   0.000 945815700
19.98   6.57   41.309
19.98   1.00    0.079    0.002
19.98   1.00    0.081   40.344
19.98   1.00    0.079    0.120   0.081   0.119
19.98   1.00    0.079    0.117   0.081   0.116

19.99   0.00    0.119    0.116   0.043   0.022   0.003   0.017   0.023   0.011   0.000   0.000   0.000 946289000
19.99   6.56   41.305
19.99   1.00    0.079    0.002
19.99   1.00    0.081   40.339
19.99   1.00    0.079    0.120   0.081   0.119
19.99   1.00    0.079    0.117   0.081   0.116

20.00   0.00    0.119    0.116   0.043   0.022   0.003   0.017   0.023   0.011   0.000   0.000   0.000 946762400
20.00   6.56   41.301
20.00   1.00    0.079    0.002
20.00   1.00    0.081   40.334
20.00   1.00    0.079    0.120   0.081   0.119
20.00   1.00    0.079    0.117   0.081   0.116

20.01   0.00    0.119    0.116   0.043   0.022   0.003   0.017   0.023   0.011   0.000   0.000   0.000 947235800
20.01   6.56   41.297
20.01   1.00    0.079    0.002
20.01   1.00    0.081   40.328
20.01   1.00    0.079    0.120   0.081   0.119
20.01   1.00    0.079    0.117   0.081   0.116

20.02   0.00    0.119    0.116   0.043   0.022   0.003   0.017   0.023   0.011   0.000   0.000   0.000 947709200
20.02   6.56   41.294
20.02   1.00    0.079    0.002
20.02   1.00    0.081   40.323
20.02   1.00    0.079    0.120   0.081   0.119
20.02   1.00    0.079    0.117   0.081   0.116

20.03   0.00    0.119    0.116   0.043   0.022   0.003   0.017   0.023   0.011   0.000   0.000   0.000 948182600
20.03   6.56   41.293
20.03   1.00    0.079    0.002
20.03   1.00    0.081   40.321
20.03   1.00    0.079    0.120   0.081   0.119
20.03   1.00    0.079    0.117   0.081   0.116

20.04   0.00    0.119    0.116   0.043   0.022   0.003   0.017   0.023   0.011   0.000   0.000   0.000 948656000
20.04   6.56   41.289
20.04   1.00    0.079    0.002
20.04   1.00    0.081   40.316
20.04   1.00    0.079    0.120   0.081   0.119
20.04   1.00    0.079    0.117   0.081   0.116

20.05   0.00    0.119    0.116   0.043   0.022   0.003   0.017   0.023   0.011   0.000   0.000   0.000 949129300
20.05   6.56   41.285
20.05   1.00    0.079    0.002
20.05   1.00    0.081   40.310
20.05   1.00    0.079    0.120   0.081   0.119
20.05   1.00    0.079    0.117   0.081   0.116

20.06   0.00    0.119    0.116   0.043   0.022   0.003   0.017   0.023   0.011   0.000   0.000   0.000 949602700
20.06   6.55   41.281
20.06   1.00    0.079    0.002
20.06   1.00    0.081   40.304
20.06   1.00    0.079    0.120   0.081   0.119
20.06   1.00    0.079    0.117   0.081   0.116

20.07   0.00    0.119    0.116   0.043   0.022   0.003   0.017   0.023   0.011   0.000   0.000   0.000 950076100
20.07   6.55   41.277
20.07   1.00    0.079    0.002
20.07   1.00    0.081   40.299
20.07   1.00    0.079    0.120   0.081   0.119
20.07   1.00    0.079    0.117   0.081   0.116

20.08   0.00    0.119    0.116   0.043   0.022   0.003   0.017   0.023   0.011   0.000   0.000   0.000 950549500
20.08   6.55   41.274
20.08   1.00    0.079    0.002
20.08   1.00    0.081   40.293
20.08   1.00    0.079    0.120   0.081   0.119
20.08   1.00    0.079    0.117   0.081   0.116

20.09   0.00    0.119    0.116   0.043   0.022   0.003   0.017   0.023   0.011   0.000   0.000   0.000 951022800
20.09   6.55   41.270
20.09   1.00    0.079    0.002
20.09   1.00    0.081   40.288
20.09   1.00    0.079    0.120   0.081   0.119
20.09   1.00    0.079    0.117   0.081   0.116

20.10   0.00    0.119    0.116   0.043   0.022   0.003   0.017   0.023   0.011   0.000   0.000   0.000 951496300
20.10   6.55   41.266
20.10   1.00    0.079    0.002
20.10   1.00    0.081   40.282
20.10   1.00    0.079    0.120   0.081   0.119
20.10   1.00    0.079    0.117   0.081   0.116

20.11   0.00    0.119    0.116   0.043   0.022   0.003   0.017   0.023   0.011   0.000   0.000   0.000 951969700
20.11   6.55   41.262
20.11   1.00    0.079    0.002
20.11   1.00    0.081   40.276
20.11   1.00    0.078    0.120   0.081   0.119
20.11   1.00    0.079    0.117   0.081   0.116

20.12   0.00    0.119    0.116   0.043   0.022   0.003   0.017   0.023   0.011   0.000   0.000   0.000 952443100
20.12   6.55   41.258
20.12   1.00    0.079    0.002
20.12   1.00    0.081   40.271
20.12   1.00    0.078    0.120   0.081   0.119
20.12   1.00    0.079    0.117   0.081   0.116

20.13   0.00    0.119    0.116   0.043   0.022   0.003   0.017   0.023   0.011   0.000   0.000   0.000 952916400
20.13   6.54   41.255
20.13   1.00    0.079    0.002
20.13   1.00    0.081   40.265
20.13   1.00    0.078    0.120   0.081   0.119
20.13   1.00    0.079    0.117   0.081   0.116

20.14   0.00    0.119    0.116   0.043   0.022   0.003   0.017   0.023   0.011   0.000   0.000   0.000 953389800
20.14   6.54   41.251
20.14   1.00    0.079    0.002
20.14   1.00    0.081   40.260
20.14   1.00    0.078    0.120   0.081   0.119
20.14   1.00    0.078    0.117   0.081   0.116

20.15   0.00    0.119    0.116   0.043   0.022   0.003   0.017   0.023   0.011   0.000   0.000   0.000 953863100
20.15   6.54   41.247
20.15   1.00    0.079    0.002
20.15   1.00    0.080   40.254
20.15   1.00    0.078    0.120   0.080   0.119
20.15   1.00    0.078    0.117   0.080   0.116

20.16   0.00    0.119    0.116   0.043   0.022   0.003   0.017   0.023   0.011   0.000   0.000   0.000 954336500
20.16   6.54   41.243
20.16   1.00    0.079    0.002
20.16   1.00    0.080   40.249
20.16   1.00    0.078    0.120   0.080   0.119
20.16   1.00    0.078    0.117   0.080   0.116

20.17   0.00    0.119    0.116   0.043   0.022   0.003   0.017   0.023   0.011   0.000   0.000   0.000 954809900
20.17   6.54   41.239
20.17   1.00    0.079    0.002
20.17   1.00    0.080   40.243
20.17   1.00    0.078    0.120   0.080   0.119
20.17   1.00    0.078    0.117   0.080   0.116

20.18   0.00    0.119    0.116   0.043   0.022   0.003   0.017   0.023   0.011   0.000   0.000   0.000 955283300
20.18   6.54   41.236
20.18   1.00    0.079    0.002
20.18   1.00    0.080   40.238
20.18   1.00    0.078    0.120   0.080   0.119
20.18   1.00    0.078    0.117   0.080   0.116

20.19   0.00    0.119    0.116   0.043   0.022   0.003   0.017   0.023   0.011   0.000   0.000   0.000 955756700
20.19   6.54   41.232
20.19   1.00    0.079    0.002
20.19   1.00    0.080   40.232
20.19   1.00    0.078    0.120   0.080   0.119
20.19   1.00    0.078    0.117   0.080   0.116

20.20   0.00    0.119    0.116   0.043   0.022   0.003   0.017   0.023   0.011   0.000   0.000   0.000 956230100
20.20   6.53   41.228
20.20   1.00    0.079    0.002
20.20   1.00    0.080   40.226
20.20   1.00    0.078    0.120   0.080   0.119
20.20   1.00    0.078    0.117   0.080   0.116

20.21   0.00    0.119    0.116   0.043   0.022   0.003   0.017   0.023   0.011   0.000   0.000   0.000 956703400
20.21   6.53   41.224
20.21   1.00    0.079    0.002
20.21   1.00    0.080   40.221
20.21   1.00    0.078    0.120   0.080   0.119
20.21   1.00    0.078    0.117   0.080   0.116

20.22   0.00    0.119    0.116   0.043   0.022   0.003   0.017   0.023   0.011   0.000   0.000   0.000 957176800
20.22   6.53   41.220
20.22   1.00    0.079    0.002
20.22   1.00    0.080   40.215
20.22   1.00    0.078    0.120   0.080   0.119
20.22   1.00    0.078    0.117   0.080   0.116

20.23   0.00    0.119    0.116   0.043   0.022   0.003   0.017   0.023   0.011   0.000   0.000   0.000 957650200
20.23   6.53   41.217
20.23   1.00    0.079    0.002
20.23   1.00    0.080   40.210
20.23   1.00    0.078    0.120   0.080   0.119
20.23   1.00    0.078    0.117   0.080   0.116

20.24   0.00    0.119    0.116   0.043   0.022   0.003   0.017   0.023   0.011   0.000   0.000   0.000 958123600
20.24   6.53   41.213
20.24   1.00    0.078    0.002
20.24   1.00    0.080   40.204
20.24   1.00    0.078    0.120   0.080   0.119
20.24   1.00    0.078    0.117   0.080   0.116

20.25   0.00    0.119    0.116   0.043   0.022   0.003   0.017   0.023   0.011   0.000   0.000   0.000 958597000
20.25   6.53   41.209
20.25   1.00    0.078    0.002
20.25   1.00    0.080   40.199
20.25   1.00    0.078    0.120   0.080   0.119
20.25   1.00    0.078    0.117   0.080   0.116

20.26   0.00    0.119    0.116   0.043   0.022   0.003   0.017   0.023   0.011   0.000   0.000   0.000 959070300
20.26   6.53   41.205
20.26   1.00    0.078    0.002
20.26   1.00    0.080   40.193
20.26   1.00    0.078    0.120   0.080   0.119
20.26   1.00    0.078    0.117   0.080   0.116

20.27   0.00    0.119    0.116   0.043   0.022   0.003   0.017   0.023   0.011   0.000   0.000   0.000 959543700
20.27   6.52   41.201
20.27   1.00    0.078    0.002
20.27   1.00    0.080   40.188
20.27   1.00    0.078    0.120   0.080   0.119
20.27   1.00    0.078    0.117   0.080   0.116

20.28   0.00    0.119    0.116   0.043   0.022   0.003   0.017   0.023   0.011   0.000   0.000   0.000 960017200
20.28   6.52   41.198
20.28   1.00    0.078    0.002
20.28   1.00    0.080   40.182
20.28   1.00    0.078    0.120   0.080   0.119
20.28   1.00    0.078    0.117   0.080   0.116

20.29   0.00    0.119    0.116   0.043   0.022   0.003   0.017   0.023   0.011   0.000   0.000   0.000 960490600
20.29   6.52   41.194
20.29   1.00    0.078    0.002
20.29   1.00    0.080   40.177
20.29   1.00    0.078    0.120   0.080   0.119
20.29   1.00    0.078    0.117   0.080   0.116

20.30   0.00    0.119    0.116   0.043   0.022   0.003   0.017   0.023   0.011   0.000   0.000   0.000 960963800
20.30   6.52   41.190
20.30   1.00    0.078    0.002
20.30   1.00    0.080   40.171
20.30   1.00    0.078    0.120   0.080   0.119
20.30   1.00    0.078    0.117   0.080   0.116

20.31   0.00    0.119    0.116   0.043   0.022   0.003   0.017   0.023   0.011   0.000   0.000   0.000 961437200
20.31   6.52   41.186
20.31   1.00    0.078    0.002
20.31   1.00    0.080   40.166
20.31   1.00    0.078    0.120   0.080   0.119
20.31   1.00    0.078    0.117   0.080   0.116

20.32   0.00    0.119    0.116   0.043   0.022   0.003   0.017   0.023   0.011   0.000   0.000   0.000 961910600
20.32   6.52   41.183
20.32   1.00    0.078    0.002
20.32   1.00    0.080   40.160
20.32   1.00    0.078    0.120   0.080   0.119
20.32   1.00    0.078    0.117   0.080   0.116

20.33   0.00    0.119    0.116   0.043   0.022   0.003   0.017   0.023   0.011   0.000   0.000   0.000 962384000
20.33   6.52   41.179
20.33   1.00    0.078    0.002
20.33   1.00    0.080   40.155
20.33   1.00    0.078    0.120   0.080   0.119
20.33   1.00    0.078    0.117   0.080   0.116

20.34   0.00    0.119    0.116   0.043   0.022   0.003   0.017   0.023   0.011   0.000   0.000   0.000 962857400
20.34   6.51   41.175
20.34   1.00    0.078    0.002
20.34   1.00    0.080   40.149
20.34   1.00    0.078    0.120   0.080   0.119
20.34   1.00    0.078    0.117   0.080   0.116

20.35   0.00    0.119    0.116   0.043   0.022   0.003   0.017   0.023   0.011   0.000   0.000   0.000 963330800
20.35   6.51   41.171
20.35   1.00    0.078    0.002
20.35   1.00    0.080   40.144
20.35   1.00    0.078    0.120   0.080   0.119
20.35   1.00    0.078    0.117   0.080   0.116

20.36   0.00    0.119    0.116   0.043   0.022   0.003   0.017   0.023   0.011   0.000   0.000   0.000 963804200
20.36   6.51   41.167
20.36   1.00    0.078    0.002
20.36   1.00    0.080   40.138
20.36   1.00    0.078    0.120   0.080   0.119
20.36   1.00    0.078    0.117   0.080   0.116

20.37   0.00    0.119    0.116   0.043   0.022   0.003   0.017   0.023   0.011   0.000   0.000   0.000 964277600
20.37   6.51   41.164
20.37   1.00    0.078    0.002
20.37   1.00    0.080   40.133
20.37   1.00    0.078    0.120   0.080   0.119
20.37   1.00    0.078    0.117   0.080   0.116

20.38   0.00    0.119    0.116   0.043   0.022   0.003   0.017   0.023   0.011   0.000   0.000   0.000 964750800
20.38   6.51   41.160
20.38   1.00    0.078    0.002
20.38   1.00    0.080   40.127
20.38   1.00    0.078    0.120   0.080   0.119
20.38   1.00    0.078    0.117   0.080   0.116

20.39   0.00    0.119    0.116   0.043   0.022   0.003   0.017   0.023   0.011   0.000   0.000   0.000 965224300
20.39   6.51   41.156
20.39   1.00    0.078    0.002
20.39   1.00    0.080   40.122
20.39   1.00    0.078    0.120   0.080   0.119
20.39   1.00    0.078    0.117   0.080   0.116

20.40   0.00    0.119    0.116   0.043   0.022   0.003   0.017   0.023   0.011   0.000   0.000   0.000 965697700
20.40   6.51   41.152
20.40   1.00    0.078    0.002
20.40   1.00    0.080   40.116
20.40   1.00    0.078    0.120   0.080   0.119
20.40   1.00    0.078    0.117   0.080   0.116

20.41   0.00    0.119    0.116   0.043   0.022   0.003   0.017   0.023   0.011   0.000   0.000   0.000 966171100
20.41   6.50   41.149
20.41   1.00    0.078    0.002
20.41   1.00    0.080   40.111
20.41   1.00    0.078    0.120   0.080   0.119
20.41   1.00    0.078    0.117   0.080   0.116

20.42   0.00    0.119    0.116   0.043   0.022   0.003   0.017   0.023   0.011   0.000   0.000   0.000 966644400
20.42   6.50   41.145
20.42   1.00    0.078    0.002
20.42   1.00    0.080   40.105
20.42   1.00    0.078    0.120   0.080   0.119
20.42   1.00    0.078    0.117   0.080   0.116

20.43   0.00    0.119    0.116   0.043   0.022   0.003   0.017   0.023   0.011   0.000   0.000   0.000 967117800
20.43   6.50   41.141
20.43   1.00    0.078    0.002
20.43   1.00    0.080   40.100
20.43   1.00    0.078    0.120   0.080   0.119
20.43   1.00    0.078    0.117   0.080   0.116

20.44   0.00    0.119    0.116   0.043   0.022   0.003   0.017   0.023   0.011   0.000   0.000   0.000 967591200
20.44   6.50   41.137
20.44   1.00    0.078    0.002
20.44   1.00    0.080   40.094
20.44   1.00    0.078    0.120   0.080   0.119
20.44   1.00    0.078    0.117   0.080   0.116

20.45   0.00    0.119    0.116   0.043   0.022   0.003   0.017   0.023   0.011   0.000   0.000   0.000 968064600
20.45   6.50   41.134
20.45   1.00    0.078    0.002
20.45   1.00    0.080   40.089
20.45   1.00    0.078    0.120   0.080   0.119
20.45   1.00    0.078    0.117   0.080   0.116

20.46   0.00    0.119    0.116   0.043   0.022   0.003   0.017   0.023   0.011   0.000   0.000   0.000 968537900
20.46   6.50   41.130
20.46   1.00    0.078    0.002
20.46   1.00    0.080   40.083
20.46   1.00    0.078    0.120   0.080   0.119
20.46   1.00    0.078    0.117   0.080   0.116

20.47   0.00    0.119    0.116   0.043   0.022   0.003   0.017   0.023   0.011   0.000   0.000   0.000 969011300
20.47   6.50   41.126
20.47   1.00    0.078    0.002
20.47   1.00    0.080   40.078
20.47   1.00    0.078    0.120   0.080   0.119
20.47   1.00    0.078    0.117   0.080   0.116

20.48   0.00    0.119    0.116   0.043   0.022   0.003   0.017   0.023   0.011   0.000   0.000   0.000 969484700
20.48   6.49   41.123
20.48   1.00    0.078    0.002
20.48   1.00    0.080   40.072
20.48   1.00    0.078    0.120   0.080   0.119
20.48   1.00    0.078    0.117   0.080   0.116

20.49   0.00    0.119    0.116   0.043   0.022   0.003   0.017   0.023   0.011   0.000   0.000   0.000 969958100
20.49   6.49   41.119
20.49   1.00    0.078    0.002
20.49   1.00    0.080   40.067
20.49   1.00    0.078    0.120   0.080   0.119
20.49   1.00    0.078    0.117   0.080   0.116

20.50   0.00    0.119    0.116   0.043   0.022   0.003   0.017   0.023   0.011   0.000   0.000   0.000 970431500
20.50   6.49   41.115
20.50   1.00    0.078    0.002
20.50   1.00    0.080   40.061
20.50   1.00    0.078    0.120   0.080   0.119
20.50   1.00    0.078    0.117   0.080   0.116

20.51   0.00    0.119    0.116   0.043   0.022   0.003   0.017   0.023   0.011   0.000   0.000   0.000 970904900
20.51   6.49   41.111
20.51   1.00    0.078    0.002
20.51   1.00    0.080   40.056
20.51   1.00    0.078    0.120   0.080   0.119
20.51   1.00    0.078    0.117   0.080   0.116

20.52   0.00    0.119    0.116   0.043   0.022   0.003   0.017   0.023   0.011   0.000   0.000   0.000 971378300
20.52   6.49   41.108
20.52   1.00    0.078    0.002
20.52   1.00    0.080   40.050
20.52   1.00    0.078    0.120   0.080   0.119
20.52   1.00    0.078    0.117   0.080   0.116

20.53   0.00    0.119    0.116   0.043   0.022   0.003   0.017   0.023   0.011   0.000   0.000   0.000 971851600
20.53   6.49   41.104
20.53   1.00    0.078    0.002
20.53   1.00    0.080   40.045
20.53   1.00    0.078    0.120   0.080   0.119
20.53   1.00    0.078    0.117   0.080   0.116

20.54   0.00    0.119    0.116   0.043   0.022   0.003   0.017   0.023   0.011   0.000   0.000   0.000 972325100
20.54   6.49   41.100
20.54   1.00    0.078    0.002
20.54   1.00    0.080   40.039
20.54   1.00    0.078    0.120   0.080   0.119
20.54   1.00    0.078    0.117   0.080   0.116

20.55   0.00    0.119    0.116   0.043   0.022   0.003   0.017   0.023   0.011   0.000   0.000   0.000 972798300
20.55   6.48   41.096
20.55   1.00    0.078    0.002
20.55   1.00    0.080   40.034
20.55   1.00    0.078    0.120   0.080   0.119
20.55   1.00    0.078    0.117   0.080   0.116

20.56   0.00    0.119    0.116   0.043   0.022   0.003   0.017   0.023   0.011   0.000   0.000   0.000 973271700
20.56   6.48   41.093
20.56   1.00    0.078    0.002
20.56   1.00    0.080   40.029
20.56   1.00    0.078    0.120   0.080   0.119
20.56   1.00    0.078    0.117   0.080   0.116

20.57   0.00    0.119    0.116   0.043   0.022   0.003   0.017   0.023   0.011   0.000   0.000   0.000 973745200
20.57   6.48   41.089
20.57   1.00    0.078    0.002
20.57   1.00    0.080   40.023
20.57   1.00    0.078    0.120   0.080   0.119
20.57   1.00    0.078    0.117   0.080   0.116

20.58   0.00    0.119    0.116   0.043   0.022   0.003   0.017   0.023   0.011   0.000   0.000   0.000 974218600
20.58   6.48   41.085
20.58   1.00    0.078    0.002
20.58   1.00    0.080   40.018
20.58   1.00    0.078    0.120   0.080   0.119
20.58   1.00    0.078    0.117   0.080   0.116

20.59   0.00    0.119    0.116   0.043   0.022   0.003   0.017   0.023   0.011   0.000   0.000   0.000 974691900
20.59   6.48   41.082
20.59   1.00    0.078    0.002
20.59   1.00    0.080   40.012
20.59   1.00    0.077    0.120   0.080   0.119
20.59   1.00    0.078    0.117   0.080   0.116

20.60   0.00    0.119    0.116   0.043   0.022   0.003   0.017   0.023   0.011   0.000   0.000   0.000 975165300
20.60   6.48   41.078
20.60   1.00    0.078    0.002
20.60   1.00    0.080   40.007
20.60   1.00    0.077    0.120   0.080   0.119
20.60   1.00    0.078    0.117   0.080   0.116

20.61   0.00    0.119    0.116   0.043   0.022   0.003   0.017   0.023   0.011   0.000   0.000   0.000 975638700
20.61   6.48   41.074
20.61   1.00    0.078    0.002
20.61   1.00    0.080   40.001
20.61   1.00    0.077    0.120   0.080   0.119
20.61   1.00    0.077    0.117   0.080   0.116

20.62   0.00    0.119    0.116   0.043   0.022   0.003   0.017   0.023   0.011   0.000   0.000   0.000 976112100
20.62   6.47   41.070
20.62   1.00    0.078    0.002
20.62   1.00    0.080   39.996
20.62   1.00    0.077    0.120   0.080   0.119
20.62   1.00    0.077    0.117   0.080   0.116

20.63   0.00    0.119    0.116   0.043   0.022   0.003   0.017   0.023   0.011   0.000   0.000   0.000 976585400
20.63   6.47   41.067
20.63   1.00    0.078    0.002
20.63   1.00    0.079   39.990
20.63   1.00    0.077    0.120   0.079   0.119
20.63   1.00    0.077    0.117   0.079   0.116

20.64   0.00    0.119    0.116   0.043   0.022   0.003   0.017   0.023   0.011   0.000   0.000   0.000 977058800
20.64   6.47   41.063
20.64   1.00    0.078    0.002
20.64   1.00    0.079   39.985
20.64   1.00    0.077    0.120   0.079   0.119
20.64   1.00    0.077    0.117   0.079   0.116

20.65   0.00    0.119    0.116   0.043   0.022   0.003   0.017   0.023   0.011   0.000   0.000   0.000 977532200
20.65   6.47   41.059
20.65   1.00    0.078    0.002
20.65   1.00    0.079   39.980
20.65   1.00    0.077    0.120   0.079   0.119
20.65   1.00    0.077    0.117   0.079   0.116

20.66   0.00    0.119    0.116   0.043   0.022   0.003   0.017   0.023   0.011   0.000   0.000   0.000 978005600
20.66   6.47   41.056
20.66   1.00    0.078    0.002
20.66   1.00    0.079   39.974
20.66   1.00    0.077    0.120   0.079   0.119
20.66   1.00    0.077    0.117   0.079   0.116

20.67   0.00    0.119    0.116   0.043   0.022   0.003   0.017   0.023   0.011   0.000   0.000   0.000 978479000
20.67   6.47   41.052
20.67   1.00    0.078    0.002
20.67   1.00    0.079   39.969
20.67   1.00    0.077    0.120   0.079   0.119
20.67   1.00    0.077    0.117   0.079   0.116

20.68   0.00    0.119    0.116   0.043   0.022   0.003   0.017   0.023   0.011   0.000   0.000   0.000 978952400
20.68   6.47   41.048
20.68   1.00    0.078    0.002
20.68   1.00    0.079   39.963
20.68   1.00    0.077    0.120   0.079   0.119
20.68   1.00    0.077    0.117   0.079   0.116

20.69   0.00    0.119    0.116   0.043   0.022   0.003   0.017   0.023   0.011   0.000   0.000   0.000 979425800
20.69   6.46   41.045
20.69   1.00    0.078    0.002
20.69   1.00    0.079   39.958
20.69   1.00    0.077    0.120   0.079   0.119
20.69   1.00    0.077    0.117   0.079   0.116

20.70   0.00    0.119    0.116   0.043   0.022   0.003   0.017   0.023   0.011   0.000   0.000   0.000 979899100
20.70   6.46   41.041
20.70   1.00    0.078    0.002
20.70   1.00    0.079   39.953
20.70   1.00    0.077    0.120   0.079   0.119
20.70   1.00    0.077    0.117   0.079   0.116

20.71   0.00    0.119    0.116   0.043   0.022   0.003   0.017   0.023   0.011   0.000   0.000   0.000 980372500
20.71   6.46   41.037
20.71   1.00    0.078    0.002
20.71   1.00    0.079   39.947
20.71   1.00    0.077    0.120   0.079   0.119
20.71   1.00    0.077    0.117   0.079   0.116

20.72   0.00    0.119    0.116   0.043   0.022   0.003   0.017   0.023   0.011   0.000   0.000   0.000 980845800
20.72   6.46   41.033
20.72   1.00    0.077    0.002
20.72   1.00    0.079   39.942
20.72   1.00    0.077    0.120   0.079   0.119
20.72   1.00    0.077    0.117   0.079   0.116

20.73   0.00    0.119    0.116   0.043   0.022   0.003   0.017   0.023   0.011   0.000   0.000   0.000 981319200
20.73   6.46   41.030
20.73   1.00    0.077    0.002
20.73   1.00    0.079   39.936
20.73   1.00    0.077    0.120   0.079   0.119
20.73   1.00    0.077    0.117   0.079   0.116

20.74   0.00    0.119    0.116   0.043   0.022   0.003   0.017   0.023   0.011   0.000   0.000   0.000 981792600
20.74   6.46   41.026
20.74   1.00    0.077    0.002
20.74   1.00    0.079   39.931
20.74   1.00    0.077    0.120   0.079   0.119
20.74   1.00    0.077    0.117   0.079   0.116

20.75   0.00    0.119    0.116   0.043   0.022   0.003   0.017   0.023   0.011   0.000   0.000   0.000 982266000
20.75   6.46   41.022
20.75   1.00    0.077    0.002
20.75   1.00    0.079   39.925
20.75   1.00    0.077    0.120   0.079   0.119
20.75   1.00    0.077    0.117   0.079   0.116

20.76   0.00    0.119    0.116   0.043   0.022   0.003   0.017   0.023   0.011   0.000   0.000   0.000 982739400
20.76   6.46   41.019
20.76   1.00    0.077    0.002
20.76   1.00    0.079   39.920
20.76   1.00    0.077    0.120   0.079   0.119
20.76   1.00    0.077    0.117   0.079   0.116

20.77   0.00    0.119    0.116   0.043   0.022   0.003   0.017   0.023   0.011   0.000   0.000   0.000 983212800
20.77   6.45   41.015
20.77   1.00    0.077    0.002
20.77   1.00    0.079   39.915
20.77   1.00    0.077    0.120   0.079   0.119
20.77   1.00    0.077    0.117   0.079   0.116

20.78   0.00    0.119    0.116   0.043   0.022   0.003   0.017   0.023   0.011   0.000   0.000   0.000 983686200
20.78   6.45   41.011
20.78   1.00    0.077    0.002
20.78   1.00    0.079   39.909
20.78   1.00    0.077    0.120   0.079   0.119
20.78   1.00    0.077    0.117   0.079   0.116

20.79   0.00    0.119    0.116   0.043   0.022   0.003   0.017   0.023   0.011   0.000   0.000   0.000 984159600
20.79   6.45   41.008
20.79   1.00    0.077    0.002
20.79   1.00    0.079   39.904
20.79   1.00    0.077    0.120   0.079   0.119
20.79   1.00    0.077    0.117   0.079   0.116

20.80   0.00    0.119    0.116   0.043   0.022   0.003   0.017   0.023   0.011   0.000   0.000   0.000 984632900
20.80   6.45   41.004
20.80   1.00    0.077    0.002
20.80   1.00    0.079   39.899
20.80   1.00    0.077    0.120   0.079   0.119
20.80   1.00    0.077    0.117   0.079   0.116

20.81   0.00    0.119    0.116   0.043   0.022   0.003   0.017   0.023   0.011   0.000   0.000   0.000 985106300
20.81   6.45   41.000
20.81   1.00    0.077    0.002
20.81   1.00    0.079   39.893
20.81   1.00    0.077    0.120   0.079   0.119
20.81   1.00    0.077    0.117   0.079   0.116

20.82   0.00    0.119    0.116   0.043   0.022   0.003   0.017   0.023   0.011   0.000   0.000   0.000 985579600
20.82   6.45   40.997
20.82   1.00    0.077    0.002
20.82   1.00    0.079   39.888
20.82   1.00    0.077    0.120   0.079   0.119
20.82   1.00    0.077    0.117   0.079   0.116

20.83   0.00    0.119    0.116   0.043   0.022   0.003   0.017   0.023   0.011   0.000   0.000   0.000 986053100
20.83   6.45   40.993
20.83   1.00    0.077    0.002
20.83   1.00    0.079   39.882
20.83   1.00    0.077    0.120   0.079   0.119
20.83   1.00    0.077    0.117   0.079   0.116

20.84   0.00    0.119    0.116   0.043   0.022   0.003   0.017   0.023   0.011   0.000   0.000   0.000 986526500
20.84   6.44   40.989
20.84   1.00    0.077    0.002
20.84   1.00    0.079   39.877
20.84   1.00    0.077    0.120   0.079   0.119
20.84   1.00    0.077    0.117   0.079   0.116

20.85   0.00    0.119    0.116   0.043   0.022   0.003   0.017   0.023   0.011   0.000   0.000   0.000 986999900
20.85   6.44   40.986
20.85   1.00    0.077    0.002
20.85   1.00    0.079   39.872
20.85   1.00    0.077    0.120   0.079   0.119
20.85   1.00    0.077    0.117   0.079   0.116

20.86   0.00    0.119    0.116   0.043   0.022   0.003   0.017   0.023   0.011   0.000   0.000   0.000 987473200
20.86   6.44   40.982
20.86   1.00    0.077    0.002
20.86   1.00    0.079   39.866
20.86   1.00    0.077    0.120   0.079   0.119
20.86   1.00    0.077    0.117   0.079   0.116

20.87   0.00    0.119    0.116   0.043   0.022   0.003   0.017   0.023   0.011   0.000   0.000   0.000 987946600
20.87   6.44   40.978
20.87   1.00    0.077    0.002
20.87   1.00    0.079   39.861
20.87   1.00    0.077    0.120   0.079   0.119
20.87   1.00    0.077    0.117   0.079   0.116

20.88   0.00    0.119    0.116   0.043   0.022   0.003   0.017   0.023   0.011   0.000   0.000   0.000 988420000
20.88   6.44   40.975
20.88   1.00    0.077    0.002
20.88   1.00    0.079   39.855
20.88   1.00    0.077    0.120   0.079   0.119
20.88   1.00    0.077    0.117   0.079   0.116

20.89   0.00    0.119    0.116   0.043   0.022   0.003   0.017   0.023   0.011   0.000   0.000   0.000 988893300
20.89   6.44   40.971
20.89   1.00    0.077    0.002
20.89   1.00    0.079   39.850
20.89   1.00    0.077    0.120   0.079   0.119
20.89   1.00    0.077    0.117   0.079   0.116

20.90   0.00    0.119    0.116   0.043   0.022   0.003   0.017   0.023   0.011   0.000   0.000   0.000 989366700
20.90   6.44   40.967
20.90   1.00    0.077    0.002
20.90   1.00    0.079   39.845
20.90   1.00    0.077    0.120   0.079   0.119
20.90   1.00    0.077    0.117   0.079   0.116

20.91   0.00    0.119    0.116   0.043   0.022   0.003   0.017   0.023   0.011   0.000   0.000   0.000 989840100
20.91   6.44   40.964
20.91   1.00    0.077    0.002
20.91   1.00    0.079   39.839
20.91   1.00    0.077    0.120   0.079   0.119
20.91   1.00    0.077    0.117   0.079   0.116

20.92   0.00    0.119    0.116   0.043   0.022   0.003   0.017   0.023   0.011   0.000   0.000   0.000 990313500
20.92   6.43   40.960
20.92   1.00    0.077    0.002
20.92   1.00    0.079   39.834
20.92   1.00    0.077    0.120   0.079   0.119
20.92   1.00    0.077    0.117   0.079   0.116

20.93   0.00    0.119    0.116   0.043   0.022   0.003   0.017   0.023   0.011   0.000   0.000   0.000 990786900
20.93   6.43   40.957
20.93   1.00    0.077    0.002
20.93   1.00    0.079   39.829
20.93   1.00    0.077    0.120   0.079   0.119
20.93   1.00    0.077    0.117   0.079   0.116

20.94   0.00    0.119    0.116   0.043   0.022   0.003   0.017   0.023   0.011   0.000   0.000   0.000 991260300
20.94   6.43   40.953
20.94   1.00    0.077    0.002
20.94   1.00    0.079   39.823
20.94   1.00    0.077    0.120   0.079   0.119
20.94   1.00    0.077    0.117   0.079   0.116

20.95   0.00    0.119    0.116   0.043   0.022   0.003   0.017   0.023   0.011   0.000   0.000   0.000 991733700
20.95   6.43   40.949
20.95   1.00    0.077    0.002
20.95   1.00    0.079   39.818
20.95   1.00    0.077    0.120   0.079   0.119
20.95   1.00    0.077    0.117   0.079   0.116

20.96   0.00    0.119    0.116   0.043   0.022   0.003   0.017   0.023   0.011   0.000   0.000   0.000 992207000
20.96   6.43   40.946
20.96   1.00    0.077    0.002
20.96   1.00    0.079   39.813
20.96   1.00    0.077    0.120   0.079   0.119
20.96   1.00    0.077    0.117   0.079   0.116

20.97   0.00    0.119    0.116   0.043   0.022   0.003   0.017   0.023   0.011   0.000   0.000   0.000 992680400
20.97   6.43   40.942
20.97   1.00    0.077    0.002
20.97   1.00    0.079   39.807
20.97   1.00    0.077    0.120   0.079   0.119
20.97   1.00    0.077    0.117   0.079   0.116

20.98   0.00    0.119    0.116   0.043   0.022   0.003   0.017   0.023   0.011   0.000   0.000   0.000 993153800
20.98   6.43   40.938
20.98   1.00    0.077    0.002
20.98   1.00    0.079   39.802
20.98   1.00    0.077    0.120   0.079   0.119
20.98   1.00    0.077    0.117   0.079   0.116

20.99   0.00    0.119    0.116   0.043   0.022   0.003   0.017   0.023   0.011   0.000   0.000   0.000 993627100
20.99   6.42   40.935
20.99   1.00    0.077    0.002
20.99   1.00    0.079   39.797
20.99   1.00    0.077    0.120   0.079   0.119
20.99   1.00    0.077    0.117   0.079   0.116

21.00   0.00    0.119    0.116   0.043   0.022   0.003   0.017   0.023   0.011   0.000   0.000   0.000 994100500
21.00   6.42   40.931
21.00   1.00    0.077    0.002
21.00   1.00    0.079   39.791
21.00   1.00    0.077    0.120   0.079   0.119
21.00   1.00    0.077    0.117   0.079   0.116

21.01   0.00    0.119    0.116   0.043   0.022   0.003   0.017   0.023   0.011   0.000   0.000   0.000 994574000
21.01   6.42   40.927
21.01   1.00    0.077    0.002
21.01   1.00    0.079   39.786
21.01   1.00    0.077    0.120   0.079   0.119
21.01   1.00    0.077    0.117   0.079   0.116

21.02   0.00    0.119    0.116   0.043   0.022   0.003   0.017   0.023   0.011   0.000   0.000   0.000 995047400
21.02   6.42   40.924
21.02   1.00    0.077    0.002
21.02   1.00    0.079   39.781
21.02   1.00    0.077    0.120   0.079   0.119
21.02   1.00    0.077    0.117   0.079   0.116

21.03   0.00    0.119    0.116   0.043   0.022   0.003   0.017   0.023   0.011   0.000   0.000   0.000 995520700
21.03   6.42   40.920
21.03   1.00    0.077    0.002
21.03   1.00    0.079   39.775
21.03   1.00    0.077    0.120   0.079   0.119
21.03   1.00    0.077    0.117   0.079   0.116

21.04   0.00    0.119    0.116   0.043   0.022   0.003   0.017   0.023   0.011   0.000   0.000   0.000 995994100
21.04   6.42   40.917
21.04   1.00    0.077    0.002
21.04   1.00    0.079   39.770
21.04   1.00    0.077    0.120   0.079   0.119
21.04   1.00    0.077    0.117   0.079   0.116

21.05   0.00    0.119    0.116   0.043   0.022   0.003   0.017   0.023   0.011   0.000   0.000   0.000 996467500
21.05   6.42   40.913
21.05   1.00    0.077    0.002
21.05   1.00    0.079   39.765
21.05   1.00    0.077    0.120   0.079   0.119
21.05   1.00    0.077    0.117   0.079   0.116

21.06   0.00    0.119    0.116   0.043   0.022   0.003   0.017   0.023   0.011   0.000   0.000   0.000 996940800
21.06   6.42   40.909
21.06   1.00    0.077    0.002
21.06   1.00    0.079   39.759
21.06   1.00    0.077    0.120   0.079   0.119
21.06   1.00    0.077    0.117   0.079   0.116

21.07   0.00    0.119    0.116   0.043   0.022   0.003   0.017   0.023   0.011   0.000   0.000   0.000 997414200
21.07   6.41   40.906
21.07   1.00    0.077    0.002
21.07   1.00    0.079   39.754
21.07   1.00    0.077    0.120   0.079   0.119
21.07   1.00    0.077    0.117   0.079   0.116

21.08   0.00    0.119    0.116   0.043   0.022   0.003   0.017   0.023   0.011   0.000   0.000   0.000 997887600
21.08   6.41   40.902
21.08   1.00    0.077    0.002
21.08   1.00    0.079   39.749
21.08   1.00    0.076    0.120   0.079   0.119
21.08   1.00    0.077    0.117   0.079   0.116

21.09   0.00    0.119    0.116   0.043   0.022   0.003   0.017   0.023   0.011   0.000   0.000   0.000 998361000
21.09   6.41   40.899
21.09   1.00    0.077    0.002
21.09   1.00    0.079   39.743
21.09   1.00    0.076    0.120   0.079   0.119
21.09   1.00    0.077    0.117   0.079   0.116

21.10   0.00    0.119    0.116   0.043   0.022   0.003   0.017   0.023   0.011   0.000   0.000   0.000 998834400
21.10   6.41   40.895
21.10   1.00    0.077    0.002
21.10   1.00    0.079   39.738
21.10   1.00    0.076    0.120   0.079   0.119
21.10   1.00    0.077    0.117   0.079   0.116

21.11   0.00    0.119    0.116   0.043   0.022   0.003   0.017   0.023   0.011   0.000   0.000   0.000 999307800
21.11   6.41   40.891
21.11   1.00    0.077    0.002
21.11   1.00    0.079   39.733
21.11   1.00    0.076    0.120   0.079   0.119
21.11   1.00    0.076    0.117   0.079   0.116

21.12   0.00    0.119    0.116   0.043   0.022   0.003   0.017   0.023   0.011   0.000   0.000   0.000 999781200
21.12   6.41   40.888
21.12   1.00    0.077    0.002
21.12   1.00    0.078   39.727
21.12   1.00    0.076    0.120   0.078   0.119
21.12   1.00    0.076    0.117   0.078   0.116

21.13   0.00    0.119    0.116   0.043   0.022   0.003   0.017   0.023   0.011   0.000   0.000   0.000 1000254000
21.13   6.41   40.884
21.13   1.00    0.077    0.002
21.13   1.00    0.078   39.722
21.13   1.00    0.076    0.120   0.078   0.119
21.13   1.00    0.076    0.117   0.078   0.116

21.14   0.00    0.119    0.116   0.043   0.022   0.003   0.017   0.023   0.011   0.000   0.000   0.000 1000728000
21.14   6.40   40.881
21.14   1.00    0.077    0.002
21.14   1.00    0.078   39.717
21.14   1.00    0.076    0.120   0.078   0.119
21.14   1.00    0.076    0.117   0.078   0.116

21.15   0.00    0.119    0.116   0.043   0.022   0.003   0.017   0.023   0.011   0.000   0.000   0.000 1001201000
21.15   6.40   40.877
21.15   1.00    0.077    0.002
21.15   1.00    0.078   39.711
21.15   1.00    0.076    0.120   0.078   0.119
21.15   1.00    0.076    0.117   0.078   0.116

21.16   0.00    0.119    0.116   0.043   0.022   0.003   0.017   0.023   0.011   0.000   0.000   0.000 1001675000
21.16   6.40   40.873
21.16   1.00    0.077    0.002
21.16   1.00    0.078   39.706
21.16   1.00    0.076    0.120   0.078   0.119
21.16   1.00    0.076    0.117   0.078   0.116

21.17   0.00    0.119    0.116   0.043   0.022   0.003   0.017   0.023   0.011   0.000   0.000   0.000 1002148000
21.17   6.40   40.870
21.17   1.00    0.077    0.002
21.17   1.00    0.078   39.701
21.17   1.00    0.076    0.120   0.078   0.119
21.17   1.00    0.076    0.117   0.078   0.116

21.18   0.00    0.119    0.116   0.043   0.022   0.003   0.017   0.023   0.011   0.000   0.000   0.000 1002621000
21.18   6.40   40.866
21.18   1.00    0.077    0.002
21.18   1.00    0.078   39.696
21.18   1.00    0.076    0.120   0.078   0.119
21.18   1.00    0.076    0.117   0.078   0.116

21.19   0.00    0.119    0.116   0.043   0.022   0.003   0.017   0.023   0.011   0.000   0.000   0.000 1003095000
21.19   6.40   40.863
21.19   1.00    0.077    0.002
21.19   1.00    0.078   39.690
21.19   1.00    0.076    0.120   0.078   0.119
21.19   1.00    0.076    0.117   0.078   0.116

21.20   0.00    0.119    0.116   0.043   0.022   0.003   0.017   0.023   0.011   0.000   0.000   0.000 1003568000
21.20   6.40   40.859
21.20   1.00    0.077    0.002
21.20   1.00    0.078   39.685
21.20   1.00    0.076    0.120   0.078   0.119
21.20   1.00    0.076    0.117   0.078   0.116

21.21   0.00    0.119    0.116   0.043   0.022   0.003   0.017   0.023   0.011   0.000   0.000   0.000 1004042000
21.21   6.40   40.855
21.21   1.00    0.077    0.002
21.21   1.00    0.078   39.680
21.21   1.00    0.076    0.120   0.078   0.119
21.21   1.00    0.076    0.117   0.078   0.116

21.22   0.00    0.119    0.116   0.043   0.022   0.003   0.017   0.023   0.011   0.000   0.000   0.000 1004515000
21.22   6.39   40.852
21.22   1.00    0.076    0.002
21.22   1.00    0.078   39.674
21.22   1.00    0.076    0.120   0.078   0.119
21.22   1.00    0.076    0.117   0.078   0.116

21.23   0.00    0.119    0.116   0.043   0.022   0.003   0.017   0.023   0.011   0.000   0.000   0.000 1004988000
21.23   6.39   40.848
21.23   1.00    0.076    0.002
21.23   1.00    0.078   39.669
21.23   1.00    0.076    0.120   0.078   0.119
21.23   1.00    0.076    0.117   0.078   0.116

21.24   0.00    0.119    0.116   0.043   0.022   0.003   0.017   0.023   0.011   0.000   0.000   0.000 1005462000
21.24   6.39   40.845
21.24   1.00    0.076    0.002
21.24   1.00    0.078   39.664
21.24   1.00    0.076    0.120   0.078   0.119
21.24   1.00    0.076    0.117   0.078   0.116

21.25   0.00    0.119    0.116   0.043   0.022   0.003   0.017   0.023   0.011   0.000   0.000   0.000 1005935000
21.25   6.39   40.841
21.25   1.00    0.076    0.002
21.25   1.00    0.078   39.659
21.25   1.00    0.076    0.120   0.078   0.119
21.25   1.00    0.076    0.117   0.078   0.116

21.26   0.00    0.119    0.116   0.043   0.022   0.003   0.017   0.023   0.011   0.000   0.000   0.000 1006408000
21.26   6.39   40.837
21.26   1.00    0.076    0.002
21.26   1.00    0.078   39.653
21.26   1.00    0.076    0.120   0.078   0.119
21.26   1.00    0.076    0.117   0.078   0.116

21.27   0.00    0.119    0.116   0.043   0.022   0.003   0.017   0.023   0.011   0.000   0.000   0.000 1006882000
21.27   6.39   40.834
21.27   1.00    0.076    0.002
21.27   1.00    0.078   39.648
21.27   1.00    0.076    0.120   0.078   0.119
21.27   1.00    0.076    0.117   0.078   0.116

21.28   0.00    0.119    0.116   0.043   0.022   0.003   0.017   0.023   0.011   0.000   0.000   0.000 1007355000
21.28   6.39   40.830
21.28   1.00    0.076    0.002
21.28   1.00    0.078   39.643
21.28   1.00    0.076    0.120   0.078   0.119
21.28   1.00    0.076    0.117   0.078   0.116

21.29   0.00    0.119    0.116   0.043   0.022   0.003   0.017   0.023   0.011   0.000   0.000   0.000 1007829000
21.29   6.38   40.827
21.29   1.00    0.076    0.002
21.29   1.00    0.078   39.638
21.29   1.00    0.076    0.120   0.078   0.119
21.29   1.00    0.076    0.117   0.078   0.116

21.30   0.00    0.119    0.116   0.043   0.022   0.003   0.017   0.023   0.011   0.000   0.000   0.000 1008302000
21.30   6.38   40.823
21.30   1.00    0.076    0.002
21.30   1.00    0.078   39.632
21.30   1.00    0.076    0.120   0.078   0.119
21.30   1.00    0.076    0.117   0.078   0.116

21.31   0.00    0.119    0.116   0.043   0.022   0.003   0.017   0.023   0.011   0.000   0.000   0.000 1008775000
21.31   6.38   40.820
21.31   1.00    0.076    0.002
21.31   1.00    0.078   39.627
21.31   1.00    0.076    0.120   0.078   0.119
21.31   1.00    0.076    0.117   0.078   0.116

21.32   0.00    0.119    0.116   0.043   0.022   0.003   0.017   0.023   0.011   0.000   0.000   0.000 1009249000
21.32   6.38   40.816
21.32   1.00    0.076    0.002
21.32   1.00    0.078   39.622
21.32   1.00    0.076    0.120   0.078   0.119
21.32   1.00    0.076    0.117   0.078   0.116

21.33   0.00    0.119    0.116   0.043   0.022   0.003   0.017   0.023   0.011   0.000   0.000   0.000 1009722000
21.33   6.38   40.812
21.33   1.00    0.076    0.002
21.33   1.00    0.078   39.617
21.33   1.00    0.076    0.120   0.078   0.119
21.33   1.00    0.076    0.117   0.078   0.116

21.34   0.00    0.119    0.116   0.043   0.022   0.003   0.017   0.023   0.011   0.000   0.000   0.000 1010196000
21.34   6.38   40.809
21.34   1.00    0.076    0.002
21.34   1.00    0.078   39.611
21.34   1.00    0.076    0.120   0.078   0.119
21.34   1.00    0.076    0.117   0.078   0.116

21.35   0.00    0.118    0.116   0.043   0.022   0.003   0.017   0.023   0.011   0.000   0.000   0.000 1010669000
21.35   6.38   40.805
21.35   1.00    0.076    0.002
21.35   1.00    0.078   39.606
21.35   1.00    0.076    0.120   0.078   0.119
21.35   1.00    0.076    0.117   0.078   0.116

21.36   0.00    0.118    0.116   0.043   0.022   0.003   0.017   0.023   0.011   0.000   0.000   0.000 1011142000
21.36   6.38   40.802
21.36   1.00    0.076    0.002
21.36   1.00    0.078   39.601
21.36   1.00    0.076    0.120   0.078   0.119
21.36   1.00    0.076    0.117   0.078   0.116

21.37   0.00    0.118    0.116   0.043   0.022   0.003   0.017   0.023   0.011   0.000   0.000   0.000 1011616000
21.37   6.37   40.798
21.37   1.00    0.076    0.002
21.37   1.00    0.078   39.596
21.37   1.00    0.076    0.120   0.078   0.119
21.37   1.00    0.076    0.117   0.078   0.116

21.38   0.00    0.118    0.116   0.043   0.022   0.003   0.017   0.023   0.011   0.000   0.000   0.000 1012089000
21.38   6.37   40.795
21.38   1.00    0.076    0.002
21.38   1.00    0.078   39.590
21.38   1.00    0.076    0.120   0.078   0.119
21.38   1.00    0.076    0.117   0.078   0.116

21.39   0.00    0.118    0.116   0.043   0.022   0.003   0.017   0.023   0.011   0.000   0.000   0.000 1012562000
21.39   6.37   40.791
21.39   1.00    0.076    0.002
21.39   1.00    0.078   39.585
21.39   1.00    0.076    0.120   0.078   0.119
21.39   1.00    0.076    0.117   0.078   0.116

21.40   0.00    0.118    0.116   0.043   0.022   0.003   0.017   0.023   0.011   0.000   0.000   0.000 1013036000
21.40   6.37   40.788
21.40   1.00    0.076    0.002
21.40   1.00    0.078   39.580
21.40   1.00    0.076    0.120   0.078   0.119
21.40   1.00    0.076    0.117   0.078   0.116

21.41   0.00    0.118    0.116   0.043   0.022   0.003   0.017   0.023   0.011   0.000   0.000   0.000 1013509000
21.41   6.37   40.784
21.41   1.00    0.076    0.002
21.41   1.00    0.078   39.575
21.41   1.00    0.076    0.120   0.078   0.119
21.41   1.00    0.076    0.117   0.078   0.116

21.42   0.00    0.118    0.116   0.043   0.022   0.003   0.017   0.023   0.011   0.000   0.000   0.000 1013983000
21.42   6.37   40.780
21.42   1.00    0.076    0.002
21.42   1.00    0.078   39.569
21.42   1.00    0.076    0.120   0.078   0.119
21.42   1.00    0.076    0.117   0.078   0.116

21.43   0.00    0.118    0.116   0.043   0.022   0.003   0.017   0.023   0.011   0.000   0.000   0.000 1014456000
21.43   6.37   40.777
21.43   1.00    0.076    0.002
21.43   1.00    0.078   39.564
21.43   1.00    0.076    0.120   0.078   0.119
21.43   1.00    0.076    0.117   0.078   0.116

21.44   0.00    0.118    0.116   0.043   0.022   0.003   0.017   0.023   0.011   0.000   0.000   0.000 1014929000
21.44   6.37   40.773
21.44   1.00    0.076    0.002
21.44   1.00    0.078   39.559
21.44   1.00    0.076    0.120   0.078   0.119
21.44   1.00    0.076    0.117   0.078   0.116

21.45   0.00    0.118    0.116   0.043   0.022   0.003   0.017   0.023   0.011   0.000   0.000   0.000 1015403000
21.45   6.36   40.770
21.45   1.00    0.076    0.002
21.45   1.00    0.078   39.554
21.45   1.00    0.076    0.120   0.078   0.118
21.45   1.00    0.076    0.117   0.078   0.116

21.46   0.00    0.118    0.116   0.043   0.022   0.003   0.017   0.023   0.011   0.000   0.000   0.000 1015876000
21.46   6.36   40.766
21.46   1.00    0.076    0.002
21.46   1.00    0.078   39.548
21.46   1.00    0.076    0.120   0.078   0.118
21.46   1.00    0.076    0.117   0.078   0.116

21.47   0.00    0.118    0.116   0.043   0.022   0.003   0.017   0.023   0.011   0.000   0.000   0.000 1016349000
21.47   6.36   40.763
21.47   1.00    0.076    0.002
21.47   1.00    0.078   39.543
21.47   1.00    0.076    0.120   0.078   0.118
21.47   1.00    0.076    0.117   0.078   0.116

21.48   0.00    0.118    0.116   0.043   0.022   0.003   0.017   0.023   0.011   0.000   0.000   0.000 1016823000
21.48   6.36   40.759
21.48   1.00    0.076    0.002
21.48   1.00    0.078   39.538
21.48   1.00    0.076    0.120   0.078   0.118
21.48   1.00    0.076    0.117   0.078   0.116

21.49   0.00    0.118    0.116   0.043   0.022   0.003   0.017   0.023   0.011   0.000   0.000   0.000 1017296000
21.49   6.36   40.756
21.49   1.00    0.076    0.002
21.49   1.00    0.078   39.533
21.49   1.00    0.076    0.120   0.078   0.118
21.49   1.00    0.076    0.117   0.078   0.116

21.50   0.00    0.118    0.116   0.043   0.022   0.003   0.017   0.023   0.011   0.000   0.000   0.000 1017770000
21.50   6.36   40.752
21.50   1.00    0.076    0.002
21.50   1.00    0.078   39.528
21.50   1.00    0.076    0.120   0.078   0.118
21.50   1.00    0.076    0.117   0.078   0.116

21.51   0.00    0.118    0.116   0.043   0.022   0.003   0.017   0.023   0.011   0.000   0.000   0.000 1018243000
21.51   6.36   40.749
21.51   1.00    0.076    0.002
21.51   1.00    0.078   39.522
21.51   1.00    0.076    0.120   0.078   0.118
21.51   1.00    0.076    0.117   0.078   0.116

21.52   0.00    0.118    0.116   0.043   0.022   0.003   0.017   0.023   0.011   0.000   0.000   0.000 1018716000
21.52   6.36   40.745
21.52   1.00    0.076    0.002
21.52   1.00    0.078   39.517
21.52   1.00    0.076    0.120   0.078   0.118
21.52   1.00    0.076    0.117   0.078   0.116

21.53   0.00    0.118    0.116   0.043   0.022   0.003   0.017   0.023   0.011   0.000   0.000   0.000 1019190000
21.53   6.35   40.742
21.53   1.00    0.076    0.002
21.53   1.00    0.078   39.512
21.53   1.00    0.076    0.120   0.078   0.118
21.53   1.00    0.076    0.117   0.078   0.116

21.54   0.00    0.118    0.116   0.043   0.022   0.003   0.017   0.023   0.011   0.000   0.000   0.000 1019663000
21.54   6.35   40.738
21.54   1.00    0.076    0.002
21.54   1.00    0.078   39.507
21.54   1.00    0.076    0.120   0.078   0.118
21.54   1.00    0.076    0.117   0.078   0.116

21.55   0.00    0.118    0.116   0.043   0.022   0.003   0.017   0.023   0.011   0.000   0.000   0.000 1020137000
21.55   6.35   40.735
21.55   1.00    0.076    0.002
21.55   1.00    0.078   39.501
21.55   1.00    0.076    0.120   0.078   0.118
21.55   1.00    0.076    0.117   0.078   0.116

21.56   0.00    0.118    0.116   0.043   0.022   0.003   0.017   0.023   0.011   0.000   0.000   0.000 1020610000
21.56   6.35   40.731
21.56   1.00    0.076    0.002
21.56   1.00    0.078   39.496
21.56   1.00    0.076    0.120   0.078   0.118
21.56   1.00    0.076    0.117   0.078   0.116

21.57   0.00    0.118    0.116   0.043   0.022   0.003   0.017   0.023   0.011   0.000   0.000   0.000 1021083000
21.57   6.35   40.727
21.57   1.00    0.076    0.002
21.57   1.00    0.078   39.491
21.57   1.00    0.076    0.120   0.078   0.118
21.57   1.00    0.076    0.117   0.078   0.116

21.58   0.00    0.118    0.116   0.043   0.022   0.003   0.017   0.023   0.011   0.000   0.000   0.000 1021557000
21.58   6.35   40.724
21.58   1.00    0.076    0.002
21.58   1.00    0.078   39.486
21.58   1.00    0.076    0.120   0.078   0.118
21.58   1.00    0.076    0.117   0.078   0.116

21.59   0.00    0.118    0.116   0.043   0.022   0.003   0.017   0.023   0.011   0.000   0.000   0.000 1022030000
21.59   6.35   40.720
21.59   1.00    0.076    0.002
21.59   1.00    0.078   39.481
21.59   1.00    0.076    0.120   0.078   0.118
21.59   1.00    0.076    0.117   0.078   0.116

21.60   0.00    0.118    0.116   0.043   0.022   0.003   0.017   0.023   0.011   0.000   0.000   0.000 1022503000
21.60   6.34   40.717
21.60   1.00    0.076    0.002
21.60   1.00    0.078   39.476
21.60   1.00    0.075    0.120   0.078   0.118
21.60   1.00    0.076    0.117   0.078   0.116

21.61   0.00    0.118    0.116   0.043   0.022   0.003   0.017   0.023   0.011   0.000   0.000   0.000 1022977000
21.61   6.34   40.713
21.61   1.00    0.076    0.002
21.61   1.00    0.078   39.470
21.61   1.00    0.075    0.120   0.078   0.118
21.61   1.00    0.076    0.117   0.078   0.116

21.62   0.00    0.118    0.116   0.043   0.022   0.003   0.017   0.023   0.011   0.000   0.000   0.000 1023450000
21.62   6.34   40.710
21.62   1.00    0.076    0.002
21.62   1.00    0.078   39.465
21.62   1.00    0.075    0.120   0.078   0.118
21.62   1.00    0.076    0.117   0.078   0.116

21.63   0.00    0.118    0.116   0.043   0.022   0.003   0.017   0.023   0.011   0.000   0.000   0.000 1023924000
21.63   6.34   40.706
21.63   1.00    0.076    0.002
21.63   1.00    0.078   39.460
21.63   1.00    0.075    0.120   0.078   0.118
21.63   1.00    0.075    0.117   0.078   0.116

21.64   0.00    0.118    0.116   0.043   0.022   0.003   0.017   0.023   0.011   0.000   0.000   0.000 1024397000
21.64   6.34   40.703
21.64   1.00    0.076    0.002
21.64   1.00    0.077   39.455
21.64   1.00    0.075    0.120   0.077   0.118
21.64   1.00    0.075    0.117   0.077   0.116

21.65   0.00    0.118    0.116   0.043   0.022   0.003   0.017   0.023   0.011   0.000   0.000   0.000 1024870000
21.65   6.34   40.699
21.65   1.00    0.076    0.002
21.65   1.00    0.077   39.450
21.65   1.00    0.075    0.120   0.077   0.118
21.65   1.00    0.075    0.117   0.077   0.116

21.66   0.00    0.118    0.116   0.043   0.022   0.003   0.017   0.023   0.011   0.000   0.000   0.000 1025344000
21.66   6.34   40.696
21.66   1.00    0.076    0.002
21.66   1.00    0.077   39.444
21.66   1.00    0.075    0.120   0.077   0.118
21.66   1.00    0.075    0.117   0.077   0.116

21.67   0.00    0.118    0.116   0.043   0.022   0.003   0.017   0.023   0.011   0.000   0.000   0.000 1025817000
21.67   6.34   40.692
21.67   1.00    0.076    0.002
21.67   1.00    0.077   39.439
21.67   1.00    0.075    0.120   0.077   0.118
21.67   1.00    0.075    0.117   0.077   0.116

21.68   0.00    0.118    0.116   0.043   0.022   0.003   0.017   0.023   0.011   0.000   0.000   0.000 1026290000
21.68   6.33   40.689
21.68   1.00    0.076    0.002
21.68   1.00    0.077   39.434
21.68   1.00    0.075    0.120   0.077   0.118
21.68   1.00    0.075    0.117   0.077   0.116

21.69   0.00    0.118    0.116   0.043   0.022   0.003   0.017   0.023   0.011   0.000   0.000   0.000 1026764000
21.69   6.33   40.685
21.69   1.00    0.076    0.002
21.69   1.00    0.077   39.429
21.69   1.00    0.075    0.120   0.077   0.118
21.69   1.00    0.075    0.117   0.077   0.116

21.70   0.00    0.118    0.116   0.043   0.022   0.003   0.017   0.023   0.011   0.000   0.000   0.000 1027237000
21.70   6.33   40.682
21.70   1.00    0.076    0.002
21.70   1.00    0.077   39.424
21.70   1.00    0.075    0.120   0.077   0.118
21.70   1.00    0.075    0.117   0.077   0.116

21.71   0.00    0.118    0.116   0.043   0.022   0.003   0.017   0.023   0.011   0.000   0.000   0.000 1027711000
21.71   6.33   40.678
21.71   1.00    0.076    0.002
21.71   1.00    0.077   39.419
21.71   1.00    0.075    0.120   0.077   0.118
21.71   1.00    0.075    0.117   0.077   0.116

21.72   0.00    0.118    0.116   0.043   0.022   0.003   0.017   0.023   0.011   0.000   0.000   0.000 1028184000
21.72   6.33   40.675
21.72   1.00    0.076    0.002
21.72   1.00    0.077   39.413
21.72   1.00    0.075    0.120   0.077   0.118
21.72   1.00    0.075    0.117   0.077   0.116

21.73   0.00    0.118    0.116   0.043   0.022   0.003   0.017   0.023   0.011   0.000   0.000   0.000 1028657000
21.73   6.33   40.671
21.73   1.00    0.076    0.002
21.73   1.00    0.077   39.408
21.73   1.00    0.075    0.120   0.077   0.118
21.73   1.00    0.075    0.117   0.077   0.116

21.74   0.00    0.118    0.116   0.043   0.022   0.003   0.017   0.023   0.011   0.000   0.000   0.000 1029131000
21.74   6.33   40.668
21.74   1.00    0.076    0.002
21.74   1.00    0.077   39.403
21.74   1.00    0.075    0.120   0.077   0.118
21.74   1.00    0.075    0.117   0.077   0.116

21.75   0.00    0.118    0.116   0.043   0.022   0.003   0.017   0.023   0.011   0.000   0.000   0.000 1029604000
21.75   6.33   40.664
21.75   1.00    0.075    0.002
21.75   1.00    0.077   39.398
21.75   1.00    0.075    0.120   0.077   0.118
21.75   1.00    0.075    0.117   0.077   0.116

21.76   0.00    0.118    0.116   0.043   0.022   0.003   0.017   0.023   0.011   0.000   0.000   0.000 1030078000
21.76   6.32   40.661
21.76   1.00    0.075    0.002
21.76   1.00    0.077   39.393
21.76   1.00    0.075    0.120   0.077   0.118
21.76   1.00    0.075    0.117   0.077   0.116

21.77   0.00    0.118    0.116   0.043   0.022   0.003   0.017   0.023   0.011   0.000   0.000   0.000 1030551000
21.77   6.32   40.657
21.77   1.00    0.075    0.002
21.77   1.00    0.077   39.388
21.77   1.00    0.075    0.120   0.077   0.118
21.77   1.00    0.075    0.117   0.077   0.116

21.78   0.00    0.118    0.116   0.043   0.022   0.003   0.017   0.023   0.011   0.000   0.000   0.000 1031024000
21.78   6.32   40.654
21.78   1.00    0.075    0.002
21.78   1.00    0.077   39.383
21.78   1.00    0.075    0.120   0.077   0.118
21.78   1.00    0.075    0.117   0.077   0.116

21.79   0.00    0.118    0.116   0.043   0.022   0.003   0.017   0.023   0.011   0.000   0.000   0.000 1031498000
21.79   6.32   40.651
21.79   1.00    0.075    0.002
21.79   1.00    0.077   39.377
21.79   1.00    0.075    0.120   0.077   0.118
21.79   1.00    0.075    0.117   0.077   0.116

21.80   0.00    0.118    0.116   0.043   0.022   0.003   0.017   0.023   0.011   0.000   0.000   0.000 1031971000
21.80   6.32   40.647
21.80   1.00    0.075    0.002
21.80   1.00    0.077   39.372
21.80   1.00    0.075    0.120   0.077   0.118
21.80   1.00    0.075    0.117   0.077   0.116

21.81   0.00    0.118    0.116   0.043   0.022   0.003   0.017   0.023   0.011   0.000   0.000   0.000 1032444000
21.81   6.32   40.644
21.81   1.00    0.075    0.002
21.81   1.00    0.077   39.367
21.81   1.00    0.075    0.120   0.077   0.118
21.81   1.00    0.075    0.117   0.077   0.116

21.82   0.00    0.118    0.116   0.043   0.022   0.003   0.017   0.023   0.011   0.000   0.000   0.000 1032918000
21.82   6.32   40.640
21.82   1.00    0.075    0.002
21.82   1.00    0.077   39.362
21.82   1.00    0.075    0.120   0.077   0.118
21.82   1.00    0.075    0.117   0.077   0.116

21.83   0.00    0.118    0.116   0.043   0.022   0.003   0.017   0.023   0.011   0.000   0.000   0.000 1033391000
21.83   6.32   40.637
21.83   1.00    0.075    0.002
21.83   1.00    0.077   39.357
21.83   1.00    0.075    0.120   0.077   0.118
21.83   1.00    0.075    0.117   0.077   0.116

21.84   0.00    0.118    0.116   0.043   0.022   0.003   0.017   0.023   0.011   0.000   0.000   0.000 1033865000
21.84   6.31   40.633
21.84   1.00    0.075    0.002
21.84   1.00    0.077   39.352
21.84   1.00    0.075    0.120   0.077   0.118
21.84   1.00    0.075    0.117   0.077   0.116

21.85   0.00    0.118    0.116   0.043   0.022   0.003   0.017   0.023   0.011   0.000   0.000   0.000 1034338000
21.85   6.31   40.630
21.85   1.00    0.075    0.002
21.85   1.00    0.077   39.347
21.85   1.00    0.075    0.120   0.077   0.118
21.85   1.00    0.075    0.117   0.077   0.116

21.86   0.00    0.118    0.116   0.043   0.022   0.003   0.017   0.023   0.011   0.000   0.000   0.000 1034811000
21.86   6.31   40.626
21.86   1.00    0.075    0.002
21.86   1.00    0.077   39.341
21.86   1.00    0.075    0.120   0.077   0.118
21.86   1.00    0.075    0.117   0.077   0.116

21.87   0.00    0.118    0.116   0.043   0.022   0.003   0.017   0.023   0.011   0.000   0.000   0.000 1035285000
21.87   6.31   40.623
21.87   1.00    0.075    0.002
21.87   1.00    0.077   39.336
21.87   1.00    0.075    0.120   0.077   0.118
21.87   1.00    0.075    0.117   0.077   0.116

21.88   0.00    0.118    0.116   0.043   0.022   0.003   0.017   0.023   0.011   0.000   0.000   0.000 1035758000
21.88   6.31   40.619
21.88   1.00    0.075    0.002
21.88   1.00    0.077   39.331
21.88   1.00    0.075    0.120   0.077   0.118
21.88   1.00    0.075    0.117   0.077   0.116

21.89   0.00    0.118    0.116   0.043   0.022   0.003   0.017   0.023   0.011   0.000   0.000   0.000 1036231000
21.89   6.31   40.616
21.89   1.00    0.075    0.002
21.89   1.00    0.077   39.326
21.89   1.00    0.075    0.120   0.077   0.118
21.89   1.00    0.075    0.117   0.077   0.116

21.90   0.00    0.118    0.116   0.043   0.022   0.003   0.017   0.023   0.011   0.000   0.000   0.000 1036705000
21.90   6.31   40.612
21.90   1.00    0.075    0.002
21.90   1.00    0.077   39.321
21.90   1.00    0.075    0.120   0.077   0.118
21.90   1.00    0.075    0.117   0.077   0.116

21.91   0.00    0.118    0.116   0.043   0.022   0.003   0.017   0.023   0.011   0.000   0.000   0.000 1037178000
21.91   6.31   40.609
21.91   1.00    0.075    0.002
21.91   1.00    0.077   39.316
21.91   1.00    0.075    0.120   0.077   0.118
21.91   1.00    0.075    0.117   0.077   0.116

21.92   0.00    0.118    0.116   0.043   0.022   0.003   0.017   0.023   0.011   0.000   0.000   0.000 1037652000
21.92   6.30   40.605
21.92   1.00    0.075    0.002
21.92   1.00    0.077   39.311
21.92   1.00    0.075    0.120   0.077   0.118
21.92   1.00    0.075    0.117   0.077   0.116

21.93   0.00    0.118    0.116   0.043   0.022   0.003   0.017   0.023   0.011   0.000   0.000   0.000 1038125000
21.93   6.30   40.602
21.93   1.00    0.075    0.002
21.93   1.00    0.077   39.306
21.93   1.00    0.075    0.120   0.077   0.118
21.93   1.00    0.075    0.117   0.077   0.116

21.94   0.00    0.118    0.116   0.043   0.022   0.003   0.017   0.023   0.011   0.000   0.000   0.000 1038598000
21.94   6.30   40.598
21.94   1.00    0.075    0.002
21.94   1.00    0.077   39.300
21.94   1.00    0.075    0.120   0.077   0.118
21.94   1.00    0.075    0.117   0.077   0.116

21.95   0.00    0.118    0.116   0.043   0.022   0.003   0.017   0.023   0.011   0.000   0.000   0.000 1039072000
21.95   6.30   40.595
21.95   1.00    0.075    0.002
21.95   1.00    0.077   39.295
21.95   1.00    0.075    0.120   0.077   0.118
21.95   1.00    0.075    0.117   0.077   0.116

21.96   0.00    0.118    0.116   0.043   0.022   0.003   0.017   0.023   0.011   0.000   0.000   0.000 1039545000
21.96   6.30   40.592
21.96   1.00    0.075    0.002
21.96   1.00    0.077   39.290
21.96   1.00    0.075    0.120   0.077   0.118
21.96   1.00    0.075    0.117   0.077   0.116

21.97   0.00    0.118    0.116   0.043   0.022   0.003   0.017   0.023   0.011   0.000   0.000   0.000 1040018000
21.97   6.30   40.588
21.97   1.00    0.075    0.002
21.97   1.00    0.077   39.285
21.97   1.00    0.075    0.120   0.077   0.118
21.97   1.00    0.075    0.117   0.077   0.116

21.98   0.00    0.118    0.116   0.043   0.022   0.003   0.017   0.023   0.011   0.000   0.000   0.000 1040492000
21.98   6.30   40.585
21.98   1.00    0.075    0.002
21.98   1.00    0.077   39.280
21.98   1.00    0.075    0.120   0.077   0.118
21.98   1.00    0.075    0.117   0.077   0.116

21.99   0.00    0.118    0.116   0.043   0.022   0.003   0.017   0.023   0.011   0.000   0.000   0.000 1040965000
21.99   6.30   40.581
21.99   1.00    0.075    0.002
21.99   1.00    0.077   39.275
21.99   1.00    0.075    0.120   0.077   0.118
21.99   1.00    0.075    0.117   0.077   0.116

22.00   0.00    0.118    0.116   0.043   0.022   0.003   0.017   0.023   0.011   0.000   0.000   0.000 1041439000
22.00   6.29   40.578
22.00   1.00    0.075    0.002
22.00   1.00    0.077   39.270
22.00   1.00    0.075    0.120   0.077   0.118
22.00   1.00    0.075    0.117   0.077   0.116

22.01   0.00    0.118    0.116   0.043   0.022   0.003   0.017   0.023   0.011   0.000   0.000   0.000 1041912000
22.01   6.29   40.574
22.01   1.00    0.075    0.002
22.01   1.00    0.077   39.265
22.01   1.00    0.075    0.120   0.077   0.118
22.01   1.00    0.075    0.117   0.077   0.116

22.02   0.00    0.118    0.116   0.043   0.022   0.003   0.017   0.023   0.011   0.000   0.000   0.000 1042385000
22.02   6.29   40.571
22.02   1.00    0.075    0.002
22.02   1.00    0.077   39.260
22.02   1.00    0.075    0.120   0.077   0.118
22.02   1.00    0.075    0.117   0.077   0.116

22.03   0.00    0.118    0.116   0.043   0.022   0.003   0.017   0.023   0.011   0.000   0.000   0.000 1042859000
22.03   6.29   40.567
22.03   1.00    0.075    0.002
22.03   1.00    0.077   39.255
22.03   1.00    0.075    0.120   0.077   0.118
22.03   1.00    0.075    0.117   0.077   0.116

22.04   0.00    0.118    0.116   0.043   0.022   0.003   0.017   0.023   0.011   0.000   0.000   0.000 1043332000
22.04   6.29   40.564
22.04   1.00    0.075    0.002
22.04   1.00    0.077   39.250
22.04   1.00    0.075    0.120   0.077   0.118
22.04   1.00    0.075    0.117   0.077   0.116

22.05   0.00    0.118    0.116   0.043   0.022   0.003   0.017   0.023   0.011   0.000   0.000   0.000 1043806000
22.05   6.29   40.561
22.05   1.00    0.075    0.002
22.05   1.00    0.077   39.244
22.05   1.00    0.075    0.120   0.077   0.118
22.05   1.00    0.075    0.117   0.077   0.116

22.06   0.00    0.118    0.116   0.043   0.022   0.003   0.017   0.023   0.011   0.000   0.000   0.000 1044279000
22.06   6.29   40.557
22.06   1.00    0.075    0.002
22.06   1.00    0.077   39.239
22.06   1.00    0.075    0.120   0.077   0.118
22.06   1.00    0.075    0.117   0.077   0.116

22.07   0.00    0.118    0.116   0.043   0.022   0.003   0.017   0.023   0.011   0.000   0.000   0.000 1044752000
22.07   6.29   40.554
22.07   1.00    0.075    0.002
22.07   1.00    0.077   39.234
22.07   1.00    0.075    0.120   0.077   0.118
22.07   1.00    0.075    0.117   0.077   0.116

22.08   0.00    0.118    0.116   0.043   0.022   0.003   0.017   0.023   0.011   0.000   0.000   0.000 1045226000
22.08   6.28   40.550
22.08   1.00    0.075    0.002
22.08   1.00    0.077   39.229
22.08   1.00    0.075    0.120   0.077   0.118
22.08   1.00    0.075    0.117   0.077   0.116

22.09   0.00    0.118    0.116   0.043   0.022   0.003   0.017   0.023   0.011   0.000   0.000   0.000 1045699000
22.09   6.28   40.547
22.09   1.00    0.075    0.002
22.09   1.00    0.077   39.224
22.09   1.00    0.075    0.120   0.077   0.118
22.09   1.00    0.075    0.117   0.077   0.116

22.10   0.00    0.118    0.116   0.043   0.022   0.003   0.017   0.023   0.011   0.000   0.000   0.000 1046172000
22.10   6.28   40.543
22.10   1.00    0.075    0.002
22.10   1.00    0.077   39.219
22.10   1.00    0.075    0.120   0.077   0.118
22.10   1.00    0.075    0.117   0.077   0.116

22.11   0.00    0.118    0.116   0.043   0.022   0.003   0.017   0.023   0.011   0.000   0.000   0.000 1046646000
22.11   6.28   40.540
22.11   1.00    0.075    0.002
22.11   1.00    0.077   39.214
22.11   1.00    0.075    0.120   0.077   0.118
22.11   1.00    0.075    0.117   0.077   0.116

22.12   0.00    0.118    0.116   0.043   0.022   0.003   0.017   0.023   0.011   0.000   0.000   0.000 1047119000
22.12   6.28   40.537
22.12   1.00    0.075    0.002
22.12   1.00    0.077   39.209
22.12   1.00    0.075    0.120   0.077   0.118
22.12   1.00    0.075    0.117   0.077   0.116

22.13   0.00    0.118    0.116   0.043   0.022   0.003   0.017   0.023   0.011   0.000   0.000   0.000 1047593000
22.13   6.28   40.533
22.13   1.00    0.075    0.002
22.13   1.00    0.077   39.204
22.13   1.00    0.075    0.120   0.077   0.118
22.13   1.00    0.075    0.117   0.077   0.116

22.14   0.00    0.118    0.116   0.043   0.022   0.003   0.017   0.023   0.011   0.000   0.000   0.000 1048066000
22.14   6.28   40.530
22.14   1.00    0.075    0.002
22.14   1.00    0.077   39.199
22.14   1.00    0.075    0.120   0.077   0.118
22.14   1.00    0.075    0.117   0.077   0.116

22.15   0.00    0.118    0.116   0.043   0.022   0.003   0.017   0.023   0.011   0.000   0.000   0.000 1048539000
22.15   6.28   40.526
22.15   1.00    0.075    0.002
22.15   1.00    0.077   39.194
22.15   1.00    0.074    0.120   0.077   0.118
22.15   1.00    0.075    0.117   0.077   0.116

22.16   0.00    0.118    0.116   0.043   0.022   0.003   0.017   0.023   0.011   0.000   0.000   0.000 1049013000
22.16   6.27   40.523
22.16   1.00    0.075    0.002
22.16   1.00    0.077   39.189
22.16   1.00    0.074    0.120   0.077   0.118
22.16   1.00    0.075    0.117   0.077   0.116

22.17   0.00    0.118    0.116   0.043   0.022   0.003   0.017   0.023   0.011   0.000   0.000   0.000 1049486000
22.17   6.27   40.520
22.17   1.00    0.075    0.002
22.17   1.00    0.077   39.184
22.17   1.00    0.074    0.120   0.077   0.118
22.17   1.00    0.074    0.117   0.077   0.116

22.18   0.00    0.118    0.116   0.043   0.022   0.003   0.017   0.023   0.011   0.000   0.000   0.000 1049960000
22.18   6.27   40.516
22.18   1.00    0.075    0.002
22.18   1.00    0.077   39.179
22.18   1.00    0.074    0.120   0.077   0.118
22.18   1.00    0.074    0.117   0.077   0.116

22.19   0.00    0.118    0.116   0.043   0.022   0.003   0.017   0.023   0.011   0.000   0.000   0.000 1050433000
22.19   6.27   40.513
22.19   1.00    0.075    0.002
22.19   1.00    0.076   39.173
22.19   1.00    0.074    0.120   0.076   0.118
22.19   1.00    0.074    0.117   0.076   0.116

22.20   0.00    0.118    0.116   0.043   0.022   0.003   0.017   0.023   0.011   0.000   0.000   0.000 1050906000
22.20   6.27   40.509
22.20   1.00    0.075    0.002
22.20   1.00    0.076   39.168
22.20   1.00    0.074    0.120   0.076   0.118
22.20   1.00    0.074    0.117   0.076   0.116

22.21   0.00    0.118    0.116   0.043   0.022   0.003   0.017   0.023   0.011   0.000   0.000   0.000 1051380000
22.21   6.27   40.506
22.21   1.00    0.075    0.002
22.21   1.00    0.076   39.163
22.21   1.00    0.074    0.120   0.076   0.118
22.21   1.00    0.074    0.117   0.076   0.116

22.22   0.00    0.118    0.116   0.043   0.022   0.003   0.017   0.023   0.011   0.000   0.000   0.000 1051853000
22.22   6.27   40.502
22.22   1.00    0.075    0.002
22.22   1.00    0.076   39.158
22.22   1.00    0.074    0.120   0.076   0.118
22.22   1.00    0.074    0.117   0.076   0.116

22.23   0.00    0.118    0.116   0.043   0.022   0.003   0.017   0.023   0.011   0.000   0.000   0.000 1052326000
22.23   6.27   40.499
22.23   1.00    0.075    0.002
22.23   1.00    0.076   39.153
22.23   1.00    0.074    0.120   0.076   0.118
22.23   1.00    0.074    0.117   0.076   0.116

22.24   0.00    0.118    0.116   0.043   0.022   0.003   0.017   0.023   0.011   0.000   0.000   0.000 1052800000
22.24   6.27   40.496
22.24   1.00    0.075    0.002
22.24   1.00    0.076   39.148
22.24   1.00    0.074    0.120   0.076   0.118
22.24   1.00    0.074    0.117   0.076   0.116

22.25   0.00    0.118    0.116   0.043   0.022   0.003   0.017   0.023   0.011   0.000   0.000   0.000 1053273000
22.25   6.26   40.492
22.25   1.00    0.075    0.002
22.25   1.00    0.076   39.143
22.25   1.00    0.074    0.120   0.076   0.118
22.25   1.00    0.074    0.117   0.076   0.116

22.26   0.00    0.118    0.116   0.043   0.022   0.003   0.017   0.023   0.011   0.000   0.000   0.000 1053747000
22.26   6.26   40.489
22.26   1.00    0.075    0.002
22.26   1.00    0.076   39.138
22.26   1.00    0.074    0.120   0.076   0.118
22.26   1.00    0.074    0.117   0.076   0.116

22.27   0.00    0.118    0.116   0.043   0.022   0.003   0.017   0.023   0.011   0.000   0.000   0.000 1054220000
22.27   6.26   40.485
22.27   1.00    0.075    0.002
22.27   1.00    0.076   39.133
22.27   1.00    0.074    0.120   0.076   0.118
22.27   1.00    0.074    0.117   0.076   0.116

22.28   0.00    0.118    0.116   0.043   0.022   0.003   0.017   0.023   0.011   0.000   0.000   0.000 1054693000
22.28   6.26   40.482
22.28   1.00    0.075    0.002
22.28   1.00    0.076   39.128
22.28   1.00    0.074    0.120   0.076   0.118
22.28   1.00    0.074    0.117   0.076   0.116

22.29   0.00    0.118    0.116   0.043   0.022   0.003   0.017   0.023   0.011   0.000   0.000   0.000 1055167000
22.29   6.26   40.479
22.29   1.00    0.075    0.002
22.29   1.00    0.076   39.123
22.29   1.00    0.074    0.120   0.076   0.118
22.29   1.00    0.074    0.117   0.076   0.116

22.30   0.00    0.118    0.116   0.043   0.022   0.003   0.017   0.023   0.011   0.000   0.000   0.000 1055640000
22.30   6.26   40.475
22.30   1.00    0.074    0.002
22.30   1.00    0.076   39.118
22.30   1.00    0.074    0.120   0.076   0.118
22.30   1.00    0.074    0.117   0.076   0.116

22.31   0.00    0.118    0.116   0.043   0.022   0.003   0.017   0.023   0.011   0.000   0.000   0.000 1056113000
22.31   6.26   40.472
22.31   1.00    0.074    0.002
22.31   1.00    0.076   39.113
22.31   1.00    0.074    0.120   0.076   0.118
22.31   1.00    0.074    0.117   0.076   0.116

22.32   0.00    0.118    0.116   0.043   0.022   0.003   0.017   0.023   0.011   0.000   0.000   0.000 1056587000
22.32   6.26   40.468
22.32   1.00    0.074    0.002
22.32   1.00    0.076   39.108
22.32   1.00    0.074    0.120   0.076   0.118
22.32   1.00    0.074    0.117   0.076   0.116

22.33   0.00    0.118    0.116   0.043   0.022   0.003   0.017   0.023   0.011   0.000   0.000   0.000 1057060000
22.33   6.25   40.465
22.33   1.00    0.074    0.002
22.33   1.00    0.076   39.103
22.33   1.00    0.074    0.120   0.076   0.118
22.33   1.00    0.074    0.117   0.076   0.116

22.34   0.00    0.118    0.116   0.043   0.022   0.003   0.017   0.023   0.011   0.000   0.000   0.000 1057534000
22.34   6.25   40.462
22.34   1.00    0.074    0.002
22.34   1.00    0.076   39.098
22.34   1.00    0.074    0.120   0.076   0.118
22.34   1.00    0.074    0.117   0.076   0.116

22.35   0.00    0.118    0.116   0.043   0.022   0.003   0.017   0.023   0.011   0.000   0.000   0.000 1058007000
22.35   6.25   40.458
22.35   1.00    0.074    0.002
22.35   1.00    0.076   39.093
22.35   1.00    0.074    0.120   0.076   0.118
22.35   1.00    0.074    0.117   0.076   0.116

22.36   0.00    0.118    0.116   0.043   0.022   0.003   0.017   0.023   0.011   0.000   0.000   0.000 1058480000
22.36   6.25   40.455
22.36   1.00    0.074    0.002
22.36   1.00    0.076   39.088
22.36   1.00    0.074    0.120   0.076   0.118
22.36   1.00    0.074    0.117   0.076   0.116

22.37   0.00    0.118    0.116   0.043   0.022   0.003   0.017   0.023   0.011   0.000   0.000   0.000 1058954000
22.37   6.25   40.452
22.37   1.00    0.074    0.002
22.37   1.00    0.076   39.083
22.37   1.00    0.074    0.119   0.076   0.118
22.37   1.00    0.074    0.117   0.076   0.116

22.38   0.00    0.118    0.116   0.043   0.022   0.003   0.017   0.023   0.011   0.000   0.000   0.000 1059427000
22.38   6.25   40.448
22.38   1.00    0.074    0.002
22.38   1.00    0.076   39.078
22.38   1.00    0.074    0.119   0.076   0.118
22.38   1.00    0.074    0.117   0.076   0.116

22.39   0.00    0.118    0.116   0.043   0.022   0.003   0.017   0.023   0.011   0.000   0.000   0.000 1059901000
22.39   6.25   40.445
22.39   1.00    0.074    0.002
22.39   1.00    0.076   39.073
22.39   1.00    0.074    0.119   0.076   0.118
22.39   1.00    0.074    0.117   0.076   0.116

22.40   0.00    0.118    0.116   0.043   0.022   0.003   0.017   0.023   0.011   0.000   0.000   0.000 1060374000
22.40   6.25   40.441
22.40   1.00    0.074    0.002
22.40   1.00    0.076   39.068
22.40   1.00    0.074    0.119   0.076   0.118
22.40   1.00    0.074    0.117   0.076   0.116

22.41   0.00    0.118    0.116   0.043   0.022   0.003   0.017   0.023   0.011   0.000   0.000   0.000 1060847000
22.41   6.24   40.438
22.41   1.00    0.074    0.002
22.41   1.00    0.076   39.063
22.41   1.00    0.074    0.119   0.076   0.118
22.41   1.00    0.074    0.117   0.076   0.116

22.42   0.00    0.118    0.116   0.043   0.022   0.003   0.017   0.023   0.011   0.000   0.000   0.000 1061321000
22.42   6.24   40.435
22.42   1.00    0.074    0.002
22.42   1.00    0.076   39.058
22.42   1.00    0.074    0.119   0.076   0.118
22.42   1.00    0.074    0.117   0.076   0.116

22.43   0.00    0.118    0.116   0.043   0.022   0.003   0.017   0.023   0.011   0.000   0.000   0.000 1061794000
22.43   6.24   40.431
22.43   1.00    0.074    0.002
22.43   1.00    0.076   39.053
22.43   1.00    0.074    0.119   0.076   0.118
22.43   1.00    0.074    0.117   0.076   0.116

22.44   0.00    0.118    0.116   0.043   0.022   0.003   0.017   0.023   0.011   0.000   0.000   0.000 1062267000
22.44   6.24   40.428
22.44   1.00    0.074    0.002
22.44   1.00    0.076   39.048
22.44   1.00    0.074    0.119   0.076   0.118
22.44   1.00    0.074    0.117   0.076   0.116

22.45   0.00    0.118    0.116   0.043   0.022   0.003   0.017   0.023   0.011   0.000   0.000   0.000 1062741000
22.45   6.24   40.425
22.45   1.00    0.074    0.002
22.45   1.00    0.076   39.043
22.45   1.00    0.074    0.119   0.076   0.118
22.45   1.00    0.074    0.117   0.076   0.116

22.46   0.00    0.118    0.116   0.043   0.022   0.003   0.017   0.023   0.011   0.000   0.000   0.000 1063214000
22.46   6.24   40.421
22.46   1.00    0.074    0.002
22.46   1.00    0.076   39.038
22.46   1.00    0.074    0.119   0.076   0.118
22.46   1.00    0.074    0.117   0.076   0.116

22.47   0.00    0.118    0.116   0.043   0.022   0.003   0.017   0.023   0.011   0.000   0.000   0.000 1063688000
22.47   6.24   40.418
22.47   1.00    0.074    0.002
22.47   1.00    0.076   39.033
22.47   1.00    0.074    0.119   0.076   0.118
22.47   1.00    0.074    0.117   0.076   0.116

22.48   0.00    0.118    0.116   0.043   0.022   0.003   0.017   0.023   0.011   0.000   0.000   0.000 1064161000
22.48   6.24   40.414
22.48   1.00    0.074    0.002
22.48   1.00    0.076   39.028
22.48   1.00    0.074    0.119   0.076   0.118
22.48   1.00    0.074    0.117   0.076   0.116

22.49   0.00    0.118    0.116   0.043   0.022   0.003   0.017   0.023   0.011   0.000   0.000   0.000 1064634000
22.49   6.23   40.411
22.49   1.00    0.074    0.002
22.49   1.00    0.076   39.023
22.49   1.00    0.074    0.119   0.076   0.118
22.49   1.00    0.074    0.117   0.076   0.116

22.50   0.00    0.118    0.116   0.043   0.022   0.003   0.017   0.023   0.011   0.000   0.000   0.000 1065108000
22.50   6.23   40.408
22.50   1.00    0.074    0.002
22.50   1.00    0.076   39.018
22.50   1.00    0.074    0.119   0.076   0.118
22.50   1.00    0.074    0.117   0.076   0.116

22.51   0.00    0.118    0.116   0.043   0.022   0.003   0.017   0.023   0.011   0.000   0.000   0.000 1065581000
22.51   6.23   40.404
22.51   1.00    0.074    0.002
22.51   1.00    0.076   39.013
22.51   1.00    0.074    0.119   0.076   0.118
22.51   1.00    0.074    0.117   0.076   0.116

22.52   0.00    0.118    0.116   0.043   0.022   0.003   0.017   0.023   0.011   0.000   0.000   0.000 1066055000
22.52   6.23   40.401
22.52   1.00    0.074    0.002
22.52   1.00    0.076   39.008
22.52   1.00    0.074    0.119   0.076   0.118
22.52   1.00    0.074    0.117   0.076   0.116

22.53   0.00    0.118    0.116   0.043   0.022   0.003   0.017   0.023   0.011   0.000   0.000   0.000 1066528000
22.53   6.23   40.398
22.53   1.00    0.074    0.002
22.53   1.00    0.076   39.003
22.53   1.00    0.074    0.119   0.076   0.118
22.53   1.00    0.074    0.117   0.076   0.116

22.54   0.00    0.118    0.116   0.043   0.022   0.003   0.017   0.023   0.011   0.000   0.000   0.000 1067001000
22.54   6.23   40.394
22.54   1.00    0.074    0.002
22.54   1.00    0.076   38.998
22.54   1.00    0.074    0.119   0.076   0.118
22.54   1.00    0.074    0.117   0.076   0.116

22.55   0.00    0.118    0.116   0.043   0.022   0.003   0.017   0.023   0.011   0.000   0.000   0.000 1067475000
22.55   6.23   40.391
22.55   1.00    0.074    0.002
22.55   1.00    0.076   38.993
22.55   1.00    0.074    0.119   0.076   0.118
22.55   1.00    0.074    0.117   0.076   0.116

22.56   0.00    0.118    0.116   0.043   0.022   0.003   0.017   0.023   0.011   0.000   0.000   0.000 1067948000
22.56   6.23   40.388
22.56   1.00    0.074    0.002
22.56   1.00    0.076   38.988
22.56   1.00    0.074    0.119   0.076   0.118
22.56   1.00    0.074    0.117   0.076   0.116

22.57   0.00    0.118    0.116   0.043   0.022   0.003   0.017   0.023   0.011   0.000   0.000   0.000 1068421000
22.57   6.23   40.384
22.57   1.00    0.074    0.002
22.57   1.00    0.076   38.983
22.57   1.00    0.074    0.119   0.076   0.118
22.57   1.00    0.074    0.117   0.076   0.116

22.58   0.00    0.118    0.116   0.043   0.022   0.003   0.017   0.023   0.011   0.000   0.000   0.000 1068895000
22.58   6.22   40.381
22.58   1.00    0.074    0.002
22.58   1.00    0.076   38.978
22.58   1.00    0.074    0.119   0.076   0.118
22.58   1.00    0.074    0.117   0.076   0.116

22.59   0.00    0.118    0.116   0.043   0.022   0.003   0.017   0.023   0.011   0.000   0.000   0.000 1069368000
22.59   6.22   40.378
22.59   1.00    0.074    0.002
22.59   1.00    0.076   38.973
22.59   1.00    0.074    0.119   0.076   0.118
22.59   1.00    0.074    0.117   0.076   0.116

22.60   0.00    0.118    0.116   0.043   0.022   0.003   0.017   0.023   0.011   0.000   0.000   0.000 1069842000
22.60   6.22   40.374
22.60   1.00    0.074    0.002
22.60   1.00    0.076   38.968
22.60   1.00    0.074    0.119   0.076   0.118
22.60   1.00    0.074    0.117   0.076   0.116

22.61   0.00    0.118    0.116   0.043   0.022   0.003   0.017   0.023   0.011   0.000   0.000   0.000 1070315000
22.61   6.22   40.371
22.61   1.00    0.074    0.002
22.61   1.00    0.076   38.963
22.61   1.00    0.074    0.119   0.076   0.118
22.61   1.00    0.074    0.117   0.076   0.116

22.62   0.00    0.118    0.116   0.043   0.022   0.003   0.017   0.023   0.011   0.000   0.000   0.000 1070788000
22.62   6.22   40.368
22.62   1.00    0.074    0.002
22.62   1.00    0.076   38.958
22.62   1.00    0.074    0.119   0.076   0.118
22.62   1.00    0.074    0.117   0.076   0.116

22.63   0.00    0.118    0.116   0.043   0.022   0.003   0.017   0.023   0.011   0.000   0.000   0.000 1071262000
22.63   6.22   40.364
22.63   1.00    0.074    0.002
22.63   1.00    0.076   38.954
22.63   1.00    0.074    0.119   0.076   0.118
22.63   1.00    0.074    0.117   0.076   0.116

22.64   0.00    0.118    0.116   0.043   0.022   0.003   0.017   0.023   0.011   0.000   0.000   0.000 1071735000
22.64   6.22   40.361
22.64   1.00    0.074    0.002
22.64   1.00    0.076   38.949
22.64   1.00    0.074    0.119   0.076   0.118
22.64   1.00    0.074    0.117   0.076   0.116

22.65   0.00    0.118    0.116   0.043   0.022   0.003   0.017   0.023   0.011   0.000   0.000   0.000 1072208000
22.65   6.22   40.357
22.65   1.00    0.074    0.002
22.65   1.00    0.076   38.944
22.65   1.00    0.074    0.119   0.076   0.118
22.65   1.00    0.074    0.117   0.076   0.116

22.66   0.00    0.118    0.116   0.043   0.022   0.003   0.017   0.023   0.011   0.000   0.000   0.000 1072682000
22.66   6.21   40.354
22.66   1.00    0.074    0.002
22.66   1.00    0.076   38.939
22.66   1.00    0.074    0.119   0.076   0.118
22.66   1.00    0.074    0.117   0.076   0.116

22.67   0.00    0.118    0.116   0.043   0.022   0.003   0.017   0.023   0.011   0.000   0.000   0.000 1073155000
22.67   6.21   40.351
22.67   1.00    0.074    0.002
22.67   1.00    0.076   38.934
22.67   1.00    0.074    0.119   0.076   0.118
22.67   1.00    0.074    0.117   0.076   0.116

22.68   0.00    0.118    0.116   0.043   0.022   0.003   0.017   0.023   0.011   0.000   0.000   0.000 1073629000
22.68   6.21   40.347
22.68   1.00    0.074    0.002
22.68   1.00    0.076   38.929
22.68   1.00    0.074    0.119   0.076   0.118
22.68   1.00    0.074    0.117   0.076   0.116

22.69   0.00    0.118    0.116   0.043   0.022   0.003   0.017   0.023   0.011   0.000   0.000   0.000 1074102000
22.69   6.21   40.344
22.69   1.00    0.074    0.002
22.69   1.00    0.076   38.924
22.69   1.00    0.074    0.119   0.076   0.118
22.69   1.00    0.074    0.117   0.076   0.116

22.70   0.00    0.118    0.116   0.043   0.022   0.003   0.017   0.023   0.011   0.000   0.000   0.000 1074575000
22.70   6.21   40.341
22.70   1.00    0.074    0.002
22.70   1.00    0.076   38.919
22.70   1.00    0.074    0.119   0.076   0.118
22.70   1.00    0.074    0.117   0.076   0.116

22.71   0.00    0.118    0.116   0.043   0.022   0.003   0.017   0.023   0.011   0.000   0.000   0.000 1075049000
22.71   6.21   40.337
22.71   1.00    0.074    0.002
22.71   1.00    0.076   38.914
22.71   1.00    0.074    0.119   0.076   0.118
22.71   1.00    0.074    0.117   0.076   0.116

22.72   0.00    0.118    0.116   0.043   0.022   0.003   0.017   0.023   0.011   0.000   0.000   0.000 1075522000
22.72   6.21   40.334
22.72   1.00    0.074    0.002
22.72   1.00    0.076   38.909
22.72   1.00    0.073    0.119   0.076   0.118
22.72   1.00    0.074    0.117   0.076   0.116

22.73   0.00    0.118    0.116   0.043   0.022   0.003   0.017   0.023   0.011   0.000   0.000   0.000 1075996000
22.73   6.21   40.331
22.73   1.00    0.074    0.002
22.73   1.00    0.076   38.904
22.73   1.00    0.073    0.119   0.076   0.118
22.73   1.00    0.074    0.117   0.076   0.116

22.74   0.00    0.118    0.116   0.043   0.022   0.003   0.017   0.023   0.011   0.000   0.000   0.000 1076469000
22.74   6.20   40.327
22.74   1.00    0.074    0.002
22.74   1.00    0.076   38.899
22.74   1.00    0.073    0.119   0.076   0.118
22.74   1.00    0.074    0.117   0.076   0.116

22.75   0.00    0.118    0.116   0.043   0.022   0.003   0.017   0.023   0.011   0.000   0.000   0.000 1076942000
22.75   6.20   40.324
22.75   1.00    0.074    0.002
22.75   1.00    0.076   38.894
22.75   1.00    0.073    0.119   0.076   0.118
22.75   1.00    0.073    0.117   0.076   0.116

22.76   0.00    0.118    0.116   0.043   0.022   0.003   0.017   0.023   0.011   0.000   0.000   0.000 1077416000
22.76   6.20   40.321
22.76   1.00    0.074    0.002
22.76   1.00    0.076   38.889
22.76   1.00    0.073    0.119   0.076   0.118
22.76   1.00    0.073    0.117   0.076   0.116

22.77   0.00    0.118    0.116   0.043   0.022   0.003   0.017   0.023   0.011   0.000   0.000   0.000 1077889000
22.77   6.20   40.318
22.77   1.00    0.074    0.002
22.77   1.00    0.075   38.884
22.77   1.00    0.073    0.119   0.075   0.118
22.77   1.00    0.073    0.117   0.075   0.116

22.78   0.00    0.118    0.116   0.043   0.022   0.003   0.017   0.023   0.011   0.000   0.000   0.000 1078362000
22.78   6.20   40.314
22.78   1.00    0.074    0.002
22.78   1.00    0.075   38.880
22.78   1.00    0.073    0.119   0.075   0.118
22.78   1.00    0.073    0.117   0.075   0.116

22.79   0.00    0.118    0.116   0.043   0.022   0.003   0.017   0.023   0.011   0.000   0.000   0.000 1078836000
22.79   6.20   40.311
22.79   1.00    0.074    0.002
22.79   1.00    0.075   38.875
22.79   1.00    0.073    0.119   0.075   0.118
22.79   1.00    0.073    0.117   0.075   0.116

22.80   0.00    0.118    0.116   0.043   0.022   0.003   0.017   0.023   0.011   0.000   0.000   0.000 1079309000
22.80   6.20   40.308
22.80   1.00    0.074    0.002
22.80   1.00    0.075   38.870
22.80   1.00    0.073    0.119   0.075   0.118
22.80   1.00    0.073    0.117   0.075   0.116

22.81   0.00    0.118    0.116   0.043   0.022   0.003   0.017   0.023   0.011   0.000   0.000   0.000 1079783000
22.81   6.20   40.304
22.81   1.00    0.074    0.002
22.81   1.00    0.075   38.865
22.81   1.00    0.073    0.119   0.075   0.118
22.81   1.00    0.073    0.117   0.075   0.116

22.82   0.00    0.118    0.116   0.043   0.022   0.003   0.017   0.023   0.011   0.000   0.000   0.000 1080256000
22.82   6.20   40.301
22.82   1.00    0.074    0.002
22.82   1.00    0.075   38.860
22.82   1.00    0.073    0.119   0.075   0.118
22.82   1.00    0.073    0.117   0.075   0.116

22.83   0.00    0.118    0.116   0.043   0.022   0.003   0.017   0.023   0.011   0.000   0.000   0.000 1080729000
22.83   6.19   40.298
22.83   1.00    0.074    0.002
22.83   1.00    0.075   38.855
22.83   1.00    0.073    0.119   0.075   0.118
22.83   1.00    0.073    0.117   0.075   0.116

22.84   0.00    0.118    0.116   0.043   0.022   0.003   0.017   0.023   0.011   0.000   0.000   0.000 1081203000
22.84   6.19   40.294
22.84   1.00    0.074    0.002
22.84   1.00    0.075   38.850
22.84   1.00    0.073    0.119   0.075   0.118
22.84   1.00    0.073    0.117   0.075   0.116

22.85   0.00    0.118    0.116   0.043   0.022   0.003   0.017   0.023   0.011   0.000   0.000   0.000 1081676000
22.85   6.19   40.291
22.85   1.00    0.074    0.002
22.85   1.00    0.075   38.845
22.85   1.00    0.073    0.119   0.075   0.118
22.85   1.00    0.073    0.117   0.075   0.116

22.86   0.00    0.118    0.116   0.043   0.022   0.003   0.017   0.023   0.011   0.000   0.000   0.000 1082150000
22.86   6.19   40.288
22.86   1.00    0.074    0.002
22.86   1.00    0.075   38.840
22.86   1.00    0.073    0.119   0.075   0.118
22.86   1.00    0.073    0.117   0.075   0.116

22.87   0.00    0.118    0.116   0.043   0.022   0.003   0.017   0.023   0.011   0.000   0.000   0.000 1082623000
22.87   6.19   40.284
22.87   1.00    0.074    0.002
22.87   1.00    0.075   38.835
22.87   1.00    0.073    0.119   0.075   0.118
22.87   1.00    0.073    0.117   0.075   0.116

22.88   0.00    0.118    0.116   0.043   0.022   0.003   0.017   0.023   0.011   0.000   0.000   0.000 1083096000
22.88   6.19   40.281
22.88   1.00    0.073    0.002
22.88   1.00    0.075   38.830
22.88   1.00    0.073    0.119   0.075   0.118
22.88   1.00    0.073    0.117   0.075   0.116

22.89   0.00    0.118    0.116   0.043   0.022   0.003   0.017   0.023   0.011   0.000   0.000   0.000 1083570000
22.89   6.19   40.278
22.89   1.00    0.073    0.002
22.89   1.00    0.075   38.826
22.89   1.00    0.073    0.119   0.075   0.118
22.89   1.00    0.073    0.117   0.075   0.116

22.90   0.00    0.118    0.116   0.043   0.022   0.003   0.017   0.023   0.011   0.000   0.000   0.000 1084043000
22.90   6.19   40.274
22.90   1.00    0.073    0.002
22.90   1.00    0.075   38.821
22.90   1.00    0.073    0.119   0.075   0.118
22.90   1.00    0.073    0.117   0.075   0.116

22.91   0.00    0.118    0.116   0.043   0.022   0.003   0.017   0.023   0.011   0.000   0.000   0.000 1084516000
22.91   6.18   40.271
22.91   1.00    0.073    0.002
22.91   1.00    0.075   38.816
22.91   1.00    0.073    0.119   0.075   0.118
22.91   1.00    0.073    0.117   0.075   0.116

22.92   0.00    0.118    0.116   0.043   0.022   0.003   0.017   0.023   0.011   0.000   0.000   0.000 1084990000
22.92   6.18   40.268
22.92   1.00    0.073    0.002
22.92   1.00    0.075   38.811
22.92   1.00    0.073    0.119   0.075   0.118
22.92   1.00    0.073    0.117   0.075   0.116

22.93   0.00    0.118    0.116   0.043   0.022   0.003   0.017   0.023   0.011   0.000   0.000   0.000 1085463000
22.93   6.18   40.265
22.93   1.00    0.073    0.002
22.93   1.00    0.075   38.807
22.93   1.00    0.073    0.119   0.075   0.118
22.93   1.00    0.073    0.117   0.075   0.116

22.94   0.00    0.118    0.116   0.043   0.022   0.003   0.017   0.023   0.011   0.000   0.000   0.000 1085937000
22.94   6.19   40.264
22.94   1.00    0.073    0.002
22.94   1.00    0.075   38.803
22.94   1.00    0.073    0.119   0.075   0.118
22.94   1.00    0.073    0.117   0.075   0.116

22.95   0.00    0.118    0.116   0.043   0.022   0.003   0.017   0.023   0.011   0.000   0.000   0.000 1086410000
22.95   6.19   40.261
22.95   1.00    0.073    0.002
22.95   1.00    0.075   38.799
22.95   1.00    0.073    0.119   0.075   0.118
22.95   1.00    0.073    0.117   0.075   0.116

22.96   0.00    0.118    0.116   0.043   0.022   0.003   0.017   0.023   0.011   0.000   0.000   0.000 1086883000
22.96   6.18   40.258
22.96   1.00    0.073    0.002
22.96   1.00    0.075   38.795
22.96   1.00    0.073    0.119   0.075   0.118
22.96   1.00    0.073    0.117   0.075   0.116

22.97   0.00    0.118    0.116   0.043   0.022   0.003   0.017   0.023   0.011   0.000   0.000   0.000 1087357000
22.97   6.18   40.255
22.97   1.00    0.073    0.002
22.97   1.00    0.075   38.791
22.97   1.00    0.073    0.119   0.075   0.118
22.97   1.00    0.073    0.117   0.075   0.116

22.98   0.00    0.118    0.116   0.043   0.022   0.003   0.017   0.023   0.011   0.000   0.000   0.000 1087830000
22.98   6.18   40.252
22.98   1.00    0.073    0.002
22.98   1.00    0.075   38.787
22.98   1.00    0.073    0.119   0.075   0.118
22.98   1.00    0.073    0.117   0.075   0.116

22.99   0.00    0.118    0.116   0.043   0.022   0.003   0.017   0.023   0.011   0.000   0.000   0.000 1088303000
22.99   6.18   40.248
22.99   1.00    0.073    0.002
22.99   1.00    0.075   38.783
22.99   1.00    0.073    0.119   0.075   0.118
22.99   1.00    0.073    0.117   0.075   0.116

23.00   0.00    0.118    0.116   0.043   0.022   0.003   0.017   0.023   0.011   0.000   0.000   0.000 1088777000
23.00   6.18   40.245
23.00   1.00    0.073    0.002
23.00   1.00    0.075   38.779
23.00   1.00    0.073    0.119   0.075   0.118
23.00   1.00    0.073    0.117   0.075   0.116

23.01   0.00    0.118    0.116   0.043   0.022   0.002   0.017   0.023   0.011   0.000   0.000   0.000 1089250000
23.01   6.18   40.242
23.01   1.00    0.073    0.002
23.01   1.00    0.075   38.775
23.01   1.00    0.073    0.119   0.075   0.118
23.01   1.00    0.073    0.117   0.075   0.116

23.02   0.00    0.118    0.116   0.043   0.022   0.002   0.017   0.023   0.011   0.000   0.000   0.000 1089724000
23.02   6.18   40.239
23.02   1.00    0.073    0.002
23.02   1.00    0.075   38.771
23.02   1.00    0.073    0.119   0.075   0.118
23.02   1.00    0.073    0.117   0.075   0.116

23.03   0.00    0.118    0.116   0.043   0.022   0.002   0.017   0.023   0.011   0.000   0.000   0.000 1090197000
23.03   6.18   40.236
23.03   1.00    0.073    0.002
23.03   1.00    0.075   38.767
23.03   1.00    0.073    0.119   0.075   0.118
23.03   1.00    0.073    0.117   0.075   0.116

23.04   0.00    0.118    0.116   0.043   0.022   0.002   0.017   0.023   0.011   0.000   0.000   0.000 1090670000
23.04   6.18   40.233
23.04   1.00    0.073    0.002
23.04   1.00    0.075   38.763
23.04   1.00    0.073    0.119   0.075   0.118
23.04   1.00    0.073    0.117   0.075   0.116

23.05   0.00    0.118    0.116   0.043   0.022   0.002   0.017   0.023   0.011   0.000   0.000   0.000 1091144000
23.05   6.18   40.229
23.05   1.00    0.073    0.002
23.05   1.00    0.075   38.759
23.05   1.00    0.073    0.119   0.075   0.118
23.05   1.00    0.073    0.117   0.075   0.116

23.06   0.00    0.118    0.116   0.043   0.022   0.002   0.017   0.023   0.011   0.000   0.000   0.000 1091617000
23.06   6.18   40.226
23.06   1.00    0.073    0.002
23.06   1.00    0.075   38.755
23.06   1.00    0.073    0.119   0.075   0.118
23.06   1.00    0.073    0.117   0.075   0.116

23.07   0.00    0.118    0.116   0.043   0.022   0.002   0.017   0.023   0.011   0.000   0.000   0.000 1092090000
23.07   6.17   40.223
23.07   1.00    0.073    0.002
23.07   1.00    0.075   38.751
23.07   1.00    0.073    0.119   0.075   0.118
23.07   1.00    0.073    0.117   0.075   0.116

23.08   0.00    0.118    0.116   0.043   0.022   0.002   0.017   0.023   0.011   0.000   0.000   0.000 1092564000
23.08   6.17   40.220
23.08   1.00    0.073    0.002
23.08   1.00    0.075   38.748
23.08   1.00    0.073    0.119   0.075   0.118
23.08   1.00    0.073    0.117   0.075   0.116

23.09   0.00    0.118    0.116   0.043   0.022   0.002   0.017   0.023   0.011   0.000   0.000   0.000 1093037000
23.09   6.17   40.217
23.09   1.00    0.073    0.002
23.09   1.00    0.075   38.744
23.09   1.00    0.073    0.119   0.075   0.118
23.09   1.00    0.073    0.117   0.075   0.116

23.10   0.00    0.118    0.116   0.043   0.022   0.002   0.017   0.023   0.011   0.000   0.000   0.000 1093511000
23.10   6.17   40.214
23.10   1.00    0.073    0.002
23.10   1.00    0.075   38.740
23.10   1.00    0.073    0.119   0.075   0.118
23.10   1.00    0.073    0.117   0.075   0.116

23.11   0.00    0.118    0.116   0.043   0.022   0.002   0.017   0.023   0.011   0.000   0.000   0.000 1093984000
23.11   6.17   40.211
23.11   1.00    0.073    0.002
23.11   1.00    0.075   38.736
23.11   1.00    0.073    0.119   0.075   0.118
23.11   1.00    0.073    0.117   0.075   0.116

23.12   0.00    0.118    0.116   0.043   0.022   0.002   0.017   0.023   0.011   0.000   0.000   0.000 1094457000
23.12   6.17   40.207
23.12   1.00    0.073    0.002
23.12   1.00    0.075   38.732
23.12   1.00    0.073    0.119   0.075   0.118
23.12   1.00    0.073    0.117   0.075   0.116

23.13   0.00    0.118    0.116   0.043   0.022   0.002   0.017   0.023   0.011   0.000   0.000   0.000 1094931000
23.13   6.17   40.204
23.13   1.00    0.073    0.002
23.13   1.00    0.075   38.728
23.13   1.00    0.073    0.119   0.075   0.118
23.13   1.00    0.073    0.117   0.075   0.116

23.14   0.00    0.118    0.116   0.043   0.022   0.002   0.017   0.023   0.011   0.000   0.000   0.000 1095404000
23.14   6.17   40.201
23.14   1.00    0.073    0.002
23.14   1.00    0.075   38.724
23.14   1.00    0.073    0.119   0.075   0.118
23.14   1.00    0.073    0.117   0.075   0.116

23.15   0.00    0.118    0.116   0.043   0.022   0.002   0.017   0.023   0.011   0.000   0.000   0.000 1095878000
23.15   6.17   40.198
23.15   1.00    0.073    0.002
23.15   1.00    0.075   38.720
23.15   1.00    0.073    0.119   0.075   0.118
23.15   1.00    0.073    0.117   0.075   0.116

23.16   0.00    0.118    0.116   0.043   0.022   0.002   0.017   0.023   0.011   0.000   0.000   0.000 1096351000
23.16   6.17   40.195
23.16   1.00    0.073    0.002
23.16   1.00    0.075   38.716
23.16   1.00    0.073    0.119   0.075   0.118
23.16   1.00    0.073    0.117   0.075   0.116

23.17   0.00    0.118    0.116   0.043   0.022   0.002   0.017   0.023   0.011   0.000   0.000   0.000 1096824000
23.17   6.16   40.192
23.17   1.00    0.073    0.002
23.17   1.00    0.075   38.712
23.17   1.00    0.073    0.119   0.075   0.118
23.17   1.00    0.073    0.117   0.075   0.116

23.18   0.00    0.118    0.116   0.043   0.022   0.002   0.017   0.023   0.011   0.000   0.000   0.000 1097298000
23.18   6.16   40.189
23.18   1.00    0.073    0.002
23.18   1.00    0.075   38.708
23.18   1.00    0.073    0.119   0.075   0.118
23.18   1.00    0.073    0.117   0.075   0.116

23.19   0.00    0.118    0.116   0.043   0.022   0.002   0.017   0.023   0.011   0.000   0.000   0.000 1097771000
23.19   6.16   40.186
23.19   1.00    0.073    0.002
23.19   1.00    0.075   38.705
23.19   1.00    0.073    0.119   0.075   0.118
23.19   1.00    0.073    0.117   0.075   0.116

23.20   0.00    0.118    0.116   0.043   0.022   0.002   0.017   0.023   0.011   0.000   0.000   0.000 1098244000
23.20   6.16   40.182
23.20   1.00    0.073    0.002
23.20   1.00    0.075   38.701
23.20   1.00    0.073    0.119   0.075   0.118
23.20   1.00    0.073    0.117   0.075   0.116

23.21   0.00    0.118    0.116   0.043   0.022   0.002   0.017   0.023   0.011   0.000   0.000   0.000 1098718000
23.21   6.16   40.179
23.21   1.00    0.073    0.002
23.21   1.00    0.075   38.697
23.21   1.00    0.073    0.119   0.075   0.118
23.21   1.00    0.073    0.117   0.075   0.116

23.22   0.00    0.118    0.116   0.043   0.022   0.002   0.017   0.023   0.011   0.000   0.000   0.000 1099191000
23.22   6.16   40.176
23.22   1.00    0.073    0.002
23.22   1.00    0.075   38.693
23.22   1.00    0.073    0.119   0.075   0.118
23.22   1.00    0.073    0.117   0.075   0.116

23.23   0.00    0.118    0.116   0.043   0.022   0.002   0.017   0.023   0.011   0.000   0.000   0.000 1099665000
23.23   6.16   40.173
23.23   1.00    0.073    0.002
23.23   1.00    0.075   38.689
23.23   1.00    0.073    0.119   0.075   0.118
23.23   1.00    0.073    0.117   0.075   0.116

23.24   0.00    0.118    0.116   0.043   0.022   0.002   0.017   0.023   0.011   0.000   0.000   0.000 1100138000
23.24   6.16   40.170
23.24   1.00    0.073    0.002
23.24   1.00    0.075   38.685
23.24   1.00    0.073    0.119   0.075   0.118
23.24   1.00    0.073    0.117   0.075   0.116

23.25   0.00    0.118    0.116   0.043   0.022   0.002   0.017   0.023   0.011   0.000   0.000   0.000 1100611000
23.25   6.16   40.167
23.25   1.00    0.073    0.002
23.25   1.00    0.075   38.681
23.25   1.00    0.073    0.119   0.075   0.118
23.25   1.00    0.073    0.117   0.075   0.116

23.26   0.00    0.118    0.116   0.043   0.022   0.002   0.017   0.023   0.011   0.000   0.000   0.000 1101085000
23.26   6.16   40.164
23.26   1.00    0.073    0.002
23.26   1.00    0.075   38.677
23.26   1.00    0.073    0.119   0.075   0.118
23.26   1.00    0.073    0.117   0.075   0.116

23.27   0.00    0.118    0.116   0.043   0.022   0.002   0.017   0.023   0.011   0.000   0.000   0.000 1101558000
23.27   6.16   40.161
23.27   1.00    0.073    0.002
23.27   1.00    0.075   38.674
23.27   1.00    0.073    0.119   0.075   0.118
23.27   1.00    0.073    0.117   0.075   0.116

23.28   0.00    0.118    0.116   0.043   0.022   0.002   0.017   0.023   0.011   0.000   0.000   0.000 1102031000
23.28   6.15   40.157
23.28   1.00    0.073    0.002
23.28   1.00    0.075   38.670
23.28   1.00    0.073    0.119   0.075   0.118
23.28   1.00    0.073    0.117   0.075   0.116

23.29   0.00    0.118    0.116   0.043   0.022   0.002   0.017   0.023   0.011   0.000   0.000   0.000 1102505000
23.29   6.15   40.154
23.29   1.00    0.073    0.002
23.29   1.00    0.075   38.666
23.29   1.00    0.073    0.119   0.075   0.118
23.29   1.00    0.073    0.117   0.075   0.116

23.30   0.00    0.118    0.116   0.043   0.022   0.002   0.017   0.023   0.011   0.000   0.000   0.000 1102978000
23.30   6.15   40.151
23.30   1.00    0.073    0.002
23.30   1.00    0.075   38.662
23.30   1.00    0.073    0.119   0.075   0.118
23.30   1.00    0.073    0.117   0.075   0.116

23.31   0.00    0.118    0.116   0.043   0.022   0.002   0.017   0.023   0.011   0.000   0.000   0.000 1103452000
23.31   6.15   40.148
23.31   1.00    0.073    0.002
23.31   1.00    0.075   38.658
23.31   1.00    0.073    0.119   0.075   0.118
23.31   1.00    0.073    0.117   0.075   0.116

23.32   0.00    0.118    0.116   0.043   0.022   0.002   0.017   0.023   0.011   0.000   0.000   0.000 1103925000
23.32   6.15   40.145
23.32   1.00    0.073    0.002
23.32   1.00    0.075   38.654
23.32   1.00    0.073    0.119   0.075   0.118
23.32   1.00    0.073    0.117   0.075   0.116

23.33   0.00    0.118    0.116   0.043   0.022   0.002   0.017   0.023   0.011   0.000   0.000   0.000 1104398000
23.33   6.15   40.142
23.33   1.00    0.073    0.002
23.33   1.00    0.075   38.651
23.33   1.00    0.073    0.119   0.075   0.118
23.33   1.00    0.073    0.117   0.075   0.116

23.34   0.00    0.118    0.116   0.043   0.022   0.002   0.017   0.023   0.011   0.000   0.000   0.000 1104872000
23.34   6.15   40.139
23.34   1.00    0.073    0.002
23.34   1.00    0.075   38.647
23.34   1.00    0.073    0.119   0.075   0.118
23.34   1.00    0.073    0.117   0.075   0.116

23.35   0.00    0.118    0.116   0.043   0.022   0.002   0.017   0.023   0.011   0.000   0.000   0.000 1105345000
23.35   6.15   40.136
23.35   1.00    0.073    0.002
23.35   1.00    0.075   38.643
23.35   1.00    0.073    0.119   0.075   0.118
23.35   1.00    0.073    0.117   0.075   0.116

23.36   0.00    0.118    0.116   0.043   0.022   0.002   0.017   0.023   0.011   0.000   0.000   0.000 1105818000
23.36   6.15   40.133
23.36   1.00    0.073    0.002
23.36   1.00    0.075   38.639
23.36   1.00    0.073    0.119   0.075   0.118
23.36   1.00    0.073    0.117   0.075   0.116

23.37   0.00    0.118    0.116   0.043   0.022   0.002   0.017   0.023   0.011   0.000   0.000   0.000 1106292000
23.37   6.15   40.130
23.37   1.00    0.073    0.002
23.37   1.00    0.075   38.635
23.37   1.00    0.073    0.119   0.075   0.118
23.37   1.00    0.073    0.117   0.075   0.116

23.38   0.00    0.118    0.116   0.043   0.022   0.002   0.017   0.023   0.011   0.000   0.000   0.000 1106765000
23.38   6.15   40.126
23.38   1.00    0.073    0.002
23.38   1.00    0.075   38.631
23.38   1.00    0.073    0.119   0.075   0.118
23.38   1.00    0.073    0.117   0.075   0.116

23.39   0.00    0.118    0.116   0.043   0.022   0.002   0.017   0.023   0.011   0.000   0.000   0.000 1107239000
23.39   6.14   40.123
23.39   1.00    0.073    0.002
23.39   1.00    0.075   38.628
23.39   1.00    0.073    0.119   0.075   0.118
23.39   1.00    0.073    0.117   0.075   0.116

23.40   0.00    0.118    0.116   0.043   0.022   0.002   0.017   0.023   0.011   0.000   0.000   0.000 1107712000
23.40   6.14   40.120
23.40   1.00    0.073    0.002
23.40   1.00    0.075   38.624
23.40   1.00    0.073    0.119   0.075   0.118
23.40   1.00    0.073    0.117   0.075   0.116

23.41   0.00    0.118    0.116   0.043   0.022   0.002   0.017   0.023   0.011   0.000   0.000   0.000 1108185000
23.41   6.14   40.117
23.41   1.00    0.073    0.002
23.41   1.00    0.075   38.620
23.41   1.00    0.073    0.119   0.075   0.118
23.41   1.00    0.073    0.117   0.075   0.116

23.42   0.00    0.118    0.116   0.043   0.022   0.002   0.017   0.023   0.011   0.000   0.000   0.000 1108659000
23.42   6.14   40.114
23.42   1.00    0.073    0.003
23.42   1.00    0.075   38.616
23.42   1.00    0.073    0.119   0.075   0.118
23.42   1.00    0.073    0.117   0.075   0.116

23.43   0.00    0.118    0.116   0.043   0.021   0.002   0.017   0.023   0.011   0.000   0.000   0.000 1109132000
23.43   6.14   40.111
23.43   1.00    0.073    0.003
23.43   1.00    0.075   38.612
23.43   1.00    0.073    0.119   0.075   0.118
23.43   1.00    0.073    0.117   0.075   0.116

23.44   0.00    0.118    0.116   0.043   0.021   0.002   0.017   0.023   0.011   0.000   0.000   0.000 1109606000
23.44   6.14   40.108
23.44   1.00    0.073    0.003
23.44   1.00    0.075   38.609
23.44   1.00    0.073    0.119   0.075   0.118
23.44   1.00    0.073    0.117   0.075   0.116

23.45   0.00    0.118    0.116   0.043   0.021   0.002   0.017   0.023   0.011   0.000   0.000   0.000 1110079000
23.45   6.14   40.105
23.45   1.00    0.073    0.003
23.45   1.00    0.075   38.605
23.45   1.00    0.073    0.119   0.075   0.118
23.45   1.00    0.073    0.117   0.075   0.116

23.46   0.00    0.118    0.116   0.043   0.021   0.002   0.017   0.023   0.011   0.000   0.000   0.000 1110552000
23.46   6.14   40.102
23.46   1.00    0.073    0.003
23.46   1.00    0.075   38.601
23.46   1.00    0.073    0.119   0.075   0.118
23.46   1.00    0.073    0.117   0.075   0.116

23.47   0.00    0.118    0.116   0.043   0.021   0.002   0.017   0.023   0.011   0.000   0.000   0.000 1111026000
23.47   6.14   40.099
23.47   1.00    0.073    0.003
23.47   1.00    0.075   38.597
23.47   1.00    0.073    0.119   0.075   0.118
23.47   1.00    0.073    0.117   0.075   0.116

23.48   0.00    0.118    0.116   0.043   0.021   0.002   0.017   0.023   0.011   0.000   0.000   0.000 1111499000
23.48   6.14   40.096
23.48   1.00    0.073    0.003
23.48   1.00    0.075   38.594
23.48   1.00    0.073    0.119   0.075   0.118
23.48   1.00    0.073    0.117   0.075   0.116

23.49   0.00    0.118    0.116   0.043   0.021   0.002   0.017   0.023   0.011   0.000   0.000   0.000 1111972000
23.49   6.14   40.093
23.49   1.00    0.072    0.003
23.49   1.00    0.075   38.590
23.49   1.00    0.073    0.119   0.075   0.118
23.49   1.00    0.073    0.117   0.075   0.116

23.50   0.00    0.118    0.116   0.043   0.021   0.002   0.017   0.023   0.011   0.000   0.000   0.000 1112446000
23.50   6.13   40.089
23.50   1.00    0.072    0.003
23.50   1.00    0.075   38.586
23.50   1.00    0.073    0.119   0.075   0.118
23.50   1.00    0.073    0.117   0.075   0.116

23.51   0.00    0.118    0.116   0.043   0.021   0.002   0.017   0.023   0.011   0.000   0.000   0.000 1112919000
23.51   6.13   40.086
23.51   1.00    0.072    0.003
23.51   1.00    0.075   38.582
23.51   1.00    0.073    0.119   0.075   0.118
23.51   1.00    0.073    0.117   0.075   0.116

23.52   0.00    0.118    0.116   0.043   0.021   0.002   0.017   0.023   0.011   0.000   0.000   0.000 1113393000
23.52   6.13   40.083
23.52   1.00    0.072    0.003
23.52   1.00    0.075   38.579
23.52   1.00    0.073    0.119   0.075   0.118
23.52   1.00    0.073    0.117   0.075   0.116

23.53   0.00    0.118    0.116   0.043   0.021   0.002   0.017   0.023   0.011   0.000   0.000   0.000 1113866000
23.53   6.13   40.080
23.53   1.00    0.072    0.003
23.53   1.00    0.075   38.575
23.53   1.00    0.073    0.119   0.075   0.118
23.53   1.00    0.073    0.117   0.075   0.116

23.54   0.00    0.118    0.116   0.043   0.021   0.002   0.017   0.023   0.011   0.000   0.000   0.000 1114339000
23.54   6.13   40.077
23.54   1.00    0.072    0.003
23.54   1.00    0.075   38.571
23.54   1.00    0.073    0.119   0.075   0.118
23.54   1.00    0.073    0.117   0.075   0.116

23.55   0.00    0.118    0.116   0.043   0.021   0.002   0.017   0.023   0.011   0.000   0.000   0.000 1114813000
23.55   6.13   40.074
23.55   1.00    0.072    0.003
23.55   1.00    0.075   38.567
23.55   1.00    0.073    0.119   0.075   0.118
23.55   1.00    0.073    0.117   0.075   0.116

23.56   0.00    0.118    0.116   0.043   0.021   0.002   0.017   0.023   0.011   0.000   0.000   0.000 1115286000
23.56   6.13   40.071
23.56   1.00    0.072    0.003
23.56   1.00    0.075   38.564
23.56   1.00    0.073    0.119   0.075   0.118
23.56   1.00    0.073    0.117   0.075   0.116

23.57   0.00    0.118    0.116   0.043   0.021   0.002   0.017   0.023   0.011   0.000   0.000   0.000 1115759000
23.57   6.13   40.068
23.57   1.00    0.072    0.003
23.57   1.00    0.075   38.560
23.57   1.00    0.073    0.119   0.075   0.118
23.57   1.00    0.073    0.117   0.075   0.116

23.58   0.00    0.118    0.116   0.043   0.021   0.002   0.017   0.023   0.011   0.000   0.000   0.000 1116233000
23.58   6.13   40.065
23.58   1.00    0.072    0.003
23.58   1.00    0.075   38.556
23.58   1.00    0.073    0.119   0.075   0.118
23.58   1.00    0.073    0.117   0.075   0.116

23.59   0.00    0.118    0.116   0.043   0.021   0.002   0.017   0.023   0.011   0.000   0.000   0.000 1116706000
23.59   6.13   40.062
23.59   1.00    0.072    0.003
23.59   1.00    0.075   38.552
23.59   1.00    0.073    0.119   0.075   0.118
23.59   1.00    0.073    0.117   0.075   0.116

23.60   0.00    0.118    0.116   0.043   0.021   0.002   0.017   0.023   0.011   0.000   0.000   0.000 1117180000
23.60   6.13   40.059
23.60   1.00    0.072    0.003
23.60   1.00    0.075   38.549
23.60   1.00    0.073    0.119   0.075   0.118
23.60   1.00    0.073    0.117   0.075   0.116

23.61   0.00    0.118    0.116   0.043   0.021   0.002   0.017   0.023   0.011   0.000   0.000   0.000 1117653000
23.61   6.12   40.056
23.61   1.00    0.072    0.003
23.61   1.00    0.075   38.545
23.61   1.00    0.073    0.119   0.075   0.118
23.61   1.00    0.073    0.117   0.075   0.116

23.62   0.00    0.118    0.116   0.043   0.021   0.002   0.017   0.023   0.011   0.000   0.000   0.000 1118126000
23.62   6.12   40.053
23.62   1.00    0.072    0.003
23.62   1.00    0.075   38.541
23.62   1.00    0.073    0.119   0.075   0.118
23.62   1.00    0.073    0.117   0.075   0.116

23.63   0.00    0.118    0.116   0.043   0.021   0.002   0.017   0.023   0.011   0.000   0.000   0.000 1118600000
23.63   6.12   40.050
23.63   1.00    0.072    0.003
23.63   1.00    0.075   38.537
23.63   1.00    0.073    0.119   0.075   0.118
23.63   1.00    0.073    0.117   0.075   0.116

23.64   0.00    0.118    0.116   0.043   0.021   0.002   0.017   0.023   0.011   0.000   0.000   0.000 1119073000
23.64   6.12   40.047
23.64   1.00    0.072    0.003
23.64   1.00    0.075   38.534
23.64   1.00    0.073    0.119   0.075   0.118
23.64   1.00    0.073    0.117   0.075   0.116

23.65   0.00    0.118    0.116   0.043   0.021   0.002   0.017   0.023   0.011   0.000   0.000   0.000 1119546000
23.65   6.12   40.044
23.65   1.00    0.072    0.003
23.65   1.00    0.075   38.530
23.65   1.00    0.073    0.119   0.075   0.118
23.65   1.00    0.073    0.117   0.075   0.116

23.66   0.00    0.118    0.116   0.043   0.021   0.002   0.017   0.023   0.011   0.000   0.000   0.000 1120020000
23.66   6.12   40.041
23.66   1.00    0.072    0.003
23.66   1.00    0.075   38.526
23.66   1.00    0.073    0.119   0.075   0.118
23.66   1.00    0.073    0.117   0.075   0.116

23.67   0.00    0.118    0.116   0.043   0.021   0.002   0.017   0.023   0.011   0.000   0.000   0.000 1120493000
23.67   6.12   40.037
23.67   1.00    0.072    0.003
23.67   1.00    0.075   38.523
23.67   1.00    0.073    0.119   0.075   0.118
23.67   1.00    0.073    0.117   0.075   0.116

23.68   0.00    0.118    0.116   0.043   0.021   0.002   0.017   0.023   0.011   0.000   0.000   0.000 1120967000
23.68   6.12   40.034
23.68   1.00    0.072    0.003
23.68   1.00    0.075   38.519
23.68   1.00    0.073    0.119   0.075   0.118
23.68   1.00    0.073    0.117   0.075   0.116

23.69   0.00    0.118    0.116   0.043   0.021   0.002   0.017   0.023   0.011   0.000   0.000   0.000 1121440000
23.69   6.12   40.031
23.69   1.00    0.072    0.003
23.69   1.00    0.075   38.515
23.69   1.00    0.073    0.119   0.075   0.118
23.69   1.00    0.073    0.117   0.075   0.116

23.70   0.00    0.118    0.116   0.043   0.021   0.002   0.017   0.023   0.011   0.000   0.000   0.000 1121913000
23.70   6.12   40.028
23.70   1.00    0.072    0.003
23.70   1.00    0.075   38.512
23.70   1.00    0.073    0.119   0.075   0.118
23.70   1.00    0.073    0.117   0.075   0.116

23.71   0.00    0.118    0.116   0.043   0.021   0.002   0.017   0.023   0.011   0.000   0.000   0.000 1122387000
23.71   6.12   40.025
23.71   1.00    0.072    0.003
23.71   1.00    0.075   38.508
23.71   1.00    0.073    0.119   0.075   0.118
23.71   1.00    0.073    0.117   0.075   0.116

23.72   0.00    0.118    0.116   0.043   0.021   0.002   0.017   0.023   0.011   0.000   0.000   0.000 1122860000
23.72   6.11   40.022
23.72   1.00    0.072    0.003
23.72   1.00    0.075   38.504
23.72   1.00    0.073    0.119   0.075   0.118
23.72   1.00    0.073    0.117   0.075   0.116

23.73   0.00    0.118    0.116   0.043   0.021   0.002   0.017   0.023   0.011   0.000   0.000   0.000 1123334000
23.73   6.11   40.019
23.73   1.00    0.072    0.003
23.73   1.00    0.075   38.500
23.73   1.00    0.073    0.119   0.075   0.118
23.73   1.00    0.073    0.117   0.075   0.116

23.74   0.00    0.118    0.116   0.043   0.021   0.002   0.017   0.023   0.011   0.000   0.000   0.000 1123807000
23.74   6.11   40.016
23.74   1.00    0.072    0.003
23.74   1.00    0.075   38.497
23.74   1.00    0.073    0.119   0.075   0.118
23.74   1.00    0.073    0.117   0.075   0.116

23.75   0.00    0.118    0.116   0.043   0.021   0.002   0.017   0.023   0.011   0.000   0.000   0.000 1124280000
23.75   6.11   40.013
23.75   1.00    0.072    0.003
23.75   1.00    0.075   38.493
23.75   1.00    0.073    0.119   0.075   0.118
23.75   1.00    0.073    0.117   0.075   0.116

23.76   0.00    0.118    0.116   0.043   0.021   0.002   0.017   0.023   0.011   0.000   0.000   0.000 1124754000
23.76   6.11   40.010
23.76   1.00    0.072    0.003
23.76   1.00    0.075   38.489
23.76   1.00    0.073    0.119   0.075   0.118
23.76   1.00    0.073    0.117   0.075   0.116

23.77   0.00    0.118    0.116   0.043   0.021   0.002   0.017   0.023   0.011   0.000   0.000   0.000 1125227000
23.77   6.11   40.007
23.77   1.00    0.072    0.003
23.77   1.00    0.075   38.486
23.77   1.00    0.073    0.119   0.075   0.118
23.77   1.00    0.073    0.117   0.075   0.116

23.78   0.00    0.118    0.116   0.043   0.021   0.002   0.017   0.023   0.011   0.000   0.000   0.000 1125701000
23.78   6.11   40.004
23.78   1.00    0.072    0.003
23.78   1.00    0.075   38.482
23.78   1.00    0.073    0.119   0.075   0.118
23.78   1.00    0.073    0.117   0.075   0.116

23.79   0.00    0.118    0.116   0.043   0.021   0.002   0.017   0.023   0.011   0.000   0.000   0.000 1126174000
23.79   6.11   40.001
23.79   1.00    0.072    0.003
23.79   1.00    0.075   38.479
23.79   1.00    0.073    0.119   0.075   0.118
23.79   1.00    0.073    0.117   0.075   0.116

23.80   0.00    0.118    0.116   0.043   0.021   0.002   0.017   0.023   0.011   0.000   0.000   0.000 1126647000
23.80   6.11   39.998
23.80   1.00    0.072    0.003
23.80   1.00    0.075   38.475
23.80   1.00    0.073    0.119   0.075   0.118
23.80   1.00    0.073    0.117   0.075   0.116

23.81   0.00    0.118    0.116   0.043   0.021   0.002   0.017   0.023   0.011   0.000   0.000   0.000 1127121000
23.81   6.11   39.995
23.81   1.00    0.072    0.003
23.81   1.00    0.075   38.471
23.81   1.00    0.073    0.119   0.075   0.118
23.81   1.00    0.073    0.117   0.075   0.116

23.82   0.00    0.118    0.116   0.043   0.021   0.002   0.017   0.023   0.011   0.000   0.000   0.000 1127594000
23.82   6.11   39.992
23.82   1.00    0.072    0.003
23.82   1.00    0.075   38.468
23.82   1.00    0.073    0.119   0.075   0.118
23.82   1.00    0.073    0.117   0.075   0.116

23.83   0.00    0.118    0.116   0.043   0.021   0.002   0.017   0.023   0.011   0.000   0.000   0.000 1128067000
23.83   6.10   39.989
23.83   1.00    0.072    0.003
23.83   1.00    0.075   38.464
23.83   1.00    0.073    0.119   0.075   0.118
23.83   1.00    0.073    0.117   0.075   0.116

23.84   0.00    0.118    0.116   0.043   0.021   0.002   0.017   0.023   0.011   0.000   0.000   0.000 1128541000
23.84   6.10   39.986
23.84   1.00    0.072    0.003
23.84   1.00    0.075   38.460
23.84   1.00    0.073    0.119   0.075   0.118
23.84   1.00    0.073    0.117   0.075   0.116

23.85   0.00    0.118    0.116   0.043   0.021   0.002   0.017   0.023   0.011   0.000   0.000   0.000 1129014000
23.85   6.10   39.983
23.85   1.00    0.072    0.003
23.85   1.00    0.075   38.457
23.85   1.00    0.073    0.119   0.075   0.118
23.85   1.00    0.073    0.117   0.075   0.116

23.86   0.00    0.118    0.116   0.043   0.021   0.002   0.017   0.023   0.011   0.000   0.000   0.000 1129488000
23.86   6.10   39.980
23.86   1.00    0.072    0.003
23.86   1.00    0.075   38.453
23.86   1.00    0.073    0.119   0.075   0.118
23.86   1.00    0.073    0.117   0.075   0.116

23.87   0.00    0.118    0.116   0.043   0.021   0.002   0.017   0.023   0.011   0.000   0.000   0.000 1129961000
23.87   6.10   39.977
23.87   1.00    0.072    0.003
23.87   1.00    0.075   38.449
23.87   1.00    0.073    0.119   0.075   0.118
23.87   1.00    0.073    0.117   0.075   0.116

23.88   0.00    0.118    0.116   0.043   0.021   0.002   0.017   0.023   0.011   0.000   0.000   0.000 1130434000
23.88   6.10   39.974
23.88   1.00    0.072    0.003
23.88   1.00    0.075   38.446
23.88   1.00    0.073    0.119   0.075   0.118
23.88   1.00    0.073    0.117   0.075   0.116

23.89   0.00    0.118    0.116   0.043   0.021   0.002   0.017   0.023   0.011   0.000   0.000   0.000 1130908000
23.89   6.10   39.971
23.89   1.00    0.072    0.003
23.89   1.00    0.075   38.442
23.89   1.00    0.073    0.119   0.075   0.118
23.89   1.00    0.073    0.117   0.075   0.116

23.90   0.00    0.118    0.116   0.043   0.021   0.002   0.017   0.023   0.011   0.000   0.000   0.000 1131381000
23.90   6.10   39.968
23.90   1.00    0.072    0.003
23.90   1.00    0.075   38.439
23.90   1.00    0.073    0.119   0.075   0.118
23.90   1.00    0.073    0.117   0.075   0.116

23.91   0.00    0.118    0.116   0.043   0.021   0.002   0.017   0.023   0.011   0.000   0.000   0.000 1131854000
23.91   6.10   39.965
23.91   1.00    0.072    0.003
23.91   1.00    0.075   38.435
23.91   1.00    0.073    0.119   0.075   0.118
23.91   1.00    0.073    0.117   0.075   0.116

23.92   0.00    0.118    0.116   0.043   0.021   0.002   0.017   0.023   0.011   0.000   0.000   0.000 1132328000
23.92   6.10   39.962
23.92   1.00    0.072    0.003
23.92   1.00    0.075   38.431
23.92   1.00    0.073    0.119   0.075   0.118
23.92   1.00    0.073    0.117   0.075   0.116

23.93   0.00    0.118    0.116   0.043   0.021   0.002   0.017   0.023   0.011   0.000   0.000   0.000 1132801000
23.93   6.10   39.959
23.93   1.00    0.072    0.003
23.93   1.00    0.075   38.428
23.93   1.00    0.073    0.119   0.075   0.118
23.93   1.00    0.073    0.117   0.075   0.116

23.94   0.00    0.118    0.116   0.043   0.021   0.002   0.017   0.023   0.011   0.000   0.000   0.000 1133275000
23.94   6.10   39.956
23.94   1.00    0.072    0.003
23.94   1.00    0.075   38.424
23.94   1.00    0.073    0.119   0.075   0.118
23.94   1.00    0.073    0.117   0.075   0.116

23.95   0.00    0.118    0.116   0.043   0.021   0.002   0.017   0.023   0.011   0.000   0.000   0.000 1133748000
23.95   6.09   39.953
23.95   1.00    0.072    0.003
23.95   1.00    0.075   38.421
23.95   1.00    0.073    0.119   0.075   0.118
23.95   1.00    0.073    0.117   0.075   0.116

23.96   0.00    0.118    0.116   0.043   0.021   0.002   0.017   0.023   0.011   0.000   0.000   0.000 1134221000
23.96   6.09   39.950
23.96   1.00    0.072    0.003
23.96   1.00    0.075   38.417
23.96   1.00    0.073    0.119   0.075   0.118
23.96   1.00    0.073    0.117   0.075   0.116

23.97   0.00    0.118    0.116   0.043   0.021   0.002   0.017   0.023   0.011   0.000   0.000   0.000 1134695000
23.97   6.09   39.947
23.97   1.00    0.072    0.003
23.97   1.00    0.075   38.413
23.97   1.00    0.073    0.119   0.075   0.118
23.97   1.00    0.073    0.117   0.075   0.116

23.98   0.00    0.118    0.116   0.043   0.021   0.002   0.017   0.023   0.011   0.000   0.000   0.000 1135168000
23.98   6.09   39.944
23.98   1.00    0.072    0.003
23.98   1.00    0.075   38.410
23.98   1.00    0.073    0.119   0.075   0.118
23.98   1.00    0.073    0.117   0.075   0.116

23.99   0.00    0.118    0.116   0.043   0.021   0.002   0.017   0.023   0.011   0.000   0.000   0.000 1135641000
23.99   6.09   39.941
23.99   1.00    0.072    0.003
23.99   1.00    0.075   38.406
23.99   1.00    0.073    0.119   0.075   0.118
23.99   1.00    0.073    0.117   0.075   0.116

24.00   0.00    0.118    0.116   0.043   0.021   0.002   0.017   0.023   0.011   0.000   0.000   0.000 1136115000
24.00   6.09   39.938
24.00   1.00    0.072    0.003
24.00   1.00    0.075   38.403
24.00   1.00    0.073    0.119   0.075   0.118
24.00   1.00    0.073    0.117   0.075   0.116

24.01   0.00    0.118    0.116   0.043   0.021   0.002   0.017   0.023   0.011   0.000   0.000   0.000 1136588000
24.01   6.09   39.935
24.01   1.00    0.072    0.003
24.01   1.00    0.075   38.399
24.01   1.00    0.073    0.119   0.075   0.118
24.01   1.00    0.073    0.117   0.075   0.116

24.02   0.00    0.118    0.116   0.043   0.021   0.002   0.017   0.023   0.011   0.000   0.000   0.000 1137062000
24.02   6.09   39.932
24.02   1.00    0.072    0.003
24.02   1.00    0.075   38.396
24.02   1.00    0.073    0.119   0.075   0.118
24.02   1.00    0.073    0.117   0.075   0.116

24.03   0.00    0.118    0.116   0.043   0.021   0.002   0.017   0.023   0.011   0.000   0.000   0.000 1137535000
24.03   6.09   39.929
24.03   1.00    0.072    0.003
24.03   1.00    0.075   38.392
24.03   1.00    0.073    0.119   0.075   0.118
24.03   1.00    0.073    0.117   0.075   0.116

24.04   0.00    0.118    0.116   0.043   0.021   0.002   0.017   0.023   0.011   0.000   0.000   0.000 1138008000
24.04   6.09   39.926
24.04   1.00    0.072    0.003
24.04   1.00    0.075   38.388
24.04   1.00    0.073    0.119   0.075   0.118
24.04   1.00    0.073    0.117   0.075   0.116

24.05   0.00    0.118    0.116   0.043   0.021   0.002   0.017   0.023   0.011   0.000   0.000   0.000 1138482000
24.05   6.09   39.923
24.05   1.00    0.072    0.003
24.05   1.00    0.075   38.385
24.05   1.00    0.073    0.119   0.075   0.118
24.05   1.00    0.073    0.117   0.075   0.116

24.06   0.00    0.118    0.116   0.043   0.021   0.002   0.017   0.023   0.011   0.000   0.000   0.000 1138955000
24.06   6.08   39.920
24.06   1.00    0.072    0.003
24.06   1.00    0.075   38.381
24.06   1.00    0.073    0.119   0.075   0.118
24.06   1.00    0.073    0.117   0.075   0.116

24.07   0.00    0.118    0.116   0.043   0.021   0.002   0.017   0.023   0.011   0.000   0.000   0.000 1139429000
24.07   6.08   39.917
24.07   1.00    0.072    0.003
24.07   1.00    0.075   38.378
24.07   1.00    0.073    0.119   0.075   0.118
24.07   1.00    0.073    0.117   0.075   0.116

24.08   0.00    0.118    0.116   0.043   0.021   0.002   0.017   0.023   0.011   0.000   0.000   0.000 1139902000
24.08   6.08   39.914
24.08   1.00    0.072    0.003
24.08   1.00    0.075   38.374
24.08   1.00    0.073    0.119   0.075   0.118
24.08   1.00    0.073    0.117   0.075   0.116

24.09   0.00    0.118    0.116   0.043   0.021   0.002   0.017   0.023   0.011   0.000   0.000   0.000 1140375000
24.09   6.08   39.911
24.09   1.00    0.072    0.003
24.09   1.00    0.075   38.371
24.09   1.00    0.073    0.119   0.075   0.118
24.09   1.00    0.073    0.117   0.075   0.116

24.10   0.00    0.118    0.116   0.043   0.021   0.002   0.017   0.023   0.011   0.000   0.000   0.000 1140849000
24.10   6.08   39.908
24.10   1.00    0.072    0.003
24.10   1.00    0.075   38.367
24.10   1.00    0.073    0.119   0.075   0.118
24.10   1.00    0.073    0.117   0.075   0.116

24.11   0.00    0.118    0.116   0.043   0.021   0.002   0.017   0.023   0.011   0.000   0.000   0.000 1141322000
24.11   6.08   39.905
24.11   1.00    0.072    0.003
24.11   1.00    0.075   38.364
24.11   1.00    0.073    0.119   0.075   0.118
24.11   1.00    0.073    0.117   0.075   0.116

24.12   0.00    0.118    0.116   0.043   0.021   0.002   0.017   0.023   0.011   0.000   0.000   0.000 1141796000
24.12   6.08   39.902
24.12   1.00    0.072    0.003
24.12   1.00    0.075   38.360
24.12   1.00    0.073    0.119   0.075   0.118
24.12   1.00    0.073    0.117   0.075   0.116

24.13   0.00    0.118    0.116   0.043   0.021   0.002   0.017   0.023   0.011   0.000   0.000   0.000 1142269000
24.13   6.08   39.899
24.13   1.00    0.072    0.003
24.13   1.00    0.075   38.357
24.13   1.00    0.073    0.119   0.075   0.118
24.13   1.00    0.073    0.117   0.075   0.116

24.14   0.00    0.118    0.116   0.043   0.021   0.002   0.017   0.023   0.011   0.000   0.000   0.000 1142742000
24.14   6.08   39.896
24.14   1.00    0.071    0.004
24.14   1.00    0.075   38.353
24.14   1.00    0.073    0.119   0.075   0.118
24.14   1.00    0.073    0.117   0.075   0.116

24.15   0.00    0.118    0.116   0.043   0.021   0.002   0.017   0.023   0.011   0.000   0.000   0.000 1143216000
24.15   6.08   39.893
24.15   1.00    0.071    0.004
24.15   1.00    0.075   38.350
24.15   1.00    0.073    0.119   0.075   0.118
24.15   1.00    0.073    0.117   0.075   0.116

24.16   0.00    0.118    0.116   0.043   0.021   0.002   0.017   0.023   0.011   0.000   0.000   0.000 1143689000
24.16   6.08   39.890
24.16   1.00    0.071    0.004
24.16   1.00    0.075   38.346
24.16   1.00    0.073    0.119   0.075   0.118
24.16   1.00    0.073    0.117   0.075   0.116

24.17   0.00    0.118    0.116   0.043   0.021   0.002   0.017   0.023   0.011   0.000   0.000   0.000 1144162000
24.17   6.08   39.888
24.17   1.00    0.071    0.004
24.17   1.00    0.075   38.342
24.17   1.00    0.073    0.119   0.075   0.118
24.17   1.00    0.073    0.117   0.075   0.116

24.18   0.00    0.118    0.116   0.043   0.021   0.002   0.017   0.023   0.011   0.000   0.000   0.000 1144636000
24.18   6.07   39.885
24.18   1.00    0.071    0.004
24.18   1.00    0.075   38.339
24.18   1.00    0.073    0.119   0.075   0.118
24.18   1.00    0.073    0.117   0.075   0.116

24.19   0.00    0.118    0.116   0.043   0.021   0.002   0.017   0.023   0.011   0.000   0.000   0.000 1145109000
24.19   6.07   39.882
24.19   1.00    0.071    0.004
24.19   1.00    0.075   38.335
24.19   1.00    0.073    0.119   0.075   0.118
24.19   1.00    0.073    0.117   0.075   0.116

24.20   0.00    0.118    0.116   0.043   0.021   0.002   0.017   0.023   0.011   0.000   0.000   0.000 1145583000
24.20   6.07   39.879
24.20   1.00    0.071    0.004
24.20   1.00    0.075   38.332
24.20   1.00    0.073    0.119   0.075   0.118
24.20   1.00    0.073    0.117   0.075   0.116

24.21   0.00    0.118    0.116   0.043   0.021   0.002   0.017   0.023   0.011   0.000   0.000   0.000 1146056000
24.21   6.07   39.876
24.21   1.00    0.071    0.004
24.21   1.00    0.075   38.328
24.21   1.00    0.073    0.119   0.075   0.118
24.21   1.00    0.073    0.117   0.075   0.116

24.22   0.00    0.118    0.116   0.043   0.021   0.002   0.017   0.023   0.011   0.000   0.000   0.000 1146529000
24.22   6.07   39.873
24.22   1.00    0.071    0.004
24.22   1.00    0.075   38.325
24.22   1.00    0.073    0.119   0.075   0.118
24.22   1.00    0.073    0.117   0.075   0.116

24.23   0.00    0.118    0.116   0.043   0.021   0.002   0.017   0.023   0.011   0.000   0.000   0.000 1147003000
24.23   6.07   39.870
24.23   1.00    0.071    0.004
24.23   1.00    0.075   38.321
24.23   1.00    0.073    0.119   0.075   0.118
24.23   1.00    0.073    0.117   0.075   0.116

24.24   0.00    0.118    0.116   0.043   0.021   0.002   0.017   0.023   0.011   0.000   0.000   0.000 1147476000
24.24   6.07   39.867
24.24   1.00    0.071    0.004
24.24   1.00    0.075   38.318
24.24   1.00    0.073    0.119   0.075   0.118
24.24   1.00    0.073    0.117   0.075   0.116

24.25   0.00    0.118    0.116   0.043   0.021   0.002   0.017   0.023   0.011   0.000   0.000   0.000 1147949000
24.25   6.07   39.864
24.25   1.00    0.071    0.004
24.25   1.00    0.075   38.315
24.25   1.00    0.073    0.119   0.075   0.118
24.25   1.00    0.073    0.117   0.075   0.116

24.26   0.00    0.118    0.116   0.043   0.021   0.002   0.017   0.023   0.011   0.000   0.000   0.000 1148423000
24.26   6.07   39.861
24.26   1.00    0.071    0.004
24.26   1.00    0.075   38.311
24.26   1.00    0.073    0.119   0.075   0.118
24.26   1.00    0.073    0.117   0.075   0.116

24.27   0.00    0.118    0.116   0.043   0.021   0.002   0.017   0.023   0.011   0.000   0.000   0.000 1148896000
24.27   6.07   39.858
24.27   1.00    0.071    0.004
24.27   1.00    0.075   38.308
24.27   1.00    0.073    0.119   0.075   0.118
24.27   1.00    0.073    0.117   0.075   0.116

24.28   0.00    0.118    0.116   0.043   0.021   0.002   0.017   0.023   0.011   0.000   0.000   0.000 1149370000
24.28   6.07   39.855
24.28   1.00    0.071    0.004
24.28   1.00    0.075   38.304
24.28   1.00    0.073    0.119   0.075   0.118
24.28   1.00    0.073    0.117   0.075   0.116

24.29   0.00    0.118    0.116   0.043   0.021   0.002   0.017   0.023   0.011   0.000   0.000   0.000 1149843000
24.29   6.06   39.852
24.29   1.00    0.071    0.004
24.29   1.00    0.075   38.301
24.29   1.00    0.073    0.119   0.075   0.118
24.29   1.00    0.073    0.117   0.075   0.116

24.30   0.00    0.118    0.116   0.043   0.021   0.002   0.017   0.023   0.011   0.000   0.000   0.000 1150316000
24.30   6.06   39.849
24.30   1.00    0.071    0.004
24.30   1.00    0.075   38.297
24.30   1.00    0.073    0.119   0.075   0.118
24.30   1.00    0.073    0.117   0.075   0.116

24.31   0.00    0.118    0.116   0.043   0.021   0.002   0.017   0.023   0.011   0.000   0.000   0.000 1150790000
24.31   6.06   39.846
24.31   1.00    0.071    0.004
24.31   1.00    0.075   38.294
24.31   1.00    0.073    0.119   0.075   0.118
24.31   1.00    0.073    0.117   0.075   0.116

24.32   0.00    0.118    0.115   0.043   0.021   0.002   0.017   0.023   0.011   0.000   0.000   0.000 1151263000
24.32   6.06   39.843
24.32   1.00    0.071    0.004
24.32   1.00    0.075   38.290
24.32   1.00    0.073    0.119   0.075   0.118
24.32   1.00    0.073    0.117   0.075   0.116

24.33   0.00    0.118    0.115   0.043   0.021   0.002   0.017   0.023   0.011   0.000   0.000   0.000 1151736000
24.33   6.06   39.840
24.33   1.00    0.071    0.004
24.33   1.00    0.075   38.287
24.33   1.00    0.073    0.119   0.075   0.118
24.33   1.00    0.073    0.117   0.075   0.116

24.34   0.00    0.118    0.115   0.043   0.021   0.002   0.017   0.023   0.011   0.000   0.000   0.000 1152210000
24.34   6.06   39.837
24.34   1.00    0.071    0.004
24.34   1.00    0.075   38.283
24.34   1.00    0.073    0.119   0.075   0.118
24.34   1.00    0.073    0.117   0.075   0.116

24.35   0.00    0.118    0.115   0.043   0.021   0.002   0.017   0.023   0.011   0.000   0.000   0.000 1152683000
24.35   6.06   39.835
24.35   1.00    0.071    0.004
24.35   1.00    0.075   38.280
24.35   1.00    0.073    0.119   0.075   0.118
24.35   1.00    0.073    0.117   0.075   0.116

24.36   0.00    0.118    0.115   0.043   0.021   0.002   0.017   0.023   0.011   0.000   0.000   0.000 1153157000
24.36   6.06   39.832
24.36   1.00    0.071    0.004
24.36   1.00    0.075   38.276
24.36   1.00    0.073    0.119   0.075   0.118
24.36   1.00    0.073    0.117   0.075   0.116

24.37   0.00    0.118    0.115   0.043   0.021   0.002   0.017   0.023   0.011   0.000   0.000   0.000 1153630000
24.37   6.06   39.829
24.37   1.00    0.071    0.004
24.37   1.00    0.075   38.273
24.37   1.00    0.073    0.119   0.075   0.118
24.37   1.00    0.073    0.117   0.075   0.116

24.38   0.00    0.118    0.115   0.043   0.021   0.002   0.017   0.023   0.011   0.000   0.000   0.000 1154103000
24.38   6.06   39.826
24.38   1.00    0.071    0.004
24.38   1.00    0.075   38.270
24.38   1.00    0.073    0.119   0.075   0.118
24.38   1.00    0.073    0.117   0.075   0.116

24.39   0.00    0.118    0.115   0.043   0.021   0.002   0.017   0.023   0.011   0.000   0.000   0.000 1154577000
24.39   6.06   39.823
24.39   1.00    0.071    0.004
24.39   1.00    0.075   38.266
24.39   1.00    0.073    0.119   0.075   0.118
24.39   1.00    0.073    0.117   0.075   0.116

24.40   0.00    0.118    0.115   0.043   0.021   0.002   0.017   0.023   0.011   0.000   0.000   0.000 1155050000
24.40   6.06   39.820
24.40   1.00    0.071    0.004
24.40   1.00    0.075   38.263
24.40   1.00    0.073    0.119   0.075   0.118
24.40   1.00    0.073    0.117   0.075   0.116

24.41   0.00    0.118    0.115   0.043   0.021   0.002   0.017   0.023   0.011   0.000   0.000   0.000 1155524000
24.41   6.05   39.817
24.41   1.00    0.071    0.004
24.41   1.00    0.075   38.259
24.41   1.00    0.073    0.119   0.075   0.118
24.41   1.00    0.073    0.117   0.075   0.116

24.42   0.00    0.118    0.115   0.043   0.021   0.002   0.017   0.023   0.011   0.000   0.000   0.000 1155997000
24.42   6.05   39.814
24.42   1.00    0.071    0.004
24.42   1.00    0.075   38.256
24.42   1.00    0.073    0.119   0.075   0.118
24.42   1.00    0.073    0.117   0.075   0.116

24.43   0.00    0.118    0.115   0.043   0.021   0.002   0.017   0.023   0.011   0.000   0.000   0.000 1156470000
24.43   6.05   39.811
24.43   1.00    0.071    0.004
24.43   1.00    0.075   38.252
24.43   1.00    0.073    0.119   0.075   0.118
24.43   1.00    0.073    0.117   0.075   0.116

24.44   0.00    0.118    0.115   0.043   0.021   0.002   0.017   0.023   0.011   0.000   0.000   0.000 1156944000
24.44   6.05   39.808
24.44   1.00    0.071    0.004
24.44   1.00    0.075   38.249
24.44   1.00    0.073    0.119   0.075   0.118
24.44   1.00    0.073    0.117   0.075   0.116

24.45   0.00    0.118    0.115   0.043   0.021   0.002   0.017   0.023   0.011   0.000   0.000   0.000 1157417000
24.45   6.05   39.805
24.45   1.00    0.071    0.004
24.45   1.00    0.075   38.246
24.45   1.00    0.073    0.119   0.075   0.118
24.45   1.00    0.073    0.117   0.075   0.116

24.46   0.00    0.118    0.115   0.043   0.021   0.002   0.017   0.023   0.011   0.000   0.000   0.000 1157890000
24.46   6.05   39.802
24.46   1.00    0.071    0.004
24.46   1.00    0.075   38.242
24.46   1.00    0.073    0.119   0.075   0.118
24.46   1.00    0.073    0.117   0.075   0.116

24.47   0.00    0.118    0.115   0.043   0.021   0.002   0.017   0.023   0.011   0.000   0.000   0.000 1158364000
24.47   6.05   39.800
24.47   1.00    0.071    0.004
24.47   1.00    0.075   38.239
24.47   1.00    0.073    0.119   0.075   0.118
24.47   1.00    0.073    0.117   0.075   0.116

24.48   0.00    0.118    0.115   0.043   0.021   0.002   0.017   0.023   0.011   0.000   0.000   0.000 1158837000
24.48   6.05   39.797
24.48   1.00    0.071    0.004
24.48   1.00    0.075   38.235
24.48   1.00    0.073    0.119   0.075   0.118
24.48   1.00    0.073    0.117   0.075   0.116

24.49   0.00    0.118    0.115   0.043   0.021   0.002   0.017   0.023   0.011   0.000   0.000   0.000 1159311000
24.49   6.05   39.794
24.49   1.00    0.071    0.004
24.49   1.00    0.075   38.232
24.49   1.00    0.073    0.119   0.075   0.118
24.49   1.00    0.073    0.117   0.075   0.116

24.50   0.00    0.118    0.115   0.043   0.021   0.002   0.017   0.023   0.011   0.000   0.000   0.000 1159784000
24.50   6.05   39.791
24.50   1.00    0.071    0.004
24.50   1.00    0.075   38.229
24.50   1.00    0.073    0.119   0.075   0.118
24.50   1.00    0.073    0.117   0.075   0.116

24.51   0.00    0.118    0.115   0.043   0.021   0.002   0.017   0.023   0.011   0.000   0.000   0.000 1160257000
24.51   6.05   39.788
24.51   1.00    0.071    0.004
24.51   1.00    0.075   38.225
24.51   1.00    0.073    0.119   0.075   0.118
24.51   1.00    0.073    0.117   0.075   0.116

24.52   0.00    0.118    0.115   0.043   0.021   0.002   0.017   0.023   0.011   0.000   0.000   0.000 1160731000
24.52   6.05   39.785
24.52   1.00    0.071    0.004
24.52   1.00    0.075   38.222
24.52   1.00    0.073    0.119   0.075   0.118
24.52   1.00    0.073    0.117   0.075   0.116

24.53   0.00    0.118    0.115   0.043   0.021   0.002   0.017   0.023   0.011   0.000   0.000   0.000 1161204000
24.53   6.04   39.782
24.53   1.00    0.071    0.004
24.53   1.00    0.075   38.219
24.53   1.00    0.073    0.119   0.075   0.118
24.53   1.00    0.073    0.117   0.075   0.116

24.54   0.00    0.118    0.115   0.043   0.021   0.002   0.017   0.023   0.011   0.000   0.000   0.000 1161678000
24.54   6.04   39.779
24.54   1.00    0.071    0.004
24.54   1.00    0.075   38.215
24.54   1.00    0.073    0.119   0.075   0.118
24.54   1.00    0.073    0.117   0.075   0.116

24.55   0.00    0.118    0.115   0.043   0.021   0.002   0.017   0.023   0.011   0.000   0.000   0.000 1162151000
24.55   6.04   39.776
24.55   1.00    0.071    0.004
24.55   1.00    0.075   38.212
24.55   1.00    0.073    0.119   0.075   0.118
24.55   1.00    0.073    0.117   0.075   0.116

24.56   0.00    0.118    0.115   0.043   0.021   0.002   0.017   0.023   0.011   0.000   0.000   0.000 1162624000
24.56   6.04   39.773
24.56   1.00    0.071    0.004
24.56   1.00    0.075   38.208
24.56   1.00    0.073    0.119   0.075   0.118
24.56   1.00    0.073    0.117   0.075   0.116

24.57   0.00    0.118    0.115   0.043   0.021   0.002   0.017   0.023   0.011   0.000   0.000   0.000 1163098000
24.57   6.04   39.771
24.57   1.00    0.071    0.004
24.57   1.00    0.075   38.205
24.57   1.00    0.073    0.119   0.075   0.118
24.57   1.00    0.073    0.117   0.075   0.116

24.58   0.00    0.118    0.115   0.043   0.021   0.002   0.017   0.023   0.011   0.000   0.000   0.000 1163571000
24.58   6.04   39.768
24.58   1.00    0.071    0.004
24.58   1.00    0.075   38.202
24.58   1.00    0.073    0.119   0.075   0.118
24.58   1.00    0.073    0.117   0.075   0.116

24.59   0.00    0.118    0.115   0.043   0.021   0.002   0.017   0.023   0.011   0.000   0.000   0.000 1164044000
24.59   6.04   39.765
24.59   1.00    0.071    0.004
24.59   1.00    0.075   38.198
24.59   1.00    0.073    0.119   0.075   0.118
24.59   1.00    0.073    0.117   0.075   0.116

24.60   0.00    0.118    0.115   0.043   0.021   0.002   0.017   0.023   0.011   0.000   0.000   0.000 1164518000
24.60   6.04   39.762
24.60   1.00    0.071    0.004
24.60   1.00    0.075   38.195
24.60   1.00    0.073    0.119   0.075   0.118
24.60   1.00    0.073    0.117   0.075   0.116

24.61   0.00    0.118    0.115   0.043   0.021   0.002   0.017   0.023   0.011   0.000   0.000   0.000 1164991000
24.61   6.04   39.759
24.61   1.00    0.071    0.004
24.61   1.00    0.075   38.192
24.61   1.00    0.073    0.119   0.075   0.118
24.61   1.00    0.073    0.117   0.075   0.116

24.62   0.00    0.118    0.115   0.043   0.021   0.002   0.017   0.023   0.011   0.000   0.000   0.000 1165465000
24.62   6.04   39.756
24.62   1.00    0.071    0.004
24.62   1.00    0.075   38.188
24.62   1.00    0.073    0.119   0.075   0.118
24.62   1.00    0.073    0.117   0.075   0.116

24.63   0.00    0.118    0.115   0.043   0.021   0.002   0.017   0.023   0.011   0.000   0.000   0.000 1165938000
24.63   6.04   39.753
24.63   1.00    0.071    0.004
24.63   1.00    0.075   38.185
24.63   1.00    0.073    0.119   0.075   0.118
24.63   1.00    0.073    0.117   0.075   0.116

24.64   0.00    0.118    0.115   0.043   0.021   0.002   0.017   0.023   0.011   0.000   0.000   0.000 1166411000
24.64   6.04   39.750
24.64   1.00    0.071    0.004
24.64   1.00    0.075   38.182
24.64   1.00    0.073    0.119   0.075   0.118
24.64   1.00    0.073    0.117   0.075   0.116

24.65   0.00    0.118    0.115   0.043   0.021   0.002   0.017   0.023   0.011   0.000   0.000   0.000 1166885000
24.65   6.03   39.747
24.65   1.00    0.071    0.004
24.65   1.00    0.075   38.178
24.65   1.00    0.073    0.119   0.075   0.118
24.65   1.00    0.073    0.117   0.075   0.116

24.66   0.00    0.118    0.115   0.043   0.021   0.002   0.017   0.023   0.011   0.000   0.000   0.000 1167358000
24.66   6.03   39.745
24.66   1.00    0.071    0.004
24.66   1.00    0.075   38.175
24.66   1.00    0.073    0.119   0.075   0.118
24.66   1.00    0.073    0.117   0.075   0.116

24.67   0.00    0.118    0.115   0.043   0.021   0.002   0.017   0.023   0.011   0.000   0.000   0.000 1167831000
24.67   6.03   39.742
24.67   1.00    0.071    0.004
24.67   1.00    0.075   38.172
24.67   1.00    0.073    0.119   0.075   0.118
24.67   1.00    0.073    0.117   0.075   0.116

24.68   0.00    0.118    0.115   0.043   0.021   0.002   0.017   0.023   0.011   0.000   0.000   0.000 1168305000
24.68   6.03   39.739
24.68   1.00    0.071    0.004
24.68   1.00    0.075   38.168
24.68   1.00    0.073    0.119   0.075   0.118
24.68   1.00    0.073    0.117   0.075   0.116

24.69   0.00    0.118    0.115   0.043   0.021   0.002   0.017   0.023   0.011   0.000   0.000   0.000 1168778000
24.69   6.03   39.736
24.69   1.00    0.071    0.004
24.69   1.00    0.075   38.165
24.69   1.00    0.073    0.119   0.075   0.118
24.69   1.00    0.073    0.117   0.075   0.116

24.70   0.00    0.118    0.115   0.043   0.021   0.002   0.017   0.023   0.011   0.000   0.000   0.000 1169252000
24.70   6.03   39.733
24.70   1.00    0.071    0.004
24.70   1.00    0.075   38.162
24.70   1.00    0.073    0.119   0.075   0.118
24.70   1.00    0.073    0.117   0.075   0.116

24.71   0.00    0.118    0.115   0.043   0.021   0.002   0.017   0.023   0.011   0.000   0.000   0.000 1169725000
24.71   6.03   39.730
24.71   1.00    0.071    0.004
24.71   1.00    0.075   38.158
24.71   1.00    0.073    0.119   0.075   0.118
24.71   1.00    0.073    0.117   0.075   0.116

24.72   0.00    0.117    0.115   0.043   0.021   0.002   0.017   0.023   0.011   0.000   0.000   0.000 1170198000
24.72   6.03   39.727
24.72   1.00    0.071    0.004
24.72   1.00    0.075   38.155
24.72   1.00    0.073    0.119   0.075   0.118
24.72   1.00    0.073    0.117   0.075   0.116

24.73   0.00    0.117    0.115   0.043   0.021   0.002   0.017   0.023   0.011   0.000   0.000   0.000 1170672000
24.73   6.03   39.724
24.73   1.00    0.071    0.004
24.73   1.00    0.075   38.152
24.73   1.00    0.073    0.119   0.075   0.118
24.73   1.00    0.073    0.117   0.075   0.116

24.74   0.00    0.117    0.115   0.043   0.021   0.002   0.017   0.023   0.011   0.000   0.000   0.000 1171145000
24.74   6.03   39.722
24.74   1.00    0.071    0.004
24.74   1.00    0.075   38.148
24.74   1.00    0.073    0.119   0.075   0.118
24.74   1.00    0.073    0.117   0.075   0.115

24.75   0.00    0.117    0.115   0.043   0.021   0.002   0.017   0.023   0.011   0.000   0.000   0.000 1171619000
24.75   6.03   39.719
24.75   1.00    0.071    0.004
24.75   1.00    0.075   38.145
24.75   1.00    0.073    0.119   0.075   0.118
24.75   1.00    0.073    0.117   0.075   0.115

24.76   0.00    0.117    0.115   0.043   0.021   0.002   0.017   0.023   0.011   0.000   0.000   0.000 1172092000
24.76   6.03   39.716
24.76   1.00    0.071    0.004
24.76   1.00    0.075   38.142
24.76   1.00    0.073    0.119   0.075   0.118
24.76   1.00    0.073    0.117   0.075   0.115

24.77   0.00    0.117    0.115   0.043   0.021   0.002   0.017   0.023   0.011   0.000   0.000   0.000 1172565000
24.77   6.02   39.713
24.77   1.00    0.071    0.004
24.77   1.00    0.075   38.138
24.77   1.00    0.073    0.119   0.075   0.118
24.77   1.00    0.073    0.117   0.075   0.115

24.78   0.00    0.117    0.115   0.043   0.021   0.002   0.017   0.023   0.011   0.000   0.000   0.000 1173039000
24.78   6.02   39.710
24.78   1.00    0.071    0.004
24.78   1.00    0.075   38.135
24.78   1.00    0.073    0.119   0.075   0.118
24.78   1.00    0.073    0.117   0.075   0.115

24.79   0.00    0.117    0.115   0.043   0.021   0.002   0.017   0.023   0.011   0.000   0.000   0.000 1173512000
24.79   6.02   39.707
24.79   1.00    0.071    0.004
24.79   1.00    0.075   38.132
24.79   1.00    0.073    0.119   0.075   0.118
24.79   1.00    0.073    0.117   0.075   0.115

24.80   0.00    0.117    0.115   0.043   0.021   0.002   0.017   0.023   0.011   0.000   0.000   0.000 1173985000
24.80   6.02   39.704
24.80   1.00    0.071    0.004
24.80   1.00    0.075   38.129
24.80   1.00    0.073    0.119   0.075   0.118
24.80   1.00    0.073    0.117   0.075   0.115

24.81   0.00    0.117    0.115   0.043   0.021   0.002   0.017   0.023   0.011   0.000   0.000   0.000 1174459000
24.81   6.02   39.702
24.81   1.00    0.071    0.004
24.81   1.00    0.075   38.125
24.81   1.00    0.073    0.119   0.075   0.118
24.81   1.00    0.073    0.117   0.075   0.115

24.82   0.00    0.117    0.115   0.043   0.021   0.002   0.017   0.023   0.011   0.000   0.000   0.000 1174932000
24.82   6.02   39.699
24.82   1.00    0.070    0.004
24.82   1.00    0.075   38.122
24.82   1.00    0.073    0.119   0.075   0.118
24.82   1.00    0.073    0.117   0.075   0.115

24.83   0.00    0.117    0.115   0.043   0.021   0.002   0.017   0.023   0.011   0.000   0.000   0.000 1175406000
24.83   6.02   39.696
24.83   1.00    0.070    0.004
24.83   1.00    0.075   38.119
24.83   1.00    0.073    0.119   0.075   0.118
24.83   1.00    0.073    0.117   0.075   0.115

24.84   0.00    0.117    0.115   0.043   0.021   0.002   0.017   0.023   0.011   0.000   0.000   0.000 1175879000
24.84   6.02   39.693
24.84   1.00    0.070    0.004
24.84   1.00    0.075   38.116
24.84   1.00    0.073    0.119   0.075   0.118
24.84   1.00    0.073    0.117   0.075   0.115

24.85   0.00    0.117    0.115   0.043   0.021   0.002   0.017   0.023   0.011   0.000   0.000   0.000 1176352000
24.85   6.02   39.690
24.85   1.00    0.070    0.004
24.85   1.00    0.075   38.112
24.85   1.00    0.073    0.119   0.075   0.118
24.85   1.00    0.073    0.117   0.075   0.115

24.86   0.00    0.117    0.115   0.043   0.021   0.002   0.017   0.023   0.011   0.000   0.000   0.000 1176826000
24.86   6.02   39.687
24.86   1.00    0.070    0.005
24.86   1.00    0.075   38.109
24.86   1.00    0.073    0.119   0.075   0.118
24.86   1.00    0.073    0.117   0.075   0.115

24.87   0.00    0.117    0.115   0.043   0.021   0.002   0.017   0.023   0.011   0.000   0.000   0.000 1177299000
24.87   6.02   39.685
24.87   1.00    0.070    0.005
24.87   1.00    0.075   38.106
24.87   1.00    0.073    0.119   0.075   0.117
24.87   1.00    0.073    0.117   0.075   0.115

24.88   0.00    0.117    0.115   0.043   0.021   0.002   0.017   0.023   0.011   0.000   0.000   0.000 1177772000
24.88   6.02   39.682
24.88   1.00    0.070    0.005
24.88   1.00    0.075   38.102
24.88   1.00    0.073    0.119   0.075   0.117
24.88   1.00    0.073    0.117   0.075   0.115

24.89   0.00    0.117    0.115   0.043   0.021   0.002   0.017   0.023   0.011   0.000   0.000   0.000 1178246000
24.89   6.01   39.679
24.89   1.00    0.070    0.005
24.89   1.00    0.075   38.099
24.89   1.00    0.073    0.119   0.075   0.117
24.89   1.00    0.073    0.117   0.075   0.115

24.90   0.00    0.117    0.115   0.043   0.021   0.002   0.017   0.023   0.011   0.000   0.000   0.000 1178719000
24.90   6.01   39.676
24.90   1.00    0.070    0.005
24.90   1.00    0.075   38.096
24.90   1.00    0.073    0.119   0.075   0.117
24.90   1.00    0.073    0.117   0.075   0.115

24.91   0.00    0.117    0.115   0.043   0.021   0.002   0.017   0.023   0.011   0.000   0.000   0.000 1179193000
24.91   6.01   39.673
24.91   1.00    0.070    0.005
24.91   1.00    0.075   38.093
24.91   1.00    0.073    0.119   0.075   0.117
24.91   1.00    0.073    0.117   0.075   0.115

24.92   0.00    0.117    0.115   0.043   0.021   0.002   0.017   0.023   0.011   0.000   0.000   0.000 1179666000
24.92   6.01   39.670
24.92   1.00    0.070    0.005
24.92   1.00    0.075   38.089
24.92   1.00    0.073    0.119   0.075   0.117
24.92   1.00    0.073    0.117   0.075   0.115

24.93   0.00    0.117    0.115   0.043   0.021   0.002   0.017   0.023   0.011   0.000   0.000   0.000 1180139000
24.93   6.01   39.667
24.93   1.00    0.070    0.005
24.93   1.00    0.075   38.086
24.93   1.00    0.073    0.119   0.075   0.117
24.93   1.00    0.073    0.117   0.075   0.115

24.94   0.00    0.117    0.115   0.043   0.021   0.002   0.017   0.023   0.011   0.000   0.000   0.000 1180613000
24.94   6.01   39.665
24.94   1.00    0.070    0.005
24.94   1.00    0.075   38.083
24.94   1.00    0.073    0.119   0.075   0.117
24.94   1.00    0.073    0.117   0.075   0.115

24.95   0.00    0.117    0.115   0.043   0.021   0.002   0.017   0.023   0.011   0.000   0.000   0.000 1181086000
24.95   6.01   39.662
24.95   1.00    0.070    0.005
24.95   1.00    0.075   38.080
24.95   1.00    0.073    0.119   0.075   0.117
24.95   1.00    0.073    0.117   0.075   0.115

24.96   0.00    0.117    0.115   0.043   0.021   0.002   0.017   0.023   0.011   0.000   0.000   0.000 1181559000
24.96   6.01   39.659
24.96   1.00    0.070    0.005
24.96   1.00    0.075   38.077
24.96   1.00    0.073    0.119   0.075   0.117
24.96   1.00    0.073    0.117   0.075   0.115

24.97   0.00    0.117    0.115   0.043   0.021   0.002   0.017   0.023   0.011   0.000   0.000   0.000 1182033000
24.97   6.01   39.656
24.97   1.00    0.070    0.005
24.97   1.00    0.075   38.073
24.97   1.00    0.073    0.119   0.075   0.117
24.97   1.00    0.073    0.117   0.075   0.115

24.98   0.00    0.117    0.115   0.043   0.021   0.002   0.017   0.023   0.011   0.000   0.000   0.000 1182506000
24.98   6.01   39.653
24.98   1.00    0.070    0.005
24.98   1.00    0.075   38.070
24.98   1.00    0.073    0.119   0.075   0.117
24.98   1.00    0.073    0.117   0.075   0.115

24.99   0.00    0.117    0.115   0.043   0.021   0.002   0.017   0.023   0.011   0.000   0.000   0.000 1182980000
24.99   6.01   39.651
24.99   1.00    0.070    0.005
24.99   1.00    0.075   38.067
24.99   1.00    0.073    0.119   0.075   0.117
24.99   1.00    0.073    0.117   0.075   0.115

25.00   0.00    0.117    0.115   0.043   0.021   0.002   0.017   0.023   0.011   0.000   0.000   0.000 1183453000
25.00   6.01   39.648
25.00   1.00    0.070    0.005
25.00   1.00    0.075   38.064
25.00   1.00    0.073    0.119   0.075   0.117
25.00   1.00    0.073    0.117   0.075   0.115
