time,x,y,z,vx,vy,vz,e0,e1,e2,e3
0.0,0.0,0.0,1191.0,0.0,0.0,0.0,0.746269616009966,-0.0005650907416661874,0.0034424739897352392,0.6656346522422205
0.1,0.013963553453548183,0.011569246090906352,1192.4202759607451,0.2918335653279084,0.2417772261300245,29.66784844392441,0.746269616009966,-0.0005650907416661874,0.0034424739897352392,0.6656346522422205
0.2,0.05774575632258158,0.04784223961226947,1196.8706517682936,0.5821415683455806,0.48232333017713913,59.20025863853093,0.746269616009966,-0.0005650907416661874,0.0034424739897352392,0.6656346522422205
0.30000000000000004,0.1305906129367161,0.10819480635231352,1204.267138921988,0.8731130846727622,0.7255979932949607,87.89623702710134,0.7462754880347874,-0.0010659875310826512,0.00303619291544125,0.6656294323132083
0.4,0.231671999231471,0.19760029729718745,1214.4791251495835,1.0512395655116447,1.0637623898091142,116.4789969463432,0.7462861243969608,-0.00048515220648866236,0.003150924626863625,0.665617650632776
0.5,0.32960624548479,0.3273454099428701,1227.556921252299,1.4073241435340291,1.6602821922591722,145.2217040983952,0.7462870127155542,0.0006440982497627744,0.003968454869980089,0.6656121476922456
0.6000000000000001,0.46882869050585874,0.5394172717168949,1243.511030069936,1.9346723925727165,2.621440094451467,174.31263709118508,0.7462829185273032,0.0012162859516288533,0.004370256188404334,0.6656134216072433
0.7000000000000001,0.6884110235186286,0.8104147776552765,1262.4150990051326,2.215815034861518,3.5331137077933596,204.069829135989,0.7462839080131318,0.00020521395162906184,0.0038697651629232264,0.6656164897637868
0.8,0.9833756462210628,1.1719696777225566,1284.345708063416,2.6653739772833,4.109037398965524,234.78500886219857,0.7462842908505027,-0.00020495731022443086,0.0033691980827170584,0.6656187825824498
0.9,1.262535216785496,1.604181098562931,1309.402307099378,3.0934567887471984,4.840048160173316,266.67216347062987,0.7462822212117796,0.000677156106468628,0.004125172763467236,0.6656165342841864
1.0,1.6151686385253008,2.130631375319829,1337.7204368549583,3.671491334702094,5.814043250909971,299.92259485294034,0.7462812400796814,0.0005768763253523009,0.004029827723005147,0.6656183128545674
1.1,1.963141689699142,2.7368457714501364,1369.435025996877,4.025299681619251,6.537779911820494,334.6455121617676,0.7462819508741647,0.000367097512088643,0.0039667075910597436,0.6656180438282561
1.2000000000000002,2.2915872261685375,3.4560365596907068,1404.6963153647644,4.4955380753497405,7.467149362347684,370.8951681952596,0.7462803730157671,0.000627291499383432,0.004199893964205573,0.6656181880383919
1.3,2.7613557454013273,4.264242278563872,1443.6747880196447,5.046638158019702,8.315509879669865,408.98804148160303,0.7462803494353961,0.0004269834496821892,0.004147281965630342,0.6656187030004599
1.4000000000000001,3.3570875528053303,5.132951078406579,1486.5654340412868,5.529771616052669,9.351045109768533,449.20192562660236,0.7462796538347445,0.0005649850259654796,0.004270200065374983,0.6656186028467175
1.5,3.940562757295313,6.170121131158748,1533.5939041491104,6.014774184977073,10.305863648903602,491.7767357267231,0.7462795634280889,0.0006024334527224856,0.0042219313210171035,0.6656189792812677
1.6,4.667535942812922,7.302321688080504,1585.0090259233436,6.723780274066991,11.450117785941394,536.9664057237001,0.7462789893498996,0.0005609071135363249,0.004207385957671356,0.6656197513156483
1.7000000000000002,5.531046105132788,8.496843326367486,1641.0653556083298,7.292133969613245,12.534216170602097,584.4178005211122,0.7462779088388614,0.0006862130889955422,0.004366696917680974,0.6656198193028223
1.8,6.213517494482824,9.769049080126763,1701.9715406484036,7.886986729775865,13.71377880809634,633.9285907589763,0.74627736191781,0.000697890199822418,0.004325558646425447,0.6656206889668165
1.9000000000000001,6.87293457104356,11.149040001568563,1767.8019231018102,8.637715325586875,14.826888265687119,682.4530312411446,0.7462768900266531,0.0007406534334680269,0.004252664436811704,0.6656216415425705
2.0,7.836637986064343,12.633840826882293,1838.4429915750075,9.36094499087444,15.895407268914424,730.2062161874074,0.7462762105619626,0.0008436469277980369,0.004262887963918047,0.6656222153709608
2.1,8.796312652093679,14.241075078941572,1913.8036738005608,9.970413329603524,16.94480813329698,776.8950963304567,0.7462756002762139,0.0008732436555017967,0.0041697449219109325,0.6656234514387103
2.2,9.987196823678964,15.976474627832157,1993.7895804814875,10.532525829566717,18.008972447108615,822.5725407124339,0.7462747426625265,0.0009609401949091138,0.00412133221962464,0.6656245936552052
2.3000000000000003,11.054999867529895,17.878999324903905,2078.275021233907,11.156906972701886,19.0404503418642,866.904084578992,0.7462739712495937,0.001000125049767436,0.004094893597531699,0.665625563985992
2.4000000000000004,12.089303090827208,19.920933564993245,2167.1305655953133,11.739632191891543,20.03344006205519,910.0540672127511,0.7462731553439754,0.0009628509890258583,0.004057026976250404,0.6656267655849138
2.5,13.161433830677472,21.997692083146145,2260.223733127976,12.293534716675948,20.964952477785147,951.3100247406514,0.7462721532105547,0.0009684381490584672,0.004075717583285546,0.6656277668458662
2.6,14.585007289513575,24.141896163201785,2357.2751111467273,12.898090210309816,21.809003297973064,989.1748613014109,0.7462713879709401,0.001036608899801754,0.004015790072300041,0.6656288863683807
2.7,16.00898749819679,26.367578055483357,2457.930468720039,13.428897001753475,22.568023585624967,1023.1710832787811,0.746270408933119,0.0011057232693315918,0.004006321763604155,0.6656299298504939
2.8000000000000003,17.2901247289527,28.628351577372822,2561.772697636435,13.836125931650896,23.225306717281292,1053.0133979750526,0.7462689897223366,0.001111535007228037,0.004153464122834201,0.6656306094257619
2.9000000000000004,18.604691099164288,30.94330599288292,2668.3948298689297,14.191295520010323,23.778942507177256,1078.6729124715084,0.7462688477826571,0.0011312600297715967,0.004030099750818756,0.6656314936779127
3.0,19.9474625619651,33.38645794841951,2777.37723710583,14.477431329078362,24.24241521156955,1100.2838836875956,0.746268428016747,0.0011784956939002152,0.0039948618919201356,0.6656320947578906
3.1,21.31339184465973,35.779790333465364,2888.319770164833,14.709205460147608,24.619618370640506,1118.0653397131728,0.7462680689835385,0.0013631108197631376,0.003915935877063306,0.6656326138273878
3.2,22.69782504206318,38.18559175867764,3000.866223559291,14.893854964338075,24.900633509034794,1132.2564620199573,0.7462681172289696,0.0015123029786218256,0.0038306610822736406,0.6656327337074872
3.3000000000000003,24.252093421870686,40.62336323957342,3114.6624785655126,15.03480968368618,25.122745963523183,1143.1905730784415,0.746268010426299,0.001675728415420541,0.003744155258914533,0.6656329542999265
3.4000000000000004,25.885591935120853,43.1093902484126,3229.4044943011436,15.137869607398773,25.29493074760114,1151.2056230722667,0.7462681383249608,0.0017194158379572684,0.0038339305974635137,0.6656321884542149
3.5,27.42111917127264,45.62656116054397,3344.809433116004,15.216003453836008,25.423618540485315,1156.5287099782327,0.7462684285117394,0.0018049418941735028,0.0038911263327468834,0.6656313047981144
3.6,28.947482430906284,48.18003362666059,3460.6238177125074,15.257916932556899,25.495899401194997,1159.3898852966988,0.746269288097406,0.001797463559126674,0.0038767444403879393,0.6656304452321035
3.7,30.47665246383213,50.73882234777832,3576.611243229867,15.276288930498929,25.518051220504017,1159.9970205798527,0.7462705485303803,0.0018426918447901524,0.0038469817357894283,0.6656290811063281
3.8000000000000003,31.96820642732966,53.29821619138835,3692.555632068542,15.271504996924701,25.49722018895302,1158.5531827743414,0.7462716971839767,0.00186476460880136,0.003767521280795347,0.6656281863161291
3.9000000000000004,33.4432707472617,55.853773593889315,3808.2592359403566,15.242853361983668,25.436272834299373,1155.242983654443,0.7462726916393536,0.0019241085258304598,0.0037700154994214177,0.6656268883562841
4.0,34.91330472962168,58.397433893482386,3923.54656895355,15.195490270807946,25.314822642955967,1150.2407098365416,0.7462736157278068,0.0018977814318082507,0.003789809010041666,0.6656258154863363
4.1000000000000005,36.3764704732851,60.90336920689571,4038.2552635819934,15.139251956193144,25.165101714345745,1143.7123824735595,0.7462744937617204,0.0019419388216412186,0.003745513531615126,0.6656249544320626
4.2,37.83123631852455,63.39635418207041,4152.24450550897,15.067173520184557,24.987105124568902,1135.8094761991647,0.7462751065349789,0.0019074249689967938,0.003592224861075112,0.6656252121252177
4.3,39.27608589519648,65.87379138521871,4265.378610476766,14.989755758517637,24.777733560227592,1126.6828545474739,0.7462757708773974,0.0017274750133680005,0.003526041197740919,0.6656253125181587
4.4,40.75623436220868,68.33348017563443,4377.547711839735,14.910337810406144,24.602628074530937,1116.53719998425,0.7462756510065738,0.0018789478447464366,0.0034282138526539737,0.6656255476012708
4.5,42.26387757678843,70.7735841685122,4488.653683245304,14.830390252576855,24.409185644929902,1105.485820289691,0.7462753454668193,0.0019681388010036375,0.003369488055838809,0.6656259322835018
4.6000000000000005,43.76192637693301,73.19238323659211,4598.615634147267,14.755104987988826,24.20302692856243,1093.658471202845,0.7462750866385107,0.002072154854662885,0.0033361143701369097,0.6656260748932924
4.7,45.24983824697171,75.58826259777649,4707.350372849582,14.676764074187393,23.865786812130477,1080.4046029848703,0.7462748247061709,0.0022010584420454923,0.0031301068931679655,0.6656269554204863
4.800000000000001,46.68658439012217,77.9577945108798,4814.685534959721,14.593640495811254,23.563744800720993,1066.2994094996398,0.7462742830857799,0.002246400830458602,0.0030981633036380905,0.6656275606315128
4.9,48.0881756774668,80.30176165753383,4920.635316169112,14.515070932666104,23.358424888359437,1052.6457319991273,0.7462736969222693,0.0023586565943784447,0.0030588478656722344,0.6656280113327364
5.0,49.48196392012173,82.62097456128657,5025.243506912035,14.442292232457325,23.073131202462687,1039.4211830917259,0.7462728095048597,0.0024751641180777886,0.00301076616136091,0.6656288024443006
5.1000000000000005,50.86860722905022,84.91669176907716,5128.543114033093,14.370429479987608,22.807415291500963,1026.6003530476803,0.7462713206503062,0.002672384778475754,0.002980141300770541,0.6656298469061247
5.2,52.24862860653494,87.18984548254033,5230.572950048215,14.308227385338826,22.5726106594198,1014.1565999764373,0.7462687588542174,0.002878310854832835,0.002999344972454312,0.6656317741924171
5.300000000000001,53.6224586279283,89.4413671469256,5331.376553730846,14.201328707029495,22.318294384608944,1002.0700397079838,0.7462662337971425,0.002977439554967713,0.002951583570597233,0.6656343826023045
5.4,54.990709072550345,91.68559763588192,5430.997407278897,14.07154796531844,22.163889694922958,990.3245707334358,0.7462640197230731,0.003180173628592959,0.0029461891653190407,0.6656359510512143
5.5,56.3537616123023,93.92405585641245,5529.462746810873,13.991709171934627,22.018974596473633,978.9066505311208,0.7462589265043997,0.0033869008579928343,0.003038721795555367,0.6656402254107906
5.6000000000000005,57.71208159443819,96.14654574948743,5626.795047007425,13.988910801575761,21.893050501892194,967.7878447131834,0.746254756123096,0.003553632608856936,0.003112666506145457,0.6656436899469274
5.7,59.06617482737418,98.35530658724906,5723.026888023026,13.988556488391744,21.745869699083713,956.9485691502359,0.7462489079464608,0.0039290313934872995,0.003196663742904111,0.6656477382534539
5.800000000000001,60.41628989495539,100.51653379157206,5818.190012696576,13.956231846795568,21.502585687320504,946.3758267832403,0.7462424418313172,0.004464973756581891,0.0032444669059751956,0.6656513768133304
5.9,61.76334527144406,102.55406086023889,5912.3050148797965,13.898946434053578,21.215865879128906,936.0590802330777,0.7462386822736786,0.0048863223245410835,0.0032507002451623687,0.6656526014975834
6.0,63.10743148348291,104.68262462505318,6005.400777144986,13.828793471529043,20.956106190350557,925.990165737802,0.7462337178378272,0.005139509322572493,0.0032709798637381195,0.6656561608642921
6.1000000000000005,64.44927888391557,106.7143171632674,6097.5043780434935,13.761758624265415,20.722952648593843,916.1587116750973,0.7462288714922033,0.005741013615266779,0.003129028180601181,0.665657360281389
6.2,65.78926097398805,108.60789809307481,6188.637555294716,13.701728593357041,20.60775870818171,906.5554391324491,0.7462246223255236,0.005792334587150386,0.003255496343135929,0.6656610726478753
6.300000000000001,67.12791089873704,110.46678245123097,6278.821953756561,13.643150074664737,20.43667357274492,897.1693598000284,0.7462242907139137,0.005943845600221687,0.0031410266076075284,0.6656606587442639
6.4,68.4658065917382,112.5068773952846,6368.077464653188,13.602602678846385,20.32787410300637,887.9889705411194,0.7462250622521116,0.006044743487993277,0.003034563794902153,0.6656593790863096
6.5,69.80331732579118,114.58617499296928,6456.432113818863,13.586119305573169,20.15998360895156,879.0047229617348,0.7462263593751943,0.006116774585447426,0.0030549041444954492,0.665657173928879
6.6000000000000005,71.14095626671475,116.65536375449238,6543.894088499556,13.572243845098557,19.856583257031495,870.2135197148301,0.7462259292528184,0.0063528108750835,0.002849254058783831,0.6656563573316653
6.7,72.47916752902304,118.79317139646385,6630.487819513243,13.561764400923558,19.57745655577302,861.6076483368283,0.7462273073870427,0.006406850634856537,0.00291336016742518,0.6656540169692975
6.800000000000001,73.81813991441406,121.02952431790884,6716.220185131904,13.554315423007383,19.39604545228871,853.1796131958495,0.7462284869094491,0.006458230926003636,0.00276809471685435,0.6656528180889638
6.9,75.15849707006475,123.02117861372354,6801.120236999612,13.571613725849343,19.42746244230849,844.9212532983141,0.746229612791769,0.0065042105868905,0.0027191678613680188,0.6656513098938734
7.0,76.50026388459253,124.9931200189661,6885.201287669502,13.600894782729478,19.301732873794474,836.8283226317478,0.7462310895463007,0.00654335097023927,0.002546413725382907,0.6656499540522485
7.1000000000000005,77.8440760260572,126.95270510538948,6968.488912645888,13.631591063938119,19.085186404725818,828.8956515590538,0.746231605692107,0.0066400860205381405,0.0025028350670550006,0.6656485827675492
7.2,79.18991655269814,128.9551070513508,7050.9929121961495,13.662753456163063,18.80813977023091,821.1183909442134,0.7462322656250711,0.006736843098055019,0.0025170819163232096,0.6656468170011571
7.300000000000001,80.53796711056684,130.77343629033894,7132.720984040642,13.65960118717517,18.559047301825906,813.491702654043,0.7462250384821522,0.006874182852808796,0.0022982093119939123,0.6656543065183121
7.4,81.88851187175739,132.79084132672696,7213.6974868803345,13.651580371518012,18.40486761720981,806.0086279859255,0.7462150046276874,0.006808348760643957,0.002222825808842686,0.6656664872900523
7.5,83.24154140165763,134.7975512457061,7293.931969610508,13.684813678613517,18.208494128834566,798.6668972657206,0.7461995961030453,0.006859206334402034,0.002339538828744261,0.6656828378606308
7.6000000000000005,84.59740194755881,136.7935684075739,7373.44062326533,13.720959689697988,18.031892714476765,791.461787151837,0.7461884613076537,0.006867089086447794,0.0024185505139981784,0.665694955600691
7.7,85.9559482115745,138.77858010790098,7452.232208974285,13.733790889525705,17.9242482798387,784.3891003161606,0.7461724089889121,0.006999233128433776,0.0023476842380818377,0.6657118259262154
7.800000000000001,87.31748866958675,140.75261601566675,7530.322948616989,13.747015223333056,17.823818727626747,777.4449300227831,0.7461603955916979,0.007134812237751004,0.0020182196119772496,0.6657249321561953
7.9,88.68146546242485,142.71549626358293,7607.721724567107,13.76238750479721,17.718480816172555,770.6237886489231,0.7461534677800121,0.007358879084789563,0.0020460042361966128,0.6657301730319449
8.0,90.04854562720865,144.6671044128814,7684.449624920771,13.778757523467954,17.617617354690683,763.9219973495212,0.746142595692619,0.0075561363716921265,0.001962180412839533,0.6657404010154714
8.1,91.41813848772651,146.6073656123663,7760.51307231254,13.773563462548028,17.51318302490549,757.3364843543176,0.7461354310176337,0.007722577742158691,0.0019452503700624875,0.6657465706814749
8.200000000000001,92.79059830449434,148.53525880033942,7835.920318358049,13.82690473944242,17.42652681101764,750.8641267603418,0.7461245707246932,0.007926202269506083,0.0019038211168046037,0.6657564687959333
8.3,94.23741438373213,150.43169983379133,7910.6923491998095,13.911842535378321,17.36656611455947,744.5026789082054,0.746119772880794,0.008072948573029284,0.0018721039662909762,0.6657601724678257
8.4,95.59413883900959,152.05394300268318,7984.834320727653,13.996944839560978,17.25918612551155,738.2481356190591,0.7461199982135308,0.008223024190318291,0.0018031542238147156,0.6657582735301539
8.5,97.0300160990521,153.57482685132166,8058.352081942039,14.04381547070817,17.20619653170947,732.0972252348618,0.7461202469585277,0.008326548306044127,0.0017157611444054677,0.6657569390066828
8.6,98.47078350860284,155.37423681707165,8131.260212300208,13.908651962424555,17.05962106439036,726.0459245631821,0.7461202959675663,0.008497505213691203,0.0017570325993128797,0.6657546163466384
8.700000000000001,99.91631279058214,156.9846036704172,8203.569430722559,13.869632438765443,16.976164697162215,720.091758954998,0.7461204421852913,0.008606303612118763,0.0018004752754775305,0.6657529388445415
8.8,101.3666208270826,158.4750136741778,8275.28545954678,13.839287045754856,16.887585849755354,714.2323484906585,0.7461203810319836,0.008770775438469892,0.0018596554982377932,0.6657506982259375
8.9,102.82162851277583,159.9478138808219,8346.422432507776,13.818805617869494,16.75406712286894,708.4653027230943,0.7461219794138335,0.00866676267115041,0.0018749932308218839,0.6657502260313317
9.0,104.28131728189827,161.41940956376814,8416.98584985027,13.755684069232002,16.56785984450012,702.7894877088,0.7461228074356414,0.008693697359155343,0.0019342837779354688,0.665748777240222
9.1,105.74563846158003,163.04513471219278,8486.984019984437,13.761473639681794,16.5490705697132,697.2023517439656,0.7461233057289955,0.00877203305812226,0.0019097874887732131,0.6657472619514185
9.200000000000001,107.21469350650409,164.7128672437376,8556.430006466699,13.811022124157192,16.48720070547923,691.6982558850534,0.7461260771956847,0.008979153928953328,0.001753243015429987,0.6657418252312438
9.3,108.68835411441343,165.96012911223588,8625.328720721649,13.888002477450856,16.426532564681338,686.2751317896546,0.7461284449391441,0.008999652882824765,0.0016355942971226277,0.6657391942284745
9.4,110.16671317380263,167.78854594243532,8693.689771237512,13.853508166726916,16.357817122479684,680.930670895047,0.7461317879461997,0.009087681597330753,0.0014859204848037225,0.6657346026005452
9.5,111.64966862464314,169.62974166803681,8761.519720539864,13.854198356678257,16.2920379513584,675.6621795542592,0.7461342683000826,0.009116583997876338,0.0013625491165861433,0.6657316914676775
9.600000000000001,113.13732933600342,171.32354875590667,8828.827900884067,13.889349411087824,16.240834140793474,670.4705041754492,0.7461373389100376,0.009197411178102959,0.0013361361811344346,0.6657271917624923
9.700000000000001,114.62960622345364,172.99442324243347,8895.620550203172,13.938492958740271,16.15034054744892,665.3519422222693,0.7461392347218149,0.009330364266255385,0.001330919655328529,0.6657232272981576
9.8,116.12657277903037,174.6559669808979,8961.903641528605,13.977898948449797,16.082015719214876,660.3074484530832,0.7461409643640013,0.009551774966218533,0.0013454405282522135,0.6657181195391468
9.9,117.62819043766741,176.30846868980674,9027.685060100099,14.010735186410809,16.07759151972704,655.3309681466989,0.7461431032137573,0.009727891714787586,0.0013265470028282532,0.6657132099653565
10.0,119.13470107973455,177.7778777385517,9092.9722892194,14.044625586673568,15.977505911711216,650.4235871259084,0.746147413210751,0.009885440621801822,0.0011768261777030417,0.6657063398396965
10.100000000000001,120.60533782510898,179.13062783408623,9157.775016531998,14.080246488727385,15.92044464047441,645.5830690937948,0.7461503867505725,0.010090327123876844,0.0012028112082100048,0.665699886507202
10.200000000000001,122.04982916250842,180.29946165628834,9222.092208325977,14.08747791353223,15.831165702374706,640.808887057877,0.7461530041114539,0.010355113264667466,0.0011073294519115286,0.6656930523193203
10.3,123.4973796380056,182.09311250717423,9285.938006444285,14.067242439001303,15.755638545511154,636.0989877434297,0.7461576563561452,0.010405154261140281,0.001205405720235838,0.6656868870745136
10.4,124.94815420983483,183.88225828025816,9349.31328152317,14.046482459858343,15.757737885324024,631.4528689978383,0.7461604603735553,0.010561720155173994,0.001169349275301831,0.6656813427344649
10.5,126.40228733271938,185.54145104069173,9412.230256314213,14.02593064053496,15.767132937776807,626.8687489666544,0.7461648487251756,0.010690240572584993,0.0011663396938580775,0.6656743775564403
10.600000000000001,127.85968544671285,187.12383739860286,9474.69013350446,14.035848548556144,15.768984886941668,622.3457003648316,0.746168582664113,0.010697866460787438,0.0011507203514326003,0.6656700967753387
10.700000000000001,129.3206073020911,188.59239075618726,9536.702575242369,14.194442737053437,15.726537731739064,617.8825963593241,0.7461742138787543,0.010670453392354055,0.0010901405411489452,0.665664326489279
10.8,130.7848613178373,189.931909070436,9598.271096834269,14.153110430823238,15.713981513738153,613.477178571572,0.7461766213573494,0.010719818687133877,0.001002663680081605,0.6656609721867359
10.9,132.25276389050637,191.1420651917073,9659.398934270459,14.113453452451008,15.697976338338837,609.1270130807142,0.7461753517338859,0.010864973427883859,0.0009938115747221213,0.6656600552502583
11.0,133.72412149539178,192.30852926578925,9720.100177259774,14.076947863237645,15.620182482920447,604.8309152830452,0.7461779546784646,0.01090603345160256,0.0010135242579075803,0.6656564362753465
11.100000000000001,135.199188356045,193.4636201943011,9780.370166746978,14.110839978733278,15.493996719413449,600.5878786815484,0.7461773539594543,0.011010532743708204,0.0009565417076698733,0.6656554736759314
11.200000000000001,136.67789276199548,194.60760108752964,9840.21847503437,14.292101713336358,15.424239644397085,596.3968773591724,0.7461784539721263,0.011137127825245383,0.0009400652557625199,0.6656521580291663
11.3,138.16029441398516,195.72545403514837,9899.650332386856,14.32226276008188,15.38682838506719,592.25744367813,0.7461795792856478,0.011148122344356502,0.0009168067171871742,0.6656507449787255
11.4,139.64648142829537,196.80236190293905,9958.66983924309,14.331690007609406,15.310632836190026,588.1683147789672,0.746179999472537,0.011231240017842746,0.0009441716003031417,0.6656488384837875
11.5,141.1364071343366,197.9162851569956,10017.280103552985,14.343810965011771,15.261856583489857,584.1291192587797,0.7461812323225333,0.011318992426633282,0.0009149879132995503,0.6656460108324768
11.600000000000001,142.63021721561273,199.18458911045812,10075.489741853215,14.364531153313557,15.224632188763238,580.1390346465226,0.7461808474482664,0.011422691614583378,0.0011187618776625375,0.6656443595415844
11.700000000000001,144.1278302852422,200.3733824052431,10133.303651660899,14.386725399322916,15.165787079717262,576.196533283217,0.7461798711703629,0.011452792852203119,0.0012872431494181814,0.6656446322183778
11.8,145.62934588744525,201.55321008640993,10190.724798788076,14.408861514209052,15.136766856534818,572.300381447893,0.7461783478081566,0.011485229171700435,0.0013567524083432125,0.6656456429633304
11.9,147.02050256288203,202.72418861024917,10247.761113942506,14.513926557812058,15.169056222320512,568.4496960924541,0.7461780858910104,0.011609042941889748,0.0012779096782910737,0.6656439447669116
12.0,148.410408200387,203.88661647653606,10304.412661826611,14.513192926451062,15.17741210899282,564.643380514705,0.7461768845420325,0.011664927952204831,0.0013095290982832178,0.6656442530094863
12.100000000000001,149.80234895594552,205.45218946802618,10360.68559399883,14.52603060110958,15.09420724159035,560.8809525198602,0.7461755739419935,0.011801653087102335,0.0012829753753008952,0.6656433638300128
12.200000000000001,151.1964064836849,207.4670564309783,10416.585908130633,14.552453865759308,15.113040793722137,557.1618513690936,0.746175351837852,0.011861891299610957,0.0012597226262021923,0.66564258648569
12.3,152.59266043432973,209.48342263007316,10472.11667960266,14.579561456539244,15.084853688809648,553.4850912538277,0.7461740991668029,0.011910573810930218,0.0012613052063341224,0.6656431184000036
12.4,153.9909030319651,211.44621207427653,10527.280135120734,14.622317698621526,15.011321109312082,549.8497321860275,0.7461743305776881,0.011933981163224996,0.0012637518708353715,0.6656424351044216
12.5,155.39133634556526,213.06239719532923,10582.08355923058,14.767748250296071,14.908825119187465,546.2559006577684,0.7461740128833685,0.011929069431628515,0.001237859559907109,0.6656429279303852
12.600000000000001,156.79384417316268,214.67581416594132,10636.528671755634,14.83118989385908,14.804552024733987,542.702109829208,0.7461737899950892,0.011925992310452983,0.0012396053201086297,0.6656432296736937
12.700000000000001,158.19838402024706,216.28660332315314,10690.620334656027,14.899482523947063,14.829806122528545,539.1881078879221,0.7461739406595996,0.011938874559375954,0.0012258216944438414,0.6656428553781325
12.8,159.6050900464647,217.77619523072195,10744.36186702242,14.889605967205748,14.818050759544697,535.7131817803819,0.746172899915289,0.01199436269483405,0.0012435063001522474,0.6656429916912175
12.9,161.14736789885222,219.23572600570682,10797.760658745823,14.98702024859154,14.774209759870592,532.2764923270723,0.7461732763252907,0.011970997716669861,0.0012133765465887451,0.6656430459555671
13.0,162.87518127781382,220.69154597223437,10850.8201066929,15.092860878632704,14.788296104108701,528.8764325061386,0.7461763487597695,0.011843073998686934,0.0011486192147396697,0.6656420050024637
13.100000000000001,164.60935859973378,222.07925767302214,10903.537085341603,15.146576878556065,14.801720049165507,525.5121274306578,0.7461807521593976,0.01158613232473373,0.0011510123770192495,0.6656415866028033
13.200000000000001,166.34985767664259,223.39026492110824,10955.919252270218,15.161612242075865,14.785992126349113,522.182794149552,0.746182169351895,0.011530576427202646,0.001061286535101644,0.6656411117257157
13.3,168.09669125124725,224.69606217015553,11007.970533629188,15.333530178862189,14.726538577036328,518.8878519738869,0.7461872814741226,0.011222371803610767,0.0010258404541426886,0.6656407041255235
13.4,169.84988664723082,225.77187259638245,11059.693132280516,15.32212791250396,14.743894545806853,515.6275715857436,0.7461897123828845,0.011097214806173513,0.0009020103587425484,0.6656402566963678
13.5,171.51610376580754,226.62315290344046,11111.09114555517,15.360884618189644,14.773328611441292,512.4005942015026,0.7461917708037625,0.011019770504038634,0.000922234345859405,0.665639208074911
13.600000000000001,172.9325143990197,227.46529544632645,11162.171000018681,15.39353784933475,14.772943030379194,509.2065424873528,0.7461951203348351,0.010894814002811098,0.0009499627170478363,0.6656374711411321
13.700000000000001,174.038003375409,228.29854736494568,11212.930116547499,15.41575426269729,14.694204729886824,506.0448499540325,0.7461966059877068,0.010819672059422171,0.0009201215653470654,0.665637073250325
13.8,175.84189648814677,229.12295586523678,11263.376028393941,15.378773645406476,14.60571847552764,502.9152924501814,0.7461992518207626,0.010737677928273185,0.0009311568482388927,0.6656354195817457
13.9,177.6513333960052,229.9387426833354,11313.507972243218,15.416641517134355,14.667992846204049,499.81714918989394,0.7462033617908269,0.010462812889644317,0.0009619381395985286,0.6656351456117083
14.0,179.46622386389697,230.75289671514932,11363.333634610655,15.432084386391727,14.714194789698931,496.7500799316571,0.7462058804270837,0.010240331275977796,0.0009620571054340903,0.6656357818488464
14.100000000000001,181.28640243689946,232.1222965043582,11412.854790369556,15.418667722152739,14.68340635775336,493.7139590983725,0.7462079541740618,0.010266342858631166,0.0009527807222470161,0.6656330697468129
14.200000000000001,183.07293830645332,233.48813942966248,11462.07317038908,15.403021565247135,14.644380924899346,490.7080864064243,0.7462101005172186,0.010187627083678366,0.0009874887628100195,0.6656318224111807
14.3,184.8641216176255,234.8505864244507,11510.992586547707,15.439367493648861,14.604395445169278,487.7312357805448,0.7462127209776999,0.010107844798360138,0.0008146706201682976,0.6656303349730768
14.4,186.6599882129037,236.20952448686518,11559.616105434612,15.478458734363366,14.563747144035357,484.7828423615166,0.7462214073064527,0.009896833946273146,0.0008000278723738516,0.6656237855657058
14.5,188.46037062326587,237.5650208617234,11607.945560857373,15.450518863009044,14.536928665188006,481.86251482807853,0.7462270158300938,0.009704953407460304,0.0007468762626030643,0.6656203849796972
14.600000000000001,190.26524333118908,238.91724277329863,11655.982489246715,15.431556800448268,14.58297548109824,478.9697012916124,0.7462295428117546,0.009708728260185057,0.0006725889115402654,0.6656175761311339
14.700000000000001,192.07459940844294,240.26592035804296,11703.734485365972,15.438834299373491,14.619189199071783,476.10354706616823,0.7462370818402767,0.009638847569544093,0.0004060220655957128,0.6656103555760845
14.8,193.8882471720884,241.61124050606622,11751.200904845384,15.412392395936598,14.630608805450667,473.26425919890306,0.7462408819803547,0.00963938081428222,0.00025660640485506277,0.6656061617442048
14.9,195.61722413266784,242.95325370746906,11798.389266314041,15.39637395863784,14.604762143589342,470.45134286529185,0.74624357312653,0.009686370221146049,0.0003314127560932799,0.6656024293561985
15.0,197.33070356331075,244.29178635680447,11845.298021499557,15.405105410900614,14.572806284833478,467.664390291352,0.7462495428295259,0.009742959560459969,0.00047300771350615434,0.6655948248217001
15.100000000000001,199.04775811895638,245.6269234322071,11891.9325242139,15.432017951421162,14.54397930341903,464.90309801589643,0.7462553682521882,0.009456115072187587,0.0005099639359896297,0.6655924031863018
15.200000000000001,200.7228536398046,246.95874939853783,11938.28827510749,15.460344397245024,14.497260732139976,462.1667595983155,0.7462601041159608,0.009256416813798237,0.0005108046514461097,0.665589899886719
15.3,202.36912090995835,248.28713514854277,11984.375055823239,15.48728648683842,14.451266631042616,459.4552788510308,0.746267871824596,0.00899635255536724,0.0005763434985544032,0.665584703062848
15.4,204.01794212105295,249.61216278981922,12030.188283368678,15.513157319386824,14.400178001876684,456.76838854994025,0.7462742182121571,0.008612733402731786,0.0004672026438685426,0.6655827475054149
15.5,205.38162751166382,250.9339410786988,12075.733768046868,15.537917496312929,14.33605551414485,454.1057119434721,0.7462778901324415,0.008581414476224531,0.000353049158539765,0.6655791052770141
15.600000000000001,207.06213219710736,252.25223779886358,12121.012400856724,15.554572507602469,14.261835221484088,451.4669104570466,0.7462839033318055,0.00854743953794422,0.0002130859437578389,0.6655728596476649
15.700000000000001,208.6354416728867,253.56722875981785,12166.027173799313,15.590339415042454,14.236943609644552,448.8517453735004,0.7462887976204011,0.008404069562094935,6.7814017314457795e-06,0.6655692316469446
15.8,210.16402544068575,254.87895941131725,12210.780043580384,15.617538738213943,14.198686839845246,446.2596868894735,0.7462935805009931,0.008154158638344981,-1.1760330189396498e-05,0.665566977291995
15.9,211.692956477524,256.18734081249346,12255.27784062474,15.678887111945945,14.165292355919783,443.68957184634405,0.7462991078607129,0.00798342817139907,-8.847799281890184e-05,0.6655628435035875
16.0,213.222055622953,257.4924714992408,12299.51660379743,15.678311049843131,14.148113875952813,441.141416342613,0.7462973059448558,0.00774245414038168,-0.0002019741869207842,0.6655676860769025
16.1,214.6631896790917,258.79440519959206,12343.503666223649,15.737237942883818,14.094811586128897,438.61509394737243,0.746291917949169,0.007693717898472519,-8.341707361815544e-05,0.6655743181270152
16.2,216.05832424799937,260.0929681392766,12387.23785980663,15.82886603971124,14.042515954106879,436.1087371157765,0.7462952852668606,0.0074247552454910284,-0.000270421589138624,0.6655735474537461
16.3,217.45258558704307,261.3535537102486,12430.723931781165,15.89964910026852,14.016865514136448,433.6236064874884,0.7462915047210348,0.007264426803055709,-0.0003084356967349286,0.6655795391625691
16.400000000000002,218.35849919351773,262.59137568537295,12473.961172701389,15.916592214731022,13.977282867995896,431.15977907788846,0.7462847289409249,0.007330267919075938,-8.2350637929174e-05,0.6655864810377214
16.5,219.16505815542124,263.8259200427582,12516.953226208456,15.980605584238615,13.93953667647354,428.71599711692835,0.7462856181123584,0.007223705368129423,-0.00011868179379136734,0.6655866436415634
16.6,219.9688360416677,265.05721279686526,12559.702575630485,16.04351282888497,14.050198448170224,426.29243749565416,0.7462851337296839,0.0068070141489536,-0.0003367670764502008,0.665591504092698
16.7,220.769889916354,266.2853964718363,12602.210323494064,16.09458971338973,14.024894384536088,423.8886553254101,0.746278977272305,0.006792876997500334,-0.0002379377451940861,0.665598593965709
16.8,221.56850001307916,267.51035284839617,12644.478683557318,16.14102005328276,13.98645850468802,421.5045013294236,0.7462780170696031,0.006700440765284569,-0.0002040012528426575,0.6656006187765309
16.900000000000002,222.60791340254727,268.73215480512323,12686.512884633921,16.140230634222476,13.941972033024783,419.1394325534201,0.7462769200554401,0.006663040882685619,-0.00033658136280209655,0.6656021703628588
17.0,224.1663426752499,269.9509090851347,12728.307556933652,16.129600387409184,13.900032974936217,416.79351224166203,0.7462721947451216,0.006521372209252094,-0.00023988981624917878,0.6656089133325093
17.1,225.72676709002525,271.28077523205786,12769.870667567888,16.119961694190284,13.860737481827188,414.4663469887406,0.7462697041756614,0.006451561635853914,-0.00035984211746938413,0.6656123319888838
17.2,227.43683802603158,273.01384105499415,12811.200221187402,16.137567423263363,13.816613610208652,412.1576455353069,0.7462694144690187,0.006364750680187155,-0.000318231002233747,0.6656135137644639
17.3,229.2879638967857,274.96886696049154,12852.300629624013,16.141730330415843,13.795399590083107,409.8674101446692,0.7462661641969359,0.006193744142757593,-0.00016447381861471185,0.6656188268496084
17.400000000000002,230.93009037770778,276.92119761690014,12893.173273948916,16.21445537858042,13.787596463459229,407.5950168330596,0.7462683630934915,0.0061071954716517855,-0.0001312154269691089,0.6656171686425639
17.5,232.45730704045923,278.8703617037817,12933.82030511007,16.255695369279657,13.78008630251275,405.3402397442625,0.7462736694139355,0.0059537327667582825,-5.698342009793272e-06,0.6656126226065211
17.6,234.14919523719442,280.24110493753903,12974.241871368946,16.291615732379647,13.779826985502766,403.1032808731872,0.7462777997622838,0.005607359641224756,7.30348269457018e-05,0.6656109958269414
17.7,235.9777292835833,281.35510828071807,13014.440285144183,16.32912921360955,13.77655463228488,400.88342092584276,0.7462828033749941,0.005342128412850603,0.0006065301937351945,0.6656072950110332
17.8,237.74802311989652,282.3992801426581,13054.41928315625,16.340659242600008,13.758137848782106,398.680892129517,0.7462880751714348,0.005241900822694383,0.0007726430386199545,0.6656020089778987
17.900000000000002,239.52044389093513,283.4406867845674,13094.174863399401,16.291895758233316,13.732380940486422,396.49606572137606,0.7462908296233441,0.0053449939714838605,0.0007338271190126857,0.6655981446468318
18.0,241.2947366400744,284.47921533421544,13133.716395733903,16.233429089569505,13.706552772261707,394.32813568441696,0.7462931626028929,0.00516389774638633,0.0008091728286302639,0.6655968711251358
18.1,242.99467008612007,285.5151703344398,13173.040110089729,16.24011430974419,13.674341666883642,392.17743128521863,0.7462960208742953,0.004935183138713326,0.0009879979677703166,0.6655951600294255
18.2,244.54531809136066,286.54867702914476,13212.150448629729,16.2583953374001,13.64363283268008,390.0431283778429,0.7462995616633393,0.004882286734385462,0.0010879658935918724,0.6655914241241133
18.3,245.74620887859365,287.57940026898143,13251.046837814078,16.26923231632847,13.615713768547149,387.9256941256683,0.7463013194169386,0.005044097675269918,0.0012017625384893428,0.6655880508858164
18.400000000000002,247.4371557744797,288.88076026316645,13289.733644409556,16.287276491855422,13.58670088745611,385.824425569158,0.7463025742998584,0.0050371531754666255,0.0013261966398725015,0.6655864601115047
18.5,249.12862858761363,290.2164620550607,13328.212937158725,16.307668816035957,13.597075189028708,383.7391566993306,0.7463053448258544,0.004937284921287698,0.0013425267236994683,0.6655840691632909
18.6,250.78829342781165,291.70091391673014,13366.484497765083,16.313822345632726,13.636034593450734,381.6699191979674,0.7463090626881985,0.004771679509106362,0.0014032535452932146,0.6655809829792408
18.7,252.42379987249947,293.47953673440793,13404.548484663386,16.3114461058018,13.673854670849716,379.61631515259626,0.7463103965355141,0.004864824290690327,0.0013797932292688166,0.6655788621029584
18.8,254.04833604724996,294.8169792768369,13442.407563123095,16.315022033223922,13.686640659952982,377.5780387707297,0.7463097122056033,0.00497431320951784,0.0015406407975839518,0.6655784672761101
18.900000000000002,255.6130124526525,296.08829073363,13480.065162959098,16.319047646040445,13.685469355491595,375.5548490460018,0.7463107754943974,0.004946271559050526,0.001542925724308638,0.6655774787046392
19.0,257.1052986021764,297.3730762598928,13517.520614690913,16.3168343675295,13.689555261230472,373.5467571439719,0.7463122176989774,0.004703249477872682,0.0016787344425981691,0.6655772945408025
19.1,258.59608555153505,298.8756507631541,13554.776024516726,16.314421264613006,13.693134091589702,371.55348607161716,0.746312240019787,0.004606426840525995,0.0017293298287156522,0.6655778171234032
19.200000000000003,260.0728564467542,300.22010868644924,13591.832584565003,16.293952714885148,13.679935063880862,369.57482812714755,0.7463125008847088,0.004475770110433872,0.0019542211908215716,0.6655777937436521
19.3,261.85057500268243,301.5605129415348,13628.693083059788,16.267034493222265,13.66276243343839,367.6104461661538,0.7463139339592308,0.004342469687446466,0.0019455729932954188,0.6655770952196584
19.400000000000002,263.6768581281474,302.90038937804076,13665.358316602187,16.22947751433949,13.649150360131905,365.66015192502704,0.7463147277788771,0.004242845506171762,0.0019608918532769337,0.6655768026798193
19.5,265.24847699206003,304.23989858603244,13701.825358544598,16.22357000429204,13.634159062994645,363.7240386886964,0.7463135700723046,0.004267682105284602,0.002480385968538203,0.6655762087851598
19.6,266.78946152786625,305.57919421291933,13738.103955415967,16.245022984775026,13.61766326057088,361.80132426608094,0.7463132021644333,0.00428551803575159,0.002758125344033885,0.6655754137247121
19.700000000000003,268.30460360292506,306.8217606769672,13774.189531329404,16.27008670176183,13.622048028525148,359.89208430238443,0.7463139110409784,0.004280013306464557,0.002837357603886374,0.6655743212253932
19.8,269.81986714054875,307.93337121618015,13810.082622163196,16.294881815864652,13.627401045658585,357.996296729215,0.7463143373354372,0.004280082571109544,0.0028313285155881366,0.665573868447063
19.900000000000002,271.3352479480211,309.46520276301925,13845.786586712316,16.3152434968062,13.632158615112552,356.1136791829377,0.7463141555980641,0.004084421385841659,0.003108160682129713,0.665574066496784
20.0,272.85079801957096,310.73162990512117,13881.306122757955,16.333372254056254,13.635789086128401,354.24388226683993,0.7463141112932192,0.003934669522268606,0.0034073487965239147,0.665573553887579
20.1,274.3664312468363,311.6200055986446,13916.633795669559,16.353122973595948,13.631827039252974,352.3871575858959,0.7463147267884177,0.0038913118941537026,0.0035050981548189405,0.6655726110330841
20.200000000000003,275.88202225625093,312.5053208364634,13951.780455365382,16.373005712226554,13.626227993500114,350.5427774044528,0.7463146951897262,0.003987522262967626,0.003553330019567775,0.6655718212603658
20.3,277.3975759884556,313.3310793081545,13986.744896692846,16.381286442217466,13.61940943559243,348.71068687704815,0.746313690480787,0.004165332410034834,0.0036945776304494822,0.665571089743984
20.400000000000002,278.91315901303784,314.1521318534147,14021.524931200971,16.409608498874,13.610228382876006,346.8905544225858,0.746312140435133,0.004593269751215662,0.003811108874881946,0.66556935503467
20.5,280.4287732767824,314.9702077855287,14056.121554382753,16.4282424598555,13.599825850871529,345.0815358219264,0.7463127232086425,0.004548006381783406,0.0037183180817944956,0.665569537257749
20.6,281.944267589629,315.7851114382173,14090.539249893618,16.43650216327608,13.594277265708383,343.2832902686801,0.746313115871397,0.004437392685696724,0.0035788139277611077,0.6655706083619903
20.700000000000003,283.45954023141576,316.77238773815026,14124.778052428657,16.42870845733028,13.582426339497596,341.4957846731757,0.7463119826119641,0.004569932428117641,0.0036534072934793485,0.665570576980796
20.8,284.90741805026056,318.1097566992726,14158.839230140344,16.412490394979283,13.549223891661365,339.7189115493965,0.7463123858005664,0.004369561791611642,0.00373781913655357,0.665571001801099
20.900000000000002,286.3377477322457,319.4462351905578,14192.721098081067,16.39754799871471,13.513464046164609,337.9524976417413,0.7463117808009219,0.00463568577018137,0.003679775087828113,0.6655702032922597
21.0,287.7676509353716,320.8663280366732,14226.427469316335,16.396908940416306,13.47912614925202,336.1961588004796,0.7463115713778483,0.004647085406684911,0.0036761678900750203,0.6655703785584163
21.1,289.196958693394,322.62152331792925,14259.959085758699,16.392863525687787,13.454120896264312,334.45023164825284,0.7463108638859878,0.004686547861238877,0.0037330441412018974,0.6655705785987949
21.200000000000003,290.6257365100979,324.37776736049955,14293.3176517458,16.401027269782467,13.451859680050477,332.7152046692243,0.7463098441821445,0.0048495048031012835,0.0038054756878117065,0.6655701444136278
21.3,292.05411786797487,325.75018404796236,14326.502157602983,16.410690784909406,13.423051915574767,330.9906456590514,0.7463097004312669,0.004908697687617862,0.003792207798278509,0.665569947405394
21.400000000000002,293.48204076574183,326.9960602426549,14359.514936982143,16.41753427709885,13.40088016901689,329.27635810918684,0.7463104769064197,0.004753975089343113,0.0037303002077124087,0.6655705497097378
21.5,294.9093501867357,328.23974417247837,14392.358369981508,16.433404352052385,13.382745900744066,327.572475760323,0.7463107523764632,0.004636562758034643,0.003680066688376501,0.6655713487540141
21.6,296.3360282138941,329.3345792296668,14425.029105447078,16.44830434405681,13.363523603069577,325.8786469731506,0.7463098238608405,0.004678499298166501,0.0038152581222832133,0.665571335214024
21.700000000000003,297.7621974961014,330.5891718988179,14457.532917171426,16.463516784001598,13.339430222958207,324.19479236810565,0.7463094976940057,0.004648143159643549,0.003918236375202534,0.66557131536793
21.8,299.18788161293907,331.90415182863575,14489.869292797614,16.47800964968338,13.316466010123914,322.5208309865741,0.7463098028973967,0.0045639344235339175,0.0039540730042200494,0.665571343965847
21.900000000000002,300.6129489782191,333.21811630078685,14522.037502193292,16.49077310964475,13.297692906858058,320.8567404463528,0.7463092453458461,0.004765703585665602,0.0038970092534129116,0.6655708915656737
22.0,302.03730851262145,334.5312933932361,14554.037171104326,16.482644630562497,13.295534723872898,319.202186570094,0.7463089153329102,0.004640313894711269,0.004029450199221945,0.6655713589936586
22.1,303.461044926294,335.8437919234464,14585.870780949657,16.470736466544082,13.291564006139222,317.55688392635767,0.7463082645756198,0.0046011517245687465,0.004164417012557987,0.6655715297846503
22.200000000000003,304.81334864632043,337.1554747600508,14617.546067976404,16.458802336373875,13.277387712481513,315.9209092050634,0.7463081419796118,0.00459593508259878,0.004215146108086657,0.6655713839543762
22.3,306.09318065028117,338.3217625015414,14649.054118562748,16.44592843887473,13.27266665020588,314.29387075695996,0.7463089720358819,0.004467566778920658,0.004129072919384585,0.665571866790242
22.400000000000002,307.37153653552474,339.3555757906942,14680.399084340517,16.432237338472426,13.281800625431696,312.67599222528247,0.7463097778161693,0.004338894449573031,0.003947160013108956,0.6655729182131486
22.5,308.64842687438215,340.3321075057839,14711.59018845702,16.41893344344712,13.270182447728278,311.0671159986638,0.7463095745007992,0.0042153139352077915,0.004020675772648777,0.6655735003012028
22.6,309.9240037222697,341.30653251930903,14742.617785605651,16.406434091406183,13.246524945755311,309.46680448385115,0.7463092807114646,0.0041392740034649645,0.004103360988150603,0.6655738023414544
22.700000000000003,311.19844039577697,342.2788459258975,14773.48224374219,16.393936422847542,13.215827182480773,307.874709114305,0.7463091523268638,0.00407139141002423,0.004222613810160694,0.6655736191119315
22.8,312.47155875434584,343.2491127826748,14804.189919039316,16.38066636975869,13.18305424756012,306.29286590509406,0.7463095264820011,0.003948364132651983,0.004261180550405806,0.6655736949753981
22.900000000000002,313.74324496630294,344.5893800793856,14834.741041458596,16.367035591107292,13.169342478175302,304.72422044384444,0.7463097723529926,0.003904669951008522,0.004175715579764015,0.6655742187332644
23.0,315.0135447904605,345.756171112614,14865.137191097632,16.35389437822345,13.14908437746843,303.1691266552322,0.7463090165310586,0.003997999457137611,0.004202558295056628,0.6655743432168651
23.1,316.28263219585,346.7873856057051,14895.377549943672,16.341376163767645,13.126166720353483,301.62672846420065,0.7463087019551997,0.003954705930237903,0.004256937916169729,0.6655746090157948
23.200000000000003,317.55059112054425,347.7482179542938,14925.465516978016,16.332443653357576,13.1172036018056,300.09648557101775,0.7463082163120438,0.0038189864562985414,0.004281193052794874,0.6655757905705607
23.3,318.8173246136209,348.7072756460908,14955.397462390334,16.32667403640332,13.110975660308455,298.57842469868376,0.746307717310658,0.0036627029053864202,0.0042071133082860895,0.6655777008641389
23.400000000000002,320.0827110171954,349.66475074631836,14985.179086988981,16.320634198902717,13.1013127994395,297.07200189157004,0.7463067777361846,0.0035314574163433895,0.0041466919915779995,0.6655798428881966
23.5,321.34677882650703,350.6206385920585,15014.810846355671,16.31471855161925,13.087363515921536,295.5775369595558,0.7463051771449664,0.003656716840287771,0.004145459727985084,0.6655809688927516
23.6,322.7260471793355,351.7553097109383,15044.29508649988,16.307069737802202,13.096289835673934,294.09399591437744,0.7463036211877478,0.003775313064733966,0.004245203621649328,0.665581422712149
23.700000000000003,324.51031361286255,353.4308576378723,15073.630311214865,16.298631079565514,13.097137290551293,292.6218671712462,0.7463026509832168,0.003734398341517222,0.004320114520055869,0.6655822593902149
23.8,326.29424120406054,355.1061724393783,15102.820114722477,16.289723803966375,13.100573648352984,291.15986407285885,0.7463012363861488,0.0037102942317545195,0.0044123626207075595,0.6655833751990224
23.900000000000002,328.07781090163627,356.83183360867076,15131.864005322122,16.280742285764305,13.108986151566143,289.70871069027584,0.7462990371502984,0.0038990461111540896,0.004470169294745465,0.6655843764500762
24.0,329.8610318426542,358.7434839538889,15160.76177778533,16.27333575182879,13.117858231345757,288.267286922123,0.7462970449484503,0.003959988576047073,0.004545855430478721,0.6655857378205255
24.1,331.64400799472463,360.6289696287615,15189.51120413565,16.26886919989035,13.125129032148758,286.8360048740974,0.746296189938311,0.0037832770866955247,0.004611149604883572,0.6655872752670137
24.200000000000003,333.42672226190706,362.51434284400506,15218.124921254777,16.262919178067442,13.130763529336152,285.41362635958706,0.7462983430187334,0.003698706173269895,0.0046162834561912745,0.6655853008497025
24.3,335.20902816776044,364.399534233194,15246.594653297778,16.2533679423496,13.13631098628556,284.0001880738829,0.7463031992989517,0.0035850773018723434,0.004539852842921419,0.6655810030890706
24.400000000000002,336.9908193986733,366.2784708445129,15274.921278797083,16.250996246433026,13.14296141596074,282.5954320028514,0.7463071427518617,0.0035229911017875593,0.004496843107550392,0.6655772048480291
24.5,338.6355761591955,367.9837329202163,15303.109561127523,16.25454806239,13.143895997558644,281.1992153111065,0.746308055870076,0.0035243511413840167,0.0045457035932042564,0.6655758418627457
24.6,340.1739424537466,369.50352151886364,15331.157942330985,16.256227368962804,13.121760258104866,279.8118813103158,0.74630720380427,0.0033049048635082475,0.004629500294338998,0.6655773455284664
24.700000000000003,341.71190860251124,370.80069023004995,15359.06513056605,16.257681655604173,13.095868752367332,278.43267080477665,0.7463075363970246,0.0030630776453810927,0.004586696959020937,0.6655784257946981
24.8,343.24941489122807,372.0413856946951,15386.84069333589,16.260351584619812,13.074535821509286,277.0615025489745,0.7463100381846686,0.0029298200158263646,0.0045204254721618285,0.6655766738798949
24.900000000000002,345.8728939215337,373.244387454791,15414.476507331408,16.264029338858037,13.073128191970504,275.698545624219,0.7463115607995512,0.0028009003070744378,0.004583013940033374,0.6655750935526608
25.0,348.2214483310793,374.4464334609164,15441.978455952132,16.267194869953695,13.07198474339902,274.34330565560214,0.7463122426228876,0.002694352680124266,0.004578045771924042,0.6655748030625419
25.1,350.2766988485014,375.64756258299803,15469.34166722645,16.268722896272052,13.069767360977199,272.99566539683974,0.7463124602449832,0.002545645059114524,0.004619935210379939,0.6655748549734773
25.200000000000003,352.33149520587057,376.8477473739704,15496.571468981092,16.269087675396687,13.066283367811845,271.6559870002424,0.7463119084903281,0.0025201732513787664,0.004670335051351651,0.6655752188466868
25.3,354.38580442553024,378.0469315142834,15523.672559483612,16.269622997648124,13.062545323612811,270.3248995941909,0.7463117642101669,0.002397152175322234,0.0046329071745705155,0.6655760966516665
25.400000000000002,356.439585148941,379.24512116683337,15550.64226247626,16.271135427873773,13.059629575770927,269.0024977962267,0.7463121336038624,0.0022499679296934913,0.004564552382182116,0.6655766685675786
25.5,358.4927885941727,380.35950051453494,15577.476519413742,16.273177237518667,13.05771516115048,267.68824826798755,0.7463130406030214,0.0019537993942975724,0.004540493345815857,0.6655767514073611
25.6,360.545436881262,381.46418846105576,15604.174980351207,16.274638419287836,13.05587977204928,266.3812378907439,0.7463139704859613,0.0017712865254619601,0.00442265665056493,0.6655770129066024
25.700000000000003,362.5975411917965,382.56786022049505,15630.742046208306,16.274884349298343,13.053113928779881,265.08031079442696,0.7463134056730317,0.0016443928354816562,0.004548292591024964,0.6655771251473639
25.8,364.5759873610745,383.67050922291924,15657.190398254159,16.274347164285572,13.046358147354558,263.7846312865825,0.7463125047656812,0.001480968902502743,0.004686574092182646,0.6655775597064276
25.900000000000002,366.390599470498,384.77212157379284,15683.504555138743,16.27398674419501,13.037395254088816,262.49389182174497,0.7463117761471428,0.0014815397487658937,0.004780128765914691,0.6655777101083322
26.0,368.20469281475704,385.8726293178189,15709.68930630732,16.27435181982489,13.029012909531234,261.20758177511846,0.7463116409516607,0.0013474773057422368,0.004831401599935333,0.6655777764044787
26.1,370.01821360681225,386.97219882010563,15735.745444417156,16.277514884919963,13.020905298531542,259.9256091432118,0.7463115883666867,0.0012925973346877453,0.0048341678642879965,0.6655779241251799
26.200000000000003,371.8311550092815,388.070779742626,15761.671996634515,16.28180415757478,13.01258661070268,258.648265645707,0.7463111899820092,0.0011959805216064123,0.004863831421466776,0.6655783353461354
26.3,373.64355935460725,389.2761636828593,15787.471316436966,16.28706536518989,13.00390061638996,257.3752181793256,0.746310873614356,0.0011792700624215825,0.0048292905188057,0.665578971422762
26.400000000000002,375.45548721254215,390.79248575366216,15813.144380151713,16.293298094124683,12.99499892130099,256.10668216857744,0.7463101155584544,0.0009839064370933887,0.004935612557042173,0.6655793589587468
26.5,377.2669360830099,392.90956745697906,15838.68897154284,16.29597137725017,12.986316677445508,254.8422389213484,0.7463095270387983,0.0007405367107696784,0.004993059086543851,0.6655799056593158
26.6,379.07788385090856,395.11579567877345,15864.110277984752,16.291237704391623,12.978066999340708,253.5821716095365,0.7463094562533592,0.0006308600668565281,0.004903532319403979,0.6655807636141416
26.700000000000003,380.88822901760034,397.27078240226376,15889.408022868087,16.28597790076585,12.967226629506602,252.3263360346202,0.74630860715155,0.00044367392347753837,0.00502793035950565,0.6655809387003679
26.8,382.6626859334634,399.2323865142075,15914.572821790329,16.282041436378414,12.947900174274103,251.07440419547385,0.7463075677113017,0.00017754950379789657,0.005153088475608615,0.6655812711699278
26.900000000000002,384.4108105243368,400.89129800638295,15939.616703411444,16.281679710894863,12.928863013572691,249.82639461369047,0.746306712955385,-7.391577320251582e-05,0.005199376964328109,0.6655818891867249
27.0,386.1584785967669,402.2404808473749,15964.536399543931,16.28002988749961,12.910939929685622,248.58241322581054,0.7463060547899142,-5.447417552801565e-05,0.005197489659940994,0.6655826437924238
27.1,387.9057829928837,403.442797034291,15989.332903894632,16.278281873582515,12.894385854210803,247.34227400958602,0.7463052701457956,-0.0001288144620823242,0.0052319976895967,0.6655832429979148
27.200000000000003,389.652712309901,404.6446788142257,16014.000039030767,16.2766446574318,12.87857381882322,246.10596309391204,0.7463039635539088,-0.0004176472496834504,0.005346118858080466,0.6655836826182385
27.3,391.3992391078555,405.84608717485173,16038.550844272404,16.275171859854858,12.87298923494116,244.87343613455073,0.7463026826560607,-0.0007105547967446588,0.005405201474078903,0.6655843934237585
27.400000000000002,393.1452109275051,407.0452048325444,16062.971066597367,16.273705340519214,12.866736038012144,243.64494372818052,0.7463020827111687,-0.0007883275521752462,0.005309480913054171,0.6655857490159148
27.5,394.8906692032548,408.20724999634257,16087.277318102322,16.266125246398047,12.86099102939329,242.42020642832242,0.746300999465518,-0.000886690783293328,0.005349898195462419,0.665586516213724
27.6,396.7234614663918,409.3687950117801,16111.451949181192,16.25917090204001,12.855528773309745,241.19916672912765,0.7462995628201591,-0.0010466052897431487,0.005299147192721977,0.6655883008217893
27.700000000000003,399.0955735565169,410.6781158379569,16135.515369715089,16.25304770432214,12.849956183578618,239.9818523357387,0.746297255682812,-0.0012511526112179087,0.0053338797674757086,0.665590257218413
27.8,400.5967732824644,412.21839098478534,16159.448949523297,16.24739693734328,12.843946535148383,238.76800486811598,0.7462943832308125,-0.0014338496229139026,0.005427009408522488,0.6655923566284996
27.900000000000002,401.97423663311434,413.7584274557389,16183.26443985742,16.241123463569956,12.836038425700863,237.557801211899,0.7462919060564909,-0.0014515733169212074,0.0053627688159241385,0.66559561642194
28.0,403.59266355826276,415.29819606241466,16206.954789335334,16.233150011572707,12.822823873812585,236.35095798936464,0.7462897035555326,-0.001526677652485204,0.00511492052420971,0.6655998686976822
28.1,404.9421385340217,416.8377115379862,16230.531803479827,16.224689466298383,12.809580383376563,235.14761505464168,0.7462862237854969,-0.001599346777518175,0.005170523872126497,0.6656031700350863
28.200000000000003,406.29074518810177,418.289948869381,16253.98496741844,16.216382473563264,12.796613390231764,233.94757002149748,0.7462828065323827,-0.0016554271943503623,0.005280340625574221,0.6656060022549618
28.3,407.6384293511306,419.4805132987393,16277.318276235235,16.208830614417124,12.784139836534827,232.75094391607135,0.7462797075098602,-0.0017597954963244342,0.005382751799228403,0.6656083888157335
28.400000000000002,408.9853257691744,420.62743929970685,16300.539030788115,16.202115189028266,12.781047131126096,231.5575115303798,0.7462766527777126,-0.0017126024822564118,0.005538414275601792,0.6656106598297107
28.5,410.4107258416902,421.76222535199236,16323.633182675934,16.195882073826787,12.779427115522479,230.36741544459616,0.7462732841589199,-0.0017100835282344241,0.005649349273973793,0.6656135108437681
28.6,411.8421133219954,422.83145802513445,16346.61304538643,16.18958384063069,12.777471047455219,229.18046217320494,0.7462691934088359,-0.001805911137397249,0.0057034242068583416,0.6656173830408924
28.700000000000003,413.27329181935835,423.8997978114225,16369.465699269316,16.182870989126155,12.775171634487304,227.9966975393908,0.7462640649128289,-0.0018901273456764683,0.005820094453007073,0.6656218891675335
28.8,414.7041864829493,424.96740391904467,16392.21265337007,16.175772966644487,12.772716912607324,226.81612939186903,0.7462589270529267,-0.00186381175066238,0.005905213999555398,0.6656269739480157
28.900000000000002,416.08450767942946,426.0342722795661,16414.84098573195,16.168661831798417,12.770443224098166,225.6384979873886,0.7462539526590417,-0.0019813613415230916,0.00597861207179412,0.6656315561522651
29.0,417.4240643292619,427.1003608657797,16437.341919212064,16.162015654139044,12.768516764788455,224.46396496892214,0.7462496029895973,-0.0020414146229945887,0.006084261849843281,0.6656352938523827
29.1,418.76336076482096,428.1656973099618,16459.73163012792,16.156105276105333,12.766922505274048,223.29249341116127,0.7462459164284907,-0.0021071624508671354,0.006152192463327576,0.6656385975948977
29.200000000000003,420.1024664207988,429.2302455520915,16482.008732079372,16.15073471760274,12.765463631303824,222.12384072802507,0.7462419803230117,-0.0022724362110594434,0.006213082480091483,0.6656419010574319
29.3,421.44142278257357,430.293930028373,16504.160306713755,16.145490381068722,12.763838702864705,220.95833431730128,0.7462377121476786,-0.0023141640566560653,0.006209351669286329,0.6656465770701179
29.400000000000002,422.78021627828366,431.3568085811778,16526.202212968183,16.140010136071858,12.761846316795573,219.7956242891263,0.7462322376309501,-0.0022945822909171266,0.006244941806283538,0.6656524491912063
29.5,424.11878713420856,432.41889608687353,16548.12309018374,16.13388872622257,12.759304964170543,218.63545583007755,0.7462251195280428,-0.0023676549684248926,0.006407255466706453,0.66565863043507
29.6,425.4570116060729,433.48018380495233,16569.93085987998,16.125532951871737,12.756221883928816,217.47813878576758,0.7462188588530042,-0.0024249363114788786,0.006494576191483706,0.6656645963667426
29.700000000000003,426.79476795394623,434.5407944518125,16591.623540429468,16.116167579699667,12.753089601246428,216.32324321477913,0.7462157796486519,-0.002534057097543231,0.006429475405820747,0.665668273694929
29.8,428.13203972361356,435.6006717055411,16613.196075283417,16.107752637228995,12.750613242424528,215.17099408949628,0.7462162105945154,-0.0026430575294169967,0.00641844908095257,0.6656674731457539
29.900000000000002,429.7269951296004,436.6598156239662,16634.65720797796,16.1015151920464,12.748965812663272,214.02114259451972,0.7462193554655556,-0.002613593221790338,0.0064719490784120775,0.6656635460457244
30.0,431.5622858296257,437.7182256400722,16656.00224018781,16.097648032605154,12.747659298340185,212.87393969498316,0.7462233286457675,-0.002678419948408786,0.0064134961576846295,0.6656594000826899
30.1,433.39687475838537,438.77588408537696,16677.236125580395,16.09484617109611,12.745702946096827,211.7290659293266,0.7462235208762956,-0.0027362748675967253,0.0066830268000727805,0.6656562978321645
30.200000000000003,435.2308039749611,439.8327958621764,16698.349553295822,16.09050625877994,12.741920374674597,210.58664922293437,0.7462210970149425,-0.0027589105046772967,0.0068275587499451165,0.6656574548701151
30.3,437.06404471963816,440.8890299713284,16719.353883667733,16.084072148492304,12.734759323357903,209.44666076634158,0.7462165707615718,-0.0028041581672174206,0.006781693280897483,0.6656628086757267
30.400000000000002,438.89674200581453,441.9445673877376,16740.233445219186,16.07585865501958,12.727524615783427,208.30900907349303,0.7462106167074352,-0.0029288075983938755,0.006793789891723811,0.6656688230780138
30.5,440.7288732425389,442.9992758899097,16761.013124043544,16.066692813680493,12.720260837517877,207.1737782105608,0.7462051382013899,-0.0029512997623374415,0.007026356311966254,0.6656724508859704
30.6,442.56052524769876,444.0533061913518,16781.670822949218,16.057800014873006,12.71304088146996,206.0407539329936,0.746203567694145,-0.003034054427858315,0.0070022097224870395,0.665674093782581
30.700000000000003,444.39160077469006,445.1704996998968,16802.217515745953,16.05015186144136,12.705925324147444,204.9099482964298,0.7462048772529014,-0.0032350642062472642,0.006960015245900166,0.6656721217771858
30.8,446.22212588732873,446.3189949120714,16822.649653259232,16.04437540222855,12.698661822764025,203.78140844093122,0.7462073153515657,-0.003264838605645417,0.007067274206405605,0.6656681132366035
30.900000000000002,447.8246542553406,447.46714417532723,16842.97062292835,16.039517592639402,12.69117387981672,202.65503331997806,0.7462095234302133,-0.0032416345033663423,0.00714272613151313,0.665664946058609
31.0,449.31610125079237,448.61501404318886,16863.175350668196,16.033981822591777,12.683722493666044,201.53085831792595,0.7462093157719203,-0.0033020670479421885,0.007194668988084195,0.6656643224227697
31.1,450.80708622605556,449.7625934939395,16883.276251223735,16.027665282184998,12.676381448193304,200.4088868971683,0.746205397640468,-0.0034198843898135263,0.0074414882095156405,0.6656654063237919
31.200000000000003,452.29747320913566,450.9098366939697,16903.255523571555,16.020342895752268,12.669203649628297,199.28911103240796,0.7462000796480663,-0.003481826376273023,0.007583671538936429,0.6656694419487006
31.3,453.78730156289083,452.45359794200994,16923.12314908802,16.01221999034442,12.66527064433451,198.17143323193338,0.7461945088206279,-0.003476173225913092,0.007692274753234653,0.6656744700938785
31.400000000000002,455.2766077244038,454.0863913073749,16942.883788685558,16.00378370275124,12.66315733632534,197.0558315401473,0.7461912884753807,-0.0035085856884402885,0.007556638730366798,0.6656794634364327
31.5,456.76538352851463,455.71874442568185,16962.535362721614,15.99573046159407,12.661160310649725,195.94229319255757,0.7461896457407777,-0.0035734137231458285,0.007504495050519377,0.665681549885268
31.6,458.1911496233835,457.3506832101797,16982.07504583256,15.988470547430211,12.659138270450836,194.83079816156032,0.7461900183925843,-0.003577827252775471,0.007546453036938338,0.6656806341256936
31.700000000000003,459.5126430546038,458.9822131500796,17001.497539731405,15.982087347391342,12.656966459580508,193.72130470072176,0.7461916042316333,-0.0035995250575174224,0.007624615770811575,0.6656778488337504
31.8,460.83375229952856,460.304661791844,17020.814149490136,15.976408044138596,12.65458878979659,192.61378455076138,0.7461923116145709,-0.003628206751993574,0.007842514537738291,0.6656743687185149
31.900000000000002,462.1545248298639,461.5800601361191,17040.015092473757,15.97060170378159,12.652025617089272,191.50821178641178,0.746191679295171,-0.0037296965318467635,0.008008107567996981,0.6656725451208066
32.0,463.4748997930644,462.8864359921002,17059.11276034872,15.963129546657132,12.64937347985921,190.40456341360135,0.7461891358283884,-0.003857617516610085,0.008136283788677375,0.6656731129051919
32.1,464.794793054454,464.5870186449097,17078.099546014088,15.955558740263093,12.64674237247626,189.30281890972364,0.7461851330672962,-0.0038913880088156617,0.008221210550530596,0.6656763597918964
32.2,466.11415753150555,466.180698520078,17096.977389751544,15.94802712385277,12.644237197895944,188.20306415736405,0.7461808726182896,-0.003897929699186852,0.008181615191137791,0.6656815850356174
32.300000000000004,467.43296118122885,467.2341293870425,17115.74362577478,15.940727451036798,12.641890310824923,187.1051348197417,0.7461757274827655,-0.0038582399826501304,0.008309721447633712,0.6656859967201239
32.4,468.7512255731452,468.2082260249797,17134.40075188581,15.933630451450647,12.639678997010943,186.00913864995178,0.7461721412516179,-0.0037848993085158977,0.008390607825370195,0.6656894229725456
32.5,470.06897011678274,469.1817949563595,17152.948838262597,15.928636651887821,12.637528996767418,184.91494449764394,0.7461708428166133,-0.003816529924179374,0.00834559424847327,0.6656912636397769
32.6,471.3862430973744,470.13477064696,17171.387464061507,15.923099445312792,12.635343988780715,183.82252820176697,0.7461700370328632,-0.0037896453781742115,0.008530739199629291,0.6656899735695223
32.7,472.74747049693104,471.2653114756661,17189.71598771165,15.918161489357612,12.633042285841755,182.73187144516913,0.746169784486016,-0.003806920679272569,0.008787053413449555,0.6656868240902348
32.800000000000004,474.7581445828886,472.39541088659803,17207.933072773045,15.913648218261253,12.630595413205096,181.64295182605036,0.7461703216039018,-0.0037831168384253027,0.008930536527149164,0.6656844482950266
32.9,476.1749184188641,473.5250819669398,17226.043287645356,15.909215623190779,12.62801117649403,180.55573802931383,0.7461698416369337,-0.003815606311112368,0.009043999397117263,0.6656832690213093
33.0,477.5912634687804,474.65433723996523,17244.044971249088,15.904520261846875,12.625359157433978,179.47021047730587,0.746166906286415,-0.0039237559281891906,0.009218750607593985,0.6656835334748873
33.1,479.03215947692394,475.7831709694122,17261.93828322029,15.899348649744171,12.622719348497107,178.38633140281527,0.7461628876621793,-0.004113852623142934,0.0092548577753968,0.6656863893003899
33.2,480.6624975069349,476.9115786200517,17279.722298654826,15.89367089166789,12.620154701625887,177.30427385509233,0.7461581929250767,-0.004057770674511888,0.009341888759141149,0.6656907801241871
33.300000000000004,482.28205036716514,478.0395415462727,17297.39829199345,15.887341166932345,12.617700278649462,176.2239681268514,0.7461526509551695,-0.004085867291915009,0.00947631094439029,0.6656949201337886
33.4,484.0849178703285,479.16709355993254,17314.966426273055,15.8801719161083,12.615362315763933,175.1451853819476,0.7461472621890096,-0.00416747263491639,0.009591282076038989,0.6656988077260021
33.5,485.88726355217864,480.29421579030895,17332.4268602801,15.873124985714655,12.613087906714766,174.06798784997207,0.746144077311885,-0.004206098954149287,0.009535573102226948,0.6657029348512711
33.6,487.68907665328226,481.42094641279,17349.779748595996,15.866485362771261,12.610828277745828,172.99222875592213,0.7461410894870518,-0.00426458592141971,0.009675896045069179,0.6657038868158418
33.7,489.4903561094308,482.54728006749207,17367.025242744476,15.861885997224707,12.60847570431891,171.91799484862707,0.7461394888489417,-0.004304383126018068,0.009797200488637607,0.6657036505298208
33.800000000000004,491.2910458416985,483.6731981141316,17384.16303861478,15.858547440042017,12.605832429921065,170.84527280207485,0.7461377964411555,-0.004345858276435628,0.009971184892601766,0.6657026946840576
33.9,493.09127839162414,484.7986231672426,17401.194477022873,15.85571002282991,12.603097626063326,169.77391720214283,0.7461347908726452,-0.004437316197251161,0.010210620266282127,0.6657018306330377
34.0,494.8909554824831,485.92365491956156,17418.118972000615,15.853038980897196,12.60031636130901,168.7042766461703,0.746130830196689,-0.0045324648416408524,0.010395037762405654,0.6657027746542574
34.1,496.69012003558146,487.04829857668534,17434.936670380343,15.850174104502026,12.597523962332044,167.63603522924916,0.7461260767953406,-0.004551687621779189,0.010505523087611598,0.6657062367519497
34.2,498.4887845772439,488.172556761721,17451.643666688477,15.846849615044897,12.594769806071973,166.56913769872588,0.746120125126416,-0.004584033635066842,0.010582413803449214,0.6657114675556268
34.300000000000004,500.28696805022395,489.49671919574996,17468.257220910426,15.842922221629218,12.591512905986283,165.50357066453438,0.7461131511328417,-0.004594667109708403,0.010707877785421236,0.6657172042948151
34.4,502.0846224116163,491.22415520926614,17484.752254614166,15.838445296224835,12.58777335605402,164.43934151163057,0.7461056117001577,-0.004666708833940429,0.01085815625452712,0.665722718901004
34.5,503.88181614303613,492.614896331967,17501.13314908481,15.833582511449562,12.584073993524441,163.37681933547222,0.7460992553848286,-0.004739736640960462,0.010928383299533358,0.6657281775989635
34.6,505.67853432930167,493.6457370389838,17517.41514855526,15.82864490359994,12.5803944358078,162.3153522568646,0.746094273715862,-0.004800926581436974,0.010935838295708503,0.6657331997678426
34.7,507.47472318416277,494.6761209383815,17533.598355740854,15.823900278796284,12.576600161027251,161.25543084550998,0.7460898961705466,-0.004842167259281567,0.011012423916493541,0.6657365445639436
34.800000000000004,509.270345134944,495.7060562361098,17549.68201290491,15.819577026245554,12.572546552313431,160.19697710155629,0.7460856241459412,-0.004851090693491901,0.011209113769272772,0.6657379845933026
34.9,511.0654739791557,496.73555424168495,17565.641467546287,15.815686273740141,12.568388045946271,159.13971175605548,0.7460824269644315,-0.004825970844083291,0.011373462699950772,0.6657389627522852
35.0,512.7376756341705,497.76463888817335,17581.494611454298,15.81230888862456,12.564158751676153,158.08391096063386,0.7460799195665513,-0.0047940768799499675,0.011459798403530655,0.6657405226264869
35.1,514.2729027582144,498.79335096699685,17597.24897348727,15.809276406534423,12.559912675963497,157.0291485900565,0.7460765064085187,-0.004890607968282369,0.011553936463929033,0.6657420184209101
35.2,515.6439625606633,499.8217038523663,17612.902639896794,15.806385409316695,12.555696527273914,155.97593720277013,0.7460725861172642,-0.004880917973327947,0.011620232525904387,0.6657453289960651
35.300000000000004,516.874396403866,500.8497085036757,17628.455424783373,15.803374607555842,12.55155616314821,154.92376360210562,0.7460673002060845,-0.004841635272784298,0.011728016101440546,0.6657496494699897
35.4,517.9556453034912,501.92105074490536,17643.885498577096,15.800065198759695,12.547744932527682,153.872916127686,0.7460607049863872,-0.004921787942088766,0.011818784009350169,0.6657548473899446
35.5,519.0364721942755,503.3237649333243,17659.214183368953,15.796345763870603,12.545738624388683,152.82334597103497,0.7460528223816618,-0.004999021870496566,0.011960670993860929,0.6657605713363262
35.6,520.1168489669927,504.50319851282796,17674.441100438104,15.791998080202042,12.543662134465048,151.77489589417502,0.746044828656298,-0.004983504300649715,0.01212634412504221,0.6657666483823304
35.7,521.1967449727092,505.68232071920954,17689.58674284071,15.786356937723362,12.541555390623552,150.72775848953935,0.7460372241661267,-0.004893316675653257,0.01228534299062297,0.6657729237195029
35.800000000000004,522.2760372619964,506.8610914057118,17704.58263136975,15.78041693584566,12.539448709668838,149.6818201902777,0.7460295965753785,-0.004918479977577804,0.01244614906757485,0.6657782986562988
35.9,523.3549296597464,507.87182318222125,17719.50521628747,15.77450241197724,12.537395216175282,148.63677434363726,0.7460227529349074,-0.004932047710593876,0.012601657410599633,0.6657829415352339
36.0,524.7249434432938,508.81213130298903,17734.327499383817,15.768766822421798,12.535409619151674,147.59327527606763,0.7460157228114456,-0.004929751075249982,0.012863534211897652,0.6657858276953871
36.1,526.438307253228,509.8113456601012,17749.015489340243,15.763277965160713,12.533496113205029,146.55069664218598,0.7460102703305257,-0.004938380306810614,0.013027548558553852,0.6657886841482631
36.2,528.1511736305624,510.81017781993296,17763.630397573965,15.758087690579355,12.531646365852438,145.5090641116096,0.7460049523077976,-0.004952646105891395,0.013139466211663751,0.6657923376372419
36.300000000000004,529.863585526555,511.65275150378005,17778.13041661773,15.753154260793023,12.529837449521352,144.4689643249988,0.7459949477520013,-0.00500160380036089,0.013288525453126638,0.6658002230242903
36.4,531.5755309631578,512.6172893293007,17792.511486231582,15.748335289039282,12.527198587340246,143.42962461719816,0.7459837882117472,-0.005119347378559013,0.01337110049225153,0.6658101784137088
36.5,533.2871147385247,513.6676464477473,17806.82118979127,15.743629975142289,12.524320874383465,142.39138750639705,0.7459707809825277,-0.005246423542643782,0.013518303196638307,0.6658207900321321
36.6,534.9982806528137,514.7176474004746,17821.009763504146,15.738958994381573,12.52142872642512,141.35440125983104,0.7459566282753514,-0.0053343813261401245,0.013694990664966043,0.6658323365071892
36.7,536.7090745372741,515.7673311376893,17835.08065690237,15.734255831018995,12.518526924619717,140.31835234878116,0.7459421888594155,-0.005382427368466326,0.013831351167095798,0.6658453079207959
36.800000000000004,538.4192655726231,516.8166092533685,17849.06200018221,15.729405407845258,12.515631790866532,139.2835614747896,0.7459274061558824,-0.005405410939217145,0.014002340082155233,0.6658581085714577
36.9,540.1291178478857,517.8656246158911,17862.94708568786,15.724414129025167,12.512747532971355,138.24962875270364,0.745922413953444,-0.00541244196607766,0.014171521885961269,0.665860064729269
37.0,541.6597327258361,518.914243622374,17876.72079883524,15.71928151016353,12.509879736536927,137.21671743816015,0.7459173816519092,-0.0054863696411970525,0.014329760965612228,0.6658617104537462
37.1,543.1678161862046,519.962514841586,17890.383037696414,15.7139759820289,12.50705112037811,136.18499566887948,0.7459122829513093,-0.005572226260738431,0.014514671134644216,0.6658627041355584
37.2,544.6755132977273,521.0104703752435,17903.95539612943,15.708599516464302,12.504253304691526,135.15399136081328,0.7459073583755369,-0.005611562935418245,0.014725309684751121,0.6658632654962567
37.300000000000004,546.1827853000481,522.2164047044366,17917.4152974852,15.703208645561102,12.501485806643892,134.12419223123734,0.7459029221844025,-0.0055864083434654325,0.01496034543594915,0.6658632072603398
37.4,547.6894688808885,523.5835510030289,17930.786959795343,15.697896122605476,12.498772817383244,133.09539060521976,0.7458984534173434,-0.005662613419288212,0.015197533581004109,0.6658621981851298
37.5,549.1958452114951,524.9504621099794,17944.04580514832,15.692678904447808,12.496081752252037,132.067235268113,0.745895107704873,-0.005778363891381434,0.015347397128366655,0.6658615142911168
37.6,550.7018564501611,526.3170840019008,17957.18075720318,15.68766022559642,12.49341594533785,131.0404367341856,0.7458905651911824,-0.005922418041817558,0.015602895274928637,0.6658593991094185
37.7,552.2074891181189,527.6834765877761,17970.254311139146,15.682810582556874,12.490764939055305,130.01434770624888,0.7458869992469855,-0.006003648608927849,0.015793669612375088,0.6658581684997814
37.800000000000004,553.7127274262241,529.1576097444561,17983.198282307418,15.678134145132967,12.488120159285183,128.9890898065823,0.7458817982676281,-0.006104020267851579,0.01609679283144973,0.6658558231405358
37.9,555.2176761735956,530.5792021115944,17996.030090019212,15.673657600533863,12.485471130356691,127.96502759425671,0.7458782633420286,-0.0061937125017740395,0.016225924867509112,0.6658558204007221
38.0,556.7222573266826,531.8464278303932,18008.791967692978,15.669245704838389,12.482664300960316,126.94166743867554,0.7458748037682352,-0.006227962720147439,0.01632448129732702,0.665856967294348
38.1,558.2264114837452,533.3828032645623,18021.43024596718,15.664931463987493,12.479455292534409,125.91940114850065,0.7458695102598313,-0.006193782612175042,0.016558650608301768,0.6658574335484622
38.2,559.7303278186716,534.8547285931968,18033.967250170805,15.660605106845832,12.476232841902972,124.89768217877628,0.7458641038790569,-0.00612724566269918,0.016768042013769056,0.665858865054979
38.300000000000004,561.2338375667567,536.3264655874909,18046.415739674798,15.656204828585015,12.473017741305505,123.87715918955509,0.7458579507999225,-0.006061948126593251,0.016990509207716616,0.6658607156232551
38.400000000000006,562.7369860649092,537.7980320188739,18058.7331438003,15.65171918928322,12.469796703554167,122.85717203118031,0.745852205010197,-0.00599998938141358,0.01715877316667325,0.6658633980872237
38.5,564.2398134403041,539.2692903413977,18070.990194190024,15.647116989502594,12.466569023240018,121.83834533952853,0.7458422383823351,-0.00596232382895381,0.0173568566921407,0.6658697662945475
38.6,565.7423003600311,540.7403527448623,18083.12193543105,15.642400142276372,12.463372207892872,120.82003512678662,0.7458314312413407,-0.005946763653446542,0.01759380812865819,0.6658757917885851
38.7,567.2443904834691,542.2112425680094,18095.16245866846,15.63760879091778,12.4601737009444,119.80286735850079,0.7458199653643716,-0.005951742836017555,0.017852322120166537,0.665881709176652
38.800000000000004,568.7462078505387,543.6817838175247,18107.05921430915,15.632750129231725,12.457020346136801,118.78620616834881,0.7458089751426165,-0.005991084050067748,0.018079024226441122,0.6658875493592329
38.900000000000006,570.2474913855018,545.009712282196,18118.926417607367,15.627903545382564,12.453888329605105,117.77063669884139,0.7457972656461579,-0.0060481628833436805,0.018368687978989207,0.6658922206951973
39.0,571.7484642031891,546.3328053302365,18130.615045820283,15.623107631614639,12.45129597775366,116.75557308831696,0.7457861323053012,-0.0061173633938468395,0.018660921546995692,0.6658959323597226
39.1,573.2491487632225,547.6557123988158,18142.26815728666,15.618423473445517,12.448767271003698,115.74156982403036,0.7457754682954814,-0.006162571555903863,0.018954693908656402,0.6658991614195823
39.2,574.74933708684,548.9265714536708,18153.770288903026,15.613824063852327,12.44629569098806,114.72807939904192,0.745765883971925,-0.006170892402569114,0.019236643093019645,0.6659017329554273
39.300000000000004,576.2491244204413,549.9544376407343,18165.20335108276,15.609449684055031,12.442998863650477,113.71571735164918,0.745756659477395,-0.006205525878043035,0.019496204849008124,0.6659041930264287
39.400000000000006,577.7486281922263,550.9819773814056,18176.507551195642,15.605168490242589,12.43956361855582,112.70363133390356,0.7457471176026527,-0.006241451505050236,0.019798555593268125,0.6659056224923061
39.5,579.2478879825609,552.0091224432897,18187.757989100915,15.601046244778821,12.437059366273083,111.69272198513006,0.7457394105010478,-0.00627402269659435,0.019974305851568872,0.6659086989749424
39.6,580.7466893524776,553.0356876954772,18198.84347550242,15.5970415407416,12.434566776528714,110.68230761146246,0.7457319045649672,-0.006344825057681306,0.020097924768320338,0.6659127143469337
39.7,582.2452013122809,554.0618789923063,18209.88797381182,15.593104841563923,12.432075257961932,109.6725931152455,0.7457219498921485,-0.006427429924583917,0.02035766267322026,0.665915180157428
39.800000000000004,583.7433990111983,555.0876443144083,18220.77941625915,15.589194650457598,12.429608097556697,108.66380198548586,0.7457120091111417,-0.006485778011545578,0.020548731940263767,0.6659198778882162
39.900000000000006,585.2412458761969,556.1131055889833,18231.610137807398,15.585316224508661,12.427141075329027,107.65526026651182,0.7457009286437147,-0.00645517924105007,0.02080356217095227,0.6659246710265859
40.0,586.7388647580096,557.169163719446,18242.312886620446,15.581415946144165,12.424697778988337,106.64804268437699,0.7456889352891272,-0.006417798923973715,0.02102503075518627,0.6659315067828543
40.1,588.2360564667831,558.6664029475115,18252.93298007169,15.577455372245579,12.422267822881468,105.64091915931805,0.7456761665986816,-0.006388035097310911,0.02125411354045883,0.6659388186852454
40.2,589.7330905729228,560.1633024371337,18263.45111777157,15.57347835965684,12.419849691834864,104.63498679647851,0.7456615380748609,-0.006361296327015534,0.02151642837630781,0.6659470308176166
40.300000000000004,591.2296154352116,561.659893384148,18273.857032719294,15.569382214076379,12.417468587133682,103.62933491263135,0.7456457221830235,-0.006357620650638286,0.02180345489543699,0.6659554392032868
40.400000000000006,592.7415216764497,563.1562821474657,18284.1739778371,15.565265754256044,12.415087482432499,102.6244844069425,0.7456286457951802,-0.006358269871691523,0.022129577007018838,0.6659637954088607
40.5,594.5210248384716,564.6522542633976,18294.361291081786,15.56108742013662,12.412752535059607,101.6203516420082,0.7456097557616119,-0.006363906840890683,0.022527919574363515,0.6659715351593346
40.6,596.3001418109804,566.1480715502362,18304.537560146233,15.556882435515366,12.41042625789768,100.61654652704523,0.7455898224921891,-0.006393478835818582,0.02297506132497794,0.6659782928756428
40.7,598.0788808146128,567.6089623273568,18314.490158041808,15.552686308500167,12.40812504526694,99.61393394073725,0.7455701053534911,-0.006453253847746815,0.023356629952362665,0.6659865173974839
40.800000000000004,599.8571718502358,569.0396068025907,18324.413072763724,15.548514193338073,12.405855233467786,98.61147871740891,0.7455484903539313,-0.006535981585759868,0.023696426551281367,0.6659979045345295
40.900000000000006,601.6350704757988,570.4699431772816,18334.22459235481,15.544123205393433,12.403585421668634,97.60973439306214,0.7455274229367919,-0.0066457600923316915,0.02401801915192267,0.6660088815308989
41.0,603.3969639826141,571.8999705337786,18343.92010295008,15.539835307255109,12.401351448252257,96.60878785349993,0.7455062455496606,-0.006766451332401077,0.024344851106465157,0.6660195051253524
41.1,605.1309446718889,573.3297881847817,18353.548826933973,15.535582889486413,12.399131879694941,95.60800484726371,0.7454854600957461,-0.0068968145339767225,0.02466619642750624,0.66602961006919
41.2,606.8648734821028,574.7592110928683,18363.06420835573,15.5313487596347,12.396912977405766,94.60838060086888,0.7454634815570891,-0.006996329037103001,0.025064030628989233,0.6660383197785373
41.300000000000004,608.5980931817566,576.1884672476573,18372.4539073748,15.527264483218895,12.394731238051431,93.60895330387035,0.7454411544468194,-0.007150890072489293,0.025463703999820536,0.666046507240128
41.400000000000006,610.3307486097084,577.617254578274,18381.75925875595,15.522339823963929,12.392550818154495,92.6099530356003,0.7454196594326308,-0.0073020793809333955,0.025814412418516387,0.6660554234292685
41.5,612.0632466323304,578.8971473394022,18390.97494208397,15.517567022961705,12.390378843820146,91.61201672063069,0.7453978326424996,-0.007435557384472362,0.026157353630540444,0.6660649941479382
41.6,613.7952894097921,580.0726929251584,18400.081159977144,15.512854502814815,12.388232140837971,90.61415375869424,0.74537695964336,-0.007569459008720728,0.026444548547250427,0.6660755041099083
41.7,615.5266550856455,581.2479520183573,18409.1430938087,15.508350756026049,12.386085461199011,89.61708969423395,0.7453558211919378,-0.007702824355913868,0.02668153156215632,0.6660881789866351
41.800000000000004,617.2579868570202,582.4227566018278,18417.99885604811,15.503909803712748,12.383955962800934,88.6205384127688,0.7453334465942405,-0.007836125576326968,0.02695777209279268,0.6661005382430609
41.900000000000006,618.981507970737,583.5972848007088,18426.82665910582,15.49967121103526,12.381844600417525,87.62422258632117,0.7453082347824862,-0.007964624914017268,0.027305833947156435,0.6661130469731424
42.0,620.6815266996955,584.7717498253063,18435.588654944262,15.495447250933257,12.379734811339514,86.62893892251785,0.745281691714495,-0.00809216441513464,0.027658802988030962,0.6661266452316168
42.1,622.3815454286541,585.9456976031704,18444.10782633811,15.491427647230834,12.377651556191783,85.63389946629104,0.7452513429996342,-0.008217405044412655,0.028128674372540102,0.6661393905855
42.2,624.0811850057017,586.9961327795444,18452.6570939995,15.48740804352841,12.375581066443921,84.6393109428197,0.7452183216146296,-0.008311903114129979,0.02862770865598212,0.6661539009069933
42.300000000000004,625.7801392909578,587.9959260564679,18461.12607673187,15.483534644994446,12.373487667548181,83.64537289638919,0.7451803034721358,-0.008369107861308615,0.029141228002601688,0.6661734475204498
42.400000000000006,627.4790935762139,588.9953648632288,18469.37504796265,15.480077243697282,12.3710577744134,82.6519467669105,0.7451371180544467,-0.00842646343912564,0.029614029792744453,0.6662001795638132
42.5,629.1777256335763,589.9946756038677,18477.636848242033,15.4772726699968,12.368634510294548,81.65852063743188,0.745094042671013,-0.008490113939540163,0.030050366986549025,0.6662280097574961
42.6,630.8756479582232,590.9934021929889,18485.735971056372,15.47449493111829,12.366211246175695,80.66627856629367,0.7450496666115417,-0.008562627346958578,0.030514283102923097,0.6662556222814652
42.7,632.5735702828702,592.159724504042,18493.738298226737,15.471733054688746,12.36382290756364,79.67419776077546,0.7450019289028552,-0.008635190207135207,0.03098375178954639,0.6662863997907772
42.800000000000004,634.271201219364,593.1411092065258,18501.674344154795,15.469031090019554,12.36146205085613,78.68248085239004,0.7449541734018164,-0.008739582444108027,0.03144505341749987,0.6663168224242052
42.900000000000006,635.968065467768,594.3181745746998,18509.481246550502,15.466331084760741,12.359108899125648,77.6912153360104,0.7449024639795275,-0.00888645397860625,0.03194877893360997,0.6663487267321565
43.0,637.664929716172,595.4950037928083,18517.21451655317,15.463682492364992,12.356778145905295,76.70052154666298,0.7448498222296018,-0.009034094544485534,0.0324564611979198,0.6663810513413476
43.1,639.3616620950985,596.671460946464,18524.783474841213,15.461050621199814,12.354487266953388,75.71060415463843,0.7447950272589272,-0.00914697974653032,0.03299752455812667,0.6664141831510839
43.2,640.9986925272309,597.8478477661425,18532.3464041923,15.458442257489061,12.352209465641526,74.72068676261391,0.7447626804627787,-0.00922361828816251,0.03353740589911662,0.6664223263525383
43.300000000000004,642.6316484571131,599.0237997209216,18539.78814932403,15.45585939530463,12.349954263303589,73.73125131539797,0.7447341419983796,-0.009300257992138902,0.034008730238092415,0.6664292679728356
43.400000000000006,644.2644491924544,600.1995836020018,18547.05340418386,15.453297655027585,12.347723347869378,72.74256772444359,0.7447088789730225,-0.009384731650942177,0.03436939316847298,0.6664378119553351
43.5,645.8964722717649,601.3752196471144,18554.3075065967,15.450758965582532,12.345519008710784,71.7538841334893,0.7446837016702159,-0.009491509047199765,0.03471700990428013,0.6664464156599973
43.6,647.5284953510752,602.5503317169005,18561.45422202355,15.448237754902912,12.342997688278137,70.76558357186626,0.7446571844845874,-0.009598317105661712,0.035088780585125885,0.6664550452815818
43.7,649.1603693893011,603.7254197100075,18568.4255363861,15.44573526599433,12.340088157682995,69.7780501059928,0.7446274712886801,-0.00971399338766966,0.03550786166538651,0.6664643719619542
43.800000000000004,650.6479832382889,604.9001495917468,18575.371606396864,15.443245719011436,12.337238259551317,68.79066605231385,0.7445918051131349,-0.009848970898717646,0.03595073559266424,0.6664784963830009
43.900000000000006,651.8594862752459,606.351444968691,18582.230342987485,15.44043595664204,12.334438578907324,67.80379154998525,0.7445614236185613,-0.009983786609792588,0.03651621940825301,0.6664796892510376
44.0,653.0709375073171,607.9134207520932,18588.910497056622,15.437598024249946,12.331638898263332,66.81691010828776,0.7445340570400432,-0.010120402153141807,0.037089535401471925,0.6664765425215319
44.1,654.6748993323812,609.4752112195795,18595.55339982463,15.434763228184448,12.328881517309311,65.83106530558436,0.7445057701205914,-0.010183439809504669,0.037626029078142366,0.6664771096944008
44.2,656.5667190579245,611.0368844047615,18602.102986055168,15.432046434796755,12.326149681533384,64.84545824864131,0.7444791278404728,-0.010338955296526953,0.03817435939887056,0.6664732946620978
44.300000000000004,658.458184235799,612.59822631836,18608.559822000527,15.429354878113218,12.323417845757456,63.859807561259224,0.7444562550246268,-0.010517093945275497,0.038686585186349674,0.666466520701733
44.400000000000006,660.2747244194219,614.0701525673385,18614.894931625226,15.426666825563625,12.320709222962309,62.874658581524606,0.7444308539489514,-0.010693576169446987,0.03919903151130073,0.6664621422452436
44.5,662.0881008337802,615.0820093025537,18621.09595425793,15.424021430112884,12.318013663869836,61.889443671401445,0.7444050369615558,-0.010874800811886156,0.03972840724956176,0.6664567002521465
44.6,663.8690659941759,616.0932666313345,18627.269394354727,15.421425790542376,12.315318104777363,60.905396281833845,0.7443766364398986,-0.011061886833681887,0.040345272722881506,0.666448285128725
44.7,665.3602791313256,617.1045239601152,18633.288524627507,15.418831029649018,12.31262254568489,59.92138033030865,0.7443467433024561,-0.011249027632619086,0.04095334460934461,0.6664414518002736
44.800000000000004,666.8513981214649,618.1157446220025,18639.290649634448,15.416247264579557,12.309928828540915,58.937724352557574,0.7443162026789806,-0.01143525906368578,0.04157616331150696,0.6664338286161531
44.900000000000006,668.341453158327,619.1266625353599,18645.07389563305,15.413692672427045,12.30723816627596,57.95407322107742,0.7442837151624011,-0.011624023806269387,0.042258516600524355,0.6664239275336146
45.0,669.8314833659323,620.1299396448379,18650.856648894187,15.411138080274531,12.30455050617323,56.97047461616052,0.7442477644463522,-0.011821413967042447,0.04301290970783453,0.6664123414875301
45.1,671.3215135735379,620.9996904425502,18656.44773711783,15.40859228692177,12.30186215339076,55.98818145250231,0.7442006241738522,-0.012018945447313209,0.04385466230113585,0.6664065909968453
45.2,672.8115437811434,621.8694412402625,18661.971269715013,15.406045549187198,12.29916687673099,55.00572817554715,0.7440448378775137,-0.01221642582092794,0.04463485397368477,0.6665251442959477
45.300000000000004,674.3014842841591,622.7388030640319,18667.512825791593,15.403495732262863,12.296471600071218,54.023274898591986,0.7439029726038461,-0.01240472850198352,0.0453725506193064,0.6666301986200834
45.400000000000006,675.7645665267287,623.6080265588973,18672.818650903162,15.400945915338529,12.293777462424707,53.04117259057751,0.7437479850982042,-0.01259327833133484,0.04620648984210695,0.6667423072669846
45.5,677.2230993294091,624.4771275280729,18678.03727321268,15.398367036559353,12.291083013557465,52.059484092732994,0.7435776006622513,-0.012782188588602406,0.047091596645707424,0.6668668150190207
45.6,678.6815105590284,625.346179294127,18683.227392593548,15.395711741426414,12.288384990835898,51.078354899946454,0.7434166767480938,-0.012975707802156724,0.04806384017806665,0.6669731201534217
45.7,680.1398605531743,626.2147510792519,18688.24739718329,15.393056446293473,12.285686968114332,50.097076585165176,0.74335956945584,-0.013174059287479247,0.04907728464694076,0.6669590802980355
45.800000000000004,681.5982105473204,627.0833228643769,18693.26814324332,15.390401151160534,12.282988945392768,49.1162654840622,0.7432941226545593,-0.013372615510055218,0.050081563471898446,0.6669534147013712
45.900000000000006,683.0340115879311,628.0663312253316,18698.05796044593,15.387741380194218,12.280289293797416,48.13580957270855,0.7432290656231687,-0.013589909013421738,0.051073294045382314,0.6669463164462881
46.0,684.4442883914098,629.1371850739296,18702.75176996702,15.385055968914132,12.277587934577458,47.15537935696238,0.7431636666115126,-0.013820787769181523,0.05206511825827709,0.6669377586512281
46.1,685.8545651948887,630.2080389225279,18707.48223545894,15.382368855451736,12.2748865753575,46.17518807180487,0.743094460976982,-0.014066057823323758,0.05317405062780786,0.6669222506578041
46.2,687.2647327918278,631.2787719370682,18712.092119963614,15.379681741989339,12.272185216137542,45.19555328733011,0.7430228368799124,-0.01431617921236618,0.054323367759317225,0.6669041030035521
46.300000000000004,688.8272253538655,632.348862435317,18716.501657530604,15.376993389271133,12.269483856917583,44.216058909752654,0.7428989425310302,-0.014570531827461658,0.055474067756185436,0.6669418929675389
46.400000000000006,690.5356373748862,633.4188637657967,18720.909940132926,15.374297896701503,12.266774455527143,43.2367079652593,0.7424862142395628,-0.014832777164000867,0.05664149148521142,0.6672974987426042
46.5,692.2432603364894,634.4888650962764,18725.16526391545,15.371590081098688,12.264058916719819,42.257304368155886,0.7421241479103335,-0.015094139874936971,0.05780573698106118,0.6675944972824995
46.6,693.950767232899,635.5584026652405,18729.35471566862,15.368880326007899,12.261343377912494,41.27870624270802,0.7419613461580397,-0.015380498612193854,0.05901735541112122,0.6676629035898783
46.7,695.6582741293086,636.6277122322248,18733.397985114865,15.366170465906588,12.258627839105168,40.300105608306154,0.7417953226648833,-0.015679022430534453,0.0602150947322178,0.667733487174722
46.800000000000004,697.365781025718,637.6969292469462,18737.417453504942,15.363459067430995,12.255912300297844,39.32164766667552,0.7416192954479138,-0.01598219599018871,0.06141432260717251,0.6678126017150121
46.900000000000006,699.0721957815865,638.7659316216178,18741.31614557668,15.360747668955403,12.25316858606968,38.34325153064878,0.7415127132755625,-0.0162838650607689,0.06260579783214343,0.6678130321184195
47.0,700.9072765658557,639.8343433213901,18745.026404588636,15.358025636624394,12.250414711617518,37.36553100225176,0.7413929715648309,-0.01658577298786697,0.06389750583603501,0.6678162042033713
47.1,702.9414727009943,640.9027550211624,18748.74511263132,15.35530193066041,12.247660837165354,36.38781047385466,0.7412648948160061,-0.01693190219135586,0.0653198395417269,0.6678120880635814
47.2,704.9756688361329,641.9711667209348,18752.326713939176,15.352570450773413,12.244906962713191,35.41015689113632,0.7411363208394119,-0.01730105725270618,0.06674744208278223,0.6678041676464477
47.300000000000004,707.0080186810831,643.0390098425448,18755.833127033646,15.349838811421671,12.242776529038839,34.432628759655366,0.7410106670042061,-0.017671927480426786,0.06817566014167944,0.6677896178658024
47.400000000000006,709.0401969412461,644.1065029055122,18759.265112152356,15.347107172069931,12.241493909692489,33.45530491659835,0.7408695138165429,-0.018042985602030766,0.06977549740702448,0.6677710641600207
47.5,711.072375201409,645.1739959684795,18762.481391565278,15.344365650339661,12.240200404336251,32.47851086507377,0.7404491764215649,-0.01842251637057785,0.07144558974237858,0.6680502643765405
47.6,713.1045534615721,646.2413545417277,18765.71447287105,15.341622573249277,12.238906898980016,31.501814552354844,0.7397638912941439,-0.018869852428861942,0.07313504216056115,0.6686139240360104
47.7,715.1367317217351,647.3079438162431,18768.815811699296,15.338855232951332,12.237595220019333,30.52511338057727,0.7392668761199391,-0.01933904805222796,0.07479885079476258,0.6689660821088638
47.800000000000004,716.9493816569379,648.3744364232206,18771.828120688217,15.336087394947642,12.23625650596907,29.548706953943636,0.7390124665837333,-0.019805386913542028,0.07646498746068008,0.6690451603409664
47.900000000000006,718.6003756458047,649.4408251718177,18774.7698901044,15.333319556943952,12.234905262271006,28.572363873447145,0.7388520978083761,-0.02026917634218438,0.07837739370710264,0.6689870867290735
48.0,720.2513696346713,650.5072139204148,18777.50228052477,15.330541164633974,12.23354062836955,27.596352936943912,0.7386363128708472,-0.02073501964219243,0.080311869373819,0.6689816588716618
48.1,721.8172121490315,651.5734382150787,18780.241577952696,15.32776111121104,12.232175897444394,26.620499255673327,0.7381235013195422,-0.021287129608927237,0.08228920654250912,0.6692899531588659
48.2,723.2934612866388,652.6387218117992,18782.858151029508,15.324935691809097,12.230758554462922,25.64464661475407,0.7377261567785147,-0.02186083375294595,0.0842629965791935,0.6694639414934332
48.300000000000004,724.7688994592435,653.703905670248,18785.373523304133,15.322109341824982,12.22934121148145,24.668793973834813,0.7372985140907699,-0.022436339792046067,0.08625848651017026,0.6696618439789245
48.400000000000006,726.2442192790829,654.7689823711588,18787.846835491477,15.319282991840868,12.227910678909762,23.693326471806955,0.7368955587894518,-0.023010219609709653,0.08861222937499513,0.6697785738847487
48.5,727.7195390989223,655.8340590720695,18790.073837463686,15.316446165695874,12.226466050866396,22.718051036570987,0.7360875475640467,-0.0236082171988308,0.09096438402952327,0.6703307058758159
48.6,729.1946615157054,656.8989634130216,18792.32839131469,15.313607690737005,12.225021323141352,21.74300350299009,0.7353591279552563,-0.0242852701554172,0.09338150036083256,0.6707734893216363
48.7,730.6695951334424,657.9628818325333,18794.456663416,15.310710604682079,12.223522542045878,20.768064162514612,0.7349209486852406,-0.024965670523814702,0.09580448077973774,0.6708870366473086
48.800000000000004,732.1437536054626,659.1208063203476,18796.479415195943,15.307812316350859,12.222023760950401,19.793124822039132,0.7345085573556873,-0.025650400798589594,0.09831149469666893,0.6709501368362969
48.900000000000006,733.5613055798527,660.4913433681737,18798.476426265872,15.30491402801964,12.220513519644332,18.818644312270063,0.7337284166815289,-0.026356704093675822,0.10101270131571187,0.6713749838028209
49.0,734.891189720074,661.8618804159997,18800.213955568008,15.302006299396375,12.218991031022675,17.844398808811565,0.7330469312711146,-0.027102226576655,0.10400592920632472,0.6716326619205758
49.1,736.5525290535223,663.232417463826,18801.982467013655,15.299097084991757,12.217468450770454,16.870214783397426,0.7324105730277323,-0.027912572782030836,0.1067374350962858,0.6718651358322911
49.2,738.2154699574479,664.6029545116521,18803.632302185648,15.296128158749536,12.215896182943698,15.89583701851274,0.7315570732313041,-0.02872985319405219,0.10967652297714253,0.6722870699696228
49.300000000000004,739.7701212135922,665.9729678970497,18805.163817699722,15.293158007651755,12.21432391511694,14.921530893842661,0.7304276625859956,-0.02956863984368665,0.11293620898328857,0.6729387326996689
49.400000000000006,740.9487496939456,667.3425323909934,18806.67863889475,15.290187856553972,12.212743352345411,13.947723478256284,0.7302296763913264,-0.03042257529732942,0.11623374533856537,0.6725539406428801
49.5,741.9885887084426,668.7120968849371,18807.921531594926,15.287209067343769,12.21115392491947,12.973812813355556,0.7294357058250485,-0.031283877517302064,0.11965491820995257,0.672776018168874
49.6,743.0284277229397,670.0816613788808,18809.202079545812,15.284228918605034,12.209564369815341,12.000188295473354,0.7279033038602062,-0.032246975330451295,0.1230975682605992,0.6737684331428423
49.7,744.1911852776451,671.4512258728246,18810.37528168582,15.281180213513363,12.207905579958426,11.026563777591154,0.726685889935178,-0.033218243967938724,0.12661204018446887,0.6743838350058008
49.800000000000004,745.5188484851847,672.8202566683038,18811.41477216791,15.278130102140567,12.206246790101508,10.052952676146871,0.7255708892748374,-0.034186334817614204,0.13037294002097283,0.6748192911135154
49.900000000000006,746.7415510101605,674.1888291498968,18812.44924282003,15.275079990767772,12.204575973023974,9.079757461644665,0.7243856703168959,-0.035163042863532036,0.1341237086550978,0.6753071833119512
50.0,747.9621660510217,675.5574016314897,18813.203574297328,15.272008604434603,12.20289230267771,8.106681115581807,0.7231173309790782,-0.036154317382339214,0.13807530554531347,0.6758175796551017
50.1,749.1820110101089,676.9259741130827,18813.980291158496,15.268933869694497,12.201208319335445,7.13344985061311,0.7217037800429127,-0.03725149228441194,0.14202171513989967,0.6764508944654274
50.2,750.4017774718574,678.2945465946758,18814.688312524635,15.265661505987737,12.19935461083378,6.160125639931463,0.7207837190078565,-0.03834742444907424,0.1459885575791087,0.6765261609925347
50.300000000000004,751.6215439336057,679.5036891557362,18815.234283049907,15.262385088362219,12.197500902332113,5.186269183338125,0.7199807742293389,-0.03947342857577774,0.15026999247004688,0.6763789341335572
50.400000000000006,752.8413056130225,680.6168380741218,18815.791083915563,15.259108670736701,12.195634598935682,4.2119277461630125,0.719406890579036,-0.04058186589551186,0.1544844856173982,0.6759743942275991
50.5,754.0609260991221,681.7299869925073,18816.057446453622,15.255767618746514,12.193744088346495,3.2383413914768013,0.7173218667449025,-0.041801835521191266,0.15942222475234366,0.676968611009167
50.6,755.2293677545568,682.843135910893,18816.378505275687,15.252416394133148,12.191769038928072,2.265755847277409,0.7158234440902056,-0.04301915899105382,0.16400336530508408,0.6773839716284596
50.7,756.2715766020839,683.9562848292786,18816.62702833959,15.24922715455001,12.1894758651485,1.2931554499641098,0.7136594293600398,-0.04434017687794044,0.16886128322490676,0.6783878202234863
50.800000000000004,757.3135265172692,685.069055702184,18816.81378795385,15.246874845471662,12.187130414635053,0.32001360369667,0.7109441535742316,-0.04571799217876545,0.1739984486593578,0.6798476414270324
50.900000000000006,758.3551870592612,686.1808336872883,18816.76228674888,15.244255168749353,12.184715730385893,-0.6514204092816053,0.7091474360283881,-0.04718501082664513,0.1795049918527708,0.6801922130012876
51.0,759.3963976436602,687.2603308968121,18816.537679902667,15.241281789258148,12.182104935461266,-1.623016593119139,0.708244912068918,-0.048840889133144154,0.1857685960297719,0.6793333061217461
51.1,760.4374736084935,688.242842999747,18816.281134344114,15.237040688135679,12.177994451707603,-2.5956483179611336,0.7062616280844154,-0.05031864373712755,0.19125927222607522,0.6797664581130486
51.2,761.4779042338271,689.2252282433536,18816.017395334828,15.232672978736606,12.173493174929916,-3.5670190347634105,0.7037959664711224,-0.05186656524523119,0.19703439545430726,0.6805575243846744
51.300000000000004,762.5181526123446,690.2067485263267,18815.59266585301,15.228121385015232,12.1685152624269,-4.538208486308866,0.7002960652548668,-0.05367836932908,0.20362121706277247,0.682086837299033
51.400000000000006,763.5575235273641,691.1873176001656,18815.203502325352,15.222246101431486,12.163014486657657,-5.506893979111178,0.698818100817982,-0.05559902107296346,0.21066866008576746,0.6813080995280653
51.5,764.5966747053362,692.1677572563129,18814.531486222066,15.216188845839559,12.156585725757843,-6.475005566570171,0.6980331028273787,-0.057752702857329426,0.21839134410166572,0.6794995463510797
51.6,766.1535007332643,693.1481410512873,18813.79610327692,15.20989011430932,12.149273017327788,-7.442483406526554,0.6960641398458448,-0.060019809902752755,0.22655058139776357,0.6786509925640993
51.7,768.1550636504829,694.1281282775193,18812.994310127564,15.203305368613114,12.141960308897735,-8.40859207104815,0.6951701472827809,-0.06270369301967517,0.2338008221052599,0.6768632718588266
51.800000000000004,770.1564135922049,695.1068801012167,18812.143265404236,15.194518824728837,12.13464543382613,-9.377205094836722,0.6942862751674191,-0.06564033130174789,0.24331243118995996,0.6741342417124191
51.900000000000006,771.9456378869617,696.0843046240531,18811.16169266887,15.188668902325567,12.125855493161422,-10.342285316582105,0.6890110724189834,-0.06841540444221635,0.25362247189342335,0.6754692563468156
52.0,773.3970320357545,697.0617291468894,18810.079679047893,15.183729864954312,12.116325062104833,-11.306483775320968,0.6852039711981622,-0.0715327703214262,0.26579695395222813,0.6743371262907948
52.1,774.8484201862557,698.0391478969217,18808.918123371197,15.178811548492618,12.10639637736455,-12.272505417631693,0.6821633706386311,-0.07508783910105869,0.27600559862801766,0.6729308000857629
52.2,776.2997982096057,699.015969343001,18807.61881423475,15.174273124250426,12.094498557697374,-13.234927434486481,0.6769557106698906,-0.07991427845323285,0.2883587304599182,0.6724536537622996
52.300000000000004,777.7509695245961,699.9918678639734,18806.287210655504,15.16973425456023,12.081734640964086,-14.195355394442595,0.669076909736449,-0.08567156195150773,0.3014277001685383,0.6738974802604758
52.400000000000006,779.1926710770359,700.9518328320491,18804.867301628936,15.165185345155953,12.068386566266406,-15.152319661693952,0.6631121061113858,-0.091795406609119,0.3161787453476311,0.6722253632855476
52.5,780.4199846265581,701.7940239250568,18803.30787678877,15.165902254726966,12.055038491568727,-16.10822948800496,0.6554090861002169,-0.10282821988388581,0.33207258153123653,0.6705170300954109
52.6,781.6471490266291,702.6360280795025,18801.66120303211,15.16508960485351,12.045057976803255,-17.062492347831736,0.6531800075068651,-0.11058487116822294,0.34913539793411036,0.6627453039980213
52.7,782.8741929236752,703.4763901690611,18799.901683556065,15.165113154992309,12.039158128983901,-18.013317141983602,0.6464144764824861,-0.11938657042422653,0.3694448950339702,0.6568147691164938
52.800000000000004,784.0968737956297,704.3164062363451,18798.037455527814,15.16550482079371,12.03019325462832,-18.960327929616767,0.6348508783598731,-0.12898235048095888,0.3918457690328169,0.6532876922162129
52.900000000000006,785.318609265091,705.1560053132122,18796.128228509377,15.166190714038153,12.032374194955162,-19.905570671054214,0.6266279603506807,-0.14118520114128347,0.41332059052656517,0.645422518767522
53.0,786.540284908318,705.9954730029548,18794.176973386337,15.163620813848633,12.033296016072432,-20.84867859174494,0.6165427169260486,-0.15686111589571522,0.4357669293326382,0.6366921169807279
53.1,787.7600698215263,706.8348501150355,18791.98041611174,15.16154051905168,12.029921003622752,-21.79299594813504,0.6025302499962671,-0.17099113232335592,0.4618087038960499,0.6280541788031212
53.2,789.1801119221133,707.674425046381,18789.72295252222,15.158711413220587,12.034296302080557,-22.736037001551658,0.5915147973805049,-0.18513070421949657,0.49088883823316215,0.6122622112569006
53.300000000000004,790.6599874293867,708.514170006938,18787.40185296092,15.156795532052884,12.0384017245159,-23.67630333849871,0.580274311365425,-0.19968604212702942,0.517200134654526,0.5965829605866768
53.400000000000006,792.1399702630933,709.3544988576124,18785.03154621891,15.162358577731835,12.04272620705802,-24.61700173465177,0.5583528936113694,-0.21881033305081277,0.5551760463105335,0.5763190452770128
53.5,793.61984820958,710.1958224738393,18782.5202754781,15.167703929615856,12.047246955546317,-25.559250845170602,0.5363185659463215,-0.23633432168555152,0.58097872243802,0.5647762462152579
53.6,795.0997612441184,711.037828852636,18779.885599399717,15.161873745849537,12.051284134966068,-26.497026834677367,0.5109637132788833,-0.25563724530431753,0.6201711188882962,0.5375439199007966
53.7,796.5800155159931,712.4970904374246,18777.18921226211,15.165678920705611,12.055299647242709,-27.4442667996834,0.4842131309561308,-0.27328253225095755,0.6656609156454709,0.4977447606536893
53.800000000000004,798.062174659601,714.1572987286984,18774.42149275854,15.164068169474259,12.05931515951935,-28.384997327830575,0.44985963719992933,-0.2918925020253374,0.7057202516725737,0.46301619891633977
53.900000000000006,799.4726071417342,715.8162468615886,18771.541859702316,15.173336750172568,12.062840966472452,-29.325038929263865,0.417042797568301,-0.3082054558211537,0.7356451815795264,0.43578764188226554
54.0,800.6632312397061,717.2821062669447,18768.53707254503,15.18356906438838,12.061698900766604,-30.271488176711106,0.3820597660990262,-0.32163916836251044,0.770431579833015,0.3962496199360126
54.1,801.8548378070523,718.4609059916855,18765.474163243143,15.193710331327678,12.071926262097582,-31.22219955859163,0.34267305844971957,-0.3453362571699948,0.8009594630269503,0.3489727540713081
54.2,803.0476207947936,719.6398799868314,18762.344146616506,15.200723431357835,12.072936317902327,-32.175976627358565,0.29704449940903566,-0.3656238864051272,0.83285740832848,0.29057232568366426
54.300000000000004,804.2404953685088,720.8186868419851,18759.06459284674,15.199750616690137,12.068677909738586,-33.13260498754666,0.24548908527728194,-0.3812792831339703,0.8595700431926312,0.23558556430390007
54.400000000000006,805.433277236097,721.996783372333,18755.65171273025,15.198544300366768,12.074393550557575,-34.09324519130289,0.19421606775390549,-0.39376934034729844,0.8808169669637308,0.17716460238286322
54.5,806.6256826767536,723.1743448579377,18752.202820080365,15.18841225266013,12.065964055227917,-35.05197270114191,0.13397512302693132,-0.40480222824972534,0.896914270464764,0.11717770201977919
54.6,807.8180881174104,724.3508401914677,18748.604248478154,15.174397114644636,12.048034766615798,-36.01722453788863,0.0784879057515982,-0.4131888527742241,0.9051125749625653,0.06233656421783019
54.7,809.0087316817228,725.5258422376144,18744.90165388081,15.151757065286672,12.037877105589493,-36.987578287152786,0.025766168706813617,-0.4151081943473478,0.9078075438348423,0.05391432919370559
54.800000000000004,810.1969114343506,726.6984952349596,18741.181688975495,15.121047243953239,12.017525884243314,-37.95583485977941,-0.007030813047203606,-0.4149270070049,0.9072498719692257,0.06843841273491513
54.900000000000006,811.3821883878139,727.8680951057362,18737.303410230128,15.082737304218718,11.981958571122702,-38.922285387323775,-0.02633743798672899,-0.41194869836190046,0.9025585197892413,0.12244479423023603
55.0,812.5624275627442,729.0349132224816,18733.33663204488,15.036332581935946,11.938275595990165,-39.881996008542465,-0.035543762208808845,-0.4038308246956324,0.8954252300797391,0.1840406567319717
55.1,813.738865740304,730.1977620616861,18729.354517013555,14.988642157965188,11.8912979489035,-40.83212027631298,-0.04328998685676435,-0.39567162367085307,0.8895630464086008,0.22415960769920504
55.2,814.9116514717248,731.3562237836417,18725.17638865407,14.93299270426686,11.845711768679982,-41.76961898935477,-0.04894431898224637,-0.39058762725886814,0.8842461100359662,0.2513057419915303
55.300000000000004,816.0782621920273,732.5099293274474,18720.97699987306,14.874070140305978,11.796538703117495,-42.69442850316478,-0.05242975576614019,-0.3831531195250033,0.8762792192233224,0.2873665562759975
55.400000000000006,817.2802222385353,733.6586709413623,18716.61404621794,14.835108979949815,11.741540831815835,-43.60295145075324,-0.051329110196956254,-0.37479402312487226,0.8717534000989771,0.31135313085327143
55.5,818.5744959407659,734.8015223197856,18712.229005905978,14.810848779153408,11.682646929640164,-44.50221171869112,-0.05202487380165538,-0.3639729933680271,0.8701689956262652,0.3280594331145148
55.6,819.8591314077529,735.9431322915451,18707.720137858054,14.78828337384434,11.62245055054578,-45.388267759955376,-0.05135329104497834,-0.3591051813795447,0.8676493762525233,0.33998657046098346
55.7,821.1417194257033,737.0503842311584,18703.17586849565,14.752818138809603,11.587899721391837,-46.26447950798918,-0.04649513445518524,-0.35848481764730417,0.8675986073759174,0.341466681343498
55.800000000000004,822.4139960840666,738.0258193003765,18698.478820611494,14.68210597406084,11.531941586338686,-47.13195550907201,-0.03820441881191816,-0.3592777524962541,0.8708908952077213,0.3331800828212535
55.900000000000006,823.6820870414095,738.9929778648426,18693.644280395478,14.610106582031333,11.471077611954382,-47.990114881198046,-0.03150567133847112,-0.36286416874335975,0.8751961138075856,0.31838459462072355
56.0,824.9417575598475,739.9548027278942,18688.717168385683,14.538954633383414,11.423997538568106,-48.844281625392206,-0.016974201178153223,-0.367621158316396,0.8807164799606692,0.2981694859943972
56.1,826.153518366849,740.9086602303449,18683.69795489489,14.46983950602374,11.353631819029001,-49.71178786370654,-0.0042106207479905115,-0.3700777267377701,0.8857993947473408,0.27997174698666566
56.2,827.3442979620671,741.8582140579645,18678.684611263972,14.40459728590857,11.286890326472767,-50.5833335626395,0.011450819333974337,-0.3740753647094951,0.8913836446130553,0.255678896998531
56.300000000000004,828.533536002077,742.7989121834879,18673.549982579734,14.34462230658238,11.223710765973875,-51.45583532886976,0.04436519475861272,-0.3790668741017848,0.8943737834785971,0.23331431563217786
56.400000000000006,829.7083744146552,743.7370903132684,18668.373665292565,14.277537911063018,11.183191323886774,-52.336658963801014,0.09166946396444815,-0.3837073873270699,0.8959016163533783,0.20426855877131167
56.5,830.8822771684796,744.6662510767089,18663.120867460955,14.238895821957819,11.174254225914959,-53.223845419028386,0.1331975597780176,-0.39260033992956944,0.8954709983130373,0.1620341764462677
56.6,832.0449711860957,745.5942640344807,18657.66632269441,14.21915589804941,11.16832767992287,-54.14910678596293,0.17554322065965372,-0.3984209607398498,0.8897803522383727,0.13688038754375484
56.7,833.204087080421,746.5163215714897,18652.162066760564,14.218854441951954,11.176701496009725,-55.077048178697645,0.21892318640817754,-0.4050758527287976,0.8802478342002583,0.11467319815319771
56.800000000000004,834.357538002019,747.4379051131822,18646.577697197506,14.22686044097314,11.178166103055599,-56.020966125094986,0.25032942977493283,-0.40327539172221355,0.8749653762304911,0.09560191116127094
56.900000000000006,835.5068744069061,748.3583562231656,18640.827892192374,14.21896381591498,11.193905814477164,-56.979832558931214,0.2831202276371492,-0.4022393590263569,0.865974236173318,0.09019455103714896
57.0,836.6537547892041,749.2795608795323,18635.11448093618,14.232050453671649,11.223629694697351,-57.941303917407716,0.31137587944637823,-0.397729441919793,0.8557771144154068,0.11181182035904759
57.1,837.8013308337047,750.2051019401213,18629.303310677362,14.276097895603417,11.26456656119704,-58.89906001807801,0.33292298751463373,-0.39178884279682324,0.8437053837715421,0.15435353069875685
57.2,838.9521578908121,751.1314406888208,18623.36722595755,14.328187487576129,11.304394465275784,-59.854262968551026,0.35915535220534095,-0.3805388474798315,0.824645164645079,0.21484406198093875
57.300000000000004,840.1083217084472,752.0678575805184,18617.23430541092,14.392095425315924,11.355118916137574,-60.78396954426143,0.3752119514317912,-0.36825300595275523,0.8043868196236784,0.27670843775572007
57.400000000000006,841.2724530312207,753.0060374424233,18611.084673983263,14.461275909904625,11.411599043351375,-61.68447510972538,0.3940352416168445,-0.3528407170494293,0.7785343035085417,0.33782243119199384
57.5,842.4426137020874,753.9557501258505,18604.866948518415,14.529569218419692,11.46447507708676,-62.56203789702721,0.4017875883751142,-0.3376486640178465,0.764650068287365,0.37399249535625895
57.6,843.6223400727357,754.9085640062198,18598.589974072303,14.612467894379463,11.539311083355441,-63.41679587919272,0.4038637773270591,-0.32587628664390217,0.7546706933056505,0.4014608820693115
57.7,844.8120922452373,755.8731420447768,18592.196352534185,14.697575805413084,11.60234918566439,-64.25842371936582,0.4027441905492697,-0.32212518268134416,0.7498708879696107,0.4143985220014564
57.800000000000004,846.0105136570043,756.8423348669315,18585.71744473848,14.775959218970629,11.692241436381732,-65.06103203687628,0.3977536997151372,-0.3215725371157048,0.7519914199772089,0.41580284031804104
57.900000000000006,847.2201504786256,757.821424638699,18579.167583705483,14.852545711862481,11.763093120484584,-65.86736837927407,0.39233677014624024,-0.3257262142591278,0.7615489864369851,0.40002179114697467
58.0,848.4399550177328,758.806232212483,18572.494534715708,14.917740548949762,11.800731858728463,-66.66576108249075,0.3718125039662976,-0.33046319224386794,0.7780027262950621,0.3837463984765915
58.1,849.6700896052092,759.7997289619683,18565.73237829047,14.976290053860923,11.867083788709568,-67.47234938317511,0.34238185228036133,-0.34116130995385807,0.7988722514259708,0.3580317775299239
58.2,850.9116845011139,760.7995957924338,18558.846333943136,15.033131848020902,11.89524295277304,-68.29917338467766,0.308172823687941,-0.35590888029047374,0.825306911548652,0.31181225348053265
58.300000000000004,852.1661433265175,761.8056849743585,18551.926505502655,15.063506604194158,11.93940126479525,-69.14900519442214,0.26016909236839597,-0.37325827955167623,0.8530943557117914,0.2553826939614573
58.400000000000006,853.4233368767644,762.8175295191938,18544.85912657777,15.094473173672116,12.014056244020221,-70.02680161645023,0.20985233850992072,-0.38766738626211406,0.87563856287773,0.19731472538065217
58.5,854.6927936554068,763.8312956378835,18537.667723700128,15.082755702758703,12.027882063899384,-70.9400101736349,0.1528923481262254,-0.39979570715904006,0.8909778505351942,0.15147868588463984
58.6,855.9662553448521,764.8475293923326,18530.409079597557,15.071831665849622,11.995787112960553,-71.86629199632236,0.09264394794631874,-0.4092165670426493,0.9038982267887209,0.08322797471376454
58.7,857.2428929710344,765.8621512092636,18523.097840103634,15.01187041472978,11.946142530585258,-72.81983245248624,0.03299081792486515,-0.41322285778365386,0.9069429152931928,0.07492011837445874
58.800000000000004,858.5188392595534,766.8709565498076,18515.75570169244,14.926903128945458,11.872364091049874,-73.77446152258526,-0.005462258628411029,-0.4139823262428537,0.9067722159440369,0.07970536795707542
58.900000000000006,859.7897387797659,767.8718256675264,18508.28854972273,14.821612149771289,11.778815102526794,-74.72316468862593,-0.023224534164761747,-0.4106350896849481,0.9022450728887735,0.12958885978430448
59.0,861.0517295343469,768.8629110364833,18500.69224964158,14.696108134373892,11.654226661688703,-75.63330641469958,-0.027897499180570648,-0.4035580961435724,0.8971564720010514,0.17740591118413093
59.1,862.3008649670095,769.8407301486078,18493.049307120433,14.630283928165543,11.516673938059606,-76.52881753167408,-0.028306804164598975,-0.396397917564938,0.8944134054719391,0.20516353452857117
59.2,863.5378472969842,770.8077430894075,18485.28370669637,14.585363875664225,11.40562450980892,-77.3975442564084,-0.02422441935381466,-0.3916935025222856,0.8924839136106275,0.22240018330714742
59.300000000000004,864.7555614224806,771.762484074141,18477.430424812173,14.46078663058527,11.272917122467366,-78.23567594720588,-0.016072601994893097,-0.391370597790109,0.8940790352259752,0.21724043228624787
59.400000000000006,865.9584262180493,772.7022510438757,18469.438863195388,14.338306592873073,11.172392868369268,-79.02333831674834,-0.00309942008198675,-0.39267777463067577,0.8951167954974395,0.2110935369087618
59.5,867.1428487294768,773.6291433996588,18461.36015035449,14.218983360328819,11.030427218645366,-79.80650211739885,0.021568418091754114,-0.39497923521372624,0.8971472068103062,0.1966039073962283
59.6,868.3507440112177,774.5437185974066,18453.241572222683,14.07543918986319,10.904429460606377,-80.62429031474696,0.07339465355547198,-0.3969932707421709,0.8986015610097778,0.17182782768136307
59.7,869.5784645657546,775.4473237489658,18445.063871512797,13.960932592718363,10.891047958973001,-81.46179291473754,0.12474651789760786,-0.4025462877128779,0.8965717856811837,0.13621242836634373
59.800000000000004,870.7968592004144,776.7501950232265,18436.71706406764,13.94671334494357,10.884177592244834,-82.33038377129829,0.16042485578873997,-0.4050873504707284,0.8922450086221179,0.11860416823486426
59.900000000000006,872.005165345569,778.2405029668485,18428.318193024796,13.910744058141452,10.917607759478718,-83.22591715250925,0.19204849491852036,-0.4049110046285274,0.8893853011993489,0.09032297570823922
60.0,873.2081670246674,779.739566586377,18420.05516720458,13.92188020335681,10.909835317046861,-84.15793946014553,0.21049694707851088,-0.4051486712101227,0.8855939265889641,0.0852583525294677
60.1,874.4112237549974,781.2479445500693,18411.735250653386,13.954891459313068,10.92070851565732,-85.10627477049309,0.23920153821253548,-0.4043883672083866,0.8771830193158309,0.09900819767703546
60.2,875.6188717983094,782.7648865082156,18402.980692685658,14.027880412104484,11.005410143360542,-86.05607456661947,0.2590098308670339,-0.39983885614330783,0.8694237534303365,0.130939427230101
60.300000000000004,876.8362738306275,784.2898237700058,18394.087678906664,14.1387018340926,11.143908718687657,-86.98591100223065,0.2783958637475131,-0.39109641792394095,0.8577866767101077,0.18368819285399762
60.400000000000006,878.0644981466295,785.8217059652828,18385.130373577547,14.278242456937754,11.298881121852464,-87.88079019410625,0.2943586066499412,-0.3794427707027031,0.8435269127135684,0.24049644899764547
60.5,879.3062191028852,787.3581552560428,18376.15872071443,14.43737597425887,11.43871883065827,-88.74283444016119,0.2975355236406909,-0.36884086047667985,0.8331375123742125,0.28515069224813583
60.6,880.5656527033192,788.8969060281167,18367.21103930348,14.587905220727666,11.514427139198668,-89.56292878976166,0.29318218463230256,-0.3628284936018572,0.8317153690769413,0.30108011506249444
60.7,881.8426497448975,790.4339854158271,18358.1275178517,14.733609987742033,11.627488772017246,-90.35969978598823,0.2842803952649509,-0.3634965081548978,0.8372546972257072,0.2933590247473038
60.800000000000004,883.1359707016724,791.9667743747536,18348.938386589234,14.8548742799273,11.693172889133741,-91.14045625338443,0.2624372281339641,-0.37065885938311355,0.8495362353430459,0.2683782705237811
60.900000000000006,884.4476518794909,793.4921875957828,18339.664046304613,14.924046413290558,11.74848378309634,-91.93854515888725,0.22702546658857675,-0.3811358067301917,0.8661033489149338,0.23034739709122284
61.0,885.7690894059917,795.0103009567038,18330.41822297688,14.942536641900652,11.856626225815427,-92.76262934486539,0.1867317381315092,-0.39302139589355445,0.88312456779256,0.17537513536836347
61.1,887.1030481698707,796.5173112634232,18321.08651007975,14.966876621954723,11.89707380494958,-93.62866767852881,0.1343496357135601,-0.4020460340863841,0.896476500615525,0.12899242498374264
61.2,888.44190127606,798.0142099976027,18311.67174313358,14.925607316736642,11.836422927128009,-94.53123437047468,0.08208312869669457,-0.40954127179836786,0.9053125633982032,0.0771198368159041
61.300000000000004,889.7816635949218,799.5009076212823,18302.15928204026,14.821727723303365,11.743972464061505,-95.46244671483993,0.028084923437166988,-0.41288570925610174,0.9071420321007676,0.07635418628801148
61.400000000000006,891.1149657266774,800.9785191348047,18292.49572079284,14.680295865565851,11.658741947945154,-96.40599700307095,-0.0010200780148081187,-0.41257301887584835,0.9067565703647927,0.08703439341312898
61.5,892.4367096216973,802.4484402160455,18282.71300544946,14.564889165540473,11.49958835400692,-97.3364670198196,-0.0114645970238765,-0.40968396219403863,0.9038628947675131,0.12271707949004185
61.6,893.7414916339758,803.9150960212678,18273.04029298773,14.478235273877162,11.342732929442413,-98.23051118868435,-0.011618303114824587,-0.40474857970791067,0.9008677873762431,0.1564635162745404
61.7,895.0277323181084,805.3805745840995,18263.46428308784,14.310040368812956,11.191867492405674,-99.0776551417215,-0.0036942133639564366,-0.40028075831733345,0.9004457714490948,0.17017367595479213
61.800000000000004,896.2959397241291,806.8477521129437,18253.48837893984,14.163883079685297,11.014789049158374,-99.89731791742994,0.014821084523940889,-0.39923867515182127,0.9013683940703414,0.1671042605309834
61.900000000000006,897.6447271003183,807.9931655834877,18243.47368618407,14.045515104858374,10.870631776993354,-100.70115454777738,0.06575605370470933,-0.4010837816975232,0.9014152186030536,0.14919297949704624
62.0,899.0570548556295,809.0317074268442,18233.298705953774,13.91962044197999,10.761208866386644,-101.51112079252766,0.10784789315512269,-0.40348939085551927,0.9004260632938941,0.12164722746574957
62.1,900.4655886617472,810.0679414157718,18223.11169114692,13.851878085917114,10.77565797689794,-102.34723649687488,0.14089066010284418,-0.4055272206525079,0.8972982415845664,0.10272955200370514
62.2,901.8765140070523,811.105911201074,18212.724113695243,13.816918386033576,10.804869264341006,-103.24451762775881,0.15230481484409253,-0.40679499913672973,0.8969278170932597,0.08271374116176004
62.300000000000004,903.2933625306567,812.1508313447159,18202.09983419549,13.821291322285,10.794617938688615,-104.16238330982623,0.17488627909755397,-0.40656292017172296,0.8937294878216686,0.07327335070045098
62.400000000000006,904.7211265777001,813.2065987532753,18191.473957432656,13.888168138740282,10.860627513134448,-105.09669026808845,0.1942257288603742,-0.40677911293080066,0.8886078717085721,0.08475358322483516
62.5,906.1628068319274,814.2757183727147,18180.656780778485,14.012157624705079,11.003000100739603,-106.02262072355911,0.2074166207274804,-0.4023250909540734,0.8842641909838945,0.11484645043878146
62.6,907.6208609977647,815.358219607414,18169.935428876273,14.185205573086257,11.211859901028294,-106.91828829887399,0.22075128332833013,-0.3959426202639733,0.8760705208316303,0.1643129784806737
62.7,909.0969100337701,816.455301574975,18159.08536287377,14.38975110432179,11.380121436985055,-107.77678027483152,0.22678406483946567,-0.3883884873453848,0.8688666858815577,0.20686723519603423
62.800000000000004,910.5879841430287,817.5648622644147,18148.342525946773,14.603598192287137,11.49059235476935,-108.58680514441089,0.22219015588377067,-0.38496552807087947,0.8671443618342796,0.2247081052487307
62.900000000000006,912.0911227518545,818.6843265892722,18137.54148728629,14.76244081387049,11.596604793036871,-109.3741957029176,0.20479072270379478,-0.3869361362018985,0.8737353782673531,0.21196149452107702
63.0,913.6014484037668,819.8103467475694,18126.4459796165,14.81977534936068,11.6253168631704,-110.16196916443063,0.17488688680828846,-0.39385031832553635,0.885060507200783,0.1759670485371372
63.1,915.114005936137,820.9369469254586,18115.31710753033,14.827697740150315,11.755638786590666,-110.98263526473926,0.13966997570070536,-0.4004721017863068,0.8955056652776119,0.13484805165194025
63.2,916.6229105309814,822.0592331077906,18104.137676254613,14.823696017817115,11.691226314956092,-111.84255945531577,0.0980019391496902,-0.40718299559536786,0.9040551869097916,0.08533373917967561
63.300000000000004,918.1231190163559,823.1712703947354,18092.99224475379,14.71395693907429,11.639013707792197,-112.74401905063364,0.051669800252094715,-0.4108727568430168,0.9071526941521167,0.07475158137915108
63.400000000000006,919.6085422060436,824.2699501965383,18081.761074231174,14.572244065465124,11.49434501735085,-113.67130504275798,0.012982665134326686,-0.41195014478619246,0.9078878896612195,0.07660357970187938
63.5,921.0764979759662,825.3533756198194,18070.438708283866,14.462961501544932,11.35902423890014,-114.5991526287227,0.0025541451712869966,-0.4107581534000044,0.9067172269285071,0.09557764460866687
63.6,922.5233355806059,826.4222914661459,18059.016805535906,14.275905166952056,11.22320830513832,-115.49447627946451,0.0017247317148836217,-0.40741163826311305,0.9047606907553476,0.12418081483137547
63.7,923.9543452552819,827.4743572094972,18047.485621322347,14.1116576473224,11.021286734157245,-116.35022191232903,0.02772283314117774,-0.40507124900523533,0.9039212915040654,0.1344433952174206
63.800000000000004,925.371134552766,828.5159776533345,18035.840543918042,13.998499156285028,10.818442729939136,-117.1755958810038,0.07130651107155933,-0.4044139189488068,0.9037244128755967,0.12102458102355747
63.900000000000006,926.7782382217533,829.5503569739667,18024.19691870649,13.91796639999566,10.700820373720418,-117.98156259862758,0.10048616055661752,-0.4057494350152742,0.9030302186747068,0.0990270250067453
64.0,928.1833430361926,830.5839197043832,18012.19102184596,13.82865086365534,10.734850273989165,-118.81690682697972,0.11377757101426454,-0.40770061715651407,0.9022382928779128,0.08246777533704536
64.10000000000001,929.5928874785515,831.6215510126158,18000.16577737363,13.793264238340337,10.797622778552439,-119.69173261633985,0.13158899902137136,-0.4085666840115261,0.9005130705141966,0.06952560596983548
64.2,931.0127137500062,832.6683808224955,17988.11202890205,13.82383600378908,10.791374848938137,-120.59856146707635,0.1449618321145427,-0.4089330308928947,0.8985539148039442,0.06603563935673214
64.3,932.4486348231839,833.7282582115618,17975.970586544146,13.94898644297657,10.902235743423008,-121.52527128443977,0.16030203607513618,-0.40726603131340516,0.8962346720340082,0.07211830289522801
64.4,933.9026247577741,834.8041038591087,17963.72071181907,14.135534412373396,11.116996353319802,-122.43894358330957,0.16391138431440117,-0.40572080186498044,0.8926937661487624,0.10780319524630372
64.5,935.3747931752607,835.8661020202438,17951.366451326314,14.35153181174242,11.285788660991724,-123.30408463728442,0.17443349840183378,-0.4006851203873088,0.8877596398064057,0.14459326009986154
64.60000000000001,936.8614898566618,836.849011782725,17939.031257346414,14.549702523555565,11.436676679752967,-124.12268921963079,0.1655257808412428,-0.39743631614491226,0.8872145395515323,0.16581903176179946
64.7,938.3590802031922,837.8422890720018,17926.3752280819,14.73119339706692,11.518634805978449,-124.91885947784552,0.15000017021872752,-0.3983954356335199,0.8914639258046863,0.15515506691574013
64.8,939.8606365527748,838.8394217080453,17913.7612883953,14.736215911860379,11.586525027059716,-125.72637354696586,0.12580978354994274,-0.4024087439047903,0.8979798089027017,0.1259816018121409
64.9,941.3590621499839,839.8319166153841,17901.1113033686,14.726070591249028,11.548103697169699,-126.57302232381267,0.09656047969817881,-0.4069433311493594,0.9038908571175421,0.08974696325132966
65.0,942.8472244773917,840.8122420855369,17888.319205808042,14.616943173258035,11.519581338980316,-127.46026664959956,0.06235855114219412,-0.4103093877829472,0.9072258082782946,0.06854888905317659
65.10000000000001,944.3204458467852,841.7736576172907,17875.502868472926,14.487858583434544,11.365862619387967,-128.37385998864428,0.029085517643192643,-0.41146870483314774,0.9078856799997588,0.07477385677986133
65.2,945.7730223690912,842.7141572545792,17862.63026577332,14.3202021276173,11.302090294959388,-129.29047877234794,0.014183216172434345,-0.41124326424316104,0.9080093275293974,0.07872023318847046
65.3,947.2063748956642,843.6340367668666,17849.655809051805,14.132751544818792,11.113138944117821,-130.17951193076425,0.02456646376560345,-0.4099042788351766,0.9069739660118067,0.09366534058808093
65.4,948.6245508519229,844.5368544129495,17836.5978419943,14.005541347318259,10.841387630409525,-131.01446006936064,0.05887962796069892,-0.40833581022825727,0.9052053628576497,0.10197208711305678
65.5,950.0324701236905,845.4294404954402,17823.46094433965,13.943732678373395,10.73694510124244,-131.83347694103102,0.07974072951846978,-0.40833419804361987,0.9054995749521073,0.08351717503297795
65.60000000000001,951.4378248065842,846.3204023011313,17810.235715736497,13.885470567365003,10.688229833623383,-132.6640659636039,0.09146364575597081,-0.40897800809506046,0.9050498334301889,0.07249958212024722
65.7,952.7439148772394,847.218121784069,17796.92888451106,13.828577559115258,10.792048881994713,-133.51864710396927,0.10550349342013862,-0.4096565532073223,0.9042108469746294,0.058764491862572994
65.8,953.9704867258514,848.1291839329083,17783.607275106635,13.851889636169009,10.829977136398428,-134.4142170751572,0.11761587784264461,-0.4097678010207711,0.902745564617075,0.05750913049337728
65.9,955.2069889594688,849.059083105035,17770.104977546354,14.015046077140724,10.951938113002491,-135.32858119504118,0.12354829622898292,-0.4095638708426743,0.9021118726937587,0.05645727007428232
66.0,956.4600541495057,850.0098131712376,17756.53153285366,14.22095688496489,11.141642921486538,-136.22980944014031,0.1273802948853414,-0.40794095418438653,0.9000612795213514,0.08513595879793288
66.10000000000001,957.7359008576138,850.9776943362231,17742.820521225643,14.424940497020986,11.286773364227916,-137.0899769702582,0.1338296921379706,-0.40478020036845963,0.8976540147114974,0.11162380016939155
66.2,959.0336334639436,851.9571501806685,17729.150589224988,14.603680700676463,11.398237369806145,-137.9010888836559,0.12144678845378651,-0.4043329494546136,0.8984470897070337,0.12065807290254331
66.3,960.3501003003919,852.9404308424689,17715.465020110103,14.656627035884124,11.459526966617286,-138.7091381700618,0.10476385575214396,-0.40568451455617377,0.9010600886656057,0.11196126915677652
66.4,961.6793427834284,853.9178223060409,17701.674261577118,14.629417739649199,11.417664198285593,-139.54704233657876,0.08830088527215471,-0.4081399836364245,0.9043800759373585,0.0878714155169395
66.5,963.008758844127,854.8813702696174,17687.740594815983,14.571546037410496,11.373434090700131,-140.42340418500478,0.06207717512840832,-0.4105792724037691,0.9072198314780676,0.06725520629196638
66.60000000000001,964.3310836693104,855.8257729320528,17673.55584521085,14.403267417258776,11.304391759996824,-141.3219391252792,0.037610448563285076,-0.4118262082088621,0.9080724556928614,0.06624985738185189
66.7,965.6370152851979,856.7491025558468,17659.268041515137,14.201188615550862,11.178107947879777,-142.2276395846053,0.032705536965252434,-0.4119136781960538,0.9081085982609408,0.0677955996460078
66.8,966.9240617784426,857.6552945483247,17644.87448501961,14.049227274063384,11.016533199647002,-143.09954335529378,0.04929811696527936,-0.4109057413908721,0.9069532975659111,0.07849766486982525
66.9,968.1862838439615,858.5484646728328,17630.460620670554,13.969744915797177,10.761099505537791,-143.93037221324613,0.06703534427734226,-0.41029093964272606,0.9066954314951315,0.07121096804962045
67.0,969.4296082160711,859.564183283732,17616.02825968247,13.95117910150126,10.706847682472349,-144.7525175527078,0.07437056902000734,-0.4103800091698462,0.9068863805086032,0.06011954245835831
67.10000000000001,970.6623818439123,860.6361999215574,17601.51066599152,13.877587801212819,10.762391195608327,-145.6040736306342,0.0821018403560934,-0.4106561502658981,0.9065350025874788,0.05305754557698891
67.2,971.8929386420593,861.7096484170419,17586.907078687695,13.889564320162663,10.848540419709819,-146.47829440936792,0.09394353495684588,-0.41061235197068874,0.9056470984477977,0.04873850348539784
67.3,973.1321094527214,862.7921382814264,17572.213867083992,14.055677260900097,10.930094211573682,-147.37784478487274,0.09329156288569515,-0.4109796617336479,0.9058622015620437,0.04249792602949028
67.4,974.3883950903195,863.8903038925596,17557.42863561624,14.261086972994852,11.0782851540386,-148.27345631187666,0.09775551626607852,-0.40985226018610726,0.9048025724212854,0.06162214536768762
67.5,975.6645986244021,865.0053136536889,17542.557885561033,14.43309952560894,11.232566866379504,-149.12654208581944,0.10230298699176951,-0.40857874189978494,0.9034148872767622,0.08024370359639361
67.60000000000001,976.9627987636024,866.1374797617934,17527.60373665499,14.581757835818856,11.362420044065022,-149.9507300814428,0.09274308540368403,-0.40852251786079813,0.9040043291907671,0.08534779033361055
67.7,978.276979864015,867.2812742270613,17512.568644514282,14.588202774554103,11.33340007301556,-150.77158030463315,0.08239421472650078,-0.40904965756580564,0.9047204555911749,0.08585143132061059
67.8,979.5986334884846,868.4283271852379,17497.441316284996,14.557924209949418,11.314261150076582,-151.62159526190248,0.07058707293116635,-0.41047647761596917,0.9062986337929276,0.07175871267009884
67.9,980.9169827437219,869.570272327292,17482.118623047358,14.414822721143944,11.283915436795017,-152.50746761117512,0.04497780682560927,-0.41205849303060865,0.9082653499279736,0.05691088942124949
68.0,982.2220758797268,870.6995774307446,17466.945433775603,14.216992490186897,11.166560295045365,-153.40216433624823,0.039259186539563486,-0.41231785706996565,0.908245568113999,0.05952049239348064
68.10000000000001,983.5079242813761,871.8129057667461,17451.426026868572,14.061790193950518,11.067724733372675,-154.2766870540376,0.04993492077595699,-0.4119738178838277,0.9079935242052498,0.057722067414916096
68.2,984.7738756648806,872.9070019879822,17435.83140490328,13.995283263924236,10.82980144412178,-155.12395901771424,0.05365532845119326,-0.4116396018691186,0.9080223832322512,0.056296495903839096
68.3,985.9778426183993,873.988053076454,17420.3388620517,14.012715282192733,10.735953809632159,-155.9574669079496,0.060477250915906715,-0.41138559200770913,0.9078008231528374,0.05479107859088091
68.4,987.1441039480608,875.0628020629435,17404.762972030025,13.932407319200431,10.789140638074777,-156.80397692309134,0.06797666614433474,-0.4115090190905956,0.9076429034901524,0.047157818131922734
68.5,988.3087395829261,876.1396216004995,17388.850484426664,13.992071480874541,10.895878633356276,-157.67038769758167,0.0746089798203802,-0.41159687253239274,0.9073152635925065,0.04243261839405994
68.60000000000001,989.4842117978742,877.2260015600099,17372.841722291683,14.168819137859753,10.971465616445204,-158.55715221021197,0.07180223525432193,-0.41177147487699506,0.9076543968754164,0.038107575661952865
68.7,990.6774604303741,878.3271345682149,17356.744881038987,14.363980618853693,11.112133255599195,-159.4387431037695,0.07930963562810485,-0.4109784737686902,0.9067320971863069,0.05141575368908862
68.8,991.8911315436626,879.4435279960996,17340.566335171767,14.509205766450444,11.220348944091494,-160.28597771316268,0.07635471208100554,-0.41044814634746585,0.906374750691338,0.06470771524455751
68.9,993.1269016046375,880.5741289867659,17324.33922631558,14.533885431996415,11.244960658335994,-161.11271789036488,0.06959812127142855,-0.41060414962506875,0.9066038651954308,0.0680423797266572
69.0,994.3755994296473,881.7108548938346,17308.053001058917,14.5216747241977,11.228888015453636,-161.946573470445,0.06470902769499312,-0.41114093259940504,0.9067075023194656,0.06824500358016358
69.10000000000001,995.625836776462,882.8453646875795,17291.680378121964,14.404127548412257,11.259340225574256,-162.8122362503991,0.047716687251330235,-0.4123531012337682,0.9082856440957614,0.05201179087668582
69.2,996.8657905735272,883.9700023312015,17275.221360611555,14.21449093886821,11.152068149284153,-163.68900803284325,0.0401890153216286,-0.41277030849440105,0.9087224795313892,0.047211975887890736
69.3,998.0883455544371,885.0800172871818,17258.67431790683,14.073588947669345,11.05751402664985,-164.56335587514243,0.04748676600164702,-0.4124546832520594,0.908540466232727,0.04669435228983588
69.4,999.2882080958775,886.1738374042027,17242.04049109376,14.031460662118652,10.832494986397531,-165.41315902489745,0.046689102580151506,-0.4121616824479127,0.9086330139821902,0.0482588968337109
69.5,1000.470158505747,887.2551024040281,17225.312996890167,14.052865382392445,10.749187956163285,-166.25522715985585,0.052062610188258175,-0.412053148827161,0.9086065524049042,0.043997955507968305
69.60000000000001,1001.6416172332972,888.3309166989519,17208.487931168755,13.997395926719413,10.811009022722983,-167.09703267966435,0.05793250323141013,-0.41218696888045603,0.9084156379523088,0.03907373130614007
69.7,1002.8145248928201,889.4095628193625,17191.755150888825,14.102661101488197,10.881156819443264,-167.95936337589836,0.05582765044573703,-0.4124160419040704,0.9086096445897905,0.03499707965392305
69.8,1003.9985745688887,890.4988853312012,17175.018416501367,14.28204048790592,10.974898033567667,-168.83477394010802,0.057917785674795205,-0.4123063514277288,0.9085652953689977,0.03403096716123175
69.9,1005.2014766380546,891.6021470112412,17158.00033015914,14.421042966838769,11.106139506240908,-169.69345696751878,0.0648965769737317,-0.41166334352109685,0.9078184825244991,0.04676888586485081
70.0,1006.4255696987166,892.7203390672101,17140.834437174886,14.486847211957457,11.103448489466734,-170.53784065468767,0.05916282928947482,-0.41158724274301045,0.9079052275544652,0.05295091142695621
70.10000000000001,1007.6651747019897,893.8471411337297,17123.564868462785,14.501467473312319,11.142384119831812,-171.36730258525702,0.05619747378471693,-0.41184324445812936,0.9077806811705373,0.05622473501914288
70.2,1008.9097577096437,894.9752267293421,17106.404504484562,14.410766676534344,11.194332982220415,-172.20518902356764,0.04748158034063839,-0.4125567038992543,0.9082892651366118,0.050527976742910666
70.3,1010.1483519690507,896.0970254795369,17089.190178796787,14.2338592966034,11.144224828028433,-173.0640111203305,0.040011676235135386,-0.41299652911844814,0.9088900917091666,0.04185372019154414
70.4,1011.3712434765711,897.205498838872,17071.890905445736,14.107649050143175,11.056343155543788,-173.93162946178123,0.04345737310892927,-0.41273976848011096,0.908860560077723,0.04159113574625582
70.5,1012.574392966861,898.4432081746966,17054.366943714118,14.085367640410706,10.844272205553553,-174.78546182851704,0.04035048244567668,-0.41250906373517127,0.9091064559761997,0.04163607336346113
70.60000000000001,1013.7602305136043,899.8039231068325,17036.72523456744,14.093408873417788,10.73124562957601,-175.62063362542634,0.044168175696354,-0.4124379884121348,0.9090332100652342,0.04003374787230889
70.7,1014.9371294174481,901.1701496887983,17018.995756224384,14.068296469920808,10.80287101875926,-176.4505650442399,0.04863478331472761,-0.41267488213322956,0.9088854367455794,0.035515663868942546
70.8,1016.1162413416891,902.5354725997594,17001.197868658328,14.193900567723722,10.898435105896505,-177.2963455060334,0.04471554493079924,-0.4129543171669682,0.9090698330556134,0.032577455439979246
70.9,1017.3085990791668,903.8951371599856,16983.38517303745,14.36002757833427,10.977201244232544,-178.15608325266732,0.04853542601258386,-0.4127313506639834,0.909043814327682,0.030602095245910947
71.0,1018.5181059103821,905.2453977452117,16965.440142617503,14.43034707204288,11.011068520607699,-179.0127404913162,0.049329610298536455,-0.41231315431433213,0.9088358372428927,0.039772770461341755
71.10000000000001,1019.7458645644804,906.5865941496564,16947.409911509374,14.47574656660449,11.076535586409854,-179.8508181465555,0.047491582856578035,-0.41230188957336084,0.9087895307346914,0.04304985759596005
71.2,1020.9841135186106,907.922493584164,16929.276126225766,14.417358538467417,11.06229757824637,-180.67849766832788,0.04583714236743436,-0.41269807207372894,0.9087221352275675,0.042465734818382214
71.3,1022.2218736627239,909.2590638692861,16911.04935795905,14.296519311798672,11.136021091228518,-181.51453905940406,0.03636947118504614,-0.41320482494968935,0.9091085869464917,0.03821794531591149
71.4,1023.4489558315619,910.601502570013,16892.739953571632,14.178794894827348,11.07515316600837,-182.36611894142027,0.03843556320544779,-0.41312228155353253,0.909144073756137,0.03619034566261403
71.5,1024.6598883321549,911.9527464423923,16874.344831416383,14.129973795718222,10.899868974959656,-183.2181101336773,0.034821278326970344,-0.4128759107450628,0.9093739025727525,0.03687907566239426
71.60000000000001,1025.8533254726597,913.3121978745145,16855.867041168527,14.143082774634252,10.770555646517428,-184.05471034519275,0.037238426911398795,-0.4127256887104028,0.9093257262855446,0.037383538555826976
71.7,1027.0370615083161,914.675664707921,16837.332488512693,14.109096444669674,10.744815013197114,-184.88042165165348,0.039877071046217516,-0.4129537420321165,0.90928355272402,0.0329005606643932
71.8,1028.2210607196423,916.0371494856994,16818.799784429757,14.234386728479087,10.824150002664414,-185.7141441109236,0.0371972389686521,-0.4131881019699467,0.9093101829531819,0.03235659100141648
71.9,1029.4158537866642,917.392616655665,16800.15487241803,14.334620947075441,10.915426448501798,-186.55906614589787,0.03710752418369208,-0.4131259034583424,0.9094473692423756,0.029248967824647757
72.0,1030.626178926386,918.7396055624049,16781.58244919368,14.403669558658173,10.90640329761063,-187.40435985779075,0.04115738228042716,-0.41277893810760574,0.9092851893387028,0.033467336133304736
72.10000000000001,1031.8523411704034,920.0798606612285,16762.929839589033,14.442076702308512,11.001172645677084,-188.23593867002344,0.03967557451912557,-0.41279406393479673,0.9092755370084522,0.03528324481624521
72.2,1033.087080466139,921.417926516959,16744.099882672286,14.400525291949686,11.02618974057273,-189.05701500666933,0.03683537922347925,-0.4131292028375434,0.9092156491553283,0.03597665814571143
72.3,1034.319808171578,922.7593848200723,16725.06735337011,14.277591098952207,11.074827064302337,-189.88474419982305,0.030836734600705098,-0.41348622883660135,0.9094567805812099,0.031090169129684472
72.4,1035.541992753523,924.1075618216031,16705.947792084746,14.198104744192557,11.007824000681781,-190.7223690884961,0.03140918748517252,-0.41332286313329486,0.9094696596632557,0.03228950146439047
72.5,1036.7488227537601,925.4637802933717,16686.708633223374,14.147367086649353,10.835086482892017,-191.55868056322527,0.03169420280119331,-0.41307022340886584,0.9095397590480351,0.033254995904205824
72.60000000000001,1037.94192556554,926.824542609932,16667.381453026435,14.16294456904855,10.766125856903567,-192.3840440170127,0.032726300846987834,-0.41305977375790787,0.9095281169885594,0.0326988829042229
72.7,1039.1300060267333,928.1849640600897,16647.949636214915,14.182097277270262,10.762963170732961,-193.19910581738583,0.0320514515066249,-0.4133067848060104,0.9095376553600724,0.029857320237070144
72.8,1040.3225585631403,929.5406106336537,16628.456434692154,14.282563220247233,10.814125937469846,-194.02179516370322,0.03017790820676981,-0.41342994287495194,0.9096200762407686,0.027500783450951895
72.9,1041.527666677521,930.8888834586762,16609.061263327647,14.356719494465812,10.841686043434265,-194.85303886900923,0.03335107669333756,-0.41324282859443,0.909617696114572,0.026715486405599898
73.0,1042.7524177622802,932.1896306240255,16589.62874100142,14.411134976821149,10.947107247949592,-195.67898273078302,0.03414683106961217,-0.4130954715092342,0.9095659112305388,0.029596933520660302
73.10000000000001,1044.1674062572715,933.2096686183431,16570.228489576064,14.378959706559758,10.927204569502385,-196.49469026195263,0.03253066777319261,-0.4132545750513241,0.909489649103943,0.03147999406235809
73.2,1045.5754293562647,934.1372275970255,16550.543006440665,14.317503222869735,11.000216010677455,-197.30844525942675,0.02788502101725036,-0.4135432857994487,0.9095557536267973,0.03021104793700457
73.3,1046.9807599681335,935.0293770112904,16530.722512793953,14.23630420617123,10.992803576071914,-198.1296219306384,0.0277387695999216,-0.41352582403194865,0.9095984500462178,0.029285033605898243
73.4,1048.3892383377615,935.9267541758448,16510.90405618227,14.220233527320419,10.857727395367073,-198.9528339011781,0.02783857933806481,-0.41329601649633146,0.9096445100198248,0.03095612442628037
73.5,1049.8039522643824,936.8312677922851,16490.890659785262,14.21510551958667,10.737696545733955,-199.76630729993494,0.02931614410943739,-0.41318140271213555,0.9096313399583659,0.0315042459508968
73.60000000000001,1051.226258949795,937.7399656052671,16470.763441779556,14.249606051598201,10.764696367344099,-200.57056727217335,0.027190930017380602,-0.41332040567493106,0.9096703166333319,0.0304435644055356
73.7,1052.651933693892,938.6477496460872,16450.692248198633,14.278584625661136,10.797566327154515,-201.37799281401962,0.02675019509705,-0.41341470935540375,0.9097251418066457,0.027800566823993962
73.8,1054.0764195524143,939.5493371614155,16430.54114779985,14.342343453402751,10.846318164554656,-202.19272734580258,0.027554066500262236,-0.41331110042926966,0.9097547324697443,0.02758685248717765
73.9,1055.4951693871772,940.4118748936293,16410.217235108692,14.405063736588223,10.898512485152562,-203.00571629413244,0.028425831579846548,-0.4132323782304421,0.9097583968581614,0.027760277863794428
74.0,1056.9066956814204,941.2449559284472,16389.81341773572,14.331988185845281,10.935957671438546,-203.81017129728323,0.029030460914747147,-0.41333034113050054,0.9096420096669718,0.02943935612499294
74.10000000000001,1058.3138107586253,942.0772348289752,16369.281037626479,14.268859912987567,10.967256364372622,-204.61197771899913,0.02530777413869724,-0.4135085575530923,0.9096327811026734,0.030633199994799132
74.2,1059.721029283025,942.9081084149045,16348.656608666619,14.23376660967698,10.935539729832513,-205.41899430670065,0.024193056707792347,-0.4135216447037996,0.9097340424295068,0.028258050418710334
74.3,1061.1324540752155,943.7370721727576,16327.952884795825,14.230303767406316,10.793009958789456,-206.2248956026153,0.02504293004999999,-0.41335701217890297,0.9097232607768957,0.030206306270272133
74.4,1062.5504450478031,944.5642865130711,16307.169394762275,14.238299714374337,10.77312317709807,-207.02074592780784,0.0257177572130583,-0.41332422399674573,0.9097255550670313,0.03001828241922
74.5,1063.8978605288137,945.3904022675504,16286.305338828062,14.258339697623704,10.778934859574246,-207.81079605297228,0.02492665442634244,-0.4134013248795268,0.9096946232383323,0.030556487661875138
74.60000000000001,1065.1304099811975,946.2159646296141,16265.361624154531,14.310006810358306,10.802159392342734,-208.6057302027234,0.02432197884454774,-0.4134468896478412,0.9097642939399992,0.028267300144616207
74.7,1066.3680215975044,947.0413161085155,16244.339252061653,14.402497634781255,10.865718340639676,-209.40486321851557,0.025583350817031666,-0.4133626717576482,0.9097700129473626,0.028201370535972325
74.8,1067.6054992064317,947.8662227480189,16223.238366947913,14.32022488748576,10.877308763482612,-210.1988823130012,0.02667218578422613,-0.4133502681608565,0.9097501322164847,0.0280151253598501
74.9,1069.2145465846877,948.6899770865406,16202.055592668932,14.295585180854397,10.916392199114046,-210.9877869513759,0.023403901726074632,-0.41347491096333605,0.9097503945989494,0.029068452227692977
75.0,1070.8187019625782,949.5120446148388,16180.795710036587,14.24028318439654,10.930476386787273,-211.77859807371962,0.022913638009126738,-0.41352227645022804,0.9097469778299705,0.028891666650490533
75.10000000000001,1072.4233654846068,950.3322039185804,16159.723305917027,14.242874405624264,10.830693143052374,-212.5690826944534,0.023296721942273516,-0.4134445141602781,0.9097645713901779,0.02914311412258201
75.2,1074.0333051773262,951.1509482445133,16138.377981174895,14.265766883610448,10.805525906151722,-213.35227982794922,0.024066393766774753,-0.41338202693645093,0.9097804659842608,0.0289069578204812
75.3,1075.649839735564,951.9688005628393,16116.92562619787,14.293107212256187,10.82002863500477,-214.1294430275673,0.023791394891290726,-0.4134175352984754,0.9097539881984487,0.029454914596332912
75.4,1077.2710739647634,952.7863853146976,16095.333147073386,14.31188649694677,10.804805392152533,-214.90816409644654,0.022153185863017386,-0.41345822718728953,0.909767187202889,0.029752240524133278
75.5,1078.8026209848829,953.603506648492,16073.665833987505,14.368276269185678,10.824317812311389,-215.6904609431039,0.022534758260334544,-0.4134422187431486,0.9098440010666929,0.0272325201522442
75.60000000000001,1080.308842560897,954.4196118677618,16052.14301612275,14.350573455851213,10.841363568293424,-216.47038235151572,0.02480433442886922,-0.4133876755437912,0.909794675114477,0.027731279007384344
75.7,1081.8124226133132,955.2341535102433,16030.671223716532,14.3095720068572,10.873175797987999,-217.24546846391252,0.02255970409028452,-0.4134412958280016,0.909780646121796,0.029266543998722395
75.8,1083.3179858260692,956.2860465151747,16009.058510998606,14.27565376973399,10.866684570094847,-218.02012971248894,0.020798270242391535,-0.4134906430393116,0.9097956057428793,0.029408771562384042
75.9,1084.828770466362,957.3727468304278,15987.191921532965,14.294738830040147,10.807054000405701,-218.79371316254,0.022278306001388287,-0.4134303452948241,0.9097625445666333,0.030185081990202835
76.0,1086.4322688756058,958.453876502076,15965.2513843519,14.287420288179943,10.794037381523603,-219.56117021122375,0.02223166935698511,-0.4134059907575175,0.9097856940872007,0.02985348417970062
76.10000000000001,1088.2358462303098,959.5341279888374,15943.230926397024,14.34067700555963,10.791533262804931,-220.32326373983858,0.023396534016394004,-0.4134154917091327,0.9097212090546186,0.030782384688625024
76.2,1090.0397640883343,960.618471189354,15921.135639979686,14.34609131360652,10.78614669808521,-221.08660821135763,0.021507783916703844,-0.4134474236868685,0.9097614541079195,0.03054078743462915
76.3,1091.8386854991447,961.7092557217276,15898.96176805839,14.35711068540488,10.789455487506894,-221.8518502009854,0.022467501997129626,-0.4134141120258274,0.9097988800080905,0.02915443822010224
76.4,1093.6314059050553,962.8039620255863,15876.680407924503,14.349086870948494,10.828471883151401,-222.61396280907846,0.0221916311813751,-0.4134046855601988,0.9098474088561834,0.027960508937997917
76.5,1095.4217890184898,963.8979034795522,15854.28725768272,14.332190326298683,10.81897304377185,-223.37289162641952,0.02119759096664018,-0.4134219077508656,0.909791168143179,0.03021619925661936
76.60000000000001,1097.1065113831335,964.9020344767722,15831.817113195373,14.334491837448356,10.810146938052416,-224.13109244818122,0.020563073494470802,-0.4134416449628738,0.9097818652691444,0.030661439076639655
76.7,1098.7947052710317,965.8473904654431,15809.292048457528,14.340902084413296,10.774472048993019,-224.8854850916031,0.02203045054863757,-0.41340595504022815,0.9097452698307218,0.0312044805521292
76.80000000000001,1100.4893874481556,966.7909896191885,15786.759108671951,14.311260361423097,10.804308845546913,-225.63372313295866,0.02215952698522207,-0.4133942072357214,0.9097082618323297,0.03232743636204448
76.9,1102.187925894323,967.731016321644,15764.147903099956,14.353424464926086,10.802826721697532,-226.37980340091272,0.020446862356651566,-0.4134296142933923,0.9097456061367539,0.031950148041207584
77.0,1103.8856796102548,968.6672934781309,15741.463411061493,14.406136994342148,10.775810423601664,-227.1276176554956,0.021374528772437996,-0.41341104083493346,0.9097787602069708,0.030611244858715355
77.10000000000001,1105.579417527676,969.6026660481841,15718.703220197935,14.377833401833515,10.797894669158312,-227.87448701270344,0.021522101274222903,-0.4133753285627425,0.9098167162901426,0.029852632235852553
77.2,1107.2694509358723,970.5396471682915,15695.870733387155,14.360921824045402,10.825437713614113,-228.6180752496668,0.02000684779120302,-0.41338933842119824,0.9098118877020103,0.030843312358567715
77.30000000000001,1108.9596043036584,971.4791597204959,15673.19495073587,14.385396280718863,10.78193795941296,-229.3597864994193,0.020122521535212514,-0.41340499011693965,0.9097532242216154,0.03225630623386987
77.4,1110.6248656936828,972.4192776127111,15650.527129923667,14.37469982139802,10.782765056257462,-230.09832133425544,0.021489208003916765,-0.4133944928357065,0.9097065330556456,0.032821196631919056
77.5,1112.1819004230738,973.3573023392662,15627.785459176235,14.340918662397934,10.769642508614465,-230.8312401573276,0.02134739792413512,-0.41338892690801127,0.9096834317020439,0.033614547423759654
77.60000000000001,1113.7417724058678,974.2919054143532,15604.970373464059,14.368037623654237,10.749670700172441,-231.56267272256756,0.020389170830640204,-0.4133966996873239,0.9097033305173162,0.03357530113297633
77.7,1115.2532099248506,975.2234383561234,15582.022808124897,14.41105844116041,10.774991013811992,-232.29400004201867,0.02103716370800339,-0.4133869030947534,0.9097738465276656,0.03130901255401376
77.80000000000001,1116.503790094885,976.1547026840375,15558.707885259852,14.391506043275935,10.769601154133431,-233.023572907177,0.019871158121420655,-0.41335004411811715,0.909806513016072,0.03160675522732733
77.9,1117.757712362878,977.0876949775954,15535.31090083616,14.392966329896566,10.779262093589203,-233.7497431432136,0.01986425534282725,-0.41335591079129447,0.9097835212856246,0.03219078704697723
78.0,1119.0096248184605,978.022662914904,15511.841564983884,14.4114352958706,10.771339830643278,-234.47366197259072,0.020313750037875507,-0.4133691271091519,0.9096943694338245,0.034197522319794116
78.10000000000001,1120.2562543955537,978.9573930143501,15488.30002073254,14.381032194846334,10.800047088835282,-235.19542012205847,0.021356259761480617,-0.41337119117626964,0.9096377835457423,0.03503243098189671
78.2,1121.4981552720774,979.8894809319468,15464.68676676693,14.359789715115788,10.770137479316057,-235.9134976377456,0.020429657625143174,-0.4133823494773865,0.9096621385562,0.0348203375520078
78.30000000000001,1122.7399615894976,980.8182937937476,15441.00227520419,14.388771810695058,10.766557052196015,-236.6285435717977,0.019995341992366213,-0.41336929230347336,0.9096942095638382,0.034386909793662816
78.4,1123.9858221563109,981.7452482752967,15417.246021592458,14.411837022016849,10.779018604124877,-237.3424504812019,0.020861553457535945,-0.4133239322778493,0.9097207988544399,0.03370742834085534
78.5,1125.2368069401157,982.6728652380949,15393.421503160733,14.404582150575461,10.803001856765773,-238.05412638647542,0.019280153534952226,-0.4133067311282252,0.9097586337139498,0.03383858842647911
78.60000000000001,1126.4894486318674,983.602234827966,15369.524636781583,14.413207603828415,10.805954538443434,-238.76268888697564,0.01946490432774312,-0.41332585347884687,0.9097133285267294,0.03470614133425611
78.7,1127.7393727306028,984.5325388616553,15345.67654512635,14.417428696557957,10.808119669214179,-239.46886852935833,0.020166485883496163,-0.41334291577526333,0.909618957691947,0.036528052684614905
78.80000000000001,1128.9844310251444,985.4613830548942,15321.736884633672,14.380716274902694,10.8198304340368,-240.1722634906784,0.020638209182710848,-0.41335327617036016,0.9095784802376222,0.037149989092570064
78.9,1130.232930974194,986.3872369751514,15297.666915717879,14.379873487020305,10.785332379465649,-240.8721196816726,0.021074935039831762,-0.4133361193494766,0.9095837542805791,0.036966112901267285
79.0,1131.7499282073748,987.3106243667712,15273.525151515334,14.41326812374576,10.783869000924428,-241.56947401760434,0.021197545398114193,-0.4133012529458919,0.909634683700474,0.03602055790225115
79.10000000000001,1133.2654257102138,988.2337016296165,15249.314337639145,14.416474462548015,10.848916464078599,-242.26519193413026,0.020241297745147734,-0.4132557704325784,0.9096514305960915,0.036663781641457095
79.2,1134.7817180431969,989.3029581850966,15225.034516019374,14.4197768146678,10.842051097787625,-242.95822860422885,0.019776440651816253,-0.4132794279956495,0.9096796725227007,0.03594301308635295
79.30000000000001,1136.3007301062846,991.0883841579747,15200.68500198017,14.434078763955956,10.829242920294556,-243.6475618374898,0.01981354250942529,-0.41330778487283293,0.9095925691283816,0.03775522060813981
79.4,1137.8219104784396,992.8746653525977,15176.266702413532,14.400672427550836,10.832867640462798,-244.3294425262628,0.02051900308144801,-0.41334433757506117,0.9095633647900211,0.037681753396470674
79.5,1139.2742292572184,994.6626942155021,15151.78135626438,14.384809450634886,10.8238839648837,-245.00492578680235,0.021360645705943912,-0.41333418090786667,0.9095516089379555,0.037609152963403794
79.60000000000001,1140.6837932809854,996.4533155203,15127.226613459134,14.403943595825984,10.81914049299115,-245.68284608010313,0.020600838695342488,-0.4133055860403749,0.9096171484905459,0.036752430733204375
79.7,1142.0914806088138,998.246648422571,15102.595763137353,14.428973992166267,10.861668080900703,-246.359774954993,0.020524093507451754,-0.4132593928171403,0.909644959870971,0.036626258551005604
79.80000000000001,1143.4993033441585,1000.042051643368,15077.880593056158,14.430806733321367,10.868291953171259,-247.02912547942012,0.019943374126381447,-0.41327114112870944,0.9096648415514216,0.036319440852750746
79.9,1144.9090682806227,1001.8388711210861,15053.097998660494,14.44311946291107,10.849118148066635,-247.69535518477093,0.01961902738800674,-0.4133230902390402,0.9096249823686531,0.03689862179575882
80.0,1146.3206599187904,1003.637021743431,15028.248320212373,14.416177645847185,10.847326977176834,-248.3600987117561,0.020233613205637414,-0.4133703676895867,0.9095781382774126,0.037190729767191545
80.10000000000001,1147.7322257506398,1004.9601702527408,15003.332005487993,14.395122739354564,10.860093777352832,-249.02361640229134,0.020571929452939303,-0.4133740499691068,0.9095634887437961,0.03732225173989278
80.2,1149.1420645602757,1006.2109064922888,14978.350641830617,14.40594794959993,10.852801840602549,-249.68524871313613,0.02053762082059811,-0.41335036259985103,0.9096180266306767,0.03625919880684742
80.30000000000001,1150.5502199410998,1007.306116501675,14953.301254973823,14.437565501315325,10.882617565903807,-250.3435058943706,0.020448664699136136,-0.41330427561743127,0.9096425910833132,0.03621856368782333
80.4,1151.9584389644044,1008.4032943330903,14928.188175115609,14.44391819315137,10.880609745676514,-251.00085540461447,0.019882626736420928,-0.41330557527517725,0.9096531500480813,0.03625367854601657
80.5,1153.3682630204369,1009.499926933421,14903.009595502906,14.45304505882186,10.863959648184277,-251.65539951043297,0.019438508463409675,-0.41335591553362916,0.9096316332820055,0.03645988500783254
80.60000000000001,1154.7795497330983,1010.5941010790959,14877.765601129633,14.425548842055203,10.864748453283942,-252.30662642629818,0.019975367217240764,-0.41339474726675823,0.9095741067658888,0.03715793236746293
80.7,1156.1906640791335,1011.6864656497863,14852.455668382981,14.407542317446978,10.880721569883184,-252.954243308702,0.02016892213056126,-0.41340654633787643,0.909569507309117,0.037034489311059335
80.80000000000001,1157.600243144711,1012.7627764650151,14827.369954797066,14.415477530669513,10.88482029691552,-253.59791637500555,0.01979389294210083,-0.4133870909914432,0.9096212935306628,0.0361720494226263
80.9,1159.0607687609338,1013.7154698372296,14802.228354081177,14.442634348194394,10.902458221103588,-254.2385365862718,0.020471329570987132,-0.4133402072174382,0.9096271510367101,0.036183474955832136
81.0,1160.5938200094854,1014.6687310856032,14777.024152606158,14.459248067131066,10.88362079301343,-254.87653974957428,0.01993780307468548,-0.4133509831466162,0.9096521237165581,0.03572761618463474
81.10000000000001,1162.1288258014476,1015.6219311083509,14751.681645302944,14.45554782018244,10.867492583626833,-255.51143150135357,0.019415850063654618,-0.41339055369134703,0.9096146148430864,0.036503799102709275
81.2,1163.666559120217,1016.5737517063584,14726.13232257815,14.428875010114625,10.871689329904024,-256.1429122758726,0.01930001819610663,-0.4134320937142936,0.9095803887850551,0.03694495259536521
81.30000000000001,1165.2060429521007,1017.5235723985277,14700.52059820187,14.41836947543988,10.876479112735773,-256.77064968423775,0.01963647819616477,-0.4134434688508233,0.9095895959226791,0.03640980332090879
81.4,1166.6065425190081,1018.4721482486523,14674.795495419103,14.43006223746372,10.878181647863927,-257.3945214471029,0.0196512159457888,-0.413417467657522,0.9096240243234022,0.03583240881091442
81.5,1167.8341757951173,1019.4207281999327,14648.993166305225,14.454379619586671,10.902440463352544,-258.01526421022197,0.01960889591719776,-0.41338633914824563,0.9096412492488729,0.03577741566225998
81.60000000000001,1169.1293157528703,1020.3696410047486,14623.130638311904,14.468389090366959,10.891286145183738,-258.63078461476687,0.019741488276351197,-0.41339535982809866,0.9096356967742683,0.03574142228875465
81.7,1170.6443729416753,1021.3179940542527,14597.206122126197,14.453949018414821,10.881661114441233,-259.239955638222,0.019375252957778227,-0.4134404181998399,0.9096144026619276,0.035961905421549714
81.80000000000001,1172.160146882551,1022.2647138386866,14571.219488895931,14.432950379884858,10.885268358968464,-259.8465140011196,0.019139428275106472,-0.4134750449723073,0.9095992681446323,0.036072716299158425
81.9,1173.6753727987987,1023.2096923541804,14545.173687045402,14.430640022079803,10.899700026569835,-260.4496028940662,0.01896955254292918,-0.41347647978478047,0.9096147075928045,0.03575528593038755
82.0,1175.189820865023,1024.1538823135118,14519.067625950993,14.449059068446727,10.923272042970545,-261.0513055603524,0.019258216551429865,-0.4134439294612107,0.909628825956194,0.035617934758883064
82.10000000000001,1176.704635855537,1025.098191214924,14492.900932342376,14.469370662158118,10.919172705061968,-261.6489578475599,0.019095140042042106,-0.41343738159053695,0.9096586632633493,0.035014618094045505
82.2,1178.2208211338402,1026.042395833682,14466.737064928293,14.470203769473358,10.908128063189144,-262.24236502930154,0.01920212262786931,-0.41345808324422306,0.909646382956256,0.03503069883969967
82.30000000000001,1179.738219020438,1026.9854586459612,14440.525780199168,14.471374166151623,10.907561572607776,-262.8317852334382,0.01888899716174368,-0.41349524154583617,0.9096204944675493,0.03543228823806675
82.4,1181.2556625417758,1027.9267321195198,14414.254922341113,14.482665214067184,10.921555517458614,-263.41785370855325,0.01877376836428237,-0.41351402757503614,0.9096131769947726,0.035462132727078016
82.5,1182.7724097450518,1028.8667209741166,14387.921607517848,14.493554014958224,10.93489242989103,-263.99610533444144,0.018985301693555143,-0.41349603116581096,0.9096158892923714,0.035489779889088115
82.60000000000001,1184.289040535756,1029.8063835508988,14361.52407646181,14.492697421667255,10.930877166792747,-264.5721050178823,0.019313976339939667,-0.41347361334956106,0.9096325387118279,0.03514521159806523
82.7,1185.8065938236941,1030.7459909811232,14335.068514333763,14.487769866788636,10.919293920161008,-265.14561651521683,0.018961895281947503,-0.4134776045063309,0.9096388506211138,0.035126607290222406
82.80000000000001,1187.3253977102515,1031.6847666118895,14308.555916076159,14.485600896732402,10.919295974267573,-265.7154782892113,0.018882000673609314,-0.4135100051720225,0.9096267779098732,0.03510086298793958
82.9,1188.8446538920634,1032.6220331550949,14281.985085348995,14.479493602920693,10.933115543359616,-266.2821951222981,0.018806223156521026,-0.41353808104922596,0.9096126426402852,0.03517700728697146
83.0,1190.3634563701926,1033.5577178830795,14255.357943634648,14.489246836687377,10.94978514502628,-266.8444069751483,0.01902414268030332,-0.413534837380959,0.9096041284994947,0.035317838046205086
83.10000000000001,1191.8819717411222,1034.4926874506439,14228.674390797732,14.492838085191579,10.95843186358146,-267.4014608507042,0.018899658891053894,-0.4135142275682391,0.90961630261145,0.035312441375801494
83.2,1193.4010973707796,1035.4274435287718,14201.935550720384,14.498572150420344,10.958642153012576,-267.95351221836466,0.018817484180303306,-0.41349318610221386,0.9096306013909171,0.035234306426582956
83.30000000000001,1194.9213000027719,1036.416244252398,14175.138999195256,14.503428922677706,10.950397979090601,-268.5005583252558,0.018830223510685102,-0.41348450310477636,0.9096330974030268,0.03526494695458347
83.4,1196.44212490622,1037.8548086473318,14148.22578527061,14.495698113415276,10.951996502553587,-269.04311455599606,0.018935638391468425,-0.41349003253857,0.9096377097726237,0.03502387113920867
83.5,1197.9414159116468,1039.2941968978337,14121.257642589837,14.489833454224122,10.95877036693051,-269.58019225402694,0.019255634725596237,-0.4134832960062159,0.9096262845874081,0.03522508825905151
83.60000000000001,1199.390590095378,1040.7344728079754,14094.237837349789,14.49750378876612,10.968104870828977,-270.1114152523382,0.019292696224627967,-0.4134592404165899,0.9096158647629099,0.0357523000399199
83.7,1200.8401389788924,1042.176070196049,14067.164397114342,14.513186309641986,10.983074278655662,-270.63726011029996,0.01900258062256222,-0.4134397257080756,0.9096333791211005,0.0356876830971463
83.80000000000001,1202.2904001055563,1043.6191860116128,14040.038588990734,14.522309334102562,10.982149521197664,-271.1578135470073,0.019061953980302172,-0.4134273379700365,0.9096387762543628,0.03566195260956948
83.9,1203.7409536314708,1045.0632627592977,14012.861765715641,14.52213130781708,10.99483533805933,-271.67059039517113,0.018845491678657206,-0.4134312160153174,0.9096422702220637,0.035642913639819765
84.0,1205.191133898845,1046.5078090958011,13985.629241423325,14.545786686988722,11.024781317238743,-272.1786694272975,0.018339962004235197,-0.4134342503737366,0.9096479336124322,0.03572678667641184
84.10000000000001,1206.640962745571,1047.9529457976337,13958.339217912438,14.567383935730268,11.053833147205076,-272.68386742316886,0.018039582234796844,-0.4134111100632398,0.9096530243721039,0.0360167016779475
84.2,1208.0911460022899,1049.3991585644073,13930.998424849651,14.584158225320861,11.061859698812995,-273.1847498809475,0.01816431402162495,-0.4133655801607441,0.9096569929235678,0.03637457985664249
84.30000000000001,1209.5420940612566,1050.8465851435008,13903.609036411677,14.598720983264457,11.060370911940295,-273.6784996523482,0.018002622567280958,-0.41334030836875596,0.9096790744823949,0.036189452982538305
84.4,1210.9934298153796,1052.2946414405335,13876.169769757324,14.612004120846272,11.068395394657783,-274.16604532099075,0.01762740851917544,-0.4133394752638018,0.9096856588098275,0.03621815585135675
84.5,1212.444584914268,1053.742861406232,13848.683199653819,14.617261082035602,11.089956749587417,-274.64802741420397,0.017566875818507924,-0.4133469672105862,0.9096917483778058,0.03600850601064931
84.60000000000001,1213.8955781594268,1055.191395573122,13821.148003101074,14.621962221428491,11.111786487349299,-275.12416046929405,0.0169942136017331,-0.41333198763039697,0.909700589542671,0.036231230882774315
84.7,1215.3470552689705,1056.6406927663986,13793.565971926719,14.634895108181714,11.121151089284549,-275.5947668121598,0.016987705974107783,-0.41330115142843965,0.909726289000317,0.035939604552289235
84.80000000000001,1216.7992982087355,1058.090760285056,13765.936981935687,14.650669526760343,11.121942844761662,-276.0597104037653,0.016797925013414382,-0.4132778415221861,0.9097494319893822,0.03571031247417283
84.9,1218.251986351422,1059.5410445881953,13738.262296212797,14.664519377648965,11.128665841135957,-276.52055748116607,0.016619088259147353,-0.4132752929634296,0.9097516750267172,0.035766295831529404
85.0,1219.7046370909184,1060.9911669360283,13710.539323683828,14.674125014581291,11.145909528662264,-276.97551861963024,0.01668118795877676,-0.4132781585706723,0.9097485329922674,0.03578419113428835
85.10000000000001,1221.1573754885933,1062.307960378018,13682.764994187246,14.674312860859919,11.164663995484135,-277.4246180208674,0.016526921316640113,-0.41326063674265556,0.9097519819332467,0.035969964684141036
85.2,1222.6107733338486,1063.54112458223,13654.945478625337,14.678299437539515,11.17428535029631,-277.86809977050433,0.016428633258694925,-0.4132268561751219,0.9097636715414408,0.03610716394725038
85.30000000000001,1224.0649728656463,1064.7748424726349,13627.082052185884,14.685841391227424,11.176701175952147,-278.3059248146485,0.016496605594714914,-0.41320267125510773,0.9097724124623441,0.03613269978761914
85.4,1225.5196282126667,1066.0082731674863,13599.17571289595,14.69272680819744,11.182835572618657,-278.73842723974616,0.016339189559085105,-0.4132004787674125,0.9097732538495434,0.03620803517104159
85.5,1226.974398865767,1067.2412575683072,13571.226202686843,14.70095697465841,11.197341377689943,-279.16497736053964,0.016329071045704562,-0.41321051349506843,0.9097941028920453,0.03556857206558564
85.60000000000001,1228.4295460052615,1068.4744745249388,13543.235748527262,14.709506293951902,11.201863022841394,-279.5774795820464,0.01615365296296303,-0.41319145777499305,0.9097967358014865,0.035801930711743216
85.7,1229.8855275019416,1069.7083120464831,13515.202873174041,14.72519671590667,11.21118734076861,-279.9948612990316,0.015964606466732933,-0.41316149649175443,0.9098071409607629,0.03596769959086623
85.80000000000001,1231.3423509802806,1070.9422929824696,13487.129899842486,14.742478513207693,11.219911361888288,-280.4065367350998,0.015815742432709116,-0.4131477883989375,0.9098238088486902,0.03576875849719997
85.9,1232.7996366379589,1072.1758788171999,13459.015534470203,14.757689869450557,11.22251893028713,-280.81073742493766,0.015712737386823945,-0.4131456137244043,0.9098218696890182,0.0358883989567248
86.0,1234.2572422026794,1073.4092713637453,13430.862431019437,14.766745347107127,11.216675540317572,-281.20852129004646,0.01604576843777741,-0.41313333403541574,0.9098022360921364,0.03637681714734712
86.10000000000001,1235.7155403435675,1074.6429230269487,13402.66974927685,14.776588004232233,11.203370767371638,-281.60037351662356,0.015996921427941933,-0.4131147184188596,0.9098126010580682,0.0363505004984405
86.2,1237.1748170721942,1075.7520624978433,13374.4376793343,14.78974315328261,11.213016222364107,-281.9864530010859,0.015869240705138055,-0.41308806612902177,0.9098193451165771,0.03654006120506761
86.30000000000001,1238.6349319907636,1076.85121601679,13346.168929103227,14.802224984639821,11.232751763755099,-282.3665758394819,0.01594242351740304,-0.4130743642855946,0.9098189226170843,0.03667337931431659
86.4,1240.095563002677,1077.9497298845163,13317.86183213742,14.811856006597171,11.234906894104286,-282.73906777751887,0.015923271246925105,-0.41306802548496996,0.9098057512063995,0.03707763242851719
86.5,1241.5567980904718,1079.0478295932198,13289.549883476933,14.823078188357233,11.232879037198062,-283.1078940713576,0.016175805932789816,-0.4130528765902497,0.9097924683377374,0.03746103307267307
86.60000000000001,1243.0190207315723,1080.1458510245652,13261.20963555957,14.86180131011106,11.2361813904783,-283.47089913166025,0.016591897412033946,-0.41303251939182256,0.9097953644913964,0.037433161970097245
86.7,1244.4197029015795,1081.2437223805648,13232.833566477158,14.903438621079987,11.24108205638954,-283.82823550138863,0.016547638681044814,-0.4130179007229137,0.9098028710418739,0.03743160670452933
86.80000000000001,1245.8030507609733,1082.3410338199374,13204.422384123678,14.93924142147656,11.241114793917358,-284.1813865459334,0.016459522533412815,-0.4130127426849458,0.9098005855323461,0.03758261649793537
86.9,1247.1878218937104,1083.4376705434083,13175.976146277471,14.986747581266076,11.233961863394326,-284.52920341049213,0.016181125937794524,-0.41301072349917217,0.9098026774436014,0.037674945979121785
87.0,1248.574107802652,1084.533931976446,13147.495467022523,15.002322416758117,11.220932147397892,-284.87112532460867,0.01648015284697374,-0.4129851261214291,0.9097775970564312,0.03842413380720103
87.10000000000001,1249.9620972894352,1085.629976247276,13118.995999012448,15.007752688842928,11.238480154689416,-285.20727244471146,0.016666344603332574,-0.4129612643650318,0.9097698162203045,0.03878283880881706
87.2,1251.3666960252635,1086.725554936696,13090.49895237557,15.009775846827829,11.240289694996058,-285.5376074171124,0.01647998578288258,-0.41294683873069304,0.9097659507017285,0.03910541387970355
87.30000000000001,1253.268213534982,1087.8203929932583,13061.97004104918,15.012118139419133,11.237151915790692,-285.85299865102525,0.016530923656703864,-0.4129318305524317,0.9097430847496558,0.039768726781913656
87.4,1255.0200156076255,1088.7461846223155,13033.408459794133,15.01469280073814,11.23220187336707,-286.1609948668262,0.016879819752553798,-0.41291093571920523,0.9097236116343201,0.04028127708526942
87.5,1256.623852314534,1089.6437954569933,13004.8154469103,15.04238107922974,11.230794629622563,-286.47262538487126,0.016676624604081022,-0.41287555564902506,0.9097195536174321,0.040816657205403714
87.60000000000001,1258.2313986169725,1090.5403667437715,12976.191559061228,15.066296708274002,11.231660919891409,-286.7795368784061,0.015947794689106995,-0.41284281553605684,0.9097315413484683,0.04117037989326427
87.7,1259.8415941683472,1091.4360123010372,12947.529033642706,15.078396130112557,11.22961504261171,-287.0813428602254,0.01579621226518995,-0.41281527348148817,0.9097141699985098,0.04188267616090907
87.80000000000001,1261.4540255142604,1092.3305469590457,12918.77622882326,15.097080299250065,11.223479651105539,-287.37527992891137,0.015821540105847808,-0.4127988103461655,0.9096981015764573,0.0423814232141741
87.9,1263.069973425737,1093.2239142415128,12889.994489189012,15.1315165438142,11.216297629509919,-287.66646342100876,0.015680393804001186,-0.41277006788409937,0.9096879121834284,0.04292899645300855
88.0,1264.6903139715942,1094.1161558455965,12861.184278833476,15.14995218249183,11.20821641454804,-287.93236495857366,0.015949911419813202,-0.4127228961348107,0.9096699495385427,0.04365769391916384
88.10000000000001,1266.314498800182,1095.0074275559348,12832.344819404061,15.165851141159079,11.192681792764128,-288.18965238645524,0.01598223408828461,-0.41268827468594393,0.9096613899701199,0.044148745485184944
88.2,1267.9419640109759,1095.8976905967131,12803.4778511802,15.18481701509964,11.177550831281009,-288.4549646626479,0.015928785497916428,-0.4126697169465761,0.9096506335039137,0.04456123285685103
88.30000000000001,1269.5733540213664,1096.7867491069296,12774.583678951829,15.20674912001701,11.164202574697324,-288.7285857576772,0.015786414050760093,-0.4126448620717439,0.9096331601584265,0.04519425712857405
88.4,1271.2095505125435,1097.6746787974314,12745.661877436876,15.227369881196191,11.15081722916073,-289.00260952932615,0.01568463013905302,-0.41260894745422955,0.9096283442232147,0.04565220962721074
88.5,1272.8506852580622,1098.561567155675,12716.739395149103,15.287938106818542,11.135682676944135,-289.2723031588414,0.015808491203374096,-0.4125677622159932,0.9096150917038258,0.0462419520630459
88.60000000000001,1274.49611115897,1099.4474614195651,12687.805426565044,15.355896169416665,11.127489310096031,-289.5376127612407,0.016058518461528115,-0.4125417957327561,0.9096017170451178,0.04664876318818093
88.7,1276.146077518512,1100.3322337751674,12658.824605137139,15.425735988629933,11.119939447214236,-289.7985085165676,0.01606287502830872,-0.412520706941957,0.9095872318025013,0.047113884702873005
88.80000000000001,1277.801550943348,1101.2157965400006,12629.815055873558,15.488542464251978,11.109348748839325,-290.0408397989764,0.016207827676963268,-0.41248823107843335,0.9095760727408885,0.04756189063778576
88.9,1279.4627600124684,1102.0983229133271,12600.779798403984,15.547247003367843,11.075459663471685,-290.26646115529684,0.016427871825596276,-0.41244987712737363,0.9095702682276556,0.04792860358039649
89.0,1281.129284230772,1102.9798248675547,12571.80251027936,15.602164006213691,11.052341946005402,-290.50683841585476,0.01652391979780395,-0.41241648297402766,0.9095521622129091,0.04852286945009656
89.10000000000001,1282.8011115428276,1103.8602358067144,12542.809745095232,15.660632944705583,11.039025048240667,-290.7457385234402,0.01644496039608529,-0.41239376460071325,0.9095365351536512,0.049033023736192234
89.2,1284.4790554567442,1104.739469630639,12513.793066511766,15.722025481843092,11.02682034814314,-290.9319267097396,0.016800914263277934,-0.4123641018890547,0.9095217974632862,0.04943355836174505
89.30000000000001,1286.073072914808,1105.6175817222118,12484.75270409389,15.776335000393354,11.012799886646379,-291.1376380623097,0.017000313249643864,-0.4123240119367578,0.9095078318831478,0.049954001571504925
89.4,1287.5756491620295,1106.4947082601984,12455.63188821433,15.823031814788447,11.050813615792844,-291.36565592954975,0.017203555661051636,-0.4122896997905407,0.9094845862374447,0.05058684133000271
89.5,1289.0828224250877,1107.3707285956837,12426.420920006114,15.847087846341722,11.060859955110617,-291.5741841573271,0.017223708148061758,-0.41227864139756576,0.9094655748622265,0.05101013492951944
89.60000000000001,1290.5953600687,1108.2455795465096,12397.179667306733,15.873514777727246,11.044785027194205,-291.7827409703436,0.01693764678164594,-0.4122665983568456,0.9094537700802118,0.05141213949705753
89.7,1292.1137309153767,1109.119312510204,12367.916806022455,15.95419158692934,11.029546493898842,-291.99467025235134,0.01731277561328218,-0.4122368510610706,0.9094499778304563,0.05159248251440551
89.80000000000001,1293.6376310521025,1109.9920218936,12338.632906422736,16.03867170079857,11.012403997210585,-292.17164434483095,0.017545791090970545,-0.4122055589045422,0.9094381480855602,0.051970926775388435
89.9,1295.166043570569,1110.8636730565233,12309.328966864749,16.113485641549108,10.993015012881308,-292.37643580893376,0.017349778088650812,-0.41220553714097435,0.9094499484239893,0.05183021958470377
90.0,1296.6995699833763,1111.7342041938373,12280.005285450488,16.204794979357672,10.975861991905703,-292.5733718688805,0.0173079842181028,-0.4122009437936132,0.9094512189528479,0.051858422297052
90.10000000000001,1298.166005331059,1112.603664773538,12250.661300835458,16.245141527042723,10.961453166987244,-292.7592053968366,0.017020976430744347,-0.41217947485010165,0.9094594155729234,0.05198017217550354
90.2,1299.6254842067087,1113.4722795957075,12221.314390501171,16.284042080923776,10.951506236400842,-292.95663231473253,0.016453826542793402,-0.41214854213412033,0.9094447881848634,0.052659548537826645
90.30000000000001,1301.0886897763708,1114.3399331805151,12191.979469927795,16.32078916331378,10.93231505164012,-293.13996466171983,0.01599225655610144,-0.4121766634239239,0.909434917091733,0.05275203724329538
90.4,1302.5558903774129,1115.2064288206934,12162.625814402258,16.355415374181334,10.90728651402071,-293.3209852411895,0.015638146293248452,-0.4122510755681735,0.9094285722073921,0.052384836796722255
90.5,1304.0284605549957,1116.0718723721936,12133.309362797987,16.39134354634627,10.89075378723299,-293.5057750706891,0.015439224270562968,-0.412288632115811,0.909433354667588,0.05206426413629449
90.60000000000001,1305.506573658925,1116.9365187253945,12103.960561823276,16.43053503497941,10.88177264783028,-293.6476595909821,0.01523437042899511,-0.41227788950887867,0.9094321609379546,0.052230263559158926
90.7,1306.9888712101651,1117.8003283214837,12074.5530164927,16.471515101252606,10.8664307069184,-293.81554684962146,0.014721706166933874,-0.412297297589773,0.9094206469178588,0.05242419982420134
90.80000000000001,1308.4106423497792,1118.6631093420042,12045.128476092943,16.510299556060012,10.851071173616832,-293.9926340709246,0.014511588384775459,-0.41235731694489697,0.9093956192749169,0.052444872086286724
90.9,1309.3159969763794,1119.5249575013238,12015.707123066366,16.557799155146206,10.844597837002546,-294.1481987192272,0.014553167602231992,-0.41239178011439764,0.9093705313934135,0.052597163802628334
91.0,1310.217840532758,1120.3860681297595,11986.28232188638,16.605473881649566,10.844007151519515,-294.30741040638236,0.014679562513739641,-0.41238734834604507,0.9093536271508575,0.05288824213473117
91.10000000000001,1311.1153696772067,1121.246443542795,11956.841271904455,16.666959884711684,10.843692041983388,-294.47202129308164,0.014495425919399178,-0.4123976765071519,0.9093252678860662,0.05334413016304418
91.2,1312.0086919536957,1122.1059419612654,11927.384859671653,16.731403649406563,10.837216883972788,-294.6280075737115,0.014435533749058576,-0.41244717712579965,0.9092981171114903,0.0534403935599054
91.30000000000001,1312.8983625968929,1122.9646029706905,11897.913314535042,16.874115296425963,10.828622847652595,-294.76286732381,0.014461414421362081,-0.4124814643238437,0.909271519919735,0.053621004700081194
91.4,1313.784303549497,1123.8226099439344,11868.4270841033,16.98577127946787,10.824595805771674,-294.9012138956663,0.014553922509106611,-0.41248738717517286,0.9092588348690026,0.05376532315221225
91.5,1314.6207589932546,1124.6420315256858,11838.904859535329,17.052106029391258,10.809249153427585,-295.0366523973785,0.014194187123366417,-0.4125051417970299,0.9092449661731212,0.05395947119606223
91.60000000000001,1315.38575575629,1125.3696107970375,11809.364408762793,17.06578907842635,10.821000639755324,-295.1612001171936,0.013845084200510378,-0.41255070274535,0.9092233123377007,0.054066621953462
91.7,1316.1448552346328,1126.0962220296296,11779.810558637342,17.072172680591525,10.82911742896849,-295.2974276451666,0.013820786168386608,-0.41258715873203095,0.9092047388825011,0.054106978410558025
91.80000000000001,1317.292296541726,1126.821888660109,11750.243439902875,17.109175555084512,10.832472456293702,-295.4381046207573,0.013902024385802392,-0.4125953324760324,0.9091838726992594,0.05437380767010714
91.9,1318.67704168168,1127.5466272339047,11720.663395066576,17.208963097918893,10.839912752352772,-295.56420721811764,0.013913065164038316,-0.4126098354354885,0.9091596982556385,0.05466437036458775
92.0,1320.0622800265662,1128.2704901650725,11691.070754500433,17.288005275134733,10.851664294849463,-295.68461523243036,0.013870640921943301,-0.4126464590622627,0.9091354356070771,0.054802051670726645
92.10000000000001,1321.447757552625,1128.9934960932144,11661.531471365217,17.36909051021896,10.861336383625826,-295.80956108165066,0.013889073535952222,-0.41267010941754273,0.909102153731666,0.0551701777237707
92.2,1322.8333870390404,1129.715624462237,11632.020536268345,17.44484532148754,10.86871893536705,-295.92492980391495,0.01441301984740646,-0.41267648321802475,0.9090739108036481,0.05545277047941546
92.30000000000001,1324.2193242780875,1130.4368761853686,11602.49795946065,17.504933071625796,10.882091664597487,-296.03343762124655,0.014370393232478683,-0.41270196527269876,0.9090692039541055,0.05535126087673742
92.4,1325.6055203762412,1131.157231036133,11572.964099155197,17.564280917634857,10.900951999244754,-296.1367578332101,0.014020169660668323,-0.41274306827622553,0.9090610333058189,0.05526872675908231
92.5,1326.9917657717303,1131.8767050988927,11543.419194957467,17.640155373526095,10.916797112897736,-296.23539563116685,0.013807908672465338,-0.41277647843078213,0.9090535860295551,0.05519509252806086
92.60000000000001,1328.3782221595068,1132.5953535210472,11513.86369608651,17.651741516751017,10.9292804420065,-296.3366170070853,0.013627966063207729,-0.4127960366369723,0.9090474021871631,0.05519539160616283
92.7,1329.7649411208158,1133.3131931751793,11484.297986736998,17.65340439224566,10.944561413099368,-296.43259866922045,0.013844800419736082,-0.4128204119782072,0.9090363326777228,0.05514140755655136
92.80000000000001,1331.3005694471437,1134.1881185519949,11454.715328151937,17.67128409181969,10.959857694198673,-296.5218971299595,0.014260363337355596,-0.4128400858791596,0.9090088706440839,0.05534056937854854
92.9,1333.3613707752602,1135.1855059031664,11425.04499963089,17.75906297957504,10.974360248271763,-296.60415038702644,0.014407658251639578,-0.41284023561033817,0.9090047786787105,0.055368507151383695
93.0,1335.4335024377829,1136.182372091226,11395.365620192573,17.852722992884242,10.990733129586417,-296.6876176326925,0.014400886388372421,-0.4128364701208915,0.9090076445799762,0.05535129180529801
93.10000000000001,1337.5175797769502,1137.1792998473138,11365.677400509396,17.97299109062607,10.99080160755092,-296.7810933654586,0.01465372084324033,-0.41284796734614293,0.9089823024446221,0.05561472975822054
93.2,1339.6136113066611,1138.1759386919725,11335.98084299938,18.073889597769455,10.99396139166213,-296.8565062108031,0.01455424879295548,-0.4128661095654432,0.9089623776463073,0.055831401898396193
93.30000000000001,1341.3669970564526,1139.1718303958996,11306.276253386735,18.114577319894025,10.995179621281421,-296.9365585625129,0.014453033429115613,-0.4128675927971281,0.9089620585293982,0.05585191846839981
93.4,1342.75451684855,1140.1672907263853,11276.563932678497,18.149370693352786,10.98116214563636,-297.0108497394231,0.01458158978724527,-0.4128622507068954,0.9089530613979327,0.05600420837615075
93.5,1344.1432339387932,1141.1627053339425,11246.844132732309,18.170677614612522,10.964663007355684,-297.05746503100454,0.014289783636965524,-0.4128792812683987,0.9089447021183028,0.05608947917363044
93.60000000000001,1345.5328501594877,1142.157764314079,11217.117255403333,18.22929129552507,10.962101526573775,-297.11601390227327,0.014226914286343538,-0.41289765514740745,0.9089393322515157,0.0560572169290503
93.7,1346.9232334575522,1143.152178502951,11187.38356245322,18.333007667887745,10.97284431561374,-297.1773445939815,0.014343055226477977,-0.4128998963849593,0.9089383504519482,0.056027023923741835
93.80000000000001,1348.3142069440837,1144.146242754973,11157.643412505347,18.36118919731942,10.985857797727723,-297.246993263154,0.01464544034655495,-0.4129039654291079,0.9089371858187507,0.05593763175057753
93.9,1349.706222670236,1145.1401781300158,11127.895998568367,18.424054647841068,10.987882924969577,-297.31578846357894,0.014680534255563576,-0.41291822951114227,0.9089245230293395,0.05602882371817668
94.0,1351.0990407332934,1146.1337120641324,11098.111495122906,18.500534332663282,11.00740535370306,-297.37071490519236,0.014796335973531234,-0.4129307215134465,0.9089154545113456,0.056053405093509666
94.10000000000001,1352.492424566935,1147.1266901823876,11068.321501212611,18.526272715634164,11.025936859564654,-297.42171912322664,0.014680424922951348,-0.4129374183414888,0.9089226511291665,0.05591768881020822
94.2,1353.886405682132,1148.0176646587686,11038.526152029282,18.551401290818067,11.045839824871992,-297.4536687189976,0.014604330831847404,-0.41294381879711645,0.9089241535385983,0.05586590330739116
94.30000000000001,1355.2812298693996,1148.5906549416839,11008.725877578132,18.57869730470632,11.042275930499608,-297.4872655532857,0.014869850076902206,-0.4129421395158525,0.9089187934506122,0.055895472831385275
94.4,1356.7742078620606,1149.1621838613946,10978.920932567877,18.61336569402456,11.032184656577373,-297.526858087726,0.015046612429434593,-0.41293511484146345,0.9089205257783816,0.05587189100089987
94.5,1359.1950524246865,1150.1918510962435,10949.111562609722,18.678551194147417,11.020393768115706,-297.5555419642672,0.014626812778715585,-0.41293794696852976,0.90893147038943,0.05578432070986233
94.60000000000001,1361.626750235274,1151.5258518847725,10919.2981193936,18.749973377108265,11.050163048567658,-297.5771663138739,0.01438690960365595,-0.41294344468857946,0.9089327675802195,0.05578487554659554
94.7,1364.0695240782877,1152.862931742519,10889.480864043682,18.822433662651026,11.07877508165072,-297.5953536038316,0.014375992767944658,-0.4129415056640174,0.9089316213947898,0.055820707273454534
94.80000000000001,1366.523074065796,1154.2028324295015,10859.660067242754,18.93904030847369,11.071600064456387,-297.62145529895406,0.014228502767152196,-0.41294177303941604,0.908947650531984,0.05559505715848133
94.9,1368.9869259841062,1155.5451830343004,10829.835981224218,19.087316312895872,11.08392433694075,-297.6467942197698,0.014307341118734133,-0.41294606008649565,0.9089577930781217,0.05537672662502699
95.0,1371.4616841918191,1156.8907150847936,10800.008916749342,19.11960616088566,11.13990315656872,-297.6612547184163,0.014386042739327448,-0.412945351979048,0.9089506421705073,0.055478898249917634
95.10000000000001,1373.9472270506349,1158.2397492906816,10770.17903404244,19.179715585641045,11.180149491481636,-297.6672533371503,0.01434809891972535,-0.41294530975788823,0.9089578212687577,0.05537131351796378
95.2,1376.4432806897312,1159.5056848587324,10740.346737178732,19.265626768200097,11.201928089396995,-297.6946716840362,0.01443472906183475,-0.4129456209204658,0.9089680015117327,0.055179026697551224
95.30000000000001,1378.9497537936477,1160.693659726769,10710.512266625252,19.41529370854537,11.232587500544119,-297.71407026387215,0.014582093501290814,-0.41294587410850353,0.9089684377374615,0.05513117813907131
95.4,1381.4668012157701,1161.8826849737206,10680.67592142734,19.585595630906404,11.256896135332378,-297.741239328018,0.014708067351763911,-0.4129464754215189,0.9089699579828986,0.055068109430852136
95.5,1383.9944524625762,1163.0725290667356,10650.837994750926,19.667744079322542,11.276704116560264,-297.7514864924743,0.014614437756735627,-0.4129495407291174,0.9089826357661576,0.05486039460552968
95.60000000000001,1386.4355445880026,1164.2628810567953,10620.998805846479,19.73722922804504,11.292299725441827,-297.7589113992581,0.014699661221176098,-0.4129485622473646,0.9089820164620441,0.0548552517669289
95.7,1388.8656916429436,1165.4539989274801,10591.158622665607,19.82331126414513,11.30533794836618,-297.7659274831778,0.014716175397711827,-0.41295245115513884,0.9089846385283307,0.05477804474555816
95.80000000000001,1391.3050876812897,1166.6461151587457,10561.3177257671,19.84686870192363,11.322038246889282,-297.77371755705803,0.014678389385092151,-0.41295840966702224,0.9089943999526697,0.05458092730092873
95.9,1393.7535944466765,1167.8388945995969,10531.476397995033,19.931137938460704,11.328705153280039,-297.7648102563322,0.014694953705853234,-0.41296058203265523,0.9090023289084831,0.05442776921560731
96.0,1396.1239307478043,1169.0322227318024,10501.634927084862,20.042328989370677,11.30251546659477,-297.74607970201623,0.014815616695552623,-0.41295925993536264,0.9089983026571232,0.05447231316950585
96.10000000000001,1398.4066064556637,1170.2263791954285,10471.793579959834,20.108700810443914,11.327814755473993,-297.735784872632,0.014812558789364843,-0.41296472315172245,0.9090056544767214,0.05430879913678995
96.2,1400.6961635175012,1171.42139985171,10441.952607416431,20.24238007136973,11.349287599564715,-297.7277204773378,0.01481064248247377,-0.4129676831658239,0.9090122845478052,0.05417567785536293
96.30000000000001,1402.992369250685,1172.6170010679584,10412.112295642166,20.365941121194485,11.37380394268602,-297.7096233100612,0.014979144166177558,-0.4129662776836712,0.9090095397551717,0.05418611787379217
96.4,1405.2951353322358,1173.8132225565253,10382.272901714861,20.467197057583547,11.397273233645379,-297.6921033086774,0.015048183422607731,-0.412967070107142,0.9090004738482186,0.05431288729681266
96.5,1407.6046666814398,1175.010271189923,10352.434660589386,20.56191804441125,11.421082921277428,-297.6644049887364,0.0150155064968755,-0.4129758130427812,0.9090030039316279,0.05421301734429541
96.60000000000001,1409.9208546355742,1176.208046262255,10322.597847564733,20.62647543249259,11.443554012991012,-297.6346437740275,0.015137246371209435,-0.4129790149178767,0.9090041993926388,0.05413467000273973
96.7,1412.2433917188619,1177.4063746277282,10292.762706642876,20.773381680943587,11.463496940484136,-297.603586716525,0.015406383106317551,-0.41297993056688753,0.9090019845563809,0.05408893030104461
96.80000000000001,1414.5725550967618,1178.6752962562803,10262.929474336826,20.822104784341363,11.475826616280191,-297.57229732170094,0.015535996203472895,-0.412986163987123,0.9090013359589058,0.05401511271941586
96.9,1416.9082023665671,1180.1028131172752,10233.098398665801,20.84248650442406,11.497530084643802,-297.5368140008234,0.0156717071650203,-0.4129916892163012,0.9090013239713765,0.053933804344625434
97.0,1419.2502284968862,1181.532591402837,10203.269722897945,20.91782678332173,11.514969386838281,-297.4995832927785,0.01582486075493796,-0.4129937410640919,0.9090014522346381,0.053871174660401026
97.10000000000001,1421.3792073814561,1182.9647066739967,10173.443659784278,20.973648275796823,11.49722534896172,-297.4684339807963,0.01591385892211225,-0.4129995558814659,0.9090048015162935,0.05374371364394773
97.2,1422.883253137025,1184.3992124985443,10143.620453501988,21.068701905748654,11.467837475800312,-297.42573074136124,0.01593462695436033,-0.4130062652490722,0.9090095119349461,0.053606153943639934
97.30000000000001,1424.3873469856285,1185.835741914542,10113.800340738837,21.22503611044702,11.437247043326972,-297.3874520327304,0.016059756517934613,-0.4129975232650707,0.9090181666180344,0.053489277017823626
97.4,1425.8912014209584,1187.274414027629,10083.983547148682,21.314757801622427,11.446388234368346,-297.33074832198,0.01627682341196855,-0.41298183412312206,0.9090248722332285,0.05343080913930015
97.5,1427.3947034796315,1188.7155197542083,10054.170299286048,21.403590119952106,11.457330793358123,-297.28104391530724,0.01640099616362845,-0.41298093809503406,0.9090290262457442,0.053328993406032824
97.60000000000001,1430.1191675558562,1190.1587000265704,10024.360813354886,21.477864968577645,11.462868417999964,-297.23291224398247,0.0167076464440935,-0.41297963712778296,0.90902864822215,0.053250263656762116
97.7,1432.9099925689916,1191.367956374725,9994.555397769342,21.57043599194064,11.454538380562369,-297.17630257314926,0.016848248189503087,-0.41296574408088016,0.9090339833562617,0.05322262537791137
97.80000000000001,1435.2956826349389,1192.5282440281546,9964.754193567558,21.700805109666035,11.462102499919082,-297.11600264366933,0.017024966109099586,-0.4129542955754568,0.9090380167876976,0.05318631712623175
97.9,1436.866490935725,1193.6890429692278,9934.957412124733,21.832745123473057,11.46109575033914,-297.0572398346173,0.017280808348848764,-0.4129527432075941,0.9090375254434131,0.05312422117875838
98.0,1437.3455410323663,1194.8500690148883,9905.165281749665,21.965113519179834,11.458049837221699,-296.995866865982,0.0177074652837083,-0.4129468158060812,0.9090384782061424,0.05301337689211542
98.10000000000001,1437.8165131685846,1195.240904610403,9875.378120181038,22.095719855325317,11.471800605468333,-296.9404826806566,0.017759326488499216,-0.41293875970240285,0.9090561602764295,0.052754947839901124
98.2,1438.2793909098766,1195.564000687082,9845.596020141233,22.24496296886236,11.483179063355337,-296.88953854327127,0.01800126034479968,-0.4129366735952478,0.9090697647677557,0.05245398946875009
98.30000000000001,1438.7339732351104,1195.8837493428505,9815.819176778985,22.300807940119583,11.502245247164044,-296.82320597800475,0.01830625478517966,-0.41293543180173753,0.9090718806630798,0.052321372173748375
98.4,1440.2354895265025,1196.54055595039,9786.047804753738,22.34006682717076,11.521335625437477,-296.7564801801633,0.018640254950762082,-0.4129271456113012,0.9090734060841305,0.052242278503827025
98.5,1441.8023907534853,1197.5724627833802,9756.282216318617,22.36163048229463,11.533003766784114,-296.67584146917085,0.01881938922250313,-0.4129214991350779,0.909078712493765,0.05213022762285127
98.60000000000001,1443.3688572339483,1198.6033392058214,9726.522482206034,22.421987716313314,11.542487255212043,-296.603448486316,0.01893837684000586,-0.4129215911462895,0.9090836841888318,0.051999544128218646
98.7,1444.9349763069913,1199.6329485511342,9696.768775192098,22.51299178035218,11.571331123419439,-296.53603681289445,0.01868492606920026,-0.41291772945610355,0.9090861479506004,0.05207876575864686
98.80000000000001,1446.500647635062,1200.6611107259343,9667.021307871186,22.553556330608618,11.6011854197367,-296.4631727360207,0.019039859656135284,-0.4129046220873602,0.9090780733635853,0.05219495505047173
98.9,1448.0656672262883,1201.6879978562888,9637.280388590789,22.58088942137187,11.634371811996708,-296.3867012402531,0.019442384117387135,-0.41289788756265233,0.9090757825331474,0.05213971382619043
99.0,1449.6301641072814,1202.7135280229493,9607.546055341814,22.607186145262705,11.663769245135688,-296.3063322069042,0.019438700414274958,-0.4128993842816977,0.9090856829776257,0.051956293084697375
99.10000000000001,1451.194026633085,1203.7374905020993,9577.838717628676,22.599871344215057,11.683547668682586,-296.2271262801551,0.019396391420627476,-0.41290292788344973,0.9091094072160995,0.0515270594573823
99.2,1452.7570891645928,1204.7598800674796,9548.22329501233,22.69417645114526,11.670827036247733,-296.1409684557994,0.01947751142794856,-0.41290276859759467,0.9091262796224047,0.05119900324167183
99.30000000000001,1454.0243596724108,1205.7808447857449,9518.568757596071,22.689274391670846,11.65853689023848,-296.0568997203026,0.019621925509694958,-0.4129060572733779,0.909130930943383,0.05103448156162174
99.4,1455.2113466887874,1206.525350985348,9488.873243959079,22.716401139860746,11.6723702356284,-295.96791050926106,0.019587403973100395,-0.4129146352115875,0.9091433135471513,0.050757000169260824
99.5,1456.3953035267803,1207.2584063168317,9459.185240017197,22.74166528853275,11.692391887013823,-295.889986730315,0.01995012297558975,-0.412916223967093,0.9091581146767261,0.0503359423819339
99.60000000000001,1457.5761122575857,1207.9894233522348,9429.504916241958,22.76612598826533,11.675818715131841,-295.8147016917616,0.020079092691707313,-0.41291904489707076,0.9091726035105726,0.049998694220704853
99.7,1459.437666972918,1208.718281752111,9399.832446681512,22.803377977049234,11.656167372685896,-295.73015848672856,0.02005036078790854,-0.41292557224672155,0.9091831752253181,0.049763527851235154
99.80000000000001,1461.9190528938834,1209.445118592213,9370.168016516342,22.89369706711647,11.66293407694819,-295.6472593899966,0.02003120740176123,-0.41292873639429273,0.9091983471803431,0.04946690686077686
99.9,1464.4057954194109,1210.1698779752185,9340.511971352214,22.94842753528381,11.685052074454388,-295.563717180362,0.02037034315495198,-0.41292533429644995,0.9092065905572758,0.04920460449112973
100.0,1466.8977386902118,1210.8924446247547,9310.846874499704,22.97518541288362,11.658491760768966,-295.4693271707946,0.02062827016136456,-0.41292897028446357,0.9092184526653778,0.04884613907708894
100.10000000000001,1469.3950572156768,1211.61286945768,9281.176971408728,23.054048433003807,11.620727625676096,-295.3743965822673,0.02058212567536427,-0.41293608272171717,0.9092361443986791,0.04847475021236493
100.2,1471.8975401766052,1212.3311275605442,9251.534539959039,23.13636164712024,11.584323175183796,-295.27886604960804,0.020628969577965978,-0.41293767788948144,0.9092533198489315,0.04811777360903941
100.30000000000001,1474.4051589296118,1213.0472306393604,9221.903134864011,23.238466138203282,11.549306934555583,-295.17382490420766,0.020799842096321856,-0.4129340699197029,0.9092695902255791,0.04776643967604951
100.4,1476.917755555505,1213.7610063978582,9192.280991241174,23.352816505283947,11.541391503005865,-295.0680938327138,0.020921801056964867,-0.4129293197843388,0.9092822165391402,0.04751321698900456
100.5,1479.4355160886769,1214.4726548816095,9162.668062240959,23.44741141633094,11.539729301662334,-294.95933429167064,0.021034683998314666,-0.4129278540999916,0.90929425236947,0.0472450207462471
100.60000000000001,1481.9582260689963,1215.1820733473908,9133.064498598887,23.505221767615563,11.537064206177911,-294.85011877185445,0.021265014775247542,-0.41292308590322035,0.9093017537641788,0.04703875929655077
100.7,1484.4858621434928,1215.8892143409196,9103.47075711083,23.5761291689603,11.534366925427339,-294.74774258426027,0.02149782234418803,-0.4129159878149701,0.909311650954649,0.0468033340626065
100.80000000000001,1487.0186186629107,1216.5941119145273,9073.88660014008,23.641100637967625,11.53665897766631,-294.63649052609475,0.021540117595210392,-0.4129132438552014,0.9093274602294051,0.046499961889222834
100.9,1489.5562453412979,1217.2967370141955,9044.312413262967,23.735953438587735,11.551768325318363,-294.52468749714336,0.02146289492556052,-0.4129116430219758,0.9093410939632126,0.046282761673161324
101.0,1492.098649125312,1217.9970678694701,9014.748293779166,23.79112006537218,11.543322117131114,-294.4135378848408,0.02166593039324574,-0.41290591249936076,0.9093507885793375,0.046048215963294344
101.10000000000001,1494.645822653068,1218.6951759303136,8985.194171053818,23.87943308977597,11.538349014284504,-294.30300258836286,0.02147605867235058,-0.4129078940588959,0.9093754248733699,0.04563098250232444
101.2,1497.197923890719,1219.390976938474,8955.650601944939,24.01568398170406,11.543700700810676,-294.19310067430735,0.0211766188452001,-0.4129207869700252,0.9093933032425634,0.04529673851304523
101.30000000000001,1499.754742638744,1220.0845787177595,8926.11734694461,24.146282545185855,11.547148509510295,-294.0859888883039,0.02120417605603094,-0.41293204559018787,0.9094069885310908,0.04490476426060326
101.4,1502.3162691930045,1220.942298843963,8896.594604947228,24.239347845899754,11.546791301058969,-293.9816696606229,0.02137468957879131,-0.4129328973416195,0.9094208938959072,0.04453293931501961
101.5,1504.8825837461457,1222.1518375910953,8867.082640860233,24.27973465470022,11.546832843509637,-293.8748681259582,0.021152366443480643,-0.41293077188457367,0.909422366304885,0.0446286308223147
101.60000000000001,1507.4535080414105,1223.3624494077617,8837.581279884687,24.316849713292857,11.5457219699107,-293.75630860180155,0.020985051349886735,-0.4129389197254202,0.9094256644262516,0.04456497591961891
101.7,1509.940828129309,1224.574085510035,8808.099062597536,24.363474251806704,11.54491535133365,-293.6369072110319,0.02083196866460127,-0.41295091343315926,0.9094447449083282,0.04413420595073849
101.80000000000001,1511.4960794462315,1225.7867562938404,8778.682742840538,24.41511932826152,11.540842903934712,-293.5172239594778,0.02081398509764415,-0.41295530174417305,0.9094591251161358,0.04380406977356013
101.9,1513.0264145912229,1227.0005875975044,8749.277086673119,24.469775566423678,11.545196090569775,-293.3977976879794,0.020612747363201622,-0.41296239572305143,0.9094686435886526,0.04363439805743922
102.0,1513.935353297362,1228.2155512029644,8719.882394435122,24.524644198551403,11.544124560468257,-293.2770076646238,0.020594837514199393,-0.4129705314332984,0.9094779164203677,0.043371792436205266
102.10000000000001,1514.8392489262137,1229.4161603338312,8690.498838619827,24.638075569151678,11.539067879048314,-293.16005021141245,0.02061588867242923,-0.41296566490790304,0.9094940467635173,0.04306882449220971
102.2,1515.1190799792837,1230.4719392413544,8661.126298057086,24.68991625164276,11.531611250734269,-293.04477170454106,0.020645608697243217,-0.41295565564939035,0.9095077887530401,0.04285985891551369
102.30000000000001,1516.638092185633,1231.5290678772958,8631.765072542683,24.8196381918376,11.52668582240655,-292.9317518417183,0.02065976967563145,-0.41295869068829255,0.9095148111847718,0.042674370967711636
102.4,1518.5222749159436,1232.5874541900953,8602.415189503476,24.956724147167243,11.542021574942568,-292.817778469066,0.020662707012487184,-0.41296108634954476,0.9095288364037938,0.042349609796088844
102.5,1520.0271267362916,1233.6471871459407,8573.026150382135,25.093152593025216,11.554863368632635,-292.6964132679716,0.020645008121209018,-0.41295308031161426,0.9095491415454687,0.0419987644428438
102.60000000000001,1521.5294855318027,1234.7082683178626,8543.64048898822,25.214549944998392,11.558846601530716,-292.5821711336327,0.02057719818925126,-0.41295329758513183,0.9095665936929681,0.041650504991139606
102.7,1523.0294139838797,1235.770344565266,8514.266677043339,25.19932740152219,11.561398525398214,-292.46749525631725,0.020494031746650737,-0.41295895107548036,0.9095821798114387,0.041293553478449985
102.80000000000001,1524.6844501490868,1236.833639929205,8484.904711198495,25.241982371138395,11.558346175646259,-292.3498829899666,0.020509322568434376,-0.4129540415534828,0.909600704283475,0.040925371341440336
102.9,1527.641990425536,1237.8984489034317,8455.554950028574,25.263158898538844,11.537362724060163,-292.2247167649676,0.02052806198761992,-0.4129495158510815,0.9096173712305988,0.04058982612582719
103.0,1530.6062306343204,1238.4821362712382,8426.217149146309,25.29704952816875,11.511963191327354,-292.102606873969,0.020456872357546958,-0.412955406984173,0.9096304406407669,0.04027169819572373
103.10000000000001,1533.5771399480066,1238.9245409403545,8396.891747523136,25.355195185207595,11.516651393735527,-291.9774373295895,0.020521384461930876,-0.41295465091175293,0.9096423106285524,0.039977440944437066
103.2,1536.5546450527602,1239.3661536039886,8367.578571479533,25.389515928277444,11.520846675898788,-291.8443993172694,0.020411515900389275,-0.41294958596482234,0.909660672192157,0.03966700060558053
103.30000000000001,1539.5386730513515,1239.8069985339441,8338.27561341928,25.39352345400213,11.523721632211728,-291.7068516939542,0.020389236144158017,-0.41295036782786787,0.9096715016870489,0.039421209757131044
103.4,1542.5291692448886,1240.2467635961102,8308.97058276032,25.395401800783148,11.535322089864682,-291.569512148448,0.020400528970981328,-0.41295192008899684,0.909682946624454,0.039133958823069914
103.5,1545.5261938541294,1240.685612393517,8279.678581333277,25.438865422565474,11.554660077292127,-291.4322373889302,0.02041131384743381,-0.41294586841856007,0.9096974261549315,0.038854611954770704
103.60000000000001,1548.0438388362982,1241.1236239250898,8250.39943385909,25.488372063483087,11.561763454575786,-291.2971456367991,0.020367052656087032,-0.41294366330323506,0.9097108918022457,0.038585067580236915
103.7,1550.2287124230295,1241.5605744021325,8221.133291377613,25.5485469854585,11.563040907869022,-291.16180381287467,0.020385757275414022,-0.4129462927770512,0.909722882735626,0.038262995298071166
103.80000000000001,1550.957450001575,1241.9964551194896,8191.880586886332,25.60749160346946,11.579331409864626,-291.02737040069843,0.0204211089774485,-0.41294374102744846,0.9097371374408931,0.03793133025924922
103.9,1553.8907973955934,1243.5794654732958,8162.640914128464,25.67079881957518,11.586546928733945,-290.8981950672219,0.02033393837403513,-0.41294036149941177,0.9097510765585569,0.03767980222191962
104.0,1556.8291531775035,1245.1154731116285,8133.414679771419,25.751337958683248,11.587868825203552,-290.7688049814039,0.020300982949440004,-0.41294324869327054,0.9097656843008132,0.037311434153719895
104.10000000000001,1559.460845034457,1247.3719625622257,8104.201898551364,25.820965811402214,11.592401881714915,-290.6422900919577,0.02013794033473347,-0.4129491242659153,0.909791500801473,0.036700261531653205
104.2,1562.082115767612,1249.6328382661795,8075.002293481975,25.890088163981215,11.629597520864314,-290.51512740041596,0.020060869480324043,-0.4129488901941026,0.9098116872509804,0.036241817623794234
104.30000000000001,1564.3776863965575,1251.1556571679253,8045.816624720155,25.94986643177412,11.666782584808239,-290.3875748937199,0.01987547898279494,-0.41295787891487595,0.9098431843242368,0.03544200214525024
104.4,1566.1309788591195,1252.03785618656,8016.644242360158,26.004904719830687,11.705017751087889,-290.2582746809467,0.019681120734709127,-0.4129641046016956,0.9098658610012579,0.03489150013377759
104.5,1567.8834557324615,1254.1267439086682,7987.485336713654,26.03686527078641,11.741741555794523,-290.1270468415669,0.019579702148086527,-0.4129639066614697,0.9098824648862226,0.03451589708034467
104.60000000000001,1569.6352775988273,1256.0413549009306,7958.396705613925,26.116227119247842,11.775457559020508,-289.99218189276024,0.019700188285770158,-0.41296808452576034,0.9099058503271207,0.03377287795124016
104.7,1571.3862831801416,1257.8313037632518,7929.376085733473,26.177497573077964,11.78074113214623,-289.8572918812854,0.019713163696952526,-0.41297135851477496,0.9099175207312649,0.03340888638949971
104.80000000000001,1573.1362674792974,1259.6245052456286,7900.368464246131,26.210415734820597,11.778738468003304,-289.71556250307174,0.01967403218138341,-0.4129771466551258,0.9099390321955266,0.03276837630070846
104.9,1574.7214366184348,1261.4208552934297,7871.3738373413735,26.231784811936027,11.759006905838193,-289.57545596761554,0.019609704557785237,-0.41297949578222815,0.9099582017277669,0.032240760831313935
105.0,1576.2237837429202,1263.2203544685497,7842.392225277859,26.255805590086705,11.718744670916257,-289.44292721015387,0.01947029290166525,-0.4129877974118329,0.9099837540651874,0.03148895394697124
105.10000000000001,1578.4796080761616,1265.0230854048384,7813.423628856125,26.307565476561994,11.708631373748574,-289.31136001957947,0.019410223388989012,-0.4129933373998614,0.9100027898350103,0.03089771810039889
105.2,1580.9270331124562,1266.8290109699574,7784.468265509532,26.3403629115792,11.729487190979091,-289.1769410862548,0.019485431887988097,-0.41299624863658496,0.9100226108656791,0.030220262564367016
105.30000000000001,1583.376163188355,1268.6286848304464,7755.501054757118,26.388337671232573,11.723662735663291,-289.03602661501395,0.01965629801909141,-0.412997321314475,0.9100343473022129,0.029737674177523394
105.4,1585.8268797464182,1269.8556912088764,7726.496458958702,26.438728700983525,11.731262254851536,-288.8976954262311,0.01925760629687208,-0.4130107810350293,0.9100588429300588,0.029054117666041414
105.5,1588.279017551926,1270.901065486596,7697.505710728889,26.485431003122752,11.749010155825585,-288.76066061936666,0.01915146647786036,-0.41302839453294143,0.9100754248630147,0.028345858633873632
105.60000000000001,1590.7326119059114,1271.9451106790877,7668.528775501504,26.529550926789284,11.75558283816108,-288.6104027683387,0.018939375807269992,-0.41304062674582753,0.9100937499110658,0.02771474470853794
105.7,1593.1876293958412,1272.9878585243914,7639.565774256124,26.574955592777183,11.762169995902694,-288.4581165903006,0.018555892456304922,-0.41305056367716214,0.9101129083142436,0.02719199920781225
105.80000000000001,1595.6438805684288,1274.0292461660072,7610.616798102691,26.61621587470004,11.76251536003506,-288.31435924436516,0.018455945719982023,-0.41306557376700803,0.91012509306396,0.0266181293751394
105.9,1598.1013203121263,1275.0692626135947,7581.682021708618,26.654338740497483,11.757234323666571,-288.1649925866501,0.01819932287580263,-0.41308042675671297,0.9101417563920333,0.025987091968494146
106.0,1600.4147912602748,1276.1081686940986,7552.761509954482,26.693904970458075,11.757346286214581,-288.0088337804965,0.018070545631685288,-0.41308914857386153,0.9101556577883029,0.0254458111884233
106.10000000000001,1602.3094638322268,1277.1459241448763,7523.832055437203,26.731400587194297,11.749356549282723,-287.8475749398631,0.0179961651162219,-0.4131057528885288,0.910173467722555,0.02457709554464145
106.2,1604.2038790551194,1278.1823110243563,7494.915211797884,26.765895333761225,11.682794351374463,-287.6856397228187,0.017865455387475675,-0.4131230636695456,0.9101910141589478,0.02371660836613788
106.30000000000001,1606.0981329946048,1279.2179125426442,7466.013046708417,26.813735557188284,11.632784404638931,-287.5219433482249,0.017649961021750593,-0.413136653829219,0.9102027906893866,0.023183268966637312
106.4,1607.9920700203584,1280.2529150691244,7437.126087136162,26.8618682391345,11.632492116456122,-287.3625247036169,0.017468602051736722,-0.4131551980676679,0.9102093805962398,0.022726938347118385
106.5,1609.8855884829507,1281.2865867203748,7408.254311173271,26.917828603153794,11.638334881624342,-287.19950589463605,0.01719331278676969,-0.41317884046183445,0.9102327446998325,0.02154034043926912
106.60000000000001,1611.901516655842,1282.3194022706807,7379.397706024395,26.9367896229516,11.651151376739834,-287.02859699904076,0.017114038310330544,-0.41319332137751996,0.9102465834828645,0.02072549443315584
106.7,1615.315034426682,1284.0818601920741,7350.556707594116,26.94904696327839,11.662722511038549,-286.86380034584636,0.016953390959622824,-0.4132117645214076,0.9102576786831862,0.019989462083119514
106.80000000000001,1618.732702898868,1285.9687869055845,7321.73128658388,26.96473890195312,11.676872967691741,-286.6894769271853,0.01672043363390989,-0.4132317618728014,0.9102713559533088,0.01913103785786186
106.9,1622.1546577361207,1287.65365815829,7292.921888204318,26.972999899633685,11.693894700508814,-286.51203181232734,0.016719199522931247,-0.413244508728192,0.9102806854633841,0.018398859899982807
107.0,1625.5134711459677,1288.6881486556936,7264.1286402040705,26.99852261001134,11.708105221400643,-286.3327765582756,0.016440636195378118,-0.4132608604847742,0.9102866233595497,0.017984159850955812
107.10000000000001,1627.46698238439,1288.7944438753593,7235.351513074833,27.01917198306189,11.724708962447028,-286.1519727030026,0.016641525295381272,-0.4132795331088309,0.9102900234326304,0.017180232484199576
107.2,1628.4603137037416,1289.769937202299,7206.590845644538,27.036469781756214,11.739089953467431,-285.971518971181,0.016396648871033415,-0.4132962162098626,0.9103026005421664,0.01632675774854566
107.30000000000001,1629.2593101105997,1291.3397837315144,7177.8469546623155,27.056295284553624,11.741249155829811,-285.7886153612956,0.016334052152787045,-0.413307129434442,0.910300816956527,0.016212283836987536
107.4,1630.0556491064672,1292.8245416981763,7149.119831520953,27.072766691728457,11.745035922791201,-285.611864763541,0.01627768851414735,-0.41332094437522515,0.910297499219477,0.016102692699504855
107.5,1630.849039333332,1294.3119464242652,7120.409955164184,27.08527092719832,11.762612867911544,-285.4408893658512,0.015983109995986174,-0.4133370722140566,0.9103047557977418,0.015564591237208802
107.60000000000001,1631.6396883007778,1295.802123086999,7091.717209165321,27.099285766887167,11.7956471240124,-285.2683211888028,0.016001954210272746,-0.41334915198694017,0.910305596751944,0.01517025165304356
107.7,1632.341563201668,1297.2949227903991,7063.042122929834,27.112203387605252,11.825042523157766,-285.07993144368004,0.01583179001321995,-0.4133633477858607,0.9103068515222706,0.0148839915296191
107.80000000000001,1633.8741753178801,1298.7909545913437,7034.384437734258,27.12051361542267,11.850712272676352,-284.8849779488361,0.015659798697081208,-0.41337737473092556,0.9103092802402439,0.014523466315721842
107.9,1635.4054240696728,1300.290184221795,7005.744775330543,27.128207647294523,11.882671657630151,-284.6884295210219,0.015772356365664764,-0.4133891840908856,0.9103089304677694,0.014080708859008025
108.0,1636.9353960000615,1301.792409318888,6977.122916943692,27.137226858355902,11.903847134720655,-284.49824170407,0.01584819830010213,-0.4134007672215378,0.9103058745858487,0.013851172000148973
108.10000000000001,1638.4639518979495,1303.2981128456106,6948.519681994175,27.147067211052057,11.922645213628469,-284.3084973581449,0.01606450492052357,-0.41341192239602226,0.9103013002549477,0.013566755567759749
108.2,1639.991136285399,1304.8075579021008,6919.934597878943,27.150673843200146,11.944979346000927,-284.11818088166643,0.016195864289060002,-0.4134234232241235,0.9102999296652002,0.013145537688107065
108.30000000000001,1641.5169292091728,1306.2990569318965,6891.3682723883485,27.177380149340873,11.988516775339203,-283.92427164321975,0.016278504546761757,-0.41343471042030544,0.9102974303756914,0.012858412064186973
108.4,1643.4122474269393,1307.5849177150992,6862.820777172095,27.197158986963952,12.037686809391916,-283.7324869767722,0.01607924060992739,-0.41344671776292824,0.9102941246726285,0.012956704016161145
108.5,1645.644785894492,1308.8732411951728,6834.292225316139,27.212610904795547,12.08848164807803,-283.5387917541048,0.016244165715902682,-0.4134353051509188,0.9102941820387664,0.0131102128637943
108.60000000000001,1647.875913488236,1309.4894288789994,6805.782784327914,27.230628008753172,12.137592757752206,-283.33659565835217,0.01629019903684545,-0.41340737758456614,0.9103088438558984,0.012914270081171847
108.7,1650.1057989497701,1309.9609781207864,6777.2926503661765,27.24048789396481,12.18091815952429,-283.12729054959544,0.01634932553127718,-0.41340331483352544,0.9103110491299076,0.01281376881843657
108.80000000000001,1652.3319519683782,1310.9830085591022,6748.822327154792,27.22005108944994,12.221643995533892,-282.9243215895971,0.016521261910522306,-0.4133951101511996,0.9103096030539172,0.012959837799189343
108.9,1654.5067244632169,1312.4647548060143,6720.3717266373915,27.195668675750273,12.261486609940386,-282.723934380108,0.016572946511665198,-0.4133719858307307,0.9103212803362087,0.012810360702390541
109.0,1655.601785100604,1313.8835698283794,6691.9408411022105,27.166430097530437,12.302583274279606,-282.51403338078137,0.016553656770454842,-0.4133612078870856,0.9103253659976474,0.012892489399066362
109.10000000000001,1656.256683781485,1314.2609074438474,6663.529945377002,27.158456747190744,12.343120123773039,-282.29855810621893,0.01669982923279083,-0.41335465723566583,0.9103292327806368,0.012638472621238177
109.2,1656.9097062538506,1314.6179636264287,6635.13920593728,27.139665130836057,12.37898211768785,-282.0828890960773,0.01689976563137481,-0.41333169898415695,0.9103297122126767,0.013081269023303237
109.30000000000001,1657.5603581943694,1314.970035854079,6606.768888301841,27.1273786135598,12.415340027556761,-281.86793081157566,0.01675883201151742,-0.41331935723600444,0.9103360152824325,0.013213241968900976
109.4,1658.2082827823963,1315.3171910290537,6578.41903211609,27.118167582423073,12.450015156138926,-281.65699120829845,0.016698035898485626,-0.4133143335846805,0.9103388629381961,0.013251108443313816
109.5,1659.707900431787,1315.6587956927028,6550.090047118707,27.107389245506862,12.474173680226865,-281.4443540094602,0.01676660338269304,-0.41330241068782386,0.9103481579217347,0.012893009700812842
109.60000000000001,1661.1916035696422,1315.995398813991,6521.781619194323,27.102001691752864,12.46783087770064,-281.2216734850912,0.01666203376163126,-0.41329097801204884,0.9103564713748933,0.012807776958684717
109.7,1662.2056220303068,1316.3271947358644,6493.494507532782,27.086649955566738,12.476391394147353,-280.9976028211273,0.016443770379454437,-0.4132854731941101,0.9103611506154097,0.01293427665607848
109.80000000000001,1663.217186018788,1316.6535888509434,6465.228282448155,27.06479463474701,12.485310644386137,-280.7721151608692,0.01667491717670046,-0.4132725062167068,0.9103628313418082,0.012934374891690283
109.9,1665.8798746723894,1316.9751015214706,6436.989400322405,27.04232880664245,12.494583095781332,-280.5452224128109,0.016262276450106618,-0.4132620596809763,0.91037828696685,0.012703661369909431
110.0,1668.1647219842928,1317.542293970025,6408.871134389268,27.01926064215383,12.53925779260223,-280.3173404402567,0.01591478457628237,-0.4132439483606743,0.9103965306932942,0.012422386114787423
110.10000000000001,1670.7345573087612,1318.6846303534114,6380.773718538161,27.001610582257523,12.587176729692883,-280.0877947522674,0.0156693454603036,-0.4132235309502489,0.9104112112716802,0.012337401374947479
110.2,1674.1788324870167,1319.7925702972184,6352.69747945041,26.998004002715735,12.624811298347037,-279.8570936979076,0.015267217058797338,-0.4132104429817274,0.910421307261219,0.012533362633282733
110.30000000000001,1677.6218179917837,1320.8491578435041,6324.642351595957,26.994680502843778,12.646608380435962,-279.625060528793,0.014997209434573871,-0.41319678158635764,0.9104390852211157,0.01200731017294604
110.4,1681.0634703194678,1321.6577465590249,6296.60031667269,26.97999245509764,12.6613682807497,-279.3928886914496,0.014819587051639304,-0.41317957581557263,0.910453347529786,0.011735413937694502
110.5,1684.5038702249128,1322.4666536713655,6268.509085299312,26.96017788408118,12.698334604681845,-279.1636780406733,0.014499512908469977,-0.41316800102296247,0.910466119180775,0.011550449342132054
110.60000000000001,1687.94232002501,1323.2758075655092,6240.423239291187,26.936262958981622,12.738150796292171,-278.9331169616802,0.01469383546620882,-0.41315328202983687,0.9104748144663957,0.011138625123808496
110.7,1691.3787927638848,1324.0849569740724,6212.350083472232,26.911210792250564,12.77327144068917,-278.6994660294816,0.01430951542930636,-0.41314051361722487,0.9104907497827154,0.010805014409190369
110.80000000000001,1694.8135623135527,1324.8939928193113,6184.299420107775,26.888021212256888,12.78615681950205,-278.460870471854,0.014227830895262304,-0.41313252583853455,0.9105028187512677,0.010183416336601999
110.9,1698.246011677497,1325.7022360327505,6156.272048905165,26.864119947126706,12.784183478168284,-278.22105972657454,0.01430634282166624,-0.41312754196646734,0.9105105699840612,0.009563711157992243
111.0,1701.6760192511547,1326.5104750534933,6128.267405534489,26.85124230759444,12.785252828569972,-277.9832802251952,0.01381836253223542,-0.4131247673177611,0.9105315048519182,0.008328154517945389
111.10000000000001,1705.1037680057605,1327.3186600205718,6100.285824761468,26.840631768154783,12.786327985659133,-277.7461198429082,0.013622386949350673,-0.413118375521141,0.9105428718870059,0.007701742422297901
111.2,1708.5288294050747,1328.12577047299,6072.32774249142,26.83281174036812,12.780441552228282,-277.5105491862762,0.013457802696679929,-0.41311410164724766,0.9105511534509108,0.0072265839772901515
111.30000000000001,1711.9509693836249,1328.932274118432,6044.393223283465,26.820393521748105,12.791133112656622,-277.2747907788754,0.01321543359605799,-0.4131082088597947,0.9105592282723927,0.006989413101609298
111.4,1714.892344791787,1329.738282005176,6016.482052470807,26.81851103804566,12.799766167466641,-277.03771394245365,0.013449784651874025,-0.4131008363243861,0.9105640338582895,0.006320013024570757
111.5,1717.2620695279577,1330.5429711943832,5988.594689652058,26.820860218318362,12.812230983774715,-276.7955056592079,0.013611874140434676,-0.4130944386237389,0.9105662054583118,0.0060734782270664
111.60000000000001,1718.6829310381413,1331.3464724893431,5960.7311259020935,26.822028417114588,12.823544489672194,-276.54694021675755,0.013760984538690768,-0.4130896666626626,0.9105704928063791,0.005379612570055059
111.7,1720.1005065798583,1332.148999590106,5932.891510889186,26.828955794956272,12.827099579582669,-276.2973636656212,0.01395572228284368,-0.41308350237147706,0.9105735530631128,0.004802327154257912
111.80000000000001,1721.5145119683252,1332.9498915558627,5905.076264769133,26.82979985609939,12.83378246233563,-276.0465850814853,0.01461684936916946,-0.4130743473639379,0.9105688301402443,0.004509638721982927
111.9,1722.766833768631,1333.7491421040756,5877.285080559504,26.828166571342148,12.824075222270443,-275.79828382173605,0.01487836298136387,-0.4130696475990216,0.9105683944799021,0.004159269371955955
112.0,1724.0022077184647,1334.5469139602783,5849.51829438774,26.81378178851869,12.794789496480169,-275.55509703331376,0.014970813595997856,-0.41306530403522523,0.9105704001546023,0.0038046951058303712
112.10000000000001,1725.2346524857646,1335.3427084330244,5821.776093495915,26.79412068576184,12.77200303171864,-275.31067060390495,0.015105740463900322,-0.4130603486684651,0.9105731464445763,0.0030838185658871834
112.2,1726.4645251862166,1336.1364294617977,5794.058399521417,26.774674034904596,12.777781776180584,-275.0558740586532,0.015386380524779924,-0.41305506586966545,0.9105717775102948,0.0027946118684547424
112.30000000000001,1727.6912423081212,1336.928292271524,5766.365877543155,26.769049604550787,12.782621330404185,-274.80006059342156,0.01558109035934794,-0.41304487452903865,0.9105736532429654,0.0026044708223784533
112.4,1731.0654361178567,1337.717820510843,5738.698183167097,26.75572417606281,12.777038460272848,-274.5433200571452,0.0159676029055722,-0.41303445924902865,0.9105730827394122,0.0020572118889334167
112.5,1735.4348429018116,1338.517671003226,5711.055405601785,26.740254440483408,12.774028446861822,-274.2856301536072,0.016735707494553605,-0.41302624667453464,0.9105635147934815,0.0018224103666603787
112.60000000000001,1739.7955080694046,1339.5547861836,5683.437571680776,26.727832338861212,12.772098320148315,-274.02883190736804,0.016859906043382524,-0.41301848315920514,0.9105657856654901,0.0011941995086912343
112.7,1743.7885331569007,1340.3622226308614,5655.845097342033,26.707479154815214,12.76177480282655,-273.77148869534705,0.017306531741655657,-0.41300775714603016,0.9105627763309613,0.0007119387140750472
112.80000000000001,1744.7552587985658,1341.4016565924646,5628.27809902669,26.682181953801415,12.751660137495014,-273.5131736860473,0.01756633613686894,-0.41300189534532983,0.9105603804079888,0.0008074076729845642
112.9,1745.2989906919217,1342.438500786135,5600.736059835469,26.661239935002232,12.74246188091772,-273.25391958148,0.017968005227670784,-0.41299148764963,0.910557121271148,0.0009543686310663233
113.0,1748.5041878183124,1343.4723877705105,5573.220190391069,26.635151543390833,12.721129195677987,-272.9940564057209,0.018810130148909365,-0.41297734491032684,0.9105462710901784,0.0011746481896111364
113.10000000000001,1750.387094989017,1344.5031255518415,5545.729444082869,26.603715580525925,12.697693408731235,-272.7327735214463,0.019096778157475205,-0.41297034729922627,0.9105434221728932,0.0012172317926917601
113.2,1751.861272093235,1345.5308156354513,5518.2648731093905,26.573902152907564,12.67620656925366,-272.4734220180579,0.019795847913251678,-0.4129576744377692,0.910534325403273,0.0011514298725235972
113.30000000000001,1753.332258224989,1346.5552625558948,5490.825861019819,26.540239825867342,12.650027633836912,-272.21013706721686,0.020402562206509278,-0.4129452773357191,0.910525985685997,0.001537131119682978
113.4,1754.713001079888,1347.5761066575055,5463.412712696051,26.502178840795295,12.61950674239177,-271.946064823945,0.021318979828899656,-0.4129319034481548,0.9105108320461915,0.001664013308339864
113.5,1755.6260479527866,1348.5934231868946,5436.025782902795,26.468570672224764,12.591164723620395,-271.6814077620868,0.021885170446853994,-0.41291969763938086,0.9105026329675159,0.0018215309867156938
113.60000000000001,1756.536811360721,1349.5567226044143,5408.6644566955065,26.429300895145108,12.567352554940818,-271.4155492341684,0.0218893152410754,-0.4129105325234143,0.910506103281898,0.002094253069958334
113.7,1757.4455204487065,1350.370373022978,5381.3296518663155,26.383942177738437,12.539034312574682,-271.1489099052168,0.022758334815807864,-0.4128911961206885,0.9104929219307205,0.002357430062050352
113.80000000000001,1758.3522360236552,1351.1802381516698,5354.021292065892,26.343228229330208,12.501188128289636,-270.88172362320984,0.023128812290813025,-0.4128788304243896,0.9104892131959278,0.0023499113313165884
113.9,1759.256837507652,1351.9865878321086,5326.739136746143,26.29910704793206,12.472813271254681,-270.61350918090574,0.023347320064852958,-0.4128683112729045,0.9104882115724182,0.0024242071093182886
114.0,1760.1594845161603,1352.7897997093046,5299.483522200174,26.249305694769472,12.442698142243664,-270.34454100114567,0.023630351532768414,-0.412855038142589,0.9104869666883169,0.0024098666824017975
114.10000000000001,1761.0602701325442,1353.5893532726031,5272.254265780523,26.202143164261894,12.405017834281326,-270.07506291132637,0.024117551148374543,-0.412840828623906,0.9104810050081406,0.0022657155820528124
114.2,1761.959107376629,1354.385241560859,5245.051655581149,26.152196241675092,12.372398963624178,-269.80469967601715,0.02438936287737214,-0.4128289208742116,0.9104789960664841,0.002332121359802782
114.30000000000001,1762.8561247394198,1355.4055175563135,5217.8756694569765,26.095959621457872,12.32967888851456,-269.5334212023152,0.02459618474886861,-0.4128162484598524,0.910478666447604,0.002524014089885013
114.4,1763.7514020755623,1356.3131179955724,5190.726710138235,26.040806134971927,12.286367789924995,-269.2613477575243,0.025201843548554537,-0.4128003168099192,0.9104692194611697,0.0025624084672608467
114.5,1764.6448082887678,1357.140462529754,5163.604476120919,25.98268424115611,12.246297795744816,-268.9888085874868,0.025498701580812872,-0.4127879474187691,0.9104668898883955,0.0024431742558905086
114.60000000000001,1765.5360835894267,1358.1647642941607,5136.509178531721,25.92220584480674,12.20523018839125,-268.7152129416527,0.025780797392453668,-0.4127750750599702,0.9104645111566412,0.0025420108858863434
114.7,1766.425667824239,1359.1847291208674,5109.442059036258,25.861909138332337,12.160555470656808,-268.4407766262982,0.025883708484463135,-0.4127643888287892,0.9104662344439427,0.0026132139895317357
114.80000000000001,1767.3135954244694,1360.2001466791794,5082.4010746152835,25.796810699009264,12.11836185164181,-268.16589680564897,0.026112375974753563,-0.41275243394581784,0.9104652043150707,0.0025853093185896664
114.9,1768.199453940986,1361.2113413532811,5055.386640166562,25.72985870450308,12.076758162803182,-267.8901602171386,0.026442430072565252,-0.41273936732902766,0.9104615164692376,0.0026152585393371323
115.0,1769.083508421635,1362.218126979599,5028.399865599461,25.66875439025316,12.03318258147938,-267.61361978488316,0.02662937954513933,-0.41273085617748945,0.9104597183416505,0.0026865928757122026
115.10000000000001,1769.9658856826231,1363.2205081757604,5001.440318956475,25.61593630851556,11.990105790298497,-267.3366633041713,0.02673565410425208,-0.4127229967096457,0.9104602373862729,0.002662503551009147
115.2,1770.8462197503702,1364.2183830719227,4974.507699916967,25.56204881995748,11.955947662866826,-267.0589717984281,0.0271799369831239,-0.4127089907289609,0.9104527480359412,0.002886795953774957
115.30000000000001,1771.724702485709,1365.2119295707757,4947.60285466203,25.498636499727056,11.9253829201799,-266.7805782121281,0.027349289177916007,-0.41270027976260487,0.9104515650533334,0.0029057111464179178
115.4,1773.330378733573,1366.1820979409542,4920.725525020802,25.43810924232399,11.89618202569893,-266.5017975008129,0.027465724318919006,-0.41269255777624947,0.9104521663227494,0.0027091662826208263
115.5,1775.1474235437217,1366.9743078985705,4893.875572592517,25.377812283169607,11.867591459810864,-266.22236356173966,0.02766659713493634,-0.41268289998004265,0.9104505396695576,0.002682961506722332
115.60000000000001,1776.9594916291271,1367.7623972479607,4867.053260281166,25.346407889221354,11.837009559280586,-265.94231984181687,0.027896823251161648,-0.4126739276428478,0.9104479823726964,0.0025432439532143713
115.7,1778.76696895173,1368.655509555777,4840.258943028042,25.288123670606883,11.807246046943106,-265.66266172383666,0.02799664384633136,-0.4126662047614962,0.9104489797333308,0.0023338131076542016
115.80000000000001,1780.5702686737293,1369.8215530582745,4813.4922721193225,25.228830654312826,11.778086770818298,-265.3822695398286,0.028083124197357992,-0.4126582729427386,0.9104501308858483,0.002246570091025588
115.9,1782.3672260055735,1370.983924692572,4786.7532133461145,25.16330692209868,11.747307430555407,-265.10093772484794,0.028132175685634843,-0.4126514168744327,0.9104519929120117,0.0021348173837534945
116.0,1784.1628274567515,1372.1425497909277,4760.04178744736,25.097014680558566,11.717185146594739,-264.8188690299885,0.02834092825659288,-0.4126423533988231,0.910449577692406,0.002155561818873805
116.10000000000001,1785.9544138907818,1373.297487693607,4733.358974859233,25.032217997507896,11.702075595062393,-264.5361366504502,0.028663516350893165,-0.4126318072479091,0.9104445059646691,0.002048422924158009
116.2,1787.741637342052,1374.4486571748985,4706.703916059331,24.967727358371935,11.681265797883007,-264.2523087887862,0.02871032964483465,-0.41262527059627135,0.9104460675612603,0.002015216930175488
116.30000000000001,1789.5243758416364,1375.596108027387,4680.076423211716,24.901990945910107,11.649767578971323,-263.96667820386466,0.02874123066535133,-0.4126218251701005,0.9104468122818952,0.0019424363236424443
116.4,1791.3026951346528,1376.7398069180854,4653.478752096605,24.86472284318939,11.610498537080229,-263.68032261581993,0.028918672895672893,-0.41261678883581404,0.9104438905607998,0.0017372591311679004
116.5,1793.0764292789977,1377.879773857221,4626.908004529768,24.818336482439094,11.571530820375404,-263.39328927242246,0.029009219846379622,-0.4126104268160029,0.9104441302225627,0.0016082878789648318
116.60000000000001,1794.845551326812,1378.9764403181803,4600.365518660431,24.756185109385072,11.533062458109516,-263.106405641782,0.02924683508412098,-0.41260396443508823,0.9104396077421633,0.001520468449644627
116.7,1796.7076671859566,1379.6523472426209,4573.851774312737,24.692814959674468,11.498625994902662,-262.81935734875424,0.02942404923751838,-0.4126003701862428,0.9104354943473429,0.0015396366950750186
116.80000000000001,1797.338293471111,1380.2634860032676,4547.366182073122,24.625281017612455,11.463446109916784,-262.53171910532814,0.029508631908086773,-0.412596776717199,0.9104344707184836,0.0014882919892903273
116.9,1798.471930722776,1380.71527658999,4520.909384915173,24.556220118319885,11.428144387748732,-262.2451445642497,0.029574804470470152,-0.4125926475733899,0.910434269933422,0.0014416101105224233
117.0,1799.6013109301132,1381.6843194494322,4494.480533495946,24.486945178958127,11.392882624008967,-261.9579803444629,0.029918335288858237,-0.4125871217511349,0.9104256250273888,0.0013933671971310556
117.10000000000001,1800.7263058311808,1382.0958076851864,4468.081025750148,24.415299081657096,11.357403358365499,-261.66640256967617,0.030007061992484874,-0.4125838476882008,0.910424411659663,0.0012391575909574226
117.2,1801.8469191537529,1382.5052311356096,4441.709997810188,24.34554912509201,11.321878767531963,-261.37294122889,0.03002904226515125,-0.4125799026133242,0.9104252417280948,0.0013999301974207319
117.30000000000001,1803.3126399671605,1383.1512798242522,4415.367561285489,24.275493876470655,11.286393346992902,-261.07873353964004,0.030059510496540348,-0.4125782801413421,0.9104251941586485,0.0012467660197226916
117.4,1806.0723438878583,1384.2399120266336,4389.054338248765,24.20353130481232,11.25060008466961,-260.7848744170737,0.03029053743087044,-0.41257373011390874,0.9104198074481723,0.0010838671862752522
117.5,1808.8230553872602,1385.4897419362692,4362.769531814802,24.133013505954697,11.214620915010705,-260.49051252654266,0.030347026157016847,-0.4125689213691193,0.9104198814650034,0.001257997216170405
117.60000000000001,1811.5647723414409,1386.7351614202498,4336.524050976616,24.063963754443108,11.178133084368767,-260.1954510616447,0.030396404639821448,-0.41256547310237074,0.9104196681345599,0.0013479104373673699
117.7,1814.2975514923191,1387.9761685367748,4310.320162633093,23.9931136276693,11.141589975682388,-259.8996334826632,0.030448714199796136,-0.41256256792107254,0.9104195067109006,0.0011511534345994938
117.80000000000001,1817.0214188879352,1389.2126767988252,4284.135156918847,23.920319975589848,11.104355513983913,-259.60156466878664,0.030507423723517963,-0.41255766717309034,0.91041946773138,0.0013642324443037788
117.9,1819.7363343394886,1390.3403713096038,4257.979102463977,23.849035050767174,11.06767926257536,-259.3028530742929,0.030632980447248357,-0.41255350213508624,0.9104170049973467,0.0014509985028349772
118.0,1822.048048959435,1391.3576023146281,4231.852505424144,23.812566224921042,11.030396703511348,-259.0035385448836,0.0306993949174486,-0.4125516347718716,0.9104152179355418,0.0016812941857118617
118.10000000000001,1824.1456426327586,1392.3339313613237,4205.7548908045965,23.736970749128034,10.992465297960559,-258.70331552689856,0.030952212480509354,-0.4125447912442557,0.9104093890207163,0.001870866836735562
118.2,1826.2366121926973,1392.9605582432966,4179.686780616741,23.660978738113208,10.95465285674815,-258.4020214397823,0.031116716968069735,-0.41253972393369237,0.910405914970695,0.001948355258593102
118.30000000000001,1828.3208209342472,1393.1312641954414,4153.648070214395,23.584624761807763,10.916776329972643,-258.0997684195221,0.03139731798789091,-0.412535425433366,0.9103986201885725,0.0017560023980676045
118.4,1830.3983096002075,1393.2181737008082,4127.63879533909,23.509080207579768,10.89521062540714,-257.7965334716144,0.03168504751959594,-0.41252876732790295,0.9103922916466213,0.0013961378926143962
118.5,1832.4691400747213,1393.3043926788855,4101.661123573071,23.433219567415087,10.871089455485437,-257.49235222167,0.03181382851360859,-0.41252389119609567,0.9103901316138373,0.0013144458446578777
118.60000000000001,1834.5328191398376,1394.2687272300254,4075.714389707754,23.35848724106235,10.84587375525001,-257.1872940070567,0.03189672593400072,-0.41252173528436353,0.9103881901855628,0.0013266360934137563
118.7,1836.589552905907,1395.8345978591167,4049.7968946613273,23.287358309266256,10.81306147972978,-256.8813341746378,0.031885896081623885,-0.41251931843832396,0.9103897298645064,0.0012811336712388554
118.80000000000001,1838.824470621721,1396.5386216727536,4023.8990616995547,23.218409897816752,10.77193381167884,-256.57453188510794,0.03204247487452358,-0.41250994923420137,0.9103884779282762,0.001280953609068603
118.9,1841.457707341088,1397.2393777345194,3998.0268702445032,23.151138896412895,10.728443525453764,-256.2669319687611,0.03201890813302176,-0.41250175396852234,0.9103931137088302,0.001212850527674428
119.0,1844.082585361117,1397.936902755953,3972.1846061038464,23.08022839760071,10.682586613649411,-255.95852115294022,0.03216166107800487,-0.41249542932809086,0.9103910635778593,0.0011223625580486533
119.10000000000001,1846.6989129391495,1398.6314250461357,3946.378808056665,23.009274976743153,10.638471927375146,-255.64936458511445,0.03216103278494479,-0.41248873952796905,0.9103939062886343,0.0012818445126558755
119.2,1849.3068765860273,1399.2230259830178,3920.6032761047522,22.93362110383484,10.592836935471118,-255.33949685694733,0.03229854202221307,-0.41247947313023087,0.9103932904697849,0.0012430193258271222
119.30000000000001,1851.9065194900131,1399.7539200175854,3894.8579807549877,22.855694283067894,10.5449427052792,-255.02867923868652,0.03237142767415891,-0.41247352394851877,0.9103933275873087,0.0012929796341649216
119.4,1854.1942249996168,1400.2820514857683,3869.1431025878237,22.78380323946465,10.497700509969121,-254.7167888160351,0.032443787003875145,-0.4124660415291064,0.9103941551439839,0.001283569175579265
119.5,1856.4674338612867,1400.8073873103106,3843.4587583119965,22.714607962261827,10.449244430366006,-254.4033981005972,0.032507348254076356,-0.4124585760923251,0.9103953269298958,0.001242586652076499
119.60000000000001,1858.7330605097923,1401.3298709568567,3817.804899560592,22.6444090224993,10.404293392379875,-254.08908559876866,0.03244145188149782,-0.41245414419003035,0.9104002156421125,0.0007605912734253214
119.7,1860.9909585215744,1401.8497696512945,3792.1817630648693,22.573429392387826,10.363896653077731,-253.7742632986582,0.03251801134485132,-0.4124461504201312,0.9104013966378683,0.00022122750577582845
119.80000000000001,1863.24122542511,1402.3669866928394,3766.5893864141844,22.500820574694234,10.323112631572062,-253.45913432005545,0.032557566890926856,-0.4124393693875515,0.9104030708914822,0.0001411690493329712
119.9,1865.4839356279697,1402.8814193806895,3741.027792595557,22.424089040333097,10.282360560760823,-253.1432420945138,0.03248389720338064,-0.41243502385142783,0.9104076789386073,7.5184907202922e-05
120.0,1867.7190117168727,1403.3932838637193,3715.4970207389724,22.348790065824566,10.241045199116213,-252.82659469721247,0.03246031018738346,-0.41242865579942145,0.9104113923010755,-0.0001700189353097432
120.10000000000001,1869.3119646252792,1404.3428318184115,3689.997197939018,22.259257900561195,10.198972580771828,-252.50919522907756,0.032559797325621496,-0.412421457000537,0.9104110998627098,-0.00017507266969335383
120.2,1870.555652749337,1405.6246304797885,3664.5286302025393,22.183376568273285,10.15765345224101,-252.1911242303578,0.032863589605321715,-0.4124123669027584,0.9104042950868592,-0.00020878533583320482
120.30000000000001,1871.6764510748844,1406.901393677766,3639.091267420844,22.118747865996593,10.115248219643453,-251.87238417689352,0.03284348700796734,-0.412405861476921,0.9104079839030877,-0.0001167311052798394
120.4,1872.7909339333828,1408.1731395087452,3613.684953649126,22.0524727661901,10.072779811659728,-251.55299589578885,0.032835123059938374,-0.41239618696374875,0.9104126627881136,-0.00015200807823923635
120.5,1873.8994812443907,1409.439613560592,3588.3101288653265,21.98714464677529,10.03096007312657,-251.23397169383412,0.032982113724539665,-0.4123866961202038,0.9104116402174672,-0.00019594352644634316
120.60000000000001,1875.00203477294,1410.5968257704951,3562.966982771083,21.917531064219293,9.980826926099166,-250.9145183008202,0.03307086963283716,-0.41237919094258374,0.9104118070734422,-0.00024899907095297415
120.7,1876.0984086466872,1411.6724949190395,3537.655012285855,21.846730795120376,9.921237241793483,-250.59558501546616,0.032932036619124985,-0.41237221137119084,0.9104199981769697,-0.0002591763819529379
120.80000000000001,1877.1887793262154,1412.7435382061676,3512.3747119030136,21.77538034032766,9.87573345167332,-250.2750426544227,0.03291905682996853,-0.4123645857864332,0.9104239060255932,-0.000308907284534116
120.9,1878.2246580770104,1413.8101326005685,3487.1260235929362,21.704247128272492,9.831900589305672,-249.95421461861753,0.032987201857824035,-0.4123564298614424,0.9104251096546833,-0.0003727945472331622
121.0,1879.1751715737087,1414.872115473658,3461.9089560794127,21.631210825406036,9.789346571677623,-249.6331193931248,0.03317663498310485,-0.41234547087153706,0.9104231567965015,-0.000446219252373189
121.10000000000001,1880.119704514082,1415.9293336443038,3436.7237878336136,21.557127889996742,9.746238730766436,-249.31230880323673,0.03335679456492349,-0.412335299580355,0.9104210111612507,-0.0007123288975628768
121.2,1881.058526969832,1416.9818580565666,3411.570289026737,21.484341971200326,9.701326869176894,-248.99162610397045,0.033374058545921695,-0.4123295534206963,0.9104224637158366,-0.0012038079782764183
121.30000000000001,1881.9915046029648,1418.029785946778,3386.448944071596,21.411323969868324,9.655885077168728,-248.66975208369746,0.033383864733363695,-0.41232498798779177,0.9104236380383676,-0.0015560068493732327
121.4,1882.9185304292514,1419.072825581718,3361.3593059301274,21.336753135175318,9.609556739268013,-248.3472087379725,0.03349736816745726,-0.4123173921125136,0.9104231037933332,-0.0014375558087330773
121.5,1884.4118514963989,1420.1110913668201,3336.3016346437034,21.261917377530008,9.562401458225162,-248.02468927486265,0.033905189023453124,-0.41230486689656104,0.9104139818230962,-0.001231499779999593
121.60000000000001,1885.9436789364786,1421.1445629479254,3311.2763727190495,21.18535484678686,9.515264214272264,-247.70250434765376,0.03402318078417677,-0.4122949591632952,0.9104141876093684,-0.0011387789239610563
121.7,1887.1848827544231,1422.1731189446257,3286.2826089992777,21.115496129893454,9.468550796256611,-247.38019885732055,0.03408754153592178,-0.41228688452033296,0.9104155214719687,-0.001068937546321852
121.80000000000001,1888.3692185013772,1423.0069326114456,3261.3214004130386,21.03867296349455,9.421788125688817,-247.05783042910292,0.033998272867335276,-0.4122806749282987,0.9104216303307975,-0.0011034258095965065
121.9,1889.5471998251146,1423.4020200001494,3236.3921506889774,20.962275760035016,9.374687950493014,-246.7358187449186,0.034043836213644665,-0.4122721401651811,0.9104238229701749,-0.0010780667194398123
122.0,1890.7189367175902,1423.795522454929,3211.4950683089533,20.884972599195173,9.327697062479219,-246.41417959848036,0.03390159292323118,-0.4122669589746242,0.9104310934997939,-0.0013640102098972221
122.10000000000001,1891.8843846073935,1424.1875266860095,3186.6300285745724,20.812161479275172,9.281084183040468,-246.09212020233846,0.033813943884887857,-0.41226054544440377,0.9104370258226848,-0.0015105892811546125
122.2,1893.0435931513102,1424.5780178540545,3161.7970235156104,20.74122370249404,9.234021584006614,-245.76947720547747,0.03382635612193853,-0.41225242824379915,0.9104400628744902,-0.0016139862754149454
122.30000000000001,1894.1964993016538,1424.9670435100247,3136.996180600728,20.65922053063745,9.186915963734968,-245.4468261674347,0.03399444500932223,-0.41224327302489283,0.9104371718414459,-0.0020044160200637486
122.4,1895.3431420227005,1425.4493370235052,3112.2274118148284,20.584135101630338,9.140425984280395,-245.12418303374574,0.0340437367676994,-0.41223541991515117,0.9104374876514799,-0.002561958846619046
122.5,1896.4836835375806,1426.6112599029423,3087.4911047905134,20.508941377594205,9.093828544166815,-244.80156665194826,0.03401806136845529,-0.4122286310070917,0.9104411998947655,-0.0026737264128606545
122.60000000000001,1897.6178553560892,1427.7670898880708,3062.786933618708,20.429937133847567,9.046952401992188,-244.47900053489673,0.03418520984446487,-0.41222021974468975,0.9104383780019482,-0.0027967342940331233
122.7,1898.7459060117967,1428.916950714286,3038.1148985062773,20.350481823111593,9.000659850495007,-244.15647379275393,0.03424044711170793,-0.4122135546336234,0.9104392568356892,-0.002817227428015282
122.80000000000001,1899.8677825497166,1430.0607026273776,3013.4750847679456,20.26183504201741,8.954047640615999,-243.83391794572466,0.03427355178671118,-0.41220643961926284,0.9104411207180156,-0.002853154404908322
122.9,1900.9833906710128,1431.198291407278,2988.8674998139577,20.18633937524407,8.907244549248796,-243.51151014605438,0.03438930219062533,-0.4121982083647661,0.9104396553023566,-0.0031059569612270216
123.0,1902.0928129408862,1432.3298267343746,2964.2921370261424,20.104302899592167,8.859790500933375,-243.18916964237548,0.03456651449748114,-0.4121895244118229,0.9104368337269928,-0.0031183062419401614
123.10000000000001,1903.1961042971288,1433.5121454204887,2939.7493268004023,20.022031586253952,8.808896280719305,-242.8668310624626,0.03468061481725229,-0.4121814647133606,0.9104357816529496,-0.0032222024499897364
123.2,1904.2932094016178,1434.7514358241922,2915.2383079888546,19.937641126514777,8.74579497174602,-242.5446692739644,0.034656833260915086,-0.41217597807744955,0.9104385515807631,-0.0033927569534304165
123.30000000000001,1905.5759029503233,1435.983698046138,2890.759988353775,19.852726392830537,8.685146695691957,-242.22263054484515,0.03457933468365434,-0.4121711024673442,0.9104432584530588,-0.0035107037850635385
123.4,1907.2189505601882,1437.2091636718642,2866.313587413586,19.768929989573685,8.62400204903049,-241.90067037624826,0.03440689958000583,-0.41216706849915,0.9104507930487061,-0.0037183790944841635
123.5,1908.852622446038,1438.4274704630004,2841.8993922122263,19.683729693495096,8.563641933826762,-241.57893193021067,0.034448055318358366,-0.41216579506216555,0.9104496347118087,-0.003761850434348782
123.60000000000001,1910.4768140557353,1439.6388788373572,2817.517595488101,19.59772188407895,8.506020463701171,-241.25736491386775,0.034492167752271215,-0.412173264621391,0.9104448567190513,-0.003695019474940647
123.7,1912.0919443997666,1440.8433849371045,2793.168194291203,19.514302130304266,8.44553749790157,-240.93594376377325,0.034545135080999836,-0.4121723936752907,0.9104425374426267,-0.003864912579627876
123.80000000000001,1913.6975229343636,1442.0409654657685,2768.850753746001,19.435137236987654,8.3867654791292,-240.61479193961645,0.034565201870526543,-0.41216933009429235,0.9104422933645826,-0.00406455438042223
123.9,1915.2938627704953,1443.2315861846075,2744.5655850838343,19.365602585685465,8.330575870403603,-240.29402459480593,0.03466216458729994,-0.4121699041979956,0.9104376819285628,-0.004210907750497264
124.0,1916.8809924909856,1444.415433921309,2720.3128559284796,19.295574840733636,8.272552311131546,-239.97394495014893,0.03472506962774549,-0.412169276479816,0.9104353253021508,-0.00426327426050011
124.10000000000001,1918.4588828513888,1445.5925369459883,2696.0922781423205,19.227453412452974,8.215845160305406,-239.65468038508524,0.034723917278909076,-0.4121677654295761,0.9104341257814914,-0.00465675016388784
124.2,1920.0275012153618,1446.6330006259216,2671.9036150578145,19.152538742098198,8.161203257045246,-239.33605345171375,0.03460781366885541,-0.41217074935226783,0.9104364184810971,-0.004806299487567586
124.30000000000001,1921.5870517203025,1447.6383568978504,2647.746577993789,19.07322630597943,8.110803965051197,-239.0181381417746,0.03457694331807674,-0.41217154174203563,0.910437092461928,-0.004832787833381527
124.4,1923.1373521058163,1448.6380558938654,2623.6142625966536,18.998012999969045,8.06394839389399,-238.7010250114063,0.034434776760307206,-0.4121736317262749,0.9104428502914464,-0.004578188749675556
124.5,1924.6785660072817,1449.6321949653811,2599.513295874663,18.927240149263973,8.01690963119919,-238.38461023483134,0.03421802566829681,-0.4121777021752717,0.9104477348516636,-0.004857020933814621
124.60000000000001,1926.2108044735267,1450.6207100116196,2575.4450039692947,18.851721761149797,7.970514928099027,-238.0692372441824,0.03416325277286205,-0.4121795692859811,0.9104463641210436,-0.005319105373360596
124.7,1927.734014701198,1451.6036546868265,2551.4088271833452,18.779280909472902,7.923508346937739,-237.75470212763764,0.03411207105103239,-0.4121879346100913,0.9104437828644243,-0.005439799076561228
124.80000000000001,1929.2193506672309,1452.1571736238513,2527.404613480275,18.706408089578314,7.876756950828686,-237.44091338553534,0.034086479916394095,-0.41219592917155795,0.9104411278276123,-0.005438806973062908
124.9,1930.6002755843394,1452.609084634278,2503.4325879679704,18.628452968720715,7.830539738168251,-237.1278977115449,0.03388785616939842,-0.41220064274288826,0.9104453914639303,-0.005606468468005869
125.0,1931.9730377264025,1453.0588553550074,2479.49226201394,18.55048498374212,7.783908842254551,-236.8156753330333,0.033681570873396724,-0.4122082218696662,0.9104497154580826,-0.005590100969089284
125.10000000000001,1933.3377914849784,1453.8219920394258,2455.5836944418734,18.469086472381687,7.73742132773174,-236.50439177942985,0.03352701327843232,-0.41221790200605263,0.9104515292226656,-0.005509408540480478
125.2,1934.6945336126391,1454.8409904659936,2431.7070572819416,18.3858259020818,7.691663952842227,-236.19410782198753,0.033467695136042426,-0.41222261725137155,0.9104519704043041,-0.00544396873890048
125.30000000000001,1936.0433031544794,1455.8539364780866,2407.8620757873064,18.31201708493783,7.645536665933314,-235.8846963226014,0.033402888880877196,-0.41222747581839375,0.9104512814711828,-0.005587420002863931
125.4,1937.384301511075,1456.8609710677324,2384.0485831863766,18.2367335635267,7.599269274595923,-235.57622318402665,0.03331955080007742,-0.41223579485284984,0.9104495395631365,-0.005752641636068025
125.5,1938.7173988458314,1457.8620894401286,2360.2668647964288,18.16108885008136,7.553766591291247,-235.26873420362713,0.03325845964969105,-0.41224110419317966,0.9104493162764068,-0.005761021362693814
125.60000000000001,1939.8535479776815,1458.8572001735286,2336.516824973191,18.086145836286466,7.508275328841989,-234.96215564613004,0.033147798665717876,-0.4122465915377913,0.9104508455319378,-0.0057644669545429215
125.7,1940.715842996339,1459.8464149844851,2312.7970781801205,18.027986784079403,7.462719983479375,-234.65651882283024,0.03306616918944549,-0.4122542574933973,0.9104510921520529,-0.005644858974043394
125.80000000000001,1941.5730642428834,1460.8299028477948,2289.109605039344,17.971316661890476,7.417443037790402,-234.35186035035295,0.032882666560645285,-0.41225670792511965,0.9104579628793468,-0.00542538848321883
125.9,1942.424983541211,1461.807570808285,2265.452997229344,17.913369400990813,7.382667505704628,-234.04814086625686,0.03258875273578797,-0.4122599279963811,0.9104681401395742,-0.005243162626600381
126.0,1943.2718549541305,1462.7792804948224,2241.8278151905197,17.855554741009385,7.350604000157767,-233.745372116264,0.03245798126514096,-0.4122662478847988,0.9104714654073575,-0.004973025855595448
126.10000000000001,1944.1136114693338,1463.7453066848836,2218.233503081594,17.792076041498202,7.319163369065762,-233.44359258349934,0.032281161933709904,-0.4122686251025692,0.9104770941944507,-0.004895741769779115
126.2,1944.9503717242042,1464.7055927339472,2194.6700992344104,17.7256762450408,7.288376808546807,-233.1428072523118,0.032095912853960566,-0.4122708741332089,0.9104845351553051,-0.004526583981197374
126.30000000000001,1945.7819932917937,1465.6602385818453,2171.148323578526,17.656830824746873,7.257478011141791,-232.84299356893285,0.03190713950031726,-0.4122780283054281,0.910490418490883,-0.003994954542010025
126.4,1946.6087103261898,1466.6090326775384,2147.6573165152727,17.585230868785985,7.225650099665783,-232.54419273637504,0.031863722469351666,-0.41228043212579,0.9104926094709408,-0.003571634830851508
126.5,1947.4303980278878,1467.5523293147025,2124.19680492194,17.5143579248884,7.195310151046935,-232.24639003281476,0.03178873803675699,-0.4122808486713872,0.9104962621217647,-0.003245707184275679
126.60000000000001,1948.2472024642161,1468.4896617881875,2100.7668072534298,17.44251117968755,7.16570737424959,-231.9495891797638,0.031662798643659354,-0.41228594565206156,0.9104995392208837,-0.002890549842980144
126.7,1949.059121153099,1469.4216113916611,2077.3679717211094,17.369761393498873,7.125391308873844,-231.65378808045682,0.031432267257448035,-0.4122903625485889,0.9105054650284137,-0.002909927490746217
126.80000000000001,1949.8661448964344,1470.3478327295304,2053.9988746888293,17.297681784189603,7.084164190261123,-231.35899186995545,0.031240004378718586,-0.4122921728659952,0.9105113173895525,-0.0028926156667527757
126.9,1950.6684809534263,1471.2688329616424,2030.6598970864416,17.22610940753053,7.0433401657152785,-231.06522194760947,0.031034609563295196,-0.4122955485643927,0.9105167716435005,-0.0029055462718468074
127.0,1951.4659031376634,1472.1838904321357,2007.351334255254,17.15426469735856,6.999224016120066,-230.77245544600433,0.030870723978784514,-0.4122975275692303,0.910521039515587,-0.003030472039209504
127.10000000000001,1952.2585837478896,1473.0937171969806,1984.0727180710035,17.082842329694493,6.955067732932552,-230.4807008224523,0.03078208210558099,-0.41229808760058434,0.910524097284601,-0.0029357530905388357
127.2,1953.4876849328011,1473.9979164698477,1960.8240727965074,17.011945824952488,6.911134204461263,-230.18989874367918,0.03073526799979742,-0.4122996974522578,0.9105259418072029,-0.0026099957592957143
127.30000000000001,1955.130404825645,1474.896823019977,1937.6054213795946,16.939346379696648,6.867198115243959,-229.89997133936052,0.0306904644179201,-0.4123009871394701,0.9105279026774513,-0.002220325073646663
127.4,1956.7654703583644,1475.7890376210291,1914.4164879238872,16.86636690379713,6.823141164316902,-229.61091752641832,0.03064483540849297,-0.4123009521231445,0.9105299643895975,-0.0020007223228557733
127.5,1958.392946493234,1476.6749722736656,1891.2570776420805,16.793964037900913,6.779637630020399,-229.3227531441122,0.03059884829631319,-0.4123021073465353,0.9105315286111759,-0.0017372868331546106
127.60000000000001,1960.0127711397,1477.553754031008,1868.1273484026856,16.720645440529296,6.736533784135256,-229.03560544526118,0.030550016849177252,-0.41230348090940155,0.9105327193726507,-0.0016440962111233736
127.7,1961.6250735758485,1478.4262443749085,1845.027052361664,16.64785558695803,6.705614855654901,-228.74929023402473,0.030483036695485563,-0.41230382366890195,0.9105347388385419,-0.0016825070737329488
127.80000000000001,1963.229918374651,1479.2948249886845,1821.9559966785894,16.57583665403222,6.676400301984371,-228.4636355672729,0.030412064989816055,-0.4123048211467713,0.9105365415449833,-0.001745644146164074
127.9,1964.8271540786966,1480.1565074795863,1798.914398204506,16.50304957849919,6.646482431184651,-228.1789264487132,0.030302006789608635,-0.41230742111617474,0.9105390889008429,-0.0017165257570896865
128.0,1966.3621916792843,1481.014999241809,1775.9015442228879,16.430333630418282,6.613950415520868,-227.89512596801868,0.03016421419730626,-0.41231072458293444,0.910542208773,-0.0016948800964500692
128.1,1967.8875191876716,1481.8659577049814,1752.9179679412698,16.367123050441354,6.575389489990623,-227.61230111901946,0.029999115665155958,-0.41231440845053946,0.9105458916429915,-0.0017495300682810883
128.20000000000002,1969.405703221089,1482.714477245591,1729.9630771824854,16.30843496757665,6.536999473507542,-227.33041902792598,0.02986579401750506,-0.4123179111705655,0.9105486801375632,-0.0017537318458752831
128.3,1972.1431704970246,1477.2021149970874,1707.0909085735354,16.22158360183948,6.482055138142897,-227.05084335558453,0.029794532011397794,-0.4079385759165591,0.9125216814865619,-0.00160778056007301
128.4,1973.516252391486,1477.9553523847835,1684.1932484265205,16.15424404281432,6.447172310148156,-226.7710088723438,0.02969352586235233,-0.4079408698052258,0.9125238350233916,-0.0016708616398279552
128.5,1974.8830075124004,1478.7031562756492,1661.3265841293257,16.083872323672065,6.410766615560479,-226.49214876274084,0.029593034030680098,-0.4079429929208392,0.9125262243825111,-0.0016299318533487194
128.6,1976.2433553799203,1479.4485157118145,1638.4889917135715,16.01323857211119,6.374450312125992,-226.21418097733428,0.029484425032232215,-0.40794569059970553,0.9125284891714138,-0.0016548873632150646
128.70000000000002,1977.5972944008934,1480.181567857942,1615.6812356305195,15.943514374361314,6.33818971913524,-225.9371966899916,0.029374292021163866,-0.4079477382510691,0.9125308423932351,-0.0018043018553895007
128.8,1978.9449862472584,1480.9118956246655,1592.9095259761184,15.879501999290287,6.302006947796795,-225.66118192862402,0.029255352435877013,-0.407949864839477,0.9125334264549522,-0.0019436392900262743
128.9,1980.7327154846305,1475.5217542441803,1570.2246928384225,15.831800083961907,6.214929550798473,-225.3930990089044,0.028997440813711584,-0.40354916227281623,0.9144964308860002,-0.0018708158462496683
129.0,1981.939648702596,1476.2274588645146,1547.5006932929293,15.768875660457978,6.173682370854755,-225.11885062555436,0.028897432042861444,-0.4035502617377997,0.9144992381868494,-0.001807768888255309
129.1,1983.1408276797877,1476.9286651718885,1524.802466926712,15.705331916425378,6.134014911075424,-224.84557473204032,0.028661221041169416,-0.40355183146667384,0.9145060904835419,-0.0017504847414609543
129.20000000000002,1984.4642671771098,1464.8382325762598,1502.262915102673,15.599257905512529,6.0516790198759205,-224.60269385179444,0.028493057475317114,-0.3946858921773088,0.9183725148141384,-0.0017652835084204838
129.3,1988.008216203035,1441.661361573517,1479.984969020064,15.482532177393377,5.974622820302501,-224.34400446743513,0.02813276444980506,-0.38322763268269566,0.9232242065774774,-0.001481047675189471
129.4,1987.2755913354315,1442.1644787181158,1457.56243651095,15.406161123489047,5.931282460605624,-224.10481709137395,0.027790425670412164,-0.39469130657228957,0.9183915876080857,-0.0018320938885033452
129.5,1989.9512127045234,1423.2112221941184,1436.106955709729,15.355435871781683,5.873916479594498,-223.88862263968267,0.027588096674303914,-0.383108949047039,0.9232900413367398,-0.0013891185564481362
129.6,1988.622645187326,1395.8342792517417,1414.8093097943508,15.245617197887388,5.831855102222999,-223.7005638324703,0.027548601594031965,-0.3760386759247802,0.9261937807879224,-0.0010340158245310826
129.70000000000002,1959.467242402193,1372.6850478007036,1395.7993282593131,15.026099622479377,5.766861772363476,-223.56253099794955,0.0274200657166982,-0.35948411710396955,0.9327480950619486,0.0005483651863428314
129.8,1930.962271687668,1341.930765971982,1375.8626844712169,14.9385374602914,5.660834380369509,-223.37712076074743,0.027123015057730432,-0.3056848463859075,0.9517441322182913,0.0020551234157134
129.9,1854.729545270365,1288.490730598337,1355.8927448536974,14.637096616030943,5.56065246555794,-223.28500836656795,0.02643601898656724,-0.18798962145455608,0.9818094089500164,0.003365059098105652
130.0,1779.1184674869878,1184.2847899654598,1338.551524563822,14.506871375659804,5.487354169020273,-223.23169119277924,0.024982824202070476,-0.02029309075460777,0.999470779192581,0.004712801999732452
130.1,1733.8051517766617,1155.4419796263958,1318.7887198814371,14.465407199493752,5.409990786276307,-223.09437286851542,0.02530476888147292,0.02843143968890425,0.9992618249279243,0.0052083731419680325
130.20000000000002,1619.660012145602,1144.4975582388008,1307.8765774755464,14.182385986471797,5.352432032363183,-223.09838847545433,0.02464511250631764,0.07219568214817661,0.9970677797226727,0.006020344476055959
130.3,1480.50385463262,1096.9172272964176,1292.7182363511981,14.021578585181295,5.1417295719615135,-223.08102876880034,0.02306212607272551,0.14043610103155213,0.9898011405094884,0.006288252076473547
130.4,1366.2104875240566,946.5574126377045,1277.5615009471358,14.075026283407292,4.782036984982655,-222.99400520585255,0.020716099043944308,0.29983316148440586,0.9537184731391696,0.009591272478595161
130.5,1322.8577860705036,868.7520393749516,1264.94336159342,13.959712288110495,4.657735254201571,-222.91015130337627,0.018812329173571132,0.5154533756697471,0.8566459214560995,0.010567830163191107
130.6,1262.4525879796126,813.7856973022032,1256.094400453315,13.934772503085354,4.68307544669464,-222.91634453370676,0.017472184353034135,0.6389196847509169,0.7689966658371228,0.010976663569187995
130.70000000000002,1183.351685765777,683.2220492233674,1253.365413964929,12.810990147141156,3.6782944235864354,-222.94051228502974,0.015037721676088378,0.6834785444533678,0.7297397271939038,0.010529803116153504
130.8,1160.8607472428384,663.4470888746351,1241.7822731680567,13.26773182400701,3.8741607739411577,-222.86128832784973,0.012912367166583142,0.7732676349727023,0.6338361572964076,0.011923136399562568
130.9,1103.8532053211318,441.5513063299409,1233.5068600642346,10.329441141354227,3.1624404023746506,-222.9814091850273,0.012091135991153985,0.7880552335474629,0.6153730375036424,0.011780408415577197
131.0,1006.0385054026325,614.9862258390214,1216.6814713663114,13.375725370968484,3.8085237335627635,-222.84548120659767,0.016439598976735238,0.7505559288814307,0.6605218273989996,0.0103175935131754
131.1,855.0768241764803,-165.01680329562618,1198.9785409512822,6.369488323194648,-0.45489500511314596,-222.9018504254842,0.00021831380858770705,0.9981478661608113,-0.059303439710395006,0.013560665773318293
131.13871908465802,760.5285533717159,-435.5010522238558,1190.9999999972997,1.1848268630692724,-3.925728954849884,-222.85454032870197,0.003981339116059897,0.9950106059283578,0.0994379984333811,0.007080077435188981
