Time (sec),Stage,Stage Time (sec),Mach Number,Angle of Attack (deg),CD,CL,Thrust (lb),Weight (lb),Drag (lb),Lift (lb),CG (in),CP (in),Stability Margin (cal),Accel (ft/sec^2),Accel-V (ft/sec^2),Accel-H (ft/sec^2),Velocity (ft/sec),Vel-V (ft/sec),Vel-H (ft/sec),Pitch Attitude (deg),Flight Path Angle (deg),Altitude (ft),Distance (ft)
0,B,0,0,0,0,0,0,71,0,0,83.53,104.257,4.876934,0,0,0,0,0,0,85,85,0,0
0.09999999,B,0.09999999,0.03378454,0,1.0534,0,1002.861,70.63849,0.153229,0,83.08411,104.257,4.981848,424.665170614854,422.795570816371,39.804678511472,42.6512568279898,41.14993,3.881638,85,85,2.037692,0.1923493
0.2,B,0.2,0.07185051,0,0.9428717,0,1058.652,70.21406,0.6201994,0,82.63822,104.257,5.086762,452.776121359187,450.800123547746,42.2547592870441,86.3332974231288,84.96114,7.99611,85,85,8.320007,0.7842035
0.3,B,0.3,0.1126634,0,0.895788,0,1116.584,69.76579,1.448192,0,82.19234,104.257,5.191677,482.225481387641,480.137948171335,44.8214862020677,133.110382424124,131.645,12.3619,85,85,19.12601,1.799979
0.3999999,B,0.3999999,0.1561574,2.528887,0.9652442,1.503142,1176.046,69.29282,2.996228,4.938568,81.74645,103.0794,5.01952,512.630862406916,510.5821,45.78559,182.937051073896,181.332,16.84496,84.93351,84.6927,34.97398,3.259528
0.4999998,B,0.4999998,0.202405,1.706046,0.9268817,1.013446,1237.33,68.79456,4.830077,5.533504,81.30057,103.4421,5.209767,544.381789992552,541.9897,50.97743,235.903144259927,234.1117,21.68233,84.64047,84.70863,55.98411,5.181488
0.5999997,B,0.5999997,0.2515188,0.9061528,0.9046231,0.5520501,1300.125,68.27024,7.272521,4.618804,80.85468,103.8016,5.399268,577.264239948375,574.1575,59.80943,292.130849232943,290.0783,27.23396,84.1102,84.63651,82.44688,7.619857
0.6999996,B,0.6999996,0.3035956,0.1520647,0.9001162,0.1228026,1364.966,67.71924,10.53086,1.488014,80.40879,104.1531,5.586897,611.533894363765,607.243,72.31627,351.728028089299,349.3053,33.87681,83.42329,84.46058,114.6849,10.66492
0.7999995,B,0.7999995,0.3587397,-0.4112794,0.9068442,-0.2046359,1430.718,67.14076,14.79334,-3.44478,79.96291,104.0847,5.675714,646.65852066096,640.8531,86.45546,414.80312236028,411.8723,41.88734,82.7737,84.19299,153.0288,14.44141
0.8999994,B,0.8999994,0.4170277,-0.6006919,0.9162056,-0.3349187,1498.089,66.53439,20.16486,-7.584865,79.51702,103.9771,5.755308,682.928106606999,675.8712,97.92303,481.441421687388,477.8688,51.20774,82.41492,83.88361,197.8169,19.08686
0.9999993,B,0.9999993,0.4785672,-0.3641287,0.922844,-0.2233286,1566.781,65.8995,26.69782,-6.632862,79.07114,104.0691,5.881867,720.124068980408,712.8639,101.9987,551.758482396384,547.4734,61.29662,82.49051,83.61161,249.4015,24.70907
1.099999,B,1.099999,0.5434506,0.0690117,0.9320912,0.01594274,1636.66,65.23557,34.69885,0.6081435,78.62524,104.2434,6.027797,758.17015300449,751.7047,98.80296,625.85057483038,620.8836,71.35742,82.84571,83.44382,308.1542,31.34471
1.199999,B,1.199999,0.6117639,0.2781041,0.9460256,0.1528803,1707.937,64.54209,44.52049,7.360439,78.17936,104.1277,6.105494,797.249783102792,791.3534,96.78333,703.806981467259,698.233,81.06718,83.06237,83.37742,374.464,38.96747
1.299999,B,1.299999,0.6835933,0.08860585,0.9678483,0.06525628,1780.436,63.8185,56.71745,3.906924,77.73347,104.2015,6.227763,837.071303752464,830.4092,105.3989,785.714751033464,779.5216,91.12182,82.89003,83.3327,448.7261,47.56926
1.399999,B,1.399999,0.7590353,-0.1392156,0.9740226,-0.0714003,1854.507,63.06423,70.16098,-5.248368,77.28759,104.1963,6.33145,878.485322905693,870.3054,119.6034,871.680626989366,864.7375,102.4656,82.62434,83.24234,531.3321,57.23675
1.499999,B,1.499999,0.8382087,-0.04092447,1.007832,-0.03383805,1929.549,62.27872,88.23501,-3.019956,76.84171,104.2281,6.443857,919.372845334759,911.0242,123.6177,961.807881100331,954.0262,114.765,82.66579,83.14054,622.6832,68.09563
1.599999,B,1.599999,0.920965,0.09100894,1.094633,0.05050528,2005.785,61.46157,115.2654,5.416034,76.39581,104.7925,6.681564,957.721048542267,949.9311,121.9037,1055.89383039215,1047.315,126.9895,82.78238,83.0865,723.1844,80.18481
1.699999,B,1.699999,1.007077,-0.02759199,1.19125,-0.008627083,2082.967,60.61234,149.386,-1.100755,75.94993,107.2026,7.353571,994.485003805538,985.6779,132.0587,1153.67541253121,1144.275,139.6401,82.65319,83.04239,833.2189,93.50707
1.799999,B,1.799999,1.096573,-0.004974766,1.230423,-0.0102067,2160.916,59.73065,182.1311,-1.536029,75.50404,107.9918,7.644179,1033.98973665475,1024.728,138.0844,1255.21325085354,1244.89,153.3174,82.64168,82.97896,953.1475,108.1506
1.899999,B,1.899999,1.189821,0.01998796,1.24261,0.01661321,2239.638,58.8162,215.5028,2.927265,75.05816,107.2902,7.584013,1075.34409577798,1066.137,140.4166,1360.90037487059,1349.67,167.1377,82.65417,82.94066,1083.365,124.1712
1.999998,B,1.999998,1.286764,-0.01667053,1.277311,-0.01247931,2319.059,57.86871,257.7314,-2.556626,74.61227,107.1017,7.64458,1114.18603481162,1104.057,149.8955,1470.60840938544,1458.398,181.7797,82.59485,82.8951,1224.281,141.6092
2.099998,B,2.099998,1.387579,0.01495983,1.220448,0.01039607,2399.07,56.88792,284.7317,2.461439,74.16638,106.885,7.698509,1163.89803712585,1153.793,153.0371,1584.65184824654,1571.438,196.8808,82.6106,82.8588,1376.296,160.5397
2.199998,B,2.199998,1.493173,-0.008346545,1.156006,-0.0061007,2479.567,55.87363,310.3914,-1.661714,73.7205,106.3904,7.687038,1217.20582299258,1206.204,163.2848,1703.96393525381,1689.686,212.7884,82.56926,82.82231,1539.9,181.0144
2.299998,B,2.299998,1.603703,0.006172511,1.101937,0.004678199,2560.492,54.82563,339.0402,1.459604,73.27461,105.7308,7.636758,1271.74563069987,1260.543,168.4289,1828.67375787334,1813.292,229.3501,82.56952,82.79135,1715.622,203.1173
2.399998,B,2.399998,1.71386,-0.0007766231,1.058839,-0.001634254,2301.666,53.78,369.422,-0.5768095,72.82873,105.0146,7.57314,1124.08566697782,1113.878,151.1436,1950.70824716147,1934.229,245.6884,82.54648,82.76098,1903.778,226.8905
2.499998,B,2.499998,1.813024,-0.0005419686,1.028267,0.0007236813,2250.794,52.83195,398.4227,0.2834114,72.38284,104.3554,7.522946,1096.18423299497,1086.257,147.1924,2061.27164280254,2043.799,260.4829,82.534,82.73679,2103.248,252.2019
2.599998,B,2.599998,1.91082,0.003746062,1.004898,0.001207047,2232.395,51.89885,429.0232,0.5205237,71.93695,103.7068,7.475262,1086.09001402317,1076.229,146.0228,2170.23510693328,2151.768,275.1803,82.52391,82.71224,2313.573,278.9862
2.699998,B,2.699998,2.008214,-0.002654938,0.9804622,-0.001083923,2224.831,50.97175,458.4108,-0.5116364,71.49107,103.0696,7.430235,1083.10713634938,1073.133,146.6514,2278.57584203568,2259.123,289.7696,82.50519,82.69079,2534.657,307.2328
2.799998,B,2.799998,2.105905,0.002775381,0.9459152,0.001466094,2221.474,50.04725,481.9624,0.7538497,71.04518,102.4434,7.387826,1086.39955846532,1076.488,146.4158,2387.06126359862,2366.615,304.426,82.49825,82.6701,2766.479,336.9429
2.899998,B,2.899998,2.204326,0.000212788,0.9136996,-0.0002589513,2225.868,49.12322,505.2516,-0.1444578,70.5993,101.8599,7.355428,1095.06496423073,1084.954,148.4658,2496.15795182607,2474.708,319.1996,82.48353,82.6503,3009.079,368.1224
2.999998,B,2.999998,2.303767,-0.0006084754,0.8834053,-0.000004585391,2230.863,48.19795,528.2542,-0.002765343,70.1534,101.3114,7.331289,1104.67949378589,1094.468,149.8552,2606.13366846645,2583.673,334.0834,82.47168,82.63222,3262.534,400.7852
3.099998,B,3.099998,2.401468,0.001899131,0.8555582,0.0007697337,1782.541,47.28349,550.0997,0.4978758,69.70752,100.8024,7.316434,806.738070870248,799.1157,110.6364,2710.77990533458,2687.348,348.3171,82.46301,82.61485,3526.833,434.936
3.199997,B,3.199997,2.476409,-0.00008617569,0.8374028,-0.0001917682,1820.474,46.53936,566.3112,-0.1304663,69.26163,100.4299,7.333715,835.168943258368,827.2117,115.0129,2792.81075264638,2768.601,359.5988,82.45027,82.59959,3800.009,470.3275
3.299997,B,3.299997,2.554442,-0.00007343922,0.8233956,0.0001264687,1866.083,45.77915,585.7742,0.09051656,68.81575,100.0539,7.350148,867.941225987705,859.699,119.3298,2878.11877426516,2853.102,371.3161,82.44006,82.58494,4081.49,506.8696
3.399997,B,3.399997,2.635671,0.001265002,0.8097323,0.0004787893,1911.937,45.00014,606.0557,0.3605453,68.36987,99.67326,7.365506,901.801400697166,893.2689,123.7596,2966.76435715345,2940.907,383.5061,82.43112,82.57033,4371.602,544.6072
3.499997,S,0.010,2.707059,-0.04896583,0.4701104,-0.00000669681,0,24,198.2271,-0.002822537,40,55.97928,5.11337,-267.680088410734,-32.17041,-265.7399,3034.07599592243,3007.91,390.2761,82.42085,82.60718,4670.293,583.5376
3.599997,S,0.11,2.685552,0.04680427,0.473666,0.01201801,0,24,194.1285,4.915926,40,56.00848,5.122714,-292.154690167815,-289.3948,-40.06261,3004.6062801292,2978.645,386.7879,82.50943,82.60133,4969.468,622.4039
3.699997,S,0.21,2.662418,-0.0342754,0.4775277,-0.01063616,0,24,189.9711,-4.22316,40,56.07726,5.144724,-286.738583996957,-285.444,-27.21651,2975.70199407016,2949.896,383.7097,82.4145,82.58882,5265.747,660.9163
3.799997,S,0.31,2.639704,0.01958218,0.4813729,0.008517613,0,24,185.9165,3.283417,40,56.1462,5.166785,-281.134925215776,-278.7518,-36.5278,2947.34390383259,2921.766,380.1176,82.46571,82.58753,5559.184,699.1157
3.899997,S,0.4099999,2.617404,-0.009984327,0.485203,-0.007168454,0,24,181.963,-2.683274,40,56.21182,5.187782,-275.942990943483,-274.5227,-27.96107,2919.52565630609,2894.068,377.3733,82.41808,82.57081,5849.834,736.9841
3.999997,S,0.5099998,2.595505,0.003795212,0.4890179,0.006218014,0,24,178.1069,2.260453,40,56.27503,5.208009,-270.666880114675,-268.5384,-33.87754,2892.22677161119,2867.006,373.7848,82.43169,82.57198,6137.748,774.5452
4.099997,S,0.6099997,2.574003,-0.003565714,0.4928165,-0.006357762,0,24,174.3458,-2.245049,40,56.33428,5.226969,-265.718377885377,-264.3128,-27.29469,2865.44114499244,2840.324,371.2314,82.40463,82.55363,6422.977,811.7925
4.199997,S,0.7099996,2.552882,0.01078333,0.4966007,0.007890503,0,24,170.6765,2.706909,40,56.38898,5.244473,-260.702922842714,-258.5741,-33.24829,2839.14964306936,2814.269,367.7126,82.41991,82.5559,6705.571,848.7427
4.299997,S,0.8099995,2.53214,-0.01910525,0.500368,-0.009490988,0,24,167.0964,-3.16373,40,56.44217,5.261493,-256.040545902814,-254.8293,-24.87547,2813.34867203131,2788.563,365.287,82.36983,82.53705,6985.581,885.3872
4.399997,S,0.9099994,2.511761,0.0299335,0.5041203,0.01157335,0,24,163.6025,3.749146,40,56.49297,5.27775,-251.219519450544,-248.9794,-33.47395,2788.01607121395,2763.455,361.9211,82.41909,82.53861,7263.053,921.7536
4.499997,S,1.009999,2.49174,-0.04416448,0.507858,-0.01425195,0,24,160.1928,-4.487452,40,56.54117,5.293174,-246.857351480207,-245.8776,-21.97175,2763.14706340395,2738.68,359.5622,82.32543,82.5204,7538.034,957.8187
4.599997,S,1.109999,2.472069,0.06075006,0.5115807,0.01725446,0,24,156.8648,5.281351,40,56.5874,5.307969,-242.201847479647,-239.7451,-34.40962,2738.72809049018,2714.467,356.3963,82.42873,82.52013,7810.565,993.6272
4.699996,S,1.209999,2.452743,-0.06968149,0.5152817,-0.01841463,0,24,153.6144,-5.480118,40,56.63642,5.323655,-238.106752332565,-237.3024,-19.55496,2714.75266989064,2690.603,353.9648,82.28227,82.50544,8080.697,1029.132
4.799996,S,1.309999,2.433753,0.07913866,0.518966,0.01967183,0,24,150.4407,5.692695,40,56.68398,5.338872,-233.596622443079,-231.123,-33.90488,2691.20818787002,2667.228,351.1288,82.4247,82.50039,8348.466,1064.4
4.899996,S,1.409999,2.415086,-0.08615638,0.5226318,-0.02015705,0,24,147.3405,-5.672923,40,56.73197,5.354231,-229.719090245602,-228.9927,-18.25387,2668.08073330801,2644.235,348.5808,82.24786,82.49019,8613.922,1099.37
4.999996,S,1.509999,2.396742,0.08835593,0.5262758,0.01923038,0,24,144.3115,5.264243,40,56.78174,5.370156,-225.371207304238,-223.0399,-32.3324,2645.36568488182,2621.646,346.122,82.4099,82.47904,8877.097,1134.12
5.099996,S,1.609999,2.378708,-0.07896806,0.5298959,-0.01537563,0,24,141.3506,-4.094559,40,56.83652,5.387686,-221.596565736101,-220.7497,-19.35479,2623.04913580097,2599.502,343.3445,82.23807,82.47588,9138.042,1168.58
5.199996,S,1.709999,2.360983,0.06093185,0.5334975,0.00950365,0,24,138.4579,2.46235,40,56.89428,5.406171,-217.506461625838,-215.743,-27.64089,2601.12636121113,2577.657,341.2948,82.35838,82.45763,9396.785,1202.821
5.299996,S,1.809999,2.343522,-0.03773159,0.5370945,-0.002527387,0,24,137.0147,-0.6436691,40,56.95319,5.425022,-215.629994238984,-214.3734,-23.24521,2579.5299451251,2556.255,338.4035,82.25964,82.45889,9653.373,1236.8
5.399996,S,1.909999,2.326209,0.01167015,0.5407125,-0.004056745,0,24,134.5147,-1.007537,40,56.99318,5.437818,-212.29058777278,-211.1071,-22.38495,2558.1624930164,2534.949,336.5093,82.28712,82.43832,9907.823,1270.547
5.499996,S,2.009999,2.309145,0.01493165,0.5443277,0.009629447,0,24,132.0763,2.332655,40,57.02364,5.447564,-208.951191417819,-207.2767,-26.40019,2537.11993260412,2514.097,333.6838,82.29032,82.4396,10160.17,1304.059
5.599996,S,2.109998,2.292333,-0.03465321,0.5479341,-0.01332379,0,24,129.6968,-3.148609,40,57.05707,5.458263,-205.931471966711,-205.0773,-18.73692,2516.4037989152,2493.448,331.7891,82.22029,82.4205,10410.44,1337.327
5.699996,S,2.209998,2.27576,0.0552341,0.5515352,0.01721277,0,24,127.3748,3.968774,40,57.08913,5.468522,-202.647145043127,-200.7298,-27.8103,2496.00044521624,2473.215,329.1554,82.3075,82.41916,10658.67,1370.381
5.799995,S,2.309998,2.259426,-0.07336774,0.5551275,-0.02031668,0,24,125.108,-4.571358,40,57.12182,5.478982,-199.874613576256,-199.2266,-16.08176,2475.90519486715,2453.201,327.1966,82.16137,82.40298,10904.89,1403.189
5.899995,S,2.409998,2.243324,0.0855708,0.5587077,0.02180816,0,24,122.8939,4.789272,40,57.15683,5.490187,-196.647521219654,-194.6187,-28.17462,2456.1108813909,2433.543,324.8534,82.31251,82.39654,11149.12,1435.803
5.999995,S,2.509998,2.227448,-0.08709278,0.562272,-0.0206903,0,24,120.73,-4.435527,40,57.19614,5.502765,-194.003422004428,-193.3806,-15.53291,2436.60930578069,2414.156,322.6888,82.12862,82.38667,11391.41,1468.168
6.099995,S,2.609998,2.211793,0.08442571,0.5658263,0.01856197,0,24,118.6162,3.885072,40,57.23642,5.515656,-190.90173489807,-189.085,-26.27423,2417.39454827639,2395.036,320.6878,82.28575,82.37363,11631.77,1500.348
6.199995,S,2.709998,2.196351,-0.07444595,0.5693707,-0.0145504,0,24,116.5506,-2.97381,40,57.27947,5.52943,-188.311638560464,-187.5621,-16.78487,2398.45734150993,2376.241,318.3586,82.12108,82.3692,11870.24,1532.291
6.299995,S,2.809998,2.181121,0.05825968,0.5729083,0.008823817,0,24,114.5329,1.761267,40,57.32488,5.543961,-185.433795526777,-184.0293,-22.77958,2379.7941400043,2357.64,316.6307,82.23418,82.35095,12106.84,1564.047
6.399995,S,2.909998,2.166098,-0.02978249,0.5764436,-0.0001621748,0,24,112.5625,-0.03161901,40,57.3751,5.560032,-182.833575880625,-181.7318,-20.04169,2361.39885434746,2339.406,314.199,82.14437,82.35054,12341.6,1595.584
6.499995,S,3.009998,2.151278,-0.01279549,0.5799859,-0.009903775,0,24,110.6395,-1.886366,40,57.38732,5.563943,-180.332283881237,-179.5021,-17.28377,2343.26554472242,2321.315,312.6495,82.13866,82.3292,12574.54,1626.926
6.599995,S,3.109998,2.136654,0.04884888,0.5835295,0.01703065,0,24,108.7615,3.169423,40,57.40397,5.56927,-177.685325127866,-176.1001,-23.68184,2325.38617245998,2303.59,310.3031,82.19794,82.3282,12805.69,1658.078
6.699995,S,3.209997,2.122223,-0.07709671,0.5870684,-0.02211747,0,24,106.9259,-4.022265,40,57.42377,5.575608,-175.491876067646,-174.9467,-13.82211,2307.75684029626,2286.021,308.6549,82.05295,82.31052,13035.09,1689.018
6.799994,S,3.309997,2.10798,0.09316853,0.5905943,0.02403549,0,24,105.13,4.27204,40,57.4489,5.583649,-172.821154334879,-171.067,-24.5608,2290.36934107743,2268.749,306.6231,82.2144,82.30307,13262.74,1719.792
6.899994,S,3.409997,2.09392,-0.09620909,0.5941038,-0.0224359,0,24,103.372,-3.897923,40,57.47993,5.593576,-170.725036340289,-170.199,-13.39173,2273.22080973804,2251.702,304.7082,82.01393,82.29335,13488.67,1750.347
6.999994,S,3.509997,2.080042,0.08124097,0.5975963,0.01605613,0,24,101.651,2.727079,40,57.51928,5.606168,-168.150746445641,-166.7131,-21.94119,2256.30524358733,2234.849,303.0894,82.17336,82.27669,13712.92,1780.746
7.099994,S,3.609997,2.066337,-0.04531067,0.6010863,-0.004329633,0,24,99.96803,-0.7190055,40,57.56799,5.621758,-165.977593753537,-165.0991,-17.05429,2239.61460416097,2218.301,300.9088,82.04382,82.27507,13935.49,1810.941
7.199994,S,3.709997,2.052807,-0.00541987,0.6045941,-0.008735444,0,24,98.32581,-1.418566,40,57.58416,5.626932,-163.80904153215,-163.0378,-15.87696,2223.15077030911,2201.87,299.5328,82.06055,82.25328,14156.41,1840.963
7.299994,S,3.809997,2.039444,0.05943269,0.6081185,0.01996251,0,24,96.72238,3.17043,40,57.58622,5.62759,-161.540493538595,-160.0766,-21.69823,2206.90091025715,2185.762,297.388,82.12283,82.25209,14375.71,1870.813
7.399994,S,3.909997,2.026246,-0.09481437,0.6116374,-0.02612319,0,24,95.15326,-4.058112,40,57.59721,5.631108,-159.736326456453,-159.2975,-11.83218,2190.86593921542,2169.78,295.8948,81.94955,82.23443,14593.41,1900.469
7.499994,S,4.009997,2.013211,0.1072377,0.615133,0.02614864,0,24,93.61487,3.973714,40,57.61902,5.638087,-157.375604666012,-155.7924,-22.26677,2175.0387537664,2154.042,294.1557,82.13959,82.2238,14809.52,1929.981
7.599997,S,4.109999,2.00033,-0.08739224,0.618601,-0.01766346,0,24,92.10539,-2.626187,40,57.65608,5.649946,-155.548448668936,-154.9855,-13.22175,2159.41345106517,2138.529,292.265,81.93758,82.21781,15024.07,1959.293
7.699999,S,4.210001,1.987607,0.03740317,0.6221467,0.001630889,0,24,90.64011,0.2372635,40,57.70656,5.6661,-153.436132239093,-152.5123,-16.81205,2143.9905036259,2123.136,290.9749,82.03945,82.19625,15237.07,1988.46
7.800001,S,4.310004,1.975048,0.03650376,0.6227657,0.0159163,0,24,88.78992,2.266028,40,57.69912,5.66372,-150.90813888258,-149.6848,-19.17621,2128.78233075265,2108.066,288.9283,82.03667,82.19576,15448.55,2017.456
7.900003,S,4.410006,1.962703,-0.08867612,0.6225421,-0.02601752,0,24,86.87586,-3.62566,40,57.69981,5.66394,-148.622908722446,-148.2132,-11.02798,2113.83731937921,2093.156,287.6331,81.89001,82.17564,15658.54,2046.277
8.000006,S,4.510008,1.950562,0.1111547,0.6223618,0.02826934,0,24,85.02409,3.85666,40,57.71507,5.668822,-145.85385026853,-144.3825,-20.66493,2099.1411852133,2078.549,285.9699,82.07915,82.16634,15867.05,2074.967
8.100008,S,4.610011,1.938619,-0.09613097,0.6222077,-0.02063451,0,24,83.2298,-2.756388,40,57.74859,5.679548,-143.673826612081,-143.2086,-11.55272,2084.69013868313,2064.193,284.2816,81.86269,82.15853,16074.11,2103.47
8.20001,S,4.710013,1.926872,0.04513998,0.6221098,0.003695421,0,24,81.49477,0.4834314,40,57.79926,5.695764,-141.168131528472,-140.305,-15.5868,2070.47698314596,2050.004,283.1104,81.98112,82.13705,16279.75,2131.844
8.300013,S,4.810015,1.915307,0.03759123,0.6221162,0.01652556,0,24,79.82212,2.11749,40,57.7934,5.693888,-138.884682134901,-137.7833,-17.45615,2056.48706183327,2036.14,281.2355,81.97111,82.13596,16483.98,2160.062
8.400015,S,4.910017,1.903924,-0.09249552,0.6221904,-0.02714332,0,24,78.20511,-3.407171,40,57.79156,5.693298,-137.001778256565,-136.6475,-9.846217,2042.72209759306,2022.403,280.0666,81.81942,82.1157,16686.85,2188.121
8.500017,S,5.01002,1.892716,0.1140063,0.6222894,0.02891458,0,24,76.63601,3.55616,40,57.806,5.697919,-134.602770744647,-133.2778,-18.83969,2029.17059721894,2008.928,278.5699,82.01423,82.10537,16888.34,2216.061
8.600019,S,5.110022,1.881675,-0.09386741,0.6223977,-0.01956672,0,24,75.11073,-2.358203,40,57.84078,5.709049,-132.774107156944,-132.3419,-10.70444,2015.82543992559,1995.671,277.0054,81.79729,82.09766,17088.51,2243.832
8.700022,S,5.210024,1.870798,0.02873065,0.6225575,-0.001047164,0,24,73.63295,-0.1236919,40,57.89233,5.725547,-130.655405117511,-129.962,-13.44297,2002.68167159087,1982.541,275.9759,81.89606,82.07517,17287.35,2271.485
8.800024,S,5.310027,1.860076,0.05440719,0.6228179,0.02026438,0,24,72.20608,2.346305,40,57.87335,5.719473,-128.667698816277,-127.6094,-16.46869,1989.72975102029,1969.701,274.2719,81.91801,82.0728,17484.9,2298.999
8.900026,S,5.410029,1.849511,-0.1041711,0.6231236,-0.02941336,0,24,70.82213,-3.33874,40,57.873,5.719359,-127.118587825771,-126.8217,-8.682844,1976.97012714572,1956.969,273.1703,81.73881,82.05351,17681.17,2326.364
9.000029,S,5.510031,1.839091,0.1162305,0.6234335,0.02837498,0,24,69.47451,3.158047,40,57.89119,5.72518,-124.997157813632,-123.8227,-17.09469,1964.39095780515,1944.448,271.8671,81.94501,82.04066,17876.17,2353.624
9.100031,S,5.610034,1.828817,-0.07579833,0.6237419,-0.01314645,0,24,68.16159,-1.434814,40,57.93513,5.739242,-123.401721116847,-122.9324,-10.7522,1951.99104611505,1932.138,270.3551,81.74556,82.03458,18069.94,2380.729
9.200033,S,5.710036,1.818684,-0.01344988,0.6241295,-0.01173557,0,24,66.89081,-1.25618,40,57.95339,5.745084,-121.686981654777,-121.2076,-10.7907,1939.76583080775,1919.916,269.4574,81.7828,82.0108,18262.48,2407.72
9.300035,S,5.810038,1.808685,0.09419762,0.6246037,0.0287648,0,24,65.6609,3.020115,40,57.93772,5.740071,-119.882595162549,-118.7755,-16.25476,1927.70526397803,1907.952,267.9226,81.88486,82.00655,18453.81,2434.594
9.400038,S,5.91004,1.798818,-0.1225997,0.6250756,-0.0316269,0,24,64.4614,-3.257527,40,57.94779,5.743292,-118.603770753254,-118.3531,-7.70702,1915.80972976787,1896.096,266.7943,81.65083,81.99065,18643.95,2461.322
9.50004,S,6.010043,1.78908,0.09513055,0.6255243,0.01933884,0,24,63.28925,1.954268,40,57.98512,5.755237,-116.714907069949,-115.8175,-14.44563,1904.07397409272,1884.386,265.7714,81.8486,81.97203,18832.92,2487.957
9.600042,S,6.110045,1.779463,-0.0007861851,0.6260276,0.00862678,0,24,62.15081,0.8554086,40,58.01935,5.766192,-115.222174430392,-114.5117,-12.77576,1892.48792206514,1872.899,264.2527,81.74831,81.96899,19020.72,2514.456
9.700045,S,6.210047,1.76997,-0.08830218,0.6266314,-0.02797269,0,24,61.0499,-2.721964,40,57.99884,5.759629,-113.98842516726,-113.7181,-7.845687,1881.05618782571,1861.471,263.4012,81.63651,81.94602,19207.38,2540.835
9.800047,S,6.31005,1.760593,0.1230658,0.6272336,0.03244634,0,24,59.97488,3.098736,40,58.00518,5.761659,-112.254472830139,-111.1935,-15.39715,1869.7673886295,1850.244,262.1594,81.83601,81.93549,19392.91,2567.12
9.900049,S,6.410052,1.75133,-0.09819426,0.627802,-0.02084919,0,24,58.92209,-1.954462,40,58.0402,5.772865,-111.071763775772,-110.7465,-8.494083,1858.62281727688,1839.165,260.9016,81.6039,81.92596,19577.33,2593.266
10.00005,S,6.510054,1.742181,0.01587159,0.6284115,-0.004709991,0,24,57.89798,-0.433436,40,58.08322,5.786631,-109.58651556763,-109.0962,-10.35488,1847.61801488754,1828.16,260.1035,81.6932,81.90253,19760.64,2619.319
10.10005,S,6.610056,1.733138,0.08155575,0.6291245,0.02691042,0,24,56.90677,2.43129,40,58.05707,5.778263,-108.145471064492,-107.2378,-13.98203,1836.74638096577,1817.375,258.7202,81.75288,81.89786,19942.86,2645.262
10.20006,S,6.710059,1.724201,-0.123425,0.62984,-0.0332466,0,24,55.93847,-2.949303,40,58.05938,5.779003,-107.176369385439,-106.9686,-6.67029,1826.00610587116,1806.658,257.7785,81.52843,81.87971,20124.01,2671.081
10.30006,S,6.810061,1.715366,0.1046404,0.6305135,0.02305573,0,24,54.98845,2.008403,40,58.09097,5.789109,-105.579837404324,-104.7636,-13.10306,1815.39411061801,1796.07,256.8398,81.73729,81.86182,20304.09,2696.818
10.40006,S,6.910063,1.706631,-0.02005597,0.6312142,0.003603297,0,24,54.06211,0.308258,40,58.13892,5.804454,-104.403592229734,-103.8565,-10.67415,1804.9069036606,1785.664,255.5205,81.60596,81.85651,20483.13,2722.433
10.50006,S,7.010066,1.697996,-0.07859132,0.6320204,-0.02645972,0,24,53.16545,-2.223231,40,58.11123,5.795595,-103.393704510229,-103.1449,-7.168524,1794.54354712555,1775.297,254.7854,81.52244,81.83285,20661.12,2747.946
10.60007,S,7.110068,1.689454,0.1235215,0.6328303,0.03360032,0,24,52.28878,2.77312,40,58.11153,5.79569,-101.944907296932,-101.0263,-13.6547,1784.29908755069,1765.108,253.6573,81.7126,81.82222,20838.09,2773.374
10.70007,S,7.21007,1.681007,-0.1054602,0.6335919,-0.02354467,0,24,51.42737,-1.908904,40,58.14205,5.805455,-101.038543670267,-100.7758,-7.281857,1774.17126966402,1755.031,252.5686,81.47079,81.81072,21014.05,2798.678
10.80007,S,7.310072,1.67265,0.02320402,0.6343758,-0.002745195,0,24,50.58644,-0.2186606,40,58.19144,5.821262,-99.7763213889735,-99.33301,-9.395075,1764.15731114513,1745.013,251.8573,81.57465,81.78722,21189,2823.902
10.90007,S,7.410075,1.664381,0.0797503,0.6352662,0.02696862,0,24,49.77195,2.11057,40,58.16106,5.811541,-98.5798957675377,-97.80435,-12.34119,1754.25296357592,1735.183,250.6251,81.62383,81.7812,21362.96,2849.029
11.00007,S,7.510077,1.656199,-0.1220368,0.6361524,-0.03338456,0,24,48.97444,-2.567255,40,58.16213,5.811882,-97.825672263266,-97.64187,-5.993945,1744.45879863554,1725.405,249.7916,81.4019,81.76237,21535.93,2874.044
11.10008,S,7.610079,1.648102,0.1060977,0.6369929,0.02383499,0,24,48.19036,1.801182,40,58.19102,5.821128,-96.4660171135022,-95.75776,-11.66807,1734.77028021154,1715.735,248.9487,81.6105,81.74415,21707.94,2898.986
11.20008,S,7.710082,1.640086,-0.02175903,0.6378506,0.003082902,0,24,47.42385,0.228959,40,58.23946,5.836628,-95.5103819735798,-95.0428,-9.439239,1725.18505657587,1706.218,247.7799,81.47433,81.73717,21878.99,2923.819
11.30008,S,7.810084,1.632151,-0.07828671,0.6388115,-0.02671377,0,24,46.68091,-1.949952,40,58.20992,5.827173,-94.6931664419646,-94.4748,-6.427125,1715.70051281637,1696.726,247.1235,81.39261,81.71329,22049.09,2948.562
11.40008,S,7.910086,1.624292,0.1236518,0.6397712,0.03394746,0,24,45.953,2.435683,40,58.20912,5.826919,-93.4482171711713,-92.6582,-12.12548,1706.31304221271,1687.384,246.12,81.58135,81.70142,22218.24,2973.23
11.50008,S,8.010088,1.616511,-0.103767,0.6406752,-0.02321749,0,24,45.23601,-1.637527,40,58.23941,5.83661,-92.7291785947377,-92.4948,-6.588819,1697.02413028777,1678.137,245.1469,81.34005,81.68887,22386.47,2997.788
11.60009,S,8.11009,1.608807,0.02054916,0.6416007,-0.003365005,0,24,44.53513,-0.2333204,40,58.28546,5.851347,-91.6696637978012,-91.28923,-8.342886,1687.83071431263,1668.936,244.5085,81.43932,81.66515,22553.78,3022.273
11.70009,S,8.210093,1.601172,0.08028806,0.6426275,0.02730417,0,24,43.85512,1.861321,40,58.25523,5.841673,-90.6481916923471,-89.97818,-11.00099,1678.72672151108,1659.894,243.4145,81.48994,81.65734,22720.17,3046.671
11.80009,S,8.310095,1.593613,-0.1226871,0.6436452,-0.0337338,0,24,43.18816,-2.261086,40,58.25544,5.841741,-90.0574917152088,-89.89455,-5.414951,1669.71759642154,1650.896,242.6635,81.26632,81.63803,22885.67,3070.97
11.90009,S,8.410097,1.586125,0.1030874,0.6446096,0.02301716,0,24,42.53086,1.517031,40,58.28508,5.851224,-88.8834539425612,-88.28187,-10.32375,1660.79705784336,1641.987,241.915,81.47161,81.61887,23050.27,3095.204
12.0001,S,8.510099,1.578704,-0.01660427,0.6455947,0.004364346,0,24,41.88776,0.282868,40,58.32833,5.865066,-88.0867752611595,-87.66917,-8.567182,1651.96252282507,1633.21,240.8691,81.34209,81.61038,23213.98,3119.341
12.1001,S,8.610102,1.57135,-0.08101202,0.6466778,-0.02749719,0,24,41.26342,-1.752692,40,58.29938,5.855801,-87.4276090727164,-87.23735,-5.764685,1643.21335447147,1624.451,240.2717,81.2524,81.58641,23376.82,3143.396
12.2001,S,8.710104,1.564062,0.1244621,0.647752,0.03419109,0,24,40.65059,2.143445,40,58.29878,5.855609,-86.339035321047,-85.65697,-10.83109,1634.54672930249,1615.82,239.3809,81.44315,81.57302,23538.79,3167.383
12.3001,S,8.810106,1.556836,-0.09882247,0.6487649,-0.02175082,0,24,40.04559,-1.341179,40,58.33088,5.865881,-85.7557420401668,-85.53871,-6.097244,1625.96222101178,1607.271,238.4964,81.20521,81.5597,23699.9,3191.272
12.40011,S,8.910109,1.549677,0.01407666,0.6498065,-0.00495661,0,24,39.45398,-0.3006333,40,58.37039,5.878524,-84.8680361542292,-84.54615,-7.384584,1617.45899945068,1598.757,237.9193,81.29272,81.53564,23860.16,3215.095
12.50011,S,9.010111,1.542577,0.08532105,0.6509444,0.02860684,0,24,38.87924,1.706832,40,58.34057,5.868982,-83.9767763308801,-83.3858,-9.945216,1609.03185652346,1590.381,236.9431,81.3531,81.52612,24019.57,3238.84
12.60011,S,9.110113,1.535537,-0.1225023,0.6520618,-0.03360014,0,24,38.31399,-1.972234,40,58.34265,5.869647,-83.5100408569744,-83.36225,-4.966105,1600.68178356823,1582.039,236.2523,81.12437,81.50655,24178.15,3262.495
12.70011,S,9.210115,1.528556,0.0972985,0.6531244,0.02118205,0,24,37.75606,1.223233,40,58.3742,5.879744,-82.4911245396496,-81.98589,-9.115891,1592.40706332089,1573.769,235.5876,81.32253,81.48624,24335.9,3286.092
12.80011,S,9.310118,1.521633,-0.007020635,0.6542171,0.006791587,0,24,37.21018,0.38589,40,58.40901,5.890884,-81.8099468010038,-81.42719,-7.904437,1584.20669784049,1565.617,234.6449,81.20693,81.47631,24492.83,3309.602
12.90012,S,9.41012,1.514768,-0.08660917,0.6554004,-0.02884464,0,24,36.67943,-1.612631,40,58.38186,5.882196,-81.2832642813099,-81.11891,-5.166381,1576.07919709233,1557.478,234.0939,81.10194,81.45225,24648.94,3333.038
13.00012,S,9.510122,1.507957,0.1239186,0.6565633,0.03385343,0,24,36.15713,1.862411,40,58.38364,5.882764,-80.3171609689312,-79.73074,-9.687902,1568.02125619663,1549.446,233.3053,81.29599,81.43711,24804.25,3356.412
13.10012,S,9.610125,1.501201,-0.09154221,0.6576644,-0.01934415,0,24,35.64092,-1.047253,40,58.41819,5.89382,-79.8327145752061,-79.62651,-5.734215,1560.03412727266,1541.489,232.4944,81.06511,81.42303,24958.75,3379.698
13.20012,S,9.710127,1.494499,0.001693121,0.6588069,-0.008121429,0,24,35.13628,-0.432702,40,58.44714,5.903086,-79.0967815282573,-78.83179,-6.469137,1552.11640783049,1533.557,231.9729,81.13235,81.39838,25112.46,3402.922
13.30013,S,9.810129,1.487848,0.09165003,0.6600363,0.03004294,0,24,34.6451,1.575347,40,58.42019,5.894459,-78.3000402114178,-77.77586,-9.044993,1544.2628554124,1525.744,231.1037,81.20948,81.38691,25265.39,3426.078
13.40013,S,9.910131,1.481248,-0.1217475,0.6612326,-0.03303418,0,24,34.16086,-1.704903,40,58.42509,5.896028,-77.9282000346766,-77.79173,-4.609892,1536.4757563947,1517.963,230.4592,80.97503,81.3672,25417.54,3449.152
13.50013,S,10.01013,1.475485,0.08712421,0.5676388,0.0180637,510.916,24,28.89577,0.9269352,39.97967,58.45894,5.913366,614.40868951317,606.4699,98.44947,1536.48309492829,1517.876,231.0612,81.16122,81.34451,25569,3472.179
13.60013,S,10.11014,1.538128,0.001640405,0.5569928,0.008788801,552.2324,23.80661,30.59383,0.4868259,39.77906,58.38112,5.95266,673.209382323575,664.3932,108.5935,1601.05021519916,1581.627,241.2969,81.06785,81.32571,25724.24,3495.787
13.70014,S,10.21014,1.606941,-0.07760235,0.5472897,-0.02604536,597.7209,23.58537,32.56755,-1.563676,39.57844,58.24907,5.974599,739.235138482073,728.8169,123.671,1671.95421561423,1651.544,253.1133,80.96066,81.28673,25886.2,3520.495
13.80014,S,10.31014,1.682499,0.1073154,0.5388775,0.02961827,646.0604,23.34438,34.8807,1.935031,39.37783,58.12939,6.000501,810.559702070736,800.4988,127.3134,1749.74983812876,1728.327,265.6307,81.13236,81.26244,26055.52,3546.43
13.90014,S,10.41014,1.765381,-0.09685093,0.5323007,-0.02255719,697.5784,23.08236,37.62454,-1.609953,39.17722,58.0159,6.028379,888.172706793341,875.8394,147.4995,1835.01744392798,1812.481,279.3733,80.91427,81.23747,26232.92,3573.663
14.00014,S,10.51015,1.856232,0.05827064,0.5282962,0.008692872,752.3209,22.79795,40.93071,0.6803384,38.9766,57.90089,6.055772,972.192668046725,959.6059,155.933,1928.39666264376,1904.586,294.7674,81.0452,81.20229,26419.16,3602.364
14.10014,S,10.61015,1.955743,-0.0005584229,0.5277891,0.007222913,810.4982,22.48974,44.98429,0.6221188,38.77599,57.74673,6.070639,1063.38229196618,1049.637,170.4232,2030.57010398363,2005.475,310.918,80.98225,81.18733,26615.09,3632.635
14.20015,S,10.71015,2.064773,-0.05090386,0.5046195,-0.01813056,872.2128,22.15627,47.48277,-1.724736,38.57537,57.54421,6.070028,1165.898912958,1149.914,192.4008,2142.42559068683,2115.802,329.3686,80.90701,81.15174,26821.62,3664.632
14.30015,S,10.81015,2.18455,0.08317465,0.4723411,0.02321975,937.6716,21.796,49.2512,2.448722,38.37476,57.28867,6.052452,1279.65460658767,1263.813,200.7302,2265.1799568564,2236.991,348.9114,81.03466,81.1348,27039.78,3698.539
14.40015,S,10.91015,2.316205,-0.09367062,0.4398676,-0.02279059,1007.038,21.40731,51.0103,-2.674187,38.17415,56.97902,6.01756,1405.15048622838,1385.716,232.8928,2399.94468562675,2369.977,370.7437,80.8424,81.10908,27270.69,3734.494
14.50015,S,11.01016,2.460999,0.09083948,0.4080005,0.01922518,1080.483,20.98851,52.81031,2.518874,37.97353,56.613,5.964629,1543.57810715159,1524.378,242.7037,2547.96156487216,2516.043,394.7045,81.01228,81.08438,27515.6,3772.76
14.60016,S,11.11016,2.620254,-0.07381648,0.3868789,-0.01267292,1158.168,20.53786,56.08267,-1.86028,37.77292,56.19142,5.893919,1694.76864757264,1671.926,277.3161,2710.50441224413,2676.516,420.5625,80.84311,81.0701,27775.91,3813.492
14.70016,S,11.21016,2.795465,0.04551454,0.3668278,0.004223503,1240.309,20.0535,59.74679,0.6968549,37.57231,55.73876,5.813266,1862.3459158803,1838.321,298.1748,2889.05056558632,2852.653,449.8127,80.94108,81.03925,28053.11,3856.996
14.80016,S,11.31016,2.98845,-0.007059711,0.3480419,0.004518939,1327.044,19.53353,63.89309,0.8407092,37.37169,55.22778,5.713948,2048.79714225939,2022.502,327.1932,3085.37134017674,3046.521,480.7491,80.89091,81.03252,28348.88,3903.498
14.90016,S,11.41017,3.201333,-0.03255254,0.329159,-0.01117704,1418.615,18.97596,68.32073,-2.351979,37.17108,54.64289,5.590981,2257.72421948917,2227.298,369.408,3301.54283291616,3259.767,516.2146,80.84312,81.0014,28665.09,3953.312
15.00016,S,11.51017,3.436625,0.06168376,0.3109401,0.01493424,1515.22,18.37871,73.19858,3.565716,36.97047,54.00655,5.451547,2492.65769792883,2461.812,390.9272,3540.00283928249,3495.227,553.921,80.93913,80.9947,29003.83,4006.801
15.10017,S,11.61017,3.696723,-0.08278039,0.293705,-0.01683386,1577.205,17.74041,78.6417,-4.571756,36.76985,53.31748,5.295241,2686.11785366978,2649.115,444.3184,3802.32080293225,3754.06,596.5499,80.7788,80.97075,29367.42,4064.277
15.20017,S,11.71017,3.975294,0.09083252,0.2770304,0.01621378,1646.754,17.08119,85.946,5.102604,36.56924,52.60286,5.130759,2908.17293336773,2872.623,453.3287,4082.51098282237,4030.634,641.4219,80.94713,80.95796,29757.85,4126.171
15.30017,S,11.81017,4.279872,-0.0890475,0.2602022,-0.01398897,1731.091,16.38945,91.73675,-5.004357,36.36863,51.85004,4.954052,3186.53395948979,3142.798,526.1363,4388.28807986542,4332.471,690.3521,80.76276,80.94639,30177.29,4192.695
15.40017,S,11.91018,4.615419,0.07771082,0.2458337,0.0103086,1813.704,15.66085,98.64144,4.198184,36.16801,51.05772,4.764708,3491.71731471472,3448.278,549.0616,4724.09269718053,4663.809,744.9531,80.91463,80.92477,30628.5,4264.445
15.50018,S,12.01018,4.948791,-0.0573557,0.2333824,-0.005444573,1530.359,14.96234,105.1542,-2.482886,35.9674,50.31182,4.590216,3032.96196890283,2992.281,495.0886,5048.0501383624,4983.72,795.9988,80.78581,80.92538,31112.86,4341.532
15.60018,S,12.11018,5.23886,0.02756666,0.223084,-0.0002940618,1275.34,14.37907,109.809,-0.146157,35.76678,49.69177,4.455997,2576.2211042904,2542.299,416.6905,5326.15146393205,5257.963,842.2028,80.84951,80.89986,31626.68,4423.513
15.70018,S,12.21018,5.486201,0.01427366,0.2145148,0.006268101,1049.17,13.89952,112.6831,3.318037,35.56617,49.1347,4.341928,2136.00545523139,2109.336,336.4832,5559.39085173126,5488.382,878.3792,80.84692,80.9073,32165.51,4509.604
15.80018,S,12.31019,5.69263,-0.05052141,0.2073938,-0.01057411,850.8635,13.51162,113.9523,-5.844908,35.36555,48.70312,4.268022,1723.17060905285,1697.466,296.5234,5750.01446693812,5676.251,910.7287,80.76215,80.88484,32725.02,4599.095
15.90019,S,12.41019,5.861008,0.08121499,0.201537,0.0138542,679.7948,13.20359,113.862,7.86305,35.16494,48.37104,4.22595,1347.3952344942,1332.622,198.9787,5901.33174068101,5825.715,934.3449,80.89923,80.88833,33301.17,4691.43
16.00019,S,12.51019,5.995008,-0.09730459,0.1968018,-0.0147246,534.2073,12.96411,112.6802,-8.459162,34.96433,48.12337,4.210892,1014.84546444432,996.8464,190.2855,6017.41138753341,5940.15,953.8402,80.71133,80.87759,33890.31,4785.84
16.10019,S,12.61019,6.098731,0.0954591,0.1937787,0.01283559,412.6248,12.78261,111.0725,7.374833,34.76371,47.94571,4.218237,727.419081309344,720.2502,101.8733,6102.70369001015,6024.201,968.3671,80.89551,80.86805,34489.18,4882.031
16.20019,S,12.7102,6.176459,-0.0780591,0.1915853,-0.008424286,312.2638,12.64936,108.8183,-4.79245,34.5631,47.82486,4.243764,486.116408490502,476.5854,95.78893,6161.76541287395,6082.587,977.291,80.72688,80.87228,35095,4979.312
16.3002,S,12.8102,6.232532,0.0253861,0.1900149,-0.001020518,231.2192,12.55563,106.0473,-0.5700822,34.36249,47.75187,4.284602,289.128448162145,284.1932,53.1929,6199.16557639023,6119.143,985.5108,80.80932,80.85087,35705.43,5077.493
16.4002,S,12.9102,6.271049,0.04610595,0.1889608,0.01027773,166.1731,12.49365,102.9099,5.599714,34.16187,47.66064,4.319605,131.5292528312,131.0147,11.62294,6219.12568707755,6139.047,987.4646,80.84164,80.86225,36318.56,5176.17
16.5002,S,13.0102,6.289865,-0.09765455,0.209765,-0.01589142,0,12.46201,110.6509,-8.374164,33.98173,47.61323,4.362082,-318.518670570998,-317.608,-24.06869,6216.41339099268,6136.087,988.7733,80.68161,80.84602,36932.66,5275.009
16.6002,S,13.1102,6.27532,0.1162665,0.210293,0.0164128,0,12.46201,106.2033,8.280687,33.98173,47.63572,4.369276,-306.343409335015,-299.4182,-64.76902,6185.30841911844,6105.327,984.1399,80.89224,80.84306,37544.55,5373.693
16.7002,S,13.21021,6.261815,-0.08614532,0.2107611,-0.00962059,0,12.46201,101.8367,-4.644084,33.98173,47.67779,4.38274,-295.134381453093,-293.6091,-29.96664,6155.34041705361,6075.81,978.9451,80.69351,80.84706,38153.46,5471.813
16.80021,S,13.31021,6.249338,0.02183646,0.2112038,-0.001870271,0,12.46201,97.56532,-0.86317,33.98173,47.72125,4.396648,-283.7038763139,-281.1549,-37.94485,6126.48517792724,6047,976.3375,80.78239,80.82828,38759.45,5569.588
16.90021,S,13.41021,6.237875,0.0822063,0.211649,0.01508283,0,12.46201,93.39701,6.649838,33.98173,47.70179,4.39042,-273.115041883294,-267.4458,-55.35856,6098.71560928633,6019.771,970.7699,80.85332,80.83915,39362.64,5666.954
17.00021,S,13.51021,6.227314,-0.1274571,0.2120512,-0.01902501,0,12.46201,90.32909,-8.097163,33.98173,47.70805,4.392423,-266.204251321015,-265.6919,-16.50811,6071.89090301671,5993.096,967.6827,80.63204,80.82783,39963.14,5763.842
17.10021,S,13.61022,6.217473,0.1108041,0.2123891,0.01339314,0,12.46201,87.16724,5.492053,33.98173,47.7409,4.402935,-256.92310929116,-252.0255,-49.92626,6045.8520593338,5967.211,964.6321,80.85944,80.81726,40561.02,5860.491
17.20022,S,13.71022,6.208374,-0.003555414,0.2127037,0.004809945,0,12.46201,84.13589,1.901023,33.98173,47.78133,4.415874,-248.93853825563,-245.7889,-39.4742,6020.60585169213,5942.467,959.5056,80.75538,80.82785,41156.38,5956.685
17.30022,S,13.81022,6.199994,-0.1060673,0.2130486,-0.01806263,0,12.46201,81.24886,-6.882877,33.98173,47.75679,4.408019,-242.56833962641,-242.044,-15.94056,5996.12370157954,5917.983,957.5363,80.63387,80.80913,41749.28,6052.521
17.40022,S,13.91022,6.171854,0.1404467,0.2140947,0.01989401,0,12.46201,78.74344,7.311207,33.98173,47.79919,4.421587,-235.417117250769,-229.7974,-51.13095,5972.33447284628,5894.466,953.94,80.87814,80.80715,42339.79,6148.126
17.50022,S,14.01023,6.147873,-0.07874918,0.2149415,-0.007051839,0,12.46201,76.26518,-2.5002,33.98173,47.87769,4.446708,-228.911333363051,-227.5358,-25.0571,5949.18437501696,5871.703,949.6909,80.66404,80.81253,42927.98,6243.283
17.60023,S,14.11023,6.124542,-0.0658535,0.2158277,-0.01375418,0,12.46201,73.89867,-4.705851,33.98173,47.89817,4.453263,-223.177742455837,-222.4078,-18.52229,5926.6594522781,5849.126,948.1844,80.6562,80.79205,43513.9,6338.174
17.70023,S,14.21023,6.10183,0.1464654,0.2167148,0.02224729,0,12.46201,71.62481,7.347393,33.98173,47.91273,4.457922,-217.077908108476,-211.6312,-48.32239,5904.73233398934,5827.538,944.3292,80.87167,80.79546,44097.61,6432.826
17.80023,S,14.31023,6.079718,-0.119886,0.2175105,-0.01412247,0,12.46201,69.40938,-4.503364,33.98173,47.975,4.477848,-211.582974198183,-210.885,-17.17183,5883.38339335867,5806.477,940.8343,80.60585,80.79625,44679.21,6527.054
17.90023,S,14.41023,6.05819,-0.05086138,0.2183181,-0.01235621,0,12.46201,67.28317,-3.805378,33.98173,48.01797,4.491598,-205.97139512243,-205.1712,-18.1382,5862.5975647872,5785.612,939.6307,80.65362,80.77524,45258.7,6621.081
18.00023,S,14.51024,6.037215,0.1696029,0.2191761,0.02583263,0,12.46201,65.25292,7.685601,33.98173,48.01556,4.490825,-200.724278662968,-195.2412,-46.59517,5842.34574419278,5765.708,935.8591,80.87906,80.78046,45836.15,6714.878
18.10024,S,14.61024,6.016778,-0.1148176,0.2198936,-0.01262573,0,12.46201,63.25832,-3.629701,33.98173,48.09053,4.514817,-195.575970182918,-194.8445,-16.89914,5822.61385856567,5746.272,932.447,80.59689,80.78296,46411.64,6808.266
18.20024,S,14.71024,5.996859,-0.09518298,0.220738,-0.01835646,0,12.46201,61.37415,-5.100501,33.98173,48.10923,4.520802,-191.051466894678,-190.6468,-12.42822,5803.37992776058,5726.933,931.5244,80.5947,80.76137,46985.2,6901.464
18.30024,S,14.81024,5.977435,0.1896176,0.221672,0.02752348,0,12.46201,59.58325,7.393293,33.98173,48.11729,4.52338,-186.069050507876,-180.901,-43.54905,5784.62133361586,5708.441,928.3708,80.8807,80.76279,47556.87,6994.485
18.40024,S,14.91025,5.958479,-0.04985688,0.2224429,-0.000846215,0,12.46201,57.8141,-0.2197978,33.98173,48.23049,4.559603,-181.070157942853,-179.5546,-23.37836,5766.31755863908,5690.499,924.6732,80.64864,80.77044,48126.73,7087.119
18.50025,S,15.01025,5.939989,-0.1725625,0.2233787,-0.0280683,0,12.46201,56.15074,-7.0512,33.98173,48.18346,4.544556,-178.223836927279,-178.1445,-5.317252,5748.46094528881,5672.545,923.8129,80.50547,80.75019,48694.79,7179.53
18.60025,S,15.11025,5.92194,0.1643126,0.2241574,0.0208398,0,12.46201,54.50777,5.064512,33.98173,48.2376,4.561879,-172.622609769585,-168.9214,-35.55455,5731.03021117954,5655.21,921.8082,80.83405,80.74212,49261.08,7271.838
18.70025,S,15.21025,5.904313,0.1028308,0.2249564,0.02021281,0,12.46201,52.92792,4.752885,33.98173,48.2718,4.572824,-168.514040405844,-165.0328,-34.07575,5714.00768123173,5638.602,917.8954,80.78429,80.75405,49825.68,7363.82
18.80025,S,15.31026,5.887109,-0.214901,0.2258061,-0.03103691,0,12.46201,51.41523,-7.062914,33.98173,48.27176,4.572809,-166.116006860013,-166.0824,-3.341279,5697.39193530392,5622.016,916.3592,80.4548,80.74249,50388.63,7455.506
18.90026,S,15.41026,5.870302,0.0009763174,0.2264616,-0.006810844,0,12.46201,49.91216,-1.500263,33.98173,48.37467,4.605741,-160.830449951556,-159.9351,-16.9469,5681.16143990016,5605.681,915.6687,80.65083,80.72286,50949.93,7547.121
19.00026,S,15.51026,5.853886,0.2243633,0.2273474,0.03459233,0,12.46201,48.51114,7.377185,33.98173,48.32306,4.589227,-157.571394335801,-152.6725,-38.98528,5665.30459870254,5590.152,912.3806,80.88152,80.73036,51509.63,7638.541
19.10026,S,15.61026,5.837841,-0.1004551,0.2279446,-0.008540107,0,12.46201,47.09783,-1.763596,33.98173,48.4302,4.623512,-153.61938352029,-152.8775,-15.07929,5649.80967619062,5574.929,909.4616,80.56084,80.73471,52067.81,7729.611
19.20026,S,15.71026,5.822165,-0.2112104,0.228792,-0.03431868,0,12.46201,45.78385,-6.863903,33.98173,48.38331,4.608507,-151.657945125978,-151.6498,-1.571776,5634.6685770562,5559.646,909.0854,80.42865,80.71346,52624.46,7820.53
19.30026,S,15.81027,5.806844,0.1659658,0.2293984,0.01990144,0,12.46201,44.46723,3.855741,33.98173,48.45474,4.631365,-146.594121240033,-143.8216,-28.37576,5619.87053661838,5544.883,907.6608,80.79568,80.70351,53179.61,7911.391
19.40027,S,15.91027,5.791855,0.1880259,0.2301592,0.03213007,0,12.46201,43.22453,6.031032,33.98173,48.44707,4.628909,-143.685928843991,-139.7545,-33.38152,5605.39338261496,5530.783,904.1881,80.82929,80.71526,53733.32,8001.985
19.50027,S,16.01027,5.777201,-0.209933,0.2307976,-0.02766319,0,12.46201,42.00091,-5.031668,33.98173,48.48815,4.642056,-141.325102835698,-141.2478,-4.673723,5591.23855126164,5516.74,902.3508,80.42651,80.71062,54285.62,8092.287
19.60027,S,16.11027,5.762868,-0.1684624,0.2314706,-0.03012148,0,12.46201,40.82452,-5.30992,33.98173,48.50834,4.648514,-138.409665468362,-138.365,-3.516002,5577.393368129,5502.719,902.2805,80.44526,80.68808,54836.53,8182.52
19.70027,S,16.21028,5.748846,0.2368226,0.2321302,0.03241736,0,12.46201,39.68484,5.539383,33.98173,48.52852,4.654973,-134.477056918327,-130.9245,-30.70593,5563.84890389624,5489.297,900.4277,80.84682,80.68454,55386.05,8272.679
19.80028,S,16.31028,5.735116,0.1588554,0.2327366,0.02923768,0,12.46201,38.57376,4.84356,33.98173,48.5644,4.666454,-131.504793710687,-128.3909,-28.44798,5550.58636565196,5476.393,897.1697,80.7803,80.69617,55934.27,8362.554
19.90028,S,16.41028,5.721684,-0.247117,0.2333921,-0.03438409,0,12.46201,37.5072,-5.523121,33.98173,48.57525,4.669927,-130.01259189156,-130.0029,-1.587464,5537.61076347367,5463.459,895.8531,80.36597,80.68797,56481.2,8452.182
20.00028,S,16.51028,5.708531,-0.1483141,0.2339492,-0.02797434,0,12.46201,36.45996,-4.357695,33.98173,48.61978,4.684176,-126.914293382094,-126.8462,-4.156851,5524.90616274832,5450.583,895.8444,80.44308,80.66645,57026.83,8541.771
20.10028,S,16.61028,5.695657,0.2585413,0.2346051,0.03633849,0,12.46201,35.46193,5.490318,33.98173,48.62022,4.684317,-123.590374788536,-120.1769,-28.84603,5512.46754473194,5438.28,894.0024,80.84792,80.66461,57571.21,8631.284
20.20028,S,16.71029,5.683041,0.150989,0.2352414,0.02855898,0,12.46201,34.49281,4.185688,33.98173,48.66794,4.699587,-120.893704440595,-118.2596,-25.0989,5500.28045600907,5426.416,891.0494,80.7505,80.67492,58114.39,8720.532
20.30029,S,16.81029,5.670678,-0.2640866,0.2361835,-0.03712015,0,12.46201,33.598,-5.278205,33.98173,48.66697,4.699276,-119.942667115529,-119.9411,-0.6131277,5488.33552583226,5414.49,889.9525,80.32639,80.66604,58656.38,8809.561
20.40029,S,16.91029,5.658549,-0.1643596,0.2369986,-0.03054301,0,12.46201,32.71264,-4.214027,33.98173,48.71036,4.713163,-117.27672566685,-117.2387,-2.986236,5476.61785760024,5402.601,890.0198,80.40509,80.64516,59197.18,8898.562
20.50029,S,17.01029,5.646657,0.2590703,0.2379021,0.03613223,0,12.46201,31.86622,4.837775,33.98173,48.7174,4.715414,-114.211332490243,-111.2806,-25.70713,5465.12545532967,5391.216,888.4252,80.82545,80.64226,59736.81,8987.505
20.60029,S,17.1103,5.634978,0.1755739,0.238722,0.03207227,0,12.46201,31.03411,4.167722,33.98173,48.75265,4.726696,-111.969918139928,-109.4465,-23.63739,5453.84214228104,5380.227,885.7224,80.75105,80.65151,60275.32,9076.21
20.7003,S,17.2103,5.623524,-0.2559348,0.2396918,-0.03532912,0,12.46201,30.24606,-4.456289,33.98173,48.76586,4.730923,-111.065427291954,-111.0574,-1.335307,5442.77543215295,5369.194,884.6068,80.3121,80.64423,60812.74,9164.708
20.8003,S,17.3103,5.612271,-0.1951084,0.2407731,-0.0347951,0,12.46201,29.4946,-4.260693,33.98173,48.78999,4.738643,-109.071346102662,-109.0604,-1.545216,5431.90028322727,5358.155,884.694,80.35294,80.62439,61349.05,9253.173
20.9003,S,17.4103,5.601222,0.2479511,0.2418443,0.03358864,0,12.46201,28.76341,3.993257,33.98173,48.81577,4.746894,-106.088860891436,-103.7229,-22.28018,5421.22286514746,5347.544,883.4122,80.79095,80.61948,61884.28,9341.596
21.0003,S,17.51031,5.590357,0.2213374,0.2429622,0.03838916,0,12.46201,28.05821,4.431621,33.98173,48.82346,4.749354,-104.332789288294,-101.7456,-23.09034,5410.72314599856,5337.315,880.9181,80.77259,80.62788,62418.47,9429.812
21.10031,S,17.61031,5.579684,-0.2315859,0.2439699,-0.03030751,0,12.46201,27.36035,-3.397591,33.98173,48.86907,4.76395,-103.30039525423,-103.2611,-2.849015,5400.40889404815,5327.067,879.6675,80.3149,80.62328,62951.64,9517.822
21.20031,S,17.71031,5.569192,-0.2542498,0.2451466,-0.04280769,0,12.46201,26.70069,-4.660756,33.98173,48.85329,4.7589,-102.114308760087,-102.1124,0.6243555,5390.27015915276,5316.769,879.7838,80.27304,80.60421,63483.78,9605.794
21.30031,S,17.81031,5.558881,0.1999083,0.2460669,0.02442619,0,12.46201,26.03197,2.583151,33.98173,48.92904,4.783138,-98.9238788185345,-97.35215,-17.56396,5380.30468315253,5306.805,878.9489,80.71851,80.59566,64014.9,9693.748
21.40031,S,17.91031,5.548736,0.2865456,0.247318,0.04692083,0,12.46201,25.41617,4.820175,33.98173,48.88286,4.768363,-97.590666219597,-94.84238,-22.99698,5370.50079963658,5297.242,876.6933,80.81207,80.60274,64545.05,9781.533
21.50031,S,18.01032,5.538762,-0.1516598,0.2481479,-0.01580239,0,12.46201,24.77473,-1.577125,33.98173,48.99635,4.80468,-96.1217729251694,-95.90683,-6.424577,5360.8614441432,5287.725,875.1613,80.37328,80.60228,65074.25,9869.111
21.60032,S,18.11032,5.528949,-0.3148574,0.2494713,-0.05022876,0,12.46201,24.19946,-4.870624,33.98173,48.91371,4.778234,-95.8559928904079,-95.83093,2.191855,5351.37654447529,5278.105,875.1833,80.19289,80.58522,65602.5,9956.623
21.70032,S,18.21032,5.519296,0.07961225,0.2502301,0.003555383,0,12.46201,23.58594,0.3350036,33.98173,49.07406,4.829547,-92.7013037545514,-92.0668,-10.82756,5342.0471504544,5268.702,874.8481,80.57427,80.57227,66129.79,10044.14
21.80032,S,18.31032,5.509796,0.3255146,0.2515814,0.05067411,0,12.46201,23.0442,4.640028,33.98173,48.95189,4.790451,-91.445937196963,-88.86703,-21.5641,5332.86474154002,5259.702,872.9952,80.82384,80.57607,66656.16,10131.54
21.90032,S,18.41033,5.500445,0.0001597184,0.252338,0.008725582,0,12.46201,22.46338,0.7764983,33.98173,49.09731,4.836985,-89.7586295318645,-89.02263,-11.47096,5323.82863912383,5250.835,871.2338,80.50143,80.57914,67181.64,10218.74
22.00033,S,18.51033,5.491244,-0.3252187,0.2536623,-0.04941684,0,12.46201,21.94808,-4.274363,33.98173,48.99406,4.803946,-89.8599720518731,-89.84566,1.603732,5314.93492785205,5241.863,870.962,80.16298,80.5662,67706.23,10305.84
22.10033,S,18.61033,5.482181,-0.07712922,0.2544658,-0.01957433,0,12.46201,21.40212,-1.64578,33.98173,49.10227,4.838573,-87.4774077602171,-87.34132,-4.87757,5306.17433220483,5232.987,870.9207,80.39567,80.55093,68229.92,10392.93
22.20033,S,18.71033,5.473258,0.3135879,0.2557165,0.0464193,0,12.46201,20.90792,3.794113,33.98173,49.04042,4.818783,-85.8004093553271,-83.77589,-18.52864,5297.55008510067,5224.469,869.569,80.78556,80.55022,68752.75,10479.97
22.30033,S,18.81034,5.464467,0.1412781,0.2566001,0.02839295,0,12.46201,20.39716,2.256238,33.98173,49.11271,4.841914,-84.3648824650316,-83.12855,-14.39019,5289.05311820908,5216.151,867.7945,80.61729,80.55439,69274.74,10566.83
22.40034,S,18.91034,5.455812,-0.2921138,0.257751,-0.04190733,0,12.46201,19.92098,-3.237901,33.98173,49.09043,4.834784,-84.2446929154618,-84.24446,-0.1981003,5280.6866861152,5207.768,867.1959,80.17525,80.54588,69795.89,10653.57
22.50034,S,19.01034,5.447285,-0.1937026,0.2587311,-0.03546423,0,12.46201,19.44428,-2.664396,33.98173,49.12764,4.846693,-82.7998652021618,-82.7868,-1.470858,5272.44424277793,5199.401,867.2492,80.25803,80.53036,70316.2,10740.29
22.60034,S,19.11034,5.438883,0.2602799,0.2597716,0.03587764,0,12.46201,18.98468,2.621213,33.98173,49.14417,4.851983,-80.7273666649055,-79.36926,-14.74545,5264.32251542566,5191.314,866.3643,80.70692,80.52538,70835.7,10826.99
22.70034,S,19.21034,5.430598,0.2296022,0.2608452,0.04007305,0,12.46201,18.53939,2.847302,33.98173,49.14919,4.853586,-79.5914133463058,-78.14023,-15.12936,5256.31434548809,5183.468,864.7315,80.6796,80.52886,71354.41,10913.54
22.80034,S,19.31035,5.421715,-0.2239407,0.2618298,-0.0293788,0,12.46201,18.09949,-2.03026,33.98173,49.2002,4.869912,-79.132894554167,-79.09274,-2.520611,5248.42316328663,5175.609,863.8809,80.22098,80.5239,71872.34,10999.96
22.90035,S,19.41035,5.411712,-0.2470078,0.263069,-0.04201512,0,12.46201,17.6882,-2.824174,33.98173,49.18359,4.864596,-78.3835248929892,-78.38281,-0.3347703,5240.63754413569,5167.714,863.879,80.1836,80.5097,72389.48,11086.35
23.00035,S,19.51035,5.401834,0.196174,0.2640656,0.02443885,0,12.46201,17.2713,1.597966,33.98173,49.25768,4.888306,-76.2974883741824,-75.43678,-11.42799,5232.96393004082,5160.031,863.2921,80.61913,80.50217,72905.85,11172.72
23.10035,S,19.61035,5.392067,0.259833,0.2653499,0.04344644,0,12.46201,16.88349,2.763581,33.98173,49.22138,4.876688,-75.3097784276876,-73.95305,-14.23057,5225.38528873264,5152.585,861.8711,80.68457,80.50407,73421.44,11258.97
23.20035,S,19.71036,5.382413,-0.1680669,0.2671385,-0.01965261,0,12.46201,16.53634,-1.216184,33.98173,49.31409,4.906356,-74.8687883712765,-74.76465,-3.947478,5217.90565031694,5145.156,860.9444,80.25314,80.50064,73936.3,11345.11
23.30036,S,19.81036,5.372866,-0.2593161,0.2684716,-0.04297607,0,12.46201,16.16927,-2.587595,33.98173,49.26413,4.890368,-74.4149636817684,-74.41433,-0.3071,5210.52016976283,5137.679,860.8671,80.14905,80.48792,74450.4,11431.19
23.40036,S,19.91036,5.363429,0.1523158,0.2694528,0.01714512,0,12.46201,15.79042,1.004455,33.98173,49.36291,4.921978,-72.5143701963445,-71.91541,-9.300951,5203.23195565278,5130.364,860.4138,80.55218,80.47952,74963.77,11517.26
23.50036,S,20.01036,5.354099,0.2486888,0.2707812,0.04126327,0,12.46201,15.44108,2.352357,33.98173,49.30993,4.905025,-71.5654930608111,-70.45029,-12.58477,5196.03645868528,5123.273,859.1918,80.6488,80.47987,75476.41,11603.25
23.60036,S,20.11036,5.344873,-0.1513997,0.271782,-0.01736351,0,12.46201,15.0819,-0.9632849,33.98173,49.40267,4.934702,-71.0638517289896,-70.95183,-3.988589,5188.93257121708,5116.212,858.3416,80.24496,80.47624,75988.34,11689.11
23.70037,S,20.21037,5.335751,-0.2261388,0.273082,-0.03808793,0,12.46201,14.748,-2.056415,33.98173,49.35949,4.920885,-70.5766028555926,-70.5685,-1.069429,5181.92076787551,5109.123,858.2082,80.1586,80.46472,76499.57,11774.94
23.80037,S,20.31037,5.326728,0.1670066,0.2741287,0.02059407,0,12.46201,14.40877,1.082179,33.98173,49.43251,4.944249,-68.9409082820797,-68.36103,-8.922915,5174.99514168812,5102.182,857.7162,80.54428,80.45736,77010.1,11860.74
23.90037,S,20.41037,5.317799,0.1923901,0.2753793,0.03358253,0,12.46201,14.08843,1.717632,33.98173,49.4125,4.937848,-68.0731491449639,-67.2733,-10.40465,5168.14990857175,5095.421,856.6432,80.56886,80.45667,77519.95,11946.46
24.00037,S,20.51037,5.308965,-0.1890582,0.2764921,-0.02530951,0,12.46201,13.7689,-1.260048,33.98173,49.45718,4.952146,-67.7877849353045,-67.73449,-2.687499,5161.39010892232,5088.672,856.0103,80.18182,80.45117,78029.11,12032.09
24.10037,S,20.61038,5.300226,-0.1357388,0.277667,-0.02594374,0,12.46201,13.46023,-1.257329,33.98173,49.47458,4.957711,-66.9962704529721,-66.94701,-2.568678,5154.71190720407,5081.927,855.841,80.22445,80.44058,78537.61,12117.68
24.20038,S,20.71038,5.291576,0.2069945,0.2788659,0.02992565,0,12.46201,13.16016,1.411882,33.98173,49.48159,4.959957,-65.6907337216488,-65.03754,-9.240719,5148.1113356538,5075.342,855.1926,80.56203,80.43553,79045.43,12203.24
24.30038,S,20.81038,5.283014,0.04351892,0.2799557,0.01302813,0,12.46201,12.86226,0.5984122,33.98173,49.55265,4.982695,-65.0105792591502,-64.628,-7.042516,5141.58669786976,5068.875,854.303,80.39625,80.43333,79552.61,12288.71
24.40038,S,20.91038,5.274539,-0.2006604,0.2812272,-0.03131466,0,12.46201,12.57976,-1.400408,33.98173,49.5153,4.970742,-64.7924374037248,-64.76643,-1.835617,5135.13929061617,5062.395,853.9503,80.14384,80.42519,80059.15,12374.12
24.50038,S,21.01039,5.266148,0.07260855,0.2822946,0.005519082,0,12.46201,12.29503,0.240318,33.98173,49.61381,5.002265,-63.6098255748925,-63.33598,-5.896062,5128.76389821438,5055.986,853.6091,80.40885,80.41705,80565.03,12459.5
24.60039,S,21.11039,5.257838,0.1451109,0.2835482,0.02551216,0,12.46201,12.02512,1.081691,33.98173,49.57043,4.988385,-62.7888238439753,-62.28678,-7.924231,5122.45859264877,5049.723,852.8276,80.47821,80.414,81070.28,12544.82
24.70039,S,21.21039,5.249609,-0.1505754,0.2847061,-0.02086102,0,12.46201,11.75759,-0.8612944,33.98173,49.60326,4.998892,-62.5067220629585,-62.44105,-2.864538,5116.22308595138,5043.486,852.3089,80.17652,80.4081,81574.91,12630.08
24.80039,S,21.31039,5.241459,-0.01339236,0.2858467,-0.007279926,0,12.46201,11.49575,-0.2927027,33.98173,49.66391,5.018297,-61.6726900832244,-61.52923,-4.204112,5110.05810728916,5037.281,852.0217,80.30519,80.39967,82078.91,12715.29
24.90039,S,21.41039,5.233385,0.1394588,0.2870913,0.0231551,0,12.46201,11.24421,0.9066767,33.98173,49.63283,5.008352,-60.7940362321052,-60.37188,-7.151989,5103.95701033765,5031.201,851.3813,80.45365,80.39538,82582.3,12800.47
25.00039,S,21.5104,5.225385,-0.1094115,0.2882421,-0.01398231,0,12.46201,10.99496,-0.533228,33.98173,49.6794,5.023256,-60.4521427320819,-60.35753,-3.380848,5097.92011946385,5025.167,850.8527,80.19923,80.38992,83085.09,12885.58
25.1004,S,21.6104,5.217458,-0.01623311,0.2894178,-0.006705702,0,12.46201,10.75253,-0.249074,33.98173,49.7202,5.03631,-59.7516844638344,-59.6174,-4.003675,5091.94698750164,5019.16,850.5444,80.28445,80.38206,83587.28,12970.65
25.2004,S,21.7104,5.209605,0.1112349,0.2906493,0.01865102,0,12.46201,10.51784,0.6747755,33.98173,49.70081,5.030107,-58.9538877041586,-58.62091,-6.256979,5086.03681018093,5013.261,849.9774,80.40701,80.37725,84088.87,13055.67
25.3004,S,21.8104,5.201819,-0.08824499,0.2918228,-0.01135087,0,12.46201,10.28653,-0.4000179,33.98173,49.74136,5.043082,-58.5958560831591,-58.49578,-3.423167,5080.1853030607,5007.407,849.4951,80.20177,80.37157,84589.86,13140.64
25.4004,S,21.91041,5.194104,-0.01725038,0.2930137,-0.005906396,0,12.46201,10.06124,-0.2027624,33.98173,49.77614,5.054213,-57.9634311327062,-57.83666,-3.831463,5074.39392998135,5001.586,849.1761,80.26523,80.36413,85090.28,13225.58
25.50041,S,22.01041,5.186456,0.09270934,0.2942415,0.01514845,0,12.46201,9.842436,0.5066044,33.98173,49.76476,5.05057,-57.2418587124877,-56.97263,-5.545252,5068.66084370385,4995.856,848.6706,80.36989,80.35892,85590.12,13310.47
25.60041,S,22.11041,5.178873,-0.05809359,0.2954285,-0.006870594,0,12.46201,9.627324,-0.2238467,33.98173,49.80817,5.064463,-56.8544684871326,-56.7407,-3.594934,5062.98364579286,4990.175,848.2098,80.21336,80.35329,86089.4,13395.31
25.70041,S,22.21041,5.171352,-0.03407587,0.2966414,-0.007528682,0,12.46201,9.418023,-0.2389741,33.98173,49.82349,5.069363,-56.3210477160076,-56.21412,-3.46888,5057.35984497235,4984.524,847.8896,80.23014,80.34614,86588.11,13480.12
25.80041,S,22.31042,5.163893,0.07557282,0.2978655,0.01155904,0,12.46201,9.213889,0.3574778,33.98173,49.8281,5.070838,-55.6520625505021,-55.43581,-4.90133,5051.78813896804,4978.946,847.4516,80.33398,80.34043,87086.25,13564.89
25.90042,S,22.41042,5.156497,-0.02052924,0.2990686,-0.001197074,0,12.46201,9.0138,-0.03607143,33.98173,49.87795,5.086791,-55.2286575736719,-55.09674,-3.814952,5046.27014712428,4973.424,847.0046,80.23228,80.33491,87583.84,13649.61
26.00042,S,22.51042,5.14916,-0.04946532,0.3002997,-0.008788437,0,12.46201,8.819123,-0.2580408,33.98173,49.87104,5.084581,-54.7888269384322,-54.69715,-3.168176,5040.80328033374,4967.933,846.6787,80.19643,80.32808,88080.88,13734.29
26.10042,S,22.61042,5.141882,0.04804853,0.3015215,0.006478436,0,12.46201,8.628616,0.1853532,33.98173,49.89531,5.092346,-54.1838336181783,-54.01951,-4.216677,5035.38655167346,4962.501,846.3052,80.28766,80.32188,88577.38,13818.94
26.20042,S,22.71042,5.134661,0.01656772,0.3027482,0.004017066,0,12.46201,8.44258,0.111998,33.98173,49.91998,5.100241,-53.7230430148193,-53.57754,-3.951273,5030.01670653658,4957.125,845.8823,80.25054,80.31634,89073.33,13903.55
26.30042,S,22.81043,5.127495,-0.04699608,0.3039861,-0.00723842,0,12.46201,8.26108,-0.1966686,33.98173,49.9266,5.102358,-53.3389054650129,-53.24938,-3.089072,5024.69542905297,4951.784,845.5421,80.18047,80.30992,89568.74,13988.12
26.40043,S,22.91043,5.120383,0.009848951,0.3052177,0.0003254277,0,12.46201,8.08351,0.008616959,33.98173,49.96523,5.11472,-52.8264113018074,-52.70788,-3.536823,5019.42017927249,4946.487,845.2172,80.23071,80.30339,90063.64,14072.66
26.50043,S,23.01043,5.113326,0.03620023,0.3064637,0.006094129,0,12.46201,7.910331,0.1572668,33.98173,49.96355,5.114182,-52.3433277692833,-52.20214,-3.841945,5014.18983938148,4941.245,844.8373,80.25117,80.29758,90557.99,14157.17
26.60043,S,23.11043,5.106322,-0.02066335,0.3077058,-0.00242417,0,12.46201,7.740958,-0.06097229,33.98173,49.99173,5.123201,-51.9653171815734,-51.86578,-3.214818,5009.00564279322,4936.045,844.485,80.18816,80.29153,91051.82,14241.63
26.70043,S,23.21044,5.099367,-0.02085659,0.3089572,-0.003893336,0,12.46201,7.575605,-0.09544472,33.98173,50.00352,5.126975,-51.5504188910866,-51.45968,-3.05729,5003.86212374244,4930.878,844.1803,80.18134,80.28499,91545.14,14326.06
26.80044,S,23.31044,5.092462,0.02498602,0.3102114,0.003463509,0,12.46201,7.41402,0.08276068,33.98173,50.00189,5.126452,-51.0866116627562,-50.97049,-3.442534,4998.76111898866,4925.758,843.8529,80.2209,80.27878,92037.95,14410.47
26.90044,S,23.41044,5.085606,0.01173933,0.3114698,0.00246141,0,12.46201,7.256144,0.05733056,33.98173,50.01999,5.132244,-50.6877589156761,-50.57951,-3.310902,4993.70092090233,4920.682,843.5102,80.20161,80.27282,92530.24,14494.83
27.00044,S,23.51044,5.078799,-0.02141648,0.3127338,-0.003149847,0,12.46201,7.101917,-0.071516,33.98173,50.03263,5.136289,-50.3276153583882,-50.24297,-2.917676,4988.68227643134,4915.642,843.2028,80.16207,80.26652,93022.04,14579.17
27.10044,S,23.61045,5.072042,-0.003600519,0.3140007,-0.001097894,0,12.46201,6.951189,-0.02429978,33.98173,50.05388,5.14309,-49.9271573770859,-49.8385,-2.974048,4983.70591907866,4910.642,842.9119,80.17339,80.2601,93513.33,14663.47
27.20045,S,23.71045,5.065328,0.01944455,0.3152744,0.002974848,0,12.46201,6.803937,0.06418748,33.98173,50.06256,5.145868,-49.5242906887618,-49.42485,-3.136809,4978.76506316262,4905.681,842.6035,80.19019,80.25393,94004.12,14747.75
27.30045,S,23.81045,5.05866,0.002046956,0.3165511,0.0007480953,0,12.46201,6.660026,0.01573634,33.98173,50.08422,5.152799,-49.1682820344681,-49.07956,-2.952414,4973.8621041479,4900.758,842.2974,80.16658,80.2478,94494.41,14832
27.40045,S,23.91045,5.052035,-0.01338497,0.3178341,-0.002113397,0,12.46201,6.519391,-0.04334139,33.98173,50.09437,5.156046,-48.824349357804,-48.74727,-2.7424,4968.99681371318,4895.869,842.0154,80.14472,80.24146,94984.22,14916.21
27.50045,S,24.01045,5.045455,0.003130413,0.3191211,0.0001553869,0,12.46201,6.381963,0.003106912,33.98173,50.11501,5.162652,-48.4580742076043,-48.37698,-2.802278,4964.16613925518,4891.014,841.7395,80.1548,80.2351,95473.53,15000.4
27.60045,S,24.11046,5.038917,0.01182941,0.320414,0.00193477,0,12.46201,6.247646,0.03771817,33.98173,50.12369,5.165427,-48.1033018673043,-48.01979,-2.83327,4959.37262553942,4886.198,841.4559,80.15721,80.22889,95962.37,15084.56
27.70046,S,24.21046,5.032418,-0.002819878,0.3217115,-0.0001924653,0,12.46201,6.116358,-0.003658438,33.98173,50.14349,5.171765,-47.7784024574138,-47.70362,-2.672149,4954.61112480662,4881.413,841.1805,80.13622,80.22263,96450.72,15168.69
27.80046,S,24.31046,5.025961,-0.007498455,0.3230147,-0.001272584,0,12.46201,5.988026,-0.02358658,33.98173,50.15423,5.175201,-47.4550526147326,-47.38558,-2.566871,4949.88381575068,4876.66,840.9203,80.12509,80.21626,96938.6,15252.8
27.90046,S,24.41046,5.019546,0.004603941,0.3243227,0.0005358394,0,12.46201,5.862616,0.00968426,33.98173,50.17069,5.180469,-47.1233303732247,-47.05165,-2.598172,4945.19046373651,4871.941,840.6624,80.13077,80.20991,97426.01,15336.88
28.00046,S,24.51047,5.013166,0.007379142,0.3256367,0.001244673,0,12.46201,5.740011,0.02193579,33.98173,50.18247,5.184238,-46.8050833492372,-46.73408,-2.577129,4940.52737913639,4867.253,840.4026,80.12719,80.20364,97912.94,15420.93
28.10047,S,24.61047,5.006827,-0.002151243,0.3269557,-0.0001955513,0,12.46201,5.620168,-0.003360779,33.98173,50.19979,5.189779,-46.5052388737491,-46.44004,-2.461692,4935.89731591234,4862.597,840.1511,80.11126,80.19731,98399.41,15504.96
28.20047,S,24.71047,5.000524,-0.004186883,0.3282806,-0.000723788,0,12.46201,5.502995,-0.01213066,33.98173,50.212,5.193688,-46.2073816277288,-46.14556,-2.389437,4931.29660728329,4857.969,839.9096,80.10276,80.19093,98885.41,15588.96
28.30047,S,24.81047,4.994257,0.003216551,0.3296111,0.0003932347,0,12.46201,5.388481,0.006427411,33.98173,50.2269,5.198456,-45.907961137746,-45.84582,-2.38782,4926.72601861339,4853.371,839.671,80.10371,80.18454,99370.95,15672.94
28.40047,S,24.91047,4.988027,0.005230611,0.3309474,0.000865264,0,12.46201,5.276488,0.01379287,33.98173,50.23916,5.202378,-45.6184520507597,-45.55743,-2.358758,4922.18422821963,4848.802,839.4334,80.0993,80.17821,99856.04,15756.9
28.50047,S,25.01048,4.981832,-0.0002552967,0.3322894,0.00005052212,0,12.46201,5.167023,0.0007854635,33.98173,50.25547,5.207598,-45.341756361411,-45.28445,-2.278916,4917.6720859604,4844.262,839.2017,80.08738,80.17184,100340.7,15840.83
28.60048,S,25.11048,4.975672,-0.00241551,0.3336373,-0.0004011581,0,12.46201,5.059986,-0.006082907,33.98173,50.26799,5.211604,-45.0694675828245,-45.01497,-2.215713,4913.18792707636,4839.749,838.9777,80.07873,80.16543,100824.8,15924.74
28.70048,S,25.21048,4.969544,0.001503353,0.3349915,0.0001639459,0,12.46201,4.955317,0.002424709,33.98173,50.28233,5.216193,-44.7984099360888,-44.74472,-2.192616,4908.73006283809,4835.262,838.7573,80.07616,80.15901,101308.6,16008.62
28.80048,S,25.31048,4.96345,0.003929632,0.3363517,0.000620813,0,12.46201,4.852983,0.008955663,33.98173,50.2944,5.220054,-44.5339786422553,-44.4813,-2.165457,4904.29932020713,4830.802,838.5396,80.07211,80.15261,101791.9,16092.49
28.90048,S,25.41049,4.95739,0.001474972,0.3377179,0.0002876879,0,12.46201,4.752905,0.004048078,33.98173,50.30892,5.224701,-44.2789883884125,-44.22868,-2.110137,4899.89594095142,4826.369,838.326,80.06318,80.1462,102274.7,16176.33
29.00049,S,25.51049,4.951359,-0.0009008891,0.3390907,-0.0001298492,0,12.46201,4.655031,-0.001782249,33.98173,50.32283,5.229152,-44.0299873261264,-43.98208,-2.053393,4895.51624864576,4821.959,838.118,80.05429,80.13977,102757.1,16260.15
29.10049,S,25.61049,4.945363,0.0003449742,0.3404694,0.00001522688,0,12.46201,4.559333,0.0002038718,33.98173,50.33653,5.233538,-43.7840736542769,-43.73757,-2.017443,4891.1650105521,4817.577,837.9147,80.04902,80.13332,103239,16343.95
29.20049,S,25.71049,4.939396,0.002584506,0.3418547,0.0003861292,0,12.46201,4.465756,0.005043235,33.98173,50.34864,5.237413,-43.5426808918846,-43.4972,-1.989636,4886.8360321876,4813.217,837.7144,80.04474,80.12688,103720.5,16427.73
29.30049,S,25.8105,4.933458,0.002402095,0.3432465,0.0004003044,0,12.46201,4.374229,0.005100459,33.98173,50.36184,5.241636,-43.3081162608038,-43.26417,-1.95052,4882.53035117013,4808.88,837.5175,80.03802,80.12043,104201.6,16511.5
29.4005,S,25.9105,4.927548,0.0006944343,0.3446451,0.0001337189,0,12.46201,4.284706,0.001662132,33.98173,50.37588,5.246129,-43.0798672961721,-43.0378,-1.903349,4878.247172768,4804.565,837.3251,80.02978,80.11395,104682.3,16595.24
29.5005,S,26.0105,4.921668,0.0002304311,0.3460504,0.00002873626,0,12.46201,4.197141,0.0003484726,33.98173,50.38934,5.250437,-42.8559566452566,-42.81547,-1.862404,4873.9874504985,4800.273,837.1369,80.02276,80.10747,105162.5,16678.96
29.6005,S,26.1105,4.915816,0.001370354,0.3474624,0.0001949388,0,12.46201,4.111508,0.002306302,33.98173,50.40189,5.254453,-42.6359266297687,-42.59661,-1.830589,4869.7491302386,4796.002,836.9525,80.01733,80.10098,105642.3,16762.67
29.7005,S,26.2105,4.909993,0.002229613,0.3488812,0.0003482201,0,12.46201,4.027742,0.004019415,33.98173,50.41444,5.258467,-42.4207707420621,-42.38261,-1.798933,4865.53506080599,4791.755,836.7713,80.01162,80.09447,106121.7,16846.35
29.8005,S,26.31051,4.904196,0.001840802,0.350307,0.0003039884,0,12.46201,3.945802,0.003423488,33.98173,50.42756,5.262666,-42.2110982210353,-42.1743,-1.762167,4861.34132393655,4787.528,836.5934,80.00465,80.08797,106600.6,16930.02
29.90051,S,26.41051,4.898426,0.001057894,0.3517399,0.0001763962,0,12.46201,3.865641,0.001938272,33.98173,50.4409,5.266935,-42.0062979702936,-41.97091,-1.723886,4857.16802574475,4783.321,836.4194,79.99727,80.08145,107079.1,17013.67
30.00051,S,26.51051,4.892683,0.0009830786,0.3531797,0.0001505922,0,12.46201,3.787238,0.001614564,33.98173,50.45387,5.271086,-41.8056247694735,-41.77148,-1.689296,4853.01510286814,4779.134,836.2489,79.99059,80.07491,107557.2,17097.3
30.10051,S,26.61051,4.886962,0.001585456,0.3546272,0.0002406342,0,12.46201,3.710519,0.002517364,33.98173,50.46643,5.275104,-41.6088678128732,-41.5758,-1.658534,4848.88057534722,4774.965,836.0819,79.98457,80.06836,108034.9,17180.92
30.20051,S,26.71052,4.88127,0.001995354,0.3560815,0.0003143073,0,12.46201,3.635479,0.003208434,33.98173,50.47898,5.279122,-41.4164965312655,-41.38449,-1.627935,4844.76826553649,4770.818,835.9177,79.97836,80.06182,108512.2,17264.52
30.30052,S,26.81052,4.875602,0.001835679,0.3575433,0.0002963535,0,12.46201,3.562064,0.002951956,33.98173,50.4918,5.283223,-41.2286177943644,-41.19773,-1.595609,4840.67429815071,4766.689,835.7567,79.97158,80.05525,108989,17348.1
30.40052,S,26.91052,4.869959,0.001491673,0.3590123,0.0002407908,0,12.46201,3.490247,0.002340527,33.98173,50.50467,5.287343,-41.0449824707589,-41.01521,-1.563053,4836.60064274275,4762.58,835.5989,79.9646,80.04869,109465.5,17431.67
30.50052,S,27.01052,4.864339,0.001433363,0.3604891,0.0002261018,0,12.46201,3.419965,0.002144672,33.98173,50.51739,5.291411,-40.8651442234003,-40.83641,-1.532198,4832.54432403659,4758.488,835.4441,79.95789,80.04211,109941.5,17515.23
30.60052,S,27.11053,4.858743,0.001700384,0.3619735,0.00026498,0,12.46201,3.351198,0.002452809,33.98173,50.52988,5.295409,-40.6890285974382,-40.66125,-1.503262,4828.50535286175,4754.413,835.2924,79.9515,80.03552,110417.1,17598.76
30.70053,S,27.21053,4.853088,0.00196679,0.3634714,0.0003095618,0,12.46201,3.283978,0.002796438,33.98173,50.54251,5.299449,-40.5168698359708,-40.49001,-1.47507,4824.48565605322,4750.357,835.1436,79.9451,80.02892,110892.3,17682.28
30.80053,S,27.31053,4.844857,0.001993016,0.3651674,0.0003180619,0,12.46201,3.21986,0.002804043,33.98173,50.56108,5.305392,-40.3527854926867,-40.32682,-1.447372,4820.48128447888,4746.316,834.9976,79.93845,80.02232,111367.1,17765.79
30.90053,S,27.41053,4.836667,0.001867936,0.3668718,0.0002993003,0,12.46201,3.157094,0.002575186,33.98173,50.57967,5.311342,-40.1922496515976,-40.16717,-1.419643,4816.49325496351,4742.291,834.8546,79.93163,80.01569,111841.6,17849.29
31.00053,S,27.51053,4.828512,0.001803036,0.3685855,0.0002869969,0,12.46201,3.095623,0.002409992,33.98173,50.59818,5.317266,-40.0350284665711,-40.0108,-1.392619,4812.52247754033,4738.283,834.7142,79.92487,80.00907,112315.6,17932.76
31.10053,S,27.61054,4.820396,0.001892254,0.3703078,0.0002993484,0,12.46201,3.035441,0.002453379,33.98173,50.61656,5.323146,-39.8810337921966,-39.85761,-1.366668,4808.5679997204,4734.291,834.5765,79.91824,80.00243,112789.2,18016.22
31.20054,S,27.71054,4.812315,0.002055821,0.3720395,0.0003253085,0,12.46201,2.976498,0.002602202,33.98173,50.63482,5.328989,-39.730184777005,-39.70753,-1.341508,4804.62682526079,4730.312,834.4413,79.91169,79.99577,113262.4,18099.68
31.30054,S,27.81054,4.804273,0.002149528,0.3737798,0.0003425469,0,12.46201,2.918792,0.002674462,33.98173,50.65306,5.334826,-39.5825449535339,-39.56064,-1.316673,4800.70482936095,4726.352,834.3084,79.90507,79.98912,113735.2,18183.12
31.40054,S,27.91054,4.796264,0.002157968,0.37553,0.0003450077,0,12.46201,2.86227,0.002629203,33.98173,50.67128,5.340657,-39.4379901398892,-39.41682,-1.29204,4796.7941572975,4722.403,834.178,79.89834,79.98246,114207.6,18266.54
31.50054,S,28.01055,4.788291,0.002139299,0.3772893,0.0003420986,0,12.46201,2.806917,0.002544695,33.98173,50.68946,5.346473,-39.296446432838,-39.27599,-1.267798,4792.89976389784,4718.47,834.0502,79.89158,79.97578,114679.6,18349.95
31.60055,S,28.11055,4.780353,0.00217352,0.3790579,0.0003459899,0,12.46201,2.75272,0.002512173,33.98173,50.70756,5.352267,-39.1578508410986,-39.13808,-1.244177,4789.01863156415,4714.55,833.9246,79.88486,79.9691,115151.3,18433.35
31.70055,S,28.21055,4.772448,0.002244686,0.3808363,0.0003577245,0,12.46201,2.699631,0.002535389,33.98173,50.72559,5.358035,-39.0220824362666,-39.00297,-1.221167,4785.15178778166,4710.644,833.8016,79.87816,79.96239,115622.5,18516.73
31.80055,S,28.31055,4.764575,0.002328013,0.3826246,0.0003709758,0,12.46201,2.647639,0.00256662,33.98173,50.74355,5.363783,-38.8891266200734,-38.87065,-1.19864,4781.29721021667,4706.75,833.6807,79.87147,79.95569,116093.4,18600.11
31.90055,S,28.41055,4.756737,0.002418324,0.3844224,0.0003860874,0,12.46201,2.596716,0.002607544,33.98173,50.76146,5.369513,-38.7589127398773,-38.74105,-1.176589,4777.45686782521,4702.87,833.5621,79.86478,79.94897,116563.9,18683.47
32.00055,S,28.51056,4.748931,0.002471582,0.3862304,0.0003954835,0,12.46201,2.546832,0.00260743,33.98173,50.77932,5.375229,-38.6313761434696,-38.61411,-1.154873,4773.62978704536,4699.003,833.4457,79.85803,79.94225,117033.9,18766.82
32.10056,S,28.61056,4.741159,0.002511783,0.3880481,0.000401867,0,12.46201,2.497983,0.002586527,33.98173,50.79714,5.380931,-38.5064980694032,-38.48981,-1.133543,4769.81491912556,4695.148,833.3312,79.85127,79.93552,117503.6,18850.16
32.20056,S,28.71056,4.733418,0.002562269,0.3898757,0.0004100742,0,12.46201,2.450135,0.002576659,33.98173,50.8149,5.386616,-38.3841900961906,-38.36806,-1.112664,4766.01230719507,4691.305,833.2188,79.84451,79.92876,117972.9,18933.49
32.30056,S,28.81056,4.725708,0.002623327,0.3917139,0.0004201547,0,12.46201,2.40326,0.002577343,33.98173,50.83261,5.392282,-38.2643814758618,-38.24879,-1.092224,4762.22194063902,4687.474,833.1085,79.83775,79.92201,118441.8,19016.81
32.40056,S,28.91057,4.71803,0.002693484,0.393562,0.0004315579,0,12.46201,2.357355,0.002584533,33.98173,50.85025,5.397928,-38.1470514607475,-38.13198,-1.072211,4758.44379803461,4683.655,833.0002,79.83099,79.91525,118910.4,19100.11
32.50056,S,29.01057,4.710382,0.002743627,0.3954207,0.000440724,0,12.46201,2.312379,0.002576901,33.98173,50.86786,5.403562,-38.0321177708478,-38.01755,-1.052556,4754.67697071235,4679.847,832.8942,79.82419,79.90846,119378.5,19183.4
32.60057,S,29.11057,4.702766,0.002800326,0.39729,0.0004486565,0,12.46201,2.268314,0.002561186,33.98173,50.88542,5.409181,-37.9195203057786,-37.90544,-1.033266,4750.92333032035,4676.052,832.7901,79.81739,79.90169,119846.3,19266.69
32.70057,S,29.21057,4.69518,0.002888612,0.3991695,0.0004640984,0,12.46201,2.225157,0.002586693,33.98173,50.9029,5.414775,-37.8092321060552,-37.79562,-1.014466,4747.17994578383,4672.267,832.6879,79.81062,79.89489,120313.7,19349.96
32.80057,S,29.31058,4.687624,0.002933245,0.4010597,0.0004714947,0,12.46201,2.182879,0.002565837,33.98173,50.92035,5.42036,-37.701216539894,-37.68806,-0.9959227,4743.44678489663,4668.492,832.5875,79.80379,79.88808,120780.7,19433.22
32.90057,S,29.41058,4.680095,0.002990301,0.4029612,0.0004806673,0,12.46201,2.141454,0.002554006,33.98173,50.93777,5.425932,-37.5953767732708,-37.58266,-0.9777638,4739.72386943934,4664.727,832.489,79.79696,79.88126,121247.4,19516.48
33.00058,S,29.51058,4.672599,0.00308559,0.4048731,0.0004962489,0,12.46201,2.100873,0.002574616,33.98173,50.95509,5.431476,-37.4917038997986,-37.47941,-0.9600455,4736.01606627454,4660.977,832.3921,79.79017,79.87444,121713.6,19599.72
33.10058,S,29.61058,4.665129,0.003159275,0.4067965,0.0005082462,0,12.46201,2.061106,0.002574718,33.98173,50.97239,5.437013,-37.3901238629478,-37.37824,-0.9426224,4732.31556706784,4657.234,832.2971,79.78334,79.8676,122179.5,19682.96
33.20058,S,29.71058,4.657688,0.003242002,0.4087305,0.0005219519,0,12.46201,2.022155,0.002581903,33.98173,50.98964,5.442533,-37.2906281554484,-37.27914,-0.9255642,4728.62426459716,4653.5,832.2037,79.7765,79.86075,122645,19766.18
33.30058,S,29.81059,4.650274,0.003337798,0.4106762,0.0005374317,0,12.46201,1.983985,0.00259594,33.98173,51.00684,5.448036,-37.1931261239584,-37.18202,-0.9088562,4724.94321898623,4649.776,832.1122,79.76968,79.85389,123110.2,19849.4
33.40059,S,29.91059,4.642889,0.003411067,0.4126329,0.0005505101,0,12.46201,1.946589,0.002596619,33.98173,51.02399,5.453524,-37.0976161483736,-37.08688,-0.8924437,4721.2733385626,4646.063,832.0222,79.76282,79.84703,123575,19932.6
33.50059,S,30.01059,4.635532,0.003452655,0.414601,0.0005574935,0,12.46201,1.909948,0.002567814,33.98173,51.04112,5.459005,-37.0040568651294,-36.99368,-0.8762788,4717.61264436788,4642.359,831.9337,79.75592,79.84016,124039.4,20015.8
33.60059,S,30.11059,4.628201,0.003522698,0.4165809,0.0005677477,0,12.46201,1.87404,0.002553687,33.98173,51.05819,5.464468,-36.9123704768748,-36.90234,-0.8604631,4713.961234295,4638.664,831.8472,79.74904,79.83327,124503.4,20098.99
33.70059,S,30.2106,4.620898,0.0036408,0.4185723,0.0005881241,0,12.46201,1.838856,0.002583326,33.98173,51.07518,5.469906,-36.8225183246608,-36.81282,-0.8450677,4710.31897817007,4634.978,831.762,79.7422,79.82638,124967.1,20182.17
33.80059,S,30.3106,4.613623,0.00371651,0.4205753,0.0006007862,0,12.46201,1.804382,0.002577139,33.98173,51.09216,5.475337,-36.7345053384981,-36.72513,-0.8298849,4706.6869688146,4631.302,831.6787,79.73529,79.81947,125430.4,20265.34
33.9006,S,30.4106,4.606372,0.003796659,0.4225905,0.000614183,0,12.46201,1.770594,0.002572944,33.98173,51.10909,5.480754,-36.6482432854482,-36.63918,-0.8149999,4703.0630751841,4627.634,831.5964,79.72839,79.81255,125893.3,20348.51
34.0006,S,30.5106,4.599148,0.003892204,0.4246175,0.0006295634,0,12.46201,1.737486,0.002575705,33.98173,51.12597,5.486156,-36.5637221538045,-36.55496,-0.8004231,4699.44746069118,4623.974,831.5159,79.7215,79.80563,126355.8,20431.66
34.1006,S,30.61061,4.591951,0.003989691,0.4266564,0.0006456861,0,12.46201,1.705044,0.002579954,33.98173,51.1428,5.491542,-36.4809012711719,-36.47243,-0.7861345,4695.84194086318,4620.324,831.4365,79.7146,79.79869,126818,20514.81
34.2006,S,30.71061,4.584778,0.004097744,0.4287079,0.0006635429,0,12.46201,1.673245,0.002589408,33.98173,51.15958,5.496913,-36.3997304262444,-36.39154,-0.7721344,4692.24461324533,4616.682,831.3585,79.7077,79.79176,127279.9,20597.95
34.30061,S,30.81061,4.577631,0.004210254,0.4307714,0.0006830806,0,12.46201,1.642083,0.002603477,33.98173,51.17631,5.502267,-36.3201893074048,-36.31227,-0.7584186,4688.65548889811,4613.048,831.282,79.7008,79.7848,127741.3,20681.08
34.40061,S,30.91061,4.570508,0.004271436,0.4328475,0.0006932386,0,12.46201,1.611545,0.00258062,33.98173,51.19304,5.507618,-36.2422654293058,-36.23461,-0.7448769,4685.07355136208,4609.421,831.2067,79.69382,79.77784,128202.4,20764.21
34.50061,S,31.01061,4.56341,0.004347431,0.4349362,0.0007055887,0,12.46201,1.581611,0.002565426,33.98173,51.20971,5.512955,-36.1658707944751,-36.15847,-0.731613,4681.49783883476,4605.8,831.1329,79.68686,79.77086,128663.2,20847.32
34.60061,S,31.11062,4.556335,0.004439781,0.4370376,0.0007200249,0,12.46201,1.552275,0.002557002,33.98173,51.22635,5.518278,-36.0910151078593,-36.08386,-0.718623,4677.93133583329,4602.188,831.0606,79.6799,79.76387,129123.6,20930.43
34.70061,S,31.21062,4.549285,0.004571645,0.439152,0.0007429629,0,12.46201,1.523518,0.002577115,33.98173,51.24291,5.523578,-36.0176290909138,-36.01071,-0.7059537,4674.3729492512,4598.584,830.9893,79.67297,79.75687,129583.6,21013.54
34.80062,S,31.31062,4.54226,0.004677381,0.441279,0.0007602606,0,12.46201,1.495334,0.002575855,33.98173,51.25945,5.52887,-35.9457200055801,-35.93903,-0.6934763,4670.82180484875,4594.987,830.9196,79.66601,79.74987,130043.2,21096.63
34.90062,S,31.41062,4.535258,0.004787995,0.443419,0.0007787325,0,12.46201,1.467711,0.002577202,33.98173,51.27594,5.534149,-35.8752387881483,-35.86877,-0.6812465,4667.27675474182,4591.396,830.8506,79.65904,79.74286,130502.5,21179.72
35.00062,S,31.51063,4.52828,0.004909879,0.4455723,0.000798878,0,12.46201,1.440631,0.002582552,33.98173,51.29239,5.539412,-35.8061551844296,-35.7999,-0.6692601,4663.74092559497,4587.814,830.7832,79.65208,79.73583,130961.5,21262.8
35.10062,S,31.61063,4.521326,0.005042907,0.4477387,0.000820809,0,12.46201,1.414089,0.002591962,33.98173,51.30878,5.544658,-35.7384389942376,-35.73239,-0.6575155,4660.21228432103,4584.239,830.7171,79.64511,79.72881,131420.1,21345.88
35.20063,S,31.71063,4.514391,0.005176548,0.449919,0.0008439797,0,12.46201,1.388068,0.002603411,33.98173,51.32516,5.549898,-35.6720498174916,-35.6662,-0.6459998,4656.68683048202,4580.667,830.6519,79.63813,79.72175,131878.3,21428.94
35.30063,S,31.81063,4.507484,0.005255815,0.4521122,0.0008573491,0,12.46201,1.362563,0.002583463,33.98173,51.3415,5.555128,-35.6070059449422,-35.60135,-0.6346263,4653.17246657028,4577.106,830.5878,79.6311,79.7147,132336.2,21512.01
35.40063,S,31.91063,4.500599,0.005344713,0.4543189,0.0008721303,0,12.46201,1.337562,0.002567255,33.98173,51.35782,5.56035,-35.5432487930338,-35.53778,-0.6234801,4649.66526889016,4573.552,830.5249,79.62405,79.70764,132793.7,21595.06
35.50063,S,32.01064,4.493734,0.005455225,0.4565398,0.0008904632,0,12.46201,1.31305,0.002560667,33.98173,51.37408,5.565552,-35.480728339245,-35.47544,-0.6125686,4646.16035253752,4570,830.4633,79.61702,79.70056,133250.8,21678.11
35.60062,S,32.11062,4.486893,0.005617618,0.4587746,0.0009164899,0,12.46201,1.289017,0.002574671,33.98173,51.39028,5.570736,-35.4194348319263,-35.41432,-0.6019159,4642.66648219638,4566.459,830.4026,79.61004,79.69349,133707.6,21761.15
35.7006,S,32.2106,4.480071,0.005754867,0.4610235,0.0009400646,0,12.46201,1.265458,0.002579984,33.98173,51.40645,5.575912,-35.3593568163244,-35.35441,-0.5914457,4639.17387707753,4562.919,830.343,79.60301,79.68639,134164.1,21844.19
35.80058,S,32.31059,4.47327,0.005898579,0.4632865,0.0009642037,0,12.46201,1.242363,0.002585248,33.98173,51.42259,5.581077,-35.3004544820684,-35.29567,-0.5811763,4635.68747746281,4559.385,830.2847,79.59598,79.67928,134620.2,21927.22
35.90057,S,32.41057,4.466493,0.006037503,0.4655638,0.0009873467,0,12.46201,1.219718,0.002586333,33.98173,51.43869,5.586227,-35.2427174079064,-35.23809,-0.5710897,4632.2090630071,4555.859,830.2267,79.58894,79.67216,135075.9,22010.25
36.00055,S,32.51055,4.459736,0.006194106,0.4678554,0.001013409,0,12.46201,1.197517,0.002593521,33.98173,51.45474,5.591365,-35.1861158822073,-35.18164,-0.561211,4628.7359038053,4552.338,830.1701,79.58191,79.66504,135531.3,22093.27
36.10053,S,32.61053,4.453001,0.006346997,0.4701616,0.001040312,0,12.46201,1.175748,0.002601152,33.98173,51.47076,5.59649,-35.1306094603994,-35.12628,-0.5515201,4625.26891738955,4548.823,830.1146,79.57486,79.6579,135986.3,22176.28
36.20052,S,32.71052,4.446288,0.006453698,0.4724821,0.001057813,0,12.46201,1.154407,0.002584147,33.98173,51.48678,5.601616,-35.0762070083407,-35.07202,-0.5419513,4621.80906525434,4545.315,830.0601,79.56776,79.65076,136441,22259.29
36.3005,S,32.8105,4.439593,0.006571705,0.474818,0.001077854,0,12.46201,1.133478,0.002572651,33.98173,51.50274,5.606725,-35.0228595341204,-35.01881,-0.532575,4618.3523584114,4541.81,830.0063,79.56065,79.6436,136895.4,22342.29
36.40048,S,32.91048,4.43292,0.006699255,0.4771685,0.001099485,0,12.46201,1.112958,0.00256408,33.98173,51.51867,5.611821,-34.9705568114243,-34.96664,-0.523384,4614.9018026488,4538.311,829.9534,79.55355,79.63644,137349.4,22425.29
36.50047,S,33.01047,4.426267,0.00687344,0.4795342,0.001127079,0,12.46201,1.092837,0.002568178,33.98173,51.53455,5.616902,-34.9192590025314,-34.91547,-0.5143967,4611.45642578362,4534.817,829.9016,79.54648,79.62926,137803,22508.28
36.60045,S,33.11045,4.419634,0.007049195,0.481915,0.001157883,0,12.46201,1.073107,0.002577937,33.98173,51.55037,5.621966,-34.8689757104136,-34.86531,-0.5055944,4608.01618366835,4531.328,829.8506,79.53941,79.62206,138256.3,22591.27
36.70043,S,33.21043,4.41302,0.007211935,0.4843114,0.001185081,0,12.46201,1.053758,0.002578097,33.98173,51.56618,5.627027,-34.8196561964708,-34.81611,-0.4969327,4604.58011527814,4527.843,829.8005,79.5323,79.61486,138709.2,22674.26
36.80042,S,33.31042,4.406426,0.007378622,0.4867231,0.001212898,0,12.46201,1.034786,0.002578268,33.98173,51.58196,5.632074,-34.7713107008853,-34.76788,-0.4884344,4601.15013194717,4524.364,829.751,79.5252,79.60766,139161.8,22757.23
36.9004,S,33.4104,4.399853,0.007558927,0.4895454,0.00124336,0,12.46201,1.017,0.002582619,33.98173,51.59769,5.637108,-34.7259743066836,-34.72265,-0.4804878,4597.72536148311,4520.89,829.7027,79.5181,79.60044,139614.1,22840.2
37.00038,S,33.51038,4.393299,0.007755797,0.4915919,0.00127596,0,12.46201,0.9979312,0.002589813,33.98173,51.61338,5.64213,-34.6773815672943,-34.67417,-0.4719398,4594.30479865883,4517.42,829.6555,79.51099,79.59321,140066,22923.17
37.10036,S,33.61037,4.386765,0.007952101,0.4936485,0.001309484,0,12.46201,0.9792383,0.002597204,33.98173,51.62903,5.647136,-34.6297527282074,-34.62665,-0.4635556,4590.8902544807,4513.956,829.6086,79.50388,79.58598,140517.5,23006.14
37.20035,S,33.71035,4.38025,0.008097142,0.4957149,0.001334907,0,12.46201,0.9609174,0.002587263,33.98173,51.64468,5.652143,-34.5830670902608,-34.58007,-0.4552891,4587.47984029414,4510.496,829.5623,79.49672,79.57873,140968.7,23089.1
37.30033,S,33.81033,4.373751,0.008257546,0.4977921,0.001362013,0,12.46201,0.9429565,0.002579648,33.98173,51.66029,5.657139,-34.5373151843688,-34.53442,-0.4471861,4584.07271789448,4507.039,829.5175,79.48955,79.57146,141419.6,23172.04
37.40031,S,33.91032,4.367275,0.008421493,0.4998787,0.001389553,0,12.46201,0.9253529,0.002571896,33.98173,51.67587,5.662125,-34.4924668151335,-34.48967,-0.4392383,4580.67267552883,4503.589,829.4734,79.48238,79.56419,141870.1,23254.99
37.5003,S,34.0103,4.360814,0.008598245,0.5019763,0.001419981,0,12.46201,0.9080937,0.002568418,33.98173,51.6914,5.667096,-34.4485019758772,-34.4458,-0.4314519,4577.27376960466,4500.14,829.4297,79.4752,79.5569,142320.2,23337.94
37.60028,S,34.11028,4.354376,0.008777051,0.5040837,0.001449856,0,12.46201,0.8911741,0.002562833,33.98173,51.7069,5.672056,-34.4054103433071,-34.4028,-0.4238078,4573.88395470507,4496.7,829.3869,79.46803,79.54961,142770.1,23420.89
37.70026,S,34.21027,4.347953,0.008978412,0.5062019,0.001483562,0,12.46201,0.8745891,0.002562841,33.98173,51.72236,5.677002,-34.3631620702378,-34.36064,-0.4163247,4570.49437162323,4493.26,829.345,79.46086,79.5423,143219.6,23503.82
37.80025,S,34.31025,4.34155,0.009179554,0.5083305,0.001518138,0,12.46201,0.8583292,0.002563036,33.98173,51.73779,5.681939,-34.321746850505,-34.31931,-0.4089841,4567.11286311339,4489.828,829.3038,79.45369,79.535,143668.7,23586.75
37.90023,S,34.41023,4.335166,0.009398794,0.5104693,0.001554636,0,12.46201,0.84239,0.002565121,33.98173,51.75317,5.686863,-34.2811446416713,-34.27879,-0.4017886,4563.73355310709,4486.398,829.2634,79.44652,79.52768,144117.5,23669.68
38.00021,S,34.51022,4.328796,0.009624881,0.5126195,0.001593556,0,12.46201,0.8267624,0.002569738,33.98173,51.76852,5.691775,-34.2413453429571,-34.23907,-0.3947359,4560.35732421946,4482.971,829.2234,79.43935,79.52034,144565.9,23752.61
38.1002,S,34.6102,4.322449,0.009859347,0.5147796,0.001632662,0,12.46201,0.8114437,0.002573174,33.98173,51.78384,5.696676,-34.202328760572,-34.20013,-0.3878152,4556.98823179563,4479.551,829.1843,79.43217,79.51301,145014,23835.53
38.20018,S,34.71018,4.316116,0.01010893,0.516951,0.001674761,0,12.46201,0.7964226,0.002579781,33.98173,51.79911,5.701564,-34.1640749059331,-34.16195,-0.3810333,4553.61929408942,4476.131,829.1457,79.425,79.50565,145461.8,23918.44
38.30016,S,34.81017,4.309803,0.01035935,0.5191332,0.001717735,0,12.46201,0.7816949,0.002586132,33.98173,51.81436,5.706442,-34.1265735870328,-34.12452,-0.3743789,4550.2584312065,4472.719,829.1078,79.41783,79.49828,145909.2,24001.35
38.40015,S,34.91015,4.303507,0.01061881,0.5213261,0.001762455,0,12.46201,0.7672564,0.002593491,33.98173,51.82956,5.711306,-34.0898047704232,-34.08782,-0.3678545,4546.89881861352,4469.308,829.0709,79.41064,79.49091,146356.3,24084.26
38.50013,S,35.01013,4.297225,0.01083842,0.5235307,0.00180002,0,12.46201,0.7530988,0.002588946,33.98173,51.84477,5.716174,-34.0537580038882,-34.05184,-0.3614233,4543.54238892361,4465.9,829.0349,79.4034,79.48351,146803.1,24167.17
38.60011,S,35.11012,4.290967,0.01105204,0.5257453,0.001836626,0,12.46201,0.7392195,0.00258199,33.98173,51.85993,5.721025,-34.0184234807335,-34.01657,-0.3551078,4540.19393318331,4462.5,828.9991,79.39617,79.47612,147249.5,24250.08
38.7001,S,35.2101,4.284721,0.01127969,0.5279719,0.00187517,0,12.46201,0.7256095,0.002576728,33.98173,51.87508,5.725872,-33.9837712178663,-33.98198,-0.3489147,4536.84559940047,4459.1,828.9635,79.38893,79.46872,147695.5,24332.97
38.80008,S,35.31008,4.278492,0.01152367,0.5302098,0.001916984,0,12.46201,0.7122626,0.00257482,33.98173,51.89017,5.730702,-33.9497911816914,-33.94806,-0.3428462,4533.50047146272,4455.703,828.9289,79.38169,79.4613,148141.3,24415.86
38.90006,S,35.41006,4.27228,0.01178248,0.5324588,0.001960812,0,12.46201,0.6991774,0.002574384,33.98173,51.90523,5.735521,-33.9164832589582,-33.91481,-0.3368966,4530.15954378247,4452.31,828.8953,79.37445,79.45387,148586.6,24498.75
39.00005,S,35.51005,4.266085,0.01205082,0.5347195,0.002006532,0,12.46201,0.6863456,0.002575129,33.98173,51.92026,5.740331,-33.8838173570985,-33.8822,-0.3310617,4526.8217211064,4448.92,828.8622,79.36721,79.44643,149031.7,24581.64
39.10003,S,35.61003,4.259906,0.01232528,0.5369914,0.002053704,0,12.46201,0.6737641,0.002576407,33.98173,51.93526,5.745131,-33.8517933941066,-33.85023,-0.3253382,4523.48696970679,4445.533,828.8293,79.35997,79.43897,149476.4,24664.53
39.20001,S,35.71001,4.253746,0.0126089,0.5392747,0.002101566,0,12.46201,0.6614259,0.002577211,33.98173,51.95021,5.749916,-33.820381270397,-33.81887,-0.3197205,4520.15631753536,4442.15,828.7969,79.35273,79.43151,149920.8,24747.41
39.3,S,35.81,4.247599,0.0129032,0.5415702,0.002151905,0,12.46201,0.6493254,0.002579685,33.98173,51.96514,5.754693,-33.7895809736994,-33.78812,-0.3142121,4516.82880453996,4438.77,828.7651,79.34549,79.42405,150364.8,24830.29
39.39998,S,35.90998,4.241468,0.01321391,0.5438774,0.0022053,0,12.46201,0.6374608,0.00258438,33.98173,51.98004,5.75946,-33.7593824632306,-33.75797,-0.3088135,4513.50348213497,4435.392,828.7341,79.33825,79.41656,150808.5,24913.16
39.49996,S,36.00996,4.235355,0.01346587,0.5461962,0.002249548,0,12.46201,0.6258247,0.002577124,33.98173,51.99493,5.764224,-33.7297753404335,-33.72841,-0.3034854,4510.18228205252,4432.018,828.7037,79.33094,79.40907,151251.8,24996.03
39.59995,S,36.10995,4.229257,0.01372588,0.5485271,0.002294044,0,12.46201,0.6144125,0.002569212,33.98173,52.00979,5.76898,-33.7007298136935,-33.69941,-0.2982543,4506.86416515612,4428.647,828.6736,79.32363,79.40157,151694.8,25078.9
39.69993,S,36.20993,4.223174,0.01400389,0.5508699,0.00234148,0,12.46201,0.6032219,0.002563625,33.98173,52.02461,5.773723,-33.6722659061242,-33.67099,-0.2931274,4503.54724558546,4425.277,828.6442,79.31632,79.39404,152137.5,25161.77
39.79991,S,36.30991,4.217109,0.01428641,0.5532243,0.002389345,0,12.46201,0.592249,0.002557515,33.98173,52.03941,5.778457,-33.6443434965874,-33.64311,-0.2880952,4500.23733993738,4421.914,828.6152,79.30902,79.38652,152579.9,25244.64
39.89989,S,36.4099,4.211059,0.01464423,0.5555915,0.002449952,0,12.46201,0.581484,0.002563751,33.98173,52.05413,5.783169,-33.6169427882687,-33.61575,-0.2831861,4496.92855256206,4418.552,828.5864,79.30178,79.37899,153021.9,25327.49
39.99988,S,36.50988,4.205023,0.01496881,0.5579708,0.00250709,0,12.46201,0.5709275,0.00256493,33.98173,52.06884,5.787877,-33.5900833745419,-33.58893,-0.2783569,4493.62194570112,4415.192,828.5584,79.29449,79.37144,153463.5,25410.35
40.09986,S,36.60986,4.199,0.01528792,0.5603629,0.002562161,0,12.46201,0.5605729,0.002562744,33.98173,52.08354,5.792581,-33.5637452339302,-33.56263,-0.2736085,4490.31649170025,4411.833,828.5309,79.28719,79.36388,153904.9,25493.2
40.19984,S,36.70985,4.192998,0.01560739,0.5627664,0.002616568,0,12.46201,0.550419,0.002558782,33.98173,52.09821,5.797274,-33.5379083655972,-33.53683,-0.2689444,4487.01705785809,4408.48,828.5036,79.27988,79.35632,154345.9,25576.05
40.29983,S,36.80983,4.18701,0.01593876,0.5651827,0.002673688,0,12.46201,0.5404587,0.002556351,33.98173,52.11283,5.801952,-33.5125627826368,-33.51152,-0.2643701,4483.72076484913,4405.13,828.4769,79.27257,79.34875,154786.5,25658.9
40.39981,S,36.90981,4.181035,0.01628982,0.567612,0.002733852,0,12.46201,0.5306886,0.002555638,33.98173,52.12743,5.806623,-33.48770844497,-33.4867,-0.2598846,4480.42467690983,4401.78,828.4509,79.26526,79.34115,155226.9,25741.75
40.49979,S,37.0098,4.175075,0.01664779,0.5700538,0.002795901,0,12.46201,0.521107,0.00255546,33.98173,52.14199,5.811283,-33.4633352939773,-33.46236,-0.2554843,4477.13268998876,4398.434,828.4254,79.25795,79.33355,155666.9,25824.6
40.59978,S,37.10978,4.169134,0.01700687,0.5725077,0.002857739,0,12.46201,0.5117084,0.002553877,33.98173,52.15652,5.815933,-33.4394332417425,-33.43849,-0.2511614,4473.84673474489,4395.094,828.4002,79.25064,79.32594,156106.5,25907.44
40.69976,S,37.20976,4.163202,0.01739239,0.5749753,0.002924103,0,12.46201,0.5024899,0.002555094,33.98173,52.17102,5.820574,-33.4159823378539,-33.41507,-0.2469261,4470.55598211352,4391.749,828.3752,79.24333,79.31832,156545.9,25990.27
40.79974,S,37.30975,4.157285,0.0177779,0.5774561,0.002990532,0,12.46201,0.4934449,0.002555079,33.98173,52.18549,5.825202,-33.3929724525852,-33.39209,-0.2427646,4467.27024477214,4388.409,828.3503,79.23603,79.31069,156984.9,26073.11
40.89973,S,37.40973,4.151381,0.01818283,0.57995,0.003060053,0,12.46201,0.4845738,0.002556433,33.98173,52.19993,5.829825,-33.3704036123982,-33.36955,-0.238684,4463.98469094223,4385.069,828.3259,79.22872,79.30305,157423.5,26155.94
40.99971,S,37.50971,4.145491,0.01860334,0.5824569,0.003132406,0,12.46201,0.4758723,0.002558825,33.98173,52.21433,5.834434,-33.3482757725615,-33.34745,-0.2346817,4460.69929815247,4381.729,828.302,79.22141,79.29538,157861.8,26238.77
41.09969,S,37.6097,4.139618,0.01903033,0.5849767,0.003206456,0,12.46201,0.4673364,0.002561253,33.98173,52.22871,5.839036,-33.3265688772818,-33.32577,-0.2307532,4457.42103418594,4378.396,828.279,79.2141,79.28771,158299.8,26321.6
41.19968,S,37.70968,4.13376,0.01946781,0.5875098,0.003281828,0,12.46201,0.4589623,0.002563385,33.98173,52.24305,5.843623,-33.3052628881034,-33.30449,-0.2268962,4454.14588992093,4375.066,828.2565,79.20679,79.28004,158737.5,26404.43
41.29966,S,37.80966,4.127915,0.01989399,0.5900566,0.003356526,0,12.46201,0.4507464,0.002563685,33.98173,52.25737,5.848207,-33.2843677450849,-33.28362,-0.2231051,4450.87089592581,4371.736,828.2343,79.19946,79.27234,159174.8,26487.27
41.39964,S,37.90965,4.122082,0.02029218,0.5926169,0.003425535,0,12.46201,0.4426873,0.002558513,33.98173,52.27169,5.852787,-33.2638833642473,-33.26316,-0.2193702,4447.59600666159,4368.406,828.2123,79.19209,79.26463,159611.8,26570.09
41.49963,S,38.00963,4.116268,0.02068633,0.5951902,0.00349367,0,12.46201,0.4347813,0.002551719,33.98173,52.28597,5.857357,-33.243779779551,-33.24308,-0.2156992,4444.32912561084,4365.084,828.1906,79.18471,79.25692,160048.5,26652.9
41.59961,S,38.10961,4.11046,0.02110418,0.5977786,0.003566817,0,12.46201,0.4270237,0.002547585,33.98173,52.30023,5.86192,-33.224057032077,-33.22338,-0.2121015,4441.05740424004,4361.757,828.1689,79.17733,79.2492,160484.8,26735.71
41.69959,S,38.20959,4.104672,0.02152424,0.6003795,0.003639485,0,12.46201,0.4194143,0.002542105,33.98173,52.31445,5.866471,-33.2047150343176,-33.20406,-0.2085666,4437.7927663978,4358.437,828.1478,79.16995,79.24146,160920.8,26818.53
41.79958,S,38.30958,4.098896,0.02195965,0.6029947,0.003715227,0,12.46201,0.4119481,0.002537759,33.98173,52.32864,5.871013,-33.1857237948013,-33.18509,-0.2050987,4434.52826835532,4355.117,828.1271,79.16257,79.23372,161356.4,26901.34
41.89956,S,38.40956,4.095771,0.02246854,0.6052655,0.003800712,0,12.46201,0.4043847,0.002538925,33.98173,52.33619,5.873426,-33.1664926676266,-33.16588,-0.2015929,4431.26496152704,4351.798,828.107,79.15525,79.22595,161791.8,26984.15
41.99954,S,38.50954,4.092758,0.02299507,0.6075342,0.003890594,0,12.46201,0.3969573,0.002541704,33.98173,52.34344,5.875748,-33.147612267792,-33.14702,-0.1981519,4428.004695217,4348.482,828.087,79.14794,79.21819,162226.8,27066.96
42.09953,S,38.60953,4.089744,0.02349387,0.6098152,0.003977102,0,12.46201,0.3896753,0.002541016,33.98173,52.3507,5.878073,-33.1291025290289,-33.12853,-0.1947676,4424.74463859101,4345.166,828.0676,79.14059,79.2104,162661.4,27149.78
42.19951,S,38.70951,4.086737,0.02397096,0.6121074,0.004058653,0,12.46201,0.3825367,0.002536084,33.98173,52.35797,5.880397,-33.1109534179655,-33.1104,-0.1914369,4421.49058025274,4341.856,828.0484,79.13321,79.20261,163095.8,27232.59
42.29949,S,38.80949,4.083729,0.02446957,0.614413,0.004142729,0,12.46201,0.375535,0.002531703,33.98173,52.36523,5.882722,-33.0931549731148,-33.09262,-0.1881691,4418.23665126932,4338.546,828.0294,79.12584,79.19481,163529.8,27315.4
42.39948,S,38.90948,4.080722,0.02504436,0.6167308,0.004240804,0,12.46201,0.3686705,0.002534702,33.98173,52.37246,5.885034,-33.075707275362,-33.07519,-0.1849817,4414.98285192362,4335.236,828.0107,79.11854,79.187,163963.5,27398.2
42.49946,S,39.00946,4.077717,0.02559918,0.6190614,0.004336887,0,12.46201,0.3619387,0.002535218,33.98173,52.37968,5.887346,-33.0586001564662,-33.0581,-0.181848,4411.7312272174,4331.928,827.9926,79.11119,79.17916,164396.8,27480.99
42.59944,S,39.10944,4.074713,0.02612627,0.6214043,0.004427263,0,12.46201,0.3553388,0.002531277,33.98173,52.38692,5.889663,-33.0418235724249,-33.04134,-0.1787624,4408.48264368898,4328.623,827.9746,79.10381,79.17133,164829.8,27563.78
42.69942,S,39.20943,4.071711,0.02666501,0.6237601,0.004519447,0,12.46201,0.3488664,0.002527335,33.98173,52.39416,5.891977,-33.0253775605541,-33.02491,-0.1757342,4405.23414416387,4325.318,827.9566,79.09644,79.16348,165262.5,27646.57
42.79941,S,39.30941,4.068713,0.02727594,0.6261284,0.00462251,0,12.46201,0.3425187,0.002528336,33.98173,52.40135,5.894279,-33.0092421658096,-33.00879,-0.1727747,4401.9907190606,4322.018,827.939,79.08913,79.15562,165694.8,27729.37
42.89939,S,39.40939,4.065716,0.02788628,0.62851,0.004728232,0,12.46201,0.3362936,0.002529538,33.98173,52.40854,5.896578,-32.9934173051385,-32.99298,-0.1698711,4398.74748249347,4318.718,827.922,79.0818,79.14775,166126.8,27812.16
42.99937,S,39.50938,4.06272,0.02845526,0.6309042,0.004825528,0,12.46201,0.3301898,0.002525114,33.98173,52.41574,5.898886,-32.9779128873488,-32.97749,-0.1670081,4395.50630564939,4315.42,827.905,79.07442,79.13987,166558.5,27894.95
43.09936,S,39.60936,4.059724,0.02906798,0.6333119,0.004929683,0,12.46201,0.324203,0.002523216,33.98173,52.42294,5.901186,-32.9626989964275,-32.96229,-0.1642044,4392.26528310667,4312.122,827.8884,79.06708,79.13197,166989.9,27977.75
43.19934,S,39.70934,4.056728,0.02973665,0.6357328,0.005043808,0,12.46201,0.3183328,0.002525231,33.98173,52.4301,5.903479,-32.9477756349945,-32.94738,-0.1614634,4389.02337540264,4308.823,827.8719,79.05977,79.12407,167420.9,28060.54
43.29932,S,39.80933,4.053736,0.03034492,0.6381672,0.0051494,0,12.46201,0.312574,0.002521803,33.98173,52.43728,5.905777,-32.9331426626382,-32.93276,-0.158759,4385.78656601749,4305.529,827.8559,79.05239,79.11614,167851.6,28143.33
43.39931,S,39.90931,4.050748,0.03098136,0.640614,0.005257291,0,12.46201,0.3069272,0.00251847,33.98173,52.44445,5.908072,-32.9188001380607,-32.91843,-0.1561053,4382.55376861113,4302.239,827.8399,79.04504,79.10823,168282,28226.12
43.49929,S,40.00929,4.047761,0.03167797,0.6430746,0.005376837,0,12.46201,0.3013884,0.002519579,33.98173,52.45158,5.910354,-32.9047280953823,-32.90437,-0.153512,4379.32118450073,4298.949,827.8246,79.03773,79.10029,168712,28308.91
43.59927,S,40.10928,4.044773,0.03237106,0.6455488,0.00549665,0,12.46201,0.2959569,0.002519609,33.98173,52.45871,5.912635,-32.8909264546752,-32.89058,-0.1509646,4376.08874426321,4295.659,827.8096,79.0304,79.09233,169141.8,28391.68
43.69926,S,40.20926,4.041787,0.0330241,0.6480368,0.005608588,0,12.46201,0.2906291,0.002514947,33.98173,52.46588,5.914928,-32.8773951577473,-32.87706,-0.1484524,4372.85836477617,4292.371,827.7946,79.02303,79.08437,169571.1,28474.46
43.79924,S,40.30924,4.038802,0.03375755,0.6505386,0.005732748,0,12.46201,0.2854031,0.002514689,33.98173,52.473,5.917206,-32.8641042956963,-32.86378,-0.1459975,4369.62817627982,4289.083,827.7802,79.01572,79.07639,170000.2,28557.23
43.89922,S,40.40923,4.035817,0.03450816,0.6530546,0.005861726,0,12.46201,0.2802768,0.002515352,33.98173,52.4801,5.91948,-32.8510838141933,-32.85077,-0.1435903,4366.39805078569,4285.795,827.7657,79.00841,79.0684,170428.9,28640
43.99921,S,40.50921,4.032832,0.03520949,0.6555845,0.005982975,0,12.46201,0.2752492,0.002511598,33.98173,52.48723,5.921762,-32.8383136434364,-32.83801,-0.1412168,4363.16811693465,4282.507,827.7517,79.00103,79.06039,170857.3,28722.78
44.09919,S,40.60919,4.029852,0.03595575,0.6581279,0.00611028,0,12.46201,0.2703176,0.002509349,33.98173,52.49434,5.924035,-32.8257838343408,-32.82549,-0.1388906,4359.94611013418,4279.227,827.7377,78.99371,79.05239,171285.4,28805.55
44.19917,S,40.70918,4.026875,0.03673198,0.6606853,0.006243488,0,12.46201,0.2654799,0.002508419,33.98173,52.50142,5.926302,-32.8135043719775,-32.81322,-0.1366104,4356.72423672315,4275.947,827.7239,78.9864,79.04437,171713.1,28888.32
44.29916,S,40.80916,4.023898,0.03751895,0.6632567,0.006378572,0,12.46201,0.260735,0.00250713,33.98173,52.5085,5.928566,-32.8014452287668,-32.80117,-0.1343716,4353.50245016679,4272.667,827.7101,78.97909,79.03634,172140.5,28971.1
44.39914,S,40.90914,4.02092,0.03831711,0.6658431,0.006515691,0,12.46201,0.2560803,0.002505534,33.98173,52.51558,5.930831,-32.789626391765,-32.78936,-0.132173,4350.28073894244,4269.387,827.6962,78.97178,79.02831,172567.6,29053.87
44.49912,S,41.00912,4.017944,0.0391307,0.6684438,0.006655064,0,12.46201,0.2515138,0.002503714,33.98173,52.52264,5.933091,-32.7780278515822,-32.77777,-0.1300141,4347.06118321477,4266.109,827.6829,78.96447,79.02025,172994.4,29136.64
44.59911,S,41.10911,4.014968,0.03995902,0.6710594,0.00679777,0,12.46201,0.2470337,0.002502058,33.98173,52.5297,5.935351,-32.7666496016392,-32.7664,-0.1278951,4343.84177361241,4262.831,827.6699,78.95716,79.01218,173420.8,29219.42
44.69909,S,41.20909,4.011992,0.04080315,0.6736895,0.006942377,0,12.46201,0.2426393,0.00250003,33.98173,52.53675,5.937609,-32.7554916281314,-32.75525,-0.1258143,4340.62147042895,4259.552,827.6569,78.94986,79.0041,173846.9,29302.19
44.79907,S,41.30907,4.009017,0.04166435,0.6763346,0.007090238,0,12.46201,0.238328,0.0024981,33.98173,52.5438,5.939865,-32.7445339243624,-32.7443,-0.1237717,4337.40236577982,4256.274,827.6446,78.94255,78.99599,174272.7,29384.96
44.89906,S,41.40906,4.006046,0.04252842,0.6789941,0.007239194,0,12.46201,0.2340982,0.002495503,33.98173,52.55083,5.942114,-32.7337964734113,-32.73357,-0.1217646,4334.18830282579,4253.001,827.6325,78.93524,78.98789,174698.1,29467.73
44.99904,S,41.50904,4.003078,0.04339794,0.6816682,0.007388704,0,12.46201,0.2299484,0.002492076,33.98173,52.55786,5.944362,-32.723259264886,-32.72304,-0.1197918,4330.97728367188,4249.731,827.6205,78.92793,78.97978,175123.3,29550.48
45.09902,S,41.60902,4.000111,0.04428753,0.6843572,0.007541556,0,12.46201,0.2258776,0.002488783,33.98173,52.56487,5.946607,-32.7129223012337,-32.71271,-0.1178556,4327.76647063116,4246.461,827.6091,78.92062,78.97165,175548.1,29633.24
45.19901,S,41.70901,3.997144,0.04519404,0.6870615,0.007697354,0,12.46201,0.2218835,0.002485457,33.98173,52.57189,5.948853,-32.7027855706403,-32.70258,-0.1159544,4324.55581702219,4243.191,827.598,78.91331,78.9635,175972.5,29715.99
45.29899,S,41.80899,3.994176,0.04611197,0.6897817,0.00785529,0,12.46201,0.2179645,0.002481828,33.98173,52.5789,5.951094,-32.6928290632742,-32.69263,-0.114087,4321.34524064978,4239.921,827.5869,78.90601,78.95535,176396.7,29798.74
45.39897,S,41.90897,3.99121,0.04704122,0.6925167,0.008015213,0,12.46201,0.2141198,0.002477862,33.98173,52.5859,5.953334,-32.6830727707877,-32.68288,-0.1122526,4318.13575821997,4236.652,827.5759,78.8987,78.94718,176820.5,29881.5
45.49895,S,42.00896,3.988245,0.04797691,0.6952673,0.008176287,0,12.46201,0.2103475,0.002473301,33.98173,52.59289,5.955573,-32.6734966836503,-32.67331,-0.1104499,4314.92831557285,4233.385,827.5649,78.89139,78.939,177244,29964.25
45.59894,S,42.10894,3.985279,0.04892943,0.698034,0.008340509,0,12.46201,0.2066457,0.002468753,33.98173,52.59988,5.957809,-32.6640907996119,-32.66391,-0.1086797,4311.71901205494,4230.116,827.5539,78.88408,78.93081,177667.1,30047.01
45.69892,S,42.20892,3.983273,0.049893,0.7006634,0.008505395,0,12.46201,0.2029689,0.002463484,33.98173,52.60444,5.959268,-32.6547650332557,-32.65459,-0.1069173,4308.51077937122,4226.848,827.5429,78.87677,78.92261,178090,30129.76
45.7989,S,42.30891,3.982169,0.05086716,0.7031626,0.008671304,0,12.46201,0.1993213,0.002457638,33.98173,52.60672,5.959998,-32.6455093925335,-32.64534,-0.1051655,4305.3036294741,4223.581,827.532,78.86946,78.91439,178512.5,30212.51
45.89889,S,42.40889,3.981067,0.05188186,0.7056751,0.00884273,0,12.46201,0.1957435,0.002452473,33.98173,52.60897,5.960717,-32.636423948908,-32.63626,-0.1034475,4302.09953633105,4220.317,827.5212,78.86219,78.90617,178934.6,30295.27
45.99887,S,42.50887,3.979968,0.05293168,0.7082008,0.00902152,0,12.46201,0.1922339,0.002448436,33.98173,52.61119,5.96143,-32.6275186981769,-32.62736,-0.1017636,4298.89945719857,4217.057,827.5104,78.85495,78.89795,179356.5,30378.02
46.09885,S,42.60886,3.978868,0.05399832,0.7107407,0.009202447,0,12.46201,0.1887913,0.002444046,33.98173,52.61341,5.962137,-32.6187836227676,-32.61863,-0.1001097,4295.6995156519,4213.797,827.4998,78.84771,78.88972,179778,30460.78
46.19884,S,42.70884,3.977765,0.05508326,0.7132946,0.009387183,0,12.46201,0.1854148,0.002439754,33.98173,52.61562,5.962845,-32.6102087208579,-32.61006,-0.09848662,4292.49977134892,4210.537,827.4898,78.84047,78.88146,180199.2,30543.53
46.29882,S,42.80882,3.976661,0.0561819,0.7158629,0.009573797,0,12.46201,0.1821025,0.002435036,33.98173,52.61783,5.963552,-32.601803981382,-32.60166,-0.09689213,4289.30011781519,4207.277,827.4798,78.83323,78.87318,180620.1,30626.28
46.3988,S,42.90881,3.975556,0.05729331,0.7184457,0.009762994,0,12.46201,0.178853,0.00243008,33.98173,52.62003,5.964258,-32.5935593996261,-32.59342,-0.09532597,4286.10057902966,4204.017,827.4699,78.82599,78.8649,181040.6,30709.04
46.49879,S,43.00879,3.97445,0.05844966,0.721043,0.009958109,0,12.46201,0.1756653,0.002425698,33.98173,52.62223,5.96496,-32.5854649766846,-32.58533,-0.09378986,4282.90220744856,4200.758,827.4605,78.81878,78.85661,181460.9,30791.79
46.59877,S,43.10877,3.973342,0.05966303,0.7236544,0.0101649,0,12.46201,0.1725385,0.002423222,33.98173,52.62438,5.965648,-32.5775307170294,-32.5774,-0.09228683,4279.70399879846,4197.499,827.4515,78.81161,78.84829,181880.8,30874.54
46.69875,S,43.20876,3.972233,0.06089357,0.7262808,0.01037372,0,12.46201,0.1694709,0.00242025,33.98173,52.62654,5.966341,-32.5697465968116,-32.56962,-0.09080989,4276.50491310872,4194.239,827.4425,78.80444,78.83996,182300.3,30957.3
46.79874,S,43.30874,3.971123,0.06213206,0.7289219,0.0105843,0,12.46201,0.1664613,0.002416738,33.98173,52.62869,5.967028,-32.5621126108818,-32.56199,-0.0893584,4273.30688832128,4190.98,827.4335,78.79726,78.83161,182719.6,31040.04
46.89872,S,43.40872,3.970011,0.06338956,0.7315775,0.01079804,0,12.46201,0.1635092,0.002413025,33.98173,52.63084,5.967715,-32.5546187579937,-32.5545,-0.08793309,4270.10905120998,4187.721,827.4249,78.79009,78.82325,183138.5,31122.77
46.9987,S,43.50871,3.968898,0.0646642,0.7342482,0.01101451,0,12.46201,0.1606128,0.002409003,33.98173,52.63298,5.968402,-32.5472650317919,-32.54715,-0.08653281,4266.9113544317,4184.462,827.4166,78.78292,78.81488,183557.1,31205.5
47.09869,S,43.60869,3.967788,0.06593481,0.7369332,0.0112309,0,12.46201,0.1577711,0.002404081,33.98173,52.63511,5.969082,-32.5400614238063,-32.53995,-0.08515552,4263.71963439235,4181.209,827.4083,78.77575,78.8065,183975.3,31288.24
47.19867,S,43.70867,3.966679,0.06721718,0.739633,0.01144765,0,12.46201,0.154983,0.002398387,33.98173,52.63725,5.969766,-32.5329879310541,-32.53288,-0.08380112,4260.53094892271,4177.959,827.4,78.76859,78.79813,184393.3,31370.97
47.29865,S,43.80865,3.96557,0.06857367,0.742348,0.0116782,0,12.46201,0.1522474,0.002394713,33.98173,52.63934,5.970435,-32.5260445673251,-32.52594,-0.08247613,4257.34235619963,4174.709,827.3917,78.76148,78.78973,184810.9,31453.71
47.39864,S,43.90864,3.964458,0.06994688,0.7450781,0.01191158,0,12.46201,0.1495638,0.002390722,33.98173,52.64141,5.9711,-32.5192413140136,-32.51914,-0.0811745,4254.15391631101,4171.459,827.3837,78.75438,78.78133,185228.2,31536.44
47.49862,S,44.00862,3.963346,0.07133199,0.7478236,0.01214709,0,12.46201,0.1469305,0.002386271,33.98173,52.6435,5.971767,-32.5125581658318,-32.51246,-0.07989515,4250.96555769058,4168.209,827.3757,78.74728,78.77291,185645.2,31619.18
47.5986,S,44.1086,3.962232,0.07273065,0.750585,0.01238473,0,12.46201,0.1443466,0.002381375,33.98173,52.64558,5.972433,-32.5060051190581,-32.50591,-0.0786376,4247.77730450892,4164.959,827.3677,78.74017,78.76448,186061.8,31701.91
47.69859,S,44.20859,3.961115,0.0741421,0.7533619,0.01262437,0,12.46201,0.1418116,0.002376034,33.98173,52.64766,5.973099,-32.4995721709788,-32.49948,-0.07740172,4244.58914500078,4161.709,827.3597,78.73306,78.75603,186478.1,31784.64
47.79857,S,44.30857,3.959998,0.07556633,0.7561545,0.01286629,0,12.46201,0.1393241,0.002370301,33.98173,52.64973,5.973761,-32.4932693178249,-32.49318,-0.07618693,4241.40107937739,4158.459,827.3517,78.72596,78.74758,186894.1,31867.38
47.89855,S,44.40855,3.95888,0.07708222,0.7589632,0.01312252,0,12.46201,0.136883,0.00236636,33.98173,52.65177,5.974414,-32.4870765693314,-32.48699,-0.07499841,4238.21326411505,4155.209,827.3445,78.71893,78.7391,187309.8,31950.11
47.99854,S,44.50854,3.957759,0.07861097,0.7617882,0.01338223,0,12.46201,0.1344875,0.002362169,33.98173,52.65379,5.975061,-32.4810039097424,-32.48092,-0.07383047,4235.02554339422,4151.959,827.3373,78.71189,78.7306,187725.1,32032.85
48.09852,S,44.60852,3.956638,0.08015183,0.7646294,0.0136438,0,12.46201,0.1321367,0.00235745,33.98173,52.65582,5.97571,-32.4750413345023,-32.47496,-0.07268202,4231.83790539031,4148.709,827.33,78.70486,78.7221,188140.1,32115.58
48.1985,S,44.7085,3.955515,0.08170641,0.7674864,0.01390782,0,12.46201,0.1298302,0.002352332,33.98173,52.65784,5.976357,-32.4691888420343,-32.46911,-0.07155325,4228.65037438512,4145.459,827.3228,78.69782,78.71358,188554.8,32198.32
48.29848,S,44.80849,3.95439,0.08327396,0.77036,0.014174,0,12.46201,0.1275666,0.002346768,33.98173,52.65987,5.977005,-32.4634464287283,-32.46337,-0.07044341,4225.46293856429,4142.209,827.3156,78.69079,78.70505,188969.2,32281.05
48.39847,S,44.90847,3.953264,0.0848758,0.7732503,0.01444496,0,12.46201,0.1253451,0.002341197,33.98173,52.66187,5.977646,-32.4578140942047,-32.45774,-0.0693532,4222.27561020858,4138.959,827.3085,78.68377,78.6965,189383.2,32363.79
48.49845,S,45.00845,3.952135,0.08654172,0.7761568,0.01472785,0,12.46201,0.1231654,0.002336754,33.98173,52.66385,5.978279,-32.4522918425045,-32.45222,-0.06828545,4219.08842578386,4135.709,827.3016,78.6768,78.68794,189797,32446.52
48.59843,S,45.10844,3.951006,0.08822069,0.7790801,0.01501292,0,12.46201,0.1210261,0.002331828,33.98173,52.66582,5.97891,-32.4468596615096,-32.44679,-0.06723533,4215.90133728242,4132.459,827.2947,78.66984,78.67937,190210.4,32529.25
48.69842,S,45.20842,3.949883,0.08988511,0.7820186,0.0152961,0,12.46201,0.1189266,0.002325826,33.98173,52.66779,5.979538,-32.4415375457653,-32.44147,-0.066201,4212.72414670022,4129.219,827.2878,78.66287,78.6708,190623.4,32611.99
48.7984,S,45.3084,3.94876,0.09156387,0.784974,0.01558078,0,12.46201,0.1168661,0.002319299,33.98173,52.66975,5.980166,-32.436315496166,-32.43625,-0.06518362,4209.54705187835,4125.979,827.2809,78.65591,78.66223,191036.2,32694.72
48.89838,S,45.40839,3.947635,0.09326937,0.7879466,0.01586901,0,12.46201,0.1148437,0.002312568,33.98173,52.6717,5.98079,-32.4311935118995,-32.43113,-0.06418356,4206.37005303378,4122.739,827.274,78.64895,78.65364,191448.6,32777.46
48.99837,S,45.50837,3.946509,0.09505349,0.7909359,0.01617153,0,12.46201,0.112859,0.002307174,33.98173,52.67361,5.981401,-32.4261615988385,-32.4261,-0.06320462,4203.19333217485,4119.499,827.268,78.64205,78.64503,191860.7,32860.19
49.09835,S,45.60835,3.945381,0.09685208,0.7939427,0.01647659,0,12.46201,0.110911,0.002301374,33.98173,52.67551,5.982012,-32.4212197457499,-32.42116,-0.06224192,4200.01670800134,4116.259,827.262,78.63515,78.63641,192272.5,32942.93
49.19833,S,45.70834,3.944251,0.0986617,0.7969672,0.01678397,0,12.46201,0.108999,0.002295149,33.98173,52.67742,5.982622,-32.4163679502654,-32.41631,-0.06129495,4196.84016859524,4113.019,827.256,78.62826,78.62776,192683.9,33025.66
49.29832,S,45.80832,3.943121,0.1004866,0.8000085,0.01709332,0,12.46201,0.1071225,0.002288477,33.98173,52.67933,5.983231,-32.4116162108994,-32.41156,-0.06036364,4193.66373844276,4109.779,827.25,78.62136,78.61912,193095,33108.39
49.3983,S,45.9083,3.941988,0.1023781,0.8030686,0.01741326,0,12.46201,0.1052802,0.002282486,33.98173,52.6812,5.983832,-32.4069445301734,-32.40689,-0.05945006,4190.48740563629,4106.539,827.244,78.61452,78.61045,193505.8,33191.13
49.49828,S,46.00829,3.940854,0.104297,0.8061459,0.01773853,0,12.46201,0.1034721,0.002276467,33.98173,52.68306,5.984425,-32.4023629035915,-32.40231,-0.05855254,4187.31115823246,4103.299,827.238,78.60768,78.60178,193916.3,33273.86
49.59827,S,46.10827,3.939718,0.1062312,0.8092414,0.01806666,0,12.46201,0.1016972,0.00227009,33.98173,52.68491,5.98502,-32.3978713274701,-32.39782,-0.05766974,4184.13505729633,4100.059,827.2322,78.60085,78.59308,194326.5,33356.6
49.69825,S,46.20825,3.938582,0.1081806,0.8123541,0.01839701,0,12.46201,0.09995529,0.002263297,33.98173,52.68677,5.985613,-32.393459800217,-32.39341,-0.05680141,4180.96008303611,4096.82,827.2266,78.59402,78.58437,194736.3,33439.33
49.79823,S,46.30824,3.937443,0.1101864,0.8154863,0.01873611,0,12.46201,0.09824489,0.00225687,33.98173,52.6886,5.9862,-32.389118323012,-32.38907,-0.05594888,4177.78423942688,4093.58,827.2211,78.58723,78.57565,195145.8,33522.07
49.89822,S,46.40822,3.936303,0.1122329,0.818636,0.01908312,0,12.46201,0.09656619,0.0022507,33.98173,52.69041,5.98678,-32.3848668942847,-32.38482,-0.05511196,4174.60848222351,4090.34,827.2156,78.58047,78.56692,195555,33604.8
49.9982,S,46.5082,3.935161,0.1142927,0.8218046,0.01943234,0,12.46201,0.09491816,0.002244087,33.98173,52.69221,5.987356,-32.3806955090638,-32.38065,-0.05428838,4171.4328238344,4087.1,827.21,78.57371,78.55817,195963.8,33687.54
50.09818,S,46.60818,3.934017,0.1163668,0.8249912,0.01978394,0,12.46201,0.09330056,0.00223708,33.98173,52.69402,5.987935,-32.3765941664547,-32.37655,-0.05347819,4168.25727670543,4083.86,827.2045,78.56695,78.5494,196372.4,33770.27
50.19817,S,46.70817,3.932873,0.1184945,0.8281971,0.02014344,0,12.46201,0.09171209,0.002230285,33.98173,52.69581,5.988506,-32.372562866909,-32.37252,-0.05268227,4165.0818166323,4080.62,827.199,78.56023,78.54063,196780.6,33853
50.29815,S,46.80815,3.931726,0.1206638,0.8314218,0.02051101,0,12.46201,0.09015299,0.002223717,33.98173,52.69757,5.989071,-32.3686216096614,-32.36858,-0.0519008,4161.90645605304,4077.38,827.1934,78.55354,78.53184,197188.5,33935.74
50.39813,S,46.90813,3.930578,0.1228533,0.8346655,0.02088194,0,12.46201,0.08862226,0.002216843,33.98173,52.69933,5.989633,-32.3647403909639,-32.3647,-0.05113203,4158.73130542562,4074.14,827.1884,78.54684,78.52303,197596,34018.47
50.49812,S,47.00812,3.929428,0.1250564,0.8379278,0.02125524,0,12.46201,0.08711969,0.002209578,33.98173,52.70108,5.990194,-32.3609392093318,-32.3609,-0.05037559,4155.55625491562,4070.9,827.1834,78.54015,78.5142,198003.2,34101.21
50.5981,S,47.1081,3.928281,0.1273108,0.8412092,0.02163663,0,12.46201,0.08564419,0.002202507,33.98173,52.7028,5.990744,-32.3571980653261,-32.35716,-0.04963238,4152.38718233448,4067.666,827.1784,78.53351,78.50537,198410.2,34183.94
50.69808,S,47.20808,3.927138,0.1295816,0.8445081,0.0220213,0,12.46201,0.08419583,0.002195147,33.98173,52.70451,5.991289,-32.3535269563654,-32.35349,-0.04890129,4149.22212821839,4064.436,827.1734,78.52689,78.49656,198816.7,34266.68
50.79807,S,47.30807,3.925992,0.1318659,0.8478272,0.0224082,0,12.46201,0.08277378,0.00218739,33.98173,52.70621,5.991836,-32.3499258806939,-32.34989,-0.04818168,4146.05717428362,4061.206,827.1684,78.52026,78.48772,199223,34349.41
50.89805,S,47.40805,3.924846,0.1341844,0.8511657,0.02279968,0,12.46201,0.08137745,0.002179476,33.98173,52.7079,5.992374,-32.346394837989,-32.34636,-0.04747384,4142.89232075978,4057.976,827.1634,78.51366,78.47887,199629,34432.14
50.99803,S,47.50803,3.923697,0.1365644,0.8545237,0.02320273,0,12.46201,0.0800067,0.002172076,33.98173,52.70956,5.992907,-32.3429238299649,-32.34289,-0.04677947,4139.72756787715,4054.746,827.1584,78.5071,78.47,200034.6,34514.88
51.09801,S,47.60802,3.922547,0.138958,0.8579018,0.02360801,0,12.46201,0.07866069,0.002164279,33.98173,52.71122,5.993437,-32.3395128519078,-32.33948,-0.04609586,4136.56291586673,4051.516,827.1534,78.50054,78.46112,200439.9,34597.61
51.198,S,47.708,3.921392,0.1413844,0.8613019,0.02401852,0,12.46201,0.07733863,0.002156358,33.98173,52.71287,5.993966,-32.3361719036179,-32.33614,-0.04542335,4133.39455822632,4048.282,827.1489,78.49398,78.45222,200844.8,34680.35
51.29798,S,47.80798,3.920239,0.1438785,0.8647199,0.02443977,0,12.46201,0.07604107,0.002148836,33.98173,52.71448,5.994481,-32.3328809865968,-32.33285,-0.0447635,4130.23028151018,4045.052,827.1448,78.48749,78.4433,201249.5,34763.05
51.39796,S,47.90797,3.919084,0.1463933,0.8681595,0.02486532,0,12.46201,0.07476658,0.002141092,33.98173,52.71609,5.994997,-32.3296500970037,-32.32962,-0.04411406,4127.06610662669,4041.822,827.1406,78.481,78.43436,201653.8,34845.74
51.49795,S,48.00795,3.917928,0.1489219,0.8716188,0.02529339,0,12.46201,0.0735153,0.002133003,33.98173,52.71769,5.995508,-32.3264892339059,-32.32646,-0.0434748,4123.90203381026,4038.592,827.1365,78.47451,78.42542,202057.8,34928.44
51.59793,S,48.10793,3.916771,0.1515121,0.8750988,0.02573046,0,12.46201,0.07228646,0.002125107,33.98173,52.71927,5.996015,-32.3233783980825,-32.32335,-0.04284674,4120.738063296,4035.362,827.1323,78.46807,78.41647,202461.5,35011.13
51.69791,S,48.20792,3.915612,0.1541368,0.8786002,0.02617473,0,12.46201,0.07107972,0.002117239,33.98173,52.72083,5.996511,-32.3203275880868,-32.3203,-0.04222927,4117.57419531974,4032.132,827.1282,78.46165,78.40749,202864.9,35093.83
51.7979,S,48.3079,3.91445,0.1567753,0.882123,0.02662099,0,12.46201,0.06989463,0.002108979,33.98173,52.7224,5.997014,-32.3173268017091,-32.3173,-0.04162113,4114.41043011802,4028.902,827.124,78.45523,78.39851,203267.9,35176.52
51.89788,S,48.40788,3.913288,0.1594619,0.885666,0.02707447,0,12.46201,0.06873102,0.002100758,33.98173,52.72393,5.997505,-32.3143760397784,-32.31435,-0.04102338,4111.24676792811,4025.672,827.1199,78.44884,78.38951,203670.6,35259.22
51.99786,S,48.50787,3.912124,0.1621973,0.8892316,0.02753706,0,12.46201,0.067588,0.002092692,33.98173,52.72545,5.997992,-32.3114853014704,-32.31146,-0.04043582,4108.08320898801,4022.442,827.1157,78.44249,78.3805,204073,35341.91
52.09785,S,48.60785,3.910958,0.1649461,0.892818,0.02800208,0,12.46201,0.06646565,0.002084287,33.98173,52.72696,5.998476,-32.3086445848284,-32.30862,-0.0398573,4104.91975353642,4019.212,827.1116,78.43613,78.37147,204475.1,35424.61
52.19783,S,48.70783,3.90979,0.167748,0.8964255,0.02847476,0,12.46201,0.06536362,0.002075941,33.98173,52.72845,5.998953,-32.3058538903974,-32.30583,-0.03928866,4101.75647631308,4015.982,827.1078,78.42982,78.36243,204876.8,35507.3
52.29781,S,48.80782,3.908622,0.1706007,0.9000555,0.02895716,0,12.46201,0.06428096,0.002067768,33.98173,52.72992,5.999422,-32.3031132174367,-32.30309,-0.03872971,4098.5933404509,4012.752,827.1042,78.42354,78.35336,205278.2,35590
52.3978,S,48.9078,3.907451,0.1734675,0.9037073,0.02944184,0,12.46201,0.06321783,0.002059253,33.98173,52.73138,5.99989,-32.3004325640621,-32.30041,-0.03817928,4095.43030896956,4009.522,827.1006,78.41725,78.34428,205679.3,35672.7
52.49778,S,49.00778,3.907205,0.1763826,0.9071879,0.02992982,0,12.46201,0.06216041,0.00205047,33.98173,52.73047,5.999597,-32.2977519216839,-32.29773,-0.03763033,4092.26738211111,4006.292,827.097,78.411,78.3352,206080.1,35755.39
52.59776,S,49.10777,3.907803,0.179346,0.9105123,0.03042357,0,12.46201,0.06111005,0.002041596,33.98173,52.72738,5.99861,-32.2950912915483,-32.29507,-0.03708402,4089.10456011833,4003.062,827.0934,78.40479,78.32609,206480.5,35838.09
52.69775,S,49.20775,3.908401,0.1823228,0.9138562,0.03091909,0,12.46201,0.06007875,0.002032369,33.98173,52.72429,5.997621,-32.292490679871,-32.29247,-0.03654598,4085.94183077022,3999.832,827.0897,78.39857,78.31697,206880.7,35920.78
52.79773,S,49.30773,3.909002,0.1853625,0.917218,0.03142395,0,12.46201,0.05906627,0.002023301,33.98173,52.72116,5.996617,-32.2899300875862,-32.28991,-0.0360174,4082.77921923047,3996.602,827.0861,78.3924,78.30784,207280.5,36003.48
52.89771,S,49.40771,3.909604,0.188437,0.9205994,0.03193551,0,12.46201,0.05807205,0.002014202,33.98173,52.718,5.995608,-32.2874195133945,-32.2874,-0.03549752,4079.61671328917,3993.372,827.0825,78.38625,78.29869,207680,36086.17
52.9977,S,49.5077,3.910208,0.1915326,0.9240003,0.03244912,0,12.46201,0.05709578,0.002004783,33.98173,52.71483,5.994594,-32.2849489559456,-32.28493,-0.03498547,4076.4543131921,3990.142,827.0789,78.38012,78.28954,208079.1,36168.87
53.09768,S,49.60768,3.910813,0.194704,0.927421,0.03297629,0,12.46201,0.05613711,0.001995757,33.98173,52.71162,5.993566,-32.2825184166245,-32.2825,-0.03448289,4073.29201918578,3986.912,827.0753,78.37404,78.28036,208478,36251.56
53.19766,S,49.70766,3.91142,0.1978904,0.9308605,0.03350577,0,12.46201,0.05519586,0.001986434,33.98173,52.7084,5.992534,-32.2801378930627,-32.28012,-0.03398795,4070.12983151748,3983.682,827.0717,78.36796,78.27116,208876.5,36334.26
53.29765,S,49.80765,3.91203,0.2011256,0.9343206,0.03404196,0,12.46201,0.05427135,0.001977069,33.98173,52.70513,5.991489,-32.2778073852675,-32.27779,-0.03350099,4066.9677629576,3980.452,827.0682,78.36192,78.26196,209274.7,36416.95
53.39763,S,49.90763,3.912641,0.204417,0.9377998,0.03458849,0,12.46201,0.0533636,0.001967882,33.98173,52.70185,5.990438,-32.2755068934567,-32.27549,-0.03302256,4063.80591404023,3977.222,827.0652,78.3559,78.25274,209672.5,36499.65
53.49761,S,50.00761,3.913252,0.2077228,0.941299,0.03513705,0,12.46201,0.05247238,0.001958398,33.98173,52.69855,5.989384,-32.2732564159745,-32.27324,-0.0325514,4060.64417240149,3973.992,827.0622,78.34989,78.2435,210070.1,36582.34
53.5976,S,50.1076,3.913867,0.2111114,0.9448189,0.03569813,0,12.46201,0.0515969,0.001949184,33.98173,52.69521,5.988313,-32.2710459534973,-32.27103,-0.0320885,4057.48253829218,3970.762,827.0592,78.34395,78.23425,210467.3,36665.04
53.69758,S,50.20758,3.914482,0.2145146,0.9483587,0.03626241,0,12.46201,0.05073732,0.001939741,33.98173,52.69184,5.987235,-32.2688755045566,-32.26886,-0.03163272,4054.32101196385,3967.532,827.0562,78.33801,78.22497,210864.2,36747.73
53.79756,S,50.30756,3.9151,0.2179734,0.9519188,0.03683454,0,12.46201,0.04989306,0.001930313,33.98173,52.68845,5.986151,-32.2667350691692,-32.26672,-0.03118438,4051.15959366884,3964.302,827.0532,78.33211,78.21568,211260.8,36830.43
53.89754,S,50.40755,3.915719,0.2214733,0.9555001,0.03741438,0,12.46201,0.04906388,0.001920888,33.98173,52.68503,5.985057,-32.2646446468864,-32.26463,-0.03074334,4047.99827107953,3961.072,827.0502,78.32623,78.20639,211657,36913.12
53.99753,S,50.50753,3.916342,0.2249898,0.9591016,0.03799541,0,12.46201,0.04824954,0.001911137,33.98173,52.68159,5.983957,-32.2625842365483,-32.26257,-0.03030867,4044.83902658617,3957.844,827.0472,78.32037,78.19708,212052.9,36995.82
54.09751,S,50.60751,3.916965,0.2285852,0.9627236,0.03859059,0,12.46201,0.04744987,0.001901721,33.98173,52.67812,5.982844,-32.2605638393602,-32.26055,-0.02988195,4041.67891229389,3954.615,827.0442,78.31456,78.18776,212448.5,37078.52
54.19749,S,50.7075,3.91759,0.2321983,0.9663668,0.03918828,0,12.46201,0.04666442,0.001892048,33.98173,52.67463,5.981729,-32.2585834534578,-32.25857,-0.02946148,4038.51792855951,3951.385,827.0412,78.30875,78.17841,212843.8,37161.21
54.29748,S,50.80748,3.918217,0.2358711,0.9700314,0.03979447,0,12.46201,0.04589294,0.001882412,33.98173,52.6711,5.980598,-32.2566330791717,-32.25662,-0.02904789,4035.35803252213,3948.156,827.0382,78.30299,78.16906,213238.8,37243.91
54.39746,S,50.90746,3.918846,0.2395791,0.9737176,0.04040735,0,12.46201,0.04513516,0.001872726,33.98173,52.66755,5.979463,-32.2547227159078,-32.25471,-0.02864081,4032.19824598012,3944.927,827.0352,78.29726,78.15969,213633.4,37326.6
54.49744,S,51.00745,3.919476,0.2433224,0.9774247,0.0410244,0,12.46201,0.04439104,0.001862885,33.98173,52.66398,5.978322,-32.2528423632079,-32.25283,-0.02823999,4029.03856919107,3941.698,827.0322,78.29154,78.15031,214027.8,37409.3
54.59743,S,51.10743,3.92011,0.2471276,0.9811541,0.0416529,0,12.46201,0.0436599,0.001853201,33.98173,52.66037,5.977166,-32.250992021204,-32.25098,-0.02784585,4025.87898976387,3938.469,827.0292,78.28587,78.14091,214421.8,37491.99
54.69741,S,51.20741,3.920743,0.2509485,0.984905,0.04228393,0,12.46201,0.04294184,0.00184329,33.98173,52.65675,5.976007,-32.2491816889182,-32.24917,-0.02745753,4022.71953324693,3935.24,827.0262,78.2802,78.1315,214815.4,37574.69
54.79739,S,51.3074,3.921379,0.2548512,0.9886782,0.0429262,0,12.46201,0.04223655,0.001833528,33.98173,52.65309,5.974836,-32.2474013667846,-32.24739,-0.02707579,4019.55924704945,3932.01,827.0234,78.2746,78.12206,215208.8,37657.38
54.89738,S,51.40738,3.922016,0.2587737,0.9924728,0.04357278,0,12.46201,0.04154386,0.001823624,33.98173,52.6494,5.973656,-32.2456510539265,-32.24564,-0.02669985,4016.40006263592,3928.781,827.0206,78.269,78.11262,215601.8,37740.08
54.99736,S,51.50736,3.922655,0.2627521,0.9962898,0.04422734,0,12.46201,0.0408634,0.001813724,33.98173,52.64569,5.972469,-32.2439307502657,-32.24392,-0.02632986,4013.24098935511,3925.552,827.0179,78.26344,78.10315,215994.5,37822.77
55.09734,S,51.60735,3.923296,0.2667721,1.000129,0.04488968,0,12.46201,0.04019492,0.00180382,33.98173,52.64195,5.971272,-32.2422404555111,-32.24223,-0.02596571,4010.08201477051,3922.323,827.0151,78.2579,78.09368,216386.9,37905.47
55.19733,S,51.70733,3.92394,0.2708216,1.003992,0.04555503,0,12.46201,0.03953822,0.00179372,33.98173,52.6382,5.970072,-32.2405901689953,-32.24058,-0.02560681,4006.92316453393,3919.094,827.0123,78.25239,78.08419,216778.9,37988.16
55.29731,S,51.80731,3.924585,0.2749408,1.007877,0.04623297,0,12.46201,0.03889306,0.001783807,33.98173,52.6344,5.968856,-32.238959891233,-32.23895,-0.02525403,4003.76442622045,3915.865,827.0096,78.24692,78.07468,217170.6,38070.86
55.39729,S,51.9073,3.925239,0.2790503,1.011782,0.04690924,0,12.46201,0.03825945,0.001773542,33.98173,52.63057,5.96763,-32.2373596209327,-32.23735,-0.02490596,4000.61361145348,3912.644,827.0068,78.24146,78.06519,217562.1,38153.55
55.49728,S,52.00728,3.925895,0.2832343,1.015711,0.04759566,0,12.46201,0.03763698,0.00176337,33.98173,52.62672,5.966398,-32.2357893586829,-32.23578,-0.02456357,3997.46389927641,3909.424,827.004,78.23605,78.05567,217953.1,38236.25
55.59726,S,52.10726,3.926555,0.2874402,1.019663,0.0482866,0,12.46201,0.03702541,0.001753079,33.98173,52.62284,5.965156,-32.2342491038158,-32.23424,-0.02422621,3994.31429918885,3906.204,827.0013,78.23066,78.04615,218343.9,38318.95
55.69724,S,52.20724,3.927216,0.2917089,1.023638,0.04898636,0,12.46201,0.03642456,0.001742828,33.98173,52.61893,5.963905,-32.232728856408,-32.23272,-0.02389419,3991.16479869707,3902.984,826.9985,78.22531,78.03661,218734.4,38401.64
55.79723,S,52.30723,3.92788,0.2960135,1.027637,0.04969256,0,12.46201,0.03583422,0.001732531,33.98173,52.61499,5.962644,-32.2312486160711,-32.23124,-0.02356721,3988.01542357543,3899.764,826.9957,78.21998,78.02705,219124.5,38484.34
55.89721,S,52.40721,3.928544,0.3003606,1.031659,0.05040448,0,12.46201,0.03525433,0.001722173,33.98173,52.61103,5.961376,-32.2297783826183,-32.22977,-0.02324521,3984.86616134187,3896.544,826.993,78.21468,78.01749,219514.3,38567.03
55.99719,S,52.50719,3.929211,0.3047631,1.035706,0.05112619,0,12.46201,0.03468456,0.001711885,33.98173,52.60703,5.960095,-32.2283481560004,-32.22834,-0.02292834,3981.716999475,3893.324,826.9902,78.20942,78.0079,219903.8,38649.73
56.09718,S,52.60718,3.929879,0.3091954,1.039777,0.051851,0,12.46201,0.03412475,0.001701444,33.98173,52.60302,5.958814,-32.2269279356333,-32.22692,-0.02261597,3978.56796381194,3890.104,826.9874,78.20418,77.99831,220292.9,38732.42
56.19716,S,52.70716,3.93055,0.3136977,1.043872,0.05258847,0,12.46201,0.03357467,0.001691166,33.98173,52.59896,5.957513,-32.2255477218574,-32.22554,-0.02230879,3975.41904184304,3886.884,826.9847,78.19899,77.98869,220681.7,38815.12
56.29714,S,52.80714,3.931222,0.3182144,1.047991,0.05332758,0,12.46201,0.03303429,0.001680701,33.98173,52.59489,5.956211,-32.2241875139299,-32.22418,-0.02200592,3972.27022101916,3883.664,826.9819,78.19379,77.97906,221070.2,38897.81
56.39713,S,52.90713,3.931896,0.3228158,1.052135,0.05407907,0,12.46201,0.03250331,0.001670384,33.98173,52.59077,5.954895,-32.2228473121883,-32.22284,-0.02170804,3969.12152724047,3880.444,826.9791,78.18867,77.96941,221458.4,38980.51
56.49711,S,53.00711,3.932573,0.3274326,1.056304,0.05483405,0,12.46201,0.03198154,0.001659938,33.98173,52.58665,5.953574,-32.221527115977,-32.22152,-0.02141437,3965.97294796962,3877.224,826.9764,78.18355,77.95975,221846.3,39063.2
56.59709,S,53.10709,3.933251,0.3321297,1.060498,0.0556001,0,12.46201,0.03146882,0.001649594,33.98173,52.58247,5.952238,-32.2202369255142,-32.22023,-0.02112542,3962.82462482924,3874.004,826.9743,78.17848,77.95007,222233.8,39145.9
56.69707,S,53.20708,3.933932,0.3368562,1.064718,0.056372,0,12.46201,0.03096499,0.001639195,33.98173,52.57827,5.950895,-32.2189667403722,-32.21896,-0.02084072,3959.67642982757,3870.784,826.9723,78.17342,77.94037,222621.1,39228.59
56.79706,S,53.30706,3.934614,0.3416392,1.068963,0.05715175,0,12.46201,0.03047,0.00162881,33.98173,52.57405,5.949542,-32.2177265605266,-32.21772,-0.02056041,3956.52835040001,3867.564,826.9703,78.16841,77.93065,223008,39311.29
56.89704,S,53.40704,3.935298,0.346466,1.073233,0.05793906,0,12.46201,0.02998355,0.001618421,33.98173,52.5698,5.948184,-32.2164963857482,-32.21649,-0.0202843,3953.38039970325,3864.344,826.9683,78.16343,77.92091,223394.5,39393.98
56.99702,S,53.50703,3.935984,0.3513348,1.077529,0.05873172,0,12.46201,0.02950552,0.001607969,33.98173,52.56552,5.946813,-32.2152962158079,-32.21529,-0.0200122,3950.23255226333,3861.124,826.9663,78.15847,77.91116,223780.8,39476.68
57.09701,S,53.60701,3.936673,0.3562604,1.081851,0.0595344,0,12.46201,0.02903571,0.001597583,33.98173,52.5612,5.94543,-32.2141060507315,-32.2141,-0.01974431,3947.08482122845,3857.904,826.9643,78.15355,77.90141,224166.8,39559.38
57.19699,S,53.70699,3.937362,0.3612153,1.0862,0.06034027,0,12.46201,0.02857413,0.001587089,33.98173,52.55687,5.944046,-32.2129458901691,-32.21294,-0.01948023,3943.93720687732,3854.684,826.9623,78.14865,77.89162,224552.4,39642.07
57.29697,S,53.80698,3.938055,0.3662414,1.090574,0.06115844,0,12.46201,0.02812048,0.00157672,33.98173,52.5525,5.942648,-32.2118057342802,-32.2118,-0.01922038,3940.78972241115,3851.464,826.9603,78.1438,77.88183,224937.7,39724.77
57.39696,S,53.90696,3.938749,0.3712833,1.094975,0.06197835,0,12.46201,0.02767463,0.001566203,33.98173,52.54811,5.941243,-32.2106855825218,-32.21068,-0.01896401,3937.6423422775,3848.244,826.9583,78.13895,77.87201,225322.6,39807.46
57.49694,S,54.00694,3.939445,0.3764085,1.099404,0.06281056,0,12.46201,0.02723644,0.001555809,33.98173,52.54368,5.939824,-32.2095854351773,-32.20958,-0.01871175,3934.49507966905,3845.024,826.9563,78.13417,77.86219,225707.3,39890.16
57.59692,S,54.10693,3.940144,0.3815495,1.103859,0.06364593,0,12.46201,0.02680575,0.001545309,33.98173,52.53923,5.938402,-32.2084952917801,-32.20849,-0.01846295,3931.34793486807,3841.804,826.9543,78.12939,77.85235,226091.6,39972.85
57.69691,S,54.20691,3.940844,0.3867611,1.108341,0.06449112,0,12.46201,0.02638256,0.001534878,33.98173,52.53475,5.936966,-32.2074251524864,-32.20742,-0.01821803,3928.20090815771,3838.584,826.9523,78.12466,77.84248,226475.6,40055.55
57.79689,S,54.30689,3.941546,0.3920032,1.112851,0.06534163,0,12.46201,0.02596661,0.001524398,33.98173,52.53025,5.935526,-32.2063850169836,-32.20638,-0.01797659,3925.05401279526,3835.364,826.9503,78.11995,77.83261,226859.3,40138.24
57.89687,S,54.40688,3.94225,0.3973014,1.117389,0.06619978,0,12.46201,0.02555777,0.001513929,33.98173,52.52571,5.934076,-32.2053548852357,-32.20535,-0.0177387,3921.90722312955,3832.144,826.9483,78.11527,77.82272,227242.6,40220.94
57.99686,S,54.50686,3.942957,0.4026429,1.118343,0.06709088,0,12.46201,0.02507494,0.001504037,33.98173,52.52114,5.932611,-32.2041447339791,-32.20414,-0.0174616,3918.76055240932,3828.924,826.9463,78.11063,77.81281,227625.7,40303.63
58.09684,S,54.60684,3.943665,0.4080346,1.118177,0.0679976,0,12.46201,0.02457703,0.001494317,33.98173,52.51655,5.931144,-32.2028845807332,-32.20288,-0.01717631,3915.61400092134,3825.704,826.9443,78.10602,77.80289,228008.4,40386.33
58.19682,S,54.70683,3.944376,0.4134781,1.118011,0.06891387,0,12.46201,0.0240892,0.001484613,33.98173,52.51192,5.929661,-32.20165443269,-32.20165,-0.01689615,3912.46758196814,3822.484,826.9423,78.10144,77.79295,228390.8,40469.02
58.29681,S,54.80681,3.945088,0.4189567,1.117844,0.06983544,0,12.46201,0.02361147,0.00147485,33.98173,52.50727,5.928174,-32.2004542896289,-32.20045,-0.01662095,3909.32126981902,3819.264,826.9403,78.09689,77.783,228772.9,40551.72
58.39679,S,54.90679,3.945803,0.4244992,1.117678,0.07076923,0,12.46201,0.02314352,0.001465168,33.98173,52.50259,5.926675,-32.1992841515201,-32.19928,-0.0163509,3906.17507776793,3816.044,826.9383,78.09238,77.77303,229154.6,40634.41
58.49677,S,55.00677,3.946519,0.4300648,1.117511,0.07170612,0,12.46201,0.02268524,0.001455385,33.98173,52.49789,5.925172,-32.1981240179776,-32.19812,-0.01608548,3903.0290061053,3812.824,826.9363,78.08788,77.76304,229536,40717.11
58.59676,S,55.10676,3.947238,0.4357089,1.117344,0.07265744,0,12.46201,0.02223633,0.001445726,33.98173,52.49314,5.923654,-32.1969938891064,-32.19699,-0.01582514,3899.88306817921,3809.604,826.9343,78.08344,77.75304,229917.1,40799.8
58.69674,S,55.20674,3.947959,0.4413685,1.117177,0.07361175,0,12.46201,0.02179647,0.001435956,33.98173,52.48839,5.922132,-32.1958837644032,-32.19588,-0.01556909,3896.737238179,3806.384,826.9323,78.079,77.74303,230297.9,40882.5
58.79672,S,55.30672,3.948681,0.4471058,1.11701,0.07457837,0,12.46201,0.02136581,0.00142628,33.98173,52.48359,5.920595,-32.1948036440554,-32.1948,-0.01531794,3893.59152944412,3803.164,826.9303,78.07462,77.73299,230678.4,40965.2
58.89671,S,55.40671,3.949407,0.4528769,1.116843,0.0755518,0,12.46201,0.02094382,0.001416571,33.98173,52.47876,5.919052,-32.1937435276881,-32.19374,-0.01507113,3890.4460993286,3799.944,826.929,78.07025,77.72293,231058.5,41047.89
58.99669,S,55.50669,3.950135,0.4587216,1.116675,0.07653727,0,12.46201,0.02053043,0.001406934,33.98173,52.4739,5.917495,-32.1927034152895,-32.1927,-0.01482885,3887.30083061791,3796.724,826.9279,78.06593,77.71284,231438.3,41130.59
59.09667,S,55.60667,3.950865,0.4645982,1.116508,0.07752943,0,12.46201,0.02012556,0.001397277,33.98173,52.46901,5.91593,-32.1916833066537,-32.19168,-0.01459087,3884.15569748501,3793.504,826.9269,78.06163,77.70275,231817.8,41213.28
59.19666,S,55.70666,3.951596,0.4705305,1.116341,0.07853017,0,12.46201,0.01972893,0.001387628,33.98173,52.4641,5.914358,-32.1906932016448,-32.19069,-0.0143571,3881.01067401927,3790.284,826.9258,78.05737,77.69263,232197,41295.98
59.29664,S,55.80664,3.95233,0.4765067,1.116173,0.07953978,0,12.46201,0.01934037,0.001377994,33.98173,52.45915,5.912775,-32.1897131001429,-32.18971,-0.01412747,3877.86577361829,3787.064,826.9247,78.05313,77.68251,232575.9,41378.67
59.39662,S,55.90662,3.953066,0.4825286,1.116005,0.08055628,0,12.46201,0.0189598,0.001368348,33.98173,52.45418,5.911185,-32.1887630020147,-32.18876,-0.01390188,3874.72102286444,3783.844,826.9237,78.04893,77.67236,232954.4,41461.37
59.4966,S,56.00661,3.953805,0.488608,1.115837,0.08158386,0,12.46201,0.01858686,0.001358748,33.98173,52.44917,5.90958,-32.1878229071649,-32.18782,-0.0136803,3871.57639581826,3780.624,826.9227,78.04476,77.66219,233332.6,41544.06
59.59659,S,56.10659,3.954545,0.4947169,1.115669,0.08261587,0,12.46201,0.0182216,0.001349099,33.98173,52.44414,5.907972,-32.186902815414,-32.1869,-0.0134625,3868.43187961872,3777.404,826.9217,78.04061,77.65202,233710.5,41626.76
59.69657,S,56.20657,3.955288,0.5008963,1.115501,0.0836612,0,12.46201,0.01786374,0.00133954,33.98173,52.43908,5.906351,-32.1860027267804,-32.186,-0.01324871,3865.28747453642,3774.184,826.9206,78.03651,77.64182,234088,41709.45
59.79655,S,56.30656,3.956033,0.5070924,1.115333,0.08470978,0,12.46201,0.01751313,0.001329909,33.98173,52.434,5.904727,-32.1851226409902,-32.18512,-0.01303845,3862.14319402688,3770.964,826.9195,78.03241,77.63161,234465.3,41792.15
59.89654,S,56.40654,3.956779,0.5133761,1.115165,0.08577202,0,12.46201,0.01716972,0.00132038,33.98173,52.42887,5.903087,-32.184262558134,-32.18426,-0.01283212,3858.99906478426,3767.744,826.9185,78.02838,77.62138,234842.2,41874.84
59.99652,S,56.50652,3.95753,0.519675,1.114996,0.08683872,0,12.46201,0.01683317,0.001310795,33.98173,52.42373,5.901442,-32.1834124779137,-32.18341,-0.01262915,3855.85504756181,3764.524,826.9175,78.02435,77.61113,235218.8,41957.54
60.0965,S,56.60651,3.958281,0.5260376,1.114828,0.08791533,0,12.46201,0.01650351,0.001301254,33.98173,52.41856,5.899786,-32.1825824003773,-32.18258,-0.01242983,3852.71114263382,3761.304,826.9164,78.02037,77.60088,235595.1,42040.23
60.19649,S,56.70649,3.959035,0.5324376,1.11466,0.08899977,0,12.46201,0.01618052,0.001291719,33.98173,52.41336,5.898123,-32.1817723253737,-32.18177,-0.01223394,3849.56736350257,3758.084,826.9153,78.01641,77.59059,235971,42122.93
60.29647,S,56.80647,3.95979,0.5388905,1.114492,0.09009241,0,12.46201,0.01586413,0.001282203,33.98173,52.40813,5.89645,-32.1809822528406,-32.18098,-0.01204148,3846.42373695229,3754.864,826.9143,78.01248,77.58029,236346.7,42205.62
60.39645,S,56.90646,3.960549,0.5453945,1.114323,0.09119511,0,12.46201,0.01555406,0.001272721,33.98173,52.40287,5.894767,-32.1802021826769,-32.1802,-0.01185234,3843.28023685989,3751.644,826.9133,78.00859,77.56998,236722,42288.32
60.49644,S,57.00644,3.96131,0.5519352,1.114154,0.09230351,0,12.46201,0.01525032,0.001263225,33.98173,52.3976,5.893079,-32.1794421147874,-32.17944,-0.01166642,3840.13685027639,3748.424,826.9123,78.00471,77.55965,237097,42371.02
60.59642,S,57.10642,3.962073,0.5585399,1.113986,0.09342434,0,12.46201,0.01495271,0.001253802,33.98173,52.39227,5.891373,-32.1787020491559,-32.1787,-0.01148383,3836.99357748081,3745.204,826.9112,78.00089,77.54931,237471.6,42453.71
60.6964,S,57.20641,3.962837,0.5651624,1.113817,0.09454832,0,12.46201,0.01466117,0.001244334,33.98173,52.38694,5.889669,-32.1779619856148,-32.17796,-0.01130425,3833.85043203431,3741.984,826.9101,77.99706,77.53894,237846,42536.41
60.79639,S,57.30639,3.963605,0.5718713,1.113649,0.09568622,0,12.46201,0.01437542,0.001234953,33.98173,52.38156,5.887947,-32.1772519241741,-32.17725,-0.01112786,3830.70744083461,3738.764,826.9091,77.99331,77.52856,238220,42619.1
60.89637,S,57.40637,3.964374,0.5785966,1.11348,0.09682877,0,12.46201,0.0140955,0.00122555,33.98173,52.37617,5.886222,-32.1765418647054,-32.17654,-0.01095443,3827.56456435254,3735.544,826.9081,77.98956,77.51816,238593.7,42701.8
60.99635,S,57.50636,3.965147,0.5853928,1.113311,0.09798249,0,12.46201,0.01382114,0.001216199,33.98173,52.37074,5.884484,-32.1758518071663,-32.17585,-0.01078398,3824.42180287097,3732.324,826.907,77.98585,77.50774,238967.1,42784.49
61.09634,S,57.60634,3.965921,0.59222,1.113143,0.09914298,0,12.46201,0.01355243,0.00120686,33.98173,52.36528,5.882738,-32.1751817514998,-32.17518,-0.01061648,3821.27916999855,3729.104,826.9059,77.98216,77.49731,239340.1,42867.19
61.19632,S,57.70632,3.966698,0.5991004,1.112974,0.1003119,0,12.46201,0.01328905,0.00119754,33.98173,52.3598,5.880984,-32.174521697612,-32.17452,-0.01045178,3818.13669272448,3725.884,826.9049,77.97851,77.48686,239712.9,42949.88
61.2963,S,57.8063,3.967476,0.6060314,1.112805,0.101491,0,12.46201,0.01303103,0.001188271,33.98173,52.35429,5.879219,-32.1738716454887,-32.17387,-0.01028997,3814.99433139282,3722.664,826.9039,77.97488,77.47639,240085.3,43032.58
61.39629,S,57.90629,3.968259,0.6129926,1.112636,0.1026744,0,12.46201,0.01277811,0.001178973,33.98173,52.34875,5.877449,-32.1732415949853,-32.17324,-0.01013073,3811.85208629036,3719.444,826.9028,77.97128,77.46591,240457.4,43115.27
61.49627,S,58.00627,3.969043,0.6200259,1.112467,0.1038719,0,12.46201,0.01253033,0.001169774,33.98173,52.34318,5.875665,-32.1726215461656,-32.17262,-0.009974387,3808.70997107359,3716.224,826.9017,77.96773,77.45541,240829.1,43197.97
61.59625,S,58.10625,3.969829,0.6270792,1.112299,0.105073,0,12.46201,0.01228752,0.001160546,33.98173,52.33759,5.873876,-32.1720114988657,-32.17201,-0.009820542,3805.56801282382,3713.004,826.9007,77.96418,77.44489,241200.6,43280.66
61.69624,S,58.20624,3.970617,0.6342108,1.11213,0.1062867,0,12.46201,0.01204962,0.001151397,33.98173,52.33196,5.872075,-32.1714214531252,-32.17142,-0.009669447,3802.4261851484,3709.784,826.8997,77.96069,77.43436,241571.7,43363.36
61.79622,S,58.30622,3.971407,0.6413649,1.111962,0.1075061,0,12.46201,0.01181649,0.001142248,33.98173,52.32632,5.87027,-32.1708314088224,-32.17083,-0.009520818,3799.28446156749,3706.564,826.8986,77.95721,77.4238,241942.5,43446.05
61.8962,S,58.4062,3.9722,0.6485776,1.111793,0.1087347,0,12.46201,0.01158802,0.001133135,33.98173,52.32064,5.868452,-32.1702713659339,-32.17027,-0.009374696,3796.14286916556,3703.344,826.8975,77.95376,77.41323,242313,43528.75
61.99619,S,58.50619,3.972996,0.6558362,1.111624,0.109973,0,12.46201,0.01136411,0.001124065,33.98173,52.31493,5.866623,-32.1697013244186,-32.1697,-0.009231051,3793.00142169261,3700.124,826.8965,77.95035,77.40264,242683.1,43611.45
62.09617,S,58.60617,3.973795,0.6631315,1.111455,0.1112164,0,12.46201,0.01114467,0.001114993,33.98173,52.3092,5.864792,-32.1691612841968,-32.16916,-0.009089723,3789.86018668482,3696.904,826.8958,77.94695,77.39204,243053,43694.14
62.19615,S,58.70615,3.974595,0.6705092,1.111287,0.1124759,0,12.46201,0.01092967,0.001106033,33.98173,52.30342,5.862943,-32.1686212453158,-32.16862,-0.008950988,3786.7192319023,3693.684,826.8958,77.9436,77.38139,243422.5,43776.84
62.29613,S,58.80614,3.9754,0.6779047,1.111118,0.1137389,0,12.46201,0.0107189,0.001097052,33.98173,52.29763,5.861089,-32.168091207619,-32.16809,-0.008814397,3783.57841001065,3690.464,826.8958,77.94025,77.37074,243791.7,43859.53
62.39612,S,58.90612,3.976205,0.6853802,1.11095,0.1150149,0,12.46201,0.01051239,0.001088151,33.98173,52.2918,5.859224,-32.1675811711526,-32.16758,-0.008680224,3780.43772134111,3687.244,826.8958,77.93697,77.36006,244160.5,43942.23
62.4961,S,59.0061,3.977013,0.6928797,1.110781,0.1162967,0,12.46201,0.01031004,0.001079262,33.98173,52.28595,5.85735,-32.1670711358292,-32.16707,-0.008548251,3777.29716622597,3684.024,826.8958,77.93369,77.34937,244529.1,44024.92
62.59608,S,59.10609,3.977824,0.7004313,1.110613,0.1175867,0,12.46201,0.01011167,0.0010704,33.98173,52.28008,5.855471,-32.1665711016058,-32.16657,-0.008418418,3774.15674499864,3680.804,826.8958,77.93044,77.33865,244897.3,44107.62
62.69607,S,59.20607,3.978637,0.708035,1.110444,0.1188874,0,12.46201,0.009917295,0.001061598,33.98173,52.27417,5.85358,-32.1660910684805,-32.16609,-0.008290819,3771.01645799362,3677.584,826.8958,77.92723,77.32793,245265.2,44190.31
62.79605,S,59.30605,3.979452,0.7156636,1.110276,0.1201917,0,12.46201,0.009726779,0.001052786,33.98173,52.26824,5.851683,-32.1656110363652,-32.16561,-0.008165209,3767.8763055465,3674.364,826.8958,77.92403,77.31718,245632.8,44273.01
62.89603,S,59.40604,3.980273,0.7233651,1.110107,0.1215101,0,12.46201,0.009540052,0.00104406,33.98173,52.26226,5.849771,-32.1651510052873,-32.16515,-0.008041793,3764.73823827351,3671.146,826.8958,77.92089,77.30643,246000.1,44355.7
62.99602,S,59.50602,3.981096,0.7310847,1.109939,0.1228322,0,12.46201,0.009357034,0.001035331,33.98173,52.25628,5.847855,-32.1646909751568,-32.16469,-0.007920305,3761.60030606479,3667.928,826.8958,77.91775,77.29565,246367,44438.4
63.096,S,59.606,3.981922,0.7388635,1.10977,0.1241638,0,12.46201,0.009177645,0.001026646,33.98173,52.25026,5.845929,-32.1642409459714,-32.16424,-0.007800827,3758.46250925864,3664.71,826.8958,77.91464,77.28486,246733.6,44521.09
63.19598,S,59.70599,3.982749,0.7466877,1.109601,0.125505,0,12.46201,0.009001859,0.001018014,33.98173,52.24421,5.843996,-32.163800917711,-32.1638,-0.007683368,3755.32484819446,3661.492,826.8958,77.91158,77.27405,247099.9,44603.79
63.29597,S,59.80597,3.98358,0.754537,1.109433,0.1268498,0,12.46201,0.008829553,0.00100938,33.98173,52.23815,5.842056,-32.1633708903061,-32.16337,-0.007567727,3752.18732321279,3658.274,826.8958,77.90851,77.26321,247465.9,44686.48
63.39595,S,59.90595,3.984413,0.762466,1.109264,0.1282101,0,12.46201,0.008660661,0.001000842,33.98173,52.23204,5.840099,-32.1629508637865,-32.16295,-0.007454116,3749.04993465528,3655.056,826.8958,77.9055,77.25237,247831.5,44769.18
63.49593,S,60.00594,3.985248,0.7704134,1.109096,0.129574,0,12.46201,0.008495147,0.0009923087,33.98173,52.22592,5.838141,-32.1625408380752,-32.16254,-0.007342292,3745.91268286472,3651.838,826.8958,77.9025,77.2415,248196.9,44851.88
63.59592,S,60.10592,3.986087,0.7784192,1.108928,0.1309476,0,12.46201,0.008332869,0.0009838205,33.98173,52.21977,5.836173,-32.1621308131587,-32.16213,-0.007232277,3742.77556818502,3648.62,826.8958,77.89953,77.23062,248561.9,44934.57
63.6959,S,60.2059,3.986927,0.7864683,1.10876,0.1323307,0,12.46201,0.008173836,0.0009753857,33.98173,52.21358,5.834193,-32.1617407890247,-32.16174,-0.007124101,3739.63956576188,3645.403,826.8958,77.89659,77.21972,248926.5,45017.27
63.79588,S,60.30589,3.987771,0.794546,1.108592,0.1337177,0,12.46201,0.008017946,0.0009669577,33.98173,52.20739,5.832211,-32.1613507656179,-32.16135,-0.007017593,3736.50272629738,3642.185,826.8958,77.89366,77.2088,249290.9,45099.96
63.89587,S,60.40587,3.988618,0.8027003,1.108424,0.1351197,0,12.46201,0.007865131,0.0009586185,33.98173,52.20115,5.830214,-32.1609607429592,-32.16096,-0.006912927,3733.36699969702,3638.968,826.8958,77.89079,77.19787,249655,45182.66
63.99585,S,60.50585,3.989468,0.8108765,1.108256,0.1365254,0,12.46201,0.007715367,0.0009502914,33.98173,52.19489,5.828212,-32.1605907209868,-32.16059,-0.006809899,3730.23043683668,3635.75,826.8958,77.88792,77.18691,250018.7,45265.35
64.09583,S,60.60583,3.990319,0.8191054,1.108088,0.1379402,0,12.46201,0.00756855,0.0009420113,33.98173,52.18861,5.826201,-32.1602306996928,-32.16023,-0.006708544,3727.09401282376,3632.532,826.8958,77.88509,77.17593,250382.1,45348.05
64.19582,S,60.70582,3.991172,0.8273872,1.107921,0.139366,0,12.46201,0.007424627,0.0009337904,33.98173,52.18229,5.824179,-32.1598706790615,-32.15987,-0.006608862,3723.9577280091,3629.314,826.8958,77.88229,77.16494,250745.1,45430.74
64.2958,S,60.8058,3.992029,0.8356876,1.107754,0.1407955,0,12.46201,0.007283537,0.0009255813,33.98173,52.17596,5.822156,-32.1595206590467,-32.15952,-0.006510703,3720.8215827447,3626.096,826.8958,77.87949,77.15392,251107.9,45513.44
64.39578,S,60.90578,3.992889,0.8440682,1.107587,0.1422385,0,12.46201,0.00714522,0.0009174484,33.98173,52.16959,5.820117,-32.1591806396608,-32.15918,-0.006414198,3717.6855773837,3622.878,826.8958,77.87675,77.1429,251470.3,45596.13
64.49577,S,61.00577,3.993751,0.8524744,1.10742,0.1436877,0,12.46201,0.007009655,0.0009093489,33.98173,52.1632,5.818072,-32.1588406208673,-32.15884,-0.006319236,3714.54971228044,3619.66,826.8958,77.87402,77.13184,251832.4,45678.83
64.59575,S,61.10575,3.994616,0.86092,1.107253,0.145143,0,12.46201,0.00687672,0.000901275,33.98173,52.15678,5.816018,-32.1585106026342,-32.15851,-0.006225724,3711.41398779047,3616.442,826.8958,77.87131,77.12077,252194.2,45761.52
64.69573,S,61.20573,3.995484,0.8694313,1.107086,0.1466118,0,12.46201,0.006746426,0.0008932803,33.98173,52.15033,5.813952,-32.1581805849781,-32.15818,-0.006133813,3708.27840427047,3613.224,826.8958,77.86864,77.10969,252555.7,45844.22
64.79572,S,61.30572,3.996353,0.8779624,1.10692,0.1480844,0,12.46201,0.006618721,0.0008853068,33.98173,52.14388,5.811887,-32.1578705678517,-32.15787,-0.006043327,3705.14296207835,3610.006,826.8958,77.86598,77.09858,252916.8,45926.91
64.8957,S,61.4057,3.997226,0.8865501,1.106753,0.1495669,0,12.46201,0.006493485,0.0008773825,33.98173,52.13738,5.80981,-32.1575505512443,-32.15755,-0.00595427,3702.00863585213,3606.789,826.8958,77.86336,77.08746,253277.7,46009.61
64.99568,S,61.50568,3.998103,0.895184,1.106587,0.1510586,0,12.46201,0.006370739,0.0008695133,33.98173,52.13085,5.80772,-32.1572505351488,-32.15725,-0.005866671,3698.8744515848,3603.572,826.8958,77.86076,77.07632,253638.2,46092.3
65.09566,S,61.60567,3.998982,0.9038404,1.106421,0.1525545,0,12.46201,0.006250391,0.0008616643,33.98173,52.12431,5.805627,-32.1569505195304,-32.15695,-0.0057804,3695.73943544708,3600.354,826.8958,77.85817,77.06516,253998.3,46175
65.19565,S,61.70565,3.999864,0.9125707,1.106255,0.1540631,0,12.46201,0.006132396,0.0008538857,33.98173,52.11773,5.803522,-32.1566605043953,-32.15666,-0.005695554,3692.60456208064,3597.136,826.8958,77.85563,77.05397,254358.2,46257.7
65.29563,S,61.80563,4.000748,0.9213336,1.106089,0.1555793,0,12.46201,0.006016707,0.0008461486,33.98173,52.11113,5.80141,-32.1563704897157,-32.15637,-0.005612037,3689.46983184939,3593.918,826.8958,77.8531,77.04277,254717.7,46340.39
65.39561,S,61.90562,4.001634,0.9301227,1.105924,0.1570996,0,12.46201,0.00590331,0.0008384391,33.98173,52.10452,5.799294,-32.1560904754748,-32.15609,-0.005529812,3686.33524511848,3590.7,826.8958,77.85058,77.03156,255076.9,46423.09
65.4956,S,62.0056,4.002525,0.9389924,1.105759,0.1586358,0,12.46201,0.005792093,0.0008308113,33.98173,52.09786,5.797163,-32.1558104616745,-32.15581,-0.005448948,3683.2008022543,3587.482,826.8958,77.84812,77.02032,255435.8,46505.78
65.59558,S,62.10558,4.003417,0.9478815,1.105594,0.1601761,0,12.46201,0.005683077,0.0008232116,33.98173,52.09119,5.795027,-32.1555404482852,-32.15554,-0.00536933,3680.06650362446,3584.264,826.8958,77.84566,77.00906,255794.4,46588.48
65.69556,S,62.20557,4.004312,0.9568035,1.105429,0.1617216,0,12.46201,0.005576212,0.0008156471,33.98173,52.0845,5.792886,-32.155280435296,-32.15528,-0.005290948,3676.93234959779,3581.046,826.8958,77.84322,76.99778,256152.7,46671.17
65.79555,S,62.30555,4.00521,0.9657996,1.105265,0.1632818,0,12.46201,0.005471403,0.0008081577,33.98173,52.07776,5.79073,-32.155020422706,-32.15502,-0.005213851,3673.79834054439,3577.828,826.8958,77.84083,76.98648,256510.6,46753.87
65.89553,S,62.40553,4.006111,0.9748143,1.105101,0.1648463,0,12.46201,0.00536866,0.0008006988,33.98173,52.07101,5.78857,-32.1547704104891,-32.15477,-0.005137934,3670.6644768356,3574.61,826.8958,77.83843,76.97517,256868.2,46836.56
65.99551,S,62.50552,4.007016,0.9838663,1.104936,0.166417,0,12.46201,0.005267888,0.0007932738,33.98173,52.06424,5.786405,-32.1545103986299,-32.15451,-0.005063151,3667.53173263051,3571.393,826.8958,77.83607,76.96384,257225.5,46919.26
66.0955,S,62.6055,4.007924,0.9929857,1.104772,0.168001,0,12.46201,0.005169103,0.0007859238,33.98173,52.05743,5.784226,-32.1542703871391,-32.15427,-0.004989624,3664.39913442555,3568.176,826.8958,77.83374,76.95248,257582.4,47001.95
66.19548,S,62.70548,4.008834,1.002128,1.104608,0.1695891,0,12.46201,0.005072264,0.0007786049,33.98173,52.05061,5.782042,-32.1540303759873,-32.15403,-0.004917216,3661.26570889996,3564.958,826.8958,77.83142,76.94111,257939.1,47084.65
66.29546,S,62.80547,4.009748,1.011318,1.104445,0.1711856,0,12.46201,0.004977276,0.0007713304,33.98173,52.04376,5.779851,-32.1537903651645,-32.15379,-0.00484591,3658.13243021664,3561.74,826.8958,77.82912,76.92972,258295.4,47167.34
66.39545,S,62.90545,4.010663,1.020568,1.104282,0.1727947,0,12.46201,0.004884156,0.0007641269,33.98173,52.03688,5.77765,-32.1535603546749,-32.15356,-0.004775785,3654.99929875325,3558.522,826.8958,77.82687,76.9183,258651.4,47250.04
66.49543,S,63.00543,4.011581,1.029838,1.104119,0.174408,0,12.46201,0.004792842,0.0007569531,33.98173,52.02998,5.775442,-32.1533403444907,-32.15334,-0.004706703,3651.8663148887,3555.304,826.8958,77.82462,76.90687,259007.1,47332.73
66.59541,S,63.10542,4.012502,1.039155,1.103956,0.176029,0,12.46201,0.004703297,0.0007498253,33.98173,52.02307,5.773229,-32.1531203346083,-32.15312,-0.004638685,3648.73347900319,3552.086,826.8958,77.82239,76.89542,259362.4,47415.43
66.6954,S,63.2054,4.013428,1.048532,1.103794,0.1776627,0,12.46201,0.004615486,0.0007427642,33.98173,52.0161,5.771,-32.1529003250258,-32.1529,-0.004571766,3645.60079147824,3548.868,826.8958,77.82021,76.88394,259717.5,47498.12
66.79538,S,63.30538,4.014354,1.05793,1.103632,0.1793008,0,12.46201,0.004529397,0.0007357384,33.98173,52.00914,5.768771,-32.1526903157248,-32.15269,-0.004505863,3642.46825269662,3545.65,826.8958,77.81802,76.87245,260072.2,47580.82
66.89536,S,63.40536,4.015285,1.067368,1.10347,0.1809453,0,12.46201,0.004444969,0.0007287535,33.98173,52.00214,5.766531,-32.1524803066961,-32.15248,-0.004440955,3639.33586304242,3542.432,826.8958,77.81586,76.86094,260426.5,47663.52
66.99535,S,63.50535,4.016218,1.076873,1.103309,0.1826039,0,12.46201,0.004362173,0.0007218398,33.98173,51.99511,5.764282,-32.1522802979424,-32.15228,-0.004377106,3636.20362290105,3539.214,826.8958,77.81374,76.84941,260780.6,47746.21
67.09533,S,63.60533,4.017155,1.086395,1.103148,0.1842666,0,12.46201,0.004280976,0.0007149586,33.98173,51.98806,5.762028,-32.1520702894418,-32.15207,-0.004314198,3633.07250593925,3535.997,826.8958,77.81161,76.83786,261134.4,47828.91
67.19531,S,63.70531,4.018096,1.095951,1.102986,0.1859342,0,12.46201,0.004201348,0.0007081138,33.98173,51.98099,5.759764,-32.1518702811878,-32.15187,-0.004252226,3629.9415391715,3532.78,826.8958,77.80952,76.82629,261487.8,47911.6
67.2953,S,63.8053,4.019038,1.105586,1.102826,0.1876178,0,12.46201,0.004123273,0.0007013493,33.98173,51.97389,5.757493,-32.151680273189,-32.15168,-0.004191297,3626.80974980033,3529.562,826.8958,77.80746,76.8147,261840.9,47994.3
67.39528,S,63.90528,4.019985,1.11524,1.102666,0.1893051,0,12.46201,0.004046706,0.0006946163,33.98173,51.96677,5.755214,-32.1514902654203,-32.15149,-0.004131261,3623.67811149649,3526.344,826.8958,77.80542,76.80309,262193.7,48076.99
67.49526,S,64.00526,4.020934,1.124915,1.102505,0.1909973,0,12.46201,0.003971608,0.0006879197,33.98173,51.95963,5.752928,-32.1513102578756,-32.15131,-0.00407211,3620.54662465196,3523.126,826.8958,77.80337,76.79146,262546.1,48159.69
67.59528,S,64.10529,4.021886,1.134672,1.102346,0.1927036,0,12.46201,0.003897958,0.000681293,33.98173,51.95245,5.750632,-32.1511302505593,-32.15113,-0.004013917,3617.41528966011,3519.908,826.8958,77.80138,76.77981,262898.2,48242.38
67.6953,S,64.20531,4.02284,1.144456,1.102187,0.1944168,0,12.46201,0.003825743,0.0006747129,33.98173,51.94526,5.74833,-32.1509502434585,-32.15095,-0.00395662,3614.28410691561,3516.69,826.8958,77.7994,76.76814,263250.1,48325.08
67.79533,S,64.30533,4.023798,1.15426,1.102028,0.1961343,0,12.46201,0.003754914,0.0006681681,33.98173,51.93805,5.746023,-32.1507802365612,-32.15078,-0.003900161,3611.15307681449,3513.472,826.8958,77.79742,76.75645,263601.6,48407.77
67.89535,S,64.40535,4.024759,1.164126,1.101869,0.1978624,0,12.46201,0.003685446,0.0006616796,33.98173,51.93081,5.743705,-32.1506002298682,-32.1506,-0.003844581,3608.02219975414,3510.254,826.8958,77.79548,76.74473,263952.7,48490.47
67.99537,S,64.50537,4.025723,1.174039,1.101711,0.199601,0,12.46201,0.003617311,0.0006552472,33.98173,51.92353,5.741378,-32.1504402233731,-32.15044,-0.003789866,3604.89147613333,3507.036,826.8958,77.79356,76.73299,264303.6,48573.16
68.09539,S,64.60539,4.026692,1.183972,1.101553,0.2013439,0,12.46201,0.003550481,0.0006488507,33.98173,51.91625,5.739047,-32.1502702170635,-32.15027,-0.003735947,3601.76090635216,3503.818,826.8958,77.79166,76.72124,264654.1,48655.86
68.19541,S,64.70541,4.027662,1.193937,1.101395,0.2030925,0,12.46201,0.003484948,0.0006424979,33.98173,51.90894,5.736708,-32.1501102109377,-32.15011,-0.003682844,3598.63146357108,3500.601,826.8958,77.78976,76.70947,265004.3,48738.55
68.29543,S,64.80544,4.028636,1.203981,1.101238,0.2048567,0,12.46201,0.003420673,0.0006362167,33.98173,51.90159,5.734357,-32.1499602049969,-32.14996,-0.003630604,3595.50120262694,3497.383,826.8958,77.78791,76.69769,265354.2,48821.25
68.39545,S,64.90546,4.029614,1.214041,1.101081,0.2066248,0,12.46201,0.003357627,0.0006299703,33.98173,51.89424,5.732003,-32.1498001992253,-32.1498,-0.003579121,3592.37206939353,3494.166,826.8958,77.78606,76.68587,265703.8,48903.95
68.49548,S,65.00548,4.030596,1.224127,1.100924,0.2083974,0,12.46201,0.003295786,0.0006237608,33.98173,51.88686,5.729642,-32.1496501936182,-32.14965,-0.003528387,3589.24211890292,3490.948,826.8958,77.78423,76.67403,266053,48986.64
68.5955,S,65.1055,4.031579,1.23428,1.100768,0.2101826,0,12.46201,0.003235142,0.0006176158,33.98173,51.87946,5.727273,-32.1495001881793,-32.1495,-0.003478468,3586.112324273,3487.73,826.8958,77.78242,76.66218,266401.9,49069.34
68.69552,S,65.20552,4.032566,1.244475,1.100613,0.2119771,0,12.46201,0.003175641,0.0006115191,33.98173,51.87202,5.724893,-32.1493501828972,-32.14935,-0.003429293,3582.98268591222,3484.512,826.8958,77.78065,76.6503,266750.5,49152.03
68.79554,S,65.30554,4.033556,1.254691,1.100457,0.2137764,0,12.46201,0.00311729,0.0006054633,33.98173,51.86457,5.722508,-32.1492101777669,-32.14921,-0.003380848,3579.85320423041,3481.294,826.8958,77.77888,76.6384,267098.8,49234.73
68.89556,S,65.40556,4.034548,1.264935,1.100302,0.2155802,0,12.46201,0.003060068,0.0005994483,33.98173,51.85711,5.720121,-32.1490701727842,-32.14907,-0.003333122,3576.72387963884,3478.076,826.8958,77.77711,76.62649,267446.7,49317.42
68.99558,S,65.50558,4.035545,1.275262,1.100148,0.2174008,0,12.46201,0.00300392,0.0005935022,33.98173,51.84959,5.717717,-32.14893016795,-32.14893,-0.003286157,3573.5947125502,3474.858,826.8958,77.7754,76.61455,267794.3,49400.12
69.0956,S,65.60561,4.036545,1.285609,1.099994,0.2192261,0,12.46201,0.002948856,0.0005875967,33.98173,51.84206,5.715308,-32.1488001632544,-32.1488,-0.003239887,3570.46570337858,3471.64,826.8958,77.77369,76.60258,268141.7,49482.81
69.19563,S,65.70563,4.035926,1.295977,1.100242,0.2210981,0,12.46201,0.002895885,0.0005818374,33.98173,51.83856,5.714187,-32.1486701587809,-32.14867,-0.003195182,3567.33685253954,3468.422,826.8958,77.77198,76.59061,268488.7,49565.51
69.29565,S,65.80565,4.032387,1.306394,1.101217,0.2230556,0,12.46201,0.002845793,0.0005763243,33.98173,51.84231,5.715386,-32.1485401545942,-32.14854,-0.00315277,3564.20816045005,3465.204,826.8958,77.7703,76.5786,268835.3,49648.2
69.39567,S,65.90567,4.028848,1.316869,1.102195,0.2250282,0,12.46201,0.00279662,0.0005708683,33.98173,51.84602,5.716575,-32.1484301505258,-32.14843,-0.003111003,3561.08059970169,3461.987,826.8958,77.76866,76.56658,269181.7,49730.9
69.49569,S,66.00569,4.02531,1.327366,1.103175,0.2270073,0,12.46201,0.002748325,0.0005654412,33.98173,51.84974,5.717762,-32.1483101465643,-32.14831,-0.003069786,3557.95319844187,3458.77,826.8958,77.76702,76.55454,269527.7,49813.59
69.59571,S,66.10571,4.021772,1.337889,1.104157,0.2289934,0,12.46201,0.002700914,0.0005600496,33.98173,51.85344,5.718949,-32.1481901427097,-32.14819,-0.003029145,3554.82498501779,3455.552,826.8958,77.76539,76.54247,269873.4,49896.29
69.69573,S,66.20573,4.018233,1.348452,1.105141,0.2309895,0,12.46201,0.002654359,0.0005546993,33.98173,51.85714,5.72013,-32.1480801389595,-32.14808,-0.002989074,3551.69693202541,3452.334,826.8958,77.76376,76.53039,270218.8,49978.98
69.79575,S,66.30576,4.014695,1.359086,1.106128,0.2330026,0,12.46201,0.002608643,0.0005494058,33.98173,51.8608,5.721304,-32.1479601353146,-32.14796,-0.002949606,3548.569039889,3449.116,826.8958,77.76219,76.51828,270563.8,50061.68
69.89577,S,66.40578,4.011157,1.36974,1.107118,0.2350226,0,12.46201,0.002563751,0.0005441454,33.98173,51.86446,5.722476,-32.1478501317663,-32.14785,-0.002910671,3545.44130903428,3445.898,826.8958,77.76063,76.50615,270908.6,50144.38
69.9958,S,66.5058,4.007618,1.380417,1.10811,0.2370497,0,12.46201,0.00251968,0.0005389213,33.98173,51.86811,5.723644,-32.1477501283136,-32.14775,-0.002872279,3542.31373988848,3442.68,826.8958,77.75906,76.494,271253,50227.07
70.09582,S,66.60582,4.004081,1.391115,1.109103,0.239084,0,12.46201,0.002476388,0.0005337286,33.98173,51.87177,5.724813,-32.1476401249514,-32.14764,-0.002834393,3539.1863328803,3439.462,826.8958,77.75748,76.48182,271597.1,50309.77
70.19584,S,66.70584,4.000543,1.401896,1.1101,0.2411353,0,12.46201,0.002433889,0.0005285941,33.98173,51.87538,5.725969,-32.1475401216843,-32.14754,-0.002797088,3536.05908843994,3436.244,826.8958,77.75597,76.46963,271940.8,50392.46
70.29586,S,66.80586,3.997005,1.412706,1.1111,0.2431963,0,12.46201,0.002392164,0.0005235015,33.98173,51.87899,5.727123,-32.1474401185061,-32.14744,-0.002760314,3532.93200699911,3433.026,826.8958,77.75447,76.45742,272284.3,50475.16
70.39588,S,66.90588,3.993468,1.423536,1.112101,0.2452645,0,12.46201,0.002351176,0.00051844,33.98173,51.8826,5.728278,-32.1473401154108,-32.14734,-0.002724023,3529.805088991,3429.808,826.8958,77.75297,76.44518,272627.4,50557.85
70.4959,S,67.00591,3.989931,1.434386,1.113105,0.2473397,0,12.46201,0.002310934,0.0005134147,33.98173,51.88618,5.729425,-32.1472401123985,-32.14724,-0.002688234,3526.67930647,3426.591,826.8958,77.75146,76.43292,272970.2,50640.55
70.59592,S,67.10593,3.986395,1.445278,1.114111,0.2494241,0,12.46201,0.002271403,0.0005084254,33.98173,51.88977,5.730574,-32.1471401094657,-32.14714,-0.002652926,3523.55368815046,3423.374,826.8958,77.74998,76.42065,273312.7,50723.24
70.69595,S,67.20595,3.982859,1.456244,1.11512,0.2515259,0,12.46201,0.002232592,0.0005034929,33.98173,51.89333,5.731711,-32.1470501066156,-32.14705,-0.002618158,3520.42726295243,3420.156,826.8958,77.74855,76.40834,273654.8,50805.94
70.79597,S,67.30597,3.979322,1.467232,1.116132,0.2536357,0,12.46201,0.002194485,0.0004985979,33.98173,51.89687,5.732847,-32.146950103842,-32.14695,-0.002583874,3517.30100293488,3416.938,826.8958,77.74712,76.39601,273996.7,50888.63
70.89599,S,67.40599,3.975786,1.478241,1.117145,0.2557529,0,12.46201,0.002157048,0.0004937345,33.98173,51.90042,5.733981,-32.1468601011404,-32.14686,-0.002550038,3514.17490853866,3413.72,826.8958,77.74568,76.38367,274338.2,50971.33
70.99601,S,67.50601,3.97225,1.489273,1.118162,0.2578775,0,12.46201,0.00212029,0.0004889077,33.98173,51.90396,5.735114,-32.146770098511,-32.14677,-0.002516669,3511.04898020616,3410.502,826.8958,77.74425,76.3713,274679.4,51054.02
71.09603,S,67.60603,3.968714,1.500362,1.11918,0.2600146,0,12.46201,0.00208419,0.0004841248,33.98173,51.90747,5.736238,-32.1466900959529,-32.14669,-0.002483774,3507.92321838132,3407.284,826.8958,77.74284,76.35891,275020.2,51136.72
71.19605,S,67.70605,3.965178,1.511506,1.120202,0.2621668,0,12.46201,0.002048733,0.0004793901,33.98173,51.91097,5.737357,-32.1466000934647,-32.1466,-0.002451356,3504.79762350963,3404.066,826.8958,77.74148,76.3465,275360.8,51219.41
71.29607,S,67.80608,3.961642,1.522673,1.121227,0.2643264,0,12.46201,0.002013917,0.0004746912,33.98173,51.91446,5.738475,-32.1465100910428,-32.14651,-0.002419383,3501.67219603816,3400.848,826.8958,77.74011,76.33406,275701,51302.11
71.3961,S,67.9061,3.958107,1.533863,1.122253,0.2664935,0,12.46201,0.001979712,0.0004700242,33.98173,51.91795,5.73959,-32.1464300886836,-32.14643,-0.002387828,3498.54693641556,3397.63,826.8958,77.73875,76.32161,276040.9,51384.8
71.49612,S,68.00612,3.954572,1.545074,1.123282,0.2686684,0,12.46201,0.001946125,0.000465394,33.98173,51.92143,5.740705,-32.1463500863874,-32.14635,-0.002356709,3495.42184509205,3394.412,826.8958,77.73738,76.30913,276380.5,51467.5
71.59614,S,68.10614,3.951036,1.556338,1.124314,0.2708558,0,12.46201,0.001913135,0.0004608064,33.98173,51.92489,5.741813,-32.1462700841529,-32.14627,-0.002326027,3492.29789356918,3391.195,826.8958,77.73605,76.29663,276719.8,51550.2
71.69616,S,68.20616,3.947503,1.56766,1.125349,0.2730577,0,12.46201,0.001880742,0.0004562669,33.98173,51.92833,5.742911,-32.14619008198,-32.14619,-0.002295798,3489.17411114532,3387.978,826.8958,77.73475,76.28411,277058.7,51632.89
71.79618,S,68.30618,3.943969,1.579008,1.126386,0.2752675,0,12.46201,0.001848914,0.0004517588,33.98173,51.93176,5.744011,-32.1461200798632,-32.14612,-0.002265962,3486.04952733072,3384.76,826.8958,77.73345,76.27156,277397.3,51715.59
71.8962,S,68.4062,3.940434,1.590379,1.127425,0.2774856,0,12.46201,0.00181766,0.0004472879,33.98173,51.93519,5.745108,-32.1460400778028,-32.14604,-0.002236539,3482.92511363175,3381.542,826.8958,77.73215,76.25899,277735.7,51798.28
71.99622,S,68.50623,3.9369,1.601772,1.128468,0.2797116,0,12.46201,0.001786958,0.000442851,33.98173,51.93861,5.746203,-32.1459700757964,-32.14597,-0.002207509,3479.80087050664,3378.324,826.8958,77.73086,76.2464,278073.6,51880.98
72.09624,S,68.60625,3.933366,1.613208,1.129513,0.2819479,0,12.46201,0.0017568,0.000438452,33.98173,51.94202,5.747295,-32.1458900738431,-32.14589,-0.002178877,3476.67679841522,3375.106,826.8958,77.72958,76.23378,278411.3,51963.67
72.19627,S,68.70627,3.929832,1.624716,1.130561,0.2842022,0,12.46201,0.001727177,0.0004341026,33.98173,51.9454,5.748376,-32.1458200719435,-32.14582,-0.002150667,3473.55289781899,3371.888,826.8958,77.72836,76.22115,278748.6,52046.37
72.29629,S,68.80629,3.926298,1.636246,1.131611,0.2864645,0,12.46201,0.001698086,0.0004297887,33.98173,51.94878,5.749457,-32.1457500700943,-32.14575,-0.002122844,3470.42916918106,3368.67,826.8958,77.72712,76.20848,279085.6,52129.06
72.39631,S,68.90631,3.922765,1.647799,1.132665,0.2887347,0,12.46201,0.001669501,0.0004255063,33.98173,51.95215,5.750535,-32.1456800682926,-32.14568,-0.002095381,3467.30561296617,3365.452,826.8958,77.72589,76.1958,279422.3,52211.76
72.49633,S,69.00633,3.919231,1.659376,1.133721,0.2910129,0,12.46201,0.001641428,0.0004212595,33.98173,51.95552,5.751614,-32.1456100665385,-32.14561,-0.002068295,3464.18222964075,3362.234,826.8958,77.72466,76.1831,279758.7,52294.45
72.59635,S,69.10635,3.915698,1.670974,1.134779,0.2932991,0,12.46201,0.00161385,0.0004170462,33.98173,51.95888,5.752689,-32.1455500648302,-32.14555,-0.002041569,3461.05901967284,3359.016,826.8958,77.72343,76.17036,280094.8,52377.15
72.69637,S,69.20638,3.912165,1.682647,1.135841,0.2956021,0,12.46201,0.001586766,0.000412881,33.98173,51.96221,5.753755,-32.145480063169,-32.14548,-0.002015241,3457.93695399493,3355.799,826.8958,77.72226,76.15762,280430.5,52459.84
72.79639,S,69.3064,3.908633,1.694358,1.136905,0.2979164,0,12.46201,0.00156016,0.0004087532,33.98173,51.96552,5.754815,-32.1454200615517,-32.14542,-0.001989274,3454.81506250722,3352.582,826.8958,77.7211,76.14484,280765.9,52542.54
72.89642,S,69.40642,3.905101,1.706095,1.137972,0.3002395,0,12.46201,0.001534014,0.0004046572,33.98173,51.96884,5.755875,-32.145360059976,-32.14536,-0.001963644,3451.69237532819,3349.364,826.8958,77.71994,76.13205,281101,52625.23
72.99644,S,69.50644,3.90157,1.717856,1.139041,0.3025701,0,12.46201,0.001508343,0.0004005972,33.98173,51.97214,5.756932,-32.1452900584422,-32.14529,-0.001938372,3448.56986339537,3346.146,826.8958,77.71877,76.11922,281435.7,52707.93
73.09646,S,69.60646,3.898037,1.72964,1.140114,0.3049097,0,12.46201,0.001483115,0.0003965693,33.98173,51.97544,5.757989,-32.145230056948,-32.14523,-0.001913429,3445.44752718522,3342.928,826.8958,77.71761,76.10638,281770.2,52790.62
73.19648,S,69.70648,3.894506,1.741454,1.141189,0.3072574,0,12.46201,0.001458329,0.0003925741,33.98173,51.97874,5.759046,-32.1451800554924,-32.14518,-0.001888816,3442.32536717591,3339.71,826.8958,77.71646,76.09352,282104.3,52873.32
73.2965,S,69.8065,3.890974,1.753354,1.142267,0.3096264,0,12.46201,0.001433986,0.0003886299,33.98173,51.982,5.760088,-32.1451100540776,-32.14511,-0.001864581,3439.2033838473,3336.492,826.8958,77.71537,76.08062,282438.1,52956.02
73.39652,S,69.90652,3.887442,1.765277,1.143349,0.3120036,0,12.46201,0.00141007,0.000384718,33.98173,51.98526,5.76113,-32.1450600526995,-32.14506,-0.001840667,3436.081577681,3333.274,826.8958,77.71427,76.06771,282771.6,53038.71
73.49654,S,70.00655,3.883911,1.777224,1.144433,0.3143892,0,12.46201,0.001386573,0.0003808385,33.98173,51.98851,5.76217,-32.145000051357,-32.145,-0.001817069,3432.95994916031,3330.056,826.8958,77.71318,76.05477,283104.7,53121.41
73.59657,S,70.10657,3.88038,1.789194,1.14552,0.3167831,0,12.46201,0.001363486,0.000376991,33.98173,51.99175,5.763207,-32.1449500500492,-32.14495,-0.001793784,3429.83849877028,3326.838,826.8958,77.71209,76.04181,283437.6,53204.1
73.69659,S,70.20659,3.876848,1.801188,1.14661,0.3191856,0,12.46201,0.00134081,0.0003731777,33.98173,51.995,5.764246,-32.1448900487759,-32.14489,-0.001770816,3426.71722699769,3323.62,826.8958,77.711,76.02882,283770.1,53286.8
73.79661,S,70.30661,3.873318,1.813209,1.147702,0.3215963,0,12.46201,0.001318529,0.0003693965,33.98173,51.99822,5.765278,-32.1448400475353,-32.14484,-0.001748151,3423.59710418906,3320.403,826.8958,77.70991,76.01582,284102.2,53369.49
73.89663,S,70.40663,3.869787,1.825319,1.148798,0.3240287,0,12.46201,0.001296639,0.0003656619,33.98173,52.00142,5.766303,-32.144790046329,-32.14479,-0.001725825,3420.47619106284,3317.185,826.8958,77.70889,76.00278,284434.1,53452.19
73.99665,S,70.50665,3.866258,1.83745,1.149897,0.3264687,0,12.46201,0.00127513,0.000361958,33.98173,52.00462,5.767324,-32.1447400451536,-32.14474,-0.00170379,3417.35642777085,3313.968,826.8958,77.70786,75.98973,284765.6,53534.88
74.09667,S,70.60667,3.862729,1.849608,1.150998,0.3289174,0,12.46201,0.001253996,0.0003582852,33.98173,52.0078,5.768342,-32.1446800440085,-32.14468,-0.001682046,3414.23587525858,3310.75,826.8958,77.70684,75.97665,285096.8,53617.58
74.19669,S,70.7067,3.859199,1.86179,1.152102,0.3313756,0,12.46201,0.001233235,0.0003546467,33.98173,52.01097,5.769359,-32.1446300428935,-32.14463,-0.001660599,3411.11550382375,3307.532,826.8958,77.70581,75.96355,285427.8,53700.27
74.29671,S,70.80672,3.855669,1.873997,1.15321,0.3338424,0,12.46201,0.001212836,0.0003510392,33.98173,52.01416,5.770377,-32.1445800418072,-32.14458,-0.001639436,3407.99531396373,3304.314,826.8958,77.70479,75.95042,285758.3,53782.97
74.39674,S,70.90674,3.85214,1.886228,1.15432,0.3363179,0,12.46201,0.001192791,0.0003474629,33.98173,52.01733,5.771391,-32.1445400407488,-32.14454,-0.00161855,3404.87530617771,3301.096,826.8958,77.70377,75.93726,286088.6,53865.66
74.49676,S,71.00676,3.84861,1.898531,1.155434,0.33881,0,12.46201,0.0011731,0.0003439273,33.98173,52.02047,5.772398,-32.1444900397192,-32.14449,-0.001597969,3401.75548096666,3297.878,826.8958,77.70279,75.92409,286418.5,53948.36
74.59678,S,71.10678,3.845081,1.910879,1.156551,0.341316,0,12.46201,0.001153747,0.0003404259,33.98173,52.02361,5.773401,-32.1444400387162,-32.14444,-0.001577664,3398.63583883339,3294.66,826.8958,77.70183,75.91089,286748.1,54031.05
74.6968,S,71.2068,3.841552,1.923252,1.15767,0.3438309,0,12.46201,0.001134734,0.0003369567,33.98173,52.02673,5.774401,-32.1444000377394,-32.1444,-0.001557634,3395.51638028249,3291.442,826.8958,77.70087,75.89766,287077.4,54113.75
74.79682,S,71.30682,3.838023,1.935648,1.158793,0.3463547,0,12.46201,0.00111605,0.0003335176,33.98173,52.02985,5.775399,-32.1443600367877,-32.14436,-0.001537866,3392.39710582042,3288.224,826.8958,77.69992,75.88441,287406.3,54196.45
74.89684,S,71.40685,3.834495,1.948069,1.159919,0.3488875,0,12.46201,0.001097689,0.0003301089,33.98173,52.03296,5.776394,-32.1443100358604,-32.14431,-0.001518359,3389.27801595542,3285.006,826.8958,77.69896,75.87114,287735,54279.14
74.99686,S,71.50687,3.830967,1.960511,1.161047,0.3514288,0,12.46201,0.001079652,0.0003267318,33.98173,52.03607,5.777389,-32.1442700349572,-32.14427,-0.001499115,3386.16008037478,3281.789,826.8958,77.69801,75.85784,288063.3,54361.84
75.09689,S,71.60689,3.82744,1.972978,1.162179,0.3539788,0,12.46201,0.001061926,0.0003233841,33.98173,52.03917,5.77838,-32.1442300340771,-32.14423,-0.001480123,3383.0423302978,3278.572,826.8958,77.69705,75.84452,288391.3,54444.53
75.19691,S,71.70691,3.823913,1.985535,1.163314,0.356548,0,12.46201,0.001044507,0.0003200755,33.98173,52.04224,5.779364,-32.1441900332206,-32.14419,-0.001461404,3379.92379717631,3275.354,826.8958,77.69615,75.83118,288719,54527.23
75.29693,S,71.80693,3.820385,1.998124,1.164453,0.35913,0,12.46201,0.001027389,0.0003167995,33.98173,52.04531,5.780345,-32.1441500323865,-32.14415,-0.001442938,3376.80545070318,3272.136,826.8958,77.69527,75.8178,289046.3,54609.92
75.39695,S,71.90695,3.816858,2.010738,1.165594,0.361721,0,12.46201,0.001010565,0.0003135526,33.98173,52.04836,5.781321,-32.1441000315736,-32.1441,-0.001424714,3373.68729139598,3268.918,826.8958,77.69438,75.80441,289373.4,54692.62
75.49697,S,72.00697,3.813331,2.023376,1.166739,0.3643212,0,12.46201,0.0009940364,0.0003103364,33.98173,52.0514,5.782296,-32.1440700307818,-32.14407,-0.001406735,3370.56931977414,3265.7,826.8958,77.69349,75.79099,289700.1,54775.31
75.59699,S,72.10699,3.809803,2.03604,1.167887,0.3669306,0,12.46201,0.0009777875,0.0003071477,33.98173,52.05445,5.783271,-32.1440300300099,-32.14403,-0.001388985,3367.45153635902,3262.482,826.8958,77.6926,75.77754,290026.5,54858.01
75.69701,S,72.20702,3.806277,2.048729,1.169037,0.3695493,0,12.46201,0.0009618222,0.0003039892,33.98173,52.05749,5.784243,-32.1439900292581,-32.14399,-0.001371474,3364.33394167386,3259.264,826.8958,77.69171,75.76406,290352.6,54940.7
75.79704,S,72.30704,3.80275,2.061443,1.170191,0.3721771,0,12.46201,0.0009461318,0.0003008595,33.98173,52.06052,5.785215,-32.1439500285254,-32.14395,-0.001354192,3361.2165362438,3256.046,826.8958,77.69083,75.75056,290678.3,55023.4
75.89706,S,72.40706,3.799224,2.074224,1.171349,0.374821,0,12.46201,0.0009307148,0.000297765,33.98173,52.06353,5.786178,-32.1439200278122,-32.14392,-0.001337156,3358.09932059591,3252.828,826.8958,77.68998,75.73705,291003.8,55106.09
75.99708,S,72.50708,3.795697,2.087055,1.17251,0.3774808,0,12.46201,0.0009155635,0.000294704,33.98173,52.06654,5.787138,-32.1438800271178,-32.14388,-0.001320356,3354.98229525921,3249.61,826.8958,77.68916,75.7235,291328.8,55188.79
76.0971,S,72.6071,3.792171,2.09991,1.173675,0.38015,0,12.46201,0.0009006672,0.0002916695,33.98173,52.06952,5.788092,-32.1438400264407,-32.14384,-0.001303768,3351.86642929752,3246.393,826.8958,77.68834,75.70994,291653.6,55271.48
76.19712,S,72.70712,3.788647,2.112789,1.174842,0.3828279,0,12.46201,0.0008860303,0.0002886638,33.98173,52.07249,5.789045,-32.1438100257811,-32.14381,-0.001287403,3348.75075459174,3243.176,826.8958,77.68752,75.69634,291978.1,55354.18
76.29714,S,72.80714,3.785122,2.125698,1.176012,0.3855152,0,12.46201,0.0008716484,0.0002856868,33.98173,52.07547,5.789999,-32.1437800251385,-32.14378,-0.001271256,3345.6343032625,3239.958,826.8958,77.6867,75.68272,292302.2,55436.88
76.39716,S,72.90717,3.781597,2.138633,1.177186,0.388213,0,12.46201,0.000857508,0.0002827368,33.98173,52.07845,5.79095,-32.143750024512,-32.14375,-0.001255316,3342.51804437953,3236.74,826.8958,77.68588,75.66907,292626.1,55519.57
76.49718,S,73.00719,3.778072,2.151594,1.178363,0.3909204,0,12.46201,0.0008436131,0.0002798154,33.98173,52.08142,5.791901,-32.1437100239017,-32.14371,-0.001239589,3339.40197848159,3233.522,826.8958,77.68506,75.6554,292949.6,55602.27
76.59721,S,73.10721,3.774547,2.16458,1.179543,0.3936374,0,12.46201,0.000829955,0.0002769211,33.98173,52.08437,5.792847,-32.1436800233069,-32.14368,-0.001224067,3336.28610610942,3230.304,826.8958,77.68424,75.64169,293272.8,55684.96
76.69723,S,73.20723,3.771023,2.177647,1.180727,0.3963733,0,12.46201,0.0008165308,0.0002740603,33.98173,52.0873,5.793783,-32.1436500227278,-32.14365,-0.001208764,3333.17042780575,3227.086,826.8958,77.68348,75.62798,293595.6,55767.66
76.79725,S,73.30725,3.767498,2.190753,1.181915,0.399123,0,12.46201,0.0008033354,0.000271229,33.98173,52.09023,5.794719,-32.1436200221636,-32.14362,-0.001193666,3330.0549441153,3223.868,826.8958,77.68272,75.61422,293918.1,55850.35
76.89727,S,73.40727,3.763974,2.203885,1.183106,0.4018826,0,12.46201,0.0007903686,0.0002684255,33.98173,52.09314,5.79565,-32.143590021614,-32.14359,-0.001178771,3326.9396555848,3220.65,826.8958,77.68198,75.60044,294240.3,55933.05
76.99729,S,73.50729,3.76045,2.217044,1.184301,0.4046519,0,12.46201,0.0007776186,0.0002656469,33.98173,52.09604,5.796581,-32.143550021078,-32.14355,-0.001164064,3323.82456276301,3217.432,826.8958,77.68122,75.58665,294562.2,56015.74
77.09731,S,73.60732,3.756926,2.230227,1.185498,0.4074312,0,12.46201,0.0007650889,0.0002628958,33.98173,52.09895,5.79751,-32.1435300205558,-32.14353,-0.001149553,3320.7096662007,3214.214,826.8958,77.68047,75.57281,294883.8,56098.44
77.19733,S,73.70734,3.753403,2.243433,1.186699,0.4102199,0,12.46201,0.0007527756,0.0002601718,33.98173,52.10184,5.798436,-32.143500020047,-32.1435,-0.001135235,3317.59593431927,3210.997,826.8958,77.67972,75.55896,295205.1,56181.13
77.29736,S,73.80736,3.74988,2.256666,1.187904,0.4130181,0,12.46201,0.000740668,0.000257472,33.98173,52.10473,5.799362,-32.1434700195508,-32.14347,-0.001121097,3314.48239968215,3207.78,826.8958,77.67897,75.54509,295526,56263.83
77.39738,S,73.90738,3.746357,2.269929,1.189111,0.415827,0,12.46201,0.0007287691,0.0002547995,33.98173,52.10762,5.800286,-32.1434400190673,-32.14344,-0.001107149,3311.36809510008,3204.562,826.8958,77.67822,75.53118,295846.6,56346.52
77.4974,S,74.0074,3.742836,2.283239,1.190322,0.4186478,0,12.46201,0.0007170718,0.0002521535,33.98173,52.1105,5.801206,-32.1434100185962,-32.14341,-0.001093385,3308.25398900065,3201.344,826.8958,77.67749,75.51725,296166.8,56429.22
77.59742,S,74.10742,3.739313,2.296623,1.191538,0.4214903,0,12.46201,0.0007055728,0.0002495397,33.98173,52.11333,5.802113,-32.1433900181375,-32.14339,-0.001079817,3305.1400819449,3198.126,826.8958,77.6768,75.50329,296486.8,56511.91
77.69744,S,74.20744,3.73579,2.310034,1.192757,0.424343,0,12.46201,0.0006942686,0.0002469508,33.98173,52.11618,5.803024,-32.1433600176904,-32.14336,-0.001066424,3302.02637449593,3194.908,826.8958,77.67612,75.4893,296806.4,56594.61
77.79746,S,74.30746,3.732268,2.323471,1.19398,0.4272057,0,12.46201,0.0006831586,0.0002443878,33.98173,52.119,5.803928,-32.1433300172548,-32.14333,-0.00105321,3298.91286721895,3191.69,826.8958,77.67544,75.47529,297125.8,56677.3
77.89748,S,74.40749,3.728746,2.336935,1.195206,0.430079,0,12.46201,0.0006722329,0.0002418484,33.98173,52.12184,5.804835,-32.1433100168299,-32.14331,-0.001040161,3295.79956068125,3188.472,826.8958,77.67476,75.46126,297444.8,56760
77.99751,S,74.50751,3.725224,2.350426,1.196436,0.4329624,0,12.46201,0.0006614948,0.0002393344,33.98173,52.12466,5.80574,-32.1432800164158,-32.14328,-0.001027286,3292.68645545226,3185.254,826.8958,77.67407,75.44718,297763.4,56842.7
78.09753,S,74.60753,3.721703,2.363943,1.197669,0.4358559,0,12.46201,0.0006509407,0.0002368457,33.98173,52.12748,5.806639,-32.1432600160123,-32.14326,-0.001014582,3289.57355210348,3182.036,826.8958,77.67339,75.4331,298081.8,56925.39
78.19755,S,74.70755,3.718182,2.377487,1.198905,0.4387597,0,12.46201,0.0006405613,0.0002343799,33.98173,52.13028,5.807537,-32.1432400156188,-32.14324,-0.001002037,3286.4608512086,3178.818,826.8958,77.67271,75.41898,298399.8,57008.09
78.29757,S,74.80757,3.71466,2.391054,1.200145,0.4416737,0,12.46201,0.0006303565,0.000231938,33.98173,52.13309,5.808437,-32.1432100152352,-32.14321,-0.0009896535,3283.34932052679,3175.601,826.8958,77.67202,75.40484,298717.5,57090.78
78.39759,S,74.90759,3.71114,2.404653,1.201389,0.4445984,0,12.46201,0.0006203263,0.000229521,33.98173,52.13589,5.809333,-32.1431900148613,-32.14319,-0.0009774354,3280.23702620584,3172.383,826.8958,77.67134,75.39066,299034.9,57173.48
78.49761,S,75.00761,3.70762,2.418335,1.202637,0.4475437,0,12.46201,0.0006104684,0.0002271339,33.98173,52.13867,5.810222,-32.1431700144974,-32.14317,-0.0009653932,3277.12590312895,3169.166,826.8958,77.67072,75.37647,299351.9,57256.17
78.59763,S,75.10764,3.704101,2.432056,1.203888,0.450502,0,12.46201,0.000600773,0.0002247699,33.98173,52.14141,5.8111,-32.1431500141425,-32.14315,-0.000953504,3274.01401770162,3165.948,826.8958,77.6701,75.36224,299668.7,57338.87
78.69765,S,75.20766,3.700581,2.445805,1.205144,0.4534721,0,12.46201,0.0005912399,0.0002224297,33.98173,52.14418,5.811984,-32.1431200137966,-32.14312,-0.0009417692,3270.90233762837,3162.73,826.8958,77.66949,75.34799,299985.1,57421.56
78.79768,S,75.30768,3.697061,2.459581,1.206403,0.4564525,0,12.46201,0.0005818696,0.0002201131,33.98173,52.14692,5.812861,-32.1431000134594,-32.1431,-0.0009301894,3267.79086349582,3159.512,826.8958,77.66888,75.33372,300301.2,57504.26
78.8977,S,75.4077,3.693542,2.473384,1.207666,0.4594437,0,12.46201,0.0005726558,0.0002178193,33.98173,52.14966,5.813738,-32.1430800131306,-32.14308,-0.0009187584,3264.67959589279,3156.294,826.8958,77.66826,75.3194,300617,57586.95
78.99772,S,75.50772,3.689401,2.487215,1.209109,0.4624834,0,12.46201,0.0005636786,0.0002155655,33.98173,52.15399,5.815125,-32.1430600128128,-32.14306,-0.0009075724,3261.56853541034,3153.076,826.8958,77.66765,75.30507,300932.4,57669.65
79.09774,S,75.60774,3.683126,2.501073,1.211163,0.4656652,0,12.46201,0.000555131,0.0002133948,33.98173,52.16381,5.818265,-32.1430400125123,-32.14304,-0.0008968653,3258.4576826417,3149.858,826.8958,77.66703,75.2907,301247.5,57752.34
79.19776,S,75.70776,3.676863,2.514959,1.21322,0.4688601,0,12.46201,0.0005467169,0.0002112434,33.98173,52.1736,5.821399,-32.1430200122188,-32.14302,-0.0008862846,3255.34703818237,3146.64,826.8958,77.66641,75.27632,301562.3,57835.04
79.29778,S,75.80779,3.670617,2.528871,1.215279,0.4720674,0,12.46201,0.0005384393,0.0002091134,33.98173,52.18335,5.824518,-32.1430000119325,-32.143,-0.0008758376,3252.23660263006,3143.422,826.8958,77.6658,75.2619,301876.8,57917.73
79.3978,S,75.90781,3.664384,2.542813,1.217341,0.4752875,0,12.46201,0.0005302935,0.0002070034,33.98173,52.19305,5.827623,-32.142980011653,-32.14298,-0.0008655181,3249.12637658475,3140.204,826.8958,77.66518,75.24746,302191,58000.43
79.49783,S,76.00783,3.658165,2.556805,1.219406,0.4785247,0,12.46201,0.0005222777,0.0002049154,33.98173,52.20272,5.830718,-32.1429600113802,-32.14296,-0.0008553297,3246.01732705969,3136.987,826.8958,77.6646,75.23299,302504.8,58083.12
79.59785,S,76.10785,3.651962,2.570866,1.221474,0.4817837,0,12.46201,0.0005143918,0.0002028517,33.98173,52.21233,5.833792,-32.1429400111144,-32.14294,-0.0008452793,3242.90848811722,3133.77,826.8958,77.66405,75.21849,302818.4,58165.82
79.69787,S,76.20787,3.645773,2.58496,1.223545,0.485056,0,12.46201,0.000506631,0.0002008076,33.98173,52.22191,5.836858,-32.1429300108548,-32.14293,-0.0008353512,3239.79889408382,3130.552,826.8958,77.66351,75.20396,303131.6,58248.52
79.79789,S,76.30789,3.639596,2.599082,1.22562,0.4883422,0,12.46201,0.0004989913,0.0001987824,33.98173,52.23145,5.839911,-32.1429100106014,-32.14291,-0.0008255413,3236.6895119796,3127.334,826.8958,77.66296,75.18941,303444.4,58331.21
79.89791,S,76.40791,3.633433,2.613232,1.227697,0.4916415,0,12.46201,0.0004914748,0.0001967773,33.98173,52.24096,5.842954,-32.1428900103541,-32.14289,-0.0008158546,3233.58034241593,3124.116,826.8958,77.66241,75.17483,303757,58413.91
79.99793,S,76.50793,3.627286,2.62741,1.229777,0.4949539,0,12.46201,0.0004840795,0.0001947921,33.98173,52.25042,5.84598,-32.1428800101127,-32.14288,-0.0008062896,3230.4713860065,3120.898,826.8958,77.66187,75.16022,304069.2,58496.6
80.09795,S,76.60796,3.621152,2.641617,1.23186,0.4982798,0,12.46201,0.0004767992,0.0001928252,33.98173,52.25985,5.849,-32.142860009877,-32.14286,-0.0007968378,3227.3626433673,3117.68,826.8958,77.66132,75.14557,304381.2,58579.3
80.19798,S,76.70798,3.615031,2.655852,1.233946,0.501619,0,12.46201,0.0004696363,0.0001908779,33.98173,52.26925,5.852008,-32.142840009647,-32.14284,-0.0007875047,3224.25411511666,3114.462,826.8958,77.66077,75.1309,304692.8,58661.99
80.298,S,76.808,3.608925,2.670116,1.236035,0.5049717,0,12.46201,0.0004625866,0.0001889494,33.98173,52.27862,5.855006,-32.1428300094224,-32.14283,-0.0007782855,3221.14580187528,3111.244,826.8958,77.66022,75.11621,305004,58744.69
80.39802,S,76.90802,3.602832,2.684408,1.238126,0.5083373,0,12.46201,0.0004556481,0.0001870392,33.98173,52.28795,5.857991,-32.1428100092032,-32.14281,-0.0007691779,3218.03770426618,3108.026,826.8958,77.65968,75.10148,305315,58827.38
80.49804,S,77.00804,3.596752,2.698728,1.240221,0.5117168,0,12.46201,0.0004488213,0.0001851485,33.98173,52.29725,5.860967,-32.1428000089893,-32.1428,-0.0007601851,3214.92982291476,3104.808,826.8958,77.65913,75.08673,305625.6,58910.08
80.59806,S,77.10806,3.59131,2.713073,1.242135,0.5150661,0,12.46201,0.0004420348,0.0001832597,33.98173,52.3049,5.863416,-32.1427800087784,-32.14278,-0.000751216,3211.82312412806,3101.591,826.8958,77.65858,75.07195,305935.9,58992.77
80.69808,S,77.20808,3.587837,2.727454,1.243473,0.5182889,0,12.46201,0.0004351565,0.0001813414,33.98173,52.30743,5.864226,-32.1427700085668,-32.14277,-0.000742105,3208.71664272162,3098.374,826.8958,77.65805,75.05714,306245.9,59075.47
80.7981,S,77.30811,3.584364,2.74193,1.244818,0.5215377,0,12.46201,0.000428392,0.0001794474,33.98173,52.30994,5.865027,-32.1427500083607,-32.14275,-0.0007331226,3205.60941378371,3095.156,826.8958,77.65757,75.0423,306555.5,59158.16
80.89812,S,77.40813,3.58089,2.756435,1.246167,0.524799,0,12.46201,0.0004217385,0.0001775726,33.98173,52.31243,5.865824,-32.1427300081596,-32.14273,-0.0007242542,3202.50240362856,3091.938,826.8958,77.65709,75.02744,306864.9,59240.86
80.99815,S,77.50815,3.577416,2.770969,1.24752,0.5280723,0,12.46201,0.000415197,0.0001757178,33.98173,52.31492,5.866622,-32.1427200079636,-32.14272,-0.0007155034,3199.39561289359,3088.72,826.8958,77.65662,75.01254,307173.9,59323.55
81.09817,S,77.60817,3.573943,2.785532,1.248877,0.5313572,0,12.46201,0.0004087625,0.0001738816,33.98173,52.3174,5.867416,-32.1427000077724,-32.1427,-0.0007068627,3196.28904221861,3085.502,826.8958,77.65614,74.9976,307482.6,59406.25
81.19819,S,77.70819,3.57047,2.800124,1.250238,0.5346543,0,12.46201,0.0004024337,0.0001720641,33.98173,52.31989,5.86821,-32.142690007586,-32.14269,-0.000698332,3193.18269224589,3082.284,826.8958,77.65565,74.98265,307790.9,59488.95
81.29821,S,77.80821,3.566997,2.814746,1.251603,0.5379629,0,12.46201,0.000396209,0.000170265,33.98173,52.32235,5.869,-32.1426800074041,-32.14268,-0.0006899097,3190.07656362018,3079.066,826.8958,77.65518,74.96767,308099,59571.64
81.39823,S,77.90823,3.563524,2.829397,1.252973,0.5412837,0,12.46201,0.0003900859,0.0001684841,33.98173,52.32482,5.869789,-32.1426600072267,-32.14266,-0.000681594,3186.97065698866,3075.848,826.8958,77.6547,74.95265,308406.7,59654.34
81.49825,S,78.00826,3.560052,2.844078,1.254347,0.5446166,0,12.46201,0.0003840652,0.0001667222,33.98173,52.32728,5.870577,-32.1426500070537,-32.14265,-0.0006733873,3183.86497300101,3072.63,826.8958,77.65422,74.93761,308714.1,59737.03
81.59827,S,78.10828,3.55658,2.858787,1.255725,0.5479612,0,12.46201,0.000378143,0.0001649782,33.98173,52.32973,5.871361,-32.142640006885,-32.14264,-0.0006652843,3180.7595123094,3069.412,826.8958,77.65375,74.92254,309021.2,59819.73
81.6983,S,78.2083,3.553108,2.873522,1.257107,0.5513179,0,12.46201,0.0003723176,0.0001632521,33.98173,52.33218,5.872146,-32.1426200067204,-32.14262,-0.0006572843,3177.65524049223,3066.195,826.8958,77.65327,74.90744,309328,59902.42
81.79832,S,78.30832,3.549638,2.888287,1.258493,0.5546858,0,12.46201,0.0003665873,0.0001615433,33.98173,52.33463,5.872929,-32.1426100065598,-32.14261,-0.0006493847,3174.55119314317,3062.978,826.8958,77.65279,74.89231,309634.4,59985.12
81.89834,S,78.40834,3.546168,2.903087,1.259883,0.5580662,0,12.46201,0.0003609524,0.0001598528,33.98173,52.33707,5.873709,-32.1426000064033,-32.1426,-0.0006415886,3171.44640613754,3059.76,826.8958,77.65231,74.87715,309940.5,60067.81
81.99836,S,78.50836,3.542697,2.917916,1.261278,0.5614597,0,12.46201,0.0003554075,0.0001581791,33.98173,52.3395,5.874486,-32.1425900062505,-32.14259,-0.0006338885,3168.34184506135,3056.542,826.8958,77.65183,74.86196,310246.3,60150.51
82.09838,S,78.60838,3.539226,2.932824,1.262679,0.5648743,0,12.46201,0.0003499551,0.0001565258,33.98173,52.3419,5.875255,-32.1425700061016,-32.14257,-0.0006262952,3165.23751057938,3053.324,826.8958,77.65141,74.84673,310551.8,60233.2
82.1984,S,78.7084,3.535755,2.947782,1.264085,0.568307,0,12.46201,0.0003445915,0.0001548909,33.98173,52.34429,5.87602,-32.1425600059565,-32.14256,-0.0006188019,3162.13340335899,3050.106,826.8958,77.65099,74.83148,310857,60315.9
82.29842,S,78.80843,3.532285,2.96277,1.265494,0.5717522,0,12.46201,0.0003393166,0.0001532736,33.98173,52.34668,5.876785,-32.142550005815,-32.14255,-0.0006114056,3159.02952407013,3046.888,826.8958,77.65058,74.81621,311161.8,60398.59
82.39845,S,78.90845,3.528815,2.977788,1.266909,0.5752096,0,12.46201,0.0003341261,0.0001516721,33.98173,52.34905,5.877544,-32.1425400056768,-32.14254,-0.0006041,3155.9258733853,3043.67,826.8958,77.65018,74.80089,311466.3,60481.29
82.49847,S,79.00847,3.525345,2.992837,1.268328,0.5786796,0,12.46201,0.0003290213,0.0001500877,33.98173,52.35141,5.8783,-32.1425300055421,-32.14253,-0.0005968892,3152.82245197961,3040.452,826.8958,77.64977,74.78555,311770.5,60563.98
82.59849,S,79.10849,3.521875,3.007916,1.269751,0.5821626,0,12.46201,0.0003239993,0.0001485197,33.98173,52.35379,5.87906,-32.1425100054107,-32.14251,-0.0005897695,3149.71926053081,3037.234,826.8958,77.64935,74.77018,312074.4,60646.68
82.69851,S,79.20851,3.518406,3.023025,1.271179,0.585658,0,12.46201,0.0003190587,0.0001469678,33.98173,52.35614,5.879813,-32.1425100052825,-32.14251,-0.0005827391,3146.61629971923,3034.016,826.8958,77.64894,74.75478,312377.9,60729.38
82.79853,S,79.30853,3.514937,3.038161,1.272611,0.5891657,0,12.46201,0.0003141995,0.0001454326,33.98173,52.3585,5.880567,-32.1424900051574,-32.14249,-0.0005757997,3143.51453437132,3030.799,826.8958,77.64854,74.73935,312681.2,60812.07
82.89855,S,79.40855,3.511469,3.053327,1.274048,0.5926854,0,12.46201,0.0003094176,0.0001439124,33.98173,52.36085,5.88132,-32.1424800050354,-32.14248,-0.0005689448,3140.41300088487,3027.582,826.8958,77.64812,74.72389,312984.1,60894.77
82.99857,S,79.50858,3.508001,3.068529,1.275489,0.5962192,0,12.46201,0.0003047144,0.0001424087,33.98173,52.36319,5.882068,-32.1424700049163,-32.14247,-0.0005621792,3137.31073594866,3024.364,826.8958,77.64771,74.7084,313286.7,60977.46
83.09859,S,79.6086,3.504534,3.083762,1.276934,0.5997645,0,12.46201,0.0003000872,0.0001409203,33.98173,52.36552,5.882814,-32.1424600048002,-32.14246,-0.0005554981,3134.20870439713,3021.146,826.8958,77.64731,74.69287,313588.9,61060.16
83.19862,S,79.70862,3.501066,3.099026,1.278385,0.6033239,0,12.46201,0.0002955345,0.0001394476,33.98173,52.36785,5.88356,-32.1424500046868,-32.14245,-0.0005489014,3131.10690692393,3017.928,826.8958,77.6469,74.67732,313890.8,61142.85
83.29864,S,79.80864,3.497598,3.114321,1.27984,0.6068967,0,12.46201,0.0002910567,0.0001379909,33.98173,52.37018,5.884305,-32.1424400045763,-32.14244,-0.0005423903,3128.00534422541,3014.71,826.8958,77.64648,74.66174,314192.5,61225.55
83.39866,S,79.90866,3.494131,3.129647,1.2813,0.6104817,0,12.46201,0.0002866496,0.0001365484,33.98173,52.37249,5.885043,-32.1424300044684,-32.14243,-0.0005359579,3124.90401700064,3011.492,826.8958,77.64607,74.64612,314493.8,61308.24
83.49868,S,80.00868,3.490664,3.145005,1.282765,0.6140805,0,12.46201,0.0002823148,0.0001351218,33.98173,52.3748,5.885784,-32.1424300043632,-32.14243,-0.0005296093,3121.8029259514,3008.274,826.8958,77.64567,74.63047,314794.8,61390.94
83.5987,S,80.1087,3.487197,3.160414,1.284235,0.6176953,0,12.46201,0.0002780511,0.0001337113,33.98173,52.3771,5.886518,-32.1424100042606,-32.14241,-0.0005233442,3118.70207178222,3005.056,826.8958,77.64528,74.61479,315095.4,61473.63
83.69872,S,80.20872,3.48373,3.175902,1.285711,0.6213345,0,12.46201,0.0002738548,0.0001323172,33.98173,52.37936,5.887244,-32.1424000041605,-32.1424,-0.0005171612,3115.60145520038,3001.838,826.8958,77.64494,74.59908,315395.8,61556.33
83.79874,S,80.30875,3.480263,3.191421,1.287192,0.6249875,0,12.46201,0.000269726,0.0001309376,33.98173,52.38163,5.88797,-32.1424000040628,-32.1424,-0.0005110559,3112.50107691592,2998.62,826.8958,77.64459,74.58334,315695.8,61639.02
83.89877,S,80.40877,3.476797,3.206968,1.288677,0.6286536,0,12.46201,0.0002656646,0.000129573,33.98173,52.3839,5.888694,-32.1423900039676,-32.14239,-0.0005050292,3109.40190097899,2995.403,826.8958,77.64425,74.56757,315995.4,61721.72
83.99879,S,80.50879,3.473332,3.222551,1.290167,0.6323329,0,12.46201,0.0002616682,0.0001282225,33.98173,52.38613,5.889409,-32.1423800038746,-32.14238,-0.0004990775,3106.30200135591,2992.185,826.8958,77.64391,74.55177,316294.8,61804.41
84.09881,S,80.60881,3.469867,3.238162,1.291662,0.6360251,0,12.46201,0.0002577371,0.0001268866,33.98173,52.38839,5.890131,-32.1423700037839,-32.14237,-0.0004932025,3103.20330536475,2988.968,826.8958,77.64357,74.53593,316593.8,61887.11
84.19883,S,80.70883,3.466403,3.253809,1.293162,0.6397302,0,12.46201,0.0002538677,0.0001255639,33.98173,52.39062,5.890846,-32.1423600036954,-32.14236,-0.0004873982,3100.10388727583,2985.75,826.8958,77.64323,74.52007,316892.5,61969.8
84.29885,S,80.80885,3.462938,3.269488,1.294667,0.6434501,0,12.46201,0.0002500612,0.0001242557,33.98173,52.39285,5.891558,-32.142350003609,-32.14235,-0.0004816688,3097.00471107597,2982.532,826.8958,77.64288,74.50417,317190.9,62052.5
84.39887,S,80.90887,3.459473,3.285199,1.296177,0.6471843,0,12.46201,0.0002463156,0.0001229613,33.98173,52.39508,5.892272,-32.1423500035247,-32.14235,-0.0004760113,3093.90577749206,2979.314,826.8958,77.64255,74.48824,317489,62135.2
84.49889,S,81.0089,3.456008,3.300942,1.297692,0.6509314,0,12.46201,0.0002426296,0.0001216803,33.98173,52.3973,5.892982,-32.1423400034425,-32.14234,-0.0004704239,3090.80708725387,2976.096,826.8958,77.6422,74.47227,317786.8,62217.89
84.59892,S,81.10892,3.452544,3.316718,1.299212,0.6546925,0,12.46201,0.0002390024,0.0001204128,33.98173,52.39951,5.89369,-32.1423300033622,-32.14233,-0.0004649061,3087.70864109403,2972.878,826.8958,77.64186,74.45628,318084.2,62300.59
84.69894,S,81.20894,3.44908,3.332526,1.300743,0.6585767,0,12.46201,0.0002354352,0.0001191788,33.98173,52.39952,5.893692,-32.1423200032846,-32.14232,-0.0004595092,3084.61043974806,2969.66,826.8958,77.64152,74.44025,318381.3,62383.28
84.79896,S,81.30896,3.445617,3.348367,1.302272,0.6623586,0,12.46201,0.0002319235,0.0001179366,33.98173,52.40187,5.894444,-32.1423100032081,-32.14231,-0.0004541262,3081.51248395439,2966.442,826.8958,77.64118,74.42419,318678.1,62465.98
84.89898,S,81.40898,3.442153,3.364239,1.303807,0.6661546,0,12.46201,0.0002284676,0.0001167075,33.98173,52.40421,5.895194,-32.1423100031334,-32.14231,-0.0004488102,3078.41477445434,2963.224,826.8958,77.64084,74.4081,318974.5,62548.67
84.999,S,81.509,3.43869,3.380144,1.305347,0.6699645,0,12.46201,0.0002250666,0.0001154913,33.98173,52.40654,5.89594,-32.1423000030605,-32.1423,-0.0004435603,3075.31731199217,2960.006,826.8958,77.6405,74.39197,319270.7,62631.37
85.09902,S,81.60902,3.435227,3.396078,1.306892,0.6737882,0,12.46201,0.0002217206,0.0001142885,33.98173,52.40886,5.896683,-32.1422900029894,-32.14229,-0.0004383777,3072.22105974224,2956.789,826.8958,77.64015,74.37582,319566.5,62714.06
85.19904,S,81.70905,3.431766,3.412044,1.308442,0.6776253,0,12.46201,0.0002184267,0.0001130976,33.98173,52.41118,5.897424,-32.14228000292,-32.14228,-0.0004332572,3069.12505587288,2953.572,826.8958,77.63981,74.35963,319862,62796.76
85.29906,S,81.80907,3.428304,3.428049,1.309997,0.6814759,0,12.46201,0.000215186,0.0001119197,33.98173,52.41349,5.898163,-32.1422800028523,-32.14228,-0.0004282021,3066.02833886426,2950.354,826.8958,77.63947,74.34341,320157.2,62879.45
85.39909,S,81.90909,3.424843,3.444086,1.311557,0.6853421,0,12.46201,0.0002119964,0.0001107544,33.98173,52.41577,5.898894,-32.1422700027862,-32.14227,-0.0004232101,3062.93187189966,2947.136,826.8958,77.63913,74.32715,320452,62962.15
85.49911,S,82.00911,3.421381,3.460211,1.313124,0.6892334,0,12.46201,0.0002088585,0.0001096036,33.98173,52.41805,5.899623,-32.1422700027217,-32.14227,-0.0004182866,3059.83565573819,2943.918,826.8958,77.63884,74.31086,320746.6,63044.84
85.59913,S,82.10913,3.417919,3.476383,1.314697,0.6931438,0,12.46201,0.0002057693,0.0001084651,33.98173,52.42031,5.900345,-32.1422600026588,-32.14226,-0.0004134238,3056.73969114197,2940.7,826.8958,77.63857,74.29454,321040.8,63127.54
85.69915,S,82.20915,3.414458,3.492589,1.316276,0.697068,0,12.46201,0.0002027298,0.0001073391,33.98173,52.42254,5.90106,-32.1422500025974,-32.14225,-0.0004086229,3053.64397887618,2937.482,826.8958,77.6383,74.27818,321334.7,63210.23
85.79917,S,82.30917,3.410997,3.508827,1.31786,0.7010074,0,12.46201,0.0001997381,0.0001062249,33.98173,52.42478,5.901777,-32.1422500025375,-32.14225,-0.0004038815,3050.54851970899,2934.264,826.8958,77.63802,74.2618,321628.2,63292.93
85.89919,S,82.40919,3.407537,3.5251,1.319448,0.704961,0,12.46201,0.0001967936,0.0001051225,33.98173,52.42701,5.902489,-32.142240002479,-32.14224,-0.0003991987,3047.45331441168,2931.046,826.8958,77.63775,74.24538,321921.5,63375.62
85.99921,S,82.50922,3.404076,3.541406,1.321043,0.7089291,0,12.46201,0.0001938955,0.0001040316,33.98173,52.42921,5.903196,-32.1422300024219,-32.14223,-0.0003945736,3044.35836375857,2927.828,826.8958,77.63747,74.22893,322214.4,63458.32
86.09924,S,82.60924,3.400616,3.557744,1.322643,0.7129126,0,12.46201,0.0001910439,0.0001029528,33.98173,52.43143,5.903905,-32.1422300023661,-32.14223,-0.0003900077,3041.26366852707,2924.61,826.8958,77.6372,74.21243,322507,63541.02
86.19926,S,82.70926,3.397156,3.574113,1.324249,0.7169096,0,12.46201,0.000188237,0.0001018853,33.98173,52.43362,5.904607,-32.1422200023117,-32.14222,-0.0003854977,3038.17019106102,2921.393,826.8958,77.63693,74.19592,322799.3,63623.71
86.29928,S,82.80928,3.393698,3.590515,1.325859,0.720921,0,12.46201,0.0001854742,0.000100829,33.98173,52.43581,5.905306,-32.1422200022586,-32.14222,-0.0003810433,3035.07697042081,2918.176,826.8958,77.63666,74.17937,323091.3,63706.41
86.3993,S,82.9093,3.39024,3.606957,1.327475,0.7249476,0,12.46201,0.0001827547,0.00009978381,33.98173,52.43799,5.906004,-32.1422100022068,-32.14221,-0.0003766438,3031.98304598933,2914.958,826.8958,77.63638,74.16277,323382.9,63789.1
86.49932,S,83.00932,3.386781,3.623433,1.329097,0.72899,0,12.46201,0.0001800786,0.00009875026,33.98173,52.44016,5.906699,-32.1422000021562,-32.1422,-0.0003723005,3028.88938011984,2911.74,826.8958,77.63611,74.14615,323674.2,63871.8
86.59934,S,83.10934,3.383322,3.639943,1.330725,0.7330474,0,12.46201,0.0001774436,0.00009772714,33.98173,52.44233,5.907392,-32.1422000021067,-32.1422,-0.0003680087,3025.79597360541,2908.522,826.8958,77.63583,74.12949,323965.2,63954.49
86.69936,S,83.20937,3.379864,3.656487,1.332358,0.7371199,0,12.46201,0.0001748506,0.00009671535,33.98173,52.44447,5.908079,-32.1421900020585,-32.14219,-0.0003637717,3022.70282724232,2905.304,826.8958,77.63557,74.11281,324255.9,64037.19
86.79939,S,83.30939,3.376406,3.673066,1.333997,0.7412082,0,12.46201,0.0001722989,0.00009571473,33.98173,52.44663,5.908768,-32.1421900020114,-32.14219,-0.0003595884,3019.60994183003,2902.086,826.8958,77.63529,74.09608,324546.3,64119.88
86.89941,S,83.40941,3.372948,3.689679,1.335642,0.7453108,0,12.46201,0.0001697862,0.00009472418,33.98173,52.44875,5.909448,-32.1421800019655,-32.14218,-0.0003554547,3016.51731817119,2898.868,826.8958,77.63502,74.07932,324836.3,64202.58
86.99943,S,83.50943,3.369491,3.706327,1.337292,0.7494292,0,12.46201,0.0001673128,0.00009374417,33.98173,52.45087,5.910126,-32.1421800019206,-32.14218,-0.0003513719,3013.42495707173,2895.65,826.8958,77.63474,74.06252,325126,64285.27
87.09945,S,83.60945,3.366034,3.72301,1.338948,0.753563,0,12.46201,0.0001648786,0.00009277499,33.98173,52.453,5.910806,-32.1421700018768,-32.14217,-0.0003473408,3010.33285934076,2892.432,826.8958,77.63447,74.04569,325415.4,64367.97
87.19947,S,83.70947,3.362577,3.739726,1.34061,0.7577124,0,12.46201,0.0001624823,0.00009181609,33.98173,52.4551,5.911481,-32.142170001834,-32.14217,-0.0003433592,3007.24102579071,2889.214,826.8958,77.6342,74.02883,325704.5,64450.66
87.29949,S,83.80949,3.35912,3.756473,1.342278,0.7618768,0,12.46201,0.0001601233,0.00009086732,33.98173,52.45721,5.912153,-32.1421600017922,-32.14216,-0.0003394261,3004.15041790716,2885.997,826.8958,77.63393,74.01194,325993.2,64533.36
87.39951,S,83.90952,3.355665,3.773256,1.343951,0.7660555,0,12.46201,0.0001578017,0.00008992894,33.98173,52.45928,5.912817,-32.1421600017514,-32.14216,-0.0003355428,3001.06007567372,2882.78,826.8958,77.63365,73.995,326281.7,64616.05
87.49953,S,84.00954,3.352209,3.790079,1.34563,0.7702515,0,12.46201,0.0001555154,0.00008900019,33.98173,52.46136,5.913483,-32.1421500017116,-32.14215,-0.0003317056,2997.96903940763,2879.562,826.8958,77.63338,73.97803,326569.8,64698.75
87.59956,S,84.10956,3.348755,3.806937,1.347315,0.774462,0,12.46201,0.0001532653,0.0000880816,33.98173,52.46344,5.914147,-32.1421500016727,-32.14215,-0.0003279168,2994.87827060446,2876.344,826.8958,77.6331,73.96103,326857.5,64781.45
87.69958,S,84.20958,3.345299,3.823831,1.349006,0.7786893,0,12.46201,0.0001510501,0.00008717287,33.98173,52.46549,5.914804,-32.1421400016348,-32.14214,-0.0003241744,2991.78777009312,2873.126,826.8958,77.63284,73.944,327145,64864.14
87.7996,S,84.3096,3.341845,3.840794,1.350704,0.7829389,0,12.46201,0.0001488698,0.00008627491,33.98173,52.46753,5.915455,-32.1421400015977,-32.14214,-0.0003204812,2988.6975387059,2869.908,826.8958,77.63259,73.92692,327432.1,64946.84
87.89962,S,84.40962,3.33839,3.857827,1.35241,0.7872139,0,12.46201,0.0001467228,0.0000853871,33.98173,52.46954,5.916099,-32.1421400015616,-32.14214,-0.0003168341,2985.60757727849,2866.69,826.8958,77.63239,73.90981,327718.9,65029.53
87.99964,S,84.50964,3.334935,3.874895,1.354122,0.7915046,0,12.46201,0.0001446097,0.00008450905,33.98173,52.47154,5.916739,-32.1421300015263,-32.14213,-0.000313233,2982.51788664993,2863.472,826.8958,77.63218,73.89267,328005.4,65112.23
88.09966,S,84.60966,3.331481,3.892,1.355839,0.7958117,0,12.46201,0.0001425292,0.00008364032,33.98173,52.47353,5.917377,-32.1421200014918,-32.14212,-0.0003096756,2979.42846766267,2860.254,826.8958,77.63198,73.87548,328291.6,65194.92
88.19968,S,84.70969,3.328027,3.90914,1.357563,0.8001346,0,12.46201,0.0001404807,0.00008278077,33.98173,52.4755,5.918006,-32.1421200014581,-32.14212,-0.0003061616,2976.33932116262,2857.036,826.8958,77.63177,73.85827,328577.4,65277.62
88.29971,S,84.80971,3.324574,3.926315,1.359293,0.8044739,0,12.46201,0.0001384645,0.00008193074,33.98173,52.47747,5.918636,-32.1421200014253,-32.14212,-0.0003026917,2973.25044799908,2853.818,826.8958,77.63157,73.84102,328863,65360.31
88.39973,S,84.90973,3.321121,3.943522,1.36103,0.8088296,0,12.46201,0.0001364786,0.00008108938,33.98173,52.47943,5.919265,-32.1421200013932,-32.14212,-0.0002992626,2970.16280877055,2850.601,826.8958,77.63136,73.82373,329148.2,65443.01
88.49975,S,85.00975,3.317668,3.960771,1.362772,0.8132017,0,12.46201,0.000134524,0.00008025728,33.98173,52.48138,5.919889,-32.1421100013618,-32.14211,-0.0002958765,2967.07448475628,2847.383,826.8958,77.63116,73.80641,329433.1,65525.7
88.59977,S,85.10977,3.314216,3.978051,1.364521,0.8175892,0,12.46201,0.0001325994,0.00007943396,33.98173,52.48333,5.920511,-32.1421100013312,-32.14211,-0.0002925315,2963.9873962213,2844.166,826.8958,77.63095,73.78905,329717.6,65608.37
88.69979,S,85.20979,3.310765,3.995373,1.366275,0.8219929,0,12.46201,0.0001307043,0.00007861929,33.98173,52.48525,5.921127,-32.1421100013013,-32.14211,-0.0002892269,2960.89962479425,2840.948,826.8958,77.63074,73.77166,330001.9,65691.02
88.79981,S,85.30981,3.307313,4.012731,1.368037,0.8264146,0,12.46201,0.0001288389,0.00007781375,33.98173,52.48716,5.92174,-32.1421000012721,-32.1421,-0.000285964,2957.81213100202,2837.73,826.8958,77.63055,73.75423,330285.8,65773.68
88.89983,S,85.40984,3.303861,4.030126,1.369805,0.8308532,0,12.46201,0.000127002,0.0000770168,33.98173,52.48907,5.92235,-32.1421000012436,-32.1421,-0.0002827407,2954.72491571495,2834.512,826.8958,77.63034,73.73676,330569.4,65856.34
88.99986,S,85.50986,3.30041,4.047558,1.371579,0.8353084,0,12.46201,0.0001251933,0.00007622829,33.98173,52.49097,5.922956,-32.1420900012157,-32.14209,-0.0002795562,2951.63797980693,2831.294,826.8958,77.63013,73.71925,330852.7,65938.99
89.09988,S,85.60988,3.296959,4.065027,1.37336,0.8397806,0,12.46201,0.0001234122,0.00007544816,33.98173,52.49285,5.92356,-32.1420900011885,-32.14209,-0.0002764104,2948.55132415543,2828.076,826.8958,77.62993,73.70171,331135.6,66021.65
89.1999,S,85.7099,3.293508,4.082532,1.375147,0.8442699,0,12.46201,0.0001216583,0.00007467633,33.98173,52.49473,5.92416,-32.1420900011619,-32.14209,-0.0002733026,2945.46494964152,2824.858,826.8958,77.62972,73.68413,331418.2,66104.3
89.29992,S,85.80992,3.290058,4.100075,1.376941,0.8487757,0,12.46201,0.0001199318,0.00007391303,33.98173,52.49659,5.924756,-32.142080001136,-32.14208,-0.0002702338,2942.3788571499,2821.64,826.8958,77.62952,73.66651,331700.5,66186.96
89.39994,S,85.90994,3.286608,4.117654,1.378741,0.8532991,0,12.46201,0.0001182316,0.00007315784,33.98173,52.49845,5.925352,-32.1420800011106,-32.14208,-0.0002672019,2939.29304756888,2818.422,826.8958,77.62931,73.64886,331982.5,66269.62
89.49996,S,86.00996,3.283158,4.135272,1.380548,0.8578398,0,12.46201,0.0001165573,0.00007241072,33.98173,52.50029,5.925941,-32.1420800010859,-32.14208,-0.0002642067,2936.20752179044,2815.204,826.8958,77.62911,73.63116,332264.2,66352.27
89.59998,S,86.10999,3.279708,4.152922,1.382362,0.8623969,0,12.46201,0.0001149086,0.00007167151,33.98173,52.50212,5.926527,-32.1420700010617,-32.14207,-0.0002612475,2933.1232394108,2811.987,826.8958,77.62891,73.61344,332545.5,66434.93
89.7,S,86.21001,3.27626,4.170609,1.384182,0.8669708,0,12.46201,0.0001132848,0.0000709401,33.98173,52.50395,5.927112,-32.1420700010381,-32.14207,-0.0002583239,2930.03924245098,2808.77,826.8958,77.6287,73.59569,332826.6,66517.59
89.80003,S,86.31003,3.272812,4.188339,1.386009,0.8715613,0,12.46201,0.0001116863,0.00007021671,33.98173,52.50576,5.927689,-32.142070001015,-32.14207,-0.0002554366,2926.9545732906,2805.552,826.8958,77.62849,73.57789,333107.2,66600.24
89.90005,S,86.41005,3.269364,4.206107,1.387843,0.8761711,0,12.46201,0.000110112,0.00006950113,33.98173,52.50755,5.928264,-32.1420600009924,-32.14206,-0.0002525844,2923.87019153702,2802.334,826.8958,77.62829,73.56004,333387.6,66682.9
90.00007,S,86.51007,3.265916,4.223913,1.389683,0.8807986,0,12.46201,0.0001085616,0.00006879319,33.98173,52.50935,5.928838,-32.1420600009704,-32.14206,-0.0002497665,2920.78609810077,2799.116,826.8958,77.62808,73.54216,333667.7,66765.55
90.10009,S,86.61009,3.262468,4.241757,1.391531,0.885444,0,12.46201,0.0001070347,0.00006809281,33.98173,52.51113,5.929408,-32.1420600009489,-32.14206,-0.0002469825,2917.70229389613,2795.898,826.8958,77.62788,73.52425,333947.4,66848.21
90.20011,S,86.71011,3.25902,4.25964,1.393385,0.8901065,0,12.46201,0.0001055314,0.00006740013,33.98173,52.51289,5.929972,-32.1420600009279,-32.14206,-0.000244233,2914.61877984115,2792.68,826.8958,77.62768,73.50629,334226.8,66930.87
90.30013,S,86.81013,3.255573,4.277561,1.395247,0.8947871,0,12.46201,0.0001040509,0.00006671483,33.98173,52.51464,5.930533,-32.1420500009074,-32.14205,-0.0002415166,2911.53555685771,2789.462,826.8958,77.62747,73.4883,334505.9,67013.52
90.40015,S,86.91016,3.252126,4.29552,1.397115,0.8994853,0,12.46201,0.0001025926,0.0000660368,33.98173,52.51638,5.93109,-32.1420500008873,-32.14205,-0.0002388327,2908.45262587148,2786.244,826.8958,77.62727,73.47028,334784.7,67096.18
90.50018,S,87.01018,3.24868,4.313518,1.39899,0.9042016,0,12.46201,0.0001011565,0.000065366,33.98173,52.51811,5.931643,-32.1420500008677,-32.14205,-0.000236181,2905.36998781201,2783.026,826.8958,77.62706,73.4522,335063.2,67178.84
90.6002,S,87.1102,3.245233,4.331553,1.400873,0.9089362,0,12.46201,0.0000997419,0.00006470234,33.98173,52.51984,5.932195,-32.1420400008486,-32.14204,-0.0002335611,2902.28764361266,2779.808,826.8958,77.62685,73.4341,335341.3,67261.49
90.70022,S,87.21022,3.241787,4.349622,1.402763,0.9136885,0,12.46201,0.00009834913,0.00006404607,33.98173,52.52155,5.932744,-32.1420400008299,-32.14204,-0.0002309737,2899.20655191791,2776.591,826.8958,77.62665,73.41595,335619.1,67344.15
90.80024,S,87.31024,3.238343,4.367731,1.404658,0.918458,0,12.46201,0.00009697737,0.00006339671,33.98173,52.52325,5.933289,-32.1420400008116,-32.14204,-0.0002284172,2896.12575577766,2773.374,826.8958,77.62644,73.39778,335896.6,67426.8
90.90026,S,87.41026,3.234899,4.385884,1.406562,0.9232451,0,12.46201,0.00009562619,0.00006275416,33.98173,52.52493,5.933825,-32.1420400007938,-32.14204,-0.0002258911,2893.04429861327,2770.156,826.8958,77.62624,73.37955,336173.7,67509.46
91.00028,S,87.51028,3.231454,4.404138,1.408475,0.9280661,0,12.46201,0.00009429546,0.00006211948,33.98173,52.52658,5.934354,-32.1420300007763,-32.14203,-0.0002233977,2889.96313908097,2766.938,826.8958,77.6261,73.36129,336450.6,67592.12
91.1003,S,87.61031,3.228009,4.422437,1.410396,0.932908,0,12.46201,0.00009298514,0.00006149199,33.98173,52.52821,5.934875,-32.1420300007593,-32.14203,-0.0002209356,2886.88227813375,2763.72,826.8958,77.62596,73.34299,336727.1,67674.77
91.20033,S,87.71033,3.224565,4.440776,1.412324,0.9377689,0,12.46201,0.00009169404,0.00006087089,33.98173,52.52983,5.935394,-32.1420300007427,-32.14203,-0.0002185018,2883.80171672858,2760.502,826.8958,77.62582,73.32465,337003.2,67757.43
91.30035,S,87.81035,3.221121,4.459155,1.41426,0.9426479,0,12.46201,0.00009042274,0.00006025665,33.98173,52.53144,5.935908,-32.1420200007264,-32.14202,-0.000216098,2880.72145582643,2757.284,826.8958,77.62569,73.30627,337279.1,67840.09
91.40037,S,87.91037,3.217678,4.477573,1.416203,0.9475458,0,12.46201,0.00008917042,0.0000596489,33.98173,52.53304,5.936419,-32.1420200007106,-32.14202,-0.0002137228,2877.64149639227,2754.066,826.8958,77.62555,73.28786,337554.7,67922.74
91.50039,S,88.01039,3.214234,4.496031,1.418154,0.9524634,0,12.46201,0.00008793727,0.00005904794,33.98173,52.53463,5.93693,-32.142020000695,-32.14202,-0.0002113769,2874.56183939513,2750.848,826.8958,77.62541,73.26939,337829.9,68005.4
91.60041,S,88.11041,3.210791,4.514529,1.420112,0.957399,0,12.46201,0.00008672252,0.00005845329,33.98173,52.53621,5.937433,-32.1420200006799,-32.14202,-0.0002090589,2871.48248580811,2747.63,826.8958,77.62527,73.2509,338104.8,68088.05
91.70043,S,88.21043,3.207349,4.533066,1.422078,0.962354,0,12.46201,0.00008552546,0.00005786469,33.98173,52.53776,5.937931,-32.1420200006651,-32.14202,-0.0002067673,2868.40343660838,2744.412,826.8958,77.62514,73.23236,338379.4,68170.71
91.80045,S,88.31046,3.203907,4.551639,1.424051,0.9673276,0,12.46201,0.00008434707,0.00005728289,33.98173,52.53931,5.938426,-32.1420100006506,-32.14201,-0.0002045049,2865.32564945553,2741.195,826.8958,77.62501,73.21379,338653.7,68253.37
91.90047,S,88.41048,3.200466,4.570251,1.426032,0.9723198,0,12.46201,0.00008318586,0.00005670695,33.98173,52.54085,5.93892,-32.1420100006364,-32.14201,-0.0002022683,2862.24816846596,2737.978,826.8958,77.62487,73.19518,338927.6,68336.02
92.0005,S,88.5105,3.197026,4.58891,1.428019,0.9773307,0,12.46201,0.00008204189,0.00005613704,33.98173,52.54237,5.939407,-32.1420100006226,-32.14201,-0.0002000582,2859.17003814092,2734.76,826.8958,77.62473,73.17651,339201.2,68418.68
92.10052,S,88.61052,3.193584,4.607609,1.430016,0.9823625,0,12.46201,0.00008091536,0.00005557355,33.98173,52.54389,5.939891,-32.1420100006091,-32.14201,-0.0001978753,2856.09221615247,2731.542,826.8958,77.6246,73.15782,339474.5,68501.34
92.20054,S,88.71054,3.190144,4.626349,1.43202,0.9874141,0,12.46201,0.00007980547,0.00005501601,33.98173,52.54539,5.940372,-32.1420100005959,-32.14201,-0.0001957182,2853.01470349852,2728.324,826.8958,77.62446,73.13908,339747.5,68583.99
92.30056,S,88.81056,3.186703,4.64513,1.434032,0.9924846,0,12.46201,0.00007871209,0.00005446437,33.98173,52.54687,5.940846,-32.142010000583,-32.14201,-0.0001935866,2849.93750118116,2725.106,826.8958,77.62432,73.1203,340020.2,68666.65
92.40058,S,88.91058,3.183263,4.663951,1.436052,0.997575,0,12.46201,0.0000776349,0.00005391859,33.98173,52.54835,5.941319,-32.1420000005704,-32.142,-0.0001914802,2846.86061020675,2721.888,826.8958,77.62418,73.10149,340292.5,68749.3
92.5006,S,89.0106,3.179823,4.682814,1.43808,1.002685,0,12.46201,0.00007657403,0.00005337884,33.98173,52.5498,5.941783,-32.142000000558,-32.142,-0.0001893997,2843.78403158586,2718.67,826.8958,77.62405,73.08262,340564.5,68831.96
92.60062,S,89.11063,3.176384,4.701717,1.440115,1.007816,0,12.46201,0.00007552883,0.00005284482,33.98173,52.55126,5.94225,-32.142000000546,-32.142,-0.0001873436,2840.70776633337,2715.452,826.8958,77.62391,73.06372,340836.2,68914.62
92.70065,S,89.21065,3.172945,4.720662,1.442159,1.012965,0,12.46201,0.0000744991,0.00005231644,33.98173,52.55269,5.942709,-32.1420000005342,-32.142,-0.0001853118,2837.63181546844,2712.234,826.8958,77.62377,73.04478,341107.6,68997.27
92.80067,S,89.31067,3.169506,4.739647,1.444211,1.018135,0,12.46201,0.00007348457,0.00005179366,33.98173,52.55411,5.943163,-32.1419900005227,-32.14199,-0.0001833039,2834.55618001456,2709.016,826.8958,77.62364,73.02579,341378.6,69079.93
92.90069,S,89.41069,3.166067,4.758669,1.446271,1.023325,0,12.46201,0.00007248499,0.00005127644,33.98173,52.55553,5.943616,-32.1419900005114,-32.14199,-0.0001813196,2831.48181661188,2705.799,826.8958,77.6235,73.00678,341649.3,69162.59
93.00071,S,89.51071,3.162631,4.777733,1.448338,1.028534,0,12.46201,0.00007150049,0.00005076488,33.98173,52.55692,5.944063,-32.1419900005004,-32.14199,-0.0001793595,2828.40777048267,2702.582,826.8958,77.62337,72.98772,341919.8,69245.24
93.10073,S,89.61073,3.159193,4.796844,1.450415,1.033765,0,12.46201,0.00007053046,0.00005025878,33.98173,52.55831,5.944507,-32.1419900004897,-32.14199,-0.0001774226,2825.33308724807,2699.364,826.8958,77.62323,72.96861,342189.8,69327.9
93.20075,S,89.71075,3.155757,4.815998,1.452499,1.039014,0,12.46201,0.00006957471,0.00004975794,33.98173,52.55968,5.944944,-32.1419900004792,-32.14199,-0.0001755082,2822.25872356146,2696.146,826.8958,77.62309,72.94946,342459.6,69410.55
93.30077,S,89.81078,3.152319,4.835193,1.454592,1.044286,0,12.46201,0.000068633,0.00004926249,33.98173,52.56104,5.945378,-32.1419900004689,-32.14199,-0.0001736164,2819.18468046823,2692.928,826.8958,77.62296,72.93027,342729,69493.21
93.40079,S,89.9108,3.148883,4.854431,1.456693,1.049577,0,12.46201,0.00006770541,0.00004877248,33.98173,52.56238,5.945808,-32.1419900004589,-32.14199,-0.0001717476,2816.11095901826,2689.71,826.8958,77.62282,72.91103,342998.2,69575.87
93.50082,S,90.01082,3.145447,4.873711,1.458803,1.05489,0,12.46201,0.0000667911,0.00004828744,33.98173,52.56371,5.946234,-32.141980000449,-32.14198,-0.0001698999,2813.0375602659,2686.492,826.8958,77.62268,72.89176,343267,69658.52
93.60084,S,90.11084,3.142011,4.893033,1.460921,1.060223,0,12.46201,0.00006589053,0.00004780778,33.98173,52.56503,5.946658,-32.1419800004394,-32.14198,-0.0001680747,2809.96448527001,2683.274,826.8958,77.62254,72.87244,343535.4,69741.18
93.70086,S,90.21086,3.138575,4.912398,1.463048,1.065578,0,12.46201,0.00006500311,0.00004733317,33.98173,52.56634,5.947075,-32.14198000043,-32.14198,-0.0001662709,2806.89173509395,2680.056,826.8958,77.62241,72.85309,343803.6,69823.84
93.80088,S,90.31088,3.13514,4.931806,1.465183,1.070953,0,12.46201,0.00006412867,0.00004686357,33.98173,52.56762,5.947486,-32.1419800004209,-32.14198,-0.0001644881,2803.81931080566,2676.838,826.8958,77.62227,72.83368,344071.4,69906.49
93.9009,S,90.4109,3.131706,4.951255,1.467326,1.076349,0,12.46201,0.00006326728,0.00004639917,33.98173,52.5689,5.947894,-32.1419800004119,-32.14198,-0.0001627269,2800.74721347763,2673.62,826.8958,77.62214,72.81423,344338.9,69989.15
94.00092,S,90.51093,3.128271,4.970743,1.469479,1.081766,0,12.46201,0.0000624185,0.0000459397,33.98173,52.57016,5.948299,-32.1419800004032,-32.14198,-0.0001609863,2797.67639869441,2670.403,826.8958,77.622,72.79475,344606.1,70071.8
94.10094,S,90.61095,3.124837,4.99028,1.47164,1.087205,0,12.46201,0.00006158208,0.00004548507,33.98173,52.57143,5.948704,-32.1419800003946,-32.14198,-0.0001592661,2794.60495842037,2667.185,826.8958,77.62186,72.77522,344873,70154.46
94.20097,S,90.71097,3.121404,5.009854,1.47381,1.092663,0,12.46201,0.00006075781,0.00004503516,33.98173,52.57265,5.949097,-32.1419700003862,-32.14197,-0.0001575657,2791.53480265368,2663.968,826.8958,77.62173,72.75565,345139.5,70237.12
94.30099,S,90.81099,3.117972,5.029477,1.475988,1.098142,0,12.46201,0.00005994587,0.0000445902,33.98173,52.57387,5.949486,-32.141970000378,-32.14197,-0.0001558859,2788.46402377774,2660.75,826.8958,77.62159,72.73604,345405.7,70319.77
94.40101,S,90.91101,3.114539,5.049144,1.478176,1.103645,0,12.46201,0.00005914538,0.00004414979,33.98173,52.57508,5.949874,-32.14197000037,-32.14197,-0.000154225,2785.39357729329,2657.532,826.8958,77.62145,72.71638,345671.6,70402.43
94.50103,S,91.01103,3.111107,5.068855,1.480372,1.10917,0,12.46201,0.00005835683,0.00004371423,33.98173,52.57627,5.950254,-32.1419700003622,-32.14197,-0.0001525842,2782.32346430079,2654.314,826.8958,77.62132,72.69668,345937.2,70485.09
94.60105,S,91.11105,3.107674,5.08861,1.482578,1.114716,0,12.46201,0.00005757999,0.0000432835,33.98173,52.57746,5.950634,-32.1419700003545,-32.14197,-0.0001509633,2779.2536859054,2651.096,826.8958,77.62118,72.67693,346202.4,70567.74
94.70107,S,91.21107,3.104243,5.108408,1.484792,1.120285,0,12.46201,0.00005681413,0.00004285711,33.98173,52.57862,5.951007,-32.141970000347,-32.14197,-0.0001493604,2776.18424321707,2647.878,826.8958,77.62104,72.65714,346467.4,70650.4
94.80109,S,91.3111,3.100811,5.128251,1.487017,1.125875,0,12.46201,0.00005605961,0.0000424354,33.98173,52.57978,5.951377,-32.1419700003397,-32.14197,-0.0001477768,2773.11513735055,2644.66,826.8958,77.6209,72.6373,346732,70733.05
94.90112,S,91.41112,3.09738,5.148138,1.489249,1.131487,0,12.46201,0.00005531602,0.00004201811,33.98173,52.58092,5.951741,-32.1419700003326,-32.14197,-0.0001462116,2770.04636942538,2641.442,826.8958,77.62077,72.61742,346996.2,70815.71
95.00114,S,91.51114,3.093949,5.168068,1.491492,1.13712,0,12.46201,0.00005458312,0.00004160521,33.98173,52.58204,5.952098,-32.1419600003255,-32.14196,-0.0001446643,2766.97794056598,2638.224,826.8958,77.62064,72.5975,347260.2,70898.37
95.10116,S,91.61116,3.090519,5.188044,1.493743,1.142777,0,12.46201,0.00005386085,0.00004119669,33.98173,52.58314,5.952452,-32.1419600003187,-32.14196,-0.0001431352,2763.9098519016,2635.006,826.8958,77.6205,72.57753,347523.9,70981.02
95.20118,S,91.71118,3.087089,5.208058,1.496004,1.148456,0,12.46201,0.00005314897,0.00004079247,33.98173,52.58424,5.952803,-32.141960000312,-32.14196,-0.0001416237,2760.84305782196,2631.789,826.8958,77.62036,72.55753,347787.2,71063.68
95.3012,S,91.8112,3.083661,5.228118,1.498273,1.154155,0,12.46201,0.0000524476,0.00004039266,33.98173,52.58532,5.953148,-32.1419600003055,-32.14196,-0.0001401302,2757.77660599744,2628.572,826.8958,77.62022,72.53748,348050.2,71146.34
95.40122,S,91.91122,3.080233,5.248229,1.500552,1.159877,0,12.46201,0.00005175633,0.00003999702,33.98173,52.58638,5.953489,-32.1419600002991,-32.14196,-0.0001386541,2754.70954452892,2625.354,826.8958,77.62009,72.51737,348312.9,71228.99
95.50124,S,92.01125,3.076804,5.268384,1.502841,1.165624,0,12.46201,0.00005107498,0.0000396056,33.98173,52.58743,5.953825,-32.1419600002928,-32.14196,-0.000137195,2751.642827821,2622.136,826.8958,77.61995,72.49722,348575.2,71311.65
95.60126,S,92.11127,3.073376,5.288585,1.50514,1.171393,0,12.46201,0.00005040343,0.00003921831,33.98173,52.58847,5.954156,-32.1419600002867,-32.14196,-0.0001357528,2748.57645702766,2618.918,826.8958,77.61981,72.47704,348837.2,71394.3
95.70129,S,92.21129,3.069947,5.308831,1.507449,1.177186,0,12.46201,0.00004974173,0.00003883527,33.98173,52.5895,5.954486,-32.1419600002807,-32.14196,-0.0001343278,2745.51043330794,2615.7,826.8958,77.61967,72.45679,349099,71476.96
95.80131,S,92.31131,3.06652,5.329123,1.509767,1.183001,0,12.46201,0.00004908952,0.00003845624,33.98173,52.5905,5.954807,-32.1419600002748,-32.14196,-0.0001329192,2742.4447578259,2612.482,826.8958,77.61954,72.43652,349360.4,71559.62
95.90133,S,92.41133,3.063093,5.349529,1.512097,1.188854,0,12.46201,0.00004844675,0.0000380817,33.98173,52.59146,5.955115,-32.1419600002691,-32.14196,-0.0001315282,2739.37943175069,2609.264,826.8958,77.61947,72.41619,349621.4,71642.27
96.00135,S,92.51135,3.059666,5.369981,1.514439,1.194734,0,12.46201,0.00004781318,0.00003771114,33.98173,52.59241,5.95542,-32.1419500002635,-32.14195,-0.0001301533,2736.31445625658,2606.046,826.8958,77.6194,72.39582,349882.2,71724.93
96.10137,S,92.61137,3.056239,5.390478,1.51679,1.200636,0,12.46201,0.00004718866,0.00003734446,33.98173,52.59335,5.955718,-32.141950000258,-32.14195,-0.0001287942,2733.24983252295,2602.828,826.8958,77.61934,72.3754,350142.6,71807.59
96.20139,S,92.7114,3.052814,5.411021,1.519151,1.206562,0,12.46201,0.0000465733,0.00003698182,33.98173,52.59426,5.956011,-32.1419500002527,-32.14195,-0.0001274512,2730.18556173436,2599.61,826.8958,77.61927,72.35493,350402.7,71890.24
96.30141,S,92.81142,3.049388,5.431605,1.521522,1.212511,0,12.46201,0.00004596667,0.00003662293,33.98173,52.59516,5.956299,-32.1419500002475,-32.14195,-0.0001261235,2727.12259714369,2596.393,826.8958,77.6192,72.33443,350662.5,71972.9
96.40144,S,92.91144,3.045964,5.452235,1.523902,1.218482,0,12.46201,0.0000453687,0.00003626779,33.98173,52.59605,5.956583,-32.1419500002423,-32.14195,-0.0001248111,2724.05998766157,2593.176,826.8958,77.61913,72.31388,350922,72055.55
96.50146,S,93.01146,3.04254,5.472919,1.526293,1.224477,0,12.46201,0.00004477928,0.00003591634,33.98173,52.59692,5.956863,-32.1419500002373,-32.14195,-0.0001235137,2720.99678264542,2589.958,826.8958,77.61906,72.29327,351181.1,72138.21
96.60148,S,93.11148,3.039115,5.493649,1.528695,1.230498,0,12.46201,0.00004419821,0.00003556862,33.98173,52.59778,5.957136,-32.1419500002324,-32.14195,-0.0001222312,2717.93393536391,2586.74,826.8958,77.619,72.27263,351439.9,72220.87
96.7015,S,93.2115,3.035691,5.514426,1.531106,1.236543,0,12.46201,0.00004362559,0.00003522468,33.98173,52.59862,5.957405,-32.1419500002276,-32.14195,-0.0001209639,2714.87144702778,2583.522,826.8958,77.61893,72.25193,351698.4,72303.52
96.80152,S,93.31152,3.032268,5.53525,1.533528,1.242612,0,12.46201,0.00004306108,0.00003488434,33.98173,52.59945,5.95767,-32.1419500002229,-32.14195,-0.000119711,2711.80931885314,2580.304,826.8958,77.61886,72.23119,351956.6,72386.18
96.90154,S,93.41154,3.028845,5.556121,1.535961,1.248705,0,12.46201,0.00004250458,0.00003454755,33.98173,52.60025,5.957926,-32.1419400002183,-32.14194,-0.0001184724,2708.74755206142,2577.086,826.8958,77.61879,72.2104,352214.5,72468.84
97.00156,S,93.51157,3.025422,5.57704,1.538404,1.254823,0,12.46201,0.00004195614,0.00003421442,33.98173,52.60104,5.958181,-32.1419400002138,-32.14194,-0.0001172484,2705.68614787945,2573.868,826.8958,77.61872,72.18956,352472,72551.49
97.10159,S,93.61159,3.021999,5.598006,1.540858,1.260965,0,12.46201,0.0000414153,0.00003388464,33.98173,52.60183,5.958431,-32.1419400002095,-32.14194,-0.0001160379,2702.62510753947,2570.65,826.8958,77.61865,72.16868,352729.2,72634.15
97.20161,S,93.71161,3.018577,5.61902,1.543322,1.267132,0,12.46201,0.00004088228,0.00003355845,33.98173,52.60259,5.958675,-32.1419400002052,-32.14194,-0.0001148417,2699.56443227917,2567.432,826.8958,77.61858,72.14774,352986.1,72716.8
97.30163,S,93.81163,3.015156,5.640081,1.545797,1.273324,0,12.46201,0.00004035677,0.00003323565,33.98173,52.60334,5.958915,-32.141940000201,-32.14194,-0.000113659,2696.50412334169,2564.214,826.8958,77.61852,72.12677,353242.7,72799.46
97.40165,S,93.91165,3.011734,5.661184,1.548283,1.27954,0,12.46201,0.00003983867,0.00003291622,33.98173,52.60406,5.959148,-32.1419400001968,-32.14194,-0.0001124898,2693.44513280143,2560.997,826.8958,77.61845,72.10574,353498.9,72882.12
97.50167,S,94.01167,3.008315,5.682336,1.550778,1.285779,0,12.46201,0.00003932791,0.0000326001,33.98173,52.60477,5.959375,-32.1419400001928,-32.14194,-0.0001113338,2690.38651085727,2557.78,826.8958,77.61838,72.08468,353754.8,72964.77
97.60169,S,94.11169,3.004894,5.703542,1.553286,1.292045,0,12.46201,0.00003882449,0.00003228741,33.98173,52.60547,5.959597,-32.1419400001889,-32.14194,-0.0001101914,2687.32730817196,2554.562,826.8958,77.61831,72.06356,354010.4,73047.43
97.70171,S,94.21172,3.001475,5.724797,1.555803,1.298335,0,12.46201,0.00003832815,0.00003197796,33.98173,52.60615,5.959816,-32.141940000185,-32.14194,-0.000109062,2684.26847683661,2551.344,826.8958,77.61824,72.04238,354265.7,73130.09
97.80173,S,94.31174,2.998056,5.7461,1.558333,1.304651,0,12.46201,0.00003783877,0.00003167175,33.98173,52.60682,5.960029,-32.1419400001813,-32.14194,-0.0001079454,2681.21001812218,2548.126,826.8958,77.61817,72.02116,354520.7,73212.74
97.90176,S,94.41176,2.994637,5.767453,1.560873,1.310994,0,12.46201,0.00003735626,0.00003136876,33.98173,52.60746,5.960236,-32.1419400001776,-32.14194,-0.0001068414,2678.15193330527,2544.908,826.8958,77.6181,71.9999,354775.3,73295.4
98.00178,S,94.51178,2.991218,5.788854,1.563425,1.317361,0,12.46201,0.00003688068,0.000031069,33.98173,52.6081,5.960438,-32.141940000174,-32.14194,-0.0001057503,2675.09422366816,2541.69,826.8958,77.61803,71.97858,355029.6,73378.05
98.1018,S,94.6118,2.9878,5.810304,1.565988,1.323754,0,12.46201,0.00003641176,0.00003077239,33.98173,52.60871,5.960635,-32.1419400001704,-32.14194,-0.0001046716,2672.03689049884,2538.472,826.8958,77.61797,71.95721,355283.6,73460.71
98.20182,S,94.71182,2.984382,5.831804,1.568562,1.330174,0,12.46201,0.00003594942,0.00003047889,33.98173,52.60931,5.960826,-32.141940000167,-32.14194,-0.0001036052,2668.97993509107,2535.254,826.8958,77.6179,71.9358,355537.3,73543.37
98.30184,S,94.81184,2.980965,5.853353,1.571147,1.336619,0,12.46201,0.0000354935,0.00003018839,33.98173,52.60989,5.961012,-32.1419400001636,-32.14194,-0.0001025506,2665.92335874435,2532.036,826.8958,77.61784,71.91434,355790.6,73626.02
98.40186,S,94.91187,2.977547,5.87495,1.573745,1.343091,0,12.46201,0.00003504397,0.00002990093,33.98173,52.61046,5.961195,-32.1419400001603,-32.14194,-0.000101508,2662.86716276399,2528.818,826.8958,77.61777,71.89282,356043.7,73708.68
98.50188,S,95.01189,2.974131,5.896592,1.576353,1.349587,0,12.46201,0.00003460084,0.00002961656,33.98173,52.611,5.961369,-32.141940000157,-32.14194,-0.0001004775,2659.8122980022,2525.601,826.8958,77.6177,71.87127,356296.4,73791.34
98.60191,S,95.11191,2.970715,5.918291,1.578973,1.35611,0,12.46201,0.00003416392,0.00002933516,33.98173,52.61154,5.961539,-32.1419400001539,-32.14194,-0.0000994586,2656.75686657468,2522.383,826.8958,77.61763,71.84966,356548.8,73873.99
98.70193,S,95.21193,2.9673,5.940032,1.581604,1.362659,0,12.46201,0.00003373307,0.00002905664,33.98173,52.61205,5.961704,-32.1419400001508,-32.14194,-0.00009845114,2653.70276876645,2519.166,826.8958,77.61756,71.828,356800.8,73956.65
98.80195,S,95.31195,2.963886,5.961832,1.584247,1.369235,0,12.46201,0.00003330822,0.00002878102,33.98173,52.61256,5.961865,-32.1419400001477,-32.14194,-0.00009745506,2650.64810718185,2515.948,826.8958,77.61749,71.80628,357052.6,74039.3
98.90197,S,95.41197,2.960471,5.983681,1.586903,1.375837,0,12.46201,0.00003288938,0.00002850834,33.98173,52.61304,5.962019,-32.1419300001448,-32.14193,-0.00009647044,2647.59383257756,2512.73,826.8958,77.61742,71.78452,357304,74121.96
99.00199,S,95.51199,2.957057,6.005581,1.58957,1.382468,0,12.46201,0.00003247623,0.00002823844,33.98173,52.61349,5.962165,-32.1419300001419,-32.14193,-0.00009549661,2644.53994629439,2509.512,826.8958,77.61736,71.76271,357555.1,74204.62
99.10201,S,95.61201,2.953643,6.027531,1.592249,1.389124,0,12.46201,0.00003206895,0.00002797141,33.98173,52.61395,5.962309,-32.141930000139,-32.14193,-0.00009453405,2641.48644967918,2506.294,826.8958,77.61729,71.74084,357805.8,74287.27
99.20203,S,95.71204,2.950229,6.049533,1.594941,1.395808,0,12.46201,0.00003166746,0.00002770727,33.98173,52.61437,5.962446,-32.1419300001362,-32.14193,-0.00009358268,2638.43334408484,2503.076,826.8958,77.61722,71.71893,358056.3,74369.93
99.30206,S,95.81206,2.946816,6.071586,1.597644,1.402519,0,12.46201,0.00003127137,0.00002744574,33.98173,52.61478,5.962578,-32.1419300001335,-32.14193,-0.00009264152,2635.38063087038,2499.858,826.8958,77.61715,71.69697,358306.4,74452.59
99.40208,S,95.91208,2.943403,6.09369,1.60036,1.409257,0,12.46201,0.00003088089,0.00002718702,33.98173,52.61518,5.962704,-32.1419300001308,-32.14193,-0.00009171126,2632.3283114009,2496.64,826.8958,77.61708,71.67495,358556.2,74535.24
99.5021,S,96.0121,2.939991,6.115844,1.603088,1.416024,0,12.46201,0.00003049565,0.00002693085,33.98173,52.61555,5.962823,-32.1419300001282,-32.14193,-0.00009079098,2629.27638704772,2493.422,826.8958,77.61701,71.65289,358805.7,74617.9
99.60212,S,96.11212,2.936579,6.138052,1.605829,1.422817,0,12.46201,0.00003011587,0.00002667744,33.98173,52.61591,5.962939,-32.1419300001257,-32.14193,-0.00008988137,2626.22485918832,2490.204,826.8958,77.61694,71.63076,359054.9,74700.55
99.70214,S,96.21214,2.933168,6.160304,1.608582,1.429638,0,12.46201,0.00002974148,0.0000264268,33.98173,52.61626,5.963049,-32.1419300001232,-32.14193,-0.00008898236,2623.17467728928,2486.987,826.8958,77.61687,71.6086,359303.7,74783.21
99.80216,S,96.31216,2.929758,6.182608,1.611346,1.436485,0,12.46201,0.00002937208,0.00002617856,33.98173,52.61657,5.96315,-32.1419300001207,-32.14193,-0.00008809281,2620.12489440918,2483.77,826.8958,77.61681,71.58639,359552.2,74865.87
99.90218,S,96.41219,2.926349,6.204971,1.614124,1.443359,0,12.46201,0.0000290079,0.00002593299,33.98173,52.61687,5.963247,-32.1419300001183,-32.14193,-0.00008721359,2617.07456410908,2480.552,826.8958,77.61674,71.56411,359800.4,74948.52
100.0022,S,96.51221,2.922939,6.227387,1.616914,1.450263,0,12.46201,0.0000286487,0.00002568996,33.98173,52.61716,5.963339,-32.141930000116,-32.14193,-0.00008634414,2614.02463587449,2477.334,826.8958,77.61667,71.54179,360048.3,75031.18
100.1022,S,96.61223,2.919529,6.249855,1.619718,1.457198,0,12.46201,0.00002829445,0.00002544947,33.98173,52.61743,5.963425,-32.1419300001137,-32.14193,-0.00008548445,2610.97511111438,2474.116,826.8958,77.6166,71.51941,360295.9,75113.84
100.2022,S,96.71225,2.91612,6.272376,1.622535,1.464158,0,12.46201,0.00002794503,0.00002521141,33.98173,52.61769,5.963507,-32.1419300001114,-32.14193,-0.00008463416,2607.92599124414,2470.898,826.8958,77.61653,71.49698,360543.1,75196.49
100.3023,S,96.81227,2.912711,6.29495,1.625364,1.471148,0,12.46201,0.00002760054,0.00002497593,33.98173,52.61792,5.963582,-32.1419300001092,-32.14193,-0.00008379377,2604.8772776856,2467.68,826.8958,77.61647,71.47449,360790,75279.15
100.4023,S,96.91229,2.909303,6.317576,1.628207,1.478168,0,12.46201,0.00002726062,0.00002474275,33.98173,52.61813,5.963647,-32.1419300001071,-32.14193,-0.0000829623,2601.82897186705,2464.462,826.8958,77.6164,71.45196,361036.6,75361.8
100.5023,S,97.01231,2.905895,6.340256,1.631062,1.485214,0,12.46201,0.00002692546,0.00002451206,33.98173,52.61832,5.963708,-32.141930000105,-32.14193,-0.00008214032,2598.78107522329,2461.244,826.8958,77.61633,71.42937,361282.9,75444.46
100.6023,S,97.11234,2.902488,6.36299,1.633931,1.492291,0,12.46201,0.00002659501,0.00002428387,33.98173,52.6185,5.963766,-32.1419300001029,-32.14193,-0.00008132788,2595.73358919569,2458.026,826.8958,77.61626,71.40673,361528.8,75527.12
100.7024,S,97.21236,2.899081,6.385775,1.636813,1.499396,0,12.46201,0.00002626894,0.00002405789,33.98173,52.61866,5.963819,-32.1419300001009,-32.14193,-0.00008052401,2592.68651523217,2454.808,826.8958,77.6162,71.38403,361774.5,75609.77
100.8024,S,97.31238,2.895675,6.408609,1.639709,1.50653,0,12.46201,0.00002594741,0.00002383435,33.98173,52.6188,5.963863,-32.1419300000989,-32.14193,-0.00007972933,2589.6408014788,2451.591,826.8958,77.61613,71.36129,362019.8,75692.43
100.9024,S,97.4124,2.89227,6.431497,1.642617,1.513692,0,12.46201,0.00002563016,0.00002361295,33.98173,52.61892,5.963902,-32.141930000097,-32.14193,-0.00007894306,2586.59550244694,2448.374,826.8958,77.61606,71.3385,362264.8,75775.09
101.0024,S,97.51242,2.888866,6.454445,1.645539,1.520882,0,12.46201,0.00002531732,0.00002339392,33.98173,52.61903,5.963935,-32.141930000095,-32.14193,-0.00007816579,2583.54967317037,2445.156,826.8958,77.61599,71.31564,362509.4,75857.74
101.1024,S,97.61244,2.885461,6.477449,1.648475,1.528105,0,12.46201,0.00002500885,0.00002317726,33.98173,52.61911,5.963961,-32.1419300000932,-32.14193,-0.00007739747,2580.50426181526,2441.938,826.8958,77.61592,71.29273,362753.8,75940.4
101.2025,S,97.71246,2.882056,6.500506,1.651425,1.535357,0,12.46201,0.00002470444,0.0000229627,33.98173,52.61917,5.963982,-32.1419300000914,-32.14193,-0.00007663721,2577.459269863,2438.72,826.8958,77.61585,71.26977,362997.8,76023.05
101.3025,S,97.81248,2.878652,6.523619,1.654389,1.54264,0,12.46201,0.00002440427,0.00002275046,33.98173,52.61922,5.963996,-32.1419300000896,-32.14193,-0.00007588571,2574.41469880179,2435.502,826.8958,77.61578,71.24675,363241.4,76105.71
101.4025,S,97.91251,2.875249,6.546786,1.657367,1.549953,0,12.46201,0.00002410816,0.00002254037,33.98173,52.61924,5.964005,-32.1419300000878,-32.14193,-0.00007514242,2571.37055012667,2432.284,826.8958,77.61572,71.22367,363484.8,76188.37
101.5025,S,98.01253,2.871846,6.570008,1.660358,1.557295,0,12.46201,0.00002381605,0.00002233242,33.98173,52.61924,5.964005,-32.1419300000861,-32.14193,-0.00007440728,2568.32682533955,2429.066,826.8958,77.61565,71.20054,363727.9,76271.02
101.6025,S,98.11255,2.868443,6.593286,1.663365,1.564668,0,12.46201,0.00002352799,0.00002212669,33.98173,52.61924,5.964003,-32.1419300000844,-32.14193,-0.00007368056,2565.28352594927,2425.848,826.8958,77.61558,71.17736,363970.6,76353.68
101.7026,S,98.21257,2.865041,6.61662,1.666385,1.572071,0,12.46201,0.0000232437,0.00002192295,33.98173,52.61921,5.963993,-32.1419300000828,-32.14193,-0.00007296139,2562.24065347163,2422.63,826.8958,77.61551,71.15412,364213,76436.34
101.8026,S,98.31259,2.861639,6.640007,1.669419,1.579505,0,12.46201,0.00002296336,0.00002172139,33.98173,52.61916,5.963977,-32.1419300000812,-32.14193,-0.00007225046,2559.19820942942,2419.412,826.8958,77.61544,71.13083,364455.1,76518.99
101.9026,S,98.41261,2.858238,6.663444,1.672468,1.586969,0,12.46201,0.00002268677,0.00002152188,33.98173,52.61908,5.963954,-32.1419300000796,-32.14193,-0.00007154726,2556.15714059753,2416.195,826.8958,77.61537,71.10749,364696.8,76601.65
102.0026,S,98.51263,2.854839,6.686937,1.67553,1.594462,0,12.46201,0.00002241391,0.00002132438,33.98173,52.619,5.963926,-32.1419300000781,-32.14193,-0.00007085171,2553.11650299917,2412.978,826.8958,77.6153,71.08408,364938.3,76684.3
102.1027,S,98.61266,2.851439,6.710494,1.678607,1.601986,0,12.46201,0.00002214483,0.00002112896,33.98173,52.61889,5.963891,-32.1419300000766,-32.14193,-0.00007016407,2550.07535320091,2409.76,826.8958,77.61523,71.06062,365179.4,76766.96
102.2027,S,98.71268,2.84804,6.734107,1.6817,1.609544,0,12.46201,0.00002187924,0.00002093547,33.98173,52.61876,5.963849,-32.1419300000751,-32.14193,-0.00006948366,2547.03463799901,2406.542,826.8958,77.61517,71.03711,365420.2,76849.62
102.3027,S,98.8127,2.844641,6.757777,1.684808,1.617133,0,12.46201,0.00002161731,0.00002074404,33.98173,52.61861,5.963802,-32.1419300000737,-32.14193,-0.00006881096,2543.99435895183,2403.324,826.8958,77.6151,71.01353,365660.7,76932.27
102.4027,S,98.91272,2.841242,6.781504,1.68793,1.624753,0,12.46201,0.00002135899,0.00002055463,33.98173,52.61843,5.963745,-32.1419300000722,-32.14193,-0.00006814588,2540.95451762497,2400.106,826.8958,77.61504,70.98991,365900.8,77014.93
102.5027,S,99.01274,2.837844,6.805287,1.691067,1.632405,0,12.46201,0.00002110402,0.00002036705,33.98173,52.61824,5.963686,-32.1419300000708,-32.14193,-0.00006748771,2537.91511559129,2396.888,826.8958,77.61497,70.96622,366140.7,77097.59
102.6028,S,99.11276,2.834446,6.829128,1.69422,1.640089,0,12.46201,0.00002085255,0.00002018146,33.98173,52.61804,5.963619,-32.1419300000695,-32.14193,-0.00006683698,2534.87615443097,2393.67,826.8958,77.6149,70.94247,366380.2,77180.24
102.7028,S,99.21278,2.831048,6.853026,1.697388,1.647805,0,12.46201,0.00002060434,0.00001999766,33.98173,52.61781,5.963547,-32.1419300000682,-32.14193,-0.00006619302,2531.83763573155,2390.452,826.8958,77.61483,70.91867,366619.4,77262.9
102.8028,S,99.31281,2.827652,6.876982,1.70057,1.655553,0,12.46201,0.00002035952,0.0000198158,33.98173,52.61756,5.963466,-32.1419300000669,-32.14193,-0.00006555631,2528.79956108797,2387.234,826.8958,77.61476,70.89481,366858.2,77345.55
102.9028,S,99.41283,2.824256,6.900994,1.703769,1.663332,0,12.46201,0.00002011798,0.00001963578,33.98173,52.61728,5.963377,-32.1419300000656,-32.14193,-0.00006492651,2525.76193210262,2384.016,826.8958,77.61469,70.8709,367096.8,77428.21
103.0028,S,99.51285,2.82086,6.925058,1.706982,1.671144,0,12.46201,0.00001987973,0.00001945768,33.98173,52.617,5.963286,-32.1419300000643,-32.14193,-0.00006430379,2522.72569412604,2380.799,826.8958,77.61462,70.84694,367335,77510.87
103.1029,S,99.61287,2.817466,6.949181,1.710211,1.678986,0,12.46201,0.00001964456,0.00001928126,33.98173,52.61668,5.963185,-32.1419300000631,-32.14193,-0.00006368748,2519.68990475549,2377.582,826.8958,77.61456,70.82291,367572.9,77593.52
103.2029,S,99.71289,2.814071,6.973368,1.713456,1.686865,0,12.46201,0.0000194126,0.00001910673,33.98173,52.61636,5.963081,-32.1419300000619,-32.14193,-0.0000630782,2516.65362215358,2374.364,826.8958,77.61449,70.79883,367810.5,77676.18
103.3029,S,99.81291,2.810678,6.997615,1.716716,1.694772,0,12.46201,0.00001918371,0.00001893391,33.98173,52.61599,5.962964,-32.1419300000607,-32.14193,-0.00006247537,2513.61779169362,2371.146,826.8958,77.61442,70.77467,368047.8,77758.84
103.4029,S,99.91293,2.807284,7.021921,1.719993,1.702715,0,12.46201,0.00001895794,0.00001876296,33.98173,52.61562,5.962845,-32.1419300000596,-32.14193,-0.00006187939,2510.58241501583,2367.928,826.8958,77.61435,70.75047,368284.7,77841.49
103.503,S,100.013,2.803891,7.046285,1.723286,1.710693,0,12.46201,0.00001873506,0.00001859365,33.98173,52.61523,5.96272,-32.1419300000584,-32.14193,-0.00006128957,2507.54749376811,2364.71,826.8958,77.61428,70.7262,368521.3,77924.15
103.603,S,100.113,2.800498,7.070709,1.726595,1.718701,0,12.46201,0.00001851522,0.0000184261,33.98173,52.61481,5.962587,-32.1419300000573,-32.14193,-0.00006070631,2504.5130296061,2361.492,826.8958,77.61421,70.70187,368757.7,78006.8
103.703,S,100.213,2.797106,7.095192,1.729921,1.726747,0,12.46201,0.00001829828,0.00001826028,33.98173,52.61438,5.962448,-32.1419300000562,-32.14193,-0.00006012941,2501.47902419323,2358.274,826.8958,77.61414,70.67749,368993.6,78089.46
103.803,S,100.313,2.793714,7.119735,1.733263,1.734823,0,12.46201,0.0000180842,0.00001809609,33.98173,52.61392,5.962302,-32.1419300000552,-32.14193,-0.00005955862,2498.44547920076,2355.056,826.8958,77.61407,70.65305,369229.3,78172.12
103.903,S,100.413,2.790323,7.144337,1.736621,1.742934,0,12.46201,0.00001787294,0.00001793355,33.98173,52.61343,5.962146,-32.1419300000541,-32.14193,-0.00005899395,2495.41239630782,2351.838,826.8958,77.61401,70.62856,369464.6,78254.77
104.0031,S,100.5131,2.786932,7.168998,1.739996,1.751079,0,12.46201,0.00001766453,0.00001777272,33.98173,52.61293,5.961986,-32.1419300000531,-32.14193,-0.00005843561,2492.37977720145,2348.62,826.8958,77.61394,70.604,369699.6,78337.43
104.1031,S,100.6131,2.783542,7.193713,1.743387,1.759258,0,12.46201,0.00001745887,0.00001761352,33.98173,52.61241,5.961819,-32.1419300000521,-32.14193,-0.00005788327,2489.34856575204,2345.403,826.8958,77.61387,70.57938,369934.3,78420.09
104.2031,S,100.7131,2.780153,7.218496,1.746795,1.76747,0,12.46201,0.0000172559,0.00001745589,33.98173,52.61187,5.961647,-32.1419300000512,-32.14193,-0.0000573368,2486.3168791664,2342.185,826.8958,77.6138,70.5547,370168.7,78502.74
104.3031,S,100.8131,2.776764,7.243334,1.75022,1.775715,0,12.46201,0.0000170556,0.00001729983,33.98173,52.61131,5.961466,-32.1419300000502,-32.14193,-0.00005679614,2483.2866033599,2338.968,826.8958,77.61373,70.52996,370402.7,78585.4
104.4031,S,100.9131,2.773377,7.268238,1.753661,1.783995,0,12.46201,0.00001685791,0.00001714532,33.98173,52.61072,5.961277,-32.1419300000492,-32.14193,-0.00005626126,2480.25585613717,2335.75,826.8958,77.61366,70.50516,370636.4,78668.05
104.5032,S,101.0132,2.769989,7.293204,1.757121,1.792313,0,12.46201,0.0000166629,0.00001699247,33.98173,52.61011,5.961082,-32.1419300000483,-32.14193,-0.00005573239,2477.22558125552,2332.532,826.8958,77.6136,70.48029,370869.8,78750.71
104.6032,S,101.1132,2.766602,7.318232,1.760597,1.800665,0,12.46201,0.00001647042,0.00001684113,33.98173,52.60948,5.96088,-32.1419300000474,-32.14193,-0.00005520914,2474.19578045043,2329.314,826.8958,77.61353,70.45537,371102.9,78833.37
104.7032,S,101.2132,2.763214,7.343321,1.764092,1.809053,0,12.46201,0.00001628047,0.00001669131,33.98173,52.60883,5.960672,-32.1419300000465,-32.14193,-0.00005469147,2471.16645546566,2326.096,826.8958,77.61346,70.43038,371335.6,78916.02
104.8032,S,101.3132,2.759828,7.368471,1.767604,1.817475,0,12.46201,0.00001609306,0.00001654304,33.98173,52.60815,5.960455,-32.1419300000457,-32.14193,-0.00005417952,2468.13760805323,2322.878,826.8958,77.6134,70.40533,371568.1,78998.68
104.9033,S,101.4133,2.756442,7.393683,1.771133,1.825932,0,12.46201,0.00001590801,0.00001639618,33.98173,52.60746,5.960233,-32.1419300000448,-32.14193,-0.00005367275,2465.1092399735,2319.66,826.8958,77.61333,70.38023,371800.2,79081.34
105.0033,S,101.5133,2.753057,7.418958,1.77468,1.834427,0,12.46201,0.00001572545,0.00001625087,33.98173,52.60674,5.960004,-32.141930000044,-32.14193,-0.00005317166,2462.08135299521,2316.442,826.8958,77.61326,70.35506,372031.9,79163.99
105.1033,S,101.6133,2.749672,7.444293,1.778245,1.842956,0,12.46201,0.00001554526,0.00001610699,33.98173,52.60599,5.959763,-32.1419300000432,-32.14193,-0.00005267583,2459.05394889554,2313.224,826.8958,77.61319,70.32983,372263.4,79246.65
105.2033,S,101.7133,2.746288,7.469693,1.781828,1.851521,0,12.46201,0.00001536741,0.00001596454,33.98173,52.60522,5.959519,-32.1419300000424,-32.14193,-0.00005218525,2456.02702946013,2310.006,826.8958,77.61312,70.30453,372494.6,79329.3
105.3033,S,101.8133,2.742904,7.495148,1.785429,1.860121,0,12.46201,0.00001519193,0.00001582358,33.98173,52.60444,5.959268,-32.1419300000416,-32.14193,-0.0000517001,2453.00153687757,2306.789,826.8958,77.61305,70.27918,372725.4,79411.96
105.4034,S,101.9134,2.739522,7.520666,1.789048,1.868756,0,12.46201,0.00001501873,0.00001568401,33.98173,52.60363,5.959008,-32.1419300000408,-32.14193,-0.00005122006,2449.97653225224,2303.572,826.8958,77.61298,70.25377,372955.9,79494.62
105.5034,S,102.0134,2.73614,7.546255,1.792684,1.877427,0,12.46201,0.0000148477,0.00001554573,33.98173,52.6028,5.958743,-32.1419300000401,-32.14193,-0.00005074484,2446.9510773039,2300.354,826.8958,77.61292,70.22829,373186.1,79577.27
105.6034,S,102.1134,2.732758,7.571908,1.796341,1.886139,0,12.46201,0.00001467902,0.000015409,33.98173,52.60194,5.958469,-32.1419300000393,-32.14193,-0.00005027518,2443.92611424706,2297.136,826.8958,77.61285,70.20274,373415.9,79659.93
105.7034,S,102.2134,2.729377,7.597623,1.800016,1.894887,0,12.46201,0.00001451244,0.00001527355,33.98173,52.60107,5.958189,-32.1419300000386,-32.14193,-0.00004981019,2440.90164491049,2293.918,826.8958,77.61278,70.17712,373645.4,79742.59
105.8034,S,102.3134,2.725996,7.623404,1.803709,1.903671,0,12.46201,0.00001434801,0.00001513942,33.98173,52.60017,5.957901,-32.1419300000379,-32.14193,-0.00004935007,2437.87767113174,2290.7,826.8958,77.61271,70.15145,373874.7,79825.24
105.9035,S,102.4135,2.722615,7.649249,1.807423,1.912493,0,12.46201,0.00001418577,0.00001500671,33.98173,52.59924,5.957604,-32.1419300000372,-32.14193,-0.00004889507,2434.8541947572,2287.482,826.8958,77.61264,70.12572,374103.6,79907.9
106.0035,S,102.5135,2.719235,7.675157,1.811154,1.921353,0,12.46201,0.00001402562,0.0000148753,33.98173,52.5983,5.957302,-32.1419300000365,-32.14193,-0.00004844485,2431.83121764212,2284.264,826.8958,77.61257,70.09992,374332.1,79990.55
106.1035,S,102.6135,2.715856,7.70113,1.814905,1.93025,0,12.46201,0.00001386752,0.00001474518,33.98173,52.59732,5.95699,-32.1419300000358,-32.14193,-0.0000479993,2428.80874165067,2281.046,826.8958,77.6125,70.07405,374560.4,80073.21
106.2035,S,102.7135,2.712477,7.727169,1.818675,1.939183,0,12.46201,0.00001371151,0.00001461641,33.98173,52.59633,5.956672,-32.1419300000352,-32.14193,-0.00004755868,2425.78676865604,2277.828,826.8958,77.61243,70.04812,374788.3,80155.87
106.3036,S,102.8136,2.709099,7.753271,1.822465,1.948156,0,12.46201,0.00001355744,0.00001448886,33.98173,52.59531,5.956347,-32.1419300000346,-32.14193,-0.00004712246,2422.76530054042,2274.61,826.8958,77.61237,70.02213,375015.9,80238.52
106.4036,S,102.9136,2.705721,7.779431,1.826274,1.957166,0,12.46201,0.00001340541,0.00001436262,33.98173,52.59427,5.956015,-32.1419300000339,-32.14193,-0.000046691,2419.74527788603,2271.393,826.8958,77.6123,69.99607,375243.2,80321.18
106.5036,S,103.0136,2.702345,7.805658,1.830102,1.966212,0,12.46201,0.00001325533,0.00001423762,33.98173,52.59321,5.955674,-32.1419300000333,-32.14193,-0.00004626405,2416.72576358567,2268.176,826.8958,77.61223,69.96996,375470.2,80403.84
106.6036,S,103.1136,2.69897,7.831958,1.83395,1.975297,0,12.46201,0.00001310716,0.00001411383,33.98173,52.59212,5.955325,-32.1419300000327,-32.14193,-0.00004584155,2413.70582117348,2264.958,826.8958,77.61216,69.94376,375696.8,80486.49
106.7036,S,103.2136,2.695594,7.858324,1.837818,1.984421,0,12.46201,0.00001296094,0.00001399132,33.98173,52.591,5.954968,-32.1419300000321,-32.14193,-0.00004542367,2410.68639125929,2261.74,826.8958,77.6121,69.9175,375923.1,80569.15
106.8037,S,103.3137,2.692219,7.884757,1.841707,1.993585,0,12.46201,0.00001281658,0.00001387004,33.98173,52.58995,5.95463,-32.1419300000315,-32.14193,-0.00004501015,2407.66747577126,2258.522,826.8958,77.61203,69.89118,376149.1,80651.8
106.9037,S,103.4137,2.688844,7.911256,1.845616,2.00279,0,12.46201,0.00001267407,0.00001374994,33.98173,52.58948,5.954481,-32.1419300000309,-32.14193,-0.00004460098,2404.64907664689,2255.304,826.8958,77.61196,69.8648,376374.8,80734.46
107.0037,S,103.5137,2.68547,7.937849,1.849547,2.012039,0,12.46201,0.00001253337,0.00001363106,33.98173,52.58897,5.954318,-32.1419300000304,-32.14193,-0.00004419615,2401.6311958331,2252.086,826.8958,77.61192,69.83833,376600.2,80817.12
107.1037,S,103.6137,2.682096,7.96455,1.853504,2.021341,0,12.46201,0.0000123945,0.00001351344,33.98173,52.58843,5.954144,-32.1419300000298,-32.14193,-0.00004379578,2398.61383528628,2248.868,826.8958,77.61192,69.81181,376825.2,80899.77
107.2037,S,103.7137,2.678723,7.991319,1.857481,2.030685,0,12.46201,0.00001225745,0.00001339704,33.98173,52.58785,5.95396,-32.1419300000293,-32.14193,-0.0000433998,2395.59699697231,2245.65,826.8958,77.61192,69.78522,377049.9,80982.43
107.3038,S,103.8138,2.675351,8.018154,1.861479,2.040067,0,12.46201,0.00001212207,0.0000132817,33.98173,52.58725,5.953767,-32.1419300000288,-32.14193,-0.0000430077,2392.58068286667,2242.432,826.8958,77.61192,69.75858,377274.3,81065.09
107.4038,S,103.9138,2.671979,8.045056,1.865498,2.049489,0,12.46201,0.00001198847,0.00001316755,33.98173,52.58662,5.953566,-32.1419300000283,-32.14193,-0.00004261984,2389.56489495446,2239.214,826.8958,77.61192,69.73185,377498.4,81147.74
107.5038,S,104.0138,2.668607,8.07202,1.869538,2.058952,0,12.46201,0.00001185656,0.00001305452,33.98173,52.58597,5.953358,-32.1419300000278,-32.14193,-0.00004223601,2386.55057214628,2235.997,826.8958,77.61192,69.70506,377722.1,81230.4
107.6038,S,104.1138,2.665238,8.099051,1.873599,2.068453,0,12.46201,0.00001172637,0.00001294265,33.98173,52.58529,5.953141,-32.1419300000273,-32.14193,-0.00004185634,2383.53677920076,2232.78,826.8958,77.61192,69.67821,377945.5,81313.05
107.7038,S,104.2139,2.661868,8.12616,1.877682,2.077996,0,12.46201,0.00001159782,0.00001283185,33.98173,52.58458,5.952913,-32.1419300000268,-32.14193,-0.00004148057,2380.52258154522,2229.562,826.8958,77.61192,69.65128,378168.6,81395.71
107.8039,S,104.3139,2.658499,8.153337,1.881786,2.087579,0,12.46201,0.00001147084,0.00001272207,33.98173,52.58385,5.952678,-32.1419300000263,-32.14193,-0.00004110851,2377.50891811971,2226.344,826.8958,77.61192,69.62428,378391.4,81478.37
107.9039,S,104.4139,2.655131,8.180582,1.885912,2.097204,0,12.46201,0.00001134551,0.00001261342,33.98173,52.58308,5.952433,-32.1419300000258,-32.14193,-0.00004074044,2374.49579095831,2223.126,826.8958,77.61192,69.59722,378613.9,81561.02
108.0039,S,104.5139,2.651762,8.207898,1.89006,2.10687,0,12.46201,0.0000112218,0.00001250588,33.98173,52.58229,5.952179,-32.1419300000254,-32.14193,-0.00004037636,2371.48320210512,2219.908,826.8958,77.61192,69.57008,378836,81643.68
108.1039,S,104.6139,2.648395,8.235283,1.89423,2.116576,0,12.46201,0.0000110996,0.00001239932,33.98173,52.58146,5.951915,-32.1419300000249,-32.14193,-0.00004001581,2368.47115361423,2216.69,826.8958,77.61192,69.54289,379057.8,81726.34
108.204,S,104.714,2.645028,8.262737,1.898424,2.126327,0,12.46201,0.00001097899,0.00001229387,33.98173,52.58062,5.951644,-32.1419300000245,-32.14193,-0.00003965919,2365.45964754987,2213.472,826.8958,77.61192,69.51562,379279.3,81808.99
108.304,S,104.814,2.641661,8.290261,1.902639,2.136117,0,12.46201,0.00001085988,0.00001218942,33.98173,52.57975,5.951367,-32.141930000024,-32.14193,-0.00003930619,2362.44868598637,2210.254,826.8958,77.61192,69.48827,379500.5,81891.65
108.404,S,104.914,2.638295,8.317857,1.906877,2.14595,0,12.46201,0.00001074232,0.00001208605,33.98173,52.57884,5.951077,-32.1419300000236,-32.14193,-0.00003895702,2359.43827100832,2207.036,826.8958,77.61192,69.46086,379721.3,81974.3
108.504,S,105.014,2.63493,8.34552,1.911138,2.155827,0,12.46201,0.00001062618,0.00001198362,33.98173,52.57792,5.95078,-32.1419300000232,-32.14193,-0.00003861126,2356.42840471056,2203.818,826.8958,77.61192,69.43338,379941.8,82056.96
108.604,S,105.114,2.631565,8.373247,1.915421,2.165743,0,12.46201,0.00001051149,0.00001188218,33.98173,52.57696,5.950474,-32.1419300000228,-32.14193,-0.00003826898,2353.42002426336,2200.601,826.8958,77.61192,69.40584,380162.1,82139.62
108.7041,S,105.2141,2.628201,8.401054,1.919728,2.175704,0,12.46201,0.00001039827,0.00001178177,33.98173,52.57597,5.950156,-32.1419300000224,-32.14193,-0.00003793041,2350.41126147994,2197.383,826.8958,77.61192,69.37821,380381.9,82222.27
108.8041,S,105.3141,2.624839,8.428924,1.924056,2.185704,0,12.46201,0.00001028648,0.00001168232,33.98173,52.57495,5.949831,-32.141930000022,-32.14193,-0.00003759528,2347.40398844313,2194.166,826.8958,77.61192,69.35052,380601.5,82304.93
108.9041,S,105.4141,2.621477,8.456874,1.928408,2.195745,0,12.46201,0.00001017611,0.00001158386,33.98173,52.57391,5.949497,-32.1419300000216,-32.14193,-0.00003726371,2344.39633767559,2190.948,826.8958,77.61192,69.32276,380820.8,82387.59
109.0041,S,105.5141,2.618115,8.484896,1.932785,2.205835,0,12.46201,0.00001006708,0.00001148633,33.98173,52.57283,5.949154,-32.1419300000212,-32.14193,-0.00003693539,2341.38924621745,2187.73,826.8958,77.61192,69.29493,381039.7,82470.24
109.1041,S,105.6142,2.614754,8.512989,1.937185,2.215967,0,12.46201,0.000009959442,0.00001138978,33.98173,52.57173,5.9488,-32.1419300000209,-32.14193,-0.00003661057,2338.38271622648,2184.512,826.8958,77.61192,69.26702,381258.2,82552.9
109.2042,S,105.7142,2.611393,8.541155,1.94161,2.226141,0,12.46201,0.000009853138,0.00001129415,33.98173,52.5706,5.948439,-32.1419300000205,-32.14193,-0.00003628904,2335.37674987115,2181.294,826.8958,77.61192,69.23904,381476.5,82635.55
109.3042,S,105.8142,2.608033,8.569393,1.946059,2.236362,0,12.46201,0.000009748157,0.00001119945,33.98173,52.56945,5.94807,-32.1419300000201,-32.14193,-0.00003597081,2332.37134933071,2178.076,826.8958,77.61192,69.21098,381694.5,82718.21
109.4042,S,105.9142,2.604673,8.597706,1.950531,2.246626,0,12.46201,0.000009644519,0.00001110571,33.98173,52.56826,5.947689,-32.1419300000198,-32.14193,-0.00003565596,2329.36651679523,2174.858,826.8958,77.61192,69.18285,381912.1,82800.87
109.5042,S,106.0142,2.601314,8.62609,1.955028,2.256931,0,12.46201,0.000009542113,0.0000110128,33.98173,52.56704,5.947299,-32.1419300000194,-32.14193,-0.00003534409,2326.3622544657,2171.64,826.8958,77.61192,69.15466,382129.4,82883.52
109.6043,S,106.1143,2.597956,8.654546,1.95955,2.267284,0,12.46201,0.00000944102,0.00001092084,33.98173,52.56579,5.946899,-32.1419300000191,-32.14193,-0.00003503559,2323.35856455407,2168.422,826.8958,77.61192,69.12638,382346.4,82966.18
109.7043,S,106.2143,2.594598,8.683077,1.964097,2.277681,0,12.46201,0.000009341172,0.00001082976,33.98173,52.56452,5.946494,-32.1419300000188,-32.14193,-0.00003473019,2320.35544928331,2165.204,826.8958,77.61192,69.09804,382563.1,83048.84
109.8043,S,106.3143,2.591241,8.711674,1.968668,2.288121,0,12.46201,0.000009242553,0.00001073955,33.98173,52.56321,5.946074,-32.1419300000184,-32.14193,-0.00003442787,2317.35384384253,2161.987,826.8958,77.61192,69.06963,382779.4,83131.49
109.9043,S,106.4143,2.587886,8.740345,1.973263,2.298604,0,12.46201,0.000009145194,0.00001065025,33.98173,52.56187,5.945647,-32.1419300000181,-32.14193,-0.00003412876,2314.35281716136,2158.77,826.8958,77.61192,69.04115,382995.4,83214.15
110.0043,S,106.5143,2.584531,8.769099,1.977884,2.309133,0,12.46201,0.000009048989,0.00001056174,33.98173,52.56051,5.94521,-32.1419300000178,-32.14193,-0.0000338325,2311.35143890035,2155.552,826.8958,77.61192,69.01258,383211.1,83296.8
110.1044,S,106.6144,2.581176,8.797928,1.982531,2.319709,0,12.46201,0.000008954004,0.00001047412,33.98173,52.55911,5.944762,-32.1419300000175,-32.14193,-0.00003353938,2308.35064428235,2152.334,826.8958,77.61192,68.98394,383426.5,83379.46
110.2044,S,106.7144,2.577821,8.826832,1.987205,2.330331,0,12.46201,0.000008860184,0.00001038735,33.98173,52.55769,5.944308,-32.1419300000172,-32.14193,-0.00003324922,2305.35043558647,2149.116,826.8958,77.61192,68.95522,383641.6,83462.12
110.3044,S,106.8144,2.574468,8.855811,1.991904,2.341,0,12.46201,0.000008767555,0.00001030145,33.98173,52.55623,5.943841,-32.1419300000169,-32.14193,-0.00003296214,2302.35081510328,2145.898,826.8958,77.61192,68.92644,383856.3,83544.77
110.4044,S,106.9144,2.571115,8.884867,1.996629,2.351715,0,12.46201,0.000008676021,0.00001021632,33.98173,52.55474,5.943366,-32.1419300000166,-32.14193,-0.00003267778,2299.35178513483,2142.68,826.8958,77.61192,68.89758,384070.7,83627.43
110.5044,S,107.0145,2.567762,8.913997,2.00138,2.362475,0,12.46201,0.000008585645,0.00001013204,33.98173,52.55323,5.94288,-32.1419300000163,-32.14193,-0.00003239643,2296.35334799476,2139.462,826.8958,77.61192,68.86863,384284.8,83710.09
110.6045,S,107.1145,2.56441,8.943205,2.006158,2.373282,0,12.46201,0.000008496369,0.00001004856,33.98173,52.55169,5.942387,-32.1419300000161,-32.14193,-0.00003211789,2293.35550600833,2136.244,826.8958,77.61192,68.83961,384498.6,83792.74
110.7045,S,107.2145,2.561059,8.972488,2.010962,2.384134,0,12.46201,0.00000840818,0.000009965866,33.98173,52.5501,5.94188,-32.1419300000158,-32.14193,-0.0000318421,2290.35826151254,2133.026,826.8958,77.61192,68.81052,384712,83875.4
110.8045,S,107.3145,2.557709,9.001846,2.015793,2.395034,0,12.46201,0.000008321106,0.000009884007,33.98173,52.5485,5.941366,-32.1419300000155,-32.14193,-0.00003156925,2287.36161685614,2129.808,826.8958,77.61192,68.78135,384925.2,83958.05
110.9045,S,107.4145,2.554359,9.031274,2.020651,2.405982,0,12.46201,0.000008235052,0.000009802882,33.98173,52.54686,5.940842,-32.1419300000152,-32.14193,-0.00003129897,2284.36650533222,2126.591,826.8958,77.61192,68.75211,385138,84040.71
111.0046,S,107.5146,2.551011,9.06078,2.025535,2.416975,0,12.46201,0.000008150084,0.000009722562,33.98173,52.54519,5.940306,-32.141930000015,-32.14193,-0.00003103154,2281.37199800443,2123.374,826.8958,77.61192,68.72279,385350.4,84123.37
111.1046,S,107.6146,2.547663,9.090372,2.030447,2.428015,0,12.46201,0.000008066148,0.000009642991,33.98173,52.54349,5.939764,-32.1419300000147,-32.14193,-0.00003076677,2278.37716669974,2120.156,826.8958,77.61192,68.6934,385562.6,84206.02
111.2046,S,107.7146,2.544316,9.120042,2.035387,2.439105,0,12.46201,0.00000798323,0.000009564182,33.98173,52.54176,5.939209,-32.1419300000145,-32.14193,-0.00003050464,2275.38294474726,2116.938,826.8958,77.61192,68.66392,385774.4,84288.68
111.3046,S,107.8146,2.540969,9.14979,2.040354,2.450242,0,12.46201,0.000007901346,0.000009486149,33.98173,52.53999,5.938645,-32.1419300000142,-32.14193,-0.00003024524,2272.38933455575,2113.72,826.8958,77.61192,68.63436,385985.9,84371.34
111.4046,S,107.9146,2.537622,9.179616,2.045351,2.46143,0,12.46201,0.000007820458,0.000009408863,33.98173,52.5382,5.938073,-32.141930000014,-32.14193,-0.00002998844,2269.39633854616,2110.502,826.8958,77.61192,68.60473,386197.1,84453.99
111.5047,S,108.0147,2.534277,9.209522,2.050375,2.472664,0,12.46201,0.000007740545,0.000009332299,33.98173,52.53637,5.937484,-32.1419300000138,-32.14193,-0.00002973417,2266.40395915175,2107.284,826.8958,77.61192,68.57502,386408,84536.65
111.6047,S,108.1147,2.530931,9.239507,2.055428,2.483948,0,12.46201,0.000007661596,0.000009256451,33.98173,52.53451,5.93689,-32.1419300000135,-32.14193,-0.00002948243,2263.41219881813,2104.066,826.8958,77.61192,68.54523,386618.6,84619.3
111.7047,S,108.2147,2.527587,9.26957,2.06051,2.495281,0,12.46201,0.000007583598,0.00000918132,33.98173,52.53262,5.936284,-32.1419300000133,-32.14193,-0.00002923318,2260.42106000336,2100.848,826.8958,77.61192,68.51536,386828.8,84701.96
111.8047,S,108.3147,2.524244,9.299714,2.065619,2.506661,0,12.46201,0.000007506573,0.000009106931,33.98173,52.53069,5.935669,-32.1419300000131,-32.14193,-0.00002898652,2257.43054517802,2097.63,826.8958,77.61192,68.4854,387038.7,84784.62
111.9047,S,108.4147,2.520901,9.329935,2.070759,2.518093,0,12.46201,0.000007430475,0.000009033243,33.98173,52.52874,5.935044,-32.1419300000129,-32.14193,-0.00002874231,2254.44065682527,2094.412,826.8958,77.61192,68.45538,387248.3,84867.27
112.0048,S,108.5148,2.517559,9.360229,2.075927,2.529572,0,12.46201,0.000007355288,0.000008960243,33.98173,52.52675,5.934407,-32.1419300000126,-32.14193,-0.00002850048,2251.45232626137,2091.195,826.8958,77.61192,68.42527,387457.5,84949.93
112.1048,S,108.6148,2.514218,9.390604,2.081123,2.5411,0,12.46201,0.000007281008,0.000008887924,33.98173,52.52473,5.933761,-32.1419300000124,-32.14193,-0.00002826106,2248.46462678129,2087.978,826.8958,77.61192,68.3951,387666.5,85032.59
112.2048,S,108.7148,2.510879,9.421069,2.086349,2.552676,0,12.46201,0.000007207648,0.000008816307,33.98173,52.52268,5.933104,-32.1419300000122,-32.14193,-0.00002802411,2245.47663247755,2084.76,826.8958,77.61192,68.36482,387875.1,85115.24
112.3048,S,108.8148,2.507538,9.451615,2.091606,2.564307,0,12.46201,0.000007135135,0.000008745335,33.98173,52.5206,5.932438,-32.141930000012,-32.14193,-0.00002778938,2242.48927470495,2081.542,826.8958,77.61192,68.33447,388083.4,85197.9
112.4049,S,108.9149,2.504199,9.482244,2.096894,2.575988,0,12.46201,0.000007063519,0.000008675062,33.98173,52.51848,5.93176,-32.1419300000118,-32.14193,-0.00002755708,2239.50255601076,2078.324,826.8958,77.61192,68.30405,388291.4,85280.55
112.5049,S,109.0149,2.50086,9.512954,2.102212,2.587721,0,12.46201,0.000006992761,0.00000860545,33.98173,52.51633,5.931072,-32.1419300000116,-32.14193,-0.00002732707,2236.51647895533,2075.106,826.8958,77.61192,68.27353,388499,85363.21
112.6049,S,109.1149,2.497523,9.543745,2.107559,2.599502,0,12.46201,0.000006922843,0.000008536475,33.98173,52.51414,5.930372,-32.1419300000114,-32.14193,-0.0000270993,2233.53104611213,2071.888,826.8958,77.61192,68.24294,388706.4,85445.87
112.7049,S,109.2149,2.494185,9.574619,2.112939,2.611336,0,12.46201,0.000006853792,0.000008468185,33.98173,52.51193,5.929664,-32.1419300000112,-32.14193,-0.00002687389,2230.54626006786,2068.67,826.8958,77.61192,68.21225,388913.4,85528.52
112.8049,S,109.3149,2.490849,9.605576,2.118349,2.623222,0,12.46201,0.00000678556,0.000008400532,33.98173,52.50968,5.928944,-32.141930000011,-32.14193,-0.00002665069,2227.56212342254,2065.452,826.8958,77.61192,68.1815,389120.1,85611.18
112.905,S,109.415,2.487513,9.636616,2.123791,2.635159,0,12.46201,0.000006718142,0.000008333506,33.98173,52.50739,5.928212,-32.1419300000109,-32.14193,-0.00002642968,2224.57863878954,2062.234,826.8958,77.61192,68.15065,389326.4,85693.84
113.005,S,109.515,2.484178,9.667737,2.129263,2.647146,0,12.46201,0.000006651519,0.000008267093,33.98173,52.50507,5.927469,-32.1419300000107,-32.14193,-0.0000262108,2221.59580879573,2059.016,826.8958,77.61192,68.11972,389532.5,85776.49
113.105,S,109.615,2.480844,9.698934,2.134767,2.659187,0,12.46201,0.000006585688,0.000008201307,33.98173,52.50272,5.926718,-32.1419300000105,-32.14193,-0.00002599406,2218.61456269532,2055.799,826.8958,77.61192,68.08873,389738.2,85859.15
113.205,S,109.715,2.477511,9.730215,2.140302,2.671277,0,12.46201,0.00000652067,0.00000813616,33.98173,52.50034,5.925955,-32.1419300000103,-32.14193,-0.00002577956,2215.63397611761,2052.582,826.8958,77.61192,68.05765,389943.6,85941.8
113.305,S,109.815,2.474179,9.76159,2.14587,2.683423,0,12.46201,0.000006456416,0.000008071615,33.98173,52.49791,5.925179,-32.1419300000102,-32.14193,-0.00002556714,2212.65312552572,2049.364,826.8958,77.61192,68.02647,390148.7,86024.46
113.4051,S,109.9151,2.47085,9.793011,2.151465,2.695607,0,12.46201,0.000006392928,0.000008007654,33.98173,52.49546,5.924395,-32.14193000001,-32.14193,-0.00002535677,2209.67664419542,2046.15,826.8958,77.61192,67.99525,390353.5,86107.12
113.5051,S,110.0151,2.467528,9.824477,2.157084,2.707828,0,12.46201,0.000006330181,0.000007944255,33.98173,52.49297,5.923599,-32.1419300000098,-32.14193,-0.00002514835,2206.70453232931,2042.94,826.8958,77.61192,67.96397,390557.9,86189.77
113.6051,S,110.1151,2.464205,9.856028,2.162736,2.720101,0,12.46201,0.000006268208,0.000007881482,33.98173,52.49046,5.922795,-32.1419400000097,-32.14194,-0.00002494209,2203.73308780867,2039.73,826.8958,77.61192,67.93262,390762,86272.43
113.7051,S,110.2151,2.460884,9.887664,2.168421,2.732429,0,12.46201,0.000006206933,0.000007819251,33.98173,52.48791,5.921978,-32.1419400000095,-32.14194,-0.00002473771,2200.76231333662,2036.52,826.8958,77.61192,67.90119,390965.8,86355.09
113.8052,S,110.3152,2.457563,9.919385,2.174139,2.744809,0,12.46201,0.000006146408,0.000007757628,33.98173,52.48532,5.92115,-32.1419400000094,-32.14194,-0.00002453542,2197.79221163028,2033.31,826.8958,77.61192,67.86967,391169.3,86437.74
113.9052,S,110.4152,2.454243,9.951193,2.179891,2.757243,0,12.46201,0.000006086593,0.000007696569,33.98173,52.4827,5.920311,-32.1419400000092,-32.14194,-0.00002433509,2194.8227854209,2030.1,826.8958,77.61192,67.83806,391372.5,86520.4
114.0052,S,110.5152,2.450924,9.983087,2.185676,2.769733,0,12.46201,0.000006027507,0.000007636111,33.98173,52.48005,5.919463,-32.1419400000091,-32.14194,-0.00002413682,2191.85403745385,2026.89,826.8958,77.61192,67.80637,391575.3,86603.05
114.1052,S,110.6152,2.447605,10.01507,2.191495,2.782276,0,12.46201,0.000005969087,0.00000757617,33.98173,52.47736,5.918601,-32.1419400000089,-32.14194,-0.00002394034,2188.88597048881,2023.68,826.8958,77.61192,67.77459,391777.8,86685.71
114.2052,S,110.7152,2.444287,10.04713,2.197349,2.794872,0,12.46201,0.000005911376,0.000007516813,33.98173,52.47462,5.917727,-32.1419400000088,-32.14194,-0.00002374586,2185.9185872998,2020.47,826.8958,77.61192,67.74272,391980,86768.37
114.3053,S,110.8153,2.44097,10.07929,2.203237,2.807524,0,12.46201,0.00000585434,0.000007457999,33.98173,52.47186,5.916842,-32.1419400000086,-32.14194,-0.00002355325,2182.95189067527,2017.26,826.8958,77.61192,67.71077,392181.9,86851.02
114.4053,S,110.9153,2.437654,10.11153,2.209158,2.82023,0,12.46201,0.000005797967,0.000007399719,33.98173,52.46906,5.915947,-32.1419400000085,-32.14194,-0.00002336249,2179.98588341822,2014.05,826.8958,77.61192,67.67873,392383.4,86933.68
114.5053,S,111.0153,2.434339,10.14386,2.215116,2.832992,0,12.46201,0.000005742252,0.000007341974,33.98173,52.46623,5.915041,-32.1419400000084,-32.14194,-0.00002317357,2177.02056834627,2010.84,826.8958,77.61192,67.6466,392584.7,87016.34
114.6053,S,111.1153,2.431024,10.17628,2.221109,2.845811,0,12.46201,0.000005687215,0.000007284797,33.98173,52.46336,5.914121,-32.1419400000082,-32.14194,-0.00002298658,2174.05594829175,2007.63,826.8958,77.61192,67.61439,392785.6,87098.99
114.7053,S,111.2153,2.42771,10.20878,2.227137,2.858684,0,12.46201,0.000005632817,0.000007228135,33.98173,52.46045,5.913192,-32.1419400000081,-32.14194,-0.00002280137,2171.09202610178,2004.42,826.8958,77.61192,67.58208,392986.2,87181.65
114.8054,S,111.3154,2.424397,10.24138,2.2332,2.871613,0,12.46201,0.000005579048,0.00000717199,33.98173,52.45752,5.912252,-32.141940000008,-32.14194,-0.00002261793,2168.1288046384,2001.21,826.8958,77.61192,67.54969,393186.4,87264.3
114.9054,S,111.4154,2.421085,10.27406,2.2393,2.884598,0,12.46201,0.000005525902,0.000007116352,33.98173,52.45454,5.911299,-32.1419400000078,-32.14194,-0.00002243624,2165.16628677862,1998,826.8958,77.61192,67.5172,393386.3,87346.96
115.0054,S,111.5154,2.417773,10.30683,2.245435,2.897637,0,12.46201,0.000005473401,0.000007061253,33.98173,52.45152,5.910333,-32.1419400000077,-32.14194,-0.0000222564,2162.20447541456,1994.79,826.8958,77.61192,67.48464,393586,87429.62
115.1054,S,111.6154,2.414463,10.3397,2.251608,2.910737,0,12.46201,0.000005421479,0.000007006625,33.98173,52.44846,5.909356,-32.1419400000076,-32.14194,-0.00002207817,2159.24337345347,1991.58,826.8958,77.61192,67.45198,393785.3,87512.27
115.2055,S,111.7155,2.411153,10.37265,2.257816,2.92389,0,12.46201,0.000005370183,0.00000695252,33.98173,52.44537,5.908367,-32.1419400000075,-32.14194,-0.00002190174,2156.28298381792,1988.37,826.8958,77.61192,67.41923,393984.2,87594.93
115.3055,S,111.8155,2.407843,10.4057,2.264063,2.937103,0,12.46201,0.00000531948,0.00000689891,33.98173,52.44225,5.907366,-32.1419400000073,-32.14194,-0.00002172699,2153.32330944583,1985.16,826.8958,77.61192,67.38638,394182.9,87677.59
115.4055,S,111.9155,2.404535,10.43883,2.270347,2.950373,0,12.46201,0.000005269385,0.000006845816,33.98173,52.43909,5.906355,-32.1419400000072,-32.14194,-0.000021554,2150.36435329056,1981.95,826.8958,77.61192,67.35346,394381.2,87760.24
115.5055,S,112.0155,2.401228,10.47206,2.276667,2.963699,0,12.46201,0.000005219842,0.000006793167,33.98173,52.43589,5.905331,-32.1419400000071,-32.14194,-0.00002138255,2147.40611832106,1978.74,826.8958,77.61192,67.32043,394579.3,87842.9
115.6055,S,112.1155,2.397921,10.50538,2.283026,2.977085,0,12.46201,0.000005170896,0.00000674103,33.98173,52.43264,5.904292,-32.141940000007,-32.14194,-0.00002121284,2144.44860752193,1975.53,826.8958,77.61192,67.28732,394777,87925.55
115.7056,S,112.2156,2.394615,10.53879,2.289424,2.990529,0,12.46201,0.000005122509,0.000006689363,33.98173,52.42936,5.903242,-32.1419400000069,-32.14194,-0.00002104473,2141.49182389351,1972.32,826.8958,77.61192,67.25411,394974.3,88008.21
115.8056,S,112.3156,2.39131,10.57229,2.295858,3.004028,0,12.46201,0.000005074678,0.000006638156,33.98173,52.42605,5.902184,-32.1419400000068,-32.14194,-0.0000208782,2138.535770452,1969.11,826.8958,77.61192,67.22083,395171.4,88090.87
115.9056,S,112.4156,2.388006,10.60589,2.302332,3.017588,0,12.46201,0.000005027394,0.00000658741,33.98173,52.42269,5.901107,-32.1419400000067,-32.14194,-0.00002071325,2135.58045022957,1965.9,826.8958,77.61192,67.18743,395368.1,88173.52
116.0056,S,112.5156,2.384702,10.63958,2.308846,3.031207,0,12.46201,0.000004980677,0.000006537155,33.98173,52.4193,5.900024,-32.1419400000066,-32.14194,-0.00002054996,2132.62586627442,1962.69,826.8958,77.61192,67.15395,395564.5,88256.18
116.1056,S,112.6156,2.3814,10.67336,2.315398,3.044886,0,12.46201,0.000004934493,0.000006487351,33.98173,52.41587,5.898926,-32.1419400000065,-32.14194,-0.00002038821,2129.67202165092,1959.48,826.8958,77.61192,67.12037,395760.6,88338.84
116.2057,S,112.7157,2.378098,10.70723,2.32199,3.058623,0,12.46201,0.000004888838,0.000006437994,33.98173,52.4124,5.897816,-32.1419400000064,-32.14194,-0.00002022799,2126.71891943969,1956.27,826.8958,77.61192,67.08671,395956.4,88421.49
116.3057,S,112.8157,2.374797,10.7412,2.328622,3.07242,0,12.46201,0.0000048437,0.000006389077,33.98173,52.4089,5.896694,-32.1419400000063,-32.14194,-0.00002006926,2123.76656273771,1953.06,826.8958,77.61192,67.05294,396151.8,88504.15
116.4057,S,112.9157,2.371497,10.77527,2.335294,3.086277,0,12.46201,0.00000479908,0.0000063406,33.98173,52.40535,5.895558,-32.1419400000062,-32.14194,-0.00001991204,2120.81495465841,1949.85,826.8958,77.61192,67.01909,396347,88586.8
116.5057,S,113.0157,2.368198,10.80943,2.342006,3.100193,0,12.46201,0.000004754986,0.000006292582,33.98173,52.40176,5.894411,-32.1419400000061,-32.14194,-0.00001975637,2117.86409833179,1946.64,826.8958,77.61192,66.98513,396541.8,88669.46
116.6058,S,113.1158,2.364899,10.84368,2.34876,3.114171,0,12.46201,0.000004711395,0.000006244997,33.98173,52.39814,5.893251,-32.141940000006,-32.14194,-0.00001960218,2114.91399690454,1943.43,826.8958,77.61192,66.95109,396736.3,88752.12
116.7058,S,113.2158,2.361602,10.87803,2.355554,3.128209,0,12.46201,0.0000046683,0.000006197837,33.98173,52.39447,5.892077,-32.1419400000059,-32.14194,-0.00001944943,2111.9646535401,1940.22,826.8958,77.61192,66.91695,396930.4,88834.77
116.8058,S,113.3158,2.358305,10.91248,2.36239,3.142307,0,12.46201,0.000004625691,0.000006151094,33.98173,52.39077,5.890893,-32.1419400000058,-32.14194,-0.00001929809,2109.01607141879,1937.01,826.8958,77.61192,66.88271,397124.3,88917.43
116.9058,S,113.4158,2.355009,10.94702,2.369267,3.156466,0,12.46201,0.000004583564,0.000006104764,33.98173,52.38702,5.889692,-32.1419400000057,-32.14194,-0.00001914817,2106.06825373793,1933.8,826.8958,77.61192,66.84837,397317.8,89000.09
117.0058,S,113.5158,2.351714,10.98166,2.376186,3.170687,0,12.46201,0.000004541935,0.000006058877,33.98173,52.38323,5.888482,-32.1419400000056,-32.14194,-0.00001899974,2103.12120371193,1930.59,826.8958,77.61192,66.81394,397511,89082.74
117.1059,S,113.6159,2.34842,11.0164,2.383148,3.18497,0,12.46201,0.000004500778,0.000006013401,33.98173,52.37941,5.887257,-32.1419400000055,-32.14194,-0.00001885271,2100.17492457241,1927.38,826.8958,77.61192,66.77942,397703.9,89165.4
117.2059,S,113.7159,2.345126,11.05123,2.390153,3.199317,0,12.46201,0.000004460086,0.000005968329,33.98173,52.37554,5.886019,-32.1419400000054,-32.14194,-0.00001870704,2097.22941956829,1924.17,826.8958,77.61192,66.7448,397896.5,89248.05
117.3059,S,113.8159,2.341834,11.08617,2.3972,3.213722,0,12.46201,0.00000441985,0.00000592365,33.98173,52.37162,5.884767,-32.1419400000054,-32.14194,-0.00001856272,2094.28469196591,1920.96,826.8958,77.61192,66.71008,398088.7,89330.71
117.4059,S,113.9159,2.338542,11.1212,2.40429,3.228191,0,12.46201,0.000004380066,0.000005879371,33.98173,52.36767,5.883502,-32.1419400000053,-32.14194,-0.00001841974,2091.34074504915,1917.75,826.8958,77.61192,66.67525,398280.7,89413.37
117.5059,S,114.0159,2.335252,11.15633,2.411424,3.242723,0,12.46201,0.000004340754,0.000005835512,33.98173,52.36368,5.882226,-32.1419400000052,-32.14194,-0.00001827819,2088.39758211954,1914.54,826.8958,77.61192,66.64034,398472.2,89496.02
117.606,S,114.116,2.331962,11.19156,2.418602,3.257317,0,12.46201,0.000004301879,0.000005792037,33.98173,52.35966,5.880938,-32.1419400000051,-32.14194,-0.00001813793,2085.45520649635,1911.33,826.8958,77.61192,66.60532,398663.5,89578.68
117.706,S,114.216,2.328673,11.22688,2.425825,3.271977,0,12.46201,0.000004263443,0.00000574895,33.98173,52.35558,5.879632,-32.141940000005,-32.14194,-0.00001799899,2082.51362151673,1908.12,826.8958,77.61192,66.5702,398854.5,89661.34
117.806,S,114.316,2.325385,11.26231,2.433092,3.286697,0,12.46201,0.000004225435,0.000005706237,33.98173,52.35146,5.878314,-32.141940000005,-32.14194,-0.00001786131,2079.57283053581,1904.91,826.8958,77.61192,66.53498,399045.1,89743.99
117.906,S,114.416,2.322098,11.29784,2.440403,3.301481,0,12.46201,0.000004187873,0.00000566393,33.98173,52.3473,5.876982,-32.1419400000049,-32.14194,-0.000017725,2076.63283692682,1901.7,826.8958,77.61192,66.49967,399235.4,89826.65
118.0061,S,114.5161,2.318812,11.33347,2.447759,3.316329,0,12.46201,0.000004150728,0.000005621991,33.98173,52.3431,5.875638,-32.1419400000048,-32.14194,-0.00001758994,2073.69364408119,1898.49,826.8958,77.61192,66.46425,399425.4,89909.3
118.1061,S,114.6161,2.315526,11.3692,2.455162,3.331244,0,12.46201,0.00000411398,0.000005580398,33.98173,52.33886,5.874282,-32.1419400000047,-32.14194,-0.00001745605,2070.7552554087,1895.28,826.8958,77.61192,66.42873,399615.1,89991.96
118.2061,S,114.7161,2.312242,11.40504,2.46261,3.34622,0,12.46201,0.000004077682,0.000005539223,33.98173,52.33457,5.87291,-32.1419400000047,-32.14194,-0.00001732355,2067.81767433755,1892.07,826.8958,77.61192,66.39311,399804.4,90074.62
118.3061,S,114.8161,2.308958,11.44097,2.470105,3.361263,0,12.46201,0.000004041767,0.000005498382,33.98173,52.33025,5.871526,-32.1419400000046,-32.14194,-0.0000171922,2064.88090431452,1888.86,826.8958,77.61192,66.3574,399993.5,90157.27
118.4061,S,114.9161,2.305676,11.47701,2.477646,3.376371,0,12.46201,0.00000400627,0.000005457924,33.98173,52.32587,5.870126,-32.1419400000045,-32.14194,-0.00001706212,2061.94494880507,1885.65,826.8958,77.61192,66.32157,400182.2,90239.93
118.5062,S,115.0162,2.302394,11.51315,2.485234,3.391541,0,12.46201,0.000003971147,0.000005417788,33.98173,52.32145,5.868712,-32.1419400000045,-32.14194,-0.00001693315,2059.00981129346,1882.44,826.8958,77.61192,66.28564,400370.6,90322.59
118.6062,S,115.1162,2.299113,11.54939,2.492869,3.406779,0,12.46201,0.000003936452,0.000005378057,33.98173,52.31699,5.867285,-32.1419400000044,-32.14194,-0.00001680553,2056.07549528288,1879.23,826.8958,77.61192,66.24963,400558.6,90405.24
118.7062,S,115.2162,2.295833,11.58573,2.500552,3.422082,0,12.46201,0.000003902122,0.000005338648,33.98173,52.31249,5.865843,-32.1419400000043,-32.14194,-0.00001667899,2053.14200429555,1876.02,826.8958,77.61192,66.21349,400746.4,90487.9
118.8062,S,115.3162,2.292555,11.62218,2.508283,3.437451,0,12.46201,0.000003868172,0.000005299581,33.98173,52.30794,5.864387,-32.1419400000043,-32.14194,-0.00001655361,2050.20934187286,1872.81,826.8958,77.61192,66.17726,400933.8,90570.55
118.9062,S,115.4162,2.289276,11.65874,2.516062,3.452886,0,12.46201,0.000003834617,0.00000526088,33.98173,52.30334,5.862916,-32.1419400000042,-32.14194,-0.00001642946,2047.27751157549,1869.6,826.8958,77.61192,66.14091,401120.9,90653.21
119.0063,S,115.5163,2.285999,11.6954,2.52389,3.468386,0,12.46201,0.000003801431,0.000005222515,33.98173,52.29871,5.861434,-32.1419400000041,-32.14194,-0.00001630643,2044.34651698354,1866.39,826.8958,77.61192,66.10448,401307.7,90735.87
119.1063,S,115.6163,2.282723,11.73216,2.531767,3.483955,0,12.46201,0.000003768609,0.000005184481,33.98173,52.29403,5.859935,-32.1419400000041,-32.14194,-0.00001618452,2041.41636169664,1863.18,826.8958,77.61192,66.06792,401494.2,90818.52
119.2063,S,115.7163,2.279448,11.76903,2.539693,3.499591,0,12.46201,0.000003736151,0.000005146781,33.98173,52.2893,5.858423,-32.141950000004,-32.14195,-0.00001606373,2038.48704933407,1859.97,826.8958,77.61192,66.03128,401680.3,90901.18
119.3063,S,115.8163,2.276174,11.80601,2.54767,3.515294,0,12.46201,0.000003704067,0.000005109429,33.98173,52.28453,5.856896,-32.141950000004,-32.14195,-0.00001594411,2035.55858353493,1856.76,826.8958,77.61192,65.99451,401866.1,90983.84
119.4063,S,115.9164,2.2729,11.84309,2.555696,3.531064,0,12.46201,0.000003672316,0.000005072373,33.98173,52.27971,5.855354,-32.1419500000039,-32.14195,-0.00001582549,2032.63096795821,1853.55,826.8958,77.61192,65.95765,402051.6,91066.49
119.5064,S,116.0164,2.269628,11.88028,2.563773,3.546901,0,12.46201,0.000003640931,0.000005035663,33.98173,52.27485,5.853799,-32.1419500000038,-32.14195,-0.00001570802,2029.70420628296,1850.34,826.8958,77.61192,65.92068,402236.8,91149.15
119.6064,S,116.1164,2.266357,11.91758,2.571901,3.562807,0,12.46201,0.00000360989,0.00000499927,33.98173,52.26993,5.852224,-32.1419500000038,-32.14195,-0.00001559161,2026.77830220839,1847.13,826.8958,77.61192,65.8836,402421.6,91231.8
119.7064,S,116.2164,2.263086,11.95498,2.58008,3.578779,0,12.46201,0.000003579207,0.000004963214,33.98173,52.26497,5.850638,-32.1419500000037,-32.14195,-0.00001547634,2023.85325945404,1843.92,826.8958,77.61192,65.84641,402606.2,91314.46
119.8064,S,116.3164,2.259817,11.99249,2.588311,3.594822,0,12.46201,0.000003548842,0.000004927448,33.98173,52.25997,5.849037,-32.1419500000037,-32.14195,-0.00001536203,2020.92908175986,1840.71,826.8958,77.61192,65.80912,402790.4,91397.12
119.9065,S,116.4165,2.256548,12.03012,2.596594,3.610932,0,12.46201,0.000003518823,0.000004892006,33.98173,52.25492,5.847421,-32.1419500000036,-32.14195,-0.00001524882,2018.00577288638,1837.5,826.8958,77.61192,65.77171,402974.3,91479.77
120.0065,S,116.5165,2.253281,12.06785,2.604928,3.62711,0,12.46201,0.000003489132,0.00000485687,33.98173,52.24982,5.845788,-32.1419500000036,-32.14195,-0.00001513662,2015.08333661482,1834.29,826.8958,77.61192,65.73421,403157.8,91562.43
120.1065,S,116.6165,2.250014,12.10569,2.613317,3.643361,0,12.46201,0.000003459766,0.000004822039,33.98173,52.24467,5.844143,-32.1419500000035,-32.14195,-0.00001502545,2012.16177674727,1831.08,826.8958,77.61192,65.69659,403341.1,91645.09
120.2065,S,116.7165,2.246749,12.14364,2.621758,3.659677,0,12.46201,0.000003430714,0.000004787497,33.98173,52.23948,5.842481,-32.1419500000035,-32.14195,-0.00001491525,2009.24109710675,1827.87,826.8958,77.61192,65.65885,403524,91727.74
120.3065,S,116.8165,2.243484,12.1817,2.630254,3.676068,0,12.46201,0.000003402,0.000004753284,33.98173,52.23424,5.840803,-32.1419500000034,-32.14195,-0.00001480614,2006.3213015374,1824.66,826.8958,77.61192,65.62101,403706.7,91810.4
120.4066,S,116.9166,2.240221,12.21987,2.638802,3.692524,0,12.46201,0.000003373593,0.000004719354,33.98173,52.22894,5.839107,-32.1419500000034,-32.14195,-0.00001469798,2003.40239390461,1821.45,826.8958,77.61192,65.58306,403888.9,91893.05
120.5066,S,117.0166,2.236958,12.25816,2.647407,3.709053,0,12.46201,0.000003345496,0.00000468572,33.98173,52.22361,5.837401,-32.1419500000033,-32.14195,-0.00001459081,2000.48437809515,1818.24,826.8958,77.61192,65.545,404070.9,91975.71
120.6066,S,117.1166,2.233696,12.29655,2.656065,3.725651,0,12.46201,0.000003317704,0.000004652371,33.98173,52.21822,5.835676,-32.1419500000033,-32.14195,-0.00001448459,1997.5672580173,1815.03,826.8958,77.61192,65.50682,404252.6,92058.37
120.7066,S,117.2166,2.230436,12.33506,2.664778,3.742321,0,12.46201,0.00000329021,0.000004619304,33.98173,52.21278,5.833936,-32.1419500000032,-32.14195,-0.00001437931,1994.651037601,1811.82,826.8958,77.61192,65.46854,404433.9,92141.02
120.8066,S,117.3167,2.227176,12.37368,2.673547,3.759058,0,12.46201,0.000003263029,0.000004586539,33.98173,52.20729,5.83218,-32.1419500000032,-32.14195,-0.00001427504,1991.735720798,1808.61,826.8958,77.61192,65.43014,404614.9,92223.68
120.9067,S,117.4167,2.223918,12.41241,2.682373,3.77587,0,12.46201,0.000003236142,0.000004554055,33.98173,52.20175,5.830407,-32.1419500000031,-32.14195,-0.0000141717,1988.821311582,1805.4,826.8958,77.61192,65.39163,404795.6,92306.34
121.0067,S,117.5167,2.22066,12.45126,2.691255,3.792754,0,12.46201,0.000003209542,0.000004521844,33.98173,52.19617,5.828622,-32.1419500000031,-32.14195,-0.00001406928,1985.90781394876,1802.19,826.8958,77.61192,65.353,404976,92388.99
121.1067,S,117.6167,2.217404,12.49022,2.700193,3.809707,0,12.46201,0.000003183228,0.000004489902,33.98173,52.19053,5.826815,-32.141950000003,-32.14195,-0.00001396776,1982.99523191629,1798.98,826.8958,77.61192,65.31426,405156,92471.65
121.2067,S,117.7167,2.214148,12.5293,2.70919,3.826732,0,12.46201,0.000003157199,0.000004458235,33.98173,52.18484,5.824996,-32.141950000003,-32.14195,-0.00001386714,1980.08356952497,1795.77,826.8958,77.61192,65.27541,405335.7,92554.3
121.3068,S,117.8168,2.210894,12.56849,2.718243,3.843831,0,12.46201,0.000003131465,0.000004426858,33.98173,52.1791,5.82316,-32.141950000003,-32.14195,-0.0000137675,1977.17283083769,1792.56,826.8958,77.61192,65.23644,405515.1,92636.96
121.4068,S,117.9168,2.20764,12.60779,2.727355,3.861,0,12.46201,0.000003106003,0.00000439574,33.98173,52.17331,5.821307,-32.1419500000029,-32.14195,-0.00001366871,1974.26301994003,1789.35,826.8958,77.61192,65.19736,405694.2,92719.62
121.5068,S,118.0168,2.204388,12.64722,2.736525,3.878241,0,12.46201,0.000003080815,0.000004364885,33.98173,52.16747,5.819438,-32.1419500000029,-32.14195,-0.00001357081,1971.35414094037,1786.14,826.8958,77.61192,65.15816,405873,92802.27
121.6068,S,118.1168,2.201137,12.68675,2.745756,3.89556,0,12.46201,0.000003055896,0.000004334292,33.98173,52.16158,5.817551,-32.1419500000028,-32.14195,-0.00001347377,1968.44619797005,1782.93,826.8958,77.61192,65.11884,406051.4,92884.93
121.7068,S,118.2168,2.197886,12.72641,2.755045,3.912947,0,12.46201,0.000003031258,0.000004303975,33.98173,52.15562,5.815647,-32.1419500000028,-32.14195,-0.00001337765,1965.53919518353,1779.72,826.8958,77.61192,65.07941,406229.5,92967.59
121.8069,S,118.3169,2.194637,12.76618,2.764393,3.930408,0,12.46201,0.000003006866,0.000004273889,33.98173,52.14963,5.813729,-32.1419500000028,-32.14195,-0.0000132823,1962.63313675856,1776.51,826.8958,77.61192,65.03987,406407.3,93050.24
121.9069,S,118.4169,2.191389,12.80608,2.773803,3.947944,0,12.46201,0.00000298275,0.000004244078,33.98173,52.14357,5.811791,-32.1419500000027,-32.14195,-0.00001318787,1959.72802689627,1773.3,826.8958,77.61192,65.0002,406584.8,93132.9
122.0069,S,118.5169,2.188142,12.84609,2.783274,3.965553,0,12.46201,0.000002958905,0.000004214537,33.98173,52.13747,5.809838,-32.1419500000027,-32.14195,-0.00001309432,1956.82386982138,1770.09,826.8958,77.61192,64.96042,406761.9,93215.55
122.1069,S,118.6169,2.184896,12.88621,2.792804,3.983233,0,12.46201,0.000002935295,0.000004185217,33.98173,52.13131,5.807866,-32.1419500000026,-32.14195,-0.00001300152,1953.92066978236,1766.88,826.8958,77.61192,64.92051,406938.8,93298.21
122.2069,S,118.7169,2.181651,12.92646,2.802398,4.000991,0,12.46201,0.000002911939,0.000004156147,33.98173,52.1251,5.805878,-32.1419500000026,-32.14195,-0.00001290954,1951.01843105152,1763.67,826.8958,77.61192,64.88049,407115.3,93380.87
122.307,S,118.817,2.178407,12.96683,2.812053,4.018822,0,12.46201,0.000002888844,0.000004127338,33.98173,52.11884,5.803874,-32.1419600000026,-32.14196,-0.00001281843,1948.11715792525,1760.46,826.8958,77.61192,64.84035,407291.5,93463.52
122.407,S,118.917,2.175164,13.00732,2.821772,4.03673,0,12.46201,0.000002865994,0.000004098769,33.98173,52.11251,5.801849,-32.1419600000025,-32.14196,-0.00001272811,1945.2168547241,1757.25,826.8958,77.61192,64.80009,407467.3,93546.18
122.507,S,119.017,2.171923,13.04793,2.831553,4.054708,0,12.46201,0.000002843397,0.000004070454,33.98173,52.10613,5.799809,-32.1419600000025,-32.14196,-0.00001263864,1942.31752579302,1754.04,826.8958,77.61192,64.7597,407642.9,93628.84
122.607,S,119.117,2.168682,13.08866,2.841398,4.072764,0,12.46201,0.000002821026,0.000004042356,33.98173,52.0997,5.79775,-32.1419600000024,-32.14196,-0.00001254989,1939.41917550145,1750.83,826.8958,77.61192,64.71921,407818.1,93711.49
122.7071,S,119.2171,2.165443,13.12951,2.851306,4.090896,0,12.46201,0.000002798904,0.000004014511,33.98173,52.09321,5.795674,-32.1419600000024,-32.14196,-0.00001246197,1936.52180824352,1747.62,826.8958,77.61192,64.67858,407993,93794.15
122.8071,S,119.3171,2.162204,13.17049,2.86128,4.109103,0,12.46201,0.000002777002,0.000003986876,33.98173,52.08666,5.793579,-32.1419600000024,-32.14196,-0.00001237475,1933.62542843818,1744.41,826.8958,77.61192,64.63783,408167.6,93876.8
122.9071,S,119.4171,2.158967,13.21159,2.871318,4.127382,0,12.46201,0.000002755355,0.000003959504,33.98173,52.08006,5.791467,-32.1419600000023,-32.14196,-0.0000122884,1930.73004052942,1741.2,826.8958,77.61192,64.59695,408341.8,93959.46
123.0071,S,119.5171,2.155731,13.25281,2.881421,4.145739,0,12.46201,0.000002733923,0.000003932341,33.98173,52.07341,5.789337,-32.1419600000023,-32.14196,-0.00001220274,1927.83564898638,1737.99,826.8958,77.61192,64.55596,408515.8,94042.12
123.1071,S,119.6171,2.152496,13.29415,2.891592,4.164176,0,12.46201,0.000002712718,0.000003905405,33.98173,52.06669,5.787189,-32.1419600000023,-32.14196,-0.00001211783,1924.94225830354,1734.78,826.8958,77.61192,64.51485,408689.4,94124.77
123.2072,S,119.7172,2.149262,13.33562,2.901828,4.182684,0,12.46201,0.000002691745,0.000003878704,33.98173,52.05992,5.785021,-32.1419600000022,-32.14196,-0.0000120337,1922.04987300089,1731.57,826.8958,77.61192,64.4736,408862.7,94207.43
123.3072,S,119.8172,2.146029,13.37722,2.912131,4.201272,0,12.46201,0.000002670992,0.000003852225,33.98173,52.05309,5.782835,-32.1419600000022,-32.14196,-0.00001195031,1919.15849762408,1728.36,826.8958,77.61192,64.43224,409035.7,94290.09
123.4072,S,119.9172,2.142797,13.41894,2.922501,4.219934,0,12.46201,0.000002650456,0.00000382596,33.98173,52.0462,5.780632,-32.1419600000022,-32.14196,-0.00001186762,1916.26813674463,1725.15,826.8958,77.61192,64.39075,409208.3,94372.74
123.5072,S,120.0172,2.139567,13.46078,2.932939,4.238673,0,12.46201,0.000002630133,0.000003799911,33.98173,52.03925,5.778407,-32.1419600000022,-32.14196,-0.00001178565,1913.37879496004,1721.94,826.8958,77.61192,64.34914,409380.7,94455.4
123.6072,S,120.1172,2.136338,13.50276,2.943446,4.257492,0,12.46201,0.000002610036,0.000003774096,33.98173,52.03224,5.776165,-32.1419600000021,-32.14196,-0.00001170444,1910.49047689402,1718.73,826.8958,77.61192,64.3074,409552.7,94538.05
123.7073,S,120.2173,2.133109,13.54486,2.954023,4.276387,0,12.46201,0.000002590149,0.00000374849,33.98173,52.02517,5.773902,-32.1419600000021,-32.14196,-0.00001162393,1907.60318719663,1715.52,826.8958,77.61192,64.26553,409724.4,94620.71
123.8073,S,120.3173,2.129882,13.58708,2.964667,4.295357,0,12.46201,0.000002570453,0.000003723072,33.98173,52.01806,5.771626,-32.1419600000021,-32.14196,-0.00001154404,1904.71693054447,1712.31,826.8958,77.61192,64.22353,409895.8,94703.37
123.9073,S,120.4173,2.126656,13.62944,2.975381,4.314404,0,12.46201,0.000002550976,0.000003697879,33.98173,52.01086,5.769324,-32.141960000002,-32.14196,-0.00001146489,1901.83171164084,1709.1,826.8958,77.61192,64.1814,410066.8,94786.02
124.0073,S,120.5173,2.123431,13.67192,2.986167,4.333532,0,12.46201,0.000002531713,0.00000367291,33.98173,52.00362,5.767004,-32.141960000002,-32.14196,-0.00001138648,1898.94753521595,1705.89,826.8958,77.61192,64.13914,410237.6,94868.68
124.1074,S,120.6174,2.120208,13.71453,2.997023,4.352735,0,12.46201,0.000002512636,0.000003648125,33.98173,51.9963,5.764664,-32.141960000002,-32.14196,-0.00001130867,1896.06440602706,1702.68,826.8958,77.61192,64.09676,410408,94951.34
124.2074,S,120.7174,2.116985,13.75728,3.007951,4.37202,0,12.46201,0.000002493769,0.000003623559,33.98173,51.98893,5.762306,-32.141960000002,-32.14196,-0.00001123159,1893.18232885867,1699.47,826.8958,77.61192,64.05425,410578.1,95033.99
124.3074,S,120.8174,2.113764,13.80015,3.018951,4.391381,0,12.46201,0.000002475098,0.000003599192,33.98173,51.9815,5.759927,-32.1419600000019,-32.14196,-0.00001115517,1890.30130852273,1696.26,826.8958,77.61192,64.01161,410747.9,95116.65
124.4074,S,120.9174,2.110544,13.84316,3.030023,4.410819,0,12.46201,0.000002456618,0.000003575019,33.98173,51.974,5.757527,-32.1419600000019,-32.14196,-0.00001107938,1887.42134985878,1693.05,826.8958,77.61192,63.96884,410917.3,95199.3
124.5074,S,121.0174,2.107325,13.88629,3.041168,4.430337,0,12.46201,0.00000243834,0.00000355106,33.98173,51.96645,5.75511,-32.1419600000019,-32.14196,-0.0000110043,1884.54245773417,1689.84,826.8958,77.61192,63.92593,411086.4,95281.96
124.6075,S,121.1175,2.104108,13.92956,3.052387,4.449937,0,12.46201,0.00000242024,0.000003527278,33.98173,51.95882,5.75267,-32.1419600000018,-32.14196,-0.0000109298,1881.66463704421,1686.63,826.8958,77.61192,63.8829,411255.2,95364.62
124.7075,S,121.2175,2.100891,13.97296,3.06368,4.469611,0,12.46201,0.000002402336,0.000003503701,33.98173,51.95113,5.75021,-32.1419600000018,-32.14196,-0.00001085598,1878.78789271241,1683.42,826.8958,77.61192,63.83973,411423.8,95447.27
124.8075,S,121.3175,2.097676,14.0165,3.075048,4.489367,0,12.46201,0.000002384616,0.000003480314,33.98173,51.94338,5.747729,-32.1419600000018,-32.14196,-0.00001078278,1875.91222969059,1680.21,826.8958,77.61192,63.79643,411591.9,95529.93
124.9075,S,121.4175,2.094462,14.06016,3.08649,4.509199,0,12.46201,0.000002367077,0.000003457114,33.98173,51.93556,5.745227,-32.1419600000018,-32.14196,-0.00001071019,1873.03765295915,1677,826.8958,77.61192,63.753,411759.8,95612.59
125.0075,S,121.5175,2.091249,14.10396,3.098009,4.529115,0,12.46201,0.00000234973,0.000003434118,33.98173,51.92768,5.742704,-32.1419600000018,-32.14196,-0.00001063828,1870.16416752721,1673.79,826.8958,77.61192,63.70943,411927.3,95695.24
125.1076,S,121.6176,2.088037,14.1479,3.109604,4.549108,0,12.46201,0.000002332549,0.000003411287,33.98173,51.91973,5.740161,-32.1419600000017,-32.14196,-0.00001056691,1867.2917784328,1670.58,826.8958,77.61192,63.66573,412094.5,95777.9
125.2076,S,121.7176,2.084827,14.19197,3.121275,4.569179,0,12.46201,0.000002315553,0.000003388654,33.98173,51.91172,5.737597,-32.1419600000017,-32.14196,-0.00001049619,1864.4204907431,1667.37,826.8958,77.61192,63.62189,412261.4,95860.55
125.3076,S,121.8176,2.081618,14.23618,3.133023,4.58933,0,12.46201,0.000002298731,0.0000033662,33.98173,51.90363,5.735009,-32.1419600000017,-32.14196,-0.00001042606,1861.55030955458,1664.16,826.8958,77.61192,63.57792,412427.9,95943.21
125.4076,S,121.9176,2.07841,14.28052,3.144849,4.609562,0,12.46201,0.00000228208,0.000003343926,33.98173,51.89548,5.732402,-32.1419600000017,-32.14196,-0.00001035652,1858.68123999322,1660.95,826.8958,77.61192,63.53381,412594.2,96025.87
125.5077,S,122.0177,2.075204,14.325,3.156754,4.629874,0,12.46201,0.000002265609,0.000003321844,33.98173,51.88726,5.729772,-32.1419600000016,-32.14196,-0.00001028761,1855.81328721473,1657.74,826.8958,77.61192,63.48956,412760.1,96108.52
125.6077,S,122.1177,2.071998,14.36962,3.168738,4.650267,0,12.46201,0.000002249296,0.000003299922,33.98173,51.87898,5.727121,-32.1419600000016,-32.14196,-0.00001021923,1852.9464564047,1654.53,826.8958,77.61192,63.44518,412925.7,96191.18
125.7077,S,122.2177,2.068794,14.41438,3.180803,4.670741,0,12.46201,0.000002233159,0.00000327819,33.98173,51.87062,5.724446,-32.1419600000016,-32.14196,-0.00001015147,1850.08075277884,1651.32,826.8958,77.61192,63.40066,413091,96273.84
125.8077,S,122.3177,2.065591,14.45928,3.192947,4.691295,0,12.46201,0.000002217195,0.000003256644,33.98173,51.86221,5.721754,-32.1419600000016,-32.14196,-0.00001008431,1847.21618158318,1648.11,826.8958,77.61192,63.356,413255.9,96356.49
125.9077,S,122.4177,2.06239,14.50431,3.205171,4.711927,0,12.46201,0.000002201382,0.000003235251,33.98173,51.8537,5.719031,-32.1419600000016,-32.14196,-0.00001001766,1844.35274809423,1644.9,826.8958,77.61192,63.3112,413420.5,96439.15
126.0078,S,122.5178,2.059189,14.54949,3.217477,4.732641,0,12.46201,0.00000218574,0.000003214042,33.98173,51.84514,5.716293,-32.1419600000015,-32.14196,-0.00000995162,1841.49045761924,1641.69,826.8958,77.61192,63.26626,413584.8,96521.8
126.1078,S,122.6178,2.05599,14.5948,3.229864,4.753434,0,12.46201,0.000002170244,0.000003192983,33.98173,51.83651,5.713529,-32.1419600000015,-32.14196,-0.00000988607,1838.62931549639,1638.48,826.8958,77.61192,63.22118,413748.8,96604.46
126.2078,S,122.7178,2.052793,14.64026,3.242335,4.774312,0,12.46201,0.000002154915,0.000003172107,33.98173,51.82779,5.71074,-32.1419600000015,-32.14196,-0.000009821116,1835.76932709497,1635.27,826.8958,77.61192,63.17596,413912.5,96687.12
126.3078,S,122.8178,2.049596,14.68586,3.254889,4.795268,0,12.46201,0.000002139751,0.000003151408,33.98173,51.81901,5.707931,-32.1419600000015,-32.14196,-0.000009756741,1832.91049781563,1632.06,826.8958,77.61192,63.13059,414075.8,96769.77
126.4078,S,122.9178,2.046401,14.7316,3.267525,4.816303,0,12.46201,0.000002124729,0.000003130854,33.98173,51.81015,5.705096,-32.1419600000015,-32.14196,-0.000009692844,1830.05283309055,1628.85,826.8958,77.61192,63.08509,414238.9,96852.43
126.5079,S,123.0179,2.043207,14.77748,3.280245,4.837419,0,12.46201,0.000002109867,0.000003110475,33.98173,51.80123,5.70224,-32.1419600000014,-32.14196,-0.000009629521,1827.19633838368,1625.64,826.8958,77.61192,63.03944,414401.6,96935.09
126.6079,S,123.1179,2.040015,14.82351,3.293052,4.85862,0,12.46201,0.000002095145,0.000003090243,33.98173,51.79222,5.699358,-32.1419700000014,-32.14197,-0.000009566677,1824.34101919097,1622.43,826.8958,77.61192,62.99365,414564,97017.74
126.7079,S,123.2179,2.036824,14.86968,3.305942,4.879898,0,12.46201,0.000002080589,0.000003070194,33.98173,51.78315,5.696454,-32.1419700000014,-32.14197,-0.000009504432,1821.48688104052,1619.22,826.8958,77.61192,62.94772,414726,97100.4
126.8079,S,123.3179,2.033634,14.916,3.31892,4.901259,0,12.46201,0.00000206617,0.000003050287,33.98173,51.77399,5.693524,-32.1419700000014,-32.14197,-0.000009442656,1818.63392949289,1616.01,826.8958,77.61192,62.90164,414887.8,97183.05
126.908,S,123.418,2.030445,14.96246,3.331984,4.922703,0,12.46201,0.000002051895,0.000003030535,33.98173,51.76477,5.690573,-32.1419700000014,-32.14197,-0.000009381385,1815.78217014121,1612.8,826.8958,77.61192,62.85541,415049.2,97265.71
127.008,S,123.518,2.027258,15.00907,3.345135,4.944224,0,12.46201,0.000002037771,0.000003010949,33.98173,51.75546,5.687594,-32.1419700000014,-32.14197,-0.000009320654,1812.93160861152,1609.59,826.8958,77.61192,62.80904,415210.3,97348.37
127.108,S,123.618,2.024072,15.05583,3.358372,4.965825,0,12.46201,0.000002023787,0.000002991512,33.98173,51.74607,5.68459,-32.1419700000013,-32.14197,-0.000009260414,1810.08225056287,1606.38,826.8958,77.61192,62.76253,415371.1,97431.02
127.208,S,123.718,2.020888,15.10273,3.3717,4.987514,0,12.46201,0.000002009943,0.000002972228,33.98173,51.73661,5.681564,-32.1419700000013,-32.14197,-0.000009200674,1807.23410168764,1603.17,826.8958,77.61192,62.71586,415531.6,97513.68
127.308,S,123.818,2.017704,15.14978,3.385116,5.009278,0,12.46201,0.000001996236,0.000002953089,33.98173,51.72708,5.678512,-32.1419700000013,-32.14197,-0.000009141409,1804.38716771172,1599.96,826.8958,77.61192,62.66905,415691.7,97596.34
127.4081,S,123.9181,2.014523,15.19698,3.398622,5.031126,0,12.46201,0.000001982665,0.000002934098,33.98173,51.71745,5.675431,-32.1419700000013,-32.14197,-0.000009082628,1801.54145439475,1596.75,826.8958,77.61192,62.62209,415851.5,97678.99
127.5081,S,124.0181,2.011342,15.24433,3.412218,5.053055,0,12.46201,0.000001969238,0.000002915267,33.98173,51.70775,5.672328,-32.1419700000013,-32.14197,-0.000009024366,1798.69696753031,1593.54,826.8958,77.61192,62.57498,416011,97761.65
127.6081,S,124.1181,2.008163,15.29183,3.425905,5.075066,0,12.46201,0.000001955944,0.000002896579,33.98173,51.69797,5.669198,-32.1419700000012,-32.14197,-0.000008966575,1795.85371294622,1590.33,826.8958,77.61192,62.52772,416170.2,97844.3
127.7081,S,124.2181,2.004986,15.33948,3.439682,5.097154,0,12.46201,0.000001942781,0.000002878031,33.98173,51.68811,5.666041,-32.1419700000012,-32.14197,-0.000008909243,1793.01169650472,1587.12,826.8958,77.61192,62.48031,416329.1,97926.96
127.8081,S,124.3181,2.001809,15.38728,3.453554,5.119328,0,12.46201,0.000001929748,0.000002859628,33.98173,51.67816,5.662858,-32.1419700000012,-32.14197,-0.00000885238,1790.17092410271,1583.91,826.8958,77.61192,62.43274,416487.6,98009.62
127.9082,S,124.4182,1.998635,15.43523,3.46769,5.141532,0,12.46201,0.000001916947,0.000002841349,33.98173,51.66813,5.65965,-32.1419700000012,-32.14197,-0.000008796064,1787.33140167198,1580.7,826.8958,77.61192,62.38504,416645.8,98092.27
128.0082,S,124.5182,1.995461,15.48334,3.482283,5.16372,0,12.46201,0.000001904471,0.000002823156,33.98173,51.65802,5.656414,-32.1419700000012,-32.14197,-0.000008740317,1784.49313517949,1577.49,826.8958,77.61192,62.33717,416803.7,98174.93
128.1082,S,124.6182,1.992289,15.5316,3.496969,5.185985,0,12.46201,0.000001892112,0.000002805099,33.98173,51.64782,5.653151,-32.1419700000012,-32.14197,-0.000008685009,1781.65613062755,1574.28,826.8958,77.61192,62.28915,416961.3,98257.59
128.2082,S,124.7182,1.989118,15.58001,3.511749,5.208332,0,12.46201,0.000001879872,0.00000278718,33.98173,51.63754,5.649861,-32.1419700000012,-32.14197,-0.000008630142,1778.82039405409,1571.07,826.8958,77.61192,62.24098,417118.5,98340.24
128.3082,S,124.8183,1.985949,15.62858,3.526622,5.230755,0,12.46201,0.000001867746,0.000002769394,33.98173,51.62717,5.646543,-32.1419700000011,-32.14197,-0.000008575703,1775.98593153289,1567.86,826.8958,77.61192,62.19265,417275.5,98422.9
128.4083,S,124.9183,1.982782,15.6773,3.541028,5.253542,0,12.46201,0.00000185545,0.000002751905,33.98173,51.61698,5.643281,-32.1419700000011,-32.14197,-0.000008521724,1773.15274917384,1564.65,826.8958,77.61192,62.14417,417432.1,98505.55
128.5083,S,125.0183,1.979615,15.72618,3.555135,5.276623,0,12.46201,0.00000184306,0.000002734643,33.98173,51.60693,5.640065,-32.1419700000011,-32.14197,-0.000008468133,1770.32085312317,1561.44,826.8958,77.61192,62.09553,417588.4,98588.21
128.6083,S,125.1183,1.97645,15.77521,3.569348,5.299808,0,12.46201,0.000001830807,0.000002717532,33.98173,51.59685,5.636838,-32.1419700000011,-32.14197,-0.000008415035,1767.4902495637,1558.23,826.8958,77.61192,62.04674,417744.3,98670.87
128.7083,S,125.2183,1.973287,15.8244,3.583668,5.323099,0,12.46201,0.000001818689,0.000002700573,33.98173,51.58673,5.633601,-32.1419700000011,-32.14197,-0.000008362433,1764.66094471508,1555.02,826.8958,77.61192,61.99779,417900,98753.52
128.8083,S,125.3184,1.970125,15.87375,3.598097,5.346497,0,12.46201,0.000001806687,0.000002683738,33.98173,51.57658,5.630353,-32.1419700000011,-32.14197,-0.000008310237,1761.83294483408,1551.81,826.8958,77.61192,61.94868,418055.3,98836.18
128.9084,S,125.4184,1.966964,15.92326,3.612632,5.369997,0,12.46201,0.000001794817,0.000002667048,33.98173,51.56641,5.627099,-32.1419700000011,-32.14197,-0.000008258517,1759.00625621478,1548.6,826.8958,77.61192,61.89941,418210.3,98918.84
129.0084,S,125.5184,1.963805,15.97293,3.627279,5.393607,0,12.46201,0.000001783061,0.000002650482,33.98173,51.55619,5.623828,-32.141970000001,-32.14197,-0.000008207201,1756.18088518886,1545.39,826.8958,77.61192,61.84999,418365,99001.49
129.1084,S,125.6184,1.960648,16.02276,3.642036,5.417323,0,12.46201,0.000001771434,0.000002634059,33.98173,51.54594,5.620549,-32.141970000001,-32.14197,-0.000008156357,1753.35683812587,1542.18,826.8958,77.61192,61.8004,418519.4,99084.15
129.2084,S,125.7184,1.957492,16.07275,3.656905,5.441147,0,12.46201,0.000001759935,0.000002617782,33.98173,51.53568,5.617263,-32.141970000001,-32.14197,-0.000008105981,1750.53412143344,1538.97,826.8958,77.61192,61.75066,418673.4,99166.8
129.3085,S,125.8185,1.954337,16.1229,3.671886,5.46508,0,12.46201,0.000001748546,0.000002601621,33.98173,51.52536,5.613962,-32.141970000001,-32.14197,-0.000008055994,1747.71274155759,1535.76,826.8958,77.61192,61.70074,418827.1,99249.46
129.4085,S,125.9185,1.951184,16.17321,3.68698,5.48912,0,12.46201,0.000001737281,0.000002585602,33.98173,51.51503,5.610657,-32.141970000001,-32.14197,-0.000008006464,1744.89270498296,1532.55,826.8958,77.61192,61.65067,418980.5,99332.12
129.5085,S,126.0185,1.948032,16.22369,3.70219,5.51327,0,12.46201,0.000001726132,0.00000256971,33.98173,51.50466,5.607337,-32.141970000001,-32.14197,-0.000007957352,1742.07401823308,1529.34,826.8958,77.61192,61.60044,419133.6,99414.77
129.6085,S,126.1185,1.944882,16.27433,3.717515,5.537532,0,12.46201,0.000001715098,0.000002553946,33.98173,51.49425,5.604008,-32.141970000001,-32.14197,-0.000007908656,1739.25668787064,1526.13,826.8958,77.61192,61.55005,419286.3,99497.43
129.7085,S,126.2186,1.941734,16.32513,3.732956,5.561902,0,12.46201,0.000001704176,0.000002538306,33.98173,51.48381,5.600668,-32.141970000001,-32.14197,-0.000007860367,1736.44072049775,1522.92,826.8958,77.61192,61.49949,419438.8,99580.09
129.8086,S,126.3186,1.938587,16.3761,3.748513,5.58638,0,12.46201,0.000001693373,0.000002522802,33.98173,51.47334,5.597317,-32.1419700000009,-32.14197,-0.000007812518,1733.62612275621,1519.71,826.8958,77.61192,61.44876,419590.9,99662.74
129.9086,S,126.4186,1.935441,16.42723,3.764189,5.610972,0,12.46201,0.000001682681,0.000002507422,33.98173,51.46285,5.59396,-32.1419700000009,-32.14197,-0.000007765075,1730.81290132779,1516.5,826.8958,77.61192,61.39787,419742.7,99745.4
130.0086,S,126.5186,1.932298,16.47853,3.779984,5.635677,0,12.46201,0.000001672098,0.000002492164,33.98173,51.45231,5.590587,-32.1419700000009,-32.14197,-0.00000771803,1728.00106293449,1513.29,826.8958,77.61192,61.34681,419894.2,99828.05
130.1086,S,126.6186,1.929155,16.53,3.795899,5.66049,0,12.46201,0.000001661623,0.000002477025,33.98173,51.44176,5.587211,-32.1419700000009,-32.14197,-0.000007671376,1725.19061433881,1510.08,826.8958,77.61192,61.29559,420045.3,99910.71
130.2086,S,126.7187,1.926014,16.58163,3.811937,5.685421,0,12.46201,0.000001651255,0.000002462008,33.98173,51.43116,5.583818,-32.1419700000009,-32.14197,-0.000007625116,1722.38156234405,1506.87,826.8958,77.61192,61.24419,420196.2,99993.37
130.3087,S,126.8187,1.922875,16.63344,3.828095,5.710461,0,12.46201,0.000001641,0.00000244712,33.98173,51.42054,5.58042,-32.1419700000009,-32.14197,-0.000007579277,1719.57391379456,1503.66,826.8958,77.61192,61.19263,420346.7,100076
130.4087,S,126.9187,1.919737,16.68541,3.844377,5.735616,0,12.46201,0.000001630849,0.000002432349,33.98173,51.40988,5.577009,-32.1419700000009,-32.14197,-0.000007533821,1716.76767557603,1500.45,826.8958,77.61192,61.1409,420496.8,100158.7
130.5087,S,127.0187,1.916601,16.73755,3.860783,5.760887,0,12.46201,0.000001620794,0.000002417684,33.98173,51.3992,5.57359,-32.1419700000009,-32.14197,-0.000007488711,1713.9628546158,1497.24,826.8958,77.61192,61.08901,420646.7,100241.3
130.6087,S,127.1187,1.913467,16.78987,3.877316,5.786273,0,12.46201,0.000001610856,0.000002403157,33.98173,51.38847,5.570158,-32.1419700000009,-32.14197,-0.000007444046,1711.15945788309,1494.03,826.8958,77.61192,61.03693,420796.3,100324
130.7088,S,127.2188,1.910334,16.84236,3.893973,5.811771,0,12.46201,0.000001601011,0.000002388733,33.98173,51.37772,5.566718,-32.1419700000009,-32.14197,-0.000007399718,1708.35749238932,1490.82,826.8958,77.61192,60.98469,420945.5,100406.6
130.8088,S,127.3188,1.907203,16.89501,3.910759,5.837389,0,12.46201,0.000001591274,0.000002374434,33.98173,51.36694,5.563268,-32.1419700000008,-32.14197,-0.000007355797,1705.55696518842,1487.61,826.8958,77.61192,60.93227,421094.4,100489.3
130.9088,S,127.4188,1.904073,16.94785,3.927673,5.863122,0,12.46201,0.000001581628,0.000002360235,33.98173,51.35613,5.559808,-32.1419700000008,-32.14197,-0.000007312204,1702.75788337706,1484.4,826.8958,77.61192,60.87969,421243,100572
131.0088,S,127.5188,1.900945,17.00085,3.944717,5.888971,0,12.46201,0.000001572095,0.00000234617,33.98173,51.34528,5.556338,-32.1419700000008,-32.14197,-0.000007269044,1699.960254095,1481.19,826.8958,77.61192,60.82693,421391.2,100654.6
131.1088,S,127.6189,1.897819,17.05403,3.96189,5.914937,0,12.46201,0.00000156265,0.000002332204,33.98173,51.33441,5.552858,-32.1419800000008,-32.14198,-0.000007226204,1697.16408452534,1477.98,826.8958,77.61192,60.77399,421539.2,100737.3
131.2089,S,127.7189,1.894694,17.10739,3.979198,5.941024,0,12.46201,0.000001553302,0.000002318348,33.98173,51.3235,5.549368,-32.1419800000008,-32.14198,-0.000007183725,1694.36938189485,1474.77,826.8958,77.61192,60.72088,421686.8,100819.9
131.3089,S,127.8189,1.891571,17.16092,3.996636,5.967227,0,12.46201,0.000001544056,0.00000230461,33.98173,51.31256,5.545868,-32.1419800000008,-32.14198,-0.000007141629,1691.57615347425,1471.56,826.8958,77.61192,60.66759,421834.1,100902.6
131.4089,S,127.9189,1.888449,17.21463,4.01421,5.99355,0,12.46201,0.000001534902,0.00000229098,33.98173,51.30159,5.542357,-32.1419800000008,-32.14198,-0.000007099883,1688.78440657851,1468.35,826.8958,77.61192,60.61412,421981.1,100985.2
131.5089,S,128.0189,1.885329,17.26852,4.031919,6.019994,0,12.46201,0.000001525842,0.000002277456,33.98173,51.2906,5.538838,-32.1419800000008,-32.14198,-0.000007058482,1685.99414856717,1465.14,826.8958,77.61192,60.56049,422127.8,101067.9
131.6089,S,128.1189,1.882211,17.32258,4.049763,6.046556,0,12.46201,0.000001516872,0.000002264037,33.98173,51.27957,5.535309,-32.1419800000008,-32.14198,-0.000007017423,1683.20538684462,1461.93,826.8958,77.61192,60.50666,422274.1,101150.6
131.7088,S,128.2188,1.879095,17.37683,4.067745,6.073239,0,12.46201,0.000001508,0.000002250733,33.98173,51.26851,5.53177,-32.1419800000008,-32.14198,-0.000006976736,1680.41812886041,1458.72,826.8958,77.61192,60.45266,422420.1,101233.2
131.8087,S,128.3188,1.87598,17.43125,4.085866,6.100045,0,12.46201,0.000001499218,0.000002237533,33.98173,51.25742,5.52822,-32.1419800000008,-32.14198,-0.000006936386,1677.6323821096,1455.51,826.8958,77.61192,60.39848,422565.8,101315.9
131.9087,S,128.4187,1.872867,17.48586,4.104128,6.126974,0,12.46201,0.000001490517,0.000002224425,33.98173,51.24629,5.524661,-32.1419800000007,-32.14198,-0.000006896337,1674.84815413301,1452.3,826.8958,77.61192,60.34412,422711.2,101398.5
132.0086,S,128.5186,1.869756,17.54065,4.122528,6.154019,0,12.46201,0.00000148191,0.000002211428,33.98173,51.23514,5.521091,-32.1419800000007,-32.14198,-0.000006856646,1672.06545251755,1449.09,826.8958,77.61192,60.28957,422856.2,101481.2
132.1086,S,128.6186,1.866646,17.59562,4.141072,6.181192,0,12.46201,0.000001473398,0.000002198542,33.98173,51.22396,5.517513,-32.1419800000007,-32.14198,-0.000006817317,1669.28428489659,1445.88,826.8958,77.61192,60.23485,423001,101563.8
132.2085,S,128.7185,1.863538,17.65077,4.159761,6.208491,0,12.46201,0.000001464965,0.000002185747,33.98173,51.21274,5.513923,-32.1419800000007,-32.14198,-0.000006778284,1666.5046589502,1442.67,826.8958,77.61192,60.17994,423145.4,101646.5
132.3085,S,128.8185,1.860432,17.70611,4.178594,6.23591,0,12.46201,0.000001456622,0.00000217306,33.98173,51.20149,5.510324,-32.1419800000007,-32.14198,-0.0000067396,1663.72658240552,1439.46,826.8958,77.61192,60.12484,423289.5,101729.1
132.4084,S,128.9184,1.857327,17.76163,4.197571,6.263454,0,12.46201,0.000001448364,0.000002160471,33.98173,51.19022,5.506718,-32.1419800000007,-32.14198,-0.000006701232,1660.95006303704,1436.25,826.8958,77.61192,60.06957,423433.3,101811.8
132.5084,S,129.0184,1.854225,17.81734,4.216697,6.291124,0,12.46201,0.000001440189,0.000002147979,33.98173,51.17891,5.503098,-32.1419800000007,-32.14198,-0.00000666318,1658.17510866698,1433.04,826.8958,77.61192,60.0141,423576.7,101894.5
132.6083,S,129.1183,1.851124,17.87324,4.23597,6.318918,0,12.46201,0.000001432102,0.000002135592,33.98173,51.16758,5.499473,-32.1419800000007,-32.14198,-0.00000662547,1655.40172716556,1429.83,826.8958,77.61192,59.95845,423719.8,101977.1
132.7083,S,129.2183,1.848025,17.92932,4.255394,6.346839,0,12.46201,0.00000142409,0.000002123292,33.98173,51.15621,5.495835,-32.1419800000007,-32.14198,-0.000006588041,1652.62992645139,1426.62,826.8958,77.61192,59.90261,423862.7,102059.8
132.8082,S,129.3182,1.844927,17.98559,4.27497,6.37489,0,12.46201,0.000001416166,0.000002111097,33.98173,51.14481,5.492188,-32.1419800000007,-32.14198,-0.000006550952,1649.85971449173,1423.41,826.8958,77.61192,59.84658,424005.1,102142.4
132.9081,S,129.4182,1.841832,18.04205,4.294695,6.403063,0,12.46201,0.00000140832,0.000002098993,33.98173,51.13339,5.488532,-32.1419800000007,-32.14198,-0.000006514159,1647.09109930287,1420.2,826.8958,77.61192,59.79037,424147.3,102225.1
133.0081,S,129.5181,1.838738,18.09871,4.314577,6.431369,0,12.46201,0.000001400554,0.000002086984,33.98173,51.12193,5.484866,-32.1419800000006,-32.14198,-0.000006477673,1644.32408895045,1416.99,826.8958,77.61192,59.73396,424289.1,102307.7
133.108,S,129.618,1.835646,18.15555,4.334611,6.4598,0,12.46201,0.000001392872,0.000002075075,33.98173,51.11044,5.481189,-32.1419800000006,-32.14198,-0.000006441513,1641.55869154981,1413.78,826.8958,77.61192,59.67736,424430.7,102390.4
133.208,S,129.718,1.832556,18.21258,4.354804,6.488361,0,12.46201,0.00000138526,0.000002063248,33.98173,51.09893,5.477505,-32.1419800000006,-32.14198,-0.000006405616,1638.79491526632,1410.57,826.8958,77.61192,59.62057,424571.8,102473.1
133.3079,S,129.8179,1.829467,18.26981,4.375154,6.517052,0,12.46201,0.000001377732,0.000002051521,33.98173,51.08738,5.473809,-32.1419800000006,-32.14198,-0.000006370047,1636.0327683157,1407.36,826.8958,77.61192,59.56359,424712.7,102555.7
133.4079,S,129.9179,1.826381,18.32723,4.395662,6.545872,0,12.46201,0.000001370285,0.000002039893,33.98173,51.07581,5.470106,-32.1419800000006,-32.14198,-0.000006334795,1633.27225896442,1404.15,826.8958,77.61192,59.50642,424853.3,102638.4
133.5078,S,130.0178,1.823296,18.38484,4.41633,6.574823,0,12.46201,0.000001362906,0.000002028344,33.98173,51.06421,5.466393,-32.1419800000006,-32.14198,-0.000006299799,1630.51339552999,1400.94,826.8958,77.61192,59.44904,424993.5,102721
133.6078,S,130.1178,1.820213,18.44265,4.43716,6.603904,0,12.46201,0.000001355602,0.000002016883,33.98173,51.05257,5.46267,-32.1419800000006,-32.14198,-0.000006265088,1627.75618638134,1397.73,826.8958,77.61192,59.39148,425133.4,102803.7
133.7077,S,130.2177,1.817132,18.50066,4.458155,6.63312,0,12.46201,0.000001348377,0.000002005519,33.98173,51.0409,5.458937,-32.1419800000006,-32.14198,-0.000006230692,1625.00063993918,1394.52,826.8958,77.61192,59.33372,425273,102886.3
133.8076,S,130.3177,1.814053,18.55886,4.479313,6.662467,0,12.46201,0.000001341224,0.00000199424,33.98173,51.02921,5.455195,-32.1419800000006,-32.14198,-0.000006196574,1622.2467646763,1391.31,826.8958,77.61192,59.27576,425412.3,102969
133.9076,S,130.4176,1.810976,18.61726,4.500637,6.691945,0,12.46201,0.000001334142,0.000001983047,33.98173,51.01749,5.451443,-32.1419800000006,-32.14198,-0.000006162729,1619.49456911801,1388.1,826.8958,77.61192,59.2176,425551.3,103051.6
134.0075,S,130.5175,1.8079,18.67586,4.522129,6.721558,0,12.46201,0.000001327132,0.000001971939,33.98173,51.00574,5.447683,-32.1419800000006,-32.14198,-0.000006129164,1616.74406184242,1384.89,826.8958,77.61192,59.15924,425689.9,103134.3
134.1075,S,130.6175,1.804827,18.73466,4.543789,6.751305,0,12.46201,0.000001320198,0.000001960924,33.98173,50.99396,5.443913,-32.1419800000006,-32.14198,-0.000006095897,1613.99525148085,1381.68,826.8958,77.61192,59.10069,425828.2,103217
134.2074,S,130.7174,1.801755,18.79366,4.56562,6.781186,0,12.46201,0.000001313334,0.000001949993,33.98173,50.98214,5.440133,-32.1419800000006,-32.14198,-0.000006062902,1611.24814671817,1378.47,826.8958,77.61192,59.04194,425966.2,103299.6
134.3074,S,130.8174,1.798686,18.85286,4.587622,6.811202,0,12.46201,0.000001306538,0.000001939143,33.98173,50.9703,5.436344,-32.1419800000006,-32.14198,-0.000006030173,1608.50275629317,1375.26,826.8958,77.61192,58.98298,426103.9,103382.3
134.4073,S,130.9173,1.795618,18.91226,4.609798,6.841353,0,12.46201,0.00000129981,0.000001928375,33.98173,50.95844,5.432548,-32.1419800000006,-32.14198,-0.000005997707,1605.75908899895,1372.05,826.8958,77.61192,58.92382,426241.2,103464.9
134.5073,S,131.0173,1.792552,18.97187,4.632149,6.871641,0,12.46201,0.00000129315,0.000001917689,33.98173,50.94654,5.428741,-32.1419800000006,-32.14198,-0.000005965506,1603.01715368325,1368.84,826.8958,77.61192,58.86446,426378.2,103547.6
134.6072,S,131.1172,1.789488,19.03168,4.654675,6.902064,0,12.46201,0.000001286561,0.000001907091,33.98173,50.93462,5.424924,-32.1419800000005,-32.14198,-0.00000593359,1600.27695924885,1365.63,826.8958,77.61192,58.80488,426515,103630.2
134.7072,S,131.2172,1.786426,19.0917,4.677382,6.932628,0,12.46201,0.00000128004,0.000001896574,33.98173,50.92266,5.421099,-32.1419800000005,-32.14198,-0.000005901938,1597.53851465395,1362.42,826.8958,77.61192,58.74511,426651.3,103712.9
134.8071,S,131.3171,1.783366,19.15192,4.700266,6.963327,0,12.46201,0.000001273584,0.000001886135,33.98173,50.91068,5.417265,-32.1419800000005,-32.14198,-0.000005870537,1594.80182891253,1359.21,826.8958,77.61192,58.68513,426787.4,103795.6
134.907,S,131.4171,1.780308,19.21235,4.723331,6.994164,0,12.46201,0.000001267192,0.000001875774,33.98173,50.89867,5.413422,-32.1419800000005,-32.14198,-0.00000583939,1592.06691109474,1356,826.8958,77.61192,58.62495,426923.2,103878.2
135.007,S,131.517,1.777252,19.27298,4.74658,7.025142,0,12.46201,0.000001260864,0.000001865491,33.98173,50.88663,5.409569,-32.1419800000005,-32.14198,-0.000005808493,1589.33377032728,1352.79,826.8958,77.61192,58.56455,427058.6,103960.9
135.1069,S,131.6169,1.774198,19.33383,4.77001,7.056255,0,12.46201,0.000001254605,0.000001855293,33.98173,50.87456,5.405707,-32.1419800000005,-32.14198,-0.000005777872,1586.6024157938,1349.58,826.8958,77.61192,58.50394,427193.7,104043.5
135.2069,S,131.7169,1.771146,19.39489,4.793629,7.087512,0,12.46201,0.000001248409,0.000001845171,33.98173,50.86246,5.401836,-32.1419800000005,-32.14198,-0.000005747499,1583.87285673527,1346.37,826.8958,77.61192,58.44313,427328.5,104126.2
135.3068,S,131.8168,1.768097,19.45615,4.817433,7.118908,0,12.46201,0.000001242275,0.000001835125,33.98173,50.85034,5.397956,-32.1419800000005,-32.14198,-0.00000571737,1581.14510245035,1343.16,826.8958,77.61192,58.38211,427462.9,104208.8
135.4068,S,131.9168,1.765049,19.51763,4.841429,7.150448,0,12.46201,0.000001236203,0.000001825154,33.98173,50.83819,5.394067,-32.1419800000005,-32.14198,-0.000005687484,1578.41916229585,1339.95,826.8958,77.61192,58.32087,427597.1,104291.5
135.5067,S,132.0167,1.762003,19.57932,4.865614,7.182127,0,12.46201,0.000001230197,0.000001815265,33.98173,50.82601,5.39017,-32.1419800000005,-32.14198,-0.000005657862,1575.69504568706,1336.74,826.8958,77.61192,58.25942,427730.9,104374.1
135.6067,S,132.1167,1.758959,19.64123,4.889992,7.213949,0,12.46201,0.000001224246,0.000001805441,33.98173,50.8138,5.386263,-32.1419800000005,-32.14198,-0.000005628455,1572.97276209817,1333.53,826.8958,77.61192,58.19776,427864.4,104456.8
135.7066,S,132.2166,1.755917,19.70335,4.914564,7.245912,0,12.46201,0.00000121836,0.000001795698,33.98173,50.80156,5.382348,-32.1419800000005,-32.14198,-0.000005599309,1570.25232106268,1330.32,826.8958,77.61192,58.13588,427997.6,104539.5
135.8065,S,132.3166,1.752877,19.76568,4.93933,7.278017,0,12.46201,0.000001212533,0.000001786027,33.98173,50.7893,5.378424,-32.1419800000005,-32.14198,-0.000005570394,1567.5337321738,1327.11,826.8958,77.61192,58.07379,428130.4,104622.1
135.9065,S,132.4165,1.74984,19.82823,4.964295,7.31027,0,12.46201,0.000001206771,0.000001776437,33.98173,50.77701,5.37449,-32.1419800000005,-32.14198,-0.000005541741,1564.81700508486,1323.9,826.8958,77.61192,58.01148,428263,104704.8
136.0064,S,132.5164,1.746804,19.891,4.989459,7.342663,0,12.46201,0.00000120106,0.000001766908,33.98173,50.76469,5.370549,-32.1419900000005,-32.14199,-0.000005513288,1562.10214950967,1320.69,826.8958,77.61192,57.94895,428395.2,104787.4
136.1064,S,132.6164,1.743771,19.95399,5.014822,7.375202,0,12.46201,0.000001195412,0.000001757458,33.98173,50.75235,5.366599,-32.1419900000005,-32.14199,-0.000005485089,1559.38917522302,1317.48,826.8958,77.61192,57.8862,428527.1,104870.1
136.2063,S,132.7163,1.740739,20.01719,5.040391,7.407887,0,12.46201,0.000001189821,0.000001748078,33.98173,50.73998,5.36264,-32.1419900000005,-32.14199,-0.000005457117,1556.67809206102,1314.27,826.8958,77.61192,57.82323,428658.7,104952.7
136.3063,S,132.8163,1.73771,20.08062,5.066162,7.440718,0,12.46201,0.000001184287,0.000001738766,33.98173,50.72758,5.358673,-32.1419900000005,-32.14199,-0.000005429369,1553.96890992154,1311.06,826.8958,77.61192,57.76005,428789.9,105035.4
136.4062,S,132.9162,1.734683,20.14427,5.092141,7.473695,0,12.46201,0.000001178808,0.000001729523,33.98173,50.71515,5.354696,-32.1419900000005,-32.14199,-0.000005401842,1551.26163876463,1307.85,826.8958,77.61192,57.69664,428920.8,105118.1
136.5062,S,133.0162,1.731658,20.20814,5.118329,7.50682,0,12.46201,0.00000117339,0.000001720356,33.98173,50.70269,5.350709,-32.1419900000004,-32.14199,-0.000005374562,1548.55628861296,1304.64,826.8958,77.61192,57.63301,429051.4,105200.7
136.6061,S,133.1161,1.728635,20.27223,5.144726,7.540093,0,12.46201,0.000001168027,0.000001711257,33.98173,50.69021,5.346715,-32.1419900000004,-32.14199,-0.0000053475,1545.85286955219,1301.43,826.8958,77.61192,57.56915,429181.7,105283.4
136.7061,S,133.2161,1.725615,20.33655,5.171332,7.57351,0,12.46201,0.000001162716,0.000001702223,33.98173,50.6777,5.342712,-32.1419900000004,-32.14199,-0.000005320649,1543.15139173146,1298.22,826.8958,77.61192,57.50507,429311.7,105366
136.806,S,133.316,1.722596,20.40109,5.196774,7.603365,0,12.46201,0.000001157153,0.00000169243,33.98173,50.6709,5.340535,-32.1419900000004,-32.14199,-0.00000529179,1540.45186536378,1295.01,826.8958,77.61192,57.44077,429441.3,105448.7
136.9059,S,133.416,1.71958,20.46586,5.222812,7.634413,0,12.46201,0.000001151732,0.000001682947,33.98173,50.6624,5.337816,-32.1419900000004,-32.14199,-0.000005263805,1537.75430072646,1291.8,826.8958,77.61192,57.37623,429570.7,105531.3
137.0059,S,133.5159,1.716566,20.53086,5.249045,7.665574,0,12.46201,0.000001146369,0.000001673541,33.98173,50.6539,5.335094,-32.1419900000004,-32.14199,-0.00000523606,1535.05870816159,1288.59,826.8958,77.61192,57.31147,429699.7,105614
137.1058,S,133.6158,1.713554,20.59609,5.275478,7.696848,0,12.46201,0.000001141058,0.000001664202,33.98173,50.64537,5.332367,-32.1419900000004,-32.14199,-0.000005208534,1532.36509807641,1285.38,826.8958,77.61192,57.24648,429828.3,105696.6
137.2058,S,133.7158,1.710545,20.66155,5.302113,7.728239,0,12.46201,0.000001135798,0.000001654931,33.98173,50.63684,5.329638,-32.1419900000004,-32.14199,-0.000005181223,1529.6734809438,1282.17,826.8958,77.61192,57.18126,429956.7,105779.3
137.3057,S,133.8157,1.707537,20.72724,5.328947,7.759741,0,12.46201,0.000001130594,0.000001645734,33.98173,50.6283,5.326903,-32.1419900000004,-32.14199,-0.000005154148,1526.98386730271,1278.96,826.8958,77.61192,57.11581,430084.7,105862
137.4057,S,133.9157,1.704532,20.79315,5.355987,7.791359,0,12.46201,0.000001125435,0.000001636594,33.98173,50.61974,5.324164,-32.1419900000004,-32.14199,-0.00000512726,1524.29626775858,1275.75,826.8958,77.61192,57.05013,430212.4,105944.6
137.5056,S,134.0156,1.70153,20.8593,5.383231,7.823092,0,12.46201,0.000001120331,0.000001627529,33.98173,50.61116,5.321418,-32.1419900000004,-32.14199,-0.000005100606,1521.61069298383,1272.54,826.8958,77.61192,56.98421,430339.8,106027.3
137.6056,S,134.1156,1.698529,20.92569,5.410683,7.854938,0,12.46201,0.000001115277,0.000001618527,33.98173,50.60258,5.318672,-32.1419900000004,-32.14199,-0.000005074158,1518.92715371829,1269.33,826.8958,77.61192,56.91806,430466.9,106109.9
137.7055,S,134.2155,1.695531,20.99231,5.438344,7.8869,0,12.46201,0.000001110271,0.00000160959,33.98173,50.59398,5.31592,-32.1419900000004,-32.14199,-0.000005047915,1516.24566076963,1266.12,826.8958,77.61192,56.85167,430593.7,106192.6
137.8055,S,134.3155,1.692535,21.05917,5.466214,7.918976,0,12.46201,0.000001105314,0.000001600716,33.98173,50.58537,5.313165,-32.1419900000004,-32.14199,-0.000005021877,1513.56622501387,1262.91,826.8958,77.61192,56.78505,430720.1,106275.2
137.9054,S,134.4154,1.689541,21.12626,5.494298,7.951168,0,12.46201,0.00000110041,0.000001591913,33.98173,50.57674,5.310405,-32.1419900000004,-32.14199,-0.000004996064,1510.88885739578,1259.7,826.8958,77.61192,56.71819,430846.2,106357.9
138.0053,S,134.5154,1.68655,21.19359,5.522593,7.983473,0,12.46201,0.000001095553,0.000001583173,33.98173,50.56811,5.307643,-32.1419900000004,-32.14199,-0.000004970451,1508.21356892939,1256.49,826.8958,77.61192,56.6511,430972,106440.6
138.1053,S,134.6153,1.683561,21.26116,5.551108,8.015898,0,12.46201,0.000001090744,0.000001574495,33.98173,50.55946,5.304874,-32.1419900000004,-32.14199,-0.000004945039,1505.54037069842,1253.28,826.8958,77.61192,56.58376,431097.5,106523.2
138.2052,S,134.7152,1.680574,21.32898,5.579839,8.048435,0,12.46201,0.000001085981,0.000001565877,33.98173,50.5508,5.302104,-32.1419900000004,-32.14199,-0.000004919821,1502.86927385676,1250.07,826.8958,77.61192,56.51618,431222.6,106605.9
138.3052,S,134.8152,1.67759,21.39703,5.608788,8.081088,0,12.46201,0.000001081264,0.000001557321,33.98173,50.54213,5.299327,-32.1419900000004,-32.14199,-0.000004894799,1500.20028962893,1246.86,826.8958,77.61192,56.44836,431347.5,106688.5
138.4051,S,134.9151,1.674608,21.46532,5.637959,8.113858,0,12.46201,0.000001076598,0.000001548833,33.98173,50.53344,5.296548,-32.1419900000004,-32.14199,-0.000004869996,1497.53342931059,1243.65,826.8958,77.61192,56.38029,431472,106771.2
138.5051,S,135.0151,1.671629,21.53386,5.667353,8.146742,0,12.46201,0.000001071972,0.000001540396,33.98173,50.52475,5.293766,-32.1419900000004,-32.14199,-0.000004845359,1494.86870426895,1240.44,826.8958,77.61192,56.31199,431596.2,106853.8
138.605,S,135.115,1.668651,21.60264,5.69697,8.17974,0,12.46201,0.000001067396,0.000001532026,33.98173,50.51603,5.290978,-32.1419900000004,-32.14199,-0.000004820934,1492.20612594331,1237.23,826.8958,77.61192,56.24343,431720,106936.5
138.705,S,135.215,1.665677,21.67167,5.726814,8.212856,0,12.46201,0.00000106287,0.000001523723,33.98173,50.50731,5.288187,-32.1419900000004,-32.14199,-0.000004796723,1489.54570584549,1234.02,826.8958,77.61192,56.17463,431843.6,107019.1
138.8049,S,135.3149,1.662704,21.74095,5.756887,8.246089,0,12.46201,0.000001058382,0.00000151547,33.98173,50.49858,5.285394,-32.1419900000004,-32.14199,-0.000004772675,1486.88745556035,1230.81,826.8958,77.61192,56.10559,431966.8,107101.8
138.9048,S,135.4149,1.659735,21.81047,5.78719,8.279435,0,12.46201,0.000001053943,0.000001507282,33.98173,50.48984,5.282597,-32.1419900000004,-32.14199,-0.000004748835,1484.23138674626,1227.6,826.8958,77.61192,56.03629,432089.7,107184.5
139.0048,S,135.5148,1.656767,21.88025,5.817725,8.312899,0,12.46201,0.000001049542,0.000001499145,33.98173,50.48108,5.279794,-32.1419900000004,-32.14199,-0.000004725156,1481.57751113559,1224.39,826.8958,77.61192,55.96675,432212.3,107267.1
139.1047,S,135.6147,1.653802,21.95027,5.848495,8.346479,0,12.46201,0.000001045194,0.000001491078,33.98173,50.47232,5.276989,-32.1419900000003,-32.14199,-0.000004701705,1478.9258405352,1221.18,826.8958,77.61192,55.89695,432334.6,107349.8
139.2047,S,135.7147,1.65084,22.02054,5.879501,8.380177,0,12.46201,0.000001040883,0.000001483061,33.98173,50.46354,5.274179,-32.1419900000003,-32.14199,-0.000004678412,1476.27638682692,1217.97,826.8958,77.61192,55.8269,432456.5,107432.4
139.3046,S,135.8146,1.64788,22.09107,5.910745,8.413988,0,12.46201,0.000001036615,0.000001475099,33.98173,50.45475,5.271366,-32.1419900000003,-32.14199,-0.000004655299,1473.62916196808,1214.76,826.8958,77.61192,55.7566,432578.1,107515.1
139.4046,S,135.9146,1.644922,22.16185,5.94223,8.447918,0,12.46201,0.000001032393,0.0000014672,33.98173,50.44595,5.26855,-32.1419900000003,-32.14199,-0.000004632386,1470.98417799198,1211.55,826.8958,77.61192,55.68605,432699.4,107597.7
139.5045,S,136.0145,1.641967,22.23289,5.973954,8.481959,0,12.46201,0.000001028212,0.000001459354,33.98173,50.43713,5.26573,-32.1419900000003,-32.14199,-0.000004609647,1468.3414470084,1208.34,826.8958,77.61192,55.61523,432820.4,107680.4
139.6045,S,136.1145,1.639015,22.30418,6.005923,8.516122,0,12.46201,0.000001024072,0.000001451564,33.98173,50.42831,5.262907,-32.1419900000003,-32.14199,-0.000004587084,1465.70098120413,1205.13,826.8958,77.61192,55.54417,432941.1,107763.1
139.7044,S,136.2144,1.636065,22.37573,6.038139,8.550398,0,12.46201,0.000001019973,0.000001443827,33.98173,50.41947,5.260078,-32.1419900000003,-32.14199,-0.000004564694,1463.0627928434,1201.92,826.8958,77.61192,55.47284,433061.4,107845.7
139.8044,S,136.3144,1.633118,22.44754,6.070601,8.584791,0,12.46201,0.000001015918,0.000001436151,33.98173,50.41063,5.25725,-32.1419900000003,-32.14199,-0.000004542499,1460.4268942685,1198.71,826.8958,77.61192,55.40126,433181.4,107928.4
139.9043,S,136.4143,1.630173,22.51961,6.103313,8.619299,0,12.46201,0.000001011898,0.00000142852,33.98173,50.40178,5.254416,-32.1419900000003,-32.14199,-0.000004520451,1457.7932979002,1195.5,826.8958,77.61192,55.32941,433301.1,108011
140.0042,S,136.5143,1.627231,22.59193,6.136281,8.653926,0,12.46201,0.000001007923,0.000001420949,33.98173,50.39291,5.251578,-32.1419900000003,-32.14199,-0.000004498595,1455.16201623831,1192.29,826.8958,77.61192,55.25731,433420.5,108093.7
140.1042,S,136.6142,1.624291,22.66452,6.169498,8.688664,0,12.46201,0.000001003987,0.000001413429,33.98173,50.38403,5.248738,-32.1419900000003,-32.14199,-0.000004476905,1452.53306186219,1189.08,826.8958,77.61192,55.18494,433539.6,108176.3
140.2041,S,136.7141,1.621354,22.73738,6.202974,8.723521,0,12.46201,0.000001000094,0.000001405968,33.98173,50.37514,5.245893,-32.1419900000003,-32.14199,-0.000004455403,1449.90644743126,1185.87,826.8958,77.61192,55.1123,433658.3,108259
140.3041,S,136.8141,1.61842,22.81049,6.236707,8.758493,0,12.46201,0.0000009962347,0.000001398551,33.98173,50.36624,5.243044,-32.1419900000003,-32.14199,-0.000004434045,1447.28218568555,1182.66,826.8958,77.61192,55.03941,433776.7,108341.6
140.404,S,136.914,1.615488,22.88388,6.270701,8.793583,0,12.46201,0.0000009924186,0.000001391192,33.98173,50.35734,5.240195,-32.1419900000003,-32.14199,-0.000004412872,1444.66028944618,1179.45,826.8958,77.61192,54.96624,433894.8,108424.3
140.504,S,137.014,1.612559,22.95753,6.304957,8.828787,0,12.46201,0.0000009886396,0.000001383882,33.98173,50.34842,5.237342,-32.1419900000003,-32.14199,-0.00000439186,1442.04077161595,1176.24,826.8958,77.61192,54.89281,434012.5,108507
140.6039,S,137.1139,1.609633,23.03144,6.339479,8.864109,0,12.46201,0.000000984903,0.00000137663,33.98173,50.3395,5.234486,-32.1419900000003,-32.14199,-0.000004371032,1439.42364517981,1173.03,826.8958,77.61192,54.81911,434130,108589.6
140.7039,S,137.2139,1.606709,23.10563,6.374265,8.899539,0,12.46201,0.0000009811981,0.000001369418,33.98173,50.33055,5.231625,-32.1419900000003,-32.14199,-0.000004350338,1436.80892320543,1169.82,826.8958,77.61192,54.74514,434247.1,108672.3
140.8038,S,137.3138,1.603788,23.18009,6.409325,8.935095,0,12.46201,0.0000009775358,0.000001362264,33.98173,50.32161,5.228762,-32.1419900000003,-32.14199,-0.000004329829,1434.19661884371,1166.61,826.8958,77.61192,54.6709,434363.9,108754.9
140.9037,S,137.4138,1.60087,23.25481,6.444653,8.970759,0,12.46201,0.0000009739041,0.000001355151,33.98173,50.31266,5.225897,-32.1419900000003,-32.14199,-0.000004309451,1431.58674532937,1163.4,826.8958,77.61192,54.59639,434480.4,108837.6
141.0037,S,137.5137,1.597955,23.32982,6.480253,9.006537,0,12.46201,0.0000009703176,0.000001348098,33.98173,50.30368,5.223026,-32.1419900000003,-32.14199,-0.00000428927,1428.97931598142,1160.19,826.8958,77.61192,54.5216,434596.5,108920.2
141.1036,S,137.6136,1.595042,23.40509,6.51613,9.042434,0,12.46201,0.000000966763,0.000001341087,33.98173,50.29471,5.220155,-32.1419900000003,-32.14199,-0.000004269225,1426.37434420377,1156.98,826.8958,77.61192,54.44654,434712.4,109002.9
141.2036,S,137.7136,1.592132,23.48064,6.552288,9.078447,0,12.46201,0.0000009632435,0.000001334123,33.98173,50.28572,5.217279,-32.1419900000003,-32.14199,-0.000004249332,1423.77184348572,1153.77,826.8958,77.61192,54.3712,434827.9,109085.6
141.3035,S,137.8135,1.589225,23.55647,6.588721,9.114567,0,12.46201,0.0000009597635,0.000001327212,33.98173,50.27673,5.214401,-32.1419900000003,-32.14199,-0.00000422961,1421.17182740256,1150.56,826.8958,77.61192,54.29558,434943.1,109168.2
141.4035,S,137.9135,1.58632,23.63258,6.62544,9.150805,0,12.46201,0.0000009563182,0.000001320347,33.98173,50.26772,5.211519,-32.1419900000003,-32.14199,-0.000004210039,1418.57430961608,1147.35,826.8958,77.61192,54.21968,435058,109250.9
141.5034,S,138.0134,1.583419,23.70896,6.662445,9.187162,0,12.46201,0.0000009529079,0.000001313529,33.98173,50.25872,5.208638,-32.1419900000003,-32.14199,-0.000004190619,1415.97930387514,1144.14,826.8958,77.61192,54.14351,435172.5,109333.5
141.6034,S,138.1134,1.58052,23.78563,6.699736,9.22363,0,12.46201,0.0000009495319,0.000001306756,33.98173,50.24969,5.20575,-32.1419900000003,-32.14199,-0.000004171347,1413.38682401625,1140.93,826.8958,77.61192,54.06705,435286.8,109416.2
141.7033,S,138.2133,1.577624,23.86257,6.737313,9.260206,0,12.46201,0.0000009461937,0.000001300034,33.98173,50.24067,5.20286,-32.1419900000003,-32.14199,-0.000004152239,1410.79688396407,1137.72,826.8958,77.61192,53.99031,435400.7,109498.8
141.8033,S,138.3133,1.574731,23.9398,6.775186,9.296901,0,12.46201,0.0000009428895,0.000001293356,33.98173,50.23163,5.199968,-32.1419900000003,-32.14199,-0.000004133278,1408.20949773204,1134.51,826.8958,77.61192,53.91329,435514.3,109581.5
141.9032,S,138.4132,1.571841,24.01731,6.813354,9.33371,0,12.46201,0.0000009396189,0.000001286724,33.98173,50.22259,5.197075,-32.1419900000003,-32.14199,-0.000004114464,1405.6246794229,1131.3,826.8958,77.61192,53.83598,435627.6,109664.1
142.0031,S,138.5132,1.568953,24.09511,6.851819,9.370631,0,12.46201,0.0000009363814,0.000001280136,33.98173,50.21353,5.194176,-32.1419900000003,-32.14199,-0.000004095791,1403.04244322926,1128.09,826.8958,77.61192,53.75839,435740.5,109746.8
142.1031,S,138.6131,1.566069,24.1732,6.89058,9.407661,0,12.46201,0.0000009331761,0.00000127359,33.98173,50.20447,5.191277,-32.1419900000003,-32.14199,-0.00000407726,1400.46280343418,1124.88,826.8958,77.61192,53.68051,435853.2,109829.5
142.203,S,138.713,1.563187,24.25157,6.929644,9.444805,0,12.46201,0.0000009300081,0.000001267094,33.98173,50.1954,5.188374,-32.1419900000003,-32.14199,-0.00000405889,1397.88577441175,1121.67,826.8958,77.61192,53.60234,435965.5,109912.1
142.303,S,138.813,1.560309,24.33024,6.969051,9.482148,0,12.46201,0.000000926873,0.000001260646,33.98173,50.1864,5.185495,-32.1419900000003,-32.14199,-0.000004040671,1395.31137062762,1118.46,826.8958,77.61192,53.52388,436077.5,109994.8
142.4029,S,138.9129,1.557433,24.40919,7.00879,9.519655,0,12.46201,0.0000009237777,0.000001254254,33.98173,50.17744,5.182628,-32.1419900000003,-32.14199,-0.000004022632,1392.73960663964,1115.25,826.8958,77.61192,53.44513,436189.1,110077.4
142.5029,S,139.0129,1.55456,24.48844,7.048841,9.557278,0,12.46201,0.0000009207184,0.000001247909,33.98173,50.16848,5.179761,-32.1419900000003,-32.14199,-0.000004004748,1390.17049709837,1112.04,826.8958,77.61192,53.36608,436300.5,110160.1
142.6028,S,139.1128,1.551691,24.56798,7.089202,9.59501,0,12.46201,0.000000917686,0.0000012416,33.98173,50.15951,5.176891,-32.1419900000002,-32.14199,-0.00000398698,1387.60405674772,1108.83,826.8958,77.61192,53.28674,436411.5,110242.7
142.7028,S,139.2128,1.548824,24.64781,7.129878,9.632853,0,12.46201,0.0000009146847,0.000001235332,33.98173,50.15054,5.174018,-32.1419900000002,-32.14199,-0.000003969348,1385.04030042549,1105.62,826.8958,77.61192,53.2071,436522.2,110325.4
142.8027,S,139.3127,1.54596,24.72794,7.170877,9.670812,0,12.46201,0.0000009117195,0.000001229111,33.98173,50.14156,5.171145,-32.1419900000002,-32.14199,-0.000003951871,1382.47924306397,1102.41,826.8958,77.61192,53.12716,436632.6,110408.1
142.9026,S,139.4127,1.5431,24.80837,7.212191,9.708875,0,12.46201,0.0000009087841,0.00000122293,33.98173,50.13256,5.168268,-32.1420000000002,-32.142,-0.000003934525,1379.92089969054,1099.2,826.8958,77.61192,53.04693,436742.7,110490.7
143.0026,S,139.5126,1.540242,24.88909,7.253829,9.747051,0,12.46201,0.000000905884,0.000001216795,33.98173,50.12357,5.16539,-32.1420000000002,-32.142,-0.000003917331,1377.36528542821,1095.99,826.8958,77.61192,52.9664,436852.4,110573.4
143.1025,S,139.6125,1.537388,24.97012,7.295792,9.785335,0,12.46201,0.0000009030094,0.000001210694,33.98173,50.11457,5.162508,-32.1420000000002,-32.142,-0.000003900248,1374.81241549629,1092.78,826.8958,77.61192,52.88557,436961.8,110656
143.2025,S,139.7125,1.534536,25.05145,7.338084,9.823728,0,12.46201,0.000000900169,0.000001204637,33.98173,50.10555,5.159622,-32.1420000000002,-32.142,-0.000003883312,1372.2623052109,1089.57,826.8958,77.61192,52.80443,437070.9,110738.7
143.3024,S,139.8124,1.531688,25.13307,7.380704,9.862226,0,12.46201,0.0000008973578,0.00000119862,33.98173,50.09653,5.156737,-32.1420000000002,-32.142,-0.000003866504,1369.71496998563,1086.36,826.8958,77.61192,52.72299,437179.7,110821.3
143.4024,S,139.9124,1.528843,25.21501,7.423662,9.900837,0,12.46201,0.0000008945768,0.000001192641,33.98173,50.08751,5.153849,-32.1420000000002,-32.142,-0.000003849826,1367.17042533209,1083.15,826.8958,77.61192,52.64125,437288.2,110904
143.5023,S,140.0123,1.526,25.29725,7.466953,9.939552,0,12.46201,0.0000008918246,0.000001186701,33.98173,50.07848,5.150961,-32.1420000000002,-32.142,-0.000003833273,1364.62868686054,1079.94,826.8958,77.61192,52.5592,437396.3,110986.6
143.6023,S,140.1123,1.523162,25.37979,7.510586,9.978377,0,12.46201,0.0000008891017,0.000001180798,33.98173,50.06944,5.148069,-32.1420000000002,-32.142,-0.000003816848,1362.08977028048,1076.73,826.8958,77.61192,52.47683,437504.2,111069.3
143.7022,S,140.2122,1.520326,25.46264,7.554558,10.01731,0,12.46201,0.0000008864116,0.000001174939,33.98173,50.0604,5.145175,-32.1420000000002,-32.142,-0.000003800565,1359.55369140124,1073.52,826.8958,77.61192,52.39417,437611.7,111152
143.8022,S,140.3122,1.517493,25.5458,7.598878,10.05634,0,12.46201,0.00000088375,0.000001169117,33.98173,50.05135,5.142279,-32.1420000000002,-32.142,-0.000003784405,1357.0204661326,1070.31,826.8958,77.61192,52.31119,437718.8,111234.6
143.9021,S,140.4121,1.514664,25.62928,7.643543,10.09548,0,12.46201,0.000000881117,0.000001163333,33.98173,50.0423,5.139383,-32.1420000000002,-32.142,-0.00000376837,1354.49011048539,1067.1,826.8958,77.61192,52.22789,437825.7,111317.3
144.002,S,140.5121,1.511838,25.71307,7.688557,10.13473,0,12.46201,0.0000008785115,0.000001157584,33.98173,50.03324,5.136484,-32.1420000000002,-32.142,-0.000003752454,1351.96264057212,1063.89,826.8958,77.61192,52.14429,437932.2,111399.9
144.102,S,140.612,1.509015,25.79717,7.733927,10.17408,0,12.46201,0.0000008759386,0.000001151877,33.98173,50.02418,5.133584,-32.1420000000002,-32.142,-0.000003736679,1349.43807260753,1060.68,826.8958,77.61192,52.06037,438038.4,111482.6
144.2019,S,140.7119,1.506195,25.88158,7.779653,10.21353,0,12.46201,0.000000873393,0.000001146206,33.98173,50.01511,5.130681,-32.1420000000002,-32.142,-0.000003721023,1346.91642290928,1057.47,826.8958,77.61192,51.97613,438144.3,111565.2
144.3019,S,140.8119,1.503379,25.96631,7.825733,10.25308,0,12.46201,0.0000008708748,0.000001140571,33.98173,50.00603,5.127777,-32.1420000000002,-32.142,-0.000003705486,1344.3977078985,1054.26,826.8958,77.61192,51.89157,438249.8,111647.9
144.4018,S,140.9118,1.500566,26.05136,7.87218,10.29274,0,12.46201,0.0000008683843,0.000001134972,33.98173,49.99696,5.124873,-32.1420000000002,-32.142,-0.000003690069,1341.88194410042,1051.05,826.8958,77.61192,51.8067,438355.1,111730.6
144.5018,S,141.0118,1.497756,26.13673,7.918989,10.33249,0,12.46201,0.0000008659201,0.000001129407,33.98173,49.98787,5.121966,-32.1420000000002,-32.142,-0.000003674766,1339.36914814503,1047.84,826.8958,77.61192,51.7215,438460,111813.2
144.6017,S,141.1117,1.49495,26.22242,7.966166,10.37235,0,12.46201,0.0000008634877,0.000001123882,33.98173,49.97879,5.119059,-32.1420000000002,-32.142,-0.0000036596,1336.85933676761,1044.63,826.8958,77.61192,51.63598,438564.6,111895.9
144.7017,S,141.2117,1.492146,26.30843,8.013714,10.4123,0,12.46201,0.0000008610813,0.000001118392,33.98173,49.9697,5.11615,-32.1420000000002,-32.142,-0.000003644548,1334.35252680944,1041.42,826.8958,77.61192,51.55014,438668.9,111978.5
144.8016,S,141.3116,1.489347,26.39477,8.061635,10.45235,0,12.46201,0.0000008587016,0.000001112936,33.98173,49.96059,5.113237,-32.1420000000002,-32.142,-0.000003629612,1331.84873521836,1038.21,826.8958,77.61192,51.46398,438772.9,112061.2
144.9016,S,141.4116,1.48655,26.48143,8.109934,10.49251,0,12.46201,0.0000008563478,0.000001107513,33.98173,49.9515,5.110327,-32.1420000000002,-32.142,-0.000003614787,1329.3479790494,1035,826.8958,77.61192,51.37748,438876.5,112143.8
145.0015,S,141.5115,1.483757,26.56842,8.158614,10.53275,0,12.46201,0.0000008540247,0.00000110213,33.98173,49.94239,5.107413,-32.1420000000002,-32.142,-0.000003600096,1326.85027546545,1031.79,826.8958,77.61192,51.29066,438979.8,112226.5
145.1014,S,141.6115,1.480968,26.65573,8.207673,10.5731,0,12.46201,0.0000008517229,0.000001096774,33.98173,49.93329,5.104501,-32.1420000000002,-32.142,-0.000003585497,1324.3556417378,1028.58,826.8958,77.61192,51.20351,439082.8,112309.1
145.2014,S,141.7114,1.478182,26.74338,8.257118,10.61353,0,12.46201,0.0000008494507,0.000001091456,33.98173,49.92418,5.101586,-32.1420000000002,-32.142,-0.000003571027,1321.86409524684,1025.37,826.8958,77.61192,51.11603,439185.5,112391.8
145.3013,S,141.8113,1.4754,26.83135,8.306953,10.65407,0,12.46201,0.0000008472044,0.000001086171,33.98173,49.91507,5.098668,-32.1420000000002,-32.142,-0.000003556668,1319.37565348264,1022.16,826.8958,77.61192,51.02821,439287.9,112474.5
145.4013,S,141.9113,1.47262,26.91966,8.357183,10.69469,0,12.46201,0.0000008449832,0.000001080918,33.98173,49.90595,5.095752,-32.1420000000002,-32.142,-0.000003542418,1316.8903340456,1018.95,826.8958,77.61192,50.94006,439389.9,112557.1
145.5012,S,142.0112,1.469845,27.0083,8.407805,10.73541,0,12.46201,0.0000008427915,0.000001075702,33.98173,49.89683,5.092833,-32.1420000000002,-32.142,-0.000003528295,1314.40815464708,1015.74,826.8958,77.61192,50.85158,439491.7,112639.8
145.6012,S,142.1112,1.467073,27.09727,8.458824,10.77622,0,12.46201,0.0000008406237,0.000001070518,33.98173,49.88771,5.089914,-32.1420000000002,-32.142,-0.000003514277,1311.92913310999,1012.53,826.8958,77.61192,50.76276,439593.1,112722.4
145.7011,S,142.2111,1.464304,27.18659,8.510246,10.81711,0,12.46201,0.0000008384812,0.000001065365,33.98173,49.87859,5.086996,-32.1420000000002,-32.142,-0.000003500368,1309.45328736948,1009.32,826.8958,77.61192,50.6736,439694.1,112805.1
145.8011,S,142.3111,1.46154,27.27624,8.562071,10.85809,0,12.46201,0.0000008363632,0.000001060243,33.98173,49.86946,5.084074,-32.1420000000002,-32.142,-0.000003486565,1306.98063547351,1006.11,826.8958,77.61192,50.5841,439794.9,112887.7
145.901,S,142.411,1.458778,27.36623,8.614308,10.89917,0,12.46201,0.00000083427,0.000001055153,33.98173,49.86034,5.081155,-32.1420000000002,-32.142,-0.000003472869,1304.51119558352,1002.9,826.8958,77.61192,50.49426,439895.3,112970.4
146.0009,S,142.511,1.456021,27.45657,8.666954,10.94033,0,12.46201,0.000000832205,0.000001050097,33.98173,49.8512,5.078231,-32.1420000000002,-32.142,-0.000003459294,1302.04467886125,999.6896,826.8958,77.61192,50.40406,439995.4,113053.1
146.1009,S,142.6109,1.453263,27.54736,8.72008,10.98162,0,12.46201,0.0000008301658,0.000001045072,33.98173,49.84206,5.075306,-32.1420000000002,-32.142,-0.000003445824,1299.57865125513,996.4756,826.8958,77.61192,50.31342,440095.2,113135.7
146.2008,S,142.7108,1.450509,27.63849,8.773629,11.02301,0,12.46201,0.0000008281472,0.000001040072,33.98173,49.83292,5.072381,-32.1420000000002,-32.142,-0.000003432445,1297.11589899951,993.2616,826.8958,77.61192,50.22243,440194.7,113218.4
146.3008,S,142.8108,1.447759,27.72997,8.827595,11.06447,0,12.46201,0.0000008261597,0.000001035112,33.98173,49.82377,5.069454,-32.1420000000002,-32.142,-0.000003419198,1294.65644078593,990.0476,826.8958,77.61192,50.13109,440293.8,113301
146.4007,S,142.9107,1.445013,27.8218,8.881987,11.10601,0,12.46201,0.0000008241921,0.000001030176,33.98173,49.81463,5.066528,-32.1420000000002,-32.142,-0.000003406038,1292.20029542316,986.8336,826.8958,77.61192,50.03941,440392.7,113383.7
146.5007,S,143.0107,1.44227,27.91397,8.93681,11.14763,0,12.46201,0.0000008222516,0.000001025274,33.98173,49.80548,5.063602,-32.1420000000002,-32.142,-0.000003392994,1289.74748183778,983.6196,826.8958,77.61192,49.94737,440491.2,113466.3
146.6006,S,143.1106,1.439531,28.0065,8.992066,11.18934,0,12.46201,0.0000008203309,0.000001020396,33.98173,49.79634,5.060676,-32.1420000000002,-32.142,-0.000003380036,1287.29801907487,980.4056,826.8958,77.61192,49.85498,440589.4,113549
146.7006,S,143.2106,1.436796,28.09938,9.047757,11.23112,0,12.46201,0.0000008184372,0.000001015552,33.98173,49.78719,5.057746,-32.1420000000002,-32.142,-0.000003367194,1284.85192629863,977.1916,826.8958,77.61192,49.76223,440687.2,113631.6
146.8005,S,143.3105,1.434064,28.19262,9.103887,11.27298,0,12.46201,0.0000008165699,0.000001010741,33.98173,49.77804,5.054821,-32.1420000000002,-32.142,-0.000003354465,1282.40922279298,973.9776,826.8958,77.61192,49.66912,440784.8,113714.3
146.9005,S,143.4105,1.431337,28.28621,9.160458,11.31491,0,12.46201,0.0000008147215,0.000001005953,33.98173,49.76889,5.051893,-32.1420000000002,-32.142,-0.000003341818,1279.96992796225,970.7636,826.8958,77.61192,49.57566,440882,113797
147.0004,S,143.5104,1.428613,28.38015,9.217479,11.35692,0,12.46201,0.0000008128998,0.000001001198,33.98173,49.75975,5.048967,-32.1420000000002,-32.142,-0.000003329285,1277.53406133179,967.5496,826.8958,77.61192,49.48185,440978.9,113879.6
147.1003,S,143.6104,1.425893,28.47446,9.274948,11.39899,0,12.46201,0.0000008111007,0.00000099647,33.98173,49.75061,5.046041,-32.1420000000002,-32.142,-0.00000331685,1275.10164254858,964.3356,826.8958,77.61192,49.38766,441075.5,113962.3
147.2003,S,143.7103,1.423177,28.56913,9.33287,11.44114,0,12.46201,0.000000809324,0.0000009917698,33.98173,49.74146,5.043115,-32.1420000000002,-32.142,-0.00000330451,1272.67269138192,961.1216,826.8958,77.61192,49.29312,441171.8,114044.9
147.3002,S,143.8102,1.420465,28.66415,9.391248,11.48335,0,12.46201,0.0000008075693,0.0000009870962,33.98173,49.73232,5.040189,-32.1420000000002,-32.142,-0.000003292266,1270.247227724,957.9076,826.8958,77.61192,49.19822,441267.7,114127.6
147.4002,S,143.9102,1.417756,28.75954,9.450087,11.52563,0,12.46201,0.0000008058367,0.0000009824498,33.98173,49.72317,5.037262,-32.1420000000002,-32.142,-0.000003280116,1267.82527159057,954.6936,826.8958,77.61192,49.10294,441363.3,114210.2
147.5001,S,144.0101,1.415052,28.8553,9.509387,11.56798,0,12.46201,0.0000008041296,0.0000009778339,33.98173,49.71403,5.034336,-32.1420000000002,-32.142,-0.000003268075,1265.40684312157,951.4796,826.8958,77.61192,49.0073,441458.6,114292.9
147.6001,S,144.1101,1.412352,28.95142,9.56916,11.61039,0,12.46201,0.0000008024448,0.0000009732449,33.98173,49.70489,5.031412,-32.1420000000002,-32.142,-0.000003256129,1262.99196258175,948.2656,826.8958,77.61192,48.91129,441553.6,114375.6
147.7,S,144.21,1.409656,29.04791,9.629402,11.65286,0,12.46201,0.0000008007816,0.0000009686822,33.98173,49.69576,5.028489,-32.1420100000002,-32.14201,-0.000003244276,1260.58065036129,945.0516,826.8958,77.61192,48.81491,441648.2,114458.2
147.8,S,144.31,1.406963,29.14477,9.690121,11.69539,0,12.46201,0.0000007991435,0.0000009641495,33.98173,49.68662,5.025565,-32.1420100000002,-32.14201,-0.000003232529,1258.17292697645,941.8376,826.8958,77.61192,48.71816,441742.5,114540.9
147.8999,S,144.4099,1.404275,29.242,9.751314,11.73798,0,12.46201,0.0000007975229,0.0000009596376,33.98173,49.67749,5.022643,-32.1420100000002,-32.14201,-0.000003220859,1255.76881307018,938.6236,826.8958,77.61192,48.62103,441836.5,114623.5
147.9998,S,144.5099,1.40159,29.33961,9.812994,11.78063,0,12.46201,0.0000007959277,0.000000955156,33.98173,49.66835,5.019721,-32.1420100000002,-32.14201,-0.000003209296,1253.36832941274,935.4096,826.8958,77.61192,48.52354,441930.2,114706.2
148.0998,S,144.6098,1.39891,29.43759,9.875159,11.82333,0,12.46201,0.0000007943537,0.0000009506996,33.98173,49.65923,5.0168,-32.1420100000002,-32.14201,-0.000003197824,1250.97149690235,932.1956,826.8958,77.61192,48.42566,442023.6,114788.8
148.1997,S,144.7097,1.396234,29.53594,9.937816,11.86608,0,12.46201,0.0000007928043,0.0000009462721,33.98173,49.6501,5.013881,-32.1420100000002,-32.14201,-0.000003186455,1248.57833656575,928.9816,826.8958,77.61192,48.3274,442116.6,114871.5
148.2997,S,144.8097,1.393562,29.63467,10.00096,11.90888,0,12.46201,0.0000007912714,0.0000009418641,33.98173,49.64098,5.010962,-32.1420100000002,-32.14201,-0.000003175158,1246.1888695589,925.7676,826.8958,77.61192,48.22876,442209.3,114954.1
148.3996,S,144.9096,1.390895,29.73378,10.0646,11.95173,0,12.46201,0.0000007897635,0.0000009374855,33.98173,49.63186,5.008043,-32.1420100000002,-32.14201,-0.000003163967,1243.80311716754,922.5536,826.8958,77.61192,48.12975,442301.8,115036.8
148.4996,S,145.0096,1.388231,29.83327,10.12875,11.99462,0,12.46201,0.0000007882761,0.000000933131,33.98173,49.62275,5.005128,-32.1420100000002,-32.14201,-0.000003152863,1241.42110080782,919.3396,826.8958,77.61192,48.03035,442393.8,115119.5
148.5995,S,145.1095,1.385572,29.93314,10.1934,12.03757,0,12.46201,0.0000007868092,0.0000009288002,33.98173,49.61364,5.002213,-32.1420100000002,-32.14201,-0.000003141846,1239.0428420269,916.1256,826.8958,77.61192,47.93056,442485.6,115202.1
148.6995,S,145.2095,1.382916,30.0334,10.25856,12.08054,0,12.46201,0.0000007853628,0.0000009244929,33.98173,49.60454,4.9993,-32.1420100000002,-32.14201,-0.000003130916,1236.66836250358,912.9116,826.8958,77.61192,47.83039,442577,115284.8
148.7994,S,145.3094,1.380265,30.13405,10.32424,12.12356,0,12.46201,0.0000007839405,0.0000009202137,33.98173,49.59544,4.996388,-32.1420100000002,-32.14201,-0.000003120088,1234.29768404891,909.6976,826.8958,77.61192,47.72983,442668.1,115367.4
148.8994,S,145.4094,1.377619,30.23507,10.39043,12.16662,0,12.46201,0.0000007825383,0.0000009159577,33.98173,49.58635,4.993479,-32.1420100000002,-32.14201,-0.000003109345,1231.93082860674,906.4836,826.8958,77.61192,47.62888,442758.9,115450.1
148.9993,S,145.5093,1.374976,30.33649,10.45714,12.20971,0,12.46201,0.0000007811562,0.0000009117244,33.98173,49.57726,4.990571,-32.1420100000002,-32.14201,-0.000003098686,1229.5678182544,903.2696,826.8958,77.61192,47.52754,442849.4,115532.7
149.0992,S,145.6093,1.372338,30.4383,10.52438,12.25284,0,12.46201,0.0000007797939,0.0000009075137,33.98173,49.56817,4.987662,-32.1420100000002,-32.14201,-0.000003088112,1227.20867520324,900.0556,826.8958,77.61192,47.4258,442939.5,115615.4
149.1992,S,145.7092,1.369704,30.5405,10.59214,12.29599,0,12.46201,0.0000007784515,0.0000009033259,33.98173,49.5591,4.984759,-32.1420100000002,-32.14201,-0.000003077622,1224.85342179924,896.8416,826.8958,77.61192,47.32367,443029.4,115698.1
149.2991,S,145.8091,1.367075,30.64309,10.66044,12.33917,0,12.46201,0.0000007771324,0.0000008991642,33.98173,49.55003,4.981855,-32.1420100000002,-32.14201,-0.000003067229,1222.50208052359,893.6276,826.8958,77.61192,47.22115,443118.9,115780.7
149.3991,S,145.9091,1.36445,30.74609,10.72928,12.38238,0,12.46201,0.0000007758296,0.0000008950205,33.98173,49.54096,4.978955,-32.1420100000002,-32.14201,-0.000003056906,1220.1546739933,890.4136,826.8958,77.61192,47.11823,443208.1,115863.4
149.499,S,146.009,1.36183,30.84947,10.79865,12.42561,0,12.46201,0.0000007745497,0.0000008909029,33.98173,49.5319,4.976056,-32.1420100000002,-32.14201,-0.000003046679,1217.81122496177,887.1996,826.8958,77.61192,47.0149,443296.9,115946
149.599,S,146.109,1.359214,30.95325,10.86857,12.46885,0,12.46201,0.0000007732925,0.0000008868108,33.98173,49.52285,4.97316,-32.1420100000002,-32.14201,-0.000003036547,1215.47175631937,883.9856,826.8958,77.61192,46.91117,443385.5,116028.7
149.6989,S,146.2089,1.356602,31.05744,10.93904,12.51212,0,12.46201,0.0000007720511,0.0000008827354,33.98173,49.51381,4.970266,-32.1420100000001,-32.14201,-0.00000302648,1213.136291094,880.7716,826.8958,77.61192,46.80704,443473.7,116111.3
149.7989,S,146.3089,1.353995,31.16202,11.01007,12.5554,0,12.46201,0.0000007708334,0.0000008786865,33.98173,49.50477,4.967374,-32.1420100000001,-32.14201,-0.000003016513,1210.80485245166,877.5576,826.8958,77.61192,46.70251,443561.6,116194
149.8988,S,146.4088,1.351392,31.26701,11.08165,12.59869,0,12.46201,0.0000007696339,0.0000008746577,33.98173,49.49575,4.964486,-32.1420100000001,-32.14201,-0.000003006622,1208.47746369707,874.3436,826.8958,77.61192,46.59757,443649.2,116276.6
149.9987,S,146.5088,1.348794,31.37241,11.15378,12.64198,0,12.46201,0.0000007684534,0.0000008706495,33.98173,49.48672,4.961599,-32.1420100000001,-32.14201,-0.000002996812,1206.15414827413,871.1296,826.8958,77.61192,46.49223,443736.4,116359.3
150.0987,S,146.6087,1.346201,31.47821,11.22649,12.68529,0,12.46201,0.000000767292,0.0000008666622,33.98173,49.47771,4.958716,-32.1420100000001,-32.14201,-0.000002987081,1203.83492976658,867.9156,826.8958,77.61192,46.38647,443823.4,116442
150.1986,S,146.7086,1.343612,31.58441,11.29977,12.72859,0,12.46201,0.0000007661531,0.000000862699,33.98173,49.46871,4.955835,-32.1420100000001,-32.14201,-0.000002977443,1201.51983189846,864.7016,826.8958,77.61192,46.2803,443910,116524.6
150.2986,S,146.8086,1.341028,31.69103,11.37362,12.7719,0,12.46201,0.0000007650292,0.0000008587516,33.98173,49.45971,4.952955,-32.1420100000001,-32.14201,-0.000002967868,1199.20887853472,861.4876,826.8958,77.61192,46.17372,443996.3,116607.3
150.3985,S,146.9085,1.338448,31.79806,11.44805,12.8152,0,12.46201,0.0000007639276,0.0000008548284,33.98173,49.45074,4.950083,-32.1420100000001,-32.14201,-0.000002958386,1196.90209368172,858.2736,826.8958,77.61192,46.06672,444082.2,116689.9
150.4985,S,147.0085,1.335873,31.9055,11.52306,12.8585,0,12.46201,0.0000007628485,0.0000008509291,33.98173,49.44176,4.947212,-32.1420100000001,-32.14201,-0.000002948996,1194.5995014878,855.0596,826.8958,77.61192,45.95931,444167.9,116772.6
150.5984,S,147.1084,1.333303,32.01336,11.59866,12.90178,0,12.46201,0.0000007617838,0.0000008470448,33.98173,49.4328,4.944343,-32.1420100000001,-32.14201,-0.000002939666,1192.30112624374,851.8456,826.8958,77.61192,45.85148,444253.2,116855.2
150.6984,S,147.2084,1.330738,32.12163,11.67484,12.94505,0,12.46201,0.0000007607376,0.0000008431796,33.98173,49.42384,4.941477,-32.1420100000001,-32.14201,-0.000002930414,1190.00699238336,848.6316,826.8958,77.61192,45.74323,444338.2,116937.9
150.7983,S,147.3083,1.328177,32.23032,11.75163,12.9883,0,12.46201,0.000000759713,0.0000008393373,33.98173,49.4149,4.938614,-32.1420100000001,-32.14201,-0.00000292125,1187.71712448398,845.4176,826.8958,77.61192,45.63456,444422.9,117020.6
150.8983,S,147.4083,1.325621,32.33943,11.82901,13.03153,0,12.46201,0.0000007587068,0.0000008355138,33.98173,49.40597,4.935757,-32.1420100000001,-32.14201,-0.000002912162,1185.43154726694,842.2036,826.8958,77.61192,45.52546,444507.3,117103.2
150.9982,S,147.5082,1.32307,32.44896,11.907,13.07474,0,12.46201,0.0000007577186,0.000000831709,33.98173,49.39705,4.932903,-32.1420100000001,-32.14201,-0.000002903149,1183.15028559811,838.9896,826.8958,77.61192,45.41594,444591.3,117185.9
151.0981,S,147.6082,1.320524,32.55892,11.9856,13.11792,0,12.46201,0.0000007567523,0.0000008279268,33.98173,49.38814,4.930052,-32.1420100000001,-32.14201,-0.000002894225,1180.87336448838,835.7756,826.8958,77.61192,45.306,444675.1,117268.5
151.1981,S,147.7081,1.317983,32.6693,12.0648,13.16107,0,12.46201,0.0000007558001,0.0000008241582,33.98173,49.37924,4.927205,-32.1420100000001,-32.14201,-0.00000288536,1178.60080909411,832.5616,826.8958,77.61192,45.19562,444758.5,117351.2
151.298,S,147.808,1.315446,32.7801,12.14463,13.20419,0,12.46201,0.0000007548734,0.0000008204161,33.98173,49.37036,4.924362,-32.1420100000001,-32.14201,-0.000002876598,1176.33264471768,829.3476,826.8958,77.61192,45.08482,444841.5,117433.8
151.398,S,147.908,1.312915,32.89133,12.22508,13.24726,0,12.46201,0.00000075396,0.0000008166867,33.98173,49.36148,4.921522,-32.1420100000001,-32.14201,-0.000002867892,1174.06889680789,826.1336,826.8958,77.61192,44.97358,444924.3,117516.5
151.4979,S,148.0079,1.310388,33.00299,12.30615,13.29029,0,12.46201,0.0000007530651,0.0000008129759,33.98173,49.35263,4.918688,-32.1420100000001,-32.14201,-0.000002859261,1171.80959096045,822.9196,826.8958,77.61192,44.86191,445006.7,117599.1
151.5979,S,148.1079,1.307867,33.11509,12.38785,13.33328,0,12.46201,0.0000007521876,0.000000809282,33.98173,49.34378,4.915856,-32.1420100000001,-32.14201,-0.000002850701,1169.55475291843,819.7056,826.8958,77.61192,44.74981,445088.8,117681.8
151.6978,S,148.2078,1.30535,33.22762,12.47019,13.37622,0,12.46201,0.0000007513312,0.0000008056093,33.98173,49.33495,4.913031,-32.1420100000001,-32.14201,-0.000002842228,1167.30440857271,816.4916,826.8958,77.61192,44.63727,445170.6,117764.5
151.7978,S,148.3078,1.302839,33.34058,12.55317,13.4191,0,12.46201,0.0000007504926,0.0000008019536,33.98173,49.32613,4.91021,-32.1420100000001,-32.14201,-0.000002833826,1165.05858396241,813.2776,826.8958,77.61192,44.52429,445252.1,117847.1
151.8977,S,148.4077,1.300333,33.45397,12.63679,13.46192,0,12.46201,0.0000007496705,0.0000007983136,33.98173,49.31733,4.907393,-32.1420100000001,-32.14201,-0.000002825492,1162.81730527529,810.0636,826.8958,77.61192,44.41087,445333.2,117929.8
151.9977,S,148.5077,1.297831,33.5678,12.72106,13.50468,0,12.46201,0.0000007488702,0.000000794695,33.98173,49.30854,4.904581,-32.1420100000001,-32.14201,-0.000002817245,1160.58059884822,806.8496,826.8958,77.61192,44.29701,445414.1,118012.4
152.0976,S,148.6076,1.295335,33.68208,12.80598,13.54737,0,12.46201,0.0000007480833,0.0000007910886,33.98173,49.29977,4.901772,-32.1420100000001,-32.14201,-0.000002809054,1158.34849116753,803.6356,826.8958,77.61192,44.18271,445494.6,118095.1
152.1975,S,148.7076,1.292844,33.79679,12.89156,13.59,0,12.46201,0.000000747317,0.0000007875019,33.98173,49.29101,4.898971,-32.1420100000001,-32.14201,-0.000002800945,1156.12100886944,800.4216,826.8958,77.61192,44.06796,445574.8,118177.7
152.2975,S,148.8075,1.290359,33.91195,12.9778,13.63254,0,12.46201,0.0000007465682,0.0000007839313,33.98173,49.28227,4.896173,-32.1420100000001,-32.14201,-0.000002792907,1153.89817874044,797.2076,826.8958,77.61192,43.95277,445654.7,118260.4
152.3974,S,148.9074,1.287878,34.02754,13.06471,13.675,0,12.46201,0.0000007458398,0.0000007803802,33.98173,49.27355,4.893383,-32.1420100000001,-32.14201,-0.000002784951,1151.68002771764,793.9936,826.8958,77.61192,43.83712,445734.2,118343.1
152.4974,S,149.0074,1.285403,34.14359,13.15229,13.71738,0,12.46201,0.0000007451252,0.0000007768409,33.98173,49.26484,4.890596,-32.1420100000001,-32.14201,-0.00000277705,1149.46658288917,790.7796,826.8958,77.61192,43.72103,445813.4,118425.7
152.5973,S,149.1073,1.282933,34.26008,13.24054,13.75967,0,12.46201,0.0000007444303,0.0000007733201,33.98173,49.25614,4.887813,-32.1420100000001,-32.14201,-0.000002769229,1147.2578714945,787.5656,826.8958,77.61192,43.60448,445892.3,118508.4
152.6973,S,149.2073,1.280468,34.37702,13.32948,13.80187,0,12.46201,0.0000007437498,0.0000007698118,33.98173,49.24747,4.885039,-32.1420100000001,-32.14201,-0.000002761466,1145.05392092482,784.3516,826.8958,77.61192,43.48748,445970.9,118591
152.7972,S,149.3072,1.278009,34.49441,13.41909,13.84395,0,12.46201,0.0000007430927,0.000000766325,33.98173,49.23882,4.882268,-32.1420100000001,-32.14201,-0.000002753795,1142.8547587233,781.1376,826.8958,77.61192,43.37003,446049.2,118673.7
152.8972,S,149.4072,1.275555,34.61226,13.5094,13.88594,0,12.46201,0.0000007424489,0.0000007628495,33.98173,49.23018,4.879504,-32.1420100000001,-32.14201,-0.000002746178,1140.66041258549,777.9236,826.8958,77.61192,43.25212,446127.1,118756.3
152.9971,S,149.5071,1.273106,34.73056,13.60041,13.92782,0,12.46201,0.0000007418217,0.0000007593883,33.98173,49.22156,4.876746,-32.1420100000001,-32.14201,-0.000002738628,1138.47091035955,774.7096,826.8958,77.61192,43.13375,446204.7,118839
153.097,S,149.6071,1.270663,34.84931,13.69211,13.96959,0,12.46201,0.000000741215,0.0000007559456,33.98173,49.21296,4.873995,-32.1420100000001,-32.14201,-0.000002731158,1136.28628004658,771.4956,826.8958,77.61192,43.01492,446282,118921.6
153.197,S,149.707,1.268226,34.96852,13.78451,14.01122,0,12.46201,0.0000007406243,0.0000007525163,33.98173,49.20438,4.871248,-32.1420100000001,-32.14201,-0.000002723752,1134.1065498009,768.2816,826.8958,77.61192,42.89563,446359,119004.3
153.2969,S,149.8069,1.265794,35.08818,13.87763,14.05274,0,12.46201,0.0000007400512,0.000000749102,33.98173,49.19582,4.868511,-32.1420100000001,-32.14201,-0.000002716415,1131.93174793028,765.0676,826.8958,77.61192,42.77588,446435.6,119087
153.3969,S,149.9069,1.263367,35.20832,13.97145,14.09412,0,12.46201,0.0000007394974,0.0000007457043,33.98173,49.18728,4.865777,-32.1420100000001,-32.14201,-0.000002709154,1129.76190289622,761.8536,826.8958,77.61192,42.65566,446512,119169.6
153.4968,S,150.0068,1.260946,35.32891,14.066,14.13537,0,12.46201,0.0000007389565,0.0000007423165,33.98173,49.17876,4.86305,-32.1420100000001,-32.14201,-0.000002701946,1127.59704331419,758.6396,826.8958,77.61192,42.53498,446588,119252.3
153.5968,S,150.1068,1.258531,35.44996,14.16126,14.17648,0,12.46201,0.0000007384357,0.0000007389462,33.98173,49.17027,4.860334,-32.1420100000001,-32.14201,-0.000002694815,1125.4371979538,755.4256,826.8958,77.61192,42.41383,446663.7,119334.9
153.6967,S,150.2067,1.256121,35.57148,14.25726,14.21744,0,12.46201,0.0000007379315,0.0000007355886,33.98173,49.16179,4.857621,-32.1420100000001,-32.14201,-0.00000268775,1123.28239573907,752.2116,826.8958,77.61192,42.2922,446739,119417.6
153.7967,S,150.3067,1.253717,35.69347,14.35398,14.25824,0,12.46201,0.0000007374434,0.0000007322442,33.98173,49.15334,4.854916,-32.1420100000001,-32.14201,-0.000002680748,1121.13266574857,748.9976,826.8958,77.61192,42.17011,446814.1,119500.2
153.8966,S,150.4066,1.251319,35.81592,14.45144,14.29888,0,12.46201,0.000000736975,0.0000007289159,33.98173,49.14491,4.852217,-32.1420100000001,-32.14201,-0.000002673822,1118.98803721563,745.7836,826.8958,77.61192,42.04754,446888.8,119582.9
153.9966,S,150.5066,1.248926,35.93884,14.54978,14.33955,0,12.46201,0.0000007365265,0.0000007256067,33.98173,49.13604,4.849381,-32.1420100000001,-32.14201,-0.000002666978,1116.84853952848,742.5696,826.8958,77.61192,41.9245,446963.2,119665.6
154.0965,S,150.6065,1.246539,36.06224,14.64905,14.38028,0,12.46201,0.0000007361068,0.0000007223252,33.98173,49.12664,4.846372,-32.1420100000001,-32.14201,-0.000002660248,1114.71420223037,739.3556,826.8958,77.61192,41.80098,447037.3,119748.2
154.1964,S,150.7065,1.244158,36.18611,14.74905,14.42083,0,12.46201,0.0000007357023,0.000000719055,33.98173,49.11726,4.843371,-32.1420100000001,-32.14201,-0.000002653577,1112.58505501975,736.1416,826.8958,77.61192,41.67698,447111.1,119830.9
154.2964,S,150.8064,1.241783,36.31045,14.84983,14.4612,0,12.46201,0.0000007353148,0.0000007157974,33.98173,49.10792,4.840382,-32.1420100000001,-32.14201,-0.000002646972,1110.46112775031,732.9276,826.8958,77.61192,41.55251,447184.5,119913.5
154.3963,S,150.9063,1.239413,36.43526,14.95137,14.50138,0,12.46201,0.0000007349462,0.0000007125541,33.98173,49.0986,4.837399,-32.1420100000001,-32.14201,-0.000002640438,1108.34245043114,729.7136,826.8958,77.61192,41.42755,447257.6,119996.2
154.4963,S,151.0063,1.23705,36.56056,15.05369,14.54136,0,12.46201,0.0000007345907,0.0000007093194,33.98173,49.08931,4.834425,-32.1420100000001,-32.14201,-0.000002633956,1106.22905322672,726.4996,826.8958,77.61192,41.3021,447330.4,120078.8
154.5962,S,151.1062,1.234692,36.68634,15.15677,14.58113,0,12.46201,0.0000007342543,0.0000007060988,33.98173,49.08004,4.83146,-32.1420100000001,-32.14201,-0.000002627545,1104.12096645707,723.2856,826.8958,77.61192,41.17618,447402.9,120161.5
154.6962,S,151.2062,1.232341,36.81259,15.26064,14.6207,0,12.46201,0.000000733938,0.0000007028929,33.98173,49.0708,4.828505,-32.1420100000001,-32.14201,-0.00000262121,1102.01822059769,720.0716,826.8958,77.61192,41.04977,447475,120244.1
154.7961,S,151.3061,1.229995,36.93933,15.3653,14.66005,0,12.46201,0.0000007336341,0.0000006996943,33.98173,49.0616,4.825558,-32.1420100000001,-32.14201,-0.000002614923,1099.92084627963,716.8576,826.8958,77.61192,40.92287,447546.8,120326.8
154.8961,S,151.4061,1.227656,37.06655,15.47076,14.69916,0,12.46201,0.0000007333499,0.0000006965091,33.98173,49.05241,4.822619,-32.1420100000001,-32.14201,-0.000002608709,1097.82887428948,713.6436,826.8958,77.61192,40.79548,447618.3,120409.5
154.996,S,151.506,1.225322,37.19426,15.57702,14.73804,0,12.46201,0.000000733082,0.0000006933346,33.98173,49.04327,4.819693,-32.1420100000001,-32.14201,-0.000002602556,1095.74233556931,710.4296,826.8958,77.61192,40.66761,447689.5,120492.1
155.0959,S,151.606,1.222995,37.32245,15.68406,14.77668,0,12.46201,0.0000007328296,0.0000006901703,33.98173,49.03415,4.816774,-32.1420100000001,-32.14201,-0.000002596462,1093.6612612167,707.2156,826.8958,77.61192,40.53923,447760.4,120574.8
155.1959,S,151.7059,1.220674,37.45113,15.79191,14.81508,0,12.46201,0.0000007325929,0.0000006870166,33.98173,49.02505,4.813865,-32.1420100000001,-32.14201,-0.000002590429,1091.58568248457,704.0016,826.8958,77.61192,40.41037,447830.9,120657.4
155.2958,S,151.8058,1.218359,37.5803,15.90056,14.85324,0,12.46201,0.0000007323717,0.0000006838729,33.98173,49.016,4.810968,-32.1420100000001,-32.14201,-0.000002584455,1089.51563078117,700.7876,826.8958,77.61192,40.28101,447901.2,120740.1
155.3958,S,151.9058,1.21605,37.70996,16.01002,14.89113,0,12.46201,0.0000007321696,0.0000006807426,33.98173,49.00697,4.808079,-32.1420100000001,-32.14201,-0.000002578553,1087.45113766996,697.5736,826.8958,77.61192,40.15115,447971.1,120822.7
155.4957,S,152.0057,1.213748,37.84011,16.12028,14.92876,0,12.46201,0.0000007319824,0.0000006776214,33.98173,48.99798,4.805202,-32.1420100000001,-32.14201,-0.000002572708,1085.39223486945,694.3596,826.8958,77.61192,40.0208,448040.7,120905.4
155.5957,S,152.1057,1.211451,37.97076,16.22718,14.96073,0,12.46201,0.000000731622,0.0000006742675,33.98173,48.98411,4.800762,-32.1420100000001,-32.14201,-0.000002566146,1083.33895425305,691.1456,826.8958,77.61192,39.88994,448109.9,120988.1
155.6956,S,152.2056,1.209161,38.10191,16.32997,14.9862,0,12.46201,0.0000007310596,0.0000006706481,33.98173,48.96463,4.794529,-32.1420100000001,-32.14201,-0.000002558758,1081.29132784893,687.9316,826.8958,77.61192,39.75859,448178.8,121070.7
155.7956,S,152.3056,1.206878,38.23355,16.43347,15.01134,0,12.46201,0.0000007305164,0.0000006670463,33.98173,48.94518,4.788306,-32.1420100000001,-32.14201,-0.000002551451,1079.24938783976,684.7176,826.8958,77.61192,39.62672,448247.5,121153.4
155.8955,S,152.4055,1.2046,38.36569,16.53767,15.03612,0,12.46201,0.000000729988,0.0000006634577,33.98173,48.92575,4.782089,-32.1420100000001,-32.14201,-0.00000254421,1077.21316656254,681.5036,826.8958,77.61192,39.49436,448315.8,121236
155.9955,S,152.5055,1.20233,38.49833,16.64256,15.06054,0,12.46201,0.0000007294755,0.0000006598836,33.98173,48.90636,4.775881,-32.1420100000001,-32.14201,-0.000002537038,1075.18269650832,678.2896,826.8958,77.61192,39.36149,448383.7,121318.7
156.0954,S,152.6054,1.200065,38.63147,16.74818,15.0846,0,12.46201,0.0000007289779,0.0000006563218,33.98173,48.88698,4.769681,-32.1420100000001,-32.14201,-0.000002529932,1073.15801032192,675.0756,826.8958,77.61192,39.22811,448451.4,121401.3
156.1953,S,152.7054,1.197807,38.76511,16.8545,15.10828,0,12.46201,0.000000728496,0.000000652774,33.98173,48.86764,4.763491,-32.1420100000001,-32.14201,-0.000002522894,1071.13914080165,671.8616,826.8958,77.61192,39.09422,448518.7,121484
156.2953,S,152.8053,1.195556,38.89926,16.96153,15.13158,0,12.46201,0.0000007280327,0.0000006492422,33.98173,48.84832,4.757309,-32.1420100000001,-32.14201,-0.000002515933,1069.12612089898,668.6476,826.8958,77.61192,38.95983,448585.7,121566.6
156.3952,S,152.9052,1.193311,39.03391,17.06928,15.15448,0,12.46201,0.0000007275807,0.0000006457194,33.98173,48.82903,4.751136,-32.1420100000001,-32.14201,-0.000002509025,1067.11898371817,665.4336,826.8958,77.61192,38.82492,448652.4,121649.3
156.4952,S,153.0052,1.191073,39.16907,17.17775,15.17698,0,12.46201,0.0000007271477,0.0000006422127,33.98173,48.80978,4.744976,-32.1420100000001,-32.14201,-0.000002502196,1065.11776251591,662.2196,826.8958,77.61192,38.6895,448718.8,121732
156.5951,S,153.1051,1.188842,39.30474,17.28694,15.19907,0,12.46201,0.0000007267329,0.0000006387207,33.98173,48.79054,4.738821,-32.1420100000001,-32.14201,-0.000002495443,1063.1224907009,659.0056,826.8958,77.61192,38.55356,448784.8,121814.6
156.6951,S,153.2051,1.186617,39.44091,17.39686,15.22075,0,12.46201,0.0000007263303,0.0000006352383,33.98173,48.77134,4.732676,-32.1420100000001,-32.14201,-0.000002488745,1061.13320183344,655.7916,826.8958,77.61192,38.41711,448850.5,121897.3
156.795,S,153.305,1.184399,39.5776,17.50751,15.24199,0,12.46201,0.0000007259453,0.0000006317698,33.98173,48.75216,4.726539,-32.1420100000001,-32.14201,-0.00000248212,1059.14992962493,652.5776,826.8958,77.61192,38.28014,448915.9,121979.9
156.895,S,153.405,1.182188,39.7148,17.61888,15.2628,0,12.46201,0.0000007255758,0.0000006283134,33.98173,48.73302,4.720414,-32.1420100000001,-32.14201,-0.000002475561,1057.1727079374,649.3636,826.8958,77.61192,38.14265,448981,122062.6
156.9949,S,153.5049,1.179983,39.85251,17.731,15.28316,0,12.46201,0.0000007252211,0.0000006248679,33.98173,48.71391,4.714298,-32.1420100000001,-32.14201,-0.000002469066,1055.20157078299,646.1496,826.8958,77.61192,38.00464,449045.8,122145.2
157.0948,S,153.6049,1.177785,39.99074,17.84384,15.30305,0,12.46201,0.0000007248812,0.0000006214336,33.98173,48.69482,4.708189,-32.1420100000001,-32.14201,-0.000002462633,1053.23655232341,642.9356,826.8958,77.61192,37.86611,449110.2,122227.9
157.1948,S,153.7048,1.175595,40.12948,17.95743,15.32248,0,12.46201,0.0000007245599,0.0000006180132,33.98173,48.67577,4.702094,-32.1420100000001,-32.14201,-0.000002456277,1051.27768686931,639.7216,826.8958,77.61192,37.72705,449174.3,122310.6
157.2947,S,153.8047,1.173411,40.26874,18.07176,15.34144,0,12.46201,0.0000007242495,0.0000006145997,33.98173,48.65675,4.696007,-32.1420100000001,-32.14201,-0.000002449969,1049.32500887975,636.5076,826.8958,77.61192,37.58748,449238.2,122393.2
157.3947,S,153.9047,1.171234,40.40852,18.18683,15.3599,0,12.46201,0.0000007239576,0.0000006112001,33.98173,48.63775,4.689928,-32.1420100000001,-32.14201,-0.000002443737,1047.37855296149,633.2936,826.8958,77.61192,37.44737,449301.6,122475.9
157.4946,S,154.0046,1.169064,40.54882,18.30265,15.37787,0,12.46201,0.0000007236799,0.0000006078101,33.98173,48.61879,4.68386,-32.1420100000001,-32.14201,-0.000002437566,1045.43835386832,630.0796,826.8958,77.61192,37.30674,449364.8,122558.5
157.5946,S,154.1046,1.166901,40.68964,18.41922,15.39533,0,12.46201,0.0000007234208,0.0000006044328,33.98173,48.59986,4.677803,-32.1420100000001,-32.14201,-0.00000243147,1043.50444650039,626.8656,826.8958,77.61192,37.16558,449427.6,122641.2
157.6945,S,154.2045,1.164745,40.83098,18.53653,15.41226,0,12.46201,0.0000007231727,0.0000006010623,33.98173,48.58096,4.671754,-32.1420100000001,-32.14201,-0.000002425422,1041.57686590347,623.6516,826.8958,77.61192,37.0239,449490.1,122723.8
157.7945,S,154.3045,1.162596,40.97284,18.65461,15.42867,0,12.46201,0.0000007229432,0.0000005977041,33.98173,48.56209,4.665717,-32.1420100000001,-32.14201,-0.000002419449,1039.65564726812,620.4376,826.8958,77.61192,36.88168,449552.3,122806.5
157.8944,S,154.4044,1.160455,41.11523,18.77344,15.44454,0,12.46201,0.0000007227276,0.000000594355,33.98173,48.54325,4.659689,-32.1420100000001,-32.14201,-0.000002413536,1037.74082592895,617.2236,826.8958,77.61192,36.73893,449614.2,122889.1
157.9944,S,154.5044,1.15832,41.25815,18.89303,15.45986,0,12.46201,0.0000007225267,0.0000005910144,33.98173,48.52446,4.653673,-32.1420100000001,-32.14201,-0.000002407682,1035.83243736373,614.0096,826.8958,77.61192,36.59565,449675.7,122971.8
158.0943,S,154.6043,1.156193,41.40159,19.01337,15.4746,0,12.46201,0.0000007223437,0.0000005876853,33.98173,48.50568,4.647665,-32.1420100000001,-32.14201,-0.000002401901,1033.93051719257,610.7956,826.8958,77.61192,36.45183,449736.9,123054.5
158.1942,S,154.7043,1.154073,41.54556,19.13449,15.48878,0,12.46201,0.0000007221718,0.0000005843618,33.98173,48.48694,4.641669,-32.1420100000001,-32.14201,-0.000002396168,1032.03510117694,607.5816,826.8958,77.61192,36.30748,449797.8,123137.1
158.2942,S,154.8042,1.151961,41.69006,19.25636,15.50237,0,12.46201,0.0000007220178,0.0000005810491,33.98173,48.46823,4.635681,-32.1420100000001,-32.14201,-0.000002390507,1030.14622521878,604.3676,826.8958,77.61192,36.16259,449858.4,123219.8
158.3941,S,154.9041,1.149856,41.83508,19.37893,15.51542,0,12.46201,0.0000007218756,0.0000005777465,33.98173,48.44956,4.629707,-32.1420200000001,-32.14202,-0.000002384902,1028.26392535948,601.1536,826.8958,77.61192,36.01717,449918.7,123302.4
158.4941,S,155.0041,1.147758,41.98064,19.50206,15.52805,0,12.46201,0.0000007217399,0.0000005744585,33.98173,48.43092,4.62374,-32.1420200000001,-32.14202,-0.000002379351,1026.38823777891,597.9396,826.8958,77.61192,35.8712,449978.6,123385.1
158.594,S,155.104,1.145667,42.12674,19.62595,15.54007,0,12.46201,0.0000007216219,0.0000005711809,33.98173,48.41231,4.617785,-32.1420200000001,-32.14202,-0.000002373871,1024.51919879429,594.7256,826.8958,77.61192,35.7247,450038.2,123467.7
158.694,S,155.204,1.143584,42.27336,19.75062,15.55145,0,12.46201,0.0000007215182,0.00000056791,33.98173,48.39373,4.61184,-32.1420200000001,-32.14202,-0.000002368448,1022.65684485916,591.5116,826.8958,77.61192,35.57766,450097.5,123550.4
158.7939,S,155.3039,1.141509,42.42052,19.87605,15.56218,0,12.46201,0.000000721429,0.0000005646462,33.98173,48.37519,4.605907,-32.1420200000001,-32.14202,-0.000002363084,1020.80121256222,588.2976,826.8958,77.61192,35.43007,450156.5,123633.1
158.8939,S,155.4039,1.139441,42.56821,20.00226,15.57226,0,12.46201,0.0000007213542,0.000000561389,33.98173,48.35668,4.599984,-32.1420200000001,-32.14202,-0.000002357778,1018.95233862615,585.0836,826.8958,77.61192,35.28194,450215.2,123715.7
158.9938,S,155.5038,1.137381,42.71644,20.12925,15.58167,0,12.46201,0.0000007212941,0.0000005581381,33.98173,48.33821,4.594073,-32.1420200000001,-32.14202,-0.000002352531,1017.11025990642,581.8696,826.8958,77.61192,35.13326,450273.5,123798.4
159.0938,S,155.6038,1.135328,42.8652,20.25702,15.5904,0,12.46201,0.0000007212515,0.0000005548961,33.98173,48.31976,4.588171,-32.1420200000001,-32.14202,-0.000002347352,1015.27501339002,578.6556,826.8958,77.61192,34.98404,450331.5,123881
159.1937,S,155.7037,1.133283,43.01451,20.38556,15.59843,0,12.46201,0.0000007212228,0.0000005516595,33.98173,48.30135,4.58228,-32.1420200000001,-32.14202,-0.000002342229,1013.44663619418,575.4416,826.8958,77.61192,34.83428,450389.2,123963.7
159.2936,S,155.8036,1.131246,43.16435,20.51488,15.60575,0,12.46201,0.0000007212082,0.0000005484284,33.98173,48.28298,4.5764,-32.1420200000001,-32.14202,-0.000002337163,1011.62516556504,572.2276,826.8958,77.61192,34.68397,450446.6,124046.3
159.3936,S,155.9036,1.129216,43.31474,20.64498,15.61234,0,12.46201,0.000000721208,0.0000005452029,33.98173,48.26464,4.570532,-32.1420200000001,-32.14202,-0.000002332155,1009.81063887627,569.0136,826.8958,77.61192,34.53311,450503.6,124129
159.4935,S,156.0035,1.127195,43.46565,20.77587,15.61819,0,12.46201,0.0000007212223,0.0000005419826,33.98173,48.24633,4.564674,-32.1420200000001,-32.14202,-0.000002327204,1008.00309362764,565.7996,826.8958,77.61192,34.3817,450560.3,124211.6
159.5935,S,156.1035,1.125181,43.61712,20.90753,15.6233,0,12.46201,0.0000007212541,0.0000005387696,33.98173,48.22806,4.558827,-32.1420200000001,-32.14202,-0.00000232232,1006.2025674436,562.5856,826.8958,77.61192,34.22974,450616.7,124294.3
159.6934,S,156.2034,1.123175,43.76913,21.03998,15.62763,0,12.46201,0.0000007212994,0.0000005355607,33.98173,48.20982,4.552988,-32.1420200000001,-32.14202,-0.00000231749,1004.40909807174,559.3716,826.8958,77.61192,34.07724,450672.8,124377
159.7934,S,156.3034,1.121177,43.92168,21.17321,15.63119,0,12.46201,0.0000007213593,0.0000005323565,33.98173,48.19162,4.547164,-32.1420200000001,-32.14202,-0.000002312717,1002.62272338128,556.1576,826.8958,77.61192,33.92418,450728.6,124459.6
159.8933,S,156.4033,1.119187,44.07476,21.30722,15.63395,0,12.46201,0.0000007214331,0.0000005291561,33.98173,48.17344,4.541348,-32.1420200000001,-32.14202,-0.000002308,1000.84348136144,552.9436,826.8958,77.61192,33.77057,450784,124542.3
159.9933,S,156.5033,1.117205,44.2284,21.44202,15.6359,0,12.46201,0.0000007215242,0.0000005259618,33.98173,48.1553,4.535544,-32.1420200000001,-32.14202,-0.000002303349,999.071410119865,549.7296,826.8958,77.61192,33.61641,450839.1,124624.9
160.0932,S,156.6032,1.115231,44.38258,21.57761,15.63702,0,12.46201,0.0000007216261,0.0000005227685,33.98173,48.1372,4.52975,-32.1420200000001,-32.14202,-0.000002298742,997.306547880889,546.5156,826.8958,77.61192,33.46169,450893.9,124707.6
160.1931,S,156.7032,1.113265,44.53731,21.71398,15.6373,0,12.46201,0.0000007217447,0.0000005195806,33.98173,48.11913,4.523967,-32.1420200000001,-32.14202,-0.000002294199,995.548932983856,543.3016,826.8958,77.61192,33.30642,450948.4,124790.2
160.2931,S,156.8031,1.111307,44.69258,21.85114,15.63673,0,12.46201,0.0000007218782,0.0000005163962,33.98173,48.10109,4.518196,-32.1420200000001,-32.14202,-0.000002289714,993.798603881337,540.0876,826.8958,77.61192,33.15059,451002.6,124872.9
160.393,S,156.903,1.109357,44.8484,21.98907,15.63528,0,12.46201,0.000000722028,0.0000005132163,33.98173,48.08309,4.512435,-32.1420200000001,-32.14202,-0.000002285291,992.055599137314,536.8736,826.8958,77.61192,32.99421,451056.4,124955.6
160.493,S,157.003,1.107416,45.00476,22.1278,15.63294,0,12.46201,0.0000007221888,0.0000005100365,33.98173,48.06511,4.506682,-32.1420200000001,-32.14202,-0.000002280912,990.319957425324,533.6596,826.8958,77.61192,32.83727,451109.9,125038.2
160.5929,S,157.1029,1.105483,45.16168,22.26731,15.62969,0,12.46201,0.0000007223669,0.0000005068613,33.98173,48.04717,4.500941,-32.1420200000001,-32.14202,-0.000002276599,988.591717526551,530.4456,826.8958,77.61192,32.67978,451163.1,125120.9
160.6929,S,157.2029,1.103558,45.31914,22.4076,15.62553,0,12.46201,0.0000007225589,0.0000005036879,33.98173,48.02926,4.495211,-32.1420200000001,-32.14202,-0.00000227234,986.870918327871,527.2316,826.8958,77.61192,32.52172,451216,125203.5
160.7928,S,157.3028,1.101642,45.47715,22.54868,15.62043,0,12.46201,0.0000007227648,0.000000500516,33.98173,48.01139,4.489493,-32.1420200000001,-32.14202,-0.000002268134,985.157598819852,524.0176,826.8958,77.61192,32.36311,451268.5,125286.2
160.8928,S,157.4028,1.099734,45.63572,22.69054,15.61436,0,12.46201,0.0000007229874,0.0000004973475,33.98173,47.99355,4.483782,-32.1420200000001,-32.14202,-0.000002263991,983.451798094698,520.8036,826.8958,77.61192,32.20395,451320.8,125368.8
160.9927,S,157.5027,1.097834,45.79483,22.83317,15.60732,0,12.46201,0.0000007232205,0.0000004941775,33.98173,47.97573,4.478082,-32.1420200000001,-32.14202,-0.000002259892,981.753555344158,517.5896,826.8958,77.61192,32.04422,451372.7,125451.5
161.0927,S,157.6027,1.095943,45.95449,22.9766,15.5993,0,12.46201,0.0000007234705,0.0000004910103,33.98173,47.95795,4.472393,-32.1420200000001,-32.14202,-0.000002255854,980.06290985737,514.3756,826.8958,77.61192,31.88393,451424.2,125534.1
161.1926,S,157.7026,1.094061,46.1147,23.1208,15.59026,0,12.46201,0.0000007237344,0.0000004878436,33.98173,47.94021,4.466714,-32.1420200000001,-32.14202,-0.00000225187,978.379901018666,511.1616,826.8958,77.61192,31.72308,451475.5,125616.8
161.2925,S,157.8026,1.092187,46.27546,23.26577,15.58019,0,12.46201,0.0000007240154,0.0000004846792,33.98173,47.92249,4.461042,-32.1420200000001,-32.14202,-0.00000224795,976.704568305327,507.9476,826.8958,77.61192,31.56168,451526.4,125699.5
161.3925,S,157.9025,1.090321,46.43678,23.41153,15.56908,0,12.46201,0.0000007243066,0.0000004815121,33.98173,47.9048,4.455382,-32.1420200000001,-32.14202,-0.000002244071,975.036951285281,504.7336,826.8958,77.61192,31.39971,451577.1,125782.1
161.4924,S,158.0024,1.088465,46.59864,23.55807,15.5569,0,12.46201,0.0000007246148,0.0000004783467,33.98173,47.88714,4.449731,-32.1420200000001,-32.14202,-0.000002240255,973.377089614758,501.5196,826.8958,77.61192,31.23718,451627.3,125864.8
161.5924,S,158.1024,1.086617,46.76105,23.70537,15.54364,0,12.46201,0.0000007249361,0.0000004751802,33.98173,47.86951,4.444089,-32.1420200000001,-32.14202,-0.000002236489,971.725023035887,498.3056,826.8958,77.61192,31.07409,451677.3,125947.4
161.6923,S,158.2023,1.084778,46.92402,23.85344,15.52927,0,12.46201,0.0000007252712,0.0000004720125,33.98173,47.8519,4.438456,-32.1420200000001,-32.14202,-0.000002232775,970.080791374252,495.0916,826.8958,77.61192,30.91044,451727,126030.1
161.7923,S,158.3023,1.082947,47.08755,24.00228,15.51377,0,12.46201,0.0000007256199,0.0000004688432,33.98173,47.83432,4.432828,-32.1420200000001,-32.14202,-0.000002229114,968.444434536384,491.8776,826.8958,77.61192,30.74623,451776.3,126112.7
161.8922,S,158.4022,1.081125,47.25162,24.15188,15.49713,0,12.46201,0.0000007259852,0.000000465674,33.98173,47.81677,4.427213,-32.1420200000001,-32.14202,-0.000002225513,966.815992507207,488.6636,826.8958,77.61192,30.58146,451825.3,126195.4
161.9922,S,158.5022,1.079313,47.41624,24.30225,15.47933,0,12.46201,0.0000007263605,0.0000004625005,33.98173,47.79925,4.421607,-32.1420200000001,-32.14202,-0.000002221953,965.195505347438,485.4496,826.8958,77.61192,30.41612,451874,126278.1
162.0921,S,158.6021,1.077509,47.58142,24.45339,15.46034,0,12.46201,0.0000007267529,0.0000004593267,33.98173,47.78175,4.416006,-32.1420200000001,-32.14202,-0.000002218455,963.583013190921,482.2356,826.8958,77.61192,30.25022,451922.4,126360.7
162.192,S,158.7021,1.075714,47.74715,24.60527,15.44014,0,12.46201,0.0000007271616,0.0000004561518,33.98173,47.76427,4.410413,-32.1420200000001,-32.14202,-0.000002215017,961.978556241924,479.0216,826.8958,77.61192,30.08376,451970.4,126443.4
162.292,S,158.802,1.073929,47.91344,24.75791,15.41871,0,12.46201,0.0000007275798,0.0000004529713,33.98173,47.74681,4.404827,-32.1420200000001,-32.14202,-0.000002211617,960.382174772364,475.8076,826.8958,77.61192,29.91673,452018.1,126526
162.3919,S,158.9019,1.072152,48.08027,24.91131,15.39603,0,12.46201,0.0000007280155,0.0000004497895,33.98173,47.72937,4.399247,-32.1420200000001,-32.14202,-0.00000220828,958.793909119001,472.5936,826.8958,77.61192,29.74915,452065.5,126608.7
162.4919,S,159.0019,1.070385,48.24765,25.06544,15.37208,0,12.46201,0.0000007284645,0.0000004466039,33.98173,47.71196,4.393674,-32.1420200000001,-32.14202,-0.000002204994,957.21379968056,469.3796,826.8958,77.61192,29.581,452112.6,126691.3
162.5918,S,159.1018,1.068626,48.4156,25.22032,15.34683,0,12.46201,0.000000728926,0.0000004434136,33.98173,47.69456,4.388108,-32.1420200000001,-32.14202,-0.000002201755,955.641886914808,466.1656,826.8958,77.61192,29.41229,452159.4,126774
162.6918,S,159.2018,1.066877,48.58408,25.37593,15.32026,0,12.46201,0.0000007294005,0.0000004402184,33.98173,47.67719,4.382547,-32.1420200000001,-32.14202,-0.000002198565,954.078211335578,462.9516,826.8958,77.61192,29.24302,452205.8,126856.6
162.7917,S,159.3017,1.065137,48.75312,25.4925,15.25744,0,12.46201,0.0000007287548,0.0000004360228,33.98173,47.67778,4.382736,-32.1420200000001,-32.14202,-0.000002191618,952.522813509732,459.7376,826.8958,77.61192,29.07319,452251.9,126939.3
162.8917,S,159.4017,1.063406,48.92272,25.64403,15.22354,0,12.46201,0.0000007291036,0.0000004326908,33.98173,47.66275,4.377927,-32.1420200000001,-32.14202,-0.000002188029,950.97573405408,456.5236,826.8958,77.61192,28.90279,452297.7,127022
162.9916,S,159.5016,1.061685,49.09286,25.79621,15.18823,0,12.46201,0.0000007294691,0.0000004293563,33.98173,47.64774,4.373125,-32.1420200000001,-32.14202,-0.000002184502,949.437013632234,453.3096,826.8958,77.61192,28.73184,452343.2,127104.6
163.0916,S,159.6016,1.059973,49.26356,25.94903,15.15151,0,12.46201,0.0000007298502,0.0000004260186,33.98173,47.63274,4.368323,-32.1420200000001,-32.14202,-0.000002181034,947.906692951419,450.0956,826.8958,77.61192,28.56032,452388.3,127187.3
163.1915,S,159.7015,1.058271,49.43481,26.10249,15.11334,0,12.46201,0.0000007302406,0.0000004226736,33.98173,47.61773,4.363522,-32.1420200000001,-32.14202,-0.000002177605,946.384812759216,446.8816,826.8958,77.61192,28.38824,452433.2,127269.9
163.2914,S,159.8015,1.056578,49.60661,26.25657,15.07369,0,12.46201,0.0000007306461,0.0000004193239,33.98173,47.60272,4.358717,-32.1420200000001,-32.14202,-0.000002174234,944.871413840262,443.6676,826.8958,77.61192,28.2156,452477.7,127352.6
163.3914,S,159.9014,1.054894,49.77895,26.41129,15.03254,0,12.46201,0.0000007310607,0.0000004159661,33.98173,47.5877,4.353912,-32.1420200000001,-32.14202,-0.000002170902,943.366537012892,440.4536,826.8958,77.61192,28.0424,452521.9,127435.2
163.4913,S,160.0013,1.05322,49.95185,26.5666,14.98986,0,12.46201,0.0000007314908,0.0000004126034,33.98173,47.57268,4.349105,-32.1420200000001,-32.14202,-0.000002167629,941.870223125721,437.2396,826.8958,77.61192,27.86864,452565.8,127517.9
163.5913,S,160.1013,1.051556,50.12529,26.72252,14.94563,0,12.46201,0.0000007319327,0.0000004092332,33.98173,47.55766,4.344297,-32.1420200000001,-32.14202,-0.000002164403,940.38251305418,434.0256,826.8958,77.61192,27.69433,452609.3,127600.6
163.6912,S,160.2012,1.049901,50.29928,26.8794,14.90033,0,12.46201,0.0000007323994,0.0000004058708,33.98173,47.54317,4.339663,-32.1420200000001,-32.14202,-0.000002161272,938.90344769699,430.8116,826.8958,77.61192,27.51945,452652.5,127683.2
163.7912,S,160.3012,1.048256,50.47382,27.0429,14.86167,0,12.46201,0.0000007330387,0.000000402722,33.98173,47.53756,4.337867,-32.1420200000001,-32.14202,-0.000002158821,937.433067972586,427.5976,826.8958,77.61192,27.34402,452695.4,127765.9
163.8911,S,160.4011,1.046621,50.64891,27.20751,14.82175,0,12.46201,0.000000733705,0.0000003995738,33.98173,47.53189,4.336053,-32.1420200000001,-32.14202,-0.00000215646,935.971414815482,424.3836,826.8958,77.61192,27.16803,452738,127848.5
163.9911,S,160.5011,1.044996,50.82454,27.37322,14.78056,0,12.46201,0.0000007343958,0.0000003964244,33.98173,47.52618,4.334224,-32.1420200000001,-32.14202,-0.000002154183,934.518529172587,421.1696,826.8958,77.61192,26.99148,452780.3,127931.2
164.091,S,160.601,1.04338,51.00072,27.54004,14.73805,0,12.46201,0.0000007351144,0.000000393275,33.98173,47.52041,4.332378,-32.1420200000001,-32.14202,-0.000002151998,933.074451999462,417.9556,826.8958,77.61192,26.81438,452822.2,128013.8
164.1909,S,160.701,1.041775,51.17744,27.70796,14.6942,0,12.46201,0.0000007358531,0.0000003901208,33.98173,47.51459,4.330516,-32.1420200000001,-32.14202,-0.000002149883,931.639224256523,414.7416,826.8958,77.61192,26.63672,452863.8,128096.5
164.2909,S,160.8009,1.040179,51.35471,27.877,14.64898,0,12.46201,0.0000007366199,0.0000003869654,33.98173,47.50873,4.32864,-32.1420200000001,-32.14202,-0.000002147862,930.212886905194,411.5276,826.8958,77.61192,26.45851,452905.2,128179.1
164.3908,S,160.9008,1.038593,51.53252,28.04714,14.60237,0,12.46201,0.00000073741,0.0000003838059,33.98173,47.50282,4.326749,-32.1420200000001,-32.14202,-0.000002145919,928.795480904002,408.3136,826.8958,77.61192,26.27974,452946.1,128261.8
164.4908,S,161.0008,1.037018,51.71087,28.21838,14.55432,0,12.46201,0.0000007382249,0.0000003806422,33.98173,47.49687,4.324846,-32.1420200000001,-32.14202,-0.000002144058,927.387047204615,405.0996,826.8958,77.61192,26.10042,452986.8,128344.5
164.5907,S,161.1007,1.035452,51.88976,28.39073,14.5048,0,12.46201,0.0000007390635,0.0000003774733,33.98173,47.49088,4.32293,-32.1420200000001,-32.14202,-0.000002142277,925.987626747839,401.8856,826.8958,77.61192,25.92055,453027.1,128427.1
164.6907,S,161.2007,1.033896,52.06919,28.56418,14.4538,0,12.46201,0.0000007399257,0.0000003742985,33.98173,47.48486,4.321001,-32.1420200000001,-32.14202,-0.000002140576,924.597260459545,398.6716,826.8958,77.61192,25.74013,453067.2,128509.8
164.7906,S,161.3006,1.032351,52.24916,28.73874,14.40126,0,12.46201,0.0000007408161,0.0000003711194,33.98173,47.4788,4.319063,-32.1420200000001,-32.14202,-0.000002138966,923.215989246555,395.4576,826.8958,77.61192,25.55916,453106.8,128592.4
164.8906,S,161.4006,1.030816,52.42967,28.91439,14.34716,0,12.46201,0.00000074173,0.0000003679332,33.98173,47.47271,4.317114,-32.1420200000001,-32.14202,-0.000002137434,921.843853992473,392.2436,826.8958,77.61192,25.37764,453146.2,128675.1
164.9905,S,161.5005,1.029291,52.61071,29.09113,14.29146,0,12.46201,0.0000007426677,0.0000003647392,33.98173,47.46659,4.315155,-32.1420200000001,-32.14202,-0.000002135981,920.480895553458,389.0296,826.8958,77.61192,25.19557,453185.2,128757.7
165.0905,S,161.6005,1.027776,52.79229,29.26898,14.23414,0,12.46201,0.0000007436327,0.0000003615384,33.98173,47.46044,4.313189,-32.1420200000001,-32.14202,-0.000002134617,919.127154753952,385.8156,826.8958,77.61192,25.01296,453224,128840.4
165.1904,S,161.7004,1.026272,52.9744,29.44792,14.17514,0,12.46201,0.0000007446187,0.0000003583273,33.98173,47.45427,4.311213,-32.1420200000001,-32.14202,-0.000002133323,917.782672382354,382.6016,826.8958,77.61192,24.8298,453262.4,128923.1
165.2903,S,161.8004,1.024778,53.15705,29.62794,14.11445,0,12.46201,0.0000007456312,0.0000003551079,33.98173,47.44807,4.309231,-32.1420200000001,-32.14202,-0.000002132115,916.447489186639,379.3876,826.8958,77.61192,24.6461,453300.5,129005.7
165.3903,S,161.9003,1.023295,53.34022,29.80906,14.05201,0,12.46201,0.0000007466683,0.0000003518782,33.98173,47.44186,4.307242,-32.1420200000001,-32.14202,-0.000002130987,915.121645869933,376.1736,826.8958,77.61192,24.46186,453338.2,129088.4
165.4902,S,162.0002,1.021822,53.52393,29.99126,13.98779,0,12.46201,0.0000007477329,0.0000003486392,33.98173,47.43563,4.305249,-32.1420200000001,-32.14202,-0.000002129948,913.805183086031,372.9596,826.8958,77.61192,24.27708,453375.7,129171
165.5902,S,162.1002,1.02036,53.70816,30.17454,13.92176,0,12.46201,0.0000007488166,0.0000003453862,33.98173,47.42938,4.303249,-32.1420200000001,-32.14202,-0.000002128974,912.498141434872,369.7456,826.8958,77.61192,24.09175,453412.8,129253.7
165.6901,S,162.2001,1.018908,53.89293,30.35891,13.85388,0,12.46201,0.0000007499287,0.0000003421226,33.98173,47.42313,4.301248,-32.1420200000001,-32.14202,-0.000002128089,911.200561457957,366.5316,826.8958,77.61192,23.9059,453449.6,129336.3
165.7901,S,162.3001,1.017467,54.07821,30.54434,13.78409,0,12.46201,0.0000007510641,0.0000003388456,33.98173,47.41685,4.299241,-32.1420200000001,-32.14202,-0.00000212728,909.912483633726,363.3176,826.8958,77.61192,23.7195,453486,129419
165.89,S,162.4,1.016036,54.26402,30.73086,13.71238,0,12.46201,0.0000007522239,0.0000003355547,33.98173,47.41058,4.297232,-32.1420200000001,-32.14202,-0.000002126551,908.633948372883,360.1036,826.8958,77.61192,23.53257,453522.2,129501.6
165.99,S,162.5,1.014616,54.45035,30.91844,13.63868,0,12.46201,0.0000007534072,0.0000003322489,33.98173,47.40429,4.295221,-32.1420200000001,-32.14202,-0.000002125898,907.364996013674,356.8896,826.8958,77.61192,23.34511,453558,129584.3
166.0899,S,162.5999,1.013207,54.6372,31.10708,13.56297,0,12.46201,0.0000007546175,0.000000328929,33.98173,47.39801,4.293209,-32.1420200000001,-32.14202,-0.000002125331,906.105666817119,353.6756,826.8958,77.61192,23.15711,453593.5,129667
166.1898,S,162.6999,1.011809,54.82457,31.29678,13.48519,0,12.46201,0.0000007558522,0.0000003255928,33.98173,47.39172,4.291199,-32.1420200000001,-32.14202,-0.000002124842,904.856000962195,350.4616,826.8958,77.61192,22.96859,453628.7,129749.6
166.2898,S,162.7998,1.010422,55.01245,31.48753,13.4053,0,12.46201,0.0000007571102,0.000000322239,33.98173,47.38544,4.289187,-32.1420200000001,-32.14202,-0.000002124428,903.616038540981,347.2476,826.8958,77.61192,22.77954,453663.6,129832.3
166.3897,S,162.8997,1.009045,55.20086,31.67933,13.32326,0,12.46201,0.0000007583924,0.0000003188677,33.98173,47.37916,4.287178,-32.1420200000001,-32.14202,-0.000002124093,902.385819553751,344.0336,826.8958,77.61192,22.58997,453698.2,129914.9
166.4897,S,162.9997,1.00768,55.38976,31.87218,13.23902,0,12.46201,0.000000759698,0.000000315477,33.98173,47.37289,4.285171,-32.1420200000001,-32.14202,-0.000002123833,901.165383904029,340.8196,826.8958,77.61192,22.39987,453732.4,129997.6
166.5896,S,163.0996,1.006325,55.57919,32.06607,13.15254,0,12.46201,0.0000007610311,0.0000003120683,33.98173,47.36662,4.283165,-32.1420200000001,-32.14202,-0.000002123659,899.954771393594,337.6056,826.8958,77.61192,22.20925,453766.3,130080.2
166.6896,S,163.1996,1.004981,55.76912,32.261,13.06376,0,12.46201,0.0000007623882,0.000000308639,33.98173,47.36037,4.281165,-32.1420200000001,-32.14202,-0.000002123562,898.754021717453,334.3916,826.8958,77.61192,22.01811,453799.9,130162.9
166.7895,S,163.2995,1.003649,55.95955,32.45695,12.97263,0,12.46201,0.0000007637686,0.0000003051879,33.98173,47.35413,4.279169,-32.1420200000001,-32.14202,-0.000002123541,897.563174458765,331.1776,826.8958,77.61192,21.82645,453833.1,130245.6
166.8895,S,163.3995,1.002327,56.15049,32.65393,12.87912,0,12.46201,0.0000007651734,0.0000003017147,33.98173,47.3479,4.277176,-32.1420200000001,-32.14202,-0.000002123597,896.382269083729,327.9636,826.8958,77.61192,21.63428,453866.1,130328.2
166.9894,S,163.4994,1.001017,56.34194,32.85192,12.78315,0,12.46201,0.0000007666057,0.0000002982195,33.98173,47.3417,4.275192,-32.1420200000001,-32.14202,-0.00000212374,895.211344936432,324.7496,826.8958,77.61192,21.4416,453898.7,130410.9
167.0894,S,163.5994,0.999718,56.53387,33.05093,12.68468,0,12.46201,0.0000007680577,0.0000002946982,33.98173,47.33552,4.273214,-32.1420200000001,-32.14202,-0.000002123947,894.050441233656,321.5356,826.8958,77.61192,21.2484,453931,130493.5
167.1893,S,163.6993,0.9984302,56.72631,33.25093,12.58367,0,12.46201,0.0000007695375,0.0000002911533,33.98173,47.32936,4.271243,-32.1420200000001,-32.14202,-0.000002124241,892.899597059656,318.3216,826.8958,77.61192,21.0547,453963,130576.2
167.2892,S,163.7993,0.9971537,56.91925,33.45195,12.48004,0,12.46201,0.000000771042,0.0000002875822,33.98173,47.32323,4.269281,-32.1420200000001,-32.14202,-0.000002124614,891.758851360891,315.1076,826.8958,77.61192,20.86049,453994.6,130658.8
167.3892,S,163.8992,0.9958885,57.11267,33.65394,12.37376,0,12.46201,0.0000007725729,0.0000002839849,33.98173,47.31713,4.267328,-32.1420200000001,-32.14202,-0.000002125071,890.628242940732,311.8936,826.8958,77.61192,20.66578,454026,130741.5
167.4891,S,163.9991,0.9946346,57.30658,33.85693,12.26475,0,12.46201,0.0000007741252,0.0000002803582,33.98173,47.31105,4.265385,-32.1420200000001,-32.14202,-0.000002125596,889.507810454127,308.6796,826.8958,77.61192,20.47057,454057,130824.1
167.5891,S,164.0991,0.9933922,57.50098,34.0609,12.15295,0,12.46201,0.0000007757045,0.000000276703,33.98173,47.30501,4.263451,-32.1420200000001,-32.14202,-0.000002126207,888.397592402239,305.4656,826.8958,77.61192,20.27486,454087.7,130906.8
167.689,S,164.199,0.9921613,57.69587,34.2658,12.03834,0,12.46201,0.000000777307,0.0000002730178,33.98173,47.29901,4.261531,-32.1420200000001,-32.14202,-0.000002126893,887.297627127051,302.2516,826.8958,77.61192,20.07865,454118,130989.5
167.789,S,164.299,0.9909418,57.89124,34.47171,11.9208,0,12.46201,0.0000007789346,0.0000002693006,33.98173,47.29305,4.259622,-32.1420200000001,-32.14202,-0.000002127658,886.20795280594,299.0376,826.8958,77.61192,19.88196,454148.1,131072.1
167.8889,S,164.3989,0.9897339,58.08709,34.6786,11.80027,0,12.46201,0.0000007805911,0.0000002655513,33.98173,47.28712,4.257725,-32.1420200000001,-32.14202,-0.000002128512,885.128607446226,295.8236,826.8958,77.61192,19.68477,454177.8,131154.8
167.9889,S,164.4989,0.9885376,58.28341,34.88637,11.67676,0,12.46201,0.0000007822666,0.0000002617681,33.98173,47.28123,4.255842,-32.1420200000001,-32.14202,-0.000002129431,884.05962887969,292.6096,826.8958,77.61192,19.4871,454207.2,131237.4
168.0888,S,164.5988,0.9873528,58.4802,35.09513,11.55012,0,12.46201,0.0000007839705,0.0000002579501,33.98173,47.2754,4.253974,-32.1420200000001,-32.14202,-0.000002130438,883.001054757068,289.3956,826.8958,77.61192,19.28894,454236.3,131320.1
168.1888,S,164.6988,0.9861798,58.67746,35.3048,11.42032,0,12.46201,0.0000007856989,0.0000002540959,33.98173,47.26961,4.252121,-32.1420200000001,-32.14202,-0.000002131523,881.952922542522,286.1816,826.8958,77.61192,19.0903,454265.1,131402.8
168.2887,S,164.7987,0.9850185,58.8752,35.51545,11.28724,0,12.46201,0.0000007874524,0.0000002502032,33.98173,47.26387,4.250286,-32.1420200000001,-32.14202,-0.000002132688,880.915269508081,282.9676,826.8958,77.61192,18.89119,454293.5,131485.4
168.3886,S,164.8987,0.983869,59.07339,35.72696,11.1509,0,12.46201,0.0000007892323,0.0000002462735,33.98173,47.25818,4.248466,-32.1420200000001,-32.14202,-0.000002133938,879.888132728073,279.7536,826.8958,77.61192,18.6916,454321.7,131568.1
168.4886,S,164.9986,0.9827312,59.27205,35.93937,11.01117,0,12.46201,0.0000007910336,0.0000002423026,33.98173,47.25255,4.246663,-32.1420200000001,-32.14202,-0.000002135257,878.871549073524,276.5396,826.8958,77.61192,18.49153,454349.4,131650.7
168.5885,S,165.0985,0.9816053,59.47116,36.15274,10.86794,0,12.46201,0.0000007928643,0.0000002382899,33.98173,47.24697,4.244879,-32.1420200000001,-32.14202,-0.000002136668,877.865555206545,273.3256,826.8958,77.61192,18.291,454376.9,131733.4
168.6885,S,165.1985,0.9804912,59.67073,36.36696,10.72121,0,12.46201,0.0000007947182,0.000000234235,33.98173,47.24146,4.243114,-32.1420200000001,-32.14202,-0.000002138156,876.870187574703,270.1116,826.8958,77.61192,18.09001,454404.1,131816
168.7884,S,165.2984,0.9793891,59.87075,36.58207,10.57085,0,12.46201,0.0000007966015,0.0000002301366,33.98173,47.236,4.241368,-32.1420200000001,-32.14202,-0.000002139735,875.885482405374,266.8976,826.8958,77.61192,17.88855,454430.9,131898.7
168.8884,S,165.3984,0.9782989,60.07122,36.79807,10.41678,0,12.46201,0.0000007985055,0.0000002259904,33.98173,47.23061,4.239644,-32.1420200000001,-32.14202,-0.000002141384,874.911475700082,263.6836,826.8958,77.61192,17.68663,454457.4,131981.3
168.9883,S,165.4983,0.9772207,60.27213,37.01495,10.2589,0,12.46201,0.0000008004392,0.0000002217975,33.98173,47.22529,4.237939,-32.1420200000001,-32.14202,-0.000002143125,873.948203228827,260.4696,826.8958,77.61192,17.48426,454483.6,132064
169.0883,S,165.5983,0.9761545,60.47348,37.23271,10.09713,0,12.46201,0.0000008023975,0.0000002175549,33.98173,47.22003,4.236258,-32.1420200000001,-32.14202,-0.000002144947,872.995700524404,257.2556,826.8958,77.61192,17.28144,454509.5,132146.7
169.1882,S,165.6982,0.9751005,60.67527,37.45128,9.931423,0,12.46201,0.0000008043804,0.0000002132618,33.98173,47.21484,4.234597,-32.1420200000001,-32.14202,-0.00000214685,872.054002876711,254.0416,826.8958,77.61192,17.07817,454535,132229.3
169.2881,S,165.7982,0.9740586,60.87749,37.67073,9.761628,0,12.46201,0.0000008063931,0.0000002089165,33.98173,47.20973,4.232962,-32.1420200000001,-32.14202,-0.000002148846,871.123145327052,250.8276,826.8958,77.61192,16.87446,454560.2,132312
169.3881,S,165.8981,0.9730287,61.08015,37.89098,9.5877,0,12.46201,0.0000008084269,0.0000002045164,33.98173,47.2047,4.23135,-32.1420200000001,-32.14202,-0.000002150915,870.20316266243,247.6136,826.8958,77.61192,16.67031,454585.1,132394.6
169.488,S,165.998,0.9720111,61.28323,38.11204,9.409535,0,12.46201,0.0000008104891,0.0000002000612,33.98173,47.19973,4.229762,-32.1420200000001,-32.14202,-0.000002153075,869.294089409847,244.3996,826.8958,77.61192,16.46572,454609.7,132477.3
169.588,S,166.098,0.9710057,61.48674,38.33401,9.226922,0,12.46201,0.0000008125792,0.000000195546,33.98173,47.19485,4.228201,-32.1420200000001,-32.14202,-0.000002155324,868.395959830592,241.1856,826.8958,77.61192,16.26069,454634,132559.9
169.6879,S,166.1979,0.9700127,61.69066,38.55672,9.039908,0,12.46201,0.0000008146977,0.0000001909731,33.98173,47.19006,4.226665,-32.1420200000001,-32.14202,-0.000002157667,867.508807914534,237.9716,826.8958,77.61192,16.05524,454657.9,132642.6
169.7879,S,166.2979,0.9690319,61.895,38.78022,8.848332,0,12.46201,0.0000008168377,0.0000001863372,33.98173,47.18534,4.225156,-32.1420200000001,-32.14202,-0.000002160083,866.632667374416,234.7576,826.8958,77.61192,15.84937,454681.5,132725.2
169.8878,S,166.3978,0.9680634,62.09975,39.00457,8.65202,0,12.46201,0.0000008190083,0.0000001816369,33.98173,47.18071,4.223676,-32.1420200000001,-32.14202,-0.000002162597,865.767571640158,231.5436,826.8958,77.61192,15.64307,454704.8,132807.9
169.9878,S,166.4978,0.9671074,62.3049,39.22969,8.450902,0,12.46201,0.0000008212057,0.0000001768703,33.98173,47.17617,4.222223,-32.1420200000001,-32.14202,-0.000002165201,864.913553853156,228.3296,826.8958,77.61192,15.43635,454727.8,132890.6
170.0877,S,166.5977,0.9661636,62.51045,39.45561,8.244859,0,12.46201,0.0000008234292,0.0000001720349,33.98173,47.17172,4.220798,-32.1420200000001,-32.14202,-0.000002167892,864.0706468606,225.1156,826.8958,77.61192,15.22923,454750.5,132973.2
170.1877,S,166.6977,0.9652324,62.71641,39.6823,8.033756,0,12.46201,0.0000008256799,0.0000001671285,33.98173,47.16737,4.219404,-32.1420200000001,-32.14202,-0.000002170674,863.238883209796,221.9016,826.8958,77.61192,15.02169,454772.8,133055.9
170.2876,S,166.7976,0.9643138,62.92276,39.86841,7.796305,0,12.46201,0.0000008271029,0.0000001617101,33.98173,47.17373,4.22144,-32.1420200000001,-32.14202,-0.000002171123,862.4182951425,218.6876,826.8958,77.61192,14.81375,454794.8,133138.5
170.3875,S,166.8976,0.9634076,63.12951,40.08644,7.569691,0,12.46201,0.0000008292029,0.0000001565527,33.98173,47.17212,4.220925,-32.1420200000001,-32.14202,-0.000002173512,861.608914589267,215.4736,826.8958,77.61192,14.60541,454816.5,133221.2
170.4875,S,166.9975,0.962514,63.33663,40.30496,7.33765,0,12.46201,0.0000008313221,0.000000151317,33.98173,47.17064,4.220452,-32.1420200000001,-32.14202,-0.000002175974,860.810773163821,212.2596,826.8958,77.61192,14.39667,454837.9,133303.8
170.5874,S,167.0974,0.9616329,63.54414,40.52405,7.099974,0,12.46201,0.0000008334738,0.0000001460014,33.98173,47.16928,4.220018,-32.1420200000001,-32.14202,-0.000002178545,860.023902157432,209.0456,826.8958,77.61192,14.18755,454858.9,133386.5
170.6874,S,167.1974,0.9607646,63.75203,40.74369,6.85651,0,12.46201,0.0000008356469,0.0000001406008,33.98173,47.16806,4.219626,-32.1420200000001,-32.14202,-0.000002181195,859.248332533323,205.8316,826.8958,77.61192,13.97803,454879.7,133469.2
170.7873,S,167.2973,0.9599088,63.96029,40.96384,6.607172,0,12.46201,0.0000008378484,0.000000135115,33.98173,47.16697,4.219276,-32.1420200000001,-32.14202,-0.000002183946,858.484094921097,202.6176,826.8958,77.61192,13.76814,454900.1,133551.8
170.8873,S,167.3973,0.9590658,64.16891,41.1845,6.351801,0,12.46201,0.0000008400708,0.0000001295398,33.98173,47.166,4.218967,-32.1420200000001,-32.14202,-0.000002186776,857.731219611188,199.4036,826.8958,77.61192,13.55787,454920.2,133634.5
170.9872,S,167.4972,0.9582355,64.37791,41.40574,6.090156,0,12.46201,0.0000008423241,0.0000001238718,33.98173,47.16516,4.218699,-32.1420200000001,-32.14202,-0.000002189714,856.989736549333,196.1896,826.8958,77.61192,13.34722,454939.9,133717.1
171.0872,S,167.5972,0.957418,64.58726,41.62756,5.822058,0,12.46201,0.0000008446086,0.0000001181075,33.98173,47.16446,4.218474,-32.1420200000001,-32.14202,-0.000002192759,856.259675331085,192.9756,826.8958,77.61192,13.13621,454959.4,133799.8
171.1871,S,167.6971,0.9566133,64.79696,41.84986,5.547476,0,12.46201,0.0000008469138,0.0000001122453,33.98173,47.16388,4.21829,-32.1420200000001,-32.14202,-0.000002195889,855.541065196344,189.7616,826.8958,77.61192,12.92483,454978.5,133882.4
171.287,S,167.7971,0.9558214,65.00702,42.07275,5.266068,0,12.46201,0.0000008492514,0.0000001062797,33.98173,47.16344,4.218148,-32.1420200000001,-32.14202,-0.000002199131,854.833935023929,186.5476,826.8958,77.61192,12.71309,454997.3,133965.1
171.387,S,167.897,0.9550424,65.21742,42.29614,4.977792,0,12.46201,0.0000008516156,0.0000001002096,33.98173,47.16312,4.218047,-32.1420200000001,-32.14202,-0.000002202474,854.138313326182,183.3336,826.8958,77.61192,12.50101,455015.8,134047.8
171.4869,S,167.9969,0.9542762,65.42816,42.52014,4.682282,0,12.46201,0.0000008540094,0.00000009402785,33.98173,47.16294,4.217989,-32.1420200000001,-32.14202,-0.000002205925,853.45422824361,180.1196,826.8958,77.61192,12.28857,455033.9,134130.4
171.5869,S,168.0969,0.953523,65.63923,42.74464,4.379484,0,12.46201,0.0000008564304,0.00000008773347,33.98173,47.1629,4.217974,-32.1420200000001,-32.14202,-0.000002209479,852.781707539564,176.9056,826.8958,77.61192,12.07578,455051.8,134213.1
171.6868,S,168.1968,0.9527828,65.85064,42.96973,4.069092,0,12.46201,0.0000008588809,0.00000008132069,33.98173,47.16298,4.217999,-32.1420200000001,-32.14202,-0.000002213144,852.120778594969,173.6916,826.8958,77.61192,11.86267,455069.3,134295.7
171.7868,S,168.2968,0.9520556,66.06237,43.1954,3.750869,0,12.46201,0.0000008613651,0.00000007478525,33.98173,47.16319,4.218068,-32.1420200000001,-32.14202,-0.000002216932,851.471468403079,170.4776,826.8958,77.61192,11.64921,455086.5,134378.4
171.8867,S,168.3967,0.9513413,66.27442,43.42168,3.424568,0,12.46201,0.0000008638802,0.00000006812213,33.98173,47.16354,4.218179,-32.1420200000001,-32.14202,-0.000002220836,850.833803564301,167.2636,826.8958,77.61192,11.43543,455103.4,134461
171.9867,S,168.4967,0.9506401,66.48679,43.64845,3.090114,0,12.46201,0.000000866424,0.00000006132998,33.98173,47.16401,4.218331,-32.1420200000001,-32.14202,-0.000002224853,850.207810281049,164.0496,826.8958,77.61192,11.22132,455119.9,134543.7
172.0866,S,168.5966,0.949952,66.69946,43.8759,2.746964,0,12.46201,0.0000008690055,0.00000005439852,33.98173,47.16462,4.218527,-32.1420200000001,-32.14202,-0.000002229006,849.593514352655,160.8356,826.8958,77.61192,11.0069,455136.1,134626.3
172.1866,S,168.6966,0.949277,66.91245,44.10395,2.395019,0,12.46201,0.000000871614,0.00000004732543,33.98173,47.16537,4.218766,-32.1420200000001,-32.14202,-0.00000223327,848.990941170338,157.6216,826.8958,77.61192,10.79216,455152,134709
172.2865,S,168.7965,0.9486151,67.12572,44.33254,2.034087,0,12.46201,0.0000008742575,0.00000004010756,33.98173,47.16624,4.219046,-32.1420200000001,-32.14202,-0.000002237669,848.400115712212,154.4076,826.8958,77.61192,10.57712,455167.6,134791.7
172.3864,S,168.8965,0.9479663,67.3393,44.56181,1.663665,0,12.46201,0.0000008769356,0.00000003273498,33.98173,47.16726,4.219369,-32.1420200000001,-32.14202,-0.000002242201,847.821062538373,151.1936,826.8958,77.61192,10.36178,455182.9,134874.3
172.4864,S,168.9964,0.9473308,67.55317,44.79177,1.283423,0,12.46201,0.0000008796519,0.0000000252014,33.98173,47.1684,4.219736,-32.1420200000001,-32.14202,-0.000002246876,847.25380578602,147.9796,826.8958,77.61192,10.14613,455197.8,134957
172.5863,S,169.0963,0.9467085,67.76731,45.02234,0.8932279,0,12.46201,0.0000008823987,0.00000001750422,33.98173,47.16968,4.220145,-32.1420200000001,-32.14202,-0.00000225168,846.69836916466,144.7656,826.8958,77.61192,9.930202,455212.4,135039.6
172.6863,S,169.1963,0.9460994,67.98174,45.25359,0.492623,0,12.46201,0.0000008851843,0.000000009634743,33.98173,47.17109,4.220597,-32.1420200000001,-32.14202,-0.000002256633,846.15477595136,141.5516,826.8958,77.61192,9.713983,455226.8,135122.3
172.7862,S,169.2962,0.9455035,68.19644,45.48548,0.08134577,0,12.46201,0.0000008880047,0.000000001587901,33.98173,47.17264,4.221091,-32.1420200000001,-32.14202,-0.00000226173,845.623048986069,138.3376,826.8958,77.61192,9.497485,455240.7,135204.9
172.8862,S,169.3962,0.9449211,68.4114,45.71815,-0.3412208,0,12.46201,0.0000008908642,-0.000000006648222,33.98173,47.17432,4.22163,-32.1420200000001,-32.14202,-0.000002266981,845.103210667014,135.1236,826.8958,77.61192,9.280714,455254.4,135287.6
172.9861,S,169.4961,0.9443519,68.62663,45.95152,-0.7752625,0,12.46201,0.0000008937606,-0.00000001507712,33.98173,47.17614,4.222211,-32.1420200000001,-32.14202,-0.000002272384,844.595282946155,131.9096,826.8958,77.61192,9.063675,455267.7,135370.2
173.0861,S,169.5961,0.943796,68.84211,46.18562,-1.221208,0,12.46201,0.000000896699,-0.00000002370713,33.98173,47.17809,4.222836,-32.1420200000001,-32.14202,-0.000002277955,844.099287324717,128.6956,826.8958,77.61192,8.846373,455280.7,135452.9
173.186,S,169.696,0.9432534,69.05785,46.42052,-1.679632,0,12.46201,0.000000899673,-0.00000003254914,33.98173,47.18017,4.223502,-32.1420200000001,-32.14202,-0.000002283681,843.615244848797,125.4816,826.8958,77.61192,8.628813,455293.4,135535.6
173.2859,S,169.796,0.9427243,69.27383,46.65621,-2.150895,0,12.46201,0.0000009026904,-0.00000004161026,33.98173,47.18239,4.224213,-32.1420200000001,-32.14202,-0.000002289583,843.14317610504,122.2676,826.8958,77.61192,8.411002,455305.8,135618.2
173.3859,S,169.8959,0.9422086,69.49004,46.89278,-2.635628,0,12.46201,0.0000009057509,-0.0000000509026,33.98173,47.18475,4.224967,-32.1420200000001,-32.14202,-0.000002295664,842.683101216404,119.0536,826.8958,77.61192,8.192946,455317.8,135700.9
173.4858,S,169.9958,0.9417063,69.70649,47.13013,-3.134103,0,12.46201,0.0000009088567,-0.00000006043164,33.98173,47.18724,4.225764,-32.1420200000001,-32.14202,-0.000002301933,842.235039837987,115.8396,826.8958,77.61192,7.974652,455329.6,135783.5
173.5858,S,170.0958,0.9412175,69.92316,47.36838,-3.64701,0,12.46201,0.0000009120059,-0.00000007021042,33.98173,47.18987,4.226605,-32.1420200000001,-32.14202,-0.000002308389,841.799011152956,112.6256,826.8958,77.61192,7.756124,455341,135866.2
173.6857,S,170.1957,0.940742,70.14007,47.60755,-4.174938,0,12.46201,0.0000009151941,-0.00000008024984,33.98173,47.19263,4.227488,-32.1420200000001,-32.14202,-0.000002315024,841.375033868545,109.4116,826.8958,77.61192,7.537369,455352.1,135948.8
173.7857,S,170.2957,0.9402802,70.35719,47.84769,-4.718517,0,12.46201,0.0000009184334,-0.00000009056288,33.98173,47.19553,4.228415,-32.1420200000001,-32.14202,-0.000002321873,840.96312621214,106.1976,826.8958,77.61192,7.318392,455362.8,136031.5
173.8856,S,170.3956,0.9398318,70.57451,48.08885,-5.278408,0,12.46201,0.0000009217235,-0.0000001011622,33.98173,47.19856,4.229387,-32.1420200000001,-32.14202,-0.000002328937,840.563305927457,102.9836,826.8958,77.61192,7.0992,455373.2,136114.2
173.9856,S,170.4956,0.939397,70.79204,48.33101,-5.855159,0,12.46201,0.0000009250572,-0.0000001120578,33.98173,47.20173,4.230401,-32.1420200000001,-32.14202,-0.000002336207,840.175587895835,99.76958,826.8958,77.61192,6.879798,455383.4,136196.8
174.0855,S,170.5955,0.9389756,71.00977,48.57428,-6.44966,0,12.46201,0.0000009284445,-0.0000001232674,33.98173,47.20504,4.231459,-32.1420200000001,-32.14202,-0.000002343709,839.799970713074,96.55538,826.8958,77.61192,6.660181,455393.2,136279.5
174.1855,S,170.6955,0.9385679,71.22771,48.81865,-7.062537,0,12.46201,0.000000931881,-0.0000001348026,33.98173,47.20848,4.23256,-32.1420200000001,-32.14202,-0.000002351437,839.436492705986,93.34118,826.8958,77.61192,6.440367,455402.7,136362.1
174.2854,S,170.7954,0.9381738,71.44583,49.06425,-7.694781,0,12.46201,0.0000009353714,-0.0000001466829,33.98173,47.21206,4.233706,-32.1420200000001,-32.14202,-0.00000235941,839.085169650052,90.12698,826.8958,77.61192,6.220362,455411.8,136444.8
174.3853,S,170.8954,0.9377932,71.66412,49.31107,-8.347106,0,12.46201,0.0000009389142,-0.0000001589216,33.98173,47.21577,4.234895,-32.1420200000001,-32.14202,-0.00000236763,838.746016819194,86.91278,826.8958,77.61192,6.000174,455420.7,136527.4
174.4853,S,170.9953,0.9374263,71.88259,49.5591,-9.020263,0,12.46201,0.0000009425155,-0.0000001715343,33.98173,47.21962,4.236127,-32.1420200000001,-32.14202,-0.000002376118,838.419048982519,83.69858,826.8958,77.61192,5.779807,455429.2,136610.1
174.5852,S,171.0952,0.937073,72.10123,49.80856,-9.71559,0,12.46201,0.0000009461701,-0.0000001845451,33.98173,47.22361,4.237402,-32.1420200000001,-32.14202,-0.000002384867,838.104280401144,80.48438,826.8958,77.61192,5.559268,455437.4,136692.8
174.6852,S,171.1952,0.9367334,72.32002,50.05943,-10.43397,0,12.46201,0.0000009498881,-0.0000001979727,33.98173,47.22774,4.238723,-32.1420200000001,-32.14202,-0.000002393909,837.801724825133,77.27018,826.8958,77.61192,5.338563,455445.2,136775.4
174.7851,S,171.2951,0.9364074,72.53898,50.31173,-11.17631,0,12.46201,0.0000009536645,-0.0000002118339,33.98173,47.232,4.240087,-32.1420200000001,-32.14202,-0.00000240324,837.51139549053,74.05598,826.8958,77.61192,5.117701,455452.8,136858.1
174.8851,S,171.3951,0.9360951,72.75808,50.56561,-11.944,0,12.46201,0.0000009575083,-0.0000002261564,33.98173,47.2364,4.241494,-32.1420200000001,-32.14202,-0.000002412891,837.233305116503,70.84178,826.8958,77.61192,4.896685,455460,136940.7
174.985,S,171.495,0.9357965,72.97733,50.82109,-12.7381,0,12.46201,0.0000009614143,-0.0000002409597,33.98173,47.24093,4.242944,-32.1420200000001,-32.14202,-0.000002422857,836.967465902583,67.62758,826.8958,77.61192,4.675523,455466.9,137023.4
175.085,S,171.595,0.9355116,73.19671,51.07824,-13.55994,0,12.46201,0.0000009653816,-0.0000002562683,33.98173,47.2456,4.244439,-32.1420200000001,-32.14202,-0.000002433145,836.713889526019,64.41338,826.8958,77.61192,4.454221,455473.5,137106
175.1849,S,171.6949,0.9352404,73.41621,51.33725,-14.41117,0,12.46201,0.0000009694226,-0.0000002721167,33.98173,47.25041,4.245978,-32.1420200000001,-32.14202,-0.000002443796,836.472587139236,61.19918,826.8958,77.61192,4.232787,455479.8,137188.7
175.2849,S,171.7949,0.9349831,73.63585,51.5982,-15.29334,0,12.46201,0.0000009735344,-0.0000002885332,33.98173,47.25535,4.24756,-32.1420200000001,-32.14202,-0.000002454813,836.243569367404,57.98498,826.8958,77.61192,4.011225,455485.8,137271.3
175.3848,S,171.8948,0.9347394,73.8556,51.86108,-16.20762,0,12.46201,0.0000009777226,-0.0000003055423,33.98173,47.26043,4.249186,-32.1420200000001,-32.14202,-0.000002466224,836.026846306112,54.77078,826.8958,77.61192,3.789543,455491.4,137354
175.4847,S,171.9948,0.9345094,74.07545,52.12605,-17.15598,0,12.46201,0.0000009819805,-0.0000003231789,33.98173,47.26565,4.250856,-32.1420200000001,-32.14202,-0.000002478022,835.822427519166,51.55658,826.8958,77.61192,3.567748,455496.7,137436.7
175.5847,S,172.0947,0.9342933,74.29543,52.39325,-18.1403,0,12.46201,0.0000009863218,-0.0000003414825,33.98173,47.27101,4.25257,-32.1420200000001,-32.14202,-0.000002490256,835.630322036485,48.34238,826.8958,77.61192,3.345845,455501.6,137519.3
175.6846,S,172.1946,0.9340909,74.51549,52.66273,-19.16232,0,12.46201,0.000000990747,-0.0000003604868,33.98173,47.2765,4.254326,-32.1420200000001,-32.14202,-0.000002502942,835.45053835212,45.12818,826.8958,77.61192,3.123842,455506.3,137602
175.7846,S,172.2946,0.9339023,74.73564,52.93476,-20.22471,0,12.46201,0.0000009952541,-0.0000003802407,33.98173,47.28213,4.256128,-32.1420200000001,-32.14202,-0.00000251609,835.283084422386,41.91398,826.8958,77.61192,2.901745,455510.6,137684.6
175.8845,S,172.3945,0.9337275,74.95588,53.20929,-21.32896,0,12.46201,0.0000009998496,-0.0000004007757,33.98173,47.28789,4.257972,-32.1420200000001,-32.14202,-0.000002529733,835.127967664108,38.69978,826.8958,77.61192,2.67956,455514.6,137767.3
175.9845,S,172.4945,0.9335665,75.1762,53.48667,-22.4784,0,12.46201,0.000001004532,-0.0000004221527,33.98173,47.2938,4.259862,-32.1420200000001,-32.14202,-0.000002543886,834.985194952984,35.48558,826.8958,77.61192,2.457295,455518.3,137849.9
176.0844,S,172.5944,0.9334193,75.39659,53.76686,-23.6748,0,12.46201,0.000001009313,-0.0000004444106,33.98173,47.29984,4.261795,-32.1420200000001,-32.14202,-0.000002558596,834.854772622065,32.27138,826.8958,77.61192,2.234956,455521.7,137932.6
176.1844,S,172.6944,0.933286,75.61705,54.05017,-24.92164,0,12.46201,0.000001014191,-0.0000004676139,33.98173,47.30601,4.263771,-32.1420300000001,-32.14203,-0.000002573885,834.736706460359,29.05718,826.8958,77.61192,2.01255,455524.8,138015.2
176.2843,S,172.7943,0.9331663,75.83756,54.33666,-26.22136,0,12.46201,0.000001019173,-0.0000004918126,33.98173,47.31232,4.26579,-32.1420300000001,-32.14203,-0.000002589792,834.631001711544,25.84298,826.8958,77.61192,1.790083,455527.5,138097.9
176.3842,S,172.8943,0.9330606,76.05813,54.62665,-27.57794,0,12.46201,0.000001024257,-0.0000005170794,33.98173,47.31877,4.267854,-32.1420300000001,-32.14203,-0.000002606336,834.537663072808,22.62878,826.8958,77.61192,1.567562,455529.9,138180.6
176.4842,S,172.9942,0.9329687,76.27875,54.92021,-28.99431,0,12.46201,0.000001029456,-0.0000005434761,33.98173,47.32536,4.269961,-32.1420300000001,-32.14203,-0.000002623577,834.456694693806,19.41458,826.8958,77.61192,1.344993,455532,138263.2
176.5841,S,173.0941,0.9328906,76.4994,55.21765,-30.47468,0,12.46201,0.000001034769,-0.0000005710816,33.98173,47.33208,4.272112,-32.1420300000001,-32.14203,-0.000002641545,834.38810017574,16.20038,826.8958,77.61192,1.122384,455533.7,138345.9
176.6841,S,173.1941,0.9328264,76.72009,55.51921,-32.0233,0,12.46201,0.000001040207,-0.0000005999808,33.98173,47.33894,4.274308,-32.1420300000001,-32.14203,-0.000002660297,834.331882570556,12.98618,826.8958,77.61192,0.8997411,455535.2,138428.5
176.784,S,173.294,0.932776,76.9408,55.82506,-33.64433,0,12.46201,0.000001045764,-0.0000006302494,33.98173,47.34593,4.276546,-32.1420300000001,-32.14203,-0.000002679857,834.288044368557,9.771979,826.8958,77.61192,0.6770709,455536.3,138511.2
176.884,S,173.394,0.9327394,77.16154,56.13557,-35.34314,0,12.46201,0.000001051459,-0.0000006619979,33.98173,47.35307,4.278828,-32.1420300000001,-32.14203,-0.000002700309,834.256587524966,6.557776,826.8958,77.61192,0.4543801,455537.1,138593.8
176.9839,S,173.4939,0.9327167,77.38228,56.45086,-37.12421,0,12.46201,0.000001057287,-0.0000006953096,33.98173,47.36033,4.281152,-32.1420300000001,-32.14203,-0.000002721685,834.237513483542,3.343576,826.8958,77.61192,0.2316758,455537.6,138676.5
177.0839,S,173.5939,0.9327078,77.60303,56.77142,-38.99433,0,12.46201,0.000001063261,-0.0000007303172,33.98173,47.36773,4.283522,-32.1420300000001,-32.14203,-0.000002744064,834.230823058389,0.1293752,826.8958,77.61192,0.008964434,455537.7,138759.2
177.5439,S,174.0539,0.01578897,0,1,0,0,12.46201,0.0000000003057701,0,0,0,0,-30.8069858549776,-30.8069858549776,0,-14.12194,-14.12194,-7.335,0,-0.124663,455533.9,138805.8
178.5439,S,175.0539,0.0502326,0,1,0,0,12.46201,0.000000003099134,0,0,0,0,-30.8070659619483,-30.8070659619483,0,-44.92895,-44.92895,-7.335,0,-0.124663,455502.8,138798.5
179.544,S,176.054,0.08467638,0,1,0,0,12.46201,0.00000000883106,0,0,0,0,-30.8072357123422,-30.8072357123422,0,-75.7361,-75.7361,-7.335,0,-0.124663,455441,138791.1
180.544,S,177.054,0.1191204,0,1,0,0,12.46201,0.00000001755179,0,0,0,0,-30.8074931987778,-30.8074931987778,0,-106.5435,-106.5435,-7.335,0,-0.124663,455348.3,138783.8
181.5441,S,178.0541,0.1535652,0,1,0,0,12.46201,0.00000002933847,0,0,0,0,-30.8078403285533,-30.8078403285533,0,-137.3515,-137.3515,-7.335,0,-0.124663,455224.8,138776.4
182.5442,S,179.0542,0.1880099,0,1,0,0,12.46201,0.0000000442949,0,0,0,0,-30.8082751942515,-30.8082751942515,0,-168.1595,-168.1595,-7.335,0,-0.124663,455070.5,138769.1
183.5442,S,180.0542,0.2224553,0,1,0,0,12.46201,0.00000006255439,0,0,0,0,-30.8087997031329,-30.8087997031329,0,-198.9681,-198.9681,-7.335,0,-0.124663,454885.4,138761.8
184.5443,S,181.0543,0.2569012,0,1,0,0,12.46201,0.00000008428028,0,0,0,0,-30.8094138550893,-30.8094138550893,0,-229.7771,-229.7771,-7.335,0,-0.124663,454669.5,138754.4
185.5443,S,182.0544,0.2913479,0,1,0,0,12.46201,0.0000001096673,0,0,0,0,-30.8101157426429,-30.8101157426429,0,-260.5869,-260.5869,-7.335,0,-0.124663,454422.8,138747.1
186.5444,S,183.0544,0.3257954,0,1,0,0,12.46201,0.0000001389455,0,0,0,0,-30.8109072729899,-30.8109072729899,0,-291.3974,-291.3974,-7.335,0,-0.124663,454145.2,138739.7
187.5445,S,184.0545,0.3602437,0,1,0,0,12.46201,0.0000001723796,0,0,0,0,-30.8117865386056,-30.8117865386056,0,-322.2086,-322.2086,-7.335,0,-0.124663,453836.9,138732.4
188.5445,S,185.0545,0.3946933,0,1,0,0,12.46201,0.0000002102778,0,0,0,0,-30.8127554466341,-30.8127554466341,0,-353.0209,-353.0209,-7.335,0,-0.124663,453497.7,138725
189.5446,S,186.0546,0.4291438,0,1,0,0,12.46201,0.000000252988,0,0,0,0,-30.8138120894954,-30.8138120894954,0,-383.8341,-383.8341,-7.335,0,-0.124663,453127.8,138717.7
190.5446,S,187.0547,0.4635957,0,1,0,0,12.46201,0.0000003009074,0,0,0,0,-30.8149583742741,-30.8149583742741,0,-414.6485,-414.6485,-7.335,0,-0.124663,452727,138710.3
191.5447,S,188.0547,0.4980488,0,1,0,0,12.46201,0.0000003544848,0,0,0,0,-30.8161923933232,-30.8161923933232,0,-445.464,-445.464,-7.335,0,-0.124663,452295.4,138703
192.5448,S,189.0548,0.5325035,0,1,0,0,12.46201,0.0000004142264,0,0,0,0,-30.8175179610032,-30.8175179610032,0,-476.2809,-476.2809,-7.335,0,-0.124663,451833,138695.7
193.5448,S,190.0548,0.5669599,0,1,0,0,12.46201,0.0000004807049,0,0,0,0,-30.8189293548871,-30.8189293548871,0,-507.0993,-507.0993,-7.335,0,-0.124663,451339.7,138688.3
194.5449,S,191.0549,0.6014176,0,1,0,0,12.46201,0.0000005545555,0,0,0,0,-30.8204322965983,-30.8204322965983,0,-537.9189,-537.9189,-7.335,0,-0.124663,450815.7,138681
195.545,S,192.055,0.6358771,0,1,0,0,12.46201,0.0000006365019,0,0,0,0,-30.8220229709581,-30.8220229709581,0,-568.7401,-568.7401,-7.335,0,-0.124663,450260.8,138673.6
196.545,S,193.055,0.6703386,0,1,0,0,12.46201,0.0000007273474,0,0,0,0,-30.8237032847802,-30.8237032847802,0,-599.5631,-599.5631,-7.335,0,-0.124663,449675.1,138666.3
197.5451,S,194.0551,0.7048019,0,1,0,0,12.46201,0.0000008279981,0,0,0,0,-30.8254713301128,-30.8254713301128,0,-630.3877,-630.3877,-7.335,0,-0.124663,449058.6,138658.9
198.5451,S,195.0551,0.7392673,0,1,0,0,12.46201,0.0000009394591,0,0,0,0,-30.8273290136358,-30.8273290136358,0,-661.2142,-661.2142,-7.335,0,-0.124663,448411.2,138651.6
199.5452,S,196.0552,0.7737347,0,1,0,0,12.46201,0.00000106287,0,0,0,0,-30.8292763345903,-30.8292763345903,0,-692.0424,-692.0424,-7.335,0,-0.124663,447733.1,138644.2
200.5453,S,197.0553,0.8082047,0,1,0,0,12.46201,0.000001199499,0,0,0,0,-30.8313132921324,-30.8313132921324,0,-722.873,-722.873,-7.335,0,-0.124663,447024.1,138636.9
201.5453,S,198.0553,0.8426766,0,1,0,0,12.46201,0.000001350771,0,0,0,0,-30.8334379779642,-30.8334379779642,0,-753.7053,-753.7053,-7.335,0,-0.124663,446284.2,138629.6
202.5454,S,199.0554,0.8771511,0,1,0,0,12.46201,0.000001518279,0,0,0,0,-30.835652298374,-30.835652298374,0,-784.54,-784.54,-7.335,0,-0.124663,445513.6,138622.2
203.5454,S,200.0555,0.9116283,0,1,0,0,12.46201,0.000001703807,0,0,0,0,-30.837956252173,-30.837956252173,0,-815.377,-815.377,-7.335,0,-0.124663,444712.1,138614.9
204.5455,S,201.0555,0.9461078,0,1,0,0,12.46201,0.00000190936,0,0,0,0,-30.8403479306785,-30.8403479306785,0,-846.2161,-846.2161,-7.335,0,-0.124663,443879.8,138607.5
205.5456,S,202.0556,0.9805902,0,1,0,0,12.46201,0.0000021372,0,0,0,0,-30.8428311470804,-30.8428311470804,0,-877.0578,-877.0578,-7.335,0,-0.124663,443016.6,138600.2
206.5456,S,203.0556,1.015075,0,1,0,0,12.46201,0.000002389858,0,0,0,0,-30.8454020849969,-30.8454020849969,0,-907.9019,-907.9019,-7.335,0,-0.124663,442122.6,138592.8
207.5457,S,204.0557,1.049564,0,1,0,0,12.46201,0.000002670154,0,0,0,0,-30.848062649897,-30.848062649897,0,-938.7489,-938.7489,-7.335,0,-0.124663,441197.7,138585.5
208.5457,S,205.0558,1.084055,0,1,0,0,12.46201,0.000002981316,0,0,0,0,-30.8508128396312,-30.8508128396312,0,-969.5984,-969.5984,-7.335,0,-0.124663,440242,138578.2
209.5458,S,206.0558,1.118549,0,1,0,0,12.46201,0.00000332692,0,0,0,0,-30.8536526518199,-30.8536526518199,0,-1000.451,-1000.451,-7.335,0,-0.124663,439255.4,138570.8
210.5459,S,207.0559,1.153049,0,1,0,0,12.46201,0.000003711025,0,0,0,0,-30.8565820837547,-30.8565820837547,0,-1031.308,-1031.308,-7.335,0,-0.124663,438238,138563.5
211.5459,S,208.0559,1.187552,0,1,0,0,12.46201,0.0000041382,0,0,0,0,-30.8596011323924,-30.8596011323924,0,-1062.168,-1062.168,-7.335,0,-0.124663,437189.7,138556.1
212.546,S,209.056,1.222055,0,1,0,0,12.46201,0.000004613551,0,0,0,0,-30.8627078869852,-30.8627078869852,0,-1093.028,-1093.028,-7.335,0,-0.124663,436110.6,138548.8
213.5461,S,210.0561,1.256561,0,1,0,0,12.46201,0.000005142955,0,0,0,0,-30.8659061583209,-30.8659061583209,0,-1123.891,-1123.891,-7.335,0,-0.124663,435000.6,138541.4
214.5461,S,211.0561,1.291075,0,1,0,0,12.46201,0.000005732945,0,0,0,0,-30.869194034685,-30.869194034685,0,-1154.761,-1154.761,-7.335,0,-0.124663,433859.7,138534.1
215.5462,S,212.0562,1.325589,0,1,0,0,12.46201,0.000006390954,0,0,0,0,-30.8725715111322,-30.8725715111322,0,-1185.631,-1185.631,-7.335,0,-0.124663,432688,138526.8
216.5462,S,213.0562,1.360108,0,1,0,0,12.46201,0.000007125366,0,0,0,0,-30.8760385820842,-30.8760385820842,0,-1216.505,-1216.505,-7.335,0,-0.124663,431485.3,138519.4
217.5463,S,214.0563,1.394633,0,1,0,0,12.46201,0.00000794575,0,0,0,0,-30.87959524115,-30.87959524115,0,-1247.385,-1247.385,-7.335,0,-0.124663,430251.8,138512.1
218.5464,S,215.0564,1.429158,0,1,0,0,12.46201,0.000008862819,0,0,0,0,-30.883241481198,-30.883241481198,0,-1278.265,-1278.265,-7.335,0,-0.124663,428987.5,138504.7
219.5464,S,216.0564,1.463691,0,1,0,0,12.46201,0.000009888907,0,0,0,0,-30.8869772940198,-30.8869772940198,0,-1309.152,-1309.152,-7.335,0,-0.124663,427692.2,138497.4
220.5465,S,217.0565,1.498227,0,1,0,0,12.46201,0.00001103781,0,0,0,0,-30.8908045777548,-30.8908045777548,0,-1340.042,-1340.042,-7.335,0,-0.124663,426366.1,138490
221.5465,S,218.0565,1.532765,0,1,0,0,12.46201,0.00001232531,0,0,0,0,-30.8947195071885,-30.8947195071885,0,-1370.933,-1370.933,-7.335,0,-0.124663,425009.1,138482.7
222.5466,S,219.0566,1.567312,0,1,0,0,12.46201,0.00001376958,0,0,0,0,-30.8987277922794,-30.8987277922794,0,-1401.832,-1401.832,-7.335,0,-0.124663,423621.1,138475.3
223.5467,S,220.0567,1.601859,0,1,0,0,12.46201,0.00001539082,0,0,0,0,-30.9028236974913,-30.9028236974913,0,-1432.732,-1432.732,-7.335,0,-0.124663,422202.3,138468
224.5467,S,221.0567,1.636412,0,1,0,0,12.46201,0.00001721256,0,0,0,0,-30.9070110218655,-30.9070110218655,0,-1463.637,-1463.637,-7.335,0,-0.124663,420752.5,138460.7
225.5468,S,222.0568,1.670971,0,1,0,0,12.46201,0.00001926134,0,0,0,0,-30.9112878403373,-30.9112878403373,0,-1494.547,-1494.547,-7.335,0,-0.124663,419271.9,138453.3
226.5468,S,223.0569,1.705531,0,1,0,0,12.46201,0.00002156732,0,0,0,0,-30.9156541328203,-30.9156541328203,0,-1525.458,-1525.458,-7.335,0,-0.124663,417760.3,138446
227.5469,S,224.0569,1.740101,0,1,0,0,12.46201,0.00002416563,0,0,0,0,-30.920111783273,-30.920111783273,0,-1556.378,-1556.378,-7.335,0,-0.124663,416217.9,138438.6
228.547,S,225.057,1.774671,0,1,0,0,12.46201,0.0000270956,0,0,0,0,-30.9246588580822,-30.9246588580822,0,-1587.298,-1587.298,-7.335,0,-0.124663,414644.5,138431.3
229.547,S,226.057,1.809252,0,1,0,0,12.46201,0.00003040304,0,0,0,0,-30.929297234119,-30.929297234119,0,-1618.228,-1618.228,-7.335,0,-0.124663,413040.2,138423.9
230.5471,S,227.0571,1.843833,0,1,0,0,12.46201,0.00003413986,0,0,0,0,-30.9340268767288,-30.9340268767288,0,-1649.158,-1649.158,-7.335,0,-0.124663,411404.9,138416.6
231.5471,S,228.0572,1.878423,0,1,0,0,12.46201,0.00003836584,0,0,0,0,-30.938845838766,-30.938845838766,0,-1680.096,-1680.096,-7.335,0,-0.124663,409738.8,138409.2
232.5472,S,229.0572,1.913015,0,1,0,0,12.46201,0.00004314992,0,0,0,0,-30.943755981572,-30.943755981572,0,-1711.036,-1711.036,-7.335,0,-0.124663,408041.6,138401.9
233.5473,S,230.0573,1.947616,0,1,0,0,12.46201,0.00004857074,0,0,0,0,-30.9487553454462,-30.9487553454462,0,-1741.983,-1741.983,-7.335,0,-0.124663,406313.6,138394.6
234.5473,S,231.0573,1.982219,0,1,0,0,12.46201,0.00005471951,0,0,0,0,-30.9538457768406,-30.9538457768406,0,-1772.933,-1772.933,-7.335,0,-0.124663,404554.6,138387.2
235.5474,S,232.0574,2.016832,0,1,0,0,12.46201,0.00006170046,0,0,0,0,-30.9590272063717,-30.9590272063717,0,-1803.891,-1803.891,-7.335,0,-0.124663,402764.6,138379.9
236.5475,S,233.0575,2.051446,0,1,0,0,12.46201,0.00006963441,0,0,0,0,-30.9642976460608,-30.9642976460608,0,-1834.851,-1834.851,-7.335,0,-0.124663,400943.7,138372.5
237.5475,S,234.0575,2.086071,0,1,0,0,12.46201,0.00007866111,0,0,0,0,-30.96966081753,-30.96966081753,0,-1865.82,-1865.82,-7.335,0,-0.124663,399091.8,138365.2
238.5476,S,235.0576,2.120698,0,1,0,0,12.46201,0.00008894091,0,0,0,0,-30.9751127991339,-30.9751127991339,0,-1896.791,-1896.791,-7.335,0,-0.124663,397208.9,138357.8
239.5476,S,236.0576,2.155335,0,1,0,0,12.46201,0.0001006601,0,0,0,0,-30.9806572813116,-30.9806572813116,0,-1927.771,-1927.771,-7.335,0,-0.124663,395295.1,138350.5
240.5477,S,237.0577,2.189976,0,1,0,0,12.46201,0.000114034,0,0,0,0,-30.9862903059104,-30.9862903059104,0,-1958.755,-1958.755,-7.335,0,-0.124663,393350.3,138343.2
241.5478,S,238.0578,2.224625,0,1,0,0,12.46201,0.0001293125,0,0,0,0,-30.9920136135598,-30.9920136135598,0,-1989.745,-1989.745,-7.335,0,-0.124663,391374.5,138335.8
242.5478,S,239.0578,2.259279,0,1,0,0,12.46201,0.0001467851,0,0,0,0,-30.9978289187795,-30.9978289187795,0,-2020.74,-2020.74,-7.335,0,-0.124663,389367.7,138328.5
243.5479,S,240.0579,2.293938,0,1,0,0,12.46201,0.000166788,0,0,0,0,-31.003734089774,-31.003734089774,0,-2051.74,-2051.74,-7.335,0,-0.124663,387329.9,138321.1
244.5479,S,241.058,2.328607,0,1,0,0,12.46201,0.0001897131,0,0,0,0,-31.0097269582423,-31.0097269582423,0,-2082.749,-2082.749,-7.335,0,-0.124663,385261.1,138313.8
245.548,S,242.058,2.36328,0,1,0,0,12.46201,0.0002160141,0,0,0,0,-31.0158110359737,-31.0158110359737,0,-2113.761,-2113.761,-7.335,0,-0.124663,383161.3,138306.4
246.5481,S,243.0581,2.397962,0,1,0,0,12.46201,0.0002462221,0,0,0,0,-31.0219859692366,-31.0219859692366,0,-2144.781,-2144.781,-7.335,0,-0.124663,381030.5,138299.1
247.5481,S,244.0581,2.43265,0,1,0,0,12.46201,0.0002809561,0,0,0,0,-31.0282475303291,-31.0282475303291,0,-2175.807,-2175.807,-7.335,0,-0.124663,378868.6,138291.8
248.5482,S,245.0582,2.467346,0,1,0,0,12.46201,0.0003209353,0,0,0,0,-31.0345990545165,-31.0345990545165,0,-2206.839,-2206.839,-7.335,0,-0.124663,376675.8,138284.4
249.5482,S,246.0583,2.50205,0,1,0,0,12.46201,0.0003670065,0,0,0,0,-31.0410399767795,-31.0410399767795,0,-2237.879,-2237.879,-7.335,0,-0.124663,374451.9,138277.1
250.5483,S,247.0583,2.536757,0,1,0,0,12.46201,0.0004201555,0,0,0,0,-31.0475677329424,-31.0475677329424,0,-2268.922,-2268.922,-7.335,0,-0.124663,372196.9,138269.7
251.5484,S,248.0584,2.571472,0,1,0,0,12.46201,0.0004815375,0,0,0,0,-31.054181552032,-31.054181552032,0,-2299.972,-2299.972,-7.335,0,-0.124663,369910.9,138262.4
252.5484,S,249.0584,2.606197,0,1,0,0,12.46201,0.0005525083,0,0,0,0,-31.0608843453213,-31.0608843453213,0,-2331.03,-2331.03,-7.335,0,-0.124663,367593.9,138255
253.5485,S,250.0585,2.640928,0,1,0,0,12.46201,0.0006346602,0,0,0,0,-31.067669328462,-31.067669328462,0,-2362.094,-2362.094,-7.335,0,-0.124663,365245.8,138247.7
254.5486,S,251.0586,2.675665,0,1,0,0,12.46201,0.0007298637,0,0,0,0,-31.0745409759,-31.0745409759,0,-2393.164,-2393.164,-7.335,0,-0.124663,362866.6,138240.3
255.5486,S,252.0586,2.710413,0,1,0,0,12.46201,0.0008403204,0,0,0,0,-31.0814940052024,-31.0814940052024,0,-2424.243,-2424.243,-7.335,0,-0.124663,360456.3,138233
256.5487,S,253.0587,2.745167,0,1,0,0,12.46201,0.0009686152,0,0,0,0,-31.0885285995841,-31.0885285995841,0,-2455.328,-2455.328,-7.335,0,-0.124663,358015,138225.7
257.5487,S,254.0587,2.779929,0,1,0,0,12.46201,0.001117806,0,0,0,0,-31.0956446271492,-31.0956446271492,0,-2486.419,-2486.419,-7.335,0,-0.124663,355542.5,138218.3
258.5488,S,255.0588,2.8147,0,1,0,0,12.46201,0.001291501,0,0,0,0,-31.1028358660057,-31.1028358660057,0,-2517.519,-2517.519,-7.335,0,-0.124663,353039.1,138211
259.5489,S,256.0589,2.84948,0,1,0,0,12.46201,0.001493968,0,0,0,0,-31.1101013783481,-31.1101013783481,0,-2548.627,-2548.627,-7.335,0,-0.124663,350504.4,138203.6
260.5489,S,257.0589,2.884267,0,1,0,0,12.46201,0.001730224,0,0,0,0,-31.1174378173161,-31.1174378173161,0,-2579.741,-2579.741,-7.335,0,-0.124663,347938.7,138196.3
261.549,S,258.059,2.919062,0,1,0,0,12.46201,0.002006269,0,0,0,0,-31.1248411810202,-31.1248411810202,0,-2610.862,-2610.862,-7.335,0,-0.124663,345341.8,138188.9
262.549,S,259.0591,2.953866,0,1,0,0,12.46201,0.002329172,0,0,0,0,-31.1323086610503,-31.1323086610503,0,-2641.992,-2641.992,-7.335,0,-0.124663,342713.8,138181.6
263.5491,S,260.0591,2.98868,0,1,0,0,12.46201,0.002707321,0,0,0,0,-31.1398327577169,-31.1398327577169,0,-2673.13,-2673.13,-7.335,0,-0.124663,340054.8,138174.2
264.5492,S,261.0592,3.023498,0,1,0,0,12.46201,0.003150732,0,0,0,0,-31.1474067894283,-31.1474067894283,0,-2704.272,-2704.272,-7.335,0,-0.124663,337364.4,138166.9
265.5492,S,262.0592,3.058325,0,1,0,0,12.46201,0.003671273,0,0,0,0,-31.155024745607,-31.155024745607,0,-2735.422,-2735.422,-7.335,0,-0.124663,334643,138159.6
266.5493,S,263.0593,3.093163,0,1,0,0,12.46201,0.004283097,0,0,0,0,-31.1626752806674,-31.1626752806674,0,-2766.582,-2766.582,-7.335,0,-0.124663,331890.5,138152.2
267.5493,S,264.0594,3.128009,0,1,0,0,12.46201,0.005003099,0,0,0,0,-31.1703471255005,-31.1703471255005,0,-2797.748,-2797.748,-7.335,0,-0.124663,329106.8,138144.9
268.5494,S,265.0594,3.162864,0,1,0,0,12.46201,0.005851474,0,0,0,0,-31.1780306234167,-31.1780306234167,0,-2828.923,-2828.923,-7.335,0,-0.124663,326291.8,138137.5
269.5495,S,266.0595,3.197726,0,1,0,0,12.46201,0.00685223,0,0,0,0,-31.1857059445462,-31.1857059445462,0,-2860.105,-2860.105,-7.335,0,-0.124663,323445.8,138130.2
270.5495,S,267.0595,3.232598,0,1,0,0,12.46201,0.008034256,0,0,0,0,-31.1933538149316,-31.1933538149316,0,-2891.295,-2891.295,-7.335,0,-0.124663,320568.6,138122.8
271.5496,S,268.0596,3.267479,0,1,0,0,12.46201,0.009432109,0,0,0,0,-31.2009550048352,-31.2009550048352,0,-2922.493,-2922.493,-7.335,0,-0.124663,317660.2,138115.5
272.5497,S,269.0597,3.302368,0,1,0,0,12.46201,0.01108728,0,0,0,0,-31.2084780177133,-31.2084780177133,0,-2953.698,-2953.698,-7.335,0,-0.124663,314720.5,138108.2
273.5497,S,270.0597,3.337264,0,1,0,0,12.46201,0.01304951,0,0,0,0,-31.2158934853669,-31.2158934853669,0,-2984.91,-2984.91,-7.335,0,-0.124663,311749.5,138100.8
274.5498,S,271.0598,3.372168,0,1,0,0,12.46201,0.01537866,0,0,0,0,-31.2231595672629,-31.2231595672629,0,-3016.129,-3016.129,-7.335,0,-0.124663,308747.3,138093.5
275.5498,S,272.0598,3.407084,0,1,0,0,12.46201,0.01814692,0,0,0,0,-31.230228112129,-31.230228112129,0,-3047.358,-3047.358,-7.335,0,-0.124663,305713.9,138086.1
276.5499,S,273.0599,3.465198,0,1,0,0,12.46201,0.021441,0,0,0,0,-31.2370412716117,-31.2370412716117,0,-3078.591,-3078.591,-7.335,0,-0.124663,302649.3,138078.8
277.55,S,274.06,3.518016,0,1,0,0,12.46201,0.02536551,0,0,0,0,-31.2435273376317,-31.2435273376317,0,-3109.831,-3109.831,-7.335,0,-0.124663,299553.7,138071.4
278.55,S,275.06,3.553368,0,1,0,0,12.46201,0.03004743,0,0,0,0,-31.2496073411915,-31.2496073411915,0,-3141.081,-3141.081,-7.335,0,-0.124663,296426.8,138064.1
279.5501,S,276.0601,3.588722,0,1,0,0,12.46201,0.03563967,0,0,0,0,-31.2551735289748,-31.2551735289748,0,-3172.333,-3172.333,-7.335,0,-0.124663,293268.7,138056.8
280.5501,S,277.0602,3.624084,0,1,0,0,12.46201,0.04232779,0,0,0,0,-31.2601078443415,-31.2601078443415,0,-3203.592,-3203.592,-7.335,0,-0.124663,290079.3,138049.4
281.5502,S,278.0602,3.659449,0,1,0,0,12.46201,0.05033752,0,0,0,0,-31.2642558461573,-31.2642558461573,0,-3234.854,-3234.854,-7.335,0,-0.124663,286858.4,138042.1
282.5503,S,279.0603,3.694819,0,1,0,0,12.46201,0.05994158,0,0,0,0,-31.2674375445498,-31.2674375445498,0,-3266.12,-3266.12,-7.335,0,-0.124663,283606.2,138034.7
283.5503,S,280.0603,3.730193,0,1,0,0,12.46201,0.07147168,0,0,0,0,-31.2694296553148,-31.2694296553148,0,-3297.39,-3297.39,-7.335,0,-0.124663,280322.8,138027.4
284.5504,S,281.0604,3.765567,0,1,0,0,12.46201,0.08533155,0,0,0,0,-31.2699647662043,-31.2699647662043,0,-3328.66,-3328.66,-7.335,0,-0.124663,277008.1,138020
285.5504,S,282.0605,3.800942,0,1,0,0,12.46201,0.1020138,0,0,0,0,-31.2687161454904,-31.2687161454904,0,-3359.93,-3359.93,-7.335,0,-0.124663,273662.2,138012.7
286.5505,S,283.0605,3.836315,0,1,0,0,12.46201,0.1221188,0,0,0,0,-31.2652792846563,-31.2652792846563,0,-3391.199,-3391.199,-7.335,0,-0.124663,270285,138005.3
287.5506,S,284.0606,3.857799,0,1,0,0,12.46201,0.1463787,0,0,0,0,-31.2591677069711,-31.2591677069711,0,-3422.459,-3422.459,-7.335,0,-0.124663,266876.5,137998
288.5506,S,285.0606,3.850647,0,1,0,0,12.46201,0.1756909,0,0,0,0,-31.2497826084759,-31.2497826084759,0,-3453.712,-3453.712,-7.335,0,-0.124663,263436.8,137990.7
289.5507,S,286.0607,3.843714,0,1,0,0,12.46201,0.2111519,0,0,0,0,-31.2363923932799,-31.2363923932799,0,-3484.954,-3484.954,-7.335,0,-0.124663,259965.9,137983.3
290.5508,S,287.0608,3.836984,0,1,0,0,12.46201,0.2541071,0,0,0,0,-31.2180991934287,-31.2180991934287,0,-3516.181,-3516.181,-7.335,0,-0.124663,256463.7,137976
291.5508,S,288.0608,3.830441,0,1,0,0,12.46201,0.3062039,0,0,0,0,-31.1938057843801,-31.1938057843801,0,-3547.385,-3547.385,-7.335,0,-0.124663,252930.4,137968.6
292.5509,S,289.0609,3.824071,0,1,0,0,12.46201,0.3694699,0,0,0,0,-31.1621554276609,-31.1621554276609,0,-3578.562,-3578.562,-7.335,0,-0.124663,249365.9,137961.3
293.5509,S,290.0609,3.817859,0,1,0,0,12.46201,0.446394,0,0,0,0,-31.1214909422222,-31.1214909422222,0,-3609.703,-3609.703,-7.335,0,-0.124663,245770.2,137953.9
294.551,S,291.061,3.811785,0,1,0,0,12.46201,0.540045,0,0,0,0,-31.0697645368283,-31.0697645368283,0,-3640.797,-3640.797,-7.335,0,-0.124663,242143.4,137946.6
295.5511,S,292.0611,3.80583,0,1,0,0,12.46201,0.6541994,0,0,0,0,-31.0044520802362,-31.0044520802362,0,-3671.832,-3671.832,-7.335,0,-0.124663,238485.5,137939.2
296.5511,S,293.0611,3.799977,0,1,0,0,12.46201,0.7935143,0,0,0,0,-30.9224496685009,-30.9224496685009,0,-3702.793,-3702.793,-7.335,0,-0.124663,234796.6,137931.9
297.5512,S,294.0612,3.794196,0,1,0,0,12.46201,0.9637359,0,0,0,0,-30.819920244449,-30.819920244449,0,-3733.658,-3733.658,-7.335,0,-0.124663,231076.9,137924.6
298.5512,S,295.0612,3.78847,0,1,0,0,12.46201,1.171967,0,0,0,0,-30.6921228045897,-30.6921228045897,0,-3764.41,-3764.41,-7.335,0,-0.124663,227326.3,137917.2
299.5513,S,296.0613,3.782763,0,1,0,0,12.46201,1.426986,0,0,0,0,-30.5331994132267,-30.5331994132267,0,-3795.017,-3795.017,-7.335,0,-0.124663,223545,137909.9
300.5514,S,297.0614,3.777043,0,1,0,0,12.46201,1.739644,0,0,0,0,-30.3359057104332,-30.3359057104332,0,-3825.447,-3825.447,-7.335,0,-0.124663,219733.2,137902.5
301.5514,S,298.0614,3.771264,0,1,0,0,12.46201,2.123378,0,0,0,0,-30.0912720561159,-30.0912720561159,0,-3855.653,-3855.653,-7.335,0,-0.124663,215891.2,137895.2
302.5515,S,299.0615,3.765379,0,1,0,0,12.46201,2.59479,0,0,0,0,-29.7882130709187,-29.7882130709187,0,-3885.583,-3885.583,-7.335,0,-0.124663,212019,137887.8
303.5515,S,300.0616,3.759326,0,1,0,0,12.46201,3.174464,0,0,0,0,-29.4129832623656,-29.4129832623656,0,-3915.17,-3915.17,-7.335,0,-0.124663,208117.1,137880.5
304.5516,S,301.0616,3.758315,0,1,0,0,12.46201,3.88781,0,0,0,0,-28.9486155280444,-28.9486155280444,0,-3944.337,-3944.337,-7.335,0,-0.124663,204185.9,137873.2
305.5517,S,302.0617,3.768121,0,1,0,0,12.46201,4.766284,0,0,0,0,-28.3740967568126,-28.3740967568126,0,-3972.98,-3972.98,-7.335,0,-0.124663,200225.7,137865.8
306.5517,S,303.0617,3.777182,0,1,0,0,12.46201,5.84867,0,0,0,0,-27.6635196787576,-27.6635196787576,0,-4000.976,-4000.976,-7.335,0,-0.124663,196237.3,137858.5
307.5518,S,304.0618,3.785365,0,1,0,0,12.46201,7.182804,0,0,0,0,-26.7849151322942,-26.7849151322942,0,-4028.17,-4028.17,-7.335,0,-0.124663,192221.3,137851.1
308.5518,S,305.0619,3.792517,0,1,0,0,12.46201,8.827441,0,0,0,0,-25.69901103531,-25.69901103531,0,-4054.378,-4054.378,-7.335,0,-0.124663,188178.7,137843.8
309.5519,S,306.0619,3.798433,0,1,0,0,12.46201,10.85457,0,0,0,0,-24.3576699098145,-24.3576699098145,0,-4079.362,-4079.362,-7.335,0,-0.124663,184110.4,137836.4
310.552,S,307.062,3.802871,0,1,0,0,12.46201,13.35195,0,0,0,0,-22.7021636053173,-22.7021636053173,0,-4102.837,-4102.837,-7.335,0,-0.124663,180018,137829.1
311.552,S,308.062,3.811905,0,1,0,0,12.46201,16.42579,0,0,0,0,-20.6614216759838,-20.6614216759838,0,-4124.45,-4124.45,-7.335,0,-0.124663,175903.1,137821.8
312.5521,S,309.0621,3.829763,0,1,0,0,12.46201,20.20383,0,0,0,0,-18.1498410530126,-18.1498410530126,0,-4143.773,-4143.773,-7.335,0,-0.124663,171767.8,137814.4
313.5522,S,310.0622,3.845017,0,1,0,0,12.46201,24.83751,0,0,0,0,-15.065874968297,-15.065874968297,0,-4160.278,-4160.278,-7.335,0,-0.124663,167614.7,137807.1
314.5522,S,311.0622,3.85708,0,1,0,0,12.46201,30.50449,0,0,0,0,-11.2902440381076,-11.2902440381076,0,-4173.329,-4173.329,-7.335,0,-0.124663,163447,137799.7
315.5523,S,312.0623,3.875077,0,1,0,0,12.46201,37.40828,0,0,0,0,-6.68607244030894,-6.68607244030894,0,-4182.162,-4182.162,-7.335,0,-0.124663,159268.4,137792.4
316.5523,S,313.0623,3.90391,0,1,0,0,12.46201,45.77636,0,0,0,0,-1.10000821386905,-1.10000821386905,0,-4185.864,-4185.864,-7.335,0,-0.124663,155083.7,137785
317.5524,S,314.0624,3.927475,0,1,0,0,12.46201,55.85314,0,0,0,0,5.63322470365285,5.63322470365285,0,-4183.362,-4183.362,-7.335,0,-0.124663,150898.7,137777.7
318.5525,S,315.0625,3.944462,0,1,0,0,12.46201,67.88684,0,0,0,0,13.6822452848728,13.6822452848728,0,-4173.418,-4173.418,-7.335,0,-0.124663,146720.1,137770.3
319.5525,S,316.0625,3.95335,0,1,0,0,12.46201,82.10811,0,0,0,0,23.2050874785767,23.2050874785767,0,-4154.625,-4154.625,-7.335,0,-0.124663,142556.2,137763
320.5526,S,317.0626,3.952434,0,1,0,0,12.46201,98.6955,0,0,0,0,34.3262096960003,34.3262096960003,0,-4125.439,-4125.439,-7.335,0,-0.124663,138416.8,137755.7
321.5526,S,318.0627,3.939856,0,1,0,0,12.46201,117.7317,0,0,0,0,47.1071758450323,47.1071758450323,0,-4084.22,-4084.22,-7.335,0,-0.124663,134313,137748.3
322.5527,S,319.0627,3.913688,0,1,0,0,12.46201,139.1478,0,0,0,0,61.5094732865715,61.5094732865715,0,-4029.32,-4029.32,-7.335,0,-0.124663,130257.7,137741
323.5528,S,320.0628,3.872049,0,1,0,0,12.46201,162.6623,0,0,0,0,77.3527880304138,77.3527880304138,0,-3959.204,-3959.204,-7.335,0,-0.124663,126265.7,137733.6
324.5528,S,321.0628,3.813274,0,1,0,0,12.46201,187.7283,0,0,0,0,94.2785665290751,94.2785665290751,0,-3872.611,-3872.611,-7.335,0,-0.124663,122352.7,137726.3
325.5529,S,322.0629,3.73612,0,1,0,0,12.46201,213.5044,0,0,0,0,111.728406286263,111.728406286263,0,-3768.75,-3768.75,-7.335,0,-0.124663,118535.8,137718.9
326.5529,S,323.063,3.63999,0,1,0,0,12.46201,238.8755,0,0,0,0,128.955803301059,128.955803301059,0,-3647.493,-3647.493,-7.335,0,-0.124663,114832.3,137711.6
327.553,S,324.063,3.52513,0,1,0,0,12.46201,262.5285,0,0,0,0,145.074566973449,145.074566973449,0,-3509.542,-3509.542,-7.335,0,-0.124663,111259.3,137704.2
328.5531,S,325.0631,3.382185,0,1,0,0,12.46201,283.0996,0,0,0,0,159.156302315023,159.156302315023,0,-3356.518,-3356.518,-7.335,0,-0.124663,107832.8,137696.9
329.5531,S,326.0631,3.222363,0,1,0,0,12.46201,299.3511,0,0,0,0,170.350303117948,170.350303117948,0,-3190.936,-3190.936,-7.335,0,-0.124663,104566.4,137689.6
330.5532,S,327.0632,3.052102,0,1,0,0,12.46201,310.3668,0,0,0,0,178.016479212309,178.016479212309,0,-3016.06,-3016.06,-7.335,0,-0.124663,101471,137682.2
331.5533,S,328.0633,2.875166,0,1,0,0,12.46201,315.686,0,0,0,0,181.820792636145,181.820792636145,0,-2835.627,-2835.627,-7.335,0,-0.124663,98553.92,137674.9
332.5533,S,329.0633,2.695516,0,1,0,0,12.46201,315.3523,0,0,0,0,181.772447355269,181.772447355269,0,-2653.525,-2653.525,-7.335,0,-0.124663,95818.47,137667.5
333.5534,S,330.0634,2.516958,0,1,0,0,12.46201,309.8682,0,0,0,0,178.196934244547,178.196934244547,0,-2473.448,-2473.448,-7.335,0,-0.124663,93264.29,137660.2
334.5534,S,331.0634,2.342862,0,1,0,0,12.46201,300.0788,0,0,0,0,171.659582129224,171.659582129224,0,-2298.628,-2298.628,-7.335,0,-0.124663,90887.54,137652.8
335.5535,S,332.0635,2.175961,0,1,0,0,12.46201,287.0094,0,0,0,0,162.854210763489,162.854210763489,0,-2131.654,-2131.654,-7.335,0,-0.124663,88681.48,137645.5
336.5536,S,333.0636,2.018265,0,1,0,0,12.46201,271.7162,0,0,0,0,152.501850854517,152.501850854517,0,-1974.394,-1974.394,-7.335,0,-0.124663,86637.2,137638.2
337.5536,S,334.0636,1.871078,0,1,0,0,12.46201,255.1699,0,0,0,0,141.268393681703,141.268393681703,0,-1828.021,-1828.021,-7.335,0,-0.124663,84744.23,137630.8
338.5537,S,335.0637,1.735079,0,1,0,0,12.46201,238.187,0,0,0,0,129.71628372912,129.71628372912,0,-1693.1,-1693.1,-7.335,0,-0.124663,82991.38,137623.5
339.5537,S,336.0638,1.610426,0,1,0,0,12.46201,221.3993,0,0,0,0,118.282044268126,118.282044268126,0,-1569.697,-1569.697,-7.335,0,-0.124663,81367.09,137616.1
340.5538,S,337.0638,1.496895,0,1,0,0,12.46201,205.2596,0,0,0,0,107.280154660085,107.280154660085,0,-1457.513,-1457.513,-7.335,0,-0.124663,79860,137608.8
341.5539,S,338.0639,1.393987,0,1,0,0,12.46201,190.0632,0,0,0,0,96.9157777791173,96.9157777791173,0,-1355.992,-1355.992,-7.335,0,-0.124663,78459.17,137601.4
342.5539,S,339.0639,1.301036,0,1,0,0,12.46201,175.9788,0,0,0,0,87.3069544595625,87.3069544595625,0,-1264.425,-1264.425,-7.335,0,-0.124663,77154.34,137594.1
343.554,S,340.064,1.217283,0,1,0,0,12.46201,163.081,0,0,0,0,78.5067013025668,78.5067013025668,0,-1182.025,-1182.025,-7.335,0,-0.124663,75935.97,137586.8
344.554,S,341.0641,1.141937,0,1,0,0,12.46201,151.3758,0,0,0,0,70.520120790688,70.520120790688,0,-1107.978,-1107.978,-7.335,0,-0.124663,74795.32,137579.4
345.5541,S,342.0641,1.074203,0,1,0,0,12.46201,140.8229,0,0,0,0,63.320482403428,63.320482403428,0,-1041.479,-1041.479,-7.335,0,-0.124663,73724.51,137572.1
346.5542,S,343.0642,1.013332,0,1,0,0,12.46201,131.3569,0,0,0,0,56.8634647236622,56.8634647236622,0,-981.7695,-981.7695,-7.335,0,-0.124663,72716.4,137564.7
347.5542,S,344.0642,0.9586114,0,1,0,0,12.46201,122.8953,0,0,0,0,51.0926448197714,51.0926448197714,0,-928.1342,-928.1342,-7.335,0,-0.124663,71764.6,137557.4
348.5543,S,345.0643,0.9089584,0,1,0,0,12.46201,115.35,0,0,0,0,45.9479314937325,45.9479314937325,0,-879.9204,-879.9204,-7.335,0,-0.124663,70863.42,137550
349.5544,S,346.0644,0.8641412,0,1,0,0,12.46201,108.6327,0,0,0,0,41.3689497169673,41.3689497169673,0,-836.535,-836.535,-7.335,0,-0.124663,70007.73,137542.7
350.5544,S,347.0644,0.8237611,0,1,0,0,12.46201,102.6586,0,0,0,0,37.297500665623,37.297500665623,0,-797.4448,-797.4448,-7.335,0,-0.124663,69193.05,137535.3
351.5545,S,348.0645,0.7873247,0,1,0,0,12.46201,97.34808,0,0,0,0,33.6791505494474,33.6791505494474,0,-762.1725,-762.1725,-7.335,0,-0.124663,68415.3,137528
352.5545,S,349.0645,0.7543933,0,1,0,0,12.46201,92.62789,0,0,0,0,30.4637527651516,30.4637527651516,0,-730.2931,-730.2931,-7.335,0,-0.124663,67670.92,137520.7
353.5546,S,350.0646,0.7245767,0,1,0,0,12.46201,88.43167,0,0,0,0,27.6058629950875,27.6058629950875,0,-701.429,-701.429,-7.335,0,-0.124663,66956.74,137513.3
354.5547,S,351.0647,0.6975291,0,1,0,0,12.46201,84.69981,0,0,0,0,25.0647546009532,25.0647546009532,0,-675.2455,-675.2455,-7.335,0,-0.124663,66269.93,137506
355.5547,S,352.0647,0.672944,0,1,0,0,12.46201,81.37926,0,0,0,0,22.8040691903398,22.8040691903398,0,-651.4458,-651.4458,-7.335,0,-0.124663,65607.95,137498.6
356.5548,S,353.0648,0.6505507,0,1,0,0,12.46201,78.42279,0,0,0,0,20.7915815974323,20.7915815974323,0,-629.7679,-629.7679,-7.335,0,-0.124663,64968.59,137491.3
357.5548,S,354.0648,0.6301091,0,1,0,0,12.46201,75.78848,0,0,0,0,18.9985962270846,18.9985962270846,0,-609.9794,-609.9794,-7.335,0,-0.124663,64349.86,137483.9
358.5549,S,355.0649,0.6114073,0,1,0,0,12.46201,73.43954,0,0,0,0,17.3999836719006,17.3999836719006,0,-591.875,-591.875,-7.335,0,-0.124663,63749.97,137476.6
359.555,S,356.065,0.5942573,0,1,0,0,12.46201,71.34331,0,0,0,0,15.9734941673871,15.9734941673871,0,-575.2729,-575.2729,-7.335,0,-0.124663,63167.34,137469.2
360.555,S,357.065,0.5784929,0,1,0,0,12.46201,69.47099,0,0,0,0,14.6994287735399,14.6994287735399,0,-560.0121,-560.0121,-7.335,0,-0.124663,62600.56,137461.9
361.5551,S,358.0651,0.5639663,0,1,0,0,12.46201,67.79713,0,0,0,0,13.5604261760591,13.5604261760591,0,-545.9496,-545.9496,-7.335,0,-0.124663,62048.38,137454.6
362.5551,S,359.0652,0.550547,0,1,0,0,12.46201,66.29939,0,0,0,0,12.5412952216846,12.5412952216846,0,-532.959,-532.959,-7.335,0,-0.124663,61509.65,137447.2
363.5552,S,360.0652,0.538119,0,1,0,0,12.46201,64.95804,0,0,0,0,11.6285444553424,11.6285444553424,0,-520.928,-520.928,-7.335,0,-0.124663,60983.38,137439.9
364.5553,S,361.0653,0.5265793,0,1,0,0,12.46201,63.75542,0,0,0,0,10.8101429276996,10.8101429276996,0,-509.757,-509.757,-7.335,0,-0.124663,60468.66,137432.5
365.5553,S,362.0653,0.5158365,0,1,0,0,12.46201,62.67616,0,0,0,0,10.0756544045942,10.0756544045942,0,-499.3573,-499.3573,-7.335,0,-0.124663,59964.69,137425.2
366.5554,S,363.0654,0.5058093,0,1,0,0,12.46201,61.70655,0,0,0,0,9.41572509491854,9.41572509491854,0,-489.6505,-489.6505,-7.335,0,-0.124663,59470.73,137417.8
367.5555,S,364.0655,0.4964254,0,1,0,0,12.46201,60.83442,0,0,0,0,8.82206650441954,8.82206650441954,0,-480.5663,-480.5663,-7.335,0,-0.124663,58986.13,137410.5
368.5555,S,365.0655,0.4876207,0,1,0,0,12.46201,60.04907,0,0,0,0,8.28739866865595,8.28739866865595,0,-472.0429,-472.0429,-7.335,0,-0.124663,58510.29,137403.2
369.5556,S,366.0656,0.479338,0,1,0,0,12.46201,59.34087,0,0,0,0,7.80518559842656,7.80518559842656,0,-464.0248,-464.0248,-7.335,0,-0.124663,58042.7,137395.8
370.5556,S,367.0656,0.4715263,0,1,0,0,12.46201,58.70132,0,0,0,0,7.36964535310903,7.36964535310903,0,-456.4627,-456.4627,-7.335,0,-0.124663,57582.88,137388.5
371.5557,S,368.0657,0.4641407,0,1,0,0,12.46201,58.12302,0,0,0,0,6.97572479698976,6.97572479698976,0,-449.313,-449.313,-7.335,0,-0.124663,57130.38,137381.1
372.5558,S,369.0658,0.4571405,0,1,0,0,12.46201,57.59915,0,0,0,0,6.61879710084117,6.61879710084117,0,-442.5365,-442.5365,-7.335,0,-0.124663,56684.82,137373.8
373.5558,S,370.0658,0.45049,0,1,0,0,12.46201,57.12383,0,0,0,0,6.29486177842433,6.29486177842433,0,-436.0984,-436.0984,-7.335,0,-0.124663,56245.86,137366.4
374.5559,S,371.0659,0.444157,0,1,0,0,12.46201,56.69171,0,0,0,0,6.00028327990874,6.00028327990874,0,-429.9677,-429.9677,-7.335,0,-0.124663,55813.16,137359.1
375.5559,S,372.0659,0.4381132,0,1,0,0,12.46201,56.29819,0,0,0,0,5.73195190114203,5.73195190114203,0,-424.117,-424.117,-7.335,0,-0.124663,55386.43,137351.8
376.556,S,373.066,0.4323331,0,1,0,0,12.46201,55.93896,0,0,0,0,5.48692381114913,5.48692381114913,0,-418.5216,-418.5216,-7.335,0,-0.124663,54965.42,137344.4
377.5561,S,374.0661,0.4267944,0,1,0,0,12.46201,55.6105,0,0,0,0,5.26280561254602,5.26280561254602,0,-413.1598,-413.1598,-7.335,0,-0.124663,54549.87,137337.1
378.5561,S,375.0661,0.4214764,0,1,0,0,12.46201,55.30931,0,0,0,0,5.05721168394659,5.05721168394659,0,-408.0117,-408.0117,-7.335,0,-0.124663,54139.56,137329.7
379.5562,S,376.0662,0.4163609,0,1,0,0,12.46201,55.03249,0,0,0,0,4.86819035579649,4.86819035579649,0,-403.0596,-403.0596,-7.335,0,-0.124663,53734.29,137322.4
380.5562,S,377.0663,0.4114322,0,1,0,0,12.46201,54.77748,0,0,0,0,4.6939998606493,4.6939998606493,0,-398.2884,-398.2884,-7.335,0,-0.124663,53333.87,137315
381.5563,S,378.0663,0.4066757,0,1,0,0,12.46201,54.54197,0,0,0,0,4.533044175726,4.533044175726,0,-393.6838,-393.6838,-7.335,0,-0.124663,52938.12,137307.7
382.5564,S,379.0664,0.4020787,0,1,0,0,12.46201,54.32396,0,0,0,0,4.3839993224729,4.3839993224729,0,-389.2337,-389.2337,-7.335,0,-0.124663,52546.9,137300.3
383.5564,S,380.0664,0.3976295,0,1,0,0,12.46201,54.12149,0,0,0,0,4.2455223380222,4.2455223380222,0,-384.9266,-384.9266,-7.335,0,-0.124663,52160.04,137293
384.5565,S,381.0665,0.3933178,0,1,0,0,12.46201,53.93311,0,0,0,0,4.11661073723919,4.11661073723919,0,-380.7527,-380.7527,-7.335,0,-0.124663,51777.43,137285.7
385.5565,S,382.0666,0.3891344,0,1,0,0,12.46201,53.75727,0,0,0,0,3.99621840387103,3.99621840387103,0,-376.7029,-376.7029,-7.335,0,-0.124663,51398.91,137278.3
386.5566,S,383.0666,0.3850708,0,1,0,0,12.46201,53.59274,0,0,0,0,3.88353193519259,3.88353193519259,0,-372.7691,-372.7691,-7.335,0,-0.124663,51024.38,137271
387.5567,S,384.0667,0.3811196,0,1,0,0,12.46201,53.43844,0,0,0,0,3.77778412081236,3.77778412081236,0,-368.9442,-368.9442,-7.335,0,-0.124663,50653.72,137263.6
388.5567,S,385.0667,0.3772744,0,1,0,0,12.46201,53.29341,0,0,0,0,3.67834199961038,3.67834199961038,0,-365.2218,-365.2218,-7.335,0,-0.124663,50286.83,137256.3
389.5568,S,386.0668,0.3735285,0,1,0,0,12.46201,53.15669,0,0,0,0,3.58455006718336,3.58455006718336,0,-361.5956,-361.5956,-7.335,0,-0.124663,49923.61,137248.9
390.5569,S,387.0669,0.3698766,0,1,0,0,12.46201,53.02744,0,0,0,0,3.49585304100731,3.49585304100731,0,-358.0603,-358.0603,-7.335,0,-0.124663,49563.98,137241.6
391.5569,S,388.0669,0.3663135,0,1,0,0,12.46201,52.90507,0,0,0,0,3.41182083389994,3.41182083389994,0,-354.6111,-354.6111,-7.335,0,-0.124663,49207.82,137234.2
392.557,S,389.067,0.3628349,0,1,0,0,12.46201,52.78893,0,0,0,0,3.33202589543384,3.33202589543384,0,-351.2436,-351.2436,-7.335,0,-0.124663,48855.07,137226.9
393.557,S,390.067,0.3594362,0,1,0,0,12.46201,52.67839,0,0,0,0,3.25603920137531,3.25603920137531,0,-347.9535,-347.9535,-7.335,0,-0.124663,48505.64,137219.6
394.5571,S,391.0671,0.3561141,0,1,0,0,12.46201,52.57311,0,0,0,0,3.18363948847843,3.18363948847843,0,-344.7375,-344.7375,-7.335,0,-0.124663,48159.46,137212.2
395.5572,S,392.0672,0.3528649,0,1,0,0,12.46201,52.47263,0,0,0,0,3.11449107010998,3.11449107010998,0,-341.5921,-341.5921,-7.335,0,-0.124663,47816.46,137204.9
396.5572,S,393.0672,0.3496855,0,1,0,0,12.46201,52.37657,0,0,0,0,3.04833274212164,3.04833274212164,0,-338.5143,-338.5143,-7.335,0,-0.124663,47476.56,137197.5
397.5573,S,394.0673,0.3465729,0,1,0,0,12.46201,52.2845,0,0,0,0,2.98492575077688,2.98492575077688,0,-335.5011,-335.5011,-7.335,0,-0.124663,47139.71,137190.2
398.5573,S,395.0674,0.3435243,0,1,0,0,12.46201,52.19624,0,0,0,0,2.92408803215918,2.92408803215918,0,-332.5499,-332.5499,-7.335,0,-0.124663,46805.84,137182.8
399.5574,S,396.0674,0.3405372,0,1,0,0,12.46201,52.11142,0,0,0,0,2.86560322525073,2.86560322525073,0,-329.6582,-329.6582,-7.335,0,-0.124663,46474.89,137175.5
400.5575,S,397.0675,0.337609,0,1,0,0,12.46201,52.02982,0,0,0,0,2.80927799826964,2.80927799826964,0,-326.8236,-326.8236,-7.335,0,-0.124663,46146.79,137168.2
401.5575,S,398.0675,0.334738,0,1,0,0,12.46201,51.95128,0,0,0,0,2.7550596136435,2.7550596136435,0,-324.0443,-324.0443,-7.335,0,-0.124663,45821.5,137160.8
402.5576,S,399.0676,0.3319219,0,1,0,0,12.46201,51.87555,0,0,0,0,2.7027588957114,2.7027588957114,0,-321.3182,-321.3182,-7.335,0,-0.124663,45498.96,137153.5
403.5576,S,400.0677,0.329159,0,1,0,0,12.46201,51.80249,0,0,0,0,2.65226097100078,2.65226097100078,0,-318.6435,-318.6435,-7.335,0,-0.124663,45179.11,137146.1
404.5577,S,401.0677,0.326447,0,1,0,0,12.46201,51.73186,0,0,0,0,2.60344195381735,2.60344195381735,0,-316.0182,-316.0182,-7.335,0,-0.124663,44861.92,137138.8
405.5578,S,402.0678,0.3237846,0,1,0,0,12.46201,51.66356,0,0,0,0,2.55616560469016,2.55616560469016,0,-313.4408,-313.4408,-7.335,0,-0.124663,44547.32,137131.4
406.5578,S,403.0678,0.3211702,0,1,0,0,12.46201,51.5975,0,0,0,0,2.5104264092824,2.5104264092824,0,-310.9099,-310.9099,-7.335,0,-0.124663,44235.27,137124.1
407.5579,S,404.0679,0.3186021,0,1,0,0,12.46201,51.53351,0,0,0,0,2.46612022869159,2.46612022869159,0,-308.4239,-308.4239,-7.335,0,-0.124663,43925.73,137116.8
408.558,S,405.068,0.3160792,0,1,0,0,12.46201,51.47153,0,0,0,0,2.42317036986723,2.42317036986723,0,-305.9816,-305.9816,-7.335,0,-0.124663,43618.65,137109.4
409.558,S,406.068,0.3135997,0,1,0,0,12.46201,51.41136,0,0,0,0,2.38145795895155,2.38145795895155,0,-303.5813,-303.5813,-7.335,0,-0.124663,43313.99,137102.1
410.5581,S,407.0681,0.3111629,0,1,0,0,12.46201,51.35303,0,0,0,0,2.34098633938638,2.34098633938638,0,-301.2223,-301.2223,-7.335,0,-0.124663,43011.72,137094.7
411.5581,S,408.0681,0.308767,0,1,0,0,12.46201,51.29639,0,0,0,0,2.30167262003771,2.30167262003771,0,-298.903,-298.903,-7.335,0,-0.124663,42711.78,137087.4
412.5582,S,409.0682,0.3064111,0,1,0,0,12.46201,51.24136,0,0,0,0,2.26345631014006,2.26345631014006,0,-296.6224,-296.6224,-7.335,0,-0.124663,42414.13,137080
413.5583,S,410.0683,0.3040941,0,1,0,0,12.46201,51.18792,0,0,0,0,2.22630203697543,2.22630203697543,0,-294.3794,-294.3794,-7.335,0,-0.124663,42118.75,137072.7
414.5583,S,411.0683,0.3018151,0,1,0,0,12.46201,51.13598,0,0,0,0,2.19019399177781,2.19019399177781,0,-292.1732,-292.1732,-7.335,0,-0.124663,41825.59,137065.3
415.5584,S,412.0684,0.2995665,0,1,0,0,12.46201,51.08534,0,0,0,0,2.1549664519974,2.1549664519974,0,-290.0022,-290.0022,-7.335,0,-0.124663,41534.61,137058
416.5584,S,413.0685,0.2969639,0,1,0,0,12.46201,51.03614,0,0,0,0,2.12072912211692,2.12072912211692,0,-287.8661,-287.8661,-7.335,0,-0.124663,41245.78,137050.7
417.5585,S,414.0685,0.2944063,0,1,0,0,12.46201,50.98828,0,0,0,0,2.08737615746317,2.08737615746317,0,-285.7638,-285.7638,-7.335,0,-0.124663,40959.07,137043.3
418.5586,S,415.0686,0.2918926,0,1,0,0,12.46201,50.94164,0,0,0,0,2.05488438066347,2.05488438066347,0,-283.6943,-283.6943,-7.335,0,-0.124663,40674.45,137036
419.5586,S,416.0686,0.2894217,0,1,0,0,12.46201,50.89626,0,0,0,0,2.02323401598838,2.02323401598838,0,-281.657,-281.657,-7.335,0,-0.124663,40391.88,137028.6
420.5587,S,417.0687,0.2869923,0,1,0,0,12.46201,50.85199,0,0,0,0,1.99234621812244,1.99234621812244,0,-279.6508,-279.6508,-7.335,0,-0.124663,40111.32,137021.3
421.5587,S,418.0688,0.2846034,0,1,0,0,12.46201,50.8089,0,0,0,0,1.96226266318264,1.96226266318264,0,-277.6752,-277.6752,-7.335,0,-0.124663,39832.75,137013.9
422.5588,S,419.0688,0.2822537,0,1,0,0,12.46201,50.76673,0,0,0,0,1.93282087932035,1.93282087932035,0,-275.729,-275.729,-7.335,0,-0.124663,39556.15,137006.6
423.5589,S,420.0689,0.2800685,0,1,0,0,12.46201,50.65183,0,0,0,0,1.8534205188228,1.8534205188228,0,-273.9352,-273.9352,-7.335,0,-0.124663,39281.4,136999.2
424.5589,S,421.0689,0.2777733,0,1,0,0,12.46201,50.79228,0,0,0,0,1.94929208706233,1.94929208706233,0,-272.0257,-272.0257,-7.335,0,-0.124663,39008.5,136991.9
425.559,S,422.069,0.27541,0,1,0,0,12.46201,50.87981,0,0,0,0,2.00891139801882,2.00891139801882,0,-270.0411,-270.0411,-7.335,0,-0.124663,38737.56,136984.6
426.5591,S,423.0691,0.2730112,0,1,0,0,12.46201,50.92609,0,0,0,0,2.04023664950472,2.04023664950472,0,-268.0132,-268.0132,-7.335,0,-0.124663,38468.63,136977.2
427.5591,S,424.0691,0.2706017,0,1,0,0,12.46201,50.94038,0,0,0,0,2.0496457456885,2.0496457456885,0,-265.9662,-265.9662,-7.335,0,-0.124663,38201.75,136969.9
428.5592,S,425.0692,0.2682009,0,1,0,0,12.46201,50.93049,0,0,0,0,2.04243640479427,2.04243640479427,0,-263.9193,-263.9193,-7.335,0,-0.124663,37936.91,136962.5
429.5592,S,426.0692,0.265823,0,1,0,0,12.46201,50.90251,0,0,0,0,2.02279942457228,2.02279942457228,0,-261.8867,-261.8867,-7.335,0,-0.124663,37674.11,136955.2
430.5593,S,427.0693,0.2634788,0,1,0,0,12.46201,50.86136,0,0,0,0,1.99410555633688,1.99410555633688,0,-259.8791,-259.8791,-7.335,0,-0.124663,37413.33,136947.8
431.5594,S,428.0694,0.2611754,0,1,0,0,12.46201,50.81075,0,0,0,0,1.95890945483474,1.95890945483474,0,-257.9038,-257.9038,-7.335,0,-0.124663,37154.54,136940.5
432.5594,S,429.0694,0.2589184,0,1,0,0,12.46201,50.75373,0,0,0,0,1.91929812638215,1.91929812638215,0,-255.9665,-255.9665,-7.335,0,-0.124663,36897.71,136933.2
433.5595,S,430.0695,0.2567106,0,1,0,0,12.46201,50.69247,0,0,0,0,1.87677488969367,1.87677488969367,0,-254.0704,-254.0704,-7.335,0,-0.124663,36642.79,136925.8
434.5595,S,431.0695,0.2545541,0,1,0,0,12.46201,50.62885,0,0,0,0,1.83260499369817,1.83260499369817,0,-252.2178,-252.2178,-7.335,0,-0.124663,36389.74,136918.5
435.5596,S,432.0696,0.2524498,0,1,0,0,12.46201,50.56409,0,0,0,0,1.78763487526855,1.78763487526855,0,-250.4098,-250.4098,-7.335,0,-0.124663,36138.53,136911.1
436.5597,S,433.0697,0.2503977,0,1,0,0,12.46201,50.4993,0,0,0,0,1.74260749638142,1.74260749638142,0,-248.6469,-248.6469,-7.335,0,-0.124663,35889.09,136903.8
437.5597,S,434.0697,0.2483974,0,1,0,0,12.46201,50.43517,0,0,0,0,1.6980579643183,1.6980579643183,0,-246.9288,-246.9288,-7.335,0,-0.124663,35641.4,136896.4
438.5598,S,435.0698,0.246448,0,1,0,0,12.46201,50.37225,0,0,0,0,1.65430546562531,1.65430546562531,0,-245.2549,-245.2549,-7.335,0,-0.124663,35395.39,136889.1
439.5598,S,436.0699,0.2445481,0,1,0,0,12.46201,50.31084,0,0,0,0,1.61160477669332,1.61160477669332,0,-243.6241,-243.6241,-7.335,0,-0.124663,35151.04,136881.8
440.5599,S,437.0699,0.2426965,0,1,0,0,12.46201,50.25122,0,0,0,0,1.57009700118554,1.57009700118554,0,-242.0354,-242.0354,-7.335,0,-0.124663,34908.29,136874.4
441.56,S,438.07,0.2408914,0,1,0,0,12.46201,50.19353,0,0,0,0,1.52991641638727,1.52991641638727,0,-240.4874,-240.4874,-7.335,0,-0.124663,34667.12,136867.1
442.56,S,439.07,0.2391315,0,1,0,0,12.46201,50.13792,0,0,0,0,1.49114741493796,1.49114741493796,0,-238.9789,-238.9789,-7.335,0,-0.124663,34427.46,136859.7
443.5601,S,440.0701,0.2374149,0,1,0,0,12.46201,50.08432,0,0,0,0,1.45376529654983,1.45376529654983,0,-237.5083,-237.5083,-7.335,0,-0.124663,34189.3,136852.4
444.5602,S,441.0702,0.2357403,0,1,0,0,12.46201,50.03283,0,0,0,0,1.41781577783046,1.41781577783046,0,-236.0744,-236.0744,-7.335,0,-0.124663,33952.58,136845
445.5602,S,442.0702,0.2341059,0,1,0,0,12.46201,49.9834,0,0,0,0,1.38327544219048,1.38327544219048,0,-234.6758,-234.6758,-7.335,0,-0.124663,33717.28,136837.7
446.5603,S,443.0703,0.23251,0,1,0,0,12.46201,49.93588,0,0,0,0,1.35004451140588,1.35004451140588,0,-233.3108,-233.3108,-7.335,0,-0.124663,33483.35,136830.3
447.5603,S,444.0703,0.2309514,0,1,0,0,12.46201,49.89031,0,0,0,0,1.31814391727433,1.31814391727433,0,-231.9785,-231.9785,-7.335,0,-0.124663,33250.78,136823
448.5604,S,445.0704,0.2294282,0,1,0,0,12.46201,49.84652,0,0,0,0,1.28748859564168,1.28748859564168,0,-230.6772,-230.6772,-7.335,0,-0.124663,33019.52,136815.7
449.5605,S,446.0705,0.2279395,0,1,0,0,12.46201,49.8045,0,0,0,0,1.25800575896733,1.25800575896733,0,-229.406,-229.406,-7.335,0,-0.124663,32789.54,136808.3
450.5605,S,447.0705,0.2264838,0,1,0,0,12.46201,49.7642,0,0,0,0,1.22972891768356,1.22972891768356,0,-228.1637,-228.1637,-7.335,0,-0.124663,32560.82,136801
451.5606,S,448.0706,0.2250596,0,1,0,0,12.46201,49.72541,0,0,0,0,1.20248411198018,1.20248411198018,0,-226.9489,-226.9489,-7.335,0,-0.124663,32333.33,136793.6
452.5606,S,449.0706,0.2236661,0,1,0,0,12.46201,49.68826,0,0,0,0,1.17632941419608,1.17632941419608,0,-225.7609,-225.7609,-7.335,0,-0.124663,32107.04,136786.3
453.5607,S,450.0707,0.2223018,0,1,0,0,12.46201,49.65247,0,0,0,0,1.15113524614862,1.15113524614862,0,-224.5984,-224.5984,-7.335,0,-0.124663,31881.92,136778.9
454.5608,S,451.0708,0.2209659,0,1,0,0,12.46201,49.61815,0,0,0,0,1.12695354562583,1.12695354562583,0,-223.4607,-223.4607,-7.335,0,-0.124663,31657.95,136771.6
455.5608,S,452.0708,0.219657,0,1,0,0,12.46201,49.58502,0,0,0,0,1.10358599318903,1.10358599318903,0,-222.3465,-222.3465,-7.335,0,-0.124663,31435.1,136764.2
456.5609,S,453.0709,0.2183746,0,1,0,0,12.46201,49.55327,0,0,0,0,1.08113759662895,1.08113759662895,0,-221.2554,-221.2554,-7.335,0,-0.124663,31213.36,136756.9
457.5609,S,454.071,0.2171173,0,1,0,0,12.46201,49.52261,0,0,0,0,1.05945469406911,1.05945469406911,0,-220.1862,-220.1862,-7.335,0,-0.124663,30992.69,136749.6
458.561,S,455.071,0.2158844,0,1,0,0,12.46201,49.49306,0,0,0,0,1.0385642500872,1.0385642500872,0,-219.1382,-219.1382,-7.335,0,-0.124663,30773.08,136742.2
459.5611,S,456.0711,0.2146753,0,1,0,0,12.46201,49.46469,0,0,0,0,1.01845481137637,1.01845481137637,0,-218.1109,-218.1109,-7.335,0,-0.124663,30554.51,136734.9
460.5611,S,457.0711,0.2134885,0,1,0,0,12.46201,49.43712,0,0,0,0,0.998886616793122,0.998886616793122,0,-217.103,-217.103,-7.335,0,-0.124663,30336.96,136727.5
461.5612,S,458.0712,0.2123242,0,1,0,0,12.46201,49.41072,0,0,0,0,0.980118996682101,0.980118996682101,0,-216.1146,-216.1146,-7.335,0,-0.124663,30120.4,136720.2
462.5612,S,459.0713,0.2111809,0,1,0,0,12.46201,49.38514,0,0,0,0,0.961927021967419,0.961927021967419,0,-215.1445,-215.1445,-7.335,0,-0.124663,29904.82,136712.8
463.5613,S,460.0713,0.2100584,0,1,0,0,12.46201,49.36051,0,0,0,0,0.944379459366353,0.944379459366353,0,-214.1924,-214.1924,-7.335,0,-0.124663,29690.21,136705.5
464.5614,S,461.0714,0.2091447,0,1,0,0,12.46201,48.4333,0,0,0,0,0.304226517384336,0.304226517384336,0,-213.4504,-213.4504,-7.335,0,-0.124663,29476.49,136698.2
465.5614,S,462.0714,0.2085735,0,1,0,0,12.46201,48.66111,0,0,0,0,0.460663761664613,0.460663761664613,0,-213.056,-213.056,-7.335,0,-0.124663,29263.24,136690.8
466.5615,S,463.0715,0.2078746,0,1,0,0,12.46201,48.82726,0,0,0,0,0.574633622407816,0.574633622407816,0,-212.5295,-212.5295,-7.335,0,-0.124663,29050.47,136683.5
467.5616,S,464.0716,0.2070843,0,1,0,0,12.46201,48.94729,0,0,0,0,0.656824991687024,0.656824991687024,0,-211.9074,-211.9074,-7.335,0,-0.124663,28838.28,136676.1
468.5616,S,465.0716,0.206229,0,1,0,0,12.46201,49.03287,0,0,0,0,0.715274500260875,0.715274500260875,0,-211.2167,-211.2167,-7.335,0,-0.124663,28626.74,136668.8
469.5617,S,466.0717,0.2053288,0,1,0,0,12.46201,49.09283,0,0,0,0,0.756074921298804,0.756074921298804,0,-210.4776,-210.4776,-7.335,0,-0.124663,28415.93,136661.4
470.5617,S,467.0717,0.2043985,0,1,0,0,12.46201,49.13381,0,0,0,0,0.783807360941971,0.783807360941971,0,-209.7052,-209.7052,-7.335,0,-0.124663,28205.87,136654.1
471.5618,S,468.0718,0.2034491,0,1,0,0,12.46201,49.16087,0,0,0,0,0.801919683953486,0.801919683953486,0,-208.9108,-208.9108,-7.335,0,-0.124663,27996.6,136646.8
472.5619,S,469.0719,0.2024886,0,1,0,0,12.46201,49.17759,0,0,0,0,0.812908384344887,0.812908384344887,0,-208.1024,-208.1024,-7.335,0,-0.124663,27788.13,136639.4
473.5619,S,470.0719,0.2015228,0,1,0,0,12.46201,49.18675,0,0,0,0,0.818694577545166,0.818694577545166,0,-207.286,-207.286,-7.335,0,-0.124663,27580.48,136632.1
474.562,S,471.072,0.2005559,0,1,0,0,12.46201,49.19037,0,0,0,0,0.820646324395703,0.820646324395703,0,-206.466,-206.466,-7.335,0,-0.124663,27373.65,136624.7
475.562,S,472.0721,0.1995911,0,1,0,0,12.46201,49.18993,0,0,0,0,0.81979334984451,0.81979334984451,0,-205.6456,-205.6456,-7.335,0,-0.124663,27167.63,136617.4
476.5621,S,473.0721,0.1986306,0,1,0,0,12.46201,49.18662,0,0,0,0,0.816967912048959,0.816967912048959,0,-204.8272,-204.8272,-7.335,0,-0.124663,26962.44,136610
477.5622,S,474.0722,0.1976761,0,1,0,0,12.46201,49.18122,0,0,0,0,0.812695281708351,0.812695281708351,0,-204.0124,-204.0124,-7.335,0,-0.124663,26758.06,136602.7
478.5622,S,475.0722,0.1967286,0,1,0,0,12.46201,49.17437,0,0,0,0,0.80740465430813,0.80740465430813,0,-203.2025,-203.2025,-7.335,0,-0.124663,26554.49,136595.3
479.5623,S,476.0723,0.1957891,0,1,0,0,12.46201,49.16655,0,0,0,0,0.801462660919377,0.801462660919377,0,-202.3984,-202.3984,-7.335,0,-0.124663,26351.73,136588
480.5623,S,477.0724,0.1948578,0,1,0,0,12.46201,49.15796,0,0,0,0,0.795004494083578,0.795004494083578,0,-201.6004,-201.6004,-7.335,0,-0.124663,26149.77,136580.7
481.5624,S,478.0724,0.1939352,0,1,0,0,12.46201,49.14891,0,0,0,0,0.788212097515746,0.788212097515746,0,-200.8091,-200.8091,-7.335,0,-0.124663,25948.61,136573.3
482.5625,S,479.0725,0.1930216,0,1,0,0,12.46201,49.13958,0,0,0,0,0.781231953223056,0.781231953223056,0,-200.0247,-200.0247,-7.335,0,-0.124663,25748.23,136566
483.5625,S,480.0725,0.192117,0,1,0,0,12.46201,49.13012,0,0,0,0,0.77415551900139,0.77415551900139,0,-199.2474,-199.2474,-7.335,0,-0.124663,25548.64,136558.6
484.5626,S,481.0726,0.1912215,0,1,0,0,12.46201,49.12064,0,0,0,0,0.767076725792748,0.767076725792748,0,-198.4773,-198.4773,-7.335,0,-0.124663,25349.82,136551.3
485.5627,S,482.0727,0.1903347,0,1,0,0,12.46201,49.111,0,0,0,0,0.759893784330344,0.759893784330344,0,-197.7141,-197.7141,-7.335,0,-0.124663,25151.76,136543.9
486.5627,S,483.0727,0.189457,0,1,0,0,12.46201,49.10144,0,0,0,0,0.752751138925262,0.752751138925262,0,-196.9581,-196.9581,-7.335,0,-0.124663,24954.46,136536.6
487.5628,S,484.0728,0.1885882,0,1,0,0,12.46201,49.09195,0,0,0,0,0.745664159459167,0.745664159459167,0,-196.2092,-196.2092,-7.335,0,-0.124663,24757.92,136529.2
488.5628,S,485.0728,0.1877283,0,1,0,0,12.46201,49.0826,0,0,0,0,0.738669227991373,0.738669227991373,0,-195.4674,-195.4674,-7.335,0,-0.124663,24562.12,136521.9
489.5629,S,486.0729,0.1868771,0,1,0,0,12.46201,49.07335,0,0,0,0,0.73174186758829,0.73174186758829,0,-194.7326,-194.7326,-7.335,0,-0.124663,24367.05,136514.6
490.563,S,487.073,0.1860343,0,1,0,0,12.46201,49.06419,0,0,0,0,0.724881010485454,0.724881010485454,0,-194.0046,-194.0046,-7.335,0,-0.124663,24172.72,136507.2
491.563,S,488.073,0.1852002,0,1,0,0,12.46201,49.05519,0,0,0,0,0.7181322836541,0.7181322836541,0,-193.2835,-193.2835,-7.335,0,-0.124663,23979.12,136499.9
492.5631,S,489.0731,0.1843743,0,1,0,0,12.46201,49.04628,0,0,0,0,0.71146258190047,0.71146258190047,0,-192.569,-192.569,-7.335,0,-0.124663,23786.23,136492.5
493.5631,S,490.0732,0.1835565,0,1,0,0,12.46201,49.0375,0,0,0,0,0.704845031938376,0.704845031938376,0,-191.8611,-191.8611,-7.335,0,-0.124663,23594.05,136485.2
494.5632,S,491.0732,0.182747,0,1,0,0,12.46201,49.02887,0,0,0,0,0.698335901857746,0.698335901857746,0,-191.1598,-191.1598,-7.335,0,-0.124663,23402.57,136477.8
495.5633,S,492.0733,0.1819454,0,1,0,0,12.46201,49.02037,0,0,0,0,0.691944833792,0.691944833792,0,-190.4649,-190.4649,-7.335,0,-0.124663,23211.79,136470.5
496.5633,S,493.0733,0.1811517,0,1,0,0,12.46201,49.012,0,0,0,0,0.685655505247809,0.685655505247809,0,-189.7764,-189.7764,-7.335,0,-0.124663,23021.71,136463.2
497.5634,S,494.0734,0.1803659,0,1,0,0,12.46201,49.00389,0,0,0,0,0.679490606695289,0.679490606695289,0,-189.0943,-189.0943,-7.335,0,-0.124663,22832.3,136455.8
498.5634,S,495.0735,0.1795876,0,1,0,0,12.46201,48.99579,0,0,0,0,0.673368416175613,0.673368416175613,0,-188.4182,-188.4182,-7.335,0,-0.124663,22643.58,136448.5
499.5635,S,496.0735,0.1788168,0,1,0,0,12.46201,48.98782,0,0,0,0,0.667341674759228,0.667341674759228,0,-187.7482,-187.7482,-7.335,0,-0.124663,22455.53,136441.1
500.5636,S,497.0736,0.1780533,0,1,0,0,12.46201,48.97996,0,0,0,0,0.661374106200334,0.661374106200334,0,-187.0841,-187.0841,-7.335,0,-0.124663,22268.15,136433.8
501.5636,S,498.0736,0.1772971,0,1,0,0,12.46201,48.97221,0,0,0,0,0.655526977434199,0.655526977434199,0,-186.4259,-186.4259,-7.335,0,-0.124663,22081.43,136426.4
502.5637,S,499.0737,0.1765482,0,1,0,0,12.46201,48.96461,0,0,0,0,0.649748990228417,0.649748990228417,0,-185.7736,-185.7736,-7.335,0,-0.124663,21895.36,136419.1
503.5638,S,500.0738,0.1758062,0,1,0,0,12.46201,48.95712,0,0,0,0,0.644036929488173,0.644036929488173,0,-185.127,-185.127,-7.335,0,-0.124663,21709.94,136411.8
504.5638,S,501.0738,0.1750714,0,1,0,0,12.46201,48.94978,0,0,0,0,0.638422558827592,0.638422558827592,0,-184.4861,-184.4861,-7.335,0,-0.124663,21525.17,136404.4
505.5639,S,502.0739,0.1743433,0,1,0,0,12.46201,48.9425,0,0,0,0,0.632898722490736,0.632898722490736,0,-183.8507,-183.8507,-7.335,0,-0.124663,21341.03,136397.1
506.5639,S,503.0739,0.1736219,0,1,0,0,12.46201,48.9353,0,0,0,0,0.62741818349312,0.62741818349312,0,-183.2207,-183.2207,-7.335,0,-0.124663,21157.53,136389.7
507.564,S,504.074,0.1729072,0,1,0,0,12.46201,48.92824,0,0,0,0,0.62199713900543,0.62199713900543,0,-182.5962,-182.5962,-7.335,0,-0.124663,20974.65,136382.4
508.5641,S,505.0741,0.1721993,0,1,0,0,12.46201,48.92136,0,0,0,0,0.616734669915893,0.616734669915893,0,-181.9772,-181.9772,-7.335,0,-0.124663,20792.4,136375
509.5641,S,506.0741,0.1714977,0,1,0,0,12.46201,48.91456,0,0,0,0,0.611490678302779,0.611490678302779,0,-181.3634,-181.3634,-7.335,0,-0.124663,20610.76,136367.7
510.5642,S,507.0742,0.1708027,0,1,0,0,12.46201,48.90792,0,0,0,0,0.606388823234738,0.606388823234738,0,-180.7549,-180.7549,-7.335,0,-0.124663,20429.73,136360.3
511.5642,S,508.0742,0.1701138,0,1,0,0,12.46201,48.90133,0,0,0,0,0.601320494248796,0.601320494248796,0,-180.1514,-180.1514,-7.335,0,-0.124663,20249.31,136353
512.5643,S,509.0743,0.1694311,0,1,0,0,12.46201,48.89479,0,0,0,0,0.59628726833472,0.59628726833472,0,-179.5529,-179.5529,-7.335,0,-0.124663,20069.49,136345.7
513.5644,S,510.0744,0.1687545,0,1,0,0,12.46201,48.88834,0,0,0,0,0.591310103113642,0.591310103113642,0,-178.9594,-178.9594,-7.335,0,-0.124663,19890.26,136338.3
514.5645,S,511.0744,0.1680839,0,1,0,0,12.46201,48.88204,0,0,0,0,0.586471710473056,0.586471710473056,0,-178.3708,-178.3708,-7.335,0,-0.124663,19711.62,136331
515.5645,S,512.0745,0.1674191,0,1,0,0,12.46201,48.87571,0,0,0,0,0.58158164732356,0.58158164732356,0,-177.7869,-177.7869,-7.335,0,-0.124663,19533.56,136323.6
516.5642,S,513.0742,0.1667603,0,1,0,0,12.46201,48.8695,0,0,0,0,0.576769889200918,0.576769889200918,0,-177.2079,-177.2079,-7.335,0,-0.124663,19356.09,136316.3
517.564,S,514.074,0.1661075,0,1,0,0,12.46201,48.8635,0,0,0,0,0.572095962263397,0.572095962263397,0,-176.6338,-176.6338,-7.335,0,-0.124663,19179.2,136308.9
518.5637,S,515.0737,0.1654602,0,1,0,0,12.46201,48.85756,0,0,0,0,0.56746804081984,0.56746804081984,0,-176.0643,-176.0643,-7.335,0,-0.124663,19002.88,136301.6
519.5635,S,516.0735,0.1648186,0,1,0,0,12.46201,48.85162,0,0,0,0,0.562880814494328,0.562880814494328,0,-175.4993,-175.4993,-7.335,0,-0.124663,18827.13,136294.2
520.5632,S,517.0732,0.1641825,0,1,0,0,12.46201,48.84583,0,0,0,0,0.558346772678696,0.558346772678696,0,-174.9389,-174.9389,-7.335,0,-0.124663,18651.94,136286.9
521.563,S,518.073,0.1635519,0,1,0,0,12.46201,48.84014,0,0,0,0,0.553928685173865,0.553928685173865,0,-174.383,-174.383,-7.335,0,-0.124663,18477.3,136279.6
522.5627,S,519.0728,0.1629268,0,1,0,0,12.46201,48.83456,0,0,0,0,0.549538688117835,0.549538688117835,0,-173.8316,-173.8316,-7.335,0,-0.124663,18303.22,136272.2
523.5625,S,520.0725,0.1623069,0,1,0,0,12.46201,48.82899,0,0,0,0,0.545202090286992,0.545202090286992,0,-173.2845,-173.2845,-7.335,0,-0.124663,18129.69,136264.9
524.5623,S,521.0723,0.1616922,0,1,0,0,12.46201,48.82347,0,0,0,0,0.54089113273254,0.54089113273254,0,-172.7416,-172.7416,-7.335,0,-0.124663,17956.71,136257.5
525.562,S,522.072,0.1610827,0,1,0,0,12.46201,48.81803,0,0,0,0,0.536633614114414,0.536633614114414,0,-172.203,-172.203,-7.335,0,-0.124663,17784.26,136250.2
526.5618,S,523.0718,0.1604785,0,1,0,0,12.46201,48.81274,0,0,0,0,0.532445996144901,0.532445996144901,0,-171.6687,-171.6687,-7.335,0,-0.124663,17612.35,136242.8
527.5615,S,524.0715,0.1598792,0,1,0,0,12.46201,48.80749,0,0,0,0,0.528314497562526,0.528314497562526,0,-171.1385,-171.1385,-7.335,0,-0.124663,17440.98,136235.5
528.5613,S,525.0713,0.1592849,0,1,0,0,12.46201,48.80228,0,0,0,0,0.524216159680158,0.524216159680158,0,-170.6123,-170.6123,-7.335,0,-0.124663,17270.13,136228.2
529.561,S,526.071,0.1586956,0,1,0,0,12.46201,48.79721,0,0,0,0,0.520213372078068,0.520213372078068,0,-170.0903,-170.0903,-7.335,0,-0.124663,17099.8,136220.8
530.5608,S,527.0708,0.1581111,0,1,0,0,12.46201,48.79215,0,0,0,0,0.516219975244823,0.516219975244823,0,-169.5723,-169.5723,-7.335,0,-0.124663,16930,136213.5
531.5605,S,528.0706,0.1575315,0,1,0,0,12.46201,48.78728,0,0,0,0,0.512346453021536,0.512346453021536,0,-169.0583,-169.0583,-7.335,0,-0.124663,16760.71,136206.1
532.5603,S,529.0703,0.1569566,0,1,0,0,12.46201,48.78236,0,0,0,0,0.508443130479833,0.508443130479833,0,-168.5481,-168.5481,-7.335,0,-0.124663,16591.93,136198.8
533.5601,S,530.0701,0.1563862,0,1,0,0,12.46201,48.77751,0,0,0,0,0.504628704879451,0.504628704879451,0,-168.0417,-168.0417,-7.335,0,-0.124663,16423.66,136191.4
534.5598,S,531.0698,0.1558205,0,1,0,0,12.46201,48.77271,0,0,0,0,0.500811018822645,0.500811018822645,0,-167.5391,-167.5391,-7.335,0,-0.124663,16255.9,136184.1
535.5596,S,532.0696,0.1552594,0,1,0,0,12.46201,48.76801,0,0,0,0,0.49705063281634,0.49705063281634,0,-167.0403,-167.0403,-7.335,0,-0.124663,16088.63,136176.8
536.5593,S,533.0693,0.1547028,0,1,0,0,12.46201,48.76338,0,0,0,0,0.493350672033188,0.493350672033188,0,-166.5452,-166.5452,-7.335,0,-0.124663,15921.87,136169.4
537.5591,S,534.0691,0.1541507,0,1,0,0,12.46201,48.75885,0,0,0,0,0.489750718019529,0.489750718019529,0,-166.0539,-166.0539,-7.335,0,-0.124663,15755.59,136162.1
538.5588,S,535.0688,0.153603,0,1,0,0,12.46201,48.75441,0,0,0,0,0.486171303604685,0.486171303604685,0,-165.5662,-165.5662,-7.335,0,-0.124663,15589.81,136154.7
539.5586,S,536.0686,0.1530595,0,1,0,0,12.46201,48.74994,0,0,0,0,0.482608957184162,0.482608957184162,0,-165.082,-165.082,-7.335,0,-0.124663,15424.51,136147.4
540.5583,S,537.0684,0.1525204,0,1,0,0,12.46201,48.74559,0,0,0,0,0.479096425276964,0.479096425276964,0,-164.6014,-164.6014,-7.335,0,-0.124663,15259.69,136140
541.5581,S,538.0681,0.1519854,0,1,0,0,12.46201,48.74126,0,0,0,0,0.475626173318396,0.475626173318396,0,-164.1242,-164.1242,-7.335,0,-0.124663,15095.35,136132.7
542.5579,S,539.0679,0.1514546,0,1,0,0,12.46201,48.73696,0,0,0,0,0.472143770543362,0.472143770543362,0,-163.6505,-163.6505,-7.335,0,-0.124663,14931.49,136125.3
543.5576,S,540.0676,0.150928,0,1,0,0,12.46201,48.73271,0,0,0,0,0.468736384076166,0.468736384076166,0,-163.1802,-163.1802,-7.335,0,-0.124663,14768.1,136118
544.5574,S,541.0674,0.1504055,0,1,0,0,12.46201,48.72862,0,0,0,0,0.465403205259058,0.465403205259058,0,-162.7134,-162.7134,-7.335,0,-0.124663,14605.17,136110.7
545.5571,S,542.0671,0.149887,0,1,0,0,12.46201,48.72458,0,0,0,0,0.462132837633362,0.462132837633362,0,-162.2499,-162.2499,-7.335,0,-0.124663,14442.72,136103.3
546.5569,S,543.0669,0.1493724,0,1,0,0,12.46201,48.7205,0,0,0,0,0.458837709511016,0.458837709511016,0,-161.7896,-161.7896,-7.335,0,-0.124663,14280.72,136096
547.5566,S,544.0667,0.1488617,0,1,0,0,12.46201,48.71644,0,0,0,0,0.455555799989796,0.455555799989796,0,-161.3325,-161.3325,-7.335,0,-0.124663,14119.18,136088.6
548.5564,S,545.0664,0.1483549,0,1,0,0,12.46201,48.71247,0,0,0,0,0.452301965096481,0.452301965096481,0,-160.8787,-160.8787,-7.335,0,-0.124663,13958.1,136081.3
549.5562,S,546.0662,0.1478521,0,1,0,0,12.46201,48.70865,0,0,0,0,0.449175980275022,0.449175980275022,0,-160.4282,-160.4282,-7.335,0,-0.124663,13797.47,136073.9
550.5559,S,547.0659,0.1473529,0,1,0,0,12.46201,48.70473,0,0,0,0,0.446000621646853,0.446000621646853,0,-159.9807,-159.9807,-7.335,0,-0.124663,13637.29,136066.6
551.5557,S,548.0657,0.1468575,0,1,0,0,12.46201,48.70088,0,0,0,0,0.442860729400095,0.442860729400095,0,-159.5363,-159.5363,-7.335,0,-0.124663,13477.55,136059.2
552.5554,S,549.0654,0.146366,0,1,0,0,12.46201,48.69725,0,0,0,0,0.4398742238577,0.4398742238577,0,-159.0952,-159.0952,-7.335,0,-0.124663,13318.26,136051.9
553.5552,S,550.0652,0.1458779,0,1,0,0,12.46201,48.69355,0,0,0,0,0.436840284579787,0.436840284579787,0,-158.657,-158.657,-7.335,0,-0.124663,13159.41,136044.6
554.5549,S,551.0649,0.1453935,0,1,0,0,12.46201,48.68987,0,0,0,0,0.43381388798008,0.43381388798008,0,-158.2218,-158.2218,-7.335,0,-0.124663,13000.99,136037.2
555.5547,S,552.0647,0.1449128,0,1,0,0,12.46201,48.68632,0,0,0,0,0.430879442755476,0.430879442755476,0,-157.7897,-157.7897,-7.335,0,-0.124663,12843.01,136029.9
556.5544,S,553.0645,0.1444356,0,1,0,0,12.46201,48.6828,0,0,0,0,0.427968153626942,0.427968153626942,0,-157.3605,-157.3605,-7.335,0,-0.124663,12685.45,136022.5
557.5542,S,554.0642,0.1439618,0,1,0,0,12.46201,48.67932,0,0,0,0,0.425085592924056,0.425085592924056,0,-156.9342,-156.9342,-7.335,0,-0.124663,12528.33,136015.2
558.554,S,555.064,0.1434913,0,1,0,0,12.46201,48.67572,0,0,0,0,0.422119670507286,0.422119670507286,0,-156.5106,-156.5106,-7.335,0,-0.124663,12371.63,136007.8
559.5537,S,556.0637,0.1430244,0,1,0,0,12.46201,48.67231,0,0,0,0,0.419278998770402,0.419278998770402,0,-156.09,-156.09,-7.335,0,-0.124663,12215.35,136000.5
560.5535,S,557.0635,0.1425608,0,1,0,0,12.46201,48.6689,0,0,0,0,0.416489360098389,0.416489360098389,0,-155.6722,-155.6722,-7.335,0,-0.124663,12059.49,135993.2
561.5532,S,558.0632,0.1421006,0,1,0,0,12.46201,48.66556,0,0,0,0,0.413700913237811,0.413700913237811,0,-155.2572,-155.2572,-7.335,0,-0.124663,11904.04,135985.8
562.553,S,559.063,0.1416438,0,1,0,0,12.46201,48.66227,0,0,0,0,0.410943573855526,0.410943573855526,0,-154.845,-154.845,-7.335,0,-0.124663,11749.01,135978.5
563.5527,S,560.0627,0.1411901,0,1,0,0,12.46201,48.65902,0,0,0,0,0.408216101889217,0.408216101889217,0,-154.4355,-154.4355,-7.335,0,-0.124663,11594.39,135971.1
564.5525,S,561.0625,0.1407397,0,1,0,0,12.46201,48.65583,0,0,0,0,0.405569015398982,0.405569015398982,0,-154.0287,-154.0287,-7.335,0,-0.124663,11440.18,135963.8
565.5522,S,562.0623,0.1402925,0,1,0,0,12.46201,48.65265,0,0,0,0,0.40288212262638,0.40288212262638,0,-153.6246,-153.6246,-7.335,0,-0.124663,11286.38,135956.4
566.552,S,563.062,0.1398485,0,1,0,0,12.46201,48.64959,0,0,0,0,0.400285543482674,0.400285543482674,0,-153.2232,-153.2232,-7.335,0,-0.124663,11132.97,135949.1
567.5518,S,564.0618,0.1394076,0,1,0,0,12.46201,48.6465,0,0,0,0,0.397715941740074,0.397715941740074,0,-152.8244,-152.8244,-7.335,0,-0.124663,10979.97,135941.8
568.5515,S,565.0615,0.1389699,0,1,0,0,12.46201,48.64349,0,0,0,0,0.395147734761558,0.395147734761558,0,-152.4282,-152.4282,-7.335,0,-0.124663,10827.36,135934.4
569.5513,S,566.0613,0.1385349,0,1,0,0,12.46201,48.64039,0,0,0,0,0.392568639951534,0.392568639951534,0,-152.0344,-152.0344,-7.335,0,-0.124663,10675.15,135927.1
570.551,S,567.061,0.1381032,0,1,0,0,12.46201,48.63743,0,0,0,0,0.390036825422939,0.390036825422939,0,-151.6433,-151.6433,-7.335,0,-0.124663,10523.33,135919.7
571.5508,S,568.0608,0.1376743,0,1,0,0,12.46201,48.63443,0,0,0,0,0.387520654877733,0.387520654877733,0,-151.2545,-151.2545,-7.335,0,-0.124663,10371.91,135912.4
572.5505,S,569.0605,0.1372486,0,1,0,0,12.46201,48.63155,0,0,0,0,0.385051192725292,0.385051192725292,0,-150.8684,-150.8684,-7.335,0,-0.124663,10220.86,135905
573.5503,S,570.0603,0.1368256,0,1,0,0,12.46201,48.6286,0,0,0,0,0.382569360606027,0.382569360606027,0,-150.4846,-150.4846,-7.335,0,-0.124663,10070.21,135897.7
574.55,S,571.0601,0.1364056,0,1,0,0,12.46201,48.62582,0,0,0,0,0.380163695413287,0.380163695413287,0,-150.1034,-150.1034,-7.335,0,-0.124663,9919.934,135890.3
575.5498,S,572.0598,0.1359886,0,1,0,0,12.46201,48.62306,0,0,0,0,0.377810864193464,0.377810864193464,0,-149.7246,-149.7246,-7.335,0,-0.124663,9770.038,135883
576.5496,S,573.0596,0.1355743,0,1,0,0,12.46201,48.62027,0,0,0,0,0.375399073571906,0.375399073571906,0,-149.3481,-149.3481,-7.335,0,-0.124663,9620.521,135875.7
577.5493,S,574.0593,0.1352866,0,1,0,0,12.46201,48.27225,0,0,0,0,0.131753421599413,0.131753421599413,0,-149.1105,-149.1105,-7.335,0,-0.124663,9471.338,135868.3
578.5491,S,575.0591,0.135033,0,1,0,0,12.46201,48.44057,0,0,0,0,0.248900059400306,0.248900059400306,0,-148.91,-148.91,-7.335,0,-0.124663,9322.329,135861
579.5488,S,576.0588,0.1346965,0,1,0,0,12.46201,48.54683,0,0,0,0,0.322736824098278,0.322736824098278,0,-148.6175,-148.6175,-7.335,0,-0.124663,9173.575,135853.6
580.5486,S,577.0586,0.1343086,0,1,0,0,12.46201,48.61294,0,0,0,0,0.368519029404538,0.368519029404538,0,-148.2677,-148.2677,-7.335,0,-0.124663,9025.146,135846.3
581.5483,S,578.0583,0.1338896,0,1,0,0,12.46201,48.65304,0,0,0,0,0.396104257102635,0.396104257102635,0,-147.8829,-147.8829,-7.335,0,-0.124663,8877.09,135838.9
582.5481,S,579.0581,0.1334524,0,1,0,0,12.46201,48.6762,0,0,0,0,0.411889331068529,0.411889331068529,0,-147.4772,-147.4772,-7.335,0,-0.124663,8729.429,135831.6
583.5479,S,580.0579,0.1330056,0,1,0,0,12.46201,48.68859,0,0,0,0,0.420139176024101,0.420139176024101,0,-147.0602,-147.0602,-7.335,0,-0.124663,8582.181,135824.2
584.5476,S,581.0576,0.1325547,0,1,0,0,12.46201,48.69416,0,0,0,0,0.423637636424864,0.423637636424864,0,-146.6378,-146.6378,-7.335,0,-0.124663,8435.353,135816.9
585.5474,S,582.0574,0.132103,0,1,0,0,12.46201,48.69534,0,0,0,0,0.424028727577848,0.424028727577848,0,-146.2138,-146.2138,-7.335,0,-0.124663,8288.948,135809.6
586.5471,S,583.0571,0.1316527,0,1,0,0,12.46201,48.69371,0,0,0,0,0.422461901576064,0.422461901576064,0,-145.7905,-145.7905,-7.335,0,-0.124663,8142.967,135802.2
587.5469,S,584.0569,0.131205,0,1,0,0,12.46201,48.69037,0,0,0,0,0.419744462955784,0.419744462955784,0,-145.3694,-145.3694,-7.335,0,-0.124663,7997.408,135794.9
588.5466,S,585.0566,0.130761,0,1,0,0,12.46201,48.68598,0,0,0,0,0.416239436732958,0.416239436732958,0,-144.9516,-144.9516,-7.335,0,-0.124663,7852.269,135787.5
589.5464,S,586.0564,0.130321,0,1,0,0,12.46201,48.68097,0,0,0,0,0.412315163594272,0.412315163594272,0,-144.5375,-144.5375,-7.335,0,-0.124663,7707.545,135780.2
590.5461,S,587.0562,0.1298854,0,1,0,0,12.46201,48.67564,0,0,0,0,0.408179949555794,0.408179949555794,0,-144.1275,-144.1275,-7.335,0,-0.124663,7563.233,135772.8
591.5459,S,588.0559,0.1294542,0,1,0,0,12.46201,48.67004,0,0,0,0,0.403866374952273,0.403866374952273,0,-143.7216,-143.7216,-7.335,0,-0.124663,7419.33,135765.5
592.5457,S,589.0557,0.1290276,0,1,0,0,12.46201,48.66447,0,0,0,0,0.399567354015034,0.399567354015034,0,-143.3202,-143.3202,-7.335,0,-0.124663,7275.829,135758.2
593.5454,S,590.0554,0.1286054,0,1,0,0,12.46201,48.65883,0,0,0,0,0.395179635216934,0.395179635216934,0,-142.923,-142.923,-7.335,0,-0.124663,7132.728,135750.8
594.5452,S,591.0552,0.1281879,0,1,0,0,12.46201,48.65327,0,0,0,0,0.390892350975015,0.390892350975015,0,-142.5302,-142.5302,-7.335,0,-0.124663,6990.022,135743.5
595.5449,S,592.0549,0.1277747,0,1,0,0,12.46201,48.64774,0,0,0,0,0.386624938029534,0.386624938029534,0,-142.1416,-142.1416,-7.335,0,-0.124663,6847.707,135736.1
596.5447,S,593.0547,0.1273661,0,1,0,0,12.46201,48.64234,0,0,0,0,0.382400359935104,0.382400359935104,0,-141.7573,-141.7573,-7.335,0,-0.124663,6705.776,135728.8
597.5444,S,594.0544,0.1269618,0,1,0,0,12.46201,48.63707,0,0,0,0,0.378302459471726,0.378302459471726,0,-141.3772,-141.3772,-7.335,0,-0.124663,6564.229,135721.4
598.5442,S,595.0542,0.1265617,0,1,0,0,12.46201,48.63186,0,0,0,0,0.374243278279309,0.374243278279309,0,-141.0011,-141.0011,-7.335,0,-0.124663,6423.059,135714.1
599.5439,S,596.054,0.1261658,0,1,0,0,12.46201,48.6268,0,0,0,0,0.370289886544654,0.370289886544654,0,-140.6291,-140.6291,-7.335,0,-0.124663,6282.263,135706.8
600.5437,S,597.0537,0.125774,0,1,0,0,12.46201,48.62172,0,0,0,0,0.366319407888533,0.366319407888533,0,-140.2609,-140.2609,-7.335,0,-0.124663,6141.837,135699.4
601.5435,S,598.0535,0.1253863,0,1,0,0,12.46201,48.61684,0,0,0,0,0.362491885048115,0.362491885048115,0,-139.8967,-139.8967,-7.335,0,-0.124663,6001.777,135692.1
602.5432,S,599.0532,0.1250024,0,1,0,0,12.46201,48.61198,0,0,0,0,0.358713955884625,0.358713955884625,0,-139.5362,-139.5362,-7.335,0,-0.124663,5862.079,135684.7
603.543,S,600.053,0.1246227,0,1,0,0,12.46201,48.60733,0,0,0,0,0.355039370837339,0.355039370837339,0,-139.1796,-139.1796,-7.335,0,-0.124663,5722.739,135677.4
604.5427,S,601.0527,0.1242467,0,1,0,0,12.46201,48.60275,0,0,0,0,0.351396571682223,0.351396571682223,0,-138.8266,-138.8266,-7.335,0,-0.124663,5583.754,135670
605.5425,S,602.0525,0.1238744,0,1,0,0,12.46201,48.59825,0,0,0,0,0.347857366328796,0.347857366328796,0,-138.4772,-138.4772,-7.335,0,-0.124663,5445.12,135662.7
606.5422,S,603.0522,0.123506,0,1,0,0,12.46201,48.59385,0,0,0,0,0.344356453259685,0.344356453259685,0,-138.1314,-138.1314,-7.335,0,-0.124663,5306.833,135655.3
607.542,S,604.052,0.123141,0,1,0,0,12.46201,48.58945,0,0,0,0,0.340886122470934,0.340886122470934,0,-137.7889,-137.7889,-7.335,0,-0.124663,5168.891,135648
608.5417,S,605.0518,0.1227795,0,1,0,0,12.46201,48.5851,0,0,0,0,0.337450310606734,0.337450310606734,0,-137.4498,-137.4498,-7.335,0,-0.124663,5031.29,135640.7
609.5415,S,606.0515,0.1224218,0,1,0,0,12.46201,48.58101,0,0,0,0,0.334142395971597,0.334142395971597,0,-137.1143,-137.1143,-7.335,0,-0.124663,4894.024,135633.3
610.5413,S,607.0513,0.1220674,0,1,0,0,12.46201,48.57695,0,0,0,0,0.33090169430541,0.33090169430541,0,-136.782,-136.782,-7.335,0,-0.124663,4757.093,135626
611.541,S,608.051,0.1217163,0,1,0,0,12.46201,48.57286,0,0,0,0,0.327643508682669,0.327643508682669,0,-136.4528,-136.4528,-7.335,0,-0.124663,4620.492,135618.6
612.5408,S,609.0508,0.1213687,0,1,0,0,12.46201,48.56892,0,0,0,0,0.324432839442622,0.324432839442622,0,-136.1269,-136.1269,-7.335,0,-0.124663,4484.219,135611.3
613.5405,S,610.0505,0.1210244,0,1,0,0,12.46201,48.5651,0,0,0,0,0.321361231927895,0.321361231927895,0,-135.8042,-135.8042,-7.335,0,-0.124663,4348.27,135603.9
614.5403,S,611.0503,0.1206832,0,1,0,0,12.46201,48.56131,0,0,0,0,0.318302168681676,0.318302168681676,0,-135.4845,-135.4845,-7.335,0,-0.124663,4212.642,135596.6
615.54,S,612.05,0.1203453,0,1,0,0,12.46201,48.55763,0,0,0,0,0.315323526972506,0.315323526972506,0,-135.1679,-135.1679,-7.335,0,-0.124663,4077.332,135589.2
616.5398,S,613.0498,0.1200104,0,1,0,0,12.46201,48.554,0,0,0,0,0.312367451305093,0.312367451305093,0,-134.8542,-134.8542,-7.335,0,-0.124663,3942.337,135581.9
617.5396,S,614.0496,0.1196787,0,1,0,0,12.46201,48.55045,0,0,0,0,0.309468132639331,0.309468132639331,0,-134.5435,-134.5435,-7.335,0,-0.124663,3807.653,135574.6
618.5393,S,615.0493,0.1193499,0,1,0,0,12.46201,48.54694,0,0,0,0,0.306643913198165,0.306643913198165,0,-134.2356,-134.2356,-7.335,0,-0.124663,3673.28,135567.2
619.5391,S,616.0491,0.1190241,0,1,0,0,12.46201,48.54352,0,0,0,0,0.303835794903826,0.303835794903826,0,-133.9306,-133.9306,-7.335,0,-0.124663,3539.212,135559.9
620.5388,S,617.0488,0.1187013,0,1,0,0,12.46201,48.54018,0,0,0,0,0.301080097953019,0.301080097953019,0,-133.6284,-133.6284,-7.335,0,-0.124663,3405.448,135552.5
621.5386,S,618.0486,0.1183812,0,1,0,0,12.46201,48.53679,0,0,0,0,0.298289635664126,0.298289635664126,0,-133.3288,-133.3288,-7.335,0,-0.124663,3271.984,135545.2
622.5383,S,619.0483,0.1180639,0,1,0,0,12.46201,48.53349,0,0,0,0,0.295604498680454,0.295604498680454,0,-133.0319,-133.0319,-7.335,0,-0.124663,3138.819,135537.8
623.5381,S,620.0481,0.1177496,0,1,0,0,12.46201,48.53032,0,0,0,0,0.292971309264608,0.292971309264608,0,-132.7378,-132.7378,-7.335,0,-0.124663,3005.949,135530.5
624.5378,S,621.0479,0.07882363,0,1.5,0,0,12.46201,21.84854,0,0,0,0,57.4631713790395,57.4631713790395,0,-88.89256,-88.89256,-7.335,0,-0.124663,2892.828,135523.2
625.5376,S,622.0476,0.04226229,0,1.5,0,0,12.46201,6.297576,0,0,0,0,27.158677878248,27.158677878248,0,-47.67185,-47.67185,-7.335,0,-0.124663,2829.275,135515.8
626.5374,S,623.0474,0.03300703,0,1.5,0,0,12.46201,3.847536,0,0,0,0,3.14691382917963,3.14691382917963,0,-37.23712,-37.23712,-7.335,0,-0.124663,2789.183,135508.5
627.5371,S,624.0471,0.03192019,0,1.5,0,0,12.46201,3.603492,0,0,0,0,0.43438052177185,0.43438052177185,0,-36.01547,-36.01547,-7.335,0,-0.124663,2752.805,135501.1
628.5369,S,625.0469,0.03175404,0,1.5,0,0,12.46201,3.571104,0,0,0,0,0.0775570631371139,0.0775570631371139,0,-35.83237,-35.83237,-7.335,0,-0.124663,2716.915,135493.8
629.5366,S,626.0466,0.031712,0,1.5,0,0,12.46201,3.56666,0,0,0,0,0.0285175877696631,0.0285175877696631,0,-35.78929,-35.78929,-7.335,0,-0.124663,2681.11,135486.4
630.5364,S,627.0464,0.0316871,0,1.5,0,0,12.46201,3.566055,0,0,0,0,0.0217371059449931,0.0217371059449931,0,-35.76554,-35.76554,-7.335,0,-0.124663,2645.335,135479.1
631.5361,S,628.0461,0.03166461,0,1.5,0,0,12.46201,3.56598,0,0,0,0,0.0207684662442773,0.0207684662442773,0,-35.7445,-35.7445,-7.335,0,-0.124663,2609.581,135471.8
632.5359,S,629.0459,0.03164249,0,1.5,0,0,12.46201,3.565975,0,0,0,0,0.0205990011317709,0.0205990011317709,0,-35.72385,-35.72385,-7.335,0,-0.124663,2573.848,135464.4
633.5356,S,630.0457,0.03162045,0,1.5,0,0,12.46201,3.565981,0,0,0,0,0.020528536949783,0.020528536949783,0,-35.70331,-35.70331,-7.335,0,-0.124663,2538.135,135457.1
634.5354,S,631.0454,0.03159847,0,1.5,0,0,12.46201,3.565987,0,0,0,0,0.0204706561641004,0.0204706561641004,0,-35.68281,-35.68281,-7.335,0,-0.124663,2502.443,135449.7
635.5352,S,632.0452,0.03157656,0,1.5,0,0,12.46201,3.565996,0,0,0,0,0.0204360618758415,0.0204360618758415,0,-35.66238,-35.66238,-7.335,0,-0.124663,2466.772,135442.4
636.5349,S,633.0449,0.03155467,0,1.5,0,0,12.46201,3.566,0,0,0,0,0.0203573374071553,0.0203573374071553,0,-35.64197,-35.64197,-7.335,0,-0.124663,2431.121,135435
637.5347,S,634.0447,0.03153286,0,1.5,0,0,12.46201,3.566012,0,0,0,0,0.0203417635084335,0.0203417635084335,0,-35.62164,-35.62164,-7.335,0,-0.124663,2395.49,135427.7
638.5344,S,635.0444,0.03151109,0,1.5,0,0,12.46201,3.56602,0,0,0,0,0.0203045214030482,0.0203045214030482,0,-35.60134,-35.60134,-7.335,0,-0.124663,2359.88,135420.3
639.5342,S,636.0442,0.03148934,0,1.5,0,0,12.46201,3.566024,0,0,0,0,0.0202375413081555,0.0202375413081555,0,-35.58107,-35.58107,-7.335,0,-0.124663,2324.29,135413
640.5339,S,637.0439,0.03146767,0,1.5,0,0,12.46201,3.566034,0,0,0,0,0.0201991468651244,0.0201991468651244,0,-35.56087,-35.56087,-7.335,0,-0.124663,2288.719,135405.7
641.5337,S,638.0437,0.03144605,0,1.5,0,0,12.46201,3.566041,0,0,0,0,0.0201580723406423,0.0201580723406423,0,-35.54071,-35.54071,-7.335,0,-0.124663,2253.17,135398.3
642.5334,S,639.0435,0.03142447,0,1.5,0,0,12.46201,3.566049,0,0,0,0,0.0201061864811933,0.0201061864811933,0,-35.5206,-35.5206,-7.335,0,-0.124663,2217.64,135391
643.5332,S,640.0432,0.03140293,0,1.5,0,0,12.46201,3.566056,0,0,0,0,0.0200686226504132,0.0200686226504132,0,-35.50052,-35.50052,-7.335,0,-0.124663,2182.131,135383.6
644.533,S,641.043,0.03138146,0,1.5,0,0,12.46201,3.566068,0,0,0,0,0.0200397531418872,0.0200397531418872,0,-35.48051,-35.48051,-7.335,0,-0.124663,2146.641,135376.3
645.5327,S,642.0427,0.03136,0,1.5,0,0,12.46201,3.56607,0,0,0,0,0.0199511775564645,0.0199511775564645,0,-35.46051,-35.46051,-7.335,0,-0.124663,2111.172,135368.9
646.5325,S,643.0425,0.03133861,0,1.5,0,0,12.46201,3.566079,0,0,0,0,0.0199139715447458,0.0199139715447458,0,-35.44058,-35.44058,-7.335,0,-0.124663,2075.722,135361.6
647.5322,S,644.0422,0.03131726,0,1.5,0,0,12.46201,3.566085,0,0,0,0,0.0198500768219674,0.0198500768219674,0,-35.42068,-35.42068,-7.335,0,-0.124663,2040.292,135354.2
648.532,S,645.042,0.03129598,0,1.5,0,0,12.46201,3.566096,0,0,0,0,0.0198562711475105,0.0198562711475105,0,-35.40085,-35.40085,-7.335,0,-0.124663,2004.883,135346.9
649.5317,S,646.0417,0.03127472,0,1.5,0,0,12.46201,3.566102,0,0,0,0,0.0197818119826323,0.0197818119826323,0,-35.38104,-35.38104,-7.335,0,-0.124663,1969.493,135339.6
650.5315,S,647.0415,0.03125352,0,1.5,0,0,12.46201,3.566109,0,0,0,0,0.0197426470666286,0.0197426470666286,0,-35.36128,-35.36128,-7.335,0,-0.124663,1934.122,135332.2
651.5312,S,648.0413,0.03123238,0,1.5,0,0,12.46201,3.566118,0,0,0,0,0.0196961501778219,0.0196961501778219,0,-35.34158,-35.34158,-7.335,0,-0.124663,1898.772,135324.9
652.531,S,649.041,0.03121127,0,1.5,0,0,12.46201,3.566127,0,0,0,0,0.0196662237672527,0.0196662237672527,0,-35.32191,-35.32191,-7.335,0,-0.124663,1863.441,135317.5
653.5308,S,650.0408,0.03119021,0,1.5,0,0,12.46201,3.566135,0,0,0,0,0.0196113085284679,0.0196113085284679,0,-35.30229,-35.30229,-7.335,0,-0.124663,1828.13,135310.2
654.5305,S,651.0405,0.03116919,0,1.5,0,0,12.46201,3.56614,0,0,0,0,0.0195381382469861,0.0195381382469861,0,-35.2827,-35.2827,-7.335,0,-0.124663,1792.839,135302.8
655.5303,S,652.0403,0.03114823,0,1.5,0,0,12.46201,3.566152,0,0,0,0,0.0195343548443603,0.0195343548443603,0,-35.26318,-35.26318,-7.335,0,-0.124663,1757.567,135295.5
656.53,S,653.04,0.0311273,0,1.5,0,0,12.46201,3.566158,0,0,0,0,0.0194869577304289,0.0194869577304289,0,-35.24368,-35.24368,-7.335,0,-0.124663,1722.314,135288.2
657.5298,S,654.0398,0.03110641,0,1.5,0,0,12.46201,3.566165,0,0,0,0,0.0194402964505755,0.0194402964505755,0,-35.22422,-35.22422,-7.335,0,-0.124663,1687.081,135280.8
658.5295,S,655.0396,0.03108558,0,1.5,0,0,12.46201,3.566173,0,0,0,0,0.0193882980216102,0.0193882980216102,0,-35.20482,-35.20482,-7.335,0,-0.124663,1651.868,135273.5
659.5293,S,656.0393,0.0310648,0,1.5,0,0,12.46201,3.566183,0,0,0,0,0.019354524879958,0.019354524879958,0,-35.18546,-35.18546,-7.335,0,-0.124663,1616.673,135266.1
660.5291,S,657.0391,0.03104407,0,1.5,0,0,12.46201,3.566193,0,0,0,0,0.019338089983421,0.019338089983421,0,-35.16615,-35.16615,-7.335,0,-0.124663,1581.499,135258.8
661.5288,S,658.0388,0.03102336,0,1.5,0,0,12.46201,3.566196,0,0,0,0,0.019242590817818,0.019242590817818,0,-35.14685,-35.14685,-7.335,0,-0.124663,1546.343,135251.4
662.5286,S,659.0386,0.03100271,0,1.5,0,0,12.46201,3.566206,0,0,0,0,0.0192223296869543,0.0192223296869543,0,-35.12762,-35.12762,-7.335,0,-0.124663,1511.207,135244.1
663.5283,S,660.0383,0.0309821,0,1.5,0,0,12.46201,3.566213,0,0,0,0,0.0191822063757527,0.0191822063757527,0,-35.10842,-35.10842,-7.335,0,-0.124663,1476.09,135236.8
664.5281,S,661.0381,0.03096152,0,1.5,0,0,12.46201,3.56622,0,0,0,0,0.0191407692367704,0.0191407692367704,0,-35.08926,-35.08926,-7.335,0,-0.124663,1440.992,135229.4
665.5278,S,662.0378,0.03094102,0,1.5,0,0,12.46201,3.566229,0,0,0,0,0.0190959557826389,0.0190959557826389,0,-35.07016,-35.07016,-7.335,0,-0.124663,1405.913,135222.1
666.5276,S,663.0376,0.03092054,0,1.5,0,0,12.46201,3.566238,0,0,0,0,0.0190526348295208,0.0190526348295208,0,-35.05109,-35.05109,-7.335,0,-0.124663,1370.853,135214.7
667.5273,S,664.0374,0.03090011,0,1.5,0,0,12.46201,3.566247,0,0,0,0,0.0190286538215858,0.0190286538215858,0,-35.03207,-35.03207,-7.335,0,-0.124663,1335.813,135207.4
668.5271,S,665.0371,0.03087971,0,1.5,0,0,12.46201,3.566252,0,0,0,0,0.0189676280668962,0.0189676280668962,0,-35.01307,-35.01307,-7.335,0,-0.124663,1300.791,135200
669.5269,S,666.0369,0.03085938,0,1.5,0,0,12.46201,3.566263,0,0,0,0,0.0189394764546122,0.0189394764546122,0,-34.99414,-34.99414,-7.335,0,-0.124663,1265.789,135192.7
670.5266,S,667.0366,0.03083908,0,1.5,0,0,12.46201,3.56627,0,0,0,0,0.0188969260964811,0.0188969260964811,0,-34.97523,-34.97523,-7.335,0,-0.124663,1230.805,135185.3
671.5264,S,668.0364,0.03081881,0,1.5,0,0,12.46201,3.566277,0,0,0,0,0.018854776785048,0.018854776785048,0,-34.95636,-34.95636,-7.335,0,-0.124663,1195.84,135178
672.5261,S,669.0361,0.0307986,0,1.5,0,0,12.46201,3.566286,0,0,0,0,0.0188149736777632,0.0188149736777632,0,-34.93755,-34.93755,-7.335,0,-0.124663,1160.894,135170.7
673.5259,S,670.0359,0.03077842,0,1.5,0,0,12.46201,3.566291,0,0,0,0,0.0187559284722383,0.0187559284722383,0,-34.91875,-34.91875,-7.335,0,-0.124663,1125.967,135163.3
674.5256,S,671.0356,0.0307583,0,1.5,0,0,12.46201,3.566302,0,0,0,0,0.0187366110791487,0.0187366110791487,0,-34.90003,-34.90003,-7.335,0,-0.124663,1091.058,135156
675.5254,S,672.0354,0.03073822,0,1.5,0,0,12.46201,3.566312,0,0,0,0,0.0187130964689572,0.0187130964689572,0,-34.88133,-34.88133,-7.335,0,-0.124663,1056.169,135148.6
676.5251,S,673.0352,0.03071817,0,1.5,0,0,12.46201,3.566318,0,0,0,0,0.0186414298454878,0.0186414298454878,0,-34.86266,-34.86266,-7.335,0,-0.124663,1021.297,135141.3
677.5249,S,674.0349,0.03069817,0,1.5,0,0,12.46201,3.566326,0,0,0,0,0.0186085170229688,0.0186085170229688,0,-34.84404,-34.84404,-7.335,0,-0.124663,986.4449,135133.9
678.5247,S,675.0347,0.0306782,0,1.5,0,0,12.46201,3.566332,0,0,0,0,0.0185407335984067,0.0185407335984067,0,-34.82545,-34.82545,-7.335,0,-0.124663,951.6112,135126.6
679.5244,S,676.0344,0.0306583,0,1.5,0,0,12.46201,3.566344,0,0,0,0,0.0185491826722313,0.0185491826722313,0,-34.80693,-34.80693,-7.335,0,-0.124663,916.7958,135119.2
680.5242,S,677.0342,0.03063843,0,1.5,0,0,12.46201,3.566353,0,0,0,0,0.0185232218620257,0.0185232218620257,0,-34.78843,-34.78843,-7.335,0,-0.124663,881.9991,135111.9
681.5239,S,678.0339,0.03061858,0,1.5,0,0,12.46201,3.566356,0,0,0,0,0.0184279643577057,0.0184279643577057,0,-34.76995,-34.76995,-7.335,0,-0.124663,847.2209,135104.6
682.5237,S,679.0337,0.0305988,0,1.5,0,0,12.46201,3.566368,0,0,0,0,0.0184262930737091,0.0184262930737091,0,-34.75154,-34.75154,-7.335,0,-0.124663,812.4611,135097.2
683.5234,S,680.0334,0.03057904,0,1.5,0,0,12.46201,3.566374,0,0,0,0,0.0183557782363977,0.0183557782363977,0,-34.73315,-34.73315,-7.335,0,-0.124663,777.7196,135089.9
684.5232,S,681.0332,0.03055933,0,1.5,0,0,12.46201,3.566382,0,0,0,0,0.0183237557295541,0.0183237557295541,0,-34.7148,-34.7148,-7.335,0,-0.124663,742.9964,135082.5
685.5229,S,682.033,0.03053966,0,1.5,0,0,12.46201,3.56639,0,0,0,0,0.0182974724426899,0.0182974724426899,0,-34.6965,-34.6965,-7.335,0,-0.124663,708.2915,135075.2
686.5227,S,683.0327,0.03052003,0,1.5,0,0,12.46201,3.566398,0,0,0,0,0.0182380257525949,0.0182380257525949,0,-34.67823,-34.67823,-7.335,0,-0.124663,673.6049,135067.8
687.5225,S,684.0325,0.03050045,0,1.5,0,0,12.46201,3.566409,0,0,0,0,0.0182362966262488,0.0182362966262488,0,-34.66001,-34.66001,-7.335,0,-0.124663,638.9366,135060.5
688.5222,S,685.0322,0.03048088,0,1.5,0,0,12.46201,3.566411,0,0,0,0,0.0181503513542651,0.0181503513542651,0,-34.6418,-34.6418,-7.335,0,-0.124663,604.2867,135053.2
689.522,S,686.032,0.03046138,0,1.5,0,0,12.46201,3.566422,0,0,0,0,0.0181428187073323,0.0181428187073323,0,-34.62365,-34.62365,-7.335,0,-0.124663,569.655,135045.8
690.5217,S,687.0317,0.03044193,0,1.5,0,0,12.46201,3.566431,0,0,0,0,0.0181034859109133,0.0181034859109133,0,-34.60555,-34.60555,-7.335,0,-0.124663,535.0413,135038.5
691.5215,S,688.0315,0.0304225,0,1.5,0,0,12.46201,3.566439,0,0,0,0,0.0180484082649244,0.0180484082649244,0,-34.58747,-34.58747,-7.335,0,-0.124663,500.4456,135031.1
692.5212,S,689.0312,0.03040312,0,1.5,0,0,12.46201,3.566448,0,0,0,0,0.0180358059072603,0.0180358059072603,0,-34.56944,-34.56944,-7.335,0,-0.124663,465.868,135023.8
693.521,S,690.031,0.03038377,0,1.5,0,0,12.46201,3.566455,0,0,0,0,0.0179914568647916,0.0179914568647916,0,-34.55143,-34.55143,-7.335,0,-0.124663,431.3085,135016.4
694.5208,S,691.0308,0.03036446,0,1.5,0,0,12.46201,3.566463,0,0,0,0,0.0179364723651929,0.0179364723651929,0,-34.53347,-34.53347,-7.335,0,-0.124663,396.767,135009.1
695.5205,S,692.0305,0.03034521,0,1.5,0,0,12.46201,3.566475,0,0,0,0,0.0179410310205981,0.0179410310205981,0,-34.51556,-34.51556,-7.335,0,-0.124663,362.2433,135001.8
696.5203,S,693.0303,0.03032598,0,1.5,0,0,12.46201,3.56648,0,0,0,0,0.0178833202563951,0.0178833202563951,0,-34.49766,-34.49766,-7.335,0,-0.124663,327.7376,134994.4
697.52,S,694.03,0.03030678,0,1.5,0,0,12.46201,3.566488,0,0,0,0,0.0178257719831194,0.0178257719831194,0,-34.4798,-34.4798,-7.335,0,-0.124663,293.2498,134987.1
698.5198,S,695.0298,0.03028763,0,1.5,0,0,12.46201,3.566496,0,0,0,0,0.0177958516899182,0.0177958516899182,0,-34.46199,-34.46199,-7.335,0,-0.124663,258.7798,134979.7
699.5195,S,696.0295,0.03026853,0,1.5,0,0,12.46201,3.566505,0,0,0,0,0.0177540756736789,0.0177540756736789,0,-34.44422,-34.44422,-7.335,0,-0.124663,224.3275,134972.4
700.5193,S,697.0293,0.03024947,0,1.5,0,0,12.46201,3.566515,0,0,0,0,0.017741836815155,0.017741836815155,0,-34.42649,-34.42649,-7.335,0,-0.124663,189.8931,134965
701.519,S,698.0291,0.03023044,0,1.5,0,0,12.46201,3.566525,0,0,0,0,0.0177305535466488,0.0177305535466488,0,-34.40879,-34.40879,-7.335,0,-0.124663,155.4763,134957.7
702.5188,S,699.0288,0.03021143,0,1.5,0,0,12.46201,3.56653,0,0,0,0,0.0176543739424773,0.0176543739424773,0,-34.39111,-34.39111,-7.335,0,-0.124663,121.0773,134950.3
703.5186,S,700.0286,0.03019248,0,1.5,0,0,12.46201,3.566539,0,0,0,0,0.0176232665483198,0.0176232665483198,0,-34.37348,-34.37348,-7.335,0,-0.124663,86.69589,134943
704.5183,S,701.0283,0.03017356,0,1.5,0,0,12.46201,3.566545,0,0,0,0,0.0175851243641816,0.0175851243641816,0,-34.35588,-34.35588,-7.335,0,-0.124663,52.33208,134935.7
705.5181,S,702.0281,0.03015469,0,1.5,0,0,12.46201,3.566555,0,0,0,0,0.017551248305459,0.017551248305459,0,-34.33833,-34.33833,-7.335,0,-0.124663,17.98586,134928.3
