0.18, 0, 0, 5, 0.2663799, 0, 902.5995, -1328.554, -6.594189, 0.004862703, 0.07868536, 41.47423, 1.197926, 0.8229511, 0.9212071
 
0.19, -1, 0, 5, 0.2657836, 0.8337408107523501359324530013, 1010.583, -1330.374, -6.594189, 0.004862703, 0.07868536, 43.88593, 1.177664, 0.8224449, 0.9219754
 
0.2, -1, -0.01, 5, 0.2652553, 0.7875224310814608121407105945, 1124.374, -1332.198, -6.594189, 0.004862703, 0.07868536, 46.29178, 1.178722, 0.8219386, 0.9227437
 
0.21, -1, -0.02, 5, 0.2647195, 0.7444257455143379662625957213, 1243.927, -1334.023, -6.594189, 0.004862703, 0.07868536, 48.69176, 1.179714, 0.8214324, 0.9235119
 
0.22, -1, -0.03, 5, 0.2641862, 0.7038226122165591401181613836, 1369.19, -1335.851, -6.594189, 0.004862703, 0.07868536, 51.08576, 1.180655, 0.8209261, 0.9242802
 
0.23, -1, -0.04, 5, 0.2636454, 0.6652100987445045318111021614, 1500.112, -1337.682, -6.594189, 0.004862703, 0.07868536, 53.47372, 1.181556, 0.82042, 0.9250485
 
0.24, -1, -0.05, 5, 0.2631022, 0.6281771251033976516872433508, 1636.643, -1339.515, -6.594189, 0.004862703, 0.07868536, 55.85558, 1.182425, 0.8199137, 0.9258168
 
0.25, -1, -0.05999999, 5, 0.262582, 0.5923857709682553361263940093, 1778.809, -1341.35, -6.594189, 0.004862703, 0.07868536, 58.23254, 1.183269, 0.8194075, 0.9265851
 
0.26, -1, -0.06999999, 5, 0.2623798, 0.5575445256724598177963693052, 1926.757, -1343.188, -6.594189, 0.004862703, 0.07868536, 60.60754, 1.184095, 0.8189012, 0.9273534
 
0.27, -1, -0.07999999, 5, 0.2622831, 0.5233992641075223078177576961, 2080.469, -1345.029, -6.594189, 0.004862703, 0.07868536, 62.98052, 1.184908, 0.818395, 0.9281217
 
0.28, -1, -0.08999999, 5, 0.2621905, 0.4897611247470342333842272610, 2239.924, -1346.871, -6.594189, 0.004862703, 0.07868536, 65.35146, 1.185714, 0.8178887, 0.92889
 
0.29, -1, -0.09999999, 5, 0.2620967, 0.4564739584279434320497384005, 2405.101, -1348.717, -6.594189, 0.004862703, 0.07868536, 67.7203, 1.186516, 0.8173825, 0.9296583
 
0.3, -1, -0.11, 5, 0.2619967, 0.4234033705145653334761430802, 2575.981, -1350.565, -6.594189, 0.004862703, 0.07868536, 70.08701, 1.187316, 0.8168762, 0.9304265
 
0.31, -1, -0.12, 5, 0.2619058, 0.3904363986092806868693400220, 2752.541, -1352.415, -6.594189, 0.004862703, 0.07868536, 72.45152, 1.188118, 0.81637, 0.9311948
 
0.32, -1, -0.13, 5, 0.2618086, 0.3574761947791729507773438102, 2934.823, -1354.268, -6.594189, 0.004862703, 0.07868536, 74.81463, 1.188923, 0.8158638, 0.9319631
 
0.33, -1, -0.14, 5, 0.2620033, 0.3244352574808626627007755817, 3123.075, -1356.123, -6.594189, 0.004862703, 0.07868536, 77.17955, 1.189735, 0.8153575, 0.9327314
 
0.3399999, -1, -0.15, 5, 0.2623367, 0.2912318863782710704464793513, 3317.302, -1357.98, -6.594189, 0.004862703, 0.07868536, 79.54622, 1.190555, 0.8148513, 0.9334997
 
0.3499999, -0.923328, -0.16, 5, 0.2626702, 0.2578085528323759030041795427, 3517.513, -1359.84, -6.594189, 0.004862703, 0.07868536, 81.9146, 1.191384, 0.8143451, 0.934268
 
0.3599999, -0.7377266, -0.1692333, 5, 0.2630038, 0.2241787929935358157429030786, 3723.719, -1361.703, -6.594189, 0.004862703, 0.07868536, 84.28472, 1.192223, 0.8138389, 0.9350363
 
0.3699999, -0.5359389, -0.1766105, 5, 0.2633324, 0.1905092304268601350426826380, 3935.923, -1363.568, -6.594189, 0.004862703, 0.07868536, 86.65651, 1.193067, 0.8133327, 0.9358046
 
0.3799999, -0.3195365, -0.1819699, 5, 0.2636664, 0.1570691700665953530407287841, 4154.133, -1365.435, -6.594189, 0.004862703, 0.07868536, 89.02992, 1.19391, 0.8128264, 0.9365728
 
0.3899999, -0.09064144, -0.1851653, 5, 0.2640004, 0.1241446597758218037665392736, 4378.344, -1367.305, -6.594189, 0.004862703, 0.07868536, 91.40484, 1.194744, 0.8123201, 0.9373412
 
0.3999999, 0.1480091, -0.1860717, 5, 0.2642567, 0.0920402307086440373784130277, 4608.462, -1369.177, -6.594189, 0.004862703, 0.07868536, 93.78019, 1.195561, 0.811814, 0.9381095
 
0.4099999, 0.3930202, -0.1845916, 5, 0.2644713, 0.0610719842048281287118837838, 4844.48, -1371.052, -6.594189, 0.004862703, 0.07868536, 96.15594, 1.196353, 0.8113077, 0.9388778
 
0.4199999, 0.6403788, -0.1806614, 5, 0.2646856, 0.0315628219082489018201476831, 5086.396, -1372.929, -6.594189, 0.004862703, 0.07868536, 98.53204, 1.197111, 0.8108014, 0.939646
 
0.4299999, 0.8854962, -0.1742576, 5, 0.2648945, 0.0038355246042948831392096864, 5334.204, -1374.809, -6.594189, 0.004862703, 0.07868536, 100.9085, 1.197827, 0.8102952, 0.9404143
 
0.4399998, 1, -0.1654027, 5, 0.2651032, -0.0217940722559350967099339216, 5587.898, -1376.691, -6.594189, 0.004862703, 0.07868536, 103.2852, 1.197363, 0.8097889, 0.9411826
 
0.4499998, 1, -0.1554027, 5, 0.2653169, -0.0451231923057531065374242225, 5847.475, -1378.576, -6.594189, 0.004862703, 0.07868536, 105.6621, 1.196762, 0.8092827, 0.9419509
 
0.4599998, 1, -0.1454027, 5, 0.2655303, -0.0661443987196949664244956289, 6112.925, -1380.463, -6.594189, 0.004862703, 0.07868536, 108.0392, 1.196223, 0.8087765, 0.9427192
 
0.4699998, 1, -0.1354027, 5, 0.2656911, -0.0849414061419337533041146919, 6384.149, -1382.352, -6.594189, 0.004862703, 0.07868536, 110.4157, 1.195742, 0.8082703, 0.9434875
 
0.4799998, 1, -0.1254027, 5, 0.2658042, -0.1015928048168629088920950303, 6661.126, -1384.244, -6.594189, 0.004862703, 0.07868536, 112.7914, 1.195317, 0.8077641, 0.9442558
 
0.4899998, 1, -0.1154027, 5, 0.2659273, -0.1161709325765695477751793881, 6943.849, -1386.139, -6.594189, 0.004862703, 0.07868536, 115.1664, 1.194946, 0.8072578, 0.9450241
 
0.4999998, 1, -0.1054027, 5, 0.2660394, -0.1287446142998336762822286705, 7232.302, -1388.036, -6.594189, 0.004862703, 0.07868536, 117.5405, 1.194627, 0.8067515, 0.9457924
 
0.5099998, 1, -0.09540267, 5, 0.266151, -0.1393780983574564761670713027, 7526.473, -1389.935, -6.594189, 0.004862703, 0.07868536, 119.9139, 1.194357, 0.8062453, 0.9465606
 
0.5199998, 1, -0.08540267, 5, 0.2662726, -0.1481333448662514894871376546, 7826.344, -1391.837, -6.594189, 0.004862703, 0.07868536, 122.2864, 1.194136, 0.805739, 0.9473289
 
0.5299998, 1, -0.07540267, 5, 0.2663831, -0.1550656908980350052252206604, 8131.905, -1393.741, -6.594189, 0.004862703, 0.07868536, 124.658, 1.19396, 0.8052329, 0.9480972
 
0.5399998, 1, -0.06540267, 5, 0.2664932, -0.1602296839158531293805525938, 8443.119, -1395.648, -6.594189, 0.004862703, 0.07868536, 127.0285, 1.19383, 0.8047266, 0.9488655
 
0.5499998, 1, -0.05540267, 5, 0.2665815, -0.1636770352369627118906116819, 8759.967, -1397.557, -6.594189, 0.004862703, 0.07868536, 129.3979, 1.193743, 0.8042204, 0.9496338
 
0.5599998, 1, -0.04540268, 5, 0.2666745, -0.1654568778642668800409607523, 9082.431, -1399.469, -6.594189, 0.004862703, 0.07868536, 131.7662, 1.193698, 0.8037142, 0.9504021
 
0.5699998, 1, -0.03540268, 5, 0.266767, -0.1656168944988447921254602205, 9410.496, -1401.383, -6.594189, 0.004862703, 0.07868536, 134.1332, 1.193694, 0.8032079, 0.9511704
 
0.5799997, 1, -0.02540268, 5, 0.2668588, -0.1642020444972394868868848617, 9744.143, -1403.299, -6.594189, 0.004862703, 0.07868536, 136.4991, 1.19373, 0.8027017, 0.9519387
 
0.5899997, 1, -0.01540268, 5, 0.2669502, -0.1612577706499353260652435883, 10083.35, -1405.218, -6.594189, 0.004862703, 0.07868536, 138.8637, 1.193804, 0.8021954, 0.9527069
 
0.5999997, 1, -0.005402679, 5, 0.2670409, -0.1568241818595974076643953304, 10428.11, -1407.14, -6.594189, 0.004862703, 0.07868536, 141.227, 1.193916, 0.8016892, 0.9534752
 
0.6099997, 1, 0.004597321, 5, 0.2670775, -0.1509411291974556185676545860, 10778.2, -1409.063, -6.594189, 0.004862703, 0.07868536, 143.5877, 1.194065, 0.801183, 0.9542435
 
0.6199997, 1, 0.01459732, 5, 0.2669741, -0.1436491083133277928873733797, 11133.5, -1410.99, -6.594189, 0.004862703, 0.07868536, 145.9452, 1.194249, 0.8006767, 0.9550118
 
0.6299997, 1, 0.02459732, 5, 0.2668534, -0.1349861493439313397393038510, 11493.98, -1412.919, -6.594189, 0.004862703, 0.07868536, 148.2994, 1.194469, 0.8001705, 0.9557801
 
0.6399997, 1, 0.03459732, 5, 0.2667422, -0.1249892027568483691680027813, 11859.6, -1414.85, -6.594189, 0.004862703, 0.07868536, 150.6503, 1.194722, 0.7996643, 0.9565484
 
0.6499997, 1, 0.04459732, 5, 0.2666192, -0.1136931885971067900510551444, 12230.34, -1416.784, -6.594189, 0.004862703, 0.07868536, 152.9979, 1.195009, 0.799158, 0.9573167
 
0.6599997, 1, 0.05459732, 5, 0.2665004, -0.1011324629034706013038220665, 12606.16, -1418.72, -6.594189, 0.004862703, 0.07868536, 155.3422, 1.195329, 0.7986518, 0.958085
 
0.6699997, 1, 0.06459732, 5, 0.2663749, -0.0873424774983023613776105340, 12987.01, -1420.659, -6.594189, 0.004862703, 0.07868536, 157.683, 1.195681, 0.7981456, 0.9588533
 
0.6799996, 1, 0.07459731, 5, 0.2662376, -0.0723536887199063859660538470, 13372.77, -1422.6, -6.594189, 0.004862703, 0.07868536, 160.0198, 1.196064, 0.7976393, 0.9596215
 
0.6899996, 1, 0.08459731, 5, 0.2660231, -0.0561979548650156994422345504, 13763.33, -1424.543, -6.594189, 0.004862703, 0.07868536, 162.3521, 1.196478, 0.7971331, 0.9603899
 
0.6999996, 0.6234856, 0.09459731, 5, 0.2657909, -0.0389061351335510975069708640, 14158.65, -1426.489, -6.594189, 0.004862703, 0.07868536, 164.6799, 1.196922, 0.7966269, 0.9611582
 
0.7099996, 0.0905022, 0.1008322, 5, 0.2655628, -0.0208119923186021385953583331, 14558.67, -1428.438, -6.594189, 0.004862703, 0.07868536, 167.0032, 1.197388, 0.7961206, 0.9619265
 
0.7199996, -0.4472343, 0.1017372, 5, 0.2653277, -0.0026696575854891611661320954, 14963.35, -1430.389, -6.594189, 0.004862703, 0.07868536, 169.3219, 1.197857, 0.7956144, 0.9626947
 
0.7299996, -0.9625105, 0.09726484, 5, 0.2650966, 0.0146598989994351300476930647, 15372.65, -1432.342, -6.594189, 0.004862703, 0.07868536, 171.6359, 1.197547, 0.7951081, 0.963463
 
0.7399996, -1, 0.08763973, 5, 0.2648694, 0.0303494994023164433619097211, 15786.52, -1434.298, -6.594189, 0.004862703, 0.07868536, 173.9453, 1.197142, 0.7946019, 0.9642313
 
0.7499996, -1, 0.07763974, 5, 0.2646299, 0.0440016900197425960205234176, 16204.93, -1436.256, -6.594189, 0.004862703, 0.07868536, 176.25, 1.196791, 0.7940957, 0.9649996
 
0.7599996, -1, 0.06763974, 5, 0.2644217, 0.0556424248085767325539128315, 16627.88, -1438.217, -6.594189, 0.004862703, 0.07868536, 178.5503, 1.196492, 0.7935894, 0.9657679
 
0.7699996, -1, 0.05763974, 5, 0.2642176, 0.0653299414442834022175699365, 17055.31, -1440.18, -6.594189, 0.004862703, 0.07868536, 180.846, 1.196244, 0.7930832, 0.9665362
 
0.7799996, -1, 0.04763974, 5, 0.2640066, 0.0731165152503848152130207763, 17487.18, -1442.146, -6.594189, 0.004862703, 0.07868536, 183.1372, 1.196044, 0.792577, 0.9673045
 
0.7899995, -1, 0.03763974, 5, 0.263797, 0.0790555656773966793006962067, 17923.44, -1444.114, -6.594189, 0.004862703, 0.07868536, 185.4238, 1.195892, 0.7920707, 0.9680728
 
0.7999995, -1, 0.02763974, 5, 0.2635887, 0.0831991102174055101276365160, 18364.06, -1446.085, -6.594189, 0.004862703, 0.07868536, 187.7058, 1.195787, 0.7915645, 0.968841
 
0.8099995, -1, 0.01763975, 5.011197, 0.2633735, 0.0855973615424500563398941054, 18808.99, -1448.058, -6.594189, 0.004862703, 0.07868536, 189.9832, 1.195725, 0.7910582, 0.9696093
 
0.8199995, -1, 0.007639745, 5.073415, 0.2631404, 0.0862996299145452636553509862, 19257.99, -1450.033, -6.594189, 0.004862703, 0.07868536, 192.2549, 1.195707, 0.790552, 0.9703776
 
0.8299995, -1, -0.002360255, 5.135379, 0.2627041, 0.0853545487881882255957613775, 19710.71, -1452.011, -6.594189, 0.004862703, 0.07868536, 194.5194, 1.195732, 0.7900458, 0.9711459
 
0.8399995, -1, -0.01236025, 5.19724, 0.2622161, 0.0828117829436176858882927658, 20167.06, -1453.992, -6.594189, 0.004862703, 0.07868536, 196.7767, 1.195796, 0.7895395, 0.9719142
 
0.8499995, -1, -0.02236025, 5.259046, 0.2617286, 0.0787149381223404954495230183, 20627.01, -1455.974, -6.594189, 0.004862703, 0.07868536, 199.0267, 1.195901, 0.7890333, 0.9726825
 
0.8599995, -1, -0.03236026, 5.320793, 0.2612362, 0.0731090059098297591339642835, 21090.48, -1457.96, -6.594189, 0.004862703, 0.07868536, 201.2694, 1.196045, 0.7885271, 0.9734508
 
0.8699995, -1, -0.04236025, 5.382484, 0.2607471, 0.0660371247281155544828876549, 21557.41, -1459.947, -6.594189, 0.004862703, 0.07868536, 203.5048, 1.196226, 0.7880208, 0.9742191
 
0.8799995, -1, -0.05236025, 5.444107, 0.2602476, 0.0575418851074290821312090652, 22027.74, -1461.938, -6.594189, 0.004862703, 0.07868536, 205.7329, 1.196443, 0.7875146, 0.9749874
 
0.8899994, -1, -0.06236025, 5.505663, 0.2597486, 0.0476651040836941367610929659, 22501.34, -1463.93, -6.594189, 0.004862703, 0.07868536, 207.9533, 1.196697, 0.7870083, 0.9757556
 
0.8999994, -1, -0.07236025, 5.567064, 0.2591805, 0.0364473739935174616629266399, 22978.01, -1465.926, -6.594189, 0.004862703, 0.07868536, 210.1654, 1.196985, 0.7865021, 0.9765239
 
0.9099994, -0.674491, -0.08236025, 5.628345, 0.2585793, 0.0239298511797706769572038636, 23457.68, -1467.923, -6.594189, 0.004862703, 0.07868536, 212.369, 1.197308, 0.7859959, 0.9772922
 
0.9199994, 0.007600036, -0.08910515, 5.689541, 0.257984, 0.0104108304987142992700205402, 23940.25, -1469.923, -6.594189, 0.004862703, 0.07868536, 214.5642, 1.197657, 0.7854896, 0.9780605
 
0.9299994, 0.6866096, -0.08902915, 5.750637, 0.2573807, -0.0032648485624742667475424438, 24425.68, -1471.926, -6.594189, 0.004862703, 0.07868536, 216.7509, 1.197842, 0.7849834, 0.9788288
 
0.9399994, 1, -0.08216305, 5.811638, 0.2567777, -0.0159966808653026394251203165, 24913.88, -1473.931, -6.594189, 0.004862703, 0.07868536, 218.9291, 1.197513, 0.7844772, 0.9795971
 
0.9499994, 1, -0.07216305, 5.87254, 0.2561723, -0.0270105339708514768317442305, 25404.77, -1475.938, -6.594189, 0.004862703, 0.07868536, 221.0986, 1.197228, 0.783971, 0.9803654
 
0.9599994, 1, -0.06216305, 5.93334, 0.2555616, -0.0360999783632827558504755284, 25898.29, -1477.948, -6.594189, 0.004862703, 0.07868536, 223.2596, 1.196994, 0.7834647, 0.9811337
 
0.9699994, 1, -0.05216306, 5.994065, 0.2549709, -0.0433192263247769208250916975, 26394.43, -1479.96, -6.594189, 0.004862703, 0.07868536, 225.4121, 1.196809, 0.7829584, 0.9819019
 
0.9799994, 1, -0.04216306, 6.0547, 0.2543863, -0.0487204887209965331675853580, 26893.1, -1481.975, -6.594189, 0.004862703, 0.07868536, 227.5561, 1.19667, 0.7824522, 0.9826702
 
0.9899994, 1, -0.03216306, 6.115235, 0.2537993, -0.0523554768691981205261405216, 27394.24, -1483.993, -6.594189, 0.004862703, 0.07868536, 229.6917, 1.196576, 0.781946, 0.9834386
 
0.9999993, 1, -0.02216306, 6.17567, 0.2532128, -0.0542772718161394314310067939, 27897.77, -1486.012, -6.594189, 0.004862703, 0.07868536, 231.8186, 1.196527, 0.7814397, 0.9842069
 
1.009999, 1, -0.01216306, 6.235997, 0.252621, -0.0545329116843108712237715256, 28403.64, -1488.034, -6.594189, 0.004862703, 0.07868536, 233.937, 1.196521, 0.7809336, 0.9849752
 
1.019999, 1, -0.002163062, 6.296224, 0.2520325, -0.0531717389646572905894069934, 28911.75, -1490.059, -6.594189, 0.004862703, 0.07868536, 236.0467, 1.196555, 0.7804273, 0.9857434
 
1.029999, 1, 0.007836938, 6.356334, 0.2514331, -0.0502407595507395121917044975, 29422.05, -1492.086, -6.594189, 0.004862703, 0.07868536, 238.1477, 1.196631, 0.7799211, 0.9865117
 
1.039999, 1, 0.01783694, 6.416305, 0.2508142, -0.0457868020770070236960774776, 29934.35, -1494.116, -6.594189, 0.004862703, 0.07868536, 240.2396, 1.196745, 0.7794148, 0.98728
 
1.049999, 1, 0.02783694, 6.476127, 0.2501672, -0.0398555832798447533082421802, 30448.57, -1496.148, -6.594189, 0.004862703, 0.07868536, 242.3223, 1.196898, 0.7789086, 0.9880483
 
1.059999, 1, 0.03783694, 6.535822, 0.2495176, -0.0324918530277540163715639312, 30964.64, -1498.182, -6.594189, 0.004862703, 0.07868536, 244.3957, 1.197087, 0.7784023, 0.9888166
 
1.069999, 1, 0.04783694, 6.59539, 0.2488656, -0.0237407962797839635055072108, 31482.49, -1500.219, -6.594189, 0.004862703, 0.07868536, 246.4598, 1.197313, 0.7778961, 0.9895849
 
1.079999, 0.512163, 0.05783693, 6.654823, 0.2482081, -0.0136435548757876528513545560, 32002.04, -1502.258, -6.594189, 0.004862703, 0.07868536, 248.5146, 1.197573, 0.7773899, 0.9903532
 
1.089999, -0.2495738, 0.06295857, 6.714128, 0.2475509, -0.0026338367418835981477399636, 32523.22, -1504.3, -6.594189, 0.004862703, 0.07868536, 250.56, 1.197858, 0.7768837, 0.9911215
 
1.099999, -0.9761293, 0.06046283, 6.773298, 0.2468911, 0.0082516275889751487300991957, 33045.93, -1506.344, -6.594189, 0.004862703, 0.07868536, 252.596, 1.197713, 0.7763774, 0.9918897
 
1.109999, -1, 0.05070154, 6.832367, 0.2462519, 0.0178156204068880694384515229, 33570.25, -1508.391, -6.594189, 0.004862703, 0.07868536, 254.623, 1.197466, 0.7758712, 0.992658
 
1.119999, -1, 0.04070154, 6.891346, 0.2456446, 0.0254906176593319735276163508, 34096.12, -1510.44, -6.594189, 0.004862703, 0.07868536, 256.641, 1.197268, 0.7753649, 0.9934263
 
1.129999, -1, 0.03070154, 6.950198, 0.2450349, 0.0313129832473731768495454922, 34623.45, -1512.492, -6.594189, 0.004862703, 0.07868536, 258.6499, 1.197118, 0.7748587, 0.9941946
 
1.139999, -1, 0.02070154, 7.008924, 0.2444258, 0.0353376836101401041897603656, 35152.18, -1514.546, -6.594189, 0.004862703, 0.07868536, 260.6498, 1.197014, 0.7743524, 0.9949629
 
1.149999, -1, 0.01070154, 7.067513, 0.2438083, 0.0376183476861901867081012763, 35682.25, -1516.603, -6.594189, 0.004862703, 0.07868536, 262.6407, 1.196955, 0.7738463, 0.9957312
 
1.159999, -1, 0.0007015392, 7.125977, 0.2431915, 0.0382068318229626712412166923, 36213.59, -1518.662, -6.594189, 0.004862703, 0.07868536, 264.6225, 1.19694, 0.77334, 0.9964995
 
1.169999, -1, -0.009298461, 7.184309, 0.2425751, 0.0371563298684676371067890876, 36746.14, -1520.723, -6.594189, 0.004862703, 0.07868536, 266.5951, 1.196967, 0.7728338, 0.9972678
 
1.179999, -1, -0.01929846, 7.242429, 0.241907, 0.0345201162430393620339617229, 37279.51, -1522.787, -6.594189, 0.004862703, 0.07868536, 268.5575, 1.197035, 0.7723275, 0.9980361
 
1.189999, -1, -0.02929846, 7.300277, 0.2411376, 0.0303447134062971845446446535, 37813.57, -1524.854, -6.594189, 0.004862703, 0.07868536, 270.5093, 1.197142, 0.7718213, 0.9988043
 
1.199999, -1, -0.03929846, 7.357952, 0.2403653, 0.0246784325234446274076911041, 38348.23, -1526.922, -6.594189, 0.004862703, 0.07868536, 272.4506, 1.197289, 0.771315, 0.9995726
 
1.209999, -1, -0.04929846, 7.415451, 0.2395903, 0.0175695364162899530797011321, 38883.44, -1528.994, -6.594189, 0.004862703, 0.07868536, 274.3814, 1.197472, 0.7708088, 1.000341
 
1.219999, -0.2991906, -0.05929846, 7.47277, 0.2388094, 0.0090651341109687777091310846, 39419.1, -1531.067, -6.594189, 0.004862703, 0.07868536, 276.3015, 1.197692, 0.7703026, 1.001109
 
1.229999, 0.4869079, -0.06229036, 7.529909, 0.2380258, -0.0002257912063324951191844959, 39955.14, -1533.144, -6.594189, 0.004862703, 0.07868536, 278.2108, 1.19792, 0.7697964, 1.001878
 
1.239999, 1, -0.05742129, 7.58687, 0.2372452, -0.0090791343579094917090317027, 40491.47, -1535.222, -6.594189, 0.004862703, 0.07868536, 280.1096, 1.197691, 0.7692901, 1.002646
 
1.249999, 1, -0.04742128, 7.643659, 0.2364646, -0.0164587502493121023348237055, 41028.12, -1537.303, -6.594189, 0.004862703, 0.07868536, 281.9978, 1.197501, 0.7687839, 1.003414
 
1.259999, 1, -0.03742129, 7.700316, 0.2357253, -0.0219978880055968723438462352, 41565.04, -1539.387, -6.594189, 0.004862703, 0.07868536, 283.8757, 1.197358, 0.7682776, 1.004182
 
1.269999, 1, -0.02742129, 7.756791, 0.2349774, -0.0257503022581459768752204727, 42102.14, -1541.473, -6.594189, 0.004862703, 0.07868536, 285.7432, 1.197261, 0.7677714, 1.004951
 
1.279999, 1, -0.01742129, 7.813089, 0.2342296, -0.0277741823390299940293620856, 42639.38, -1543.561, -6.594189, 0.004862703, 0.07868536, 287.6002, 1.197209, 0.7672652, 1.005719
 
1.289999, 1, -0.007421287, 7.869203, 0.2334762, -0.0281215457403352783086642546, 43176.66, -1545.652, -6.594189, 0.004862703, 0.07868536, 289.4468, 1.1972, 0.7667589, 1.006487
 
1.299999, 1, 0.002578713, 7.925141, 0.232726, -0.0268477778772727344295846505, 43713.91, -1547.746, -6.594189, 0.004862703, 0.07868536, 291.2828, 1.197233, 0.7662527, 1.007256
 
1.309999, 1, 0.01257871, 7.980889, 0.2319672, -0.0240035909702871448019842832, 44251.07, -1549.842, -6.594189, 0.004862703, 0.07868536, 293.1083, 1.197306, 0.7657465, 1.008024
 
1.319999, 1, 0.02257871, 8.03639, 0.231176, -0.0196402612460881686658306558, 44787.73, -1551.94, -6.594189, 0.004862703, 0.07868536, 294.9222, 1.197418, 0.7652402, 1.008792
 
1.329999, 1, 0.03257871, 8.09146, 0.2301985, -0.0138103428084370290504468417, 45323.45, -1554.041, -6.594189, 0.004862703, 0.07868536, 296.7231, 1.197569, 0.764734, 1.00956
 
1.339999, 0.2843366, 0.04257871, 8.146249, 0.2291879, -0.0065594379810187242849290184, 45858.14, -1556.144, -6.594189, 0.004862703, 0.07868536, 298.5112, 1.197756, 0.7642277, 1.010329
 
1.349999, -0.5126162, 0.04542208, 8.200777, 0.228168, 0.0014887045271105153528124848, 46391.74, -1558.25, -6.594189, 0.004862703, 0.07868536, 300.2863, 1.197887, 0.7637215, 1.011097
 
1.359999, -1, 0.04029591, 8.255059, 0.2271536, 0.0090856929450467737048414996, 46924.14, -1560.358, -6.594189, 0.004862703, 0.07868536, 302.0484, 1.197691, 0.7632153, 1.011865
 
1.369999, -1, 0.03029591, 8.309074, 0.2261268, 0.0152129216451650855425623470, 47455.28, -1562.468, -6.594189, 0.004862703, 0.07868536, 303.7975, 1.197533, 0.7627091, 1.012634
 
1.379999, -1, 0.02029591, 8.362838, 0.2251026, 0.0195224000511936219401479659, 47985.07, -1564.581, -6.594189, 0.004862703, 0.07868536, 305.5336, 1.197422, 0.7622028, 1.013402
 
1.389999, -1, 0.01029591, 8.415251, 0.2235823, 0.0220723368325606139179033896, 48506.38, -1566.697, -6.594189, 0.004862703, 0.07868536, 307.2344, 1.197356, 0.7616966, 1.01417
 
1.399999, -1, 0.0002959147, 8.461324, 0.2174797, 0.0229215368938885908593890873, 49008.3, -1568.815, -6.594189, 0.004862703, 0.07868536, 308.8659, 1.197334, 0.7611903, 1.014938
 
1.409999, -1, -0.009704085, 8.485819, 0.2102581, 0.0219545619517633456743, 49490.44, -1567.396, -6.594189, 0.004862703, 0.07868536, 310.428, 1.198086, 0.7606841, 1.015707
 
1.419999, -1, -0.01970408, 8.508217, 0.2030102, 0.01945020700958382096, 49952.15, -1565.96, -6.594189, 0.004862703, 0.07868536, 311.9197, 1.198854, 0.7601779, 1.016475
 
1.429999, -1, -0.02970408, 8.528714, 0.1957392, 0.01549329828491671641486, 50392.96, -1564.546, -6.594189, 0.004862703, 0.07868536, 313.3404, 1.199633, 0.7596716, 1.017243
 
1.439999, -0.7547188, -0.03970408, 8.5474, 0.1884537, 0.01015956256749146724473, 50812.31, -1563.171, -6.594189, 0.004862703, 0.07868536, 314.6894, 1.200423, 0.7591654, 1.018012
 
1.449999, -0.003880752, -0.04725127, 8.564363, 0.1811449, 0.00370789675223113678066, 51209.87, -1561.851, -6.594189, 0.004862703, 0.07868536, 315.9663, 1.201219, 0.7586592, 1.01878
 
1.459999, 0.7300605, -0.04729008, 8.579514, 0.1737494, -0.00304260825800604980979, 51583.77, -1560.605, -6.594189, 0.004862703, 0.07868536, 317.1665, 1.20182, 0.7581529, 1.019548
 
1.469999, 1, -0.03998948, 8.591706, 0.1652347, -0.0089469608838172119675592861, 51930.44, -1559.46, -6.594189, 0.004862703, 0.07868536, 318.2795, 1.202193, 0.7576467, 1.020316
 
1.479999, 1, -0.02998948, 8.601917, 0.1563185, -0.01328496453198934596474, 52249.66, -1558.459, -6.594189, 0.004862703, 0.07868536, 319.3057, 1.202569, 0.7571405, 1.021085
 
1.489999, 1, -0.01998948, 8.610633, 0.1473748, -0.015934678729020782308, 52541.34, -1557.619, -6.594189, 0.004862703, 0.07868536, 320.2455, 1.202953, 0.7566342, 1.021853
 
1.499999, 1, -0.009989476, 8.617958, 0.1384155, -0.0169783934692321498245, 52805.21, -1556.954, -6.594189, 0.004862703, 0.07868536, 321.0987, 1.203346, 0.756128, 1.022621
 
1.509999, 1, 1.052395E-05, 8.623981, 0.1294224, -0.0164907190617516032908, 53041.25, -1556.48, -6.594189, 0.004862703, 0.07868536, 321.8658, 1.203747, 0.7556217, 1.02339
 
1.519999, 1, 0.01001052, 8.628791, 0.1204108, -0.0145352366092875381226585159, 53249.24, -1556.209, -6.594189, 0.004862703, 0.07868536, 322.5468, 1.204156, 0.7551155, 1.024158
 
1.529999, 1, 0.02001052, 8.632432, 0.1113531, -0.0111693056460807519974858986, 53428.89, -1556.154, -6.594189, 0.004862703, 0.07868536, 323.1413, 1.204573, 0.7546093, 1.024926
 
1.539999, 0.4854264, 0.03001052, 8.634551, 0.1019172, -0.00644415586263853751592, 53578.81, -1556.328, -6.594189, 0.004862703, 0.07868536, 323.6453, 1.204997, 0.754103, 1.025694
 
1.549999, -0.2029836, 0.03486479, 8.635451, 0.09226932, -0.0007858860818278719249, 53698.98, -1556.753, -6.594189, 0.004862703, 0.07868536, 324.0591, 1.205412, 0.7535968, 1.026463
 
1.559999, -0.8397727, 0.03283495, 8.635377, 0.08259217, 0.00489410671287398677128, 53789.42, -1557.438, -6.594189, 0.004862703, 0.07868536, 324.3832, 1.205472, 0.7530906, 1.027231
 
1.569999, -1, 0.02443722, 8.634406, 0.07289786, 0.00962519573034776661542, 53850.3, -1558.391, -6.594189, 0.004862703, 0.07868536, 324.618, 1.205469, 0.7525843, 1.027999
 
1.579999, -1, 0.01443722, 8.632548, 0.06316496, 0.0128605165953528285350517729, 53881.63, -1559.618, -6.594189, 0.004862703, 0.07868536, 324.7639, 1.205474, 0.7520781, 1.028768
 
1.589999, -1, 0.004437225, 8.629858, 0.05341796, 0.01453657641321582399054, 53883.43, -1561.124, -6.594189, 0.004862703, 0.07868536, 324.8208, 1.205489, 0.7515718, 1.029536
 
1.599999, -1, -0.005562775, 8.626512, 0.04366299, 0.0147042641060970576723869649, 53857.62, -1562.913, -6.594189, 0.004862703, 0.07868536, 324.7945, 1.205515, 0.7510656, 1.030304
 
1.609999, -1, -0.01556277, 8.626707, 0.03704376, 0.01340368591756628971089, 53818.5, -1564.97, -6.594189, 0.004862703, 0.07868536, 324.7281, 1.205551, 0.7505594, 1.031072
 
1.619999, -1, -0.02556277, 8.628723, 0.03258117, 0.01067023653163939815710, 53766.24, -1567.16, -6.594189, 0.004862703, 0.07868536, 324.6219, 1.205616, 0.7500532, 1.031841
 
1.629999, -0.456788, -0.03556278, 8.630383, 0.02810959, 0.00653639196106423765182, 53700.9, -1569.481, -6.594189, 0.004862703, 0.07868536, 324.476, 1.205709, 0.7495469, 1.032609
 
1.639999, 0.16975, -0.04013066, 8.63168, 0.02361666, 0.00143554158536979631224, 53622.53, -1571.934, -6.594189, 0.004862703, 0.07868536, 324.2906, 1.205816, 0.7490407, 1.033377
 
1.649999, 0.7521636, -0.03843316, 8.632631, 0.01912089, -0.0037486788307719911154305220, 53531.29, -1574.518, -6.594189, 0.004862703, 0.07868536, 324.0659, 1.205661, 0.7485344, 1.034146
 
1.659999, 1, -0.03091152, 8.633221, 0.01460993, -0.00812809911751188747794, 53427.27, -1577.233, -6.594189, 0.004862703, 0.07868536, 323.8023, 1.205423, 0.7480282, 1.034914
 
1.669999, 1, -0.02091152, 8.633444, 0.01008684, -0.0111093468796124816202932850, 53310.6, -1580.078, -6.594189, 0.004862703, 0.07868536, 323.4998, 1.205213, 0.7475219, 1.035682
 
1.679999, 1, -0.01091152, 8.635836, 0.007281054, -0.0125432174828936394654, 53191.41, -1583.052, -6.594189, 0.004862703, 0.07868536, 323.1891, 1.205036, 0.7470157, 1.036451
 
1.689999, 1, -0.0009115227, 8.639867, 0.006202607, -0.01245939459958511389570, 53069.77, -1586.054, -6.594189, 0.004862703, 0.07868536, 322.8705, 1.204904, 0.7465096, 1.037219
 
1.699999, 1, 0.009088477, 8.643807, 0.005118148, -0.01089064988214524472789, 52945.75, -1589.086, -6.594189, 0.004862703, 0.07868536, 322.544, 1.204817, 0.7460033, 1.037987
 
1.709999, 0.734733, 0.01908848, 8.647653, 0.004037012, -0.00786927264910838936716, 52819.34, -1592.146, -6.594189, 0.004862703, 0.07868536, 322.2096, 1.204772, 0.745497, 1.038755
 
1.719999, 0.1907761, 0.02643581, 8.651396, 0.002949857, -0.0036249287055141108087864164, 52690.51, -1595.233, -6.594189, 0.004862703, 0.07868536, 321.8673, 1.204762, 0.7449908, 1.039524
 
1.729999, -0.3734807, 0.02834357, 8.655045, 0.001859793, 0.001217608419200612206464, 52559.37, -1598.349, -6.594189, 0.004862703, 0.07868536, 321.5172, 1.204689, 0.7444845, 1.040292
 
1.739999, -0.8602056, 0.02460876, 8.658582, 0.0007668172, 0.00581434473452077998252, 52425.82, -1601.493, -6.594189, 0.004862703, 0.07868536, 321.1591, 1.20439, 0.7439783, 1.04106
 
1.749999, -1, 0.01600671, 8.652418, 0, 0.0093864163168073445852, 52278.3, -1603.004, -6.594189, 0.004862703, 0.07868536, 320.7574, 1.204122, 0.743877, 0.7735416
 
1.759999, -1, 0.006006708, 8.645526, 0, 0.01148766977395161938124, 52131.69, -1604.23, -6.594189, 0.004862703, 0.07868536, 320.3578, 1.203881, 0.743877, 0.7735416
 
1.769999, -1, -0.003993291, 8.638606, 0, 0.01203837955790732071425, 51986.04, -1605.442, -6.594189, 0.004862703, 0.07868536, 319.9603, 1.203689, 0.743877, 0.7735416
 
1.779999, -1, -0.01399329, 8.631659, 0, 0.0110707109194415059704, 51841.36, -1606.64, -6.594189, 0.004862703, 0.07868536, 319.5649, 1.203546, 0.743877, 0.7735416
 
1.789999, -1, -0.02399329, 8.624674, 0, 0.00861112144607294921354, 51697.61, -1607.823, -6.594189, 0.004862703, 0.07868536, 319.1716, 1.203449, 0.743877, 0.7735416
 
1.799999, -0.3199058, -0.03399329, 8.617657, 0, 0.0046910205205190749740451261, 51554.69, -1608.992, -6.594189, 0.004862703, 0.07868536, 318.7801, 1.203397, 0.743877, 0.7735416
 
1.809999, 0.4351704, -0.03719234, 8.610616, 0, -0.0001425342094697956242396674, 51412.72, -1610.148, -6.594189, 0.004862703, 0.07868536, 318.3908, 1.203364, 0.743877, 0.7735416
 
1.819999, 1, -0.03284064, 8.603545, 0, -0.00478181945323266283730, 51271.62, -1611.29, -6.594189, 0.004862703, 0.07868536, 318.0033, 1.203052, 0.743877, 0.7735416
 
1.829999, 1, -0.02284064, 8.596447, 0, -0.0082241457313085342667325649, 51131.43, -1612.419, -6.594189, 0.004862703, 0.07868536, 317.618, 1.202778, 0.743877, 0.7735416
 
1.839999, 1, -0.01284064, 8.589317, 0, -0.0100668032310061506912, 50992.02, -1613.534, -6.594189, 0.004862703, 0.07868536, 317.2342, 1.202554, 0.743877, 0.7735416
 
1.849999, 1, -0.00284064, 8.58217, 0, -0.0103371041705189131693, 50853.55, -1614.637, -6.594189, 0.004862703, 0.07868536, 316.8527, 1.202379, 0.743877, 0.7735416
 
1.859999, 1, 0.00715936, 8.574991, 0, -0.00906897010149702785073, 50715.89, -1615.727, -6.594189, 0.004862703, 0.07868536, 316.4729, 1.20225, 0.743877, 0.7735416
 
1.869999, 0.7269021, 0.01715936, 8.567793, 0, -0.0062928323043171231394019427, 50579.09, -1616.804, -6.594189, 0.004862703, 0.07868536, 316.095, 1.202166, 0.743877, 0.7735416
 
1.879999, 0.05681807, 0.02442838, 8.560561, 0, -0.00225148834727241670466, 50443.03, -1617.868, -6.594189, 0.004862703, 0.07868536, 315.7187, 1.202119, 0.743877, 0.7735416
 
1.889999, -0.6105716, 0.02499656, 8.553312, 0, 0.00230679708207616109099, 50307.8, -1618.921, -6.594189, 0.004862703, 0.07868536, 315.3443, 1.201952, 0.743877, 0.7735416
 
1.899999, -1, 0.01889085, 8.546042, 0, 0.0063371075688243514098750406, 50173.39, -1619.962, -6.594189, 0.004862703, 0.07868536, 314.9717, 1.20167, 0.743877, 0.7735416
 
1.909999, -1, 0.008890847, 8.538746, 0, 0.0090305704296853056986077010, 50039.75, -1620.99, -6.594189, 0.004862703, 0.07868536, 314.6008, 1.201429, 0.743877, 0.7735416
 
1.919999, -1, -0.001109153, 8.531431, 0, 0.01011409152111115261615, 49906.91, -1622.008, -6.594189, 0.004862703, 0.07868536, 314.2316, 1.201236, 0.743877, 0.7735416
 
1.929999, -1, -0.01110915, 8.524091, 0, 0.00962278835868792235467, 49774.78, -1623.013, -6.594189, 0.004862703, 0.07868536, 313.864, 1.201089, 0.743877, 0.7735416
 
1.939999, -0.8500451, -0.02110915, 8.516724, 0, 0.00758815258895406811293, 49643.32, -1624.007, -6.594189, 0.004862703, 0.07868536, 313.4978, 1.200986, 0.743877, 0.7735416
 
1.949998, -0.2660546, -0.0296096, 8.509336, 0, 0.00415993812598293698435, 49512.54, -1624.992, -6.594189, 0.004862703, 0.07868536, 313.1331, 1.200923, 0.743877, 0.7735416
 
1.959998, 0.3631384, -0.03227015, 8.50193, 0, -0.0000596326072640462734633, 49382.47, -1625.965, -6.594189, 0.004862703, 0.07868536, 312.7698, 1.200879, 0.743877, 0.7735416
 
1.969998, 0.8956751, -0.02863876, 8.494503, 0, -0.0041098692326882950470056721, 49253.09, -1626.929, -6.594189, 0.004862703, 0.07868536, 312.4081, 1.200605, 0.743877, 0.7735416
 
1.979998, 1, -0.01968201, 8.487055, 0, -0.0070824850252427172768338696, 49124.38, -1627.881, -6.594189, 0.004862703, 0.07868536, 312.0478, 1.200363, 0.743877, 0.7735416
 
1.989998, 1, -0.009682013, 8.479575, 0, -0.00850122588582317176776, 48996.2, -1628.824, -6.594189, 0.004862703, 0.07868536, 311.6885, 1.200166, 0.743877, 0.7735416
 
1.999998, 1, 0.0003179871, 8.472086, 0, -0.0083125923311532788631, 48868.72, -1629.758, -6.594189, 0.004862703, 0.07868536, 311.3307, 1.200014, 0.743877, 0.7735416
 
2.009999, 0.8030281, 0.01031799, 8.464568, 0, -0.006555044055874506525, 48741.81, -1630.681, -6.594189, 0.004862703, 0.07868536, 310.9741, 1.199906, 0.743877, 0.7735416
 
2.019999, 0.2753793, 0.01834827, 8.457026, 0, -0.0034158035401438940327163759, 48615.42, -1631.596, -6.594189, 0.004862703, 0.07868536, 310.6184, 1.199836, 0.743877, 0.7735416
 
2.029999, -0.3008354, 0.02110206, 8.449471, 0, 0.0005061491303451577752, 48489.66, -1632.501, -6.594189, 0.004862703, 0.07868536, 310.264, 1.19976, 0.743877, 0.7735416
 
2.039999, -0.7957048, 0.01809371, 8.441888, 0, 0.00431868884138152256376, 48364.4, -1633.398, -6.594189, 0.004862703, 0.07868536, 309.9106, 1.1995, 0.743877, 0.7735416
 
2.049999, -1, 0.01013666, 8.434285, 0, 0.00717566019729934744494, 48239.68, -1634.286, -6.594189, 0.004862703, 0.07868536, 309.5583, 1.199268, 0.743877, 0.7735416
 
2.059999, -1, 0.0001366576, 8.426653, 0, 0.0085424188322991454701149295, 48115.43, -1635.164, -6.594189, 0.004862703, 0.07868536, 309.2067, 1.199077, 0.743877, 0.7735416
 
2.069999, -1, -0.009863342, 8.419004, 0, 0.0082888244446515534799581461, 47991.68, -1636.036, -6.594189, 0.004862703, 0.07868536, 308.8561, 1.19893, 0.743877, 0.7735416
 
2.079998, -0.6668389, -0.01986334, 8.411338, 0, 0.0064486813674008752170694269, 47868.45, -1636.899, -6.594189, 0.004862703, 0.07868536, 308.5066, 1.198825, 0.743877, 0.7735416
 
2.089998, -0.1653604, -0.02653173, 8.403646, 0, 0.0033223604847261902909143117, 47745.69, -1637.753, -6.594189, 0.004862703, 0.07868536, 308.1578, 1.198756, 0.743877, 0.7735416
 
2.099998, 0.3597917, -0.02818533, 8.395932, 0, -0.0003956578811407133910189485, 47623.4, -1638.6, -6.594189, 0.004862703, 0.07868536, 307.81, 1.19868, 0.743877, 0.7735416
 
2.109998, 0.7921369, -0.02458742, 8.388198, 0, -0.0038716189504480264965327011, 47501.57, -1639.439, -6.594189, 0.004862703, 0.07868536, 307.463, 1.198435, 0.743877, 0.7735416
 
2.119998, 1, -0.01666605, 8.380442, 0, -0.0063436110935581424955935382, 47380.16, -1640.27, -6.594189, 0.004862703, 0.07868536, 307.1166, 1.198218, 0.743877, 0.7735416
 
2.129998, 1, -0.006666047, 8.372662, 0, -0.00731930712761722460742, 47259.19, -1641.094, -6.594189, 0.004862703, 0.07868536, 306.771, 1.198041, 0.743877, 0.7735416
 
2.139998, 0.8602151, 0.003333952, 8.364859, 0, -0.0066616631122819543810701637, 47138.62, -1641.91, -6.594189, 0.004862703, 0.07868536, 306.4261, 1.197906, 0.743877, 0.7735416
 
2.149998, 0.4775364, 0.0119361, 8.357037, 0, -0.00452031050071445274794, 47018.45, -1642.719, -6.594189, 0.004862703, 0.07868536, 306.0818, 1.197811, 0.743877, 0.7735416
 
2.159998, -0.0003619111, 0.01671147, 8.345165, 0, -0.0013442161130171921548049981, 46898.68, -1642.728, -6.594189, 0.004862703, 0.07868536, 305.7383, 1.197891, 0.743877, 0.7735416
 
2.169998, -0.4647014, 0.01670785, 8.333272, 0, 0.0021325769796975509289225055, 46779.32, -1642.728, -6.594189, 0.004862703, 0.07868536, 305.3953, 1.197871, 0.743877, 0.7735416
 
2.179998, -0.8146751, 0.01206083, 8.321404, 0, 0.0051443317594245178578195668, 46660.34, -1642.728, -6.594189, 0.004862703, 0.07868536, 305.053, 1.197793, 0.743877, 0.7735416
 
2.189998, -0.9778397, 0.003914081, 8.309564, 0, 0.0070471744844195123089149180, 46541.76, -1642.728, -6.594189, 0.004862703, 0.07868536, 304.7113, 1.197744, 0.743877, 0.7735416
 
2.199998, -0.9247528, -0.005864315, 8.29775, 0, 0.0074568654123330995449569705, 46423.58, -1642.728, -6.594189, 0.004862703, 0.07868536, 304.3703, 1.197733, 0.743877, 0.7735416
 
2.209998, -0.673645, -0.01511184, 8.285961, 0, 0.0063238380611614326595296200, 46305.79, -1642.728, -6.594189, 0.004862703, 0.07868536, 304.03, 1.197762, 0.743877, 0.7735416
 
2.219998, -0.2849082, -0.02184829, 8.2742, 0, 0.0039346640140884773731363940, 46188.39, -1642.728, -6.594189, 0.004862703, 0.07868536, 303.6903, 1.197824, 0.743877, 0.7735416
 
2.229998, 0.1537611, -0.02469737, 8.262465, 0, 0.0008368422006305842708551889, 46071.4, -1642.728, -6.594189, 0.004862703, 0.07868536, 303.3513, 1.197904, 0.743877, 0.7735416
 
2.239998, 0.5466987, -0.02315976, 8.250756, 0, -0.0022849408549843199672055792, 45954.79, -1642.728, -6.594189, 0.004862703, 0.07868536, 303.0129, 1.197867, 0.743877, 0.7735416
 
2.249998, 0.810991, -0.01769278, 8.239073, 0, -0.0047594828903090483729823864, 45838.56, -1642.728, -6.594189, 0.004862703, 0.07868536, 302.6751, 1.197803, 0.743877, 0.7735416
 
2.259998, 0.8946733, -0.009582868, 8.227415, 0, -0.0060765567658353063442960157, 45722.73, -1642.728, -6.594189, 0.004862703, 0.07868536, 302.338, 1.197769, 0.743877, 0.7735416
 
2.269998, 0.7856104, -0.0006361346, 8.215784, 0, -0.0059851249045128717629389049, 45607.28, -1642.728, -6.594189, 0.004862703, 0.07868536, 302.0016, 1.197771, 0.743877, 0.7735416
 
2.279998, 0.5128111, 0.00721997, 8.204178, 0, -0.0045402359292402426673564080, 45492.21, -1642.728, -6.594189, 0.004862703, 0.07868536, 301.6658, 1.197809, 0.743877, 0.7735416
 
2.289998, 0.1392864, 0.01234808, 8.192597, 0, -0.0020853680438808891723515445, 45377.52, -1642.728, -6.594189, 0.004862703, 0.07868536, 301.3306, 1.197872, 0.743877, 0.7735416
 
2.299998, -0.2526886, 0.01374094, 8.181042, 0, 0.0008310632312960091619183108, 45263.21, -1642.728, -6.594189, 0.004862703, 0.07868536, 300.996, 1.197904, 0.743877, 0.7735416
 
2.309998, -0.5801703, 0.01121406, 8.169512, 0, 0.0035837328702962293742462913, 45149.27, -1642.728, -6.594189, 0.004862703, 0.07868536, 300.6621, 1.197833, 0.743877, 0.7735416
 
2.319998, -0.7759199, 0.005412356, 8.158007, 0, 0.0055939269363013924766894753, 45035.7, -1642.728, -6.594189, 0.004862703, 0.07868536, 300.3288, 1.197781, 0.743877, 0.7735416
 
2.329998, -0.8035859, -0.002346843, 8.146526, 0, 0.0064623096564210337194963222, 44922.5, -1642.728, -6.594189, 0.004862703, 0.07868536, 299.9961, 1.197759, 0.743877, 0.7735416
 
2.339998, -0.6625391, -0.0103827, 8.13507, 0, 0.0060359628177824142665455011, 44809.68, -1642.728, -6.594189, 0.004862703, 0.07868536, 299.664, 1.19777, 0.743877, 0.7735416
 
2.349998, -0.3876751, -0.01700809, 8.12364, 0, 0.0044398992147186545914111976, 44697.22, -1642.728, -6.594189, 0.004862703, 0.07868536, 299.3325, 1.197811, 0.743877, 0.7735416
 
2.359998, -0.04060455, -0.02088484, 8.112234, 0, 0.0020403893499801975096874040, 44585.13, -1642.728, -6.594189, 0.004862703, 0.07868536, 299.0017, 1.197873, 0.743877, 0.7735416
 
2.369998, 0.3044056, -0.02129089, 8.100853, 0, -0.0006415759802211058430285946, 44473.41, -1642.728, -6.594189, 0.004862703, 0.07868536, 298.6715, 1.197909, 0.743877, 0.7735416
 
2.379998, 0.5758979, -0.01824683, 8.089499, 0, -0.0030416873979272158409773999, 44362.07, -1642.728, -6.594189, 0.004862703, 0.07868536, 298.3419, 1.197847, 0.743877, 0.7735416
 
2.389998, 0.7202529, -0.01248785, 8.078168, 0, -0.0046712159098558405757808497, 44251.09, -1642.728, -6.594189, 0.004862703, 0.07868536, 298.0129, 1.197805, 0.743877, 0.7735416
 
2.399998, 0.711735, -0.005285326, 8.066862, 0, -0.0052132372105277396157939019, 44140.47, -1642.728, -6.594189, 0.004862703, 0.07868536, 297.6846, 1.197791, 0.743877, 0.7735416
 
2.409998, 0.5573998, 0.001832023, 8.05558, 0, -0.0045882715370965667491977439, 44030.2, -1642.728, -6.594189, 0.004862703, 0.07868536, 297.3568, 1.197807, 0.743877, 0.7735416
 
2.419998, 0.2933808, 0.007406021, 8.044324, 0, -0.0029551559453233576038464163, 43920.3, -1642.728, -6.594189, 0.004862703, 0.07868536, 297.0297, 1.19785, 0.743877, 0.7735416
 
2.429998, -0.02268561, 0.01033983, 8.033091, 0, -0.0006772982033026389699849623, 43810.76, -1642.728, -6.594189, 0.004862703, 0.07868536, 296.7032, 1.197908, 0.743877, 0.7735416
 
2.439998, -0.3246655, 0.01011297, 8.021881, 0, 0.0017622166258035316711924220, 43701.57, -1642.728, -6.594189, 0.004862703, 0.07868536, 296.3772, 1.19788, 0.743877, 0.7735416
 
2.449998, -0.5513268, 0.006866319, 8.010696, 0, 0.0038603376570565215105805103, 43592.72, -1642.728, -6.594189, 0.004862703, 0.07868536, 296.0518, 1.197826, 0.743877, 0.7735416
 
2.459998, -0.6594996, 0.001353051, 7.999534, 0, 0.0052023712269732858290926518, 43484.23, -1642.728, -6.594189, 0.004862703, 0.07868536, 295.7271, 1.197791, 0.743877, 0.7735416
 
2.469998, -0.6310043, -0.005241945, 7.988397, 0, 0.0055356425288890047390197166, 43376.08, -1642.728, -6.594189, 0.004862703, 0.07868536, 295.4029, 1.197783, 0.743877, 0.7735416
 
2.479998, -0.4762145, -0.01155199, 7.977283, 0, 0.0048219490013138639222627226, 43268.29, -1642.728, -6.594189, 0.004862703, 0.07868536, 295.0793, 1.197801, 0.743877, 0.7735416
 
2.489998, -0.2303047, -0.01631413, 7.966193, 0, 0.0032338362751383964749725317, 43160.85, -1642.728, -6.594189, 0.004862703, 0.07868536, 294.7563, 1.197842, 0.743877, 0.7735416
 
2.499998, 0.05411671, -0.01861718, 7.955128, 0, 0.0011177029786656530816377194, 43053.75, -1642.728, -6.594189, 0.004862703, 0.07868536, 294.434, 1.197897, 0.743877, 0.7735416
 
2.509998, 0.3187483, -0.01807601, 7.944086, 0, -0.0010859618340909132254580018, 42947.01, -1642.728, -6.594189, 0.004862703, 0.07868536, 294.1122, 1.197898, 0.743877, 0.7735416
 
2.519998, 0.5113516, -0.01488853, 7.933068, 0, -0.0029336318548091544613957521, 42840.61, -1642.728, -6.594189, 0.004862703, 0.07868536, 293.791, 1.19785, 0.743877, 0.7735416
 
2.529998, 0.5955675, -0.009775015, 7.922074, 0, -0.0040628626380949647418776771, 42734.55, -1642.728, -6.594189, 0.004862703, 0.07868536, 293.4704, 1.197821, 0.743877, 0.7735416
 
2.539998, 0.5588014, -0.00381934, 7.911102, 0, -0.0042725988420914921297154372, 42628.83, -1642.728, -6.594189, 0.004862703, 0.07868536, 293.1504, 1.197815, 0.743877, 0.7735416
 
2.549998, 0.412274, 0.001768673, 7.900154, 0, -0.0035462683512901520507933817, 42523.45, -1642.728, -6.594189, 0.004862703, 0.07868536, 292.831, 1.197834, 0.743877, 0.7735416
 
2.559998, 0.1888033, 0.005891413, 7.889229, 0, -0.0020559156367290211041904491, 42418.41, -1642.728, -6.594189, 0.004862703, 0.07868536, 292.5121, 1.197873, 0.743877, 0.7735416
 
2.569998, -0.06505359, 0.007779446, 7.878328, 0, -0.0001173934725563167258586620, 42313.7, -1642.728, -6.594189, 0.004862703, 0.07868536, 292.1938, 1.197923, 0.743877, 0.7735416
 
2.579998, -0.2983209, 0.00712891, 7.867449, 0, 0.0018745376677305168485718977, 42209.32, -1642.728, -6.594189, 0.004862703, 0.07868536, 291.8761, 1.197877, 0.743877, 0.7735416
 
2.589998, -0.4658151, 0.004145701, 7.856593, 0, 0.0035263170325317358404758219, 42105.28, -1642.728, -6.594189, 0.004862703, 0.07868536, 291.5589, 1.197835, 0.743877, 0.7735416
 
2.599998, -0.5367248, -0.0005124491, 7.84576, 0, 0.0045215447616222406320919211, 42001.57, -1642.728, -6.594189, 0.004862703, 0.07868536, 291.2423, 1.197809, 0.743877, 0.7735416
 
2.609998, -0.5007986, -0.005879697, 7.83495, 0, 0.0046868936725729131471545030, 41898.18, -1642.728, -6.594189, 0.004862703, 0.07868536, 290.9263, 1.197805, 0.743877, 0.7735416
 
2.619998, -0.368422, -0.01088768, 7.824162, 0, 0.0040123840773885045618112112, 41795.13, -1642.728, -6.594189, 0.004862703, 0.07868536, 290.6108, 1.197822, 0.743877, 0.7735416
 
2.629998, -0.1686362, -0.0145719, 7.813398, 0, 0.0026543456211209907670695178, 41692.4, -1642.728, -6.594189, 0.004862703, 0.07868536, 290.296, 1.197857, 0.743877, 0.7735416
 
2.639998, 0.05727385, -0.01625826, 7.802655, 0, 0.0008990641774950317065322858, 41590, -1642.728, -6.594189, 0.004862703, 0.07868536, 289.9817, 1.197903, 0.743877, 0.7735416
 
2.649998, 0.2647248, -0.01568552, 7.791937, 0, -0.0009012879736251158823628466, 41487.93, -1642.728, -6.594189, 0.004862703, 0.07868536, 289.6679, 1.197903, 0.743877, 0.7735416
 
2.659998, 0.4144754, -0.01303828, 7.78124, 0, -0.0023987492620041088994087509, 41386.18, -1642.728, -6.594189, 0.004862703, 0.07868536, 289.3547, 1.197864, 0.743877, 0.7735416
 
2.669998, 0.4792986, -0.008893523, 7.770566, 0, -0.0033098981600196857831342578, 41284.75, -1642.728, -6.594189, 0.004862703, 0.07868536, 289.0421, 1.19784, 0.743877, 0.7735416
 
2.679998, 0.4497944, -0.004100538, 7.759913, 0, -0.0034771695266103849794606808, 41183.64, -1642.728, -6.594189, 0.004862703, 0.07868536, 288.73, 1.197836, 0.743877, 0.7735416
 
2.689998, 0.3349057, 0.0003974062, 7.749282, 0, -0.0028904740954207955361115731, 41082.85, -1642.728, -6.594189, 0.004862703, 0.07868536, 288.4185, 1.197851, 0.743877, 0.7735416
 
2.699998, 0.1597129, 0.003746463, 7.738675, 0, -0.0016859323613092337843029927, 40982.38, -1642.728, -6.594189, 0.004862703, 0.07868536, 288.1075, 1.197882, 0.743877, 0.7735416
 
2.709998, -0.04034342, 0.005343592, 7.728089, 0, -0.0001117665593107524103184946, 40882.22, -1642.728, -6.594189, 0.004862703, 0.07868536, 287.7971, 1.197923, 0.743877, 0.7735416
 
2.719998, -0.2264007, 0.004940158, 7.717525, 0, 0.0015216674703996223077756700, 40782.38, -1642.728, -6.594189, 0.004862703, 0.07868536, 287.4872, 1.197887, 0.743877, 0.7735416
 
2.729998, -0.3635156, 0.002676151, 7.706983, 0, 0.0029013723079046869704264764, 40682.85, -1642.728, -6.594189, 0.004862703, 0.07868536, 287.1779, 1.197851, 0.743877, 0.7735416
 
2.739998, -0.4274554, -0.0009590046, 7.696462, 0, 0.0037733276048507373917230200, 40583.63, -1642.728, -6.594189, 0.004862703, 0.07868536, 286.8691, 1.197828, 0.743877, 0.7735416
 
2.749998, -0.408728, -0.005233558, 7.685963, 0, 0.0039880125609599411945808995, 40484.71, -1642.728, -6.594189, 0.004862703, 0.07868536, 286.5608, 1.197823, 0.743877, 0.7735416
 
2.759998, -0.3138642, -0.009320838, 7.675487, 0, 0.0035258126497863049611595826, 40386.11, -1642.728, -6.594189, 0.004862703, 0.07868536, 286.2531, 1.197835, 0.743877, 0.7735416
 
2.769998, -0.163162, -0.01245948, 7.665031, 0, 0.0024928851305049939974974260, 40287.82, -1642.728, -6.594189, 0.004862703, 0.07868536, 285.9459, 1.197861, 0.743877, 0.7735416
 
2.779998, 0.01316113, -0.0140911, 7.654597, 0, 0.0011008818946773193928759097, 40189.84, -1642.728, -6.594189, 0.004862703, 0.07868536, 285.6393, 1.197897, 0.743877, 0.7735416
 
2.789998, 0.1812146, -0.01395949, 7.644186, 0, -0.0003780944912319532865940288, 40092.16, -1642.728, -6.594189, 0.004862703, 0.07868536, 285.3332, 1.197916, 0.743877, 0.7735416
 
2.799998, 0.3096034, -0.01214734, 7.633795, 0, -0.0016621393541637869370961987, 39994.79, -1642.728, -6.594189, 0.004862703, 0.07868536, 285.0276, 1.197883, 0.743877, 0.7735416
 
2.809998, 0.3758959, -0.009051309, 7.623426, 0, -0.0025178786652713929545023278, 39897.73, -1642.728, -6.594189, 0.004862703, 0.07868536, 284.7227, 1.197861, 0.743877, 0.7735416
 
2.819998, 0.3703392, -0.00529235, 7.613079, 0, -0.0028018896600127695229282420, 39800.97, -1642.728, -6.594189, 0.004862703, 0.07868536, 284.4182, 1.197853, 0.743877, 0.7735416
 
2.829998, 0.2961997, -0.001588959, 7.602753, 0, -0.0024761986022969952096324512, 39704.51, -1642.728, -6.594189, 0.004862703, 0.07868536, 284.1142, 1.197862, 0.743877, 0.7735416
 
2.839998, 0.1696838, 0.001373039, 7.592447, 0, -0.0016202739748452153766199028, 39608.34, -1642.728, -6.594189, 0.004862703, 0.07868536, 283.8108, 1.197884, 0.743877, 0.7735416
 
2.849998, 0.01602825, 0.003069877, 7.582163, 0, -0.0004089378989776547254634822, 39512.48, -1642.728, -6.594189, 0.004862703, 0.07868536, 283.5079, 1.197915, 0.743877, 0.7735416
 
2.859998, -0.1355305, 0.003230159, 7.571899, 0, 0.0009236513054614251305290228, 39416.9, -1642.728, -6.594189, 0.004862703, 0.07868536, 283.2055, 1.197902, 0.743877, 0.7735416
 
2.869998, -0.257383, 0.001874855, 7.561657, 0, 0.0021302145991709525491050209, 39321.63, -1642.728, -6.594189, 0.004862703, 0.07868536, 282.9037, 1.197871, 0.743877, 0.7735416
 
2.879998, -0.3282296, -0.0006989758, 7.551435, 0, 0.0029930217145007007860742383, 39226.64, -1642.728, -6.594189, 0.004862703, 0.07868536, 282.6023, 1.197849, 0.743877, 0.7735416
 
2.889998, -0.337009, -0.003981272, 7.541235, 0, 0.0033654076566088634022153574, 39131.95, -1642.728, -6.594189, 0.004862703, 0.07868536, 282.3015, 1.197839, 0.743877, 0.7735416
 
2.899998, -0.284264, -0.007351362, 7.531054, 0, 0.0031941028395010593322987816, 39037.56, -1642.728, -6.594189, 0.004862703, 0.07868536, 282.0012, 1.197843, 0.743877, 0.7735416
 
2.909998, -0.181631, -0.010194, 7.520896, 0, 0.0025260486988797516077592493, 38943.45, -1642.728, -6.594189, 0.004862703, 0.07868536, 281.7014, 1.197861, 0.743877, 0.7735416
 
2.919998, -0.04976922, -0.01201031, 7.510756, 0, 0.0015006023198404140262953684, 38849.63, -1642.728, -6.594189, 0.004862703, 0.07868536, 281.4021, 1.197887, 0.743877, 0.7735416
 
2.929998, 0.08649411, -0.012508, 7.500638, 0, 0.0003145000454080882503227449, 38756.11, -1642.728, -6.594189, 0.004862703, 0.07868536, 281.1033, 1.197918, 0.743877, 0.7735416
 
2.939998, 0.2026673, -0.01164306, 7.49054, 0, -0.0008148875316193432859105456, 38662.86, -1642.728, -6.594189, 0.004862703, 0.07868536, 280.8051, 1.197905, 0.743877, 0.7735416
 
2.949998, 0.2783808, -0.009616391, 7.480464, 0, -0.0016841243183686857746473190, 38569.91, -1642.728, -6.594189, 0.004862703, 0.07868536, 280.5073, 1.197882, 0.743877, 0.7735416
 
2.959998, 0.3012933, -0.006832583, 7.470407, 0, -0.0021428386708253670835457946, 38477.24, -1642.728, -6.594189, 0.004862703, 0.07868536, 280.2101, 1.19787, 0.743877, 0.7735416
 
2.969998, 0.2693423, -0.00381965, 7.460369, 0, -0.0021223942494468175305141254, 38384.86, -1642.728, -6.594189, 0.004862703, 0.07868536, 279.9134, 1.197871, 0.743877, 0.7735416
 
2.979998, 0.1902363, -0.001126227, 7.450353, 0, -0.0016414338784569229655580953, 38292.75, -1642.728, -6.594189, 0.004862703, 0.07868536, 279.6172, 1.197883, 0.743877, 0.7735416
 
2.989998, 0.08000479, 0.0007761363, 7.440357, 0, -0.0008022483123681006308897689, 38200.93, -1642.728, -6.594189, 0.004862703, 0.07868536, 279.3214, 1.197905, 0.743877, 0.7735416
 
2.999998, -0.04100896, 0.001576184, 7.43038, 0, 0.0002378214599623179053560043, 38109.39, -1642.728, -6.594189, 0.004862703, 0.07868536, 279.0262, 1.19792, 0.743877, 0.7735416
 
3.009998, -0.1506446, 0.001166095, 7.420424, 0, 0.0012852555426655551546886656, 38018.12, -1642.728, -6.594189, 0.004862703, 0.07868536, 278.7314, 1.197893, 0.743877, 0.7735416
 
3.019998, -0.2300911, -0.0003403514, 7.410487, 0, 0.0021558446552934267858015369, 37927.13, -1642.728, -6.594189, 0.004862703, 0.07868536, 278.4372, 1.19787, 0.743877, 0.7735416
 
3.029998, -0.266168, -0.002641262, 7.400569, 0, 0.0026990149172992357115038105, 37836.41, -1642.728, -6.594189, 0.004862703, 0.07868536, 278.1434, 1.197856, 0.743877, 0.7735416
 
3.039998, -0.2543688, -0.005302941, 7.390672, 0, 0.0028317320372106542566562524, 37745.97, -1642.728, -6.594189, 0.004862703, 0.07868536, 277.8502, 1.197853, 0.743877, 0.7735416
 
3.049998, -0.1982243, -0.007846629, 7.380795, 0, 0.0025412381933161201808558454, 37655.8, -1642.728, -6.594189, 0.004862703, 0.07868536, 277.5574, 1.19786, 0.743877, 0.7735416
 
3.059998, -0.1096472, -0.009828872, 7.370936, 0, 0.0018962857493041674174782907, 37565.91, -1642.728, -6.594189, 0.004862703, 0.07868536, 277.2652, 1.197877, 0.743877, 0.7735416
 
3.069998, -0.005040394, -0.01092534, 7.361098, 0, 0.0010191227407975385623098747, 37476.29, -1642.728, -6.594189, 0.004862703, 0.07868536, 276.9734, 1.1979, 0.743877, 0.7735416
 
3.079998, 0.09696016, -0.01097575, 7.351281, 0, 0.0000688471167409850585841071, 37386.95, -1642.728, -6.594189, 0.004862703, 0.07868536, 276.6821, 1.197924, 0.743877, 0.7735416
 
3.089998, 0.1783472, -0.01000615, 7.341481, 0, -0.0007832638614923449180587235, 37297.87, -1642.728, -6.594189, 0.004862703, 0.07868536, 276.3913, 1.197906, 0.743877, 0.7735416
 
3.099998, 0.2259008, -0.008222675, 7.331702, 0, -0.0013933154366890723267807098, 37209.06, -1642.728, -6.594189, 0.004862703, 0.07868536, 276.101, 1.19789, 0.743877, 0.7735416
 
3.109998, 0.232403, -0.005963667, 7.321942, 0, -0.0016608469740939834578236048, 37120.52, -1642.728, -6.594189, 0.004862703, 0.07868536, 275.8112, 1.197883, 0.743877, 0.7735416
 
3.119998, 0.198498, -0.003639637, 7.312201, 0, -0.0015525711462433420136336459, 37032.25, -1642.728, -6.594189, 0.004862703, 0.07868536, 275.5218, 1.197886, 0.743877, 0.7735416
 
3.129997, 0.1314349, -0.001654658, 7.30248, 0, -0.0010983640095662621156147776, 36944.23, -1642.728, -6.594189, 0.004862703, 0.07868536, 275.2329, 1.197898, 0.743877, 0.7735416
 
3.139997, 0.044054, -0.0003403087, 7.292777, 0, -0.0003882796386523916885421085, 36856.49, -1642.728, -6.594189, 0.004862703, 0.07868536, 274.9445, 1.197916, 0.743877, 0.7735416
 
3.149997, -0.04790989, 0.0001002313, 7.283094, 0, 0.0004475254350294076455801110, 36769.02, -1642.728, -6.594189, 0.004862703, 0.07868536, 274.6566, 1.197914, 0.743877, 0.7735416
 
3.159997, -0.1284824, -0.0003788676, 7.27343, 0, 0.0012612622327237518675147229, 36681.79, -1642.728, -6.594189, 0.004862703, 0.07868536, 274.3692, 1.197893, 0.743877, 0.7735416
 
3.169997, -0.1845469, -0.001663692, 7.263784, 0, 0.0019165883633932622246546130, 36594.83, -1642.728, -6.594189, 0.004862703, 0.07868536, 274.0822, 1.197876, 0.743877, 0.7735416
 
3.179997, -0.2073266, -0.003509161, 7.254157, 0, 0.0023057220686753245416436975, 36508.12, -1642.728, -6.594189, 0.004862703, 0.07868536, 273.7957, 1.197866, 0.743877, 0.7735416
 
3.189997, -0.1943001, -0.005582426, 7.244549, 0, 0.0023722651392519640342652588, 36421.68, -1642.728, -6.594189, 0.004862703, 0.07868536, 273.5096, 1.197865, 0.743877, 0.7735416
 
3.199997, -0.1488281, -0.007525427, 7.23496, 0, 0.0021139373783666072322316158, 36335.5, -1642.728, -6.594189, 0.004862703, 0.07868536, 273.2241, 1.197871, 0.743877, 0.7735416
 
3.209997, -0.07987098, -0.009013708, 7.225389, 0, 0.0015858260836330096703727212, 36249.57, -1642.728, -6.594189, 0.004862703, 0.07868536, 272.939, 1.197885, 0.743877, 0.7735416
 
3.219997, 9.558609E-05, -0.009812417, 7.215839, 0, 0.0008858809339151551834038309, 36163.9, -1642.728, -6.594189, 0.004862703, 0.07868536, 272.6544, 1.197903, 0.743877, 0.7735416
 
3.229997, 0.07695099, -0.009811462, 7.206306, 0, 0.0001403462876262087534944527, 36078.49, -1642.728, -6.594189, 0.004862703, 0.07868536, 272.3703, 1.197922, 0.743877, 0.7735416
 
3.239997, 0.1381335, -0.009041952, 7.196793, 0, -0.0005257361837798776764475777, 35993.34, -1642.728, -6.594189, 0.004862703, 0.07868536, 272.0866, 1.197912, 0.743877, 0.7735416
 
3.249997, 0.1739364, -0.007660617, 7.187297, 0, -0.0010026494069576632162251545, 35908.43, -1642.728, -6.594189, 0.004862703, 0.07868536, 271.8034, 1.1979, 0.743877, 0.7735416
 
3.259997, 0.1793687, -0.005921253, 7.177821, 0, -0.0012169363357884933587824125, 35823.77, -1642.728, -6.594189, 0.004862703, 0.07868536, 271.5206, 1.197894, 0.743877, 0.7735416
 
3.269997, 0.1542812, -0.004127566, 7.168361, 0, -0.0011375224811027191069113937, 35739.36, -1642.728, -6.594189, 0.004862703, 0.07868536, 271.2383, 1.197896, 0.743877, 0.7735416
 
3.279997, 0.1046153, -0.002584753, 7.158922, 0, -0.0007929422089976313226861535, 35655.21, -1642.728, -6.594189, 0.004862703, 0.07868536, 270.9564, 1.197905, 0.743877, 0.7735416
 
3.289997, 0.03906312, -0.001538601, 7.149498, 0, -0.0002446838047593978510945842, 35571.3, -1642.728, -6.594189, 0.004862703, 0.07868536, 270.675, 1.19792, 0.743877, 0.7735416
 
3.299997, -0.03055293, -0.00114797, 7.140094, 0, 0.0004062535514461352294880622, 35487.63, -1642.728, -6.594189, 0.004862703, 0.07868536, 270.3941, 1.197915, 0.743877, 0.7735416
 
3.309997, -0.09291356, -0.001453499, 7.130709, 0, 0.0010521017985513595067404734, 35404.22, -1642.728, -6.594189, 0.004862703, 0.07868536, 270.1136, 1.197899, 0.743877, 0.7735416
 
3.319997, -0.1378548, -0.002382634, 7.12134, 0, 0.0015851039944693202201706646, 35321.04, -1642.728, -6.594189, 0.004862703, 0.07868536, 269.8335, 1.197885, 0.743877, 0.7735416
 
3.329997, -0.1585822, -0.003761182, 7.11199, 0, 0.0019207088320198052377469104, 35238.12, -1642.728, -6.594189, 0.004862703, 0.07868536, 269.5539, 1.197876, 0.743877, 0.7735416
 
3.339997, -0.1526294, -0.005347004, 7.102658, 0, 0.0020105808131582215002304940, 35155.44, -1642.728, -6.594189, 0.004862703, 0.07868536, 269.2748, 1.197874, 0.743877, 0.7735416
 
3.349997, -0.1220091, -0.006873298, 7.093344, 0, 0.0018485643735097032838391441, 35073, -1642.728, -6.594189, 0.004862703, 0.07868536, 268.9961, 1.197878, 0.743877, 0.7735416
 
3.359997, -0.07280538, -0.008093389, 7.084049, 0, 0.0014712243615155096997083301, 34990.81, -1642.728, -6.594189, 0.004862703, 0.07868536, 268.7178, 1.197888, 0.743877, 0.7735416
 
3.369997, -0.01371879, -0.008821443, 7.074771, 0, 0.0009474570430339934833296491, 34908.86, -1642.728, -6.594189, 0.004862703, 0.07868536, 268.4401, 1.197901, 0.743877, 0.7735416
 
3.379997, 0.04550256, -0.00895863, 7.06551, 0, 0.0003654299722711131166048612, 34827.14, -1642.728, -6.594189, 0.004862703, 0.07868536, 268.1627, 1.197917, 0.743877, 0.7735416
 
3.389997, 0.09510886, -0.008503605, 7.056268, 0, -0.0001768501267040730635236208, 34745.67, -1642.728, -6.594189, 0.004862703, 0.07868536, 267.8858, 1.197921, 0.743877, 0.7735416
 
3.399997, 0.1272596, -0.007552516, 7.047043, 0, -0.0005908241181931349473943856, 34664.43, -1642.728, -6.594189, 0.004862703, 0.07868536, 267.6093, 1.197911, 0.743877, 0.7735416
 
3.409997, 0.1377479, -0.006279921, 7.037836, 0, -0.0008166857447364161165093209, 34583.43, -1642.728, -6.594189, 0.004862703, 0.07868536, 267.3333, 1.197905, 0.743877, 0.7735416
 
3.419997, 0.1256628, -0.004902442, 7.028646, 0, -0.0008237332447330227701885754, 34502.67, -1642.728, -6.594189, 0.004862703, 0.07868536, 267.0577, 1.197905, 0.743877, 0.7735416
 
3.429997, 0.09378003, -0.003645813, 7.019475, 0, -0.0006177921583205457442157202, 34422.15, -1642.728, -6.594189, 0.004862703, 0.07868536, 266.7825, 1.19791, 0.743877, 0.7735416
 
3.439997, 0.04775238, -0.002708013, 7.010321, 0, -0.0002367951297048891822279306, 34341.86, -1642.728, -6.594189, 0.004862703, 0.07868536, 266.5078, 1.19792, 0.743877, 0.7735416
 
3.449997, -0.004276422, -0.002230489, 7.001183, 0, 0.0002501669125218832857241702, 34261.8, -1642.728, -6.594189, 0.004862703, 0.07868536, 266.2336, 1.197919, 0.743877, 0.7735416
 
3.459997, -0.05386859, -0.002273253, 6.992064, 0, 0.0007627720635875473227445799, 34181.98, -1642.728, -6.594189, 0.004862703, 0.07868536, 265.9597, 1.197906, 0.743877, 0.7735416
 
3.469997, -0.0931722, -0.002811939, 6.982961, 0, 0.0012180730501291924443920852, 34102.38, -1642.728, -6.594189, 0.004862703, 0.07868536, 265.6863, 1.197894, 0.743877, 0.7735416
 
3.479997, -0.116284, -0.003743661, 6.973875, 0, 0.0015451170783020811078340107, 34023.02, -1642.728, -6.594189, 0.004862703, 0.07868536, 265.4133, 1.197886, 0.743877, 0.7735416
 
3.489997, -0.1202933, -0.004906501, 6.964807, 0, 0.0016977410410492835300755215, 33943.89, -1642.728, -6.594189, 0.004862703, 0.07868536, 265.1408, 1.197882, 0.743877, 0.7735416
 
3.499997, -0.1053219, -0.006109434, 6.955756, 0, 0.0016581155723255085234507287, 33864.98, -1642.728, -6.594189, 0.004862703, 0.07868536, 264.8686, 1.197883, 0.743877, 0.7735416
 
3.509997, -0.07434104, -0.007162653, 6.946722, 0, 0.0014380164783627990928131819, 33786.3, -1642.728, -6.594189, 0.004862703, 0.07868536, 264.5969, 1.197889, 0.743877, 0.7735416
 
3.519997, -0.03296158, -0.007906063, 6.937705, 0, 0.0010796560829049447686481298, 33707.85, -1642.728, -6.594189, 0.004862703, 0.07868536, 264.3256, 1.197898, 0.743877, 0.7735416
 
3.529997, 0.01193561, -0.008235679, 6.928705, 0, 0.0006441884572400153200818729, 33629.63, -1642.728, -6.594189, 0.004862703, 0.07868536, 264.0548, 1.197909, 0.743877, 0.7735416
 
3.539997, 0.05337687, -0.008116323, 6.919722, 0, 0.0002007812348120911802736334, 33551.64, -1642.728, -6.594189, 0.004862703, 0.07868536, 263.7844, 1.197921, 0.743877, 0.7735416
 
3.549997, 0.08468425, -0.007582554, 6.910756, 0, -0.0001773272760041588617937144, 33473.86, -1642.728, -6.594189, 0.004862703, 0.07868536, 263.5144, 1.197921, 0.743877, 0.7735416
 
3.559997, 0.1016931, -0.006735712, 6.901807, 0, -0.0004363690688208497307421783, 33396.32, -1642.728, -6.594189, 0.004862703, 0.07868536, 263.2448, 1.197915, 0.743877, 0.7735416
 
3.569997, 0.1019228, -0.005718781, 6.892875, 0, -0.0005359039275784316733881706, 33318.99, -1642.728, -6.594189, 0.004862703, 0.07868536, 262.9756, 1.197912, 0.743877, 0.7735416
 
3.579997, 0.086419, -0.004699553, 6.883959, 0, -0.0004700336359034666852507838, 33241.89, -1642.728, -6.594189, 0.004862703, 0.07868536, 262.7069, 1.197914, 0.743877, 0.7735416
 
3.589997, 0.05795359, -0.003835363, 6.875059, 0, -0.0002521186964876513332241275, 33165, -1642.728, -6.594189, 0.004862703, 0.07868536, 262.4386, 1.197919, 0.743877, 0.7735416
 
3.599997, 0.02138502, -0.003255827, 6.866177, 0, 0.0000795679089684107917694350, 33088.34, -1642.728, -6.594189, 0.004862703, 0.07868536, 262.1707, 1.197924, 0.743877, 0.7735416
 
3.609997, -0.01724786, -0.003041977, 6.857311, 0, 0.0004692548238239937252601174, 33011.9, -1642.728, -6.594189, 0.004862703, 0.07868536, 261.9031, 1.197914, 0.743877, 0.7735416
 
3.619997, -0.05193422, -0.003214455, 6.848461, 0, 0.0008552168801616845765082424, 32935.67, -1642.728, -6.594189, 0.004862703, 0.07868536, 261.636, 1.197904, 0.743877, 0.7735416
 
3.629997, -0.07749478, -0.003733797, 6.839628, 0, 0.0011783289789451461957791840, 32859.66, -1642.728, -6.594189, 0.004862703, 0.07868536, 261.3694, 1.197895, 0.743877, 0.7735416
 
3.639997, -0.09008498, -0.004508745, 6.830811, 0, 0.0013883075444909073984322808, 32783.88, -1642.728, -6.594189, 0.004862703, 0.07868536, 261.1031, 1.19789, 0.743877, 0.7735416
 
3.649997, -0.08878642, -0.005409595, 6.822011, 0, 0.0014621677100587646695240007, 32708.3, -1642.728, -6.594189, 0.004862703, 0.07868536, 260.8372, 1.197888, 0.743877, 0.7735416
 
3.659997, -0.07401984, -0.006297459, 6.813228, 0, 0.0013902954248576259516125826, 32632.95, -1642.728, -6.594189, 0.004862703, 0.07868536, 260.5718, 1.19789, 0.743877, 0.7735416
 
3.669997, -0.04864126, -0.007037658, 6.80446, 0, 0.0011896758181265837600808958, 32557.8, -1642.728, -6.594189, 0.004862703, 0.07868536, 260.3068, 1.197895, 0.743877, 0.7735416
 
3.679997, -0.01689506, -0.00752407, 6.795709, 0, 0.0008952105644040989879132321, 32482.87, -1642.728, -6.594189, 0.004862703, 0.07868536, 260.0421, 1.197903, 0.743877, 0.7735416
 
3.689997, 0.01597896, -0.007693021, 6.786973, 0, 0.0005569658552446978015535780, 32408.15, -1642.728, -6.594189, 0.004862703, 0.07868536, 259.7779, 1.197912, 0.743877, 0.7735416
 
3.699997, 0.04528485, -0.007533232, 6.778254, 0, 0.0002245795597308925804500030, 32333.65, -1642.728, -6.594189, 0.004862703, 0.07868536, 259.5141, 1.19792, 0.743877, 0.7735416
 
3.709997, 0.0663856, -0.007080383, 6.769551, 0, -0.0000480306768301225872695476, 32259.35, -1642.728, -6.594189, 0.004862703, 0.07868536, 259.2506, 1.197925, 0.743877, 0.7735416
 
3.719997, 0.07668066, -0.006416527, 6.760864, 0, -0.0002242353547646706064192972, 32185.27, -1642.728, -6.594189, 0.004862703, 0.07868536, 258.9876, 1.19792, 0.743877, 0.7735416
 
3.729997, 0.0750756, -0.00564972, 6.752193, 0, -0.0002810539904669509020104407, 32111.4, -1642.728, -6.594189, 0.004862703, 0.07868536, 258.725, 1.197919, 0.743877, 0.7735416
 
3.739997, 0.06215423, -0.004898964, 6.743538, 0, -0.0002126592067503972223163885, 32037.73, -1642.728, -6.594189, 0.004862703, 0.07868536, 258.4628, 1.19792, 0.743877, 0.7735416
 
3.749997, 0.04037809, -0.004277422, 6.7349, 0, -0.0000343771003687313086855294, 31964.28, -1642.728, -6.594189, 0.004862703, 0.07868536, 258.2009, 1.197925, 0.743877, 0.7735416
 
3.759997, 0.01321175, -0.003873641, 6.726275, 0, 0.0002248971758303417896328312, 31891.02, -1642.728, -6.594189, 0.004862703, 0.07868536, 257.9395, 1.19792, 0.743877, 0.7735416
 
3.769997, -0.01500164, -0.003741524, 6.717668, 0, 0.0005229783542892770848925688, 31817.98, -1642.728, -6.594189, 0.004862703, 0.07868536, 257.6785, 1.197912, 0.743877, 0.7735416
 
3.779997, -0.0399773, -0.00389154, 6.709076, 0, 0.0008137419543230532786849137, 31745.14, -1642.728, -6.594189, 0.004862703, 0.07868536, 257.4178, 1.197905, 0.743877, 0.7735416
 
3.789997, -0.05818826, -0.004291313, 6.7005, 0, 0.0010549053931217370639205096, 31672.51, -1642.728, -6.594189, 0.004862703, 0.07868536, 257.1576, 1.197899, 0.743877, 0.7735416
 
3.799997, -0.06733749, -0.004873195, 6.691939, 0, 0.0012140657050449174012061048, 31600.08, -1642.728, -6.594189, 0.004862703, 0.07868536, 256.8977, 1.197895, 0.743877, 0.7735416
 
3.809997, -0.06630297, -0.00554657, 6.683394, 0, 0.0012694118009619310701150080, 31527.86, -1642.728, -6.594189, 0.004862703, 0.07868536, 256.6382, 1.197893, 0.743877, 0.7735416
 
3.819997, -0.05575045, -0.0062096, 6.674865, 0, 0.0012178198918885879129536130, 31455.83, -1642.728, -6.594189, 0.004862703, 0.07868536, 256.3792, 1.197894, 0.743877, 0.7735416
 
3.829997, -0.03758122, -0.006767104, 6.666351, 0, 0.0010706300489311501949552957, 31384, -1642.728, -6.594189, 0.004862703, 0.07868536, 256.1204, 1.197898, 0.743877, 0.7735416
 
3.839997, -0.01473416, -0.007142917, 6.657852, 0, 0.0008527813399652977049961873, 31312.38, -1642.728, -6.594189, 0.004862703, 0.07868536, 255.8621, 1.197904, 0.743877, 0.7735416
 
3.849997, 0.009440898, -0.007290259, 6.64937, 0, 0.0005969244099540427418262203, 31240.96, -1642.728, -6.594189, 0.004862703, 0.07868536, 255.6042, 1.197911, 0.743877, 0.7735416
 
3.859997, 0.03122986, -0.007195849, 6.640901, 0, 0.0003433573453781877088886173, 31169.73, -1642.728, -6.594189, 0.004862703, 0.07868536, 255.3466, 1.197917, 0.743877, 0.7735416
 
3.869997, 0.04758979, -0.006883551, 6.63245, 0, 0.0001287765209399611552443288, 31098.71, -1642.728, -6.594189, 0.004862703, 0.07868536, 255.0895, 1.197923, 0.743877, 0.7735416
 
3.879997, 0.05613592, -0.006407653, 6.624012, 0, -0.0000142920025471953708847349, 31027.89, -1642.728, -6.594189, 0.004862703, 0.07868536, 254.8327, 1.197926, 0.743877, 0.7735416
 
3.889997, 0.056405, -0.005846294, 6.61559, 0, -0.0000724930949541193887464517, 30957.26, -1642.728, -6.594189, 0.004862703, 0.07868536, 254.5763, 1.197924, 0.743877, 0.7735416
 
3.899997, 0.04845204, -0.005282244, 6.607185, 0, -0.0000378166522889208801735444, 30886.84, -1642.728, -6.594189, 0.004862703, 0.07868536, 254.3203, 1.197925, 0.743877, 0.7735416
 
3.909997, 0.0337235, -0.004797723, 6.598793, 0, 0.0000819028626760714468771695, 30816.6, -1642.728, -6.594189, 0.004862703, 0.07868536, 254.0647, 1.197924, 0.743877, 0.7735416
 
3.919997, 0.01454081, -0.004460488, 6.590417, 0, 0.0002673447707589133464447732, 30746.57, -1642.728, -6.594189, 0.004862703, 0.07868536, 253.8094, 1.197919, 0.743877, 0.7735416
 
3.929997, -0.006155845, -0.00431508, 6.582056, 0, 0.0004896529966888217667765831, 30676.72, -1642.728, -6.594189, 0.004862703, 0.07868536, 253.5546, 1.197913, 0.743877, 0.7735416
 
3.939997, -0.02521945, -0.004376639, 6.573709, 0, 0.0007144539691648435028527631, 30607.07, -1642.728, -6.594189, 0.004862703, 0.07868536, 253.3001, 1.197907, 0.743877, 0.7735416
 
3.949997, -0.04009859, -0.004628833, 6.565378, 0, 0.0009108185514890077803953175, 30537.61, -1642.728, -6.594189, 0.004862703, 0.07868536, 253.0459, 1.197902, 0.743877, 0.7735416
 
3.959997, -0.04885867, -0.005029819, 6.557061, 0, 0.0010521483693543720106942242, 30468.34, -1642.728, -6.594189, 0.004862703, 0.07868536, 252.7922, 1.197899, 0.743877, 0.7735416
 
3.969997, -0.05052792, -0.005518406, 6.54876, 0, 0.0011208348248821921768326770, 30399.27, -1642.728, -6.594189, 0.004862703, 0.07868536, 252.5388, 1.197897, 0.743877, 0.7735416
 
3.979997, -0.04509781, -0.006023685, 6.540473, 0, 0.0011093216844249362785894798, 30330.38, -1642.728, -6.594189, 0.004862703, 0.07868536, 252.2857, 1.197897, 0.743877, 0.7735416
 
3.989997, -0.03357411, -0.006474664, 6.532201, 0, 0.0010217590672242199738933705, 30261.69, -1642.728, -6.594189, 0.004862703, 0.07868536, 252.0331, 1.197899, 0.743877, 0.7735416
 
3.999997, -0.01776911, -0.006810405, 6.523945, 0, 0.0008727200894412250143674199, 30193.18, -1642.728, -6.594189, 0.004862703, 0.07868536, 251.7808, 1.197903, 0.743877, 0.7735416
 
4.009997, -0.0001246252, -0.006988096, 6.515702, 0, 0.0006860411061314637635178655, 30124.87, -1642.728, -6.594189, 0.004862703, 0.07868536, 251.5289, 1.197908, 0.743877, 0.7735416
 
4.019997, 0.01668711, -0.006989342, 6.507474, 0, 0.0004908757622710779573404033, 30056.73, -1642.728, -6.594189, 0.004862703, 0.07868536, 251.2774, 1.197913, 0.743877, 0.7735416
 
4.029997, 0.03032336, -0.006822471, 6.49926, 0, 0.0003154243711038978210344156, 29988.79, -1642.728, -6.594189, 0.004862703, 0.07868536, 251.0262, 1.197918, 0.743877, 0.7735416
 
4.039998, 0.03927885, -0.006519238, 6.491063, 0, 0.0001806323527163370862177668, 29921.04, -1642.728, -6.594189, 0.004862703, 0.07868536, 250.7754, 1.197921, 0.743877, 0.7735416
 
4.049998, 0.04213032, -0.006126449, 6.482879, 0, 0.0001081340850190455414009098, 29853.47, -1642.728, -6.594189, 0.004862703, 0.07868536, 250.525, 1.197923, 0.743877, 0.7735416
 
4.059998, 0.03893422, -0.005705146, 6.474709, 0, 0.0001037325478990173377166849, 29786.09, -1642.728, -6.594189, 0.004862703, 0.07868536, 250.2749, 1.197923, 0.743877, 0.7735416
 
4.069998, 0.03040235, -0.005315803, 6.466555, 0, 0.0001654697694360354933005377, 29718.89, -1642.728, -6.594189, 0.004862703, 0.07868536, 250.0252, 1.197922, 0.743877, 0.7735416
 
4.079998, 0.01788496, -0.00501178, 6.458415, 0, 0.0002830929536868041966782874, 29651.88, -1642.728, -6.594189, 0.004862703, 0.07868536, 249.7758, 1.197919, 0.743877, 0.7735416
 
4.089999, 0.00333751, -0.00483293, 6.450288, 0, 0.0004377276793406144606358490, 29585.05, -1642.728, -6.594189, 0.004862703, 0.07868536, 249.5268, 1.197915, 0.743877, 0.7735416
 
4.099999, -0.01113502, -0.004799555, 6.442176, 0, 0.0006065987288431514548100326, 29518.4, -1642.728, -6.594189, 0.004862703, 0.07868536, 249.2782, 1.19791, 0.743877, 0.7735416
 
4.109999, -0.02374694, -0.004910905, 6.434079, 0, 0.0007684274349777892406087924, 29451.94, -1642.728, -6.594189, 0.004862703, 0.07868536, 249.0299, 1.197906, 0.743877, 0.7735416
 
4.119999, -0.03268719, -0.005148375, 6.425996, 0, 0.0008996713705253333910583623, 29385.65, -1642.728, -6.594189, 0.004862703, 0.07868536, 248.782, 1.197903, 0.743877, 0.7735416
 
4.13, -0.03690146, -0.005475247, 6.417927, 0, 0.0009838315796470184412206129, 29319.55, -1642.728, -6.594189, 0.004862703, 0.07868536, 248.5344, 1.197901, 0.743877, 0.7735416
 
4.14, -0.03598211, -0.005844261, 6.409872, 0, 0.0010109796183452468892323202, 29253.62, -1642.728, -6.594189, 0.004862703, 0.07868536, 248.2872, 1.1979, 0.743877, 0.7735416
 
4.15, -0.03038874, -0.006204083, 6.401831, 0, 0.0009811298284936113173447638, 29187.88, -1642.728, -6.594189, 0.004862703, 0.07868536, 248.0403, 1.197901, 0.743877, 0.7735416
 
4.16, -0.02102019, -0.00650797, 6.393804, 0, 0.0009000666583446884951301420, 29122.31, -1642.728, -6.594189, 0.004862703, 0.07868536, 247.7938, 1.197903, 0.743877, 0.7735416
 
4.170001, -0.009184908, -0.006718172, 6.385791, 0, 0.0007794879201213180943286212, 29056.91, -1642.728, -6.594189, 0.004862703, 0.07868536, 247.5477, 1.197906, 0.743877, 0.7735416
 
4.180001, 0.003318868, -0.006810021, 6.377793, 0, 0.0006384394608098006255270403, 28991.71, -1642.728, -6.594189, 0.004862703, 0.07868536, 247.3019, 1.197909, 0.743877, 0.7735416
 
4.190001, 0.01482756, -0.006776832, 6.369808, 0, 0.0004963143941109600647779776, 28926.67, -1642.728, -6.594189, 0.004862703, 0.07868536, 247.0564, 1.197913, 0.743877, 0.7735416
 
4.200001, 0.02368345, -0.006628557, 6.361837, 0, 0.0003742723013472049513487230, 28861.81, -1642.728, -6.594189, 0.004862703, 0.07868536, 246.8113, 1.197916, 0.743877, 0.7735416
 
4.210001, 0.02901594, -0.006391722, 6.35388, 0, 0.0002857365316226054532202952, 28797.12, -1642.728, -6.594189, 0.004862703, 0.07868536, 246.5665, 1.197919, 0.743877, 0.7735416
 
4.220002, 0.03017748, -0.006101563, 6.345938, 0, 0.0002423878158274078295639211, 28732.62, -1642.728, -6.594189, 0.004862703, 0.07868536, 246.3221, 1.19792, 0.743877, 0.7735416
 
4.230002, 0.02709069, -0.005799788, 6.338008, 0, 0.0002496736487570867208796054, 28668.28, -1642.728, -6.594189, 0.004862703, 0.07868536, 246.078, 1.197919, 0.743877, 0.7735416
 
4.240002, 0.02043261, -0.005528881, 6.330092, 0, 0.0003039052682947005506051351, 28604.12, -1642.728, -6.594189, 0.004862703, 0.07868536, 245.8343, 1.197918, 0.743877, 0.7735416
 
4.250002, 0.01116293, -0.005324555, 6.32219, 0, 0.0003971891650463274199015155, 28540.12, -1642.728, -6.594189, 0.004862703, 0.07868536, 245.5909, 1.197916, 0.743877, 0.7735416
 
4.260003, 0.00075146, -0.005212926, 6.314302, 0, 0.0005143011984764706075370372, 28476.31, -1642.728, -6.594189, 0.004862703, 0.07868536, 245.3479, 1.197913, 0.743877, 0.7735416
 
4.270003, -0.009437962, -0.005205411, 6.306428, 0, 0.0006396955833340064914535450, 28412.66, -1642.728, -6.594189, 0.004862703, 0.07868536, 245.1052, 1.197909, 0.743877, 0.7735416
 
4.280003, -0.01802279, -0.005299791, 6.298568, 0, 0.0007560752143430453382793486, 28349.2, -1642.728, -6.594189, 0.004862703, 0.07868536, 244.8629, 1.197906, 0.743877, 0.7735416
 
4.290003, -0.02405548, -0.005480019, 6.290721, 0, 0.0008499851580486854889939368, 28285.89, -1642.728, -6.594189, 0.004862703, 0.07868536, 244.6208, 1.197904, 0.743877, 0.7735416
 
4.300004, -0.02687474, -0.005720574, 6.282887, 0, 0.0009104559760330139210232434, 28222.75, -1642.728, -6.594189, 0.004862703, 0.07868536, 244.3792, 1.197902, 0.743877, 0.7735416
 
4.310004, -0.02609813, -0.005989322, 6.275066, 0, 0.0009292360954962355022435224, 28159.78, -1642.728, -6.594189, 0.004862703, 0.07868536, 244.1378, 1.197902, 0.743877, 0.7735416
 
4.320004, -0.02207166, -0.006250303, 6.267259, 0, 0.0009067154864843523952034490, 28096.98, -1642.728, -6.594189, 0.004862703, 0.07868536, 243.8968, 1.197902, 0.743877, 0.7735416
 
4.330004, -0.01537671, -0.006471019, 6.259466, 0, 0.0008466003147361905814727227, 28034.35, -1642.728, -6.594189, 0.004862703, 0.07868536, 243.6561, 1.197904, 0.743877, 0.7735416
 
4.340004, -0.007171365, -0.006624786, 6.251685, 0, 0.0007604601213354936423051903, 27971.89, -1642.728, -6.594189, 0.004862703, 0.07868536, 243.4158, 1.197906, 0.743877, 0.7735416
 
4.350005, 0.001621043, -0.0066965, 6.243918, 0, 0.0006582091695509119935320695, 27909.59, -1642.728, -6.594189, 0.004862703, 0.07868536, 243.1758, 1.197909, 0.743877, 0.7735416
 
4.360005, 0.009751216, -0.006680289, 6.236165, 0, 0.0005548954688186552891725702, 27847.46, -1642.728, -6.594189, 0.004862703, 0.07868536, 242.9361, 1.197912, 0.743877, 0.7735416
 
4.370005, 0.01620802, -0.006582777, 6.228424, 0, 0.0004639700851220962157158013, 27785.49, -1642.728, -6.594189, 0.004862703, 0.07868536, 242.6967, 1.197914, 0.743877, 0.7735416
 
4.380005, 0.02021066, -0.006420697, 6.220698, 0, 0.0003971160053765405396534160, 27723.7, -1642.728, -6.594189, 0.004862703, 0.07868536, 242.4577, 1.197916, 0.743877, 0.7735416
 
4.390006, 0.02138811, -0.00621859, 6.212984, 0, 0.0003617157492999285288549838, 27662.06, -1642.728, -6.594189, 0.004862703, 0.07868536, 242.2191, 1.197917, 0.743877, 0.7735416
 
4.400006, 0.01964405, -0.006004709, 6.205283, 0, 0.0003620950837992199740180369, 27600.59, -1642.728, -6.594189, 0.004862703, 0.07868536, 241.9807, 1.197917, 0.743877, 0.7735416
 
4.410006, 0.01524904, -0.005808269, 6.197595, 0, 0.0003980337241418186960695534, 27539.27, -1642.728, -6.594189, 0.004862703, 0.07868536, 241.7427, 1.197916, 0.743877, 0.7735416
 
4.420006, 0.009036019, -0.005655778, 6.189921, 0, 0.0004618466821071585041977253, 27478.13, -1642.728, -6.594189, 0.004862703, 0.07868536, 241.505, 1.197914, 0.743877, 0.7735416
 
4.430007, 0.001962106, -0.005565418, 6.182261, 0, 0.0005433286671939157611293259, 27417.15, -1642.728, -6.594189, 0.004862703, 0.07868536, 241.2677, 1.197912, 0.743877, 0.7735416
 
4.440007, -0.005343034, -0.005545797, 6.174613, 0, 0.0006353886703507615205410862, 27356.33, -1642.728, -6.594189, 0.004862703, 0.07868536, 241.0306, 1.197909, 0.743877, 0.7735416
 
4.450007, -0.01181578, -0.005599227, 6.166977, 0, 0.0007246528138802876678356144, 27295.67, -1642.728, -6.594189, 0.004862703, 0.07868536, 240.7939, 1.197907, 0.743877, 0.7735416
 
4.460007, -0.01644285, -0.005717385, 6.159354, 0, 0.0007971841806880919043034931, 27235.17, -1642.728, -6.594189, 0.004862703, 0.07868536, 240.5575, 1.197905, 0.743877, 0.7735416
 
4.470007, -0.01897983, -0.005881814, 6.151746, 0, 0.0008478005200678468644928700, 27174.83, -1642.728, -6.594189, 0.004862703, 0.07868536, 240.3215, 1.197904, 0.743877, 0.7735416
 
4.480008, -0.01911208, -0.006071612, 6.144149, 0, 0.0008701259829120841997625677, 27114.65, -1642.728, -6.594189, 0.004862703, 0.07868536, 240.0857, 1.197903, 0.743877, 0.7735416
 
4.490008, -0.01694265, -0.006262733, 6.136566, 0, 0.0008628251635302226840861542, 27054.63, -1642.728, -6.594189, 0.004862703, 0.07868536, 239.8503, 1.197904, 0.743877, 0.7735416
 
4.500008, -0.01294814, -0.00643216, 6.128995, 0, 0.0008295196267213648317497102, 26994.77, -1642.728, -6.594189, 0.004862703, 0.07868536, 239.6152, 1.197904, 0.743877, 0.7735416
 
4.510008, -0.007436823, -0.006561641, 6.121438, 0, 0.0007721763040481035879402540, 26935.07, -1642.728, -6.594189, 0.004862703, 0.07868536, 239.3805, 1.197906, 0.743877, 0.7735416
 
4.520009, -0.001298572, -0.00663601, 6.113892, 0, 0.0007006907660000248792626170, 26875.52, -1642.728, -6.594189, 0.004862703, 0.07868536, 239.146, 1.197908, 0.743877, 0.7735416
 
4.530009, 0.004529067, -0.006648995, 6.106359, 0, 0.0006265943623795061587426776, 26816.13, -1642.728, -6.594189, 0.004862703, 0.07868536, 238.9119, 1.19791, 0.743877, 0.7735416
 
4.540009, 0.009497464, -0.006603705, 6.098839, 0, 0.0005573993343454158109603834, 26756.89, -1642.728, -6.594189, 0.004862703, 0.07868536, 238.678, 1.197912, 0.743877, 0.7735416
 
4.550009, 0.01308842, -0.00650873, 6.091332, 0, 0.0005008506159270392440451622, 26697.81, -1642.728, -6.594189, 0.004862703, 0.07868536, 238.4445, 1.197913, 0.743877, 0.7735416
 
4.560009, 0.0148381, -0.006377846, 6.083837, 0, 0.0004645769558631069078033306, 26638.88, -1642.728, -6.594189, 0.004862703, 0.07868536, 238.2113, 1.197914, 0.743877, 0.7735416
 
4.57001, 0.01463029, -0.006229465, 6.076355, 0, 0.0004521662397214613113620850, 26580.11, -1642.728, -6.594189, 0.004862703, 0.07868536, 237.9785, 1.197914, 0.743877, 0.7735416
 
4.58001, 0.01229532, -0.006083162, 6.068886, 0, 0.0004680538127691002924647754, 26521.5, -1642.728, -6.594189, 0.004862703, 0.07868536, 237.7459, 1.197914, 0.743877, 0.7735416
 
4.59001, 0.008483897, -0.005960209, 6.061429, 0, 0.0005060186859044291921438353, 26463.03, -1642.728, -6.594189, 0.004862703, 0.07868536, 237.5137, 1.197913, 0.743877, 0.7735416
 
4.60001, 0.00376116, -0.00587537, 6.053984, 0, 0.0005602319349522743594209389, 26404.72, -1642.728, -6.594189, 0.004862703, 0.07868536, 237.2817, 1.197912, 0.743877, 0.7735416
 
4.610011, -0.001394389, -0.005837759, 6.046552, 0, 0.0006253703076400747182993707, 26346.56, -1642.728, -6.594189, 0.004862703, 0.07868536, 237.0501, 1.19791, 0.743877, 0.7735416
 
4.620011, -0.006314707, -0.005851702, 6.039132, 0, 0.0006930334946587612069588994, 26288.55, -1642.728, -6.594189, 0.004862703, 0.07868536, 236.8188, 1.197908, 0.743877, 0.7735416
 
4.630011, -0.01021217, -0.005914849, 6.031723, 0, 0.0007524517158081823663437443, 26230.69, -1642.728, -6.594189, 0.004862703, 0.07868536, 236.5878, 1.197906, 0.743877, 0.7735416
 
4.640011, -0.01298662, -0.006016971, 6.024328, 0, 0.0008011431823782346477660598, 26172.98, -1642.728, -6.594189, 0.004862703, 0.07868536, 236.3571, 1.197905, 0.743877, 0.7735416
 
4.650012, -0.01401873, -0.006146837, 6.016945, 0, 0.0008295389640790193630855468, 26115.42, -1642.728, -6.594189, 0.004862703, 0.07868536, 236.1266, 1.197904, 0.743877, 0.7735416
 
4.660012, -0.01334538, -0.006287025, 6.009574, 0, 0.0008361690994396155510395250, 26058.01, -1642.728, -6.594189, 0.004862703, 0.07868536, 235.8966, 1.197904, 0.743877, 0.7735416
 
4.670012, -0.01121399, -0.006420479, 6.002217, 0, 0.0008224366749023944916066190, 26000.76, -1642.728, -6.594189, 0.004862703, 0.07868536, 235.6668, 1.197905, 0.743877, 0.7735416
 
4.680012, -0.008055981, -0.006532619, 5.99487, 0, 0.0007925105024880282747095978, 25943.65, -1642.728, -6.594189, 0.004862703, 0.07868536, 235.4373, 1.197905, 0.743877, 0.7735416
 
4.690012, -0.00412766, -0.006613179, 5.987535, 0, 0.0007486854431159820025583248, 25886.69, -1642.728, -6.594189, 0.004862703, 0.07868536, 235.2082, 1.197907, 0.743877, 0.7735416
 
4.700013, 0.0001057357, -0.006654455, 5.980214, 0, 0.0006963864313311304081091315, 25829.88, -1642.728, -6.594189, 0.004862703, 0.07868536, 234.9793, 1.197908, 0.743877, 0.7735416
 
4.710013, 0.00404461, -0.006653398, 5.972903, 0, 0.0006434040050978935917901416, 25773.2, -1642.728, -6.594189, 0.004862703, 0.07868536, 234.7507, 1.197909, 0.743877, 0.7735416
 
4.720013, 0.007131482, -0.006612952, 5.965605, 0, 0.0005976563289412041481922332, 25716.68, -1642.728, -6.594189, 0.004862703, 0.07868536, 234.5224, 1.19791, 0.743877, 0.7735416
 
4.730013, 0.009322147, -0.006541637, 5.958319, 0, 0.0005607065059380064350391171, 25660.3, -1642.728, -6.594189, 0.004862703, 0.07868536, 234.2945, 1.197911, 0.743877, 0.7735416
 
4.740014, 0.0101175, -0.006448416, 5.951045, 0, 0.0005403982517862644710082010, 25604.07, -1642.728, -6.594189, 0.004862703, 0.07868536, 234.0668, 1.197912, 0.743877, 0.7735416
 
4.750014, 0.009629845, -0.00634724, 5.943782, 0, 0.0005367803933140470444807195, 25547.98, -1642.728, -6.594189, 0.004862703, 0.07868536, 233.8394, 1.197912, 0.743877, 0.7735416
 
4.760014, 0.00785271, -0.006250942, 5.936532, 0, 0.0005514089432338338331199715, 25492.04, -1642.728, -6.594189, 0.004862703, 0.07868536, 233.6124, 1.197912, 0.743877, 0.7735416
 
4.770014, 0.005145942, -0.006172415, 5.929294, 0, 0.0005808060777717471948235728, 25436.24, -1642.728, -6.594189, 0.004862703, 0.07868536, 233.3856, 1.197911, 0.743877, 0.7735416
 
4.780015, 0.001905382, -0.006120956, 5.922068, 0, 0.0006205806052940951808157535, 25380.59, -1642.728, -6.594189, 0.004862703, 0.07868536, 233.1591, 1.19791, 0.743877, 0.7735416
 
4.790015, -0.00143649, -0.006101902, 5.914853, 0, 0.0006653705988130237668928358, 25325.08, -1642.728, -6.594189, 0.004862703, 0.07868536, 232.9329, 1.197909, 0.743877, 0.7735416
 
4.800015, -0.00475375, -0.006116266, 5.90765, 0, 0.0007135575214929819468684566, 25269.71, -1642.728, -6.594189, 0.004862703, 0.07868536, 232.7071, 1.197907, 0.743877, 0.7735416
 
4.810015, -0.007445313, -0.006163804, 5.900458, 0, 0.0007567711980739033466307616, 25214.48, -1642.728, -6.594189, 0.004862703, 0.07868536, 232.4815, 1.197906, 0.743877, 0.7735416
 
4.820015, -0.009199868, -0.006238257, 5.893279, 0, 0.0007899657062209056287155698, 25159.39, -1642.728, -6.594189, 0.004862703, 0.07868536, 232.2562, 1.197906, 0.743877, 0.7735416
 
4.830016, -0.009904788, -0.006330256, 5.886111, 0, 0.0008104971457088949326958548, 25104.45, -1642.728, -6.594189, 0.004862703, 0.07868536, 232.0312, 1.197905, 0.743877, 0.7735416
 
4.840016, -0.009544929, -0.006429304, 5.878955, 0, 0.0008169471213540231389007734, 25049.65, -1642.728, -6.594189, 0.004862703, 0.07868536, 231.8065, 1.197905, 0.743877, 0.7735416
 
4.850016, -0.008209678, -0.006524753, 5.871811, 0, 0.0008093404494319544965338377, 24994.99, -1642.728, -6.594189, 0.004862703, 0.07868536, 231.582, 1.197905, 0.743877, 0.7735416
 
4.860016, -0.005966281, -0.00660685, 5.864678, 0, 0.0007874918135985087442027442, 24940.46, -1642.728, -6.594189, 0.004862703, 0.07868536, 231.3579, 1.197906, 0.743877, 0.7735416
 
4.870017, -0.00331056, -0.006666513, 5.857558, 0, 0.0007573263413831908665677671, 24886.08, -1642.728, -6.594189, 0.004862703, 0.07868536, 231.1341, 1.197906, 0.743877, 0.7735416
 
4.880017, -0.0004149155, -0.006699618, 5.850448, 0, 0.0007207913047016466735950698, 24831.84, -1642.728, -6.594189, 0.004862703, 0.07868536, 230.9106, 1.197907, 0.743877, 0.7735416
 
4.890017, 0.00229281, -0.006703767, 5.84335, 0, 0.0006836495584237421190935301, 24777.73, -1642.728, -6.594189, 0.004862703, 0.07868536, 230.6873, 1.197908, 0.743877, 0.7735416
 
4.900017, 0.004397442, -0.006680839, 5.836264, 0, 0.0006519938205119693257585101, 24723.76, -1642.728, -6.594189, 0.004862703, 0.07868536, 230.4643, 1.197909, 0.743877, 0.7735416
 
4.910017, 0.00599513, -0.006636865, 5.829188, 0, 0.0006251511509200115157795039, 24669.93, -1642.728, -6.594189, 0.004862703, 0.07868536, 230.2417, 1.19791, 0.743877, 0.7735416
 
4.920018, 0.006686263, -0.006576914, 5.822125, 0, 0.0006093923324454099481603677, 24616.24, -1642.728, -6.594189, 0.004862703, 0.07868536, 230.0193, 1.19791, 0.743877, 0.7735416
 
4.930018, 0.006555819, -0.006510051, 5.815072, 0, 0.0006045565427303576182737627, 24562.68, -1642.728, -6.594189, 0.004862703, 0.07868536, 229.7971, 1.19791, 0.743877, 0.7735416
 
4.940018, 0.005536309, -0.006444493, 5.808031, 0, 0.0006125651094023127790080112, 24509.25, -1642.728, -6.594189, 0.004862703, 0.07868536, 229.5753, 1.19791, 0.743877, 0.7735416
 
4.950018, 0.003847428, -0.00638913, 5.801002, 0, 0.0006313088101752896392164563, 24455.97, -1642.728, -6.594189, 0.004862703, 0.07868536, 229.3538, 1.19791, 0.743877, 0.7735416
 
4.960019, 0.001651575, -0.006350656, 5.793983, 0, 0.0006592421067388721309556764, 24402.81, -1642.728, -6.594189, 0.004862703, 0.07868536, 229.1325, 1.197909, 0.743877, 0.7735416
 
4.970019, -0.0007165108, -0.00633414, 5.786976, 0, 0.0006921470379550235491437073, 24349.8, -1642.728, -6.594189, 0.004862703, 0.07868536, 228.9116, 1.197908, 0.743877, 0.7735416
 
4.980019, -0.003000146, -0.006341306, 5.77998, 0, 0.0007265314381762672236410011, 24296.91, -1642.728, -6.594189, 0.004862703, 0.07868536, 228.6908, 1.197907, 0.743877, 0.7735416
 
4.990019, -0.005063398, -0.006371307, 5.772996, 0, 0.0007603391017055141738844401, 24244.16, -1642.728, -6.594189, 0.004862703, 0.07868536, 228.4704, 1.197906, 0.743877, 0.7735416
 
5.00002, -0.006363303, -0.006421941, 5.766022, 0, 0.0007854547841144207415238340, 24191.55, -1642.728, -6.594189, 0.004862703, 0.07868536, 228.2503, 1.197906, 0.743877, 0.7735416
 
5.01002, -0.007134115, -0.006485574, 5.75906, 0, 0.0008043886355709830358645687, 24139.06, -1642.728, -6.594189, 0.004862703, 0.07868536, 228.0305, 1.197905, 0.743877, 0.7735416
 
5.02002, -0.007143093, -0.006556916, 5.752108, 0, 0.0008131368561731623823670474, 24086.71, -1642.728, -6.594189, 0.004862703, 0.07868536, 227.8109, 1.197905, 0.743877, 0.7735416
 
5.03002, -0.006447892, -0.006628347, 5.745168, 0, 0.0008116454624641825473462047, 24034.49, -1642.728, -6.594189, 0.004862703, 0.07868536, 227.5916, 1.197905, 0.743877, 0.7735416
 
5.04002, -0.005120179, -0.006692825, 5.738239, 0, 0.0008001313551390456145550103, 23982.4, -1642.728, -6.594189, 0.004862703, 0.07868536, 227.3726, 1.197905, 0.743877, 0.7735416
 
5.050021, -0.003329333, -0.006744027, 5.731321, 0, 0.0007803255499969837408696365, 23930.44, -1642.728, -6.594189, 0.004862703, 0.07868536, 227.1538, 1.197906, 0.743877, 0.7735416
 
5.060021, -0.001374723, -0.006777321, 5.724414, 0, 0.0007560702188589850006412625, 23878.62, -1642.728, -6.594189, 0.004862703, 0.07868536, 226.9353, 1.197906, 0.743877, 0.7735416
 
5.070021, 0.0004309088, -0.006791068, 5.717519, 0, 0.0007317641271571473457033040, 23826.92, -1642.728, -6.594189, 0.004862703, 0.07868536, 226.7171, 1.197907, 0.743877, 0.7735416
 
5.080021, 0.002030297, -0.006786759, 5.710633, 0, 0.0007084213581557193165872365, 23775.35, -1642.728, -6.594189, 0.004862703, 0.07868536, 226.4992, 1.197908, 0.743877, 0.7735416
 
5.090022, 0.003261528, -0.006766456, 5.70376, 0, 0.0006886714702062021914688069, 23723.92, -1642.728, -6.594189, 0.004862703, 0.07868536, 226.2816, 1.197908, 0.743877, 0.7735416
 
5.100022, 0.004046033, -0.00673384, 5.696897, 0, 0.0006741089895917327686778292, 23672.61, -1642.728, -6.594189, 0.004862703, 0.07868536, 226.0642, 1.197909, 0.743877, 0.7735416
 
5.110022, 0.004267649, -0.00669338, 5.690043, 0, 0.0006669831732966301780001733, 23621.42, -1642.728, -6.594189, 0.004862703, 0.07868536, 225.8471, 1.197909, 0.743877, 0.7735416
 
5.120022, 0.003995107, -0.006650703, 5.683202, 0, 0.0006669383750847358583696143, 23570.37, -1642.728, -6.594189, 0.004862703, 0.07868536, 225.6303, 1.197909, 0.743877, 0.7735416
 
5.130023, 0.003125966, -0.006610753, 5.676371, 0, 0.0006760880070028604002421718, 23519.44, -1642.728, -6.594189, 0.004862703, 0.07868536, 225.4137, 1.197908, 0.743877, 0.7735416
 
5.140023, 0.001849425, -0.006579493, 5.66955, 0, 0.0006923191404381345361590602, 23468.64, -1642.728, -6.594189, 0.004862703, 0.07868536, 225.1974, 1.197908, 0.743877, 0.7735416
 
5.150023, 0.0003136426, -0.006560999, 5.662741, 0, 0.0007139031767610278898908648, 23417.97, -1642.728, -6.594189, 0.004862703, 0.07868536, 224.9814, 1.197907, 0.743877, 0.7735416
 
5.160023, -0.001330475, -0.006557862, 5.655942, 0, 0.0007388915548987177901454648, 23367.43, -1642.728, -6.594189, 0.004862703, 0.07868536, 224.7656, 1.197907, 0.743877, 0.7735416
 
5.170023, -0.002809234, -0.006571167, 5.649155, 0, 0.0007633059358034150193568122, 23317.01, -1642.728, -6.594189, 0.004862703, 0.07868536, 224.5502, 1.197906, 0.743877, 0.7735416
 
5.180024, -0.004003886, -0.00659926, 5.642378, 0, 0.0007851653683282169852928015, 23266.71, -1642.728, -6.594189, 0.004862703, 0.07868536, 224.3349, 1.197906, 0.743877, 0.7735416
 
5.190024, -0.004822084, -0.006639299, 5.635611, 0, 0.0008027415761328955842878627, 23216.54, -1642.728, -6.594189, 0.004862703, 0.07868536, 224.12, 1.197905, 0.743877, 0.7735416
 
5.200024, -0.005168345, -0.006687519, 5.628854, 0, 0.0008141428822050587625042294, 23166.5, -1642.728, -6.594189, 0.004862703, 0.07868536, 223.9053, 1.197905, 0.743877, 0.7735416
 
5.210024, -0.005068955, -0.006739202, 5.62211, 0, 0.0008192042744260618244334318, 23116.58, -1642.728, -6.594189, 0.004862703, 0.07868536, 223.6909, 1.197905, 0.743877, 0.7735416
 
5.220025, -0.00458089, -0.006789892, 5.615375, 0, 0.0008182572273350116842982278, 23066.78, -1642.728, -6.594189, 0.004862703, 0.07868536, 223.4767, 1.197905, 0.743877, 0.7735416
 
5.230025, -0.003723996, -0.006835701, 5.60865, 0, 0.0008111367288132636465901475, 23017.11, -1642.728, -6.594189, 0.004862703, 0.07868536, 223.2628, 1.197905, 0.743877, 0.7735416
 
5.240025, -0.002540373, -0.006872941, 5.601935, 0, 0.0007980390530409980710791927, 22967.55, -1642.728, -6.594189, 0.004862703, 0.07868536, 223.0492, 1.197905, 0.743877, 0.7735416
 
5.250025, -0.001166915, -0.006898344, 5.595232, 0, 0.0007806608920076131818379121, 22918.13, -1642.728, -6.594189, 0.004862703, 0.07868536, 222.8358, 1.197906, 0.743877, 0.7735416
 
5.260026, 0.0001521258, -0.006910014, 5.588541, 0, 0.0007625116538378213349011245, 22868.83, -1642.728, -6.594189, 0.004862703, 0.07868536, 222.6227, 1.197906, 0.743877, 0.7735416
 
5.270026, 0.001375464, -0.006908492, 5.581858, 0, 0.0007442863553945882239469484, 22819.64, -1642.728, -6.594189, 0.004862703, 0.07868536, 222.4099, 1.197907, 0.743877, 0.7735416
 
5.280026, 0.0022586, -0.006894737, 5.575186, 0, 0.0007298585917051008097185503, 22770.58, -1642.728, -6.594189, 0.004862703, 0.07868536, 222.1973, 1.197907, 0.743877, 0.7735416
 
5.290026, 0.00271602, -0.006872152, 5.568523, 0, 0.0007209542219398709122165030, 22721.64, -1642.728, -6.594189, 0.004862703, 0.07868536, 221.985, 1.197907, 0.743877, 0.7735416
 
5.300026, 0.002780853, -0.006844991, 5.561873, 0, 0.0007175738906774934078896698, 22672.82, -1642.728, -6.594189, 0.004862703, 0.07868536, 221.7729, 1.197907, 0.743877, 0.7735416
 
5.310027, 0.002481666, -0.006817183, 5.555232, 0, 0.0007197490211241526801117986, 22624.12, -1642.728, -6.594189, 0.004862703, 0.07868536, 221.5611, 1.197907, 0.743877, 0.7735416
 
5.320027, 0.001857621, -0.006792367, 5.548601, 0, 0.0007273136342933294446123064, 22575.54, -1642.728, -6.594189, 0.004862703, 0.07868536, 221.3496, 1.197907, 0.743877, 0.7735416
 
5.330027, 0.0009830532, -0.00677379, 5.541981, 0, 0.0007395066440167293617395033, 22527.08, -1642.728, -6.594189, 0.004862703, 0.07868536, 221.1383, 1.197907, 0.743877, 0.7735416
 
5.340027, -2.636627E-05, -0.00676396, 5.53537, 0, 0.0007548324668245510200561261, 22478.74, -1642.728, -6.594189, 0.004862703, 0.07868536, 220.9272, 1.197906, 0.743877, 0.7735416
 
5.350028, -0.001181446, -0.006764223, 5.52877, 0, 0.0007736266058720693567497240, 22430.51, -1642.728, -6.594189, 0.004862703, 0.07868536, 220.7165, 1.197906, 0.743877, 0.7735416
 
5.360028, -0.002201803, -0.006776038, 5.52218, 0, 0.0007916804464107799113515261, 22382.41, -1642.728, -6.594189, 0.004862703, 0.07868536, 220.506, 1.197905, 0.743877, 0.7735416
 
5.370028, -0.003099617, -0.006798055, 5.5156, 0, 0.0008090250893575664061179065, 22334.42, -1642.728, -6.594189, 0.004862703, 0.07868536, 220.2957, 1.197905, 0.743877, 0.7735416
 
5.380028, -0.003639785, -0.006829052, 5.50903, 0, 0.0008218182017467952704784126, 22286.55, -1642.728, -6.594189, 0.004862703, 0.07868536, 220.0857, 1.197905, 0.743877, 0.7735416
 
5.390028, -0.003946408, -0.00686545, 5.50247, 0, 0.0008315808279025189842903272, 22238.8, -1642.728, -6.594189, 0.004862703, 0.07868536, 219.8759, 1.197904, 0.743877, 0.7735416
 
5.400029, -0.003838722, -0.006904914, 5.495922, 0, 0.0008351749981116099725068649, 22191.17, -1642.728, -6.594189, 0.004862703, 0.07868536, 219.6664, 1.197904, 0.743877, 0.7735416
 
5.410029, -0.003438154, -0.006943301, 5.489382, 0, 0.0008340157235203142022464614, 22143.65, -1642.728, -6.594189, 0.004862703, 0.07868536, 219.4572, 1.197904, 0.743877, 0.7735416
 
5.420029, -0.002822547, -0.006977682, 5.482853, 0, 0.0008289781807070830748474764, 22096.25, -1642.728, -6.594189, 0.004862703, 0.07868536, 219.2482, 1.197904, 0.743877, 0.7735416
 
5.430029, -0.001987427, -0.007005908, 5.476334, 0, 0.0008197260607933948346683397, 22048.96, -1642.728, -6.594189, 0.004862703, 0.07868536, 219.0394, 1.197905, 0.743877, 0.7735416
 
5.44003, -0.001081151, -0.007025782, 5.469826, 0, 0.0008083500544308291714203639, 22001.8, -1642.728, -6.594189, 0.004862703, 0.07868536, 218.8309, 1.197905, 0.743877, 0.7735416
 
5.45003, -0.0002404116, -0.007036594, 5.463325, 0, 0.0007969416579941964788041720, 21954.73, -1642.728, -6.594189, 0.004862703, 0.07868536, 218.6227, 1.197905, 0.743877, 0.7735416
 
5.46003, 0.0004320194, -0.007038998, 5.456837, 0, 0.0007872220574592505117460955, 21907.8, -1642.728, -6.594189, 0.004862703, 0.07868536, 218.4147, 1.197906, 0.743877, 0.7735416
 
5.47003, 0.0009448142, -0.007034678, 5.450356, 0, 0.0007792563552634227672069983, 21860.97, -1642.728, -6.594189, 0.004862703, 0.07868536, 218.2069, 1.197906, 0.743877, 0.7735416
 
5.480031, 0.001335213, -0.00702523, 5.443887, 0, 0.0007726416897889473037180415, 21814.25, -1642.728, -6.594189, 0.004862703, 0.07868536, 217.9994, 1.197906, 0.743877, 0.7735416
 
5.490031, 0.001469987, -0.007011878, 5.437428, 0, 0.0007696713105088133124922278, 21767.65, -1642.728, -6.594189, 0.004862703, 0.07868536, 217.7921, 1.197906, 0.743877, 0.7735416
 
5.500031, 0.001379131, -0.006997178, 5.430977, 0, 0.0007701761766882016292704120, 21721.17, -1642.728, -6.594189, 0.004862703, 0.07868536, 217.5851, 1.197906, 0.743877, 0.7735416
 
5.510031, 0.0009610033, -0.006983386, 5.424537, 0, 0.0007760780993885198871705056, 21674.79, -1642.728, -6.594189, 0.004862703, 0.07868536, 217.3784, 1.197906, 0.743877, 0.7735416
 
5.520031, 0.0003591945, -0.006973777, 5.418105, 0, 0.0007854565567055389258470258, 21628.52, -1642.728, -6.594189, 0.004862703, 0.07868536, 217.1718, 1.197906, 0.743877, 0.7735416
 
5.530032, -0.0002728667, -0.006970184, 5.411686, 0, 0.0007960498835171026565729332, 21582.38, -1642.728, -6.594189, 0.004862703, 0.07868536, 216.9655, 1.197905, 0.743877, 0.7735416
 
5.540032, -0.0009432458, -0.006972913, 5.405275, 0, 0.0008080287320044980973718783, 21536.34, -1642.728, -6.594189, 0.004862703, 0.07868536, 216.7595, 1.197905, 0.743877, 0.7735416
 
5.550032, -0.001625854, -0.006982346, 5.398873, 0, 0.0008210176351399643870586811, 21490.41, -1642.728, -6.594189, 0.004862703, 0.07868536, 216.5537, 1.197905, 0.743877, 0.7735416
 
5.560032, -0.002237506, -0.006998604, 5.392481, 0, 0.0008336749025916814891963945, 21444.59, -1642.728, -6.594189, 0.004862703, 0.07868536, 216.3482, 1.197904, 0.743877, 0.7735416
 
5.570033, -0.002630712, -0.007020979, 5.386099, 0, 0.0008434992471472490504350052, 21398.89, -1642.728, -6.594189, 0.004862703, 0.07868536, 216.1429, 1.197904, 0.743877, 0.7735416
 
5.580033, -0.002844782, -0.007047286, 5.379728, 0, 0.0008508662969790685938395534, 21353.3, -1642.728, -6.594189, 0.004862703, 0.07868536, 215.9378, 1.197904, 0.743877, 0.7735416
 
5.590033, -0.002905748, -0.007075734, 5.373364, 0, 0.0008559815115122088390204320, 21307.81, -1642.728, -6.594189, 0.004862703, 0.07868536, 215.733, 1.197904, 0.743877, 0.7735416
 
5.600033, -0.00269616, -0.007104791, 5.367011, 0, 0.0008567192317066677327997256, 21262.43, -1642.728, -6.594189, 0.004862703, 0.07868536, 215.5284, 1.197904, 0.743877, 0.7735416
 
5.610034, -0.002375692, -0.007131753, 5.360668, 0, 0.0008553783470980848461379732, 21217.17, -1642.728, -6.594189, 0.004862703, 0.07868536, 215.3241, 1.197904, 0.743877, 0.7735416
 
5.620034, -0.001917531, -0.00715551, 5.354333, 0, 0.0008513753529192817099271001, 21172.01, -1642.728, -6.594189, 0.004862703, 0.07868536, 215.12, 1.197904, 0.743877, 0.7735416
 
5.630034, -0.001357005, -0.007174686, 5.348009, 0, 0.0008451231017561529981444726, 21126.96, -1642.728, -6.594189, 0.004862703, 0.07868536, 214.9161, 1.197904, 0.743877, 0.7735416
 
5.640034, -0.0008279408, -0.007188255, 5.341694, 0, 0.0008387156682978579928032159, 21082.02, -1642.728, -6.594189, 0.004862703, 0.07868536, 214.7124, 1.197904, 0.743877, 0.7735416
 
5.650034, -0.0003343796, -0.007196535, 5.335389, 0, 0.0008322576354203711804181196, 21037.19, -1642.728, -6.594189, 0.004862703, 0.07868536, 214.509, 1.197904, 0.743877, 0.7735416
 
5.660035, 0.000142732, -0.007199879, 5.329092, 0, 0.0008254744126450210985601935, 20992.46, -1642.728, -6.594189, 0.004862703, 0.07868536, 214.3059, 1.197905, 0.743877, 0.7735416
 
5.670035, 0.0004792615, -0.007198452, 5.322805, 0, 0.0008204608803842074019106995, 20947.84, -1642.728, -6.594189, 0.004862703, 0.07868536, 214.103, 1.197905, 0.743877, 0.7735416
 
5.680035, 0.0006876821, -0.007193659, 5.316528, 0, 0.0008171830371173887615510324, 20903.33, -1642.728, -6.594189, 0.004862703, 0.07868536, 213.9003, 1.197905, 0.743877, 0.7735416
 
5.690035, 0.0006940631, -0.007186782, 5.31026, 0, 0.0008170434858529951344625825, 20858.92, -1642.728, -6.594189, 0.004862703, 0.07868536, 213.6978, 1.197905, 0.743877, 0.7735416
 
5.700036, 0.0006070432, -0.007179841, 5.304002, 0, 0.0008184671988101913613171170, 20814.63, -1642.728, -6.594189, 0.004862703, 0.07868536, 213.4956, 1.197905, 0.743877, 0.7735416
 
5.710036, 0.0003052418, -0.007173771, 5.297752, 0, 0.0008236204434800474041672767, 20770.43, -1642.728, -6.594189, 0.004862703, 0.07868536, 213.2936, 1.197905, 0.743877, 0.7735416
 
5.720036, -7.967844E-05, -0.007170719, 5.291512, 0, 0.0008305482130038530621982098, 20726.34, -1642.728, -6.594189, 0.004862703, 0.07868536, 213.0919, 1.197904, 0.743877, 0.7735416
 
5.730036, -0.0004880574, -0.007171515, 5.285281, 0, 0.0008383468082006301573600402, 20682.36, -1642.728, -6.594189, 0.004862703, 0.07868536, 212.8903, 1.197904, 0.743877, 0.7735416
 
5.740036, -0.0009713689, -0.007176396, 5.279058, 0, 0.0008479208951192346793576992, 20638.47, -1642.728, -6.594189, 0.004862703, 0.07868536, 212.689, 1.197904, 0.743877, 0.7735416
 
5.750037, -0.00150142, -0.00718611, 5.272847, 0, 0.0008588869494995600523975975, 20594.7, -1642.728, -6.594189, 0.004862703, 0.07868536, 212.488, 1.197904, 0.743877, 0.7735416
 
5.760037, -0.001941496, -0.007201124, 5.266644, 0, 0.0008689757324210296816768102, 20551.03, -1642.728, -6.594189, 0.004862703, 0.07868536, 212.2872, 1.197904, 0.743877, 0.7735416
 
5.770037, -0.002220584, -0.007220539, 5.260449, 0, 0.0008768610234379474781163537, 20507.46, -1642.728, -6.594189, 0.004862703, 0.07868536, 212.0865, 1.197903, 0.743877, 0.7735416
 
5.780037, -0.002358712, -0.007242745, 5.254264, 0, 0.0008826825349593606222563070, 20464, -1642.728, -6.594189, 0.004862703, 0.07868536, 211.8862, 1.197903, 0.743877, 0.7735416
 
5.790038, -0.002323445, -0.007266332, 5.24809, 0, 0.0008857052862498046048491521, 20420.64, -1642.728, -6.594189, 0.004862703, 0.07868536, 211.6861, 1.197903, 0.743877, 0.7735416
 
5.800038, -0.00214791, -0.007289567, 5.241922, 0, 0.0008862786389042152910153101, 20377.38, -1642.728, -6.594189, 0.004862703, 0.07868536, 211.4861, 1.197903, 0.743877, 0.7735416
 
5.810038, -0.001978589, -0.007311046, 5.235765, 0, 0.0008867472475380043830009340, 20334.23, -1642.728, -6.594189, 0.004862703, 0.07868536, 211.2864, 1.197903, 0.743877, 0.7735416
 
5.820038, -0.001691601, -0.007330832, 5.229617, 0, 0.0008849796519038803974471830, 20291.18, -1642.728, -6.594189, 0.004862703, 0.07868536, 211.087, 1.197903, 0.743877, 0.7735416
 
5.830039, -0.001328316, -0.007347748, 5.223476, 0, 0.0008815403417006614874577851, 20248.22, -1642.728, -6.594189, 0.004862703, 0.07868536, 210.8877, 1.197903, 0.743877, 0.7735416
 
5.840039, -0.0009727944, -0.007361031, 5.217346, 0, 0.0008777885720267024250358608, 20205.37, -1642.728, -6.594189, 0.004862703, 0.07868536, 210.6887, 1.197903, 0.743877, 0.7735416
 
5.850039, -0.0006021899, -0.007370759, 5.211223, 0, 0.0008733359842824705128437109, 20162.62, -1642.728, -6.594189, 0.004862703, 0.07868536, 210.4899, 1.197903, 0.743877, 0.7735416
 
5.860039, -0.0002400263, -0.007376781, 5.205112, 0, 0.0008685715816460836559890714, 20119.97, -1642.728, -6.594189, 0.004862703, 0.07868536, 210.2913, 1.197904, 0.743877, 0.7735416
 
5.870039, -5.952314E-06, -0.007379181, 5.199007, 0, 0.0008655931451335942814760222, 20077.42, -1642.728, -6.594189, 0.004862703, 0.07868536, 210.093, 1.197904, 0.743877, 0.7735416
 
5.88004, 0.0001193519, -0.007379241, 5.192913, 0, 0.0008642258328028841261856659, 20034.98, -1642.728, -6.594189, 0.004862703, 0.07868536, 209.8949, 1.197904, 0.743877, 0.7735416
 
5.89004, 0.0001438008, -0.007378047, 5.186827, 0, 0.0008644701280878993474546500, 19992.63, -1642.728, -6.594189, 0.004862703, 0.07868536, 209.697, 1.197904, 0.743877, 0.7735416
 
5.90004, 7.472491E-05, -0.007376609, 5.180751, 0, 0.0008663269978565209798309716, 19950.39, -1642.728, -6.594189, 0.004862703, 0.07868536, 209.4993, 1.197904, 0.743877, 0.7735416
 
5.91004, -7.103964E-05, -0.007375862, 5.174682, 0, 0.0008696203110094603446556601, 19908.24, -1642.728, -6.594189, 0.004862703, 0.07868536, 209.3019, 1.197903, 0.743877, 0.7735416
 
5.920041, -0.0002878742, -0.007376573, 5.168622, 0, 0.0008743500675467190533751864, 19866.19, -1642.728, -6.594189, 0.004862703, 0.07868536, 209.1047, 1.197903, 0.743877, 0.7735416
 
5.930041, -0.0005928057, -0.007379451, 5.162572, 0, 0.0008809096215518820837329805, 19824.24, -1642.728, -6.594189, 0.004862703, 0.07868536, 208.9077, 1.197903, 0.743877, 0.7735416
 
5.940041, -0.0009694173, -0.007385379, 5.156529, 0, 0.0008891231642149598067409744, 19782.38, -1642.728, -6.594189, 0.004862703, 0.07868536, 208.7109, 1.197903, 0.743877, 0.7735416
 
5.950041, -0.001302093, -0.007395073, 5.150497, 0, 0.0008970321434950040414914617, 19740.63, -1642.728, -6.594189, 0.004862703, 0.07868536, 208.5143, 1.197903, 0.743877, 0.7735416
 
5.960042, -0.00156183, -0.007408094, 5.144473, 0, 0.0009040648181840767899222027, 19698.97, -1642.728, -6.594189, 0.004862703, 0.07868536, 208.3179, 1.197903, 0.743877, 0.7735416
 
5.970042, -0.001800294, -0.007423712, 5.138459, 0, 0.0009110493106236627348488036, 19657.42, -1642.728, -6.594189, 0.004862703, 0.07868536, 208.1218, 1.197902, 0.743877, 0.7735416
 
5.980042, -0.00187505, -0.007441715, 5.132451, 0, 0.0009154143968245167959880456, 19615.95, -1642.728, -6.594189, 0.004862703, 0.07868536, 207.9259, 1.197902, 0.743877, 0.7735416
 
5.990042, -0.001917384, -0.007460466, 5.126453, 0, 0.0009192978216751628213234000, 19574.59, -1642.728, -6.594189, 0.004862703, 0.07868536, 207.7302, 1.197902, 0.743877, 0.7735416
 
6.000042, -0.001844614, -0.00747964, 5.120464, 0, 0.0009211753179586142349150448, 19533.33, -1642.728, -6.594189, 0.004862703, 0.07868536, 207.5348, 1.197902, 0.743877, 0.7735416
 
6.010043, -0.001747762, -0.007498086, 5.114484, 0, 0.0009225329616104979302607184, 19492.16, -1642.728, -6.594189, 0.004862703, 0.07868536, 207.3395, 1.197902, 0.743877, 0.7735416
 
6.020043, -0.001570445, -0.007515564, 5.108512, 0, 0.0009223234735692579647925922, 19451.08, -1642.728, -6.594189, 0.004862703, 0.07868536, 207.1445, 1.197902, 0.743877, 0.7735416
 
6.030043, -0.001356796, -0.007531268, 5.102549, 0, 0.0009212381643709894474484249, 19410.1, -1642.728, -6.594189, 0.004862703, 0.07868536, 206.9497, 1.197902, 0.743877, 0.7735416
 
6.040043, -0.001153434, -0.007544836, 5.096595, 0, 0.0009200722828491622628924881, 19369.23, -1642.728, -6.594189, 0.004862703, 0.07868536, 206.7551, 1.197902, 0.743877, 0.7735416
 
6.050044, -0.0009377519, -0.00755637, 5.090648, 0, 0.0009184286074486656837428921, 19328.44, -1642.728, -6.594189, 0.004862703, 0.07868536, 206.5607, 1.197902, 0.743877, 0.7735416
 
6.060044, -0.0007227635, -0.007565748, 5.08471, 0, 0.0009165269394681481202895404, 19287.74, -1642.728, -6.594189, 0.004862703, 0.07868536, 206.3665, 1.197902, 0.743877, 0.7735416
 
6.070044, -0.000528266, -0.007572975, 5.078782, 0, 0.0009147275983385439245840812, 19247.15, -1642.728, -6.594189, 0.004862703, 0.07868536, 206.1726, 1.197902, 0.743877, 0.7735416
 
6.080044, -0.0004362889, -0.007578258, 5.07286, 0, 0.0009145532398303734302483023, 19206.64, -1642.728, -6.594189, 0.004862703, 0.07868536, 205.9788, 1.197902, 0.743877, 0.7735416
 
6.090044, -0.000336707, -0.007582621, 5.066948, 0, 0.0009141247562137157584795829, 19166.23, -1642.728, -6.594189, 0.004862703, 0.07868536, 205.7853, 1.197902, 0.743877, 0.7735416
 
6.100045, -0.0003229292, -0.007585988, 5.061046, 0, 0.0009151427069494932715424604, 19125.92, -1642.728, -6.594189, 0.004862703, 0.07868536, 205.592, 1.197902, 0.743877, 0.7735416
 
6.110045, -0.0004008874, -0.007589217, 5.055151, 0, 0.0009178286659274838441753277, 19085.7, -1642.728, -6.594189, 0.004862703, 0.07868536, 205.3989, 1.197902, 0.743877, 0.7735416
 
6.120045, -0.0004596545, -0.007593226, 5.049263, 0, 0.0009202627558220451352492093, 19045.57, -1642.728, -6.594189, 0.004862703, 0.07868536, 205.206, 1.197902, 0.743877, 0.7735416
 
6.130045, -0.0006048668, -0.007597823, 5.043386, 0, 0.0009243669488392318855477619, 19005.54, -1642.728, -6.594189, 0.004862703, 0.07868536, 205.0133, 1.197902, 0.743877, 0.7735416
 
6.140046, -0.0007143303, -0.007603871, 5.037516, 0, 0.0009279989880403899523213649, 18965.59, -1642.728, -6.594189, 0.004862703, 0.07868536, 204.8208, 1.197902, 0.743877, 0.7735416
 
6.150046, -0.0009063965, -0.007611014, 5.031655, 0, 0.0009333022583767016205333807, 18925.75, -1642.728, -6.594189, 0.004862703, 0.07868536, 204.6285, 1.197902, 0.743877, 0.7735416
 
6.160046, -0.001083653, -0.007620079, 5.025801, 0, 0.0009385800678587735004506741, 18885.98, -1642.728, -6.594189, 0.004862703, 0.07868536, 204.4365, 1.197902, 0.743877, 0.7735416
 
6.170046, -0.001211222, -0.007630915, 5.019956, 0, 0.0009431643107796923755562540, 18846.32, -1642.728, -6.594189, 0.004862703, 0.07868536, 204.2446, 1.197901, 0.743877, 0.7735416
 
6.180047, -0.001309087, -0.007643027, 5.01412, 0, 0.0009473622899814925644252871, 18806.75, -1642.728, -6.594189, 0.004862703, 0.07868536, 204.053, 1.197901, 0.743877, 0.7735416
 
6.190047, -0.001396534, -0.007656118, 5.008291, 0, 0.0009514954890351570831114169, 18767.26, -1642.728, -6.594189, 0.004862703, 0.07868536, 203.8616, 1.197901, 0.743877, 0.7735416
 
6.200047, -0.001464664, -0.007670083, 5.002471, 0, 0.0009553835870805724536463101, 18727.87, -1642.728, -6.594189, 0.004862703, 0.07868536, 203.6703, 1.197901, 0.743877, 0.7735416
 
6.210047, -0.001481696, -0.00768473, 5, 0, 0.0009590277121302652067972376, 18688.57, -1642.728, -6.594189, 0.004862703, 0.07868536, 203.4793, 1.197901, 0.743877, 0.7735416
 
6.220047, -0.001459605, -0.007699546, 5, 0, 0.0009624288310521196000051387, 18649.36, -1642.728, -6.594189, 0.004862703, 0.07868536, 203.2885, 1.197901, 0.743877, 0.7735416
 
6.230048, -0.00142787, -0.007714143, 5, 0, 0.0009656307751901489183525751, 18610.23, -1642.728, -6.594189, 0.004862703, 0.07868536, 203.0979, 1.197901, 0.743877, 0.7735416
 
6.240048, -0.001259206, -0.007728421, 5, 0, 0.0009662195977306803289837545, 18571.2, -1642.728, -6.594189, 0.004862703, 0.07868536, 202.9075, 1.197901, 0.743877, 0.7735416
 
6.250048, -0.00110076, -0.007741013, 5, 0, 0.0009667931115297365113691861, 18532.26, -1642.728, -6.594189, 0.004862703, 0.07868536, 202.7173, 1.197901, 0.743877, 0.7735416
 
6.260048, -0.0009400249, -0.007752021, 5, 0, 0.0009671268420938980985729567, 18493.41, -1642.728, -6.594189, 0.004862703, 0.07868536, 202.5273, 1.197901, 0.743877, 0.7735416
 
6.270049, -0.0007772718, -0.007761421, 5, 0, 0.0009672217562910445136965923, 18454.65, -1642.728, -6.594189, 0.004862703, 0.07868536, 202.3375, 1.197901, 0.743877, 0.7735416
 
6.280049, -0.0007018043, -0.007769194, 5, 0, 0.0009687730958087484003744680, 18415.98, -1642.728, -6.594189, 0.004862703, 0.07868536, 202.1479, 1.197901, 0.743877, 0.7735416
 
6.290049, -0.0006424846, -0.007776212, 5, 0, 0.0009705410137321666012597084, 18377.4, -1642.728, -6.594189, 0.004862703, 0.07868536, 201.9586, 1.197901, 0.743877, 0.7735416
 
6.300049, -0.0005626226, -0.007782637, 5, 0, 0.0009718459630844444784603898, 18338.9, -1642.728, -6.594189, 0.004862703, 0.07868536, 201.7694, 1.197901, 0.743877, 0.7735416
 
6.31005, -0.0005997308, -0.007788263, 5, 0, 0.0009752925247967832334082998, 18300.49, -1642.728, -6.594189, 0.004862703, 0.07868536, 201.5804, 1.197901, 0.743877, 0.7735416
 
6.32005, -0.0006003065, -0.00779426, 5, 0, 0.0009780941856313954985993995, 18262.17, -1642.728, -6.594189, 0.004862703, 0.07868536, 201.3916, 1.197901, 0.743877, 0.7735416
 
6.33005, -0.0006905798, -0.007800263, 5, 0, 0.0009826283125670655011048449, 18223.93, -1642.728, -6.594189, 0.004862703, 0.07868536, 201.203, 1.197901, 0.743877, 0.7735416
 
6.34005, -0.000755024, -0.007807169, 5, 0, 0.0009867911622357962188415307, 18185.78, -1642.728, -6.594189, 0.004862703, 0.07868536, 201.0147, 1.1979, 0.743877, 0.7735416
 
6.35005, -0.0009021495, -0.007814719, 5, 0, 0.0009926440969633953578017029, 18147.72, -1642.728, -6.594189, 0.004862703, 0.07868536, 200.8265, 1.1979, 0.743877, 0.7735416
 
6.360051, -0.001029173, -0.007823741, 5, 0, 0.0009983117153468206811554558, 18109.74, -1642.728, -6.594189, 0.004862703, 0.07868536, 200.6385, 1.1979, 0.743877, 0.7735416
 
6.370051, -0.001123353, -0.007834033, 5, 0, 0.0010035205549199288686875412, 18071.86, -1642.728, -6.594189, 0.004862703, 0.07868536, 200.4507, 1.1979, 0.743877, 0.7735416
 
6.380051, -0.001203441, -0.007845267, 5, 0, 0.0010085912935304641752299369, 18034.05, -1642.728, -6.594189, 0.004862703, 0.07868536, 200.2631, 1.1979, 0.743877, 0.7735416
 
6.390051, -0.001277669, -0.007857301, 5, 0, 0.0010136650938892977503144244, 17996.33, -1642.728, -6.594189, 0.004862703, 0.07868536, 200.0757, 1.1979, 0.743877, 0.7735416
 
6.400052, -0.001327519, -0.007870078, 5, 0, 0.0010183737404777821319284512, 17958.69, -1642.728, -6.594189, 0.004862703, 0.07868536, 199.8884, 1.1979, 0.743877, 0.7735416
 
6.410052, -0.001373705, -0.007883353, 5, 0, 0.0010230885105628582162872483, 17921.14, -1642.728, -6.594189, 0.004862703, 0.07868536, 199.7014, 1.197899, 0.743877, 0.7735416
 
6.420052, -0.001385805, -0.00789709, 5, 0, 0.0010272086569001070140480563, 17883.68, -1642.728, -6.594189, 0.004862703, 0.07868536, 199.5145, 1.197899, 0.743877, 0.7735416
 
6.430052, -0.001385094, -0.007910948, 5, 0, 0.0010311054567564629756402218, 17846.29, -1642.728, -6.594189, 0.004862703, 0.07868536, 199.3279, 1.197899, 0.743877, 0.7735416
 
6.440053, -0.001386708, -0.007924799, 5, 0, 0.0010350580126607198010265289, 17809, -1642.728, -6.594189, 0.004862703, 0.07868536, 199.1414, 1.197899, 0.743877, 0.7735416
 
6.450053, -0.001366975, -0.007938666, 5, 0, 0.0010386036783310313818539082, 17771.78, -1642.728, -6.594189, 0.004862703, 0.07868536, 198.9552, 1.197899, 0.743877, 0.7735416
 
6.460053, -0.001232564, -0.007952336, 5, 0, 0.0010398685026661794502841562, 17734.65, -1642.728, -6.594189, 0.004862703, 0.07868536, 198.7691, 1.197899, 0.743877, 0.7735416
 
6.470053, -0.001107523, -0.007964662, 5, 0, 0.0010411470242963332817491759, 17697.61, -1642.728, -6.594189, 0.004862703, 0.07868536, 198.5832, 1.197899, 0.743877, 0.7735416
 
6.480053, -0.0009818933, -0.007975738, 5, 0, 0.0010422542491666084416346241, 17660.64, -1642.728, -6.594189, 0.004862703, 0.07868536, 198.3975, 1.197899, 0.743877, 0.7735416
 
6.490054, -0.0009524623, -0.007985556, 5, 0, 0.0010451123106277100012828443, 17623.76, -1642.728, -6.594189, 0.004862703, 0.07868536, 198.212, 1.197899, 0.743877, 0.7735416
 
6.500054, -0.0009161572, -0.007995081, 5, 0, 0.0010478019759325840502278399, 17586.96, -1642.728, -6.594189, 0.004862703, 0.07868536, 198.0267, 1.197899, 0.743877, 0.7735416
 
6.510054, -0.0008617168, -0.008004243, 5, 0, 0.0010500895853429244731397779, 17550.25, -1642.728, -6.594189, 0.004862703, 0.07868536, 197.8416, 1.197899, 0.743877, 0.7735416
 
6.520054, -0.0008022389, -0.00801286, 5, 0, 0.0010522104100435068505594674, 17513.62, -1642.728, -6.594189, 0.004862703, 0.07868536, 197.6567, 1.197899, 0.743877, 0.7735416
 
6.530055, -0.0007498418, -0.008020882, 5, 0, 0.0010544008492316429624738149, 17477.06, -1642.728, -6.594189, 0.004862703, 0.07868536, 197.4719, 1.197899, 0.743877, 0.7735416
 
6.540055, -0.0007998474, -0.008028381, 5, 0, 0.0010585841642705579652065502, 17440.59, -1642.728, -6.594189, 0.004862703, 0.07868536, 197.2873, 1.197899, 0.743877, 0.7735416
 
6.550055, -0.0008145208, -0.008036379, 5, 0, 0.0010621338585570440147846051, 17404.2, -1642.728, -6.594189, 0.004862703, 0.07868536, 197.103, 1.197899, 0.743877, 0.7735416
 
6.560055, -0.0009266592, -0.008044524, 5, 0, 0.0010676788458640220159531029, 17367.9, -1642.728, -6.594189, 0.004862703, 0.07868536, 196.9188, 1.197898, 0.743877, 0.7735416
 
6.570055, -0.001013428, -0.008053791, 5, 0, 0.0010728760830225384515515690, 17331.67, -1642.728, -6.594189, 0.004862703, 0.07868536, 196.7348, 1.197898, 0.743877, 0.7735416
 
6.580056, -0.001095205, -0.008063925, 5, 0, 0.0010781020039282384402061228, 17295.52, -1642.728, -6.594189, 0.004862703, 0.07868536, 196.5509, 1.197898, 0.743877, 0.7735416
 
6.590056, -0.001156224, -0.008074878, 5, 0, 0.0010830312575386132162246611, 17259.45, -1642.728, -6.594189, 0.004862703, 0.07868536, 196.3673, 1.197898, 0.743877, 0.7735416
 
6.600056, -0.001216522, -0.00808644, 5, 0, 0.0010880415669064863710057318, 17223.46, -1642.728, -6.594189, 0.004862703, 0.07868536, 196.1838, 1.197898, 0.743877, 0.7735416
 
6.610056, -0.001241231, -0.008098605, 5, 0, 0.0010924214784148727259470164, 17187.56, -1642.728, -6.594189, 0.004862703, 0.07868536, 196.0006, 1.197898, 0.743877, 0.7735416
 
6.620057, -0.00126779, -0.008111018, 5, 0, 0.0010968850239951079594098067, 17151.73, -1642.728, -6.594189, 0.004862703, 0.07868536, 195.8175, 1.197898, 0.743877, 0.7735416
 
6.630057, -0.001284528, -0.008123696, 5, 0, 0.0011011959655945322334123543, 17115.99, -1642.728, -6.594189, 0.004862703, 0.07868536, 195.6346, 1.197897, 0.743877, 0.7735416
 
6.640057, -0.001282915, -0.008136542, 5, 0, 0.0011051657639760279675868745, 17080.33, -1642.728, -6.594189, 0.004862703, 0.07868536, 195.4519, 1.197897, 0.743877, 0.7735416
 
6.650057, -0.001266713, -0.008149371, 5, 0, 0.0011088456631373802339795992, 17044.73, -1642.728, -6.594189, 0.004862703, 0.07868536, 195.2693, 1.197897, 0.743877, 0.7735416
 
6.660058, -0.001264668, -0.008162037, 5, 0, 0.0011128051482614626889929290, 17009.22, -1642.728, -6.594189, 0.004862703, 0.07868536, 195.087, 1.197897, 0.743877, 0.7735416
 
6.670058, -0.001245851, -0.008174684, 5, 0, 0.0011164273576391487996025756, 16973.79, -1642.728, -6.594189, 0.004862703, 0.07868536, 194.9048, 1.197897, 0.743877, 0.7735416
 
6.680058, -0.00122072, -0.008187142, 5, 0, 0.0011199030865326140420502785, 16938.44, -1642.728, -6.594189, 0.004862703, 0.07868536, 194.7228, 1.197897, 0.743877, 0.7735416
 
6.690058, -0.001178105, -0.008199349, 5, 0, 0.0011229925517069622097079057, 16903.17, -1642.728, -6.594189, 0.004862703, 0.07868536, 194.541, 1.197897, 0.743877, 0.7735416
 
6.700058, -0.0011541, -0.00821113, 5, 0, 0.0011264192926277051103227450, 16867.97, -1642.728, -6.594189, 0.004862703, 0.07868536, 194.3594, 1.197897, 0.743877, 0.7735416
 
6.710059, -0.001115225, -0.008222671, 5, 0, 0.0011295131087075267964019505, 16832.85, -1642.728, -6.594189, 0.004862703, 0.07868536, 194.1779, 1.197897, 0.743877, 0.7735416
 
6.720059, -0.001062567, -0.008233824, 5, 0, 0.0011322748056696579719348326, 16797.81, -1642.728, -6.594189, 0.004862703, 0.07868536, 193.9967, 1.197897, 0.743877, 0.7735416
 
6.730059, -0.001017854, -0.008244449, 5, 0, 0.0011351375403255256538896493, 16762.84, -1642.728, -6.594189, 0.004862703, 0.07868536, 193.8156, 1.197897, 0.743877, 0.7735416
 
6.740059, -0.0009897604, -0.008254628, 5, 0, 0.0011382948473963061488258005, 16727.96, -1642.728, -6.594189, 0.004862703, 0.07868536, 193.6346, 1.197896, 0.743877, 0.7735416
 
6.75006, -0.0009383895, -0.008264525, 5, 0, 0.0011409329464141057447324881, 16693.15, -1642.728, -6.594189, 0.004862703, 0.07868536, 193.4539, 1.197896, 0.743877, 0.7735416
 
6.76006, -0.0008835625, -0.008273909, 5, 0, 0.0011434347170604506439726779, 16658.42, -1642.728, -6.594189, 0.004862703, 0.07868536, 193.2734, 1.197896, 0.743877, 0.7735416
 
6.77006, -0.0009101371, -0.008282744, 5, 0, 0.0011475827414216522908002633, 16623.76, -1642.728, -6.594189, 0.004862703, 0.07868536, 193.093, 1.197896, 0.743877, 0.7735416
 
6.78006, -0.000960228, -0.008291846, 5, 0, 0.0011522757569793672288370531, 16589.18, -1642.728, -6.594189, 0.004862703, 0.07868536, 192.9128, 1.197896, 0.743877, 0.7735416
 
6.790061, -0.0009796162, -0.008301448, 5, 0, 0.0011564015433792664063453972, 16554.67, -1642.728, -6.594189, 0.004862703, 0.07868536, 192.7327, 1.197896, 0.743877, 0.7735416
 
6.800061, -0.0009934588, -0.008311245, 5, 0, 0.0011604485300467267124116347, 16520.24, -1642.728, -6.594189, 0.004862703, 0.07868536, 192.5529, 1.197896, 0.743877, 0.7735416
 
6.810061, -0.001002256, -0.008321179, 5, 0, 0.0011644186507175182733641155, 16485.89, -1642.728, -6.594189, 0.004862703, 0.07868536, 192.3732, 1.197896, 0.743877, 0.7735416
 
6.820061, -0.001085068, -0.008331202, 5, 0, 0.0011699886154447931283836304, 16451.61, -1642.728, -6.594189, 0.004862703, 0.07868536, 192.1937, 1.197896, 0.743877, 0.7735416
 
6.830061, -0.00117626, -0.008342053, 5, 0, 0.0011758694281963418935176378, 16417.41, -1642.728, -6.594189, 0.004862703, 0.07868536, 192.0144, 1.197896, 0.743877, 0.7735416
 
6.840062, -0.001248281, -0.008353815, 5, 0, 0.0011814851580033953256086511, 16383.28, -1642.728, -6.594189, 0.004862703, 0.07868536, 191.8353, 1.197895, 0.743877, 0.7735416
 
6.850062, -0.001299975, -0.008366298, 5, 0, 0.0011867834328556498790755230, 16349.23, -1642.728, -6.594189, 0.004862703, 0.07868536, 191.6563, 1.197895, 0.743877, 0.7735416
 
6.860062, -0.001353261, -0.008379297, 5, 0, 0.0011922048222182946891713552, 16315.25, -1642.728, -6.594189, 0.004862703, 0.07868536, 191.4775, 1.197895, 0.743877, 0.7735416
 
6.870062, -0.001399182, -0.00839283, 5, 0, 0.0011975578862505642375449583, 16281.35, -1642.728, -6.594189, 0.004862703, 0.07868536, 191.2989, 1.197895, 0.743877, 0.7735416
 
6.880063, -0.001328736, -0.008406823, 5, 0, 0.0012004826615955667593650183, 16247.52, -1642.728, -6.594189, 0.004862703, 0.07868536, 191.1204, 1.197895, 0.743877, 0.7735416
 
6.890063, -0.001268437, -0.00842011, 5, 0, 0.0012035350635010801639013616, 16213.76, -1642.728, -6.594189, 0.004862703, 0.07868536, 190.9421, 1.197895, 0.743877, 0.7735416
 
6.900063, -0.001206211, -0.008432794, 5, 0, 0.0012064688629463223264495966, 16180.08, -1642.728, -6.594189, 0.004862703, 0.07868536, 190.764, 1.197895, 0.743877, 0.7735416
 
6.910063, -0.00116772, -0.008444857, 5, 0, 0.0012098371083601683672920474, 16146.47, -1642.728, -6.594189, 0.004862703, 0.07868536, 190.5861, 1.197895, 0.743877, 0.7735416
 
6.920063, -0.001128576, -0.008456534, 5, 0, 0.0012131454079652871335845230, 16112.93, -1642.728, -6.594189, 0.004862703, 0.07868536, 190.4083, 1.197895, 0.743877, 0.7735416
 
6.930064, -0.001077446, -0.00846782, 5, 0, 0.0012161460824390789774168137, 16079.47, -1642.728, -6.594189, 0.004862703, 0.07868536, 190.2307, 1.197894, 0.743877, 0.7735416
 
6.940064, -0.001038132, -0.008478594, 5, 0, 0.0012193393247661660932605068, 16046.08, -1642.728, -6.594189, 0.004862703, 0.07868536, 190.0533, 1.197894, 0.743877, 0.7735416
 
6.950064, -0.0009959562, -0.008488975, 5, 0, 0.0012224218607206854083981692, 16012.76, -1642.728, -6.594189, 0.004862703, 0.07868536, 189.876, 1.197894, 0.743877, 0.7735416
 
6.960064, -0.0009511909, -0.008498935, 5, 0, 0.0012253949794598250642810561, 15979.52, -1642.728, -6.594189, 0.004862703, 0.07868536, 189.699, 1.197894, 0.743877, 0.7735416
 
6.970065, -0.0009851377, -0.008508447, 5, 0, 0.0012300412630698771678054082, 15946.35, -1642.728, -6.594189, 0.004862703, 0.07868536, 189.522, 1.197894, 0.743877, 0.7735416
 
6.980065, -0.001013947, -0.008518298, 5, 0, 0.0012346363026821538679623549, 15913.25, -1642.728, -6.594189, 0.004862703, 0.07868536, 189.3453, 1.197894, 0.743877, 0.7735416
 
6.990065, -0.001029161, -0.008528437, 5, 0, 0.0012389857578522352626314178, 15880.22, -1642.728, -6.594189, 0.004862703, 0.07868536, 189.1688, 1.197894, 0.743877, 0.7735416
 
7.000065, -0.001049448, -0.00853873, 5, 0, 0.0012434820157958365751333268, 15847.27, -1642.728, -6.594189, 0.004862703, 0.07868536, 188.9924, 1.197894, 0.743877, 0.7735416
 
7.010066, -0.001054349, -0.008549224, 5, 0, 0.0012476793504190483333393811, 15814.39, -1642.728, -6.594189, 0.004862703, 0.07868536, 188.8162, 1.197894, 0.743877, 0.7735416
 
7.020066, -0.001079055, -0.008559767, 5, 0, 0.0012523356249972243350328475, 15781.57, -1642.728, -6.594189, 0.004862703, 0.07868536, 188.6401, 1.197894, 0.743877, 0.7735416
 
7.030066, -0.001185955, -0.008570557, 5, 0, 0.0012588698792927930733151928, 15748.83, -1642.728, -6.594189, 0.004862703, 0.07868536, 188.4642, 1.197893, 0.743877, 0.7735416
 
7.040066, -0.001283138, -0.008582417, 5, 0, 0.0012653625582694080338354024, 15716.16, -1642.728, -6.594189, 0.004862703, 0.07868536, 188.2884, 1.197893, 0.743877, 0.7735416
 
7.050066, -0.001371277, -0.008595249, 5, 0, 0.0012718152733735402932509232, 15683.56, -1642.728, -6.594189, 0.004862703, 0.07868536, 188.1129, 1.197893, 0.743877, 0.7735416
 
7.060067, -0.001365263, -0.008608961, 5, 0, 0.0012763084695688417257642696, 15651.03, -1642.728, -6.594189, 0.004862703, 0.07868536, 187.9375, 1.197893, 0.743877, 0.7735416
 
7.070067, -0.001348629, -0.008622614, 5, 0, 0.0012805680060258402658407250, 15618.57, -1642.728, -6.594189, 0.004862703, 0.07868536, 187.7623, 1.197893, 0.743877, 0.7735416
 
7.080067, -0.00134229, -0.0086361, 5, 0, 0.0012850463769136094045520288, 15586.18, -1642.728, -6.594189, 0.004862703, 0.07868536, 187.5872, 1.197893, 0.743877, 0.7735416
 
7.090067, -0.001311629, -0.008649523, 5, 0, 0.0012889808846173901713749281, 15553.86, -1642.728, -6.594189, 0.004862703, 0.07868536, 187.4123, 1.197893, 0.743877, 0.7735416
 
7.100068, -0.001294913, -0.00866264, 5, 0, 0.0012931956228624911689278824, 15521.62, -1642.728, -6.594189, 0.004862703, 0.07868536, 187.2376, 1.197892, 0.743877, 0.7735416
 
7.110068, -0.001274832, -0.008675589, 5, 0, 0.0012973210869730929082117949, 15489.44, -1642.728, -6.594189, 0.004862703, 0.07868536, 187.063, 1.197892, 0.743877, 0.7735416
 
7.120068, -0.001256784, -0.008688337, 5, 0, 0.0013014752348308830348912084, 15457.33, -1642.728, -6.594189, 0.004862703, 0.07868536, 186.8886, 1.197892, 0.743877, 0.7735416
 
7.130068, -0.001258192, -0.008700905, 5, 0, 0.0013060562548588597566818940, 15425.29, -1642.728, -6.594189, 0.004862703, 0.07868536, 186.7144, 1.197892, 0.743877, 0.7735416
 
7.140069, -0.001249105, -0.008713488, 5, 0, 0.0013104136061166510384189188, 15393.31, -1642.728, -6.594189, 0.004862703, 0.07868536, 186.5403, 1.197892, 0.743877, 0.7735416
 
7.150069, -0.001239026, -0.008725978, 5, 0, 0.0013147469468220232779599815, 15361.41, -1642.728, -6.594189, 0.004862703, 0.07868536, 186.3664, 1.197892, 0.743877, 0.7735416
 
7.160069, -0.001143997, -0.008738369, 5, 0, 0.0013171365607939844647347936, 15329.57, -1642.728, -6.594189, 0.004862703, 0.07868536, 186.1927, 1.197892, 0.743877, 0.7735416
 
7.170069, -0.001065326, -0.008749809, 5, 0, 0.0013197630573971906972613908, 15297.81, -1642.728, -6.594189, 0.004862703, 0.07868536, 186.0191, 1.197892, 0.743877, 0.7735416
 
7.180069, -0.001054446, -0.008760463, 5, 0, 0.0013238342157617187646358063, 15266.12, -1642.728, -6.594189, 0.004862703, 0.07868536, 185.8457, 1.197892, 0.743877, 0.7735416
 
7.19007, -0.001065482, -0.008771007, 5, 0, 0.0013284046002429863804873409, 15234.49, -1642.728, -6.594189, 0.004862703, 0.07868536, 185.6724, 1.197892, 0.743877, 0.7735416
 
7.20007, -0.001074564, -0.008781662, 5, 0, 0.0013329593536934845527616385, 15202.92, -1642.728, -6.594189, 0.004862703, 0.07868536, 185.4993, 1.197891, 0.743877, 0.7735416
 
7.21007, -0.001081882, -0.008792408, 5, 0, 0.0013374997652703917542311277, 15171.43, -1642.728, -6.594189, 0.004862703, 0.07868536, 185.3264, 1.197891, 0.743877, 0.7735416
 
7.22007, -0.001087622, -0.008803227, 5, 0, 0.0013420274464201742272138425, 15140.01, -1642.728, -6.594189, 0.004862703, 0.07868536, 185.1536, 1.197891, 0.743877, 0.7735416
 
7.230071, -0.001094557, -0.008814103, 5, 0, 0.0013466045989766187535801840, 15108.65, -1642.728, -6.594189, 0.004862703, 0.07868536, 184.981, 1.197891, 0.743877, 0.7735416
 
7.240071, -0.001111305, -0.008825049, 5, 0, 0.0013514329760379073537354744, 15077.35, -1642.728, -6.594189, 0.004862703, 0.07868536, 184.8086, 1.197891, 0.743877, 0.7735416
 
7.250071, -0.001117465, -0.008836162, 5, 0, 0.0013560541210830122728501224, 15046.13, -1642.728, -6.594189, 0.004862703, 0.07868536, 184.6363, 1.197891, 0.743877, 0.7735416
 
7.260071, -0.001133623, -0.008847337, 5, 0, 0.0013609308415384331727288265, 15014.97, -1642.728, -6.594189, 0.004862703, 0.07868536, 184.4642, 1.197891, 0.743877, 0.7735416
 
7.270072, -0.00114794, -0.008858673, 5, 0, 0.0013658033722330276618516970, 14983.88, -1642.728, -6.594189, 0.004862703, 0.07868536, 184.2922, 1.197891, 0.743877, 0.7735416
 
7.280072, -0.001163256, -0.008870153, 5, 0, 0.0013707352041577577719686217, 14952.86, -1642.728, -6.594189, 0.004862703, 0.07868536, 184.1204, 1.197891, 0.743877, 0.7735416
 
7.290072, -0.001176944, -0.008881785, 5, 0, 0.0013756662303592523437568229, 14921.9, -1642.728, -6.594189, 0.004862703, 0.07868536, 183.9487, 1.19789, 0.743877, 0.7735416
 
7.300072, -0.001191783, -0.008893554, 5, 0, 0.0013806602641177660128512066, 14891, -1642.728, -6.594189, 0.004862703, 0.07868536, 183.7772, 1.19789, 0.743877, 0.7735416
 
7.310072, -0.001216347, -0.008905472, 5, 0, 0.0013859201865440073304243658, 14860.18, -1642.728, -6.594189, 0.004862703, 0.07868536, 183.6059, 1.19789, 0.743877, 0.7735416
 
7.320073, -0.001230339, -0.008917635, 5, 0, 0.0013909833513561317995697022, 14829.42, -1642.728, -6.594189, 0.004862703, 0.07868536, 183.4347, 1.19789, 0.743877, 0.7735416
 
7.330073, -0.001254196, -0.008929939, 5, 0, 0.0013963169168860997089417240, 14798.72, -1642.728, -6.594189, 0.004862703, 0.07868536, 183.2636, 1.19789, 0.743877, 0.7735416
 
7.340073, -0.001278832, -0.008942481, 5, 0, 0.0014017212249161494950221456, 14768.09, -1642.728, -6.594189, 0.004862703, 0.07868536, 183.0928, 1.19789, 0.743877, 0.7735416
 
7.350073, -0.001290474, -0.008955269, 5, 0, 0.0014068699575358849117849822, 14737.53, -1642.728, -6.594189, 0.004862703, 0.07868536, 182.9221, 1.19789, 0.743877, 0.7735416
 
7.360074, -0.001295289, -0.008968174, 5, 0, 0.0014118904190165274609544409, 14707.03, -1642.728, -6.594189, 0.004862703, 0.07868536, 182.7515, 1.197889, 0.743877, 0.7735416
 
7.370074, -0.001341602, -0.008981126, 5, 0, 0.0014179228688810013166612806, 14676.6, -1642.728, -6.594189, 0.004862703, 0.07868536, 182.5811, 1.197889, 0.743877, 0.7735416
 
7.380074, -0.001354068, -0.008994542, 5, 0, 0.0014232358078961410562644503, 14646.23, -1642.728, -6.594189, 0.004862703, 0.07868536, 182.4109, 1.197889, 0.743877, 0.7735416
 
7.390074, -0.001379481, -0.009008083, 5, 0, 0.0014288950467579151695530070, 14615.92, -1642.728, -6.594189, 0.004862703, 0.07868536, 182.2408, 1.197889, 0.743877, 0.7735416
 
7.400074, -0.001425521, -0.009021877, 5, 0, 0.0014351062060360314265707328, 14585.68, -1642.728, -6.594189, 0.004862703, 0.07868536, 182.0709, 1.197889, 0.743877, 0.7735416
 
7.410075, -0.001460229, -0.009036132, 5, 0, 0.0014411354330075663518556204, 14555.5, -1642.728, -6.594189, 0.004862703, 0.07868536, 181.9011, 1.197889, 0.743877, 0.7735416
 
7.420075, -0.001404768, -0.009050734, 5, 0, 0.0014450618834789917353912841, 14525.39, -1642.728, -6.594189, 0.004862703, 0.07868536, 181.7315, 1.197889, 0.743877, 0.7735416
 
7.430075, -0.001356066, -0.009064782, 5, 0, 0.0014490763189277379044235608, 14495.34, -1642.728, -6.594189, 0.004862703, 0.07868536, 181.562, 1.197888, 0.743877, 0.7735416
 
7.440075, -0.001333329, -0.009078343, 5, 0, 0.0014536526657609485039076498, 14465.35, -1642.728, -6.594189, 0.004862703, 0.07868536, 181.3927, 1.197888, 0.743877, 0.7735416
 
7.450076, -0.001315325, -0.009091677, 5, 0, 0.0014583218319108947303071643, 14435.42, -1642.728, -6.594189, 0.004862703, 0.07868536, 181.2235, 1.197888, 0.743877, 0.7735416
 
7.460076, -0.001307608, -0.00910483, 5, 0, 0.0014632244966544983529242960, 14405.57, -1642.728, -6.594189, 0.004862703, 0.07868536, 181.0545, 1.197888, 0.743877, 0.7735416
 
7.470076, -0.001284298, -0.009117906, 5, 0, 0.0014677495994899254918086243, 14375.78, -1642.728, -6.594189, 0.004862703, 0.07868536, 180.8856, 1.197888, 0.743877, 0.7735416
 
7.480076, -0.001288102, -0.009130749, 5, 0, 0.0014729129962725525404936430, 14346.04, -1642.728, -6.594189, 0.004862703, 0.07868536, 180.7169, 1.197888, 0.743877, 0.7735416
 
7.490077, -0.001300865, -0.00914363, 5, 0, 0.0014783160151454238538016358, 14316.37, -1642.728, -6.594189, 0.004862703, 0.07868536, 180.5484, 1.197888, 0.743877, 0.7735416
 
7.500077, -0.001229695, -0.009156639, 5, 0, 0.0014816963464078013581284690, 14286.76, -1642.728, -6.594189, 0.004862703, 0.07868536, 180.3799, 1.197888, 0.743877, 0.7735416
 
7.510077, -0.00115603, -0.009168936, 5, 0, 0.0014849097318157753207437801, 14257.22, -1642.728, -6.594189, 0.004862703, 0.07868536, 180.2117, 1.197888, 0.743877, 0.7735416
 
7.520077, -0.001080095, -0.009180496, 5, 0, 0.0014879569770925796685298215, 14227.74, -1642.728, -6.594189, 0.004862703, 0.07868536, 180.0436, 1.197887, 0.743877, 0.7735416
 
7.530077, -0.001051864, -0.009191297, 5, 0, 0.0014920666490277696909101654, 14198.32, -1642.728, -6.594189, 0.004862703, 0.07868536, 179.8757, 1.197887, 0.743877, 0.7735416
 
7.540078, -0.001087867, -0.009201815, 5, 0, 0.0014977303999396612073931030, 14168.96, -1642.728, -6.594189, 0.004862703, 0.07868536, 179.7079, 1.197887, 0.743877, 0.7735416
 
7.550078, -0.001136396, -0.009212694, 5, 0, 0.0015037794477027887641181192, 14139.66, -1642.728, -6.594189, 0.004862703, 0.07868536, 179.5402, 1.197887, 0.743877, 0.7735416
 
7.560078, -0.001204972, -0.009224058, 5, 0, 0.0015104227969244493921096349, 14110.43, -1642.728, -6.594189, 0.004862703, 0.07868536, 179.3727, 1.197887, 0.743877, 0.7735416
 
7.570078, -0.001253737, -0.009236108, 5, 0, 0.0015167040541240607066192527, 14081.25, -1642.728, -6.594189, 0.004862703, 0.07868536, 179.2054, 1.197887, 0.743877, 0.7735416
 
7.580079, -0.001303345, -0.009248645, 5, 0, 0.0015231042360732342555555263, 14052.14, -1642.728, -6.594189, 0.004862703, 0.07868536, 179.0382, 1.197887, 0.743877, 0.7735416
 
7.590079, -0.001362038, -0.009261679, 5, 0, 0.0015298313805113908697342924, 14023.09, -1642.728, -6.594189, 0.004862703, 0.07868536, 178.8711, 1.197886, 0.743877, 0.7735416
 
7.600079, -0.001412736, -0.009275299, 5, 0, 0.0015364750520223457130572975, 13994.1, -1642.728, -6.594189, 0.004862703, 0.07868536, 178.7042, 1.197886, 0.743877, 0.7735416
 
7.610079, -0.001398732, -0.009289427, 5, 0, 0.0015415980014985455147474512, 13965.17, -1642.728, -6.594189, 0.004862703, 0.07868536, 178.5374, 1.197886, 0.743877, 0.7735416
 
7.62008, -0.001390106, -0.009303414, 5, 0, 0.0015468482552459587609294566, 13936.3, -1642.728, -6.594189, 0.004862703, 0.07868536, 178.3708, 1.197886, 0.743877, 0.7735416
 
7.63008, -0.00138382, -0.009317315, 5, 0, 0.0015521586159467480007736531, 13907.49, -1642.728, -6.594189, 0.004862703, 0.07868536, 178.2044, 1.197886, 0.743877, 0.7735416
 
7.64008, -0.001393507, -0.009331154, 5, 0, 0.0015578766726047148006125587, 13878.75, -1642.728, -6.594189, 0.004862703, 0.07868536, 178.038, 1.197886, 0.743877, 0.7735416
 
7.65008, -0.001418136, -0.009345089, 5, 0, 0.0015640056481128077595469523, 13850.06, -1642.728, -6.594189, 0.004862703, 0.07868536, 177.8719, 1.197886, 0.743877, 0.7735416
 
7.66008, -0.001359092, -0.00935927, 5, 0, 0.0015680722944272152008340447, 13821.43, -1642.728, -6.594189, 0.004862703, 0.07868536, 177.7059, 1.197885, 0.743877, 0.7735416
 
7.670081, -0.001297929, -0.009372861, 5, 0, 0.0015719981003200537651532006, 13792.87, -1642.728, -6.594189, 0.004862703, 0.07868536, 177.54, 1.197885, 0.743877, 0.7735416
 
7.680081, -0.00126765, -0.00938584, 5, 0, 0.0015766195676544545110458092, 13764.36, -1642.728, -6.594189, 0.004862703, 0.07868536, 177.3743, 1.197885, 0.743877, 0.7735416
 
7.690081, -0.001255372, -0.009398516, 5, 0, 0.0015816621059517475875293513, 13735.91, -1642.728, -6.594189, 0.004862703, 0.07868536, 177.2087, 1.197885, 0.743877, 0.7735416
 
7.700081, -0.001246238, -0.00941107, 5, 0, 0.0015867786096420630825897165, 13707.52, -1642.728, -6.594189, 0.004862703, 0.07868536, 177.0432, 1.197885, 0.743877, 0.7735416
 
7.710082, -0.001245605, -0.009423532, 5, 0, 0.0015921124974613268187396988, 13679.19, -1642.728, -6.594189, 0.004862703, 0.07868536, 176.8779, 1.197885, 0.743877, 0.7735416
 
7.720082, -0.001261123, -0.009435988, 5, 0, 0.0015978753523311911611021056, 13650.92, -1642.728, -6.594189, 0.004862703, 0.07868536, 176.7128, 1.197885, 0.743877, 0.7735416
 
7.730082, -0.001269991, -0.009448599, 5, 0, 0.0016035091303387222632029977, 13622.71, -1642.728, -6.594189, 0.004862703, 0.07868536, 176.5478, 1.197884, 0.743877, 0.7735416
 
7.740082, -0.001280761, -0.009461299, 5, 0, 0.0016092234806698071981762461, 13594.56, -1642.728, -6.594189, 0.004862703, 0.07868536, 176.383, 1.197884, 0.743877, 0.7735416
 
7.750082, -0.001301729, -0.009474106, 5, 0, 0.0016152349817301586687827443, 13566.47, -1642.728, -6.594189, 0.004862703, 0.07868536, 176.2182, 1.197884, 0.743877, 0.7735416
 
7.760083, -0.001318612, -0.009487123, 5, 0, 0.0016211957222266712246796580, 13538.44, -1642.728, -6.594189, 0.004862703, 0.07868536, 176.0537, 1.197884, 0.743877, 0.7735416
 
7.770083, -0.001337028, -0.009500309, 5, 0, 0.0016272402579396797667638222, 13510.46, -1642.728, -6.594189, 0.004862703, 0.07868536, 175.8893, 1.197884, 0.743877, 0.7735416
 
7.780083, -0.001307536, -0.009513679, 5, 0, 0.0016320907118176205056796671, 13482.54, -1642.728, -6.594189, 0.004862703, 0.07868536, 175.725, 1.197884, 0.743877, 0.7735416
 
7.790083, -0.001285714, -0.009526755, 5, 0, 0.0016371023103426689103402245, 13454.68, -1642.728, -6.594189, 0.004862703, 0.07868536, 175.5609, 1.197884, 0.743877, 0.7735416
 
7.800084, -0.001281998, -0.009539612, 5, 0, 0.0016425651138796187790859767, 13426.88, -1642.728, -6.594189, 0.004862703, 0.07868536, 175.3969, 1.197883, 0.743877, 0.7735416
 
7.810084, -0.00128433, -0.009552431, 5, 0, 0.0016481938964030895435487828, 13399.14, -1642.728, -6.594189, 0.004862703, 0.07868536, 175.233, 1.197883, 0.743877, 0.7735416
 
7.820084, -0.001284343, -0.009565274, 5, 0, 0.0016537823927647833915754107, 13371.46, -1642.728, -6.594189, 0.004862703, 0.07868536, 175.0694, 1.197883, 0.743877, 0.7735416
 
7.830084, -0.001301082, -0.009578118, 5, 0, 0.0016598269284777919336595749, 13343.83, -1642.728, -6.594189, 0.004862703, 0.07868536, 174.9058, 1.197883, 0.743877, 0.7735416
 
7.840085, -0.001333551, -0.009591129, 5, 0, 0.0016663307264350573231161696, 13316.26, -1642.728, -6.594189, 0.004862703, 0.07868536, 174.7424, 1.197883, 0.743877, 0.7735416
 
7.850085, -0.001369838, -0.009604464, 5, 0, 0.0016730117835041411448919480, 13288.74, -1642.728, -6.594189, 0.004862703, 0.07868536, 174.5791, 1.197883, 0.743877, 0.7735416
 
7.860085, -0.001423447, -0.009618163, 5, 0, 0.0016802326751410356469125132, 13261.29, -1642.728, -6.594189, 0.004862703, 0.07868536, 174.4159, 1.197882, 0.743877, 0.7735416
 
7.870085, -0.001460753, -0.009632397, 5, 0, 0.0016871361118231280474159948, 13233.88, -1642.728, -6.594189, 0.004862703, 0.07868536, 174.2529, 1.197882, 0.743877, 0.7735416
 
7.880085, -0.001440195, -0.009647005, 5, 0, 0.0016925876352347803795596171, 13206.55, -1642.728, -6.594189, 0.004862703, 0.07868536, 174.0901, 1.197882, 0.743877, 0.7735416
 
7.890086, -0.001416493, -0.009661407, 5, 0, 0.0016979376375187548822840707, 13179.26, -1642.728, -6.594189, 0.004862703, 0.07868536, 173.9274, 1.197882, 0.743877, 0.7735416
 
7.900086, -0.001422382, -0.009675572, 5, 0, 0.0017040498539835486439810141, 13152.03, -1642.728, -6.594189, 0.004862703, 0.07868536, 173.7648, 1.197882, 0.743877, 0.7735416
 
7.910086, -0.00143433, -0.009689796, 5, 0, 0.0017103522211319294512567182, 13124.86, -1642.728, -6.594189, 0.004862703, 0.07868536, 173.6024, 1.197882, 0.743877, 0.7735416
 
7.920086, -0.00144683, -0.009704139, 5, 0, 0.0017167077660138557882281775, 13097.74, -1642.728, -6.594189, 0.004862703, 0.07868536, 173.44, 1.197882, 0.743877, 0.7735416
 
7.930087, -0.001420047, -0.009718607, 5, 0, 0.0017220529339584170609802896, 13070.67, -1642.728, -6.594189, 0.004862703, 0.07868536, 173.2779, 1.197881, 0.743877, 0.7735416
 
7.940087, -0.001404655, -0.009732808, 5, 0, 0.0017276704363565902888409658, 13043.67, -1642.728, -6.594189, 0.004862703, 0.07868536, 173.1158, 1.197881, 0.743877, 0.7735416
 
7.950087, -0.00139709, -0.009746854, 5, 0, 0.0017334877581171770222250855, 13016.72, -1642.728, -6.594189, 0.004862703, 0.07868536, 172.954, 1.197881, 0.743877, 0.7735416
 
7.960087, -0.001396829, -0.009760825, 5, 0, 0.0017395065106866483377900957, 12989.83, -1642.728, -6.594189, 0.004862703, 0.07868536, 172.7922, 1.197881, 0.743877, 0.7735416
 
7.970088, -0.001417084, -0.009774793, 5, 0, 0.0017460957153068807900913880, 12962.99, -1642.728, -6.594189, 0.004862703, 0.07868536, 172.6306, 1.197881, 0.743877, 0.7735416
 
7.980088, -0.001353343, -0.009788964, 5, 0, 0.0017504659581364406850879898, 12936.21, -1642.728, -6.594189, 0.004862703, 0.07868536, 172.4692, 1.197881, 0.743877, 0.7735416
 
7.990088, -0.001314547, -0.009802497, 5, 0, 0.0017554114873561749467932150, 12909.48, -1642.728, -6.594189, 0.004862703, 0.07868536, 172.3078, 1.197881, 0.743877, 0.7735416
 
8.000088, -0.001296254, -0.009815643, 5, 0, 0.0017608613993213562022793903, 12882.8, -1642.728, -6.594189, 0.004862703, 0.07868536, 172.1466, 1.19788, 0.743877, 0.7735416
 
8.010088, -0.001307885, -0.009828605, 5, 0, 0.0017671073658432493265444450, 12856.19, -1642.728, -6.594189, 0.004862703, 0.07868536, 171.9855, 1.19788, 0.743877, 0.7735416
 
8.020088, -0.001315291, -0.009841683, 5, 0, 0.0017732775943810018479094850, 12829.63, -1642.728, -6.594189, 0.004862703, 0.07868536, 171.8246, 1.19788, 0.743877, 0.7735416
 
8.030088, -0.001321626, -0.009854836, 5, 0, 0.0017794510458116965225894191, 12803.12, -1642.728, -6.594189, 0.004862703, 0.07868536, 171.6638, 1.19788, 0.743877, 0.7735416
 
8.040089, -0.001356318, -0.009868053, 5, 0, 0.0017864302204779295259929156, 12776.66, -1642.728, -6.594189, 0.004862703, 0.07868536, 171.5032, 1.19788, 0.743877, 0.7735416
 
8.050089, -0.001398986, -0.009881616, 5, 0, 0.0017937107356342538643390243, 12750.26, -1642.728, -6.594189, 0.004862703, 0.07868536, 171.3427, 1.19788, 0.743877, 0.7735416
 
8.060089, -0.001376476, -0.009895605, 5, 0, 0.0017992960091030055590507580, 12723.92, -1642.728, -6.594189, 0.004862703, 0.07868536, 171.1823, 1.197879, 0.743877, 0.7735416
 
8.070089, -0.001376622, -0.00990937, 5, 0, 0.0018054823521054688469902692, 12697.62, -1642.728, -6.594189, 0.004862703, 0.07868536, 171.022, 1.197879, 0.743877, 0.7735416
 
8.08009, -0.001384455, -0.009923136, 5, 0, 0.0018118975205068250202872720, 12671.38, -1642.728, -6.594189, 0.004862703, 0.07868536, 170.8619, 1.197879, 0.743877, 0.7735416
 
8.09009, -0.00140234, -0.00993698, 5, 0, 0.0018186253095235700651290170, 12645.2, -1642.728, -6.594189, 0.004862703, 0.07868536, 170.702, 1.197879, 0.743877, 0.7735416
 
8.10009, -0.001429651, -0.009951004, 5, 0, 0.0018256673306021750581729513, 12619.07, -1642.728, -6.594189, 0.004862703, 0.07868536, 170.5421, 1.197879, 0.743877, 0.7735416
 
8.11009, -0.001484243, -0.009965301, 5, 0, 0.0018335392466133845298021548, 12592.99, -1642.728, -6.594189, 0.004862703, 0.07868536, 170.3824, 1.197878, 0.743877, 0.7735416
 
8.12009, -0.001484834, -0.009980143, 5, 0, 0.0018400285415524102293417254, 12566.97, -1642.728, -6.594189, 0.004862703, 0.07868536, 170.2228, 1.197878, 0.743877, 0.7735416
 
8.130091, -0.001474934, -0.009994991, 5, 0, 0.0018462438905913528971152848, 12541, -1642.728, -6.594189, 0.004862703, 0.07868536, 170.0633, 1.197878, 0.743877, 0.7735416
 
8.140091, -0.001497949, -0.01000974, 5, 0, 0.0018533809870117514129485994, 12515.08, -1642.728, -6.594189, 0.004862703, 0.07868536, 169.904, 1.197878, 0.743877, 0.7735416
 
8.150091, -0.001519761, -0.01002472, 5, 0, 0.0018605487009151003852734094, 12489.22, -1642.728, -6.594189, 0.004862703, 0.07868536, 169.7448, 1.197878, 0.743877, 0.7735416
 
8.160091, -0.001490552, -0.01003992, 5, 0, 0.0018663434624250920454532693, 12463.4, -1642.728, -6.594189, 0.004862703, 0.07868536, 169.5858, 1.197878, 0.743877, 0.7735416
 
8.170092, -0.001474473, -0.01005482, 5, 0, 0.0018724701819081254970672369, 12437.64, -1642.728, -6.594189, 0.004862703, 0.07868536, 169.4269, 1.197878, 0.743877, 0.7735416
 
8.180092, -0.001470741, -0.01006957, 5, 0, 0.0018789336937036139700876535, 12411.94, -1642.728, -6.594189, 0.004862703, 0.07868536, 169.2681, 1.197877, 0.743877, 0.7735416
 
8.190092, -0.001483319, -0.01008428, 5, 0, 0.0018858709707615989803975247, 12386.28, -1642.728, -6.594189, 0.004862703, 0.07868536, 169.1095, 1.197877, 0.743877, 0.7735416
 
8.200092, -0.001441534, -0.01009911, 5, 0, 0.0018913112140479537759390172, 12360.68, -1642.728, -6.594189, 0.004862703, 0.07868536, 168.9509, 1.197877, 0.743877, 0.7735416
 
8.210093, -0.001414036, -0.01011352, 5, 0, 0.0018970963068791189761741943, 12335.13, -1642.728, -6.594189, 0.004862703, 0.07868536, 168.7925, 1.197877, 0.743877, 0.7735416
 
8.220093, -0.001418235, -0.01012766, 5, 0, 0.0019037467464652523414584774, 12309.63, -1642.728, -6.594189, 0.004862703, 0.07868536, 168.6343, 1.197877, 0.743877, 0.7735416
 
8.230093, -0.001433748, -0.01014185, 5, 0, 0.0019107500928285514947236807, 12284.18, -1642.728, -6.594189, 0.004862703, 0.07868536, 168.4761, 1.197876, 0.743877, 0.7735416
 
8.240093, -0.001459918, -0.01015618, 5, 0, 0.0019181047345225453593123572, 12258.79, -1642.728, -6.594189, 0.004862703, 0.07868536, 168.3181, 1.197876, 0.743877, 0.7735416
 
8.250093, -0.001418312, -0.01017078, 5, 0, 0.0019235900983100903012623691, 12233.45, -1642.728, -6.594189, 0.004862703, 0.07868536, 168.1603, 1.197876, 0.743877, 0.7735416
 
8.260094, -0.00140959, -0.01018497, 5, 0, 0.0019299569233173141748359583, 12208.16, -1642.728, -6.594189, 0.004862703, 0.07868536, 168.0025, 1.197876, 0.743877, 0.7735416
 
8.270094, -0.001413345, -0.01019906, 5, 0, 0.0019366831008875881430202561, 12182.92, -1642.728, -6.594189, 0.004862703, 0.07868536, 167.8449, 1.197876, 0.743877, 0.7735416
 
8.280094, -0.001439329, -0.0102132, 5, 0, 0.0019440796401898300007025579, 12157.73, -1642.728, -6.594189, 0.004862703, 0.07868536, 167.6874, 1.197876, 0.743877, 0.7735416
 
8.290094, -0.001475589, -0.01022759, 5, 0, 0.0019518419778410062596253568, 12132.59, -1642.728, -6.594189, 0.004862703, 0.07868536, 167.53, 1.197875, 0.743877, 0.7735416
 
8.300095, -0.001455061, -0.01024234, 5, 0, 0.0019580541039870067740840220, 12107.5, -1642.728, -6.594189, 0.004862703, 0.07868536, 167.3728, 1.197875, 0.743877, 0.7735416
 
8.310095, -0.001445151, -0.0102569, 5, 0, 0.0019645514561583878569108282, 12082.47, -1642.728, -6.594189, 0.004862703, 0.07868536, 167.2157, 1.197875, 0.743877, 0.7735416
 
8.320095, -0.001458669, -0.01027135, 5, 0, 0.0019717304501870343658377681, 12057.49, -1642.728, -6.594189, 0.004862703, 0.07868536, 167.0587, 1.197875, 0.743877, 0.7735416
 
8.330095, -0.00148356, -0.01028593, 5, 0, 0.0019792865226899128126073351, 12032.56, -1642.728, -6.594189, 0.004862703, 0.07868536, 166.9019, 1.197875, 0.743877, 0.7735416
 
8.340096, -0.001508482, -0.01030077, 5, 0, 0.0019869151102839897089620228, 12007.67, -1642.728, -6.594189, 0.004862703, 0.07868536, 166.7452, 1.197875, 0.743877, 0.7735416
 
8.350096, -0.001499459, -0.01031585, 5, 0, 0.0019936203390501396805995080, 11982.84, -1642.728, -6.594189, 0.004862703, 0.07868536, 166.5887, 1.197874, 0.743877, 0.7735416
 
8.360096, -0.001493044, -0.01033085, 5, 0, 0.0020004045286933724084519024, 11958.06, -1642.728, -6.594189, 0.004862703, 0.07868536, 166.4322, 1.197874, 0.743877, 0.7735416
 
8.370096, -0.001517597, -0.01034578, 5, 0, 0.0020081056313786477543917106, 11933.33, -1642.728, -6.594189, 0.004862703, 0.07868536, 166.2759, 1.197874, 0.743877, 0.7735416
 
8.380096, -0.001505864, -0.01036095, 5, 0, 0.0020148108601447977260291959, 11908.64, -1642.728, -6.594189, 0.004862703, 0.07868536, 166.1196, 1.197874, 0.743877, 0.7735416
 
8.390097, -0.001510639, -0.01037601, 5, 0, 0.0020219979114057996182433714, 11884.01, -1642.728, -6.594189, 0.004862703, 0.07868536, 165.9636, 1.197874, 0.743877, 0.7735416
 
8.400097, -0.001506882, -0.01039112, 5, 0, 0.0020289641945002640083872909, 11859.43, -1642.728, -6.594189, 0.004862703, 0.07868536, 165.8076, 1.197873, 0.743877, 0.7735416
 
8.410097, -0.001544638, -0.01040619, 5, 0, 0.0020371729028239285014229434, 11834.89, -1642.728, -6.594189, 0.004862703, 0.07868536, 165.6518, 1.197873, 0.743877, 0.7735416
 
8.420097, -0.001538518, -0.01042163, 5, 0, 0.0020441762491872276546881467, 11810.41, -1642.728, -6.594189, 0.004862703, 0.07868536, 165.4961, 1.197873, 0.743877, 0.7735416
 
8.430098, -0.001527776, -0.01043702, 5, 0, 0.0020510539027257828286724743, 11785.97, -1642.728, -6.594189, 0.004862703, 0.07868536, 165.3405, 1.197873, 0.743877, 0.7735416
 
8.440098, -0.001559282, -0.0104523, 5, 0, 0.0020591868730653067188081119, 11761.59, -1642.728, -6.594189, 0.004862703, 0.07868536, 165.185, 1.197873, 0.743877, 0.7735416
 
8.450098, -0.001583781, -0.01046789, 5, 0, 0.0020671973734730287829777681, 11737.25, -1642.728, -6.594189, 0.004862703, 0.07868536, 165.0297, 1.197872, 0.743877, 0.7735416
 
8.460098, -0.001555532, -0.01048373, 5, 0, 0.0020737027828767652490918099, 11712.96, -1642.728, -6.594189, 0.004862703, 0.07868536, 164.8745, 1.197872, 0.743877, 0.7735416
 
8.470098, -0.001552933, -0.01049928, 5, 0, 0.0020809381775318994410293991, 11688.73, -1642.728, -6.594189, 0.004862703, 0.07868536, 164.7194, 1.197872, 0.743877, 0.7735416
 
8.480099, -0.001571202, -0.01051481, 5, 0, 0.0020888197622219353726032853, 11664.54, -1642.728, -6.594189, 0.004862703, 0.07868536, 164.5645, 1.197872, 0.743877, 0.7735416
 
8.490099, -0.001540781, -0.01053052, 5, 0, 0.0020952945541427213822258318, 11640.39, -1642.728, -6.594189, 0.004862703, 0.07868536, 164.4097, 1.197872, 0.743877, 0.7735416
 
8.500099, -0.001518462, -0.01054593, 5, 0, 0.0021019707768723919740292688, 11616.3, -1642.728, -6.594189, 0.004862703, 0.07868536, 164.255, 1.197872, 0.743877, 0.7735416
 
8.510099, -0.001518563, -0.01056112, 5, 0, 0.0021093012468693196887562384, 11592.26, -1642.728, -6.594189, 0.004862703, 0.07868536, 164.1004, 1.197871, 0.743877, 0.7735416
 
8.5201, -0.001479267, -0.0105763, 5, 0, 0.0021154601952817746735191485, 11568.27, -1642.728, -6.594189, 0.004862703, 0.07868536, 163.9459, 1.197871, 0.743877, 0.7735416
 
8.5301, -0.001466725, -0.01059109, 5, 0, 0.0021223700777497513806524186, 11544.32, -1642.728, -6.594189, 0.004862703, 0.07868536, 163.7916, 1.197871, 0.743877, 0.7735416
 
8.5401, -0.00146875, -0.01060576, 5, 0, 0.0021297198851043320152687536, 11520.42, -1642.728, -6.594189, 0.004862703, 0.07868536, 163.6374, 1.197871, 0.743877, 0.7735416
 
8.5501, -0.001505283, -0.01062045, 5, 0, 0.0021381461387015918570597679, 11496.57, -1642.728, -6.594189, 0.004862703, 0.07868536, 163.4833, 1.197871, 0.743877, 0.7735416
 
8.560101, -0.001472508, -0.0106355, 5, 0, 0.0021445532498705926470695352, 11472.76, -1642.728, -6.594189, 0.004862703, 0.07868536, 163.3293, 1.19787, 0.743877, 0.7735416
 
8.570101, -0.001466276, -0.01065023, 5, 0, 0.0021517274095598259260241337, 11449, -1642.728, -6.594189, 0.004862703, 0.07868536, 163.1755, 1.19787, 0.743877, 0.7735416
 
8.580101, -0.001495298, -0.01066489, 5, 0, 0.0021599909070635070254129884, 11425.29, -1642.728, -6.594189, 0.004862703, 0.07868536, 163.0217, 1.19787, 0.743877, 0.7735416
 
8.590101, -0.001536432, -0.01067984, 5, 0, 0.0021687088324720317422019322, 11401.63, -1642.728, -6.594189, 0.004862703, 0.07868536, 162.8681, 1.19787, 0.743877, 0.7735416
 
8.600101, -0.001526533, -0.01069521, 5, 0, 0.0021759635644848188540288870, 11378.02, -1642.728, -6.594189, 0.004862703, 0.07868536, 162.7146, 1.19787, 0.743877, 0.7735416
 
8.610102, -0.001531471, -0.01071047, 5, 0, 0.0021836775587418628132282722, 11354.45, -1642.728, -6.594189, 0.004862703, 0.07868536, 162.5613, 1.197869, 0.743877, 0.7735416
 
8.620102, -0.001560722, -0.01072579, 5, 0, 0.0021921779388767921812618543, 11330.93, -1642.728, -6.594189, 0.004862703, 0.07868536, 162.408, 1.197869, 0.743877, 0.7735416
 
8.630102, -0.001612687, -0.01074139, 5, 0, 0.0022014647048896069581296331, 11307.47, -1642.728, -6.594189, 0.004862703, 0.07868536, 162.2549, 1.197869, 0.743877, 0.7735416
 
8.640102, -0.001606273, -0.01075752, 5, 0, 0.0022090739551260309345949552, 11284.04, -1642.728, -6.594189, 0.004862703, 0.07868536, 162.1019, 1.197869, 0.743877, 0.7735416
 
8.650103, -0.001625091, -0.01077358, 5, 0, 0.0022174776484726957031817098, 11260.66, -1642.728, -6.594189, 0.004862703, 0.07868536, 161.949, 1.197869, 0.743877, 0.7735416
 
8.660103, -0.001667498, -0.01078983, 5, 0, 0.0022266790078225434172047910, 11237.33, -1642.728, -6.594189, 0.004862703, 0.07868536, 161.7963, 1.197868, 0.743877, 0.7735416
 
8.670103, -0.001642413, -0.01080651, 5, 0, 0.0022338886193341403826232262, 11214.05, -1642.728, -6.594189, 0.004862703, 0.07868536, 161.6437, 1.197868, 0.743877, 0.7735416
 
8.680103, -0.001651284, -0.01082293, 5, 0, 0.0022421295565872264088078212, 11190.81, -1642.728, -6.594189, 0.004862703, 0.07868536, 161.4911, 1.197868, 0.743877, 0.7735416
 
8.690104, -0.001626378, -0.01083945, 5, 0, 0.0022493536711170630641432806, 11167.62, -1642.728, -6.594189, 0.004862703, 0.07868536, 161.3387, 1.197868, 0.743877, 0.7735416
 
8.700104, -0.001617972, -0.01085571, 5, 0, 0.0022570676653741070233426658, 11144.47, -1642.728, -6.594189, 0.004862703, 0.07868536, 161.1865, 1.197868, 0.743877, 0.7735416
 
8.710104, -0.001628036, -0.01087189, 5, 0, 0.0022653682261466228858528044, 11121.38, -1642.728, -6.594189, 0.004862703, 0.07868536, 161.0343, 1.197867, 0.743877, 0.7735416
 
8.720104, -0.001584194, -0.01088817, 5, 0, 0.0022720138313933430211647461, 11098.32, -1642.728, -6.594189, 0.004862703, 0.07868536, 160.8823, 1.197867, 0.743877, 0.7735416
 
8.730104, -0.001596514, -0.01090401, 5, 0, 0.0022803643470064622600557455, 11075.31, -1642.728, -6.594189, 0.004862703, 0.07868536, 160.7303, 1.197867, 0.743877, 0.7735416
 
8.740105, -0.001605517, -0.01091998, 5, 0, 0.0022886600734395648925935427, 11052.35, -1642.728, -6.594189, 0.004862703, 0.07868536, 160.5785, 1.197867, 0.743877, 0.7735416
 
8.750105, -0.001589191, -0.01093603, 5, 0, 0.0022961935856918482661588500, 11029.44, -1642.728, -6.594189, 0.004862703, 0.07868536, 160.4268, 1.197867, 0.743877, 0.7735416
 
8.760105, -0.001578819, -0.01095193, 5, 0, 0.0023039059685024211487007881, 11006.56, -1642.728, -6.594189, 0.004862703, 0.07868536, 160.2753, 1.197866, 0.743877, 0.7735416
 
8.770105, -0.001594687, -0.01096771, 5, 0, 0.0023124563034779538931152310, 10983.74, -1642.728, -6.594189, 0.004862703, 0.07868536, 160.1238, 1.197866, 0.743877, 0.7735416
 
8.780106, -0.001578074, -0.01098366, 5, 0, 0.0023200268789990720298018222, 10960.96, -1642.728, -6.594189, 0.004862703, 0.07868536, 159.9725, 1.197866, 0.743877, 0.7735416
 
8.790106, -0.00158826, -0.01099944, 5, 0, 0.0023284450753639764883056008, 10938.22, -1642.728, -6.594189, 0.004862703, 0.07868536, 159.8213, 1.197866, 0.743877, 0.7735416
 
8.800106, -0.001613226, -0.01101532, 5, 0, 0.0023373821574925676305073536, 10915.54, -1642.728, -6.594189, 0.004862703, 0.07868536, 159.6702, 1.197865, 0.743877, 0.7735416
 
8.810106, -0.00159532, -0.01103146, 5, 0, 0.0023450220252119420634641711, 10892.89, -1642.728, -6.594189, 0.004862703, 0.07868536, 159.5192, 1.197865, 0.743877, 0.7735416
 
8.820107, -0.00160452, -0.01104741, 5, 0, 0.0023535175710074582015254118, 10870.29, -1642.728, -6.594189, 0.004862703, 0.07868536, 159.3683, 1.197865, 0.743877, 0.7735416
 
8.830107, -0.001631823, -0.01106345, 5, 0, 0.0023626448038196363893059252, 10847.74, -1642.728, -6.594189, 0.004862703, 0.07868536, 159.2175, 1.197865, 0.743877, 0.7735416
 
8.840107, -0.00163104, -0.01107977, 5, 0, 0.0023709485874850944051309581, 10825.23, -1642.728, -6.594189, 0.004862703, 0.07868536, 159.0669, 1.197865, 0.743877, 0.7735416
 
8.850107, -0.001649188, -0.01109608, 5, 0, 0.0023798888925066277006476051, 10802.76, -1642.728, -6.594189, 0.004862703, 0.07868536, 158.9164, 1.197864, 0.743877, 0.7735416
 
8.860107, -0.001685066, -0.01111257, 5, 0, 0.0023894705532236495058282077, 10780.34, -1642.728, -6.594189, 0.004862703, 0.07868536, 158.7659, 1.197864, 0.743877, 0.7735416
 
8.870108, -0.001678489, -0.01112942, 5, 0, 0.0023977759483355785983106877, 10757.96, -1642.728, -6.594189, 0.004862703, 0.07868536, 158.6156, 1.197864, 0.743877, 0.7735416
 
8.880108, -0.001698597, -0.01114621, 5, 0, 0.0024069611932207155457592976, 10735.63, -1642.728, -6.594189, 0.004862703, 0.07868536, 158.4655, 1.197864, 0.743877, 0.7735416
 
8.890108, -0.001681729, -0.0111632, 5, 0, 0.0024150087568972723730502376, 10713.34, -1642.728, -6.594189, 0.004862703, 0.07868536, 158.3154, 1.197863, 0.743877, 0.7735416
 
8.900108, -0.001678088, -0.01118001, 5, 0, 0.0024234785195492512845923243, 10691.1, -1642.728, -6.594189, 0.004862703, 0.07868536, 158.1655, 1.197863, 0.743877, 0.7735416
 
8.910109, -0.001642601, -0.01119679, 5, 0, 0.0024309185679062122120256984, 10668.9, -1642.728, -6.594189, 0.004862703, 0.07868536, 158.0156, 1.197863, 0.743877, 0.7735416
 
8.920109, -0.001639076, -0.01121322, 5, 0, 0.0024393577130752406670762897, 10646.74, -1642.728, -6.594189, 0.004862703, 0.07868536, 157.8659, 1.197863, 0.743877, 0.7735416
 
8.930109, -0.001664333, -0.01122961, 5, 0, 0.0024487621146804440399377086, 10624.63, -1642.728, -6.594189, 0.004862703, 0.07868536, 157.7163, 1.197863, 0.743877, 0.7735416
 
8.940109, -0.001637016, -0.01124625, 5, 0, 0.0024565131722063227622583777, 10602.56, -1642.728, -6.594189, 0.004862703, 0.07868536, 157.5668, 1.197862, 0.743877, 0.7735416
 
8.950109, -0.001655468, -0.01126262, 5, 0, 0.0024657435375926498561155071, 10580.54, -1642.728, -6.594189, 0.004862703, 0.07868536, 157.4174, 1.197862, 0.743877, 0.7735416
 
8.96011, -0.001675036, -0.01127918, 5, 0, 0.0024750786469995969327066997, 10558.55, -1642.728, -6.594189, 0.004862703, 0.07868536, 157.2682, 1.197862, 0.743877, 0.7735416
 
8.97011, -0.001670474, -0.01129593, 5, 0, 0.0024836821597086752068168977, 10536.62, -1642.728, -6.594189, 0.004862703, 0.07868536, 157.119, 1.197862, 0.743877, 0.7735416
 
8.98011, -0.001687946, -0.01131263, 5, 0, 0.0024930366064732752032974557, 10514.72, -1642.728, -6.594189, 0.004862703, 0.07868536, 156.97, 1.197861, 0.743877, 0.7735416
 
8.99011, -0.001675516, -0.01132951, 5, 0, 0.0025014580257311218151161286, 10492.87, -1642.728, -6.594189, 0.004862703, 0.07868536, 156.821, 1.197861, 0.743877, 0.7735416
 
9.000111, -0.001686984, -0.01134627, 5, 0, 0.0025106771109921513723711282, 10471.06, -1642.728, -6.594189, 0.004862703, 0.07868536, 156.6722, 1.197861, 0.743877, 0.7735416
 
9.010111, -0.001655341, -0.01136314, 5, 0, 0.0025185022950556996209343650, 10449.29, -1642.728, -6.594189, 0.004862703, 0.07868536, 156.5235, 1.197861, 0.743877, 0.7735416
 
9.020111, -0.001642647, -0.01137969, 5, 0, 0.0025269204914206040794381437, 10427.57, -1642.728, -6.594189, 0.004862703, 0.07868536, 156.3749, 1.197861, 0.743877, 0.7735416
 
9.030111, -0.001666217, -0.01139612, 5, 0, 0.0025365537184247003376570543, 10405.89, -1642.728, -6.594189, 0.004862703, 0.07868536, 156.2264, 1.19786, 0.743877, 0.7735416
 
9.040112, -0.001653269, -0.01141278, 5, 0, 0.0025450395955413900157736122, 10384.25, -1642.728, -6.594189, 0.004862703, 0.07868536, 156.078, 1.19786, 0.743877, 0.7735416
 
9.050112, -0.001671636, -0.01142931, 5, 0, 0.0025545793586501638278605896, 10362.65, -1642.728, -6.594189, 0.004862703, 0.07868536, 155.9298, 1.19786, 0.743877, 0.7735416
 
9.060112, -0.001703991, -0.01144603, 5, 0, 0.0025646621792196904735072479, 10341.1, -1642.728, -6.594189, 0.004862703, 0.07868536, 155.7816, 1.19786, 0.743877, 0.7735416
 
9.070112, -0.001715018, -0.01146307, 5, 0, 0.0025741245928978526060367633, 10319.59, -1642.728, -6.594189, 0.004862703, 0.07868536, 155.6336, 1.197859, 0.743877, 0.7735416
 
9.080112, -0.001740671, -0.01148022, 5, 0, 0.0025841381212691229554131953, 10298.12, -1642.728, -6.594189, 0.004862703, 0.07868536, 155.4857, 1.197859, 0.743877, 0.7735416
 
9.090113, -0.001738876, -0.01149763, 5, 0, 0.0025933024173501359063149926, 10276.69, -1642.728, -6.594189, 0.004862703, 0.07868536, 155.3378, 1.197859, 0.743877, 0.7735416
 
9.100113, -0.001759646, -0.01151501, 5, 0, 0.0026032611565413896493382223, 10255.31, -1642.728, -6.594189, 0.004862703, 0.07868536, 155.1901, 1.197859, 0.743877, 0.7735416
 
9.110113, -0.001746715, -0.01153261, 5, 0, 0.0026121434494899641851867729, 10233.96, -1642.728, -6.594189, 0.004862703, 0.07868536, 155.0425, 1.197858, 0.743877, 0.7735416
 
9.120113, -0.001757239, -0.01155008, 5, 0, 0.0026218282427811348964439915, 10212.66, -1642.728, -6.594189, 0.004862703, 0.07868536, 154.895, 1.197858, 0.743877, 0.7735416
 
9.130114, -0.00174898, -0.01156765, 5, 0, 0.0026309200237709493977606682, 10191.4, -1642.728, -6.594189, 0.004862703, 0.07868536, 154.7476, 1.197858, 0.743877, 0.7735416
 
9.140114, -0.001757055, -0.01158514, 5, 0, 0.0026405838682579961124710741, 10170.18, -1642.728, -6.594189, 0.004862703, 0.07868536, 154.6003, 1.197858, 0.743877, 0.7735416
 
9.150114, -0.001739967, -0.01160271, 5, 0, 0.0026494274864912648085408937, 10149, -1642.728, -6.594189, 0.004862703, 0.07868536, 154.4532, 1.197857, 0.743877, 0.7735416
 
9.160114, -0.001740016, -0.01162011, 5, 0, 0.0026588480025611789479767838, 10127.87, -1642.728, -6.594189, 0.004862703, 0.07868536, 154.3061, 1.197857, 0.743877, 0.7735416
 
9.170115, -0.001767964, -0.01163751, 5, 0, 0.0026692676154431606150298912, 10106.78, -1642.728, -6.594189, 0.004862703, 0.07868536, 154.1592, 1.197857, 0.743877, 0.7735416
 
9.180115, -0.001757929, -0.01165519, 5, 0, 0.0026784625290071240224231839, 10085.73, -1642.728, -6.594189, 0.004862703, 0.07868536, 154.0123, 1.197857, 0.743877, 0.7735416
 
9.190115, -0.001786722, -0.01167277, 5, 0, 0.0026890142804997339753869555, 10064.71, -1642.728, -6.594189, 0.004862703, 0.07868536, 153.8656, 1.197856, 0.743877, 0.7735416
 
9.200115, -0.001781556, -0.01169064, 5, 0, 0.0026984783056243671845739180, 10043.75, -1642.728, -6.594189, 0.004862703, 0.07868536, 153.719, 1.197856, 0.743877, 0.7735416
 
9.210115, -0.001798015, -0.01170845, 5, 0, 0.0027087158250551171893355003, 10022.82, -1642.728, -6.594189, 0.004862703, 0.07868536, 153.5725, 1.197856, 0.743877, 0.7735416
 
9.220116, -0.001784877, -0.01172643, 5, 0, 0.0027179864766032211996288079, 10001.93, -1642.728, -6.594189, 0.004862703, 0.07868536, 153.4261, 1.197856, 0.743877, 0.7735416
 
9.230116, -0.001804168, -0.01174428, 5, 0, 0.0027283915864669631767648911, 9981.085, -1642.728, -6.594189, 0.004862703, 0.07868536, 153.2798, 1.197855, 0.743877, 0.7735416
 
9.240116, -0.00178902, -0.01176232, 5, 0, 0.0027376622380150671870581987, 9960.28, -1642.728, -6.594189, 0.004862703, 0.07868536, 153.1336, 1.197855, 0.743877, 0.7735416
 
9.250116, -0.001808322, -0.01178021, 5, 0, 0.0027481398629700076137794025, 9939.516, -1642.728, -6.594189, 0.004862703, 0.07868536, 152.9875, 1.197855, 0.743877, 0.7735416
 
9.260117, -0.001793522, -0.0117983, 5, 0, 0.0027574894753951943802876192, 9918.789, -1642.728, -6.594189, 0.004862703, 0.07868536, 152.8416, 1.197855, 0.743877, 0.7735416
 
9.270117, -0.001813234, -0.01181623, 5, 0, 0.0027680573413525150998258620, 9898.103, -1642.728, -6.594189, 0.004862703, 0.07868536, 152.6957, 1.197854, 0.743877, 0.7735416
 
9.280117, -0.00180752, -0.01183436, 5, 0, 0.0027777985352701734940937300, 9877.458, -1642.728, -6.594189, 0.004862703, 0.07868536, 152.5499, 1.197854, 0.743877, 0.7735416
 
9.290117, -0.001819008, -0.01185244, 5, 0, 0.0027881698047580228614234236, 9856.853, -1642.728, -6.594189, 0.004862703, 0.07868536, 152.4043, 1.197854, 0.743877, 0.7735416
 
9.300117, -0.001807713, -0.01187063, 5, 0, 0.0027977853058509372764104158, 9836.288, -1642.728, -6.594189, 0.004862703, 0.07868536, 152.2587, 1.197854, 0.743877, 0.7735416
 
9.310118, -0.001755318, -0.01188871, 5, 0, 0.0028059376135481140864354189, 9815.765, -1642.728, -6.594189, 0.004862703, 0.07868536, 152.1133, 1.197853, 0.743877, 0.7735416
 
9.320118, -0.001757074, -0.01190626, 5, 0, 0.0028159301931152604392650383, 9795.278, -1642.728, -6.594189, 0.004862703, 0.07868536, 151.9679, 1.197853, 0.743877, 0.7735416
 
9.330118, -0.001737293, -0.01192383, 5, 0, 0.0028251831187521664918617167, 9774.835, -1642.728, -6.594189, 0.004862703, 0.07868536, 151.8227, 1.197853, 0.743877, 0.7735416
 
9.340118, -0.00172254, -0.0119412, 5, 0, 0.0028345988004826674013252655, 9754.429, -1642.728, -6.594189, 0.004862703, 0.07868536, 151.6776, 1.197853, 0.743877, 0.7735416
 
9.350119, -0.001759539, -0.01195843, 5, 0, 0.0028458708685478486201679017, 9734.063, -1642.728, -6.594189, 0.004862703, 0.07868536, 151.5325, 1.197852, 0.743877, 0.7735416
 
9.360119, -0.00176135, -0.01197602, 5, 0, 0.0028559955867256393733728961, 9713.737, -1642.728, -6.594189, 0.004862703, 0.07868536, 151.3876, 1.197852, 0.743877, 0.7735416
 
9.370119, -0.001787161, -0.01199364, 5, 0, 0.0028670227149272169402835694, 9693.451, -1642.728, -6.594189, 0.004862703, 0.07868536, 151.2428, 1.197852, 0.743877, 0.7735416
 
9.380119, -0.001783893, -0.01201151, 5, 0, 0.0028770910324785038960132036, 9673.205, -1642.728, -6.594189, 0.004862703, 0.07868536, 151.0981, 1.197852, 0.743877, 0.7735416
 
9.39012, -0.001803329, -0.01202935, 5, 0, 0.0028880069708735610590953146, 9653, -1642.728, -6.594189, 0.004862703, 0.07868536, 150.9535, 1.197851, 0.743877, 0.7735416
 
9.40012, -0.001796154, -0.01204738, 5, 0, 0.0028980350022630710983887707, 9632.83, -1642.728, -6.594189, 0.004862703, 0.07868536, 150.809, 1.197851, 0.743877, 0.7735416
 
9.41012, -0.001827032, -0.01206534, 5, 0, 0.0029094633806359628674684888, 9612.697, -1642.728, -6.594189, 0.004862703, 0.07868536, 150.6646, 1.197851, 0.743877, 0.7735416
 
9.42012, -0.001835869, -0.01208361, 5, 0, 0.0029201972255798044827237855, 9592.604, -1642.728, -6.594189, 0.004862703, 0.07868536, 150.5203, 1.19785, 0.743877, 0.7735416
 
9.43012, -0.001876902, -0.01210197, 5, 0, 0.0029321606041810775876112382, 9572.553, -1642.728, -6.594189, 0.004862703, 0.07868536, 150.3761, 1.19785, 0.743877, 0.7735416
 
9.440121, -0.001875599, -0.01212074, 5, 0, 0.0029427075213342743106026684, 9552.539, -1642.728, -6.594189, 0.004862703, 0.07868536, 150.232, 1.19785, 0.743877, 0.7735416
 
9.450121, -0.00185992, -0.01213949, 5, 0, 0.0029527565015279244609076478, 9532.564, -1642.728, -6.594189, 0.004862703, 0.07868536, 150.088, 1.19785, 0.743877, 0.7735416
 
9.460121, -0.001863308, -0.01215809, 5, 0, 0.0029635000151505603071782057, 9512.629, -1642.728, -6.594189, 0.004862703, 0.07868536, 149.9441, 1.197849, 0.743877, 0.7735416
 
9.470121, -0.001854035, -0.01217673, 5, 0, 0.0029738164954584091826194079, 9492.733, -1642.728, -6.594189, 0.004862703, 0.07868536, 149.8003, 1.197849, 0.743877, 0.7735416
 
9.480122, -0.001876681, -0.01219527, 5, 0, 0.0029853238347083675934493243, 9472.87, -1642.728, -6.594189, 0.004862703, 0.07868536, 149.6566, 1.197849, 0.743877, 0.7735416
 
9.490122, -0.00187417, -0.01221403, 5, 0, 0.0029959883874539690268991054, 9453.054, -1642.728, -6.594189, 0.004862703, 0.07868536, 149.513, 1.197848, 0.743877, 0.7735416
 
9.500122, -0.001890021, -0.01223278, 5, 0, 0.0030073619766468119606961997, 9433.271, -1642.728, -6.594189, 0.004862703, 0.07868536, 149.3696, 1.197848, 0.743877, 0.7735416
 
9.510122, -0.001891344, -0.01225168, 5, 0, 0.0030182682463630426638336280, 9413.526, -1642.728, -6.594189, 0.004862703, 0.07868536, 149.2262, 1.197848, 0.743877, 0.7735416
 
9.520123, -0.001869378, -0.01227059, 5, 0, 0.0030283430097002300406577614, 9393.819, -1642.728, -6.594189, 0.004862703, 0.07868536, 149.0829, 1.197848, 0.743877, 0.7735416
 
9.530123, -0.001893812, -0.01228928, 5, 0, 0.0030401291291896847132260304, 9374.151, -1642.728, -6.594189, 0.004862703, 0.07868536, 148.9397, 1.197847, 0.743877, 0.7735416
 
9.540123, -0.00187726, -0.01230822, 5, 0, 0.0030504746155339968540365701, 9354.523, -1642.728, -6.594189, 0.004862703, 0.07868536, 148.7967, 1.197847, 0.743877, 0.7735416
 
9.550123, -0.001895261, -0.01232699, 5, 0, 0.0030621092590551542063400986, 9334.931, -1642.728, -6.594189, 0.004862703, 0.07868536, 148.6537, 1.197847, 0.743877, 0.7735416
 
9.560123, -0.001894448, -0.01234595, 5, 0, 0.0030731170498990949678261172, 9315.376, -1642.728, -6.594189, 0.004862703, 0.07868536, 148.5108, 1.197846, 0.743877, 0.7735416
 
9.570124, -0.001927274, -0.01236489, 5, 0, 0.0030854252780451784774072545, 9295.856, -1642.728, -6.594189, 0.004862703, 0.07868536, 148.368, 1.197846, 0.743877, 0.7735416
 
9.580124, -0.001945613, -0.01238416, 5, 0, 0.0030973048614299717105721675, 9276.38, -1642.728, -6.594189, 0.004862703, 0.07868536, 148.2254, 1.197846, 0.743877, 0.7735416
 
9.590124, -0.001919294, -0.01240362, 5, 0, 0.0031075762212365982106754287, 9256.938, -1642.728, -6.594189, 0.004862703, 0.07868536, 148.0828, 1.197846, 0.743877, 0.7735416
 
9.600124, -0.001935033, -0.01242281, 5, 0, 0.0031194090726737302207743750, 9237.531, -1642.728, -6.594189, 0.004862703, 0.07868536, 147.9404, 1.197845, 0.743877, 0.7735416
 
9.610125, -0.001931385, -0.01244216, 5, 0, 0.0031305812310576885723905788, 9218.163, -1642.728, -6.594189, 0.004862703, 0.07868536, 147.798, 1.197845, 0.743877, 0.7735416
 
9.620125, -0.001911459, -0.01246148, 5, 0, 0.0031411571542473646752160572, 9198.838, -1642.728, -6.594189, 0.004862703, 0.07868536, 147.6557, 1.197845, 0.743877, 0.7735416
 
9.630125, -0.00190708, -0.01248059, 5, 0, 0.0031523099752736862214076063, 9179.546, -1642.728, -6.594189, 0.004862703, 0.07868536, 147.5135, 1.197844, 0.743877, 0.7735416
 
9.640125, -0.001898195, -0.01249966, 5, 0, 0.0031633129317781815239918620, 9160.29, -1642.728, -6.594189, 0.004862703, 0.07868536, 147.3715, 1.197844, 0.743877, 0.7735416
 
9.650126, -0.001910918, -0.01251864, 5, 0, 0.0031751570633406271851576490, 9141.071, -1642.728, -6.594189, 0.004862703, 0.07868536, 147.2295, 1.197844, 0.743877, 0.7735416
 
9.660126, -0.001906913, -0.01253775, 5, 0, 0.0031864259085128662506853910, 9121.892, -1642.728, -6.594189, 0.004862703, 0.07868536, 147.0876, 1.197844, 0.743877, 0.7735416
 
9.670126, -0.001892316, -0.01255682, 5, 0, 0.0031973144523178989961261901, 9102.743, -1642.728, -6.594189, 0.004862703, 0.07868536, 146.9459, 1.197843, 0.743877, 0.7735416
 
9.680126, -0.001901639, -0.01257575, 5, 0, 0.0032091182977185516263910882, 9083.64, -1642.728, -6.594189, 0.004862703, 0.07868536, 146.8042, 1.197843, 0.743877, 0.7735416
 
9.690126, -0.001891492, -0.01259476, 5, 0, 0.0032202324440295834472686170, 9064.567, -1642.728, -6.594189, 0.004862703, 0.07868536, 146.6626, 1.197843, 0.743877, 0.7735416
 
9.700127, -0.001905047, -0.01261368, 5, 0, 0.0032322715606149810405913738, 9045.536, -1642.728, -6.594189, 0.004862703, 0.07868536, 146.5212, 1.197842, 0.743877, 0.7735416
 
9.710127, -0.001907455, -0.01263273, 5, 0, 0.0032439497131908735771106854, 9026.539, -1642.728, -6.594189, 0.004862703, 0.07868536, 146.3798, 1.197842, 0.743877, 0.7735416
 
9.720127, -0.001894793, -0.0126518, 5, 0, 0.0032550848083059971656056053, 9007.577, -1642.728, -6.594189, 0.004862703, 0.07868536, 146.2385, 1.197842, 0.743877, 0.7735416
 
9.730127, -0.0019175, -0.01267075, 5, 0, 0.0032676009130468817929268433, 8988.649, -1642.728, -6.594189, 0.004862703, 0.07868536, 146.0973, 1.197841, 0.743877, 0.7735416
 
9.740128, -0.00193053, -0.01268992, 5, 0, 0.0032798366261017346239934385, 8969.759, -1642.728, -6.594189, 0.004862703, 0.07868536, 145.9562, 1.197841, 0.743877, 0.7735416
 
9.750128, -0.001969388, -0.01270923, 5, 0, 0.0032931536197387443500658974, 8950.906, -1642.728, -6.594189, 0.004862703, 0.07868536, 145.8152, 1.197841, 0.743877, 0.7735416
 
9.760128, -0.00198647, -0.01272892, 5, 0, 0.0033057567425890026590304370, 8932.092, -1642.728, -6.594189, 0.004862703, 0.07868536, 145.6744, 1.19784, 0.743877, 0.7735416
 
9.770128, -0.00197845, -0.01274879, 5, 0, 0.0033174558439690191920965612, 8913.314, -1642.728, -6.594189, 0.004862703, 0.07868536, 145.5336, 1.19784, 0.743877, 0.7735416
 
9.780128, -0.001999352, -0.01276857, 5, 0, 0.0033303103524688138030169846, 8894.571, -1642.728, -6.594189, 0.004862703, 0.07868536, 145.3929, 1.19784, 0.743877, 0.7735416
 
9.790129, -0.002005024, -0.01278857, 5, 0, 0.0033426588667766742290343000, 8875.862, -1642.728, -6.594189, 0.004862703, 0.07868536, 145.2523, 1.197839, 0.743877, 0.7735416
 
9.800129, -0.001996644, -0.01280862, 5, 0, 0.0033545029983390876612706655, 8857.189, -1642.728, -6.594189, 0.004862703, 0.07868536, 145.1118, 1.197839, 0.743877, 0.7735416
 
9.810129, -0.002017419, -0.01282858, 5, 0, 0.0033675202629324449001285377, 8838.552, -1642.728, -6.594189, 0.004862703, 0.07868536, 144.9714, 1.197839, 0.743877, 0.7735416
 
9.820129, -0.002017092, -0.01284876, 5, 0, 0.0033797930392561486087811275, 8819.95, -1642.728, -6.594189, 0.004862703, 0.07868536, 144.8311, 1.197839, 0.743877, 0.7735416
 
9.83013, -0.002014901, -0.01286893, 5, 0, 0.0033920271408645787065844079, 8801.387, -1642.728, -6.594189, 0.004862703, 0.07868536, 144.6909, 1.197838, 0.743877, 0.7735416
 
9.84013, -0.002043091, -0.01288908, 5, 0, 0.0034055085020416060227870519, 8782.854, -1642.728, -6.594189, 0.004862703, 0.07868536, 144.5508, 1.197838, 0.743877, 0.7735416
 
9.85013, -0.002055091, -0.01290951, 5, 0, 0.0034184564744367069653746977, 8764.36, -1642.728, -6.594189, 0.004862703, 0.07868536, 144.4107, 1.197837, 0.743877, 0.7735416
 
9.86013, -0.002053584, -0.01293006, 5, 0, 0.0034309371273552117917673881, 8745.897, -1642.728, -6.594189, 0.004862703, 0.07868536, 144.2708, 1.197837, 0.743877, 0.7735416
 
9.870131, -0.002033351, -0.0129506, 5, 0, 0.0034426990751476003144739503, 8727.475, -1642.728, -6.594189, 0.004862703, 0.07868536, 144.131, 1.197837, 0.743877, 0.7735416
 
9.880131, -0.002054749, -0.01297093, 5, 0, 0.0034561224242516688710084978, 8709.082, -1642.728, -6.594189, 0.004862703, 0.07868536, 143.9912, 1.197837, 0.743877, 0.7735416
 
9.890131, -0.002057656, -0.01299148, 5, 0, 0.0034688963604278774201271434, 8690.728, -1642.728, -6.594189, 0.004862703, 0.07868536, 143.8516, 1.197836, 0.743877, 0.7735416
 
9.900131, -0.002053257, -0.01301205, 5, 0, 0.0034814221338475562784636425, 8672.408, -1642.728, -6.594189, 0.004862703, 0.07868536, 143.712, 1.197836, 0.743877, 0.7735416
 
9.910131, -0.002078394, -0.01303259, 5, 0, 0.0034951726065852533964599564, 8654.122, -1642.728, -6.594189, 0.004862703, 0.07868536, 143.5726, 1.197836, 0.743877, 0.7735416
 
9.920132, -0.002083798, -0.01305337, 5, 0, 0.0035082333802333458195336116, 8635.87, -1642.728, -6.594189, 0.004862703, 0.07868536, 143.4332, 1.197835, 0.743877, 0.7735416
 
9.930132, -0.002077297, -0.01307421, 5, 0, 0.0035208655091201157372616210, 8617.654, -1642.728, -6.594189, 0.004862703, 0.07868536, 143.2939, 1.197835, 0.743877, 0.7735416
 
9.940132, -0.002058448, -0.01309498, 5, 0, 0.0035330142040655465432907823, 8599.475, -1642.728, -6.594189, 0.004862703, 0.07868536, 143.1547, 1.197834, 0.743877, 0.7735416
 
9.950132, -0.002071851, -0.01311557, 5, 0, 0.0035464681706525816707815359, 8581.326, -1642.728, -6.594189, 0.004862703, 0.07868536, 143.0157, 1.197834, 0.743877, 0.7735416
 
9.960133, -0.002071856, -0.01313628, 5, 0, 0.0035594515948700140709035969, 8563.216, -1642.728, -6.594189, 0.004862703, 0.07868536, 142.8767, 1.197834, 0.743877, 0.7735416
 
9.970133, -0.002060947, -0.013157, 5, 0, 0.0035720289345767834967431149, 8545.139, -1642.728, -6.594189, 0.004862703, 0.07868536, 142.7378, 1.197834, 0.743877, 0.7735416
 
9.980133, -0.002040033, -0.01317761, 5, 0, 0.0035842050241122387204135880, 8527.095, -1642.728, -6.594189, 0.004862703, 0.07868536, 142.599, 1.197833, 0.743877, 0.7735416
 
9.990133, -0.002050343, -0.01319801, 5, 0, 0.0035976493220204473879596589, 8509.084, -1642.728, -6.594189, 0.004862703, 0.07868536, 142.4603, 1.197833, 0.743877, 0.7735416
 
10.00013, -0.002049595, -0.01321852, 5, 0, 0.0036107052613291104665962621, 8491.112, -1642.728, -6.594189, 0.004862703, 0.07868536, 142.3217, 1.197833, 0.743877, 0.7735416
 
10.01013, -0.002037175, -0.01323901, 5, 0, 0.0036233180528581952355054844, 8473.171, -1642.728, -6.594189, 0.004862703, 0.07868536, 142.1831, 1.197832, 0.743877, 0.7735416
 
10.02013, -0.002061859, -0.01325938, 5, 0, 0.0036374746101066197856431844, 8455.265, -1642.728, -6.594189, 0.004862703, 0.07868536, 142.0447, 1.197832, 0.743877, 0.7735416
 
10.03013, -0.002068694, -0.01328, 5, 0, 0.0036510010917848533627190587, 8437.396, -1642.728, -6.594189, 0.004862703, 0.07868536, 141.9064, 1.197832, 0.743877, 0.7735416
 
10.04013, -0.002058998, -0.01330069, 5, 0, 0.0036639007207858058911185800, 8419.558, -1642.728, -6.594189, 0.004862703, 0.07868536, 141.7681, 1.197831, 0.743877, 0.7735416
 
10.05013, -0.002034076, -0.01332128, 5, 0, 0.0036761783314489389442082219, 8401.753, -1642.728, -6.594189, 0.004862703, 0.07868536, 141.63, 1.197831, 0.743877, 0.7735416
 
10.06013, -0.002053554, -0.01334162, 5, 0, 0.0036902817109638179646501668, 8383.984, -1642.728, -6.594189, 0.004862703, 0.07868536, 141.492, 1.19783, 0.743877, 0.7735416
 
10.07014, -0.002060995, -0.01336215, 5, 0, 0.0037039790059679534384860147, 8366.251, -1642.728, -6.594189, 0.004862703, 0.07868536, 141.354, 1.19783, 0.743877, 0.7735416
 
10.08014, -0.00205867, -0.01338276, 5, 0, 0.0037173314514272946220928888, 8348.544, -1642.728, -6.594189, 0.004862703, 0.07868536, 141.2161, 1.19783, 0.743877, 0.7735416
 
10.09014, -0.00210151, -0.01340335, 5, 0, 0.0037326192440983988712937595, 8330.875, -1642.728, -6.594189, 0.004862703, 0.07868536, 141.0783, 1.197829, 0.743877, 0.7735416
 
10.10014, -0.002132513, -0.01342437, 5, 0, 0.0037475750787964613290605224, 8313.235, -1642.728, -6.594189, 0.004862703, 0.07868536, 140.9406, 1.197829, 0.743877, 0.7735416
 
10.11014, -0.002151368, -0.01344569, 5, 0, 0.0037621490006808786190123169, 8295.632, -1642.728, -6.594189, 0.004862703, 0.07868536, 140.803, 1.197829, 0.743877, 0.7735416
 
10.12014, -0.002154233, -0.01346721, 5, 0, 0.0037761444132821793889405937, 8278.063, -1642.728, -6.594189, 0.004862703, 0.07868536, 140.6655, 1.197828, 0.743877, 0.7735416
 
10.13014, -0.002143646, -0.01348875, 5, 0, 0.0037896209401197934751708963, 8260.527, -1642.728, -6.594189, 0.004862703, 0.07868536, 140.5281, 1.197828, 0.743877, 0.7735416
 
10.14014, -0.002174201, -0.01351018, 5, 0, 0.0038048603893967654246483532, 8243.026, -1642.728, -6.594189, 0.004862703, 0.07868536, 140.3908, 1.197827, 0.743877, 0.7735416
 
10.15014, -0.002189703, -0.01353193, 5, 0, 0.0038195938444818031892227023, 8225.554, -1642.728, -6.594189, 0.004862703, 0.07868536, 140.2535, 1.197827, 0.743877, 0.7735416
 
10.16014, -0.00220453, -0.01355382, 5, 0, 0.0038343853116398319423945693, 8208.117, -1642.728, -6.594189, 0.004862703, 0.07868536, 140.1164, 1.197827, 0.743877, 0.7735416
 
10.17014, -0.00220089, -0.01357587, 5, 0, 0.0038484774110293973117696735, 8190.712, -1642.728, -6.594189, 0.004862703, 0.07868536, 139.9793, 1.197826, 0.743877, 0.7735416
 
10.18014, -0.002198151, -0.01359788, 5, 0, 0.0038626436369566160929226347, 8173.339, -1642.728, -6.594189, 0.004862703, 0.07868536, 139.8423, 1.197826, 0.743877, 0.7735416
 
10.19014, -0.002182034, -0.01361986, 5, 0, 0.0038762700283160564227602307, 8156.001, -1642.728, -6.594189, 0.004862703, 0.07868536, 139.7055, 1.197826, 0.743877, 0.7735416
 
10.20014, -0.00220914, -0.01364168, 5, 0, 0.0038917528060101770619769142, 8138.698, -1642.728, -6.594189, 0.004862703, 0.07868536, 139.5687, 1.197825, 0.743877, 0.7735416
 
10.21014, -0.002216225, -0.01366377, 5, 0, 0.0039065023755599255931257345, 8121.423, -1642.728, -6.594189, 0.004862703, 0.07868536, 139.432, 1.197825, 0.743877, 0.7735416
 
10.22014, -0.002214564, -0.01368593, 5, 0, 0.0039209361016013753283443399, 8104.187, -1642.728, -6.594189, 0.004862703, 0.07868536, 139.2954, 1.197824, 0.743877, 0.7735416
 
10.23014, -0.002206027, -0.01370808, 5, 0, 0.0039351168305468337994143252, 8086.976, -1642.728, -6.594189, 0.004862703, 0.07868536, 139.1589, 1.197824, 0.743877, 0.7735416
 
10.24014, -0.002193617, -0.01373014, 5, 0, 0.0039491493064169854469285966, 8069.8, -1642.728, -6.594189, 0.004862703, 0.07868536, 139.0224, 1.197824, 0.743877, 0.7735416
 
10.25014, -0.002181585, -0.01375207, 5, 0, 0.0039632059539841710153751533, 8052.658, -1642.728, -6.594189, 0.004862703, 0.07868536, 138.8861, 1.197823, 0.743877, 0.7735416
 
10.26014, -0.002162689, -0.01377389, 5, 0, 0.0039769741526330499766033855, 8035.547, -1642.728, -6.594189, 0.004862703, 0.07868536, 138.7498, 1.197823, 0.743877, 0.7735416
 
10.27014, -0.002176736, -0.01379552, 5, 0, 0.0039921700928552867418650593, 8018.469, -1642.728, -6.594189, 0.004862703, 0.07868536, 138.6137, 1.197823, 0.743877, 0.7735416
 
10.28014, -0.002183685, -0.01381729, 5, 0, 0.0040071452649110343484506093, 8001.421, -1642.728, -6.594189, 0.004862703, 0.07868536, 138.4776, 1.197822, 0.743877, 0.7735416
 
10.29014, -0.00219249, -0.01383912, 5, 0, 0.0040222719129350148174420567, 7984.405, -1642.728, -6.594189, 0.004862703, 0.07868536, 138.3416, 1.197822, 0.743877, 0.7735416
 
10.30014, -0.002199753, -0.01386105, 5, 0, 0.0040374001724054985920203728, 7967.424, -1642.728, -6.594189, 0.004862703, 0.07868536, 138.2057, 1.197821, 0.743877, 0.7735416
 
10.31014, -0.002188804, -0.01388305, 5, 0, 0.0040517952237316102585308257, 7950.473, -1642.728, -6.594189, 0.004862703, 0.07868536, 138.0699, 1.197821, 0.743877, 0.7735416
 
10.32014, -0.002179174, -0.01390493, 5, 0, 0.0040662611787024654124336628, 7933.558, -1642.728, -6.594189, 0.004862703, 0.07868536, 137.9342, 1.197821, 0.743877, 0.7735416
 
10.33014, -0.002196152, -0.01392673, 5, 0, 0.0040819276612942726761346077, 7916.669, -1642.728, -6.594189, 0.004862703, 0.07868536, 137.7985, 1.19782, 0.743877, 0.7735416
 
10.34014, -0.002221124, -0.01394869, 5, 0, 0.0040980437374514942127985897, 7899.815, -1642.728, -6.594189, 0.004862703, 0.07868536, 137.6629, 1.19782, 0.743877, 0.7735416
 
10.35014, -0.002232108, -0.0139709, 5, 0, 0.0041136650995421274445557258, 7882.992, -1642.728, -6.594189, 0.004862703, 0.07868536, 137.5275, 1.197819, 0.743877, 0.7735416
 
10.36014, -0.002231452, -0.01399322, 5, 0, 0.0041288465367461406343650863, 7866.201, -1642.728, -6.594189, 0.004862703, 0.07868536, 137.3921, 1.197819, 0.743877, 0.7735416
 
10.37014, -0.00222606, -0.01401553, 5, 0, 0.0041438652178565750817722871, 7849.44, -1642.728, -6.594189, 0.004862703, 0.07868536, 137.2568, 1.197819, 0.743877, 0.7735416
 
10.38014, -0.00222474, -0.01403779, 5, 0, 0.0041590982213476627246199555, 7832.709, -1642.728, -6.594189, 0.004862703, 0.07868536, 137.1216, 1.197818, 0.743877, 0.7735416
 
10.39014, -0.002211899, -0.01406004, 5, 0, 0.0041738590710227249068356165, 7816.013, -1642.728, -6.594189, 0.004862703, 0.07868536, 136.9865, 1.197818, 0.743877, 0.7735416
 
10.40014, -0.00224439, -0.01408216, 5, 0, 0.0041906648462695833673516784, 7799.348, -1642.728, -6.594189, 0.004862703, 0.07868536, 136.8515, 1.197818, 0.743877, 0.7735416
 
10.41014, -0.002264479, -0.0141046, 5, 0, 0.0042070629255592594335336179, 7782.713, -1642.728, -6.594189, 0.004862703, 0.07868536, 136.7165, 1.197817, 0.743877, 0.7735416
 
10.42014, -0.002287531, -0.01412725, 5, 0, 0.0042237059447125391516475203, 7766.109, -1642.728, -6.594189, 0.004862703, 0.07868536, 136.5817, 1.197817, 0.743877, 0.7735416
 
10.43014, -0.002303967, -0.01415012, 5, 0, 0.0042401700933075293607847919, 7749.54, -1642.728, -6.594189, 0.004862703, 0.07868536, 136.4469, 1.197816, 0.743877, 0.7735416
 
10.44014, -0.00231555, -0.01417316, 5, 0, 0.0042565182177565859361211597, 7733, -1642.728, -6.594189, 0.004862703, 0.07868536, 136.3122, 1.197816, 0.743877, 0.7735416
 
10.45014, -0.002316806, -0.01419632, 5, 0, 0.0042724844293920295725719806, 7716.488, -1642.728, -6.594189, 0.004862703, 0.07868536, 136.1776, 1.197815, 0.743877, 0.7735416
 
10.46014, -0.002322867, -0.01421949, 5, 0, 0.0042887229754810529352019439, 7700.009, -1642.728, -6.594189, 0.004862703, 0.07868536, 136.0431, 1.197815, 0.743877, 0.7735416
 
10.47014, -0.002324138, -0.01424272, 5, 0, 0.0043048116570482983976187462, 7683.564, -1642.728, -6.594189, 0.004862703, 0.07868536, 135.9087, 1.197815, 0.743877, 0.7735416
 
10.48014, -0.002322144, -0.01426596, 5, 0, 0.0043208084861666602616316409, 7667.146, -1642.728, -6.594189, 0.004862703, 0.07868536, 135.7743, 1.197814, 0.743877, 0.7735416
 
10.49014, -0.002319722, -0.01428918, 5, 0, 0.0043368310984285915810931111, 7650.759, -1642.728, -6.594189, 0.004862703, 0.07868536, 135.6401, 1.197814, 0.743877, 0.7735416
 
10.50014, -0.002308795, -0.01431238, 5, 0, 0.0043525072496992253047387388, 7634.405, -1642.728, -6.594189, 0.004862703, 0.07868536, 135.5059, 1.197813, 0.743877, 0.7735416
 
10.51015, -0.002300637, -0.01433547, 5, 0, 0.0043683268197057848508971606, 7618.081, -1642.728, -6.594189, 0.004862703, 0.07868536, 135.3718, 1.197813, 0.743877, 0.7735416
 
10.52015, -0.002279861, -0.01435847, 5, 0, 0.0043835920521263101413584822, 7601.785, -1642.728, -6.594189, 0.004862703, 0.07868536, 135.2378, 1.197813, 0.743877, 0.7735416
 
10.53015, -0.0023234, -0.01438127, 5, 0, 0.0044018159002676999459633031, 7585.521, -1642.728, -6.594189, 0.004862703, 0.07868536, 135.1039, 1.197812, 0.743877, 0.7735416
 
10.54015, -0.002345278, -0.0144045, 5, 0, 0.0044192243564947410763645896, 7569.291, -1642.728, -6.594189, 0.004862703, 0.07868536, 134.9701, 1.197812, 0.743877, 0.7735416
 
10.55015, -0.002357632, -0.01442796, 5, 0, 0.0044363153577669962197135034, 7553.087, -1642.728, -6.594189, 0.004862703, 0.07868536, 134.8364, 1.197811, 0.743877, 0.7735416
 
10.56015, -0.002386114, -0.01445153, 5, 0, 0.0044542491455435922259778418, 7536.914, -1642.728, -6.594189, 0.004862703, 0.07868536, 134.7027, 1.197811, 0.743877, 0.7735416
 
10.57015, -0.002403824, -0.01447539, 5, 0, 0.0044718268036500802909463657, 7520.771, -1642.728, -6.594189, 0.004862703, 0.07868536, 134.5691, 1.19781, 0.743877, 0.7735416
 
10.58015, -0.002422271, -0.01449943, 5, 0, 0.0044895511033854685606719994, 7504.657, -1642.728, -6.594189, 0.004862703, 0.07868536, 134.4356, 1.19781, 0.743877, 0.7735416
 
10.59015, -0.002436854, -0.01452366, 5, 0, 0.0045072044994761294574699597, 7488.577, -1642.728, -6.594189, 0.004862703, 0.07868536, 134.3022, 1.197809, 0.743877, 0.7735416
 
10.60015, -0.002443161, -0.01454803, 5, 0, 0.0045245758924343358247499624, 7472.522, -1642.728, -6.594189, 0.004862703, 0.07868536, 134.1689, 1.197809, 0.743877, 0.7735416
 
10.61015, -0.002456176, -0.01457246, 5, 0, 0.0045423356439920394375453006, 7456.501, -1642.728, -6.594189, 0.004862703, 0.07868536, 134.0356, 1.197808, 0.743877, 0.7735416
 
10.62015, -0.002466067, -0.01459702, 5, 0, 0.0045600470521556752084760681, 7440.507, -1642.728, -6.594189, 0.004862703, 0.07868536, 133.9024, 1.197808, 0.743877, 0.7735416
 
10.63015, -0.002447781, -0.01462168, 5, 0, 0.0045765176465365336097784174, 7424.542, -1642.728, -6.594189, 0.004862703, 0.07868536, 133.7693, 1.197808, 0.743877, 0.7735416
 
10.64015, -0.002424219, -0.01464616, 5, 0, 0.0045927336323749780136688318, 7408.61, -1642.728, -6.594189, 0.004862703, 0.07868536, 133.6364, 1.197807, 0.743877, 0.7735416
 
10.65015, -0.002395808, -0.0146704, 5, 0, 0.0046086982325639344589974947, 7392.708, -1642.728, -6.594189, 0.004862703, 0.07868536, 133.5034, 1.197807, 0.743877, 0.7735416
 
10.66015, -0.002357267, -0.01469436, 5, 0, 0.0046241439469892042206281836, 7376.835, -1642.728, -6.594189, 0.004862703, 0.07868536, 133.3706, 1.197806, 0.743877, 0.7735416
 
10.67015, -0.002339854, -0.01471793, 5, 0, 0.0046405259118141695202356518, 7360.994, -1642.728, -6.594189, 0.004862703, 0.07868536, 133.2379, 1.197806, 0.743877, 0.7735416
 
10.68015, -0.002317664, -0.01474133, 5, 0, 0.0046566774397937869722928920, 7345.181, -1642.728, -6.594189, 0.004862703, 0.07868536, 133.1052, 1.197806, 0.743877, 0.7735416
 
10.69015, -0.00229584, -0.01476451, 5, 0, 0.0046728305792198432720781577, 7329.396, -1642.728, -6.594189, 0.004862703, 0.07868536, 132.9727, 1.197805, 0.743877, 0.7735416
 
10.70015, -0.002325129, -0.01478746, 5, 0, 0.0046914137799243154002231089, 7313.644, -1642.728, -6.594189, 0.004862703, 0.07868536, 132.8402, 1.197805, 0.743877, 0.7735416
 
10.71015, -0.002345798, -0.01481071, 5, 0, 0.0047097375377469119575896514, 7297.918, -1642.728, -6.594189, 0.004862703, 0.07868536, 132.7077, 1.197804, 0.743877, 0.7735416
 
10.72015, -0.002378444, -0.01483417, 5, 0, 0.0047287638862309140520678510, 7282.218, -1642.728, -6.594189, 0.004862703, 0.07868536, 132.5754, 1.197804, 0.743877, 0.7735416
 
10.73015, -0.00241881, -0.01485796, 5, 0, 0.0047483252349433135968184960, 7266.551, -1642.728, -6.594189, 0.004862703, 0.07868536, 132.4431, 1.197803, 0.743877, 0.7735416
 
10.74015, -0.002450355, -0.01488215, 5, 0, 0.0047676513124709520640465715, 7250.915, -1642.728, -6.594189, 0.004862703, 0.07868536, 132.311, 1.197803, 0.743877, 0.7735416
 
10.75015, -0.002474744, -0.01490665, 5, 0, 0.0047867952965473266400537005, 7235.306, -1642.728, -6.594189, 0.004862703, 0.07868536, 132.1789, 1.197802, 0.743877, 0.7735416
 
10.76015, -0.002497363, -0.0149314, 5, 0, 0.0048059924583572467457565845, 7219.726, -1642.728, -6.594189, 0.004862703, 0.07868536, 132.0469, 1.197802, 0.743877, 0.7735416
 
10.77015, -0.002483641, -0.01495637, 5, 0, 0.0048235572248919984263949529, 7204.174, -1642.728, -6.594189, 0.004862703, 0.07868536, 131.9149, 1.197801, 0.743877, 0.7735416
 
10.78015, -0.00248981, -0.01498121, 5, 0, 0.0048421049737741068680760673, 7188.652, -1642.728, -6.594189, 0.004862703, 0.07868536, 131.7831, 1.197801, 0.743877, 0.7735416
 
10.79015, -0.002486594, -0.0150061, 5, 0, 0.0048602708098425540274775024, 7173.162, -1642.728, -6.594189, 0.004862703, 0.07868536, 131.6513, 1.1978, 0.743877, 0.7735416
 
10.80015, -0.002479374, -0.01503097, 5, 0, 0.0048782916157285881732439856, 7157.698, -1642.728, -6.594189, 0.004862703, 0.07868536, 131.5196, 1.1978, 0.743877, 0.7735416
 
10.81015, -0.002481614, -0.01505576, 5, 0, 0.0048968119700206721972837881, 7142.263, -1642.728, -6.594189, 0.004862703, 0.07868536, 131.388, 1.197799, 0.743877, 0.7735416
 
10.82015, -0.002484462, -0.01508058, 5, 0, 0.0049154322339939629740853123, 7126.855, -1642.728, -6.594189, 0.004862703, 0.07868536, 131.2565, 1.197799, 0.743877, 0.7735416
 
10.83015, -0.002487024, -0.01510542, 5, 0, 0.0049341072871472703572400388, 7111.478, -1642.728, -6.594189, 0.004862703, 0.07868536, 131.1251, 1.197798, 0.743877, 0.7735416
 
10.84015, -0.002496168, -0.01513029, 5, 0, 0.0049531755332395204448118636, 7096.128, -1642.728, -6.594189, 0.004862703, 0.07868536, 130.9937, 1.197798, 0.743877, 0.7735416
 
10.85015, -0.002515246, -0.01515526, 5, 0, 0.0049728287344007713590369947, 7080.808, -1642.728, -6.594189, 0.004862703, 0.07868536, 130.8624, 1.197797, 0.743877, 0.7735416
 
10.86015, -0.002535317, -0.01518041, 5, 0, 0.0049926575832273696289238623, 7065.513, -1642.728, -6.594189, 0.004862703, 0.07868536, 130.7312, 1.197797, 0.743877, 0.7735416
 
10.87015, -0.002563891, -0.01520576, 5, 0, 0.0050130391581935471923150937, 7050.249, -1642.728, -6.594189, 0.004862703, 0.07868536, 130.6001, 1.197796, 0.743877, 0.7735416
 
10.88015, -0.002548951, -0.0152314, 5, 0, 0.0050314128708567632405272078, 7035.014, -1642.728, -6.594189, 0.004862703, 0.07868536, 130.469, 1.197796, 0.743877, 0.7735416
 
10.89015, -0.002550846, -0.01525689, 5, 0, 0.0050506374272567077638714038, 7019.808, -1642.728, -6.594189, 0.004862703, 0.07868536, 130.3381, 1.197795, 0.743877, 0.7735416
 
10.90015, -0.002545182, -0.0152824, 5, 0, 0.0050695541973806766456431989, 7004.626, -1642.728, -6.594189, 0.004862703, 0.07868536, 130.2072, 1.197795, 0.743877, 0.7735416
 
10.91015, -0.002550404, -0.01530785, 5, 0, 0.0050890591454665723929184838, 6989.477, -1642.728, -6.594189, 0.004862703, 0.07868536, 130.0764, 1.197794, 0.743877, 0.7735416
 
10.92015, -0.002552804, -0.01533335, 5, 0, 0.0051085044700330705327976465, 6974.353, -1642.728, -6.594189, 0.004862703, 0.07868536, 129.9456, 1.197794, 0.743877, 0.7735416
 
10.93015, -0.002571358, -0.01535888, 5, 0, 0.0051288360901586447198080170, 6959.257, -1642.728, -6.594189, 0.004862703, 0.07868536, 129.815, 1.197793, 0.743877, 0.7735416
 
10.94016, -0.002586531, -0.0153846, 5, 0, 0.0051491225897830448748745788, 6944.189, -1642.728, -6.594189, 0.004862703, 0.07868536, 129.6844, 1.197793, 0.743877, 0.7735416
 
10.95016, -0.002574675, -0.01541046, 5, 0, 0.0051681586069458734292974612, 6929.152, -1642.728, -6.594189, 0.004862703, 0.07868536, 129.5539, 1.197792, 0.743877, 0.7735416
 
10.96016, -0.002566429, -0.01543621, 5, 0, 0.0051874025007034547580663118, 6914.141, -1642.728, -6.594189, 0.004862703, 0.07868536, 129.4235, 1.197792, 0.743877, 0.7735416
 
10.97016, -0.002560745, -0.01546187, 5, 0, 0.0052068123734475730970169271, 6899.158, -1642.728, -6.594189, 0.004862703, 0.07868536, 129.2932, 1.197791, 0.743877, 0.7735416
 
10.98016, -0.00256321, -0.01548748, 5, 0, 0.0052266815084359482833399729, 6884.203, -1642.728, -6.594189, 0.004862703, 0.07868536, 129.1629, 1.197791, 0.743877, 0.7735416
 
10.99016, -0.002573412, -0.01551311, 5, 0, 0.0052470163514544646236652376, 6869.276, -1642.728, -6.594189, 0.004862703, 0.07868536, 129.0327, 1.19779, 0.743877, 0.7735416
 
11.00016, -0.002586215, -0.01553885, 5, 0, 0.0052675896885507003092926768, 6854.375, -1642.728, -6.594189, 0.004862703, 0.07868536, 128.9026, 1.19779, 0.743877, 0.7735416
 
11.01016, -0.002573509, -0.01556471, 5, 0, 0.0052869641094724549617794553, 6839.503, -1642.728, -6.594189, 0.004862703, 0.07868536, 128.7726, 1.197789, 0.743877, 0.7735416
 
11.02016, -0.002569063, -0.01559044, 5, 0, 0.0053067849010666978483790873, 6824.657, -1642.728, -6.594189, 0.004862703, 0.07868536, 128.6427, 1.197789, 0.743877, 0.7735416
 
11.03016, -0.002568742, -0.01561613, 5, 0, 0.0053268683584357423446073114, 6809.839, -1642.728, -6.594189, 0.004862703, 0.07868536, 128.5128, 1.197788, 0.743877, 0.7735416
 
11.04016, -0.002581704, -0.01564182, 5, 0, 0.0053477011384138213720837377, 6795.048, -1642.728, -6.594189, 0.004862703, 0.07868536, 128.383, 1.197788, 0.743877, 0.7735416
 
11.05016, -0.002597868, -0.01566764, 5, 0, 0.0053688126986313966612985165, 6780.286, -1642.728, -6.594189, 0.004862703, 0.07868536, 128.2533, 1.197787, 0.743877, 0.7735416
 
11.06016, -0.002616322, -0.01569362, 5, 0, 0.0053901643643731462580082060, 6765.551, -1642.728, -6.594189, 0.004862703, 0.07868536, 128.1237, 1.197787, 0.743877, 0.7735416
 
11.07016, -0.002606347, -0.01571978, 5, 0, 0.0054101753066509600757218880, 6750.844, -1642.728, -6.594189, 0.004862703, 0.07868536, 127.9941, 1.197786, 0.743877, 0.7735416
 
11.08016, -0.002609958, -0.01574584, 5, 0, 0.0054309259028590303081332216, 6736.162, -1642.728, -6.594189, 0.004862703, 0.07868536, 127.8646, 1.197785, 0.743877, 0.7735416
 
11.09016, -0.002627253, -0.01577194, 5, 0, 0.0054524725536238124093234348, 6721.507, -1642.728, -6.594189, 0.004862703, 0.07868536, 127.7352, 1.197785, 0.743877, 0.7735416
 
11.10016, -0.002638052, -0.01579821, 5, 0, 0.0054738081049008512394586532, 6706.88, -1642.728, -6.594189, 0.004862703, 0.07868536, 127.6059, 1.197784, 0.743877, 0.7735416
 
11.11016, -0.002662375, -0.0158246, 5, 0, 0.0054959574366457998960693802, 6692.283, -1642.728, -6.594189, 0.004862703, 0.07868536, 127.4766, 1.197784, 0.743877, 0.7735416
 
11.12016, -0.002653406, -0.01585122, 5, 0, 0.0055165211050632252362168474, 6677.708, -1642.728, -6.594189, 0.004862703, 0.07868536, 127.3475, 1.197783, 0.743877, 0.7735416
 
11.13016, -0.002659569, -0.01587775, 5, 0, 0.0055379146684132067115554514, 6663.163, -1642.728, -6.594189, 0.004862703, 0.07868536, 127.2183, 1.197783, 0.743877, 0.7735416
 
11.14016, -0.002674446, -0.01590435, 5, 0, 0.0055598609579028158237925515, 6648.643, -1642.728, -6.594189, 0.004862703, 0.07868536, 127.0893, 1.197782, 0.743877, 0.7735416
 
11.15016, -0.0026938, -0.01593109, 5, 0, 0.0055821682114019461072978075, 6634.15, -1642.728, -6.594189, 0.004862703, 0.07868536, 126.9604, 1.197782, 0.743877, 0.7735416
 
11.16016, -0.002690453, -0.01595803, 5, 0, 0.0056034135216766046446159868, 6619.687, -1642.728, -6.594189, 0.004862703, 0.07868536, 126.8315, 1.197781, 0.743877, 0.7735416
 
11.17016, -0.002687683, -0.01598493, 5, 0, 0.0056247474615071885125584688, 6605.249, -1642.728, -6.594189, 0.004862703, 0.07868536, 126.7027, 1.19778, 0.743877, 0.7735416
 
11.18016, -0.002695556, -0.01601181, 5, 0, 0.0056467130883544505446849344, 6590.835, -1642.728, -6.594189, 0.004862703, 0.07868536, 126.574, 1.19778, 0.743877, 0.7735416
 
11.19016, -0.002727394, -0.01603877, 5, 0, 0.0056700548904879959278065335, 6576.448, -1642.728, -6.594189, 0.004862703, 0.07868536, 126.4453, 1.197779, 0.743877, 0.7735416
 
11.20016, -0.002726502, -0.01606604, 5, 0, 0.0056918368124375229920546054, 6562.089, -1642.728, -6.594189, 0.004862703, 0.07868536, 126.3168, 1.197779, 0.743877, 0.7735416
 
11.21016, -0.002732033, -0.01609331, 5, 0, 0.0057140328761301328717312990, 6547.756, -1642.728, -6.594189, 0.004862703, 0.07868536, 126.1883, 1.197778, 0.743877, 0.7735416
 
11.22016, -0.002752896, -0.01612063, 5, 0, 0.0057371442414183142928379593, 6533.451, -1642.728, -6.594189, 0.004862703, 0.07868536, 126.0598, 1.197778, 0.743877, 0.7735416
 
11.23016, -0.002773525, -0.01614815, 5, 0, 0.0057603925796565372298276253, 6519.17, -1642.728, -6.594189, 0.004862703, 0.07868536, 125.9315, 1.197777, 0.743877, 0.7735416
 
11.24016, -0.002773024, -0.01617589, 5, 0, 0.0057826547126544612524596510, 6504.916, -1642.728, -6.594189, 0.004862703, 0.07868536, 125.8032, 1.197776, 0.743877, 0.7735416
 
11.25016, -0.002788681, -0.01620362, 5, 0, 0.0058058611532844361963556917, 6490.689, -1642.728, -6.594189, 0.004862703, 0.07868536, 125.675, 1.197776, 0.743877, 0.7735416
 
11.26016, -0.002804907, -0.01623151, 5, 0, 0.0058292319614544448448466284, 6476.488, -1642.728, -6.594189, 0.004862703, 0.07868536, 125.5469, 1.197775, 0.743877, 0.7735416
 
11.27016, -0.002796398, -0.01625956, 5, 0, 0.0058513941847711782291816431, 6462.315, -1642.728, -6.594189, 0.004862703, 0.07868536, 125.4189, 1.197775, 0.743877, 0.7735416
 
11.28016, -0.002794928, -0.01628752, 5, 0, 0.0058739866642956729665903294, 6448.166, -1642.728, -6.594189, 0.004862703, 0.07868536, 125.2909, 1.197774, 0.743877, 0.7735416
 
11.29016, -0.002819343, -0.01631547, 5, 0, 0.0058980600631270871521929231, 6434.042, -1642.728, -6.594189, 0.004862703, 0.07868536, 125.163, 1.197773, 0.743877, 0.7735416
 
11.30016, -0.002819856, -0.01634366, 5, 0, 0.0059209957807499212176378469, 6419.944, -1642.728, -6.594189, 0.004862703, 0.07868536, 125.0352, 1.197773, 0.743877, 0.7735416
 
11.31016, -0.002831174, -0.01637186, 5, 0, 0.0059446002486582359814586166, 6405.875, -1642.728, -6.594189, 0.004862703, 0.07868536, 124.9074, 1.197772, 0.743877, 0.7735416
 
11.32016, -0.002804671, -0.01640017, 5, 0, 0.0059662468091042248354105515, 6391.832, -1642.728, -6.594189, 0.004862703, 0.07868536, 124.7798, 1.197772, 0.743877, 0.7735416
 
11.33016, -0.00280239, -0.01642822, 5, 0, 0.0059892066984241250507171821, 6377.811, -1642.728, -6.594189, 0.004862703, 0.07868536, 124.6521, 1.197771, 0.743877, 0.7735416
 
11.34016, -0.00281221, -0.01645624, 5, 0, 0.0060129046302277944895993066, 6363.816, -1642.728, -6.594189, 0.004862703, 0.07868536, 124.5246, 1.19777, 0.743877, 0.7735416
 
11.35016, -0.00280868, -0.01648436, 5, 0, 0.0060359757093541828798050781, 6349.85, -1642.728, -6.594189, 0.004862703, 0.07868536, 124.3972, 1.19777, 0.743877, 0.7735416
 
11.36016, -0.002809227, -0.01651245, 5, 0, 0.0060593384602918522594734899, 6335.908, -1642.728, -6.594189, 0.004862703, 0.07868536, 124.2698, 1.197769, 0.743877, 0.7735416
 
11.37016, -0.002826694, -0.01654054, 5, 0, 0.0060837196453992420866484844, 6321.99, -1642.728, -6.594189, 0.004862703, 0.07868536, 124.1424, 1.197769, 0.743877, 0.7735416
 
11.38017, -0.002820938, -0.01656881, 5, 0, 0.0061069583149586385636934676, 6308.098, -1642.728, -6.594189, 0.004862703, 0.07868536, 124.0152, 1.197768, 0.743877, 0.7735416
 
11.39017, -0.002833614, -0.01659702, 5, 0, 0.0061312766536536564012280242, 6294.233, -1642.728, -6.594189, 0.004862703, 0.07868536, 123.888, 1.197767, 0.743877, 0.7735416
 
11.40017, -0.00284909, -0.01662536, 5, 0, 0.0061558818298205258837881691, 6280.394, -1642.728, -6.594189, 0.004862703, 0.07868536, 123.7609, 1.197767, 0.743877, 0.7735416
 
11.41017, -0.002847458, -0.01665385, 5, 0, 0.0061796667797336012332430167, 6266.581, -1642.728, -6.594189, 0.004862703, 0.07868536, 123.6339, 1.197766, 0.743877, 0.7735416
 
11.42017, -0.002850635, -0.01668232, 5, 0, 0.0062037949677450481396635234, 6252.794, -1642.728, -6.594189, 0.004862703, 0.07868536, 123.507, 1.197765, 0.743877, 0.7735416
 
11.43017, -0.002837146, -0.01671083, 5, 0, 0.0062270819806985769164319204, 6239.031, -1642.728, -6.594189, 0.004862703, 0.07868536, 123.3801, 1.197765, 0.743877, 0.7735416
 
11.44017, -0.002843198, -0.0167392, 5, 0, 0.0062514986176283143156060409, 6225.292, -1642.728, -6.594189, 0.004862703, 0.07868536, 123.2533, 1.197764, 0.743877, 0.7735416
 
11.45017, -0.002866918, -0.01676763, 5, 0, 0.0062770174839443164918681268, 6211.578, -1642.728, -6.594189, 0.004862703, 0.07868536, 123.1266, 1.197764, 0.743877, 0.7735416
 
11.46017, -0.002874017, -0.0167963, 5, 0, 0.0063017693017400539502559600, 6197.891, -1642.728, -6.594189, 0.004862703, 0.07868536, 122.9999, 1.197763, 0.743877, 0.7735416
 
11.47017, -0.002880759, -0.01682504, 5, 0, 0.0063266097490916845103386742, 6184.229, -1642.728, -6.594189, 0.004862703, 0.07868536, 122.8734, 1.197762, 0.743877, 0.7735416
 
11.48017, -0.00287694, -0.01685385, 5, 0, 0.0063509603167161238810221734, 6170.591, -1642.728, -6.594189, 0.004862703, 0.07868536, 122.7468, 1.197762, 0.743877, 0.7735416
 
11.49017, -0.002892683, -0.01688262, 5, 0, 0.0063764936860503335182718619, 6156.977, -1642.728, -6.594189, 0.004862703, 0.07868536, 122.6204, 1.197761, 0.743877, 0.7735416
 
11.50017, -0.002921616, -0.01691155, 5, 0, 0.0064029230196224617770621518, 6143.391, -1642.728, -6.594189, 0.004862703, 0.07868536, 122.494, 1.19776, 0.743877, 0.7735416
 
11.51017, -0.002914988, -0.01694076, 5, 0, 0.0064275169156640498374848775, 6129.828, -1642.728, -6.594189, 0.004862703, 0.07868536, 122.3677, 1.19776, 0.743877, 0.7735416
 
11.52017, -0.00292848, -0.01696991, 5, 0, 0.0064533226194518553153784193, 6116.291, -1642.728, -6.594189, 0.004862703, 0.07868536, 122.2415, 1.197759, 0.743877, 0.7735416
 
11.53017, -0.002931942, -0.0169992, 5, 0, 0.0064786932326924862102259483, 6102.776, -1642.728, -6.594189, 0.004862703, 0.07868536, 122.1153, 1.197758, 0.743877, 0.7735416
 
11.54017, -0.002949982, -0.01702852, 5, 0, 0.0065050000963328126430502567, 6089.288, -1642.728, -6.594189, 0.004862703, 0.07868536, 121.9893, 1.197758, 0.743877, 0.7735416
 
11.55017, -0.002952887, -0.01705802, 5, 0, 0.0065305930891864521166254888, 6075.823, -1642.728, -6.594189, 0.004862703, 0.07868536, 121.8632, 1.197757, 0.743877, 0.7735416
 
11.56017, -0.002970676, -0.01708755, 5, 0, 0.0065571432812438950102596022, 6062.383, -1642.728, -6.594189, 0.004862703, 0.07868536, 121.7373, 1.197756, 0.743877, 0.7735416
 
11.57017, -0.002966078, -0.01711725, 5, 0, 0.0065825525691998639738152837, 6048.969, -1642.728, -6.594189, 0.004862703, 0.07868536, 121.6114, 1.197756, 0.743877, 0.7735416
 
11.58017, -0.002971869, -0.01714691, 5, 0, 0.0066086370532271657134471781, 6035.579, -1642.728, -6.594189, 0.004862703, 0.07868536, 121.4856, 1.197755, 0.743877, 0.7735416
 
11.59017, -0.002974674, -0.01717663, 5, 0, 0.0066346522450562272712735569, 6022.216, -1642.728, -6.594189, 0.004862703, 0.07868536, 121.3599, 1.197754, 0.743877, 0.7735416
 
11.60017, -0.002979235, -0.01720638, 5, 0, 0.0066608720905870994501310098, 6008.876, -1642.728, -6.594189, 0.004862703, 0.07868536, 121.2342, 1.197754, 0.743877, 0.7735416
 
11.61017, -0.0029708, -0.01723617, 5, 0, 0.0066864425231901599649666930, 5995.56, -1642.728, -6.594189, 0.004862703, 0.07868536, 121.1087, 1.197753, 0.743877, 0.7735416
 
11.62017, -0.002978879, -0.01726588, 5, 0, 0.0067130297785164376217220903, 5982.269, -1642.728, -6.594189, 0.004862703, 0.07868536, 120.9831, 1.197752, 0.743877, 0.7735416
 
11.63017, -0.002979307, -0.01729567, 5, 0, 0.0067392915216555900226025899, 5969.002, -1642.728, -6.594189, 0.004862703, 0.07868536, 120.8577, 1.197752, 0.743877, 0.7735416
 
11.64017, -0.003000953, -0.01732546, 5, 0, 0.0067668972111516203557939914, 5955.756, -1642.728, -6.594189, 0.004862703, 0.07868536, 120.7323, 1.197751, 0.743877, 0.7735416
 
11.65017, -0.003004943, -0.01735547, 5, 0, 0.0067936327195532370650345241, 5942.541, -1642.728, -6.594189, 0.004862703, 0.07868536, 120.607, 1.19775, 0.743877, 0.7735416
 
11.66017, -0.003015963, -0.01738552, 5, 0, 0.0068208935595044408790675302, 5929.347, -1642.728, -6.594189, 0.004862703, 0.07868536, 120.4818, 1.197749, 0.743877, 0.7735416
 
11.67017, -0.003015447, -0.01741568, 5, 0, 0.0068476065076554625151038032, 5916.176, -1642.728, -6.594189, 0.004862703, 0.07868536, 120.3566, 1.197749, 0.743877, 0.7735416
 
11.68017, -0.003031667, -0.01744583, 5, 0, 0.0068754007363886088172165182, 5903.032, -1642.728, -6.594189, 0.004862703, 0.07868536, 120.2315, 1.197748, 0.743877, 0.7735416
 
11.69017, -0.00304086, -0.01747615, 5, 0, 0.0069029403565793250074525877, 5889.907, -1642.728, -6.594189, 0.004862703, 0.07868536, 120.1065, 1.197747, 0.743877, 0.7735416
 
11.70017, -0.00307607, -0.01750656, 5, 0, 0.0069321574925463836546969814, 5876.81, -1642.728, -6.594189, 0.004862703, 0.07868536, 119.9815, 1.197747, 0.743877, 0.7735416
 
11.71017, -0.003084197, -0.01753732, 5, 0, 0.0069599952303342490265607689, 5863.736, -1642.728, -6.594189, 0.004862703, 0.07868536, 119.8566, 1.197746, 0.743877, 0.7735416
 
11.72017, -0.003110148, -0.01756816, 5, 0, 0.0069890270499571499726634541, 5850.687, -1642.728, -6.594189, 0.004862703, 0.07868536, 119.7318, 1.197745, 0.743877, 0.7735416
 
11.73017, -0.0031191, -0.01759926, 5, 0, 0.0070172370318798501668622380, 5837.663, -1642.728, -6.594189, 0.004862703, 0.07868536, 119.6071, 1.197744, 0.743877, 0.7735416
 
11.74017, -0.003107866, -0.01763045, 5, 0, 0.0070443689561133356193700526, 5824.661, -1642.728, -6.594189, 0.004862703, 0.07868536, 119.4824, 1.197744, 0.743877, 0.7735416
 
11.75017, -0.003125124, -0.01766153, 5, 0, 0.0070732686371256405084914952, 5811.681, -1642.728, -6.594189, 0.004862703, 0.07868536, 119.3578, 1.197743, 0.743877, 0.7735416
 
11.76017, -0.003136742, -0.01769278, 5, 0, 0.0071019942819190530041439375, 5798.727, -1642.728, -6.594189, 0.004862703, 0.07868536, 119.2332, 1.197742, 0.743877, 0.7735416
 
11.77017, -0.003160398, -0.01772415, 5, 0, 0.0071315949421462601247901684, 5785.795, -1642.728, -6.594189, 0.004862703, 0.07868536, 119.1087, 1.197742, 0.743877, 0.7735416
 
11.78017, -0.003178342, -0.01775575, 5, 0, 0.0071610457378516571162938168, 5772.887, -1642.728, -6.594189, 0.004862703, 0.07868536, 118.9843, 1.197741, 0.743877, 0.7735416
 
11.79017, -0.003181674, -0.01778754, 5, 0, 0.0071897810513238799574262311, 5760.002, -1642.728, -6.594189, 0.004862703, 0.07868536, 118.86, 1.19774, 0.743877, 0.7735416
 
11.80017, -0.003203102, -0.01781935, 5, 0, 0.0072197297839888557505457517, 5747.142, -1642.728, -6.594189, 0.004862703, 0.07868536, 118.7357, 1.197739, 0.743877, 0.7735416
 
11.81017, -0.003196029, -0.01785139, 5, 0, 0.0072481234708092103402993756, 5734.306, -1642.728, -6.594189, 0.004862703, 0.07868536, 118.6115, 1.197739, 0.743877, 0.7735416
 
11.82018, -0.003191642, -0.01788335, 5, 0, 0.0072767556517073165042845954, 5721.493, -1642.728, -6.594189, 0.004862703, 0.07868536, 118.4874, 1.197738, 0.743877, 0.7735416
 
11.83018, -0.003169449, -0.01791526, 5, 0, 0.0073043726213286282596134160, 5708.704, -1642.728, -6.594189, 0.004862703, 0.07868536, 118.3633, 1.197737, 0.743877, 0.7735416
 
11.84018, -0.0031726, -0.01794696, 5, 0, 0.0073335559169198265259808417, 5695.938, -1642.728, -6.594189, 0.004862703, 0.07868536, 118.2393, 1.197736, 0.743877, 0.7735416
 
11.85018, -0.003177827, -0.01797868, 5, 0, 0.0073629841523746284442802303, 5683.193, -1642.728, -6.594189, 0.004862703, 0.07868536, 118.1154, 1.197736, 0.743877, 0.7735416
 
11.86018, -0.003196804, -0.01801046, 5, 0, 0.0073933840900514895870202350, 5670.473, -1642.728, -6.594189, 0.004862703, 0.07868536, 117.9915, 1.197735, 0.743877, 0.7735416
 
11.87018, -0.003202709, -0.01804243, 5, 0, 0.0074231555636046147188911504, 5657.775, -1642.728, -6.594189, 0.004862703, 0.07868536, 117.8677, 1.197734, 0.743877, 0.7735416
 
11.88018, -0.003201121, -0.01807446, 5, 0, 0.0074525886333988459816275912, 5645.101, -1642.728, -6.594189, 0.004862703, 0.07868536, 117.7439, 1.197733, 0.743877, 0.7735416
 
11.89018, -0.003193338, -0.01810647, 5, 0, 0.0074817284199353251782439445, 5632.452, -1642.728, -6.594189, 0.004862703, 0.07868536, 117.6203, 1.197732, 0.743877, 0.7735416
 
11.90018, -0.003196695, -0.0181384, 5, 0, 0.0075116368664385079404625762, 5619.825, -1642.728, -6.594189, 0.004862703, 0.07868536, 117.4967, 1.197732, 0.743877, 0.7735416
 
11.91018, -0.003202258, -0.01817037, 5, 0, 0.0075418015329305918912153007, 5607.217, -1642.728, -6.594189, 0.004862703, 0.07868536, 117.3732, 1.197731, 0.743877, 0.7735416
 
11.92018, -0.003201776, -0.01820239, 5, 0, 0.0075717099794337746534339325, 5594.639, -1642.728, -6.594189, 0.004862703, 0.07868536, 117.2497, 1.19773, 0.743877, 0.7735416
 
11.93018, -0.003217395, -0.01823441, 5, 0, 0.0076027303240020003092910801, 5582.082, -1642.728, -6.594189, 0.004862703, 0.07868536, 117.1263, 1.197729, 0.743877, 0.7735416
 
11.94018, -0.003220983, -0.01826658, 5, 0, 0.0076331721592870933306599993, 5569.544, -1642.728, -6.594189, 0.004862703, 0.07868536, 117.003, 1.197729, 0.743877, 0.7735416
 
11.95018, -0.003227649, -0.01829879, 5, 0, 0.0076639250037411363758456351, 5557.031, -1642.728, -6.594189, 0.004862703, 0.07868536, 116.8797, 1.197728, 0.743877, 0.7735416
 
11.96018, -0.003240956, -0.01833107, 5, 0, 0.0076952305743347426000709238, 5544.542, -1642.728, -6.594189, 0.004862703, 0.07868536, 116.7565, 1.197727, 0.743877, 0.7735416
 
11.97018, -0.003248489, -0.01836348, 5, 0, 0.0077263347141194642421153220, 5532.077, -1642.728, -6.594189, 0.004862703, 0.07868536, 116.6334, 1.197726, 0.743877, 0.7735416
 
11.98018, -0.003250358, -0.01839596, 5, 0, 0.0077572213086306066498690691, 5519.632, -1642.728, -6.594189, 0.004862703, 0.07868536, 116.5103, 1.197725, 0.743877, 0.7735416
 
11.99018, -0.003242337, -0.01842847, 5, 0, 0.0077875922402709884127750255, 5507.21, -1642.728, -6.594189, 0.004862703, 0.07868536, 116.3873, 1.197725, 0.743877, 0.7735416
 
12.00018, -0.003260758, -0.01846089, 5, 0, 0.0078197196485648276178336370, 5494.813, -1642.728, -6.594189, 0.004862703, 0.07868536, 116.2644, 1.197724, 0.743877, 0.7735416
 
12.01018, -0.003268931, -0.0184935, 5, 0, 0.0078513845717214839366696345, 5482.437, -1642.728, -6.594189, 0.004862703, 0.07868536, 116.1415, 1.197723, 0.743877, 0.7735416
 
12.02018, -0.003272259, -0.01852619, 5, 0, 0.0078828802929986772064736839, 5470.084, -1642.728, -6.594189, 0.004862703, 0.07868536, 116.0188, 1.197722, 0.743877, 0.7735416
 
12.03018, -0.003296671, -0.01855891, 5, 0, 0.0079158601564757320777865351, 5457.751, -1642.728, -6.594189, 0.004862703, 0.07868536, 115.896, 1.197721, 0.743877, 0.7735416
 
12.04018, -0.003320456, -0.01859188, 5, 0, 0.0079490124447252082659109393, 5445.444, -1642.728, -6.594189, 0.004862703, 0.07868536, 115.7733, 1.19772, 0.743877, 0.7735416
 
12.05018, -0.003334386, -0.01862508, 5, 0, 0.0079817489797851144474845639, 5433.157, -1642.728, -6.594189, 0.004862703, 0.07868536, 115.6507, 1.19772, 0.743877, 0.7735416
 
12.06018, -0.003338994, -0.01865843, 5, 0, 0.0080140552586372592759845169, 5420.893, -1642.728, -6.594189, 0.004862703, 0.07868536, 115.5282, 1.197719, 0.743877, 0.7735416
 
12.07018, -0.003345277, -0.01869182, 5, 0, 0.0080466016430135945264440915, 5408.653, -1642.728, -6.594189, 0.004862703, 0.07868536, 115.4057, 1.197718, 0.743877, 0.7735416
 
12.08018, -0.003363401, -0.01872527, 5, 0, 0.0080800584946460719738965808, 5396.434, -1642.728, -6.594189, 0.004862703, 0.07868536, 115.2833, 1.197717, 0.743877, 0.7735416
 
12.09018, -0.003387062, -0.0187589, 5, 0, 0.0081140712953111030970977495, 5384.236, -1642.728, -6.594189, 0.004862703, 0.07868536, 115.161, 1.197716, 0.743877, 0.7735416
 
12.10018, -0.003401548, -0.01879277, 5, 0, 0.0081477037946089601291413969, 5372.063, -1642.728, -6.594189, 0.004862703, 0.07868536, 115.0387, 1.197715, 0.743877, 0.7735416
 
12.11018, -0.003408021, -0.01882679, 5, 0, 0.0081809946672549005664121215, 5359.91, -1642.728, -6.594189, 0.004862703, 0.07868536, 114.9165, 1.197714, 0.743877, 0.7735416
 
12.12018, -0.003412101, -0.01886087, 5, 0, 0.0082142742597756079249395593, 5347.779, -1642.728, -6.594189, 0.004862703, 0.07868536, 114.7943, 1.197713, 0.743877, 0.7735416
 
12.13018, -0.003413792, -0.01889499, 5, 0, 0.0082475296805992007902111580, 5335.671, -1642.728, -6.594189, 0.004862703, 0.07868536, 114.6723, 1.197713, 0.743877, 0.7735416
 
12.14018, -0.003438158, -0.01892913, 5, 0, 0.0082824029936797868484890912, 5323.586, -1642.728, -6.594189, 0.004862703, 0.07868536, 114.5502, 1.197712, 0.743877, 0.7735416
 
12.15018, -0.003463896, -0.01896351, 5, 0, 0.0083175953731616138560121336, 5311.521, -1642.728, -6.594189, 0.004862703, 0.07868536, 114.4283, 1.197711, 0.743877, 0.7735416
 
12.16018, -0.003481853, -0.01899815, 5, 0, 0.0083525089724039607162615342, 5299.479, -1642.728, -6.594189, 0.004862703, 0.07868536, 114.3064, 1.19771, 0.743877, 0.7735416
 
12.17018, -0.003488007, -0.01903297, 5, 0, 0.0083868392280237778265150757, 5287.46, -1642.728, -6.594189, 0.004862703, 0.07868536, 114.1846, 1.197709, 0.743877, 0.7735416
 
12.18018, -0.003492499, -0.01906785, 5, 0, 0.0084212081583589007765473482, 5275.463, -1642.728, -6.594189, 0.004862703, 0.07868536, 114.0628, 1.197708, 0.743877, 0.7735416
 
12.19018, -0.003495705, -0.01910277, 5, 0, 0.0084556318778740242184681122, 5263.486, -1642.728, -6.594189, 0.004862703, 0.07868536, 113.9411, 1.197707, 0.743877, 0.7735416
 
12.20018, -0.003493838, -0.01913773, 5, 0, 0.0084898525551338081160152492, 5251.533, -1642.728, -6.594189, 0.004862703, 0.07868536, 113.8195, 1.197706, 0.743877, 0.7735416
 
12.21018, -0.003495925, -0.01917267, 5, 0, 0.0085244503108678400658697242, 5239.601, -1642.728, -6.594189, 0.004862703, 0.07868536, 113.698, 1.197706, 0.743877, 0.7735416
 
12.22018, -0.00348862, -0.01920763, 5, 0, 0.0085585485181958221374508797, 5227.692, -1642.728, -6.594189, 0.004862703, 0.07868536, 113.5765, 1.197705, 0.743877, 0.7735416
 
12.23018, -0.003485958, -0.01924251, 5, 0, 0.0085930528100345155267087107, 5215.801, -1642.728, -6.594189, 0.004862703, 0.07868536, 113.455, 1.197704, 0.743877, 0.7735416
 
12.24018, -0.003492359, -0.01927737, 5, 0, 0.0086282741955528541429952229, 5203.934, -1642.728, -6.594189, 0.004862703, 0.07868536, 113.3336, 1.197703, 0.743877, 0.7735416
 
12.25019, -0.003480847, -0.01931229, 5, 0, 0.0086624400836326053197244469, 5192.087, -1642.728, -6.594189, 0.004862703, 0.07868536, 113.2123, 1.197702, 0.743877, 0.7735416
 
12.26019, -0.003512168, -0.0193471, 5, 0, 0.0086995726446656247372785380, 5180.264, -1642.728, -6.594189, 0.004862703, 0.07868536, 113.0911, 1.197701, 0.743877, 0.7735416
 
12.27019, -0.003524189, -0.01938223, 5, 0, 0.0087356706570641968262868644, 5168.46, -1642.728, -6.594189, 0.004862703, 0.07868536, 112.9699, 1.1977, 0.743877, 0.7735416
 
12.28019, -0.003544985, -0.01941747, 5, 0, 0.0087725453866618439786494156, 5156.679, -1642.728, -6.594189, 0.004862703, 0.07868536, 112.8487, 1.197699, 0.743877, 0.7735416
 
12.29019, -0.003565324, -0.01945292, 5, 0, 0.0088096102669430942910554382, 5144.92, -1642.728, -6.594189, 0.004862703, 0.07868536, 112.7277, 1.197698, 0.743877, 0.7735416
 
12.30019, -0.003572135, -0.01948857, 5, 0, 0.0088459773909023522963221451, 5133.181, -1642.728, -6.594189, 0.004862703, 0.07868536, 112.6067, 1.197697, 0.743877, 0.7735416
 
12.31019, -0.003583859, -0.01952429, 5, 0, 0.0088828408403747019120825665, 5121.463, -1642.728, -6.594189, 0.004862703, 0.07868536, 112.4858, 1.197696, 0.743877, 0.7735416
 
12.32019, -0.003596648, -0.01956013, 5, 0, 0.0089199588983894977541843442, 5109.769, -1642.728, -6.594189, 0.004862703, 0.07868536, 112.3649, 1.197695, 0.743877, 0.7735416
 
12.33019, -0.003610253, -0.0195961, 5, 0, 0.0089573235077143199814813997, 5098.094, -1642.728, -6.594189, 0.004862703, 0.07868536, 112.2441, 1.197694, 0.743877, 0.7735416
 
12.34019, -0.003624811, -0.0196322, 5, 0, 0.0089949491713674888562143109, 5086.441, -1642.728, -6.594189, 0.004862703, 0.07868536, 112.1234, 1.197693, 0.743877, 0.7735416
 
12.35019, -0.00363606, -0.01966845, 5, 0, 0.0090325442175377395033851483, 5074.81, -1642.728, -6.594189, 0.004862703, 0.07868536, 112.0027, 1.197692, 0.743877, 0.7735416
 
12.36019, -0.003649093, -0.01970481, 5, 0, 0.0090704486614303724109269906, 5063.2, -1642.728, -6.594189, 0.004862703, 0.07868536, 111.8821, 1.197691, 0.743877, 0.7735416
 
12.37019, -0.003658994, -0.0197413, 5, 0, 0.0091083305450724585886587054, 5051.612, -1642.728, -6.594189, 0.004862703, 0.07868536, 111.7615, 1.19769, 0.743877, 0.7735416
 
12.38019, -0.003638759, -0.01977789, 5, 0, 0.0091443012531998317361934197, 5040.042, -1642.728, -6.594189, 0.004862703, 0.07868536, 111.641, 1.197689, 0.743877, 0.7735416
 
12.39019, -0.003635962, -0.01981428, 5, 0, 0.0091815224437887603699071026, 5028.493, -1642.728, -6.594189, 0.004862703, 0.07868536, 111.5206, 1.197688, 0.743877, 0.7735416
 
12.40019, -0.003632072, -0.01985063, 5, 0, 0.0092187855319859531111791216, 5016.967, -1642.728, -6.594189, 0.004862703, 0.07868536, 111.4002, 1.197688, 0.743877, 0.7735416
 
12.41019, -0.003626982, -0.01988696, 5, 0, 0.0092560808491125351566706615, 5005.46, -1642.728, -6.594189, 0.004862703, 0.07868536, 111.2799, 1.197687, 0.743877, 0.7735416
 
12.42019, -0.003626002, -0.01992323, 5, 0, 0.0092937725820710181743589048, 4993.977, -1642.728, -6.594189, 0.004862703, 0.07868536, 111.1596, 1.197686, 0.743877, 0.7735416
 
12.43019, -0.00362869, -0.01995949, 5, 0, 0.0093318526736290306664919052, 4982.513, -1642.728, -6.594189, 0.004862703, 0.07868536, 111.0395, 1.197685, 0.743877, 0.7735416
 
12.44019, -0.003630609, -0.01999577, 5, 0, 0.0093700278405288366814142859, 4971.07, -1642.728, -6.594189, 0.004862703, 0.07868536, 110.9193, 1.197684, 0.743877, 0.7735416
 
12.45019, -0.003631997, -0.02003208, 5, 0, 0.0094083109743422048323856239, 4959.65, -1642.728, -6.594189, 0.004862703, 0.07868536, 110.7993, 1.197683, 0.743877, 0.7735416
 
12.46019, -0.003637496, -0.0200684, 5, 0, 0.0094470259758098215275527913, 4948.25, -1642.728, -6.594189, 0.004862703, 0.07868536, 110.6793, 1.197682, 0.743877, 0.7735416
 
12.47019, -0.003646897, -0.02010477, 5, 0, 0.0094861889593963814190255486, 4936.869, -1642.728, -6.594189, 0.004862703, 0.07868536, 110.5593, 1.197681, 0.743877, 0.7735416
 
12.48019, -0.003669006, -0.02014124, 5, 0, 0.0095264380579044792065470894, 4925.509, -1642.728, -6.594189, 0.004862703, 0.07868536, 110.4395, 1.19768, 0.743877, 0.7735416
 
12.49019, -0.003698958, -0.02017793, 5, 0, 0.0095674961025410574761070867, 4914.169, -1642.728, -6.594189, 0.004862703, 0.07868536, 110.3196, 1.197679, 0.743877, 0.7735416
 
12.50019, -0.003713568, -0.02021492, 5, 0, 0.0096077452010491230346992059, 4902.851, -1642.728, -6.594189, 0.004862703, 0.07868536, 110.1999, 1.197677, 0.743877, 0.7735416
 
12.51019, -0.00373252, -0.02025206, 5, 0, 0.0096485180196603046214263514, 4891.554, -1642.728, -6.594189, 0.004862703, 0.07868536, 110.0802, 1.197676, 0.743877, 0.7735416
 
12.52019, -0.003760092, -0.02028938, 5, 0, 0.0096901416820082146832855786, 4880.278, -1642.728, -6.594189, 0.004862703, 0.07868536, 109.9606, 1.197675, 0.743877, 0.7735416
 
12.53019, -0.003759965, -0.02032699, 5, 0, 0.0097300523767573702582785125, 4869.022, -1642.728, -6.594189, 0.004862703, 0.07868536, 109.841, 1.197674, 0.743877, 0.7735416
 
12.54019, -0.003756497, -0.02036458, 5, 0, 0.0097698679961647161960173552, 4857.787, -1642.728, -6.594189, 0.004862703, 0.07868536, 109.7215, 1.197673, 0.743877, 0.7735416
 
12.55019, -0.003772347, -0.02040215, 5, 0, 0.0098112128782731622250676514, 4846.569, -1642.728, -6.594189, 0.004862703, 0.07868536, 109.6021, 1.197672, 0.743877, 0.7735416
 
12.56019, -0.003793248, -0.02043987, 5, 0, 0.0098531411040040735462549637, 4835.375, -1642.728, -6.594189, 0.004862703, 0.07868536, 109.4827, 1.197671, 0.743877, 0.7735416
 
12.57019, -0.003818892, -0.02047781, 5, 0, 0.0098956703992687448040641857, 4824.2, -1642.728, -6.594189, 0.004862703, 0.07868536, 109.3633, 1.19767, 0.743877, 0.7735416
 
12.58019, -0.003844819, -0.020516, 5, 0, 0.0099384962006840619379142571, 4813.046, -1642.728, -6.594189, 0.004862703, 0.07868536, 109.2441, 1.197669, 0.743877, 0.7735416
 
12.59019, -0.003840359, -0.02055445, 5, 0, 0.0099793753747623506984976235, 4801.915, -1642.728, -6.594189, 0.004862703, 0.07868536, 109.1249, 1.197668, 0.743877, 0.7735416
 
12.60019, -0.003842803, -0.02059285, 5, 0, 0.0100208991274290378931304183, 4790.798, -1642.728, -6.594189, 0.004862703, 0.07868536, 109.0057, 1.197667, 0.743877, 0.7735416
 
12.61019, -0.003865245, -0.02063128, 5, 0, 0.0100640407723527343952342584, 4779.706, -1642.728, -6.594189, 0.004862703, 0.07868536, 108.8866, 1.197666, 0.743877, 0.7735416
 
12.62019, -0.003893408, -0.02066993, 5, 0, 0.0101078737278124744399887826, 4768.631, -1642.728, -6.594189, 0.004862703, 0.07868536, 108.7676, 1.197665, 0.743877, 0.7735416
 
12.63019, -0.003892031, -0.02070886, 5, 0, 0.0101498229023475581011170398, 4757.578, -1642.728, -6.594189, 0.004862703, 0.07868536, 108.6487, 1.197664, 0.743877, 0.7735416
 
12.64019, -0.003898256, -0.02074778, 5, 0, 0.0101924778904369411092777160, 4746.547, -1642.728, -6.594189, 0.004862703, 0.07868536, 108.5298, 1.197662, 0.743877, 0.7735416
 
12.65019, -0.003898192, -0.02078677, 5, 0, 0.0102348589326262572001370918, 4735.531, -1642.728, -6.594189, 0.004862703, 0.07868536, 108.4109, 1.197661, 0.743877, 0.7735416
 
12.66019, -0.003923658, -0.02082575, 5, 0, 0.0102792849003873695692968686, 4724.539, -1642.728, -6.594189, 0.004862703, 0.07868536, 108.2921, 1.19766, 0.743877, 0.7735416
 
12.67019, -0.003929594, -0.02086499, 5, 0, 0.0103225425694569513618074801, 4713.565, -1642.728, -6.594189, 0.004862703, 0.07868536, 108.1734, 1.197659, 0.743877, 0.7735416
 
12.68019, -0.003939046, -0.02090428, 5, 0, 0.0103662482206454924650883923, 4702.613, -1642.728, -6.594189, 0.004862703, 0.07868536, 108.0547, 1.197658, 0.743877, 0.7735416
 
12.6902, -0.003951928, -0.02094367, 5, 0, 0.0104104147455247776068638929, 4691.682, -1642.728, -6.594189, 0.004862703, 0.07868536, 107.9361, 1.197657, 0.743877, 0.7735416
 
12.7002, -0.003946746, -0.02098319, 5, 0, 0.0104534613151066483572489311, 4680.766, -1642.728, -6.594189, 0.004862703, 0.07868536, 107.8176, 1.197656, 0.743877, 0.7735416
 
12.7102, -0.003959282, -0.02102266, 5, 0, 0.0104979678551912823303516426, 4669.872, -1642.728, -6.594189, 0.004862703, 0.07868536, 107.6991, 1.197654, 0.743877, 0.7735416
 
12.7202, -0.003975659, -0.02106225, 5, 0, 0.0105429820009143537939443307, 4658.999, -1642.728, -6.594189, 0.004862703, 0.07868536, 107.5807, 1.197653, 0.743877, 0.7735416
 
12.7302, -0.00400019, -0.02110201, 5, 0, 0.0105888582704994351548065196, 4648.146, -1642.728, -6.594189, 0.004862703, 0.07868536, 107.4623, 1.197652, 0.743877, 0.7735416
 
12.7402, -0.004002481, -0.02114201, 5, 0, 0.0106333406388870352069769458, 4637.313, -1642.728, -6.594189, 0.004862703, 0.07868536, 107.344, 1.197651, 0.743877, 0.7735416
 
12.7502, -0.004005228, -0.02118204, 5, 0, 0.0106780357182088173779303925, 4626.498, -1642.728, -6.594189, 0.004862703, 0.07868536, 107.2257, 1.19765, 0.743877, 0.7735416
 
12.7602, -0.004005203, -0.02122209, 5, 0, 0.0107226985686011619012701859, 4615.703, -1642.728, -6.594189, 0.004862703, 0.07868536, 107.1075, 1.197649, 0.743877, 0.7735416
 
12.7702, -0.004010672, -0.02126214, 5, 0, 0.0107679367053837130202480242, 4604.929, -1642.728, -6.594189, 0.004862703, 0.07868536, 106.9894, 1.197648, 0.743877, 0.7735416
 
12.7802, -0.004025933, -0.02130225, 5, 0, 0.0108141159269053406782455618, 4594.175, -1642.728, -6.594189, 0.004862703, 0.07868536, 106.8713, 1.197646, 0.743877, 0.7735416
 
12.7902, -0.004020815, -0.02134251, 5, 0, 0.0108589898767854123581756393, 4583.438, -1642.728, -6.594189, 0.004862703, 0.07868536, 106.7533, 1.197645, 0.743877, 0.7735416
 
12.8002, -0.004039411, -0.02138272, 5, 0, 0.0109058185112349322525185004, 4572.721, -1642.728, -6.594189, 0.004862703, 0.07868536, 106.6353, 1.197644, 0.743877, 0.7735416
 
12.8102, -0.004058663, -0.02142311, 5, 0, 0.0109529629891927348283268656, 4562.025, -1642.728, -6.594189, 0.004862703, 0.07868536, 106.5174, 1.197643, 0.743877, 0.7735416
 
12.8202, -0.00406245, -0.0214637, 5, 0, 0.0109991857197691137850048971, 4551.348, -1642.728, -6.594189, 0.004862703, 0.07868536, 106.3996, 1.197641, 0.743877, 0.7735416
 
12.8302, -0.004072474, -0.02150432, 5, 0, 0.0110460820349703705555664051, 4540.689, -1642.728, -6.594189, 0.004862703, 0.07868536, 106.2818, 1.19764, 0.743877, 0.7735416
 
12.8402, -0.004076839, -0.02154505, 5, 0, 0.0110927575820051220529870786, 4530.052, -1642.728, -6.594189, 0.004862703, 0.07868536, 106.1641, 1.197639, 0.743877, 0.7735416
 
12.8502, -0.004096592, -0.02158581, 5, 0, 0.0111408270302373226301700933, 4519.432, -1642.728, -6.594189, 0.004862703, 0.07868536, 106.0464, 1.197638, 0.743877, 0.7735416
 
12.8602, -0.00411772, -0.02162678, 5, 0, 0.0111892832256225977196051286, 4508.831, -1642.728, -6.594189, 0.004862703, 0.07868536, 105.9288, 1.197637, 0.743877, 0.7735416
 
12.8702, -0.004133223, -0.02166796, 5, 0, 0.0112375782763607490288307407, 4498.252, -1642.728, -6.594189, 0.004862703, 0.07868536, 105.8113, 1.197635, 0.743877, 0.7735416
 
12.8802, -0.004142032, -0.02170929, 5, 0, 0.0112856154956635441873295237, 4487.691, -1642.728, -6.594189, 0.004862703, 0.07868536, 105.6938, 1.197634, 0.743877, 0.7735416
 
12.8902, -0.004150733, -0.02175071, 5, 0, 0.0113338622030075954257611436, 4477.15, -1642.728, -6.594189, 0.004862703, 0.07868536, 105.5764, 1.197633, 0.743877, 0.7735416
 
12.9002, -0.004166739, -0.02179221, 5, 0, 0.0113829049649083424185069323, 4466.629, -1642.728, -6.594189, 0.004862703, 0.07868536, 105.459, 1.197632, 0.743877, 0.7735416
 
12.9102, -0.004165167, -0.02183388, 5, 0, 0.0114308342172975754409567580, 4456.125, -1642.728, -6.594189, 0.004862703, 0.07868536, 105.3417, 1.19763, 0.743877, 0.7735416
 
12.9202, -0.004184864, -0.02187553, 5, 0, 0.0114806101873426461983762775, 4445.64, -1642.728, -6.594189, 0.004862703, 0.07868536, 105.2244, 1.197629, 0.743877, 0.7735416
 
12.9302, -0.004191712, -0.02191738, 5, 0, 0.0115296545606898803822442241, 4435.175, -1642.728, -6.594189, 0.004862703, 0.07868536, 105.1072, 1.197628, 0.743877, 0.7735416
 
12.9402, -0.004202295, -0.0219593, 5, 0, 0.0115792145969078429820305398, 4424.728, -1642.728, -6.594189, 0.004862703, 0.07868536, 104.9901, 1.197627, 0.743877, 0.7735416
 
12.9502, -0.004209646, -0.02200132, 5, 0, 0.0116287552957681687763922007, 4414.301, -1642.728, -6.594189, 0.004862703, 0.07868536, 104.873, 1.197625, 0.743877, 0.7735416
 
12.9602, -0.00423415, -0.02204342, 5, 0, 0.0116798832694024728494098578, 4403.893, -1642.728, -6.594189, 0.004862703, 0.07868536, 104.7559, 1.197624, 0.743877, 0.7735416
 
12.9702, -0.004233372, -0.02208576, 5, 0, 0.0117293127784562782399429564, 4393.504, -1642.728, -6.594189, 0.004862703, 0.07868536, 104.639, 1.197623, 0.743877, 0.7735416
 
12.9802, -0.004250568, -0.02212809, 5, 0, 0.0117803601797670284800882573, 4383.134, -1642.728, -6.594189, 0.004862703, 0.07868536, 104.522, 1.197621, 0.743877, 0.7735416
 
12.9902, -0.004265034, -0.0221706, 5, 0, 0.0118314688160437118621459704, 4372.782, -1642.728, -6.594189, 0.004862703, 0.07868536, 104.4052, 1.19762, 0.743877, 0.7735416
 
13.0002, -0.00426, -0.02221325, 5, 0, 0.0118812737921252781138642490, 4362.451, -1642.728, -6.594189, 0.004862703, 0.07868536, 104.2884, 1.197619, 0.743877, 0.7735416
 
13.0102, -0.004269396, -0.02225585, 5, 0, 0.0119324049886525404546615111, 4352.137, -1642.728, -6.594189, 0.004862703, 0.07868536, 104.1716, 1.197617, 0.743877, 0.7735416
 
13.0202, -0.004281627, -0.02229854, 5, 0, 0.0119840035046564150261184394, 4341.841, -1642.728, -6.594189, 0.004862703, 0.07868536, 104.0549, 1.197616, 0.743877, 0.7735416
 
13.0302, -0.004298986, -0.02234136, 5, 0, 0.0120362707709457864104159243, 4331.566, -1642.728, -6.594189, 0.004862703, 0.07868536, 103.9383, 1.197615, 0.743877, 0.7735416
 
13.0402, -0.004301768, -0.02238435, 5, 0, 0.0120876501302295945564600436, 4321.308, -1642.728, -6.594189, 0.004862703, 0.07868536, 103.8217, 1.197613, 0.743877, 0.7735416
 
13.0502, -0.004308513, -0.02242737, 5, 0, 0.0121395564325094447694893726, 4311.069, -1642.728, -6.594189, 0.004862703, 0.07868536, 103.7052, 1.197612, 0.743877, 0.7735416
 
13.0602, -0.00432133, -0.02247045, 5, 0, 0.0121921830513618662483975663, 4300.85, -1642.728, -6.594189, 0.004862703, 0.07868536, 103.5888, 1.197611, 0.743877, 0.7735416
 
13.0702, -0.004329265, -0.02251367, 5, 0, 0.0122446775316036594413950958, 4290.649, -1642.728, -6.594189, 0.004862703, 0.07868536, 103.4724, 1.197609, 0.743877, 0.7735416
 
13.0802, -0.004339126, -0.02255696, 5, 0, 0.0122975700391238085687820651, 4280.467, -1642.728, -6.594189, 0.004862703, 0.07868536, 103.356, 1.197608, 0.743877, 0.7735416
 
13.0902, -0.004353338, -0.02260035, 5, 0, 0.0123510716734100246726840474, 4270.303, -1642.728, -6.594189, 0.004862703, 0.07868536, 103.2397, 1.197607, 0.743877, 0.7735416
 
13.1002, -0.004358887, -0.02264389, 5, 0, 0.0124041462743814054623625417, 4260.155, -1642.728, -6.594189, 0.004862703, 0.07868536, 103.1235, 1.197605, 0.743877, 0.7735416
 
13.1102, -0.004388655, -0.02268748, 5, 0, 0.0124594398371434426948810158, 4250.028, -1642.728, -6.594189, 0.004862703, 0.07868536, 103.0073, 1.197604, 0.743877, 0.7735416
 
13.1202, -0.004396409, -0.02273136, 5, 0, 0.0125132830980815431646264993, 4239.919, -1642.728, -6.594189, 0.004862703, 0.07868536, 102.8912, 1.197602, 0.743877, 0.7735416
 
13.13021, -0.004401023, -0.02277533, 5, 0, 0.0125671086331084456766753537, 4229.829, -1642.728, -6.594189, 0.004862703, 0.07868536, 102.7751, 1.197601, 0.743877, 0.7735416
 
13.14021, -0.004430314, -0.02281934, 5, 0, 0.0126232127534454344678897314, 4219.757, -1642.728, -6.594189, 0.004862703, 0.07868536, 102.6591, 1.1976, 0.743877, 0.7735416
 
13.15021, -0.004451071, -0.02286364, 5, 0, 0.0126789816929164715432845287, 4209.703, -1642.728, -6.594189, 0.004862703, 0.07868536, 102.5431, 1.197598, 0.743877, 0.7735416
 
13.16021, -0.004451511, -0.02290815, 5, 0, 0.0127333728456547219620973238, 4199.667, -1642.728, -6.594189, 0.004862703, 0.07868536, 102.4272, 1.197597, 0.743877, 0.7735416
 
13.17021, -0.004462959, -0.02295267, 5, 0, 0.0127888952338156843089027111, 4189.65, -1642.728, -6.594189, 0.004862703, 0.07868536, 102.3114, 1.197595, 0.743877, 0.7735416
 
13.18021, -0.004482313, -0.0229973, 5, 0, 0.0128453506494833678114405620, 4179.653, -1642.728, -6.594189, 0.004862703, 0.07868536, 102.1956, 1.197594, 0.743877, 0.7735416
 
13.19021, -0.004494758, -0.02304212, 5, 0, 0.0129015466222692079721294258, 4169.672, -1642.728, -6.594189, 0.004862703, 0.07868536, 102.0798, 1.197592, 0.743877, 0.7735416
 
13.20021, -0.004505361, -0.02308707, 5, 0, 0.0129578682878798082265638761, 4159.709, -1642.728, -6.594189, 0.004862703, 0.07868536, 101.9641, 1.197591, 0.743877, 0.7735416
 
13.21021, -0.004510134, -0.02313212, 5, 0, 0.0130139724082168292467076753, 4149.764, -1642.728, -6.594189, 0.004862703, 0.07868536, 101.8485, 1.19759, 0.743877, 0.7735416
 
13.22021, -0.004536732, -0.02317722, 5, 0, 0.0130721633517338945382455009, 4139.838, -1642.728, -6.594189, 0.004862703, 0.07868536, 101.7329, 1.197588, 0.743877, 0.7735416
 
13.23021, -0.004561195, -0.02322259, 5, 0, 0.0131305331658092332242952465, 4129.931, -1642.728, -6.594189, 0.004862703, 0.07868536, 101.6174, 1.197587, 0.743877, 0.7735416
 
13.24021, -0.00457106, -0.0232682, 5, 0, 0.0131880295758972322475439398, 4120.041, -1642.728, -6.594189, 0.004862703, 0.07868536, 101.5019, 1.197585, 0.743877, 0.7735416
 
13.25021, -0.004584667, -0.02331391, 5, 0, 0.0132461125525007192885680973, 4110.168, -1642.728, -6.594189, 0.004862703, 0.07868536, 101.3865, 1.197584, 0.743877, 0.7735416
 
13.26021, -0.004589095, -0.02335976, 5, 0, 0.0133037104837164122557006702, 4100.314, -1642.728, -6.594189, 0.004862703, 0.07868536, 101.2712, 1.197582, 0.743877, 0.7735416
 
13.27021, -0.004607758, -0.02340565, 5, 0, 0.0133627667739884134833581801, 4090.48, -1642.728, -6.594189, 0.004862703, 0.07868536, 101.1559, 1.19758, 0.743877, 0.7735416
 
13.28021, -0.004638541, -0.02345173, 5, 0, 0.0134232008509932013675976923, 4080.661, -1642.728, -6.594189, 0.004862703, 0.07868536, 101.0407, 1.197579, 0.743877, 0.7735416
 
13.29021, -0.004651434, -0.02349811, 5, 0, 0.0134824891895570698628570097, 4070.863, -1642.728, -6.594189, 0.004862703, 0.07868536, 100.9255, 1.197577, 0.743877, 0.7735416
 
13.30021, -0.004660325, -0.02354463, 5, 0, 0.0135417340190662031739005439, 4061.081, -1642.728, -6.594189, 0.004862703, 0.07868536, 100.8103, 1.197576, 0.743877, 0.7735416
 
13.31021, -0.004665991, -0.02359123, 5, 0, 0.0136009740142359232549717368, 4051.318, -1642.728, -6.594189, 0.004862703, 0.07868536, 100.6953, 1.197574, 0.743877, 0.7735416
 
13.32021, -0.004672733, -0.02363789, 5, 0, 0.0136605701390757673918034550, 4041.571, -1642.728, -6.594189, 0.004862703, 0.07868536, 100.5802, 1.197573, 0.743877, 0.7735416
 
13.33021, -0.004685255, -0.02368462, 5, 0, 0.0137209365353287539419654771, 4031.842, -1642.728, -6.594189, 0.004862703, 0.07868536, 100.4653, 1.197571, 0.743877, 0.7735416
 
13.34021, -0.004690511, -0.02373147, 5, 0, 0.0137809709736087148151581024, 4022.131, -1642.728, -6.594189, 0.004862703, 0.07868536, 100.3504, 1.19757, 0.743877, 0.7735416
 
13.35021, -0.004697882, -0.02377838, 5, 0, 0.0138414485596682217691486869, 4012.438, -1642.728, -6.594189, 0.004862703, 0.07868536, 100.2355, 1.197568, 0.743877, 0.7735416
 
13.36021, -0.004703131, -0.02382536, 5, 0, 0.0139020067180512986704763385, 4002.764, -1642.728, -6.594189, 0.004862703, 0.07868536, 100.1207, 1.197567, 0.743877, 0.7735416
 
13.37021, -0.004706363, -0.02387239, 5, 0, 0.0139626647861155500956362902, 3993.104, -1642.728, -6.594189, 0.004862703, 0.07868536, 100.0059, 1.197565, 0.743877, 0.7735416
 
13.38021, -0.004712683, -0.02391945, 5, 0, 0.0140238304598182067823567969, 3983.466, -1642.728, -6.594189, 0.004862703, 0.07868536, 99.89124, 1.197563, 0.743877, 0.7735416
 
13.39021, -0.004739163, -0.02396658, 5, 0, 0.0140870603964503287817317809, 3973.842, -1642.728, -6.594189, 0.004862703, 0.07868536, 99.77659, 1.197562, 0.743877, 0.7735416
 
13.40021, -0.00476346, -0.02401397, 5, 0, 0.0141504772608730473299764991, 3964.239, -1642.728, -6.594189, 0.004862703, 0.07868536, 99.66199, 1.19756, 0.743877, 0.7735416
 
13.41021, -0.004781304, -0.02406161, 5, 0, 0.0142137152547375247126387188, 3954.652, -1642.728, -6.594189, 0.004862703, 0.07868536, 99.54748, 1.197559, 0.743877, 0.7735416
 
13.42021, -0.00479753, -0.02410942, 5, 0, 0.0142771562908573416396745653, 3945.082, -1642.728, -6.594189, 0.004862703, 0.07868536, 99.43299, 1.197557, 0.743877, 0.7735416
 
13.43021, -0.004820882, -0.02415739, 5, 0, 0.0143415770864315731744382637, 3935.528, -1642.728, -6.594189, 0.004862703, 0.07868536, 99.31854, 1.197555, 0.743877, 0.7735416
 
13.44021, -0.004851435, -0.0242056, 5, 0, 0.0144070195390684673100234389, 3925.994, -1642.728, -6.594189, 0.004862703, 0.07868536, 99.20415, 1.197554, 0.743877, 0.7735416
 
13.45021, -0.004854515, -0.02425412, 5, 0, 0.0144704331805982759338826844, 3916.477, -1642.728, -6.594189, 0.004862703, 0.07868536, 99.08984, 1.197552, 0.743877, 0.7735416
 
13.46021, -0.004853813, -0.02430266, 5, 0, 0.0145337694726974728781844679, 3906.976, -1642.728, -6.594189, 0.004862703, 0.07868536, 98.97556, 1.19755, 0.743877, 0.7735416
 
13.47021, -0.004858302, -0.0243512, 5, 0, 0.0145978115783510013984480919, 3897.494, -1642.728, -6.594189, 0.004862703, 0.07868536, 98.86134, 1.197549, 0.743877, 0.7735416
 
13.48021, -0.004863402, -0.02439978, 5, 0, 0.0146621872534240427868032708, 3888.028, -1642.728, -6.594189, 0.004862703, 0.07868536, 98.74717, 1.197547, 0.743877, 0.7735416
 
13.49021, -0.004873759, -0.02444842, 5, 0, 0.0147273170854455319363789931, 3878.579, -1642.728, -6.594189, 0.004862703, 0.07868536, 98.63306, 1.197545, 0.743877, 0.7735416
 
13.50021, -0.004884903, -0.02449716, 5, 0, 0.0147928223844948141760693170, 3869.15, -1642.728, -6.594189, 0.004862703, 0.07868536, 98.51902, 1.197544, 0.743877, 0.7735416
 
13.51021, -0.004892708, -0.024546, 5, 0, 0.0148583566895805596811289784, 3859.735, -1642.728, -6.594189, 0.004862703, 0.07868536, 98.40501, 1.197542, 0.743877, 0.7735416
 
13.52021, -0.004906372, -0.02459493, 5, 0, 0.0149247096094736121281717790, 3850.341, -1642.728, -6.594189, 0.004862703, 0.07868536, 98.29107, 1.19754, 0.743877, 0.7735416
 
13.53021, -0.004925081, -0.024644, 5, 0, 0.0149918730869416322483751941, 3840.962, -1642.728, -6.594189, 0.004862703, 0.07868536, 98.17717, 1.197538, 0.743877, 0.7735416
 
13.54021, -0.004945294, -0.02469325, 5, 0, 0.0150595345013691828268003491, 3831.602, -1642.728, -6.594189, 0.004862703, 0.07868536, 98.06333, 1.197537, 0.743877, 0.7735416
 
13.55021, -0.004966475, -0.0247427, 5, 0, 0.0151276809611845597080465102, 3822.257, -1642.728, -6.594189, 0.004862703, 0.07868536, 97.94953, 1.197535, 0.743877, 0.7735416
 
13.56021, -0.004976699, -0.02479237, 5, 0, 0.0151952102370014820005610010, 3812.929, -1642.728, -6.594189, 0.004862703, 0.07868536, 97.8358, 1.197533, 0.743877, 0.7735416
 
13.57022, -0.004980899, -0.02484213, 5, 0, 0.0152625090759730564455252638, 3803.618, -1642.728, -6.594189, 0.004862703, 0.07868536, 97.72211, 1.197531, 0.743877, 0.7735416
 
13.58022, -0.004996436, -0.02489194, 5, 0, 0.0153311389697297240950761407, 3794.325, -1642.728, -6.594189, 0.004862703, 0.07868536, 97.60848, 1.19753, 0.743877, 0.7735416
 
13.59022, -0.005010271, -0.0249419, 5, 0, 0.0153999719057417796323947768, 3785.049, -1642.728, -6.594189, 0.004862703, 0.07868536, 97.49489, 1.197528, 0.743877, 0.7735416
 
13.60022, -0.005035338, -0.02499201, 5, 0, 0.0154702051887371846705702533, 3775.789, -1642.728, -6.594189, 0.004862703, 0.07868536, 97.38136, 1.197526, 0.743877, 0.7735416
 
13.61022, -0.00504184, -0.02504236, 5, 0, 0.0155391380344304308461859004, 3766.545, -1642.728, -6.594189, 0.004862703, 0.07868536, 97.26788, 1.197524, 0.743877, 0.7735416
 
13.62022, -0.005056469, -0.02509278, 5, 0, 0.0156091279890087194235515719, 3757.321, -1642.728, -6.594189, 0.004862703, 0.07868536, 97.15446, 1.197523, 0.743877, 0.7735416
 
13.63022, -0.005066056, -0.02514334, 5, 0, 0.0156790180339057851336908110, 3748.112, -1642.728, -6.594189, 0.004862703, 0.07868536, 97.04107, 1.197521, 0.743877, 0.7735416
 
13.64022, -0.005092054, -0.025194, 5, 0, 0.0157507789681557547286614509, 3738.92, -1642.728, -6.594189, 0.004862703, 0.07868536, 96.92775, 1.197519, 0.743877, 0.7735416
 
13.65022, -0.005096563, -0.02524493, 5, 0, 0.0158209574619711431604837252, 3729.745, -1642.728, -6.594189, 0.004862703, 0.07868536, 96.81448, 1.197517, 0.743877, 0.7735416
 
13.66022, -0.005110111, -0.02529589, 5, 0, 0.0158922897514598224790381408, 3720.587, -1642.728, -6.594189, 0.004862703, 0.07868536, 96.70126, 1.197515, 0.743877, 0.7735416
 
13.67022, -0.005127886, -0.02534699, 5, 0, 0.0159643810322363789032501520, 3711.447, -1642.728, -6.594189, 0.004862703, 0.07868536, 96.58811, 1.197513, 0.743877, 0.7735416
 
13.68022, -0.00514573, -0.02539827, 5, 0, 0.0160368735631842334151664972, 3702.323, -1642.728, -6.594189, 0.004862703, 0.07868536, 96.47501, 1.197511, 0.743877, 0.7735416
 
13.69022, -0.005152052, -0.02544973, 5, 0, 0.0161086699492565828110656846, 3693.215, -1642.728, -6.594189, 0.004862703, 0.07868536, 96.36193, 1.19751, 0.743877, 0.7735416
 
13.70022, -0.005172095, -0.02550125, 5, 0, 0.0161820971191576617843013620, 3684.123, -1642.728, -6.594189, 0.004862703, 0.07868536, 96.24892, 1.197508, 0.743877, 0.7735416
 
13.71022, -0.005200942, -0.02555297, 5, 0, 0.0162567715486273540904011139, 3675.049, -1642.728, -6.594189, 0.004862703, 0.07868536, 96.13596, 1.197506, 0.743877, 0.7735416
 
13.72022, -0.005210277, -0.02560498, 5, 0, 0.0163300601341319204710963386, 3665.992, -1642.728, -6.594189, 0.004862703, 0.07868536, 96.02306, 1.197504, 0.743877, 0.7735416
 
13.73022, -0.005229425, -0.02565708, 5, 0, 0.0164046378768133481777492630, 3656.95, -1642.728, -6.594189, 0.004862703, 0.07868536, 95.91019, 1.197502, 0.743877, 0.7735416
 
13.74022, -0.00525844, -0.02570937, 5, 0, 0.0164805692345304802766577720, 3647.926, -1642.728, -6.594189, 0.004862703, 0.07868536, 95.7974, 1.1975, 0.743877, 0.7735416
 
13.75022, -0.00526422, -0.02576196, 5, 0, 0.0165547441155941388189489152, 3638.918, -1642.728, -6.594189, 0.004862703, 0.07868536, 95.68464, 1.197498, 0.743877, 0.7735416
 
13.76022, -0.005289469, -0.0258146, 5, 0, 0.0166311427927878831485170904, 3629.927, -1642.728, -6.594189, 0.004862703, 0.07868536, 95.57195, 1.197496, 0.743877, 0.7735416
 
13.77022, -0.005292068, -0.0258675, 5, 0, 0.0167057849933281539214678997, 3620.954, -1642.728, -6.594189, 0.004862703, 0.07868536, 95.45932, 1.197494, 0.743877, 0.7735416
 
13.78022, -0.005297938, -0.02592042, 5, 0, 0.0167810717724568553573975589, 3611.996, -1642.728, -6.594189, 0.004862703, 0.07868536, 95.34673, 1.197492, 0.743877, 0.7735416
 
13.79022, -0.005299986, -0.0259734, 5, 0, 0.0168563102081914244936038043, 3603.054, -1642.728, -6.594189, 0.004862703, 0.07868536, 95.23418, 1.19749, 0.743877, 0.7735416
 
13.80022, -0.005322364, -0.0260264, 5, 0, 0.0169338530123796332499594379, 3594.13, -1642.728, -6.594189, 0.004862703, 0.07868536, 95.1217, 1.197488, 0.743877, 0.7735416
 
13.81022, -0.00534313, -0.02607962, 5, 0, 0.0170117019913973465712300251, 3585.22, -1642.728, -6.594189, 0.004862703, 0.07868536, 95.00925, 1.197486, 0.743877, 0.7735416
 
13.82022, -0.005356038, -0.02613305, 5, 0, 0.0170891964521914230278622450, 3576.329, -1642.728, -6.594189, 0.004862703, 0.07868536, 94.89687, 1.197484, 0.743877, 0.7735416
 
13.83022, -0.005372355, -0.02618661, 5, 0, 0.0171674321783621947469201421, 3567.453, -1642.728, -6.594189, 0.004862703, 0.07868536, 94.78453, 1.197482, 0.743877, 0.7735416
 
13.84022, -0.005389214, -0.02624034, 5, 0, 0.0172461352240095786966377053, 3558.592, -1642.728, -6.594189, 0.004862703, 0.07868536, 94.67223, 1.19748, 0.743877, 0.7735416
 
13.85022, -0.005418494, -0.02629423, 5, 0, 0.0173264819450574608369513356, 3549.749, -1642.728, -6.594189, 0.004862703, 0.07868536, 94.55999, 1.197478, 0.743877, 0.7735416
 
13.86022, -0.005435733, -0.02634841, 5, 0, 0.0174061518585874907811371736, 3540.92, -1642.728, -6.594189, 0.004862703, 0.07868536, 94.44779, 1.197476, 0.743877, 0.7735416
 
13.87022, -0.005442194, -0.02640277, 5, 0, 0.0174851771935290900623441617, 3532.11, -1642.728, -6.594189, 0.004862703, 0.07868536, 94.33566, 1.197474, 0.743877, 0.7735416
 
13.88022, -0.005458063, -0.02645719, 5, 0, 0.0175655078001122614360833208, 3523.315, -1642.728, -6.594189, 0.004862703, 0.07868536, 94.22356, 1.197472, 0.743877, 0.7735416
 
13.89022, -0.005471745, -0.02651177, 5, 0, 0.0176460317802719620087161347, 3514.536, -1642.728, -6.594189, 0.004862703, 0.07868536, 94.11153, 1.19747, 0.743877, 0.7735416
 
13.90022, -0.005486414, -0.02656649, 5, 0, 0.0177270714233024071117320286, 3505.774, -1642.728, -6.594189, 0.004862703, 0.07868536, 93.99954, 1.197468, 0.743877, 0.7735416
 
13.91022, -0.005499961, -0.02662135, 5, 0, 0.0178084011266976460130884048, 3497.029, -1642.728, -6.594189, 0.004862703, 0.07868536, 93.88762, 1.197466, 0.743877, 0.7735416
 
13.92022, -0.005519011, -0.02667635, 5, 0, 0.0178907138124402416754875271, 3488.299, -1642.728, -6.594189, 0.004862703, 0.07868536, 93.77573, 1.197464, 0.743877, 0.7735416
 
13.93022, -0.005532849, -0.02673155, 5, 0, 0.0179729459258592835050142931, 3479.586, -1642.728, -6.594189, 0.004862703, 0.07868536, 93.66392, 1.197461, 0.743877, 0.7735416
 
13.94022, -0.005537468, -0.02678687, 5, 0, 0.0180546784908722915707324505, 3470.887, -1642.728, -6.594189, 0.004862703, 0.07868536, 93.55214, 1.197459, 0.743877, 0.7735416
 
13.95022, -0.005557289, -0.02684225, 5, 0, 0.0181382964482564593256637436, 3462.205, -1642.728, -6.594189, 0.004862703, 0.07868536, 93.44039, 1.197457, 0.743877, 0.7735416
 
13.96022, -0.005581084, -0.02689782, 5, 0, 0.0182227845867350084756164840, 3453.541, -1642.728, -6.594189, 0.004862703, 0.07868536, 93.32872, 1.197455, 0.743877, 0.7735416
 
13.97022, -0.005583527, -0.02695363, 5, 0, 0.0183056129353483486683986861, 3444.889, -1642.728, -6.594189, 0.004862703, 0.07868536, 93.21708, 1.197453, 0.743877, 0.7735416
 
13.98022, -0.005610487, -0.02700946, 5, 0, 0.0183912774297507837782878274, 3436.258, -1642.728, -6.594189, 0.004862703, 0.07868536, 93.10551, 1.197451, 0.743877, 0.7735416
 
13.99022, -0.005616411, -0.02706557, 5, 0, 0.0184753143632174314641553729, 3427.639, -1642.728, -6.594189, 0.004862703, 0.07868536, 92.99397, 1.197448, 0.743877, 0.7735416
 
14.00023, -0.00563194, -0.02712173, 5, 0, 0.0185607210261844943088529743, 3419.036, -1642.728, -6.594189, 0.004862703, 0.07868536, 92.88248, 1.197446, 0.743877, 0.7735416
 
14.01023, -0.005663219, -0.02717805, 5, 0, 0.0186482064550992460416573664, 3410.45, -1642.728, -6.594189, 0.004862703, 0.07868536, 92.77105, 1.197444, 0.743877, 0.7735416
 
14.02023, -0.005682431, -0.02723468, 5, 0, 0.0187349989620314348117594949, 3401.88, -1642.728, -6.594189, 0.004862703, 0.07868536, 92.65966, 1.197442, 0.743877, 0.7735416
 
14.03023, -0.005699009, -0.02729151, 5, 0, 0.0188219848425401527807552783, 3393.326, -1642.728, -6.594189, 0.004862703, 0.07868536, 92.54834, 1.19744, 0.743877, 0.7735416
 
14.04023, -0.005704961, -0.0273485, 5, 0, 0.0189083583733898616199211545, 3384.787, -1642.728, -6.594189, 0.004862703, 0.07868536, 92.43705, 1.197437, 0.743877, 0.7735416
 
14.05023, -0.005713991, -0.02740555, 5, 0, 0.0189954087117574226552148229, 3376.265, -1642.728, -6.594189, 0.004862703, 0.07868536, 92.32584, 1.197435, 0.743877, 0.7735416
 
14.06023, -0.005731373, -0.02746269, 5, 0, 0.0190837643217665557830406622, 3367.758, -1642.728, -6.594189, 0.004862703, 0.07868536, 92.21465, 1.197433, 0.743877, 0.7735416
 
14.07023, -0.005755104, -0.02752, 5, 0, 0.0191732640587701533376539600, 3359.266, -1642.728, -6.594189, 0.004862703, 0.07868536, 92.10352, 1.19743, 0.743877, 0.7735416
 
14.08023, -0.005773531, -0.02757755, 5, 0, 0.0192627315668443293591183152, 3350.791, -1642.728, -6.594189, 0.004862703, 0.07868536, 91.99244, 1.197428, 0.743877, 0.7735416
 
14.09023, -0.005782434, -0.02763529, 5, 0, 0.0193516834120477608501995906, 3342.331, -1642.728, -6.594189, 0.004862703, 0.07868536, 91.8814, 1.197426, 0.743877, 0.7735416
 
14.10023, -0.005795349, -0.02769311, 5, 0, 0.0194414732094161522031533708, 3333.886, -1642.728, -6.594189, 0.004862703, 0.07868536, 91.7704, 1.197424, 0.743877, 0.7735416
 
14.11023, -0.005826309, -0.02775106, 5, 0, 0.0195336318330970262425544241, 3325.458, -1642.728, -6.594189, 0.004862703, 0.07868536, 91.65947, 1.197421, 0.743877, 0.7735416
 
14.12023, -0.005847709, -0.02780933, 5, 0, 0.0196253714806954203510192250, 3317.043, -1642.728, -6.594189, 0.004862703, 0.07868536, 91.54858, 1.197419, 0.743877, 0.7735416
 
14.13023, -0.005873084, -0.02786781, 5, 0, 0.0197180296527823281542288868, 3308.647, -1642.728, -6.594189, 0.004862703, 0.07868536, 91.43775, 1.197416, 0.743877, 0.7735416
 
14.14023, -0.005885689, -0.02792654, 5, 0, 0.0198098982160984083952894577, 3300.265, -1642.728, -6.594189, 0.004862703, 0.07868536, 91.32697, 1.197414, 0.743877, 0.7735416
 
14.15023, -0.005895403, -0.02798539, 5, 0, 0.0199019118095968855355202698, 3291.899, -1642.728, -6.594189, 0.004862703, 0.07868536, 91.21625, 1.197412, 0.743877, 0.7735416
 
14.16023, -0.005913369, -0.02804435, 5, 0, 0.0199952629036663563014321952, 3283.549, -1642.728, -6.594189, 0.004862703, 0.07868536, 91.10557, 1.197409, 0.743877, 0.7735416
 
14.17023, -0.005928522, -0.02810348, 5, 0, 0.0200888073713123562662377756, 3275.213, -1642.728, -6.594189, 0.004862703, 0.07868536, 90.99492, 1.197407, 0.743877, 0.7735416
 
14.18023, -0.005945093, -0.02816277, 5, 0, 0.0201830125320114976605966770, 3266.893, -1642.728, -6.594189, 0.004862703, 0.07868536, 90.88432, 1.197405, 0.743877, 0.7735416
 
14.19023, -0.005971518, -0.02822222, 5, 0, 0.0202787646813228726461048181, 3258.589, -1642.728, -6.594189, 0.004862703, 0.07868536, 90.77377, 1.197402, 0.743877, 0.7735416
 
14.20023, -0.005982483, -0.02828193, 5, 0, 0.0203734371614986262711233856, 3250.299, -1642.728, -6.594189, 0.004862703, 0.07868536, 90.66328, 1.197399, 0.743877, 0.7735416
 
14.21023, -0.006004381, -0.02834176, 5, 0, 0.0204697210881454565535890778, 3242.026, -1642.728, -6.594189, 0.004862703, 0.07868536, 90.55284, 1.197397, 0.743877, 0.7735416
 
14.22023, -0.006015651, -0.0284018, 5, 0, 0.0205654410085274100059482763, 3233.768, -1642.728, -6.594189, 0.004862703, 0.07868536, 90.44245, 1.197395, 0.743877, 0.7735416
 
14.23023, -0.006033939, -0.02846196, 5, 0, 0.0206623856282273817179672895, 3225.524, -1642.728, -6.594189, 0.004862703, 0.07868536, 90.33209, 1.197392, 0.743877, 0.7735416
 
14.24023, -0.006051385, -0.0285223, 5, 0, 0.0207597653384745441274970263, 3217.297, -1642.728, -6.594189, 0.004862703, 0.07868536, 90.2218, 1.19739, 0.743877, 0.7735416
 
14.25023, -0.006067175, -0.02858281, 5, 0, 0.0208574834524806326350906593, 3209.084, -1642.728, -6.594189, 0.004862703, 0.07868536, 90.11156, 1.197387, 0.743877, 0.7735416
 
14.26023, -0.00608273, -0.02864348, 5, 0, 0.0209556850004280441399184296, 3200.889, -1642.728, -6.594189, 0.004862703, 0.07868536, 90.00137, 1.197384, 0.743877, 0.7735416
 
14.27023, -0.006097266, -0.02870431, 5, 0, 0.0210543055244579355756824524, 3192.707, -1642.728, -6.594189, 0.004862703, 0.07868536, 89.89123, 1.197382, 0.743877, 0.7735416
 
14.28023, -0.006123394, -0.02876528, 5, 0, 0.0211546986396060113346383121, 3184.54, -1642.728, -6.594189, 0.004862703, 0.07868536, 89.78112, 1.197379, 0.743877, 0.7735416
 
14.29023, -0.006136075, -0.02882651, 5, 0, 0.0212542215736597056985727246, 3176.388, -1642.728, -6.594189, 0.004862703, 0.07868536, 89.67106, 1.197377, 0.743877, 0.7735416
 
14.30023, -0.006153338, -0.02888788, 5, 0, 0.0213547436045254675901243543, 3168.252, -1642.728, -6.594189, 0.004862703, 0.07868536, 89.56106, 1.197374, 0.743877, 0.7735416
 
14.31023, -0.006166826, -0.02894941, 5, 0, 0.0214554106655736263808462252, 3160.13, -1642.728, -6.594189, 0.004862703, 0.07868536, 89.4511, 1.197372, 0.743877, 0.7735416
 
14.32023, -0.006185323, -0.02901108, 5, 0, 0.0215571251668279849989087271, 3152.023, -1642.728, -6.594189, 0.004862703, 0.07868536, 89.34117, 1.197369, 0.743877, 0.7735416
 
14.33023, -0.00621294, -0.02907293, 5, 0, 0.0216604188856239987412694110, 3143.933, -1642.728, -6.594189, 0.004862703, 0.07868536, 89.23132, 1.197366, 0.743877, 0.7735416
 
14.34023, -0.006240427, -0.02913506, 5, 0, 0.0217643249540790216134600023, 3135.857, -1642.728, -6.594189, 0.004862703, 0.07868536, 89.1215, 1.197364, 0.743877, 0.7735416
 
14.35023, -0.006252063, -0.02919746, 5, 0, 0.0218670868955395800588631351, 3127.797, -1642.728, -6.594189, 0.004862703, 0.07868536, 89.01175, 1.197361, 0.743877, 0.7735416
 
14.36023, -0.006261521, -0.02925998, 5, 0, 0.0219701066684355107694578079, 3119.752, -1642.728, -6.594189, 0.004862703, 0.07868536, 88.90205, 1.197358, 0.743877, 0.7735416
 
14.37023, -0.006280964, -0.0293226, 5, 0, 0.0220747701167319396706485477, 3111.72, -1642.728, -6.594189, 0.004862703, 0.07868536, 88.79237, 1.197356, 0.743877, 0.7735416
 
14.38023, -0.006307128, -0.02938541, 5, 0, 0.0221807549511346514309459297, 3103.705, -1642.728, -6.594189, 0.004862703, 0.07868536, 88.68277, 1.197353, 0.743877, 0.7735416
 
14.39023, -0.006314063, -0.02944848, 5, 0, 0.0222851766824604188335196008, 3095.706, -1642.728, -6.594189, 0.004862703, 0.07868536, 88.5732, 1.19735, 0.743877, 0.7735416
 
14.40023, -0.006328266, -0.02951162, 5, 0, 0.0223909359143571798617743853, 3087.72, -1642.728, -6.594189, 0.004862703, 0.07868536, 88.46368, 1.197348, 0.743877, 0.7735416
 
14.41023, -0.006353686, -0.0295749, 5, 0, 0.0224985160807662575129444206, 3079.748, -1642.728, -6.594189, 0.004862703, 0.07868536, 88.35419, 1.197345, 0.743877, 0.7735416
 
14.42023, -0.00637307, -0.02963844, 5, 0, 0.0226060479037812028643910421, 3071.792, -1642.728, -6.594189, 0.004862703, 0.07868536, 88.24477, 1.197342, 0.743877, 0.7735416
 
14.43023, -0.00638753, -0.02970217, 5, 0, 0.0227135958412608589824121348, 3063.851, -1642.728, -6.594189, 0.004862703, 0.07868536, 88.13539, 1.197339, 0.743877, 0.7735416
 
14.44024, -0.006417393, -0.02976605, 5, 0, 0.0228234803761235762537315582, 3055.923, -1642.728, -6.594189, 0.004862703, 0.07868536, 88.02605, 1.197336, 0.743877, 0.7735416
 
14.45024, -0.006441882, -0.02983022, 5, 0, 0.0229334293688451365913488666, 3048.012, -1642.728, -6.594189, 0.004862703, 0.07868536, 87.91677, 1.197333, 0.743877, 0.7735416
 
14.46024, -0.006458216, -0.02989464, 5, 0, 0.0230430560722724815974767500, 3040.116, -1642.728, -6.594189, 0.004862703, 0.07868536, 87.80753, 1.197331, 0.743877, 0.7735416
 
14.47024, -0.006487021, -0.02995922, 5, 0, 0.0231547454271828047251369529, 3032.233, -1642.728, -6.594189, 0.004862703, 0.07868536, 87.69834, 1.197328, 0.743877, 0.7735416
 
14.48024, -0.006507124, -0.03002409, 5, 0, 0.0232660963783342017547332596, 3024.365, -1642.728, -6.594189, 0.004862703, 0.07868536, 87.58918, 1.197325, 0.743877, 0.7735416
 
14.49024, -0.006544159, -0.03008916, 5, 0, 0.0233800417583040322028194368, 3016.512, -1642.728, -6.594189, 0.004862703, 0.07868536, 87.48009, 1.197322, 0.743877, 0.7735416
 
14.50024, -0.006552603, -0.0301546, 5, 0, 0.0234914088239201399989902148, 3008.674, -1642.728, -6.594189, 0.004862703, 0.07868536, 87.37104, 1.197319, 0.743877, 0.7735416
 
14.51024, -0.006579194, -0.03022013, 5, 0, 0.0236054347762135242799487483, 3000.85, -1642.728, -6.594189, 0.004862703, 0.07868536, 87.26202, 1.197316, 0.743877, 0.7735416
 
14.52024, -0.00659841, -0.03028592, 5, 0, 0.0237192673549303793620136268, 2993.041, -1642.728, -6.594189, 0.004862703, 0.07868536, 87.15308, 1.197313, 0.743877, 0.7735416
 
14.53024, -0.006619274, -0.03035191, 5, 0, 0.0238339217713474835393765388, 2985.248, -1642.728, -6.594189, 0.004862703, 0.07868536, 87.04417, 1.19731, 0.743877, 0.7735416
 
14.54024, -0.006629981, -0.0304181, 5, 0, 0.0239480444104291324197818998, 2977.467, -1642.728, -6.594189, 0.004862703, 0.07868536, 86.93531, 1.197307, 0.743877, 0.7735416
 
14.55024, -0.006659309, -0.0304844, 5, 0, 0.0240648903940469008512729012, 2969.704, -1642.728, -6.594189, 0.004862703, 0.07868536, 86.82651, 1.197304, 0.743877, 0.7735416
 
14.56024, -0.006670332, -0.03055099, 5, 0, 0.0241803183047701218242104331, 2961.953, -1642.728, -6.594189, 0.004862703, 0.07868536, 86.71775, 1.197301, 0.743877, 0.7735416
 
14.57024, -0.006679933, -0.0306177, 5, 0, 0.0242961329626464011949352748, 2954.217, -1642.728, -6.594189, 0.004862703, 0.07868536, 86.60903, 1.197298, 0.743877, 0.7735416
 
14.58024, -0.006708677, -0.0306845, 5, 0, 0.0244147998807764862493415270, 2946.496, -1642.728, -6.594189, 0.004862703, 0.07868536, 86.50035, 1.197295, 0.743877, 0.7735416
 
14.59024, -0.00672494, -0.03075158, 5, 0, 0.0245327094190651652747476306, 2938.789, -1642.728, -6.594189, 0.004862703, 0.07868536, 86.39174, 1.197292, 0.743877, 0.7735416
 
14.60024, -0.006748771, -0.03081883, 5, 0, 0.0246521337170366563581540314, 2931.097, -1642.728, -6.594189, 0.004862703, 0.07868536, 86.28316, 1.197289, 0.743877, 0.7735416
 
14.61024, -0.006763681, -0.03088632, 5, 0, 0.0247711873823197998103475934, 2923.418, -1642.728, -6.594189, 0.004862703, 0.07868536, 86.17463, 1.197286, 0.743877, 0.7735416
 
14.62024, -0.006779561, -0.03095395, 5, 0, 0.0248909823129796385249668328, 2915.754, -1642.728, -6.594189, 0.004862703, 0.07868536, 86.06613, 1.197283, 0.743877, 0.7735416
 
14.63024, -0.006811344, -0.03102175, 5, 0, 0.0250133233290637783583525290, 2908.106, -1642.728, -6.594189, 0.004862703, 0.07868536, 85.9577, 1.19728, 0.743877, 0.7735416
 
14.64024, -0.006830517, -0.03108986, 5, 0, 0.0251349230797712229293125479, 2900.471, -1642.728, -6.594189, 0.004862703, 0.07868536, 85.84932, 1.197277, 0.743877, 0.7735416
 
14.65024, -0.006843156, -0.03115817, 5, 0, 0.0252563616858315598345278543, 2892.853, -1642.728, -6.594189, 0.004862703, 0.07868536, 85.741, 1.197274, 0.743877, 0.7735416
 
14.66024, -0.006845018, -0.0312266, 5, 0, 0.0253771395988387553101898396, 2885.247, -1642.728, -6.594189, 0.004862703, 0.07868536, 85.63271, 1.197271, 0.743877, 0.7735416
 
14.67024, -0.006865176, -0.03129505, 5, 0, 0.0255006569708467811035119367, 2877.656, -1642.728, -6.594189, 0.004862703, 0.07868536, 85.52448, 1.197267, 0.743877, 0.7735416
 
14.68024, -0.006882779, -0.0313637, 5, 0, 0.0256245610900078652946213437, 2870.079, -1642.728, -6.594189, 0.004862703, 0.07868536, 85.41628, 1.197264, 0.743877, 0.7735416
 
14.69024, -0.006899037, -0.03143253, 5, 0, 0.0257489808720396940161138306, 2862.515, -1642.728, -6.594189, 0.004862703, 0.07868536, 85.30811, 1.197261, 0.743877, 0.7735416
 
14.70024, -0.00692122, -0.03150152, 5, 0, 0.0258747703835719378964363733, 2854.967, -1642.728, -6.594189, 0.004862703, 0.07868536, 85.20001, 1.197258, 0.743877, 0.7735416
 
14.71024, -0.006949068, -0.03157073, 5, 0, 0.0260019779679987292353123856, 2847.433, -1642.728, -6.594189, 0.004862703, 0.07868536, 85.09196, 1.197254, 0.743877, 0.7735416
 
14.72024, -0.006974967, -0.03164022, 5, 0, 0.0261297173297609758711459491, 2839.913, -1642.728, -6.594189, 0.004862703, 0.07868536, 84.98395, 1.197251, 0.743877, 0.7735416
 
14.73024, -0.006995902, -0.03170997, 5, 0, 0.0262576017217056194061497537, 2832.405, -1642.728, -6.594189, 0.004862703, 0.07868536, 84.87597, 1.197248, 0.743877, 0.7735416
 
14.74024, -0.007020798, -0.03177993, 5, 0, 0.0263866946985035704342389018, 2824.913, -1642.728, -6.594189, 0.004862703, 0.07868536, 84.76803, 1.197245, 0.743877, 0.7735416
 
14.75024, -0.007051577, -0.03185014, 5, 0, 0.0265172863205196227537538756, 2817.435, -1642.728, -6.594189, 0.004862703, 0.07868536, 84.66016, 1.197241, 0.743877, 0.7735416
 
14.76024, -0.007065835, -0.03192065, 5, 0, 0.0266466048998235245138856211, 2809.971, -1642.728, -6.594189, 0.004862703, 0.07868536, 84.55234, 1.197238, 0.743877, 0.7735416
 
14.77024, -0.007085246, -0.03199131, 5, 0, 0.0267772609796984198996984800, 2802.521, -1642.728, -6.594189, 0.004862703, 0.07868536, 84.44454, 1.197234, 0.743877, 0.7735416
 
14.78024, -0.007108391, -0.03206216, 5, 0, 0.0269090934154972012454477398, 2795.085, -1642.728, -6.594189, 0.004862703, 0.07868536, 84.3368, 1.197231, 0.743877, 0.7735416
 
14.79024, -0.007135889, -0.03213324, 5, 0, 0.0270422472374022654503036418, 2787.662, -1642.728, -6.594189, 0.004862703, 0.07868536, 84.22909, 1.197228, 0.743877, 0.7735416
 
14.80024, -0.007160556, -0.0322046, 5, 0, 0.0271758200353898095860957961, 2780.255, -1642.728, -6.594189, 0.004862703, 0.07868536, 84.12144, 1.197224, 0.743877, 0.7735416
 
14.81024, -0.007177781, -0.03227621, 5, 0, 0.0273092478031949568227177092, 2772.861, -1642.728, -6.594189, 0.004862703, 0.07868536, 84.01384, 1.197221, 0.743877, 0.7735416
 
14.82024, -0.007197324, -0.03234798, 5, 0, 0.0274436907822768823535313108, 2765.481, -1642.728, -6.594189, 0.004862703, 0.07868536, 83.90628, 1.197217, 0.743877, 0.7735416
 
14.83024, -0.007218597, -0.03241996, 5, 0, 0.0275790845147767431122387158, 2758.115, -1642.728, -6.594189, 0.004862703, 0.07868536, 83.79876, 1.197214, 0.743877, 0.7735416
 
14.84024, -0.00724584, -0.03249214, 5, 0, 0.0277159930069594159289464180, 2750.763, -1642.728, -6.594189, 0.004862703, 0.07868536, 83.69131, 1.19721, 0.743877, 0.7735416
 
14.85024, -0.007270072, -0.0325646, 5, 0, 0.0278533527041539902097393150, 2743.426, -1642.728, -6.594189, 0.004862703, 0.07868536, 83.58389, 1.197207, 0.743877, 0.7735416
 
14.86024, -0.007289771, -0.0326373, 5, 0, 0.0279909218893898044560003382, 2736.102, -1642.728, -6.594189, 0.004862703, 0.07868536, 83.47652, 1.197203, 0.743877, 0.7735416
 
14.87024, -0.007319572, -0.03271019, 5, 0, 0.0281305537261085968237936808, 2728.791, -1642.728, -6.594189, 0.004862703, 0.07868536, 83.36919, 1.1972, 0.743877, 0.7735416
 
14.88025, -0.007352373, -0.03278339, 5, 0, 0.0282714424910748289843957806, 2721.493, -1642.728, -6.594189, 0.004862703, 0.07868536, 83.26189, 1.197196, 0.743877, 0.7735416
 
14.89025, -0.007384532, -0.03285691, 5, 0, 0.0284131208648118887071469715, 2714.212, -1642.728, -6.594189, 0.004862703, 0.07868536, 83.15466, 1.197192, 0.743877, 0.7735416
 
14.90025, -0.007414494, -0.03293076, 5, 0, 0.0285553954737432467931535984, 2706.944, -1642.728, -6.594189, 0.004862703, 0.07868536, 83.04748, 1.197189, 0.743877, 0.7735416
 
14.91025, -0.007436813, -0.0330049, 5, 0, 0.0286975733958863402797133978, 2699.688, -1642.728, -6.594189, 0.004862703, 0.07868536, 82.94033, 1.197185, 0.743877, 0.7735416
 
14.92025, -0.007459787, -0.03307927, 5, 0, 0.0288406376135885259278691158, 2692.447, -1642.728, -6.594189, 0.004862703, 0.07868536, 82.83322, 1.197181, 0.743877, 0.7735416
 
14.93025, -0.007487802, -0.03315387, 5, 0, 0.0289851682475793913343017170, 2685.22, -1642.728, -6.594189, 0.004862703, 0.07868536, 82.72619, 1.197178, 0.743877, 0.7735416
 
14.94025, -0.007511812, -0.03322875, 5, 0, 0.0291300372853290216941511068, 2678.008, -1642.728, -6.594189, 0.004862703, 0.07868536, 82.61919, 1.197174, 0.743877, 0.7735416
 
14.95025, -0.007525644, -0.03330386, 5, 0, 0.0292744390036023621126350458, 2670.808, -1642.728, -6.594189, 0.004862703, 0.07868536, 82.51223, 1.19717, 0.743877, 0.7735416
 
14.96025, -0.007549279, -0.03337912, 5, 0, 0.0294208550299643872082807828, 2663.622, -1642.728, -6.594189, 0.004862703, 0.07868536, 82.40532, 1.197166, 0.743877, 0.7735416
 
14.97025, -0.007574762, -0.03345461, 5, 0, 0.0295683507254620336644160933, 2656.45, -1642.728, -6.594189, 0.004862703, 0.07868536, 82.29847, 1.197163, 0.743877, 0.7735416
 
14.98025, -0.007590184, -0.03353036, 5, 0, 0.0297154113304126505676877878, 2649.291, -1642.728, -6.594189, 0.004862703, 0.07868536, 82.19163, 1.197159, 0.743877, 0.7735416
 
14.99025, -0.007614225, -0.03360626, 5, 0, 0.0298643895566635264040273452, 2642.145, -1642.728, -6.594189, 0.004862703, 0.07868536, 82.08483, 1.197155, 0.743877, 0.7735416
 
15.00025, -0.00764419, -0.0336824, 5, 0, 0.0300150275727796111975374409, 2635.013, -1642.728, -6.594189, 0.004862703, 0.07868536, 81.9781, 1.197151, 0.743877, 0.7735416
 
15.01025, -0.007661661, -0.03375885, 5, 0, 0.0301648920945899014847671321, 2627.895, -1642.728, -6.594189, 0.004862703, 0.07868536, 81.87141, 1.197147, 0.743877, 0.7735416
 
15.02025, -0.007686069, -0.03383546, 5, 0, 0.0303165130930536653286141891, 2620.791, -1642.728, -6.594189, 0.004862703, 0.07868536, 81.76477, 1.197143, 0.743877, 0.7735416
 
15.03025, -0.007710055, -0.03391232, 5, 0, 0.0304689720436820667450395355, 2613.699, -1642.728, -6.594189, 0.004862703, 0.07868536, 81.65816, 1.197139, 0.743877, 0.7735416
 
15.04025, -0.007738127, -0.03398943, 5, 0, 0.0306228168382757552315165167, 2606.624, -1642.728, -6.594189, 0.004862703, 0.07868536, 81.55162, 1.197135, 0.743877, 0.7735416
 
15.05025, -0.007761751, -0.03406681, 5, 0, 0.0307770161510930805826318654, 2599.56, -1642.728, -6.594189, 0.004862703, 0.07868536, 81.44512, 1.197131, 0.743877, 0.7735416
 
15.06025, -0.007777498, -0.03414442, 5, 0, 0.0309310382047985875014280303, 2592.51, -1642.728, -6.594189, 0.004862703, 0.07868536, 81.33866, 1.197127, 0.743877, 0.7735416
 
15.07025, -0.007791525, -0.0342222, 5, 0, 0.0310856403792335208722580524, 2585.473, -1642.728, -6.594189, 0.004862703, 0.07868536, 81.23225, 1.197123, 0.743877, 0.7735416
 
15.08025, -0.007816304, -0.03430011, 5, 0, 0.0312425146931928334747356277, 2578.449, -1642.728, -6.594189, 0.004862703, 0.07868536, 81.12587, 1.197119, 0.743877, 0.7735416
 
15.09025, -0.007836094, -0.03437828, 5, 0, 0.0313996307241229687204773795, 2571.439, -1642.728, -6.594189, 0.004862703, 0.07868536, 81.01953, 1.197115, 0.743877, 0.7735416
 
15.10025, -0.007869974, -0.03445664, 5, 0, 0.0315595506719126162055300202, 2564.441, -1642.728, -6.594189, 0.004862703, 0.07868536, 80.91324, 1.197111, 0.743877, 0.7735416
 
15.11025, -0.007896936, -0.03453534, 5, 0, 0.0317195350775612679015276537, 2557.458, -1642.728, -6.594189, 0.004862703, 0.07868536, 80.80701, 1.197107, 0.743877, 0.7735416
 
15.12025, -0.007919703, -0.03461431, 5, 0, 0.0318798740014332341728694392, 2550.49, -1642.728, -6.594189, 0.004862703, 0.07868536, 80.70082, 1.197103, 0.743877, 0.7735416
 
15.13025, -0.007945169, -0.03469351, 5, 0, 0.0320415020824822229148160320, 2543.533, -1642.728, -6.594189, 0.004862703, 0.07868536, 80.59467, 1.197099, 0.743877, 0.7735416
 
15.14025, -0.007963885, -0.03477296, 5, 0, 0.0322031623924606331899115673, 2536.59, -1642.728, -6.594189, 0.004862703, 0.07868536, 80.48857, 1.197095, 0.743877, 0.7735416
 
15.15025, -0.007992835, -0.0348526, 5, 0, 0.0323671270708926830851564907, 2529.66, -1642.728, -6.594189, 0.004862703, 0.07868536, 80.38251, 1.19709, 0.743877, 0.7735416
 
15.16025, -0.008021809, -0.03493253, 5, 0, 0.0325320908461368005080186313, 2522.742, -1642.728, -6.594189, 0.004862703, 0.07868536, 80.27648, 1.197086, 0.743877, 0.7735416
 
15.17025, -0.008051159, -0.03501274, 5, 0, 0.0326981181760519896694429819, 2515.838, -1642.728, -6.594189, 0.004862703, 0.07868536, 80.17049, 1.197082, 0.743877, 0.7735416
 
15.18025, -0.008089788, -0.03509326, 5, 0, 0.0328664337599559465397951416, 2508.949, -1642.728, -6.594189, 0.004862703, 0.07868536, 80.06458, 1.197078, 0.743877, 0.7735416
 
15.19025, -0.008111527, -0.03517415, 5, 0, 0.0330334763011474305614698576, 2502.073, -1642.728, -6.594189, 0.004862703, 0.07868536, 79.95871, 1.197073, 0.743877, 0.7735416
 
15.20025, -0.00813497, -0.03525527, 5, 0, 0.0332016951982631228323751898, 2495.209, -1642.728, -6.594189, 0.004862703, 0.07868536, 79.85287, 1.197069, 0.743877, 0.7735416
 
15.21025, -0.008156213, -0.03533662, 5, 0, 0.0333706070173617003552770009, 2488.359, -1642.728, -6.594189, 0.004862703, 0.07868536, 79.74709, 1.197065, 0.743877, 0.7735416
 
15.22025, -0.00817873, -0.03541818, 5, 0, 0.0335406146200602877159486414, 2481.522, -1642.728, -6.594189, 0.004862703, 0.07868536, 79.64133, 1.19706, 0.743877, 0.7735416
 
15.23025, -0.008196575, -0.03549997, 5, 0, 0.0337109606265174788853899627, 2474.697, -1642.728, -6.594189, 0.004862703, 0.07868536, 79.53562, 1.197056, 0.743877, 0.7735416
 
15.24025, -0.008236178, -0.03558194, 5, 0, 0.0338853513636175558989648897, 2467.885, -1642.728, -6.594189, 0.004862703, 0.07868536, 79.42995, 1.197051, 0.743877, 0.7735416
 
15.25025, -0.008267744, -0.0356643, 5, 0, 0.0340596937573233394681692952, 2461.088, -1642.728, -6.594189, 0.004862703, 0.07868536, 79.32435, 1.197047, 0.743877, 0.7735416
 
15.26025, -0.008289998, -0.03574698, 5, 0, 0.0342338105485231723053311033, 2454.304, -1642.728, -6.594189, 0.004862703, 0.07868536, 79.21879, 1.197042, 0.743877, 0.7735416
 
15.27025, -0.008307715, -0.03582988, 5, 0, 0.0344082496290172204739823364, 2447.533, -1642.728, -6.594189, 0.004862703, 0.07868536, 79.11327, 1.197038, 0.743877, 0.7735416
 
15.28025, -0.008330937, -0.03591295, 5, 0, 0.0345844451861647421992509351, 2440.774, -1642.728, -6.594189, 0.004862703, 0.07868536, 79.00779, 1.197033, 0.743877, 0.7735416
 
15.29025, -0.008355248, -0.03599626, 5, 0, 0.0347618170992359887398088272, 2434.029, -1642.728, -6.594189, 0.004862703, 0.07868536, 78.90235, 1.197029, 0.743877, 0.7735416
 
15.30025, -0.008378914, -0.03607981, 5, 0, 0.0349401075367960712644057955, 2427.295, -1642.728, -6.594189, 0.004862703, 0.07868536, 78.79696, 1.197024, 0.743877, 0.7735416
 
15.31026, -0.008407395, -0.0361636, 5, 0, 0.0351201544510094662009730220, 2420.575, -1642.728, -6.594189, 0.004862703, 0.07868536, 78.6916, 1.19702, 0.743877, 0.7735416
 
15.32026, -0.008438597, -0.03624767, 5, 0, 0.0353016838959762516623916031, 2413.868, -1642.728, -6.594189, 0.004862703, 0.07868536, 78.58629, 1.197015, 0.743877, 0.7735416
 
15.33026, -0.008471716, -0.03633206, 5, 0, 0.0354845830704434522826402400, 2407.174, -1642.728, -6.594189, 0.004862703, 0.07868536, 78.48102, 1.19701, 0.743877, 0.7735416
 
15.34026, -0.008504854, -0.03641678, 5, 0, 0.0356686263719051173296763354, 2400.494, -1642.728, -6.594189, 0.004862703, 0.07868536, 78.37582, 1.197005, 0.743877, 0.7735416
 
15.35026, -0.008532406, -0.03650182, 5, 0, 0.0358530080771257084747763269, 2393.827, -1642.728, -6.594189, 0.004862703, 0.07868536, 78.27065, 1.197001, 0.743877, 0.7735416
 
15.36026, -0.0085499, -0.03658715, 5, 0, 0.0360370030351932412220890085, 2387.173, -1642.728, -6.594189, 0.004862703, 0.07868536, 78.16553, 1.196996, 0.743877, 0.7735416
 
15.37026, -0.008567211, -0.03667265, 5, 0, 0.0362219809756081307304444361, 2380.531, -1642.728, -6.594189, 0.004862703, 0.07868536, 78.06046, 1.196991, 0.743877, 0.7735416
 
15.38026, -0.008596836, -0.03675832, 5, 0, 0.0364097950618121151559068029, 2373.902, -1642.728, -6.594189, 0.004862703, 0.07868536, 77.95542, 1.196986, 0.743877, 0.7735416
 
15.39026, -0.008625117, -0.03684429, 5, 0, 0.0365985437869694851873356097, 2367.286, -1642.728, -6.594189, 0.004862703, 0.07868536, 77.85042, 1.196982, 0.743877, 0.7735416
 
15.40026, -0.008655328, -0.03693054, 5, 0, 0.0367887428139503407765255055, 2360.682, -1642.728, -6.594189, 0.004862703, 0.07868536, 77.74547, 1.196977, 0.743877, 0.7735416
 
15.41026, -0.00867795, -0.03701709, 5, 0, 0.0369789579553963905662311956, 2354.091, -1642.728, -6.594189, 0.004862703, 0.07868536, 77.64056, 1.196972, 0.743877, 0.7735416
 
15.42026, -0.008707668, -0.03710387, 5, 0, 0.0371713163206489723103415613, 2347.513, -1642.728, -6.594189, 0.004862703, 0.07868536, 77.53568, 1.196967, 0.743877, 0.7735416
 
15.43026, -0.008741179, -0.03719095, 5, 0, 0.0373654311625547053217750775, 2340.947, -1642.728, -6.594189, 0.004862703, 0.07868536, 77.43085, 1.196962, 0.743877, 0.7735416
 
15.44026, -0.00877984, -0.03727836, 5, 0, 0.0375614797402257303221451431, 2334.396, -1642.728, -6.594189, 0.004862703, 0.07868536, 77.32609, 1.196957, 0.743877, 0.7735416
 
15.45026, -0.008796548, -0.03736616, 5, 0, 0.0377555140098080706453534107, 2327.858, -1642.728, -6.594189, 0.004862703, 0.07868536, 77.22137, 1.196952, 0.743877, 0.7735416
 
15.46026, -0.008820745, -0.03745412, 5, 0, 0.0379517559610561082785584543, 2321.331, -1642.728, -6.594189, 0.004862703, 0.07868536, 77.11669, 1.196947, 0.743877, 0.7735416
 
15.47026, -0.008841692, -0.03754233, 5, 0, 0.0381486424908919319961539170, 2314.817, -1642.728, -6.594189, 0.004862703, 0.07868536, 77.01205, 1.196942, 0.743877, 0.7735416
 
15.48026, -0.008867555, -0.03763074, 5, 0, 0.0383473821841698161591077883, 2308.316, -1642.728, -6.594189, 0.004862703, 0.07868536, 76.90746, 1.196936, 0.743877, 0.7735416
 
15.49026, -0.00890027, -0.03771942, 5, 0, 0.0385483134446485257208368567, 2301.828, -1642.728, -6.594189, 0.004862703, 0.07868536, 76.80291, 1.196931, 0.743877, 0.7735416
 
15.50026, -0.008924917, -0.03780842, 5, 0, 0.0387493091629860783488638100, 2295.352, -1642.728, -6.594189, 0.004862703, 0.07868536, 76.6984, 1.196926, 0.743877, 0.7735416
 
15.51026, -0.008960108, -0.03789767, 5, 0, 0.0389530765692537216830527099, 2288.888, -1642.728, -6.594189, 0.004862703, 0.07868536, 76.59393, 1.196921, 0.743877, 0.7735416
 
15.52026, -0.008987939, -0.03798727, 5, 0, 0.0391569890057036007717647434, 2282.438, -1642.728, -6.594189, 0.004862703, 0.07868536, 76.4895, 1.196916, 0.743877, 0.7735416
 
15.53026, -0.009024524, -0.03807715, 5, 0, 0.0393634958709720744236137550, 2275.999, -1642.728, -6.594189, 0.004862703, 0.07868536, 76.38512, 1.19691, 0.743877, 0.7735416
 
15.54026, -0.009053207, -0.0381674, 5, 0, 0.0395700994230286515302624865, 2269.573, -1642.728, -6.594189, 0.004862703, 0.07868536, 76.28077, 1.196905, 0.743877, 0.7735416
 
15.55026, -0.00908091, -0.03825793, 5, 0, 0.0397777987586860441979165856, 2263.16, -1642.728, -6.594189, 0.004862703, 0.07868536, 76.17647, 1.1969, 0.743877, 0.7735416
 
15.56026, -0.009116397, -0.03834874, 5, 0, 0.0399879474929789899509489911, 2256.759, -1642.728, -6.594189, 0.004862703, 0.07868536, 76.07221, 1.196894, 0.743877, 0.7735416
 
15.57026, -0.009149879, -0.0384399, 5, 0, 0.0401991275530137470540417716, 2250.37, -1642.728, -6.594189, 0.004862703, 0.07868536, 75.96799, 1.196889, 0.743877, 0.7735416
 
15.58026, -0.009191471, -0.0385314, 5, 0, 0.0404128859274020656644028438, 2243.995, -1642.728, -6.594189, 0.004862703, 0.07868536, 75.86385, 1.196883, 0.743877, 0.7735416
 
15.59026, -0.009217612, -0.03862332, 5, 0, 0.0406256129760487340693506485, 2237.633, -1642.728, -6.594189, 0.004862703, 0.07868536, 75.75974, 1.196878, 0.743877, 0.7735416
 
15.60026, -0.009239427, -0.03871549, 5, 0, 0.0408389201454253123602736335, 2231.283, -1642.728, -6.594189, 0.004862703, 0.07868536, 75.65568, 1.196872, 0.743877, 0.7735416
 
15.61026, -0.009262642, -0.03880789, 5, 0, 0.0410536615021608265870303439, 2224.946, -1642.728, -6.594189, 0.004862703, 0.07868536, 75.55166, 1.196867, 0.743877, 0.7735416
 
15.62026, -0.009294505, -0.03890051, 5, 0, 0.0412710134021794849988513962, 2218.621, -1642.728, -6.594189, 0.004862703, 0.07868536, 75.44768, 1.196861, 0.743877, 0.7735416
 
15.63026, -0.009322646, -0.03899346, 5, 0, 0.0414891387965044213508941759, 2212.309, -1642.728, -6.594189, 0.004862703, 0.07868536, 75.34374, 1.196856, 0.743877, 0.7735416
 
15.64026, -0.009349725, -0.03908668, 5, 0, 0.0417083760888945617412225792, 2206.009, -1642.728, -6.594189, 0.004862703, 0.07868536, 75.23985, 1.19685, 0.743877, 0.7735416
 
15.65026, -0.009379898, -0.03918018, 5, 0, 0.0419294343157966964651720179, 2199.72, -1642.728, -6.594189, 0.004862703, 0.07868536, 75.13599, 1.196844, 0.743877, 0.7735416
 
15.66026, -0.009406452, -0.03927398, 5, 0, 0.0421512660370051091293431840, 2193.444, -1642.728, -6.594189, 0.004862703, 0.07868536, 75.03218, 1.196839, 0.743877, 0.7735416
 
15.67026, -0.009440101, -0.03936804, 5, 0, 0.0423755310423850086909066160, 2187.181, -1642.728, -6.594189, 0.004862703, 0.07868536, 74.92841, 1.196833, 0.743877, 0.7735416
 
15.68026, -0.009479254, -0.03946245, 5, 0, 0.0426021004162183867279723283, 2180.93, -1642.728, -6.594189, 0.004862703, 0.07868536, 74.82468, 1.196827, 0.743877, 0.7735416
 
15.69026, -0.009513181, -0.03955724, 5, 0, 0.0428293143686400342833697828, 2174.691, -1642.728, -6.594189, 0.004862703, 0.07868536, 74.721, 1.196821, 0.743877, 0.7735416
 
15.70026, -0.009548513, -0.03965237, 5, 0, 0.0430581558819977915520830485, 2168.464, -1642.728, -6.594189, 0.004862703, 0.07868536, 74.61736, 1.196815, 0.743877, 0.7735416
 
15.71026, -0.009587229, -0.03974786, 5, 0, 0.0432890278179091054091796910, 2162.25, -1642.728, -6.594189, 0.004862703, 0.07868536, 74.51376, 1.196809, 0.743877, 0.7735416
 
15.72026, -0.009626707, -0.03984373, 5, 0, 0.0435214950858263017232076639, 2156.048, -1642.728, -6.594189, 0.004862703, 0.07868536, 74.41021, 1.196803, 0.743877, 0.7735416
 
15.73026, -0.009660135, -0.03994, 5, 0, 0.0437545102455443086793560898, 2149.857, -1642.728, -6.594189, 0.004862703, 0.07868536, 74.30669, 1.196797, 0.743877, 0.7735416
 
15.74026, -0.009700241, -0.0400366, 5, 0, 0.0439900553762214225537551783, 2143.68, -1642.728, -6.594189, 0.004862703, 0.07868536, 74.20322, 1.196791, 0.743877, 0.7735416
 
15.75027, -0.009728977, -0.0401336, 5, 0, 0.0442252943320691930078864208, 2137.514, -1642.728, -6.594189, 0.004862703, 0.07868536, 74.0998, 1.196785, 0.743877, 0.7735416
 
15.76027, -0.009759479, -0.04023089, 5, 0, 0.0444622253067115939523371440, 2131.361, -1642.728, -6.594189, 0.004862703, 0.07868536, 73.99641, 1.196779, 0.743877, 0.7735416
 
15.77027, -0.00979169, -0.04032849, 5, 0, 0.0447008966435425965421836541, 2125.219, -1642.728, -6.594189, 0.004862703, 0.07868536, 73.89307, 1.196773, 0.743877, 0.7735416
 
15.78027, -0.009826956, -0.0404264, 5, 0, 0.0449415500595333457099843427, 2119.091, -1642.728, -6.594189, 0.004862703, 0.07868536, 73.78977, 1.196767, 0.743877, 0.7735416
 
15.79027, -0.009868068, -0.04052467, 5, 0, 0.0451847173320188133187554380, 2112.973, -1642.728, -6.594189, 0.004862703, 0.07868536, 73.68652, 1.196761, 0.743877, 0.7735416
 
15.80027, -0.009898761, -0.04062335, 5, 0, 0.0454277234598570121171347131, 2106.868, -1642.728, -6.594189, 0.004862703, 0.07868536, 73.5833, 1.196754, 0.743877, 0.7735416
 
15.81027, -0.009928646, -0.04072234, 5, 0, 0.0456720832027312375970637882, 2100.776, -1642.728, -6.594189, 0.004862703, 0.07868536, 73.48013, 1.196748, 0.743877, 0.7735416
 
15.82027, -0.009968637, -0.04082163, 5, 0, 0.0459196336096180337140910623, 2094.695, -1642.728, -6.594189, 0.004862703, 0.07868536, 73.377, 1.196742, 0.743877, 0.7735416
 
15.83027, -0.009996379, -0.04092131, 5, 0, 0.0461667328114927672223860338, 2088.626, -1642.728, -6.594189, 0.004862703, 0.07868536, 73.27391, 1.196736, 0.743877, 0.7735416
 
15.84027, -0.01003237, -0.04102128, 5, 0, 0.0464166842736216287036566311, 2082.571, -1642.728, -6.594189, 0.004862703, 0.07868536, 73.1709, 1.196729, 0.743877, 0.7735416
 
15.85027, -0.01005924, -0.0411216, 5, 0, 0.0466667001936091721065780057, 2076.527, -1642.728, -6.594189, 0.004862703, 0.07868536, 73.0679, 1.196723, 0.743877, 0.7735416
 
15.86027, -0.01009051, -0.04122219, 5, 0, 0.0469189399097269624414235199, 2070.495, -1642.728, -6.594189, 0.004862703, 0.07868536, 72.96497, 1.196716, 0.743877, 0.7735416
 
15.87027, -0.01011863, -0.0413231, 5, 0, 0.0471721948371212087811665072, 2064.475, -1642.728, -6.594189, 0.004862703, 0.07868536, 72.86206, 1.19671, 0.743877, 0.7735416
 
15.88027, -0.01015355, -0.04142429, 5, 0, 0.0474281569945870250500677714, 2058.467, -1642.728, -6.594189, 0.004862703, 0.07868536, 72.75919, 1.196703, 0.743877, 0.7735416
 
15.89027, -0.01019273, -0.04152582, 5, 0, 0.0476864557494359024722673663, 2052.47, -1642.728, -6.594189, 0.004862703, 0.07868536, 72.65636, 1.196696, 0.743877, 0.7735416
 
15.90027, -0.01022484, -0.04162775, 5, 0, 0.0479452379382261028917010985, 2046.485, -1642.728, -6.594189, 0.004862703, 0.07868536, 72.55358, 1.19669, 0.743877, 0.7735416
 
15.91027, -0.01026416, -0.04173, 5, 0, 0.0482068240438761378397399351, 2040.513, -1642.728, -6.594189, 0.004862703, 0.07868536, 72.45084, 1.196683, 0.743877, 0.7735416
 
15.92027, -0.01029699, -0.04183264, 5, 0, 0.0484690224991848596283144636, 2034.552, -1642.728, -6.594189, 0.004862703, 0.07868536, 72.34814, 1.196676, 0.743877, 0.7735416
 
15.93027, -0.01033746, -0.04193561, 5, 0, 0.0487341537870712632227369743, 2028.604, -1642.728, -6.594189, 0.004862703, 0.07868536, 72.24549, 1.196669, 0.743877, 0.7735416
 
15.94027, -0.01037508, -0.04203898, 5, 0, 0.0490005258887400735540995554, 2022.667, -1642.728, -6.594189, 0.004862703, 0.07868536, 72.14288, 1.196663, 0.743877, 0.7735416
 
15.95027, -0.01041232, -0.04214273, 5, 0, 0.0492685416658097043653524190, 2016.742, -1642.728, -6.594189, 0.004862703, 0.07868536, 72.04031, 1.196656, 0.743877, 0.7735416
 
15.96027, -0.01044198, -0.04224686, 5, 0, 0.0495369441900319101404512695, 2010.829, -1642.728, -6.594189, 0.004862703, 0.07868536, 71.93779, 1.196649, 0.743877, 0.7735416
 
15.97027, -0.01048058, -0.04235128, 5, 0, 0.0498085534927318807531641131, 2004.928, -1642.728, -6.594189, 0.004862703, 0.07868536, 71.83531, 1.196642, 0.743877, 0.7735416
 
15.98027, -0.01051498, -0.04245608, 5, 0, 0.0500811618922440800381412816, 1999.039, -1642.728, -6.594189, 0.004862703, 0.07868536, 71.73288, 1.196635, 0.743877, 0.7735416
 
15.99027, -0.01054296, -0.04256123, 5, 0, 0.0503543826414152884529483575, 1993.162, -1642.728, -6.594189, 0.004862703, 0.07868536, 71.63049, 1.196628, 0.743877, 0.7735416
 
16.00027, -0.01057289, -0.04266666, 5, 0, 0.0506295532408161773339722388, 1987.296, -1642.728, -6.594189, 0.004862703, 0.07868536, 71.52814, 1.196621, 0.743877, 0.7735416
 
16.01027, -0.01059742, -0.04277239, 5, 0, 0.0509054651055939226220689050, 1981.443, -1642.728, -6.594189, 0.004862703, 0.07868536, 71.42583, 1.196614, 0.743877, 0.7735416
 
16.02027, -0.01063556, -0.04287836, 5, 0, 0.0511854217010140703203578538, 1975.601, -1642.728, -6.594189, 0.004862703, 0.07868536, 71.32357, 1.196607, 0.743877, 0.7735416
 
16.03027, -0.01067394, -0.04298472, 5, 0, 0.0514672153454112454081365247, 1969.771, -1642.728, -6.594189, 0.004862703, 0.07868536, 71.22135, 1.196599, 0.743877, 0.7735416
 
16.04027, -0.01071198, -0.04309146, 5, 0, 0.0517507654664618940525325613, 1963.953, -1642.728, -6.594189, 0.004862703, 0.07868536, 71.11918, 1.196592, 0.743877, 0.7735416
 
16.05027, -0.01074548, -0.04319858, 5, 0, 0.0520353146843246102245458151, 1958.146, -1642.728, -6.594189, 0.004862703, 0.07868536, 71.01705, 1.196585, 0.743877, 0.7735416
 
16.06027, -0.01078236, -0.04330604, 5, 0, 0.0523222810718939413827297557, 1952.351, -1642.728, -6.594189, 0.004862703, 0.07868536, 70.91497, 1.196577, 0.743877, 0.7735416
 
16.07027, -0.01081825, -0.04341386, 5, 0, 0.0526108589059341880537137133, 1946.568, -1642.728, -6.594189, 0.004862703, 0.07868536, 70.81293, 1.19657, 0.743877, 0.7735416
 
16.08027, -0.01085339, -0.04352205, 5, 0, 0.0529011448732340982708858382, 1940.797, -1642.728, -6.594189, 0.004862703, 0.07868536, 70.71093, 1.196563, 0.743877, 0.7735416
 
16.09027, -0.0108874, -0.04363058, 5, 0, 0.0531930584014697959120795589, 1935.038, -1642.728, -6.594189, 0.004862703, 0.07868536, 70.60898, 1.196555, 0.743877, 0.7735416
 
16.10027, -0.01091561, -0.04373945, 5, 0, 0.0534857293095465772929792128, 1929.29, -1642.728, -6.594189, 0.004862703, 0.07868536, 70.50706, 1.196548, 0.743877, 0.7735416
 
16.11027, -0.01094258, -0.04384861, 5, 0, 0.0537799633207006253208967929, 1923.554, -1642.728, -6.594189, 0.004862703, 0.07868536, 70.4052, 1.19654, 0.743877, 0.7735416
 
16.12027, -0.0109747, -0.04395803, 5, 0, 0.0540768884474612102221039633, 1917.829, -1642.728, -6.594189, 0.004862703, 0.07868536, 70.30338, 1.196532, 0.743877, 0.7735416
 
16.13027, -0.01100598, -0.04406778, 5, 0, 0.0543755055930164256136306145, 1912.117, -1642.728, -6.594189, 0.004862703, 0.07868536, 70.20161, 1.196525, 0.743877, 0.7735416
 
16.14027, -0.01104284, -0.04417784, 5, 0, 0.0546769588843605747776170972, 1906.416, -1642.728, -6.594189, 0.004862703, 0.07868536, 70.09988, 1.196517, 0.743877, 0.7735416
 
16.15027, -0.0110687, -0.04428827, 5, 0, 0.0549783316033811701087312237, 1900.727, -1642.728, -6.594189, 0.004862703, 0.07868536, 69.99818, 1.196509, 0.743877, 0.7735416
 
16.16027, -0.01109921, -0.04439896, 5, 0, 0.0552823470946146534473528498, 1895.049, -1642.728, -6.594189, 0.004862703, 0.07868536, 69.89655, 1.196501, 0.743877, 0.7735416
 
16.17027, -0.01113429, -0.04450995, 5, 0, 0.0555890537014546736592640663, 1889.383, -1642.728, -6.594189, 0.004862703, 0.07868536, 69.79494, 1.196494, 0.743877, 0.7735416
 
16.18027, -0.01117181, -0.04462129, 5, 0, 0.0558981774780013088573459695, 1883.729, -1642.728, -6.594189, 0.004862703, 0.07868536, 69.69339, 1.196486, 0.743877, 0.7735416
 
16.19028, -0.01120451, -0.04473301, 5, 0, 0.0562083809236835654159174463, 1878.086, -1642.728, -6.594189, 0.004862703, 0.07868536, 69.59189, 1.196478, 0.743877, 0.7735416
 
16.20028, -0.01124247, -0.04484505, 5, 0, 0.0565215172019431814910426897, 1872.454, -1642.728, -6.594189, 0.004862703, 0.07868536, 69.49043, 1.19647, 0.743877, 0.7735416
 
16.21028, -0.01127644, -0.04495748, 5, 0, 0.0568358620650561050592532765, 1866.835, -1642.728, -6.594189, 0.004862703, 0.07868536, 69.38901, 1.196462, 0.743877, 0.7735416
 
16.22028, -0.01131615, -0.04507024, 5, 0, 0.0571533009053934958097623425, 1861.227, -1642.728, -6.594189, 0.004862703, 0.07868536, 69.28763, 1.196453, 0.743877, 0.7735416
 
16.23028, -0.01134438, -0.04518341, 5, 0, 0.0574705947155484896611011673, 1855.631, -1642.728, -6.594189, 0.004862703, 0.07868536, 69.1863, 1.196445, 0.743877, 0.7735416
 
16.24028, -0.01137911, -0.04529685, 5, 0, 0.0577911114186456368273342411, 1850.044, -1642.728, -6.594189, 0.004862703, 0.07868536, 69.08498, 1.196437, 0.743877, 0.7735416
 
16.25028, -0.01142309, -0.04541064, 5, 0, 0.0581153989064851033719935865, 1844.469, -1642.728, -6.594189, 0.004862703, 0.07868536, 68.98372, 1.196429, 0.743877, 0.7735416
 
16.26028, -0.01147082, -0.04552487, 5, 0, 0.0584425708835076359888361771, 1838.905, -1642.728, -6.594189, 0.004862703, 0.07868536, 68.88249, 1.19642, 0.743877, 0.7735416
 
16.27028, -0.01151509, -0.04563958, 5, 0, 0.0587713059636074352526966939, 1833.354, -1642.728, -6.594189, 0.004862703, 0.07868536, 68.78132, 1.196412, 0.743877, 0.7735416
 
16.28028, -0.01156452, -0.04575473, 5, 0, 0.0591032155932550943870809384, 1827.813, -1642.728, -6.594189, 0.004862703, 0.07868536, 68.68018, 1.196403, 0.743877, 0.7735416
 
16.29028, -0.01160906, -0.04587038, 5, 0, 0.0594364627234737471471462962, 1822.283, -1642.728, -6.594189, 0.004862703, 0.07868536, 68.57909, 1.196395, 0.743877, 0.7735416
 
16.30028, -0.01165148, -0.04598647, 5, 0, 0.0597715146737400057635524336, 1816.766, -1642.728, -6.594189, 0.004862703, 0.07868536, 68.47805, 1.196386, 0.743877, 0.7735416
 
16.31028, -0.01169032, -0.04610299, 5, 0, 0.0601080491547596549048099255, 1811.26, -1642.728, -6.594189, 0.004862703, 0.07868536, 68.37705, 1.196378, 0.743877, 0.7735416
 
16.32028, -0.01173762, -0.04621989, 5, 0, 0.0604484511073097268792934087, 1805.765, -1642.728, -6.594189, 0.004862703, 0.07868536, 68.2761, 1.196369, 0.743877, 0.7735416
 
16.33028, -0.01178181, -0.04633727, 5, 0, 0.0607905128497251689555945379, 1800.282, -1642.728, -6.594189, 0.004862703, 0.07868536, 68.17519, 1.19636, 0.743877, 0.7735416
 
16.34028, -0.01182505, -0.04645509, 5, 0, 0.0611346855870178825977985079, 1794.81, -1642.728, -6.594189, 0.004862703, 0.07868536, 68.07433, 1.196351, 0.743877, 0.7735416
 
16.35028, -0.01186594, -0.04657334, 5, 0, 0.0614806631443580409516961498, 1789.35, -1642.728, -6.594189, 0.004862703, 0.07868536, 67.97352, 1.196342, 0.743877, 0.7735416
 
16.36028, -0.01190506, -0.046692, 5, 0, 0.0618285422085340697613813986, 1783.901, -1642.728, -6.594189, 0.004862703, 0.07868536, 67.87275, 1.196334, 0.743877, 0.7735416
 
16.37028, -0.01194458, -0.04681104, 5, 0, 0.0621787578700931597243649780, 1778.464, -1642.728, -6.594189, 0.004862703, 0.07868536, 67.77202, 1.196324, 0.743877, 0.7735416
 
16.38028, -0.01198511, -0.04693049, 5, 0, 0.0625314229302882862066681867, 1773.037, -1642.728, -6.594189, 0.004862703, 0.07868536, 67.67134, 1.196316, 0.743877, 0.7735416
 
16.39028, -0.01202204, -0.04705034, 5, 0, 0.0628856994369544893464185200, 1767.622, -1642.728, -6.594189, 0.004862703, 0.07868536, 67.57071, 1.196306, 0.743877, 0.7735416
 
16.40028, -0.01205881, -0.04717056, 5, 0, 0.0632421836252859063622243063, 1762.219, -1642.728, -6.594189, 0.004862703, 0.07868536, 67.47012, 1.196297, 0.743877, 0.7735416
 
16.41028, -0.01209479, -0.04729114, 5, 0, 0.0636008271518890495329505625, 1756.825, -1642.728, -6.594189, 0.004862703, 0.07868536, 67.36955, 1.196288, 0.743877, 0.7735416
 
16.42028, -0.01214728, -0.04741209, 5, 0, 0.0639651107411404775708004316, 1751.443, -1642.728, -6.594189, 0.004862703, 0.07868536, 67.26902, 1.196279, 0.743877, 0.7735416
 
16.43028, -0.01219699, -0.04753357, 5, 0, 0.0643313280661575198868810655, 1746.071, -1642.728, -6.594189, 0.004862703, 0.07868536, 67.16855, 1.196269, 0.743877, 0.7735416
 
16.44028, -0.01224007, -0.04765554, 5, 0, 0.0646987217470979647289567773, 1740.712, -1642.728, -6.594189, 0.004862703, 0.07868536, 67.06812, 1.19626, 0.743877, 0.7735416
 
16.45028, -0.01229057, -0.04777794, 5, 0, 0.0650700473574283200491447961, 1735.363, -1642.728, -6.594189, 0.004862703, 0.07868536, 66.96773, 1.19625, 0.743877, 0.7735416
 
16.46028, -0.01233745, -0.04790084, 5, 0, 0.0654431939022708308476009579, 1730.026, -1642.728, -6.594189, 0.004862703, 0.07868536, 66.86739, 1.196241, 0.743877, 0.7735416
 
16.47028, -0.01238516, -0.04802422, 5, 0, 0.0658189993337906181308448752, 1724.7, -1642.728, -6.594189, 0.004862703, 0.07868536, 66.76709, 1.196231, 0.743877, 0.7735416
 
16.48028, -0.01242515, -0.04814807, 5, 0, 0.0661957877476577621751315386, 1719.385, -1642.728, -6.594189, 0.004862703, 0.07868536, 66.66684, 1.196222, 0.743877, 0.7735416
 
16.49028, -0.01246961, -0.04827232, 5, 0, 0.0665759601991140060554100558, 1714.081, -1642.728, -6.594189, 0.004862703, 0.07868536, 66.56664, 1.196212, 0.743877, 0.7735416
 
16.50028, -0.01250942, -0.04839702, 5, 0, 0.0669576635247180950495575567, 1708.789, -1642.728, -6.594189, 0.004862703, 0.07868536, 66.46648, 1.196202, 0.743877, 0.7735416
 
16.51028, -0.01255067, -0.04852211, 5, 0, 0.0673421063093226920720709539, 1703.508, -1642.728, -6.594189, 0.004862703, 0.07868536, 66.36638, 1.196192, 0.743877, 0.7735416
 
16.52028, -0.01258944, -0.04864762, 5, 0, 0.0677286762032695937163558786, 1698.237, -1642.728, -6.594189, 0.004862703, 0.07868536, 66.26629, 1.196182, 0.743877, 0.7735416
 
16.53028, -0.01264128, -0.04877351, 5, 0, 0.0681204510693175895302536927, 1692.977, -1642.728, -6.594189, 0.004862703, 0.07868536, 66.16624, 1.196172, 0.743877, 0.7735416
 
16.54028, -0.01269194, -0.04889993, 5, 0, 0.0685146753340017830081182437, 1687.728, -1642.728, -6.594189, 0.004862703, 0.07868536, 66.06625, 1.196162, 0.743877, 0.7735416
 
16.55028, -0.01274385, -0.04902685, 5, 0, 0.0689118646601927575356855038, 1682.49, -1642.728, -6.594189, 0.004862703, 0.07868536, 65.96629, 1.196152, 0.743877, 0.7735416
 
16.56028, -0.01279062, -0.04915429, 5, 0, 0.0693107298907136517869977735, 1677.263, -1642.728, -6.594189, 0.004862703, 0.07868536, 65.86639, 1.196142, 0.743877, 0.7735416
 
16.57028, -0.01283517, -0.04928219, 5, 0, 0.0697117866884353714370852403, 1672.048, -1642.728, -6.594189, 0.004862703, 0.07868536, 65.76653, 1.196132, 0.743877, 0.7735416
 
16.58028, -0.01288411, -0.04941054, 5, 0, 0.0701164692407168524217816297, 1666.843, -1642.728, -6.594189, 0.004862703, 0.07868536, 65.66672, 1.196121, 0.743877, 0.7735416
 
16.59028, -0.01292685, -0.04953939, 5, 0, 0.0705225859803572693423117446, 1661.65, -1642.728, -6.594189, 0.004862703, 0.07868536, 65.56696, 1.196111, 0.743877, 0.7735416
 
16.60028, -0.0129691, -0.04966865, 5, 0, 0.0709312488054224708155496392, 1656.467, -1642.728, -6.594189, 0.004862703, 0.07868536, 65.46724, 1.1961, 0.743877, 0.7735416
 
16.61028, -0.01301036, -0.04979835, 5, 0, 0.0713424577159118122629068830, 1651.295, -1642.728, -6.594189, 0.004862703, 0.07868536, 65.36754, 1.19609, 0.743877, 0.7735416
 
16.62029, -0.01306292, -0.04992845, 5, 0, 0.0717587749117143055697244040, 1646.134, -1642.728, -6.594189, 0.004862703, 0.07868536, 65.26788, 1.196079, 0.743877, 0.7735416
 
16.63029, -0.01311022, -0.05005908, 5, 0, 0.0721768808131000162556024486, 1640.983, -1642.728, -6.594189, 0.004862703, 0.07868536, 65.16828, 1.196068, 0.743877, 0.7735416
 
16.64029, -0.01315777, -0.05019018, 5, 0, 0.0725978067458099499473658534, 1635.844, -1642.728, -6.594189, 0.004862703, 0.07868536, 65.06873, 1.196058, 0.743877, 0.7735416
 
16.65029, -0.01320613, -0.05032176, 5, 0, 0.0730217783123500573770572161, 1630.716, -1642.728, -6.594189, 0.004862703, 0.07868536, 64.96922, 1.196047, 0.743877, 0.7735416
 
16.66029, -0.01324818, -0.05045382, 5, 0, 0.0734472646385732991540430911, 1625.598, -1642.728, -6.594189, 0.004862703, 0.07868536, 64.86975, 1.196036, 0.743877, 0.7735416
 
16.67029, -0.0132918, -0.0505863, 5, 0, 0.0738758610564855577352548088, 1620.492, -1642.728, -6.594189, 0.004862703, 0.07868536, 64.77034, 1.196025, 0.743877, 0.7735416
 
16.68029, -0.01333707, -0.05071922, 5, 0, 0.0743076642528752588647863044, 1615.397, -1642.728, -6.594189, 0.004862703, 0.07868536, 64.67097, 1.196014, 0.743877, 0.7735416
 
16.69029, -0.01337944, -0.05085259, 5, 0, 0.0747418040466480211476161306, 1610.311, -1642.728, -6.594189, 0.004862703, 0.07868536, 64.57162, 1.196003, 0.743877, 0.7735416
 
16.70029, -0.01343581, -0.05098638, 5, 0, 0.0751818578489696347632769040, 1605.237, -1642.728, -6.594189, 0.004862703, 0.07868536, 64.47232, 1.195992, 0.743877, 0.7735416
 
16.71029, -0.01348101, -0.05112074, 5, 0, 0.0756225401154149682753420559, 1600.173, -1642.728, -6.594189, 0.004862703, 0.07868536, 64.37306, 1.19598, 0.743877, 0.7735416
 
16.72029, -0.01352903, -0.05125555, 5, 0, 0.0760668320219553523554416591, 1595.12, -1642.728, -6.594189, 0.004862703, 0.07868536, 64.27386, 1.195969, 0.743877, 0.7735416
 
16.73029, -0.01358081, -0.05139084, 5, 0, 0.0765149269421679607810577993, 1590.078, -1642.728, -6.594189, 0.004862703, 0.07868536, 64.1747, 1.195957, 0.743877, 0.7735416
 
16.74029, -0.01362472, -0.05152665, 5, 0, 0.0769643432484863686318392586, 1585.047, -1642.728, -6.594189, 0.004862703, 0.07868536, 64.07559, 1.195946, 0.743877, 0.7735416
 
16.75029, -0.01366597, -0.0516629, 5, 0, 0.0774161444955819699356424623, 1580.028, -1642.728, -6.594189, 0.004862703, 0.07868536, 63.97653, 1.195934, 0.743877, 0.7735416
 
16.76029, -0.01370595, -0.05179956, 5, 0, 0.0778706690872140130798255218, 1575.019, -1642.728, -6.594189, 0.004862703, 0.07868536, 63.87751, 1.195923, 0.743877, 0.7735416
 
16.77029, -0.01375039, -0.05193662, 5, 0, 0.0783291739516294544232558713, 1570.02, -1642.728, -6.594189, 0.004862703, 0.07868536, 63.77852, 1.195911, 0.743877, 0.7735416
 
16.78029, -0.01379592, -0.05207412, 5, 0, 0.0787910145102400244476017686, 1565.031, -1642.728, -6.594189, 0.004862703, 0.07868536, 63.67957, 1.195899, 0.743877, 0.7735416
 
16.79029, -0.01384745, -0.05221208, 5, 0, 0.0792572865466460552799272584, 1560.053, -1642.728, -6.594189, 0.004862703, 0.07868536, 63.58067, 1.195887, 0.743877, 0.7735416
 
16.80029, -0.01389568, -0.05235055, 5, 0, 0.0797260240961529945427939565, 1555.086, -1642.728, -6.594189, 0.004862703, 0.07868536, 63.48182, 1.195875, 0.743877, 0.7735416
 
16.81029, -0.01394553, -0.05248951, 5, 0, 0.0801982907134311082515285343, 1550.131, -1642.728, -6.594189, 0.004862703, 0.07868536, 63.38302, 1.195863, 0.743877, 0.7735416
 
16.82029, -0.01399288, -0.05262897, 5, 0, 0.0806732323318515315009195542, 1545.185, -1642.728, -6.594189, 0.004862703, 0.07868536, 63.28427, 1.195851, 0.743877, 0.7735416
 
16.83029, -0.01403672, -0.0527689, 5, 0, 0.0811505266621200489594775913, 1540.252, -1642.728, -6.594189, 0.004862703, 0.07868536, 63.18557, 1.195839, 0.743877, 0.7735416
 
16.84029, -0.01408751, -0.05290927, 5, 0, 0.0816326392173366021898612079, 1535.328, -1642.728, -6.594189, 0.004862703, 0.07868536, 63.08691, 1.195827, 0.743877, 0.7735416
 
16.85029, -0.01413239, -0.05305014, 5, 0, 0.0821167338517125797089047876, 1530.414, -1642.728, -6.594189, 0.004862703, 0.07868536, 62.98827, 1.195814, 0.743877, 0.7735416
 
16.86029, -0.01418768, -0.05319146, 5, 0, 0.0826065007776672304961035688, 1525.511, -1642.728, -6.594189, 0.004862703, 0.07868536, 62.88969, 1.195802, 0.743877, 0.7735416
 
16.87029, -0.01423825, -0.05333334, 5, 0, 0.0830985720720750374695104151, 1520.619, -1642.728, -6.594189, 0.004862703, 0.07868536, 62.79115, 1.195789, 0.743877, 0.7735416
 
16.88029, -0.01428868, -0.05347573, 5, 0, 0.0835939790606781342684799168, 1515.737, -1642.728, -6.594189, 0.004862703, 0.07868536, 62.69266, 1.195776, 0.743877, 0.7735416
 
16.89029, -0.01433679, -0.05361861, 5, 0, 0.0840922544239997475177053003, 1510.866, -1642.728, -6.594189, 0.004862703, 0.07868536, 62.59422, 1.195764, 0.743877, 0.7735416
 
16.90029, -0.0143838, -0.05376198, 5, 0, 0.0845936076500811171826546917, 1506.006, -1642.728, -6.594189, 0.004862703, 0.07868536, 62.49583, 1.195751, 0.743877, 0.7735416
 
16.91029, -0.01442998, -0.05390582, 5, 0, 0.0850981515401750574847022820, 1501.157, -1642.728, -6.594189, 0.004862703, 0.07868536, 62.39749, 1.195738, 0.743877, 0.7735416
 
16.92029, -0.01447482, -0.05405012, 5, 0, 0.0856058699798173410912149231, 1496.317, -1642.728, -6.594189, 0.004862703, 0.07868536, 62.29917, 1.195725, 0.743877, 0.7735416
 
16.93029, -0.01453087, -0.05419487, 5, 0, 0.0861196152292614513965798099, 1491.488, -1642.728, -6.594189, 0.004862703, 0.07868536, 62.20089, 1.195712, 0.743877, 0.7735416
 
16.94029, -0.0145887, -0.05434018, 5, 0, 0.0866374213238125137340643430, 1486.669, -1642.728, -6.594189, 0.004862703, 0.07868536, 62.10267, 1.195699, 0.743877, 0.7735416
 
16.95029, -0.01463819, -0.05448606, 5, 0, 0.0871568388648346527289960006, 1481.862, -1642.728, -6.594189, 0.004862703, 0.07868536, 62.0045, 1.195686, 0.743877, 0.7735416
 
16.96029, -0.01468595, -0.05463244, 5, 0, 0.0876794470698692012163787496, 1477.064, -1642.728, -6.594189, 0.004862703, 0.07868536, 61.90638, 1.195672, 0.743877, 0.7735416
 
16.97029, -0.01473433, -0.0547793, 5, 0, 0.0882057777162524202164056792, 1472.277, -1642.728, -6.594189, 0.004862703, 0.07868536, 61.80827, 1.195659, 0.743877, 0.7735416
 
16.98029, -0.01479578, -0.05492665, 5, 0, 0.0887388119799553181114126470, 1467.5, -1642.728, -6.594189, 0.004862703, 0.07868536, 61.71022, 1.195645, 0.743877, 0.7735416
 
16.99029, -0.01484974, -0.0550746, 5, 0, 0.0892739250096054214605850824, 1462.733, -1642.728, -6.594189, 0.004862703, 0.07868536, 61.61221, 1.195631, 0.743877, 0.7735416
 
17.00029, -0.01490769, -0.0552231, 5, 0, 0.0898136628906281593952191960, 1457.978, -1642.728, -6.594189, 0.004862703, 0.07868536, 61.51426, 1.195618, 0.743877, 0.7735416
 
17.01029, -0.01495744, -0.05537218, 5, 0, 0.0903552217061627305188272374, 1453.233, -1642.728, -6.594189, 0.004862703, 0.07868536, 61.41636, 1.195604, 0.743877, 0.7735416
 
17.02029, -0.01500989, -0.05552175, 5, 0, 0.0909011958850280516838404000, 1448.498, -1642.728, -6.594189, 0.004862703, 0.07868536, 61.3185, 1.19559, 0.743877, 0.7735416
 
17.03029, -0.01505483, -0.05567185, 5, 0, 0.0914490876851942763605098562, 1443.773, -1642.728, -6.594189, 0.004862703, 0.07868536, 61.22067, 1.195576, 0.743877, 0.7735416
 
17.04029, -0.01511904, -0.0558224, 5, 0, 0.0920054556937982031107040799, 1439.058, -1642.728, -6.594189, 0.004862703, 0.07868536, 61.12289, 1.195562, 0.743877, 0.7735416
 
17.05029, -0.01517625, -0.05597359, 5, 0, 0.0925640958419263479478987492, 1434.355, -1642.728, -6.594189, 0.004862703, 0.07868536, 61.02516, 1.195547, 0.743877, 0.7735416
 
17.0603, -0.01523367, -0.05612535, 5, 0, 0.0931267323773027628955622873, 1429.661, -1642.728, -6.594189, 0.004862703, 0.07868536, 60.92747, 1.195533, 0.743877, 0.7735416
 
17.0703, -0.0152828, -0.05627769, 5, 0, 0.0936913026484444698321623750, 1424.978, -1642.728, -6.594189, 0.004862703, 0.07868536, 60.82985, 1.195519, 0.743877, 0.7735416
 
17.0803, -0.01533901, -0.05643052, 5, 0, 0.0942614324099113912369550423, 1420.306, -1642.728, -6.594189, 0.004862703, 0.07868536, 60.73227, 1.195504, 0.743877, 0.7735416
 
17.0903, -0.01538968, -0.05658391, 5, 0, 0.0948343016303791429594078215, 1415.643, -1642.728, -6.594189, 0.004862703, 0.07868536, 60.6347, 1.19549, 0.743877, 0.7735416
 
17.1003, -0.01545381, -0.0567378, 5, 0, 0.0954144868178255827066705460, 1410.99, -1642.728, -6.594189, 0.004862703, 0.07868536, 60.5372, 1.195475, 0.743877, 0.7735416
 
17.1103, -0.01551278, -0.05689234, 5, 0, 0.0959975403799903777595420447, 1406.349, -1642.728, -6.594189, 0.004862703, 0.07868536, 60.43974, 1.19546, 0.743877, 0.7735416
 
17.1203, -0.01556763, -0.05704747, 5, 0, 0.0965836879193799622840062378, 1401.717, -1642.728, -6.594189, 0.004862703, 0.07868536, 60.34233, 1.195445, 0.743877, 0.7735416
 
17.1303, -0.01562131, -0.05720315, 5, 0, 0.0971736223579765769534711736, 1397.097, -1642.728, -6.594189, 0.004862703, 0.07868536, 60.24498, 1.19543, 0.743877, 0.7735416
 
17.1403, -0.01567366, -0.05735936, 5, 0, 0.0977673598102446102452171080, 1392.486, -1642.728, -6.594189, 0.004862703, 0.07868536, 60.14767, 1.195415, 0.743877, 0.7735416
 
17.1503, -0.01572548, -0.0575161, 5, 0, 0.0983650936497610747920790190, 1387.885, -1642.728, -6.594189, 0.004862703, 0.07868536, 60.05039, 1.1954, 0.743877, 0.7735416
 
17.1603, -0.01579017, -0.05767335, 5, 0, 0.0989702884864386242629211166, 1383.294, -1642.728, -6.594189, 0.004862703, 0.07868536, 59.95316, 1.195384, 0.743877, 0.7735416
 
17.1703, -0.0158428, -0.05783125, 5, 0, 0.0995767563658283242931464427, 1378.714, -1642.728, -6.594189, 0.004862703, 0.07868536, 59.85598, 1.195369, 0.743877, 0.7735416
 
17.1803, -0.01589768, -0.05798968, 5, 0, 0.1001880102412369608513426210, 1374.144, -1642.728, -6.594189, 0.004862703, 0.07868536, 59.75885, 1.195353, 0.743877, 0.7735416
 
17.1903, -0.01595183, -0.05814866, 5, 0, 0.1008032927328236113424508261, 1369.585, -1642.728, -6.594189, 0.004862703, 0.07868536, 59.66178, 1.195337, 0.743877, 0.7735416
 
17.2003, -0.01599929, -0.05830818, 5, 0, 0.1014212018821579556405507365, 1365.036, -1642.728, -6.594189, 0.004862703, 0.07868536, 59.56475, 1.195322, 0.743877, 0.7735416
 
17.2103, -0.01605063, -0.05846817, 5, 0, 0.1020443482325232990753538017, 1360.496, -1642.728, -6.594189, 0.004862703, 0.07868536, 59.46775, 1.195306, 0.743877, 0.7735416
 
17.2203, -0.01611518, -0.05862868, 5, 0, 0.1026752617548792319990520072, 1355.967, -1642.728, -6.594189, 0.004862703, 0.07868536, 59.3708, 1.19529, 0.743877, 0.7735416
 
17.2303, -0.01617192, -0.05878983, 5, 0, 0.1033086891337298833637206194, 1351.448, -1642.728, -6.594189, 0.004862703, 0.07868536, 59.2739, 1.195274, 0.743877, 0.7735416
 
17.2403, -0.0162313, -0.05895155, 5, 0, 0.1039472731412883023215142455, 1346.939, -1642.728, -6.594189, 0.004862703, 0.07868536, 59.17705, 1.195257, 0.743877, 0.7735416
 
17.2503, -0.01628333, -0.05911386, 5, 0, 0.1045885321499883862413758831, 1342.44, -1642.728, -6.594189, 0.004862703, 0.07868536, 59.08023, 1.195241, 0.743877, 0.7735416
 
17.2603, -0.01634487, -0.0592767, 5, 0, 0.1052367526074440047553504217, 1337.951, -1642.728, -6.594189, 0.004862703, 0.07868536, 58.98346, 1.195224, 0.743877, 0.7735416
 
17.2703, -0.01640988, -0.05944014, 5, 0, 0.1058905325552243543035762170, 1333.472, -1642.728, -6.594189, 0.004862703, 0.07868536, 58.88674, 1.195208, 0.743877, 0.7735416
 
17.2803, -0.01647298, -0.05960424, 5, 0, 0.1065485344927592469836076940, 1329.004, -1642.728, -6.594189, 0.004862703, 0.07868536, 58.79007, 1.195191, 0.743877, 0.7735416
 
17.2903, -0.01652834, -0.05976897, 5, 0, 0.1072092597748299369254305961, 1324.546, -1642.728, -6.594189, 0.004862703, 0.07868536, 58.69345, 1.195174, 0.743877, 0.7735416
 
17.3003, -0.01658315, -0.05993425, 5, 0, 0.1078744809925549307415309758, 1320.097, -1642.728, -6.594189, 0.004862703, 0.07868536, 58.59687, 1.195157, 0.743877, 0.7735416
 
17.3103, -0.01664677, -0.06010009, 5, 0, 0.1085468086892175337616202824, 1315.658, -1642.728, -6.594189, 0.004862703, 0.07868536, 58.50033, 1.19514, 0.743877, 0.7735416
 
17.3203, -0.0167063, -0.06026655, 5, 0, 0.1092228265982990634719106119, 1311.23, -1642.728, -6.594189, 0.004862703, 0.07868536, 58.40384, 1.195123, 0.743877, 0.7735416
 
17.3303, -0.01676227, -0.06043362, 5, 0, 0.1099026636355170448603506266, 1306.812, -1642.728, -6.594189, 0.004862703, 0.07868536, 58.30741, 1.195106, 0.743877, 0.7735416
 
17.3403, -0.01681685, -0.06060124, 5, 0, 0.1105869643794597474452720686, 1302.404, -1642.728, -6.594189, 0.004862703, 0.07868536, 58.21103, 1.195088, 0.743877, 0.7735416
 
17.3503, -0.01687267, -0.06076941, 5, 0, 0.1112764378665742838113045651, 1298.005, -1642.728, -6.594189, 0.004862703, 0.07868536, 58.11467, 1.195071, 0.743877, 0.7735416
 
17.3603, -0.01693976, -0.06093813, 5, 0, 0.1119738235558622899993437662, 1293.618, -1642.728, -6.594189, 0.004862703, 0.07868536, 58.01837, 1.195053, 0.743877, 0.7735416
 
17.3703, -0.01700363, -0.06110753, 5, 0, 0.1126754795782986493296178474, 1289.239, -1642.728, -6.594189, 0.004862703, 0.07868536, 57.92212, 1.195035, 0.743877, 0.7735416
 
17.3803, -0.01706963, -0.06127757, 5, 0, 0.1133827595489185827604410703, 1284.871, -1642.728, -6.594189, 0.004862703, 0.07868536, 57.82593, 1.195017, 0.743877, 0.7735416
 
17.3903, -0.01713191, -0.06144826, 5, 0, 0.1140941487080402451016957837, 1280.513, -1642.728, -6.594189, 0.004862703, 0.07868536, 57.72978, 1.194999, 0.743877, 0.7735416
 
17.4003, -0.01718939, -0.06161958, 5, 0, 0.1148094214531570410427509597, 1276.165, -1642.728, -6.594189, 0.004862703, 0.07868536, 57.63367, 1.194981, 0.743877, 0.7735416
 
17.4103, -0.01725973, -0.06179148, 5, 0, 0.1155333315513588078677227233, 1271.827, -1642.728, -6.594189, 0.004862703, 0.07868536, 57.5376, 1.194963, 0.743877, 0.7735416
 
17.4203, -0.0173239, -0.06196407, 5, 0, 0.1162608996330499187050994596, 1267.498, -1642.728, -6.594189, 0.004862703, 0.07868536, 57.44159, 1.194944, 0.743877, 0.7735416
 
17.4303, -0.01738802, -0.06213731, 5, 0, 0.1169936726868426071460304083, 1263.18, -1642.728, -6.594189, 0.004862703, 0.07868536, 57.34563, 1.194925, 0.743877, 0.7735416
 
17.4403, -0.01744494, -0.06231119, 5, 0, 0.1177298458926892673341747897, 1258.871, -1642.728, -6.594189, 0.004862703, 0.07868536, 57.2497, 1.194907, 0.743877, 0.7735416
 
17.4503, -0.01751776, -0.06248564, 5, 0, 0.1184757200062919701447979687, 1254.572, -1642.728, -6.594189, 0.004862703, 0.07868536, 57.15383, 1.194888, 0.743877, 0.7735416
 
17.4603, -0.01758421, -0.06266081, 5, 0, 0.1192253165612426988894768977, 1250.284, -1642.728, -6.594189, 0.004862703, 0.07868536, 57.058, 1.194869, 0.743877, 0.7735416
 
17.4703, -0.01764493, -0.06283665, 5, 0, 0.1199787483587944289342328754, 1246.005, -1642.728, -6.594189, 0.004862703, 0.07868536, 56.96223, 1.194849, 0.743877, 0.7735416
 
17.4803, -0.01770249, -0.06301311, 5, 0, 0.1207366922064654959091350173, 1241.736, -1642.728, -6.594189, 0.004862703, 0.07868536, 56.86652, 1.19483, 0.743877, 0.7735416
 
17.4903, -0.01776614, -0.06319013, 5, 0, 0.1215018231053972424869571193, 1237.477, -1642.728, -6.594189, 0.004862703, 0.07868536, 56.77083, 1.194811, 0.743877, 0.7735416
 
17.50031, -0.01783878, -0.06336779, 5, 0, 0.1222750595800786657963853655, 1233.228, -1642.728, -6.594189, 0.004862703, 0.07868536, 56.67519, 1.194791, 0.743877, 0.7735416
 
17.51031, -0.01790661, -0.06354618, 5, 0, 0.1230526630746967068474953193, 1228.989, -1642.728, -6.594189, 0.004862703, 0.07868536, 56.57961, 1.194771, 0.743877, 0.7735416
 
17.52031, -0.01797032, -0.06372525, 5, 0, 0.1238348430772926056057551067, 1224.759, -1642.728, -6.594189, 0.004862703, 0.07868536, 56.48409, 1.194752, 0.743877, 0.7735416
 
17.53031, -0.0180304, -0.06390495, 5, 0, 0.1246216801601899159040370842, 1220.539, -1642.728, -6.594189, 0.004862703, 0.07868536, 56.38859, 1.194732, 0.743877, 0.7735416
 
17.54031, -0.01810098, -0.06408525, 5, 0, 0.1254172029395661682413119553, 1216.329, -1642.728, -6.594189, 0.004862703, 0.07868536, 56.29314, 1.194711, 0.743877, 0.7735416
 
17.55031, -0.01816851, -0.06426626, 5, 0, 0.1262177373174677912725415991, 1212.128, -1642.728, -6.594189, 0.004862703, 0.07868536, 56.19775, 1.194691, 0.743877, 0.7735416
 
17.56031, -0.01822927, -0.06444795, 5, 0, 0.1270221391668996759923501266, 1207.938, -1642.728, -6.594189, 0.004862703, 0.07868536, 56.10242, 1.194671, 0.743877, 0.7735416
 
17.57031, -0.01829213, -0.06463024, 5, 0, 0.1278329545732869292427395327, 1203.758, -1642.728, -6.594189, 0.004862703, 0.07868536, 56.00711, 1.19465, 0.743877, 0.7735416
 
17.58031, -0.01836468, -0.06481316, 5, 0, 0.1286525684774057776088489159, 1199.587, -1642.728, -6.594189, 0.004862703, 0.07868536, 55.91186, 1.194629, 0.743877, 0.7735416
 
17.59031, -0.01843134, -0.06499681, 5, 0, 0.1294765010580672725615637006, 1195.425, -1642.728, -6.594189, 0.004862703, 0.07868536, 55.81666, 1.194608, 0.743877, 0.7735416
 
17.60031, -0.01849693, -0.06518112, 5, 0, 0.1303061703881656392701431411, 1191.274, -1642.728, -6.594189, 0.004862703, 0.07868536, 55.72152, 1.194587, 0.743877, 0.7735416
 
17.61031, -0.01856012, -0.06536609, 5, 0, 0.1311410930337600381712944229, 1187.133, -1642.728, -6.594189, 0.004862703, 0.07868536, 55.62643, 1.194566, 0.743877, 0.7735416
 
17.62031, -0.01862274, -0.06555169, 5, 0, 0.1319820424891561026266508429, 1183.001, -1642.728, -6.594189, 0.004862703, 0.07868536, 55.53138, 1.194545, 0.743877, 0.7735416
 
17.63031, -0.01869255, -0.06573792, 5, 0, 0.1328312425504839184234894329, 1178.879, -1642.728, -6.594189, 0.004862703, 0.07868536, 55.43637, 1.194523, 0.743877, 0.7735416
 
17.64031, -0.01876298, -0.06592485, 5, 0, 0.1336868722832314912281891576, 1174.766, -1642.728, -6.594189, 0.004862703, 0.07868536, 55.34143, 1.194502, 0.743877, 0.7735416
 
17.65031, -0.01882978, -0.06611247, 5, 0, 0.1345477069880806416364430945, 1170.664, -1642.728, -6.594189, 0.004862703, 0.07868536, 55.24654, 1.19448, 0.743877, 0.7735416
 
17.66031, -0.01889128, -0.06630077, 5, 0, 0.1354133276889492120066092068, 1166.571, -1642.728, -6.594189, 0.004862703, 0.07868536, 55.15168, 1.194458, 0.743877, 0.7735416
 
17.67031, -0.01896346, -0.06648968, 5, 0, 0.1362885042673907835214954446, 1162.487, -1642.728, -6.594189, 0.004862703, 0.07868536, 55.05687, 1.194436, 0.743877, 0.7735416
 
17.68031, -0.01902951, -0.06667931, 5, 0, 0.1371682251248807912103825737, 1158.414, -1642.728, -6.594189, 0.004862703, 0.07868536, 54.96212, 1.194413, 0.743877, 0.7735416
 
17.69031, -0.01909981, -0.06686961, 5, 0, 0.1380557453832911322106080010, 1154.35, -1642.728, -6.594189, 0.004862703, 0.07868536, 54.86743, 1.194391, 0.743877, 0.7735416
 
17.70031, -0.01916812, -0.0670606, 5, 0, 0.1389492763370384279984640952, 1150.296, -1642.728, -6.594189, 0.004862703, 0.07868536, 54.77276, 1.194368, 0.743877, 0.7735416
 
17.71031, -0.01924034, -0.06725229, 5, 0, 0.1398506550350997059634405783, 1146.25, -1642.728, -6.594189, 0.004862703, 0.07868536, 54.67815, 1.194345, 0.743877, 0.7735416
 
17.72031, -0.01930541, -0.06744469, 5, 0, 0.1407564813254214777922653405, 1142.215, -1642.728, -6.594189, 0.004862703, 0.07868536, 54.5836, 1.194322, 0.743877, 0.7735416
 
17.73031, -0.01937181, -0.06763774, 5, 0, 0.1416694463236101192135808645, 1138.189, -1642.728, -6.594189, 0.004862703, 0.07868536, 54.48908, 1.194299, 0.743877, 0.7735416
 
17.74031, -0.01944761, -0.06783146, 5, 0, 0.1425920477716954767571359780, 1134.173, -1642.728, -6.594189, 0.004862703, 0.07868536, 54.39462, 1.194276, 0.743877, 0.7735416
 
17.75031, -0.01952325, -0.06802593, 5, 0, 0.1435214978672830712394884785, 1130.166, -1642.728, -6.594189, 0.004862703, 0.07868536, 54.30021, 1.194252, 0.743877, 0.7735416
 
17.76031, -0.01959325, -0.06822117, 5, 0, 0.1444561368205073714141736124, 1126.17, -1642.728, -6.594189, 0.004862703, 0.07868536, 54.20586, 1.194229, 0.743877, 0.7735416
 
17.77031, -0.01966208, -0.0684171, 5, 0, 0.1453973827042635693183332800, 1122.183, -1642.728, -6.594189, 0.004862703, 0.07868536, 54.11156, 1.194205, 0.743877, 0.7735416
 
17.78031, -0.01972999, -0.06861372, 5, 0, 0.1463453966631978057498295477, 1118.205, -1642.728, -6.594189, 0.004862703, 0.07868536, 54.0173, 1.194181, 0.743877, 0.7735416
 
17.79031, -0.01980302, -0.06881102, 5, 0, 0.1473019835173583311435916257, 1114.237, -1642.728, -6.594189, 0.004862703, 0.07868536, 53.9231, 1.194157, 0.743877, 0.7735416
 
17.80031, -0.0198718, -0.06900905, 5, 0, 0.1482643715788147325041633521, 1110.278, -1642.728, -6.594189, 0.004862703, 0.07868536, 53.82895, 1.194132, 0.743877, 0.7735416
 
17.81031, -0.0199416, -0.06920777, 5, 0, 0.1492340917217145326561194953, 1106.33, -1642.728, -6.594189, 0.004862703, 0.07868536, 53.73486, 1.194108, 0.743877, 0.7735416
 
17.82031, -0.02000947, -0.06940718, 5, 0, 0.1502105799397928547693535615, 1102.39, -1642.728, -6.594189, 0.004862703, 0.07868536, 53.6408, 1.194083, 0.743877, 0.7735416
 
17.83031, -0.02008214, -0.06960727, 5, 0, 0.1511958021977442512213039352, 1098.46, -1642.728, -6.594189, 0.004862703, 0.07868536, 53.5468, 1.194058, 0.743877, 0.7735416
 
17.84031, -0.02015228, -0.0698081, 5, 0, 0.1521875346994391196586349074, 1094.539, -1642.728, -6.594189, 0.004862703, 0.07868536, 53.45285, 1.194033, 0.743877, 0.7735416
 
17.85031, -0.02022592, -0.07000962, 5, 0, 0.1531878884397540870686608883, 1090.628, -1642.728, -6.594189, 0.004862703, 0.07868536, 53.35894, 1.194008, 0.743877, 0.7735416
 
17.86031, -0.02030701, -0.07021188, 5, 0, 0.1541981686903308866885611565, 1086.726, -1642.728, -6.594189, 0.004862703, 0.07868536, 53.26509, 1.193982, 0.743877, 0.7735416
 
17.87031, -0.02038617, -0.07041495, 5, 0, 0.1552155231909157128346543015, 1082.834, -1642.728, -6.594189, 0.004862703, 0.07868536, 53.1713, 1.193957, 0.743877, 0.7735416
 
17.88031, -0.02045821, -0.07061882, 5, 0, 0.1562382438082492242500463712, 1078.952, -1642.728, -6.594189, 0.004862703, 0.07868536, 53.07756, 1.193931, 0.743877, 0.7735416
 
17.89031, -0.02052528, -0.0708234, 5, 0, 0.1572671201511022484968864567, 1075.078, -1642.728, -6.594189, 0.004862703, 0.07868536, 52.98385, 1.193905, 0.743877, 0.7735416
 
17.90031, -0.02060357, -0.07102866, 5, 0, 0.1583072766192528093458564141, 1071.214, -1642.728, -6.594189, 0.004862703, 0.07868536, 52.89021, 1.193879, 0.743877, 0.7735416
 
17.91031, -0.02067984, -0.0712347, 5, 0, 0.1593546362531289217089679106, 1067.359, -1642.728, -6.594189, 0.004862703, 0.07868536, 52.79662, 1.193852, 0.743877, 0.7735416
 
17.92031, -0.02075445, -0.07144149, 5, 0, 0.1604093601973781766859069816, 1063.515, -1642.728, -6.594189, 0.004862703, 0.07868536, 52.70309, 1.193825, 0.743877, 0.7735416
 
17.93032, -0.0208221, -0.07164904, 5, 0, 0.1614696758608819065195404672, 1059.679, -1642.728, -6.594189, 0.004862703, 0.07868536, 52.6096, 1.193799, 0.743877, 0.7735416
 
17.94032, -0.0209042, -0.07185726, 5, 0, 0.1625427380659718527135807080, 1055.853, -1642.728, -6.594189, 0.004862703, 0.07868536, 52.51616, 1.193772, 0.743877, 0.7735416
 
17.95032, -0.02097966, -0.0720663, 5, 0, 0.1636219237676518902059200221, 1052.036, -1642.728, -6.594189, 0.004862703, 0.07868536, 52.42279, 1.193744, 0.743877, 0.7735416
 
17.96032, -0.02105511, -0.07227609, 5, 0, 0.1647091667016873109854949590, 1048.229, -1642.728, -6.594189, 0.004862703, 0.07868536, 52.32947, 1.193717, 0.743877, 0.7735416
 
17.97032, -0.02112308, -0.07248665, 5, 0, 0.1658020496983715000661348318, 1044.431, -1642.728, -6.594189, 0.004862703, 0.07868536, 52.23619, 1.193689, 0.743877, 0.7735416
 
17.98032, -0.02120686, -0.07269788, 5, 0, 0.1669086299900598407350752634, 1040.642, -1642.728, -6.594189, 0.004862703, 0.07868536, 52.14297, 1.193661, 0.743877, 0.7735416
 
17.99032, -0.02128596, -0.07290994, 5, 0, 0.1680218172122795956995489056, 1036.864, -1642.728, -6.594189, 0.004862703, 0.07868536, 52.0498, 1.193633, 0.743877, 0.7735416
 
18.00032, -0.02136192, -0.07312281, 5, 0, 0.1691427393775605186197687457, 1033.094, -1642.728, -6.594189, 0.004862703, 0.07868536, 51.95668, 1.193605, 0.743877, 0.7735416
 
18.01032, -0.02144497, -0.07333642, 5, 0, 0.1702746193788447628106290327, 1029.333, -1642.728, -6.594189, 0.004862703, 0.07868536, 51.86361, 1.193576, 0.743877, 0.7735416
 
18.02032, -0.02152447, -0.07355087, 5, 0, 0.1714137508892488519600013803, 1025.582, -1642.728, -6.594189, 0.004862703, 0.07868536, 51.7706, 1.193548, 0.743877, 0.7735416
 
18.03032, -0.02160057, -0.07376612, 5, 0, 0.1725606173427141090651199257, 1021.84, -1642.728, -6.594189, 0.004862703, 0.07868536, 51.67765, 1.193519, 0.743877, 0.7735416
 
18.04032, -0.02167381, -0.07398213, 5, 0, 0.1737150575945934264602399565, 1018.107, -1642.728, -6.594189, 0.004862703, 0.07868536, 51.58474, 1.19349, 0.743877, 0.7735416
 
18.05032, -0.02175403, -0.07419886, 5, 0, 0.1748807779717702804574898591, 1014.383, -1642.728, -6.594189, 0.004862703, 0.07868536, 51.49189, 1.19346, 0.743877, 0.7735416
 
18.06032, -0.02183768, -0.07441641, 5, 0, 0.1760566504617149173966566465, 1010.67, -1642.728, -6.594189, 0.004862703, 0.07868536, 51.39909, 1.193431, 0.743877, 0.7735416
 
18.07032, -0.0219104, -0.07463478, 5, 0, 0.1772375184357198919739095200, 1006.965, -1642.728, -6.594189, 0.004862703, 0.07868536, 51.30637, 1.193401, 0.743877, 0.7735416
 
18.08032, -0.02198355, -0.07485389, 5, 0, 0.1784277327992571111643557159, 1003.27, -1642.728, -6.594189, 0.004862703, 0.07868536, 51.21367, 1.193371, 0.743877, 0.7735416
 
18.09032, -0.02206911, -0.07507373, 5, 0, 0.1796311610238571589458683332, 999.5836, -1642.728, -6.594189, 0.004862703, 0.07868536, 51.12104, 1.193341, 0.743877, 0.7735416
 
18.10032, -0.02214826, -0.07529442, 5, 0, 0.1808416796129299440201482985, 995.9069, -1642.728, -6.594189, 0.004862703, 0.07868536, 51.02847, 1.19331, 0.743877, 0.7735416
 
18.11032, -0.02222679, -0.0755159, 5, 0, 0.1820613834468878660418768738, 992.2385, -1642.728, -6.594189, 0.004862703, 0.07868536, 50.93592, 1.19328, 0.743877, 0.7735416
 
18.12032, -0.02231135, -0.07573817, 5, 0, 0.1832925285507904323314800333, 988.5799, -1642.728, -6.594189, 0.004862703, 0.07868536, 50.84345, 1.193249, 0.743877, 0.7735416
 
18.13032, -0.02239072, -0.07596128, 5, 0, 0.1845312474531070589110846784, 984.9307, -1642.728, -6.594189, 0.004862703, 0.07868536, 50.75104, 1.193217, 0.743877, 0.7735416
 
18.14032, -0.02247323, -0.07618519, 5, 0, 0.1857806019021327914298403454, 981.2913, -1642.728, -6.594189, 0.004862703, 0.07868536, 50.65869, 1.193186, 0.743877, 0.7735416
 
18.15032, -0.02254909, -0.07640992, 5, 0, 0.1870372078602783689071080730, 977.6602, -1642.728, -6.594189, 0.004862703, 0.07868536, 50.56638, 1.193154, 0.743877, 0.7735416
 
18.16032, -0.02263432, -0.07663541, 5, 0, 0.1883068665348396673096975094, 974.0385, -1642.728, -6.594189, 0.004862703, 0.07868536, 50.47412, 1.193123, 0.743877, 0.7735416
 
18.17032, -0.02271597, -0.07686175, 5, 0, 0.1895850658756976719967567060, 970.4261, -1642.728, -6.594189, 0.004862703, 0.07868536, 50.38194, 1.19309, 0.743877, 0.7735416
 
18.18032, -0.02279433, -0.07708891, 5, 0, 0.1908719670274994906340303752, 966.8224, -1642.728, -6.594189, 0.004862703, 0.07868536, 50.28978, 1.193058, 0.743877, 0.7735416
 
18.19032, -0.02288157, -0.07731686, 5, 0, 0.1921719208957170301966257533, 963.2285, -1642.728, -6.594189, 0.004862703, 0.07868536, 50.19769, 1.193025, 0.743877, 0.7735416
 
18.20032, -0.02296777, -0.07754567, 5, 0, 0.1934817045874081373696485911, 959.6434, -1642.728, -6.594189, 0.004862703, 0.07868536, 50.10567, 1.192992, 0.743877, 0.7735416
 
18.21032, -0.02304445, -0.07777535, 5, 0, 0.1947982563542777665039493521, 956.0671, -1642.728, -6.594189, 0.004862703, 0.07868536, 50.01368, 1.192959, 0.743877, 0.7735416
 
18.22032, -0.02313112, -0.0780058, 5, 0, 0.1961285054161515472265506718, 952.5, -1642.728, -6.594189, 0.004862703, 0.07868536, 49.92175, 1.192926, 0.743877, 0.7735416
 
18.23032, -0.02321664, -0.07823711, 5, 0, 0.1974685843014988955595794513, 948.9426, -1642.728, -6.594189, 0.004862703, 0.07868536, 49.82989, 1.192892, 0.743877, 0.7735416
 
18.24032, -0.02329789, -0.07846928, 5, 0, 0.1988175261424371655085674158, 945.3946, -1642.728, -6.594189, 0.004862703, 0.07868536, 49.73809, 1.192858, 0.743877, 0.7735416
 
18.25032, -0.02337833, -0.07870226, 5, 0, 0.2001766200961432183994722650, 941.8548, -1642.728, -6.594189, 0.004862703, 0.07868536, 49.64633, 1.192824, 0.743877, 0.7735416
 
18.26032, -0.02346467, -0.07893604, 5, 0, 0.2015486056216178845499541107, 938.3243, -1642.728, -6.594189, 0.004862703, 0.07868536, 49.55463, 1.19279, 0.743877, 0.7735416
 
18.27032, -0.02355147, -0.07917069, 5, 0, 0.2029312266938016566395869784, 934.8034, -1642.728, -6.594189, 0.004862703, 0.07868536, 49.463, 1.192755, 0.743877, 0.7735416
 
18.28032, -0.02363184, -0.0794062, 5, 0, 0.2043222272876350273479448938, 931.2917, -1642.728, -6.594189, 0.004862703, 0.07868536, 49.37143, 1.19272, 0.743877, 0.7735416
 
18.29032, -0.0237082, -0.07964252, 5, 0, 0.2057224131263535350037514191, 927.7887, -1642.728, -6.594189, 0.004862703, 0.07868536, 49.2799, 1.192685, 0.743877, 0.7735416
 
18.30032, -0.0237943, -0.0798796, 5, 0, 0.2071371019833117325765820655, 924.2949, -1642.728, -6.594189, 0.004862703, 0.07868536, 49.18844, 1.19265, 0.743877, 0.7735416
 
18.31032, -0.02387631, -0.08011755, 5, 0, 0.2085612983744492824283507467, 920.8094, -1642.728, -6.594189, 0.004862703, 0.07868536, 49.09702, 1.192614, 0.743877, 0.7735416
 
18.32032, -0.02396677, -0.08035631, 5, 0, 0.2099999977838265221971435489, 917.3331, -1642.728, -6.594189, 0.004862703, 0.07868536, 49.00566, 1.192578, 0.743877, 0.7735416
 
18.33032, -0.02405628, -0.08059598, 5, 0, 0.2114493327399128679050873732, 913.8664, -1642.728, -6.594189, 0.004862703, 0.07868536, 48.91436, 1.192542, 0.743877, 0.7735416
 
18.34032, -0.02414353, -0.08083654, 5, 0, 0.2129093032427083195521822195, 910.4092, -1642.728, -6.594189, 0.004862703, 0.07868536, 48.82314, 1.192505, 0.743877, 0.7735416
 
18.35032, -0.02422643, -0.08107798, 5, 0, 0.2143791035689773388097045256, 906.9599, -1642.728, -6.594189, 0.004862703, 0.07868536, 48.73195, 1.192468, 0.743877, 0.7735416
 
18.36032, -0.02431928, -0.08132024, 5, 0, 0.2158642126367215863129745150, 903.5201, -1642.728, -6.594189, 0.004862703, 0.07868536, 48.64082, 1.192431, 0.743877, 0.7735416
 
18.37033, -0.02440573, -0.08156344, 5, 0, 0.2173585069493509707636931143, 900.0896, -1642.728, -6.594189, 0.004862703, 0.07868536, 48.54976, 1.192394, 0.743877, 0.7735416
 
18.38033, -0.02449106, -0.08180749, 5, 0, 0.2188640813872778918165415856, 896.6675, -1642.728, -6.594189, 0.004862703, 0.07868536, 48.45875, 1.192356, 0.743877, 0.7735416
 
18.39033, -0.0245823, -0.0820524, 5, 0, 0.2203838365541502874549247529, 893.2547, -1642.728, -6.594189, 0.004862703, 0.07868536, 48.3678, 1.192318, 0.743877, 0.7735416
 
18.40033, -0.02467318, -0.08229823, 5, 0, 0.2219155164249086503584166419, 889.851, -1642.728, -6.594189, 0.004862703, 0.07868536, 48.27691, 1.19228, 0.743877, 0.7735416
 
18.41033, -0.02476072, -0.08254496, 5, 0, 0.2234579929870232268668042654, 886.4554, -1642.728, -6.594189, 0.004862703, 0.07868536, 48.18607, 1.192241, 0.743877, 0.7735416
 
18.42033, -0.02485347, -0.08279257, 5, 0, 0.2250146502780832779607265850, 883.0694, -1642.728, -6.594189, 0.004862703, 0.07868536, 48.09529, 1.192202, 0.743877, 0.7735416
 
18.43033, -0.02494227, -0.0830411, 5, 0, 0.2265821042604995426595446391, 879.6925, -1642.728, -6.594189, 0.004862703, 0.07868536, 48.00459, 1.192163, 0.743877, 0.7735416
 
18.44033, -0.025031, -0.08329052, 5, 0, 0.2281616440914488822892161273, 876.3251, -1642.728, -6.594189, 0.004862703, 0.07868536, 47.91394, 1.192123, 0.743877, 0.7735416
 
18.45033, -0.02511441, -0.08354083, 5, 0, 0.2297514971798131125265492128, 872.9658, -1642.728, -6.594189, 0.004862703, 0.07868536, 47.82335, 1.192084, 0.743877, 0.7735416
 
18.46033, -0.02520987, -0.08379198, 5, 0, 0.2313589150347120783300559558, 869.6156, -1642.728, -6.594189, 0.004862703, 0.07868536, 47.73281, 1.192044, 0.743877, 0.7735416
 
18.47033, -0.02529646, -0.08404408, 5, 0, 0.2329753569898490734152665964, 866.2745, -1642.728, -6.594189, 0.004862703, 0.07868536, 47.64235, 1.192003, 0.743877, 0.7735416
 
18.48033, -0.02537931, -0.08429704, 5, 0, 0.2346030790702836051026071088, 862.942, -1642.728, -6.594189, 0.004862703, 0.07868536, 47.55193, 1.191963, 0.743877, 0.7735416
 
18.49033, -0.02547499, -0.08455084, 5, 0, 0.2362488493511941953533554163, 859.6183, -1642.728, -6.594189, 0.004862703, 0.07868536, 47.46157, 1.191921, 0.743877, 0.7735416
 
18.50033, -0.02556626, -0.08480559, 5, 0, 0.2379057386127552145404888832, 856.3043, -1642.728, -6.594189, 0.004862703, 0.07868536, 47.37129, 1.19188, 0.743877, 0.7735416
 
18.51033, -0.02565314, -0.08506124, 5, 0, 0.2395740691442608779954969344, 852.9982, -1642.728, -6.594189, 0.004862703, 0.07868536, 47.28104, 1.191839, 0.743877, 0.7735416
 
18.52033, -0.02574727, -0.08531778, 5, 0, 0.2412586752851244156907209436, 849.7014, -1642.728, -6.594189, 0.004862703, 0.07868536, 47.19087, 1.191796, 0.743877, 0.7735416
 
18.53033, -0.02583991, -0.08557525, 5, 0, 0.2429558507084623513140325243, 846.4135, -1642.728, -6.594189, 0.004862703, 0.07868536, 47.10077, 1.191754, 0.743877, 0.7735416
 
18.54033, -0.0259313, -0.08583365, 5, 0, 0.2446659177035689001969211015, 843.135, -1642.728, -6.594189, 0.004862703, 0.07868536, 47.01073, 1.191712, 0.743877, 0.7735416
 
18.55033, -0.02601803, -0.08609296, 5, 0, 0.2463879094025614163449184004, 839.8645, -1642.728, -6.594189, 0.004862703, 0.07868536, 46.92074, 1.191669, 0.743877, 0.7735416
 
18.56033, -0.02611265, -0.08635314, 5, 0, 0.2481266601448531297303657946, 836.6035, -1642.728, -6.594189, 0.004862703, 0.07868536, 46.83082, 1.191625, 0.743877, 0.7735416
 
18.57033, -0.02620156, -0.08661427, 5, 0, 0.2498770133017365950494324857, 833.3506, -1642.728, -6.594189, 0.004862703, 0.07868536, 46.74094, 1.191582, 0.743877, 0.7735416
 
18.58033, -0.02630041, -0.08687628, 5, 0, 0.2516455758037432265976516842, 830.1066, -1642.728, -6.594189, 0.004862703, 0.07868536, 46.65113, 1.191538, 0.743877, 0.7735416
 
18.59033, -0.02639478, -0.08713929, 5, 0, 0.2534262241542829330767243169, 826.8716, -1642.728, -6.594189, 0.004862703, 0.07868536, 46.5614, 1.191493, 0.743877, 0.7735416
 
18.60033, -0.02648708, -0.08740323, 5, 0, 0.2552202475105325758126080833, 823.6461, -1642.728, -6.594189, 0.004862703, 0.07868536, 46.47173, 1.191449, 0.743877, 0.7735416
 
18.61033, -0.02657694, -0.0876681, 5, 0, 0.2570274847278450471395582711, 820.4285, -1642.728, -6.594189, 0.004862703, 0.07868536, 46.38211, 1.191404, 0.743877, 0.7735416
 
18.62033, -0.02667679, -0.08793387, 5, 0, 0.2588535758688691153586398162, 817.2202, -1642.728, -6.594189, 0.004862703, 0.07868536, 46.29256, 1.191358, 0.743877, 0.7735416
 
18.63033, -0.02676739, -0.08820064, 5, 0, 0.2606901414119551818511276709, 814.0206, -1642.728, -6.594189, 0.004862703, 0.07868536, 46.20309, 1.191313, 0.743877, 0.7735416
 
18.64033, -0.0268586, -0.08846831, 5, 0, 0.2625416934072222612578737840, 810.8295, -1642.728, -6.594189, 0.004862703, 0.07868536, 46.11365, 1.191267, 0.743877, 0.7735416
 
18.65033, -0.02695449, -0.0887369, 5, 0, 0.2644103267350827532335594173, 807.6472, -1642.728, -6.594189, 0.004862703, 0.07868536, 46.02429, 1.19122, 0.743877, 0.7735416
 
18.66033, -0.02705063, -0.08900645, 5, 0, 0.2662936242258300427920138841, 804.4741, -1642.728, -6.594189, 0.004862703, 0.07868536, 45.935, 1.191173, 0.743877, 0.7735416
 
18.67033, -0.02714006, -0.08927695, 5, 0, 0.2681894909990517302785559224, 801.3091, -1642.728, -6.594189, 0.004862703, 0.07868536, 45.84576, 1.191126, 0.743877, 0.7735416
 
18.68033, -0.02724152, -0.08954836, 5, 0, 0.2701056619978089836489317301, 798.153, -1642.728, -6.594189, 0.004862703, 0.07868536, 45.75658, 1.191079, 0.743877, 0.7735416
 
18.69033, -0.02733955, -0.08982077, 5, 0, 0.2720356914362174962733528090, 795.0061, -1642.728, -6.594189, 0.004862703, 0.07868536, 45.66748, 1.191031, 0.743877, 0.7735416
 
18.70033, -0.02743225, -0.09009417, 5, 0, 0.2739790958803359451545850216, 791.8672, -1642.728, -6.594189, 0.004862703, 0.07868536, 45.57843, 1.190982, 0.743877, 0.7735416
 
18.71033, -0.02753346, -0.09036849, 5, 0, 0.2759418376821073139251827289, 788.7375, -1642.728, -6.594189, 0.004862703, 0.07868536, 45.48945, 1.190934, 0.743877, 0.7735416
 
18.72033, -0.02763081, -0.09064383, 5, 0, 0.2779185990681770496155704199, 785.6167, -1642.728, -6.594189, 0.004862703, 0.07868536, 45.40055, 1.190885, 0.743877, 0.7735416
 
18.73033, -0.02772596, -0.09092014, 5, 0, 0.2799103469064277982202163692, 782.5048, -1642.728, -6.594189, 0.004862703, 0.07868536, 45.31172, 1.190835, 0.743877, 0.7735416
 
18.74033, -0.02781511, -0.09119739, 5, 0, 0.2819154697503884830816734523, 779.401, -1642.728, -6.594189, 0.004862703, 0.07868536, 45.22293, 1.190786, 0.743877, 0.7735416
 
18.75033, -0.02791427, -0.09147555, 5, 0, 0.2839410579645302300462379406, 776.3062, -1642.728, -6.594189, 0.004862703, 0.07868536, 45.13422, 1.190735, 0.743877, 0.7735416
 
18.76033, -0.02801131, -0.09175469, 5, 0, 0.2859822772094462549274527670, 773.2195, -1642.728, -6.594189, 0.004862703, 0.07868536, 45.04556, 1.190685, 0.743877, 0.7735416
 
18.77033, -0.02811371, -0.0920348, 5, 0, 0.2880425115227145385806593565, 770.1416, -1642.728, -6.594189, 0.004862703, 0.07868536, 44.95697, 1.190634, 0.743877, 0.7735416
 
18.78033, -0.02821514, -0.09231594, 5, 0, 0.2901188603006968117012793449, 767.0729, -1642.728, -6.594189, 0.004862703, 0.07868536, 44.86846, 1.190582, 0.743877, 0.7735416
 
18.79033, -0.02831079, -0.0925981, 5, 0, 0.2922092286629790631881603936, 764.0131, -1642.728, -6.594189, 0.004862703, 0.07868536, 44.78003, 1.190531, 0.743877, 0.7735416
 
18.80033, -0.02840415, -0.0928812, 5, 0, 0.2943155503453249735837679754, 760.9614, -1642.728, -6.594189, 0.004862703, 0.07868536, 44.69164, 1.190479, 0.743877, 0.7735416
 
18.81034, -0.02850775, -0.09316524, 5, 0, 0.2964437876996743036277142978, 757.9183, -1642.728, -6.594189, 0.004862703, 0.07868536, 44.60332, 1.190426, 0.743877, 0.7735416
 
18.82034, -0.02860526, -0.09345032, 5, 0, 0.2985862057829691082571953163, 754.8842, -1642.728, -6.594189, 0.004862703, 0.07868536, 44.51509, 1.190373, 0.743877, 0.7735416
 
18.83034, -0.02869997, -0.09373637, 5, 0, 0.3007447383309779023540897336, 751.8585, -1642.728, -6.594189, 0.004862703, 0.07868536, 44.4269, 1.19032, 0.743877, 0.7735416
 
18.84034, -0.02880243, -0.09402336, 5, 0, 0.3029245419724049083292861951, 748.8411, -1642.728, -6.594189, 0.004862703, 0.07868536, 44.33879, 1.190266, 0.743877, 0.7735416
 
18.85034, -0.02890335, -0.09431139, 5, 0, 0.3051212658017749963147353110, 745.8329, -1642.728, -6.594189, 0.004862703, 0.07868536, 44.25076, 1.190211, 0.743877, 0.7735416
 
18.86034, -0.02899662, -0.09460042, 5, 0, 0.3073321703600905588857191231, 742.833, -1642.728, -6.594189, 0.004862703, 0.07868536, 44.16277, 1.190157, 0.743877, 0.7735416
 
18.87034, -0.02909954, -0.09489039, 5, 0, 0.3095657963136515252196495446, 739.8414, -1642.728, -6.594189, 0.004862703, 0.07868536, 44.07486, 1.190102, 0.743877, 0.7735416
 
18.88034, -0.02920143, -0.09518138, 5, 0, 0.3118166647444514003417931223, 736.8594, -1642.728, -6.594189, 0.004862703, 0.07868536, 43.98703, 1.190046, 0.743877, 0.7735416
 
18.89034, -0.02929703, -0.0954734, 5, 0, 0.3140833253506678267069185206, 733.8848, -1642.728, -6.594189, 0.004862703, 0.07868536, 43.89926, 1.18999, 0.743877, 0.7735416
 
18.90034, -0.02940251, -0.09576637, 5, 0, 0.3163730296414190378270667233, 730.9193, -1642.728, -6.594189, 0.004862703, 0.07868536, 43.81155, 1.189934, 0.743877, 0.7735416
 
18.91034, -0.02950315, -0.0960604, 5, 0, 0.3186790095415329575268441141, 727.9626, -1642.728, -6.594189, 0.004862703, 0.07868536, 43.72393, 1.189877, 0.743877, 0.7735416
 
18.92034, -0.02959907, -0.09635542, 5, 0, 0.3210015873402957439053847344, 725.0137, -1642.728, -6.594189, 0.004862703, 0.07868536, 43.63636, 1.18982, 0.743877, 0.7735416
 
18.93034, -0.02970699, -0.09665141, 5, 0, 0.3233491425593586070278847086, 722.0739, -1642.728, -6.594189, 0.004862703, 0.07868536, 43.54887, 1.189762, 0.743877, 0.7735416
 
18.94034, -0.02980982, -0.09694848, 5, 0, 0.3257131345324280635028164300, 719.1427, -1642.728, -6.594189, 0.004862703, 0.07868536, 43.46146, 1.189704, 0.743877, 0.7735416
 
18.95034, -0.02990774, -0.09724658, 5, 0, 0.3280943689827380402124323841, 716.2194, -1642.728, -6.594189, 0.004862703, 0.07868536, 43.3741, 1.189645, 0.743877, 0.7735416
 
18.96034, -0.03001614, -0.09754565, 5, 0, 0.3305000974194083821152446314, 713.3052, -1642.728, -6.594189, 0.004862703, 0.07868536, 43.28682, 1.189586, 0.743877, 0.7735416
 
18.97034, -0.0301206, -0.09784582, 5, 0, 0.3329235517672605672499752489, 710.3995, -1642.728, -6.594189, 0.004862703, 0.07868536, 43.19962, 1.189526, 0.743877, 0.7735416
 
18.98034, -0.03021769, -0.09814702, 5, 0, 0.3353636040137648419564112492, 707.5018, -1642.728, -6.594189, 0.004862703, 0.07868536, 43.11247, 1.189466, 0.743877, 0.7735416
 
18.99034, -0.03032302, -0.09844919, 5, 0, 0.3378275056680410511930646930, 704.613, -1642.728, -6.594189, 0.004862703, 0.07868536, 43.02541, 1.189406, 0.743877, 0.7735416
 
19.00034, -0.03042891, -0.09875242, 5, 0, 0.3403118726924999339792966186, 701.7326, -1642.728, -6.594189, 0.004862703, 0.07868536, 42.93842, 1.189345, 0.743877, 0.7735416
 
19.01034, -0.03052725, -0.09905671, 5, 0, 0.3428129987602580140029786395, 698.8606, -1642.728, -6.594189, 0.004862703, 0.07868536, 42.85149, 1.189283, 0.743877, 0.7735416
 
19.02034, -0.03063625, -0.09936199, 5, 0, 0.3453400691162004282115593658, 695.9969, -1642.728, -6.594189, 0.004862703, 0.07868536, 42.76464, 1.189221, 0.743877, 0.7735416
 
19.03034, -0.03073972, -0.09966835, 5, 0, 0.3478850265279717933178031746, 693.1422, -1642.728, -6.594189, 0.004862703, 0.07868536, 42.67786, 1.189159, 0.743877, 0.7735416
 
19.04034, -0.03083765, -0.09997574, 5, 0, 0.3504480321402208284339258551, 690.2956, -1642.728, -6.594189, 0.004862703, 0.07868536, 42.59115, 1.189096, 0.743877, 0.7735416
 
19.05034, -0.03094501, -0.1002841, 5, 0, 0.3530369820406509748420050877, 687.4574, -1642.728, -6.594189, 0.004862703, 0.07868536, 42.50452, 1.189032, 0.743877, 0.7735416
 
19.06034, -0.03105305, -0.1005936, 5, 0, 0.3556476864684422675720915783, 684.6281, -1642.728, -6.594189, 0.004862703, 0.07868536, 42.41797, 1.188968, 0.743877, 0.7735416
 
19.07034, -0.03115601, -0.1009041, 5, 0, 0.3582774059645922648600541387, 681.8066, -1642.728, -6.594189, 0.004862703, 0.07868536, 42.33148, 1.188904, 0.743877, 0.7735416
 
19.08034, -0.0312635, -0.1012157, 5, 0, 0.3609311360131613043439788550, 678.9938, -1642.728, -6.594189, 0.004862703, 0.07868536, 42.24507, 1.188839, 0.743877, 0.7735416
 
19.09034, -0.03136857, -0.1015283, 5, 0, 0.3636051702872659097117373406, 676.1898, -1642.728, -6.594189, 0.004862703, 0.07868536, 42.15874, 1.188773, 0.743877, 0.7735416
 
19.10034, -0.03147102, -0.101842, 5, 0, 0.3663003145101416192920531579, 673.3936, -1642.728, -6.594189, 0.004862703, 0.07868536, 42.07247, 1.188707, 0.743877, 0.7735416
 
19.11034, -0.03158281, -0.1021567, 5, 0, 0.3690225310337330281639517444, 670.6061, -1642.728, -6.594189, 0.004862703, 0.07868536, 41.98629, 1.188641, 0.743877, 0.7735416
 
19.12034, -0.03168771, -0.1024725, 5, 0, 0.3717636014810328110350395349, 667.8272, -1642.728, -6.594189, 0.004862703, 0.07868536, 41.90018, 1.188574, 0.743877, 0.7735416
 
19.13034, -0.03179006, -0.1027894, 5, 0, 0.3745264264556937402281345835, 665.0562, -1642.728, -6.594189, 0.004862703, 0.07868536, 41.81414, 1.188506, 0.743877, 0.7735416
 
19.14034, -0.03190013, -0.1031073, 5, 0, 0.3773158402971258228226361106, 662.2937, -1642.728, -6.594189, 0.004862703, 0.07868536, 41.72818, 1.188438, 0.743877, 0.7735416
 
19.15034, -0.03200644, -0.1034263, 5, 0, 0.3801263640873322325226371226, 659.54, -1642.728, -6.594189, 0.004862703, 0.07868536, 41.6423, 1.188369, 0.743877, 0.7735416
 
19.16034, -0.03211294, -0.1037464, 5, 0, 0.3829597704174279307583873034, 656.7952, -1642.728, -6.594189, 0.004862703, 0.07868536, 41.55651, 1.1883, 0.743877, 0.7735416
 
19.17034, -0.03221432, -0.1040675, 5, 0, 0.3858144478409386179794973749, 654.0578, -1642.728, -6.594189, 0.004862703, 0.07868536, 41.47079, 1.188231, 0.743877, 0.7735416
 
19.18034, -0.03232346, -0.1043896, 5, 0, 0.3886966809991063274894243530, 651.3292, -1642.728, -6.594189, 0.004862703, 0.07868536, 41.38514, 1.18816, 0.743877, 0.7735416
 
19.19034, -0.0324279, -0.1047129, 5, 0, 0.3916001852506938603241244518, 648.6091, -1642.728, -6.594189, 0.004862703, 0.07868536, 41.29958, 1.188089, 0.743877, 0.7735416
 
19.20034, -0.03252733, -0.1050372, 5, 0, 0.3945251217403451012564002306, 645.897, -1642.728, -6.594189, 0.004862703, 0.07868536, 41.21409, 1.188018, 0.743877, 0.7735416
 
19.21034, -0.03263798, -0.1053624, 5, 0, 0.3974805145682964681214845102, 643.1932, -1642.728, -6.594189, 0.004862703, 0.07868536, 41.12868, 1.187946, 0.743877, 0.7735416
 
19.22034, -0.03274485, -0.1056888, 5, 0, 0.4004578230682593118672629136, 640.4984, -1642.728, -6.594189, 0.004862703, 0.07868536, 41.04335, 1.187874, 0.743877, 0.7735416
 
19.23034, -0.03284392, -0.1060163, 5, 0, 0.4034560803723461521598539363, 637.811, -1642.728, -6.594189, 0.004862703, 0.07868536, 40.95809, 1.187801, 0.743877, 0.7735416
 
19.24035, -0.03295391, -0.1063447, 5, 0, 0.4064847940147331183852534597, 635.1324, -1642.728, -6.594189, 0.004862703, 0.07868536, 40.87292, 1.187727, 0.743877, 0.7735416
 
19.25035, -0.03305896, -0.1066742, 5, 0, 0.4095360679077167692613838035, 632.4623, -1642.728, -6.594189, 0.004862703, 0.07868536, 40.78783, 1.187653, 0.743877, 0.7735416
 
19.26035, -0.03316449, -0.1070048, 5, 0, 0.4126129637995905389909234278, 629.8002, -1642.728, -6.594189, 0.004862703, 0.07868536, 40.70281, 1.187578, 0.743877, 0.7735416
 
19.27035, -0.0332756, -0.1073365, 5, 0, 0.4157187045832981923352376582, 627.1462, -1642.728, -6.594189, 0.004862703, 0.07868536, 40.61787, 1.187503, 0.743877, 0.7735416
 
19.28035, -0.03338444, -0.1076692, 5, 0, 0.4188486170640687726483166037, 624.5012, -1642.728, -6.594189, 0.004862703, 0.07868536, 40.53303, 1.187427, 0.743877, 0.7735416
 
19.29035, -0.03348796, -0.1080031, 5, 0, 0.4220022178079657912723393567, 621.8636, -1642.728, -6.594189, 0.004862703, 0.07868536, 40.44825, 1.18735, 0.743877, 0.7735416
 
19.30035, -0.03360081, -0.108338, 5, 0, 0.4251870806134016970508363261, 619.2347, -1642.728, -6.594189, 0.004862703, 0.07868536, 40.36356, 1.187273, 0.743877, 0.7735416
 
19.31035, -0.03371055, -0.108674, 5, 0, 0.4283967596944905719075479370, 616.6143, -1642.728, -6.594189, 0.004862703, 0.07868536, 40.27896, 1.187195, 0.743877, 0.7735416
 
19.32035, -0.0338162, -0.1090111, 5, 0, 0.4316312550512372501818874194, 614.0015, -1642.728, -6.594189, 0.004862703, 0.07868536, 40.19442, 1.187117, 0.743877, 0.7735416
 
19.33035, -0.03392795, -0.1093492, 5, 0, 0.4348958844569898390575459776, 611.3974, -1642.728, -6.594189, 0.004862703, 0.07868536, 40.10997, 1.187037, 0.743877, 0.7735416
 
19.34035, -0.03403746, -0.1096885, 5, 0, 0.4381866192955770926767901068, 608.8017, -1642.728, -6.594189, 0.004862703, 0.07868536, 40.02562, 1.186958, 0.743877, 0.7735416
 
19.35035, -0.03414208, -0.1100289, 5, 0, 0.4415020092651702077085041652, 606.2139, -1642.728, -6.594189, 0.004862703, 0.07868536, 39.94133, 1.186877, 0.743877, 0.7735416
 
19.36035, -0.03425631, -0.1103703, 5, 0, 0.4448509173213617172151184142, 603.6342, -1642.728, -6.594189, 0.004862703, 0.07868536, 39.85713, 1.186797, 0.743877, 0.7735416
 
19.37035, -0.03436637, -0.1107129, 5, 0, 0.4482251250871507416901235954, 601.0632, -1642.728, -6.594189, 0.004862703, 0.07868536, 39.77303, 1.186715, 0.743877, 0.7735416
 
19.38035, -0.03447361, -0.1110565, 5, 0, 0.4516262440090035234515536034, 598.5001, -1642.728, -6.594189, 0.004862703, 0.07868536, 39.68899, 1.186633, 0.743877, 0.7735416
 
19.39035, -0.03458742, -0.1114013, 5, 0, 0.4550595918602778383619261024, 595.9451, -1642.728, -6.594189, 0.004862703, 0.07868536, 39.60505, 1.18655, 0.743877, 0.7735416
 
19.40035, -0.03469821, -0.1117471, 5, 0, 0.4585198508676223563446077348, 593.3986, -1642.728, -6.594189, 0.004862703, 0.07868536, 39.52119, 1.186466, 0.743877, 0.7735416
 
19.41035, -0.03480637, -0.1120941, 5, 0, 0.4620071821756777392794589065, 590.8608, -1642.728, -6.594189, 0.004862703, 0.07868536, 39.43744, 1.186382, 0.743877, 0.7735416
 
19.42035, -0.03491061, -0.1124422, 5, 0, 0.4655217469290975406181086364, 588.3304, -1642.728, -6.594189, 0.004862703, 0.07868536, 39.35374, 1.186298, 0.743877, 0.7735416
 
19.43035, -0.03502236, -0.1127913, 5, 0, 0.4690699909137596212044611161, 585.8088, -1642.728, -6.594189, 0.004862703, 0.07868536, 39.27015, 1.186212, 0.743877, 0.7735416
 
19.44035, -0.03513076, -0.1131415, 5, 0, 0.4726457906330819469725726558, 583.2953, -1642.728, -6.594189, 0.004862703, 0.07868536, 39.18665, 1.186126, 0.743877, 0.7735416
 
19.45035, -0.03523515, -0.1134928, 5, 0, 0.4762496295209961722408509327, 580.7894, -1642.728, -6.594189, 0.004862703, 0.07868536, 39.10322, 1.186039, 0.743877, 0.7735416
 
19.46035, -0.03534928, -0.1138452, 5, 0, 0.4798892425205715221973975280, 578.2921, -1642.728, -6.594189, 0.004862703, 0.07868536, 39.01989, 1.185951, 0.743877, 0.7735416
 
19.47035, -0.03545948, -0.1141987, 5, 0, 0.4835565723994445563226214357, 575.8033, -1642.728, -6.594189, 0.004862703, 0.07868536, 38.93665, 1.185863, 0.743877, 0.7735416
 
19.48035, -0.03556493, -0.1145533, 5, 0, 0.4872525860255059778433463138, 573.3217, -1642.728, -6.594189, 0.004862703, 0.07868536, 38.85348, 1.185775, 0.743877, 0.7735416
 
19.49035, -0.03567832, -0.1149089, 5, 0, 0.4909840514739310858279079321, 570.8488, -1642.728, -6.594189, 0.004862703, 0.07868536, 38.7704, 1.185685, 0.743877, 0.7735416
 
19.50035, -0.03578947, -0.1152657, 5, 0, 0.4947454898267198310874571437, 568.3844, -1642.728, -6.594189, 0.004862703, 0.07868536, 38.68743, 1.185595, 0.743877, 0.7735416
 
19.51035, -0.03589517, -0.1156236, 5, 0, 0.4985354507820450217373493833, 565.9272, -1642.728, -6.594189, 0.004862703, 0.07868536, 38.60453, 1.185504, 0.743877, 0.7735416
 
19.52035, -0.03600879, -0.1159825, 5, 0, 0.5023619915722652639577624269, 563.4787, -1642.728, -6.594189, 0.004862703, 0.07868536, 38.52172, 1.185412, 0.743877, 0.7735416
 
19.53035, -0.03611866, -0.1163426, 5, 0, 0.5062183441221972014480051215, 561.0384, -1642.728, -6.594189, 0.004862703, 0.07868536, 38.43901, 1.18532, 0.743877, 0.7735416
 
19.54035, -0.03622755, -0.1167038, 5, 0, 0.5101059587336680260927220325, 558.6066, -1642.728, -6.594189, 0.004862703, 0.07868536, 38.35641, 1.185226, 0.743877, 0.7735416
 
19.55035, -0.03633383, -0.1170661, 5, 0, 0.5140249965513264570041289489, 556.1823, -1642.728, -6.594189, 0.004862703, 0.07868536, 38.27388, 1.185133, 0.743877, 0.7735416
 
19.56035, -0.0364461, -0.1174294, 5, 0, 0.5179806142038799394860566693, 553.7664, -1642.728, -6.594189, 0.004862703, 0.07868536, 38.19144, 1.185038, 0.743877, 0.7735416
 
19.57035, -0.03655506, -0.1177939, 5, 0, 0.5219674939179706976759875295, 551.3586, -1642.728, -6.594189, 0.004862703, 0.07868536, 38.10911, 1.184943, 0.743877, 0.7735416
 
19.58035, -0.03666062, -0.1181594, 5, 0, 0.5259856356936003430203926060, 548.9585, -1642.728, -6.594189, 0.004862703, 0.07868536, 38.02685, 1.184847, 0.743877, 0.7735416
 
19.59035, -0.03677357, -0.118526, 5, 0, 0.5300424521845358281435286718, 546.5667, -1642.728, -6.594189, 0.004862703, 0.07868536, 37.94469, 1.18475, 0.743877, 0.7735416
 
19.60035, -0.03688462, -0.1188938, 5, 0, 0.5341318198941854503006255770, 544.1833, -1642.728, -6.594189, 0.004862703, 0.07868536, 37.86263, 1.184652, 0.743877, 0.7735416
 
19.61035, -0.03699126, -0.1192626, 5, 0, 0.5382529330993185055023729892, 541.8077, -1642.728, -6.594189, 0.004862703, 0.07868536, 37.78066, 1.184554, 0.743877, 0.7735416
 
19.62035, -0.03710253, -0.1196325, 5, 0, 0.5424119152965202507076567518, 539.4399, -1642.728, -6.594189, 0.004862703, 0.07868536, 37.69878, 1.184455, 0.743877, 0.7735416
 
19.63035, -0.03721465, -0.1200036, 5, 0, 0.5466066716053798977082666794, 537.0801, -1642.728, -6.594189, 0.004862703, 0.07868536, 37.61699, 1.184355, 0.743877, 0.7735416
 
19.64035, -0.03732684, -0.1203757, 5, 0, 0.5508367185919545120604975582, 534.7288, -1642.728, -6.594189, 0.004862703, 0.07868536, 37.53531, 1.184254, 0.743877, 0.7735416
 
19.65035, -0.0374366, -0.120749, 5, 0, 0.5551007670990720667778049184, 532.3853, -1642.728, -6.594189, 0.004862703, 0.07868536, 37.45371, 1.184153, 0.743877, 0.7735416
 
19.66035, -0.03754835, -0.1211234, 5, 0, 0.5594018788750227731699250666, 530.05, -1642.728, -6.594189, 0.004862703, 0.07868536, 37.37222, 1.184051, 0.743877, 0.7735416
 
19.67035, -0.0376578, -0.1214988, 5, 0, 0.5637381201840413392479214535, 527.7226, -1642.728, -6.594189, 0.004862703, 0.07868536, 37.29081, 1.183947, 0.743877, 0.7735416
 
19.68036, -0.03776858, -0.1218754, 5, 0, 0.5681117470511921066716332834, 525.4031, -1642.728, -6.594189, 0.004862703, 0.07868536, 37.20951, 1.183844, 0.743877, 0.7735416
 
19.69036, -0.0378789, -0.1222531, 5, 0, 0.5725219537532347027729237640, 523.0917, -1642.728, -6.594189, 0.004862703, 0.07868536, 37.1283, 1.183739, 0.743877, 0.7735416
 
19.70036, -0.03798925, -0.1226319, 5, 0, 0.5769692237241120619954981094, 520.7884, -1642.728, -6.594189, 0.004862703, 0.07868536, 37.0472, 1.183634, 0.743877, 0.7735416
 
19.71036, -0.03809737, -0.1230118, 5, 0, 0.5814524289512928192326722557, 518.493, -1642.728, -6.594189, 0.004862703, 0.07868536, 36.96619, 1.183527, 0.743877, 0.7735416
 
19.72036, -0.03820851, -0.1233927, 5, 0, 0.5859759203402537157989666691, 516.2056, -1642.728, -6.594189, 0.004862703, 0.07868536, 36.88528, 1.18342, 0.743877, 0.7735416
 
19.73036, -0.03832035, -0.1237748, 5, 0, 0.5905376030105791291467579345, 513.9263, -1642.728, -6.594189, 0.004862703, 0.07868536, 36.80447, 1.183312, 0.743877, 0.7735416
 
19.74036, -0.03843153, -0.124158, 5, 0, 0.5951374769622642249366328218, 511.6549, -1642.728, -6.594189, 0.004862703, 0.07868536, 36.72376, 1.183204, 0.743877, 0.7735416
 
19.75036, -0.03854023, -0.1245424, 5, 0, 0.5997745753274360258529495164, 509.3915, -1642.728, -6.594189, 0.004862703, 0.07868536, 36.64315, 1.183094, 0.743877, 0.7735416
 
19.76036, -0.03864979, -0.1249278, 5, 0, 0.6044514764204418087617391107, 507.1361, -1642.728, -6.594189, 0.004862703, 0.07868536, 36.56264, 1.182984, 0.743877, 0.7735416
 
19.77036, -0.03875958, -0.1253143, 5, 0, 0.6091678579519889697779832567, 504.8885, -1642.728, -6.594189, 0.004862703, 0.07868536, 36.48223, 1.182872, 0.743877, 0.7735416
 
19.78036, -0.03887062, -0.1257018, 5, 0, 0.6139250090792543702276396539, 502.649, -1642.728, -6.594189, 0.004862703, 0.07868536, 36.40193, 1.18276, 0.743877, 0.7735416
 
19.79036, -0.03897949, -0.1260906, 5, 0, 0.6187206737771785027902823279, 500.4175, -1642.728, -6.594189, 0.004862703, 0.07868536, 36.32172, 1.182647, 0.743877, 0.7735416
 
19.80036, -0.03908888, -0.1264804, 5, 0, 0.6235572692154695938985530423, 498.1938, -1642.728, -6.594189, 0.004862703, 0.07868536, 36.24162, 1.182533, 0.743877, 0.7735416
 
19.81036, -0.03919784, -0.1268712, 5, 0, 0.6284344731048302053280202188, 495.9781, -1642.728, -6.594189, 0.004862703, 0.07868536, 36.16162, 1.182418, 0.743877, 0.7735416
 
19.82036, -0.03930778, -0.1272632, 5, 0, 0.6333534134577917021853679212, 493.7704, -1642.728, -6.594189, 0.004862703, 0.07868536, 36.08173, 1.182303, 0.743877, 0.7735416
 
19.83036, -0.03941769, -0.1276563, 5, 0, 0.6383139291297053653583803605, 491.5706, -1642.728, -6.594189, 0.004862703, 0.07868536, 36.00195, 1.182186, 0.743877, 0.7735416
 
19.84036, -0.03952715, -0.1280505, 5, 0, 0.6433160201205744177399996900, 489.3786, -1642.728, -6.594189, 0.004862703, 0.07868536, 35.92226, 1.182069, 0.743877, 0.7735416
 
19.85036, -0.03963559, -0.1284457, 5, 0, 0.6483593641411030325522654080, 487.1947, -1642.728, -6.594189, 0.004862703, 0.07868536, 35.84268, 1.181951, 0.743877, 0.7735416
 
19.86036, -0.03974559, -0.1288421, 5, 0, 0.6534465395056465438935639906, 485.0186, -1642.728, -6.594189, 0.004862703, 0.07868536, 35.76321, 1.181831, 0.743877, 0.7735416
 
19.87036, -0.03985298, -0.1292396, 5, 0, 0.6585749678998480062190378851, 482.8503, -1642.728, -6.594189, 0.004862703, 0.07868536, 35.68385, 1.181711, 0.743877, 0.7735416
 
19.88036, -0.03996166, -0.1296381, 5, 0, 0.6637475499273553575120919158, 480.6899, -1642.728, -6.594189, 0.004862703, 0.07868536, 35.60459, 1.18159, 0.743877, 0.7735416
 
19.89036, -0.04007108, -0.1300377, 5, 0, 0.6689641244435263244463946001, 478.5375, -1642.728, -6.594189, 0.004862703, 0.07868536, 35.52544, 1.181468, 0.743877, 0.7735416
 
19.90036, -0.04017999, -0.1304384, 5, 0, 0.6742246914483544612360616314, 476.393, -1642.728, -6.594189, 0.004862703, 0.07868536, 35.4464, 1.181345, 0.743877, 0.7735416
 
19.91036, -0.04028747, -0.1308402, 5, 0, 0.6795279617846693523410196168, 474.2565, -1642.728, -6.594189, 0.004862703, 0.07868536, 35.36747, 1.181221, 0.743877, 0.7735416
 
19.92036, -0.04039628, -0.1312431, 5, 0, 0.6848771583454050938438074219, 472.1279, -1642.728, -6.594189, 0.004862703, 0.07868536, 35.28865, 1.181097, 0.743877, 0.7735416
 
19.93036, -0.04050377, -0.131647, 5, 0, 0.6902708308287473854315490948, 470.0069, -1642.728, -6.594189, 0.004862703, 0.07868536, 35.20993, 1.180971, 0.743877, 0.7735416
 
19.94036, -0.04061087, -0.1320521, 5, 0, 0.6957094626686311043155944660, 467.8937, -1642.728, -6.594189, 0.004862703, 0.07868536, 35.13133, 1.180844, 0.743877, 0.7735416
 
19.95036, -0.04071826, -0.1324582, 5, 0, 0.7011940207329405079368828871, 465.7887, -1642.728, -6.594189, 0.004862703, 0.07868536, 35.05285, 1.180717, 0.743877, 0.7735416
 
19.96036, -0.04082654, -0.1328654, 5, 0, 0.7067257941788524576213720576, 463.6913, -1642.728, -6.594189, 0.004862703, 0.07868536, 34.97447, 1.180588, 0.743877, 0.7735416
 
19.97036, -0.04093404, -0.1332736, 5, 0, 0.7123033327045429843773595654, 461.6019, -1642.728, -6.594189, 0.004862703, 0.07868536, 34.8962, 1.180458, 0.743877, 0.7735416
 
19.98036, -0.04104041, -0.133683, 5, 0, 0.7179274420332476265335689729, 459.5201, -1642.728, -6.594189, 0.004862703, 0.07868536, 34.81805, 1.180328, 0.743877, 0.7735416
 
19.99036, -0.04114684, -0.1340934, 5, 0, 0.7235986055989077070872344174, 457.4462, -1642.728, -6.594189, 0.004862703, 0.07868536, 34.74001, 1.180196, 0.743877, 0.7735416
 
20.00036, -0.04125323, -0.1345048, 5, 0, 0.7293174679801116567013347486, 455.3803, -1642.728, -6.594189, 0.004862703, 0.07868536, 34.66208, 1.180064, 0.743877, 0.7735416
 
20.01036, -0.04135902, -0.1349174, 5, 0, 0.7350843514661520792608883150, 453.3219, -1642.728, -6.594189, 0.004862703, 0.07868536, 34.58427, 1.17993, 0.743877, 0.7735416
 
20.02036, -0.04146539, -0.135331, 5, 0, 0.7409002229249164550997766211, 451.2715, -1642.728, -6.594189, 0.004862703, 0.07868536, 34.50657, 1.179796, 0.743877, 0.7735416
 
20.03036, -0.04157056, -0.1357456, 5, 0, 0.7467636320545759808868840249, 449.2291, -1642.728, -6.594189, 0.004862703, 0.07868536, 34.42899, 1.17966, 0.743877, 0.7735416
 
20.04036, -0.04167696, -0.1361613, 5, 0, 0.7526776406034273137178311397, 447.1941, -1642.728, -6.594189, 0.004862703, 0.07868536, 34.35153, 1.179524, 0.743877, 0.7735416
 
20.05036, -0.04178277, -0.1365781, 5, 0, 0.7586406371249993769351708410, 445.1673, -1642.728, -6.594189, 0.004862703, 0.07868536, 34.27419, 1.179386, 0.743877, 0.7735416
 
20.06036, -0.04188779, -0.1369959, 5, 0, 0.7646537496318219241991161159, 443.1479, -1642.728, -6.594189, 0.004862703, 0.07868536, 34.19695, 1.179247, 0.743877, 0.7735416
 
20.07036, -0.04199344, -0.1374148, 5, 0, 0.7707176227024833861726458143, 441.1364, -1642.728, -6.594189, 0.004862703, 0.07868536, 34.11985, 1.179108, 0.743877, 0.7735416
 
20.08036, -0.04209753, -0.1378347, 5, 0, 0.7768311283244556206420180256, 439.1327, -1642.728, -6.594189, 0.004862703, 0.07868536, 34.04285, 1.178967, 0.743877, 0.7735416
 
20.09036, -0.04220261, -0.1382557, 5, 0, 0.7829966836674420197004612833, 437.137, -1642.728, -6.594189, 0.004862703, 0.07868536, 33.96598, 1.178825, 0.743877, 0.7735416
 
20.10036, -0.04230684, -0.1386777, 5, 0, 0.7892138052975012603507414502, 435.1487, -1642.728, -6.594189, 0.004862703, 0.07868536, 33.88924, 1.178683, 0.743877, 0.7735416
 
20.11036, -0.04241031, -0.1391008, 5, 0, 0.7954821709253423501543112545, 433.1684, -1642.728, -6.594189, 0.004862703, 0.07868536, 33.81261, 1.178539, 0.743877, 0.7735416
 
20.12037, -0.04251239, -0.1395249, 5, 0, 0.8018019416956091738839732555, 431.1957, -1642.728, -6.594189, 0.004862703, 0.07868536, 33.7361, 1.178394, 0.743877, 0.7735416
 
20.13037, -0.04261678, -0.1399501, 5, 0, 0.8081766627905413230790532804, 429.2308, -1642.728, -6.594189, 0.004862703, 0.07868536, 33.65971, 1.178248, 0.743877, 0.7735416
 
20.14037, -0.04272065, -0.1403762, 5, 0, 0.8146045616190222248628305690, 427.2736, -1642.728, -6.594189, 0.004862703, 0.07868536, 33.58345, 1.178101, 0.743877, 0.7735416
 
20.15037, -0.04282428, -0.1408034, 5, 0, 0.8210861216149851450001838752, 425.3242, -1642.728, -6.594189, 0.004862703, 0.07868536, 33.50731, 1.177953, 0.743877, 0.7735416
 
20.16037, -0.04292698, -0.1412317, 5, 0, 0.8276211816337878101647817167, 423.3825, -1642.728, -6.594189, 0.004862703, 0.07868536, 33.43129, 1.177804, 0.743877, 0.7735416
 
20.17037, -0.04302856, -0.1416609, 5, 0, 0.8342102251093747662468003840, 421.4484, -1642.728, -6.594189, 0.004862703, 0.07868536, 33.3554, 1.177653, 0.743877, 0.7735416
 
20.18037, -0.04313057, -0.1420912, 5, 0, 0.8408542189096238249012949220, 419.5222, -1642.728, -6.594189, 0.004862703, 0.07868536, 33.27964, 1.177502, 0.743877, 0.7735416
 
20.19037, -0.0432326, -0.1425225, 5, 0, 0.8475541299024208550156757586, 417.6036, -1642.728, -6.594189, 0.004862703, 0.07868536, 33.204, 1.177349, 0.743877, 0.7735416
 
20.20037, -0.04333331, -0.1429549, 5, 0, 0.8543091523645270953682771784, 415.6927, -1642.728, -6.594189, 0.004862703, 0.07868536, 33.12849, 1.177196, 0.743877, 0.7735416
 
20.21037, -0.04343602, -0.1433882, 5, 0, 0.8611221868995904839425040055, 413.7894, -1642.728, -6.594189, 0.004862703, 0.07868536, 33.0531, 1.177041, 0.743877, 0.7735416
 
20.22037, -0.04353705, -0.1438225, 5, 0, 0.8679906551932605209793829939, 411.8939, -1642.728, -6.594189, 0.004862703, 0.07868536, 32.97785, 1.176885, 0.743877, 0.7735416
 
20.23037, -0.04363779, -0.1442579, 5, 0, 0.8749161686920066716898901916, 410.0061, -1642.728, -6.594189, 0.004862703, 0.07868536, 32.90273, 1.176728, 0.743877, 0.7735416
 
20.24037, -0.04373787, -0.1446943, 5, 0, 0.8818990496851215399590439467, 408.126, -1642.728, -6.594189, 0.004862703, 0.07868536, 32.82773, 1.17657, 0.743877, 0.7735416
 
20.25037, -0.04383779, -0.1451317, 5, 0, 0.8889399427511967793427652624, 406.2536, -1642.728, -6.594189, 0.004862703, 0.07868536, 32.75286, 1.17641, 0.743877, 0.7735416
 
20.26037, -0.04393503, -0.14557, 5, 0, 0.8960370752991158169643333784, 404.3887, -1642.728, -6.594189, 0.004862703, 0.07868536, 32.67813, 1.17625, 0.743877, 0.7735416
 
20.27037, -0.04403601, -0.1460094, 5, 0, 0.9031965708254590754432209081, 402.5316, -1642.728, -6.594189, 0.004862703, 0.07868536, 32.60353, 1.176088, 0.743877, 0.7735416
 
20.28037, -0.04413591, -0.1464497, 5, 0, 0.9104145618587056394803812123, 400.6823, -1642.728, -6.594189, 0.004862703, 0.07868536, 32.52906, 1.175926, 0.743877, 0.7735416
 
20.29037, -0.04423293, -0.1468911, 5, 0, 0.9176905649649125746321090772, 398.8403, -1642.728, -6.594189, 0.004862703, 0.07868536, 32.45472, 1.175762, 0.743877, 0.7735416
 
20.30037, -0.04433092, -0.1473334, 5, 0, 0.9250274807477262074353382503, 397.006, -1642.728, -6.594189, 0.004862703, 0.07868536, 32.38052, 1.175597, 0.743877, 0.7735416
 
20.31037, -0.04442722, -0.1477767, 5, 0, 0.9324236977606722383396794536, 395.1796, -1642.728, -6.594189, 0.004862703, 0.07868536, 32.30645, 1.17543, 0.743877, 0.7735416
 
20.32037, -0.04452277, -0.148221, 5, 0, 0.9398805051609339744569746935, 393.3606, -1642.728, -6.594189, 0.004862703, 0.07868536, 32.23252, 1.175263, 0.743877, 0.7735416
 
20.33037, -0.04461934, -0.1486662, 5, 0, 0.9474003201182131964339814268, 391.5492, -1642.728, -6.594189, 0.004862703, 0.07868536, 32.15873, 1.175094, 0.743877, 0.7735416
 
20.34037, -0.04471637, -0.1491124, 5, 0, 0.9549829814878644080514260178, 389.7454, -1642.728, -6.594189, 0.004862703, 0.07868536, 32.08507, 1.174924, 0.743877, 0.7735416
 
20.35037, -0.04481338, -0.1495596, 5, 0, 0.9626280058359446748656032523, 387.9493, -1642.728, -6.594189, 0.004862703, 0.07868536, 32.01154, 1.174753, 0.743877, 0.7735416
 
20.36037, -0.04490741, -0.1500078, 5, 0, 0.9703336205713390354462634468, 386.1608, -1642.728, -6.594189, 0.004862703, 0.07868536, 31.93816, 1.174581, 0.743877, 0.7735416
 
20.37037, -0.04500218, -0.1504568, 5, 0, 0.9781040154548722891027691250, 384.3799, -1642.728, -6.594189, 0.004862703, 0.07868536, 31.86492, 1.174407, 0.743877, 0.7735416
 
20.38037, -0.04509726, -0.1509068, 5, 0, 0.9859379013293643516162204340, 382.6066, -1642.728, -6.594189, 0.004862703, 0.07868536, 31.79181, 1.174233, 0.743877, 0.7735416
 
20.39037, -0.04519221, -0.1513578, 5, 0, 0.9938368896412862996440644983, 380.8409, -1642.728, -6.594189, 0.004862703, 0.07868536, 31.71885, 1.174057, 0.743877, 0.7735416
 
20.40037, -0.04528594, -0.1518097, 5, 0, 1.0017996912334628833068146950, 379.0827, -1642.728, -6.594189, 0.004862703, 0.07868536, 31.64603, 1.17388, 0.743877, 0.7735416
 
20.41037, -0.04538037, -0.1522626, 5, 0, 1.0098290455648981558150732891, 377.3321, -1642.728, -6.594189, 0.004862703, 0.07868536, 31.57335, 1.173701, 0.743877, 0.7735416
 
20.42037, -0.0454731, -0.1527164, 5, 0, 1.0179226966105277755090010762, 375.5891, -1642.728, -6.594189, 0.004862703, 0.07868536, 31.50082, 1.173522, 0.743877, 0.7735416
 
20.43037, -0.04556465, -0.1531711, 5, 0, 1.0260812889489433959445190596, 373.8536, -1642.728, -6.594189, 0.004862703, 0.07868536, 31.42843, 1.173341, 0.743877, 0.7735416
 
20.44037, -0.04565628, -0.1536268, 5, 0, 1.0343072397498467977683846960, 372.1257, -1642.728, -6.594189, 0.004862703, 0.07868536, 31.35618, 1.173159, 0.743877, 0.7735416
 
20.45037, -0.04574703, -0.1540833, 5, 0, 1.0425995821453617807720140174, 370.4054, -1642.728, -6.594189, 0.004862703, 0.07868536, 31.28408, 1.172975, 0.743877, 0.7735416
 
20.46037, -0.04583758, -0.1545408, 5, 0, 1.0509596052926587604954804167, 368.6926, -1642.728, -6.594189, 0.004862703, 0.07868536, 31.21213, 1.172791, 0.743877, 0.7735416
 
20.47037, -0.04592869, -0.1549992, 5, 0, 1.0593881149149781096069206863, 366.9874, -1642.728, -6.594189, 0.004862703, 0.07868536, 31.14032, 1.172605, 0.743877, 0.7735416
 
20.48037, -0.04601813, -0.1554585, 5, 0, 1.0678847887230223898819032479, 365.2896, -1642.728, -6.594189, 0.004862703, 0.07868536, 31.06866, 1.172418, 0.743877, 0.7735416
 
20.49037, -0.04610769, -0.1559186, 5, 0, 1.0764504324400319739885648937, 363.5994, -1642.728, -6.594189, 0.004862703, 0.07868536, 30.99716, 1.172229, 0.743877, 0.7735416
 
20.50037, -0.04619745, -0.1563797, 5, 0, 1.0850853683552962429189818187, 361.9169, -1642.728, -6.594189, 0.004862703, 0.07868536, 30.9258, 1.172039, 0.743877, 0.7735416
 
20.51037, -0.046285, -0.1568417, 5, 0, 1.0937895964688168081196250995, 360.2416, -1642.728, -6.594189, 0.004862703, 0.07868536, 30.85459, 1.171848, 0.743877, 0.7735416
 
20.52037, -0.04637339, -0.1573045, 5, 0, 1.1025647282270647462479418608, 358.5741, -1642.728, -6.594189, 0.004862703, 0.07868536, 30.78354, 1.171656, 0.743877, 0.7735416
 
20.53037, -0.04646112, -0.1577683, 5, 0, 1.1114102801960987343066979650, 356.914, -1642.728, -6.594189, 0.004862703, 0.07868536, 30.71263, 1.171462, 0.743877, 0.7735416
 
20.54037, -0.04654765, -0.1582329, 5, 0, 1.1203268969545072029588722622, 355.2613, -1642.728, -6.594189, 0.004862703, 0.07868536, 30.64188, 1.171268, 0.743877, 0.7735416
 
20.55037, -0.04663351, -0.1586984, 5, 0, 1.1293145785022901522044647521, 353.6162, -1642.728, -6.594189, 0.004862703, 0.07868536, 30.57129, 1.171071, 0.743877, 0.7735416
 
20.56038, -0.04671986, -0.1591647, 5, 0, 1.1383755808645070893639014093, 351.9786, -1642.728, -6.594189, 0.004862703, 0.07868536, 30.50085, 1.170874, 0.743877, 0.7735416
 
20.57038, -0.0468052, -0.1596319, 5, 0, 1.1475087760286282607769692465, 350.3484, -1642.728, -6.594189, 0.004862703, 0.07868536, 30.43056, 1.170675, 0.743877, 0.7735416
 
20.58038, -0.04689164, -0.1600999, 5, 0, 1.1567165811643618928763100273, 348.7258, -1642.728, -6.594189, 0.004862703, 0.07868536, 30.36043, 1.170475, 0.743877, 0.7735416
 
20.59038, -0.04697644, -0.1605688, 5, 0, 1.1659970625359394707800450488, 347.1105, -1642.728, -6.594189, 0.004862703, 0.07868536, 30.29046, 1.170273, 0.743877, 0.7735416
 
20.60038, -0.04706046, -0.1610386, 5, 0, 1.1753516704451833520334056465, 345.5027, -1642.728, -6.594189, 0.004862703, 0.07868536, 30.22065, 1.17007, 0.743877, 0.7735416
 
20.61038, -0.04714471, -0.1615092, 5, 0, 1.1847812106153371321974707660, 343.9025, -1642.728, -6.594189, 0.004862703, 0.07868536, 30.151, 1.169866, 0.743877, 0.7735416
 
20.62038, -0.04722891, -0.1619807, 5, 0, 1.1942860053356885808178455255, 342.3098, -1642.728, -6.594189, 0.004862703, 0.07868536, 30.08151, 1.169661, 0.743877, 0.7735416
 
20.63038, -0.04731171, -0.162453, 5, 0, 1.2038660546062393093410010016, 340.7244, -1642.728, -6.594189, 0.004862703, 0.07868536, 30.01218, 1.169454, 0.743877, 0.7735416
 
20.64038, -0.04739389, -0.1629261, 5, 0, 1.2135221641502248560956607568, 339.1465, -1642.728, -6.594189, 0.004862703, 0.07868536, 29.94301, 1.169246, 0.743877, 0.7735416
 
20.65038, -0.04747644, -0.1634, 5, 0, 1.2232554619801733632955667014, 337.576, -1642.728, -6.594189, 0.004862703, 0.07868536, 29.874, 1.169036, 0.743877, 0.7735416
 
20.66038, -0.04755668, -0.1638748, 5, 0, 1.2330641755049714809569402286, 336.0128, -1642.728, -6.594189, 0.004862703, 0.07868536, 29.80516, 1.168825, 0.743877, 0.7735416
 
20.67038, -0.04763647, -0.1643503, 5, 0, 1.2429497550264383437320705203, 334.4572, -1642.728, -6.594189, 0.004862703, 0.07868536, 29.73649, 1.168613, 0.743877, 0.7735416
 
20.68038, -0.04771767, -0.1648267, 5, 0, 1.2529154234375161049358518257, 332.9091, -1642.728, -6.594189, 0.004862703, 0.07868536, 29.66798, 1.1684, 0.743877, 0.7735416
 
20.69038, -0.04779763, -0.1653039, 5, 0, 1.2629594081470914145845055377, 331.3682, -1642.728, -6.594189, 0.004862703, 0.07868536, 29.59964, 1.168185, 0.743877, 0.7735416
 
20.70038, -0.04787757, -0.1657819, 5, 0, 1.2730821925891007613358525638, 329.8348, -1642.728, -6.594189, 0.004862703, 0.07868536, 29.53146, 1.167968, 0.743877, 0.7735416
 
20.71038, -0.04795676, -0.1662606, 5, 0, 1.2832844213421341872993428305, 328.3088, -1642.728, -6.594189, 0.004862703, 0.07868536, 29.46346, 1.167751, 0.743877, 0.7735416
 
20.72038, -0.04803416, -0.1667402, 5, 0, 1.2935657721168990885899579894, 326.7901, -1642.728, -6.594189, 0.004862703, 0.07868536, 29.39562, 1.167532, 0.743877, 0.7735416
 
20.73038, -0.04811059, -0.1672205, 5, 0, 1.3039262449133906308682848107, 325.2789, -1642.728, -6.594189, 0.004862703, 0.07868536, 29.32795, 1.167311, 0.743877, 0.7735416
 
20.74038, -0.04818805, -0.1677016, 5, 0, 1.3143689014799070826764149842, 323.7751, -1642.728, -6.594189, 0.004862703, 0.07868536, 29.26046, 1.167089, 0.743877, 0.7735416
 
20.75038, -0.04826402, -0.1681835, 5, 0, 1.3248921303699805902498435387, 322.2786, -1642.728, -6.594189, 0.004862703, 0.07868536, 29.19313, 1.166866, 0.743877, 0.7735416
 
20.76038, -0.04834015, -0.1686661, 5, 0, 1.3354980264640187189038385063, 320.7894, -1642.728, -6.594189, 0.004862703, 0.07868536, 29.12599, 1.166642, 0.743877, 0.7735416
 
20.77038, -0.04841546, -0.1691495, 5, 0, 1.3461853006048446073124421872, 319.3077, -1642.728, -6.594189, 0.004862703, 0.07868536, 29.05902, 1.166416, 0.743877, 0.7735416
 
20.78038, -0.04849009, -0.1696337, 5, 0, 1.3569555642389341664725149359, 317.8333, -1642.728, -6.594189, 0.004862703, 0.07868536, 28.99222, 1.166188, 0.743877, 0.7735416
 
20.79038, -0.04856423, -0.1701186, 5, 0, 1.3678083339323412390474093852, 316.3664, -1642.728, -6.594189, 0.004862703, 0.07868536, 28.9256, 1.16596, 0.743877, 0.7735416
 
20.80038, -0.04863779, -0.1706042, 5, 0, 1.3787450599868914054752990238, 314.9066, -1642.728, -6.594189, 0.004862703, 0.07868536, 28.85915, 1.16573, 0.743877, 0.7735416
 
20.81038, -0.04871154, -0.1710906, 5, 0, 1.3897663869811730964191627015, 313.4544, -1642.728, -6.594189, 0.004862703, 0.07868536, 28.79289, 1.165498, 0.743877, 0.7735416
 
20.82038, -0.04878475, -0.1715777, 5, 0, 1.4008724760598350309912162073, 312.0093, -1642.728, -6.594189, 0.004862703, 0.07868536, 28.7268, 1.165265, 0.743877, 0.7735416
 
20.83038, -0.04885622, -0.1720656, 5, 0, 1.4120625214996384479697938259, 310.5717, -1642.728, -6.594189, 0.004862703, 0.07868536, 28.6609, 1.165031, 0.743877, 0.7735416
 
20.84038, -0.04892834, -0.1725542, 5, 0, 1.4233386181809941355631057423, 309.1413, -1642.728, -6.594189, 0.004862703, 0.07868536, 28.59518, 1.164796, 0.743877, 0.7735416
 
20.85038, -0.04899947, -0.1730434, 5, 0, 1.4347009272485572586692520524, 307.7182, -1642.728, -6.594189, 0.004862703, 0.07868536, 28.52964, 1.164558, 0.743877, 0.7735416
 
20.86038, -0.04907032, -0.1735334, 5, 0, 1.4461489652683800485051143120, 306.3025, -1642.728, -6.594189, 0.004862703, 0.07868536, 28.46428, 1.16432, 0.743877, 0.7735416
 
20.87038, -0.04914043, -0.1740241, 5, 0, 1.4576841825422880855088660101, 304.894, -1642.728, -6.594189, 0.004862703, 0.07868536, 28.39911, 1.16408, 0.743877, 0.7735416
 
20.88038, -0.04920894, -0.1745155, 5, 0, 1.4693052899131061198010205236, 303.4929, -1642.728, -6.594189, 0.004862703, 0.07868536, 28.33412, 1.163839, 0.743877, 0.7735416
 
20.89038, -0.0492782, -0.1750076, 5, 0, 1.4810155102737714703570588717, 302.099, -1642.728, -6.594189, 0.004862703, 0.07868536, 28.26932, 1.163596, 0.743877, 0.7735416
 
20.90038, -0.04934735, -0.1755004, 5, 0, 1.4928140379010534331876707220, 300.7124, -1642.728, -6.594189, 0.004862703, 0.07868536, 28.20471, 1.163352, 0.743877, 0.7735416
 
20.91038, -0.04941583, -0.1759939, 5, 0, 1.5047010339395975045121297103, 299.3331, -1642.728, -6.594189, 0.004862703, 0.07868536, 28.14028, 1.163107, 0.743877, 0.7735416
 
20.92038, -0.04948361, -0.176488, 5, 0, 1.5166766595340491805497094725, 297.9612, -1642.728, -6.594189, 0.004862703, 0.07868536, 28.07605, 1.16286, 0.743877, 0.7735416
 
20.93038, -0.04955163, -0.1769829, 5, 0, 1.5287433318541215220724650019, 296.5963, -1642.728, -6.594189, 0.004862703, 0.07868536, 28.012, 1.162611, 0.743877, 0.7735416
 
20.94038, -0.04961912, -0.1774784, 5, 0, 1.5408994394533353951905937908, 295.2388, -1642.728, -6.594189, 0.004862703, 0.07868536, 27.94815, 1.162362, 0.743877, 0.7735416
 
20.95038, -0.0496855, -0.1779746, 5, 0, 1.5531456269102808420135457657, 293.8884, -1642.728, -6.594189, 0.004862703, 0.07868536, 27.88449, 1.162111, 0.743877, 0.7735416
 
20.96038, -0.04975114, -0.1784714, 5, 0, 1.5654815719356684815492447315, 292.5454, -1642.728, -6.594189, 0.004862703, 0.07868536, 27.82103, 1.161858, 0.743877, 0.7735416
 
20.97038, -0.04981678, -0.178969, 5, 0, 1.5779093694099058791129587203, 291.2097, -1642.728, -6.594189, 0.004862703, 0.07868536, 27.75776, 1.161604, 0.743877, 0.7735416
 
20.98038, -0.04988188, -0.1794671, 5, 0, 1.5904282136097558849294930931, 289.8812, -1642.728, -6.594189, 0.004862703, 0.07868536, 27.69469, 1.161349, 0.743877, 0.7735416
 
20.99039, -0.04994708, -0.1799659, 5, 0, 1.6030401994156389558858844952, 288.5598, -1642.728, -6.594189, 0.004862703, 0.07868536, 27.63181, 1.161093, 0.743877, 0.7735416
 
21.00039, -0.05001071, -0.1804654, 5, 0, 1.6157441988150188925360356326, 287.2456, -1642.728, -6.594189, 0.004862703, 0.07868536, 27.56913, 1.160834, 0.743877, 0.7735416
 
21.01039, -0.05007408, -0.1809655, 5, 0, 1.6285390837953675526662045949, 285.9388, -1642.728, -6.594189, 0.004862703, 0.07868536, 27.50666, 1.160575, 0.743877, 0.7735416
 
21.02039, -0.05013746, -0.1814663, 5, 0, 1.6414290441175097355857539059, 284.6391, -1642.728, -6.594189, 0.004862703, 0.07868536, 27.44438, 1.160314, 0.743877, 0.7735416
 
21.03039, -0.05019992, -0.1819676, 5, 0, 1.6544108568885032879797893165, 283.3467, -1642.728, -6.594189, 0.004862703, 0.07868536, 27.38231, 1.160052, 0.743877, 0.7735416
 
21.04039, -0.05026311, -0.1824696, 5, 0, 1.6674877450012903631632050759, 282.0615, -1642.728, -6.594189, 0.004862703, 0.07868536, 27.32044, 1.159788, 0.743877, 0.7735416
 
21.05039, -0.05032493, -0.1829723, 5, 0, 1.6806597084558709611360011839, 280.7833, -1642.728, -6.594189, 0.004862703, 0.07868536, 27.25877, 1.159523, 0.743877, 0.7735416
 
21.06039, -0.05038702, -0.1834755, 5, 0, 1.6939267472522450818981776407, 279.5125, -1642.728, -6.594189, 0.004862703, 0.07868536, 27.19731, 1.159257, 0.743877, 0.7735416
 
21.07039, -0.05044912, -0.1839794, 5, 0, 1.7072872499439416487922873216, 278.2488, -1642.728, -6.594189, 0.004862703, 0.07868536, 27.13605, 1.158989, 0.743877, 0.7735416
 
21.08039, -0.0505101, -0.1844839, 5, 0, 1.7207444394239028151332244757, 276.9923, -1642.728, -6.594189, 0.004862703, 0.07868536, 27.07501, 1.15872, 0.743877, 0.7735416
 
21.09039, -0.05057034, -0.184989, 5, 0, 1.7342950927991864276060948541, 275.743, -1642.728, -6.594189, 0.004862703, 0.07868536, 27.01417, 1.158449, 0.743877, 0.7735416
 
21.10039, -0.0506307, -0.1854947, 5, 0, 1.7479440444092057161832398302, 274.5007, -1642.728, -6.594189, 0.004862703, 0.07868536, 26.95354, 1.158177, 0.743877, 0.7735416
 
21.11039, -0.05069155, -0.186001, 5, 0, 1.7616896828074896042072122797, 273.2658, -1642.728, -6.594189, 0.004862703, 0.07868536, 26.89313, 1.157904, 0.743877, 0.7735416
 
21.12039, -0.05075135, -0.1865079, 5, 0, 1.7755303965475670150205650778, 272.0379, -1642.728, -6.594189, 0.004862703, 0.07868536, 26.83292, 1.157629, 0.743877, 0.7735416
 
21.13039, -0.05081085, -0.1870154, 5, 0, 1.7894694085223801019381924738, 270.8173, -1642.728, -6.594189, 0.004862703, 0.07868536, 26.77294, 1.157353, 0.743877, 0.7735416
 
21.14039, -0.05086921, -0.1875235, 5, 0, 1.8035051072854577883026473430, 269.6036, -1642.728, -6.594189, 0.004862703, 0.07868536, 26.71316, 1.157076, 0.743877, 0.7735416
 
21.15039, -0.05092894, -0.1880322, 5, 0, 1.8176391042832711507713768100, 268.3973, -1642.728, -6.594189, 0.004862703, 0.07868536, 26.6536, 1.156797, 0.743877, 0.7735416
 
21.16039, -0.05098798, -0.1885415, 5, 0, 1.8318713995158201893443808749, 267.1979, -1642.728, -6.594189, 0.004862703, 0.07868536, 26.59426, 1.156517, 0.743877, 0.7735416
 
21.17039, -0.05104531, -0.1890514, 5, 0, 1.8462003815366338273642124130, 266.0057, -1642.728, -6.594189, 0.004862703, 0.07868536, 26.53514, 1.156236, 0.743877, 0.7735416
 
21.18039, -0.05110329, -0.1895619, 5, 0, 1.8606292732386542181457656735, 264.8207, -1642.728, -6.594189, 0.004862703, 0.07868536, 26.47624, 1.155953, 0.743877, 0.7735416
 
21.19039, -0.05116239, -0.1900729, 5, 0, 1.8751580746218813616890406564, 263.6428, -1642.728, -6.594189, 0.004862703, 0.07868536, 26.41756, 1.155669, 0.743877, 0.7735416
 
21.20039, -0.05121998, -0.1905845, 5, 0, 1.8897835627933731046791431126, 262.472, -1642.728, -6.594189, 0.004862703, 0.07868536, 26.3591, 1.155383, 0.743877, 0.7735416
 
21.21039, -0.05127698, -0.1910967, 5, 0, 1.9045089606460716004309672911, 261.3082, -1642.728, -6.594189, 0.004862703, 0.07868536, 26.30086, 1.155097, 0.743877, 0.7735416
 
21.22039, -0.0513336, -0.1916095, 5, 0, 1.9193342681799768489445131920, 260.1516, -1642.728, -6.594189, 0.004862703, 0.07868536, 26.24285, 1.154809, 0.743877, 0.7735416
 
21.23039, -0.05139092, -0.1921228, 5, 0, 1.9342594853950888502197808153, 259.002, -1642.728, -6.594189, 0.004862703, 0.07868536, 26.18506, 1.154519, 0.743877, 0.7735416
 
21.24039, -0.05144795, -0.1926367, 5, 0, 1.9492862237378786809142172855, 257.8595, -1642.728, -6.594189, 0.004862703, 0.07868536, 26.1275, 1.154229, 0.743877, 0.7735416
 
21.25039, -0.0515056, -0.1931512, 5, 0, 1.9644128717618752643703754781, 256.7242, -1642.728, -6.594189, 0.004862703, 0.07868536, 26.07018, 1.153937, 0.743877, 0.7735416
 
21.26039, -0.0515614, -0.1936662, 5, 0, 1.9796378180206075239308082685, 255.5959, -1642.728, -6.594189, 0.004862703, 0.07868536, 26.01308, 1.153643, 0.743877, 0.7735416
 
21.27039, -0.05161874, -0.1941819, 5, 0, 1.9949658968534886895678570304, 254.4747, -1642.728, -6.594189, 0.004862703, 0.07868536, 25.95621, 1.153349, 0.743877, 0.7735416
 
21.28039, -0.05167514, -0.1946981, 5, 0, 2.0103938853675766079666275146, 253.3605, -1642.728, -6.594189, 0.004862703, 0.07868536, 25.89957, 1.153053, 0.743877, 0.7735416
 
21.29039, -0.05173197, -0.1952148, 5, 0, 2.0259233950093423557845668458, 252.2534, -1642.728, -6.594189, 0.004862703, 0.07868536, 25.84317, 1.152756, 0.743877, 0.7735416
 
21.30039, -0.05178907, -0.1957321, 5, 0, 2.0415544257787859330216750239, 251.1534, -1642.728, -6.594189, 0.004862703, 0.07868536, 25.787, 1.152458, 0.743877, 0.7735416
 
21.31039, -0.05184628, -0.19625, 5, 0, 2.0572869776759073396779520490, 250.0604, -1642.728, -6.594189, 0.004862703, 0.07868536, 25.73107, 1.152158, 0.743877, 0.7735416
 
21.32039, -0.05190228, -0.1967685, 5, 0, 2.0731210507007065757533979210, 248.9743, -1642.728, -6.594189, 0.004862703, 0.07868536, 25.67537, 1.151857, 0.743877, 0.7735416
 
21.33039, -0.05195894, -0.1972875, 5, 0, 2.0890566448531836412480126399, 247.8954, -1642.728, -6.594189, 0.004862703, 0.07868536, 25.61992, 1.151555, 0.743877, 0.7735416
 
21.34039, -0.0520157, -0.1978071, 5, 0, 2.1050937601333385361617962057, 246.8235, -1642.728, -6.594189, 0.004862703, 0.07868536, 25.5647, 1.151252, 0.743877, 0.7735416
 
21.35039, -0.05207216, -0.1983272, 5, 0, 2.1212323965411712604947486185, 245.7585, -1642.728, -6.594189, 0.004862703, 0.07868536, 25.50973, 1.150948, 0.743877, 0.7735416
 
21.36039, -0.05212909, -0.198848, 5, 0, 2.1374757769696239675617641273, 244.7006, -1642.728, -6.594189, 0.004862703, 0.07868536, 25.45499, 1.150642, 0.743877, 0.7735416
 
21.37039, -0.05218627, -0.1993693, 5, 0, 2.1538190670792834273905013585, 243.6497, -1642.728, -6.594189, 0.004862703, 0.07868536, 25.4005, 1.150335, 0.743877, 0.7735416
 
21.38039, -0.05224265, -0.1998911, 5, 0, 2.1702654897630917932958545612, 242.6057, -1642.728, -6.594189, 0.004862703, 0.07868536, 25.34625, 1.150027, 0.743877, 0.7735416
 
21.39039, -0.05229953, -0.2004135, 5, 0, 2.1868134335745779886203766108, 241.5689, -1642.728, -6.594189, 0.004862703, 0.07868536, 25.29225, 1.149718, 0.743877, 0.7735416
 
21.40039, -0.05235643, -0.2009365, 5, 0, 2.2034628985137420133640675073, 240.5389, -1642.728, -6.594189, 0.004862703, 0.07868536, 25.2385, 1.149407, 0.743877, 0.7735416
 
21.41039, -0.0524141, -0.2014601, 5, 0, 2.2202154960270549441843743754, 239.516, -1642.728, -6.594189, 0.004862703, 0.07868536, 25.185, 1.149096, 0.743877, 0.7735416
 
21.42039, -0.05247153, -0.2019843, 5, 0, 2.2370712261145167810812972149, 238.5, -1642.728, -6.594189, 0.004862703, 0.07868536, 25.13175, 1.148783, 0.743877, 0.7735416
 
21.4304, -0.05252835, -0.202509, 5, 0, 2.2540268658831853707399417767, 237.4909, -1642.728, -6.594189, 0.004862703, 0.07868536, 25.07874, 1.148469, 0.743877, 0.7735416
 
21.4404, -0.05258596, -0.2030343, 5, 0, 2.2710856382260028664752023101, 236.4888, -1642.728, -6.594189, 0.004862703, 0.07868536, 25.02599, 1.148155, 0.743877, 0.7735416
 
21.4504, -0.05264317, -0.2035601, 5, 0, 2.2882459316964981916296316904, 235.4938, -1642.728, -6.594189, 0.004862703, 0.07868536, 24.9735, 1.147839, 0.743877, 0.7735416
 
21.4604, -0.0527015, -0.2040865, 5, 0, 2.3055093577411424228606770422, 234.5056, -1642.728, -6.594189, 0.004862703, 0.07868536, 24.92126, 1.147522, 0.743877, 0.7735416
 
21.4704, -0.05276014, -0.2046136, 5, 0, 2.3228759163599355601683383654, 233.5244, -1642.728, -6.594189, 0.004862703, 0.07868536, 24.86928, 1.147203, 0.743877, 0.7735416
 
21.4804, -0.05281959, -0.2051412, 5, 0, 2.3403439961064065268951685356, 232.5502, -1642.728, -6.594189, 0.004862703, 0.07868536, 24.81755, 1.146884, 0.743877, 0.7735416
 
21.4904, -0.05287894, -0.2056694, 5, 0, 2.3579135969805553230411675528, 231.5828, -1642.728, -6.594189, 0.004862703, 0.07868536, 24.76609, 1.146564, 0.743877, 0.7735416
 
21.5004, -0.05293947, -0.2061981, 5, 0, 2.3755863304288530252637825414, 230.6224, -1642.728, -6.594189, 0.004862703, 0.07868536, 24.71488, 1.146243, 0.743877, 0.7735416
 
21.5104, -0.05299951, -0.2067275, 5, 0, 2.3933605850048285569055663769, 229.6689, -1642.728, -6.594189, 0.004862703, 0.07868536, 24.66394, 1.14592, 0.743877, 0.7735416
 
21.5204, -0.05306073, -0.2072575, 5, 0, 2.4112363607084819179665190594, 228.7224, -1642.728, -6.594189, 0.004862703, 0.07868536, 24.61326, 1.145597, 0.743877, 0.7735416
 
21.5304, -0.05312129, -0.2077881, 5, 0, 2.4292120460933420317891934642, 227.7826, -1642.728, -6.594189, 0.004862703, 0.07868536, 24.56284, 1.145273, 0.743877, 0.7735416
 
21.5404, -0.05318416, -0.2083193, 5, 0, 2.4472908640523510516884838406, 226.8499, -1642.728, -6.594189, 0.004862703, 0.07868536, 24.5127, 1.144948, 0.743877, 0.7735416
 
21.5504, -0.05324598, -0.2088512, 5, 0, 2.4654712031390379010069430638, 225.924, -1642.728, -6.594189, 0.004862703, 0.07868536, 24.46281, 1.144621, 0.743877, 0.7735416
 
21.5604, -0.05330803, -0.2093836, 5, 0, 2.4837498404604604264296768849, 225.005, -1642.728, -6.594189, 0.004862703, 0.07868536, 24.4132, 1.144294, 0.743877, 0.7735416
 
21.5704, -0.05337235, -0.2099167, 5, 0, 2.5021316103560318579290266775, 224.0929, -1642.728, -6.594189, 0.004862703, 0.07868536, 24.36386, 1.143966, 0.743877, 0.7735416
 
21.5804, -0.05343634, -0.2104504, 5, 0, 2.5206116784863389655326510678, 223.1877, -1642.728, -6.594189, 0.004862703, 0.07868536, 24.31479, 1.143637, 0.743877, 0.7735416
 
21.5904, -0.05350146, -0.2109848, 5, 0, 2.5391948791907949792128914297, 222.2893, -1642.728, -6.594189, 0.004862703, 0.07868536, 24.26598, 1.143307, 0.743877, 0.7735416
 
21.6004, -0.05356748, -0.2115198, 5, 0, 2.5578763781299866689974063894, 221.3978, -1642.728, -6.594189, 0.004862703, 0.07868536, 24.21746, 1.142977, 0.743877, 0.7735416
 
21.6104, -0.05363346, -0.2120555, 5, 0, 2.5766577867503851115436430715, 220.5131, -1642.728, -6.594189, 0.004862703, 0.07868536, 24.16921, 1.142645, 0.743877, 0.7735416
 
21.6204, -0.05370078, -0.2125918, 5, 0, 2.5955391050519903068516014759, 219.6353, -1642.728, -6.594189, 0.004862703, 0.07868536, 24.12123, 1.142312, 0.743877, 0.7735416
 
21.6304, -0.05376865, -0.2131288, 5, 0, 2.6145187215883311782638344782, 218.7643, -1642.728, -6.594189, 0.004862703, 0.07868536, 24.07354, 1.141979, 0.743877, 0.7735416
 
21.6404, -0.05383673, -0.2136665, 5, 0, 2.6335950249129366491228949537, 217.9002, -1642.728, -6.594189, 0.004862703, 0.07868536, 24.02612, 1.141645, 0.743877, 0.7735416
 
21.6504, -0.05390747, -0.2142049, 5, 0, 2.6527728493652199494011242762, 217.043, -1642.728, -6.594189, 0.004862703, 0.07868536, 23.97899, 1.14131, 0.743877, 0.7735416
 
21.6604, -0.0539769, -0.214744, 5, 0, 2.6720441377128256958112868228, 216.1925, -1642.728, -6.594189, 0.004862703, 0.07868536, 23.93213, 1.140975, 0.743877, 0.7735416
 
21.6704, -0.05404846, -0.2152838, 5, 0, 2.6914169471881092716406182163, 215.3488, -1642.728, -6.594189, 0.004862703, 0.07868536, 23.88556, 1.140638, 0.743877, 0.7735416
 
21.6804, -0.05411995, -0.2158242, 5, 0, 2.7108832205587152936018828340, 214.5119, -1642.728, -6.594189, 0.004862703, 0.07868536, 23.83928, 1.140301, 0.743877, 0.7735416
 
21.6904, -0.05419249, -0.2163654, 5, 0, 2.7304445692711148383525278005, 213.6819, -1642.728, -6.594189, 0.004862703, 0.07868536, 23.79328, 1.139963, 0.743877, 0.7735416
 
21.7004, -0.05426617, -0.2169074, 5, 0, 2.7501042162182500592074473647, 212.8587, -1642.728, -6.594189, 0.004862703, 0.07868536, 23.74756, 1.139625, 0.743877, 0.7735416
 
21.7104, -0.05434092, -0.21745, 5, 0, 2.7698589385071788028517472777, 212.0422, -1642.728, -6.594189, 0.004862703, 0.07868536, 23.70214, 1.139285, 0.743877, 0.7735416
 
21.7204, -0.05441679, -0.2179934, 5, 0, 2.7897071246914299926279804148, 211.2325, -1642.728, -6.594189, 0.004862703, 0.07868536, 23.65701, 1.138946, 0.743877, 0.7735416
 
21.7304, -0.05449254, -0.2185376, 5, 0, 2.8096503862174747051935939006, 210.4295, -1642.728, -6.594189, 0.004862703, 0.07868536, 23.61216, 1.138605, 0.743877, 0.7735416
 
21.7404, -0.05457082, -0.2190825, 5, 0, 2.8296871116388257494264298440, 209.6334, -1642.728, -6.594189, 0.004862703, 0.07868536, 23.56761, 1.138264, 0.743877, 0.7735416
 
21.7504, -0.05465142, -0.2196282, 5, 0, 2.8498173009555314687206205447, 208.8441, -1642.728, -6.594189, 0.004862703, 0.07868536, 23.52335, 1.137922, 0.743877, 0.7735416
 
21.7604, -0.054732, -0.2201747, 5, 0, 2.8700425656140307108041915941, 208.0615, -1642.728, -6.594189, 0.004862703, 0.07868536, 23.47939, 1.13758, 0.743877, 0.7735416
 
21.7704, -0.0548149, -0.220722, 5, 0, 2.8903580712748780167753800855, 207.2856, -1642.728, -6.594189, 0.004862703, 0.07868536, 23.43573, 1.137237, 0.743877, 0.7735416
 
21.7804, -0.05489723, -0.2212702, 5, 0, 2.9107622064916667678355819604, 206.5165, -1642.728, -6.594189, 0.004862703, 0.07868536, 23.39236, 1.136894, 0.743877, 0.7735416
 
21.7904, -0.0549809, -0.2218192, 5, 0, 2.9312581941572907739055591684, 205.7541, -1642.728, -6.594189, 0.004862703, 0.07868536, 23.34929, 1.13655, 0.743877, 0.7735416
 
21.8004, -0.05506675, -0.222369, 5, 0, 2.9518428113788239961351282269, 204.9985, -1642.728, -6.594189, 0.004862703, 0.07868536, 23.30653, 1.136206, 0.743877, 0.7735416
 
21.8104, -0.05515353, -0.2229197, 5, 0, 2.9725176696027052822523147273, 204.2495, -1642.728, -6.594189, 0.004862703, 0.07868536, 23.26406, 1.135861, 0.743877, 0.7735416
 
21.8204, -0.05524169, -0.2234712, 5, 0, 2.9932811573825602423879361445, 203.5073, -1642.728, -6.594189, 0.004862703, 0.07868536, 23.2219, 1.135516, 0.743877, 0.7735416
 
21.8304, -0.05533179, -0.2240236, 5, 0, 3.0141300518253339219741228633, 202.7718, -1642.728, -6.594189, 0.004862703, 0.07868536, 23.18004, 1.13517, 0.743877, 0.7735416
 
21.8404, -0.05542241, -0.2245769, 5, 0, 3.0350659643775618555271650747, 202.043, -1642.728, -6.594189, 0.004862703, 0.07868536, 23.13848, 1.134824, 0.743877, 0.7735416
 
21.8504, -0.0555151, -0.2251312, 5, 0, 3.0560872835927568519249048874, 201.3209, -1642.728, -6.594189, 0.004862703, 0.07868536, 23.09724, 1.134478, 0.743877, 0.7735416
 
21.8604, -0.05560902, -0.2256863, 5, 0, 3.0771940094709027967026315350, 200.6055, -1642.728, -6.594189, 0.004862703, 0.07868536, 23.0563, 1.134131, 0.743877, 0.7735416
 
21.87041, -0.05570433, -0.2262424, 5, 0, 3.0983813076726186888174251769, 199.8968, -1642.728, -6.594189, 0.004862703, 0.07868536, 23.01567, 1.133784, 0.743877, 0.7735416
 
21.88041, -0.0558008, -0.2267995, 5, 0, 3.1196540125373338727063379532, 199.1947, -1642.728, -6.594189, 0.004862703, 0.07868536, 22.97536, 1.133437, 0.743877, 0.7735416
 
21.89041, -0.05589993, -0.2273575, 5, 0, 3.1410072897255384316087638911, 198.4994, -1642.728, -6.594189, 0.004862703, 0.07868536, 22.93535, 1.133089, 0.743877, 0.7735416
 
21.90041, -0.05599987, -0.2279165, 5, 0, 3.1624443621302873200925726054, 197.8106, -1642.728, -6.594189, 0.004862703, 0.07868536, 22.89566, 1.132741, 0.743877, 0.7735416
 
21.91041, -0.05610123, -0.2284765, 5, 0, 3.1839571725191768114763961739, 197.1285, -1642.728, -6.594189, 0.004862703, 0.07868536, 22.85628, 1.132393, 0.743877, 0.7735416
 
21.92041, -0.0562051, -0.2290375, 5, 0, 3.2055505552315879068031544369, 196.4531, -1642.728, -6.594189, 0.004862703, 0.07868536, 22.81722, 1.132045, 0.743877, 0.7735416
 
21.93041, -0.05631012, -0.2295995, 5, 0, 3.2272212873746267961520854450, 195.7843, -1642.728, -6.594189, 0.004862703, 0.07868536, 22.77847, 1.131697, 0.743877, 0.7735416
 
21.94041, -0.05641603, -0.2301626, 5, 0, 3.2489677575018062884010313073, 195.1221, -1642.728, -6.594189, 0.004862703, 0.07868536, 22.74005, 1.131348, 0.743877, 0.7735416
 
21.95041, -0.05652416, -0.2307268, 5, 0, 3.2707899656131263835499920236, 194.4666, -1642.728, -6.594189, 0.004862703, 0.07868536, 22.70194, 1.131, 0.743877, 0.7735416
 
21.96041, -0.05663512, -0.231292, 5, 0, 3.2926863002621160049415204694, 193.8178, -1642.728, -6.594189, 0.004862703, 0.07868536, 22.66416, 1.130651, 0.743877, 0.7735416
 
21.97041, -0.05674769, -0.2318584, 5, 0, 3.3146583728952623436977745359, 193.1755, -1642.728, -6.594189, 0.004862703, 0.07868536, 22.62669, 1.130302, 0.743877, 0.7735416
 
21.98041, -0.05686205, -0.2324259, 5, 0, 3.3366997377266488642595441916, 192.5398, -1642.728, -6.594189, 0.004862703, 0.07868536, 22.58955, 1.129953, 0.743877, 0.7735416
 
21.99041, -0.05697743, -0.2329945, 5, 0, 3.3588136176492338344064344522, 191.9107, -1642.728, -6.594189, 0.004862703, 0.07868536, 22.55273, 1.129604, 0.743877, 0.7735416
 
22.00041, -0.05709527, -0.2335643, 5, 0, 3.3809951783235879097013931776, 191.2882, -1642.728, -6.594189, 0.004862703, 0.07868536, 22.51624, 1.129256, 0.743877, 0.7735416
 
22.01041, -0.05721502, -0.2341352, 5, 0, 3.4032444197497433190738419008, 190.6723, -1642.728, -6.594189, 0.004862703, 0.07868536, 22.48008, 1.128907, 0.743877, 0.7735416
 
22.02041, -0.05733636, -0.2347074, 5, 0, 3.4255613419276839480590698554, 190.0629, -1642.728, -6.594189, 0.004862703, 0.07868536, 22.44424, 1.128558, 0.743877, 0.7735416
 
22.03041, -0.05745982, -0.2352807, 5, 0, 3.4479411105180126811494464341, 189.4602, -1642.728, -6.594189, 0.004862703, 0.07868536, 22.40874, 1.128209, 0.743877, 0.7735416
 
22.04041, -0.05758546, -0.2358553, 5, 0, 3.4703869484136072138010228198, 188.864, -1642.728, -6.594189, 0.004862703, 0.07868536, 22.37356, 1.127861, 0.743877, 0.7735416
 
22.05041, -0.05771228, -0.2364312, 5, 0, 3.4928956327216220794871693629, 188.2743, -1642.728, -6.594189, 0.004862703, 0.07868536, 22.33871, 1.127513, 0.743877, 0.7735416
 
22.06041, -0.05784161, -0.2370083, 5, 0, 3.5154655519955056292268851059, 187.6912, -1642.728, -6.594189, 0.004862703, 0.07868536, 22.3042, 1.127164, 0.743877, 0.7735416
 
22.07041, -0.0579734, -0.2375867, 5, 0, 3.5380934833423801675641188660, 187.1146, -1642.728, -6.594189, 0.004862703, 0.07868536, 22.27002, 1.126817, 0.743877, 0.7735416
 
22.08041, -0.058107, -0.2381665, 5, 0, 3.5607810382086684277621854680, 186.5446, -1642.728, -6.594189, 0.004862703, 0.07868536, 22.23618, 1.126469, 0.743877, 0.7735416
 
22.09041, -0.05824253, -0.2387475, 5, 0, 3.5835233822549732943134543049, 185.9811, -1642.728, -6.594189, 0.004862703, 0.07868536, 22.20267, 1.126121, 0.743877, 0.7735416
 
22.10041, -0.05838101, -0.2393299, 5, 0, 3.6063221269277658438753725012, 185.4241, -1642.728, -6.594189, 0.004862703, 0.07868536, 22.1695, 1.125774, 0.743877, 0.7735416
 
22.11041, -0.05852057, -0.2399138, 5, 0, 3.6291724378876167320108879167, 184.8737, -1642.728, -6.594189, 0.004862703, 0.07868536, 22.13667, 1.125427, 0.743877, 0.7735416
 
22.12041, -0.05866304, -0.240499, 5, 0, 3.6520759265810453787715799756, 184.3297, -1642.728, -6.594189, 0.004862703, 0.07868536, 22.10417, 1.125081, 0.743877, 0.7735416
 
22.13041, -0.0588064, -0.2410856, 5, 0, 3.6750277586685902107909750046, 183.7922, -1642.728, -6.594189, 0.004862703, 0.07868536, 22.07202, 1.124735, 0.743877, 0.7735416
 
22.14041, -0.05895243, -0.2416736, 5, 0, 3.6980279341502673425337837702, 183.2613, -1642.728, -6.594189, 0.004862703, 0.07868536, 22.04021, 1.124389, 0.743877, 0.7735416
 
22.15041, -0.05910004, -0.2422632, 5, 0, 3.7210732301331507351498227899, 182.7368, -1642.728, -6.594189, 0.004862703, 0.07868536, 22.00874, 1.124044, 0.743877, 0.7735416
 
22.16041, -0.05925156, -0.2428542, 5, 0, 3.7441668695101503130245647796, 182.2188, -1642.728, -6.594189, 0.004862703, 0.07868536, 21.97762, 1.123699, 0.743877, 0.7735416
 
22.17041, -0.05940473, -0.2434467, 5, 0, 3.7673024064953817695282212412, 181.7072, -1642.728, -6.594189, 0.004862703, 0.07868536, 21.94683, 1.123355, 0.743877, 0.7735416
 
22.18041, -0.05956172, -0.2440407, 5, 0, 3.7904814525353484102476608324, 181.2022, -1642.728, -6.594189, 0.004862703, 0.07868536, 21.9164, 1.123011, 0.743877, 0.7735416
 
22.19041, -0.05971875, -0.2446363, 5, 0, 3.8136975618441498140883842883, 180.7036, -1642.728, -6.594189, 0.004862703, 0.07868536, 21.88631, 1.122668, 0.743877, 0.7735416
 
22.20041, -0.05987881, -0.2452335, 5, 0, 3.8369507344217859810503916090, 180.2114, -1642.728, -6.594189, 0.004862703, 0.07868536, 21.85658, 1.122326, 0.743877, 0.7735416
 
22.21041, -0.06004091, -0.2458323, 5, 0, 3.8602409702682407966689720278, 179.7257, -1642.728, -6.594189, 0.004862703, 0.07868536, 21.82718, 1.121984, 0.743877, 0.7735416
 
22.22041, -0.06020499, -0.2464327, 5, 0, 3.8835634350441493743659164709, 179.2464, -1642.728, -6.594189, 0.004862703, 0.07868536, 21.79814, 1.121642, 0.743877, 0.7735416
 
22.23041, -0.06037106, -0.2470348, 5, 0, 3.9069181287494472562823818719, 178.7734, -1642.728, -6.594189, 0.004862703, 0.07868536, 21.76945, 1.121302, 0.743877, 0.7735416
 
22.24041, -0.06053991, -0.2476385, 5, 0, 3.9303034399377278236197641726, 178.307, -1642.728, -6.594189, 0.004862703, 0.07868536, 21.74111, 1.120962, 0.743877, 0.7735416
 
22.25041, -0.06071112, -0.2482439, 5, 0, 3.9537145342695295030115896996, 177.8469, -1642.728, -6.594189, 0.004862703, 0.07868536, 21.71312, 1.120622, 0.743877, 0.7735416
 
22.26041, -0.06088491, -0.248851, 5, 0, 3.9771514117448522944578584528, 177.3933, -1642.728, -6.594189, 0.004862703, 0.07868536, 21.68549, 1.120284, 0.743877, 0.7735416
 
22.27041, -0.06106079, -0.2494599, 5, 0, 4.0006140723637445413527027321, 176.946, -1642.728, -6.594189, 0.004862703, 0.07868536, 21.65821, 1.119946, 0.743877, 0.7735416
 
22.28041, -0.06123901, -0.2500705, 5, 0, 4.0240976817867446703296488641, 176.5051, -1642.728, -6.594189, 0.004862703, 0.07868536, 21.63128, 1.119609, 0.743877, 0.7735416
 
22.29041, -0.06141976, -0.2506829, 5, 0, 4.0476022400138687958534076152, 176.0706, -1642.728, -6.594189, 0.004862703, 0.07868536, 21.60471, 1.119273, 0.743877, 0.7735416
 
22.30042, -0.06160193, -0.2512971, 5, 0, 4.0711213012592164968294797208, 175.6424, -1642.728, -6.594189, 0.004862703, 0.07868536, 21.5785, 1.118938, 0.743877, 0.7735416
 
22.31042, -0.06178692, -0.2519131, 5, 0, 4.0946564769693071933094446051, 175.2206, -1642.728, -6.594189, 0.004862703, 0.07868536, 21.55265, 1.118604, 0.743877, 0.7735416
 
22.32042, -0.0619749, -0.2525309, 5, 0, 4.1182045442511665030489864857, 174.8052, -1642.728, -6.594189, 0.004862703, 0.07868536, 21.52715, 1.118271, 0.743877, 0.7735416
 
22.33042, -0.0621644, -0.2531507, 5, 0, 4.1417622802118039293390788140, 174.3961, -1642.728, -6.594189, 0.004862703, 0.07868536, 21.50201, 1.117938, 0.743877, 0.7735416
 
22.34042, -0.06235696, -0.2537723, 5, 0, 4.1653296848513161589679861894, 173.9934, -1642.728, -6.594189, 0.004862703, 0.07868536, 21.47724, 1.117607, 0.743877, 0.7735416
 
22.35042, -0.06255107, -0.2543959, 5, 0, 4.1889019238302416185692349384, 173.597, -1642.728, -6.594189, 0.004862703, 0.07868536, 21.45282, 1.117277, 0.743877, 0.7735416
 
22.36042, -0.06274822, -0.2550214, 5, 0, 4.2124806085950191558708506525, 173.2069, -1642.728, -6.594189, 0.004862703, 0.07868536, 21.42877, 1.116948, 0.743877, 0.7735416
 
22.37042, -0.06294765, -0.2556489, 5, 0, 4.2360592933597966931724663666, 172.8231, -1642.728, -6.594189, 0.004862703, 0.07868536, 21.40508, 1.116619, 0.743877, 0.7735416
 
22.38042, -0.06314927, -0.2562784, 5, 0, 4.2596379781246064594035036138, 172.4457, -1642.728, -6.594189, 0.004862703, 0.07868536, 21.38176, 1.116292, 0.743877, 0.7735416
 
22.39042, -0.06335331, -0.2569099, 5, 0, 4.2832118285499868811974887208, 172.0745, -1642.728, -6.594189, 0.004862703, 0.07868536, 21.35879, 1.115966, 0.743877, 0.7735416
 
22.40042, -0.06355934, -0.2575434, 5, 0, 4.3067808446359540730191324541, 171.7097, -1642.728, -6.594189, 0.004862703, 0.07868536, 21.3362, 1.115642, 0.743877, 0.7735416
 
22.41042, -0.0637673, -0.258179, 5, 0, 4.3303418034895658815535405646, 171.3511, -1642.728, -6.594189, 0.004862703, 0.07868536, 21.31396, 1.115318, 0.743877, 0.7735416
 
22.42042, -0.06397911, -0.2588167, 5, 0, 4.3538930936643673446079766944, 170.9988, -1642.728, -6.594189, 0.004862703, 0.07868536, 21.2921, 1.114996, 0.743877, 0.7735416
 
22.43042, -0.06419159, -0.2594565, 5, 0, 4.3774298808209130032806779367, 170.6528, -1642.728, -6.594189, 0.004862703, 0.07868536, 21.2706, 1.114675, 0.743877, 0.7735416
 
22.44042, -0.06440724, -0.2600984, 5, 0, 4.4009505535127478953789079334, 170.3131, -1642.728, -6.594189, 0.004862703, 0.07868536, 21.24947, 1.114355, 0.743877, 0.7735416
 
22.45042, -0.06462342, -0.2607425, 5, 0, 4.4244518888468976386583509023, 169.9795, -1642.728, -6.594189, 0.004862703, 0.07868536, 21.22871, 1.114037, 0.743877, 0.7735416
 
22.46042, -0.06484389, -0.2613887, 5, 0, 4.4479338868234428054425606762, 169.6524, -1642.728, -6.594189, 0.004862703, 0.07868536, 21.20831, 1.113719, 0.743877, 0.7735416
 
22.47042, -0.06506485, -0.2620371, 5, 0, 4.4713933245493606700930891733, 169.3313, -1642.728, -6.594189, 0.004862703, 0.07868536, 21.18829, 1.113404, 0.743877, 0.7735416
 
22.48042, -0.06528911, -0.2626878, 5, 0, 4.4948269791317896516185959772, 169.0166, -1642.728, -6.594189, 0.004862703, 0.07868536, 21.16864, 1.113089, 0.743877, 0.7735416
 
22.49042, -0.06551544, -0.2633407, 5, 0, 4.5182316276776909099159222394, 168.708, -1642.728, -6.594189, 0.004862703, 0.07868536, 21.14935, 1.112776, 0.743877, 0.7735416
 
22.50042, -0.06574436, -0.2639958, 5, 0, 4.5416056587406578261864639016, 168.4057, -1642.728, -6.594189, 0.004862703, 0.07868536, 21.13044, 1.112465, 0.743877, 0.7735416
 
22.51042, -0.06597415, -0.2646532, 5, 0, 4.5649442379812610559931688237, 168.1096, -1642.728, -6.594189, 0.004862703, 0.07868536, 21.1119, 1.112155, 0.743877, 0.7735416
 
22.52042, -0.06620692, -0.265313, 5, 0, 4.5882457539530295226785898809, 167.8198, -1642.728, -6.594189, 0.004862703, 0.07868536, 21.09373, 1.111847, 0.743877, 0.7735416
 
22.53042, -0.06644101, -0.265975, 5, 0, 4.6115102066559471117780163069, 167.536, -1642.728, -6.594189, 0.004862703, 0.07868536, 21.07594, 1.11154, 0.743877, 0.7735416
 
22.54042, -0.06667833, -0.2666394, 5, 0, 4.6347327617506328222485282610, 167.2586, -1642.728, -6.594189, 0.004862703, 0.07868536, 21.05851, 1.111234, 0.743877, 0.7735416
 
22.55042, -0.06691678, -0.2673062, 5, 0, 4.6579085848976895385824951362, 166.9873, -1642.728, -6.594189, 0.004862703, 0.07868536, 21.04147, 1.110931, 0.743877, 0.7735416
 
22.56042, -0.06715655, -0.2679754, 5, 0, 4.6810376760970366884563630996, 166.7221, -1642.728, -6.594189, 0.004862703, 0.07868536, 21.02479, 1.110628, 0.743877, 0.7735416
 
22.57042, -0.0673977, -0.268647, 5, 0, 4.7041168124557965764140809684, 166.463, -1642.728, -6.594189, 0.004862703, 0.07868536, 21.00849, 1.110328, 0.743877, 0.7735416
 
22.58042, -0.06764138, -0.269321, 5, 0, 4.7271427710810270491407544934, 166.2102, -1642.728, -6.594189, 0.004862703, 0.07868536, 20.99256, 1.110029, 0.743877, 0.7735416
 
22.59042, -0.067887, -0.2699974, 5, 0, 4.7501123290797376099273571259, 165.9635, -1642.728, -6.594189, 0.004862703, 0.07868536, 20.97701, 1.109732, 0.743877, 0.7735416
 
22.60042, -0.06813484, -0.2706763, 5, 0, 4.7730222635590505633178376831, 165.723, -1642.728, -6.594189, 0.004862703, 0.07868536, 20.96183, 1.109437, 0.743877, 0.7735416
 
22.61042, -0.06838395, -0.2713576, 5, 0, 4.7958709630724464892606167405, 165.4886, -1642.728, -6.594189, 0.004862703, 0.07868536, 20.94704, 1.109143, 0.743877, 0.7735416
 
22.62042, -0.06863426, -0.2720414, 5, 0, 4.8186568161734704255629579404, 165.2603, -1642.728, -6.594189, 0.004862703, 0.07868536, 20.93261, 1.108851, 0.743877, 0.7735416
 
22.63042, -0.06888627, -0.2727278, 5, 0, 4.8413733770762380655950727844, 165.038, -1642.728, -6.594189, 0.004862703, 0.07868536, 20.91857, 1.108561, 0.743877, 0.7735416
 
22.64042, -0.06914006, -0.2734166, 5, 0, 4.8640190343342622182348033815, 164.822, -1642.728, -6.594189, 0.004862703, 0.07868536, 20.90489, 1.108273, 0.743877, 0.7735416
 
22.65042, -0.06939541, -0.2741081, 5, 0, 4.8865937879475912268762820313, 164.612, -1642.728, -6.594189, 0.004862703, 0.07868536, 20.8916, 1.107986, 0.743877, 0.7735416
 
22.66042, -0.06965189, -0.274802, 5, 0, 4.9090895806837891359087192782, 164.4081, -1642.728, -6.594189, 0.004862703, 0.07868536, 20.87869, 1.107702, 0.743877, 0.7735416
 
22.67042, -0.06991087, -0.2754985, 5, 0, 4.9315080239894075943131160797, 164.2104, -1642.728, -6.594189, 0.004862703, 0.07868536, 20.86615, 1.107419, 0.743877, 0.7735416
 
22.68042, -0.07016962, -0.2761976, 5, 0, 4.9538442835250172576524202954, 164.0187, -1642.728, -6.594189, 0.004862703, 0.07868536, 20.85399, 1.107139, 0.743877, 0.7735416
 
22.69042, -0.07043055, -0.2768993, 5, 0, 4.9760951363976437436823161432, 163.8331, -1642.728, -6.594189, 0.004862703, 0.07868536, 20.84221, 1.10686, 0.743877, 0.7735416
 
22.70042, -0.07069237, -0.2776036, 5, 0, 4.9982589711608320902100672650, 163.6535, -1642.728, -6.594189, 0.004862703, 0.07868536, 20.8308, 1.106583, 0.743877, 0.7735416
 
22.71042, -0.07095668, -0.2783105, 5, 0, 5.0203309534751529527986215207, 163.4801, -1642.728, -6.594189, 0.004862703, 0.07868536, 20.81978, 1.106308, 0.743877, 0.7735416
 
22.72042, -0.07122102, -0.2790201, 5, 0, 5.0423078604477125215272169608, 163.3127, -1642.728, -6.594189, 0.004862703, 0.07868536, 20.80914, 1.106036, 0.743877, 0.7735416
 
22.73042, -0.071486, -0.2797323, 5, 0, 5.0641896920784624530017212856, 163.1513, -1642.728, -6.594189, 0.004862703, 0.07868536, 20.79887, 1.105765, 0.743877, 0.7735416
 
22.74043, -0.07175174, -0.2804472, 5, 0, 5.0859700025815345550570567635, 162.9959, -1642.728, -6.594189, 0.004862703, 0.07868536, 20.78898, 1.105496, 0.743877, 0.7735416
 
22.75043, -0.07201964, -0.2811647, 5, 0, 5.1076471805104577510357762699, 162.8466, -1642.728, -6.594189, 0.004862703, 0.07868536, 20.77947, 1.10523, 0.743877, 0.7735416
 
22.76043, -0.0722873, -0.2818849, 5, 0, 5.1292196144187448498157219137, 162.7033, -1642.728, -6.594189, 0.004862703, 0.07868536, 20.77034, 1.104965, 0.743877, 0.7735416
 
22.77043, -0.0725557, -0.2826078, 5, 0, 5.1506824699670309648186846210, 162.566, -1642.728, -6.594189, 0.004862703, 0.07868536, 20.76158, 1.104703, 0.743877, 0.7735416
 
22.78043, -0.07282466, -0.2833334, 5, 0, 5.1720325242623255993356378428, 162.4347, -1642.728, -6.594189, 0.004862703, 0.07868536, 20.75321, 1.104443, 0.743877, 0.7735416
 
22.79043, -0.07309499, -0.2840616, 5, 0, 5.1932681658581576767091344547, 162.3094, -1642.728, -6.594189, 0.004862703, 0.07868536, 20.74521, 1.104185, 0.743877, 0.7735416
 
22.80043, -0.07336547, -0.2847926, 5, 0, 5.2143861718616172725537017408, 162.1902, -1642.728, -6.594189, 0.004862703, 0.07868536, 20.7376, 1.10393, 0.743877, 0.7735416
 
22.81043, -0.07363612, -0.2855262, 5, 0, 5.2353817079332911568969983272, 162.0769, -1642.728, -6.594189, 0.004862703, 0.07868536, 20.73036, 1.103676, 0.743877, 0.7735416
 
22.82043, -0.07390835, -0.2862626, 5, 0, 5.2562547740731471008096026809, 161.9696, -1642.728, -6.594189, 0.004862703, 0.07868536, 20.72351, 1.103425, 0.743877, 0.7735416
 
22.83043, -0.07418005, -0.2870017, 5, 0, 5.2769989244953169121264370703, 161.8683, -1642.728, -6.594189, 0.004862703, 0.07868536, 20.71703, 1.103176, 0.743877, 0.7735416
 
22.84043, -0.07445107, -0.2877435, 5, 0, 5.2976125477533456286547651374, 161.7729, -1642.728, -6.594189, 0.004862703, 0.07868536, 20.71092, 1.102929, 0.743877, 0.7735416
 
22.85043, -0.07472352, -0.288488, 5, 0, 5.3180940324007138303430074578, 161.6835, -1642.728, -6.594189, 0.004862703, 0.07868536, 20.7052, 1.102685, 0.743877, 0.7735416
 
22.86043, -0.07499483, -0.2892352, 5, 0, 5.3384385440980405161482441911, 161.6, -1642.728, -6.594189, 0.004862703, 0.07868536, 20.69986, 1.102443, 0.743877, 0.7735416
 
22.87043, -0.07526729, -0.2899852, 5, 0, 5.3586444713988868383424497459, 161.5225, -1642.728, -6.594189, 0.004862703, 0.07868536, 20.69489, 1.102203, 0.743877, 0.7735416
 
22.88043, -0.5872783, -0.2907379, 5, 0, 0.0938761463003688448738706001, 161.5204, -1642.728, -6.594189, 0.004862703, 0.07868536, 20.69476, 1.195514, 0.743877, 0.7735416
 
22.89043, -0.5625809, -0.2966107, 5, 0, 0.0943806533869958625298946348, 161.5255, -1642.728, -6.594189, 0.004862703, 0.07868536, 20.69508, 1.195501, 0.743877, 0.7735416
 
22.90043, -0.5391676, -0.3022365, 5, 0, 0.0948689041966650437973247404, 161.5378, -1642.728, -6.594189, 0.004862703, 0.07868536, 20.69587, 1.195489, 0.743877, 0.7735416
 
22.91043, -0.5169742, -0.3076282, 5, 0, 0.0953415174804025658606280885, 161.5575, -1642.728, -6.594189, 0.004862703, 0.07868536, 20.69712, 1.195477, 0.743877, 0.7735416
 
22.92043, -0.4959356, -0.3127979, 5, 0, 0.0957990838641875146766381807, 161.5844, -1642.728, -6.594189, 0.004862703, 0.07868536, 20.69884, 1.195465, 0.743877, 0.7735416
 
22.93043, -0.4759956, -0.3177572, 5, 0, 0.0962421658489530129870846025, 161.6185, -1642.728, -6.594189, 0.004862703, 0.07868536, 20.70102, 1.195454, 0.743877, 0.7735416
 
22.94043, -0.457096, -0.3225172, 5, 0, 0.0966712415604918767186785752, 161.6599, -1642.728, -6.594189, 0.004862703, 0.07868536, 20.70366, 1.195443, 0.743877, 0.7735416
 
22.95043, -0.4391862, -0.3270882, 5, 0, 0.0970868172496433684471765596, 161.7086, -1642.728, -6.594189, 0.004862703, 0.07868536, 20.70676, 1.195432, 0.743877, 0.7735416
 
22.96043, -0.4222139, -0.33148, 5, 0, 0.0974893429171541797395387532, 161.7645, -1642.728, -6.594189, 0.004862703, 0.07868536, 20.71033, 1.195422, 0.743877, 0.7735416
 
22.97043, -0.4061302, -0.3357022, 5, 0, 0.0978792966888168042331821621, 161.8277, -1642.728, -6.594189, 0.004862703, 0.07868536, 20.71436, 1.195412, 0.743877, 0.7735416
 
22.98043, -0.3908889, -0.3397635, 5, 0, 0.0982570160651910188863562730, 161.898, -1642.728, -6.594189, 0.004862703, 0.07868536, 20.71885, 1.195402, 0.743877, 0.7735416
 
22.99043, -0.3764484, -0.3436724, 5, 0, 0.0986228947969299773893423741, 161.9757, -1642.728, -6.594189, 0.004862703, 0.07868536, 20.7238, 1.195393, 0.743877, 0.7735416
 
23.00043, -0.3627665, -0.3474368, 5, 0, 0.0989773266346863499984804305, 162.0606, -1642.728, -6.594189, 0.004862703, 0.07868536, 20.72922, 1.195384, 0.743877, 0.7735416
 
23.01043, -0.3498045, -0.3510645, 5, 0, 0.0993206490790200748166670366, 162.1528, -1642.728, -6.594189, 0.004862703, 0.07868536, 20.73509, 1.195375, 0.743877, 0.7735416
 
23.02043, -0.3375237, -0.3545626, 5, 0, 0.0996531433803972297808256620, 162.2522, -1642.728, -6.594189, 0.004862703, 0.07868536, 20.74142, 1.195367, 0.743877, 0.7735416
 
23.03043, -0.3258883, -0.3579378, 5, 0, 0.0999751470393779141385000087, 162.3589, -1642.728, -6.594189, 0.004862703, 0.07868536, 20.74822, 1.195359, 0.743877, 0.7735416
 
23.04043, -0.3148648, -0.3611967, 5, 0, 0.1002868850563348290945817448, 162.4727, -1642.728, -6.594189, 0.004862703, 0.07868536, 20.75547, 1.195351, 0.743877, 0.7735416
 
23.05043, -0.304423, -0.3643453, 5, 0, 0.1005886668067813049582751176, 162.5939, -1642.728, -6.594189, 0.004862703, 0.07868536, 20.76319, 1.195343, 0.743877, 0.7735416
 
23.06043, -0.2945285, -0.3673895, 5, 0, 0.1008807172910903652237660104, 162.7223, -1642.728, -6.594189, 0.004862703, 0.07868536, 20.77136, 1.195335, 0.743877, 0.7735416
 
23.07043, -0.2851559, -0.3703348, 5, 0, 0.1011632896346818023235797614, 162.8579, -1642.728, -6.594189, 0.004862703, 0.07868536, 20.77999, 1.195328, 0.743877, 0.7735416
 
23.08043, -0.2762756, -0.3731863, 5, 0, 0.1014365525878352630198704523, 163.0008, -1642.728, -6.594189, 0.004862703, 0.07868536, 20.78907, 1.195321, 0.743877, 0.7735416
 
23.09043, -0.2678621, -0.3759491, 5, 0, 0.1017007311509242542407652896, 163.1509, -1642.728, -6.594189, 0.004862703, 0.07868536, 20.79861, 1.195315, 0.743877, 0.7735416
 
23.10043, -0.2598907, -0.3786277, 5, 0, 0.1019560221992748693974635943, 163.3083, -1642.728, -6.594189, 0.004862703, 0.07868536, 20.80861, 1.195308, 0.743877, 0.7735416
 
23.11043, -0.2523361, -0.3812267, 5, 0, 0.1022025944831670775414136637, 163.4729, -1642.728, -6.594189, 0.004862703, 0.07868536, 20.81906, 1.195302, 0.743877, 0.7735416
 
23.12043, -0.2451768, -0.38375, 5, 0, 0.1024405886278342399303714478, 163.6447, -1642.728, -6.594189, 0.004862703, 0.07868536, 20.82997, 1.195296, 0.743877, 0.7735416
 
23.13043, -0.2383925, -0.3862018, 5, 0, 0.1026701733835560033264910285, 163.8239, -1642.728, -6.594189, 0.004862703, 0.07868536, 20.84133, 1.19529, 0.743877, 0.7735416
 
23.14043, -0.2319595, -0.3885857, 5, 0, 0.1028914893755655678428812483, 164.0101, -1642.728, -6.594189, 0.004862703, 0.07868536, 20.85313, 1.195284, 0.743877, 0.7735416
 
23.15043, -0.2258631, -0.3909053, 5, 0, 0.1031046772290962947372980573, 164.2037, -1642.728, -6.594189, 0.004862703, 0.07868536, 20.8654, 1.195279, 0.743877, 0.7735416
 
23.16043, -0.2200821, -0.3931639, 5, 0, 0.1033098494443346151845108435, 164.4045, -1642.728, -6.594189, 0.004862703, 0.07868536, 20.87811, 1.195274, 0.743877, 0.7735416
 
23.17043, -0.2145984, -0.3953648, 5, 0, 0.1035071185214671215039361024, 164.6124, -1642.728, -6.594189, 0.004862703, 0.07868536, 20.89127, 1.195269, 0.743877, 0.7735416
 
23.18044, -0.2093965, -0.3975107, 5, 0, 0.1036965969606802448703432218, 164.8276, -1642.728, -6.594189, 0.004862703, 0.07868536, 20.90488, 1.195264, 0.743877, 0.7735416
 
23.19044, -0.2044615, -0.3996047, 5, 0, 0.1038783972621607387477958049, 165.0501, -1642.728, -6.594189, 0.004862703, 0.07868536, 20.91894, 1.195259, 0.743877, 0.7735416
 
23.20044, -0.1997769, -0.4016493, 5, 0, 0.1040525475509552109299861988, 165.2798, -1642.728, -6.594189, 0.004862703, 0.07868536, 20.93345, 1.195255, 0.743877, 0.7735416
 
23.21044, -0.1953308, -0.4036471, 5, 0, 0.1042192165773434693237155929, 165.5167, -1642.728, -6.594189, 0.004862703, 0.07868536, 20.9484, 1.19525, 0.743877, 0.7735416
 
23.22044, -0.191106, -0.4056004, 5, 0, 0.1043784324663721217226763341, 165.7608, -1642.728, -6.594189, 0.004862703, 0.07868536, 20.96379, 1.195246, 0.743877, 0.7735416
 
23.23044, -0.1870924, -0.4075115, 5, 0, 0.1045302233430877759205607694, 166.0123, -1642.728, -6.594189, 0.004862703, 0.07868536, 20.97964, 1.195242, 0.743877, 0.7735416
 
23.24044, -0.1832761, -0.4093824, 5, 0, 0.1046747298327237931751248491, 166.2708, -1642.728, -6.594189, 0.004862703, 0.07868536, 20.99592, 1.195239, 0.743877, 0.7735416
 
23.25044, -0.179648, -0.4112152, 5, 0, 0.1048119800603266201354138124, 166.5367, -1642.728, -6.594189, 0.004862703, 0.07868536, 21.01265, 1.195235, 0.743877, 0.7735416
 
23.26044, -0.176194, -0.4130116, 5, 0, 0.1049420584010364024717989154, 166.8097, -1642.728, -6.594189, 0.004862703, 0.07868536, 21.02981, 1.195232, 0.743877, 0.7735416
 
23.27044, -0.1729056, -0.4147736, 5, 0, 0.1050649648548528178949859430, 167.09, -1642.728, -6.594189, 0.004862703, 0.07868536, 21.04741, 1.195229, 0.743877, 0.7735416
 
23.28044, -0.1697719, -0.4165026, 5, 0, 0.1051807837969161732199932591, 167.3774, -1642.728, -6.594189, 0.004862703, 0.07868536, 21.06546, 1.195226, 0.743877, 0.7735416
 
23.29044, -0.1667859, -0.4182003, 5, 0, 0.1052895433522727539512189951, 167.6722, -1642.728, -6.594189, 0.004862703, 0.07868536, 21.08394, 1.195223, 0.743877, 0.7735416
 
23.30044, -0.1639345, -0.4198682, 5, 0, 0.1053913278960625446143872998, 167.9741, -1642.728, -6.594189, 0.004862703, 0.07868536, 21.10285, 1.19522, 0.743877, 0.7735416
 
23.31044, -0.1612114, -0.4215075, 5, 0, 0.1054860811781924907667605868, 168.2832, -1642.728, -6.594189, 0.004862703, 0.07868536, 21.1222, 1.195218, 0.743877, 0.7735416
 
23.32044, -0.1586082, -0.4231197, 5, 0, 0.1055738594487558079957235501, 168.5996, -1642.728, -6.594189, 0.004862703, 0.07868536, 21.14198, 1.195216, 0.743877, 0.7735416
 
23.33044, -0.1561181, -0.4247057, 5, 0, 0.1056547470828921585377061229, 168.9232, -1642.728, -6.594189, 0.004862703, 0.07868536, 21.1622, 1.195214, 0.743877, 0.7735416
 
23.34044, -0.1537316, -0.4262669, 5, 0, 0.1057287440806018646820025206, 169.254, -1642.728, -6.594189, 0.004862703, 0.07868536, 21.18285, 1.195212, 0.743877, 0.7735416
 
23.35044, -0.1514439, -0.4278043, 5, 0, 0.1057958785669313730776579824, 169.592, -1642.728, -6.594189, 0.004862703, 0.07868536, 21.20392, 1.19521, 0.743877, 0.7735416
 
23.36044, -0.1492473, -0.4293187, 5, 0, 0.1058561224168340759309801614, 169.9373, -1642.728, -6.594189, 0.004862703, 0.07868536, 21.22542, 1.195209, 0.743877, 0.7735416
 
23.37044, -0.1471359, -0.4308112, 5, 0, 0.1059095881304965655613855532, 170.2897, -1642.728, -6.594189, 0.004862703, 0.07868536, 21.24735, 1.195207, 0.743877, 0.7735416
 
23.38044, -0.1451024, -0.4322825, 5, 0, 0.1059562194578256263814894637, 170.6493, -1642.728, -6.594189, 0.004862703, 0.07868536, 21.26971, 1.195206, 0.743877, 0.7735416
 
23.39044, -0.143143, -0.4337336, 5, 0, 0.1059960726489143128340294793, 171.0161, -1642.728, -6.594189, 0.004862703, 0.07868536, 21.29248, 1.195205, 0.743877, 0.7735416
 
23.40044, -0.141251, -0.435165, 5, 0, 0.1060291195787163394146074683, 171.3902, -1642.728, -6.594189, 0.004862703, 0.07868536, 21.31568, 1.195204, 0.743877, 0.7735416
 
23.41044, -0.1394215, -0.4365775, 5, 0, 0.1060553883722779916276215624, 171.7715, -1642.728, -6.594189, 0.004862703, 0.07868536, 21.33931, 1.195204, 0.743877, 0.7735416
 
23.42044, -0.1376509, -0.4379717, 5, 0, 0.1060749071546460384114112161, 172.16, -1642.728, -6.594189, 0.004862703, 0.07868536, 21.36335, 1.195203, 0.743877, 0.7735416
 
23.43044, -0.1359327, -0.4393482, 5, 0, 0.1060876759258206409106235372, 172.5556, -1642.728, -6.594189, 0.004862703, 0.07868536, 21.3878, 1.195203, 0.743877, 0.7735416
 
23.44044, -0.134263, -0.4407075, 5, 0, 0.1060937509358948535679961120, 172.9585, -1642.728, -6.594189, 0.004862703, 0.07868536, 21.41268, 1.195203, 0.743877, 0.7735416
 
23.45044, -0.1326381, -0.4420502, 5, 0, 0.1060930478097288530024518995, 173.3687, -1642.728, -6.594189, 0.004862703, 0.07868536, 21.43797, 1.195203, 0.743877, 0.7735416
 
23.46044, -0.1310531, -0.4433765, 5, 0, 0.1060856790475092315334073952, 173.7859, -1642.728, -6.594189, 0.004862703, 0.07868536, 21.46367, 1.195203, 0.743877, 0.7735416
 
23.47044, -0.1295063, -0.4446871, 5, 0, 0.1060715602740960046351384506, 174.2104, -1642.728, -6.594189, 0.004862703, 0.07868536, 21.48978, 1.195203, 0.743877, 0.7735416
 
23.48044, -0.1279911, -0.4459821, 5, 0, 0.1060507758646291568333692143, 174.6421, -1642.728, -6.594189, 0.004862703, 0.07868536, 21.51631, 1.195204, 0.743877, 0.7735416
 
23.49044, -0.1265062, -0.447262, 5, 0, 0.1060232695690151502514207770, 175.0809, -1642.728, -6.594189, 0.004862703, 0.07868536, 21.54324, 1.195204, 0.743877, 0.7735416
 
23.50044, -0.1250476, -0.4485271, 5, 0, 0.1059890695123010761169268086, 175.527, -1642.728, -6.594189, 0.004862703, 0.07868536, 21.57058, 1.195205, 0.743877, 0.7735416
 
23.51044, -0.1236128, -0.4497776, 5, 0, 0.1059482038195332199342854408, 175.9803, -1642.728, -6.594189, 0.004862703, 0.07868536, 21.59832, 1.195206, 0.743877, 0.7735416
 
23.52044, -0.1221987, -0.4510137, 5, 0, 0.1059006443656651350544514344, 176.4409, -1642.728, -6.594189, 0.004862703, 0.07868536, 21.62647, 1.195208, 0.743877, 0.7735416
 
23.53044, -0.120801, -0.4522357, 5, 0, 0.1058464192757432681264700285, 176.9085, -1642.728, -6.594189, 0.004862703, 0.07868536, 21.65502, 1.195209, 0.743877, 0.7735416
 
23.54044, -0.1194187, -0.4534437, 5, 0, 0.1057855566748145492333277855, 177.3834, -1642.728, -6.594189, 0.004862703, 0.07868536, 21.68397, 1.19521, 0.743877, 0.7735416
 
23.55044, -0.11805, -0.4546379, 5, 0, 0.1057180284378320482920381432, 177.8655, -1642.728, -6.594189, 0.004862703, 0.07868536, 21.71332, 1.195212, 0.743877, 0.7735416
 
23.56044, -0.1166889, -0.4558184, 5, 0, 0.1056438626898425342409405560, 178.3548, -1642.728, -6.594189, 0.004862703, 0.07868536, 21.74307, 1.195214, 0.743877, 0.7735416
 
23.57044, -0.1153378, -0.4569853, 5, 0, 0.1055630313057993992863426771, 178.8513, -1642.728, -6.594189, 0.004862703, 0.07868536, 21.77321, 1.195216, 0.743877, 0.7735416
 
23.58044, -0.1139896, -0.4581386, 5, 0, 0.1054755905357958590156292004, 179.3549, -1642.728, -6.594189, 0.004862703, 0.07868536, 21.80375, 1.195218, 0.743877, 0.7735416
 
23.59044, -0.1126462, -0.4592786, 5, 0, 0.1053815122547853056351077790, 179.8657, -1642.728, -6.594189, 0.004862703, 0.07868536, 21.83467, 1.195221, 0.743877, 0.7735416
 
23.60044, -0.1113056, -0.460405, 5, 0, 0.1052808245878143469384707597, 180.3838, -1642.728, -6.594189, 0.004862703, 0.07868536, 21.86599, 1.195223, 0.743877, 0.7735416
 
23.61045, -0.1099642, -0.4615181, 5, 0, 0.1051735275348829829257181427, 180.909, -1642.728, -6.594189, 0.004862703, 0.07868536, 21.89769, 1.195226, 0.743877, 0.7735416
 
23.62045, -0.1086213, -0.4626177, 5, 0, 0.1050596773460845903288817294, 181.4415, -1642.728, -6.594189, 0.004862703, 0.07868536, 21.92979, 1.195229, 0.743877, 0.7735416
 
23.63045, -0.1072734, -0.4637039, 5, 0, 0.1049392177713257924159297183, 181.981, -1642.728, -6.594189, 0.004862703, 0.07868536, 21.96226, 1.195232, 0.743877, 0.7735416
 
23.64045, -0.1059204, -0.4647767, 5, 0, 0.1048121488106064280422150018, 182.5279, -1642.728, -6.594189, 0.004862703, 0.07868536, 21.99512, 1.195235, 0.743877, 0.7735416
 
23.65045, -0.1045609, -0.4658359, 5, 0, 0.1046785548390668040227559437, 183.0818, -1642.728, -6.594189, 0.004862703, 0.07868536, 22.02836, 1.195239, 0.743877, 0.7735416
 
23.66045, -0.103193, -0.4668815, 5, 0, 0.1045384358567067592129054364, 183.643, -1642.728, -6.594189, 0.004862703, 0.07868536, 22.06199, 1.195242, 0.743877, 0.7735416
 
23.67045, -0.1018161, -0.4679134, 5, 0, 0.1043917637384795246743240252, 184.2114, -1642.728, -6.594189, 0.004862703, 0.07868536, 22.09599, 1.195246, 0.743877, 0.7735416
 
23.68045, -0.1004283, -0.4689316, 5, 0, 0.1042385947344783159943964041, 184.787, -1642.728, -6.594189, 0.004862703, 0.07868536, 22.13036, 1.19525, 0.743877, 0.7735416
 
23.69045, -0.09902747, -0.4699359, 5, 0, 0.1040789288447034554624167884, 185.3696, -1642.728, -6.594189, 0.004862703, 0.07868536, 22.16511, 1.195254, 0.743877, 0.7735416
 
23.70045, -0.09761344, -0.4709261, 5, 0, 0.1039127660691547819337380704, 185.9595, -1642.728, -6.594189, 0.004862703, 0.07868536, 22.20023, 1.195258, 0.743877, 0.7735416
 
23.71045, -0.09618607, -0.4719023, 5, 0, 0.1037401345328789032020525972, 186.5566, -1642.728, -6.594189, 0.004862703, 0.07868536, 22.23572, 1.195263, 0.743877, 0.7735416
 
23.72045, -0.09474429, -0.4728642, 5, 0, 0.1035610623609224270610527156, 187.1609, -1642.728, -6.594189, 0.004862703, 0.07868536, 22.27158, 1.195267, 0.743877, 0.7735416
 
23.73045, -0.09328455, -0.4738116, 5, 0, 0.1033755776783321224490778803, 187.7723, -1642.728, -6.594189, 0.004862703, 0.07868536, 22.3078, 1.195272, 0.743877, 0.7735416
 
23.74045, -0.09180947, -0.4747444, 5, 0, 0.1031836804851078282214809836, 188.391, -1642.728, -6.594189, 0.004862703, 0.07868536, 22.34439, 1.195277, 0.743877, 0.7735416
 
23.75045, -0.09031539, -0.4756625, 5, 0, 0.1029854270313429211102938272, 189.0168, -1642.728, -6.594189, 0.004862703, 0.07868536, 22.38135, 1.195282, 0.743877, 0.7735416
 
23.76045, -0.08880342, -0.4765657, 5, 0, 0.1027807610669441855281317171, 189.6498, -1642.728, -6.594189, 0.004862703, 0.07868536, 22.41866, 1.195287, 0.743877, 0.7735416
 
23.77045, -0.08727144, -0.4774537, 5, 0, 0.1025697950920980526497640412, 190.2899, -1642.728, -6.594189, 0.004862703, 0.07868536, 22.45634, 1.195292, 0.743877, 0.7735416
 
23.78045, -0.08572025, -0.4783264, 5, 0, 0.1023525291068045224751907995, 190.9373, -1642.728, -6.594189, 0.004862703, 0.07868536, 22.49437, 1.195298, 0.743877, 0.7735416
 
23.79045, -0.08414688, -0.4791836, 5, 0, 0.1021289631110637561490590996, 191.5918, -1642.728, -6.594189, 0.004862703, 0.07868536, 22.53275, 1.195304, 0.743877, 0.7735416
 
23.80045, -0.08255226, -0.4800251, 5, 0, 0.1018991533549689692587536355, 192.2534, -1642.728, -6.594189, 0.004862703, 0.07868536, 22.57149, 1.195309, 0.743877, 0.7735416
 
23.81045, -0.08093625, -0.4808506, 5, 0, 0.1016631279635666084533196464, 192.9222, -1642.728, -6.594189, 0.004862703, 0.07868536, 22.61058, 1.195315, 0.743877, 0.7735416
 
23.82045, -0.07929958, -0.48166, 5, 0, 0.1014209150619034426710965871, 193.5983, -1642.728, -6.594189, 0.004862703, 0.07868536, 22.65002, 1.195322, 0.743877, 0.7735416
 
23.83045, -0.07763667, -0.482453, 5, 0, 0.1011725427750262408504239122, 194.2814, -1642.728, -6.594189, 0.004862703, 0.07868536, 22.6898, 1.195328, 0.743877, 0.7735416
 
23.84045, -0.07595297, -0.4832294, 5, 0, 0.1009180111029348418466545139, 194.9718, -1642.728, -6.594189, 0.004862703, 0.07868536, 22.72994, 1.195334, 0.743877, 0.7735416
 
23.85045, -0.07424476, -0.4839889, 5, 0, 0.1006574044207692301855125409, 195.6693, -1642.728, -6.594189, 0.004862703, 0.07868536, 22.77041, 1.195341, 0.743877, 0.7735416
 
23.86045, -0.072513, -0.4847313, 5, 0, 0.1003907508535761748053374478, 196.3739, -1642.728, -6.594189, 0.004862703, 0.07868536, 22.81123, 1.195348, 0.743877, 0.7735416
 
23.87045, -0.07075584, -0.4854565, 5, 0, 0.1001180222763087456231426722, 197.0858, -1642.728, -6.594189, 0.004862703, 0.07868536, 22.85239, 1.195355, 0.743877, 0.7735416
 
23.88045, -0.06897475, -0.486164, 5, 0, 0.0998393593142003038966841645, 197.8048, -1642.728, -6.594189, 0.004862703, 0.07868536, 22.89389, 1.195362, 0.743877, 0.7735416
 
23.89045, -0.06716934, -0.4868538, 5, 0, 0.0995547057171574728939301229, 198.531, -1642.728, -6.594189, 0.004862703, 0.07868536, 22.93572, 1.195369, 0.743877, 0.7735416
 
23.90045, -0.06533877, -0.4875255, 5, 0, 0.0992642021104136138726364976, 199.2643, -1642.728, -6.594189, 0.004862703, 0.07868536, 22.97789, 1.195377, 0.743877, 0.7735416
 
23.91045, -0.0634817, -0.4881788, 5, 0, 0.0989678203689221190391109417, 200.0048, -1642.728, -6.594189, 0.004862703, 0.07868536, 23.02039, 1.195384, 0.743877, 0.7735416
 
23.92045, -0.06159968, -0.4888137, 5, 0, 0.0986656167427760428360910414, 200.7524, -1642.728, -6.594189, 0.004862703, 0.07868536, 23.06322, 1.195392, 0.743877, 0.7735416
 
23.93045, -0.05969333, -0.4894297, 5, 0, 0.0983576474820687619956085983, 201.5072, -1642.728, -6.594189, 0.004862703, 0.07868536, 23.10637, 1.1954, 0.743877, 0.7735416
 
23.94045, -0.05776135, -0.4900266, 5, 0, 0.0980439125868002765176636125, 202.2692, -1642.728, -6.594189, 0.004862703, 0.07868536, 23.14986, 1.195408, 0.743877, 0.7735416
 
23.95045, -0.05580187, -0.4906042, 5, 0, 0.0977244964321105709279802326, 203.0383, -1642.728, -6.594189, 0.004862703, 0.07868536, 23.19367, 1.195416, 0.743877, 0.7735416
 
23.96045, -0.05381842, -0.4911622, 5, 0, 0.0973994833931396297522826069, 203.8146, -1642.728, -6.594189, 0.004862703, 0.07868536, 23.2378, 1.195424, 0.743877, 0.7735416
 
23.97045, -0.05181028, -0.4917004, 5, 0, 0.0970688453448405229075841734, 204.5982, -1642.728, -6.594189, 0.004862703, 0.07868536, 23.28226, 1.195433, 0.743877, 0.7735416
 
23.98045, -0.04977484, -0.4922185, 5, 0, 0.0967326666623533960642561882, 205.3888, -1642.728, -6.594189, 0.004862703, 0.07868536, 23.32703, 1.195441, 0.743877, 0.7735416
 
23.99045, -0.04771423, -0.4927163, 5, 0, 0.0963910317208182337480227998, 206.1866, -1642.728, -6.594189, 0.004862703, 0.07868536, 23.37212, 1.19545, 0.743877, 0.7735416
 
24.00045, -0.04562845, -0.4931934, 5, 0, 0.0960439686452814826079292477, 206.9915, -1642.728, -6.594189, 0.004862703, 0.07868536, 23.41753, 1.195459, 0.743877, 0.7735416
 
24.01045, -0.04351858, -0.4936497, 5, 0, 0.0956915336858365193760073333, 207.8036, -1642.728, -6.594189, 0.004862703, 0.07868536, 23.46324, 1.195468, 0.743877, 0.7735416
 
24.02045, -0.04138014, -0.4940848, 5, 0, 0.0953337549675299518459494037, 208.6228, -1642.728, -6.594189, 0.004862703, 0.07868536, 23.50927, 1.195477, 0.743877, 0.7735416
 
24.03045, -0.03921723, -0.4944986, 5, 0, 0.0949706606154083878114478058, 209.4492, -1642.728, -6.594189, 0.004862703, 0.07868536, 23.55561, 1.195486, 0.743877, 0.7735416
 
24.04045, -0.03703108, -0.4948908, 5, 0, 0.0946024193797517963239508368, 210.2828, -1642.728, -6.594189, 0.004862703, 0.07868536, 23.60226, 1.195495, 0.743877, 0.7735416
 
24.05046, -0.03481857, -0.4952611, 5, 0, 0.0942290031355134084451190420, 211.1235, -1642.728, -6.594189, 0.004862703, 0.07868536, 23.64921, 1.195505, 0.743877, 0.7735416
 
24.06046, -0.03258146, -0.4956093, 5, 0, 0.0938504681327866009069842230, 211.9714, -1642.728, -6.594189, 0.004862703, 0.07868536, 23.69647, 1.195515, 0.743877, 0.7735416
 
24.07046, -0.03031984, -0.4959351, 5, 0, 0.0934669549968044126780081148, 212.8263, -1642.728, -6.594189, 0.004862703, 0.07868536, 23.74402, 1.195524, 0.743877, 0.7735416
 
24.08046, -0.02803457, -0.4962384, 5, 0, 0.0930784356025203971091454779, 213.6885, -1642.728, -6.594189, 0.004862703, 0.07868536, 23.79188, 1.195534, 0.743877, 0.7735416
 
24.09046, -0.0257241, -0.4965187, 5, 0, 0.0926849943250743775814733532, 214.5578, -1642.728, -6.594189, 0.004862703, 0.07868536, 23.84004, 1.195544, 0.743877, 0.7735416
 
24.10046, -0.02339142, -0.496776, 5, 0, 0.0922867717896997153527476910, 215.4342, -1642.728, -6.594189, 0.004862703, 0.07868536, 23.88849, 1.195554, 0.743877, 0.7735416
 
24.11046, -0.02103657, -0.4970099, 5, 0, 0.0918837117463028725462895820, 216.3178, -1642.728, -6.594189, 0.004862703, 0.07868536, 23.93723, 1.195565, 0.743877, 0.7735416
 
24.12046, -0.01865652, -0.4972202, 5, 0, 0.0914759548201170492752078687, 217.2085, -1642.728, -6.594189, 0.004862703, 0.07868536, 23.98627, 1.195575, 0.743877, 0.7735416
 
24.13046, -0.01625523, -0.4974068, 5, 0, 0.0910635572612357834161814603, 218.1064, -1642.728, -6.594189, 0.004862703, 0.07868536, 24.0356, 1.195586, 0.743877, 0.7735416
 
24.14046, -0.01383078, -0.4975694, 5, 0, 0.0906466034447987372056402902, 219.0114, -1642.728, -6.594189, 0.004862703, 0.07868536, 24.08521, 1.195596, 0.743877, 0.7735416
 
24.15046, -0.01138609, -0.4977077, 5, 0, 0.0902251214958528407265709205, 219.9236, -1642.728, -6.594189, 0.004862703, 0.07868536, 24.13512, 1.195607, 0.743877, 0.7735416
 
24.16046, -0.008918901, -0.4978215, 5, 0, 0.0897992239145843640090956315, 220.8428, -1642.728, -6.594189, 0.004862703, 0.07868536, 24.18531, 1.195618, 0.743877, 0.7735416
 
24.17046, -0.006432556, -0.4979107, 5, 0, 0.0893689950761332915789385718, 221.7693, -1642.728, -6.594189, 0.004862703, 0.07868536, 24.23578, 1.195629, 0.743877, 0.7735416
 
24.18046, -0.003924354, -0.4979751, 5, 0, 0.0889344349804997845807468490, 222.7028, -1642.728, -6.594189, 0.004862703, 0.07868536, 24.28653, 1.19564, 0.743877, 0.7735416
 
24.19046, -0.001396113, -0.4980143, 5, 0, 0.0884956280028235052509503964, 223.6436, -1642.728, -6.594189, 0.004862703, 0.07868536, 24.33756, 1.195651, 0.743877, 0.7735416
 
24.20046, 0.001150271, -0.4980282, 5, 0, 0.0880527147683378148473051641, 224.5914, -1642.728, -6.594189, 0.004862703, 0.07868536, 24.38887, 1.195663, 0.743877, 0.7735416
 
24.21046, 0.003715888, -0.4980167, 5, 0, 0.0876057515271360901018429538, 225.5464, -1642.728, -6.594189, 0.004862703, 0.07868536, 24.44045, 1.195674, 0.743877, 0.7735416
 
24.22046, 0.006301322, -0.4979796, 5, 0, 0.0871547664042647776636090048, 226.5085, -1642.728, -6.594189, 0.004862703, 0.07868536, 24.49231, 1.195686, 0.743877, 0.7735416
 
24.23046, 0.008904825, -0.4979166, 5, 0, 0.0866998718999104698520198125, 227.4778, -1642.728, -6.594189, 0.004862703, 0.07868536, 24.54444, 1.195697, 0.743877, 0.7735416
 
24.24046, 0.01152424, -0.4978275, 5, 0, 0.0862411523892133123374466333, 228.4541, -1642.728, -6.594189, 0.004862703, 0.07868536, 24.59684, 1.195709, 0.743877, 0.7735416
 
24.25046, 0.01416026, -0.4977123, 5, 0, 0.0857786641222661984179799456, 229.4377, -1642.728, -6.594189, 0.004862703, 0.07868536, 24.64951, 1.195721, 0.743877, 0.7735416
 
24.26046, 0.01681296, -0.4975707, 5, 0, 0.0853124633491626659702986589, 230.4284, -1642.728, -6.594189, 0.004862703, 0.07868536, 24.70245, 1.195733, 0.743877, 0.7735416
 
24.27046, 0.01947946, -0.4974026, 5, 0, 0.0848427188201825229012039626, 231.4262, -1642.728, -6.594189, 0.004862703, 0.07868536, 24.75565, 1.195745, 0.743877, 0.7735416
 
24.28046, 0.02216272, -0.4972078, 5, 0, 0.0843694305353257692106958566, 232.4311, -1642.728, -6.594189, 0.004862703, 0.07868536, 24.80911, 1.195757, 0.743877, 0.7735416
 
24.29046, 0.0248607, -0.4969862, 5, 0, 0.0838927109947789972181908365, 233.4431, -1642.728, -6.594189, 0.004862703, 0.07868536, 24.86283, 1.195769, 0.743877, 0.7735416
 
24.30046, 0.02757128, -0.4967375, 5, 0, 0.0834126445736820303047659433, 234.4623, -1642.728, -6.594189, 0.004862703, 0.07868536, 24.91682, 1.195781, 0.743877, 0.7735416
 
24.31046, 0.03029495, -0.4964618, 5, 0, 0.0829292875221280840578058708, 235.4886, -1642.728, -6.594189, 0.004862703, 0.07868536, 24.97106, 1.195794, 0.743877, 0.7735416
 
24.32046, 0.03302931, -0.4961589, 5, 0, 0.0824427804653506808797136769, 236.5221, -1642.728, -6.594189, 0.004862703, 0.07868536, 25.02555, 1.195806, 0.743877, 0.7735416
 
24.33046, 0.03577741, -0.4958286, 5, 0, 0.0819531515283961062748874932, 237.5626, -1642.728, -6.594189, 0.004862703, 0.07868536, 25.08031, 1.195818, 0.743877, 0.7735416
 
24.34046, 0.03853635, -0.4954708, 5, 0, 0.0814604850864043447690514683, 238.6103, -1642.728, -6.594189, 0.004862703, 0.07868536, 25.13531, 1.195831, 0.743877, 0.7735416
 
24.35046, 0.04130229, -0.4950854, 5, 0, 0.0809648936395621498262692054, 239.6652, -1642.728, -6.594189, 0.004862703, 0.07868536, 25.19056, 1.195844, 0.743877, 0.7735416
 
24.36046, 0.04408011, -0.4946724, 5, 0, 0.0804664615630093448276177454, 240.7271, -1642.728, -6.594189, 0.004862703, 0.07868536, 25.24607, 1.195856, 0.743877, 0.7735416
 
24.37046, 0.04686663, -0.4942316, 5, 0, 0.0799652451068391453604817823, 241.7961, -1642.728, -6.594189, 0.004862703, 0.07868536, 25.30182, 1.195869, 0.743877, 0.7735416
 
24.38046, 0.04965902, -0.4937629, 5, 0, 0.0794613848962847515379701585, 242.8724, -1642.728, -6.594189, 0.004862703, 0.07868536, 25.35781, 1.195882, 0.743877, 0.7735416
 
24.39046, 0.05246102, -0.4932663, 5, 0, 0.0789549090563927711537752210, 243.9556, -1642.728, -6.594189, 0.004862703, 0.07868536, 25.41405, 1.195895, 0.743877, 0.7735416
 
24.40046, 0.055269, -0.4927417, 5, 0, 0.0784459300873499576719605730, 245.0461, -1642.728, -6.594189, 0.004862703, 0.07868536, 25.47054, 1.195908, 0.743877, 0.7735416
 
24.41046, 0.05808249, -0.492189, 5, 0, 0.0779345604893427422672956024, 246.1436, -1642.728, -6.594189, 0.004862703, 0.07868536, 25.52726, 1.195921, 0.743877, 0.7735416
 
24.42046, 0.06089846, -0.4916082, 5, 0, 0.0774208846375111094655044578, 247.2483, -1642.728, -6.594189, 0.004862703, 0.07868536, 25.58422, 1.195934, 0.743877, 0.7735416
 
24.43046, 0.06371994, -0.4909993, 5, 0, 0.0769049587819481137093247254, 248.3601, -1642.728, -6.594189, 0.004862703, 0.07868536, 25.64141, 1.195947, 0.743877, 0.7735416
 
24.44046, 0.06654292, -0.490362, 5, 0, 0.0763869235478872774011594631, 249.4789, -1642.728, -6.594189, 0.004862703, 0.07868536, 25.69884, 1.195961, 0.743877, 0.7735416
 
24.45046, 0.06936885, -0.4896966, 5, 0, 0.0758668070603750471900539102, 250.605, -1642.728, -6.594189, 0.004862703, 0.07868536, 25.75651, 1.195974, 0.743877, 0.7735416
 
24.46046, 0.07219688, -0.4890029, 5, 0, 0.0753446936945514076017322152, 251.7382, -1642.728, -6.594189, 0.004862703, 0.07868536, 25.81441, 1.195987, 0.743877, 0.7735416
 
24.47046, 0.07502355, -0.488281, 5, 0, 0.0748207522006960053983484599, 252.8784, -1642.728, -6.594189, 0.004862703, 0.07868536, 25.87254, 1.196001, 0.743877, 0.7735416
 
24.48046, 0.07785154, -0.4875307, 5, 0, 0.0742950388289023784565815537, 254.0257, -1642.728, -6.594189, 0.004862703, 0.07868536, 25.9309, 1.196014, 0.743877, 0.7735416
 
24.49047, 0.08067711, -0.4867522, 5, 0, 0.0737676098292639035084632981, 255.1803, -1642.728, -6.594189, 0.004862703, 0.07868536, 25.98948, 1.196028, 0.743877, 0.7735416
 
24.50047, 0.08350231, -0.4859454, 5, 0, 0.0732385777019666894394688656, 256.3418, -1642.728, -6.594189, 0.004862703, 0.07868536, 26.04829, 1.196041, 0.743877, 0.7735416
 
24.51047, 0.08632223, -0.4851104, 5, 0, 0.0727080549471976508583089672, 257.5106, -1642.728, -6.594189, 0.004862703, 0.07868536, 26.10733, 1.196055, 0.743877, 0.7735416
 
24.52047, 0.08914062, -0.4842472, 5, 0, 0.0721760978150500033523682967, 258.6863, -1642.728, -6.594189, 0.004862703, 0.07868536, 26.16658, 1.196068, 0.743877, 0.7735416
 
24.53047, 0.09195188, -0.4833558, 5, 0, 0.0716427906806637314473710028, 259.8693, -1642.728, -6.594189, 0.004862703, 0.07868536, 26.22606, 1.196082, 0.743877, 0.7735416
 
24.54047, 0.09475897, -0.4824362, 5, 0, 0.0711082741692717129671317126, 261.0592, -1642.728, -6.594189, 0.004862703, 0.07868536, 26.28575, 1.196096, 0.743877, 0.7735416
 
24.55047, 0.09755788, -0.4814886, 5, 0, 0.0705726045309676469329764431, 262.2564, -1642.728, -6.594189, 0.004862703, 0.07868536, 26.34566, 1.19611, 0.743877, 0.7735416
 
24.56047, 0.1003497, -0.4805131, 5, 0, 0.0700359223909844111687198213, 263.4607, -1642.728, -6.594189, 0.004862703, 0.07868536, 26.4058, 1.196123, 0.743877, 0.7735416
 
24.57047, 0.1031347, -0.4795096, 5, 0, 0.0694982277493223279636560628, 264.6719, -1642.728, -6.594189, 0.004862703, 0.07868536, 26.46614, 1.196137, 0.743877, 0.7735416
 
24.58047, 0.1059082, -0.4784782, 5, 0, 0.0689596893562608829352921415, 265.8904, -1642.728, -6.594189, 0.004862703, 0.07868536, 26.52669, 1.196151, 0.743877, 0.7735416
 
24.59047, 0.1086728, -0.4774191, 5, 0, 0.0684203353368468450219675121, 267.116, -1642.728, -6.594189, 0.004862703, 0.07868536, 26.58746, 1.196165, 0.743877, 0.7735416
 
24.60047, 0.1114258, -0.4763324, 5, 0, 0.0678803063163135754814381249, 268.3486, -1642.728, -6.594189, 0.004862703, 0.07868536, 26.64844, 1.196178, 0.743877, 0.7735416
 
24.61047, 0.1141679, -0.4752181, 5, 0, 0.0673396585447541287564415660, 269.5884, -1642.728, -6.594189, 0.004862703, 0.07868536, 26.70962, 1.196192, 0.743877, 0.7735416
 
24.62047, 0.1168959, -0.4740765, 5, 0, 0.0667985326474018661047337857, 270.8353, -1642.728, -6.594189, 0.004862703, 0.07868536, 26.77102, 1.196206, 0.743877, 0.7735416
 
24.63047, 0.1196109, -0.4729075, 5, 0, 0.0662569286242567875263147839, 272.0892, -1642.728, -6.594189, 0.004862703, 0.07868536, 26.83261, 1.19622, 0.743877, 0.7735416
 
24.64047, 0.122312, -0.4717114, 5, 0, 0.0657150433506451475770309894, 273.3501, -1642.728, -6.594189, 0.004862703, 0.07868536, 26.89441, 1.196234, 0.743877, 0.7735416
 
24.65047, 0.124995, -0.4704883, 5, 0, 0.0651729049516138763398689645, 274.6183, -1642.728, -6.594189, 0.004862703, 0.07868536, 26.95641, 1.196248, 0.743877, 0.7735416
 
24.66047, 0.1276608, -0.4692383, 5, 0, 0.0646306259273494049895980972, 275.8937, -1642.728, -6.594189, 0.004862703, 0.07868536, 27.01862, 1.196262, 0.743877, 0.7735416
 
24.67047, 0.1303094, -0.4679617, 5, 0, 0.0640882625279449491136030813, 277.176, -1642.728, -6.594189, 0.004862703, 0.07868536, 27.08102, 1.196276, 0.743877, 0.7735416
 
24.68047, 0.1329402, -0.4666586, 5, 0, 0.0635459553786337088249927593, 278.4655, -1642.728, -6.594189, 0.004862703, 0.07868536, 27.14362, 1.196289, 0.743877, 0.7735416
 
24.69047, 0.1355523, -0.4653292, 5, 0, 0.0630037326044626142067536935, 279.762, -1642.728, -6.594189, 0.004862703, 0.07868536, 27.20642, 1.196303, 0.743877, 0.7735416
 
24.70047, 0.138142, -0.4639737, 5, 0, 0.0624617067056177741443610566, 281.0657, -1642.728, -6.594189, 0.004862703, 0.07868536, 27.26941, 1.196317, 0.743877, 0.7735416
 
24.71047, 0.1407128, -0.4625923, 5, 0, 0.0619199620572394954528332123, 282.3764, -1642.728, -6.594189, 0.004862703, 0.07868536, 27.3326, 1.196331, 0.743877, 0.7735416
 
24.72047, 0.1432605, -0.4611852, 5, 0, 0.0613786111595140481622924408, 283.6943, -1642.728, -6.594189, 0.004862703, 0.07868536, 27.39597, 1.196345, 0.743877, 0.7735416
 
24.73047, 0.1457852, -0.4597526, 5, 0, 0.0608377102625348090047705439, 285.0191, -1642.728, -6.594189, 0.004862703, 0.07868536, 27.45954, 1.196359, 0.743877, 0.7735416
 
24.74047, 0.1482866, -0.4582947, 5, 0, 0.0602973437414419236506387777, 286.3512, -1642.728, -6.594189, 0.004862703, 0.07868536, 27.5233, 1.196373, 0.743877, 0.7735416
 
24.75047, 0.1507627, -0.4568118, 5, 0, 0.0597576240964216621300194224, 287.6902, -1642.728, -6.594189, 0.004862703, 0.07868536, 27.58724, 1.196387, 0.743877, 0.7735416
 
24.76047, 0.1532127, -0.4553042, 5, 0, 0.0592186357026140089686366267, 289.0364, -1642.728, -6.594189, 0.004862703, 0.07868536, 27.65137, 1.1964, 0.743877, 0.7735416
 
24.77047, 0.1556371, -0.4537721, 5, 0, 0.0586804066850655719601827374, 290.3896, -1642.728, -6.594189, 0.004862703, 0.07868536, 27.71568, 1.196414, 0.743877, 0.7735416
 
24.78047, 0.158035, -0.4522157, 5, 0, 0.0581430776690097123624137047, 291.75, -1642.728, -6.594189, 0.004862703, 0.07868536, 27.78018, 1.196428, 0.743877, 0.7735416
 
24.79047, 0.1604017, -0.4506353, 5, 0, 0.0576067049045394846180671150, 293.1175, -1642.728, -6.594189, 0.004862703, 0.07868536, 27.84486, 1.196442, 0.743877, 0.7735416
 
24.80047, 0.1627427, -0.4490313, 5, 0, 0.0570713727667951955421613320, 294.4919, -1642.728, -6.594189, 0.004862703, 0.07868536, 27.90973, 1.196455, 0.743877, 0.7735416
 
24.81047, 0.1650519, -0.4474039, 5, 0, 0.0565371656309163462264791815, 295.8735, -1642.728, -6.594189, 0.004862703, 0.07868536, 27.97476, 1.196469, 0.743877, 0.7735416
 
24.82047, 0.1673302, -0.4457534, 5, 0, 0.0560041959970895289904371588, 297.2622, -1642.728, -6.594189, 0.004862703, 0.07868536, 28.03999, 1.196483, 0.743877, 0.7735416
 
24.83047, 0.1695779, -0.4440801, 5, 0, 0.0554724638653150661233294795, 298.658, -1642.728, -6.594189, 0.004862703, 0.07868536, 28.10538, 1.196496, 0.743877, 0.7735416
 
24.84047, 0.1717937, -0.4423843, 5, 0, 0.0549420817357792276552784236, 300.0609, -1642.728, -6.594189, 0.004862703, 0.07868536, 28.17095, 1.19651, 0.743877, 0.7735416
 
24.85047, 0.1739754, -0.4406664, 5, 0, 0.0544131902337152136993928336, 301.4708, -1642.728, -6.594189, 0.004862703, 0.07868536, 28.2367, 1.196524, 0.743877, 0.7735416
 
24.86047, 0.1761225, -0.4389266, 5, 0, 0.0538857893591233465449669250, 302.8878, -1642.728, -6.594189, 0.004862703, 0.07868536, 28.30262, 1.196537, 0.743877, 0.7735416
 
24.87047, 0.1782349, -0.4371654, 5, 0, 0.0533599916121897350774758702, 304.3119, -1642.728, -6.594189, 0.004862703, 0.07868536, 28.36871, 1.196551, 0.743877, 0.7735416
 
24.88047, 0.1803122, -0.4353831, 5, 0, 0.0528358532430080783182456861, 305.7431, -1642.728, -6.594189, 0.004862703, 0.07868536, 28.43497, 1.196564, 0.743877, 0.7735416
 
24.89047, 0.1823529, -0.4335799, 5, 0, 0.0523134867517646462973986531, 307.1814, -1642.728, -6.594189, 0.004862703, 0.07868536, 28.5014, 1.196578, 0.743877, 0.7735416
 
24.90047, 0.1843598, -0.4317564, 5, 0, 0.0517928640134128312212424241, 308.6266, -1642.728, -6.594189, 0.004862703, 0.07868536, 28.568, 1.196591, 0.743877, 0.7735416
 
24.91047, 0.1863261, -0.4299128, 5, 0, 0.0512741537782326021412252962, 310.0792, -1642.728, -6.594189, 0.004862703, 0.07868536, 28.63476, 1.196604, 0.743877, 0.7735416
 
24.92048, 0.188257, -0.4280495, 5, 0, 0.0507573841712704057063925088, 311.5386, -1642.728, -6.594189, 0.004862703, 0.07868536, 28.70169, 1.196617, 0.743877, 0.7735416
 
24.93048, 0.1901487, -0.426167, 5, 0, 0.0502426395676663875871153180, 313.0051, -1642.728, -6.594189, 0.004862703, 0.07868536, 28.76878, 1.196631, 0.743877, 0.7735416
 
24.94048, 0.1920001, -0.4242655, 5, 0, 0.0497299762175137633707784179, 314.4787, -1642.728, -6.594189, 0.004862703, 0.07868536, 28.83604, 1.196644, 0.743877, 0.7735416
 
24.95048, 0.1938116, -0.4223455, 5, 0, 0.0492194784959523564384588493, 315.9594, -1642.728, -6.594189, 0.004862703, 0.07868536, 28.90345, 1.196657, 0.743877, 0.7735416
 
24.96048, 0.1955821, -0.4204074, 5, 0, 0.0487112307781221513158807609, 317.4471, -1642.728, -6.594189, 0.004862703, 0.07868536, 28.97103, 1.19667, 0.743877, 0.7735416
 
24.97048, 0.1973106, -0.4184515, 5, 0, 0.0482052893141165247350759541, 318.9419, -1642.728, -6.594189, 0.004862703, 0.07868536, 29.03876, 1.196683, 0.743877, 0.7735416
 
24.98048, 0.1989968, -0.4164785, 5, 0, 0.0477016822289819233450896684, 320.4438, -1642.728, -6.594189, 0.004862703, 0.07868536, 29.10666, 1.196696, 0.743877, 0.7735416
 
24.99048, 0.2006429, -0.4144885, 5, 0, 0.0472004657728117238779537052, 321.9527, -1642.728, -6.594189, 0.004862703, 0.07868536, 29.17471, 1.196709, 0.743877, 0.7735416
 
25.00048, 0.2022452, -0.4124821, 5, 0, 0.0467017524457923575084374525, 323.4686, -1642.728, -6.594189, 0.004862703, 0.07868536, 29.24291, 1.196722, 0.743877, 0.7735416
 
25.01048, 0.2038032, -0.4104596, 5, 0, 0.0462055703729707543195274726, 324.9917, -1642.728, -6.594189, 0.004862703, 0.07868536, 29.31127, 1.196734, 0.743877, 0.7735416
 
25.02048, 0.2053167, -0.4084216, 5, 0, 0.0457119758044399687539613518, 326.5219, -1642.728, -6.594189, 0.004862703, 0.07868536, 29.37978, 1.196747, 0.743877, 0.7735416
 
25.03048, 0.2067869, -0.4063684, 5, 0, 0.0452210812403865931311555856, 328.059, -1642.728, -6.594189, 0.004862703, 0.07868536, 29.44844, 1.19676, 0.743877, 0.7735416
 
25.04048, 0.2082115, -0.4043005, 5, 0, 0.0447328585557640196574178269, 329.6031, -1642.728, -6.594189, 0.004862703, 0.07868536, 29.51725, 1.196772, 0.743877, 0.7735416
 
25.05048, 0.209591, -0.4022184, 5, 0, 0.0442474483758054484458569184, 331.1543, -1642.728, -6.594189, 0.004862703, 0.07868536, 29.58621, 1.196785, 0.743877, 0.7735416
 
25.06048, 0.2109231, -0.4001225, 5, 0, 0.0437648507005108794964728601, 332.7125, -1642.728, -6.594189, 0.004862703, 0.07868536, 29.65532, 1.196797, 0.743877, 0.7735416
 
25.07048, 0.2122078, -0.3980133, 5, 0, 0.0432851499050201361903426927, 334.278, -1642.728, -6.594189, 0.004862703, 0.07868536, 29.72457, 1.19681, 0.743877, 0.7735416
 
25.08048, 0.2134486, -0.3958912, 5, 0, 0.0428083459893333796721135241, 335.8502, -1642.728, -6.594189, 0.004862703, 0.07868536, 29.79397, 1.196822, 0.743877, 0.7735416
 
25.09048, 0.2146407, -0.3937567, 5, 0, 0.0423345514536372022612018497, 337.4297, -1642.728, -6.594189, 0.004862703, 0.07868536, 29.86352, 1.196834, 0.743877, 0.7735416
 
25.10048, 0.2157868, -0.3916104, 5, 0, 0.0418637662979312816683134542, 339.0161, -1642.728, -6.594189, 0.004862703, 0.07868536, 29.93321, 1.196846, 0.743877, 0.7735416
 
25.11048, 0.2168825, -0.3894525, 5, 0, 0.0413960748973559247084667015, 340.6097, -1642.728, -6.594189, 0.004862703, 0.07868536, 30.00304, 1.196858, 0.743877, 0.7735416
 
25.12048, 0.2179328, -0.3872837, 5, 0, 0.0409315053769575780307068310, 342.2103, -1642.728, -6.594189, 0.004862703, 0.07868536, 30.07302, 1.19687, 0.743877, 0.7735416
 
25.13048, 0.218936, -0.3851043, 5, 0, 0.0404700577367362416350338425, 343.8178, -1642.728, -6.594189, 0.004862703, 0.07868536, 30.14313, 1.196882, 0.743877, 0.7735416
 
25.14048, 0.2198894, -0.382915, 5, 0, 0.0400118444768785078408642317, 345.4324, -1642.728, -6.594189, 0.004862703, 0.07868536, 30.21338, 1.196894, 0.743877, 0.7735416
 
25.15048, 0.2207937, -0.3807161, 5, 0, 0.0395568937224308232972432378, 347.0541, -1642.728, -6.594189, 0.004862703, 0.07868536, 30.28377, 1.196905, 0.743877, 0.7735416
 
25.16048, 0.2216496, -0.3785081, 5, 0, 0.0391052335984402792318045308, 348.6828, -1642.728, -6.594189, 0.004862703, 0.07868536, 30.3543, 1.196917, 0.743877, 0.7735416
 
25.17048, 0.2224557, -0.3762916, 5, 0, 0.0386569203549997689426385894, 350.3186, -1642.728, -6.594189, 0.004862703, 0.07868536, 30.42496, 1.196929, 0.743877, 0.7735416
 
25.18048, 0.2232155, -0.3740671, 5, 0, 0.0382119539921094535743925211, 351.9612, -1642.728, -6.594189, 0.004862703, 0.07868536, 30.49576, 1.19694, 0.743877, 0.7735416
 
25.19048, 0.2239237, -0.3718349, 5, 0, 0.0377704188849091565081433670, 353.611, -1642.728, -6.594189, 0.004862703, 0.07868536, 30.56669, 1.196951, 0.743877, 0.7735416
 
25.20048, 0.2245823, -0.3695957, 5, 0, 0.0373323150333988777438911269, 355.268, -1642.728, -6.594189, 0.004862703, 0.07868536, 30.63776, 1.196963, 0.743877, 0.7735416
 
25.21048, 0.2251909, -0.3673499, 5, 0, 0.0368976986876719940136676025, 356.9318, -1642.728, -6.594189, 0.004862703, 0.07868536, 30.70896, 1.196974, 0.743877, 0.7735416
 
25.22048, 0.2257512, -0.3650979, 5, 0, 0.0364665979727751131111651408, 358.6026, -1642.728, -6.594189, 0.004862703, 0.07868536, 30.78028, 1.196985, 0.743877, 0.7735416
 
25.23048, 0.2262612, -0.3628404, 5, 0, 0.0360390410137550039747231964, 360.2806, -1642.728, -6.594189, 0.004862703, 0.07868536, 30.85174, 1.196996, 0.743877, 0.7735416
 
25.24048, 0.2267224, -0.3605778, 5, 0, 0.0356150278106113443150475539, 361.9655, -1642.728, -6.594189, 0.004862703, 0.07868536, 30.92332, 1.197007, 0.743877, 0.7735416
 
25.25048, 0.2271341, -0.3583106, 5, 0, 0.0351946427384842798025094697, 363.6575, -1642.728, -6.594189, 0.004862703, 0.07868536, 30.99504, 1.197018, 0.743877, 0.7735416
 
25.26048, 0.2274959, -0.3560392, 5, 0, 0.0347778576723272026434165966, 365.3567, -1642.728, -6.594189, 0.004862703, 0.07868536, 31.06688, 1.197028, 0.743877, 0.7735416
 
25.27048, 0.2278092, -0.3537643, 5, 0, 0.0343647569872797750741988681, 367.0626, -1642.728, -6.594189, 0.004862703, 0.07868536, 31.13885, 1.197039, 0.743877, 0.7735416
 
25.28048, 0.228074, -0.3514862, 5, 0, 0.0339552844332491037967658054, 368.7756, -1642.728, -6.594189, 0.004862703, 0.07868536, 31.21094, 1.197049, 0.743877, 0.7735416
 
25.29048, 0.2282892, -0.3492054, 5, 0, 0.0335495243853748510475473418, 370.4957, -1642.728, -6.594189, 0.004862703, 0.07868536, 31.28315, 1.19706, 0.743877, 0.7735416
 
25.30048, 0.2284558, -0.3469225, 5, 0, 0.0331474768436570168265434773, 372.2229, -1642.728, -6.594189, 0.004862703, 0.07868536, 31.35549, 1.19707, 0.743877, 0.7735416
 
25.31048, 0.2285734, -0.344638, 5, 0, 0.0327491980581889778657860135, 373.957, -1642.728, -6.594189, 0.004862703, 0.07868536, 31.42795, 1.197081, 0.743877, 0.7735416
 
25.32048, 0.2286437, -0.3423522, 5, 0, 0.0323546317788773574332431488, 375.6981, -1642.728, -6.594189, 0.004862703, 0.07868536, 31.50053, 1.197091, 0.743877, 0.7735416
 
25.33048, 0.2286648, -0.3400658, 5, 0, 0.0319638623808621400546390318, 377.4463, -1642.728, -6.594189, 0.004862703, 0.07868536, 31.57323, 1.197101, 0.743877, 0.7735416
 
25.34048, 0.22864, -0.3377792, 5, 0, 0.0315768617390967179362813155, 379.2013, -1642.728, -6.594189, 0.004862703, 0.07868536, 31.64605, 1.197111, 0.743877, 0.7735416
 
25.35048, 0.2285656, -0.3354928, 5, 0, 0.0311936579786275377272152392, 380.9636, -1642.728, -6.594189, 0.004862703, 0.07868536, 31.71898, 1.197121, 0.743877, 0.7735416
 
25.36049, 0.2284458, -0.3332071, 5, 0, 0.0308142792245015295104273652, 382.7327, -1642.728, -6.594189, 0.004862703, 0.07868536, 31.79204, 1.19713, 0.743877, 0.7735416
 
25.37049, 0.2282777, -0.3309226, 5, 0, 0.0304387254767185321412705858, 384.5089, -1642.728, -6.594189, 0.004862703, 0.07868536, 31.86521, 1.19714, 0.743877, 0.7735416
 
25.38049, 0.228065, -0.3286399, 5, 0, 0.0300669686102319378260525541, 386.2921, -1642.728, -6.594189, 0.004862703, 0.07868536, 31.9385, 1.19715, 0.743877, 0.7735416
 
25.39049, 0.2278043, -0.3263592, 5, 0, 0.0296990930001815699458503110, 388.0823, -1642.728, -6.594189, 0.004862703, 0.07868536, 32.0119, 1.197159, 0.743877, 0.7735416
 
25.40049, 0.2274981, -0.3240812, 5, 0, 0.0293350705215209818516186172, 389.8795, -1642.728, -6.594189, 0.004862703, 0.07868536, 32.08541, 1.197168, 0.743877, 0.7735416
 
25.41049, 0.2271473, -0.3218062, 5, 0, 0.0289749011742500123987103650, 391.6837, -1642.728, -6.594189, 0.004862703, 0.07868536, 32.15904, 1.197178, 0.743877, 0.7735416
 
25.42049, 0.2267526, -0.3195347, 5, 0, 0.0286185568333220537934332074, 393.4949, -1642.728, -6.594189, 0.004862703, 0.07868536, 32.23278, 1.197187, 0.743877, 0.7735416
 
25.43049, 0.2263125, -0.3172672, 5, 0, 0.0282660937488304827678189461, 395.3131, -1642.728, -6.594189, 0.004862703, 0.07868536, 32.30663, 1.197196, 0.743877, 0.7735416
 
25.44049, 0.2258295, -0.3150041, 5, 0, 0.0279174753582146286177439761, 397.1384, -1642.728, -6.594189, 0.004862703, 0.07868536, 32.38058, 1.197205, 0.743877, 0.7735416
 
25.45049, 0.2253028, -0.3127457, 5, 0, 0.0275727382240350009026847947, 398.9706, -1642.728, -6.594189, 0.004862703, 0.07868536, 32.45465, 1.197214, 0.743877, 0.7735416
 
25.46049, 0.2247342, -0.3104927, 5, 0, 0.0272318457837309289185177970, 400.8098, -1642.728, -6.594189, 0.004862703, 0.07868536, 32.52883, 1.197223, 0.743877, 0.7735416
 
25.47049, 0.2241237, -0.3082454, 5, 0, 0.0268948177248352798377982873, 402.656, -1642.728, -6.594189, 0.004862703, 0.07868536, 32.60312, 1.197231, 0.743877, 0.7735416
 
25.48049, 0.2234706, -0.3060042, 5, 0, 0.0265616596723573752192647351, 404.5092, -1642.728, -6.594189, 0.004862703, 0.07868536, 32.67751, 1.19724, 0.743877, 0.7735416
 
25.49049, 0.222777, -0.3037695, 5, 0, 0.0262323463137550263316233666, 406.3695, -1642.728, -6.594189, 0.004862703, 0.07868536, 32.75201, 1.197248, 0.743877, 0.7735416
 
25.50049, 0.2220415, -0.3015417, 5, 0, 0.0259069057740751632578607441, 408.2368, -1642.728, -6.594189, 0.004862703, 0.07868536, 32.82661, 1.197257, 0.743877, 0.7735416
 
25.51049, 0.2212683, -0.2993213, 5, 0, 0.0255852846157288283283436391, 410.1109, -1642.728, -6.594189, 0.004862703, 0.07868536, 32.90131, 1.197265, 0.743877, 0.7735416
 
25.52049, 0.220456, -0.2971086, 5, 0, 0.0252674940887349869498432059, 411.992, -1642.728, -6.594189, 0.004862703, 0.07868536, 32.97612, 1.197273, 0.743877, 0.7735416
 
25.53049, 0.2196051, -0.294904, 5, 0, 0.0249535257555794150672810787, 413.8803, -1642.728, -6.594189, 0.004862703, 0.07868536, 33.05104, 1.197281, 0.743877, 0.7735416
 
25.54049, 0.218718, -0.292708, 5, 0, 0.0246433571162249875903504878, 415.7755, -1642.728, -6.594189, 0.004862703, 0.07868536, 33.12605, 1.197289, 0.743877, 0.7735416
 
25.55049, 0.217793, -0.2905208, 5, 0, 0.0243369994206901864918812642, 417.6777, -1642.728, -6.594189, 0.004862703, 0.07868536, 33.20117, 1.197297, 0.743877, 0.7735416
 
25.56049, 0.2168324, -0.2883429, 5, 0, 0.0240344357939470470956579997, 419.5868, -1642.728, -6.594189, 0.004862703, 0.07868536, 33.27639, 1.197305, 0.743877, 0.7735416
 
25.57049, 0.2158351, -0.2861745, 5, 0, 0.0237356437359584443113739245, 421.5031, -1642.728, -6.594189, 0.004862703, 0.07868536, 33.3517, 1.197313, 0.743877, 0.7735416
 
25.58049, 0.2148049, -0.2840162, 5, 0, 0.0234406119967055738769049920, 423.426, -1642.728, -6.594189, 0.004862703, 0.07868536, 33.42711, 1.19732, 0.743877, 0.7735416
 
25.59049, 0.2137405, -0.2818681, 5, 0, 0.0231493152636464082056045363, 425.3562, -1642.728, -6.594189, 0.004862703, 0.07868536, 33.50262, 1.197328, 0.743877, 0.7735416
 
25.60049, 0.2126424, -0.2797307, 5, 0, 0.0228617619742951713525509228, 427.2933, -1642.728, -6.594189, 0.004862703, 0.07868536, 33.57823, 1.197335, 0.743877, 0.7735416
 
25.61049, 0.2115131, -0.2776043, 5, 0, 0.0225779099410817099102349696, 429.2373, -1642.728, -6.594189, 0.004862703, 0.07868536, 33.65394, 1.197343, 0.743877, 0.7735416
 
25.62049, 0.2103523, -0.2754892, 5, 0, 0.0222977422889778980577941608, 431.1884, -1642.728, -6.594189, 0.004862703, 0.07868536, 33.72974, 1.19735, 0.743877, 0.7735416
 
25.63049, 0.2091605, -0.2733856, 5, 0, 0.0220212505804701563187385617, 433.1465, -1642.728, -6.594189, 0.004862703, 0.07868536, 33.80563, 1.197357, 0.743877, 0.7735416
 
25.64049, 0.2079401, -0.271294, 5, 0, 0.0217484038780068132583888212, 435.1114, -1642.728, -6.594189, 0.004862703, 0.07868536, 33.88162, 1.197364, 0.743877, 0.7735416
 
25.65049, 0.2066908, -0.2692146, 5, 0, 0.0214791824940554851381309581, 437.0834, -1642.728, -6.594189, 0.004862703, 0.07868536, 33.95771, 1.197371, 0.743877, 0.7735416
 
25.66049, 0.2054131, -0.2671477, 5, 0, 0.0212135751785972065511938182, 439.0623, -1642.728, -6.594189, 0.004862703, 0.07868536, 34.03388, 1.197378, 0.743877, 0.7735416
 
25.67049, 0.2041099, -0.2650936, 5, 0, 0.0209515369315577273169638616, 441.0482, -1642.728, -6.594189, 0.004862703, 0.07868536, 34.11015, 1.197385, 0.743877, 0.7735416
 
25.68049, 0.2027816, -0.2630525, 5, 0, 0.0206930424403946975595002071, 443.0409, -1642.728, -6.594189, 0.004862703, 0.07868536, 34.1865, 1.197391, 0.743877, 0.7735416
 
25.69049, 0.201426, -0.2610247, 5, 0, 0.0204381001426223413338812201, 445.0408, -1642.728, -6.594189, 0.004862703, 0.07868536, 34.26295, 1.197398, 0.743877, 0.7735416
 
25.70049, 0.2000468, -0.2590104, 5, 0, 0.0201866594131567646114606761, 447.0475, -1642.728, -6.594189, 0.004862703, 0.07868536, 34.33949, 1.197404, 0.743877, 0.7735416
 
25.71049, 0.1986438, -0.25701, 5, 0, 0.0199386977519605200126375899, 449.0615, -1642.728, -6.594189, 0.004862703, 0.07868536, 34.41611, 1.197411, 0.743877, 0.7735416
 
25.72049, 0.197217, -0.2550235, 5, 0, 0.0196942151590334463927648538, 451.0822, -1642.728, -6.594189, 0.004862703, 0.07868536, 34.49283, 1.197417, 0.743877, 0.7735416
 
25.73049, 0.1957696, -0.2530513, 5, 0, 0.0194531441342640073362750503, 453.1099, -1642.728, -6.594189, 0.004862703, 0.07868536, 34.56963, 1.197423, 0.743877, 0.7735416
 
25.74049, 0.1943029, -0.2510937, 5, 0, 0.0192154537401006925531359365, 455.1446, -1642.728, -6.594189, 0.004862703, 0.07868536, 34.64652, 1.197429, 0.743877, 0.7735416
 
25.75049, 0.1928165, -0.2491506, 5, 0, 0.0189811327265246977812234657, 457.1862, -1642.728, -6.594189, 0.004862703, 0.07868536, 34.7235, 1.197435, 0.743877, 0.7735416
 
25.76049, 0.1913107, -0.2472225, 5, 0, 0.0187501585934988979302308681, 459.2347, -1642.728, -6.594189, 0.004862703, 0.07868536, 34.80056, 1.197441, 0.743877, 0.7735416
 
25.77049, 0.1897889, -0.2453094, 5, 0, 0.0185224638409114342952965110, 461.2903, -1642.728, -6.594189, 0.004862703, 0.07868536, 34.8777, 1.197447, 0.743877, 0.7735416
 
25.78049, 0.1882488, -0.2434115, 5, 0, 0.0182980681562946906150343757, 463.3527, -1642.728, -6.594189, 0.004862703, 0.07868536, 34.95493, 1.197453, 0.743877, 0.7735416
 
25.79049, 0.1866924, -0.241529, 5, 0, 0.0180769209145649340054453454, 465.4221, -1642.728, -6.594189, 0.004862703, 0.07868536, 35.03225, 1.197459, 0.743877, 0.7735416
 
25.8005, 0.1851195, -0.2396621, 5, 0, 0.0178589968031801368798827540, 467.4987, -1642.728, -6.594189, 0.004862703, 0.07868536, 35.10965, 1.197464, 0.743877, 0.7735416
 
25.8105, 0.1835338, -0.2378109, 5, 0, 0.0176442451970562440650532692, 469.5821, -1642.728, -6.594189, 0.004862703, 0.07868536, 35.18712, 1.19747, 0.743877, 0.7735416
 
25.8205, 0.1819354, -0.2359755, 5, 0, 0.0174326351586420675602188632, 471.6724, -1642.728, -6.594189, 0.004862703, 0.07868536, 35.26468, 1.197475, 0.743877, 0.7735416
 
25.8305, 0.1803248, -0.2341562, 5, 0, 0.0172241357503862582199944005, 473.7696, -1642.728, -6.594189, 0.004862703, 0.07868536, 35.34232, 1.197481, 0.743877, 0.7735416
 
25.8405, 0.1787031, -0.2323529, 5, 0, 0.0170187160347374668989947457, 475.8737, -1642.728, -6.594189, 0.004862703, 0.07868536, 35.42005, 1.197486, 0.743877, 0.7735416
 
25.8505, 0.1770702, -0.2305659, 5, 0, 0.0168163535116585685069131287, 477.9849, -1642.728, -6.594189, 0.004862703, 0.07868536, 35.49785, 1.197491, 0.743877, 0.7735416
 
25.8605, 0.175427, -0.2287952, 5, 0, 0.0166170031810746682845475793, 480.1032, -1642.728, -6.594189, 0.004862703, 0.07868536, 35.57573, 1.197497, 0.743877, 0.7735416
 
25.8705, 0.1737764, -0.2270409, 5, 0, 0.0164206284804254178170687076, 482.2281, -1642.728, -6.594189, 0.004862703, 0.07868536, 35.65369, 1.197502, 0.743877, 0.7735416
 
25.8805, 0.1721185, -0.2253032, 5, 0, 0.0162271844096359223452745434, 484.3601, -1642.728, -6.594189, 0.004862703, 0.07868536, 35.73172, 1.197507, 0.743877, 0.7735416
 
25.8905, 0.1704535, -0.223582, 5, 0, 0.0160366512811737014437628406, 486.499, -1642.728, -6.594189, 0.004862703, 0.07868536, 35.80983, 1.197511, 0.743877, 0.7735416
 
25.9005, 0.1687837, -0.2218774, 5, 0, 0.0158489700324407820589914060, 488.6449, -1642.728, -6.594189, 0.004862703, 0.07868536, 35.88802, 1.197516, 0.743877, 0.7735416
 
25.9105, 0.1671085, -0.2201896, 5, 0, 0.0156641350384278104032923486, 490.7976, -1642.728, -6.594189, 0.004862703, 0.07868536, 35.96629, 1.197521, 0.743877, 0.7735416
 
25.9205, 0.1654296, -0.2185185, 5, 0, 0.0154820816115275402077791382, 492.9575, -1642.728, -6.594189, 0.004862703, 0.07868536, 36.04463, 1.197526, 0.743877, 0.7735416
 
25.9305, 0.163748, -0.2168642, 5, 0, 0.0153027900642072976734729995, 495.124, -1642.728, -6.594189, 0.004862703, 0.07868536, 36.12304, 1.19753, 0.743877, 0.7735416
 
25.9405, 0.1620627, -0.2152267, 5, 0, 0.0151262350839251357860508203, 497.2977, -1642.728, -6.594189, 0.004862703, 0.07868536, 36.20153, 1.197535, 0.743877, 0.7735416
 
25.9505, 0.1603747, -0.2136061, 5, 0, 0.0149523801081203999558537065, 499.4782, -1642.728, -6.594189, 0.004862703, 0.07868536, 36.2801, 1.197539, 0.743877, 0.7735416
 
25.9605, 0.1586888, -0.2120024, 5, 0, 0.0147811463866625077882195327, 501.6656, -1642.728, -6.594189, 0.004862703, 0.07868536, 36.35873, 1.197544, 0.743877, 0.7735416
 
25.9705, 0.1570021, -0.2104155, 5, 0, 0.0146125282945421216099451187, 503.86, -1642.728, -6.594189, 0.004862703, 0.07868536, 36.43744, 1.197548, 0.743877, 0.7735416
 
25.9805, 0.1553164, -0.2088455, 5, 0, 0.0144464920817032959541349374, 506.0613, -1642.728, -6.594189, 0.004862703, 0.07868536, 36.51622, 1.197553, 0.743877, 0.7735416
 
25.9905, 0.1536326, -0.2072923, 5, 0, 0.0142829927480713777785576799, 508.2695, -1642.728, -6.594189, 0.004862703, 0.07868536, 36.59507, 1.197557, 0.743877, 0.7735416
 
26.0005, 0.1519504, -0.205756, 5, 0, 0.0141220021685997431750562884, 510.4847, -1642.728, -6.594189, 0.004862703, 0.07868536, 36.67399, 1.197561, 0.743877, 0.7735416
 
26.0105, 0.1502732, -0.2042365, 5, 0, 0.0139634612806904513190179912, 512.7067, -1642.728, -6.594189, 0.004862703, 0.07868536, 36.75298, 1.197565, 0.743877, 0.7735416
 
26.0205, 0.1486006, -0.2027337, 5, 0, 0.0138073363342875245146178397, 514.9357, -1642.728, -6.594189, 0.004862703, 0.07868536, 36.83204, 1.197569, 0.743877, 0.7735416
 
26.0305, 0.1469276, -0.2012477, 5, 0, 0.0136536526419329581195730784, 517.1721, -1642.728, -6.594189, 0.004862703, 0.07868536, 36.91118, 1.197573, 0.743877, 0.7735416
 
26.0405, 0.1452598, -0.1997785, 5, 0, 0.0135023398910101198483998645, 519.4148, -1642.728, -6.594189, 0.004862703, 0.07868536, 36.99037, 1.197577, 0.743877, 0.7735416
 
26.0505, 0.1436037, -0.1983259, 5, 0, 0.0133532799563231602808020761, 521.6646, -1642.728, -6.594189, 0.004862703, 0.07868536, 37.06964, 1.197581, 0.743877, 0.7735416
 
26.0605, 0.1419518, -0.1968898, 5, 0, 0.0132065347129746487918322982, 523.9211, -1642.728, -6.594189, 0.004862703, 0.07868536, 37.14896, 1.197585, 0.743877, 0.7735416
 
26.0705, 0.1403152, -0.1954703, 5, 0, 0.0130619466607034205921662801, 526.1844, -1642.728, -6.594189, 0.004862703, 0.07868536, 37.22836, 1.197588, 0.743877, 0.7735416
 
26.0805, 0.1386805, -0.1940672, 5, 0, 0.0129196198621820534341833916, 528.4553, -1642.728, -6.594189, 0.004862703, 0.07868536, 37.30783, 1.197592, 0.743877, 0.7735416
 
26.0905, 0.1370526, -0.1926804, 5, 0, 0.0127795008798219280520093304, 530.7323, -1642.728, -6.594189, 0.004862703, 0.07868536, 37.38735, 1.197596, 0.743877, 0.7735416
 
26.1005, 0.1354401, -0.1913098, 5, 0, 0.0126414434633804905448673632, 533.0167, -1642.728, -6.594189, 0.004862703, 0.07868536, 37.46695, 1.197599, 0.743877, 0.7735416
 
26.1105, 0.1338334, -0.1899554, 5, 0, 0.0125055235504836947569798020, 535.3082, -1642.728, -6.594189, 0.004862703, 0.07868536, 37.54662, 1.197603, 0.743877, 0.7735416
 
26.1205, 0.132235, -0.1886171, 5, 0, 0.0123717045785709022131524636, 537.6062, -1642.728, -6.594189, 0.004862703, 0.07868536, 37.62634, 1.197606, 0.743877, 0.7735416
 
26.1305, 0.1306535, -0.1872948, 5, 0, 0.0122398487349135735796457402, 539.9111, -1642.728, -6.594189, 0.004862703, 0.07868536, 37.70612, 1.19761, 0.743877, 0.7735416
 
26.1405, 0.1290786, -0.1859882, 5, 0, 0.0121100319571376465862172330, 542.2234, -1642.728, -6.594189, 0.004862703, 0.07868536, 37.78599, 1.197613, 0.743877, 0.7735416
 
26.1505, 0.1275132, -0.1846974, 5, 0, 0.0119822148701778058638388134, 544.5422, -1642.728, -6.594189, 0.004862703, 0.07868536, 37.86589, 1.197616, 0.743877, 0.7735416
 
26.1605, 0.1259667, -0.1834223, 5, 0, 0.0118562512237915458551278802, 546.868, -1642.728, -6.594189, 0.004862703, 0.07868536, 37.94588, 1.197619, 0.743877, 0.7735416
 
26.1705, 0.1244308, -0.1821626, 5, 0, 0.0117322113305954666166388546, 549.2003, -1642.728, -6.594189, 0.004862703, 0.07868536, 38.0259, 1.197623, 0.743877, 0.7735416
 
26.1805, 0.1229143, -0.1809183, 5, 0, 0.0116099630028703342589058875, 551.5398, -1642.728, -6.594189, 0.004862703, 0.07868536, 38.106, 1.197626, 0.743877, 0.7735416
 
26.1905, 0.1214101, -0.1796892, 5, 0, 0.0114895456156814802654218184, 553.8865, -1642.728, -6.594189, 0.004862703, 0.07868536, 38.18616, 1.197629, 0.743877, 0.7735416
 
26.2005, 0.1199146, -0.1784751, 5, 0, 0.0113709844815708355360450489, 556.2397, -1642.728, -6.594189, 0.004862703, 0.07868536, 38.26638, 1.197632, 0.743877, 0.7735416
 
26.2105, 0.1184444, -0.177276, 5, 0, 0.0112540686626886482445064475, 558.5999, -1642.728, -6.594189, 0.004862703, 0.07868536, 38.34666, 1.197635, 0.743877, 0.7735416
 
26.2205, 0.1169842, -0.1760915, 5, 0, 0.0111389303467541039368777310, 560.9667, -1642.728, -6.594189, 0.004862703, 0.07868536, 38.42698, 1.197638, 0.743877, 0.7735416
 
26.2305, 0.1155445, -0.1749217, 5, 0, 0.0110254260960293256062161116, 563.3406, -1642.728, -6.594189, 0.004862703, 0.07868536, 38.50737, 1.197641, 0.743877, 0.7735416
 
26.24051, 0.1141168, -0.1737662, 5, 0, 0.0109136205981216078648022517, 565.7216, -1642.728, -6.594189, 0.004862703, 0.07868536, 38.58783, 1.197644, 0.743877, 0.7735416
 
26.25051, 0.1127013, -0.172625, 5, 0, 0.0108034857279842945755496723, 568.1093, -1642.728, -6.594189, 0.004862703, 0.07868536, 38.66833, 1.197647, 0.743877, 0.7735416
 
26.26051, 0.1113112, -0.171498, 5, 0, 0.0106948583603468993903956531, 570.5037, -1642.728, -6.594189, 0.004862703, 0.07868536, 38.7489, 1.197649, 0.743877, 0.7735416
 
26.27051, 0.1099321, -0.1703849, 5, 0, 0.0105878425578819517183254318, 572.9055, -1642.728, -6.594189, 0.004862703, 0.07868536, 38.82954, 1.197652, 0.743877, 0.7735416
 
26.28051, 0.1085685, -0.1692856, 5, 0, 0.0104823933205148629749665425, 575.3139, -1642.728, -6.594189, 0.004862703, 0.07868536, 38.91021, 1.197655, 0.743877, 0.7735416
 
26.29051, 0.1072262, -0.1681999, 5, 0, 0.0103783981480590569553672005, 577.7294, -1642.728, -6.594189, 0.004862703, 0.07868536, 38.99095, 1.197658, 0.743877, 0.7735416
 
26.30051, 0.1058999, -0.1671277, 5, 0, 0.0102759076655984760315677624, 580.1512, -1642.728, -6.594189, 0.004862703, 0.07868536, 39.07173, 1.19766, 0.743877, 0.7735416
 
26.31051, 0.1045978, -0.1660687, 5, 0, 0.0101747924979185954368657462, 582.5801, -1642.728, -6.594189, 0.004862703, 0.07868536, 39.15258, 1.197663, 0.743877, 0.7735416
 
26.32051, 0.1033087, -0.1650227, 5, 0, 0.0100751342076546744597572228, 585.0164, -1642.728, -6.594189, 0.004862703, 0.07868536, 39.23349, 1.197665, 0.743877, 0.7735416
 
26.33051, 0.1020345, -0.1639896, 5, 0, 0.0099769131072740393012634167, 587.459, -1642.728, -6.594189, 0.004862703, 0.07868536, 39.31443, 1.197668, 0.743877, 0.7735416
 
26.34051, 0.1007841, -0.1629693, 5, 0, 0.0098799941965528275214786659, 589.9086, -1642.728, -6.594189, 0.004862703, 0.07868536, 39.39545, 1.19767, 0.743877, 0.7735416
 
26.35051, 0.09954818, -0.1619614, 5, 0, 0.0097844562256216537439945171, 592.3649, -1642.728, -6.594189, 0.004862703, 0.07868536, 39.47649, 1.197673, 0.743877, 0.7735416
 
26.36051, 0.0983378, -0.1609659, 5, 0, 0.0096901501317333032886650021, 594.8282, -1642.728, -6.594189, 0.004862703, 0.07868536, 39.55761, 1.197675, 0.743877, 0.7735416
 
26.37051, 0.09714091, -0.1599826, 5, 0, 0.0095971715400463554552970762, 597.2986, -1642.728, -6.594189, 0.004862703, 0.07868536, 39.63878, 1.197678, 0.743877, 0.7735416
 
26.38051, 0.0959591, -0.1590112, 5, 0, 0.0095054923255141702212689706, 599.7756, -1642.728, -6.594189, 0.004862703, 0.07868536, 39.71999, 1.19768, 0.743877, 0.7735416
 
26.39051, 0.09480163, -0.1580516, 5, 0, 0.0094149887379315282641519620, 602.2595, -1642.728, -6.594189, 0.004862703, 0.07868536, 39.80126, 1.197682, 0.743877, 0.7735416
 
26.40051, 0.09366272, -0.1571036, 5, 0, 0.0093256973398590680591402336, 604.7501, -1642.728, -6.594189, 0.004862703, 0.07868536, 39.88256, 1.197685, 0.743877, 0.7735416
 
26.41051, 0.09254721, -0.1561669, 5, 0, 0.0092375393811662072115716602, 607.2476, -1642.728, -6.594189, 0.004862703, 0.07868536, 39.96393, 1.197687, 0.743877, 0.7735416
 
26.42051, 0.09144243, -0.1552415, 5, 0, 0.0091506104870115089067884859, 609.7524, -1642.728, -6.594189, 0.004862703, 0.07868536, 40.04536, 1.197689, 0.743877, 0.7735416
 
26.43051, 0.09035412, -0.154327, 5, 0, 0.0090648487822923715408087044, 612.2635, -1642.728, -6.594189, 0.004862703, 0.07868536, 40.12682, 1.197692, 0.743877, 0.7735416
 
26.44051, 0.08929177, -0.1534235, 5, 0, 0.0089801248917942381180004121, 614.7821, -1642.728, -6.594189, 0.004862703, 0.07868536, 40.20834, 1.197694, 0.743877, 0.7735416
 
26.45051, 0.08824647, -0.1525306, 5, 0, 0.0088965175656477232619551556, 617.3066, -1642.728, -6.594189, 0.004862703, 0.07868536, 40.28989, 1.197696, 0.743877, 0.7735416
 
26.46051, 0.08722329, -0.1516481, 5, 0, 0.0088139339911988923377705040, 619.8385, -1642.728, -6.594189, 0.004862703, 0.07868536, 40.37151, 1.197698, 0.743877, 0.7735416
 
26.47051, 0.08621561, -0.1507759, 5, 0, 0.0087324191685223661587483447, 622.3777, -1642.728, -6.594189, 0.004862703, 0.07868536, 40.45318, 1.1977, 0.743877, 0.7735416
 
26.48051, 0.08522097, -0.1499137, 5, 0, 0.0086519899726461577444982182, 624.9233, -1642.728, -6.594189, 0.004862703, 0.07868536, 40.53488, 1.197702, 0.743877, 0.7735416
 
26.49051, 0.08425251, -0.1490615, 5, 0, 0.0085724917158137308561356869, 627.4759, -1642.728, -6.594189, 0.004862703, 0.07868536, 40.61665, 1.197704, 0.743877, 0.7735416
 
26.50051, 0.08329689, -0.148219, 5, 0, 0.0084940340857069848047785901, 630.0348, -1642.728, -6.594189, 0.004862703, 0.07868536, 40.69844, 1.197706, 0.743877, 0.7735416
 
26.51051, 0.08236779, -0.147386, 5, 0, 0.0084164539570554010134347863, 632.6011, -1642.728, -6.594189, 0.004862703, 0.07868536, 40.78029, 1.197708, 0.743877, 0.7735416
 
26.52051, 0.08144989, -0.1465623, 5, 0, 0.0083398947675968403745823526, 635.1734, -1642.728, -6.594189, 0.004862703, 0.07868536, 40.86217, 1.19771, 0.743877, 0.7735416
 
26.53051, 0.08055556, -0.1457478, 5, 0, 0.0082641990170701219844323276, 637.7532, -1642.728, -6.594189, 0.004862703, 0.07868536, 40.9441, 1.197712, 0.743877, 0.7735416
 
26.54051, 0.07967323, -0.1449423, 5, 0, 0.0081894623306338412572563771, 640.34, -1642.728, -6.594189, 0.004862703, 0.07868536, 41.0261, 1.197714, 0.743877, 0.7735416
 
26.55051, 0.07880458, -0.1441455, 5, 0, 0.0081156593957459867208725458, 642.9333, -1642.728, -6.594189, 0.004862703, 0.07868536, 41.10812, 1.197716, 0.743877, 0.7735416
 
26.56051, 0.07796214, -0.1433575, 5, 0, 0.0080426467746687297117321780, 645.5336, -1642.728, -6.594189, 0.004862703, 0.07868536, 41.1902, 1.197718, 0.743877, 0.7735416
 
26.57051, 0.07713009, -0.1425779, 5, 0, 0.0079705538426165949965377558, 648.1405, -1642.728, -6.594189, 0.004862703, 0.07868536, 41.2723, 1.19772, 0.743877, 0.7735416
 
26.58051, 0.07632154, -0.1418066, 5, 0, 0.0078992399743563824621804369, 650.7545, -1642.728, -6.594189, 0.004862703, 0.07868536, 41.35446, 1.197722, 0.743877, 0.7735416
 
26.59051, 0.07552426, -0.1410433, 5, 0, 0.0078287923575326890703594720, 653.3755, -1642.728, -6.594189, 0.004862703, 0.07868536, 41.43668, 1.197724, 0.743877, 0.7735416
 
26.60051, 0.07473926, -0.1402881, 5, 0, 0.0077591997421268394746685010, 656.0032, -1642.728, -6.594189, 0.004862703, 0.07868536, 41.51892, 1.197725, 0.743877, 0.7735416
 
26.61051, 0.07397649, -0.1395407, 5, 0, 0.0076903468154476289197159259, 658.6376, -1642.728, -6.594189, 0.004862703, 0.07868536, 41.60122, 1.197727, 0.743877, 0.7735416
 
26.62051, 0.07322274, -0.1388009, 5, 0, 0.0076223460776816013815241100, 661.2785, -1642.728, -6.594189, 0.004862703, 0.07868536, 41.68354, 1.197729, 0.743877, 0.7735416
 
26.63051, 0.07249305, -0.1380687, 5, 0, 0.0075550259660442559449932074, 663.9268, -1642.728, -6.594189, 0.004862703, 0.07868536, 41.76591, 1.197731, 0.743877, 0.7735416
 
26.64051, 0.07177591, -0.1373438, 5, 0, 0.0074884933557128311418718229, 666.5811, -1642.728, -6.594189, 0.004862703, 0.07868536, 41.84832, 1.197732, 0.743877, 0.7735416
 
26.65051, 0.07107593, -0.136626, 5, 0, 0.0074226723090614053568670658, 669.2427, -1642.728, -6.594189, 0.004862703, 0.07868536, 41.93077, 1.197734, 0.743877, 0.7735416
 
26.66051, 0.07038545, -0.1359153, 5, 0, 0.0073576190761832425207577623, 671.9117, -1642.728, -6.594189, 0.004862703, 0.07868536, 42.01328, 1.197736, 0.743877, 0.7735416
 
26.67052, 0.0697065, -0.1352114, 5, 0, 0.0072933167820503779573285042, 674.5867, -1642.728, -6.594189, 0.004862703, 0.07868536, 42.09581, 1.197737, 0.743877, 0.7735416
 
26.68052, 0.06904773, -0.1345143, 5, 0, 0.0072296585514855570203659762, 677.2691, -1642.728, -6.594189, 0.004862703, 0.07868536, 42.17839, 1.197739, 0.743877, 0.7735416
 
26.69052, 0.06840047, -0.1338239, 5, 0, 0.0071667146971053797664245996, 679.9579, -1642.728, -6.594189, 0.004862703, 0.07868536, 42.26099, 1.197741, 0.743877, 0.7735416
 
26.70052, 0.06776857, -0.1331399, 5, 0, 0.0071044317813212591585594935, 682.6536, -1642.728, -6.594189, 0.004862703, 0.07868536, 42.34365, 1.197742, 0.743877, 0.7735416
 
26.71052, 0.06714883, -0.1324622, 5, 0, 0.0070428323041704814317245354, 685.3558, -1642.728, -6.594189, 0.004862703, 0.07868536, 42.42633, 1.197744, 0.743877, 0.7735416
 
26.72052, 0.06654804, -0.1317907, 5, 0, 0.0069818290780084657386851854, 688.0651, -1642.728, -6.594189, 0.004862703, 0.07868536, 42.50907, 1.197745, 0.743877, 0.7735416
 
26.73052, 0.06595336, -0.1311252, 5, 0, 0.0069215289780124506111900478, 690.7809, -1642.728, -6.594189, 0.004862703, 0.07868536, 42.59182, 1.197747, 0.743877, 0.7735416
 
26.74052, 0.06537852, -0.1304657, 5, 0, 0.0068617970039585736093334605, 693.5038, -1642.728, -6.594189, 0.004862703, 0.07868536, 42.67463, 1.197748, 0.743877, 0.7735416
 
26.75052, 0.06480858, -0.1298119, 5, 0, 0.0068027484685380394885070212, 696.2337, -1642.728, -6.594189, 0.004862703, 0.07868536, 42.75748, 1.19775, 0.743877, 0.7735416
 
26.76052, 0.06424655, -0.1291638, 5, 0, 0.0067443524341995474467197269, 698.9699, -1642.728, -6.594189, 0.004862703, 0.07868536, 42.84035, 1.197752, 0.743877, 0.7735416
 
26.77052, 0.06370178, -0.1285213, 5, 0, 0.0066865104632798574047953877, 701.7134, -1642.728, -6.594189, 0.004862703, 0.07868536, 42.92328, 1.197753, 0.743877, 0.7735416
 
26.78052, 0.06316256, -0.1278843, 5, 0, 0.0066293153684329039976364349, 704.4632, -1642.728, -6.594189, 0.004862703, 0.07868536, 43.00623, 1.197755, 0.743877, 0.7735416
 
26.79052, 0.06264052, -0.1272527, 5, 0, 0.0065726546494720949058263728, 707.2201, -1642.728, -6.594189, 0.004862703, 0.07868536, 43.08922, 1.197756, 0.743877, 0.7735416
 
26.80052, 0.06212292, -0.1266263, 5, 0, 0.0065166267440606863230061020, 709.9835, -1642.728, -6.594189, 0.004862703, 0.07868536, 43.17223, 1.197757, 0.743877, 0.7735416
 
26.81052, 0.0616238, -0.126005, 5, 0, 0.0064610994644794604741744840, 712.7538, -1642.728, -6.594189, 0.004862703, 0.07868536, 43.25529, 1.197759, 0.743877, 0.7735416
 
26.82052, 0.06112818, -0.1253888, 5, 0, 0.0064061909359243312374864839, 715.5305, -1642.728, -6.594189, 0.004862703, 0.07868536, 43.33838, 1.19776, 0.743877, 0.7735416
 
26.83052, 0.06064972, -0.1247775, 5, 0, 0.0063517689706760647234762523, 718.3145, -1642.728, -6.594189, 0.004862703, 0.07868536, 43.42151, 1.197762, 0.743877, 0.7735416
 
26.84052, 0.06017558, -0.124171, 5, 0, 0.0062979291938932402319507444, 721.1056, -1642.728, -6.594189, 0.004862703, 0.07868536, 43.50468, 1.197763, 0.743877, 0.7735416
 
26.85052, 0.05970356, -0.1235693, 5, 0, 0.0062446969181178531206272048, 723.9029, -1642.728, -6.594189, 0.004862703, 0.07868536, 43.58788, 1.197764, 0.743877, 0.7735416
 
26.86052, 0.05924786, -0.1229722, 5, 0, 0.0061919287056120102680981347, 726.7075, -1642.728, -6.594189, 0.004862703, 0.07868536, 43.67112, 1.197766, 0.743877, 0.7735416
 
26.87052, 0.05879439, -0.1223798, 5, 0, 0.0061397454940762863318877337, 729.5184, -1642.728, -6.594189, 0.004862703, 0.07868536, 43.75438, 1.197767, 0.743877, 0.7735416
 
26.88052, 0.05835399, -0.1217918, 5, 0, 0.0060880375958287658864134517, 732.3364, -1642.728, -6.594189, 0.004862703, 0.07868536, 43.83768, 1.197768, 0.743877, 0.7735416
 
26.89052, 0.05791625, -0.1212083, 5, 0, 0.0060368921985140458933745398, 735.1605, -1642.728, -6.594189, 0.004862703, 0.07868536, 43.92101, 1.19777, 0.743877, 0.7735416
 
26.90052, 0.05749074, -0.1206291, 5, 0, 0.0059862108644689023880595189, 737.992, -1642.728, -6.594189, 0.004862703, 0.07868536, 44.00438, 1.197771, 0.743877, 0.7735416
 
26.91052, 0.0570684, -0.1200542, 5, 0, 0.0059360695313192247568318582, 740.8297, -1642.728, -6.594189, 0.004862703, 0.07868536, 44.08776, 1.197772, 0.743877, 0.7735416
 
26.92052, 0.05666051, -0.1194835, 5, 0, 0.0058863556988784851381339052, 743.6747, -1642.728, -6.594189, 0.004862703, 0.07868536, 44.1712, 1.197774, 0.743877, 0.7735416
 
26.93052, 0.05625201, -0.1189169, 5, 0, 0.0058371959298565475192989073, 746.526, -1642.728, -6.594189, 0.004862703, 0.07868536, 44.25464, 1.197775, 0.743877, 0.7735416
 
26.94052, 0.05585953, -0.1183544, 5, 0, 0.0057884439740108902284795527, 749.384, -1642.728, -6.594189, 0.004862703, 0.07868536, 44.33813, 1.197776, 0.743877, 0.7735416
 
26.95052, 0.05546482, -0.1177958, 5, 0, 0.0057402263940513933674737996, 752.2497, -1642.728, -6.594189, 0.004862703, 0.07868536, 44.42167, 1.197778, 0.743877, 0.7735416
 
26.96052, 0.05507069, -0.1172412, 5, 0, 0.0056925319399593977043399985, 755.1216, -1642.728, -6.594189, 0.004862703, 0.07868536, 44.50522, 1.197779, 0.743877, 0.7735416
 
26.97052, 0.05469028, -0.1166904, 5, 0, 0.0056452424865390215898526059, 758.0003, -1642.728, -6.594189, 0.004862703, 0.07868536, 44.58882, 1.19778, 0.743877, 0.7735416
 
26.98052, 0.05431058, -0.1161435, 5, 0, 0.0055984536589488282093538663, 760.8858, -1642.728, -6.594189, 0.004862703, 0.07868536, 44.67243, 1.197781, 0.743877, 0.7735416
 
26.99052, 0.05394131, -0.1156004, 5, 0, 0.0055520810820489136094431847, 763.778, -1642.728, -6.594189, 0.004862703, 0.07868536, 44.75608, 1.197782, 0.743877, 0.7735416
 
27.00052, 0.05357411, -0.115061, 5, 0, 0.0055061894434465240590070916, 766.6768, -1642.728, -6.594189, 0.004862703, 0.07868536, 44.83975, 1.197783, 0.743877, 0.7735416
 
27.01052, 0.05321767, -0.1145253, 5, 0, 0.0054606915554971109397404683, 769.5828, -1642.728, -6.594189, 0.004862703, 0.07868536, 44.92346, 1.197785, 0.743877, 0.7735416
 
27.02052, 0.05285985, -0.1139931, 5, 0, 0.0054156886683685589957240284, 772.4948, -1642.728, -6.594189, 0.004862703, 0.07868536, 45.00719, 1.197786, 0.743877, 0.7735416
 
27.03052, 0.05250899, -0.1134645, 5, 0, 0.0053711020319302858322956467, 775.4141, -1642.728, -6.594189, 0.004862703, 0.07868536, 45.09095, 1.197787, 0.743877, 0.7735416
 
27.04052, 0.05215812, -0.1129394, 5, 0, 0.0053269850837708784864002039, 778.3395, -1642.728, -6.594189, 0.004862703, 0.07868536, 45.17474, 1.197788, 0.743877, 0.7735416
 
27.05052, 0.05181735, -0.1124178, 5, 0, 0.0052832506362457883397325813, 781.2721, -1642.728, -6.594189, 0.004862703, 0.07868536, 45.25856, 1.197789, 0.743877, 0.7735416
 
27.06052, 0.05147593, -0.1118997, 5, 0, 0.0052399774394855977869549043, 784.2111, -1642.728, -6.594189, 0.004862703, 0.07868536, 45.3424, 1.19779, 0.743877, 0.7735416
 
27.07052, 0.05114248, -0.1113849, 5, 0, 0.0051970895558643529838448607, 787.1572, -1642.728, -6.594189, 0.004862703, 0.07868536, 45.42627, 1.197791, 0.743877, 0.7735416
 
27.08052, 0.05080619, -0.1108735, 5, 0, 0.0051546657355126846684587081, 790.1097, -1642.728, -6.594189, 0.004862703, 0.07868536, 45.51016, 1.197793, 0.743877, 0.7735416
 
27.09052, 0.05047841, -0.1103654, 5, 0, 0.0051126187907859958790971955, 793.069, -1642.728, -6.594189, 0.004862703, 0.07868536, 45.59409, 1.197794, 0.743877, 0.7735416
 
27.10052, 0.05015033, -0.1098606, 5, 0, 0.0050710105967868721052776187, 796.0347, -1642.728, -6.594189, 0.004862703, 0.07868536, 45.67804, 1.197795, 0.743877, 0.7735416
 
27.11053, 0.04983075, -0.1093591, 5, 0, 0.0050297595908800862874333283, 799.0079, -1642.728, -6.594189, 0.004862703, 0.07868536, 45.76202, 1.197796, 0.743877, 0.7735416
 
27.12053, 0.04950775, -0.1088608, 5, 0, 0.0049889585857195408315373340, 801.9878, -1642.728, -6.594189, 0.004862703, 0.07868536, 45.84604, 1.197797, 0.743877, 0.7735416
 
27.13053, 0.049185, -0.1083657, 5, 0, 0.0049485766437539188211339217, 804.9742, -1642.728, -6.594189, 0.004862703, 0.07868536, 45.93007, 1.197798, 0.743877, 0.7735416
 
27.14053, 0.04886955, -0.1078739, 5, 0, 0.0049085547023853116605397412, 807.967, -1642.728, -6.594189, 0.004862703, 0.07868536, 46.01412, 1.197799, 0.743877, 0.7735416
 
27.15053, 0.04856386, -0.1073852, 5, 0, 0.0048688702615763686569420721, 810.9665, -1642.728, -6.594189, 0.004862703, 0.07868536, 46.09821, 1.1978, 0.743877, 0.7735416
 
27.16053, 0.04825334, -0.1068996, 5, 0, 0.0048296189464856691101478692, 813.9735, -1642.728, -6.594189, 0.004862703, 0.07868536, 46.18233, 1.197801, 0.743877, 0.7735416
 
27.17053, 0.04793879, -0.106417, 5, 0, 0.0047907979446085683552526087, 816.9866, -1642.728, -6.594189, 0.004862703, 0.07868536, 46.26646, 1.197802, 0.743877, 0.7735416
 
27.18053, 0.04763387, -0.1059376, 5, 0, 0.0047523031932725047543416314, 820.0071, -1642.728, -6.594189, 0.004862703, 0.07868536, 46.35064, 1.197803, 0.743877, 0.7735416
 
27.19053, 0.0473261, -0.1054613, 5, 0, 0.0047142218801220430401847668, 823.0337, -1642.728, -6.594189, 0.004862703, 0.07868536, 46.43482, 1.197804, 0.743877, 0.7735416
 
27.20053, 0.04702614, -0.104988, 5, 0, 0.0046764724425219239242859441, 826.0674, -1642.728, -6.594189, 0.004862703, 0.07868536, 46.51904, 1.197805, 0.743877, 0.7735416
 
27.21053, 0.04672083, -0.1045178, 5, 0, 0.0046391448806214051477136488, 829.1072, -1642.728, -6.594189, 0.004862703, 0.07868536, 46.60327, 1.197806, 0.743877, 0.7735416
 
27.22053, 0.04642358, -0.1040506, 5, 0, 0.0046021351317479089580885112, 832.1544, -1642.728, -6.594189, 0.004862703, 0.07868536, 46.68754, 1.197807, 0.743877, 0.7735416
 
27.23053, 0.0461232, -0.1035863, 5, 0, 0.0045655275710413876522052582, 835.2076, -1642.728, -6.594189, 0.004862703, 0.07868536, 46.77182, 1.197808, 0.743877, 0.7735416
 
27.24053, 0.04582929, -0.1031251, 5, 0, 0.0045292406358665497126383976, 838.268, -1642.728, -6.594189, 0.004862703, 0.07868536, 46.85614, 1.197809, 0.743877, 0.7735416
 
27.25053, 0.0455334, -0.1026668, 5, 0, 0.0044933362013260128578346463, 841.3348, -1642.728, -6.594189, 0.004862703, 0.07868536, 46.94046, 1.19781, 0.743877, 0.7735416
 
27.26053, 0.04524339, -0.1022115, 5, 0, 0.0044577523923171593693472874, 844.4087, -1642.728, -6.594189, 0.004862703, 0.07868536, 47.02482, 1.197811, 0.743877, 0.7735416
 
27.27053, 0.04494922, -0.101759, 5, 0, 0.0044225623339612823120293983, 847.4886, -1642.728, -6.594189, 0.004862703, 0.07868536, 47.10919, 1.197811, 0.743877, 0.7735416
 
27.28053, 0.0446603, -0.1013095, 5, 0, 0.0043876844636231062829201974, 850.576, -1642.728, -6.594189, 0.004862703, 0.07868536, 47.19359, 1.197812, 0.743877, 0.7735416
 
27.29053, 0.04437062, -0.1008629, 5, 0, 0.0043531694063865897685247523, 853.6694, -1642.728, -6.594189, 0.004862703, 0.07868536, 47.27801, 1.197813, 0.743877, 0.7735416
 
27.30053, 0.04408579, -0.1004192, 5, 0, 0.0043189665371677581678732846, 856.7698, -1642.728, -6.594189, 0.004862703, 0.07868536, 47.36245, 1.197814, 0.743877, 0.7735416
 
27.31053, 0.04379674, -0.09997837, 5, 0, 0.0042851433560785829870804025, 859.8765, -1642.728, -6.594189, 0.004862703, 0.07868536, 47.44691, 1.197815, 0.743877, 0.7735416
 
27.32053, 0.04351483, -0.0995404, 5, 0, 0.0042516042379604688118744401, 862.9905, -1642.728, -6.594189, 0.004862703, 0.07868536, 47.5314, 1.197816, 0.743877, 0.7735416
 
27.33053, 0.04323376, -0.09910525, 5, 0, 0.0042184026204020187936649889, 866.1107, -1642.728, -6.594189, 0.004862703, 0.07868536, 47.6159, 1.197817, 0.743877, 0.7735416
 
27.34053, 0.04295483, -0.09867292, 5, 0, 0.0041855188158706235913321169, 869.2381, -1642.728, -6.594189, 0.004862703, 0.07868536, 47.70044, 1.197818, 0.743877, 0.7735416
 
27.35053, 0.04267203, -0.09824337, 5, 0, 0.0041529950119361948954143445, 872.3713, -1642.728, -6.594189, 0.004862703, 0.07868536, 47.78498, 1.197819, 0.743877, 0.7735416
 
27.36053, 0.04239555, -0.09781665, 5, 0, 0.0041207496459635217608097331, 875.5123, -1642.728, -6.594189, 0.004862703, 0.07868536, 47.86956, 1.197819, 0.743877, 0.7735416
 
27.37053, 0.04212123, -0.0973927, 5, 0, 0.0040888192805132104337830447, 878.6591, -1642.728, -6.594189, 0.004862703, 0.07868536, 47.95414, 1.19782, 0.743877, 0.7735416
 
27.38053, 0.0418509, -0.09697149, 5, 0, 0.0040571786030432816710817453, 881.8132, -1642.728, -6.594189, 0.004862703, 0.07868536, 48.03876, 1.197821, 0.743877, 0.7735416
 
27.39053, 0.04157677, -0.09655298, 5, 0, 0.0040258810511423708530448482, 884.9734, -1642.728, -6.594189, 0.004862703, 0.07868536, 48.12338, 1.197822, 0.743877, 0.7735416
 
27.40053, 0.04130944, -0.09613722, 5, 0, 0.0039948506871845241354500410, 888.1407, -1642.728, -6.594189, 0.004862703, 0.07868536, 48.20803, 1.197823, 0.743877, 0.7735416
 
27.41053, 0.04103842, -0.09572412, 5, 0, 0.0039641578237863738037811666, 891.314, -1642.728, -6.594189, 0.004862703, 0.07868536, 48.2927, 1.197823, 0.743877, 0.7735416
 
27.42053, 0.04077449, -0.09531374, 5, 0, 0.0039337237108173052344466781, 894.4948, -1642.728, -6.594189, 0.004862703, 0.07868536, 48.3774, 1.197824, 0.743877, 0.7735416
 
27.43053, 0.04050418, -0.09490599, 5, 0, 0.0039036355359218992746811157, 897.6819, -1642.728, -6.594189, 0.004862703, 0.07868536, 48.4621, 1.197825, 0.743877, 0.7735416
 
27.44053, 0.0402411, -0.09450094, 5, 0, 0.0038738004864462696329761806, 900.8758, -1642.728, -6.594189, 0.004862703, 0.07868536, 48.54683, 1.197826, 0.743877, 0.7735416
 
27.45053, 0.03997443, -0.09409853, 5, 0, 0.0038442888750069841369568725, 904.0761, -1642.728, -6.594189, 0.004862703, 0.07868536, 48.63157, 1.197827, 0.743877, 0.7735416
 
27.46053, 0.03971499, -0.09369878, 5, 0, 0.0038150219514734765064257768, 907.2834, -1642.728, -6.594189, 0.004862703, 0.07868536, 48.71634, 1.197827, 0.743877, 0.7735416
 
27.47053, 0.03945084, -0.09330163, 5, 0, 0.0037860812784809899154142536, 910.4968, -1642.728, -6.594189, 0.004862703, 0.07868536, 48.80112, 1.197828, 0.743877, 0.7735416
 
27.48053, 0.03919331, -0.09290712, 5, 0, 0.0037573852933942650754262321, 913.7175, -1642.728, -6.594189, 0.004862703, 0.07868536, 48.88593, 1.197829, 0.743877, 0.7735416
 
27.49053, 0.0389332, -0.09251519, 5, 0, 0.0037289930588112589255391946, 916.9444, -1642.728, -6.594189, 0.004862703, 0.07868536, 48.97074, 1.197829, 0.743877, 0.7735416
 
27.50053, 0.03867875, -0.09212586, 5, 0, 0.0037008511371433360854141282, 920.1776, -1642.728, -6.594189, 0.004862703, 0.07868536, 49.05555, 1.19783, 0.743877, 0.7735416
 
27.51053, 0.03843259, -0.09173907, 5, 0, 0.0036729314033438726468939751, 923.4175, -1642.728, -6.594189, 0.004862703, 0.07868536, 49.1404, 1.197831, 0.743877, 0.7735416
 
27.52053, 0.038186, -0.09135475, 5, 0, 0.0036452901075061486552222724, 926.6639, -1642.728, -6.594189, 0.004862703, 0.07868536, 49.22526, 1.197832, 0.743877, 0.7735416
 
27.53053, 0.03794162, -0.09097289, 5, 0, 0.0036179019370881848671464861, 929.9177, -1642.728, -6.594189, 0.004862703, 0.07868536, 49.31014, 1.197832, 0.743877, 0.7735416
 
27.54053, 0.03769185, -0.09059348, 5, 0, 0.0035908259546879221072793881, 933.177, -1642.728, -6.594189, 0.004862703, 0.07868536, 49.39503, 1.197833, 0.743877, 0.7735416
 
27.55054, 0.03745266, -0.09021656, 5, 0, 0.0035639440351094787263954348, 936.4438, -1642.728, -6.594189, 0.004862703, 0.07868536, 49.47995, 1.197834, 0.743877, 0.7735416
 
27.56054, 0.03720637, -0.08984204, 5, 0, 0.0035373714910440755943509351, 939.7167, -1642.728, -6.594189, 0.004862703, 0.07868536, 49.56487, 1.197834, 0.743877, 0.7735416
 
27.57054, 0.03696951, -0.08946997, 5, 0, 0.0035110014473144741793972843, 942.997, -1642.728, -6.594189, 0.004862703, 0.07868536, 49.64982, 1.197835, 0.743877, 0.7735416
 
27.58054, 0.03672689, -0.08910027, 5, 0, 0.0034849239040699322226029681, 946.2833, -1642.728, -6.594189, 0.004862703, 0.07868536, 49.73477, 1.197836, 0.743877, 0.7735416
 
27.59054, 0.03649372, -0.088733, 5, 0, 0.0034590460486565312035302660, 949.5767, -1642.728, -6.594189, 0.004862703, 0.07868536, 49.81976, 1.197836, 0.743877, 0.7735416
 
27.60054, 0.03625279, -0.08836807, 5, 0, 0.0034334691312421719807246026, 952.8761, -1642.728, -6.594189, 0.004862703, 0.07868536, 49.90475, 1.197837, 0.743877, 0.7735416
 
27.61054, 0.03602395, -0.08800554, 5, 0, 0.0034080637766123297874834957, 956.1829, -1642.728, -6.594189, 0.004862703, 0.07868536, 49.98977, 1.197838, 0.743877, 0.7735416
 
27.62054, 0.03578556, -0.08764529, 5, 0, 0.0033829706100001725079863662, 959.4957, -1642.728, -6.594189, 0.004862703, 0.07868536, 50.07478, 1.197838, 0.743877, 0.7735416
 
27.63054, 0.03555524, -0.08728743, 5, 0, 0.0033580743187145115013063271, 962.8149, -1642.728, -6.594189, 0.004862703, 0.07868536, 50.15981, 1.197839, 0.743877, 0.7735416
 
27.64054, 0.03533071, -0.08693188, 5, 0, 0.0033333805277646522117171368, 966.1407, -1642.728, -6.594189, 0.004862703, 0.07868536, 50.24485, 1.19784, 0.743877, 0.7735416
 
27.65054, 0.03510495, -0.08657858, 5, 0, 0.0033089342372252154525206828, 969.474, -1642.728, -6.594189, 0.004862703, 0.07868536, 50.32993, 1.19784, 0.743877, 0.7735416
 
27.66054, 0.03487403, -0.08622753, 5, 0, 0.0032847579471335358020649751, 972.8133, -1642.728, -6.594189, 0.004862703, 0.07868536, 50.41501, 1.197841, 0.743877, 0.7735416
 
27.67054, 0.03465183, -0.08587879, 5, 0, 0.0032607644698450162986507626, 976.1589, -1642.728, -6.594189, 0.004862703, 0.07868536, 50.5001, 1.197842, 0.743877, 0.7735416
 
27.68054, 0.0344364, -0.08553227, 5, 0, 0.0032369594303689785010165148, 979.5117, -1642.728, -6.594189, 0.004862703, 0.07868536, 50.58521, 1.197842, 0.743877, 0.7735416
 
27.69054, 0.034217, -0.0851879, 5, 0, 0.0032134075163127009069781835, 982.8704, -1642.728, -6.594189, 0.004862703, 0.07868536, 50.67032, 1.197843, 0.743877, 0.7735416
 
27.70054, 0.0340024, -0.08484574, 5, 0, 0.0031900496650782265774582863, 986.2365, -1642.728, -6.594189, 0.004862703, 0.07868536, 50.75546, 1.197843, 0.743877, 0.7735416
 
27.71054, 0.03378215, -0.08450571, 5, 0, 0.0031669561892821877979406659, 989.6086, -1642.728, -6.594189, 0.004862703, 0.07868536, 50.8406, 1.197844, 0.743877, 0.7735416
 
27.72054, 0.03356857, -0.08416789, 5, 0, 0.0031440399012799714922613606, 992.9878, -1642.728, -6.594189, 0.004862703, 0.07868536, 50.92577, 1.197845, 0.743877, 0.7735416
 
27.73054, 0.03335015, -0.0838322, 5, 0, 0.0031213767386975153901779718, 996.3729, -1642.728, -6.594189, 0.004862703, 0.07868536, 51.01094, 1.197845, 0.743877, 0.7735416
 
27.74054, 0.03313645, -0.0834987, 5, 0, 0.0030988992014228802145053129, 999.7654, -1642.728, -6.594189, 0.004862703, 0.07868536, 51.09613, 1.197846, 0.743877, 0.7735416
 
27.75054, 0.03291908, -0.08316734, 5, 0, 0.0030766663520540067898561557, 1003.164, -1642.728, -6.594189, 0.004862703, 0.07868536, 51.18133, 1.197846, 0.743877, 0.7735416
 
27.76054, 0.03271334, -0.08283815, 5, 0, 0.0030545769404230103721497865, 1006.568, -1642.728, -6.594189, 0.004862703, 0.07868536, 51.26653, 1.197847, 0.743877, 0.7735416
 
27.77054, 0.03251075, -0.08251102, 5, 0, 0.0030326759666044956602233819, 1009.98, -1642.728, -6.594189, 0.004862703, 0.07868536, 51.35175, 1.197847, 0.743877, 0.7735416
 
27.78054, 0.03230571, -0.08218591, 5, 0, 0.0030109999931591011292711253, 1013.398, -1642.728, -6.594189, 0.004862703, 0.07868536, 51.43697, 1.197848, 0.743877, 0.7735416
 
27.79054, 0.03211158, -0.08186285, 5, 0, 0.0029894618324422459320584766, 1016.823, -1642.728, -6.594189, 0.004862703, 0.07868536, 51.52222, 1.197849, 0.743877, 0.7735416
 
27.80054, 0.03191048, -0.08154174, 5, 0, 0.0029681683596311524858693295, 1020.255, -1642.728, -6.594189, 0.004862703, 0.07868536, 51.60747, 1.197849, 0.743877, 0.7735416
 
27.81054, 0.03171661, -0.08122263, 5, 0, 0.0029470295745765791640999091, 1023.693, -1642.728, -6.594189, 0.004862703, 0.07868536, 51.69275, 1.19785, 0.743877, 0.7735416
 
27.82054, 0.03151641, -0.08090547, 5, 0, 0.0029261298524184460346155211, 1027.138, -1642.728, -6.594189, 0.004862703, 0.07868536, 51.77802, 1.19785, 0.743877, 0.7735416
 
27.83054, 0.03132679, -0.0805903, 5, 0, 0.0029053623179795145656675606, 1030.589, -1642.728, -6.594189, 0.004862703, 0.07868536, 51.86333, 1.197851, 0.743877, 0.7735416
 
27.84054, 0.03112816, -0.08027703, 5, 0, 0.0028848422839510217415770473, 1034.047, -1642.728, -6.594189, 0.004862703, 0.07868536, 51.94863, 1.197851, 0.743877, 0.7735416
 
27.85054, 0.03093755, -0.07996575, 5, 0, 0.0028644685001650667037985567, 1037.512, -1642.728, -6.594189, 0.004862703, 0.07868536, 52.03395, 1.197852, 0.743877, 0.7735416
 
27.86054, 0.03074333, -0.07965637, 5, 0, 0.0028443056542288957212186190, 1040.983, -1642.728, -6.594189, 0.004862703, 0.07868536, 52.11928, 1.197852, 0.743877, 0.7735416
 
27.87054, 0.03055615, -0.07934894, 5, 0, 0.0028242946835445840836891734, 1044.46, -1642.728, -6.594189, 0.004862703, 0.07868536, 52.2046, 1.197853, 0.743877, 0.7735416
 
27.88054, 0.03037109, -0.07904337, 5, 0, 0.0028044544318933831846811585, 1047.944, -1642.728, -6.594189, 0.004862703, 0.07868536, 52.28995, 1.197853, 0.743877, 0.7735416
 
27.89054, 0.03018756, -0.07873967, 5, 0, 0.0027847919305369369153853056, 1051.434, -1642.728, -6.594189, 0.004862703, 0.07868536, 52.3753, 1.197854, 0.743877, 0.7735416
 
27.90054, 0.03001096, -0.07843779, 5, 0, 0.0027652683669108942915767544, 1054.931, -1642.728, -6.594189, 0.004862703, 0.07868536, 52.46067, 1.197854, 0.743877, 0.7735416
 
27.91054, 0.02982607, -0.07813768, 5, 0, 0.0027459717724112424515331709, 1058.435, -1642.728, -6.594189, 0.004862703, 0.07868536, 52.54604, 1.197855, 0.743877, 0.7735416
 
27.92054, 0.02964902, -0.07783942, 5, 0, 0.0027268115843877914983122225, 1061.944, -1642.728, -6.594189, 0.004862703, 0.07868536, 52.6314, 1.197855, 0.743877, 0.7735416
 
27.93054, 0.02947637, -0.07754293, 5, 0, 0.0027078001778610488611385418, 1065.46, -1642.728, -6.594189, 0.004862703, 0.07868536, 52.7168, 1.197856, 0.743877, 0.7735416
 
27.94054, 0.02929827, -0.07724816, 5, 0, 0.0026889918341710723258589785, 1068.983, -1642.728, -6.594189, 0.004862703, 0.07868536, 52.80219, 1.197856, 0.743877, 0.7735416
 
27.95054, 0.02913042, -0.07695518, 5, 0, 0.0026702965531685719224756253, 1072.513, -1642.728, -6.594189, 0.004862703, 0.07868536, 52.8876, 1.197857, 0.743877, 0.7735416
 
27.96054, 0.02895482, -0.07666388, 5, 0, 0.0026518161475224128943371753, 1076.049, -1642.728, -6.594189, 0.004862703, 0.07868536, 52.97301, 1.197857, 0.743877, 0.7735416
 
27.97054, 0.02878698, -0.07637433, 5, 0, 0.0026334586483300507831196123, 1079.592, -1642.728, -6.594189, 0.004862703, 0.07868536, 53.05844, 1.197858, 0.743877, 0.7735416
 
27.98055, 0.02861552, -0.07608646, 5, 0, 0.0026152893056997284714421566, 1083.141, -1642.728, -6.594189, 0.004862703, 0.07868536, 53.14388, 1.197858, 0.743877, 0.7735416
 
27.99055, 0.02845208, -0.07580031, 5, 0, 0.0025972394945176262559072170, 1086.697, -1642.728, -6.594189, 0.004862703, 0.07868536, 53.22933, 1.197859, 0.743877, 0.7735416
 
28.00055, 0.02828282, -0.07551578, 5, 0, 0.0025793834649068531697214326, 1090.26, -1642.728, -6.594189, 0.004862703, 0.07868536, 53.31478, 1.197859, 0.743877, 0.7735416
 
28.01055, 0.02811755, -0.07523295, 5, 0, 0.0025616689042807026021523273, 1093.828, -1642.728, -6.594189, 0.004862703, 0.07868536, 53.40023, 1.19786, 0.743877, 0.7735416
 
28.02055, 0.02795748, -0.07495178, 5, 0, 0.0025440840001195509364549830, 1097.403, -1642.728, -6.594189, 0.004862703, 0.07868536, 53.4857, 1.19786, 0.743877, 0.7735416
 
28.03055, 0.02779521, -0.0746722, 5, 0, 0.0025266684087391715623620967, 1100.985, -1642.728, -6.594189, 0.004862703, 0.07868536, 53.57117, 1.197861, 0.743877, 0.7735416
 
28.04055, 0.02763642, -0.07439425, 5, 0, 0.0025093886613340609192179985, 1104.574, -1642.728, -6.594189, 0.004862703, 0.07868536, 53.65666, 1.197861, 0.743877, 0.7735416
 
28.05055, 0.02747249, -0.07411788, 5, 0, 0.0024922931329844488700323683, 1108.168, -1642.728, -6.594189, 0.004862703, 0.07868536, 53.74215, 1.197861, 0.743877, 0.7735416
 
28.06055, 0.02731885, -0.07384316, 5, 0, 0.0024752951985466706089798021, 1111.769, -1642.728, -6.594189, 0.004862703, 0.07868536, 53.82763, 1.197862, 0.743877, 0.7735416
 
28.07055, 0.0271711, -0.07356997, 5, 0, 0.0024584145455533838205743642, 1115.377, -1642.728, -6.594189, 0.004862703, 0.07868536, 53.91314, 1.197862, 0.743877, 0.7735416
 
28.08055, 0.02701756, -0.07329826, 5, 0, 0.0024417124866062579529242142, 1118.991, -1642.728, -6.594189, 0.004862703, 0.07868536, 53.99864, 1.197863, 0.743877, 0.7735416
 
28.09055, 0.02686667, -0.07302809, 5, 0, 0.0024251428966288078809797707, 1122.612, -1642.728, -6.594189, 0.004862703, 0.07868536, 54.08417, 1.197863, 0.743877, 0.7735416
 
28.10055, 0.02671395, -0.07275942, 5, 0, 0.0024087299631611485362458736, 1126.239, -1642.728, -6.594189, 0.004862703, 0.07868536, 54.16969, 1.197864, 0.743877, 0.7735416
 
28.11055, 0.02656527, -0.07249228, 5, 0, 0.0023924404986482343787714212, 1129.872, -1642.728, -6.594189, 0.004862703, 0.07868536, 54.2552, 1.197864, 0.743877, 0.7735416
 
28.12055, 0.0264229, -0.07222663, 5, 0, 0.0023762595968153552206671142, 1133.513, -1642.728, -6.594189, 0.004862703, 0.07868536, 54.34074, 1.197864, 0.743877, 0.7735416
 
28.13055, 0.0262758, -0.0719624, 5, 0, 0.0023602432265053008575425000, 1137.159, -1642.728, -6.594189, 0.004862703, 0.07868536, 54.42627, 1.197865, 0.743877, 0.7735416
 
28.14055, 0.02613621, -0.07169964, 5, 0, 0.0023443267001108411349757591, 1140.812, -1642.728, -6.594189, 0.004862703, 0.07868536, 54.51183, 1.197865, 0.743877, 0.7735416
 
28.15055, 0.02599147, -0.07143828, 5, 0, 0.0023285744239887481866841430, 1144.472, -1642.728, -6.594189, 0.004862703, 0.07868536, 54.59737, 1.197866, 0.743877, 0.7735416
 
28.16055, 0.02584867, -0.07117837, 5, 0, 0.0023129478668251290491473593, 1148.139, -1642.728, -6.594189, 0.004862703, 0.07868536, 54.68295, 1.197866, 0.743877, 0.7735416
 
28.17055, 0.02570115, -0.07091989, 5, 0, 0.0022974824661787740002766083, 1151.811, -1642.728, -6.594189, 0.004862703, 0.07868536, 54.76851, 1.197867, 0.743877, 0.7735416
 
28.18055, 0.02555701, -0.07066287, 5, 0, 0.0022821368782310809537882307, 1155.49, -1642.728, -6.594189, 0.004862703, 0.07868536, 54.85407, 1.197867, 0.743877, 0.7735416
 
28.19055, 0.02542007, -0.0704073, 5, 0, 0.0022668866341915253008669509, 1159.175, -1642.728, -6.594189, 0.004862703, 0.07868536, 54.93965, 1.197867, 0.743877, 0.7735416
 
28.20055, 0.0252811, -0.0701531, 5, 0, 0.0022517775778860858024636498, 1162.867, -1642.728, -6.594189, 0.004862703, 0.07868536, 55.02523, 1.197868, 0.743877, 0.7735416
 
28.21055, 0.02514104, -0.06990029, 5, 0, 0.0022368032405540507232614429, 1166.566, -1642.728, -6.594189, 0.004862703, 0.07868536, 55.11082, 1.197868, 0.743877, 0.7735416
 
28.22055, 0.02499747, -0.06964888, 5, 0, 0.0022219782472196722304450615, 1170.271, -1642.728, -6.594189, 0.004862703, 0.07868536, 55.19641, 1.197868, 0.743877, 0.7735416
 
28.23055, 0.0248595, -0.0693989, 5, 0, 0.0022072545040532107106388152, 1173.982, -1642.728, -6.594189, 0.004862703, 0.07868536, 55.282, 1.197869, 0.743877, 0.7735416
 
28.24055, 0.02473026, -0.06915031, 5, 0, 0.0021926114797705860738208033, 1177.7, -1642.728, -6.594189, 0.004862703, 0.07868536, 55.3676, 1.197869, 0.743877, 0.7735416
 
28.25055, 0.02458957, -0.06890301, 5, 0, 0.0021781515495415957192135654, 1181.424, -1642.728, -6.594189, 0.004862703, 0.07868536, 55.4532, 1.19787, 0.743877, 0.7735416
 
28.26055, 0.02446062, -0.06865711, 5, 0, 0.0021637560256694258417177114, 1185.155, -1642.728, -6.594189, 0.004862703, 0.07868536, 55.53882, 1.19787, 0.743877, 0.7735416
 
28.27055, 0.02432225, -0.06841251, 5, 0, 0.0021495315020808086089831453, 1188.892, -1642.728, -6.594189, 0.004862703, 0.07868536, 55.62443, 1.19787, 0.743877, 0.7735416
 
28.28055, 0.02419448, -0.06816928, 5, 0, 0.0021353772911087914328030005, 1192.635, -1642.728, -6.594189, 0.004862703, 0.07868536, 55.71004, 1.197871, 0.743877, 0.7735416
 
28.29055, 0.02406737, -0.06792734, 5, 0, 0.0021213372678261469291961812, 1196.386, -1642.728, -6.594189, 0.004862703, 0.07868536, 55.79567, 1.197871, 0.743877, 0.7735416
 
28.30055, 0.02393672, -0.06768666, 5, 0, 0.0021074344947710934889904121, 1200.142, -1642.728, -6.594189, 0.004862703, 0.07868536, 55.88128, 1.197871, 0.743877, 0.7735416
 
28.31055, 0.02381056, -0.0674473, 5, 0, 0.0020936265031232130575484722, 1203.906, -1642.728, -6.594189, 0.004862703, 0.07868536, 55.96692, 1.197872, 0.743877, 0.7735416
 
28.32055, 0.02368007, -0.06720919, 5, 0, 0.0020799580117066845419323918, 1207.675, -1642.728, -6.594189, 0.004862703, 0.07868536, 56.05256, 1.197872, 0.743877, 0.7735416
 
28.33055, 0.02355407, -0.06697239, 5, 0, 0.0020663834579459066295723040, 1211.45, -1642.728, -6.594189, 0.004862703, 0.07868536, 56.13818, 1.197873, 0.743877, 0.7735416
 
28.34055, 0.02343017, -0.06673685, 5, 0, 0.0020529118418558582723086030, 1215.233, -1642.728, -6.594189, 0.004862703, 0.07868536, 56.22382, 1.197873, 0.743877, 0.7735416
 
28.35055, 0.02329989, -0.06650255, 5, 0, 0.0020395870385092476283013502, 1219.021, -1642.728, -6.594189, 0.004862703, 0.07868536, 56.30946, 1.197873, 0.743877, 0.7735416
 
28.36055, 0.02317856, -0.06626955, 5, 0, 0.0020263311415269147083962566, 1222.815, -1642.728, -6.594189, 0.004862703, 0.07868536, 56.39509, 1.197873, 0.743877, 0.7735416
 
28.37055, 0.02305811, -0.06603776, 5, 0, 0.0020131801509685497174489479, 1226.617, -1642.728, -6.594189, 0.004862703, 0.07868536, 56.48074, 1.197874, 0.743877, 0.7735416
 
28.38055, 0.02293458, -0.06580718, 5, 0, 0.0020001554418696068075950294, 1230.424, -1642.728, -6.594189, 0.004862703, 0.07868536, 56.56638, 1.197874, 0.743877, 0.7735416
 
28.39055, 0.02281732, -0.06557783, 5, 0, 0.0019872072328975176689078485, 1234.239, -1642.728, -6.594189, 0.004862703, 0.07868536, 56.65203, 1.197875, 0.743877, 0.7735416
 
28.40055, 0.02268918, -0.06534966, 5, 0, 0.0019744210241940666810004046, 1238.06, -1642.728, -6.594189, 0.004862703, 0.07868536, 56.73769, 1.197875, 0.743877, 0.7735416
 
28.41055, 0.02256971, -0.06512277, 5, 0, 0.0019617028781034871261519941, 1241.886, -1642.728, -6.594189, 0.004862703, 0.07868536, 56.82333, 1.197875, 0.743877, 0.7735416
 
28.42056, 0.02245103, -0.06489707, 5, 0, 0.0019490851384294182532705931, 1245.72, -1642.728, -6.594189, 0.004862703, 0.07868536, 56.90899, 1.197875, 0.743877, 0.7735416
 
28.43056, 0.02233532, -0.06467256, 5, 0, 0.0019365582426559972980360928, 1249.56, -1642.728, -6.594189, 0.004862703, 0.07868536, 56.99465, 1.197876, 0.743877, 0.7735416
 
28.44056, 0.02222063, -0.06444921, 5, 0, 0.0019241289407944101309346564, 1253.407, -1642.728, -6.594189, 0.004862703, 0.07868536, 57.08032, 1.197876, 0.743877, 0.7735416
 
28.45056, 0.02210054, -0.064227, 5, 0, 0.0019118290141473638450004130, 1257.26, -1642.728, -6.594189, 0.004862703, 0.07868536, 57.16599, 1.197876, 0.743877, 0.7735416
 
28.46056, 0.02198151, -0.06400599, 5, 0, 0.0018996283689149639292854852, 1261.118, -1642.728, -6.594189, 0.004862703, 0.07868536, 57.25164, 1.197877, 0.743877, 0.7735416
 
28.47056, 0.02187189, -0.06378618, 5, 0, 0.0018874828487739797470664004, 1264.984, -1642.728, -6.594189, 0.004862703, 0.07868536, 57.33731, 1.197877, 0.743877, 0.7735416
 
28.48056, 0.02175807, -0.06356746, 5, 0, 0.0018754562975802673906512741, 1268.856, -1642.728, -6.594189, 0.004862703, 0.07868536, 57.42298, 1.197877, 0.743877, 0.7735416
 
28.49056, 0.02164467, -0.06334988, 5, 0, 0.0018635284653002853630463272, 1272.734, -1642.728, -6.594189, 0.004862703, 0.07868536, 57.50864, 1.197878, 0.743877, 0.7735416
 
28.50056, 0.02153683, -0.06313343, 5, 0, 0.0018516712268873452982356588, 1276.618, -1642.728, -6.594189, 0.004862703, 0.07868536, 57.59431, 1.197878, 0.743877, 0.7735416
 
28.51056, 0.02142287, -0.06291807, 5, 0, 0.0018399394261824371379399656, 1280.509, -1642.728, -6.594189, 0.004862703, 0.07868536, 57.67997, 1.197878, 0.743877, 0.7735416
 
28.52056, 0.02131333, -0.06270384, 5, 0, 0.0018282830006025184370633160, 1284.407, -1642.728, -6.594189, 0.004862703, 0.07868536, 57.76566, 1.197879, 0.743877, 0.7735416
 
28.53056, 0.02119815, -0.06249071, 5, 0, 0.0018167483564745484558245704, 1288.311, -1642.728, -6.594189, 0.004862703, 0.07868536, 57.85133, 1.197879, 0.743877, 0.7735416
 
28.54056, 0.02108559, -0.06227873, 5, 0, 0.0018052992124883628541988242, 1292.221, -1642.728, -6.594189, 0.004862703, 0.07868536, 57.937, 1.197879, 0.743877, 0.7735416
 
28.55056, 0.02097733, -0.06206787, 5, 0, 0.0017939243186253185147091385, 1296.136, -1642.728, -6.594189, 0.004862703, 0.07868536, 58.02265, 1.19788, 0.743877, 0.7735416
 
28.56056, 0.02087658, -0.0618581, 5, 0, 0.0017826059561059961267028472, 1300.059, -1642.728, -6.594189, 0.004862703, 0.07868536, 58.10832, 1.19788, 0.743877, 0.7735416
 
28.57056, 0.02076548, -0.06164933, 5, 0, 0.0017714265313170934986485683, 1303.988, -1642.728, -6.594189, 0.004862703, 0.07868536, 58.19398, 1.19788, 0.743877, 0.7735416
 
28.58056, 0.02066374, -0.06144167, 5, 0, 0.0017602949191074724632654116, 1307.924, -1642.728, -6.594189, 0.004862703, 0.07868536, 58.27966, 1.19788, 0.743877, 0.7735416
 
28.59056, 0.02055044, -0.06123504, 5, 0, 0.0017493064633852542996557640, 1311.866, -1642.728, -6.594189, 0.004862703, 0.07868536, 58.36533, 1.197881, 0.743877, 0.7735416
 
28.60056, 0.02044411, -0.06102953, 5, 0, 0.0017383781952628412724065820, 1315.813, -1642.728, -6.594189, 0.004862703, 0.07868536, 58.45099, 1.197881, 0.743877, 0.7735416
 
28.61056, 0.02034359, -0.06082509, 5, 0, 0.0017275101147402494959825763, 1319.768, -1642.728, -6.594189, 0.004862703, 0.07868536, 58.53667, 1.197881, 0.743877, 0.7735416
 
28.62056, 0.02023691, -0.06062166, 5, 0, 0.0017167581906602687659932943, 1323.729, -1642.728, -6.594189, 0.004862703, 0.07868536, 58.62233, 1.197882, 0.743877, 0.7735416
 
28.63056, 0.02013457, -0.06041929, 5, 0, 0.0017060729229408210221460731, 1327.697, -1642.728, -6.594189, 0.004862703, 0.07868536, 58.70802, 1.197882, 0.743877, 0.7735416
 
28.64056, 0.02002666, -0.06021794, 5, 0, 0.0016955001554079333687859259, 1331.67, -1642.728, -6.594189, 0.004862703, 0.07868536, 58.79369, 1.197882, 0.743877, 0.7735416
 
28.65056, 0.01992434, -0.06001768, 5, 0, 0.0016849884192262571428293701, 1335.65, -1642.728, -6.594189, 0.004862703, 0.07868536, 58.87935, 1.197882, 0.743877, 0.7735416
 
28.66056, 0.01982439, -0.05981843, 5, 0, 0.0016745503706667900231350279, 1339.637, -1642.728, -6.594189, 0.004862703, 0.07868536, 58.96503, 1.197883, 0.743877, 0.7735416
 
28.67056, 0.01972303, -0.05962019, 5, 0, 0.0016642026035070225507490287, 1343.629, -1642.728, -6.594189, 0.004862703, 0.07868536, 59.0507, 1.197883, 0.743877, 0.7735416
 
28.68056, 0.01962396, -0.05942295, 5, 0, 0.0016539276802180578935821174, 1347.628, -1642.728, -6.594189, 0.004862703, 0.07868536, 59.13636, 1.197883, 0.743877, 0.7735416
 
28.69056, 0.0195324, -0.05922671, 5, 0, 0.0016437025382616454318771479, 1351.632, -1642.728, -6.594189, 0.004862703, 0.07868536, 59.222, 1.197883, 0.743877, 0.7735416
 
28.70056, 0.01943974, -0.05903139, 5, 0, 0.0016335598026918824352466643, 1355.644, -1642.728, -6.594189, 0.004862703, 0.07868536, 59.30766, 1.197884, 0.743877, 0.7735416
 
28.71056, 0.0193437, -0.05883699, 5, 0, 0.0016235129735311728735924145, 1359.661, -1642.728, -6.594189, 0.004862703, 0.07868536, 59.39331, 1.197884, 0.743877, 0.7735416
 
28.72056, 0.01924508, -0.05864356, 5, 0, 0.0016135555820187727826680927, 1363.686, -1642.728, -6.594189, 0.004862703, 0.07868536, 59.47898, 1.197884, 0.743877, 0.7735416
 
28.73056, 0.01914212, -0.0584511, 5, 0, 0.0016036980344219383262651648, 1367.717, -1642.728, -6.594189, 0.004862703, 0.07868536, 59.56464, 1.197884, 0.743877, 0.7735416
 
28.74056, 0.0190445, -0.05825968, 5, 0, 0.0015938975806697885947024286, 1371.753, -1642.728, -6.594189, 0.004862703, 0.07868536, 59.65028, 1.197885, 0.743877, 0.7735416
 
28.75056, 0.01895141, -0.05806924, 5, 0, 0.0015841547832632492980678467, 1375.796, -1642.728, -6.594189, 0.004862703, 0.07868536, 59.73595, 1.197885, 0.743877, 0.7735416
 
28.76056, 0.01885063, -0.05787973, 5, 0, 0.0015745225172900059349154035, 1379.846, -1642.728, -6.594189, 0.004862703, 0.07868536, 59.8216, 1.197885, 0.743877, 0.7735416
 
28.77056, 0.0187533, -0.05769122, 5, 0, 0.0015649538139221687005988629, 1383.901, -1642.728, -6.594189, 0.004862703, 0.07868536, 59.90723, 1.197885, 0.743877, 0.7735416
 
28.78056, 0.01866623, -0.05750369, 5, 0, 0.0015554152043542356459090261, 1387.963, -1642.728, -6.594189, 0.004862703, 0.07868536, 59.99289, 1.197886, 0.743877, 0.7735416
 
28.79056, 0.01856947, -0.05731703, 5, 0, 0.0015459930324793926071626052, 1392.031, -1642.728, -6.594189, 0.004862703, 0.07868536, 60.07853, 1.197886, 0.743877, 0.7735416
 
28.80056, 0.0184758, -0.05713133, 5, 0, 0.0015366335794585558519948454, 1396.106, -1642.728, -6.594189, 0.004862703, 0.07868536, 60.16416, 1.197886, 0.743877, 0.7735416
 
28.81056, 0.01838892, -0.05694657, 5, 0, 0.0015273174390095450539539032, 1400.187, -1642.728, -6.594189, 0.004862703, 0.07868536, 60.24981, 1.197886, 0.743877, 0.7735416
 
28.82056, 0.01829403, -0.05676268, 5, 0, 0.0015181084549882324198126049, 1404.274, -1642.728, -6.594189, 0.004862703, 0.07868536, 60.33544, 1.197887, 0.743877, 0.7735416
 
28.83056, 0.01820456, -0.05657974, 5, 0, 0.0015089495335499396705166429, 1408.367, -1642.728, -6.594189, 0.004862703, 0.07868536, 60.42106, 1.197887, 0.743877, 0.7735416
 
28.84056, 0.01812353, -0.0563977, 5, 0, 0.0014998249246685454927941790, 1412.467, -1642.728, -6.594189, 0.004862703, 0.07868536, 60.5067, 1.197887, 0.743877, 0.7735416
 
28.85056, 0.01802896, -0.05621646, 5, 0, 0.0014908282847493650294472328, 1416.573, -1642.728, -6.594189, 0.004862703, 0.07868536, 60.59232, 1.197887, 0.743877, 0.7735416
 
28.86057, 0.01794154, -0.05603617, 5, 0, 0.0014818727073982786768387744, 1420.685, -1642.728, -6.594189, 0.004862703, 0.07868536, 60.67793, 1.197888, 0.743877, 0.7735416
 
28.87057, 0.01785731, -0.05585676, 5, 0, 0.0014729725363890725242166116, 1424.803, -1642.728, -6.594189, 0.004862703, 0.07868536, 60.76356, 1.197888, 0.743877, 0.7735416
 
28.88057, 0.01776576, -0.05567819, 5, 0, 0.0014641722092954368404552558, 1428.928, -1642.728, -6.594189, 0.004862703, 0.07868536, 60.84918, 1.197888, 0.743877, 0.7735416
 
28.89057, 0.01767947, -0.05550053, 5, 0, 0.0014554191322801586507235307, 1433.059, -1642.728, -6.594189, 0.004862703, 0.07868536, 60.93478, 1.197888, 0.743877, 0.7735416
 
28.90057, 0.01759619, -0.05532373, 5, 0, 0.0014467200553544270484005415, 1437.196, -1642.728, -6.594189, 0.004862703, 0.07868536, 61.0204, 1.197888, 0.743877, 0.7735416
 
28.91057, 0.01751137, -0.05514777, 5, 0, 0.0014380946660508932722144685, 1441.34, -1642.728, -6.594189, 0.004862703, 0.07868536, 61.106, 1.197889, 0.743877, 0.7735416
 
28.92057, 0.0174287, -0.05497266, 5, 0, 0.0014295272143434376203399444, 1445.489, -1642.728, -6.594189, 0.004862703, 0.07868536, 61.19159, 1.197889, 0.743877, 0.7735416
 
28.93057, 0.01734533, -0.05479837, 5, 0, 0.0014210269814974503333742701, 1449.645, -1642.728, -6.594189, 0.004862703, 0.07868536, 61.2772, 1.197889, 0.743877, 0.7735416
 
28.94057, 0.01726209, -0.05462492, 5, 0, 0.0014125914362587367098851345, 1453.808, -1642.728, -6.594189, 0.004862703, 0.07868536, 61.36279, 1.197889, 0.743877, 0.7735416
 
28.95057, 0.01717775, -0.0544523, 5, 0, 0.0014042267661375536873777960, 1457.976, -1642.728, -6.594189, 0.004862703, 0.07868536, 61.44837, 1.19789, 0.743877, 0.7735416
 
28.96057, 0.01710079, -0.05428052, 5, 0, 0.0013958941585695422243950388, 1462.151, -1642.728, -6.594189, 0.004862703, 0.07868536, 61.53396, 1.19789, 0.743877, 0.7735416
 
28.97057, 0.01701066, -0.05410951, 5, 0, 0.0013876791136964834776569203, 1466.332, -1642.728, -6.594189, 0.004862703, 0.07868536, 61.61954, 1.19789, 0.743877, 0.7735416
 
28.98057, 0.016933, -0.0539394, 5, 0, 0.0013794778500962802757392336, 1470.519, -1642.728, -6.594189, 0.004862703, 0.07868536, 61.70511, 1.19789, 0.743877, 0.7735416
 
28.99057, 0.01685512, -0.05377007, 5, 0, 0.0013713384615986851235894376, 1474.713, -1642.728, -6.594189, 0.004862703, 0.07868536, 61.7907, 1.197891, 0.743877, 0.7735416
 
29.00057, 0.01676719, -0.05360152, 5, 0, 0.0013633025732727226763733960, 1478.912, -1642.728, -6.594189, 0.004862703, 0.07868536, 61.87626, 1.197891, 0.743877, 0.7735416
 
29.01057, 0.01668394, -0.05343385, 5, 0, 0.0013553102787690538756675667, 1483.119, -1642.728, -6.594189, 0.004862703, 0.07868536, 61.96182, 1.197891, 0.743877, 0.7735416
 
29.02057, 0.01660632, -0.05326701, 5, 0, 0.0013473562343288151834380483, 1487.331, -1642.728, -6.594189, 0.004862703, 0.07868536, 62.04739, 1.197891, 0.743877, 0.7735416
 
29.03057, 0.01651968, -0.05310095, 5, 0, 0.0013394995025499506471905547, 1491.55, -1642.728, -6.594189, 0.004862703, 0.07868536, 62.13295, 1.197891, 0.743877, 0.7735416
 
29.04057, 0.01644447, -0.05293575, 5, 0, 0.0013316576770458043560647157, 1495.774, -1642.728, -6.594189, 0.004862703, 0.07868536, 62.21849, 1.197891, 0.743877, 0.7735416
 
29.05057, 0.01637276, -0.0527713, 5, 0, 0.0013238597266144177893860125, 1500.005, -1642.728, -6.594189, 0.004862703, 0.07868536, 62.30404, 1.197892, 0.743877, 0.7735416
 
29.06057, 0.01629123, -0.05260758, 5, 0, 0.0013161590888444037672428630, 1504.243, -1642.728, -6.594189, 0.004862703, 0.07868536, 62.38958, 1.197892, 0.743877, 0.7735416
 
29.07057, 0.0162115, -0.05244467, 5, 0, 0.0013085107636611414763333798, 1508.486, -1642.728, -6.594189, 0.004862703, 0.07868536, 62.47511, 1.197892, 0.743877, 0.7735416
 
29.08057, 0.01614074, -0.05228255, 5, 0, 0.0013008843760142574362009933, 1512.735, -1642.728, -6.594189, 0.004862703, 0.07868536, 62.56062, 1.197892, 0.743877, 0.7735416
 
29.09057, 0.01606843, -0.05212115, 5, 0, 0.0012933207072213812910937391, 1516.99, -1642.728, -6.594189, 0.004862703, 0.07868536, 62.64615, 1.197892, 0.743877, 0.7735416
 
29.10057, 0.01598568, -0.05196046, 5, 0, 0.0012858543510898776905220386, 1521.252, -1642.728, -6.594189, 0.004862703, 0.07868536, 62.73166, 1.197893, 0.743877, 0.7735416
 
29.11057, 0.01591069, -0.05180061, 5, 0, 0.0012784152762536158787613361, 1525.52, -1642.728, -6.594189, 0.004862703, 0.07868536, 62.81716, 1.197893, 0.743877, 0.7735416
 
29.12057, 0.01584255, -0.0516415, 5, 0, 0.0012710037639630619337485552, 1529.795, -1642.728, -6.594189, 0.004862703, 0.07868536, 62.90267, 1.197893, 0.743877, 0.7735416
 
29.13057, 0.01576435, -0.05148308, 5, 0, 0.0012636861893282843751353043, 1534.075, -1642.728, -6.594189, 0.004862703, 0.07868536, 62.98817, 1.197893, 0.743877, 0.7735416
 
29.14057, 0.01568851, -0.05132543, 5, 0, 0.0012564158647718626991052129, 1538.361, -1642.728, -6.594189, 0.004862703, 0.07868536, 63.07365, 1.197893, 0.743877, 0.7735416
 
29.15057, 0.01562199, -0.05116855, 5, 0, 0.0012491635402452893483958764, 1542.653, -1642.728, -6.594189, 0.004862703, 0.07868536, 63.15912, 1.197894, 0.743877, 0.7735416
 
29.16057, 0.0155581, -0.05101233, 5, 0, 0.0012419522782868117198714988, 1546.952, -1642.728, -6.594189, 0.004862703, 0.07868536, 63.2446, 1.197894, 0.743877, 0.7735416
 
29.17057, 0.01548963, -0.05085675, 5, 0, 0.0012348110476944664585181480, 1551.257, -1642.728, -6.594189, 0.004862703, 0.07868536, 63.33007, 1.197894, 0.743877, 0.7735416
 
29.18057, 0.01542124, -0.05070185, 5, 0, 0.0012277204421860732378839804, 1555.569, -1642.728, -6.594189, 0.004862703, 0.07868536, 63.41555, 1.197894, 0.743877, 0.7735416
 
29.19057, 0.0153462, -0.05054764, 5, 0, 0.0012207080243073383132704466, 1559.887, -1642.728, -6.594189, 0.004862703, 0.07868536, 63.50101, 1.197894, 0.743877, 0.7735416
 
29.20057, 0.0152755, -0.05039417, 5, 0, 0.0012137316064883032621913649, 1564.211, -1642.728, -6.594189, 0.004862703, 0.07868536, 63.58647, 1.197895, 0.743877, 0.7735416
 
29.21057, 0.01520565, -0.05024142, 5, 0, 0.0012068044075008882507003781, 1568.54, -1642.728, -6.594189, 0.004862703, 0.07868536, 63.6719, 1.197895, 0.743877, 0.7735416
 
29.22057, 0.01513851, -0.05008936, 5, 0, 0.0011999168648292369602632618, 1572.876, -1642.728, -6.594189, 0.004862703, 0.07868536, 63.75735, 1.197895, 0.743877, 0.7735416
 
29.23057, 0.01505802, -0.04993798, 5, 0, 0.0011931311348264202956918879, 1577.218, -1642.728, -6.594189, 0.004862703, 0.07868536, 63.84278, 1.197895, 0.743877, 0.7735416
 
29.24057, 0.01499012, -0.0497874, 5, 0, 0.0011863496235805996345137793, 1581.566, -1642.728, -6.594189, 0.004862703, 0.07868536, 63.9282, 1.197895, 0.743877, 0.7735416
 
29.25057, 0.01492127, -0.0496375, 5, 0, 0.0011796221124243287836373489, 1585.919, -1642.728, -6.594189, 0.004862703, 0.07868536, 64.0136, 1.197895, 0.743877, 0.7735416
 
29.26057, 0.01486001, -0.04948828, 5, 0, 0.0011729134450493061033389149, 1590.28, -1642.728, -6.594189, 0.004862703, 0.07868536, 64.09901, 1.197896, 0.743877, 0.7735416
 
29.27057, 0.01478728, -0.04933968, 5, 0, 0.0011662967465767956524350755, 1594.647, -1642.728, -6.594189, 0.004862703, 0.07868536, 64.18442, 1.197896, 0.743877, 0.7735416
 
29.28057, 0.01472462, -0.04919181, 5, 0, 0.0011596907356220074432596255, 1599.02, -1642.728, -6.594189, 0.004862703, 0.07868536, 64.26983, 1.197896, 0.743877, 0.7735416
 
29.29058, 0.01464934, -0.04904456, 5, 0, 0.0011531797873248647665708125, 1603.4, -1642.728, -6.594189, 0.004862703, 0.07868536, 64.35522, 1.197896, 0.743877, 0.7735416
 
29.30058, 0.01457945, -0.04889807, 5, 0, 0.0011466986515771585801253089, 1607.785, -1642.728, -6.594189, 0.004862703, 0.07868536, 64.44061, 1.197896, 0.743877, 0.7735416
 
29.31058, 0.01451693, -0.04875228, 5, 0, 0.0011402374846125664874519666, 1612.176, -1642.728, -6.594189, 0.004862703, 0.07868536, 64.52597, 1.197896, 0.743877, 0.7735416
 
29.32058, 0.01445937, -0.04860711, 5, 0, 0.0011338033176927501056526990, 1616.574, -1642.728, -6.594189, 0.004862703, 0.07868536, 64.61135, 1.197897, 0.743877, 0.7735416
 
29.33058, 0.01438409, -0.04846251, 5, 0, 0.0011274810884585600470201874, 1620.978, -1642.728, -6.594189, 0.004862703, 0.07868536, 64.69671, 1.197897, 0.743877, 0.7735416
 
29.34058, 0.01431506, -0.04831867, 5, 0, 0.0011211833280149461634900260, 1625.387, -1642.728, -6.594189, 0.004862703, 0.07868536, 64.78206, 1.197897, 0.743877, 0.7735416
 
29.35058, 0.01425018, -0.04817552, 5, 0, 0.0011149173488740361501010513, 1629.802, -1642.728, -6.594189, 0.004862703, 0.07868536, 64.86739, 1.197897, 0.743877, 0.7735416
 
29.36058, 0.01418679, -0.04803302, 5, 0, 0.0011086904635479560904456291, 1634.224, -1642.728, -6.594189, 0.004862703, 0.07868536, 64.95273, 1.197897, 0.743877, 0.7735416
 
29.37058, 0.014116, -0.04789115, 5, 0, 0.0011025364220926724002234105, 1638.652, -1642.728, -6.594189, 0.004862703, 0.07868536, 65.03806, 1.197897, 0.743877, 0.7735416
 
29.38058, 0.01404809, -0.04774999, 5, 0, 0.0010964180994466208941522495, 1643.086, -1642.728, -6.594189, 0.004862703, 0.07868536, 65.12336, 1.197898, 0.743877, 0.7735416
 
29.39058, 0.01399056, -0.04760951, 5, 0, 0.0010903051205594313146685186, 1647.527, -1642.728, -6.594189, 0.004862703, 0.07868536, 65.20869, 1.197898, 0.743877, 0.7735416
 
29.40058, 0.01392263, -0.0474696, 5, 0, 0.0010842739855579654901713110, 1651.974, -1642.728, -6.594189, 0.004862703, 0.07868536, 65.29399, 1.197898, 0.743877, 0.7735416
 
29.41058, 0.01385598, -0.04733038, 5, 0, 0.0010782830693731939311553497, 1656.426, -1642.728, -6.594189, 0.004862703, 0.07868536, 65.37928, 1.197898, 0.743877, 0.7735416
 
29.42058, 0.01379853, -0.04719182, 5, 0, 0.0010723019969547463800570073, 1660.885, -1642.728, -6.594189, 0.004862703, 0.07868536, 65.46458, 1.197898, 0.743877, 0.7735416
 
29.43058, 0.01373063, -0.04705384, 5, 0, 0.0010664005184182891261103872, 1665.35, -1642.728, -6.594189, 0.004862703, 0.07868536, 65.54987, 1.197898, 0.743877, 0.7735416
 
29.44058, 0.01366487, -0.04691653, 5, 0, 0.0010605356024424639015720661, 1669.821, -1642.728, -6.594189, 0.004862703, 0.07868536, 65.63513, 1.197899, 0.743877, 0.7735416
 
29.45058, 0.01360714, -0.04677988, 5, 0, 0.0010546850302404263777280238, 1674.297, -1642.728, -6.594189, 0.004862703, 0.07868536, 65.72038, 1.197899, 0.743877, 0.7735416
 
29.46058, 0.01354731, -0.04664381, 5, 0, 0.0010488819893672092029575934, 1678.781, -1642.728, -6.594189, 0.004862703, 0.07868536, 65.80565, 1.197899, 0.743877, 0.7735416
 
29.47058, 0.01348294, -0.04650834, 5, 0, 0.0010431366048396040745617885, 1683.27, -1642.728, -6.594189, 0.004862703, 0.07868536, 65.89089, 1.197899, 0.743877, 0.7735416
 
29.48058, 0.01342562, -0.04637351, 5, 0, 0.0010374083765904490376759681, 1687.765, -1642.728, -6.594189, 0.004862703, 0.07868536, 65.97613, 1.197899, 0.743877, 0.7735416
 
29.49058, 0.01336476, -0.04623925, 5, 0, 0.0010317333046794439658345844, 1692.265, -1642.728, -6.594189, 0.004862703, 0.07868536, 66.06134, 1.197899, 0.743877, 0.7735416
 
29.50058, 0.01330899, -0.0461056, 5, 0, 0.0010260796078038849888964505, 1696.773, -1642.728, -6.594189, 0.004862703, 0.07868536, 66.14656, 1.197899, 0.743877, 0.7735416
 
29.51058, 0.01324833, -0.04597251, 5, 0, 0.0010204827235225382130757006, 1701.286, -1642.728, -6.594189, 0.004862703, 0.07868536, 66.23177, 1.1979, 0.743877, 0.7735416
 
29.52058, 0.01319102, -0.04584003, 5, 0, 0.0010149148080392313051339607, 1705.805, -1642.728, -6.594189, 0.004862703, 0.07868536, 66.31696, 1.1979, 0.743877, 0.7735416
 
29.53058, 0.01313787, -0.04570812, 5, 0, 0.0010093710800960344943576475, 1710.33, -1642.728, -6.594189, 0.004862703, 0.07868536, 66.40213, 1.1979, 0.743877, 0.7735416
 
29.54058, 0.01308767, -0.04557674, 5, 0, 0.0010038540709471457050720143, 1714.862, -1642.728, -6.594189, 0.004862703, 0.07868536, 66.48731, 1.1979, 0.743877, 0.7735416
 
29.55058, 0.01303052, -0.04544587, 5, 0, 0.0009983992181513310434911953, 1719.399, -1642.728, -6.594189, 0.004862703, 0.07868536, 66.57248, 1.1979, 0.743877, 0.7735416
 
29.56058, 0.01297576, -0.04531556, 5, 0, 0.0009929738966544884056632333, 1723.943, -1642.728, -6.594189, 0.004862703, 0.07868536, 66.65763, 1.1979, 0.743877, 0.7735416
 
29.57058, 0.01292572, -0.0451858, 5, 0, 0.0009875702314435579406754446, 1728.492, -1642.728, -6.594189, 0.004862703, 0.07868536, 66.74277, 1.1979, 0.743877, 0.7735416
 
29.58058, 0.01287698, -0.04505654, 5, 0, 0.0009821975037839315005716012, 1733.048, -1642.728, -6.594189, 0.004862703, 0.07868536, 66.82791, 1.197901, 0.743877, 0.7735416
 
29.59058, 0.01281777, -0.04492778, 5, 0, 0.0009768981824960351972212794, 1737.609, -1642.728, -6.594189, 0.004862703, 0.07868536, 66.91304, 1.197901, 0.743877, 0.7735416
 
29.60058, 0.01276101, -0.0447996, 5, 0, 0.0009716278300061787617499675, 1742.177, -1642.728, -6.594189, 0.004862703, 0.07868536, 66.99815, 1.197901, 0.743877, 0.7735416
 
29.61058, 0.01271256, -0.04467199, 5, 0, 0.0009663650712789144878079448, 1746.751, -1642.728, -6.594189, 0.004862703, 0.07868536, 67.08327, 1.197901, 0.743877, 0.7735416
 
29.62058, 0.01265352, -0.04454486, 5, 0, 0.0009611745939215160388717497, 1751.331, -1642.728, -6.594189, 0.004862703, 0.07868536, 67.16837, 1.197901, 0.743877, 0.7735416
 
29.63058, 0.01259266, -0.04441833, 5, 0, 0.0009560274291359419356159013, 1755.917, -1642.728, -6.594189, 0.004862703, 0.07868536, 67.25346, 1.197901, 0.743877, 0.7735416
 
29.64058, 0.01254271, -0.0442924, 5, 0, 0.0009508799830999017544231293, 1760.508, -1642.728, -6.594189, 0.004862703, 0.07868536, 67.33852, 1.197901, 0.743877, 0.7735416
 
29.65058, 0.01248893, -0.04416697, 5, 0, 0.0009457803496431496116873639, 1765.107, -1642.728, -6.594189, 0.004862703, 0.07868536, 67.4236, 1.197901, 0.743877, 0.7735416
 
29.66058, 0.01243578, -0.04404208, 5, 0, 0.0009407136224909656508404792, 1769.711, -1642.728, -6.594189, 0.004862703, 0.07868536, 67.50866, 1.197902, 0.743877, 0.7735416
 
29.67058, 0.01237736, -0.04391773, 5, 0, 0.0009357000516769316550380311, 1774.321, -1642.728, -6.594189, 0.004862703, 0.07868536, 67.5937, 1.197902, 0.743877, 0.7735416
 
29.68058, 0.01232897, -0.04379395, 5, 0, 0.0009306884496161618162405184, 1778.936, -1642.728, -6.594189, 0.004862703, 0.07868536, 67.67873, 1.197902, 0.743877, 0.7735416
 
29.69058, 0.01228807, -0.04367067, 5, 0, 0.0009256841600675196724818424, 1783.559, -1642.728, -6.594189, 0.004862703, 0.07868536, 67.76376, 1.197902, 0.743877, 0.7735416
 
29.70058, 0.01222945, -0.04354778, 5, 0, 0.0009207721206718558360546844, 1788.187, -1642.728, -6.594189, 0.004862703, 0.07868536, 67.84879, 1.197902, 0.743877, 0.7735416
 
29.71058, 0.01217832, -0.04342549, 5, 0, 0.0009158702062929820854820689, 1792.821, -1642.728, -6.594189, 0.004862703, 0.07868536, 67.93378, 1.197902, 0.743877, 0.7735416
 
29.72058, 0.01213241, -0.04330371, 5, 0, 0.0009109843231906925032252729, 1797.46, -1642.728, -6.594189, 0.004862703, 0.07868536, 68.01876, 1.197902, 0.743877, 0.7735416
 
29.73059, 0.01207911, -0.04318238, 5, 0, 0.0009061549714321506555954086, 1802.107, -1642.728, -6.594189, 0.004862703, 0.07868536, 68.10375, 1.197902, 0.743877, 0.7735416
 
29.74059, 0.01202006, -0.04306159, 5, 0, 0.0009013784947612910836265863, 1806.759, -1642.728, -6.594189, 0.004862703, 0.07868536, 68.18873, 1.197903, 0.743877, 0.7735416
 
29.75059, 0.01196388, -0.04294139, 5, 0, 0.0008966273306324075320173557, 1811.417, -1642.728, -6.594189, 0.004862703, 0.07868536, 68.27368, 1.197903, 0.743877, 0.7735416
 
29.76059, 0.0119132, -0.04282175, 5, 0, 0.0008918916352791759928500978, 1816.08, -1642.728, -6.594189, 0.004862703, 0.07868536, 68.35862, 1.197903, 0.743877, 0.7735416
 
29.77059, 0.01186332, -0.04270262, 5, 0, 0.0008871846274735166321784554, 1820.75, -1642.728, -6.594189, 0.004862703, 0.07868536, 68.44357, 1.197903, 0.743877, 0.7735416
 
29.78059, 0.01180618, -0.04258399, 5, 0, 0.0008825344322620710840706679, 1825.427, -1642.728, -6.594189, 0.004862703, 0.07868536, 68.5285, 1.197903, 0.743877, 0.7735416
 
29.79059, 0.01175138, -0.04246593, 5, 0, 0.0008779098308430660228129245, 1830.108, -1642.728, -6.594189, 0.004862703, 0.07868536, 68.6134, 1.197903, 0.743877, 0.7735416
 
29.80059, 0.01169857, -0.04234841, 5, 0, 0.0008733111044669707492350908, 1834.796, -1642.728, -6.594189, 0.004862703, 0.07868536, 68.6983, 1.197903, 0.743877, 0.7735416
 
29.81059, 0.01166145, -0.04223143, 5, 0, 0.0008686926905582290712684902, 1839.489, -1642.728, -6.594189, 0.004862703, 0.07868536, 68.78317, 1.197904, 0.743877, 0.7735416
 
29.82059, 0.01162262, -0.04211481, 5, 0, 0.0008641080267054538090015407, 1844.188, -1642.728, -6.594189, 0.004862703, 0.07868536, 68.86806, 1.197904, 0.743877, 0.7735416
 
29.83059, 0.01157334, -0.04199859, 5, 0, 0.0008595866442076169861870992, 1848.894, -1642.728, -6.594189, 0.004862703, 0.07868536, 68.95292, 1.197904, 0.743877, 0.7735416
 
29.84059, 0.01152256, -0.04188285, 5, 0, 0.0008551015430199477262905045, 1853.605, -1642.728, -6.594189, 0.004862703, 0.07868536, 69.03777, 1.197904, 0.743877, 0.7735416
 
29.85059, 0.01148158, -0.04176763, 5, 0, 0.0008506147543294803873258978, 1858.322, -1642.728, -6.594189, 0.004862703, 0.07868536, 69.1226, 1.197904, 0.743877, 0.7735416
 
29.86059, 0.01144044, -0.04165281, 5, 0, 0.0008461569344370513047938300, 1863.046, -1642.728, -6.594189, 0.004862703, 0.07868536, 69.20744, 1.197904, 0.743877, 0.7735416
 
29.87059, 0.01138571, -0.04153841, 5, 0, 0.0008417719584154185916949658, 1867.776, -1642.728, -6.594189, 0.004862703, 0.07868536, 69.29225, 1.197904, 0.743877, 0.7735416
 
29.88059, 0.0113386, -0.04142455, 5, 0, 0.0008373937324049814177610913, 1872.511, -1642.728, -6.594189, 0.004862703, 0.07868536, 69.37705, 1.197904, 0.743877, 0.7735416
 
29.89059, 0.01129067, -0.04131116, 5, 0, 0.0008330475689477125804588561, 1877.251, -1642.728, -6.594189, 0.004862703, 0.07868536, 69.46183, 1.197904, 0.743877, 0.7735416
 
29.90059, 0.01125004, -0.04119826, 5, 0, 0.0008287067492493056697440511, 1881.999, -1642.728, -6.594189, 0.004862703, 0.07868536, 69.54662, 1.197904, 0.743877, 0.7735416
 
29.91059, 0.01119878, -0.04108576, 5, 0, 0.0008244280859039728867340602, 1886.752, -1642.728, -6.594189, 0.004862703, 0.07868536, 69.63139, 1.197905, 0.743877, 0.7735416
 
29.92059, 0.01115031, -0.04097377, 5, 0, 0.0008201702350931540427534723, 1891.511, -1642.728, -6.594189, 0.004862703, 0.07868536, 69.71615, 1.197905, 0.743877, 0.7735416
 
29.93059, 0.01110047, -0.04086227, 5, 0, 0.0008159455718373694585986886, 1896.276, -1642.728, -6.594189, 0.004862703, 0.07868536, 69.80088, 1.197905, 0.743877, 0.7735416
 
29.94059, 0.01105394, -0.04075126, 5, 0, 0.0008117389086114348112111309, 1901.048, -1642.728, -6.594189, 0.004862703, 0.07868536, 69.88562, 1.197905, 0.743877, 0.7735416
 
29.95059, 0.01100576, -0.04064072, 5, 0, 0.0008075659954414681909696954, 1905.825, -1642.728, -6.594189, 0.004862703, 0.07868536, 69.97034, 1.197905, 0.743877, 0.7735416
 
29.96059, 0.0109614, -0.04053067, 5, 0, 0.0008034096760490195063643975, 1910.607, -1642.728, -6.594189, 0.004862703, 0.07868536, 70.05505, 1.197905, 0.743877, 0.7735416
 
29.97059, 0.01091274, -0.04042105, 5, 0, 0.0007992944192246649324975874, 1915.395, -1642.728, -6.594189, 0.004862703, 0.07868536, 70.13973, 1.197905, 0.743877, 0.7735416
 
29.98059, 0.01086864, -0.04031193, 5, 0, 0.0007951929436731626805582671, 1920.189, -1642.728, -6.594189, 0.004862703, 0.07868536, 70.2244, 1.197905, 0.743877, 0.7735416
 
29.99059, 0.01082664, -0.04020324, 5, 0, 0.0007911111556543100559006558, 1924.991, -1642.728, -6.594189, 0.004862703, 0.07868536, 70.30907, 1.197905, 0.743877, 0.7735416
 
30.00059, 0.010778, -0.04009497, 5, 0, 0.0007870771802147454697000509, 1929.797, -1642.728, -6.594189, 0.004862703, 0.07868536, 70.39373, 1.197906, 0.743877, 0.7735416
 
30.01059, 0.01073276, -0.03998719, 5, 0, 0.0007830600798031632856260360, 1934.609, -1642.728, -6.594189, 0.004862703, 0.07868536, 70.47837, 1.197906, 0.743877, 0.7735416
 
30.02059, 0.01069015, -0.03987986, 5, 0, 0.0007790618231728308835764887, 1939.427, -1642.728, -6.594189, 0.004862703, 0.07868536, 70.56298, 1.197906, 0.743877, 0.7735416
 
30.03059, 0.01064969, -0.03977296, 5, 0, 0.0007750824103237466521049379, 1944.251, -1642.728, -6.594189, 0.004862703, 0.07868536, 70.64761, 1.197906, 0.743877, 0.7735416
 
30.04059, 0.01060368, -0.03966646, 5, 0, 0.0007711457475455562218863578, 1949.081, -1642.728, -6.594189, 0.004862703, 0.07868536, 70.73222, 1.197906, 0.743877, 0.7735416
 
30.05059, 0.01055777, -0.03956043, 5, 0, 0.0007672358035616722017119867, 1953.917, -1642.728, -6.594189, 0.004862703, 0.07868536, 70.8168, 1.197906, 0.743877, 0.7735416
 
30.06059, 0.01051472, -0.03945485, 5, 0, 0.0007633432971067059624309947, 1958.758, -1642.728, -6.594189, 0.004862703, 0.07868536, 70.90137, 1.197906, 0.743877, 0.7735416
 
30.07059, 0.01047231, -0.0393497, 5, 0, 0.0007594744156909176644415825, 1963.606, -1642.728, -6.594189, 0.004862703, 0.07868536, 70.98592, 1.197906, 0.743877, 0.7735416
 
30.08059, 0.01042867, -0.03924498, 5, 0, 0.0007556350655740997787585562, 1968.457, -1642.728, -6.594189, 0.004862703, 0.07868536, 71.07044, 1.197906, 0.743877, 0.7735416
 
30.09059, 0.01039539, -0.03914069, 5, 0, 0.0007517884029451574209296353, 1973.317, -1642.728, -6.594189, 0.004862703, 0.07868536, 71.15498, 1.197906, 0.743877, 0.7735416
 
30.10059, 0.01035111, -0.03903674, 5, 0, 0.0007479988341608917307085508, 1978.182, -1642.728, -6.594189, 0.004862703, 0.07868536, 71.2395, 1.197907, 0.743877, 0.7735416
 
30.11059, 0.01030595, -0.03893323, 5, 0, 0.0007442373904232676745557058, 1983.053, -1642.728, -6.594189, 0.004862703, 0.07868536, 71.324, 1.197907, 0.743877, 0.7735416
 
30.12059, 0.01027068, -0.03883017, 5, 0, 0.0007404714466781815370726721, 1987.929, -1642.728, -6.594189, 0.004862703, 0.07868536, 71.40847, 1.197907, 0.743877, 0.7735416
 
30.13059, 0.0102315, -0.03872746, 5, 0, 0.0007367398154899955826096075, 1992.812, -1642.728, -6.594189, 0.004862703, 0.07868536, 71.49296, 1.197907, 0.743877, 0.7735416
 
30.14059, 0.01018004, -0.03862515, 5, 0, 0.0007330700594044160664679626, 1997.7, -1642.728, -6.594189, 0.004862703, 0.07868536, 71.57742, 1.197907, 0.743877, 0.7735416
 
30.15059, 0.01013765, -0.03852335, 5, 0, 0.0007293983345655740047678533, 2002.594, -1642.728, -6.594189, 0.004862703, 0.07868536, 71.66187, 1.197907, 0.743877, 0.7735416
 
30.16059, 0.01009517, -0.03842197, 5, 0, 0.0007257513597677741961070177, 2007.494, -1642.728, -6.594189, 0.004862703, 0.07868536, 71.74629, 1.197907, 0.743877, 0.7735416
 
30.1706, 0.01006207, -0.03832102, 5, 0, 0.0007221004474634444619898403, 2012.399, -1642.728, -6.594189, 0.004862703, 0.07868536, 71.8307, 1.197907, 0.743877, 0.7735416
 
30.1806, 0.01002304, -0.0382204, 5, 0, 0.0007184886289739446816062154, 2017.311, -1642.728, -6.594189, 0.004862703, 0.07868536, 71.91512, 1.197907, 0.743877, 0.7735416
 
30.1906, 0.00998069, -0.03812017, 5, 0, 0.0007149099980394791610483946, 2022.229, -1642.728, -6.594189, 0.004862703, 0.07868536, 71.99951, 1.197907, 0.743877, 0.7735416
 
30.2006, 0.00994365, -0.03802036, 5, 0, 0.0007113392421180734914032574, 2027.152, -1642.728, -6.594189, 0.004862703, 0.07868536, 72.08389, 1.197908, 0.743877, 0.7735416
 
30.2106, 0.009902957, -0.03792093, 5, 0, 0.0007078019550021697709673190, 2032.081, -1642.728, -6.594189, 0.004862703, 0.07868536, 72.16824, 1.197908, 0.743877, 0.7735416
 
30.2206, 0.009868098, -0.0378219, 5, 0, 0.0007042705741460601329926577, 2037.015, -1642.728, -6.594189, 0.004862703, 0.07868536, 72.25257, 1.197908, 0.743877, 0.7735416
 
30.2306, 0.009835067, -0.03772322, 5, 0, 0.0007007549433160685853968926, 2041.957, -1642.728, -6.594189, 0.004862703, 0.07868536, 72.33691, 1.197908, 0.743877, 0.7735416
 
30.2406, 0.009787194, -0.03762487, 5, 0, 0.0006973051250952150130253600, 2046.903, -1642.728, -6.594189, 0.004862703, 0.07868536, 72.42123, 1.197908, 0.743877, 0.7735416
 
30.2506, 0.009744371, -0.03752699, 5, 0, 0.0006938643068892856033142049, 2051.856, -1642.728, -6.594189, 0.004862703, 0.07868536, 72.50553, 1.197908, 0.743877, 0.7735416
 
30.2606, 0.009706233, -0.03742955, 5, 0, 0.0006904324886982803562634272, 2056.813, -1642.728, -6.594189, 0.004862703, 0.07868536, 72.58981, 1.197908, 0.743877, 0.7735416
 
30.2706, 0.009674771, -0.03733249, 5, 0, 0.0006870029205110069556009795, 2061.776, -1642.728, -6.594189, 0.004862703, 0.07868536, 72.67407, 1.197908, 0.743877, 0.7735416
 
30.2806, 0.00964617, -0.03723574, 5, 0, 0.0006835846023423911754337102, 2066.747, -1642.728, -6.594189, 0.004862703, 0.07868536, 72.75834, 1.197908, 0.743877, 0.7735416
 
30.2906, 0.009610261, -0.03713928, 5, 0, 0.0006802081904932661283692281, 2071.723, -1642.728, -6.594189, 0.004862703, 0.07868536, 72.84259, 1.197908, 0.743877, 0.7735416
 
30.3006, 0.009565814, -0.03704318, 5, 0, 0.0006768784662215648080140586, 2076.704, -1642.728, -6.594189, 0.004862703, 0.07868536, 72.92681, 1.197908, 0.743877, 0.7735416
 
30.3106, 0.009522568, -0.03694752, 5, 0, 0.0006735675857311132696833566, 2081.691, -1642.728, -6.594189, 0.004862703, 0.07868536, 73.01102, 1.197909, 0.743877, 0.7735416
 
30.3206, 0.009481551, -0.03685229, 5, 0, 0.0006702724552667782102850796, 2086.683, -1642.728, -6.594189, 0.004862703, 0.07868536, 73.09521, 1.197909, 0.743877, 0.7735416
 
30.3306, 0.009442389, -0.03675748, 5, 0, 0.0006669930748285628527121699, 2091.682, -1642.728, -6.594189, 0.004862703, 0.07868536, 73.1794, 1.197909, 0.743877, 0.7735416
 
30.3406, 0.009393062, -0.03666305, 5, 0, 0.0006637646007247640023488959, 2096.688, -1642.728, -6.594189, 0.004862703, 0.07868536, 73.26357, 1.197909, 0.743877, 0.7735416
 
30.3506, 0.009358613, -0.03656912, 5, 0, 0.0006605158765873865917230081, 2101.698, -1642.728, -6.594189, 0.004862703, 0.07868536, 73.34772, 1.197909, 0.743877, 0.7735416
 
30.3606, 0.009327455, -0.03647554, 5, 0, 0.0006572778399677314228255096, 2106.713, -1642.728, -6.594189, 0.004862703, 0.07868536, 73.43185, 1.197909, 0.743877, 0.7735416
 
30.3706, 0.009293202, -0.03638226, 5, 0, 0.0006540682096451823544867032, 2111.734, -1642.728, -6.594189, 0.004862703, 0.07868536, 73.51596, 1.197909, 0.743877, 0.7735416
 
30.3806, 0.00926126, -0.03628933, 5, 0, 0.0006508712355936212963276925, 2116.763, -1642.728, -6.594189, 0.004862703, 0.07868536, 73.60008, 1.197909, 0.743877, 0.7735416
 
30.3906, 0.009217106, -0.03619672, 5, 0, 0.0006477288241325405928977359, 2121.797, -1642.728, -6.594189, 0.004862703, 0.07868536, 73.68418, 1.197909, 0.743877, 0.7735416
 
30.4006, 0.009184284, -0.03610454, 5, 0, 0.0006445757251537392591858610, 2126.836, -1642.728, -6.594189, 0.004862703, 0.07868536, 73.76826, 1.197909, 0.743877, 0.7735416
 
30.4106, 0.009151519, -0.0360127, 5, 0, 0.0006414414699561844846055114, 2131.88, -1642.728, -6.594189, 0.004862703, 0.07868536, 73.85231, 1.197909, 0.743877, 0.7735416
 
30.4206, 0.009115293, -0.03592119, 5, 0, 0.0006383364648071372672875664, 2136.93, -1642.728, -6.594189, 0.004862703, 0.07868536, 73.93635, 1.197909, 0.743877, 0.7735416
 
30.4306, 0.009076816, -0.03583003, 5, 0, 0.0006352570534505305368196655, 2141.988, -1642.728, -6.594189, 0.004862703, 0.07868536, 74.02039, 1.197909, 0.743877, 0.7735416
 
30.4406, 0.00904112, -0.03573927, 5, 0, 0.0006321897358639796606577134, 2147.05, -1642.728, -6.594189, 0.004862703, 0.07868536, 74.10441, 1.19791, 0.743877, 0.7735416
 
30.4506, 0.009002582, -0.03564885, 5, 0, 0.0006291499808231350397972118, 2152.118, -1642.728, -6.594189, 0.004862703, 0.07868536, 74.18841, 1.19791, 0.743877, 0.7735416
 
30.4606, 0.008970029, -0.03555883, 5, 0, 0.0006261130382869560326453581, 2157.191, -1642.728, -6.594189, 0.004862703, 0.07868536, 74.27238, 1.19791, 0.743877, 0.7735416
 
30.4706, 0.008935159, -0.03546913, 5, 0, 0.0006231011270422853564697016, 2162.27, -1642.728, -6.594189, 0.004862703, 0.07868536, 74.35635, 1.19791, 0.743877, 0.7735416
 
30.4806, 0.00890829, -0.03537977, 5, 0, 0.0006200855595415524442210978, 2167.354, -1642.728, -6.594189, 0.004862703, 0.07868536, 74.44028, 1.19791, 0.743877, 0.7735416
 
30.4906, 0.00887984, -0.03529069, 5, 0, 0.0006170919295771977827495907, 2172.444, -1642.728, -6.594189, 0.004862703, 0.07868536, 74.52419, 1.19791, 0.743877, 0.7735416
 
30.5006, 0.008856551, -0.03520189, 5, 0, 0.0006141011121175071235402605, 2177.541, -1642.728, -6.594189, 0.004862703, 0.07868536, 74.60812, 1.19791, 0.743877, 0.7735416
 
30.5106, 0.008814548, -0.03511333, 5, 0, 0.0006111792010220845197542632, 2182.643, -1642.728, -6.594189, 0.004862703, 0.07868536, 74.69202, 1.19791, 0.743877, 0.7735416
 
30.5206, 0.008782847, -0.03502518, 5, 0, 0.0006082482899117377533078883, 2187.751, -1642.728, -6.594189, 0.004862703, 0.07868536, 74.77589, 1.19791, 0.743877, 0.7735416
 
30.5306, 0.008746724, -0.03493736, 5, 0, 0.0006053477538517612444251408, 2192.864, -1642.728, -6.594189, 0.004862703, 0.07868536, 74.85976, 1.19791, 0.743877, 0.7735416
 
30.5406, 0.008716679, -0.03484989, 5, 0, 0.0006024486240441167366734818, 2197.982, -1642.728, -6.594189, 0.004862703, 0.07868536, 74.94359, 1.19791, 0.743877, 0.7735416
 
30.5506, 0.008688819, -0.03476272, 5, 0, 0.0005995604630046637714800777, 2203.107, -1642.728, -6.594189, 0.004862703, 0.07868536, 75.02744, 1.19791, 0.743877, 0.7735416
 
30.5606, 0.008646862, -0.03467583, 5, 0, 0.0005967279895575554727634215, 2208.238, -1642.728, -6.594189, 0.004862703, 0.07868536, 75.11126, 1.197911, 0.743877, 0.7735416
 
30.5706, 0.008610468, -0.03458937, 5, 0, 0.0005938997348674447888865017, 2213.375, -1642.728, -6.594189, 0.004862703, 0.07868536, 75.19506, 1.197911, 0.743877, 0.7735416
 
30.5806, 0.008577285, -0.03450326, 5, 0, 0.0005910804801922582676699594, 2218.516, -1642.728, -6.594189, 0.004862703, 0.07868536, 75.27884, 1.197911, 0.743877, 0.7735416
 
30.5906, 0.008549907, -0.03441749, 5, 0, 0.0005882629130198698255214290, 2223.664, -1642.728, -6.594189, 0.004862703, 0.07868536, 75.36259, 1.197911, 0.743877, 0.7735416
 
30.60061, 0.008524567, -0.03433199, 5, 0, 0.0005854563146156697030382114, 2228.815, -1642.728, -6.594189, 0.004862703, 0.07868536, 75.44633, 1.197911, 0.743877, 0.7735416
 
30.61061, 0.008491476, -0.03424674, 5, 0, 0.0005826865600225692993466874, 2233.975, -1642.728, -6.594189, 0.004862703, 0.07868536, 75.53008, 1.197911, 0.743877, 0.7735416
 
30.62061, 0.008450173, -0.03416183, 5, 0, 0.0005799561804947649273256393, 2239.14, -1642.728, -6.594189, 0.004862703, 0.07868536, 75.61379, 1.197911, 0.743877, 0.7735416
 
30.63061, 0.008415395, -0.03407733, 5, 0, 0.0005772266447183604005618327, 2244.31, -1642.728, -6.594189, 0.004862703, 0.07868536, 75.69749, 1.197911, 0.743877, 0.7735416
 
30.64061, 0.008383341, -0.03399317, 5, 0, 0.0005745069527082782702691740, 2249.486, -1642.728, -6.594189, 0.004862703, 0.07868536, 75.78117, 1.197911, 0.743877, 0.7735416
 
30.65061, 0.008355061, -0.03390934, 5, 0, 0.0005717937294589239897581105, 2254.667, -1642.728, -6.594189, 0.004862703, 0.07868536, 75.86483, 1.197911, 0.743877, 0.7735416
 
30.66061, 0.008326783, -0.03382579, 5, 0, 0.0005690962562356894110724143, 2259.854, -1642.728, -6.594189, 0.004862703, 0.07868536, 75.94846, 1.197911, 0.743877, 0.7735416
 
30.67061, 0.008299699, -0.03374252, 5, 0, 0.0005664114392834412311200427, 2265.047, -1642.728, -6.594189, 0.004862703, 0.07868536, 76.0321, 1.197911, 0.743877, 0.7735416
 
30.68061, 0.008262143, -0.03365953, 5, 0, 0.0005637704974039511641683358, 2270.246, -1642.728, -6.594189, 0.004862703, 0.07868536, 76.11572, 1.197911, 0.743877, 0.7735416
 
30.69061, 0.008227389, -0.0335769, 5, 0, 0.0005611393992907851051342479, 2275.45, -1642.728, -6.594189, 0.004862703, 0.07868536, 76.19932, 1.197911, 0.743877, 0.7735416
 
30.70061, 0.008191757, -0.03349463, 5, 0, 0.0005585271449588688281246276, 2280.66, -1642.728, -6.594189, 0.004862703, 0.07868536, 76.2829, 1.197912, 0.743877, 0.7735416
 
30.71061, 0.008156624, -0.03341271, 5, 0, 0.0005559303594026045635569799, 2285.875, -1642.728, -6.594189, 0.004862703, 0.07868536, 76.36645, 1.197912, 0.743877, 0.7735416
 
30.72061, 0.008123127, -0.03333114, 5, 0, 0.0005533456676163945418488100, 2291.095, -1642.728, -6.594189, 0.004862703, 0.07868536, 76.44998, 1.197912, 0.743877, 0.7735416
 
30.73061, 0.008103331, -0.03324991, 5, 0, 0.0005507407257966043484315552, 2296.321, -1642.728, -6.594189, 0.004862703, 0.07868536, 76.53349, 1.197912, 0.743877, 0.7735416
 
30.74061, 0.008083554, -0.03316888, 5, 0, 0.0005481495652496664769417901, 2301.554, -1642.728, -6.594189, 0.004862703, 0.07868536, 76.617, 1.197912, 0.743877, 0.7735416
 
30.75061, 0.008050437, -0.03308805, 5, 0, 0.0005456073422838841785496675, 2306.792, -1642.728, -6.594189, 0.004862703, 0.07868536, 76.7005, 1.197912, 0.743877, 0.7735416
 
30.76061, 0.008016061, -0.03300754, 5, 0, 0.0005430848068507482845463118, 2312.035, -1642.728, -6.594189, 0.004862703, 0.07868536, 76.78397, 1.197912, 0.743877, 0.7735416
 
30.77061, 0.007994332, -0.03292738, 5, 0, 0.0005405445526382301431591246, 2317.284, -1642.728, -6.594189, 0.004862703, 0.07868536, 76.86742, 1.197912, 0.743877, 0.7735416
 
30.78061, 0.007966748, -0.03284744, 5, 0, 0.0005380338297246824140783232, 2322.538, -1642.728, -6.594189, 0.004862703, 0.07868536, 76.95084, 1.197912, 0.743877, 0.7735416
 
30.79061, 0.007936493, -0.03276777, 5, 0, 0.0005355447630970500807306373, 2327.797, -1642.728, -6.594189, 0.004862703, 0.07868536, 77.03425, 1.197912, 0.743877, 0.7735416
 
30.80061, 0.007906591, -0.03268841, 5, 0, 0.0005330700402432022251842881, 2333.062, -1642.728, -6.594189, 0.004862703, 0.07868536, 77.11763, 1.197912, 0.743877, 0.7735416
 
30.81061, 0.007887736, -0.03260934, 5, 0, 0.0005305809736155682803901311, 2338.333, -1642.728, -6.594189, 0.004862703, 0.07868536, 77.20102, 1.197912, 0.743877, 0.7735416
 
30.82061, 0.007853181, -0.03253046, 5, 0, 0.0005281461883279486123881047, 2343.61, -1642.728, -6.594189, 0.004862703, 0.07868536, 77.28439, 1.197912, 0.743877, 0.7735416
 
30.83061, 0.00782954, -0.03245193, 5, 0, 0.0005256981842684087783324355, 2348.894, -1642.728, -6.594189, 0.004862703, 0.07868536, 77.36773, 1.197912, 0.743877, 0.7735416
 
30.84061, 0.007801393, -0.03237364, 5, 0, 0.0005232757740013126540197525, 2354.182, -1642.728, -6.594189, 0.004862703, 0.07868536, 77.45106, 1.197912, 0.743877, 0.7735416
 
30.85061, 0.007767116, -0.03229562, 5, 0, 0.0005208840200350528652076203, 2359.474, -1642.728, -6.594189, 0.004862703, 0.07868536, 77.53436, 1.197912, 0.743877, 0.7735416
 
30.86061, 0.007741144, -0.03221795, 5, 0, 0.0005184855160575991486769695, 2364.773, -1642.728, -6.594189, 0.004862703, 0.07868536, 77.61763, 1.197913, 0.743877, 0.7735416
 
30.87061, 0.007711327, -0.03214054, 5, 0, 0.0005161109183697894513748219, 2370.078, -1642.728, -6.594189, 0.004862703, 0.07868536, 77.70091, 1.197913, 0.743877, 0.7735416
 
30.88061, 0.007680666, -0.03206342, 5, 0, 0.0005137526332090316117718884, 2375.389, -1642.728, -6.594189, 0.004862703, 0.07868536, 77.78417, 1.197913, 0.743877, 0.7735416
 
30.89061, 0.007639556, -0.03198662, 5, 0, 0.0005114359731173000387812897, 2380.705, -1642.728, -6.594189, 0.004862703, 0.07868536, 77.86742, 1.197913, 0.743877, 0.7735416
 
30.90061, 0.007612479, -0.03191022, 5, 0, 0.0005090990629919882940816061, 2386.026, -1642.728, -6.594189, 0.004862703, 0.07868536, 77.95063, 1.197913, 0.743877, 0.7735416
 
30.91061, 0.007590219, -0.0318341, 5, 0, 0.0005067635591190085505130109, 2391.354, -1642.728, -6.594189, 0.004862703, 0.07868536, 78.03382, 1.197913, 0.743877, 0.7735416
 
30.92061, 0.007560711, -0.03175819, 5, 0, 0.0005044595552982649877022080, 2396.686, -1642.728, -6.594189, 0.004862703, 0.07868536, 78.117, 1.197913, 0.743877, 0.7735416
 
30.93061, 0.007537308, -0.03168258, 5, 0, 0.0005021541452251894237603167, 2402.023, -1642.728, -6.594189, 0.004862703, 0.07868536, 78.20014, 1.197913, 0.743877, 0.7735416
 
30.94061, 0.0075192, -0.03160721, 5, 0, 0.0004998478914007156260076550, 2407.366, -1642.728, -6.594189, 0.004862703, 0.07868536, 78.28326, 1.197913, 0.743877, 0.7735416
 
30.95061, 0.00749085, -0.03153202, 5, 0, 0.0004975796063892058587943808, 2412.716, -1642.728, -6.594189, 0.004862703, 0.07868536, 78.3664, 1.197913, 0.743877, 0.7735416
 
30.96061, 0.007459326, -0.03145711, 5, 0, 0.0004953329776636066529748088, 2418.071, -1642.728, -6.594189, 0.004862703, 0.07868536, 78.44951, 1.197913, 0.743877, 0.7735416
 
30.97061, 0.007436076, -0.03138252, 5, 0, 0.0004930795989268167423296603, 2423.43, -1642.728, -6.594189, 0.004862703, 0.07868536, 78.53259, 1.197913, 0.743877, 0.7735416
 
30.98061, 0.007403553, -0.03130816, 5, 0, 0.0004908616577487913264521748, 2428.796, -1642.728, -6.594189, 0.004862703, 0.07868536, 78.61565, 1.197913, 0.743877, 0.7735416
 
30.99061, 0.007373902, -0.03123412, 5, 0, 0.0004886510290828919941670549, 2434.167, -1642.728, -6.594189, 0.004862703, 0.07868536, 78.6987, 1.197913, 0.743877, 0.7735416
 
31.00061, 0.007348204, -0.03116038, 5, 0, 0.0004864437754225904314644298, 2439.543, -1642.728, -6.594189, 0.004862703, 0.07868536, 78.78172, 1.197913, 0.743877, 0.7735416
 
31.01061, 0.007327621, -0.0310869, 5, 0, 0.0004842368030127549466987283, 2444.924, -1642.728, -6.594189, 0.004862703, 0.07868536, 78.86471, 1.197913, 0.743877, 0.7735416
 
31.02061, 0.007308094, -0.03101363, 5, 0, 0.0004820385493673775466564807, 2450.311, -1642.728, -6.594189, 0.004862703, 0.07868536, 78.94768, 1.197914, 0.743877, 0.7735416
 
31.03061, 0.007292567, -0.03094055, 5, 0, 0.0004798422644752659150656396, 2455.705, -1642.728, -6.594189, 0.004862703, 0.07868536, 79.03065, 1.197914, 0.743877, 0.7735416
 
31.04062, 0.007254012, -0.03086762, 5, 0, 0.0004777143234464885715778134, 2461.103, -1642.728, -6.594189, 0.004862703, 0.07868536, 79.11362, 1.197914, 0.743877, 0.7735416
 
31.05062, 0.007221609, -0.03079508, 5, 0, 0.0004755852574158469163422932, 2466.508, -1642.728, -6.594189, 0.004862703, 0.07868536, 79.19655, 1.197914, 0.743877, 0.7735416
 
31.06062, 0.007188392, -0.03072286, 5, 0, 0.0004734719414113217400391981, 2471.917, -1642.728, -6.594189, 0.004862703, 0.07868536, 79.27946, 1.197914, 0.743877, 0.7735416
 
31.07062, 0.007160483, -0.03065098, 5, 0, 0.0004713589066572642531194976, 2477.332, -1642.728, -6.594189, 0.004862703, 0.07868536, 79.36234, 1.197914, 0.743877, 0.7735416
 
31.08062, 0.007134068, -0.03057937, 5, 0, 0.0004692551531685970067970980, 2482.752, -1642.728, -6.594189, 0.004862703, 0.07868536, 79.44521, 1.197914, 0.743877, 0.7735416
 
31.09062, 0.007108755, -0.03050803, 5, 0, 0.0004671606809453216125184704, 2488.177, -1642.728, -6.594189, 0.004862703, 0.07868536, 79.52804, 1.197914, 0.743877, 0.7735416
 
31.10062, 0.00708408, -0.03043694, 5, 0, 0.0004650768962397684599682322, 2493.608, -1642.728, -6.594189, 0.004862703, 0.07868536, 79.61086, 1.197914, 0.743877, 0.7735416
 
31.11062, 0.007059705, -0.0303661, 5, 0, 0.0004630040803024052385297780, 2499.046, -1642.728, -6.594189, 0.004862703, 0.07868536, 79.69368, 1.197914, 0.743877, 0.7735416
 
31.12062, 0.007023971, -0.03029551, 5, 0, 0.0004609712019312718160821177, 2504.488, -1642.728, -6.594189, 0.004862703, 0.07868536, 79.77648, 1.197914, 0.743877, 0.7735416
 
31.13062, 0.006988632, -0.03022527, 5, 0, 0.0004589504173301926364939352, 2509.936, -1642.728, -6.594189, 0.004862703, 0.07868536, 79.85925, 1.197914, 0.743877, 0.7735416
 
31.14062, 0.006972123, -0.03015538, 5, 0, 0.0004568972889254774308907189, 2515.39, -1642.728, -6.594189, 0.004862703, 0.07868536, 79.94201, 1.197914, 0.743877, 0.7735416
 
31.15062, 0.0069528, -0.03008566, 5, 0, 0.0004548615980496783947344106, 2520.848, -1642.728, -6.594189, 0.004862703, 0.07868536, 80.02473, 1.197914, 0.743877, 0.7735416
 
31.16062, 0.006933608, -0.03001613, 5, 0, 0.0004528363134411371338160394, 2526.312, -1642.728, -6.594189, 0.004862703, 0.07868536, 80.10744, 1.197914, 0.743877, 0.7735416
 
31.17062, 0.006912737, -0.02994679, 5, 0, 0.0004508262163577818074027173, 2531.781, -1642.728, -6.594189, 0.004862703, 0.07868536, 80.19012, 1.197914, 0.743877, 0.7735416
 
31.18062, 0.006889935, -0.02987767, 5, 0, 0.0004488315880500784934313680, 2537.255, -1642.728, -6.594189, 0.004862703, 0.07868536, 80.27278, 1.197914, 0.743877, 0.7735416
 
31.19062, 0.006863361, -0.02980877, 5, 0, 0.0004468572097759553511691035, 2542.735, -1642.728, -6.594189, 0.004862703, 0.07868536, 80.35542, 1.197914, 0.743877, 0.7735416
 
31.20062, 0.006848527, -0.02974013, 5, 0, 0.0004448662377243142732707014, 2548.22, -1642.728, -6.594189, 0.004862703, 0.07868536, 80.43806, 1.197914, 0.743877, 0.7735416
 
31.21062, 0.006822214, -0.02967165, 5, 0, 0.0004429123907342373806544452, 2553.713, -1642.728, -6.594189, 0.004862703, 0.07868536, 80.52068, 1.197914, 0.743877, 0.7735416
 
31.22062, 0.006793302, -0.02960343, 5, 0, 0.0004409765437740120362518863, 2559.21, -1642.728, -6.594189, 0.004862703, 0.07868536, 80.60328, 1.197914, 0.743877, 0.7735416
 
31.23062, 0.00676632, -0.02953549, 5, 0, 0.0004390477280754450860582983, 2564.712, -1642.728, -6.594189, 0.004862703, 0.07868536, 80.68584, 1.197915, 0.743877, 0.7735416
 
31.24062, 0.00674524, -0.02946783, 5, 0, 0.0004371166623731479009228515, 2570.219, -1642.728, -6.594189, 0.004862703, 0.07868536, 80.76839, 1.197915, 0.743877, 0.7735416
 
31.25062, 0.006723429, -0.02940038, 5, 0, 0.0004351976904409049586468826, 2575.732, -1642.728, -6.594189, 0.004862703, 0.07868536, 80.85092, 1.197915, 0.743877, 0.7735416
 
31.26062, 0.006692374, -0.02933315, 5, 0, 0.0004333110623122980423859474, 2581.251, -1642.728, -6.594189, 0.004862703, 0.07868536, 80.93345, 1.197915, 0.743877, 0.7735416
 
31.27062, 0.006665047, -0.02926622, 5, 0, 0.0004314275279388228177705836, 2586.776, -1642.728, -6.594189, 0.004862703, 0.07868536, 81.01596, 1.197915, 0.743877, 0.7735416
 
31.28062, 0.006638287, -0.02919957, 5, 0, 0.0004295543998326021455002146, 2592.304, -1642.728, -6.594189, 0.004862703, 0.07868536, 81.09841, 1.197915, 0.743877, 0.7735416
 
31.29062, 0.006627474, -0.02913319, 5, 0, 0.0004276545529320750631856367, 2597.839, -1642.728, -6.594189, 0.004862703, 0.07868536, 81.18087, 1.197915, 0.743877, 0.7735416
 
31.30062, 0.006602278, -0.02906691, 5, 0, 0.0004257971748519740927406349, 2603.38, -1642.728, -6.594189, 0.004862703, 0.07868536, 81.26331, 1.197915, 0.743877, 0.7735416
 
31.31062, 0.006586031, -0.02900089, 5, 0, 0.0004239299530055491143780142, 2608.926, -1642.728, -6.594189, 0.004862703, 0.07868536, 81.34572, 1.197915, 0.743877, 0.7735416
 
31.32062, 0.006561745, -0.02893503, 5, 0, 0.0004220911374562302365740855, 2614.476, -1642.728, -6.594189, 0.004862703, 0.07868536, 81.42811, 1.197915, 0.743877, 0.7735416
 
31.33062, 0.006534713, -0.02886941, 5, 0, 0.0004202691969348953723432179, 2620.032, -1642.728, -6.594189, 0.004862703, 0.07868536, 81.51048, 1.197915, 0.743877, 0.7735416
 
31.34062, 0.006517483, -0.02880407, 5, 0, 0.0004184354438939723431897959, 2625.593, -1642.728, -6.594189, 0.004862703, 0.07868536, 81.59281, 1.197915, 0.743877, 0.7735416
 
31.35062, 0.006502467, -0.02873889, 5, 0, 0.0004166061908605113953665626, 2631.159, -1642.728, -6.594189, 0.004862703, 0.07868536, 81.67513, 1.197915, 0.743877, 0.7735416
 
31.36062, 0.006479872, -0.02867387, 5, 0, 0.0004148033753708907796506149, 2636.731, -1642.728, -6.594189, 0.004862703, 0.07868536, 81.75742, 1.197915, 0.743877, 0.7735416
 
31.37062, 0.006471048, -0.02860907, 5, 0, 0.0004129789035953596025409650, 2642.307, -1642.728, -6.594189, 0.004862703, 0.07868536, 81.83969, 1.197915, 0.743877, 0.7735416
 
31.38062, 0.006450328, -0.02854436, 5, 0, 0.0004111904318795266875192961, 2647.889, -1642.728, -6.594189, 0.004862703, 0.07868536, 81.92194, 1.197915, 0.743877, 0.7735416
 
31.39062, 0.006437631, -0.02847986, 5, 0, 0.0004093926788983019204538552, 2653.478, -1642.728, -6.594189, 0.004862703, 0.07868536, 82.00419, 1.197915, 0.743877, 0.7735416
 
31.40062, 0.00640444, -0.02841548, 5, 0, 0.0004076506135094234313116332, 2659.072, -1642.728, -6.594189, 0.004862703, 0.07868536, 82.08642, 1.197915, 0.743877, 0.7735416
 
31.41062, 0.006379691, -0.02835143, 5, 0, 0.0004059009543579543920865933, 2664.67, -1642.728, -6.594189, 0.004862703, 0.07868536, 82.16862, 1.197915, 0.743877, 0.7735416
 
31.42062, 0.006364129, -0.02828764, 5, 0, 0.0004041403264382938103032983, 2670.276, -1642.728, -6.594189, 0.004862703, 0.07868536, 82.2508, 1.197915, 0.743877, 0.7735416
 
31.43062, 0.006337343, -0.028224, 5, 0, 0.0004024142923260011009233670, 2675.885, -1642.728, -6.594189, 0.004862703, 0.07868536, 82.33295, 1.197916, 0.743877, 0.7735416
 
31.44062, 0.006316145, -0.02816062, 5, 0, 0.0004006860082099781566015769, 2681.499, -1642.728, -6.594189, 0.004862703, 0.07868536, 82.41508, 1.197916, 0.743877, 0.7735416
 
31.45062, 0.006301342, -0.02809746, 5, 0, 0.0003989523803350932856923566, 2687.119, -1642.728, -6.594189, 0.004862703, 0.07868536, 82.49719, 1.197916, 0.743877, 0.7735416
 
31.46062, 0.006276036, -0.02803445, 5, 0, 0.0003972513775143105187350935, 2692.744, -1642.728, -6.594189, 0.004862703, 0.07868536, 82.57928, 1.197916, 0.743877, 0.7735416
 
31.47062, 0.006253758, -0.02797169, 5, 0, 0.0003955540309495899878507777, 2698.374, -1642.728, -6.594189, 0.004862703, 0.07868536, 82.66134, 1.197916, 0.743877, 0.7735416
 
31.48063, 0.006233831, -0.02790915, 5, 0, 0.0003938603406409333044858802, 2704.01, -1642.728, -6.594189, 0.004862703, 0.07868536, 82.74338, 1.197916, 0.743877, 0.7735416
 
31.49063, 0.006221053, -0.02784681, 5, 0, 0.0003921599003210826934024641, 2709.65, -1642.728, -6.594189, 0.004862703, 0.07868536, 82.82539, 1.197916, 0.743877, 0.7735416
 
31.50063, 0.006199877, -0.0277846, 5, 0, 0.0003904867412964738711300460, 2715.295, -1642.728, -6.594189, 0.004862703, 0.07868536, 82.90737, 1.197916, 0.743877, 0.7735416
 
31.51063, 0.006180163, -0.0277226, 5, 0, 0.0003888192072811914419355106, 2720.947, -1642.728, -6.594189, 0.004862703, 0.07868536, 82.98936, 1.197916, 0.743877, 0.7735416
 
31.52063, 0.006157014, -0.0276608, 5, 0, 0.0003871688295443607156974308, 2726.603, -1642.728, -6.594189, 0.004862703, 0.07868536, 83.0713, 1.197916, 0.743877, 0.7735416
 
31.53063, 0.006139824, -0.02759923, 5, 0, 0.0003855142330505339860660858, 2732.265, -1642.728, -6.594189, 0.004862703, 0.07868536, 83.15325, 1.197916, 0.743877, 0.7735416
 
31.54063, 0.006120001, -0.02753783, 5, 0, 0.0003838736990800256562991539, 2737.934, -1642.728, -6.594189, 0.004862703, 0.07868536, 83.23517, 1.197916, 0.743877, 0.7735416
 
31.55063, 0.006083992, -0.02747663, 5, 0, 0.0003822787276850751300473696, 2743.607, -1642.728, -6.594189, 0.004862703, 0.07868536, 83.31706, 1.197916, 0.743877, 0.7735416
 
31.56063, 0.006054227, -0.02741579, 5, 0, 0.0003806806625349945235964851, 2749.284, -1642.728, -6.594189, 0.004862703, 0.07868536, 83.39893, 1.197916, 0.743877, 0.7735416
 
31.57063, 0.006023431, -0.02735525, 5, 0, 0.0003790949724054358493884728, 2754.968, -1642.728, -6.594189, 0.004862703, 0.07868536, 83.48078, 1.197916, 0.743877, 0.7735416
 
31.58063, 0.005999781, -0.02729502, 5, 0, 0.0003775039385170152485930304, 2760.656, -1642.728, -6.594189, 0.004862703, 0.07868536, 83.56261, 1.197916, 0.743877, 0.7735416
 
31.59063, 0.005980704, -0.02723502, 5, 0, 0.0003759117796267287246034230, 2766.349, -1642.728, -6.594189, 0.004862703, 0.07868536, 83.64441, 1.197916, 0.743877, 0.7735416
 
31.60063, 0.005957522, -0.02717521, 5, 0, 0.0003743373395158244479976471, 2772.048, -1642.728, -6.594189, 0.004862703, 0.07868536, 83.72618, 1.197916, 0.743877, 0.7735416
 
31.61063, 0.005938466, -0.02711564, 5, 0, 0.0003727631806553878607752657, 2777.751, -1642.728, -6.594189, 0.004862703, 0.07868536, 83.80793, 1.197916, 0.743877, 0.7735416
 
31.62063, 0.005917899, -0.02705625, 5, 0, 0.0003712002718136072826015917, 2783.46, -1642.728, -6.594189, 0.004862703, 0.07868536, 83.88966, 1.197916, 0.743877, 0.7735416
 
31.63063, 0.005895707, -0.02699707, 5, 0, 0.0003696497379923470252243191, 2789.176, -1642.728, -6.594189, 0.004862703, 0.07868536, 83.97138, 1.197916, 0.743877, 0.7735416
 
31.64063, 0.005867089, -0.02693812, 5, 0, 0.0003681222667093325532647792, 2794.894, -1642.728, -6.594189, 0.004862703, 0.07868536, 84.05306, 1.197916, 0.743877, 0.7735416
 
31.65063, 0.005846706, -0.02687944, 5, 0, 0.0003665860766618599965817853, 2800.62, -1642.728, -6.594189, 0.004862703, 0.07868536, 84.13474, 1.197917, 0.743877, 0.7735416
 
31.66063, 0.005819173, -0.02682098, 5, 0, 0.0003650740741544975370642181, 2806.351, -1642.728, -6.594189, 0.004862703, 0.07868536, 84.2164, 1.197917, 0.743877, 0.7735416
 
31.67063, 0.005791193, -0.02676279, 5, 0, 0.0003635721966639251634011934, 2812.087, -1642.728, -6.594189, 0.004862703, 0.07868536, 84.29803, 1.197917, 0.743877, 0.7735416
 
31.68063, 0.005779468, -0.02670488, 5, 0, 0.0003620444441304430020582590, 2817.828, -1642.728, -6.594189, 0.004862703, 0.07868536, 84.37965, 1.197917, 0.743877, 0.7735416
 
31.69063, 0.005764053, -0.02664708, 5, 0, 0.0003605321603726144646037683, 2823.574, -1642.728, -6.594189, 0.004862703, 0.07868536, 84.46123, 1.197917, 0.743877, 0.7735416
 
31.70063, 0.005750167, -0.02658944, 5, 0, 0.0003590238141213158526056195, 2829.326, -1642.728, -6.594189, 0.004862703, 0.07868536, 84.54279, 1.197917, 0.743877, 0.7735416
 
31.71063, 0.005728669, -0.02653194, 5, 0, 0.0003575396554101257263264263, 2835.082, -1642.728, -6.594189, 0.004862703, 0.07868536, 84.62432, 1.197917, 0.743877, 0.7735416
 
31.72063, 0.005708601, -0.02647465, 5, 0, 0.0003560605592073314486977398, 2840.843, -1642.728, -6.594189, 0.004862703, 0.07868536, 84.70583, 1.197917, 0.743877, 0.7735416
 
31.73063, 0.005687524, -0.02641756, 5, 0, 0.0003545918692717949463069903, 2846.61, -1642.728, -6.594189, 0.004862703, 0.07868536, 84.78732, 1.197917, 0.743877, 0.7735416
 
31.74063, 0.005679384, -0.02636069, 5, 0, 0.0003531037730540765060179264, 2852.381, -1642.728, -6.594189, 0.004862703, 0.07868536, 84.86878, 1.197917, 0.743877, 0.7735416
 
31.75063, 0.005669066, -0.02630389, 5, 0, 0.0003516269268550124633310987, 2858.157, -1642.728, -6.594189, 0.004862703, 0.07868536, 84.95022, 1.197917, 0.743877, 0.7735416
 
31.76063, 0.00565156, -0.0262472, 5, 0, 0.0003501717369418638163773866, 2863.94, -1642.728, -6.594189, 0.004862703, 0.07868536, 85.03163, 1.197917, 0.743877, 0.7735416
 
31.77063, 0.005635499, -0.02619069, 5, 0, 0.0003487216095371077951812390, 2869.725, -1642.728, -6.594189, 0.004862703, 0.07868536, 85.11301, 1.197917, 0.743877, 0.7735416
 
31.78063, 0.005630952, -0.02613433, 5, 0, 0.0003472540446034372159846545, 2875.519, -1642.728, -6.594189, 0.004862703, 0.07868536, 85.19441, 1.197917, 0.743877, 0.7735416
 
31.79063, 0.005613234, -0.02607802, 5, 0, 0.0003458205109761991304246446, 2881.316, -1642.728, -6.594189, 0.004862703, 0.07868536, 85.27575, 1.197917, 0.743877, 0.7735416
 
31.80063, 0.005597565, -0.02602189, 5, 0, 0.0003443900711040927365102060, 2887.12, -1642.728, -6.594189, 0.004862703, 0.07868536, 85.35709, 1.197917, 0.743877, 0.7735416
 
31.81063, 0.005584567, -0.02596591, 5, 0, 0.0003429610374843183437268559, 2892.928, -1642.728, -6.594189, 0.004862703, 0.07868536, 85.43841, 1.197917, 0.743877, 0.7735416
 
31.82063, 0.005564635, -0.02591007, 5, 0, 0.0003415539414009222017206026, 2898.742, -1642.728, -6.594189, 0.004862703, 0.07868536, 85.5197, 1.197917, 0.743877, 0.7735416
 
31.83063, 0.00554296, -0.02585442, 5, 0, 0.0003401580953361820687630567, 2904.559, -1642.728, -6.594189, 0.004862703, 0.07868536, 85.60094, 1.197917, 0.743877, 0.7735416
 
31.84063, 0.005536606, -0.02579899, 5, 0, 0.0003387380617313318386400841, 2910.384, -1642.728, -6.594189, 0.004862703, 0.07868536, 85.68218, 1.197917, 0.743877, 0.7735416
 
31.85063, 0.005520991, -0.02574363, 5, 0, 0.0003373433406684576288767031, 2916.212, -1642.728, -6.594189, 0.004862703, 0.07868536, 85.7634, 1.197917, 0.743877, 0.7735416
 
31.86063, 0.005499145, -0.02568842, 5, 0, 0.0003359685883886975128854836, 2922.046, -1642.728, -6.594189, 0.004862703, 0.07868536, 85.8446, 1.197917, 0.743877, 0.7735416
 
31.87063, 0.005487119, -0.02563342, 5, 0, 0.0003345814610884170760978627, 2927.885, -1642.728, -6.594189, 0.004862703, 0.07868536, 85.92577, 1.197917, 0.743877, 0.7735416
 
31.88063, 0.005469975, -0.02557855, 5, 0, 0.0003332114900665851193737554, 2933.729, -1642.728, -6.594189, 0.004862703, 0.07868536, 86.00691, 1.197917, 0.743877, 0.7735416
 
31.89063, 0.005439243, -0.02552385, 5, 0, 0.0003318766753530548023733298, 2939.578, -1642.728, -6.594189, 0.004862703, 0.07868536, 86.08803, 1.197917, 0.743877, 0.7735416
 
31.90063, 0.00542496, -0.02546946, 5, 0, 0.0003305171105984806208871595, 2945.431, -1642.728, -6.594189, 0.004862703, 0.07868536, 86.16913, 1.197917, 0.743877, 0.7735416
 
31.91063, 0.005399833, -0.02541521, 5, 0, 0.0003291862333914786178966046, 2951.291, -1642.728, -6.594189, 0.004862703, 0.07868536, 86.2502, 1.197917, 0.743877, 0.7735416
 
31.92064, 0.005388936, -0.02536121, 5, 0, 0.0003278342623994965979397233, 2957.155, -1642.728, -6.594189, 0.004862703, 0.07868536, 86.33124, 1.197917, 0.743877, 0.7735416
 
31.93064, 0.00536982, -0.02530732, 5, 0, 0.0003265056351962264413374983, 2963.023, -1642.728, -6.594189, 0.004862703, 0.07868536, 86.41226, 1.197917, 0.743877, 0.7735416
 
31.94064, 0.005357112, -0.02525362, 5, 0, 0.0003251705392322284349536781, 2968.898, -1642.728, -6.594189, 0.004862703, 0.07868536, 86.49326, 1.197918, 0.743877, 0.7735416
 
31.95064, 0.005339129, -0.02520005, 5, 0, 0.0003238531620476142874001605, 2974.776, -1642.728, -6.594189, 0.004862703, 0.07868536, 86.57423, 1.197918, 0.743877, 0.7735416
 
31.96064, 0.005325301, -0.02514666, 5, 0, 0.0003225343786106681387155545, 2980.66, -1642.728, -6.594189, 0.004862703, 0.07868536, 86.65517, 1.197918, 0.743877, 0.7735416
 
31.97064, 0.005304107, -0.02509341, 5, 0, 0.0003212369702091680849341984, 2986.55, -1642.728, -6.594189, 0.004862703, 0.07868536, 86.73609, 1.197918, 0.743877, 0.7735416
 
31.98064, 0.005295522, -0.02504037, 5, 0, 0.0003199212805273520164486927, 2992.443, -1642.728, -6.594189, 0.004862703, 0.07868536, 86.81699, 1.197918, 0.743877, 0.7735416
 
31.99064, 0.005273753, -0.02498741, 5, 0, 0.0003186379346491719739782208, 2998.342, -1642.728, -6.594189, 0.004862703, 0.07868536, 86.89785, 1.197918, 0.743877, 0.7735416
 
32.00064, 0.005260407, -0.02493468, 5, 0, 0.0003173450262551340015270533, 3004.248, -1642.728, -6.594189, 0.004862703, 0.07868536, 86.97873, 1.197918, 0.743877, 0.7735416
 
32.01064, 0.005225229, -0.02488207, 5, 0, 0.0003161024616945819918581458, 3010.16, -1642.728, -6.594189, 0.004862703, 0.07868536, 87.05958, 1.197918, 0.743877, 0.7735416
 
32.02063, 0.005201021, -0.02482982, 5, 0, 0.0003148469596125758940725189, 3016.073, -1642.728, -6.594189, 0.004862703, 0.07868536, 87.14037, 1.197918, 0.743877, 0.7735416
 
32.03063, 0.00519119, -0.02477781, 5, 0, 0.0003135698012446560120002476, 3021.994, -1642.728, -6.594189, 0.004862703, 0.07868536, 87.22117, 1.197918, 0.743877, 0.7735416
 
32.04063, 0.005160819, -0.0247259, 5, 0, 0.0003123398929550920125111358, 3027.919, -1642.728, -6.594189, 0.004862703, 0.07868536, 87.30194, 1.197918, 0.743877, 0.7735416
 
32.05063, 0.005138059, -0.02467429, 5, 0, 0.0003111026721534019294296585, 3033.848, -1642.728, -6.594189, 0.004862703, 0.07868536, 87.38266, 1.197918, 0.743877, 0.7735416
 
32.06063, 0.005131261, -0.02462291, 5, 0, 0.0003098409825611340597993599, 3039.783, -1642.728, -6.594189, 0.004862703, 0.07868536, 87.46339, 1.197918, 0.743877, 0.7735416
 
32.07063, 0.005103904, -0.02457159, 5, 0, 0.0003086256992958238389414504, 3045.725, -1642.728, -6.594189, 0.004862703, 0.07868536, 87.54408, 1.197918, 0.743877, 0.7735416
 
32.08062, 0.005082243, -0.02452056, 5, 0, 0.0003074067597744481591176515, 3051.67, -1642.728, -6.594189, 0.004862703, 0.07868536, 87.62476, 1.197918, 0.743877, 0.7735416
 
32.09062, 0.005063782, -0.02446973, 5, 0, 0.0003061883827540062466141706, 3057.62, -1642.728, -6.594189, 0.004862703, 0.07868536, 87.70541, 1.197918, 0.743877, 0.7735416
 
32.10062, 0.005053333, -0.0244191, 5, 0, 0.0003049607244681740935133887, 3063.574, -1642.728, -6.594189, 0.004862703, 0.07868536, 87.786, 1.197918, 0.743877, 0.7735416
 
32.11062, 0.005041469, -0.02436856, 5, 0, 0.0003037415036963323357526664, 3069.534, -1642.728, -6.594189, 0.004862703, 0.07868536, 87.86659, 1.197918, 0.743877, 0.7735416
 
32.12062, 0.005023548, -0.02431815, 5, 0, 0.0003025400017038744368222466, 3075.5, -1642.728, -6.594189, 0.004862703, 0.07868536, 87.94717, 1.197918, 0.743877, 0.7735416
 
32.13062, 0.005007732, -0.02426791, 5, 0, 0.0003013410309656144622170802, 3081.47, -1642.728, -6.594189, 0.004862703, 0.07868536, 88.02771, 1.197918, 0.743877, 0.7735416
 
32.14061, 0.004998752, -0.02421783, 5, 0, 0.0003001344664647607146361536, 3087.445, -1642.728, -6.594189, 0.004862703, 0.07868536, 88.10823, 1.197918, 0.743877, 0.7735416
 
32.15061, 0.004973841, -0.02416785, 5, 0, 0.0002989647457750066858469207, 3093.427, -1642.728, -6.594189, 0.004862703, 0.07868536, 88.18873, 1.197918, 0.743877, 0.7735416
 
32.16061, 0.004950826, -0.02411811, 5, 0, 0.0002977984000908488151937115, 3099.411, -1642.728, -6.594189, 0.004862703, 0.07868536, 88.2692, 1.197918, 0.743877, 0.7735416
 
32.17061, 0.004931117, -0.0240686, 5, 0, 0.0002966326169076231004143493, 3105.401, -1642.728, -6.594189, 0.004862703, 0.07868536, 88.34964, 1.197918, 0.743877, 0.7735416
 
32.18061, 0.004919438, -0.02401929, 5, 0, 0.0002954575524590071450376861, 3111.396, -1642.728, -6.594189, 0.004862703, 0.07868536, 88.43006, 1.197918, 0.743877, 0.7735416
 
32.19061, 0.004911799, -0.02397009, 5, 0, 0.0002942802380066593432726930, 3117.396, -1642.728, -6.594189, 0.004862703, 0.07868536, 88.51046, 1.197918, 0.743877, 0.7735416
 
32.2006, 0.004902079, -0.02392098, 5, 0, 0.0002931119235692373156145485, 3123.401, -1642.728, -6.594189, 0.004862703, 0.07868536, 88.59083, 1.197918, 0.743877, 0.7735416
 
32.2106, 0.004897363, -0.02387195, 5, 0, 0.0002919391091243515951797441, 3129.41, -1642.728, -6.594189, 0.004862703, 0.07868536, 88.67117, 1.197918, 0.743877, 0.7735416
 
32.2206, 0.004874585, -0.02382298, 5, 0, 0.0002908062322456956737357337, 3135.425, -1642.728, -6.594189, 0.004862703, 0.07868536, 88.75149, 1.197918, 0.743877, 0.7735416
 
32.2306, 0.004853859, -0.02377423, 5, 0, 0.0002896758866212360651705055, 3141.444, -1642.728, -6.594189, 0.004862703, 0.07868536, 88.83178, 1.197918, 0.743877, 0.7735416
 
32.2406, 0.004836542, -0.0237257, 5, 0, 0.0002885455409967780680517485, 3147.468, -1642.728, -6.594189, 0.004862703, 0.07868536, 88.91205, 1.197919, 0.743877, 0.7735416
 
32.2506, 0.004823659, -0.02367733, 5, 0, 0.0002874126641181221466077381, 3153.498, -1642.728, -6.594189, 0.004862703, 0.07868536, 88.99229, 1.197919, 0.743877, 0.7735416
 
32.26059, 0.004811417, -0.02362909, 5, 0, 0.0002862840059964606171105218, 3159.533, -1642.728, -6.594189, 0.004862703, 0.07868536, 89.0725, 1.197919, 0.743877, 0.7735416
 
32.27059, 0.004795954, -0.02358098, 5, 0, 0.0002851668791439227860454075, 3165.571, -1642.728, -6.594189, 0.004862703, 0.07868536, 89.15269, 1.197919, 0.743877, 0.7735416
 
32.28059, 0.004782639, -0.02353302, 5, 0, 0.0002840514397941830340483051, 3171.616, -1642.728, -6.594189, 0.004862703, 0.07868536, 89.23286, 1.197919, 0.743877, 0.7735416
 
32.29059, 0.004774544, -0.02348519, 5, 0, 0.0002829315004369812007210140, 3177.664, -1642.728, -6.594189, 0.004862703, 0.07868536, 89.313, 1.197919, 0.743877, 0.7735416
 
32.30059, 0.004764066, -0.02343745, 5, 0, 0.0002818208423451696079910238, 3183.718, -1642.728, -6.594189, 0.004862703, 0.07868536, 89.39311, 1.197919, 0.743877, 0.7735416
 
32.31059, 0.004752997, -0.02338981, 5, 0, 0.0002807163717636197871057054, 3189.777, -1642.728, -6.594189, 0.004862703, 0.07868536, 89.47321, 1.197919, 0.743877, 0.7735416
 
32.32058, 0.004742518, -0.02334228, 5, 0, 0.0002796159511887863228514981, 3195.841, -1642.728, -6.594189, 0.004862703, 0.07868536, 89.55326, 1.197919, 0.743877, 0.7735416
 
32.33058, 0.004730971, -0.02329485, 5, 0, 0.0002785225618756128642527330, 3201.909, -1642.728, -6.594189, 0.004862703, 0.07868536, 89.6333, 1.197919, 0.743877, 0.7735416
 
32.34058, 0.004716436, -0.02324754, 5, 0, 0.0002774401413306277253192807, 3207.982, -1642.728, -6.594189, 0.004862703, 0.07868536, 89.71331, 1.197919, 0.743877, 0.7735416
 
32.35058, 0.004704342, -0.02320038, 5, 0, 0.0002763584239118101983978437, 3214.061, -1642.728, -6.594189, 0.004862703, 0.07868536, 89.7933, 1.197919, 0.743877, 0.7735416
 
32.36058, 0.004692046, -0.02315334, 5, 0, 0.0002752823033772716510373614, 3220.144, -1642.728, -6.594189, 0.004862703, 0.07868536, 89.87326, 1.197919, 0.743877, 0.7735416
 
32.37057, 0.004677898, -0.02310642, 5, 0, 0.0002742147891070079801185059, 3226.231, -1642.728, -6.594189, 0.004862703, 0.07868536, 89.95319, 1.197919, 0.743877, 0.7735416
 
32.38057, 0.004659974, -0.02305964, 5, 0, 0.0002731598467325900788286626, 3232.323, -1642.728, -6.594189, 0.004862703, 0.07868536, 90.0331, 1.197919, 0.743877, 0.7735416
 
32.39057, 0.004643341, -0.02301304, 5, 0, 0.0002721081387385361024296169, 3238.421, -1642.728, -6.594189, 0.004862703, 0.07868536, 90.11298, 1.197919, 0.743877, 0.7735416
 
32.40057, 0.004640391, -0.0229666, 5, 0, 0.0002710362369609951699088710, 3244.524, -1642.728, -6.594189, 0.004862703, 0.07868536, 90.19284, 1.197919, 0.743877, 0.7735416
 
32.41057, 0.004637887, -0.0229202, 5, 0, 0.0002699674570636317311041533, 3250.631, -1642.728, -6.594189, 0.004862703, 0.07868536, 90.27267, 1.197919, 0.743877, 0.7735416
 
32.42057, 0.004629968, -0.02287382, 5, 0, 0.0002689127396895866921638488, 3256.743, -1642.728, -6.594189, 0.004862703, 0.07868536, 90.35248, 1.197919, 0.743877, 0.7735416
 
32.43056, 0.004621941, -0.02282752, 5, 0, 0.0002678628879486120530414401, 3262.859, -1642.728, -6.594189, 0.004862703, 0.07868536, 90.43226, 1.197919, 0.743877, 0.7735416
 
32.44056, 0.004608329, -0.0227813, 5, 0, 0.0002668279143573098569702293, 3268.981, -1642.728, -6.594189, 0.004862703, 0.07868536, 90.51202, 1.197919, 0.743877, 0.7735416
 
32.45056, 0.004589251, -0.02273522, 5, 0, 0.0002658081564162377860280534, 3275.108, -1642.728, -6.594189, 0.004862703, 0.07868536, 90.59174, 1.197919, 0.743877, 0.7735416
 
32.46056, 0.004566755, -0.02268933, 5, 0, 0.0002648004641201757673213696, 3281.24, -1642.728, -6.594189, 0.004862703, 0.07868536, 90.67145, 1.197919, 0.743877, 0.7735416
 
32.47056, 0.004547957, -0.02264366, 5, 0, 0.0002637921530730883771534542, 3287.375, -1642.728, -6.594189, 0.004862703, 0.07868536, 90.75112, 1.197919, 0.743877, 0.7735416
 
32.48056, 0.004541327, -0.02259818, 5, 0, 0.0002627666857475492840290831, 3293.518, -1642.728, -6.594189, 0.004862703, 0.07868536, 90.83077, 1.197919, 0.743877, 0.7735416
 
32.49055, 0.004528027, -0.02255277, 5, 0, 0.0002617579809498077733030038, 3299.663, -1642.728, -6.594189, 0.004862703, 0.07868536, 90.9104, 1.197919, 0.743877, 0.7735416
 
32.50055, 0.004513234, -0.02250749, 5, 0, 0.0002607568417896142334822278, 3305.814, -1642.728, -6.594189, 0.004862703, 0.07868536, 90.99, 1.197919, 0.743877, 0.7735416
 
32.51055, 0.004493697, -0.02246235, 5, 0, 0.0002597696807775984644215523, 3311.969, -1642.728, -6.594189, 0.004862703, 0.07868536, 91.06957, 1.197919, 0.743877, 0.7735416
 
32.52055, 0.004471342, -0.02241742, 5, 0, 0.0002587933197834929797105067, 3318.13, -1642.728, -6.594189, 0.004862703, 0.07868536, 91.14912, 1.197919, 0.743877, 0.7735416
 
32.53055, 0.00446244, -0.0223727, 5, 0, 0.0002577981712582325400088494, 3324.294, -1642.728, -6.594189, 0.004862703, 0.07868536, 91.22864, 1.197919, 0.743877, 0.7735416
 
32.54055, 0.004449, -0.02232808, 5, 0, 0.0002568156227538668948996032, 3330.465, -1642.728, -6.594189, 0.004862703, 0.07868536, 91.30814, 1.197919, 0.743877, 0.7735416
 
32.55054, 0.004427857, -0.02228359, 5, 0, 0.0002558520305309358515431228, 3336.639, -1642.728, -6.594189, 0.004862703, 0.07868536, 91.3876, 1.197919, 0.743877, 0.7735416
 
32.56054, 0.004401228, -0.02223931, 5, 0, 0.0002549042727092635276698511, 3342.818, -1642.728, -6.594189, 0.004862703, 0.07868536, 91.46705, 1.197919, 0.743877, 0.7735416
 
32.57054, 0.004388853, -0.0221953, 5, 0, 0.0002539366867297093432696443, 3349.003, -1642.728, -6.594189, 0.004862703, 0.07868536, 91.54646, 1.197919, 0.743877, 0.7735416
 
32.58054, 0.004369957, -0.02215141, 5, 0, 0.0002529856664026272924351182, 3355.193, -1642.728, -6.594189, 0.004862703, 0.07868536, 91.62585, 1.197919, 0.743877, 0.7735416
 
32.59054, 0.004346671, -0.02210771, 5, 0, 0.0002520480335977450544163890, 3361.386, -1642.728, -6.594189, 0.004862703, 0.07868536, 91.70522, 1.197919, 0.743877, 0.7735416
 
32.60054, 0.004335515, -0.02206424, 5, 0, 0.0002510941163908583722153735, 3367.585, -1642.728, -6.594189, 0.004862703, 0.07868536, 91.78456, 1.197919, 0.743877, 0.7735416
 
32.61053, 0.004320374, -0.02202089, 5, 0, 0.0002501519554534682507959988, 3373.788, -1642.728, -6.594189, 0.004862703, 0.07868536, 91.86388, 1.197919, 0.743877, 0.7735416
 
32.62053, 0.00429412, -0.02197769, 5, 0, 0.0002492347133074000291780518, 3379.997, -1642.728, -6.594189, 0.004862703, 0.07868536, 91.94316, 1.197919, 0.743877, 0.7735416
 
32.63053, 0.004281621, -0.02193474, 5, 0, 0.0002482987961303632837442623, 3386.21, -1642.728, -6.594189, 0.004862703, 0.07868536, 92.02243, 1.197919, 0.743877, 0.7735416
 
32.64053, 0.004263205, -0.02189193, 5, 0, 0.0002473780664785108613690510, 3392.427, -1642.728, -6.594189, 0.004862703, 0.07868536, 92.10166, 1.197919, 0.743877, 0.7735416
 
32.65053, 0.004256964, -0.0218493, 5, 0, 0.0002464404899237218389377065, 3398.65, -1642.728, -6.594189, 0.004862703, 0.07868536, 92.18087, 1.19792, 0.743877, 0.7735416
 
32.66053, 0.004242097, -0.02180673, 5, 0, 0.0002455222915260689523342197, 3404.877, -1642.728, -6.594189, 0.004862703, 0.07868536, 92.26006, 1.19792, 0.743877, 0.7735416
 
32.67052, 0.004235657, -0.0217643, 5, 0, 0.0002445937712362973081506374, 3411.109, -1642.728, -6.594189, 0.004862703, 0.07868536, 92.33921, 1.19792, 0.743877, 0.7735416
 
32.68052, 0.0042233, -0.02172195, 5, 0, 0.0002436795103451743470034924, 3417.347, -1642.728, -6.594189, 0.004862703, 0.07868536, 92.41834, 1.19792, 0.743877, 0.7735416
 
32.69052, 0.004205886, -0.02167971, 5, 0, 0.0002427787494764360184004425, 3423.589, -1642.728, -6.594189, 0.004862703, 0.07868536, 92.49745, 1.19792, 0.743877, 0.7735416
 
32.70052, 0.004194493, -0.02163766, 5, 0, 0.0002418721948480916499573559, 3429.835, -1642.728, -6.594189, 0.004862703, 0.07868536, 92.57653, 1.19792, 0.743877, 0.7735416
 
32.71052, 0.004175623, -0.02159571, 5, 0, 0.0002409833027490363133107161, 3436.085, -1642.728, -6.594189, 0.004862703, 0.07868536, 92.65558, 1.19792, 0.743877, 0.7735416
 
32.72052, 0.004167648, -0.02155395, 5, 0, 0.0002400800106261016718288840, 3442.342, -1642.728, -6.594189, 0.004862703, 0.07868536, 92.73461, 1.19792, 0.743877, 0.7735416
 
32.73051, 0.004147631, -0.02151228, 5, 0, 0.0002392019747950498351192588, 3448.603, -1642.728, -6.594189, 0.004862703, 0.07868536, 92.81361, 1.19792, 0.743877, 0.7735416
 
32.74051, 0.004140872, -0.0214708, 5, 0, 0.0002383056858087293972224119, 3454.868, -1642.728, -6.594189, 0.004862703, 0.07868536, 92.89259, 1.19792, 0.743877, 0.7735416
 
32.75051, 0.004121499, -0.02142939, 5, 0, 0.0002374352999903629376294604, 3461.137, -1642.728, -6.594189, 0.004862703, 0.07868536, 92.97153, 1.19792, 0.743877, 0.7735416
 
32.76051, 0.004114293, -0.02138818, 5, 0, 0.0002365484891447598006089965, 3467.413, -1642.728, -6.594189, 0.004862703, 0.07868536, 93.05045, 1.19792, 0.743877, 0.7735416
 
32.77051, 0.004096047, -0.02134704, 5, 0, 0.0002356848533375872687345637, 3473.693, -1642.728, -6.594189, 0.004862703, 0.07868536, 93.12935, 1.19792, 0.743877, 0.7735416
 
32.78051, 0.004085721, -0.02130608, 5, 0, 0.0002348123300156753939280517, 3479.974, -1642.728, -6.594189, 0.004862703, 0.07868536, 93.20819, 1.19792, 0.743877, 0.7735416
 
32.7905, 0.004089618, -0.02126522, 5, 0, 0.0002339187410338325271186123, 3486.263, -1642.728, -6.594189, 0.004862703, 0.07868536, 93.28703, 1.19792, 0.743877, 0.7735416
 
32.8005, 0.004078442, -0.02122432, 5, 0, 0.0002330538677246076408752452, 3492.557, -1642.728, -6.594189, 0.004862703, 0.07868536, 93.36585, 1.19792, 0.743877, 0.7735416
 
32.8105, 0.004078151, -0.02118354, 5, 0, 0.0002321742850159899583428343, 3498.853, -1642.728, -6.594189, 0.004862703, 0.07868536, 93.44461, 1.19792, 0.743877, 0.7735416
 
32.8205, 0.004067753, -0.02114276, 5, 0, 0.0002313150648411404901407487, 3505.156, -1642.728, -6.594189, 0.004862703, 0.07868536, 93.52338, 1.19792, 0.743877, 0.7735416
 
32.8305, 0.004059923, -0.02110208, 5, 0, 0.0002304553946655436857931145, 3511.462, -1642.728, -6.594189, 0.004862703, 0.07868536, 93.60208, 1.19792, 0.743877, 0.7735416
 
32.8405, 0.004051223, -0.02106148, 5, 0, 0.0002296008713734833592002997, 3517.774, -1642.728, -6.594189, 0.004862703, 0.07868536, 93.68079, 1.19792, 0.743877, 0.7735416
 
32.85049, 0.00403725, -0.02102097, 5, 0, 0.0002287590324774568448577374, 3524.092, -1642.728, -6.594189, 0.004862703, 0.07868536, 93.75948, 1.19792, 0.743877, 0.7735416
 
32.86049, 0.004033451, -0.02098059, 5, 0, 0.0002279041154347423977067587, 3530.412, -1642.728, -6.594189, 0.004862703, 0.07868536, 93.83811, 1.19792, 0.743877, 0.7735416
 
32.87049, 0.004023953, -0.02094026, 5, 0, 0.0002270622765387158833641965, 3536.736, -1642.728, -6.594189, 0.004862703, 0.07868536, 93.91671, 1.19792, 0.743877, 0.7735416
 
32.88049, 0.00402041, -0.02090002, 5, 0, 0.0002262137720066360704074282, 3543.067, -1642.728, -6.594189, 0.004862703, 0.07868536, 93.99532, 1.19792, 0.743877, 0.7735416
 
32.89049, 0.004014001, -0.02085982, 5, 0, 0.0002253734518631279883707238, 3549.401, -1642.728, -6.594189, 0.004862703, 0.07868536, 94.07387, 1.19792, 0.743877, 0.7735416
 
32.90049, 0.004007281, -0.02081968, 5, 0, 0.0002245370129760566162029765, 3555.74, -1642.728, -6.594189, 0.004862703, 0.07868536, 94.15239, 1.19792, 0.743877, 0.7735416
 
32.91048, 0.004005915, -0.02077961, 5, 0, 0.0002236948365794708083361061, 3562.083, -1642.728, -6.594189, 0.004862703, 0.07868536, 94.23089, 1.19792, 0.743877, 0.7735416
 
32.92048, 0.003987829, -0.02073955, 5, 0, 0.0002228841883601685947439559, 3568.43, -1642.728, -6.594189, 0.004862703, 0.07868536, 94.30936, 1.19792, 0.743877, 0.7735416
 
32.93048, 0.003976685, -0.02069967, 5, 0, 0.0002220662838788319017003537, 3574.782, -1642.728, -6.594189, 0.004862703, 0.07868536, 94.3878, 1.19792, 0.743877, 0.7735416
 
32.94048, 0.003974519, -0.0206599, 5, 0, 0.0002212367918782815175302070, 3581.141, -1642.728, -6.594189, 0.004862703, 0.07868536, 94.46622, 1.19792, 0.743877, 0.7735416
 
32.95048, 0.003958263, -0.02062016, 5, 0, 0.0002204342717974578192707360, 3587.503, -1642.728, -6.594189, 0.004862703, 0.07868536, 94.54462, 1.19792, 0.743877, 0.7735416
 
32.96048, 0.003939774, -0.02058057, 5, 0, 0.0002196398798551126363439442, 3593.87, -1642.728, -6.594189, 0.004862703, 0.07868536, 94.62298, 1.19792, 0.743877, 0.7735416
 
32.97047, 0.003931467, -0.02054117, 5, 0, 0.0002188327472666388141330440, 3600.24, -1642.728, -6.594189, 0.004862703, 0.07868536, 94.70132, 1.19792, 0.743877, 0.7735416
 
32.98047, 0.003907563, -0.02050186, 5, 0, 0.0002180555959778843518205493, 3606.615, -1642.728, -6.594189, 0.004862703, 0.07868536, 94.77963, 1.19792, 0.743877, 0.7735416
 
32.99047, 0.003889764, -0.02046278, 5, 0, 0.0002172731290553153764375523, 3612.996, -1642.728, -6.594189, 0.004862703, 0.07868536, 94.85792, 1.19792, 0.743877, 0.7735416
 
33.00047, 0.003877089, -0.02042389, 5, 0, 0.0002164864715007961997317469, 3619.382, -1642.728, -6.594189, 0.004862703, 0.07868536, 94.93617, 1.19792, 0.743877, 0.7735416
 
33.01047, 0.003869524, -0.02038511, 5, 0, 0.0002156950889384420793462139, 3625.771, -1642.728, -6.594189, 0.004862703, 0.07868536, 95.01441, 1.19792, 0.743877, 0.7735416
 
33.02047, 0.003845323, -0.02034642, 5, 0, 0.0002149349251778580617815497, 3632.166, -1642.728, -6.594189, 0.004862703, 0.07868536, 95.09261, 1.19792, 0.743877, 0.7735416
 
33.03046, 0.0038266, -0.02030797, 5, 0, 0.0002141706832855118855153175, 3638.565, -1642.728, -6.594189, 0.004862703, 0.07868536, 95.17079, 1.19792, 0.743877, 0.7735416
 
33.04046, 0.003811524, -0.0202697, 5, 0, 0.0002134047538903660187346024, 3644.969, -1642.728, -6.594189, 0.004862703, 0.07868536, 95.24895, 1.19792, 0.743877, 0.7735416
 
33.05046, 0.003803732, -0.02023159, 5, 0, 0.0002126306963567416366212080, 3651.377, -1642.728, -6.594189, 0.004862703, 0.07868536, 95.32707, 1.19792, 0.743877, 0.7735416
 
33.06046, 0.00379653, -0.02019355, 5, 0, 0.0002118589169518949029666004, 3657.79, -1642.728, -6.594189, 0.004862703, 0.07868536, 95.40517, 1.19792, 0.743877, 0.7735416
 
33.07046, 0.003772873, -0.02015558, 5, 0, 0.0002111177938478861162590147, 3664.208, -1642.728, -6.594189, 0.004862703, 0.07868536, 95.48325, 1.19792, 0.743877, 0.7735416
 
33.08046, 0.003752495, -0.02011786, 5, 0, 0.0002103761926180841913354235, 3670.628, -1642.728, -6.594189, 0.004862703, 0.07868536, 95.56126, 1.197921, 0.743877, 0.7735416
 
33.09045, 0.003742639, -0.02008033, 5, 0, 0.0002096215694916891606372715, 3677.054, -1642.728, -6.594189, 0.004862703, 0.07868536, 95.63928, 1.197921, 0.743877, 0.7735416
 
33.10045, 0.003732346, -0.02004291, 5, 0, 0.0002088711369972427198154569, 3683.484, -1642.728, -6.594189, 0.004862703, 0.07868536, 95.71725, 1.197921, 0.743877, 0.7735416
 
33.11045, 0.003731629, -0.02000558, 5, 0, 0.0002081083576073201488212268, 3689.918, -1642.728, -6.594189, 0.004862703, 0.07868536, 95.79519, 1.197921, 0.743877, 0.7735416
 
33.12045, 0.003731952, -0.01996827, 5, 0, 0.0002073463094686109919094688, 3696.356, -1642.728, -6.594189, 0.004862703, 0.07868536, 95.87309, 1.197921, 0.743877, 0.7735416
 
33.13045, 0.003716039, -0.01993095, 5, 0, 0.0002066134832533619787431874, 3702.799, -1642.728, -6.594189, 0.004862703, 0.07868536, 95.95098, 1.197921, 0.743877, 0.7735416
 
33.14045, 0.003700474, -0.01989379, 5, 0, 0.0002058839757936159081255451, 3709.247, -1642.728, -6.594189, 0.004862703, 0.07868536, 96.02884, 1.197921, 0.743877, 0.7735416
 
33.15044, 0.003690764, -0.01985678, 5, 0, 0.0002051487589494012038792365, 3715.699, -1642.728, -6.594189, 0.004862703, 0.07868536, 96.10667, 1.197921, 0.743877, 0.7735416
 
33.16044, 0.003678693, -0.01981987, 5, 0, 0.0002044208264922667811548367, 3722.156, -1642.728, -6.594189, 0.004862703, 0.07868536, 96.18447, 1.197921, 0.743877, 0.7735416
 
33.17044, 0.003670672, -0.01978309, 5, 0, 0.0002036897159048616491270240, 3728.618, -1642.728, -6.594189, 0.004862703, 0.07868536, 96.26225, 1.197921, 0.743877, 0.7735416
 
33.18044, 0.003665086, -0.01974638, 5, 0, 0.0002029577896911040853588978, 3735.084, -1642.728, -6.594189, 0.004862703, 0.07868536, 96.34, 1.197921, 0.743877, 0.7735416
 
33.19044, 0.003659609, -0.01970973, 5, 0, 0.0002022286478569631103360204, 3741.553, -1642.728, -6.594189, 0.004862703, 0.07868536, 96.41772, 1.197921, 0.743877, 0.7735416
 
33.20044, 0.00365189, -0.01967313, 5, 0, 0.0002015058904084109674368968, 3748.03, -1642.728, -6.594189, 0.004862703, 0.07868536, 96.49542, 1.197921, 0.743877, 0.7735416
 
33.21043, 0.003647262, -0.01963661, 5, 0, 0.0002007811642065930560863667, 3754.509, -1642.728, -6.594189, 0.004862703, 0.07868536, 96.57309, 1.197921, 0.743877, 0.7735416
 
33.22043, 0.003638013, -0.01960014, 5, 0, 0.0002000667598968922908694611, 3760.993, -1642.728, -6.594189, 0.004862703, 0.07868536, 96.65073, 1.197921, 0.743877, 0.7735416
 
33.23043, 0.003633704, -0.01956376, 5, 0, 0.0001993476305793549705263568, 3767.48, -1642.728, -6.594189, 0.004862703, 0.07868536, 96.72832, 1.197921, 0.743877, 0.7735416
 
33.24043, 0.003636875, -0.01952742, 5, 0, 0.0001986188824958681160616434, 3773.974, -1642.728, -6.594189, 0.004862703, 0.07868536, 96.80591, 1.197921, 0.743877, 0.7735416
 
33.25043, 0.003632042, -0.01949106, 5, 0, 0.0001979051250622401358228973, 3780.471, -1642.728, -6.594189, 0.004862703, 0.07868536, 96.88348, 1.197921, 0.743877, 0.7735416
 
33.26043, 0.003623842, -0.01945474, 5, 0, 0.0001971994395169974553294456, 3786.974, -1642.728, -6.594189, 0.004862703, 0.07868536, 96.96101, 1.197921, 0.743877, 0.7735416
 
33.27042, 0.003594866, -0.0194185, 5, 0, 0.0001965304009075258219021345, 3793.479, -1642.728, -6.594189, 0.004862703, 0.07868536, 97.03849, 1.197921, 0.743877, 0.7735416
 
33.28042, 0.003575508, -0.01938255, 5, 0, 0.0001958510122808928517172133, 3799.988, -1642.728, -6.594189, 0.004862703, 0.07868536, 97.11594, 1.197921, 0.743877, 0.7735416
 
33.29042, 0.003559272, -0.01934679, 5, 0, 0.0001951706392776261915833533, 3806.502, -1642.728, -6.594189, 0.004862703, 0.07868536, 97.19337, 1.197921, 0.743877, 0.7735416
 
33.30042, 0.003542908, -0.0193112, 5, 0, 0.0001944942600309826724932198, 3813.021, -1642.728, -6.594189, 0.004862703, 0.07868536, 97.27077, 1.197921, 0.743877, 0.7735416
 
33.31042, 0.003522976, -0.01927577, 5, 0, 0.0001938273870501022563499261, 3819.544, -1642.728, -6.594189, 0.004862703, 0.07868536, 97.34814, 1.197921, 0.743877, 0.7735416
 
33.32042, 0.00350156, -0.01924054, 5, 0, 0.0001931669547049038879177707, 3826.072, -1642.728, -6.594189, 0.004862703, 0.07868536, 97.42548, 1.197921, 0.743877, 0.7735416
 
33.33041, 0.003503775, -0.01920553, 5, 0, 0.0001924731379293425879342581, 3832.603, -1642.728, -6.594189, 0.004862703, 0.07868536, 97.50281, 1.197921, 0.743877, 0.7735416
 
33.34041, 0.003505972, -0.01917049, 5, 0, 0.0001917811492818148231569257, 3839.14, -1642.728, -6.594189, 0.004862703, 0.07868536, 97.58009, 1.197921, 0.743877, 0.7735416
 
33.35041, 0.003500703, -0.01913543, 5, 0, 0.0001911029981572325958944677, 3845.681, -1642.728, -6.594189, 0.004862703, 0.07868536, 97.65736, 1.197921, 0.743877, 0.7735416
 
33.36041, 0.003492307, -0.01910042, 5, 0, 0.0001904323845451493145739141, 3852.228, -1642.728, -6.594189, 0.004862703, 0.07868536, 97.7346, 1.197921, 0.743877, 0.7735416
 
33.37041, 0.003480843, -0.0190655, 5, 0, 0.0001897695615709868665082026, 3858.778, -1642.728, -6.594189, 0.004862703, 0.07868536, 97.81181, 1.197921, 0.743877, 0.7735416
 
33.38041, 0.00347163, -0.01903069, 5, 0, 0.0001891063729712177114012551, 3865.333, -1642.728, -6.594189, 0.004862703, 0.07868536, 97.88899, 1.197921, 0.743877, 0.7735416
 
33.3904, 0.003459047, -0.01899597, 5, 0, 0.0001884515375102999339765255, 3871.892, -1642.728, -6.594189, 0.004862703, 0.07868536, 97.96615, 1.197921, 0.743877, 0.7735416
 
33.4004, 0.003441012, -0.01896138, 5, 0, 0.0001878085426940177349912782, 3878.455, -1642.728, -6.594189, 0.004862703, 0.07868536, 98.04328, 1.197921, 0.743877, 0.7735416
 
33.4104, 0.003423012, -0.01892697, 5, 0, 0.0001871693166339858147002186, 3885.021, -1642.728, -6.594189, 0.004862703, 0.07868536, 98.12035, 1.197921, 0.743877, 0.7735416
 
33.4204, 0.003413367, -0.01889274, 5, 0, 0.0001865206968083756111906175, 3891.594, -1642.728, -6.594189, 0.004862703, 0.07868536, 98.19743, 1.197921, 0.743877, 0.7735416
 
33.4304, 0.003389969, -0.01885861, 5, 0, 0.0001858967145236212295455207, 3898.169, -1642.728, -6.594189, 0.004862703, 0.07868536, 98.27445, 1.197921, 0.743877, 0.7735416
 
33.4404, 0.003397446, -0.01882471, 5, 0, 0.0001852286040406900704797637, 3904.749, -1642.728, -6.594189, 0.004862703, 0.07868536, 98.35144, 1.197921, 0.743877, 0.7735416
 
33.45039, 0.003395224, -0.01879073, 5, 0, 0.0001845769467100430023584471, 3911.333, -1642.728, -6.594189, 0.004862703, 0.07868536, 98.42841, 1.197921, 0.743877, 0.7735416
 
33.46039, 0.003387872, -0.01875678, 5, 0, 0.0001839355268963724512664422, 3917.921, -1642.728, -6.594189, 0.004862703, 0.07868536, 98.50535, 1.197921, 0.743877, 0.7735416
 
33.47039, 0.003378782, -0.0187229, 5, 0, 0.0001832995070916570423492523, 3924.514, -1642.728, -6.594189, 0.004862703, 0.07868536, 98.58226, 1.197921, 0.743877, 0.7735416
 
33.48039, 0.00336664, -0.01868911, 5, 0, 0.0001826709685493473637865821, 3931.112, -1642.728, -6.594189, 0.004862703, 0.07868536, 98.65914, 1.197921, 0.743877, 0.7735416
 
33.49039, 0.003349473, -0.01865545, 5, 0, 0.0001820534269002750298526237, 3937.714, -1642.728, -6.594189, 0.004862703, 0.07868536, 98.736, 1.197921, 0.743877, 0.7735416
 
33.50039, 0.003346926, -0.01862195, 5, 0, 0.0001814168164695800515446589, 3944.32, -1642.728, -6.594189, 0.004862703, 0.07868536, 98.81283, 1.197921, 0.743877, 0.7735416
 
33.51038, 0.003341609, -0.01858848, 5, 0, 0.0001807866747996129230182894, 3950.931, -1642.728, -6.594189, 0.004862703, 0.07868536, 98.88963, 1.197921, 0.743877, 0.7735416
 
33.52038, 0.003334509, -0.01855507, 5, 0, 0.0001801618206384128940454943, 3957.544, -1642.728, -6.594189, 0.004862703, 0.07868536, 98.96638, 1.197921, 0.743877, 0.7735416
 
33.53038, 0.003328852, -0.01852172, 5, 0, 0.0001795372196026331409391659, 3964.164, -1642.728, -6.594189, 0.004862703, 0.07868536, 99.04313, 1.197921, 0.743877, 0.7735416
 
33.54038, 0.003308306, -0.01848843, 5, 0, 0.0001789380998591090549545832, 3970.786, -1642.728, -6.594189, 0.004862703, 0.07868536, 99.11982, 1.197921, 0.743877, 0.7735416
 
33.55038, 0.003313646, -0.01845535, 5, 0, 0.0001783030644310273359863320, 3977.411, -1642.728, -6.594189, 0.004862703, 0.07868536, 99.19649, 1.197921, 0.743877, 0.7735416
 
33.56038, 0.003313602, -0.01842221, 5, 0, 0.0001776775633937545220353774, 3984.043, -1642.728, -6.594189, 0.004862703, 0.07868536, 99.27312, 1.197921, 0.743877, 0.7735416
 
33.57037, 0.003311659, -0.01838908, 5, 0, 0.0001770569279895504964558476, 3990.678, -1642.728, -6.594189, 0.004862703, 0.07868536, 99.34974, 1.197921, 0.743877, 0.7735416
 
33.58037, 0.003294926, -0.01835596, 5, 0, 0.0001764609863762971197746778, 3997.317, -1642.728, -6.594189, 0.004862703, 0.07868536, 99.42632, 1.197921, 0.743877, 0.7735416
 
33.59037, 0.003278053, -0.01832301, 5, 0, 0.0001758687010191075906129263, 4003.961, -1642.728, -6.594189, 0.004862703, 0.07868536, 99.50288, 1.197921, 0.743877, 0.7735416
 
33.60037, 0.003277342, -0.01829023, 5, 0, 0.0001752551531266567862762233, 4010.61, -1642.728, -6.594189, 0.004862703, 0.07868536, 99.57941, 1.197921, 0.743877, 0.7735416
 
33.61037, 0.003269807, -0.01825746, 5, 0, 0.0001746539521296821121119359, 4017.263, -1642.728, -6.594189, 0.004862703, 0.07868536, 99.65591, 1.197921, 0.743877, 0.7735416
 
33.62037, 0.003254538, -0.01822476, 5, 0, 0.0001740670105313528980911436, 4023.92, -1642.728, -6.594189, 0.004862703, 0.07868536, 99.73238, 1.197921, 0.743877, 0.7735416
 
33.63036, 0.003233969, -0.01819221, 5, 0, 0.0001734913752017745201529145, 4030.581, -1642.728, -6.594189, 0.004862703, 0.07868536, 99.80881, 1.197922, 0.743877, 0.7735416
 
33.64036, 0.003236959, -0.01815988, 5, 0, 0.0001728838179442584273818012, 4037.246, -1642.728, -6.594189, 0.004862703, 0.07868536, 99.88522, 1.197922, 0.743877, 0.7735416
 
33.65036, 0.003220176, -0.01812751, 5, 0, 0.0001723076482387920841937109, 4043.917, -1642.728, -6.594189, 0.004862703, 0.07868536, 99.96162, 1.197922, 0.743877, 0.7735416
 
33.66036, 0.003198824, -0.01809531, 5, 0, 0.0001717418004254444985857160, 4050.589, -1642.728, -6.594189, 0.004862703, 0.07868536, 100.038, 1.197922, 0.743877, 0.7735416
 
33.67036, 0.003202715, -0.01806332, 5, 0, 0.0001711416681802409205817378, 4057.267, -1642.728, -6.594189, 0.004862703, 0.07868536, 100.1143, 1.197922, 0.743877, 0.7735416
 
33.68036, 0.003201329, -0.01803129, 5, 0, 0.0001705508734505224102089162, 4063.949, -1642.728, -6.594189, 0.004862703, 0.07868536, 100.1906, 1.197922, 0.743877, 0.7735416
 
33.69035, 0.003190559, -0.01799928, 5, 0, 0.0001699760818723422660814575, 4070.635, -1642.728, -6.594189, 0.004862703, 0.07868536, 100.2668, 1.197922, 0.743877, 0.7735416
 
33.70035, 0.003194253, -0.01796737, 5, 0, 0.0001693823621377733222716897, 4077.325, -1642.728, -6.594189, 0.004862703, 0.07868536, 100.343, 1.197922, 0.743877, 0.7735416
 
33.71035, 0.003182484, -0.01793543, 5, 0, 0.0001688131674438737691516568, 4084.019, -1642.728, -6.594189, 0.004862703, 0.07868536, 100.4192, 1.197922, 0.743877, 0.7735416
 
33.72035, 0.003168941, -0.0179036, 5, 0, 0.0001682494290090241852402946, 4090.719, -1642.728, -6.594189, 0.004862703, 0.07868536, 100.4954, 1.197922, 0.743877, 0.7735416
 
33.73035, 0.003171799, -0.01787191, 5, 0, 0.0001676643155387268949792115, 4097.42, -1642.728, -6.594189, 0.004862703, 0.07868536, 100.5715, 1.197922, 0.743877, 0.7735416
 
33.74035, 0.003168377, -0.0178402, 5, 0, 0.0001670899458362450620339024, 4104.127, -1642.728, -6.594189, 0.004862703, 0.07868536, 100.6476, 1.197922, 0.743877, 0.7735416
 
33.75034, 0.003145936, -0.01780851, 5, 0, 0.0001665458386839502783703934, 4110.84, -1642.728, -6.594189, 0.004862703, 0.07868536, 100.7237, 1.197922, 0.743877, 0.7735416
 
33.76034, 0.003136719, -0.01777705, 5, 0, 0.0001659858408803019481898200, 4117.558, -1642.728, -6.594189, 0.004862703, 0.07868536, 100.7998, 1.197922, 0.743877, 0.7735416
 
33.77034, 0.003124779, -0.01774569, 5, 0, 0.0001654325368377543301403805, 4124.276, -1642.728, -6.594189, 0.004862703, 0.07868536, 100.8758, 1.197922, 0.743877, 0.7735416
 
33.78034, 0.003110022, -0.01771444, 5, 0, 0.0001648862078067735021589984, 4130.999, -1642.728, -6.594189, 0.004862703, 0.07868536, 100.9518, 1.197922, 0.743877, 0.7735416
 
33.79034, 0.003107517, -0.01768334, 5, 0, 0.0001643247193756541531894951, 4137.727, -1642.728, -6.594189, 0.004862703, 0.07868536, 101.0277, 1.197922, 0.743877, 0.7735416
 
33.80033, 0.003099086, -0.01765226, 5, 0, 0.0001637738903372112438779243, 4144.458, -1642.728, -6.594189, 0.004862703, 0.07868536, 101.1037, 1.197922, 0.743877, 0.7735416
 
33.81033, 0.003076232, -0.01762127, 5, 0, 0.0001632466863379462758579332, 4151.195, -1642.728, -6.594189, 0.004862703, 0.07868536, 101.1796, 1.197922, 0.743877, 0.7735416
 
33.82033, 0.003066862, -0.01759051, 5, 0, 0.0001627033948120023124882668, 4157.935, -1642.728, -6.594189, 0.004862703, 0.07868536, 101.2554, 1.197922, 0.743877, 0.7735416
 
33.83033, 0.003049316, -0.01755984, 5, 0, 0.0001621747001852647142328747, 4164.678, -1642.728, -6.594189, 0.004862703, 0.07868536, 101.3312, 1.197922, 0.743877, 0.7735416
 
33.84033, 0.003051001, -0.01752935, 5, 0, 0.0001616209461419713714843577, 4171.426, -1642.728, -6.594189, 0.004862703, 0.07868536, 101.4071, 1.197922, 0.743877, 0.7735416
 
33.85033, 0.003031553, -0.01749884, 5, 0, 0.0001610995359023135713169331, 4178.18, -1642.728, -6.594189, 0.004862703, 0.07868536, 101.4829, 1.197922, 0.743877, 0.7735416
 
33.86032, 0.003030187, -0.01746852, 5, 0, 0.0001605551193745043293316901, 4184.936, -1642.728, -6.594189, 0.004862703, 0.07868536, 101.5586, 1.197922, 0.743877, 0.7735416
 
33.87032, 0.003018328, -0.01743822, 5, 0, 0.0001600278028750522855583413, 4191.695, -1642.728, -6.594189, 0.004862703, 0.07868536, 101.6343, 1.197922, 0.743877, 0.7735416
 
33.88032, 0.003026951, -0.01740804, 5, 0, 0.0001594732050803595809865240, 4198.459, -1642.728, -6.594189, 0.004862703, 0.07868536, 101.71, 1.197922, 0.743877, 0.7735416
 
33.89032, 0.003023014, -0.01737777, 5, 0, 0.0001589377604424285384465547, 4205.228, -1642.728, -6.594189, 0.004862703, 0.07868536, 101.7856, 1.197922, 0.743877, 0.7735416
 
33.90032, 0.003002726, -0.01734754, 5, 0, 0.0001584279377219863631414399, 4212.001, -1642.728, -6.594189, 0.004862703, 0.07868536, 101.8612, 1.197922, 0.743877, 0.7735416
 
33.91032, 0.002994441, -0.01731751, 5, 0, 0.0001579041368533643221958120, 4218.778, -1642.728, -6.594189, 0.004862703, 0.07868536, 101.9368, 1.197922, 0.743877, 0.7735416
 
33.92031, 0.002977335, -0.01728757, 5, 0, 0.0001573953828846946933528304, 4225.56, -1642.728, -6.594189, 0.004862703, 0.07868536, 102.0124, 1.197922, 0.743877, 0.7735416
 
33.93031, 0.002968473, -0.01725779, 5, 0, 0.0001568777976513800651776840, 4232.345, -1642.728, -6.594189, 0.004862703, 0.07868536, 102.0879, 1.197922, 0.743877, 0.7735416
 
33.94031, 0.002949401, -0.01722811, 5, 0, 0.0001563773124464224740697846, 4239.134, -1642.728, -6.594189, 0.004862703, 0.07868536, 102.1634, 1.197922, 0.743877, 0.7735416
 
33.95031, 0.00294805, -0.01719861, 5, 0, 0.0001558544959544326727712716, 4245.927, -1642.728, -6.594189, 0.004862703, 0.07868536, 102.2389, 1.197922, 0.743877, 0.7735416
 
33.96031, 0.002927103, -0.01716913, 5, 0, 0.0001553615482619746721838650, 4252.724, -1642.728, -6.594189, 0.004862703, 0.07868536, 102.3143, 1.197922, 0.743877, 0.7735416
 
33.97031, 0.002929115, -0.01713986, 5, 0, 0.0001548389848954048244625244, 4259.524, -1642.728, -6.594189, 0.004862703, 0.07868536, 102.3897, 1.197922, 0.743877, 0.7735416
 
33.9803, 0.002937428, -0.01711057, 5, 0, 0.0001543086871410088093755504, 4266.33, -1642.728, -6.594189, 0.004862703, 0.07868536, 102.4651, 1.197922, 0.743877, 0.7735416
 
33.9903, 0.002931355, -0.0170812, 5, 0, 0.0001537998206721525882131522, 4273.138, -1642.728, -6.594189, 0.004862703, 0.07868536, 102.5405, 1.197922, 0.743877, 0.7735416
 
34.0003, 0.002935146, -0.01705188, 5, 0, 0.0001532788323081945495297013, 4279.952, -1642.728, -6.594189, 0.004862703, 0.07868536, 102.6158, 1.197922, 0.743877, 0.7735416
 
34.0103, 0.002926641, -0.01702253, 5, 0, 0.0001527765752252985725387716, 4286.769, -1642.728, -6.594189, 0.004862703, 0.07868536, 102.6911, 1.197922, 0.743877, 0.7735416
 
34.0203, 0.00292448, -0.01699327, 5, 0, 0.0001522674556310225589438481, 4293.592, -1642.728, -6.594189, 0.004862703, 0.07868536, 102.7663, 1.197922, 0.743877, 0.7735416
 
34.0303, 0.002907943, -0.01696402, 5, 0, 0.0001517806110736853788075065, 4300.415, -1642.728, -6.594189, 0.004862703, 0.07868536, 102.8415, 1.197922, 0.743877, 0.7735416
 
34.04029, 0.002914255, -0.01693494, 5, 0, 0.0001512641789672829593309232, 4307.244, -1642.728, -6.594189, 0.004862703, 0.07868536, 102.9167, 1.197922, 0.743877, 0.7735416
 
34.05029, 0.00290411, -0.0169058, 5, 0, 0.0001507719344009907981644137, 4314.077, -1642.728, -6.594189, 0.004862703, 0.07868536, 102.9919, 1.197922, 0.743877, 0.7735416
 
34.06029, 0.002899872, -0.01687676, 5, 0, 0.0001502736991997644088662557, 4320.914, -1642.728, -6.594189, 0.004862703, 0.07868536, 103.067, 1.197922, 0.743877, 0.7735416
 
34.07029, 0.002906469, -0.01684776, 5, 0, 0.0001497619921011975776479884, 4327.755, -1642.728, -6.594189, 0.004862703, 0.07868536, 103.1421, 1.197922, 0.743877, 0.7735416
 
34.08029, 0.002898306, -0.01681869, 5, 0, 0.0001492719694135900104975280, 4334.6, -1642.728, -6.594189, 0.004862703, 0.07868536, 103.2171, 1.197922, 0.743877, 0.7735416
 
34.09029, 0.002900998, -0.01678971, 5, 0, 0.0001487689248293882095599771, 4341.447, -1642.728, -6.594189, 0.004862703, 0.07868536, 103.2922, 1.197922, 0.743877, 0.7735416
 
34.10028, 0.002890768, -0.0167607, 5, 0, 0.0001482851459021348241183376, 4348.3, -1642.728, -6.594189, 0.004862703, 0.07868536, 103.3672, 1.197922, 0.743877, 0.7735416
 
34.11028, 0.002881444, -0.01673179, 5, 0, 0.0001478023513515136783238129, 4355.158, -1642.728, -6.594189, 0.004862703, 0.07868536, 103.4422, 1.197922, 0.743877, 0.7735416
 
34.12028, 0.002863154, -0.01670298, 5, 0, 0.0001473344630756119056634726, 4362.018, -1642.728, -6.594189, 0.004862703, 0.07868536, 103.5171, 1.197922, 0.743877, 0.7735416
 
34.13028, 0.00285672, -0.01667435, 5, 0, 0.0001468529622771361686806198, 4368.882, -1642.728, -6.594189, 0.004862703, 0.07868536, 103.592, 1.197922, 0.743877, 0.7735416
 
34.14028, 0.002858032, -0.01664578, 5, 0, 0.0001463626302140155935102495, 4375.749, -1642.728, -6.594189, 0.004862703, 0.07868536, 103.6669, 1.197922, 0.743877, 0.7735416
 
34.15028, 0.002844605, -0.0166172, 5, 0, 0.0001458940669369944280780573, 4382.622, -1642.728, -6.594189, 0.004862703, 0.07868536, 103.7417, 1.197922, 0.743877, 0.7735416
 
34.16027, 0.002839264, -0.01658875, 5, 0, 0.0001454167567704680866947775, 4389.499, -1642.728, -6.594189, 0.004862703, 0.07868536, 103.8165, 1.197922, 0.743877, 0.7735416
 
34.17027, 0.002817096, -0.01656036, 5, 0, 0.0001449647591459177656710893, 4396.379, -1642.728, -6.594189, 0.004862703, 0.07868536, 103.8913, 1.197922, 0.743877, 0.7735416
 
34.18027, 0.002799798, -0.01653219, 5, 0, 0.0001445092177654908340259877, 4403.266, -1642.728, -6.594189, 0.004862703, 0.07868536, 103.9661, 1.197922, 0.743877, 0.7735416
 
34.19027, 0.00279252, -0.01650419, 5, 0, 0.0001440427638669675091457810, 4410.151, -1642.728, -6.594189, 0.004862703, 0.07868536, 104.0408, 1.197922, 0.743877, 0.7735416
 
34.20027, 0.002781078, -0.01647627, 5, 0, 0.0001435839881061769748991761, 4417.042, -1642.728, -6.594189, 0.004862703, 0.07868536, 104.1154, 1.197922, 0.743877, 0.7735416
 
34.21027, 0.00277341, -0.01644845, 5, 0, 0.0001431223435906292228030095, 4423.938, -1642.728, -6.594189, 0.004862703, 0.07868536, 104.1901, 1.197922, 0.743877, 0.7735416
 
34.22026, 0.002771362, -0.01642072, 5, 0, 0.0001426548490653802815436563, 4430.838, -1642.728, -6.594189, 0.004862703, 0.07868536, 104.2647, 1.197922, 0.743877, 0.7735416
 
34.23026, 0.002757865, -0.01639301, 5, 0, 0.0001422046795688614008457360, 4437.742, -1642.728, -6.594189, 0.004862703, 0.07868536, 104.3393, 1.197922, 0.743877, 0.7735416
 
34.24026, 0.002747862, -0.01636543, 5, 0, 0.0001417521756934716561016442, 4444.65, -1642.728, -6.594189, 0.004862703, 0.07868536, 104.4139, 1.197922, 0.743877, 0.7735416
 
34.25026, 0.002741014, -0.01633795, 5, 0, 0.0001412975061894905329288880, 4451.562, -1642.728, -6.594189, 0.004862703, 0.07868536, 104.4884, 1.197922, 0.743877, 0.7735416
 
34.26026, 0.00271802, -0.01631054, 5, 0, 0.0001408669117254332368914362, 4458.475, -1642.728, -6.594189, 0.004862703, 0.07868536, 104.5629, 1.197922, 0.743877, 0.7735416
 
34.27026, 0.002715022, -0.01628336, 5, 0, 0.0001404121297212655213992635, 4465.396, -1642.728, -6.594189, 0.004862703, 0.07868536, 104.6374, 1.197922, 0.743877, 0.7735416
 
34.28025, 0.002704675, -0.01625621, 5, 0, 0.0001399689914864066463567853, 4472.318, -1642.728, -6.594189, 0.004862703, 0.07868536, 104.7118, 1.197922, 0.743877, 0.7735416
 
34.29025, 0.002709803, -0.01622916, 5, 0, 0.0001395068969701126861275999, 4479.244, -1642.728, -6.594189, 0.004862703, 0.07868536, 104.7862, 1.197922, 0.743877, 0.7735416
 
34.30025, 0.002694064, -0.01620206, 5, 0, 0.0001390741368774640116614837, 4486.174, -1642.728, -6.594189, 0.004862703, 0.07868536, 104.8606, 1.197922, 0.743877, 0.7735416
 
34.31025, 0.002683167, -0.01617512, 5, 0, 0.0001386372986530525339152110, 4493.109, -1642.728, -6.594189, 0.004862703, 0.07868536, 104.9349, 1.197922, 0.743877, 0.7735416
 
34.32025, 0.002682184, -0.01614829, 5, 0, 0.0001381891822849386004711857, 4500.048, -1642.728, -6.594189, 0.004862703, 0.07868536, 105.0092, 1.197922, 0.743877, 0.7735416
 
34.33025, 0.002660224, -0.01612147, 5, 0, 0.0001377709628414027532426650, 4506.988, -1642.728, -6.594189, 0.004862703, 0.07868536, 105.0835, 1.197922, 0.743877, 0.7735416
 
34.34024, 0.002654936, -0.01609487, 5, 0, 0.0001373331402403590358492775, 4513.937, -1642.728, -6.594189, 0.004862703, 0.07868536, 105.1577, 1.197922, 0.743877, 0.7735416
 
34.35024, 0.002646916, -0.01606832, 5, 0, 0.0001369007457733167461351031, 4520.886, -1642.728, -6.594189, 0.004862703, 0.07868536, 105.2319, 1.197922, 0.743877, 0.7735416
 
34.36024, 0.00265226, -0.01604185, 5, 0, 0.0001364522637795962667944889, 4527.837, -1642.728, -6.594189, 0.004862703, 0.07868536, 105.3061, 1.197922, 0.743877, 0.7735416
 
34.37024, 0.002658005, -0.01601532, 5, 0, 0.0001360039786612025254436624, 4534.795, -1642.728, -6.594189, 0.004862703, 0.07868536, 105.3803, 1.197922, 0.743877, 0.7735416
 
34.38024, 0.002645981, -0.01598874, 5, 0, 0.0001355804154588050739170056, 4541.756, -1642.728, -6.594189, 0.004862703, 0.07868536, 105.4544, 1.197922, 0.743877, 0.7735416
 
34.39024, 0.002638374, -0.01596228, 5, 0, 0.0001351530835001579882747496, 4548.722, -1642.728, -6.594189, 0.004862703, 0.07868536, 105.5285, 1.197922, 0.743877, 0.7735416
 
34.40023, 0.002631647, -0.0159359, 5, 0, 0.0001347265109177701187854224, 4555.689, -1642.728, -6.594189, 0.004862703, 0.07868536, 105.6025, 1.197922, 0.743877, 0.7735416
 
34.41023, 0.002640707, -0.01590958, 5, 0, 0.0001342805601782474026254144, 4562.66, -1642.728, -6.594189, 0.004862703, 0.07868536, 105.6765, 1.197922, 0.743877, 0.7735416
 
34.42023, 0.002627765, -0.01588318, 5, 0, 0.0001338644501132097182381734, 4569.637, -1642.728, -6.594189, 0.004862703, 0.07868536, 105.7505, 1.197922, 0.743877, 0.7735416
 
34.43023, 0.002611399, -0.0158569, 5, 0, 0.0001334552025595519093102792, 4576.617, -1642.728, -6.594189, 0.004862703, 0.07868536, 105.8245, 1.197922, 0.743877, 0.7735416
 
34.44023, 0.002613279, -0.01583078, 5, 0, 0.0001330241862197950129335008, 4583.6, -1642.728, -6.594189, 0.004862703, 0.07868536, 105.8984, 1.197922, 0.743877, 0.7735416
 
34.45023, 0.00261693, -0.01580465, 5, 0, 0.0001325918480028460999513582, 4590.588, -1642.728, -6.594189, 0.004862703, 0.07868536, 105.9723, 1.197922, 0.743877, 0.7735416
 
34.46022, 0.002616611, -0.01577848, 5, 0, 0.0001321656129210178462756335, 4597.58, -1642.728, -6.594189, 0.004862703, 0.07868536, 106.0462, 1.197922, 0.743877, 0.7735416
 
34.47022, 0.002596919, -0.01575231, 5, 0, 0.0001317664341340573910488383, 4604.572, -1642.728, -6.594189, 0.004862703, 0.07868536, 106.12, 1.197923, 0.743877, 0.7735416
 
34.48022, 0.002589569, -0.01572634, 5, 0, 0.0001313536428245229714995306, 4611.57, -1642.728, -6.594189, 0.004862703, 0.07868536, 106.1937, 1.197923, 0.743877, 0.7735416
 
34.49022, 0.00258861, -0.01570045, 5, 0, 0.0001309341858789350921913697, 4618.571, -1642.728, -6.594189, 0.004862703, 0.07868536, 106.2675, 1.197923, 0.743877, 0.7735416
 
34.50022, 0.002586581, -0.01567456, 5, 0, 0.0001305173726877314072385845, 4625.578, -1642.728, -6.594189, 0.004862703, 0.07868536, 106.3412, 1.197923, 0.743877, 0.7735416
 
34.51022, 0.002588932, -0.0156487, 5, 0, 0.0001300960594890651575216692, 4632.588, -1642.728, -6.594189, 0.004862703, 0.07868536, 106.4149, 1.197923, 0.743877, 0.7735416
 
34.52021, 0.002596724, -0.01562281, 5, 0, 0.0001296686150302314795599966, 4639.6, -1642.728, -6.594189, 0.004862703, 0.07868536, 106.4886, 1.197923, 0.743877, 0.7735416
 
34.53021, 0.002577022, -0.01559684, 5, 0, 0.0001292778737572628699750848, 4646.617, -1642.728, -6.594189, 0.004862703, 0.07868536, 106.5622, 1.197923, 0.743877, 0.7735416
 
34.54021, 0.002569775, -0.01557107, 5, 0, 0.0001288735199617206183569548, 4653.636, -1642.728, -6.594189, 0.004862703, 0.07868536, 106.6358, 1.197923, 0.743877, 0.7735416
 
34.55021, 0.002568036, -0.01554537, 5, 0, 0.0001284636536570369545338876, 4660.66, -1642.728, -6.594189, 0.004862703, 0.07868536, 106.7093, 1.197923, 0.743877, 0.7735416
 
34.56021, 0.002566762, -0.01551969, 5, 0, 0.0001280544623534725223380251, 4667.687, -1642.728, -6.594189, 0.004862703, 0.07868536, 106.7829, 1.197923, 0.743877, 0.7735416
 
34.57021, 0.002563461, -0.01549402, 5, 0, 0.0001276491523063444777218255, 4674.719, -1642.728, -6.594189, 0.004862703, 0.07868536, 106.8564, 1.197923, 0.743877, 0.7735416
 
34.5802, 0.002568267, -0.01546839, 5, 0, 0.0001272346172439186023724741, 4681.753, -1642.728, -6.594189, 0.004862703, 0.07868536, 106.9298, 1.197923, 0.743877, 0.7735416
 
34.5902, 0.002572695, -0.01544271, 5, 0, 0.0001268212915584981513090705, 4688.794, -1642.728, -6.594189, 0.004862703, 0.07868536, 107.0033, 1.197923, 0.743877, 0.7735416
 
34.6002, 0.002551817, -0.01541698, 5, 0, 0.0001264416878039989584534496, 4695.838, -1642.728, -6.594189, 0.004862703, 0.07868536, 107.0767, 1.197923, 0.743877, 0.7735416
 
34.6102, 0.002529619, -0.01539146, 5, 0, 0.0001260666684321021537430359, 4702.883, -1642.728, -6.594189, 0.004862703, 0.07868536, 107.1501, 1.197923, 0.743877, 0.7735416
 
34.6202, 0.002522614, -0.01536616, 5, 0, 0.0001256748302823147121915928, 4709.932, -1642.728, -6.594189, 0.004862703, 0.07868536, 107.2234, 1.197923, 0.743877, 0.7735416
 
34.6302, 0.002515366, -0.01534094, 5, 0, 0.0001252849046356985343469946, 4716.986, -1642.728, -6.594189, 0.004862703, 0.07868536, 107.2967, 1.197923, 0.743877, 0.7735416
 
34.64019, 0.00250869, -0.01531579, 5, 0, 0.0001248959071156217028514208, 4724.043, -1642.728, -6.594189, 0.004862703, 0.07868536, 107.37, 1.197923, 0.743877, 0.7735416
 
34.65019, 0.002506164, -0.0152907, 5, 0, 0.0001245031970893882916829852, 4731.104, -1642.728, -6.594189, 0.004862703, 0.07868536, 107.4432, 1.197923, 0.743877, 0.7735416
 
34.66019, 0.002503676, -0.01526564, 5, 0, 0.0001241117526902538426771763, 4738.167, -1642.728, -6.594189, 0.004862703, 0.07868536, 107.5164, 1.197923, 0.743877, 0.7735416
 
34.67019, 0.002506564, -0.0152406, 5, 0, 0.0001237146551567446202086743, 4745.234, -1642.728, -6.594189, 0.004862703, 0.07868536, 107.5896, 1.197923, 0.743877, 0.7735416
 
34.68019, 0.002485973, -0.01521553, 5, 0, 0.0001233486076747258537988870, 4752.305, -1642.728, -6.594189, 0.004862703, 0.07868536, 107.6627, 1.197923, 0.743877, 0.7735416
 
34.69019, 0.002461949, -0.01519067, 5, 0, 0.0001229896758295070775702660, 4759.38, -1642.728, -6.594189, 0.004862703, 0.07868536, 107.7358, 1.197923, 0.743877, 0.7735416
 
34.70018, 0.002443314, -0.01516605, 5, 0, 0.0001226267221026187136488733, 4766.458, -1642.728, -6.594189, 0.004862703, 0.07868536, 107.8089, 1.197923, 0.743877, 0.7735416
 
34.71018, 0.002424058, -0.01514162, 5, 0, 0.0001222671152562805446484004, 4773.542, -1642.728, -6.594189, 0.004862703, 0.07868536, 107.8819, 1.197923, 0.743877, 0.7735416
 
34.72018, 0.002408782, -0.01511738, 5, 0, 0.0001219049771557449347566154, 4780.629, -1642.728, -6.594189, 0.004862703, 0.07868536, 107.9549, 1.197923, 0.743877, 0.7735416
 
34.73018, 0.002393287, -0.01509329, 5, 0, 0.0001215453703094067657561425, 4787.72, -1642.728, -6.594189, 0.004862703, 0.07868536, 108.0279, 1.197923, 0.743877, 0.7735416
 
34.74018, 0.002373348, -0.01506936, 5, 0, 0.0001211936666011744108834572, 4794.815, -1642.728, -6.594189, 0.004862703, 0.07868536, 108.1009, 1.197923, 0.743877, 0.7735416
 
34.75018, 0.002356449, -0.01504563, 5, 0, 0.0001208407253908898627864846, 4801.912, -1642.728, -6.594189, 0.004862703, 0.07868536, 108.1738, 1.197923, 0.743877, 0.7735416
 
34.76017, 0.002349286, -0.01502206, 5, 0, 0.0001204777716640014988650918, 4809.011, -1642.728, -6.594189, 0.004862703, 0.07868536, 108.2467, 1.197923, 0.743877, 0.7735416
 
34.77017, 0.00234314, -0.01499857, 5, 0, 0.0001201150710625330885208715, 4816.115, -1642.728, -6.594189, 0.004862703, 0.07868536, 108.3195, 1.197923, 0.743877, 0.7735416
 
34.78017, 0.002336925, -0.01497514, 5, 0, 0.0001197538610885363415441696, 4823.225, -1642.728, -6.594189, 0.004862703, 0.07868536, 108.3924, 1.197923, 0.743877, 0.7735416
 
34.79017, 0.002331453, -0.01495177, 5, 0, 0.0001193932698655657717519348, 4830.336, -1642.728, -6.594189, 0.004862703, 0.07868536, 108.4652, 1.197923, 0.743877, 0.7735416
 
34.80017, 0.002320959, -0.01492845, 5, 0, 0.0001190404411554678159743787, 4837.451, -1642.728, -6.594189, 0.004862703, 0.07868536, 108.5379, 1.197923, 0.743877, 0.7735416
 
34.81017, 0.002317598, -0.01490524, 5, 0, 0.0001186804405584768155729188, 4844.568, -1642.728, -6.594189, 0.004862703, 0.07868536, 108.6106, 1.197923, 0.743877, 0.7735416
 
34.82016, 0.002316683, -0.01488207, 5, 0, 0.0001183186118334540525563967, 4851.689, -1642.728, -6.594189, 0.004862703, 0.07868536, 108.6833, 1.197923, 0.743877, 0.7735416
 
34.83016, 0.002312303, -0.0148589, 5, 0, 0.0001179620987422462860443184, 4858.815, -1642.728, -6.594189, 0.004862703, 0.07868536, 108.7559, 1.197923, 0.743877, 0.7735416
 
34.84016, 0.002302263, -0.01483578, 5, 0, 0.0001176140231650305263187706, 4865.946, -1642.728, -6.594189, 0.004862703, 0.07868536, 108.8286, 1.197923, 0.743877, 0.7735416
 
34.85016, 0.002315861, -0.01481276, 5, 0, 0.0001172380756665945364039796, 4873.079, -1642.728, -6.594189, 0.004862703, 0.07868536, 108.9012, 1.197923, 0.743877, 0.7735416
 
34.86016, 0.002332741, -0.0147896, 5, 0, 0.0001168579656612559198279552, 4880.214, -1642.728, -6.594189, 0.004862703, 0.07868536, 108.9737, 1.197923, 0.743877, 0.7735416
 
34.87016, 0.002351822, -0.01476627, 5, 0, 0.0001164747337757401318251968, 4887.353, -1642.728, -6.594189, 0.004862703, 0.07868536, 109.0462, 1.197923, 0.743877, 0.7735416
 
34.88015, 0.002366441, -0.01474275, 5, 0, 0.0001160966206487129246263885, 4894.495, -1642.728, -6.594189, 0.004862703, 0.07868536, 109.1187, 1.197923, 0.743877, 0.7735416
 
34.89015, 0.002379741, -0.01471909, 5, 0, 0.0001157199137740177185586686, 4901.642, -1642.728, -6.594189, 0.004862703, 0.07868536, 109.1911, 1.197923, 0.743877, 0.7735416
 
34.90015, 0.002391869, -0.01469529, 5, 0, 0.0001153446412767011214157295, 4908.792, -1642.728, -6.594189, 0.004862703, 0.07868536, 109.2636, 1.197923, 0.743877, 0.7735416
 
34.91015, 0.002393066, -0.01467137, 5, 0, 0.0001149829531769115585123164, 4915.947, -1642.728, -6.594189, 0.004862703, 0.07868536, 109.336, 1.197923, 0.743877, 0.7735416
 
34.92015, 0.002397545, -0.01464744, 5, 0, 0.0001146181150718983775331240, 4923.104, -1642.728, -6.594189, 0.004862703, 0.07868536, 109.4083, 1.197923, 0.743877, 0.7735416
 
34.93015, 0.002406548, -0.01462347, 5, 0, 0.0001142482988336298158630903, 4930.264, -1642.728, -6.594189, 0.004862703, 0.07868536, 109.4806, 1.197923, 0.743877, 0.7735416
 
34.94014, 0.002412409, -0.0145994, 5, 0, 0.0001138826451022642031435843, 4937.427, -1642.728, -6.594189, 0.004862703, 0.07868536, 109.5529, 1.197923, 0.743877, 0.7735416
 
34.95014, 0.002415982, -0.01457528, 5, 0, 0.0001135202820013552474683192, 4944.594, -1642.728, -6.594189, 0.004862703, 0.07868536, 109.6252, 1.197923, 0.743877, 0.7735416
 
34.96014, 0.002414098, -0.01455112, 5, 0, 0.0001131653720378060589324699, 4951.766, -1642.728, -6.594189, 0.004862703, 0.07868536, 109.6974, 1.197923, 0.743877, 0.7735416
 
34.97014, 0.002402189, -0.01452698, 5, 0, 0.0001128238777215039355846983, 4958.941, -1642.728, -6.594189, 0.004862703, 0.07868536, 109.7696, 1.197923, 0.743877, 0.7735416
 
34.98014, 0.002388784, -0.01450296, 5, 0, 0.0001124861521614516074971730, 4966.118, -1642.728, -6.594189, 0.004862703, 0.07868536, 109.8417, 1.197923, 0.743877, 0.7735416
 
34.99014, 0.00238734, -0.01447907, 5, 0, 0.0001121356859552714458487749, 4973.298, -1642.728, -6.594189, 0.004862703, 0.07868536, 109.9138, 1.197923, 0.743877, 0.7735416
 
35.00013, 0.002378579, -0.01445519, 5, 0, 0.0001117952322656951000247970, 4980.483, -1642.728, -6.594189, 0.004862703, 0.07868536, 109.9859, 1.197923, 0.743877, 0.7735416
 
35.01013, 0.00236122, -0.01443141, 5, 0, 0.0001114668723461739639281795, 4987.671, -1642.728, -6.594189, 0.004862703, 0.07868536, 110.058, 1.197923, 0.743877, 0.7735416
 
35.02013, 0.002346874, -0.0144078, 5, 0, 0.0001111371061743206655558264, 4994.863, -1642.728, -6.594189, 0.004862703, 0.07868536, 110.13, 1.197923, 0.743877, 0.7735416
 
35.03013, 0.002324823, -0.01438433, 5, 0, 0.0001108187587714033452836291, 5002.058, -1642.728, -6.594189, 0.004862703, 0.07868536, 110.202, 1.197923, 0.743877, 0.7735416
 
35.04013, 0.002315437, -0.01436108, 5, 0, 0.0001104875863472182069248348, 5009.254, -1642.728, -6.594189, 0.004862703, 0.07868536, 110.2739, 1.197923, 0.743877, 0.7735416
 
35.05013, 0.002300098, -0.01433793, 5, 0, 0.0001101652451876779067535580, 5016.456, -1642.728, -6.594189, 0.004862703, 0.07868536, 110.3458, 1.197923, 0.743877, 0.7735416
 
35.06012, 0.002279851, -0.01431492, 5, 0, 0.0001098509196664300130294853, 5023.661, -1642.728, -6.594189, 0.004862703, 0.07868536, 110.4177, 1.197923, 0.743877, 0.7735416
 
35.07012, 0.002248436, -0.01429213, 5, 0, 0.0001095525410466269476740965, 5030.871, -1642.728, -6.594189, 0.004862703, 0.07868536, 110.4896, 1.197923, 0.743877, 0.7735416
 
35.08012, 0.002222527, -0.01426964, 5, 0, 0.0001092507874212272407487426, 5038.083, -1642.728, -6.594189, 0.004862703, 0.07868536, 110.5614, 1.197923, 0.743877, 0.7735416
 
35.09012, 0.002186323, -0.01424742, 5, 0, 0.0001089643056961528082755736, 5045.297, -1642.728, -6.594189, 0.004862703, 0.07868536, 110.6332, 1.197923, 0.743877, 0.7735416
 
35.10012, 0.002160426, -0.01422555, 5, 0, 0.0001086689364563403220275023, 5052.515, -1642.728, -6.594189, 0.004862703, 0.07868536, 110.7049, 1.197923, 0.743877, 0.7735416
 
35.11012, 0.002131187, -0.01420395, 5, 0, 0.0001083804297279078723834248, 5059.736, -1642.728, -6.594189, 0.004862703, 0.07868536, 110.7766, 1.197923, 0.743877, 0.7735416
 
35.12011, 0.002124842, -0.01418264, 5, 0, 0.0001080673417087121718836393, 5066.959, -1642.728, -6.594189, 0.004862703, 0.07868536, 110.8483, 1.197923, 0.743877, 0.7735416
 
35.13011, 0.002117597, -0.01416139, 5, 0, 0.0001077565880683874965746724, 5074.19, -1642.728, -6.594189, 0.004862703, 0.07868536, 110.9199, 1.197923, 0.743877, 0.7735416
 
35.14011, 0.002101505, -0.01414021, 5, 0, 0.0001074579000730714231993736, 5081.42, -1642.728, -6.594189, 0.004862703, 0.07868536, 110.9915, 1.197923, 0.743877, 0.7735416
 
35.15011, 0.002088884, -0.0141192, 5, 0, 0.0001071570745742107403337497, 5088.654, -1642.728, -6.594189, 0.004862703, 0.07868536, 111.0631, 1.197923, 0.743877, 0.7735416
 
35.16011, 0.002093674, -0.01409831, 5, 0, 0.0001068370677935416264979386, 5095.894, -1642.728, -6.594189, 0.004862703, 0.07868536, 111.1347, 1.197923, 0.743877, 0.7735416
 
35.1701, 0.002098074, -0.01407737, 5, 0, 0.0001065180735145515212475818, 5103.134, -1642.728, -6.594189, 0.004862703, 0.07868536, 111.2062, 1.197923, 0.743877, 0.7735416
 
35.1801, 0.002094652, -0.01405639, 5, 0, 0.0001062089230018854239148439, 5110.377, -1642.728, -6.594189, 0.004862703, 0.07868536, 111.2776, 1.197923, 0.743877, 0.7735416
 
35.1901, 0.002086913, -0.01403545, 5, 0, 0.0001059059599994801315588951, 5117.625, -1642.728, -6.594189, 0.004862703, 0.07868536, 111.3491, 1.197923, 0.743877, 0.7735416
 
35.2001, 0.002102375, -0.01401458, 5, 0, 0.0001055767282035130258452851, 5124.875, -1642.728, -6.594189, 0.004862703, 0.07868536, 111.4205, 1.197923, 0.743877, 0.7735416
 
35.2101, 0.002116158, -0.01399355, 5, 0, 0.0001052491557852977136952888, 5132.131, -1642.728, -6.594189, 0.004862703, 0.07868536, 111.4918, 1.197923, 0.743877, 0.7735416
 
35.2201, 0.002114573, -0.01397239, 5, 0, 0.0001049396396470253927552562, 5139.389, -1642.728, -6.594189, 0.004862703, 0.07868536, 111.5632, 1.197923, 0.743877, 0.7735416
 
35.23009, 0.002112148, -0.01395125, 5, 0, 0.0001046320641369709433157609, 5146.651, -1642.728, -6.594189, 0.004862703, 0.07868536, 111.6345, 1.197923, 0.743877, 0.7735416
 
35.24009, 0.002098262, -0.01393012, 5, 0, 0.0001043390574010762511968475, 5153.916, -1642.728, -6.594189, 0.004862703, 0.07868536, 111.7058, 1.197923, 0.743877, 0.7735416
 
35.25009, 0.002107491, -0.01390914, 5, 0, 0.0001040204849977857462858172, 5161.184, -1642.728, -6.594189, 0.004862703, 0.07868536, 111.777, 1.197923, 0.743877, 0.7735416
 
35.26009, 0.002121212, -0.01388807, 5, 0, 0.0001036967657109600527771444, 5168.455, -1642.728, -6.594189, 0.004862703, 0.07868536, 111.8482, 1.197923, 0.743877, 0.7735416
 
35.27009, 0.002124512, -0.01386685, 5, 0, 0.0001033851401941897301404792, 5175.729, -1642.728, -6.594189, 0.004862703, 0.07868536, 111.9194, 1.197923, 0.743877, 0.7735416
 
35.28009, 0.002116181, -0.01384561, 5, 0, 0.0001030877459510190655768523, 5183.009, -1642.728, -6.594189, 0.004862703, 0.07868536, 111.9905, 1.197923, 0.743877, 0.7735416
 
35.29008, 0.00213117, -0.01382445, 5, 0, 0.0001027643079146597722943971, 5190.291, -1642.728, -6.594189, 0.004862703, 0.07868536, 112.0616, 1.197923, 0.743877, 0.7735416
 
35.30008, 0.002139241, -0.01380314, 5, 0, 0.0001024487448913598464906843, 5197.574, -1642.728, -6.594189, 0.004862703, 0.07868536, 112.1327, 1.197923, 0.743877, 0.7735416
 
35.31008, 0.00214064, -0.01378174, 5, 0, 0.0001021412256313987737832207, 5204.861, -1642.728, -6.594189, 0.004862703, 0.07868536, 112.2037, 1.197923, 0.743877, 0.7735416
 
35.32008, 0.002134883, -0.01376034, 5, 0, 0.0001018427345114091161084154, 5212.153, -1642.728, -6.594189, 0.004862703, 0.07868536, 112.2747, 1.197923, 0.743877, 0.7735416
 
35.33008, 0.002124045, -0.01373899, 5, 0, 0.0001015514715284060409341929, 5219.446, -1642.728, -6.594189, 0.004862703, 0.07868536, 112.3457, 1.197923, 0.743877, 0.7735416
 
35.34008, 0.002132717, -0.01371775, 5, 0, 0.0001012388897600499252994581, 5226.745, -1642.728, -6.594189, 0.004862703, 0.07868536, 112.4166, 1.197923, 0.743877, 0.7735416
 
35.35007, 0.002130252, -0.01369642, 5, 0, 0.0001009395267636144591523074, 5234.044, -1642.728, -6.594189, 0.004862703, 0.07868536, 112.4875, 1.197923, 0.743877, 0.7735416
 
35.36007, 0.002129219, -0.01367512, 5, 0, 0.0001006394606410129924396125, 5241.347, -1642.728, -6.594189, 0.004862703, 0.07868536, 112.5584, 1.197923, 0.743877, 0.7735416
 
35.37007, 0.00212047, -0.01365383, 5, 0, 0.0001003491820346423180571519, 5248.655, -1642.728, -6.594189, 0.004862703, 0.07868536, 112.6292, 1.197923, 0.743877, 0.7735416
 
35.38007, 0.002102921, -0.01363262, 5, 0, 0.0001000705753226270919180781, 5255.966, -1642.728, -6.594189, 0.004862703, 0.07868536, 112.7, 1.197923, 0.743877, 0.7735416
 
35.39007, 0.002110538, -0.01361159, 5, 0, 0.0000997647716905111895062600, 5263.277, -1642.728, -6.594189, 0.004862703, 0.07868536, 112.7708, 1.197923, 0.743877, 0.7735416
 
35.40007, 0.002107804, -0.01359049, 5, 0, 0.0000994712024536835357902642, 5270.592, -1642.728, -6.594189, 0.004862703, 0.07868536, 112.8415, 1.197923, 0.743877, 0.7735416
 
35.41006, 0.002104359, -0.01356941, 5, 0, 0.0000991794332198408757509910, 5277.91, -1642.728, -6.594189, 0.004862703, 0.07868536, 112.9122, 1.197923, 0.743877, 0.7735416
 
35.42006, 0.002090194, -0.01354837, 5, 0, 0.0000989010233831522264570579, 5285.233, -1642.728, -6.594189, 0.004862703, 0.07868536, 112.9828, 1.197923, 0.743877, 0.7735416
 
35.43006, 0.002090954, -0.01352747, 5, 0, 0.0000986071447708115647211520, 5292.56, -1642.728, -6.594189, 0.004862703, 0.07868536, 113.0534, 1.197923, 0.743877, 0.7735416
 
35.44006, 0.002085494, -0.01350656, 5, 0, 0.0000983211692965767171130337, 5299.887, -1642.728, -6.594189, 0.004862703, 0.07868536, 113.124, 1.197923, 0.743877, 0.7735416
 
35.45006, 0.0020779, -0.0134857, 5, 0, 0.0000980387938283118568583606, 5307.219, -1642.728, -6.594189, 0.004862703, 0.07868536, 113.1946, 1.197923, 0.743877, 0.7735416
 
35.46006, 0.002059338, -0.01346492, 5, 0, 0.0000977703121330870388631234, 5314.553, -1642.728, -6.594189, 0.004862703, 0.07868536, 113.2651, 1.197923, 0.743877, 0.7735416
 
35.47005, 0.002058739, -0.01344433, 5, 0, 0.0000974832397820333592884738, 5321.892, -1642.728, -6.594189, 0.004862703, 0.07868536, 113.3355, 1.197923, 0.743877, 0.7735416
 
35.48005, 0.002048232, -0.01342374, 5, 0, 0.0000972082893260813360902299, 5329.234, -1642.728, -6.594189, 0.004862703, 0.07868536, 113.406, 1.197923, 0.743877, 0.7735416
 
35.49005, 0.002028997, -0.01340326, 5, 0, 0.0000969448701392517221669111, 5336.578, -1642.728, -6.594189, 0.004862703, 0.07868536, 113.4764, 1.197923, 0.743877, 0.7735416
 
35.50005, 0.00201282, -0.01338297, 5, 0, 0.0000966800447000901071125039, 5343.924, -1642.728, -6.594189, 0.004862703, 0.07868536, 113.5468, 1.197923, 0.743877, 0.7735416
 
35.51005, 0.002014081, -0.01336284, 5, 0, 0.0000963971348559390541990877, 5351.274, -1642.728, -6.594189, 0.004862703, 0.07868536, 113.6171, 1.197923, 0.743877, 0.7735416
 
35.52005, 0.002004729, -0.0133427, 5, 0, 0.0000961269656579158348465445, 5358.629, -1642.728, -6.594189, 0.004862703, 0.07868536, 113.6874, 1.197923, 0.743877, 0.7735416
 
35.53004, 0.001986024, -0.01332265, 5, 0, 0.0000958688058548080018402846, 5365.986, -1642.728, -6.594189, 0.004862703, 0.07868536, 113.7577, 1.197923, 0.743877, 0.7735416
 
35.54004, 0.001982121, -0.01330279, 5, 0, 0.0000955957960270741724318721, 5373.349, -1642.728, -6.594189, 0.004862703, 0.07868536, 113.828, 1.197923, 0.743877, 0.7735416
 
35.55004, 0.001973294, -0.01328297, 5, 0, 0.0000953294237103473561332676, 5380.711, -1642.728, -6.594189, 0.004862703, 0.07868536, 113.8982, 1.197923, 0.743877, 0.7735416
 
35.56004, 0.001958523, -0.01326324, 5, 0, 0.0000950710670319129462818671, 5388.078, -1642.728, -6.594189, 0.004862703, 0.07868536, 113.9683, 1.197924, 0.743877, 0.7735416
 
35.57004, 0.001960576, -0.01324365, 5, 0, 0.0000947954415748416914564185, 5395.447, -1642.728, -6.594189, 0.004862703, 0.07868536, 114.0385, 1.197924, 0.743877, 0.7735416
 
35.58004, 0.001956831, -0.01322405, 5, 0, 0.0000945268473794302811417648, 5402.821, -1642.728, -6.594189, 0.004862703, 0.07868536, 114.1086, 1.197924, 0.743877, 0.7735416
 
35.59003, 0.001933694, -0.01320448, 5, 0, 0.0000942811750970304892638525, 5410.197, -1642.728, -6.594189, 0.004862703, 0.07868536, 114.1787, 1.197924, 0.743877, 0.7735416
 
35.60003, 0.0019308, -0.01318514, 5, 0, 0.0000940149715305834808720492, 5417.575, -1642.728, -6.594189, 0.004862703, 0.07868536, 114.2487, 1.197924, 0.743877, 0.7735416
 
35.61003, 0.001931617, -0.01316583, 5, 0, 0.0000937454210835864387039731, 5424.958, -1642.728, -6.594189, 0.004862703, 0.07868536, 114.3187, 1.197924, 0.743877, 0.7735416
 
35.62003, 0.00194529, -0.01314652, 5, 0, 0.0000934620612386891776575381, 5432.343, -1642.728, -6.594189, 0.004862703, 0.07868536, 114.3887, 1.197924, 0.743877, 0.7735416
 
35.63003, 0.001941064, -0.01312706, 5, 0, 0.0000931985014266263636211104, 5439.732, -1642.728, -6.594189, 0.004862703, 0.07868536, 114.4586, 1.197924, 0.743877, 0.7735416
 
35.64003, 0.001925724, -0.01310765, 5, 0, 0.0000929484697619973682368240, 5447.12, -1642.728, -6.594189, 0.004862703, 0.07868536, 114.5285, 1.197924, 0.743877, 0.7735416
 
35.65002, 0.001941002, -0.0130884, 5, 0, 0.0000926657849182193388175937, 5454.515, -1642.728, -6.594189, 0.004862703, 0.07868536, 114.5983, 1.197924, 0.743877, 0.7735416
 
35.66002, 0.001937918, -0.01306899, 5, 0, 0.0000924032938579289100986521, 5461.911, -1642.728, -6.594189, 0.004862703, 0.07868536, 114.6682, 1.197924, 0.743877, 0.7735416
 
35.67002, 0.001928207, -0.01304961, 5, 0, 0.0000921491278114438958468245, 5469.31, -1642.728, -6.594189, 0.004862703, 0.07868536, 114.7379, 1.197924, 0.743877, 0.7735416
 
35.68002, 0.001940998, -0.01303033, 5, 0, 0.0000918711679755014546859103, 5476.709, -1642.728, -6.594189, 0.004862703, 0.07868536, 114.8077, 1.197924, 0.743877, 0.7735416
 
35.69002, 0.001937633, -0.01301092, 5, 0, 0.0000916110112940820511577872, 5484.114, -1642.728, -6.594189, 0.004862703, 0.07868536, 114.8774, 1.197924, 0.743877, 0.7735416
 
35.70002, 0.001957301, -0.01299154, 5, 0, 0.0000913260201964796043414307, 5491.524, -1642.728, -6.594189, 0.004862703, 0.07868536, 114.9471, 1.197924, 0.743877, 0.7735416
 
35.71001, 0.001960174, -0.01297197, 5, 0, 0.0000910590572537733797966985, 5498.935, -1642.728, -6.594189, 0.004862703, 0.07868536, 115.0167, 1.197924, 0.743877, 0.7735416
 
35.72001, 0.001949621, -0.01295237, 5, 0, 0.0000908074224614859675808301, 5506.352, -1642.728, -6.594189, 0.004862703, 0.07868536, 115.0863, 1.197924, 0.743877, 0.7735416
 
35.73001, 0.001951586, -0.01293287, 5, 0, 0.0000905433282735369608856594, 5513.768, -1642.728, -6.594189, 0.004862703, 0.07868536, 115.1559, 1.197924, 0.743877, 0.7735416
 
35.74001, 0.001950216, -0.01291335, 5, 0, 0.0000902834809676307265220935, 5521.187, -1642.728, -6.594189, 0.004862703, 0.07868536, 115.2254, 1.197924, 0.743877, 0.7735416
 
35.75001, 0.001935921, -0.01289385, 5, 0, 0.0000900386243115833663844947, 5528.612, -1642.728, -6.594189, 0.004862703, 0.07868536, 115.2949, 1.197924, 0.743877, 0.7735416
 
35.76001, 0.001935927, -0.01287449, 5, 0, 0.0000897795645069829559675500, 5536.04, -1642.728, -6.594189, 0.004862703, 0.07868536, 115.3644, 1.197924, 0.743877, 0.7735416
 
35.77, 0.001922717, -0.01285513, 5, 0, 0.0000895357766027081422920845, 5543.471, -1642.728, -6.594189, 0.004862703, 0.07868536, 115.4339, 1.197924, 0.743877, 0.7735416
 
35.78, 0.001929331, -0.01283591, 5, 0, 0.0000892717105398057433906061, 5550.902, -1642.728, -6.594189, 0.004862703, 0.07868536, 115.5033, 1.197924, 0.743877, 0.7735416
 
35.79, 0.001929063, -0.01281661, 5, 0, 0.0000890154069897761196484536, 5558.336, -1642.728, -6.594189, 0.004862703, 0.07868536, 115.5726, 1.197924, 0.743877, 0.7735416
 
35.8, 0.001917035, -0.01279732, 5, 0, 0.0000887726597122267612074875, 5565.776, -1642.728, -6.594189, 0.004862703, 0.07868536, 115.642, 1.197924, 0.743877, 0.7735416
 
35.81, 0.001919371, -0.01277815, 5, 0, 0.0000885156249109845291060984, 5573.216, -1642.728, -6.594189, 0.004862703, 0.07868536, 115.7113, 1.197924, 0.743877, 0.7735416
 
35.82, 0.001905086, -0.01275896, 5, 0, 0.0000882772651407111431098459, 5580.661, -1642.728, -6.594189, 0.004862703, 0.07868536, 115.7805, 1.197924, 0.743877, 0.7735416
 
35.82999, 0.001889146, -0.01273991, 5, 0, 0.0000880423366261277754155903, 5588.107, -1642.728, -6.594189, 0.004862703, 0.07868536, 115.8497, 1.197924, 0.743877, 0.7735416
 
35.83999, 0.001884931, -0.01272102, 5, 0, 0.0000877962705930749909920438, 5595.556, -1642.728, -6.594189, 0.004862703, 0.07868536, 115.9189, 1.197924, 0.743877, 0.7735416
 
35.84999, 0.001866626, -0.01270217, 5, 0, 0.0000875664889620268118954307, 5603.01, -1642.728, -6.594189, 0.004862703, 0.07868536, 115.9881, 1.197924, 0.743877, 0.7735416
 
35.85999, 0.001865166, -0.0126835, 5, 0, 0.0000873202541786942195650830, 5610.464, -1642.728, -6.594189, 0.004862703, 0.07868536, 116.0572, 1.197924, 0.743877, 0.7735416
 
35.86999, 0.001855548, -0.01266485, 5, 0, 0.0000870835537861724659877971, 5617.923, -1642.728, -6.594189, 0.004862703, 0.07868536, 116.1263, 1.197924, 0.743877, 0.7735416
 
35.87999, 0.001862635, -0.01264629, 5, 0, 0.0000868299783656668599820973, 5625.383, -1642.728, -6.594189, 0.004862703, 0.07868536, 116.1953, 1.197924, 0.743877, 0.7735416
 
35.88998, 0.001853754, -0.01262767, 5, 0, 0.0000865938404740779068572468, 5632.849, -1642.728, -6.594189, 0.004862703, 0.07868536, 116.2643, 1.197924, 0.743877, 0.7735416
 
35.89998, 0.001861385, -0.01260913, 5, 0, 0.0000863410525548782859428153, 5640.314, -1642.728, -6.594189, 0.004862703, 0.07868536, 116.3333, 1.197924, 0.743877, 0.7735416
 
35.90998, 0.001854022, -0.01259051, 5, 0, 0.0000861045771627297170043624, 5647.783, -1642.728, -6.594189, 0.004862703, 0.07868536, 116.4022, 1.197924, 0.743877, 0.7735416
 
35.91998, 0.001840118, -0.01257197, 5, 0, 0.0000858762580341067546262224, 5655.254, -1642.728, -6.594189, 0.004862703, 0.07868536, 116.4711, 1.197924, 0.743877, 0.7735416
 
35.92998, 0.00183631, -0.01255357, 5, 0, 0.0000856385451399061536081294, 5662.731, -1642.728, -6.594189, 0.004862703, 0.07868536, 116.54, 1.197924, 0.743877, 0.7735416
 
35.93998, 0.001822343, -0.01253521, 5, 0, 0.0000854126447652942009465321, 5670.211, -1642.728, -6.594189, 0.004862703, 0.07868536, 116.6088, 1.197924, 0.743877, 0.7735416
 
35.94997, 0.001818959, -0.01251699, 5, 0, 0.0000851769006243582403673158, 5677.69, -1642.728, -6.594189, 0.004862703, 0.07868536, 116.6776, 1.197924, 0.743877, 0.7735416
 
35.95997, 0.001803742, -0.0124988, 5, 0, 0.0000849547127559028673785802, 5685.174, -1642.728, -6.594189, 0.004862703, 0.07868536, 116.7464, 1.197924, 0.743877, 0.7735416
 
35.96997, 0.001809841, -0.01248076, 5, 0, 0.0000847111779770476849909928, 5692.662, -1642.728, -6.594189, 0.004862703, 0.07868536, 116.8151, 1.197924, 0.743877, 0.7735416
 
35.97997, 0.001796274, -0.01246266, 5, 0, 0.0000844889057334523274765331, 5700.153, -1642.728, -6.594189, 0.004862703, 0.07868536, 116.8838, 1.197924, 0.743877, 0.7735416
 
35.98997, 0.001796071, -0.0124447, 5, 0, 0.0000842538365936357596691686, 5707.644, -1642.728, -6.594189, 0.004862703, 0.07868536, 116.9525, 1.197924, 0.743877, 0.7735416
 
35.99997, 0.001787856, -0.01242674, 5, 0, 0.0000840279362190238070075713, 5715.138, -1642.728, -6.594189, 0.004862703, 0.07868536, 117.0211, 1.197924, 0.743877, 0.7735416
 
36.00996, 0.001798189, -0.01240886, 5, 0, 0.0000837833326883962393024979, 5722.635, -1642.728, -6.594189, 0.004862703, 0.07868536, 117.0896, 1.197924, 0.743877, 0.7735416
 
36.01996, 0.001787423, -0.01239088, 5, 0, 0.0000835610885698474895817305, 5730.137, -1642.728, -6.594189, 0.004862703, 0.07868536, 117.1582, 1.197924, 0.743877, 0.7735416
 
36.02996, 0.001792001, -0.012373, 5, 0, 0.0000833237975513464889029640, 5737.642, -1642.728, -6.594189, 0.004862703, 0.07868536, 117.2267, 1.197924, 0.743877, 0.7735416
 
36.03996, 0.00177365, -0.01235508, 5, 0, 0.0000831111721987485624609826, 5745.147, -1642.728, -6.594189, 0.004862703, 0.07868536, 117.2952, 1.197924, 0.743877, 0.7735416
 
36.04996, 0.001782474, -0.01233735, 5, 0, 0.0000828714624262363909210264, 5752.657, -1642.728, -6.594189, 0.004862703, 0.07868536, 117.3636, 1.197924, 0.743877, 0.7735416
 
36.05996, 0.001773568, -0.01231952, 5, 0, 0.0000826505401848798189502703, 5760.168, -1642.728, -6.594189, 0.004862703, 0.07868536, 117.432, 1.197924, 0.743877, 0.7735416
 
36.06995, 0.001773718, -0.01230179, 5, 0, 0.0000824211241794378634609519, 5767.685, -1642.728, -6.594189, 0.004862703, 0.07868536, 117.5004, 1.197924, 0.743877, 0.7735416
 
36.07995, 0.001761632, -0.01228405, 5, 0, 0.0000822052644464763344174671, 5775.201, -1642.728, -6.594189, 0.004862703, 0.07868536, 117.5687, 1.197924, 0.743877, 0.7735416
 
36.08995, 0.001768155, -0.01226643, 5, 0, 0.0000819710390580591284334028, 5782.722, -1642.728, -6.594189, 0.004862703, 0.07868536, 117.637, 1.197924, 0.743877, 0.7735416
 
36.09995, 0.001761188, -0.01224875, 5, 0, 0.0000817512136935213884291781, 5790.245, -1642.728, -6.594189, 0.004862703, 0.07868536, 117.7053, 1.197924, 0.743877, 0.7735416
 
36.10995, 0.001763368, -0.01223114, 5, 0, 0.0000815227539396652259379292, 5797.769, -1642.728, -6.594189, 0.004862703, 0.07868536, 117.7735, 1.197924, 0.743877, 0.7735416
 
36.11995, 0.001756355, -0.01221351, 5, 0, 0.0000813043629525060948584853, 5805.296, -1642.728, -6.594189, 0.004862703, 0.07868536, 117.8417, 1.197924, 0.743877, 0.7735416
 
36.12994, 0.001762949, -0.01219594, 5, 0, 0.0000810726688182863297657330, 5812.826, -1642.728, -6.594189, 0.004862703, 0.07868536, 117.9098, 1.197924, 0.743877, 0.7735416
 
36.13994, 0.001748237, -0.01217831, 5, 0, 0.0000808634747213785827703956, 5820.359, -1642.728, -6.594189, 0.004862703, 0.07868536, 117.978, 1.197924, 0.743877, 0.7735416
 
36.14994, 0.001749437, -0.01216083, 5, 0, 0.0000806390649742386157656109, 5827.897, -1642.728, -6.594189, 0.004862703, 0.07868536, 118.0461, 1.197924, 0.743877, 0.7735416
 
36.15994, 0.001732629, -0.01214334, 5, 0, 0.0000804340052591868876378146, 5835.435, -1642.728, -6.594189, 0.004862703, 0.07868536, 118.1141, 1.197924, 0.743877, 0.7735416
 
36.16994, 0.001730786, -0.01212601, 5, 0, 0.0000802149392709083637865187, 5842.976, -1642.728, -6.594189, 0.004862703, 0.07868536, 118.1821, 1.197924, 0.743877, 0.7735416
 
36.17994, 0.00171545, -0.0121087, 5, 0, 0.0000800105826820226362242667, 5850.522, -1642.728, -6.594189, 0.004862703, 0.07868536, 118.2501, 1.197924, 0.743877, 0.7735416
 
36.18993, 0.001714251, -0.01209155, 5, 0, 0.0000797930073212160980297834, 5858.069, -1642.728, -6.594189, 0.004862703, 0.07868536, 118.318, 1.197924, 0.743877, 0.7735416
 
36.19993, 0.001722422, -0.01207441, 5, 0, 0.0000795662350701583368958407, 5865.621, -1642.728, -6.594189, 0.004862703, 0.07868536, 118.3859, 1.197924, 0.743877, 0.7735416
 
36.20993, 0.001710933, -0.01205718, 5, 0, 0.0000793599659781011844820966, 5873.173, -1642.728, -6.594189, 0.004862703, 0.07868536, 118.4538, 1.197924, 0.743877, 0.7735416
 
36.21993, 0.001719408, -0.01204007, 5, 0, 0.0000791342062287224319336081, 5880.728, -1642.728, -6.594189, 0.004862703, 0.07868536, 118.5216, 1.197924, 0.743877, 0.7735416
 
36.22993, 0.001710458, -0.01202288, 5, 0, 0.0000789265027592865094504361, 5888.287, -1642.728, -6.594189, 0.004862703, 0.07868536, 118.5894, 1.197924, 0.743877, 0.7735416
 
36.23993, 0.00171162, -0.01200577, 5, 0, 0.0000787094336493195561210035, 5895.847, -1642.728, -6.594189, 0.004862703, 0.07868536, 118.6572, 1.197924, 0.743877, 0.7735416
 
36.24992, 0.001704579, -0.01198866, 5, 0, 0.0000785013083041840332985051, 5903.409, -1642.728, -6.594189, 0.004862703, 0.07868536, 118.7249, 1.197924, 0.743877, 0.7735416
 
36.25992, 0.001707828, -0.01197161, 5, 0, 0.0000782834798179577026714965, 5910.975, -1642.728, -6.594189, 0.004862703, 0.07868536, 118.7926, 1.197924, 0.743877, 0.7735416
 
36.26992, 0.001725383, -0.01195453, 5, 0, 0.0000780511950577585293326165, 5918.543, -1642.728, -6.594189, 0.004862703, 0.07868536, 118.8602, 1.197924, 0.743877, 0.7735416
 
36.27992, 0.001721699, -0.01193728, 5, 0, 0.0000778402009578657886605565, 5926.113, -1642.728, -6.594189, 0.004862703, 0.07868536, 118.9278, 1.197924, 0.743877, 0.7735416
 
36.28992, 0.00173154, -0.01192006, 5, 0, 0.0000776160443361456140882971, 5933.687, -1642.728, -6.594189, 0.004862703, 0.07868536, 118.9954, 1.197924, 0.743877, 0.7735416
 
36.29992, 0.001719799, -0.01190275, 5, 0, 0.0000774139658760376961294788, 5941.262, -1642.728, -6.594189, 0.004862703, 0.07868536, 119.0629, 1.197924, 0.743877, 0.7735416
 
36.30991, 0.001720303, -0.01188555, 5, 0, 0.0000772005530221337845962290, 5948.841, -1642.728, -6.594189, 0.004862703, 0.07868536, 119.1305, 1.197924, 0.743877, 0.7735416
 
36.31991, 0.001700044, -0.01186835, 5, 0, 0.0000770089089543292828011575, 5956.425, -1642.728, -6.594189, 0.004862703, 0.07868536, 119.1979, 1.197924, 0.743877, 0.7735416
 
36.32991, 0.001692456, -0.01185135, 5, 0, 0.0000768061273680555254214421, 5964.007, -1642.728, -6.594189, 0.004862703, 0.07868536, 119.2654, 1.197924, 0.743877, 0.7735416
 
36.33991, 0.001670676, -0.01183442, 5, 0, 0.0000766188145574334581944052, 5971.593, -1642.728, -6.594189, 0.004862703, 0.07868536, 119.3328, 1.197924, 0.743877, 0.7735416
 
36.34991, 0.001661918, -0.01181771, 5, 0, 0.0000764200548528291273628145, 5979.185, -1642.728, -6.594189, 0.004862703, 0.07868536, 119.4001, 1.197924, 0.743877, 0.7735416
 
36.35991, 0.001664779, -0.01180109, 5, 0, 0.0000762104670052683878218429, 5986.777, -1642.728, -6.594189, 0.004862703, 0.07868536, 119.4675, 1.197924, 0.743877, 0.7735416
 
36.3699, 0.001646118, -0.01178445, 5, 0, 0.0000760232104447396973268378, 5994.371, -1642.728, -6.594189, 0.004862703, 0.07868536, 119.5347, 1.197924, 0.743877, 0.7735416
 
36.3799, 0.00165166, -0.01176799, 5, 0, 0.0000758129194710129572203220, 6001.968, -1642.728, -6.594189, 0.004862703, 0.07868536, 119.602, 1.197924, 0.743877, 0.7735416
 
36.3899, 0.001629364, -0.01175147, 5, 0, 0.0000756310910444856944045300, 6009.568, -1642.728, -6.594189, 0.004862703, 0.07868536, 119.6692, 1.197924, 0.743877, 0.7735416
 
36.3999, 0.001621815, -0.01173517, 5, 0, 0.0000754361844712709822142627, 6017.171, -1642.728, -6.594189, 0.004862703, 0.07868536, 119.7364, 1.197924, 0.743877, 0.7735416
 
36.4099, 0.001625853, -0.01171896, 5, 0, 0.0000752304778801466302529540, 6024.776, -1642.728, -6.594189, 0.004862703, 0.07868536, 119.8035, 1.197924, 0.743877, 0.7735416
 
36.4199, 0.001616635, -0.0117027, 5, 0, 0.0000750384400616891359122482, 6032.381, -1642.728, -6.594189, 0.004862703, 0.07868536, 119.8706, 1.197924, 0.743877, 0.7735416
 
36.42989, 0.001618849, -0.01168653, 5, 0, 0.0000748358553507416330883793, 6039.994, -1642.728, -6.594189, 0.004862703, 0.07868536, 119.9377, 1.197924, 0.743877, 0.7735416
 
36.43989, 0.001628612, -0.01167034, 5, 0, 0.0000746259581276678855274977, 6047.606, -1642.728, -6.594189, 0.004862703, 0.07868536, 120.0048, 1.197924, 0.743877, 0.7735416
 
36.44989, 0.00161484, -0.01165406, 5, 0, 0.0000744397421938649725562863, 6055.219, -1642.728, -6.594189, 0.004862703, 0.07868536, 120.0718, 1.197924, 0.743877, 0.7735416
 
36.45989, 0.001622068, -0.01163791, 5, 0, 0.0000742336418520874669046963, 6062.837, -1642.728, -6.594189, 0.004862703, 0.07868536, 120.1387, 1.197924, 0.743877, 0.7735416
 
36.46989, 0.001638894, -0.01162169, 5, 0, 0.0000740178946193125301806280, 6070.458, -1642.728, -6.594189, 0.004862703, 0.07868536, 120.2057, 1.197924, 0.743877, 0.7735416
 
36.47989, 0.001628674, -0.0116053, 5, 0, 0.0000738288099307523993598550, 6078.078, -1642.728, -6.594189, 0.004862703, 0.07868536, 120.2725, 1.197924, 0.743877, 0.7735416
 
36.48988, 0.001638988, -0.01158901, 5, 0, 0.0000736202064598238994659982, 6085.701, -1642.728, -6.594189, 0.004862703, 0.07868536, 120.3394, 1.197924, 0.743877, 0.7735416
 
36.49988, 0.001624985, -0.01157262, 5, 0, 0.0000734357624039592112331700, 6093.329, -1642.728, -6.594189, 0.004862703, 0.07868536, 120.4062, 1.197924, 0.743877, 0.7735416
 
36.50988, 0.001618875, -0.01155637, 5, 0, 0.0000732447652122274944162579, 6100.96, -1642.728, -6.594189, 0.004862703, 0.07868536, 120.473, 1.197924, 0.743877, 0.7735416
 
36.51988, 0.001628603, -0.01154019, 5, 0, 0.0000730387492455899732903921, 6108.594, -1642.728, -6.594189, 0.004862703, 0.07868536, 120.5397, 1.197924, 0.743877, 0.7735416
 
36.52988, 0.001608388, -0.0115239, 5, 0, 0.0000728625739534374839372932, 6116.227, -1642.728, -6.594189, 0.004862703, 0.07868536, 120.6064, 1.197924, 0.743877, 0.7735416
 
36.53988, 0.001611053, -0.01150782, 5, 0, 0.0000726652486262117620304833, 6123.863, -1642.728, -6.594189, 0.004862703, 0.07868536, 120.6731, 1.197924, 0.743877, 0.7735416
 
36.54987, 0.001623335, -0.0114917, 5, 0, 0.0000724585857835014559264579, 6131.504, -1642.728, -6.594189, 0.004862703, 0.07868536, 120.7397, 1.197924, 0.743877, 0.7735416
 
36.55987, 0.0016051, -0.01147547, 5, 0, 0.0000722820448657427429660643, 6139.145, -1642.728, -6.594189, 0.004862703, 0.07868536, 120.8063, 1.197924, 0.743877, 0.7735416
 
36.56987, 0.001609341, -0.01145942, 5, 0, 0.0000720847195385168599146072, 6146.788, -1642.728, -6.594189, 0.004862703, 0.07868536, 120.8729, 1.197924, 0.743877, 0.7735416
 
36.57987, 0.001620153, -0.01144333, 5, 0, 0.0000718810379507505251242070, 6154.436, -1642.728, -6.594189, 0.004862703, 0.07868536, 120.9394, 1.197924, 0.743877, 0.7735416
 
36.58987, 0.001602812, -0.01142713, 5, 0, 0.0000717051157840178282036335, 6162.084, -1642.728, -6.594189, 0.004862703, 0.07868536, 121.0059, 1.197924, 0.743877, 0.7735416
 
36.59986, 0.001601316, -0.0114111, 5, 0, 0.0000715149904687317587144197, 6169.735, -1642.728, -6.594189, 0.004862703, 0.07868536, 121.0723, 1.197924, 0.743877, 0.7735416
 
36.60986, 0.001612809, -0.01139508, 5, 0, 0.0000713125745080642249419991, 6177.389, -1642.728, -6.594189, 0.004862703, 0.07868536, 121.1387, 1.197924, 0.743877, 0.7735416
 
36.61986, 0.001601083, -0.01137896, 5, 0, 0.0000711328273349885171737945, 6185.045, -1642.728, -6.594189, 0.004862703, 0.07868536, 121.2051, 1.197924, 0.743877, 0.7735416
 
36.62986, 0.00159327, -0.01136295, 5, 0, 0.0000709503520323886305244900, 6192.706, -1642.728, -6.594189, 0.004862703, 0.07868536, 121.2715, 1.197924, 0.743877, 0.7735416
 
36.63986, 0.001594984, -0.01134701, 5, 0, 0.0000707594392157967370886550, 6200.367, -1642.728, -6.594189, 0.004862703, 0.07868536, 121.3377, 1.197924, 0.743877, 0.7735416
 
36.64986, 0.001583227, -0.01133106, 5, 0, 0.0000705821389217786468306854, 6208.028, -1642.728, -6.594189, 0.004862703, 0.07868536, 121.404, 1.197924, 0.743877, 0.7735416
 
36.65985, 0.001578243, -0.01131523, 5, 0, 0.0000703992979935723754294391, 6215.696, -1642.728, -6.594189, 0.004862703, 0.07868536, 121.4702, 1.197924, 0.743877, 0.7735416
 
36.66985, 0.001584562, -0.01129945, 5, 0, 0.0000702061070482026723901703, 6223.365, -1642.728, -6.594189, 0.004862703, 0.07868536, 121.5364, 1.197924, 0.743877, 0.7735416
 
36.67985, 0.001561765, -0.0112836, 5, 0, 0.0000700414911502192001056888, 6231.039, -1642.728, -6.594189, 0.004862703, 0.07868536, 121.6026, 1.197924, 0.743877, 0.7735416
 
36.68985, 0.00155439, -0.01126799, 5, 0, 0.0000698636283552683093952838, 6238.712, -1642.728, -6.594189, 0.004862703, 0.07868536, 121.6687, 1.197924, 0.743877, 0.7735416
 
36.69985, 0.001559563, -0.01125244, 5, 0, 0.0000696744030414748173167549, 6246.386, -1642.728, -6.594189, 0.004862703, 0.07868536, 121.7348, 1.197924, 0.743877, 0.7735416
 
36.70985, 0.001540685, -0.01123685, 5, 0, 0.0000695087183917189597147874, 6254.066, -1642.728, -6.594189, 0.004862703, 0.07868536, 121.8009, 1.197924, 0.743877, 0.7735416
 
36.71984, 0.001525426, -0.01122144, 5, 0, 0.0000693411493638382850550203, 6261.745, -1642.728, -6.594189, 0.004862703, 0.07868536, 121.8669, 1.197924, 0.743877, 0.7735416
 
36.72984, 0.001528755, -0.01120619, 5, 0, 0.0000691567615580668124095768, 6269.427, -1642.728, -6.594189, 0.004862703, 0.07868536, 121.9328, 1.197924, 0.743877, 0.7735416
 
36.73984, 0.001510961, -0.0111909, 5, 0, 0.0000689931300367157409168572, 6277.114, -1642.728, -6.594189, 0.004862703, 0.07868536, 121.9988, 1.197924, 0.743877, 0.7735416
 
36.74984, 0.001501811, -0.01117579, 5, 0, 0.0000688226078789378638818044, 6284.802, -1642.728, -6.594189, 0.004862703, 0.07868536, 122.0647, 1.197924, 0.743877, 0.7735416
 
36.75984, 0.001489339, -0.01116077, 5, 0, 0.0000686562763531092213016774, 6292.493, -1642.728, -6.594189, 0.004862703, 0.07868536, 122.1306, 1.197924, 0.743877, 0.7735416
 
36.76984, 0.001491363, -0.01114588, 5, 0, 0.0000684770635559197061922157, 6300.185, -1642.728, -6.594189, 0.004862703, 0.07868536, 122.1964, 1.197924, 0.743877, 0.7735416
 
36.77983, 0.001469549, -0.01113096, 5, 0, 0.0000683212226724876953632201, 6307.881, -1642.728, -6.594189, 0.004862703, 0.07868536, 122.2622, 1.197924, 0.743877, 0.7735416
 
36.78983, 0.001462177, -0.01111627, 5, 0, 0.0000681531192687209891893570, 6315.579, -1642.728, -6.594189, 0.004862703, 0.07868536, 122.328, 1.197924, 0.743877, 0.7735416
 
36.79983, 0.001460082, -0.01110165, 5, 0, 0.0000679807689829113495392422, 6323.277, -1642.728, -6.594189, 0.004862703, 0.07868536, 122.3937, 1.197924, 0.743877, 0.7735416
 
36.80983, 0.001480095, -0.01108704, 5, 0, 0.0000677876061625884154383128, 6330.977, -1642.728, -6.594189, 0.004862703, 0.07868536, 122.4593, 1.197924, 0.743877, 0.7735416
 
36.81983, 0.001462766, -0.01107224, 5, 0, 0.0000676296277756117951189922, 6338.682, -1642.728, -6.594189, 0.004862703, 0.07868536, 122.525, 1.197924, 0.743877, 0.7735416
 
36.82983, 0.001458809, -0.01105762, 5, 0, 0.0000674602024946529111951177, 6346.39, -1642.728, -6.594189, 0.004862703, 0.07868536, 122.5906, 1.197924, 0.743877, 0.7735416
 
36.83982, 0.001459569, -0.01104303, 5, 0, 0.0000672868959572576396915804, 6354.097, -1642.728, -6.594189, 0.004862703, 0.07868536, 122.6562, 1.197924, 0.743877, 0.7735416
 
36.84982, 0.001479164, -0.01102843, 5, 0, 0.0000670958425154325461426365, 6361.807, -1642.728, -6.594189, 0.004862703, 0.07868536, 122.7217, 1.197924, 0.743877, 0.7735416
 
36.85982, 0.001501741, -0.01101364, 5, 0, 0.0000669011046924978030038176, 6369.521, -1642.728, -6.594189, 0.004862703, 0.07868536, 122.7872, 1.197924, 0.743877, 0.7735416
 
36.86982, 0.001491696, -0.01099862, 5, 0, 0.0000667367419199339620072143, 6377.235, -1642.728, -6.594189, 0.004862703, 0.07868536, 122.8527, 1.197924, 0.743877, 0.7735416
 
36.87982, 0.001500939, -0.01098371, 5, 0, 0.0000665549134934068603360694, 6384.949, -1642.728, -6.594189, 0.004862703, 0.07868536, 122.9181, 1.197924, 0.743877, 0.7735416
 
36.88982, 0.001513495, -0.0109687, 5, 0, 0.0000663697100612827948056652, 6392.671, -1642.728, -6.594189, 0.004862703, 0.07868536, 122.9835, 1.197924, 0.743877, 0.7735416
 
36.89981, 0.001496004, -0.01095356, 5, 0, 0.0000662128848012185443295547, 6400.393, -1642.728, -6.594189, 0.004862703, 0.07868536, 123.0488, 1.197924, 0.743877, 0.7735416
 
36.90981, 0.001489313, -0.0109386, 5, 0, 0.0000660472001514628478722343, 6408.116, -1642.728, -6.594189, 0.004862703, 0.07868536, 123.1141, 1.197924, 0.743877, 0.7735416
 
36.91981, 0.001495391, -0.01092371, 5, 0, 0.0000658701248578177811084506, 6415.843, -1642.728, -6.594189, 0.004862703, 0.07868536, 123.1794, 1.197924, 0.743877, 0.7735416
 
36.92981, 0.001507422, -0.01090876, 5, 0, 0.0000656873964297981020266208, 6423.572, -1642.728, -6.594189, 0.004862703, 0.07868536, 123.2446, 1.197924, 0.743877, 0.7735416
 
36.93981, 0.001495269, -0.01089368, 5, 0, 0.0000655273930394636256810388, 6431.299, -1642.728, -6.594189, 0.004862703, 0.07868536, 123.3098, 1.197924, 0.743877, 0.7735416
 
36.94981, 0.001493555, -0.01087873, 5, 0, 0.0000653585302594373810649526, 6439.032, -1642.728, -6.594189, 0.004862703, 0.07868536, 123.375, 1.197924, 0.743877, 0.7735416
 
36.9598, 0.001494875, -0.01086379, 5, 0, 0.0000651873049754935034643556, 6446.766, -1642.728, -6.594189, 0.004862703, 0.07868536, 123.4401, 1.197924, 0.743877, 0.7735416
 
36.9698, 0.001504445, -0.01084884, 5, 0, 0.0000650085421790501964879129, 6454.504, -1642.728, -6.594189, 0.004862703, 0.07868536, 123.5052, 1.197924, 0.743877, 0.7735416
 
36.9798, 0.001481128, -0.0108338, 5, 0, 0.0000648607450589573610444607, 6462.244, -1642.728, -6.594189, 0.004862703, 0.07868536, 123.5702, 1.197924, 0.743877, 0.7735416
 
36.9898, 0.001476957, -0.01081899, 5, 0, 0.0000646966072867667046866905, 6469.983, -1642.728, -6.594189, 0.004862703, 0.07868536, 123.6352, 1.197924, 0.743877, 0.7735416
 
36.9998, 0.001475948, -0.01080422, 5, 0, 0.0000645301070106582541997623, 6477.728, -1642.728, -6.594189, 0.004862703, 0.07868536, 123.7002, 1.197924, 0.743877, 0.7735416
 
37.0098, 0.001482657, -0.01078946, 5, 0, 0.0000643567442231697671088402, 6485.473, -1642.728, -6.594189, 0.004862703, 0.07868536, 123.7651, 1.197924, 0.743877, 0.7735416
 
37.01979, 0.001453337, -0.01077463, 5, 0, 0.0000642173283669755617198868, 6493.22, -1642.728, -6.594189, 0.004862703, 0.07868536, 123.83, 1.197924, 0.743877, 0.7735416
 
37.02979, 0.001449077, -0.0107601, 5, 0, 0.0000640564249751485079636200, 6500.971, -1642.728, -6.594189, 0.004862703, 0.07868536, 123.8949, 1.197924, 0.743877, 0.7735416
 
37.03979, 0.001444503, -0.01074561, 5, 0, 0.0000638964215848138704733909, 6508.723, -1642.728, -6.594189, 0.004862703, 0.07868536, 123.9597, 1.197924, 0.743877, 0.7735416
 
37.04979, 0.001442298, -0.01073116, 5, 0, 0.0000637348150668209772962269, 6516.479, -1642.728, -6.594189, 0.004862703, 0.07868536, 124.0245, 1.197924, 0.743877, 0.7735416
 
37.05979, 0.001451, -0.01071674, 5, 0, 0.0000635635335327837229635981, 6524.235, -1642.728, -6.594189, 0.004862703, 0.07868536, 124.0893, 1.197924, 0.743877, 0.7735416
 
37.06979, 0.00143753, -0.01070223, 5, 0, 0.0000634128395328870618768920, 6531.994, -1642.728, -6.594189, 0.004862703, 0.07868536, 124.154, 1.197924, 0.743877, 0.7735416
 
37.07978, 0.00142676, -0.01068786, 5, 0, 0.0000632607955307514541018351, 6539.751, -1642.728, -6.594189, 0.004862703, 0.07868536, 124.2186, 1.197924, 0.743877, 0.7735416
 
37.08978, 0.001428198, -0.01067359, 5, 0, 0.0000630983452613591991013710, 6547.514, -1642.728, -6.594189, 0.004862703, 0.07868536, 124.2833, 1.197924, 0.743877, 0.7735416
 
37.09978, 0.001439575, -0.01065931, 5, 0, 0.0000629268668519955290682486, 6555.276, -1642.728, -6.594189, 0.004862703, 0.07868536, 124.3479, 1.197924, 0.743877, 0.7735416
 
37.10978, 0.001446172, -0.01064491, 5, 0, 0.0000627595509495346468410068, 6563.046, -1642.728, -6.594189, 0.004862703, 0.07868536, 124.4124, 1.197924, 0.743877, 0.7735416
 
37.11978, 0.001429379, -0.01063045, 5, 0, 0.0000626139757081264054136038, 6570.816, -1642.728, -6.594189, 0.004862703, 0.07868536, 124.477, 1.197924, 0.743877, 0.7735416
 
37.12978, 0.001412243, -0.01061616, 5, 0, 0.0000624700598444697964051675, 6578.585, -1642.728, -6.594189, 0.004862703, 0.07868536, 124.5414, 1.197924, 0.743877, 0.7735416
 
37.13977, 0.001412529, -0.01060203, 5, 0, 0.0000623113220812341210775650, 6586.359, -1642.728, -6.594189, 0.004862703, 0.07868536, 124.6059, 1.197924, 0.743877, 0.7735416
 
37.14977, 0.00141714, -0.01058791, 5, 0, 0.0000621488999368884738707933, 6594.135, -1642.728, -6.594189, 0.004862703, 0.07868536, 124.6703, 1.197924, 0.743877, 0.7735416
 
37.15977, 0.001425383, -0.01057374, 5, 0, 0.0000619831871620860084751334, 6601.914, -1642.728, -6.594189, 0.004862703, 0.07868536, 124.7347, 1.197924, 0.743877, 0.7735416
 
37.16977, 0.001397935, -0.01055948, 5, 0, 0.0000618504088168988161959880, 6609.692, -1642.728, -6.594189, 0.004862703, 0.07868536, 124.799, 1.197924, 0.743877, 0.7735416
 
37.17977, 0.00138294, -0.0105455, 5, 0, 0.0000617080398308075695763960, 6617.473, -1642.728, -6.594189, 0.004862703, 0.07868536, 124.8633, 1.197924, 0.743877, 0.7735416
 
37.18977, 0.001375329, -0.01053167, 5, 0, 0.0000615600739604349262261426, 6625.258, -1642.728, -6.594189, 0.004862703, 0.07868536, 124.9276, 1.197924, 0.743877, 0.7735416
 
37.19976, 0.001372137, -0.01051792, 5, 0, 0.0000614088174596053035423541, 6633.042, -1642.728, -6.594189, 0.004862703, 0.07868536, 124.9918, 1.197924, 0.743877, 0.7735416
 
37.20976, 0.001384885, -0.0105042, 5, 0, 0.0000612433859352692383729120, 6640.83, -1642.728, -6.594189, 0.004862703, 0.07868536, 125.056, 1.197924, 0.743877, 0.7735416
 
37.21976, 0.001400203, -0.01049035, 5, 0, 0.0000610751981563623865286777, 6648.621, -1642.728, -6.594189, 0.004862703, 0.07868536, 125.1202, 1.197924, 0.743877, 0.7735416
 
37.22976, 0.001381753, -0.01047635, 5, 0, 0.0000609375541781065670227545, 6656.41, -1642.728, -6.594189, 0.004862703, 0.07868536, 125.1843, 1.197924, 0.743877, 0.7735416
 
37.23976, 0.001374282, -0.01046253, 5, 0, 0.0000607911914353925016487302, 6664.203, -1642.728, -6.594189, 0.004862703, 0.07868536, 125.2483, 1.197924, 0.743877, 0.7735416
 
37.24976, 0.001370392, -0.01044879, 5, 0, 0.0000606423255635272808877920, 6671.999, -1642.728, -6.594189, 0.004862703, 0.07868536, 125.3124, 1.197924, 0.743877, 0.7735416
 
37.25975, 0.001370115, -0.01043509, 5, 0, 0.0000604907034370914345967088, 6679.797, -1642.728, -6.594189, 0.004862703, 0.07868536, 125.3764, 1.197924, 0.743877, 0.7735416
 
37.26975, 0.001372819, -0.01042138, 5, 0, 0.0000603366906816911863827752, 6687.597, -1642.728, -6.594189, 0.004862703, 0.07868536, 125.4403, 1.197924, 0.743877, 0.7735416
 
37.27975, 0.001384869, -0.01040766, 5, 0, 0.0000601743529124855237017276, 6695.396, -1642.728, -6.594189, 0.004862703, 0.07868536, 125.5043, 1.197924, 0.743877, 0.7735416
 
37.28975, 0.001362497, -0.01039381, 5, 0, 0.0000600430370697235481410553, 6703.201, -1642.728, -6.594189, 0.004862703, 0.07868536, 125.5682, 1.197924, 0.743877, 0.7735416
 
37.29975, 0.001344241, -0.01038018, 5, 0, 0.0000599096118484637320283974, 6711.004, -1642.728, -6.594189, 0.004862703, 0.07868536, 125.632, 1.197924, 0.743877, 0.7735416
 
37.30975, 0.001339492, -0.01036674, 5, 0, 0.0000597652459840610760315893, 6718.811, -1642.728, -6.594189, 0.004862703, 0.07868536, 125.6958, 1.197924, 0.743877, 0.7735416
 
37.31974, 0.001337214, -0.01035334, 5, 0, 0.0000596192207419064653265203, 6726.621, -1642.728, -6.594189, 0.004862703, 0.07868536, 125.7596, 1.197924, 0.743877, 0.7735416
 
37.32974, 0.001338163, -0.01033997, 5, 0, 0.0000594707486206942371112162, 6734.431, -1642.728, -6.594189, 0.004862703, 0.07868536, 125.8233, 1.197924, 0.743877, 0.7735416
 
37.33974, 0.001353371, -0.01032659, 5, 0, 0.0000593095921034475520670712, 6742.243, -1642.728, -6.594189, 0.004862703, 0.07868536, 125.887, 1.197924, 0.743877, 0.7735416
 
37.34974, 0.001364491, -0.01031306, 5, 0, 0.0000591516137164709317477506, 6750.058, -1642.728, -6.594189, 0.004862703, 0.07868536, 125.9506, 1.197924, 0.743877, 0.7735416
 
37.35974, 0.001382784, -0.01029941, 5, 0, 0.0000589868290682076515564679, 6757.875, -1642.728, -6.594189, 0.004862703, 0.07868536, 126.0143, 1.197924, 0.743877, 0.7735416
 
37.36974, 0.001362382, -0.01028558, 5, 0, 0.0000588563288517984300254034, 6765.693, -1642.728, -6.594189, 0.004862703, 0.07868536, 126.0778, 1.197924, 0.743877, 0.7735416
 
37.37973, 0.00135757, -0.01027196, 5, 0, 0.0000587132286144944139019277, 6773.512, -1642.728, -6.594189, 0.004862703, 0.07868536, 126.1414, 1.197924, 0.743877, 0.7735416
 
37.38973, 0.001349249, -0.01025838, 5, 0, 0.0000585738690083935852450061, 6781.334, -1642.728, -6.594189, 0.004862703, 0.07868536, 126.2049, 1.197924, 0.743877, 0.7735416
 
37.39973, 0.001343543, -0.01024489, 5, 0, 0.0000584329343996807864055478, 6789.163, -1642.728, -6.594189, 0.004862703, 0.07868536, 126.2684, 1.197924, 0.743877, 0.7735416
 
37.40973, 0.001342834, -0.01023146, 5, 0, 0.0000582881747846251378631055, 6796.987, -1642.728, -6.594189, 0.004862703, 0.07868536, 126.3318, 1.197924, 0.743877, 0.7735416
 
37.41973, 0.001356128, -0.01021803, 5, 0, 0.0000581311807742810794801939, 6804.813, -1642.728, -6.594189, 0.004862703, 0.07868536, 126.3952, 1.197924, 0.743877, 0.7735416
 
37.42973, 0.001367572, -0.01020447, 5, 0, 0.0000579753961409424453832301, 6812.645, -1642.728, -6.594189, 0.004862703, 0.07868536, 126.4586, 1.197924, 0.743877, 0.7735416
 
37.43972, 0.00134524, -0.01019079, 5, 0, 0.0000578495928073220431721420, 6820.479, -1642.728, -6.594189, 0.004862703, 0.07868536, 126.5219, 1.197924, 0.743877, 0.7735416
 
37.44972, 0.001319999, -0.01017734, 5, 0, 0.0000577279519806042676222875, 6828.314, -1642.728, -6.594189, 0.004862703, 0.07868536, 126.5852, 1.197924, 0.743877, 0.7735416
 
37.45972, 0.001307395, -0.01016414, 5, 0, 0.0000575967486380290455256788, 6836.149, -1642.728, -6.594189, 0.004862703, 0.07868536, 126.6484, 1.197924, 0.743877, 0.7735416
 
37.46972, 0.001299628, -0.01015107, 5, 0, 0.0000574621984149036285081501, 6843.99, -1642.728, -6.594189, 0.004862703, 0.07868536, 126.7116, 1.197924, 0.743877, 0.7735416
 
37.47972, 0.001299524, -0.01013807, 5, 0, 0.0000573215731817039988332490, 6851.829, -1642.728, -6.594189, 0.004862703, 0.07868536, 126.7748, 1.197924, 0.743877, 0.7735416
 
37.48972, 0.001304167, -0.01012507, 5, 0, 0.0000571770385670213737849925, 6859.669, -1642.728, -6.594189, 0.004862703, 0.07868536, 126.8379, 1.197924, 0.743877, 0.7735416
 
37.49971, 0.001306606, -0.01011203, 5, 0, 0.0000570345008306501581139522, 6867.513, -1642.728, -6.594189, 0.004862703, 0.07868536, 126.901, 1.197924, 0.743877, 0.7735416
 
37.50971, 0.001312645, -0.01009897, 5, 0, 0.0000568889537142885244802416, 6875.358, -1642.728, -6.594189, 0.004862703, 0.07868536, 126.9641, 1.197924, 0.743877, 0.7735416
 
37.51971, 0.001334846, -0.01008584, 5, 0, 0.0000567290065740472637220443, 6883.202, -1642.728, -6.594189, 0.004862703, 0.07868536, 127.0271, 1.197924, 0.743877, 0.7735416
 
37.52971, 0.001350293, -0.01007249, 5, 0, 0.0000565741219422012070357653, 6891.052, -1642.728, -6.594189, 0.004862703, 0.07868536, 127.0901, 1.197924, 0.743877, 0.7735416
 
37.53971, 0.001324706, -0.01005899, 5, 0, 0.0000564550404947276413155623, 6898.904, -1642.728, -6.594189, 0.004862703, 0.07868536, 127.153, 1.197924, 0.743877, 0.7735416
 
37.54971, 0.00130441, -0.01004574, 5, 0, 0.0000563330340424036421584130, 6906.757, -1642.728, -6.594189, 0.004862703, 0.07868536, 127.2159, 1.197924, 0.743877, 0.7735416
 
37.5597, 0.001295537, -0.0100327, 5, 0, 0.0000562023369506678437822078, 6914.61, -1642.728, -6.594189, 0.004862703, 0.07868536, 127.2788, 1.197924, 0.743877, 0.7735416
 
37.5697, 0.001290432, -0.01001974, 5, 0, 0.0000560690804796878355763511, 6922.467, -1642.728, -6.594189, 0.004862703, 0.07868536, 127.3416, 1.197924, 0.743877, 0.7735416
 
37.5797, 0.001280179, -0.01000684, 5, 0, 0.0000559409708922430159681369, 6930.324, -1642.728, -6.594189, 0.004862703, 0.07868536, 127.4044, 1.197924, 0.743877, 0.7735416
 
37.5897, 0.00128307, -0.009994035, 5, 0, 0.0000558021175369816110316189, 6938.182, -1642.728, -6.594189, 0.004862703, 0.07868536, 127.4672, 1.197924, 0.743877, 0.7735416
 
37.5997, 0.001286093, -0.009981204, 5, 0, 0.0000556632923067669750334403, 6946.046, -1642.728, -6.594189, 0.004862703, 0.07868536, 127.5299, 1.197924, 0.743877, 0.7735416
 
37.6097, 0.001288972, -0.009968343, 5, 0, 0.0000555247202019719703231400, 6953.909, -1642.728, -6.594189, 0.004862703, 0.07868536, 127.5926, 1.197924, 0.743877, 0.7735416
 
37.61969, 0.001288727, -0.009955454, 5, 0, 0.0000553890168519343446070483, 6961.773, -1642.728, -6.594189, 0.004862703, 0.07868536, 127.6552, 1.197924, 0.743877, 0.7735416
 
37.62969, 0.001303796, -0.009942566, 5, 0, 0.0000552402072301625005781419, 6969.64, -1642.728, -6.594189, 0.004862703, 0.07868536, 127.7178, 1.197924, 0.743877, 0.7735416
 
37.63969, 0.001276798, -0.009929528, 5, 0, 0.0000551277351686493401740544, 6977.506, -1642.728, -6.594189, 0.004862703, 0.07868536, 127.7803, 1.197924, 0.743877, 0.7735416
 
37.64969, 0.001260307, -0.00991676, 5, 0, 0.0000550078099697767349198455, 6985.376, -1642.728, -6.594189, 0.004862703, 0.07868536, 127.8428, 1.197924, 0.743877, 0.7735416
 
37.65969, 0.001244661, -0.009904157, 5, 0, 0.0000548883347716503377986553, 6993.25, -1642.728, -6.594189, 0.004862703, 0.07868536, 127.9053, 1.197924, 0.743877, 0.7735416
 
37.66969, 0.001235557, -0.009891711, 5, 0, 0.0000547643033159681603259505, 7001.121, -1642.728, -6.594189, 0.004862703, 0.07868536, 127.9678, 1.197924, 0.743877, 0.7735416
 
37.67968, 0.001230044, -0.009879355, 5, 0, 0.0000546379374814149576624271, 7008.992, -1642.728, -6.594189, 0.004862703, 0.07868536, 128.0302, 1.197924, 0.743877, 0.7735416
 
37.68968, 0.001227045, -0.009867055, 5, 0, 0.0000545099403941567303736294, 7016.87, -1642.728, -6.594189, 0.004862703, 0.07868536, 128.0925, 1.197924, 0.743877, 0.7735416
 
37.69968, 0.001217671, -0.009854785, 5, 0, 0.0000543879058167859622781406, 7024.748, -1642.728, -6.594189, 0.004862703, 0.07868536, 128.1549, 1.197924, 0.743877, 0.7735416
 
37.70968, 0.001216995, -0.009842608, 5, 0, 0.0000542591212282217498980746, 7032.627, -1642.728, -6.594189, 0.004862703, 0.07868536, 128.2171, 1.197924, 0.743877, 0.7735416
 
37.71968, 0.001219019, -0.009830439, 5, 0, 0.0000541283116362993592024529, 7040.509, -1642.728, -6.594189, 0.004862703, 0.07868536, 128.2794, 1.197924, 0.743877, 0.7735416
 
37.72968, 0.001223019, -0.009818248, 5, 0, 0.0000539959551668119284072811, 7048.393, -1642.728, -6.594189, 0.004862703, 0.07868536, 128.3416, 1.197924, 0.743877, 0.7735416
 
37.73967, 0.001222522, -0.009806018, 5, 0, 0.0000538675362038539396345097, 7056.278, -1642.728, -6.594189, 0.004862703, 0.07868536, 128.4038, 1.197924, 0.743877, 0.7735416
 
37.74967, 0.001227132, -0.009793793, 5, 0, 0.0000537349828590399319941973, 7064.166, -1642.728, -6.594189, 0.004862703, 0.07868536, 128.4659, 1.197925, 0.743877, 0.7735416
 
37.75967, 0.001230643, -0.009781522, 5, 0, 0.0000536034138908583251456467, 7072.054, -1642.728, -6.594189, 0.004862703, 0.07868536, 128.528, 1.197925, 0.743877, 0.7735416
 
37.76967, 0.001241541, -0.009769215, 5, 0, 0.0000534655449122294821455377, 7079.946, -1642.728, -6.594189, 0.004862703, 0.07868536, 128.5901, 1.197925, 0.743877, 0.7735416
 
37.77967, 0.001244465, -0.0097568, 5, 0, 0.0000533342571945142755232048, 7087.84, -1642.728, -6.594189, 0.004862703, 0.07868536, 128.6521, 1.197925, 0.743877, 0.7735416
 
37.78967, 0.00125179, -0.009744355, 5, 0, 0.0000531993132207358659600420, 7095.732, -1642.728, -6.594189, 0.004862703, 0.07868536, 128.7141, 1.197925, 0.743877, 0.7735416
 
37.79966, 0.001260576, -0.009731838, 5, 0, 0.0000530629629946254552657908, 7103.629, -1642.728, -6.594189, 0.004862703, 0.07868536, 128.7761, 1.197925, 0.743877, 0.7735416
 
37.80966, 0.001272978, -0.009719232, 5, 0, 0.0000529232940130116185889592, 7111.528, -1642.728, -6.594189, 0.004862703, 0.07868536, 128.838, 1.197925, 0.743877, 0.7735416
 
37.81966, 0.001277204, -0.009706503, 5, 0, 0.0000527902906674514028156278, 7119.426, -1642.728, -6.594189, 0.004862703, 0.07868536, 128.8999, 1.197925, 0.743877, 0.7735416
 
37.82966, 0.001294576, -0.009693731, 5, 0, 0.0000526460373032351779935891, 7127.326, -1642.728, -6.594189, 0.004862703, 0.07868536, 128.9617, 1.197925, 0.743877, 0.7735416
 
37.83966, 0.001303046, -0.009680785, 5, 0, 0.0000525087589505855820949607, 7135.228, -1642.728, -6.594189, 0.004862703, 0.07868536, 129.0235, 1.197925, 0.743877, 0.7735416
 
37.84966, 0.001315044, -0.009667755, 5, 0, 0.0000523683024676657603268607, 7143.131, -1642.728, -6.594189, 0.004862703, 0.07868536, 129.0853, 1.197925, 0.743877, 0.7735416
 
37.85965, 0.001291463, -0.009654605, 5, 0, 0.0000522579116596041549703606, 7151.034, -1642.728, -6.594189, 0.004862703, 0.07868536, 129.147, 1.197925, 0.743877, 0.7735416
 
37.86965, 0.001270232, -0.00964169, 5, 0, 0.0000521469864756561958104704, 7158.944, -1642.728, -6.594189, 0.004862703, 0.07868536, 129.2087, 1.197925, 0.743877, 0.7735416
 
37.87965, 0.001241996, -0.009628988, 5, 0, 0.0000520434863040212348516566, 7166.854, -1642.728, -6.594189, 0.004862703, 0.07868536, 129.2703, 1.197925, 0.743877, 0.7735416
 
37.88965, 0.00121927, -0.009616568, 5, 0, 0.0000519370611275356793112494, 7174.762, -1642.728, -6.594189, 0.004862703, 0.07868536, 129.3319, 1.197925, 0.743877, 0.7735416
 
37.89965, 0.001202125, -0.009604375, 5, 0, 0.0000518273453205933055819541, 7182.675, -1642.728, -6.594189, 0.004862703, 0.07868536, 129.3935, 1.197925, 0.743877, 0.7735416
 
37.90965, 0.001186482, -0.009592353, 5, 0, 0.0000517175451385111084715817, 7190.586, -1642.728, -6.594189, 0.004862703, 0.07868536, 129.455, 1.197925, 0.743877, 0.7735416
 
37.91964, 0.00117562, -0.009580488, 5, 0, 0.0000516047637014849400475843, 7198.5, -1642.728, -6.594189, 0.004862703, 0.07868536, 129.5165, 1.197925, 0.743877, 0.7735416
 
37.92964, 0.001165849, -0.009568732, 5, 0, 0.0000514918978893189482425098, 7206.416, -1642.728, -6.594189, 0.004862703, 0.07868536, 129.578, 1.197925, 0.743877, 0.7735416
 
37.93964, 0.001150925, -0.009557074, 5, 0, 0.0000513841789606879838904306, 7214.333, -1642.728, -6.594189, 0.004862703, 0.07868536, 129.6394, 1.197925, 0.743877, 0.7735416
 
37.94964, 0.001137009, -0.009545565, 5, 0, 0.0000512766287823368274451527, 7222.252, -1642.728, -6.594189, 0.004862703, 0.07868536, 129.7007, 1.197925, 0.743877, 0.7735416
 
37.95964, 0.001130549, -0.009534194, 5, 0, 0.0000511637629701708356400781, 7230.174, -1642.728, -6.594189, 0.004862703, 0.07868536, 129.7621, 1.197925, 0.743877, 0.7735416
 
37.96964, 0.001121428, -0.009522889, 5, 0, 0.0000510537096626688460971805, 7238.097, -1642.728, -6.594189, 0.004862703, 0.07868536, 129.8234, 1.197925, 0.743877, 0.7735416
 
37.97963, 0.001109926, -0.009511675, 5, 0, 0.0000509464407347840898781202, 7246.019, -1642.728, -6.594189, 0.004862703, 0.07868536, 129.8846, 1.197925, 0.743877, 0.7735416
 
37.98963, 0.001105272, -0.009500575, 5, 0, 0.0000508342217986907219065581, 7253.945, -1642.728, -6.594189, 0.004862703, 0.07868536, 129.9459, 1.197925, 0.743877, 0.7735416
 
37.99963, 0.001137404, -0.009489522, 5, 0, 0.0000506915153120396983287166, 7261.873, -1642.728, -6.594189, 0.004862703, 0.07868536, 130.007, 1.197925, 0.743877, 0.7735416
 
38.00963, 0.001164148, -0.009478148, 5, 0, 0.0000505519025805190772392697, 7269.8, -1642.728, -6.594189, 0.004862703, 0.07868536, 130.0682, 1.197925, 0.743877, 0.7735416
 
38.01963, 0.001204353, -0.009466507, 5, 0, 0.0000503998023282904150214752, 7277.729, -1642.728, -6.594189, 0.004862703, 0.07868536, 130.1293, 1.197925, 0.743877, 0.7735416
 
38.02962, 0.001229398, -0.009454463, 5, 0, 0.0000502585864691113771004463, 7285.66, -1642.728, -6.594189, 0.004862703, 0.07868536, 130.1904, 1.197925, 0.743877, 0.7735416
 
38.03962, 0.001246262, -0.009442168, 5, 0, 0.0000501231643695399904659252, 7293.593, -1642.728, -6.594189, 0.004862703, 0.07868536, 130.2514, 1.197925, 0.743877, 0.7735416
 
38.04962, 0.001264463, -0.009429705, 5, 0, 0.0000499859985170771480313604, 7301.527, -1642.728, -6.594189, 0.004862703, 0.07868536, 130.3124, 1.197925, 0.743877, 0.7735416
 
38.05962, 0.001253141, -0.009417061, 5, 0, 0.0000498728233293979870617287, 7309.463, -1642.728, -6.594189, 0.004862703, 0.07868536, 130.3733, 1.197925, 0.743877, 0.7735416
 
38.06962, 0.001229548, -0.00940453, 5, 0, 0.0000497707294100950272340033, 7317.401, -1642.728, -6.594189, 0.004862703, 0.07868536, 130.4342, 1.197925, 0.743877, 0.7735416
 
38.07962, 0.001203618, -0.009392234, 5, 0, 0.0000496720948715288546466142, 7325.341, -1642.728, -6.594189, 0.004862703, 0.07868536, 130.4951, 1.197925, 0.743877, 0.7735416
 
38.08961, 0.001187778, -0.009380198, 5, 0, 0.0000495666540716756998979689, 7333.279, -1642.728, -6.594189, 0.004862703, 0.07868536, 130.5559, 1.197925, 0.743877, 0.7735416
 
38.09961, 0.001174715, -0.00936832, 5, 0, 0.0000494599757697705130696835, 7341.223, -1642.728, -6.594189, 0.004862703, 0.07868536, 130.6167, 1.197925, 0.743877, 0.7735416
 
38.10961, 0.0011523, -0.009356573, 5, 0, 0.0000493619881072769643158068, 7349.164, -1642.728, -6.594189, 0.004862703, 0.07868536, 130.6775, 1.197925, 0.743877, 0.7735416
 
38.11961, 0.001142449, -0.00934505, 5, 0, 0.0000492549723048120005292719, 7357.108, -1642.728, -6.594189, 0.004862703, 0.07868536, 130.7382, 1.197925, 0.743877, 0.7735416
 
38.12961, 0.001122824, -0.009333625, 5, 0, 0.0000491568158920386438685940, 7365.054, -1642.728, -6.594189, 0.004862703, 0.07868536, 130.7989, 1.197925, 0.743877, 0.7735416
 
38.13961, 0.001105902, -0.009322397, 5, 0, 0.0000490576751026328864161542, 7373.001, -1642.728, -6.594189, 0.004862703, 0.07868536, 130.8595, 1.197925, 0.743877, 0.7735416
 
38.1496, 0.001135345, -0.009311338, 5, 0, 0.0000489212405013824911961789, 7380.947, -1642.728, -6.594189, 0.004862703, 0.07868536, 130.9201, 1.197925, 0.743877, 0.7735416
 
38.1596, 0.00115838, -0.009299984, 5, 0, 0.0000487887996567550758752829, 7388.897, -1642.728, -6.594189, 0.004862703, 0.07868536, 130.9807, 1.197925, 0.743877, 0.7735416
 
38.1696, 0.001172365, -0.0092884, 5, 0, 0.0000486628838229480813447784, 7396.85, -1642.728, -6.594189, 0.004862703, 0.07868536, 131.0412, 1.197925, 0.743877, 0.7735416
 
38.1796, 0.001180539, -0.009276677, 5, 0, 0.0000485412992463236825269556, 7404.804, -1642.728, -6.594189, 0.004862703, 0.07868536, 131.1017, 1.197925, 0.743877, 0.7735416
 
38.1896, 0.001195943, -0.009264871, 5, 0, 0.0000484135552844852476706833, 7412.757, -1642.728, -6.594189, 0.004862703, 0.07868536, 131.1622, 1.197925, 0.743877, 0.7735416
 
38.1996, 0.001202245, -0.009252912, 5, 0, 0.0000482927582091666727994818, 7420.715, -1642.728, -6.594189, 0.004862703, 0.07868536, 131.2226, 1.197925, 0.743877, 0.7735416
 
38.20959, 0.001203246, -0.00924089, 5, 0, 0.0000481762361409374780535774, 7428.67, -1642.728, -6.594189, 0.004862703, 0.07868536, 131.283, 1.197925, 0.743877, 0.7735416
 
38.21959, 0.001211394, -0.009228857, 5, 0, 0.0000480540328132869020512874, 7436.629, -1642.728, -6.594189, 0.004862703, 0.07868536, 131.3433, 1.197925, 0.743877, 0.7735416
 
38.22959, 0.001216798, -0.009216744, 5, 0, 0.0000479338826140411121582455, 7444.591, -1642.728, -6.594189, 0.004862703, 0.07868536, 131.4036, 1.197925, 0.743877, 0.7735416
 
38.23959, 0.001213694, -0.009204576, 5, 0, 0.0000478207074263621123332609, 7452.549, -1642.728, -6.594189, 0.004862703, 0.07868536, 131.4638, 1.197925, 0.743877, 0.7735416
 
38.24959, 0.001214839, -0.009192439, 5, 0, 0.0000477044384835525488752347, 7460.513, -1642.728, -6.594189, 0.004862703, 0.07868536, 131.524, 1.197925, 0.743877, 0.7735416
 
38.25959, 0.001210319, -0.009180291, 5, 0, 0.0000475929789237185582012486, 7468.477, -1642.728, -6.594189, 0.004862703, 0.07868536, 131.5842, 1.197925, 0.743877, 0.7735416
 
38.26958, 0.001203658, -0.009168187, 5, 0, 0.0000474837412425690003986646, 7476.44, -1642.728, -6.594189, 0.004862703, 0.07868536, 131.6444, 1.197925, 0.743877, 0.7735416
 
38.27958, 0.001201236, -0.009156151, 5, 0, 0.0000473716348066622247465190, 7484.405, -1642.728, -6.594189, 0.004862703, 0.07868536, 131.7045, 1.197925, 0.743877, 0.7735416
 
38.28958, 0.001187068, -0.009144139, 5, 0, 0.0000472694283871728337440241, 7492.375, -1642.728, -6.594189, 0.004862703, 0.07868536, 131.7645, 1.197925, 0.743877, 0.7735416
 
38.29958, 0.00117109, -0.009132268, 5, 0, 0.0000471696688467408991071172, 7500.346, -1642.728, -6.594189, 0.004862703, 0.07868536, 131.8246, 1.197925, 0.743877, 0.7735416
 
38.30958, 0.001159408, -0.009120557, 5, 0, 0.0000470674624272513469599753, 7508.316, -1642.728, -6.594189, 0.004862703, 0.07868536, 131.8845, 1.197925, 0.743877, 0.7735416
 
38.31958, 0.001148701, -0.009108963, 5, 0, 0.0000469652841328085637511728, 7516.288, -1642.728, -6.594189, 0.004862703, 0.07868536, 131.9445, 1.197925, 0.743877, 0.7735416
 
38.32957, 0.001135833, -0.009097476, 5, 0, 0.0000468656652176099903720218, 7524.258, -1642.728, -6.594189, 0.004862703, 0.07868536, 132.0044, 1.197925, 0.743877, 0.7735416
 
38.33957, 0.001117772, -0.009086118, 5, 0, 0.0000467711088108064599201420, 7532.232, -1642.728, -6.594189, 0.004862703, 0.07868536, 132.0642, 1.197925, 0.743877, 0.7735416
 
38.34957, 0.001100732, -0.00907494, 5, 0, 0.0000466768617795160986328194, 7540.208, -1642.728, -6.594189, 0.004862703, 0.07868536, 132.1241, 1.197925, 0.743877, 0.7735416
 
38.35957, 0.001081459, -0.009063933, 5, 0, 0.0000465854835029829551950584, 7548.187, -1642.728, -6.594189, 0.004862703, 0.07868536, 132.1839, 1.197925, 0.743877, 0.7735416
 
38.36957, 0.001057095, -0.009053119, 5, 0, 0.0000464994489853114160554333, 7556.164, -1642.728, -6.594189, 0.004862703, 0.07868536, 132.2436, 1.197925, 0.743877, 0.7735416
 
38.37957, 0.00103711, -0.009042548, 5, 0, 0.0000464113332141884830128680, 7564.142, -1642.728, -6.594189, 0.004862703, 0.07868536, 132.3033, 1.197925, 0.743877, 0.7735416
 
38.38956, 0.001008721, -0.009032177, 5, 0, 0.0000463312049563113486238143, 7572.125, -1642.728, -6.594189, 0.004862703, 0.07868536, 132.363, 1.197925, 0.743877, 0.7735416
 
38.39956, 0.0009816509, -0.00902209, 5, 0, 0.0000462516673244136224808884, 7580.104, -1642.728, -6.594189, 0.004862703, 0.07868536, 132.4226, 1.197925, 0.743877, 0.7735416
 
38.40956, 0.0009527684, -0.009012274, 5, 0, 0.0000461751671975529220943251, 7588.086, -1642.728, -6.594189, 0.004862703, 0.07868536, 132.4822, 1.197925, 0.743877, 0.7735416
 
38.41956, 0.0009697122, -0.009002746, 5, 0, 0.0000460634263872525311941214, 7596.068, -1642.728, -6.594189, 0.004862703, 0.07868536, 132.5418, 1.197925, 0.743877, 0.7735416
 
38.42956, 0.0009879873, -0.008993049, 5, 0, 0.0000459499418240603622045797, 7604.054, -1642.728, -6.594189, 0.004862703, 0.07868536, 132.6013, 1.197925, 0.743877, 0.7735416
 
38.43956, 0.0009950689, -0.00898317, 5, 0, 0.0000458447541496269998884597, 7612.039, -1642.728, -6.594189, 0.004862703, 0.07868536, 132.6608, 1.197925, 0.743877, 0.7735416
 
38.44955, 0.000988496, -0.008973219, 5, 0, 0.0000457503664931034384880282, 7620.028, -1642.728, -6.594189, 0.004862703, 0.07868536, 132.7202, 1.197925, 0.743877, 0.7735416
 
38.45955, 0.0009813511, -0.008963334, 5, 0, 0.0000456569632132122778793587, 7628.016, -1642.728, -6.594189, 0.004862703, 0.07868536, 132.7796, 1.197925, 0.743877, 0.7735416
 
38.46955, 0.0009829117, -0.008953521, 5, 0, 0.0000455571474226871276550671, 7636.005, -1642.728, -6.594189, 0.004862703, 0.07868536, 132.8389, 1.197925, 0.743877, 0.7735416
 
38.47955, 0.00100969, -0.008943692, 5, 0, 0.0000454372503488611301945504, 7643.999, -1642.728, -6.594189, 0.004862703, 0.07868536, 132.8983, 1.197925, 0.743877, 0.7735416
 
38.48955, 0.001036618, -0.008933595, 5, 0, 0.0000453161157729829395097466, 7651.992, -1642.728, -6.594189, 0.004862703, 0.07868536, 132.9576, 1.197925, 0.743877, 0.7735416
 
38.49955, 0.001048256, -0.008923229, 5, 0, 0.0000452060624654807888222018, 7659.986, -1642.728, -6.594189, 0.004862703, 0.07868536, 133.0168, 1.197925, 0.743877, 0.7735416
 
38.50954, 0.001064054, -0.008912746, 5, 0, 0.0000450922685267756118127501, 7667.982, -1642.728, -6.594189, 0.004862703, 0.07868536, 133.076, 1.197925, 0.743877, 0.7735416
 
38.51954, 0.001071204, -0.008902106, 5, 0, 0.0000449848027235644398931963, 7675.979, -1642.728, -6.594189, 0.004862703, 0.07868536, 133.1352, 1.197925, 0.743877, 0.7735416
 
38.52954, 0.001073306, -0.008891393, 5, 0, 0.0000448812463018362633469977, 7683.975, -1642.728, -6.594189, 0.004862703, 0.07868536, 133.1943, 1.197925, 0.743877, 0.7735416
 
38.53954, 0.001076721, -0.00888066, 5, 0, 0.0000447766773784290782153449, 7691.975, -1642.728, -6.594189, 0.004862703, 0.07868536, 133.2534, 1.197925, 0.743877, 0.7735416
 
38.54954, 0.001117448, -0.008869893, 5, 0, 0.0000446425771560498693308352, 7699.971, -1642.728, -6.594189, 0.004862703, 0.07868536, 133.3125, 1.197925, 0.743877, 0.7735416
 
38.55954, 0.001153793, -0.008858718, 5, 0, 0.0000445100800613290772779074, 7707.974, -1642.728, -6.594189, 0.004862703, 0.07868536, 133.3715, 1.197925, 0.743877, 0.7735416
 
38.56953, 0.001179876, -0.00884718, 5, 0, 0.0000443841361024754749537105, 7715.976, -1642.728, -6.594189, 0.004862703, 0.07868536, 133.4304, 1.197925, 0.743877, 0.7735416
 
38.57953, 0.001202388, -0.008835381, 5, 0, 0.0000442599640215602585125439, 7723.976, -1642.728, -6.594189, 0.004862703, 0.07868536, 133.4893, 1.197925, 0.743877, 0.7735416
 
38.58953, 0.001215318, -0.008823357, 5, 0, 0.0000441424575766985018302305, 7731.98, -1642.728, -6.594189, 0.004862703, 0.07868536, 133.5482, 1.197925, 0.743877, 0.7735416
 
38.59953, 0.001228419, -0.008811204, 5, 0, 0.0000440244167559507136338211, 7739.983, -1642.728, -6.594189, 0.004862703, 0.07868536, 133.6071, 1.197925, 0.743877, 0.7735416
 
38.60953, 0.001235406, -0.00879892, 5, 0, 0.0000439107353174321289437859, 7747.991, -1642.728, -6.594189, 0.004862703, 0.07868536, 133.6659, 1.197925, 0.743877, 0.7735416
 
38.61953, 0.001227325, -0.008786566, 5, 0, 0.0000438088101484091381675088, 7755.998, -1642.728, -6.594189, 0.004862703, 0.07868536, 133.7247, 1.197925, 0.743877, 0.7735416
 
38.62952, 0.001220584, -0.008774293, 5, 0, 0.0000437064631036863859072580, 7764.008, -1642.728, -6.594189, 0.004862703, 0.07868536, 133.7834, 1.197925, 0.743877, 0.7735416
 
38.63952, 0.001205628, -0.008762087, 5, 0, 0.0000436111191955770315087570, 7772.017, -1642.728, -6.594189, 0.004862703, 0.07868536, 133.8421, 1.197925, 0.743877, 0.7735416
 
38.64952, 0.001189101, -0.008750031, 5, 0, 0.0000435179409160588943942733, 7780.027, -1642.728, -6.594189, 0.004862703, 0.07868536, 133.9008, 1.197925, 0.743877, 0.7735416
 
38.65952, 0.001171059, -0.00873814, 5, 0, 0.0000434269845152253512958388, 7788.04, -1642.728, -6.594189, 0.004862703, 0.07868536, 133.9594, 1.197925, 0.743877, 0.7735416
 
38.66952, 0.001148374, -0.008726429, 5, 0, 0.0000433407812472740042494125, 7796.053, -1642.728, -6.594189, 0.004862703, 0.07868536, 134.018, 1.197925, 0.743877, 0.7735416
 
38.67952, 0.001115073, -0.008714945, 5, 0, 0.0000432641967452734804817723, 7804.065, -1642.728, -6.594189, 0.004862703, 0.07868536, 134.0765, 1.197925, 0.743877, 0.7735416
 
38.68951, 0.001087243, -0.008703794, 5, 0, 0.0000431851934892619469975893, 7812.078, -1642.728, -6.594189, 0.004862703, 0.07868536, 134.135, 1.197925, 0.743877, 0.7735416
 
38.69951, 0.001048912, -0.008692922, 5, 0, 0.0000431159496244344369053012, 7820.096, -1642.728, -6.594189, 0.004862703, 0.07868536, 134.1935, 1.197925, 0.743877, 0.7735416
 
38.70951, 0.001006891, -0.008682433, 5, 0, 0.0000430516557678155385655150, 7828.111, -1642.728, -6.594189, 0.004862703, 0.07868536, 134.2519, 1.197925, 0.743877, 0.7735416
 
38.71951, 0.0009644195, -0.008672364, 5, 0, 0.0000429899775405340656427649, 7836.129, -1642.728, -6.594189, 0.004862703, 0.07868536, 134.3103, 1.197925, 0.743877, 0.7735416
 
38.72951, 0.0009183218, -0.00866272, 5, 0, 0.0000429333618216479579365803, 7844.148, -1642.728, -6.594189, 0.004862703, 0.07868536, 134.3686, 1.197925, 0.743877, 0.7735416
 
38.73951, 0.0008718162, -0.008653537, 5, 0, 0.0000428794742322858679668484, 7852.172, -1642.728, -6.594189, 0.004862703, 0.07868536, 134.427, 1.197925, 0.743877, 0.7735416
 
38.7495, 0.0008555963, -0.008644819, 5, 0, 0.0000428045209829903688244824, 7860.191, -1642.728, -6.594189, 0.004862703, 0.07868536, 134.4852, 1.197925, 0.743877, 0.7735416
 
38.7595, 0.0008462511, -0.008636263, 5, 0, 0.0000427251521013724505883577, 7868.214, -1642.728, -6.594189, 0.004862703, 0.07868536, 134.5434, 1.197925, 0.743877, 0.7735416
 
38.7695, 0.0008308634, -0.0086278, 5, 0, 0.0000426510988535695288566766, 7876.239, -1642.728, -6.594189, 0.004862703, 0.07868536, 134.6017, 1.197925, 0.743877, 0.7735416
 
38.7795, 0.0008035154, -0.008619492, 5, 0, 0.0000425872268726502308562168, 7884.265, -1642.728, -6.594189, 0.004862703, 0.07868536, 134.6598, 1.197925, 0.743877, 0.7735416
 
38.7895, 0.000817481, -0.008611456, 5, 0, 0.0000424928673411732772494777, 7892.289, -1642.728, -6.594189, 0.004862703, 0.07868536, 134.7179, 1.197925, 0.743877, 0.7735416
 
38.7995, 0.0008236717, -0.008603281, 5, 0, 0.0000424039921937911280539835, 7900.318, -1642.728, -6.594189, 0.004862703, 0.07868536, 134.776, 1.197925, 0.743877, 0.7735416
 
38.80949, 0.0008256811, -0.008595045, 5, 0, 0.0000423182670516325969342685, 7908.342, -1642.728, -6.594189, 0.004862703, 0.07868536, 134.834, 1.197925, 0.743877, 0.7735416
 
38.81949, 0.0008638803, -0.008586788, 5, 0, 0.0000422046137381606200379256, 7916.371, -1642.728, -6.594189, 0.004862703, 0.07868536, 134.892, 1.197925, 0.743877, 0.7735416
 
38.82949, 0.0008925581, -0.008578149, 5, 0, 0.0000420966135590632554596288, 7924.404, -1642.728, -6.594189, 0.004862703, 0.07868536, 134.95, 1.197925, 0.743877, 0.7735416
 
38.83949, 0.0009154145, -0.008569223, 5, 0, 0.0000419919040104228702148671, 7932.432, -1642.728, -6.594189, 0.004862703, 0.07868536, 135.0079, 1.197925, 0.743877, 0.7735416
 
38.84949, 0.0009294959, -0.008560069, 5, 0, 0.0000418930163464369051949527, 7940.464, -1642.728, -6.594189, 0.004862703, 0.07868536, 135.0658, 1.197925, 0.743877, 0.7735416
 
38.85949, 0.0009851848, -0.008550774, 5, 0, 0.0000417616442535817140468957, 7948.496, -1642.728, -6.594189, 0.004862703, 0.07868536, 135.1236, 1.197925, 0.743877, 0.7735416
 
38.86948, 0.001017498, -0.008540923, 5, 0, 0.0000416457128113319275471190, 7956.528, -1642.728, -6.594189, 0.004862703, 0.07868536, 135.1814, 1.197925, 0.743877, 0.7735416
 
38.87948, 0.001055799, -0.008530748, 5, 0, 0.0000415237907341479129156938, 7964.564, -1642.728, -6.594189, 0.004862703, 0.07868536, 135.2392, 1.197925, 0.743877, 0.7735416
 
38.88948, 0.00107166, -0.00852019, 5, 0, 0.0000414174218077555729626713, 7972.599, -1642.728, -6.594189, 0.004862703, 0.07868536, 135.2969, 1.197925, 0.743877, 0.7735416
 
38.89948, 0.001082024, -0.008509473, 5, 0, 0.0000413147091374265970951258, 7980.632, -1642.728, -6.594189, 0.004862703, 0.07868536, 135.3546, 1.197925, 0.743877, 0.7735416
 
38.90948, 0.001090146, -0.008498653, 5, 0, 0.0000412134027194296223586687, 7988.669, -1642.728, -6.594189, 0.004862703, 0.07868536, 135.4122, 1.197925, 0.743877, 0.7735416
 
38.91948, 0.001083729, -0.008487752, 5, 0, 0.0000411230088195288797126695, 7996.708, -1642.728, -6.594189, 0.004862703, 0.07868536, 135.4698, 1.197925, 0.743877, 0.7735416
 
38.92947, 0.001120003, -0.008476915, 5, 0, 0.0000410004961163652956904696, 8004.746, -1642.728, -6.594189, 0.004862703, 0.07868536, 135.5274, 1.197925, 0.743877, 0.7735416
 
38.93947, 0.001149018, -0.008465715, 5, 0, 0.0000408819490447779226290096, 8012.787, -1642.728, -6.594189, 0.004862703, 0.07868536, 135.5849, 1.197925, 0.743877, 0.7735416
 
38.94947, 0.001168201, -0.008454225, 5, 0, 0.0000407697301086847158020946, 8020.827, -1642.728, -6.594189, 0.004862703, 0.07868536, 135.6424, 1.197925, 0.743877, 0.7735416
 
38.95947, 0.001178092, -0.008442543, 5, 0, 0.0000406638674331319607141227, 8028.868, -1642.728, -6.594189, 0.004862703, 0.07868536, 135.6998, 1.197925, 0.743877, 0.7735416
 
38.96947, 0.001185282, -0.008430762, 5, 0, 0.0000405597766355175915091811, 8036.91, -1642.728, -6.594189, 0.004862703, 0.07868536, 135.7572, 1.197925, 0.743877, 0.7735416
 
38.97947, 0.001177524, -0.008418909, 5, 0, 0.0000404668796064658546209152, 8044.953, -1642.728, -6.594189, 0.004862703, 0.07868536, 135.8146, 1.197925, 0.743877, 0.7735416
 
38.98946, 0.001161839, -0.008407134, 5, 0, 0.0000403805919633745230487648, 8052.995, -1642.728, -6.594189, 0.004862703, 0.07868536, 135.8719, 1.197925, 0.743877, 0.7735416
 
38.99946, 0.001141759, -0.008395515, 5, 0, 0.0000402985512023259638082191, 8061.041, -1642.728, -6.594189, 0.004862703, 0.07868536, 135.9292, 1.197925, 0.743877, 0.7735416
 
39.00946, 0.001114392, -0.008384097, 5, 0, 0.0000402231760773308643265266, 8069.085, -1642.728, -6.594189, 0.004862703, 0.07868536, 135.9865, 1.197925, 0.743877, 0.7735416
 
39.01946, 0.001080118, -0.008372953, 5, 0, 0.0000401545228384827624803663, 8077.131, -1642.728, -6.594189, 0.004862703, 0.07868536, 136.0437, 1.197925, 0.743877, 0.7735416
 
39.02946, 0.001048624, -0.008362152, 5, 0, 0.0000400855883491682604079882, 8085.177, -1642.728, -6.594189, 0.004862703, 0.07868536, 136.1008, 1.197925, 0.743877, 0.7735416
 
39.03946, 0.001000878, -0.008351665, 5, 0, 0.0000400305757579405695333855, 8093.226, -1642.728, -6.594189, 0.004862703, 0.07868536, 136.158, 1.197925, 0.743877, 0.7735416
 
39.04945, 0.0009504723, -0.008341656, 5, 0, 0.0000399800069240820666908811, 8101.274, -1642.728, -6.594189, 0.004862703, 0.07868536, 136.215, 1.197925, 0.743877, 0.7735416
 
39.05945, 0.0008972161, -0.008332151, 5, 0, 0.0000399341630980589909620456, 8109.322, -1642.728, -6.594189, 0.004862703, 0.07868536, 136.2721, 1.197925, 0.743877, 0.7735416
 
39.06945, 0.0008828025, -0.008323179, 5, 0, 0.0000398617129779144860619465, 8117.374, -1642.728, -6.594189, 0.004862703, 0.07868536, 136.3291, 1.197925, 0.743877, 0.7735416
 
39.07945, 0.0008633225, -0.008314351, 5, 0, 0.0000397939316155121926881315, 8125.424, -1642.728, -6.594189, 0.004862703, 0.07868536, 136.3861, 1.197925, 0.743877, 0.7735416
 
39.08945, 0.0008356947, -0.008305717, 5, 0, 0.0000397333783900964818148993, 8133.475, -1642.728, -6.594189, 0.004862703, 0.07868536, 136.443, 1.197925, 0.743877, 0.7735416
 
39.09945, 0.0008005281, -0.008297361, 5, 0, 0.0000396799126764339921844939, 8141.53, -1642.728, -6.594189, 0.004862703, 0.07868536, 136.4999, 1.197925, 0.743877, 0.7735416
 
39.10944, 0.000799725, -0.008289355, 5, 0, 0.0000396024844230342677382006, 8149.58, -1642.728, -6.594189, 0.004862703, 0.07868536, 136.5567, 1.197925, 0.743877, 0.7735416
 
39.11944, 0.0007988231, -0.008281358, 5, 0, 0.0000395253092950543357244326, 8157.635, -1642.728, -6.594189, 0.004862703, 0.07868536, 136.6136, 1.197925, 0.743877, 0.7735416
 
39.12944, 0.0007884039, -0.00827337, 5, 0, 0.0000394554466792006484476773, 8165.691, -1642.728, -6.594189, 0.004862703, 0.07868536, 136.6703, 1.197925, 0.743877, 0.7735416
 
39.13944, 0.0008044503, -0.008265486, 5, 0, 0.0000393664309065852991390742, 8173.749, -1642.728, -6.594189, 0.004862703, 0.07868536, 136.7271, 1.197925, 0.743877, 0.7735416
 
39.14944, 0.000806615, -0.008257441, 5, 0, 0.0000392872026502005810160583, 8181.803, -1642.728, -6.594189, 0.004862703, 0.07868536, 136.7838, 1.197925, 0.743877, 0.7735416
 
39.15944, 0.0008081031, -0.008249375, 5, 0, 0.0000392084806446554477580931, 8189.863, -1642.728, -6.594189, 0.004862703, 0.07868536, 136.8404, 1.197925, 0.743877, 0.7735416
 
39.16943, 0.0008478533, -0.008241294, 5, 0, 0.0000391013523420038916521416, 8197.92, -1642.728, -6.594189, 0.004862703, 0.07868536, 136.897, 1.197925, 0.743877, 0.7735416
 
39.17943, 0.0008813389, -0.008232815, 5, 0, 0.0000389971771692496990661230, 8205.977, -1642.728, -6.594189, 0.004862703, 0.07868536, 136.9536, 1.197925, 0.743877, 0.7735416
 
39.18943, 0.0008994585, -0.008224002, 5, 0, 0.0000389029863880525533661851, 8214.039, -1642.728, -6.594189, 0.004862703, 0.07868536, 137.0102, 1.197925, 0.743877, 0.7735416
 
39.19943, 0.0009515408, -0.008215007, 5, 0, 0.0000387828924388999790605278, 8222.097, -1642.728, -6.594189, 0.004862703, 0.07868536, 137.0667, 1.197925, 0.743877, 0.7735416
 
39.20943, 0.0009899581, -0.008205492, 5, 0, 0.0000386706735028066110889657, 8230.156, -1642.728, -6.594189, 0.004862703, 0.07868536, 137.1231, 1.197925, 0.743877, 0.7735416
 
39.21943, 0.001018866, -0.008195592, 5, 0, 0.0000385638827007148319412638, 8238.219, -1642.728, -6.594189, 0.004862703, 0.07868536, 137.1795, 1.197925, 0.743877, 0.7735416
 
39.22942, 0.001035706, -0.008185403, 5, 0, 0.0000384648262864490590145482, 8246.284, -1642.728, -6.594189, 0.004862703, 0.07868536, 137.2359, 1.197925, 0.743877, 0.7735416
 
39.23942, 0.001037903, -0.008175046, 5, 0, 0.0000383760355142067332001309, 8254.347, -1642.728, -6.594189, 0.004862703, 0.07868536, 137.2923, 1.197925, 0.743877, 0.7735416
 
39.24942, 0.001032557, -0.008164668, 5, 0, 0.0000382928978763391808484069, 8262.41, -1642.728, -6.594189, 0.004862703, 0.07868536, 137.3486, 1.197925, 0.743877, 0.7735416
 
39.25942, 0.001016875, -0.008154342, 5, 0, 0.0000382178321268570893866245, 8270.472, -1642.728, -6.594189, 0.004862703, 0.07868536, 137.4048, 1.197925, 0.743877, 0.7735416
 
39.26942, 0.001043171, -0.008144173, 5, 0, 0.0000381126163273771192768121, 8278.537, -1642.728, -6.594189, 0.004862703, 0.07868536, 137.461, 1.197925, 0.743877, 0.7735416
 
39.27942, 0.001060264, -0.008133741, 5, 0, 0.0000380131380374117460107700, 8286.604, -1642.728, -6.594189, 0.004862703, 0.07868536, 137.5172, 1.197925, 0.743877, 0.7735416
 
39.28941, 0.001059075, -0.008123139, 5, 0, 0.0000379265410188074064187096, 8294.67, -1642.728, -6.594189, 0.004862703, 0.07868536, 137.5733, 1.197925, 0.743877, 0.7735416
 
39.29941, 0.001056559, -0.008112548, 5, 0, 0.0000378411252521618833189046, 8302.735, -1642.728, -6.594189, 0.004862703, 0.07868536, 137.6295, 1.197925, 0.743877, 0.7735416
 
39.30941, 0.001046292, -0.008101982, 5, 0, 0.0000377617001204507494953951, 8310.803, -1642.728, -6.594189, 0.004862703, 0.07868536, 137.6855, 1.197925, 0.743877, 0.7735416
 
39.31941, 0.001016192, -0.00809152, 5, 0, 0.0000376974625139250667429936, 8318.875, -1642.728, -6.594189, 0.004862703, 0.07868536, 137.7416, 1.197925, 0.743877, 0.7735416
 
39.32941, 0.0009768904, -0.008081358, 5, 0, 0.0000376415780462515673960455, 8326.941, -1642.728, -6.594189, 0.004862703, 0.07868536, 137.7975, 1.197925, 0.743877, 0.7735416
 
39.33941, 0.0009774738, -0.008071589, 5, 0, 0.0000375583841582906383122896, 8335.012, -1642.728, -6.594189, 0.004862703, 0.07868536, 137.8535, 1.197925, 0.743877, 0.7735416
 
39.3494, 0.0009668494, -0.008061814, 5, 0, 0.0000374835434091817314893402, 8343.08, -1642.728, -6.594189, 0.004862703, 0.07868536, 137.9094, 1.197925, 0.743877, 0.7735416
 
39.3594, 0.0009515471, -0.008052146, 5, 0, 0.0000374127807918357890911943, 8351.149, -1642.728, -6.594189, 0.004862703, 0.07868536, 137.9652, 1.197925, 0.743877, 0.7735416
 
39.3694, 0.0009257071, -0.008042631, 5, 0, 0.0000373505400636215157160089, 8359.223, -1642.728, -6.594189, 0.004862703, 0.07868536, 138.0211, 1.197925, 0.743877, 0.7735416
 
39.3794, 0.0008902017, -0.008033373, 5, 0, 0.0000372967368493994102720011, 8367.295, -1642.728, -6.594189, 0.004862703, 0.07868536, 138.0768, 1.197925, 0.743877, 0.7735416
 
39.3894, 0.0009004941, -0.008024472, 5, 0, 0.0000372112929577072793785037, 8375.364, -1642.728, -6.594189, 0.004862703, 0.07868536, 138.1326, 1.197925, 0.743877, 0.7735416
 
39.39939, 0.0008951527, -0.008015467, 5, 0, 0.0000371368740842979728948808, 8383.438, -1642.728, -6.594189, 0.004862703, 0.07868536, 138.1883, 1.197925, 0.743877, 0.7735416
 
39.40939, 0.0008784832, -0.008006515, 5, 0, 0.0000370711458503004656303138, 8391.513, -1642.728, -6.594189, 0.004862703, 0.07868536, 138.244, 1.197925, 0.743877, 0.7735416
 
39.41939, 0.0008507083, -0.00799773, 5, 0, 0.0000370143895061811578110203, 8399.585, -1642.728, -6.594189, 0.004862703, 0.07868536, 138.2996, 1.197925, 0.743877, 0.7735416
 
39.42939, 0.0008589274, -0.007989223, 5, 0, 0.0000369328549959720222908782, 8407.662, -1642.728, -6.594189, 0.004862703, 0.07868536, 138.3552, 1.197925, 0.743877, 0.7735416
 
39.43939, 0.0008513939, -0.007980634, 5, 0, 0.0000368625705044187346747964, 8415.733, -1642.728, -6.594189, 0.004862703, 0.07868536, 138.4107, 1.197925, 0.743877, 0.7735416
 
39.44939, 0.0008414316, -0.007972119, 5, 0, 0.0000367945078915502022194109, 8423.809, -1642.728, -6.594189, 0.004862703, 0.07868536, 138.4662, 1.197925, 0.743877, 0.7735416
 
39.45938, 0.0008201814, -0.007963705, 5, 0, 0.0000367352484182797390132035, 8431.886, -1642.728, -6.594189, 0.004862703, 0.07868536, 138.5217, 1.197925, 0.743877, 0.7735416
 
39.46938, 0.0008277791, -0.007955503, 5, 0, 0.0000366561607871282210032964, 8439.963, -1642.728, -6.594189, 0.004862703, 0.07868536, 138.5771, 1.197925, 0.743877, 0.7735416
 
39.47938, 0.0008350304, -0.007947225, 5, 0, 0.0000365771575311166875191135, 8448.039, -1642.728, -6.594189, 0.004862703, 0.07868536, 138.6325, 1.197925, 0.743877, 0.7735416
 
39.48938, 0.0008264274, -0.007938875, 5, 0, 0.0000365093761687145552899456, 8456.119, -1642.728, -6.594189, 0.004862703, 0.07868536, 138.6879, 1.197925, 0.743877, 0.7735416
 
39.49938, 0.0008457559, -0.00793061, 5, 0, 0.0000364219635237576228129245, 8464.2, -1642.728, -6.594189, 0.004862703, 0.07868536, 138.7432, 1.197925, 0.743877, 0.7735416
 
39.50938, 0.0008577809, -0.007922153, 5, 0, 0.0000363391071363563095427710, 8472.278, -1642.728, -6.594189, 0.004862703, 0.07868536, 138.7984, 1.197925, 0.743877, 0.7735416
 
39.51937, 0.0008625277, -0.007913576, 5, 0, 0.0000362610882569771768503500, 8480.358, -1642.728, -6.594189, 0.004862703, 0.07868536, 138.8537, 1.197925, 0.743877, 0.7735416
 
39.52937, 0.0008478967, -0.007904951, 5, 0, 0.0000361969631506380864173649, 8488.437, -1642.728, -6.594189, 0.004862703, 0.07868536, 138.9089, 1.197925, 0.743877, 0.7735416
 
39.53937, 0.0008740686, -0.007896472, 5, 0, 0.0000361042629969129263742396, 8496.518, -1642.728, -6.594189, 0.004862703, 0.07868536, 138.964, 1.197925, 0.743877, 0.7735416
 
39.54937, 0.0008856789, -0.007887731, 5, 0, 0.0000360209847338121739094067, 8504.6, -1642.728, -6.594189, 0.004862703, 0.07868536, 139.0191, 1.197925, 0.743877, 0.7735416
 
39.55937, 0.0008835611, -0.007878874, 5, 0, 0.0000359471846114288834656038, 8512.681, -1642.728, -6.594189, 0.004862703, 0.07868536, 139.0742, 1.197925, 0.743877, 0.7735416
 
39.56937, 0.0009215501, -0.007870039, 5, 0, 0.0000358448375667062923500001, 8520.762, -1642.728, -6.594189, 0.004862703, 0.07868536, 139.1292, 1.197925, 0.743877, 0.7735416
 
39.57936, 0.0009374823, -0.007860824, 5, 0, 0.0000357567499206299671011271, 8528.844, -1642.728, -6.594189, 0.004862703, 0.07868536, 139.1842, 1.197925, 0.743877, 0.7735416
 
39.58936, 0.0009456756, -0.007851449, 5, 0, 0.0000356736122827622536047560, 8536.931, -1642.728, -6.594189, 0.004862703, 0.07868536, 139.2392, 1.197925, 0.743877, 0.7735416
 
39.59936, 0.0009339302, -0.007841992, 5, 0, 0.0000356045371682147125639162, 8545.012, -1642.728, -6.594189, 0.004862703, 0.07868536, 139.2941, 1.197925, 0.743877, 0.7735416
 
39.60936, 0.0009185691, -0.007832653, 5, 0, 0.0000355386964340306129799326, 8553.097, -1642.728, -6.594189, 0.004862703, 0.07868536, 139.349, 1.197925, 0.743877, 0.7735416
 
39.61936, 0.0009347395, -0.007823467, 5, 0, 0.0000354511712888870881834950, 8561.184, -1642.728, -6.594189, 0.004862703, 0.07868536, 139.4038, 1.197925, 0.743877, 0.7735416
 
39.62936, 0.0009396209, -0.00781412, 5, 0, 0.0000353711274061497771755184, 8569.271, -1642.728, -6.594189, 0.004862703, 0.07868536, 139.4586, 1.197925, 0.743877, 0.7735416
 
39.63935, 0.0009302018, -0.007804723, 5, 0, 0.0000353011804151562665176861, 8577.354, -1642.728, -6.594189, 0.004862703, 0.07868536, 139.5134, 1.197925, 0.743877, 0.7735416
 
39.64935, 0.0009109408, -0.007795421, 5, 0, 0.0000352388271867555619677313, 8585.44, -1642.728, -6.594189, 0.004862703, 0.07868536, 139.5681, 1.197925, 0.743877, 0.7735416
 
39.65935, 0.0009291196, -0.007786312, 5, 0, 0.0000351508520408658290382748, 8593.523, -1642.728, -6.594189, 0.004862703, 0.07868536, 139.6228, 1.197925, 0.743877, 0.7735416
 
39.66935, 0.0009291869, -0.007777021, 5, 0, 0.0000350750550401712903619029, 8601.611, -1642.728, -6.594189, 0.004862703, 0.07868536, 139.6774, 1.197925, 0.743877, 0.7735416
 
39.67935, 0.0009218566, -0.007767729, 5, 0, 0.0000350046580484315715710517, 8609.699, -1642.728, -6.594189, 0.004862703, 0.07868536, 139.732, 1.197925, 0.743877, 0.7735416
 
39.68935, 0.0009005685, -0.00775851, 5, 0, 0.0000349446391989018922119154, 8617.785, -1642.728, -6.594189, 0.004862703, 0.07868536, 139.7865, 1.197925, 0.743877, 0.7735416
 
39.69934, 0.0008697818, -0.007749504, 5, 0, 0.0000348924391123382035994896, 8625.872, -1642.728, -6.594189, 0.004862703, 0.07868536, 139.841, 1.197925, 0.743877, 0.7735416
 
39.70934, 0.0008712165, -0.007740807, 5, 0, 0.0000348189202404214745265515, 8633.96, -1642.728, -6.594189, 0.004862703, 0.07868536, 139.8955, 1.197925, 0.743877, 0.7735416
 
39.71934, 0.0008640242, -0.007732095, 5, 0, 0.0000347515888787653892857554, 8642.049, -1642.728, -6.594189, 0.004862703, 0.07868536, 139.95, 1.197925, 0.743877, 0.7735416
 
39.72934, 0.0008433411, -0.007723454, 5, 0, 0.0000346942137836199042819948, 8650.139, -1642.728, -6.594189, 0.004862703, 0.07868536, 140.0044, 1.197925, 0.743877, 0.7735416
 
39.73934, 0.0008570211, -0.007715021, 5, 0, 0.0000346136636500431695536146, 8658.226, -1642.728, -6.594189, 0.004862703, 0.07868536, 140.0587, 1.197925, 0.743877, 0.7735416
 
39.74934, 0.0008612514, -0.007706451, 5, 0, 0.0000345392729016806320083311, 8666.316, -1642.728, -6.594189, 0.004862703, 0.07868536, 140.113, 1.197925, 0.743877, 0.7735416
 
39.75933, 0.0008477718, -0.007697838, 5, 0, 0.0000344773134239327588593634, 8674.406, -1642.728, -6.594189, 0.004862703, 0.07868536, 140.1673, 1.197925, 0.743877, 0.7735416
 
39.76933, 0.000813883, -0.007689361, 5, 0, 0.0000344304570962306745450736, 8682.499, -1642.728, -6.594189, 0.004862703, 0.07868536, 140.2216, 1.197925, 0.743877, 0.7735416
 
39.77933, 0.0008183437, -0.007681222, 5, 0, 0.0000343582601015059620774998, 8690.59, -1642.728, -6.594189, 0.004862703, 0.07868536, 140.2758, 1.197925, 0.743877, 0.7735416
 
39.78933, 0.0008140638, -0.007673038, 5, 0, 0.0000342921099918088544736062, 8698.682, -1642.728, -6.594189, 0.004862703, 0.07868536, 140.3299, 1.197925, 0.743877, 0.7735416
 
39.79933, 0.0007984306, -0.007664897, 5, 0, 0.0000342342567708705535431343, 8706.777, -1642.728, -6.594189, 0.004862703, 0.07868536, 140.3841, 1.197925, 0.743877, 0.7735416
 
39.80933, 0.0008133202, -0.007656913, 5, 0, 0.0000341558160157918205113868, 8714.867, -1642.728, -6.594189, 0.004862703, 0.07868536, 140.4381, 1.197925, 0.743877, 0.7735416
 
39.81932, 0.0008183361, -0.00764878, 5, 0, 0.0000340837596463003081569218, 8722.961, -1642.728, -6.594189, 0.004862703, 0.07868536, 140.4922, 1.197925, 0.743877, 0.7735416
 
39.82932, 0.0008015145, -0.007640596, 5, 0, 0.0000340268908019944080182119, 8731.057, -1642.728, -6.594189, 0.004862703, 0.07868536, 140.5462, 1.197925, 0.743877, 0.7735416
 
39.83932, 0.0008187194, -0.007632582, 5, 0, 0.0000339471000446768894427606, 8739.148, -1642.728, -6.594189, 0.004862703, 0.07868536, 140.6002, 1.197925, 0.743877, 0.7735416
 
39.84932, 0.0008320544, -0.007624394, 5, 0, 0.0000338693624157641569765572, 8747.242, -1642.728, -6.594189, 0.004862703, 0.07868536, 140.6541, 1.197925, 0.743877, 0.7735416
 
39.85932, 0.0008225817, -0.007616074, 5, 0, 0.0000338071216875498836013718, 8755.333, -1642.728, -6.594189, 0.004862703, 0.07868536, 140.708, 1.197925, 0.743877, 0.7735416
 
39.86932, 0.0008557254, -0.007607848, 5, 0, 0.0000337156590358769167825337, 8763.428, -1642.728, -6.594189, 0.004862703, 0.07868536, 140.7618, 1.197925, 0.743877, 0.7735416
 
39.87931, 0.0008648675, -0.00759929, 5, 0, 0.0000336396089097624245289894, 8771.523, -1642.728, -6.594189, 0.004862703, 0.07868536, 140.8156, 1.197925, 0.743877, 0.7735416
 
39.88931, 0.0008580972, -0.007590642, 5, 0, 0.0000335743869266045021294730, 8779.616, -1642.728, -6.594189, 0.004862703, 0.07868536, 140.8694, 1.197925, 0.743877, 0.7735416
 
39.89931, 0.0008452724, -0.007582061, 5, 0, 0.0000335138055761420223179013, 8787.71, -1642.728, -6.594189, 0.004862703, 0.07868536, 140.9231, 1.197925, 0.743877, 0.7735416
 
39.90931, 0.0008692664, -0.007573608, 5, 0, 0.0000334282773093100680433270, 8795.806, -1642.728, -6.594189, 0.004862703, 0.07868536, 140.9768, 1.197925, 0.743877, 0.7735416
 
39.91931, 0.0008692819, -0.007564916, 5, 0, 0.0000333584990685963652922958, 8803.9, -1642.728, -6.594189, 0.004862703, 0.07868536, 141.0304, 1.197925, 0.743877, 0.7735416
 
39.92931, 0.0008628428, -0.007556223, 5, 0, 0.0000332933614605782662738565, 8811.993, -1642.728, -6.594189, 0.004862703, 0.07868536, 141.084, 1.197925, 0.743877, 0.7735416
 
39.9393, 0.0008893955, -0.007547595, 5, 0, 0.0000332057238152483103026495, 8820.091, -1642.728, -6.594189, 0.004862703, 0.07868536, 141.1376, 1.197925, 0.743877, 0.7735416
 
39.9493, 0.0008915831, -0.0075387, 5, 0, 0.0000331339486962231981744022, 8828.185, -1642.728, -6.594189, 0.004862703, 0.07868536, 141.1911, 1.197925, 0.743877, 0.7735416
 
39.9593, 0.0008902512, -0.007529784, 5, 0, 0.0000330646204562557035563900, 8836.28, -1642.728, -6.594189, 0.004862703, 0.07868536, 141.2446, 1.197925, 0.743877, 0.7735416
 
39.9693, 0.0008727561, -0.007520882, 5, 0, 0.0000330066547351308103065016, 8844.379, -1642.728, -6.594189, 0.004862703, 0.07868536, 141.298, 1.197925, 0.743877, 0.7735416
 
39.9793, 0.0008791381, -0.007512155, 5, 0, 0.0000329330796131207045015318, 8852.477, -1642.728, -6.594189, 0.004862703, 0.07868536, 141.3515, 1.197925, 0.743877, 0.7735416
 
39.9893, 0.0008720774, -0.007503363, 5, 0, 0.0000328686451312686060486367, 8860.574, -1642.728, -6.594189, 0.004862703, 0.07868536, 141.4048, 1.197925, 0.743877, 0.7735416
 
39.99929, 0.0008581871, -0.007494642, 5, 0, 0.0000328093294079050883996917, 8868.673, -1642.728, -6.594189, 0.004862703, 0.07868536, 141.4581, 1.197925, 0.743877, 0.7735416
 
40.00929, 0.000825584, -0.007486061, 5, 0, 0.0000327636824572084283713497, 8876.768, -1642.728, -6.594189, 0.004862703, 0.07868536, 141.5114, 1.197925, 0.743877, 0.7735416
 
40.01929, 0.0008332243, -0.007477805, 5, 0, 0.0000326918229630434928620254, 8884.867, -1642.728, -6.594189, 0.004862703, 0.07868536, 141.5647, 1.197925, 0.743877, 0.7735416
 
40.02929, 0.0008270245, -0.007469473, 5, 0, 0.0000326292728593162114669299, 8892.965, -1642.728, -6.594189, 0.004862703, 0.07868536, 141.6179, 1.197925, 0.743877, 0.7735416
 
40.03929, 0.0007946916, -0.007461203, 5, 0, 0.0000325850884110449293017081, 8901.063, -1642.728, -6.594189, 0.004862703, 0.07868536, 141.671, 1.197925, 0.743877, 0.7735416
 
40.04929, 0.0008092016, -0.007453256, 5, 0, 0.0000325102757869826302724510, 8909.157, -1642.728, -6.594189, 0.004862703, 0.07868536, 141.7242, 1.197925, 0.743877, 0.7735416
 
40.05928, 0.0007991455, -0.007445164, 5, 0, 0.0000324517756899715443638197, 8917.257, -1642.728, -6.594189, 0.004862703, 0.07868536, 141.7773, 1.197925, 0.743877, 0.7735416
 
40.06928, 0.0007729833, -0.007437172, 5, 0, 0.0000324048349871296366684528, 8925.357, -1642.728, -6.594189, 0.004862703, 0.07868536, 141.8303, 1.197925, 0.743877, 0.7735416
 
40.07928, 0.0007837086, -0.007429442, 5, 0, 0.0000323339317445503330125510, 8933.458, -1642.728, -6.594189, 0.004862703, 0.07868536, 141.8833, 1.197925, 0.743877, 0.7735416
 
40.08928, 0.0007860721, -0.007421605, 5, 0, 0.0000322683722608326336547851, 8941.556, -1642.728, -6.594189, 0.004862703, 0.07868536, 141.9363, 1.197925, 0.743877, 0.7735416
 
40.09928, 0.0007612641, -0.007413744, 5, 0, 0.0000322214034329439570210788, 8949.654, -1642.728, -6.594189, 0.004862703, 0.07868536, 141.9892, 1.197925, 0.743877, 0.7735416
 
40.10928, 0.0007792735, -0.007406132, 5, 0, 0.0000321463939335552422913282, 8957.754, -1642.728, -6.594189, 0.004862703, 0.07868536, 142.0421, 1.197925, 0.743877, 0.7735416
 
40.11927, 0.0007753801, -0.007398339, 5, 0, 0.0000320856438328129545729553, 8965.854, -1642.728, -6.594189, 0.004862703, 0.07868536, 142.095, 1.197925, 0.743877, 0.7735416
 
40.12927, 0.0007576226, -0.007390585, 5, 0, 0.0000320346531232548513911244, 8973.951, -1642.728, -6.594189, 0.004862703, 0.07868536, 142.1478, 1.197925, 0.743877, 0.7735416
 
40.13927, 0.0007787526, -0.007383009, 5, 0, 0.0000319580404962075586851447, 8982.053, -1642.728, -6.594189, 0.004862703, 0.07868536, 142.2005, 1.197925, 0.743877, 0.7735416
 
40.14927, 0.0007846052, -0.007375221, 5, 0, 0.0000318910466351112504025981, 8990.147, -1642.728, -6.594189, 0.004862703, 0.07868536, 142.2532, 1.197925, 0.743877, 0.7735416
 
40.15927, 0.0007717338, -0.007367375, 5, 0, 0.0000318366246698631289187702, 8998.246, -1642.728, -6.594189, 0.004862703, 0.07868536, 142.3059, 1.197925, 0.743877, 0.7735416
 
40.16927, 0.0007946064, -0.007359658, 5, 0, 0.0000317586057904838350817021, 9006.347, -1642.728, -6.594189, 0.004862703, 0.07868536, 142.3586, 1.197925, 0.743877, 0.7735416
 
40.17926, 0.0007984682, -0.007351712, 5, 0, 0.0000316925963060199275909174, 9014.446, -1642.728, -6.594189, 0.004862703, 0.07868536, 142.4112, 1.197925, 0.743877, 0.7735416
 
40.18926, 0.0007774099, -0.007343727, 5, 0, 0.0000316434337244934258795014, 9022.545, -1642.728, -6.594189, 0.004862703, 0.07868536, 142.4637, 1.197925, 0.743877, 0.7735416
 
40.19926, 0.0008019994, -0.007335953, 5, 0, 0.0000315643742183885156632867, 9030.646, -1642.728, -6.594189, 0.004862703, 0.07868536, 142.5163, 1.197925, 0.743877, 0.7735416
 
40.20926, 0.0008038846, -0.007327933, 5, 0, 0.0000314997428612100015098980, 9038.746, -1642.728, -6.594189, 0.004862703, 0.07868536, 142.5688, 1.197925, 0.743877, 0.7735416
 
40.21926, 0.0007841007, -0.007319894, 5, 0, 0.0000314497927783775147072137, 9046.846, -1642.728, -6.594189, 0.004862703, 0.07868536, 142.6212, 1.197925, 0.743877, 0.7735416
 
40.22926, 0.0008064344, -0.007312053, 5, 0, 0.0000313723645249776291162733, 9054.945, -1642.728, -6.594189, 0.004862703, 0.07868536, 142.6736, 1.197925, 0.743877, 0.7735416
 
40.23925, 0.0008124068, -0.007303989, 5, 0, 0.0000313051456635082973395408, 9063.043, -1642.728, -6.594189, 0.004862703, 0.07868536, 142.726, 1.197925, 0.743877, 0.7735416
 
40.24925, 0.0007958406, -0.007295865, 5, 0, 0.0000312529174518978397887755, 9071.148, -1642.728, -6.594189, 0.004862703, 0.07868536, 142.7783, 1.197925, 0.743877, 0.7735416
 
40.25925, 0.00080586, -0.007287906, 5, 0, 0.0000311836454620237219027951, 9079.247, -1642.728, -6.594189, 0.004862703, 0.07868536, 142.8306, 1.197925, 0.743877, 0.7735416
 
40.26925, 0.0008092101, -0.007279848, 5, 0, 0.0000311185359790523918226952, 9087.35, -1642.728, -6.594189, 0.004862703, 0.07868536, 142.8829, 1.197925, 0.743877, 0.7735416
 
40.27925, 0.000787285, -0.007271755, 5, 0, 0.0000310704140242513453457787, 9095.449, -1642.728, -6.594189, 0.004862703, 0.07868536, 142.9351, 1.197925, 0.743877, 0.7735416
 
40.28925, 0.000804032, -0.007263883, 5, 0, 0.0000309973451530808244058595, 9103.55, -1642.728, -6.594189, 0.004862703, 0.07868536, 142.9872, 1.197925, 0.743877, 0.7735416
 
40.29924, 0.000807696, -0.007255842, 5, 0, 0.0000309324325454359100262532, 9111.651, -1642.728, -6.594189, 0.004862703, 0.07868536, 143.0394, 1.197925, 0.743877, 0.7735416
 
40.30924, 0.0007824388, -0.007247766, 5, 0, 0.0000308868980949258423173277, 9119.749, -1642.728, -6.594189, 0.004862703, 0.07868536, 143.0915, 1.197925, 0.743877, 0.7735416
 
40.31924, 0.0007993382, -0.007239941, 5, 0, 0.0000308142792245015295104274, 9127.852, -1642.728, -6.594189, 0.004862703, 0.07868536, 143.1435, 1.197925, 0.743877, 0.7735416
 
40.32924, 0.0007995453, -0.007231948, 5, 0, 0.0000307522353716138329803826, 9135.951, -1642.728, -6.594189, 0.004862703, 0.07868536, 143.1955, 1.197925, 0.743877, 0.7735416
 
40.33924, 0.0007809596, -0.007223952, 5, 0, 0.0000307028759147607544238260, 9144.051, -1642.728, -6.594189, 0.004862703, 0.07868536, 143.2475, 1.197925, 0.743877, 0.7735416
 
40.34924, 0.000796911, -0.007216142, 5, 0, 0.0000306312976710622191407193, 9152.151, -1642.728, -6.594189, 0.004862703, 0.07868536, 143.2994, 1.197925, 0.743877, 0.7735416
 
40.35923, 0.0007898636, -0.007208173, 5, 0, 0.0000305745132018961423830864, 9160.256, -1642.728, -6.594189, 0.004862703, 0.07868536, 143.3513, 1.197925, 0.743877, 0.7735416
 
40.36923, 0.0007636098, -0.007200275, 5, 0, 0.0000305309756296974840513771, 9168.354, -1642.728, -6.594189, 0.004862703, 0.07868536, 143.4032, 1.197925, 0.743877, 0.7735416
 
40.37923, 0.0007763373, -0.007192639, 5, 0, 0.0000304626598914091591634662, 9176.456, -1642.728, -6.594189, 0.004862703, 0.07868536, 143.455, 1.197925, 0.743877, 0.7735416
 
40.38923, 0.0007687763, -0.007184875, 5, 0, 0.0000304074222998082836500305, 9184.556, -1642.728, -6.594189, 0.004862703, 0.07868536, 143.5068, 1.197925, 0.743877, 0.7735416
 
40.39923, 0.0007458858, -0.007177188, 5, 0, 0.0000303627878507907933517898, 9192.655, -1642.728, -6.594189, 0.004862703, 0.07868536, 143.5585, 1.197925, 0.743877, 0.7735416
 
40.40923, 0.0007575576, -0.007169729, 5, 0, 0.0000302962721154873009959544, 9200.756, -1642.728, -6.594189, 0.004862703, 0.07868536, 143.6102, 1.197925, 0.743877, 0.7735416
 
40.41922, 0.0007491123, -0.007162153, 5, 0, 0.0000302426939016382190461326, 9208.859, -1642.728, -6.594189, 0.004862703, 0.07868536, 143.6619, 1.197925, 0.743877, 0.7735416
 
40.42922, 0.0007180063, -0.007154662, 5, 0, 0.0000302046407135343651256680, 9216.958, -1642.728, -6.594189, 0.004862703, 0.07868536, 143.7135, 1.197925, 0.743877, 0.7735416
 
40.43922, 0.0007358741, -0.007147482, 5, 0, 0.0000301355093488934473527964, 9225.06, -1642.728, -6.594189, 0.004862703, 0.07868536, 143.765, 1.197925, 0.743877, 0.7735416
 
40.44922, 0.0007228056, -0.007140123, 5, 0, 0.0000300862342671803533219640, 9233.154, -1642.728, -6.594189, 0.004862703, 0.07868536, 143.8166, 1.197925, 0.743877, 0.7735416
 
40.45922, 0.0007571381, -0.007132895, 5, 0, 0.0000300062466345362579013720, 9241.254, -1642.728, -6.594189, 0.004862703, 0.07868536, 143.8681, 1.197925, 0.743877, 0.7735416
 
40.46922, 0.0007661231, -0.007125324, 5, 0, 0.0000299416434024043515416757, 9249.356, -1642.728, -6.594189, 0.004862703, 0.07868536, 143.9195, 1.197925, 0.743877, 0.7735416
 
40.47921, 0.0007478909, -0.007117663, 5, 0, 0.0000298947870747022672273860, 9257.457, -1642.728, -6.594189, 0.004862703, 0.07868536, 143.9709, 1.197925, 0.743877, 0.7735416
 
40.48921, 0.0007617369, -0.007110184, 5, 0, 0.0000298276244633261510380381, 9265.555, -1642.728, -6.594189, 0.004862703, 0.07868536, 144.0223, 1.197925, 0.743877, 0.7735416
 
40.49921, 0.0007699647, -0.007102567, 5, 0, 0.0000297636681072668685118543, 9273.655, -1642.728, -6.594189, 0.004862703, 0.07868536, 144.0736, 1.197925, 0.743877, 0.7735416
 
40.50921, 0.0007443051, -0.007094867, 5, 0, 0.0000297218180378667726820981, 9281.757, -1642.728, -6.594189, 0.004862703, 0.07868536, 144.1249, 1.197925, 0.743877, 0.7735416
 
40.51921, 0.0007541456, -0.007087424, 5, 0, 0.0000296577491816208978364977, 9289.855, -1642.728, -6.594189, 0.004862703, 0.07868536, 144.1762, 1.197925, 0.743877, 0.7735416
 
40.52921, 0.0007523109, -0.007079883, 5, 0, 0.0000296010772126414133982813, 9297.955, -1642.728, -6.594189, 0.004862703, 0.07868536, 144.2274, 1.197925, 0.743877, 0.7735416
 
40.5392, 0.0007745047, -0.007072359, 5, 0, 0.0000295287677177302697559381, 9306.052, -1642.728, -6.594189, 0.004862703, 0.07868536, 144.2786, 1.197925, 0.743877, 0.7735416
 
40.5492, 0.0007836982, -0.007064614, 5, 0, 0.0000294641926106449711899342, 9314.151, -1642.728, -6.594189, 0.004862703, 0.07868536, 144.3297, 1.197925, 0.743877, 0.7735416
 
40.5592, 0.0007783857, -0.007056777, 5, 0, 0.0000294088706439041111507744, 9322.248, -1642.728, -6.594189, 0.004862703, 0.07868536, 144.3808, 1.197925, 0.743877, 0.7735416
 
40.5692, 0.000790724, -0.007048993, 5, 0, 0.0000293422986585074032075543, 9330.345, -1642.728, -6.594189, 0.004862703, 0.07868536, 144.4318, 1.197925, 0.743877, 0.7735416
 
40.5792, 0.0007938967, -0.007041086, 5, 0, 0.0000292812954323454842013032, 9338.443, -1642.728, -6.594189, 0.004862703, 0.07868536, 144.4828, 1.197925, 0.743877, 0.7735416
 
40.5892, 0.0007792755, -0.007033147, 5, 0, 0.0000292319078504457978510542, 9346.542, -1642.728, -6.594189, 0.004862703, 0.07868536, 144.5338, 1.197925, 0.743877, 0.7735416
 
40.59919, 0.0007961582, -0.007025354, 5, 0, 0.0000291626639856182877587661, 9354.64, -1642.728, -6.594189, 0.004862703, 0.07868536, 144.5847, 1.197925, 0.743877, 0.7735416
 
40.60919, 0.0007900008, -0.007017393, 5, 0, 0.0000291078482697170125846570, 9362.735, -1642.728, -6.594189, 0.004862703, 0.07868536, 144.6356, 1.197925, 0.743877, 0.7735416
 
40.61919, 0.0007668024, -0.007009493, 5, 0, 0.0000290645075728449310980883, 9370.835, -1642.728, -6.594189, 0.004862703, 0.07868536, 144.6865, 1.197925, 0.743877, 0.7735416
 
40.62919, 0.0007751551, -0.007001825, 5, 0, 0.0000290016480936046416830828, 9378.935, -1642.728, -6.594189, 0.004862703, 0.07868536, 144.7373, 1.197925, 0.743877, 0.7735416
 
40.63919, 0.0007550947, -0.006994073, 5, 0, 0.0000289570698946803669722268, 9387.032, -1642.728, -6.594189, 0.004862703, 0.07868536, 144.7881, 1.197925, 0.743877, 0.7735416
 
40.64919, 0.0007239439, -0.006986522, 5, 0, 0.0000289206198342349298833443, 9395.129, -1642.728, -6.594189, 0.004862703, 0.07868536, 144.8388, 1.197925, 0.743877, 0.7735416
 
40.65918, 0.00072862, -0.006979282, 5, 0, 0.0000288622322374104362941294, 9403.223, -1642.728, -6.594189, 0.004862703, 0.07868536, 144.8895, 1.197925, 0.743877, 0.7735416
 
40.66918, 0.0007208654, -0.006971996, 5, 0, 0.0000288118602788783491521185, 9411.321, -1642.728, -6.594189, 0.004862703, 0.07868536, 144.9402, 1.197925, 0.743877, 0.7735416
 
40.67918, 0.000736615, -0.006964788, 5, 0, 0.0000287466101706736578142627, 9419.419, -1642.728, -6.594189, 0.004862703, 0.07868536, 144.9908, 1.197925, 0.743877, 0.7735416
 
40.68918, 0.0007299845, -0.006957422, 5, 0, 0.0000286953382106491544062141, 9427.519, -1642.728, -6.594189, 0.004862703, 0.07868536, 145.0414, 1.197925, 0.743877, 0.7735416
 
40.69918, 0.000705399, -0.006950122, 5, 0, 0.0000286560756455397150551547, 9435.61, -1642.728, -6.594189, 0.004862703, 0.07868536, 145.0919, 1.197925, 0.743877, 0.7735416
 
40.70918, 0.0007186601, -0.006943068, 5, 0, 0.0000285933849165793946915975, 9443.71, -1642.728, -6.594189, 0.004862703, 0.07868536, 145.1424, 1.197925, 0.743877, 0.7735416
 
40.71917, 0.0007086716, -0.006935881, 5, 0, 0.0000285453192118717249467128, 9451.802, -1642.728, -6.594189, 0.004862703, 0.07868536, 145.1928, 1.197925, 0.743877, 0.7735416
 
40.72917, 0.0007320873, -0.006928795, 5, 0, 0.0000284761315971374304418094, 9459.898, -1642.728, -6.594189, 0.004862703, 0.07868536, 145.2433, 1.197925, 0.743877, 0.7735416
 
40.73917, 0.000738796, -0.006921474, 5, 0, 0.0000284169002489137361739415, 9467.992, -1642.728, -6.594189, 0.004862703, 0.07868536, 145.2936, 1.197925, 0.743877, 0.7735416
 
40.74917, 0.0007197885, -0.006914086, 5, 0, 0.0000283740939279278473461158, 9476.086, -1642.728, -6.594189, 0.004862703, 0.07868536, 145.344, 1.197925, 0.743877, 0.7735416
 
40.75917, 0.0007372884, -0.006906888, 5, 0, 0.0000283085906943033635757346, 9484.181, -1642.728, -6.594189, 0.004862703, 0.07868536, 145.3943, 1.197925, 0.743877, 0.7735416
 
40.76917, 0.0007317017, -0.006899515, 5, 0, 0.0000282573468593254679613784, 9492.277, -1642.728, -6.594189, 0.004862703, 0.07868536, 145.4445, 1.197925, 0.743877, 0.7735416
 
40.77916, 0.0007074788, -0.006892198, 5, 0, 0.0000282184217947758055685684, 9500.369, -1642.728, -6.594189, 0.004862703, 0.07868536, 145.4947, 1.197925, 0.743877, 0.7735416
 
40.78916, 0.0007134666, -0.006885123, 5, 0, 0.0000281611310747703050905320, 9508.464, -1642.728, -6.594189, 0.004862703, 0.07868536, 145.5449, 1.197925, 0.743877, 0.7735416
 
40.79916, 0.000696893, -0.006877989, 5, 0, 0.0000281182122535978239432898, 9516.556, -1642.728, -6.594189, 0.004862703, 0.07868536, 145.595, 1.197925, 0.743877, 0.7735416
 
40.80916, 0.0007147968, -0.006871019, 5, 0, 0.0000280539071469602824860266, 9524.648, -1642.728, -6.594189, 0.004862703, 0.07868536, 145.6451, 1.197925, 0.743877, 0.7735416
 
40.81916, 0.0007178963, -0.006863872, 5, 0, 0.0000279984670550235085687118, 9532.74, -1642.728, -6.594189, 0.004862703, 0.07868536, 145.6952, 1.197925, 0.743877, 0.7735416
 
40.82915, 0.000690979, -0.006856692, 5, 0, 0.0000279622419949514172633093, 9540.829, -1642.728, -6.594189, 0.004862703, 0.07868536, 145.7452, 1.197925, 0.743877, 0.7735416
 
40.83915, 0.000705157, -0.006849783, 5, 0, 0.0000279008618931643092429924, 9548.922, -1642.728, -6.594189, 0.004862703, 0.07868536, 145.7951, 1.197925, 0.743877, 0.7735416
 
40.84915, 0.0007019517, -0.006842731, 5, 0, 0.0000278501327465399002594709, 9557.012, -1642.728, -6.594189, 0.004862703, 0.07868536, 145.8451, 1.197925, 0.743877, 0.7735416
 
40.85915, 0.0007222108, -0.006835712, 5, 0, 0.0000277846098253828716058287, 9565.105, -1642.728, -6.594189, 0.004862703, 0.07868536, 145.895, 1.197925, 0.743877, 0.7735416
 
40.86915, 0.000714562, -0.00682849, 5, 0, 0.0000277361981826015231369104, 9573.195, -1642.728, -6.594189, 0.004862703, 0.07868536, 145.9448, 1.197925, 0.743877, 0.7735416
 
40.87915, 0.0007462453, -0.006821344, 5, 0, 0.0000276630814988516883753906, 9581.286, -1642.728, -6.594189, 0.004862703, 0.07868536, 145.9946, 1.197925, 0.743877, 0.7735416
 
40.88914, 0.0007530753, -0.006813882, 5, 0, 0.0000276046292144199162883598, 9589.377, -1642.728, -6.594189, 0.004862703, 0.07868536, 146.0444, 1.197925, 0.743877, 0.7735416
 
40.89914, 0.0007325992, -0.006806351, 5, 0, 0.0000275633894585317735879924, 9597.468, -1642.728, -6.594189, 0.004862703, 0.07868536, 146.0941, 1.197925, 0.743877, 0.7735416
 
40.90914, 0.0007517236, -0.006799025, 5, 0, 0.0000274978637248701647273045, 9605.556, -1642.728, -6.594189, 0.004862703, 0.07868536, 146.1438, 1.197925, 0.743877, 0.7735416
 
40.91914, 0.0007435234, -0.006791508, 5, 0, 0.0000274490273938844745673669, 9613.647, -1642.728, -6.594189, 0.004862703, 0.07868536, 146.1935, 1.197925, 0.743877, 0.7735416
 
40.92914, 0.0007087488, -0.006784073, 5, 0, 0.0000274175132791244259064635, 9621.735, -1642.728, -6.594189, 0.004862703, 0.07868536, 146.2431, 1.197925, 0.743877, 0.7735416
 
40.93914, 0.0007178724, -0.006776986, 5, 0, 0.0000273596038080929093886070, 9629.823, -1642.728, -6.594189, 0.004862703, 0.07868536, 146.2927, 1.197925, 0.743877, 0.7735416
 
40.94913, 0.0007000904, -0.006769807, 5, 0, 0.0000273184821774006805663946, 9637.912, -1642.728, -6.594189, 0.004862703, 0.07868536, 146.3422, 1.197925, 0.743877, 0.7735416
 
40.95913, 0.0007124976, -0.006762806, 5, 0, 0.0000272590314538131232184322, 9645.998, -1642.728, -6.594189, 0.004862703, 0.07868536, 146.3917, 1.197925, 0.743877, 0.7735416
 
40.96913, 0.0007092768, -0.006755681, 5, 0, 0.0000272090616834479303878396, 9654.087, -1642.728, -6.594189, 0.004862703, 0.07868536, 146.4412, 1.197925, 0.743877, 0.7735416
 
40.97913, 0.0006862468, -0.006748588, 5, 0, 0.0000271718409967246340285512, 9662.177, -1642.728, -6.594189, 0.004862703, 0.07868536, 146.4906, 1.197925, 0.743877, 0.7735416
 
40.98913, 0.000687105, -0.006741726, 5, 0, 0.0000271205324741394599163790, 9670.262, -1642.728, -6.594189, 0.004862703, 0.07868536, 146.54, 1.197925, 0.743877, 0.7735416
 
40.99913, 0.0006663266, -0.006734855, 5, 0, 0.0000270829489743145201568416, 9678.345, -1642.728, -6.594189, 0.004862703, 0.07868536, 146.5893, 1.197925, 0.743877, 0.7735416
 
41.00912, 0.0006757164, -0.006728192, 5, 0, 0.0000270272163818928640404793, 9686.435, -1642.728, -6.594189, 0.004862703, 0.07868536, 146.6386, 1.197925, 0.743877, 0.7735416
 
41.01912, 0.0006672828, -0.006721435, 5, 0, 0.0000269824497451560753949139, 9694.518, -1642.728, -6.594189, 0.004862703, 0.07868536, 146.6879, 1.197925, 0.743877, 0.7735416
 
41.02912, 0.0006912223, -0.006714762, 5, 0, 0.0000269176918252675844529391, 9702.604, -1642.728, -6.594189, 0.004862703, 0.07868536, 146.7371, 1.197925, 0.743877, 0.7735416
 
41.03912, 0.0006857055, -0.006707849, 5, 0, 0.0000268706245597156999689860, 9710.688, -1642.728, -6.594189, 0.004862703, 0.07868536, 146.7863, 1.197925, 0.743877, 0.7735416
 
41.04912, 0.0006595423, -0.006700993, 5, 0, 0.0000268368491912058063808643, 9718.771, -1642.728, -6.594189, 0.004862703, 0.07868536, 146.8354, 1.197925, 0.743877, 0.7735416
 
41.05912, 0.0006733413, -0.006694397, 5, 0, 0.0000267790719078934270656853, 9726.854, -1642.728, -6.594189, 0.004862703, 0.07868536, 146.8845, 1.197925, 0.743877, 0.7735416
 
41.06911, 0.0006621035, -0.006687663, 5, 0, 0.0000267365637124017419956456, 9734.936, -1642.728, -6.594189, 0.004862703, 0.07868536, 146.9335, 1.197925, 0.743877, 0.7735416
 
41.07911, 0.0006898144, -0.006681042, 5, 0, 0.0000266701295397336539584886, 9743.019, -1642.728, -6.594189, 0.004862703, 0.07868536, 146.9825, 1.197925, 0.743877, 0.7735416
 
41.08911, 0.0006839057, -0.006674144, 5, 0, 0.0000266237710253569304541712, 9751.1, -1642.728, -6.594189, 0.004862703, 0.07868536, 147.0315, 1.197925, 0.743877, 0.7735416
 
41.09911, 0.0007105161, -0.006667305, 5, 0, 0.0000265573565402215484449224, 9759.18, -1642.728, -6.594189, 0.004862703, 0.07868536, 147.0804, 1.197925, 0.743877, 0.7735416
 
41.10911, 0.0007235871, -0.0066602, 5, 0, 0.0000264984514425388268731799, 9767.26, -1642.728, -6.594189, 0.004862703, 0.07868536, 147.1293, 1.197925, 0.743877, 0.7735416
 
41.11911, 0.0007077503, -0.006652964, 5, 0, 0.0000264571948116227194965972, 9775.342, -1642.728, -6.594189, 0.004862703, 0.07868536, 147.1782, 1.197925, 0.743877, 0.7735416
 
41.1291, 0.0007148852, -0.006645886, 5, 0, 0.0000264022890955721382380254, 9783.423, -1642.728, -6.594189, 0.004862703, 0.07868536, 147.227, 1.197925, 0.743877, 0.7735416
 
41.1391, 0.0006964016, -0.006638737, 5, 0, 0.0000263631952807426679384143, 9791.5, -1642.728, -6.594189, 0.004862703, 0.07868536, 147.2758, 1.197925, 0.743877, 0.7735416
 
41.1491, 0.000720659, -0.006631773, 5, 0, 0.0000262982292355091181784690, 9799.581, -1642.728, -6.594189, 0.004862703, 0.07868536, 147.3245, 1.197925, 0.743877, 0.7735416
 
41.1591, 0.0007079599, -0.006624567, 5, 0, 0.0000262554454145605155855971, 9807.659, -1642.728, -6.594189, 0.004862703, 0.07868536, 147.3732, 1.197925, 0.743877, 0.7735416
 
41.1691, 0.0006741964, -0.006617487, 5, 0, 0.0000262263641163348611104062, 9815.737, -1642.728, -6.594189, 0.004862703, 0.07868536, 147.4219, 1.197925, 0.743877, 0.7735416
 
41.1791, 0.0006805259, -0.006610746, 5, 0, 0.0000261737337165575092482226, 9823.815, -1642.728, -6.594189, 0.004862703, 0.07868536, 147.4705, 1.197925, 0.743877, 0.7735416
 
41.18909, 0.0006644346, -0.00660394, 5, 0, 0.0000261348789646244469119671, 9831.894, -1642.728, -6.594189, 0.004862703, 0.07868536, 147.5191, 1.197925, 0.743877, 0.7735416
 
41.19909, 0.0006781887, -0.006597296, 5, 0, 0.0000260781788705983546800583, 9839.972, -1642.728, -6.594189, 0.004862703, 0.07868536, 147.5676, 1.197925, 0.743877, 0.7735416
 
41.20909, 0.0006643292, -0.006590514, 5, 0, 0.0000260381850542763069697624, 9848.046, -1642.728, -6.594189, 0.004862703, 0.07868536, 147.6161, 1.197925, 0.743877, 0.7735416
 
41.21909, 0.0006866788, -0.006583871, 5, 0, 0.0000259763352642104459331654, 9856.125, -1642.728, -6.594189, 0.004862703, 0.07868536, 147.6646, 1.197925, 0.743877, 0.7735416
 
41.22909, 0.0006787731, -0.006577004, 5, 0, 0.0000259324686289662346982849, 9864.196, -1642.728, -6.594189, 0.004862703, 0.07868536, 147.713, 1.197925, 0.743877, 0.7735416
 
41.23909, 0.0006478925, -0.006570216, 5, 0, 0.0000259032073304419680541688, 9872.271, -1642.728, -6.594189, 0.004862703, 0.07868536, 147.7614, 1.197925, 0.743877, 0.7735416
 
41.24908, 0.0006507058, -0.006563738, 5, 0, 0.0000258543906869889839221393, 9880.342, -1642.728, -6.594189, 0.004862703, 0.07868536, 147.8097, 1.197925, 0.743877, 0.7735416
 
41.25908, 0.0006398361, -0.00655723, 5, 0, 0.0000258139890574907203416866, 9888.417, -1642.728, -6.594189, 0.004862703, 0.07868536, 147.858, 1.197925, 0.743877, 0.7735416
 
41.26908, 0.0006517256, -0.006550832, 5, 0, 0.0000257600367805213518741387, 9896.488, -1642.728, -6.594189, 0.004862703, 0.07868536, 147.9062, 1.197925, 0.743877, 0.7735416
 
41.27908, 0.0006437488, -0.006544315, 5, 0, 0.0000257179617107480714055495, 9904.56, -1642.728, -6.594189, 0.004862703, 0.07868536, 147.9544, 1.197925, 0.743877, 0.7735416
 
41.28908, 0.0006662501, -0.006537877, 5, 0, 0.0000256574844229582821476102, 9912.627, -1642.728, -6.594189, 0.004862703, 0.07868536, 148.0026, 1.197925, 0.743877, 0.7735416
 
41.29908, 0.0006620155, -0.006531215, 5, 0, 0.0000256126727861467598874900, 9920.699, -1642.728, -6.594189, 0.004862703, 0.07868536, 148.0508, 1.197925, 0.743877, 0.7735416
 
41.30907, 0.0006860316, -0.006524595, 5, 0, 0.0000255507076833897263244309, 9928.771, -1642.728, -6.594189, 0.004862703, 0.07868536, 148.0989, 1.197925, 0.743877, 0.7735416
 
41.31907, 0.0006855761, -0.006517734, 5, 0, 0.0000255029457291857430407178, 9936.842, -1642.728, -6.594189, 0.004862703, 0.07868536, 148.1469, 1.197925, 0.743877, 0.7735416
 
41.32907, 0.0006544306, -0.006510878, 5, 0, 0.0000254741569314451319092215, 9944.91, -1642.728, -6.594189, 0.004862703, 0.07868536, 148.1949, 1.197925, 0.743877, 0.7735416
 
41.33907, 0.0006633072, -0.006504334, 5, 0, 0.0000254220693450680356162121, 9952.978, -1642.728, -6.594189, 0.004862703, 0.07868536, 148.2429, 1.197925, 0.743877, 0.7735416
 
41.34907, 0.0006478932, -0.006497701, 5, 0, 0.0000253846292829808761768292, 9961.042, -1642.728, -6.594189, 0.004862703, 0.07868536, 148.2908, 1.197925, 0.743877, 0.7735416
 
41.35907, 0.000668412, -0.006491222, 5, 0, 0.0000253258141854474606895493, 9969.11, -1642.728, -6.594189, 0.004862703, 0.07868536, 148.3387, 1.197925, 0.743877, 0.7735416
 
41.36906, 0.0006505626, -0.006484538, 5, 0, 0.0000252897916257111066433789, 9977.179, -1642.728, -6.594189, 0.004862703, 0.07868536, 148.3866, 1.197925, 0.743877, 0.7735416
 
41.37906, 0.0006652124, -0.006478033, 5, 0, 0.0000252346468467641174214515, 9985.242, -1642.728, -6.594189, 0.004862703, 0.07868536, 148.4344, 1.197925, 0.743877, 0.7735416
 
41.38906, 0.0006614812, -0.006471381, 5, 0, 0.0000251902486481382937348737, 9993.311, -1642.728, -6.594189, 0.004862703, 0.07868536, 148.4822, 1.197925, 0.743877, 0.7735416
 
41.39906, 0.0006862827, -0.006464766, 5, 0, 0.0000251286322959596802475410, 10001.38, -1642.728, -6.594189, 0.004862703, 0.07868536, 148.53, 1.197925, 0.743877, 0.7735416
 
41.40906, 0.0006859095, -0.006457903, 5, 0, 0.0000250815144053237405902946, 10009.44, -1642.728, -6.594189, 0.004862703, 0.07868536, 148.5777, 1.197925, 0.743877, 0.7735416
 
41.41906, 0.0006571425, -0.006451044, 5, 0, 0.0000250518199810812304893750, 10017.5, -1642.728, -6.594189, 0.004862703, 0.07868536, 148.6253, 1.197925, 0.743877, 0.7735416
 
41.42905, 0.0006614182, -0.006444472, 5, 0, 0.0000250031636503941524983626, 10025.56, -1642.728, -6.594189, 0.004862703, 0.07868536, 148.6729, 1.197925, 0.743877, 0.7735416
 
41.43905, 0.0006476109, -0.006437858, 5, 0, 0.0000249654367128314324186706, 10033.62, -1642.728, -6.594189, 0.004862703, 0.07868536, 148.7205, 1.197925, 0.743877, 0.7735416
 
41.44905, 0.0006556325, -0.006431382, 5, 0, 0.0000249150225667293530137977, 10041.68, -1642.728, -6.594189, 0.004862703, 0.07868536, 148.768, 1.197925, 0.743877, 0.7735416
 
41.45905, 0.0006361652, -0.006424826, 5, 0, 0.0000248810981354721964021358, 10049.75, -1642.728, -6.594189, 0.004862703, 0.07868536, 148.8155, 1.197925, 0.743877, 0.7735416
 
41.46905, 0.0006490323, -0.006418464, 5, 0, 0.0000248283355479757073372746, 10057.81, -1642.728, -6.594189, 0.004862703, 0.07868536, 148.863, 1.197925, 0.743877, 0.7735416
 
41.47905, 0.0006424008, -0.006411973, 5, 0, 0.0000247869973544243567866605, 10065.87, -1642.728, -6.594189, 0.004862703, 0.07868536, 148.9104, 1.197925, 0.743877, 0.7735416
 
41.48904, 0.0006648171, -0.00640555, 5, 0, 0.0000247283566321800707649203, 10073.93, -1642.728, -6.594189, 0.004862703, 0.07868536, 148.9578, 1.197925, 0.743877, 0.7735416
 
41.49904, 0.0006507749, -0.006398901, 5, 0, 0.0000246910487578122096728621, 10081.98, -1642.728, -6.594189, 0.004862703, 0.07868536, 149.0051, 1.197925, 0.743877, 0.7735416
 
41.50904, 0.0006776359, -0.006392394, 5, 0, 0.0000246295645933527333882070, 10090.04, -1642.728, -6.594189, 0.004862703, 0.07868536, 149.0524, 1.197925, 0.743877, 0.7735416
 
41.51904, 0.0006723668, -0.006385617, 5, 0, 0.0000245865726470589108327176, 10098.1, -1642.728, -6.594189, 0.004862703, 0.07868536, 149.0997, 1.197925, 0.743877, 0.7735416
 
41.52904, 0.0006429984, -0.006378894, 5, 0, 0.0000245584560379329511213803, 10106.15, -1642.728, -6.594189, 0.004862703, 0.07868536, 149.1469, 1.197925, 0.743877, 0.7735416
 
41.53904, 0.0006553964, -0.006372464, 5, 0, 0.0000245062728263972271851699, 10114.21, -1642.728, -6.594189, 0.004862703, 0.07868536, 149.1941, 1.197925, 0.743877, 0.7735416
 
41.54903, 0.0006321707, -0.00636591, 5, 0, 0.0000244752171498974495677167, 10122.26, -1642.728, -6.594189, 0.004862703, 0.07868536, 149.2412, 1.197925, 0.743877, 0.7735416
 
41.55903, 0.0006436685, -0.006359588, 5, 0, 0.0000244241561277225851846843, 10130.31, -1642.728, -6.594189, 0.004862703, 0.07868536, 149.2883, 1.197925, 0.743877, 0.7735416
 
41.56903, 0.0006296671, -0.006353151, 5, 0, 0.0000243881110679489449035599, 10138.36, -1642.728, -6.594189, 0.004862703, 0.07868536, 149.3354, 1.197925, 0.743877, 0.7735416
 
41.57903, 0.0006371264, -0.006346854, 5, 0, 0.0000243397416127375886975037, 10146.41, -1642.728, -6.594189, 0.004862703, 0.07868536, 149.3824, 1.197925, 0.743877, 0.7735416
 
41.58903, 0.0006282038, -0.006340483, 5, 0, 0.0000243010162360189222122330, 10154.46, -1642.728, -6.594189, 0.004862703, 0.07868536, 149.4294, 1.197925, 0.743877, 0.7735416
 
41.59903, 0.0006445743, -0.006334201, 5, 0, 0.0000242474773972352523182275, 10162.52, -1642.728, -6.594189, 0.004862703, 0.07868536, 149.4763, 1.197925, 0.743877, 0.7735416
 
41.60902, 0.0006348781, -0.006327755, 5, 0, 0.0000242090726460483981149909, 10170.56, -1642.728, -6.594189, 0.004862703, 0.07868536, 149.5232, 1.197925, 0.743877, 0.7735416
 
41.61902, 0.0006528601, -0.006321406, 5, 0, 0.0000241544763055109860209763, 10178.61, -1642.728, -6.594189, 0.004862703, 0.07868536, 149.5701, 1.197925, 0.743877, 0.7735416
 
41.62902, 0.0006541458, -0.006314878, 5, 0, 0.0000241092877930745970360844, 10186.66, -1642.728, -6.594189, 0.004862703, 0.07868536, 149.6169, 1.197925, 0.743877, 0.7735416
 
41.63902, 0.0006161956, -0.006308336, 5, 0, 0.0000240876511946944856452308, 10194.71, -1642.728, -6.594189, 0.004862703, 0.07868536, 149.6637, 1.197925, 0.743877, 0.7735416
 
41.64902, 0.0006119016, -0.006302174, 5, 0, 0.0000240473620653828143841946, 10202.75, -1642.728, -6.594189, 0.004862703, 0.07868536, 149.7105, 1.197925, 0.743877, 0.7735416
 
41.65902, 0.0005878415, -0.006296055, 5, 0, 0.0000240191357685750037051336, 10210.8, -1642.728, -6.594189, 0.004862703, 0.07868536, 149.7572, 1.197925, 0.743877, 0.7735416
 
41.66901, 0.0005958571, -0.006290177, 5, 0, 0.0000239726956915630370267848, 10218.84, -1642.728, -6.594189, 0.004862703, 0.07868536, 149.8038, 1.197925, 0.743877, 0.7735416
 
41.67901, 0.0005838232, -0.006284218, 5, 0, 0.0000239380175090561469655796, 10226.88, -1642.728, -6.594189, 0.004862703, 0.07868536, 149.8504, 1.197925, 0.743877, 0.7735416
 
41.68901, 0.0005927292, -0.00627838, 5, 0, 0.0000238913299316337094134439, 10234.93, -1642.728, -6.594189, 0.004862703, 0.07868536, 149.897, 1.197925, 0.743877, 0.7735416
 
41.69901, 0.0005687567, -0.006272452, 5, 0, 0.0000238640092613277977038063, 10242.97, -1642.728, -6.594189, 0.004862703, 0.07868536, 149.9436, 1.197925, 0.743877, 0.7735416
 
41.70901, 0.000580391, -0.006266765, 5, 0, 0.0000238164244949176852373256, 10251.01, -1642.728, -6.594189, 0.004862703, 0.07868536, 149.9901, 1.197925, 0.743877, 0.7735416
 
41.71901, 0.0005714393, -0.006260961, 5, 0, 0.0000237807309982268840943262, 10259.05, -1642.728, -6.594189, 0.004862703, 0.07868536, 150.0365, 1.197925, 0.743877, 0.7735416
 
41.729, 0.0005898185, -0.006255246, 5, 0, 0.0000237291777877359804600600, 10267.09, -1642.728, -6.594189, 0.004862703, 0.07868536, 150.0829, 1.197925, 0.743877, 0.7735416
 
41.739, 0.0005797501, -0.006249348, 5, 0, 0.0000236939174167634227738641, 10275.13, -1642.728, -6.594189, 0.004862703, 0.07868536, 150.1293, 1.197925, 0.743877, 0.7735416
 
41.749, 0.0005976387, -0.006243551, 5, 0, 0.0000236424767064589503143672, 10283.16, -1642.728, -6.594189, 0.004862703, 0.07868536, 150.1757, 1.197925, 0.743877, 0.7735416
 
41.759, 0.0005882735, -0.006237574, 5, 0, 0.0000236066228970024041749979, 10291.2, -1642.728, -6.594189, 0.004862703, 0.07868536, 150.222, 1.197925, 0.743877, 0.7735416
 
41.769, 0.0006037678, -0.006231692, 5, 0, 0.0000235564140637408033810498, 10299.24, -1642.728, -6.594189, 0.004862703, 0.07868536, 150.2683, 1.197925, 0.743877, 0.7735416
 
41.779, 0.0005841109, -0.006225654, 5, 0, 0.0000235265649517418698424987, 10307.28, -1642.728, -6.594189, 0.004862703, 0.07868536, 150.3145, 1.197925, 0.743877, 0.7735416
 
41.78899, 0.0006025595, -0.006219813, 5, 0, 0.0000234749161160923385650313, 10315.31, -1642.728, -6.594189, 0.004862703, 0.07868536, 150.3607, 1.197925, 0.743877, 0.7735416
 
41.79899, 0.0006464061, -0.006213787, 5, 0, 0.0000234076044419689593521434, 10323.35, -1642.728, -6.594189, 0.004862703, 0.07868536, 150.4068, 1.197925, 0.743877, 0.7735416
 
41.80899, 0.000661027, -0.006207323, 5, 0, 0.0000233560231064312867795377, 10331.38, -1642.728, -6.594189, 0.004862703, 0.07868536, 150.453, 1.197925, 0.743877, 0.7735416
 
41.81899, 0.0006438661, -0.006200713, 5, 0, 0.0000233227568012655582635122, 10339.41, -1642.728, -6.594189, 0.004862703, 0.07868536, 150.499, 1.197925, 0.743877, 0.7735416
 
41.82899, 0.0006682327, -0.006194274, 5, 0, 0.0000232656629565864734859693, 10347.45, -1642.728, -6.594189, 0.004862703, 0.07868536, 150.5451, 1.197925, 0.743877, 0.7735416
 
41.83899, 0.0006600655, -0.006187592, 5, 0, 0.0000232269432048772897040842, 10355.47, -1642.728, -6.594189, 0.004862703, 0.07868536, 150.591, 1.197925, 0.743877, 0.7735416
 
41.84898, 0.0006824636, -0.006180991, 5, 0, 0.0000231705524863642054920854, 10363.51, -1642.728, -6.594189, 0.004862703, 0.07868536, 150.637, 1.197925, 0.743877, 0.7735416
 
41.85898, 0.0006700001, -0.006174167, 5, 0, 0.0000231339646131903096417868, 10371.53, -1642.728, -6.594189, 0.004862703, 0.07868536, 150.6829, 1.197925, 0.743877, 0.7735416
 
41.86898, 0.0007009764, -0.006167467, 5, 0, 0.0000230723116984510254503305, 10379.56, -1642.728, -6.594189, 0.004862703, 0.07868536, 150.7288, 1.197925, 0.743877, 0.7735416
 
41.87898, 0.0006890337, -0.006160457, 5, 0, 0.0000230348406988126780102096, 10387.58, -1642.728, -6.594189, 0.004862703, 0.07868536, 150.7746, 1.197925, 0.743877, 0.7735416
 
41.88898, 0.0006508279, -0.006153567, 5, 0, 0.0000230133362881517038220336, 10395.61, -1642.728, -6.594189, 0.004862703, 0.07868536, 150.8204, 1.197925, 0.743877, 0.7735416
 
41.89898, 0.000647957, -0.006147059, 5, 0, 0.0000229725437205051890476395, 10403.63, -1642.728, -6.594189, 0.004862703, 0.07868536, 150.8661, 1.197925, 0.743877, 0.7735416
 
41.90897, 0.0006137501, -0.006140579, 5, 0, 0.0000229503361836782142939193, 10411.66, -1642.728, -6.594189, 0.004862703, 0.07868536, 150.9118, 1.197925, 0.743877, 0.7735416
 
41.91897, 0.0006129605, -0.006134442, 5, 0, 0.0000229098558040494488911280, 10419.68, -1642.728, -6.594189, 0.004862703, 0.07868536, 150.9575, 1.197925, 0.743877, 0.7735416
 
41.92897, 0.0005828362, -0.006128312, 5, 0, 0.0000228866638905900733456459, 10427.7, -1642.728, -6.594189, 0.004862703, 0.07868536, 151.0031, 1.197925, 0.743877, 0.7735416
 
41.93897, 0.000585125, -0.006122484, 5, 0, 0.0000228456547600844368428500, 10435.72, -1642.728, -6.594189, 0.004862703, 0.07868536, 151.0487, 1.197925, 0.743877, 0.7735416
 
41.94897, 0.000556139, -0.006116633, 5, 0, 0.0000228229437849227797204190, 10443.74, -1642.728, -6.594189, 0.004862703, 0.07868536, 151.0943, 1.197925, 0.743877, 0.7735416
 
41.95897, 0.0005683992, -0.006111071, 5, 0, 0.0000227772265216095196355226, 10451.76, -1642.728, -6.594189, 0.004862703, 0.07868536, 151.1398, 1.197925, 0.743877, 0.7735416
 
41.96896, 0.0005456101, -0.006105388, 5, 0, 0.0000227516130416345541664522, 10459.78, -1642.728, -6.594189, 0.004862703, 0.07868536, 151.1853, 1.197925, 0.743877, 0.7735416
 
41.97896, 0.0005466267, -0.006099931, 5, 0, 0.0000227130029776072213522908, 10467.79, -1642.728, -6.594189, 0.004862703, 0.07868536, 151.2307, 1.197925, 0.743877, 0.7735416
 
41.98896, 0.0005257875, -0.006094465, 5, 0, 0.0000226871616847544910373417, 10475.8, -1642.728, -6.594189, 0.004862703, 0.07868536, 151.2761, 1.197925, 0.743877, 0.7735416
 
41.99896, 0.0005359272, -0.006089207, 5, 0, 0.0000226440797383113623973896, 10483.82, -1642.728, -6.594189, 0.004862703, 0.07868536, 151.3214, 1.197925, 0.743877, 0.7735416
 
42.00896, 0.0005653934, -0.006083848, 5, 0, 0.0000225894158976620915985134, 10491.84, -1642.728, -6.594189, 0.004862703, 0.07868536, 151.3667, 1.197925, 0.743877, 0.7735416
 
42.01896, 0.0005613714, -0.006078194, 5, 0, 0.0000225532386501691529700644, 10499.85, -1642.728, -6.594189, 0.004862703, 0.07868536, 151.412, 1.197925, 0.743877, 0.7735416
 
42.02895, 0.0005924636, -0.00607258, 5, 0, 0.0000224968366816374256405887, 10507.86, -1642.728, -6.594189, 0.004862703, 0.07868536, 151.4573, 1.197925, 0.743877, 0.7735416
 
42.03895, 0.0005905091, -0.006066656, 5, 0, 0.0000224585669306744499917224, 10515.87, -1642.728, -6.594189, 0.004862703, 0.07868536, 151.5024, 1.197925, 0.743877, 0.7735416
 
42.04895, 0.0006242014, -0.006060751, 5, 0, 0.0000223997293331037482694887, 10523.88, -1642.728, -6.594189, 0.004862703, 0.07868536, 151.5476, 1.197925, 0.743877, 0.7735416
 
42.05895, 0.0006312068, -0.006054508, 5, 0, 0.0000223551961342540460285405, 10531.89, -1642.728, -6.594189, 0.004862703, 0.07868536, 151.5927, 1.197925, 0.743877, 0.7735416
 
42.06895, 0.0006605826, -0.006048196, 5, 0, 0.0000222975032260814900944386, 10539.89, -1642.728, -6.594189, 0.004862703, 0.07868536, 151.6378, 1.197925, 0.743877, 0.7735416
 
42.07895, 0.0006657033, -0.006041591, 5, 0, 0.0000222528603395499368857666, 10547.9, -1642.728, -6.594189, 0.004862703, 0.07868536, 151.6828, 1.197925, 0.743877, 0.7735416
 
42.08894, 0.0006999235, -0.006034933, 5, 0, 0.0000221912327373525191363099, 10555.9, -1642.728, -6.594189, 0.004862703, 0.07868536, 151.7278, 1.197925, 0.743877, 0.7735416
 
42.09894, 0.0006930807, -0.006027934, 5, 0, 0.0000221521923601116842170378, 10563.91, -1642.728, -6.594189, 0.004862703, 0.07868536, 151.7728, 1.197925, 0.743877, 0.7735416
 
42.10894, 0.0006543924, -0.006021003, 5, 0, 0.0000221318860764376523419798, 10571.91, -1642.728, -6.594189, 0.004862703, 0.07868536, 151.8177, 1.197925, 0.743877, 0.7735416
 
42.11894, 0.0006571985, -0.006014459, 5, 0, 0.0000220890825679563437211998, 10579.91, -1642.728, -6.594189, 0.004862703, 0.07868536, 151.8625, 1.197925, 0.743877, 0.7735416
 
42.12894, 0.0006281205, -0.006007887, 5, 0, 0.0000220646531524449360960776, 10587.91, -1642.728, -6.594189, 0.004862703, 0.07868536, 151.9074, 1.197925, 0.743877, 0.7735416
 
42.13894, 0.0006354164, -0.006001606, 5, 0, 0.0000220203562039869004667922, 10595.91, -1642.728, -6.594189, 0.004862703, 0.07868536, 151.9522, 1.197925, 0.743877, 0.7735416
 
42.14893, 0.0006029751, -0.005995252, 5, 0, 0.0000219987702306908442492320, 10603.91, -1642.728, -6.594189, 0.004862703, 0.07868536, 151.9969, 1.197925, 0.743877, 0.7735416
 
42.15893, 0.0005988447, -0.005989222, 5, 0, 0.0000219621092323956069906861, 10611.91, -1642.728, -6.594189, 0.004862703, 0.07868536, 152.0416, 1.197925, 0.743877, 0.7735416
 
42.16893, 0.0005630027, -0.005983234, 5, 0, 0.0000219439235772382199297377, 10619.9, -1642.728, -6.594189, 0.004862703, 0.07868536, 152.0863, 1.197925, 0.743877, 0.7735416
 
42.17893, 0.0005705597, -0.005977604, 5, 0, 0.0000219021325704360810390590, 10627.9, -1642.728, -6.594189, 0.004862703, 0.07868536, 152.131, 1.197925, 0.743877, 0.7735416
 
42.18893, 0.0005425081, -0.005971898, 5, 0, 0.0000218805859722051145880210, 10635.89, -1642.728, -6.594189, 0.004862703, 0.07868536, 152.1756, 1.197925, 0.743877, 0.7735416
 
42.19893, 0.0005342271, -0.005966473, 5, 0, 0.0000218487709194461208176389, 10643.89, -1642.728, -6.594189, 0.004862703, 0.07868536, 152.2201, 1.197925, 0.743877, 0.7735416
 
42.20892, 0.0005068625, -0.005961131, 5, 0, 0.0000218282649479409318903945, 10651.88, -1642.728, -6.594189, 0.004862703, 0.07868536, 152.2646, 1.197925, 0.743877, 0.7735416
 
42.21892, 0.0005036076, -0.005956063, 5, 0, 0.0000217949705177285955806768, 10659.87, -1642.728, -6.594189, 0.004862703, 0.07868536, 152.3091, 1.197925, 0.743877, 0.7735416
 
42.22892, 0.0004748739, -0.005951026, 5, 0, 0.0000217764642370395573823414, 10667.86, -1642.728, -6.594189, 0.004862703, 0.07868536, 152.3536, 1.197925, 0.743877, 0.7735416
 
42.23892, 0.0004792146, -0.005946278, 5, 0, 0.0000217401013642386850262286, 10675.85, -1642.728, -6.594189, 0.004862703, 0.07868536, 152.3979, 1.197925, 0.743877, 0.7735416
 
42.24892, 0.0005122743, -0.005941486, 5, 0, 0.0000216871953390044156412129, 10683.84, -1642.728, -6.594189, 0.004862703, 0.07868536, 152.4423, 1.197925, 0.743877, 0.7735416
 
42.25891, 0.0005031775, -0.005936363, 5, 0, 0.0000216572646643700777839834, 10691.82, -1642.728, -6.594189, 0.004862703, 0.07868536, 152.4866, 1.197925, 0.743877, 0.7735416
 
42.26891, 0.0005295654, -0.005931331, 5, 0, 0.0000216074355192380850664997, 10699.81, -1642.728, -6.594189, 0.004862703, 0.07868536, 152.5309, 1.197925, 0.743877, 0.7735416
 
42.27891, 0.0005207707, -0.005926035, 5, 0, 0.0000215767960934285862296345, 10707.79, -1642.728, -6.594189, 0.004862703, 0.07868536, 152.5752, 1.197925, 0.743877, 0.7735416
 
42.28891, 0.0005422031, -0.005920828, 5, 0, 0.0000215292816396350738197083, 10715.78, -1642.728, -6.594189, 0.004862703, 0.07868536, 152.6194, 1.197925, 0.743877, 0.7735416
 
42.29891, 0.0005293949, -0.005915406, 5, 0, 0.0000215005715920251256551976, 10723.76, -1642.728, -6.594189, 0.004862703, 0.07868536, 152.6635, 1.197925, 0.743877, 0.7735416
 
42.30891, 0.0005439684, -0.005910112, 5, 0, 0.0000214567780819020946839172, 10731.74, -1642.728, -6.594189, 0.004862703, 0.07868536, 152.7077, 1.197925, 0.743877, 0.7735416
 
42.3189, 0.0005834841, -0.005904672, 5, 0, 0.0000213983145474516794794095, 10739.72, -1642.728, -6.594189, 0.004862703, 0.07868536, 152.7518, 1.197925, 0.743877, 0.7735416
 
42.3289, 0.0005904005, -0.005898837, 5, 0, 0.0000213570382290028660749185, 10747.7, -1642.728, -6.594189, 0.004862703, 0.07868536, 152.7958, 1.197925, 0.743877, 0.7735416
 
42.3389, 0.0006316209, -0.005892933, 5, 0, 0.0000212960687528968764210982, 10755.67, -1642.728, -6.594189, 0.004862703, 0.07868536, 152.8398, 1.197925, 0.743877, 0.7735416
 
42.3489, 0.0006370162, -0.005886617, 5, 0, 0.0000212540330581888468636784, 10763.65, -1642.728, -6.594189, 0.004862703, 0.07868536, 152.8838, 1.197925, 0.743877, 0.7735416
 
42.3589, 0.0006722288, -0.005880246, 5, 0, 0.0000211949367101888700055337, 10771.62, -1642.728, -6.594189, 0.004862703, 0.07868536, 152.9277, 1.197925, 0.743877, 0.7735416
 
42.3689, 0.0006793569, -0.005873524, 5, 0, 0.0000211505666366098152572953, 10779.6, -1642.728, -6.594189, 0.004862703, 0.07868536, 152.9716, 1.197925, 0.743877, 0.7735416
 
42.37889, 0.0006450928, -0.005866731, 5, 0, 0.0000211294644141158965251848, 10787.57, -1642.728, -6.594189, 0.004862703, 0.07868536, 153.0155, 1.197925, 0.743877, 0.7735416
 
42.38889, 0.0006379253, -0.00586028, 5, 0, 0.0000210943081058158682479742, 10795.54, -1642.728, -6.594189, 0.004862703, 0.07868536, 153.0592, 1.197925, 0.743877, 0.7735416
 
42.39889, 0.0006103182, -0.005853901, 5, 0, 0.0000210710318172166693214151, 10803.51, -1642.728, -6.594189, 0.004862703, 0.07868536, 153.103, 1.197925, 0.743877, 0.7735416
 
42.40889, 0.0006063377, -0.005847798, 5, 0, 0.0000210354395706938173803553, 10811.48, -1642.728, -6.594189, 0.004862703, 0.07868536, 153.1468, 1.197925, 0.743877, 0.7735416
 
42.41889, 0.0005718878, -0.005841734, 5, 0, 0.0000210172736030691363473150, 10819.45, -1642.728, -6.594189, 0.004862703, 0.07868536, 153.1904, 1.197925, 0.743877, 0.7735416
 
42.42889, 0.0005665917, -0.005836016, 5, 0, 0.0000209839257352681646572583, 10827.41, -1642.728, -6.594189, 0.004862703, 0.07868536, 153.2341, 1.197925, 0.743877, 0.7735416
 
42.43888, 0.0005307513, -0.00583035, 5, 0, 0.0000209680547714492579038673, 10835.38, -1642.728, -6.594189, 0.004862703, 0.07868536, 153.2777, 1.197925, 0.743877, 0.7735416
 
42.44888, 0.0005197435, -0.005825042, 5, 0, 0.0000209395134741191176461578, 10843.34, -1642.728, -6.594189, 0.004862703, 0.07868536, 153.3213, 1.197925, 0.743877, 0.7735416
 
42.45888, 0.0004814037, -0.005819845, 5, 0, 0.0000209268234530751781139312, 10851.31, -1642.728, -6.594189, 0.004862703, 0.07868536, 153.3648, 1.197925, 0.743877, 0.7735416
 
42.46888, 0.000476908, -0.005815031, 5, 0, 0.0000208964877777693657382376, 10859.27, -1642.728, -6.594189, 0.004862703, 0.07868536, 153.4083, 1.197925, 0.743877, 0.7735416
 
42.47888, 0.000501135, -0.005810262, 5, 0, 0.0000208502080135233052009058, 10867.23, -1642.728, -6.594189, 0.004862703, 0.07868536, 153.4518, 1.197925, 0.743877, 0.7735416
 
42.48888, 0.0005015054, -0.00580525, 5, 0, 0.0000208165282701720392559851, 10875.18, -1642.728, -6.594189, 0.004862703, 0.07868536, 153.4952, 1.197925, 0.743877, 0.7735416
 
42.49887, 0.0005129602, -0.005800235, 5, 0, 0.0000207766582040552269825826, 10883.14, -1642.728, -6.594189, 0.004862703, 0.07868536, 153.5386, 1.197925, 0.743877, 0.7735416
 
42.50887, 0.0004923279, -0.005795105, 5, 0, 0.0000207544422297143504630783, 10891.1, -1642.728, -6.594189, 0.004862703, 0.07868536, 153.5819, 1.197925, 0.743877, 0.7735416
 
42.51887, 0.0005013458, -0.005790182, 5, 0, 0.0000207163834166011749838753, 10899.05, -1642.728, -6.594189, 0.004862703, 0.07868536, 153.6252, 1.197925, 0.743877, 0.7735416
 
42.52887, 0.0005448496, -0.005785169, 5, 0, 0.0000206587214459799681951585, 10907.01, -1642.728, -6.594189, 0.004862703, 0.07868536, 153.6685, 1.197925, 0.743877, 0.7735416
 
42.53887, 0.0005532221, -0.00577972, 5, 0, 0.0000206192507555254700261286, 10914.96, -1642.728, -6.594189, 0.004862703, 0.07868536, 153.7117, 1.197925, 0.743877, 0.7735416
 
42.54887, 0.0005922809, -0.005774188, 5, 0, 0.0000205623622236868638595104, 10922.91, -1642.728, -6.594189, 0.004862703, 0.07868536, 153.7549, 1.197925, 0.743877, 0.7735416
 
42.55886, 0.0005971657, -0.005768265, 5, 0, 0.0000205232599713434917941152, 10930.86, -1642.728, -6.594189, 0.004862703, 0.07868536, 153.798, 1.197925, 0.743877, 0.7735416
 
42.56886, 0.0006194081, -0.005762293, 5, 0, 0.0000204743336402086566943620, 10938.81, -1642.728, -6.594189, 0.004862703, 0.07868536, 153.8411, 1.197925, 0.743877, 0.7735416
 
42.57886, 0.0006084253, -0.005756099, 5, 0, 0.0000204432385886434670210924, 10946.75, -1642.728, -6.594189, 0.004862703, 0.07868536, 153.8842, 1.197925, 0.743877, 0.7735416
 
42.58886, 0.0006284414, -0.005750015, 5, 0, 0.0000203952881966271309473170, 10954.7, -1642.728, -6.594189, 0.004862703, 0.07868536, 153.9272, 1.197925, 0.743877, 0.7735416
 
42.59886, 0.0006160419, -0.00574373, 5, 0, 0.0000203647640835088046369141, 10962.64, -1642.728, -6.594189, 0.004862703, 0.07868536, 153.9702, 1.197925, 0.743877, 0.7735416
 
42.60886, 0.0006287657, -0.00573757, 5, 0, 0.0000203207371354986872610165, 10970.59, -1642.728, -6.594189, 0.004862703, 0.07868536, 154.0131, 1.197925, 0.743877, 0.7735416
 
42.61885, 0.000618297, -0.005731282, 5, 0, 0.0000202892314582525403658973, 10978.53, -1642.728, -6.594189, 0.004862703, 0.07868536, 154.056, 1.197925, 0.743877, 0.7735416
 
42.62885, 0.0006251551, -0.005725099, 5, 0, 0.0000202485063907178842963648, 10986.47, -1642.728, -6.594189, 0.004862703, 0.07868536, 154.0989, 1.197925, 0.743877, 0.7735416
 
42.63885, 0.0005934147, -0.005718848, 5, 0, 0.0000202290579209664375691296, 10994.41, -1642.728, -6.594189, 0.004862703, 0.07868536, 154.1417, 1.197925, 0.743877, 0.7735416
 
42.64885, 0.0005313923, -0.005712914, 5, 0, 0.0000202276179185785070856103, 11002.35, -1642.728, -6.594189, 0.004862703, 0.07868536, 154.1845, 1.197925, 0.743877, 0.7735416
 
42.65885, 0.00051016, -0.0057076, 5, 0, 0.0000202057535073206308488781, 11010.28, -1642.728, -6.594189, 0.004862703, 0.07868536, 154.2272, 1.197925, 0.743877, 0.7735416
 
42.66885, 0.0005152815, -0.005702498, 5, 0, 0.0000201700628231345710575716, 11018.22, -1642.728, -6.594189, 0.004862703, 0.07868536, 154.2699, 1.197925, 0.743877, 0.7735416
 
42.67884, 0.0004934674, -0.005697345, 5, 0, 0.0000201491771634997740538628, 11026.15, -1642.728, -6.594189, 0.004862703, 0.07868536, 154.3126, 1.197925, 0.743877, 0.7735416
 
42.68884, 0.0005009355, -0.00569241, 5, 0, 0.0000201128789783061801955660, 11034.08, -1642.728, -6.594189, 0.004862703, 0.07868536, 154.3552, 1.197925, 0.743877, 0.7735416
 
42.69884, 0.0004723075, -0.005687401, 5, 0, 0.0000200963583259099082569698, 11042.01, -1642.728, -6.594189, 0.004862703, 0.07868536, 154.3978, 1.197925, 0.743877, 0.7735416
 
42.70884, 0.0004678316, -0.005682677, 5, 0, 0.0000200675217155899833038729, 11049.94, -1642.728, -6.594189, 0.004862703, 0.07868536, 154.4403, 1.197925, 0.743877, 0.7735416
 
42.71884, 0.000495274, -0.005677999, 5, 0, 0.0000200212363263346012078027, 11057.87, -1642.728, -6.594189, 0.004862703, 0.07868536, 154.4828, 1.197925, 0.743877, 0.7735416
 
42.72884, 0.0004813386, -0.005673046, 5, 0, 0.0000199969025359818212258816, 11065.79, -1642.728, -6.594189, 0.004862703, 0.07868536, 154.5253, 1.197925, 0.743877, 0.7735416
 
42.73883, 0.0004969369, -0.005668233, 5, 0, 0.0000199567990319779225478619, 11073.72, -1642.728, -6.594189, 0.004862703, 0.07868536, 154.5677, 1.197925, 0.743877, 0.7735416
 
42.74883, 0.0004835977, -0.005663263, 5, 0, 0.0000199321671161306165188606, 11081.64, -1642.728, -6.594189, 0.004862703, 0.07868536, 154.6102, 1.197925, 0.743877, 0.7735416
 
42.75883, 0.0004958801, -0.005658427, 5, 0, 0.0000198939170527003468979025, 11089.56, -1642.728, -6.594189, 0.004862703, 0.07868536, 154.6525, 1.197925, 0.743877, 0.7735416
 
42.76883, 0.000466616, -0.005653468, 5, 0, 0.0000198781839016098989059276, 11097.48, -1642.728, -6.594189, 0.004862703, 0.07868536, 154.6948, 1.197925, 0.743877, 0.7735416
 
42.77883, 0.0004727948, -0.005648802, 5, 0, 0.0000198440007199237894476490, 11105.4, -1642.728, -6.594189, 0.004862703, 0.07868536, 154.7371, 1.197925, 0.743877, 0.7735416
 
42.78883, 0.0005109285, -0.005644074, 5, 0, 0.0000197920650087985363852255, 11113.32, -1642.728, -6.594189, 0.004862703, 0.07868536, 154.7793, 1.197925, 0.743877, 0.7735416
 
42.79882, 0.0005056629, -0.005638965, 5, 0, 0.0000197627137101251248012938, 11121.24, -1642.728, -6.594189, 0.004862703, 0.07868536, 154.8215, 1.197925, 0.743877, 0.7735416
 
42.80882, 0.0005342579, -0.005633908, 5, 0, 0.0000197149939434911337804427, 11129.15, -1642.728, -6.594189, 0.004862703, 0.07868536, 154.8637, 1.197925, 0.743877, 0.7735416
 
42.81882, 0.0005246, -0.005628566, 5, 0, 0.0000196873245226068019950787, 11137.06, -1642.728, -6.594189, 0.004862703, 0.07868536, 154.9058, 1.197925, 0.743877, 0.7735416
 
42.82882, 0.0005393024, -0.00562332, 5, 0, 0.0000196466810177073890995775, 11144.97, -1642.728, -6.594189, 0.004862703, 0.07868536, 154.9478, 1.197925, 0.743877, 0.7735416
 
42.83882, 0.0005292033, -0.005617927, 5, 0, 0.0000196191747220935436622762, 11152.88, -1642.728, -6.594189, 0.004862703, 0.07868536, 154.9899, 1.197925, 0.743877, 0.7735416
 
42.84882, 0.000547241, -0.005612635, 5, 0, 0.0000195766468390693137089754, 11160.79, -1642.728, -6.594189, 0.004862703, 0.07868536, 155.0319, 1.197925, 0.743877, 0.7735416
 
42.85881, 0.0005742309, -0.005607162, 5, 0, 0.0000195286458219689224619066, 11168.7, -1642.728, -6.594189, 0.004862703, 0.07868536, 155.0738, 1.197925, 0.743877, 0.7735416
 
42.86881, 0.0005775086, -0.00560142, 5, 0, 0.0000194927329499144193834599, 11176.6, -1642.728, -6.594189, 0.004862703, 0.07868536, 155.1157, 1.197925, 0.743877, 0.7735416
 
42.87881, 0.000602119, -0.005595644, 5, 0, 0.0000194450947459156715366402, 11184.51, -1642.728, -6.594189, 0.004862703, 0.07868536, 155.1576, 1.197925, 0.743877, 0.7735416
 
42.88881, 0.0005912422, -0.005589623, 5, 0, 0.0000194160500102505266209258, 11192.41, -1642.728, -6.594189, 0.004862703, 0.07868536, 155.1994, 1.197925, 0.743877, 0.7735416
 
42.89881, 0.0006181904, -0.005583711, 5, 0, 0.0000193667777410421739417861, 11200.31, -1642.728, -6.594189, 0.004862703, 0.07868536, 155.2412, 1.197925, 0.743877, 0.7735416
 
42.90881, 0.0006055032, -0.005577529, 5, 0, 0.0000193382505062352570085993, 11208.21, -1642.728, -6.594189, 0.004862703, 0.07868536, 155.283, 1.197925, 0.743877, 0.7735416
 
42.9188, 0.0006180126, -0.005571474, 5, 0, 0.0000192964707494516000907504, 11216.11, -1642.728, -6.594189, 0.004862703, 0.07868536, 155.3247, 1.197925, 0.743877, 0.7735416
 
42.9288, 0.0005925816, -0.005565294, 5, 0, 0.0000192749888388280732821754, 11224, -1642.728, -6.594189, 0.004862703, 0.07868536, 155.3664, 1.197925, 0.743877, 0.7735416
 
42.9388, 0.000604915, -0.005559368, 5, 0, 0.0000192338728331451660187015, 11231.9, -1642.728, -6.594189, 0.004862703, 0.07868536, 155.408, 1.197925, 0.743877, 0.7735416
 
42.9488, 0.0005714596, -0.005553319, 5, 0, 0.0000192172931181509371410278, 11239.79, -1642.728, -6.594189, 0.004862703, 0.07868536, 155.4496, 1.197925, 0.743877, 0.7735416
 
42.9588, 0.0005635424, -0.005547604, 5, 0, 0.0000191880346321314118486044, 11247.68, -1642.728, -6.594189, 0.004862703, 0.07868536, 155.4912, 1.197925, 0.743877, 0.7735416
 
42.9688, 0.0005313816, -0.005541969, 5, 0, 0.0000191722677309850345041987, 11255.57, -1642.728, -6.594189, 0.004862703, 0.07868536, 155.5327, 1.197925, 0.743877, 0.7735416
 
42.97879, 0.0005216481, -0.005536655, 5, 0, 0.0000191454758115558327499185, 11263.46, -1642.728, -6.594189, 0.004862703, 0.07868536, 155.5742, 1.197925, 0.743877, 0.7735416
 
42.98879, 0.000478825, -0.005531439, 5, 0, 0.0000191370157975265397284341, 11271.35, -1642.728, -6.594189, 0.004862703, 0.07868536, 155.6157, 1.197925, 0.743877, 0.7735416
 
42.99879, 0.0004620134, -0.00552665, 5, 0, 0.0000191159698251258365837082, 11279.23, -1642.728, -6.594189, 0.004862703, 0.07868536, 155.6571, 1.197925, 0.743877, 0.7735416
 
43.00879, 0.0004096784, -0.00552203, 5, 0, 0.0000191147913856716002984985, 11287.12, -1642.728, -6.594189, 0.004862703, 0.07868536, 155.6984, 1.197925, 0.743877, 0.7735416
 
43.01879, 0.0003877533, -0.005517933, 5, 0, 0.0000190989822969553918358777, 11295, -1642.728, -6.594189, 0.004862703, 0.07868536, 155.7398, 1.197925, 0.743877, 0.7735416
 
43.02879, 0.0003913556, -0.005514055, 5, 0, 0.0000190701597491586902073035, 11302.88, -1642.728, -6.594189, 0.004862703, 0.07868536, 155.7811, 1.197925, 0.743877, 0.7735416
 
43.03878, 0.0003656539, -0.005510142, 5, 0, 0.0000190570928524898839503052, 11310.76, -1642.728, -6.594189, 0.004862703, 0.07868536, 155.8223, 1.197925, 0.743877, 0.7735416
 
43.04878, 0.0003685945, -0.005506486, 5, 0, 0.0000190294684316801246348489, 11318.64, -1642.728, -6.594189, 0.004862703, 0.07868536, 155.8635, 1.197925, 0.743877, 0.7735416
 
43.05878, 0.0003954182, -0.0055028, 5, 0, 0.0000189888952393973117959022, 11326.52, -1642.728, -6.594189, 0.004862703, 0.07868536, 155.9047, 1.197925, 0.743877, 0.7735416
 
43.06878, 0.0003912536, -0.005498845, 5, 0, 0.0000189641620733822177096084, 11334.39, -1642.728, -6.594189, 0.004862703, 0.07868536, 155.9458, 1.197925, 0.743877, 0.7735416
 
43.07878, 0.00041043, -0.005494933, 5, 0, 0.0000189270229492941645243513, 11342.26, -1642.728, -6.594189, 0.004862703, 0.07868536, 155.9869, 1.197925, 0.743877, 0.7735416
 
43.08878, 0.0004562632, -0.005490828, 5, 0, 0.0000188749156753843622034338, 11350.13, -1642.728, -6.594189, 0.004862703, 0.07868536, 156.028, 1.197925, 0.743877, 0.7735416
 
43.09877, 0.0004726492, -0.005486266, 5, 0, 0.0000188371381127375869504485, 11358, -1642.728, -6.594189, 0.004862703, 0.07868536, 156.069, 1.197925, 0.743877, 0.7735416
 
43.10877, 0.0004973577, -0.005481539, 5, 0, 0.0000187943683543122076820993, 11365.87, -1642.728, -6.594189, 0.004862703, 0.07868536, 156.11, 1.197925, 0.743877, 0.7735416
 
43.11877, 0.0005542029, -0.005476566, 5, 0, 0.0000187335282534207750239110, 11373.74, -1642.728, -6.594189, 0.004862703, 0.07868536, 156.1509, 1.197925, 0.743877, 0.7735416
 
43.12877, 0.0005709504, -0.005471024, 5, 0, 0.0000186923419351212677038826, 11381.6, -1642.728, -6.594189, 0.004862703, 0.07868536, 156.1918, 1.197925, 0.743877, 0.7735416
 
43.13877, 0.0006134517, -0.005465314, 5, 0, 0.0000186368034055212859363211, 11389.46, -1642.728, -6.594189, 0.004862703, 0.07868536, 156.2326, 1.197925, 0.743877, 0.7735416
 
43.14877, 0.0006214712, -0.00545918, 5, 0, 0.0000185983761542971454981306, 11397.32, -1642.728, -6.594189, 0.004862703, 0.07868536, 156.2734, 1.197925, 0.743877, 0.7735416
 
43.15876, 0.0006548087, -0.005452965, 5, 0, 0.0000185461507551915904437052, 11405.18, -1642.728, -6.594189, 0.004862703, 0.07868536, 156.3142, 1.197925, 0.743877, 0.7735416
 
43.16876, 0.000653148, -0.005446417, 5, 0, 0.0000185115935103850333230536, 11413.04, -1642.728, -6.594189, 0.004862703, 0.07868536, 156.3549, 1.197925, 0.743877, 0.7735416
 
43.17876, 0.0006646682, -0.005439885, 5, 0, 0.0000184700865665538748656383, 11420.9, -1642.728, -6.594189, 0.004862703, 0.07868536, 156.3957, 1.197925, 0.743877, 0.7735416
 
43.18876, 0.0006473091, -0.005433239, 5, 0, 0.0000184436968352915674227764, 11428.75, -1642.728, -6.594189, 0.004862703, 0.07868536, 156.4363, 1.197925, 0.743877, 0.7735416
 
43.19876, 0.000655824, -0.005426765, 5, 0, 0.0000184041080196411553755916, 11436.6, -1642.728, -6.594189, 0.004862703, 0.07868536, 156.4769, 1.197925, 0.743877, 0.7735416
 
43.20876, 0.0006325634, -0.005420207, 5, 0, 0.0000183812564192462981400518, 11444.46, -1642.728, -6.594189, 0.004862703, 0.07868536, 156.5175, 1.197925, 0.743877, 0.7735416
 
43.21875, 0.0005668483, -0.005413882, 5, 0, 0.0000183819173578423064427339, 11452.3, -1642.728, -6.594189, 0.004862703, 0.07868536, 156.5581, 1.197925, 0.743877, 0.7735416
 
43.22875, 0.0005338781, -0.005408213, 5, 0, 0.0000183673738962247378534456, 11460.15, -1642.728, -6.594189, 0.004862703, 0.07868536, 156.5986, 1.197925, 0.743877, 0.7735416
 
43.23875, 0.0004706032, -0.005402874, 5, 0, 0.0000183701442133189089974075, 11468, -1642.728, -6.594189, 0.004862703, 0.07868536, 156.639, 1.197925, 0.743877, 0.7735416
 
43.24875, 0.0004349501, -0.005398168, 5, 0, 0.0000183603735721160813433886, 11475.85, -1642.728, -6.594189, 0.004862703, 0.07868536, 156.6795, 1.197925, 0.743877, 0.7735416
 
43.25875, 0.0004212652, -0.005393819, 5, 0, 0.0000183401516635820339940548, 11483.69, -1642.728, -6.594189, 0.004862703, 0.07868536, 156.7199, 1.197925, 0.743877, 0.7735416
 
43.26875, 0.0003846513, -0.005389606, 5, 0, 0.0000183326310261105692944245, 11491.53, -1642.728, -6.594189, 0.004862703, 0.07868536, 156.7602, 1.197925, 0.743877, 0.7735416
 
43.27874, 0.0003709643, -0.00538576, 5, 0, 0.0000183141866205240682422123, 11499.37, -1642.728, -6.594189, 0.004862703, 0.07868536, 156.8005, 1.197925, 0.743877, 0.7735416
 
43.28874, 0.0003836318, -0.00538205, 5, 0, 0.0000182822365675410347728127, 11507.21, -1642.728, -6.594189, 0.004862703, 0.07868536, 156.8408, 1.197925, 0.743877, 0.7735416
 
43.29874, 0.0003451189, -0.005378214, 5, 0, 0.0000182770784339873642023403, 11515.05, -1642.728, -6.594189, 0.004862703, 0.07868536, 156.8811, 1.197925, 0.743877, 0.7735416
 
43.30874, 0.0003471887, -0.005374763, 5, 0, 0.0000182517152669274498141025, 11522.88, -1642.728, -6.594189, 0.004862703, 0.07868536, 156.9212, 1.197925, 0.743877, 0.7735416
 
43.31874, 0.0003696585, -0.005371291, 5, 0, 0.0000182155014568738404815298, 11530.71, -1642.728, -6.594189, 0.004862703, 0.07868536, 156.9614, 1.197925, 0.743877, 0.7735416
 
43.32874, 0.0003596689, -0.005367595, 5, 0, 0.0000181957717366559935280769, 11538.54, -1642.728, -6.594189, 0.004862703, 0.07868536, 157.0015, 1.197925, 0.743877, 0.7735416
 
43.33873, 0.0003825068, -0.005363998, 5, 0, 0.0000181590291757255130954997, 11546.37, -1642.728, -6.594189, 0.004862703, 0.07868536, 157.0416, 1.197925, 0.743877, 0.7735416
 
43.34873, 0.0004184844, -0.005360173, 5, 0, 0.0000181145972270437600564911, 11554.2, -1642.728, -6.594189, 0.004862703, 0.07868536, 157.0816, 1.197925, 0.743877, 0.7735416
 
43.35873, 0.0004209568, -0.005355988, 5, 0, 0.0000180867253058235298672479, 11562.03, -1642.728, -6.594189, 0.004862703, 0.07868536, 157.1216, 1.197925, 0.743877, 0.7735416
 
43.36873, 0.0004495532, -0.005351779, 5, 0, 0.0000180449989866285083297381, 11569.85, -1642.728, -6.594189, 0.004862703, 0.07868536, 157.1616, 1.197925, 0.743877, 0.7735416
 
43.37873, 0.0005006, -0.005347283, 5, 0, 0.0000179904982712497238789246, 11577.68, -1642.728, -6.594189, 0.004862703, 0.07868536, 157.2015, 1.197925, 0.743877, 0.7735416
 
43.38873, 0.0005131225, -0.005342277, 5, 0, 0.0000179546697743350441815549, 11585.49, -1642.728, -6.594189, 0.004862703, 0.07868536, 157.2414, 1.197925, 0.743877, 0.7735416
 
43.39872, 0.0005569168, -0.005337146, 5, 0, 0.0000179019690619412534074640, 11593.31, -1642.728, -6.594189, 0.004862703, 0.07868536, 157.2812, 1.197925, 0.743877, 0.7735416
 
43.40872, 0.0005605266, -0.005331577, 5, 0, 0.0000178690346323258191463025, 11601.13, -1642.728, -6.594189, 0.004862703, 0.07868536, 157.321, 1.197925, 0.743877, 0.7735416
 
43.41872, 0.0005841393, -0.005325972, 5, 0, 0.0000178254858101085176971162, 11608.94, -1642.728, -6.594189, 0.004862703, 0.07868536, 157.3608, 1.197925, 0.743877, 0.7735416
 
43.42872, 0.0006304577, -0.00532013, 5, 0, 0.0000177692357168287947428734, 11616.76, -1642.728, -6.594189, 0.004862703, 0.07868536, 157.4005, 1.197925, 0.743877, 0.7735416
 
43.43872, 0.0006264652, -0.005313826, 5, 0, 0.0000177379606649651540453256, 11624.57, -1642.728, -6.594189, 0.004862703, 0.07868536, 157.4402, 1.197925, 0.743877, 0.7735416
 
43.44872, 0.000594845, -0.005307561, 5, 0, 0.0000177213837624755053746976, 11632.38, -1642.728, -6.594189, 0.004862703, 0.07868536, 157.4799, 1.197925, 0.743877, 0.7735416
 
43.45871, 0.000587375, -0.005301613, 5, 0, 0.0000176932193407703929864070, 11640.19, -1642.728, -6.594189, 0.004862703, 0.07868536, 157.5195, 1.197925, 0.743877, 0.7735416
 
43.46871, 0.0005367387, -0.005295739, 5, 0, 0.0000176880133946372474496870, 11648, -1642.728, -6.594189, 0.004862703, 0.07868536, 157.5591, 1.197925, 0.743877, 0.7735416
 
43.47871, 0.0005309877, -0.005290372, 5, 0, 0.0000176609824123116377320512, 11655.8, -1642.728, -6.594189, 0.004862703, 0.07868536, 157.5986, 1.197925, 0.743877, 0.7735416
 
43.48871, 0.0005418303, -0.005285062, 5, 0, 0.0000176254942284613151999767, 11663.6, -1642.728, -6.594189, 0.004862703, 0.07868536, 157.6381, 1.197925, 0.743877, 0.7735416
 
43.49871, 0.0005296098, -0.005279643, 5, 0, 0.0000176017679391159081403987, 11671.4, -1642.728, -6.594189, 0.004862703, 0.07868536, 157.6775, 1.197925, 0.743877, 0.7735416
 
43.50871, 0.000534325, -0.005274347, 5, 0, 0.0000175696210108064589705055, 11679.2, -1642.728, -6.594189, 0.004862703, 0.07868536, 157.717, 1.197925, 0.743877, 0.7735416
 
43.5187, 0.0004868583, -0.005269004, 5, 0, 0.0000175646625650837843075725, 11687, -1642.728, -6.594189, 0.004862703, 0.07868536, 157.7563, 1.197925, 0.743877, 0.7735416
 
43.5287, 0.0004820801, -0.005264136, 5, 0, 0.0000175389984600249248098558, 11694.8, -1642.728, -6.594189, 0.004862703, 0.07868536, 157.7957, 1.197925, 0.743877, 0.7735416
 
43.5387, 0.0004372585, -0.005259315, 5, 0, 0.0000175344534524879487204651, 11702.59, -1642.728, -6.594189, 0.004862703, 0.07868536, 157.835, 1.197925, 0.743877, 0.7735416
 
43.5487, 0.0004153041, -0.005254942, 5, 0, 0.0000175194909276755211435431, 11710.38, -1642.728, -6.594189, 0.004862703, 0.07868536, 157.8743, 1.197925, 0.743877, 0.7735416
 
43.5587, 0.000420581, -0.005250789, 5, 0, 0.0000174910790055597767368184, 11718.18, -1642.728, -6.594189, 0.004862703, 0.07868536, 157.9135, 1.197925, 0.743877, 0.7735416
 
43.5687, 0.000383109, -0.005246583, 5, 0, 0.0000174848296201964346139062, 11725.96, -1642.728, -6.594189, 0.004862703, 0.07868536, 157.9527, 1.197925, 0.743877, 0.7735416
 
43.57869, 0.0003777626, -0.005242752, 5, 0, 0.0000174631058341717584902828, 11733.75, -1642.728, -6.594189, 0.004862703, 0.07868536, 157.9918, 1.197925, 0.743877, 0.7735416
 
43.58869, 0.0004043836, -0.005238974, 5, 0, 0.0000174249542084046967195715, 11741.53, -1642.728, -6.594189, 0.004862703, 0.07868536, 158.0309, 1.197925, 0.743877, 0.7735416
 
43.59869, 0.0003964663, -0.005234931, 5, 0, 0.0000174039307360412798097996, 11749.31, -1642.728, -6.594189, 0.004862703, 0.07868536, 158.07, 1.197925, 0.743877, 0.7735416
 
43.60869, 0.0004089344, -0.005230966, 5, 0, 0.0000173725994340844235248672, 11757.09, -1642.728, -6.594189, 0.004862703, 0.07868536, 158.109, 1.197925, 0.743877, 0.7735416
 
43.61869, 0.0004423433, -0.005226877, 5, 0, 0.0000173300068634529150737504, 11764.88, -1642.728, -6.594189, 0.004862703, 0.07868536, 158.148, 1.197925, 0.743877, 0.7735416
 
43.62868, 0.0004387342, -0.005222453, 5, 0, 0.0000173055802604460876556739, 11772.65, -1642.728, -6.594189, 0.004862703, 0.07868536, 158.187, 1.197925, 0.743877, 0.7735416
 
43.63868, 0.0004551852, -0.005218066, 5, 0, 0.0000172708936404251346840374, 11780.43, -1642.728, -6.594189, 0.004862703, 0.07868536, 158.2259, 1.197925, 0.743877, 0.7735416
 
43.64868, 0.0004843464, -0.005213514, 5, 0, 0.0000172291138836414777661886, 11788.21, -1642.728, -6.594189, 0.004862703, 0.07868536, 158.2648, 1.197925, 0.743877, 0.7735416
 
43.65868, 0.0004842766, -0.005208671, 5, 0, 0.0000172015682129623814177180, 11795.98, -1642.728, -6.594189, 0.004862703, 0.07868536, 158.3036, 1.197925, 0.743877, 0.7735416
 
43.66868, 0.0004981615, -0.005203828, 5, 0, 0.0000171668394053712750385723, 11803.75, -1642.728, -6.594189, 0.004862703, 0.07868536, 158.3424, 1.197925, 0.743877, 0.7735416
 
43.67868, 0.0004934521, -0.005198846, 5, 0, 0.0000171413187380503570056573, 11811.52, -1642.728, -6.594189, 0.004862703, 0.07868536, 158.3812, 1.197925, 0.743877, 0.7735416
 
43.68867, 0.0005047933, -0.005193911, 5, 0, 0.0000171076924322875652964286, 11819.28, -1642.728, -6.594189, 0.004862703, 0.07868536, 158.4199, 1.197925, 0.743877, 0.7735416
 
43.69867, 0.0004819217, -0.005188864, 5, 0, 0.0000170914192803017642316192, 11827.04, -1642.728, -6.594189, 0.004862703, 0.07868536, 158.4586, 1.197925, 0.743877, 0.7735416
 
43.70867, 0.0004801758, -0.005184045, 5, 0, 0.0000170650182990208136712804, 11834.8, -1642.728, -6.594189, 0.004862703, 0.07868536, 158.4972, 1.197925, 0.743877, 0.7735416
 
43.71867, 0.0005098465, -0.005179243, 5, 0, 0.0000170224904159965837179796, 11842.56, -1642.728, -6.594189, 0.004862703, 0.07868536, 158.5358, 1.197925, 0.743877, 0.7735416
 
43.72867, 0.0004962709, -0.005174144, 5, 0, 0.0000170013403809233511642685, 11850.32, -1642.728, -6.594189, 0.004862703, 0.07868536, 158.5744, 1.197925, 0.743877, 0.7735416
 
43.73867, 0.0004991955, -0.005169182, 5, 0, 0.0000169721690825483906046150, 11858.08, -1642.728, -6.594189, 0.004862703, 0.07868536, 158.6129, 1.197925, 0.743877, 0.7735416
 
43.74866, 0.0004681413, -0.00516419, 5, 0, 0.0000169604521881182087466733, 11865.83, -1642.728, -6.594189, 0.004862703, 0.07868536, 158.6514, 1.197925, 0.743877, 0.7735416
 
43.75866, 0.000464453, -0.005159508, 5, 0, 0.0000169356965220656672807786, 11873.59, -1642.728, -6.594189, 0.004862703, 0.07868536, 158.6899, 1.197925, 0.743877, 0.7735416
 
43.76866, 0.000486363, -0.005154864, 5, 0, 0.0000168979133344097316137019, 11881.34, -1642.728, -6.594189, 0.004862703, 0.07868536, 158.7283, 1.197926, 0.743877, 0.7735416
 
43.77866, 0.0004590926, -0.00515, 5, 0, 0.0000168847564375914581275939, 11889.09, -1642.728, -6.594189, 0.004862703, 0.07868536, 158.7667, 1.197926, 0.743877, 0.7735416
 
43.78866, 0.0004726873, -0.005145409, 5, 0, 0.0000168515210699770787569536, 11896.84, -1642.728, -6.594189, 0.004862703, 0.07868536, 158.805, 1.197926, 0.743877, 0.7735416
 
43.79866, 0.0004454511, -0.005140682, 5, 0, 0.0000168388535489704254596808, 11904.58, -1642.728, -6.594189, 0.004862703, 0.07868536, 158.8433, 1.197926, 0.743877, 0.7735416
 
43.80865, 0.0004452343, -0.005136228, 5, 0, 0.0000168132428815002013423032, 11912.32, -1642.728, -6.594189, 0.004862703, 0.07868536, 158.8816, 1.197926, 0.743877, 0.7735416
 
43.81865, 0.0004622953, -0.005131776, 5, 0, 0.0000167788093868988796585450, 11920.06, -1642.728, -6.594189, 0.004862703, 0.07868536, 158.9198, 1.197926, 0.743877, 0.7735416
 
43.82865, 0.0004399329, -0.005127152, 5, 0, 0.0000167640662374501540170704, 11927.8, -1642.728, -6.594189, 0.004862703, 0.07868536, 158.958, 1.197926, 0.743877, 0.7735416
 
43.83865, 0.0004423979, -0.005122753, 5, 0, 0.0000167373727556843212576841, 11935.54, -1642.728, -6.594189, 0.004862703, 0.07868536, 158.9961, 1.197926, 0.743877, 0.7735416
 
43.84865, 0.0004717121, -0.00511833, 5, 0, 0.0000166968867510460731515072, 11943.27, -1642.728, -6.594189, 0.004862703, 0.07868536, 159.0342, 1.197926, 0.743877, 0.7735416
 
43.85865, 0.0004628256, -0.005113612, 5, 0, 0.0000166750364023115813839447, 11951, -1642.728, -6.594189, 0.004862703, 0.07868536, 159.0723, 1.197926, 0.743877, 0.7735416
 
43.86864, 0.0004854568, -0.005108984, 5, 0, 0.0000166373910273839433336370, 11958.73, -1642.728, -6.594189, 0.004862703, 0.07868536, 159.1103, 1.197926, 0.743877, 0.7735416
 
43.87864, 0.0004621554, -0.00510413, 5, 0, 0.0000166225213152254020482233, 11966.45, -1642.728, -6.594189, 0.004862703, 0.07868536, 159.1483, 1.197926, 0.743877, 0.7735416
 
43.88864, 0.0004636208, -0.005099508, 5, 0, 0.0000165957912708988985847133, 11974.18, -1642.728, -6.594189, 0.004862703, 0.07868536, 159.1862, 1.197926, 0.743877, 0.7735416
 
43.89864, 0.0004860686, -0.005094872, 5, 0, 0.0000165583427712978373795463, 11981.91, -1642.728, -6.594189, 0.004862703, 0.07868536, 159.2241, 1.197926, 0.743877, 0.7735416
 
43.90864, 0.0004704377, -0.005090011, 5, 0, 0.0000165396283652635792185933, 11989.63, -1642.728, -6.594189, 0.004862703, 0.07868536, 159.262, 1.197926, 0.743877, 0.7735416
 
43.91864, 0.0004826337, -0.005085307, 5, 0, 0.0000165072733116090712307297, 11997.35, -1642.728, -6.594189, 0.004862703, 0.07868536, 159.2998, 1.197926, 0.743877, 0.7735416
 
43.92863, 0.0004514528, -0.005080481, 5, 0, 0.0000164966504814931411322736, 12005.06, -1642.728, -6.594189, 0.004862703, 0.07868536, 159.3376, 1.197926, 0.743877, 0.7735416
 
43.93863, 0.0004490332, -0.005075966, 5, 0, 0.0000164724291913267923251219, 12012.78, -1642.728, -6.594189, 0.004862703, 0.07868536, 159.3754, 1.197926, 0.743877, 0.7735416
 
43.94863, 0.0004699572, -0.005071476, 5, 0, 0.0000164364516316650107488592, 12020.5, -1642.728, -6.594189, 0.004862703, 0.07868536, 159.4131, 1.197926, 0.743877, 0.7735416
 
43.95863, 0.0004423071, -0.005066776, 5, 0, 0.0000164245294243943502799927, 12028.21, -1642.728, -6.594189, 0.004862703, 0.07868536, 159.4508, 1.197926, 0.743877, 0.7735416
 
43.96863, 0.0004413531, -0.005062353, 5, 0, 0.0000163999734461729658662843, 12035.91, -1642.728, -6.594189, 0.004862703, 0.07868536, 159.4884, 1.197926, 0.743877, 0.7735416
 
43.97863, 0.0004131723, -0.00505794, 5, 0, 0.0000163893028034778830908748, 12043.62, -1642.728, -6.594189, 0.004862703, 0.07868536, 159.526, 1.197926, 0.743877, 0.7735416
 
43.98862, 0.0003977998, -0.005053808, 5, 0, 0.0000163730746515664933513261, 12051.32, -1642.728, -6.594189, 0.004862703, 0.07868536, 159.5635, 1.197926, 0.743877, 0.7735416
 
43.99862, 0.0004140599, -0.00504983, 5, 0, 0.0000163413270989193582858056, 12059.03, -1642.728, -6.594189, 0.004862703, 0.07868536, 159.6011, 1.197926, 0.743877, 0.7735416
 
44.00862, 0.0003821665, -0.005045689, 5, 0, 0.0000163334970859348855662653, 12066.73, -1642.728, -6.594189, 0.004862703, 0.07868536, 159.6385, 1.197926, 0.743877, 0.7735416
 
44.01862, 0.0003713101, -0.005041867, 5, 0, 0.0000163160651820273930995073, 12074.43, -1642.728, -6.594189, 0.004862703, 0.07868536, 159.676, 1.197926, 0.743877, 0.7735416
 
44.02862, 0.0003917557, -0.005038154, 5, 0, 0.0000162831757524866924529006, 12082.13, -1642.728, -6.594189, 0.004862703, 0.07868536, 159.7134, 1.197926, 0.743877, 0.7735416
 
44.03862, 0.0003693884, -0.005034237, 5, 0, 0.0000162713154203185691301573, 12089.83, -1642.728, -6.594189, 0.004862703, 0.07868536, 159.7508, 1.197926, 0.743877, 0.7735416
 
44.04861, 0.000373195, -0.005030543, 5, 0, 0.0000162469703799471460307593, 12097.52, -1642.728, -6.594189, 0.004862703, 0.07868536, 159.7882, 1.197926, 0.743877, 0.7735416
 
44.05861, 0.000401493, -0.005026811, 5, 0, 0.0000162101659439141284520589, 12105.22, -1642.728, -6.594189, 0.004862703, 0.07868536, 159.8255, 1.197926, 0.743877, 0.7735416
 
44.06861, 0.0004527191, -0.005022796, 5, 0, 0.0000161609133622383206561803, 12112.91, -1642.728, -6.594189, 0.004862703, 0.07868536, 159.8627, 1.197926, 0.743877, 0.7735416
 
44.07861, 0.0004589345, -0.005018269, 5, 0, 0.0000161327630030562704477652, 12120.6, -1642.728, -6.594189, 0.004862703, 0.07868536, 159.9, 1.197926, 0.743877, 0.7735416
 
44.08861, 0.0004911948, -0.005013679, 5, 0, 0.0000160913235593370673819998, 12128.28, -1642.728, -6.594189, 0.004862703, 0.07868536, 159.9371, 1.197926, 0.743877, 0.7735416
 
44.09861, 0.0004835598, -0.005008767, 5, 0, 0.0000160689894598002930988052, 12135.96, -1642.728, -6.594189, 0.004862703, 0.07868536, 159.9743, 1.197926, 0.743877, 0.7735416
 
44.1086, 0.0005068242, -0.005003932, 5, 0, 0.0000160313722099193756434428, 12143.64, -1642.728, -6.594189, 0.004862703, 0.07868536, 160.0114, 1.197926, 0.743877, 0.7735416
 
44.1186, 0.0005474194, -0.004998864, 5, 0, 0.0000159843246319001005006097, 12151.32, -1642.728, -6.594189, 0.004862703, 0.07868536, 160.0484, 1.197926, 0.743877, 0.7735416
 
44.1286, 0.0005375724, -0.004993389, 5, 0, 0.0000159613858438605818455118, 12159, -1642.728, -6.594189, 0.004862703, 0.07868536, 160.0855, 1.197926, 0.743877, 0.7735416
 
44.1386, 0.0005529291, -0.004988014, 5, 0, 0.0000159261310978974262903779, 12166.68, -1642.728, -6.594189, 0.004862703, 0.07868536, 160.1225, 1.197926, 0.743877, 0.7735416
 
44.1486, 0.00052513, -0.004982485, 5, 0, 0.0000159121051371381017980820, 12174.35, -1642.728, -6.594189, 0.004862703, 0.07868536, 160.1595, 1.197926, 0.743877, 0.7735416
 
44.1586, 0.000529413, -0.004977233, 5, 0, 0.0000158828944636978580983297, 12182.03, -1642.728, -6.594189, 0.004862703, 0.07868536, 160.1964, 1.197926, 0.743877, 0.7735416
 
44.16859, 0.0004910897, -0.004971939, 5, 0, 0.0000158749575755360662747172, 12189.7, -1642.728, -6.594189, 0.004862703, 0.07868536, 160.2333, 1.197926, 0.743877, 0.7735416
 
44.17859, 0.0004796949, -0.004967028, 5, 0, 0.0000158547778545719306159219, 12197.36, -1642.728, -6.594189, 0.004862703, 0.07868536, 160.2701, 1.197926, 0.743877, 0.7735416
 
44.18859, 0.0004265651, -0.004962231, 5, 0, 0.0000158559084814468530795311, 12205.03, -1642.728, -6.594189, 0.004862703, 0.07868536, 160.3069, 1.197926, 0.743877, 0.7735416
 
44.19859, 0.0004070315, -0.004957966, 5, 0, 0.0000158419387707807925180140, 12212.69, -1642.728, -6.594189, 0.004862703, 0.07868536, 160.3437, 1.197926, 0.743877, 0.7735416
 
44.20859, 0.0004131382, -0.004953896, 5, 0, 0.0000158157881024149897252960, 12220.35, -1642.728, -6.594189, 0.004862703, 0.07868536, 160.3804, 1.197926, 0.743877, 0.7735416
 
44.21859, 0.0003640118, -0.004949764, 5, 0, 0.0000158170959170837346627435, 12228, -1642.728, -6.594189, 0.004862703, 0.07868536, 160.4171, 1.197926, 0.743877, 0.7735416
 
44.22858, 0.0003423663, -0.004946124, 5, 0, 0.0000158062565241087150648152, 12235.66, -1642.728, -6.594189, 0.004862703, 0.07868536, 160.4538, 1.197926, 0.743877, 0.7735416
 
44.23858, 0.0003464475, -0.004942701, 5, 0, 0.0000157832896110225402726308, 12243.31, -1642.728, -6.594189, 0.004862703, 0.07868536, 160.4903, 1.197926, 0.743877, 0.7735416
 
44.24858, 0.0003172603, -0.004939236, 5, 0, 0.0000157768236628000280779227, 12250.96, -1642.728, -6.594189, 0.004862703, 0.07868536, 160.5269, 1.197926, 0.743877, 0.7735416
 
44.25858, 0.0003043684, -0.004936064, 5, 0, 0.0000157631802026749885559251, 12258.61, -1642.728, -6.594189, 0.004862703, 0.07868536, 160.5634, 1.197926, 0.743877, 0.7735416
 
44.26858, 0.0003165705, -0.00493302, 5, 0, 0.0000157374626600274453344754, 12266.26, -1642.728, -6.594189, 0.004862703, 0.07868536, 160.6, 1.197926, 0.743877, 0.7735416
 
44.27858, 0.0003563379, -0.004929855, 5, 0, 0.0000156976572815179437878182, 12273.9, -1642.728, -6.594189, 0.004862703, 0.07868536, 160.6364, 1.197926, 0.743877, 0.7735416
 
44.28857, 0.00035218, -0.004926291, 5, 0, 0.0000156784928747374936083110, 12281.55, -1642.728, -6.594189, 0.004862703, 0.07868536, 160.6728, 1.197926, 0.743877, 0.7735416
 
44.29857, 0.0003667175, -0.004922769, 5, 0, 0.0000156501822027897467469201, 12289.19, -1642.728, -6.594189, 0.004862703, 0.07868536, 160.7092, 1.197926, 0.743877, 0.7735416
 
44.30857, 0.0004143835, -0.004919102, 5, 0, 0.0000156049711903160554126096, 12296.83, -1642.728, -6.594189, 0.004862703, 0.07868536, 160.7456, 1.197926, 0.743877, 0.7735416
 
44.31857, 0.0004058868, -0.004914958, 5, 0, 0.0000155862005341885655498072, 12304.46, -1642.728, -6.594189, 0.004862703, 0.07868536, 160.7819, 1.197926, 0.743877, 0.7735416
 
44.32857, 0.0004278652, -0.0049109, 5, 0, 0.0000155525911034538513180468, 12312.09, -1642.728, -6.594189, 0.004862703, 0.07868536, 160.8181, 1.197926, 0.743877, 0.7735416
 
44.33857, 0.000476675, -0.004906621, 5, 0, 0.0000155050119620530765247693, 12319.72, -1642.728, -6.594189, 0.004862703, 0.07868536, 160.8543, 1.197926, 0.743877, 0.7735416
 
44.34856, 0.0004805891, -0.004901854, 5, 0, 0.0000154781919175772347478674, 12327.35, -1642.728, -6.594189, 0.004862703, 0.07868536, 160.8905, 1.197926, 0.743877, 0.7735416
 
44.35856, 0.0005025718, -0.004897048, 5, 0, 0.0000154423268581019971476270, 12334.97, -1642.728, -6.594189, 0.004862703, 0.07868536, 160.9267, 1.197926, 0.743877, 0.7735416
 
44.36856, 0.000553005, -0.004892022, 5, 0, 0.0000153917045866547783524601, 12342.6, -1642.728, -6.594189, 0.004862703, 0.07868536, 160.9628, 1.197926, 0.743877, 0.7735416
 
44.37856, 0.000554895, -0.004886492, 5, 0, 0.0000153635711025008539649074, 12350.22, -1642.728, -6.594189, 0.004862703, 0.07868536, 160.9989, 1.197926, 0.743877, 0.7735416
 
44.38856, 0.0005708497, -0.004880943, 5, 0, 0.0000153284513567615769641440, 12357.85, -1642.728, -6.594189, 0.004862703, 0.07868536, 161.0349, 1.197926, 0.743877, 0.7735416
 
44.39856, 0.0005477944, -0.004875235, 5, 0, 0.0000153121641422523914301649, 12365.46, -1642.728, -6.594189, 0.004862703, 0.07868536, 161.0709, 1.197926, 0.743877, 0.7735416
 
44.40855, 0.0005542946, -0.004869757, 5, 0, 0.0000152820281547777038777282, 12373.08, -1642.728, -6.594189, 0.004862703, 0.07868536, 161.1069, 1.197926, 0.743877, 0.7735416
 
44.41855, 0.0005123837, -0.004864214, 5, 0, 0.0000152756325191717917395745, 12380.69, -1642.728, -6.594189, 0.004862703, 0.07868536, 161.1428, 1.197926, 0.743877, 0.7735416
 
44.42855, 0.000497086, -0.00485909, 5, 0, 0.0000152574496765190654579953, 12388.31, -1642.728, -6.594189, 0.004862703, 0.07868536, 161.1787, 1.197926, 0.743877, 0.7735416
 
44.43855, 0.0004428345, -0.004854119, 5, 0, 0.0000152589965540842667021926, 12395.92, -1642.728, -6.594189, 0.004862703, 0.07868536, 161.2146, 1.197926, 0.743877, 0.7735416
 
44.44855, 0.0004175962, -0.004849691, 5, 0, 0.0000152479687232967492840195, 12403.52, -1642.728, -6.594189, 0.004862703, 0.07868536, 161.2504, 1.197926, 0.743877, 0.7735416
 
44.45855, 0.0004120757, -0.004845515, 5, 0, 0.0000152280421277523577143554, 12411.13, -1642.728, -6.594189, 0.004862703, 0.07868536, 161.2861, 1.197926, 0.743877, 0.7735416
 
44.46854, 0.0003626834, -0.004841394, 5, 0, 0.0000152299236933725623361799, 12418.73, -1642.728, -6.594189, 0.004862703, 0.07868536, 161.3219, 1.197926, 0.743877, 0.7735416
 
44.47854, 0.0003443832, -0.004837767, 5, 0, 0.0000152180802362325003764403, 12426.33, -1642.728, -6.594189, 0.004862703, 0.07868536, 161.3576, 1.197926, 0.743877, 0.7735416
 
44.48854, 0.0003527192, -0.004834323, 5, 0, 0.0000151937380083656252551585, 12433.93, -1642.728, -6.594189, 0.004862703, 0.07868536, 161.3932, 1.197926, 0.743877, 0.7735416
 
44.49854, 0.0003218599, -0.004830796, 5, 0, 0.0000151884279995600147673122, 12441.52, -1642.728, -6.594189, 0.004862703, 0.07868536, 161.4288, 1.197926, 0.743877, 0.7735416
 
44.50854, 0.0003208251, -0.004827577, 5, 0, 0.0000151694548430967231874189, 12449.11, -1642.728, -6.594189, 0.004862703, 0.07868536, 161.4644, 1.197926, 0.743877, 0.7735416
 
44.51854, 0.0003337341, -0.004824369, 5, 0, 0.0000151436951128792038175717, 12456.7, -1642.728, -6.594189, 0.004862703, 0.07868536, 161.5, 1.197926, 0.743877, 0.7735416
 
44.52853, 0.000369554, -0.004821031, 5, 0, 0.0000151063169258947426689591, 12464.29, -1642.728, -6.594189, 0.004862703, 0.07868536, 161.5355, 1.197926, 0.743877, 0.7735416
 
44.53853, 0.0003501966, -0.004817336, 5, 0, 0.0000150949065944729080515582, 12471.88, -1642.728, -6.594189, 0.004862703, 0.07868536, 161.571, 1.197926, 0.743877, 0.7735416
 
44.54853, 0.0003582456, -0.004813834, 5, 0, 0.0000150706937418206060403730, 12479.47, -1642.728, -6.594189, 0.004862703, 0.07868536, 161.6064, 1.197926, 0.743877, 0.7735416
 
44.55853, 0.0003812413, -0.004810252, 5, 0, 0.0000150389433766687779665539, 12487.05, -1642.728, -6.594189, 0.004862703, 0.07868536, 161.6418, 1.197926, 0.743877, 0.7735416
 
44.56853, 0.0003776653, -0.004806439, 5, 0, 0.0000150195117819452475721399, 12494.63, -1642.728, -6.594189, 0.004862703, 0.07868536, 161.6772, 1.197926, 0.743877, 0.7735416
 
44.57853, 0.000383953, -0.004802663, 5, 0, 0.0000149953917419468479669278, 12502.21, -1642.728, -6.594189, 0.004862703, 0.07868536, 161.7125, 1.197926, 0.743877, 0.7735416
 
44.58852, 0.0004159512, -0.004798824, 5, 0, 0.0000149585366808298880161871, 12509.78, -1642.728, -6.594189, 0.004862703, 0.07868536, 161.7478, 1.197926, 0.743877, 0.7735416
 
44.59852, 0.0003983993, -0.004794664, 5, 0, 0.0000149449269707608100755498, 12517.36, -1642.728, -6.594189, 0.004862703, 0.07868536, 161.7831, 1.197926, 0.743877, 0.7735416
 
44.60852, 0.0004137881, -0.00479068, 5, 0, 0.0000149158091099745010106999, 12524.93, -1642.728, -6.594189, 0.004862703, 0.07868536, 161.8183, 1.197926, 0.743877, 0.7735416
 
44.61852, 0.0004435037, -0.004786542, 5, 0, 0.0000148792521743519059623923, 12532.5, -1642.728, -6.594189, 0.004862703, 0.07868536, 161.8535, 1.197926, 0.743877, 0.7735416
 
44.62852, 0.0004343666, -0.004782107, 5, 0, 0.0000148607458936628355351275, 12540.07, -1642.728, -6.594189, 0.004862703, 0.07868536, 161.8886, 1.197926, 0.743877, 0.7735416
 
44.63852, 0.0004410787, -0.004777764, 5, 0, 0.0000148348371006981337140638, 12547.63, -1642.728, -6.594189, 0.004862703, 0.07868536, 161.9237, 1.197926, 0.743877, 0.7735416
 
44.64851, 0.0004791278, -0.004773353, 5, 0, 0.0000147934848446234470376741, 12555.19, -1642.728, -6.594189, 0.004862703, 0.07868536, 161.9588, 1.197926, 0.743877, 0.7735416
 
44.65851, 0.0004668332, -0.004768562, 5, 0, 0.0000147754932522878793557088, 12562.75, -1642.728, -6.594189, 0.004862703, 0.07868536, 161.9938, 1.197926, 0.743877, 0.7735416
 
44.66851, 0.0004813141, -0.004763893, 5, 0, 0.0000147448932015436314300129, 12570.3, -1642.728, -6.594189, 0.004862703, 0.07868536, 162.0288, 1.197926, 0.743877, 0.7735416
 
44.67851, 0.0004468139, -0.00475908, 5, 0, 0.0000147376847520898194151972, 12577.86, -1642.728, -6.594189, 0.004862703, 0.07868536, 162.0637, 1.197926, 0.743877, 0.7735416
 
44.68851, 0.0004461909, -0.004754612, 5, 0, 0.0000147151115896566049397176, 12585.41, -1642.728, -6.594189, 0.004862703, 0.07868536, 162.0986, 1.197926, 0.743877, 0.7735416
 
44.69851, 0.0004549811, -0.00475015, 5, 0, 0.0000146880159197237006098011, 12592.96, -1642.728, -6.594189, 0.004862703, 0.07868536, 162.1335, 1.197926, 0.743877, 0.7735416
 
44.7085, 0.0004257834, -0.0047456, 5, 0, 0.0000146791115299575048995716, 12600.51, -1642.728, -6.594189, 0.004862703, 0.07868536, 162.1684, 1.197926, 0.743877, 0.7735416
 
44.7185, 0.0004135261, -0.004741342, 5, 0, 0.0000146629227531115594447687, 12608.06, -1642.728, -6.594189, 0.004862703, 0.07868536, 162.2031, 1.197926, 0.743877, 0.7735416
 
44.7285, 0.0004394087, -0.004737207, 5, 0, 0.0000146286580087901262401352, 12615.6, -1642.728, -6.594189, 0.004862703, 0.07868536, 162.2379, 1.197926, 0.743877, 0.7735416
 
44.7385, 0.0004094501, -0.004732813, 5, 0, 0.0000146206733080490528238516, 12623.14, -1642.728, -6.594189, 0.004862703, 0.07868536, 162.2726, 1.197926, 0.743877, 0.7735416
 
44.7485, 0.0004072437, -0.004728719, 5, 0, 0.0000146001982740951808130630, 12630.68, -1642.728, -6.594189, 0.004862703, 0.07868536, 162.3073, 1.197926, 0.743877, 0.7735416
 
44.7585, 0.0004201703, -0.004724646, 5, 0, 0.0000145725063531734983348862, 12638.21, -1642.728, -6.594189, 0.004862703, 0.07868536, 162.342, 1.197926, 0.743877, 0.7735416
 
44.76849, 0.000405957, -0.004720445, 5, 0, 0.0000145575663283983731073828, 12645.75, -1642.728, -6.594189, 0.004862703, 0.07868536, 162.3766, 1.197926, 0.743877, 0.7735416
 
44.77849, 0.0004018282, -0.004716385, 5, 0, 0.0000145382134838054412220957, 12653.28, -1642.728, -6.594189, 0.004862703, 0.07868536, 162.4112, 1.197926, 0.743877, 0.7735416
 
44.78849, 0.0003543311, -0.004712367, 5, 0, 0.0000145399628617064441833838, 12660.81, -1642.728, -6.594189, 0.004862703, 0.07868536, 162.4457, 1.197926, 0.743877, 0.7735416
 
44.79849, 0.0003247346, -0.004708824, 5, 0, 0.0000145345516027329167225273, 12668.34, -1642.728, -6.594189, 0.004862703, 0.07868536, 162.4803, 1.197926, 0.743877, 0.7735416
 
44.80849, 0.0003285125, -0.004705576, 5, 0, 0.0000145139753186111438531933, 12675.86, -1642.728, -6.594189, 0.004862703, 0.07868536, 162.5147, 1.197926, 0.743877, 0.7735416
 
44.81849, 0.0003526119, -0.004702291, 5, 0, 0.0000144835130805954352612370, 12683.38, -1642.728, -6.594189, 0.004862703, 0.07868536, 162.5491, 1.197926, 0.743877, 0.7735416
 
44.82848, 0.00033704, -0.004698765, 5, 0, 0.0000144714502480915746792617, 12690.91, -1642.728, -6.594189, 0.004862703, 0.07868536, 162.5836, 1.197926, 0.743877, 0.7735416
 
44.83848, 0.0003372506, -0.004695395, 5, 0, 0.0000144522942788251068378622, 12698.42, -1642.728, -6.594189, 0.004862703, 0.07868536, 162.6179, 1.197926, 0.743877, 0.7735416
 
44.84848, 0.0003688558, -0.004692022, 5, 0, 0.0000144180464095316705383736, 12705.94, -1642.728, -6.594189, 0.004862703, 0.07868536, 162.6522, 1.197926, 0.743877, 0.7735416
 
44.85848, 0.0003492075, -0.004688334, 5, 0, 0.0000144075107670603535160815, 12713.45, -1642.728, -6.594189, 0.004862703, 0.07868536, 162.6865, 1.197926, 0.743877, 0.7735416
 
44.86848, 0.0003507363, -0.004684842, 5, 0, 0.0000143874182337407825900560, 12720.96, -1642.728, -6.594189, 0.004862703, 0.07868536, 162.7207, 1.197926, 0.743877, 0.7735416
 
44.87848, 0.0003725853, -0.004681334, 5, 0, 0.0000143575438091998375793229, 12728.47, -1642.728, -6.594189, 0.004862703, 0.07868536, 162.755, 1.197926, 0.743877, 0.7735416
 
44.88847, 0.0004186871, -0.004677609, 5, 0, 0.0000143153871767912494788435, 12735.97, -1642.728, -6.594189, 0.004862703, 0.07868536, 162.7891, 1.197926, 0.743877, 0.7735416
 
44.89847, 0.0004180939, -0.004673422, 5, 0, 0.0000142942652667646569477542, 12743.47, -1642.728, -6.594189, 0.004862703, 0.07868536, 162.8232, 1.197926, 0.743877, 0.7735416
 
44.90847, 0.0004545626, -0.004669241, 5, 0, 0.0000142554133273362553908680, 12750.97, -1642.728, -6.594189, 0.004862703, 0.07868536, 162.8573, 1.197926, 0.743877, 0.7735416
 
44.91847, 0.000427631, -0.004664695, 5, 0, 0.0000142458620614973391603378, 12758.46, -1642.728, -6.594189, 0.004862703, 0.07868536, 162.8913, 1.197926, 0.743877, 0.7735416
 
44.92847, 0.0004336938, -0.004660419, 5, 0, 0.0000142213567083599776909932, 12765.95, -1642.728, -6.594189, 0.004862703, 0.07868536, 162.9253, 1.197926, 0.743877, 0.7735416
 
44.93847, 0.0004539271, -0.004656082, 5, 0, 0.0000141899157187211898660136, 12773.44, -1642.728, -6.594189, 0.004862703, 0.07868536, 162.9593, 1.197926, 0.743877, 0.7735416
 
44.94846, 0.0004397592, -0.004651543, 5, 0, 0.0000141743428803966641295204, 12780.93, -1642.728, -6.594189, 0.004862703, 0.07868536, 162.9932, 1.197926, 0.743877, 0.7735416
 
44.95846, 0.0004436381, -0.004647145, 5, 0, 0.0000141506025285279048297021, 12788.41, -1642.728, -6.594189, 0.004862703, 0.07868536, 163.0271, 1.197926, 0.743877, 0.7735416
 
44.96846, 0.0004800095, -0.004642709, 5, 0, 0.0000141112415257553059717900, 12795.9, -1642.728, -6.594189, 0.004862703, 0.07868536, 163.061, 1.197926, 0.743877, 0.7735416
 
44.97846, 0.0004510895, -0.004637909, 5, 0, 0.0000141019883854107707581576, 12803.38, -1642.728, -6.594189, 0.004862703, 0.07868536, 163.0948, 1.197926, 0.743877, 0.7735416
 
44.98846, 0.0004525421, -0.004633398, 5, 0, 0.0000140791480350344921822359, 12810.86, -1642.728, -6.594189, 0.004862703, 0.07868536, 163.1286, 1.197926, 0.743877, 0.7735416
 
44.99846, 0.0004162996, -0.004628872, 5, 0, 0.0000140742739644517859305622, 12818.33, -1642.728, -6.594189, 0.004862703, 0.07868536, 163.1623, 1.197926, 0.743877, 0.7735416
 
45.00845, 0.0003952277, -0.004624709, 5, 0, 0.0000140632911337388893256911, 12825.8, -1642.728, -6.594189, 0.004862703, 0.07868536, 163.196, 1.197926, 0.743877, 0.7735416
 
45.01845, 0.0003982377, -0.004620757, 5, 0, 0.0000140414942225929523661440, 12833.28, -1642.728, -6.594189, 0.004862703, 0.07868536, 163.2297, 1.197926, 0.743877, 0.7735416
 
45.02845, 0.0003533778, -0.004616775, 5, 0, 0.0000140424307866460554507701, 12840.75, -1642.728, -6.594189, 0.004862703, 0.07868536, 163.2633, 1.197926, 0.743877, 0.7735416
 
45.03845, 0.0003325627, -0.004613241, 5, 0, 0.0000140333013965067234451017, 12848.22, -1642.728, -6.594189, 0.004862703, 0.07868536, 163.297, 1.197926, 0.743877, 0.7735416
 
45.04845, 0.0003315769, -0.004609915, 5, 0, 0.0000140153998043204135042049, 12855.68, -1642.728, -6.594189, 0.004862703, 0.07868536, 163.3305, 1.197926, 0.743877, 0.7735416
 
45.05844, 0.0003647274, -0.004606599, 5, 0, 0.0000139813206853068173404469, 12863.14, -1642.728, -6.594189, 0.004862703, 0.07868536, 163.364, 1.197926, 0.743877, 0.7735416
 
45.06844, 0.0003463525, -0.004602952, 5, 0, 0.0000139707512927795226223298, 12870.6, -1642.728, -6.594189, 0.004862703, 0.07868536, 163.3975, 1.197926, 0.743877, 0.7735416
 
45.07844, 0.0003532703, -0.004599489, 5, 0, 0.0000139487518812977678312272, 12878.05, -1642.728, -6.594189, 0.004862703, 0.07868536, 163.431, 1.197926, 0.743877, 0.7735416
 
45.08844, 0.0003823471, -0.004595956, 5, 0, 0.0000139160480770648558821019, 12885.5, -1642.728, -6.594189, 0.004862703, 0.07868536, 163.4644, 1.197926, 0.743877, 0.7735416
 
45.09844, 0.0003599685, -0.004592133, 5, 0, 0.0000139068989993928984208488, 12892.96, -1642.728, -6.594189, 0.004862703, 0.07868536, 163.4977, 1.197926, 0.743877, 0.7735416
 
45.10844, 0.0003573781, -0.004588533, 5, 0, 0.0000138890677198231724220417, 12900.41, -1642.728, -6.594189, 0.004862703, 0.07868536, 163.5311, 1.197926, 0.743877, 0.7735416
 
45.11843, 0.0003775005, -0.004584959, 5, 0, 0.0000138605770475769261929785, 12907.85, -1642.728, -6.594189, 0.004862703, 0.07868536, 163.5644, 1.197926, 0.743877, 0.7735416
 
45.12843, 0.0003423663, -0.004581184, 5, 0, 0.0000138576661052496838516255, 12915.3, -1642.728, -6.594189, 0.004862703, 0.07868536, 163.5977, 1.197926, 0.743877, 0.7735416
 
45.13843, 0.0003362042, -0.004577761, 5, 0, 0.0000138421298294857965903264, 12922.74, -1642.728, -6.594189, 0.004862703, 0.07868536, 163.6309, 1.197926, 0.743877, 0.7735416
 
45.14843, 0.0003601079, -0.004574399, 5, 0, 0.0000138125844679905495129469, 12930.18, -1642.728, -6.594189, 0.004862703, 0.07868536, 163.6641, 1.197926, 0.743877, 0.7735416
 
45.15843, 0.0003935757, -0.004570798, 5, 0, 0.0000137778247228482551330632, 12937.62, -1642.728, -6.594189, 0.004862703, 0.07868536, 163.6973, 1.197926, 0.743877, 0.7735416
 
45.16843, 0.0003863059, -0.004566862, 5, 0, 0.0000137613265704892694294209, 12945.06, -1642.728, -6.594189, 0.004862703, 0.07868536, 163.7304, 1.197926, 0.743877, 0.7735416
 
45.17842, 0.0003920383, -0.004562999, 5, 0, 0.0000137389390333638919948167, 12952.49, -1642.728, -6.594189, 0.004862703, 0.07868536, 163.7635, 1.197926, 0.743877, 0.7735416
 
45.18842, 0.0004312111, -0.004559078, 5, 0, 0.0000137006242823263116471133, 12959.92, -1642.728, -6.594189, 0.004862703, 0.07868536, 163.7966, 1.197926, 0.743877, 0.7735416
 
45.19842, 0.0004177208, -0.004554766, 5, 0, 0.0000136859964455688713333539, 12967.34, -1642.728, -6.594189, 0.004862703, 0.07868536, 163.8296, 1.197926, 0.743877, 0.7735416
 
45.20842, 0.0004232587, -0.004550589, 5, 0, 0.0000136628326571562324972818, 12974.76, -1642.728, -6.594189, 0.004862703, 0.07868536, 163.8625, 1.197926, 0.743877, 0.7735416
 
45.21842, 0.0004564934, -0.004546357, 5, 0, 0.0000136264838468787929537330, 12982.18, -1642.728, -6.594189, 0.004862703, 0.07868536, 163.8955, 1.197926, 0.743877, 0.7735416
 
45.22842, 0.0004372693, -0.004541792, 5, 0, 0.0000136138641384514534780608, 12989.6, -1642.728, -6.594189, 0.004862703, 0.07868536, 163.9284, 1.197926, 0.743877, 0.7735416
 
45.23841, 0.0004430502, -0.004537419, 5, 0, 0.0000135900759740033964711066, 12997.02, -1642.728, -6.594189, 0.004862703, 0.07868536, 163.9612, 1.197926, 0.743877, 0.7735416
 
45.24841, 0.0003937885, -0.004532989, 5, 0, 0.0000135920306647448619288548, 13004.43, -1642.728, -6.594189, 0.004862703, 0.07868536, 163.994, 1.197926, 0.743877, 0.7735416
 
45.25841, 0.0003756204, -0.004529051, 5, 0, 0.0000135808678337334820707761, 13011.84, -1642.728, -6.594189, 0.004862703, 0.07868536, 164.0268, 1.197926, 0.743877, 0.7735416
 
45.26841, 0.0003850967, -0.004525295, 5, 0, 0.0000135572877946305644541160, 13019.24, -1642.728, -6.594189, 0.004862703, 0.07868536, 164.0596, 1.197926, 0.743877, 0.7735416
 
45.27841, 0.0003475636, -0.004521444, 5, 0, 0.0000135555131041875822495753, 13026.65, -1642.728, -6.594189, 0.004862703, 0.07868536, 164.0923, 1.197926, 0.743877, 0.7735416
 
45.28841, 0.0003346348, -0.004517968, 5, 0, 0.0000135433405840018223564822, 13034.05, -1642.728, -6.594189, 0.004862703, 0.07868536, 164.125, 1.197926, 0.743877, 0.7735416
 
45.2984, 0.0003447283, -0.004514622, 5, 0, 0.0000135207786715872671129442, 13041.46, -1642.728, -6.594189, 0.004862703, 0.07868536, 164.1576, 1.197926, 0.743877, 0.7735416
 
45.3084, 0.0003664462, -0.004511175, 5, 0, 0.0000134924904996768226009718, 13048.86, -1642.728, -6.594189, 0.004862703, 0.07868536, 164.1902, 1.197926, 0.743877, 0.7735416
 
45.3184, 0.0003388232, -0.00450751, 5, 0, 0.0000134866939275643332759830, 13056.25, -1642.728, -6.594189, 0.004862703, 0.07868536, 164.2228, 1.197926, 0.743877, 0.7735416
 
45.3284, 0.0003435738, -0.004504122, 5, 0, 0.0000134665845192167815592774, 13063.65, -1642.728, -6.594189, 0.004862703, 0.07868536, 164.2554, 1.197926, 0.743877, 0.7735416
 
45.3384, 0.000370152, -0.004500687, 5, 0, 0.0000134361475937430522105736, 13071.04, -1642.728, -6.594189, 0.004862703, 0.07868536, 164.2879, 1.197926, 0.743877, 0.7735416
 
45.3484, 0.0003397642, -0.004496985, 5, 0, 0.0000134315772736640646490010, 13078.43, -1642.728, -6.594189, 0.004862703, 0.07868536, 164.3203, 1.197926, 0.743877, 0.7735416
 
45.35839, 0.0003348432, -0.004493588, 5, 0, 0.0000134160353728908397144988, 13085.81, -1642.728, -6.594189, 0.004862703, 0.07868536, 164.3528, 1.197926, 0.743877, 0.7735416
 
45.36839, 0.0003480546, -0.004490239, 5, 0, 0.0000133921909583495026623011, 13093.19, -1642.728, -6.594189, 0.004862703, 0.07868536, 164.3851, 1.197926, 0.743877, 0.7735416
 
45.37839, 0.0003909793, -0.004486759, 5, 0, 0.0000133541124577037017275135, 13100.57, -1642.728, -6.594189, 0.004862703, 0.07868536, 164.4175, 1.197926, 0.743877, 0.7735416
 
45.38839, 0.000381333, -0.004482849, 5, 0, 0.0000133393046206477781605465, 13107.95, -1642.728, -6.594189, 0.004862703, 0.07868536, 164.4498, 1.197926, 0.743877, 0.7735416
 
45.39839, 0.0003943216, -0.004479036, 5, 0, 0.0000133142592666149185881852, 13115.33, -1642.728, -6.594189, 0.004862703, 0.07868536, 164.4821, 1.197926, 0.743877, 0.7735416
 
45.40839, 0.0004242312, -0.004475093, 5, 0, 0.0000132809676489072269433720, 13122.7, -1642.728, -6.594189, 0.004862703, 0.07868536, 164.5143, 1.197926, 0.743877, 0.7735416
 
45.41838, 0.0004121463, -0.00447085, 5, 0, 0.0000132663707497011035460683, 13130.07, -1642.728, -6.594189, 0.004862703, 0.07868536, 164.5465, 1.197926, 0.743877, 0.7735416
 
45.42838, 0.0004171169, -0.004466729, 5, 0, 0.0000132442166504628286305459, 13137.43, -1642.728, -6.594189, 0.004862703, 0.07868536, 164.5787, 1.197926, 0.743877, 0.7735416
 
45.43838, 0.0004380466, -0.004462557, 5, 0, 0.0000132145166012110614287467, 13144.8, -1642.728, -6.594189, 0.004862703, 0.07868536, 164.6108, 1.197926, 0.743877, 0.7735416
 
45.44838, 0.0004131396, -0.004458177, 5, 0, 0.0000132055362738189279887595, 13152.16, -1642.728, -6.594189, 0.004862703, 0.07868536, 164.6429, 1.197926, 0.743877, 0.7735416
 
45.45838, 0.0004117189, -0.004454046, 5, 0, 0.0000131864056170944555050773, 13159.52, -1642.728, -6.594189, 0.004862703, 0.07868536, 164.675, 1.197926, 0.743877, 0.7735416
 
45.46838, 0.0003600779, -0.004449928, 5, 0, 0.0000131906609366510651446073, 13166.88, -1642.728, -6.594189, 0.004862703, 0.07868536, 164.707, 1.197926, 0.743877, 0.7735416
 
45.47837, 0.0003335777, -0.004446327, 5, 0, 0.0000131847912394173149836949, 13174.23, -1642.728, -6.594189, 0.004862703, 0.07868536, 164.739, 1.197926, 0.743877, 0.7735416
 
45.48837, 0.0003306217, -0.004442991, 5, 0, 0.0000131688105879165089191860, 13181.58, -1642.728, -6.594189, 0.004862703, 0.07868536, 164.7709, 1.197926, 0.743877, 0.7735416
 
45.49837, 0.0003496765, -0.004439685, 5, 0, 0.0000131427330446719669623917, 13188.93, -1642.728, -6.594189, 0.004862703, 0.07868536, 164.8028, 1.197926, 0.743877, 0.7735416
 
45.50837, 0.0003226253, -0.004436188, 5, 0, 0.0000131374792859596204053242, 13196.27, -1642.728, -6.594189, 0.004862703, 0.07868536, 164.8347, 1.197926, 0.743877, 0.7735416
 
45.51837, 0.0003219561, -0.004432962, 5, 0, 0.0000131208236333394537978929, 13203.61, -1642.728, -6.594189, 0.004862703, 0.07868536, 164.8666, 1.197926, 0.743877, 0.7735416
 
45.52837, 0.0003288916, -0.004429743, 5, 0, 0.0000131006917249545997317686, 13210.96, -1642.728, -6.594189, 0.004862703, 0.07868536, 164.8984, 1.197926, 0.743877, 0.7735416
 
45.53836, 0.0002903296, -0.004426454, 5, 0, 0.0000131014257886719010993039, 13218.29, -1642.728, -6.594189, 0.004862703, 0.07868536, 164.9301, 1.197926, 0.743877, 0.7735416
 
45.54836, 0.0002887701, -0.00442355, 5, 0, 0.0000130862045134303756455828, 13225.63, -1642.728, -6.594189, 0.004862703, 0.07868536, 164.9619, 1.197926, 0.743877, 0.7735416
 
45.55836, 0.000310391, -0.004420663, 5, 0, 0.0000130603379080356177439870, 13232.96, -1642.728, -6.594189, 0.004862703, 0.07868536, 164.9935, 1.197926, 0.743877, 0.7735416
 
45.56836, 0.0003452871, -0.004417559, 5, 0, 0.0000130277269164566243152994, 13240.29, -1642.728, -6.594189, 0.004862703, 0.07868536, 165.0252, 1.197926, 0.743877, 0.7735416
 
45.57836, 0.0003283875, -0.004414106, 5, 0, 0.0000130180209628611879603495, 13247.61, -1642.728, -6.594189, 0.004862703, 0.07868536, 165.0568, 1.197926, 0.743877, 0.7735416
 
45.58836, 0.0003441467, -0.004410822, 5, 0, 0.0000129937687351435705801361, 13254.93, -1642.728, -6.594189, 0.004862703, 0.07868536, 165.0884, 1.197926, 0.743877, 0.7735416
 
45.59835, 0.0003705973, -0.004407381, 5, 0, 0.0000129641446235177249936298, 13262.25, -1642.728, -6.594189, 0.004862703, 0.07868536, 165.1199, 1.197926, 0.743877, 0.7735416
 
45.60835, 0.0004212664, -0.004403675, 5, 0, 0.0000129226067421352173908293, 13269.57, -1642.728, -6.594189, 0.004862703, 0.07868536, 165.1514, 1.197926, 0.743877, 0.7735416
 
45.61835, 0.0004132389, -0.004399462, 5, 0, 0.0000129066457781670528963698, 13276.88, -1642.728, -6.594189, 0.004862703, 0.07868536, 165.1829, 1.197926, 0.743877, 0.7735416
 
45.62835, 0.000437241, -0.004395329, 5, 0, 0.0000128762004151793250950937, 13284.2, -1642.728, -6.594189, 0.004862703, 0.07868536, 165.2143, 1.197926, 0.743877, 0.7735416
 
45.63835, 0.0004756243, -0.004390957, 5, 0, 0.0000128384594150932044317673, 13291.5, -1642.728, -6.594189, 0.004862703, 0.07868536, 165.2457, 1.197926, 0.743877, 0.7735416
 
45.64835, 0.0004615554, -0.004386201, 5, 0, 0.0000128237359531772009326656, 13298.81, -1642.728, -6.594189, 0.004862703, 0.07868536, 165.2771, 1.197926, 0.743877, 0.7735416
 
45.65834, 0.000462909, -0.004381585, 5, 0, 0.0000128023637302355250918143, 13306.12, -1642.728, -6.594189, 0.004862703, 0.07868536, 165.3084, 1.197926, 0.743877, 0.7735416
 
45.66834, 0.0004140569, -0.004376956, 5, 0, 0.0000128040399830152511027141, 13313.42, -1642.728, -6.594189, 0.004862703, 0.07868536, 165.3397, 1.197926, 0.743877, 0.7735416
 
45.67834, 0.0003997414, -0.004372815, 5, 0, 0.0000127913105869060284303887, 13320.71, -1642.728, -6.594189, 0.004862703, 0.07868536, 165.3709, 1.197926, 0.743877, 0.7735416
 
45.68834, 0.0004107498, -0.004368818, 5, 0, 0.0000127674071097667505535783, 13328.01, -1642.728, -6.594189, 0.004862703, 0.07868536, 165.4021, 1.197926, 0.743877, 0.7735416
 
45.69834, 0.0003693848, -0.00436471, 5, 0, 0.0000127672158594495919539644, 13335.3, -1642.728, -6.594189, 0.004862703, 0.07868536, 165.4333, 1.197926, 0.743877, 0.7735416
 
45.70834, 0.0003520862, -0.004361017, 5, 0, 0.0000127572258428830945934275, 13342.59, -1642.728, -6.594189, 0.004862703, 0.07868536, 165.4645, 1.197926, 0.743877, 0.7735416
 
45.71833, 0.0003430537, -0.004357496, 5, 0, 0.0000127439733209063546087655, 13349.88, -1642.728, -6.594189, 0.004862703, 0.07868536, 165.4956, 1.197926, 0.743877, 0.7735416
 
45.72833, 0.0002913738, -0.004354065, 5, 0, 0.0000127505320817827853239113, 13357.17, -1642.728, -6.594189, 0.004862703, 0.07868536, 165.5266, 1.197926, 0.743877, 0.7735416
 
45.73833, 0.0002756303, -0.004351152, 5, 0, 0.0000127421705054167323816031, 13364.45, -1642.728, -6.594189, 0.004862703, 0.07868536, 165.5577, 1.197926, 0.743877, 0.7735416
 
45.74833, 0.0002709568, -0.004348395, 5, 0, 0.0000127292217339437110870421, 13371.73, -1642.728, -6.594189, 0.004862703, 0.07868536, 165.5887, 1.197926, 0.743877, 0.7735416
 
45.75833, 0.0002935629, -0.004345686, 5, 0, 0.0000127039682545657282388514, 13379, -1642.728, -6.594189, 0.004862703, 0.07868536, 165.6196, 1.197926, 0.743877, 0.7735416
 
45.76833, 0.000272587, -0.00434275, 5, 0, 0.0000126979804321360803142487, 13386.27, -1642.728, -6.594189, 0.004862703, 0.07868536, 165.6505, 1.197926, 0.743877, 0.7735416
 
45.77832, 0.0002642858, -0.004340024, 5, 0, 0.0000126868344761526651323854, 13393.54, -1642.728, -6.594189, 0.004862703, 0.07868536, 165.6814, 1.197926, 0.743877, 0.7735416
 
45.78832, 0.0002777913, -0.004337382, 5, 0, 0.0000126659966290971497213477, 13400.81, -1642.728, -6.594189, 0.004862703, 0.07868536, 165.7123, 1.197926, 0.743877, 0.7735416
 
45.79832, 0.0003116918, -0.004334603, 5, 0, 0.0000126354837659974826428864, 13408.07, -1642.728, -6.594189, 0.004862703, 0.07868536, 165.7431, 1.197926, 0.743877, 0.7735416
 
45.80832, 0.0002854905, -0.004331486, 5, 0, 0.0000126314000092253739184562, 13415.34, -1642.728, -6.594189, 0.004862703, 0.07868536, 165.7739, 1.197926, 0.743877, 0.7735416
 
45.81832, 0.0002865109, -0.004328631, 5, 0, 0.0000126157006081909519657003, 13422.59, -1642.728, -6.594189, 0.004862703, 0.07868536, 165.8046, 1.197926, 0.743877, 0.7735416
 
45.82832, 0.0003242484, -0.004325766, 5, 0, 0.0000125832696169104579046850, 13429.85, -1642.728, -6.594189, 0.004862703, 0.07868536, 165.8353, 1.197926, 0.743877, 0.7735416
 
45.83831, 0.0003665056, -0.004322524, 5, 0, 0.0000125477139329482444388194, 13437.1, -1642.728, -6.594189, 0.004862703, 0.07868536, 165.8659, 1.197926, 0.743877, 0.7735416
 
45.84831, 0.0003634762, -0.004318858, 5, 0, 0.0000125315532811489390066383, 13444.35, -1642.728, -6.594189, 0.004862703, 0.07868536, 165.8965, 1.197926, 0.743877, 0.7735416
 
45.85831, 0.0003861058, -0.004315224, 5, 0, 0.0000125038360476852933996737, 13451.59, -1642.728, -6.594189, 0.004862703, 0.07868536, 165.9271, 1.197926, 0.743877, 0.7735416
 
45.86831, 0.0004271199, -0.004311362, 5, 0, 0.0000124671328618201927939835, 13458.83, -1642.728, -6.594189, 0.004862703, 0.07868536, 165.9577, 1.197926, 0.743877, 0.7735416
 
45.87831, 0.0004128113, -0.004307091, 5, 0, 0.0000124543894031876339958825, 13466.08, -1642.728, -6.594189, 0.004862703, 0.07868536, 165.9882, 1.197926, 0.743877, 0.7735416
 
45.88831, 0.0004205087, -0.004302963, 5, 0, 0.0000124320946787161589672514, 13473.31, -1642.728, -6.594189, 0.004862703, 0.07868536, 166.0187, 1.197926, 0.743877, 0.7735416
 
45.8983, 0.0004431772, -0.004298758, 5, 0, 0.0000124028080676499936522062, 13480.55, -1642.728, -6.594189, 0.004862703, 0.07868536, 166.0491, 1.197926, 0.743877, 0.7735416
 
45.9083, 0.0004071989, -0.004294327, 5, 0, 0.0000123994836871371655385638, 13487.78, -1642.728, -6.594189, 0.004862703, 0.07868536, 166.0795, 1.197926, 0.743877, 0.7735416
 
45.9183, 0.0004101284, -0.004290254, 5, 0, 0.0000123795880291440747708906, 13495.01, -1642.728, -6.594189, 0.004862703, 0.07868536, 166.1099, 1.197926, 0.743877, 0.7735416
 
45.9283, 0.0004282787, -0.004286153, 5, 0, 0.0000123527370471169321919977, 13502.24, -1642.728, -6.594189, 0.004862703, 0.07868536, 166.1403, 1.197926, 0.743877, 0.7735416
 
45.9383, 0.0003865916, -0.004281871, 5, 0, 0.0000123524698591738519770909, 13509.46, -1642.728, -6.594189, 0.004862703, 0.07868536, 166.1706, 1.197926, 0.743877, 0.7735416
 
45.9483, 0.0003685492, -0.004278005, 5, 0, 0.0000123427245305131163675775, 13516.69, -1642.728, -6.594189, 0.004862703, 0.07868536, 166.2009, 1.197926, 0.743877, 0.7735416
 
45.95829, 0.0003682949, -0.004274319, 5, 0, 0.0000123254782519135092850891, 13523.91, -1642.728, -6.594189, 0.004862703, 0.07868536, 166.2311, 1.197926, 0.743877, 0.7735416
 
45.96829, 0.0003191736, -0.004270636, 5, 0, 0.0000123303466974868778635596, 13531.12, -1642.728, -6.594189, 0.004862703, 0.07868536, 166.2613, 1.197926, 0.743877, 0.7735416
 
45.97829, 0.0002941062, -0.004267444, 5, 0, 0.0000123257791899125510813561, 13538.34, -1642.728, -6.594189, 0.004862703, 0.07868536, 166.2915, 1.197926, 0.743877, 0.7735416
 
45.98829, 0.0002946315, -0.004264503, 5, 0, 0.0000123103976019051839444768, 13545.55, -1642.728, -6.594189, 0.004862703, 0.07868536, 166.3216, 1.197926, 0.743877, 0.7735416
 
45.99829, 0.0003129469, -0.004261557, 5, 0, 0.0000122869891255867672429166, 13552.76, -1642.728, -6.594189, 0.004862703, 0.07868536, 166.3517, 1.197926, 0.743877, 0.7735416
 
46.00829, 0.0002766365, -0.004258428, 5, 0, 0.0000122877119392854093785102, 13559.97, -1642.728, -6.594189, 0.004862703, 0.07868536, 166.3818, 1.197926, 0.743877, 0.7735416
 
46.01828, 0.0002665804, -0.004255661, 5, 0, 0.0000122776600476162942995266, 13567.17, -1642.728, -6.594189, 0.004862703, 0.07868536, 166.4118, 1.197926, 0.743877, 0.7735416
 
46.02828, 0.0002823721, -0.004252995, 5, 0, 0.0000122562737621512984473644, 13574.37, -1642.728, -6.594189, 0.004862703, 0.07868536, 166.4418, 1.197926, 0.743877, 0.7735416
 
46.03828, 0.0003248506, -0.004250172, 5, 0, 0.0000122224365185387871407959, 13581.57, -1642.728, -6.594189, 0.004862703, 0.07868536, 166.4717, 1.197926, 0.743877, 0.7735416
 
46.04828, 0.0003040637, -0.004246923, 5, 0, 0.0000122158721326530348669116, 13588.76, -1642.728, -6.594189, 0.004862703, 0.07868536, 166.5016, 1.197926, 0.743877, 0.7735416
 
46.05828, 0.0003066525, -0.004243882, 5, 0, 0.0000121994105428546876384635, 13595.95, -1642.728, -6.594189, 0.004862703, 0.07868536, 166.5315, 1.197926, 0.743877, 0.7735416
 
46.06828, 0.0003354498, -0.004240816, 5, 0, 0.0000121711111209255838945495, 13603.13, -1642.728, -6.594189, 0.004862703, 0.07868536, 166.5613, 1.197926, 0.743877, 0.7735416
 
46.07827, 0.0003819167, -0.004237461, 5, 0, 0.0000121340676219961261235641, 13610.32, -1642.728, -6.594189, 0.004862703, 0.07868536, 166.5911, 1.197926, 0.743877, 0.7735416
 
46.08827, 0.0003671447, -0.004233642, 5, 0, 0.0000121232169790024472936941, 13617.5, -1642.728, -6.594189, 0.004862703, 0.07868536, 166.6209, 1.197926, 0.743877, 0.7735416
 
46.09827, 0.0003783919, -0.004229971, 5, 0, 0.0000121011303798761116553569, 13624.68, -1642.728, -6.594189, 0.004862703, 0.07868536, 166.6506, 1.197926, 0.743877, 0.7735416
 
46.10827, 0.0004127502, -0.004226187, 5, 0, 0.0000120683759505592412197265, 13631.86, -1642.728, -6.594189, 0.004862703, 0.07868536, 166.6803, 1.197926, 0.743877, 0.7735416
 
46.11827, 0.000390835, -0.004222059, 5, 0, 0.0000120598934364926297343588, 13639.03, -1642.728, -6.594189, 0.004862703, 0.07868536, 166.71, 1.197926, 0.743877, 0.7735416
 
46.12827, 0.0003965901, -0.004218151, 5, 0, 0.0000120396602779398748096892, 13646.2, -1642.728, -6.594189, 0.004862703, 0.07868536, 166.7396, 1.197926, 0.743877, 0.7735416
 
46.13826, 0.0004226185, -0.004214185, 5, 0, 0.0000120101992915845478001749, 13653.37, -1642.728, -6.594189, 0.004862703, 0.07868536, 166.7692, 1.197926, 0.743877, 0.7735416
 
46.14826, 0.0003815336, -0.004209958, 5, 0, 0.0000120100614788560084664353, 13660.53, -1642.728, -6.594189, 0.004862703, 0.07868536, 166.7988, 1.197926, 0.743877, 0.7735416
 
46.15826, 0.0003692901, -0.004206143, 5, 0, 0.0000119982123967066088334925, 13667.69, -1642.728, -6.594189, 0.004862703, 0.07868536, 166.8283, 1.197926, 0.743877, 0.7735416
 
46.16826, 0.0003784289, -0.004202451, 5, 0, 0.0000119771720493152755908993, 13674.85, -1642.728, -6.594189, 0.004862703, 0.07868536, 166.8578, 1.197926, 0.743877, 0.7735416
 
46.17826, 0.0003325545, -0.004198666, 5, 0, 0.0000119804767422954621344923, 13682.01, -1642.728, -6.594189, 0.004862703, 0.07868536, 166.8872, 1.197926, 0.743877, 0.7735416
 
46.18826, 0.0003101549, -0.00419534, 5, 0, 0.0000119746182950803712055215, 13689.17, -1642.728, -6.594189, 0.004862703, 0.07868536, 166.9167, 1.197926, 0.743877, 0.7735416
 
46.19825, 0.0003041451, -0.004192239, 5, 0, 0.0000119620998368209325883947, 13696.31, -1642.728, -6.594189, 0.004862703, 0.07868536, 166.946, 1.197926, 0.743877, 0.7735416
 
46.20825, 0.0003246425, -0.004189197, 5, 0, 0.0000119379432342618945079884, 13703.46, -1642.728, -6.594189, 0.004862703, 0.07868536, 166.9754, 1.197926, 0.743877, 0.7735416
 
46.21825, 0.0002891752, -0.004185951, 5, 0, 0.0000119381851096629954796426, 13710.6, -1642.728, -6.594189, 0.004862703, 0.07868536, 167.0047, 1.197926, 0.743877, 0.7735416
 
46.22825, 0.0002820434, -0.004183059, 5, 0, 0.0000119268169658111370106391, 13717.74, -1642.728, -6.594189, 0.004862703, 0.07868536, 167.0339, 1.197926, 0.743877, 0.7735416
 
46.23825, 0.0003033818, -0.004180239, 5, 0, 0.0000119029866137931199697523, 13724.88, -1642.728, -6.594189, 0.004862703, 0.07868536, 167.0631, 1.197926, 0.743877, 0.7735416
 
46.24825, 0.0003450161, -0.004177205, 5, 0, 0.0000118695318708149258624117, 13732.01, -1642.728, -6.594189, 0.004862703, 0.07868536, 167.0923, 1.197926, 0.743877, 0.7735416
 
46.25824, 0.0003223138, -0.004173755, 5, 0, 0.0000118635496733946156110121, 13739.14, -1642.728, -6.594189, 0.004862703, 0.07868536, 167.1215, 1.197926, 0.743877, 0.7735416
 
46.26824, 0.000327071, -0.004170531, 5, 0, 0.0000118460165193192867435675, 13746.27, -1642.728, -6.594189, 0.004862703, 0.07868536, 167.1506, 1.197926, 0.743877, 0.7735416
 
46.27824, 0.0003531207, -0.004167261, 5, 0, 0.0000118188983493490639497678, 13753.39, -1642.728, -6.594189, 0.004862703, 0.07868536, 167.1797, 1.197926, 0.743877, 0.7735416
 
46.28824, 0.0003212458, -0.004163729, 5, 0, 0.0000118168030333743822644460, 13760.51, -1642.728, -6.594189, 0.004862703, 0.07868536, 167.2087, 1.197926, 0.743877, 0.7735416
 
46.29824, 0.0003117641, -0.004160517, 5, 0, 0.0000118056823899329463258352, 13767.63, -1642.728, -6.594189, 0.004862703, 0.07868536, 167.2377, 1.197926, 0.743877, 0.7735416
 
46.30824, 0.0003188412, -0.004157399, 5, 0, 0.0000117874967347755753793515, 13774.75, -1642.728, -6.594189, 0.004862703, 0.07868536, 167.2667, 1.197926, 0.743877, 0.7735416
 
46.31823, 0.0003446088, -0.004154211, 5, 0, 0.0000117608341905609145062385, 13781.87, -1642.728, -6.594189, 0.004862703, 0.07868536, 167.2957, 1.197926, 0.743877, 0.7735416
 
46.32823, 0.0003222394, -0.004150765, 5, 0, 0.0000117548098055706442209063, 13788.98, -1642.728, -6.594189, 0.004862703, 0.07868536, 167.3246, 1.197926, 0.743877, 0.7735416
 
46.33823, 0.0003128143, -0.004147543, 5, 0, 0.0000117437004121478836287019, 13796.08, -1642.728, -6.594189, 0.004862703, 0.07868536, 167.3535, 1.197926, 0.743877, 0.7735416
 
46.34823, 0.0003330528, -0.004144414, 5, 0, 0.0000117197294348966664747062, 13803.19, -1642.728, -6.594189, 0.004862703, 0.07868536, 167.3823, 1.197926, 0.743877, 0.7735416
 
46.35823, 0.0003667006, -0.004141084, 5, 0, 0.0000116892728218902794414885, 13810.29, -1642.728, -6.594189, 0.004862703, 0.07868536, 167.4111, 1.197926, 0.743877, 0.7735416
 
46.36823, 0.000352675, -0.004137417, 5, 0, 0.0000116789846798293849495891, 13817.39, -1642.728, -6.594189, 0.004862703, 0.07868536, 167.4399, 1.197926, 0.743877, 0.7735416
 
46.37822, 0.000355365, -0.00413389, 5, 0, 0.0000116617159011924755176821, 13824.49, -1642.728, -6.594189, 0.004862703, 0.07868536, 167.4686, 1.197926, 0.743877, 0.7735416
 
46.38822, 0.0003781146, -0.004130336, 5, 0, 0.0000116355258577613734704007, 13831.58, -1642.728, -6.594189, 0.004862703, 0.07868536, 167.4973, 1.197926, 0.743877, 0.7735416
 
46.39822, 0.0003437279, -0.004126555, 5, 0, 0.0000116339621051681914355233, 13838.67, -1642.728, -6.594189, 0.004862703, 0.07868536, 167.526, 1.197926, 0.743877, 0.7735416
 
46.40822, 0.0003416902, -0.004123118, 5, 0, 0.0000116190952055143270439435, 13845.75, -1642.728, -6.594189, 0.004862703, 0.07868536, 167.5546, 1.197926, 0.743877, 0.7735416
 
46.41822, 0.0003499577, -0.004119701, 5, 0, 0.0000115997592359493759493365, 13852.83, -1642.728, -6.594189, 0.004862703, 0.07868536, 167.5832, 1.197926, 0.743877, 0.7735416
 
46.42822, 0.0003206466, -0.004116202, 5, 0, 0.0000115967892310241927833707, 13859.91, -1642.728, -6.594189, 0.004862703, 0.07868536, 167.6117, 1.197926, 0.743877, 0.7735416
 
46.43821, 0.0003132999, -0.004112995, 5, 0, 0.0000115849682739214331730497, 13866.99, -1642.728, -6.594189, 0.004862703, 0.07868536, 167.6402, 1.197926, 0.743877, 0.7735416
 
46.44821, 0.0003153966, -0.004109862, 5, 0, 0.0000115692154352984080688842, 13874.06, -1642.728, -6.594189, 0.004862703, 0.07868536, 167.6687, 1.197926, 0.743877, 0.7735416
 
46.45821, 0.0003430159, -0.004106708, 5, 0, 0.0000115421760154587676697466, 13881.13, -1642.728, -6.594189, 0.004862703, 0.07868536, 167.6971, 1.197926, 0.743877, 0.7735416
 
46.46821, 0.0003072191, -0.004103278, 5, 0, 0.0000115422969531593262128061, 13888.2, -1642.728, -6.594189, 0.004862703, 0.07868536, 167.7256, 1.197926, 0.743877, 0.7735416
 
46.47821, 0.0002837912, -0.004100206, 5, 0, 0.0000115379994460327404248787, 13895.27, -1642.728, -6.594189, 0.004862703, 0.07868536, 167.754, 1.197926, 0.743877, 0.7735416
 
46.4882, 0.0002918808, -0.004097369, 5, 0, 0.0000115205112920320323707360, 13902.33, -1642.728, -6.594189, 0.004862703, 0.07868536, 167.7823, 1.197926, 0.743877, 0.7735416
 
46.4982, 0.0003194728, -0.00409445, 5, 0, 0.0000114942368734610102555893, 13909.39, -1642.728, -6.594189, 0.004862703, 0.07868536, 167.8106, 1.197926, 0.743877, 0.7735416
 
46.5082, 0.0002834505, -0.004091255, 5, 0, 0.0000114951621874954702227384, 13916.45, -1642.728, -6.594189, 0.004862703, 0.07868536, 167.8389, 1.197926, 0.743877, 0.7735416
 
46.5182, 0.0002697235, -0.00408842, 5, 0, 0.0000114873209244922576989329, 13923.5, -1642.728, -6.594189, 0.004862703, 0.07868536, 167.8672, 1.197926, 0.743877, 0.7735416
 
46.5282, 0.000287962, -0.004085723, 5, 0, 0.0000114658502638873256644407, 13930.55, -1642.728, -6.594189, 0.004862703, 0.07868536, 167.8954, 1.197926, 0.743877, 0.7735416
 
46.5382, 0.0003282834, -0.004082844, 5, 0, 0.0000114342011489034145636317, 13937.6, -1642.728, -6.594189, 0.004862703, 0.07868536, 167.9235, 1.197926, 0.743877, 0.7735416
 
46.54819, 0.0003194958, -0.004079561, 5, 0, 0.0000114229764427894169871063, 13944.64, -1642.728, -6.594189, 0.004862703, 0.07868536, 167.9516, 1.197926, 0.743877, 0.7735416
 
46.55819, 0.0003267376, -0.004076366, 5, 0, 0.0000114049848504538493051410, 13951.68, -1642.728, -6.594189, 0.004862703, 0.07868536, 167.9797, 1.197926, 0.743877, 0.7735416
 
46.56819, 0.000341175, -0.004073098, 5, 0, 0.0000113836548150821334982223, 13958.72, -1642.728, -6.594189, 0.004862703, 0.07868536, 168.0078, 1.197926, 0.743877, 0.7735416
 
46.57819, 0.0003757207, -0.004069686, 5, 0, 0.0000113531419519824664197610, 13965.75, -1642.728, -6.594189, 0.004862703, 0.07868536, 168.0358, 1.197926, 0.743877, 0.7735416
 
46.58819, 0.0003613128, -0.004065929, 5, 0, 0.0000113431041228366713520883, 13972.79, -1642.728, -6.594189, 0.004862703, 0.07868536, 168.0638, 1.197926, 0.743877, 0.7735416
 
46.59819, 0.0003621201, -0.004062316, 5, 0, 0.0000113268337833554827232541, 13979.82, -1642.728, -6.594189, 0.004862703, 0.07868536, 168.0918, 1.197926, 0.743877, 0.7735416
 
46.60818, 0.000391589, -0.004058695, 5, 0, 0.0000112980281105868585721482, 13986.84, -1642.728, -6.594189, 0.004862703, 0.07868536, 168.1197, 1.197926, 0.743877, 0.7735416
 
46.61818, 0.0003622818, -0.004054779, 5, 0, 0.0000112941074790852523102455, 13993.86, -1642.728, -6.594189, 0.004862703, 0.07868536, 168.1476, 1.197926, 0.743877, 0.7735416
 
46.62818, 0.0003601869, -0.004051156, 5, 0, 0.0000112791337042541493869171, 14000.88, -1642.728, -6.594189, 0.004862703, 0.07868536, 168.1754, 1.197926, 0.743877, 0.7735416
 
46.63818, 0.0003724574, -0.004047554, 5, 0, 0.0000112579667941529521569906, 14007.89, -1642.728, -6.594189, 0.004862703, 0.07868536, 168.2032, 1.197926, 0.743877, 0.7735416
 
46.64818, 0.0003268686, -0.00404383, 5, 0, 0.0000112617186753747182831628, 14014.91, -1642.728, -6.594189, 0.004862703, 0.07868536, 168.231, 1.197926, 0.743877, 0.7735416
 
46.65818, 0.0003039327, -0.004040562, 5, 0, 0.0000112568783548479736128494, 14021.92, -1642.728, -6.594189, 0.004862703, 0.07868536, 168.2587, 1.197926, 0.743877, 0.7735416
 
46.66817, 0.0003066307, -0.004037522, 5, 0, 0.0000112415164543732480460194, 14028.92, -1642.728, -6.594189, 0.004862703, 0.07868536, 168.2865, 1.197926, 0.743877, 0.7735416
 
46.67817, 0.0003277705, -0.004034456, 5, 0, 0.0000112180601654755497517880, 14035.93, -1642.728, -6.594189, 0.004862703, 0.07868536, 168.3141, 1.197926, 0.743877, 0.7735416
 
46.68817, 0.0002813805, -0.004031178, 5, 0, 0.0000112234432994024210755580, 14042.93, -1642.728, -6.594189, 0.004862703, 0.07868536, 168.3418, 1.197926, 0.743877, 0.7735416
 
46.69817, 0.0002676141, -0.004028364, 5, 0, 0.0000112159310994449064851060, 14049.93, -1642.728, -6.594189, 0.004862703, 0.07868536, 168.3694, 1.197926, 0.743877, 0.7735416
 
46.70817, 0.0002733002, -0.004025688, 5, 0, 0.0000112003526361110430754097, 14056.92, -1642.728, -6.594189, 0.004862703, 0.07868536, 168.3969, 1.197926, 0.743877, 0.7735416
 
46.71817, 0.0003082588, -0.004022955, 5, 0, 0.0000111719041514347568802791, 14063.91, -1642.728, -6.594189, 0.004862703, 0.07868536, 168.4245, 1.197926, 0.743877, 0.7735416
 
46.72816, 0.0002723855, -0.004019872, 5, 0, 0.0000111732850912247787681150, 14070.9, -1642.728, -6.594189, 0.004862703, 0.07868536, 168.452, 1.197926, 0.743877, 0.7735416
 
46.73816, 0.0002639551, -0.004017149, 5, 0, 0.0000111637535129185041076341, 14077.89, -1642.728, -6.594189, 0.004862703, 0.07868536, 168.4795, 1.197926, 0.743877, 0.7735416
 
46.74816, 0.0002656706, -0.004014509, 5, 0, 0.0000111500706777281814455379, 14084.87, -1642.728, -6.594189, 0.004862703, 0.07868536, 168.5069, 1.197926, 0.743877, 0.7735416
 
46.75816, 0.0003023815, -0.004011853, 5, 0, 0.0000111211637547916564358866, 14091.85, -1642.728, -6.594189, 0.004862703, 0.07868536, 168.5343, 1.197926, 0.743877, 0.7735416
 
46.76816, 0.0002624008, -0.004008829, 5, 0, 0.0000111245218853604622453540, 14098.83, -1642.728, -6.594189, 0.004862703, 0.07868536, 168.5617, 1.197926, 0.743877, 0.7735416
 
46.77816, 0.0002534463, -0.004006205, 5, 0, 0.0000111155471829776503641053, 14105.81, -1642.728, -6.594189, 0.004862703, 0.07868536, 168.5891, 1.197926, 0.743877, 0.7735416
 
46.78815, 0.0002556832, -0.00400367, 5, 0, 0.0000111019909104972078038070, 14112.78, -1642.728, -6.594189, 0.004862703, 0.07868536, 168.6163, 1.197926, 0.743877, 0.7735416
 
46.79815, 0.0002917614, -0.004001113, 5, 0, 0.0000110737308636334033144564, 14119.75, -1642.728, -6.594189, 0.004862703, 0.07868536, 168.6436, 1.197926, 0.743877, 0.7735416
 
46.80815, 0.0003495014, -0.003998195, 5, 0, 0.0000110351123620921203911167, 14126.71, -1642.728, -6.594189, 0.004862703, 0.07868536, 168.6709, 1.197926, 0.743877, 0.7735416
 
46.81815, 0.0003355559, -0.0039947, 5, 0, 0.0000110259351593735067927772, 14133.67, -1642.728, -6.594189, 0.004862703, 0.07868536, 168.6981, 1.197926, 0.743877, 0.7735416
 
46.82815, 0.0003464523, -0.003991345, 5, 0, 0.0000110064220020147171098672, 14140.63, -1642.728, -6.594189, 0.004862703, 0.07868536, 168.7252, 1.197926, 0.743877, 0.7735416
 
46.83815, 0.0003826925, -0.00398788, 5, 0, 0.0000109756700760186259535855, 14147.58, -1642.728, -6.594189, 0.004862703, 0.07868536, 168.7523, 1.197926, 0.743877, 0.7735416
 
46.84814, 0.0003473895, -0.003984054, 5, 0, 0.0000109748431996474060656126, 14154.54, -1642.728, -6.594189, 0.004862703, 0.07868536, 168.7794, 1.197926, 0.743877, 0.7735416
 
46.85814, 0.0003437581, -0.00398058, 5, 0, 0.0000109613319272415843186162, 14161.48, -1642.728, -6.594189, 0.004862703, 0.07868536, 168.8065, 1.197926, 0.743877, 0.7735416
 
46.86814, 0.0003631861, -0.003977142, 5, 0, 0.0000109379853260257853355026, 14168.43, -1642.728, -6.594189, 0.004862703, 0.07868536, 168.8335, 1.197926, 0.743877, 0.7735416
 
46.87814, 0.0003230369, -0.003973511, 5, 0, 0.0000109398190790667083646561, 14175.37, -1642.728, -6.594189, 0.004862703, 0.07868536, 168.8605, 1.197926, 0.743877, 0.7735416
 
46.88814, 0.0002992942, -0.00397028, 5, 0, 0.0000109356987597339611650317, 14182.31, -1642.728, -6.594189, 0.004862703, 0.07868536, 168.8875, 1.197926, 0.743877, 0.7735416
 
46.89814, 0.0002964283, -0.003967287, 5, 0, 0.0000109232534265957833838285, 14189.25, -1642.728, -6.594189, 0.004862703, 0.07868536, 168.9144, 1.197926, 0.743877, 0.7735416
 
46.90813, 0.0003241251, -0.003964323, 5, 0, 0.0000108977383842840418794696, 14196.18, -1642.728, -6.594189, 0.004862703, 0.07868536, 168.9412, 1.197926, 0.743877, 0.7735416
 
46.91813, 0.0002859675, -0.003961082, 5, 0, 0.0000108998280752493858915882, 14203.11, -1642.728, -6.594189, 0.004862703, 0.07868536, 168.9681, 1.197926, 0.743877, 0.7735416
 
46.92813, 0.0002640261, -0.003958222, 5, 0, 0.0000108960030689063589294924, 14210.04, -1642.728, -6.594189, 0.004862703, 0.07868536, 168.9949, 1.197926, 0.743877, 0.7735416
 
46.93813, 0.0002682845, -0.003955582, 5, 0, 0.0000108815242948961171814142, 14216.96, -1642.728, -6.594189, 0.004862703, 0.07868536, 169.0217, 1.197926, 0.743877, 0.7735416
 
46.94813, 0.0002950048, -0.003952899, 5, 0, 0.0000108572917547111574857149, 14223.88, -1642.728, -6.594189, 0.004862703, 0.07868536, 169.0484, 1.197926, 0.743877, 0.7735416
 
46.95813, 0.0002712494, -0.003949949, 5, 0, 0.0000108540292493009148615898, 14230.79, -1642.728, -6.594189, 0.004862703, 0.07868536, 169.0751, 1.197926, 0.743877, 0.7735416
 
46.96812, 0.0002682348, -0.003947237, 5, 0, 0.0000108425261052251939526806, 14237.7, -1642.728, -6.594189, 0.004862703, 0.07868536, 169.1018, 1.197926, 0.743877, 0.7735416
 
46.97812, 0.0002746166, -0.003944554, 5, 0, 0.0000108270854546198698767238, 14244.61, -1642.728, -6.594189, 0.004862703, 0.07868536, 169.1284, 1.197926, 0.743877, 0.7735416
 
46.98812, 0.0003042835, -0.003941808, 5, 0, 0.0000108014916621775298632381, 14251.52, -1642.728, -6.594189, 0.004862703, 0.07868536, 169.155, 1.197926, 0.743877, 0.7735416
 
46.99812, 0.0003602408, -0.003938766, 5, 0, 0.0000107638294122220077090385, 14258.42, -1642.728, -6.594189, 0.004862703, 0.07868536, 169.1816, 1.197926, 0.743877, 0.7735416
 
47.00812, 0.0003390777, -0.003935163, 5, 0, 0.0000107577122145778189032685, 14265.33, -1642.728, -6.594189, 0.004862703, 0.07868536, 169.2081, 1.197926, 0.743877, 0.7735416
 
47.01812, 0.0003474167, -0.003931772, 5, 0, 0.0000107395490594577503062034, 14272.23, -1642.728, -6.594189, 0.004862703, 0.07868536, 169.2346, 1.197926, 0.743877, 0.7735416
 
47.02811, 0.0003743697, -0.003928298, 5, 0, 0.0000107132015157654512406683, 14279.12, -1642.728, -6.594189, 0.004862703, 0.07868536, 169.2611, 1.197926, 0.743877, 0.7735416
 
47.03811, 0.0003349047, -0.003924554, 5, 0, 0.0000107145712055368300110273, 14286.01, -1642.728, -6.594189, 0.004862703, 0.07868536, 169.2875, 1.197926, 0.743877, 0.7735416
 
47.04811, 0.0003325767, -0.003921205, 5, 0, 0.0000107011414957662514380623, 14292.9, -1642.728, -6.594189, 0.004862703, 0.07868536, 169.3139, 1.197926, 0.743877, 0.7735416
 
47.05811, 0.0003394786, -0.003917879, 5, 0, 0.0000106838445920827019835335, 14299.79, -1642.728, -6.594189, 0.004862703, 0.07868536, 169.3403, 1.197926, 0.743877, 0.7735416
 
47.06811, 0.0003650173, -0.003914485, 5, 0, 0.0000106584139249108805470398, 14306.67, -1642.728, -6.594189, 0.004862703, 0.07868536, 169.3666, 1.197926, 0.743877, 0.7735416
 
47.07811, 0.0003239984, -0.003910834, 5, 0, 0.0000106607342412586662988710, 14313.55, -1642.728, -6.594189, 0.004862703, 0.07868536, 169.3929, 1.197926, 0.743877, 0.7735416
 
47.0881, 0.0003091549, -0.003907594, 5, 0, 0.0000106530082909466746449218, 14320.42, -1642.728, -6.594189, 0.004862703, 0.07868536, 169.4192, 1.197926, 0.743877, 0.7735416
 
47.0981, 0.0003233034, -0.003904503, 5, 0, 0.0000106333291958127217201151, 14327.3, -1642.728, -6.594189, 0.004862703, 0.07868536, 169.4454, 1.197926, 0.743877, 0.7735416
 
47.1081, 0.0002724644, -0.00390127, 5, 0, 0.0000106410101460500764462977, 14334.16, -1642.728, -6.594189, 0.004862703, 0.07868536, 169.4716, 1.197926, 0.743877, 0.7735416
 
47.1181, 0.0002483704, -0.003898545, 5, 0, 0.0000106386785796836314625249, 14341.03, -1642.728, -6.594189, 0.004862703, 0.07868536, 169.4978, 1.197926, 0.743877, 0.7735416
 
47.1281, 0.0002502824, -0.003896062, 5, 0, 0.0000106259351210510726644239, 14347.89, -1642.728, -6.594189, 0.004862703, 0.07868536, 169.5239, 1.197926, 0.743877, 0.7735416
 
47.1381, 0.0002655355, -0.003893559, 5, 0, 0.0000106074738404366230504610, 14354.75, -1642.728, -6.594189, 0.004862703, 0.07868536, 169.55, 1.197926, 0.743877, 0.7735416
 
47.14809, 0.0003042514, -0.003890903, 5, 0, 0.0000105786203550887173066840, 14361.6, -1642.728, -6.594189, 0.004862703, 0.07868536, 169.576, 1.197926, 0.743877, 0.7735416
 
47.15809, 0.0002806358, -0.003887861, 5, 0, 0.0000105752594120152507178474, 14368.45, -1642.728, -6.594189, 0.004862703, 0.07868536, 169.602, 1.197926, 0.743877, 0.7735416
 
47.16809, 0.0002809631, -0.003885054, 5, 0, 0.0000105623612656261717953267, 14375.3, -1642.728, -6.594189, 0.004862703, 0.07868536, 169.628, 1.197926, 0.743877, 0.7735416
 
47.17809, 0.0002991996, -0.003882245, 5, 0, 0.0000105418609191303366557503, 14382.14, -1642.728, -6.594189, 0.004862703, 0.07868536, 169.6539, 1.197926, 0.743877, 0.7735416
 
47.18809, 0.0003306239, -0.003879253, 5, 0, 0.0000105152715000369366185609, 14388.99, -1642.728, -6.594189, 0.004862703, 0.07868536, 169.6799, 1.197926, 0.743877, 0.7735416
 
47.19809, 0.0002990226, -0.003875947, 5, 0, 0.0000105146218114595553188910, 14395.83, -1642.728, -6.594189, 0.004862703, 0.07868536, 169.7057, 1.197926, 0.743877, 0.7735416
 
47.20808, 0.0002892536, -0.003872956, 5, 0, 0.0000105055739839554987161834, 14402.66, -1642.728, -6.594189, 0.004862703, 0.07868536, 169.7316, 1.197926, 0.743877, 0.7735416
 
47.21808, 0.0003034615, -0.003870064, 5, 0, 0.0000104866261400341702650780, 14409.5, -1642.728, -6.594189, 0.004862703, 0.07868536, 169.7574, 1.197926, 0.743877, 0.7735416
 
47.22808, 0.0003391535, -0.003867029, 5, 0, 0.0000104582001553952025338307, 14416.33, -1642.728, -6.594189, 0.004862703, 0.07868536, 169.7832, 1.197926, 0.743877, 0.7735416
 
47.23808, 0.0003122906, -0.003863638, 5, 0, 0.0000104553426506565794583520, 14423.16, -1642.728, -6.594189, 0.004862703, 0.07868536, 169.809, 1.197926, 0.743877, 0.7735416
 
47.24808, 0.0003059241, -0.003860515, 5, 0, 0.0000104445398202421822211531, 14429.98, -1642.728, -6.594189, 0.004862703, 0.07868536, 169.8347, 1.197926, 0.743877, 0.7735416
 
47.25808, 0.0003132616, -0.003857455, 5, 0, 0.0000104281232305184558060068, 14436.8, -1642.728, -6.594189, 0.004862703, 0.07868536, 169.8604, 1.197926, 0.743877, 0.7735416
 
47.26807, 0.0002706625, -0.003854323, 5, 0, 0.0000104326654255508033449577, 14443.62, -1642.728, -6.594189, 0.004862703, 0.07868536, 169.886, 1.197926, 0.743877, 0.7735416
 
47.27807, 0.0002440274, -0.003851616, 5, 0, 0.0000104316163613111240553799, 14450.43, -1642.728, -6.594189, 0.004862703, 0.07868536, 169.9116, 1.197926, 0.743877, 0.7735416
 
47.28807, 0.0002514258, -0.003849176, 5, 0, 0.0000104169041494137797882198, 14457.24, -1642.728, -6.594189, 0.004862703, 0.07868536, 169.9372, 1.197926, 0.743877, 0.7735416
 
47.29807, 0.0002825261, -0.003846662, 5, 0, 0.0000103919853580908003176565, 14464.04, -1642.728, -6.594189, 0.004862703, 0.07868536, 169.9627, 1.197926, 0.743877, 0.7735416
 
47.30807, 0.0003303135, -0.003843836, 5, 0, 0.0000103591887412039859625582, 14470.84, -1642.728, -6.594189, 0.004862703, 0.07868536, 169.9882, 1.197926, 0.743877, 0.7735416
 
47.31807, 0.0002933608, -0.003840533, 5, 0, 0.0000103609099940583489012245, 14477.65, -1642.728, -6.594189, 0.004862703, 0.07868536, 170.0137, 1.197926, 0.743877, 0.7735416
 
47.32806, 0.0002874602, -0.0038376, 5, 0, 0.0000103505374768575343414598, 14484.44, -1642.728, -6.594189, 0.004862703, 0.07868536, 170.0391, 1.197926, 0.743877, 0.7735416
 
47.33806, 0.0003005745, -0.003834725, 5, 0, 0.0000103323096341302033610434, 14491.23, -1642.728, -6.594189, 0.004862703, 0.07868536, 170.0645, 1.197926, 0.743877, 0.7735416
 
47.34806, 0.000340568, -0.003831719, 5, 0, 0.0000103024098970472791070578, 14498.02, -1642.728, -6.594189, 0.004862703, 0.07868536, 170.0899, 1.197926, 0.743877, 0.7735416
 
47.35806, 0.0003079983, -0.003828314, 5, 0, 0.0000103020386464316372542364, 14504.81, -1642.728, -6.594189, 0.004862703, 0.07868536, 170.1152, 1.197926, 0.743877, 0.7735416
 
47.36806, 0.0003051972, -0.003825234, 5, 0, 0.0000102900151889930598123598, 14511.6, -1642.728, -6.594189, 0.004862703, 0.07868536, 170.1405, 1.197926, 0.743877, 0.7735416
 
47.37806, 0.0003202284, -0.003822182, 5, 0, 0.0000102705695317462255210996, 14518.38, -1642.728, -6.594189, 0.004862703, 0.07868536, 170.1658, 1.197926, 0.743877, 0.7735416
 
47.38805, 0.0002686694, -0.003818979, 5, 0, 0.0000102787679828417598864157, 14525.16, -1642.728, -6.594189, 0.004862703, 0.07868536, 170.1911, 1.197926, 0.743877, 0.7735416
 
47.39805, 0.0002334803, -0.003816293, 5, 0, 0.0000102814736123285236168440, 14531.93, -1642.728, -6.594189, 0.004862703, 0.07868536, 170.2163, 1.197926, 0.743877, 0.7735416
 
47.40805, 0.0002290979, -0.003813958, 5, 0, 0.0000102721839094233499280174, 14538.7, -1642.728, -6.594189, 0.004862703, 0.07868536, 170.2414, 1.197926, 0.743877, 0.7735416
 
47.41805, 0.0002526186, -0.003811667, 5, 0, 0.0000102512926247792152511054, 14545.47, -1642.728, -6.594189, 0.004862703, 0.07868536, 170.2666, 1.197926, 0.743877, 0.7735416
 
47.42805, 0.0002931327, -0.003809141, 5, 0, 0.0000102226416397671112244193, 14552.23, -1642.728, -6.594189, 0.004862703, 0.07868536, 170.2917, 1.197926, 0.743877, 0.7735416
 
47.43805, 0.0002697161, -0.003806209, 5, 0, 0.0000102197728850098450314636, 14558.99, -1642.728, -6.594189, 0.004862703, 0.07868536, 170.3167, 1.197926, 0.743877, 0.7735416
 
47.44804, 0.0002607885, -0.003803512, 5, 0, 0.0000102114591212230736818265, 14565.75, -1642.728, -6.594189, 0.004862703, 0.07868536, 170.3418, 1.197926, 0.743877, 0.7735416
 
47.45804, 0.0002800098, -0.003800904, 5, 0, 0.0000101915887757719621574059, 14572.5, -1642.728, -6.594189, 0.004862703, 0.07868536, 170.3668, 1.197926, 0.743877, 0.7735416
 
47.46804, 0.0003018496, -0.003798104, 5, 0, 0.0000101701153026623854580092, 14579.26, -1642.728, -6.594189, 0.004862703, 0.07868536, 170.3917, 1.197926, 0.743877, 0.7735416
 
47.47804, 0.0002662191, -0.003795086, 5, 0, 0.0000101721712435717517743028, 14586, -1642.728, -6.594189, 0.004862703, 0.07868536, 170.4167, 1.197926, 0.743877, 0.7735416
 
47.48804, 0.0002649547, -0.003792424, 5, 0, 0.0000101607890371965732939884, 14592.75, -1642.728, -6.594189, 0.004862703, 0.07868536, 170.4416, 1.197926, 0.743877, 0.7735416
 
47.49804, 0.0002721376, -0.003789774, 5, 0, 0.0000101459165125333873436702, 14599.49, -1642.728, -6.594189, 0.004862703, 0.07868536, 170.4664, 1.197926, 0.743877, 0.7735416
 
47.50803, 0.0003018093, -0.003787053, 5, 0, 0.0000101214505344613090144244, 14606.22, -1642.728, -6.594189, 0.004862703, 0.07868536, 170.4913, 1.197926, 0.743877, 0.7735416
 
47.51803, 0.0003488318, -0.003784035, 5, 0, 0.0000100889464180595380030207, 14612.96, -1642.728, -6.594189, 0.004862703, 0.07868536, 170.5161, 1.197926, 0.743877, 0.7735416
 
47.52803, 0.0003301559, -0.003780546, 5, 0, 0.0000100826829701728275254034, 14619.69, -1642.728, -6.594189, 0.004862703, 0.07868536, 170.5408, 1.197926, 0.743877, 0.7735416
 
47.53803, 0.0003401592, -0.003777245, 5, 0, 0.0000100649445032570200470340, 14626.41, -1642.728, -6.594189, 0.004862703, 0.07868536, 170.5655, 1.197926, 0.743877, 0.7735416
 
47.54803, 0.0003586728, -0.003773843, 5, 0, 0.0000100433950925215056178797, 14633.13, -1642.728, -6.594189, 0.004862703, 0.07868536, 170.5902, 1.197926, 0.743877, 0.7735416
 
47.55803, 0.0003177389, -0.003770256, 5, 0, 0.0000100461963471668325336502, 14639.86, -1642.728, -6.594189, 0.004862703, 0.07868536, 170.6149, 1.197926, 0.743877, 0.7735416
 
47.56802, 0.0002976998, -0.003767079, 5, 0, 0.0000100413785266774224416848, 14646.58, -1642.728, -6.594189, 0.004862703, 0.07868536, 170.6395, 1.197926, 0.743877, 0.7735416
 
47.57802, 0.000296346, -0.003764102, 5, 0, 0.0000100293156941735618597095, 14653.29, -1642.728, -6.594189, 0.004862703, 0.07868536, 170.6641, 1.197926, 0.743877, 0.7735416
 
47.58802, 0.0003196536, -0.003761139, 5, 0, 0.0000100070125321880883785059, 14660, -1642.728, -6.594189, 0.004862703, 0.07868536, 170.6887, 1.197926, 0.743877, 0.7735416
 
47.59802, 0.0002875853, -0.003757942, 5, 0, 0.0000100071925324865877461782, 14666.7, -1642.728, -6.594189, 0.004862703, 0.07868536, 170.7132, 1.197926, 0.743877, 0.7735416
 
47.60802, 0.0002711945, -0.003755066, 5, 0, 0.0000100017053358871386700288, 14673.41, -1642.728, -6.594189, 0.004862703, 0.07868536, 170.7377, 1.197926, 0.743877, 0.7735416
 
47.61802, 0.0002731896, -0.003752354, 5, 0, 0.0000099890068773292006852297, 14680.11, -1642.728, -6.594189, 0.004862703, 0.07868536, 170.7622, 1.197926, 0.743877, 0.7735416
 
47.62801, 0.0002932448, -0.003749622, 5, 0, 0.0000099687484062344665173076, 14686.81, -1642.728, -6.594189, 0.004862703, 0.07868536, 170.7866, 1.197926, 0.743877, 0.7735416
 
47.63801, 0.0002496332, -0.00374669, 5, 0, 0.0000099744690407210181125388, 14693.5, -1642.728, -6.594189, 0.004862703, 0.07868536, 170.811, 1.197926, 0.743877, 0.7735416
 
47.64801, 0.0002215177, -0.003744193, 5, 0, 0.0000099749106039532761363794, 14700.2, -1642.728, -6.594189, 0.004862703, 0.07868536, 170.8354, 1.197926, 0.743877, 0.7735416
 
47.65801, 0.0002225211, -0.003741978, 5, 0, 0.0000099640008983616403674319, 14706.89, -1642.728, -6.594189, 0.004862703, 0.07868536, 170.8597, 1.197926, 0.743877, 0.7735416
 
47.66801, 0.0002461944, -0.003739753, 5, 0, 0.0000099436608646316469110136, 14713.57, -1642.728, -6.594189, 0.004862703, 0.07868536, 170.884, 1.197926, 0.743877, 0.7735416
 
47.67801, 0.0002873131, -0.003737291, 5, 0, 0.0000099154598803657832462758, 14720.24, -1642.728, -6.594189, 0.004862703, 0.07868536, 170.9083, 1.197926, 0.743877, 0.7735416
 
47.688, 0.0002623064, -0.003734418, 5, 0, 0.0000099136373773435194490640, 14726.92, -1642.728, -6.594189, 0.004862703, 0.07868536, 170.9325, 1.197926, 0.743877, 0.7735416
 
47.698, 0.0002523798, -0.003731795, 5, 0, 0.0000099062292400585664965267, 14733.59, -1642.728, -6.594189, 0.004862703, 0.07868536, 170.9567, 1.197926, 0.743877, 0.7735416
 
47.708, 0.000274946, -0.003729271, 5, 0, 0.0000098856192058808159313677, 14740.26, -1642.728, -6.594189, 0.004862703, 0.07868536, 170.9808, 1.197926, 0.743877, 0.7735416
 
47.718, 0.0003141212, -0.003726522, 5, 0, 0.0000098575363468108500303201, 14746.93, -1642.728, -6.594189, 0.004862703, 0.07868536, 171.005, 1.197926, 0.743877, 0.7735416
 
47.728, 0.0002732995, -0.00372338, 5, 0, 0.0000098615863535269971733900, 14753.6, -1642.728, -6.594189, 0.004862703, 0.07868536, 171.0291, 1.197926, 0.743877, 0.7735416
 
47.738, 0.00026232, -0.003720647, 5, 0, 0.0000098543694665591867060019, 14760.25, -1642.728, -6.594189, 0.004862703, 0.07868536, 171.0531, 1.197926, 0.743877, 0.7735416
 
47.74799, 0.0002754785, -0.003718024, 5, 0, 0.0000098374578760145991156054, 14766.91, -1642.728, -6.594189, 0.004862703, 0.07868536, 171.0771, 1.197926, 0.743877, 0.7735416
 
47.75799, 0.0003003491, -0.003715269, 5, 0, 0.0000098153656518789419185298, 14773.56, -1642.728, -6.594189, 0.004862703, 0.07868536, 171.1011, 1.197926, 0.743877, 0.7735416
 
47.76799, 0.0003415995, -0.003712266, 5, 0, 0.0000097858484154303187493073, 14780.21, -1642.728, -6.594189, 0.004862703, 0.07868536, 171.1251, 1.197926, 0.743877, 0.7735416
 
47.77799, 0.0003255107, -0.00370885, 5, 0, 0.0000097789746540315262265836, 14786.86, -1642.728, -6.594189, 0.004862703, 0.07868536, 171.149, 1.197926, 0.743877, 0.7735416
 
47.78799, 0.0003237865, -0.003705594, 5, 0, 0.0000097665968210052877225657, 14793.5, -1642.728, -6.594189, 0.004862703, 0.07868536, 171.1729, 1.197926, 0.743877, 0.7735416
 
47.79799, 0.0003447207, -0.003702356, 5, 0, 0.0000097449208475598931916134, 14800.14, -1642.728, -6.594189, 0.004862703, 0.07868536, 171.1968, 1.197926, 0.743877, 0.7735416
 
47.80798, 0.0003010483, -0.003698909, 5, 0, 0.0000097493871049663191152714, 14806.77, -1642.728, -6.594189, 0.004862703, 0.07868536, 171.2206, 1.197926, 0.743877, 0.7735416
 
47.81798, 0.0002872909, -0.003695899, 5, 0, 0.0000097426680313240306025027, 14813.41, -1642.728, -6.594189, 0.004862703, 0.07868536, 171.2444, 1.197926, 0.743877, 0.7735416
 
47.82798, 0.0002776393, -0.003693026, 5, 0, 0.0000097346298929943379203448, 14820.04, -1642.728, -6.594189, 0.004862703, 0.07868536, 171.2682, 1.197926, 0.743877, 0.7735416
 
47.83798, 0.00029572, -0.003690249, 5, 0, 0.0000097154232986439438213697, 14826.66, -1642.728, -6.594189, 0.004862703, 0.07868536, 171.2919, 1.197926, 0.743877, 0.7735416
 
47.84798, 0.0002592088, -0.003687292, 5, 0, 0.0000097182554908405715391312, 14833.28, -1642.728, -6.594189, 0.004862703, 0.07868536, 171.3156, 1.197926, 0.743877, 0.7735416
 
47.85798, 0.0002328203, -0.0036847, 5, 0, 0.0000097178926777389281388821, 14839.9, -1642.728, -6.594189, 0.004862703, 0.07868536, 171.3392, 1.197926, 0.743877, 0.7735416
 
47.86797, 0.0002313569, -0.003682372, 5, 0, 0.0000097079701612843539410657, 14846.51, -1642.728, -6.594189, 0.004862703, 0.07868536, 171.3628, 1.197926, 0.743877, 0.7735416
 
47.87797, 0.0002469889, -0.003680058, 5, 0, 0.0000096910557582351055713001, 14853.12, -1642.728, -6.594189, 0.004862703, 0.07868536, 171.3864, 1.197926, 0.743877, 0.7735416
 
47.88797, 0.0002832447, -0.003677588, 5, 0, 0.0000096652566529522869468895, 14859.73, -1642.728, -6.594189, 0.004862703, 0.07868536, 171.41, 1.197926, 0.743877, 0.7735416
 
47.89797, 0.0002488277, -0.003674756, 5, 0, 0.0000096675882193187480451270, 14866.34, -1642.728, -6.594189, 0.004862703, 0.07868536, 171.4335, 1.197926, 0.743877, 0.7735416
 
47.90797, 0.000239001, -0.003672268, 5, 0, 0.0000096607257079385986398802, 14872.94, -1642.728, -6.594189, 0.004862703, 0.07868536, 171.457, 1.197926, 0.743877, 0.7735416
 
47.91796, 0.0002475487, -0.003669878, 5, 0, 0.0000096465788094787156045248, 14879.54, -1642.728, -6.594189, 0.004862703, 0.07868536, 171.4805, 1.197926, 0.743877, 0.7735416
 
47.92796, 0.0002678677, -0.003667402, 5, 0, 0.0000096273862776516254023959, 14886.13, -1642.728, -6.594189, 0.004862703, 0.07868536, 171.5039, 1.197926, 0.743877, 0.7735416
 
47.93796, 0.0003046197, -0.003664723, 5, 0, 0.0000096009262337727823608385, 14892.72, -1642.728, -6.594189, 0.004862703, 0.07868536, 171.5273, 1.197926, 0.743877, 0.7735416
 
47.94796, 0.0002943563, -0.003661677, 5, 0, 0.0000095928149703218288427569, 14899.31, -1642.728, -6.594189, 0.004862703, 0.07868536, 171.5506, 1.197926, 0.743877, 0.7735416
 
47.95796, 0.0002923737, -0.003658734, 5, 0, 0.0000095815818266938328136590, 14905.9, -1642.728, -6.594189, 0.004862703, 0.07868536, 171.574, 1.197926, 0.743877, 0.7735416
 
47.96796, 0.0003074247, -0.00365581, 5, 0, 0.0000095634327340970842279048, 14912.48, -1642.728, -6.594189, 0.004862703, 0.07868536, 171.5973, 1.197926, 0.743877, 0.7735416
 
47.97795, 0.0003337724, -0.003652736, 5, 0, 0.0000095402689456844453918327, 14919.06, -1642.728, -6.594189, 0.004862703, 0.07868536, 171.6206, 1.197926, 0.743877, 0.7735416
 
47.98795, 0.0003035491, -0.003649398, 5, 0, 0.0000095396108195930656395904, 14925.64, -1642.728, -6.594189, 0.004862703, 0.07868536, 171.6438, 1.197926, 0.743877, 0.7735416
 
47.99795, 0.0003037017, -0.003646363, 5, 0, 0.0000095273173617067472034378, 14932.21, -1642.728, -6.594189, 0.004862703, 0.07868536, 171.667, 1.197926, 0.743877, 0.7735416
 
48.00795, 0.0003106334, -0.003643326, 5, 0, 0.0000095122507742217418741364, 14938.78, -1642.728, -6.594189, 0.004862703, 0.07868536, 171.6902, 1.197926, 0.743877, 0.7735416
 
48.01795, 0.0002473959, -0.003640219, 5, 0, 0.0000095257339215809235985110, 14945.34, -1642.728, -6.594189, 0.004862703, 0.07868536, 171.7133, 1.197926, 0.743877, 0.7735416
 
48.02795, 0.0002111899, -0.003637745, 5, 0, 0.0000095298204908577092167752, 14951.91, -1642.728, -6.594189, 0.004862703, 0.07868536, 171.7365, 1.197926, 0.743877, 0.7735416
 
48.03794, 0.0001995114, -0.003635633, 5, 0, 0.0000095248339200884428746144, 14958.46, -1642.728, -6.594189, 0.004862703, 0.07868536, 171.7595, 1.197926, 0.743877, 0.7735416
 
48.04794, 0.0002107875, -0.003633638, 5, 0, 0.0000095107882717964606978044, 14965.01, -1642.728, -6.594189, 0.004862703, 0.07868536, 171.7826, 1.197926, 0.743877, 0.7735416
 
48.05794, 0.0002435246, -0.00363153, 5, 0, 0.0000094876919834957450244529, 14971.57, -1642.728, -6.594189, 0.004862703, 0.07868536, 171.8056, 1.197926, 0.743877, 0.7735416
 
48.06794, 0.0002862986, -0.003629095, 5, 0, 0.0000094596541245003999367072, 14978.12, -1642.728, -6.594189, 0.004862703, 0.07868536, 171.8286, 1.197926, 0.743877, 0.7735416
 
48.07794, 0.000256302, -0.003626232, 5, 0, 0.0000094602110004238627159394, 14984.66, -1642.728, -6.594189, 0.004862703, 0.07868536, 171.8515, 1.197926, 0.743877, 0.7735416
 
48.08794, 0.0002457306, -0.003623669, 5, 0, 0.0000094536381770241281039474, 14991.2, -1642.728, -6.594189, 0.004862703, 0.07868536, 171.8744, 1.197926, 0.743877, 0.7735416
 
48.09793, 0.0002734247, -0.003621212, 5, 0, 0.0000094317540782335941827011, 14997.73, -1642.728, -6.594189, 0.004862703, 0.07868536, 171.8973, 1.197926, 0.743877, 0.7735416
 
48.10793, 0.0003160681, -0.003618477, 5, 0, 0.0000094030637181561909014515, 15004.27, -1642.728, -6.594189, 0.004862703, 0.07868536, 171.9201, 1.197926, 0.743877, 0.7735416
 
48.11793, 0.0002810946, -0.003615317, 5, 0, 0.0000094049002837017747099742, 15010.8, -1642.728, -6.594189, 0.004862703, 0.07868536, 171.9429, 1.197926, 0.743877, 0.7735416
 
48.12793, 0.0002657917, -0.003612506, 5, 0, 0.0000093996437124847834880021, 15017.32, -1642.728, -6.594189, 0.004862703, 0.07868536, 171.9657, 1.197926, 0.743877, 0.7735416
 
48.13793, 0.000273556, -0.003609848, 5, 0, 0.0000093854124388849803847814, 15023.85, -1642.728, -6.594189, 0.004862703, 0.07868536, 171.9884, 1.197926, 0.743877, 0.7735416
 
48.14793, 0.000307557, -0.003607112, 5, 0, 0.0000093603136472635015465458, 15030.37, -1642.728, -6.594189, 0.004862703, 0.07868536, 172.0112, 1.197926, 0.743877, 0.7735416
 
48.15792, 0.0002689479, -0.003604037, 5, 0, 0.0000093638742781681090731041, 15036.88, -1642.728, -6.594189, 0.004862703, 0.07868536, 172.0338, 1.197926, 0.743877, 0.7735416
 
48.16792, 0.0002447973, -0.003601347, 5, 0, 0.0000093625692760040249150258, 15043.4, -1642.728, -6.594189, 0.004862703, 0.07868536, 172.0565, 1.197926, 0.743877, 0.7735416
 
48.17792, 0.0002449572, -0.003598899, 5, 0, 0.0000093520280085233702195305, 15049.9, -1642.728, -6.594189, 0.004862703, 0.07868536, 172.0791, 1.197926, 0.743877, 0.7735416
 
48.18792, 0.0002624512, -0.00359645, 5, 0, 0.0000093344526668780813181532, 15056.41, -1642.728, -6.594189, 0.004862703, 0.07868536, 172.1017, 1.197926, 0.743877, 0.7735416
 
48.19792, 0.000304787, -0.003593825, 5, 0, 0.0000093063473077707969532223, 15062.91, -1642.728, -6.594189, 0.004862703, 0.07868536, 172.1243, 1.197926, 0.743877, 0.7735416
 
48.20792, 0.000273736, -0.003590777, 5, 0, 0.0000093069379337502374282795, 15069.42, -1642.728, -6.594189, 0.004862703, 0.07868536, 172.1468, 1.197926, 0.743877, 0.7735416
 
48.21791, 0.0002573235, -0.00358804, 5, 0, 0.0000093024098012412099006395, 15075.91, -1642.728, -6.594189, 0.004862703, 0.07868536, 172.1693, 1.197926, 0.743877, 0.7735416
 
48.22791, 0.0002746946, -0.003585467, 5, 0, 0.0000092846207092414600502297, 15082.4, -1642.728, -6.594189, 0.004862703, 0.07868536, 172.1917, 1.197926, 0.743877, 0.7735416
 
48.23791, 0.0003068095, -0.00358272, 5, 0, 0.0000092604162941031242626875, 15088.89, -1642.728, -6.594189, 0.004862703, 0.07868536, 172.2141, 1.197926, 0.743877, 0.7735416
 
48.24791, 0.0002566576, -0.003579652, 5, 0, 0.0000092687216203758971597522, 15095.37, -1642.728, -6.594189, 0.004862703, 0.07868536, 172.2365, 1.197926, 0.743877, 0.7735416
 
48.25791, 0.0002416947, -0.003577085, 5, 0, 0.0000092640838001849703209944, 15101.86, -1642.728, -6.594189, 0.004862703, 0.07868536, 172.2589, 1.197926, 0.743877, 0.7735416
 
48.26791, 0.0002449263, -0.003574668, 5, 0, 0.0000092524822184460093329090, 15108.33, -1642.728, -6.594189, 0.004862703, 0.07868536, 172.2812, 1.197926, 0.743877, 0.7735416
 
48.2779, 0.0002644728, -0.003572219, 5, 0, 0.0000092342065631393806453568, 15114.81, -1642.728, -6.594189, 0.004862703, 0.07868536, 172.3035, 1.197926, 0.743877, 0.7735416
 
48.2879, 0.0002953068, -0.003569574, 5, 0, 0.0000092108712119422247797202, 15121.28, -1642.728, -6.594189, 0.004862703, 0.07868536, 172.3258, 1.197926, 0.743877, 0.7735416
 
48.2979, 0.0002724719, -0.003566621, 5, 0, 0.0000092084468329218612755096, 15127.75, -1642.728, -6.594189, 0.004862703, 0.07868536, 172.348, 1.197926, 0.743877, 0.7735416
 
48.3079, 0.0002629012, -0.003563896, 5, 0, 0.0000092012636960100285039464, 15134.21, -1642.728, -6.594189, 0.004862703, 0.07868536, 172.3702, 1.197926, 0.743877, 0.7735416
 
48.3179, 0.0002711126, -0.003561267, 5, 0, 0.0000091871589851201055025237, 15140.68, -1642.728, -6.594189, 0.004862703, 0.07868536, 172.3924, 1.197926, 0.743877, 0.7735416
 
48.3279, 0.0002959545, -0.003558556, 5, 0, 0.0000091661383252614138299798, 15147.13, -1642.728, -6.594189, 0.004862703, 0.07868536, 172.4145, 1.197926, 0.743877, 0.7735416
 
48.33789, 0.0002572807, -0.003555597, 5, 0, 0.0000091701208318656378103293, 15153.59, -1642.728, -6.594189, 0.004862703, 0.07868536, 172.4366, 1.197926, 0.743877, 0.7735416
 
48.34789, 0.0002395555, -0.003553024, 5, 0, 0.0000091666614511289150278518, 15160.04, -1642.728, -6.594189, 0.004862703, 0.07868536, 172.4587, 1.197926, 0.743877, 0.7735416
 
48.35789, 0.0002380294, -0.003550628, 5, 0, 0.0000091571354978319780405741, 15166.49, -1642.728, -6.594189, 0.004862703, 0.07868536, 172.4807, 1.197926, 0.743877, 0.7735416
 
48.36789, 0.0002490235, -0.003548248, 5, 0, 0.0000091426173487564370379325, 15172.93, -1642.728, -6.594189, 0.004862703, 0.07868536, 172.5027, 1.197926, 0.743877, 0.7735416
 
48.37789, 0.0002918296, -0.003545758, 5, 0, 0.0000091150126154793515214550, 15179.37, -1642.728, -6.594189, 0.004862703, 0.07868536, 172.5247, 1.197926, 0.743877, 0.7735416
 
48.38789, 0.0002697208, -0.00354284, 5, 0, 0.0000091124560487397863567080, 15185.8, -1642.728, -6.594189, 0.004862703, 0.07868536, 172.5466, 1.197926, 0.743877, 0.7735416
 
48.39788, 0.0002660773, -0.003540142, 5, 0, 0.0000091030482206387149041911, 15192.23, -1642.728, -6.594189, 0.004862703, 0.07868536, 172.5685, 1.197926, 0.743877, 0.7735416
 
48.40788, 0.0002743379, -0.003537482, 5, 0, 0.0000090889547597674511347100, 15198.66, -1642.728, -6.594189, 0.004862703, 0.07868536, 172.5904, 1.197926, 0.743877, 0.7735416
 
48.41788, 0.0002990955, -0.003534738, 5, 0, 0.0000090680269125626779826038, 15205.09, -1642.728, -6.594189, 0.004862703, 0.07868536, 172.6122, 1.197926, 0.743877, 0.7735416
 
48.42788, 0.0002552232, -0.003531747, 5, 0, 0.0000090740625475716074998777, 15211.51, -1642.728, -6.594189, 0.004862703, 0.07868536, 172.634, 1.197926, 0.743877, 0.7735416
 
48.43788, 0.0002318053, -0.003529195, 5, 0, 0.0000090730162958366051041338, 15217.93, -1642.728, -6.594189, 0.004862703, 0.07868536, 172.6558, 1.197926, 0.743877, 0.7735416
 
48.44788, 0.0002356219, -0.003526877, 5, 0, 0.0000090616453394800858557610, 15224.34, -1642.728, -6.594189, 0.004862703, 0.07868536, 172.6775, 1.197926, 0.743877, 0.7735416
 
48.45787, 0.0002568139, -0.003524521, 5, 0, 0.0000090432093714075993705859, 15230.74, -1642.728, -6.594189, 0.004862703, 0.07868536, 172.6992, 1.197926, 0.743877, 0.7735416
 
48.46787, 0.0002929452, -0.003521953, 5, 0, 0.0000090182455800099990867207, 15237.15, -1642.728, -6.594189, 0.004862703, 0.07868536, 172.7209, 1.197926, 0.743877, 0.7735416
 
48.47787, 0.000254771, -0.003519023, 5, 0, 0.0000090221746490256038011959, 15243.56, -1642.728, -6.594189, 0.004862703, 0.07868536, 172.7426, 1.197926, 0.743877, 0.7735416
 
48.48787, 0.0002453882, -0.003516475, 5, 0, 0.0000090155483880372338088649, 15249.96, -1642.728, -6.594189, 0.004862703, 0.07868536, 172.7642, 1.197926, 0.743877, 0.7735416
 
48.49787, 0.0002582285, -0.003514022, 5, 0, 0.0000090002652376930906366971, 15256.35, -1642.728, -6.594189, 0.004862703, 0.07868536, 172.7858, 1.197926, 0.743877, 0.7735416
 
48.50787, 0.0002877818, -0.003511439, 5, 0, 0.0000089779705132216156080659, 15262.74, -1642.728, -6.594189, 0.004862703, 0.07868536, 172.8073, 1.197926, 0.743877, 0.7735416
 
48.51786, 0.0002432506, -0.003508562, 5, 0, 0.0000089845995867146463797661, 15269.13, -1642.728, -6.594189, 0.004862703, 0.07868536, 172.8288, 1.197926, 0.743877, 0.7735416
 
48.52786, 0.0002177938, -0.003506129, 5, 0, 0.0000089847373994431857135057, 15275.51, -1642.728, -6.594189, 0.004862703, 0.07868536, 172.8503, 1.197926, 0.743877, 0.7735416
 
48.53786, 0.0002256002, -0.003503951, 5, 0, 0.0000089722301912024063283206, 15281.89, -1642.728, -6.594189, 0.004862703, 0.07868536, 172.8717, 1.197926, 0.743877, 0.7735416
 
48.54786, 0.0002443907, -0.003501695, 5, 0, 0.0000089551414128639801496211, 15288.27, -1642.728, -6.594189, 0.004862703, 0.07868536, 172.8931, 1.197926, 0.743877, 0.7735416
 
48.55786, 0.000273458, -0.003499251, 5, 0, 0.0000089334710644279232918720, 15294.65, -1642.728, -6.594189, 0.004862703, 0.07868536, 172.9145, 1.197926, 0.743877, 0.7735416
 
48.56786, 0.0002335908, -0.003496517, 5, 0, 0.0000089386207604676920965602, 15301.02, -1642.728, -6.594189, 0.004862703, 0.07868536, 172.9359, 1.197926, 0.743877, 0.7735416
 
48.57785, 0.0002130655, -0.003494181, 5, 0, 0.0000089370682578931692936245, 15307.39, -1642.728, -6.594189, 0.004862703, 0.07868536, 172.9572, 1.197926, 0.743877, 0.7735416
 
48.58785, 0.0002248078, -0.00349205, 5, 0, 0.0000089231660473390480092925, 15313.75, -1642.728, -6.594189, 0.004862703, 0.07868536, 172.9785, 1.197926, 0.743877, 0.7735416
 
48.59785, 0.0002424961, -0.003489802, 5, 0, 0.0000089066003948681230284650, 15320.11, -1642.728, -6.594189, 0.004862703, 0.07868536, 172.9998, 1.197926, 0.743877, 0.7735416
 
48.60785, 0.0002752006, -0.003487377, 5, 0, 0.0000088836053567353243281236, 15326.47, -1642.728, -6.594189, 0.004862703, 0.07868536, 173.021, 1.197926, 0.743877, 0.7735416
 
48.61785, 0.0002532908, -0.003484625, 5, 0, 0.0000088815662908539226880454, 15332.83, -1642.728, -6.594189, 0.004862703, 0.07868536, 173.0422, 1.197926, 0.743877, 0.7735416
 
48.62785, 0.0002347087, -0.003482092, 5, 0, 0.0000088787706612179173310134, 15339.18, -1642.728, -6.594189, 0.004862703, 0.07868536, 173.0634, 1.197926, 0.743877, 0.7735416
 
48.63784, 0.0002381519, -0.003479745, 5, 0, 0.0000088676781428231375294891, 15345.53, -1642.728, -6.594189, 0.004862703, 0.07868536, 173.0845, 1.197926, 0.743877, 0.7735416
 
48.64784, 0.0002634335, -0.003477363, 5, 0, 0.0000088478162348860083431762, 15351.87, -1642.728, -6.594189, 0.004862703, 0.07868536, 173.1056, 1.197926, 0.743877, 0.7735416
 
48.65784, 0.0003085094, -0.003474729, 5, 0, 0.0000088194352503216614252308, 15358.21, -1642.728, -6.594189, 0.004862703, 0.07868536, 173.1267, 1.197926, 0.743877, 0.7735416
 
48.66784, 0.0002730791, -0.003471644, 5, 0, 0.0000088219636920145865673560, 15364.54, -1642.728, -6.594189, 0.004862703, 0.07868536, 173.1478, 1.197926, 0.743877, 0.7735416
 
48.67784, 0.0002761174, -0.003468913, 5, 0, 0.0000088101005473418669231023, 15370.87, -1642.728, -6.594189, 0.004862703, 0.07868536, 173.1687, 1.197926, 0.743877, 0.7735416
 
48.68784, 0.000290259, -0.003466152, 5, 0, 0.0000087937514577300636706765, 15377.2, -1642.728, -6.594189, 0.004862703, 0.07868536, 173.1897, 1.197926, 0.743877, 0.7735416
 
48.69783, 0.0003148083, -0.003463249, 5, 0, 0.0000087729220481885305977465, 15383.53, -1642.728, -6.594189, 0.004862703, 0.07868536, 173.2107, 1.197926, 0.743877, 0.7735416
 
48.70783, 0.0002795071, -0.003460101, 5, 0, 0.0000087752592395643132547226, 15389.85, -1642.728, -6.594189, 0.004862703, 0.07868536, 173.2316, 1.197926, 0.743877, 0.7735416
 
48.71783, 0.0002482598, -0.003457306, 5, 0, 0.0000087768933047740953461544, 15396.17, -1642.728, -6.594189, 0.004862703, 0.07868536, 173.2525, 1.197926, 0.743877, 0.7735416
 
48.72783, 0.0002551544, -0.003454824, 5, 0, 0.0000087641835961975142438784, 15402.49, -1642.728, -6.594189, 0.004862703, 0.07868536, 173.2734, 1.197926, 0.743877, 0.7735416
 
48.73783, 0.0002627962, -0.003452272, 5, 0, 0.0000087510182618653551064509, 15408.8, -1642.728, -6.594189, 0.004862703, 0.07868536, 173.2942, 1.197926, 0.743877, 0.7735416
 
48.74783, 0.0002173987, -0.003449644, 5, 0, 0.0000087587076496167082852059, 15415.1, -1642.728, -6.594189, 0.004862703, 0.07868536, 173.315, 1.197926, 0.743877, 0.7735416
 
48.75782, 0.0001956115, -0.00344747, 5, 0, 0.0000087581929612632055399064, 15421.41, -1642.728, -6.594189, 0.004862703, 0.07868536, 173.3357, 1.197926, 0.743877, 0.7735416
 
48.76782, 0.0001864255, -0.003445514, 5, 0, 0.0000087532485780638992316783, 15427.71, -1642.728, -6.594189, 0.004862703, 0.07868536, 173.3565, 1.197926, 0.743877, 0.7735416
 
48.77782, 0.0001943455, -0.00344365, 5, 0, 0.0000087417651215208198928185, 15434, -1642.728, -6.594189, 0.004862703, 0.07868536, 173.3772, 1.197926, 0.743877, 0.7735416
 
48.78782, 0.000218269, -0.003441706, 5, 0, 0.0000087237510291479498614346, 15440.3, -1642.728, -6.594189, 0.004862703, 0.07868536, 173.3978, 1.197926, 0.743877, 0.7735416
 
48.79782, 0.0002571588, -0.003439524, 5, 0, 0.0000086992203634685930343728, 15446.59, -1642.728, -6.594189, 0.004862703, 0.07868536, 173.4184, 1.197926, 0.743877, 0.7735416
 
48.80782, 0.0002342568, -0.003436952, 5, 0, 0.0000086981656742196083005212, 15452.87, -1642.728, -6.594189, 0.004862703, 0.07868536, 173.4391, 1.197926, 0.743877, 0.7735416
 
48.81781, 0.0002292956, -0.003434609, 5, 0, 0.0000086906056616827798884687, 15459.15, -1642.728, -6.594189, 0.004862703, 0.07868536, 173.4596, 1.197926, 0.743877, 0.7735416
 
48.82781, 0.0002416568, -0.003432316, 5, 0, 0.0000086763293880083559719461, 15465.43, -1642.728, -6.594189, 0.004862703, 0.07868536, 173.4801, 1.197926, 0.743877, 0.7735416
 
48.83781, 0.0002637905, -0.0034299, 5, 0, 0.0000086578906074312248218664, 15471.71, -1642.728, -6.594189, 0.004862703, 0.07868536, 173.5007, 1.197926, 0.743877, 0.7735416
 
48.84781, 0.0002956276, -0.003427262, 5, 0, 0.0000086350671320829109221601, 15477.98, -1642.728, -6.594189, 0.004862703, 0.07868536, 173.5211, 1.197926, 0.743877, 0.7735416
 
48.85781, 0.0002717891, -0.003424306, 5, 0, 0.0000086334386918824665039315, 15484.25, -1642.728, -6.594189, 0.004862703, 0.07868536, 173.5416, 1.197926, 0.743877, 0.7735416
 
48.86781, 0.0002653206, -0.003421588, 5, 0, 0.0000086255636788232762843010, 15490.51, -1642.728, -6.594189, 0.004862703, 0.07868536, 173.562, 1.197926, 0.743877, 0.7735416
 
48.8778, 0.0002655857, -0.003418935, 5, 0, 0.0000086152080366504586296812, 15496.78, -1642.728, -6.594189, 0.004862703, 0.07868536, 173.5824, 1.197926, 0.743877, 0.7735416
 
48.8878, 0.0003018258, -0.003416279, 5, 0, 0.0000085906661209524586851425, 15503.03, -1642.728, -6.594189, 0.004862703, 0.07868536, 173.6027, 1.197926, 0.743877, 0.7735416
 
48.8978, 0.0002670687, -0.003413261, 5, 0, 0.0000085932142501780253973170, 15509.29, -1642.728, -6.594189, 0.004862703, 0.07868536, 173.6231, 1.197926, 0.743877, 0.7735416
 
48.9078, 0.0002455747, -0.00341059, 5, 0, 0.0000085914198722024016227270, 15515.53, -1642.728, -6.594189, 0.004862703, 0.07868536, 173.6433, 1.197926, 0.743877, 0.7735416
 
48.9178, 0.0002417843, -0.003408134, 5, 0, 0.0000085832017335742095728969, 15521.78, -1642.728, -6.594189, 0.004862703, 0.07868536, 173.6636, 1.197926, 0.743877, 0.7735416
 
48.9278, 0.0002492481, -0.003405716, 5, 0, 0.0000085706579627728078269823, 15528.03, -1642.728, -6.594189, 0.004862703, 0.07868536, 173.6839, 1.197926, 0.743877, 0.7735416
 
48.93779, 0.0002868689, -0.003403224, 5, 0, 0.0000085460654219908493959385, 15534.26, -1642.728, -6.594189, 0.004862703, 0.07868536, 173.704, 1.197926, 0.743877, 0.7735416
 
48.94779, 0.0002483989, -0.003400355, 5, 0, 0.0000085504782418086560537222, 15540.5, -1642.728, -6.594189, 0.004862703, 0.07868536, 173.7242, 1.197926, 0.743877, 0.7735416
 
48.95779, 0.0002387445, -0.003397871, 5, 0, 0.0000085445326069489681630521, 15546.73, -1642.728, -6.594189, 0.004862703, 0.07868536, 173.7443, 1.197926, 0.743877, 0.7735416
 
48.96779, 0.0002406652, -0.003395484, 5, 0, 0.0000085342894649627105989193, 15552.96, -1642.728, -6.594189, 0.004862703, 0.07868536, 173.7644, 1.197926, 0.743877, 0.7735416
 
48.97779, 0.000262968, -0.003393077, 5, 0, 0.0000085159997471327619000562, 15559.18, -1642.728, -6.594189, 0.004862703, 0.07868536, 173.7845, 1.197926, 0.743877, 0.7735416
 
48.98779, 0.0003053852, -0.003390447, 5, 0, 0.0000084892556402828578529119, 15565.4, -1642.728, -6.594189, 0.004862703, 0.07868536, 173.8045, 1.197926, 0.743877, 0.7735416
 
48.99778, 0.0002706328, -0.003387394, 5, 0, 0.0000084917615819384806456185, 15571.61, -1642.728, -6.594189, 0.004862703, 0.07868536, 173.8245, 1.197926, 0.743877, 0.7735416
 
49.00778, 0.0002537959, -0.003384687, 5, 0, 0.0000084881193883985977160995, 15577.83, -1642.728, -6.594189, 0.004862703, 0.07868536, 173.8445, 1.197926, 0.743877, 0.7735416
 
49.01778, 0.0002590205, -0.003382149, 5, 0, 0.0000084762506187165565131073, 15584.04, -1642.728, -6.594189, 0.004862703, 0.07868536, 173.8644, 1.197926, 0.743877, 0.7735416
 
49.02778, 0.0002848801, -0.003379559, 5, 0, 0.0000084561665229109840396542, 15590.24, -1642.728, -6.594189, 0.004862703, 0.07868536, 173.8843, 1.197926, 0.743877, 0.7735416
 
49.03778, 0.0002397441, -0.00337671, 5, 0, 0.0000084632793472062167546630, 15596.44, -1642.728, -6.594189, 0.004862703, 0.07868536, 173.9042, 1.197926, 0.743877, 0.7735416
 
49.04778, 0.0002083533, -0.003374313, 5, 0, 0.0000084661481019634829476187, 15602.64, -1642.728, -6.594189, 0.004862703, 0.07868536, 173.9241, 1.197926, 0.743877, 0.7735416
 
49.05777, 0.0001898125, -0.003372229, 5, 0, 0.0000084647699746781379536167, 15608.84, -1642.728, -6.594189, 0.004862703, 0.07868536, 173.9439, 1.197926, 0.743877, 0.7735416
 
49.06777, 0.0001928886, -0.003370331, 5, 0, 0.0000084554071466517034288665, 15615.03, -1642.728, -6.594189, 0.004862703, 0.07868536, 173.9637, 1.197926, 0.743877, 0.7735416
 
49.07777, 0.0002219723, -0.003368402, 5, 0, 0.0000084357899266203521080418, 15621.22, -1642.728, -6.594189, 0.004862703, 0.07868536, 173.9835, 1.197926, 0.743877, 0.7735416
 
49.08777, 0.0001748254, -0.003366182, 5, 0, 0.0000084452877548706490726977, 15627.41, -1642.728, -6.594189, 0.004862703, 0.07868536, 174.0032, 1.197926, 0.743877, 0.7735416
 
49.09777, 0.0001462863, -0.003364434, 5, 0, 0.0000084486908855140756954670, 15633.59, -1642.728, -6.594189, 0.004862703, 0.07868536, 174.0229, 1.197926, 0.743877, 0.7735416
 
49.10777, 0.00014524, -0.003362971, 5, 0, 0.0000084420646245257218176007, 15639.76, -1642.728, -6.594189, 0.004862703, 0.07868536, 174.0426, 1.197926, 0.743877, 0.7735416
 
49.11776, 0.0001603195, -0.003361519, 5, 0, 0.0000084291721031459644538185, 15645.94, -1642.728, -6.594189, 0.004862703, 0.07868536, 174.0622, 1.197926, 0.743877, 0.7735416
 
49.12776, 0.0001851998, -0.003359915, 5, 0, 0.0000084120805123028774957498, 15652.11, -1642.728, -6.594189, 0.004862703, 0.07868536, 174.0818, 1.197926, 0.743877, 0.7735416
 
49.13776, 0.000224532, -0.003358064, 5, 0, 0.0000083887310985824177332670, 15658.28, -1642.728, -6.594189, 0.004862703, 0.07868536, 174.1014, 1.197926, 0.743877, 0.7735416
 
49.14776, 0.0002864967, -0.003355818, 5, 0, 0.0000083555772936032654221934, 15664.44, -1642.728, -6.594189, 0.004862703, 0.07868536, 174.1209, 1.197926, 0.743877, 0.7735416
 
49.15776, 0.0002745999, -0.003352953, 5, 0, 0.0000083497104088741760406501, 15670.6, -1642.728, -6.594189, 0.004862703, 0.07868536, 174.1404, 1.197926, 0.743877, 0.7735416
 
49.16776, 0.000274664, -0.003350207, 5, 0, 0.0000083394813294112223733635, 15676.75, -1642.728, -6.594189, 0.004862703, 0.07868536, 174.1599, 1.197926, 0.743877, 0.7735416
 
49.17775, 0.0002955228, -0.00334746, 5, 0, 0.0000083211550490206513137710, 15682.91, -1642.728, -6.594189, 0.004862703, 0.07868536, 174.1794, 1.197926, 0.743877, 0.7735416
 
49.18775, 0.0003257443, -0.003344505, 5, 0, 0.0000082986690742320176855259, 15689.06, -1642.728, -6.594189, 0.004862703, 0.07868536, 174.1988, 1.197926, 0.743877, 0.7735416
 
49.19775, 0.000288284, -0.003341248, 5, 0, 0.0000083018106419417017665915, 15695.2, -1642.728, -6.594189, 0.004862703, 0.07868536, 174.2182, 1.197926, 0.743877, 0.7735416
 
49.20775, 0.0002792623, -0.003338365, 5, 0, 0.0000082948187553470114801775, 15701.34, -1642.728, -6.594189, 0.004862703, 0.07868536, 174.2376, 1.197926, 0.743877, 0.7735416
 
49.21775, 0.0002766762, -0.003335572, 5, 0, 0.0000082855599899931547078067, 15707.48, -1642.728, -6.594189, 0.004862703, 0.07868536, 174.2569, 1.197926, 0.743877, 0.7735416
 
49.22775, 0.0003098889, -0.003332805, 5, 0, 0.0000082624468266644582437750, 15713.61, -1642.728, -6.594189, 0.004862703, 0.07868536, 174.2762, 1.197926, 0.743877, 0.7735416
 
49.23774, 0.0002706865, -0.003329706, 5, 0, 0.0000082666796461837655338864, 15719.74, -1642.728, -6.594189, 0.004862703, 0.07868536, 174.2955, 1.197926, 0.743877, 0.7735416
 
49.24774, 0.0002393452, -0.003326999, 5, 0, 0.0000082688452747750472757626, 15725.86, -1642.728, -6.594189, 0.004862703, 0.07868536, 174.3147, 1.197926, 0.743877, 0.7735416
 
49.25774, 0.0002311623, -0.003324606, 5, 0, 0.0000082627955772427977471778, 15731.98, -1642.728, -6.594189, 0.004862703, 0.07868536, 174.3338, 1.197926, 0.743877, 0.7735416
 
49.26774, 0.0002437264, -0.003322294, 5, 0, 0.0000082488961791933372422152, 15738.1, -1642.728, -6.594189, 0.004862703, 0.07868536, 174.353, 1.197926, 0.743877, 0.7735416
 
49.27774, 0.000270891, -0.003319857, 5, 0, 0.0000082290230212375649384253, 15744.22, -1642.728, -6.594189, 0.004862703, 0.07868536, 174.3722, 1.197926, 0.743877, 0.7735416
 
49.28773, 0.0002258144, -0.003317148, 5, 0, 0.0000082365324086904187495081, 15750.32, -1642.728, -6.594189, 0.004862703, 0.07868536, 174.3913, 1.197926, 0.743877, 0.7735416
 
49.29773, 0.0002090855, -0.00331489, 5, 0, 0.0000082341670922680121843750, 15756.43, -1642.728, -6.594189, 0.004862703, 0.07868536, 174.4104, 1.197926, 0.743877, 0.7735416
 
49.30773, 0.000203975, -0.003312799, 5, 0, 0.0000082277180190734646658823, 15762.54, -1642.728, -6.594189, 0.004862703, 0.07868536, 174.4295, 1.197926, 0.743877, 0.7735416
 
49.31773, 0.0002097335, -0.003310759, 5, 0, 0.0000082171880016114853167934, 15768.64, -1642.728, -6.594189, 0.004862703, 0.07868536, 174.4485, 1.197926, 0.743877, 0.7735416
 
49.32773, 0.0002309219, -0.003308662, 5, 0, 0.0000082005407865053010474698, 15774.74, -1642.728, -6.594189, 0.004862703, 0.07868536, 174.4675, 1.197926, 0.743877, 0.7735416
 
49.33773, 0.0001848409, -0.003306353, 5, 0, 0.0000082094479887761736515333, 15780.84, -1642.728, -6.594189, 0.004862703, 0.07868536, 174.4865, 1.197926, 0.743877, 0.7735416
 
49.34772, 0.0001570418, -0.003304504, 5, 0, 0.0000082124208062060175968683, 15786.92, -1642.728, -6.594189, 0.004862703, 0.07868536, 174.5054, 1.197926, 0.743877, 0.7735416
 
49.35772, 0.0001621203, -0.003302934, 5, 0, 0.0000082033589161786248683851, 15793.01, -1642.728, -6.594189, 0.004862703, 0.07868536, 174.5243, 1.197926, 0.743877, 0.7735416
 
49.36772, 0.0001668266, -0.003301313, 5, 0, 0.0000081943223386932113831544, 15799.1, -1642.728, -6.594189, 0.004862703, 0.07868536, 174.5432, 1.197926, 0.743877, 0.7735416
 
49.37772, 0.0001869668, -0.003299644, 5, 0, 0.0000081792051261242475673480, 15805.18, -1642.728, -6.594189, 0.004862703, 0.07868536, 174.562, 1.197926, 0.743877, 0.7735416
 
49.38772, 0.00022154, -0.003297775, 5, 0, 0.0000081580185284903926529075, 15811.25, -1642.728, -6.594189, 0.004862703, 0.07868536, 174.5809, 1.197926, 0.743877, 0.7735416
 
49.39772, 0.0002792849, -0.003295559, 5, 0, 0.0000081270275395978451898761, 15817.32, -1642.728, -6.594189, 0.004862703, 0.07868536, 174.5996, 1.197926, 0.743877, 0.7735416
 
49.40771, 0.0002671025, -0.003292767, 5, 0, 0.0000081216444056709738661061, 15823.39, -1642.728, -6.594189, 0.004862703, 0.07868536, 174.6184, 1.197926, 0.743877, 0.7735416
 
49.41771, 0.0002612841, -0.003290096, 5, 0, 0.0000081141097056761246973060, 15829.46, -1642.728, -6.594189, 0.004862703, 0.07868536, 174.6371, 1.197926, 0.743877, 0.7735416
 
49.42771, 0.0002860293, -0.003287483, 5, 0, 0.0000080949284238676937271188, 15835.51, -1642.728, -6.594189, 0.004862703, 0.07868536, 174.6558, 1.197926, 0.743877, 0.7735416
 
49.43771, 0.000324843, -0.003284622, 5, 0, 0.0000080697143195550101334916, 15841.57, -1642.728, -6.594189, 0.004862703, 0.07868536, 174.6745, 1.197926, 0.743877, 0.7735416
 
49.44771, 0.0002846831, -0.003281374, 5, 0, 0.0000080740287017095605976344, 15847.62, -1642.728, -6.594189, 0.004862703, 0.07868536, 174.6931, 1.197926, 0.743877, 0.7735416
 
49.45771, 0.000267967, -0.003278527, 5, 0, 0.0000080702993205251129353455, 15853.67, -1642.728, -6.594189, 0.004862703, 0.07868536, 174.7117, 1.197926, 0.743877, 0.7735416
 
49.4677, 0.0002772089, -0.003275848, 5, 0, 0.0000080569792984364336734983, 15859.72, -1642.728, -6.594189, 0.004862703, 0.07868536, 174.7303, 1.197926, 0.743877, 0.7735416
 
49.4777, 0.000296221, -0.003273075, 5, 0, 0.0000080396795822482234396003, 15865.75, -1642.728, -6.594189, 0.004862703, 0.07868536, 174.7488, 1.197926, 0.743877, 0.7735416
 
49.4877, 0.0002478294, -0.003270113, 5, 0, 0.0000080478892833624170368581, 15871.79, -1642.728, -6.594189, 0.004862703, 0.07868536, 174.7673, 1.197926, 0.743877, 0.7735416
 
49.4977, 0.0002225444, -0.003267635, 5, 0, 0.0000080483983467065982234191, 15877.83, -1642.728, -6.594189, 0.004862703, 0.07868536, 174.7858, 1.197926, 0.743877, 0.7735416
 
49.5077, 0.0002092022, -0.003265409, 5, 0, 0.0000080449445909792131141448, 15883.85, -1642.728, -6.594189, 0.004862703, 0.07868536, 174.8042, 1.197926, 0.743877, 0.7735416
 
49.5177, 0.0002122619, -0.003263318, 5, 0, 0.0000080355114503361785328401, 15889.88, -1642.728, -6.594189, 0.004862703, 0.07868536, 174.8226, 1.197926, 0.743877, 0.7735416
 
49.52769, 0.0002407543, -0.003261195, 5, 0, 0.0000080162317308645074834766, 15895.9, -1642.728, -6.594189, 0.004862703, 0.07868536, 174.841, 1.197926, 0.743877, 0.7735416
 
49.53769, 0.0002002148, -0.003258787, 5, 0, 0.0000080228017417595974305641, 15901.91, -1642.728, -6.594189, 0.004862703, 0.07868536, 174.8593, 1.197926, 0.743877, 0.7735416
 
49.54769, 0.0001725293, -0.003256785, 5, 0, 0.0000080254370586297611044379, 15907.93, -1642.728, -6.594189, 0.004862703, 0.07868536, 174.8777, 1.197926, 0.743877, 0.7735416
 
49.55769, 0.0001568694, -0.00325506, 5, 0, 0.0000080241348689703216112642, 15913.95, -1642.728, -6.594189, 0.004862703, 0.07868536, 174.896, 1.197926, 0.743877, 0.7735416
 
49.56769, 0.0001621758, -0.003253491, 5, 0, 0.0000080151714166061850764219, 15919.96, -1642.728, -6.594189, 0.004862703, 0.07868536, 174.9142, 1.197926, 0.743877, 0.7735416
 
49.57769, 0.0001729032, -0.00325187, 5, 0, 0.0000080040057730901283245092, 15925.96, -1642.728, -6.594189, 0.004862703, 0.07868536, 174.9325, 1.197926, 0.743877, 0.7735416
 
49.58768, 0.0002105648, -0.003250141, 5, 0, 0.0000079822482370094745050609, 15931.96, -1642.728, -6.594189, 0.004862703, 0.07868536, 174.9507, 1.197926, 0.743877, 0.7735416
 
49.59768, 0.0002689318, -0.003248035, 5, 0, 0.0000079516313112372457886849, 15937.95, -1642.728, -6.594189, 0.004862703, 0.07868536, 174.9689, 1.197926, 0.743877, 0.7735416
 
49.60768, 0.0002439067, -0.003245346, 5, 0, 0.0000079515722486393049640721, 15943.95, -1642.728, -6.594189, 0.004862703, 0.07868536, 174.987, 1.197926, 0.743877, 0.7735416
 
49.61768, 0.000242839, -0.003242906, 5, 0, 0.0000079429519218441702594295, 15949.94, -1642.728, -6.594189, 0.004862703, 0.07868536, 175.0051, 1.197926, 0.743877, 0.7735416
 
49.62768, 0.0002572506, -0.003240478, 5, 0, 0.0000079284337727686292567879, 15955.92, -1642.728, -6.594189, 0.004862703, 0.07868536, 175.0232, 1.197926, 0.743877, 0.7735416
 
49.63768, 0.0002833415, -0.003237905, 5, 0, 0.0000079090978032036781621809, 15961.91, -1642.728, -6.594189, 0.004862703, 0.07868536, 175.0413, 1.197926, 0.743877, 0.7735416
 
49.64767, 0.0002331754, -0.003235072, 5, 0, 0.0000079183340685202325851332, 15967.88, -1642.728, -6.594189, 0.004862703, 0.07868536, 175.0593, 1.197926, 0.743877, 0.7735416
 
49.65767, 0.0002161947, -0.00323274, 5, 0, 0.0000079161009398170276805365, 15973.86, -1642.728, -6.594189, 0.004862703, 0.07868536, 175.0773, 1.197926, 0.743877, 0.7735416
 
49.66767, 0.0002080002, -0.003230578, 5, 0, 0.0000079109315562446011913343, 15979.83, -1642.728, -6.594189, 0.004862703, 0.07868536, 175.0953, 1.197926, 0.743877, 0.7735416
 
49.67767, 0.0002128864, -0.003228498, 5, 0, 0.0000079009640397154222946807, 15985.8, -1642.728, -6.594189, 0.004862703, 0.07868536, 175.1132, 1.197926, 0.743877, 0.7735416
 
49.68767, 0.0002328061, -0.00322637, 5, 0, 0.0000078851408884757971339608, 15991.77, -1642.728, -6.594189, 0.004862703, 0.07868536, 175.1311, 1.197926, 0.743877, 0.7735416
 
49.69767, 0.0002765379, -0.003224042, 5, 0, 0.0000078597383463505996056243, 15997.72, -1642.728, -6.594189, 0.004862703, 0.07868536, 175.149, 1.197926, 0.743877, 0.7735416
 
49.70766, 0.0002526871, -0.003221276, 5, 0, 0.0000078590942827825559791575, 16003.68, -1642.728, -6.594189, 0.004862703, 0.07868536, 175.1669, 1.197926, 0.743877, 0.7735416
 
49.71766, 0.0002352237, -0.003218749, 5, 0, 0.0000078566052161549139771310, 16009.63, -1642.728, -6.594189, 0.004862703, 0.07868536, 175.1847, 1.197926, 0.743877, 0.7735416
 
49.72766, 0.0002515839, -0.003216397, 5, 0, 0.0000078416370663331487270058, 16015.58, -1642.728, -6.594189, 0.004862703, 0.07868536, 175.2024, 1.197926, 0.743877, 0.7735416
 
49.73766, 0.0002821579, -0.003213881, 5, 0, 0.0000078208526568662364673778, 16021.52, -1642.728, -6.594189, 0.004862703, 0.07868536, 175.2202, 1.197926, 0.743877, 0.7735416
 
49.74766, 0.0002225071, -0.00321106, 5, 0, 0.0000078337536157599761692677, 16027.46, -1642.728, -6.594189, 0.004862703, 0.07868536, 175.2379, 1.197926, 0.743877, 0.7735416
 
49.75766, 0.0001871396, -0.003208834, 5, 0, 0.0000078388526867157864874508, 16033.4, -1642.728, -6.594189, 0.004862703, 0.07868536, 175.2557, 1.197926, 0.743877, 0.7735416
 
49.76765, 0.0001664996, -0.003206963, 5, 0, 0.0000078392098748081244434260, 16039.34, -1642.728, -6.594189, 0.004862703, 0.07868536, 175.2733, 1.197926, 0.743877, 0.7735416
 
49.77765, 0.0001721834, -0.003205298, 5, 0, 0.0000078300467346128308563974, 16045.26, -1642.728, -6.594189, 0.004862703, 0.07868536, 175.291, 1.197926, 0.743877, 0.7735416
 
49.78765, 0.0001979196, -0.003203576, 5, 0, 0.0000078131126440309248021177, 16051.19, -1642.728, -6.594189, 0.004862703, 0.07868536, 175.3086, 1.197926, 0.743877, 0.7735416
 
49.79765, 0.0002292293, -0.003201597, 5, 0, 0.0000077934363614016326566802, 16057.11, -1642.728, -6.594189, 0.004862703, 0.07868536, 175.3261, 1.197926, 0.743877, 0.7735416
 
49.80765, 0.0002006435, -0.003199305, 5, 0, 0.0000077958101153380376743857, 16063.02, -1642.728, -6.594189, 0.004862703, 0.07868536, 175.3437, 1.197926, 0.743877, 0.7735416
 
49.81765, 0.0001914902, -0.003197298, 5, 0, 0.0000077914872956694887576705, 16068.94, -1642.728, -6.594189, 0.004862703, 0.07868536, 175.3612, 1.197926, 0.743877, 0.7735416
 
49.82764, 0.0001852209, -0.003195383, 5, 0, 0.0000077863010370690814777881, 16074.85, -1642.728, -6.594189, 0.004862703, 0.07868536, 175.3786, 1.197926, 0.743877, 0.7735416
 
49.83764, 0.0002021534, -0.003193531, 5, 0, 0.0000077724494515989186799613, 16080.75, -1642.728, -6.594189, 0.004862703, 0.07868536, 175.3961, 1.197926, 0.743877, 0.7735416
 
49.84764, 0.0002349576, -0.00319151, 5, 0, 0.0000077521600429528675955834, 16086.66, -1642.728, -6.594189, 0.004862703, 0.07868536, 175.4136, 1.197926, 0.743877, 0.7735416
 
49.85764, 0.0002807943, -0.00318916, 5, 0, 0.0000077261331247922680108294, 16092.56, -1642.728, -6.594189, 0.004862703, 0.07868536, 175.431, 1.197926, 0.743877, 0.7735416
 
49.86764, 0.0002575836, -0.003186352, 5, 0, 0.0000077252246857858049488251, 16098.45, -1642.728, -6.594189, 0.004862703, 0.07868536, 175.4483, 1.197926, 0.743877, 0.7735416
 
49.87764, 0.0002509662, -0.003183777, 5, 0, 0.0000077185871747787757245525, 16104.35, -1642.728, -6.594189, 0.004862703, 0.07868536, 175.4657, 1.197926, 0.743877, 0.7735416
 
49.88763, 0.0002598619, -0.003181267, 5, 0, 0.0000077062318417898556844178, 16110.24, -1642.728, -6.594189, 0.004862703, 0.07868536, 175.483, 1.197926, 0.743877, 0.7735416
 
49.89763, 0.0002780624, -0.003178668, 5, 0, 0.0000076901386901024895294219, 16116.12, -1642.728, -6.594189, 0.004862703, 0.07868536, 175.5003, 1.197926, 0.743877, 0.7735416
 
49.90763, 0.000310175, -0.003175888, 5, 0, 0.0000076683361539472148966717, 16122, -1642.728, -6.594189, 0.004862703, 0.07868536, 175.5175, 1.197926, 0.743877, 0.7735416
 
49.91763, 0.0002791233, -0.003172786, 5, 0, 0.0000076697142812325760051383, 16127.88, -1642.728, -6.594189, 0.004862703, 0.07868536, 175.5348, 1.197926, 0.743877, 0.7735416
 
49.92763, 0.0002623503, -0.003169995, 5, 0, 0.0000076664405258036902635363, 16133.75, -1642.728, -6.594189, 0.004862703, 0.07868536, 175.552, 1.197926, 0.743877, 0.7735416
 
49.93763, 0.0002639119, -0.003167371, 5.001143, 0, 0.0000076584080124833191401168, 16139.62, -1642.728, -6.594189, 0.004862703, 0.07868536, 175.5691, 1.197926, 0.743877, 0.7735416
 
49.94762, 0.0002934094, -0.003164732, 5.002472, 0, 0.0000076400536070460919434378, 16145.49, -1642.728, -6.594189, 0.004862703, 0.07868536, 175.5863, 1.197926, 0.743877, 0.7735416
 
49.95762, 0.0002447082, -0.003161798, 5.003801, 0, 0.0000076505892495174250801946, 16151.35, -1642.728, -6.594189, 0.004862703, 0.07868536, 175.6034, 1.197926, 0.743877, 0.7735416
 
49.96762, 0.0002012673, -0.003159351, 5.005129, 0, 0.0000076603177031501637845631, 16157.21, -1642.728, -6.594189, 0.004862703, 0.07868536, 175.6205, 1.197926, 0.743877, 0.7735416
 
49.97762, 0.0001884192, -0.003157338, 5.006457, 0, 0.0000076595273893395823717844, 16163.06, -1642.728, -6.594189, 0.004862703, 0.07868536, 175.6375, 1.197926, 0.743877, 0.7735416
 
49.98762, 0.0001984356, -0.003155454, 5.007783, 0, 0.0000076504036242095880393192, 16168.91, -1642.728, -6.594189, 0.004862703, 0.07868536, 175.6545, 1.197926, 0.743877, 0.7735416
 
49.99762, 0.000222751, -0.003153469, 5.009109, 0, 0.0000076356323497143029475464, 16174.76, -1642.728, -6.594189, 0.004862703, 0.07868536, 175.6715, 1.197926, 0.743877, 0.7735416
 
50.00761, 0.0001640674, -0.003151242, 5.010436, 0, 0.0000076516411262617490346770, 16180.61, -1642.728, -6.594189, 0.004862703, 0.07868536, 175.6885, 1.197926, 0.743877, 0.7735416
 
50.01761, 0.0001161459, -0.003149601, 5.011761, 0, 0.0000076650061484250491098261, 16186.45, -1642.728, -6.594189, 0.004862703, 0.07868536, 175.7055, 1.197926, 0.743877, 0.7735416
 
50.02761, 9.851479E-05, -0.00314844, 5.013086, 0, 0.0000076680970910507747043866, 16192.28, -1642.728, -6.594189, 0.004862703, 0.07868536, 175.7224, 1.197926, 0.743877, 0.7735416
 
50.03761, 0.0001072785, -0.003147455, 5.01441, 0, 0.0000076616536428655648590971, 16198.11, -1642.728, -6.594189, 0.004862703, 0.07868536, 175.7392, 1.197926, 0.743877, 0.7735416
 
50.04761, 0.0001251714, -0.003146382, 5.015733, 0, 0.0000076515511261125074080732, 16203.94, -1642.728, -6.594189, 0.004862703, 0.07868536, 175.756, 1.197926, 0.743877, 0.7735416
 
50.05761, 0.0001663627, -0.00314513, 5.017056, 0, 0.0000076322320315755371041463, 16209.77, -1642.728, -6.594189, 0.004862703, 0.07868536, 175.7729, 1.197926, 0.743877, 0.7735416
 
50.0676, 0.0002121297, -0.003143467, 5.018378, 0, 0.0000076101904325238222791111, 16215.58, -1642.728, -6.594189, 0.004862703, 0.07868536, 175.7896, 1.197926, 0.743877, 0.7735416
 
50.0776, 0.0002749815, -0.003141345, 5.0197, 0, 0.0000075806056959632759471681, 16221.4, -1642.728, -6.594189, 0.004862703, 0.07868536, 175.8064, 1.197926, 0.743877, 0.7735416
 
