time,x,y,z,vx,vy,vz,e0,e1,e2,e3
0.0,0.0,0.0,1191.0,0.0,0.0,0.0,0.717859511013022,-0.00031979010591056854,0.0029635513838853263,0.6961816124730875
0.1,0.01515721566625352,0.004736724917304434,1192.420138498001,0.3167684061629626,0.09896383614921364,29.665887882592397,0.717859511013022,-0.00031979010591056854,0.0029635513838853263,0.6961816124730875
0.2,0.062641708179192,0.019582699953660746,1196.8706792569308,0.631885128213118,0.19745330253999513,59.20107685859607,0.717859511013022,-0.00031979010591056854,0.0029635513838853263,0.6961816124730875
0.30000000000000004,0.14193427134107553,0.04381693196789288,1204.2649334994219,0.9481609581978202,0.30152025464397225,87.90111291481804,0.7178519927413131,-0.0012987359393662778,0.0015299230028718847,0.6961928534090901
0.4,0.2532472996394352,0.08694901923506372,1214.476025243855,1.0244022843771263,0.6566444234278135,116.48775163592886,0.7178243825981634,-0.002035208694930782,0.002418214324985746,0.696217039372502
0.5,0.350218555147425,0.19067587332615102,1227.556772722147,1.3165676329613025,1.5071268937610296,145.22591110761078,0.7177921113519397,-0.0021392967940892346,0.003945112269745406,0.6962430210632855
0.6000000000000001,0.41552478704380813,0.4045208405589956,1243.5111331682606,2.0606913858906575,2.799547857323248,174.31286503741066,0.7177850482635979,-0.002009059118815039,0.0039422375125018885,0.6962507069540947
0.7000000000000001,0.6467516937459834,0.7305398126553813,1262.41587242297,2.5722495756418278,3.780766827611929,204.06868316670995,0.7178065936842918,-0.0006799273211031973,0.003788435881839762,0.6962319150367652
0.8,0.9833756462210628,1.1417706142640112,1284.347666042709,2.956384965715466,4.403043875393838,234.7816777112521,0.7178183272460609,-0.0007811071887977899,0.002972253677801147,0.6962236742953385
0.9,1.2958236610701799,1.6179956153213606,1309.4125424587262,3.3604405496397023,5.213801467309899,266.6699046810172,0.7177951935427032,-0.00048059019491971826,0.004815503955661806,0.6962374882766015
1.0,1.7333319511091456,2.224986349265759,1337.729471075105,3.7520318278699456,6.276737644177493,299.92045710075024,0.717803408744206,-0.0002461920956990559,0.004076396113359841,0.696233860695799
1.1,2.183834025050795,2.987622352046122,1369.4430025468794,4.155682957241906,7.052051634704965,334.6450005748228,0.7178066979982001,-0.0002615683513309343,0.0039327993443061095,0.6962312898600835
1.2000000000000002,2.6627667508978305,3.706787750571087,1404.7099750749317,4.637833039621994,8.106903773832393,370.8975442433911,0.7177989081172189,-0.00026306367122201174,0.00436131952389879,0.6962367680575652
1.3,3.156465551368811,4.477268123982911,1443.690020820849,5.160019845570005,9.038410205707109,408.9918637722647,0.7178042592111442,-0.00025185198445242636,0.004112054213455263,0.6962327721667977
1.4000000000000001,3.7009700553572507,5.436441276333101,1486.578259900237,5.822752766754092,10.153908235386181,449.20705211812236,0.7178003830264176,-0.00022817934013845395,0.004339134008076002,0.6962353983943769
1.5,4.299731710513433,6.505543601711688,1533.607260354471,6.578376872980071,11.209957188071874,491.7836503334539,0.7178004428832783,-0.0002361485242027248,0.0043763253004675965,0.6962351012462016
1.6,4.95628303930264,7.6890127772699355,1585.0234182780107,7.418606159441467,12.418352575501952,536.9791861712567,0.7178018675098637,-0.00023867075408773745,0.004179109995693897,0.6962348433361167
1.7000000000000002,5.638390351688529,8.99106788874261,1641.0770589627914,8.27638551461141,13.626119658773671,584.4298714929517,0.7177988224678845,-0.00021911878912831217,0.004527186439976244,0.6962358128059863
1.8,6.360787930683969,10.417909096302274,1701.983314136357,9.17930044590237,14.869327067926381,633.9466583350094,0.7178005634314217,-0.00017442635664280975,0.0043032032087157775,0.6962354509468217
1.9000000000000001,7.18489432182064,11.967886537453902,1767.8144866603775,10.086376074669005,16.100923721069382,682.4695215254985,0.7178006767140956,-2.141221586529377e-05,0.004239978231908911,0.6962357435774872
2.0,8.095423435832636,13.637070684711475,1838.4505557159914,10.92796280027764,17.280915722704844,730.2284115400062,0.7177997134800798,0.00011141879116731924,0.004295992438245567,0.6962363846875131
2.1,9.069900246932805,15.421954606142496,1913.8140512799212,11.757219922287785,18.41072079519534,776.9211200475671,0.7177998181164639,0.0002501160676062647,0.0042512094057014565,0.6962365156845143
2.2,10.213936416707664,17.319100009474198,1993.8033174335967,12.58143674823055,19.514171178401035,822.5959902817015,0.7178000545456926,0.00039433209794312215,0.004166782163816862,0.6962367155808408
2.3000000000000003,11.48072504352483,19.32372002712466,2078.2943969701723,13.360682038982313,20.573569124747564,866.9338332592022,0.7177998389998405,0.00047270751364859436,0.004130583467092024,0.696237104698989
2.4000000000000004,12.755324390683572,21.432015165449894,2167.1536546149155,14.07766439498973,21.585720673968297,910.0822915090646,0.7178002887592663,0.0005338990086261756,0.004032678806408645,0.6962371707332257
2.5,14.282427410778213,23.63890758150774,2260.249873721876,14.755442300131984,22.53827168705301,951.3386623804096,0.7178006891410738,0.0005778635175142151,0.0039684323224291424,0.6962370920076416
2.6,15.865843188046362,25.936995795234317,2357.3130096019167,15.386309594470834,23.400859688396736,989.2060149501193,0.7178005842011892,0.0005720087925340119,0.004064228283926065,0.6962366524213079
2.7,17.498237324481757,28.316235510602432,2457.9675196698745,15.95639935749669,24.166138353020525,1023.2000303456394,0.7178003893563262,0.0005875697125735581,0.004034944006362286,0.6962370106713698
2.8000000000000003,19.19366284370906,30.766947915681893,2561.8097751940486,16.46224386634735,24.827375418114293,1053.0452419042529,0.7178001958975843,0.0006063762366824112,0.004012791208862885,0.6962373220274558
2.9000000000000004,20.94482048245991,33.2778233008183,2668.4260391970524,16.9063678024671,25.374672766512692,1078.7105610360861,0.7178004467230215,0.0007048565345664917,0.003913885162657526,0.6962375337228167
3.0,22.743504554330713,35.84018899162232,2777.4098656987203,17.270783023374644,25.851508057030106,1100.327920564525,0.7178007325394862,0.0008079500219525213,0.003796660256856279,0.6962377761608695
3.1,24.58166045970237,38.44559621248575,2888.3591635104135,17.57324418687608,26.24273311816309,1118.1097990758617,0.7178011672386247,0.0008746359246369397,0.0036085338319815706,0.6962382478767241
3.2,26.45206675095788,41.08536840974946,3000.9054870100654,17.809042315926053,26.556945703791556,1132.3078590846137,0.7178011833675153,0.0008445813838184197,0.0034864367805877336,0.6962388904658053
3.3000000000000003,28.347646474163167,43.753832006241936,3114.705556685107,17.985122599333835,26.800911497523952,1143.24025657759,0.7178007844575583,0.0007403499644447771,0.003576440959213719,0.6962389638508529
3.4000000000000004,30.262772583229605,46.44431720844556,3229.4495549939784,18.108456473070706,26.988083204579592,1151.2575132783559,0.7178006065921116,0.0005530632550266953,0.0037417764280772165,0.6962384522605706
3.5,32.19024425259118,49.15063548406069,3344.8626025684352,18.192718710061527,27.128826988330847,1156.584566496694,0.7178002860042918,0.00030613139249521245,0.003953315224637033,0.6962377661362977
3.6,34.07633361526617,51.86752387532459,3460.6840632277967,18.24206005232789,27.206339802900498,1159.4488276577604,0.7178001033242065,-2.578908696298326e-06,0.004150694436962015,0.6962368730516925
3.7,35.96741147556821,54.589832036199596,3576.6771253541538,18.25752453657394,27.228719267515416,1160.0546125592507,0.7178020892283057,-0.0003466033241175601,0.003931945223759353,0.6962360091035025
3.8000000000000003,37.859152662522845,57.311975145927356,3692.6268449094564,18.24466837279509,27.203299057678386,1158.6099198837733,0.7178027343546468,-0.0006512611039658003,0.004014675830812275,0.6962346535399829
3.9000000000000004,39.748898493756926,60.029135677935585,3808.337591816596,18.210638833541363,27.138842196820438,1155.3045708114603,0.7178036268633757,-0.0005559766026082446,0.004182298303283651,0.696232829255202
4.0,41.63439805459519,62.73699575953911,3923.6288724898,18.15066520584222,27.011168478252326,1150.3027862694735,0.7178064981378861,-0.0004542471545322165,0.003861980457898879,0.6962317932969524
4.1000000000000005,43.51346389489947,65.43065309467865,4038.3432981997826,18.076684958206616,26.848577603717423,1143.7740419081981,0.7178093385032842,-0.00034539142408938575,0.0035136334940874775,0.6962307725473725
4.2,45.384255211462396,68.10642400379098,4152.3299421581105,17.988875350212826,26.66247031573279,1135.8719417199884,0.7178111922856727,-0.00022336443432078884,0.0034126965701854494,0.6962294132251741
4.3,47.24584516301584,70.76047988398449,4265.466960559803,17.888239107563574,26.42206633715791,1126.7443781262557,0.7178131323326394,-0.0002965676288089635,0.00330363175758416,0.6962279117614121
4.4,49.09731420316818,73.38995294184089,4377.6411381931075,17.78066094566943,26.156037384319426,1116.59919916992,0.7178152174102244,-0.000462936208441413,0.0031463417030772756,0.69622639987167
4.5,50.93772829426807,75.99213246834412,4488.751639473726,17.663838805650492,25.88050369353614,1105.547384387772,0.7178168010228173,-0.0005291399670230229,0.0029851521846684364,0.6962254297615813
4.6000000000000005,52.76705361364563,78.56456114731193,4598.720182770016,17.54435994102689,25.573419301510263,1093.7183415100146,0.7178184587761771,-0.0006043973219043178,0.0028461757922157082,0.6962242413385437
4.7,54.58474605503482,81.10537522228844,4707.450195396959,17.416928003086223,25.223564459836556,1080.4447701832976,0.7178201762719406,-0.0005110680056288225,0.0026717690293437796,0.6962232364670599
4.800000000000001,56.38953075900094,83.60949189659607,4814.777714213939,17.2782818483994,24.858555275740514,1066.364392004762,0.7178212202267834,-0.0003663464930506481,0.0025613981964472256,0.6962226661217356
4.9,58.182203675153204,86.07756121669442,4920.738861551912,17.151923857667327,24.506769949257237,1052.7101315166412,0.7178224476651683,-0.00022927221707555267,0.0024453537899847824,0.6962218764927448
5.0,59.96330416554744,88.51110196370392,5025.361747569337,17.032710482410916,24.166374855218415,1039.48356204275,0.7178233594310159,-7.445256609559839e-05,0.0023584588312611293,0.6962212699881607
5.1000000000000005,61.733463032044135,90.91117351605129,5128.679190976475,16.91593951861287,23.832143307861486,1026.6608766911631,0.7178237233375812,0.00012530340755161916,0.00233709410973319,0.6962209595408272
5.2,63.49293872985122,93.27837754844346,5230.734699189741,16.810216545740374,23.514398386328963,1014.2158202337445,0.7178234547690041,0.0004022403658106901,0.0023127549424537827,0.6962212127986016
5.300000000000001,65.21096762657756,95.61377137524373,5331.542050032976,16.706597761090006,23.197787836833832,1002.1274854991386,0.7178230204783316,0.000672290169184666,0.0023003563436187866,0.6962214932462123
5.4,66.89107649828733,97.91838348803303,5431.158483728881,16.60942564121326,23.004525498114855,990.3809160834836,0.7178229394463753,0.000920992161650487,0.002273597221098624,0.6962213801181918
5.5,68.56170732669186,100.19197398436376,5529.62626340044,16.52228513314107,22.964923909958824,978.9587865384016,0.7178222837314906,0.0012675915890281346,0.002234957963981938,0.6962216365159661
5.6000000000000005,70.22353434538782,102.43571960707838,5626.978527278879,16.435803665551955,22.90098057140093,967.836285331503,0.7178218142240521,0.0015744797310158786,0.0022020675284730663,0.6962215990159073
5.7,71.8770235978312,104.64954588861136,5723.225188104034,16.357780868478443,22.71263734314439,956.9929714951336,0.7178212911114732,0.00191784252263401,0.0021538842586354017,0.6962214279162318
5.800000000000001,73.52265927040744,106.83422325775055,5818.404409822648,16.284703716905966,22.483997898537535,946.4174019614995,0.717820742725686,0.002240687900677461,0.0021219804988658318,0.6962211271063518
5.9,75.16116656100861,108.98891958263654,5912.537060436654,16.217087250446234,22.23285083895573,936.099817825842,0.7178203266862769,0.0024751692176047603,0.0021098768238897413,0.696220798707665
6.0,76.79284653031964,111.11437470445092,6005.649314790849,16.15556488796628,21.932845437844183,926.0280798545265,0.7178198160640201,0.002768099565045676,0.0021269617460560894,0.6962201701504669
6.1000000000000005,78.41840517934779,113.21022687640031,6097.768199590373,16.09744318117184,21.633401160244677,916.1934356396621,0.7178194453214056,0.0030013109399260776,0.0021877978745755704,0.6962193975978918
6.2,80.03819518620682,115.27666811860018,6188.913073620004,16.04606612627031,21.32964352873556,906.587146511171,0.7178190610572028,0.003279173914829407,0.002180601949808601,0.6962185630795323
6.300000000000001,81.64516451072411,117.3140475927778,6279.107907689362,15.992646740416461,21.04164575710334,897.1971027810118,0.7178191475905421,0.003330958937361858,0.002189408414899182,0.6962182003910398
6.4,83.24226080337301,119.32247965780654,6368.376354900462,15.948504064170049,20.741011623435693,888.014035949987,0.7178194413649617,0.0033605289294388677,0.002146160750251686,0.6962178900587394
6.5,84.8347541851678,121.30243141986406,6456.736935650524,15.903765822352112,20.45245417542952,879.0303046612663,0.7178199052122799,0.003323055596269088,0.0019894268605868868,0.6962180571942271
6.6000000000000005,86.42309994264014,123.25382824315356,6544.208469951061,15.862065889978423,20.164303847893187,870.239013117052,0.7178204736572228,0.0033828294085289476,0.0017310682188537688,0.6962178735615274
6.7,88.00739400843746,125.17736002490936,6630.810503118264,15.825084015062107,19.87929533947806,861.6336234690867,0.7178210645142011,0.0033518980056567458,0.0015107327753604413,0.6962179269495581
6.800000000000001,89.58812747402784,127.07431815802425,6716.559009517656,15.829038106430538,19.61583543285064,853.2053520078719,0.7178209543798967,0.003446789130392566,0.0017096902816776613,0.6962171170381878
6.9,91.16543457766126,128.94445756105424,6801.471008085752,15.84875862609977,19.345387862733347,844.9471581281873,0.7178212628850843,0.003481515283327106,0.0016799942153777722,0.6962166984645163
7.0,92.73967285282437,130.7894061656594,6885.563378116304,15.870601011716433,19.08626779105782,836.8551075696004,0.7178213932133377,0.0035415609771448082,0.0018199644017865301,0.6962159094136562
7.1000000000000005,94.31108054430133,132.60896223420224,6968.856066993843,15.856586995715967,18.838477789166443,828.923097928291,0.7178215933124208,0.0036052941996631204,0.0018167616337174195,0.6962153843497842
7.2,95.87991057319734,134.4045848278511,7051.365081801167,15.803573550912995,18.589771579138272,821.1486431318735,0.7178218875881562,0.0036454992123433885,0.0018972550753048466,0.6962146568825224
7.300000000000001,97.4464217180996,136.17579785641806,7133.099547086064,15.693206258239258,18.346248634648763,813.5232224820926,0.7178212777908795,0.003794351101159602,0.0020414729804048475,0.6962140823327696
7.4,99.01080999434612,137.9357072685106,7214.079859130367,15.634109257838361,18.109829561253974,806.0425992501981,0.7178211301676951,0.003871762789007882,0.002146572557423303,0.6962134922306047
7.5,100.57333297967965,140.4046985345648,7294.319044972941,15.616566848946986,17.876874817815317,798.701808621422,0.7178204484593255,0.004019723032266584,0.0023188161955694994,0.696212804171144
7.6000000000000005,102.13418025580357,142.87681271892475,7373.817454460007,15.60091507042991,17.646043872620577,791.4981182298017,0.7178203550826237,0.0041094086592096185,0.002397043581328529,0.6962121119110161
7.7,103.6935894199594,145.35165947106097,7452.617614173547,15.587465921984254,17.421612826870263,784.426080196856,0.7178198830609807,0.004241835194348684,0.0024949808464734156,0.6962114602526159
7.800000000000001,105.25170032859644,147.82811648983318,7530.678932283245,15.574250015033927,17.195904334914623,777.4847740849726,0.7178196958499162,0.004349239988780961,0.0025511895613100732,0.6962107868981031
7.9,106.80848938236275,150.3081589528713,7608.064854622395,15.563011111270416,16.9769025255653,770.6652797973056,0.7178188785552129,0.004482047724021922,0.002599205133997637,0.6962106096366295
8.0,108.3643081940739,152.53705221175215,7684.737143155884,15.552645770186079,16.75703984724761,763.964335659569,0.71781844580047,0.0046004394202398945,0.002651825726855024,0.6962100851367011
8.1,109.91908556797854,154.37191308915317,7760.681006006332,15.543739444741398,16.54322386569756,757.3795355936129,0.7178177549073939,0.004726578590689831,0.002699239707361114,0.6962097703275479
8.200000000000001,111.47305173918923,156.19047811913677,7836.080274870078,15.535297730530116,16.328226152563275,750.9075259583886,0.717817174374518,0.004850590632789486,0.0027517030500200054,0.6962093105337074
8.3,113.02620546815876,157.99287748091683,7910.847121151003,15.528225821583419,16.119007840674374,744.5467206217385,0.7178165602521557,0.004974000034477383,0.0027997014357782836,0.6962088816032805
8.4,114.57870911336629,159.77936607794456,7984.986892433679,15.521811401682195,15.909029029673146,738.2927812029681,0.7178158698783117,0.005097870633879315,0.0028489616098826796,0.6962084975663456
8.5,116.13063024994601,161.55022417050012,8058.503391088185,15.516837758769228,15.704401264993976,732.1422046420537,0.7178155789736073,0.005171567769595886,0.002838894631231243,0.6962082950862207
8.6,117.68207482706102,163.1843329445494,8131.409622192702,15.512157593725027,15.498992368773374,726.0910391643081,0.7178150233550883,0.0052759435383638266,0.0028592420264188056,0.6962080015344181
8.700000000000001,119.23311693940927,164.72415583666668,8203.715001282824,15.508893789714847,15.298558153290019,720.1375795488767,0.7178148950717889,0.005351729742041974,0.0027801389993722904,0.6962078757303664
8.8,120.78386744889508,166.24394163978351,8275.431156219645,15.506236773430123,15.097696511129787,714.2792069204647,0.7178143517784378,0.0054538135585025654,0.0027657787550055073,0.6962077008813164
8.9,122.33440356656922,167.74387390538791,8346.564390081818,15.501434976929357,14.901330701085975,708.5137744638484,0.7178141915506681,0.005534221330764722,0.0026868640565016456,0.6962075405827383
9.0,123.88480334851073,169.2241609757371,8417.126793544123,15.486407909254204,14.704916062727904,702.8387395002485,0.71781365277631,0.005631082892884768,0.0026674576634988976,0.6962073940019583
9.1,125.43515649471934,170.6850836280741,8487.125489279179,15.472526729281368,14.51449718730501,697.2520558019519,0.7178134610602613,0.005718881154727999,0.0025945259373067906,0.696207151610918
9.200000000000001,126.98556113231633,172.12747083945897,8556.57075627079,15.459902640805884,14.331284660697552,691.7486050642813,0.7178143574190983,0.005833138706234896,0.0026197743363422627,0.6962051849550299
9.3,128.5360670604539,173.5510215806681,8625.467664049087,15.445556873336017,14.142883360516008,686.3253036727294,0.7178148645663728,0.00593666097553144,0.0025684887190450473,0.6962039781053551
9.4,130.08677561692224,174.95657520970144,8693.824991063846,15.434112146901786,13.96762575136132,680.9803796050267,0.717815674048817,0.00604252040059134,0.0025585282727808648,0.6962022694376457
9.5,131.63774855462682,176.34429286617416,8761.65263483507,15.420723080182645,13.786808231151475,675.7126370912571,0.7178162720777089,0.006155214442641166,0.002484441147815504,0.6962009339463778
9.600000000000001,133.1890667705503,177.71449820520513,8828.959824577218,15.410254656407895,13.61891061400109,670.5203254981335,0.7178171312384004,0.0062530881746773286,0.0023740845513104225,0.6961995609819759
9.700000000000001,134.74079370427367,179.0677518557876,8895.751812205097,15.397931690096309,13.446088352210054,665.4016127144663,0.7178177987585534,0.00637255343338374,0.0022898777538836314,0.6961980715342697
9.8,136.2930116006665,180.40421725616838,8962.029575976354,15.3881641655522,13.284393292408993,660.355671267086,0.7178184702557286,0.0064681085171715905,0.0021922903194383533,0.6961968121121291
9.9,137.8458176551929,181.7245316288594,9027.81375058236,15.379152486404637,13.124317270385248,655.3801434443736,0.7178194476915376,0.0065957151639547615,0.0020500527465699765,0.6961950404455838
10.0,139.39957454674195,183.02944231399465,9093.09937309289,15.36689256182481,12.973547790899309,650.473540656623,0.7178217708122192,0.006741418804068411,0.001708634861860258,0.6961921711621203
10.100000000000001,140.9540459258079,184.3190178429537,9157.898712374497,15.382697896372754,12.824352450949824,645.6339016750501,0.7178235965864885,0.006837684315126095,0.0014462814843382266,0.6961899442872705
10.200000000000001,142.5096370973008,185.5939116175388,9222.216061970217,15.446361231678653,12.806575145945153,640.8602982428462,0.7178252902928848,0.0069847718232780315,0.0010839092325344653,0.6961873962657528
10.3,144.06629272012088,186.85463766922544,9286.059795066009,15.48792408965311,12.786757110587352,636.151102585743,0.7178272732728165,0.007086493602304026,0.000762033155628534,0.6961847503785237
10.4,145.62424615497324,188.101541947876,9349.43727854139,15.486152944417329,12.77054875446726,631.5056117715308,0.7178284894770101,0.007222150887289593,0.000453053107526378,0.6961823719217524
10.5,147.16979369281103,189.33535839299427,9412.35071346029,15.48530322476121,12.75206927017127,626.9219265720253,0.7178303544055867,0.0073430284489625925,9.309073911399404e-05,0.6961793257209394
10.600000000000001,148.67151140512988,190.55617048266612,9474.80981691059,15.472033571030563,12.736460634543393,622.3996181665987,0.7178313636011383,0.00745854833298004,2.447358239344607e-05,0.6961770628858284
10.700000000000001,150.17373794817777,191.76484058182112,9536.821630968147,15.445301520229737,12.720035676531442,617.936832596341,0.7178329766729122,0.007598617017889968,-6.585118385214605e-05,0.6961738822190496
10.8,151.6154201610147,192.96135192866183,9598.388038779285,15.410942148397401,12.706709674808964,613.5317187674866,0.7178337091295063,0.007696048657457179,-0.0001807110011075907,0.6961720363645552
10.9,152.90332756973805,194.14633701289617,9659.516583320581,15.377511587226948,12.694162299496881,609.1819091696052,0.7178337298198294,0.007830532747917094,-0.0004199770062432858,0.6961704121184339
11.0,154.18757470964212,195.3201634706741,9720.212121936775,15.345051589808692,12.679386579671833,604.8862281846821,0.7178344719004665,0.007939999069795322,-0.0005358220413539332,0.6961683275335714
11.100000000000001,155.4682975561854,196.48313535865037,9780.49728726244,15.305839175287778,12.671418257749469,600.6432534260081,0.7178345972359167,0.008059301243341508,-0.00044062892968988143,0.696166894157403
11.200000000000001,157.1624507557382,197.63573622381347,9840.362336628006,15.307626148515693,12.658072229410056,596.4527199488365,0.7178352256357391,0.008185126682856344,-0.0003772919093812463,0.6961648153910742
11.3,159.01178975799715,198.77804247949203,9899.81084460722,15.299472165259253,12.651806875603917,592.312910914778,0.7178354929438568,0.008292986397928036,-0.00029809996905798497,0.6961633016635265
11.4,160.86879703962435,199.91067317204363,9958.850236770913,15.290290973346728,12.642287957467067,588.2229529857149,0.7178358863849907,0.00842479586568964,-0.00025703724825975954,0.696161329696177
11.5,162.7335180902292,201.03381739659767,10017.480793568495,15.282038683827663,12.635944557976577,584.1831099105198,0.7178362733427288,0.008536148060043505,-0.00024380552358223913,0.6961595789821374
11.600000000000001,164.42184173508542,202.14778923645105,10075.710836729631,15.274529816593374,12.63057233829059,580.1921232528958,0.7178364864194876,0.008658312501913823,-0.0002599973125860475,0.6961578447384914
11.700000000000001,166.03353961452618,203.25297714764463,10133.545085616994,15.267909965434388,12.624653822200665,576.2488104650341,0.7178369505299641,0.00878256216848243,-0.0002497172723786902,0.6961558135194179
11.8,167.61747238892323,204.349380190974,10190.98555910929,15.261643229339398,12.620225147190583,572.3524734670482,0.7178370579968343,0.008847396324900489,-0.0002499187817754705,0.6961548816788705
11.9,169.20344417668895,205.43685890153665,10248.039459343534,15.25581992600031,12.614555083827039,568.5012857896108,0.7178366414234745,0.008817585645371852,-0.0002550253361136601,0.6961556875982057
12.0,170.79166271708047,206.51634800046662,10304.710423754033,15.251656039171456,12.613213200144868,564.6949041643078,0.7178366632706247,0.008873561335165212,-0.00023555477237815448,0.6961549606859642
12.100000000000001,172.38196339277573,207.5874300902439,10361.001889129317,15.246835985804893,12.607922575452486,560.931820021702,0.7178366650186208,0.008842943844285864,-0.00024889637233981927,0.6961553438347701
12.200000000000001,173.97440055211206,208.6503665315584,10416.921225276215,15.24341480013466,12.606296900561098,557.2117767812679,0.7178367116423027,0.00881361632121156,-0.00023298773056400717,0.6961556731813836
12.3,175.56900031321518,209.7056112638852,10472.468686068481,15.24038076336835,12.603897748114758,553.5341908582335,0.7178370496474586,0.008795333842724015,-0.00023146540048311863,0.6961555563807525
12.4,177.14153368315283,210.7527354024593,10527.651157870276,15.237331253021445,12.600703454705311,549.898221961277,0.7178369363436593,0.00875951028082736,-0.00024130415950564458,0.6961561215508286
12.5,178.70123942888216,211.79229273761058,10582.473056435254,15.235672994352088,12.600621767012466,546.3031881997542,0.7178372916223457,0.008738682389184975,-0.00021250782989400504,0.6961560263524396
12.600000000000001,180.2628193664797,212.82427869603515,10636.93742451271,15.233779149590145,12.597745697888852,542.748606402271,0.7178372911454729,0.008712830229440038,-0.00023335773922849494,0.696156344203289
12.700000000000001,181.82632124860902,213.84863325697012,10691.04956660161,15.23253350708876,12.59746647057459,539.2339456665367,0.7178374218497807,0.008680883761555683,-0.00021818063706036497,0.6961566134472816
12.8,183.3917842772227,214.86588122456155,10744.810300097726,15.2322141852844,12.596968744537037,535.7580224151206,0.7178376731254325,0.008662998054408937,-0.00020911457180981132,0.6961565799284452
12.9,184.9592590459067,215.87568261868088,10798.223967626593,15.231551616558685,12.631739123337654,532.3207795216427,0.7178376324101314,0.008628382233332097,-0.00022311888915107236,0.6961570474640144
13.0,186.52882030755399,216.87888934499253,10851.29947488185,15.228880683855433,12.712861364839378,528.9196815348924,0.7178386318655366,0.00857325683838287,-0.00014871819521226537,0.6961567178096438
13.100000000000001,188.10051290741356,217.8756274807676,10904.034618616788,15.266236610172191,12.774687118464026,525.5545577991685,0.7178400583660806,0.008501986731687412,-9.665822786660346e-05,0.6961561301057279
13.200000000000001,189.67432131158714,218.86526674233446,10956.43504545871,15.347991723420472,12.863312424962656,522.2242907858464,0.7178404106195237,0.00845641403806197,-7.998085044209957e-05,0.6961563240725994
13.3,191.2503837833749,219.8491092511866,11008.503612629851,15.426884838547785,12.842589224524838,518.9299151239217,0.7178418568199347,0.008389644868319042,4.1253573052428595e-06,0.6961556452685516
13.4,192.82868617143802,220.82672775924985,11060.246549396641,15.507045294471384,12.814678313496918,515.6696668247416,0.7178429182045474,0.00833095031782665,3.4312693801179674e-05,0.6961552548627501
13.5,194.40925682299005,221.7982334422542,11111.66380315105,15.583251121901688,12.803402915254555,512.4431184677763,0.7178435142458695,0.008277476217281117,7.30925330890913e-05,0.6961552751362975
13.600000000000001,195.99220922733588,222.76455059884316,11162.759681291194,15.658892542947347,12.850517649364898,509.2494238533605,0.7178450262324904,0.00821051422630695,0.0001476423432886676,0.6961544971995465
13.700000000000001,197.57753138033019,223.7250417843029,11213.536807577082,15.734515138132076,12.903421046033886,506.088257861189,0.7178458263710226,0.008157590457641879,0.00017158461617257657,0.6961542888170327
13.8,199.16527072662905,224.68042396091613,11264.000217460187,15.772190252555701,12.947783830328737,502.95930011696896,0.7178467982452124,0.008096961233709489,0.00022610868112885266,0.696153978903189
13.9,200.7554995502065,225.6309271950835,11314.15367495584,15.759373277140828,12.98934827341339,499.86174702227794,0.7178482089201493,0.008035490033318786,0.00021373052080741952,0.6961532404358415
14.0,202.34816222236205,226.57625094121138,11363.99776849644,15.72931185589894,13.032767560808283,496.7956433673027,0.7178489546938995,0.00798100766703193,0.0001887898246278823,0.6961531053725873
14.100000000000001,203.94341120793666,227.51720217378934,11413.535862350196,15.70091733033365,13.068402542055034,493.7595944673754,0.7178502069143116,0.007917699086806894,0.00016264835752589977,0.6961525436423851
14.200000000000001,205.54121446987676,228.4536429783615,11462.772938118367,15.672320778940486,13.104201633018338,490.7541823268067,0.7178514889226887,0.00786055975219261,-3.122385723581316e-05,0.6961518875051135
14.3,207.14155424184165,229.3855169004066,11511.710811004772,15.647857080045389,13.136936849009015,487.77789768288363,0.7178525836717534,0.007782016782681442,-0.000250369261129648,0.6961515967415539
14.4,208.74423815213584,230.31292228784298,11560.351085625665,15.62410227822627,13.160627250199447,484.8300476350209,0.717854948606371,0.007594180857913171,-0.0006011379308341313,0.696151017963509
14.5,210.34952797656504,231.23628705141314,11608.699290011125,15.598105236219073,13.19065784014433,481.9099497919907,0.717856552035489,0.007452820520113376,-0.0008555781924917907,0.6961506260515542
14.600000000000001,211.95745361498388,232.15556017379387,11656.75592639622,15.577668457275985,13.214014279638658,479.0172977750311,0.7178577573518473,0.00735984542432441,-0.0010987620138849406,0.6961500309611021
14.700000000000001,213.56769731207922,233.07068855593803,11704.526094162915,15.557982226332053,13.230502847107957,476.15167471456743,0.7178599421828131,0.007171541579758523,-0.0014423348794385996,0.6961491162608436
14.8,215.18051978628108,233.9820042115566,11752.008968036978,15.536430924130975,13.251341980563863,473.3128664105843,0.7178613515815263,0.007037370742983298,-0.0016961088472007696,0.6961484601242385
14.9,216.79587582577278,234.8894316288288,11799.21046854523,15.519718246544741,13.265545092259197,470.5002693957854,0.7178625446183764,0.0069360393267232975,-0.0019439437300058078,0.6961475989151025
15.0,218.4134974634618,235.7929606905208,11846.129015618226,15.503943815183304,13.274490361902304,467.71362949560665,0.7178643424990864,0.006845710120552836,-0.0021209927696529012,0.6961461221690248
15.100000000000001,220.03367331381995,236.69288391547653,11892.774073917866,15.486551719052256,13.286769442137183,464.95250092342343,0.7178653005970165,0.006930982555889772,-0.0019317701876907852,0.6961448412101515
15.200000000000001,221.65628659444346,237.58909339188486,11939.141914371974,15.47345588938989,13.29271887320739,462.21664571018437,0.7178663920549595,0.006983301795206942,-0.0017397610840072396,0.6961436991637596
15.3,223.2811599477074,238.4816731208385,11985.233134376162,15.461353855420283,13.294614536890943,459.50555527983437,0.7178684821679083,0.006986246553467891,-0.0014212278534539776,0.696142237463312
15.4,224.90850517054278,239.3708218020094,12031.054020071282,15.444903141682733,13.298976005494517,456.81873721115954,0.7178694446462527,0.007063307735238876,-0.0012228546983469799,0.6961408440491799
15.5,226.5382078663395,240.2564849617763,12076.606576980326,15.429332759274029,13.297707167292431,454.1563849710309,0.7178710801663962,0.007007442178562623,-0.001024266273287912,0.6961400425872993
15.600000000000001,228.17019792312084,241.13868712663924,12121.893674378705,15.510052863468369,13.29246671182411,451.51754318676564,0.71787481433619,0.0066664293284480714,-0.0007174057956749494,0.6961399248647602
15.700000000000001,229.80451458220614,242.01769426367488,12166.917306626865,15.605958678672769,13.289675636916728,448.9024122487106,0.7178760158815485,0.006702521560923712,-0.0005059947932498275,0.6961385250049226
15.8,231.44117412010675,242.8934025215455,12211.685345792754,15.695445833390593,13.282121378005275,446.3100530917162,0.7178762822134686,0.0069046924333518315,-0.00031095333921765287,0.6961363889108154
15.9,233.079994603879,243.76591913182875,12256.192135587096,15.775595640796412,13.272268174082072,443.74031047038926,0.7178772447071312,0.007031420512441697,-0.00018664388835424887,0.6961341722838593
16.0,234.72129085203562,244.63561235842934,12300.441898878475,15.852115636972597,13.280098595436167,441.1923132414605,0.7178793905010955,0.006722333293248003,-0.00029689959138168005,0.6961349745412184
16.1,236.36495558695782,245.50228871060483,12344.439677451935,15.94247868518614,13.270971590271738,438.665957424525,0.7178805820531424,0.006606742236177705,-0.0008334468903297659,0.6961344167862608
16.2,238.01071972905564,246.36589527588362,12388.184107774421,16.01708961568781,13.25303769973319,436.16059897538076,0.7178822173971656,0.006615767185781739,-0.0006377500274868142,0.6961328514330973
16.3,239.65886911608854,247.22688985976959,12431.681357284542,16.08151447302456,13.255817250612445,433.6760620065145,0.7178841944390868,0.006358228805449902,-0.0006488760930352451,0.6961332022399283
16.400000000000002,241.30942219581826,248.0852382578406,12474.928259079052,16.148175524126977,13.252355788631377,431.21229780071593,0.717885503136619,0.006173600578345312,-0.001067055843251734,0.6961329990985987
16.5,242.96218011701538,248.94079546049622,12517.932649110573,16.16498710638389,13.23729681177478,428.76865064244805,0.7178870402319353,0.0061565580290414415,-0.001040339442008951,0.6961316053406225
16.6,244.617195953478,249.7939212121469,12560.691550709207,16.162008701900685,13.23639488996206,426.34512476704674,0.7178883511536998,0.00607838896753692,-0.0010261838487508551,0.6961309613945424
16.7,246.2746316953223,250.6447198378718,12603.210793926039,16.20954862687369,13.236934661282543,423.94156936694907,0.7178881974565107,0.006217050163497936,-0.0012904770939748962,0.6961294555675521
16.8,247.93430867856935,251.49305222565314,12645.490154089608,16.205042396571574,13.225683712772945,421.5573552010687,0.7178889957608238,0.006282670604868426,-0.001423260936729438,0.6961277843498942
16.900000000000002,249.59627533193787,252.3391129995831,12687.53047249971,16.194491339824822,13.221654791486813,419.1923514231366,0.7178897544541827,0.006362450098877993,-0.0014184700815160012,0.6961262871211519
17.0,251.26065584742312,253.18310807472363,12729.336671255676,16.191319583153753,13.224246297751336,416.8464472699427,0.7178896000942702,0.006493559166897984,-0.0016147825727790709,0.696124807949751
17.1,252.92728281588958,254.02495619867864,12770.911125874132,16.205356269544946,13.217674617017083,414.5193004890962,0.717890735251475,0.006434711032574519,-0.001768348694763489,0.6961238105947227
17.2,254.59621372339242,254.86472612908724,12812.250085546157,16.213637777499624,13.211668279112498,412.2107557918386,0.7178922778118917,0.006366969265549549,-0.0017026119797557107,0.6961230065677126
17.3,256.2674623999542,255.70262203319874,12853.361118533769,16.220922059368622,13.214053440519159,409.9201424441573,0.7178934848864766,0.0062858349800823405,-0.0016775788746542413,0.6961225598738146
17.400000000000002,257.9410564514223,256.53864270786073,12894.243765439143,16.232458339198594,13.21247557802121,407.64765230769865,0.7178943545491483,0.006216600703937925,-0.0018862597281389913,0.6961217505626351
17.5,259.61691182854753,257.3728412175221,12934.899146972974,16.24090740723646,13.206639114987011,405.3930626298688,0.7178957028759451,0.006156791787566768,-0.0019195010843686168,0.6961208007398747
17.6,261.2950886422688,258.20531800143476,12975.330999553478,16.245795273108186,13.20696806700873,403.15597068705745,0.7178970074461244,0.0060806703483453975,-0.0019046340474711387,0.696120165285534
17.7,262.97556415620284,259.0361992765173,13015.539371267836,16.253791570966282,13.208926768536065,400.9362150779655,0.7178977764738314,0.006002816606808568,-0.002104638267160209,0.6961194719475087
17.8,264.65834604305394,259.8654471331304,13055.526055270782,16.262184473391528,13.205667157629186,398.73353187253053,0.7178987865705007,0.005939418268232555,-0.0022555073195802884,0.6961185015771159
17.900000000000002,266.34321899421167,260.69274312771006,13095.289719269074,16.265351283433027,13.20592771866571,396.5482266324445,0.7178991992536301,0.005839983187772697,-0.002265700238487843,0.6961188841784086
18.0,268.02962653165525,261.51776240646905,13134.83960780534,16.268480679763208,13.2143924213055,394.3800697434961,0.7178974146441097,0.005671528274458086,-0.00263349978584012,0.6961208232004076
18.1,269.7181750508585,262.34139950389175,13174.169781864,16.275571560030308,13.2181945939211,392.22930509198306,0.71789664010451,0.005534436556936105,-0.0029127925538715853,0.6961216127791113
18.2,271.4091244430732,263.1636934037366,13213.286069147034,16.27987714268807,13.216616759368074,390.09510267279524,0.7178966619268404,0.005608539037332129,-0.0030281698583747184,0.6961205048491785
18.3,273.10166447255665,263.9837636584531,13252.191746447366,16.274740476194918,13.222490247469052,387.9772472971232,0.7178956327811064,0.005601580063661841,-0.003166923721902686,0.6961210048035794
18.400000000000002,274.79564595708126,264.8017790736217,13290.884182651509,16.27302868211749,13.233511719987408,385.8760898500828,0.7178922313447067,0.0059924081386061815,-0.003310024575259039,0.6961205922517518
18.5,276.4915863705006,265.61837346512687,13329.369971146163,16.272854514122326,13.238987537195062,383.7908385203258,0.7178908789575943,0.006290809022231432,-0.0032743775081284223,0.6961195228430765
18.6,278.189285420473,266.4331067978909,13367.645504383661,16.26685122621847,13.244075526788595,381.72135861723757,0.7178917261549838,0.0061899767604127786,-0.003171969588350899,0.6961200272329866
18.7,279.8881658310927,267.24547291340707,13405.717303420095,16.26020030465203,13.256303453531514,379.6674341205691,0.7178931261049737,0.005850194629669244,-0.002752936254865769,0.6961233052096445
18.8,281.5883967671576,268.0559032682839,13443.582023973497,16.257801069391103,13.269471102256672,377.62916474287056,0.7178940559615511,0.005588645433125365,-0.0023374205408165766,0.6961260143986228
18.900000000000002,283.29020813557526,268.8646839934201,13481.246566372723,16.25413734525277,13.278485323745759,375.6059500687104,0.7178945463204912,0.005516844020012295,-0.002236769849398289,0.6961264121235423
19.0,284.99327354185266,269.67127834150347,13518.705935943555,16.246063309049685,13.289702747588576,373.59753906344355,0.7178954516818105,0.00532823548307152,-0.002017275369684141,0.6961276183009042
19.1,286.6972895259215,270.47549727910103,13555.967658049816,16.23925107525538,13.305965218233757,371.6038763081739,0.7178960489689826,0.004995851902599034,-0.0018721124083893126,0.6961298726054083
19.200000000000003,288.352086704038,271.2777810489689,13593.031229285278,16.235336982266492,13.321572381434226,369.6250141563387,0.7178966123876716,0.004795133721522036,-0.0015783512618143694,0.6961314311408388
19.3,289.9970126879324,272.0781459864468,13629.896587063795,16.228958557113454,13.33486526419698,367.66031271202934,0.7178972688738412,0.004699350241468074,-0.001212791532337021,0.6961321401770549
19.400000000000002,291.64232129860284,272.8761754703345,13666.56752235107,16.219641943873985,13.350809435255181,365.7094937131358,0.7178980403435247,0.004465405101550969,-0.000755505220807662,0.6961335310413278
19.5,293.28790612147395,273.67179413225676,13703.042664614512,16.21233061462191,13.370228839171407,363.7729636109427,0.7178985204812534,0.004158994227101672,-0.0006398311363122041,0.6961350498818196
19.6,294.93382369035714,274.46540325460444,13739.32589981577,16.20648000023093,13.38859385469697,361.8500049097604,0.7178987129709535,0.00398018229179244,-0.0005906198084156459,0.6961359401954582
19.700000000000003,296.580133853746,275.25693806188406,13775.414137437378,16.198093118531528,13.40571821719382,359.94057117613283,0.7178988739077752,0.0038586626354174982,-0.0005840710191576582,0.696136463939118
19.8,298.2265771932216,276.0459629337678,13811.315009380143,16.188298524387495,13.425524986376566,358.04448216827245,0.7178992194478131,0.0036427096899042184,-0.0005994009142268521,0.6961372580898681
19.900000000000002,299.80090799220477,276.8325780498008,13847.026353238614,16.179815238519264,13.447671425331796,356.16154427967524,0.717899281220743,0.003512378241613256,-0.0004943341948630492,0.6961379467142502
20.0,301.2339290527378,277.61708232089524,13882.550092758496,16.172033687686234,13.46893139945666,354.2914339265899,0.7178993537291305,0.0034058384060089895,-0.00031349905520987217,0.6961385062603499
20.1,302.6647753505067,278.3993420250865,13917.88873260595,16.16246791407051,13.489671656060011,352.4343825016727,0.7178994355975142,0.003300586363989996,-0.0001915962277699311,0.696138973042962
20.200000000000003,304.0935601468369,279.1790653259495,13953.03993991236,16.151837118779714,13.512434343049435,350.58983611597245,0.7178995235582375,0.0031722011665324093,-1.9482969301097734e-05,0.6961395052969114
20.3,305.52022384876,279.9563243269497,13988.011087816602,16.142347161598597,13.5367831690577,348.7574801444711,0.717899641754396,0.0030425828509379237,0.00021148954839762558,0.6961399301366614
20.400000000000002,306.9447449334296,280.7314135167348,14022.797353110902,16.13362269089651,13.560908621696084,346.9370351348388,0.7178992348064027,0.002950704059240026,0.0003495597528337391,0.6961406896726519
20.5,308.3672025508104,281.5045756116279,14057.400456222254,16.124044215532507,13.578703766026742,345.1275907424117,0.7178976692411253,0.0029215698043415475,0.0002254579074812872,0.6961424783022296
20.6,309.787772844409,282.2755539380642,14091.825870130708,16.11269004127582,13.595561559897494,343.32910807711306,0.7178963013708559,0.002892070820436524,4.942166357181265e-05,0.6961440468480025
20.700000000000003,311.20628696431595,283.04388394492605,14126.07078596402,16.101550168294477,13.62033407232804,341.54145821965545,0.7178959828677676,0.00280231460836881,0.00010541446023103092,0.6961447361741301
20.8,312.6226209160575,283.8098085830376,14160.136312636037,16.09178978109884,13.647800585874245,339.76434453209623,0.7178956048627342,0.0027019940748828053,0.00024361460514126293,0.696145487954
20.900000000000002,314.0368989010539,284.5738129850397,14194.024819823391,16.08171507153473,13.66853792059303,337.99771402351996,0.7178943216948753,0.0026535874712053627,0.0001780332454857997,0.6961470172714604
21.0,315.4493401163648,285.33583451301365,14227.734244840056,16.070119213464526,13.684859266799613,336.2412843984673,0.7178928702658409,0.00262693385099779,9.920942804049229e-06,0.6961486378221177
21.1,316.91161918111726,286.0954241703377,14261.268373378829,16.05830775426438,13.705955412687377,334.4955505673425,0.7178922206846613,0.002559056879937789,-2.0066202720179226e-06,0.6961495605861606
21.200000000000003,318.83501619478153,286.8526878474233,14294.629686249264,16.047617122588573,13.727114272438788,332.76047629964006,0.7178917829479284,0.002459496227592108,0.00012346527502631144,0.6961503599154977
21.3,320.75853636865935,287.6080644515199,14327.815534545445,16.03710751017285,13.739133075909427,331.0358008261643,0.7178907877458338,0.0023860696981936763,0.00011861849049618034,0.696151642582789
21.400000000000002,322.6822093811083,288.3615395072864,14360.830198332516,16.025419051053724,13.746112408147086,329.3215702925666,0.7178893499072281,0.002353431643745147,5.210662027570846e-05,0.6961532445763475
21.5,324.60588809195355,289.1128316902978,14393.67610301204,16.013086537945753,13.757975827884646,327.61771418050876,0.7178883376380343,0.0023068430335503416,0.00014970295406687892,0.6961544302434222
21.6,326.5294697871447,289.8619291417451,14426.352270576102,16.00148963590876,13.774098974348655,325.9237876163015,0.717887794719265,0.0022161026354395063,0.00017512562549299032,0.6961552789523575
21.700000000000003,328.45304733053996,290.6091069316416,14458.854904340405,15.990491661568457,13.77946774766443,324.2399394390439,0.7178869482926866,0.0021238891051670473,0.0002214064367304727,0.6961564260604598
21.8,330.3766775896901,291.3545152540242,14491.194406173867,15.97876684865875,13.779893354879652,322.5657283335563,0.7178855996593645,0.0020473003391769697,0.00033370999372203534,0.6961580014627973
21.900000000000002,332.30025389427067,292.0979975157861,14523.364655106985,15.966185605118119,13.780927252226613,320.90135286857634,0.7178845174358823,0.0018876253440719983,0.00044709277696090285,0.6961595051455232
22.0,334.22364964643816,292.8393414491673,14555.36911063919,15.95385665458574,13.785907807573203,319.2465038116918,0.7178837767824774,0.001730547184782727,0.000485537096195779,0.6961606513533319
22.1,336.1469053565443,293.5788111832065,14587.20996001765,15.94213739492334,13.791497268561624,317.6010624394494,0.7178830066814694,0.0016149249686497778,0.0004936760074189555,0.696161717576684
22.200000000000003,338.0701105071732,294.3165276267294,14618.88579822531,15.930310770975236,13.793558360963479,315.96470798084573,0.717881924197289,0.0015090670754069858,0.0005198878761742045,0.6961630522686161
22.3,339.9932197031434,295.05248674800396,14650.396974356776,15.917819808568865,13.793446912801807,314.3377272475602,0.7178807342312469,0.001365252957534684,0.0005031821647464435,0.696164588521764
22.400000000000002,341.9161067908148,295.7865914630306,14681.74698414156,15.90501256361401,13.795395425077386,312.7197711617234,0.7178796517457837,0.0011974665859565987,0.0006078696352662183,0.6961659300609548
22.5,343.83873008575995,296.5187807129475,14712.936602162457,15.89251691180605,13.799861130342522,311.1108270269794,0.7178786506066512,0.0010561402641942649,0.0007259143319528865,0.6961670780921048
22.6,345.76116224923874,297.24923251425616,14743.966168368523,15.880336929234655,13.803394821654335,309.5103700152531,0.7178775522119721,0.0009488014358579314,0.0008222272702258347,0.6961682582165741
22.700000000000003,347.6834374626627,297.9780431001142,14774.836432446202,15.867910424045764,13.803992952748699,307.91801702962834,0.7178762742960277,0.0008293923178071657,0.000955003568368605,0.6961695590008384
22.8,349.605501054188,298.7051682696677,14805.545330694616,15.855042534631195,13.803673492692472,306.33576049893173,0.7178749657988883,0.0006729821230317299,0.0011286842704576249,0.6961708171462839
22.900000000000002,351.5272452357462,299.4305462133139,14836.096703806024,15.842122617595374,13.805467162559292,304.76693237979663,0.7178737169731555,0.0006074596881607106,0.0012881877999364572,0.6961718882891388
23.0,353.35501371420406,300.1542424689888,14866.493175880425,15.829540400718479,13.808859184265813,303.21143278575414,0.7178723524599235,0.0007807704955054873,0.001401908148923602,0.696172902822733
23.1,355.12832207340944,300.87633785950135,14896.735474475294,15.817205688895548,13.811026807720605,301.66894145439744,0.7178708606578377,0.000904460441500087,0.0015060174427149972,0.6961740739794521
23.200000000000003,356.9014160387702,301.59693309229647,14926.82501956076,15.804783404349118,13.810759802649935,300.138472761136,0.7178693151727861,0.000962101073965361,0.0016466956073613813,0.6961752718162685
23.3,358.6179349439685,302.3160494265102,14956.76287434193,15.79206764374106,13.810185816393618,298.62013912977943,0.7178678403805886,0.0010239290548886178,0.0018188600934259688,0.696176275855879
23.400000000000002,360.3280705786936,303.0335882860407,14986.545230501268,15.779298715352189,13.811292384200424,297.11381206904827,0.7178663850913398,0.0011443521761444766,0.0019762564114727387,0.6961771599417674
23.5,362.0377290920888,303.74954429952356,15016.178144775837,15.766804036418335,13.813613740569648,295.61911180280026,0.7178647912668954,0.0013030756913562863,0.0020975540126279514,0.6961781695228914
23.6,363.74695775670955,304.4641303362417,15045.661536385736,15.754599816541514,13.814968431026632,294.1354608638246,0.7178631757527211,0.001331242709856106,0.00220812553051127,0.6961794401393272
23.700000000000003,365.4557776254762,305.17738292339357,15075.00324123093,15.742333161755791,13.811740680206203,292.6630337421499,0.7178615940234018,0.0013107531674719345,0.0023415038888606786,0.6961806741872782
23.8,367.1641689730022,305.88919147922115,15104.19041000471,15.729807767790128,13.785819536967141,291.2011535515414,0.7178600705974675,0.001317507832109116,0.0024837131151571584,0.6961817394790479
23.900000000000002,368.8720605686714,306.5996881431206,15133.240857501334,15.717242979134582,13.755497769075639,289.7496250082884,0.7178587726607171,0.001331059082529647,0.0025079838679245067,0.6961829650405744
24.0,370.5794307079622,307.30883213231874,15162.140030900413,15.706172537393211,13.72002467494358,288.3082679737882,0.7178575409983139,0.0012918446618791714,0.002536096161562909,0.6961842070784734
24.1,372.2863559843217,308.01678551985617,15190.897408239582,15.696885380929874,13.68795397252107,286.87648042773264,0.7178573465474265,0.0011356970340524236,0.0023904895750414324,0.6961851950161871
24.200000000000003,373.9929698852549,308.72366925939644,15219.51075610247,15.68630010649694,13.657051377299402,285.45377959473626,0.7178582355137342,0.000915687647594506,0.0020793702503940662,0.6961856012879051
24.3,375.65705309913403,309.42941451688216,15247.982152239249,15.673473702143472,13.624606505702907,284.0401099155858,0.7178590872193285,0.0007552688567186685,0.0017788328174127327,0.6961857483598715
24.400000000000002,377.31983476942787,310.13383506367995,15276.31300407088,15.660243124418946,13.590601012934385,282.6354327137931,0.7178587047682363,0.0006963084795672224,0.0018056298054503178,0.6961861351994717
24.5,378.981718133107,310.8369407582433,15304.504067014226,15.648909620472722,13.557611056648906,281.2393325109713,0.7178574171905447,0.0006793465540783999,0.001957265037212951,0.69618706982129
24.6,380.64278953540133,311.5389729671872,15332.556141893896,15.639604360090654,13.527700321755246,279.8519031678262,0.7178563005569879,0.0005912786810111588,0.0020746976252679723,0.696187961523266
24.700000000000003,382.3031021676173,312.2400947028733,15360.47043349462,15.630656354238704,13.500188472524869,278.4726599237433,0.7178561210292566,0.00039829123234949235,0.0021185834011043965,0.6961881516294974
24.8,383.9626800495744,312.940301258333,15388.247765189535,15.620094278551235,13.472660867986296,277.10155005462525,0.7178565863883419,0.00019052440801090012,0.0021220818589499056,0.6961877489929787
24.900000000000002,385.62150430300136,313.6394566644253,15415.88697680052,15.608360899588936,13.443545463592686,275.7384212023893,0.7178567334707646,6.77349637910425e-05,0.00216702348159605,0.6961874816684716
25.0,387.1739040548951,314.33747480554894,15443.389310724782,15.597010781193037,13.409389416750743,274.383100800981,0.7178559343597875,2.9304846788018143e-05,0.0022824336499572846,0.6961879395266021
25.1,388.4525204774953,315.0344809600874,15470.757987325545,15.587462456194686,13.377208176222489,273.0353240300438,0.7178546372245111,-1.1297983154683452e-05,0.0024010268104159003,0.6961888786513878
25.200000000000003,389.6980218489307,315.7306207700199,15497.990993054322,15.579053888304538,13.348942264310603,271.6954554521503,0.7178538235534572,-0.00013848588129940578,0.0024441984765479854,0.6961895537317044
25.3,390.94268447719634,316.426007843493,15525.09152270619,15.570488214111789,13.3229895888094,270.3641774616276,0.7178540389771981,-0.00033896373767842064,0.0023452123768939177,0.6961896033456798
25.400000000000002,392.1864391680944,317.12060571811105,15552.059142936028,15.560743857474565,13.29626336475776,269.0415296231609,0.7178546646418096,-0.0005712032872127054,0.0022012062305222365,0.6961892766122805
25.5,393.42909717859055,317.8142956406375,15578.894588874928,15.55045080649393,13.267561539102184,267.72711051883573,0.7178547423671163,-0.0007463807191168219,0.002127446885539667,0.6961892600052176
25.6,394.67060307732453,318.5070754709161,15605.59910997329,15.540653546874132,13.238394751394582,266.4198059076714,0.717853959841592,-0.000773743118060805,0.0021643056809353646,0.6961899233989621
25.700000000000003,395.91106154930714,319.19906032646963,15632.174129502524,15.53339748538753,13.211219142720736,265.1188179574994,0.7178528468390563,-0.0007825225768878258,0.0022457583274963456,0.6961908032378865
25.8,397.1506585966506,320.054423541524,15658.61773109757,15.527123903101682,13.187128428047785,263.8231004220416,0.7178522029460728,-0.0009005481099792071,0.0022677076704750118,0.6961912533496045
25.900000000000002,398.3895024080554,320.974648115764,15684.93469210418,15.521480153801214,13.164535990550883,262.5321236808151,0.717852176062745,-0.0011514660911693428,0.0022714409104105746,0.6961908991103037
26.0,399.62754602252744,321.89455216594854,15711.119411506943,15.516703593867677,13.141186729345156,261.2457004681524,0.7178521485857707,-0.0014310460263831678,0.0023941410656665124,0.6961899977496233
26.1,400.86462149864116,322.8140339045757,15737.179909516142,15.512238839732314,13.116150904306247,259.96365522942926,0.7178518533497558,-0.0016113178155632217,0.0024893204849216833,0.6961895744556518
26.200000000000003,402.1006646996109,323.7331480174124,15763.107468618586,15.507192764593459,13.090460594723911,258.6862738724037,0.717850960123602,-0.0016310414791322024,0.0026341883536099755,0.6961899164775613
26.3,403.3357571414117,324.65196810244896,15788.909424494852,15.501202127303536,13.066198699375514,257.413256527248,0.7178497548319384,-0.0016634977803643538,0.002784915016221273,0.6961904958495289
26.400000000000002,404.5700464033807,325.5706464013066,15814.585081051739,15.494751114223195,13.04416684896777,256.1447082317323,0.7178488717433954,-0.0017006602620360637,0.0029335706733560544,0.6961907060960464
26.5,405.80363532793336,326.48915468155286,15840.133505280546,15.488607408515229,13.023628497933581,254.88016789778064,0.7178485771121127,-0.00177539527353118,0.003074547329694851,0.6961902150048185
26.6,407.036510588202,327.4074352483255,15865.560630575412,15.483287273098407,13.003035553343654,253.6200865030767,0.7178484039721917,-0.0020174445632731735,0.0032071865668772733,0.696189135785913
26.700000000000003,408.2685938458581,328.3253695850613,15890.853584910454,15.478387129023199,12.981320664189761,252.3639704639016,0.7178480502503263,-0.002239814637860268,0.0033142610271393535,0.696188319103414
26.8,409.4997337532119,329.24300163322306,15916.024881659541,15.473266971509581,12.958860346572504,251.1120601872516,0.7178472714069593,-0.0023093364891829753,0.0034462493565897484,0.6961882541841217
26.900000000000002,410.7300380252216,330.1603684365127,15941.074202898659,15.467332174382324,12.936934701369623,249.86418321049052,0.7178461520331024,-0.002301944345499388,0.003590953159267595,0.6961887015162673
27.0,411.9595200553691,331.077575659386,15965.993630606801,15.460796697174125,12.916472019133671,248.62026350162165,0.7178451027893795,-0.0023334634906808224,0.0037245200047789167,0.6961889767155014
27.1,413.18834656256865,331.9946658039803,15990.79015892744,15.454257899485029,12.897647436379417,247.38039913419783,0.7178446913378429,-0.0023582570411184935,0.0038256944056570485,0.6961887688006174
27.200000000000003,414.4165563826099,332.91158897904796,16015.466365737951,15.448346639784788,12.879397103545928,246.14421624860307,0.7178446876799166,-0.0024882267166070455,0.0038943444161540328,0.6961879395530333
27.3,415.64408171779803,333.8282965707333,16040.014862225771,15.44298386544385,12.860800595759386,244.91208276360337,0.7178446956258513,-0.0026357306870600666,0.003962743074362819,0.6961870025739498
27.400000000000002,416.8708790263586,334.74472077574563,16064.444955019268,15.437726643421867,12.841445274003506,243.68342424026375,0.7178443938924962,-0.002698456243965028,0.004048422339601968,0.6961865804276712
27.5,418.0968330896636,335.66090918246795,16088.747007510345,15.432034188594825,12.821918502990012,242.4588072193953,0.7178435075231593,-0.0027301171282358367,0.004155447623821028,0.6961867403379352
27.6,419.32204560512713,336.5769286459008,16112.931646639527,15.425633050533975,12.803079412509026,241.2376489145797,0.7178423233031518,-0.0027910253537232776,0.004272142725403542,0.6961870135593897
27.700000000000003,420.546580774749,337.49284411471433,16136.9948886215,15.418919962465786,12.7856004171905,240.0203353757757,0.7178414374030053,-0.0029262992028035646,0.004345902173159157,0.6961869150267507
27.8,421.7705303133258,338.4086591176769,16160.927182270425,15.412430956215744,12.76901994803758,238.80636223718648,0.7178411334603201,-0.00310070030425798,0.004364456314105274,0.6961863574439738
27.900000000000002,422.9939371607883,339.3243219535157,16184.750195390016,15.40647427171887,12.752722159122364,237.59600910792585,0.7178412448471754,-0.0033028992469214015,0.00435262983226691,0.6961853867084294
28.0,424.2167083223073,340.23980759388525,16208.444328313084,15.40090923648088,12.736180401259162,236.3891675309196,0.717841215140368,-0.0034964634596321227,0.004369397959257848,0.6961843670684863
28.1,425.4388162902157,341.1550762090664,16232.022133663017,15.395317713855498,12.719372297263833,235.1856133170264,0.7178413321416329,-0.003537522555034561,0.004313937124672327,0.6961843848793097
28.200000000000003,426.660211516656,342.0701773400436,16255.474842767377,15.3893302651465,12.702637932589614,233.98536413721405,0.7178400670578045,-0.003681586796890064,0.004453953722713544,0.6961840606774473
28.3,427.88094358683776,342.98515603841406,16278.815448040286,15.382850930452259,12.686479712249639,232.78864991053786,0.7178387945347777,-0.003720917847776016,0.004621239556434783,0.6961840733428116
28.400000000000002,429.10104918343313,343.9000404864273,16302.03349869428,15.37613347181514,12.67103158283549,231.5953165879425,0.7178377869984321,-0.003780242863607981,0.004781625284742022,0.6961837095054164
28.5,430.3206626293271,344.81485852195135,16325.127344969413,15.369521169358908,12.656295055494907,230.40509170064053,0.717837683090143,-0.003654349938208048,0.004963135116353904,0.696183218522338
28.6,431.53974601312984,345.72956269404625,16348.111033372501,15.363338379705624,12.641991033525949,229.2181601495852,0.7178384692668964,-0.0032922534149801663,0.005163948999625469,0.6961827538360453
28.700000000000003,432.7583360773373,346.6441420874787,16370.967188906794,15.357521329133633,12.627657646526208,228.03417078081938,0.7178393524332447,-0.002920026847665261,0.005324032466566177,0.6961822981229298
28.8,433.9763120866249,347.5585682911171,16393.713043581436,15.35181854009687,12.613115316150004,226.85355767916477,0.7178397967047813,-0.0025905917274373757,0.005449204376651493,0.6961821753485228
28.900000000000002,435.193658105934,348.47284803629725,16416.336900007725,15.345850920437059,12.598555839986657,225.6758935921697,0.7178386766656314,-0.00284031874625827,0.005557336019701062,0.6961815013979609
29.0,436.4104515864477,349.3870345150078,16438.841054021792,15.33946196799158,12.584372920093795,224.50117648522297,0.7178371519054401,-0.0031089708916951543,0.005664317692303701,0.6961810634808745
29.1,437.62663140892295,350.301154194345,16461.233550227917,15.332719849591218,12.570856793352023,223.32954086442874,0.7178356796119792,-0.0033406953067776804,0.005788479929698708,0.6961804868932902
29.200000000000003,438.84235104745943,351.21522329316355,16483.503085451768,15.325974360569964,12.557967207354396,222.16098811202014,0.7178351725925473,-0.0033087629658772703,0.005933060015009848,0.6961799450397302
29.3,440.0576161994009,352.1292334422778,16505.66143315553,15.319528179111282,12.545444093301828,220.99518485468994,0.7178351758786766,-0.0032396021939112445,0.006092280419232293,0.6961788917858313
29.400000000000002,441.2724325856139,353.04315946950965,16527.69974793314,15.31343102096543,12.53298237540615,219.83211527802362,0.7178349237032539,-0.0033938521380061063,0.006250594551371438,0.6961770135155021
29.5,442.48674606060456,353.956932797062,16549.624199828202,15.30746749946583,12.52039680504325,218.67185756021897,0.7178336932883779,-0.003806514292290346,0.006390448409368515,0.6961748784594549
29.6,443.70037790383975,354.87046532811473,16571.429999521075,15.301345320503678,12.506403690181797,217.51417501095438,0.7178315536778259,-0.004069382659271802,0.006510040150503179,0.6961744896550649
29.700000000000003,444.9132657876044,355.7837422726081,16593.125174783137,15.294935563220754,12.491333256528733,216.3591191402567,0.7178284747124077,-0.004054006325443654,0.006659613491096674,0.6961763393515473
29.8,446.1253890709728,356.6968083625983,16614.694753603264,15.288279797379397,12.476665573907114,215.20671347186808,0.7178248978404577,-0.003799627300590708,0.006841775432274689,0.6961796958987295
29.900000000000002,447.3369842976471,357.60978533417125,16636.15321543204,15.281539881632,12.463672614839576,214.05674886217975,0.7178212999056351,-0.00351270962608352,0.007031385721758245,0.6961830232688088
30.0,448.54815532285426,358.5227859335601,16657.50214745028,15.274917495629076,12.452698502471344,212.90938678682159,0.717818740775606,-0.003357445093072584,0.007139077156508259,0.6961853320281343
30.1,449.75901459151055,359.4358397394345,16678.73676919672,15.268521612654116,12.443154514209763,211.76446202993768,0.7178175309737903,-0.003420185689092856,0.00714697851865163,0.6961861929502751
30.200000000000003,450.96957306588837,360.3488901284365,16699.850342379745,15.26233558941772,12.433739790832341,210.62200506352838,0.7178168515030912,-0.0037465230187913824,0.007112811961091847,0.6961855637468108
30.3,452.1797196472112,361.2618465757424,16720.85400753559,15.256240378585929,12.425643328833537,209.48184157149876,0.717816007545618,-0.0042095897190019445,0.007064890644897806,0.6961842758823578
30.400000000000002,453.3892803777204,362.1745786655371,16741.74982827066,15.250068569756374,12.421940917165598,208.34394491162982,0.7178147923179089,-0.004450749331307037,0.0070623996707291,0.6961840541630339
30.5,454.5981377009522,363.0870610909893,16762.520404404575,15.243702896530895,12.418424948438386,207.20843710922924,0.7178126312221828,-0.004428429645174471,0.007141870613418687,0.6961856140088687
30.6,455.80627882182364,363.9993025565726,16783.18287725497,15.237099454906545,12.415097442198253,206.07520536250217,0.7178094010921088,-0.00437874347468832,0.0072205995639403565,0.6961884466517008
30.700000000000003,457.01381573124627,364.9113899061261,16803.734476312362,15.230345249750087,12.411836839873219,204.94444649605276,0.7178057836279111,-0.0042986510724269894,0.0072935121913769545,0.6961919155442644
30.8,458.220785411198,365.8234223639858,16824.1684355979,15.223599539580448,12.408504408368021,203.81588471715025,0.7178030182429741,-0.004085594199564124,0.007349829812262664,0.6961954574133933
30.900000000000002,459.4273851571601,366.73544121146404,16844.488879939967,15.216988158873242,12.405038504897568,202.68953859854835,0.7178011030853171,-0.004041777918609594,0.007325956049840142,0.6961979393884433
31.0,460.6336625969621,367.6474520579093,16864.69967461937,15.210568223767002,12.401432773131907,201.56537703886232,0.7177992292042662,-0.004236988433064011,0.007364598103625911,0.696198303055639
31.1,461.8395760056155,368.5594064165964,16884.80102390114,15.204312815425872,12.397725547378867,200.4434216522807,0.7177985854522593,-0.0043559110193507715,0.007348306849782302,0.6961984050171106
31.200000000000003,463.04499410245523,369.471213541308,16904.78659382827,15.198127739171484,12.394025767224964,199.32359453522193,0.7177981770803352,-0.004384719577343012,0.007342120754922134,0.6961987104822844
31.3,464.24982475912134,370.3827846175665,16924.66165087501,15.191883377771568,12.390419583172635,198.2056890406156,0.7177964037741748,-0.004595989185863733,0.007364251723930567,0.696198942407134
31.400000000000002,465.4540105845556,371.29411454501025,16944.426302342734,15.185477245565382,12.38692699250831,197.09000141055313,0.7177939126673194,-0.004633827199694,0.007416836761997993,0.6962007017489066
31.5,466.6575412026965,372.2052172338578,16964.079143038634,15.178887844979442,12.383544926091114,195.9764361067186,0.7177905465412336,-0.004630956752786656,0.0074887068703440455,0.6962034220003526
31.6,467.86044944738256,373.11614955134905,16983.619958240204,15.172179670986257,12.380225197493994,194.86495472954522,0.7177869032032741,-0.004588367336989278,0.007556291489977048,0.6962067300263284
31.700000000000003,469.06285928895096,374.0269910158227,17003.04997789147,15.165460755165373,12.372980426224832,193.75542730321268,0.7177842994975473,-0.004528249917146471,0.007465813937323647,0.6962107841521534
31.8,470.2648372800966,374.9377836270792,17022.36965672094,15.158835044866509,12.365378390493364,192.64789667910614,0.717780720965037,-0.004528892123424869,0.007639836218933367,0.6962125815076845
31.900000000000002,471.46641841142406,375.8485318678045,17041.57894941113,15.152365868666354,12.35812996200758,191.54244823873879,0.7177780784798136,-0.004674520706482075,0.007719419145073089,0.6962134654529845
32.0,472.6675953057256,376.75921606628714,17060.674499922246,15.146058664057195,12.350857585852463,190.43885314463543,0.7177762235978135,-0.004887118032145414,0.00773283623003039,0.6962137690098074
32.1,473.86832977361536,377.6697543494532,17079.66126042126,15.139849353896656,12.343258787504855,189.33704796111095,0.7177736635366035,-0.005109114524925813,0.007910706398219588,0.6962128163186132
32.2,475.0685603197685,378.5800894890867,17098.536447176586,15.1336446131764,12.33521331358812,188.2372735020429,0.7177710363809892,-0.005300814318789934,0.008057887171811927,0.6962124037637112
32.300000000000004,476.26817888891605,379.5831912641106,17117.293768905176,15.12734867597915,12.326825183894716,187.13932124721967,0.7177687754418716,-0.005323323872794134,0.008125232864565275,0.6962137802532482
32.4,477.46719230410724,380.691991518257,17135.955928425472,15.120928619169195,12.318336825980749,186.04314909790867,0.7177664637465667,-0.005269948429941714,0.00810633674224273,0.6962167898499113
32.5,478.66561859270075,381.8003729578924,17154.503330866028,15.114373555877837,12.310043340352726,184.94888799964698,0.717763240448623,-0.005215642721618987,0.008124698040080555,0.6962203078145954
32.6,479.8634916610267,382.90841075803934,17172.94237818855,15.10775259897855,12.302161430832417,183.85649235126212,0.7177583585779352,-0.005330905477577441,0.008270194883330924,0.6962227545943103
32.7,481.060834260352,384.01608581625,17191.272610322994,15.101159143669976,12.29476748346972,182.76582199896603,0.7177538159253479,-0.005432456646393736,0.008392659415062438,0.6962251872830583
32.800000000000004,482.25776700095184,385.1234000683319,17209.493584044038,15.09466890754438,12.287775953542083,181.67690175844479,0.7177500661441769,-0.005517900504913977,0.008477256295639658,0.6962273561486546
32.9,483.4542393826717,386.23033562262407,17227.605039533115,15.088317104506853,12.281012132451362,180.58970545896184,0.7177472917228769,-0.005581030165946221,0.008523805596425136,0.6962291447971108
33.0,484.6503393803775,387.3369026633873,17245.60850657021,15.082086509010699,12.27420637585899,179.50422757397521,0.7177452795485839,-0.005634718993381164,0.008547954060010144,0.6962304906487354
33.1,485.8459581739871,388.4430642179994,17263.504121601643,15.07594005749418,12.267207528766757,178.42047390164262,0.7177435569336137,-0.005690770707496272,0.008572945047585065,0.6962315033250436
33.2,487.0410746752633,389.5488305044812,17281.28863125122,15.069804087225643,12.259938356313882,177.338429209456,0.7177414985247066,-0.005758459216091359,0.008620587755351716,0.6962324805046929
33.300000000000004,488.23565540198837,390.6542079563849,17298.974160002046,15.063606819065775,12.252439090658529,176.25787271286387,0.7177389160871992,-0.005844971684376673,0.008663383865344765,0.6962338905999786
33.4,489.4296622171835,391.7592021905873,17316.544492895333,15.05733809191714,12.244846374838783,175.17909747291105,0.7177353473388072,-0.0059363015261200466,0.00874211233789054,0.6962358127649746
33.5,490.62312285355233,392.86383047365337,17333.99968050542,15.050974492488155,12.237351985458696,174.10186961165198,0.7177316082923137,-0.005895178544960843,0.008834097020133947,0.696238855607679
33.6,491.81603510597046,393.9680984306222,17351.35131526589,15.04455497409058,12.230104773304127,173.0261573884886,0.7177271322605309,-0.005937498200710107,0.008916771656613144,0.6962420562673693
33.7,493.00843569301503,395.07201269638773,17368.599529219042,15.038132135590024,12.223164786394488,171.9519443343528,0.7177225731190561,-0.005955854626987578,0.009009916993870238,0.6962454001476684
33.800000000000004,494.20036597891254,396.1755723673763,17385.742449830705,15.031760318847976,12.216532020556809,170.87933259258173,0.7177177993324684,-0.006079363829086515,0.009093931387514657,0.6962481614113687
33.9,495.391838924844,397.2787902528262,17402.782509149336,15.025484856649788,12.21015523236987,169.80816225330219,0.7177132119337342,-0.006269603137811555,0.009166242711243363,0.6962502549276487
34.0,496.5828549257856,398.38162385071564,17419.710413451223,15.019317577682196,12.203930822734009,168.73845495565774,0.7177094555193624,-0.006380069225554818,0.009240419572389046,0.696252143135591
34.1,497.77350550690545,399.4841739361364,17436.527203707865,15.013243391946279,12.197657286999206,167.67023346524482,0.7177065111865287,-0.006383432270180915,0.009332831331266578,0.6962539147841507
34.2,498.9636979552892,400.58629938119077,17453.23747490162,15.007227793576256,12.191275900805444,166.60343487671108,0.7177039978000298,-0.006314425213481656,0.009447132731447717,0.696255593341434
34.300000000000004,500.15341347017244,401.68805294999356,17469.841749669868,15.001226360649163,12.18466683047788,165.53803681151663,0.7177013866120999,-0.006216598924846826,0.009587686765861279,0.6962572439948875
34.4,501.34261756028377,402.7894340157793,17486.340166553775,14.995203931158096,12.177913086827944,164.47402517078103,0.7176982387934765,-0.006130808574644453,0.009748653216153985,0.6962590142895345
34.5,502.5312876669922,403.89044849117533,17502.729540555625,14.989133704112131,12.171124023560616,163.41137658032216,0.7176943703185332,-0.006067702963253104,0.009919676637704565,0.6962611390916753
34.6,503.71939834303913,404.99109518724197,17519.015446716123,14.983003287197652,12.164374658862817,162.35011372270566,0.7176896167504413,-0.006060012986315282,0.010090136440792041,0.696263656525182
34.7,504.9069802038082,406.0913590658609,17535.197776704157,14.976821186566372,12.15776645977798,161.2902070552194,0.7176841891509907,-0.006099757823860317,0.010248033741671861,0.6962665979361675
34.800000000000004,506.09406549038795,407.1913319886403,17551.276654341134,14.97063356184149,12.151268627030149,160.23164271521085,0.7176781854842971,-0.006218425860882505,0.010387674677580977,0.6962696672084548
34.9,507.2806843030469,408.29096082292,17567.249495339864,14.964473174343585,12.145042999262808,159.17444269336522,0.7176720838882377,-0.006369669670929865,0.010507985462879784,0.6962727838694468
35.0,508.46686548796976,409.3902554292591,17583.10178159747,14.958970952248082,12.139034755704678,158.11843916641715,0.7176668035787309,-0.006519463737325094,0.010541730157542872,0.6962763298855926
35.1,509.65262652661613,410.4892135749903,17598.85716104903,14.954172396621026,12.133213348819549,157.06386614541617,0.7176618862914463,-0.006637803023502458,0.01060324986015559,0.696279345972597
35.2,510.83795711261627,411.5878264394274,17614.51852330015,14.949417813052134,12.127540639151837,156.01061228364452,0.7176570311569223,-0.0067021776586505075,0.010736703802843523,0.6962816884258225
35.300000000000004,512.0228488713278,412.6861136007165,17630.06872110337,14.944627042316073,12.121950255772413,154.95857724428285,0.7176532662613714,-0.0067130351940023385,0.010817835718235039,0.6962842085048623
35.4,513.2073182177852,413.78407454965566,17645.51502281822,14.939761761470937,12.116315224874723,153.90773210340583,0.7176499798780794,-0.006695863824083557,0.010883426319993032,0.6962867389374717
35.5,514.3913893215787,414.8816723045134,17660.84829523126,14.934781817132965,12.11058805537794,152.8580635658129,0.7176466837990759,-0.00664314863234019,0.010967264891501306,0.6962893255746763
35.6,515.5749590126926,415.97889110242687,17676.077596569783,14.929666561360628,12.104744395533091,151.80958720096413,0.7176428471928259,-0.006578700056742663,0.011090843419927766,0.6962919342996674
35.7,516.7579601800903,417.0757747562979,17691.200265565276,14.92441232218725,12.098774184559526,150.7623299214934,0.7176380857948942,-0.006526191317578316,0.011265823181999734,0.6962945266706885
35.800000000000004,518.2235165931862,418.17233174884035,17706.216397686756,14.919103643311514,12.09268624436834,149.71637579140634,0.7176321370491215,-0.006504224937659593,0.011492493426052693,0.6962971589250693
35.9,519.9818199495429,419.2685570892509,17721.147846451226,14.913800488538604,12.086598006795365,148.67157599902364,0.717625061792079,-0.006529001516238572,0.011760439556731601,0.6962997450010652
36.0,521.7394968547968,420.3644788199865,17735.954494422454,14.908560492025101,12.080577737214961,147.62790881027962,0.7176171491964419,-0.006592695641366971,0.012051765576200697,0.6963023183142852
36.1,523.4961974722007,421.4600348706316,17750.65690738863,14.903447483051282,12.074694735341819,146.58536178048053,0.7176087476326057,-0.006692281276079894,0.01234389549341638,0.6963049094588752
36.2,525.252765187358,422.5552850750541,17765.268864097863,14.898531284834197,12.069024843023243,145.54396320083458,0.717600308724388,-0.0068186826259348625,0.01261172564481019,0.6963075806439061
36.300000000000004,527.0085286439664,423.6502656032203,17779.778497783856,14.893744789291143,12.063583892222123,144.50351243388022,0.7175923166118173,-0.0069507681119867,0.012839481767453382,0.6963103486738381
36.4,528.7636380082025,424.7448847723992,17794.15933261079,14.889083004683163,12.058361203075311,143.46451077021123,0.7175850134475263,-0.007066664490848758,0.013028948131710984,0.6963131890457542
36.5,530.5185152126545,425.8391942789067,17808.45576557687,14.884504101214176,12.053331103871994,142.42644519910522,0.7175786860611161,-0.007152771837822445,0.013159319708707809,0.6963163788613925
36.6,532.2722978131591,426.9332024209892,17822.666252374045,14.879937468573187,12.048473490482136,141.38930839845608,0.7175730421858172,-0.007214379990898512,0.01326336403646966,0.6963195854088654
36.7,534.0258684206154,428.02692415363447,17836.731358153527,14.875345642574624,12.043644169627413,140.35329203680584,0.7175672569571141,-0.007342785300814513,0.013361184584446273,0.6963223348375158
36.800000000000004,535.7785529371878,429.1202542889994,17850.708271017033,14.870692427078763,12.038784640455548,139.31852700026548,0.7175614177954996,-0.007463434069279864,0.013469679820810956,0.6963249791359856
36.9,537.5309593228135,430.2133120184963,17864.60396632129,14.865957864195229,12.033849081741751,138.28462377384395,0.7175557635797155,-0.007481695280890935,0.013597043589173435,0.6963281344272179
37.0,539.2825482639595,431.3060612130345,17878.371988853152,14.861192883814814,12.028758201334654,137.25168632372763,0.7175498144787652,-0.007421166976658028,0.013762003533492861,0.69633167189274
37.1,541.033891165074,432.3984772752474,17892.0384724562,14.856373265651886,12.023509968776501,136.2197605701054,0.7175428915284675,-0.007387024272391527,0.01396681372743617,0.6963350908891984
37.2,542.7843891026137,433.49056183732495,17905.616796674578,14.851552054044102,12.018168593080393,135.18897302638263,0.7175354290228633,-0.007376415860365215,0.01416389152489321,0.696338912285463
37.300000000000004,544.5346933482493,434.5823806730304,17919.075489387375,14.84673060515602,12.012767316764442,134.15914416852164,0.7175278446295554,-0.007396893974704688,0.014298867842455338,0.696343751691085
37.4,546.2841902406341,435.67390376031284,17932.431174066318,14.841978262457594,12.007387831353194,133.13016883017846,0.7175197041303978,-0.007501146715922438,0.014407381331521234,0.6963487878540041
37.5,548.0332011903323,436.76506612818605,17945.71990069779,14.837268004517217,12.002101503137904,132.10218555663434,0.7175119497923435,-0.007510256321284229,0.014500535562351063,0.6963547461054482
37.6,549.7817876951297,437.8559572383033,17958.851761383856,14.832644810659197,11.996937520934017,131.0752927593182,0.7175038629931456,-0.00758553436248829,0.014579701377151416,0.6963606095738772
37.7,551.5295298290422,438.94659347712695,17971.912094339426,14.828120746035271,11.991969359611785,130.04931516697815,0.7174955951222087,-0.007690402499346874,0.014652328353618507,0.6963664537895573
37.800000000000004,553.276918106316,440.03692789620607,17984.868096187995,14.823654714031012,11.987105621247116,129.02402608016442,0.7174873694437449,-0.007801556821378638,0.014724297166478549,0.6963721745394563
37.9,555.0236539906178,441.1269033186716,17997.705446964235,14.819302779323872,11.982556608011576,127.99996846533287,0.7174791966742716,-0.007916543981877666,0.014803633779002505,0.69637761530506
38.0,556.7697859845621,442.2167097097196,18010.47499151108,14.814980583071497,11.978160027230185,126.97662461624694,0.7174708678872415,-0.008041791834254937,0.014905409432436923,0.6963825903100067
38.1,558.5155787278698,443.3061302263292,18023.087834590504,14.810706696832256,11.973887179817078,125.9542231670281,0.7174624965261486,-0.00817746693071451,0.015019751406056906,0.6963871783575308
38.2,560.2604592267379,444.39532189264395,18035.665924627665,14.806455507520402,11.969708638017751,124.93277379074436,0.7174540480411208,-0.008291536126260457,0.01515781353735856,0.6963915422137482
38.300000000000004,562.0052260813845,445.48424849545086,18048.106464345048,14.802184522597251,11.965570496960868,123.91197446483737,0.7174454979703456,-0.008380871306879282,0.01531639432051581,0.6963958116640556
38.400000000000006,563.7492238527773,446.5728060359819,18060.44235838111,14.797922467113422,11.961386962498729,122.89224131676615,0.7174369822722814,-0.008419873467536705,0.015485755744742835,0.6964003687304072
38.5,565.4929416082978,447.6612044017454,18072.678469464663,14.793611416705991,11.957186114159281,121.87326626108384,0.7174281500206986,-0.008427418202213854,0.015667205600779496,0.6964053179356013
38.6,567.236098695058,448.749180484116,18084.82383914495,14.789301156821228,11.952859333965845,120.85491837918455,0.7174192123074804,-0.008410537996884213,0.01584945235991998,0.6964106055500647
38.7,568.9789319348262,449.83694811296283,18096.84484781965,14.784968248135092,11.94846886007487,119.83781950392132,0.71740970558595,-0.00836417705925762,0.016030730132872255,0.6964168080715809
38.800000000000004,570.7210093875565,450.9244262517459,18108.775312136324,14.780630251093804,11.943971431348073,118.8212602793909,0.717400107113028,-0.008319228110724067,0.016198406015005645,0.6964233542899252
38.900000000000006,572.462826993516,452.01159649450466,18120.603252933208,14.7763304532397,11.939403339945365,117.80549088207015,0.7173896664369853,-0.008301874207848217,0.016356377946823656,0.6964306241647682
39.0,574.2040390870682,453.0985771425113,18132.326901395532,14.772029297400833,11.934811487032885,116.79077696937729,0.7173791095349934,-0.008290023934901811,0.016503164487157322,0.6964381769172685
39.1,575.9447529159214,454.18518101348985,18143.956175285377,14.767820456947623,11.930216943077715,115.776385751412,0.7173681224681392,-0.008296742766506781,0.016630532782801584,0.6964463843723818
39.2,577.6850991498549,455.2715969620651,18155.471483025613,14.76361757465086,11.9256932807443,114.7631928569347,0.7173567525839946,-0.008351080685274423,0.01675518240850041,0.6964544585513051
39.300000000000004,579.4247198666297,456.35770367727656,18166.914785074594,14.759532370889314,11.921227299551013,113.75062519576029,0.7173452463792408,-0.008405901752308615,0.016869066889622492,0.6964629013056691
39.400000000000006,581.1640976672818,457.4435786238216,18178.21998949138,14.755460541528723,11.916931557794939,112.73866538084572,0.7173336478712976,-0.00847022773183776,0.016983982075719727,0.6964712752344346
39.5,582.9027223004344,458.529189131725,18189.460487258308,14.751492957873293,11.912780287778167,111.72767617830466,0.7173218534847019,-0.00855070356871037,0.01710105252527817,0.6964795747071695
39.6,584.6409853750007,459.6145432688027,18200.56478807245,14.747545796859592,11.908742843791297,110.71733783152544,0.7173096600910668,-0.008683100276777374,0.017227692198015343,0.6964873738490541
39.7,586.37868578664,460.69966079286894,18211.587018930994,14.743674810541439,11.904946239536715,109.7076369361229,0.7172971998926556,-0.008822901539108339,0.01736173080113832,0.6964951211158452
39.800000000000004,588.1161222282863,461.7844897014514,18222.49304330596,14.739828968985421,11.90122440278605,108.69884628828929,0.7172844588848654,-0.008975191607908514,0.017515456320856215,0.6965024477830064
39.900000000000006,589.8528497769688,462.8691384861829,18233.319948589287,14.735996797069008,11.89764372118834,107.69060363502453,0.7172713550387729,-0.009121498143463554,0.017676097413350435,0.696509983483866
40.0,591.5894262639489,463.95343556937047,18244.031054505023,14.732195115675506,11.894140569750952,106.68301059875785,0.7172577143712953,-0.009292381853931242,0.017861334539608868,0.6965170461250825
40.1,593.3252138140705,465.0376122248653,18254.65183492995,14.728398641104954,11.890684457157645,105.6762749869493,0.7172432462255667,-0.009501049081673672,0.01805248731966039,0.6965242016697858
40.2,595.0608687043247,466.12137875817297,18265.166507100377,14.724605738520628,11.88724271518825,104.66993849214585,0.7172282640475314,-0.009718461908638324,0.01825890433551221,0.6965312492357839
40.300000000000004,596.7958574838517,467.2050471792023,18275.5814476394,14.720808702575216,11.883789066822182,103.66459271050627,0.7172125261331667,-0.009940664282237088,0.018474345041064082,0.6965386379280142
40.400000000000006,598.5306027550009,468.2883239996184,18285.899941097723,14.7170191733869,11.880261046958294,102.65964342082941,0.7171960773471597,-0.010161057500783022,0.01870896998130853,0.6965461319902303
40.5,600.2648190816878,469.371474543994,18296.09584609043,14.713235040285747,11.87674246800317,101.65537858669276,0.7171787356797957,-0.010367495586361814,0.01897432833591488,0.6965537674782883
40.6,601.9986687157625,470.45428306602605,18306.191881463175,14.709453490429757,11.873133956718503,100.65187002385133,0.7171605464021127,-0.010564469668456838,0.019255716034741292,0.696561813527584
40.7,603.732116554321,471.5369235318062,18316.254445651946,14.705688237122413,11.86946334804415,99.64899291611721,0.7171419166272243,-0.01073289210076529,0.019546368305685676,0.696570323750189
40.800000000000004,605.4650724540807,472.61926657643966,18326.127857064053,14.7019701670024,11.865718217643979,98.64661720111081,0.7171225100924418,-0.010901324193171085,0.019852035880732005,0.6965790431250006
40.900000000000006,607.1976724189195,473.70142875874944,18335.937052323647,14.69825253404723,11.861950656805694,97.64530828735211,0.7171024506548144,-0.011058517947360928,0.020162490308595182,0.6965882990908068
41.0,608.9294571874589,474.78332065161544,18345.699787595964,14.694607422879551,11.85816024745877,96.64399937359347,0.717082008392936,-0.011181608439110194,0.020480824374145987,0.6965980912296724
41.1,610.6611722720334,475.86495989151854,18355.27808960874,14.691013309281464,11.854376004626502,95.6434354532614,0.7170608964170322,-0.011308450230025944,0.020804069263523732,0.6966081972565896
41.2,612.3928324681224,476.9464180934282,18364.830484499475,14.68742268134417,11.850639462064281,94.6435122386037,0.7170393747189588,-0.011413233073864689,0.021127984961738136,0.6966188925552498
41.300000000000004,614.1237640382517,478.02763252316856,18374.203788438408,14.683969202759403,11.84695539651561,93.64418136755346,0.7170173128035132,-0.011523623985503377,0.021452862825461445,0.6966298543034612
41.400000000000006,615.8541405070926,479.10863772243357,18383.562285477456,14.680526159742943,11.843377662442194,92.64543460868772,0.7169946263747026,-0.011638892659452395,0.02177748465782375,0.6966412154685083
41.5,617.5843371170312,480.189430648425,18392.729626654953,14.677131092903563,11.839799373510045,91.6472140413886,0.7169715457107189,-0.011761258236358105,0.02209726416899893,0.6966528449393755
41.6,619.3140727920672,481.26998906305124,18401.88646205269,14.673816840142088,11.836430202847788,90.64961733947992,0.7169477013416772,-0.011900134222548094,0.022417068856471233,0.696664808476971
41.7,621.0431489819254,482.350368339181,18410.860432429992,14.670518981873862,11.833105926744313,89.65244310055652,0.7169234062708294,-0.012060092912212649,0.022730462689294212,0.6966769048604314
41.800000000000004,622.7721617933905,483.4304531288329,18419.80484369491,14.667260870729393,11.829863476827772,88.65597040428722,0.7168983225971991,-0.012229753435572135,0.023042685645962943,0.6966895024517369
41.900000000000006,624.5007446287718,484.5104482113194,18428.594667239246,14.664031817729652,11.826798741130968,87.65983083811689,0.716872626404152,-0.012439286046915578,0.02336177987787894,0.6967016067987742
42.0,626.2286400367719,485.5899972494773,18437.326897652663,14.660820620523127,11.823734005434163,86.66449529413299,0.7168459436409342,-0.012649255716970165,0.023675199760524714,0.6967147008149351
42.1,627.9565342573723,486.6695331321002,18445.921031600705,14.657601720217713,11.82083422562295,85.6692057472208,0.7168185867822169,-0.012902971838008268,0.02398834727433742,0.6967274834225636
42.2,629.6839524318915,487.7488931961947,18454.431768817532,14.65440034976747,11.817972002622868,84.67500467155342,0.7167900793526761,-0.013158841373795735,0.024316053475711585,0.6967406666605945
42.300000000000004,631.4107780210738,488.8278446737154,18462.868347034255,14.651198979317229,11.815146382121585,83.68081605283452,0.7167607220629547,-0.01343421804864515,0.024642292086018633,0.6967541507116843
42.400000000000006,633.137535295911,489.9067301041069,18471.15217920749,14.647991261176799,11.812393435342898,82.68749158862923,0.7167302872983193,-0.013718920574853289,0.024981784477381315,0.6967678213952301
42.5,634.8639404166304,490.9854482191037,18479.419636633243,14.64477542865331,11.8096445612029,81.69443596239184,0.716704528887546,-0.014004403707329548,0.02533478371316336,0.6967758920076742
42.6,636.5897197678635,492.06385188923014,18487.50055806258,14.641561648229494,11.806904865981881,80.70182894364004,0.716681243074134,-0.01429559920256897,0.025691095133327475,0.6967808832768045
42.7,638.3153670063668,493.14213420160905,18495.528765855986,14.63836912001493,11.804167808188097,79.70985996458231,0.7166568801209506,-0.014580708393834829,0.026076916743029827,0.6967857012964721
42.800000000000004,640.0407830994077,494.2200744918333,18503.43951521651,14.635195168704861,11.801420105747404,78.71813747857864,0.716631373056067,-0.014858873806129528,0.026468095298994885,0.6967913094695091
42.900000000000006,641.7655049632309,495.29793244029,18511.266052412462,14.632040910718068,11.798628785390322,77.72704749012917,0.7166053443117196,-0.015136181255647965,0.026877389400885306,0.6967964426285996
43.0,643.490066515821,496.3755122327066,18519.00241839226,14.628930625916786,11.795840854703064,76.73618505743774,0.7165777664081274,-0.015399478507968044,0.027304998529765884,0.6968024094436753
43.1,645.2144961989338,497.5806991086752,18526.565840228803,14.625887344932499,11.792990356044971,75.74617953570916,0.7165506823906215,-0.015540730450914421,0.027744052347082496,0.6968097823810663
43.2,646.9381091474424,498.8433991301629,18534.112586920106,14.622878059469928,11.790121980000768,74.7562471910766,0.7165233230683499,-0.015664023464560597,0.02819982376603301,0.6968168595890571
43.300000000000004,648.661627275634,500.10590789916466,18541.571344228312,14.619918919892356,11.787238291831045,73.76681484053218,0.7164935540337602,-0.0158110480446709,0.028672210945789103,0.6968248719063349
43.400000000000006,650.3850674944902,501.36841666816645,18548.843823464085,14.616985006700634,11.78430912385838,72.77793119979174,0.7164632615819366,-0.01597131635394077,0.02914856471475116,0.6968326004374121
43.5,652.1075751401005,502.6305161532405,18556.08313230766,14.614079951856109,11.781380014349237,71.78918355240035,0.7164321465499726,-0.01613414553998704,0.029642768268674423,0.6968399924135116
43.6,653.8300493996146,503.89254497496137,18563.236184637848,14.611176643287404,11.778439374573097,70.80120146453025,0.7163988959298021,-0.01629737427077774,0.03015080364816229,0.6968485822198454
43.7,655.5524991494049,505.1544827402085,18570.20834163069,14.608273334718696,11.775495047556799,69.81342422810229,0.7163654311209505,-0.01646242490233415,0.03065884490561242,0.6968569386109915
43.800000000000004,657.2740166203625,506.4160092255032,18577.180498623533,14.605465950848705,11.772563287535572,68.82575514444427,0.7163301190811663,-0.016674361654143374,0.031186060817264605,0.6968648045146856
43.900000000000006,658.9954794151746,507.6775057835844,18584.038309409934,14.602677807225593,11.769665267366397,67.83899135261024,0.716292964760558,-0.01689003843395482,0.03172029543529697,0.6968736887655661
44.0,660.7169422099864,508.9390023416655,18590.700779240415,14.59988966360248,11.766767247197222,66.85230399768267,0.716255575225141,-0.017105716408345094,0.032254747460177056,0.6968823262871142
44.1,662.4375484705388,510.20020566118797,18597.36324907089,14.59712422975111,11.763921770695282,65.86601026904613,0.7162159233889879,-0.017327133427757987,0.03280743848714422,0.696891809042945
44.2,664.1580594364086,511.4611187404764,18603.950353217766,14.59443136267471,11.761128413393967,64.88008951227614,0.7161739728315044,-0.017587899526137294,0.03336587890838408,0.6969018758431269
44.300000000000004,665.8785704022782,512.7220318197649,18610.27383754791,14.59173849559831,11.758335056092651,63.89440543115128,0.7161323180173644,-0.017849230740611653,0.033903847843835176,0.6969120727569778
44.400000000000006,667.5983242352446,513.9828512888216,18616.594448681466,14.589056005975118,11.755642960637667,62.90942848750848,0.7160893870090802,-0.01811057912792299,0.03445753838563881,0.6969222874790367
44.5,669.3179238460824,515.2433647800153,18622.915059815026,14.586412369708379,11.752989435168498,61.924535805949546,0.7160445128464078,-0.01838063944368248,0.03502042840553272,0.6969332660380655
44.6,671.0375234569202,516.5037387221794,18629.087823625137,14.583805563880194,11.75033590969933,60.93981722049573,0.7159965749563101,-0.018673155389732052,0.03558345177232521,0.696946221654577
44.7,672.7564311159291,517.7641126643434,18635.034490175447,14.581206843669477,11.747818220958806,59.95585435252586,0.7159482460899653,-0.01896567460401721,0.036154083126446884,0.6969586030610447
44.800000000000004,674.4751258469131,519.0241202578522,18640.981156725757,14.578618508653753,11.745308010153682,58.971962433061854,0.7158966798368722,-0.01926302669390014,0.03677721690146835,0.6969708142512966
44.900000000000006,676.1938205778971,520.2839886993836,18646.88529096595,14.576030173638028,11.742821036395565,57.98820837494214,0.7158338442209783,-0.01956421278977929,0.037407102598574715,0.6969934416627692
45.0,677.9118611865232,521.5438571409147,18652.662406296473,14.573466900848622,11.740427238452668,57.00520911922409,0.7157572870896456,-0.01987445333225981,0.03803776896447656,0.6970291530596261
45.1,679.6296098938069,522.8034756461701,18658.235600825075,14.570938723793947,11.73803414550632,56.02226349717889,0.7156781576558043,-0.020187237836047697,0.03866951272095949,0.6970666531034662
45.2,681.3473586010905,524.0628338495648,18663.774558150824,14.568410546739273,11.735643708900954,55.03942275751463,0.7155901324016488,-0.02050134877829844,0.03936534322084901,0.6971089060259997
45.300000000000004,683.0645592775275,525.3221920529594,18669.286158680006,14.565882369684598,11.733306189914485,54.05733207373984,0.7155013070814326,-0.02081747593732926,0.04007628211159302,0.6971502018019304
45.400000000000006,684.7814713197442,526.5812957402746,18674.678986721196,14.563359213097161,11.7309937613028,53.075279295077344,0.7154112099810874,-0.02114339218554915,0.04078734723299689,0.6971916163480305
45.5,686.4982436255737,527.8402610344375,18679.85319334764,14.560852034364865,11.728682863068704,52.09330151630165,0.7153134026306843,-0.021469925308244785,0.041510306328332976,0.6972393224658942
45.6,688.2145296391578,529.0991018788291,18684.991823359345,14.558353989828138,11.726376157840262,51.112065412741956,0.7152085726424317,-0.021796603953922,0.04228975171309919,0.6972898841765135
45.7,689.9305707108495,530.3576815454495,18690.13045337105,14.55585594529141,11.724088070051897,50.1308530374512,0.715102861509299,-0.022129654111883248,0.043078600329269634,0.6973395228034703
45.800000000000004,691.6465256962839,531.6161513966293,18695.118182700793,14.553360685768913,11.721799592870738,49.149697974506644,0.7149955430257535,-0.022480789147715303,0.04388437915408754,0.6973880905484866
45.900000000000006,693.3619361436579,532.8745642502649,18699.871853474593,14.550869668234471,11.719510065173914,48.16935246620451,0.714872877003486,-0.022832401259968396,0.04472139861217427,0.6974492438046179
46.0,695.0770757334565,534.1325383448982,18704.625524248397,14.548380651282699,11.717208134657193,47.18901905208613,0.7147457900779107,-0.02318549018945127,0.045622327813778625,0.6975094922762201
46.1,696.7922153232553,535.3903858176903,18709.379195022197,14.545894107145312,11.714899522385066,46.20868563796768,0.7146179623972918,-0.023553097203073577,0.04652338246945064,0.6975686305410291
46.2,698.5069106159712,536.6482332904825,18713.974062213507,14.543408188692561,11.71259091011294,45.22863758719209,0.7144844992405078,-0.023950830075759183,0.04743561992365939,0.6976303606109621
46.300000000000004,700.2211850139981,537.9060807632745,18718.299844904253,14.540923121136585,11.710280350864833,44.2491807148833,0.7143297182899857,-0.024349309997707312,0.04836883502816666,0.6977109863463548
46.400000000000006,701.9354594120251,539.1635502925199,18722.616028510743,14.538438053580606,11.707965389217593,43.269747664710366,0.7141726789014008,-0.024750897247863664,0.04934139184412199,0.6977895132825566
46.5,703.6494201038352,540.4206706275016,18726.932212117237,14.535950893525202,11.705590439392214,42.2903146145375,0.7140118137709145,-0.025178916986814872,0.050396621352310454,0.6978634053245749
46.6,705.3629468848095,541.6777909624836,18731.248395723727,14.53345985186385,11.703183172211835,41.31141652807333,0.71384959927068,-0.02564613122923985,0.05145200609995558,0.6979353241113048
46.7,707.0763552038813,542.9349112974655,18735.345493564306,14.53096723452443,11.700773741582974,40.33270835873136,0.7136782844500401,-0.026113693298960263,0.052520974849704756,0.6980135589854771
46.800000000000004,708.7894756871721,544.1917756822371,18739.18416624635,14.528474617185013,11.698356768787999,39.35409923746427,0.713475942353861,-0.02658660398684136,0.05361554543035705,0.6981193346834923
46.900000000000006,710.5022012553059,545.448293544402,18743.02283892839,14.525981999845596,11.695939795993024,38.375652638955444,0.713270586472884,-0.027104329337063738,0.054755874932093,0.6982207530317593
47.0,712.2148090535551,546.7046716285544,18746.86151161043,14.523481392714594,11.693435661444589,37.397618309025,0.7130594775475392,-0.027671014599136075,0.05599223244090721,0.6983160934254403
47.1,713.9270313202779,547.9610497127068,18750.692423176057,14.520971388761296,11.690882703299474,36.419599571746616,0.7128469463437935,-0.02823782015150407,0.05722886072928899,0.6984101331603427
47.2,715.6387977578089,549.2172292511461,18754.268325034987,14.518461384807999,11.688318196872727,35.44173809311567,0.7126205564070331,-0.028809692268030356,0.05848175734320009,0.6985140143730854
47.300000000000004,717.35056419534,550.4730531930485,18757.630015549646,14.515951380854704,11.685753690445981,34.464244319425966,0.7123546681817844,-0.029391366692105517,0.05976545583645806,0.6986523202367901
47.400000000000006,719.0621167075976,551.7288095951515,18760.991706064302,14.513441376901405,11.683189184019236,33.48689620578227,0.7120838810888515,-0.030024613124450445,0.06110312034290766,0.6987857165000768
47.5,720.7730359926728,552.9844237272333,18764.353396578965,14.510917075710195,11.680526776012366,32.50954809213865,0.7118049386484849,-0.030720594587928387,0.06255400909146637,0.698911275005902
47.6,722.4838095596795,554.2398836555046,18767.651632866182,14.508375995754674,11.677796371140124,31.532387071189568,0.7115239898026918,-0.03142114604606103,0.06400531204455434,0.6990347942316534
47.7,724.1944162391085,555.4948530469376,18770.744938789714,14.505834915799154,11.675065966267884,30.55570728923006,0.7112237539492909,-0.03213665427953107,0.06547817517295283,0.6991713780225965
47.800000000000004,725.9044915232834,556.7498224383705,18773.62425408261,14.503293835843634,11.672335561395643,29.579027507270556,0.7108699795131037,-0.03285469710879648,0.06699126731153986,0.6993544246009478
47.900000000000006,727.6145668074583,558.0047226595474,18776.5035693755,14.500752755888113,11.669605156523405,28.602347725311052,0.7105093735513952,-0.03362931224891886,0.06856837925542224,0.6995311835933787
48.0,729.3102259288759,559.259477176208,18779.382884668397,14.498184989271765,11.666776066572634,27.625667943351615,0.7101378727059627,-0.03447269483509658,0.07027968188707444,0.6996975070509455
48.1,730.971198620916,560.5140525408481,18782.19474303225,14.495585507290704,11.663903134023716,26.649391151373063,0.7097651231801754,-0.03532238550517855,0.07199178886646085,0.69985925823344
48.2,732.6321713129561,561.7680580060442,18784.80004636629,14.492986025309643,11.661030201474796,25.673345967403353,0.7093619652711206,-0.036192578006705035,0.0737317759835604,0.7000423735276545
48.300000000000004,734.2930595517117,563.0220634712402,18787.191559490428,14.490386543328585,11.658157268925876,24.697300783433644,0.7088869001149193,-0.037066531776199625,0.07552351749091993,0.700286822218827
48.400000000000006,735.9533121046962,564.2759974326093,18789.583072614565,14.487787061347523,11.655266430519715,23.721255599463934,0.708417903510843,-0.0380015819752908,0.07738902855242276,0.7005075959705145
48.5,737.613399322181,565.5297807738837,18791.974585738706,14.485145388417244,11.652314353789523,22.74524660775465,0.707854091863707,-0.039016319201938016,0.07942160404285697,0.700794206796117
48.6,739.2733475426016,566.7833742268559,18794.298689809177,14.482452999465382,11.649330503217397,21.770150999367306,0.7071379516910357,-0.04004734938872644,0.08147328324982162,0.7012233818132695
48.7,740.9323670597964,568.0363636272617,18796.41641644652,14.479760610513518,11.646346652645272,20.795401480268648,0.7063123201356087,-0.04110719929752902,0.08356862605844434,0.7017473828446178
48.800000000000004,742.5913865769911,569.2893530276675,18798.32054217916,14.477068221561654,11.643362802073147,19.82102345621777,0.7054775521715502,-0.042168271901969104,0.0857200276841721,0.7022644352953267
48.900000000000006,744.2504060941859,570.5422681030105,18800.224667911807,14.474375832609791,11.640364782454624,18.84664543216689,0.7045899369829067,-0.04330116611474196,0.0879651373045467,0.7028087679692958
49.0,745.9092558754571,571.7950266154331,18802.128793644453,14.471647256395755,11.63730872388424,17.87226740811608,0.703866616147236,-0.044507284457780634,0.09037241907128447,0.7031526962010725
49.1,747.5679380809019,573.0475873330598,18803.965551257254,14.4688752256876,11.634222361086815,16.89796443114072,0.7031369810701611,-0.04572206261941786,0.09278179403938434,0.7034908794975235
49.2,749.2254290911574,574.2995188468191,18805.596100738218,14.466103194979446,11.631135998289388,15.923998073393088,0.7023114218693857,-0.046967425253819264,0.09523867378495769,0.7039050523277348
49.300000000000004,750.8829201014129,575.5452619679389,18807.013232327834,14.46333116427129,11.628049635491962,14.950399035405537,0.7012994930485473,-0.04822537100273029,0.09778351186735254,0.70447975091438
49.400000000000006,752.5404111116683,576.4829624483447,18808.430363917458,14.460559133563136,11.624960376017103,13.976799997417988,0.6994629477822836,-0.049614264665313275,0.10054066318045286,0.7058197960305969
49.5,754.1977288867523,577.4200103560773,18809.847495507078,14.457761294593839,11.621806426314977,13.003200959430508,0.6973768532136424,-0.05111397475465563,0.10354518306807932,0.7073409936162446
49.6,755.8548653652781,578.3570077537532,18811.19729674488,14.454932591737133,11.618617823006595,12.02965872808031,0.6952685219808891,-0.05262757158551458,0.10656124368605577,0.7088559249915334
49.7,757.5107964124879,579.2938444741827,18812.341061849493,14.452103888880428,11.615429219698212,11.056458015931954,0.6931162689682175,-0.05417380460123008,0.10962996313560819,0.7103775811281564
49.800000000000004,759.1667274596978,580.2306811946123,18813.271597061423,14.449275186023721,11.61224061638983,10.083521143569204,0.6908976943668842,-0.05572827492401717,0.11278593042415812,0.7119227972125022
49.900000000000006,760.8226585069076,581.1671903540583,18814.202132273353,14.446446483167016,11.609055896291556,9.109604859681887,0.6883255122935292,-0.05739025866361164,0.11611366595032638,0.7137450272442887
50.0,762.4784112219147,582.1030095187392,18815.132667485283,14.44356528328552,11.60575826379413,8.13568857579464,0.6870163883430729,-0.059054175013569,0.11948990105051743,0.7143131316925682
50.1,764.1339678481613,583.0387762115856,18815.99589548458,14.440621194513065,11.602399538214257,7.161953609656216,0.6855825360517558,-0.060737504800501,0.12288785483094448,0.7149728085084781
50.2,765.7883069344107,583.9743759865869,18816.653276874767,14.43767710574061,11.599040812634385,6.188398543912455,0.6840362775026982,-0.062457946927792586,0.1263490343534921,0.7157019613245145
50.300000000000004,767.4426460206602,584.909975761588,18817.097645541788,14.434733016968153,11.595682087054513,5.216012120591191,0.6824672080176458,-0.06418048416440228,0.12989412843155906,0.7164125144300787
50.400000000000006,769.0969851069095,585.8452720237613,18817.54201420881,14.431788928195695,11.592325692790078,4.245070974521932,0.6808699982090414,-0.06595989424610216,0.1335534931825904,0.7170974845504554
50.5,770.7511528008475,586.7799289476948,18817.98638287583,14.428752237537113,11.58876856636432,3.2741298284527414,0.678770321199673,-0.06786330272151622,0.13752964701778536,0.7181580740988602
50.6,772.4051438696582,587.7145529811406,18818.387885241023,14.425566983648398,11.585090389955578,2.302632912840375,0.6748882214978806,-0.06998767056576975,0.14182439173605407,0.7207728188277519
50.7,774.0582015879575,588.6490591261447,18818.62854037423,14.422277413909917,11.581376456857534,1.3314759844826423,0.6708718240978303,-0.07219828448648395,0.1461902061201255,0.723427140065545
50.800000000000004,775.7112593062568,589.5830595886341,18818.705565980526,14.418865702803146,11.577614130940963,0.35872730362953836,0.6664486806890332,-0.0745086463187153,0.15091512366185875,0.7263051996796703
50.900000000000006,777.3635917237463,590.5165845203921,18818.642778265697,14.41519227443535,11.57335238210796,-0.6142350671484161,0.6617872967537625,-0.07700658813753616,0.1560804113083927,0.7292094791241858
51.0,779.0155967277597,591.4499871632344,18818.4900601687,14.411187374596668,11.56901720608666,-1.587017930017047,0.6611370757947576,-0.0795327271797126,0.16121210936490313,0.7284112630314232
51.1,780.6674077771428,592.3826231857076,18818.33008017368,14.406865715010962,11.564485934638654,-2.559705699268784,0.6586818501652509,-0.08237231176383834,0.16713243643127318,0.7289854396420475
51.2,782.3180269261713,593.3151478432674,18817.999261104233,14.402245267067395,11.559929923531708,-3.531956428811411,0.6595130254521956,-0.08515419724715181,0.17274702549331628,0.7266015394515045
51.300000000000004,783.9686460752,594.2474476591586,18817.48072893062,14.397255502643425,11.55452625253042,-4.50400173372424,0.6605339536855842,-0.08812526704704149,0.1786003425864396,0.7238996829425917
51.400000000000006,785.6189320566126,595.1787709357964,18816.94250358524,14.39169387829634,11.548884431679888,-5.475449702211606,0.6610400916426442,-0.0912948185044162,0.1849983412501064,0.7214338965491152
51.5,787.2691910172146,596.1098568470231,18816.377848200882,14.38556196060783,11.542534520350456,-6.4422192599364205,0.660378238047724,-0.09498921748033837,0.19170169720896651,0.7198111492347546
51.6,788.9192461607867,597.0406433409796,18815.799862586333,14.378807811932527,11.535958841143614,-7.408804224527447,0.6603449182417485,-0.09885636925720154,0.19885521902176911,0.7173761977354607
51.7,790.5674565162957,597.9698159513385,18815.032654902323,14.371284556456397,11.529288540687718,-8.374766050239668,0.6602503035247042,-0.10343702648984933,0.2067459654752875,0.7145812927905163
51.800000000000004,792.2152902844078,598.8989872739886,18814.023844632633,14.363496802232651,11.521912262846618,-9.337625222235376,0.6609600921715056,-0.10809165602604794,0.21466399150538865,0.7108919194963156
51.900000000000006,793.86312405252,599.8281585966386,18813.015034362943,14.355650608213105,11.514668453830557,-10.300988960102009,0.6618513191312067,-0.11326845974408402,0.2225958001437183,0.7068056289743753
52.0,795.510957820632,600.756340034627,18811.961343570678,14.347380255203957,11.507631435561173,-11.266190819052868,0.6636704301343481,-0.11910127897548459,0.2315754649251567,0.7012340904123178
52.1,797.1583538846822,601.6830135808242,18810.907407202565,14.338098674948439,11.500140926893737,-12.230956863929977,0.6638911264889117,-0.12589233402244507,0.24146960135484516,0.696485551914178
52.2,798.8037547567599,602.6094906823979,18809.650486838153,14.32869488909502,11.492163650977963,-13.19457586152851,0.6599373617816677,-0.13314201728255032,0.2506404983578947,0.6956545280104856
52.300000000000004,800.4491556288376,603.5358378417899,18808.16816162169,14.319289778809154,11.48418637506219,-14.156527739781277,0.6533219887595689,-0.1405397435805711,0.2598899557675736,0.6970481836779131
52.400000000000006,802.0945565009154,604.4608924057438,18806.667080030376,14.309960221296192,11.477997034100879,-15.11650017127458,0.6464401749228396,-0.15094173882278814,0.26981955330702545,0.6975163800084406
52.5,803.6343837405311,605.3851054749277,18805.126932781466,14.301155715626589,11.472268144539049,-16.074043363220905,0.6390234008498074,-0.16205366721420691,0.28055822342861186,0.6976208034278755
52.6,804.9853602294666,606.3088984407348,18803.586785532552,14.292747161760817,11.466539254977219,-17.032310247922062,0.6314341741958046,-0.1733127713567723,0.29143080166687607,0.697367661124388
52.7,806.3361452942842,607.2322262850033,18801.947148262298,14.284338607895045,11.46081506363555,-17.984034563524066,0.6214802111340716,-0.18681236726290343,0.3034551770726499,0.6976950925111818
52.800000000000004,807.6869303591018,608.1548322511449,18800.103731217452,14.275930054029272,11.455147479287612,-18.934641049737007,0.6095296795325599,-0.2025654502638768,0.3245172372729182,0.6943553635143033
52.900000000000006,809.0372607538009,609.0766973577871,18798.14715698164,14.271473012968723,11.452969331173774,-19.883928090397152,0.5969827011677924,-0.21914713628549987,0.3493929804125721,0.6881211611356615
53.0,810.3867620250205,609.9985624644294,18796.11321024631,14.268226965836561,11.452450814308106,-20.82516429310003,0.5834663216307767,-0.236319704077415,0.3751861246553135,0.6804082751212993
53.1,811.7362946660616,610.9205445324719,18794.00546827764,14.265114195644962,11.453224161565526,-21.768310891816288,0.5672908053252582,-0.2571236935381574,0.39844086043307775,0.6732855480047558
53.2,813.0860980445669,611.8419361851181,18791.77993578927,14.262001425453363,11.4541840839743,-22.71028309072183,0.549715149679008,-0.2801770809520364,0.4188702776278834,0.6662295010298792
53.300000000000004,814.4361514081586,612.7632809674182,18789.443887187324,14.2642741952458,11.455144006383074,-23.646022884457466,0.53095463810539,-0.3097360903678099,0.43873051189354295,0.6554893321265175
53.400000000000006,815.7862460318676,613.6846635359547,18787.01151674557,14.268580295877207,11.458182783527796,-24.595276799364846,0.5106326249543043,-0.3436645755954267,0.4606974437617234,0.63945824502035
53.5,817.1363406555765,614.6074623402419,18784.496554916423,14.273461027719804,11.465077372025618,-25.53542965422133,0.4897363913021032,-0.3782431986703283,0.4818810967265512,0.6203877483571448
53.6,818.4870720939647,615.5302776493637,18781.925755244745,14.280490640642789,11.472238907521062,-26.465372964078504,0.4649349782384986,-0.40500554218871615,0.5132990417522708,0.5969338912668566
53.7,819.8393893533542,616.5590139706173,18779.18884799386,14.290697533464227,11.479400443016507,-27.3982079035511,0.4351236867598059,-0.4295705999309344,0.5452118277942909,0.5734810718138303
53.800000000000004,821.1917066127437,618.0177102528435,18776.402337582862,14.301512935347615,11.483185656569146,-28.3325088134009,0.4024834638813824,-0.4582965557294962,0.5824984998359225,0.5372772338350327
53.900000000000006,822.5440238721332,619.4756361130005,18773.582508490163,14.312328337231001,11.489193627110266,-29.268325434701662,0.37618464125781353,-0.48505204787114264,0.6206212904093069,0.4878922426401423
54.0,823.8981660798012,620.9326378992614,18770.518533037903,14.322524852636548,11.495319707460606,-30.211569438597998,0.33591254749021066,-0.5119853155741428,0.6592690489663806,0.4363463282188201
54.1,825.2525933967098,622.3896396855224,18767.445592251373,14.332175910089392,11.500164580024286,-31.140629650244662,0.2960756075745844,-0.5318049740586837,0.6956659430707363,0.38153846440075534
54.2,826.6072477276022,623.8467744642708,18764.340499719307,14.341517489638871,11.497288529137476,-32.075627098439966,0.26356513205256993,-0.5457696293913794,0.7290627423226241,0.3180195757451464
54.300000000000004,827.962630047127,625.3010812137325,18761.00006237339,14.347187044380224,11.493748461826982,-33.038681479700166,0.22897528687165442,-0.5612039177496339,0.7531430456284924,0.2557264818628381
54.400000000000006,829.3180123666518,626.7531803585883,18757.644875978032,14.347847832912601,11.484720823728486,-34.00592292089269,0.1819010405141826,-0.5694353193254892,0.7768334829620838,0.19795243952407837
54.5,830.6729519663565,628.2032189189183,18754.246425902315,14.34560616081256,11.471637888661702,-34.96282797343707,0.14048349287937165,-0.5819738558596005,0.7887872668130158,0.13923170270442214
54.6,832.0274521487794,629.6506727786917,18750.67468908971,14.333243825844656,11.449476930420465,-35.92828273810257,0.09578824624656142,-0.5905018280201014,0.7983415208781766,0.06915937411404748
54.7,833.3797440355863,631.094567423029,18747.008772328638,14.320178312546254,11.421627508697558,-36.89399123481968,0.035878590136466826,-0.5953439762113178,0.801027230108751,0.05131913271889236
54.800000000000004,834.7299027643392,632.5340998794824,18743.262834003675,14.293488792056763,11.386742611961733,-37.861223124581066,-0.0006096400680605179,-0.5942918123593283,0.801309729190914,0.06869925767893088
54.900000000000006,836.0771900264979,633.9713564275295,18739.408361076617,14.262381929438487,11.342850454563,-38.82965787594692,-0.019579498297625994,-0.5904562976259332,0.8000878514637767,0.104102996020125
55.0,837.420092853656,635.4032919688693,18735.45994463523,14.222927434149382,11.297011613283628,-39.79199203998635,-0.02720910937975435,-0.5829447780866754,0.7960138429687128,0.16061448213165153
55.1,838.7592279197893,636.8315028226389,18731.419013059734,14.176639942309027,11.242433830692173,-40.743573545964544,-0.03423223764894275,-0.5742273653652425,0.7916708017447833,0.20578733789038262
55.2,840.0941150082436,638.2552362306672,18727.23550318074,14.125815367623932,11.185097522853995,-41.683179206536344,-0.04365283119583834,-0.5708954178286358,0.782966502207077,0.2431795810763524
55.300000000000004,841.421079440509,639.6734367840147,18723.03388239813,14.069004030794998,11.123539936948081,-42.60899186461465,-0.05163744779154403,-0.5655372656813,0.7793624550359333,0.26475524318067256
55.400000000000006,842.7475593759478,641.0872264276891,18718.67961409926,14.008152584694555,11.058966840913694,-43.516599109931114,-0.049866354660094876,-0.5620249032300566,0.7706472607044912,0.29621639791008036
55.5,844.0634048385022,642.4972864837041,18714.275177449712,13.944805059862237,10.992283591034544,-44.425333534235726,-0.04285489057812792,-0.5610591910286219,0.7574660472676752,0.33109096899874685
55.6,845.3772766127555,643.9005539491318,18709.78686466231,13.8790415536404,10.924205712318782,-45.31296288847298,-0.03981626267654199,-0.5558596938018843,0.7524144623212147,0.3511511681923123
55.7,846.6837191646431,645.3020551982851,18705.183681102688,13.810164561075894,10.85592649256927,-46.160091230585465,-0.03368169637119467,-0.5551695520636203,0.7476513642451172,0.36286326534033836
55.800000000000004,847.9852431416915,646.6988468196649,18700.488642052882,13.740579298722306,10.787460042975148,-47.035394912806275,-0.018809543182221847,-0.5555084522003956,0.7426893395710921,0.37345562722584863
55.900000000000006,849.2776152583212,648.0921902295606,18695.65818147433,13.668199814638642,10.718891680541333,-47.908184097937955,-0.015829726499601467,-0.5591077261098617,0.7419525006032275,0.3696680365027867
56.0,850.5648073391673,649.4831287597705,18690.817253735448,13.594989154956204,10.654871719408744,-48.75434116904434,-0.015622161499894194,-0.5659669371712853,0.7439126322958972,0.355008971167793
56.1,851.8464373784149,650.8711959858294,18685.92090608111,13.520932629742363,10.593451755585242,-49.57814426268183,-0.015197193943864581,-0.5736240225884565,0.7482742378444115,0.3328816471120566
56.2,853.1200736592527,652.2573930106574,18680.95157148139,13.448013758603006,10.53164284969793,-50.4225691800722,-0.014520954008936141,-0.5823299245546173,0.7566433196521887,0.29693751478821256
56.300000000000004,854.38898937679,653.6436915222663,18675.910650243837,13.376434176177376,10.48200364416627,-51.27753630258879,-0.012097866630332303,-0.5843753590511334,0.7701977003694835,0.25525395922965216
56.400000000000006,855.6522172770638,655.0286403170511,18670.796406269576,13.310572183340412,10.441886555631324,-52.14182735741165,0.007746857832058261,-0.5828082441948415,0.7802449532424537,0.22691925795740023
56.5,856.9094341616964,656.4159866024993,18665.579337325642,13.268013256301165,10.433045055884108,-53.02910141506243,0.03832203751548254,-0.5876191550396631,0.7811372094478664,0.2075085783458946
56.6,858.1642345739987,657.8032253799074,18660.315275823017,13.248281947809962,10.427302702557718,-53.94297051575358,0.08406637698244315,-0.5891247535540005,0.7864302712553676,0.16550618557683228
56.7,859.4175175963026,659.1942386882544,18654.915927380036,13.242513141881295,10.440047832979257,-54.863414357829335,0.131865504536812,-0.5850913999321672,0.7933538932723102,0.10425517957558153
56.800000000000004,860.6209736604193,660.586886964905,18649.494774289054,13.252652772108156,10.456581837099158,-55.78948369661106,0.17297466925153096,-0.5863767380809503,0.7885583067969532,0.06646714689521852
56.900000000000006,861.8168441242361,661.9805091614998,18643.90387892671,13.278174152018655,10.490409831152991,-56.718580497806165,0.2114884530450499,-0.5864482101750699,0.778925815146882,0.06801253934999296
57.0,863.0135468684089,663.380842879834,18638.308200663312,13.312507776850483,10.525732937134679,-57.67583881652825,0.25371931488135935,-0.5830843932561887,0.7707713842200634,0.0393773140867078
57.1,864.2153219705913,664.7860579025776,18632.5463490151,13.360461777919763,10.569248487343089,-58.63780317487011,0.26433507095681674,-0.5798190514471538,0.766847464501209,0.07669292033326519
57.2,865.4192694361245,666.1970739094198,18626.732992203888,13.416547300442483,10.613800264968344,-59.58506169169564,0.2911234340595797,-0.5668577075777139,0.7535108451352959,0.1616814515168289
57.300000000000004,866.6329754539522,667.6126711189868,18620.806995864565,13.480222187045301,10.690467266142823,-60.52167821033091,0.31512427322705155,-0.5493613568841006,0.7372262946656515,0.2353639361481205
57.400000000000006,867.8499480526103,669.0349360006993,18614.78804564713,13.549878672074625,10.76757443646198,-61.42677048229518,0.3346940354761467,-0.5329062340502835,0.7262251765240089,0.27674508362337447
57.5,869.0774598274297,670.4636977643054,18608.665737935018,13.624527915633102,10.840809448314044,-62.311690550661886,0.3328347089898317,-0.514784253394353,0.7113921782499396,0.34371412201665336
57.6,870.3105100684558,671.8945647086126,18602.458434448316,13.701854142294323,10.910704726695226,-63.17378801821482,0.3591162524811505,-0.5022664509566515,0.6966233633218061,0.36534890053415947
57.7,871.5523489220445,673.330351670038,18596.1058908815,13.780481625968216,10.979594471429193,-64.00866636739086,0.36223071332949175,-0.4954786978177393,0.6868001731156437,0.3893524014796452
57.800000000000004,872.7938696401695,674.769987364329,18589.673837078848,13.85903862091158,11.041063533235485,-64.81127460210749,0.34908899277664457,-0.4982216432962766,0.6774759157256008,0.4134470375817248
57.900000000000006,874.0092688910747,676.2114729049506,18583.18666633076,13.934100145436647,11.117636018778832,-65.58762892814663,0.3379811889396175,-0.5036936035005454,0.6736153652615946,0.42226035736152934
58.0,875.2350644816352,677.6536923941517,18576.596874496398,14.006873365041644,11.192729554859271,-66.36279677857203,0.3176198459427357,-0.5104223813309975,0.6819991771987994,0.4164897938723916
58.1,876.4645737406198,679.0971983978039,18569.931054871184,14.06540208079516,11.256411795252614,-67.14862971299353,0.29636099728841775,-0.5241723288899095,0.7009049797421845,0.3822901231851941
58.2,877.7058826809954,680.5377214050325,18563.18111932766,14.12401851549536,11.299899059147075,-67.94836125492799,0.2648910457939864,-0.5389411820720985,0.726489860930725,0.3340473291163293
58.300000000000004,878.9495532724269,681.9742574052774,18556.334516662253,14.191346665989363,11.342847296951005,-68.75551889233371,0.24245392059073456,-0.5520869744036759,0.7482118849962487,0.27675809696255893
58.400000000000006,880.2000430130051,683.4064730178544,18549.387336525273,14.249762781749386,11.339352755044324,-69.6243216198003,0.20551142754265933,-0.567122764717002,0.7648567958056642,0.22612143816766903
58.5,881.4505752357287,684.8343278530072,18542.3292009479,14.27493655934023,11.331825958159587,-70.49945153772381,0.16812134624642233,-0.5759441029303835,0.7830113201629558,0.16406363318137118
58.6,882.7016176280888,686.2541335348952,18535.210423107626,14.276745489110372,11.280530601483386,-71.41753030916584,0.11061073562150608,-0.5869876909301175,0.796633682441426,0.09265792929701917
58.7,883.9503526671979,687.6663799387225,18527.980403592108,14.243934785772328,11.212344854691237,-72.36050140653644,0.04814501484355732,-0.5922923218289853,0.800557619326584,0.0773263291919112
58.800000000000004,885.1920675625363,689.0713833791539,18520.67044278699,14.179854530776813,11.11362673101319,-73.30864851776113,0.002817316476989531,-0.5929557590940803,0.8012767996588589,0.0796932921486383
58.900000000000006,886.4245709724373,690.4686838847825,18513.250245289735,14.086425799471403,10.996069324237311,-74.2616769808203,-0.020072885469717236,-0.5888652954039945,0.8004824470900922,0.1098298458450336
59.0,887.6464291451191,691.8566468241037,18505.725009755537,13.965308746719614,10.865812568302388,-75.18718200359994,-0.020439609105912696,-0.5814783106743298,0.7979497145580329,0.15729415002370256
59.1,888.8556438383034,693.2393876764748,18498.12911339311,13.825102984489858,10.723033027587858,-76.08015936967031,-0.021820190620899793,-0.573562225946621,0.7955766005255844,0.19392814376613687
59.2,890.0545796774486,694.6163175147012,18490.428864244263,13.676156749659457,10.579234267351987,-76.93388248860332,-0.016674231536140966,-0.5696705109201695,0.7903800275899855,0.22471513295166845
59.300000000000004,891.2384128842523,695.9896880086218,18482.6431026939,13.521510783250745,10.440055291042514,-77.74990121090791,-0.011647216611153557,-0.5734996441754666,0.7832853991333303,0.23963823563940154
59.400000000000006,892.4085446865442,697.3602020088771,18474.78788732248,13.366398732660985,10.311803866563592,-78.54083547278803,-0.008549229722724741,-0.5746516173934074,0.7822288994539782,0.24045868284864882
59.5,893.5666956880527,698.7315433198792,18466.846559217905,13.21773004508997,10.217303691158214,-79.32649998881008,-0.008822746195838529,-0.5772815565931061,0.7873864830261046,0.21608028580781286
59.6,894.7132664288357,700.104002154763,18458.8222430405,13.081558248454757,10.180023402645457,-80.11359316519763,0.0039676764162421205,-0.583876043734472,0.7896448336163086,0.18850480057523533
59.7,895.850840513503,701.4779589620704,18450.717396896467,12.985183921937194,10.170073984049248,-80.91495274990773,0.0255283910410932,-0.5857739774375573,0.7904732218888125,0.17711361913911983
59.800000000000004,896.9808323922011,702.8601712496023,18442.517818587865,12.961818925877479,10.186434975230187,-81.75077521460386,0.07834389224629558,-0.5861996715428606,0.7968648618040165,0.1234446096547299
59.900000000000006,898.1104766520973,704.2426147139315,18434.232221766768,12.973151736528731,10.186217894075567,-82.61925030979187,0.12438221144224863,-0.5880662252066716,0.7969158512988951,0.060268617011420174
60.0,899.2394228040861,705.6342611722247,18425.85991246408,13.020951754099329,10.168230025416115,-83.5330630194087,0.16092923516021398,-0.5880647171970432,0.7902261368516248,0.061841105223526815
60.1,900.3739866284296,707.0332553291327,18417.365815342917,13.101937350378753,10.255492112365758,-84.47350597622889,0.18359737987659328,-0.5884960806349596,0.7866873960622417,0.032974324201572786
60.2,901.5151068384346,708.4399056421415,18408.7652620211,13.205644307946004,10.380178474520383,-85.4238509079805,0.20107733478450596,-0.5851368543857793,0.7836563936377617,0.05536626938969654
60.300000000000004,902.6667328414937,709.852592229195,18400.071477680613,13.328031291813206,10.504819227737654,-86.3643921753419,0.22080871857361523,-0.5748578891803432,0.7751481900279626,0.14116373665135012
60.400000000000006,903.8333828318658,711.2712041705499,18391.278648209434,13.457994688420499,10.634997147860359,-87.27224626053568,0.23922160004756082,-0.5624546274910261,0.7673341471109597,0.19394876839544992
60.5,905.0093130848012,712.6929444183368,18382.406790516932,13.593393839590696,10.759699393426803,-88.1306119833412,0.2547724968304516,-0.5496536995259698,0.759529473525316,0.23682644341911793
60.6,906.202333242938,714.1167244173201,18373.45578144791,13.723096656679438,10.891374601780205,-88.94814961454323,0.25408822864790015,-0.5389684308283922,0.7526279148287358,0.2801846256551239
60.7,907.4095339923836,715.5395186504022,18364.399443799048,13.839858406784852,10.992090897973597,-89.69840387700752,0.24284333061975474,-0.536814697035671,0.7474500313351965,0.30688034879577913
60.800000000000004,908.6304447595293,716.9597499711026,18355.250129120803,13.932162217097067,11.077630393317019,-90.4448051201482,0.22171339698848924,-0.5459259473712031,0.7548571692578384,0.2880949211678711
60.900000000000006,909.8596620897539,718.3740772356587,18346.01101122357,14.019964290164056,11.146816177370066,-91.20882395596847,0.20498900477099005,-0.5592931032583098,0.7660191744862278,0.24163062076261468
61.0,911.0953731821629,719.7825307963618,18336.67482868162,14.112504755627315,11.153413028565275,-92.0025825625617,0.18240865223037706,-0.5684276738513998,0.7762744989771194,0.2025215184349709
61.1,912.335591526101,721.1845140530093,18327.20157280815,14.160036419964412,11.12924701708693,-92.85286322252527,0.1507645095894925,-0.5777138463873234,0.788561857098406,0.1472649716331656
61.2,913.5750187806314,722.5790156760548,18317.630710643258,14.15089958469728,11.074213625181049,-93.75444106201007,0.10173992327533907,-0.588126140964646,0.7981950202857672,0.08149441647723646
61.300000000000004,914.8081541889139,723.9656014410423,18307.959676980154,14.097990499968061,11.005940897558169,-94.68542823325438,0.0419241655064104,-0.5924032988790425,0.8005716274724365,0.07991098241139068
61.400000000000006,916.0306114996127,725.3448254122047,18298.33823791067,13.981085184116566,10.87283058724979,-95.62762057236387,0.015477393069818176,-0.5919094845776144,0.8010937517271981,0.08747807333536495
61.5,917.2388806229993,726.7184931961762,18288.73975525416,13.81783507043008,10.69377490917592,-96.54870770077221,-0.002057838493972866,-0.5889562761989171,0.8019396196046753,0.10009553703810357
61.6,918.4320245384151,728.0890876650244,18279.02591424538,13.626033587271753,10.48562456915587,-97.4243047717051,-0.008292895753937381,-0.5831456500540426,0.8012061336336012,0.1339444292643727
61.7,919.6065431217792,729.4597190640314,18269.129814352964,13.422205251739204,10.262647468528,-98.24840924441551,-0.006982843354667037,-0.5763150364318702,0.7985742327746879,0.17346876787922036
61.800000000000004,920.763963675152,730.8291790440068,18259.148566479045,13.220777282584395,10.120997384657196,-99.0267930654581,-0.004650946524176294,-0.5760285567309992,0.7992038434751889,0.17158871495910555
61.900000000000006,921.9052147872123,732.2019186132835,18249.088607056692,13.036877441041407,10.077525935776768,-99.79253027910434,-0.0006010309498610893,-0.5791660289915884,0.7999134438201078,0.15717770840601833
62.0,923.034685401515,733.5783699409218,18238.933881581816,12.887863373306327,10.075070074029158,-100.56005721556338,0.02660541917788094,-0.5810486546481629,0.7988415525277658,0.15338444040044585
62.1,924.1559666241014,734.9613489893927,18228.70656355385,12.865350955203624,10.113959871863761,-101.36971666448432,0.07656214365458887,-0.5854555131465935,0.8001291463793613,0.10570444361287522
62.2,925.2743858287654,736.3503531713662,18218.39597535795,12.90844715330825,10.079526309687935,-102.22618206464166,0.10668022192254481,-0.5889834406781166,0.7985297967808411,0.06378087887974448
62.300000000000004,926.3963703544608,737.745771283234,18207.99010911107,12.996100024046031,10.117583523682558,-103.12170447166673,0.132212429692403,-0.5904700693901294,0.7942827138619714,0.05458883630660057
62.400000000000006,927.5269805657183,739.1456950425937,18197.492395789886,13.12027405777633,10.269786045517787,-104.05563988901878,0.15271533981868707,-0.5904627763842154,0.7920574239680462,0.026014838569744497
62.5,928.6728663559381,740.549481023914,18186.90428886201,13.271647728780213,10.430358311839786,-104.98871077789654,0.1497673825704025,-0.5889546655486763,0.7928456014777218,0.0458037691013229
62.6,929.8305008549656,741.9552995519874,18176.20241243634,13.436848299297122,10.583629764702064,-105.88522042931741,0.17949423444873105,-0.577553039706168,0.7847400056857396,0.135637124719506
62.7,931.0085412113664,743.3604164795903,18165.407687254603,13.597876139218297,10.71310423478252,-106.72786937733807,0.1893593233561662,-0.5695117334938523,0.782250254549188,0.16698494341901843
62.800000000000004,932.2037625077159,744.7620128741366,18154.532138129187,13.734792155651173,10.824415806288886,-107.52184684946813,0.1871093094470258,-0.5617001090905335,0.7779275554126922,0.21050371088313932
62.900000000000006,933.4143025854867,746.1598547373097,18143.578137062203,13.838680248067128,10.92474888821375,-108.28724712769825,0.17143902580593695,-0.5607512395711972,0.7786146762599533,0.2234410294970134
63.0,934.6367301187466,747.5518101945728,18132.531277054495,13.944034268208569,10.964305147901712,-109.0452531830621,0.1549574563448141,-0.568338716468114,0.7852331375400409,0.19075693904952729
63.1,935.865965920814,748.9376244819574,18121.40889104981,14.031994929714124,10.951496831924599,-109.82575113776952,0.14612896763866845,-0.5758365424038192,0.7892913565616065,0.15517008637753105
63.2,937.0959639648943,750.3178051294598,18110.218819046535,14.0548448633451,10.95260780780471,-110.67086489129491,0.11332506831722022,-0.5850866826171595,0.796294249719061,0.10366518499140658
63.300000000000004,938.3193844090263,751.6936233855629,18099.260451899492,13.995283414372567,10.89218524561256,-111.56958786381077,0.05771419459987296,-0.591708276103339,0.8006529725003798,0.0741970710931954
63.400000000000006,939.5308058591853,753.0663448287146,18088.220124995976,13.860332915523859,10.750748665846862,-112.50081415815545,0.04634064027913316,-0.5923615163828151,0.8009096447117183,0.074189756536337
63.5,940.7265287763057,754.4386485081087,18077.092813141542,13.66906379474796,10.540229651809932,-113.42374002000157,0.014181825696137542,-0.5909525652101385,0.8025397328961507,0.08064687603656205
63.6,941.9022363699412,755.810278489135,18065.86829429084,13.445153763074776,10.294454962311463,-114.30844036051852,0.000373523916206051,-0.5865185334616589,0.8023020607912873,0.11093815230083116
63.7,943.0574659539167,757.1869218697423,18054.556896402817,13.214075245669004,10.056299398719709,-115.14745502603176,-0.001395209745513764,-0.5829467845470293,0.8020764336183153,0.1297863413852544
63.800000000000004,944.1955915846704,758.5639822132626,18043.15473337663,13.002095681640295,10.029767617052379,-115.95712231242186,0.004086520697889788,-0.5824225756425722,0.8028627529711745,0.12719529716937217
63.900000000000006,945.3208288466514,759.946937322975,18031.672385025147,12.843522880073328,10.052211638179298,-116.74110742374103,0.04150607405502448,-0.5841446570935375,0.8019588364357616,0.11795884904580789
64.0,946.4381298649118,761.3341953582109,18019.982511888764,12.852689886895702,10.110945594954872,-117.53535451185672,0.0659474675925813,-0.5886200428880576,0.80176814447562,0.07965688377477526
64.10000000000001,947.5560903770138,762.7238051733382,18008.13869665225,12.927581810666718,10.047090366574066,-118.36840589189462,0.09197401513613766,-0.5916468614409317,0.7993633923049275,0.05012922231185143
64.2,948.6807283099504,764.1149958407996,17996.20797055887,13.060413915052958,10.171174623342175,-119.25612090265537,0.10727729069249355,-0.5929164680963991,0.7972545564308271,0.03642549947571173
64.3,949.818798920141,765.5068141031352,17984.11581322883,13.226900230724253,10.345530000909923,-120.17699039165399,0.10611950748004255,-0.592801610532809,0.7980809342877567,0.019791993539861073
64.4,950.9759314294923,766.8959803857477,17971.908762760962,13.406465822867158,10.50150437347261,-121.09705107779284,0.1368187884462822,-0.587398513619076,0.7963909683517836,0.04477757087985169
64.5,952.1513744389664,768.2819381360681,17959.60731999694,13.575363026414879,10.611175553628994,-121.98699728789929,0.14382256095816168,-0.5799339772741269,0.7933557977080702,0.11652566758203964
64.60000000000001,953.3459166174754,769.6637319550342,17947.22306560763,13.707913856541408,10.721576263838484,-122.8160909372303,0.14501562171810173,-0.5753079744712111,0.7925225242691502,0.14106471030558712
64.7,954.5554188049076,771.0412526443107,17934.762952409805,13.791940143774845,10.786879409319422,-123.61102435552586,0.12399514812578297,-0.5756096960536233,0.7937670844679223,0.15242210031886694
64.8,955.7742953079886,772.4153309784907,17922.218709105953,13.910291461901892,10.781842693924824,-124.38541960582504,0.12064249745773994,-0.5780536337868365,0.7935537651783707,0.14687343546136788
64.9,956.9948199840021,773.7878780337853,17909.59243890538,13.941189174361066,10.816163798402014,-125.18980055981959,0.11062880659554576,-0.5843496602545459,0.7968479920007329,0.10644256364839295
65.0,958.2093039539078,775.16037018574,17896.88097861019,13.887889419712607,10.763706581217148,-126.0321198216969,0.06980838419373127,-0.5907442735806959,0.8010129498713647,0.06727738748086871
65.10000000000001,959.410555455343,776.5344685551472,17884.075125013984,13.743501651692647,10.614540559567153,-126.93283582270637,0.059603367027333716,-0.5911452694005508,0.8004826435877729,0.07888121715012897
65.2,960.5927603959947,777.9116317607635,17871.143255733183,13.53120409964304,10.390540701763063,-127.85342901143493,0.023834772162851042,-0.591032470123875,0.8031660102805194,0.07097099988930893
65.3,961.7559755167116,779.2912110618171,17858.092461223783,13.29196538388755,10.126350355883918,-128.75511272394826,0.0018928235397753373,-0.5884117843754473,0.8040518927916939,0.08525575010076296
65.4,962.8985487823982,780.6729788233029,17844.952095020762,13.059667251607475,10.030622416753046,-129.61629533436923,0.002554477808162018,-0.586331825982447,0.8039852708188672,0.0990764794970527
65.5,964.0258400957639,782.0581446017469,17831.724195162667,12.873622774758676,10.052368469820939,-130.4355892974988,0.03616314454088503,-0.5871528952141737,0.8042398274028602,0.08451038183292187
65.60000000000001,965.1447264631382,783.4433235555226,17818.41480332427,12.863747317997541,10.111527869130725,-131.23254222637055,0.05884341964256557,-0.5897114727386512,0.8033527472812295,0.058328332059823206
65.7,966.2642425496214,784.8269147346775,17805.02226504962,12.951541982310045,10.078434867634781,-132.05188656718065,0.07517372709682603,-0.5919860460746981,0.8012606308527772,0.04339162883122775
65.8,967.3927002552407,786.207580588217,17791.542913961905,13.099924919627156,10.159536646569428,-132.91172092544284,0.08772393699851733,-0.5928685539744649,0.7994694020250773,0.04074388066166793
65.9,968.5364245216721,787.5841135342723,17777.96375252906,13.277103780272139,10.331136117381645,-133.81081100059683,0.08684306969295719,-0.5926117200659415,0.8004629049590221,0.022994961868940896
66.0,969.6982937447895,788.9564566009727,17764.299454583317,13.454150467682902,10.461043321296664,-134.7231804282089,0.10635910203242503,-0.5888133157411498,0.8002772040359833,0.03928125915902379
66.10000000000001,970.881450778287,790.3248703904012,17750.545302470084,13.594934582728039,10.551878587315048,-135.60893289701457,0.11320916295280732,-0.5842496364179879,0.7994014653301603,0.08242175075164462
66.2,972.0808650673903,791.6283506683687,17736.707866461664,13.678401483592031,10.61912084821385,-136.44804431760696,0.10553650340832155,-0.5819907087997302,0.7990764430720925,0.10782253682039711
66.3,973.2906237776855,792.9308880704785,17722.790870964465,13.808796912117623,10.624453414343035,-137.24797464819167,0.09632280327861222,-0.5836107207536526,0.799938395351953,0.10108910837322914
66.4,974.5024529202772,794.2433754591378,17708.785620121358,13.848817096916049,10.68317296993009,-138.04368013770446,0.09528036843080177,-0.5855911230094634,0.7985626960688217,0.10150028813506366
66.5,975.7070684031075,795.5562900620216,17694.699964029656,13.788055222030406,10.642039622829268,-138.8710602690428,0.08152638194670453,-0.5898057168977651,0.8005550481776442,0.06778111978038699
66.60000000000001,976.8977495736754,796.8596301790895,17680.5196927719,13.626084244542986,10.482717402054679,-139.74741876164663,0.06363228770614873,-0.5910968022187029,0.801321380184012,0.06662993342406659
66.7,978.0688442589851,798.1454658843645,17666.2479322462,13.405718944020395,10.249015990141892,-140.65202898914458,0.03562135995991435,-0.5908656818848339,0.8031975590863667,0.06695181672724765
66.8,979.2187485601149,799.4097696886139,17651.889673637455,13.16765664372471,10.017433066676032,-141.5515009205494,0.009105960967899264,-0.5894971366986536,0.8043438977941534,0.07376382162177186
66.9,980.3521997455483,800.6510235003495,17637.445212645896,12.95819354046081,10.04303466969345,-142.41064666796854,0.024102070636682786,-0.5892644513457461,0.8051660847446208,0.06240250434268768
67.0,981.4765531489738,801.8731786540842,17622.914749527703,12.887016309970575,10.09546556231513,-143.23397075722673,0.04336413321217245,-0.590229755962282,0.8041739505561177,0.05525074094008748
67.10000000000001,982.5998944138562,803.0852872454544,17608.302058375917,12.966100081633522,10.141857015510116,-144.04278325169506,0.055702690854646325,-0.5921837464742014,0.8029023482189702,0.039540357456580175
67.2,983.7310620829286,804.2968241864738,17593.59817582989,13.108948089997373,10.102346199953745,-144.87635955518087,0.0608064424757059,-0.5932586514090982,0.801656008359753,0.04116300939453113
67.3,984.8769686511708,805.518867054864,17579.08725913682,13.283867006629054,10.260566935154284,-145.75133664616027,0.07172577098868281,-0.5928383477221518,0.8017998654206184,0.022695441340198325
67.4,986.0400296879346,806.7574080076852,17564.502159284362,13.44886098277923,10.312265551157413,-146.6502508264097,0.08442982875152936,-0.5904323590381648,0.8024149002906253,0.01978790562946803
67.5,987.2244751841561,808.0194687392304,17549.82433128552,13.563741082784553,10.443622452602998,-147.5387821732003,0.08903548419733454,-0.5877449709161792,0.8028930164303486,0.044624386649696875
67.60000000000001,988.4222091974978,809.3038409152588,17535.057294961836,13.663922963600362,10.457718398179763,-148.3867057399445,0.08422785203125602,-0.586364907598482,0.8026663603133118,0.06934391177749542
67.7,989.6259266285734,810.6037707903548,17520.205833875087,13.760010601976505,10.552449661143244,-149.20015732386022,0.08623835200698172,-0.5869535954836318,0.8017379755116614,0.07255785287906147
67.8,990.8264146563114,811.9104795221809,17505.275131836082,13.738533423893141,10.55783045885799,-150.00502240061238,0.07410261888277948,-0.5887202834831837,0.8009035196575418,0.08044117036912675
67.9,992.0162754689563,813.2129943344122,17490.257902396905,13.617358646068046,10.448890669201162,-150.84040064192016,0.05883499165599162,-0.5912198910998813,0.802360701047267,0.05669911409909414
68.0,993.1875201422894,814.5029312219996,17475.155968438383,13.413686104577094,10.249750866479461,-151.7177121872954,0.044921580982572505,-0.5911378913561388,0.8028092056954235,0.06352498890773038
68.10000000000001,994.3399237404374,815.7699872129928,17459.966712607114,13.18541891211734,10.012105261873266,-152.61141915373582,0.025463813149758662,-0.5911244884003468,0.804689004268795,0.04897999430581435
68.2,995.4759238157642,817.0134754144602,17444.68859509387,12.983139212076207,10.048543626019587,-153.48778264733338,0.028085003139998073,-0.5905382440128149,0.8047104903671178,0.05400779249330864
68.3,996.6024953843684,818.2370710330599,17429.296052320584,12.916474540998378,10.096257744248996,-154.3296385553732,0.04518717549925461,-0.5911456944763223,0.8040451722347213,0.04490265113045756
68.4,997.7295465136008,819.4498433345465,17413.70863904943,13.016245649223544,10.140409847367701,-155.14671971773757,0.05162411373688436,-0.5925142939191285,0.8031593338622345,0.03459547387115478
68.5,998.8662537687084,820.6633065047423,17398.038144939077,13.17207543492946,10.099061622044715,-155.9759275307543,0.06209188021888062,-0.5927191300870036,0.8020375354832852,0.03955278644656998
68.60000000000001,1000.0201252932709,821.8887249626013,17382.27739023442,13.340156772342121,10.181707115922782,-156.838225766609,0.0629971034499801,-0.5923985183583398,0.8029425234016964,0.019459304126107562
68.7,1001.1913549931855,823.1331540939923,17366.429712494202,13.474213630590347,10.286099786889077,-157.72464592353504,0.06482989069869782,-0.5907894653041211,0.8040262192546891,0.017513757697203577
68.8,1002.3799573183204,824.402309312431,17350.499874362013,13.548194634413022,10.313427442070388,-158.60263318980455,0.06628879733315592,-0.5890834333707716,0.8042784961279436,0.041504271375381895
68.9,1003.576981410948,825.690127002847,17334.476596363245,13.671652217228853,10.407600491320451,-159.44370036214474,0.06362816875581397,-0.588792180573881,0.8037885074265987,0.05656199753152856
69.0,1004.7734460392012,826.9894316178262,17318.375926607143,13.676726190055343,10.460299149015263,-160.2561514418935,0.06768156236040915,-0.5891956494751465,0.8023269879518201,0.06737282211822754
69.10000000000001,1005.9597580120201,828.2878469867962,17302.187848101523,13.579767564361097,10.38229702625676,-161.07282204901736,0.0540007119539461,-0.5910065939567617,0.8029936061746502,0.05473935924657243
69.2,1007.1292231623338,829.5746833872264,17285.913901600044,13.393461817859546,10.209388893546647,-161.92349783823994,0.04482586049637138,-0.5914676793752812,0.803419466738568,0.05170867384389737
69.3,1008.2808846736599,830.8396257965387,17269.555630158466,13.178620880125987,10.000666004593672,-162.80192316037585,0.030297829148226884,-0.5914767400196538,0.8042333686464269,0.04945701487401008
69.4,1009.4173521678119,832.0839249270986,17253.110951690574,12.993686640701332,10.04206347219648,-163.6791920253876,0.027900628244752933,-0.5915025714588673,0.8045094562062516,0.04594341928738835
69.5,1010.5477955579071,833.3077611415902,17236.575588615382,12.971509000194104,10.078383279331103,-164.52724790441212,0.043766284347059384,-0.5919771912630698,0.8040194112929487,0.03464539858162144
69.60000000000001,1011.6815146181291,834.52305613002,17219.96258883909,13.08810317397237,10.091623782142566,-165.3507570065603,0.045168732872897355,-0.5927528359304075,0.8033789492472143,0.034440165120946636
69.7,1012.8271915093501,835.7411829036088,17203.256290280617,13.240154057070445,10.077961173219403,-166.17994992924622,0.05363690203708946,-0.5927407645737478,0.8029797056120165,0.031702699059097166
69.8,1013.9882851506325,836.9750144990765,17186.417892032056,13.382270820139707,10.15190716383074,-167.03691988061365,0.04882309479513029,-0.5923276365048801,0.8039453054236122,0.0208859362850566
69.9,1015.1667841076045,838.2285831439508,17169.489698512167,13.46163949851048,10.187185845642782,-167.9125060892051,0.057329594486330564,-0.5909750906527811,0.8043358678649373,0.02248491694288381
70.0,1016.3563302060693,839.5034554968661,17152.46948240038,13.58325442860417,10.270708889984101,-168.77584784574032,0.05148895655275889,-0.5904961187709631,0.8048118699051233,0.030676947849412436
70.10000000000001,1017.5476930118618,840.7932725052738,17135.37309574431,13.624186975296968,10.361664501193053,-169.6080025567966,0.055873655786035176,-0.5904619344588653,0.8040663494452075,0.041353890192531835
70.2,1018.7326478705055,842.0864485871126,17118.188198837575,13.556755166197885,10.322722710058017,-170.42426086120716,0.04599879996714438,-0.5912798489153884,0.8037617271775624,0.04732162922723193
70.3,1019.9026633336306,843.3711785910217,17100.920387699825,13.391802085512568,10.185965576851803,-171.25413506914865,0.04099804880000181,-0.5917343621588278,0.8037110591009032,0.04709711364810225
70.4,1021.0555855803456,844.6380203522849,17083.56914779838,13.194053174312884,9.989212835420588,-172.1114714396795,0.027243427850490345,-0.5920553508690802,0.804290833880738,0.04294777854176828
70.5,1022.1955790286379,845.8821531210721,17066.125486610337,13.028787297318143,10.016309333179185,-172.9802414536316,0.027029321703928726,-0.5923003155014723,0.8046917355978059,0.030347367030315795
70.60000000000001,1023.3299317393404,847.1090817431866,17048.602299234055,13.021066585968828,10.033972848498482,-173.833176115514,0.03528402829555285,-0.5924900166767234,0.8042286281316372,0.030445544487815848
70.7,1024.4680872482581,848.3276552229852,17031.12631016891,13.138990351426242,10.0158314413783,-174.66125734044167,0.04078976466997489,-0.592826802996643,0.8037105735038432,0.03069023924753603
70.8,1025.618367440085,849.5511745948774,17013.59144829873,13.275697795775544,10.028884060621758,-175.48774824698313,0.04639894862046081,-0.5927328934046068,0.8035749676346803,0.027966516301485663
70.9,1026.7847449233518,850.7894724449247,16995.971322820846,13.383106565755627,10.069221003993329,-176.3350143189479,0.038839351644374354,-0.5924272738911212,0.8044412061767487,0.019894112663720855
71.0,1027.965426173643,852.0476090707791,16978.267378596618,13.46555963045356,10.109953780267077,-177.19737080519658,0.04466966675251737,-0.5915746213965307,0.8047735522694567,0.019586162446234515
71.10000000000001,1029.1528012276403,853.3252308259322,16960.47803394314,13.557548392970485,10.242560017878274,-178.05033065640643,0.043027992445063404,-0.5912948321728909,0.8049048065072001,0.025441418462559803
71.2,1030.3377159167746,854.6124498617419,16942.601953270078,13.547458666535936,10.2749624051018,-178.8779541505591,0.04220973344312009,-0.5915687893789726,0.8045406338529012,0.031290163229507735
71.3,1031.5120545761895,855.8973872685244,16924.647012218287,13.431505458671982,10.194148321241679,-179.6960064419018,0.034505021874368214,-0.5920850119236792,0.8043602788243618,0.035345211420798606
71.4,1032.6706552649916,857.1684465852821,16906.603426976675,13.258335668039166,10.03536451558973,-180.52859825582132,0.03260078787263777,-0.5922693386934943,0.8042802976304272,0.03588066216174978
71.5,1033.8157638901148,858.4200198349049,16888.484227894372,13.094128122624092,9.967934578800831,-181.37942410860566,0.023198575677704204,-0.5925754909317246,0.8046306701551881,0.02975900332948622
71.60000000000001,1034.95422789049,859.652688882335,16870.276640628366,13.040498171125902,9.977293252247424,-182.2301824244085,0.029905082602524183,-0.5926171579899736,0.8043393254552318,0.030803240359505647
71.7,1036.095667676252,860.8750735232131,16851.98488865825,13.14647129209477,9.942391626289467,-183.06448130274404,0.031885210686311366,-0.5928960773865142,0.8041655960870514,0.027843649709246965
71.8,1037.247126409208,862.0996530744136,16833.60777308035,13.269716339696867,9.955812653095434,-183.88699676860705,0.03577267492281234,-0.5928309620365608,0.8040491938615969,0.027868620887815488
71.9,1038.413466017737,863.3377359191671,16815.14944315976,13.359825386280445,9.974042527807711,-184.71741859972371,0.029367479611363895,-0.592695959425637,0.8046464498067631,0.019827799554459333
72.0,1039.5923062166826,864.5951965832922,16796.514101878565,13.447709644130303,10.072728494982963,-185.5626098808405,0.03586952205810846,-0.5920711002976476,0.8048795927696546,0.018276507396401916
72.10000000000001,1040.7759586878315,865.8700902612825,16777.74310292999,13.523641432816861,10.18196615241826,-186.40609591432286,0.03477239179292554,-0.591819855574074,0.8050027244719106,0.022599843142877156
72.2,1041.955964013764,867.153483362656,16758.89247489082,13.489425007221058,10.199612119326007,-187.2316706560992,0.03392842662931088,-0.5919667777317947,0.8047994030316548,0.02687223117248701
72.3,1043.124044229287,868.4328541024039,16739.95724624854,13.371353070234674,10.116411187531462,-188.0451581407788,0.026208068436341818,-0.5923612556167637,0.8047045655838339,0.02952697277914597
72.4,1044.2794774544805,869.6976718666197,16720.93884947698,13.2127553006997,9.967742880708066,-188.86732054239658,0.02301631604479114,-0.5926253672155889,0.8046594990837139,0.02808048900324365
72.5,1045.4243544079377,870.9426757024053,16701.837349883404,13.086388144435588,9.920867403376873,-189.7039877464774,0.021758350745322154,-0.592800925882174,0.8046658475865505,0.025030185254989568
72.60000000000001,1046.5674272389635,872.17303747445,16682.651080190226,13.116012726841058,9.89578091701803,-190.5406996978787,0.02529401833495962,-0.5928406690893294,0.8044550008098169,0.027428185909104785
72.7,1047.7168478986955,873.3984489956073,16663.38285540206,13.22360947690566,9.874710830342988,-191.36300584011315,0.03012171539416392,-0.5928439819181476,0.8043078719369491,0.02678698388031676
72.8,1048.8774932724111,874.6311054716272,16644.03280341121,13.31712955508595,9.887983617409702,-192.17718349019384,0.026944200355565315,-0.5927973470508867,0.8045512068336145,0.023720686735507743
72.9,1050.0510495249023,875.8798614474358,16624.59960245973,13.385852712477755,9.983809075600147,-193.0002017448266,0.02783322741953032,-0.592466572204739,0.8048234797168795,0.021629580851075844
73.0,1051.23098823811,877.1471635129581,16605.08535517276,13.477231530033603,10.103964933917164,-193.8321772782673,0.030173014378731516,-0.5921604793187863,0.8050410827834873,0.018558312612854646
73.10000000000001,1052.409693994399,878.42522708223,16585.487652298398,13.477275936922618,10.146746466091498,-194.6570765060554,0.024359944836885243,-0.5922034556981027,0.805101550210444,0.02265290258463627
73.2,1053.57937396785,879.7030463751754,16565.809442785263,13.382890635950684,10.09268632093708,-195.46726701644013,0.024340821746528254,-0.5923918342032882,0.8049090898742609,0.024511144480756156
73.3,1054.73719322655,880.9697629735698,16546.047992983065,13.244301219972977,9.975505088853671,-196.2743583212404,0.020744049940316027,-0.5926034343008453,0.804680199725311,0.029675414351800204
73.4,1055.88549844929,882.219065001984,16526.20472303313,13.128275498113423,9.850162895396755,-197.09317927051495,0.020805986230072942,-0.5927901528391293,0.8046436979413708,0.026748177455515224
73.5,1057.0316229171624,883.4533503339618,16506.281454281863,13.142942657023957,9.818823951749927,-197.91784614809504,0.02254278018742245,-0.5928711323275024,0.8045945072050433,0.02496642724941422
73.60000000000001,1058.1838708001117,884.6829698387661,16486.27433227583,13.236995941007146,9.811986693946634,-198.73311344003565,0.025343448125750474,-0.5928228901585042,0.804497833026581,0.026494663552328518
73.7,1059.3459043964644,885.9192551185539,16466.186113407446,13.312083973200005,9.856891552504973,-199.53808793064337,0.021482895615980088,-0.5927603620484754,0.8047325273339335,0.024066529264793156
73.8,1060.5190543804677,887.1705922571953,16446.01675668115,13.390149705841985,9.978668995554997,-200.34668384521743,0.02072758860075551,-0.5924985213849516,0.8049588812233403,0.023602304275477493
73.9,1061.6967349661054,888.4382682182624,16425.7641989015,13.457681329451459,10.074328873921337,-201.16321524467034,0.02593321371160814,-0.5922771703245788,0.8051459502652977,0.01658977728267434
74.0,1062.8714291933545,889.7142802506901,16405.433875127568,13.434426451060007,10.09384096373479,-201.9758613483779,0.021555274215977506,-0.5923147154404401,0.805224833888257,0.017652617817574413
74.10000000000001,1064.0371441937668,890.9878329885347,16385.023302140205,13.334319288878605,10.030069767384914,-202.7760365893014,0.019107100528919712,-0.5924932171783199,0.8050184564214363,0.02306493286159607
74.2,1065.1922901858497,892.2488853723112,16364.53085233812,13.212358233669898,9.918419261599666,-203.5747882466203,0.015608608273719541,-0.5927624872018192,0.8048593001053187,0.024300455716863425
74.3,1066.3414126683579,893.4940671895193,16343.9588337054,13.134120419788346,9.81921353158905,-204.3813575496898,0.017622133592183484,-0.5928764807715993,0.8047048998996358,0.025238126575880076
74.4,1067.4917983433854,894.7293987577353,16323.303995621995,13.20701948422189,9.782629900004116,-205.18871257973728,0.02229151267483984,-0.5928809929689853,0.8046515216147827,0.023046591977823244
74.5,1068.650058764425,895.965220217243,16302.572037481925,13.285738696219648,9.825802979856784,-205.98566891420236,0.020175998239647414,-0.5928325036068596,0.8047510720959629,0.02276540627036879
74.60000000000001,1069.8185177987566,897.2114673551629,16281.759257599664,13.340210130495192,9.921154341901309,-206.77715957510048,0.016555511677154647,-0.5926838894666995,0.8049723256418693,0.021708918684561478
74.7,1070.993155266696,898.4730971852784,16260.864960393248,13.423640217506703,10.016722041394472,-207.57365349002242,0.019840917875611267,-0.592413280456917,0.8051078783016998,0.021310734681447382
74.8,1072.1672768897179,899.7455763986023,16239.89313570187,13.427890501060556,10.056565816455977,-208.37379968422528,0.023234841573512733,-0.5922768354754637,0.8051678140098066,0.019315371570173094
74.9,1073.334492271905,901.019199353242,16218.841976338954,13.354486879919842,10.02184883356355,-209.16734717267556,0.01757522771048626,-0.5924963209298382,0.8051904227153126,0.017538649408293482
75.0,1074.4920478581193,902.2839379241756,16197.711479841835,13.246346721711937,9.934644411561347,-209.9547689383606,0.014612300400685034,-0.5927187491785447,0.8049633408582626,0.02247186960459659
75.10000000000001,1075.6434798328548,903.5350184472619,16176.803314968849,13.169438178016048,9.84483421274714,-210.74448664130645,0.01598631941752222,-0.5928781738044481,0.8048006789753398,0.02314682999063943
75.2,1076.7953522592102,904.7760632861936,16155.87387354194,13.220776014433905,9.80695923492956,-211.53646914120395,0.017434954614616673,-0.5928822653447761,0.804722963113493,0.02464943072512053
75.3,1077.9539771362238,906.0162451121745,16134.862751770239,13.291164975144861,9.837258528839689,-212.3219041697013,0.018795263459168658,-0.5928061777457231,0.8047806774365283,0.023571909613125722
75.4,1079.1213790789557,907.2650248391461,16113.773919178386,13.338424576900206,9.918850746899125,-213.09961582888167,0.016421471751269984,-0.5926523658519953,0.8049468485062842,0.023538895372467856
75.5,1080.293702133939,908.5274331980269,16092.607699897408,13.408285796233779,9.99831229307584,-213.87866253983427,0.01838617845973195,-0.5924540341256321,0.8051212314605286,0.020975427084879098
75.60000000000001,1081.4648517980886,909.7994363950601,16071.360989757777,13.404286378126528,10.029746709311148,-214.66151927154698,0.022304821176496164,-0.5923375198696691,0.8051827538322703,0.017874295455077304
75.7,1082.6294398529456,911.0719751896129,16050.003859137332,13.331890514535953,9.992645201705795,-215.4415845959509,0.015501286459623719,-0.5925310733509311,0.8051893224480194,0.01835190037542496
75.8,1083.785531941934,912.3364565816861,16028.566716633759,13.23785331434356,9.913859374073065,-216.2164290135189,0.014116718783617702,-0.5927119178918705,0.8049504538454486,0.02341084137170577
75.9,1084.937705216939,913.5887641554842,16007.053322214924,13.195591614743215,9.845711195083224,-216.99150885674803,0.016145507309900425,-0.5928316113241164,0.804792526498504,0.024474323294274673
76.0,1086.0922387000896,914.8338842282797,15985.461814668299,13.26278183217572,9.828594631845105,-217.7664884622307,0.018082845891613,-0.5928554824578399,0.8048042963869039,0.022032524170476995
76.10000000000001,1087.2533799298008,916.0806481263011,15963.791964803904,13.31135155900842,9.872739321811288,-218.53460150676548,0.01665356340201631,-0.5927478946467293,0.8048679457714,0.023668166122703102
76.2,1088.4214916634762,917.3370637916344,15942.045237379885,13.360629098058123,9.94696067112258,-219.29610731271367,0.015258720829621857,-0.5926149666809883,0.8050545564331402,0.021490320392555516
76.3,1089.5916790480155,918.6050562239031,15920.222625601737,13.396759317880365,9.999495980991503,-220.05910406923743,0.017331454339064058,-0.5924523440730579,0.8051894222961816,0.019231092407174598
76.4,1090.7578778603017,919.8787173572285,15898.321768570471,13.361582194386331,9.999262319978271,-220.8248507164319,0.018588841651525103,-0.5924572813512193,0.8052327115306972,0.015783061201739133
76.5,1091.9169588364034,921.1490980108789,15876.345664635357,13.283287006650351,9.94752100633807,-221.5879489948211,0.015226549429956429,-0.592612913562343,0.8050890332626124,0.020241921644951977
76.60000000000001,1093.0705688099918,922.410324959676,15854.293597233736,13.216347060412572,9.880888276120437,-222.34771467413736,0.015190590176170905,-0.5927215552377946,0.8048395352781772,0.026148162073034442
76.7,1094.2239531149096,923.663117531776,15832.16358312665,13.260371543164425,9.84793345277405,-223.10721249856496,0.01799767479054416,-0.5928348943575174,0.8048425431380164,0.02124505799886882
76.80000000000001,1095.3822583624296,924.9142778227509,15809.959181857603,13.313071883699049,9.868697634427535,-223.86299825296643,0.016347593843562894,-0.5927719013084094,0.8048608692172748,0.02352042511418215
76.9,1096.5469574710203,926.171396323306,15787.677805503483,13.332117522014613,9.927731267389415,-224.6109934204049,0.015515594899319682,-0.5926634012921673,0.8050051081021391,0.02182051816944948
77.0,1097.7142984859436,927.4387546468171,15765.321576319611,13.37639708925745,9.981254791884997,-225.35600978245378,0.016288299953367856,-0.5925386881115499,0.8051848940368067,0.01760343121692169
77.10000000000001,1098.8794091527589,928.7127809550046,15742.891186612218,13.359465766426226,9.990823425272271,-226.10384690705754,0.017259388999722097,-0.5924820964256654,0.8052479538561825,0.015582416912546554
77.2,1100.038399013086,929.986268724942,15720.38487824795,13.295574677292409,9.954701657450567,-226.85263012728842,0.015835046904772363,-0.592563608607854,0.8051267105950607,0.019712963489520497
77.30000000000001,1101.192123137115,931.2531256815761,15697.592174976484,13.23319605951644,9.899946804737516,-227.59831913866776,0.016284884310522045,-0.592659477570186,0.80489351570948,0.025218536001524027
77.4,1102.3452469488166,932.5123602786908,15674.71325489262,13.281853978990489,9.869259397563038,-228.34164777766506,0.017766168765447742,-0.5927456117339325,0.8048229405116173,0.024434349670037315
77.5,1103.5023690672335,933.7692114852574,15651.759265841225,13.326403318400764,9.88438177697668,-229.08214962037778,0.016847314985563213,-0.5927199057704098,0.8048415243893909,0.02508788352681463
77.60000000000001,1104.6647302410452,935.0309143424048,15628.733126352523,13.336424962573174,9.933264141264871,-229.81633282984328,0.01615384895143206,-0.5925991333931576,0.8049229427367736,0.025775502356028157
77.7,1105.8293286820501,936.3013088195903,15605.632693129995,13.360004404596483,9.977035342531694,-230.5457857816677,0.016119536033698475,-0.5925409262616089,0.8051487796596872,0.01925756671050021
77.80000000000001,1106.9913158559718,937.57803966173,15582.459101841147,13.341510839877904,9.98349953241059,-231.27637760111983,0.016143553712728655,-0.5924904238859151,0.8052092206348102,0.018237167589689626
77.9,1108.1480973487376,938.8545389477265,15559.212872760738,13.286031160359444,9.950861615407016,-232.0081838333517,0.016392889943051735,-0.5925291905598679,0.8050623399364353,0.02269494018177324
78.0,1109.3007924278747,940.1252521942633,15535.892352522817,13.273995296621262,9.907407980232962,-232.73787890365537,0.01777959046371245,-0.5926527121017142,0.8049252028761602,0.023282327551119704
78.10000000000001,1110.453676633696,941.3896536845691,15512.501317190936,13.318007610240127,9.889351114351005,-233.46480348729528,0.016966645620250152,-0.5927250368030804,0.804869221931123,0.02397288616693113
78.2,1111.6102819301586,942.652940495668,15489.036232182809,13.349578245945114,9.910253903294079,-234.18792089911943,0.01787315224582908,-0.5926163915421789,0.8047850708020522,0.02841395288340355
78.30000000000001,1112.7708670965562,943.921352597346,15465.502154795073,13.348221367723877,9.952772548475467,-234.90468166786093,0.016705789575719877,-0.5925373854490272,0.804914213889411,0.0270826830036119
78.4,1113.9320918483793,945.1976999209191,15441.894110378133,13.344539053863103,9.982591909504656,-235.61731708480556,0.015079283322426246,-0.5925192725225283,0.8051407096220057,0.021022954436259945
78.5,1115.0899442703217,946.478769827595,15418.21432150086,13.316233469497002,9.977420033608782,-236.33094801205993,0.015632395163914858,-0.5924771920354375,0.805131962981213,0.022111701093791215
78.60000000000001,1116.2433455856485,947.7580606497553,15394.44455116884,13.29393041563813,9.944927261413639,-237.04534876758783,0.016682559992618258,-0.5925516347023345,0.8050185900345331,0.023437621519597152
78.7,1117.394440864785,949.0320021129927,15370.582361518782,13.324405057250033,9.915470746776073,-237.75772284380795,0.01816170504735457,-0.5926408124951656,0.8048917937656831,0.024417619939379305
78.80000000000001,1118.54701332404,950.3018324302363,15346.650168614604,13.360673624563194,9.915645859777285,-238.46687385550368,0.018703448275779497,-0.592650068344977,0.8048267201696193,0.025884899348895065
78.9,1119.703008589532,951.5729530357206,15322.647920606785,13.374687605178613,9.94416281657736,-239.17089187344567,0.017869379525100103,-0.5925195803281726,0.8047745295544493,0.030646187096095533
79.0,1120.861127319854,952.850409417211,15298.576321912304,13.360600039797642,9.978049253531438,-239.86890772338793,0.01659141017124804,-0.5924740546891988,0.804945659909576,0.027598989499739678
79.10000000000001,1122.0178807037644,954.1342062066539,15274.432954257787,13.335696413797315,9.989940590814472,-240.56435721037698,0.01653360935589646,-0.5924342361925129,0.8050518813485729,0.02529394958846779
79.2,1123.1709566985328,955.4196401053475,15250.22099454367,13.327853093308244,9.971910062497413,-241.26101360947305,0.015767269120494944,-0.5924658913853373,0.8050117961363317,0.026297696682723963
79.30000000000001,1124.3207664497768,956.7017736044018,15225.941294997256,13.346059080909765,9.944443994445269,-241.9574060579322,0.017287685109496142,-0.5926053218913129,0.8049724513107032,0.02322543951114945
79.4,1125.4705490608742,957.9792980383864,15201.590925023218,13.37686438172511,9.933249008290485,-242.65119424041112,0.0184236172128254,-0.5926345115641513,0.8048583784427933,0.02545381469156222
79.5,1126.6229687439738,959.256021819617,15177.171965943578,13.3964369035527,9.949787786417335,-243.3407743145498,0.018861777891640365,-0.5925022232519427,0.8047050519737575,0.03217340678547754
79.60000000000001,1127.7780254110658,960.5370817052641,15152.685628575118,13.39195976613,9.980137735516067,-244.02423558888805,0.01755613693585116,-0.5924516890917836,0.804804251008884,0.03135116754143823
79.7,1128.932814979588,961.8244209388439,15128.129972945277,13.37477403271248,9.997308349602095,-244.70331105865094,0.01719033200684237,-0.5924295931018784,0.8049461579026007,0.028166515234917415
79.80000000000001,1130.0845171580029,963.1150076790698,15103.505491765281,13.365820463832929,9.990241363810421,-245.38156024078486,0.016494802932226982,-0.5924212539768728,0.804939769392446,0.02893003565729175
79.9,1131.2329452036029,964.4040168068552,15078.815764882786,13.378052656899259,9.968868708464944,-246.05997382936843,0.016148113971487275,-0.5925353137452394,0.8049361191608352,0.026813885400821472
80.0,1132.3805937345471,965.6891351881453,15054.056862847632,13.4035893697962,9.956457382914579,-246.73655082822054,0.01759286263879461,-0.5926054649826312,0.8048789191270908,0.026061074454022382
80.10000000000001,1133.5301265544556,966.9728173410457,15029.231177843632,13.422225900087781,9.967310709037658,-247.40920980609542,0.019291415003658673,-0.5925216864074092,0.804736725613927,0.03073588931935573
80.2,1134.6820041204967,968.259759726409,15004.340273215565,13.421943888111901,9.991948864127059,-248.07619091309394,0.01807217976841931,-0.5924687355715468,0.8047750223230205,0.03148582432861473
80.30000000000001,1135.8339169052576,969.5523835200173,14979.381815396579,13.409062897384205,10.008724109370593,-248.73749594027132,0.017881506274008897,-0.5924477548010538,0.8048934335407548,0.028852559809098337
80.4,1136.983442151543,970.8484001465977,14954.356837612786,13.402826800109029,10.005329358469682,-249.39649536418474,0.017377805204659487,-0.5924239669479108,0.8048976632510008,0.0295229904489434
80.5,1138.1301060768094,972.1436637788117,14929.267349635358,13.413604065098193,9.989273881274991,-250.05530913268515,0.016644334374769407,-0.5925087269471014,0.8049017287637713,0.028099495686553847
80.60000000000001,1139.2759983500523,973.4359754349304,14904.111943108237,13.435230206697852,9.980574364720729,-250.712687279254,0.017795507565010953,-0.5925727393862383,0.8048554633762955,0.0273596695908696
80.7,1140.4233631973827,974.7271935688804,14878.890826923185,13.451183419818749,9.989816161966054,-251.36635207555696,0.01950100294226264,-0.5925191458367981,0.8047446588604954,0.030443500728101622
80.80000000000001,1141.5726226909994,976.0214259896433,14853.606137953711,13.450774532742917,10.010740820777952,-252.0146020300549,0.018469933623702816,-0.592481168225836,0.8047748666816551,0.03102161838474878
80.9,1142.7217866869278,977.3206228941614,14828.25617776946,13.441309808272623,10.024197296069351,-252.65729565737033,0.018451588334485507,-0.5924544025781473,0.8048567642292301,0.029375309839363234
81.0,1143.8688361834893,978.6228950913487,14802.842485705673,13.438924974409495,10.021156625217019,-253.29720020079336,0.01789543518649358,-0.5924435889071806,0.8048705393064688,0.02955947088125592
81.10000000000001,1145.0135799327998,979.9244886749303,14777.364385537365,13.451291510527133,10.008704614519829,-253.93631614939525,0.01753175726963864,-0.5925110079727279,0.804872490217074,0.02834814649931391
81.2,1146.157834976848,981.2238997024515,14751.823369771051,13.470467983825799,10.004747882735789,-254.57378044616988,0.018569510945265905,-0.5925528655191695,0.8048247520460372,0.028167238457277536
81.30000000000001,1147.3035292569534,982.5232225541018,14726.21862655435,13.481580518219157,10.016100311732817,-255.207515088312,0.01944499857919458,-0.5925149706996506,0.8047481736211717,0.03046766450576415
81.4,1148.4506286326073,983.8256962351425,14700.55259413744,13.479359784924684,10.033925914926286,-255.83591830515485,0.018765613220757975,-0.5924821385807133,0.804776341449534,0.030786481877220575
81.5,1149.5972166563354,985.1325738834377,14674.822531185157,13.473353951243562,10.042988694255696,-256.4591532147081,0.018263476681129653,-0.592470208769476,0.8048493269171385,0.029377850520427202
81.60000000000001,1150.741754268609,986.4415962740073,14649.030878623298,13.476182846942093,10.038178355558877,-257.079573035028,0.018140776413877277,-0.5924753112114387,0.8048614365058016,0.029016992639281754
81.7,1151.8845601044611,987.7499077762542,14623.17786516985,13.490765046445642,10.03022184448109,-257.6998385998416,0.018352250132061945,-0.5925239578959479,0.8048461626362211,0.028305630608785843
81.80000000000001,1153.027534193111,989.0569007332825,14597.262987412723,13.506320772287612,10.032212213941776,-258.31673493982765,0.01895888479799333,-0.5925459897647584,0.8048002737315333,0.02874595802140509
81.9,1154.171883918974,990.3649923512735,14571.286968438855,13.511867719204025,10.045519877203118,-258.9299296892097,0.018874595149775818,-0.5925204326505729,0.8047655821168987,0.030259616480699247
82.0,1155.316933489067,991.6766169749462,14545.250216783332,13.508503993933592,10.059531722781863,-259.5396669496831,0.0181395260651139,-0.5924910939383173,0.8047940399678718,0.030525635621563543
82.10000000000001,1156.4609008417856,992.9918493258805,14519.153322326156,13.50705963457433,10.062982807457269,-260.1459784170525,0.017977204993311558,-0.5924935566128775,0.8048535622365306,0.028964613375956925
82.2,1157.6030373490048,994.3081958413221,14492.996736696261,13.515838093874693,10.057743168543848,-260.748990434176,0.01824886789549061,-0.5925124448031827,0.8048569648706806,0.028306318606356698
82.30000000000001,1158.744340109106,995.623794952023,14466.780047045111,13.530795540804897,10.055028424089832,-261.3487737329853,0.018717892506084948,-0.5925446106196829,0.8048268046594629,0.028184027876401986
82.4,1159.8863793315822,996.9393102837935,14440.55603524904,13.541057402070784,10.063002053752033,-261.94492016463397,0.018635462657312512,-0.5925419076565838,0.8047800246410183,0.029595931156945494
82.5,1161.0294557620618,998.2570356769623,14414.33341163848,13.541955168463758,10.076894677361578,-262.5373783523613,0.01799108935663314,-0.5925315650862872,0.8047920642132583,0.02987303900709208
82.60000000000001,1162.1723286072124,999.5781096208179,14388.052309211598,13.54014514978519,10.085566713273705,-263.1262116514162,0.01766324841672434,-0.5925098250655391,0.8048216077899905,0.029703476067764207
82.7,1163.3137825421236,1000.9015159158714,14361.713652210623,13.545072224340617,10.084794855947385,-263.71157700924726,0.017924096560905975,-0.5925147653691891,0.8048480279583513,0.028716397293585643
82.80000000000001,1164.4540137508268,1002.225289027175,14335.316306860395,13.557452086700255,10.081918635276265,-264.2933469292297,0.018299610427073763,-0.59253894947336,0.8048350545257944,0.028341711692938833
82.9,1165.5943562055393,1003.5489290242645,14308.861595804578,13.569121431641268,10.08604823207605,-264.8711838561565,0.018253023304443637,-0.5925502844853457,0.8047949111954311,0.029259842968163
83.0,1166.7355811728687,1004.8738705731123,14282.348708077134,13.573643113871775,10.097937319714703,-265.44473279565915,0.01774400241945125,-0.5925467228592615,0.8047825074291888,0.029977447237481906
83.10000000000001,1167.877073175343,1006.201693857721,14255.779199071052,13.57340065224161,10.108586801732297,-266.0137340498275,0.017377346363304833,-0.5925400780560464,0.8048156877489374,0.029427750235267985
83.2,1169.017668640032,1007.5322573717215,14229.153209015287,13.576569490368295,10.111599398291114,-266.5780909469025,0.017501441275056304,-0.5925350505491656,0.8048434548360847,0.028686697814648762
83.30000000000001,1170.1570109040535,1008.8640138484765,14202.471424191785,13.586914260641912,10.11022555965666,-267.1374914627322,0.017904711394427404,-0.5925346417578621,0.8048252902265461,0.02895465141423698
83.4,1171.2960899686302,1010.195875610192,14175.734312787628,13.598489705513023,10.113234280399537,-267.69173570593006,0.017909396688485683,-0.5925531748058978,0.80479839211445,0.029317854418446743
83.5,1172.4357980946052,1011.528615800887,14148.942542187968,13.604637717487885,10.12331073949579,-268.2405470438939,0.0174043811196218,-0.5925653325537393,0.8047820899525061,0.02981948800693405
83.60000000000001,1173.5759649198383,1012.8637762572175,14122.095432117841,13.606338488649824,10.134308714187178,-268.78354058035717,0.017123278017442935,-0.592574171171684,0.8048074156655056,0.02911475055602049
83.7,1174.7155727576876,1014.2013393751909,14095.196549185932,13.612339272826642,10.138644474951102,-269.32218961711993,0.01680342294344501,-0.592571551070465,0.804833621276049,0.02862593060510206
83.80000000000001,1175.8542080724822,1015.5398895170177,14068.243059058477,13.624185852971397,10.136103640781322,-269.85544413793997,0.016790184914235295,-0.5925671099693177,0.8048279273579644,0.02888454981196023
83.9,1176.9925069103856,1016.8785777589894,14041.23778967994,13.635525222870864,10.136479470564396,-270.38290694559583,0.016747000914645576,-0.5925765212487353,0.8048019465574947,0.029435204133474068
84.0,1178.131271155006,1018.2182333315503,14014.180192762611,13.641398055845766,10.144704289461417,-270.90447321099316,0.016273533950333735,-0.5926018392263087,0.8047925752664674,0.029447292478781684
84.10000000000001,1179.270435574,1019.5600754601678,13987.070802511855,13.644669249230297,10.156362351332863,-271.4206949320505,0.015663377005744467,-0.5926182471856294,0.8047956624461647,0.02936347103540479
84.2,1180.409262448709,1020.904267096565,13959.910392860222,13.651488096851416,10.162417626279,-271.9320178410828,0.01529778039342071,-0.5926208689881108,0.8048036839086595,0.029283338639255734
84.30000000000001,1181.5473320217661,1022.2494649409899,13932.699629609626,13.663603944875062,10.160919619870752,-272.4379861123282,0.015311204057483044,-0.5926357603958311,0.8048197000345462,0.02852495340343781
84.4,1182.685127857392,1023.5947529278344,13905.439167641698,13.675693627203437,10.160030540542905,-272.93824838579616,0.015169482579323294,-0.5926508938660392,0.8048075426899296,0.0286290766085342
84.5,1183.823298818468,1024.940747650415,13878.129590878372,13.683523490788067,10.166363846167291,-273.43295413770596,0.014578707183542264,-0.5926702966487795,0.8047923919050385,0.028958361467303104
84.60000000000001,1184.9618749675549,1026.2885075023266,13850.770370498445,13.689355576696492,10.176283887330992,-273.92203289403477,0.01393533763303026,-0.5926831603567883,0.8047893793892763,0.02909523357470255
84.7,1186.100228776619,1027.6381904266852,13823.362684628735,13.698388742003127,10.180784026256843,-274.40602339822857,0.013585433797698708,-0.5927032016009123,0.8048179278910288,0.028043782657612808
84.80000000000001,1187.2380752322604,1028.9886764157627,13795.908701690985,13.711264525378576,10.179230513614582,-274.88460726971806,0.013528028271597973,-0.5927173787995264,0.804831279503109,0.027380884819341002
84.9,1188.3757870952365,1030.3392260748149,13768.406484740284,13.723937149541195,10.178383670393869,-275.3575724867848,0.014116746025748616,-0.5927218267912808,0.8048075056840979,0.027684514107933492
85.0,1189.5138860270415,1031.690308792012,13740.858212265086,13.73329408349245,10.183415115936878,-275.8247255115275,0.014043257293571434,-0.5927399318060095,0.8047943105618125,0.027717825573640532
85.10000000000001,1190.652329214081,1033.0428353727489,13713.264340114585,13.741803435605856,10.190795352648845,-276.2860817472631,0.013153827379881057,-0.5927641148682414,0.8048088480907168,0.027210273512486116
85.2,1191.7906498336747,1034.396750529556,13685.623921692106,13.753127663695274,10.193124912783643,-276.7420012449297,0.01249401167845168,-0.5927796154437364,0.8048291695294981,0.026575083462016535
85.30000000000001,1192.9286760104576,1035.7511683305536,13657.939180828858,13.767241680050052,10.190709385369171,-277.1924482781259,0.01218017346729206,-0.5927830957016166,0.8048252842294018,0.026760169838349005
85.4,1194.0667580923755,1037.1055587168603,13630.210172194957,13.78055587797521,10.189953476436841,-277.63707042112594,0.011836999511952388,-0.592791754598877,0.8048075696293159,0.027250632827376716
85.5,1195.2052695526377,1038.4603818239575,13602.437509563002,13.791605018614362,10.19416908943139,-278.0758832090418,0.011160395917547371,-0.5928023642683871,0.8047893617509322,0.027836768729528887
85.60000000000001,1196.344097650667,1039.8162582999075,13574.6217221178,13.80277273005531,10.198776717225641,-278.508926022009,0.010657109804524192,-0.5928146112825433,0.8047905173902544,0.027739606689135814
85.7,1197.482879883733,1041.1730204007706,13546.763496118716,13.816492692039711,10.19859445842218,-278.93641299144485,0.010340786059210044,-0.5928276112165537,0.8048056245686681,0.027136657597950795
85.80000000000001,1198.6215893150447,1042.5299103878865,13518.863154053663,13.831844117198369,10.195456972653071,-279.35840302111393,0.01022438704775411,-0.5928360026454595,0.8048041919890512,0.027039756539231727
85.9,1199.760554968587,1043.8867475730112,13490.919896543595,13.846103139439647,10.194978849504544,-279.77453213260964,0.01001259801689163,-0.5928483022925396,0.8047910804928988,0.027238852928820754
86.0,1200.8999949084593,1045.2441447945798,13462.938629323697,13.859123036066352,10.197714257127094,-280.1847605735728,0.009773455966891414,-0.5928647259092901,0.8047860840415358,0.02711559079303732
86.10000000000001,1202.0397350316573,1046.6023282778256,13434.91572693316,13.873008089600217,10.199219568651955,-280.5893262532353,0.010277803223885258,-0.5928758888849628,0.8047907419869084,0.02654069991386391
86.2,1203.1795250647353,1047.960755460559,13406.852842417546,13.891196244937435,10.196788977466584,-280.98809930327246,0.010155555179947998,-0.5928882527381774,0.8048025084721986,0.02594815640686026
86.30000000000001,1204.3194700452636,1049.318942284039,13378.751353195074,13.914953440666494,10.193366399590188,-281.3814095492404,0.009702261452865147,-0.5929001593768943,0.8048000449147761,0.025925949138414967
86.4,1205.4598744462871,1050.6771151794273,13350.610752490054,13.94614672901302,10.192551808416239,-281.76868242596964,0.00954633525946025,-0.5929095569239611,0.8047839970848505,0.026264859174904256
86.5,1206.6007854773036,1052.0357038915877,13322.432593554091,13.979686307896579,10.19329248088632,-282.1501467864095,0.009489038998141436,-0.5929114217483791,0.8047659455841601,0.02679135918985937
86.60000000000001,1207.7419857821478,1053.3946248548114,13294.21705690313,14.008322631143498,10.191691103114884,-282.52592653655154,0.009522773009796566,-0.592906562099457,0.8047523447604962,0.027290822928050965
86.7,1208.883395766423,1054.7533844755803,13265.965018830764,14.03310090759127,10.1872407616626,-282.89586233218205,0.009550321764918556,-0.5929021730856259,0.8047367297037222,0.027831643327108673
86.80000000000001,1210.0252233751191,1056.1118074031165,13237.676727176186,14.061400374929303,10.183605706271766,-283.26022809075346,0.009493495728765044,-0.5929027497480103,0.8047171039761252,0.028400448031227543
86.9,1211.1676460328786,1057.470194671398,13209.351922452894,14.095626518976767,10.182072587805145,-283.6185985435348,0.009860863059602641,-0.5929007097775423,0.8046951326566604,0.028935362511744764
87.0,1212.310571188566,1058.828744692181,13180.993121453701,14.129502997458015,10.179930581938095,-283.97110406177467,0.010046383574389136,-0.5928938413458432,0.8046807688234511,0.029407879164366074
87.10000000000001,1213.453808641838,1060.1873766353701,13152.599332838723,14.158424124574095,10.176443068752949,-284.317988774922,0.010145230696100106,-0.5928867628371348,0.804677222076219,0.029612987325250337
87.2,1214.5972406649312,1061.5459031128644,13124.17251361177,14.18656132063377,10.173034247850776,-284.65903776166783,0.01048285982641817,-0.592882506483778,0.8046694094970699,0.029792357661139916
87.30000000000001,1215.7410532696774,1062.9041176447693,13095.71161068865,14.219847312059118,10.169591913094386,-284.9943159522251,0.010956801995935335,-0.592881617712229,0.8046546888242581,0.03003610530825466
87.4,1216.8855654475442,1064.2620372400445,13067.218387098388,14.247040248797834,10.16600500941762,-285.32373516567685,0.011248111669188208,-0.5928784340664753,0.8046467563919905,0.030203308272607702
87.5,1218.0307029981873,1065.6198299497237,13038.69319068435,14.267316067787771,10.161754322885493,-285.64736096084687,0.011366883810601325,-0.592862636530514,0.8046411257258979,0.03061612237178172
87.60000000000001,1219.1761341045847,1066.9775265026126,13010.136216252333,14.28550247996763,10.157172501410114,-285.96544827574996,0.011546186586717156,-0.5928515950098929,0.8046402727134774,0.030784791652880387
87.7,1220.3218547569604,1068.3349377144632,12981.548124100056,14.305848006588477,10.152920981668165,-286.278574592622,0.011840430783990281,-0.5928512188143251,0.8046345289264344,0.030830365040877324
87.80000000000001,1221.4681250702317,1069.6919617533324,12952.929448859322,14.329547229484644,10.148829631755206,-286.5870969890582,0.012071363679896424,-0.5928528350422196,0.8046271898430666,0.03090118972726195
87.9,1222.8114487411026,1071.0486732074849,12924.28081891554,14.35293036746952,10.140134605056579,-286.8908581419116,0.012099726147813317,-0.5928437505385283,0.8046227535667052,0.031178654834553985
88.0,1224.4779291583986,1072.4052050482326,12895.60255527037,14.37358587243297,10.12645104684267,-287.1901245888699,0.012152721281731433,-0.592826977073135,0.8046183281401199,0.0315884890549631
88.10000000000001,1226.1488338356517,1073.7614747258042,12866.894541187472,14.394309667731893,10.11218785078807,-287.4847893879351,0.012365363111298235,-0.5928214869781812,0.8046160066237642,0.03166803209753554
88.2,1227.8250102239426,1075.117312912825,12838.158114498963,14.42145370964328,10.099330756042427,-287.7749196449204,0.012595439749651091,-0.5928268990859177,0.8046145855724175,0.03151176449859349
88.30000000000001,1229.5059691954602,1076.472693674204,12809.39347931008,14.464644610268076,10.087522144763263,-288.0604267841074,0.012698754359302022,-0.5928239270441398,0.8046116494498818,0.031601055856204326
88.4,1231.1914467802096,1077.8277659153414,12780.600525815104,14.51596672489182,10.07462916604329,-288.34135727304863,0.01275618105975154,-0.5928088434209758,0.8046072558987415,0.031970592139541065
88.5,1232.8819924537786,1079.1825412648634,12751.780114193525,14.565169834401622,10.06056206756691,-288.61784723014966,0.013006163786653093,-0.5927935469570254,0.8045983599669175,0.03237482862055668
88.60000000000001,1234.5780552885597,1080.5368599520843,12722.932812723213,14.60913009509312,10.047351021599768,-288.88988224352954,0.013584448368791012,-0.5927842019749247,0.8045825672462041,0.03269931398324479
88.7,1236.2798257450181,1081.8906492737538,12694.058970309254,14.657153388319854,10.035470745648423,-289.15742541140366,0.013780229240305636,-0.5927789940068464,0.8045734307024041,0.032935757985499504
88.80000000000001,1237.9869475644055,1083.244146440556,12665.158975934311,14.71314892980481,10.023103855640999,-289.4204665642016,0.01389908474194819,-0.5927686858329284,0.8045713496515122,0.03312165242229376
88.9,1239.6995336309712,1084.5974836057455,12636.232871486824,14.77020967578827,10.009473500585433,-289.679176416231,0.014125342979575031,-0.5927484525971056,0.8045588092258492,0.03368781866684291
89.0,1241.4181351886707,1085.9503434456624,12607.281859386736,14.822752245265264,9.996148627818645,-289.9334476431336,0.014268615062501329,-0.5927355089478236,0.8045442387356787,0.03419928323503164
89.10000000000001,1243.1431236879191,1087.302514539996,12578.305682138958,14.876803139754474,9.984121370011467,-290.1833129648705,0.014123026910608424,-0.5927308337627321,0.8045349382935228,0.034557660263044014
89.2,1244.874189511031,1088.6543294337814,12549.305145101585,14.938086270301428,9.972030498620732,-290.4288451040534,0.014011871831522315,-0.5927208924865512,0.8045293905918772,0.0349008700691806
89.30000000000001,1246.6113569184172,1090.005949102428,12520.28053595781,15.001899636721914,9.958268759140802,-290.6700865809579,0.014066620775134204,-0.592706595143385,0.8045260560597173,0.035197263735987236
89.4,1248.3550807712797,1091.3571618134845,12491.232225109557,15.063015764162603,9.943983251525006,-290.9070753951448,0.014111910310744385,-0.5926964138092126,0.8045200630123165,0.03548638127139056
89.5,1250.105752166022,1092.707781788679,12462.160757607166,15.115728504843231,9.931782612297667,-291.13968803628666,0.013996868790210051,-0.5926912319827005,0.8045119018630106,0.035802108257197665
89.60000000000001,1251.8630971202276,1094.0579934881887,12433.066598742069,15.167168861844509,9.920243490587506,-291.36706529453687,0.013813996649331408,-0.5926851088232298,0.8045070258115535,0.036082969606408465
89.7,1253.6262903379034,1095.4079974463739,12403.950116272516,15.218807925572253,9.906729295728908,-291.58093178085306,0.01374715584408951,-0.5926767528438212,0.8045035313552809,0.03632286306976614
89.80000000000001,1255.3961350223183,1096.7576290380755,12374.811187057296,15.26854952578131,9.892364169863193,-291.79040150961276,0.013767016462242926,-0.5926689299528135,0.8044970912899749,0.03658468029496844
89.9,1257.173675319535,1098.1068571299293,12345.651233022034,15.31700169913522,9.88023738611551,-291.9958089848702,0.013688990283009073,-0.5926648063601732,0.8044946220242366,0.03673475168244271
90.0,1258.958559536344,1099.4566030006356,12316.469468870127,15.368737660808296,9.873815223453924,-292.1973307636296,0.013518174060074694,-0.5926665050327202,0.8045036044738134,0.03657353101662421
90.10000000000001,1260.749757718598,1100.806913456719,12287.267704204693,15.424078407429237,9.864141628116869,-292.39460136832076,0.013371745806721444,-0.5926636710448959,0.8045077334659865,0.036582457969483076
90.2,1262.5477249462726,1102.1566593086782,12258.04512224839,15.47739984550749,9.848070531744202,-292.58740672520105,0.013283363751409712,-0.592648966487063,0.8044997895256726,0.03702490273332552
90.30000000000001,1264.3535476022134,1103.50588315244,12228.80268066507,15.527996920002002,9.834936864258413,-292.7760475965522,0.013123325745656387,-0.5926257926829239,0.8045020975825626,0.03740084428948743
90.4,1266.0603829428514,1104.855834954863,12199.54089820248,15.580953025642106,9.828806587982157,-292.9610900536918,0.012870130670266055,-0.5925971988914465,0.8045033786489157,0.037910860515436004
90.5,1267.3411467183148,1106.206763447222,12170.25958581497,15.633128105082603,9.82173029898245,-293.1443691102231,0.012678408084485112,-0.5925763372037777,0.8044949365380132,0.038476481638738874
90.60000000000001,1268.6239755901236,1107.5578008068999,12140.959625851923,15.761881798271666,9.80913888990705,-293.3297537423947,0.012601320648367392,-0.5925726120054998,0.8045014728558529,0.03842247248238391
90.7,1269.9088469330882,1108.9088727870064,12111.641226967375,15.90350937678309,9.797999307080968,-293.51298503548475,0.012482377255198978,-0.5925741782626758,0.8045331607862906,0.03776806467896218
90.80000000000001,1271.195527635279,1110.26094946731,12082.304883734394,16.049465893625324,9.792966962126279,-293.69212208855015,0.01218545549010276,-0.5925627381411045,0.804556315892708,0.037550640452173045
90.9,1272.483923000041,1111.6143425855387,12052.951033500427,16.199466192306737,9.787668938502671,-293.86703180137056,0.011723344970368949,-0.5925465451595789,0.8045563797040083,0.03794979419881549
91.0,1273.77425715847,1112.9684819866281,12023.57983425019,16.31690528786693,9.778040044234691,-294.03802741820505,0.011393473797487563,-0.5925387593322953,0.8045586869770615,0.03812252160491128
91.10000000000001,1275.0666025116134,1114.323246291455,11994.192143166147,16.414569061035312,9.769584052975572,-294.20538502491263,0.011098704808670916,-0.5925179127942313,0.8045574965269571,0.03855614804170027
91.2,1276.3607736094368,1115.6793698956012,11964.78793969885,16.51408271013105,9.765966478942207,-294.3689619138615,0.010684912357557126,-0.5924925265158782,0.8045591006968996,0.03902681330238245
91.30000000000001,1277.6566725683824,1117.037173678529,11935.367697871461,16.621857520569606,9.7624269028468,-294.52429504094346,0.010234011460440187,-0.592475238218469,0.8045586298577411,0.039417866873162975
91.4,1278.9544531236897,1118.396258059118,11905.931753684888,16.7299528683578,9.755494170464694,-294.67449358380435,0.009907613728179911,-0.5924615679821795,0.8045549092647788,0.039780995868052234
91.5,1280.2541716037701,1119.7565720213574,11876.480712422432,16.832434208442585,9.749692748712452,-294.821139436616,0.009613869813404561,-0.5924410796480757,0.8045527110679493,0.0402004448463723
91.60000000000001,1281.5557196217214,1121.118670293523,11847.014818438378,16.935317530384264,9.747761785168285,-294.96369305418074,0.009203198856558665,-0.5924169233173328,0.8045530843968665,0.04064264368272389
91.7,1282.8589972816305,1122.4828453570376,11817.53429204289,17.04632726639371,9.746035044536224,-295.05165267885116,0.008902445673904783,-0.5923978479651032,0.8045505199586905,0.04103653276701827
91.80000000000001,1284.1641195107086,1123.8488337082576,11788.039683391742,17.15854026467731,9.741576286613821,-295.1543578122305,0.008883062138590197,-0.5923809963863151,0.8045439239514585,0.041411601758302996
91.9,1285.4711300229687,1125.2165765144912,11758.531285605814,17.265329263342945,9.737703283795492,-295.2898346666264,0.009169582792273114,-0.5923576540109234,0.8045368113754067,0.04181922557848215
92.0,1286.7799330412558,1126.586608174078,11729.009585304113,17.36834756274113,9.737597550953547,-295.4252653523267,0.009432564405791854,-0.592330855635601,0.804531540971095,0.042239599588569904
92.10000000000001,1288.0904080166272,1127.959126932406,11699.474754057455,17.449156191721233,9.737976675859267,-295.55852226462014,0.009799221287673023,-0.5923051242088949,0.8045201636850121,0.04273080062767638
92.2,1289.402618799036,1129.3339262738816,11669.927317300837,17.52974999093024,9.73579011029783,-295.67457967672055,0.010173391458392574,-0.5922830362714148,0.8045069082579603,0.04319654634998228
92.30000000000001,1290.716559980524,1130.7110628196992,11640.367458479937,17.606830787291578,9.734418808801069,-295.78482934798774,0.010463158586730149,-0.5922521765057626,0.8044890765244708,0.04387718643418232
92.4,1292.0322991611815,1132.090969370966,11610.795533631197,17.68127800229303,9.736276827336868,-295.8917184656185,0.010522310659493068,-0.592221175163127,0.8044731518757475,0.04456802192032398
92.5,1293.3497384068419,1133.4736371601764,11581.212053845793,17.75928940153725,9.736673941249107,-295.97447026277104,0.010242108889570735,-0.5922013753157882,0.804463944901822,0.04505986720554456
92.60000000000001,1294.6687895933237,1134.858794622313,11551.617314741938,17.84341957134716,9.74137227276178,-296.0772480397609,0.009676243688575708,-0.5921839484910982,0.8044565962843886,0.045542575158941785
92.7,1295.9895170904438,1136.246847666337,11522.011607569473,17.924031183275435,9.748744899457412,-296.16898990893105,0.009430518136674166,-0.5921576801696691,0.8044442812906913,0.04614916513278244
92.80000000000001,1297.3119173147556,1137.6382252751018,11492.395249739755,17.998867418249155,9.751366454394915,-296.25812099829216,0.009672841499286723,-0.59214270153338,0.8044353539950762,0.04644586527234047
92.9,1298.6358447839275,1139.0327106348846,11462.768602547458,18.077419713597763,9.764195053838064,-296.34421923681214,0.009902324734707453,-0.5921428778235952,0.804429777982486,0.04649181113580287
93.0,1299.9613813199305,1140.4301397434547,11433.131925607287,18.16094302466951,9.776278858408693,-296.4269247193079,0.010129930643812846,-0.5921298972372318,0.8044167532075656,0.04683221606944869
93.10000000000001,1301.2885132784284,1141.8308550227848,11403.48559046711,18.24068083506547,9.790796591484698,-296.5058983326618,0.01039372120028587,-0.592105591861841,0.8044041494176555,0.04729590939190863
93.2,1302.617153632291,1143.2352566887118,11373.830119795795,18.296145468857272,9.806815173942557,-296.5827750706448,0.01066987393783486,-0.5920947662628789,0.804400042593803,0.04743957239842447
93.30000000000001,1303.9472937891064,1144.6430314445083,11344.165607516261,18.32603322691523,9.821384859703528,-296.65763002282915,0.010782782553200277,-0.5920968681298786,0.8043985142023484,0.04741371848161283
93.4,1305.2789805377245,1146.0542179534448,11314.492501164172,18.355566051676405,9.835663690372074,-296.72917112338024,0.011182187090225941,-0.5920901637898605,0.8043944365895582,0.0474740668043382
93.5,1306.6120724707318,1147.469149501488,11284.811258796537,18.37320253605544,9.852349330733853,-296.797200584559,0.011136193168943572,-0.5920781245423771,0.8043966637945829,0.04759713138656655
93.60000000000001,1307.94662299064,1148.8879742318618,11255.121815021557,18.38651219404545,9.869890401812077,-296.8643016406684,0.011430498922141399,-0.5920706164044345,0.8043956554542581,0.047637783021235953
93.7,1309.2825901285469,1150.3102791612407,11225.425099166892,18.399874494171204,9.886187129604545,-296.9384267295631,0.011632890594054021,-0.5920716859528684,0.8043939631293286,0.047604061070953003
93.80000000000001,1310.954557138769,1151.7362043360076,11195.720919633106,18.417060844910566,9.902757469964007,-297.00939719286157,0.011863899125493554,-0.5920654668844803,0.8043917964507277,0.047660975894054394
93.9,1313.2285732959572,1153.166467426951,11166.009823167504,18.433419376209688,9.921481500332485,-297.0771259977531,0.01227013453216307,-0.5920549494072641,0.8043943000652948,0.04764651827142184
94.0,1315.5125563957754,1154.6007774334741,11136.292045717208,18.44621968567066,9.940659980987414,-297.14179652436576,0.012530610871863655,-0.5920502895020645,0.8043949884191384,0.04762500496455408
94.10000000000001,1317.8065345641933,1156.0388162979518,11106.56792527677,18.4600179036808,9.95868680759879,-297.2033556332794,0.012428415940997703,-0.5920515962813022,0.8043948454156472,0.04763795216732625
94.2,1320.1103762845864,1157.4809268676643,11076.837887338203,18.476725831143767,9.977517550628018,-297.26179130953966,0.012222847639043978,-0.5920501287651508,0.8044012573452045,0.04760109459051273
94.30000000000001,1322.4245263927867,1158.9275419844053,11047.101969213598,18.491823266694208,9.998368013355007,-297.31722082818266,0.012039201766248552,-0.5920465130214729,0.8044108679588876,0.047530406579109535
94.4,1324.7485507596164,1160.3782810398839,11017.360594057016,18.50436514053781,10.01907127785732,-297.369697232741,0.011902339383583862,-0.5920471387180544,0.8044159548451102,0.047470953683199445
94.5,1327.0823877648381,1161.8330602280416,10987.6142826645,18.518500516320984,10.038894711479388,-297.4192399045894,0.011739407390995306,-0.5920496383840731,0.8044191233421125,0.04742663813621719
94.60000000000001,1329.4261767044861,1163.2923341426472,10957.862964758053,18.53437320504176,10.060083596654652,-297.46577406119826,0.01199024067105646,-0.592044849177827,0.8044226020595419,0.047364628008780316
94.7,1331.779699481918,1164.7561023876283,10928.107241053474,18.54828885735779,10.082839452001817,-297.500079988376,0.012302326743342473,-0.5920370256921645,0.8044281396754599,0.04728827618505482
94.80000000000001,1334.1431836208199,1166.2239673450413,10898.34706340803,18.56088472814975,10.102460599979512,-297.53759919403535,0.012466255525095971,-0.5920328487382575,0.8044316896424899,0.047237222473123244
94.9,1336.5162419932115,1167.6956092788341,10868.583124707176,18.575195783891242,10.120573676958275,-297.5790822391207,0.012667720952538,-0.5920303275489202,0.804432959580379,0.04719357635250235
95.0,1338.8992021122594,1169.1718093477816,10838.815321058451,18.590140505206406,10.143182665052974,-297.6176608042447,0.012712455257844708,-0.5920221114901556,0.8044331728775858,0.04728089849141369
95.10000000000001,1341.291985061494,1170.6528685506983,10809.044157295735,18.603234904103875,10.166643526583053,-297.65629927711865,0.012600318718145183,-0.5920263842396244,0.8044371362978902,0.04718989380373093
95.2,1343.6942784137184,1172.1379103120612,10779.269187968106,18.61577765366713,10.186498389854336,-297.6861475504525,0.012653390150120528,-0.5920438256127187,0.8044371111370704,0.046956730050232036
95.30000000000001,1346.1061706935352,1173.6268773037104,10749.48875359028,18.629950453144378,10.206060939323034,-297.7133453285556,0.012824046031344065,-0.5920488595578255,0.8044344528488421,0.046892460049011514
95.4,1348.5277949277115,1175.1205104864946,10719.705790159416,18.644096885542417,10.228633932747066,-297.7373086904643,0.012800992072585329,-0.5920470307098229,0.8044399593826913,0.04682734006981028
95.5,1350.9589366155158,1176.618600929514,10689.920595132433,18.656473095351657,10.250315838029623,-297.7583493208575,0.012749880737276202,-0.5920537417933316,0.8044406962089343,0.04674370174243057
95.60000000000001,1353.3993692208364,1178.1205722988575,10660.133486534929,18.669135395019673,10.26927537816693,-297.7766796318539,0.012838120553997278,-0.5920665172436034,0.8044377511426314,0.04660822198128564
95.7,1355.8493699156913,1179.6266842061752,10630.344763483366,18.683068860886415,10.289566077420774,-297.79188380438086,0.012947877742581658,-0.5920685340648647,0.8044373062564638,0.04655989406226684
95.80000000000001,1358.3088204366559,1181.137397246378,10600.55470171729,18.696141678091212,10.31145631127387,-297.8040530202842,0.012898805965687783,-0.5920686681276102,0.8044406079170602,0.046514743472233805
95.9,1360.7777122933082,1182.6523009208083,10570.76361270856,18.708080558166923,10.331557170413278,-297.81348810579397,0.012908131728934666,-0.592078383583998,0.8044410636001394,0.04638041635976174
96.0,1363.2555472942013,1184.171098732516,10540.971778744597,18.720882319767234,10.345596652710908,-297.82022646837595,0.013021952853162069,-0.5920876303660608,0.8044387692496703,0.0462702197905831
96.10000000000001,1365.7429200460676,1185.6941104618654,10511.179479382386,18.7342439298378,10.357399617064669,-297.8239946746488,0.01304978658222385,-0.5920884033443268,0.8044398409052773,0.0462338410649209
96.2,1368.239484001626,1187.2215544325484,10481.386996517986,18.746028657902574,10.3697616192602,-297.8250413583369,0.012997733550606117,-0.5920918356296323,0.804442829415515,0.046152478863441156
96.30000000000001,1370.745196201023,1188.7530055968414,10451.594605490403,18.75126173403049,10.379430909899465,-297.82346597790934,0.013069386447634635,-0.5921020102648781,0.8044416683073403,0.046021765166883166
96.4,1373.2600036635463,1190.2884142968455,10421.802582090648,18.75710825597348,10.388982317131552,-297.8132948249698,0.013167013707687825,-0.5921077256687132,0.8044404268333702,0.04594203554034671
96.5,1375.7837712734183,1191.8281090826652,10392.011187557442,18.76266517369743,10.400700665261907,-297.7960478771523,0.013150426219167613,-0.5921100819922811,0.80444448763586,0.045845211370732705
96.60000000000001,1378.3167176057505,1193.3720337697955,10362.220676068975,18.766997853827174,10.41166551350074,-297.775135430898,0.013132583591597712,-0.5921193865168668,0.80444897233259,0.04565104897084857
96.7,1380.8584428955985,1194.9198588126203,10332.431340101797,18.77123059246841,10.420615289337295,-297.768608090079,0.013223820498636152,-0.5921299077108417,0.804448745967125,0.04549195618666865
96.80000000000001,1383.4091239832446,1196.4716797453896,10302.643433871131,18.775942258317848,10.430026170428125,-297.750108528324,0.013279870661089111,-0.5921343539680866,0.8044488500057135,0.0454158519738039
96.9,1385.9688181174813,1198.0277764892357,10272.85715372084,18.779953783230027,10.440089473866808,-297.71779784888327,0.013249850924626412,-0.5921398710198791,0.8044522651086207,0.0452920275616537
97.0,1388.5371621341685,1199.5878401665814,10243.072782734418,18.782730276532366,10.448679789056799,-297.68301487764046,0.013295033077028683,-0.5921499864985765,0.8044549812156452,0.04509788002281748
97.10000000000001,1391.1143514449102,1201.1516681420578,10213.290552279268,18.78553652691462,10.457219248840731,-297.64595310120615,0.01357154782178597,-0.5921567791183561,0.8044534901453411,0.04495268876135322
97.2,1393.7000065041268,1202.7196409047433,10183.510754601126,18.789042135280337,10.466317359238124,-297.6067745000441,0.013800554309292473,-0.592161405757196,0.804451648648445,0.044854868400395445
97.30000000000001,1396.2946353941209,1204.2916938019473,10153.733611037109,18.804588212871412,10.47478956604373,-297.56538420218646,0.01384615971943492,-0.5921745667600479,0.8044502304152659,0.04469220433586823
97.4,1398.8976903715372,1205.8675488312397,10123.959244349333,18.876368381190385,10.482029311660186,-297.521655236072,0.014093811626661698,-0.5921885478477571,0.804447168418293,0.04448417129257877
97.5,1401.50936898302,1207.4471913967218,10094.188072056266,18.929661643649414,10.489558679481096,-297.4758555831088,0.014213796845446111,-0.592196689900119,0.8044467187824149,0.04434551939920206
97.60000000000001,1404.1293412390426,1209.0308453590612,10064.420243533912,18.99337392793388,10.497250866587168,-297.42807707200876,0.014419678904310732,-0.5922028955110831,0.8044444087569316,0.044237954612487015
97.7,1406.7580654767671,1210.3280950069147,10034.655965572429,19.10090920783563,10.503738345757332,-297.37811727104776,0.01486222834511336,-0.5922137891435162,0.8044381384431353,0.04405931836785357
97.80000000000001,1409.3948950395252,1211.6247657349006,10004.895494684022,19.220038735177702,10.50973725978517,-297.3265840084413,0.015114580606351059,-0.5922256580725946,0.8044352241290761,0.04386672490601092
97.9,1412.0402422962127,1212.9236176810734,9975.139073864544,19.317119036946725,10.516339265813428,-297.27448738658535,0.015196784278267062,-0.5922327287431448,0.8044349959213349,0.04374688663311375
98.0,1414.693813856068,1214.2245837108826,9945.386870658658,19.390622216071197,10.517306626635857,-297.2196442241419,0.015218041907565441,-0.5922428499263537,0.804433895659576,0.043622533461139396
98.10000000000001,1417.3555946073745,1215.527586224664,9915.639108059473,19.44029671784715,10.506069731638613,-297.1600071058284,0.015311527861232735,-0.5922569615396893,0.8044319214822215,0.04343422985101512
98.2,1420.0255737561056,1216.8325509735112,9885.896123508051,19.529261992801402,10.49453710712005,-297.0985259626987,0.015439638470125411,-0.5922673492249125,0.8044310310698457,0.0432633893484097
98.30000000000001,1422.703594363949,1218.1395093569872,9856.15799794144,19.61062610464347,10.479614675394153,-297.03517282126,0.01549087063038582,-0.5922748262759547,0.8044305806811519,0.04315094381221573
98.4,1425.3897792479127,1219.448499783042,9826.424931210955,19.626615985134592,10.465212178757836,-296.9700294214766,0.015641764030542307,-0.5922855892583607,0.8044271986791043,0.04301160308774623
98.5,1428.0840028714586,1220.7593284901034,9796.697144749442,19.71133115106004,10.4524349080918,-296.9037111479132,0.01582350776751393,-0.5922974999931291,0.8044237558692109,0.042845175890557884
98.60000000000001,1430.7860509687382,1222.072143614688,9766.974967289907,19.82680994635326,10.4372765064811,-296.83598707544496,0.01605504015460688,-0.5923035573349678,0.8044215228850715,0.042717036100820185
98.7,1433.4959611859097,1223.3867373884366,9737.258442295826,19.94103852106551,10.420496317844615,-296.76653614219083,0.016169698099270085,-0.592310662197824,0.8044208739834284,0.042587296343991166
98.80000000000001,1436.2138484980098,1224.703265064506,9707.547774207536,20.05483257742381,10.405564537735923,-296.6953040166116,0.016196231474328165,-0.5923230591968701,0.8044201625748051,0.04241789330948728
98.9,1438.9395082506153,1226.0215505802996,9677.843148309907,20.147888589278296,10.390705944578913,-296.62282231341004,0.016285339596546815,-0.5923325655510706,0.8044194674474654,0.04226393135343569
99.0,1441.6728966795304,1227.3419266485728,9648.144901604219,20.235579920065383,10.373258289941685,-296.54869748930344,0.01638209330436861,-0.5923389126246372,0.8044198884183632,0.042129357063897796
99.10000000000001,1444.4141430528664,1228.664216990426,9618.453068411693,20.323152641290957,10.355346247242734,-296.4728113433393,0.016422123292168904,-0.5923513461656881,0.8044247254312793,0.04184564107628089
99.2,1447.1127848456633,1229.9881949989697,9588.767777250772,20.41077251457921,10.338959702982828,-296.39515457720853,0.016423530365837127,-0.5923652810268349,0.8044282857684393,0.041578534605871104
99.30000000000001,1449.5665972230659,1231.3140153763654,9559.089287812641,20.498201532052324,10.321368646151171,-296.3165943638444,0.016229483083613237,-0.5923773225336346,0.8044396518070244,0.041262067656799815
99.4,1452.0261519157848,1232.6418642993183,9529.417780979564,20.585226209278638,10.300596682003551,-296.23614610506377,0.015989354902752093,-0.592388302790471,0.8044513754491568,0.04096857069484812
99.5,1454.4911745909014,1233.9715526844097,9499.753473824212,20.670358209905118,10.273738688420682,-296.1540470991094,0.015812865168309136,-0.5924029647656984,0.8044580428865817,0.040693216474866775
99.60000000000001,1456.96170734385,1235.3029784786195,9470.096550654305,20.754569465140264,10.246576578854146,-296.0702422121067,0.015663522182910512,-0.592417000996371,0.8044656999147553,0.04039416621189476
99.7,1459.4376669729165,1236.6363963835752,9440.447081311755,20.8405079245931,10.217656791991175,-295.9845736025417,0.015450366859971589,-0.5924278208938317,0.8044769464930142,0.04009246507954409
99.80000000000001,1461.919052893882,1237.9717937970904,9410.805403242546,20.924268805641766,10.188992753907037,-295.89724845199686,0.015254875143198182,-0.5924403392627466,0.8044853119068829,0.03981351685913161
99.9,1464.4057954194095,1239.308993942548,9381.17149673653,21.00607224218501,10.187578594030077,-295.80839770506304,0.015254699786089197,-0.5924535306520939,0.8044896376742521,0.03952886321481157
100.0,1466.8977386902106,1240.648106059341,9351.545821276399,21.08866065728954,10.20381210119797,-295.7178672720129,0.01549890797564897,-0.5924616828119216,0.8044936819282029,0.03922822948887834
100.10000000000001,1469.3950572156757,1241.9892251287665,9321.92821745606,21.171625378675408,10.222771378740886,-295.6256823985607,0.015716166263781372,-0.5924690300646805,0.804497916919737,0.038942935225655693
100.2,1471.8975401766043,1243.3322274779139,9292.319064196912,21.252751101401472,10.23888719324867,-295.5320557122286,0.015959784693393462,-0.5924790035206373,0.8044991373507685,0.0386659237779509
100.30000000000001,1474.4051589296107,1244.6771078954646,9262.718584392172,21.333403550321357,10.25402811582638,-295.4369382768705,0.016225926457274296,-0.5924883115353162,0.8045010397963636,0.038371825226369595
100.4,1476.917755555504,1246.0240121351028,9233.126699115695,21.414696871435854,10.272468234819407,-295.34024236917594,0.016456773160255782,-0.5924954845448397,0.8045047814005934,0.038083226159439036
100.5,1479.435516088676,1247.3729015206661,9203.543767299416,21.495214965303077,10.276292245585552,-295.2400366766556,0.016675010327440593,-0.5925051282412556,0.8045064555066372,0.03780185295114716
100.60000000000001,1481.9582260689954,1248.7236776062723,9173.970018971491,21.574469565458468,10.253446935557488,-295.1432982191982,0.016984290533699747,-0.5925155997736345,0.8045064388754547,0.037499169429351845
100.7,1484.485862143492,1250.0764026889963,9144.405247709905,21.65391375253672,10.230225601947913,-295.03797575948994,0.01734783377387109,-0.5925200479669622,0.8045090309786087,0.037205705132988764
100.80000000000001,1487.0186186629103,1251.431199072755,9114.849997889867,21.73329214233086,10.211812026888827,-294.9281668237599,0.017379759501522516,-0.5925252791751221,0.80451547636775,0.03696736104842979
100.9,1489.5562453412974,1252.7879707131526,9085.30412874381,21.81153584824396,10.192154782079834,-294.81945321462445,0.017498565272301984,-0.5925342372082524,0.8045163637987967,0.03674776631861702
101.0,1492.0986491253116,1254.146680764307,9055.767967085201,21.889272863483225,10.16928610255657,-294.71479286944873,0.01783537007166676,-0.5925406790363504,0.8045162553201783,0.03648339604730991
101.10000000000001,1494.6458226530676,1255.5074571518483,9026.241736721318,21.967153185524932,10.150011436549985,-294.60703305743397,0.017977107131542998,-0.5925440458036122,0.8045226514711401,0.03621713229555979
101.2,1497.1979238907188,1256.8703180900482,8996.725037153301,22.0443726811007,10.132357649835562,-294.4982318193067,0.018006130538669493,-0.5925487022149495,0.804528550390816,0.03599481035448689
101.30000000000001,1499.7547426387437,1258.2351083999404,8967.218633880108,22.120603755631976,10.111327087660534,-294.39013208783877,0.018252780556666865,-0.5925542089809056,0.8045293206158007,0.03576195870532397
101.4,1502.3162691930042,1259.6019814475662,8937.722395998919,22.196563936993112,10.091346641296983,-294.2812566477285,0.018511039596890988,-0.5925582267219466,0.8045323751578843,0.03549291027793765
101.5,1504.8825837461457,1260.9709481467983,8908.23639219682,22.27250520839325,10.074378290557865,-294.17139161227107,0.018567909796941687,-0.5925620909926187,0.8045389427225758,0.03524898136213492
101.60000000000001,1507.4535080414103,1262.3419925821738,8878.760874995864,22.34760564111292,10.055646778635104,-294.0605846153429,0.018695918758492202,-0.5925670179106594,0.8045418675504222,0.035031061427296624
101.7,1509.940828129309,1263.7150617914435,8849.295789852102,22.42191693544689,10.035932281155446,-293.9488854292144,0.01897496552781899,-0.5925716883784207,0.8045435187032115,0.034763074205557874
101.80000000000001,1511.4960794462313,1265.0902333681518,8819.841390757883,22.496127638506568,10.045900688527517,-293.8362769381187,0.019025203559493536,-0.5925771021167685,0.8045509278654812,0.03447062731088541
101.9,1513.0498294331421,1266.4676157999872,8790.397651997879,22.56991851967367,10.065267570575623,-293.72273103483593,0.01888616891399974,-0.5925841618115699,0.8045592165211951,0.03423143153056261
102.0,1514.602154966545,1267.8470150197388,8760.964663975905,22.642828761984997,10.083366520704702,-293.60818884067385,0.01877757075324722,-0.5925935313582161,0.8045674963375662,0.033933070390196655
102.10000000000001,1516.1529727549068,1269.2285141525963,8731.542555609425,22.715307974396552,10.101902111384502,-293.4928255388939,0.01863047790659423,-0.5926038333814323,0.8045792881676811,0.033552511175631364
102.2,1517.702220359349,1270.6122487083596,8702.131518996783,22.787580298620984,10.115772198819997,-293.37730813461707,0.018784381712414203,-0.5926096972508806,0.8045863699397949,0.033191369887448835
102.30000000000001,1519.2499400979325,1271.998134362735,8672.731651817616,22.859115753575782,10.121285331106558,-293.26133971335304,0.019015190084186426,-0.5926156493153537,0.8045894756402433,0.03287689799178735
102.4,1520.796153558343,1273.3861199050664,8643.343019782196,22.93002495967825,10.126827105009877,-293.1445207766962,0.018947005500393344,-0.5926255473061741,0.804597991935684,0.03252757346760424
102.5,1522.340700417651,1274.7762513836929,8613.965607561622,23.00069576263791,10.131919728623632,-293.0269413473629,0.018950783749910213,-0.5926296710737803,0.8046090318612761,0.03217524833637024
102.60000000000001,1523.8836880870933,1276.1685245542715,8584.599529507372,23.070809984841908,10.137023896238121,-292.9083874082597,0.019187897933899477,-0.5926277135582048,0.8046143263589137,0.03193749385352474
102.7,1525.4251321491565,1277.5626578911795,8555.245156704748,23.174233173301406,10.142070851890097,-292.78840359488566,0.019240199645663047,-0.5926321971838441,0.8046192156092947,0.03169876103143059
102.80000000000001,1526.9649009550635,1278.9587266408419,8525.902039153236,23.262733878072783,10.14493387426251,-292.6687822986383,0.019066929192169402,-0.5926403376249043,0.8046305199994978,0.03136253682912279
102.9,1528.5029952996865,1280.3570811216766,8496.571287691126,23.35088312038253,10.14993580567791,-292.55076254362973,0.01893854628243719,-0.5926451006265818,0.8046413636100959,0.031070760140396805
103.0,1530.0394908709202,1281.75738607732,8467.25178901212,23.412904802344798,10.15581083247638,-292.43153764305464,0.01895064766545065,-0.5926512572682273,0.804645031049404,0.03085018993382303
103.10000000000001,1531.4130601895088,1283.15941542784,8437.944118634414,23.468445926771075,10.158880649704011,-292.31044989534524,0.018798002728363114,-0.5926612790239396,0.8046523088809592,0.030559863410589205
103.2,1532.686102573079,1284.5634519387886,8408.648425548838,23.524154734160252,10.161728081576157,-292.18346130426335,0.018611529561408314,-0.5926679515113135,0.8046639300181234,0.03023689710530572
103.30000000000001,1533.956220371116,1285.9695014611088,8379.36498687429,23.57899499805075,10.166816271742373,-292.0557019415847,0.018528786352541085,-0.5926732096605112,0.8046712816530432,0.029987982757405048
103.4,1535.2234093980308,1287.3771522049863,8350.093690593167,23.63256320984781,10.170408853640867,-291.9271166348661,0.018444206755745676,-0.5926819352712689,0.8046765425285959,0.02972535524564497
103.5,1536.4876650809094,1288.786572400938,8320.835052257358,23.68628638125205,10.17194316208268,-291.7974438779593,0.018249797840956632,-0.5926902756915695,0.8046867151883176,0.029401911142836412
103.60000000000001,1537.7489140762823,1290.1978934123329,8291.588530216819,23.743732702223575,10.175291266255803,-291.6663842590388,0.01819127330442773,-0.592695018600832,0.8046946762385976,0.02912336750071485
103.7,1539.0072343842762,1291.6108026133663,8262.354876629024,23.80829490134343,10.179291297752691,-291.52946974350743,0.018197978489027298,-0.5927007489197974,0.8046990826923814,0.028879787444926343
103.80000000000001,1540.262563918683,1293.025263693865,8233.133927219575,23.87164785107948,10.179429315131488,-291.392233116708,0.01826945826758761,-0.5927070058297431,0.8047036835710857,0.028576455029894605
103.9,1541.51485810486,1294.4414722472075,8203.925866636326,23.934144321071756,10.141556226827397,-291.2547142780237,0.018313804827537885,-0.5927115637586243,0.8047100309428669,0.02827318233725162
104.0,1542.7641355569506,1295.5698448804703,8174.730382576981,23.995885030210207,10.114806682337885,-291.12088617586636,0.01831770103911573,-0.5927179153719045,0.804713565137834,0.028035918194029983
104.10000000000001,1544.0104137345331,1296.2078156181776,8145.547946046158,24.056232141953625,10.106055694637217,-290.9871089934289,0.01836905837003287,-0.5927256203468938,0.8047162428831632,0.027761216093572214
104.2,1545.2536240690986,1296.8440581005138,8116.378614669449,24.116578110903603,10.121016454959927,-290.8530652126317,0.018423158392133557,-0.5927335611974871,0.804724104562526,0.027324498184673376
104.30000000000001,1546.4937691555122,1297.479015568111,8087.222262735673,24.176957054896537,10.1343618836391,-290.71401954265775,0.018430207844600314,-0.5927453785883179,0.8047364605368283,0.02669218394313576
104.4,1547.731085939957,1298.1128100897251,8058.079013978655,24.235966576724323,10.148006787215932,-290.57052360543776,0.01846248463889299,-0.5927548279725823,0.8047431310910096,0.026255352558878658
104.5,1548.965592801376,1298.7447699026634,8028.948977889684,24.294204616301517,10.162442299686221,-290.4279497840257,0.01851786039725883,-0.5927616097189022,0.8047480043186958,0.02591162740623741
104.60000000000001,1550.196908497017,1299.3142192955086,7999.832141779323,24.352738296715582,10.175378643126564,-290.2851124242555,0.018501906034964186,-0.5927701854241894,0.8047553434704601,0.02549556630058452
104.7,1551.425299563321,1299.6689792879997,7970.728440859324,24.41055807491557,10.187867764375282,-290.1434871891408,0.0182821553085329,-0.5927814255602982,0.8047637775992509,0.02512382479159339
104.80000000000001,1552.6509679107178,1300.020546422386,7941.637916687736,24.46624447635457,10.201356631561854,-290.0057731770806,0.0179436433703474,-0.59279344791889,0.8047742910160284,0.02474458095585651
104.9,1553.8736168980936,1300.3687382498495,7912.560810987635,24.518238016798616,10.21425577421542,-289.86725720372164,0.017847822871346928,-0.5928035804650762,0.8047841787191621,0.0242445022605703
105.0,1555.0932929647583,1300.7137953137205,7883.49699304275,24.571703854297,10.226750714839168,-289.7279638199748,0.01769571901694065,-0.5928137184556626,0.8047927648037619,0.023819371502220462
105.10000000000001,1556.3103664812356,1301.0554848434904,7854.4464424592925,24.627750338426182,10.239193246156551,-289.5880187408347,0.017374368036106928,-0.5928254645170037,0.8048033056399461,0.02340382845947196
105.2,1557.5245841158485,1301.3934737996528,7825.409440270788,24.67848163500679,10.258988363105194,-289.448150573258,0.01720952027722536,-0.5928345680181197,0.8048117670951286,0.023000585205895308
105.30000000000001,1558.7359015545758,1301.7279041440693,7796.385838694414,24.72693559883535,10.282605421256333,-289.30981409558495,0.017092221271163464,-0.5928431817076534,0.8048195889288831,0.02258865093598147
105.4,1559.944610511693,1302.058760607871,7767.375827043663,24.77857699683389,10.305514077499803,-289.1707556496928,0.016805991649534044,-0.5928538694417466,0.8048293815877902,0.02217013003208876
105.5,1561.1506382679197,1302.3855759037735,7738.379300489924,24.82703756505425,10.329036417423461,-289.0306268297181,0.016596398984059412,-0.5928650942239938,0.8048409152515195,0.021601868637536156
105.60000000000001,1562.3538233452175,1302.7085230392895,7709.396549432356,24.87213001795568,10.35301918074902,-288.88912891226806,0.016481474964650984,-0.592871004371808,0.8048451949668788,0.021366920622316706
105.7,1563.5544207073017,1303.0276293031773,7680.427393633014,24.919121977762686,10.376499287631999,-288.7464970816688,0.016236710482718502,-0.5928794283870179,0.8048517014415031,0.02107347420101083
105.80000000000001,1564.7524392024259,1303.3424501430825,7651.472085264151,24.96457723829935,10.390359178798583,-288.6025438565283,0.016000048988359224,-0.5928884209133938,0.8048587395273767,0.020729886289963924
105.9,1565.9477208746034,1303.6531117299967,7622.53048944585,25.006710312092157,10.402403326338485,-288.4571435192499,0.0158656489347737,-0.5928968463762996,0.8048630475139289,0.020422670920035968
106.0,1567.1405614554471,1303.9595640758039,7593.602988108143,25.049545848740188,10.414781289087193,-288.31557849699766,0.01564923723063346,-0.5929058337703788,0.8048692286479715,0.020082291472112813
106.10000000000001,1568.3311003282136,1304.261522645019,7564.689706891822,25.091409882399528,10.432255679955873,-288.17272937083817,0.015402965196011647,-0.5929144962400105,0.8048762139810259,0.01973395498106776
106.2,1569.5190101736578,1304.558998738314,7535.790243114307,25.13085852859183,10.447459257211717,-288.02791253215923,0.015254248087566903,-0.5929214506399343,0.8048809238066679,0.019446330719288685
106.30000000000001,1570.7043987274174,1304.8518790546177,7506.905495662047,25.168865335638746,10.457056645090903,-287.8812433767683,0.014941369574707049,-0.5929208819490889,0.8048857068653389,0.01950851372684126
106.4,1571.887666743417,1305.1401745647481,7478.03478333925,25.204409698624605,10.47368307952501,-287.7332433298685,0.014569720199779687,-0.5929225582319088,0.8048963331854776,0.019299119606899975
106.5,1573.0685631327099,1305.4236380342484,7449.178918056915,25.235622661325,10.493627539362894,-287.58312433917644,0.014482535764118443,-0.5929288809249641,0.804904334300486,0.018831116461910772
106.60000000000001,1574.2470239415186,1305.7022125946546,7420.337805647336,25.26597310618634,10.506747295314016,-287.43083964547145,0.01460667724117165,-0.592932708767117,0.8049133870500128,0.018217771590883947
106.7,1575.4234362258073,1305.975882728053,7391.511695315158,25.297534811391497,10.522600856501551,-287.27690751640597,0.014612096918598364,-0.5929376312361577,0.8049294314941078,0.017322309380342633
106.80000000000001,1576.5977137119173,1306.2444777419298,7362.700775318061,25.325640719410877,10.544243531304632,-287.1209631760058,0.014646952264148423,-0.5929448947972972,0.8049424184230202,0.016417111393094184
106.9,1577.769749187879,1306.507911224606,7333.905093313116,25.35086439303594,10.561740964566743,-286.9592023082131,0.01414791447019535,-0.5929525157896425,0.8049565184835565,0.01587935407091717
107.0,1578.9397563963084,1306.7660941672216,7305.124953198146,25.37705768641237,10.578942808991652,-286.7932276960844,0.014023848655398234,-0.5929541968761787,0.804968355077485,0.015316638001355843
107.10000000000001,1580.1078827561475,1307.0190696636814,7276.360712830847,25.401171158122963,10.601821139234511,-286.625346836383,0.013926688490611268,-0.5929558050377565,0.8049761888018901,0.014926355271645765
107.2,1581.2738909670975,1307.26671787067,7247.612396155304,25.42205754419516,10.622845876931772,-286.45547819391294,0.013880806580069047,-0.5929588326275049,0.8049805346574372,0.014611120434105068
107.30000000000001,1582.4379996230389,1307.5090717487474,7218.880151447971,25.442861022797853,10.642233119663565,-286.28367288340473,0.01378368510116374,-0.5929631781956505,0.8049913587182072,0.013913724093863239
107.4,1583.6003405257359,1307.746330774212,7190.164260041184,25.46243579330516,10.666286179726544,-286.10997181981384,0.01368243149858731,-0.5929672340117972,0.8049998158049071,0.013339678060228819
107.5,1584.760828150722,1307.9780601836203,7161.464960685954,25.47915125775429,10.69032343709133,-285.93438440418595,0.013748138675504461,-0.5929717627252334,0.8050020669576676,0.012928630529614632
107.60000000000001,1585.9191871926778,1308.2041967599098,7132.7824764314155,25.494946657352543,10.71263830897869,-285.7568357360833,0.013844965001805676,-0.5929741951782,0.805008963142133,0.012267438921486138
107.7,1587.075643347273,1308.425145435364,7104.11675692006,25.509739733064407,10.741070338184993,-285.57714512600006,0.013856255293791727,-0.5929758503283569,0.8050166702191884,0.011653573949906064
107.80000000000001,1588.2305115977958,1308.6407018042685,7075.468312153511,25.522112663146384,10.76807183044281,-285.39550975529585,0.013926472009648704,-0.5929789732182491,0.8050193781712159,0.01121567952574221
107.9,1589.3834436672228,1308.850582394223,7046.837287382547,25.532918140558213,10.792480756593863,-285.2120949526627,0.0140364614200399,-0.5929805217699309,0.8050244146026685,0.010619343006759195
108.0,1590.5344439922105,1309.0552023516752,7018.2236572660595,25.54623608760113,10.822213075443493,-285.02668231652797,0.01406909066733356,-0.5929801681361665,0.8050307857042142,0.010100245217499096
108.10000000000001,1591.683768783189,1309.2544284429073,6989.627920114637,25.56348671587733,10.85223163078827,-284.83455545651765,0.014053396451371434,-0.5929801402610823,0.8050318339843411,0.010039998801602005
108.2,1592.8312635646505,1309.4480166037636,6961.0500289642,25.569110486538854,10.880815206280342,-284.6393255223577,0.014131739917630995,-0.592980494363704,0.805034311429432,0.009704877764194406
108.30000000000001,1593.976822873768,1309.6362665892811,6932.49046245548,25.57575240630793,10.912789542295084,-284.4425386746311,0.014130060720202835,-0.5929785695765826,0.8050384744258307,0.009476924663868782
108.4,1595.120686336684,1309.8191366718681,6903.949102924292,25.5901185852455,10.94593131089723,-284.2440905636659,0.014097473688951508,-0.5929770760085891,0.8050399022866902,0.009497593912645834
108.5,1596.2627366837462,1309.9964068190152,6875.426303023896,25.597259229440763,10.97779080656935,-284.043877952587,0.014161890420838381,-0.5929759360310949,0.8050405449815538,0.009418125267689955
108.60000000000001,1597.4028684350899,1310.1682554360648,6846.922204419957,25.601933504752573,11.01220366354024,-283.84216646309585,0.014178400743129252,-0.592972439865651,0.8050417475528712,0.009510163466700285
108.7,1598.5412649373282,1310.3348423011548,6818.437107384189,25.61313120330725,11.048172714977916,-283.63890216580086,0.014146197667658742,-0.5929723477191053,0.8050417633987834,0.009562380238050018
108.80000000000001,1599.6779348142484,1310.4959789740296,6789.971031316873,25.620596896665923,11.083273276957087,-283.43395842446824,0.014190586926224439,-0.5929732753391779,0.8050411181220872,0.009493161167733228
108.9,1600.8126698053024,1310.6519250176555,6761.524196641753,25.624289238329684,11.1202562734551,-283.22725928381584,0.014211340497322039,-0.5929658819648055,0.8050454740180714,0.00955433880435156
109.0,1601.9456536364125,1310.8026433569005,6733.096799807447,25.63236888145239,11.159037791521264,-283.0191643495863,0.013989544647713152,-0.5929585088169326,0.8050540275972372,0.009618321663172936
109.10000000000001,1603.0766399146964,1310.9479339119398,6704.68909153016,25.639356010852637,11.196440673616232,-282.8093716191185,0.013752183771037676,-0.5929584118195794,0.8050587610629425,0.00957029412973256
109.2,1604.2054748813177,1311.088149187303,6676.301075076391,25.64255356463055,11.226267380949697,-282.59778786971026,0.013713310890562058,-0.5929528823287128,0.80506312795286,0.009601273522165502
109.30000000000001,1605.3325869819053,1311.2232772876514,6647.9330337376705,25.648075430615947,11.265648572832069,-282.38478364861624,0.013541568468943454,-0.5929475019657694,0.8050691679276258,0.009670609508971126
109.4,1606.4577602271988,1311.3532420283007,6619.585115212491,25.65375420091776,11.30758430899442,-282.1702607237667,0.013305660537297013,-0.5929574054296575,0.8050661486814552,0.009642146597314567
109.5,1607.5806530336247,1311.4781807459044,6591.257179161682,25.65721435614513,11.336604337497102,-281.9540527026545,0.013232753641742184,-0.5929612469766746,0.8050643288061731,0.009658172642389232
109.60000000000001,1608.7015962530108,1311.5982467653248,6562.949987495824,25.664622521598382,11.379263008433204,-281.7364722224262,0.013094922914887454,-0.5929566535407385,0.8050684277455485,0.009785533349398877
109.7,1609.8205036924294,1311.713327613645,6534.6633191808505,25.670224205583043,11.409386843569788,-281.5174399065489,0.012862223861863949,-0.5929629421231076,0.8050666601238948,0.009858256589910974
109.80000000000001,1610.9370809027948,1311.8234814281918,6506.39738093462,25.666491611592885,11.450214841628748,-281.29532433208163,0.012718921704951163,-0.5929682475322178,0.8050652592563191,0.009839450583729927
109.9,1612.051488617845,1311.9289250597537,6478.152355796294,25.66483216247137,11.498986225034662,-281.071723147914,0.01254590357871378,-0.5929659578618385,0.8050688996921204,0.009901508415629354
110.0,1613.163719987537,1312.0295542251613,6449.928303915642,25.6697187011513,11.532390898690812,-280.84673781910936,0.012305494252637258,-0.5929713190619536,0.8050698412605487,0.009805114677558251
110.10000000000001,1614.2735529839022,1312.1255042735295,6421.725604525169,25.667625447004024,11.569388406546944,-280.62040110950693,0.012123392447312479,-0.5929774802593392,0.8050695697266126,0.00968086571853193
110.2,1615.3810365340414,1312.2170493365365,6393.544161454659,25.66510900289688,11.615081314992873,-280.3927419617335,0.011928739371987128,-0.5929807011272995,0.805077753714557,0.009022402201991658
110.30000000000001,1616.4862201341182,1312.3041123431892,6365.384319882647,25.668825718762932,11.650517204821044,-280.16352675258304,0.01167589618807852,-0.5929863810119415,0.8050829248834425,0.008503495968536785
110.4,1617.5888997718894,1312.3867838655308,6337.246063253331,25.668496995467006,11.685410852179684,-279.93273670474724,0.011479896356134393,-0.5929918838278506,0.8050891792976461,0.0077621563880019935
110.5,1618.689112940025,1312.4652412264613,6309.129601987462,25.66628386840139,11.726218509414595,-279.7004182590197,0.011303789764062992,-0.5929934872832069,0.8050968330869961,0.0070737352198405766
110.60000000000001,1619.787013621846,1312.5394628498666,6281.0353944199,25.668945029698122,11.759894784228136,-279.46655260492645,0.011028719814162561,-0.5929986766765699,0.8051025417988795,0.006390147735473362
110.7,1620.882322426161,1312.6096583701726,6252.962788573307,25.66962103396222,11.794401416993436,-279.2311995789188,0.010850274658069356,-0.59300237306243,0.8051053684911736,0.005983536484613305
110.80000000000001,1621.9750005172748,1312.675897075072,6224.912394380471,25.667970815755066,11.83246508408092,-278.99505522823705,0.010735653969242179,-0.5930038455054668,0.8051078616901931,0.005702279739381658
110.9,1623.0652465508772,1312.7382525649327,6196.884593517108,25.669861761110763,11.865048025996362,-278.7603093503414,0.010532086568054863,-0.5930081843713737,0.805107635069032,0.005662541358798119
111.0,1624.1528582961598,1312.6909027006882,6168.879059723997,25.6701737528806,11.896972702968439,-278.52417664318097,0.010277652662032089,-0.5930131624687932,0.8051105624364491,0.005171194038504479
111.10000000000001,1625.2377720395984,1312.6045640039908,6140.8962487903445,25.663004121688733,11.92729628998544,-278.28661769716837,0.010208614002079822,-0.5930141942788755,0.8051125213160082,0.004876228472203621
111.2,1626.3201364154004,1312.5131308479524,6112.936333764734,25.65944251074893,11.94404578838056,-278.04763370220894,0.009978802991970575,-0.5930198875425676,0.8051171827262001,0.003762784723357565
111.30000000000001,1627.399819024081,1312.4166190451722,6084.999314633597,25.656429907142456,11.975789973860993,-277.8073379549437,0.01008903727121089,-0.5930240289416124,0.8051196789403029,0.0017363777991875828
111.4,1628.4767173623868,1312.315274913373,6057.085275097798,25.657958176125895,12.004286399704682,-277.56572119802473,0.009887648797209757,-0.5930255848348338,0.8051223343847772,0.0009575005865508032
111.5,1629.5509656971196,1312.2094357078472,6029.19447307098,25.65238474034419,12.01689798345155,-277.3227727901906,0.00964934091154232,-0.5930275892865806,0.8051239188786163,0.0008023804950757392
111.60000000000001,1630.6224768000634,1312.0993276809663,6001.327213601243,25.651466541953774,12.038056688033967,-277.0769370971353,0.009285011564540518,-0.593031541176883,0.8051247643610575,0.0012221056292453009
111.7,1631.6911238631878,1311.9850172326767,5973.483402081064,25.631002660710042,12.058983035023417,-276.8284219572505,0.009320427261907203,-0.5930319719054824,0.8051238043061874,0.0013673598951582338
111.80000000000001,1632.757035697798,1311.8664648980853,5945.6631582295295,25.613726163917846,12.0676166066672,-276.57868380364226,0.009675083070626157,-0.5930304863174432,0.8051195882247129,0.001919302618732269
111.9,1633.8201867454034,1311.744222329634,5917.866684044339,25.610654831179232,12.079805348901107,-276.3278496772947,0.010217740511464036,-0.5930307200059951,0.8051144782247193,0.0009164392775989616
112.0,1634.8808767888254,1311.6184108122134,5890.094112862403,25.603295589783773,12.09327336104539,-276.0759385587203,0.01079065982879476,-0.593028271227792,0.8051092349887622,0.00038848532221466846
112.10000000000001,1635.9390180636806,1311.4890210119038,5862.345576534201,25.593264314045726,12.096663744432925,-275.8229730115617,0.011381700493475908,-0.5930245922130266,0.8051036525817052,-0.0006312876106511671
112.2,1636.994201409305,1311.3564538036371,5834.621420753522,25.586911722637225,12.100887210681275,-275.5689836014819,0.011993210176908227,-0.5930206981560434,0.8050970005238558,-0.001197587433953707
112.30000000000001,1638.0469422087822,1311.2209574382985,5806.921554876029,25.577656441814536,12.106584329450822,-275.3140142502448,0.01239525579156669,-0.5930161816625339,0.80509379243675,-0.0014667310801431167
112.4,1639.0972409316355,1311.082561205345,5779.245907757869,25.565853980285535,12.104453590043901,-275.05805781549736,0.013078697395573668,-0.5930090676278903,0.8050874710258646,-0.0018323162152720793
112.5,1640.1448431664426,1310.9414923156437,5751.595001668534,25.55102777521883,12.101897661639551,-274.8011835692553,0.013788365115948803,-0.5930017533800112,0.80507956761004,-0.0023856429936277685
112.60000000000001,1641.1900485548174,1310.7981284648954,5723.968704081988,25.533222712854144,12.102949345574174,-274.54339630016244,0.014241120944371334,-0.5929963371537904,0.8050759888285729,-0.0022774565048300417
112.7,1642.2329684998833,1310.6524655232536,5696.367201971182,25.521362966759998,12.095038274812,-274.2847160255708,0.014652613238418122,-0.5929892481316806,0.8050715614724457,-0.002972109322946433
112.80000000000001,1643.2733725287637,1310.5047451393682,5668.790657838683,25.5036758721651,12.08514456903645,-274.02518061449456,0.015286252000463041,-0.5929817800557988,0.8050662455482015,-0.002698017894220359
112.9,1644.3114496999247,1310.355115392952,5641.239156007034,25.480976886954174,12.079011628059348,-273.7648132694889,0.015781146601834686,-0.5929747471514301,0.8050625212004697,-0.0024983216310713804
113.0,1645.901386592238,1310.2035249519465,5613.712721341413,25.46233170509063,12.066369996684466,-273.5036280426788,0.016340818009828794,-0.5929653311793068,0.8050581937220381,-0.002529507302606221
113.10000000000001,1648.463274488277,1310.050421245827,5586.211464930612,25.43984624382692,12.051006517834907,-273.2415151216538,0.01681431775690529,-0.5929576770055573,0.8050546822494368,-0.0023303619464026255
113.2,1651.020289232236,1309.8960002666827,5558.735641041878,25.412416146628132,12.038115064788524,-272.9784808829087,0.01690562900339018,-0.5929540042286507,0.8050547041526883,-0.002583001904090685
113.30000000000001,1653.5722254960494,1309.7401236426238,5531.2851010293725,25.38789429781651,12.021409127147301,-272.71454688223764,0.017056415428169006,-0.5929471186074615,0.8050555717502267,-0.002884375455186448
113.4,1656.1192151853656,1309.5831510191413,5503.855384495016,25.359880558448285,12.002027794879542,-272.4497610252169,0.01738347212109185,-0.5929394112658228,0.8050548956908775,-0.002698960708293415
113.5,1658.6609873239586,1309.4252835950524,5476.442131315408,25.32776410605407,11.98210466971994,-272.1841367399974,0.017578714260064975,-0.5929342083707765,0.8050548716609016,-0.0025820464234127902
113.60000000000001,1661.1973748470134,1309.2664404556933,5449.05474677899,25.29761021480197,11.960024919460075,-271.91936568637425,0.01765899912131441,-0.5929312485156052,0.805055071403217,-0.0026507153223512066
113.7,1663.7283832259345,1309.1069175969842,5421.693273477278,25.26416956899143,11.935829573413978,-271.65400964055056,0.018029524700918103,-0.5929280243988964,0.8050497283095515,-0.0024958105292878546
113.80000000000001,1666.253802778271,1308.9469214652834,5394.357610553807,25.227396436867448,11.910820154528539,-271.387984593885,0.018557936021392905,-0.5929198753322514,0.8050440533667514,-0.0023867520701862156
113.9,1668.7734721180534,1308.8654670986837,5367.048453621101,25.194196230744097,11.887384049517053,-271.1211653782274,0.01903079278568345,-0.5929118149318293,0.8050387455316795,-0.002454960890193227
114.0,1671.2873749311839,1310.128433266859,5339.765391790081,25.157093522267377,11.862768663944237,-270.8534850458675,0.01931835316386286,-0.5929080941602164,0.8050339061644501,-0.0026838472280117888
114.10000000000001,1673.7953929524056,1311.3877203352674,5312.505387173622,25.114582029325312,11.830977943658743,-270.5851814751499,0.01940254197702151,-0.5929041731774916,0.8050339095328629,-0.002930408807533872
114.2,1676.2973323309636,1312.6438730849745,5285.269802349961,25.07404753799057,11.801792016842333,-270.3161760930454,0.019345599739761746,-0.5929011873901765,0.8050370739072222,-0.003039637630599851
114.30000000000001,1678.7930562310385,1313.8969007529738,5258.060792798342,25.03097224949017,11.774607709550821,-270.04640241766174,0.019740313237417744,-0.5928949503662779,0.8050313096379604,-0.0032385746938628983
114.4,1681.2826396024807,1315.1462409186972,5230.87842597774,24.984308282253547,11.742385156057937,-269.77593264974695,0.020159362893998018,-0.5928865606159835,0.8050257121592396,-0.003567785190684263
114.5,1683.7658920621711,1315.5251030929905,5203.722531644221,24.93958433123262,11.71129965681572,-269.50466762121937,0.020676175398814077,-0.5928775753478933,0.8050182271170144,-0.0037855554228452817
114.60000000000001,1686.2429731863285,1315.8734322257028,5176.593542609347,24.89317124393638,11.682574804571514,-269.23490876005144,0.020675792276416284,-0.592876993984319,0.805017477870547,-0.004030129129894055
114.7,1688.7135424864682,1316.2206173644447,5149.491368701701,24.843719995870796,11.652461108334862,-268.96508053476856,0.02064162527790524,-0.592873765150729,0.8050190419890564,-0.004354760258240565
114.80000000000001,1691.1773795814745,1316.5665970873858,5122.416117947788,24.79517910589565,11.619353486373566,-268.69510566710653,0.02072826802639167,-0.5928697402225368,0.8050191529762412,-0.004469158142528199
114.9,1693.6347860113726,1316.9115882557942,5095.36774362157,24.745350975284474,11.588626527770268,-268.4245342489787,0.020744003195096786,-0.5928700679647703,0.8050184803432936,-0.004473829306592677
115.0,1696.0855748109554,1317.2555346258787,5068.3467552178045,24.69276428539356,11.557707906072968,-268.15244045682743,0.020923607583387162,-0.5928693130923193,0.8050148381146686,-0.0043921127435372215
115.10000000000001,1698.5295101523393,1317.5983014695157,5041.352161517713,24.64064072205732,11.524602577822108,-267.8800138329286,0.02112004583938694,-0.5928661481773723,0.805011554291486,-0.004480119002256557
115.2,1700.9667720743726,1317.9400745553726,5014.3852134529525,24.589805401861177,11.493020524181462,-267.6036171037349,0.021193344045035478,-0.5928654214702724,0.8050098695611868,-0.00453256021979536
115.30000000000001,1703.3972348735617,1318.28084680262,4987.445177895531,24.53727210933013,11.462313322007462,-267.3261600519607,0.021377078422835212,-0.5928643202475143,0.8050061708625569,-0.004470253769137909
115.4,1705.820643372894,1318.6205297902054,4960.532903850102,24.480530233094083,11.429117150846025,-267.04816344744313,0.021574358167535442,-0.5928614076822467,0.8050027023768941,-0.0045329368605343595
115.5,1708.2372663069018,1318.9592271244624,4933.647655929937,24.426658489133064,11.396596214001825,-266.7695687012259,0.021670897287496747,-0.5928602308417321,0.805000731959351,-0.004576072765164093
115.60000000000001,1710.6467774227917,1319.29699812666,4906.790173752238,24.37202005215307,11.365288870389117,-266.49042436424224,0.021843446125761303,-0.5928593981148231,0.8049974073598117,-0.004446579838712676
115.7,1713.0492074056767,1319.6336770535725,4879.960229449019,24.314042425500134,11.3321794925194,-266.21075275898914,0.0220784117690502,-0.5928565214866724,0.8049934427724432,-0.004386998728979839
115.80000000000001,1715.4445668404273,1319.969203427311,4853.157728621363,24.25796582799759,11.299339280963562,-265.9302769965787,0.02230979996379368,-0.5928543374019521,0.8049885597099722,-0.004407514643459676
115.9,1717.8331037047662,1320.303821273243,4826.382831205706,24.201089610587065,11.26759779932575,-265.64889465620286,0.022450415026850825,-0.5928545664376061,0.8049850538936363,-0.004301735354462001
116.0,1720.2144584149773,1320.6374398901467,4799.635605189159,24.14168732475235,11.234493861046774,-265.36676018281787,0.02261715253996733,-0.5928528281935533,0.804981924401716,-0.004253222354748052
116.10000000000001,1722.5884558427867,1320.969909317336,4772.916546684229,24.08359856100822,11.201327437991383,-265.08388718883384,0.0228314068922099,-0.5928506664522537,0.8049771124314651,-0.004320024067233518
116.2,1724.9555719672112,1321.3014178404649,4746.225295804141,24.024677823516004,11.169152028610506,-264.80019724068967,0.02297700110536342,-0.5928506887832595,0.8049734951511964,-0.00421785887452965
116.30000000000001,1727.3154675468595,1321.6318930491345,4719.561934978599,23.963604034290142,11.135984848915252,-264.5158282917935,0.02314063175875525,-0.5928499186078687,0.8049703672471233,-0.00402405547680396
116.4,1729.668097187545,1321.961214368254,4692.9260586043565,23.903551112232073,11.102540344623574,-264.23079603561666,0.02334921667687664,-0.5928486598980255,0.8049660388598041,-0.0038674048208305277
116.5,1732.0136728649186,1322.2895386261341,4666.318730629911,23.843603715582788,11.069989565040155,-263.94504136488695,0.023494793417249932,-0.5928486004981297,0.8049623977664769,-0.0037509667732486974
116.60000000000001,1734.3519993230796,1322.6167880971468,4639.739314411503,23.782488448856608,11.036752063039499,-263.6586777285906,0.023657425207181077,-0.5928477640121899,0.8049590567485249,-0.0035737790696466335
116.7,1736.6830485850448,1322.9428789171673,4613.188338915776,23.71986030602101,11.003054642513531,-263.37173273052616,0.023854353361543127,-0.5928466471315621,0.8049547714417833,-0.003411560299055751
116.80000000000001,1739.0069300408488,1323.267924860008,4586.665417938567,23.65813999524704,10.970113790915125,-263.084148014848,0.024016299215998193,-0.5928462660195014,0.8049507474754277,-0.00328882615114792
116.9,1741.323580543455,1323.5918860505374,4560.1710105048915,23.59584693631661,10.936783226788672,-262.7960275692275,0.024170379899826407,-0.5928456447038932,0.8049474186863569,-0.0030801690365976826
117.0,1743.6329623489546,1323.9146716263006,4533.705069920212,23.53215241297836,10.902905385965887,-262.5073017711941,0.024363517449488097,-0.5928444575522849,0.8049429510780578,-0.002951893760446392
117.10000000000001,1745.9351611687684,1324.2363435644318,4507.267506757156,23.46868175448582,10.869586526048229,-262.21762312859494,0.024536412050904916,-0.5928434307198905,0.8049387187305166,-0.0028792749804023446
117.2,1748.2301191023234,1324.5569156060121,4480.858609850265,23.40509141544759,10.83584382189623,-261.92697457073285,0.02466184711673875,-0.5928426517587805,0.8049358243004279,-0.0027753036227918765
117.30000000000001,1750.5177234102491,1324.876298176348,4454.478209150345,23.340243215573828,10.801149561440166,-261.6355237004822,0.02479949039272215,-0.5928420810116066,0.8049324128414462,-0.0026576334089972484
117.4,1752.7980731687146,1325.194532942604,4428.126552318412,23.275497932693145,10.767564537455293,-261.3432298148648,0.024933897160649143,-0.592841771681141,0.8049287385465993,-0.002580772002432884
117.5,1755.0711649621965,1325.5116259107226,4401.803598968454,23.21051832469229,10.733614341850698,-261.05005029189147,0.024883776329682243,-0.5928435061428478,0.8049292523145957,-0.0025047291461503256
117.60000000000001,1757.3369689061215,1325.8274755050327,4375.509623060804,23.14435608366895,10.698596932486467,-260.7561314211249,0.024855653307136613,-0.5928446783455193,0.8049292151315639,-0.0025184288272054605
117.7,1759.5954787437015,1326.1421499657326,4349.244431846118,23.078336452411012,10.664309131874647,-260.46147070915305,0.02488864071079717,-0.5928456362202028,0.8049273604383249,-0.002559608568278054
117.80000000000001,1761.846727523767,1326.4556480358071,4323.008233775749,23.012197017088592,10.629908358390527,-260.16601926345123,0.024847723208064453,-0.5928473879402825,0.8049274973220591,-0.002507851392387799
117.9,1764.0906598685685,1326.7678983545097,4296.800923492316,22.94491021532257,10.594376086783726,-259.86989302248867,0.024821939025653692,-0.592848483566031,0.8049274934804767,-0.0025054172709024474
118.0,1766.3271796034194,1327.0789052051718,4270.62298612489,22.87748729783357,10.559416654082487,-259.57311054167434,0.024845810880001318,-0.5928496934254959,0.8049257386470664,-0.0025459674949395664
118.10000000000001,1768.5563939443894,1327.3886937602583,4244.471907082797,22.810051495891233,10.524630874681272,-259.27563179097103,0.02481185852905751,-0.5928514770850238,0.8049255839229008,-0.002510406504293515
118.2,1770.7782556694922,1327.6972233630904,4218.349855423174,22.741522577175136,10.488687195411522,-258.97750241519714,0.02477549405819084,-0.5928526792198823,0.8049258776584113,-0.0024914075973508495
118.30000000000001,1772.992827419477,1328.0044980064495,4192.257256025829,22.672595750072453,10.45304977565535,-258.67848339810575,0.0247670800977431,-0.592853479894854,0.8049255110471647,-0.002502955344111688
118.4,1775.2000650699283,1328.310546649125,4166.194207331441,22.603578707892392,10.417748890337034,-258.3783054957924,0.0247047276819008,-0.5928535977868561,0.8049274743526108,-0.002459482398954657
118.5,1777.3999803209501,1328.615282645768,4140.159757881266,22.53406105085379,10.38144754800647,-258.0770483022711,0.02459524157207648,-0.5928548336251608,0.8049300098257269,-0.002428913594454704
118.60000000000001,1779.5925424001296,1328.918728857393,4114.155496901292,22.457157484393605,10.345210401364273,-257.7748993839819,0.0245554372680967,-0.5928560327312735,0.8049300179844907,-0.0025339893834091854
118.7,1781.7776683853108,1329.2209146897105,4088.181158995207,22.377641415775308,10.309305795730415,-257.471694765268,0.024493849876209044,-0.592856689025684,0.804931194353634,-0.002601913176348972
118.80000000000001,1783.9554089444969,1329.521812962665,4062.235654549562,22.29970222192489,10.272601309611897,-257.1675050877826,0.024802947759916743,-0.5928525646320353,0.8049244231399757,-0.002706182627682447
118.9,1786.1258480559723,1329.8214013979261,4036.3202449244527,22.21911669191993,10.23580454186576,-256.8624837301292,0.02505389986895091,-0.5928503769127078,0.8049176852034416,-0.0028727587002950333
119.0,1788.2889497339693,1330.119681735109,4010.435590469262,22.13690131155107,10.199321146232585,-256.55653044925174,0.025287423956098006,-0.5928473105098769,0.8049122502599507,-0.002980267157910528
119.10000000000001,1790.4446657056844,1330.4166749181145,3984.579141411577,22.070272499558154,10.162245496372853,-256.2496716091598,0.02586345432576616,-0.592839015657794,0.8048997030140571,-0.003074301891428941
119.2,1792.5928340169537,1330.7123299100822,3958.754550896459,22.017104207441395,10.125051735254996,-255.94205405396963,0.026261143195706646,-0.5928344326675203,0.8048896103371537,-0.00322536403196712
119.30000000000001,1794.7338456351285,1331.006657162589,3932.958615134056,21.96445582786575,10.08795392684124,-255.63361792814368,0.026743175013039126,-0.592827759058757,0.8048781437543866,-0.0033502814937679507
119.4,1796.8672529005573,1331.2996936777613,3907.1939252161706,21.91346303558786,10.050423519681932,-255.3243362628348,0.027269304069672942,-0.5928199833994239,0.8048658533651806,-0.0034366298320097364
119.5,1798.9934317776192,1331.591435768725,3881.4589262471945,21.849479155743182,10.01279020005844,-255.01414942340762,0.027557601570189227,-0.5928158457898715,0.8048587452987518,-0.0035144974401671108
119.60000000000001,1801.1121809641472,1331.8818701542305,3855.7546043657862,21.783232293959202,9.975188216811846,-254.70299398707212,0.02763755102633626,-0.5928115564356626,0.8048587437427103,-0.0036092867023915557
119.7,1803.223637993111,1332.1709706848658,3830.080910998041,21.717422500594065,9.936763059960782,-254.3908963012129,0.02763359617968108,-0.5928100443971771,0.8048596369618225,-0.00368787386969595
119.80000000000001,1805.3275427794813,1332.4587780236375,3804.4379220385076,21.650149791842615,9.89834259350626,-254.07785110738132,0.027793427264602807,-0.5928076167368395,0.8048551259812299,-0.0038576056581905763
119.9,1807.4241912831335,1332.7452930714533,3778.825591616895,21.58268360923449,9.86031025150639,-253.76390081828566,0.02764448976660255,-0.5928078448034357,0.8048595689755319,-0.00396428474895786
120.0,1809.5133317228115,1333.0304854036247,3753.244491319696,21.515799571901844,9.82133703864166,-253.44909403727684,0.027893725602088287,-0.5928021742260747,0.8048542999474798,-0.004132573160399788
120.10000000000001,1811.595125613443,1333.3143626169128,3727.692618318298,21.447965704774397,9.782418946456769,-253.13343596039962,0.028188656344834435,-0.5927959612221947,0.8048460284833472,-0.004606348522451002
120.2,1813.6695577538878,1333.5969670070883,3702.173341905806,21.37974939858357,9.743476696899522,-252.81697065318212,0.028417320449929163,-0.5927900731299142,0.8048406967733951,-0.004882408667133915
120.30000000000001,1815.7365891690686,1333.8782673973724,3676.6842796403353,21.31234012496385,9.70387387636852,-252.49972567784542,0.028721492507885103,-0.5927836739771964,0.8048334739466685,-0.0050666506839936055
120.4,1817.7962668207424,1334.158240108484,3651.2262862341054,21.243866986855593,9.664136426187463,-252.18172212431648,0.028962479220636557,-0.5927780153836505,0.8048262892727918,-0.005481183321423178
120.5,1819.848550171583,1334.4369383574729,3625.7993849814548,21.174522774199982,9.62454941533217,-251.8630051243705,0.029158383712993053,-0.5927731686654741,0.804820633001019,-0.005788597876691055
120.60000000000001,1821.893366927062,1334.7143655366083,3600.403989799897,21.106313880202425,9.58434911683346,-251.54359113806132,0.029375983155274493,-0.5927690124017756,0.8048143388624177,-0.005985775750399231
120.7,1823.9309210777114,1334.9906881979723,3575.039536233663,21.037454055603988,9.543818447373777,-251.2234632586495,0.0294995769178286,-0.5927638342823222,0.8048108670272632,-0.006346656081254566
120.80000000000001,1825.9609887856482,1335.2658142882592,3549.7067239777334,20.967445635834302,9.503435805516773,-250.90311287892504,0.02954319312428847,-0.5927570937614325,0.8048116237420585,-0.006669169752861334
120.9,1827.9837962860067,1335.5396702941177,3524.4058052143464,20.898459852654167,9.462232071606987,-250.58254821743927,0.02952396073953514,-0.5927553424921703,0.804812427385435,-0.006811491408200948
121.0,1829.99924015222,1335.8124432023812,3499.136122012672,20.829150842271844,9.420617503914492,-250.26140225817048,0.029476438175192996,-0.5927548923091785,0.8048153304143157,-0.0067127614387850875
121.10000000000001,1832.007389279035,1336.0841281104974,3473.897753490108,20.758633451986803,9.379671997407135,-249.94003877035624,0.02943667133682063,-0.5927520463465243,0.8048198187867694,-0.006599486392687177
121.2,1834.0082093798624,1336.354606576215,3448.6917286740604,20.68881668513326,9.337763417509231,-249.618496227433,0.029338311432161868,-0.5927518173203137,0.8048244606892799,-0.006491072483402321
121.30000000000001,1835.676560132676,1336.6240804528964,3423.5170925207567,20.618950131620636,9.295201310665666,-249.29652458480723,0.02927065786592603,-0.5927506099225457,0.8048286208364961,-0.006390157037947896
121.4,1837.09689915271,1336.8925497015096,3398.3746777018537,20.547817916403506,9.253330467608736,-248.974373490413,0.02928684018200473,-0.5927472182689443,0.8048313548416023,-0.006285418873306056
121.5,1838.5110506806036,1337.159928538806,3373.2640134811704,20.47670074686595,9.210585715038633,-248.65207490911794,0.029232477432631288,-0.5927461598108332,0.8048348905533879,-0.006184758732332007
121.60000000000001,1839.9193022590969,1337.426360114102,3348.1854566317857,20.40619115625371,9.166937658898943,-248.3294782859981,0.029174472112834283,-0.5927447312403521,0.8048384976246724,-0.0061258880989148844
121.7,1841.3216689071087,1337.6918699810942,3323.1385660390356,20.334649874050015,9.120400730952419,-248.0067527770439,0.029177644029697577,-0.5927422204884943,0.8048407032832123,-0.006063619202211807
121.80000000000001,1842.7179776378282,1337.9564606660008,3298.1238617586387,20.262775727380163,9.072985266540918,-247.6838566743517,0.029128317228547404,-0.5927414005384003,0.804843667697691,-0.005986968359491614
121.9,1844.1083321969938,1338.2203919180572,3273.1412607828483,20.19147968194986,9.02386918745169,-247.36056343392158,0.02908465462238489,-0.592738046271737,0.8048474818697786,-0.006018496102586003
122.0,1845.4927241212772,1338.4834883801088,3248.1905525284647,20.119192805520267,8.970790332450402,-247.03746450012468,0.029132164753287955,-0.5927328025286955,0.8048491467219893,-0.006082171006423201
122.10000000000001,1846.8709850751118,1338.7457504662932,3223.2724632346863,20.046590664409315,8.912784380947294,-246.7142543496242,0.029096264871400886,-0.5927307483650115,0.8048515669376951,-0.006133719191774075
122.2,1848.2433222543855,1339.4822307798067,3198.3856694923916,19.974525718776967,8.851976839961734,-246.39069706105494,0.02905188927854425,-0.5927265975484433,0.8048536747346768,-0.00645991904594696
122.30000000000001,1849.6096768860518,1340.4250059867245,3173.53175167283,19.90151124456006,8.793515284292717,-246.0673026479998,0.029039529694532322,-0.5927212087758137,0.8048539939464369,-0.006951461064239815
122.4,1850.9700776215022,1341.3631304876656,3148.7095081573484,19.828150902636725,8.735267197830249,-245.74387826075122,0.028989858223979533,-0.592718671813972,0.8048531410752785,-0.00745556869008541
122.5,1852.3243781415522,1342.2964543322425,3123.919230786342,19.754840394864587,8.675536453261127,-245.4202594303227,0.028981235022433105,-0.5927143188958828,0.80485250789056,-0.00789080063366652
122.60000000000001,1853.6727057110606,1343.2250067147481,3099.161717052058,19.680170590595313,8.619663405347948,-245.09677441112726,0.02896278883401833,-0.5927104594972821,0.8048538498023288,-0.008108546346122878
122.7,1855.0149424897168,1344.1488271043236,3074.4362020743047,19.604448770373022,8.566816706535382,-244.7733195033814,0.028882494262504405,-0.5927103206780255,0.8048571605884253,-0.008076406160311765
122.80000000000001,1856.35112186926,1345.067903490125,3049.743001310024,19.53065177616728,8.523595145346363,-244.449807019834,0.02878818249276451,-0.5927086557062338,0.8048600695828879,-0.008243687930854835
122.9,1857.6812724279407,1345.9821194738531,3025.081555626128,19.45497669571092,8.479505012040338,-244.12641083316137,0.02876545500249243,-0.5927056853524472,0.8048622451769206,-0.008323787488393755
123.0,1859.0053927779475,1346.8916073032601,3000.452653872307,19.377995206150604,8.4350792024425,-243.80296935616477,0.02871289562796285,-0.5927054521133274,0.8048644913389817,-0.00830465179499771
123.10000000000001,1860.3233821941383,1347.7963324920174,2975.8562355078466,19.302547970105344,8.39147294144274,-243.47958499045103,0.02869620544109675,-0.5927052659838518,0.8048638401330089,-0.008437672347282746
123.2,1861.635297466089,1348.6962635474906,2951.2918545880866,19.22506628781691,8.34748645327646,-243.15643218758572,0.028720297371395476,-0.5927031412160283,0.8048635748026226,-0.00852976362477482
123.30000000000001,1862.9411168095821,1349.5915193926583,2926.760359833306,19.147023404026392,8.30400200283101,-242.83324434844394,0.028690673439584508,-0.5927025670729027,0.8048651079095063,-0.008524688416195202
123.4,1864.240853178997,1350.481973728414,2902.260138253424,19.069869229503702,8.261158540177329,-242.51015964369427,0.028588095178364765,-0.5927034479409079,0.8048668583872309,-0.00864198373646237
123.5,1865.5344157481907,1351.367668861043,2877.7923996614622,18.990831984570637,8.216887675303193,-242.18731157321008,0.02842413661873465,-0.5927049503253357,0.8048705829920129,-0.008732408111064228
123.60000000000001,1866.821911126008,1352.2486721666191,2853.356876423487,18.91568576908599,8.173521583863133,-241.86453401456424,0.02831952031993187,-0.5927060058591297,0.8048729795260655,-0.008779647840322754
123.7,1868.1032929928126,1353.124905973375,2828.9533779731973,18.855249608937864,8.130978668425113,-241.54192029763868,0.028415394716016222,-0.5927032111736391,0.8048698330758034,-0.008945424088212351
123.80000000000001,1869.37838855778,1353.996487879365,2804.5823306104226,18.79239923493234,8.087375467201511,-241.21981581256375,0.028533765655831475,-0.5927004938075437,0.8048679459216105,-0.008918435160908593
123.9,1870.647491979888,1354.8633165272681,2780.2445641048766,18.72907974969002,8.044434083305042,-240.89819526593973,0.028534177758511216,-0.5926999632761214,0.804868107041975,-0.008937812864336276
124.0,1871.9104291321376,1355.7255532696756,2755.938184845328,18.666986439288383,8.002154488507715,-240.57681984170083,0.02838728924097267,-0.5927016381387658,0.804871613863211,-0.008978594233115082
124.10000000000001,1873.1671657676666,1356.5829651360211,2731.6638765829107,18.60301582397745,7.959185487221382,-240.25581666054657,0.02842748117006373,-0.592700713723374,0.8048727595333337,-0.00880813415684725
124.2,1874.4177381932927,1357.4358629409214,2707.4217454209474,18.538509557827723,7.916614872940325,-239.9355981474592,0.028430203646788433,-0.5927004589433841,0.8048743972522769,-0.008665687317694506
124.30000000000001,1875.6621990912151,1358.284054817549,2683.211750724752,18.47499538265944,7.874759412976222,-239.61622676933862,0.028304382244280394,-0.5927044426352882,0.8048816681666638,-0.008112082063834984
124.4,1876.900511882849,1359.1275472816194,2659.0337829940663,18.409879512342354,7.83223637655097,-239.29740701192972,0.02831682901638137,-0.5927037277297302,0.8048831240405449,-0.007975272062545183
124.5,1878.13268407214,1359.9664390762343,2634.8882589887244,18.344949236077984,7.7901022014384775,-238.97935657283503,0.028304624447514498,-0.5927028485113034,0.8048837824137598,-0.008017381666826345
124.60000000000001,1879.3588074224572,1360.800721870684,2610.7768798156176,18.281410100341823,7.748615524573611,-238.66215119103398,0.028216799595233193,-0.5927030677081808,0.8048858704062082,-0.008100701843335958
124.7,1880.5787618159532,1361.6303868164387,2586.6964995664816,18.21532374994078,7.7066938778905945,-238.34529634983386,0.028210938386290074,-0.5927013782106528,0.8048863248779371,-0.008198978414728537
124.80000000000001,1881.792680539425,1362.4554659281546,2562.647022150725,18.150259171842688,7.665014274419833,-238.02823090629929,0.02818621346419773,-0.5927005793480278,0.8048872929800971,-0.008246587793396995
124.9,1883.0004700507359,1363.2759659235767,2538.6298730649996,18.08560621701272,7.623921643896405,-237.71214608533109,0.028120221224979744,-0.5927005676610422,0.8048888015674954,-0.008325104430431038
125.0,1884.2022338716915,1364.0918636480199,2514.644622909642,18.019590082289415,7.582508800929684,-237.39690261260876,0.027935432255191926,-0.5927023338512392,0.8048936310314103,-0.008354507590629499
125.10000000000001,1885.3979819815395,1364.9032670629174,2490.6911754009693,17.953955668455908,7.54132883855366,-237.08233971917667,0.027511329858875944,-0.5927085785632105,0.8049042568519362,-0.008294873634168025
125.2,1886.5877349411126,1365.7101260619565,2466.7696083548767,17.888809710681983,7.500619884939761,-236.76874664125828,0.027250237247800273,-0.5927117802087395,0.8049097599679649,-0.008393359282120028
125.30000000000001,1887.771395638508,1366.5124558617927,2442.8796084945084,17.822444644954096,7.459716549272463,-236.456242438574,0.027105044338557222,-0.5927131418140186,0.8049119788247685,-0.00855303669787858
125.4,1888.9491403762688,1367.3103277338687,2419.021334149575,17.745133142493046,7.418967816510654,-236.14442231390385,0.02702858537837144,-0.5927137184114558,0.8049133154295147,-0.008628917868190464
125.5,1890.1208696029983,1368.1036437145922,2395.194806203573,17.666138877352765,7.37850667361104,-235.83359155842118,0.02692201818696344,-0.5927144683117477,0.804915282233245,-0.008726535282608984
125.60000000000001,1891.2866810521166,1368.8924640155017,2371.400140483961,17.588047820406864,7.337488713263699,-235.52390213722006,0.02683007086313179,-0.5927149854958758,0.8049163684562938,-0.008873165006633467
125.7,1892.4466045964286,1369.6767878348285,2347.636362726795,17.511398017785687,7.297232198015842,-235.21501776772163,0.02674156679253228,-0.5927155751273012,0.8049178136669786,-0.008969328211423641
125.80000000000001,1893.6006463426684,1370.4566762550373,2323.9041210297896,17.43370599575459,7.257189962993488,-234.90709450193913,0.02651257745786284,-0.5927187577405807,0.8049227457973133,-0.00899615235072307
125.9,1894.748764217771,1371.2321108678857,2300.203439411549,17.359374210237565,7.216582286907653,-234.60028247515118,0.02634215311911934,-0.5927214179214557,0.8049263625150641,-0.008997923899176072
126.0,1895.8910492736666,1372.003106854538,2276.5336075345804,17.282750282390086,7.176398794613162,-234.2943430063168,0.026201763540010994,-0.5927233640477849,0.8049298596547341,-0.008966734939790463
126.10000000000001,1897.0275495112041,1372.7696903401643,2252.8952111514054,17.20598570733719,7.136669705612549,-233.98959349092095,0.02618555859869376,-0.5927232314776621,0.8049304615101782,-0.008968808201958969
126.2,1898.1581987645914,1373.5318195560683,2229.2878001944414,17.13263295733778,7.096252866852264,-233.6861028025117,0.026162883835146755,-0.5927235073803141,0.8049303171353278,-0.009029499688685905
126.30000000000001,1899.2830677784168,1374.2896240551595,2205.711330892682,17.057967980299768,7.056308168730937,-233.38348185555765,0.02608054295724849,-0.5927242480750409,0.80493219002084,-0.009052098717239106
126.4,1900.4021826254932,1375.0429589133355,2182.165898447577,16.983192754556335,7.016868699915246,-233.08193456634032,0.025990774470583664,-0.5927236991883454,0.8049354174734682,-0.00905923615523712
126.5,1901.5155632408728,1375.7919154821518,2158.650820842229,16.911070998442572,6.976783490013997,-232.78152063776216,0.02595164499653856,-0.5927226588239671,0.8049369134263675,-0.009106439603556097
126.60000000000001,1902.6233257558142,1376.5364884475723,2135.1667375810816,16.8381987427272,6.936901162212331,-232.48205273148332,0.02587384077990726,-0.592722900613234,0.8049388819387995,-0.009138041094556815
126.7,1903.7254642940609,1377.2767279922414,2111.712880204412,16.765289920994945,6.897317669275732,-232.18362694654826,0.025790941175366747,-0.5927223216137619,0.8049418490767742,-0.00914857469470715
126.80000000000001,1904.8218993477738,1378.012533238399,2088.289785745708,16.69438239105514,6.857673461195885,-231.8863234508462,0.025730477917282165,-0.5927217818058093,0.8049438057663048,-0.009181581429807706
126.9,1905.9127303443015,1378.7441740223871,2064.89711744781,16.623097032884267,6.817991660209151,-231.5900176976588,0.025686088174453236,-0.5927216735011213,0.8049448679793823,-0.009219661055541681
127.0,1906.9980029651542,1379.4713656036024,2041.534130408028,16.550615823732187,6.778504751109958,-231.29475718214664,0.02561270108869733,-0.5927212115304586,0.8049473817811765,-0.009234040742559447
127.10000000000001,1908.0777601204743,1380.1942604757373,2018.2019056493964,16.4811545163629,6.739080944400985,-231.00060111138626,0.025496347654428354,-0.5927215046499038,0.8049505952312727,-0.009257073979318057
127.2,1909.1519584273592,1380.912834267274,1994.899648906325,16.41161782126024,6.699561412896952,-230.70745530665718,0.0254137722386353,-0.5927221067265434,0.804952452301182,-0.009284067673387665
127.30000000000001,1910.2207722059052,1381.6271895787813,1971.627386266551,16.34081892369115,6.660139036095124,-230.41538195041943,0.025322435613435577,-0.5927229651990523,0.8049553708251821,-0.009225603500042763
127.4,1911.2841253258598,1382.3369213232959,1948.3848656248,16.27181298978537,6.620928412436637,-230.124357124568,0.025219948394403755,-0.5927243730757032,0.8049594014050688,-0.009062773007830397
127.5,1912.3420204214956,1383.0421424676601,1925.1724625871059,16.20362722392452,6.581559580474205,-229.83424571691913,0.025138498765272525,-0.592726597592244,0.8049627737091386,-0.008841342038426674
127.60000000000001,1913.394515543294,1383.7427095882795,1901.9891013590486,16.13447806923868,6.542285489385664,-229.54503694170802,0.024965669404982987,-0.5927301882027656,0.804968108455693,-0.008601378583630864
127.7,1914.4416778832917,1384.4387565472498,1878.8359857325108,16.066156185022102,6.503411077057846,-229.25679155850437,0.02477968301694086,-0.5927333404615114,0.8049740655400535,-0.008361113731786904
127.80000000000001,1915.4835397764673,1385.1309851768824,1855.7120817152036,15.99922370628129,6.4647123644287365,-228.9694675692938,0.02461109857853971,-0.5927366160094191,0.8049790478172082,-0.00814435041980916
127.9,1916.5200820962227,1385.8185375869389,1832.617366214999,15.931595662944996,6.4256462887684425,-228.68305595597934,0.02444338731648428,-0.5927400266938985,0.804983942567021,-0.007914150659920911
128.0,1917.5514847648997,1386.502447895917,1809.552009272621,15.863319071231627,6.3867931477702,-228.39760207198228,0.024262511084573498,-0.592743169354759,0.8049892689718268,-0.007690421272612785
128.1,1918.577490302007,1387.1816069599172,1786.5161412008379,15.79523077935381,6.348300373663616,-228.11310162977847,0.02409689106961524,-0.5927459819995721,0.804993505185754,-0.00754965382620404
128.20000000000002,1919.598360858968,1387.8572041703046,1763.5087829607453,15.729117611197683,6.309744307943507,-227.8295241258547,0.02397595054935667,-0.5927479657103633,0.804996434777942,-0.007466119225101033
128.3,1920.614226420002,1388.527971755143,1740.530754922188,15.662082856957491,6.27114987448846,-227.54690291173742,0.02384632357229454,-0.5927499107665832,0.8049996334371041,-0.007381483890199535
128.4,1921.6247447248586,1389.1954328589918,1717.5816736467107,15.594424424075177,6.232902001050439,-227.26524505014814,0.02368421249612483,-0.5927526029240214,0.805002943783968,-0.007326001937053844
128.5,1922.6302148468649,1389.8578482277378,1694.661106035434,15.52836097892814,6.194767795136214,-226.98451985862891,0.023609231290986167,-0.5927538576518598,0.8050048586860068,-0.00725575141591462
128.6,1923.6306772382136,1390.5171958445915,1671.7698244095316,15.4617890531778,6.156520377832421,-226.7047752613952,0.02354769627722489,-0.5927537946541696,0.8050075069339367,-0.007166498665710443
128.70000000000002,1924.6260781518508,1391.168559743243,1648.9067865170832,15.394595744345175,6.118517451834119,-226.42598069518968,0.023484449738887254,-0.5927541649844007,0.805009622093478,-0.007105550719215666
128.8,1925.6163181089935,1391.8168207986298,1626.0720743509414,15.333902021134774,6.080845808128715,-226.14816544170847,0.02340898186124492,-0.5927552251781798,0.8050115728746737,-0.007044865508235717
128.9,1926.601648074721,1392.4620565077519,1603.266113891129,15.278180712287089,6.043155346684507,-225.87130970110806,0.02333564440010313,-0.5927555942325341,0.8050141960030354,-0.006956826866742551
129.0,1927.5820362296843,1393.1041373817695,1580.4883074176325,15.222544348686396,6.005397282744262,-225.59541966617513,0.023271434164683732,-0.5927562473283916,0.8050161115665578,-0.006894325444941198
129.1,1928.557443843039,1393.7432717742727,1557.738930778984,15.167586658000738,5.967953540454943,-225.3205142469545,0.023200398531869896,-0.5927574556375934,0.805017448677612,-0.006873690318673497
129.20000000000002,1929.528002535763,1394.3745406744529,1535.0177695251907,15.112128957355743,5.93076055310659,-225.04657608957407,0.023126172815020184,-0.592758695495303,0.8050201753692048,-0.0066952441457604
129.3,1958.1037728174542,1314.7476351093562,1512.7984329074488,14.920933367710322,5.440798136410558,-224.82752826550745,0.022771379625602675,-0.5813479127950426,0.8133163808161631,-0.005703793026774781
129.4,1959.3650553021596,1315.0780635608457,1490.1388548011914,14.861320243592283,5.414964232218534,-224.55485773568793,0.02253944057733732,-0.5813507300698463,0.8133214238270252,-0.005618167823934654
129.5,1960.6202372949024,1315.4053925615322,1467.5065716458332,14.801499956971432,5.389067978700777,-224.2830342564861,0.02243234372462175,-0.5813519209406601,0.8133247610434425,-0.005437558942388581
129.6,1990.3772755211974,1284.7958956921527,1445.3932126019924,14.673520891249868,4.922115590824269,-224.08649688393956,0.021815164330673823,-0.5697713377636041,0.821501873189257,-0.004403818211547219
129.70000000000002,1991.916061900788,1284.6656920150938,1422.8221901951322,14.60595784284942,4.8988618073880765,-223.81611067767963,0.021689393633430372,-0.5697742681855097,0.821503679447904,-0.00430791957169899
129.8,1949.7984114058065,1062.5426194478803,1401.185527744775,14.59491876788189,4.366251503314169,-223.57063850447955,0.022182760207572608,-0.5414958068520092,0.8404066634374978,-0.0026184654126713645
129.9,1884.445998194279,943.8065835272843,1379.5848484509386,14.431659957039477,4.681948529841342,-223.36840427280205,0.022239673263828745,-0.5285295330868259,0.8486110424920843,-0.004607401506052894
130.0,1773.724361206766,939.9768206971127,1358.3849331308963,14.43742341437169,4.974836051177758,-223.19718208725874,0.02304882743516177,-0.4884762310205405,0.8722659967427633,-0.0034284410721584155
130.1,1677.0506925737147,926.6583795835938,1338.3739975564858,14.48052755033154,5.3839644853267945,-223.1315879320012,0.023607698320271632,-0.39707247002368,0.9174829311517854,-0.0010959810405710762
130.20000000000002,1396.9727223419638,881.9408371575582,1328.7359691819945,14.308152188881705,5.572135850267647,-223.1951721601085,0.028017263741371614,0.014234677246479192,0.9994520065744327,0.010396800011312895
130.3,1338.9046346470268,866.0052518583504,1307.7544268264394,14.39427290339848,5.528959356649036,-223.28154575503166,0.023764826853466783,0.14508381947406598,0.989062861073911,0.011856440263880707
130.4,1351.6637829706588,817.7116475772835,1294.3599413680988,14.26105147623678,5.160000135650783,-223.14106452863157,0.015343409243896888,0.5631745153399697,0.8261507527178562,0.008601095749049692
130.5,1367.5032172041076,790.8779015586268,1278.5888635953086,14.113973385716541,4.850287036411786,-223.06655052929705,0.013228401724780854,0.7014126287662635,0.7125715122871872,0.009336673484607906
130.6,1388.931406018696,794.338292984415,1260.3012330487481,14.090350922428506,4.964186555238049,-223.0155923703113,0.016517504980716104,0.7507288061697229,0.6602696294623998,0.013320961893946775
130.70000000000002,1363.8192535413289,550.3392578567561,1240.4108311366335,13.760859302123063,3.6935707937678006,-222.99083637175548,0.011144161640637576,0.7612326441049978,0.6482249247438739,0.014321876659151864
130.8,1326.0072462520093,764.2845169690704,1236.2355473749067,12.999345670642345,3.4250180241145465,-222.85218527772943,0.01089255377501288,0.7932745037941337,0.6086129497172469,0.013681788585609433
130.9,1119.1619303824316,221.49426612829112,1228.7812542884828,8.496049713712663,1.3037532456938432,-222.91910463449517,0.007303729709929047,0.9110533204046708,0.41197889846091595,0.014208804836407957
131.0,928.6119343693994,45.534035054280594,1216.7825210474869,8.331511111980976,0.9014641188203276,-222.92603574701172,0.0010205322051737408,0.9998571652193291,0.008205727636233926,0.014740207174437065
131.1,760.4825165491869,-435.34889930225484,1199.6307423419548,1.192790144571422,-3.9328113053279985,-222.95832143598128,0.004151128096655219,0.9950094466118014,0.09943699050081736,0.007159204490904627
131.13871908465802,760.5285533717159,-435.5010522238558,1190.9999999972997,1.1848268630692724,-3.925728954849884,-222.85454032870197,0.003981339116059897,0.9950106059283578,0.0994379984333811,0.007080077435188981
