time,x,y,z,vx,vy,vz,e0,e1,e2,e3
0.0,0.0,0.0,1191.0,0.0,0.0,0.0,0.7079482126800165,-0.00031985440335439806,0.000829594116089832,0.7062637875680258
0.1,0.0009033317638870385,0.0019840415998140398,1191.6814860322643,0.01601294608075157,0.035034125650216144,12.113790739001985,0.7079482126800165,-0.00031985440335439806,0.000829594116089832,0.7062637875680258
0.2,0.0033899158407876846,0.007415448003328645,1193.5456616170363,0.03395601481181907,0.07428353684281519,25.724106459200257,0.7079482126800165,-0.00031985440335439806,0.000829594116089832,0.7062637875680258
0.30000000000000004,0.00759119878637797,0.016618293385859517,1196.7620806376237,0.05305154135962424,0.11607102821454372,40.224078760296436,0.7079482126800165,-0.00031985440335439806,0.000829594116089832,0.7062637875680258
0.4,0.013865448388772413,0.03042890857662204,1201.5418400396482,0.07404761178938944,0.16246194763169616,55.7470458734912,0.7079463115912604,-0.00027304209885736514,0.0008503973333075656,0.7062656880924612
0.5,0.023758703115732815,0.05072186226466505,1207.9610846413618,0.13089810099072235,0.25614893671258043,72.31618449616678,0.7079404756230406,0.0002791950474885335,0.001971211037660578,0.706269296622608
0.6000000000000001,0.04242306937706401,0.0859439304062405,1216.0600289146744,0.28557201066311033,0.4642014716365916,89.9307462257876,0.7079322346859558,0.0008415517266419227,0.004047701748840094,0.7062682627683283
0.7000000000000001,0.07973588078016794,0.14841213324671215,1225.933461833029,0.6769644675826004,0.8287379208753047,108.61940523828498,0.7079164260194067,0.0012543103432782667,0.007133193380987196,0.7062590728830759
0.8,0.16458091790320026,0.25638814411868394,1237.7932597922827,1.2305921463783842,1.4237946710473994,128.47879226550168,0.7078947211833894,0.0010671564206209817,0.00869282915899741,0.7062636615450902
0.9,0.3173907439354297,0.4219124591606278,1251.6883313962849,1.7518074170356552,2.1124017619272615,149.50700367477089,0.7078815631184019,0.00019896957912472773,0.007580010015299941,0.706290447660396
1.0,0.518650739624795,0.6669267098101506,1267.7280375188034,2.120548088047408,2.7281006606500133,171.74049181061224,0.7078836134536245,-0.0007269370331511995,0.005393964173430881,0.7063081243458023
1.1,0.7561206352616228,0.9449905846454242,1286.0572583422884,2.4190650423627527,3.2652605021287684,195.2195457989542,0.7078886723932805,-0.0005623284184255414,0.0052635610776350875,0.7063041881574896
1.2000000000000002,1.03083686742613,1.3015721639730724,1306.8088625983555,2.871805430325813,3.9010886404691747,219.97519241574238,0.707887104819419,0.00015000465262596176,0.007033272257310438,0.7062905616036078
1.3,1.3564368729248089,1.730184572931698,1330.0952769932746,3.4328834922408897,4.678679222039489,246.02526476523593,0.7078799518292561,-6.854865704526048e-05,0.006976355067714743,0.7062983077774296
1.4000000000000001,1.7231862227336696,2.2353197407280114,1356.0671662066384,3.886910009878358,5.407195515906444,273.42875426780904,0.7078828613800241,-0.00048446857966337014,0.005883133722852252,0.7063051809184355
1.5,2.1367606268644974,2.812163717224815,1384.827720341602,4.417969386065687,6.154391640578334,302.1709656940826,0.707882765933852,-8.050032537303868e-05,0.006839390767759708,0.706296825667129
1.6,2.609301116775271,3.4704938970729016,1416.5300911935567,5.0174063906581345,7.014087871101579,332.1833171048141,0.7078790162613221,-0.0003015219369194789,0.006534582716191884,0.7063034097681745
1.7000000000000002,3.1381212522645825,4.212614169608314,1451.295225271411,5.575998349381843,7.831717846524377,363.3871107932349,0.7078812712384142,-0.00027451447913051934,0.006552826157711904,0.706300991745753
1.8,3.728688121683658,5.040695745266254,1489.2503787670469,6.2309963453313575,8.743214037454766,395.86179289928083,0.7078781072820054,-0.00028390310864535433,0.006681777445208308,0.7063029509212342
1.9000000000000001,4.3827983264353625,5.960082335688796,1530.5140523105665,6.866694204242437,9.64891017929851,429.6845413667061,0.7078793744666496,-0.00030028836703396107,0.00665754215157046,0.706301902987739
2.0,5.105259315195168,6.973584276004625,1575.2332383608525,7.579381065729519,10.623690894777114,464.8109615602865,0.7078779195138184,-0.0003606774763339686,0.006652433999836763,0.7063033810611584
2.1,5.899524606632073,8.084876311034968,1623.532942224584,8.325999526003622,11.614049023739103,501.53673030630694,0.707878077642518,-0.00033513745778556797,0.006782855984664514,0.706301994716643
2.2,6.771820103075549,9.298554185632327,1675.5935833630988,9.121971871160902,12.659790496349084,539.9860412140223,0.7078779690786473,-0.00041182129622998053,0.0066958874583111635,0.7063028928069425
2.3000000000000003,7.726793468908424,10.61856873984664,1731.5877174237482,9.983546275817675,13.753209471859531,580.1896988324529,0.7078772369745004,-0.0004181977292684004,0.006779162948236765,0.7063028284197418
2.4000000000000004,8.766111625738631,12.045336669386213,1791.5112634820775,10.791635598555198,14.755921611746457,617.2796435150248,0.7078771949728815,-0.0004354193080442212,0.006820429928770351,0.7063024628181175
2.5,9.88348718489865,13.568520890212186,1854.9902659537952,11.554303590846741,15.702971138659535,652.1153630850066,0.7078763968090718,-0.000455070210050985,0.0068324776566702035,0.7063031339310202
2.6,11.077482636853686,15.18591587133209,1921.92419499408,12.321101407814133,16.643207167818723,686.5527857173996,0.7078754114253122,-0.0004696639396066408,0.0068772877560850055,0.7063036770599094
2.7,12.348263177752363,16.897119342424535,1992.2986779857692,13.0962504040497,17.581956856230267,720.9176626621252,0.7078745979610052,-0.00047824629419779236,0.006929861522435936,0.7063039727067285
2.8000000000000003,13.697104092491154,18.702333504203278,2066.1120403181408,13.88355269480613,18.524871212345023,755.3926280357176,0.7078738023804759,-0.0004865716720326393,0.006969254770587815,0.7063043767663894
2.9000000000000004,15.124396640612808,20.602384687833915,2143.3864154389057,14.666662934623947,19.47547742407744,790.09052626964,0.7078722748863574,-0.0005099955459598515,0.007013541721120701,0.7063054527499292
3.0,16.630388778662535,22.597879227078632,2224.136930189652,15.453708763052687,20.43583852962163,825.0837722994138,0.707870694801469,-0.0005321515736485739,0.007060785483983994,0.7063065492860287
3.1,18.210935607160796,24.684633752582844,2308.217350010745,16.107596130595052,21.240185498907614,854.2520841387852,0.707869175668118,-0.0005535251462365848,0.007111104049255375,0.7063075505387525
3.2,19.85097069230074,26.84484215782714,2394.9394843633377,16.691715742133884,21.970028098461896,880.4343143615506,0.707867933132296,-0.0005691737954686968,0.007143222061051173,0.7063084592887079
3.3000000000000003,21.550101834770768,29.07951661937569,2484.335187994396,17.2907434212498,22.728439194873992,907.6495311636673,0.7078666740131395,-0.0005784712817601113,0.007173734205263555,0.706309404390246
3.4000000000000004,23.309883594415492,31.39157887901791,2576.509311204901,17.905226289542476,23.517199817666743,935.9226167070146,0.7078653871545048,-0.0005855801968287863,0.0072034972731536,0.706310385306256
3.5,25.108116431652217,33.75233526940799,2670.3986206115696,17.91405116794657,23.52439887469238,935.4993559251817,0.7078636399823678,-0.0005977810198676541,0.007246772144371218,0.7063116834247134
3.6,26.89046471057367,36.09350926372657,2763.4970298603157,17.734408153497924,23.299951051952593,926.5125445469183,0.707861785608589,-0.0006183760390965384,0.007292691628682385,0.7063130515110868
3.7,28.65520520153106,38.41244473487477,2855.703696384224,17.56163732595096,23.07952838809954,917.6918077453499,0.7078598546295777,-0.0006429045318313434,0.007340816746297448,0.7063144662875405
3.8000000000000003,30.403058408125734,40.709538627184166,2947.039060480792,17.396437130575276,22.862904171938602,909.0322155895973,0.7078585118289418,-0.0006709678331249655,0.007369958444687872,0.7063154824481808
3.9000000000000004,32.134720460106585,42.98515591206551,3037.515810605555,17.236002022642673,22.650017313807027,900.5303900259257,0.70785731249992,-0.0006845854421192429,0.007396511204735517,0.7063163937678081
4.0,33.85088205497866,45.2396708621045,3127.1487763146474,17.05994445182391,22.440727633838286,892.1824282427789,0.7078562343179413,-0.0006988941909069417,0.007418275821714181,0.7063172320338551
4.1000000000000005,35.551991735642346,47.47341282071405,3215.9562032624817,16.886757677628008,22.23509066870927,883.9837389553004,0.7078550887714643,-0.0007163934345399773,0.007435174155890569,0.7063181848615118
4.2,37.23842522212847,49.686793157480814,3303.9477164641758,16.71643762854303,22.03312937793226,875.9309898836647,0.7078536567047246,-0.0007370077690010989,0.007452655472095013,0.7063194145963374
4.3,38.9105093380428,51.88015485745302,3391.1440776781687,16.548783790567207,21.83487603655721,868.019352262896,0.7078522309439441,-0.0007578381439683516,0.007472321870944823,0.7063206136273283
4.4,40.568501664101355,54.053893945563324,3477.556055973644,16.38328100745991,21.640311766999197,860.2459218568258,0.7078508848103708,-0.0007774598739607937,0.007489097215161827,0.70632176368297
4.5,42.21260498014003,56.20836681237353,3563.195631310895,16.22036552626757,21.449678066541935,852.6078714819889,0.7078495668233465,-0.0008010256045246669,0.007485655596184901,0.706323094671466
4.6000000000000005,43.84301089955835,58.34397626264317,3648.080673542954,16.06026316327757,21.26297486597588,845.101236587506,0.7078481723417803,-0.0008364320658823228,0.007482262128692767,0.7063244870788765
4.7,45.45990930769796,60.46109838629427,3732.2203896843744,15.903028783921519,21.08009397906914,837.7234682163497,0.7078467180666759,-0.0008714799757329123,0.007481085514810637,0.7063259145779714
4.800000000000001,47.063484156474004,62.560098585003374,3815.6291902472362,15.748233505815067,20.900475887049357,830.4707631373022,0.7078452158938889,-0.0009124042805935367,0.007482863811476304,0.7063273494660541
4.9,48.65392219737406,64.64129499854266,3898.318581169368,15.595748641322393,20.724096551267454,823.3379527362426,0.7078441174385863,-0.0009953682624638728,0.00753196657816995,0.7063278163353587
5.0,50.231399014295434,66.70501585159225,3980.300396844002,15.445518744397994,20.550784264798065,816.3121034133609,0.7078430569357289,-0.0010988320942225118,0.007582210017919625,0.7063281881725769
5.1000000000000005,51.796128524287894,68.7515455645762,4061.584313845211,15.297584088739644,20.38049902944578,809.3817595218854,0.707841985857975,-0.0011984706310389092,0.00763140099575999,0.706328569748971
5.2,53.34833139806444,70.78120042631676,4142.179793983333,15.152040996389104,20.213170783399207,802.5431427913961,0.7078408746360088,-0.001301939608816029,0.007680365701788369,0.7063289694826851
5.300000000000001,54.88826170690405,72.79420515150191,4222.095881131231,15.007786642232574,20.0476163133274,795.7931905873605,0.7078403029562075,-0.0014582970726488775,0.007765279052071263,0.7063283084527731
5.4,56.4161440340755,74.79072530550097,4301.341126394984,14.86453807973182,19.883504839595236,789.5225061011046,0.7078396500831979,-0.0016679500607838424,0.007851305646251566,0.7063275477512821
5.5,57.93218998750982,76.77093130960533,4379.924744020602,14.72236002197549,19.72086866140387,783.420789157952,0.7078389660503206,-0.0018772131035255243,0.007938428886691181,0.7063267342799562
5.6000000000000005,59.436653248296,78.73491854339954,4457.8551263527415,14.581411525596344,19.55968503817301,777.3948603154113,0.7078382482273501,-0.002085517440507991,0.008025995617581532,0.7063258797168545
5.7,60.929834559461256,80.68289064401844,4535.140330254975,14.44169784900345,19.39929539596668,771.441783968861,0.7078372470153175,-0.002098760710442579,0.008149387596870178,0.7063254309615736
5.800000000000001,62.41200589270722,82.6148397015982,4611.788665511188,14.303213385838788,19.239721659634895,765.5604048906362,0.7078364695937106,-0.0019782871395733885,0.00827462528750965,0.7063251016843849
5.9,63.88345651809559,84.53084792906576,4687.8076560187665,14.165860852249526,19.08060043837798,759.7494371530578,0.7078356663247436,-0.0018538529445500127,0.008400204131171138,0.7063247619037725
6.0,65.34442665836205,86.43097351613979,4763.206329046686,14.029436783626387,18.921953698024645,754.0079891635281,0.7078348352839933,-0.0017304819610241887,0.008525850646693674,0.7063244022836922
6.1000000000000005,66.76847243889365,88.31526705391371,4837.99101453472,13.893962639954792,18.76390234743501,748.3351296651128,0.7078340233213064,-0.0015654779266908937,0.008644132005454573,0.7063241633198637
6.2,68.15113292117103,90.18373968957688,4912.170578364063,13.759360635988054,18.605915904639005,742.7288919536215,0.7078329118552923,-0.001378202820464948,0.00874323631440787,0.7063244475948669
6.300000000000001,69.52038404048264,92.03642156712147,4985.751551493792,13.625633880055428,18.447936769695318,737.1882708692851,0.7078317672034545,-0.001190830270946522,0.008842425011606755,0.7063247006730079
6.4,70.87629670965921,93.8732931069277,5058.742001078488,13.492811062757376,18.28997962698298,731.7125248293121,0.7078305967902443,-0.0010017221254421894,0.008941836383641145,0.7063249155752883
6.5,72.21896052018238,95.69439009600688,5131.148077684302,13.360598690980893,18.132092726547167,726.3006678034817,0.7078293947613883,-0.0008112474364156363,0.009041448989284067,0.7063250965309796
6.6000000000000005,73.54841646702893,97.49967887561445,5202.978497525239,13.228962425197262,17.974290398601248,720.9516883942317,0.7078283924633156,-0.0006868772669429967,0.00913441277991683,0.7063250367398742
6.7,74.86479894525405,99.2892412851726,5274.238964670507,13.098363394090885,17.816698863051915,715.6637631676014,0.7078273841376395,-0.0006088251230850899,0.00920685406706164,0.7063251782536312
6.800000000000001,76.16815085655368,101.06303363805439,5344.93630625384,12.968895023993808,17.6593602621338,710.40298377936,0.7078263659380605,-0.0005331660898384794,0.009279023252758702,0.706325315378342
6.9,77.45862551645943,102.82111909814,5415.07781427217,12.840577586364937,17.502294072603007,705.1742892199607,0.7078253406317093,-0.00045733523118868014,0.009350089878622158,0.7063254588526119
7.0,78.73631021478772,104.5635128680278,5484.669822776528,12.713281310368696,17.34552518788946,700.0053423411214,0.7078243121293677,-0.00038299465954556004,0.009420060022548747,0.7063256040544259
7.1000000000000005,80.00132705188284,106.29025853503447,5553.719035965509,12.587017383620458,17.189029233560724,694.8953117876196,0.707823203846024,-0.00033265756560916306,0.00949042413024675,0.7063257982587935
7.2,81.25375525231698,108.0013556343186,5622.230898751251,12.462052002202173,17.033422965604846,689.8428490823579,0.7078232028979351,-0.00038181411261725164,0.009510160381453324,0.7063255088886505
7.300000000000001,82.49375686081008,109.6969455320723,5690.213441459452,12.338295048572132,16.878541830912535,684.846970295565,0.7078232289568278,-0.00043682911879662376,0.009525107849009775,0.7063252494778278
7.4,83.7214696988683,111.37712666581027,5757.671395328279,12.21652236972711,16.725529986766528,679.6064521271743,0.7078232644973282,-0.0004900698641754619,0.00954127348319101,0.7063249607427113
7.5,84.93712571529841,113.0421224982158,5824.61155169735,12.100287369347111,16.574785740724266,674.4093848017809,0.7078233018710626,-0.0005406138131603346,0.009558623195786878,0.7063246518334558
7.6000000000000005,86.14094280026109,114.69216160219916,5891.038906231788,12.031461562134748,16.426262079402328,669.272273927969,0.7078232939966648,-0.0005869552461598791,0.009577205494378363,0.7063243710181382
7.7,87.33312740911164,116.32745023966231,5956.960494518259,11.962690590071842,16.279854067318496,664.1939350315496,0.7078235258460129,-0.0006195942219267347,0.009593231531048197,0.7063238933171598
7.800000000000001,88.51392450596056,117.94823129879823,6022.381803727312,11.893964438613025,16.13577583263798,659.1733209658014,0.707824390929272,-0.0006409523291998528,0.009595160051947244,0.7063229811419803
7.9,89.68355697155904,119.55467405453591,6087.3083469594985,11.82538818454818,15.993729916541847,654.2097070809629,0.7078253737373973,-0.0006579578351864719,0.009584323051657104,0.7063221277410489
8.0,90.84231915390193,121.14703353847048,6151.747488765712,11.757221723346143,15.853876079617056,649.29049586392,0.7078264473285336,-0.0006748888340441344,0.009569384884882034,0.7063212384320987
8.1,91.99047285006621,122.72552465138851,6215.707717373045,11.689607841780965,15.716220808833556,644.3966317257098,0.7078276110752908,-0.0006963091114359164,0.009551009227198315,0.7063203001300544
8.200000000000001,93.12830291966439,124.29036533043518,6279.1954210576905,11.622791154248562,15.58077566868089,639.5782186964033,0.7078288165877638,-0.0007244230075341164,0.009532359793834154,0.706319315703622
8.3,94.25606999603838,125.84175826363199,6342.219844661809,11.55641840566878,15.44777559691508,634.8419603837949,0.70783005513646,-0.000746539588476407,0.009519493024844476,0.7063182250067662
8.4,95.37407860590497,127.37996918908468,6404.787742760357,11.490498614921993,15.316924603678245,630.1859168385193,0.7078315338682506,-0.000786209251554383,0.009451189129230332,0.7063176173371126
8.5,96.48256126165006,128.90523772220513,6466.907025361761,11.424959318728387,15.188660115648872,625.6073545421089,0.7078328675035055,-0.0008192582673910828,0.009421334962483003,0.7063166421267313
8.6,97.58173401919336,130.41779041701372,6528.584244040608,11.359591551775225,15.062980938450973,621.1039200768879,0.7078345130353044,-0.0008412542826352562,0.009375058444053118,0.7063155829560013
8.700000000000001,98.67182613440674,131.91790914522474,6589.82689228192,11.294324978276327,14.939727296558452,616.6731820600314,0.707836153811464,-0.0008661127199728473,0.009332183368041357,0.7063144763911718
8.8,99.75302689512795,133.40581815898153,6650.641071743038,11.22967370508156,14.818779713151141,612.3126196202238,0.7078375667251066,-0.0009061948427440995,0.009307019859823872,0.7063133421682732
8.9,100.82554781036393,134.88174495980573,6711.034782511907,11.165618205052846,14.700140836315345,608.0194098126001,0.7078388040813215,-0.0009469949606298213,0.009287274412270539,0.7063123085231209
9.0,101.88962118038752,136.34592787071188,6771.0122994919375,11.10205754951278,14.583770583143426,603.7909799259977,0.707839988855435,-0.0009484894833398675,0.009247177086988771,0.706311645281854
9.1,102.9454397838612,137.79856539997925,6830.580967739735,11.038806977854732,14.46954878019465,599.6257631730474,0.7078410141533157,-0.000919051531724493,0.009188326747872967,0.7063114247116931
9.200000000000001,103.99322383693196,139.23990942445673,6889.745782311184,10.975999700567112,14.357665047476855,595.5217336693975,0.7078419858637867,-0.0009003271949891673,0.009122175051550434,0.7063113324743429
9.3,105.03316907226667,140.6701614172176,6949.516757658463,10.913717118424248,14.247862524107603,591.4773328771407,0.7078428287668374,-0.0009075956442956999,0.009071896763946949,0.7063111260079461
9.4,106.0654951944572,142.08955159017117,7009.141439838936,10.851893405311143,14.14020850382029,587.4908287476948,0.7078438585843408,-0.0009215531987924494,0.009003865271729512,0.7063109464069647
9.5,107.09037997792333,143.49826153159904,7068.393893725797,10.790524050879569,14.034789546654423,583.5604737738017,0.7078449830996602,-0.0009314604131527878,0.008924379396370332,0.7063108152467512
9.600000000000001,108.1080567636822,144.89656787353988,7127.2791694639245,10.729517725065376,13.931453234056631,579.6843731221599,0.7078459391052472,-0.0009433149060457977,0.00885823121458592,0.7063106741292728
9.700000000000001,109.11869311413194,146.28462111083675,7185.8018079182275,10.66986578361968,13.82979197513612,575.860790961496,0.7078465231697393,-0.0009534345832518734,0.008804921636104196,0.7063107417801243
9.8,110.12247393715576,147.66259358318527,7243.966620481377,10.610730919828974,13.730019203380138,572.0883060085654,0.7078470590595226,-0.0006473092106696559,0.008702021648100479,0.7063118268801724
9.9,111.11960454307267,149.030689786169,7301.778056501903,10.552740413008449,13.632122577568595,568.3656288474272,0.7078475552921439,-0.00043586128022306324,0.00859762215663349,0.7063127702265699
10.0,112.11021474490124,150.3890589026536,7359.240486226376,10.496053724540005,13.542071277763085,564.691517745378,0.7078473895358248,-0.000219795521488521,0.008581877341516804,0.7063132281067248
10.100000000000001,113.0944499621849,151.73784302601197,7416.3580698416745,10.440414290400959,13.497395140490402,561.064767517737,0.7078473158121974,5.5614490748423e-05,0.008538967723955645,0.7063138540583108
10.200000000000001,114.07242789912839,153.0771817922114,7473.134871119311,10.38568816282578,13.453453881811015,557.4842575851069,0.7078472663699209,0.0003284086289892807,0.008501092595762344,0.7063142863237873
10.3,115.04427599923578,154.40722732887548,7529.575187147233,10.33185887890118,13.410328554075898,553.9486617604092,0.7078469837388716,0.0005559554931135968,0.008486963427859127,0.7063145970295712
10.4,116.01009360341052,155.72809781376606,7585.682890844304,10.279192795049406,13.36789079325381,550.4562365970847,0.7078466205009672,0.0008025167933798589,0.008458645817616427,0.7063150636388041
10.5,116.96999495752429,157.03991913030865,7641.462105468258,10.22779663275551,13.326154438866842,547.00545848851,0.7078463974246617,0.0010855874419690376,0.008411344732164682,0.7063154737315547
10.600000000000001,117.92409966575434,158.34284574235747,7696.915876831977,10.17697874560037,13.285086594758953,543.5954692405386,0.7078483294084834,0.001284283863875646,0.00828168435205802,0.7063147364120821
10.700000000000001,118.87249199977421,159.6369797273382,7752.048996832408,10.127873661617768,13.244990119919523,540.2254280832822,0.7078500598134122,0.0014741464862293471,0.008129184021772474,0.7063144031388755
10.8,119.81529610422746,160.92245815101538,7806.8637103843275,10.080027128552974,13.205449412404406,543.8881120448232,0.7078526190225506,0.0016545260183994498,0.007964035295912057,0.7063133202965777
10.9,120.7524977116197,162.19928481665647,7861.364585235108,10.032947415304308,13.310655044637993,540.6972524770902,0.707854740542566,0.0018456702327539752,0.007848491747423572,0.7063120138933636
11.0,121.68424049239088,163.46762818253654,7915.553611051523,9.987107514546599,13.844834337106798,537.5415217039098,0.7078562985314945,0.00203897866449169,0.007718374606872585,0.7063113547782774
11.100000000000001,122.61053901217342,164.72753084386298,7969.435514884244,9.9426589820224,14.432944593177185,534.4199918538943,0.7078583749056762,0.0022257227329596256,0.007572382640871848,0.7063102903507434
11.200000000000001,123.53141627091092,165.9790355420168,8023.013398821559,9.898689894460835,15.079008501554203,531.3321272631459,0.707860453615907,0.002414258160551815,0.007450099925794438,0.706308888217692
11.3,124.44693500497256,167.22223679969156,8076.289710245973,9.85602438051366,15.791668574047838,528.2766121440529,0.7078620281175502,0.002622262530175448,0.007320623507690029,0.7063079224813991
11.4,125.35709047677432,168.4571774073311,8129.267697888898,9.813490551900285,16.578165323554444,525.2525980584522,0.7078639973857963,0.0028204403435384477,0.007178563144650155,0.7063066434293594
11.5,126.26193173713563,169.68393941663425,8181.950337328869,9.771722182984261,17.44833254380226,522.259438644484,0.7078673791642537,0.0028340652904097993,0.007155983792154988,0.7063034287648806
11.600000000000001,127.16148677819498,170.90260813547337,8234.34140076874,9.729600980304884,18.41775071208809,522.2158638853666,0.7078703527807132,0.0028709744561275833,0.007138261280631778,0.7063004788230504
11.700000000000001,128.05579259315778,172.11327093095463,8286.442647324828,9.688027040557015,19.49610546016222,524.4938798339045,0.7078737913852874,0.002778651522419829,0.007172627577895003,0.7062970536390227
11.8,128.94486110222985,173.31593807084138,8338.257277151703,9.646717343220566,20.476996890729378,526.2199975916259,0.7078771864278693,0.0027955380515636177,0.00715035715623811,0.706293810177113
11.9,129.82880450835145,174.5106704147703,8389.78838379061,9.60512305396126,20.759590569608978,528.3930064678312,0.7078804985217365,0.0028042915273971364,0.0071105728137290155,0.7062908575904886
12.0,130.70766566574147,175.69751810062775,8441.03828963863,9.564106699725086,20.84490684447784,531.0447230190333,0.7078839528927269,0.0027323691748187837,0.0071053971691799585,0.7062877294182086
12.100000000000001,131.58152416755593,176.87650966928507,8492.009858456551,9.523209618404813,20.776381498814885,534.2106054847603,0.7078873503955566,0.002760178646830044,0.007076812752656054,0.7062845030758214
12.200000000000001,132.4504895808869,178.0476677630545,8542.70653857747,9.482303921193168,20.708906365556913,537.959579690378,0.7078903739355524,0.0027424203136660833,0.007118963295476936,0.7062811182396175
12.3,133.31461625798877,179.2110410534908,8593.129051109825,9.441911735735284,20.64311764640532,542.3494961843198,0.7078921941627119,0.0027245339605451884,0.00742224418507656,0.7062762410342402
12.4,134.1740004351637,180.36663247912395,8643.281046820213,9.400981879178659,20.578840419993398,547.4415727594204,0.707894155219442,0.0027787458800340734,0.007660010334551907,0.7062715255616363
12.5,135.02871938063177,181.5145244401829,8694.884143657515,9.360472175293959,20.545255551991794,555.5067116420208,0.7078953764478854,0.0027067757812860513,0.007837994792901799,0.7062686282188972
12.600000000000001,135.87883013491546,182.66169661770667,8779.090128635942,9.31911225462969,20.995503440669484,578.6251544047584,0.7078966842244216,0.002677445023013759,0.00795157392697522,0.7062661596199424
12.700000000000001,136.72445829158832,183.81458322276393,8827.771870162684,9.278012337359618,21.49817459266272,604.207839001237,0.7078979027397665,0.0026265993925191104,0.007991558787057889,0.7062646779079529
12.8,137.565613329397,184.974578805006,8876.184431437963,9.236419187819127,22.05476990282172,632.4764440643087,0.7078991545318557,0.002570031214568198,0.008155489676154107,0.7062617573823337
12.9,138.40245400946364,186.14313921949906,8924.332027021766,9.194508567627713,22.497346689376577,663.6661226039755,0.7079000774694167,0.0025308058983008414,0.008250135479321232,0.7062598746954777
13.0,139.23500648554216,190.26073497656088,8983.730451587795,9.152694765406883,22.613701176548922,698.0508882761692,0.7079015739197226,0.002480169361482159,0.008308352164762327,0.7062578719463762
13.100000000000001,140.06334871571346,194.60494350986124,9042.755575680872,9.110267309986718,22.74827522089251,735.9729300797981,0.7079027352880805,0.002433843328384515,0.008425156512459862,0.7062554852997939
13.200000000000001,140.88757563530766,199.03965958445062,9109.32034649474,9.067963475141086,22.902245755267483,777.9057019762724,0.7079035352821664,0.002376119287873362,0.008542079629847465,0.7062534755084308
13.3,141.72190209729345,203.54503277316402,9187.281918106844,9.025486699879425,23.0775122968754,824.2929024701823,0.707904708066438,0.0023262131244899636,0.008673352429453407,0.7062508661853132
13.4,142.58963508557673,208.10427277710755,9269.751688628185,8.982740000873298,23.27508156144153,875.6640531352077,0.7079045261098085,0.002364510765740651,0.008902245083243132,0.7062480732961781
13.5,143.4938969560956,212.7029122004549,9357.164256318607,9.241545231798959,23.496237946225072,930.8747833473211,0.7079053760259504,0.0023933250150667356,0.009020078896497237,0.7062456292010812
13.600000000000001,144.43893219046964,217.30603389056947,9449.729858998213,9.667118104368582,23.743946684328023,987.5185031771159,0.707906019160951,0.0024394300832124636,0.009035002144446738,0.7062446360524194
13.700000000000001,145.42865323616593,221.8996067534212,9547.545752403996,10.134225386370924,24.019050623716577,1045.8372191859428,0.7079073305740757,0.002478162503505815,0.009001907526332339,0.7062436093098329
13.8,146.46736817130366,226.48803028471158,9650.758422352284,10.707833936793726,24.32497465881575,1106.221223166269,0.7079084715783518,0.002537233989294715,0.008996020193367373,0.7062423308836464
13.9,147.5593836513206,231.0750864766197,9759.531035879332,11.438803860003489,24.66388590096319,1161.821571610097,0.7079093430045759,0.00257630391296569,0.008983952966918564,0.7062414695655205
14.0,148.70962615658576,235.66528181394835,9874.084010621564,12.21173582315941,25.040881305029938,1215.4383898896783,0.707910673958787,0.0026344134038509054,0.008981666768360595,0.7062399501750772
14.100000000000001,149.92369863101885,240.26359417125641,9994.71061292718,13.016607078558586,25.462969199431388,1275.2176957769711,0.7079112927624536,0.002679935723852589,0.008996962324161837,0.7062389639441067
14.200000000000001,151.20803106171482,244.87537927914667,10121.75690392594,13.85342313885211,25.935198737595496,1341.9609026478356,0.707912492759586,0.002735247898466352,0.009005141992625209,0.7062374447956831
14.3,152.56922411166985,249.50707658425748,10255.681632391686,14.721235895388135,28.10639709792429,1416.6765305795827,0.7079130960503255,0.00278381505737464,0.009031178124464117,0.7062363178397534
14.4,154.01520014074967,254.16539756274767,10397.019946010645,15.62041677225422,29.92790105759534,1498.475714032224,0.7079142723538433,0.0028358693057923936,0.009026647551244858,0.7062349895587123
14.5,155.55408028563107,258.85806784440626,10546.546866788354,16.55820289327083,31.820763837357777,1574.4187373219288,0.7079150959383115,0.0027950260068546973,0.009041248906319748,0.7062341400629726
14.600000000000001,157.19521456439278,263.5899750479488,10712.916891447516,17.49459721590155,33.89890947299926,1640.2812434135692,0.7079159214008993,0.002679369802037877,0.00904480094622649,0.7062337154090158
14.700000000000001,158.94928765475547,268.35666316281237,10885.493944951237,18.381217567630923,36.1799318180656,1646.38460567225,0.7079164152051717,0.0026083449713190177,0.009047539438411766,0.7062334512395175
14.8,160.82812906742808,273.1520961377469,11063.378057196398,19.214771198721746,38.698796889584884,1721.824340670875,0.7079174828341532,0.002496348117057325,0.008935270327920816,0.7062342151779407
14.9,162.84206826352235,277.9698195426926,11245.690544473387,19.998604496571275,41.48658159632775,1786.1257180314026,0.7079191760429542,0.0024755140219013243,0.008739777186778637,0.7062350375871462
15.0,165.00219811973105,282.80329974476945,11431.581431879467,20.74449275602268,44.0164262244389,1833.9368569981073,0.7079202827176083,0.0024482542555532266,0.008588947614813366,0.7062358737327011
15.100000000000001,167.3216434102268,287.6461361315073,11620.240094664283,21.455943640776614,44.61271079836887,1844.9162706568195,0.707921940153367,0.0024367642296659092,0.008387437941040627,0.7062366740083433
15.200000000000001,169.8141568427176,292.4919381650246,11810.924618509838,22.212369848064167,45.31360411154749,1841.0243325658207,0.7079234034298286,0.0024283865985240097,0.008209655657632833,0.7062373251031407
15.3,172.4883000231677,297.33468628326494,12002.964508739089,23.980669108527554,46.01925071601742,1835.6498100848953,0.7079256287383398,0.002267552203494935,0.007906300053162028,0.7062390903949598
15.4,174.66586924621456,302.1686469818139,12195.76500666131,25.81428938651766,46.6377830152864,1828.9667418300462,0.7079279512580735,0.0021046266725197305,0.007572033162752957,0.706240929632302
15.5,176.2394455655221,306.98856495239585,12388.645877288098,27.732539399399688,47.1635419756192,1819.5553491197454,0.7079294236762295,0.001920615678015801,0.007239960173187091,0.7062434603630319
15.600000000000001,177.85591138996895,311.7895000585564,12580.263364064751,29.75855584177947,47.593701817677186,1806.7920509741077,0.7079308526332719,0.0017527226617905889,0.006917089397294821,0.7062457006789276
15.700000000000001,179.51140998359293,315.8693912404833,12770.441075394974,31.916250397197345,47.52373577291378,1800.6865801942743,0.7079324357521997,0.0016658998694272275,0.006502977945234999,0.7062482583804554
15.8,181.20155016293594,319.95980797675503,12959.2250990029,34.23575614013463,47.17964153634646,1835.92796846649,0.707933371914928,0.0015680364606554052,0.006101383196590974,0.7062511276549629
15.9,182.92256885266235,324.0753008639047,13146.659423958732,36.75455308401539,48.2089543870099,1863.196605060805,0.707934222849584,0.0014833269615747307,0.005693697957434365,0.7062538620517769
16.0,184.67130263585923,328.2212565765966,13332.783631437336,39.121690819664074,50.34800385257741,1883.1288435471722,0.7079345599247788,0.0013947814459190566,0.005284262491021336,0.7062568867053642
16.1,187.06123362118794,332.40425817226986,13517.642521035537,39.86759274100107,52.72944579739364,1878.2895507639496,0.7079335522471757,0.0012928050044919584,0.005108640651032611,0.7062593829809374
16.2,191.32254635385536,336.63123921296864,13701.272816282075,40.475483576338824,55.38295103539972,1865.6765141253716,0.7079325487028026,0.0011925056045984004,0.004948456880918661,0.7062617058796511
16.3,195.77255168376772,340.9103110560218,13883.710306954035,40.94859316412194,58.348464364959945,1853.4428641003956,0.7079315926655102,0.0010960207978085806,0.004798238979909557,0.7062638570302012
16.400000000000002,200.38245445618486,345.2501227575031,14064.99138116778,41.184321280145,61.67564845316901,1862.2846107520675,0.7079292153356883,0.0009984897766276422,0.0046674888154929605,0.706267260773512
16.5,205.12515778763935,349.6586897474789,14245.148825487651,41.35615640058525,65.07528062553477,1856.189037194979,0.7079249069405354,0.0008981891404647301,0.004694595273295337,0.7062715343015902
16.6,209.97299916683474,354.1319774596782,14424.219401635704,41.46371610418352,67.39046473002699,1877.7769347336682,0.7079204971005454,0.0007888926279172238,0.004724713189779997,0.7062758841406186
16.7,214.900799289349,358.662952352633,14602.235133055105,41.514008832127985,67.77182075624135,1873.036204327155,0.707916127980314,0.0007525682330886016,0.004755363420163942,0.7062800973446416
16.8,219.8860567827104,363.24363947895864,14779.223696079176,41.515237849972266,68.07998623271604,1863.094759083182,0.7079117751883399,0.0008919884136359727,0.0047858908626039216,0.7062840916762988
16.900000000000002,224.9096493700358,369.1252981986979,14955.216383660303,41.47806959780962,68.22082304717698,1850.0051453819544,0.7079082822200067,0.0009335757434440804,0.004802938488586116,0.7062874232085161
17.0,229.95533548911212,376.8758073390373,15130.240831765097,41.404761257660645,67.81868767856788,1842.9659946590623,0.7079050665999898,0.0009734851716866884,0.004747327340091996,0.7062909682926795
17.1,234.99461441948267,384.62523087093933,15304.325750830802,41.229518224730136,67.43044451250542,1871.6922420041967,0.7079018663694238,0.001013296595889192,0.004691261150704655,0.7062944944493842
17.2,240.00310157788235,392.36642896480885,15477.498070628764,41.05358111087725,67.05504329260846,1888.448610431367,0.7078987529563361,0.0010857331156599922,0.004635690530928429,0.7062978742143908
17.3,244.9818312628608,400.0930560732994,15649.78384098048,40.88337029030672,66.69027931465207,1921.478562098848,0.7078974785309922,0.0011133874777674686,0.004552136260814196,0.706299651927743
17.400000000000002,249.9319557501634,407.79932136895286,15820.668865394113,40.72115168253001,66.33748956204926,1914.9228116692514,0.7078965501687973,0.0011091717525792137,0.0044666093655573395,0.706301135067695
17.5,254.8543388988035,415.4798290306372,15986.810803215416,40.55939228084624,65.99803209971363,1906.3032597348217,0.7078951049008397,0.001104592822309356,0.004544507817573454,0.7063020938527805
17.6,259.62925854080254,423.1220090023251,16152.152436881835,40.399821512006575,65.6704158952675,1893.9608211887971,0.7078936748533989,0.0011079245859445918,0.004610116850241807,0.7063030967143563
17.7,263.6616296331445,430.7182284647244,16316.716170570486,40.243105509954006,65.35169891515406,1911.1700108501802,0.707892264779532,0.0011124985347738805,0.004673498577665201,0.7063040862287006
17.8,267.67852266847103,438.26968807515493,16480.523436467905,40.089891551634295,65.04080481162863,1909.199220952811,0.7078909491395846,0.001058119983120872,0.004750102495405104,0.7063049773537224
17.900000000000002,271.68013254262996,445.43987998406857,16643.593135830608,39.93967865960603,64.74083898832666,1903.0078630059613,0.7078896863128908,0.0010034041584434533,0.004833748181146623,0.70630575537118
18.0,275.6666413334088,452.50074125403904,16807.083962860048,39.79158340526021,64.4525446907796,1892.6787903961335,0.7078883761844155,0.0009489233875957187,0.004930520736903845,0.7063064748200026
18.1,279.63819536803095,459.5261803875081,16970.37698694919,39.64209121383846,64.17274171292455,1880.875004461048,0.7078869795543381,0.0008914770232760841,0.005054477302106043,0.706307073237523
18.2,283.5949275774849,466.51721070471865,17132.983666106633,39.49454705203528,63.899607546135286,1869.4461904190136,0.7078855613953143,0.0008286655147497683,0.005203444060863686,0.7063074893071791
18.3,287.5369907052176,473.474892893247,17294.918650918124,39.347127888538935,63.63410844934237,1858.359010423977,0.707885511405069,0.0006847909172848775,0.005372618365101176,0.7063064269678471
18.400000000000002,291.4644578347297,480.4000715081302,17456.20048536336,39.20094641433356,63.37718729513866,1847.5954433148577,0.7078855985311652,0.0005377902616500416,0.005529106100206407,0.7063052591900624
18.5,295.3774242761516,487.293883268438,17616.84430212201,39.057727611116604,63.127887122118786,1837.1511749281724,0.7078860069121571,0.0003948086067377657,0.005690860596427189,0.7063036595189054
18.6,299.27589815017757,494.15701999463266,17776.864549369853,38.914305080948125,62.88500847621303,1827.0200373607277,0.7078863206272855,0.0002903528528021592,0.005869780734822593,0.7063019314982155
18.7,303.16009248396387,500.9905508928066,17936.27583359682,38.76963627972592,62.650032778599765,1817.1976871028232,0.707886558429997,0.00019622443798469354,0.0060325930654768056,0.7063003537525736
18.8,307.0301274096246,507.7954241558841,18095.092670484515,38.628668551036505,62.42275951163037,1807.6791148045409,0.707886760686537,9.949387790660412e-05,0.006176290236385013,0.7062989293384252
18.900000000000002,310.88602180287995,514.5724131738435,18253.332239049174,38.49212102885748,62.20241101078853,1798.4379404120173,0.7078881422734778,3.1104790568780164e-05,0.006327898868654601,0.7062962089357443
19.0,314.7282312360944,521.3224722687557,18411.005798798094,38.35161246081844,61.988724367634454,1789.4543637211777,0.7078898711013132,-4.4510691516808976e-05,0.0063959353576685685,0.7062938626534037
19.1,318.5568272868412,528.0463782172814,18568.132439873898,38.21782278671634,61.782081235258026,1780.723815254471,0.7078914615905807,-0.00012510962782655405,0.0064505561999099814,0.7062917621489325
19.200000000000003,322.3718498444185,534.7447663728673,18724.724951217566,38.08576448528951,61.581340745606795,1772.2428579104378,0.7078927030397306,-0.00018822988549038332,0.006548192152948876,0.7062896054255238
19.3,326.17368409600067,541.4183979167193,18880.79478621184,37.95171701771111,61.388184544585464,1764.007645592119,0.7078945060539206,-0.00024320610070815751,0.006570815913938992,0.706287571409616
19.400000000000002,329.9625365588562,548.0681009172814,19036.358390607616,37.82277589793796,61.201882044874836,1756.0151784549603,0.7078964035861005,-0.0002979742015644278,0.00658180252990934,0.7062855462748031
19.5,333.73839832333556,554.6944139367922,19191.42312024739,37.69680007012161,61.018526364339515,1748.259683302012,0.7078978886273192,-0.00036430030646505176,0.006624883785280221,0.7062836239621458
19.6,337.5016158155825,561.2980441282365,19346.00312730785,37.56865363944969,60.84377445409363,1740.7305301917127,0.7078991797076346,-0.0004267465119697046,0.006676874156650246,0.7062818053781145
19.700000000000003,341.252445409751,567.8797813915864,19496.456984600012,37.44602138235317,60.67104475380127,1733.3911463667105,0.7078988318975502,-0.0004754497772502887,0.006759704277323729,0.706281334981802
19.8,344.9908735225156,574.440149989108,19631.75794784287,37.325330039418574,60.506790815327676,1726.2291983595735,0.7078987881761769,-0.0005141750653634199,0.006846913942584884,0.7062805116185531
19.900000000000002,348.7173625583934,580.9799015399897,19790.177102441605,37.20330666728192,60.34538099924696,1719.242032629633,0.7078989024421717,-0.0005214255287488061,0.006934234033932633,0.7062795398671473
20.0,352.43193642445686,587.4996151978696,19948.13719917955,37.088093702682386,60.190411074281904,1712.4277383842377,0.7078987464054286,-0.0004370866442849079,0.0070238398498710525,0.7062788680589641
20.1,356.1348061962139,593.9999208497006,20105.644556045405,36.9718873429022,60.0403900348941,1705.7848317295247,0.7078983789050629,-0.00040037371062571906,0.007115746274306026,0.7062783381921293
20.200000000000003,359.82640847364866,600.4815916581205,20262.712710498017,36.85780408872328,59.89456405262131,1699.3113332770765,0.7078985618427602,-0.00033172290287934877,0.007193437921963604,0.7062774033987851
20.3,363.50668209655873,606.9450975063083,20419.351231883244,36.74966495870871,59.75532749837453,1693.0046218365228,0.70789846719448,-0.00027860034864082546,0.007288987736755496,0.7062765415779607
20.400000000000002,367.17600994600775,613.3910575028513,20575.567414337853,36.63737951756715,59.61842562172307,1686.8635521012616,0.7078980589493123,-0.00022547539503340084,0.007369541461352099,0.7062761337857111
20.5,370.83458362599833,619.8200254270536,20731.374761096293,36.5334347263555,59.488518992633686,1680.8851630914346,0.7078980403665658,-0.00015916587909129627,0.007445507745161839,0.7062753737217627
20.6,374.48245083122515,626.2324047809396,20886.780204216757,36.42581265988341,59.360638364179174,1675.067895758718,0.7078972168429931,-0.0001147872210052835,0.007542291431079946,0.7062751808252977
20.700000000000003,378.119997142265,632.6287620015726,21041.795376156548,36.323021407167104,59.23464551735437,1669.410402388165,0.7078963795380222,-4.929318504357489e-05,0.0076131971896886644,0.7062752669007271
20.8,381.7470750216935,639.0093438131745,21196.426575333153,36.22179459932751,59.11660154313285,1663.9096125077192,0.7078962579948004,-4.273936533874144e-05,0.007704314900818619,0.7062744010809219
20.900000000000002,385.3642715098187,645.3749466081672,21350.681782150492,36.120095869157815,58.99711830578159,1658.5562903768327,0.7078951039076012,5.420249029187657e-06,0.007785205493741541,0.7062746720714876
21.0,388.97139635602247,651.7257046815337,21504.56838497536,36.024246460313606,58.88387335665381,1653.3261810009244,0.7078954021429549,2.711589204546089e-05,0.007837501048570138,0.70627379426601
21.1,392.56889522960785,658.0622736417301,21658.093921303105,35.92511352122615,58.771033281923415,1648.2090413385931,0.7078948011047449,5.5074481038348946e-05,0.007914256989155597,0.7062735391277128
21.200000000000003,396.1568090602808,664.3849509592693,21811.264647443462,35.83347384263235,58.66198415564918,1643.2043003611584,0.7078946133368638,9.271959956180051e-05,0.00796594281058247,0.7062731423230437
21.3,399.7353273420318,670.6941379706442,21964.087814976792,35.73775949270999,58.55625908519463,1638.3098920461948,0.7078944706128246,8.757229697782615e-05,0.008035949822205948,0.7062724929638252
21.400000000000002,403.3047173879028,676.990351547076,22116.57000534948,35.64972885569724,58.451108401167,1633.5249782354508,0.7078938029713691,0.00014834815149539178,0.008099890256667496,0.706272421580645
21.5,406.86505390967193,683.2739273951698,22268.716881227127,35.557673809245046,58.352126472950125,1628.8490637915304,0.7078940233547665,0.00012704492553618078,0.008155623172091592,0.7062715634717734
21.6,410.4166011129865,689.5453132799861,22420.538574738486,35.47347691449623,58.25576940269346,1624.2804197382304,0.7078931307794077,0.00019639615949069406,0.008233352995497429,0.7062715403598877
21.700000000000003,413.95950417339105,695.8049596923071,22572.03758364145,35.384879064500126,58.16208210201471,1619.8179850604029,0.7078934184228408,0.00019001452678857507,0.008275983516980098,0.7062707555498324
21.8,417.49394005860046,702.0530595854174,22723.221492699617,35.3041172613437,58.067444755938396,1615.4606640860525,0.707892531885713,0.0002515450673839108,0.00836176539704339,0.7062706144991159
21.900000000000002,421.02003727014215,708.2899955643617,22874.094220187766,35.21841178047713,57.98143304395148,1611.2080771172994,0.7078926066386814,0.00026978932077646094,0.008399085345254671,0.7062700900118727
22.0,424.537917762133,714.5161160222674,23024.662314758138,35.13992742104568,57.89165193338897,1607.0581090668713,0.7078918798684947,0.0003001194051037476,0.008487113229943314,0.7062697538855912
22.1,428.04783249319104,720.7316934139163,23174.930210223436,35.057681291222735,57.8101140412305,1602.9912194881952,0.7078917855223381,0.00034949919683662645,0.0085227340719007,0.7062693967915125
22.200000000000003,431.5497149265589,726.9370325790313,23324.903088833464,34.9814002986577,57.72820259478685,1598.9774141934204,0.7078911723287643,0.0003563432234736317,0.008609944544827216,0.7062689501977626
22.3,435.04398303365224,733.1324592586291,23474.584656238014,34.90285483914102,57.648291957981996,1595.0499950435712,0.7078911237436483,0.0004151171050895973,0.008538531687774485,0.7062698337599878
22.400000000000002,438.53046284457935,739.3182150972857,23623.982649932062,34.82824943631766,57.57500425904325,1591.2030883041514,0.7078905470909009,0.00042885107981972635,0.008585880950258341,0.7062698295088106
22.5,442.0096359491872,745.494711781105,23773.099516012193,34.754332277562156,57.498228454379806,1587.4304248317133,0.7078905386485634,0.0004569316576003153,0.008520478442173334,0.7062706124088864
22.6,445.4813428907009,751.6620510385734,23921.94093409217,34.68098852966861,57.42919775253896,1583.73276148484,0.7078898862207249,0.0004963942618468183,0.00855360405852368,0.7062708392937909
22.700000000000003,448.94604915874453,757.8205403410909,24070.511870103302,34.61234784471772,57.36002899383241,1580.10871057004,0.7078900159463796,0.0005061852093815296,0.008497047147636945,0.7062713850141028
22.8,452.4035858122095,763.9704576531826,24218.819783140978,34.53907641904048,57.28966433067355,1576.5592550474582,0.7078893666510836,0.0005490454650168644,0.008490168493751145,0.7062720865009127
22.900000000000002,455.8541864261439,770.1118407213064,24366.862417635115,34.473650069395774,57.22488952701418,1573.0806561624001,0.7078894696467583,0.0005760766310870113,0.008482524176024256,0.7062720535902222
23.0,459.29812258911437,776.2451823356398,24514.651340529228,34.40370417190669,57.16202667914097,1569.675161978175,0.7078889125891465,0.0006081493279565728,0.008422231776853665,0.7062733065886375
23.1,462.735148309646,782.3703744113658,24662.18602436088,34.33866503720114,57.096668771566414,1566.3397127177261,0.7078888459264546,0.0006566368258533668,0.008465422077831044,0.7062728136280167
23.200000000000003,466.1658626090239,788.4877954411575,24809.469840186517,34.27425058794925,57.037175679071844,1563.0663534347461,0.70788905820641,0.0006775249057415138,0.008419244978816591,0.7062731331047718
23.3,469.58992088314665,794.5976048821275,24956.506194657377,34.20841979142584,56.976847205817116,1559.8502117512471,0.7078890606426131,0.0007118056361974064,0.008497519948437521,0.7062721595178313
23.400000000000002,473.00778331946026,800.6998696320194,25103.30017198704,34.14875358020601,56.916168789820894,1556.6894277481554,0.7078892230219467,0.0007525060792899785,0.008457255985087371,0.7062724378631718
23.5,476.4194871435242,806.7949267848039,25249.851473759132,34.085034546632066,56.86087116337162,1553.5830739785265,0.7078893049948245,0.0007666938121793578,0.008498026383638892,0.706271851061704
23.6,479.8249732923125,812.8829028396307,25396.16868568683,34.02585820977043,56.80375969899789,1550.5310796557471,0.7078893939603174,0.000803414580139021,0.008519579268559181,0.7062714614173461
23.700000000000003,483.22470386969303,818.9639537795067,25541.365299810357,33.967773758831335,56.74757889510852,1547.5330704684918,0.7078894697679744,0.0008424971191334925,0.008492973142115844,0.7062716603385892
23.8,486.6184516591602,825.0382768324953,25684.820209440717,33.90814396516773,56.69609166735483,1544.5882087512014,0.70788963071792,0.0008562581319903628,0.008563805704597532,0.706270627150749
23.900000000000002,490.006500009186,831.1060485233628,25828.04961833607,33.85351326236301,56.6429417225744,1541.6967407751085,0.7078896863612428,0.0008943724427649813,0.008521947626492275,0.7062710304479197
24.0,493.38905685122785,837.1675176922021,25971.05790443915,33.797064324409206,56.59066914332037,1538.8578468000903,0.7078899334706146,0.0009335296574181412,0.008566960233442323,0.7062701875385272
24.1,496.76595378760777,843.2227309298695,26113.847055115373,33.74118590984884,56.54250780942066,1536.0709149294694,0.7078901584860259,0.0009477758991759961,0.008575645677106086,0.7062698376263105
24.200000000000003,500.1374358308623,849.271764736914,26256.420391357642,33.68903925301908,56.49343687367318,1533.336043905392,0.7078900611271859,0.0009840934725560094,0.0085586954309957,0.7062700911477886
24.3,503.50365634626286,855.3149576672936,26398.78161220102,33.634581284881094,56.44426346788354,1530.651579262274,0.7078905276368056,0.0010246223448293057,0.008618178676044514,0.7062688425999291
24.400000000000002,506.8644502964986,861.3522182090903,26540.933153818638,33.58218117764487,56.39956755507782,1528.009586090053,0.707890777058435,0.0010399114172187976,0.00851504366160107,0.7062698212236528
24.5,510.2201538811359,867.3838514213186,26682.878667863926,33.53202109564662,56.35486270333682,1525.4047168451089,0.7078910048808409,0.0010714266786760534,0.008478846485299736,0.7062699812507568
24.6,513.5707928138426,873.4100218912919,26824.620891349667,33.480236737475366,56.30974577254582,1522.8361961414707,0.7078916190104014,0.0011118439939851983,0.008494635069289434,0.7062691135203387
24.700000000000003,516.9163167221192,879.4307096484804,26966.16390484211,33.430586022448026,56.269202081178676,1520.3392110435195,0.7078916946613723,0.001116757954609632,0.008370162276533265,0.7062705160663197
24.8,520.2569673317975,885.4461713336019,27107.4487275246,33.38281862004989,56.227210861991125,1517.9673714005673,0.7078920792521322,0.0010740820480239562,0.008384493998524372,0.7062700267887885
24.900000000000002,523.5927769679139,891.4565116208807,27242.643125986877,33.33348742643493,56.184087651342324,1515.6302922817895,0.7078928041201907,0.0010578388024034427,0.008353420830852859,0.7062696929731193
25.0,526.9237524481205,897.4617784255854,27377.645279679316,33.286414303673986,56.145681380587355,1513.328437198295,0.7078926851127457,0.001074488700173196,0.008244842576842097,0.7062710629841656
25.1,530.2501408731272,903.462253309399,27512.461310335588,33.2411665912578,56.1086023604851,1511.0617021276917,0.7078931430557827,0.001054639369229886,0.008275572321128013,0.7062702745076872
25.200000000000003,533.5718892430818,909.4579854691098,27647.092210203195,33.19416682599277,56.06850446888648,1508.829334824514,0.7078939487965962,0.0010118354392945402,0.008217332543173049,0.7062702095459505
25.3,536.8890538881952,915.4489849808749,27781.536440373246,33.149520777294526,56.031046831726684,1506.631079452122,0.7078937135516761,0.001015275482269331,0.008126090537770768,0.7062714960850994
25.400000000000002,540.2018916162671,921.4355923729328,27915.800449426806,33.1068222970382,55.99797450172053,1504.4674905401655,0.7078941436085953,0.0010299691615323619,0.008154894273480484,0.7062707117724537
25.5,543.5103317266179,927.4178697233938,28049.884340772518,33.06242455236741,55.96257983532753,1502.3372848979532,0.7078950531611491,0.0009901396542336598,0.008090467036059151,0.706270598054724
25.6,546.814403881736,933.3957974383003,28183.78748500745,33.01964314075393,55.92603862142689,1500.2400105670984,0.7078948236463933,0.0009558708561256294,0.008005180162564157,0.7062718471354449
25.700000000000003,550.1143830107382,939.3696017384822,28317.515388841726,32.979633430859394,55.89466526313289,1498.1689449610608,0.7078948589594733,0.0009771885925528919,0.008028954311652157,0.7062715127016402
25.8,553.4102854759984,945.3394675316874,28451.068867106183,32.938542741447655,55.86449938691128,1496.1231875932585,0.7078956272543476,0.000975539717061414,0.007969425690662568,0.7062714191375686
25.900000000000002,556.7020482810226,951.305329452868,28584.447466549387,32.89693303430358,55.83116710914152,1494.1026468170207,0.7078956732332836,0.0009241988454058276,0.007865095052468296,0.7062726116407925
26.0,559.9897784313806,957.2672676034701,28717.65612501311,32.85785147223865,55.79785436745374,1492.1072187264976,0.7078955587825428,0.0009101516561716834,0.007883150663366792,0.7062725432972266
26.1,563.2736605593188,963.225528248918,28850.69585338746,32.819582726573095,55.769668438543285,1490.1365422710394,0.7078961223906631,0.0009408803511280374,0.007867820456566695,0.7062721090696499
26.200000000000003,566.5536126893775,969.180100546559,28983.565985051315,32.77988687858365,55.74268404200255,1488.1884761932881,0.7078955444766112,0.0009406101361705473,0.007841722640005098,0.7062729789173383
26.3,569.829653621235,975.1310034394248,29116.269541998066,32.74151630182167,55.71198592647367,1486.263248989585,0.7078944761571911,0.0009056497963498526,0.007916597443695312,0.7062732600838693
26.400000000000002,573.1019739585992,981.0783814961155,29248.809116700708,32.70512076516149,55.681256787363566,1484.36035418382,0.7078947493198159,0.0008951262154991652,0.00794142303484027,0.706272721004199
26.5,576.3706711306896,987.0223619411059,29381.18228748769,32.668260484775246,55.655289457966944,1482.4799352242428,0.7078948056801269,0.0009161636439714279,0.007899894298993635,0.7062731032719125
26.6,579.6356368819319,992.9629347949414,29513.39448322336,32.631070198291475,55.630634201385554,1480.6216695281503,0.7078937331842581,0.00092229645969958,0.007936460902271972,0.7062737602913205
26.700000000000003,582.896928308804,998.9001536562148,29645.443429601546,32.59559912476286,55.60267165313981,1478.78571819268,0.7078932999412761,0.0008962153214280047,0.007999991211354914,0.7062735113516337
26.8,586.1548094089428,1004.8342284735661,29777.333979654595,32.56116691953974,55.5741975831643,1476.9717691149544,0.7078936694953867,0.0008730534226380306,0.007980770870415951,0.7062733874091471
26.900000000000002,589.4091262425795,1010.765042803498,29909.063511486052,32.525988074647,55.549718080729576,1475.178881919842,0.7078932494501092,0.00088843123260004,0.007967703688841787,0.7062739367772517
27.0,592.659948851749,1016.6928183813678,30040.6362688806,32.49052460940688,55.527582445015724,1473.4039795672104,0.707892661582072,0.0009075492859916267,0.008027527245322408,0.7062738242628486
27.1,595.907317985242,1022.6176030266056,30172.054702165555,32.45735912725566,55.503067966170036,1471.6464060218407,0.7078930682788448,0.0008858745488247014,0.00806290001822246,0.7062730412187219
27.200000000000003,599.1514391535525,1028.5394851356439,30303.31535423364,32.42509883400582,55.47675943885218,1469.905821809846,0.7078934472932191,0.0008529315172813801,0.008035825001290244,0.7062730104596224
27.3,602.392319812506,1034.4585199851394,30434.421805979546,32.391301448860226,55.45293278773607,1468.1826878282297,0.7078928133401058,0.0008611614263536029,0.008048333781154252,0.7062734934469614
27.400000000000002,605.629713407223,1040.3745626257696,30565.37772345147,32.35767898364151,55.432661818933894,1466.4758296392843,0.7078923573823643,0.0008901333103995165,0.008111146195064587,0.7062731959587103
27.5,608.863898213996,1046.2879489442016,30696.18056519985,32.32627718883647,55.41206506584009,1464.784848733862,0.7078933008032374,0.0008876367985433541,0.008123651499407717,0.7062721097885202
27.6,612.0950238241719,1052.198757079164,30826.83394107536,32.29546743850011,55.388731084186325,1463.1093756754428,0.7078944373860311,0.0008595880489373613,0.008087255950201272,0.7062714229795062
27.700000000000003,615.3229354071998,1058.1068190164192,30957.338357814366,32.26310942075896,55.36537378996745,1461.4495969555078,0.7078942421318851,0.0008554042309515357,0.008099429420115404,0.7062714842630943
27.8,618.5476099714459,1064.0121778448117,31087.694028342554,32.23060994396007,55.34549727233232,1459.8054246353602,0.7078938528279425,0.0008808452368434149,0.008155580941105913,0.706271197019667
27.900000000000002,621.7691337885701,1069.9150262152857,31217.904392454606,32.20020828437259,55.327994879262945,1458.1768674571554,0.7078946575839882,0.0008964487392307275,0.008169292122255692,0.7062702123195678
28.0,624.9877251273085,1075.8155690401793,31347.96780495197,32.17115831509911,55.308924277262086,1456.5636454695643,0.7078957316875802,0.0008803590616005706,0.00814207762941464,0.7062694702436916
28.1,628.2033118402824,1081.7136779608202,31477.889321554212,32.14088378524268,55.28726027757397,1454.9656638850392,0.707895811620273,0.0008663415385996355,0.008148199500111723,0.7062693368593315
28.200000000000003,631.4158180085243,1087.6093002492553,31607.66607311821,32.109531361742576,55.26634505135849,1453.3831231837019,0.7078955068501925,0.0008840749093010235,0.00819294695763672,0.7062691026889207
28.3,634.6252672764357,1093.5024899868645,31737.30164140267,32.07954141104461,55.24903172267373,1451.815600268691,0.7078959870052531,0.000911172966410242,0.008215463505653912,0.7062683254295573
28.400000000000002,637.8318544027034,1099.3935293643228,31866.79452210296,32.05177868970205,55.23346217763253,1450.2629542278296,0.7078969771815781,0.00091645018417659,0.008201897208304524,0.7062674838178725
28.5,641.0356135428319,1105.282487051964,31996.14609812907,32.024029386162745,55.216172225405494,1448.7257683925595,0.7078974021006097,0.0009035349420323971,0.008199463509317398,0.7062671028173233
28.6,644.2365496061849,1111.1692709030472,32125.359560110395,31.99459512518804,55.19652483097914,1447.2032889336936,0.7078972463960231,0.0009000031365099903,0.008230231043419392,0.7062669055224476
28.700000000000003,647.4345354577684,1117.0537718422652,32254.43530277939,31.96493390461837,55.177505128509296,1445.6956215285863,0.7078974313738949,0.0009150504069897779,0.008257476578071191,0.7062663827604689
28.8,650.6296578590446,1122.9361398720223,32383.372452442898,31.93750084852161,55.1617902924402,1444.2015347836752,0.7078981473295496,0.0009333119550505583,0.008258841078209355,0.7062656252998801
28.900000000000002,653.8220852085511,1128.8165963296317,32512.171286481327,31.912019507263075,55.14829356715432,1442.7188478639955,0.7078985488752653,0.000939566195203931,0.008256733260368085,0.7062652391782605
29.0,657.0120037782556,1134.6953129398169,32640.834362763217,31.88553398808117,55.13351793326677,1441.2476124255036,0.7078983281259765,0.0009359035283660141,0.008272181391206258,0.7062652845327058
29.1,660.1991656129323,1140.5720618746077,32769.36249358047,31.857068855254884,55.11616159055023,1439.7878404314488,0.7078981459814961,0.0009329266010671024,0.008294623273897132,0.706265207828236
29.200000000000003,663.3834383910134,1146.4467178172133,32897.75628532654,31.828981528191402,55.09850900177872,1438.339026833341,0.7078984682889571,0.0009371958368444448,0.008308931985120326,0.706264710931658
29.3,666.5650267029002,1152.3194228479854,33026.01577967573,31.80339766621085,55.08346968675273,1436.90041116096,0.7078989539270691,0.0009472257264549562,0.008314354965794073,0.7062641469690268
29.400000000000002,669.7441525611408,1158.1904595044116,33154.143862417346,31.77932557528715,55.071169707585774,1435.4720675528176,0.7078988715145631,0.0009561660884529517,0.008314498978822445,0.7062642158297068
29.5,672.9208358976457,1164.0599418946745,33282.13990419364,31.75405790761459,55.05893925328779,1434.0540805898552,0.7078983047665369,0.0009608768705431736,0.008308714646498301,0.7062648455680248
29.6,676.094892061745,1169.927704298815,33410.003144221286,31.726896407508246,55.04446668255495,1432.646286837655,0.7078979531348211,0.0009571891820809929,0.008306100205397956,0.7062652337725384
29.700000000000003,679.2662204401431,1175.7935741077476,33537.73391451014,31.700036897609802,55.0284041566985,1431.2487703387158,0.7078981670403973,0.0009493647253351279,0.008313712987529327,0.7062649403614942
29.8,682.4349609055498,1181.6576492204722,33665.33557488462,31.675545181969625,55.013340181370275,1429.8614770842357,0.7078984531769281,0.0009479918507952661,0.008325378755774798,0.7062645179886473
29.900000000000002,685.6013794991917,1187.5201670502204,33792.80805453015,31.65265142633403,55.000914981776155,1428.4838456061223,0.7078982792366207,0.0009610765865248614,0.008329760529306349,0.7062646229814648
30.0,688.7654558288621,1193.3812773438642,33920.15200164385,31.628934568485256,54.990180098475484,1427.1168115903477,0.7078978630774723,0.0009798926989387354,0.008322133379399571,0.7062651041617887
30.1,691.9270847637985,1199.2409039699855,34047.36800145404,31.603340364184817,54.97886345004343,1425.758858157083,0.707897634295378,0.000985577996415193,0.008314189993016726,0.7062654191164822
30.200000000000003,695.0861275018335,1205.0988699166014,34174.45612969506,31.577446267334185,54.96575623446475,1424.409061921564,0.7078977444265114,0.0009730280939495657,0.008317907407094672,0.7062652823610638
30.3,698.2426302333523,1210.95517052229,34301.41736999794,31.55341086497659,54.95176085194589,1423.0676804400127,0.7078979018185236,0.0009571737018303318,0.00833226785909647,0.7062649769964251
30.400000000000002,701.3968461569458,1216.809992191357,34428.25098358595,31.53135721388281,54.93862202344059,1421.7340006475774,0.7078977712808402,0.0009581373157573715,0.008343354905795228,0.7062649756411677
30.5,704.5489118002861,1222.6635343118542,34554.9636052633,31.509472759140497,54.92751439372271,1420.4082458474927,0.7078974267285544,0.0009792015432751554,0.008341360115996104,0.7062653156617872
30.6,707.6986994360268,1228.515784567207,34681.5437385492,31.48597348623951,54.917741489555304,1419.0898891317845,0.7078972105665337,0.0010031143979203944,0.008329133468734434,0.7062656430616496
30.700000000000003,710.8460609583824,1234.3666276400872,34808.00635671971,31.461226969303194,54.908020566285785,1417.778921304284,0.7078972588562602,0.0010082475374594492,0.00832293991195439,0.7062656603657849
30.8,713.990960933172,1240.216007388086,34934.33783477981,31.437061368627734,54.897112700953244,1416.4758783653247,0.707897415493549,0.0009914052860028498,0.008331236986195539,0.7062654293843019
30.900000000000002,717.1335896122507,1246.0639787218045,35060.55050827053,31.41482519037199,54.88508331373862,1415.1799498331648,0.7078973637465897,0.0009716033559058205,0.00834899937112041,0.7062652990180449
31.0,720.27397114495,1251.9106290089412,35186.63972551905,31.394111549195763,54.87302066328958,1413.89149156121,0.7078970306676193,0.000969332383460342,0.008359795782117567,0.7062655082765824
31.1,723.4123472725323,1257.7561546762017,35312.60391464665,31.372998905342374,54.86216894578452,1412.6104355205366,0.7078966859999238,0.000990059072333875,0.008355037379988764,0.7062658812966527
31.200000000000003,726.5485502467814,1263.6004915672866,35438.452496122976,31.350326765292174,54.852812893288686,1411.3364641072408,0.7078965992864091,0.0010170459672255365,0.008341226237975294,0.7062660931129885
31.3,729.6823578105115,1269.4435292152996,35564.1710761967,31.326677646297146,54.844245662438446,1410.0703398132696,0.7078968161170346,0.0010280812409123661,0.008333949767012176,0.7062659457043134
31.400000000000002,732.8138854118173,1275.2852746444385,35689.776096843554,31.30372312250534,54.835539050485735,1408.8107294793788,0.7078970565330702,0.0010180711832018748,0.00834081247480616,0.7062656382198848
31.5,735.9432305456196,1281.1257861723714,35815.255246400724,31.28250512014516,54.82596764964104,1407.5574345234481,0.7078969524839399,0.0009981436880373905,0.00835893195332935,0.7062655567346663
31.6,739.0704006775665,1286.9651211691148,35940.618453734925,31.2627114529238,54.81569149987122,1406.3098987746946,0.7078964813868222,0.0009870303294050673,0.008371791416786406,0.7062658922245637
31.700000000000003,742.1957214020066,1292.8034950583235,36065.85651936153,31.242719225207946,54.80522220039697,1405.0680521050847,0.7078959193841103,0.0009953422269809468,0.008373128762770557,0.7062664280056772
31.8,745.3189342919842,1298.6408120345554,36196.62864344784,31.221439761083953,54.79545523719289,1403.8319334234122,0.707895746409663,0.0010187956698177773,0.008361696363051034,0.7062667033808272
31.900000000000002,748.4399843427534,1304.4769803938073,36339.9597535359,31.199073094724294,54.78701899212015,1402.6010770315481,0.7078960789924215,0.001039545893530485,0.008349383268224956,0.7062664854646092
32.0,751.5587401115552,1310.3119598861995,36483.16683547267,31.176851966415416,54.77960639602653,1401.375967067128,0.7078965228720835,0.0010450084365700755,0.008349196921307653,0.7062660347020452
32.1,754.6753510398162,1316.1458168614201,36626.25763038696,31.15599685082237,54.77248792850707,1400.1561322301009,0.7078966574413067,0.0010331663317700833,0.008361644874987747,0.7062657699802112
32.2,757.7900457339879,1321.9787033416508,36769.230523358994,31.136590304412124,54.764702967206084,1398.941457336501,0.7078962545970485,0.0010169480632284786,0.008379821015061274,0.706265981867924
32.300000000000004,760.9026824720827,1327.810643736991,36912.07301857637,31.117773805340487,54.75600675481136,1397.7326684885043,0.7078955425510997,0.0010098470032402552,0.008389150303464233,0.7062665949926415
32.4,764.0135322437701,1333.6417364288668,37054.802018872244,31.098274843373435,54.74666833852711,1396.5289391683814,0.7078950005540957,0.0010170640102037556,0.008385994336624989,0.7062671653632937
32.5,767.122320544455,1339.4718380653871,37197.41223855389,31.077453037344807,54.73748830690295,1395.3303551230447,0.7078950390856737,0.001035963304118819,0.008373030487908887,0.7062672530836845
32.6,770.228982091616,1345.3008798472217,37339.90441882994,31.055970753850143,54.72937333738382,1394.1373842424548,0.7078955407586435,0.001053646418888041,0.008362628799559062,0.706266847333791
32.7,773.3335441231472,1351.1288746320108,37482.277484679114,31.03492747146175,54.72244380235239,1392.9495600647745,0.7078960641619428,0.0010613539864397722,0.008364149179346563,0.7062662931786079
32.800000000000004,776.4360129303047,1356.9558350545242,37624.5344551417,31.015292595060565,54.716494843457156,1391.7662693747297,0.7078961258898984,0.0010560133368391132,0.008378092657810378,0.7062660740466886
32.9,779.536660361963,1362.7819920485147,37766.668263522966,30.996865281125018,54.710525777456354,1390.5873506276853,0.7078956013779,0.0010454528351094038,0.008396210590156307,0.7062664003235017
33.0,782.6353861844198,1368.6073622560746,37908.6947992215,30.978853764068294,54.70385613871707,1389.4126307936715,0.707894738683427,0.0010380681124298235,0.008407050140200153,0.706267146954222
33.1,785.7323727140932,1374.4320043276655,38050.59573258072,30.960198192648697,54.696112396578734,1388.2418223103525,0.7078941740024006,0.0010397074472615452,0.008404631194194117,0.7062677393144703
33.2,788.8274314029555,1380.255821987549,38192.378675882006,30.940450379711127,54.68776982052584,1387.0751047831804,0.7078942428446379,0.0010504867968659224,0.00839138027235965,0.7062678119254985
33.300000000000004,791.920414073537,1386.0786703156111,38334.05145888498,30.920018221359783,54.679636169243246,1385.9124483894798,0.707894845713311,0.0010644543429198137,0.008378411204723844,0.7062673407252837
33.4,795.0114648328974,1391.9006002872343,38475.60997875693,30.899763094271524,54.67243211985179,1384.7537824423202,0.7078955057427226,0.0010738288255248917,0.008374051873691897,0.7062667166843734
33.5,798.1004007671698,1397.7215447224694,38617.05463626535,30.880617253868223,54.666474914904526,1383.5989944888756,0.7078956308827872,0.0010763878303500932,0.008385928192667012,0.7062664464454239
33.6,801.1875848454977,1403.54175229701,38758.38344802655,30.862580431307695,54.66152597662906,1382.4481153674676,0.7078950854443176,0.0010723848481735748,0.008406608250427213,0.7062667533816409
33.7,804.2729734118836,1409.3612810977468,38899.59859636003,30.84525842269561,54.65687994250212,1381.3011098661812,0.7078941390689064,0.0010671866327575566,0.008424739592518124,0.7062674937637868
33.800000000000004,807.3566044247003,1415.180198452999,39040.7065798251,30.827760300812603,54.65163695606171,1380.1581613235405,0.7078933666528517,0.0010651516527189996,0.008430874488398897,0.7062681978230427
33.9,810.438514780594,1420.998496963811,39181.69309816513,30.80950093079611,54.64540169387882,1379.019112432334,0.7078931768165783,0.0010692298163666961,0.008421938107034548,0.706268488552798
34.0,813.5184517757721,1426.8159943479006,39322.56089635918,30.790316531116147,54.63819264313942,1377.8838544965067,0.7078937528389491,0.001077743738794897,0.008403251978429794,0.7062681208409519
34.1,816.5965533059996,1432.6326947755315,39463.324258321976,30.770782682438902,54.630686357428175,1376.7522633605201,0.7078945649481401,0.0010869395033621452,0.008388013611920828,0.7062674739127137
34.2,819.6726267821948,1438.448482021389,39603.97547058636,30.751621966875206,54.623687607474764,1375.623936600547,0.7078951021244599,0.0010938136429734747,0.008387264682366866,0.7062669337800423
34.300000000000004,822.7468567629389,1444.2634776009236,39744.521550505655,30.733364216724137,54.617758304212174,1374.4986442078336,0.7078949005506335,0.0010959649043041993,0.008402795749349181,0.7062669478737709
34.4,825.8192979440662,1450.0777673454927,39884.94335859654,30.71608900293164,54.61310179561022,1373.3763000046936,0.7078941369936657,0.0010948311726069874,0.008425999064560085,0.706267438506449
34.5,828.8901350299229,1455.8915142026756,40025.255689559475,30.699362591560455,54.609200841164515,1372.256876157576,0.707893056446506,0.001092614962671536,0.00844814714361258,0.706268260392046
34.6,831.9591804435418,1461.7047137504703,40165.45791998513,30.682537786596864,54.605402838341675,1371.1404821519538,0.7078922905765296,0.0010931678576599135,0.008456337621150332,0.7062689291483707
34.7,835.0265692687769,1467.5173991313234,40305.55165393105,30.66515228101124,54.6011051326022,1370.0269957649775,0.707892147310434,0.0010968134172235737,0.00844934932915415,0.706269150729709
34.800000000000004,838.0922762296805,1473.329506755323,40445.53659836004,30.647118142831577,54.59584529716325,1368.9163748075698,0.7078927376371292,0.0011026548710510434,0.008429902452780542,0.7062687823325355
34.9,841.1559803535697,1479.1408577244147,40585.41304071615,30.628615778403802,54.58977706287489,1367.8086878670715,0.707893633656625,0.0011082583795327182,0.008411261540578292,0.7062680977299484
35.0,844.2178919744297,1484.9514889740174,40725.176470779246,30.61019425551509,54.58336331317126,1366.7038825676468,0.7078943580435875,0.001112141252309163,0.008401897591227654,0.7062674770288936
35.1,847.2780535129912,1490.7614195272886,40864.828583711576,30.592262972763418,54.57717671902236,1365.6019646903057,0.7078944209353856,0.001113641807136466,0.008408376489964687,0.7062673345237507
35.2,850.3364871464352,1496.5706871209088,41004.371195207445,30.57507483056526,54.57171096941821,1364.5029245673438,0.7078938047178447,0.0011140277163309846,0.008429315247118563,0.7062677019578383
35.300000000000004,853.3931311761005,1502.3793361313037,41143.80479307839,30.55861199883441,54.56722670416853,1363.4067688615405,0.7078927911889016,0.0011153343912358056,0.00845417407773554,0.7062684186289553
35.4,856.4481419729482,1508.1874985207844,41283.12960737503,30.54243464926987,54.56359596009438,1362.3135018307783,0.707891786620463,0.001119157881686528,0.008473048461764816,0.7062691932759698
35.5,859.5015497634156,1513.99521887899,41422.3458664886,30.52611460863296,54.560445406697184,1361.2228055360847,0.7078912200240909,0.0011243603601516058,0.008478828185189895,0.7062696835481406
35.6,862.5533349073469,1519.802498570864,41561.45379959029,30.509352553181326,54.55723870319914,1360.1344702404638,0.7078912909767477,0.0011311783409169963,0.008470043752213503,0.7062697069488894
35.7,865.6034488840602,1525.609277532251,41700.45221710524,30.492079586473498,54.55352296083446,1359.0483066620193,0.7078919076377659,0.0011367851962355985,0.008451524136204683,0.706269301725735
35.800000000000004,868.6518254516349,1531.4154919600553,41839.3440731949,30.4744630011212,54.54910563450172,1357.9642897350466,0.7078927136238199,0.0011399470790418,0.00843317925975966,0.7062687080754281
35.9,871.6983156573614,1537.2210452927477,41978.129093455864,30.456870177905508,54.54408351310534,1356.8825095366547,0.7078933369947429,0.0011391473257578208,0.008424310672203431,0.7062681904004425
36.0,874.743074028621,1543.0259721080163,42116.80749900819,30.43965326692545,54.53875011108633,1355.802885987123,0.7078934874978623,0.0011363200158734435,0.008428194097273115,0.7062679977736455
36.1,877.786187382915,1548.8303408492213,42255.37852405602,30.42297113772169,54.53350832419921,1354.7254901377798,0.7078930532220601,0.0011330618176618621,0.008444180679440942,0.7062682473278266
36.2,880.8276652506021,1554.6341727162996,42393.83943046866,30.40683462114388,54.528702723302324,1353.65025336768,0.7078921843687618,0.0011334231994046984,0.00846698841242061,0.7062688445405884
36.300000000000004,883.8675428138428,1560.4375409433003,42532.194401853936,30.391057818192895,54.524552409663045,1352.577202193865,0.7078912030511324,0.001137817150870037,0.008488455197660477,0.7062695633703246
36.4,886.9058752562955,1566.2404968132812,42670.44365081283,30.375347428909613,54.52108707335657,1351.5062275693617,0.707890448962815,0.001147074683171854,0.008500984173336914,0.7062701535212854
36.5,889.9426434672325,1572.0430608787851,42808.587375195915,30.359436360605283,54.518170360189906,1350.4372749208308,0.7078901497900495,0.0011583917819761864,0.00850138752590047,0.7062704300541225
36.6,892.9777447452386,1577.8451983557334,42946.62575479722,30.343154781298363,54.515547761360374,1349.3704732624367,0.7078904020357735,0.0011703789238148592,0.008490716212145708,0.7062702858375188
36.7,896.0112051630099,1583.646930373994,43084.558605267724,30.326555406522015,54.512804564262204,1348.3060395301727,0.7078910778304368,0.0011787903671200358,0.008473599198356559,0.7062698000749845
36.800000000000004,899.0430221972767,1589.4481954738549,43222.38190829955,30.30975896861723,54.509745538720644,1347.2435995282294,0.7078918944360716,0.0011804937837432965,0.00845641062320312,0.7062691847627985
36.9,902.073185954168,1595.2489658939337,43360.09801972467,30.292987580991344,54.50620557941826,1346.1830083522266,0.7078924325409286,0.001176133874055246,0.008447967717245545,0.7062687537346145
37.0,905.101694529619,1601.0492292572612,43497.712667428925,30.276467337785743,54.5021954806759,1345.1241298418333,0.7078924890128457,0.0011680688299569725,0.008452053109912747,0.7062686616384969
37.1,908.1286543264356,1606.8489974274705,43628.70552600063,30.260355660404905,54.497882017996496,1344.0666413109375,0.7078920265650255,0.0011589549110656632,0.008467701350505424,0.7062689527248199
37.2,911.1538284147555,1612.6482724196958,43758.317112821096,30.244709122281282,54.49353070479581,1343.0111396514926,0.7078912167089834,0.0011526406583077773,0.008489208032864468,0.7062695165960108
37.300000000000004,914.1774493742107,1618.4471298809606,43887.827457665255,30.229368409884678,54.48939603099345,1341.9572015486494,0.7078902875567397,0.0011526820578212744,0.008509599344819067,0.706270202419655
37.4,917.1996089124079,1624.2456175377117,44017.21246638582,30.214111481193115,54.4856527815782,1340.9047325508532,0.7078894520216067,0.0011611260346883338,0.00852399663083834,0.7062708524244211
37.5,920.2202706278237,1630.043755078734,44146.50045385488,30.198762870931876,54.482393825898804,1339.8538217770506,0.7078890188722968,0.0011746573789919003,0.008528915529430262,0.706271204807297
37.6,923.2393067410894,1635.8415465205608,44275.69356398608,30.18322058497254,54.4796085010158,1338.8049323908388,0.7078891016219383,0.0011930627016623976,0.008522875719276894,0.7062711639276721
37.7,926.2568399972672,1641.6389823281363,44404.791433991726,30.167431357673635,54.47719844598994,1337.757467391464,0.7078895407404268,0.0012118998239043965,0.008510138164355025,0.7062708453260323
37.800000000000004,929.272847405022,1647.4360505464415,44533.75860626011,30.151453020073262,54.47499294601383,1336.7114223799074,0.7078902177673605,0.0012237787231123283,0.008495100618293375,0.7062703272971341
37.9,932.2872259648767,1653.2327292272007,44662.63193880278,30.135397156522473,54.47278135958949,1335.6671278834308,0.7078909340610414,0.0012286713058809534,0.00848160273448867,0.7062697630906075
38.0,935.2999789033105,1659.0290085458073,44791.41151211722,30.11939638829945,54.470362160661864,1334.6245852887096,0.7078913285827829,0.0012250751131113195,0.00847581231251461,0.7062694434236221
38.1,938.311202834945,1664.8248845504158,44920.09310767748,30.1035901258317,54.467619041451755,1333.583407296056,0.7078913469213551,0.0012142739275557335,0.008479908473685053,0.7062693945266043
38.2,941.3207818242893,1670.6203275862986,45048.64933980698,30.088101608034783,54.464543560440546,1332.5436342604346,0.7078909056001647,0.0011996903935424374,0.008493403459289768,0.7062696996255865
38.300000000000004,944.3286086653976,1676.4153671015063,45177.1116245943,30.07293181006082,54.46120521024807,1331.5056008543695,0.7078901666271253,0.0011858377355183482,0.008511620600228722,0.7062702443797585
38.400000000000006,947.3351082403854,1682.210087618025,45305.47659659504,30.057947804387485,54.45769466705682,1330.4687606428438,0.7078893082226206,0.0011761138467000119,0.00853079736753467,0.706270889642631
38.5,950.3403016424855,1688.0045220774891,45433.74412608885,30.043094372875075,54.45419840829353,1329.4330113928436,0.7078885075726045,0.0011743393816573279,0.008547457252317474,0.7062714936539399
38.6,953.3439402279843,1693.7986143339028,45561.888114447924,30.028274136051582,54.45084594527713,1328.398445029611,0.7078879465327061,0.0011835982464682468,0.008556409125007113,0.7062719321279765
38.7,956.3457798212282,1699.5923638305962,45689.940522631965,30.013328817081536,54.44775205411858,1327.3654466365517,0.7078877204472037,0.0011991071936644443,0.008556647033754541,0.7062721296876575
38.800000000000004,959.3464111545509,1705.3858323849379,45817.89650606305,29.998227293267874,54.44500195172953,1326.3332568881917,0.7078878190777381,0.0012207634066075735,0.00855082761380136,0.7062720642112272
38.900000000000006,962.3455897191719,1711.1790175818164,45945.75081948056,29.98298573004382,54.44264906072155,1325.3025495666222,0.7078882691063102,0.0012446638611589198,0.008538589424744296,0.7062717194990753
39.0,965.3430854637713,1716.9718437513982,46073.484399688685,29.96758680725805,54.440587844871196,1324.273058666327,0.707888839249845,0.0012642928949486445,0.008526070108903064,0.7062712644285344
39.1,968.3390212942287,1722.7643023176718,46201.12680551864,29.95218232161693,54.438752635706656,1323.2445216108092,0.7078893922562063,0.0012774563404044546,0.00851751613061248,0.7062707896801355
39.2,971.3333957097315,1728.5564783496932,46328.67753257386,29.936849637207533,54.43697060808206,1322.217691861334,0.7078897793604743,0.001282065275565785,0.008513259252486522,0.7062704446616098
39.300000000000004,974.326533098288,1734.3483603226039,46456.12044810938,29.921641187573336,54.4352053401845,1321.191672463578,0.7078899305460421,0.0012759843301360125,0.008514913766698483,0.7062702841965351
39.400000000000006,977.3178452478467,1740.1398667299743,46583.445379340206,29.906676369675964,54.43327632207684,1320.1670465646068,0.7078897089302422,0.00126306012189298,0.008524367722400448,0.706270415510036
39.5,980.3075189872535,1745.931040641246,46710.67802355826,29.891958842932105,54.431145290365734,1319.1435614881602,0.7078892001378986,0.0012455709647200743,0.008537862000300859,0.7062707935300467
39.6,983.2963538631273,1751.6899109222982,46837.82162566377,29.877337216884147,54.42876222778111,1318.1209954455417,0.7078884994952931,0.001226884331938544,0.008554744866288565,0.7062713241930548
39.7,986.2832318268651,1757.1326693019912,46964.85457057618,29.86290046343524,54.426183331656425,1317.0998814006357,0.7078877715697521,0.0012114368689356769,0.00856920808317271,0.7062719051155513
39.800000000000004,989.2687586263339,1762.575166705747,47091.77891715473,29.84848822864583,54.4234265924462,1316.07938688115,0.7078870890233658,0.0012041125638723744,0.008579779531851487,0.7062724734053734
39.900000000000006,992.2528564270482,1768.0173261597597,47218.606850097654,29.834056945825324,54.420562802318436,1315.060074567125,0.7078866003740515,0.0012054802018839652,0.008586195118638036,0.7062728828729979
40.0,995.2356607898354,1773.459265025107,47345.337421917124,29.819564145952967,54.417753853414794,1314.0416200183017,0.7078863978372871,0.0012166271410346849,0.008586489641583091,0.706273063178106
40.1,998.2169359696566,1778.900913734202,47471.95335251989,29.80494347420427,54.4150544915346,1313.0238705091213,0.7078864058041282,0.0012358088369504741,0.0085822416456768,0.706273073522251
40.2,1001.1964960321711,1784.3423023426801,47598.47899954508,29.790218791676136,54.41253907428439,1312.0073239043454,0.7078866278577203,0.0012588671510229933,0.008575576705839942,0.706272891195665
40.300000000000004,1004.1748457767899,1789.7834300111367,47724.91847391042,29.775436238562573,54.41034863295046,1310.9914243880032,0.7078870706582279,0.0012858603814646635,0.008566532471737083,0.7062725085116957
40.400000000000006,1007.1517095976337,1795.224359919932,47851.21948028135,29.76063257740617,54.40844627783779,1309.9767089182185,0.7078875095304513,0.0013088129940739214,0.008558932354272079,0.706272118617376
40.5,1010.1269528286075,1800.6651106075728,47977.42797068618,29.74585947242199,54.40677282040239,1308.9627820325045,0.7078879224236679,0.0013286151403592338,0.008554897133489793,0.7062717166951735
40.6,1013.1007535750036,1806.1057005351313,48101.349457093194,29.731193985682033,54.40529846517861,1307.9496408462073,0.7078881579360372,0.0013390978021827842,0.008554835156689972,0.7062714615970564
40.7,1016.073176966755,1811.5461628599598,48225.180799912334,29.71661923066894,54.40395956850157,1306.9378892468985,0.7078881263457315,0.0013392810590133614,0.0085595486507372,0.7062714358034524
40.800000000000004,1019.0441917709027,1816.9864939174556,48348.9300793631,29.70222020453103,54.402634063159184,1305.9263923856613,0.7078879679308622,0.0013343475022100837,0.008567746593309085,0.7062715045177533
40.900000000000006,1022.0134742317647,1822.426692749461,48472.54532180375,29.687983030308956,54.40128936156069,1304.9163419079634,0.7078875390576777,0.0013179290680400263,0.008579461218668297,0.7062718229938342
41.0,1024.9817836272389,1827.8667616209025,48596.09504109678,29.673842568096475,54.39981329667261,1303.9067259762837,0.7078869850363134,0.0012979391632191308,0.008592197248486302,0.7062722604750733
41.1,1027.9483935655849,1833.30664758516,48719.51110268381,29.659823482264873,54.398124654196096,1302.8982565108074,0.7078862904805976,0.0012764567570560644,0.008606140012094194,0.7062728260112084
41.2,1030.913454622511,1838.746357972819,48842.84132382237,29.645839273291713,54.39627050945888,1301.8902207366389,0.7078856442223681,0.0012574354108924924,0.008615865152162065,0.7062733892960644
41.300000000000004,1033.877640607719,1844.1859205480957,48966.08790406665,29.631883218290376,54.39424608239659,1300.883187559214,0.7078850521856146,0.0012425179290441331,0.008625158028642691,0.7062738956597125
41.400000000000006,1036.8399872236457,1849.6252300721362,49089.19980071068,29.6178497316228,54.39204084798313,1299.876623632174,0.707884714073672,0.001238399482616772,0.008627324083146261,0.7062742153205944
41.5,1039.8010375049478,1855.0642759185057,49212.24265310117,29.603768292365206,54.38974910552218,1298.8709800627148,0.7078845462437856,0.0012410738369068098,0.008626298027596702,0.7062743913715831
41.6,1042.760980987909,1860.5031962224525,49335.16400295989,29.589614513225676,54.387439042420546,1297.8657498549403,0.7078845954241689,0.0012534694439684886,0.008621202253114378,0.7062743824090072
41.7,1045.7189342507866,1865.9417779135854,49457.989586145064,29.575349168272705,54.38518652840903,1296.8614915799435,0.7078849164946697,0.0012744132314128995,0.008613085875947701,0.7062741221522587
41.800000000000004,1048.6758266912127,1871.3802009736905,49580.73290310682,29.56105591110681,54.38304292776642,1295.8577093443996,0.707885268830008,0.0013000476872455783,0.008606248149667548,0.7062738056464112
41.900000000000006,1051.6314170728358,1876.8184247598933,49703.33800429966,29.546736284791223,54.38104698150413,1294.85477338886,0.7078857782459128,0.0013283558546677418,0.00859709017672604,0.7062733539277798
42.0,1054.5851557467072,1882.25640900119,49825.89262304124,29.53246306136053,54.37931545638186,1293.852458342767,0.7078862075622201,0.0013572168898229574,0.008594198885842052,0.7062729039479018
42.1,1057.5376681472294,1887.6942886356162,49948.3134337471,29.518259796609847,54.37770423399019,1292.8509211234605,0.7078865386476957,0.001380811270235583,0.008593080667612076,0.7062725399774937
42.2,1060.4890746031606,1893.131974667298,50070.64608066389,29.504130147062035,54.376424708399256,1291.8499853545884,0.7078866849582656,0.001399410076545777,0.008596419726388404,0.7062723160921166
42.300000000000004,1063.438501620371,1898.5695466143789,50192.87967106448,29.490196309994474,54.37526371259616,1290.8498675393896,0.7078866312953619,0.0014079366297817075,0.00860386521587494,0.706272262269373
42.400000000000006,1066.3868400531808,1904.0070051878622,50314.99609706528,29.47636141280309,54.37427306296953,1289.8502855496486,0.7078862911420774,0.0014086845355695344,0.008615239089593963,0.7062724630597051
42.5,1069.334000431216,1909.4444016504137,50437.04716318549,29.462626379864187,54.37331472690752,1288.8514237926483,0.7078858267184452,0.0014013887646934415,0.008627788867857046,0.7062727898623344
42.6,1072.2793026270813,1914.8816797684515,50558.97090833187,29.44903013669051,54.37241505512807,1287.853161859912,0.7078850934925204,0.0013855533740214962,0.008642213131990898,0.7062733796520402
42.7,1075.223629939651,1920.318862325062,50681.711914329484,29.43546550650652,54.37142840799706,1286.8552660385756,0.7078843401932364,0.0013642072680801693,0.00865445319116998,0.706274026343655
42.800000000000004,1078.166594362838,1925.7559729187462,50812.97663796715,29.421935106450686,54.370377474859865,1285.8582908708347,0.7078835527640024,0.0013408348257056542,0.00866717549978391,0.7062747043162739
42.900000000000006,1081.1080649809624,1931.19294181692,50944.157823513335,29.408372836296742,54.36915369542304,1284.8614024472124,0.7078828688741028,0.0013183426023005802,0.008674116743349263,0.7062753468910518
43.0,1084.0480417795789,1936.629780533721,51075.21318702317,29.394778583037994,54.3677610378367,1283.8655309537921,0.7078823491648254,0.0012996883175693727,0.008678846454215324,0.706275844253072
43.1,1086.9871316810513,1942.0665202454343,51206.181268799715,29.381136287211085,54.366254382558886,1282.8698826292584,0.7078820805821144,0.0012862647162993272,0.008679050956784236,0.7062761355081354
43.2,1089.924346695538,1947.5030330706786,51337.06149522966,29.367397976502705,54.364536912658096,1281.8748741590387,0.7078819657257798,0.0012816054227924698,0.008676842167124341,0.7062762862348932
43.300000000000004,1092.8603260922616,1952.9393594410421,51467.80349723736,29.353615641181268,54.362733750521116,1280.880477460162,0.7078822179219093,0.0012857454029922897,0.008670215052977307,0.70627610732606
43.400000000000006,1095.7953074127845,1958.3755215091812,51598.47793759005,29.33979283330828,54.36085598209137,1279.8863841407679,0.7078825371768181,0.001297437051124732,0.008663596222667462,0.7062758471855733
43.5,1098.7281069158491,1963.8116085110064,51729.060322960926,29.325945899529582,54.358959725930916,1278.8931994266509,0.7078831129192678,0.001316257081192514,0.008655476276402096,0.7062753348669712
43.6,1101.660407714545,1969.2473768999666,51859.51900878714,29.31211141070088,54.35712963601159,1277.9001344572036,0.707883688667788,0.001340941385079461,0.008648105654677872,0.7062748016621246
43.7,1104.590587576201,1974.683014836286,51989.91185960605,29.298322752575945,54.35535710548528,1276.9080522544898,0.7078842519824489,0.0013687590930588894,0.00864327388538353,0.706274242847873
43.800000000000004,1107.5198852459491,1980.118462122326,52120.16251717951,29.28459428266346,54.353728000151804,1275.9162190596826,0.7078846986566383,0.0013980301708475164,0.008641001985699217,0.7062737656207576
43.900000000000006,1110.4476230773478,1985.553754181404,52250.35830556624,29.270950359866543,54.35226378470178,1274.9249627740628,0.7078850139005691,0.001425425888059588,0.008642264281948425,0.7062733794531052
44.0,1113.3739498031418,1990.9889265224128,52380.416001775964,29.25741681265994,54.35093243916565,1273.9342422396016,0.7078850262111347,0.0014497873871129395,0.008647913355439433,0.7062732483799667
44.1,1116.2992771318168,1996.4239477631202,52510.386954593705,29.24396433277638,54.349843593208874,1272.9437930588613,0.7078849372420131,0.0014665253165905318,0.008655651327019016,0.7062732082059124
44.2,1119.222677207302,2001.8588903514253,52640.24581292089,29.23064299358078,54.34885398015174,1271.954075736407,0.7078844102932443,0.0014785377632393903,0.00866841785823035,0.7062735547376128
44.300000000000004,1122.1455769286792,2007.2937283785332,52770.06587212114,29.217368601220628,54.348060035135916,1270.9643684162052,0.707883900683872,0.0014815127534857308,0.008680946253775598,0.7062739053969688
44.400000000000006,1125.0661431552744,2012.728483458939,52899.719800288454,29.20419487016317,54.347348767737984,1269.975540106292,0.7078830879886654,0.0014780525123260192,0.008694922413557567,0.7062745552719738
44.5,1127.9863522212113,2018.1631750631366,53029.2983943281,29.19103337057042,54.34671919122209,1268.986826611004,0.7078822641794469,0.001465961625423702,0.008708635977927735,0.70627523719588
44.6,1130.9043975170935,2023.5978219617814,53158.79227887346,29.177897019580328,54.346107490110036,1267.998671578648,0.707881423271406,0.0014493227306292874,0.008719447598981252,0.7062759809624278
44.7,1133.8217434099358,2029.0324003366009,53288.162774593,29.164753033544688,54.345456173976245,1267.010931167902,0.70788059342173,0.0014291963404018495,0.008729614281754648,0.7062767281237657
44.800000000000004,1136.7374529280003,2034.4669226839605,53417.47857646914,29.15157056277307,54.344789743257174,1266.023454523688,0.7078799659340983,0.0014067704789487096,0.008735002407836116,0.7062773354418888
44.900000000000006,1139.6518872074466,2039.9013491295223,53546.6306450425,29.138363222480184,54.34397570182461,1265.0367036666216,0.7078794078602668,0.0013860212639989322,0.008739358334769411,0.7062778819192559
45.0,1142.5650988254324,2045.335732331452,53675.73625953206,29.12509646411343,54.343128372453364,1264.0499997237032,0.7078791710317497,0.0013679555438248984,0.008738448351456327,0.7062781657657569
45.1,1145.476949909421,2050.769970235127,53804.71192203233,29.111814015741636,54.3420598657219,1263.0641439075077,0.7078790312562876,0.0013528377663389259,0.008737013513230652,0.7062783527282337
45.2,1148.3873494001239,2056.2041485245804,53933.591957982055,29.098467972517774,54.340948217847384,1262.0784245817345,0.707879220380031,0.0013473830449862772,0.008731484227856351,0.7062782419813514
45.300000000000004,1151.29669044197,2061.638159710676,54062.3810304607,29.085117806463607,54.339653142372605,1261.0932630237987,0.7078795023410868,0.0013439642130076376,0.008725433886320274,0.7062780406674306
45.400000000000006,1154.2042185872697,2067.0720774691567,54191.076632770186,29.071738005283592,54.338311059725584,1260.1084890646453,0.7078799870362092,0.0013507047768362662,0.008718296388392324,0.7062776301556677
45.5,1157.1112497219556,2072.5058266062842,54319.66359093715,29.058362811941805,54.33686887593184,1259.1237918636,0.7078805630229164,0.0013615401090642037,0.008710518181470723,0.706277128028298
45.6,1160.015890243636,2077.9394371055946,54448.16704362809,29.04501441521287,54.33540868670907,1258.1399040137055,0.7078811482962909,0.0013780774377919343,0.008705084292225817,0.7062765763472306
45.7,1162.9201163207495,2083.3728816719004,54576.54769171667,29.031682498560045,54.33393144709678,1257.1561369152446,0.7078817640192021,0.0013995370074150672,0.008699240697477158,0.706275989027317
45.800000000000004,1165.822359496356,2088.806259938119,54704.8738611981,29.018425899784955,54.33246491798561,1256.1726359031309,0.7078822460795011,0.0014225269716358815,0.008698153507864083,0.7062754733303496
45.900000000000006,1168.7237946422526,2094.2393832507487,54833.04400905097,29.00519206473124,54.33110490004332,1255.1897443260477,0.70788264926549,0.0014482015065494336,0.008697469459290431,0.706275025472565
46.0,1171.623387526078,2099.672450359355,54961.17766058932,28.992078277226536,54.32976564405946,1254.2068871138376,0.7078828452631493,0.0014733723966707682,0.008701908275189555,0.7062747222917575
46.1,1174.5223297927303,2105.1053545542695,55089.150041817134,28.978979295090646,54.328585204666645,1253.2246063904515,0.7078828718070937,0.0014964819255152337,0.008708022990273812,0.7062745717350931
46.2,1177.4190717988367,2110.5381440260785,55217.08641935853,28.96602267413052,54.32749600092935,1252.24260202123,0.7078826906478848,0.0015189994508448723,0.00871741819637722,0.7062745893360236
46.300000000000004,1180.3157655143925,2115.970866542201,55344.83923595247,28.95306911064216,54.32650964044517,1251.2607533764824,0.7078822846198867,0.001533774201091733,0.008729787620232748,0.7062748115755904
46.400000000000006,1183.2096999890628,2121.403442060299,55472.56500481404,28.940247659788486,54.32570811107623,1250.2796093588984,0.707881751550217,0.0015482455741776182,0.008742121438929745,0.7062751617256449
46.5,1186.1036212992735,2126.8360084852116,55600.20846350942,28.927426298983704,54.324924763612636,1249.2985477710145,0.7078810144125418,0.0015561902261627698,0.008758023381879115,0.7062756860693232
46.6,1188.9952486247478,2132.2684344847617,55727.70170170659,28.91468634625093,54.32436253810663,1248.3178759149457,0.7078802304777788,0.001558698455657402,0.008770706720739785,0.706276308863231
46.7,1191.8861494959344,2137.7008592027837,55855.137408001654,28.90195538777972,54.32380112414687,1247.3378613998154,0.7078793353841806,0.0015568178593841151,0.008786198893536724,0.7062770175810669
46.800000000000004,1194.775192056427,2143.133187278037,55982.428246909345,28.889242365764748,54.323351993580495,1246.357931489375,0.707878478202601,0.0015485895003798818,0.008796793163984885,0.7062777629220385
46.900000000000006,1197.664071840895,2148.565494036029,56109.659534150254,28.876530914867594,54.32293393077522,1245.3780379994673,0.7078776246005015,0.0015383764995928165,0.008808255444662781,0.7062784979197078
47.0,1200.5510639759623,2153.9977671856295,56236.77634029902,28.86379101731202,54.322515954544905,1244.3983459013543,0.707876886259446,0.001522004960416887,0.00881470471317592,0.7062791929409723
47.1,1203.4367144349978,2159.4299963060444,56363.8210124874,28.85106257758354,54.32207766271817,1243.4195918831163,0.7078763403253571,0.0015055379833910387,0.008819464084200564,0.7062797159880974
47.2,1206.3207074478835,2164.862174391741,56490.72432308979,28.838277048524183,54.32161906747714,1242.440933350146,0.7078758073556853,0.0014887497361874874,0.008822046295630903,0.7062802534999243
47.300000000000004,1209.2043252418039,2170.294315092804,56617.581028133856,28.825478595364896,54.32110313993626,1241.4622953968246,0.7078755968905015,0.0014712523160089292,0.008819899004434069,0.7062805279243444
47.400000000000006,1212.0863799311544,2175.7263874669543,56744.27948518952,28.8126209641786,54.32050680319806,1240.4837615205593,0.7078755200000212,0.00145539723501059,0.008816439559100839,0.7062806810306287
47.5,1214.966874578184,2181.158425496625,56870.94776116038,28.799765494461887,54.319867150496854,1239.5060891671355,0.7078754916899285,0.0014400059966435284,0.008812406976788884,0.7062807912797481
47.6,1217.8457796948908,2186.590354100271,56997.40897075018,28.786871702608956,54.31909184552698,1238.5286480733994,0.7078758996404657,0.0014325424558365783,0.008803617686044329,0.7062805071966459
47.7,1220.724089768648,2192.022265700154,57123.86915797332,28.773961408100572,54.318306699713055,1237.5512069796632,0.7078762791224104,0.001426208507727418,0.00879581710311743,0.7062802368653625
47.800000000000004,1223.6010355804315,2197.4540095394946,57246.16811367478,28.761040453574353,54.31736211226562,1236.5737974017716,0.7078767634312388,0.0014210938472124044,0.0087885951236839,0.706279851675059
47.900000000000006,1226.4764632168726,2202.885735826501,57366.52045709141,28.748129251404443,54.316412220341086,1235.5971336734854,0.707877404612409,0.00142507632002678,0.008779637422304044,0.7062793124277497
48.0,1229.3502594622005,2208.3172948759443,57486.733401496494,28.735245613099146,54.31537329526421,1234.6207584274769,0.7078780001612024,0.0014326643701556747,0.008774393767887745,0.7062787653431082
48.1,1232.2232437099105,2213.748800312897,57606.87059503,28.722375240202965,54.31431165874345,1233.6444995560373,0.7078786093283493,0.0014445394850429551,0.008769205305363743,0.7062781950473557
48.2,1235.0950861219915,2219.1801429574693,57726.88030329019,28.709549242253278,54.31323098531287,1232.668245701453,0.7078791891182176,0.0014587506827897438,0.00876646550707251,0.7062776187465475
48.300000000000004,1237.9654583138017,2224.6113682377336,57846.77046277078,28.696766293070525,54.31213733755624,1231.6924785128351,0.7078796890484498,0.0014792886413236854,0.008766447764636545,0.7062770751846441
48.400000000000006,1240.8341805818552,2230.042567933771,57966.64795804061,28.6840491248563,54.31105339730055,1230.7172014834273,0.7078799455995738,0.0015005994879629433,0.008769585031392512,0.7062767341471035
48.5,1243.701890906146,2235.473669229809,58086.435508035334,28.671388558866944,54.310000932062735,1229.7419747266931,0.7078801941893113,0.0015223054510371324,0.008774354811763247,0.7062763793008046
48.6,1246.568692958565,2240.9045912647784,58206.04882049937,28.65878363612644,54.309007679791776,1228.7668060993246,0.7078802105206728,0.0015459368243525078,0.008782566598435916,0.7062762095359626
48.7,1249.4340877801026,2246.3354878895216,58325.65265757144,28.646248386844775,54.308028794998165,1227.7918666092003,0.707880020102305,0.0015691916479540734,0.008793533250093053,0.7062762126466612
48.800000000000004,1252.2978161358365,2251.7662091688535,58445.04908013961,28.633763149954287,54.30717633482197,1226.817605438657,0.7078798107095811,0.0015910809211944518,0.008803610927119662,0.7062762479978453
48.900000000000006,1255.1603496323846,2257.1968943690717,58564.432921457315,28.621344519379925,54.3063488441686,1225.843344268114,0.7078792030221713,0.0016102165019591453,0.008819141628575698,0.706276619938992
49.0,1258.0221997615745,2262.627492292544,58683.663036588725,28.608954414446824,54.305610605703514,1224.8692128562247,0.7078785697509048,0.0016249761794754657,0.008833604809082107,0.7062770400953909
49.1,1260.8827129838526,2268.0580053744234,58802.807701839614,28.596618112055584,54.304954683827205,1223.8951190333419,0.7078778697841851,0.0016396071824616447,0.008847154107818323,0.7062775382399499
49.2,1263.7415282669037,2273.488492662676,58921.92179530395,28.584298358893893,54.304327243903565,1222.9217484531885,0.7078769584502664,0.0016503411437702932,0.008863546345567908,0.7062782211108374
49.300000000000004,1266.5989655007259,2278.9188738493917,59040.84085570155,28.572009946011406,54.303830677189715,1221.9484774631467,0.7078760631915786,0.0016551338486869617,0.00887596516357327,0.7062789512188158
49.400000000000006,1269.4558938581147,2284.3492475928097,59159.743722061765,28.559722536062864,54.303335982375714,1220.9752466649418,0.707875129364875,0.0016583400947388152,0.008888575725018675,0.7062797210428544
49.5,1272.3112378027415,2289.779543749883,59278.492814035606,28.547438248800376,54.30293546597579,1220.0020361928068,0.7078741933101179,0.0016583026355669864,0.008898814214221961,0.7062805303726697
49.6,1275.1656088055493,2295.209824660374,59397.16107491925,28.535159439351688,54.302559706179146,1219.0295360455057,0.7078732628416408,0.0016515887202510334,0.00890905274361785,0.7062813495964902
49.7,1278.0177892018294,2300.6400548330867,59515.741368785915,28.522851940916865,54.30221137923081,1218.057161905207,0.7078724663174981,0.0016448746354783337,0.008914747594520066,0.7062820917256377
49.800000000000004,1280.8697228893852,2306.0702477600435,59634.15621480952,28.51054075233149,54.30190837688046,1217.0848549896975,0.7078717424103667,0.0016357163233930128,0.00891977311688088,0.7062827750813154
49.900000000000006,1283.720449582155,2311.5004225757148,59752.553935344724,28.498199717528916,54.30159880354519,1216.1125839748947,0.7078710237866975,0.0016230997559326418,0.008923544739535298,0.7062834767850913
50.0,1286.569413002936,2316.930577323922,59870.92359395406,28.485841890131123,54.30128360096575,1215.1407482352681,0.7078706058511792,0.0016104060914204589,0.00892338241710869,0.7062839267676584
50.1,1289.41751544264,2322.360678147689,59989.014881979565,28.473479279691816,54.30096577314344,1214.169262613771,0.7078703281789662,0.0015971580402905892,0.008922096479189155,0.706284251392039
50.2,1292.263769874861,2327.7907486142312,60107.10617000507,28.461070560340225,54.30063404539626,1213.1977769922737,0.7078700384719523,0.001583653970342188,0.00892137795727852,0.7062845812341952
50.300000000000004,1295.110024307082,2333.220819080773,60225.16840093046,28.44866184098864,54.30030231764908,1212.2263509699294,0.7078701150594768,0.001570960255308313,0.008915233633562406,0.7062846104077437
50.400000000000006,1297.9539224795885,2338.6508057007763,60343.011470844176,28.436230640952925,54.299895433594855,1211.2552204614403,0.7078702885782892,0.0015588284007561186,0.008910802063246475,0.7062845193041514
50.5,1300.7967434555721,2344.0807708392417,60460.792889577635,28.423806487408907,54.2994678455197,1210.284472058424,0.7078704756820561,0.001548470432417254,0.008906957669220198,0.7062844030573366
50.6,1303.6384775649453,2349.5107146914665,60578.518683755276,28.41137865580325,54.29903432781304,1209.3138378879808,0.7078710444218685,0.0015418979942818923,0.008898862639351749,0.7062839494589935
50.7,1306.47901874401,2354.9405897784927,60696.12558169464,28.398946787206157,54.29853903649342,1208.3432037175376,0.7078716072972585,0.0015353255049401712,0.008893244430957336,0.7062834704008589
50.800000000000004,1309.3190592004025,2360.3704063682376,60813.59441093257,28.386523387172687,54.297978970217514,1207.372685290968,0.7078721653134847,0.001530532297960318,0.008887890179568194,0.7062829889310936
50.900000000000006,1312.1561736451904,2365.800181963436,60931.032612689356,28.374146008914508,54.29741465931426,1206.4027163456017,0.7078729332979218,0.0015296174752420285,0.008882650779042113,0.7062822871131011
51.0,1314.9932880899783,2371.229936570352,61048.39981684529,28.361768630656332,54.29683313367093,1205.4328097655696,0.7078737029834464,0.0015312325648070468,0.008877411713399347,0.706281578064023
51.1,1317.828534967116,2376.659534813034,61165.54901468601,28.349444683718225,54.296158829775344,1204.4629031855375,0.7078744385785442,0.0015340036421953068,0.008875962078329717,0.7062808530160792
51.2,1320.663224610603,2382.0891215778897,61282.665303067275,28.33713667929739,54.29548569585291,1203.4930544199485,0.7078751772868301,0.001541599988689068,0.008873709264241851,0.7062801244085148
51.300000000000004,1323.4965787460126,2387.518703938069,61399.75822300177,28.32485823767058,54.2948138670013,1202.5238235156942,0.7078758751774314,0.0015509166248228422,0.008871801655943055,0.7062794285088487
51.400000000000006,1326.3275678217794,2392.9480842355188,61516.617936754745,28.312673570007632,54.294092656583224,1201.5546057368656,0.7078764726364168,0.001560554513164726,0.008873859273481758,0.7062787826198873
51.5,1329.158556897546,2398.3774347810413,61633.394720697965,28.30048890234469,54.29335938137677,1200.5854522502852,0.7078769398221711,0.0015749361968633183,0.008876534069367144,0.7062782488416939
51.6,1331.9885244596157,2403.806766780185,61750.153614478346,28.28834970734215,54.29263485783997,1199.6163287484126,0.70787741354312,0.0015902170450675232,0.00887960077996395,0.7062777012586768
51.7,1334.8161152797875,2409.2360713315047,61866.91250825873,28.276286226124533,54.29192328638903,1198.6476232219115,0.7078776292821888,0.001605498062032195,0.008885271187340315,0.706277379146273
51.800000000000004,1337.6434396111945,2414.66517955304,61983.35913765687,28.264225337940832,54.291207655964534,1197.6791195871979,0.7078776451249071,0.0016234986455007914,0.00889317665831643,0.7062772226211803
51.900000000000006,1340.468961625853,2420.09425570252,62099.7887843297,28.252239082036457,54.29050900545016,1196.7106366785385,0.7078776721560753,0.0016419843644283976,0.008899535773540253,0.7062770726940372
52.0,1343.2937818784162,2425.523320664136,62216.218431002526,28.240281885455143,54.28981699322208,1195.7421537698797,0.7078774451690327,0.0016604705838584688,0.008909208481068222,0.7062771350274933
52.1,1346.1178926593684,2430.952248359504,62332.40340316711,28.22832782874826,54.28916994837636,1194.7740358852682,0.7078769990648852,0.00167821006242519,0.008921263186218213,0.7062773880488042
52.2,1348.9391759344646,2436.381108887304,62448.529652405836,28.21644343765498,54.28855336563795,1193.8061594334933,0.7078765371998663,0.0016958105217792455,0.008928781888749146,0.7062777139076267
52.300000000000004,1351.760459209561,2441.8099694151033,62564.65590164455,28.204559046561705,54.287936782899536,1192.8382829817185,0.7078757841937511,0.0017133829317416906,0.008941545526306004,0.706278264733251
52.400000000000006,1354.580575877154,2447.2387282804407,62680.5689310251,28.19269518246287,54.287382873529026,1191.8705087323974,0.707874935386711,0.0017281854498515502,0.008953552154778914,0.7062789272873164
52.5,1357.399149344401,2452.6674142421043,62796.380810741684,28.18085061138524,54.28687317055718,1190.902905980119,0.7078740868334896,0.001742912595094457,0.008962925458159387,0.7062796226796938
52.6,1360.2169750482306,2458.0961002037684,62912.19269045829,28.169003795866892,54.28636346758533,1189.935633813051,0.7078729644083619,0.0017570795062005766,0.008977652222207885,0.7062805254938748
52.7,1363.0325578151835,2463.5247154606313,63027.904509128435,28.157171795240867,54.285902870552576,1188.968361645983,0.7078718489349709,0.0017690033983476059,0.008988201228782664,0.7062814795469531
52.800000000000004,1365.8480613711447,2468.9532625924166,63143.4036298732,28.14534031781383,54.285505693918836,1188.0011849898244,0.7078707053972974,0.0017769891313292982,0.008998572933267168,0.706282473543783
52.900000000000006,1368.6621357443828,2474.381795743531,63258.8971802029,28.13350693997741,54.28510882894382,1187.034075804241,0.7078694779127657,0.0017846415525676167,0.009010599035060593,0.706283531167949
53.0,1371.4735175409298,2479.810293475601,63374.338288272345,28.12167101107211,54.284732505807796,1186.0673837412378,0.7078683036913498,0.0017922940995732494,0.009019524200923374,0.7062845747247921
53.1,1374.2848993374769,2485.2387284046545,63489.54672729016,28.109835082166803,54.284430815425026,1185.1007449748863,0.7078671171024464,0.0017940740690625817,0.009028449231206782,0.7062856454210191
53.2,1377.0962811340241,2490.667163333708,63604.72908815824,28.097999153261497,54.28412912504225,1184.1341425583112,0.7078660059836925,0.0017937327401420199,0.009037853175554207,0.7062866396198705
53.300000000000004,1379.906233688694,2496.0955813778464,63719.90539740315,28.086148948792168,54.28382519434428,1183.167540141736,0.7078649474856535,0.0017933913189783887,0.00904594317248445,0.7062875977821148
53.400000000000006,1382.7132826448988,2501.523916312029,63834.763561065265,28.074288266598963,54.28359539060611,1182.201363105353,0.707863989162908,0.001792295863625751,0.009051990863636892,0.7062884835414749
53.5,1385.5202314854594,2506.9522512462113,63949.57461107089,28.06242838658953,54.283365586867944,1181.235290609369,0.7078631367031621,0.001787211514208562,0.009057019881128258,0.7062892863144936
53.6,1388.326530098814,2512.380578330954,64064.385661076536,28.050560551330243,54.283132746643794,1180.2692181133848,0.7078625141318331,0.0017803551323976607,0.009060071379172894,0.706289888451737
53.7,1391.1305241874975,2517.808877595841,64179.19671108218,28.03866452120397,54.28288914455548,1179.3031456174006,0.707861889367939,0.0017734987349081223,0.009063458169963476,0.7062904884031004
53.800000000000004,1393.933734061747,2523.237165595844,64293.8592689565,28.026782002257413,54.28265354299193,1178.3374453873023,0.7078613482935585,0.001765290308232446,0.009066846037738482,0.7062910077617307
53.900000000000006,1396.7365824438446,2528.665422450768,64408.276713687825,28.014905154252382,54.28243973726178,1177.3718761283017,0.7078613023747494,0.001756686360291006,0.009064237176906275,0.7062911087205868
54.0,1399.5364880679283,2534.0936393262164,64522.694158419145,28.00300541160131,54.28221153460714,1176.406306869301,0.707861234250057,0.0017466798500133172,0.009065270104794285,0.7062911885571097
54.1,1402.336393692012,2539.5218562016653,64637.072276313746,27.991105668950233,54.28198333195252,1175.440786796487,0.7078611695368601,0.0017367041044178107,0.009066303077087771,0.7062912647550419
54.2,1405.1357593844489,2544.9500553134203,64751.28176289734,27.979218455585112,54.28174574040983,1174.4754961140823,0.7078614924165324,0.0017267472950650783,0.009061958265621927,0.7062910213290343
54.300000000000004,1407.9321909683122,2550.378200815849,64865.34353880553,27.967347746163682,54.28149007891064,1173.5104161323068,0.7078619947269948,0.0017167902328788615,0.009059626002099667,0.7062905720941759
54.400000000000006,1410.7280138073659,2555.806337200051,64979.38275334499,27.95547785885607,54.28123224550105,1172.5453630181103,0.7078624929323633,0.0017078229609829318,0.009058515318695995,0.7062901087658914
54.5,1413.5238366464189,2561.2344735842526,65093.36533687019,27.94360797154846,54.28097441209147,1171.5803773438938,0.7078630020068464,0.0017002015234746776,0.009057404774622234,0.7062896311877895
54.6,1416.3176342406337,2566.6625461516164,65207.13851795339,27.931766477334758,54.28067967048774,1170.6154961267646,0.7078637782779054,0.001692579540354144,0.009054332907634377,0.7062889108801197
54.7,1419.1093911688633,2572.0905848403677,65320.82978471767,27.919958987271517,54.280369815240306,1169.650895207094,0.707864679483091,0.0016849573453760827,0.009051643348164464,0.7062880603632933
54.800000000000004,1421.9011480970928,2577.518623529119,65434.52105148196,27.908151497208273,54.28005995999286,1168.6862942874234,0.7078655793212857,0.0016784454028249461,0.009048953774199496,0.706287208484454
54.900000000000006,1424.6918148760806,2582.946644814431,65548.17436532563,27.89636864758253,54.27975176261663,1167.7217369840535,0.7078664689994314,0.0016745155626192807,0.009048476325525636,0.70628633226199
55.0,1427.4805608024803,2588.374568059956,65661.49647155253,27.884628762150534,54.27938994310859,1166.7572650635839,0.7078674701333519,0.001672764818074069,0.009047524368006113,0.7062853452307232
55.1,1430.2682772155044,2593.8024872834144,65774.80240364949,27.872904825625664,54.27902480396439,1165.7931299031754,0.7078684670758155,0.0016710139016149136,0.009045166103707349,0.7062843804038369
55.2,1433.0555337774567,2599.230399487506,65888.10833574644,27.86119453756258,54.278661479341054,1164.8289947427672,0.7078694595095901,0.0016697169322993524,0.009043426903584536,0.7062834110814201
55.300000000000004,1435.8403272355713,2604.6582579687542,66001.36475465875,27.84955735486051,54.27829869968912,1163.8648595823588,0.7078704298049888,0.0016708018118035289,0.00904500355868888,0.7062824158505076
55.400000000000006,1438.6251206936859,2610.0860377774666,66114.33054266483,27.837920172158448,54.277891159953064,1162.900777164676,0.7078713222040092,0.0016740263814978738,0.009045410724064265,0.7062815085938857
55.5,1441.4090781195794,2615.5138175861784,66227.25130359498,27.826289826394763,54.27748362021701,1161.9370066839826,0.7078721232902486,0.0016792144147664016,0.009045515130273046,0.7062806920506409
55.6,1444.1899415669818,2620.941556876893,66340.17206452516,27.814754357460455,54.277092049649816,1160.9732845707044,0.7078729077957616,0.00168440238128685,0.009046600778990527,0.7062798795178415
55.7,1446.9706331361242,2626.369241957999,66452.95898286691,27.803224360857772,54.27668496284739,1160.0095624574262,0.7078736989032501,0.0016919471934017305,0.00904774363262432,0.7062790539516826
55.800000000000004,1449.750978394527,2631.7968478826187,66565.54153685985,27.791696130735893,54.27625275905498,1159.0459494966167,0.707874101129232,0.0017000096963016792,0.00905187666293933,0.7062785784988762
55.900000000000006,1452.529980578623,2637.2244442699257,66678.06393408889,27.780194553042115,54.27582527541182,1158.0825683599303,0.7078743967000551,0.0017101436672297362,0.009056019972923943,0.7062782046810029
56.0,1455.306485534072,2642.6520108629793,66790.55244874701,27.76876757290065,54.275412537359955,1157.1192212755889,0.7078747266932166,0.0017214443347716073,0.00905839801813752,0.7062778159929359
56.1,1458.0829904895209,2648.0795774560333,66903.04096340513,27.757340592759178,54.2749997993081,1156.1558741912477,0.7078750615820905,0.0017327449821799882,0.009060775996377307,0.7062774222098013
56.2,1460.8586655920726,2653.5070793194996,67015.3770057591,27.745916696780448,54.274581888909005,1155.1927803385543,0.7078753266773815,0.001745724204952071,0.009063153079390117,0.7062770940534955
56.300000000000004,1463.6325183741108,2658.9344647921826,67127.4802380373,27.734534774766857,54.274165306430156,1154.2297045850748,0.7078750518153958,0.0017590728578768056,0.00907001435249607,0.7062772483378442
56.400000000000006,1466.4048705028208,2664.3618353221345,67239.5122257859,27.72318839289729,54.273756576663985,1153.2666980271847,0.707874713264767,0.0017735766540217387,0.009075883536623069,0.7062774759853282
56.5,1469.1767985672172,2669.7892058520865,67351.52146371939,27.711843422345748,54.27334784689781,1152.3038341533872,0.7078743524432595,0.0017884491884325735,0.00908175243922438,0.7062777246771763
56.6,1471.9482625650194,2675.2165763820385,67463.53070165287,27.700499996242847,54.27293911713164,1151.3411022433363,0.707873964328251,0.0018033216630150316,0.009087620995265675,0.7062780003665924
56.7,1474.7170120533276,2680.6438603213005,67575.3875351218,27.68919782631848,54.27254937447649,1150.3783703332856,0.7078736147906057,0.0018186523027277563,0.009087814992285701,0.7062783088880393
56.800000000000004,1477.4852171853872,2686.0710422418792,67687.01166209926,27.677903708648806,54.272175497323424,1149.4156436135106,0.7078727888626574,0.001834084432330334,0.009095233601345206,0.7062790012791232
56.900000000000006,1480.2525546101933,2691.4982241624584,67798.55246930837,27.666612794815123,54.27180162017034,1148.453227927642,0.70787183702654,0.0018491763245121443,0.00910425440648257,0.7062797996851492
57.0,1483.019454550907,2696.925402858134,67910.08150783544,27.655324779546113,54.27142841581482,1147.4908230680032,0.7078708910073098,0.0018642201811611945,0.009112357816050003,0.7062806037848314
57.1,1485.7835659345874,2702.3525609980297,68021.61054636253,27.644055239949807,54.271059499922245,1146.5284182083642,0.7078699825225837,0.0018792641661238628,0.009114613583252138,0.7062814453381165
57.2,1488.5470644273341,2707.779662500326,68132.98724505615,27.63278860053886,54.27071014787331,1145.5661766912856,0.7078687496083345,0.001893644664517003,0.009123557200779502,0.7062825271389784
57.300000000000004,1491.310092676249,2713.2066775226303,68244.13133594357,27.621524186310577,54.27039066787194,1144.604060499656,0.7078674840267382,0.0019078795619084667,0.00913309779863338,0.7062836339444893
57.400000000000006,1494.071724829795,2718.6336825513895,68355.191147003,27.610259536736045,54.2700704295872,1143.642016954256,0.7078662234692498,0.0019203885854970223,0.009140321793336185,0.7062847699735406
57.5,1496.8315312107602,2724.060674510884,68466.2390537747,27.598994579382605,54.26974919964171,1142.6799836699308,0.7078649809976637,0.0019326539101872072,0.009144516332788082,0.7062859274734845
57.6,1499.5913375917257,2729.4876664703784,68577.28696054641,27.587729622029165,54.269427969696224,1141.7179503856055,0.707863595280019,0.001944919509137248,0.009153044523649907,0.7062871721483384
57.7,1502.350421005579,2734.9146130042964,68688.18258925284,27.57646937989015,54.26913038081358,1140.756103858098,0.7078622280089217,0.001955759213719988,0.009161583541047041,0.7062884018240451
57.800000000000004,1505.1065926501979,2740.341472190172,68798.84570446699,27.56520328064097,54.268863789877734,1139.7944006207529,0.7078608875082296,0.001966286211865599,0.009167972184675527,0.7062896331821782
57.900000000000006,1507.8618970385119,2745.7683247576824,68909.42457534857,27.55393369521767,54.268595322599275,1138.8327672461198,0.7078595393799121,0.0019743402553873326,0.009173655095956499,0.7062908880493896
58.0,1510.6172014268254,2751.1951773251926,69019.99154695604,27.542664109794373,54.268326855320815,1137.8711437393977,0.7078582469424402,0.0019820448197506012,0.009180364911082458,0.7062920745937953
58.1,1513.3724076276033,2756.6220290433444,69130.55851856351,27.531394114510835,54.26805809508553,1136.9095202326755,0.707856952114482,0.0019897494127278574,0.009187075045663044,0.7062932633775971
58.2,1516.1235748004997,2762.0488184418855,69240.97327026499,27.52011654065397,54.26780120183041,1135.9480718220777,0.7078556935715782,0.0019957422487678284,0.009193794828782338,0.7062944203572775
58.300000000000004,1518.8741893443837,2767.4755565196174,69351.15559727763,27.508843781165726,54.267577547655726,1134.986757754914,0.7078544996691998,0.0020013595478508774,0.009200247747282326,0.7062955169753069
58.400000000000006,1521.6248038882675,2772.9022945973493,69461.253714321,27.49757102167748,54.26735389348105,1134.0255105344606,0.7078534801098361,0.0020044442281673316,0.009205261264972292,0.7062964647120737
58.5,1524.375418432151,2778.329032675081,69571.339936944,27.486298262189237,54.26713023930637,1133.0642727559164,0.707852449745078,0.002007171281179566,0.009210274861272917,0.7062974242416006
58.6,1527.1227934791548,2783.7557388937757,69681.42615956701,27.47502035991279,54.266896674706985,1132.1030349773719,0.7078514013884468,0.0020098982897679973,0.009218041886284925,0.70629836582358
58.7,1529.8690831097417,2789.182417644402,69791.3602175566,27.46374958541455,54.2666779742985,1131.141963615449,0.7078504921882364,0.002011054703820886,0.009225093767115678,0.7062991816594705
58.800000000000004,1532.614822769296,2794.609059989259,69901.06193525312,27.452484728727214,54.26648369188888,1130.1810199375648,0.7078499265601514,0.002011865940472925,0.00922881671552507,0.706299697583297
58.900000000000006,1535.3605624288505,2800.035702334116,70010.67947542657,27.441219872039873,54.266289409479256,1129.2201392277036,0.7078493295180882,0.0020106079765498156,0.009232539668671488,0.7063002508619293
59.0,1538.1035361829622,2805.4623143787608,70120.28512576257,27.429966056532013,54.266088636300985,1128.259267411898,0.7078486935298596,0.0020090576880455,0.009240340042921333,0.706300790648834
59.1,1540.8456694241627,2810.8889172156723,70229.89077609857,27.418715596255957,54.265885890685475,1127.2983955960924,0.70784804938311,0.002007507373981776,0.009249379457380566,0.7063013222968814
59.2,1543.587089983099,2816.315502509278,70339.34431534632,27.407473838664625,54.26569187776786,1126.337685387961,0.7078475958796839,0.0020048316428392696,0.009256546121370595,0.7063016905057913
59.300000000000004,1546.3279637327732,2821.742061015998,70448.5655960591,27.396238758254487,54.265511198813215,1125.3770991741785,0.7078475438686368,0.0020019083007831373,0.009258991371221976,0.7063017188716741
59.400000000000006,1549.066549666668,2827.1685926425257,70557.70272995619,27.38502550672041,54.2653278038712,1124.4165734468147,0.7078474418156334,0.001997667862758669,0.009265488222232453,0.706301747956337
59.5,1551.803826458342,2832.595108887572,70666.82797835316,27.373824746184756,54.265142854777054,1123.456056262987,0.7078473147887486,0.00199324137243915,0.009274303536273664,0.7063017720699181
59.6,1554.5411032500162,2838.021625132619,70775.95322675016,27.3626239856491,54.26495790568292,1122.495539079159,0.7078471876929158,0.0019888148798363784,0.009283118853573054,0.7063017961147727
59.7,1557.2776718602984,2843.4481264658107,70884.92641554805,27.351432263814612,54.26477499204034,1121.535174521228,0.7078472511042675,0.0019838603057563114,0.009289623708439962,0.7063016609733938
59.800000000000004,1560.0117646644778,2848.874581793017,70993.6674244298,27.340275894162808,54.2645955710218,1120.5749270663293,0.7078476318850572,0.001978789252308847,0.00929474558979818,0.706301226200431
59.900000000000006,1562.7439643754453,2854.3010143564165,71102.32431629789,27.329147362947758,54.26441652686004,1119.6147380298612,0.7078479796992986,0.0019732227680409158,0.00930306775149523,0.7063007836311241
60.0,1565.4761640864124,2859.7274469198155,71210.96932687532,27.31801883173271,54.26423748269828,1118.654557244832,0.7078483218845459,0.0019675863269905504,0.009311389981926235,0.7063003467547517
60.1,1568.20836379738,2865.153879483215,71319.61433745275,27.306890300517665,54.264058438536516,1117.6943764598022,0.7078486639978947,0.0019619498884989707,0.009319712207341192,0.7062999098070188
60.2,1570.9398598277319,2870.5802967615,71428.10733736657,27.295770526610454,54.26387649390312,1116.7343391604234,0.7078491527505207,0.00195638814969001,0.009325767650487727,0.7062993554814466
60.300000000000004,1573.6675720995293,2876.006652522849,71536.3682320839,27.284717781107066,54.26369485265574,1115.7744119511742,0.7078498342366926,0.0019508423801812896,0.009332432879531605,0.7062985998015596
60.400000000000006,1576.3944850282357,2881.4329988764466,71644.545038264,27.273679896878228,54.26351437748548,1114.8145399733153,0.7078505080873284,0.0019455325002962608,0.009340160211314574,0.7062978369717893
60.5,1579.121397956942,2886.859345230044,71752.70996717564,27.262642012649387,54.263333902315225,1113.854675796734,0.7078511803158285,0.0019402559510455935,0.00934788757403816,0.7062970755498255
60.6,1581.8483108856483,2892.2856915836414,71860.8748960873,27.25160412842055,54.26315342714497,1112.894811620153,0.707851852480844,0.0019349794077387831,0.009355614926977332,0.7062963140661765
60.7,1584.5741259165313,2897.712015948127,71970.45721759724,27.240582585443608,54.26296819462104,1111.9350873025228,0.7078525933322732,0.0019302530887445294,0.009361893851377553,0.7062955013160599
60.800000000000004,1587.295796439691,2903.138273780938,72081.52863559268,27.229641588840806,54.262782862362045,1110.975470292417,0.7078534084961603,0.0019256473096109005,0.009368480191003559,0.7062946095941253
60.900000000000006,1590.0174669628507,2908.5645316137498,72192.51599195256,27.218700592238008,54.26259753010305,1110.015906203709,0.7078542319561577,0.0019218333190350004,0.009375066610188974,0.7062937073091522
61.0,1592.7391374860103,2913.990789446561,72303.49147484377,27.20775959563521,54.262412197844064,1109.0563495899987,0.7078550566929446,0.0019181311703570564,0.009381653030109615,0.7062928033566986
61.1,1595.46080800917,2919.4170472793726,72414.46695773499,27.19681859903241,54.26222686558506,1108.0967929762883,0.7078558813870708,0.001914429026914994,0.009388239439965662,0.7062918993641735
61.2,1598.1802093296328,2924.8432687071922,72525.22526878344,27.185917283727683,54.26203915555881,1107.1373716332691,0.7078566874561966,0.0019115895604045567,0.00939404625718332,0.7062910219900936
61.300000000000004,1600.8966828977327,2930.269434634206,72635.81695357918,27.175070709328146,54.2618477907826,1106.178054077408,0.7078574762311247,0.0019089393780304157,0.009399025564915457,0.7062901723885048
61.400000000000006,1603.6131564658328,2935.6956005612196,72746.32460288893,27.164224134928617,54.2616564260064,1105.2187881049938,0.7078582791906614,0.001907434487714687,0.009404004878481033,0.706289305431674
61.5,1606.3296300339327,2941.121766488233,72856.82038242357,27.153377560529083,54.26146506123019,1104.2595294185965,0.7078590853330781,0.0019060913648120278,0.009408984170859476,0.7062884348083295
61.6,1609.0461036020329,2946.547932415247,72967.3161619582,27.142530986129547,54.261273696453976,1103.3002707321987,0.7078598914545727,0.0019047482436859457,0.009413963456190303,0.7062875641663914
61.7,1611.7590724973584,2951.9740497605917,73077.59483561672,27.131744641975317,54.26108369712887,1102.3411404064893,0.7078606149688813,0.001904419993064799,0.00941743873151492,0.7062867935959904
61.800000000000004,1614.470268913396,2957.4001193488207,73187.70693363578,27.120987133697113,54.26088729763453,1101.3821085662014,0.7078612469273509,0.0019043145273849535,0.009420377660184626,0.7062861213200895
61.900000000000006,1617.1814653294336,2962.8261889370497,73297.73502131246,27.11022962541891,54.260690898140204,1100.4231256782873,0.7078618962912828,0.001905514634527041,0.009423316535586212,0.7062854280659887
62.0,1619.8926617454713,2968.2522585252786,73407.75124276547,27.099472117140706,54.26049449864587,1099.4641497047576,0.7078625500226451,0.0019068991436536598,0.0094262553752525,0.706284729921789
62.1,1622.603858161509,2973.6783281135076,73517.7674642185,27.088714608862503,54.26029809915154,1098.505173731228,0.7078632037452428,0.0019082836513889443,0.009429194211903781,0.7062840317701801
62.2,1625.3114922185794,2979.1043491273304,73627.56664270758,27.078009608187948,54.26010324488276,1097.5463213046812,0.707863736602654,0.0019106949861686189,0.009429971145226163,0.706283480828908
62.300000000000004,1628.0173294188066,2984.5303191824273,73737.19929382694,27.067329882842582,54.259903415013596,1096.5875636702149,0.7078641311422199,0.0019133317993418504,0.009430482883052042,0.7062830714354468
62.400000000000006,1630.723166619034,2989.9562892375243,73846.747958604,27.056650157497213,54.25970358514444,1095.6288528589384,0.707864544283504,0.0019172833660845048,0.009430994534504378,0.7062826398212626
62.5,1633.4290038192607,2995.382259292621,73956.28476054737,27.045970432151844,54.25950375527528,1094.6701486613051,0.7078649623078497,0.0019214206302839698,0.009431506143081355,0.7062822027855021
62.6,1636.1348410194878,3000.8082293477178,74065.82156249072,27.035290706806478,54.25930392540612,1093.7114444636718,0.7078653803194548,0.0019255578926683729,0.009432017751270741,0.7062817657373969
62.7,1638.8371397013004,3006.234151670267,74175.14138257779,27.02465198646867,54.259105078816404,1092.752860457837,0.7078656597523256,0.0019306371915966591,0.009430189243847255,0.7062814962281432
62.800000000000004,1641.5376530638316,3011.660021058071,74284.29472218029,27.014033322864776,54.25890299876201,1091.7943686697993,0.7078657787980276,0.0019359234023896043,0.009428396669152751,0.7062813863776186
62.900000000000006,1644.238166426363,3017.0858904458746,74393.36409861088,27.003414659260883,54.2587009187076,1090.835922827616,0.7078659158893091,0.0019424196873589305,0.009426604002512391,0.7062812550711844
63.0,1646.9386797888944,3022.5117598336783,74502.42161548053,26.992795995656994,54.2584988386532,1089.8774834751553,0.7078660577530062,0.0019490868868273512,0.009424811292024514,0.7062811184462141
63.1,1649.6391931514258,3027.9376292214824,74611.47913235017,26.982177332053105,54.258296758598796,1088.9190441226945,0.7078661995829647,0.001955754087600936,0.009423018580711094,0.7062809817875226
63.2,1652.3361862416443,3033.3634512556396,74720.31972616944,26.971589899803565,54.25809467609995,1087.9607198763247,0.707866201016177,0.00196316420266704,0.009419230734089129,0.7062810103192755
63.300000000000004,1655.0314030165127,3038.7892191299375,74828.9938846233,26.96101809303674,54.257890661075535,1087.002483945717,0.7078660399325181,0.001970737553583141,0.009415821197141624,0.706281196135741
63.400000000000006,1657.7266197913814,3044.214987004235,74937.58410232491,26.95044628626991,54.25768664605113,1086.0442920389937,0.7078658947959978,0.0019793361378868442,0.009412411584853245,0.706281363000095
63.5,1660.4218365662498,3049.6407548785323,75046.16246363227,26.939874479503086,54.25748263102672,1085.0861063505204,0.7078657537916297,0.00198807953437284,0.009409001932882032,0.706281525194734
63.6,1663.1170533411184,3055.0665227528298,75154.74082493964,26.92930267273626,54.25727861600231,1084.1279206620466,0.7078656127247659,0.0019968229380889304,0.009405592277193875,0.7062816873272736
63.7,1665.808763675315,3060.4922431346104,75263.10231936902,26.918755661527044,54.25707398684429,1083.1698461158708,0.7078653410093153,0.002006040833418161,0.009400917009813171,0.7062819957759896
63.800000000000004,1668.4987047012703,3065.917908783089,75371.29742153156,26.90822136353348,54.25686880595602,1082.2118568442145,0.707864919309262,0.002015363064860126,0.009396965407709642,0.7062824444683127
63.900000000000006,1671.1886457272258,3071.343574431567,75479.40860452899,26.89768706553992,54.25666362506775,1081.2539097794233,0.7078645102944903,0.002025478310410157,0.009393013761004484,0.7062828780280895
64.0,1673.878586753181,3076.769240080045,75587.5079341813,26.887152767546358,54.25645844417948,1080.2959686762324,0.7078641044092657,0.0020357055752869206,0.00938906208336253,0.706283307961383
64.10000000000001,1676.5685277791367,3082.1949057285237,75695.60726383362,26.8766184695528,54.25625326329121,1079.338027573042,0.7078636984381224,0.0020459328544545673,0.009385110398971972,0.7062837378101361
64.2,1679.2549736969893,3087.6205235407983,75803.48978166706,26.86610603864757,54.25604758100887,1078.3801957780702,0.7078631793965664,0.0020563695019341576,0.009380797147828104,0.7062842850042235
64.3,1681.9396561879046,3093.0460867651436,75911.20594947803,26.85560501487435,54.255843035477334,1077.4224478504118,0.7078625325751444,0.002066852294277341,0.00937750479677199,0.7062849463932264
64.4,1684.6243386788203,3098.471649989489,76018.83821902296,26.845103991101134,54.255638489945795,1076.464741242113,0.7078618943856284,0.0020778775353718177,0.00937421243851649,0.7062855973633435
64.5,1687.3090211697356,3103.8972132138338,76126.45863817469,26.834602967327918,54.25543394441425,1075.507040470057,0.707861258118752,0.0020889794114397195,0.009370920062313891,0.7062862459914832
64.60000000000001,1689.9937036606514,3109.3227764381795,76234.07905732644,26.8241019435547,54.255229398882705,1074.549339698001,0.7078606217551664,0.002100081308277792,0.009367627678603803,0.7062868945255625
64.7,1692.674901662546,3114.748291615759,76341.48271823679,26.813622619864308,54.255024806200275,1073.591743701407,0.7078598949138345,0.0021111655069273373,0.009364857161622329,0.7062876266813118
64.8,1695.3543418018762,3120.1737531083845,76448.7200702323,26.8031546418408,54.25482279010479,1072.634228094344,0.707859068263155,0.002122245996351262,0.009363312935859267,0.706288442437234
64.9,1698.0337819412066,3125.5992146010103,76555.87354430209,26.792686663817285,54.25462077400929,1071.6767526879617,0.7078582458649034,0.002133624173822437,0.009361768739874201,0.7062892528525462
65.0,1700.713222080537,3131.0246760936357,76663.01517085168,26.78221868579378,54.254418757913804,1070.719282959812,0.7078574241411625,0.0021450444203169943,0.009360224541933313,0.7062900622755485
65.10000000000001,1703.3926622198676,3136.450137586262,76770.15679740132,26.771750707770266,54.25421674181832,1069.7618132316625,0.7078566023206213,0.0021564646922343656,0.009358680339260395,0.7062908716056329
65.2,1706.0686290063768,3141.875551120253,76877.08171703297,26.761306066167418,54.2540152347997,1068.804444197618,0.707855715482919,0.002167687149958693,0.00935838814463482,0.7062917299260406
65.3,1708.7428437367394,3147.3009125161234,76983.84036712798,26.750873520286085,54.25381731759032,1067.847152421662,0.7078547596980393,0.0021788663351136463,0.00935941158653182,0.7062926398661384
65.4,1711.4170584671022,3152.7262739119947,77090.51515903918,26.74044097440475,54.25361940038095,1066.8898994200158,0.7078538039307775,0.0021901219051369716,0.009360435089338493,0.7062935493700246
65.5,1714.0912731974645,3158.1516353078655,77197.17810621865,26.73000842852342,54.253421483171564,1065.9326518951318,0.7078528476874743,0.0022013882892792944,0.009361458607160512,0.7062944591337805
65.60000000000001,1716.7654879278273,3163.5769967037368,77303.84105339817,26.719575882642086,54.25322356596219,1064.9754043702474,0.7078518913499796,0.00221265470102985,0.00936248212630222,0.7062953688081673
65.7,1719.4362416451313,3169.002310577896,77410.28734349307,26.7091694671407,54.25302685832754,1064.0182553565833,0.7078508968385274,0.0022235873930320526,0.009365272994401439,0.7062962941752833
65.8,1722.1052496611082,3174.4275743368453,77516.56740228621,26.698776423785205,54.252834538699986,1063.0611819261774,0.7078498651326435,0.0022344469419884904,0.009369354231135649,0.70629723975098
65.9,1724.7742576770854,3179.852838095796,77622.76362207072,26.688383380429705,54.252642219072435,1062.104146336398,0.7078488296724781,0.002245195633702422,0.009373435550811684,0.7062981892471794
66.0,1727.4432656930624,3185.278101854746,77728.94799983199,26.677990337074213,54.25244989944488,1061.1471160914998,0.7078477927638239,0.0022559286931982518,0.009377516901231831,0.7062991400546097
66.10000000000001,1730.1122737090395,3190.7033656136964,77835.13237759327,26.667597293718718,54.25225757981733,1060.1900858466017,0.7078467557577713,0.0022666617799563327,0.009381598260878476,0.7063000907699537
66.2,1732.7778346366636,3196.1285826599774,77941.10014712566,26.657233768275663,54.252067251346524,1059.233151878501,0.7078457069534221,0.0022769663869038077,0.0093877309755775,0.7063010272389622
66.3,1735.4416569388698,3201.5537519568643,78046.90172284111,26.646885153129997,54.251881925397086,1058.2762917792852,0.7078446514460882,0.0022871770049031816,0.009395030519558735,0.7063019550037015
66.4,1738.1054792410762,3206.9789212537517,78152.6194782978,26.636536537984334,54.25169659944764,1057.319468903582,0.7078435892000547,0.002297128337661304,0.009402330156943951,0.7063028901380797
66.5,1740.7693015432824,3212.4040905506386,78258.32539437963,26.626187922838668,54.2515112734982,1056.3626512855951,0.7078425247866139,0.0023070430719868544,0.009409629837121335,0.7063038273450769
66.60000000000001,1743.4331238454888,3217.8292598475264,78364.03131046146,26.615839307693005,54.251325947548764,1055.4058336676078,0.7078414602617511,0.0023169578310883636,0.009416929534355498,0.7063047644459619
66.7,1746.0935146454676,3223.254383556474,78469.52066558329,26.605523410605606,54.25114310302105,1054.449108769788,0.7078404081284737,0.0023263891360142132,0.009426348411108208,0.7063056622240373
66.8,1748.7521746487869,3228.679462047068,78574.8438631555,26.595223871116666,54.250965342343214,1053.49245501201,0.7078393765928287,0.002335714337504017,0.009436737431466053,0.706306526495302
66.9,1751.4108346521066,3234.104540537662,78680.08325616411,26.58492433162772,54.25078758166538,1052.5358264514161,0.7078383362618051,0.0023446699535085657,0.009447126544194122,0.7063074005282592
67.0,1754.069494655426,3239.529619028256,78785.31081201472,26.57462479213878,54.25060982098754,1051.5792014498538,0.7078372933175909,0.0023535733886027484,0.009457515706583697,0.7063082770842991
67.10000000000001,1756.7281546587458,3244.954697518851,78890.53836786536,26.56432525264984,54.2504320603097,1050.6225764482913,0.7078362502370575,0.0023624768445386856,0.009467904892024084,0.7063091535088981
67.2,1759.383400244715,3250.3797317577455,78995.54940851957,26.55406120362042,54.25025710271049,1049.6660420162134,0.7078352401083885,0.0023708799353756595,0.009480302771278327,0.7063099713641291
67.3,1762.0369235423484,3255.804723296326,79100.39432673648,26.543814773333978,54.25008705457764,1048.709577074055,0.7078342731752986,0.0023791731665193947,0.009493430004417462,0.7063107361779175
67.4,1764.690446839982,3261.2297148349066,79205.15545015666,26.533568343047527,54.24991700644479,1047.7531236995685,0.7078332961826933,0.002387021592445547,0.009506557320200355,0.7063115122316629
67.5,1767.3439701376155,3266.654706373487,79309.9047377984,26.52332191276108,54.24974695831194,1046.796671958983,0.7078323163486392,0.0023948072090879246,0.009519684687311868,0.706312291011848
67.60000000000001,1769.9974934352492,3272.079697912068,79414.65402544013,26.51307548247463,54.24957691017908,1045.8402202183977,0.7078313363464747,0.002402592841982741,0.009532812080541159,0.7063130696280769
67.7,1772.6476206981645,3277.5046466833737,79519.18684293529,26.502866944264134,54.24940995557547,1044.883858031629,0.7078304055491801,0.0024098936116929925,0.009547698479625161,0.7063137764808257
67.8,1775.296034773009,3282.9295551622586,79623.55357255791,26.49267712217672,54.249247681637485,1043.9275645555026,0.7078295352124283,0.0024170878866720848,0.009563052068301294,0.706314416391344
67.9,1777.9444488478541,3288.3544636411443,79727.83651169852,26.4824873000893,54.249085407699496,1042.9712762490726,0.7078286542599509,0.0024237944311044307,0.009578405725016814,0.7063150682046005
68.0,1780.5928629226985,3293.7793721200296,79832.10761567013,26.472297478001884,54.248923133761515,1042.0149886728475,0.7078277704118265,0.002430432099159087,0.00959375943028611,0.7063157227569181
68.10000000000001,1783.2412769975435,3299.204280598916,79936.37871964175,26.46210765591447,54.24876085982353,1041.0587010966221,0.7078268863631488,0.0024370697789218797,0.009609113161521582,0.7063163771119793
68.2,1785.8863144966958,3304.6291479019364,80040.43339490832,26.451957645637354,54.24860189589207,1040.1024892212336,0.7078260633052232,0.0024432630394046703,0.009625873762339641,0.7063169523138049
68.3,1788.5296483978177,3310.053977156313,80144.32201409858,26.441827220036743,54.248447305997715,1039.146335427715,0.7078253125701958,0.002449358653694507,0.009642835078219905,0.7063174521833256
68.4,1791.17298229894,3315.4788064106906,80248.12684458299,26.431696794436125,54.248292716103364,1038.1901858089689,0.7078245513395588,0.0024549503349544136,0.009659796444407112,0.7063179638607938
68.5,1793.8163162000624,3320.9036356650668,80351.91984014929,26.42156636883551,54.24813812620901,1037.2340367798977,0.7078237873213253,0.002460470847514018,0.009676757852677239,0.7063184781263794
68.60000000000001,1796.4596501011847,3326.328464919444,80455.7128357156,26.4114359432349,54.247983536314656,1036.2778877508263,0.7078230230761106,0.002465991367780026,0.009693719283949388,0.7063189921674299
68.7,1799.0996276251917,3331.753254635502,80559.28943153705,26.401346395536947,54.24783222269274,1035.3217788571596,0.7078223270005576,0.002471123470562855,0.009711680281474417,0.7063194250581101
68.8,1801.7379114764149,3337.1780083503504,80662.69999350207,26.39127691854995,54.24768479965805,1034.3657007575955,0.7078217097060591,0.0024761702013914857,0.009729590944559252,0.7063197794979104
68.9,1804.3761953276387,3342.6027620652,80766.02676848092,26.381207441562946,54.24753737662336,1033.40962747998,0.7078210825609923,0.002480716719354221,0.009747501637350015,0.7063201450748613
69.0,1807.014479178862,3348.027515780049,80869.34170878457,26.371137964575944,54.247389953588666,1032.4535548834508,0.7078204528713019,0.002485192590814157,0.009765412362985035,0.7063205129657729
69.10000000000001,1809.6527630300857,3353.452269494898,80972.65664908823,26.361068487588945,54.247242530553976,1031.497482286922,0.7078198229392352,0.0024896684667903195,0.0097833231067535,0.7063208806160158
69.2,1812.2877110995657,3358.87698528276,81075.75520446722,26.351040353078577,54.247098210584326,1030.5414295956762,0.7078192641420976,0.0024938213639807507,0.009801813195243265,0.7063211695981011
69.3,1814.9209756044058,3364.3016668968717,81178.68773736063,26.341032508144757,54.246957256481885,1029.5853921768653,0.7078187857947132,0.0024979032449992836,0.009820030992354485,0.7063213814877657
69.4,1817.5542401092464,3369.726348510984,81281.53648579314,26.331024663210933,54.24681630237944,1028.629359706744,0.7078182986871713,0.0025015041640237177,0.009838248799107939,0.7063216033656925
69.5,1820.1875046140865,3375.1510301250955,81384.37339990714,26.32101681827711,54.24667534827701,1027.6733279356115,0.7078178093806838,0.0025050371530510357,0.009856466628399403,0.7063218271991846
69.60000000000001,1822.8207691189273,3380.5757117392072,81487.21031402117,26.311008973343284,54.24653439417456,1026.7172961644787,0.707817319829814,0.0025085701442856437,0.009874684470127655,0.7063220507894296
69.7,1825.4507185726409,3386.000356940892,81589.83085220844,26.30104258987848,54.246396321129,1025.7612774295199,0.7078169011050055,0.0025118501183177652,0.00989307715388991,0.7063222013667114
69.8,1828.0789946352697,3391.4249695399294,81692.28537481384,26.29109655706271,54.24626109546288,1024.8052686966346,0.7078165608867669,0.002515074432417628,0.009911010468285165,0.7063222794210351
69.9,1830.7072706978988,3396.849582138968,81794.65611542163,26.281150524246932,54.246125869796764,1023.8492646084501,0.7078162132477058,0.0025178499107305465,0.009928943775297242,0.7063223660418889
70.0,1833.335546760528,3402.2741947380055,81897.01502205881,26.271204491431156,54.24599064413065,1022.8932611763166,0.7078158638025531,0.0025205619948283947,0.009946877095008794,0.7063224542322951
70.10000000000001,1835.963822823157,3407.6988073370435,81999.373928696,26.26125845861538,54.24585541846453,1021.937257744183,0.7078155141242684,0.002523274079628142,0.009964810421573059,0.7063225421903075
70.2,1838.5888045239783,3413.123384938081,82101.51646554007,26.251353690679508,54.24572281691827,1020.9812648442552,0.7078152322495058,0.0025258029381476413,0.009982549428619938,0.7063225651372049
70.3,1841.2121229899385,3418.54793128933,82203.49299150828,26.241469182168693,54.24559255789566,1020.0252800252184,0.7078150240188226,0.002528291462203825,0.009999680105273622,0.7063225225867487
70.4,1843.835441455899,3423.97247764058,82305.38573765958,26.231584673657878,54.24546229887305,1019.069299111847,0.7078148097340021,0.0025303680839279985,0.010016810760792891,0.7063224871549542
70.5,1846.4587599218592,3429.3970239918294,82407.2666501483,26.221700165147055,54.24533203985044,1018.11331875014,0.7078145940338203,0.002532386526828197,0.010033941420513667,0.7063224529283962
70.60000000000001,1849.0820783878198,3434.821570343079,82509.14756263704,26.21181565663624,54.24520178082782,1017.1573383884328,0.707814378122942,0.0025344049695731736,0.010051072082326928,0.7063224184916397
70.7,1851.702122992336,3440.246082924121,82610.81211013526,26.201971881360805,54.24507381212962,1016.2013681276527,0.7078142248269742,0.0025363064337020564,0.010067690753713684,0.7063223286044068
70.8,1854.320514432434,3445.670565302816,82712.3106504425,26.192148126890988,54.24494769630391,1015.2454056168625,0.7078141380625299,0.0025381821164644322,0.010083593215637789,0.7063221819667022
70.9,1856.9389058725326,3451.095047681513,82813.72541281347,26.182324372421164,54.244821580478195,1014.2894465591792,0.7078140466039176,0.0025396867512100566,0.010099495646087756,0.7063220410047301
71.0,1859.5572973126307,3456.5195300602086,82915.1283417875,26.17250061795135,54.24469546465249,1013.3334879892375,0.7078139541103261,0.0025411389767839546,0.010115398073973197,0.7063219009072357
71.10000000000001,1862.1756887527292,3461.9440124389052,83016.53127076155,26.162676863481526,54.24456934882677,1012.3775294192956,0.707813861436218,0.002542591201815073,0.010131300500431742,0.7063217606296018
71.2,1864.7908265244835,3467.368462074877,83117.71783944244,26.152893112382475,54.24444516689198,1011.421581045419,0.7078138247834319,0.0025439869342237646,0.010146432862115765,0.7063215751172424
71.3,1867.4043210652405,3472.7928822801664,83218.73840453639,26.143129056822406,54.244322409974835,1010.4656404945274,0.7078138462197348,0.002545370176613945,0.01016077970000082,0.7063213424116376
71.4,1870.0178156059978,3478.2173024854574,83319.67519342259,26.13336500126233,54.24419965305769,1009.5097032178726,0.7078138643456995,0.002546427347389033,0.010175126499545087,0.7063211139053474
71.5,1872.6313101467545,3483.6417226907474,83420.600149156,26.12360094570226,54.24407689614054,1008.5537664036947,0.7078138818115491,0.0025474384611700383,0.010189473291538414,0.7063208859337193
71.60000000000001,1875.2448046875118,3489.066142896038,83521.52510488941,26.11383689014219,54.2439541392234,1007.5978295895167,0.7078138991309466,0.002548449574318373,0.010203820079925234,0.7063206578159738
71.7,1877.8550653703576,3494.490531230098,83622.23370504765,26.104112045483184,54.243832992313585,1006.6419023525586,0.7078139652517816,0.0025494580943226284,0.010217200270186187,0.7063203944929057
71.8,1880.4636925841257,3499.9148907315544,83722.7763052388,26.094406539726428,54.24371291811732,1005.6859824637736,0.707814080586604,0.0025504659706002174,0.010229759210434175,0.7063200934938563
71.9,1883.0723197978946,3505.339250233011,83823.23513073116,26.084701033969672,54.24359284392105,1004.7300653626602,0.7078141939106722,0.0025511931591773295,0.010242318108528062,0.7063197952994192
72.0,1885.680947011663,3510.7636097344675,83923.68212328384,26.074995528212916,54.24347276972478,1003.7741486552976,0.7078143069183572,0.002551880700697832,0.010254876995799873,0.7063194973412359
72.10000000000001,1888.2895742254316,3516.1879692359244,84024.12911583653,26.065290022456164,54.243352695528515,1002.818231947935,0.7078144198139686,0.0025525682416522237,0.010267435878486485,0.7063191992713124
72.2,1890.8949869836442,3521.612297600414,84124.35975718735,26.055622924314996,54.24323394825141,1001.8623235564435,0.7078145739474169,0.0025533066691206334,0.010278893604626629,0.7063188754938913
72.3,1893.4987758501277,3527.0365975979353,84224.42440192656,26.04597480053134,54.24311599045098,1000.9064215453482,0.7078147683139727,0.002554056206218087,0.010289524969158617,0.7063185232099195
72.4,1896.1025647166114,3532.460897595458,84324.40527328287,26.036326676747677,54.24299803265055,999.9505219908533,0.7078149618118255,0.0025545685133515007,0.010300156290377956,0.7063181724941165
72.5,1898.7063535830946,3537.8851975929797,84424.37431188539,26.026678552964018,54.24288007485012,998.9946227833465,0.707815155287852,0.0025550473114314084,0.010310787599030397,0.7063178217609676
72.60000000000001,1901.3101424495783,3543.3094975905024,84524.34335048794,26.01703042918036,54.24276211704969,998.0387235758395,0.7078153486835395,0.0025555261090662628,0.0103214189030657,0.7063174709478258
72.7,1903.9107358666329,3548.7337670513884,84624.09604184158,26.007419946872776,54.242645220451315,997.0828319333282,0.707815575729023,0.00255609022579253,0.010330873225261897,0.706317103160155
72.8,1906.5097147898277,3554.1580084884845,84723.68273961656,25.997828092477157,54.24252887882464,996.1269460950999,0.7078158342371341,0.0025566730256277007,0.010339523367873887,0.7063167154207489
72.9,1909.108693713023,3559.5822499255814,84823.1856652033,25.98823623808154,54.24241253719797,995.1710625727405,0.7078160928465307,0.0025570596181592677,0.010348173468013111,0.7063163281840911
73.0,1911.707672636218,3565.006491362678,84922.67675820501,25.978644383685925,54.2422961955713,994.2151793774912,0.7078163516769256,0.002557418495773757,0.010356823555002143,0.7063159407200541
73.10000000000001,1914.3066515594132,3570.430732799775,85022.16785120673,25.969052529290305,54.24217985394463,993.2592961822418,0.7078166104540173,0.002557777373061951,0.01036547363798152,0.7063155532030682
73.2,1916.9024536769953,3575.854944168376,85121.44260069891,25.959497630366617,54.242064316786724,992.3034202433647,0.7078168955817693,0.0025582473623096086,0.0103729203400805,0.7063151564443724
73.3,1919.4966505349444,3581.2791277418864,85220.5513594815,25.949961049499894,54.24194912686794,991.3475498719778,0.7078172039524507,0.002558741710511823,0.01037960580134453,0.7063147474130796
73.4,1922.0908473928937,3586.7033113153975,85319.57634718271,25.94042446863317,54.24183393694915,990.3916816487512,0.7078175132500829,0.0025590780452473413,0.010386291221926407,0.7063143379619874
73.5,1924.6850442508428,3592.1274948889077,85418.58950245519,25.930887887766445,54.24171874703036,989.4358137289462,0.7078178229701358,0.0025593920596704922,0.010392976629426804,0.7063139281048354
73.60000000000001,1927.2792411087921,3597.551678462419,85517.60265772768,25.921351306899723,54.24160355711158,988.4799458091412,0.7078181326581762,0.00255970607385623,0.010399662033859516,0.7063135182160182
73.7,1929.870279479402,3602.9758323126953,85616.39947293478,25.911851063859864,54.24148894483222,987.5240843211158,0.7078184619041119,0.002560153610882251,0.010405157658754568,0.7063131057082846
73.8,1932.4597216769157,3608.399958497551,85715.03030007478,25.902368857576658,54.241374506895674,986.5682277679073,0.7078188069335518,0.00256063043820638,0.010409949535223437,0.706312687606273
73.9,1935.04916387443,3613.8240846824074,85813.57735712288,25.892886651293452,54.24126006895914,985.6123730565519,0.7078191535642365,0.0025609838337987086,0.010414741373359302,0.7063122683144736
74.0,1937.6386060719437,3619.248210867263,85912.11258188201,25.883404445010246,54.2411456310226,984.656518605353,0.7078195007764534,0.0025613197935087724,0.010419533198863315,0.7063118484702102
74.10000000000001,1940.2280482694578,3624.6723370521195,86010.64780664115,25.87392223872704,54.24103119308605,983.700664154154,0.7078198479719975,0.0025616557530327446,0.010424325022323376,0.7063114286095974
74.2,1942.8143499983698,3630.0964337522755,86108.96669432549,25.864475827595506,54.24091715457515,982.7448153019875,0.7078202085153842,0.002562143474390542,0.010427976536941514,0.7063110116254735
74.3,1945.3990645041179,3635.520502840312,86207.11959623729,25.855047205248617,54.24080317158599,981.7889707457085,0.7078205782014284,0.0025626644997196724,0.010430993677698874,0.7063105947075644
74.4,1947.983779009866,3640.944571928349,86305.18872893939,25.84561858290173,54.240689188596825,980.8331278534286,0.7078209499967102,0.0025630929323505634,0.010434010783049013,0.7063101759987279
74.5,1950.568493515614,3646.368641016385,86403.24602947716,25.83618996055484,54.240575205607655,979.877285196184,0.7078213224858882,0.002563508284923573,0.010437027876483535,0.7063097566285678
74.60000000000001,1953.1532080213624,3651.7927101044224,86501.30333001495,25.82676133820795,54.24046122261849,978.9214425389391,0.7078216949681521,0.0025639236373309914,0.010440044968793702,0.7063093372517766
74.7,1955.7347998278944,3657.2167498657623,86599.14429618338,25.817368080397245,54.24034750077563,977.9656050578644,0.7078220752121845,0.0025645033236645774,0.01044200059720259,0.7063089251797317
74.8,1958.314813247443,3662.640762019064,86696.81927865508,25.80799241462497,54.2402337596297,977.0097715482339,0.7078224587948732,0.002565119082072246,0.010443399843533268,0.7063085178513585
74.9,1960.8948266669915,3668.064774172366,86794.41049273309,25.79861674885269,54.24012001848378,976.0539396317428,0.707822844851297,0.0025656695874475923,0.01044479905751605,0.7063081082777068
75.0,1963.4748400865399,3673.488786325668,86891.98987476202,25.78924108308042,54.24000627733786,975.0981079402782,0.7078232316751185,0.0025662108743524847,0.010446198260346519,0.7063076979650196
75.10000000000001,1966.0548535060884,3678.91279847897,86989.56925679096,25.779865417308137,54.239892536191945,974.1422762488136,0.7078236184970115,0.0025667521610964255,0.01044759746275114,0.7063072876506351
75.2,1968.6317618449184,3684.3367814104954,87086.93230699646,25.770524819677597,54.23977894684353,973.1864495733025,0.7078240082102062,0.0025674626513660114,0.010448026679479593,0.7063068881692128
75.3,1971.207100563181,3689.760736711346,87184.12937545858,25.76120167753875,54.23966528763428,972.2306267463086,0.7078243963107356,0.0025682102900002556,0.010447978348536176,0.7063064972316747
75.4,1973.782439281444,3695.1846920121975,87281.24267626624,25.751878535399904,54.23955162842505,971.2748053139602,0.7078247871579906,0.002568916546781923,0.010447929987756281,0.7063061036912339
75.5,1976.357777999707,3700.6086473130476,87378.34414512925,25.74255539326105,54.239437969215814,970.3189840786016,0.7078251788239733,0.0025696169567903703,0.01044788161637152,0.706305709350587
75.60000000000001,1978.93311671797,3706.0326026138987,87475.44561399225,25.733232251122203,54.239324310006566,969.363162843243,0.7078255704893035,0.0025703173666446646,0.010447833244988887,0.7063053150094594
75.7,1981.505367839867,3711.456528750531,87572.33075334411,25.7239439295605,54.23921071662473,968.4073459495013,0.7078259608449432,0.0025711942642468347,0.01044691542587341,0.7063049341977397
75.8,1984.0760580454462,3716.880427214764,87669.04991272672,25.714672948293313,54.23909702061785,967.4515323868883,0.7078263454352388,0.0025721099143221774,0.010445597996281489,0.7063045649299476
75.9,1986.6467482510254,3722.304325678997,87765.68530510728,25.705401967026123,54.238983324610956,966.495720035604,0.7078267329440401,0.0025730047184693715,0.010444280539161925,0.7063041928096595
76.0,1989.2174384566047,3727.72822414323,87862.30886563534,25.696130985758934,54.23886962860407,965.5399078554166,0.707827121297077,0.0025738965764922567,0.010442963071859922,0.706303819850202
76.10000000000001,1991.7881286621841,3733.1521226074633,87958.9324261634,25.686860004491745,54.238755932597186,964.584095675229,0.707827509648063,0.002574788434383735,0.010441645604711848,0.7063034468888038
76.2,1994.3557486341197,3738.5759919260718,88055.33965922476,25.677623644364708,54.23864223956444,963.6282872931919,0.7078278931575547,0.0025758595335665688,0.0104395681023342,0.7063030893558639
76.3,1996.9218163376063,3743.9998335184455,88151.58091388544,25.668404531420776,54.238528430112815,962.6724818253056,0.7078282675353391,0.0025769699936512547,0.010437167801543665,0.7063027455927483
76.4,1999.4878840410934,3749.42367511082,88247.73840213064,25.65918541847684,54.2384146206612,961.7166774786108,0.7078286448991261,0.002578077067625667,0.010434767475534356,0.7063023988396412
76.5,2002.05395174458,3754.847516703194,88343.88405860616,25.64996630553291,54.238300811209584,960.7608732902813,0.707829023105749,0.002579183661697282,0.010432367139712807,0.7063020512335091
76.60000000000001,2004.620019448067,3760.2713582955685,88440.0297150817,25.64074719258898,54.23818700175796,959.8050691019517,0.7078294013072193,0.002580290255689468,0.010429966803947354,0.7063017036222753
76.7,2007.1830341906284,3765.6951707326843,88535.95904593781,25.63156255759572,54.238073151905496,958.8492684581437,0.7078297717358562,0.0025815741185907983,0.010426921497527714,0.7063013726643326
76.80000000000001,2009.744505270559,3771.11895538523,88631.72239981058,25.62239510237184,54.237959185721905,957.8934705338885,0.707830130356335,0.0025828969126287845,0.01042362816312836,0.7063010570423841
76.9,2012.3059763504896,3776.5427400377744,88727.40198781645,25.613227647147962,54.2378452195383,956.9376736875466,0.7078304919500499,0.0025842309298585277,0.010420334805699157,0.7063007383818799
77.0,2014.86744743042,3781.966524690319,88823.06974413016,25.604060191924084,54.23773125335471,955.9818769934569,0.7078308543655183,0.0025855665308400964,0.010417041438754064,0.7063004188739791
77.10000000000001,2017.4289185103507,3787.3903093428644,88918.73750044388,25.594892736700206,54.23761728717111,955.026080299367,0.7078312167718934,0.0025869021318323192,0.010413748071566692,0.7063000993569823
77.2,2019.987353854949,3792.8140648142034,89014.18893288333,25.585759718836254,54.2375032613053,954.0702870569488,0.7078315689085042,0.002588409759032631,0.010409924478194301,0.7062997972984301
77.30000000000001,2022.5442541199502,3798.2377924458283,89109.4743896785,25.576643859177963,54.237389133513076,953.1144964628438,0.7078319070316472,0.0025899551694108813,0.01040592401322466,0.7062995117268545
77.4,2025.101154384951,3803.661520077452,89204.67608109569,25.567527999519676,54.23727500572086,952.1587067725644,0.7078322480637919,0.002591523948016297,0.010401923527178634,0.7062992231282152
77.5,2027.658054649952,3809.0852477090766,89299.86594088981,25.55841213986139,54.23716087792864,951.2029172099479,0.7078325898851557,0.002593096026009548,0.010397923031817876,0.7062989337002409
77.60000000000001,2030.214954914953,3814.508975340701,89395.05580068393,25.5492962802031,54.23704675013641,950.2471276473312,0.707832931693342,0.0025946681041469836,0.010393922535772777,0.7062986442590401
77.7,2032.7688366577895,3819.9326737600704,89490.02933818096,25.54021484266797,54.23693255790557,949.2913410270276,0.7078332612320721,0.002596405293364483,0.010389499552425728,0.7062983726954011
77.80000000000001,2035.3211918968764,3825.3563442956815,89584.83690124373,25.53115055345768,54.23681828887813,948.335556664229,0.7078335750661137,0.0025981787500802427,0.01038496407743042,0.706298118358967
77.9,2037.873547135963,3830.7800148312913,89679.56069935657,25.5220862642474,54.2367040198507,947.3797730955389,0.707833891703597,0.0025999855587247075,0.010380428583062422,0.706297861056698
78.0,2040.4259023750496,3836.2036853669015,89774.27266590677,25.51302197503711,54.23658975082326,946.4239896390146,0.7078342090894398,0.002601797077159282,0.010375893079512588,0.7062976029532444
78.10000000000001,2042.9782576141365,3841.627355902512,89868.98463245698,25.503957685826826,54.23647548179583,945.46820618249,0.7078345264583481,0.0026036085959162828,0.010371357574749798,0.7062973448327708
78.2,2045.5276115389688,3847.05099719424,89963.48027809864,25.494927820144195,54.2363611514012,944.5124253007797,0.7078348300527908,0.0026055776448170023,0.010366500783265833,0.7062971046173021
78.30000000000001,2048.07544753214,3852.4746105713853,90057.80995037145,25.485915100774804,54.23624677210154,943.556646394609,0.7078351167707609,0.002607581298555839,0.010361589197533848,0.7062968819520556
78.4,2050.6232835253104,3857.8982239485294,90152.05585808208,25.476902381405413,54.23613239280188,942.6008682376264,0.7078354061504402,0.0026096262714915375,0.01035667759406899,0.7062966564268706
78.5,2053.171119518481,3863.3218373256736,90246.28993428484,25.467889662036022,54.23601801350222,941.6450901864644,0.7078356962298937,0.002611677079852315,0.010351765981564901,0.706296430138674
78.60000000000001,2055.718955511652,3868.745450702819,90340.52401048763,25.458876942666627,54.23590363420256,940.6893121353022,0.7078359862892861,0.0026137278887562163,0.010346854367287344,0.7062962038303048
78.7,2058.263807405788,3874.169034805566,90434.54176703653,25.449898668676525,54.23578919776397,939.7335364960526,0.7078362614728289,0.0026159281130545245,0.010341715836364512,0.7062959951591374
78.80000000000001,2060.8071499423563,3879.5925909737953,90528.39355117922,25.440937548394682,54.23567473414583,938.7777627073555,0.7078365190209244,0.0026181611617905045,0.0103365739718583,0.7062958040445912
78.9,2063.3504924789245,3885.0161471420233,90622.16157111907,25.43197642811284,54.23556027052769,937.8219896166725,0.7078367790600308,0.002620441658527227,0.010331432091265082,0.7062956102131592
79.0,2065.8938350154926,3890.439703310252,90715.9177596018,25.423015307831,54.23544580690955,936.8662166245821,0.7078370397442402,0.002622728856689321,0.010326290201827128,0.7062954156655152
79.10000000000001,2068.4371775520613,3895.863259478481,90809.67394808453,25.414054187549162,54.23533134329141,935.9104436324916,0.7078373004060582,0.002625016055653685,0.010321148310070092,0.7062952210953526
79.2,2070.9775537205214,3901.2867863465162,90903.2138182897,25.40512755930362,54.23521683803597,934.9546729899573,0.7078375453494848,0.0026274438216389276,0.01031586634882445,0.7062950437558325
79.30000000000001,2073.5164294943047,3906.710285272725,90996.58771714466,25.396218103081665,54.23510233516016,933.9989041501324,0.7078377721481974,0.002629902470435797,0.010310626892882422,0.7062948838171973
79.4,2076.055305268087,3912.133784198933,91089.87785211539,25.387308646859708,54.234987832284354,933.0431358986344,0.7078380012547378,0.002632413289977413,0.01030538742241505,0.7062947213239261
79.5,2078.59418104187,3917.5572831251407,91183.15615567398,25.378399190637754,54.23487332940854,932.0873677302359,0.707838230950259,0.0026349314783737205,0.010300147943334108,0.7062945581651168
79.60000000000001,2081.1330568156527,3922.980782051349,91276.43445923258,25.369489734415797,54.23475882653274,931.1315995618373,0.7078384606219118,0.002637449667865234,0.010294908461439815,0.7062943949823065
79.7,2083.668983314759,3928.4042516619356,91369.49644550662,25.360614830608224,54.23464430594526,930.175833314669,0.7078386740368633,0.002640099114451163,0.010289606606835717,0.7062942484618416
79.80000000000001,2086.2034178833933,3933.827693340791,91462.3924611923,25.351757124335094,54.23452982463254,929.2200685415747,0.7078388690733433,0.002642777400811564,0.010284386909618132,0.7062941190060082
79.9,2088.7378524520273,3939.251135019645,91555.20471327382,25.342899418061968,54.23441534331982,928.2643042915406,0.7078390662289314,0.0026455113936553316,0.010279167199269504,0.7062939871691604
80.0,2091.272287020661,3944.6745766984995,91648.00513398278,25.334041711788842,54.234300862007096,927.3085401153872,0.7078392639181769,0.0026482532551438858,0.010273947480565943,0.7062938547188675
80.10000000000001,2093.806721589295,3950.098018377355,91740.80555469175,25.325184005515716,54.234186380694375,926.3527759392338,0.7078394615828842,0.0026509951180493487,0.010268727758631711,0.7062937222439087
80.2,2096.3382263412,3955.521430733012,91833.38965891418,25.316360926972845,54.23407190883847,925.3970134987861,0.7078396426528237,0.002653859117752626,0.010263523234645472,0.7062936056709828
80.30000000000001,2098.8682486519565,3960.944815183555,91925.80779316054,25.307555078181274,54.233957513648114,924.4412523900676,0.70783980533669,0.002656749955371474,0.010258438195173039,0.7062935056379801
80.4,2101.3982709627126,3966.3681996340965,92018.1421640585,25.2987492293897,54.23384311845776,923.4854917780837,0.7078399699477097,0.0026596988503548784,0.010253353143999897,0.7062934034066544
80.5,2103.9282932734686,3971.791584084638,92110.46470362003,25.289943380598128,54.233728723267404,922.5297312362619,0.7078401350373098,0.0026626559464346475,0.010248268084825127,0.7062933006159235
80.60000000000001,2106.4583155842256,3977.2149685351806,92202.78724318158,25.281137531806557,54.23361432807705,921.5739706944402,0.7078403001024938,0.0026656130442747885,0.010243183022109593,0.7062931978006624
80.7,2108.9854245422903,3982.6383236733295,92294.89346708098,25.272366376416628,54.2334999587712,920.6182118076553,0.7078404485515352,0.0026686835100635607,0.010238167352316712,0.7062931101546657
80.80000000000001,2111.5110592746128,3988.0616509500987,92386.83372163685,25.263612478736775,54.2333856840139,919.6624541907062,0.7078405788461346,0.0026717788888790707,0.010233296371045978,0.7062930384632999
80.9,2114.0366940069343,3993.484978226867,92478.69021307815,25.254858581056922,54.2332714092566,918.7066970210572,0.7078407108740136,0.0026749336689540037,0.010228425379572824,0.706292964762847
81.0,2116.5623287392564,3998.9083055036353,92570.53487321606,25.24610468337707,54.23315713449931,917.7509399145881,0.7078408433254849,0.0026780968403579057,0.010223554380546977,0.706292890558448
81.10000000000001,2119.0879634715784,4004.331632780404,92662.37953335399,25.237350785697217,54.23304285974202,916.7951828081187,0.7078409757531555,0.002681260013881927,0.010218683377772028,0.7062928163301561
81.2,2121.6107011350855,4009.7549307656373,92754.00787864525,25.22863165113386,54.232928633169806,915.8394273110276,0.7078410916654045,0.0026845279492293773,0.010213927306012161,0.706292756545475
81.30000000000001,2124.131972724305,4015.1782009434564,92845.47025521868,25.219929804128057,54.232814524857744,914.8836730487402,0.7078411897429587,0.0026878189084808997,0.010209336327614947,0.706292712113425
81.4,2126.653244313524,4020.6014711212756,92936.84886891037,25.211227957122258,54.23270041654568,913.927919148829,0.7078412893538515,0.0026911699962163427,0.010204745340344098,0.7062926658705069
81.5,2129.1745159027428,4026.0247412990943,93028.21565133154,25.202526110116455,54.232586308233614,912.9721653001022,0.7078413893338604,0.002694529578417414,0.010200154346016172,0.7062926191795995
81.60000000000001,2131.6957874919617,4031.448011476914,93119.58243375273,25.193824263110656,54.23247219992155,912.0164114513756,0.7078414892910289,0.0026978891631102104,0.010195563347833753,0.7062925724657892
81.7,2134.2141790465294,4036.8712523941686,93210.73290205645,25.185157228293974,54.23235816233638,911.0606589243273,0.7078415729071833,0.0027013449115936795,0.01019112902933892,0.7062925394544819
81.80000000000001,2136.7311130144885,4042.2944655710717,93301.7174022018,25.176507502304403,54.23224427125928,910.1049074113439,0.7078416390701886,0.002704821796640471,0.010186877624596778,0.7062925211707533
81.9,2139.2480469824477,4047.7176787479734,93392.61813962889,25.167857776314833,54.23213038018218,909.1491562338605,0.7078417065915837,0.002708358754285859,0.010182626212370866,0.7062925012526973
82.0,2141.764980950407,4053.1408919248756,93483.50704580854,25.159208050325258,54.23201648910508,908.1934051037657,0.7078417744338349,0.0027119041989189237,0.010178374793645603,0.7062924809372786
82.10000000000001,2144.281914918366,4058.5641051017783,93574.39595198819,25.150558324335687,54.23190259802797,907.2376539736707,0.7078418422544472,0.002715449646422277,0.01017412337106688,0.7062924606001951
82.2,2146.7959861512036,4063.9872890606257,93665.06854465877,25.14194346806365,54.23178880486325,906.2819040070946,0.7078418941310738,0.0027190831712179545,0.010170063391261764,0.7062924531030041
82.30000000000001,2149.3086084038496,4069.41044536079,93755.57516963777,25.133345945595057,54.231675190377516,905.3261549332342,0.7078419291589384,0.002722736056969845,0.010166199334877005,0.7062924595548221
82.4,2151.821230656495,4074.8336016609533,93845.9980320484,25.124748423126462,54.23156157589178,904.370406184627,0.7078419653783051,0.0027264482953420575,0.010162335272387125,0.7062924645434657
82.5,2154.333852909141,4080.2567579611164,93936.40906323279,25.116150900657868,54.23144796140605,903.4146574819608,0.7078420018729021,0.0027301689194177987,0.010158471204021996,0.7062924691832916
82.60000000000001,2156.846475161787,4085.6799142612804,94026.82009441717,25.10755337818927,54.23133434692031,902.4589087792947,0.7078420383471633,0.0027338895467418703,0.010154607131909394,0.7062924738027977
82.7,2159.3562520898545,4091.103041395905,94117.01481266337,25.098990787019265,54.23122084492628,901.5031611740994,0.7078420592441883,0.0027376908537131077,0.010150963812157054,0.7062924905075948
82.80000000000001,2161.8645886935055,4096.526140963442,94207.04356365597,25.09044555640784,54.23110753234516,900.5474144109445,0.7078420638336108,0.0027415098975272943,0.010147526607456445,0.7062925204863827
82.9,2164.372925297156,4101.949240530979,94296.98855222229,25.08190032579641,54.23099421976404,899.5916679240075,0.7078420694539838,0.0027453873200948215,0.010144089398020703,0.7062925491677292
83.0,2166.8812619008067,4107.372340098516,94386.9217095824,25.073355095184986,54.23088090718292,898.6359214760855,0.7078420753060498,0.0027492729912156786,0.010140652183396631,0.7062925775468261
83.10000000000001,2169.389598504458,4112.795439666054,94476.85486694254,25.064809864573558,54.230767594601794,897.6801750281634,0.707842081139071,0.002753158665961375,0.010137214965227702,0.7062926059069412
83.2,2171.895103084809,4118.218510130496,94566.57171191255,25.056299609228162,54.23065440688299,896.7244296424155,0.7078420718303265,0.0027571181386056827,0.010134014231378479,0.706292645722776
83.30000000000001,2174.399174182644,4123.641553126729,94656.12259004948,25.0478067334776,54.230541418293186,895.7686850716262,0.7078420467599909,0.0027610938374331,0.010131023767109266,0.7062926982185772
83.4,2176.903245280478,4129.064596122962,94745.58970588371,25.039313857727038,54.23042842970337,894.8129407296374,0.7078420225691746,0.0027651268202032457,0.010128033299446738,0.706292749573669
83.5,2179.4073163783123,4134.487639119196,94835.04499052923,25.030820981976476,54.23031544111357,893.8571964199658,0.7078419985691264,0.002769167897287192,0.010125042827320766,0.7062928006702082
83.60000000000001,2181.911387476147,4139.910682115429,94924.50027517475,25.022328106225913,54.23020245252376,892.9014521102941,0.7078419745511623,0.0027732089783705028,0.010122052351927466,0.7062928517489461
83.7,2184.412645793034,4145.333696074132,95013.7392477751,25.013870269784526,54.23008960959641,891.9457087313488,0.7078419357570194,0.002777317272282826,0.010119324734394624,0.7062929135701735
83.80000000000001,2186.9124798123175,4150.756682668411,95102.81225380706,25.005429841192782,54.22997698459715,890.9899660665077,0.7078418817258266,0.00278144034666082,0.010116815875655924,0.7062929874357928
83.9,2189.4123138316004,4156.179669262689,95191.80149764758,24.996989412601042,54.22986435959788,890.0342236118555,0.7078418284354132,0.00278561932176831,0.01011430701480756,0.7062930603055757
84.0,2191.9121478508837,4161.6026558569665,95280.7789103151,24.988548984009302,54.229751734598615,889.0784811868916,0.7078417752986045,0.0027898061962010755,0.01011179815026033,0.7062931329566188
84.10000000000001,2194.411981870167,4167.025642451245,95369.75632298262,24.98010855541756,54.22963910959935,888.1227387619277,0.70784172214487,0.0027939930750010807,0.01010928928281533,0.706293205590906
84.2,2196.909022928417,4172.448600083535,95458.5174241371,24.971703202069136,54.22952664847519,887.1669971114094,0.7078416546840962,0.0027982409660452104,0.010107061978461009,0.7062932882590208
84.30000000000001,2199.404649583464,4177.87153046476,95547.11255913146,24.96331527234225,54.22941442598762,886.2112560550883,0.707841572585178,0.0028025022761772357,0.0101050579847787,0.7062933823166253
84.4,2201.9002762385107,4183.294460845986,95635.62393203856,24.954927342615367,54.22930220350005,885.2555151999646,0.7078414910871897,0.002806817705184194,0.010103053990411419,0.7062934755255075
84.5,2204.395902893557,4188.71739122721,95724.12347378735,24.94653941288848,54.229189981012475,884.2997743732597,0.7078414097047928,0.002811140782216105,0.010101049993203187,0.7062935685560708
84.60000000000001,2206.891529548604,4194.140321608436,95812.62301553614,24.938151483161597,54.2290777585249,883.3440335465544,0.7078413283062231,0.0028154638639741004,0.01009904599354503,0.7062936615706902
84.7,2209.3843813594453,4199.563223112362,95900.90624621186,24.929798663555925,54.22896571284423,882.3882934126876,0.7078412331508898,0.002819842339478783,0.010097333761240668,0.7062937639477799
84.80000000000001,2211.875827852682,4204.986097486925,95989.023511065,24.921463282870697,54.228853917570454,881.4325538104043,0.7078411240085465,0.0028242330003685526,0.010095845159877105,0.7062938770659032
84.9,2214.3672743459183,4210.408971861488,96077.05701392055,24.913127902185472,54.228742122296694,880.4768143729927,0.7078410153578212,0.002828675917038971,0.01009435655895685,0.706293989451578
85.0,2216.8587208391546,4215.83184623605,96165.07868563046,24.904792521500244,54.22863032702293,879.5210749588688,0.7078409067937672,0.0028331262189305443,0.010092867955991486,0.7062941016896771
85.10000000000001,2219.3501673323913,4221.254720610613,96253.10035734039,24.896457140815016,54.22851853174916,878.5653355447448,0.7078407982139833,0.0028375765258960915,0.010091379351085512,0.7062942139123352
85.2,2221.8388564027205,4226.677566197978,96340.90571832457,24.88815690986328,54.22840691960313,877.6095967933759,0.7078406764029322,0.002842076403510255,0.010090188573625434,0.7062943349098196
85.30000000000001,2224.326148829768,4232.100384781062,96428.54511375271,24.879874135236623,54.228295557685534,876.6538585505091,0.7078405412057369,0.0028465871881209488,0.010089220206954762,0.7062944660710329
85.4,2226.813441256815,4237.523203364144,96516.10074725731,24.871591360609973,54.22818419576794,875.698120440104,0.7078404064026814,0.002851148410647642,0.010088251841788189,0.7062945966034314
85.5,2229.3007336838623,4242.946021947226,96603.64454962673,24.86330858598332,54.22807283385034,874.7423823484089,0.7078402716606098,0.002855716761963563,0.01008728347537969,0.7062947270150732
85.60000000000001,2231.78802611091,4248.368840530309,96691.18835199616,24.855025811356665,54.227961471932744,873.7866442567135,0.7078401369029156,0.0028602851186896572,0.010086315107590824,0.7062948574114438
85.7,2234.2725789903893,4253.791630434284,96778.51584399317,24.846778228100952,54.22785030516097,872.8309067573897,0.7078399894422185,0.0028648987085932113,0.01008564733118427,0.7062949960319276
85.80000000000001,2236.7557442329326,4259.214393481505,96865.67737070519,24.838548119581322,54.227739396221054,871.8751697125658,0.7078398291802578,0.0028695222531575464,0.010085199345323283,0.7062951442720439
85.9,2239.238909475476,4264.637156528724,96952.75513554015,24.830318011061696,54.22762848728114,870.9194327932388,0.7078396692292974,0.0028741948489472754,0.01008475136215392,0.7062952919702159
86.0,2241.7220747180186,4270.059919575943,97039.82106924649,24.822087902542066,54.22751757834122,869.9636958916379,0.7078395093161394,0.0028788743779860843,0.010084303378587785,0.7062954395709853
86.10000000000001,2244.2052399605623,4275.482682623163,97126.88700295286,24.81385779402244,54.227406669401304,869.0079589900369,0.7078393493871071,0.0028835539127620453,0.010083855394242988,0.706295587156296
86.2,2246.6856830043453,4280.905417087915,97213.73662652455,24.805662901311482,54.2272959674584,868.0522225595535,0.7078391772782321,0.002888274695189016,0.010083707899888604,0.7062957424580374
86.30000000000001,2249.1647469787695,4286.328124821918,97300.4202849937,24.797485494259792,54.22718553509396,867.0964864905372,0.7078389929427904,0.002893004557108626,0.010083776146233209,0.7062959068641144
86.4,2251.6438109531928,4291.750832555921,97387.02018166102,24.78930808720811,54.22707510272951,866.1407505351401,0.7078388088265418,0.0028977810864801844,0.010083844396276156,0.7062960708272339
86.5,2254.122874927616,4297.173540289923,97473.60824721033,24.781130680156423,54.226964670365064,865.1850145957914,0.7078386247239967,0.0029025642127133654,0.010083912646761437,0.7062962347171082
86.60000000000001,2256.6019389020403,4302.596248023927,97560.19631275965,24.772953273104733,54.22685423800061,864.2292786564424,0.7078384406049757,0.002907347344998718,0.010083980897102662,0.7062963985909873
86.7,2259.0782980438876,4308.018927275597,97646.56806836776,24.76481108842831,54.2267440210121,863.2735431434561,0.7078382448465976,0.002912167920683798,0.010084347403251884,0.7062965696843927
86.80000000000001,2261.553286677549,4313.441579925742,97732.77385902176,24.756686392359235,54.226634084694865,862.3178079575986,0.7078380374493249,0.0029169967404128654,0.01008492439375791,0.7062967493694676
86.9,2264.0282753112097,4318.864232575887,97818.89588793243,24.748561696290164,54.22652414837763,861.3620728630196,0.7078378301910662,0.0029218699310932083,0.010085501388965913,0.7062969286980103
87.0,2266.5032639448705,4324.286885226033,97905.00608573337,24.740437000221096,54.2264142120604,860.4063377813335,0.7078375828781598,0.0029267492289740907,0.010091685606927612,0.7062970680144198
87.10000000000001,2268.9782525785313,4329.709537876179,97991.11628353434,24.732312304152025,54.22630427574315,859.4506026996472,0.7078373221502976,0.002931628477168571,0.010099740107663749,0.7062971939455269
87.2,2271.4505563639786,4335.13216215283,98077.01017159662,24.72422284800086,54.22619455145529,858.4948680234822,0.7078370525133032,0.0029365418309080845,0.010107772692412583,0.7062973288513509
87.30000000000001,2273.9214994080967,4340.554759964322,98162.7380948602,24.71615088823399,54.22608509771506,857.5391336584554,0.7078367729498988,0.0029414626979578007,0.010115840960380958,0.7062974730371999
87.4,2276.3924424522143,4345.977357775814,98248.38225642157,24.70807892846712,54.22597564397482,856.5833993605288,0.7078364934110528,0.00294642584221738,0.010123909241720505,0.7062976168952902
87.5,2278.863385496332,4351.399955587305,98334.01458687903,24.70000696870025,54.22586619023458,855.6276650720798,0.7078362138001498,0.002951394963043256,0.010131977532851378,0.7062977606732973
87.60000000000001,2281.33432854045,4356.822553398798,98419.6469173365,24.69193500893338,54.22575673649435,854.6719307836307,0.707835934125282,0.0029563640896193705,0.01014004583283884,0.7062979043879904
87.7,2283.802603527733,4362.245122941514,98505.06293825425,24.683898310871758,54.225647498980955,853.7161968863219,0.7078356459262416,0.002961364185837424,0.010148101190192816,0.7062980565742571
87.80000000000001,2286.2695261478148,4367.667666151724,98590.31299452593,24.675879118857285,54.22553853204414,852.7604632891172,0.7078353482492663,0.00296637110671703,0.010156194294510342,0.7062982175602237
87.9,2288.736448767896,4373.090209361935,98675.4792891298,24.66785992684281,54.22542956510732,851.8047297452441,0.7078350505339371,0.002971418021345996,0.010164287412797818,0.7062983782877823
88.0,2291.2033713879778,4378.5127525721455,98760.63375263462,24.659840734828336,54.225320598170505,850.8489962089038,0.7078347527298755,0.0029764705903065,0.010172380541372691,0.7062985389513292
88.10000000000001,2293.6702940080595,4383.935295782358,98845.78821613942,24.651821542813863,54.225211631233684,849.8932626725637,0.7078344548609274,0.0029815231653286646,0.010180473679164446,0.7062986995507042
88.2,2296.134565118144,4389.357810832607,98930.72637027048,24.64383763498976,54.22510288890963,848.9375294163885,0.7078341488378384,0.002986603782354781,0.010188561744984696,0.7062988681474922
88.30000000000001,2298.597492132828,4394.780299686554,99015.49855988278,24.635871243319713,54.22499442334525,847.9817963751715,0.7078338337673669,0.0029916905811199685,0.010196688951110783,0.706299045090741
88.4,2301.0604191475113,4400.2027885405005,99100.18698785074,24.627904851649667,54.22488595778086,847.0260633841203,0.7078335186074483,0.002996815502857309,0.010204816171828982,0.7062992218313284
88.5,2303.5233461621947,4405.625277394446,99184.86358472296,24.619938459979615,54.22477749221648,846.0703304001548,0.707833203344652,0.0030019458149695773,0.010212943403319427,0.7062993985210614
88.60000000000001,2305.986273176879,4411.047766248393,99269.54018159519,24.61197206830957,54.224669026652094,845.1145974161893,0.7078328880159713,0.003007076133444668,0.010221070644384773,0.7062995751456882
88.7,2308.4463024106417,4416.470227055526,99353.89231465002,24.604043942821868,54.22456078999616,844.1588647904596,0.7078325646569967,0.0030122317856282957,0.010229200272238441,0.7062997595444576
88.80000000000001,2310.9047939356897,4421.892661806308,99437.9955011133,24.596135620581162,54.22445283567619,843.2031324395879,0.7078322324917583,0.0030173930241614915,0.010237370120721278,0.7062999520303556
88.9,2313.363285460737,4427.315096557089,99522.01492595079,24.58822729834046,54.22434488135622,842.2474001276785,0.7078319001927701,0.0030225905644832305,0.010245539984367193,0.7063001443622964
89.0,2315.8217769857847,4432.737531307871,99606.02251969515,24.580318976099754,54.224236927036245,841.2916678212724,0.7078315677785366,0.003027793238210121,0.01025370985924054,0.7063003366546049
89.10000000000001,2318.2802685108327,4438.159966058653,99690.03011343951,24.572410653859045,54.22412897271628,840.3359355148663,0.7078312352973508,0.0030329959185837673,0.010261879744034728,0.706300528880804
89.2,2320.736146302678,4443.582372876303,99773.82139816952,24.564537612312805,54.22402124675207,839.3802034206337,0.7078308954387905,0.0030382215780712122,0.010270059018862457,0.7063007281319421
89.30000000000001,2323.1906995849863,4449.004753778784,99857.4467186565,24.556682085567058,54.22391380387709,838.4244714891922,0.707830547415471,0.0030434523073932657,0.01027827953232891,0.7063009348099595
89.4,2325.6452528672944,4454.427134681264,99940.98827753076,24.548826558821315,54.22380636100209,837.4687395784171,0.7078301992188808,0.003048717588924892,0.010286500061476083,0.7063011413776052
89.5,2328.0998061496025,4459.849515583744,100024.51800531373,24.540971032075568,54.2236989181271,836.5130076705609,0.7078298508961433,0.0030539877569997547,0.01029472060229557,0.7063013479152113
89.60000000000001,2330.5543594319106,4465.271896486225,100108.04773309673,24.533115505329825,54.22359147525211,835.5572757627046,0.7078295025053194,0.0030592579320020147,0.010302941153392283,0.7063015543856371
89.7,2333.006316583653,4470.694249567931,100191.36115196846,24.525295266648033,54.22348425449848,834.601544061084,0.7078291470580342,0.0030645490767770146,0.010311176519655949,0.7063017674852812
89.80000000000001,2335.4569579666527,4476.116576872531,100274.5086066763,24.517492546098303,54.22337730481185,833.6458125176983,0.7078287838143864,0.003069844850047135,0.010319453636478258,0.7063019876321232
89.9,2337.9075993496517,4481.5389041771305,100357.57229978035,24.50968982554857,54.223270355125216,832.6900809880664,0.7078284203628079,0.0030751734595399092,0.010327730769436575,0.7063022077071825
90.0,2340.3582407326508,4486.96123148173,100440.62416179439,24.501887104998836,54.223163405438584,831.7343494603772,0.7078280567756562,0.003080506713447122,0.010336007914490311,0.7063024277602182
90.10000000000001,2342.80888211565,4492.3835587863305,100523.67602380842,24.494084384449103,54.22305645575195,830.7786179326877,0.7078276931192382,0.0030858399745526213,0.010344285070176106,0.7063026477449564
90.2,2345.2569450020997,4497.805858381318,100606.51157698361,24.486316963117716,54.222949730222254,829.8228865498086,0.7078273226941943,0.0030911923504768953,0.010352581893503085,0.7063028740034685
90.30000000000001,2347.703700874514,4503.2281323338475,100689.18116605048,24.478567064967887,54.222843275199175,828.8671552780355,0.707826944805603,0.003096548947503723,0.010360920652469874,0.706303106969674
90.4,2350.1504567469287,4508.650406286377,100771.76699352007,24.470817166818062,54.22273682017609,827.9114240169042,0.7078265666844475,0.0031019366353465857,0.010369259427934086,0.7063033398928068
90.5,2352.597212619343,4514.072680238907,100854.34098990056,24.46306726866823,54.22263036515301,826.955692757276,0.7078261884211655,0.0031073287213051306,0.01037759821588101,0.706303572799014
90.60000000000001,2355.0439684917574,4519.494954191437,100936.91498628106,24.455317370518404,54.22252391012993,825.9999614976476,0.7078258100874002,0.0031127208147232683,0.010385937014813518,0.7063038056357687
90.7,2357.4881635158795,4524.917200547914,101019.27267386756,24.44760278296111,54.22241768372517,825.0442303276851,0.7078254252632337,0.0031181303309463274,0.01039429962662,0.7063040444096534
90.80000000000001,2359.9310602870128,4530.339421398429,101101.46439738011,24.4399057237117,54.22231173078443,824.0884992265189,0.7078250332976294,0.003123543696621228,0.010402703989094797,0.7063042895676768
90.9,2362.373957058145,4535.761642248944,101183.57235929943,24.43220866446229,54.2222057778437,823.1327681309687,0.7078246410694713,0.0031289863981255506,0.010411108368545125,0.7063045347168124
91.0,2364.816853829278,4541.183863099457,101265.66849013024,24.42451160521288,54.22209982490296,822.1770370362117,0.7078242486906416,0.003134433250090925,0.010419512760898421,0.7063047798560865
91.10000000000001,2367.2597506004113,4546.606083949972,101347.76462096104,24.416814545963472,54.221993871962226,821.2213059414546,0.7078238562400859,0.00313988010976756,0.010427917164588857,0.7063050249247268
91.2,2369.700104176116,4552.028277319188,101429.64444304071,24.40915279694316,54.22188814942869,820.2655749324482,0.7078234575780857,0.0031453428320982026,0.010436348966826457,0.7063052756003704
91.30000000000001,2372.139168261947,4557.450445320064,101511.35830107937,24.40150857613933,54.221782702815354,819.3098439892342,0.7078230520952244,0.0031508090611495282,0.010444822109911496,0.7063055323413187
91.4,2374.5782323477774,4562.872613320939,101592.98839752274,24.3938643553355,54.221677256202014,818.3541130358803,0.7078226463258652,0.0031563030625606603,0.01045329527038105,0.7063057891007383
91.5,2377.0172964336075,4568.294781321815,101674.6066628773,24.38622013453167,54.221571809588674,817.3983820810943,0.7078222403990884,0.0031618009938171755,0.010461768444147767,0.7063060458554151
91.60000000000001,2379.4563605194385,4573.71694932269,101756.22492823188,24.378575913727836,54.22146636297534,816.442651126308,0.7078218343993236,0.0031672989330270187,0.010470241629600323,0.7063063025382565
91.7,2381.892899059817,4579.139089955593,101837.62688487626,24.370966989875317,54.22136114074207,815.4869202533785,0.7078214224467388,0.003172811412979209,0.010478745299143551,0.706306564524335
91.80000000000001,2384.328156872199,4584.5612053566565,101918.86287751098,24.363375588452342,54.22125618911286,814.5311894432538,0.707821003968509,0.0031783271092508717,0.010487289858303923,0.7063068322827031
91.9,2386.7634146845803,4589.983320757718,102000.01510854445,24.35578418702936,54.221151237483646,813.5754586171125,0.7078205851859964,0.003183869117247055,0.010495834435203036,0.706307100080345
92.0,2389.198672496962,4595.4054361587805,102081.15550848826,24.348192785606383,54.22104628585444,812.6197277887092,0.7078201662410573,0.0031894148489866716,0.010504379025770802,0.7063073678765399
92.10000000000001,2391.633930309344,4600.827551559843,102162.29590843206,24.340601384183405,54.22094133422523,811.6639969603056,0.7078197472218525,0.0031949605889128787,0.010512923628370606,0.7063076355996812
92.2,2394.06668022533,4606.249639703434,102243.21999970466,24.33304527983382,54.22083660076136,810.7082662098876,0.7078193224788486,0.0032005197207126035,0.010521501309543983,0.7063079083581709
92.30000000000001,2396.49815817483,4611.671702747625,102323.97812699752,24.325506698046016,54.220732128090816,809.7525355193042,0.7078188914703634,0.0032060818164993225,0.010530119319301473,0.7063081866325586
92.4,2398.9296361243296,4617.093765791815,102404.65249268089,24.317968116258214,54.220627655420266,808.796804809992,0.7078184601434931,0.003211668785158186,0.010538737347119206,0.706308464963317
92.5,2401.361114073829,4622.515828836005,102485.3150272734,24.310429534470416,54.22052318274972,807.8410740980344,0.7078180286502213,0.003217259274526321,0.010547355388963333,0.7063087432948667
92.60000000000001,2403.7925920233292,4627.937891880197,102565.97756186595,24.302890952682613,54.22041871007918,806.8853433860767,0.7078175970813951,0.0032228497723064808,0.01055597344318393,0.7063090215521332
92.7,2406.221579726518,4633.359927775799,102646.42378779143,24.295387671978485,54.22031445548484,805.9296126824394,0.7078171600010742,0.003228452634266366,0.010564626694337465,0.7063093045999119
92.80000000000001,2408.6493042252214,4638.781938701529,102726.7040497404,24.28790191568014,54.22021045996061,804.9738819851858,0.7078167168978307,0.003234058234469131,0.0105733195469386,0.7063095929272594
92.9,2411.0770287239247,4644.203949627256,102806.9005500704,24.280416159381804,54.220106464436384,804.0181512679,0.7078162734658714,0.003239687248202914,0.01058201241788602,0.7063098813244851
93.0,2413.5047532226276,4649.625960552984,102887.08521930824,24.272930403083464,54.22000246891216,803.0624205477845,0.7078158298646051,0.0032453195767086496,0.010590705303202415,0.7063101697236889
93.10000000000001,2415.932477721331,4655.0479714787125,102967.2698885461,24.26544464678512,54.219898473387936,802.1066898276689,0.7078153861864921,0.003250951913843955,0.01059939820123717,0.7063104580473748
93.2,2418.3577296257254,4660.469955365802,103047.23824911611,24.25799419631501,54.21979469764102,801.1509591059558,0.7078149372035758,0.0032565956783870537,0.010608127955124495,0.7063107509286356
93.30000000000001,2420.7817270885107,4665.8919144133915,103127.04064570897,24.250561272404834,54.219691181684894,800.1952283830169,0.7078144824326623,0.0032622419753854993,0.010616896395486393,0.7063110488636036
93.4,2423.205724551296,4671.31387346098,103206.7592806695,24.24312834849466,54.219587665728774,799.2394976293837,0.7078140273241635,0.003267910373991466,0.01062566485448026,0.7063113468799267
93.5,2425.6297220140814,4676.735832508568,103286.466084536,24.235695424584488,54.21948414977266,798.283766871415,0.7078135720437722,0.0032735819022474623,0.010634433328181248,0.7063116448990159
93.60000000000001,2428.053719476867,4682.1577915561575,103366.1728884025,24.228262500674315,54.219380633816534,797.3280361134462,0.7078131166852439,0.0032792534393430474,0.010643201814939263,0.706311942841354
93.7,2430.475261999114,4687.57972367561,103445.66338359915,24.220864885979605,54.21927733941932,796.3723053514584,0.7078126562289688,0.003284935552824808,0.010652008315137643,0.7063122451149773
93.80000000000001,2432.8955588434414,4693.001631086035,103524.98791481712,24.21348479940177,54.21917430606955,795.416574586387,0.7078121902178488,0.0032906200117811574,0.01066085239675509,0.7063125522211288
93.9,2435.315855687769,4698.42353849646,103604.22868438624,24.206104712823937,54.21907127271978,794.4608437851449,0.7078117238615956,0.0032963253767533157,0.010669696497282425,0.7063128594183619
94.0,2437.736152532096,4703.845445906885,103683.45762285899,24.198724626246108,54.21896823937001,793.5051129787936,0.7078112573311967,0.0033020337026782504,0.010678540612848297,0.7063131666187716
94.10000000000001,2440.1564493764236,4709.267353317312,103762.68656133175,24.191344539668275,54.21886520602023,792.5493821724422,0.7078107907213798,0.003307742037645497,0.010687384741805661,0.7063134737412052
94.2,2442.5743089287466,4714.689233907588,103841.69919113141,24.1839997448255,54.218762386127345,791.593651359668,0.7078103191958767,0.003313460237577915,0.010696267934702585,0.706313784994569
94.30000000000001,2444.99093156456,4720.111089917094,103920.54585694996,24.17667247044733,54.218659820533304,790.637920541966,0.707809842320114,0.003319180626708164,0.010705187716848906,0.7063141008862062
94.4,2447.407554200373,4725.5329459266,103999.30876110142,24.16934519606916,54.21855725493926,789.682189686064,0.7078093650935313,0.0033249207725996157,0.010714107518170651,0.7063144168766748
94.5,2449.824176836186,4730.954801936106,104078.05983415392,24.16201792169099,54.21845468934522,788.7264588247665,0.7078088876910386,0.0033306637172850315,0.010723027334854559,0.7063147328702363
94.60000000000001,2452.2407994719993,4736.376657945613,104156.81090720643,24.15469064731282,54.21835212375118,787.7707279634687,0.7078084102078542,0.0033364066712090485,0.010731947165261223,0.706315048784603
94.7,2454.655002461295,4741.79848723996,104235.34567157784,24.147398660770914,54.218249765139745,786.8149970861218,0.707807927971333,0.0033421588810534472,0.010740906961484444,0.7063153686509921
94.80000000000001,2457.0679772941758,4747.220292078133,104313.71447196195,24.14012419303169,54.218147652055386,785.8592661964606,0.7078074405668244,0.003347913146335175,0.010749902395418098,0.7063156929831693
94.9,2459.480952127056,4752.642096916304,104391.9995106599,24.132849725292466,54.218045538971026,784.9035352677224,0.7078069528079335,0.0033536860233539787,0.0107588978487749,0.7063160174198828
95.0,2461.8939269599355,4758.063901754476,104470.27271825616,24.12557525755325,54.217943425886666,783.9478043334645,0.7078064648719538,0.0033594615375990944,0.010767893317808454,0.7063163418590437
95.10000000000001,2464.306901792816,4763.485706592648,104548.54592585245,24.118300789814025,54.21784131280231,782.9920733992068,0.7078059768540171,0.003365237061273212,0.010776888800893381,0.7063166662177988
95.2,2466.7174746236983,4768.907484819169,104626.60282473691,24.11106161011999,54.21773940525686,782.0363424035077,0.7078054842328805,0.0033710213009652368,0.010785924935911542,0.7063169943647984
95.30000000000001,2469.126828057841,4774.329238712054,104704.49375961052,24.10383994933832,54.21763774072712,781.0806113606674,0.7078049866132076,0.0033768074775085903,0.010794995720417366,0.7063173268185717
95.4,2471.5361814919834,4779.750992604938,104782.30093277727,24.096618288556645,54.21753607619739,780.1248802750131,0.7078044886372438,0.0033826111714328113,0.010804066524581844,0.7063176593807954
95.5,2473.9455349261248,4785.172746497821,104860.09627483948,24.089396627774978,54.21743441166766,779.1691491833114,0.7078039904834544,0.0033884173481664986,0.010813137344730264,0.7063179919443766
95.60000000000001,2476.3548883602675,4790.594500390705,104937.8916169017,24.082174966993303,54.21733274713793,778.2134180916095,0.7078034922464532,0.00339422353451386,0.010822208179255647,0.7063183244263507
95.7,2478.761857437107,4796.016227774994,105015.47065022067,24.074988595701555,54.21723128826651,777.2576869371042,0.7078029895535475,0.003400037945690015,0.010831320099803227,0.7063186605392247
95.80000000000001,2481.1676158769833,4801.437930947324,105092.88371950471,24.067819744008492,54.21713007188968,776.3019557344121,0.7078024820274397,0.003405854185819763,0.010840465605639957,0.7063190008052407
95.9,2483.5733743168594,4806.859634119653,105170.21302705871,24.06065089231543,54.21702885551284,775.3462244827758,0.7078019741434443,0.003411686969151177,0.010849611131374315,0.7063193411828431
96.0,2485.979132756736,4812.281337291982,105247.53050350488,24.05348204062237,54.216927639136,774.3904932242264,0.7078014660809232,0.0034175220978452762,0.010858756673397524,0.7063196815606333
96.10000000000001,2488.3848911966124,4817.703040464311,105324.84797995104,24.046313188929304,54.21682642275916,773.4347619656768,0.7078009579339485,0.003423357236332291,0.010867902230119781,0.7063200218556273
96.2,2490.788282924465,4823.124717231128,105401.94914762191,24.039179628303497,54.21672541257394,772.4790306429738,0.7078004454765653,0.0034292001447812285,0.010877089041707963,0.7063203656298758
96.30000000000001,2493.190472775415,4828.546369907393,105478.88435123322,24.032063588022037,54.21662464493494,771.5232992710489,0.7077999283482086,0.003435044782255077,0.01088630828463605,0.7063207134082551
96.4,2495.592662626364,4833.968022583656,105555.73579308976,24.02494754774058,54.216523877295934,770.5675678480866,0.7077994108610386,0.0034409050545896047,0.010895527547694616,0.706321061300475
96.5,2497.9948524773135,4839.38967525992,105632.57540383496,24.017831507459125,54.21642310965692,769.6118364179154,0.7077988931948198,0.0034467675441346266,0.010904746827341497,0.7063214091915354
96.60000000000001,2500.3970423282635,4844.811327936185,105709.41501458015,24.01071546717767,54.21632234201792,768.656104987744,0.7077983871216297,0.003452630100615109,0.010912454368699058,0.7063217686529695
96.7,2502.796883110293,4850.232954308667,105786.03831651731,24.003634710851472,54.21622177648612,767.7003734920835,0.7077978825062121,0.0034585000816200182,0.010919475923894698,0.7063221370893422
96.80000000000001,2505.1955307745447,4855.654556710623,105862.49565436978,23.996571471780406,54.216121449623095,766.7446419461759,0.7077973722904456,0.0034643717047395436,0.010926670699740586,0.7063225083308978
96.9,2507.5941784387956,4861.076159112578,105938.86923044198,23.98950823270934,54.21602112276006,765.7889103484852,0.7077968617405246,0.003470258077293779,0.010933865492889378,0.7063228797119099
97.0,2509.9928261030473,4866.497761514533,106015.23097539923,23.982444993638275,54.21592079589703,764.8331787434805,0.7077963510357984,0.0034761465424744237,0.010941060299868533,0.7063232511146287
97.10000000000001,2512.391473767298,4871.919363916489,106091.5927203565,23.975381754567213,54.21582046903399,763.8774471384755,0.7077958402686692,0.003482035018183047,0.010948255119129998,0.7063236224566947
97.2,2514.787790001901,4877.3409401132685,106167.7381564681,23.968353790153405,54.2157203362635,762.9217154582516,0.7077953210693233,0.0034879305791558216,0.010955817547586164,0.7063239963887058
97.30000000000001,2517.182921876176,4882.76249245608,106243.71762846615,23.961343338924873,54.21562043313872,761.9659837203151,0.7077947943940357,0.0034938277247900597,0.010963545320987469,0.7063243751071664
97.4,2519.5780537504497,4888.184044798889,106319.61333865808,23.95433288769634,54.21552053001394,761.0102519303013,0.7077942673812715,0.0034997387343099814,0.01097127311265735,0.7063247539604486
97.5,2521.973185624724,4893.6055971417,106395.49721773139,23.947322436467807,54.215420626889156,760.0545201329315,0.7077937402090964,0.0035056517115028595,0.01097900091919873,0.7063251328288638
97.60000000000001,2524.3683174989983,4899.02714948451,106471.38109680472,23.940311985239273,54.21532072376438,759.0987883355617,0.7077932129686252,0.003511564699375314,0.01098672873908908,0.7063255116308104
97.7,2526.761135580691,4904.4486757188315,106547.04866698114,23.933336805953658,54.215221012086886,758.1430564356541,0.7077926794730569,0.0035174844950484623,0.010994807765745844,0.7063258910654286
97.80000000000001,2529.152778058528,4909.870178213517,106622.55027300466,23.92637913864631,54.215121526855334,757.1873244570736,0.7077921408184006,0.003523405805946626,0.011003044638167286,0.7063262730607737
97.9,2531.5444205363647,4915.291680708201,106697.96811719447,23.919421471338968,54.21502204162378,756.2315924216279,0.7077916018240854,0.0035293401875861634,0.011011281529695709,0.7063266551845608
98.0,2533.936063014202,4920.713183202886,106773.37413026179,23.912463804031624,54.21492255639223,755.2758603781499,0.7077910626659928,0.0035352764249344426,0.011019518437013792,0.706327037316398
98.10000000000001,2536.3277054920386,4926.1346856975715,106848.78014332912,23.90550613672428,54.21482307116068,754.3201283346721,0.7077905234336175,0.0035412126730419297,0.01102775535862802,0.7063274193758305
98.2,2538.717051813494,4931.556162179505,106923.96984744797,23.89858374089277,54.21472377645928,753.3643961880638,0.7077899781578233,0.00354715548549371,0.011036327416617312,0.7063278020752568
98.30000000000001,2541.1052312872025,4936.97761503496,106998.99358737434,23.891678856870637,54.21462470689325,752.4086639623281,0.7077894278761812,0.003553099759745908,0.011045049997931582,0.706328187275114
98.4,2543.4934107609106,4942.399067890415,107073.93356543807,23.884773972848503,54.2145256373272,751.4529316772841,0.7077888772521436,0.0035590563877402,0.011053772599165306,0.7063285725971341
98.5,2545.881590234618,4947.820520745869,107148.8617123752,23.87786908882637,54.214426567761166,750.497199383863,0.7077883264597309,0.0035650147702323224,0.011062495217074836,0.7063289579201703
98.60000000000001,2548.2697697083267,4953.241973601324,107223.78985931234,23.870964204804235,54.21432749819513,749.5414670904416,0.7077877755869799,0.003570973163560523,0.011071217850192853,0.7063293431647969
98.7,2550.655903912632,4958.6634005393225,107298.60985175824,23.864091611474873,54.21422861877642,748.5857347460109,0.7077872187605415,0.0035769378917971492,0.01108025951243332,0.7063297291801278
98.80000000000001,2553.0410589882927,4964.084803963366,107373.34686209486,23.857234242909016,54.21412996377095,747.6300023624426,0.7077866569872641,0.0035829040311483357,0.011089444366748625,0.7063301177304656
98.9,2555.4262140639535,4969.506207387408,107448.00011053914,23.850376874343155,54.21403130876548,746.6742699188135,0.7077860948688933,0.0035888818430451566,0.011098629241763979,0.7063305063964832
99.0,2557.811369139614,4974.92761081145,107522.64152785264,23.8435195057773,54.213932653760004,745.7185374667009,0.7077855325774939,0.0035948613132809376,0.011107814134302703,0.706330895056481
99.10000000000001,2560.196524215275,4980.349014235493,107597.28294516617,23.83666213721144,54.21383399875453,744.7628050145884,0.7077849701996806,0.0036008407944236524,0.011116999042921693,0.7063312836320436
99.2,2562.57941575668,4985.770391837131,107671.70805347388,23.8298400404128,54.213735533608315,743.8070724585223,0.707784403848141,0.0036068264033013203,0.011126486689592641,0.7063316712186806
99.30000000000001,2564.96115592933,4991.19174603693,107745.96719754515,23.82303545561091,54.21363729229128,742.8513398226971,0.7077838346145386,0.003612813370567297,0.011136110114228548,0.7063320593668481
99.4,2567.34289610198,4996.61310023673,107820.1425796941,23.816230870809022,54.21353905097425,741.8956071266239,0.7077832650335912,0.003618811340199649,0.011145733560220845,0.7063324476238352
99.5,2569.724636274629,5002.034454436529,107894.30613070805,23.80942628600713,54.21344080965722,740.9398744220406,0.7077826952750891,0.0036248108735178666,0.011155357024457635,0.706332835867708
99.60000000000001,2572.1063764472788,5007.455808636329,107968.469681722,23.80262170120524,54.21334256834019,739.9841417174573,0.707782125424144,0.0036308104177554643,0.011164980505520068,0.7063332240211435
99.7,2574.485870497844,5012.877137106042,108042.41692368081,23.795852379443676,54.213244508924255,739.0284089051552,0.707781550020605,0.0036368159449972313,0.011174891955788406,0.7063336129691045
99.80000000000001,2576.8642217649603,5018.298442282939,108116.1982013653,23.789100565853943,54.21314666445783,738.0726760102053,0.7077809699223141,0.003642822806856732,0.011184932497029319,0.7063340043795593
99.9,2579.2425730320765,5023.719747459834,108189.89571709724,23.78234875226421,54.2130488199914,737.1169430544549,0.707780389475029,0.0036488400132063084,0.01119497306034617,0.7063343958914309
100.0,2581.620924299192,5029.141052636731,108263.58140168988,23.775596938674475,54.21295097552497,736.1612100901165,0.7077798088458324,0.003654858690378518,0.01120501364269269,0.7063347873829926
100.10000000000001,2583.999275566309,5034.562357813627,108337.26708628255,23.76884512508474,54.21285313105854,735.2054771257779,0.7077792281181869,0.0036608773785436867,0.011215054242675604,0.7063351787781609
100.2,2586.3753982679073,5039.983637350529,108410.73646176288,23.762128569025407,54.212755464552316,734.2497440392827,0.707778641993738,0.0036669019238706802,0.011225369444479463,0.7063355709920148
100.30000000000001,2588.7503868830695,5045.40489370129,108484.03987292506,23.755429518695586,54.21265800904696,733.2940108590618,0.7077780512801359,0.003672927776294668,0.011235807664734178,0.7063359656379989
100.4,2591.125375498231,5050.826150052049,108557.25952210318,23.748730468365764,54.212560553541614,732.3382776146653,0.7077774761074546,0.0036728556484361893,0.011246246160251433,0.7063363762356081
100.5,2593.500364113392,5056.24740640281,108630.46734013756,23.742031418035946,54.21246309803626,731.3825443612044,0.7077769019687337,0.0036723254753858554,0.011256684695426868,0.706336788023116
100.60000000000001,2595.875352728554,5061.66866275357,108703.67515817197,23.735332367706125,54.21236564253091,730.4268111077432,0.7077763277512075,0.003671795300887866,0.011267123249934802,0.7063371997339192
100.7,2598.248130382286,5067.089893553124,108776.66666703267,23.728668573072333,54.212268363295635,729.4710777272833,0.7077757483264696,0.003671266564090781,0.011277823791221265,0.7063376123166991
100.80000000000001,2600.6197826835637,5072.511101271806,108849.4922115281,23.72202228337344,54.21217129319763,728.5153442493826,0.7077751644467527,0.0036707381550419482,0.011288641620727347,0.7063380273241191
100.9,2602.991434984841,5077.932308990488,108922.23399400726,23.71537599367455,54.21207422309961,727.5596107063221,0.7077745801700878,0.003670246648321612,0.011299459473449866,0.7063384423703728
101.0,2605.3630872861177,5083.3535167091695,108994.96394533815,23.70872970397566,54.211977153001605,726.6038771540581,0.7077739957189375,0.0036697603529970094,0.011310277347462644,0.7063388573973007
101.10000000000001,2607.734739587395,5088.774724427853,109067.69389666905,23.70208341427677,54.2118800829036,725.6481436017938,0.7077734111832691,0.0036692740562760933,0.011321095241590234,0.7063392723418612
101.2,2610.104198546949,5094.195906683357,109140.20753876289,23.69547237960983,54.211783188105976,724.6924099208923,0.7077728215915685,0.0036687891701711324,0.011332162821885657,0.7063396881728458
101.30000000000001,2612.472540900265,5099.617065962395,109212.55521644287,23.688878849608187,54.211686501252,723.7366761412928,0.7077722276508085,0.003668304605785666,0.011343342106279068,0.7063401063916669
101.4,2614.8408832535797,5105.038225241433,109284.81913207407,23.682285319606546,54.21158981439802,722.7809422963477,0.7077716333162097,0.003667854915028491,0.01135452141462235,0.7063405246456357
101.5,2617.2092256068945,5110.459384520471,109357.0712165524,23.675691789604905,54.211493127544045,721.8252084421725,0.7077710388037302,0.0036674101491544885,0.011365700744996295,0.7063409428739508
101.60000000000001,2619.5775679602098,5115.88054379951,109429.32330103074,23.669098259603263,54.211396440690066,720.8694745879974,0.707770444201095,0.003666965381932302,0.011376880096240969,0.7063413610143101
101.7,2621.943734596607,5121.301677702894,109501.35907620784,23.662539984310886,54.21129992837936,719.9137406046192,0.7077698446857311,0.003666521997821933,0.011388296944533076,0.7063417800630788
101.80000000000001,2624.3087933770207,5126.722788733598,109573.22888692183,23.655999213567696,54.211203623018726,718.9580065221094,0.7077692409189565,0.0036660789293375584,0.011399819969153365,0.7063422014710425
101.9,2626.673852157434,5132.143899764301,109645.01493555444,23.649458442824507,54.2111073176581,718.0022723743342,0.7077686367614454,0.0036656687318047726,0.011411343018436717,0.7063426229105173
102.0,2629.038910937847,5137.565010795003,109716.78915302959,23.642917672081317,54.21101101229746,717.0465382173406,0.7077680324227029,0.003665263176315892,0.011422866090466666,0.706343044318144
102.10000000000001,2631.4039697182607,5142.986121825707,109788.56337050475,23.636376901338128,54.210914706936826,716.090804060347,0.7077674279882682,0.003664857619523831,0.011434389184097407,0.7063434656323272
102.2,2633.766870408177,5148.407207567338,109860.12127861413,23.629871385052308,54.21081857379713,715.1350697739474,0.7077668187775434,0.0036644534251042337,0.011446137590723183,0.7063438878852607
102.30000000000001,2636.1286719936834,5153.828270538732,109931.5132222109,23.62338337323171,54.21072264419979,714.1793353882603,0.7077662054052658,0.003664049541728608,0.011457986661435226,0.7063443124771751
102.4,2638.4904735791893,5159.249333510124,110002.82140369345,23.616895361411114,54.21062671460245,713.2236009366557,0.7077655916453891,0.0036636766074155643,0.011469835757496577,0.7063447370967415
102.5,2640.8522751646947,5164.670396481517,110074.1177540139,23.610407349590517,54.21053078500511,712.2678664757404,0.7077649777010441,0.0036633080437157373,0.011481684876994662,0.7063451616783419
102.60000000000001,2643.214076750201,5170.0914594529095,110145.41410433434,23.60391933776992,54.21043485540776,711.312132014825,0.7077643654345905,0.0036629394879617856,0.011493315354031336,0.7063455879365651
102.7,2645.573737870035,5175.512497219726,110216.4941452209,23.597466574003448,54.21033909271795,710.3563974140476,0.7077637632062757,0.0036625723560138293,0.011503356582672233,0.7063460298204839
102.80000000000001,2647.9323086365225,5180.933512316466,110287.40822154257,23.591031311854692,54.21024352806658,709.40066270596,0.7077631575459425,0.0036622055352116783,0.011513417940260534,0.7063464746698663
102.9,2650.2908794030095,5186.354527413203,110358.23853571649,23.584596049705937,54.210147963415196,708.4449279300931,0.7077625515340175,0.0036618679665305375,0.011523479320613804,0.7063469195752186
103.0,2652.6494501694965,5191.775542509942,110429.05701872356,23.57816078755718,54.210052398763814,707.4891931446524,0.7077619453675037,0.0036615345289359126,0.011533540721832767,0.7063473644694357
103.10000000000001,2655.0080209359835,5197.1965576066805,110499.87550173062,23.571725525408425,54.20995683411243,706.5334583592116,0.707761339127602,0.0036612010902745654,0.011543602142804945,0.7063478092925953
103.2,2657.364468859708,5202.617547581632,110570.47767523327,23.565325507160637,54.2098614333283,705.5777234302873,0.7077607297645482,0.003660868994727794,0.011553699086714454,0.70634825651287
103.30000000000001,2659.7198351803695,5208.038514984949,110640.91388411689,23.558942988702242,54.209766227718006,704.6219883912739,0.7077601170225294,0.0036605372075371083,0.011563815457343989,0.7063487066539276
103.4,2662.0752015010303,5213.459482388266,110711.26633081885,23.552560470243847,54.209671022107706,703.6662532840588,0.7077595039363854,0.0036602331103924774,0.0115739318509833,0.7063491568500723
103.5,2664.430567821692,5218.880449791583,110781.60694634917,23.546177951785456,54.209575816497406,702.7105181672102,0.7077588906970478,0.0036599329237413073,0.011584048265751839,0.7063496070332701
103.60000000000001,2666.7859341423537,5224.3014171949,110851.94756187948,23.539795433327058,54.20948061088711,701.7547830503617,0.7077582773835162,0.0036596327360831804,0.01159416470055642,0.7063500571446506
103.7,2669.13919524201,5229.722359558119,110922.07186783373,23.533448157234194,54.20938556755748,700.7990477890592,0.707757660994861,0.003659333879364332,0.011604316137043264,0.706350509609524
103.80000000000001,2671.491383488408,5235.143279447018,110992.03020911396,23.52711838026812,54.20929071772244,699.8433124169235,0.7077570412790204,0.003659035328239855,0.011614486343949723,0.7063509649511353
103.9,2673.843571734805,5240.564199335915,111061.90478817851,23.520788603302048,54.20919586788739,698.8875769766439,0.7077564212261316,0.0036587629646780543,0.011624656574113091,0.70635142034704
104.0,2676.195759981202,5245.985119224813,111131.76753606662,23.514458826335975,54.20910101805233,697.9318415267392,0.7077558010213337,0.0036584942994321392,0.011634826825668446,0.7063518757282718
104.10000000000001,2678.5479482276,5251.406039113712,111201.63028395473,23.508129049369902,54.209006168217286,696.9761060768343,0.7077551807415465,0.0036582256332366872,0.011644997097540312,0.7063523310369373
104.2,2680.89804887414,5256.826934043464,111271.27672219469,23.501834514086937,54.20891147954701,696.020370482393,0.707754557431591,0.0036579582844773538,0.011655201825117204,0.7063527886590508
104.30000000000001,2683.2470854169696,5262.247806595399,111340.75719570534,23.49555747764804,54.208816983075195,695.0646347770552,0.7077539308427345,0.0036576912382680076,0.011665424679976354,0.7063532491172521
104.4,2685.5961219598,5267.668679147333,111410.15390696633,23.489280441209143,54.20872248660338,694.1088990037924,0.7077533039234871,0.0036574488968703755,0.011675647558345091,0.7063537096292822
104.5,2687.9451585026295,5273.089551699268,111479.53878704607,23.483003404770248,54.208627990131575,693.1531632209354,0.7077526768534815,0.003657210044396579,0.011685870458368646,0.7063541701250534
104.60000000000001,2690.2941950454597,5278.5104242512025,111548.92366712583,23.47672636833135,54.20853349365976,692.1974274380783,0.7077520497077027,0.0036569711910282546,0.011696093378986867,0.7063546305475201
104.7,2692.641161609237,5283.931271924372,111618.0922374853,23.470484573160775,54.208439157380965,691.2416915109019,0.7077514195710101,0.003656733639373451,0.011706350150116642,0.7063550932501822
104.80000000000001,2694.9870728187143,5289.352097315566,111687.09484306013,23.464260276670718,54.20834501212119,690.2859554729954,0.7077507861971308,0.0036564963867595705,0.011716624402236003,0.7063555587550322
104.9,2697.3329840281917,5294.772922706759,111756.01368635122,23.458035980180664,54.20825086686142,689.3302193668469,0.707750152499235,0.0036562824205148784,0.011726898678117747,0.7063560243132101
105.0,2699.678895237669,5300.193748097953,111824.92069845625,23.45181168369061,54.20815672160164,688.3744832510594,0.7077495186516624,0.003656071742883554,0.011737172975915847,0.7063564898535897
105.10000000000001,2702.0248064471466,5305.614573489147,111893.8277105613,23.445587387200558,54.208062576341874,687.4187471352717,0.707748884727545,0.0036558610644103415,0.011747447294584587,0.7063569553199394
105.2,2704.3686652981237,5311.035374065045,111962.51841287264,23.43939833156332,54.20796858904398,686.4630108714357,0.7077482478487949,0.0036556516772623614,0.011757754730727396,0.706357423038413
105.30000000000001,2706.7114775441023,5316.4561524291485,112031.04315034307,23.433226774418248,54.207874789635746,685.5072744940086,0.7077476077705006,0.0036554425868297416,0.011768078979686515,0.706357893529729
105.4,2709.05428979008,5321.876930793251,112099.48412549526,23.427055217273175,54.20778099022751,684.5515380472373,0.7077469673741995,0.0036552555304212933,0.011778403252654118,0.7063583640733994
105.5,2711.397102036058,5327.297709157353,112167.91326945653,23.4208836601281,54.20768719081928,683.5958015906713,0.7077463268292524,0.0036550715857749036,0.01178872754779676,0.7063588345976904
105.60000000000001,2713.739914282037,5332.718487521456,112236.34241341782,23.414712102983028,54.207593391411045,682.640065134105,0.7077456862070045,0.0036548876403372337,0.011799051864083695,0.7063593050472412
105.7,2716.0806917890422,5338.139241158556,112304.55524751023,23.408575783869438,54.20749974643813,681.6843285253866,0.7077450426649671,0.0036547049799108334,0.01180940857021416,0.7063597777222989
105.80000000000001,2718.4204314398953,5343.559972692436,112372.60211670402,23.402456961991764,54.20740628529524,680.728591799928,0.7077443959593689,0.0036545226147692927,0.011819781453048423,0.7063602531420978
105.9,2720.7601710907475,5348.9807042263155,112440.56522354495,23.39633814011409,54.207312824152346,679.7728550049969,0.7077437489416246,0.0036543611317824192,0.011830154360130981,0.7063607286129294
106.0,2723.0999107416,5354.4014357601945,112508.51649919004,23.390219318236415,54.20721936300946,678.817118200253,0.7077431017762625,0.0036542025978965817,0.011840527289644206,0.7063612040627596
106.10000000000001,2725.4396503924527,5359.8221672940745,112576.46777483517,23.38410049635874,54.20712590186657,677.8613813955088,0.7077424545328584,0.0036540440632682135,0.011850900240573073,0.7063616794371538
106.2,2727.7773729221476,5365.242874184173,112644.20274053531,23.37801690839748,54.207032591894134,676.9056444376678,0.7077418044026255,0.003653886808378406,0.011861304991233486,0.7063621570101363
106.30000000000001,2730.11406634378,5370.663559072704,112711.77174127846,23.371950815861886,54.20693946271967,675.9499073623618,0.7077411511434444,0.0036537298475686282,0.011871725366483336,0.7063626372998335
106.4,2732.450759765412,5376.084243961234,112779.2569796341,23.365884723326293,54.206846333545194,674.9941702177799,0.7077404975780754,0.003653592662724198,0.011882145766216315,0.7063631176389261
106.5,2734.787453187044,5381.504928849764,112846.73038678902,23.3598186307907,54.20675320437073,674.0384330634131,0.7077398438661632,0.0036534582707703008,0.011892566188632674,0.7063635979553391
106.60000000000001,2737.1241466086763,5386.925613738295,112914.20379394396,23.353752538255105,54.206660075196254,673.082695909046,0.7077391900754799,0.003653323878120791,0.011902986632734012,0.7063640781956328
106.7,2739.4588405259587,5392.346274059052,112981.46089107757,23.34772167832733,54.20656709565217,672.1269586016934,0.7077385334300615,0.0036531907589664445,0.011913438350363747,0.7063645606074928
106.80000000000001,2741.7925140828283,5397.766912469388,113048.55202319559,23.341708313259392,54.206474295267235,671.1712211769615,0.707737873689689,0.0036530579324703678,0.011923905188425331,0.706365045707952
106.9,2744.126187639697,5403.187550879725,113115.55939289156,23.335694948191456,54.206381494882294,670.2154836832593,0.7077372136488134,0.0036529437924476345,0.01193437205120788,0.7063655308563734
107.0,2746.459861196566,5408.608189290061,113182.55493138195,23.32968158312352,54.20628869449736,669.2597461798154,0.7077365534623856,0.0036528322914620628,0.011944838936926126,0.7063660159805292
107.10000000000001,2748.793534753436,5414.028827700397,113249.55046987235,23.323668218055584,54.20619589411242,668.3040086763712,0.7077358931964693,0.0036527207898259216,0.011955305844596795,0.7063665010278938
107.2,2751.125226422261,5419.449441625121,113316.32969826512,23.3176900850973,54.20610324221403,667.3482710204077,0.7077352301041182,0.0036526105533549545,0.011965803499523536,0.7063669882237045
107.30000000000001,2753.4559064781083,5424.8700337402615,113382.94296158377,23.31172944679256,54.20601076810915,666.3925332474224,0.7077345639466323,0.003652500607674961,0.011976315788974826,0.7063674780839674
107.4,2755.786586533955,5430.290625855401,113449.47246244592,23.305768808487827,54.20591829400428,665.4367954055956,0.707733897493882,0.003652408286709102,0.01198682810339015,0.7063679679910791
107.5,2758.1172665898016,5435.711217970542,113515.9901320976,23.299808170183088,54.20582581989942,664.481057554045,0.7077332308964374,0.0036523184548430125,0.01199734044099399,0.7063684578724742
107.60000000000001,2760.4479466456482,5441.131810085682,113582.50780174929,23.29384753187835,54.20573334579454,663.5253197024942,0.7077325642187977,0.0036522286223695153,0.012007852800815979,0.7063689476764172
107.7,2762.7766624294622,5446.55237778591,113648.80916122731,23.287922125301126,54.205641019185634,662.5695816990117,0.7077318947388306,0.003652140043989077,0.012018395346646012,0.7063694396105876
107.80000000000001,2765.104375347609,5451.972923760115,113714.94455557282,23.282014213222883,54.20554886922851,661.6138435789583,0.7077312222187444,0.0036520517539463115,0.012028952043472397,0.706369934189929
107.9,2767.4320882657557,5457.39346973432,113780.99618742714,23.276106301144644,54.20545671927139,660.6581053893392,0.7077305494081622,0.003651980156522396,0.012039508765503736,0.7063704288148271
108.0,2769.7598011839023,5462.814015708524,113847.03598806613,23.2701983890664,54.20536456931427,659.702367189894,0.7077298764536446,0.0036519109165743763,0.012050065510975358,0.7063709234125847
108.10000000000001,2772.0875141020488,5468.234561682729,113913.07578870511,23.264290476988158,54.205272419357144,658.7466289904487,0.7077292034182375,0.0036518416760604818,0.01206062227892924,0.7063714179322411
108.2,2774.4132803639245,5473.655083311033,113978.89927909311,23.258417796186595,54.20518041457943,657.7908906351793,0.7077285276037316,0.0036517736810647828,0.012071208612808406,0.7063719145658769
108.30000000000001,2776.7380525073304,5479.075583294494,114044.5568042893,23.25256260966292,54.20508858328261,656.8351521603524,0.7077278487727089,0.0036517059725055803,0.012081808607575416,0.7063724138270223
108.4,2779.0628246507354,5484.496083277954,114110.13056695956,23.246707423139245,54.204996751985796,655.8794136159868,0.7077271696557016,0.0036516541062492844,0.012092408627784651,0.7063729131322893
108.5,2781.3875967941403,5489.916583261414,114175.69249840957,23.24085223661557,54.20490492068898,654.9236750617989,0.7077264903954776,0.003651604477394956,0.01210300867168412,0.706373412408999
108.60000000000001,2783.7123689375458,5495.3370832448745,114241.25442985957,23.234997050091895,54.20481308939216,653.967936507611,0.7077258110536827,0.003651554848014827,0.01211360873832825,0.7063739116069715
108.7,2786.035212040237,5500.757558953173,114306.60005098053,23.229177094474718,54.204721401297654,653.0121977965035,0.7077251289560329,0.0036515064593236244,0.012124237691950066,0.706374412903761
108.80000000000001,2788.3570697715604,5506.17801310063,114371.77970684977,23.223374632969065,54.20462988402903,652.0564589649986,0.7077244438650634,0.0036514583559895354,0.012134879808151634,0.7063749168110395
108.9,2790.6789275028827,5511.598467248085,114436.87560015844,23.217572171463413,54.20453836676042,651.1007200642321,0.7077237584925912,0.0036514252833276147,0.012145521950030123,0.70637542076086
109.0,2793.000785234206,5517.018921395541,114501.95966224195,23.21176970995776,54.204446849491795,650.1449811536827,0.7077230729776275,0.0036513943334567298,0.012156164115846762,0.7063759246807
109.10000000000001,2795.3226429655288,5522.439375542997,114567.04372432546,23.205967248452108,54.20435533222317,649.189242243133,0.7077223873804258,0.0036513633830987224,0.012166806304668593,0.7063764285211814
109.2,2797.6425892705693,5527.859805485738,114631.91147600164,23.200200014684796,54.204263955557415,648.2335031758571,0.7077216990496391,0.003651333669699607,0.012177476791896213,0.7063769344448525
109.30000000000001,2799.961558950849,5533.280213951819,114696.61326236605,23.19445027363663,54.204172747433795,647.2777639883317,0.7077210077481115,0.0036513042408163263,0.012188159998664617,0.7063774429617534
109.4,2802.2805286311286,5538.7006224178995,114761.23128613539,23.188700532588463,54.204081539310174,646.3220247319063,0.7077203161695959,0.003651289046403765,0.012198843231342318,0.7063779515195275
109.5,2804.599498311408,5544.121030883979,114825.83747867466,23.182950791540296,54.20399033118655,645.366285465749,0.7077196244493328,0.0036512758623494243,0.012209526488204156,0.7063784600458923
109.60000000000001,2806.918467991687,5549.54143935006,114890.44367121393,23.17720105049213,54.20389912306293,644.4105461995916,0.707718932646177,0.0036512626778452215,0.012220209768330022,0.7063789684922898
109.7,2809.2355438590657,5554.9618236811275,114954.83355326779,23.171486535157165,54.20380805359866,643.4548067773325,0.7077182381309917,0.0036512507256851994,0.012230920845500117,0.7063794790055655
109.80000000000001,2811.5516518478307,5560.382186619181,115019.05746994991,23.165789511656442,54.203717150896026,642.4990672353033,0.7077175406673354,0.003651239057000943,0.012241644251690177,0.7063799920942991
109.9,2813.8677598365957,5565.802549557235,115083.1976240026,23.16009248815572,54.203626248193395,641.543327624764,0.707716842931149,0.003651240831445188,0.012252367684021947,0.7063805052222872
110.0,2816.18386782536,5571.222912495289,115147.3259468204,23.154395464654996,54.20353534549076,640.5875880045478,0.7077161450539448,0.003651244504500015,0.012263091140782719,0.7063810183174695
110.10000000000001,2818.4999758141253,5576.643275433343,115211.45426963821,23.148698441154274,54.203444442788125,639.6318483843315,0.707715447093204,0.003651248177140777,0.012273814621064838,0.7063815313320861
110.2,2820.8142076027443,5582.063614305378,115275.36628189274,23.143036642537783,54.203353677364575,638.6761086087843,0.7077147464382427,0.0036512530755373265,0.012284565424935699,0.7063820464006377
110.30000000000001,2823.127480258625,5587.483931867382,115339.11232871588,23.137392335399536,54.20326307724056,637.7203687140585,0.7077140428531106,0.0036512582559483403,0.012295328193121704,0.7063825640304816
110.4,2825.440752914505,5592.904249429386,115402.77461288506,23.131748028261292,54.20317247711654,636.7646287505398,0.7077133389989492,0.003651276385029735,0.012306090987677645,0.7063830816974042
110.5,2827.7540255703852,5598.3245669913895,115466.42506581589,23.126103721123048,54.20308187699252,635.8088887773042,0.7077126350042992,0.003651296342907932,0.012316853806906938,0.7063835993301283
110.60000000000001,2830.067298226266,5603.7448845533945,115530.07551874673,23.120459413984804,54.20299127686851,634.8531488040685,0.7077119309254788,0.003651316300407134,0.012327616649913602,0.7063841168816988
110.7,2832.3787122944027,5609.165178117738,115593.50966103679,23.11485033129706,54.20290081282929,633.8974086761373,0.707711224167808,0.0036513374744989303,0.012338406331497298,0.7063846364770038
110.80000000000001,2834.6891759755244,5614.5854504543595,115656.77783783598,23.109258739904444,54.20281051273146,632.9416684295147,0.7077105144955094,0.0036513589285873758,0.012349207620896458,0.7063851586221302
110.9,2836.9996396566457,5620.005722790981,115719.96225194067,23.103667148511825,54.20272021263363,631.9859281141124,0.7077098045580357,0.0036513925169596555,0.012360008936906478,0.7063856808034785
111.0,2839.310103337767,5625.425995127602,115783.13483480128,23.098075557119206,54.2026299125358,631.0301877889951,0.7077090944806185,0.003651427819124729,0.01237081027783565,0.7063862029494733
111.10000000000001,2841.6205670188883,5630.846267464224,115846.30741766188,23.092483965726586,54.202539612437974,630.0744474638778,0.7077083843184075,0.0036514631209442444,0.012381611642797025,0.7063867250137369
111.2,2843.9291897244207,5636.266515870767,115909.26368980357,23.086927598395313,54.20244944672604,629.1187069817954,0.7077076714922269,0.003651499628213779,0.012392439331595112,0.7063872491126436
111.30000000000001,2846.236870788546,5641.686743130941,115972.05399639442,23.081388722165883,54.20235944276726,628.1629663792804,0.7077069557661053,0.0036515364130307406,0.012403278271468162,0.7063877757508383
111.4,2848.5445518526712,5647.106970391115,116034.76054025226,23.075849845936446,54.202269438808486,627.2072257082646,0.7077062397783191,0.003651584645877866,0.012414117238189746,0.7063883024241008
111.5,2850.8522329167963,5652.5271976512895,116097.4552528606,23.070310969707016,54.202179434849704,626.2514850275732,0.7077055236510729,0.0036516344956111823,0.012424956230075088,0.7063888290608451
111.60000000000001,2853.159913980922,5657.947424911464,116160.14996546893,23.064772093477586,54.20208943089093,625.2957443468815,0.7077048074384198,0.0036516843450310472,0.012435795246246236,0.7063893556152915
111.7,2855.465771681436,5663.367628308196,116222.62836727992,23.059268441028582,54.201999559258546,624.34000350912,0.7077040885766899,0.003651735393274516,0.012446660050417108,0.7063898841957207
111.80000000000001,2857.7706964860718,5668.787810638675,116284.94080347991,23.053782279555406,54.20190984662092,623.384262550846,0.7077033668295306,0.0036517867176065672,0.012457535748579442,0.7063904153051546
111.9,2860.0756212907067,5674.2079929691545,116347.16947691226,23.048296118082224,54.201820133983304,622.4285215244709,0.707702644823981,0.0036518489160291753,0.012468411473823705,0.7063909464481805
112.0,2862.380546095342,5679.628175299634,116409.38631909016,23.042809956609045,54.20173042134568,621.4727804884767,0.707701922679423,0.0036519126502945784,0.012479287224474674,0.7063914775534963
112.10000000000001,2864.685470899978,5685.048357630114,116471.6031612681,23.037323795135862,54.201640708708055,620.5170394524825,0.7077012004488568,0.003651976384277585,0.012490162999663742,0.7063920085759589
112.2,2866.9885899528417,5690.46851616301,116533.60369257041,23.03187285720151,54.201551127009786,619.5612982600372,0.7077004755843731,0.003652041312686667,0.012501064002931609,0.7063925416159893
112.30000000000001,2869.2907848552936,5695.8886537087765,116595.43825820166,23.026439410140743,54.201461702568395,618.6055569475537,0.7076997478490985,0.003652106516212395,0.012511975541252775,0.7063930771747213
112.4,2871.5929797577455,5701.308791254543,116657.18906102622,23.021005963079972,54.20137227812701,617.6498155674863,0.7076990198588531,0.0036521819547061783,0.01252288710689042,0.7063936127657838
112.5,2873.8951746601974,5706.72892880031,116718.92803259088,23.015572516019205,54.20128285368561,616.6940741778727,0.70769829173008,0.003652258838791383,0.012533798698176647,0.7063941483179874
112.60000000000001,2876.19736956265,5712.149066346078,116780.66700415553,23.010139068958434,54.20119342924422,615.7383327882591,0.7076975635147091,0.0036523357226239837,0.012544710314251844,0.7063946837867943
112.7,2878.4977721127952,5717.569180153625,116842.1896647666,23.0047408439066,54.20110413404501,614.7825912430558,0.7076968326776789,0.003652413796399023,0.012555646944001528,0.706395221261624
112.80000000000001,2880.797257398618,5722.989273049788,116903.5463596468,22.999360109059527,54.20101499446295,613.8268495784752,0.7076960989833058,0.003652492144292816,0.012566593911493382,0.7063957612432358
112.9,2883.096742684441,5728.4093659459495,116964.81929168873,22.993979374212454,54.20092585488089,612.8711078465658,0.70769536503716,0.003652580213283995,0.01257754090653156,0.7063963012554997
113.0,2885.3962279702637,5733.829458842112,117026.08039246629,22.988598639365385,54.20083671529883,611.9153661051465,0.7076946309529386,0.0036526696553058637,0.012588487927458978,0.7063968412277006
113.10000000000001,2887.6957132560865,5739.249551738275,117087.34149324385,22.983217904518316,54.20074757571677,610.9596243637271,0.7076938967815345,0.003652759097103937,0.012599434973425699,0.7063973811159663
113.2,2889.9934264402996,5744.669620964041,117148.3862829903,22.977872389953284,54.200658563483636,610.003882467662,0.7076931600027278,0.0036528497229972035,0.012610406358215781,0.70639792300497
113.30000000000001,2892.2902322704795,5750.089669357441,117209.26510694638,22.972544364837876,54.200569705163005,609.0481404529439,0.7076924203795332,0.0036529406217235866,0.01262138768960098,0.7063984673928454
113.4,2894.587038100659,5755.509717750841,117270.06016803315,22.967216339722473,54.20048084684238,608.0923983708574,0.7076916805074442,0.0036530407976857336,0.012632369048761144,0.7063990118096825
113.5,2896.883843930839,5760.9297661442415,117330.84339785115,22.961888314607066,54.20039198852176,607.1366562792552,0.7076909404976652,0.003653142284005948,0.012643350434050113,0.7063995561852972
113.60000000000001,2899.1806497610187,5766.349814537641,117391.62662766916,22.956560289491662,54.20030313020113,606.1809141876529,0.7076902004001328,0.003653243770130398,0.012654331844627014,0.7064001004764525
113.7,2901.475702880358,5771.769839326414,117452.19354637899,22.95126748376536,54.2002143977263,605.2251719423782,0.7076894577062367,0.0036533464324374518,0.01266533704213605,0.7064006467642187
113.80000000000001,2903.7698581763757,5777.189843360491,117512.5944992393,22.945992167101807,54.20012581764079,604.2694295791972,0.7076887121780766,0.0036534493658445465,0.01267635185894464,0.7064011955447236
113.9,2906.064013472393,5782.609847394569,117572.91168919759,22.940716850438257,54.200037237555286,603.3136871489386,0.7076879664035842,0.003653561159551936,0.012687366703758791,0.7064017443527
114.0,2908.3581687684105,5788.029851428647,117633.21704788247,22.935441533774704,54.199948657469776,602.3579447092052,0.7076872204917055,0.0036536742047476234,0.01269838157494128,0.7064022931183809
114.10000000000001,2910.6523240644283,5793.449855462725,117693.52240656737,22.93016621711115,54.199860077384265,601.4022022694718,0.7076864744915146,0.003653787249774832,0.012709396471659045,0.7064028417990903
114.2,2912.9447444689904,5798.869835955052,117753.61145406683,22.92492611943515,54.19977162192112,600.4464596751142,0.7076857259042614,0.0036539014606544423,0.012720434744472355,0.7064033924716007
114.30000000000001,2915.2362758873155,5804.289795768647,117813.53453565756,22.919703510627716,54.199683317450514,599.49071696212,0.7076849744916404,0.003654015940371629,0.012731482381213082,0.7064039456307212
114.4,2917.5278073056406,5809.709755582243,117873.3738543131,22.91448090182028,54.1995950129799,598.5349741824492,0.7076842228351238,0.003654138859841765,0.01274253004619207,0.706404498815984
114.5,2919.8193387239653,5815.129715395837,117933.20134169058,22.909258293012847,54.19950670850928,597.5792313933605,0.7076834710414865,0.0036542629714197182,0.01275357773777894,0.706405051957937
114.60000000000001,2922.110870142291,5820.549675209432,117993.02882906806,22.904035684205414,54.19941840403867,596.6234886042718,0.7076827191589865,0.00365438708285567,0.01276462545514757,0.7064056050144149
114.7,2924.4006864723633,5825.9696115330225,118052.6400051829,22.898848294212723,54.19933022263941,595.6677456607574,0.7076819646996637,0.003654512348543987,0.012775696037859852,0.7064061600588336
114.80000000000001,2926.6896235289564,5831.389527234521,118112.08521532975,22.89367839300796,54.199242190286434,594.7120025987591,0.7076812074241946,0.003654637880529621,0.012786775693389282,0.7064067175841148
114.9,2928.9785605855495,5836.809442936018,118171.4466625083,22.888508491803194,54.199154157933464,593.7562594705223,0.7076804499071935,0.0036547714355453552,0.012797855377390038,0.7064072751342851
115.0,2931.2674976421426,5842.229358637516,118230.79627840412,22.883338590598427,54.19906612558049,592.8005163329295,0.7076796922533198,0.0036549061238280076,0.01280893508823753,0.7064078326401668
115.10000000000001,2933.5564346987358,5847.6492743390145,118290.14589429992,22.87816868939366,54.19897809322752,591.8447731953366,0.707678934510044,0.0036550408119943307,0.012820014825112141,0.706408390060081
115.2,2935.843673359076,5853.069166618598,118349.27919885614,22.873034006889423,54.198890182145824,590.8890299041042,0.7076781741991529,0.0036551766468042746,0.01283111704575021,0.7064089494628393
115.30000000000001,2938.13004108538,5858.4890383619595,118408.24653738532,22.867916813124925,54.198802417703156,589.9332864949907,0.7076774110809687,0.003655312746243856,0.012842228107580182,0.7064095113400567
115.4,2940.4164088116836,5863.908910105322,118467.13011291325,22.862799619360427,54.19871465326049,588.9775430200895,0.7076766477235931,0.003655456454882185,0.01285333919811437,0.7064100732409342
115.5,2942.702776537987,5869.328781848684,118526.00185715377,22.857682425595925,54.19862688881782,588.021799535896,0.7076758842295904,0.0036556012383542748,0.012864450315733486,0.7064106350965618
115.60000000000001,2944.989144264291,5874.748653592047,118584.8736013943,22.852565231831427,54.19853912437516,587.0660560517023,0.7076751206456537,0.003655746021734874,0.012875561459624265,0.7064111968657373
115.7,2947.2738300735327,5880.1685019778215,118643.52903421869,22.847483256656766,54.19845147976032,586.1103124148553,0.7076743545035222,0.003655891946094623,0.012886694704453635,0.706411760612531
115.80000000000001,2949.557653194247,5885.588329907951,118702.01850095732,22.84241877017737,54.198363979920856,585.1545686608841,0.7076735855631903,0.0036560381338402123,0.012897836562096997,0.7064123268271296
115.9,2951.841476314961,5891.00815783808,118760.42420466187,22.837354283697977,54.1982764800814,584.1988248413887,0.7076728163859531,0.0036561915399407475,0.01290897844867608,0.7064128930641117
116.0,2954.125299435675,5896.427985768209,118818.8180770744,22.83228979721858,54.19818898024193,583.2430810126384,0.7076720470723289,0.003656345965688164,0.012920120362577354,0.7064134592548865
116.10000000000001,2956.409122556389,5901.847813698338,118877.21194948693,22.827225310739184,54.198101480402464,582.2873371838879,0.7076712776682474,0.0036565003913681467,0.012931262302993962,0.7064140253587335
116.2,2958.6912809925407,5907.267618330604,118935.38951040732,22.822196042567104,54.198014099120364,581.3315932036701,0.7076705057152614,0.003656655952331144,0.01294242591463781,0.7064145934360335
116.30000000000001,2960.972585318193,5912.687402579955,118993.40110518364,22.817184262971157,54.19792686112285,580.3758491072377,0.70766973097275,0.0036568117754302333,0.0129535978953735,0.7064151639752363
116.4,2963.253889643845,5918.107186829306,119051.32893689317,22.81217248337521,54.19783962312533,579.4201049454966,0.7076689559955107,0.003656974476119527,0.01296476990527327,0.7064157345354138
116.5,2965.535193969497,5923.526971078657,119109.24493730604,22.807160703779264,54.19775238512782,578.4643607745307,0.7076681808821165,0.003657138148341804,0.01297594194273116,0.7064163050484175
116.60000000000001,2967.8164982951494,5928.946755328008,119167.16093771892,22.80214892418332,54.19766514713031,577.5086166035647,0.7076674056777507,0.0036573018205200477,0.012987114006947029,0.7064168754740264
116.7,2970.0961554192963,5934.36651634419,119224.86062656443,22.797172361259804,54.19757802571154,576.552872282896,0.7076666279315522,0.003657466621135597,0.012998307361393522,0.7064174478703367
116.80000000000001,2972.3749671215746,5939.7862570578945,119282.39434920815,22.79221328619871,54.19749104573187,575.5971278473668,0.7076658474023558,0.003657631682390751,0.013009508868964624,0.7064180227243427
116.9,2974.653778823852,5945.205997771598,119339.8443087525,22.78725421113761,54.1974040657522,574.641383346915,0.7076650666404416,0.0036578033108118613,0.013020710405928022,0.7064185975979426
117.0,2976.93259052613,5950.6257384853025,119397.28243699559,22.782295136076517,54.19731708577254,573.685638837293,0.7076642857425675,0.003657975866937164,0.013031911970685062,0.7064191724234323
117.10000000000001,2979.2114022284077,5956.045479199007,119454.72056523869,22.777336061015422,54.19723010579287,572.7298943276709,0.7076635047532154,0.0036581484230412396,0.013043113562441947,0.7064197471610687
117.2,2981.488584295546,5961.465196734797,119511.94238183966,22.772412201991397,54.197143241065966,571.7741496689773,0.7076627212278295,0.0036583220990355643,0.013054336089982094,0.7064203238675207
117.30000000000001,2983.764929666217,5966.884894034394,119568.99823218148,22.76750583054603,54.19705651639901,570.8184048959075,0.7076619349246688,0.0036584960338033904,0.01306556657306191,0.7064209030284773
117.4,2986.0412750368882,5972.30459133399,119625.97031939158,22.76259945910066,54.196969791732045,569.8626600583588,0.707661148390598,0.0036586762309814766,0.013076797085765243,0.706421482207835
117.5,2988.3176204075594,5977.724288633585,119682.93057529586,22.757693087655287,54.19688306706508,568.9069152117025,0.7076603617207025,0.0036588573128353108,0.013088027626498263,0.7064220613382179
117.60000000000001,2990.593965778231,5983.143985933182,119739.89083120014,22.75278671620992,54.196796342398116,567.9511703650462,0.7076595749588296,0.0036590383946901186,0.013099258194472321,0.7064226403802962
117.7,2992.8686991077925,5988.563660108944,119796.63477538773,22.747915560491425,54.19670973182785,566.9954253694094,0.7076587856668414,0.003659220585918446,0.01311050934490298,0.7064232213892407
117.80000000000001,2995.1426044784994,5993.983314113234,119853.21275325891,22.743061892204167,54.19662326002092,566.0396802594664,0.7076579936023046,0.0036594030336222425,0.013121768260611705,0.7064238048494069
117.9,2997.4165098492062,5999.402968117525,119909.70696796628,22.73820822391691,54.196536788214,565.0839350855074,0.7076572013085409,0.0036595914440963415,0.013133027206176724,0.7064243883268947
118.0,2999.6904152199127,6004.822622121816,119966.1893513633,22.733354555629653,54.196450316407066,564.128189902506,0.7076564088790527,0.0036597806969399203,0.013144286180007526,0.7064249717545886
118.10000000000001,3001.964320590619,6010.242276126108,120022.67173476033,22.728500887342392,54.196363844600135,563.1724447195047,0.7076556163570954,0.0036599699498060623,0.013155545181319919,0.7064255550935343
118.2,3004.2366315234144,6015.661907062079,120078.93780636633,22.723682434618834,54.19627748526464,562.2166993882363,0.7076548213112716,0.003660160299421163,0.0131668243982684,0.706426140397395
118.30000000000001,3006.5081232390116,6021.081517893721,120135.03791159898,22.71888146925336,54.19619126262036,561.260953943209,0.7076540234983073,0.0036603509027503863,0.013178111191166405,0.7064267281490412
118.4,3008.779614954608,6026.501128725362,120191.05425363591,22.714080503887885,54.196105039976075,560.3052084346349,0.7076532254577403,0.0036605471721229466,0.013189398014153987,0.7064273159169889
118.5,3011.0511066702043,6031.920739557003,120247.058764358,22.709279538522413,54.1960188173318,559.349462917085,0.7076524272815349,0.003660744241969702,0.013200684865643124,0.7064279036343517
118.60000000000001,3013.3225983858015,6037.340350388645,120303.06327508006,22.704478573156937,54.19593259468752,558.393717399535,0.707651629012376,0.0036609413118599814,0.013211971744853704,0.7064284912625304
118.7,3015.5925132697034,6042.759938207464,120358.85147393728,22.699712823243956,54.19584648301687,557.4379717346449,0.7076508282257121,0.0036611394685716475,0.013223278482499462,0.7064290808534355
118.80000000000001,3017.861617679396,6048.179505989263,120414.47370636441,22.69496456064196,54.19576050613989,556.4822259567069,0.7076500246775176,0.0036613378768258283,0.013234592611223655,0.7064296728884448
118.9,3020.1307220890885,6053.599073771063,120470.01217556416,22.69021629803996,54.19567452926292,555.5264801155785,0.7076492209032894,0.0036615416698465644,0.013245906770270042,0.7064302649387276
119.0,3022.399826498781,6059.018641552861,120525.53881344457,22.685468035437964,54.19558855238594,554.5707342655246,0.7076484169935003,0.0036617462236280315,0.013257220958053118,0.7064308569376455
119.10000000000001,3024.6689309084736,6064.43820933466,120581.06545132499,22.680719772835968,54.19550257550896,553.6149884154704,0.707647612990281,0.0036619507774733923,0.01326853517379678,0.7064314488469512
119.2,3026.936476093664,6069.8577541587065,120636.37577726714,22.67600672559382,54.19541670834363,552.6592424190803,0.7076468064761033,0.0036621564108247546,0.013279868898846909,0.7064320427165124
119.30000000000001,3029.2032195480656,6075.277279012586,120691.52013672289,22.671311165624754,54.19533097442815,551.7034963104129,0.7076459972062937,0.0036623622941176436,0.01329120983353649,0.706432639026183
119.4,3031.4699630024675,6080.696803866466,120746.58073291973,22.666615605655686,54.195245240512676,550.74775013886,0.7076451877119234,0.003662573316403973,0.01330255079877886,0.7064332353500254
119.5,3033.7367064568684,6086.116328720346,120801.62949779279,22.66192004568662,54.1951595065972,549.7920039584249,0.7076443780820593,0.0036627850647519677,0.013313891792992168,0.7064338316217235
119.60000000000001,3036.0034499112703,6091.535853574227,120856.67826266584,22.657224485717556,54.195073772681724,548.8362577779894,0.7076435683582951,0.003662996813183731,0.013325232815404459,0.7064344278033883
119.7,3038.268651748659,6096.955355524886,120911.51071552772,22.652564141024765,54.19498814729465,547.8805114522538,0.7076427561293872,0.0036632096345519923,0.013336592994759184,0.7064350259436959
119.80000000000001,3040.533060598813,6102.374837571605,120966.17720184728,22.64792128357147,54.19490265373142,546.9247650150354,0.7076419411499411,0.003663422704426532,0.013347960202964537,0.7064356265209536
119.9,3042.7974694489662,6107.794319618324,121020.7599248766,22.643278426118176,54.19481716016819,545.9690185153554,0.7076411259473454,0.0036636406910556217,0.013359327441951679,0.7064362271112368
120.0,3045.0618782991196,6113.213801665042,121075.33081657768,22.63863556866488,54.194731666604966,545.013272006853,0.7076403106093176,0.0036638593723711003,0.013370694710143152,0.7064368276485988
120.10000000000001,3047.3262871492734,6118.633283711762,121129.90170827878,22.633992711211587,54.19464617304174,544.0575254983503,0.7076394951769277,0.00366407805378979,0.013382062006771264,0.7064374280955146
120.2,3049.5891719899764,6124.052742909229,121184.25628789632,22.629385068956275,54.19456078684982,543.1017788455993,0.7076386772440764,0.0036642978010728083,0.013393448097306526,0.7064380305008668
120.30000000000001,3051.8512725870314,6129.47218226831,121238.444900916,22.624794913909277,54.194475531094774,542.1460320821727,0.7076378565644756,0.0036645177953208274,0.013404841034771062,0.7064386353413826
120.4,3054.1133731840864,6134.891621627389,121292.54975061431,22.620204758862283,54.194390275339735,541.1902852567481,0.7076370356631301,0.003664742488341818,0.013416234003245776,0.7064392401937779
120.5,3056.3754737811414,6140.31106098647,121346.64276898002,22.615614603815285,54.1943050195847,540.2345384225664,0.7076362146264173,0.003664967845274895,0.01342762700115752,0.7064398449924848
120.60000000000001,3058.637574378197,6145.73050034555,121400.73578734574,22.61102444876829,54.19421976382966,539.2787915883845,0.7076353934948879,0.003665193202330196,0.013439020027742825,0.70644044970034
120.7,3060.898164362513,6151.149916904224,121454.61249355588,22.606469508074248,54.19413461400489,538.3230446105348,0.7076345698656141,0.0036654196170271933,0.013450431643526798,0.7064410563654557
120.80000000000001,3063.1579769880586,6156.569313687374,121508.3232331129,22.60193205420945,54.1940495931137,537.3672975224548,0.7076337434921303,0.0036656462768960246,0.013461849998518627,0.7064416654638259
120.9,3065.417789613604,6161.988710470523,121561.95020931769,22.597394600344646,54.193964572222505,536.4115503728539,0.7076329168977843,0.0036658774215511504,0.013473268384758588,0.7064422745734402
121.0,3067.677602239149,6167.408107253673,121615.56535418548,22.592857146479847,54.193879551331314,535.455803214563,0.7076320901679709,0.0036661091999084312,0.013484686800671225,0.7064428836287693
121.10000000000001,3069.937414864695,6172.827504036823,121669.18049905331,22.58831969261505,54.19379453044013,534.5000560562722,0.7076312633428901,0.0036663409784064905,0.01349610524549415,0.7064434925928454
121.2,3072.1957371237754,6178.246878075036,121722.57933169385,22.583817452386917,54.19370961395884,533.5443087549003,0.7076304340248399,0.0036665738048934442,0.013507541870220196,0.7064441035149024
121.30000000000001,3074.4532919324197,6183.666232403082,121775.81219762628,22.579332698664807,54.193624824875585,532.5885613437484,0.7076296019659868,0.0036668068744480004,0.013518985040749113,0.7064447168691068
121.4,3076.710846741063,6189.085586731128,121828.96130017586,22.5748479449427,54.193540035792324,531.6328138715572,0.7076287696877384,0.0036670442173068617,0.013530428242752232,0.7064453302333406
121.5,3078.9684015497073,6194.504941059174,121882.09857138412,22.570363191220594,54.19345524670907,530.6770663907442,0.7076279372741164,0.0036672821640108093,0.013541871474659257,0.7064459435425137
121.60000000000001,3081.2259563583516,6199.92429538722,121935.23584259242,22.565878437498483,54.19337045762582,529.7213189099313,0.7076271047647851,0.003667520110873651,0.013553314735712467,0.7064465567600416
121.7,3083.482040187511,6205.343627024098,121988.15680150215,22.561428897091663,54.19328577157095,528.7655712869915,0.7076262697669475,0.0036677590944923827,0.013564775823922138,0.7064471719355855
121.80000000000001,3085.7373660952676,6210.76293901496,122040.91179364907,22.556996843048477,54.19320121136796,527.8098235550038,0.7076254320316437,0.003667998318726252,0.013576243294222854,0.7064477895417179
121.9,3087.992692003024,6216.182251005821,122093.58302238272,22.552564789005288,54.19311665116498,526.85407576244,0.7076245940781994,0.0036682416088444423,0.013587710796227094,0.7064484071568713
122.0,3090.24801791078,6221.601562996681,122146.24241977079,22.548132734962103,54.19303209096199,525.8983279613195,0.7076237559894131,0.003668485473524212,0.013599178328367068,0.7064490247162633
122.10000000000001,3092.5033438185365,6227.020874987543,122198.90181715884,22.543700680918917,54.19294753075901,524.942580160199,0.7076229178044825,0.0036687293383805396,0.01361064588988845,0.7064496421836254
122.2,3094.757216563199,6232.440164338522,122251.34490217759,22.539303840090888,54.192863071979815,523.9868322180323,0.7076220771352255,0.003668974227113602,0.01362213098034686,0.7064502616083485
122.30000000000001,3097.0103402222194,6237.85943410594,122303.62202037922,22.53492448558393,54.192778737013604,523.0310841676467,0.7076212337318225,0.003669219353645836,0.013633622318006255,0.7064508834616022
122.4,3099.2634638812397,6243.278703873357,122355.81537513736,22.530545131076963,54.192694402047394,522.0753360570731,0.707620390111247,0.003669468364550345,0.013645113687601218,0.7064515053230339
122.5,3101.5165875402595,6248.697973640775,122407.99689854567,22.52616577657,54.19261006708118,521.119587937998,0.7076195463552829,0.0036697179243922367,0.013656605087564453,0.7064521271280747
122.60000000000001,3103.7697111992798,6254.117243408194,122460.17842195397,22.521786422063037,54.19252573211498,520.1638398189227,0.7076187025027459,0.003669967484427957,0.013668096517143796,0.7064527488407074
122.7,3106.021401495225,6259.536490588189,122512.1436329227,22.517442280737644,54.19244149724205,519.2080915599273,0.7076178561705082,0.0036702180580196475,0.013679605155748084,0.7064533725100639
122.80000000000001,3108.2723524168814,6264.955718247064,122563.94287702045,22.513115625720797,54.19235738457543,518.2523431935772,0.7076170071078399,0.003670468867154224,0.013691119895163027,0.706453998605751
122.9,3110.523303338537,6270.374945905938,122615.65835764476,22.508788970703954,54.1922732719088,517.2965947675212,0.7076161578290338,0.0036707233960703773,0.013702634666742198,0.7064546247086327
123.0,3112.774254260193,6275.794173564812,122667.36200691496,22.50446231568711,54.19218915924218,516.3408463330319,0.7076153084148253,0.003670978450689427,0.013714149468920784,0.7064552507544625
123.10000000000001,3115.0252051818493,6281.213401223686,122719.06565618518,22.500135660670264,54.192105046575556,515.3850978985425,0.7076144589036218,0.003671233505519232,0.013725664300949526,0.7064558767075124
123.2,3117.274739429825,6286.632606343989,122770.55299294618,22.495844218806536,54.19202103283693,514.4293493252777,0.7076136069165472,0.003671489565979773,0.01373719608933813,0.7064565046161895
123.30000000000001,3119.523542641808,6292.051792003531,122821.8743627827,22.491570263241314,54.19193713987432,513.4736006455364,0.7076127522023585,0.0036717458602514783,0.013748733859917242,0.7064571349488875
123.4,3121.772345853791,6297.470977663072,122873.11196911607,22.487296307676093,54.19185324691172,512.5178519065662,0.7076118972728596,0.0036720057183097917,0.013760271662892141,0.7064577652879697
123.5,3124.021149065774,6302.890163322613,122924.33774409114,22.483022352110872,54.19176935394911,511.56210315923016,0.707611042207885,0.0036722660800505443,0.013771809496698269,0.7064583955694027
123.60000000000001,3126.269952277757,6308.309348982155,122975.56351906623,22.47874839654565,54.19168546098652,510.6063544118939,0.7076101870454986,0.003672526442018653,0.013783347360588137,0.7064590257576899
123.7,3128.5173552927263,6313.728512151197,123026.57298146299,22.474509654102363,54.1916016658205,509.65060552693654,0.7076093294099512,0.0036727878024810936,0.013794901932247751,0.7064596579015937
123.80000000000001,3130.7640355160993,6319.147655919037,123077.41647688227,22.470288397946376,54.191517990049576,508.6948565363885,0.7076084690494288,0.00367304939519989,0.013806462369717564,0.7064602924683719
123.9,3133.0107157394727,6324.566799686876,123128.17620876888,22.466067141790386,54.191434314278645,507.73910748708846,0.7076076084744016,0.0036733143997692568,0.013818022839814582,0.7064609270407366
124.0,3135.2573959628457,6329.985943454715,123178.92410929303,22.4618458856344,54.19135063850772,506.78335842948985,0.7076067477638217,0.0036735798865736653,0.01382958334097432,0.7064615615548655
124.10000000000001,3137.5040761862188,6335.405087222556,123229.67200981721,22.457624629478413,54.19126696273679,505.8276093718911,0.7076058869554185,0.003673845373621716,0.013841143872450988,0.7064621959754878
124.2,3139.749373442492,6340.82420854814,123280.20359769448,22.453438586397525,54.19118338362107,504.8718601776982,0.7076050236761351,0.003674111851754223,0.01385272084042164,0.7064628323526402
124.30000000000001,3141.993956484057,6346.243310531714,123330.56921854168,22.4492700295825,54.19109992252635,503.91611087870245,0.7076041576733788,0.0036743785605310867,0.01386430354979243,0.7064634711523458
124.4,3144.238539525622,6351.662412515288,123380.85107582695,22.445101472767472,54.19101646143163,502.9603615214325,0.7076032914569699,0.0036746485311994694,0.013875886292020473,0.7064641099567943
124.5,3146.483122567187,6357.081514498863,123431.12110174565,22.440932915952448,54.19093300033691,502.0046121559315,0.7076024251049511,0.0036749189629344302,0.01388746906554199,0.7064647487024117
124.60000000000001,3148.727705608752,6362.500616482438,123481.39112766433,22.436764359137424,54.19084953924219,501.0488627904303,0.7076015586547022,0.0036751893949289985,0.013899051869613177,0.706465387354167
124.7,3150.9709231641905,6367.919696071673,123531.444840868,22.432631015328226,54.1907661736577,500.0931132891006,0.7076006897361525,0.0036754608097910053,0.013910650823705784,0.7064660279634242
124.80000000000001,3153.213435192625,6373.338756377514,123581.33258698933,22.428515157746393,54.190682924722076,499.1373636835554,0.7075998180957549,0.0036757324535090907,0.013922255390813593,0.7064666709949011
124.9,3155.4559472210603,6378.7578166833555,123631.13656951973,22.42439930016456,54.19059967578646,498.18161402021474,0.7075989462425156,0.0036760072102703938,0.013933859991009124,0.7064673140303254
125.0,3157.698459249495,6384.176876989195,123680.92872067941,22.420283442582722,54.190516426850834,497.2258643487107,0.7075980742535993,0.0036762824070864686,0.013945464622728668,0.7064679570063439
125.10000000000001,3159.94097127793,6389.5959372950365,123730.7208718391,22.416167585000892,54.19043317791522,496.27011467720644,0.7075972021660525,0.0036765576041777955,0.013957069285230142,0.7064685998881514
125.2,3162.1821353846904,6395.014975253862,123780.29671021616,22.41208693980119,54.19035002303337,495.3143648709332,0.7075963276128269,0.003676833774871031,0.013968689830014988,0.7064692447280815
125.30000000000001,3164.422602688999,6400.433993987212,123829.70658145897,22.408023780552316,54.19026698329173,494.35861496125756,0.7075954503394645,0.0036771101724014025,0.013980315870744388,0.7064698919896195
125.4,3166.6630699933075,6405.85301272056,123879.03268908204,22.403960621303447,54.19018394355009,493.4028649942258,0.7075945728539708,0.003677389542181579,0.013991941944792943,0.7064705392543805
125.5,3168.9035372976164,6411.272031453909,123928.34696533038,22.399897462054575,54.19010090380845,492.4471150190927,0.7075936952327069,0.0036776693321422696,0.014003568050596124,0.7064711864591922
125.60000000000001,3171.144004601925,6416.691050187259,123977.6612415787,22.395834302805707,54.19001786406681,491.4913650439594,0.7075928175124178,0.0036779491223935465,0.014015194187413068,0.7064718335694499
125.7,3173.383141576715,6422.1100466105645,124026.7592049773,22.391806355574413,54.18993491728309,490.53561493521687,0.7075919373291194,0.0036782298758309463,0.014026835955110492,0.7064724826381368
125.80000000000001,3175.621590485835,6427.52902385077,124075.69120119017,22.387795894134012,54.189852084539396,489.57986472396175,0.707591054427511,0.003678510853832796,0.014038483112042184,0.7064731341275295
125.9,3177.8600393949546,6432.948001090973,124124.53943375476,22.383785432693614,54.189769251795695,488.62411445576066,0.707590171314391,0.0036787946795964,0.014050130302524371,0.7064737856194372
126.0,3180.0984883040737,6438.366978331177,124173.37583494053,22.379774971253212,54.189686419051995,487.66836417951606,0.7075892880653887,0.003679078907969174,0.014061777524991634,0.7064744370508695
126.10000000000001,3182.336937213194,6443.785955571381,124222.21223612633,22.375764509812807,54.189603586308294,486.7126139032714,0.707588404716971,0.0036793631366475914,0.014073424778704076,0.7064750883874099
126.2,3184.5740733941407,6449.204910553835,124270.83232439589,22.371789260253106,54.18952084491726,485.75686349461273,0.7075875189083957,0.003679648316905535,0.014085087415204632,0.7064757416824945
126.30000000000001,3186.810530250255,6454.623846419192,124319.2864454287,22.36783149642556,54.18943821555924,484.80111298435855,0.7075866303835298,0.003679933719192404,0.014096755338856001,0.7064763973971253
126.4,3189.0469871063697,6460.042782284548,124367.65680278487,22.363873732598016,54.18935558620123,483.8453624176207,0.7075857416477118,0.003680221854917565,0.014108423296289073,0.7064770531135806
126.5,3191.2834439624835,6465.461718149903,124416.01532875822,22.359915968770473,54.189272956843205,482.88961184290474,0.7075848527758886,0.003680510377116094,0.014120091285937409,0.7064777087690487
126.60000000000001,3193.5199008185978,6470.88065401526,124464.37385473159,22.355958204942926,54.18919032748519,481.93386126818865,0.707583963804265,0.003680798899635075,0.014131759307061944,0.7064783643292922
126.7,3195.7550625509284,6476.299567672397,124512.51606772281,22.35203565293588,54.18910778803759,480.9781105622677,0.7075830723755843,0.0036810883611721936,0.014143442459721716,0.7064790218480621
126.80000000000001,3197.9895537006078,6481.718462274433,124560.49231342677,22.34813058663632,54.18902535882197,480.02235975567896,0.7075821782328703,0.0036813780419915594,0.014155130798773162,0.7064796817849811
126.9,3200.2240448502866,6487.137356876468,124608.38479542594,22.34422552033676,54.18894292960636,479.06660889308677,0.7075812838797412,0.003681670347091483,0.014166819171837205,0.7064803417230411
127.0,3202.458535999966,6492.556251478503,124656.2654460383,22.340320454037197,54.18886050039075,478.1108580225843,0.7075803893904807,0.003681963023258423,0.014178507577346323,0.7064810015996114
127.10000000000001,3204.6930271496453,6497.975146080538,124704.1460966507,22.336415387737638,54.188778071175136,477.1551071520816,0.7075794948010402,0.0036822556997603774,0.014190196014562199,0.7064816613806296
127.2,3206.926240780932,6503.394018519495,124751.81043421566,22.33254553322466,54.18869573063764,476.1993561515898,0.7075785977571327,0.0036825493058423296,0.014201899356065304,0.7064823231202179
127.30000000000001,3209.1587925721938,6508.812871958841,124799.30880444325,22.328693164406147,54.188613498837455,475.2436050513631,0.7075776980011133,0.003682843129145464,0.014213607789547635,0.7064829872767896
127.4,3211.391344363455,6514.231725398187,124846.72341093815,22.324840795587633,54.18853126703726,474.28785389561943,0.7075767980352027,0.003683139470098843,0.014225316257273203,0.7064836514338279
127.5,3213.623896154716,6519.6505788375325,124894.12618604235,22.320988426769123,54.18844903523708,473.33210273203423,0.7075758979330348,0.0036834361670696892,0.014237024757673324,0.7064843155288815
127.60000000000001,3215.8564479459774,6525.0694322768795,124941.52896114656,22.317136057950613,54.18836680343689,472.37635156844885,0.7075749977303111,0.0036837328643898734,0.014248733290010356,0.7064849795280606
127.7,3218.087739824565,6530.488263601843,124988.71542313865,22.313318900894185,54.18828465903677,471.4206002760942,0.7075740950747335,0.0036840304836614915,0.014260456511971423,0.7064856454866142
127.80000000000001,3220.3183786058967,6535.907075988311,125035.73591774372,22.309519229523357,54.18820262180479,470.4648488849404,0.7075731897080162,0.0036843283184933334,0.0142721847349216,0.7064863138618876
127.9,3222.549017387228,6541.3258883747785,125082.67264858849,22.30571955815253,54.18812058457281,469.50909743875894,0.7075722841319247,0.0036846285656809102,0.01428391299234549,0.7064869822369629
128.0,3224.77965616856,6546.744700761246,125129.59754803864,22.301919886781704,54.18803854734083,468.55334598480493,0.7075713784194504,0.0036849291540248983,0.014295641282673122,0.7064876505495661
128.1,3227.0102949498914,6552.163513147714,125176.5224474888,22.298120215410872,54.18795651010885,467.5975945308509,0.7075704726060493,0.003685229742732317,0.01430736960516751,0.7064883187659768
128.20000000000002,3229.2396914243654,6557.582303461176,125223.23103376273,22.294355755770077,54.18787455918287,466.6418429492352,0.7075695643409721,0.0036855312462414297,0.014319112404600449,0.7064889889430014
128.3,3231.4684435443974,6563.001074886268,125269.77365260043,22.290608781798973,54.18779271413542,465.6860912696707,0.7075686533652465,0.003685832963756837,0.014330860114933877,0.7064896615369691
128.4,3233.697195664429,6568.41984631136,125316.23250765045,22.286861807827865,54.18771086908796,464.7303395355689,0.7075677421806584,0.003686136989179849,0.014342607859971365,0.7064903341300838
128.5,3235.9259477844603,6573.838617736453,125362.67953130198,22.283114833856757,54.1876290240405,463.77458779376377,0.7075668308595627,0.0036864413410175713,0.014354355638141532,0.706491006660246
128.6,3238.1546999044917,6579.257389161545,125409.12655495352,22.279367859885653,54.18754717899304,462.8188360519586,0.7075659194371737,0.0036867456932325867,0.014366103448708003,0.7064916790939023
128.70000000000002,3240.382227323501,6584.67613855401,125455.35726536525,22.275656097604013,54.187465419169875,461.8630841835098,0.7075650055645273,0.003687050952838122,0.014377865519731171,0.7064923534892915
128.8,3242.609119130887,6590.094869106904,125501.42200829196,22.271961820968993,54.187383763954124,460.90733221789344,0.7075640889818797,0.0036873564248390504,0.014389632411107535,0.7064930303017235
128.9,3244.8360109382734,6595.5135996598,125547.40298741167,22.268267544333973,54.18730210873837,459.9515801980763,0.7075631721906177,0.003687664133581445,0.014401399337420493,0.7064937071127474
129.0,3247.0629027456603,6600.932330212695,125593.37213513015,22.264573267698957,54.18722045352262,458.99582817060343,0.7075622552626548,0.0036879721586979214,0.01441316629709582,0.7064943838603918
129.1,3249.2897945530467,6606.351060765591,125639.34128284862,22.26087899106394,54.18713879830687,458.0400761431306,0.707561338233036,0.003688280184205425,0.014424933289396704,0.7064950605112215
129.20000000000002,3251.5154792652434,6611.769769327351,125685.09411726429,22.25721992609247,54.187057227188554,457.08432399018676,0.7075604187548422,0.003688589109087268,0.014436714319260077,0.7064957391248166
129.3,3253.740537108636,6617.188459100231,125730.68098414659,22.253578346755567,54.18697575933796,456.1285717409752,0.7075594965674838,0.0036888982446206097,0.014448500077852033,0.7064964201554103
129.4,3255.9655949520284,6622.607148873109,125776.1840871899,22.24993676741866,54.18689429148738,455.17281943809934,0.7075585741721254,0.003689209506351934,0.014460285871608814,0.7064971011838891
129.5,3258.1906527954206,6628.025838645988,125821.67535882749,22.246295188081756,54.186812823636785,454.2170671276436,0.7075576516399782,0.003689521068854274,0.014472071698955738,0.7064977821484948
129.6,3260.415710638813,6633.444528418868,125867.16663046507,22.24265360874485,54.18673135578619,453.26131481718784,0.7075567290058171,0.003689832631761107,0.014483857559157117,0.7064984630159815
129.70000000000002,3262.6395789928415,6638.863196242094,125912.44158873742,22.239047241050944,54.18664997089076,452.3055623824867,0.7075558039250176,0.003690145085276721,0.014495657226557563,0.7064991458472131
129.8,3264.86282922088,6644.281845327305,125957.5505794285,22.23545835898339,54.1865686879001,451.349809852458,0.7075548761360847,0.003690457747534726,0.014507461529725254,0.7064998310952573
129.9,3267.0860794489186,6649.700494412516,126002.57580625056,22.231869476915836,54.18648740490944,450.39405726929397,0.7075539481396417,0.00369077243913785,0.014519265868286882,0.706500516340543
130.0,3269.309329676957,6655.119143497725,126047.58920166265,22.22828059484828,54.186406121918786,449.4383046786246,0.707553020006291,0.003691087417842585,0.014531070240666551,0.7065012015214919
130.1,3271.5325799049956,6660.537792582936,126092.60259707473,22.224691712780725,54.18632483892813,448.48255208795536,0.7075520917705732,0.003691402396965055,0.014542874646129201,0.7065018866050231
130.20000000000002,3273.7546540393187,6665.956419756288,126137.39967905977,22.221138042118252,54.186243637719485,447.52679937428496,0.7075511610895683,0.0036917182598750725,0.014554692702174661,0.7065025736523816
130.3,3275.9761169320573,6671.375028240632,126182.03079341612,22.217601856978447,54.186162537033354,446.5710465662419,0.7075502277013297,0.0036920343300429572,0.014566515332607,0.7065032631158665
130.4,3278.197579824795,6676.793636724976,126226.57814387664,22.214065671838643,54.186081436347216,445.6152937055585,0.7075492941059103,0.00369235235315585,0.014578337998663697,0.7065039525760101
130.5,3280.419042717533,6682.212245209319,126271.11366292338,22.210529486698835,54.18600033566107,444.65954083743986,0.7075483603734227,0.003692670652589813,0.014590160698766808,0.7065046419713862
130.6,3282.6405056102712,6687.630853693663,126315.64918197012,22.20699330155903,54.18591923497494,443.7037879693211,0.7075474265382181,0.0036929889524545865,0.014601983432181272,0.7065053312690488
130.70000000000002,3284.860812653804,6693.049440300249,126359.96838752863,22.203492327509807,54.18583821475202,442.7480349794532,0.7075464902602923,0.003693308124432366,0.01461381955998771,0.7065060225315196
130.8,3287.0805183633065,6698.468008255579,126404.12162541151,22.200008838845903,54.18575729366751,441.792281896173,0.7075455512766327,0.003693627501118495,0.01462566016264237,0.706506716209645
130.9,3289.3002240728097,6703.886576210907,126448.19109936847,22.196525350181993,54.185676372582996,440.8365287608242,0.7075446120861318,0.0036939487493688095,0.014637500801151634,0.7065074098838726
131.0,3291.5199297823124,6709.305144166237,126492.24874190745,22.19304186151809,54.185595451498486,439.88077561812094,0.7075436727584073,0.003694270262455987,0.014649341473935252,0.7065081034929123
131.1,3293.739635491815,6714.723712121567,126536.30638444639,22.189558372854183,54.185514530413975,438.9250224754176,0.7075427333276206,0.0036945917759868534,0.014661182180258074,0.706508797003948
131.20000000000002,3295.9582047376416,6720.142258245872,126580.14771343656,22.186110095121254,54.18543368825247,437.9692692122204,0.7075417914566432,0.0036949141494381586,0.014673036046320483,0.7065094924804165
131.3,3298.1761821778337,6725.560785776999,126623.82307470463,22.18267930270469,54.18535294339331,437.01351585657414,0.707540846881523,0.0036952367249329775,0.014684894299224342,0.7065101903717628
131.4,3300.394159618025,6730.979313308127,126667.41467202254,22.179248510288122,54.18527219853415,436.0577624493267,0.7075399020997769,0.003695561104154255,0.01469675258821411,0.7065108882587193
131.5,3302.6121370582164,6736.397840839254,126710.99443791903,22.175817717871556,54.18519145367498,435.1020090347907,0.7075389571806191,0.003695885738641073,0.014708610911706279,0.706511586080099
131.6,3304.830114498408,6741.816368370382,126754.5742038155,22.17238692545499,54.18511070881582,434.14625562025475,0.7075380121580588,0.003696210373584303,0.014720469268965055,0.7065122838031893
131.70000000000002,3307.046973290134,6747.234874113428,126797.93765610327,22.16899134392345,54.185030041560964,433.1905020864826,0.7075370646968149,0.0036965358569838757,0.014732340586594247,0.7065129834926701
131.8,3309.2632491114664,6752.653361317197,126841.13514062295,22.16561324768948,54.184949470003126,432.2347484612263,0.7075361145321432,0.0036968615399240613,0.014744216218708896,0.7065136855968244
131.9,3311.479524932799,6758.071848520965,126884.24886116883,22.162235151455505,54.18486889844529,431.27899478482914,0.7075351641610503,0.0036971889599798128,0.014756091887140664,0.706514387696109
132.0,3313.6958007541316,6763.490335724733,126927.35075028996,22.15885705522153,54.18478832688746,430.3232411012085,0.7075342136523578,0.003697516625902949,0.014767967590302647,0.7065150897294358
132.1,3315.9120765754647,6768.908822928502,126970.45263941109,22.15547895898756,54.18470775532962,429.3674874175879,0.7075332630399264,0.003697844292295061,0.014779843327458323,0.7065157916641921
132.20000000000002,3318.127253547052,6774.327288384617,127013.33821486417,22.152136073642136,54.18462726016289,428.41173361599056,0.7075323099898267,0.003698172796208705,0.014791731819338958,0.7065164955669571
132.3,3320.34185725903,6779.745735350248,127056.05782250367,22.148810673597293,54.184546859270235,427.45597972387543,0.707531354236451,0.003698501497278383,0.014803624549719495,0.7065172018848511
132.4,3322.556460971007,6785.164182315879,127098.69366614464,22.145485273552453,54.184466458377585,426.5002257811052,0.7075303982768926,0.0036988318652788556,0.014815517316647785,0.7065179081973892
132.5,3324.771064682984,6790.582629281511,127141.31767835733,22.14215987350761,54.18438605748493,425.54447183118015,0.707529442179558,0.003699162469243589,0.014827410118533665,0.7065186144435874
132.6,3326.985668394962,6796.001076247142,127183.94169057,22.13883447346277,54.18430565659228,424.5887178812551,0.7075284859781524,0.0036994930736896922,0.01483930295464002,0.7065193205909387
132.70000000000002,3329.1991899455206,6801.419501506394,127226.34938905596,22.13554428429121,54.1842253308534,423.63296381448254,0.7075275273394929,0.0036998245095965937,0.014851208395489193,0.7065200287073646
132.8,3331.4121465742937,6806.837908327825,127268.59111968327,22.132271580409395,54.18414509785097,422.67720965805864,0.7075265659974648,0.0037001561413448716,0.014863118016143241,0.7065207392392688
132.9,3333.6251032030673,6812.256315149256,127310.74908628705,22.128998876527575,54.184064864848544,421.7214554514523,0.7075256044494875,0.0037004893741607345,0.014875027673575264,0.7065214497653197
133.0,3335.8380598318404,6817.674721970687,127352.89522145902,22.12572617264576,54.183984631846116,420.7657012377578,0.7075246427635602,0.0037008228336480103,0.014886937366192059,0.7065221602246498
133.1,3338.0510164606135,6823.093128792117,127395.041356631,22.122453468763943,54.18390439884369,419.8099470240633,0.7075236809732323,0.003701156293628903,0.014898847093255962,0.7065228705848592
133.20000000000002,3340.2629074039055,6828.511513942045,127436.97117801812,22.11921597668669,54.18382424046429,418.85419269471464,0.7075227167470381,0.003701490578966915,0.01491076919786092,0.7065235829158942
133.3,3342.474241669485,6833.929880697182,127478.735031502,22.115995970308376,54.18374417377708,417.8984382766301,0.7075217498178631,0.0037018250588233817,0.014922695389988864,0.7065242976630037
133.4,3344.6855759350638,6839.34824745232,127520.41512093747,22.112775963930062,54.18366410708987,416.94268380884057,0.7075207826829562,0.003702161080697544,0.01493462161912429,0.7065250124037529
133.5,3346.8969102006427,6844.766614207457,127562.0833789376,22.109555957551752,54.18358404040266,415.9869293340303,0.707519815409926,0.0037024973209125417,0.014946547883671227,0.7065257270774037
133.6,3349.1082444662215,6850.184980962595,127603.75163693774,22.10633595117344,54.183503973715446,415.03117485922013,0.7075188480321711,0.0037028335616332846,0.01495847418289152,0.7065264416516656
133.70000000000002,3351.31814425373,6855.60331932145,127645.20358109551,22.10316578054266,54.1834239901029,414.07542027000466,0.7075178781912903,0.003703170620658849,0.01497041535212763,0.706527158169616
133.8,3353.527325546484,6861.021636343945,127686.48955730592,22.10001955075564,54.183344101114194,413.1196655930115,0.7075169056351793,0.0037035078726375963,0.014982361718585337,0.7065278770913369
133.9,3355.7365068392373,6866.439953366439,127727.69176944319,22.09687332096862,54.18326421212547,412.16391086680716,0.7075159328733585,0.0037038466118067257,0.014994308122291381,0.706528596006242
134.0,3357.945688131991,6871.858270388934,127768.88215014167,22.093727091181595,54.18318432313676,411.20815613365176,0.7075149599731381,0.003704185561582231,0.015006254561645432,0.706529314853648
134.1,3360.1548694247444,6877.27658741143,127810.07253084016,22.09058086139457,54.18310443414804,410.25240140049635,0.7075139869678068,0.0037045245118751133,0.015018201035908006,0.7065300336013354
134.20000000000002,3362.36303430277,6882.694882841981,127851.04659763938,22.087469842717564,54.183024616848606,409.29664655420396,0.7075130115315778,0.0037048642731674977,0.015030159266609137,0.7065307543247181
134.3,3364.5706661945337,6888.113159967644,127891.8546964476,22.084376309434035,54.18294488830253,408.34089162110695,0.7075120333942826,0.0037052042258609507,0.015042121330882105,0.7065314774656535
134.4,3366.7782980862967,6893.5314370933065,127932.57903115822,22.08128277615051,54.182865159756446,407.38513663929785,0.7075110550515568,0.0037055456131407202,0.015054083432629843,0.7065322005991981
134.5,3368.98592997806,6898.949714218969,127973.29153442658,22.078189242866983,54.18278543121038,406.4293816506083,0.7075100765702903,0.0037058872036065203,0.015066045570250442,0.7065329236648574
134.6,3371.1935618698235,6904.367991344632,128014.00403769493,22.075095709583454,54.18270570266429,405.4736266619188,0.707509097983602,0.003706228794601631,0.015078007743004426,0.7065336466305439
134.70000000000002,3373.400564006602,6909.7862536618395,128054.5002270078,22.072022763143856,54.18262603536169,404.5178715613675,0.7075081169947938,0.0037065711887401625,0.015089978925129128,0.706534371600238
134.8,3375.6072048037695,6915.204500696529,128094.83044828649,22.06896084681163,54.18254645134118,403.5621163749902,0.7075071333176742,0.003706913772601979,0.015101952740167464,0.7065350989995637
134.9,3377.8138456009374,6920.622747731218,128135.07690544336,22.065898930479406,54.18246686732067,402.60636114040193,0.7075061494353987,0.003707257739631885,0.015113926592899164,0.7065358263910555
135.0,3380.020486398105,6926.040994765906,128175.31153115454,22.06283701414718,54.18238728330016,401.650605899004,0.7075051654144854,0.0037076019025952525,0.015125900481719825,0.7065365537143642
135.1,3382.2271271952723,6931.459241800595,128215.54615686573,22.059775097814956,54.182307699279654,400.6948506576061,0.7075041812879054,0.0037079460661001186,0.015137874405889516,0.7065372809375123
135.20000000000002,3384.432773789497,6936.877467305263,128255.5644685658,22.05674839265944,54.18222818501067,399.7390953056248,0.7075031947321402,0.003708291026507834,0.015149859821527849,0.7065380101373642
135.3,3386.6378991448296,6942.295674588269,128295.41681218905,22.053739172929102,54.18214875691349,398.7833398687983,0.7075022054760871,0.0037086361752502847,0.01516184897520375,0.7065387417543679
135.4,3388.8430245001628,6947.713881871276,128335.1853916665,22.050729953198765,54.18206932881631,397.82758438426276,0.7075012160150225,0.00370898265646301,0.015173838166801937,0.7065394733630996
135.5,3391.0481498554955,6953.132089154282,128374.94213969486,22.04772073346843,54.18198990071913,396.87182889298856,0.7075002264151391,0.003709329326458029,0.015185827394714548,0.7065402049033109
135.6,3393.253275210828,6958.550296437288,128414.69888772324,22.044711513738093,54.18191047262195,395.91607340171436,0.7074992367092832,0.003709675997006248,0.015197816658200735,0.7065409363431129
135.70000000000002,3395.4574228855213,6963.968482216811,128454.23932168551,22.041737505178595,54.181831113287636,394.9603178011366,0.7074982445762855,0.0037100234541141116,0.015209817201107003,0.70654166976064
135.8,3397.661057585864,6969.386649805897,128493.61378752881,22.03878098204284,54.18175183896881,394.00456211669575,0.7074972497440798,0.003710371097299204,0.015221821404533011,0.70654240559503
135.9,3399.8646922862067,6974.804817394984,128532.90448920256,22.035824458907086,54.18167256464998,393.04880638504835,0.707496254706996,0.003710720022788617,0.015233825646110104,0.7065431414207274
136.0,3402.0683269865494,6980.22298498407,128572.18335942389,22.03286793577134,54.18159329033115,392.09305064673316,0.7074952595309116,0.0037110691299841922,0.015245829924226718,0.7065438771775763
136.1,3404.271961686892,6985.641152573155,128611.4622296452,22.029911412635585,54.18151401601232,391.1372949084179,0.7074942642485531,0.003711418237744544,0.015257834238141024,0.7065446128337719
136.20000000000002,3406.474635951021,6991.059298697222,128650.5247857461,22.026990100474244,54.18143480897317,390.18153906208033,0.7074932665415814,0.0037117681149383196,0.015269849567126697,0.706545350469438
136.3,3408.6768058240928,6996.477426679986,128689.42137368633,22.024086273651083,54.18135568517593,389.2257831328625,0.7074922661364937,0.0037121181744639398,0.015281868468654734,0.7065460905219235
136.4,3410.878975697164,7001.895554662749,128728.23419743354,22.021182446827922,54.18127656137868,388.2700271569408,0.7074912655265985,0.0037124694665916697,0.015293887408563482,0.7065468305653673
136.5,3413.081145570236,7007.313682645513,128767.03518972502,22.01827862000476,54.18119743758144,387.3142711744223,0.7074902647775049,0.0037128209334148753,0.015305906385236738,0.7065475705396622
136.6,3415.2833154433074,7012.731810628276,128805.83618201649,22.015374793181596,54.18111831378419,386.35851519190373,0.7074892639218409,0.003713172400814289,0.015317925397931186,0.7065483104130653
136.70000000000002,3417.4845423652387,7018.149917182382,128844.42086013386,22.012506177152584,54.181039255882574,385.4027591026449,0.7074882606438475,0.003713524617532934,0.015329955146573496,0.7065490522683209
136.8,3419.68527358563,7023.568005641169,128882.83957004934,22.009655046383298,54.1809602795975,384.44700293148935,0.7074872546683817,0.0037138770121840467,0.01534198837920545,0.7065497965408433
136.9,3421.8860048060214,7028.986094099956,128921.17451574859,22.006803915614007,54.18088130331241,383.4912467141267,0.7074862484883147,0.00371423059187701,0.015354021650444099,0.7065505408038399
137.0,3424.086736026413,7034.404182558744,128959.49762998882,22.003952784844717,54.18080232702734,382.5354904902374,0.7074852421688993,0.0037145843395570487,0.015366054958670633,0.706551284997349
137.1,3426.287467246804,7039.8222710175305,128997.82074422904,22.001101654075427,54.180723350742255,381.5797342663481,0.7074842357426233,0.003714938087824581,0.015378088303141241,0.706552029089734
137.20000000000002,3428.4872730813186,7045.240338080642,129035.92754424209,21.998285734022843,54.18064443914379,380.6239779369787,0.7074832268960298,0.0037152925630063037,0.01539013209348835,0.7065527751669346
137.3,3430.6865919392076,7050.6583870894265,129073.86837601257,21.995487299195645,54.1805656077398,379.66822152667953,0.7074822153521582,0.003715647211220393,0.015402179278692231,0.7065535236623417
137.4,3432.8859107970966,7056.076436098211,129111.72544354381,21.992688864368443,54.18048677633581,378.7124650706602,0.7074812036038733,0.003716003002493839,0.015414226502728025,0.7065542721477401
137.5,3435.0852296549856,7061.494485106995,129149.57067961279,21.989890429541244,54.18040794493182,377.756708608183,0.7074801917160914,0.0037163589558336977,0.015426273763974459,0.7065550205633195
137.6,3437.2845485128746,7066.9125341157805,129187.41591568178,21.987091994714046,54.18032911352783,376.8009521457057,0.7074791797211643,0.0037167149097721962,0.015438321061687198,0.7065557688775488
137.70000000000002,3439.4829595768633,7072.330561764357,129225.04483747116,21.984328770553326,54.18025034552508,375.84519557896044,0.7074781653070487,0.003717071577160485,0.015450378589902678,0.7065565191788208
137.8,3441.680892400931,7077.7485714035865,129262.5077909777,21.98158303159281,54.18017165615675,374.8894389322154,0.7074771481955406,0.003717428414643563,0.0154624394412984,0.7065572718991796
137.9,3443.8788252249997,7083.166581042814,129299.8869802223,21.978837292632292,54.180092966788415,373.93368224024897,0.7074761308797735,0.0037177863568191856,0.015474500331751245,0.7065580246090715
138.0,3446.0767580490674,7088.584590682042,129337.25433800142,21.976091553671772,54.18001427742008,372.97792554189516,0.7074751134243541,0.003718144455651201,0.015486561259637242,0.7065587772488257
138.1,3448.2746908731356,7094.0026003212715,129374.62169578053,21.97334581471125,54.17993558805174,372.0221688435413,0.7074740958615097,0.003718502555092901,0.015498622224211382,0.7065595297870084
138.20000000000002,3450.471733504174,7099.420588630181,129411.77273922822,21.970635286386862,54.179856960973254,371.0664120421846,0.7074730758804731,0.0037188613576069644,0.015510693230965504,0.7065602843140278
138.3,3452.6683066359224,7104.838558966394,129448.75781435336,21.96794224324894,54.179778411228,370.11065516179895,0.7074720532020029,0.003719220327955307,0.015522767495814282,0.7065610412608138
138.4,3454.8648797676706,7110.256529302607,129485.65912519403,21.965249200111018,54.17969986148275,369.15489823669475,0.7074710303194041,0.003719580366559058,0.015534841799945468,0.7065617981966958
138.5,3457.0614528994192,7115.674499638821,129522.54860456605,21.962556156973097,54.1796213117375,368.19914130527417,0.7074700072969934,0.003719940556681693,0.015546916141732129,0.7065625550621325
138.6,3459.2580260311674,7121.092469975033,129559.43808393808,21.959863113835173,54.17954276199225,367.2433843738536,0.7074689841668813,0.0037203007474249684,0.01555899052042844,0.7065633118257805
138.70000000000002,3461.453726573718,7126.510419010039,129596.1112489275,21.957205281321613,54.1794642737502,366.28762734071313,0.7074679586197822,0.00372066163015066,0.015571074749039081,0.7065640705799805
138.8,3463.648966358916,7131.928350108006,129632.61844555507,21.95456493398986,54.17938586202676,365.331870229528,0.707466930375376,0.0037210226782932007,0.015583162170258243,0.7065648317544865
138.9,3465.8442061441137,7137.346281205972,129669.04187787598,21.95192458665811,54.179307450303334,364.37611307412874,0.7074659019269577,0.0037213847592815937,0.015595249630985015,0.7065655929176688
139.0,3468.0394459293116,7142.7642123039395,129705.45347872509,21.94928423932636,54.1792290385799,363.42035591248435,0.7074648733385664,0.0037217469867964425,0.015607337129589324,0.7065663540101068
139.1,3470.2346857145094,7148.182143401907,129741.8650795742,21.946643891994604,54.17915062685646,362.4645987508399,0.7074638446422017,0.003722109214942797,0.015619424665324433,0.7065671150005434
139.20000000000002,3472.4290705153126,7153.60005322844,129778.06036599015,21.944038755240186,54.179072275340836,361.50884148876395,0.7074628135301925,0.0037224721238614095,0.0156315218589457,0.706567877983145
139.3,3474.6230033011298,7159.017945154802,129814.08968400552,21.941451103647626,54.17899399877434,360.55308414963173,0.7074617797211418,0.0037228351957523916,0.01564362218012247,0.7065686433864622
139.4,3476.8169360869465,7164.435837081164,129850.03523769222,21.938863452055067,54.17891572220784,359.5973267667903,0.7074607457081872,0.0037231992656970698,0.015655722541031886,0.7065694087780492
139.5,3479.0108688727632,7169.853729007527,129885.96895990403,21.93627580046251,54.17883744564134,358.64156937777494,0.7074597115550988,0.003723563477262913,0.015667822940040595,0.7065701740986006
139.6,3481.2048016585804,7175.27162093389,129921.90268211582,21.933688148869948,54.178759169074844,357.68581198875967,0.7074586772937684,0.003723927689471037,0.01567992337640088,0.7065709393169417
139.70000000000002,3483.3978970651133,7180.689491618406,129957.6200898446,21.931135707808096,54.17868095149685,356.7300545006061,0.7074576406182463,0.0037242925711464007,0.015692033278850416,0.7065717065289866
139.8,3485.5905491991634,7186.107344439539,129993.17152913446,21.928600751888414,54.17860280741483,355.77429693638874,0.7074566012460626,0.0037246576133282095,0.01570414624419876,0.7065724761620523
139.9,3487.7832013332136,7191.525197260672,130028.63920407396,21.926065795968736,54.178524663332816,354.8185393289672,0.7074555616700772,0.003725023619219619,0.015716259249504573,0.7065732457829934
140.0,3489.9758534672637,7196.943050081806,130064.09504753548,21.923530840049054,54.1784465192508,353.8627817154431,0.7074545219537978,0.003725389761890121,0.015728372293131097,0.7065740153326148
140.1,3492.1685056013134,7202.36090290294,130099.550890997,21.920995884129375,54.17836837516878,352.90702410191903,0.7074534821290122,0.0037257559052135867,0.015740485374329587,0.7065747847798214
140.20000000000002,3494.3603379612864,7207.778734511358,130134.79041992626,21.91849613871749,54.17829028889553,351.9512663905522,0.7074524398911983,0.0037261227098588086,0.01575260775566126,0.7065755562220064
140.3,3496.5517357913213,7213.196548292688,130169.86398037882,21.916013878438573,54.1782122747115,350.99550860411546,0.7074513949570385,0.0037264896732374674,0.01576473314123566,0.7065763300854631
140.4,3498.743133621356,7218.614362074018,130204.85377645952,21.91353161815966,54.17813426052745,350.0397507749798,0.7074503498191738,0.0037268575663662734,0.015776858566992184,0.706577103936411
140.5,3500.9345314513907,7224.032175855347,130239.83174105924,21.911049357880742,54.17805624634341,349.083992939813,0.7074493045408559,0.0037272255914863658,0.015788984031290573,0.7065778777157612
140.6,3503.1259292814257,7229.449989636676,130274.80970565896,21.908567097601825,54.17797823215937,348.1282351046463,0.7074482591537705,0.003727593617270019,0.01580110953338098,0.7065786513924958
140.70000000000002,3505.316520732699,7234.867782231765,130309.57135567779,21.906120047821585,54.17790027473648,347.17247717293327,0.7074472113552077,0.003727962290782246,0.01581324415681416,0.7065794270654472
140.8,3507.5066845382953,7240.285557034498,130344.16703718266,21.903690483171186,54.17782238808047,346.2167191671451,0.7074461608608247,0.0037283311200582013,0.01582538172976578,0.7065802051596453
140.9,3509.6968483438914,7245.703331837232,130378.67895429445,21.90126091852079,54.17774450142446,345.26096111916337,0.7074451101628071,0.0037287008454900093,0.015837519343124454,0.7065809832409834
141.0,3511.887012149488,7251.121106639966,130413.17903992224,21.898831353870392,54.17766661476845,344.305203065222,0.7074440593241703,0.0037290706981768103,0.01584965699524598,0.7065817612504591
141.1,3514.077175955084,7256.538881442699,130447.67912555003,21.896401789219993,54.17758872811244,343.3494450112806,0.7074430083765089,0.0037294405515376663,0.015861794685379228,0.7065825391571223
141.20000000000002,3516.26655362591,7261.9566350886535,130481.962896549,21.894007435051233,54.17751089698995,342.39368686209025,0.7074419550195263,0.0037298110395108867,0.015873941274703485,0.7065833190616427
141.3,3518.455513558389,7267.374370977886,130516.0806989972,21.891630566005677,54.17743313521965,341.43792863982014,0.7074408989676026,0.003730181680382642,0.015886090738992064,0.7065841013874951
141.4,3520.6444734908687,7272.792106867119,130550.1147370374,21.889253696960118,54.17735537344935,340.4821703757154,0.7074398427120726,0.003730553194050721,0.015898240243912055,0.7065848837001336
141.5,3522.8334334233477,7278.209842756352,130584.13694359147,21.88687682791456,54.17727761167905,339.5264121057016,0.7074387863157517,0.003730924831683107,0.01591038978781541,0.7065856659406532
141.6,3525.022393355827,7283.627578645585,130618.15915014554,21.884499958869004,54.17719984990875,338.5706538356878,0.7074377298101534,0.0037312964699999767,0.015922539369949636,0.7065864480781683
141.70000000000002,3527.2105865386943,7289.045293406402,130651.96504202351,21.88215830029111,54.17712214238402,337.6148954717357,0.7074366708970309,0.0037316687308475704,0.015934697644526003,0.7065872322152352
141.8,3529.3983715114487,7294.462990445188,130685.60496531443,21.879834126831163,54.1770445026808,336.6591370357095,0.7074356092895809,0.003732041141956085,0.01594685872463596,0.7065880187738898
141.9,3531.586156484203,7299.880687483972,130719.1611241727,21.87750995337122,54.17696686297757,335.7033785584366,0.7074345474785712,0.003732414389720271,0.015959019845602163,0.7065888053190345
142.0,3533.773941456958,7305.298384522757,130752.70545154138,21.875185779911277,54.176889223274344,334.7476200753377,0.7074334855266026,0.003732787756352693,0.01597118100577195,0.7065895917918188
142.1,3535.961726429712,7310.716081561542,130786.24977891006,21.87286160645133,54.17681158357112,333.79186159223883,0.7074324234651079,0.0037331611236799214,0.015983342204391245,0.7065903781614112
142.20000000000002,3538.148762467842,7316.133757498839,130819.57779155597,21.870572643447808,54.176733996911516,332.83610301650185,0.7074313589976591,0.0037335350996158005,0.015995511885897814,0.7065911665325949
142.3,3540.3353991310046,7321.551415747701,130852.73983557906,21.868301165558112,54.17665647663175,331.8803443696882,0.7074302918361777,0.003733909222772149,0.01600768430568984,0.7065919573259136
142.4,3542.5220357941676,7326.969073996563,130885.81811514642,21.866029687668416,54.17657895635199,330.92458568219024,0.7074292244711647,0.003734284151838182,0.016019856766562365,0.7065927481054263
142.5,3544.7086724573305,7332.386732245426,130918.88456322094,21.86375820977872,54.17650143607222,329.96882698894575,0.7074281569650243,0.0037346591954382905,0.01603202926685822,0.7065935388123425
142.6,3546.8953091204935,7337.804390494288,130951.95101129546,21.86148673188902,54.17642391579246,329.01306829570126,0.7074270893491137,0.0037350342397434273,0.016044201805821744,0.7065943294158842
142.70000000000002,3549.08121664756,7343.222027668853,130984.80114460121,21.85925046453652,54.17634644737138,328.0573095110948,0.707426019330023,0.0037354098811699364,0.01605638262059497,0.7065951220218256
142.8,3551.2667345103623,7348.639647188252,131017.48530924883,21.857031682341287,54.17626904392126,327.1015506563907,0.7074249466187369,0.0037357856673015622,0.016068566103167953,0.7065959170489972
142.9,3553.452252373165,7354.057266707649,131050.08570942021,21.854812900146054,54.17619164047113,326.1457917615144,0.7074238737039309,0.003736162234483503,0.016080749627044852,0.7065967120620607
143.0,3555.6377702359673,7359.474886227046,131082.67427809583,21.852594117950826,54.17611423702101,325.1900328609638,0.7074228006478287,0.0037365389126967725,0.01609293319056418,0.7065975070022964
143.1,3557.82328809877,7364.892505746445,131115.26284677145,21.850375335755594,54.17603683357088,324.2342739604132,0.7074217274817167,0.003736915591625219,0.016105116792968683,0.7065983018389794
143.20000000000002,3560.0080935136452,7370.310104216755,131147.63510063294,21.84819176410063,54.175959480854644,323.2785149697684,0.7074206519150859,0.003737292856257538,0.016117308481304854,0.7065990986786354
143.3,3562.1925176020163,7375.7276850638455,131179.84138580153,21.846025677598988,54.17588219173547,322.3227559099989,0.7074195736580483,0.0037376702630953,0.016129502774488012,0.7065998979385134
143.4,3564.376941690388,7381.145265910937,131211.96390647092,21.843859591097342,54.17580490261629,321.36699681063965,0.7074184951975042,0.003738048424422908,0.016141697109198126,0.7066006971839967
143.5,3566.561365778759,7386.562846758029,131244.07459564137,21.841693504595696,54.17572761349711,320.41123770568845,0.7074174165954981,0.003738426693038757,0.016153891483769223,0.7066014963564278
143.6,3568.7457898671305,7391.98042760512,131276.1852848118,21.839527418094054,54.17565032437793,319.45547860073737,0.7074163378832465,0.0037388049623798495,0.016166085897442412,0.7066022954251324
143.70000000000002,3570.9295179830224,7397.39798742766,131308.07965912338,21.83739654204647,54.17557308481599,318.4997194069835,0.7074152567727597,0.0037391838053078244,0.01617828820650499,0.7066030964978202
143.8,3573.112873016272,7402.815529658197,131339.80806470773,21.83528315111283,54.175495907456984,317.54396014509587,0.7074141729731451,0.0037395627877912473,0.01619049305848766,0.7066038999902281
143.9,3575.2962280495217,7408.233071888732,131371.45270577449,21.83316976017919,54.17541873009798,316.5882008440938,0.7074130889700262,0.003739942503124342,0.01620269795221965,0.7066047034679491
144.0,3577.4795830827716,7413.6506141192685,131403.0855153397,21.831056369245548,54.17534155273898,315.63244153756693,0.7074120048252798,0.003740322322697513,0.01621490288603063,0.7066055068723971
144.1,3579.6629381160215,7419.068156349806,131434.7183249049,21.82894297831191,54.175264375379975,314.67668223104005,0.7074109205700563,0.003740702143005928,0.016227107859160077,0.7066063101729492
144.20000000000002,3581.845614405392,7424.485677580088,131466.1348195672,21.82686479773362,54.17518724637697,313.72092283700806,0.707409833918803,0.0037410825249255294,0.016239320540562187,0.7066071154785339
144.3,3584.0279261884325,7429.903181249038,131497.3853454684,21.824804102225688,54.17511017817548,312.7651633758378,0.7074087445796091,0.0037414630437822777,0.016251535704263135,0.7066079232034173
144.4,3586.210237971472,7435.320684917989,131528.55210683422,21.822743406717752,54.175033109973974,311.80940387602095,0.7074076550369106,0.003741844274415051,0.01626375090993532,0.7066087309133287
144.5,3588.392549754512,7440.738188586939,131559.70703669594,21.82068271120982,54.174956041772475,310.8536443707454,0.7074065653524217,0.0037422256063197076,0.016275966155904004,0.706609538549752
144.6,3590.574861537552,7446.155692255889,131590.86196655763,21.818622015701887,54.174878973570976,309.8978848654698,0.707405475557228,0.0037426069389695405,0.016288181441407,0.7066103460821136
144.70000000000002,3592.7565120563518,7451.573174948411,131621.80058147304,21.816596530509845,54.17480195254288,308.9421252741385,0.7074043833680528,0.003742988822472625,0.016300404261463158,0.7066111556204393
144.8,3594.937806755943,7456.990640109624,131652.57322759408,21.814588530371807,54.17472499091446,307.986365616781,0.7074032884920596,0.003743370840561905,0.016312629506956892,0.7066119675776366
144.9,3597.1191014555334,7462.408105270836,131683.26210916106,21.81258053023377,54.17464802928605,307.03060592127065,0.7074021934125632,0.003743753548289201,0.01632485479464343,0.7066127795195881
145.0,3599.300396155124,7467.825570432049,131713.93915922128,21.810572530095733,54.17457106765764,306.0748462203714,0.7074010981911159,0.0037441363541697932,0.016337080122843538,0.7066135913878422
145.1,3601.4816908547145,7473.243035593262,131744.61620928152,21.808564529957696,54.17449410602922,305.1190865194721,0.7074000028587396,0.0037445191608054267,0.016349305490793317,0.7066144031518733
145.20000000000002,3603.6623418533763,7478.6604798013195,131775.07694435277,21.806591740113813,54.1744171904012,304.16332673384863,0.7073989051343538,0.0037449025083369503,0.016361538228880517,0.7066152169226939
145.3,3605.8426457568844,7484.077906507411,131805.37171059687,21.804636435315015,54.17434033277592,303.20756688322064,0.7073978047242635,0.0037452859882792316,0.016373773338245155,0.7066160331119202
145.4,3608.0229496603924,7489.495333213503,131835.58271226814,21.802681130516213,54.174263475150646,302.2518069949425,0.7073967041106715,0.003745670135534846,0.016386008490023845,0.7066168492856363
145.5,3610.2032535639005,7494.9127599195945,131865.78188243002,21.80072582571741,54.174186617525365,301.29604710134635,0.7073956033549699,0.0037460543777987462,0.016398243682532725,0.7066176653854507
145.6,3612.3835574674085,7500.330186625686,131895.9810525919,21.79877052091861,54.17410975990009,300.3402872077502,0.7073945024881187,0.003746438620827483,0.016410478915006178,0.7066184813808845
145.70000000000002,3614.563235261184,7505.747592401326,131925.96390772273,21.79685042639846,54.174032947109986,299.3845272307287,0.7073933992313423,0.0037468233938891065,0.016422721348009844,0.7066192993839805
145.8,3616.742574696171,7511.164980703652,131955.7807939942,21.794947816917105,54.17395619093421,298.42876718969893,0.7073922932900292,0.003747208296987131,0.016434966097507532,0.7066201198049955
145.9,3618.921914131158,7516.582369005978,131985.51391567418,21.793045207435746,54.17387943475844,297.4730071115249,0.707391187145222,0.0037475938451951955,0.016447210889639918,0.7066209402102351
146.0,3621.101253566144,7521.999757308304,132015.23520584212,21.79114259795439,54.17380267858266,296.5172470281043,0.7073900808581515,0.0037479794852836165,0.016459455722718612,0.7066217605413716
146.1,3623.2805930011305,7527.41714561063,132044.95649601007,21.789239988473035,54.17372592240689,295.56148694468374,0.7073889744597143,0.0037483651261465967,0.01647170059597629,0.7066225807679737
146.20000000000002,3625.4593239268725,7532.834513004629,132074.46147110558,21.78737258925712,54.17364920990372,294.60572677912586,0.7073878656735525,0.0037487512853625247,0.01648395249534014,0.7066234030031472
146.3,3627.637725234291,7538.251862953275,132103.80047730997,21.785522675074677,54.17357255262925,293.6499665505482,0.7073867542040845,0.0037491375720609685,0.016496206655790432,0.7066242276557217
146.4,3629.8161265417098,7543.66921290192,132133.05571890975,21.78367276089223,54.17349589535479,292.6942062851872,0.7073856425311227,0.0037495244882355997,0.01650846085909512,0.7066250522922369
146.5,3631.9945278491286,7549.086562850566,132162.29912899566,21.781822846709783,54.17341923808032,291.73844601463065,0.7073845307157465,0.0037499114940905275,0.016520715103561626,0.7066258768544474
146.6,3634.172929156547,7554.503912799212,132191.54253908157,21.779972932527336,54.17334258080585,290.7826857440741,0.7073834187887899,0.003750298500729684,0.016532969388421012,0.7066267013119731
146.70000000000002,3636.350739558301,7559.921241861077,132220.5696340543,21.778158228598095,54.173265966042386,289.8269253926659,0.7073823044759917,0.003750686014081552,0.016545230526923596,0.7066275277792893
146.8,3638.5282290835635,7565.338553504857,132249.43076010462,21.77636100969739,54.173189405122926,288.8711649792243,0.707381187480775,0.003751073652372113,0.016557493871930673,0.7066283566638294
146.9,3640.705718608826,7570.755865148637,132278.2081215287,21.77456379079668,54.173112844203466,287.91540452959407,0.7073800702820888,0.0037514618955237374,0.01656975726001182,0.7066291855320568
147.0,3642.883208134089,7576.173176792416,132306.9736514359,21.772766571895975,54.17303628328401,286.9596440748523,0.7073789529408433,0.0037518502248869395,0.016582020689469863,0.7066300143257856
147.1,3645.060697659351,7581.590488436195,132335.73918134306,21.77096935299527,54.172959722364546,286.0038836201105,0.7073778354878077,0.003752238555043952,0.016594284159534192,0.7066308430146839
147.20000000000002,3647.237613883556,7587.007779214159,132364.28839609693,21.76920734433603,54.17288320279488,285.04812308580284,0.7073767156514181,0.003752627380257479,0.016606554312213678,0.7066316737139888
147.3,3649.4142179735545,7592.425052600613,132392.67164189767,21.767462820700604,54.17280673568483,284.0923624904483,0.7073755931341659,0.003753016327859403,0.016618826617481885,0.7066325068296729
147.4,3651.590822063553,7597.842325987067,132420.97112305192,21.76571829706517,54.172730268574774,283.13660185947174,0.7073744704134598,0.003753405859185943,0.016631098966043163,0.7066333399287889
147.5,3653.7674261535517,7603.25959937352,132449.25877268636,21.763973773429743,54.172653801464726,282.1808412234637,0.7073733475500509,0.003753795473746632,0.01664337135619586,0.7066341729532162
147.6,3655.9440302435505,7608.676872759975,132477.5464223208,21.762229249794313,54.17257733435467,281.22508058745564,0.7073722245746455,0.0037541850891106344,0.016655643787167707,0.7066350058726704
147.70000000000002,3658.120078637437,7614.094125300998,132505.6177567625,21.76051993638892,54.1725009074334,280.2693198731674,0.707371099218351,0.0037545751879015684,0.01666792273144187,0.7066358408031672
147.8,3660.295823639552,7619.511360476395,132533.52312222077,21.758828108002724,54.172424531587474,279.3135590988187,0.7073699711827289,0.0037549654065364064,0.01668020377511347,0.706636678149218
147.9,3662.4715686416675,7624.928595651791,132561.3447230146,21.757136279616528,54.17234815574154,278.35779828936234,0.7073688429436573,0.003755356191882894,0.01669248486229646,0.7066375154784421
148.0,3664.6473136437826,7630.3458308271875,132589.15449228606,21.755444451230332,54.172271779895596,277.4020374749471,0.70736771456174,0.0037557470580684817,0.016704765991284856,0.7066383527327913
148.1,3666.823058645898,7635.763066002584,132616.96426155756,21.753752622844136,54.17219540404966,276.44627666053185,0.7073665860676235,0.0037561379250668236,0.016717047161304708,0.706639189882029
148.20000000000002,3668.998265556956,7641.180280352363,132644.55771559748,21.752096004677018,54.17211906725661,275.4905157691415,0.7073654551944805,0.0037565292672598473,0.016729334704770737,0.706640029042868
148.3,3671.1731778187263,7646.597477361719,132671.9852006242,21.75045687152477,54.1720427801928,274.5347548186921,0.7073643216431843,0.0037569207274986745,0.01674162430124629,0.706640870618648
148.4,3673.348090080496,7652.014674371075,132699.3289209665,21.748817738372512,54.17196649312897,273.57899383371904,0.7073631878884373,0.003757312736556106,0.016753913941451388,0.7066417121773588
148.5,3675.5230023422664,7657.431871380431,132726.6608097836,21.747178605220263,54.17189020606516,272.62323284386963,0.7073620539907017,0.0037577048239332434,0.016766203623675525,0.7066425536610155
148.6,3677.6979146040367,7662.849068389787,132753.99269860075,21.745539472068007,54.17181391900134,271.66747185402016,0.7073609199805667,0.003758096912132516,0.016778493347142993,0.7066433950394251
148.70000000000002,3679.872306379837,7668.266244592763,132781.10827214812,21.743935549123055,54.17173766983691,270.7117107884421,0.7073597835937061,0.0037584894619071075,0.01679078926124232,0.7066442384306366
148.8,3682.0464122488474,7673.683403479837,132808.057876653,21.74234911118798,54.17166146902871,269.7559496647612,0.7073586445298761,0.003758882126747996,0.016803087172868002,0.7066450842364042
148.9,3684.220518117857,7679.10056236691,132834.92371645742,21.740762673252906,54.171585268220525,268.80018850703283,0.7073575052625928,0.003759275319662098,0.016815385128441347,0.7066459300248846
149.0,3686.3946239868674,7684.517721253983,132861.77772473445,21.739176235317835,54.17150906741233,267.84442734449533,0.7073563658521783,0.003759668587973564,0.016827683126246922,0.7066467757381409
149.1,3688.568729855877,7689.934880141056,132888.63173301143,21.73758979738276,54.17143286660414,266.88866618195783,0.7073552263291686,0.0037600618571164584,0.01683998116550713,0.7066476213460191
149.20000000000002,3690.742332844012,7695.352018240394,132915.26942598115,21.73603856964172,54.171356702493746,265.93290494493573,0.7073540844312092,0.0037604555749965996,0.01685228522040114,0.7066484689682732
149.3,3692.915658667856,7700.76913904764,132941.74114987953,21.73450482690457,54.1712805852934,264.9771436507653,0.7073529398569506,0.003760849405137034,0.0168645912193809,0.7066493190051798
149.4,3695.0889844917,7706.186259854886,132968.12910906193,21.73297108416742,54.17120446809305,264.02138232301604,0.7073517950792401,0.0037612437398432774,0.0168768972625264,0.7066501690246004
149.5,3697.2623103155443,7711.603380662132,132994.50523671473,21.73143734143027,54.17112835089271,263.0656209905238,0.7073506501582574,0.003761638146634339,0.01688920334811689,0.7066510189686351
149.6,3699.4356361393884,7717.020501469377,133020.88136436752,21.729903598693117,54.17105223369236,262.1098596580316,0.7073495051244871,0.003762032554266026,0.016901509475372795,0.7066518688071642
149.70000000000002,3701.608476687448,7722.437601506943,133047.04117667608,21.728405066134396,54.17097615201542,261.1540982523302,0.7073483577174643,0.003762427399146854,0.016913821455758205,0.706652720661454
149.8,3703.7810488137156,7727.854684275523,133073.03501988502,21.726924018571502,54.17090011584337,260.19833679045905,0.7073472076348193,0.0037628223537783403,0.016926135329841722,0.7066535749304276
149.9,3705.9536209399835,7733.271767044102,133098.94509836176,21.725442971008608,54.1708240796713,259.2425752955032,0.7073460573487029,0.003763217795060561,0.01693844924830831,0.7066544291817145
150.0,3708.1261930662513,7738.688849812682,133124.8433453066,21.72396192344571,54.170748043499245,258.2868137958741,0.7073449069191724,0.003763613305904902,0.016950763209432156,0.7066552833574576
150.1,3710.2987651925196,7744.10593258126,133150.74159225146,21.72248087588282,54.17067200732718,257.33105229624505,0.7073437563766652,0.003764008817598993,0.01696307721243171,0.7066561374275716
150.20000000000002,3712.4708696480884,7749.522994597631,133176.4235238158,21.72103503848646,54.17059600551335,256.3752907247031,0.7073426034628697,0.0037644047536491004,0.01697539689581323,0.7066569935148522
150.3,3714.642714424362,7754.940039367421,133201.9394862527,21.71960668608061,54.170520047813085,255.41952909798619,0.7073414478742809,0.003764800796631724,0.016987718420561522,0.7066578520167602
150.4,3716.8145592006363,7760.357084137212,133227.3716839411,21.71817833367476,54.170444090112824,254.46376743870036,0.7073402920822015,0.003765197308069652,0.017000039989909826,0.7066587105007893
150.5,3718.9864039769104,7765.774128907002,133252.79205009536,21.71674998126891,54.17036813241256,253.50800577481428,0.7073391361465684,0.0037655938865073383,0.01701236160212717,0.7066595689091223
150.6,3721.158248753184,7771.1911736767925,133278.21241624956,21.71532162886306,54.170292174712294,252.5522441109282,0.7073379800977734,0.003765990465803822,0.01702468325643,0.7066604272117069
150.70000000000002,3723.329643463839,7776.6081977112635,133303.4164669877,21.713928486613078,54.170216250208284,251.59648237643285,0.7073368216794693,0.0037663874590594766,0.01703701044033359,0.7066612875325426
150.8,3725.500787237694,7782.0252045208645,133328.45454857097,21.712552829349193,54.17014036843133,250.64072058776273,0.7073356605872153,0.00376678455697687,0.017049339418389355,0.7066621502678246
150.9,3727.6719310115486,7787.442211330466,133353.40886538973,21.71117717208531,54.17006448665438,249.68495876703594,0.7073344992914496,0.0037671821056680732,0.01706166844126167,0.706663012985042
151.0,3729.8430747854036,7792.859218140067,133378.351350672,21.70980151482143,54.169988604877425,248.72919694178125,0.707333337851992,0.0037675797188692086,0.01707399750721438,0.706663875626415
151.1,3732.014218559258,7798.276224949669,133403.29383595427,21.708425857557547,54.169912723100474,247.77343511652657,0.7073321762991902,0.003767977332938115,0.017086326615461864,0.7066647381619231
151.20000000000002,3734.1849298725697,7803.6932110402595,133428.02000578545,21.70708541043924,54.16983687335899,246.81767322196887,0.7073310123786801,0.0037683753508084604,0.01709866110584382,0.7066656027166982
151.3,3736.355398991572,7809.110179926999,133452.58020643497,21.705762448302902,54.16976106495982,245.86191127423862,0.7073298457851063,0.003768773471121988,0.017110997344183913,0.7066664696856845
151.4,3738.525868110575,7814.527148813738,133477.0566423041,21.704439486166564,54.169685256560655,244.90614929495973,0.7073286789879979,0.003769172025147283,0.01712333362755668,0.7066673366364249
151.5,3740.6963372295777,7819.944117700476,133501.5212466345,21.70311652403023,54.169609448161495,243.9503873112247,0.7073275120470612,0.0037695706412801244,0.01713566995422074,0.7066682035111774
151.6,3742.8668063485807,7825.361086587215,133525.98585096493,21.70179356189389,54.16953363976232,242.99462532748964,0.7073263449926013,0.0037699692582896407,0.017148006323388428,0.7066690702799523
151.70000000000002,3745.03686061211,7830.778034770671,133550.2341398099,21.7005058098929,54.16945786223833,242.03886327575893,0.7073251755721016,0.003770368268447885,0.017160347924470198,0.7066699390692426
151.8,3747.2066814238215,7836.1949657706,133574.3164594469,21.6992355428698,54.16938212467267,241.08310117185866,0.7073240034792351,0.00377076737872296,0.017172691227006338,0.7066708102727212
151.9,3749.376502235533,7841.611896770531,133598.31501428786,21.6979652758467,54.16930638710701,240.12733903691628,0.7073228311828105,0.0037711669060451407,0.01718503457479086,0.706671681457778
152.0,3751.546323047244,7847.028827770459,133622.3017375879,21.696695008823596,54.16923064954135,239.17157689758935,0.7073216587424235,0.0037715664931285537,0.017197377966077138,0.7066725525667078
152.1,3753.716143858955,7852.445758770389,133646.28846088788,21.695424741800498,54.16915491197569,238.2158147582624,0.7073204861883372,0.0037719660810974767,0.01720972140007543,0.7066734235695504
152.20000000000002,3755.8855674202587,7857.862669082184,133670.05886866883,21.694189684904806,54.169079204125154,237.2600525522469,0.7073193112704251,0.0037723660514544432,0.017222069916219777,0.7066742965936331
152.3,3758.054766272233,7863.279562230085,133693.66330721593,21.692972112984723,54.169003534849345,236.30429029506473,0.7073181336814539,0.0037727661195751994,0.017234420087688565,0.7066751720312756
152.4,3760.223965124207,7868.696455377985,133717.18398095155,21.691754541064633,54.16892786557354,235.34852800734666,0.7073169558888999,0.0037731665885679146,0.01724677030462098,0.7066760474503255
152.5,3762.393163976181,7874.113348525886,133740.6928231441,21.690536969144546,54.16885219629773,234.39276571531553,0.7073157779522512,0.0037735671150446303,0.01725912056526511,0.7066769227931132
152.6,3764.5623628281546,7879.530241673788,133764.20166533664,21.689319397224462,54.16877652702192,233.43700342328438,0.7073145999017305,0.0037739676424156194,0.017271470868829113,0.7066777980297076
152.70000000000002,3766.7311820347827,7884.947114148121,133787.4941919771,21.688137035422,54.16870088630134,232.48124106587267,0.7073134194896525,0.003774368541439084,0.017283826106313523,0.7066786752882067
152.8,3768.899785274567,7890.363969477503,133810.62074935835,21.68697215859148,54.16862528277211,231.52547865829783,0.7073122364078994,0.0037747695358781646,0.017296182953614854,0.7066795549595599
152.9,3771.0683885143517,7895.780824806885,133833.6635419174,21.68580728176096,54.16854967924289,230.56971622054658,0.7073110531225255,0.003775170920551503,0.017308539846594247,0.7066804346121403
153.0,3773.236991754137,7901.197680136267,133856.69450293182,21.684642404930443,54.16847407571367,229.613953778533,0.707309869692925,0.003775572361213721,0.017320896783494754,0.706681314188325
153.1,3775.405594993921,7906.614535465649,133879.72546394623,21.683477528099925,54.16839847218444,228.6581913365194,0.7073086861492828,0.0037759738027789255,0.017333253763522488,0.706682193658214
153.20000000000002,3777.573836193416,7912.031370135451,133902.5401093762,21.682347861376307,54.168322896050604,227.70242883043372,0.7073075002460868,0.0037763756084029094,0.01734561555647682,0.7066830751502848
153.3,3779.741870168552,7917.448187678551,133925.18878552213,21.681235679620325,54.16824735572496,226.7466662751889,0.7073063116746006,0.0037767775077831023,0.017357978919999385,0.7066839590543585
153.4,3781.909904143688,7922.865005221651,133947.75369682806,21.680123497864344,54.16817181539932,225.790903690364,0.7073051228994715,0.0037771797802525447,0.017370342329414448,0.706684842939503
153.5,3784.0779381188245,7928.281822764751,133970.3067765869,21.67901131610836,54.16809627507367,224.83514110136102,0.707303933979988,0.003777582106296551,0.017382705782959675,0.7066857267481252
153.60000000000002,3786.2459720939614,7933.698640307853,133992.85985634572,21.67789913435238,54.16802073474803,223.87937851235776,0.7073027449462956,0.0037779844332521857,0.017395069279839023,0.7066866104503517
153.70000000000002,3788.4136616338574,7939.1154372047795,134015.19662048836,21.676822162692016,54.167945220657934,222.92361586059178,0.707301553555839,0.0037783871117054333,0.017407437429053034,0.7066874961752785
153.8,3790.5811526918783,7944.532216992564,134037.36741532266,21.675762675994644,54.16786974099303,221.96785316067053,0.7073003594988919,0.003778789881164379,0.017419807101182586,0.7066883843111685
153.9,3792.748643749899,7949.948996780349,134059.45444530045,21.674703189297276,54.16779426132811,221.0120904317379,0.7072991652382755,0.003779193008786829,0.017432176819418388,0.7066892724279727
154.0,3794.9161348079206,7955.365776568135,134081.52964372875,21.6736437025999,54.167718781663204,220.05632769870755,0.7072979708331784,0.003779596187882923,0.017444546581992775,0.7066901604681315
154.10000000000002,3797.083625865942,7960.782556355921,134103.60484215707,21.672584215902532,54.1676433019983,219.10056496567688,0.7072967763137087,0.0037799993678992124,0.01745691638810759,0.7066910484017983
154.20000000000002,3799.2507900937676,7966.199315510359,134125.46372493813,21.671559939288983,54.167567847408925,218.14480217119257,0.7072955794397889,0.003780402888020488,0.01746929069689939,0.706691938358918
154.3,3801.4177645821983,7971.6160575725235,134147.15663838707,21.670553147633534,54.167492425861695,217.18903932955737,0.7072943799007615,0.0037808064966548933,0.017481666483652833,0.706692830726325
154.4,3803.584739070629,7977.032799634688,134168.76578696485,21.66954635597808,54.167417004314466,216.23327645942348,0.7072931801580322,0.0037812104512708537,0.01749404231672561,0.7066937230744881
154.5,3805.7517135590597,7982.449541696851,134190.3631039911,21.668539564322632,54.167341582767236,215.2775135852642,0.7072919802706975,0.0037816144556470426,0.01750641819434483,0.7066946153458853
154.60000000000002,3807.9186880474913,7987.866283759017,134211.9604210174,21.667532772667183,54.167266161220006,214.3217507111046,0.7072907802688294,0.0037820184609519292,0.017518794115710227,0.7066955075106978
154.70000000000002,3810.085353310765,7993.283005200082,134233.34142236604,21.666561191083186,54.16719076358818,213.36598777680075,0.7072895779146469,0.0037824227964379,0.017531174403572772,0.706696401699585
154.8,3812.2518375771224,7998.699709565048,134254.5564543592,21.665607094452124,54.1671153976155,212.41022479635063,0.7072883728966781,0.0037828272182667015,0.017543556127698694,0.7066972982980766
154.9,3814.418321843479,8004.116413930014,134275.68772146504,21.66465299782106,54.167040031642806,211.45446178797863,0.7072871676749777,0.0037832319729747634,0.017555937898356615,0.7066981948771736
155.0,3816.584806109836,8009.533118294979,134296.8071570171,21.66369890119,54.16696466567012,210.49869877566283,0.7072859623085499,0.0037836367755995875,0.017568319713768373,0.7066990913793887
155.10000000000002,3818.751290376194,8014.949822659948,134317.92659256916,21.662744804558937,54.16688929969744,209.54293576334672,0.707284756827431,0.003784041579161548,0.017580701573131546,0.7066999877749296
155.20000000000002,3820.9174830224265,8020.366506415483,134338.8297124138,21.66182591798626,54.166813956479906,208.58717269219585,0.7072835489962718,0.0037844467023190405,0.017593087658743106,0.7067008861951622
155.3,3823.0835034142174,8025.7831731104025,134359.56686288016,21.660924516361032,54.1667386435387,207.63140957590352,0.7072823385027397,0.0037848519095035416,0.01760547513833301,0.706701787024253
155.4,3825.2495238060083,8031.199839805322,134380.2202484463,21.660023114735804,54.16666333059749,206.67564643216346,0.7072811278054416,0.0037852574389761642,0.017617862664666962,0.7067026878337964
155.5,3827.4155441977987,8036.6165065002415,134400.8618024568,21.659121713110576,54.16658801765629,205.71988328454648,0.7072799169632953,0.0037856630148767317,0.017630250235961584,0.7067035885663446
155.60000000000002,3829.58156458959,8042.033173195163,134421.50335646735,21.658220311485348,54.16651270471508,204.76412013692928,0.7072787060063029,0.003786068591722818,0.017642637851412336,0.7067044891921321
155.70000000000002,3831.7473109662815,8047.449819291739,134441.92859474136,21.657354119902998,54.16643741336758,203.8083569317871,0.7072774927013522,0.0037864744795823827,0.01765502957097177,0.7067053918429888
155.8,3833.912893831003,8052.866448342492,134462.1878636148,21.656505413261524,54.1663621509132,202.85259368250843,0.7072762767354184,0.0037868804495925002,0.017667422646536885,0.7067062969018834
155.9,3836.078476695724,8058.283077393245,134482.36336757548,21.65565670662005,54.16628688845883,201.89683040625056,0.7072750605656842,0.0037872867316882538,0.017679815769057614,0.706707201941081
156.0,3838.2440595604457,8063.6997064439975,134502.52703997877,21.654807999978576,54.16621162600446,200.94106712618196,0.7072738442509829,0.00378769305877799,0.017692208936745397,0.7067081069031734
156.10000000000002,3840.409642425168,8069.116335494752,134522.6907123821,21.653959293337103,54.16613636355008,199.98530384611308,0.7072726278212834,0.003788099386821575,0.017704602148793543,0.7067090117584215
156.20000000000002,3842.5749688797987,8074.532943957663,134542.63806902047,21.653145796696503,54.166061121512776,199.02954050982933,0.7072714090456732,0.003788506017430548,0.01771699934716369,0.7067099186390668
156.3,3844.7401405649243,8079.949535388848,134562.41945623644,21.652349784978508,54.16598590697881,198.0737771304142,0.707270187610462,0.0037889127283429226,0.017729397865225816,0.7067108279269079
156.4,3846.9053122500495,8085.366126820033,134582.1170785267,21.651553773260513,54.165910692444854,197.11801372451504,0.7072689659714174,0.0037893197407612,0.017741796430454725,0.7067117371949079
156.5,3849.070483935175,8090.78271825122,134601.80286925772,21.65075776154252,54.16583547791089,196.1622503148751,0.707267744187289,0.0037897267966861695,0.017754195041056624,0.7067126463856963
156.60000000000002,3851.2356556203017,8096.199309682407,134621.48865998874,21.64996174982452,54.165760263376924,195.2064869052349,0.7072665222880125,0.003790133853573269,0.017766593696222667,0.7067135554695593
156.70000000000002,3853.4005885003326,8101.615880535668,134640.95813492706,21.649200948084793,54.16568506809486,194.25072344069002,0.7072652980444634,0.0037905412040597935,0.017778996218274532,0.7067144665796276
156.8,3855.565375353317,8107.03243437061,134660.26164042164,21.64845763125794,54.16560989893151,193.29495993401903,0.7072640711422072,0.003790948632891028,0.017791400023915774,0.7067153800965439
156.9,3857.730162206302,8112.448988205552,134679.48138097755,21.64771431443109,54.165534729768154,192.33919640136818,0.7072628440360861,0.00379135635269705,0.017803803876934584,0.7067162935934796
157.0,3859.894949059287,8117.865542040495,134698.68928997236,21.64697099760424,54.165459560604795,191.38343286504772,0.7072616167847663,0.003791764114529296,0.017816207775531875,0.7067172070131001
157.10000000000002,3862.059735912272,8123.282095875438,134717.8971989672,21.646227680777386,54.16538439144145,190.427669328727,0.707260389418151,0.003792171877331899,0.017828611718896655,0.7067181203257172
157.20000000000002,3864.2243015651475,8128.698629139507,134736.88879214218,21.645519573911386,54.16530924059881,189.47190573881207,0.7072591597094593,0.0037925799245801563,0.01784101941026898,0.706719035664802
157.3,3866.388729933432,8134.115145394482,134755.71441585265,21.644828951950824,54.16523411484416,188.5161421077765,0.7072579273435601,0.003792988048170588,0.01785342834968229,0.7067199534097794
157.4,3868.5531583017164,8139.531661649457,134774.45627461158,21.644138329990263,54.16515898908952,187.56037845126806,0.7072566947737644,0.003793396452395034,0.017865837336683458,0.7067208711346398
157.5,3870.7175866700004,8144.948177904432,134793.18630180764,21.643447708029704,54.16508386333487,186.6046147911617,0.7072554620586575,0.0037938048971920746,0.017878246369468144,0.7067217887820846
157.60000000000002,3872.8820150382853,8150.364694159408,134811.9163290037,21.642757086069143,54.16500873758022,185.64885113105507,0.7072542292281102,0.003794213342967642,0.01789065544722318,0.7067227063224505
157.70000000000002,3875.046239811437,8155.78118985392,134830.43004035347,21.642101674052217,54.16493362883992,184.69308741866496,0.7072529940574852,0.0037946220639621165,0.017903068155400024,0.7067236258897374
157.8,3877.210336042448,8161.197668553889,134848.77778221839,21.64146374693338,54.16485854358377,183.7373236661599,0.7072517562309338,0.003795030859281105,0.017915482076756504,0.7067245478621738
157.9,3879.374432273459,8166.614147253859,134867.0417591228,21.64082581981454,54.16478345832762,182.78155988854397,0.7072505182004497,0.003795439927696133,0.017927896045910535,0.7067254698143528
158.0,3881.5385285044704,8172.030625953828,134885.2939044631,21.640187892695703,54.16470837307146,181.8257961073812,0.7072492800245421,0.0037958490356259744,0.01794031006105263,0.7067263916890175
158.10000000000002,3883.702624735482,8177.4471046538,134903.54604980335,21.639549965576865,54.16463328781532,180.8700323262181,0.7072480417330519,0.0037962581445424664,0.017952724121367468,0.7067273134565306
158.20000000000002,3885.866534976327,8182.863562802534,134921.5818792715,21.638947248381857,54.16455821831337,179.9142684940804,0.707246801102952,0.003796667522081924,0.01796514171796155,0.706728237251365
158.3,3888.0303254174787,8188.280003969664,134939.45173923502,21.63836201607616,54.16448317076332,178.9585046228319,0.7072455578178711,0.003797076972506569,0.01797756049842821,0.7067291634508077
158.4,3890.1941158586305,8193.696445136795,134957.23783422328,21.637776783770466,54.16440812321327,178.00274072707248,0.707244314328834,0.0037974866836003257,0.017989979326902075,0.706730089629869
158.5,3892.3579062997815,8199.112886303925,134975.01209764532,21.63719155146477,54.16433307566322,177.04697682785093,0.7072430706942654,0.0037978964324605177,0.01800239820156824,0.7067310157313226
158.60000000000002,3894.521696740934,8204.529327471058,134992.78636106735,21.63660631915907,54.164258028113174,176.09121292862912,0.7072418269439732,0.0037983061823154258,0.018014817121609183,0.7067319417255536
158.70000000000002,3896.685318796875,8209.945748094648,135010.3443085921,21.63605629675394,54.164182995141786,175.13544897974194,0.7072405808571174,0.003798716189841088,0.01802723945020073,0.7067328697478287
158.8,3898.8488297955646,8215.362151747433,135027.73628659287,21.63552375922759,54.16410798272089,174.17968499274855,0.7072393321164502,0.003799126267856578,0.01803966292643162,0.7067338001741386
158.9,3901.012340794254,8220.778555400217,135045.04449960473,21.634991221701235,54.164032970300006,173.22392098181462,0.7072380831718039,0.0037995365947048752,0.01805208645087887,0.7067347305799455
159.0,3903.175851792944,8226.194959053002,135062.3408810484,21.634458684174884,54.16395795787911,172.26815696749915,0.7072368340815197,0.003799946957654588,0.01806451002172215,0.7067356609080534
159.10000000000002,3905.339362791634,8231.611362705788,135079.6372624921,21.633926146648534,54.16388294545823,171.3123929531834,0.7072355848753744,0.003800357321607012,0.018076933638141758,0.7067365911288713
159.20000000000002,3907.502723010057,8237.027745822867,135096.717328014,21.633428818996993,54.16380794632982,170.3566288905134,0.7072343333344718,0.003800767932787864,0.01808936054195435,0.706737523378552
159.3,3909.6659809136645,8242.444111980341,135113.63142399315,21.632948976212973,54.163732966183694,169.40086479074319,0.7072330791407172,0.003801178612175898,0.018101788559120716,0.7067384580318659
159.4,3911.829238817272,8247.860478137818,135130.46175497133,21.632469133428952,54.16365798603757,168.44510066754836,0.7072318247429593,0.0038015895298281147,0.018114216624712062,0.7067393926645548
159.5,3913.9924967208794,8253.276844295293,135147.28025437964,21.63198929064493,54.16358300589144,167.48933654104493,0.7072305701994591,0.003802000482095731,0.018126644736902717,0.7067403272194562
159.60000000000002,3916.1557546244876,8258.69321045277,135164.09875378796,21.63150944786091,54.163508025745315,166.53357241454123,0.7072293155399624,0.0038024114353739876,0.018139072894870777,0.7067412616670029
159.70000000000002,3918.318879352758,8264.109556080457,135180.70093725066,21.631064814921913,54.16343305777353,165.5778082409951,0.7072280585473918,0.0038028226263991357,0.018151504229676454,0.7067421981441034
159.8,3920.4819105086435,8269.525884757019,135197.1371511523,21.63063766683751,54.163358107475034,164.62204403135522,0.7072267989028946,0.003803233883559573,0.018163936646454656,0.7067431370244037
159.9,3922.644941664529,8274.942213433584,135213.4896000397,21.630210518753113,54.16328315717654,163.66627979887588,0.7072255390543745,0.0038036453674547867,0.01817636911186613,0.7067440758839634
160.0,3924.8079728204143,8280.358542110147,135229.8302173554,21.62978337066871,54.16320820687803,162.7105155631705,0.7072242790600098,0.0038040568843436136,0.018188801624079768,0.7067450146656499
160.10000000000002,3926.9710039763004,8285.774870786712,135246.17083467107,21.62935622258431,54.16313325657953,161.75475132746487,0.7072230189495157,0.003804468402250943,0.018201234182271476,0.7067459533399194
160.20000000000002,3929.133919561762,8291.191178938769,135262.29513601793,21.628964284309966,54.163058317345936,160.79898704602894,0.7072217565078078,0.003804880147109152,0.01821366979924233,0.7067468940444814
160.3,3931.2967503172617,8296.60747014741,135278.25346778595,21.628589830875026,54.162983394493075,159.843222729506,0.7072204914151873,0.0038052919557420325,0.018226106465830116,0.7067478371517586
160.4,3933.4595810727615,8302.023761356053,135294.1280345292,21.628215377440085,54.16290847164022,158.88745839062045,0.7072192261185192,0.00380570398216908,0.01823854318125884,0.7067487802381752
160.5,3935.622411828261,8307.440052564694,135309.99076969922,21.627840924005145,54.16283354878736,157.93169404857622,0.7072179606759058,0.0038061160403335672,0.01825097994369211,0.7067497232466352
160.60000000000002,3937.7852425837614,8312.856343773337,135325.85350486924,21.62746647057021,54.16275862593451,156.97592970653173,0.707216695117032,0.003806528099524351,0.018263416752303644,0.7067506661476182
160.70000000000002,3939.9479753737314,8318.272614462536,135341.4999240479,21.627127226904026,54.16268371298852,156.02016532006928,0.7072154272285816,0.00380694037683444,0.018275856521281882,0.7067516110793635
160.8,3942.110632076154,8323.688868215895,135356.98037363042,21.626805468059278,54.16260881506038,155.06440089952667,0.7072141566901948,0.0038073527159893277,0.018288297312618773,0.7067525584132526
160.9,3944.2732887785774,8329.105121969253,135372.37705817804,21.626483709214526,54.162533917132244,154.10863645709043,0.7072128859477348,0.0038077652649131165,0.0183007381530038,0.7067535057261611
161.0,3946.435945481,8334.521375722612,135387.761911151,21.62616195036978,54.1624590192041,153.15287201156175,0.7072116150592306,0.003808177844447415,0.01831317904059537,0.7067544529610315
161.10000000000002,3948.5986021834237,8339.937629475971,135403.146764124,21.62584019152503,54.16238412127596,152.19710756603283,0.7072103440543371,0.003808590425015754,0.018325619974565013,0.7067554000883675
161.20000000000002,3950.761178525188,8345.353862714483,135418.3153010837,21.625553642400135,54.16230923207637,151.24134307739834,0.7072090707214546,0.003809003214979145,0.018338063775648228,0.706756349246871
161.3,3952.9236875218103,8350.770079024223,135433.3178684305,21.625284578075338,54.162234356505344,150.2855785556907,0.7072077947395983,0.00380941606488087,0.018350508573890253,0.7067573008069168
161.4,3955.0861965184326,8356.186295333964,135448.23667073186,21.62501551375054,54.162159480934314,149.32981401258493,0.7072065185536198,0.0038098291165906974,0.01836295342138787,0.7067582523458886
161.5,3957.248705515055,8361.602511643705,135463.1436414571,21.624746449425746,54.16208460536328,148.3740494664568,0.707205242221492,0.003810242197793186,0.01837539831629384,0.706759203806751
161.60000000000002,3959.4112145116783,8367.018727953448,135478.05061218233,21.62447738510095,54.16200972979225,147.41828492032838,0.707203965772848,0.003810655280037406,0.018387843257777335,0.7067601551600236
161.70000000000002,3961.5736598942276,8372.43492375239,135492.74126687922,21.624243530437802,54.161934861766476,146.4625203320291,0.7072026869976122,0.0038110685624432802,0.018400290974009314,0.7067611085450595
161.8,3963.736046015525,8377.851102628993,135507.2659519516,21.624027160549243,54.16186000597791,145.5067557113738,0.7072014055741059,0.003811481902770968,0.018412739663496394,0.7067620643312699
161.9,3965.8984321368225,8383.267281505598,135521.70687196808,21.623810790660677,54.16178515018934,144.55099106982493,0.7072001239464691,0.003811895437185671,0.018425188402445173,0.706763020096276
162.0,3968.06081825812,8388.683460382203,135536.13596040694,21.62359442077212,54.16171029440078,143.59522642532485,0.7071988421725919,0.003812309000008958,0.018437637189003445,0.7067639757830905
162.10000000000002,3970.223204379418,8394.099639258811,135550.5650488458,21.623378050883556,54.16163543861221,142.63946178082452,0.707197560282073,0.003812722563881609,0.018450086022338344,0.7067649313622618
162.20000000000002,3972.385545029406,8399.515797628084,135564.77782123155,21.623196890588165,54.161560589179516,141.6836970957028,0.7071962760666294,0.0038131363184916557,0.018462537542451495,0.7067658889734293
162.3,3974.547835573268,8404.931939080781,135578.82462397375,21.623033215037413,54.16148575058982,140.7279323794139,0.7071949892040019,0.003813550128962103,0.01847499001415655,0.7067668489849693
162.4,3976.71012611713,8410.348080533477,135592.7876616498,21.622869539486665,54.16141091200012,139.77216764273876,0.7071937021372308,0.00381396412605038,0.018487442535529135,0.7067678089751813
162.5,3978.8724166609913,8415.764221986174,135606.73886774678,21.622705863935913,54.161336073410425,138.81640290318418,0.7071924149241277,0.003814378150498704,0.018499895104712036,0.7067687688871234
162.60000000000002,3981.034707204854,8421.18036343887,135620.69007384378,21.622542188385165,54.16126123482073,137.86063816362932,0.70719112759426,0.0038147921760039666,0.018512347720870296,0.7067697286913713
162.70000000000002,3983.1969702450465,8426.596484387112,135634.42496386496,21.622413722346526,54.161186401390225,136.90487338492554,0.7071898379410131,0.0038152063827493715,0.01852480294222985,0.7067706905278206
162.8,3985.359192199886,8432.012588423844,135647.9938842253,21.622302741017005,54.16111157740498,135.94910857618433,0.7071885456415752,0.003815620643277992,0.018537259096445876,0.7067716547638648
162.9,3987.521414154725,8437.428692460577,135661.47903951228,21.622191759687485,54.161036753419744,134.99334374741912,0.7071872531379658,0.0038160350852784156,0.018549715300535043,0.7067726189784629
163.0,3989.683636109564,8442.844796497307,135674.95236321917,21.62208077835797,54.16096192943451,134.03757891582558,0.707185960487931,0.0038164495539184527,0.018562171552635048,0.7067735831147168
163.10000000000002,3991.8458580644037,8448.260900534042,135688.4256869261,21.62196979702845,54.16088710544926,133.08181408423178,0.7071846677210094,0.0038168640236229535,0.01857462785190881,0.7067745471432272
163.20000000000002,3994.008070163066,8453.676984068594,135701.68269453768,21.62189402511533,54.16081228541802,132.1260492148207,0.7071833726317797,0.003817278667787766,0.0185870867049103,0.7067755132038305
163.3,3996.1702499515277,8459.093050696009,135714.77373247338,21.62183573786932,54.16073747343009,131.17028431639392,0.7071820748971399,0.0038176933642552657,0.018599546480435724,0.7067764816632445
163.4,3998.3324297399895,8464.509117323423,135727.78100532398,21.621777450623306,54.16066266144217,130.2145193985435,0.707180776958322,0.0038181082337460114,0.01861200630603959,0.706777450101093
163.5,4000.494609528451,8469.925183950838,135740.77644659285,21.62171916337729,54.160587849454245,129.25875447794954,0.7071794788729904,0.0038185231286894036,0.018624466179854547,0.7067784184605223
163.60000000000002,4002.656789316913,8475.341250578254,135753.77188786172,21.621660876131273,54.16051303746632,128.30298955735532,0.707178180670651,0.003818938024704727,0.018636926101041434,0.7067793867121593
163.70000000000002,4004.81897730101,8480.757296704376,135766.5510130141,21.62163779818935,54.160438228448164,127.34722460045364,0.7071768801475145,0.0038193530839443564,0.018649388498148053,0.7067803569960708
163.8,4006.981142060292,8486.173325925836,135779.1641684743,21.621632204865193,54.16036342641891,126.39145961569471,0.7071755769799029,0.003819768193027625,0.018661851803775376,0.7067813296779614
163.9,4009.143306819574,8491.589355147295,135791.6935588386,21.621626611541032,54.160288624389665,125.4356946120828,0.7071742736080892,0.0038201834674086352,0.0186743151596865,0.7067823023381835
164.0,4011.3054715788558,8497.005384368753,135804.2111176196,21.62162101821687,54.16021382236042,124.47992960580794,0.7071729700896694,0.0038205987661574094,0.01868677856400878,0.7067832749199174
164.10000000000002,4013.4676363381386,8502.421413590213,135816.72867640064,21.621615424892713,54.160139020331165,123.52416459953284,0.7071716664541222,0.0038210140659855076,0.018699242015900844,0.7067842473938125
164.20000000000002,4015.6298267107086,8507.837422312157,135829.02991904857,21.621645040741342,54.16006421990095,122.56839955818094,0.7071703604989323,0.0038214295183860458,0.018711707881888095,0.7067852219001111
164.3,4017.792002457307,8513.253414133493,135841.1651919916,21.62169214114996,54.159989424826506,121.61263448991605,0.70716905189993,0.003821845018300437,0.018724174648373507,0.7067861988036748
164.4,4019.9541782039055,8518.669405954826,135853.2166998293,21.621739241558576,54.15991462975206,120.6568694033144,0.7071677430966996,0.003822260676823842,0.018736641465347783,0.7067871756854659
164.5,4022.116353950504,8524.085397776164,135865.25637608237,21.621786341967194,54.15983983467761,119.70110431412274,0.7071664341467713,0.003822676358776509,0.018749108330933035,0.706788152488701
164.60000000000002,4024.2785296971033,8529.501389597499,135877.29605233544,21.621833442375813,54.15976503960316,118.7453392249308,0.707165125079597,0.003823092041815829,0.018761575244285695,0.7067891291840521
164.70000000000002,4026.440748431209,8534.917360920184,135889.1194124397,21.621915751804973,54.15969024479158,117.78957410187377,0.7071638136936228,0.0038235078678683907,0.018774044531778226,0.7067901079116728
164.8,4028.6029611048875,8540.333315345159,135900.776802827,21.622015545727095,54.15961545376809,116.83380895283334,0.7071624996643694,0.003823923739344609,0.018786514719412135,0.7067910890357728
164.9,4030.7651737785654,8545.749269770131,135912.35042809858,21.62211533964922,54.159540662744604,115.87804378604157,0.707161185430869,0.003824339762131558,0.01879898495773974,0.7067920701379937
165.0,4032.927386452244,8551.165224195103,135923.91222178412,21.62221513357134,54.15946587172111,114.92227861674247,0.707159871050581,0.0038247558073231077,0.01881145524487796,0.7067930511615901
165.10000000000002,4035.089599125922,8556.581178620077,135935.47401546966,21.622314927493463,54.159391080697624,113.9665134474431,0.7071585565529289,0.003825171853608566,0.018823925579981075,0.7067940320772579
165.20000000000002,4037.2518723147964,8561.997112546253,135946.81949299027,21.622449930261126,54.159316288673196,113.01074824555798,0.7071572397372579,0.00382558803225089,0.018836398255554068,0.7067950150249703
165.3,4039.414148126562,8567.413029576306,135957.99900078154,21.62260241744468,54.159241498993445,112.05498301867104,0.7071559202788026,0.003826004253985454,0.01884887183559949,0.7067960003682912
165.4,4041.576423938328,8572.828946606356,135969.09474344898,21.62275490462823,54.15916670931369,111.0992177745099,0.7071546006160795,0.003826420621265458,0.018861345466543163,0.7067969856896207
165.5,4043.738699750094,8578.244863636408,135980.1786545292,21.62290739181178,54.15909191963394,110.14345252790882,0.7071532808064794,0.0038268370101418674,0.018873819146496943,0.706797970932257
165.60000000000002,4045.9009755618604,8583.660780666463,135991.26256560942,21.623059878995335,54.15901712995418,109.18768728130748,0.7071519608793976,0.0038272534001193717,0.018886292874612996,0.7067989560669206
165.70000000000002,4048.063286211614,8589.076681047933,136002.1301605089,21.623239088219854,54.15894233905477,108.23192200342233,0.7071506386398935,0.00382766991409144,0.018898768548141324,0.7067999432382429
165.8,4050.2255891132136,8594.492566234032,136012.83178566696,21.62343203570588,54.15886754939779,107.2761567015343,0.7071493137602815,0.003828086469333682,0.018911244966902024,0.706800932806507
165.9,4052.3879559979678,8599.908445723855,136023.44964569338,21.62363753636253,54.158792758011245,106.3203913828418,0.7071479886685355,0.003828503164563567,0.018923722023499876,0.7068019223448258
166.0,4054.550366332159,8605.324321345475,136034.05567413146,21.623851561578437,54.1587179654502,105.36462606177574,0.7071466634244853,0.0038289198805880127,0.01893619952774659,0.7068029117990468
166.10000000000002,4056.7127766663507,8610.740196967094,136044.66170256957,21.62406558679434,54.15864317288916,104.4088607407094,0.7071453380628276,0.0038293365977206304,0.018948677080354297,0.7068039011452433
166.20000000000002,4058.8752514132134,8616.156054872046,136055.0514148117,21.624308684035984,54.15856837755229,103.45309538966879,0.7071440103872327,0.0038297534309839954,0.01896115671348052,0.7068048925256574
166.3,4061.0377324351357,8621.571897110718,136065.27515730067,21.62456655684445,54.15849358194945,102.49733001563008,0.7071426800710461,0.003830170303796331,0.018973637165653392,0.7068058863012449
166.4,4063.200213457058,8626.98773934939,136075.41513464996,21.62482442965291,54.15841878634661,101.54156462528286,0.7071413495505473,0.003830587310942708,0.018986117669133787,0.7068068800546142
166.5,4065.3626944789803,8632.403581588063,136085.5432804098,21.625082302461376,54.15834399074377,100.58579923263213,0.7071400188829905,0.0038310043381140184,0.018998598222023474,0.7068078737291508
166.60000000000002,4067.5251755009035,8637.819423826737,136095.67142616963,21.62534017526984,54.158269195140925,99.63003383998111,0.7071386880977142,0.003831421366400604,0.019011078823470397,0.7068088672956251
166.70000000000002,4069.6877689569965,8643.235245561973,136105.5832557231,21.625633256249056,54.15819439467999,98.6742684182905,0.707137354994113,0.003831838503104759,0.019023561840478494,0.70680986289137
166.8,4071.8503905766142,8648.651050400964,136115.32911551537,21.625943821346734,54.15811959222318,97.71850297431887,0.7071360192480177,0.003832255677668206,0.01903604583831053,0.7068108608795778
166.9,4074.013012196232,8654.066855239955,136124.99121016005,21.626254386444415,54.158044789766365,96.76273751454347,0.7071346832975836,0.0038326729809152996,0.019048529887655142,0.7068118588454545
167.0,4076.1756338158493,8659.482660078947,136134.64147321414,21.62656495154209,54.15796998730956,95.80697205253584,0.7071333471999982,0.0038330903033951917,0.019061013986608998,0.7068128567324276
167.10000000000002,4078.338255435468,8664.89846491794,136144.29173626823,21.626875516639767,54.157895184852755,94.85120659052794,0.7071320109845719,0.003833507626997345,0.019073498134317916,0.7068138545112915
167.20000000000002,4080.501007628766,8670.314249250694,136153.72568309892,21.6272212896316,54.157820376243016,93.89544110102973,0.707130672450067,0.0038339250521978643,0.019085984776794948,0.7068148543176709
167.3,4082.6637971384775,8675.73001668578,136162.99366015542,21.627584546619957,54.15774556420767,92.93967559043926,0.7071293312729953,0.0038343425137658217,0.019098472447379625,0.7068158565150263
167.4,4084.8265866481893,8681.145784120867,136172.17787205655,21.62794780360832,54.157670752172315,91.98391006455266,0.7071279898915517,0.0038347600984845968,0.01911096016968238,0.7068168586899392
167.5,4086.9893761579015,8686.561551555953,136181.350252366,21.628311060596676,54.157595940136964,91.02814453650554,0.7071266483628598,0.003835177701660585,0.01912344794179475,0.7068178607858764
167.60000000000002,4089.152165667614,8691.977318991041,136190.52263267545,21.628674317585038,54.157521128101614,90.07237900845811,0.7071253067162032,0.0038355953059657495,0.019135935762860393,0.7068188627736558
167.70000000000002,4091.3151037168236,8697.393065916463,136199.47869674626,21.6290727821652,54.15744630858785,89.11661345439336,0.7071239627490762,0.003836013006657829,0.019148426197011414,0.7068198667867461
167.8,4093.478088102118,8702.808795942115,136208.26879103115,21.629488730608575,54.15737148418716,88.16084788036646,0.7071226161389944,0.003836430742578316,0.019160917720985438,0.7068208731892343
167.9,4095.6410724874127,8708.224525967766,136216.9751201553,21.629904679051947,54.15729665978646,87.20508229140572,0.7071212693244918,0.003836848597810486,0.01917340929688369,0.7068218795691678
168.0,4097.804056872707,8713.640255993418,136225.66961768703,21.630320627495323,54.15722183538577,86.24931670033561,0.7071199223626373,0.003837266470963468,0.019185900922792536,0.7068228858700525
168.10000000000002,4099.967041258003,8719.05598601907,136234.36411521878,21.630736575938695,54.15714701098508,85.29355110926524,0.7071185752826911,0.0038376843452524816,0.019198392597853425,0.7068238920627272
168.20000000000002,4102.130191829389,8724.471695530974,136242.84229649897,21.631187731646435,54.15707217775886,84.33778549350997,0.7071172258800621,0.003838102313343842,0.01921088705374024,0.7068249002779444
168.3,4104.2933975116575,8729.887388140283,136251.15450798336,21.631656371072943,54.15699733816619,83.3820198588149,0.7071158738336895,0.0038385203161012496,0.019223382678374795,0.7068259108808911
168.4,4106.456603193927,8735.303080749592,136259.38295429826,21.63212501049945,54.156922498573515,82.42625420978655,0.7071145215828349,0.003838938431858507,0.019235878355141088,0.7068269214611884
168.5,4108.619808876195,8740.718773358898,136267.59956901948,21.63259364992596,54.15684765898084,81.47048855873366,0.7071131691845164,0.00383935656465087,0.01924837408211991,0.706827931962365
168.60000000000002,4110.783014558465,8746.134465968209,136275.81618374074,21.63306228935247,54.156772819388166,80.51472290768051,0.7071118166679743,0.003839774698586052,0.019260869858450352,0.706828942355275
168.70000000000002,4112.946404477792,8751.550138059014,136283.8164821968,21.633566135691726,54.1566979696042,79.55895723345327,0.7071104618255826,0.0038401929278606274,0.019273368646738002,0.7068299547671245
168.8,4115.10985859311,8756.965793243658,136291.65081084656,21.634087465594625,54.15662311195991,78.60319154144538,0.7071091043383096,0.0038406111921423804,0.019285868703466148,0.7068309695647871
168.9,4117.273312708429,8762.381448428305,136299.4013743189,21.634608795497527,54.156548254315624,77.64742583567516,0.7071077466464594,0.003841029563618832,0.019298368812535337,0.7068319843397252
169.0,4119.436766823748,8767.797103612951,136307.14010619643,21.63513012540043,54.15647339667134,76.69166012796104,0.7071063888070179,0.003841447951316228,0.019310868972020296,0.7068329990354733
169.10000000000002,4121.600220939067,8773.212758797597,136314.87883807396,21.635651455303332,54.15639853902704,75.73589442024664,0.7071049169997077,0.003841866958727848,0.019323372292241636,0.7068341274276189
169.20000000000002,4123.763876707923,8778.628393458293,136322.40125367584,21.636207991744033,54.15632366980787,74.78012869058946,0.7071031907719055,0.0038422874146832376,0.01933588564202283,0.7068355098281718
169.3,4125.927605271124,8784.044011208523,136329.7576994635,21.636782011582916,54.15624879122087,73.82436294409634,0.7071014612937303,0.0038427079056732685,0.01934840037231293,0.706836895213638
169.4,4128.091333834324,8789.459628958753,136337.03038006678,21.637356031421803,54.15617391263387,72.86859718435733,0.7070997316961914,0.003843128533006987,0.01936091543560879,0.7068382804798763
169.5,4130.255062397526,8794.875246708982,136344.29122907433,21.63793005126069,54.15609903404687,71.91283142274737,0.7070980019742819,0.003843549194481383,0.01937343070627973,0.7068396656358761
169.60000000000002,4132.418790960726,8800.290864459213,136351.55207808188,21.63850407109957,54.15602415545987,70.95706566113716,0.7070962721289177,0.0038439698575477793,0.019385946039674737,0.7068410506848541
169.70000000000002,4134.582738550326,8805.706461679354,136358.59661080412,21.639113297078897,54.15594926389668,70.00129987879643,0.707094538555068,0.003844390629309785,0.019398465017323237,0.7068424391342503
169.8,4136.746767499222,8811.12204198396,136365.47517370468,21.639740006281013,54.15587436144409,69.04553408054988,0.7070928017146,0.003844811441037685,0.019410985541272224,0.70684383057978
169.9,4138.910796448117,8816.537622288566,136372.2699714135,21.64036671548313,54.155799458991495,68.08976826964303,0.7070910647583689,0.003845232349287321,0.019423506128448488,0.7068452219098141
170.0,4141.074825397013,8821.953202593173,136379.05293752553,21.640993424685245,54.1557245565389,67.13400245694793,0.7070893276795995,0.0038456532725455374,0.019436026778660655,0.706846613131575
170.10000000000002,4143.238854345909,8827.368782897782,136385.83590363755,21.641620133887365,54.155649654086304,66.17823664425255,0.7070875904771768,0.0038460741974048807,0.019448547491872525,0.7068480042462487
170.20000000000002,4145.403119847398,8832.784342665453,136392.40255345457,21.64228204881084,54.1555747372383,65.22247081210672,0.7070858495008838,0.003846495277529099,0.019461072539438278,0.7068493987868337
170.3,4147.567475390845,8838.19988551176,136398.80323344245,21.642961446772098,54.15549980796438,64.2667049650372,0.7070841052389667,0.003846916407885153,0.01947359935741917,0.7068507963358516
170.4,4149.731830934293,8843.615428358067,136405.12014823282,21.643640844733355,54.155424878690475,63.31093910578459,0.7070823608610818,0.0038473376303678093,0.019486126238909895,0.7068521937693043
170.5,4151.89618647774,8849.030971204375,136411.42523142556,21.64432024269461,54.155349949416554,62.355173244811155,0.7070806163604442,0.003847758867246287,0.019498653183718184,0.706853591094404
170.60000000000002,4154.060542021189,8854.446514050684,136417.73031461833,21.644999640655865,54.155275020142646,61.399407383837456,0.7070788717359369,0.003848180105735255,0.019511180191807694,0.706854988312335
170.70000000000002,4156.225151694388,8859.862036352497,136423.81908150678,21.64571424389831,54.1552000750359,60.44364150471597,0.7070771232876365,0.0038486015410059797,0.019523712222878735,0.7068563889861201
170.8,4158.389860131381,8865.277541726344,136429.74187855897,21.646446329984165,54.15512511595099,59.48787561167029,0.707075371532473,0.003849023035671674,0.019536246256895397,0.7068577926825707
170.9,4160.554568568375,8870.69304710019,136435.5809104082,21.647178416070023,54.15505015686608,58.53210970691136,0.7070736196611191,0.0038494446182409637,0.019548780354710627,0.70685919626337
171.0,4162.719277005368,8876.108552474036,136441.40811065907,21.64791050215588,54.15497519778117,57.57634380049797,0.70707186766678,0.0038498662146178113,0.01956131451613127,0.70686059973572
171.10000000000002,4164.883985442362,8881.524057847882,136447.23531090992,21.648642588241735,54.15490023869626,56.620577894084306,0.7070701155483373,0.0038502878126147285,0.019573848741120836,0.7068620031008037
171.20000000000002,4167.0489656031,8886.939543782826,136452.84619484778,21.649409879147832,54.15482526344387,55.664811970833156,0.707068359549007,0.003850709664552764,0.019586388840882832,0.7068634099540937
171.3,4169.214053262458,8892.355014483192,136458.29110894268,21.65019465269373,54.1547502743566,54.709046034663146,0.7070666002186625,0.003851131588486474,0.01959893122108793,0.7068648198458468
171.4,4171.379140921816,8897.770485183559,136463.6522578291,21.65097942623963,54.15467528526934,53.753280087275954,0.7070648407718838,0.0038515535959456736,0.01961147366538773,0.706866229621843
171.5,4173.544228581172,8903.185955883924,136469.00157511633,21.651764199785532,54.15460029618208,52.797514138304365,0.707063081201866,0.003851975616602523,0.019624016173588187,0.7068676392892741
171.60000000000002,4175.709316240531,8908.601418041393,136474.35089240357,21.65254897333143,54.154525298495,51.8417481893325,0.707061321507489,0.0038523976388893234,0.019636558745652656,0.706869048849321
171.70000000000002,4177.874693223077,8914.016861535756,136479.48389336973,21.65336895121594,54.15445028395574,50.88598222483606,0.707059557867439,0.0038528199894526296,0.019649108221072954,0.706870461932416
171.8,4180.040186443326,8919.432291916159,136484.45092448674,21.65420641152744,54.15437525613864,49.93021624842811,0.7070577908690961,0.003853242428386887,0.019661660302822074,0.7068718780714353
171.9,4182.205679663575,8924.847722296563,136489.33419038984,21.65504387183894,54.154300228321546,48.97445026130778,0.70705602375405,0.0038536649464836524,0.01967421244897075,0.7068732940945679
172.0,4184.371172883824,8930.263152676966,136494.205624693,21.65588133215044,54.154225200504456,48.018684272674356,0.7070542565154848,0.003854087477170639,0.01968676465932403,0.7068747100089956
172.10000000000002,4186.536666104074,8935.678583057372,136499.07705899613,21.65671879246194,54.15415017268736,47.06291828404066,0.7070524891522791,0.003854510009497863,0.019699316933845103,0.7068761258158975
172.20000000000002,4188.702466248606,8941.093992866226,136503.73217697078,21.657591456609627,54.15407512461301,46.10715228119628,0.7070507177704352,0.003854932962791482,0.019711877327916145,0.706877545183304
172.3,4190.868391371269,8946.50938572259,136508.22132509056,21.6584816029622,54.15400005780241,45.151386267448466,0.7070489429996794,0.0038553560248650474,0.019724440705395228,0.7068789676258709
172.4,4193.034316493933,8951.924778578952,136512.6267079912,21.659371749314776,54.15392499099182,44.19562024349601,0.7070471681119205,0.003855779161807035,0.019737004147588822,0.7068803899523931
172.5,4195.200241616598,8957.340171435313,136517.02025929122,21.66026189566735,54.15384992418123,43.239854218102174,0.7070453931003329,0.0038562023107419864,0.01974956765430108,0.7068818121700422
172.60000000000002,4197.366166739262,8962.755564291678,136521.4138105912,21.661152042019925,54.153774857370635,42.28408819270807,0.7070436179637931,0.003856625461327971,0.019762131225495028,0.7068832342799956
172.70000000000002,4199.532600583807,8968.170929900276,136525.59104555592,21.6620920120058,54.15369976267454,41.328322154417606,0.707041837820172,0.003857049149347231,0.019774707324388383,0.7068846608138898
172.8,4201.699249453172,8973.586275604303,136529.6023106606,21.663055917510675,54.15362464492205,40.37255610623214,0.7070400538531033,0.003857472972777556,0.01978728815962879,0.7068860908073893
172.9,4203.865898322538,8979.001621308329,136533.5298105426,21.664019823015554,54.15354952716956,39.416790048204405,0.7070382697685977,0.003857896868082682,0.01979986905997346,0.7068875206845787
173.0,4206.032547191903,8984.416967012354,136537.4454788234,21.66498372852043,54.153474409417065,38.46102398878648,0.7070364855598228,0.0038583207749686133,0.01981245002522572,0.7068889504526223
173.10000000000002,4208.1991960612695,8989.832312716382,136541.36114710424,21.665947634025304,54.15339929166457,37.50525792936828,0.7070347012256536,0.0038587446835180155,0.019825031055348438,0.7068903801126964
173.20000000000002,4210.366201677913,8995.247637820721,136545.06049904367,21.6669467420115,54.15332415010642,36.54949185836836,0.7070329126271434,0.0038591692573570987,0.019837623839680185,0.7068918134729081
173.3,4212.533356207789,9000.662945949394,136548.59388111834,21.667963331603424,54.15324898633098,35.593725778482124,0.7070311205351553,0.0038595939938182193,0.019850220791590642,0.7068932499773434
173.4,4214.700510737667,9006.07825407807,136552.04349796462,21.668979921195348,54.15317382255553,34.63795968935426,0.7070293283253404,0.0038600187972172967,0.01986281780895246,0.7068946863652261
173.5,4216.867665267544,9011.493562206744,136555.48128320888,21.66999651078727,54.15309865878009,33.68219359892106,0.7070275359908548,0.003860443611510328,0.019875414891567994,0.7068961226437099
173.60000000000002,4219.034819797422,9016.90887033542,136558.91906845316,21.6710131003792,54.15302349500464,32.726427508487575,0.7070257435305718,0.0038608684274790183,0.01988801203939996,0.7068975588139688
173.70000000000002,4221.202348675492,9022.324157851946,136562.14053735055,21.67206489187132,54.15294830586588,31.77066140778735,0.7070239466986331,0.0038612940615724775,0.019900622822571018,0.7068989987361223
173.8,4223.370035207444,9027.739428381214,136565.19603637903,21.67313416471176,54.15287309285212,30.814895299209695,0.7070221463281738,0.003861719891923805,0.019913238340801605,0.7069004418302205
173.9,4225.537721739396,9033.154698910479,136568.16777017395,21.674203437552205,54.152797879838346,29.859129181961457,0.7070203458394507,0.003862145784639478,0.01992585392484617,0.7069018848074798
174.0,4227.705408271348,9038.569969439744,136571.1276723662,21.67527271039265,54.15272266682458,28.903363063488523,0.7070185452256088,0.0038625716876143096,0.019938469574506124,0.7069033276750424
174.10000000000002,4229.8730948033,9043.985239969012,136574.0875745584,21.676341983233094,54.15264745381082,27.94759694501532,0.7070167444855199,0.0038629975922778656,0.019951085289744003,0.7069047704340808
174.20000000000002,4232.041173284082,9049.400489872885,136576.83116039893,21.677446457368678,54.15257221385692,26.991830817590696,0.7070149392559957,0.00386342448934031,0.019963716742093237,0.7069062170004572
174.3,4234.209418159277,9054.815722777063,136579.40877636685,21.67856841258431,54.152496948353956,26.036064683297838,0.7070131304385001,0.0038638516210102777,0.019976353557764913,0.7069076667689622
174.4,4236.377663034472,9060.230955681243,136581.90262709698,21.67969036779994,54.152421682850985,25.08029854085092,0.7070113215022504,0.003864278811041016,0.01998899043963045,0.7069091164202908
174.5,4238.545907909667,9065.646188585422,136584.38464622377,21.68081232301557,54.152346417348014,24.124532397252267,0.7070095124403819,0.0038647060107775072,0.02000162738749037,0.706910565961576
174.60000000000002,4240.714152784863,9071.061421489601,136586.86666535056,21.681934278231196,54.15227115184504,23.168766253653345,0.7070077032517647,0.003865133212216801,0.020014264401307026,0.7069120153939888
174.70000000000002,4242.882807209217,9076.476633754348,136589.1323681215,21.683091434111848,54.15219585780596,22.213000102418782,0.7070058896994565,0.0038655616010533455,0.020026919474599524,0.7069134684387802
174.8,4245.051636768383,9081.891829006123,136591.23210101668,21.684266070792827,54.15212053652785,21.257233945325524,0.7070040727854664,0.00386599026617748,0.02003958059439249,0.7069149244383129
174.9,4247.22046632755,9087.3070242579,136593.24806866955,21.685440707473802,54.15204521524975,20.301467780663835,0.7070022557521833,0.0038664189852644954,0.020052241780759296,0.7069163803202757
175.0,4249.3892958867145,9092.722219509675,136595.25220471848,21.686615344154777,54.15196989397164,19.345701614933134,0.7070004385927324,0.003866847713448595,0.020064903033499507,0.7069178360917916
175.10000000000002,4251.558125445881,9098.137414761452,136597.2563407674,21.687789980835753,54.15189457269354,18.389935449202156,0.7069986200328696,0.0038672764503097307,0.02007756438870743,0.7069192930262211
175.20000000000002,4253.727382154184,9103.552589358931,136599.044160457,21.688999817470542,54.15181922123332,17.434169277151856,0.7069967963309999,0.0038677065972609007,0.020090246391354843,0.7069207542739956
175.3,4255.89682273754,9108.96774692931,136600.66601026815,21.690227134589673,54.151743840815094,16.478403100252812,0.70699497004886,0.0038681370641353613,0.020102935175034677,0.7069222176722224
175.4,4258.066263320896,9114.382904499687,136602.2040948336,21.691454451708804,54.15166846039687,15.522636916262659,0.7069931436468059,0.003868567581485104,0.020115624025727787,0.7069236809524279
175.5,4260.235703904252,9119.798062070064,136603.73034779466,21.692681768827935,54.15159307997865,14.566870731270903,0.7069913171179539,0.0038689981074540715,0.02012831294323284,0.7069251441217269
175.60000000000002,4262.405144487609,9125.213219640444,136605.2566007557,21.69390908594707,54.15151769956043,13.611104546278876,0.7069894904611712,0.003869428635157604,0.020141001927511847,0.7069266071812879
175.70000000000002,4264.575033448217,9130.628356540776,136606.63564243144,21.695169697251284,54.15144228718544,12.65533835788262,0.7069876587732814,0.003869860812994507,0.02015371438097566,0.7069280743584967
175.8,4266.745117807982,9136.043476398987,136607.90173546472,21.696446327130314,54.1513668440701,11.699572166874246,0.7069858232290469,0.0038702933698122367,0.02016643448062341,0.7069295449355029
175.9,4268.915194535088,9141.458596257198,136608.93870285718,21.697726963770947,54.15129140095477,10.743805965882965,0.7069839878090722,0.003870725975068694,0.020179154654709732,0.7069310151488819
176.0,4271.085268858212,9146.873716115411,136609.91805591542,21.69900886238177,54.15121595783943,9.78803976289766,0.7069821523387293,0.0038711585889051893,0.020191874898255007,0.706932485173634
176.10000000000002,4273.255343181336,9152.288835973624,136610.89740897366,21.700290760992598,54.1511405147241,8.832273559912082,0.7069803167397628,0.003871591204494394,0.020204595209021216,0.7069339550881183
176.20000000000002,4275.425881902851,9157.703935145195,136611.69949877184,21.701606781371442,54.15106503796048,7.876507354144863,0.7069784759911497,0.0038720257376172787,0.020217342083958756,0.7069354291453914
176.3,4277.596623552666,9163.119017258754,136612.36558238982,21.702939455543376,54.150989528704606,6.920741146243209,0.7069766313535192,0.0038724607087087734,0.020230097514543077,0.7069369066066941
176.4,4279.767365202482,9168.534099372313,136612.94790075594,21.70427212971531,54.150914019448734,5.964974932216477,0.7069747865945298,0.003872895723368679,0.020242853013054212,0.7069383839488607
176.5,4281.938106852297,9173.949181485868,136613.5183875168,21.705604803887244,54.15083851019286,5.009208717324594,0.7069729417072816,0.0038733307457045367,0.020255608579289038,0.70693986117899
176.60000000000002,4284.108848502114,9179.36426359943,136614.08887427763,21.706937478059178,54.15076300093698,4.053442502432437,0.7069710966906388,0.003873765769812574,0.020268364213209166,0.7069413382982472
176.70000000000002,4286.280070098414,9184.779325008898,136614.44304467263,21.70830534965416,54.15068745631671,3.097676285173728,0.7069692464068206,0.003874203004128836,0.02028114977391401,0.7069428195758856
176.8,4288.451501789347,9190.194369343575,136614.63124518417,21.709690700607002,54.15061187743532,2.1419100660990598,0.7069673922067969,0.0038746407410084364,0.020293944875425473,0.7069443042537668
176.9,4290.622933480281,9195.609413678252,136614.73568044096,21.711076051559843,54.15053629855393,1.1861438414041832,0.7069655378845696,0.003875078517909642,0.020306740045361673,0.7069457888118377
177.0,4292.794365171214,9201.024458012931,136614.82828409204,21.712461402512684,54.15046071967254,0.23037761591547046,0.7069636834332299,0.0038755163020042136,0.020319535283518556,0.7069472732571889
177.10000000000002,4294.965796862148,9206.439502347612,136614.92088774312,21.713846753465525,54.150385140791144,-0.725388609573514,0.7069618288516407,0.003875954087892379,0.020332330589857547,0.7069487575909845
177.20000000000002,4297.137726097852,9211.854525959881,136614.79717502755,21.715267300984127,54.15030952480381,-1.681154836110169,0.7069599688046035,0.003876394402397072,0.020345159461138906,0.7069502461706424
177.3,4299.309874167678,9217.269532479691,136614.5074924278,21.71670532747796,54.15023387276933,-2.6369210634508633,0.7069581047571731,0.0038768352895261005,0.020357998935379693,0.7069517382011525
177.4,4301.482022237505,9222.684538999503,136614.13404457067,21.71814335397179,54.15015822073485,-3.5926872959039695,0.7069562405866022,0.0038772762131613235,0.020370838478573888,0.7069532301110908
177.5,4303.654170307331,9228.099545519317,136613.74876510745,21.719581380465623,54.15008256870037,-4.54845352907919,0.7069543762859738,0.0038777171435134556,0.020383678090516496,0.7069547219075397
177.60000000000002,4305.826318377158,9233.51455203913,136613.36348564422,21.721019406959456,54.15000691666589,-5.50421976225468,0.7069525118541491,0.003878158075682572,0.020396517771168736,0.7069562135916618
177.70000000000002,4307.998981589592,9238.92953781733,136612.7618898141,21.722492629120342,54.14993122575758,-6.459985995158387,0.7069506417428261,0.0038786018819358813,0.020409394943234325,0.7069577096155746
177.8,4310.171872375439,9244.34450648451,136611.99432409974,21.723983329855077,54.1498554969985,-7.415752227853769,0.7069487675400132,0.003879046336830409,0.020422283862107447,0.706959209145074
177.9,4312.344763161285,9249.759475151686,136611.14299312624,21.72547403058981,54.149779768239426,-8.37151846529916,0.7069468932130206,0.0038794908257735734,0.02043517285049598,0.7069607085531424
178.0,4314.517653947131,9255.174443818863,136610.27983054638,21.726964731324546,54.14970403948035,-9.327284703415472,0.706945018754925,0.003879935321108476,0.02044806190819405,0.7069622078468563
178.10000000000002,4316.690544732978,9260.589412486042,136609.41666796652,21.72845543205928,54.149628310721276,-10.283050941532055,0.7069431441645864,0.003880379818285921,0.020460951035162676,0.7069637070273772
178.20000000000002,4318.863968258798,9266.00436039151,136608.33718902027,21.72998132751919,54.14955254129305,-11.238817178056884,0.7069412636640511,0.00388082756310595,0.020473881879912,0.7069652106484925
178.3,4321.03762809711,9271.41929116648,136607.09174019008,21.731524701132095,54.14947673219237,-12.19458341336064,0.7069393789736161,0.0038812760387676704,0.02048682570046844,0.7069667178343175
178.4,4323.211287935422,9276.83422194145,136605.76252609803,21.733068074745006,54.14940092309169,-13.150349652813672,0.706937494157858,0.00388172454442216,0.020499769591138663,0.706968224897753
178.5,4325.384947773734,9282.249152716418,136604.42148039924,21.734611448357914,54.14932511399101,-14.106115892852785,0.7069356092098436,0.003882173055919486,0.020512713551715793,0.7069697318458666
178.60000000000002,4327.558607612046,9287.664083491389,136603.08043470047,21.73615482197082,54.14924930489033,-15.061882132892164,0.7069337241284315,0.0038826215692872763,0.02052565758216062,0.7069712386798179
178.70000000000002,4329.732543447433,9293.079000202315,136601.5230726364,21.7377187735481,54.149173464025345,-16.017648370019373,0.7069318346014762,0.0038830737251201244,0.02053863858883482,0.706972748619318
178.8,4331.9066032380415,9298.493902728032,136599.79974068925,21.73929375129861,54.14909758638326,-16.973414604912413,0.7069299415348131,0.003883526696921548,0.02055162979267488,0.7069742615504787
178.9,4334.08066302865,9303.90880525375,136597.99264347798,21.740868729049126,54.14902170874119,-17.92918084338365,0.7069280483418475,0.0038839796949711233,0.0205646210671211,0.7069757743584155
179.0,4336.254722819258,9309.32370777947,136596.17371465964,21.742443706799637,54.148945831099105,-18.884947082360306,0.7069261550156372,0.0038844326983596728,0.020577612411965623,0.7069772870501868
179.10000000000002,4338.428782609866,9314.738610305189,136594.3547858413,21.744018684550152,54.14886995345702,-19.840713321337226,0.7069242615550392,0.0038848857036478637,0.02059060382716903,0.7069787996269512
179.20000000000002,4340.603397342284,9320.153492036143,136592.3195406595,21.745628855479723,54.14879403203131,-20.796479556081167,0.7069223618379454,0.0038853427917244308,0.020603645030029337,0.7069803167389657
179.3,4342.778260130156,9325.568356599251,136590.118325596,21.747256503868616,54.148718067481454,-21.75224578757753,0.7069204577851121,0.003885800794265448,0.020616701348731836,0.7069818374912978
179.4,4344.953122918029,9330.983221162358,136587.8333452666,21.748884152257514,54.148642102931596,-22.708012022135527,0.7069185536046269,0.0038862588198295836,0.020629757738702955,0.7069833581192488
179.5,4347.127985705902,9336.398085725465,136585.53653332999,21.750511800646407,54.148566138381746,-23.66377825712597,0.7069166492895393,0.003886716850305703,0.0206428141997339,0.7069848786298695
179.60000000000002,4349.302848493775,9341.812950288575,136583.23972139333,21.752139449035305,54.14849017383189,-24.61954449211668,0.7069147448387053,0.0038871748827146906,0.02065587073178498,0.7069863990243173
179.70000000000002,4351.478282737098,9347.227794035314,136580.72659309563,21.75380228959467,54.14841416367882,-25.575310721553237,0.706912833872046,0.003887637462511507,0.02066898206032075,0.7069879240570827
179.8,4353.653973296582,9352.642620592507,136578.04749491814,21.755482607162133,54.14833810855035,-26.531076946728547,0.7069109184586309,0.003888101058991766,0.02068210992630524,0.706989452794825
179.9,4355.829663856065,9358.057447149702,136575.28463147322,21.7571629247296,54.148262053421874,-27.486843174379814,0.7069090029160839,0.0038885646751166503,0.020695237864263808,0.7069909814069038
180.0,4358.005354415549,9363.472273706895,136572.50993642083,21.75884324229706,54.1481859982934,-28.442609402380803,0.7069070872374463,0.00388902829570744,0.020708365873986646,0.7069925099003623
180.10000000000002,4360.181044975033,9368.88710026409,136569.7352413684,21.760523559864524,54.148109943164926,-29.398375630382063,0.7069051714215723,0.00388949191826734,0.02072149395543383,0.7069940382763565
180.20000000000002,4362.357324224875,9374.301905981885,136566.74422995807,21.762239068514578,54.14803384054877,-30.354141851507663,0.7069032488022381,0.0038899605857739264,0.020734682252936218,0.7069955714085853
180.3,4364.533868369952,9379.716694487282,136563.58724867032,21.763972053686242,54.147957691070516,-31.309908067358087,0.7069013216125789,0.0038904303794481863,0.0207478886357792,0.706997108318704
180.4,4366.71041251503,9385.13148299268,136560.34650211415,21.765705038857913,54.147881541592255,-32.265674285207126,0.7068993942921611,0.0038909001904707317,0.020761095091348828,0.7069986451017369
180.5,4368.886956660108,9390.546271498077,136557.09392395034,21.76743802402958,54.14780539211401,-33.221440503338464,0.7068974668340199,0.003891370005668768,0.02077430161943437,0.7070001817647217
180.60000000000002,4371.063500805186,9395.961060003474,136553.84134578652,21.76917100920125,54.14772924263575,-34.17720672147007,0.7068955392370091,0.0038918398228754295,0.020787508219995653,0.7070017183088135
180.70000000000002,4373.240651115569,9401.375827645325,136550.37245126854,21.77093918430583,54.147653043741066,-35.1329729314042,0.7068936045251835,0.0038923152169202477,0.02080078084013143,0.7070032597379495
180.8,4375.418075006215,9406.790578050897,136546.73758687603,21.77272483541803,54.147576796071,-36.08873913504897,0.7068916651089265,0.003892791854179585,0.020814073205700778,0.7070048050244757
180.9,4377.595498896862,9412.205328456472,136543.01895721437,21.774510486530232,54.14750054840094,-37.044505340222436,0.7068897255601261,0.003893268507317877,0.020827365644800408,0.7070063501823427
181.0,4379.772922787508,9417.620078862046,136539.28849594496,21.776296137642433,54.147424300730876,-38.000271545611824,0.7068877858718136,0.003893745164461097,0.020840658157218694,0.7070078952185846
181.10000000000002,4381.950346678155,9423.034829267623,136535.55803467555,21.778081788754637,54.14734805306081,-38.956037751001475,0.706885846042842,0.003894221823655994,0.0208539507429152,0.7070094401343562
181.20000000000002,4384.128394288665,9428.449558784472,136531.6112570564,21.77990262859251,54.14727175400715,-39.911803946871515,0.706883898764677,0.0038947046273869004,0.020867315537912916,0.7070109900739565
181.3,4386.306724199602,9433.864271040184,136527.49850956612,21.781740943898363,54.14719540424047,-40.86757013543779,0.7068819466377306,0.0038951887992650057,0.020880701849237248,0.7070125439567208
181.4,4388.485054110541,9439.278983295895,136523.30199680608,21.783579259204224,54.14711905447379,-41.823336325036614,0.7068799943762827,0.003895672987016912,0.02089408823495046,0.7070140977090874
181.5,4390.663384021478,9444.693695551605,136519.09365243826,21.78541757451008,54.14704270470711,-42.77910251478127,0.7068780419733647,0.00389615717881328,0.02090747469484012,0.7070156513380906
181.60000000000002,4392.841713932417,9450.108407807318,136514.8853080704,21.787255889815942,54.14696635494043,-43.73486870452621,0.70687608942783,0.003896641372708202,0.02092086122886553,0.7070172048448848
181.70000000000002,4395.020685143891,9455.523099148113,136510.4606473579,21.789129392582396,54.14688995177254,-44.69063488342908,0.7068741290750673,0.003897132316202601,0.02093432656045996,0.7070187635243743
181.8,4397.199947387482,9460.937773201913,136505.87001677815,21.79102037025144,54.14681349591003,-45.646401054013516,0.7068721637186338,0.0038976247610059945,0.020947815292995733,0.7070203262392178
181.9,4399.3792096310735,9466.352447255716,136501.1999825757,21.79291134792049,54.14673704004752,-46.60216722509815,0.7068701982251278,0.003898117223879627,0.020961304100825435,0.7070218888221708
182.0,4401.558471874665,9471.76712130952,136496.5126974324,21.79480232558954,54.14666058418501,-47.55793339629146,0.7068682325885354,0.003898609692361863,0.020974792983764073,0.7070234512793159
182.10000000000002,4403.737734118257,9477.181795363324,136491.8254122891,21.79669330325859,54.1465841283225,-48.513699567485034,0.7068662668071857,0.0038991021629936683,0.020988281941755182,0.7070250136123392
182.20000000000002,4405.917655251321,9482.596448474977,136486.9218108069,21.798619467063588,54.146507616952725,-49.469465726513825,0.7068642928357977,0.0038996020273034536,0.021001856700426525,0.7070265812774731
182.3,4408.097876151835,9488.011084272759,136481.8522394619,21.800563105179247,54.146431050805205,-50.42523187620934,0.7068623136947987,0.0039001035346767202,0.021015456862902945,0.7070281530768759
182.4,4410.27809705235,9493.425720070543,136476.69982962706,21.80250674329491,54.14635448465768,-51.38099802591889,0.7068603344147,0.003900605068913233,0.02102905710166385,0.7070297247419304
182.5,4412.4583179528645,9498.840355868328,136471.53571908947,21.804450381410568,54.14627791851015,-52.33676417563042,0.7068583549886378,0.0039011066088379207,0.021042657416498235,0.7070312962796168
182.60000000000002,4414.63853885338,9504.254991666114,136466.37160855188,21.80639401952623,54.14620135236263,-53.29253032534223,0.7068563754154819,0.0039016081509676706,0.021056257807365353,0.7070328676910809
182.70000000000002,4416.819436234594,9509.66960649346,136460.9911816818,21.808372842389637,54.146124728587935,-54.24829646156625,0.7068543872433646,0.0039021177716084534,0.02106995143510303,0.7070344446052305
182.8,4419.0006421196,9515.084203979031,136455.4447849538,21.81036913894347,54.14604804796682,-55.2040625874419,0.7068523937240403,0.0039026291860434783,0.021083672592994554,0.7070360257596651
182.9,4421.181848004608,9520.498801464602,136449.8146229557,21.812365435497306,54.145971367345695,-56.159828712828684,0.7068504000631144,0.003903140642467809,0.02109739382822158,0.707037606777318
183.0,4423.363053889614,9525.913398950172,136444.17262934972,21.81436173205114,54.145894686724574,-57.115594838146414,0.7068484062536823,0.0039036521067686673,0.02111111514057103,0.7070391876652808
183.10000000000002,4425.544259774622,9531.327996435744,136438.53063574375,21.816358028604977,54.14581800610346,-58.07136096346441,0.7068464122946075,0.0039041635733349403,0.021124836530001672,0.7070407684247176
183.20000000000002,4427.726155525926,9536.742572925721,136432.67232581234,21.81838950885883,54.1457412660171,-59.02712707397123,0.7068444093933149,0.0039046838454291316,0.02113865836968185,0.7070423547962406
183.3,4429.908366660955,9542.157132046836,136426.64804602848,21.820438462332906,54.145664467138964,-59.982893173114306,0.7068424009960769,0.003905206071250726,0.02115250969686227,0.7070439454893638
183.4,4432.090577795985,9547.571691167946,136420.54000097484,21.822487415806986,54.14558766826082,-60.93865927125941,0.706840392454413,0.0039057283621958603,0.021166361102489654,0.70704553604314
183.5,4434.272788931014,9552.986250289057,136414.4201243134,21.824536369281063,54.14551086938268,-61.894425369263566,0.7068383837614761,0.0039062506643414915,0.02118021258635175,0.7070471264647135
183.60000000000002,4436.455000066044,9558.400809410172,136408.30024765193,21.82658532275514,54.14543407050455,-62.850191467267976,0.7068363749161392,0.003906772968818098,0.021194064148407275,0.7070487167552562
183.70000000000002,4438.637921294997,9563.815347502923,136401.9640546728,21.82866945817116,54.145357209774545,-63.80595754913746,0.7068343566147399,0.003907304850967733,0.02120802486968395,0.7070503128907838
183.8,4440.8211678077405,9569.229868195784,136395.46189184714,21.830771066023367,54.14528028805656,-64.76172361862753,0.7068323325931782,0.003907838856854107,0.021222017622220198,0.7070519134861298
183.9,4443.004414320482,9574.644388888646,136388.87596375233,21.832872673875578,54.14520336633859,-65.71748968661045,0.7068303084240819,0.003908372960124919,0.021236010454397197,0.7070535139392935
184.0,4445.187660833226,9580.058909581507,136382.2782040498,21.834974281727785,54.145126444620615,-66.67325575438048,0.7068282841006837,0.003908907079214226,0.021250003366004175,0.7070551142574913
184.10000000000002,4447.370907345969,9585.473430274371,136375.6804443473,21.837075889579996,54.14504952290264,-67.6290218221508,0.7068262596218694,0.003909441200705789,0.021263996356999892,0.7070567144419075
184.20000000000002,4449.5548833214625,9590.887929905672,136368.86636833547,21.839212677621163,54.14497253696006,-68.58478787246202,0.7068242251555769,0.003909985721652301,0.02127810764076598,0.7070583207063635
184.3,4451.739194101724,9596.302412105291,136361.88632248357,21.841366937316455,54.144895487827824,-69.54055390937786,0.7068221847370465,0.003910532547263369,0.02129225360455533,0.7070599315724125
184.4,4453.923504881985,9601.716894304915,136354.82251136343,21.843521197011743,54.144818438695594,-70.49631994427736,0.7068201441675678,0.003911079512288814,0.02130639964926593,0.7070615422931537
184.5,4456.107815662246,9607.131376504536,136347.74686863564,21.84567545670703,54.14474138956336,-71.45208597889206,0.706818103440478,0.003911626499135934,0.021320545774689226,0.7070631528758986
184.60000000000002,4458.292126442508,9612.545858704158,136340.6712259079,21.84782971640232,54.14466434043112,-72.40785201350701,0.7068160625546799,0.003912173488462785,0.021334691980784106,0.7070647633218472
184.70000000000002,4460.477184484784,9617.960319809317,136333.3792668799,21.850019154604194,54.14458722476608,-73.36361802933833,0.706814011145631,0.0039127317675740686,0.021348966063860303,0.7070663800707421
184.8,4462.662586159983,9623.374763450565,136325.9213380188,21.852226063708972,54.14451004372509,-74.319384030758,0.7068119535506716,0.003913292547331144,0.021363277560124436,0.7070680015608197
184.9,4464.847987835182,9628.78920709181,136318.37964389054,21.854432972813754,54.144432862684106,-75.2751500296521,0.7068098958010254,0.003913853518780619,0.021377589138680833,0.7070696229021545
185.0,4467.033389510381,9634.203650733058,136310.82611815486,21.856639881918532,54.14435568164312,-76.23091602818947,0.7068078378901594,0.003914414519508301,0.021391900799323876,0.7070712441021764
185.10000000000002,4469.218791185581,9639.618094374304,136303.2725924192,21.858846791023314,54.14427850060214,-77.18668202672711,0.706805779816998,0.003914975522799986,0.021406212542012706,0.7070728651621043
185.20000000000002,4471.404957521666,9645.03251688741,136295.502750393,21.861088876911964,54.14420125069683,-78.14244800515613,0.706803710656497,0.003915548773644629,0.021420662354635522,0.707074492754686
185.3,4473.591476142087,9650.446921903433,136287.56693854113,21.86334843293418,54.14412393320506,-79.0982139681569,0.7068016350641326,0.003916124735951066,0.02143515247009446,0.707076125234267
185.4,4475.777994762508,9655.86132691946,136279.54736142355,21.8656079889564,54.14404661571328,-80.05397992812286,0.7067995593129915,0.003916700952877305,0.02144964266931338,0.7070777575613345
185.5,4477.964513382928,9661.275731935482,136271.51595269874,21.867867544978616,54.1439692982215,-81.00974588766017,0.7067974833966976,0.003917277208048858,0.02146413295209043,0.7070793897434612
185.60000000000002,4480.151032003349,9666.690136951507,136263.48454397387,21.870127101000836,54.14389198072972,-81.96551184719775,0.7067954073142003,0.003917853465876107,0.02147862331838509,0.7070810217818891
185.70000000000002,4482.338332713616,9672.10452080451,136255.23681896893,21.872421832000807,54.14381459198497,-82.92127778530129,0.7067933195420074,0.003918442994993276,0.02149326261238571,0.7070826605974436
185.8,4484.525994372906,9677.51888712614,136246.82312414626,21.87473403232785,54.14373713340325,-83.87704370695963,0.7067912250752045,0.003919035460911493,0.021507945282926478,0.7070843044555963
185.9,4486.713656032197,9682.933253447767,136238.32566405952,21.877046232654898,54.14365967482153,-84.83280962507393,0.706789130445154,0.00391962825540025,0.021522628038799035,0.7070859481571007
186.0,4488.901317691488,9688.347619769396,136229.81637236578,21.87935843298194,54.143582216239814,-85.78857554268767,0.7067870356456638,0.003920221098665372,0.021537310879806103,0.707087591709697
186.10000000000002,4491.0889793507795,9693.761986091027,136221.307080672,21.88167063330899,54.14350475765809,-86.74434146030167,0.7067849406757141,0.003920813944685944,0.02155199380590762,0.7070892351146557
186.20000000000002,4493.277440620299,9699.176331213459,136212.58147270916,21.884018006715014,54.14342722537063,-87.7001073551557,0.7067828333721601,0.003921421152310944,0.021566837204653664,0.707090885558254
186.3,4495.466271543884,9704.590658769053,136203.68989493712,21.886382848600363,54.143349620951945,-88.65587323254724,0.706780719092938,0.003922031536737614,0.02158172724679655,0.707092541210936
186.4,4497.655102467469,9710.004986324648,136194.71455190287,21.888747690485708,54.14327201653327,-89.61163910588553,0.7067786046455842,0.0039226423350832325,0.021596617375955,0.7070941967024399
186.5,4499.843933391055,9715.419313880242,136185.72737726188,21.891112532371054,54.14319441211458,-90.56740497865131,0.7067764900241189,0.0039232531943536614,0.02161150759193717,0.7070958520406997
186.60000000000002,4502.032764314641,9720.833641435836,136176.7402026209,21.8934773742564,54.14311680769589,-91.52317085141735,0.7067743752275576,0.003923864056488022,0.021626397894703563,0.7070975072270171
186.70000000000002,4504.222412421004,9726.247947754766,136167.53671172255,21.895877387229135,54.14303912705484,-92.47893670009702,0.70677224741035,0.003924490439233231,0.021641460921860478,0.7070991697311508
186.8,4506.412438909495,9731.662236470213,136158.16725102396,21.898294867792078,54.14296137194393,-93.4347025302965,0.706770112317373,0.003925120253908728,0.021656574057758102,0.7071008376221606
186.9,4508.602465397986,9737.076525185657,136148.71402506536,21.900712348355025,54.14288361683303,-94.39046835593349,0.7067679770509315,0.0039257505796389145,0.021671687282475316,0.707102505347033
187.0,4510.792491886476,9742.490813901104,136139.2489675003,21.90312982891797,54.142805861722124,-95.34623418092606,0.7067658416052888,0.003926380980115396,0.021686800595826644,0.7071041729139235
187.10000000000002,4512.982518374967,9747.90510261655,136129.7839099352,21.905547309480912,54.14272810661122,-96.30200000591888,0.7067637059794994,0.0039270113835737225,0.021701913997773246,0.7071058403241696
187.20000000000002,4515.173379630868,9753.31937005669,136120.10253612517,21.907999959060767,54.14265027270508,-97.25776580549841,0.7067615566062295,0.003927658538283073,0.021717213077108173,0.7071075153455162
187.3,4517.364628002285,9758.733619855562,136110.2551925244,21.910470075306495,54.14257236194867,-98.21353158557962,0.7067593996395063,0.003928309395822547,0.021732565921792412,0.7071091959414402
187.4,4519.555876373703,9764.147869654435,136100.32408366597,21.912940191552224,54.14249445119226,-99.16929736058913,0.7067572424935012,0.003928960873752956,0.021747918857228862,0.7071108763658032
187.5,4521.74712474512,9769.562119453305,136090.38114320146,21.915410307797956,54.14241654043585,-100.12506313488228,0.7067550851627502,0.003929612441983181,0.021763271883239305,0.7071125566270096
187.60000000000002,4523.938373116539,9774.97636925218,136080.43820273693,21.917880424043684,54.14233862967944,-101.08082890917571,0.7067529276463531,0.003930264013323348,0.021778624999785706,0.7071142367264379
187.70000000000002,4526.130473845014,9780.390597735432,136070.27894604046,21.920385705734066,54.14226063671881,-102.03659465672831,0.7067507555935499,0.00393093364171933,0.02179417762671813,0.7071159247607323
187.8,4528.322970424604,9785.804808538272,136059.95371956326,21.92290845250267,54.14218256414068,-102.99236038376405,0.7067485756021732,0.003931607260413724,0.02180978794020773,0.7071176185746274
187.9,4530.515467004196,9791.219019341115,136049.54472783112,21.925431199271276,54.14210449156255,-103.9481261052189,0.7067463954251665,0.003932281621477229,0.02182539834652173,0.7071193122110292
188.0,4532.707963583786,9796.633230143954,136039.1239044932,21.92795394603988,54.14202641898441,-104.90389182588547,0.7067442150573708,0.00393295609018916,0.021841008845490194,0.707121005678621
188.10000000000002,4534.900460163377,9802.047440946797,136028.7030811553,21.930476692808487,54.14194834640628,-105.8596575465523,0.7067420344979364,0.003933630562150121,0.02185661943707598,0.7071226989788273
188.20000000000002,4537.0938266895255,9807.46163039203,136018.06594159917,21.933034600783376,54.14187018783829,-106.81542323915019,0.7067398385461429,0.003934324475903271,0.02187244428455697,0.707124400571575
188.3,4539.287597802317,9812.875802116327,136007.2628322728,21.93560997195437,54.14179194670077,-107.77118891021227,0.7067376342810328,0.003935022684824861,0.021888331012679396,0.7071261081679833
188.4,4541.481368915109,9818.289973840623,135996.3759576944,21.938185343125365,54.14171370556325,-108.72695457518421,0.7067354298233648,0.003935721771208359,0.021904217835849886,0.7071278155804105
188.5,4543.675140027901,9823.704145564918,135985.4772515107,21.94076071429636,54.141635464425725,-109.68272023929595,0.7067332251683182,0.003936420984451499,0.021920104753907783,0.7071295228178486
188.60000000000002,4545.868911140693,9829.118317289218,135974.57854532695,21.943336085467354,54.1415572232882,-110.63848590340794,0.7067310203150983,0.003937120201094625,0.021935991766816973,0.7071312298817727
188.70000000000002,4548.063569781284,9834.532467612053,135963.46352293936,21.945946614624344,54.141478892921036,-111.59425153812231,0.7067287991408868,0.00393784032719782,0.02195210878973856,0.707132945631952
188.8,4550.258641740395,9839.946600171963,135952.18253079258,21.948574605544238,54.14140047725357,-112.55001715028135,0.7067271932261237,0.0039385685490432795,0.021968311592356286,0.7071340433880206
188.9,4552.453713699507,9845.360732731873,135940.8177733969,21.95120259646413,54.141322061586095,-113.50578275584107,0.7067271005564022,0.003939306234843097,0.02198456160070917,0.7071336268745488
189.0,4554.648785658618,9850.774865291783,135929.44118439636,21.953830587384026,54.14124364591863,-114.46154836046867,0.7067270076979898,0.0039400440732758205,0.02200081180515438,0.7071332101682541
189.10000000000002,4556.8438576177305,9856.188997851694,135918.0645953958,21.95645857830392,54.141165230251154,-115.41731396509653,0.7067269146512817,0.003940781919833429,0.02201706220569505,0.7071327932695323
189.20000000000002,4559.039834680963,9861.603108964866,135906.47169020644,21.95912172564414,54.14108672300658,-116.37307953899735,0.7067268710606419,0.003941542607665929,0.02203356142074304,0.707132318688536
189.3,4561.236233792416,9867.017202271834,135894.71281526936,21.961802334043945,54.14100812810473,-117.3288450893229,0.7067268914690548,0.0039423086690304485,0.022050134148386382,0.7071317774367684
189.4,4563.432632903869,9872.431295578803,135882.8701750869,21.964482942443748,54.14092953320288,-118.28461063253995,0.7067269116796893,0.0039430759265568875,0.022066707083170184,0.7071312359798793
189.5,4565.629032015321,9877.845388885773,135871.01570329999,21.96716355084355,54.14085093830103,-119.24037617475294,0.7067269316953779,0.003943843360588603,0.022083280225173158,0.7071306943207035
189.60000000000002,4567.825431126774,9883.259482192743,135859.1612315131,21.969844159243358,54.14077234339917,-120.19614171696618,0.7067269515165806,0.003944610803411031,0.022099853574400058,0.7071301524597012
189.70000000000002,4570.02275291861,9888.673554006544,135847.09044355308,21.972559922357203,54.140693654479605,-121.15190722712232,0.7067270252001123,0.0039454027652325255,0.02211669333158538,0.7071295479082292
189.8,4572.220505488333,9894.08760796969,135834.85368585744,21.97529314576473,54.14061487548353,-122.10767271268269,0.7067271683846104,0.00394620049728312,0.02213361174378087,0.7071288709986896
189.9,4574.4182580580555,9899.501661932838,135822.53316292,21.978026369172262,54.14053609648744,-123.06343819062536,0.706727311364125,0.0039469996063312635,0.02215053037537667,0.7071281938730998
190.0,4576.616010627778,9904.915715895984,135810.20080837872,21.98075959257979,54.14045731749136,-124.01920366749206,0.7067274541419222,0.003947798918067902,0.022167449226464873,0.7071275165347278
190.10000000000002,4578.813763197502,9910.329769859134,135797.86845383744,21.98349281598732,54.14037853849528,-124.97496914435902,0.7067275967185322,0.003948598239340992,0.022184368297052053,0.7071268389841053
190.20000000000002,4581.012456023622,9915.743802281337,135785.31978313936,21.9862611918416,54.14029966271711,-125.93073458783805,0.7067277979595917,0.003949423856187352,0.022201572280873008,0.7071260933034843
190.3,4583.21158835718,9921.157816807168,135772.6051427182,21.989047026975488,54.14022069427816,-126.88650000570024,0.7067280746726518,0.003950255664054207,0.02221886031741961,0.7071252690972587
190.4,4585.4107206907365,9926.571831332998,135759.80673705926,21.991832862109373,54.140141725839214,-127.84226541543553,0.70672835117293,0.003951089046256489,0.02223614858690129,0.7071244446628624
190.5,4587.609853024294,9931.985845858831,135746.99649979695,21.99461869724326,54.14006275740026,-128.79803082402296,0.706728627464166,0.003951922659738982,0.022253437089424875,0.7071236200040376
190.60000000000002,4589.808985357853,9937.399860384663,135734.18626253467,21.997404532377153,54.13998378896131,-129.75379623261065,0.7067289035469673,0.003952756283593972,0.022270725824998897,0.7071227951213931
190.70000000000002,4592.00907552346,9942.813853320406,135721.15970913263,22.000225517136254,54.13990472065504,-130.70956160647881,0.7067292435200014,0.003953618083536156,0.022288318951047166,0.7071218962074591
190.8,4594.209613925888,9948.22782831276,135707.96718602057,22.003063959915675,54.13982555693894,-131.6653269537085,0.7067296654380847,0.003954486520679894,0.022306001802348263,0.7071209120862741
190.9,4596.410152328317,9953.641803305114,135694.69089767488,22.005902402695096,54.13974639322283,-132.62109229230208,0.706730087134954,0.003955356746740527,0.02232368490153975,0.7071199277234683
191.0,4598.610690730745,9959.05577829747,135681.40277772647,22.00874084547452,54.13966722950673,-133.5768576296759,0.7067305086148644,0.0039562272351964444,0.02234136824874459,0.7071189431232997
191.10000000000002,4600.8112291331745,9964.469753289826,135668.11465777806,22.011579288253944,54.139588065790626,-134.53262296704997,0.7067309298785078,0.003957097734963034,0.022359051843973476,0.7071179582864616
191.20000000000002,4603.012742942005,9969.8837066414,135654.61022170758,22.01445287763855,54.13950879899567,-135.48838826837215,0.7067314213252774,0.003957998404145096,0.022377060392743314,0.7071168924077302
191.3,4605.214713716462,9975.297642001193,135640.93981594068,22.01734392369599,54.13942943396189,-136.44415354203352,0.7067320024039553,0.003958906187291695,0.02239516466985986,0.7071157334123643
191.4,4607.416684490919,9980.711577360986,135627.18564494458,22.020234969753428,54.1393500689281,-137.3999188065497,0.706732583252325,0.003959815992020618,0.02241326921147423,0.7071145741604105
191.5,4609.618655265374,9986.125512720779,135613.4196423464,22.023126015810867,54.13927070389432,-138.35568406977413,0.7067331638752019,0.003960726092916449,0.022431374017727032,0.7071134146566876
191.60000000000002,4611.820626039831,9991.539448080573,135599.65363974817,22.02601706186831,54.13919133886054,-139.31144933299882,0.7067337442733688,0.003961636206180116,0.02244947908863128,0.7071122549019806
191.70000000000002,4614.023589793401,9996.953361747263,135585.67132104628,22.02894325144202,54.139111867480345,-140.26721455883836,0.7067344017278946,0.003962578597765005,0.02246793081438613,0.7071110064693459
191.8,4616.227019240667,10002.367257372345,135571.52303266205,22.031886896310056,54.13903229498234,-141.22297975599417,0.7067351571858418,0.003963528608950662,0.022486484607009524,0.7071096563111612
191.9,4618.430448687932,10007.781152997426,135557.2909790533,22.03483054117809,54.13895272248433,-142.17874494349562,0.7067359124036808,0.0039644808933834074,0.02250503868259184,0.707108305879713
192.0,4620.633878135199,10013.195048622509,135543.04709384314,22.03777418604612,54.138873149986324,-143.1345101296334,0.7067366673868339,0.003965433510554568,0.022523593041292887,0.7071069551804277
192.10000000000002,4622.837307582465,10018.608944247591,135528.803208633,22.040717830914158,54.13879357748832,-144.09027531577146,0.7067374221361828,0.003966386141286054,0.022542147683128254,0.7071056042141888
192.20000000000002,4625.04174757987,10024.022818125575,135514.34300733815,22.043696616103567,54.13871389529989,-145.04604046319022,0.7067382612511427,0.003967373279761498,0.02256107186651738,0.7071041564502393
192.3,4627.246661998293,10029.43667391066,135499.71683637556,22.04669285516136,54.13863410905448,-146.00180558090162,0.706739207270223,0.003968368572778645,0.02258010479975429,0.7071025978068243
192.4,4629.451576416715,10034.850529695746,135485.0069001934,22.049689094219154,54.138554322809064,-146.95757068844952,0.7067401530386387,0.003969366410689558,0.022599138036470533,0.7071010388715518
192.5,4631.656490835137,10040.264385480832,135470.28513241056,22.052685333276948,54.13847453656365,-147.91333579456182,0.7067410985624674,0.003970364620864112,0.022618171576846813,0.7070994796505047
192.60000000000002,4633.861405253561,10045.678241265918,135455.56336462768,22.05568157233474,54.13839475031824,-148.8691009006744,0.7067420438426981,0.003971362845944327,0.022637205420901474,0.7070979201446739
192.70000000000002,4636.06734779147,10051.092075248209,135440.62528077984,22.058712948411618,54.13831485095977,-149.82486596673257,0.7067430800782825,0.003972397928257705,0.02265663289055823,0.7070962563910409
192.8,4638.273773476965,10056.505891084817,135425.52122727936,22.061761776882864,54.13823484454281,-150.78063100205904,0.7067442313840897,0.003973441723621307,0.022676176109186395,0.707094473322516
192.9,4640.480199162461,10061.919706921424,135410.33340856453,22.064810605354108,54.13815483812584,-151.73639602671284,0.706745382427826,0.00397448835654741,0.022695719653965288,0.707092689941452
193.0,4642.686624847957,10067.333522758036,135395.13375824972,22.06785943382535,54.13807483170888,-152.69216104985918,0.7067465332162769,0.0039755354043735985,0.022715263525098266,0.70709090625464
193.10000000000002,4644.893050533453,10072.747338594645,135379.93410793494,22.070908262296598,54.13799482529191,-153.64792607300578,0.7067476837505466,0.003976582468615943,0.022734807722606692,0.7070891222631867
193.20000000000002,4647.100521906086,10078.16113257103,135364.5181415755,22.073992224381065,54.13791470228231,-154.60369105474862,0.7067489326748305,0.003977668791160681,0.022754770296321693,0.7070872256961919
193.3,4649.308485152116,10083.574908347435,135348.93620557906,22.077093637326474,54.13783446915862,-155.55945600472447,0.7067503058082858,0.003978764401537369,0.022774855863337756,0.707085200392524
193.4,4651.516448398145,10088.988684123842,135333.27050437377,22.080195050271882,54.13775423603493,-156.5152209435185,0.7067516786673844,0.003979863164279734,0.02279494178160132,0.7070831747532969
193.5,4653.724411644175,10094.402459900248,135317.59297156922,22.083296463217295,54.13767400291123,-157.47098588073317,0.7067530512596751,0.003980962387845854,0.02281502805134035,0.7070811487860655
193.60000000000002,4655.932374890205,10099.816235676655,135301.91543876467,22.086397876162703,54.13759376978754,-158.42675081794806,0.7067544235863863,0.003982061629525751,0.022835114672579447,0.7070791224920616
193.70000000000002,4658.141401389307,10105.22998953349,135286.02158993657,22.089534419237204,54.13751341604322,-159.38251571241477,0.7067559024092411,0.003983202594551339,0.022855645190421475,0.7070769745860203
193.8,4660.350928486844,10110.643725134267,135269.9617714876,22.09268841160909,54.13743294834205,-160.33828057408286,0.7067575153666638,0.003984353440401864,0.02287630621146414,0.7070746877201315
193.9,4662.560455584382,10116.057460735043,135253.81818783545,22.095842403980974,54.13735248064089,-161.29404542406002,0.7067591280365267,0.003985507776733675,0.022896967611557812,0.7070724004930509
194.0,4664.769982681919,10121.471196335819,135237.6627725849,22.09899639635286,54.13727201293973,-162.24981027238593,0.7067607404272003,0.003986662623286793,0.022917629390957067,0.7070701129131556
194.10000000000002,4666.979509779457,10126.884931936596,135221.50735733434,22.102150388724745,54.13719154523857,-163.20557512071207,0.706762352540046,0.00398781748986203,0.022938291549689998,0.7070678249818108
194.20000000000002,4669.190117694237,10132.29864555642,135205.13562608196,22.10533950764327,54.13711095272581,-164.16133992494687,0.7067640803091547,0.003989016737133877,0.022959424870611683,0.7070654052772181
194.3,4671.401234931701,10137.712340862165,135188.5979252253,22.108546074254406,54.13703024222241,-165.1171046953526,0.706765953360247,0.003990226506629088,0.02298069669847453,0.707062835144416
194.4,4673.612352169165,10143.126036167909,135171.9764591715,22.11175264086554,54.136949531719004,-166.0728694535583,0.7067678261096009,0.003991440129285942,0.023001968936277574,0.7070602646218056
194.5,4675.82346940663,10148.539731473651,135155.3431615201,22.114959207476673,54.13686882121559,-167.0286342100408,0.7067696985664693,0.003992654315239842,0.023023241584304188,0.7070576937186468
194.60000000000002,4678.034586644094,10153.953426779397,135138.70986386875,22.11816577408781,54.136788110712196,-167.98439896652354,0.7067715707323573,0.003993868523366834,0.023044514642586233,0.7070551224364492
194.70000000000002,4680.246802261155,10159.367100040936,135121.86025023786,22.12140746355395,54.136707271813364,-168.94016367757138,0.7067735688935065,0.003995129985243953,0.023066288057858708,0.7070524079622165
194.8,4682.459535924333,10164.78075492871,135104.84466701993,22.12466659905975,54.13662631187714,-169.89592835375922,0.7067757248483277,0.003996402665009783,0.023088208525072058,0.7070495302013593
194.9,4684.672269587512,10170.194409816482,135087.7453186111,22.12792573456555,54.136545351940924,-170.85169301723795,0.7067778804861947,0.003997679586508658,0.0231101294366396,0.7070466520186539
195.0,4686.885003250691,10175.608064704255,135070.63413860556,22.131184870071355,54.136464392004704,-171.80745767892154,0.7067800358173083,0.003998957128278047,0.02313205079287584,0.7070437734243096
195.10000000000002,4689.097736913871,10181.02171959203,135053.5229586,22.13444400557716,54.13638343206848,-172.76322234060538,0.7067821908433272,0.004000234694651606,0.023153972593816703,0.7070408944199899
195.20000000000002,4691.311586516083,10186.435352369957,135036.19546263802,22.137738255783553,54.13630233777623,-173.7189869555095,0.706784483116829,0.004001562580147612,0.023176425906529574,0.7070378598097794
195.3,4693.525962886548,10191.848966712625,135018.70199710666,22.14104994840602,54.136221118388704,-174.6747515345219,0.7067869467859111,0.004002902427259869,0.02319903540458272,0.7070346479356612
195.4,4695.740339257012,10197.26258105529,135001.12476639086,22.144361641028492,54.13613989900117,-175.63051610031602,0.7067894101217126,0.004004246931967391,0.023221645385385622,0.7070314356037536
195.5,4697.954715627477,10202.676195397959,134983.53570407926,22.14767333365096,54.13605867961364,-176.5862806642431,0.7067918731354507,0.004005592118048582,0.02324425584928638,0.7070282228252828
195.60000000000002,4700.169091997943,10208.089809740628,134965.9466417677,22.150985026273435,54.13597746022611,-177.54204522817048,0.706794335828949,0.004006937331484993,0.023266866796325295,0.707025009602078
195.70000000000002,4702.384604290479,10213.503401897618,134948.1412635234,22.154331822164465,54.135896098544706,-178.49780974397186,0.7067969475929423,0.004008336108428835,0.023290044270720345,0.7070216276414812
195.8,4704.600653143191,10218.916975552575,134930.16991572795,22.157696055400205,54.13581460665237,-179.45357422284854,0.7067997452900062,0.004009747636265618,0.023313388517609505,0.7070180534453862
195.9,4706.816701995904,10224.330549207529,134912.1148027548,22.16106028863594,54.13573311476003,-180.40933868799792,0.706802542636181,0.004011164266329887,0.023336733290215815,0.7070144787510362
196.0,4709.032750848616,10229.744122862485,134894.0478581868,22.164424521871677,54.1356516228677,-181.3651031512083,0.7068053396437737,0.0040125816432486075,0.02336007858892364,0.7070109035707478
196.10000000000002,4711.248799701329,10235.15769651744,134875.98091361878,22.167788755107416,54.13557013097537,-182.320867614419,0.706808136314784,0.004013999050638948,0.02338342441377797,0.7070073279065275
196.20000000000002,4713.4660012164,10240.571247916338,134857.6976531425,22.171188085224575,54.13548849157822,-183.27663202815577,0.706811095218132,0.004015473437738081,0.023407371751371118,0.7070035690131335
196.3,4715.683747652177,10245.984780747996,134839.24842313377,22.174604849840776,54.13540671797659,-184.23239640393365,0.7068142559435246,0.004016961408997529,0.02343149619704842,0.7069996015571776
196.4,4717.901494087953,10251.398313579657,134820.7154279543,22.178021614456977,54.13532494437495,-185.18816076547515,0.706817416299159,0.0040184549574470265,0.023455621216476298,0.7069956335574398
196.5,4720.119240523731,10256.811846411316,134802.170601181,22.18143837907318,54.13524317077332,-186.14392512500578,0.7068205762985083,0.004019949322872382,0.02347974681007822,0.7069916650274038
196.60000000000002,4722.336986959508,10262.225379242978,134783.62577440767,22.184855143689383,54.13516139717168,-187.09968948453667,0.7068237359437614,0.004021443722300704,0.023503872977904215,0.7069876959692657
196.70000000000002,4724.555902525078,10267.638889746422,134764.86463175112,22.188307000113095,54.135079471532414,-188.055453793244,0.7068270722346902,0.0040229976939495276,0.023528629864646215,0.7069835281124894
196.8,4726.775371251428,10273.052381615787,134745.93751958135,22.19177628876864,54.13499740794687,-189.01121806295689,0.7068306275784721,0.004024565909457025,0.023553573061288583,0.7069791340501573
196.9,4728.994839977779,10278.465873485155,134726.92664224812,22.195245577424185,54.13491534436133,-189.96698231792433,0.7068341825326409,0.004026140209066829,0.023578516885203182,0.7069747393930876
197.0,4731.2143087041295,10283.879365354518,134707.9039333221,22.198714866079733,54.13483328077579,-190.922746570809,0.7068377371119189,0.004027715400667749,0.023603461336855678,0.7069703441560138
197.10000000000002,4733.43377743048,10289.292857223887,134688.88122439603,22.20218415473528,54.13475121719025,-191.87851082369397,0.7068412913186961,0.004029290630246407,0.023628406416301567,0.7069659483413337
197.20000000000002,4735.654432471251,10294.70632668873,134669.6421996125,22.205688529843048,54.134668996844354,-192.83427502440384,0.7068450375142812,0.004030929735000431,0.02365402509250822,0.7069613367390248
197.3,4737.8756492294415,10300.119777449949,134650.23720533555,22.20921033478995,54.13458663469006,-193.7900391850823,0.7068490213285499,0.00403258412640508,0.023679842538419822,0.7069564798270754
197.4,4740.096865987633,10305.533228211163,134630.74844590257,22.212732139736854,54.13450427253577,-194.74580333050625,0.706853004731804,0.004034245142555825,0.023705660671664984,0.7069516222627046
197.5,4742.318082745824,10310.946678972381,134611.24785487785,22.216253944683753,54.134421910381484,-195.70156747377553,0.7068569877401006,0.004035907130950701,0.02373147949275484,0.7069467640619812
197.60000000000002,4744.539299504015,10316.360129733599,134591.74726385312,22.21977574963066,54.134339548227196,-196.6573316170451,0.7068609703560449,0.004037569161848869,0.023757299001750755,0.7069419052275197
197.70000000000002,4746.761719998469,10321.773558010986,134572.03035699736,22.2233326354796,54.13425702445556,-197.61309570678608,0.7068651615908453,0.004039299406635528,0.023783835873195016,0.706936812268684
197.8,4748.984710871676,10327.186967512975,134552.1474806684,22.226906948687603,54.13417435491866,-198.56885975545723,0.7068696105244884,0.004041045997190775,0.023810584371500076,0.7069314533503899
197.9,4751.207701744883,10332.600377014962,134532.18083919125,22.23048126189561,54.13409168538176,-199.5246237883648,0.7068740590241496,0.004042799788701384,0.02383733362454867,0.7069260937143738
198.0,4753.430692618089,10338.01378651695,134512.2023661234,22.23405557510361,54.13400901584487,-200.4803878190458,0.706878507107313,0.004044554638267998,0.02386408363290092,0.7069207333781323
198.10000000000002,4755.653683491297,10343.427196018938,134492.2238930556,22.237629888311613,54.133926346307966,-201.4361518497271,0.7068829547768135,0.004046309535486457,0.02389083439662448,0.7069153723445103
198.20000000000002,4757.877895590621,10348.840582950192,134472.02910418384,22.241239249235363,54.13384349536209,-202.3919158255243,0.7068876288179549,0.004048136844666834,0.023918348049369154,0.7069097576344558
198.3,4760.102686760033,10354.253951030003,134451.66834585968,22.244866022837847,54.13376048805654,-203.3476797592116,0.7068925821500778,0.004049981537332128,0.02394608726834747,0.7069038547463719
198.4,4762.327477929446,10359.66731910981,134431.2238223953,22.24849279644033,54.13367748075098,-204.30344367662627,0.7068975350236245,0.004051834044656788,0.023973827317808265,0.7068979510665837
198.5,4764.552269098859,10365.080687189622,134410.7674673414,22.25211957004282,54.13359447344543,-205.2592075917425,0.7069024874576036,0.004053687701746308,0.024001568198364444,0.7068920466141125
198.60000000000002,4766.777060268272,10370.494055269433,134390.31111228745,22.255746343645306,54.13351146613987,-206.21497150685897,0.7069074394550944,0.004055541412335595,0.024029309910090384,0.7068861413920491
198.70000000000002,4769.003090183118,10375.907400702326,134369.63844145738,22.25940818534269,54.13342828700394,-207.17073536573366,0.7069126373557495,0.004057471841671057,0.024057859954960844,0.7068799611273331
198.8,4771.22970787238,10381.320727222632,134348.79980119623,22.2630874486813,54.13334495439339,-208.12649918145672,0.7069181380948172,0.0040594207263853835,0.024086649366346375,0.7068734684922231
198.9,4773.456325561641,10386.734053742937,134327.87739580317,22.26676671201991,54.13326162178285,-209.08226298039813,0.7069236383491755,0.004061378079000404,0.024115439693267085,0.7068669749816184
199.0,4775.682943250902,10392.147380263243,134306.9431588217,22.270445975358516,54.13317828917231,-210.03802677696922,0.7069291381394605,0.004063336679355675,0.024144230936392723,0.7068604806161681
199.10000000000002,4777.909560940164,10397.560706783552,134286.00892184023,22.274125238697128,54.133094956561756,-210.99379057354054,0.7069346374690113,0.0040652953398522965,0.024173023095804956,0.7068539853992244
199.20000000000002,4780.137434905211,10402.974010564774,134264.85836911108,22.277839573781613,54.13301145182955,-211.94955431252237,0.7069404047181691,0.004067335236236622,0.024202669858393987,0.7068471912179555
199.3,4782.3659053538595,10408.387295346729,134243.5418469727,22.281571332093446,54.132927791250225,-212.90531800731847,0.7069465010567269,0.004069394719868113,0.024232569904387147,0.7068400577401469
199.4,4784.594375802507,10413.800580128684,134222.14155971084,22.285303090405275,54.13284413067089,-213.861081684824,0.7069525968830177,0.004071463366343633,0.024262470961503888,0.7068329232918175
199.5,4786.822846251155,10419.213864910638,134200.72944086188,22.28903484871711,54.132760470091554,-214.81684535988728,0.7069586922194145,0.004073533365207193,0.024292373030475274,0.7068257878953524
199.60000000000002,4789.0513166998035,10424.627149692595,134179.31732201288,22.292766607028945,54.132676809512226,-215.77260903495082,0.7069647870695338,0.004075603431763875,0.02432227611139087,0.7068186515543835
199.70000000000002,4791.28106095763,10430.040411644135,134157.68888744529,22.296533435161756,54.13259297355815,-216.72837265109587,0.7069711774922769,0.004077759503244698,0.024353081679118805,0.7068111865875832
199.8,4793.511410409573,10435.453654511086,134135.89448349082,22.30031768566082,54.13250897815105,-217.68413622203562,0.7069779295037677,0.004079936379992825,0.02438415495294697,0.706803349101383
199.9,4795.741759861516,10440.866897378037,134114.0163144217,22.304101936159885,54.132424982743956,-218.6398997751759,0.7069846809743555,0.004082123158559239,0.024415229346024497,0.7067955105361722
200.0,4797.9721093134585,10446.280140244986,134092.12631376664,22.30788618665895,54.13234098733686,-219.59566332580204,0.7069914319282661,0.0040843114013140195,0.02444630485914866,0.7067876709161885
200.10000000000002,4800.202458765403,10451.693383111939,134070.23631311159,22.311670437158018,54.132256991929765,-220.55142687642848,0.7069981823694106,0.00408649972039981,0.02447738149241762,0.7067798302453596
200.20000000000002,4802.434099559628,10457.106603059061,134048.12999676776,22.315489753574553,54.13217281700353,-221.50719036678947,0.7070052539968885,0.004088779021470896,0.024509410176669827,0.7067716332166286
200.3,4804.666354258347,10462.51980384005,134025.85771105989,22.319326490609537,54.1320884787887,-222.4629538109117,0.7070127175756163,0.004091080384081982,0.024541721356258258,0.7067630325367228
200.4,4806.898608957067,10467.933004621038,134003.5016602464,22.32316322764452,54.13200414057388,-223.4187172367255,0.7070201805835765,0.004093392433876056,0.024574033776552023,0.7067544306545932
200.5,4809.130863655787,10473.346205402026,133981.13377784827,22.32699996467951,54.131919802359064,-224.37448065995335,0.7070276430469711,0.004095706067227186,0.024606347438419825,0.7067458275964531
200.60000000000002,4811.363118354508,10478.759406183015,133958.7658954501,22.330836701714492,54.13183546414424,-225.33024408318144,0.7070351049700241,0.004098019786729395,0.024638662341969243,0.7067372233665445
200.70000000000002,4813.596681926977,10484.172583953632,133936.18169739365,22.334708500051555,54.13175094190791,-226.28600744479004,0.7070429182927441,0.004100429689402123,0.024671980773275298,0.7067282303213628
200.8,4815.830868113585,10489.585742476092,133913.43152999654,22.33859771693989,54.13166625240464,-227.24177075912098,0.7070511590826238,0.004102862985727202,0.02470559714845124,0.7067187972770902
200.9,4818.065054300193,10494.998900998553,133890.59759750307,22.342486933828226,54.13158156290138,-228.19753405463462,0.7070593992709918,0.0041053078035670374,0.0247392149012859,0.7067093628900428
201.0,4820.299240486802,10500.412059521015,133867.7518334263,22.346376150716562,54.13149687339811,-229.15329734749034,0.7070676388861571,0.004107754332435122,0.024772834032725184,0.7066999271885391
201.10000000000002,4822.533426673411,10505.82521804348,133844.9060693495,22.350265367604898,54.13141218389485,-230.10906064034634,0.7070758779326755,0.004110200958654607,0.024806454542887033,0.7066904901771548
201.20000000000002,4824.768939258714,10511.238353459894,133821.84398964554,22.35418962786426,54.131327297224495,-231.06482387022533,0.7070844964053787,0.0041127494152833465,0.024841134568777328,0.706680633857144
201.3,4827.005083164907,10516.65146954227,133798.61594062485,22.358131298727642,54.13124223386249,-232.02058705178507,0.707093575693558,0.004115322688992849,0.024876129216390708,0.7066703032725186
201.4,4829.241227071099,10522.064585624648,133775.30412651732,22.362072969591026,54.131157170500494,-232.9763502140186,0.7071026543482943,0.004117908370152579,0.02491112539531597,0.7066599711854284
201.5,4831.477370977291,10527.477701707025,133751.9804808278,22.366014640454413,54.13107210713849,-233.9321133735223,0.7071117324001419,0.004120495898403592,0.02494612310658242,0.7066496376264354
201.60000000000002,4833.713514883484,10532.890817789403,133728.65683513827,22.369956311317793,54.1309870437765,-234.88787653302631,0.7071208098540095,0.004123083536722632,0.024981122350319344,0.706639302600469
201.70000000000002,4835.951002705475,10538.303910664068,133705.11687385343,22.37393300854242,54.130901770341225,-235.84363962818662,0.7071303078383709,0.0041257793522255625,0.025017243609024686,0.706628504380735
201.8,4838.189130551622,10543.716984114337,133681.41094327628,22.377927108822934,54.130816310586944,-236.79940267397905,0.7071403146114251,0.004128501634205937,0.025053698367998412,0.706617182867496
201.9,4840.427258397769,10549.130057564606,133657.62124762207,22.381921209103453,54.13073085083266,-237.75516569993636,0.7071503207188624,0.0041312372642122045,0.025090154833361435,0.7066058596674065
202.0,4842.665386243916,10554.543131014874,133633.81972038728,22.38591530938397,54.13064539107839,-238.710928723092,0.7071603261936296,0.004133974886744282,0.025126613006233405,0.7065945348134176
202.10000000000002,4844.903514090063,10559.956204465145,133610.01819315244,22.38990940966449,54.130559931324115,-239.6666917462479,0.7071703310410083,0.004136712633985552,0.02516307288675625,0.7065832083108332
202.20000000000002,4847.143003362997,10565.369254600919,133586.00035035485,22.39393852580571,54.130474252872695,-240.62245470362512,0.7071807930506638,0.004139566022762669,0.02520072673055065,0.70657137877615
202.3,4849.383141360617,10570.782285217743,133561.8165382899,22.39798504026755,54.13038838110017,-241.57821761053356,0.7071918072461021,0.004142447756114457,0.02523873518649718,0.706558981357371
202.4,4851.623279358235,10576.195315834568,133537.54896115794,22.402031554729394,54.13030250932765,-242.53398049709796,0.7072028207427733,0.004145343835678839,0.025276745546968717,0.7065465820400681
202.5,4853.863417355855,10581.60834645139,133513.2695524468,22.40607806919124,54.13021663755513,-243.48974338078878,0.7072138335761733,0.0041482420631710724,0.025314757813182633,0.7065341808597358
202.60000000000002,4856.103555353474,10587.021377068217,133488.9901437357,22.410124583653083,54.1301307657826,-244.44550626447986,0.7072248457519783,0.004151140432143513,0.02535277198529487,0.7065217778220745
202.70000000000002,4858.345072284089,10592.434384251796,133464.49441949496,22.4142061057536,54.13004466793524,-245.4012690810556,0.7072363562362294,0.0041541629779490025,0.02539206083910923,0.7065088269752876
202.8,4860.587246637775,10597.847371806434,133439.8327260124,22.418305022480766,54.12995837039558,-246.35703184613692,0.7072484675463111,0.004157216011132813,0.025431727728403547,0.7064952582524385
202.9,4862.82942099146,10603.260359361075,133415.0872674731,22.422403939207936,54.12987207285593,-247.31279459036594,0.7072605781234925,0.004160284487738284,0.025471396747237727,0.7064816873869759
203.0,4865.071595345145,10608.673346915713,133390.32997735613,22.426502855935105,54.12978577531628,-248.26855733164965,0.7072726880060803,0.004163355283821451,0.025511067896938463,0.7064681144171988
203.10000000000002,4867.313769698832,10614.086334470354,133365.5726872391,22.430601772662275,54.12969947777663,-249.22432007293364,0.7072847972001833,0.004166426240670758,0.025550741177677805,0.7064545393492406
203.20000000000002,4869.557340487621,10619.499298479586,133340.59908162642,22.43473568950393,54.12961294779002,-250.18008274576925,0.7072974494846256,0.004169629435624306,0.025591766938050993,0.7064403680480764
203.3,4871.801577396027,10624.912242762395,133315.45950679787,22.43888699759727,54.12952621288243,-251.13584536608775,0.7073107553337441,0.004172865181610113,0.025633193849097027,0.7064255247076504
203.4,4874.045814304432,10630.325187045206,133290.2361669232,22.443038305690603,54.12943947797485,-252.0916079650454,0.7073240604157787,0.004176117563318894,0.02567462314486588,0.7064106789434897
203.5,4876.290051212838,10635.738131328015,133265.00099547222,22.44718961378394,54.129352743067265,-253.04737056098585,0.7073373647721009,0.004179372451921753,0.02571605482680551,0.7063958307969496
203.60000000000002,4878.534288121244,10641.151075610827,133239.76582402128,22.45134092187728,54.129266008159675,-254.00313315692657,0.7073506684092886,0.004182627523410302,0.025757488895106515,0.7063809802746329
203.70000000000002,4880.779938963044,10646.56399623066,133214.31433710922,22.455527222735345,54.12917902542544,-254.9588956830519,0.7073645650076331,0.0041860210360912305,0.02580033990801692,0.7063654803712298
203.8,4883.026264619293,10651.976897020611,133188.69688100784,22.45973091154991,54.12909181868596,-255.91465815561116,0.7073791734354012,0.004189448787857874,0.02584361263022434,0.7063492487395464
203.9,4885.272590275545,10657.389797810565,133162.99565987109,22.463934600364475,54.12900461194647,-256.8704206063008,0.7073937810639577,0.004192894457351794,0.02588688802566511,0.7063330143611112
204.0,4887.518915931794,10662.802698600517,133137.28260715964,22.468138289179038,54.128917405206984,-257.8261830539015,0.7074083879379837,0.004196342836497305,0.02593016609592104,0.7063167772805767
204.10000000000002,4889.765241588046,10668.215599390473,133111.5695544482,22.472341977993604,54.12883019846749,-258.7819455015025,0.7074229940645599,0.004199791423756047,0.0259734468412042,0.7063005375050465
204.20000000000002,4892.01299867226,10673.628472023685,133085.64018631086,22.47658065222622,54.12874269533881,-259.7377078779202,0.7074382497401451,0.004203386092954621,0.026018220302535026,0.7062835879179428
204.3,4894.26143926409,10679.041318043774,133059.54484901123,22.480836711121302,54.12865489844662,-260.69347019972236,0.7074542832261662,0.004207017048630617,0.02606343895454712,0.7062658389745087
204.4,4896.509879855921,10684.454164063862,133033.36574668734,22.485092770016383,54.12856710155443,-261.64923249914625,0.7074703158837016,0.0042106672930209196,0.026108660607383302,0.7062480869111444
204.5,4898.758320447751,10689.86701008395,133007.1748127903,22.489348828911464,54.128479304662235,-262.6049947954093,0.7074863477609863,0.004214320465559668,0.026153885262772663,0.7062303317760403
204.60000000000002,4901.006761039582,10695.279856104042,132980.98387889325,22.493604887806548,54.12839150777005,-263.5607570916726,0.707502378865635,0.004217973875129061,0.026199112920952256,0.7062125735768313
204.70000000000002,4903.256646372683,10700.69267818766,132954.57662960628,22.497895926802034,54.12830346223354,-264.5165193153832,0.7075191241372677,0.004221780920506843,0.02624590318295886,0.706194037154098
204.8,4905.507222060889,10706.10548015945,132928.00341118456,22.502204348060435,54.12821519898082,-265.47228148342754,0.7075367212917405,0.004225626321704563,0.02629315996949937,0.7061746256024366
204.9,4907.7577977490955,10711.51828213124,132901.3464277499,22.506512769318835,54.12812693572811,-266.42804362858493,0.7075543175937287,0.004229492473977555,0.026340420128178468,0.7061552104993326
205.0,4910.008373437303,10716.931084103031,132874.6776127437,22.510821190577232,54.1280386724754,-267.38380577050964,0.7075719130952739,0.004233361789418747,0.026387683660887454,0.7061357918967619
205.10000000000002,4912.258949125511,10722.343886074823,132848.00879773748,22.515129611835633,54.12795040922268,-268.3395679124346,0.7075895078045569,0.004237231375016663,0.026434950567892718,0.7061163698029189
205.20000000000002,4914.510989662625,10727.756668401886,132821.12366737795,22.519473004446496,54.127861941135876,-269.2953299804356,0.7076078932055764,0.004241197273742312,0.026483375585532577,0.7060961071528765
205.3,4916.7637304013915,10733.169437266166,132794.07256791176,22.523833775405073,54.12777332745886,-270.25109199171834,0.7076272063331862,0.004245222797890805,0.026532435983713642,0.7060748861000912
205.4,4919.0164711401585,10738.582206130448,132766.93770344424,22.528194546363643,54.12768471378185,-271.2068539796054,0.7076465033209071,0.004249377271637499,0.026582295609692122,0.7060536457597366
205.5,4921.2692118789255,10743.994974994728,132739.79100740675,22.532555317322217,54.12759610010484,-272.1626159641879,0.7076657980863349,0.004253544734342653,0.026632230438054193,0.7060324000199409
205.60000000000002,4923.5219526176925,10749.407743859012,132712.64431136928,22.536916088280794,54.127507486427824,-273.1183779487707,0.7076850920078988,0.004257712510333198,0.026682169101375643,0.7060111502561393
205.70000000000002,4925.776177455711,10754.820488554808,132685.2813000158,22.541311822195528,54.12741861174319,-274.0741398580566,0.7077052640954948,0.0042618870156561055,0.026732620734599668,0.7059889960043653
205.8,4928.0311119634825,10760.23321297479,132657.7523195843,22.545724930696373,54.127329510704655,-275.0299017095707,0.7077264509116628,0.004266111956234017,0.026783649052352504,0.7059657974096188
205.9,4930.286046471254,10765.645937394773,132630.13957416327,22.550138039197215,54.12724040966612,-275.9856635371805,0.7077476157148909,0.004270507132762482,0.02683577277909616,0.7059425731021363
206.0,4932.540980979025,10771.058661814757,132602.51499717397,22.554551147698056,54.12715130862759,-276.94142536141396,0.707768779664154,0.004274905991159743,0.026887900818145953,0.7059193441895997
206.10000000000002,4934.795915486798,10776.471386234742,132574.89042018467,22.5589642561989,54.12706220758906,-277.8971871856476,0.7077899427688142,0.004279305206010338,0.02694003316983437,0.7058961106813668
206.20000000000002,4937.052351777893,10781.884086354798,132547.04952791735,22.56341230639394,54.12697283199721,-278.8529489332076,0.7078120652687317,0.0042837117892730245,0.026992705969673993,0.7058718891539412
206.3,4939.309506515448,10787.296766088819,132519.0426666012,22.56787772173279,54.126883221793406,-279.8087106219395,0.7078352857424229,0.004288235030355982,0.027046458639734698,0.7058465189921362
206.4,4941.566661253004,10792.709445822842,132490.95204030754,22.572343137071638,54.12679361158961,-280.76447228625835,0.7078584923892709,0.004292872608936914,0.027100877811464582,0.7058211306124236
206.5,4943.8238159905595,10798.122125556865,132462.84958244735,22.576808552410487,54.12670400138582,-281.72023394712903,0.7078883245209228,0.004297554373766451,0.027155556031481915,0.7057890809654016
206.60000000000002,4946.080970728115,10803.534805290888,132434.74712458713,22.58127396774934,54.126614391182024,-282.67599560799994,0.7079965029203885,0.004302712768008197,0.027213251533945878,0.7056783101784313
206.70000000000002,4948.33964688146,10808.947460569256,132406.42835148762,22.585774283946076,54.1265244823298,-283.6317571907928,0.708109222015774,0.004307901576334716,0.027271669309281148,0.7055629155031529
206.8,4950.59905111798,10814.360095336848,132377.9436093689,22.59029194720247,54.126434325833536,-284.58751871368025,0.7082269578795279,0.004313310951005272,0.027331932377691697,0.7054423696900056
206.9,4952.858455354499,10819.77273010444,132349.37510228506,22.594809610458864,54.12634416933727,-285.54328021164605,0.708344709211509,0.004318776223937538,0.027392419180348786,0.7053217538651692
207.0,4955.117859591019,10825.18536487203,132320.79476363643,22.599327273715257,54.126254012841,-286.49904170609176,0.7084624800732401,0.0043242471135036984,0.027452926827881342,0.7052010720524738
207.10000000000002,4957.377263827539,10830.597999639622,132292.2144249878,22.60384493697165,54.12616385634474,-287.4548032005377,0.7085802704632156,0.00432971982906804,0.027513455325660213,0.7050803242273328
207.20000000000002,4959.6382060157575,10836.010609802643,132263.41777113924,22.608397482834498,54.12607338409799,-288.41056461537175,0.7087030080422095,0.004335225907434633,0.02757475399962988,0.7049545270087393
207.3,4961.8998845569895,10841.423199329227,132234.4551483018,22.61296736764099,54.125982648710526,-289.3663259691235,0.7088312097083216,0.004340972165810752,0.027638053884892655,0.7048231055247471
207.4,4964.1615630982205,10846.835788855813,132205.40876051178,22.617537252447484,54.12589191332306,-290.3220872974449,0.7089594300109222,0.004346778756589598,0.02770159799066883,0.7046916017534145
207.5,4966.423241639452,10852.248378382397,132176.35054115875,22.622107137253977,54.12580117793559,-291.2778486221744,0.7090876734129078,0.00435259148806471,0.027765165792615235,0.7045600201045443
207.60000000000002,4968.684920180684,10857.660967908985,132147.2923218057,22.62667702206047,54.125710442548126,-292.2336099469042,0.7092159399099873,0.004358406318284784,0.02782875729722942,0.7044283605443848
207.70000000000002,4970.948152992559,10863.073532677083,132118.01778729292,22.631281777545993,54.125619379892285,-293.18937119057955,0.7093495983302466,0.004364257773817554,0.02789316999894569,0.7042911838651762
207.8,4973.212130331482,10868.486076677722,132088.57728382206,22.63590386664835,54.12552804344792,-294.1451323720657,0.7094892110520348,0.004370364114781556,0.027959703501204945,0.7041478639450598
207.9,4975.476107670405,10873.898620678363,132059.05301541148,22.640525955750704,54.12543670700356,-295.100893527613,0.7096288463226225,0.004376534593731505,0.028026496426270118,0.7040044473651016
208.0,4977.740085009328,10879.311164679002,132029.5169154397,22.645148044853055,54.125345370559195,-296.0566546794965,0.7097685089018455,0.004382711791953405,0.028093316307263423,0.7038609388135271
208.10000000000002,4980.004062348253,10884.723708679641,131999.9808154679,22.64977013395541,54.12525403411483,-297.0124158313803,0.7099081987816195,0.0043888914031623965,0.0281601631520514,0.7037173382446519
208.20000000000002,4982.269611017029,10890.136227758283,131970.22840037744,22.654427081394587,54.125162360873254,-297.96817690016655,0.7100537813768704,0.004395111340953897,0.02822788765581895,0.7035676917732925
208.3,4984.5359127134725,10895.548725931843,131940.31001636042,22.659101356505772,54.125070405705,-298.92393790519606,0.7102058703241358,0.004401601907004177,0.0282978610962026,0.7034113154585793
208.4,4986.802214409917,10900.9612241054,131910.3078674168,22.663775631616957,54.12497845053675,-299.8796988837783,0.7103579864781897,0.004408160644061734,0.02836811023113185,0.7032548254283808
208.5,4989.06851610636,10906.37372227896,131880.2938869138,22.668449906728142,54.12488649536851,-300.8354598586249,0.7105101349162584,0.004414726741240445,0.02843839005742958,0.7030982266653941
208.60000000000002,4991.334817802805,10911.78622045252,131850.27990641078,22.673124181839327,54.124794540200256,-301.7912208334718,0.7106623156251216,0.004421295614120787,0.028508700584628604,0.7029415191083884
208.70000000000002,4993.602708131637,10917.198693534367,131820.0496108309,22.677833305232937,54.12470223934169,-302.7469817241576,0.710820948722945,0.004427908985307589,0.028579950119550005,0.7027781719218334
208.8,4995.871360096154,10922.611145568844,131789.65334635644,22.68255975201138,54.12460964921472,-303.7027425502706,0.7109867050505269,0.004434809732967316,0.028653584706939458,0.7026074364732198
208.9,4998.140012060671,10928.02359760332,131759.17331696875,22.687286198789817,54.12451705908775,-304.6585033494333,0.7111524941380634,0.004441782915264267,0.028727512333244776,0.7024365670157617
209.0,5000.408664025189,10933.436049637796,131728.68145602357,22.692012645568255,54.12442446896078,-305.6142641447894,0.7113183213999388,0.004448764169496783,0.028801474938147182,0.7022655688409655
209.10000000000002,5002.677315989707,10938.848501672273,131698.18959507838,22.696739092346697,54.124331878833814,-306.5700249401458,0.711484186816006,0.004455748618613455,0.028875472533209084,0.7020944418673304
209.20000000000002,5004.947573966753,10944.26092844034,131667.48141909868,22.701500376979237,54.12423893431436,-307.5257856500303,0.7116571613579689,0.004462782467269492,0.02895047684318193,0.7019159765606707
209.3,5007.218602221755,10949.673334014815,131636.60727425702,22.706278980388113,54.12414569341285,-308.48154629433617,0.7118379826765052,0.004470121707362836,0.02902801193129034,0.7017293487907439
209.4,5009.489630476758,10955.085739589293,131605.64936451567,22.711057583796986,54.12405245251133,-309.4373069111891,0.7120188434157086,0.00447753788845039,0.029105858552379613,0.7015425626954809
209.5,5011.7606587317605,10960.498145163767,131574.67962321878,22.715836187205856,54.12395921160981,-310.39306752416434,0.7121997493470418,0.004484962935662719,0.029183745094006935,0.7013556238883127
209.60000000000002,5014.031686986764,10965.910550738245,131543.70988192185,22.720614790614732,54.123865970708295,-311.34882813713983,0.7123807004409893,0.00449239166414051,0.029261671570216433,0.7011685322611519
209.70000000000002,5016.3043345070755,10971.322930899743,131512.52382563354,22.72542822435714,54.123772368393226,-312.3045886632568,0.7125693762363953,0.004499874451967862,0.029340663017676325,0.7009734379230602
209.8,5018.577759125742,10976.735289732183,131481.17180051628,22.7302589735072,54.123678463344284,-313.2603491227314,0.7127665713586627,0.004507677205343695,0.029422302663452436,0.7007694511790659
209.9,5020.8511837444075,10982.147648564624,131449.7360105132,22.735089722657257,54.12358455829534,-314.2161095542458,0.7129638001011477,0.004515561212008941,0.02950427015874551,0.7005652913859429
210.0,5023.124608363075,10987.560007397064,131418.28838895657,22.739920471807316,54.1234906532464,-315.171869981811,0.7131610730724462,0.004523455025392053,0.029586283585301423,0.7003609598145806
210.10000000000002,5025.398032981741,10992.972366229505,131386.84076739987,22.744751220957376,54.123396748197464,-316.1276304093765,0.7133583994274817,0.004531353076890818,0.02966834256811547,0.7001564469851113
210.20000000000002,5027.673096872575,10998.384699446164,131355.1768308956,22.749616788051064,54.12330247206161,-317.0833907486577,0.7135641631911613,0.004539310638602021,0.0297515465772732,0.6999431585096638
210.3,5029.948947663444,11003.79701117183,131323.34692559598,22.754499665018898,54.123207885647936,-318.03915102020244,0.7137792372881723,0.004547609766918238,0.029837574944835705,0.6997201146052143
210.4,5032.224798454314,11009.209322897495,131291.43325542464,22.75938254198673,54.12311329923426,-318.9949112632811,0.7139943443457161,0.004555995602968259,0.029923954829338482,0.6994968735268005
210.5,5034.500649245184,11014.621634623161,131259.5077537017,22.764265418954565,54.12301871282059,-319.950671502339,0.7142095049072572,0.00456439224042053,0.030010387119358006,0.6992734272718737
210.60000000000002,5036.776500036053,11020.033946348827,131227.58225197878,22.7691482959224,54.12292412640691,-320.9064317413971,0.714424728517649,0.004572793759144148,0.030096871418581972,0.6990497658754584
210.70000000000002,5039.054009253603,11025.446232254675,131195.4404353527,22.774065958916058,54.12282914885751,-321.86219189074217,0.7146490537313135,0.0045812602090896755,0.03018458159835422,0.6988165947439764
210.8,5041.332314796604,11030.858496505401,131163.13264996547,22.779000917624384,54.122733848871526,-322.81795197125456,0.7148834222850323,0.004590089678008226,0.030275291988397582,0.6985728525456779
210.9,5043.610620339604,11036.270760756126,131130.74109972088,22.78393587633271,54.12263854888554,-323.77371202279585,0.7151178260288373,0.004599011630825411,0.030366378260868705,0.6983288817306118
211.0,5045.888925882605,11041.683025006852,131098.33771792668,22.78887083504103,54.12254324889956,-324.7294720702451,0.7153523017030627,0.004607945458987377,0.030457523975336836,0.6980846585623187
211.10000000000002,5048.167231425607,11047.095289257579,131065.93433613252,22.79380579374936,54.122447948913575,-325.6852321176946,0.7155868516436671,0.004616884905634395,0.030548729049814306,0.6978401803292168
211.20000000000002,5050.447212981519,11052.507527502892,131033.31463948042,22.79877547954944,54.122352224296066,-326.640992073998,0.7158314421804793,0.0046258966634733735,0.030641255313812215,0.6975851639324531
211.3,5052.7279995960125,11057.919743957202,131000.52897410184,22.803762434976466,54.122256160067934,-327.5967519603692,0.7160871050826322,0.00463529460839415,0.030736969724958086,0.6973184428009886
211.4,5055.008786210505,11063.331960411511,130967.65954388052,22.808749390403495,54.1221600958398,-328.55251181726356,0.7163428168034139,0.00464479102691768,0.030833084606667387,0.6970514440298541
211.5,5057.289572824998,11068.744176865821,130934.77828211169,22.81373634583052,54.122064031611664,-329.50827166999443,0.7165986162167053,0.00465430057639303,0.03092926730678616,0.6967841424331593
211.60000000000002,5059.570359439491,11074.156393320132,130901.89702034285,22.818723301257545,54.121967967383526,-330.4640315227255,0.7168545032130826,0.004663816600348592,0.031025517855513274,0.6965165376928534
211.70000000000002,5061.852841575632,11079.56858351513,130868.79944376204,22.82374493879598,54.12187145098615,-331.4197912828734,0.7171212970591874,0.004673412124727799,0.031123195896224778,0.6962374244469098
211.8,5064.1361383520525,11084.980751716921,130835.53589848996,22.82878382603097,54.1217745788412,-332.3755509719864,0.7174001192307451,0.004683420846101103,0.03122428442427718,0.69594552844248
211.9,5066.419435128474,11090.392919918711,130802.18858839002,22.83382271326596,54.12167770669625,-333.3313106311166,0.7176790031150498,0.004693534977683193,0.03132580378039468,0.6956532995930614
212.0,5068.702731904895,11095.8050881205,130768.82944674468,22.83886160050095,54.1215808345513,-334.2870702860117,0.7179579902609522,0.004703663671957584,0.03142740069319173,0.6953607108934075
212.10000000000002,5070.986028681317,11101.21725632229,130735.47030509931,22.843900487735947,54.12148396240635,-335.2428299409071,0.7182370805203141,0.004713799828477721,0.031529075199125185,0.6950677619296702
212.20000000000002,5073.271036557626,11106.629398034318,130701.89484867522,22.848974039245963,54.121386618600575,-336.19858950219316,0.7185280888833266,0.004724023857274042,0.031632285739417856,0.6947621662001826
212.3,5075.556866641583,11112.041517561105,130668.15342358538,22.854064832524205,54.12128889955512,-337.15434899165723,0.7188322395189284,0.004734688013114326,0.03173912577428167,0.69444252609752
212.4,5077.842696725541,11117.453637087889,130634.32823368277,22.85915562580245,54.12119118050966,-338.1101084506322,0.7191364680632419,0.004745464654392933,0.03184642695534819,0.6941224862781189
212.5,5080.128526809498,11122.865756614676,130600.49121223688,22.864246419080693,54.1210934614642,-339.0658679053006,0.7194408181097884,0.004756257470289739,0.031953816883830866,0.6938020184742542
212.60000000000002,5082.414356893456,11128.277876141463,130566.65419079099,22.869337212358943,54.12099574241874,-340.0216273599693,0.7197452894587848,0.0047670588896433245,0.03206129560364475,0.6934811221479994
212.70000000000002,5084.701914831878,11133.689968948778,130532.60085462175,22.874462657880585,54.120897534945975,-340.9773867193274,0.7200628853889289,0.004777958159019721,0.03217043195769097,0.6931462151010107
212.8,5086.990303518968,11139.102039382746,130498.38154982922,22.879605339767338,54.120798933487045,-341.9331460055581,0.7203949520154367,0.0047893269943376695,0.0322834358107779,0.692795752895375
212.9,5089.278692206059,11144.514109816715,130464.07848023933,22.88474802165409,54.12070033202812,-342.88890526079126,0.7207271164043982,0.004800815870472976,0.0323969336457268,0.6924448097406269
213.0,5091.567080893149,11149.926180250683,130429.76357910833,22.889890703540843,54.12060173056919,-343.8446645116461,0.721059423810057,0.004812322743644385,0.03251053315362949,0.6920933565051657
213.10000000000002,5093.85546958024,11155.338250684654,130395.44867797731,22.895033385427595,54.12050312911026,-344.80042376250117,0.721391873963114,0.004823839545187685,0.03262423438728415,0.6917413924890374
213.20000000000002,5096.145603436197,11160.75029415623,130360.91746217657,22.9002107064191,54.120404025242024,-345.7561829164247,0.721738548647113,0.004835463846053383,0.03273971746720341,0.6913741364748325
213.3,5098.436576771917,11166.162315057623,130326.22027779368,22.9054052578868,54.12030451354185,-346.71194199597704,0.7221009060332445,0.0048475883949457245,0.032859318259587,0.6909899041203392
213.4,5100.727550107638,11171.574335959018,130291.43932862904,22.9105998093545,54.120205001841676,-347.6677010440102,0.7224633835517688,0.004859841175944975,0.03297944949936296,0.6906050950299988
213.5,5103.018523443358,11176.986356860412,130256.6465479255,22.915794360822197,54.120105490141505,-348.6234600875913,0.722826028972964,0.004872114002409174,0.03309969719796605,0.6902196783559031
213.60000000000002,5105.30949677908,11182.398377761809,130221.85376722195,22.9209889122899,54.120005978441334,-349.57921913117264,0.7231888666655978,0.004884398447584929,0.03321903314990999,0.6898336767796412
213.70000000000002,5107.602232518899,11187.81037144827,130186.84467189817,22.926218089558834,54.119905952462354,-350.53497807634153,0.7235677276712368,0.004896805167561483,0.03331845273943337,0.6894313928730573
213.8,5109.895816330394,11193.2223423593,130151.66960803024,22.9314644913414,54.11980550812713,-351.4907369460031,0.723963682695587,0.004909745693440863,0.0334219976175736,0.6890104865750013
213.9,5112.18940014189,11198.634313270333,130116.41077939645,22.936710893123973,54.11970506379192,-352.4464957836334,0.724359789234656,0.004922823290380718,0.03352608671131415,0.6885888926352225
214.0,5114.482983953384,11204.046284181364,130081.140119226,22.941957294906544,54.1196046194567,-353.40225461673936,0.7247560976925036,0.004935923294674773,0.033630283170417156,0.6881665783606763
214.10000000000002,5116.77656776488,11209.458255092397,130045.86945905555,22.947203696689115,54.119504175121484,-354.35801344984554,0.7251526076052818,0.004949036558959355,0.03373458705218054,0.6877435425773311
214.20000000000002,5119.071931209839,11214.870198528955,130010.38248431396,22.952484710271936,54.11940320549689,-355.3137721827298,0.7255659994423075,0.0049622810006792395,0.033839965181443166,0.6873021264168142
214.3,5121.368151289122,11220.28211897872,129974.7295410659,22.957782941807597,54.11930180819321,-356.2695308387184,0.7259979813638949,0.00497609479169082,0.0339497396436761,0.6868402905438064
214.4,5123.664371368404,11225.694039428483,129938.99283306811,22.96308117334326,54.11920041088952,-357.2252894621661,0.726430146218694,0.004990055948819808,0.03406009773117406,0.6863776305714352
214.5,5125.960591447688,11231.105959878245,129903.24429353596,22.968379404878924,54.11909901358584,-358.18104808101737,0.7268625470049449,0.005004042253742942,0.034170578765442904,0.6859141118751251
214.60000000000002,5128.2568115269705,11236.51788032801,129867.4957540038,22.97367763641459,54.11899761628216,-359.13680669986894,0.7272951830992894,0.005018043850087614,0.03428118281348999,0.685449732935536
214.70000000000002,5130.554824375398,11241.929773086158,129831.5308999505,22.979010457898788,54.11889567846162,-360.0925652167939,0.7277461539914302,0.005032189997151854,0.03439296515903289,0.6849652081398616
214.8,5132.853700615764,11247.341642662557,129795.40007742909,22.984360487402032,54.11879330183672,-361.0483236555153,0.7282173114514402,0.0050469368827460994,0.03450938474638667,0.6844583099758256
214.9,5135.152576856128,11252.753512238954,129759.18549017435,22.989710516905276,54.118690925211816,-362.00408206118703,0.7286886879170172,0.005061840681259776,0.03462642385208168,0.6839504255733081
215.0,5137.451453096492,11258.165381815354,129722.95907138757,22.99506054640852,54.118588548586914,-362.9598404621906,0.7291603393102878,0.005076772623699739,0.03474360365631083,0.6834415175869889
215.10000000000002,5139.750329336856,11263.57725139175,129686.73265260075,23.000410575911765,54.11848617196201,-363.9155988631944,0.7296322647939917,0.0050917221824870575,0.03486092423652755,0.682931584053763
215.20000000000002,5142.051018175872,11268.989092960719,129650.28991934397,23.0057950931323,54.11838319673653,-364.8713571606899,0.730124096700175,0.005106831224236434,0.0349795386603343,0.6823995571274287
215.3,5144.352580125135,11274.400911107263,129613.68121765829,23.011196773068296,54.11827975252266,-365.8271153787681,0.7306378466437112,0.00512258477938094,0.0351031223569765,0.6818429929080521
215.4,5146.654142074398,11279.812729253807,129576.98875125594,23.016598453004296,54.11817630830879,-366.78287356328826,0.7311518573127334,0.005138506485050245,0.03522737548310778,0.6812852481272551
215.5,5148.9557040236605,11285.22454740035,129540.28445332388,23.02200013294029,54.11807286409492,-367.7386317430684,0.7316661874088569,0.005154459650799421,0.035351789649922485,0.6807262832569662
215.60000000000002,5151.257265972924,11290.636365546896,129503.58015539183,23.027401812876292,54.11796941988105,-368.69438992284887,0.7321808358078414,0.005170433108388442,0.03547636494578113,0.6801660957644363
215.70000000000002,5153.560659488387,11296.04815535779,129466.65954304188,23.032837910654045,54.11786533593301,-369.65014799759444,0.7327171372754647,0.005186582915604005,0.03560236381603188,0.679581612311
215.8,5155.864935455368,11301.459921497844,129429.57296230302,23.038291140178227,54.11776076016448,-370.60590599175157,0.7332772806978887,0.005203423902680699,0.03573368535826955,0.6789701449421139
215.9,5158.169211422349,11306.871687637897,129392.4026168644,23.043744369702406,54.117656184395955,-371.56166395184204,0.7338377326568025,0.005220444771742747,0.03586573007307877,0.6783572646414525
216.0,5160.47348738933,11312.283453777947,129355.22043989848,23.049197599226588,54.11755160862743,-372.51742190712076,0.7343985546338013,0.005237500816603702,0.035997959147270796,0.6777429294903866
216.10000000000002,5162.777763356313,11317.695219918001,129318.03826293252,23.054650828750773,54.117447032858905,-373.47317986239966,0.7349597451186337,0.0052545802318104745,0.03613037267990922,0.6771271362246172
216.20000000000002,5165.083888794879,11323.106957395528,129280.63977161056,23.060138441656274,54.11734179491534,-374.4289377108737,0.7355444796080463,0.005271854675980087,0.036264352978367616,0.6764846064541782
216.3,5167.390905720163,11328.518670952035,129243.07531194716,23.0656431709657,54.11723605048467,-375.38469547740135,0.7361551374690382,0.00528986984536059,0.036404030869935246,0.6758123832776233
216.4,5169.697922645446,11333.93038450854,129205.42708760116,23.07114790027513,54.117130306053994,-376.34045320935365,0.7367661580597774,0.005308077391599142,0.03654449005234163,0.6751384694261277
216.5,5172.004939570729,11339.342098065044,129167.76703173025,23.076652629584554,54.11702456162332,-377.29621093642226,0.7373776057488134,0.0053263243116174796,0.03668516028891347,0.6744628201940058
216.60000000000002,5174.311956496013,11344.753811621551,129130.10697585937,23.082157358893987,54.116918817192634,-378.25196866349114,0.7379894785060339,0.005344598138298422,0.036826041688027764,0.673785431379103
216.70000000000002,5176.620842043442,11350.165496140193,129092.23060568335,23.08769645204653,54.11681238476115,-379.2077262823107,0.7386268838536918,0.005363087372383106,0.03696864632622612,0.6730786602851316
216.8,5178.930628446761,11355.577156460526,129054.18826720495,23.09325265286714,54.11670541747311,-380.1634838180756,0.7392924039993115,0.0053823712237282785,0.03711735673586642,0.672339254616203
216.9,5181.240414850079,11360.98881678086,129016.06216406138,23.09880885368775,54.11659845018508,-381.1192413187614,0.7399583476037662,0.0054018613605044934,0.03726691310253197,0.6715978267483852
217.0,5183.550201253398,11366.400477101193,128977.92422939536,23.10436505450836,54.11649148289705,-382.07499881449246,0.7406247819689098,0.005421395661444418,0.037416711026770126,0.6708543288512985
217.10000000000002,5185.859987656717,11371.812137421526,128939.78629472935,23.109921255328974,54.116384515609006,-383.03075631022375,0.7412917043649911,0.005440960923116086,0.037566750623004935,0.6701087555251825
217.20000000000002,5188.171658748902,11377.223768370357,128901.43204580883,23.115511807675542,54.116276837015,-383.9865136962796,0.7419862523624424,0.00546076367432187,0.0377186834350464,0.6693309213574089
217.3,5190.484238686811,11382.635374855716,128862.91182862483,23.121119462140072,54.116168594892436,-384.94227099818653,0.7427112166945764,0.0054814192399016025,0.03787716334837071,0.6685172571713158
217.4,5192.79681862472,11388.046981341078,128824.30784679328,23.1267271166046,54.11606035276988,-385.89802826450773,0.7434366715356289,0.005502296401208059,0.03803656077253582,0.66770117582264
217.5,5195.1093985626285,11393.458587826439,128785.69203344178,23.13233477106913,54.11595211064731,-386.85378552580255,0.7441626870870333,0.005523223163345713,0.03819623451454156,0.6668826259711705
217.60000000000002,5197.421978500538,11398.870194311803,128747.0762200903,23.137942425533662,54.11584386852475,-387.80954278709766,0.7448892596775424,0.005544185519988616,0.03835618468857424,0.6660616006947846
217.70000000000002,5199.73645912723,11404.281771080688,128708.24409253827,23.143584420480682,54.11573489575163,-388.76529993720703,0.7456456390602205,0.005565409260539755,0.03851821326304475,0.6652051972265856
217.8,5202.05185660774,11409.693323103606,128669.2459967641,23.149243512548917,54.11562533608329,-389.7210570020088,0.7464348323852737,0.005587547862997806,0.038687261455115196,0.6643095032527763
217.9,5204.36725408825,11415.10487512652,128630.16413636033,23.154902604617153,54.11551577641496,-390.6768140307171,0.7472245896666038,0.005609924680646925,0.03885730544407275,0.6634109217945384
218.0,5206.682651568761,11420.516427149436,128591.07044443914,23.160561696685384,54.11540621674662,-391.63257105432734,0.7480149830810066,0.005632357235420606,0.03902766522971446,0.6625093984125895
218.10000000000002,5208.998049049272,11425.927979172353,128551.97675251796,23.16622078875362,54.11529665707829,-392.5883280779378,0.7488060076913206,0.005654830661063544,0.03919834091515639,0.6616049242599998
218.20000000000002,5211.315363994585,11431.339501116097,128512.6667464518,23.171914209651277,54.1151863559069,-393.5440849888185,0.7496291152527117,0.005677591406299559,0.03937129577406577,0.6606616801285895
218.3,5213.633604160264,11436.750998020028,128473.19077220613,23.17762472240003,54.11507545779094,-394.49984181320707,0.7504875384958272,0.005701332829854825,0.03955177137292784,0.6596753798253359
218.4,5215.951844325944,11442.16249492396,128433.63103334901,23.183335235148782,54.11496455967498,-395.4555986009941,0.7513466020068471,0.005725330404794777,0.03973332806680626,0.6586856358576949
218.5,5218.270084491623,11447.573991827889,128394.05946297706,23.189045747897534,54.11485366155902,-396.41135538361124,0.752206381070369,0.0057493906135352955,0.0399152452254036,0.6576923885702097
218.60000000000002,5220.588324657303,11452.985488731822,128354.48789260512,23.19475626064629,54.114742763443054,-397.36711216622865,0.7530668690485347,0.005773497676594807,0.040097522923194594,0.6566956266958381
218.70000000000002,5222.908499293042,11458.39695517129,128314.70000814494,23.200500996288596,54.11463106261354,-398.3228688341366,0.7539618680205068,0.005797920639047801,0.0402823002627369,0.655656329164017
218.8,5225.229607622023,11463.808396264485,128274.7461555488,23.20626277657428,54.11451873132402,-399.2786254140334,0.754894850914549,0.0058233944748261384,0.04047513214496019,0.6545697944584211
218.9,5227.550715951004,11469.219837357676,128234.70853835433,23.212024556859966,54.1144064000345,-400.2343819569669,0.7558285524317434,0.005849142009047733,0.040669137837456494,0.6534791565874549
219.0,5229.871824279985,11474.631278450868,128194.6590896469,23.21778633714565,54.114294068744975,-401.1901384946795,0.756763050662054,0.005874959652057569,0.040863554368148015,0.6523843498476567
219.10000000000002,5232.192932608968,11480.042719544062,128154.60964093945,23.223548117431335,54.114181737455446,-402.14589503239233,0.7576983366802763,0.005900830904910322,0.04105838175529088,0.6512853599415629
219.20000000000002,5234.515992437182,11485.454134877857,128114.34387820167,23.229343993115982,54.11406865202234,-403.1016514531869,0.7586707336282792,0.005927049662558928,0.04125581766467719,0.6501396354069218
219.3,5236.839994443585,11490.865528362801,128073.91214737235,23.23515685655908,54.11395498803833,-404.0574077842755,0.759683970284096,0.005954394354699534,0.04146177686271542,0.6489420093819231
219.4,5239.163996449988,11496.276916094172,128033.39665196657,23.240969720002177,54.11384118846834,-405.01316407780126,0.7606979983383102,0.005982034438457919,0.04166916037199629,0.6477394936716133
219.5,5241.487998456391,11501.688291174949,127992.86932505091,23.246782583445274,54.1137270884749,-405.96892036602134,0.7617128916479864,0.00600975331152848,0.041877351288553126,0.6465320108172933
219.60000000000002,5243.812000462795,11507.099659842663,127952.34199813523,23.25259544688837,54.11361283589054,-406.92467665424164,0.7627286433249899,0.0060375333530608664,0.042086184118518326,0.6453195471616936
219.70000000000002,5246.1379709869725,11512.511008399291,127911.5983572481,23.258442354274482,54.11349794207943,-407.88043282369404,0.7637841840628269,0.006065695018603579,0.042297719845931905,0.6440557665414216
219.8,5248.464892169985,11517.922348078697,127870.68874831463,23.264306226382388,54.11338276522484,-408.83618890202126,0.7648835118960684,0.006095063832079987,0.04251803358761671,0.6427350000165403
219.9,5250.791813352998,11523.333687758102,127829.69537482581,23.270170098490293,54.113267588370256,-409.7919449422157,0.7659837064541024,0.0061247513423963755,0.04273973207452209,0.6414084222786813
220.0,5253.118734536012,11528.745010225433,127788.69016983008,23.276033970598196,54.11315199979679,-410.74770097702395,0.7670848333555439,0.00615452729571183,0.042962438464320685,0.6400759401124708
220.10000000000002,5255.445655719026,11534.15632132207,127747.68496483435,23.281897842706105,54.113036139232285,-411.7034570118325,0.7681868814835945,0.006184372884477201,0.0431859920796534,0.6387375350929612
220.20000000000002,5257.774562435435,11539.567611986353,127706.46344592697,23.287795734336214,54.11291962494565,-412.659212926134,0.7693310832372676,0.006214633761925216,0.04341249150783537,0.6373432499628906
220.3,5260.104428290096,11544.978893631604,127665.07595901912,23.293710579677906,54.112802822099965,-413.614968747976,0.7702876428124527,0.0062442908309395485,0.04363513973404052,0.6361713061297601
220.4,5262.434294144756,11550.390175276856,127623.60470757536,23.2996254250196,54.112686019254284,-414.5707245311698,0.770268651988717,0.0062663340652234206,0.043803663372025556,0.6361825020354285
220.5,5264.764159999416,11555.801439513893,127582.12162462747,23.30554027036129,54.112568793687146,-415.5264803089047,0.7702496997716376,0.006288398720118279,0.04397270224411111,0.6361935692071947
220.60000000000002,5267.094025854078,11561.212692250663,127540.63854167957,23.311455115702984,54.1124512888604,-416.48223608663983,0.7702307649305669,0.006310464693146016,0.044142084125320766,0.636204545094503
220.70000000000002,5269.425894250302,11566.623924228323,127498.93914488069,23.317403967030252,54.11233312350783,-417.43799174215604,0.7702111256942819,0.006332539899925866,0.04431153141233359,0.6362163224714191
220.8,5271.758730260856,11572.03514704272,127457.07378012787,23.323369765892412,54.11221466659302,-418.39374730389943,0.7701909198703675,0.006355513527007339,0.04448759642609257,0.6362282673390692
220.9,5274.09156627141,11577.446369857118,127415.12465085842,23.32933556475457,54.11209620967821,-419.349502826493,0.770170578187533,0.006378767121289293,0.04466463211767748,0.6362402552983314
221.0,5276.424402281964,11582.857575037146,127373.1636900875,23.33530136361673,54.111977270431986,-420.3052583435568,0.7701502767727448,0.006402043303458755,0.0448422117166241,0.6362521049684369
221.10000000000002,5278.757238292519,11588.2687685675,127331.20272931659,23.341267162478893,54.111858012546456,-421.26101386062084,0.7701299929687521,0.006425320952679425,0.04502015357306779,0.6362638563936053
221.20000000000002,5281.092093847058,11593.679941008548,127289.02545475624,23.347266959504893,54.11173809032752,-422.21676925375317,0.7701089426566746,0.006448608835226839,0.04519816798815692,0.6362764788162638
221.3,5283.427925489384,11599.091104140576,127246.68221228915,23.353283700419603,54.11161787486564,-423.1725245517984,0.7700872780725073,0.0064728474509404355,0.04538318377593179,0.6362892840737723
221.4,5285.763757131709,11604.502267272608,127204.25520532494,23.359300441334312,54.11149765940375,-424.1282798101912,0.770065467936009,0.006497381104567255,0.04556922687926586,0.6363021331827385
221.5,5288.099588774036,11609.913412524666,127161.81636686201,23.36531718224902,54.11137693329267,-425.08403506298316,0.7700436999476838,0.006521938569867557,0.045755845756210105,0.6363148332919061
221.60000000000002,5290.435420416363,11615.3245459648,127119.3775283991,23.37133392316373,54.111255869834885,-426.0397903157754,0.7700219498491042,0.006546497671191666,0.0459428482886073,0.6363274273594961
221.70000000000002,5292.773288601755,11620.735657983632,127076.72237620912,23.37738465863276,54.11113414044943,-426.9955454429121,0.7699993660690095,0.006571068115804102,0.04612993132868625,0.6363409673695006
221.8,5295.112141346828,11626.146760546904,127033.9012561603,23.383452336204456,54.1110121171173,-427.95130047363904,0.7699761166106163,0.006596643530496672,0.04632441345271997,0.6363547067961607
221.9,5297.4509940919015,11631.557863110174,126990.99637163422,23.38952001377615,54.11089009378517,-428.90705546421464,0.7699527112048565,0.006622530042691675,0.04651998167752633,0.6363684906631119
222.0,5299.789846836975,11636.968947535404,126948.07965561224,23.395587691347846,54.11076754184926,-429.86281044911897,0.7699293498835694,0.006648441712040228,0.04671615964059016,0.6363821138585691
222.10000000000002,5302.128699582048,11642.380019978224,126905.16293959024,23.401655368919545,54.11064464070544,-430.8185654340235,0.7699060066570018,0.006674355208081648,0.04691274408865433,0.6363956225007347
222.20000000000002,5304.469604980415,11647.791070650239,126862.02990988629,23.40775692294249,54.11052101166936,-431.7743202920328,0.7698817560562314,0.0067002812920637575,0.047109417962798335,0.6364101591439181
222.3,5306.811502739174,11653.202111712419,126818.73091235803,23.413875366797786,54.110397061334886,-432.73007505268123,0.7698567840250353,0.006727267924122336,0.04731389840510737,0.6364249138544297
222.4,5309.153400497933,11658.613152774598,126775.34815037271,23.419993810653082,54.1102731110004,-433.68582977267664,0.7698316448812541,0.006754582834543438,0.04751952526910701,0.6364397134594544
222.5,5311.495298256691,11664.02417543166,126731.95355689435,23.42611225450838,54.110148617499014,-434.64158448692996,0.7698065517520749,0.006781924402357037,0.04772579738584998,0.6364543397957667
222.60000000000002,5313.837196015451,11669.435185929873,126688.55896341597,23.43223069836367,54.11002376516896,-435.5973392011835,0.7697814767958894,0.006809268011823358,0.04793249989240915,0.6364688423679097
222.70000000000002,5316.181163846342,11674.846174264141,126644.94805633069,23.43838283266027,54.10989808743544,-436.55309378647746,0.7697554108813216,0.006836625646532291,0.04813930212349011,0.6364844660789142
222.8,5318.526132869378,11680.257152815037,126601.1711814787,23.444551774451636,54.10977204536115,-437.50884827282664,0.7697285618318497,0.006865100639534704,0.04835432737714319,0.6365003303356455
222.9,5320.871101892413,11685.668131365934,126557.31054219008,23.450720716242998,54.10964600328685,-438.46460271801726,0.7697015329823899,0.006893922075532141,0.048570560853442496,0.6365162406265512
223.0,5323.216070915448,11691.079091237134,126513.43807141134,23.456889658034363,54.109519404554966,-439.42035715739445,0.7696745520314393,0.0069227718093255635,0.04878747642139915,0.6365319641071535
223.10000000000002,5325.561039938484,11696.49003876809,126469.56560063257,23.46305859982573,54.10939243808218,-440.3761115967718,0.7696475891653753,0.0069516238277051445,0.049004847218741425,0.636547553892992
223.20000000000002,5327.908096221078,11701.900963712702,126425.4768163198,23.469261171810633,54.10926461629716,-441.33186590402636,0.76961954148149,0.006980491517400158,0.049222329536931134,0.6365643693947645
223.3,5330.256162368145,11707.31187868749,126381.22206429628,23.475480523632797,54.109136416969356,-442.28762010990914,0.769590642676491,0.007010535299334608,0.04944846539805291,0.6365814514807826
223.4,5332.604228515212,11712.722793662277,126336.88354785685,23.481699875454957,54.10900821764156,-443.2433742741258,0.7695615508559058,0.007040944531431794,0.0496758734293843,0.6365985800670515
223.5,5334.952294662278,11718.133689675891,126292.5331999302,23.48791922727712,54.108879448470276,-444.19912843245726,0.7695325087400631,0.007071383813504669,0.04990400164302552,0.6366155073065687
223.60000000000002,5337.300360809347,11723.544573163319,126248.18285200353,23.494138579099282,54.10875030284716,-445.154882590789,0.7695034844186313,0.007101825655154637,0.05013261082145742,0.6366322901582775
223.70000000000002,5339.65053115383,11728.95543363939,126203.61619061169,23.50039154841735,54.10862029682518,-446.1106366141181,0.7694732739139488,0.007132285000619612,0.05036134466118355,0.6366504112986472
223.8,5342.001719845276,11734.366283958036,126158.88356156192,23.506661291041144,54.10848991101511,-447.06639053386596,0.7694421375630528,0.007163985766317488,0.05059921099179735,0.6366688260762794
223.9,5344.352908536721,11739.777134276683,126114.06716811718,23.51293103366494,54.10835952520505,-448.02214441143957,0.7694107931923216,0.007196072370410278,0.05083842070469033,0.6366872881107766
224.0,5346.704097228167,11745.18796542885,126069.23894318817,23.51920077628874,54.1082285602058,-448.97789828305616,0.7693794982063135,0.007228190851907867,0.051078379241812626,0.6367055364694414
224.10000000000002,5349.055285919612,11750.598783919198,126024.41071825918,23.525470518912538,54.10809721258075,-449.93365215467304,0.769348219152041,0.00726031219178999,0.05131883831308,0.6367236310901746
224.20000000000002,5351.408595446152,11756.009578972464,125979.36617992961,23.531773888004345,54.10796501021752,-450.88940588907485,0.7693156438295835,0.007292453085457109,0.051559436750718446,0.6367431858834599
224.3,5353.7629315723,11761.420363680383,125934.15567399169,23.538094033844793,54.10783243056489,-451.84515951819793,0.7692820603338788,0.007325908433755121,0.0518097032351996,0.6367630621862131
224.4,5356.117267698447,11766.8311483883,125888.86140368001,23.54441417968524,54.107699850912255,-452.8009131046385,0.7692482532562375,0.007359771476639886,0.05206139265497699,0.6367829850277594
224.5,5358.471603824594,11772.241913575992,125843.55530188709,23.55073432552569,54.10756664429253,-453.7566666850503,0.769214498359281,0.007393668345713038,0.05231387952651285,0.6368026752386949
224.60000000000002,5360.825939950743,11777.652665868172,125798.24920009416,23.55705447136614,54.10743302348381,-454.71242026546224,0.7691807593854549,0.0074275684336372015,0.052566899796807474,0.6368221978418551
224.70000000000002,5363.182413752894,11783.063394300918,125752.72678497017,23.563408266963346,54.10729856068695,-455.6681737067197,0.7691456047162255,0.00746149036831946,0.05282007588950209,0.6368433123541634
224.8,5365.539922561171,11788.474112201886,125707.03840229119,23.569778849346935,54.10716372622869,-456.62392704121027,0.7691093472974628,0.007496819250272423,0.05308359834651079,0.6368647746479512
224.9,5367.897431369448,11793.884830102856,125661.26625525994,23.57614943173053,54.10702889177044,-457.57968033251007,0.769072846761869,0.007532580897108394,0.05334864443762269,0.6368862839905498
225.0,5370.254940177725,11799.295528119386,125615.48227675045,23.58252001411412,54.10689335708307,-458.5354336177093,0.7690364009443603,0.007568378417221546,0.05361453927448035,0.6369075402670815
225.10000000000002,5372.612448986004,11804.706212999798,125569.69829824095,23.588890596497713,54.10675735980811,-459.49118690290885,0.7689349425243621,0.007605110019212013,0.05388759516800949,0.6370065490665385
225.20000000000002,5374.972112305792,11810.116873605499,125523.6980064705,23.595294862196837,54.10662053876464,-460.4469400469389,0.7688181037753442,0.007642073035407207,0.054162295520905374,0.6371238245199372
225.3,5377.33281902973,11815.527523496117,125477.5317471988,23.601715929211448,54.10648335410208,-461.4026930826563,0.7686980363437145,0.007680560658878567,0.05444819924145666,0.63724385560682
225.4,5379.693525753668,11820.938173386738,125431.28172359655,23.608136996226058,54.106346169439526,-462.3584460746746,0.768577733015721,0.007719514813921621,0.054735788998490305,0.637363844916046
225.5,5382.054232477606,11826.348803032744,125385.01986851913,23.61455806324067,54.10620823731838,-463.3141990605206,0.768457417318735,0.007758518726689814,0.055024366733462074,0.6374835858440346
225.60000000000002,5384.414939201545,11831.759419304693,125338.7580134417,23.620979130255282,54.10606981140873,-464.2699520463668,0.7683370469496656,0.007797538452573281,0.05531363527625828,0.637603154345454
225.70000000000002,5386.777685721344,11837.170010978905,125292.37575221363,23.627431038108714,54.10593045053358,-465.22570495283674,0.7682101521359395,0.00783666710967332,0.055603681772194526,0.6377303343712492
225.8,5389.141466584618,11842.580591795446,125245.83918065105,23.633899333557387,54.105790676955934,-466.1814577573053,0.7680797877695652,0.007877404292550086,0.055905546577271745,0.6378604518100867
225.9,5391.505348308614,11847.991172611988,125199.14295903113,23.640369709907848,54.10565090337829,-467.1372104670753,0.7679491632853261,0.007918633831147012,0.05620919687203437,0.6379905203328781
226.0,5393.869417142081,11853.40173274009,125152.2949902427,23.646843922612486,54.105510352630226,-468.0929630766989,0.7678185237773427,0.007959917217720042,0.056513913759553024,0.6381203113942128
226.10000000000002,5396.233666580285,11858.812279200934,125105.31237674714,23.653321826981596,54.10536928846533,-469.0487155955737,0.7676878229148933,0.008001218728191498,0.05681937890131989,0.6382499081302897
226.20000000000002,5398.599813074235,11864.222800503016,125058.32976325158,23.659827101911112,54.10522720111422,-470.00446811444823,0.7675498544042292,0.00804264422056118,0.05712572999624723,0.6383879602956057
226.3,5400.9667969462525,11869.633310699788,125011.34714975604,23.666344458460838,54.10508466211917,-470.96022063332276,0.767408029603412,0.008085769798508821,0.057444569909059225,0.6385292928401466
226.4,5403.3337808182705,11875.04382089656,124964.28077197414,23.672861815010563,54.104942123124125,-471.9159731074906,0.7672659102700935,0.008129415608787077,0.057765302418282975,0.6386705765696339
226.5,5405.7009652137585,11880.454310034322,124917.05381816898,23.679383249504344,54.10479879040062,-472.8717254743683,0.7671237631677674,0.008173119789401865,0.05808717248122756,0.6388115625827129
226.60000000000002,5408.068464440409,11885.864785260017,124869.59332850394,23.685911086559727,54.104654933321704,-473.82747768271037,0.7669815423759674,0.008216844738451166,0.05840984421554596,0.638952335636894
226.70000000000002,5410.437876094948,11891.275234764269,124822.13283883892,23.692466264170694,54.10451003757065,-474.78322989105203,0.7668312625314071,0.008260710479917041,0.05873352260177961,0.639102455627923
226.8,5412.808131912964,11896.68567291484,124774.6723491739,23.699033510157452,54.10436468334004,-475.7389820993938,0.7666767158879614,0.00830637420901342,0.05907040674698236,0.6392562119443941
226.9,5415.178387730981,11902.096111065412,124727.12809524879,23.70560075614421,54.104219329109426,-476.6947342624481,0.7665218384106643,0.008352591372752037,0.059409299376279055,0.6394099159416556
227.0,5417.5488459816925,11907.50652778395,124679.42326535229,23.712172076868008,54.1040731663481,-477.6504863154657,0.7663669166675248,0.008398872426438305,0.059749404089374986,0.6395633015507068
227.10000000000002,5419.919622061141,11912.916930343988,124631.48489967156,23.718749795118235,54.10392646945264,-478.60623820576404,0.7662119013693249,0.008445177266593652,0.060090366969539816,0.6397164598307642
227.20000000000002,5422.2923244510475,11918.327306664394,124583.54653399083,23.72535491304116,54.10377876526978,-479.5619900960621,0.7660480112735115,0.008491641111499243,0.06043246734865099,0.6398798741523954
227.3,5424.6658771323255,11923.73767140238,124535.60816831011,23.73197212543472,54.10363061646089,-480.5177419863602,0.7658794231825936,0.008540015090979881,0.060788594977152395,0.6400472826349999
227.4,5427.039429813603,11929.148036140365,124487.58603839081,23.73858933782828,54.10348246765199,-481.4734938308939,0.7657104618713043,0.008588976482710262,0.061146864550136064,0.640214635118177
227.5,5429.413186921217,11934.558379046852,124439.40333255469,23.745210621915497,54.10333349347503,-482.4292455626356,0.7655414363967142,0.008638007534727515,0.06150642804059737,0.6403816465945695
227.60000000000002,5431.787264987674,11939.968707530948,124390.9870910152,23.7518382987509,54.103183974040775,-483.3849971274379,0.7653722937002146,0.008687065864995656,0.06186691214987527,0.6405484151129945
227.70000000000002,5434.163285143854,11945.379009209355,124342.57084947568,23.758493495479595,54.103033510884906,-484.34074869223997,0.7651932602959767,0.008736305757958855,0.06222869573114493,0.6407265725618982
227.8,5436.540162556519,11950.789299055481,124294.15460793619,23.76516083974543,54.102882631161535,-485.29650025704194,0.7650089993792231,0.008787579662933,0.06260541384556031,0.6409091756791236
227.9,5438.917039969185,11956.199588901607,124245.65460217951,23.77182818401126,54.102731751438164,-486.2522517756094,0.764824315746107,0.008839477365348732,0.06298442155540494,0.6410917191203904
228.0,5441.294123829432,11961.609856484223,124196.99402056228,23.7784995983728,54.1025799751451,-487.20800317927353,0.764639543392791,0.008891451153809227,0.06336481463994757,0.6412738970534263
228.10000000000002,5443.671531821971,11967.020109359051,124148.09990332533,23.785177402973677,54.1024276065573,-488.1637544127876,0.7644546250809389,0.008943456294674034,0.06374619855020497,0.6414558152766754
228.20000000000002,5446.050894835758,11972.430335004148,124099.20578608838,23.791882844005762,54.10227435580805,-489.11950564630143,0.7642588916204514,0.008995665447223588,0.06412904333790301,0.6416501308211556
228.3,5448.431120814128,11977.840548629792,124050.31166885144,23.7986004840159,54.10212071566452,-490.0752568798153,0.7640574321785614,0.009050038795956426,0.06452777633439656,0.6418492838757656
228.4,5450.811346792497,11983.250762255435,124001.33378742002,23.805318124026037,54.10196707552099,-491.03100806659864,0.7638554930364406,0.00910507510571103,0.06492895732066789,0.6420483734631108
228.5,5453.19178124852,11988.660953135466,123952.19533018577,23.81203983300942,54.10181242107906,-491.9867591365501,0.7636534359256321,0.009160194746354473,0.0653316282692517,0.6422470700430432
228.60000000000002,5455.572543024145,11994.071128989219,123902.8233374174,23.8187679304698,54.10165709656809,-492.9425100334335,0.7634511988210266,0.009215350438303384,0.06573537041181057,0.6424454882804131
228.70000000000002,5457.955272552499,11999.481277196304,123853.45134464902,23.82552355968519,54.101500835314425,-493.89826093031655,0.7632371348317881,0.009270735471685087,0.06614075556086595,0.6426573970098024
228.8,5460.3388706652295,12004.891413199895,123804.07935188063,23.832291341673585,54.10134416057381,-494.85401182719966,0.7630167979917664,0.009328420661364698,0.0665630247971383,0.6428745680770178
228.9,5462.72246877796,12010.301549203485,123754.62359494108,23.839059123661986,54.101187485833194,-495.8097626768477,0.7627959158273665,0.009386810124478237,0.06698790976674375,0.6430916719549855
229.0,5465.106277401037,12015.711661944224,123705.00726225752,23.845830973653445,54.101029741478975,-496.76551340776615,0.7625748806143363,0.009445291012579196,0.06741440060522949,0.643308352599868
229.10000000000002,5467.490416535135,12021.121759316986,123655.15739412699,23.852609210598686,54.1008712905132,-497.7212639627489,0.7623536249243418,0.009503813367137758,0.06784205218991395,0.6435247346068833
229.20000000000002,5469.876536769733,12026.531828553532,123605.30752599647,23.859414780726325,54.10071179907017,-498.6770145177313,0.7621193438045574,0.009562595229759384,0.06827156361864087,0.643755897971
229.3,5472.263531480537,12031.941885370492,123555.45765786595,23.866232415975173,54.100551848350804,-499.6327650727138,0.7618781494733736,0.009623819030730606,0.06871899739246759,0.6439928313728853
229.4,5474.65052619134,12037.351942187452,123505.52402558793,23.87305005122402,54.10039189763144,-500.5885155799536,0.7616363338466482,0.00968579042878282,0.06916922397640395,0.6442296941952526
229.5,5477.037733445746,12042.761975201149,123455.42981762574,23.87987175355047,54.10023084291362,-501.54426596654434,0.7613943222073996,0.009747862305380281,0.06962118261445288,0.6444661016858643
229.60000000000002,5479.425274403481,12048.171992489859,123405.10207430524,23.88669984137769,54.100069058868826,-502.5000161742984,0.761152041227393,0.009809981909962823,0.0700744003695574,0.6447021892340263
229.70000000000002,5481.814810025339,12053.5819811343,123354.77433098476,23.893555339505113,54.09990627548718,-503.4557663820521,0.760895368705241,0.009872396082499822,0.07052972996248312,0.6449545184506618
229.8,5484.205226110513,12058.991957134895,123304.44658766428,23.900422936794257,54.099743050988955,-504.41151658980584,0.7606310562039178,0.00993739950017569,0.07100406037873828,0.6452131956485537
229.9,5486.595642195686,12064.40193313549,123254.03508021339,23.9072905340834,54.09957982649072,-505.3672667494545,0.760366034133573,0.01000319044579281,0.07148137060622893,0.6454717995181062
230.0,5488.986272857602,12069.811884775558,123203.46299713817,23.914162197533713,54.09941547062023,-506.3230167865138,0.7601007630285772,0.010069091243985192,0.07196054936977883,0.6457299147316118
230.10000000000002,5491.3772404149695,12075.221820322502,123152.65737879479,23.921040245045944,54.099250367338996,-507.27876664177063,0.7598351632376465,0.010135047013806514,0.07244109479758759,0.6459876882063417
230.20000000000002,5493.7702163675585,12080.631726761345,123101.85176045143,23.92794589257867,54.09908436503344,-508.23451649702724,0.759553675059479,0.010201337016725546,0.07292403723047772,0.6462632839800807
230.3,5496.164078844498,12086.0416203516,123051.04614210805,23.93486372301742,54.09891796589019,-509.1902663522838,0.7592637432691063,0.01027038086186446,0.0734271856797995,0.6465458497562885
230.4,5498.557941321439,12091.451513941856,123000.15675966274,23.94178155345617,54.09875156674693,-510.14601615884146,0.7589733079641451,0.010300662261118166,0.07393355484959173,0.6468286045176481
230.5,5500.952019822126,12096.861382600528,122949.10680163899,23.948703447617056,54.098584011683556,-511.10176584039965,0.7586825749789217,0.01032933222656286,0.07444194207157304,0.6471108503028817
230.60000000000002,5503.346437490132,12102.271234788815,122897.82330841289,23.955631722010477,54.09841569299254,-512.0575153365029,0.7583914408212343,0.01035848809591233,0.07495181392131448,0.6473927322756747
230.70000000000002,5505.742877416613,12107.681057460228,122846.53981518681,23.962587845355653,54.098246606709765,-513.013264832606,0.7580827791452531,0.010387980254795766,0.07546440647926982,0.6476941509573533
230.8,5508.140209986813,12113.090867102619,122795.25632196073,23.969556261487437,54.09807718160484,-513.9690143287089,0.7577648087180198,0.010417620015440847,0.07599856017644094,0.6480032304802691
230.9,5510.537542557013,12118.500676745007,122743.88906466003,23.976524677619217,54.09790775649992,-514.9247637755598,0.757449978508514,0.01044777136908521,0.07646632654571618,0.6483157217247433
231.0,5512.935093548236,12123.910460872312,122692.36123185528,23.983497151600933,54.097737151959144,-515.8805130924382,0.7571406261259634,0.01047840851529461,0.07683690260941091,0.6486326892949219
231.10000000000002,5515.332987470613,12129.320228143763,122640.59986395885,23.99047599659554,54.09756576825569,-516.8362622161768,0.7568307161366241,0.010509566935626394,0.07721217134061778,0.6489492250645017
231.20000000000002,5517.732917653688,12134.729965558005,122588.83849606244,23.997482981973068,54.0973937707291,-517.7920113399151,0.7565016000920209,0.010541101526388324,0.07759036084593429,0.6492872631898919
231.3,5520.133746661197,12140.139689792995,122537.07712816603,24.00450238877764,54.09722150225526,-518.7477604636534,0.7561632761242127,0.010572816733651855,0.07797540902898092,0.6496346288292959
231.4,5522.534575668704,12145.549414027986,122485.23199622009,24.011521795582212,54.097049233781426,-519.7035095376326,0.7558241551980226,0.010605022518003247,0.07836164838868293,0.6499821782006002
231.5,5524.935625373205,12150.959112100481,122433.22628884275,24.01854525628798,54.09687560656852,-520.6592584776512,0.7554843754534322,0.010637660477370704,0.0787552523262117,0.6503290004730993
231.60000000000002,5527.33702158224,12156.368792889425,122380.98704648229,24.025575081806934,54.09670108174108,-521.6150072183802,0.7551439342984909,0.010670857450477049,0.07915387112820556,0.6506753691195691
231.70000000000002,5529.740468133479,12161.77844352126,122328.74780412184,24.032633098055488,54.096525970515586,-522.5707559591092,0.7547823171643098,0.010704472596324217,0.07955577016354481,0.6510452729236235
231.8,5532.1448197248565,12167.188080841468,122276.5085617614,24.039703557954567,54.096350600448545,-523.526504699838,0.754410518991025,0.010738289427742171,0.07996505153091564,0.6514253975011387
231.9,5534.549171316235,12172.597718161674,122224.18555538022,24.046774017853643,54.0961752303815,-524.4822533902243,0.7540377883697172,0.010772634571397837,0.08037563592083799,0.6518057388556944
232.0,5536.953745660193,12178.007328606876,122171.70197363677,24.053848529533806,54.09599837020005,-525.4380019436632,0.7536642756580761,0.010807443280111254,0.08079409875517035,0.6521853052414432
232.10000000000002,5539.358669736049,12183.416921297827,122118.98485701224,24.060929402698484,54.095820525614485,-526.3937502932534,0.7532899770075319,0.010842850183435426,0.08121793924680437,0.6525643948947828
232.20000000000002,5541.765658218812,12188.826483522993,122066.26774038776,24.068038413495078,54.095642068059526,-527.3494986428434,0.7528922472045958,0.010878723518682007,0.08164547595453668,0.6529693206652019
232.3,5544.173557950006,12194.236032300281,122013.55062376325,24.07515984450438,54.09546333993417,-528.3052469924334,0.7524832197390311,0.01091482283037461,0.08208095922932,0.6533854810031804
232.4,5546.581457681201,12199.645581077568,121960.7497431418,24.082281275513683,54.095284611808815,-529.2609952912015,0.7520730967977075,0.010951484503402763,0.08251786944388402,0.6538018991122005
232.5,5548.989582493763,12205.055102224227,121907.78828723732,24.08940675678478,54.09510432932779,-530.2167434500036,0.7516620436014257,0.010988645727222386,0.08296321573498414,0.6542174919007594
232.60000000000002,5551.398060694529,12210.464605117457,121854.59329657097,24.096538597155032,54.09492302000335,-531.1724914003233,0.7512500548435411,0.011026452084804095,0.08341433523376388,0.6546325848363396
232.70000000000002,5553.80861744663,12215.874077278539,121801.39830590463,24.103698892209035,54.09474126540274,-532.1282393506431,0.7508120760561792,0.011064779883769327,0.08386962922327702,0.655076089006677
232.8,5556.220091690644,12221.283535874165,121748.2033152383,24.110871747425385,54.09455931425307,-533.0839873009626,0.7503615283274452,0.011103361467239843,0.08433347631151361,0.6555319648525493
232.9,5558.6315659346565,12226.692994469791,121694.92456059864,24.118044602641735,54.094377363103405,-534.0397351999875,0.749909691295061,0.01114254120999628,0.08479888755300091,0.65598814573657
233.0,5561.043267157744,12232.102424651002,121641.48523074237,24.125221506977066,54.09419381620559,-534.9954829565265,0.749456745122743,0.011182253564211528,0.08527332852593106,0.6564434506013129
233.10000000000002,5563.455324748523,12237.51183606099,121587.81236622327,24.1324047686173,54.09400921511952,-535.9512305007318,0.7490026825557992,0.011222652647876382,0.08575396651911023,0.6568982347502552
233.20000000000002,5565.8694752613055,12242.921216591778,121534.13950170421,24.139616959108242,54.09382441890538,-536.9069780449367,0.7485198416273308,0.011263633623147253,0.08623931193419214,0.657384178639033
233.3,5568.284549609349,12248.3305834922,121480.46663718515,24.146841919063245,54.09363953655988,-537.8627255891416,0.7480230332356742,0.011304899177380267,0.08673387920603683,0.6578837094816707
233.4,5570.699623957392,12253.73995039262,121426.7100087179,24.15406687901825,54.09345465421438,-538.8184730815527,0.74752470314398,0.011346802225593465,0.08723016644228325,0.6583836012016165
233.5,5573.114927152205,12259.149288074372,121372.79280510092,24.161295886951375,54.093268142893514,-539.7742204288847,0.7470250485420744,0.01138927286005736,0.08773611049644059,0.6588825663419751
233.60000000000002,5575.530589647078,12264.55860645359,121318.64206692058,24.168531250398196,54.09308055543376,-540.7299675599228,0.746524059706112,0.011432473641576795,0.08824870262484164,0.6593809925311558
233.70000000000002,5577.948359687912,12269.967893940104,121264.49132874026,24.175796101946492,54.09289306764332,-541.6857146909606,0.7459912335857507,0.011476323070230053,0.08876659849193208,0.6599135279823938
233.8,5580.367060019156,12275.377167790291,121210.34059055994,24.18307396981734,54.09270562384785,-542.6414618219984,0.7454428898329872,0.011520491310934099,0.08929447231726512,0.6604609553115012
233.9,5582.785760350399,12280.786441640481,121156.10608845724,24.190351837688187,54.09251818005237,-543.5972089007334,0.7448927448368207,0.011565339326900893,0.0898242457460839,0.6610088096930838
234.0,5585.204691498237,12286.19568545096,121101.71101127738,24.197633747333146,54.0923290774096,-544.552955828675,0.7443410161783167,0.01161079480291231,0.09036433711368731,0.6615556874947713
234.10000000000002,5587.623985038847,12291.604909416517,121047.08239964236,24.204922002751214,54.092138878893834,-545.5087025314625,0.7437876910732958,0.011657030433389845,0.09091155604819719,0.6621020111933101
234.20000000000002,5590.0454010373805,12297.014102627647,120992.45378800735,24.212240365539145,54.091949106323035,-546.46444923425,0.7431991769857064,0.011703988273566264,0.09146474465576516,0.662685597000053
234.3,5592.4677539086015,12302.42328226349,120937.82517637234,24.219572018000452,54.09175952176832,-547.4201959370373,0.7425934293342694,0.011751302931984483,0.09202874252205703,0.6632854710746943
234.4,5594.890106779822,12307.832461899332,120883.11280084116,24.226903670461766,54.0915699372136,-548.375942587035,0.7419855463730244,0.011799344792088056,0.09259484332256555,0.6638858481893339
234.5,5597.312692468662,12313.24161061224,120828.23985030974,24.23423935617411,54.0913785240186,-549.3316890789023,0.7413757671187104,0.011848039931355688,0.0931719926765609,0.6644851959672297
234.60000000000002,5599.735643691978,12318.650738896747,120773.13336543804,24.24158137427795,54.09118590278144,-550.287435334205,0.7407640752965704,0.01189757291342374,0.09375680190930699,0.6650839756034764
234.70000000000002,5602.160732483636,12324.05983667013,120718.02688056638,24.248953730046363,54.09099383048923,-551.2431815895075,0.7401134783387526,0.011947909928455461,0.09434833036032683,0.6657234254462379
234.8,5604.586764817861,12329.46892097562,120662.9203956947,24.256339477142394,54.09080200050645,-552.1989278448098,0.7394437281367544,0.011998646329457976,0.0949515698455953,0.6663806755821594
234.9,5607.012797152088,12334.878005281109,120607.73014695337,24.263725224238428,54.09061017052366,-553.1546740468278,0.7387714416109978,0.012050164637046099,0.09555714059824294,0.6670385172333873
235.0,5609.43906381174,12340.28705767536,120552.3793232725,24.27111500154721,54.09041625884085,-554.1104200865648,0.7380968813800032,0.01210237973561896,0.09617459469332962,0.6676952698929521
235.10000000000002,5611.8656983732,12345.696088988308,120496.79496534083,24.27851110647723,54.09022097193871,-555.0661658833301,0.7374200268253538,0.012155484502072062,0.09680031781311163,0.6683514395171862
235.20000000000002,5614.294485766396,12351.105090114846,120441.21060740919,24.285938002454753,54.090026474142526,-556.0219116800951,0.7366999373052647,0.012209488279217825,0.09743363579439905,0.6690521783734532
235.3,5616.724223439565,12356.514077916825,120385.62624947756,24.29337848988734,54.089832324665046,-556.9776574768601,0.7359584520150374,0.012263940896983084,0.09807965014223402,0.6697724500823263
235.4,5619.153961112735,12361.923065718804,120329.958127703,24.30081897731992,54.089638175187574,-557.9334032198313,0.7352139489324901,0.012319235523479006,0.0987282516644889,0.6704934138785286
235.5,5621.583935625705,12367.332020550155,120274.12943108994,24.308263491009228,54.08944183585814,-558.8891487942309,0.7344667164568757,0.012375289731097052,0.09938965782756654,0.671213222856974
235.60000000000002,5624.014281988164,12372.740953600349,120218.06720037875,24.31571432610862,54.08924404986172,-559.844894115895,0.7337167288921198,0.012432313838860762,0.10006000887335666,0.6719324325709567
235.70000000000002,5626.446796838381,12378.14985699598,120162.00496966756,24.323196742881557,54.089047469718146,-560.800639437559,0.7329187086820889,0.012490342335250232,0.1007389383702509,0.6727003969882597
235.8,5628.880268879284,12383.558747301811,120105.94273895638,24.330693100099253,54.08885142184924,-561.7563847592229,0.732096781341079,0.01254887500998418,0.10143162562285842,0.6734897577614082
235.9,5631.313740920188,12388.967637607642,120049.79674442932,24.338189457316947,54.08865537398033,-562.7121300265777,0.7312712534221505,0.012608314686647453,0.1021271878302436,0.6742799283866053
236.0,5633.7474518135605,12394.376493840271,119993.49017514913,24.34568983895084,54.08845707776459,-563.6678751210011,0.7304424435943604,0.012668574531997516,0.10283654888632496,0.675068876506966
236.10000000000002,5636.181537716406,12399.78532756335,119936.95007189884,24.35319653910511,54.08825729623878,-564.6236199559578,0.7296103198298388,0.01272987911505244,0.10355558964247512,0.6758572121604649
236.20000000000002,5638.617808130464,12405.194132357155,119880.40996864859,24.360735736037427,54.08805920239673,-565.5793647909144,0.7287249343816044,0.012792303000609202,0.10428429743930828,0.6766986864935213
236.3,5641.0550428081115,12410.602924381312,119823.86986539833,24.368289277350147,54.087861853514,-566.535109625871,0.7278128643382048,0.012855291965780195,0.10502793879107952,0.6775635084961334
236.4,5643.492277485759,12416.011716405466,119767.24599835163,24.375842818662868,54.08766450463127,-567.4908544061491,0.7268964948119268,0.012919245086068855,0.10577478351786931,0.6784292697903656
236.5,5645.92975277622,12421.420473225975,119710.46155662765,24.383400382774692,54.08746486699742,-568.4465990095891,0.7259761760133003,0.012984077400146735,0.10653648952276586,0.6792937376388347
236.60000000000002,5648.367605839979,12426.829206790138,119653.44358104836,24.390964262867982,54.087263717361516,-569.4023433475114,0.7250518678438784,0.01305002761285419,0.1073086673159149,0.6801575814723299
236.70000000000002,5650.807659915155,12432.237912401306,119596.42560546909,24.398561620125072,54.08706477127779,-570.3580876854334,0.7240685496752718,0.013117223003962042,0.10809172185204896,0.6810791829874643
236.8,5653.248685537266,12437.646605673766,119539.40762988983,24.40617375451397,54.0868667978625,-571.3138320233553,0.7230554481486958,0.013185050659652465,0.10889103163061123,0.6820261846674308
236.9,5655.689711159376,12443.055298946223,119482.30589054646,24.41378588890286,54.08666882444721,-572.2695763059858,0.7220372056731449,0.013253925438756189,0.10969392186102983,0.6829742678834444
237.0,5658.130979740538,12448.463955864425,119425.04357662998,24.421402043860386,54.086468529644286,-573.2253204062855,0.7210142097553854,0.013323756224126857,0.1105128054563961,0.683920979851513
237.10000000000002,5660.572629778694,12453.87258876616,119367.54772901462,24.42902451129742,54.08626670127885,-574.1810642325797,0.7199864105616377,0.013394799242369531,0.11134301280977543,0.6848670538566357
237.20000000000002,5663.016497798337,12459.281194938547,119310.05188139928,24.436681388729554,54.086067567564434,-575.1368080588738,0.7188932773135384,0.013467225141153399,0.11218543821335712,0.6858757300949456
237.3,5665.461344855659,12464.68978931235,119252.55603378394,24.44435345505391,54.085869623294066,-576.0925518851677,0.7177669007261971,0.01354035742150245,0.1130455687476878,0.6869119552965425
237.4,5667.906191912982,12470.098383686152,119194.97642243553,24.452025521378268,54.08567167902369,-577.0482956555853,0.7166343703900548,0.013614623544280856,0.11390970680230485,0.6879494166707388
237.5,5670.351283853235,12475.506940468793,119137.23623660483,24.459701596428815,54.085471174657734,-578.0040392322733,0.7154961157596023,0.013689922724291644,0.11479109524297405,0.6889854126189051
237.60000000000002,5672.7967602710705,12480.915472417846,119079.26251721088,24.4673839653657,54.08526897903327,-578.9597825171886,0.7143520752850216,0.013766526812528195,0.11568475746474294,0.6900207476343202
237.70000000000002,5675.244472030518,12486.323979067345,119021.28879781695,24.475101444620506,54.08506984915959,-579.9155258021036,0.7131355414042919,0.013844667902220768,0.11659215435726693,0.6911239355564355
237.8,5677.693170490568,12491.732474549388,118963.31507842302,24.482834421896555,54.084872072536854,-580.8712690870186,0.7118818087897272,0.013923598633095766,0.11751883766533668,0.6922569945541603
237.9,5680.141868950619,12497.14097003143,118905.25759532448,24.4905673991726,54.084674295914105,-581.8270123155472,0.7106207071447008,0.014003754183610393,0.11845000768361863,0.6933914486966803
238.0,5682.590814293708,12502.549426535885,118847.03953784438,24.498304367117612,54.084473596903464,-582.7827553342079,0.7093527100902127,0.014085033256772775,0.11939986585118958,0.6945243095533403
238.10000000000002,5685.04014725464,12507.95785729084,118788.5879469529,24.506047600598272,54.084270967295616,-583.7384980358705,0.7080777418730856,0.014167728738497169,0.12036308498087146,0.6956564631340617
238.20000000000002,5687.491733405901,12513.366264433533,118730.13635606146,24.513827020097636,54.08407196975982,-584.694240737533,0.7067222089165976,0.014252132531851588,0.12134174333282423,0.6968620935789881
238.3,5689.944314136353,12518.774661153553,118671.68476517001,24.521622412442586,54.083874575454445,-585.6499834391955,0.7053249680134148,0.014337418928150434,0.12234139843687508,0.6981000717260125
238.4,5692.396894866804,12524.183057873575,118613.14941060657,24.529417804787528,54.08367718114906,-586.6057260839016,0.703918895457217,0.014424042733704423,0.12334607618436864,0.6993396035542587
238.5,5694.849724640948,12529.591414132445,118554.4534817777,24.537217186964046,54.08347672258765,-587.5614685126782,0.7025045165155903,0.014511898135125227,0.12437103333720251,0.700577372710787
238.60000000000002,5697.302945425253,12534.99974366174,118495.52401971257,24.545022833361468,54.08327423970763,-588.5172106150665,0.7010817376533808,0.014601302806875348,0.1254105596815899,0.7018143562264941
238.70000000000002,5699.75843779627,12540.408051554114,118436.59455764746,24.552865820189666,54.0830759955579,-589.4729527174545,0.6995695637752235,0.014692600167322224,0.12646738744156522,0.7031305375628141
238.8,5702.214932866814,12545.81634989575,118377.66509558236,24.560725289431684,54.08287962242318,-590.4286948198426,0.6980106621074055,0.014784881109725647,0.1275470337005516,0.7044815661670241
238.9,5704.671427937356,12551.224648237385,118318.6518698721,24.568584758673698,54.082683249288465,-591.3844368647855,0.6964411777107021,0.014878612922309372,0.1286322979968264,0.7058342898857308
239.0,5707.128173879642,12556.63290458031,118259.47806999738,24.576448215408334,54.082483747041266,-592.340178687227,0.6948616878201916,0.014973681705094895,0.12973956425287508,0.7071850317444106
239.10000000000002,5709.58531370222,12562.041133177918,118200.07073703893,24.584317932691615,54.0822821776298,-593.2959201730704,0.6932720773441374,0.015070426500955582,0.13086271532780192,0.7085348677073404
239.20000000000002,5712.044744057927,12567.449342402826,118140.6634040805,24.592226092846875,54.082085425554695,-594.2516616589137,0.6915834663375956,0.015169260000641182,0.13200518074647646,0.7099696013883966
239.3,5714.505185476286,12572.857543076447,118081.25607112206,24.60015122204376,54.08189079989672,-595.207403144757,0.6898425505889764,0.015269185170455873,0.13317249195314773,0.7114416313149764
239.4,5716.965626894644,12578.26574375007,118021.76497454519,24.608076351240648,54.081696174238736,-596.1631445726624,0.6880889523817316,0.015370683086088771,0.13434609423676575,0.7129154667104678
239.5,5719.426321177856,12583.673900857872,117962.11330391666,24.61600546538628,54.08149838481326,-597.118885770517,0.6863233158022396,0.01547363557316817,0.13554354118205053,0.7143870248207185
239.60000000000002,5721.887412470635,12589.082029185085,117902.22810037565,24.623940836086557,54.08129850532959,-598.0746266200294,0.6845454990402238,0.015578406482965148,0.1367582893383242,0.7158574881165087
239.70000000000002,5724.350813750007,12594.490140669755,117842.34289683467,24.631915620755393,54.08110395207535,-599.0303674695418,0.6826583059967886,0.0156854714724352,0.13799449946937858,0.7174183726072801
239.8,5726.815234678968,12599.898244719969,117782.45769329368,24.639907803116927,54.08091174986836,-599.9861083190541,0.6807126483763823,0.015793742104351922,0.13925775734227264,0.7190188628059445
239.9,5729.27965560793,12605.306348770184,117722.48872616263,24.647899985478464,54.080719547661374,-600.941849110104,0.6787518148688023,0.015903719130194418,0.1405280520306233,0.7206211987740947
240.0,5731.7443311447,12610.71440767053,117662.35918508247,24.655896150572538,54.08052416041806,-601.8975896640881,0.6767765186776247,0.016015270060530315,0.14182415134405083,0.722220856100835
240.10000000000002,5734.209406427554,12616.12243674383,117601.9961112445,24.66389856874171,54.08032666906586,-602.8533298588325,0.6747865861441911,0.01612878019941987,0.14313906640096952,0.7238191302245373
240.20000000000002,5736.676811629161,12621.530451756838,117541.63303740654,24.67194132992709,54.08013499432214,-603.8090700535765,0.6726758419622105,0.016244801982484337,0.14447775464202103,0.7255132641534411
240.3,5739.145245278599,12626.938460563504,117481.26996356859,24.680001898895448,54.07994588708355,-604.7648102483206,0.6704997268432241,0.016362150168561122,0.14584584164361802,0.7272491916944892
240.4,5741.613678928036,12632.34646937017,117420.82312616971,24.68806246786381,54.079756779844956,-605.7205503840652,0.6683054785826904,0.016481348103416223,0.14722177678351114,0.7289869003636218
240.5,5744.0823695052995,12637.754431271094,117360.21571496308,24.696127003555574,54.0795639890335,-606.6762902631731,0.6660938898562992,0.016602265805440303,0.1486257144525029,0.7307213502216237
240.60000000000002,5746.551463471186,12643.162362185,117299.37477121412,24.704197767187352,54.07936876476839,-607.632029752434,0.6638647503855858,0.016725321656058105,0.15005015951175737,0.732453961994528
240.70000000000002,5749.022907724924,12648.570282050505,117238.5338274652,24.712309705960937,54.07917979391888,-608.5877692416947,0.661501979197735,0.01685112174612128,0.15150088055883998,0.7342878552742602
240.8,5751.495389417604,12653.978197039143,117177.69288371627,24.720439819825486,54.07899358338525,-609.5435087309552,0.6590659984462155,0.016978376598518936,0.1529834811829977,0.7361656056250545
240.9,5753.967871110283,12659.386112027782,117116.76817643597,24.72856993369004,54.078807372851614,-610.499248160639,0.6566083860476295,0.01710763329873264,0.15447479688396937,0.7380449128491434
241.0,5756.440611625074,12664.793978171941,117055.68289547802,24.736703988408266,54.07861710197524,-611.4549873068479,0.6549065196888901,0.01722344056058946,0.15585792390980152,0.7392625454591674
241.10000000000002,5758.913758502602,12670.201812048304,116994.36408217544,24.744844230449836,54.07842414874231,-612.4107260212004,0.6547824954235995,0.01730993926536739,0.1569759903791566,0.7391338093565712
241.20000000000002,5761.389276358251,12675.609638056007,116933.04526887285,24.75302617419782,54.07823772283744,-613.3664647355527,0.6546576314366744,0.017396412455837465,0.1580938131498878,0.7390041249405298
241.3,5763.865840785719,12681.017460590409,116871.72645557029,24.76122652546729,54.078054178155966,-614.3222034499048,0.6545299736298457,0.017482811524229275,0.1592288966733833,0.7388714525446892
241.4,5766.342405213187,12686.42528312481,116810.32387875767,24.769426876736762,54.07787063347448,-615.2779421042594,0.6544006802423333,0.017570764292480338,0.16036633711602402,0.7387378803476503
241.5,5768.819230431202,12691.833054773415,116748.76072841165,24.777631164487673,54.07768290357903,-616.2336804625768,0.6542677847343469,0.01766021705140001,0.16152981751016673,0.7385999598210387
241.60000000000002,5771.296465102495,12697.240792805684,116686.96404594276,24.7858416326973,54.07749240883416,-617.1894183694077,0.6541322148640046,0.017751624561986642,0.16271041515124013,0.73845869627477
241.70000000000002,5773.776091583347,12702.648526221503,116625.16736347387,24.79409390495445,54.07730849098684,-618.1451562762383,0.6539453174891898,0.017844030108104196,0.16390016614177216,0.738358888252971
241.8,5776.256773831208,12708.056257599577,116563.37068100499,24.802364629907412,54.077127476243334,-619.1008941830688,0.6537333601321157,0.017936812165645022,0.16511216678404372,0.7382742965860223
241.9,5778.7374560790695,12713.463988977652,116501.49023506154,24.810635354860374,54.07694646149982,-620.0566320292156,0.6535200629199519,0.01803126050476576,0.16632669388926247,0.7381882089992896
242.0,5781.218401248744,12718.871667383724,116439.44921574931,24.818910013041112,54.07676122945837,-621.0123695658658,0.6533027238342821,0.018127331239223977,0.16756905118266055,0.7380972591593834
242.10000000000002,5783.6997592178805,12724.279310795268,116377.17466456482,24.827190846572176,54.07657321137209,-621.9681066300498,0.6530773040486019,0.01822561411423052,0.1688307370872125,0.738006804942446
242.20000000000002,5786.183529737415,12729.686952792628,116314.90011338037,24.835513071179797,54.07639154788121,-622.9238436942335,0.65284675305836,0.018323963078308688,0.17009308182072239,0.7379184866331718
242.3,5788.668365179158,12735.094594165756,116252.6255621959,24.843853566194003,54.07621268936789,-623.8795807584171,0.6526128858115923,0.018422232653199505,0.17137439559737144,0.7378264424309913
242.4,5791.153200620902,12740.502235538885,116190.26724757094,24.85219406120821,54.07603383085458,-624.835317761255,0.6523775269771734,0.018522283086348495,0.17265833828187763,0.7377327331399612
242.5,5793.638300786284,12745.90982184173,116127.74835972361,24.860538486382747,54.07585076370439,-625.7910544420215,0.6521376962824644,0.018624056074355726,0.17397176631963357,0.7376336449392519
242.60000000000002,5796.12381658008,12751.317371763873,116064.99594022633,24.868889082091577,54.07566491623108,-626.7467906307254,0.6518888627632742,0.018728178130089836,0.1753057621103063,0.7375351216857793
242.70000000000002,5798.61175959926,12756.72492250154,116002.24352072908,24.87728084547803,54.07548530539123,-627.7025268194291,0.6516342909128645,0.018832375847133823,0.17664051903544775,0.7374389598884291
242.8,5801.100774018325,12762.132473599191,115939.49110123182,24.88569078066069,54.07530844745945,-628.6582630081327,0.6513760796468864,0.01893648455103769,0.17799506505315588,0.7373387072664936
242.9,5803.589788437391,12767.54002469684,115876.65491832531,24.89410071584335,54.07513158952768,-629.6139991348784,0.651116207709422,0.019042485666240352,0.1793523397961243,0.7372366011040197
243.0,5806.079069544352,12772.947518570169,115813.65816236116,24.90251457789192,54.07495036776002,-630.5697349250293,0.650851388700505,0.019150318461147217,0.18074081858985222,0.7371285448447449
243.10000000000002,5808.5687693637,12778.354974639784,115750.42787499877,24.91093460530239,54.07476626314118,-631.5254702004509,0.6505765570202064,0.019260652370464714,0.1821511656054015,0.7370211147549247
243.20000000000002,5811.060920474029,12783.762435083136,115687.19758763639,24.919394838578977,54.07458788585904,-632.4812054758722,0.6502953211678065,0.019371072619993917,0.1835623890610606,0.7369162816324565
243.3,5813.55415360702,12789.169897457097,115623.96730027402,24.927872819099218,54.074412036676655,-633.4369407512935,0.6500100984950242,0.01948139320948139,0.18499417145420236,0.7368069650193868
243.4,5816.047386740012,12794.577359831055,115560.65324953313,24.93635079961946,54.074236187494265,-634.3926759641482,0.6497230277069489,0.019593718587246785,0.1864287718941716,0.7366955860253747
243.5,5818.540888273595,12799.984762538314,115497.17862588934,24.94483268151695,54.07405516520834,-635.3484108070338,0.6494304593368632,0.019707982225544037,0.18789654932742675,0.7365775998989885
243.60000000000002,5821.034811208574,12805.392125828364,115433.47047108339,24.953320688757948,54.07387072545026,-636.3041450829261,0.649126751241008,0.019824895156693244,0.18938768526304042,0.7364602766110525
243.70000000000002,5823.5312075459115,12810.799496472648,115369.76231627747,24.96184690202518,54.07369095540959,-637.2598793588182,0.6488159060978881,0.019941906354834418,0.19087982769751224,0.7363457963100484
243.8,5826.0286956660775,12816.206870363158,115306.05416147155,24.970389979788127,54.073513246625645,-638.2156136347102,0.6485007050407657,0.02005880623738331,0.19239320621311262,0.7362264149410828
243.9,5828.526183786244,12821.614244253667,115242.26224331826,24.978933057551068,54.0733355378417,-639.1713478474138,0.6481834483154685,0.020177825436850844,0.19390947474973586,0.7361047400287475
244.0,5831.023942575359,12827.021555867568,115178.30975248668,24.987479995851093,54.073152441719415,-640.127081637387,0.6478600753221709,0.020298933013544605,0.19546105787516796,0.7359757135778211
244.10000000000002,5833.5221263273,12832.428826340098,115114.12373083876,24.99603299537366,54.072965786596484,-641.0828147776671,0.6475243101537981,0.020422905932401373,0.19703762644210823,0.7358473662650323
244.20000000000002,5836.0228021826615,12837.836106178253,115049.93770919088,25.00462121238977,54.07278222260599,-642.038547917947,0.6471805932616823,0.02054699063408397,0.19861534986885332,0.7357221239556501
244.3,5838.524578075679,12843.243390150481,114985.751687543,25.01322497473544,54.07260002307013,-642.9942810582268,0.6468321259194882,0.020670951220459692,0.20021490467706415,0.735591533800703
244.4,5841.026353968695,12848.650674122711,114921.48190257935,25.02182873708111,54.07241782353427,-643.9500141346894,0.6464813723988562,0.020797153506289485,0.20181740510776966,0.7354583934818432
244.5,5843.5284023773465,12854.057893153655,114857.05154514794,25.03043635962564,54.072230239873434,-644.9057467701971,0.6461238147206513,0.020925592552436506,0.203457435912556,0.7353170794963566
244.60000000000002,5846.0308786482055,12859.46506928288,114792.38765722368,25.039050042861696,54.07203909933477,-645.8614787275377,0.6457524433000825,0.021057109987783235,0.20512416828207597,0.7351764792738698
244.70000000000002,5848.535863457162,12864.872255804494,114727.72376929944,25.047695065348094,54.07184900340792,-646.8172106848781,0.6453721902082791,0.021188755089121585,0.20679223017821852,0.7350392821485535
244.8,5851.041955558192,12870.279446913404,114663.05988137519,25.056353921271388,54.07165936858244,-647.7729426422187,0.6449867439665999,0.021320261331446003,0.20848278082900668,0.7348962353025947
244.9,5853.548047659223,12875.686638022316,114598.31223016723,25.06501277719468,54.07146973375696,-648.7286745350906,0.6445987520766824,0.021454146700466036,0.21017633627762658,0.7347503494925691
245.0,5856.0544142051085,12881.093761539281,114533.40400671764,25.073675489171745,54.07127481162425,-649.6844059633986,0.6442031996077816,0.02159042469852365,0.21190966794916472,0.7345953878197908
245.10000000000002,5858.561211642168,12886.50084040344,114468.26225312316,25.082344255332355,54.07107639657376,-650.6401366766167,0.6437921635110962,0.021730005570427934,0.21367149673955083,0.7344412492096909
245.20000000000002,5861.07053219948,12891.907929694176,114403.12049952871,25.09104044239,54.070876963430806,-651.5958673898347,0.643371133674272,0.021869734002313963,0.21543487282783017,0.734290892398242
245.3,5863.580966485564,12897.315023587305,114337.97874593425,25.09974873328691,54.07067708089237,-652.5515981030525,0.6429444368640331,0.02200930739054765,0.21722130128737924,0.734134148341294
245.4,5866.091400771648,12902.722117480434,114272.75322909393,25.108457024183817,54.07047719835393,-653.5073287509966,0.6425149054047246,0.022151440597408256,0.21901077412461165,0.7339742439824137
245.5,5868.6021114296,12908.129141186051,114207.36714025133,25.117169167086626,54.070272179783906,-654.4630589088771,0.6420769844885381,0.022296133733136703,0.22084227352257146,0.7338042781532699
245.60000000000002,5871.113256004222,12913.53611852417,114141.74752163123,25.125887357817636,54.07006376823232,-655.4187883118108,0.6416219340909268,0.022444358769376477,0.22270406603581644,0.7336350887355133
245.70000000000002,5873.626936116269,12918.943105133982,114076.12790301115,25.13462818948621,54.06985182360767,-656.3745177147442,0.6411558124352776,0.02259275006421724,0.2245676156164235,0.7334699570134753
245.8,5876.141735438142,12924.350095836404,114010.50828439106,25.143379015075435,54.06963831945167,-657.3302471176777,0.6406835171018013,0.022740968441755757,0.2264546848171616,0.7332978623947823
245.9,5878.656534760015,12929.757086538826,113944.80490255616,25.152129840664657,54.06942481529567,-658.2859764546517,0.6402080673657753,0.02289190041179685,0.2283448161612933,0.7331222519522788
246.0,5881.1716123762535,12935.16400414189,113878.9409489731,25.160884502242084,54.06920517117452,-659.2417052618359,0.6397232711700876,0.02304556342418724,0.23027954255402933,0.7329354477790054
246.10000000000002,5883.6871269275725,12940.57087345383,113812.84346600463,25.169645186499192,54.06898147085,-660.197433251853,0.6392194365258436,0.023203001493233698,0.23224662530675294,0.732749368967939
246.20000000000002,5886.205186826143,12945.977749482949,113746.74598303619,25.178422597075897,54.068751125120855,-661.1531612418698,0.6387032858519779,0.02336062800394938,0.2342157132911525,0.7325676715148332
246.3,5888.724370264691,12951.384628477093,113680.64850006776,25.18720739080581,54.06851784604824,-662.1088892318866,0.6381804376869155,0.023518062534397737,0.2362085651560023,0.732378415462463
246.4,5891.243553703238,12956.79150747124,113614.46725391528,25.195992184535722,54.06828456697563,-663.0646171552461,0.6376540827548861,0.02367836615599077,0.23820445526851183,0.7321852519768746
246.5,5893.763017344024,12962.198310247531,113548.12543629619,25.204780768880838,54.068044844248746,-664.0203444753872,0.6371172932880337,0.023841593006414495,0.2402477561110389,0.7319796094973254
246.60000000000002,5896.2829209153415,12967.605062672541,113481.55008972684,25.213575304667906,54.06780086469443,-664.9760708632301,0.6365593384406318,0.024008869042949594,0.24232568906502283,0.7317745850126701
246.70000000000002,5898.805376594046,12973.01181764702,113414.9747431575,25.222380016132362,54.06754679413116,-665.9317972510728,0.6359876891390909,0.02417635836245897,0.24440590612923419,0.7315742723804582
246.8,5901.328958796713,12978.41857374686,113348.39939658817,25.231189219235564,54.06728826930257,-666.8875236389154,0.6354088018424677,0.0243436355116752,0.24650989613454602,0.7313657860871874
246.9,5903.85254099938,12983.825329846699,113281.74028686756,25.239998422338765,54.06702974447399,-667.8432499593453,0.6348260187416549,0.02451394745833785,0.24861685572511358,0.7311529603017333
247.0,5906.376405289932,12989.232006585104,113214.9206059997,25.248811378756635,54.06676490740389,-668.7989756053239,0.6342315885664244,0.024687402770901,0.25077414823536914,0.7309262280050992
247.10000000000002,5908.900712471566,12994.638630895508,113147.86739667579,25.257630228052893,54.06649590032067,-669.7547002073327,0.6336136061337969,0.024865224299207612,0.2529684827067974,0.7306999832350461
247.20000000000002,5911.427575252264,13000.045251868645,113080.81418735192,25.26645264640084,54.06621333019205,-670.7104248093412,0.6329803763942485,0.02504328760758223,0.2551654209900212,0.7304788051521991
247.3,5913.955566098185,13005.451871368681,113013.76097802803,25.275276640161437,54.065924773208906,-671.6661494113498,0.6323393162097203,0.02522111606269623,0.2573861028228424,0.7302487785362225
247.4,5916.483556944106,13010.858490868717,112946.62400558653,25.284100633922034,54.06563621622577,-672.6218739451173,0.631693924802559,0.025402159339119,0.2596096669901477,0.730013928958697
247.5,5919.011831909201,13016.265027962054,112879.32646237605,25.29292838020061,54.0653416670274,-673.5775977627803,0.6310355510292659,0.025586598506160612,0.26188650697744403,0.7297636033519543
247.60000000000002,5921.540552954599,13021.671510615617,112811.79539129595,25.30176201810673,54.06504315923268,-674.5333204712595,0.6303509931031213,0.025775768626623095,0.2642028761682874,0.7295135882696223
247.70000000000002,5924.07182984706,13027.07798234419,112744.26432021584,25.310592924856245,54.064727787037945,-675.4890431797382,0.6296494665092148,0.02596521242698638,0.2665222069365929,0.729268997200574
247.8,5926.604234914213,13032.484449250374,112676.73324913575,25.31942262604781,54.064404970740014,-676.4447658882171,0.6289394920075313,0.026154397172022174,0.26886503240815,0.729014853929631
247.9,5929.136639981366,13037.890916156559,112609.11841497231,25.328252327239376,54.06408215444208,-677.400488527539,0.6282247041202519,0.026347004562801705,0.27121060553937837,0.7287553525886128
248.0,5931.669330886583,13043.29729778696,112541.34301038073,25.337085777033234,54.06375377615825,-678.3562104085642,0.6274954659886922,0.026543243707812053,0.2736123666721156,0.7284786676225912
248.10000000000002,5934.202470570837,13048.7036230822,112473.33407844711,25.34592511230683,54.06342172349755,-679.3119311143655,0.6267371893881517,0.02674454433746759,0.27605617817185607,0.7282020401503759
248.20000000000002,5936.738163224807,13054.109928228318,112405.32514651353,25.35475564641774,54.06306962918693,-680.2676518201665,0.6259600774777232,0.02694615312583408,0.2785033383623748,0.7279311621003833
248.3,5939.2749827833795,13059.516224480421,112337.31621457991,25.363582295613497,54.06270868830542,-681.2233725259674,0.6251868002840574,0.027148038318572962,0.28090573812409203,0.7276650431723338
248.4,5941.811802341951,13064.922520732527,112269.22351959776,25.37240894480925,54.06234774742392,-682.1790931616686,0.6245341960603767,0.02735910483525263,0.2826558853364391,0.7275398049718699
248.5,5944.348909611922,13070.328728622246,112200.9702545789,25.38123933873656,54.06198041581609,-683.1348129900202,0.6238673587827785,0.0275742577393843,0.284466918316387,0.7273979319046072
248.60000000000002,5946.886468602154,13075.734878137726,112132.4834628248,25.39007561206636,54.06160886234622,-684.0905315663414,0.6231703125851337,0.02779503930593096,0.286324274325573,0.7272582809665783
248.70000000000002,5949.426575339192,13081.14099705358,112063.99667107075,25.398897831737624,54.06121452211688,-685.0462501426622,0.6224600973287118,0.02801662828193984,0.28815742691332424,0.72713395814522
248.8,5951.96780667539,13086.547102462477,111995.5098793167,25.40771384799316,54.06081012359973,-686.001968718983,0.6217492807920793,0.028238444230077445,0.28997828547160365,0.7270096395901132
248.9,5954.509038011589,13091.953207871373,111926.93932454937,25.416529864248695,54.06040572508258,-686.9576872242206,0.6210352635740621,0.028464408628041674,0.2917998005436687,0.7268822843085571
249.0,5957.050558687025,13097.35922168571,111858.20820012121,25.42534957489834,54.05999471665489,-687.9134048165743,0.6203054841205817,0.028694785020788028,0.29368616099896727,0.7267366472940732
249.10000000000002,5959.592533638505,13102.765174990562,111789.24354954016,25.43417508591836,54.059579341567,-688.869120991422,0.619542396323315,0.02893121614965452,0.2956222331005379,0.7265932143825167
249.20000000000002,5962.13704835494,13108.17108580519,111720.27889895912,25.442982983971923,54.059139329228515,-689.8248371662695,0.6187640272368155,0.029168548818556836,0.29753650545079224,0.7264656236062568
249.3,5964.682684147274,13113.576977864239,111651.31424837807,25.45178310749811,54.05868844177823,-690.7805533411171,0.6179845725208546,0.029406142828952642,0.2994394060543816,0.7263376549456452
249.4,5967.228319939608,13118.982869923286,111582.26583481958,25.46058323102429,54.058237554327945,-691.7362694438501,0.6172014903956636,0.029648184614547643,0.3013431405893167,0.7262063184950958
249.5,5969.774247211136,13124.3886672791,111513.05685216289,25.469386966337634,54.0577805730123,-692.6919844642482,0.6164009355638109,0.029895073013320086,0.30331583775639964,0.7260548696976836
249.60000000000002,5972.320632118538,13129.794402071759,111443.61434422871,25.478196372324593,54.05731956594788,-693.6476978013231,0.6155636287850185,0.030148602141217704,0.3053418349326073,0.7259055341750322
249.70000000000002,5974.869546926708,13135.200081507153,111374.17183629457,25.486986331584855,54.0568329854651,-694.6034111383977,0.6147084262941809,0.030403127754556735,0.3073496811400019,0.7257722604018502
249.8,5977.419578456631,13140.605736507337,111304.72932836042,25.495767706878883,54.05633511663736,-695.5591244754725,0.613851450567669,0.03065794867743285,0.309347611948043,0.7256380239492025
249.9,5979.969609986554,13146.011391507522,111235.20305747472,25.50454908217291,54.05583724780961,-696.5148377396544,0.6129903301420244,0.03091745559232233,0.31134657671206034,0.7255000174098892
250.0,5982.519934720384,13151.416949011433,111165.5162180351,25.513334070603335,54.05533410855064,-697.4705498534046,0.612109817995,0.031182248009317057,0.31341869033242403,0.7253398945828924
250.10000000000002,5985.070719797968,13156.822442107046,111095.59585416685,25.52212473182575,54.05482748752256,-698.4262601770889,0.6111887769768324,0.03145427927084464,0.31554781568267004,0.7251816898067761
250.20000000000002,5987.624024324478,13162.227866685533,111025.67549029861,25.530894472182517,54.05429455688001,-699.3819705007729,0.6102467400571414,0.031727399934132164,0.31766356752575137,0.7250394101080738
250.3,5990.178440959205,13167.633261019926,110955.75512643038,25.539654977874406,54.05375001292867,-700.3376808244569,0.6093020191703611,0.032000848292989485,0.3197713464347367,0.7248953587537759
250.4,5992.732857593929,13173.038655354316,110885.75099965381,25.548415483566295,54.05320546897732,-701.2933910737315,0.6083525224890763,0.03227937240796542,0.3218803782207455,0.7247470404317603
250.5,5995.287569238667,13178.443949845612,110815.58630491918,25.55717959992855,54.05265667759413,-702.2491000914125,0.6073814992689631,0.03256367806066699,0.3240667044290362,0.7245744215037208
250.60000000000002,5997.842744062829,13183.849178378243,110745.18808668182,25.565949385211002,54.052105080258976,-703.2048071919356,0.6063659119617201,0.03285585941970394,0.32631378281384815,0.7244033327217243
250.70000000000002,6000.400428164037,13189.254325399963,110674.78986844447,25.574698812540007,54.051527510622996,-704.1605142924586,0.6053257299192346,0.033149213930804236,0.3285535199488583,0.7242475231871565
250.8,6002.959219883496,13194.659436442009,110604.39165020712,25.58343925367882,54.0509384765716,-705.1162213929816,0.6042816826725019,0.03344292428578312,0.33078777489328864,0.7240888528232237
250.9,6005.518011602955,13200.064547484055,110533.90966910336,25.59217969481763,54.050349442520215,-706.0719284174759,0.6032320947809118,0.03374213144348906,0.3330235178084188,0.7239253034522202
251.0,6008.077100137264,13205.46955630935,110463.2671206797,25.60092374472207,54.04975563433195,-707.027634122269,0.6021584677615182,0.03404765809128234,0.3353411796543369,0.7237349168788512
251.10000000000002,6010.636654684677,13210.874497607894,110392.39104974591,25.609673460556188,54.049158672238164,-707.9833377719305,0.6010361424701851,0.03436172613295937,0.3377236152824047,0.7235451519444415
251.20000000000002,6013.198709316854,13216.279344938888,110321.51497881216,25.618406398557475,54.04853765832581,-708.9390414215918,0.5998853348376766,0.03467703144366348,0.3401057229537154,0.7233693287326153
251.3,6015.761867509725,13221.684150791732,110250.63890787841,25.627131930667137,54.04790602771679,-709.8947450712529,0.5987291917452651,0.03499271415666128,0.34248529278510464,0.7231892484916469
251.4,6018.325025702596,13227.088956644579,110179.67907411713,25.635857462776794,54.047274397107785,-710.8504486433502,0.5975665850352632,0.03531432804723561,0.3448665931635372,0.7230035322207223
251.5,6020.888482503535,13232.493658058942,110108.55867373603,25.64458655044507,54.04663847496046,-711.8061507205988,0.5963770078880855,0.03564285718958543,0.3473348214976099,0.722788055358582
251.60000000000002,6023.452408133014,13237.898290478828,110037.20475193534,25.653321220505532,54.04599971772341,-712.7618504680665,0.5951335984814939,0.03598067175719412,0.349872335216708,0.7225723079861119
251.70000000000002,6026.0188268269485,13243.302817634793,109965.85083013467,25.662044556988715,54.04533980584094,-713.7175502155342,0.5938568087375606,0.03631978563520304,0.3524176016716781,0.7223688793957251
251.8,6028.586345982749,13248.707298326284,109894.49690833401,25.67076289072536,54.04467055610102,-714.6732499630017,0.5925728863194708,0.036659289194612255,0.3549636668945288,0.7221594464517841
251.9,6031.153865138548,13254.111779017776,109823.059223751,25.67948122446201,54.044001306361096,-715.6289496310934,0.5912813799836187,0.037005245217345425,0.3575117044054224,0.7219434345737907
252.0,6033.721684656434,13259.516153569371,109751.46097335994,25.68820301035344,54.04332917410442,-716.5846475344877,0.589959547206098,0.03735881115104945,0.36015177308778573,0.7216943620615861
252.10000000000002,6036.2899757567475,13264.92045800249,109679.62920281377,25.696930216288248,54.04265513759033,-717.540342684828,0.5885786841052058,0.03772249960676929,0.3628656295513037,0.7214434700866991
252.20000000000002,6038.8607547647425,13270.32464687265,109607.79743226765,25.705648840453446,54.04196143552824,-718.4960378351681,0.5871593379630359,0.03808752160265685,0.365595670398286,0.7212025085418134
252.3,6041.432631958352,13275.728784732242,109535.96566172152,25.714363676545627,54.041259052910185,-719.4517329855082,0.5857307428966904,0.038452934348763054,0.368330017439872,0.7209534429617522
252.4,6044.004509151961,13281.132922591834,109464.05012843074,25.723078512637812,54.04055667029212,-720.4074280549025,0.5842932219727871,0.03882525202445584,0.3710665589892795,0.7206966347651087
252.5,6046.57668842527,13286.536953399305,109391.97403026004,25.731796780938733,54.03985325241363,-721.3631211922432,0.5828215802513373,0.03920595290296306,0.3739001088833536,0.7204030867697062
252.60000000000002,6049.149341977742,13291.940913485663,109319.66441338309,25.74052043796681,54.0391491506181,-722.3188113141209,0.5812852077350312,0.039597718339501264,0.37681191704986955,0.720105761079544
252.70000000000002,6051.724479608255,13297.344748426947,109247.35479650614,25.749237413038493,54.0384264192064,-723.2745014359984,0.5797045834516522,0.03999082037678037,0.37974905331037406,0.7198152448514918
252.8,6054.300713733946,13302.748528128031,109175.0451796292,25.757951438632396,54.03769546450867,-724.2301915578761,0.5781121978123895,0.04038429455777267,0.3826942706255494,0.7195140656887665
252.9,6056.876947859638,13308.152307829116,109102.65180004563,25.766665464226307,54.03696450981094,-725.1858815970385,0.5765092865131846,0.040785136637011596,0.3856418546273028,0.7192037090791267
253.0,6059.453485925073,13313.555980535162,109030.09785667284,25.775382929107714,54.03623463858669,-726.1415695515466,0.5748679856198109,0.0411952225015332,0.3886911458919915,0.7188525202415587
253.10000000000002,6062.030501190028,13318.959582557805,108957.31039629785,25.78410579383025,54.03550548313016,-727.0972542513941,0.5735685094526168,0.04164734267743939,0.390264740504576,0.719011888727236
253.20000000000002,6064.609997868247,13324.363050479273,108884.52293592287,25.79282438566782,54.03475898086493,-728.0529389512415,0.5724029687192456,0.04211510946050566,0.39119410140752625,0.7194083221512536
253.3,6067.190589865383,13329.766459207234,108811.7354755479,25.801541091414187,54.03400482155681,-729.0086236510887,0.571220866566103,0.04258422834402491,0.3921631544669395,0.7197925849676098
253.4,6069.771181862521,13335.169867935192,108738.86425250744,25.810257797160553,54.033250662248705,-729.9643082653843,0.5700315496594355,0.04306285035416475,0.39313550265301656,0.7201764366223026
253.5,6072.352079377326,13340.573170101314,108665.83246667594,25.81897794741601,54.03249774545851,-730.919990650506,0.5688178927154711,0.0435543301608658,0.3941663868121197,0.7205429097274134
253.60000000000002,6074.933456569061,13345.976401870215,108592.56716540034,25.827703505710748,54.03174564950445,-731.8756695546934,0.5675422511991788,0.044061423758786765,0.39525242130630805,0.7209229553091075
253.70000000000002,6077.517313409215,13351.379491057498,108519.30186412475,25.83642625763084,54.03097696808548,-732.8313484588807,0.5661937337248817,0.04456985539878378,0.3964665082076201,0.7212853053751107
253.8,6080.102264789268,13356.782517307924,108446.03656284914,25.845147770791037,54.030200965687875,-733.7870273630679,0.5648231405487274,0.04507959661499858,0.3977348528287686,0.7216298474391003
253.9,6082.687216169321,13362.18554355835,108372.68749895124,25.853869283951237,54.02942496329027,-734.7427061791188,0.5610266347827686,0.04569044749496872,0.3998013153560331,0.7234088790660625
254.0,6085.272474770443,13367.588464520382,108299.17787345884,25.862594166173047,54.02865234802169,-735.6983824384004,0.5569826900585719,0.04632455713192639,0.4019965832371291,0.7252744759381249
254.10000000000002,6087.858215722916,13372.991315926458,108225.43473439131,25.871324337978102,54.027881970369094,-736.6540547029809,0.552714672138968,0.04698243581808049,0.40429424632925787,0.7272175082545597
254.20000000000002,6090.446434264442,13378.394016105984,108151.6915953238,25.88004930023451,54.02709371160214,-737.6097269675612,0.5482030371917828,0.04764775180454724,0.4067907416267946,0.7291943597480713
254.3,6093.035746436845,13383.796649532698,108077.9484562563,25.88877196294765,54.02629755994482,-738.5653992321415,0.5436129214595621,0.048316686953390926,0.40936123178479805,0.7311455883035067
254.4,6095.62505860925,13389.199282959415,108004.1215546111,25.89749462566079,54.025501408287504,-739.5210714059473,0.5389598492791294,0.04899949520432864,0.411943537867399,0.7330919805481642
254.5,6098.214679659589,13394.60181364599,107930.1340927579,25.9062205467629,54.02471162794853,-740.4767405906422,0.5342640060106602,0.04969938190420838,0.41459074963775755,0.7349873833166003
254.60000000000002,6100.804785662635,13400.004276460048,107855.91311949653,25.91495158368705,54.023926056650204,-741.4324051024255,0.5293194300685982,0.05042536303307471,0.4173472384229962,0.7369528521523855
254.70000000000002,6103.39736425441,13405.406577837275,107781.69214623517,25.923667914698665,54.02311756554735,-742.3880696142086,0.5241015948390164,0.05115866210793032,0.42032656614451086,0.7389356449459521
254.8,6105.99103426987,13410.808807954783,107707.47117297383,25.932377754383555,54.022298957429385,-743.3437341259917,0.5187889242759742,0.051895551476953926,0.42339085982697156,0.7408812884669568
254.9,6108.58470428533,13416.211038072292,107633.16643718087,25.94108759406845,54.02148034931142,-744.2993985441964,0.5133993296991797,0.052647497512313964,0.4264683750909107,0.7428149798687707
255.0,6111.178684802105,13421.613169544577,107558.70114275128,25.949800668898977,54.02067147769383,-745.255059665791,0.5079538063397083,0.05341849867189991,0.42961799835427805,0.7446863568742923
255.10000000000002,6113.773152820365,13427.01523584954,107484.00233937049,25.958518823058427,54.0198690382342,-746.210715632307,0.5022350100354865,0.05421782400626866,0.4328821990307017,0.7466146422466037
255.20000000000002,6116.370081932734,13432.417125776126,107409.30353598972,25.967211936005334,54.01903812305961,-747.1663715988229,0.4962152812078314,0.05502400450381069,0.4363843588160248,0.7485395413770232
255.3,6118.968097394958,13437.818937847656,107334.60473260895,25.97589399552787,54.018194638439304,-748.1220275653386,0.4900834917573581,0.055833526238475234,0.4399782883246425,0.7504131490436523
255.4,6121.566112857182,13443.220749919185,107259.82216674411,25.9845760550504,54.01735115381901,-749.0776834352569,0.4838591663326451,0.05665912373520809,0.4435856167070062,0.7522644824156601
255.5,6124.164440443274,13448.622468949628,107184.87904395386,25.993261369622044,54.016520386694445,-750.0333357571046,0.4775634562456075,0.057505736730389605,0.4472716920333036,0.7540386389353734
255.60000000000002,6126.763258078342,13454.024126514978,107109.70241488855,26.00195179477199,54.015698021042496,-750.988982529739,0.470971600586034,0.0583825893137999,0.4510750360943777,0.755849546218625
255.70000000000002,6129.364523535402,13459.425593442746,107034.52578582328,26.010612268395235,54.01484443601283,-751.9446293023732,0.46405798308277196,0.05926572385249782,0.45510966261560026,0.7576364281812905
255.8,6131.966869483883,13464.826976221315,106959.34915675799,26.019259521135716,54.01397707045918,-752.9002760750072,0.45701631492575157,0.06015180824202359,0.4592325790609078,0.7593571532460653
255.9,6134.569215432362,13470.228358999882,106884.08876525829,26.027906773876197,54.01310970490552,-753.8559227458958,0.449865587181002,0.06105477851142912,0.4633668849795229,0.7610416528650625
256.0,6137.171874933423,13475.629655712104,106808.66781843491,26.03655730370454,54.01225765942992,-754.8115656365635,0.44262622641902005,0.06198057792152169,0.4675853588792416,0.7626298996291343
256.1,6139.775026726599,13481.030895566902,106733.01336784025,26.04521297871306,54.01141573475316,-755.7672026146729,0.4350713777903014,0.06293796127511168,0.47192012872109,0.7642271268190178
256.2,6142.380612474423,13486.431930263127,106657.35891724563,26.053839471927297,54.010542794525314,-756.7228395927816,0.4271823485574844,0.06390092830556869,0.47645832262707516,0.7657802421334677
256.3,6144.987272592493,13491.832874400447,106581.70446665096,26.062453084025837,54.009656163744445,-757.678476570891,0.41915140710995774,0.06486626327606358,0.48107087016237976,0.7672517733362066
256.40000000000003,6147.593932710563,13497.23381853777,106505.96625367418,26.071066696124372,54.008769532963576,-758.6341134421382,0.41099512547720446,0.06584901150649297,0.4856896014764244,0.7686693213178647
256.5,6150.200908276141,13502.634685358167,106430.06748769332,26.07968350924429,54.00790217571839,-759.5897459335798,0.4027320888206403,0.06685641436652426,0.49039567312227467,0.7699669916789722
256.6,6152.808379108959,13508.035501101216,106353.93522157136,26.08830534811649,54.007047551017834,-760.5453715722223,0.3941405573623241,0.06789639635901969,0.49521218532660904,0.7712380902857559
256.7,6155.418273414338,13513.43610064956,106277.80295544944,26.096897391941056,54.0061614454081,-761.5009972108644,0.3852108562156089,0.06894081323122786,0.5001922529738295,0.77244253546113
256.8,6158.029237463073,13518.836604767552,106201.67068932748,26.105476283954193,54.00526144383193,-762.4566228495069,0.3761278140820646,0.06998661834202585,0.5052259209404981,0.7735480007967968
256.90000000000003,6160.640201511806,13524.237108885542,106125.45466087811,26.11405517596733,54.004361442255764,-763.4122483763807,0.3669050191951229,0.071049874871919,0.5102564379324263,0.7745779429590176
257.0,6163.251482502807,13529.637546450114,106049.07808173775,26.12263710242134,54.00348498177878,-764.3678686969439,0.3575575191270715,0.07213924504915026,0.5153737238596935,0.7754601695731542
257.1,6165.863261107897,13535.037940047965,105972.46800607585,26.131223793088502,54.00262407309784,-765.3234808681452,0.34787905770437966,0.07326131854644985,0.520589098709378,0.7762731031798705
257.2,6168.4774517071855,13540.438102218282,105895.85793041401,26.13979791880593,54.00174049018765,-766.2790930393461,0.33787615953406813,0.07438739260034274,0.5258938632650689,0.7770082761597669
257.3,6171.092706983172,13545.838162234339,105819.24785475213,26.148366498237568,54.00084689866154,-767.2347052105474,0.3350545709630396,0.07530797991192018,0.5297651873251022,0.775510147539514
257.40000000000003,6173.70796225916,13551.238222250397,105742.55401682,26.156935077669207,53.99995330713545,-768.1903172648495,0.33472738978217054,0.0761745572689868,0.5331374436326957,0.77325253155181
257.5,6176.323535993731,13556.638228513912,105665.69963092702,26.165506720833346,53.99908735472701,-769.1459236670772,0.334400511211256,0.07706843716347597,0.5366115234380394,0.7708987138452991
257.6,6178.939609723074,13562.038199267257,105588.61175278624,26.17408317419984,53.99823966136065,-770.1015212212106,0.3340673781771918,0.07799033847431343,0.540156791520533,0.7684706464899766
257.7,6181.5580979234755,13567.43793093413,105511.5238746455,26.18268867112557,53.99739096999192,-771.0571187753437,0.3337277401200506,0.07891426307810087,0.5436994090370767,0.7660217276095619
257.8,6184.177651893886,13572.83755706601,105434.4359965047,26.19130698814878,53.99654183809564,-772.0127163294773,0.3333808937789533,0.07984001338104653,0.5472417621295875,0.7635503950020356
257.90000000000003,6186.797205864295,13578.23718319789,105357.26435613645,26.199925305171988,53.99569270619936,-772.9683137627329,0.3330258208886661,0.0807836165128004,0.5507849294863306,0.761054381352135
258.0,6189.417079972462,13583.63677024419,105279.93217099024,26.208546759588092,53.994874774308435,-773.9239051209468,0.332669874103514,0.08175755188326887,0.5544365193644097,0.758450132552619
258.1,6192.037456711782,13589.036331469653,105202.36649858406,26.21717313985679,53.994077453864584,-774.8794869678707,0.3323059129996524,0.08276239653890044,0.5581642522513413,0.7557617570460327
258.2,6194.66027740091,13594.435660844747,105124.80082617792,26.22589421934116,53.993313600492485,-775.8350688147942,0.33195521387317817,0.0837749676855402,0.561813011779547,0.753096030109636
258.3,6197.28417687224,13599.834887878935,105047.23515377175,26.23465709994106,53.99256451979747,-776.7906506617181,0.3316057345792078,0.08479235962051687,0.5654286896957967,0.750425405628743
258.40000000000003,6199.9080763435695,13605.234114913123,104969.58571921101,26.243419980540956,53.991815439102446,-777.7462323781753,0.3312471917278879,0.08582974246039686,0.5690461469391953,0.7477265783260787
258.5,6202.532297407881,13610.63331937732,104891.77574278117,26.25218605561597,53.99110123822887,-778.7018075993894,0.3308868716506413,0.0869011312896816,0.5727797251123947,0.7449063417974069
258.6,6205.157023388117,13616.032508931268,104813.73228364218,26.260957146165307,53.99041007977422,-779.6573726517051,0.3305170483657364,0.08800674508022702,0.5765954286205092,0.7419912433808883
258.7,6207.784252958159,13621.431489892853,104735.68882450323,26.269900309160366,53.98979317926071,-780.6129377040203,0.3301821464735237,0.08912738822297506,0.5802596761111437,0.7391446185274424
258.8,6210.412587636057,13626.830378779829,104657.64536536424,26.278919426535104,53.98920905689381,-781.568502756336,0.32985791012373883,0.09025686849711756,0.5838602175748825,0.7363115530475564
258.90000000000003,6213.040922313954,13632.229267666806,104579.51814414536,26.28793854390984,53.98862493452692,-782.5240676671057,0.32952405133446006,0.09140914351400405,0.5874643696918893,0.7334465777523757
259.0,6215.669580149479,13637.628152118194,104501.23038459448,26.296960725231052,53.98807869976448,-783.4796249292059,0.3291876123698361,0.09260001236421725,0.591192696927479,0.7304464036957177
259.1,6218.298745357493,13643.027033639335,104422.70914787136,26.305987717090566,53.98755749443216,-784.4351702139312,0.32884023193048695,0.09382937364288071,0.595009801499521,0.7273400075791162
259.2,6220.930518948599,13648.425753715104,104344.18791114828,26.31527633172093,53.98715800260446,-785.3907154986559,0.32854901867055364,0.09508237603769612,0.5986150789019032,0.7243444425195175
259.3,6223.563443904288,13653.824402527389,104265.66667442517,26.324680429078274,53.98681223625094,-786.3462607833812,0.3282779176952898,0.09634921349409394,0.6021317235801698,0.721379113414776
259.40000000000003,6226.196368859978,13659.223051339672,104187.06167569601,26.33408452643562,53.98646646989744,-787.3018059164793,0.32799693274294106,0.09764243831308574,0.6056545344952258,0.7183777218127447
259.5,6228.8296184816,13664.621714955882,104108.29614275497,26.343491593061934,53.98616028768409,-788.2573422183078,0.32771267972264123,0.09897986607999054,0.6093088860942256,0.7152272834466025
259.6,6231.463377843823,13670.020388351912,104029.2971390941,26.352903321578463,53.98588025567172,-789.2128646882599,0.32741611892940264,0.10036116800887922,0.6130585930466759,0.7119589050729902
259.7,6234.099901011258,13675.418974331971,103950.29813543327,26.362665291659603,53.985769193576054,-790.1683871582113,0.3271916983369611,0.10177481220328449,0.6165619964686948,0.7088291646446965
259.8,6236.737644148051,13680.817521725812,103871.29913177241,26.372581861628408,53.985732716374876,-791.1239096281632,0.32699463022233927,0.10320777907418567,0.6199633480178027,0.705739408888923
259.90000000000003,6239.375387284843,13686.216069119653,103792.2163661964,26.38249843159721,53.9856962391737,-792.079431935061,0.326787636922456,0.104671956562019,0.6233737411197898,0.7026085686542921
260.0,6242.013456606465,13691.614651121246,103712.97307096365,26.392418107887167,53.985699933944964,-793.0349448598772,0.326576969470988,0.10618736077587539,0.6269231429517773,0.6993133062183678
260.1,6244.652038053428,13697.01325598553,103633.49631214257,26.40234266124565,53.98573016725284,-793.9904430905502,0.32635276984694184,0.1077533707186896,0.6305748178669481,0.6958868297245286
260.2,6247.293576939303,13702.411867863737,103554.01955332153,26.41267701308314,53.98596153880269,-794.9459413212227,0.326205698601771,0.10935856169898979,0.633983886090925,0.6926001583597189
260.3,6249.936421266253,13707.810482837956,103474.54279450046,26.42319225378483,53.98628169464533,-795.9014395518958,0.3260883217177009,0.11098816420483656,0.6372941714505871,0.6893505442667633
260.40000000000003,6252.579265593203,13713.209097812176,103394.98227384391,26.43370749448652,53.98660185048796,-796.8569376095722,0.32596098440034,0.11265446548046755,0.640616296730534,0.686053327678926
260.5,6255.222437697705,13718.607767377187,103315.26122835549,26.44422599954678,53.98696215161569,-797.8124257480324,0.32582954665489927,0.11438022515974251,0.6440837681467274,0.6825748092546208
260.6,6257.8661244281975,13724.006473006146,103235.30672683647,26.454749629801654,53.98734897364976,-798.7137065050313,0.32568319176502547,0.11616453394065494,0.6476597680646531,0.6789499867343219
260.7,6260.512981847637,13729.405290798757,103155.35222531749,26.465697443668454,53.987945382829615,-795.8556700952976,0.3256035997738557,0.11799078349530752,0.651039673641827,0.6754315762302009
260.8,6263.161238838703,13734.804158101455,103075.39772379847,26.476832496131063,53.98863430572706,-792.9734008376385,0.3255489188809943,0.11984500272678765,0.6543426816380697,0.6719306003773988
260.90000000000003,6265.80949582977,13740.203025404151,102995.35946052977,26.487967548593673,53.9893232286245,-790.0678119118576,0.3254837818774852,0.12174234864674802,0.6576598692432348,0.6683731028906494
261.0,6268.458082245667,13745.601966187061,102915.16067764984,26.499105925799793,53.99004883675101,-787.1389480387876,0.3254136260027047,0.12370849863306538,0.6611265595223865,0.6646155668292889
261.1,6271.107185873859,13751.00095551271,102834.72844691684,26.510249523007683,53.99079867999058,-784.1831934854403,0.32532646490839534,0.12574221067975988,0.6647065153784203,0.6606942077065995
261.2,6273.7596715574045,13756.4001616095,102754.29621618391,26.52178754110058,53.99174323813865,-781.2011977386535,0.32987737161746206,0.12759826607507113,0.6670520886461155,0.6556989501457549
261.3,6276.413650111676,13761.799463391091,102673.86398545092,26.533499660244512,53.99277374526029,-778.1937319287067,0.34302779420456814,0.12904750405809534,0.6671356841134044,0.64854348588361
261.40000000000003,6279.067628665949,13767.198765172683,102593.34799306902,26.54521177938844,53.99380425238192,-775.1618639985095,0.35611627491095904,0.1304990736549178,0.6670655298409417,0.6412291083667165
261.5,6281.721938294808,13772.5981566918,102512.67148699392,26.55692717299909,53.99486464201665,-772.1068482615884,0.3691633992893895,0.13197791198073508,0.6669666839520557,0.6336052855463775
261.6,6284.376767726151,13777.997607493613,102431.76154233504,26.568647707674618,53.99594477273251,-769.0293092842797,0.3821601100427444,0.13347948344631755,0.666798948250716,0.6257124262812438
261.7,6287.035162275325,13783.397365127377,102350.85159767621,26.58069687198394,53.99718548673739,-765.9304835706596,0.3933431110298826,0.13506118871291117,0.6670109329305055,0.6181715681426683
261.8,6289.695130500704,13788.797258199631,102269.94165301733,26.592891096473437,53.99849708370121,-764.1086176881362,0.3930090383541868,0.13736625695613916,0.6707349514609603,0.6138314362350957
261.90000000000003,6292.355098726083,13794.197151271881,102188.94794681862,26.60508532096294,53.99980868066504,-764.0409409177028,0.3918118013751586,0.13978217823470182,0.6747405684868788,0.609647127598514
262.0,6295.015399693203,13799.597142503197,102107.79373358862,26.617282939860246,54.00114264063418,-764.3281274558461,0.3904541936664715,0.14229541006619997,0.6789398999632126,0.6052587472811114
262.1,6297.676223080315,13804.997198580675,102026.40609221016,26.629485888135505,54.00249137412324,-765.2840719771409,0.3889764994253663,0.14490107161919094,0.6832846237801723,0.6006855127635313
262.2,6300.340752592699,13810.397629563018,101945.01845083175,26.64193795801489,54.003958890044146,-766.2400164984351,0.3868280855886315,0.14755031333044144,0.6879666956685458,0.5960660725849319
262.3,6303.006918023287,13815.798226031864,101863.63080945329,26.65449999248987,54.005478837636424,-767.1959610197299,0.3843454500600935,0.15023609642307606,0.6928157459122275,0.5913662423285118
262.40000000000003,6305.673083453874,13821.198822500712,101782.15940665426,26.66706202696485,54.00699878522871,-768.1519045460526,0.37925013551776504,0.15196663124788953,0.6930309939827702,0.5939558224953926
262.5,6308.339583400731,13826.59952942018,101700.52750392069,26.679627764937237,54.00853021454607,-769.1078478900682,0.3724275261349087,0.15312040214081205,0.6898920214058123,0.6015819803034913
262.6,6311.006608553673,13832.000309305897,101618.6621841544,26.69219931757261,54.01006922895729,-770.0637910815251,0.36580554119644354,0.15443392793181815,0.6860407254998363,0.6096594056431716
262.7,6313.677445710915,13837.401513593535,101536.79686438816,26.70496509167691,54.011697783182655,-771.0197342729814,0.35838453765169437,0.15571367960660576,0.6825666084009485,0.6175893443475033
262.8,6316.34996552235,13842.802905216138,101454.93154462188,26.71781659694597,54.01336586111568,-771.9756774644383,0.3508214903248003,0.1570576765591364,0.6796020588246725,0.6248185414993687
262.90000000000003,6319.022485333786,13848.20429683874,101372.98246356452,26.73066810221503,54.01503393904871,-772.9316195792661,0.3450303591549731,0.1583202014864276,0.6761584759743567,0.6314257521124098
263.0,6321.695341599132,13853.605802586366,101290.87288988887,26.74352365424248,54.016697875705724,-773.887561495249,0.3438287082077453,0.15930649402845526,0.6714892399670259,0.6367931068887763
263.1,6324.368726112751,13859.007383727632,101208.52991063865,26.756385559868612,54.01835907653976,-774.8435032403968,0.3425953726918557,0.16031236875355992,0.6668477284579948,0.6420611046350367
263.2,6327.0460125184245,13864.409430080617,101126.1869313885,26.76942525407804,54.020100523319606,-775.799444985544,0.3404805030549249,0.16128097264893648,0.6627479293713916,0.6471681829438243
263.3,6329.725021255583,13869.811681782394,101043.8439521383,26.78254342582351,54.021877391407095,-776.7553867306917,0.33821316731503576,0.16233328651865725,0.6593557259167475,0.651544153717599
263.40000000000003,6332.404029992741,13875.213933484169,100961.41721174362,26.795661597568976,54.023654259494585,-777.7113272342402,0.3359832821935601,0.16342595991186804,0.656031103017087,0.6557670177643211
263.5,6335.083377233978,13880.616292771327,100878.82998666319,26.80878392317653,54.02540755750412,-778.6672675127085,0.3337425367972704,0.1645333972672312,0.6527241675211293,0.6599210872897417
263.6,6337.763255942347,13886.01872313189,100796.0093684301,26.821912770540543,54.027145284573564,-779.623207609626,0.3314817890594683,0.16566358090493688,0.6494434565258601,0.6640019565177733
263.7,6340.447121644045,13891.42165657633,100713.18875019706,26.835202418533974,54.02895330342508,-780.579147706543,0.3283175564007013,0.1667611197415037,0.6467097313461744,0.6679557129659054
263.8,6343.132747241723,13896.824812086685,100630.36813196397,26.84856304542243,54.030792349723676,-781.5350878034607,0.3250062723941448,0.16795859662751764,0.6447578877165869,0.6711543033838216
263.90000000000003,6345.818372839402,13902.227967597037,100547.46375275163,26.86192367231089,54.032631396022275,-782.4910265043056,0.32174200390087043,0.16920227739600124,0.6428772111817335,0.6742118091468405
264.0,6348.504339061552,13907.631215286885,100464.39889782327,26.87528862766745,54.034425429940804,-783.4469649556047,0.31847298294011994,0.17046315903325712,0.6410077722337694,0.677219540832605
264.1,6351.19084007995,13913.034523872651,100381.10066378853,26.88866037892003,54.03618972763722,-784.4029032156859,0.3151887363612925,0.17174910889606682,0.6391585699724691,0.6801724976027234
264.2,6353.881392616265,13918.438361995606,100297.80242975384,26.902108953293972,54.03797870681626,-785.3588414757664,0.31103583026526826,0.17299405193099948,0.6377523711982799,0.6830824864675286
264.3,6356.573733530311,13923.84243386121,100214.50419571908,26.915591438108986,54.03977858063154,-786.3147797358475,0.3068302476285831,0.17297945279555824,0.6373077411372736,0.6853992640331892
264.40000000000003,6359.266074444359,13929.246505726813,100131.12220088842,26.929073922924,54.04157845444682,-787.2707164568328,0.3026700952492908,0.17303335837351655,0.6369345517936296,0.6875788297084311
264.5,6361.958758279081,13934.650642389046,100047.5797398279,26.9425612640362,54.043311478000575,-788.2266529050854,0.2985023379934081,0.17309430827797972,0.6365667589336581,0.6897227530500462
264.6,6364.651980515195,13940.05482185744,99963.80391451404,26.956056229760595,54.04500033872129,-789.182589151217,0.2943156177733616,0.17315897742724473,0.6362154140022324,0.6918267360090988
264.7,6367.349251053091,13945.459520927157,99880.02808920022,26.969428141369157,54.04660714377274,-790.1385253973481,0.289361595993481,0.17324368838548218,0.6360952074080869,0.6940024339374916
264.8,6370.048308549093,13950.86444935374,99796.25226388636,26.98274573574527,54.048177728687754,-791.0944616434797,0.28431209418325837,0.17356497524749492,0.6367493658046441,0.6954078498376691
264.90000000000003,6372.747366045093,13956.269377780325,99712.3926779783,26.99606333012138,54.04974831360278,-792.0503962023893,0.279299676921184,0.17396032918989945,0.6374785224617179,0.6966711044243826
265.0,6375.446769034219,13961.674330210519,99628.37263521703,27.009386357063182,54.051229328312125,-793.0063304612863,0.2742688582724815,0.17436185258425732,0.6382075259080419,0.6979009181965813
265.1,6378.146714463605,13967.079298498062,99544.11924287953,27.0227179133855,54.05265117086646,-793.9622644948428,0.2692066072260246,0.1747660707538986,0.6389482307916003,0.6990921123195284
265.2,6380.850571206058,13972.48470531802,99459.86585054206,27.035593266924295,54.05381437945668,-794.9181985283986,0.26356799180751744,0.1752192928657988,0.6396542234322503,0.7004802549304633
265.3,6383.556154438517,13977.890305710276,99375.61245820456,27.04826724830683,54.054863424607056,-795.874132561955,0.2547023741752391,0.17610832214380912,0.6416564484919479,0.7017047538458673
265.40000000000003,6386.261737670978,13983.295906102534,99291.27530549571,27.060941229689362,54.05591246975744,-796.830064727936,0.2358022383663935,0.17752616210228594,0.64536569043372,0.7045458762647322
265.5,6388.967668858917,13988.701479412697,99206.77770417859,27.07362105312127,54.05685037789107,-797.7859965593635,0.23017852465194846,0.17832996324402672,0.6468114901208958,0.7048767035773155
265.6,6391.674146353125,13994.10703483181,99122.04676618065,27.086310048842094,54.057714866334145,-798.7419281323355,0.22966772949968534,0.17891538837986212,0.6474670143039035,0.7042928959003711
265.7,6394.384207343033,13999.512846819112,99037.31582818275,27.098130169159944,54.05810308232062,-799.6978597053069,0.229239246791683,0.17956289326650784,0.6478021368044056,0.7039594637788377
265.8,6397.095850121312,14004.918772058008,98952.58489018481,27.109566759784983,54.05828106721026,-800.6537912782787,0.22897560618124724,0.18041233851114466,0.6484932115348845,0.7031913782748207
265.90000000000003,6399.80749289959,14010.324697296903,98867.77019207491,27.12100335041002,54.058459052099906,-801.6097206302677,0.22877251738778923,0.18140047339415216,0.6494217736752173,0.7021455429018731
266.0,6402.519487128628,14015.730535658437,98782.79505688102,27.132446282861338,54.05850875735745,-802.5656495932652,0.228617024837098,0.1824721755740585,0.6505678815402074,0.700856328076012
266.1,6405.232033151686,14021.136316626777,98697.58660304251,27.143899172274523,54.05847371811521,-803.5215782812992,0.22853097992237112,0.18365650264175443,0.6520364966561992,0.6992083289559917
266.2,6407.947639335724,14026.542069360834,98612.37814920404,27.106513037856207,54.05778798519612,-804.4775069693326,0.22855735787400927,0.18493940973608486,0.6531429609492744,0.6978275012139713
266.3,6410.6645963033125,14031.947809632022,98527.16969536553,27.047906425205603,54.05681503002958,-805.4334356573664,0.22872356274425648,0.18639269631918562,0.6544405672413582,0.6961686854155732
266.40000000000003,6413.381553270901,14037.353549903211,98441.87748170999,26.98922604646127,54.055842074863044,-806.3893618436871,0.22890008942453774,0.18792610847606883,0.6557848280004202,0.6944312681460555
266.5,6416.098864901331,14042.759135701737,98356.42484102074,26.930843597002642,54.05472809861263,-807.3452875961954,0.2291703111769165,0.18961308176649805,0.6575287343147019,0.6922310389231278
266.6,6418.816733368898,14048.164619452047,98270.73889740084,26.872287111926212,54.053520960563894,-808.3012130548619,0.22944786601402858,0.19133534410552258,0.6593622724021675,0.6899172824406414
266.7,6421.537021431747,14053.569729152507,98185.05295378096,26.81255161198171,54.05161732522293,-809.2571385135278,0.22991329285502146,0.1932757305190201,0.6612637740470683,0.6873969674750741
266.8,6424.258377526482,14058.974673743882,98099.36701016106,26.752384194507407,54.04940624949221,-810.2130639721945,0.23043219172069532,0.19527932041331383,0.663082818134664,0.6849001155878887
266.90000000000003,6426.979733621217,14064.379618335259,98013.59730705358,26.6920904719707,54.047195173761494,-811.1689866570003,0.23113911167637033,0.1976050781658194,0.6656009126793024,0.6815441065529205
267.0,6429.701448063498,14069.784336095365,97927.66718648002,26.632018712214805,54.044835945487094,-812.1249088623085,0.2318701252800204,0.1999985435879269,0.6682497480573109,0.6779963877386636
267.1,6432.423725128074,14075.188904005478,97841.50377792433,26.571911397087188,54.04237884420664,-813.0808307473118,0.2325951664390436,0.20241942653379227,0.6709419481791175,0.6743610060527928
267.2,6435.14780175498,14080.592763906323,97755.3403693687,26.511098577401704,54.03932469220653,-814.0367526323145,0.23334924504548918,0.2048820249828165,0.6735402004256452,0.6707570976786026
267.3,6437.872672725456,14085.99631128529,97669.17696081301,26.450001481361138,54.036006996459726,-814.9926745173176,0.2341169585769109,0.2073734400826675,0.6761004953694302,0.6671383861060526
267.40000000000003,6440.5975436959325,14091.399858664254,97582.92979313456,26.38977425213524,54.03268930071293,-815.9485933426016,0.23517825535378076,0.21032232108502513,0.6797056268452836,0.6621600790571867
267.5,6443.322777084149,14096.803105684172,97496.52221608255,26.329226327272718,54.02922558369659,-816.9045116347622,0.23627903908416,0.21336836007546703,0.6834979952445452,0.6568688218395357
267.6,6446.048579485054,14102.206154279944,97409.88136367321,26.269497629950042,54.0256654016433,-817.8604295582267,0.23737334095216125,0.21645334521762624,0.6873413210947297,0.6514320798556515
267.7,6448.775707483668,14107.608238547153,97323.2405112639,26.209670565648082,54.0216952827184,-818.8163474816905,0.2384108624572617,0.219511925280848,0.6913744339182665,0.645736918137779
267.8,6451.503420613458,14113.00989715076,97236.59965885454,26.14947479958449,54.017544213841504,-819.7722654051549,0.23942076999624715,0.22256982054293317,0.6954931304994169,0.6398669199966598
267.90000000000003,6454.231133743247,14118.411555754366,97149.8750477413,26.090025648552732,54.01339314496462,-820.7281797614602,0.24074686055224573,0.2261002490278736,0.7006758056645047,0.632434219409551
268.0,6456.959213691329,14123.812843305179,97062.99003446368,25.913830065303205,54.00910839781532,-821.6840934984959,0.24210949705280013,0.22973365999464504,0.7060459123026597,0.6245835465516284
268.1,6459.687869561176,14129.213885729916,96975.8717570546,25.665935649787855,54.00473533969924,-822.6400068139799,0.24251740870624555,0.23346672735989873,0.7116359918521664,0.6166464212097965
268.2,6462.417578860794,14134.613813492278,96888.75347964557,25.420752947334385,54.00015563570281,-823.5959201294633,0.2425800048299884,0.23711539097513917,0.7176292068229889,0.6082265648045944
268.3,6465.147753154124,14140.013249232292,96801.63520223649,25.18247640202519,53.99548471629075,-824.5518334449472,0.24255560281679575,0.2407282877479254,0.7237758323596726,0.5994707795315763
268.40000000000003,6467.877927447454,14145.412684972307,96714.43316661098,24.943347613683358,53.99081379687869,-825.5077425863466,0.2428290735939395,0.2447971382382707,0.7309352420568521,0.588932996228903
268.5,6470.608473270582,14150.811684753431,96627.0707353901,24.707562900398266,53.98602301376071,-826.4636510135412,0.24305849462549634,0.24896290234488186,0.7382626252228109,0.5778480229658346
268.6,6473.339602412757,14156.210396530008,96539.47505024326,24.479139314295438,53.981153045898914,-827.4195589855491,0.24316171546939794,0.253167583977282,0.745623933804434,0.5664128387413957
268.7,6476.071717445462,14161.607949655501,96451.8793650965,24.251891545392823,53.97629147375351,-828.3754669575567,0.24308262314300264,0.2572457928870757,0.7532639628557571,0.5543724764367883
268.8,6478.804267659429,14167.004991341622,96364.28367994966,24.027977312282005,53.97143360755549,-829.3313749295646,0.24289751868145165,0.2612716388026888,0.7609604396815249,0.5419198606947815
268.90000000000003,6481.536817873395,14172.402033027742,96276.60423698057,23.80986813285451,53.96657574135747,-830.28727836909,0.24333908470373994,0.2660899566318187,0.7686847969607143,0.5283047489439107
269.0,6484.269744635621,14177.798583789154,96188.76440268279,23.593634590339907,53.96161137671096,-831.2431810344657,0.24370556082688408,0.2709947435395642,0.7765271756597368,0.5139795657979915
269.1,6487.003262596106,14183.194810234327,96100.69132107055,23.38101497056003,53.95657665671967,-832.1990832106067,0.24391292877686624,0.27593514849545747,0.7843567169708778,0.4991500952047866
269.2,6489.737951310524,14188.589965250909,96012.61823945836,23.173847688148904,53.951897420444304,-833.1549853867471,0.24400659183246798,0.28083533220608464,0.7921669974997776,0.48380135117544776
269.3,6492.473156806631,14193.984647328942,95924.54515784614,22.968498560801308,53.947375097991,-834.1108875628879,0.24400317234295948,0.28571034224327485,0.7998920008718297,0.46797952857263275
269.40000000000003,6495.208362302738,14199.379329406973,95836.38831909226,22.76731361494586,53.9428527755377,-835.0667845887131,0.2441491628770549,0.29083086200987046,0.8082494437884067,0.4500460338507163
269.5,6497.943949593872,14204.773472463443,95748.07108947528,22.570451302083363,53.93824101020149,-836.0226807329545,0.2441509309111041,0.2959630445390825,0.8165866008484022,0.4312569101095666
269.6,6500.680136320938,14210.167259429778,95659.5206131239,22.376296668253985,53.933570156822626,-836.9785763143044,0.24392963961861433,0.3010696196995322,0.8247787872193424,0.41181958083911285
269.7,6503.418073170961,14215.560269634785,95570.97013677254,22.186431959742304,53.92978333324,-837.9344718956537,0.24371456319284696,0.3062819213439092,0.8325233347854505,0.39204526955865193
269.8,6506.156782541556,14220.952936970114,95482.41966042113,22.000535727559537,53.926386728640495,-838.8903674770036,0.24343343006355414,0.31151086898755276,0.8399150707293929,0.3718115350439673
269.90000000000003,6508.89549191215,14226.345604305443,95393.78542767078,21.81756471708194,53.92299012404097,-839.8462572503485,0.24316224574228598,0.3167672844531391,0.8474928792386114,0.3496947660254591
270.0,6511.634588440604,14231.737691236463,95304.99080137705,21.63849178954065,53.91951930534356,-840.8021460233449,0.24266929234834364,0.32193178269214073,0.8548397168602854,0.32668119064623474
270.1,6514.374292824887,14237.129394738944,95215.96292397605,21.462663718020334,53.915999459092056,-841.7580341389685,0.24188669343044247,0.3269878445774107,0.8618550304487916,0.30294501733816104
270.2,6517.115409196806,14242.520863336817,95126.93504657512,21.290404345779546,53.91325753456951,-842.7139222545916,0.24108777934119796,0.33212164817798523,0.8682355615302187,0.27881697071407646
270.3,6519.857915001421,14247.912210133043,95037.90716917413,21.122224412364396,53.9112163974681,-843.6698103702153,0.23913649434040748,0.3357404108460487,0.8699376621838925,0.2707407939589642
270.40000000000003,6522.601342492442,14253.303572837436,94948.79553619013,20.953473712444783,53.90958105301785,-844.625691523858,0.23706943169019778,0.33910912692156997,0.8709275886939434,0.26511925589879404
270.5,6525.346224500731,14258.69437352654,94859.5235045437,20.791864631331965,53.90831131003622,-845.5815714947291,0.2349483888836216,0.3425483353839763,0.8718708631314682,0.2594245372146703
270.6,6528.093020511048,14264.08488563147,94770.01821357192,20.628646036040372,53.9074853031982,-846.5374507372708,0.23273538352972573,0.34610264351966374,0.872769085059636,0.25361649308776824
270.7,6530.840886058886,14269.475532168915,94680.51292260019,20.468779462451188,53.90702386761095,-847.4933299798121,0.2519203871995306,0.34782693999289227,0.868799979076308,0.24645310849211532
270.8,6533.589931823341,14274.866347000392,94591.00763162841,20.3117139582913,53.90693613336175,-848.4492092223538,0.2812396132951143,0.3483880243813229,0.8617686425773752,0.2385054948038751
270.90000000000003,6536.340219555232,14280.257360598947,94501.41858616073,20.15455379661045,53.90720973784892,-849.4050802763134,0.296531854330398,0.35013788979511035,0.8578597820776922,0.23140637802536265
271.0,6539.092740183845,14285.648048504805,94411.66913314875,20.00101214832191,53.90785063529723,-850.3609499565268,0.2986059079595419,0.3533047973857067,0.8575063335122671,0.2251513265833686
271.1,6541.847281756447,14291.038581205526,94321.68640662538,19.848737195952676,53.90872973011318,-851.3168188436888,0.2958303311154624,0.3570103787046242,0.858516997252609,0.2190355453292008
271.2,6544.604136891465,14296.429621926329,94231.70368010206,19.697735701299276,53.91001389652668,-852.2726877308502,0.29828838854813444,0.35915718717597916,0.855907624990914,0.22237870770289236
271.3,6547.363310506944,14301.821184466882,94141.72095357868,19.54983471721176,53.911674324891024,-853.2285566180121,0.30010694531852977,0.3565329055784609,0.8422439804165566,0.27100772325422107
271.40000000000003,6550.122484122423,14307.212747007434,94051.65447359507,19.402383727722135,53.91333475325537,-854.1844164482766,0.30163702573671897,0.3536379867744595,0.8282806395059643,0.31290008187024126
271.5,6552.882060183001,14312.603891730147,93961.42757181948,19.254646845267718,53.91492940303472,-855.1402747596807,0.30381802598914426,0.3516171253986354,0.8166847297339929,0.3421783985434714
271.6,6555.646950376155,14317.995764137953,93870.96737393331,19.110990972464737,53.91692209445243,-856.096132195974,0.30623173919693847,0.3504215204594889,0.8081250505878865,0.3610550962382394
271.7,6558.413648907095,14323.38783690336,93780.50717604719,18.963857838741877,53.9190526122969,-857.0519896322667,0.30937151804126967,0.35047334202791436,0.802925284137642,0.36982250938134065
271.8,6561.180347438038,14328.779586253539,93690.04697816103,18.821075991428252,53.921125209631484,-858.0078470685598,0.3146671030216638,0.35298237432669155,0.8034660181485122,0.3617048733031115
271.90000000000003,6563.94711591395,14334.171204330332,93599.5030279396,18.676308060818386,53.92317329393332,-858.9636946034643,0.32023927494547016,0.35730424449871695,0.8080282284443716,0.34186381160142004
272.0,6566.720161241908,14339.564023549607,93508.79863784915,18.53240858230232,53.92536908522249,-859.9195404529357,0.3219311922925891,0.36298177350423433,0.8170934332797561,0.31138860098579957
272.1,6569.493844628537,14344.95663737905,93417.86092301676,18.390066282108577,53.92752635732781,-860.8753852545723,0.32447160624548116,0.3697053326699154,0.8284851915092191,0.26767224582656524
272.2,6572.26870626512,14350.349231843034,93326.92320818444,18.246345664245613,53.9295912862401,-861.8312300562083,0.3264725993509666,0.3765502840567037,0.840405008519313,0.21294353032081595
272.3,6575.047503062548,14355.742628531982,93235.98549335205,18.10483573903675,53.93151633450702,-862.7870748578448,0.3256164756957879,0.3823821149927367,0.8509351795176159,0.15384131157936368
272.40000000000003,6577.826299859974,14361.135688654516,93144.96402717105,17.962655922154475,53.93337471268825,-863.7429082439746,0.32117351880724254,0.3842646658033897,0.852281487659341,0.151011599637789
272.5,6580.607732728849,14366.529080517552,93053.78210083203,17.82173694674995,53.934967577941556,-864.6987396846711,0.31573812001051244,0.38619005454917954,0.8540066402950762,0.14778139149245176
272.6,6583.392540109592,14371.92252093818,92962.36681767763,17.681193682509324,53.93614591662476,-865.654569909027,0.30904805926093004,0.38808945923452215,0.8561647443918321,0.14442229453438837
272.7,6586.177347490333,14377.315544373912,92870.9515345233,17.542410424893145,53.9372299013791,-866.6104001333824,0.3023339763910028,0.38992920882777576,0.8582852277226738,0.141052638031295
272.8,6588.965216124527,14382.70925617781,92779.5362513689,17.40343537743,53.937649313297655,-867.5662303577385,0.2945049327192831,0.3919020296762447,0.8606432722929676,0.13774179320926344
272.90000000000003,6591.754608130964,14388.103310534509,92688.03721857701,17.265393252969883,53.9377380136864,-868.5220470849629,0.27451678487380843,0.3956159891956761,0.865996896578134,0.13482543911411773
273.0,6594.544411447475,14393.497364891206,92596.3777036568,17.12903573324613,53.93782671407514,-869.477861544302,0.26209008189400296,0.39838302468621123,0.8691581563212779,0.1310108923519631
273.1,6597.338354332636,14398.891048056661,92504.48479704741,16.99228828818052,53.936326516369036,-870.433674683468,0.2643907013619408,0.3996565981742753,0.8685289000130373,0.1266084926505735
273.2,6600.13274510895,14404.284162655145,92412.59189043805,16.85753798017593,53.93451637064899,-871.3894878226336,0.26680249313259774,0.4011142942865224,0.867736476514754,0.12229946812237096
273.3,6602.927492544065,14409.67729219895,92320.69898382865,16.72268187217066,53.932456018352276,-872.3453009617997,0.26952945851712246,0.40305788646908436,0.8665651944441766,0.11816503257930468
273.40000000000003,6605.725279435494,14415.070549107188,92228.72232949594,16.58888683883458,53.92826339858399,-873.3010988212238,0.2701098446635869,0.405899323918425,0.8656021774073607,0.11410206451249968
273.5,6608.523477731353,14420.463806015421,92136.58516995254,16.455273997553473,53.9240707788157,-874.2568941275212,0.2681676473789892,0.40552209763589425,0.857776948115754,0.1669031111436375
273.6,6611.32232195128,14425.855999507858,92044.21458205505,16.325422563203578,53.91973243521786,-875.2126879914629,0.26581757985812415,0.4044793919189774,0.8486829649464779,0.21324788571256598
273.7,6614.121807300858,14431.247273639088,91951.84399415762,16.197317192266766,53.914426050899046,-876.168481855404,0.2638252403837871,0.4039302191346768,0.8403171243023237,0.24719172965639905
273.8,6616.922542289203,14436.638125115174,91859.47340626015,16.071882176969606,53.907420477793856,-877.1242757193457,0.26280711777369087,0.4048346107516368,0.834220947661817,0.26667727174859884
273.90000000000003,6619.723277277549,14442.02897659126,91767.01907266871,15.948253033604514,53.90041490468867,-878.0800527644768,0.26034128225766356,0.40793336486554943,0.8322224540575418,0.2705893078899251
274.0,6622.52467757469,14447.419091492799,91674.40421295188,15.827176011574384,53.892235639159516,-879.035826968894,0.25893054930478376,0.4133575396903132,0.8345686625685196,0.25609697865552106
274.1,6625.326868074502,14452.807678598652,91581.55589159387,15.707562949628045,53.88336534606841,-879.9915994745642,0.25857324914535545,0.4205565930062416,0.840214325576853,0.22430317429949637
274.2,6628.129058574314,14458.19553614861,91488.70757023593,15.590629382399257,53.87448429715971,-880.9473719802338,0.2586457521853236,0.4285933805126605,0.8473779298056133,0.17708961893790026
274.3,6630.930832813052,14463.581894453273,91395.85924887792,15.474970509847793,53.864353691312665,-881.903144485904,0.2583912198283348,0.4362339884670278,0.853861194247947,0.11770703368636781
274.40000000000003,6633.7325761262755,14468.96814137368,91302.9271845191,15.361499163053493,53.85413025144325,-882.8588971677743,0.2543274592001813,0.44269527073602855,0.8574787487330268,0.06378586235191556
274.5,6636.534501511992,14474.35395782634,91209.83457851602,15.24991913786031,53.84373328152922,-883.8146464863844,0.2486242962476031,0.4471277769251337,0.8572779586879773,0.057768607090237914
274.6,6639.33630018466,14479.737241164286,91116.50848590925,15.139910345535394,53.83292782962384,-884.7703937479465,0.24275080312076644,0.4512378538717887,0.857196750185128,0.05167376790461769
274.7,6642.1380988573255,14485.119820976173,91023.18239330253,15.031901008474145,53.82224351421535,-885.726141009508,0.2368681759273489,0.455299499589244,0.8570400498617023,0.045587123617146785
274.8,6644.939275934735,14490.501351354034,90929.85630069576,14.925486950394447,53.81148828103587,-886.6818882710701,0.23085860486123647,0.45907437383662636,0.8569688307428118,0.039489833923824234
274.90000000000003,6647.739885188996,14495.881923080868,90836.44646767926,14.820969592889888,53.80066826494267,-887.6376124520206,0.22215654549605876,0.4630471619724385,0.8574074828157332,0.03295760146182031
275.0,6650.540895346197,14501.262494807697,90742.87608572937,14.717897587866172,53.78984824884947,-888.5933327624531,0.213083758214209,0.46700647060083983,0.8577888002878785,0.026431846377761813
275.1,6653.341684412901,14506.64057811918,90649.07220515687,14.617779534521901,53.78000056112229,-889.5490508432902,0.20390575977573286,0.4706230260725246,0.8582191206053296,0.019908528022832755
275.2,6656.142284857984,14512.017712237475,90555.26832458445,14.518219336953749,53.77057291361007,-890.5047689241266,0.195848637046114,0.47402058647412726,0.8584294685092627,0.006829535914591345
275.3,6658.9428298482935,14517.39465785746,90461.46444401196,14.421465176226334,53.76132227907663,-891.4604870049636,0.19479133953962585,0.47659609871759295,0.8571959092874715,0.011298930407504374
275.40000000000003,6661.742945398232,14522.770143751291,90367.5768259035,14.326145056156886,53.75344242854005,-892.4161796121434,0.19028162920695205,0.4795548979744735,0.8562462739953476,0.025735572348880256
275.5,6664.543454814818,14528.145629645118,90273.5286628939,14.233163817541609,53.74556257800347,-893.3718679544797,0.18212301794229935,0.4827833542851311,0.8557666918356766,0.037613937648283254
275.6,6667.344801944736,14533.520054992161,90179.2470069552,14.141670760942402,53.73948313103592,-894.327553861536,0.17406923136024124,0.48611281054775884,0.8551366793969862,0.04621144517226621
275.7,6670.146464368971,14538.89342385055,90084.96535101654,14.139413317771654,53.73539786257755,-895.2832397685918,0.1511116923255905,0.49089810232456665,0.8565557030170652,0.04996636073976598
275.8,6672.948126793206,14544.26679270894,89990.68369507784,14.149470469509257,53.73131259411917,-896.238925675648,0.11909136185302267,0.4960998406271046,0.8587011422121072,0.04831711938202008
275.90000000000003,6675.750977535146,14549.639914220035,89896.31830486648,14.160486778511261,53.72924892155255,-897.1945839178032,0.09564972924534121,0.50107379851083,0.8590755300406446,0.04201679933796055
276.0,6678.554708423244,14555.012932789949,89801.79238859209,14.171902270278427,53.72802659822872,-898.1502374786676,0.10737557792363703,0.5043772188152523,0.8561698496275547,0.03236193743406748
276.1,6681.360689038317,14560.38592959361,89707.03300824157,14.184250610789313,53.729017610473036,-899.1058882136632,0.1457794380841738,0.5058183409572321,0.8495313595999581,0.034534481889592746
276.2,6684.167615779014,14565.758871300919,89612.27362789112,14.197226484996115,53.731626232429655,-900.0615389486584,0.1715476597001075,0.5078980336873713,0.8437005875503013,0.027933964902855525
276.3,6686.976565633256,14571.132286870772,89517.51424754059,14.21094093715309,53.73597390164636,-901.017189683654,0.179784463380146,0.5115219726107596,0.8401680906374587,0.011848955148747786
276.40000000000003,6689.787083241489,14576.506094990402,89422.67113661935,14.225232346544967,53.7416873547849,-901.972809048997,0.187338542746161,0.5151353394835111,0.835891732195601,0.028720453756694696
276.5,6692.600164841982,14581.880618148674,89327.66753611711,14.240080569123819,53.74877689166812,-902.9284230507577,0.18685108432202346,0.5188982226264434,0.8318519648367829,0.062077495439054164
276.6,6695.416095773482,14587.255917116761,89232.43052799629,14.255493152930029,53.757247840560396,-903.8840336458968,0.18614772244807687,0.522045021884321,0.8268990570926061,0.09516286004819025
276.7,6698.234164338531,14592.63205262785,89137.19351987552,14.271264083926702,53.766652139760716,-904.8396442410353,0.1851948838533036,0.5244555102974784,0.8211633331171838,0.12782821698298827
276.8,6701.05517657559,14598.00959493458,89041.9565117547,14.287582873400819,53.77754871205857,-905.7952548361744,0.1839896040213482,0.5261005581861962,0.8147508568220481,0.15983450690003995
276.90000000000003,6703.87849030295,14603.388300596276,88946.63577736473,14.304168879594329,53.78926499035832,-906.7508286200219,0.18866802442647884,0.5269037354918895,0.8071415218819162,0.1878813288697065
277.0,6706.706458191491,14608.768440241487,88851.15460884517,14.320977763184755,53.801457304162675,-907.7063961731458,0.20102005106007648,0.5260738893659921,0.7980374148662059,0.2144142870071987
277.1,6709.535002729437,14614.148579886703,88755.44011881437,14.337786646775193,53.81364961796703,-908.6619599597933,0.21309452171333912,0.5251928230389352,0.7890135511758488,0.2371093408219783
277.2,6712.36674272445,14619.529798392045,88659.72562878362,14.354535147777087,53.82571021014702,-909.6175237464403,0.2247683290811477,0.5239600147725748,0.7803311006051712,0.25696006419269585
277.3,6715.202395901967,14624.913328992494,88564.01113875282,14.371433735038703,53.83845992387099,-910.5730875330877,0.23498382882516888,0.5224068754574586,0.7721811109063299,0.2749727052361842
277.40000000000003,6718.038469906813,14630.297951792392,88468.21292724225,14.388501236100275,53.851928504849546,-911.5286110535397,0.24408400635149277,0.521353022794601,0.7645238236707711,0.29002990622720337
277.5,6720.880491173431,14635.684387232437,88372.25436310007,14.404942424780202,53.86405105175527,-912.484127760418,0.2482212335041399,0.5205572044671228,0.7580115347238142,0.3046718387719897
277.6,6723.723075034808,14641.070822672486,88276.0626043402,14.42138361346014,53.876173598661,-913.439640354372,0.24011883567382308,0.5212878664601778,0.7538145014567906,0.3199462492818032
277.7,6726.569177414816,14646.458265621368,88179.87084558039,14.436944060763711,53.88641219496978,-914.3951529483255,0.20701159172574066,0.5249321228412993,0.7537272735952341,0.3368793023312616
277.8,6729.416856660272,14651.847530777146,88083.67908682051,14.452288111869919,53.89646847249398,-915.3506655422796,0.17128130766542052,0.5284132636273027,0.7533572249328595,0.35198725560540833
277.90000000000003,6732.265667930414,14657.238329965208,87987.40361174934,14.467235059667148,53.9059506139348,-916.3061352720963,0.1664441437364372,0.5295919840905178,0.749115851061416,0.36146108931867565
278.0,6735.117338614783,14662.629598839398,87890.96787129606,14.480921451038034,53.91274675167032,-917.2615976533646,0.165037996770323,0.5307619113738666,0.7441857409314473,0.370461652605383
278.1,6737.969561835571,14668.020867713587,87794.29907206466,14.494607842408927,53.919542889405854,-918.2170553080226,0.1636309341326091,0.5318589973442902,0.7392473121728091,0.37929452379924133
278.2,6740.823280578478,14673.411961765541,87697.63027283334,14.50663642231208,53.92281744434673,-919.17251296268,0.1623568518419398,0.533311225092705,0.7338016437859491,0.3882712163258199
278.3,6743.67718825215,14678.804454543839,87600.96147360194,14.518185053088228,53.92528131902779,-920.127970617338,0.1612787316519409,0.5353411040296109,0.7286474871238826,0.3955653075803664
278.40000000000003,6746.531236151288,14684.198101426455,87504.20896371658,14.528984747314638,53.92635758695615,-921.0833810579642,0.16038823756346063,0.5385422896855719,0.7240542484348819,0.3999915759049267
278.5,6749.3851544228755,14689.590844312728,87407.29629595662,14.538832091754207,53.92541786676366,-922.038783301167,0.15955454449863843,0.5420675481947443,0.7194625441179006,0.40383012286773307
278.6,6752.2392096309495,14694.983017785977,87310.15073695571,14.54821991404467,53.92350552570117,-922.9941799613993,0.1589706907052173,0.54650628995924,0.7159656294370818,0.4042924832302183
278.7,6755.0922641492725,14700.374015805948,87213.00517795487,14.556872121316852,53.920036428957864,-923.9495766216309,0.1587638947464229,0.5523236005363864,0.7142403778632128,0.3994913624163653
278.8,6757.944171174014,14705.764960916744,87115.85961895397,14.565185156030957,53.91593685452539,-924.9049732818629,0.1586653531466634,0.5586216688487727,0.7134607280284905,0.39209810808586276
278.90000000000003,6760.795251345793,14711.156574161996,87018.63035573067,14.573342315316847,53.911621822527515,-925.86031539233,0.15858791406555664,0.5654449072549993,0.7133447772848319,0.38244105309468857
279.0,6763.644228926296,14716.546676907374,86921.24105134066,14.58127396776261,53.90687119530901,-926.815648100609,0.15847563935001407,0.5722695428510649,0.7140505023815955,0.37084352779336555
279.1,6766.493743028463,14721.93783176212,86823.61903752021,14.58926058565565,53.90230776322239,-927.7709746100751,0.15849446507461434,0.5796827447182249,0.7155369407370373,0.35616612199553527
279.2,6769.341252985043,14727.32757730096,86725.9970236998,14.597567272596658,53.898432493934195,-928.7263011195406,0.15849051826404523,0.5870662385652882,0.7176125034982259,0.33950888350705527
279.3,6772.187616790766,14732.717101207425,86628.37500987935,14.606086080103111,53.89504929699216,-929.6816276290066,0.1584697892136479,0.5944336318650668,0.7201058705747432,0.3209104522730278
279.40000000000003,6775.033546408411,14738.107087951441,86530.66929879414,14.614940247823784,53.892422826255554,-930.6368963732772,0.1585296844684626,0.602513392881605,0.7232934915663181,0.29781281973486434
279.5,6777.878037056158,14743.495553643443,86432.80366663558,14.625008850207747,53.892362207019815,-931.5921551347358,0.15846980177402034,0.6102324737139044,0.7261435217579107,0.27426125457258865
279.6,6780.72305950003,14748.88537094462,86334.70551205578,14.635134211743566,53.89248850926943,-932.5474072355211,0.15829920829427618,0.6175669405644899,0.7287190258889179,0.2500420282327108
279.7,6783.567853640188,14754.27505335993,86236.60735747604,14.64714079337604,53.896601186108484,-933.5026593363057,0.1582071460320419,0.6251230020158487,0.7310620222330025,0.22302477652422867
279.8,6786.412574263133,14759.666023046106,86138.50920289624,14.65979328971396,53.902117018629816,-934.457911437091,0.15808693990841677,0.632498327783777,0.7332480165847671,0.19313656038053348
279.90000000000003,6789.257895777223,14765.056944250176,86040.32735827514,14.67328978432517,53.90941910613189,-935.4131046869018,0.15780216284908652,0.6396582758426824,0.7344080609550332,0.16303547942207305
280.0,6792.104850346079,14770.447760775263,85941.98571296163,14.688608577865777,53.92057794386918,-936.368287544683,0.1562672092995179,0.641753399268225,0.7288283793058529,0.1803949205044942
280.1,6794.953930767121,14775.838974139375,85843.41173262864,14.70492937505271,53.93386761830349,-937.3234628073071,0.1683170278144122,0.6403180577630956,0.7193218872968896,0.21032875577500104
280.2,6797.804979542136,14781.234347100924,85744.8377522957,14.722497767608901,53.94970738900993,-938.2786380699307,0.20088622310738904,0.6401017464116173,0.7111567373082872,0.21016796755804054
280.3,6800.659009088633,14786.630888941907,85646.26377196271,14.74110156913986,53.9677538083834,-939.2338133325549,0.22520459810215226,0.6444042056703178,0.7082454169561091,0.18004037899516287
280.40000000000003,6803.515198225803,14792.028154756974,85547.60610918223,14.760455062400656,53.98740141035142,-940.1889263631671,0.2319752629638808,0.6529975677470449,0.709796229957961,0.12637628664724604
280.5,6806.376146360868,14797.42707723629,85448.80433808971,14.780613207523643,54.008775027263496,-941.1440281730457,0.23115790612146045,0.6606912098402308,0.7109965241495071,0.06735792696270848
280.6,6809.239369709873,14802.82859692077,85349.79486805982,14.800966435427334,54.03022486789167,-942.0991211052558,0.24305618656907668,0.6596428480998417,0.7081598632857793,0.06560953552871458
280.7,6812.108357837459,14808.23397969581,85250.78539802997,14.821554070778642,54.05188990769562,-943.0542140374653,0.2358709624037037,0.6603176204478949,0.710137792148535,0.06363839551076421
280.8,6814.9784179056,14813.639775295915,85151.77592800008,14.842206096342716,54.07369388366769,-944.0093069696752,0.23728600278941941,0.6597618606418078,0.7103964944891467,0.0612083388127066
280.90000000000003,6817.855424472246,14819.04813240567,85052.54989086578,14.86252047402273,54.094777592720405,-944.96433129597,0.23325043241295618,0.6600785561472623,0.7116343918173962,0.058881473116753305
281.0,6820.733635720718,14824.457139653572,84953.14518080537,14.882625324462587,54.115242926036295,-945.9193432722337,0.22876777516625282,0.6604194716480118,0.7129961405969779,0.056106416811790245
281.1,6823.617415068536,14829.87061290397,84853.7404707449,14.90114157276683,54.13110040544933,-946.8743455344209,0.21755827310380102,0.6603272293679273,0.7144659382770896,0.07857971112956881
281.2,6826.502393940459,14835.28448439164,84754.3357606845,14.919164376774528,54.14590453625621,-947.8293477966074,0.18595572985494896,0.6602665515347673,0.7159094706485912,0.1301621192749784
281.3,6829.391532947028,14840.69962945254,84654.78194938543,14.935609133004377,54.15734003064572,-948.7843500587945,0.1637311901699847,0.661597517745354,0.7186141384343525,0.13811061480190248
281.40000000000003,6832.282261517405,14846.115032822456,84554.99393406857,14.950887329809042,54.16629280614658,-949.7392848889726,0.16785203892618578,0.6627255473250359,0.7201695728521701,0.11822152210565057
281.5,6835.175140773966,14851.531783604063,84455.1941011895,14.963579613614531,54.168419715209666,-950.6942074044377,0.17215611193019706,0.6645461742011382,0.7217099593287137,0.08874339460182111
281.6,6838.068105385249,14856.94888413409,84355.39426831035,14.975792906057102,54.168980794368366,-951.6491197292145,0.17601923217401366,0.6664708485116476,0.7231705837251541,0.04310620400424079
281.7,6840.962146347964,14862.365481744037,84255.40702429495,14.985233534781543,54.16365868077969,-952.6040320539907,0.17665332730007144,0.6680109382210336,0.7224754588596679,0.024170223755284305
281.8,6843.855922531627,14867.781187585198,84155.26758884484,14.992727957490718,54.153562636192326,-953.5589443787676,0.17704751116809553,0.6695857645367581,0.721284885720691,0.007562826839097062
281.90000000000003,6846.748688470497,14873.195847821176,84055.04449551248,14.998501304288988,54.138772363317216,-954.5137948030787,0.1747227822047861,0.6717395938836079,0.7198873988924797,1.742195136549555e-05
282.0,6849.639669878339,14878.608953812141,83954.80958574053,15.003027790405943,54.12131473066166,-955.4686333569113,0.17229892967197544,0.6738519103554497,0.7184958951067608,-0.0005748555794425785
282.1,6852.528302013023,14884.019384217634,83854.57467596851,15.006032162275632,54.09915319492075,-956.4234604889008,0.16697995842054011,0.6763490155737257,0.7174039670567017,-0.0011183334178539238
282.2,6855.415744031792,14889.428577919165,83754.13027997292,15.00873011814587,54.07633855422259,-957.3782876208899,0.16158796202339654,0.6784637157475157,0.7162805965957034,0.02276892363952405
282.3,6858.300993181951,14894.834840143534,83653.5157659707,15.010742343221652,54.051088614567846,-958.3331147528795,0.15343844723651281,0.6806606883578353,0.7155217722255737,0.03444217915666305
282.40000000000003,6861.183456122746,14900.238456369801,83552.81760173202,15.012873965552126,54.0255590962836,-959.2878819275139,0.14522057683620893,0.6826674542120285,0.7151466625571864,0.0379655377460178
282.5,6864.064148906658,14905.640034711225,83452.10762213368,15.015413413846451,54.00047532858023,-960.2426370624908,0.13471594259312808,0.6849609724775768,0.7152931461281044,0.03218378622809395
282.6,6866.943168050082,14911.038703978493,83351.39764253529,15.018249689167698,53.97503275770292,-961.1973791552794,0.12582384004359254,0.6870462826596206,0.7154198877131999,0.01761110515310397
282.7,6869.820678926406,14916.435607261057,83250.47808650362,15.02303117036475,53.953677834424155,-962.1521212480674,0.11023308022021737,0.6895763123040344,0.7157745042875402,0.00019117075606411084
282.8,6872.698179647656,14921.828249025955,83149.38833920851,15.029145993173472,53.93376550681858,-963.106863340856,0.08066109205585435,0.6928097926176202,0.7165938602342813,-0.0012723820253453914
282.90000000000003,6875.575468410776,14927.2201586185,83048.2149490176,15.036426883505825,53.916209652592116,-964.0615479288427,0.09607449473035969,0.6937104284109185,0.7138174736007504,0.0003838730105367459
283.0,6878.45426508953,14932.612112979019,82947.02974450389,15.046674930216835,53.90494713052521,-965.0162206402617,0.1153566126318264,0.6949452776082367,0.7097462551434401,0.0020411668193037807
283.1,6881.333641047459,14938.003724551923,82845.84453999011,15.058026044055069,53.89593873569097,-965.9708796399108,0.13599404438171325,0.6956659279304925,0.7053659090872116,0.0036702734070970995
283.2,6884.2176462050265,14943.39131384953,82744.44955979584,15.071907198553667,53.89104690598654,-966.9255386395592,0.16702913201436756,0.6940982856334149,0.699269979514288,0.03674690040491176
283.3,6887.102842038845,14948.779187578275,82642.88422653497,15.086422376577863,53.88750678174703,-967.8801976392083,0.190835541807219,0.6926241397709288,0.6931767205060625,0.05796232516200591
283.40000000000003,6889.995070940874,14954.169825430394,82541.23525647157,15.103268193358767,53.8889645810437,-968.8348128820679,0.20417884583370008,0.6903624345667487,0.6877694888393315,0.0931871132441302
283.5,6892.887996973656,14959.559624748268,82439.57447294601,15.120239768334418,53.89053290644787,-969.789418196053,0.20781425349720375,0.6895500755699485,0.6843531430182473,0.11399431988447685
283.6,6895.787620993893,14964.947622970523,82337.91368942041,15.137786202427465,53.892692187488,-970.7440098195439,0.2124030240909439,0.692004265433065,0.6859204064092418,0.07435218928078949
283.7,6898.692591462379,14970.337690246653,82236.04282811309,15.155335006187075,53.894862461767595,-971.6986014430342,0.2113111362987152,0.6911692123823343,0.6858839786912724,0.08482859957325736
283.8,6901.602356033851,14975.72780425157,82134.00136841103,15.17233906157561,53.895709781402495,-972.6531930665251,0.20608793490657684,0.6904524353350067,0.6868617646637951,0.09499533603729338
283.90000000000003,6904.516520548244,14981.11724994693,82031.87627590098,15.18826904718116,53.89404360346024,-973.6077611286046,0.19725996831316508,0.6899328827172712,0.6886825487105679,0.10391087213589126
284.0,6907.435065016273,14986.50659037542,81929.73937049303,15.202306505555189,53.88826171152141,-974.5623217858863,0.16174625554850183,0.6926600496162763,0.6938826794990979,0.11219194076567579
284.1,6910.356096723457,14991.895016539649,81827.602465085,15.21444679005142,53.87836201834664,-975.5168675529935,0.12276949931046974,0.6952440775124609,0.6978828250653455,0.12051093395089083
284.2,6913.279614947599,14997.28195518809,81725.2551278858,15.2244505584125,53.86393771312478,-976.4714133201003,0.12128626740425988,0.6932720104162144,0.6958288377650935,0.14312857662633927
284.3,6916.204920439201,15002.667660608406,81622.73690481053,15.23192577036735,53.8441535775702,-977.4259590872075,0.11978725837854251,0.6913594630785045,0.6930265730542199,0.16549101057966414
284.40000000000003,6919.130482308846,15008.050579417366,81520.13505109044,15.236445771300833,53.818296811760185,-978.3804948744298,0.11906591587420158,0.6945528113202686,0.6943896084118686,0.14574900237655375
284.5,6922.055112291269,15013.43129747833,81417.52138477798,15.238412797790875,53.787128646312226,-979.3350248253938,0.11802480352724115,0.6970545995416484,0.6938818895065114,0.13679530118049277
284.6,6924.977812619222,15018.807123426324,81314.90771846545,15.23861520895257,53.75305117059964,-980.2895386085264,0.11674858319441163,0.6988543265468592,0.6921123102050973,0.13766970854692961
284.7,6927.898280933772,15024.17984407653,81212.08330427232,15.237288916331947,53.716014374904304,-981.2440523916584,0.11541656538106504,0.7008401409632016,0.6903900635878638,0.13734508855238953
284.8,6930.815373441957,15029.549942767571,81109.0877475156,15.234838097942456,53.67659034178488,-982.1985661747909,0.11402044960388663,0.7028154840680595,0.6890048625407604,0.13535890004537857
284.90000000000003,6933.729724513453,15034.917296702837,81006.00855993878,15.232444510356379,53.637776005163545,-983.1530907139664,0.11249652879123682,0.7047471334814701,0.6879837633485225,0.13173591092932016
285.0,6936.6399606079,15040.278199492011,80902.91755974483,15.231537288357982,53.60414709131567,-984.1076125499571,0.11090356509411392,0.7064311962278632,0.6873799645101198,0.12713830514660923
285.1,6939.547079346958,15045.63690936179,80799.82655955081,15.23184500650006,53.57305970610146,-985.062118963872,0.1091966954745342,0.707294794651145,0.6863815238275522,0.12919194597575995
285.2,6942.452341993576,15050.993792609308,80696.52463626498,15.234029225980644,53.54591540984454,-986.0166253777862,0.10772402465282116,0.7095679929960902,0.686736490700993,0.11533338704722035
285.3,6945.356233388743,15056.347557565856,80593.05142813132,15.240682183976297,53.530166343792885,-986.9711317917009,0.1063241360335768,0.7117313416220772,0.6866477472745224,0.10319179527644166
285.40000000000003,6948.260021085419,15061.700124627445,80489.49458564822,15.24987032604637,53.520884578519826,-987.9256798565991,0.10507932629402648,0.7151341967493381,0.6874946710655713,0.06994635860225004
285.5,6951.164463338914,15067.052309303734,80385.92593004947,15.263293295607406,53.52147641462838,-988.8802300810306,0.10594478239844737,0.7155777149478665,0.6848399492235108,0.08785488546503606
285.6,6954.070974276741,15072.404836266893,80282.35727445068,15.280948293265503,53.532811660956824,-989.8347667055533,0.14749337992715864,0.7119312607530394,0.6779696363001558,0.10842857139741907
285.7,6956.981865589556,15077.759051979923,80178.57774350281,15.302324424074317,53.553144679517224,-990.7893033300754,0.17737426804402287,0.7096917211403354,0.6721937502026004,0.1141559992697694
285.8,6959.898375490839,15083.115799599927,80074.6269664777,15.326862113590753,53.58167485556579,-991.7438399545981,0.20560457877142965,0.7066570542018052,0.66646464656437,0.11911103985306765
285.90000000000003,6962.820308590677,15088.475781354504,79970.59254765001,15.353420514917973,53.615762018133616,-992.698451899538,0.22951408195742487,0.7013080625885396,0.6593598052803463,0.1439963010365655
286.0,6965.747805874563,15093.83905664579,79866.54631465394,15.381153642370778,53.653544717714226,-993.653070740262,0.2356751145514046,0.697721024178236,0.6552301183555781,0.16827389815592553
286.1,6968.681319676292,15099.20655671056,79762.5000816578,15.409288711417735,53.69347251295602,-994.607675909995,0.22859510227668922,0.6956606274387287,0.6536049956541494,0.19131408809234016
286.2,6971.621315967603,15104.577574989398,79658.24333715191,15.436688318382867,53.73269462639337,-995.5622810797275,0.20721454011712478,0.6952805915829844,0.6542963200366194,0.21340890074830848
286.3,6974.566987452178,15109.953751152198,79553.81564203273,15.462717646369569,53.770477608440885,-996.5168862494604,0.2115311418076029,0.6909135866187992,0.6515359817706265,0.23107110665183703
286.40000000000003,6977.516631229578,15115.332904630997,79449.30429771986,15.486078449532762,53.803260045331406,-997.4715799205785,0.2226897009892727,0.6853672601193935,0.6478693335289074,0.24687313037783806
286.5,6980.468971925931,15120.712883060476,79344.78113819465,15.505292723080952,53.8272153983138,-998.426282571094,0.23149140696361062,0.6795024450249055,0.6446867861244125,0.26280620902817176
286.6,6983.422280125712,15126.098055088974,79240.25797866938,15.522243033854117,53.84778035935767,-999.3809723608631,0.23530863666905638,0.6755175331616031,0.6425725382391689,0.2746023324756802
286.7,6986.376020519735,15131.483811077896,79135.52490422231,15.534398701458294,53.858596091915345,-1000.3356621506315,0.2368419924719566,0.6729776127316525,0.6403275813795009,0.28458318975055136
286.8,6989.328264752179,15136.867809772308,79030.6213636346,15.54291028383086,53.861689823715615,-1001.2903519404005,0.23693933847166868,0.671223575486866,0.6378015906054576,0.2941560684677167
286.90000000000003,6992.276959817027,15142.255735859984,78925.63415999012,15.549112053990733,53.860731800168416,-1002.2451607064111,0.21381631539643772,0.6747728452569083,0.6395002915956411,0.30000594597987124
287.0,6995.2212410993525,15147.641835729195,78820.63513917518,15.553796516336089,53.85669415383335,-1003.1999839833749,0.1856103720391003,0.6787681390497011,0.6417567564753457,0.30491124728477365
287.1,6998.160728426148,15153.02484008964,78715.63611836017,15.558153595822146,53.85194236384682,-1004.154798881342,0.16916548927777889,0.6805810249728572,0.642523004166919,0.30879879339243244
287.2,7001.096592242514,15158.412145523122,78610.42789856289,15.563601106267871,53.849609586856296,-1005.1096137793083,0.1665438458840707,0.681723089735894,0.6438315044085059,0.3049553577987594
287.3,7004.02930854803,15163.797218928348,78505.04979401983,15.571391423550743,53.85220637166686,-1006.0644286772755,0.16386074012113788,0.6829196704995557,0.6454777812479513,0.3002146155785104
287.40000000000003,7006.959184220435,15169.18041271581,78399.58800928784,15.58302052162932,53.862872273218876,-1007.0193884319212,0.16142325186584103,0.6850040596771222,0.6479452833168629,0.2913398047132411
287.5,7009.888022305811,15174.569888470814,78294.11440496553,15.598183875554703,53.88008599442935,-1007.9743676486187,0.15796514150431454,0.6884598308116965,0.6520549711216204,0.2754893647018613
287.6,7012.817148434991,15179.958972624338,78188.64080064314,15.618120270798524,53.907424933250425,-1008.9293432182275,0.15304478734873148,0.6919302743717641,0.6559950486320838,0.25976967614289953
287.7,7015.750740244499,15185.350004689735,78082.95865682905,15.643863995453877,53.946743788410046,-1009.8843187878358,0.14710678376320988,0.6957008694633902,0.6596639665549735,0.2433173763373386
287.8,7018.689932026873,15190.749458386948,77977.1071638233,15.67193185617758,53.9880776420709,-1010.8392943574447,0.1463125912238962,0.6995248520024365,0.6637158132014426,0.22076894343785358
287.90000000000003,7021.634896320418,15196.15144639944,77871.17197198817,15.702646440532103,54.035093395724395,-1011.79442401109,0.13730041971884185,0.7039965838071862,0.6680668370549984,0.198050766118618
288.0,7024.586343984312,15201.556350966624,77765.2249579298,15.734838863839405,54.08529632988176,-1012.7495753831192,0.12290061304665006,0.7038456001402452,0.6687127720964874,0.2057183485034988
288.1,7027.544628076579,15206.965407924883,77659.27794387136,15.766505651427941,54.13280921946087,-1013.7047265887797,0.12287210910799076,0.6997130447284351,0.6667176475776566,0.22537009173520098
288.2,7030.511658254707,15212.381409846677,77553.12278838085,15.794108710563126,54.166321719500026,-1014.6598777944399,0.12187729247736805,0.6954785547173556,0.6653966621226491,0.24228658143339532
288.3,7033.48591228925,15217.80016011205,77446.79860695197,15.818036600524426,54.19198901690002,-1015.6150290001005,0.118195110302258,0.6932051450648301,0.6655852995887658,0.24998550303491177
288.40000000000003,7036.463977422657,15223.220406360326,77340.39070817459,15.8373206670903,54.207758427213825,-1016.570325753636,0.07638815858076581,0.69422445103245,0.6683328238445041,0.25602440780004576
288.5,7039.4440321691145,15228.640880024757,77233.97098455815,15.849703433889438,54.206118560227885,-1017.5256445085365,0.048717283980845676,0.6971636842543558,0.6716144119115222,0.24601525422453532
288.6,7042.424513077882,15234.060598200518,77127.55126094169,15.854774752946057,54.18372021133159,-1018.480968534365,0.047011223629742534,0.7005337674578954,0.6739833325212996,0.22975824900874595
288.7,7045.4035336694105,15239.478252009898,77020.92335680695,15.853097689581263,54.147009566644634,-1019.436292560193,0.045052234130168185,0.7047604614501453,0.6756116781366295,0.21173532662705627
288.8,7048.378593656641,15244.88984562939,76914.12639499303,15.845507225584235,54.09404785317467,-1020.3916165860217,0.042859507402111245,0.7092287303264727,0.6769994430085864,0.19190993947894305
288.90000000000003,7051.347918087178,15250.295823402275,76807.24569875089,15.83482911547615,54.03189913636244,-1021.3470545265827,0.040580614859470114,0.7134247979269173,0.6786212930379035,0.16985703410847813
289.0,7054.3112888497835,15255.698096030248,76700.35317525729,15.82430967119635,53.970053768123606,-1022.3025122958861,0.038291779288667435,0.7177096886650013,0.6810853876794468,0.13981858647845236
289.1,7057.269216160453,15261.090085115957,76593.46065176363,15.814063095936143,53.90472030293357,-1023.2579837201007,0.03598034872783829,0.7215604359678599,0.6837165307482826,0.10289634266011567
289.2,7060.224075641389,15266.477836127575,76486.35942913576,15.807452706985933,53.84621006318033,-1024.2134551443148,0.062163427869982794,0.7225633112451546,0.6834341731340681,0.08340084214469241
289.3,7063.177392590622,15271.862961087734,76379.08872767499,15.806235265034715,53.798901445155494,-1025.1689265685293,0.09263137833949829,0.7227706343536324,0.6842392179205068,0.02896084464420248
289.40000000000003,7066.1308236909645,15277.237770153173,76271.73428040306,15.811286771123934,53.7622833191661,-1026.124454100638,0.08989132070504503,0.7219821294944171,0.6858446979904003,0.016685484442063574
289.5,7069.087310474732,15282.613629334262,76164.36800427185,15.823074694458192,53.74002265011463,-1027.0799949308891,0.11433372918838278,0.7186093463379332,0.6857849524426344,0.015079944592065556
289.6,7072.049334459535,15287.989869712464,76057.00172814057,15.840321547645797,53.729236584810316,-1028.0355553857335,0.12037533419714772,0.715969075885806,0.6869684289642582,0.031183952580271276
289.7,7075.019857268862,15293.362530111996,75949.42582765582,15.860971692451972,53.72523041622325,-1028.9911158405773,0.12249048715287855,0.7138473248372521,0.6890460411213942,0.025172020075531962
289.8,7077.998739827449,15298.73442886914,75841.67969699294,15.883112120768825,53.72452480579034,-1029.9466762954216,0.12055198182113273,0.7124234619238696,0.6910740933363201,0.01834742757961678
289.90000000000003,7080.987057347959,15304.106920569624,75733.84981857134,15.90438411959557,53.72237220578643,-1030.90220941943,0.11882932438397377,0.7111027264170638,0.6929720513603562,0.001496723784365072
290.0,7083.982704585388,15309.478621601113,75626.00811101533,15.922310531385651,53.71388903541467,-1031.857745847831,0.11445397151864344,0.7100309238870866,0.6948059605482632,0.0010260186475799793
290.1,7086.98391076478,15314.847657938903,75518.16640345925,15.934631886932824,53.69543599542469,-1032.8133084449678,0.09691494021886171,0.7101526485998833,0.6971929226146956,0.01458556495047086
290.2,7089.988472654663,15320.215710146815,75410.11411655483,15.939870025878001,53.66270436829988,-1033.7688710421041,0.09389245721504941,0.7092291436635046,0.698342801007714,0.02226118903276312
290.3,7092.993375626204,15325.580589350246,75301.89082394721,15.938178917779053,53.61731416756651,-1034.724433639241,0.08998873269078787,0.7086483433617601,0.6996468802799091,0.014621776702209245
290.40000000000003,7095.994285042147,15330.939042699165,75193.58379360693,15.930451855380278,53.56229784399179,-1035.679861445844,0.08527007818606129,0.7082340687640876,0.7008025870154782,-0.0030416509368418297
290.5,7098.989156140431,15336.293327454508,75085.26493554842,15.918510514854379,53.499147618795995,-1036.6352789247885,0.07762178485804191,0.7080075173308538,0.7019143370950552,-0.004059223923605072
290.6,7101.976609837313,15341.640337666822,74976.94607748986,15.907555143771587,53.443421600002914,-1037.590728220284,0.043764677263967024,0.708931905560202,0.7039176971851798,0.00028616826343194027
290.7,7104.957013291575,15346.982418097243,74868.45177726472,15.89958159693996,53.39661414131349,-1038.5461775157792,0.027030919943845842,0.7085129543236041,0.7051782392903215,0.001540699201689131
290.8,7107.9316687401715,15352.320473957521,74759.81500527634,15.898967738225426,53.36917204476426,-1039.5016268112745,0.024578603036309814,0.7072905824806707,0.7064828231886885,0.004236123968598348
290.90000000000003,7110.90302244421,15357.656777386912,74651.09451988986,15.908665939494739,53.367252877660306,-1040.4568169045579,0.028363623523597416,0.7058894525114214,0.7077523382160732,0.0014877645709239758
291.0,7113.874915828965,15362.99473943724,74542.30160836532,15.929292566615059,53.39308046178958,-1041.4119802788884,0.06859501553409694,0.7027544449326336,0.7080156230300246,0.012032934667360568
291.1,7116.851017115206,15368.33648811864,74433.31622208681,15.96042719350807,53.444431812166556,-1042.367179785101,0.07611645428039183,0.6993336095519624,0.7083560425670693,0.058056049620384256
291.2,7119.8342926156,15373.684860430685,74324.33083580836,16.000092730705354,53.51722119414266,-1043.3223792913127,0.07789595013655672,0.6960244805274314,0.7089984912577175,0.08248201533136151
291.3,7122.826395169809,15379.040393413865,74215.34544952985,16.044615647746365,53.60284115198575,-1044.277578797525,0.07943934603027457,0.6955376064008035,0.7125053833341642,0.04746479858125403
291.40000000000003,7125.828896599876,15384.404738809757,74106.04256144648,16.09016434570046,53.69251068103063,-1045.2323902330254,0.07625432899931153,0.6939616980298158,0.714827556389272,0.040298928062438504
291.5,7128.841519117295,15389.778299726458,73996.70945925414,16.13195097689835,53.776229945695626,-1046.1871565104404,0.06494264674798937,0.6923804888394238,0.716703489197599,0.05222853511092896
291.6,7131.860655707678,15395.158800330246,73887.37635706176,16.165962137269158,53.84431424411,-1047.1419580547708,0.05000849363525286,0.6896353147451972,0.7164191056868473,0.0929835911733009
291.7,7134.882430336968,15400.544549892224,73777.88896066353,16.18980244667406,53.89176306875698,-1048.0967595991006,0.011551011119083871,0.6908838938562373,0.7191506186894346,0.07326941374662302
291.8,7137.9029939768025,15405.935542398258,73668.30484010624,16.203891884491473,53.91898738338519,-1049.051561143431,0.03858421759701562,0.6912979929816052,0.7205021742628142,0.03866471174841703
291.90000000000003,7140.917584889595,15411.32781360475,73558.63710383805,16.20799466981742,53.924843283447224,-1050.0058375164963,0.044317106389872074,0.6907145476779019,0.7207750288989583,0.03785188797201967
292.0,7143.9238281659345,15416.720444029346,73448.90277924544,16.206989085205723,53.919077996225994,-1050.9600477439262,0.04842219299875803,0.6893634615143848,0.7203809167974573,0.05903087216153346
292.1,7146.920780689431,15422.112189902775,73339.04201645216,16.205594926206953,53.911109639593036,-1051.9142873123023,0.06140760852130301,0.6885037279448891,0.720802374372647,0.051338672756890025
292.2,7149.908935524482,15427.503091394583,73229.09023238588,16.20901598561717,53.91122745734774,-1052.8685268806778,0.10572697291501067,0.6858487237200249,0.7199880890591975,0.007105419250579256
292.3,7152.892287456737,15432.894847463967,73119.0813960466,16.220223931046775,53.92501069137501,-1053.822766449054,0.12603463161927708,0.6833218925485386,0.7190708857416198,0.011114138528867798
292.40000000000003,7155.874990072226,15438.289264357756,73008.91289596667,16.24315210911787,53.95932122566796,-1054.7763620560902,0.11282201516948649,0.6829248420195064,0.7206371147824542,0.03958537411403633
292.5,7158.862151508059,15443.687560867604,72898.60646819577,16.276297484471403,54.01243773545633,-1055.729871955988,0.15020793588635514,0.6781372042073686,0.71752759528177,0.05216951481214656
292.6,7161.857786026083,15449.091439553975,72788.2741069312,16.31479626347416,54.07062078063036,-1056.6834010331395,0.17902524391189648,0.6749338757490344,0.7156497124155953,0.016115660959095276
292.7,7164.864224109804,15454.50125080792,72677.8903099211,16.355698404465585,54.13132952585696,-1057.63693011029,0.182033710835924,0.6740324443720379,0.715908676463895,0.004331168072581122
292.8,7167.882786630111,15459.916780867296,72567.36582091256,16.39094209998021,54.17281599758486,-1058.5904591874412,0.1557455998722126,0.6767826724364976,0.7193703584645836,0.014656390165833944
292.90000000000003,7170.910524944356,15465.334854638082,72456.75787482645,16.41500377886018,54.18429073630239,-1059.5432686718632,0.1191479118832327,0.6803025975298165,0.7230037458552372,0.01605410749140805
293.0,7173.9432800502755,15470.751534087256,72346.00229030731,16.42251162508988,54.154423878343955,-1060.4959770487023,0.10596826672029756,0.6819520332086582,0.7236753016789848,0.0024917043772390624
293.1,7176.975592007971,15476.164182942062,72235.19012792692,16.415159433107203,54.08882771996832,-1061.4486873717583,0.08740022941386946,0.6842428692400246,0.7239973122721711,0.0008874769032348057
293.2,7180.001138614627,15481.56749500651,72124.3501162227,16.391941500164993,53.98571162464454,-1062.4013976948138,0.059197954911500976,0.6866021814212001,0.7242238070416157,0.02393582912902327
293.3,7183.017471068146,15486.962191743609,72013.34488076654,16.361695388481287,53.86513034741351,-1063.3541080178695,0.009789600122564225,0.6885654422752782,0.7240468266158812,0.03921719394810055
293.40000000000003,7186.021558330846,15492.340354121083,71902.25628223643,16.330695063709975,53.73916974306517,-1064.3060526437932,0.005245181828671643,0.6894332273995912,0.7242860890334739,0.007998390935836234
293.5,7189.016730277632,15497.710295113966,71791.08093618498,16.308199370943584,53.63043654190299,-1065.25788318931,-0.001657054776707082,0.6890610001899351,0.7241526159204933,0.028198954629912162
293.6,7192.0076890399105,15503.069261537164,71679.80455610176,16.29736775361164,53.54518011821661,-1066.2096920839263,0.008622916178492718,0.6869083339994912,0.7232420082571835,0.07073601268617251
293.7,7194.999864341355,15508.42147354578,71568.44431159462,16.304654427214523,53.498572202755554,-1067.161500978542,0.021861816249755233,0.6856346929120483,0.723598046416104,0.07637405376475005
293.8,7198.000315182038,15513.770685936206,71456.9184871764,16.326314018879437,53.483850254610665,-1068.1133098731586,0.030843420138137432,0.684644848418326,0.724123882137613,0.07716682114991007
293.90000000000003,7201.012244541065,15519.118843324984,71345.30939723745,16.356193703528675,53.48928490881817,-1069.0643324878497,0.03354138461895901,0.6840427182939756,0.7246062341458102,0.07685271956059503
294.0,7204.038202182736,15524.467209450188,71233.68854627886,16.387367036747406,53.502446639764024,-1070.0152303107495,0.02844181155396776,0.6840141279729802,0.7250136675054487,0.07530549793468301
294.1,7207.075528083361,15529.81854278991,71121.94035894945,16.41020794899165,53.500782091085725,-1070.966077978936,0.017222294296520134,0.68456361150494,0.7250220310181605,0.07361459719905507
294.2,7210.11900490503,15535.167625782322,71010.04482018639,16.420643114195517,53.47967246161647,-1071.916925647122,0.0030160980605049167,0.685741687171347,0.7248501496351757,0.06589007665610323
294.3,7213.161458794023,15540.5137845542,70898.14928142329,16.415252977578703,53.43103641113321,-1072.8677733153086,0.0034286529067666044,0.6864491257165052,0.7237353125354927,0.07059064762022994
294.40000000000003,7216.195685878214,15545.853806668836,70786.1705724065,16.39926916355239,53.36809490721202,-1073.8178839032844,0.02051429931790943,0.6862366560836238,0.7213471549200671,0.09119592896278934
294.5,7219.219219604641,15551.187634339685,70673.94160590516,16.381395138355177,53.3088637812921,-1074.7678683204606,0.05632548363860703,0.6864832360840005,0.719592050959456,0.08806524095509542
294.6,7222.230661545752,15556.516517056434,70561.67669180868,16.371316308266948,53.273646058912185,-1075.7177721644975,0.04881584806360391,0.6850459723659115,0.716211451325399,0.12397655307936041
294.7,7225.233133207,15561.843635170362,70449.41177771226,16.380490320759986,53.28625490551503,-1076.6676760085338,0.05874891769899026,0.681982406191095,0.7119852833421375,0.156606253448634
294.8,4250.012925924675,15850.007608162818,73280.18857785418,19.523575861804414,54.28402201458323,-1113.433582385676,0.09665966528767729,0.6784929346089144,0.7078374067573332,0.171086096417305
294.90000000000003,4251.857775621465,15855.443211477243,73168.68287077203,19.59658971745342,54.43513437786612,-1114.3786868196112,0.13005252049111007,0.674108025072904,0.7017742349213362,0.1902041946088245
295.0,4253.708895245704,15860.89400509948,73057.15369235606,19.69119532347602,54.63479847497248,-1115.3237492543446,0.14479840650674486,0.6710811909019441,0.6970669153309084,0.20683609994821545
295.1,4255.568436857612,15866.368881457754,72945.62451394004,19.785324884649132,54.83604381614503,-1116.2688116890786,0.1324768458787567,0.671284488791275,0.6956728882706622,0.21878357557048814
295.2,4257.433836323049,15871.860411675985,72833.98290035813,19.854737180103744,54.98513393141994,-1117.2105760912273,0.10566424103679688,0.6733148033177356,0.6963660330073027,0.22484793055082578
295.3,4259.302066265136,15877.364389358981,72722.28836007521,19.88581063825678,55.05177834214372,-1118.1507880077036,0.08362790616516982,0.6755405722797476,0.6974619419709649,0.22404943208245567
295.40000000000003,4261.171074093248,15882.868526769185,72610.37613564097,19.868962017853363,55.0152683283704,-1119.0896708359687,0.061948676277067447,0.6784320716103229,0.6986463831463852,0.21859898681036763
295.5,4263.034751918914,15888.365421848008,72498.36481511383,19.819365293066614,54.90526014007633,-1120.0268882431542,0.05123160797295823,0.681585207865516,0.6999846681012851,0.2069743732604596
295.6,4264.891059230969,15893.848480727667,72386.34026106834,19.76512128342406,54.7824040133654,-1120.963934113826,0.038612355515420214,0.6850196898319604,0.7014390542616044,0.19297762487050618
295.7,4266.741201769533,15899.322048666227,72274.22830442798,19.733296864602003,54.699652669088366,-1121.8998470479514,0.023493175882912554,0.6890221769771632,0.7033043767157641,0.1733766535985627
295.8,4268.58882076203,15904.790692257062,72162.05707615038,19.742470533420512,54.69791995700062,-1122.8356906294866,0.04065875258328513,0.6894757937499076,0.7013421252080656,0.17632135174147198
295.90000000000003,4270.441103769417,15910.264672942187,72049.67036184561,19.8003898888781,54.792768028050624,-1123.7717297030586,0.0289303919385954,0.6884882421920239,0.6971058185664245,0.19796578115030788
296.0,4272.300006070913,15915.750317737431,71937.20579376249,19.884454254879095,54.934975522649616,-1124.708386927844,0.02581084918625087,0.6884069074567226,0.6936797481506412,0.2103286400750477
296.1,4274.167622924898,15921.250929960717,71824.64403666464,19.96781722299727,55.068151268310636,-1125.646949418159,0.02407069981128063,0.6900009310266609,0.692024749899767,0.21076304732827617
296.2,4276.0422333641945,15926.761388909827,71712.08227956686,20.018505937052055,55.12467674287809,-1126.5855119084733,0.02128560875110743,0.6930819833142746,0.6919843879984251,0.20085291641320843
296.3,4277.9196290311575,15932.27081492497,71599.4510863326,20.010837928562122,55.05075491262566,-1127.526293582255,-0.006215850296613516,0.6977153220292206,0.6935992618539801,0.1790942672627046
296.40000000000003,4279.796448940354,15937.769208889877,71486.57344218275,19.952530147861133,54.865579853777405,-1128.4697705366868,-0.015322635126971726,0.7032714688907599,0.6955851656533203,0.14606757073369037
296.5,4281.66633553075,15943.242376656224,71373.6723545407,19.860550841643168,54.60513704047812,-1129.4132649017183,0.012919273440674813,0.7087596224682502,0.6973477823451155,0.10582514063670377
296.6,4283.52788383772,15948.690966202717,71260.65088399942,19.777820049394165,54.363387401451874,-1130.3608142198307,0.01845946750465485,0.7129518113226357,0.697726630540081,0.0673536326147512
296.7,4285.384201710121,15954.118829979994,71147.5985332614,19.73884055817292,54.214754820389786,-1131.3094037002083,0.0282001592546959,0.7149853990096225,0.6957599780325402,0.0625993864923609
296.8,4287.240513178526,15959.53823379476,71034.5265948628,19.761526298668144,54.1999144785016,-1132.2583993984297,0.06577927088543559,0.7164190300611527,0.6930611304286601,0.04564132312899724
296.90000000000003,4289.104466739519,15964.962800864116,70921.15574176787,19.835463239175443,54.299241450753286,-1133.210544615574,0.08886651438771914,0.717820259419328,0.6900063715393305,0.02698193882717171
297.0,4290.977079284942,15970.399059230996,70807.76142798147,19.926399916492457,54.44179169180231,-1134.1627456365024,0.0912699296872694,0.7197864280179743,0.6879111168757006,0.018857180458183187
297.1,4292.8584394155,15975.849111136973,70694.29972808558,19.992656393437375,54.540274948411046,-1135.114733592669,0.09046420202958674,0.7205017240362294,0.6873845102275362,0.014001032505546643
297.2,4294.7433627673545,15981.303785081214,70580.75930242702,20.005396297680974,54.53498480548687,-1136.066472629791,0.07817877236476548,0.7212209054014587,0.687816267037261,0.025244166897836214
297.3,4296.62573837528,15986.752242943421,70467.21501385773,19.96019868014842,54.416684524197784,-1137.0181035882472,0.05253441979002348,0.7218981074094116,0.6884156415076261,0.04676710151034369
297.40000000000003,4298.502075214309,15992.185744466797,70353.36935948199,19.884785234497407,54.244043807802356,-1137.9666112377138,0.0520944259255308,0.7207857255061271,0.6880855084191781,0.06551672914314813
297.5,4300.369495961128,15997.602829909385,70239.50020750964,19.82752497163117,54.11850228736565,-1138.9152112649258,0.048214527319905144,0.7197495713683105,0.6877443003135328,0.08150884158605519
297.6,4302.231809243674,16003.013661151148,70125.54922167538,19.83077393804688,54.12853589096468,-1139.860348327308,0.07705582830086866,0.7171940304228447,0.6861603501013415,0.09422895520755356
297.7,4304.095991775001,16008.434591629948,70011.54240374337,19.911577189864165,54.309202613780165,-1140.80312274192,0.11675357209493055,0.7112426645645558,0.681131796282766,0.12869324612736
297.8,4305.9677715755,16013.879098735777,69897.51364129822,20.038097799796233,54.59121837655226,-1141.7450212772487,0.1306102163867056,0.7074443880333758,0.6781404340535185,0.1502962438559451
297.90000000000003,4307.8517740414945,16019.352287018657,69783.20383845422,20.158942928599362,54.861553271021855,-1142.6831639402635,0.11042007049107165,0.7082934979054912,0.6792081891555172,0.157492744726968
298.0,4309.742586078528,16024.847127257983,69668.87048495065,20.22411879649089,55.01150482779276,-1143.6214205182237,0.06732707685449929,0.71184156097567,0.6831633473103226,0.14844695241636102
298.1,4311.633440502444,16030.34835871257,69554.45934250223,20.208737323539196,54.98553805617385,-1144.5578346533407,0.042898021091597946,0.7151801363023566,0.6869347858650731,0.12164593044353657
298.2,4313.517133273967,16035.839544428618,69439.99968335658,20.133198930819734,54.82457477775034,-1145.4934260556129,0.03996117825647408,0.7182115864235368,0.6900048368256811,0.0804272747052013
298.3,4315.390593068642,16041.3125706931,69325.47507461967,20.05659297724462,54.6514454183526,-1146.428902463516,0.06077324216385343,0.7191426704176572,0.690343496510653,0.05065855748933728
298.40000000000003,4317.259389065574,16046.773159626451,69210.7296976152,20.03622855631599,54.585773501725534,-1147.3658786240405,0.07088877231865845,0.7199709219305215,0.6898957598688406,0.02570007876765212
298.5,4319.129752178162,16052.235195740672,69095.88736489342,20.09550275289595,54.67440922522466,-1148.3050030678228,0.11639400382814673,0.7178526461678936,0.6860850841020188,0.020670549952338944
298.6,4321.008385231848,16057.710521370718,68981.01487384399,20.202175896865523,54.85247605794427,-1149.2453111941438,0.11281587539026484,0.7189319100714822,0.6857185649907868,0.014125741321244974
298.7,4322.898331980011,16063.203999568103,68866.071598676,20.29373815665293,54.9884404440875,-1150.188692878753,0.07410983516166496,0.7222708230326901,0.687505225049959,0.013006000807186405
298.8,4324.794680692357,16068.703749916674,68751.0738470565,20.308778573311887,54.9525618933792,-1151.134708565298,0.045199519224281164,0.7240606376196871,0.6882347065988245,0.005117142219634311
298.90000000000003,4326.691668458129,16074.188306758528,68635.87096835763,20.229969979392024,54.70944249112826,-1152.0829497989096,0.02069343234977103,0.7249487030030474,0.6884789622956071,0.004228279573141338
299.0,4328.57983247652,16079.642606828023,68520.55565615266,20.10165089471926,54.35848929629786,-1153.0350316554384,-0.001996632995349097,0.7250350035115752,0.6887063677022697,0.0019483906174202928
299.1,4330.457213098292,16085.06264834455,68405.19618401097,20.005134464492535,54.07535862087522,-1153.987979818567,-0.0008469343385365966,0.7246003109699397,0.6891606895076232,0.0033490419332058863
299.2,4332.330752965636,16090.464021248446,68289.7519500902,20.001941504337815,53.99506895358444,-1154.9423923872935,0.00022781050494344006,0.7236272937861326,0.6895383212937815,0.03000652024953674
299.3,4334.210320287442,16095.869023264411,68174.30771616937,20.093543247201033,54.12560409550536,-1155.8968049560206,0.007147460942847901,0.7218272178025047,0.6888757277292888,0.06606521919291841
299.40000000000003,4336.104794946906,16101.291173609668,68058.6046894054,20.210498260546082,54.32269432112182,-1156.849059917788,0.013246481784431082,0.7187718689981284,0.6877312478529898,0.10108047182241305
299.5,4338.009351543898,16106.729373059181,67942.81302889748,20.271106138625928,54.41594125475334,-1157.7998932695668,0.019145818272915095,0.7151830013890127,0.6868531078202769,0.127982500540078
299.6,4339.914187523226,16112.166968721838,67827.02136838948,20.23184363040893,54.309320229074764,-1158.7507266213463,0.023909779913347706,0.7126210416737556,0.6875810661215604,0.1372291911345586
299.7,4341.810090115039,16117.586640275056,67711.09876656056,20.130893828038502,54.08746700889984,-1159.693821302937,0.028279746825652215,0.7078284722228709,0.6866222602982045,0.1634900042604994
299.8,4343.694303723025,16122.987929907937,67595.15257437932,20.061153293272177,53.9477993713258,-1160.6355217878433,0.05169462639263531,0.7021050451845274,0.684675466670887,0.18866816495519784
299.90000000000003,4345.578255795682,16128.385305467993,67479.02236468322,20.09890697034683,54.044662216946286,-1161.575314800335,0.083291542338909,0.6955949400441471,0.6815466333471099,0.2114341148750724
300.0,4347.469277614307,16133.803260288809,67362.73341077066,20.242103576205302,54.37273410567127,-1162.5068511096906,0.11457912479147953,0.6893631712705945,0.6778350398846191,0.22845065323256195
300.1,4349.372784841791,16139.25932932447,67246.44445685804,20.40195981217007,54.739582186658645,-1163.0661977015518,0.09974827159908257,0.6860714590260477,0.6772351211558538,0.24639161125306555
300.2,4351.285414260736,16144.74448791208,67130.11642169186,20.47473859961267,54.918062018840715,-1162.243520907031,0.0851997118778441,0.6828974854137881,0.6765487089496405,0.26205701274728765
300.3,4353.196034227882,16150.233915098244,67013.70542431944,20.4243019637979,54.826394445864175,-1161.3952116837245,0.0678793953744001,0.6813122265849479,0.6768687570183011,0.2702863728750798
300.40000000000003,4355.1006711494065,16155.705142487617,66897.07341081816,20.31318401084118,54.59260108317492,-1160.5145280015536,0.047360004185137534,0.6812181012713214,0.6783188962566962,0.27126076657890824
300.5,4356.99507471284,16161.156294773144,66780.35915132599,20.25767758864047,54.45779876261521,-1159.5977125789138,0.04104090228062296,0.6815836917869965,0.6796927458055284,0.26791246094450716
300.6,4358.888927857985,16166.60645715698,66663.56831048639,20.328212209796515,54.57748334728695,-1158.6408516971746,0.0616841762633388,0.6822386832763668,0.6806356030174241,0.2597703165204795
300.7,4360.793972202396,16172.07606564499,66546.77746964684,20.466258479875762,54.817444700138836,-1157.6468898405865,0.06147676537170688,0.6836258489807077,0.6820873859317509,0.2522560284267343
300.8,4362.711901663035,16177.564867712596,66429.86811215254,20.545215351324664,54.914503533889295,-1156.6142009247092,0.0407790735514893,0.6881044530336639,0.6864406331390481,0.23162164417684988
300.90000000000003,4364.6387011646475,16183.048027281151,66312.79119746113,20.483191036974517,54.69889314740086,-1155.5429814847466,0.03248058473026314,0.6923790038817854,0.6906639311709738,0.20625145036751422
301.0,4366.556378543295,16188.496874382234,66195.589540013,20.32319036544343,54.26802964426412,-1154.4341398413112,0.02698064527749709,0.695213138336052,0.694344607947111,0.18394646634311831
301.1,4368.460970362417,16193.904186267291,66078.36718056002,20.20632738400021,53.92765704963938,-1153.2885517514126,0.03379716742333003,0.6988451499325248,0.6989057953245629,0.14833710645582526
301.2,4370.362865067778,16199.292618888865,65961.06182023422,20.23373568935749,53.90001013539996,-1152.106916802222,0.07947456568579796,0.6973599679711224,0.6988160730962387,0.1379455126588798
301.3,4372.275041824449,16204.69096496449,65843.71651781435,20.365277713304963,54.109319732999516,-1150.8889030089094,0.1053317916214717,0.6957678958314818,0.6988103154376986,0.12836039826172013
301.40000000000003,4374.207375903035,16210.111530900544,65726.1425189814,20.45888893365931,54.25125104043653,-1149.6346675786594,0.08916457470752258,0.6967443729132105,0.7018733251820457,0.11819810839815491
301.5,4376.143275866329,16215.531877054,65608.48643639701,20.413969046921256,54.12355280500276,-1148.3446511076568,0.08509023476943273,0.6965352950825382,0.7044604079442904,0.10646017231870389
301.6,4378.0686077077235,16220.930943174948,65490.78636536931,20.286581817101986,53.843518473830215,-1147.020344028233,0.06696812788476628,0.6950805936628208,0.7060744535932406,0.11763122095751986
301.7,4379.980870245589,16226.307239181617,65373.009655504364,20.23291980190405,53.74086171987427,-1145.6616521160888,0.06871137976167678,0.6926378493397451,0.70640558074316,0.12854069957868586
301.8,4381.892780223145,16231.691279259441,65255.208101364595,20.342959247973834,54.00259382327804,-1144.902960550344,0.08061943468114283,0.6903249414326639,0.7066356257993132,0.1327330943619374
301.90000000000003,4383.821449587296,16237.111772939366,65137.21432398807,20.53319210352949,54.44568565470331,-1144.2653504384791,0.061085059914643705,0.691341206968737,0.7093409923168349,0.12309064798433063
302.0,4385.763881109171,16242.57216250457,65019.17016744787,20.631937827423666,54.69683199497917,-1143.9013943711893,0.029773662866344447,0.6924310002308774,0.7118885876296358,0.11343490521647288
302.1,4387.7053539448025,16248.038660454511,64901.000035575096,20.56400874073384,54.58679309006514,-1144.8467613519974,0.019374436680177947,0.6922996701719706,0.7119431513610316,0.11611523204657459
302.2,4389.634662389318,16253.486172693982,64782.73778927558,20.450868815040323,54.36349665252444,-1145.7924688864455,0.01921651535228866,0.6947584661745609,0.7134611970880388,0.08896358505697288
302.3,4391.55699389411,16258.920662084634,64664.37706241956,20.464274286760674,54.38870634229848,-1146.7382895397384,0.039724321040598205,0.6971644889821841,0.7144322435592654,0.044387193907115534
302.40000000000003,4393.4884205369,16264.372592403386,64545.92886146315,20.613527549451067,54.677752857637465,-1147.6843014661692,0.06211498066991299,0.6979275481723103,0.713455568000477,0.004474278453628696
302.5,4395.436281531231,16269.851751413753,64427.39556075727,20.71945819500618,54.845012339900535,-1148.6305832070948,0.04229717799160156,0.6996069885454305,0.713245494043356,0.006471131214060837
302.6,4397.389134057661,16275.328800033452,64308.774121900686,20.648104888134355,54.61191734162247,-1149.5771939040353,0.04876979904986573,0.7003419730096606,0.712107770369513,0.006719443498725377
302.7,4399.334834050875,16280.766622870207,64189.96664473017,20.46601351478223,54.12578071716341,-1150.5250972942486,0.04968965116920247,0.7011204925309429,0.711291408817264,0.005052253220378903
302.8,4401.2686117435205,16286.162714275044,64071.08948201009,20.38891134479788,53.85402288820165,-1151.4730006844625,0.04127382060744746,0.7014362454842866,0.7113194394201898,0.017559053400413274
302.90000000000003,4403.206892884412,16291.550566492791,63952.17564014635,20.48633270688464,53.95807649410509,-1152.4209040746764,0.03053977385268536,0.701197148346833,0.7114034569470473,0.035986147433239926
303.0,4405.159767467752,16296.954986539778,63833.22615331017,20.595942404271412,54.10358734407461,-1153.3688074648896,0.03232691352398421,0.7000944232267333,0.7107797019181765,0.06012474174537916
303.1,4407.1190389012745,16302.359732585312,63714.14491997841,20.544401827956037,53.92892213197608,-1154.317122886091,0.03246769754318184,0.6966576309235744,0.7082943363940802,0.10923885263159369
303.2,4409.073537221994,16307.734970596,63594.91209388424,20.39496332137745,53.57609113324017,-1155.267352200391,0.034641323408323266,0.6936318068406372,0.7056025331056901,0.14071233253111276
303.3,4411.016173712402,16313.085927735214,63475.56451602661,20.371550438208388,53.52548169269779,-1156.2175815146916,0.05154933208408462,0.6928874357004322,0.7048587410235836,0.14291194146331168
303.40000000000003,4412.963743880435,16318.454988531596,63356.200265688094,20.539551652888576,53.91260057548345,-1157.1678108289918,0.08324292165876754,0.6898309642045732,0.7017341324739469,0.15739461280278383
303.5,4414.926060592207,16323.867972872878,63236.79727511981,20.698255042443172,54.30021939982357,-1158.1180401432919,0.09965111977621596,0.6889973638746326,0.700110066741566,0.1587393503460108
303.6,4416.892364210238,16329.300636492479,63117.26604099801,20.66936103217158,54.29689688415084,-1159.0688871743364,0.11936857093561072,0.6897038916827868,0.6985453162035141,0.1486409340677778
303.7,4418.849215107464,16334.721255243077,62997.57523237056,20.563288949116114,54.12359804589491,-1160.02030829735,0.10674756043304229,0.6945890280585585,0.70029448588494,0.12545386993396582
303.8,4420.797712659585,16340.137041605889,62877.82119483563,20.614156599349187,54.26470557038527,-1160.9717294203645,0.06845064004796905,0.7013532390286543,0.7035243009840447,0.09204184866651613
303.90000000000003,4422.756441183346,16345.582803878466,62758.02294721573,20.79242312886277,54.6471182188625,-1161.9231505433786,0.06107512136345183,0.7051824406953469,0.7039219531963261,0.05900371762577885
304.0,4424.730142679015,16351.055711734196,62638.06772590162,20.84185496820664,54.72065744488401,-1162.8757486905565,0.041160392440167407,0.7082051007540497,0.703434769624995,0.043941805183078435
304.1,4426.698357353065,16356.509901730986,62518.04179931199,20.68746554672161,54.31790810140443,-1163.8281444752834,0.03551056340905676,0.7099177269543511,0.7018160238396787,0.047011589254166694
304.2,4428.653210133245,16361.921177135706,62397.928670634894,20.569503972812157,53.962085043055374,-1164.7790200433878,0.04511098246040235,0.7112944718782299,0.70082836824621,0.029407002538203726
304.3,4430.610581088216,16367.316306302413,62277.69992147499,20.64606379945955,54.003128824966524,-1165.729931453343,0.06737709438184251,0.7113433397910718,0.6994635033102655,0.014205197093815968
304.40000000000003,4432.5824371105655,16372.722613328542,62157.38991798096,20.725933365291283,54.05088105759597,-1166.6805564422625,0.03691563080706853,0.7128128393530708,0.7003363435402851,0.008006133408421524
304.5,4434.556779319674,16378.113528968552,62036.97828015216,20.61213831623904,53.702115419687885,-1167.6306731989994,0.037638983564212684,0.712919989004321,0.7002317214827181,-0.001983033958579995
304.6,4436.517516937006,16383.461375130177,61916.48165703224,20.462271969584208,53.30997391587159,-1168.579933719932,0.05449788360953684,0.7123606613258116,0.6996936951198997,-0.001000943052599985
304.7,4438.473593511548,16388.79341041032,61795.8846570944,20.529525924063993,53.42271314338889,-1169.5272498306035,0.06584099208795773,0.7113972506054813,0.699677082290701,0.005558426846428777
304.8,4440.441978283621,16394.155549203635,61675.18295475099,20.700527726064845,53.80530168659705,-1170.4735842722023,0.05712840378436549,0.7113802590027399,0.7004721950154807,0.003629957636016509
304.90000000000003,4442.416373174078,16399.541646307705,61554.417905636845,20.704489222921907,53.866275388391344,-1171.4188740105317,0.04203618659656479,0.7115676117063438,0.7013509312395606,0.0033710883035101913
305.0,4444.378650794648,16404.92268865489,61433.52717814016,20.614805614763767,53.749530347610545,-1172.3623740684407,0.03526869750531933,0.7118775142834592,0.7010455703952274,0.02283926143971979
305.1,4446.332848812562,16410.305204588898,61312.53747451845,20.697743499758445,54.000337658654004,-1173.304323708426,0.06243016265743994,0.7111485144360375,0.6989113075521523,0.04351148562992753
305.2,4448.297628866342,16415.729568934552,61191.48253310224,20.883608126353145,54.44868671716739,-1174.2459661497246,0.05589610591983633,0.7120005431649282,0.6987541086566098,0.04090901503767116
305.3,4450.269759298515,16421.180104964442,61070.38022688425,20.884788037579497,54.466897768470545,-1175.1874607162542,0.02370087102616893,0.7137435461316157,0.6996855906208657,0.021177661476128876
305.40000000000003,4452.228694418074,16426.609941509123,60949.09909135026,20.743159373224273,54.125844869990594,-1176.125009247981,0.03650767658656407,0.7138023706683367,0.699391774345532,-0.0021239482859861467
305.5,4454.180272522477,16432.015191032282,60827.75826008733,20.749856128357955,54.04875022634765,-1177.062645843109,0.05961270462587198,0.7128107746416668,0.6988115544648129,0.00308809786230867
305.6,4456.142540033662,16437.425703940342,60706.35793143561,20.84528423610089,54.12635472590289,-1178.000282438238,0.07172572353944003,0.7114037533878197,0.6989939979761985,0.012942605677236886
305.7,4458.1090057309175,16442.826112927283,60584.83371389889,20.749482802862417,53.78097173154944,-1178.9370568006202,0.04959404949860098,0.7105672280816457,0.7016487924910411,0.01798934758574773
305.8,4460.062443939225,16448.177105213574,60463.21268745403,20.57836822827508,53.285149965870254,-1179.8725463463707,0.045263291318450444,0.7086633797279726,0.7037582362931744,0.021720808941404993
305.90000000000003,4462.0116288120425,16453.500975183248,60341.534085834166,20.62304074598712,53.2872289695901,-1180.808456680651,0.05616714275006401,0.7057381661585995,0.704786650388327,0.045328471591188656
306.0,4463.97065650803,16458.84090661108,60219.73591463953,20.73167477845433,53.47870031671413,-1181.7445780290777,0.05133293502562959,0.7035470453333068,0.7062110521842779,0.06043537504809376
306.1,4465.929303938784,16464.18457203731,60097.84814575333,20.66468550174636,53.3572739361196,-1182.6806677912223,0.061707678722196346,0.7010146819684272,0.7065488283166232,0.07456092311546403
306.2,4467.874763084646,16469.517410030163,59975.86917718645,20.636680159432927,53.36916342573022,-1183.6169985970582,0.07695105021033724,0.6998203974412015,0.7070157097575707,0.06677374748180419
306.3,4469.820081053496,16474.874799318757,59853.75242315461,20.81261032176403,53.83901055891541,-1184.5547416630116,0.10251210357194639,0.6981801076352069,0.7056170438965288,0.06434588787536899
306.40000000000003,4471.775423315172,16480.278109181632,59731.58841888263,20.909099006534138,54.134187929770405,-1185.493480623982,0.0848197579239607,0.7001105524719061,0.7072742485440269,0.04913207027680808
306.5,4473.724336298219,16485.686352680703,59609.370950212644,20.823915110928535,54.004957917160866,-1186.4340421764196,0.03763797490528357,0.7028373737346697,0.7096733753920783,0.03109194729179487
306.6,4475.662941188087,16491.085762845898,59487.010996327714,20.847148835714947,54.04201059819932,-1187.377163066016,0.021128885903219964,0.7033408530951494,0.7105057722848462,0.006838281786415243
306.7,4477.60879918076,16496.498033195978,59364.5583233308,20.94119355459766,54.16186306774859,-1188.321777057765,0.011285068150616813,0.7029771080311172,0.710930391550706,0.01654724117799574
306.8,4479.557945795748,16501.901000357295,59242.05072828746,20.827595717741765,53.788252267225566,-1189.2663910495148,0.0012308507500213357,0.7023071391136357,0.7118627586036099,0.0038184119356389334
306.90000000000003,4481.495092634537,16507.252797175282,59119.43671183448,20.686976503685592,53.330097068729636,-1190.2133709709228,0.010912249953044625,0.7011055182510724,0.7129628295191551,0.003997349484056909
307.0,4483.43230831543,16512.58172540817,58996.69149690946,20.744478172792338,53.307285935049165,-1191.16482958079,0.024793284055832695,0.700013269610089,0.7136957378731766,-0.002260348907016481
307.1,4485.378094940491,16517.90951821521,58873.88738505774,20.725765186432152,53.16768224352857,-1192.1162881906575,0.021903158439999376,0.699277465352776,0.7145124864414462,-0.0017846062343495658
307.20000000000005,4487.31570114497,16523.211407249928,58751.02229258999,20.615891449445968,52.91294013298811,-1193.0680347995574,0.04073188042675627,0.6982721197331163,0.7146600901773817,0.0042327565459556035
307.3,4489.248511516383,16528.511354209244,58627.99704699356,20.71976257245971,53.18404604554722,-1194.0232853379619,0.03211962506124922,0.6980004941888519,0.7151945899684877,0.016135001637742435
307.40000000000003,4491.190638681941,16533.84960662701,58504.91261434238,20.84509469279802,53.551315701296524,-1194.9783753257557,0.012030628679491319,0.6983853192211777,0.7148648725389954,0.03288500995462379
307.5,4493.128561712377,16539.20712748714,58381.77119825951,20.801440829275663,53.57352308242366,-1195.9331277550532,0.03440394790784426,0.6976699249936984,0.711693619670994,0.07460050835778666
307.6,4495.060660769687,16544.573837431395,58258.491945790316,20.877113204189243,53.815112622632135,-1196.8882375838573,0.04761807626854034,0.698989017099682,0.710647311614501,0.06424384236318982
307.70000000000005,4497.001087635341,16549.97063901608,58135.13569125232,20.9818857266621,54.05025987851074,-1197.8434377989063,0.039136260347819335,0.7008413330080157,0.7106499093072806,0.047607619926744685
307.8,4498.941392942652,16555.362585145824,58011.696617895876,20.862299347842505,53.72312249551634,-1198.7970184028707,0.054113061417482795,0.7003621487421573,0.7087065795766332,0.06557149729940122
307.90000000000003,4500.875755679625,16560.719586078678,57888.1344424172,20.80880747957827,53.46303124294528,-1199.7470738289996,0.04522228605471242,0.6982766646257506,0.7059886652330699,0.1092915781089793
308.0,4502.816917852061,16566.060875890715,57764.51872489731,20.826439591482252,53.32060852514241,-1200.697129255128,0.02762873267585227,0.6944916678573563,0.702725827816158,0.15196837607715954
308.1,4504.762651164917,16571.370036766573,57640.7633216742,20.677724185487044,52.84755977466626,-1201.64274951408,0.030447534648009478,0.690052755037322,0.698905731801544,0.18555570849264724
308.20000000000005,4506.700680657389,16576.641816778636,57516.94888606503,20.649085750189364,52.69804269549959,-1202.5872937269487,0.03955434443916226,0.6863685384715087,0.6950753859612366,0.21024721416302028
308.3,4508.648439287422,16581.923102390683,57393.03879300559,20.74854398607336,52.91979689789805,-1203.5262503678332,0.03652656058779585,0.6850007133928346,0.6925597372344304,0.22316102568484128
308.40000000000003,4510.598524879071,16587.21774196325,57269.02593291909,20.72042990315656,52.9567620274497,-1204.462279136714,0.052126742718508784,0.6859058710509,0.6907977273479645,0.22274298786348318
308.5,4512.542110586883,16592.52495822366,57144.960931464055,20.80894248196348,53.280623175527545,-1205.398023238376,0.05374718788545593,0.6890996838583034,0.6903265172576315,0.21378064709355918
308.6,4514.499248526212,16597.87580735581,57020.75774336388,20.937429465138422,53.670871498961944,-1206.328514605946,0.03529267057187042,0.6945169234934812,0.6922399643617744,0.19288468608332987
308.70000000000005,4516.453544308958,16603.240988316633,56896.50091859267,20.880385097841042,53.58894040578168,-1207.2565597573912,0.020858055396273348,0.6993508557929834,0.6950569761510142,0.16543615666025427
308.8,4518.40888915834,16608.596547533667,56772.12257606027,20.896668940784316,53.554816944855304,-1208.1827773541606,0.011665342815358734,0.7003364505446256,0.6948537677487225,0.1630061877996034
308.90000000000003,4520.37369484358,16613.945522463957,56647.6518025947,20.863172712178898,53.32369891383652,-1209.1078759263173,0.0037071977416648994,0.6998920030382354,0.6942478073861554,0.1678017363067098
309.0,4522.333247383402,16619.250019608076,56523.12370300897,20.703291269075883,52.78213202244963,-1210.0328873214225,0.031210990462853666,0.7017646341974242,0.6968418760519445,0.14478836985231047
309.1,4524.296391703709,16624.51618424257,56398.48459246994,20.700610254989833,52.609504664368636,-1210.957926471516,0.03590169769839048,0.701277142242935,0.6977277682315265,0.1417652965595207
309.20000000000005,4526.269419386612,16629.77097466607,56273.73618755859,20.6606525481795,52.45531357406211,-1211.8839186076493,0.0353751235779243,0.7010477283063999,0.698881612227154,0.13727773074704
309.3,4528.235525348778,16635.013861512587,56148.940723240405,20.655204097797316,52.49735615353674,-1212.8101296297307,0.048063558028475825,0.6974697714119203,0.6964555467616481,0.16178839186165547
309.40000000000003,4530.207381363993,16640.28585017789,56024.044850158905,20.799153226593866,52.94562537102765,-1213.7392448147746,0.05495008623533086,0.696374273065424,0.6955660816443395,0.16802138524983148
309.5,4532.186022338603,16645.591467663642,55899.02476000775,20.81893653417722,53.145217640729356,-1214.6732030851226,0.04839511722651945,0.6988748275434353,0.6980266760167827,0.14829243953663487
309.6,4534.159442464865,16650.916389702204,55773.95121313644,20.88878431812856,53.38185346464008,-1215.607782529064,0.04267490312833924,0.7025400360459334,0.7020971726787738,0.10805512718995584
309.70000000000005,4536.138364995211,16656.258622164747,55648.80010143254,20.898182890534912,53.3625084179354,-1216.545238744622,0.04693661810565144,0.7030211926632515,0.7040545238630572,0.0886870000344327
309.8,4538.11940369918,16661.573959657722,55523.497115746264,20.7756095056617,52.938460146906806,-1217.489294023829,0.02921301063432623,0.7005339073045307,0.7046022626686975,0.10924511965519429
309.90000000000003,4540.100087704291,16666.853050968795,55398.13806771898,20.73553895465885,52.63073800883799,-1218.435717344577,0.020685037522241486,0.6979766925405901,0.7062231475179048,0.11683121073885029
310.0,4542.081596671003,16672.093873705842,55272.720270262645,20.614441059864525,52.1912188883353,-1219.3823513807768,0.0153932165056595,0.696835124790641,0.7089483100017488,0.10759252524820596
310.1,4544.062827702164,16677.303529737845,55147.14188032759,20.603893967484076,52.101744008564644,-1220.334437009099,0.0299152919538737,0.6963929628133753,0.7111189060889795,0.09193376993323221
310.20000000000005,4546.046633216378,16682.525361732358,55021.51351485262,20.667329203796402,52.32377684467793,-1221.2872350872558,0.04995443402812215,0.6947108132142837,0.710233131975028,0.10222689846132017
310.3,4548.026093040889,16687.769226925968,54895.831760992514,20.71507618490713,52.59932979578428,-1222.2408412244092,0.03885636369446419,0.6958697367015227,0.7104476047001002,0.09756891676803271
310.40000000000003,4550.005607616824,16693.052060897666,54770.00301710602,20.840442178846093,53.02450113048808,-1223.1927782013763,0.023005191583230836,0.698816056086263,0.7119836595249551,0.06485483394252539
310.5,4551.984144846603,16698.35816860695,54644.11355804424,20.821338935392948,53.027861322033864,-1224.144440069831,0.007883931816043825,0.7005950361736516,0.7129345521375869,0.02878824892795756
310.6,4553.957472247302,16703.652933072968,54518.12002288634,20.798042918937483,52.85606184438062,-1225.0918598356595,0.012854429976557046,0.7007229255561434,0.7132061635333471,0.012614021090119353
310.70000000000005,4555.930747532712,16708.91820274686,54392.03153623269,20.683867756390597,52.38723976691291,-1226.03616851846,0.03485101270826069,0.6999923427624547,0.7132625079935846,0.007260969483497736
310.8,4557.8980961317,16714.131301897294,54265.86673323032,20.579654519808138,51.942173809996646,-1226.977898618684,0.03957418725869018,0.6997159459327954,0.7132828061005384,0.0076887730834702475
310.90000000000003,4559.862435195877,16719.31707867259,54139.5869358225,20.556760636415838,51.79454446442968,-1227.9136829269223,0.023896938892845672,0.6998444204335919,0.713609515145306,0.020203549034829436
311.0,4561.823335166039,16724.49614626757,54013.26249599425,20.5663412425521,51.8822490431754,-1228.8486125044567,0.04290643754805075,0.6997658231765315,0.7126249930283216,0.025543093829661665
311.1,4563.777018263424,16729.706412627493,53886.799396009505,20.688959768445876,52.32980588636123,-1229.7750332504127,0.05064124018995133,0.700881519660484,0.7107042645256666,0.03316637718330974
311.20000000000005,4565.728448049631,16734.95527086537,53760.28331181711,20.73854435317392,52.54421226742948,-1230.7012215047455,0.04477933281898403,0.7031000669925026,0.7095877593972052,0.011415728670528605
311.3,4567.674878786458,16740.224166097338,53633.68160099709,20.78438858201468,52.644013306903666,-1231.6263159972252,0.03402914477751781,0.7048625392262706,0.7085269688942519,0.000593675608718984
311.40000000000003,4569.615969353651,16745.48248780936,53506.97516831472,20.689339293918636,52.326260926211525,-1232.5464011855677,0.022816462586425404,0.7054996093824114,0.7082972819778125,0.00804179949702012
311.5,4571.551092997908,16750.696561453267,53380.1767735076,20.590262318608826,51.89889676775225,-1233.467822956409,0.026672269792744643,0.704994485727789,0.7083112213691924,0.023802915787696798
311.6,4573.482552992012,16755.862746367067,53253.28918359032,20.479638700894416,51.45150773531673,-1234.3916286781005,0.029482946931942033,0.7046667920398565,0.708320830804624,0.0292757354256563
311.70000000000005,4575.406522403822,16761.000936171567,53126.299616556425,20.478337016649743,51.41030207279998,-1235.3171395756615,0.04544377195530311,0.7042038163150008,0.7079061174631898,0.030012956136570543
311.8,4577.330063630696,16766.156178506644,52999.2622072023,20.545086286818627,51.70537249568568,-1236.2419738405988,0.04390543408269978,0.7046261798405776,0.7067446789435801,0.045675139038862375
311.90000000000003,4579.245764915578,16771.346785950347,52872.09673043614,20.6521734594391,52.00167259384478,-1237.1743922378782,0.05720276193558259,0.705474818033834,0.7051599056573005,0.04222123399969512
312.0,4581.160883529663,16776.575219995026,52744.88185767082,20.6958428723767,52.08113415188878,-1238.1062312495656,0.0378913237577364,0.7073211982682501,0.7052619180730679,0.0294380192973384
312.1,4583.07052143736,16781.800143189674,52617.55078524759,20.647221417952146,51.89665797554688,-1239.043469975987,0.03907442999959744,0.707709308743405,0.705187733302288,0.018192966721220706
312.20000000000005,4584.979255770688,16786.98816269992,52490.141624646436,20.51940713379285,51.485617092625326,-1239.7015633491483,0.051761824688242364,0.706638345863434,0.7056325993769876,0.008099157783946724
312.3,4586.884944854187,16792.117358869058,52362.639695276106,20.406948367939737,51.07633452717339,-1238.8940405181177,0.037047579342008,0.7054861472179105,0.7074541864033199,0.02062394455343664
312.40000000000003,4588.7910297554945,16797.21659055381,52235.037717441344,20.382819285683208,50.96950056697362,-1238.0580136453368,0.040720498928929205,0.7037547877598499,0.7086964578745386,0.02864210655922719
312.5,4590.69645982713,16802.326924149733,52107.35672243564,20.466910676458745,51.18128227235456,-1237.1914685965742,0.033658341746740136,0.7024468023681032,0.7091453812052613,0.05048201847124639
312.6,4592.603313582384,16807.48185347444,51979.586775156895,20.570779347823546,51.4252663632197,-1236.7781897079676,0.04231271337912995,0.7024185641393283,0.7094567259724307,0.0385869020707697
312.70000000000005,4594.510910998516,16812.669284142274,51851.73441086195,20.61242176010845,51.4933053838061,-1236.4754259136087,0.025893895165047136,0.7029810331969805,0.7105838943875005,0.014754734683515014
312.8,4596.423018306724,16817.847535151,51723.776900997706,20.526381202210608,51.19381447085653,-1236.1565041322688,0.025611266010398908,0.7018764796731796,0.7113840273156793,0.025421172574338128
312.90000000000003,4598.335545570804,16822.974505583643,51595.74601386267,20.393022529929166,50.76039245123853,-1235.814524177497,0.023109866508411382,0.6993552800267241,0.711907763133199,0.059627704629566645
313.0,4600.25312435382,16828.04655681874,51467.61407814342,20.291978097434693,50.411842040030244,-1235.4472107251029,0.03195812946964494,0.6971099601634106,0.7127420087191552,0.07081815027768672
313.1,4602.172841925762,16833.102094854406,51339.40961148326,20.32622807417086,50.45110035502758,-1235.0520018820534,0.04279452751714011,0.6941029222280032,0.711302536794058,0.1021687962122934
313.20000000000005,4604.096152521179,16838.18816241115,51211.124467585796,20.429719811774643,50.684261821983256,-1234.6312569910344,0.0469295782308533,0.6939529413837257,0.7106553478374283,0.10581071033696585
313.3,4606.024959703663,16843.320250598135,51082.7488242744,20.51737494518158,50.87665004384889,-1234.1811769561077,0.03280304746839629,0.697504108557254,0.7117939060605637,0.0759039782724333
313.40000000000003,4607.9590977288635,16848.461787698467,50954.27481144926,20.474095858001427,50.6910794114174,-1233.7036739628652,0.036092639353494764,0.6994455731321517,0.7110312304502797,0.06251240624624685
313.5,4609.89604991054,16853.561567568846,50825.72349270855,20.3348544695249,50.23231173666218,-1233.1955214889244,0.02761565663217836,0.7003825875078347,0.7102982836062044,0.06463710181222465
313.6,4611.83620415732,16858.59808733334,50697.082097938975,20.215405470249475,49.82488898672482,-1232.6591607739874,0.011558056705534111,0.6999220998155719,0.7097462983522533,0.0789661794075568
313.70000000000005,4613.778675150383,16863.607240305864,50568.36005322322,20.21738138593195,49.76071684276991,-1232.0932949518508,0.02408766118852396,0.6985505453136309,0.7081711732180643,0.09970210450861079
313.8,4615.724971615201,16868.6428500837,50439.53703559383,20.33293980465748,50.022222590297794,-1231.4965472709157,0.0330664877762152,0.6996915978971916,0.7073282145401137,0.09500037965037299
313.90000000000003,4617.670884304128,16873.72569030935,50310.65602078831,20.41667791088087,50.19146777217447,-1230.8726468332839,0.020833753289782715,0.7035631344359429,0.7082318784672227,0.0545204265328223
314.0,4619.619260152141,16878.818318390593,50181.66350725246,20.376508651062768,50.008044941902476,-1230.2177257274238,0.0014766184560656126,0.7056626418095614,0.7080813724844793,0.025667596162902647
314.1,4621.566350380258,16883.86518675139,50052.589463373166,20.2255061783259,49.50463869933477,-1229.53744310162,0.021184083298402708,0.7056862360246094,0.7074688959808824,0.032340873825812876
314.20000000000005,4623.511809805977,16888.84804276517,49923.42600729786,20.111500013086705,49.102916644373934,-1228.8288825591146,0.030338369961023574,0.7039233605749354,0.7071457093081656,0.059299507182175984
314.3,4625.453916835353,16893.810525365603,49794.17067909161,20.148145358881465,49.128819579118115,-1228.0956738375571,0.03961236931836317,0.7009989388645029,0.7058044173877677,0.09418849347845158
314.40000000000003,4627.391563341182,16898.80890254025,49664.83803832286,20.27132907933574,49.40128934528749,-1227.3394384544563,0.04190749433372991,0.7000321343780728,0.706040898448249,0.09851407247260428
314.5,4629.322937107984,16903.85129611392,49535.41292431793,20.330977488028843,49.49369397284379,-1226.55906362108,0.029761525188797423,0.7030630570913794,0.7082436098328313,0.056635488015207035
314.6,4631.24975455739,16908.883109455546,49405.922059059296,20.23208811830681,49.1314560779558,-1225.7587265761092,0.014998945633178554,0.7043894787907771,0.7089909209251124,0.030698010432460027
314.70000000000005,4633.166677815129,16913.851627578195,49276.32212466319,20.070753154982498,48.583218617354184,-1224.9364255552935,-0.0012778828629342867,0.7039314190037608,0.7101443695124742,0.013187069593769174
314.8,4635.078169305087,16918.76696343017,49146.64914934748,20.023487963003195,48.36103666776959,-1224.0826059363733,0.0186202188817494,0.7021462942331317,0.7113696373157313,0.024435794416414823
314.90000000000003,4636.981040586154,16923.694967727602,49016.888557718135,20.132219613409806,48.57744469826718,-1223.2064418238099,0.02806991166514843,0.7004722080118937,0.7121609794101441,0.037114758084048766
315.0,4638.875321349278,16928.673496246654,48887.0449145198,20.243818102020633,48.80193056128742,-1222.3015407244534,0.02244362805585388,0.7002467031533489,0.7131243160380992,0.024587561037022324
315.1,4640.761726631325,16933.665636226026,48757.11920232085,20.19520160381783,48.569510714612846,-1221.3677071864115,0.009387326826710845,0.7005196658205731,0.7133460820259163,0.017928835766882457
315.20000000000005,4642.64070135516,16938.602441898376,48627.105920480455,20.029529033666773,47.99472609825341,-1220.4093025240343,0.028314210595087562,0.7004294179452776,0.7129287037301859,0.018154871324619806
315.3,4644.511882431994,16943.474942187982,48496.9997690469,19.94791685211137,47.65419731036698,-1219.4220411808562,0.022638161727932583,0.699768910528867,0.7136849990432762,0.021557078452821146
315.40000000000003,4646.378898937526,16948.345751473138,48366.81597977959,20.043821999032843,47.818555133706084,-1218.4038757750207,0.03912252298222598,0.6984685930458149,0.7137101900251154,0.0350544915584097
315.5,4648.24070824236,16953.26803394434,48236.549436783476,20.17144052909398,48.070975331974346,-1217.3560611861296,0.029596681613314788,0.6993697985665476,0.7137060932833089,0.02509051017304321
315.6,4650.100121256525,16958.208750130503,48106.19686280708,20.13556222080306,47.85435630075906,-1216.2809207188334,0.022810287013879653,0.7012072212701971,0.7125193579195943,0.010212161119102971
315.70000000000005,4651.958291145982,16963.094293911763,47975.76998026258,19.969649038342432,47.262409499887134,-1215.1712608503726,0.015563843517776987,0.7029265374506819,0.7106394859747492,0.025368695198873217
315.8,4653.817579735171,16967.914359661536,47845.24306077722,19.897906532436956,46.931289810975656,-1214.0300167127107,0.024890728300822968,0.7038782719973986,0.7096087213422712,0.01978111345697352
315.90000000000003,4655.680231125738,16972.738294092927,47714.63077300767,20.01240918851608,47.130829550984615,-1212.8542264931518,0.04108449051336257,0.7034338856493502,0.7087979632065226,0.03314031553560577
316.0,4657.545575668416,16977.614694190834,47583.94707355651,20.13111507212281,47.34193822661539,-1211.6423600433907,0.0325907347432906,0.7039842899551988,0.7091501250505772,0.02121470353122889
316.1,4659.420403898834,16982.495689813215,47453.16212805503,20.054590982238373,46.990983387524736,-1210.4006163820807,0.03511058266939473,0.7049919436664549,0.7081006796456609,0.018628844176776987
316.20000000000005,4661.297446948599,16987.308371591043,47322.314399744966,19.888425262832158,46.38094507295749,-1209.1272539303075,0.03671753944004164,0.7055767639683931,0.7075201505629043,0.015115852367794108
316.3,4663.186646793523,16992.0699572714,47191.36449206336,19.887147497368137,46.23528136758651,-1207.8247404591766,0.03319182923847934,0.7039685634439498,0.7075278761749041,0.052257713209584174
316.40000000000003,4665.07758763233,16996.861582534504,47060.355178625075,20.04002228301197,46.527253151228386,-1206.4968971199028,0.03509902883086204,0.7011102690287953,0.7077664939360125,0.07924038679249923
316.5,4666.980459303042,17001.696660180292,46929.25200214774,20.083367129891606,46.50773225899351,-1205.1486931327431,0.028425861809494506,0.7008630653506199,0.709922525851918,0.06318972460576863
316.6,4668.891205734302,17006.49529299946,46798.07082804557,19.931618123205148,45.92743140264521,-1203.7764535290858,0.024149897870449626,0.7013284462390637,0.7108267946141776,0.04775417245939092
316.70000000000005,4670.808338019792,17011.2206269221,46666.81347180379,19.836313736148114,45.49912127503615,-1202.3825139597197,0.02425756655599575,0.7019548945199329,0.7114646117091339,0.022113407920595858
316.8,4672.7322488123555,17015.941639068868,46535.4587173919,19.95202672078542,45.67172195769089,-1200.9730164655741,0.03223630560486974,0.7007121291826972,0.7120538089141963,0.030703514912558308
316.90000000000003,4674.658622096542,17020.71268496821,46404.03151698511,20.06085849521003,45.834021515761314,-1199.5376935816391,0.020252806582460915,0.6997601923760164,0.7138298638365479,0.019298250866579963
317.0,4676.58734812945,17025.47732028212,46272.520157528306,19.959836314513513,45.38801508671381,-1198.0791132853196,0.019085476694051116,0.699853088327828,0.7139751547579503,0.00899320441906139
317.1,4678.515533243817,17030.168349287127,46140.92883879042,19.82208257007046,44.831851503058566,-1196.593479663423,0.006010665151091519,0.7005052175431286,0.7135545948710807,0.009805724739327816
317.20000000000005,4680.440546240227,17034.832300159498,46009.248373980074,19.892323091938188,44.87367865064062,-1195.0773358920449,0.01795664223394648,0.7001764815666136,0.712538525796692,0.04146447776297941
317.3,4682.360099456533,17039.54013618375,45877.48196990734,20.022458791631518,45.09124084015578,-1193.5319539967538,0.021887798920912433,0.699436545485472,0.7120749138335751,0.05708555147016911
317.40000000000003,4684.271703388431,17044.25611065392,45745.63754241982,19.948588830635547,44.72317962540738,-1191.9593202739998,0.011438235909977466,0.6996140621468863,0.711968646162196,0.059245064668460905
317.5,4686.17551250871,17048.9032358685,45613.72203306548,19.798610631458644,44.13360567406757,-1190.349136690266,0.021164139373735003,0.701466221769672,0.7108501178933055,0.04679026407089276
317.6,4688.06888434895,17053.514681398425,45481.72644147638,19.848867591679802,44.11691793612894,-1188.7157430710479,0.029763093253687083,0.7033207756150467,0.7094582620603149,0.03351147956415545
317.70000000000005,4689.951692418987,17058.166970659564,45349.64914328273,19.97379556951067,44.316870127080996,-1187.0512777787624,0.024088534427402615,0.7039774491618186,0.7095734230918885,0.018467561355482862
317.8,4691.822379131296,17062.825959892267,45217.483855395905,19.90192007345925,43.94755205950912,-1185.3613716626346,0.011305449622967782,0.7039821252798335,0.710070284442483,0.009030240699047936
317.90000000000003,4693.685825821506,17067.417102989308,45085.25189566422,19.75850944955164,43.37682248395575,-1183.6463851540416,0.005657867595729576,0.7041259821797364,0.7099953531041118,0.009010456384580912
318.0,4695.538713124173,17071.978216904172,44952.93181195824,19.823847874468317,43.3974249629174,-1181.9073442079086,0.018354106481467944,0.7037962598874553,0.7097845423836641,0.023234774302952364
318.1,4697.386321464429,17076.580471342142,44820.53537985342,19.93210878812743,43.536364909177266,-1180.1502541535936,0.014074478670524564,0.7024465308989182,0.7106075296128248,0.037519583363709356
318.20000000000005,4699.229699049992,17081.174562181262,44688.054805457316,19.825296626725237,43.05824232753344,-1178.3757158189273,0.023684353056549853,0.7000378146073778,0.7117274588036978,0.05319900304375923
318.3,4701.071741571479,17085.69885026838,44555.50066347748,19.7192868090156,42.579190241498836,-1176.5886174005834,0.023013003911307863,0.6980738738365014,0.7112138867067955,0.07961203221430692
318.40000000000003,4702.9158934515235,17090.214118783348,44422.8676202724,19.825841684891607,42.704104930276834,-1174.7854883232594,0.028587487174774672,0.6990001462701207,0.7120385854588913,0.05985485702165737
318.5,4704.765895228834,17094.766536291896,44290.149864577754,19.875758034208808,42.665332619035944,-1172.9693484593017,0.014807529201677529,0.7003525549287948,0.7134880937130079,0.014892146031677524
318.6,4706.622410239614,17099.282120350334,44157.35662232967,19.730168881530197,42.0667904930272,-1171.135962854294,0.013225272814979523,0.6998307084236514,0.7141314666607196,0.008849860520324415
318.70000000000005,4708.488656295841,17103.738792548902,44024.48471787583,19.70773415247485,41.816642163386,-1169.2800407368675,0.026031373544784967,0.7001884124942668,0.7132592586345763,0.01788252141575797
318.8,4710.365219289256,17108.216071397557,43891.53989270273,19.828852408807723,41.982846607985074,-1167.3976185688537,0.026409884114333728,0.7013906183239634,0.7121006629034227,0.01632067525262369
318.90000000000003,4712.253154249716,17112.704911852015,43758.51437079086,19.76944049189455,41.63673734200776,-1165.4884547726253,0.02817698995290436,0.7014545418360073,0.7111402608719419,0.03804092982324815
319.0,4714.152978688931,17117.130714185354,43625.407687685045,19.641315152884836,41.092752076429555,-1162.2194149329375,0.02959699556201207,0.7011532414972096,0.7103632973213321,0.05377857947568651
319.1,4716.059974267822,17121.53526450696,43492.234258445125,19.719859329391035,41.142025370886195,-1158.8632619392454,0.02796180747352402,0.702038113608728,0.7091282539930014,0.05914172598385612
319.20000000000005,4717.97327529903,17125.971661369727,43358.98672279372,19.759781689947342,41.08450575827168,-1155.4532089979684,0.018386171328683622,0.7044858104120201,0.7093289160778015,0.014634905120385691
319.3,4719.890062887685,17130.37059035066,43225.66202112884,19.612184532117897,40.48884176887262,-1151.9976001881153,0.014460446315811172,0.7044655440953664,0.7095544308552394,0.007190433120767637
319.40000000000003,4721.807351826159,17134.718094130432,43092.257284636864,19.607269518779493,40.31189577678234,-1148.4899025914087,0.03244506212049385,0.7032465258561711,0.7101714441971515,0.006939860384418642
319.5,4723.719988353385,17139.090383660267,42958.77521106498,19.690813806407693,40.39864348007369,-1144.9355164460835,0.02946255562732946,0.7028960100406846,0.7106043765452099,0.01051555607591778
319.6,4725.62417544299,17143.45123371263,42825.215690824865,19.5647371239546,39.89314519747445,-1141.3276340044292,0.027211580731984993,0.7019552524754018,0.7116493736647992,0.00857451798998513
319.70000000000005,4727.515455942708,17147.751118007774,42691.57643703487,19.48971170476725,39.54337912125393,-1137.6734540002362,0.021379583481369684,0.7003422604419616,0.7133562532667607,0.01365604534321622
319.8,4729.391764314747,17152.06090493754,42557.86879097773,19.569820405222995,39.65138802155602,-1133.9692946823886,0.020344347838337093,0.6997301922198844,0.7140078172912887,0.012514090214078306
319.90000000000003,4731.252704344699,17156.373530283774,42424.09518704712,19.46739849713251,39.24204993784779,-1130.2209125880916,0.005947296689034986,0.700248457243693,0.7138608885640597,0.0043999509601521936
320.0,4733.094483514091,17160.626698028143,42290.24269218383,19.35570313193547,38.817638717976806,-1126.423423297202,0.023155790642080808,0.7002244036445915,0.7134312483897951,0.012862648300204785
320.1,4734.920195582436,17164.878530521513,42156.31792122413,19.41217724335223,38.89409619313364,-1122.5811336541858,0.02495122957569006,0.7004454052752737,0.7130340035765735,0.018335215160491494
320.20000000000005,4736.731352316653,17169.13782979099,42022.322984968065,19.315336338971157,38.5385529517671,-1118.6905957823267,0.01627028475172589,0.7019208135146171,0.7120535454447346,0.004711455046916912
320.3,4738.529723341468,17173.34046148089,41888.24497838724,19.185591612061547,38.09628299213973,-1114.7554242313458,0.012321668633904225,0.7023655081723513,0.7110050638265712,0.031664943152394674
320.40000000000003,4740.321140702932,17177.538884452093,41754.10187191819,19.22591770124333,38.15650346419687,-1110.7727056971953,0.02108319896887602,0.70122506174736,0.7098112512900634,0.06330007141136977
320.5,4742.108655753411,17181.742544624463,41619.88539987713,19.11647522403854,37.796021273185616,-1106.7474626945145,0.02044707482662138,0.7005339575592242,0.7077758258913367,0.08881143913529364
320.6,4743.89699032041,17185.89252281531,41485.59877799736,18.990291632267976,37.398083963207796,-1102.6774715192637,0.023429586504436117,0.7018402603752122,0.7081558549769319,0.07339338154477079
320.70000000000005,4745.689757748785,17190.041547207187,41351.238086496865,19.01351183415482,37.44498969108187,-1098.56695309615,0.025849622410953052,0.7001020441868272,0.7080947995751526,0.08826482629712382
320.8,4747.489763876324,17194.18857538359,41216.80787849413,18.876987134750625,37.041868099007914,-1094.4045518827534,0.014599740632097633,0.700585471723329,0.7102436332262494,0.06723708682901805
320.90000000000003,4749.298643131543,17198.28493213162,41082.30830616477,18.768380658296522,36.72775306065952,-1090.1907595419627,0.02337739845921496,0.7001205773401361,0.7111058560878978,0.060109365856675125
321.0,4751.115430457134,17202.387335510866,40947.73741205895,18.76937764632916,36.73544664688494,-1085.9239134781924,0.02323794622940508,0.6980999557381284,0.7118116432963733,0.0737606542892557
321.1,4752.938105810872,17206.474649368054,40813.10187027551,18.608443922149988,36.273275535124995,-1081.605733807789,0.022136140205840513,0.6989454578079417,0.7134919825163355,0.04375419055751631
321.20000000000005,4754.763271854327,17210.519376664008,40678.40101304818,18.536718945601198,36.08297884783008,-1077.237497617193,0.02532039335632923,0.7002989850925601,0.7130243199479483,0.02316308099923483
321.3,4756.586130777991,17214.574685120668,40543.62642856125,18.497658397918116,35.98882009720614,-1072.8202387911383,0.014757603904520354,0.7011971694935973,0.7128095481026221,0.0027001397927039162
321.40000000000003,4758.400823994734,17218.59797763796,40408.78173304226,18.32569988480184,35.51361214830111,-1068.3566299632032,0.01904280856996189,0.702001127806431,0.7119211811335554,0.00014090305267557907
321.5,4760.201333943716,17222.595531777864,40273.868078695625,18.29313147160452,35.45226515299963,-1063.8466785815576,0.030681109655147632,0.7029576998076176,0.7105340320817167,0.0071085191995384385
321.6,4761.982321993859,17226.597859969144,40138.882612413814,18.187262723204412,35.174736134517126,-1059.2935448493508,0.03236069833953696,0.7029656568110055,0.7104282019136547,0.009156444341587477
321.70000000000005,4763.740015102998,17230.556657188816,40003.83541958905,18.0517516728797,34.81050460892235,-1054.6967716004292,0.032604297192892345,0.7030991581600352,0.7102793504616127,0.00958007865504848
321.8,4765.474339846881,17234.511183530285,39868.730033268,18.02340566107942,34.76127325950328,-1050.0568755945744,0.02184007673428151,0.7034492693196474,0.7103923577844591,0.0049834268663307675
321.90000000000003,4767.181538592666,17238.448524479256,39733.553710152795,17.863816920616202,34.3282963860114,-1045.3754760297036,0.01944187642881879,0.7024997159278098,0.7114183543747425,-0.0002960084565586719
322.0,4768.865166271771,17242.351646845273,39598.31155529307,17.79754790056902,34.171200849510896,-1040.6536065805008,0.025571324099043634,0.7015406869940973,0.712156994970217,0.004380227238611103
322.1,4770.5308026088005,17246.256501744276,39463.00437023915,17.70773875902059,33.93847370259364,-1035.8935808798833,0.019861977649089212,0.7006797597828703,0.7131354630371868,0.009549211130939603
322.20000000000005,4772.183019328877,17250.123462081378,39327.62734229074,17.56962132731288,33.56683383294707,-1031.0963818745704,0.017289660109445607,0.6996250441549609,0.7139119139890135,0.023572108709495464
322.3,4773.829595548833,17253.980763614454,39192.190321317365,17.527156929023196,33.47173401314262,-1026.2635466139595,0.015099960919747395,0.699657943712823,0.7128809937917592,0.04529284347708981
322.40000000000003,4775.477436960809,17257.818852828885,39056.686841265175,17.376113838723278,33.061220086351106,-1021.3965920614194,0.02407633315738792,0.7001227757836216,0.7119536104560541,0.04868763261158126
322.5,4777.132106630704,17261.627759998126,38921.1189801126,17.312423316755748,32.90692105693594,-1016.4929672620216,0.02617231516218488,0.6998700350645328,0.7101790843163781,0.07171200832058357
322.6,4778.795073615337,17265.431490313276,38785.49374463175,17.21771029275959,32.61085742614705,-1011.5437797761942,0.022756904782861725,0.7003746252709548,0.7087235730001037,0.08166030023971294
322.70000000000005,4780.470132155579,17269.199357092413,38649.80358155167,17.089783352706156,32.32237252525021,-1006.5496118227704,0.020208194651870723,0.698022933651846,0.7066941707171163,0.11374955841421969
322.8,4782.153218201013,17272.960721813062,38514.05971270295,17.0169344554732,32.14754521388111,-1001.5119678254237,0.02044656519036436,0.7000715490449279,0.7084771588345347,0.08684399575961993
322.90000000000003,4783.8424570046445,17276.693055358963,38378.249846593666,16.91160387520708,31.77774433258044,-996.4327188369053,0.02206151670330039,0.7020813394636685,0.7109097248906827,0.03467629324920641
323.0,4785.527805287929,17280.409218193938,38242.38110009463,16.85912983651973,31.64349797693695,-991.3136850124672,0.020592919401336608,0.7014874443800585,0.7123460693439193,0.007373909270691506
323.1,4787.202905607557,17284.10657055802,38106.44929642164,16.73545760175154,31.271868288379324,-986.1562992222953,0.011222666642296389,0.7009660645303857,0.7130235960902445,0.010861839105559351
323.20000000000005,4788.859445531918,17287.778805050344,37970.454453349645,16.608634095656427,31.113335601502484,-980.9621401141836,0.019885928838607635,0.6997904257224433,0.7138660634949324,0.017121719880799302
323.3,4790.490949171281,17291.439231432774,37834.40508607412,16.553718108433564,30.795928521641493,-975.7328958243902,0.019694637425441388,0.7002040581157445,0.7135919342042869,0.010627779330997041
323.40000000000003,4792.09497656387,17295.070479609083,37698.302735971956,16.49798376666783,30.589040470912025,-970.4699776809148,0.020729831463703635,0.7012039699752286,0.7126583791534055,0.0011407019356351484
323.5,4793.6663264099025,17298.692010095383,37562.13870272794,16.370439588903587,30.32612556055211,-965.1751959263232,0.018566704348187187,0.7020775627111145,0.7118583676539305,-0.00019449511423155812
323.6,4795.21215045053,17302.28441165963,37425.92133041148,16.251922515622905,30.0789622219959,-959.8499615562783,0.029982433695256452,0.7027635518613139,0.710738750341845,0.008652895902083886
323.70000000000005,4796.737388528657,17305.866323655857,37289.644964064464,16.204081966315673,29.856667436308747,-954.4906621894274,0.030811565829141217,0.7025548398691714,0.7108874915770999,0.010311096293700212
323.8,4798.250880778723,17309.420996464985,37153.31482724753,16.13383665626586,29.589544104183624,-949.0950883745681,0.021356308765047086,0.7027040772298297,0.7107875183778973,0.023064943934372854
323.90000000000003,4799.763143509595,17312.963384744016,37016.927366173884,15.999975593882377,29.387169453207534,-943.6650384552668,0.020844074579821074,0.702129259230228,0.7117151765316322,0.006444794975000261
324.0,4801.28293516009,17316.48032430828,36880.48602266734,15.868869886289787,29.115435413249617,-938.2019002838383,0.023852033327750058,0.7011215324163195,0.7125689414235115,0.010255779195159132
324.1,4802.813580191788,17319.983486903882,36743.995349626595,15.877360457081119,28.920775000823028,-932.7282124812414,0.02477303263302577,0.6999282308013364,0.7131819718884963,0.029295794147122453
324.20000000000005,4804.361731949445,17323.462584062036,36607.45463853101,15.84925688243722,28.655199609739086,-927.2563856732748,0.018004519170755073,0.69966734215773,0.7134122457200518,0.034415334722189383
324.3,4805.924248938447,17326.927290171534,36470.864343366076,15.990498401513365,28.46208968777858,-921.785477922483,0.016258684965306025,0.700258599128202,0.7124250631855648,0.04270923618201494
324.40000000000003,4807.4919190225455,17330.36877244792,36334.22580070683,16.097298790683194,28.209413089554467,-916.3152147328776,0.020408170907263264,0.7013887269637107,0.7120098650759312,0.02606361991357943
324.5,4809.058216841791,17333.795571487666,36197.53216247314,16.127231094011904,28.01335889033527,-910.8450478403898,0.016864366551660067,0.7022673791369998,0.7113871826848589,0.02154988753009634
324.6,4810.610728358804,17337.19979915977,36060.787678469664,16.00728151579211,27.77816411421844,-905.3748505584075,0.013155540582156112,0.7020723371361525,0.7111631641778972,0.03418068309225906
324.70000000000005,4812.137853169351,17340.58905111362,35923.996039217,15.793180549085202,27.571353496632096,-899.8981752726509,0.01924649300447343,0.7024267481884959,0.7114196425323357,0.01040808126063229
324.8,4813.636014844598,17343.956183110466,35787.15991835779,15.79638856740431,27.353542458115882,-894.4115054466395,0.02009295244976978,0.7015455483723063,0.7122805081303085,0.009305619725788607
324.90000000000003,4815.100297029026,17347.307924085526,35650.27788235081,15.771650162458979,27.136999165379898,-888.9150950703846,0.011612336638275166,0.7007371592844706,0.7131022265290989,0.017826995118962425
325.0,4816.535017349366,17350.63812186091,35513.34827116147,15.74145312503562,26.935619625238218,-883.4095599107841,0.019928059194292885,0.7000364655588533,0.7137007975097618,0.013527415811868799
325.1,4817.950976183647,17353.95208516112,35376.3791224793,15.750323316445677,26.708883438502227,-877.8954837493579,0.019290443031426366,0.7004904168086307,0.7133603775527214,0.007617513029913695
325.20000000000005,4819.358886358157,17357.24563868961,35239.359365279786,15.744933280736157,26.51799226592614,-872.3728375123831,0.017358247691609582,0.7012936102637579,0.7126272466959651,0.006954905235110492
325.3,4820.773327419693,17360.521527209872,35102.29374295658,15.699827077265528,26.286817590728084,-866.8428875989634,0.023233291119252295,0.7020821147985608,0.7114778797722834,0.018443016523463255
325.40000000000003,4822.203310450943,17363.778197549767,34965.187362247154,15.712196654485194,26.099874048075627,-861.3060566751312,0.028481093474972585,0.7021297917435293,0.7108013254785944,0.031049292399851488
325.5,4823.654586890085,17367.01572695509,34828.045574154385,15.905841627353595,25.873796946131367,-855.7623066673045,0.022814525990625258,0.7026143273400296,0.7111208213651785,0.010944489081478903
325.6,4825.128266049175,17370.235154199832,34690.86232619759,16.086312555186378,25.67709697653826,-850.2064280350215,0.02151945218054681,0.7018364708189894,0.7119830582040961,0.006527345290216089
325.70000000000005,4826.612552045916,17373.434378055066,34553.642013357196,16.20327959842725,25.466608759207993,-844.6370912553383,0.01983255791009987,0.7006613311545752,0.7128585007175298,0.022652298474921347
325.8,4828.097388886448,17376.615698899303,34416.3798167109,16.20641023235886,25.25487237001122,-839.0555274537437,0.014659682378601642,0.7002188271363536,0.7137485604823722,0.006456023984560968
325.90000000000003,4829.566041730181,17379.776887034044,34279.080282692776,16.05733333965196,25.058013487165383,-833.4627479101372,0.01660514052707949,0.7004823807068377,0.7134464707011912,0.006545003542501144
326.0,4831.004735474193,17382.919222700806,34141.743395062855,15.820766606469599,24.839595668076164,-827.8598296901866,0.018956525436899557,0.7011410815381802,0.7127102741980814,0.009268170009585327
326.1,4832.408907689465,17386.042354350735,34004.37498203608,15.625115769822143,24.64182391184832,-822.2478550881048,0.014310756598252337,0.7016252375181629,0.7118869624559391,0.02709577473377542
326.20000000000005,4833.775973128985,17389.1454992909,33866.97510818103,15.589779604816652,24.43265277288212,-816.6280097321909,0.017917582021268252,0.7021643358906849,0.7114763465071249,0.021109571728911015
326.3,4835.116885345777,17392.229760927075,33729.54232692573,15.594816400524902,24.22418031631028,-811.0013599069023,0.01871323235272153,0.7019850096378512,0.7118921064735133,0.008745851551610725
326.40000000000003,4836.44686208703,17395.293969383467,33592.07520041287,15.583566549450818,24.025031357445666,-805.3648057302511,0.013719865766807707,0.7006893809813407,0.7123509214470428,0.037447581722662084
326.5,4837.784277412091,17398.338592149044,33454.57411895706,15.553606526831587,23.8137243947939,-799.7169468279094,0.020995315796239172,0.6994910963150158,0.7129567661734175,0.04431763145945759
326.6,4839.141953445874,17401.36380153903,33317.04814145114,15.719306952290026,23.612284943093044,-794.0591838578293,0.022843178189177603,0.700247798972825,0.7134891637094274,0.008026363632044252
326.70000000000005,4840.527500460748,17404.36884706491,33179.495934685314,16.03034787229364,23.410115133455644,-788.392982899356,0.017048464811540973,0.7008948949931503,0.7130259757247088,0.007046556743352328
326.8,4841.93683609292,17407.354293925884,33041.91858967308,16.18817800582667,23.201936431782023,-782.7198371513598,0.02561402469356399,0.7012711880910906,0.711943182728483,0.026448951940403018
326.90000000000003,4843.357552433283,17410.319835459017,32904.316176626846,16.266246956007716,23.002186611257308,-777.041004669544,0.025507037700626036,0.7021751738537679,0.7115135365758354,0.00692123692102287
327.0,4844.770159756126,17413.2651085204,32766.687182863305,16.15374706724168,22.798656256671546,-771.3581041596578,0.02263845004255819,0.7021524209979272,0.7116647775655449,-0.0016500421217801916
327.1,4846.154309163751,17416.190487816224,32629.03396536032,15.970126651567837,22.592752387105868,-765.6719145581856,0.023397095308718883,0.7011619191500857,0.7125651077221649,0.008689437368600242
327.20000000000005,4847.50039057242,17419.095561861872,32491.36499271391,15.618146211325207,22.393198027794135,-759.9784567902481,0.01489378416665383,0.700401188995872,0.7135651201659979,0.006416301804844273
327.3,4848.804981966985,17421.9802427503,32353.679532103728,15.466837576240547,22.190609878028496,-754.2770982234409,0.018024675015637807,0.7001955094075595,0.7136913496461823,0.006783593168791353
327.40000000000003,4850.080857190922,17424.84465480575,32215.97709763552,15.472402452200692,21.98650753891899,-748.569674035022,0.01792924613528117,0.7005228501623928,0.7131163808111345,0.02028067928367501
327.5,4851.346114050485,17427.688590856793,32078.254742876816,15.449736817731338,21.787173455187016,-742.8576607263473,0.015305391282632492,0.700775968842014,0.7117306680968932,0.04602436943155257
327.6,4852.621878807492,17430.51175186297,31940.5206794335,15.502910394274364,21.586594976144042,-737.1430132678149,0.021073980234916814,0.7005466043255882,0.7104128821002021,0.06406152879092515
327.70000000000005,4853.927195064749,17433.314537547798,31802.77450068807,15.89343908077789,21.38438968346127,-731.426739807931,0.019511237777103476,0.6999070385480711,0.710630692359445,0.06894539917942426
327.8,4855.265712610908,17436.09660721734,31665.020956599816,16.115929901444964,21.19359654443161,-725.7108360195616,0.019334036344021338,0.699696428605015,0.7121964807491127,0.05317213221805237
327.90000000000003,4856.624997399919,17438.857828117263,31527.2608444902,16.257198940919316,21.093500923952334,-719.9951255770495,0.017554176538312698,0.7000629752657586,0.7136204459287739,0.018696007609473042
328.0,4857.9856320086765,17441.598135390803,31389.491097237587,16.19623359834694,20.994000420985373,-714.2774150480897,0.016169191402782914,0.7003856327124699,0.7135441350551277,0.007300004641297487
328.1,4859.321815938271,17444.31754664545,31251.713000489697,16.007052546975764,20.895096198285955,-708.5552548486124,0.022902600900777528,0.7011006785660818,0.7126446443955131,0.008421413215834221
328.20000000000005,4860.617363481806,17447.01582339768,31113.935006348893,15.665481709200124,20.7970000765578,-702.8299647850853,0.022803105435992437,0.701891878637652,0.7119184001760467,2.399501547941808e-05
328.3,4861.865384071529,17449.692793470054,30976.155499861477,15.377670311323385,20.697139520551534,-697.1031976783734,0.026108383450737852,0.7017424489401586,0.7119026354879144,0.008397931556038546
328.40000000000003,4863.081702502871,17452.348365808975,30838.376874648213,15.375093301309196,20.593605595744897,-691.3764900504833,0.020690038328763722,0.7010224554004109,0.7128011623245394,0.007344544037503991
328.5,4864.289408711463,17454.982478399823,30700.596874694907,15.360136115666869,20.488447965045417,-685.6513721290993,0.017452289265986153,0.7002469030061305,0.7136116895935398,0.010394657529349186
328.6,4865.517378979297,17457.59491368202,30562.817872597043,15.626447466960158,20.381672666966644,-679.928566272265,0.02062466718449933,0.6998243601305879,0.7133897947514481,0.029924719143693275
328.70000000000005,4866.780640662597,17460.185446445706,30425.049086582087,15.952730477101364,20.273569417890272,-674.2069935204024,0.02024911361993682,0.6998604266498742,0.7120142636313169,0.053113510452767264
328.8,4868.079876342141,17462.754186948918,30287.290079025974,16.18025397919429,20.16388662804667,-668.4878129264769,0.01652793226212112,0.701067130512714,0.7118481194318649,0.03878093386092335
328.90000000000003,4869.394784886566,17465.30110433276,30149.539324913618,16.200335641782083,20.055834402282333,-662.7728992632558,0.016071384282058804,0.7013430304824331,0.712286764752318,0.022521744152068562
329.0,4870.6946403366255,17467.826040949643,30011.79949098516,16.034083759100703,19.944303873602216,-657.0638893358031,0.01630351952512014,0.7007501448971117,0.7131124150149385,0.012414234947548137
329.1,4871.95222138271,17470.329132294682,29874.0736585134,15.712721334381165,19.830856193525655,-651.3625207223872,0.015770094411325587,0.6999807793789612,0.7137236081783566,0.01941194866950935
329.20000000000005,4873.158241271536,17472.81041257664,29736.368477957774,15.318544321579662,19.717613130257106,-645.6703358678201,0.01602989819843537,0.7003059631663769,0.7136173508174217,0.008054621635166535
329.3,4874.32640227676,17475.269913226726,29598.682701829606,15.305175310044635,19.605921798686285,-639.988154719151,0.02193798064958919,0.7011087468237374,0.7127094134313537,0.0032468659662097943
329.40000000000003,4875.487144085065,17477.70777756148,29461.01568489617,15.298532018182609,19.49290763627443,-634.3151519138962,0.02411571341328023,0.7014124787211197,0.7120330903734539,0.021162355116860224
329.5,4876.673336236585,17480.124074131516,29323.373178162477,15.646296685272018,19.379778658394457,-628.6546913334773,0.022895846580746726,0.7012647710406988,0.7123966067019418,0.013949045348913326
329.6,4877.90299210165,17482.51893641583,29185.76059009731,15.964557188606289,19.267446640608764,-623.0086665675083,0.018060750065134454,0.7003711588322729,0.7133202428071788,0.018118509445635162
329.70000000000005,4879.16978860453,17484.892433507106,29048.17788377206,16.13776652192391,19.156298753341446,-617.3785158063856,0.015432565030375248,0.6999387067024413,0.7137938622319641,0.01860013538318779
329.8,4880.442175557102,17487.24484501445,28910.625419049502,16.079507948425334,19.04663164287988,-611.7657196325232,0.01544114645842837,0.7004534039614381,0.7133972119391866,0.01382092154232943
329.90000000000003,4881.684750981465,17489.576253836403,28773.103921844428,15.78727808677188,18.93738106885485,-606.1716303034234,0.015476006342567454,0.7010993217224372,0.7126224591158128,0.019734869438515754
330.0,4882.871903452575,17491.88684357974,28635.621385331964,15.422194084078573,18.827190925933863,-600.5971175150524,0.015159745758863967,0.7012452517347515,0.7126311880476951,0.013493289062430455
330.1,4884.010880309084,17494.17686239378,28498.179696807627,15.18909519745973,18.71879429313146,-595.0411024067965,0.015085604534602294,0.7004084102400101,0.7133512433678678,0.018179301042787626
330.20000000000005,4885.13194886834,17496.446490360617,28360.77766604421,15.167232590469247,18.61151992640414,-589.505074564813,0.014995658208956153,0.6999625253117066,0.7138519822744505,0.015586558214572754
330.3,4886.277677094291,17498.695916690616,28223.41920789018,15.526874052356222,18.504642951960783,-583.9900547864097,0.017596366277679073,0.7002878430550041,0.7134638665606781,0.016019234547208622
330.40000000000003,4887.4705476083,17500.925379212287,28086.11293473964,15.880431553459974,18.397616927491615,-578.4975108465505,0.020822968225727104,0.7010652960641005,0.7125897650676144,0.017020028487273905
330.5,4888.704856516014,17503.135181345326,27948.859586131017,16.06224263949001,18.291103418122308,-573.0499756315025,0.021145599293474617,0.7012856185484664,0.7124262457549495,0.014148823524341023
330.6,4889.943998475059,17505.325391411538,27811.658195693344,15.963905730136075,18.183822186664038,-567.654189744333,0.01720511420363534,0.7006004196566266,0.7133128368341178,0.006916128242139958
330.70000000000005,4891.145012199525,17507.49632098583,27674.513096424227,15.613446982730071,18.07322949313653,-562.3070198538256,0.014764380075378208,0.6999925540823262,0.7139721871299372,0.0060127626915926526
330.8,4892.28689031485,17509.64800487955,27537.430626592264,15.252058141967161,17.96425186251372,-557.0084017519814,0.014770337147619498,0.7001553917857213,0.7136361390613394,0.016962473863010776
330.90000000000003,4893.387583791549,17511.78056560462,27400.412634034543,15.03218415052915,17.851589422355303,-551.7578000361027,0.014785217012862619,0.7009343991891378,0.7129362315140468,0.013938980801846303
331.0,4894.488006790951,17513.89405487038,27263.456566058187,15.269164924894818,17.73447390976773,-546.554435277122,0.01483671771113267,0.7002000179526652,0.7121611686603345,0.04823148887391328
331.1,4895.630818952827,17515.98857469206,27126.572129058666,15.644359570511176,17.613939856831685,-541.3981883739167,0.015956787314398167,0.6998217575886869,0.7132038624268157,0.036539556148866184
331.20000000000005,4896.827140430554,17518.06425184615,26989.765795764182,15.945939474019651,17.49095096708364,-536.2886960792856,0.01488842990338189,0.6998382043499877,0.7139726878854802,0.01574240581295072
331.3,4898.047134119834,17520.121153356995,26853.035604460194,15.94340602632391,17.367261205592712,-531.2255641641857,0.016190927902628983,0.7005220551269602,0.7134146713753861,0.006797852653732886
331.40000000000003,4899.238960236655,17522.15962478623,26716.384355036247,15.614405172378985,17.241605053143907,-526.208763936078,0.018947893336529086,0.701152427171184,0.7127271172320535,0.006804966726721376
331.5,4900.3720220945615,17524.17981771075,26579.822329775445,15.20436404078712,17.115778713562236,-521.2364183665516,0.017415490556942057,0.7008202548775204,0.7130938972141553,0.0066906500428630345
331.6,4901.455343604994,17526.18197095089,26443.35009336064,15.008720915950414,16.991378938603063,-516.3080828884758,0.01410472361141903,0.7000049939989021,0.713929447011116,0.009940313820214692
331.70000000000005,4902.5375645696195,17528.166424388302,26306.96896252272,15.19838461429336,16.86741788240039,-511.42353771636476,0.013873370227289515,0.6998007289437884,0.7137089315232804,0.026571233170038327
331.8,4903.667324664105,17530.13345093793,26170.68630981634,15.604082938616232,16.743424882818637,-506.5830547242438,0.014404777660837505,0.6998214246056568,0.7124141869491789,0.05008495060386219
331.90000000000003,4904.852734557189,17532.083398382594,26034.508331713943,15.889791012810242,16.619567535258906,-501.7928503175473,0.013456194852156489,0.7006604347841718,0.7129681580973874,0.023880776523696072
332.0,4906.054147953918,17534.016538338845,25898.43296483922,15.803996215862238,16.496384771491655,-497.0910944970482,0.013221253846767358,0.7000714923448472,0.7138078626358318,0.014263214646193631
332.1,4907.216147270418,17535.93311726037,25762.465867265644,15.405315135575309,16.374185391257562,-492.48310340011693,0.013066384460244482,0.6998955692604658,0.7140960508932466,0.006503216540702732
332.20000000000005,4908.3143244698,17537.83336264782,25626.613773909103,15.02544267563754,16.254100505729873,-487.9650788561906,0.015342729287912095,0.7005425018661098,0.713416188537409,0.0064919696491556765
332.3,4909.378834741592,17539.71757940789,25490.87620390374,14.998607551187495,16.134814950566707,-483.5332234912755,0.017087185286276996,0.7009259809614117,0.7129100838967593,0.013038772587586603
332.40000000000003,4910.4690094534735,17541.585940503286,25355.257260579114,15.341378986358915,16.016413186886904,-479.1832281911661,0.014104527165177056,0.7002971396892936,0.7135808548597463,0.013687294622184354
332.5,4911.619575970624,17543.438732370458,25219.765943418934,15.7403313836873,15.899340802418491,-474.90977931827075,0.012495272178192445,0.6998134362684176,0.7141011627320801,0.012827781416662876
332.6,4912.809752745055,17545.276136655568,25084.402778294734,15.81472354321637,15.783955225119804,-470.7072434282603,0.012346624324862469,0.7002048090186039,0.7137133994385071,0.01318975954788577
332.70000000000005,4913.9774171137815,17547.09844345761,24949.170394393852,15.460968660547966,15.670013745067035,-466.5704962052274,0.01222685007789469,0.7006442853249322,0.7132935432967439,0.012665333389362238
332.8,4915.080138679798,17548.905572122527,24814.078408634246,15.010203553671003,15.555881018619134,-462.4963994659893,0.01241089764386609,0.7001729949760629,0.7137540556461004,0.012605347066500863
332.90000000000003,4916.136102701075,17550.69769321622,24679.129557789798,14.9088397705024,15.440861216455064,-458.4826689456589,0.012585336809607134,0.6997432414887811,0.7141742620414944,0.012495148084314837
333.0,4917.212729525432,17552.474849388032,24544.326915870675,15.255318491767358,15.325746316485446,-454.52685028411844,0.013996547839128987,0.7003279313907462,0.7135819794643232,0.012068295087685496
333.1,4918.353857797628,17554.237049549327,24409.681525270047,15.687696953777417,15.21065927181399,-450.6270527784254,0.016093115397200455,0.7007252219806994,0.7131447308087058,0.01223796701623652
333.20000000000005,4919.536385758557,17555.984226432538,24275.194109866523,15.735980288241281,15.095705097029722,-446.7819471775382,0.012989210948324411,0.700156614032655,0.7138428851254588,0.006350715001384815
333.3,4920.687761828862,17557.716437461244,24140.867920133947,15.32347000128407,14.980592534238689,-442.9898514356804,0.013010252526449202,0.6997270597100442,0.7141953721839864,0.011736506708191182
333.40000000000003,4921.770812834898,17559.433667387453,24006.712316858655,14.901686192363448,14.864669835908565,-439.2496482467741,0.013202774009142677,0.7002960448402119,0.7136375392164306,0.011515162210615739
333.5,4922.819584973333,17561.13575964977,23872.728367376094,14.91672487902253,14.747977839477654,-435.5599725393222,0.013296690782832792,0.7001813001617051,0.7132168916374308,0.029849797338192093
333.6,4923.907729818979,17562.822629326707,23738.92120000401,15.359004127760643,14.629597343134275,-431.9200390115386,0.013433682536703231,0.6996437971575096,0.7139375518905476,0.024723779505893575
333.70000000000005,4925.062164956401,17564.494187251294,23605.29929195324,15.699889956630926,14.509770553521207,-428.3283485400673,0.013536545286085418,0.699893386802634,0.7140291865752295,0.011328273053401242
333.8,4926.230732230728,17566.150247684356,23471.8627935317,15.524099696488266,14.388642668325302,-424.7833105538035,0.01678672329835439,0.7005551012756033,0.7133697139163341,0.006663877592015725
333.90000000000003,4927.342388941455,17567.790748765812,23338.618195082294,15.028677717496143,14.265686061779451,-421.2835138416633,0.015360821170567585,0.7002795011538513,0.713671739146552,0.006731580810985572
334.0,4928.3934017862675,17569.415512755975,23205.57017039226,14.810449629947913,14.14202084588893,-417.8280832870056,0.01390821564468985,0.6997082325195418,0.7142056666768392,0.011190020940608386
334.1,4929.453919742203,17571.024398689486,23072.721268307774,15.141252947930877,14.017973302708175,-414.41654566692335,0.014001981230112946,0.6996015787634671,0.7133568696908008,0.03851690509682376
334.20000000000005,5838.367485747122,17775.437997773926,26098.92266871407,16.16591922720823,17.50769884876658,-497.54778667344954,0.013235708624365893,0.7067209888805076,0.7067836819519692,0.02875911715241044
334.3,5839.2415290803965,17776.572706331146,25963.28251704364,16.125648166275084,17.341907091893276,-492.7860954685908,0.013259082758727973,0.7066253650358184,0.707380415453838,0.010850716324234544
334.40000000000003,5840.084808436155,17777.6956393128,25827.770329455067,15.41277254619285,17.175579762430992,-488.08486195824,0.013288869257941151,0.7067146307518495,0.7073412256049986,0.006799058371641433
334.5,5840.88184759392,17778.80676296124,25692.394159696345,14.975349890300654,17.0086464810067,-483.44285761013003,0.015652786388254722,0.7070349142202458,0.7069642899182801,0.00762319697995899
334.6,5841.677636622847,17779.906093117286,25557.15225363137,15.436279002793333,16.8414683873316,-478.85785201805345,0.013372616170361812,0.706767675424958,0.7072389635347163,0.010661827681099396
334.70000000000005,5842.516490069039,17780.993617891905,25422.05554966334,16.132670367557864,16.67377255867632,-474.32839463112487,0.013412725029431662,0.7065098095239228,0.707408915062803,0.015382286677315357
334.8,5843.378327873376,17782.069315319113,25287.104164372242,16.066980059466033,16.504343937899428,-469.8536915928689,0.013431796328617077,0.7068573555401492,0.7071492735525015,0.010591066062641086
334.90000000000003,5844.206712194358,17783.13312396856,25152.301081088663,15.318158200560765,16.335191413232867,-465.4331112089648,0.013417423840063069,0.7067657099273565,0.7072418827351374,0.0105415043344836
335.0,5844.991085659291,17784.185026810315,25017.652751739697,14.980112851082653,16.164764208844954,-461.06559700812863,0.01338974304853555,0.7065265995170853,0.7074807098194401,0.01057942291901685
335.1,5845.783930400584,17785.224938325853,24883.15938349332,15.56906797897314,15.992724991233262,-456.75058606457344,0.014387521505167021,0.7068585129595826,0.707129622412501,0.0105706664056672
335.20000000000005,5846.621688585095,17786.25286956866,24748.83126404344,16.156536977002606,15.81958597686229,-452.4872337478196,0.014202144924094516,0.706857193274547,0.7071354296649465,0.010521003191541832
335.3,5847.467798583935,17787.26870788916,24614.666676562803,15.801294943616886,15.645677904735502,-448.2750000077328,0.013357650616948389,0.706559492365582,0.7074958270871814,0.006701609680631515
335.40000000000003,5848.268614260236,17788.27246325118,24480.67202808051,15.049034906802206,15.471032890621668,-444.11313311587645,0.013348623051349187,0.7067698325966902,0.707237863690388,0.010621777465917392
335.5,5849.0412776198655,17789.264077227763,24346.849687458052,15.121965659418374,15.298084943725556,-439.99959356637186,0.013290099155643916,0.7065186345603562,0.7069962632137091,0.02847939755779149
335.6,5849.845831884155,17790.24368204652,24213.20614111457,15.866846385581006,15.123586146464898,-435.93100317686674,0.013238767269523792,0.7065319571383808,0.7074780590254234,0.010588889507980754
335.70000000000005,5850.685416798795,17791.211303055363,24079.746253206747,15.98066491119962,14.950360969557543,-431.91020439404053,0.013902041213431575,0.706848804290853,0.7071996284556414,0.006339292933295576
335.8,5851.499396606871,17792.167042378373,23946.4713066063,15.230760979909899,14.77883104066457,-427.9383895464226,0.013371399680565424,0.7068095665028923,0.7072503387430669,0.0061968313187911695
335.90000000000003,5852.268652951829,17793.11098491751,23813.386454927786,14.908817814621765,14.608785795332917,-424.01666360988855,0.013065576797940405,0.7065417268078347,0.7074724487248756,0.01052678856863369
336.0,5853.051551768911,17794.043179079184,23680.495188967427,15.55501548375919,14.440006381891537,-420.14563700318763,0.013008411973545901,0.7064440918823961,0.7068934760698669,0.032697702552991224
336.1,5853.877113362296,17794.963757749865,23547.804827894022,15.939490876290034,14.27235798508707,-416.3438592209271,0.012958072613219908,0.7066610452440881,0.7073558391830765,0.010486766054842545
336.20000000000005,5854.692507537932,17795.872890958974,23415.314412054835,15.293569990736836,14.105718595782507,-412.56877773858525,0.01290325069641695,0.7066117502981096,0.7074599068269141,0.0058155562555541095
336.3,5855.460535044918,17796.77068543335,23283.030052920294,14.805996189140634,13.940941328740173,-408.82152467918263,0.013790440807263436,0.7068464243155127,0.7071689140604405,0.009491214953472674
336.40000000000003,5856.232114672077,17797.65729417151,23150.95433402424,15.35941197766357,13.779203305777267,-405.11414114739256,0.012852765480723116,0.7066072729196328,0.7074122347824838,0.01043543753892611
336.5,5857.0467286241255,17798.53291905931,23019.094605244896,15.806717479413232,13.619737537936663,-401.44829803888763,0.012824525571882066,0.706627550339584,0.7073926683049258,0.010423505810044474
336.6,5857.855907286641,17799.39775601855,22887.451766896764,15.205608895119575,13.463099339500829,-397.8234295886151,0.012782451983464223,0.7067306163988392,0.7072905284843379,0.010418881041331925
336.70000000000005,5858.619068683396,17800.252023448833,22756.030970012715,14.719650112876653,13.308647880997507,-394.2396154382588,0.012727762168003302,0.7065457005135333,0.7074886151050709,0.009541312946566283
336.8,5859.38627716107,17801.095847184577,22624.834297687823,15.275016366938742,13.15633945366952,-390.6966758824522,0.013058169648290766,0.7067688953486004,0.7072476113727786,0.010393699084300096
336.90000000000003,5860.194843134487,17801.929364507385,22493.86922119463,15.647536942230843,13.006529935395541,-387.1943695193779,0.01263796306395682,0.7066905685174429,0.7073916676189714,0.00507452868137823
337.0,5860.992505733859,17802.75292646025,22363.136226312257,14.979844787536067,12.856078362547166,-383.7328384674148,0.01263394580670068,0.7065793490155374,0.7074442461108031,0.010423320145253712
337.1,5861.747009484172,17803.566495451443,22232.64006963085,14.630960077568426,12.707255066231102,-380.3115492821996,0.012627760409250751,0.7066594107932328,0.7072646658489989,0.01580219117437609
337.20000000000005,5862.516591586274,17804.370104597438,22102.385189568813,15.288479222303426,12.560182139050164,-376.9335055753221,0.012621582088818497,0.7065280201470434,0.7074908542823406,0.010749117150645776
337.3,5863.322490447455,17805.163777029316,21972.376811107017,15.405642396140122,12.412935748941024,-373.60118800528727,0.012825051526987648,0.7067588735758243,0.7073212198601472,0.004909644662829007
337.40000000000003,5864.1012548206345,17805.947775342825,21842.617000429273,14.631277129792236,12.265545105338578,-370.3133960195814,0.01263219237241321,0.7066593843306852,0.7074242701870476,0.004883052689306549
337.5,5864.8482900377285,17806.721994860018,21713.110026012055,14.654353149029436,12.118673545931042,-367.0697349416549,0.012622998391615152,0.7064281835985612,0.7072805971598572,0.023538016280871977
337.6,5865.62904322511,17807.486544531224,21583.861114136824,15.320626428009241,11.972719943535061,-363.869925395962,0.01262220336012507,0.7066036927631212,0.7073045351573198,0.016498360577459053
337.70000000000005,5866.425869856097,17808.24164189075,21454.873203905492,14.935268512026841,11.827446030043024,-360.7132411283719,0.01262616515056388,0.7065750331310962,0.7075050118276733,0.0053815191261538204
337.8,5867.179517345722,17808.987050576587,21326.149904422782,14.342452259173227,11.681717561341992,-357.59931665348427,0.013144062084135462,0.7067233218888157,0.7073181420231103,0.008392013783411539
337.90000000000003,5867.93338461876,17809.723001807666,21197.693635902197,14.867239249184722,11.536058493870337,-354.5275272150008,0.01275312462041007,0.7065171008914026,0.7074728278781022,0.01237504644781521
338.0,5868.72515014581,17810.44947855348,21069.510752541344,15.067207067059552,11.391309514295969,-351.49799457508345,0.012797077305070757,0.7065895960002533,0.7073953306199539,0.012618393468778891
338.1,5869.494546734144,17811.166547482662,20941.601983787146,14.317785152091542,11.246981202010062,-348.50758636173623,0.012856033508530639,0.7065096089932883,0.7074698533776431,0.012856957820369113
338.20000000000005,5870.235500579132,17811.87426955428,20813.971860521684,14.393332868072456,11.102944837645117,-345.6034840845765,0.01292068763223907,0.7065631253620557,0.7074107941302715,0.01309862808437318
338.3,5871.011197291953,17812.572670898433,20686.62503131814,14.933833315542643,10.95964263682043,-342.80806959302646,0.0129827733492513,0.706589038129353,0.7074417199749738,0.009465285544995709
338.40000000000003,5871.789561644669,17813.26182912859,20559.565518425894,14.354894043091427,10.817221537117373,-340.1130684177915,0.013026476530767354,0.7064812594643267,0.7074812286962644,0.013596027997773217
338.5,5872.528862953976,17813.941799444077,20432.794462098896,14.063398798328477,10.676293673377387,-337.5140835145473,0.013079083868708841,0.7064691740459806,0.707374305369031,0.018757286360937268
338.6,5873.289923992847,17814.61267643151,20306.318241211655,14.669743163845613,10.537315030918354,-335.00505596340463,0.013152766018706283,0.7064628821880774,0.707489604766904,0.013987851276790685
338.70000000000005,5874.068188563724,17815.274553542913,20180.139790684636,14.284373877149662,10.400420206234354,-332.5777583872482,0.01333531910956095,0.7066113740156349,0.7074438775064201,0.006759848716071437
338.8,5874.808331243544,17815.927521834143,20054.26226931922,13.825691334521514,10.26479023386614,-330.23428165087165,0.013279208920943036,0.7064444538516437,0.7075380192667832,0.012241222354167738
338.90000000000003,5875.560308564583,17816.571748122624,19928.68964920486,14.394791395893826,10.13048790540909,-327.96756594533804,0.01333737623753526,0.706451294705396,0.7073854877164492,0.018826958658516562
339.0,5876.334220586189,17817.20731670164,19803.426660500976,14.119672624130246,9.998720031053374,-325.787632002386,0.01341404061509969,0.706474488898197,0.7075780978344315,0.006862617242395517
339.1,5877.072940466548,17817.834340616315,19678.47481554297,13.635270762955614,9.8689248166103,-323.6762253785894,0.01364144402372402,0.706553486528068,0.7074444343286598,0.010883658271972997
339.20000000000005,5877.820753178173,17818.452928922117,19553.838225358173,14.164889157569242,9.740304585869126,-321.61635190106546,0.013540281341823238,0.7064001340391531,0.7075445511136433,0.014007840663130945
339.3,5878.5885999541915,17819.0632469451,19429.520519826256,13.882403079906101,9.614406498494182,-319.6196339833886,0.013609405099619639,0.706471577846766,0.7074720826084815,0.013998075480345486
339.40000000000003,5879.323420881003,17819.66531619659,19305.52433643074,13.487305304585218,9.489380232601771,-317.68285299031726,0.013638708824707135,0.7064252435542754,0.707561153837746,0.011600623719242958
339.5,5880.070528170635,17820.259308585137,19181.853292366202,13.97714330452168,9.366918792770297,-315.8038986549728,0.013676524182583754,0.7065035007106488,0.7074772164136366,0.011905646790246024
339.6,5880.830521614952,17820.845264547745,19058.510053680373,13.788163761967091,9.245415919279509,-313.9800952958461,0.013692215743338856,0.706406688127537,0.7075669959665627,0.012290663756555428
339.70000000000005,5881.5604412444745,17821.42329968859,18935.49701460525,13.382823820739999,9.1260226441489,-312.207900726583,0.01372244395117174,0.7063896006662771,0.7074753644240327,0.017436609063309717
339.8,5882.309142648395,17821.99355302106,18812.817871631974,13.807518148045123,9.008226185936865,-310.48758895575173,0.013752904994905753,0.706458824960044,0.7075735179314494,0.008154934848772052
339.90000000000003,5883.058756155352,17822.556055751396,18690.475459418376,13.607929652759001,8.89174818367381,-308.821287835898,0.013774697079663048,0.7064716144247382,0.7075809009673509,0.006114271722751647
340.0,5883.78564304768,17823.110902922443,18568.47032158635,13.634015689213443,8.777418751800296,-307.2087346042196,0.013802778703021018,0.7063531661491217,0.707480312357014,0.01860901927583682
340.1,5884.535842690322,17823.658212947088,18446.80829861395,13.5837248764289,8.664054764434717,-305.64408252425136,0.013825408625555046,0.7063972805604103,0.7076010287986673,0.010607739451038618
340.20000000000005,5885.272272626639,17824.198081631595,18325.49107698335,13.164969203713929,8.552508905090722,-304.1182891838138,0.01384408453523521,0.706493821522664,0.7075558753591442,0.006285277912618461
340.3,5886.001305221664,17824.73051886778,18204.521914338,13.969985084168833,8.441586413704528,-302.6210537767059,0.013783811045376388,0.7063643210714563,0.7075980011777587,0.012826581756897645
340.40000000000003,5886.748136051195,17825.255638371687,18083.90613756815,13.431976342637284,8.331931570487967,-301.1454669590889,0.013747177469939248,0.7064035564802278,0.7075338481466379,0.01417336341543663
340.5,5887.472286042819,17825.773492568194,17963.644598826366,12.999022377206305,8.223237038662361,-299.68834891215056,0.013710759903504881,0.7063901621267054,0.7076058196930173,0.010906780003687118
340.6,5888.208012502575,17826.28414222077,17843.74199853489,13.92536599356551,8.11567744676189,-298.2485346782279,0.013663713958165714,0.7064326780678034,0.7076071839654804,0.007632003620494072
340.70000000000005,5888.942198633361,17826.7876129083,17724.20048902327,13.494685731352927,8.00871618819929,-296.825918632281,0.013616968290561738,0.7063731671904356,0.7075653876164764,0.01423899908955925
340.8,5889.663652981115,17827.283979496187,17605.02344915071,13.17304579954134,7.9027339700498045,-295.420378751664,0.013578444477981944,0.7063543179435451,0.7076246018971811,0.012108928851204808
340.90000000000003,5890.400754524495,17827.773323316924,17486.213995050544,13.55020512040782,7.79785578418711,-294.03168638407163,0.013535687800819395,0.7064584729648447,0.7076040011550372,0.005457900816336319
341.0,5891.120066559215,17828.25564779757,17367.774016498694,13.639662834472935,7.693630604075313,-292.65961739829686,0.013488196803362593,0.7063615469303335,0.7076289002142743,0.011522723059973266
341.1,5891.848599496931,17828.731079272697,17249.70781905791,13.357479367810134,7.5904344539949795,-291.30398418345715,0.013446397415659811,0.7063470901623808,0.7075987100145704,0.014037385846132736
341.20000000000005,5892.573025238733,17829.199609910047,17132.016921678023,13.1966458385416,7.488093253962196,-289.9644435943219,0.01323720596381143,0.7064326271671386,0.7076216909193762,0.007018703043218183
341.3,5893.290895172029,17829.66132115626,17014.703933902176,13.876448945842743,7.38669317052305,-288.6408232813899,0.01309207884437165,0.7063608660621314,0.7076548646382601,0.010369036661804568
341.40000000000003,5894.017741374656,17830.116241012056,16897.770605299324,13.216598814072444,7.285953177983654,-287.33256213229055,0.012931607704087765,0.7063536596159999,0.7076040546334882,0.01392059393557376
341.5,5894.730263678399,17830.564459431873,16781.22210427166,13.249909552278694,7.186306962968477,-286.03919509110233,0.012745366747031394,0.7063934215243082,0.7076205979234649,0.010907751743716438
341.6,5895.453627376297,17831.00600759536,16665.059680231683,13.812344564596293,7.0876300651156185,-284.76060812349994,0.012593882409372315,0.7063836343659088,0.7076871441510973,0.006516228136964979
341.70000000000005,5896.165302835936,17831.440940484026,16549.286852880818,13.161795286708077,6.989803328974062,-283.4964863171749,0.012431978621152424,0.7063552868069218,0.7076162283225295,0.013672165961272026
341.8,5896.882402598755,17831.869424203367,16433.906392987614,13.365259218960997,6.893004620701484,-282.24666402098956,0.01225281316179934,0.70641099707255,0.7076522050473861,0.007856747174254322
341.90000000000003,5897.594493315559,17832.291440876535,16318.920796295435,13.598932135449854,6.797035898558121,-281.01098223480426,0.012097200607051169,0.7063743498511379,0.7076829760777282,0.008587256816041108
342.0,5898.305240901814,17832.707022042927,16204.331673315102,13.298493346752245,6.702033644533928,-279.7893080907431,0.011939351021725036,0.7063527845110221,0.7076336258759937,0.013335937923502449
342.1,5899.016674195396,17833.116337309686,16090.143152792258,13.214492925270616,6.60901899193494,-278.58127933192856,0.011733445212329921,0.7064134592980035,0.7076567319077096,0.008018763731219543
342.20000000000005,5899.722457659941,17833.519392788563,15976.356143180095,13.709084508851594,6.515901339273903,-277.38701396595656,0.01150130957206194,0.7063738749852556,0.7076806157715119,0.009581997583783117
342.3,5900.431747132097,17833.91634950828,15862.973423492893,13.059599917264563,6.425305287195032,-276.20604976782346,0.011267368020099755,0.7063795670463713,0.7076809610681465,0.009413342602141186
342.40000000000003,5901.133703196338,17834.30718601299,15749.99687893972,13.428064736028626,6.335870895819848,-275.0384406461206,0.011047329633906063,0.7064057866307896,0.7076528912300296,0.009808499185663237
342.5,5901.839871608607,17834.692138781586,15637.430469978182,13.486455437350184,6.249047963346362,-273.88383401331026,0.010816103599246722,0.7063733971306386,0.7076644607579318,0.011430079143958142
342.6,5902.538571990264,17835.07131093676,15525.275889806897,13.08278930876248,6.165521734809187,-272.74242781630096,0.010616355113120446,0.7063782882384012,0.7076866681601487,0.009827849097629805
342.70000000000005,5903.241225165595,17835.444916302025,15413.537057192643,13.47069919791143,6.083477520909535,-271.61409144983264,0.010410625581989743,0.7064051808885116,0.7076855728666434,0.008029274268046482
342.8,5903.936893024918,17835.813104130048,15302.216380373298,13.321115105392847,6.0042650433208244,-270.49852111578474,0.010196543993200587,0.7063725559963311,0.7076515604935542,0.01277151349067185
342.90000000000003,5904.6357519838175,17836.175965297825,15191.316145969642,13.097420296403552,5.927371425617471,-269.3956369633311,0.009997942696077882,0.7064061406254426,0.7076880760773913,0.008245762935820636
343.0,5905.328472922871,17836.533697700754,15080.838713426585,13.526673682917755,5.851827765781996,-268.30522547773546,0.00978414448154062,0.7063875854817562,0.7076915535150473,0.009670298727432207
343.1,5906.023440856039,17836.886335250645,14970.788487573147,13.039814210774848,5.778951659491108,-267.22709524549714,0.00961625110429074,0.7063975233232567,0.7076946313048373,0.00885299834962821
343.20000000000005,5906.713293267616,17837.23405720554,14861.16601760677,13.318577264315453,5.707359595604524,-266.16115985954934,0.009546864629403585,0.7064078150339468,0.7076770391404685,0.009490232246517957
343.3,5907.404246942926,17837.576953227504,14751.974111720163,13.193184203289167,5.637608934219403,-265.10723675546456,0.009435361365045136,0.7063932381759359,0.7076733935475048,0.01085979190338884
343.40000000000003,5908.091331903053,17837.91512528639,14643.214235306019,12.853942883899915,5.569627677208884,-264.06513827663514,0.009334363487686815,0.7064032184740171,0.7076876409724193,0.009250156902559004
343.5,5908.778131333798,17838.24867188801,14534.889828577176,13.083334274241484,5.502881074096738,-263.0347194022056,0.009242082210373103,0.7064014599427376,0.7076951563820577,0.00889533251544609
343.6,5909.462497127384,17838.57764065488,14427.003245690186,12.611592601153392,5.437880493667292,-262.01595184820246,0.00913719101835432,0.7064028780133987,0.7076937950919046,0.008998781200744595
343.70000000000005,5910.145156126677,17838.902197486164,14319.555866570598,12.750543071398058,5.374105337204355,-261.0083421649969,0.009042313303051736,0.7064094188926296,0.7076869720311479,0.00911696700072059
343.8,5910.826697112095,17839.222397000427,14212.548089512311,12.532039372265384,5.311748387147267,-260.0120799496908,0.008935273234262953,0.7064035603936023,0.7076824488149368,0.009986110091816538
343.90000000000003,5911.505420190646,17839.538294425463,14105.977842849155,12.367782815644794,5.250727028495031,-259.02685234323053,0.008825159037478861,0.7064102324856928,0.7076875418122047,0.009221885451005158
344.0,5912.18386877906,17839.850003664542,13999.846311750967,12.430115600417967,5.190935561672847,-258.052550621111,0.008723676534249979,0.7064096289150822,0.7076965852807933,0.008653139643282333
344.1,5912.85906079131,17840.15758357329,13894.15307945549,12.076205846090678,5.132415901185725,-257.0890926016709,0.008619769068573974,0.7064069838985046,0.7076944212669505,0.009136672712653305
344.20000000000005,5913.533891682106,17840.46114581123,13788.898895277638,12.237826883879162,5.075116136927933,-256.13639667573415,0.008592335732493798,0.7064097835524746,0.7076974933367278,0.008697550972453059
344.3,5914.2061630397675,17840.760759510005,13684.084046576434,11.881594194550535,5.01904353167821,-255.19401192705425,0.008617444150722587,0.706409496974486,0.7076957221449721,0.00883895346008281
344.40000000000003,5914.876971422968,17841.056435845338,13579.708779486158,11.994674403342199,4.963873689526284,-254.26219014266454,0.00866046368541847,0.7064121030727616,0.7076928989535022,0.008814633960617508
344.5,5915.546423538437,17841.348272867832,13475.773820360846,11.739441765479638,4.909500433705374,-253.34044194672038,0.00868186256619781,0.7064128646401888,0.7076948947392965,0.008568891011101414
344.6,5916.213290699411,17841.63599823121,13372.280777675489,11.745889107090466,4.855747676454049,-252.42899825595967,0.008726186241596212,0.7064144354916428,0.7076901054091728,0.008787133130577595
344.70000000000005,5916.878737855383,17841.919306549597,13269.229683067679,11.604582437743515,4.8025463061386455,-251.5271259759201,0.008744650432050805,0.7064140457898774,0.707693577317125,0.00851631514734213
344.8,5917.542641553106,17842.199606313938,13166.62287950115,11.520021722897384,4.750102148583686,-250.63543744708167,0.008786188004046045,0.7064165445124155,0.707690181657411,0.008548410682488268
344.90000000000003,5918.2050886534635,17842.476325516094,13064.459283000262,11.46244865790967,4.698036997751705,-249.75369422574107,0.00880157075759279,0.7064146484027216,0.7076915993110547,0.008571880704958608
345.0,5918.866245273826,17842.749784561758,12962.74163266793,11.324815792302658,4.646652527914657,-248.88170467410598,0.008844220232230686,0.7064178398098816,0.7076904184831313,0.008359841744596495
345.1,5919.525247826708,17843.019990594403,12861.471141207294,11.30809071521149,4.595779407639915,-248.0193186311495,0.00885889375896448,0.7064167506211873,0.707690225385986,0.00845217938185629
345.20000000000005,3253.9125235170545,14950.946443609668,14855.12615100224,11.918146762236667,5.390802770499383,-256.3964989855175,0.008404839190560728,0.7120521833253856,0.702021529127663,0.008764675749282844
345.3,3255.170998910905,14951.482543318312,14739.106188289072,11.850541298552635,5.330947015356369,-255.44559265454743,0.008398193699685318,0.7120547829360738,0.7020217944099719,0.008535608580916022
345.40000000000003,3256.426861390973,14952.012653145815,14623.504387189214,11.719659358930954,5.271775517521121,-254.50538148832095,0.008395482784225517,0.7120570676336307,0.7020212412626174,0.00839196746350765
345.5,3257.681116999022,14952.53690958927,14508.326555240674,11.649618688709506,5.213419574030188,-253.57566546061693,0.008390212290800338,0.7120596522807621,0.7020212906854656,0.008170884641730485
345.6,3258.9332650217784,14953.055381251688,14393.577602671208,11.535382908447772,5.1557684600227285,-252.6562126785807,0.00838646207738124,0.7120622272679915,0.7020212113221351,0.007954282228705183
345.70000000000005,3260.183239382327,14953.56808425381,14279.26401410805,11.456474006590257,5.098919315440061,-251.7471933113411,0.008381530970089165,0.7120639608293441,0.7020206057131967,0.007857148382223329
345.8,3261.431614283842,14954.075169275842,14165.392615151564,11.361153252238658,5.042794273034606,-250.8480439934146,0.008376566953109647,0.7120655522726246,0.7020206949103227,0.0077088462424680735
345.90000000000003,3262.6781783604383,14954.576679204558,14051.970141128653,11.268418827116891,4.987391758206286,-249.95907291276663,0.008357414164795128,0.7120675563712124,0.7020206307873942,0.007548691335411067
346.0,3263.922903704121,14955.072634339967,13939.00120117516,11.195413375243238,4.932612112572701,-249.08001271829525,0.008341579381358008,0.7120686990643839,0.7020209626171069,0.0074265680048701535
346.1,3265.1661752583814,14955.563188696317,13826.492571394692,11.08961842364645,4.878678168954807,-248.21031624251455,0.008324945394747013,0.7120703379813376,0.7020205193823192,0.007329353143127791
346.20000000000005,3266.4080228605044,14956.048351321184,13714.451030242137,11.032594546869182,4.8252488811241205,-247.35023130934306,0.00832601388179122,0.7120711037172242,0.7020204904420196,0.0072561521015535495
346.3,3267.648376405276,14956.528282744779,13602.880330261227,10.921892404820857,4.7733015816418085,-246.49966582440126,0.008408490079311671,0.7120720776292282,0.7020193899257211,0.007171451993762409
346.40000000000003,3268.887487149355,14957.002977180022,13491.788388598141,10.871480338605547,4.72169643633546,-245.6585326848065,0.008463671859376458,0.7120726369848844,0.7020187889406527,0.007109563302265553
346.5,3270.125544969074,14957.472582080954,13381.179390743575,10.76781907715298,4.670885758181046,-244.8266912528515,0.008545550939480031,0.7120733957715719,0.7020179757178174,0.007015294900502503
346.6,3271.362409669371,14957.937080945972,13271.059694708292,10.709569523401218,4.621219575826623,-244.00392925785982,0.00860293816239433,0.7120744635174706,0.7020170539227403,0.006928482006687178
346.70000000000005,3272.598225842797,14958.396385839547,13161.43632327541,10.627691881469763,4.57213673872209,-243.1904011025532,0.008678193156284857,0.7120748618448379,0.7020165056753866,0.006848784674443539
346.8,3273.8331825741225,14958.851251135986,13052.315506501835,10.551361576639968,4.524090409703593,-242.3855917086133,0.008742785995040756,0.712075969254491,0.7020154171329033,0.006762529928801594
346.90000000000003,3275.0672797653738,14959.301214063584,12943.70333955692,10.492641604103579,4.476741655710527,-241.58956596963938,0.008808285836668353,0.7120765069892154,0.7020149040034458,0.0066735936114008
347.0,3276.300525990989,14959.746457410094,12835.605357952132,10.407725126423141,4.430219399189665,-240.8022703844554,0.008861386543579524,0.7120773315428203,0.7020141863229558,0.006590290790269152
347.1,3277.533029363297,14960.187319823288,12728.03063402394,10.353497509818013,4.384523464109428,-240.02343703813207,0.008739845635924786,0.7120782092187427,0.7020155301720703,0.006514173110669888
347.20000000000005,3278.764865327316,14960.622879517014,12620.981628999856,10.281701549001207,4.339507117982087,-239.25334779374347,0.00872370530068949,0.7120788262371291,0.7020159260722986,0.006425086103085345
347.3,3279.9961467098155,14961.054075712978,12514.465208050535,10.21575314755409,4.295502181871267,-238.49149481532308,0.008639474086370566,0.7120799912632326,0.7020166840114748,0.006326207362892715
347.40000000000003,3281.2270096477273,14961.482747423443,12408.48841983822,10.161987822009653,4.251319010041907,-237.7365018625388,0.008595736287921008,0.7120808652705092,0.7020173058360901,0.0062174705394520595
347.5,3282.457009520918,14961.905719218079,12303.054033651251,10.093152471971251,4.208371859306595,-236.9903570228684,0.008530628217492548,0.7120818990244626,0.7020180885612409,0.00609924558872842
347.6,3283.686421338601,14962.32442509679,12198.17149015721,10.039401428497829,4.165973266063315,-236.25208971033092,0.008463887552012299,0.7120830048231579,0.7020186752021037,0.005994707416784295
347.70000000000005,3284.9150933886945,14962.738916494553,12093.844900283762,9.985200349957257,4.124171766027393,-235.5216293626051,0.008418266458092497,0.7120838085475905,0.7020193302459135,0.005885775673458046
347.8,3286.142791807772,14963.149270736485,11990.082245381562,9.925087907849068,4.082904220228987,-234.79884526196813,0.00834225459599873,0.7120846369911538,0.7020199063013076,0.005824749448317975
347.90000000000003,3287.3693838262843,14963.555520986634,11886.88783187553,9.87726847084748,4.042251218366225,-234.0838793950775,0.008300825311054406,0.7120846871387664,0.7020193534317689,0.005943235556620189
348.0,3288.5947612868154,14963.957740704074,11784.267452276752,9.826324876546018,4.002115007224252,-233.37619041293073,0.00822222491401755,0.7120845567850873,0.7020193889275979,0.006062720129725416
348.1,3289.818796818191,14964.35591230254,11682.226487839345,9.77423120086695,3.962486830340716,-232.67597063889266,0.008183515588265428,0.7120846374093736,0.7020187837760333,0.006174663051269285
348.20000000000005,3291.0413320851826,14964.75019804244,11580.770952574485,9.72805554362667,3.923540412912738,-231.98307390574394,0.008079790156595107,0.7120841529188278,0.7020194011953472,0.006295752395648586
348.3,3292.262233760347,14965.140639897527,11479.90555553166,9.680088472599575,3.8847915118080607,-231.29733281865597,0.007864530923709659,0.7120845468900285,0.702021917740143,0.006242935705633382
348.40000000000003,3293.481332570331,14965.527186192176,11379.63632692527,9.63210849799539,3.8469266743917414,-230.619004292874,0.007732072540051373,0.7120843916635053,0.7020229643310514,0.006308070647533677
348.5,3294.6984959943275,14965.909960159534,11279.96911943951,9.587236486699483,3.8090228763922838,-229.94760985531548,0.007540512705568694,0.7120844777363677,0.7020250030924774,0.006303353716001616
348.6,3295.913588096837,14966.288922863718,11180.909127435138,9.542726589594697,3.7709698564036875,-229.28323597676587,0.007398982324053436,0.7120844026488504,0.7020263181742482,0.006333021041142481
348.70000000000005,3297.1264767016473,14966.664185162166,11082.461357713342,9.497363155558176,3.734454024340686,-228.62583552872843,0.007232820745255019,0.7120843190397081,0.7020280028183078,0.006347609058547096
348.8,3298.337009881652,14967.035762754895,10984.632893613576,9.453211843942725,3.6970067926439807,-227.97536192868534,0.0071574637053119,0.7120838524329799,0.7020290798073119,0.006366232984448763
348.90000000000003,3299.545050393218,14967.403626982405,10887.425567073002,9.412066286234099,3.6608669012061585,-227.33175016702444,0.007117390626412378,0.7120832418934389,0.7020298933625495,0.006389694090380386
349.0,3300.7504207930747,14967.76787748872,10790.845976032671,9.36987294208594,3.6241193122703197,-226.6947506571898,0.00706094596802063,0.7120825767218646,0.7020310852422399,0.006395492536897076
349.1,3301.9528743849155,14968.128489007566,10694.897377633682,9.32506248013524,3.588325563953844,-226.0643047416281,0.0070288785585522,0.7120813693462599,0.7020320050384429,0.0064639150573266415
349.20000000000005,3303.1522305354056,14968.485523373718,10599.585109985832,9.285429102132108,3.552242837685005,-225.44043970712715,0.0069679852373102655,0.7120804469710085,0.7020332809835101,0.006492812551511984
349.3,3304.348251669053,14968.83893735908,10504.913159219892,9.2569747804051,3.516679523462885,-224.82305223175592,0.006934960000140238,0.7120790132593118,0.7020343766009532,0.006566526932271333
349.40000000000003,3305.540695080672,14969.188830192026,10410.88779747731,9.274417146203353,3.48141007816796,-224.21198059815276,0.006880950025441155,0.7120780157209149,0.702035793794065,0.0065799913107029975
349.5,3306.7293280317067,14969.535213856476,10317.510999649081,9.296353677279605,3.446001868366245,-223.60718335487778,0.006837815040162807,0.7120775686818389,0.7020377047359899,0.0064685079160952666
349.6,3307.913879649017,14969.878070267696,10224.788002533549,9.324059760130885,3.4114859292193556,-223.0085185232503,0.006793330927261072,0.7120766071978079,0.7020392035567103,0.00645854519467822
349.70000000000005,3309.0940826090045,14970.217445353119,10132.720840672717,9.353012520178634,3.3757017958693467,-222.41606711009686,0.00675408907509145,0.7120759460283081,0.7020409465081237,0.006382694935013166
349.8,3310.2692874874997,14970.553278372554,10041.314014910015,9.382047818087303,3.341365802949394,-221.82969679925515,0.006751474321806911,0.7120750375292928,0.7020423832904469,0.006328553231777209
349.90000000000003,3311.439153245358,14970.885682267919,9950.56941591653,9.413821300604948,3.306543482317276,-221.24930143845367,0.0067140259110941335,0.7120742064857588,0.7020439307417091,0.006290121022061527
350.0,3312.6030993651607,14971.21458298028,9860.490356544839,9.447759491691498,3.271787846995796,-220.6748107655457,0.00670864599704447,0.7120734142473738,0.7020454625002078,0.00621412695746871
350.1,3313.760569118657,14971.540077850386,9771.077825402615,9.484040653290704,3.2375292588958393,-220.10613099159536,0.006674456691068811,0.7120721994325082,0.7020470647902401,0.00620912575469313
350.20000000000005,3314.9109531431773,14971.862061193102,9682.336275356753,9.52190022452061,3.2025660610125364,-219.54320784130394,0.006664030885475419,0.7120713195303366,0.7020486994354765,0.006135977154331504
350.3,3316.05370217926,14972.180619842666,9594.265015771158,9.559951297062526,3.1686686349000808,-218.98599532782782,0.006637348980980466,0.7120694923171873,0.7020496204291672,0.00627010086921204
350.40000000000003,3317.18826624357,14972.495738328602,9506.866505856475,9.598656987078042,3.1337745198908564,-218.43440212697934,0.006618048153714034,0.7120677606436888,0.7020505156022978,0.006385861967295677
350.5,3318.3141225737622,14972.80742237046,9420.143934106376,9.639593117165678,3.0999497608707136,-217.88836022751866,0.0066362444880025025,0.7120658160278536,0.7020511082542286,0.006517307932861691
350.6,3319.430760634201,14973.115621721454,9334.099312874388,9.682180791352504,3.065360631516431,-217.3478248013851,0.006652988296247442,0.7120635856631399,0.7020514426444269,0.006705192030146355
350.70000000000005,3320.537703358833,14973.420433106789,9248.733865649312,9.725189389221079,3.0313798402580807,-216.81261676800773,0.006681220752238926,0.7120619814768442,0.7020510281624274,0.006888372856397745
350.8,3321.6345074185892,14973.721892911812,9164.047222062713,9.766496375362173,2.9975439599449816,-216.28261040660132,0.0066862685363143935,0.7120597846520531,0.7020510818731138,0.007101783939425679
350.90000000000003,3322.7206636257774,14974.019906876008,9080.043148384982,9.809521687364297,2.963076191303516,-215.7576851784579,0.00669400228318315,0.7120583335204238,0.7020512874546752,0.007218710465354908
351.0,3323.7957261816196,14974.314512186138,8996.720854452435,9.854285649306945,2.9295025979369385,-215.23773956173588,0.006702774538657703,0.7120569296736192,0.7020518203280556,0.007296800074419544
351.1,3324.859243022922,14974.60576935299,8914.084318686035,9.898952767261582,2.895358241484022,-214.72275049584064,0.0067061995816835715,0.7120558434543772,0.7020522243868187,0.007360497480878076
351.20000000000005,3325.9108322183756,14974.893599543295,8832.130133704939,9.941814934425988,2.861621829386917,-214.21260277764316,0.006717085562247329,0.7120544421051451,0.7020523453257151,0.007473731500584263
351.3,3326.9499971671707,14975.178081194572,8750.863803025733,9.984462227778785,2.8278672907266538,-213.7073179632046,0.006720249283187618,0.7120527100731349,0.7020521210886039,0.007654776421816956
351.40000000000003,3327.9764308713634,14975.459166090064,8670.281384118847,10.027789490120751,2.793962683170116,-213.206713150818,0.006728852838368538,0.7120509147094499,0.7020517922479399,0.007842091708893115
351.5,3328.989696643016,14975.736925023357,8590.385019047,10.0687993103532,2.7606091246759266,-212.71070079954586,0.006734332423596723,0.712049087690271,0.7020515487167223,0.008022993874671421
351.6,3329.989375383041,14976.01126720598,8511.176084100454,10.111197670225893,2.7265384106764126,-212.21922362973265,0.006740575318475401,0.7120472157095666,0.7020512747009323,0.008205786703646828
351.70000000000005,3330.975365855034,14976.282273666837,8432.654366040475,10.149411051208865,2.6933783802807265,-211.73218320110016,0.0067478237783777945,0.712046314247896,0.7020519778764219,0.008217882941875433
351.8,3331.9475736932154,14976.549906727361,8354.82027126807,10.183280535740582,2.659525611775769,-211.2494462081905,0.006752748165633523,0.712045839194667,0.7020529573661464,0.008171189094727329
351.90000000000003,3332.906026127902,14976.81418910451,8277.676704233996,10.21427727581065,2.626284204581104,-210.77101224117632,0.006759318795919064,0.7120465561911755,0.7020527322595378,0.008122472075690427
352.0,3333.8508540970224,14977.075210559582,8201.223039824967,10.243129294103458,2.5937925259861805,-210.29703749286114,0.00672577610931314,0.7120470405606483,0.7020532767250012,0.008060558556259855
352.1,3395.461404467994,17348.04396887857,9218.016844275955,10.940087285682994,2.9512571524562956,-226.54563577262059,0.0083075222537113,0.8657808332234908,0.500275138645778,0.008906152356087436
352.20000000000005,4878.0354047268775,18183.13687934438,9610.993902039409,11.059559551898188,3.0708977534860558,-262.45082615677785,0.009350081248297674,0.8396144330163342,0.5430344480173225,0.008588836814833424
352.3,4879.089342799539,18183.44173437062,9521.214753899974,11.057544572268567,3.026442152520799,-261.4042072733832,0.009328785056388301,0.839614885328907,0.5430352044248251,0.008519674805200477
352.40000000000003,4880.1294962603215,18183.74218955784,9432.251723123016,11.049373640523873,2.982670554248501,-260.3696940918065,0.009310764379110258,0.8396158535961705,0.5430358668198352,0.008400916847623188
352.5,4881.156062388321,18184.038216825695,9344.106260870283,10.935897685593368,2.9389543828605253,-259.34726169489085,0.009292094845607942,0.8396158795024731,0.5430359001740372,0.008416827362007226
352.6,4882.169344556168,18184.329884301813,9256.778737622548,10.817746404455027,2.89553374917996,-258.33685394520637,0.009276945261391549,0.8396157831691167,0.5430358402920283,0.008446957929256083
352.70000000000005,4883.169641248536,18184.617337752752,9170.27149829577,10.701259930417196,2.8525105303216036,-257.33793099229825,0.009259289733974177,0.8396159231426105,0.5430356246505617,0.008466257696203764
352.8,4884.1572565200095,18184.900420041635,9084.583503855829,10.586742098585551,2.8096440404283833,-256.35050269179936,0.009242780672623872,0.83961591152219,0.543035527102127,0.008491668217428925
352.90000000000003,4885.132489424854,18185.17910065924,8999.716753981025,10.475272078996781,2.76706410209781,-255.3745708150934,0.009225418002618934,0.8396160364476468,0.5430353374251127,0.00851030611757533
353.0,4886.095456474549,18185.45369259418,8915.669081761267,10.362259157232636,2.724716195503817,-254.4099742118087,0.009208774714869005,0.8396158920696425,0.5430354080116342,0.008538026586227052
353.1,4887.0463849274565,18185.72391661902,8832.441158455393,10.249343463147515,2.6826968444331283,-253.45647208029305,0.009192004954394173,0.8396159176375754,0.5430353514060742,0.00855716178484679
353.20000000000005,4887.98534706676,18185.990242151267,8750.033411472814,10.136997022971762,2.6411288625743894,-252.51417087972277,0.009167311685079659,0.8396158683293807,0.5430354664529773,0.008581154943590082
353.3,4888.912416442952,18186.252265315037,8668.443963708523,10.025324008555113,2.5998721353148007,-251.5819166154891,0.009101510500000324,0.8396162348060351,0.5430358001560677,0.008594213495989994
353.40000000000003,4889.827665329922,18186.51011990658,8587.672216611965,9.914291995415239,2.5586232031403626,-250.66112333270604,0.009050675673482984,0.839616404627283,0.543036087211658,0.008613149044369472
353.5,4890.73120769788,18186.76356073721,8507.716067313388,9.803857054651205,2.518039313449276,-249.75355524448142,0.00900134876176213,0.8396166248593014,0.5430363221564561,0.008628545597825332
353.6,4891.623088111043,18187.01325944947,8428.573004651018,9.692587435391038,2.4778944364717455,-248.85351076423052,0.008929892449826844,0.8396168424158932,0.5430368958201403,0.008645503480178065
353.70000000000005,4892.503297806377,18187.25901219534,8350.244144879642,9.582686051237152,2.4377363917992803,-247.9634034541786,0.008858516177044806,0.8396170883441556,0.5430374321768416,0.00866134553089378
353.8,4893.37185426523,18187.500819453762,8272.725944658241,9.472768792025743,2.3982064721882597,-247.08341605052215,0.008795182014261877,0.8396172562792629,0.543037940519618,0.00867772364336314
353.90000000000003,4894.228763176441,18187.738536822904,8196.01564846965,9.362594553773206,2.3589720153774465,-246.2139001220521,0.008720209269283177,0.8396174864217283,0.5430385340174351,0.008693964421006083
354.0,4895.074006786463,18187.972196593353,8120.11187508516,9.251965841441477,2.320068313538918,-245.3548477398172,0.00865304502633131,0.8396177072094579,0.5430390363349077,0.008708361990635958
354.1,4895.907601832518,18188.201190810094,8045.011204528236,9.140934364457024,2.281617341962605,-244.5048499586539,0.008584835451441673,0.8396178788198083,0.5430395797600099,0.008725421506685255
354.20000000000005,4896.729560487661,18188.42441696974,7970.710390573446,9.028593398451301,2.2435594031845603,-243.66551361279278,0.0085154164991418,0.8396183751946786,0.5430396863633878,0.008739036082280662
354.3,4897.539715133541,18188.64598670515,7897.208916119222,8.914298844891947,2.2057591109392396,-242.83464572580237,0.008447012986524054,0.8396188805495455,0.5430397969089422,0.008749992538756536
354.40000000000003,4898.338063991316,18188.864334825677,7824.502481699288,8.797844860939053,2.169049814026718,-242.0149261415309,0.008374498409529998,0.8396195786761944,0.5430399387674251,0.00874389978612627
354.5,4899.124489109776,18189.07911521392,7752.58742922523,8.679552522009935,2.1330086939238684,-241.2050817381733,0.00827506343705829,0.8396208448126732,0.5430408448012818,0.008660320933758995
354.6,4899.8988815352695,18189.28980169517,7681.461250384391,8.559329965430445,2.0963411352734815,-240.40901275027727,0.0081874092606308,0.8396219759317316,0.5430413425762228,0.008602564449452735
354.70000000000005,4900.661069163953,18189.49753163846,7611.122078255079,8.436793659199717,2.06125865348718,-239.61548786531606,0.008104299068622615,0.8396228977015469,0.5430418739823255,0.008557633646529885
354.8,4901.411034444084,18189.701883723657,7541.56301495846,8.312763823765907,2.0257986402044925,-238.82989838489272,0.008023508263651561,0.8396240084507238,0.5430426668638365,0.008474061227903226
354.90000000000003,4902.148661057494,18189.902673710927,7472.781449809202,8.186871552031413,1.9911662019079712,-238.05291930757565,0.007950498135281264,0.8396239951527706,0.5430428855651077,0.008529992979040496
355.0,4902.873957933421,18190.10010931331,7404.775488932515,8.059918901203316,1.957327070692307,-237.28449161811272,0.00787032473960101,0.8396243972896357,0.5430431600151162,0.008547270049892796
355.1,4903.586970363777,18190.29413266716,7337.535072334325,7.934572099871683,1.9232825982908617,-236.52460249056335,0.007792520206920444,0.8396246313484785,0.5430435152455809,0.008572958152151835
355.20000000000005,4904.287827084909,18190.484783161613,7271.049839487843,7.81056877823795,1.8903304945957455,-235.77313727725127,0.007719595910261067,0.8396249241521155,0.5430436642795096,0.00860077132703763
355.3,4904.976684858804,18190.672191188176,7205.30701865384,7.687431332042974,1.8578017451268918,-235.02983348243376,0.007638030932025,0.839625031997417,0.5430439815494258,0.008642929466619643
355.40000000000003,4905.653702190064,18190.856315533027,7140.297327460149,7.564960368215904,1.825042636031236,-234.29487161221525,0.007563617077908195,0.8396251390059434,0.5430442580159054,0.008680523135384153
355.5,4906.319056221663,18191.03724103859,7076.007085430017,7.443454025841846,1.7938595360859166,-233.5679541112485,0.007490789966623515,0.8396251332207714,0.5430447290537359,0.008714698883640345
355.6,4906.97279242839,18191.215181381296,7012.430144191989,7.324076587763889,1.7664509859213193,-232.84863501144585,0.007387906189212388,0.8396252921137469,0.5430454801649384,0.00874037513359404
355.70000000000005,4907.6152546877565,18191.390719354848,6949.550929605704,7.206039496497294,1.7433479431226513,-232.13827817399653,0.007070713605250084,0.839626266382209,0.5430483441129511,0.00873119501363248
355.8,4908.246496499794,18191.56349814312,6887.361917432508,7.090142926582581,1.7118595609796379,-231.434041704143,0.0068535915454844614,0.8396269170831567,0.5430501381420688,0.008730169313460674
355.90000000000003,6388.709618719178,7962.284747393096,7149.869455040926,7.708351889965536,-1.2178735830475271,-246.58628649220503,0.0036766856988009783,0.923076240530333,0.38447180856379176,0.009907803507654972
356.0,6389.310471521312,7962.119610904445,7085.171844034646,7.605809311672402,-1.2249641257146218,-245.72071809869163,0.0035677437402579174,0.9230763725890941,0.3844724248193994,0.009911413918070796
356.1,6389.902266410987,7961.957064145077,7021.17758660946,7.503549173906633,-1.2312197284717894,-244.86510595009736,0.003467166464061637,0.9230766498372297,0.38447264164916906,0.009912875732937108
356.20000000000005,6390.485149343185,7961.797254700138,6957.879577532161,7.400987106588743,-1.2374261975064207,-244.01904524418512,0.003365969932340811,0.9230768314515099,0.38447287201952246,0.00992190329096701
356.3,6391.059239209364,7961.64015560045,6895.268809462558,7.297934024170334,-1.243001081897293,-243.18266725376222,0.0032692805692787655,0.9230770701712215,0.38447307201651076,0.00992427442486091
356.40000000000003,6391.624562528611,7961.485798910029,6833.34208796609,7.19403420110377,-1.2483721341261504,-242.35557295140632,0.0032530540866708146,0.9230765365233283,0.3844731249830482,0.009977049913424303
356.5,6392.1812460546225,7961.3341690485995,6772.089819703961,7.089793564904945,-1.2534906879913708,-241.53787353364254,0.003231541967258779,0.923076232730392,0.38447315700726026,0.010010856389507636
356.6,6392.729344575967,7961.185311191855,6711.505860460718,7.029076080082712,-1.2581406838311546,-240.72924059831115,0.003216585075133216,0.9230758645782119,0.38447315697422313,0.010049546254191863
356.70000000000005,6393.268862188492,7961.039120109545,6651.584399824731,6.967869843299249,-1.2625057025201265,-239.92976053835267,0.0032532704607349016,0.9230753542958429,0.3844729317550866,0.010093129869470899
356.8,6393.799941651038,7960.895399405092,6592.317507902209,6.905550465455393,-1.2665544265819557,-239.13938642483842,0.003318401517824381,0.9230748179576661,0.3844725969871613,0.010133648392147983
356.90000000000003,6394.322505819081,7960.753953582398,6533.699513778713,6.842032281234378,-1.270243191118075,-238.35867433432992,0.00338888799299375,0.9230743255308806,0.38447223095005006,0.010169002516090748
357.0,6394.8367830648795,7960.614987872846,6475.724093691233,6.777303238442988,-1.2740382908833072,-237.58575004215785,0.0034646611579549572,0.9230737913643763,0.38447178164447215,0.010208865675568257
357.1,6395.341673885467,7960.478221970978,6418.382539802073,6.7114042120079045,-1.2777789478357782,-236.8249970776565,0.0035856624557051684,0.9230734212629097,0.3844708900873145,0.010234092935310534
357.20000000000005,6395.838366297905,7960.343460470049,6361.672438938743,6.644326113079924,-1.2806852280163674,-236.07248562425158,0.0036903100336505095,0.9230735038362397,0.38447022214041887,0.010214519794886962
357.3,6396.3252392753975,7960.21050693045,6305.583593204874,6.576330848776305,-1.2841749065159724,-235.33403655962962,0.0037976812163572522,0.9230736250900685,0.3844695152581009,0.010190785919605523
357.40000000000003,6396.802521207685,7960.079173936289,6250.11260029226,6.508021989845287,-1.2868486649240307,-234.60890716100172,0.003914205166093309,0.9230736520704514,0.38446875754623133,0.010172822720065523
357.5,6397.273442046203,7959.949287159504,6195.251421403819,6.439000655882026,-1.289850010550587,-233.88657230617463,0.004009064168000831,0.9230736005549631,0.3844681603070988,0.01016312319458139
357.6,6397.738112309367,7959.820630711733,6140.994428857835,6.369398112910429,-1.2815493681890942,-233.16690350429772,0.004124637037494102,0.9230735963241091,0.38446734061800864,0.010148257816047371
357.70000000000005,6398.196186965761,7959.692998663736,6087.3310198056815,6.299635007654779,-1.2719786047515202,-232.45136201311524,0.00422137568127062,0.9230737132737122,0.3844667035708788,0.010121941304920909
357.8,6398.646696379454,7959.5661601873735,6034.253221097621,6.229823436537449,-1.2650441364341425,-231.74330318323598,0.004333797535930052,0.9230737943997653,0.3844658942252094,0.010097745735922287
357.90000000000003,6399.089595183506,7959.439901614971,5981.748384578557,6.160177979126242,-1.2598239569898741,-231.04331516275704,0.004443484511290745,0.9230740092581272,0.3844651329284518,0.010059345894866768
358.0,6399.525262559639,7959.314053000215,5929.8088538272705,6.09086730436961,-1.2573884891229954,-230.35042076461144,0.004546896083146251,0.9230745703444104,0.3844644280203913,0.009988338522736503
358.1,6399.953720190869,7959.188399564502,5878.425722142805,6.022957454457204,-1.256139259617334,-229.66487661202427,0.004585536799472347,0.9230753557548639,0.3844641950113341,0.009906725219720271
358.20000000000005,6400.375191982758,7959.062765698804,5827.588995934601,5.956471108765966,-1.257458196292582,-228.98630302705206,0.004629805626037794,0.9230760118927731,0.38446393633729675,0.009834776257188557
358.3,6400.789092585435,7958.936889795992,5777.29160033289,5.891006389188808,-1.260076787120963,-228.31681960946446,0.004729427065077915,0.9230764041619256,0.3844633445551119,0.00977349950749096
358.40000000000003,6401.194448056742,7958.810683901421,5727.523777618395,5.826617371773368,-1.2645160015065342,-227.65983720736887,0.004786827354066133,0.9230769755330638,0.3844630094279611,0.009704530190039192
358.5,6401.594574448305,7958.683901690668,5678.279172203758,5.763131555590155,-1.2711419682221456,-227.0052532257105,0.004874201914933243,0.9230775368659965,0.3844624958499356,0.009627687881090476
358.6,6401.986494670629,7958.556421297225,5629.550371961228,5.701065622185742,-1.2789036591877363,-226.36244713371255,0.004933077593855712,0.9230780745956376,0.38446214206851964,0.009560034641604436
358.70000000000005,6402.3732905201705,7958.4280365759305,5581.325919803765,5.640410361764572,-1.2890087920276931,-225.7225499255879,0.005002068810237161,0.92307856589116,0.38446170616192926,0.00949405050520951
358.8,6402.754803882835,7958.298767585431,5533.603132851397,5.58191869325058,-1.2974275430103732,-225.0860906279825,0.0049249717220430774,0.9230795507432751,0.3844621576105728,0.009420032831867523
358.90000000000003,6403.130156724651,7958.168490759841,5486.372359478132,5.524692883615569,-1.3071902664706028,-224.45618684448002,0.004861005591349892,0.9230804195954696,0.3844624599627886,0.009355557891106328
359.0,6403.4994396767925,7958.037207136529,5439.626163551059,5.469023846524811,-1.3171714400329573,-223.8329151139966,0.0048060623572276535,0.9230812354170769,0.38446274155397964,0.009291659824781119
359.1,6403.862695041074,7957.904966322538,5393.360700446632,5.414809049773293,-1.3256732910995734,-223.21625822482565,0.004718873790810493,0.9230822476761826,0.3844631944013201,0.009216745953189227
359.20000000000005,6404.22008449165,7957.77173501373,5347.566033821362,5.362742702634825,-1.327850423654845,-222.60604122034107,0.004643455625383456,0.9230831003692154,0.3844635543470366,0.009154425785119694
359.3,6404.5717091994065,7957.637534599423,5302.237910674588,5.31243762003279,-1.3301230668341981,-222.00224376442227,0.004554877721086832,0.923084043666639,0.38446399732100417,0.009084942539577572
359.40000000000003,6404.917567733493,7957.5023830729715,5257.3687615055,5.263864044790934,-1.3325172264974212,-221.40495941013057,0.004475632574874069,0.9230849648884523,0.38446439429117024,0.009013647001248295
359.5,6405.257925292497,7957.366337924735,5212.952769481567,5.216477141243985,-1.3346600121461365,-220.81357640863283,0.004354339474568783,0.923085859063849,0.3844650689311916,0.008952502210565726
359.6,6405.5928670063495,7957.22955328183,5168.983778201334,5.170636170684668,-1.3373316682591492,-220.22817760658202,0.004166306413234725,0.9230870260160675,0.38446598646182556,0.008881978699499327
359.70000000000005,6405.922397245124,7957.092146332051,5125.456494056015,5.126285788230855,-1.3394791023553194,-219.64879600119397,0.003966152513566449,0.9230881387160381,0.38446696479460407,0.008815371666816264
359.8,6406.246688999832,7956.954226939071,5082.364482018374,5.083318221601672,-1.3420411694911405,-219.07525734415623,0.003775576912094799,0.9230891596797565,0.384467838302133,0.008753834130654996
359.90000000000003,6406.565815039494,7956.815937638821,5039.7020426905965,5.041626330131647,-1.3444347251250337,-218.50756730733363,0.003609919330666234,0.9230901559174824,0.38446859385503357,0.008685209830358776
360.0,6406.879836380611,7956.677485175024,4997.463559392746,5.001410379638558,-1.3463873293824438,-217.94573434728252,0.0034829607448837833,0.9230909226340724,0.38446936655596986,0.008621120291350367
360.1,6407.1889395539165,7956.538975368852,4955.64220566842,4.962349341210739,-1.348803671480436,-217.3895522662007,0.0034755674494210283,0.9230912717911076,0.3844699406684798,0.008560905113104674
360.20000000000005,6407.493170616368,7956.400558223435,4914.233159007469,4.924579088660735,-1.35092396495574,-216.83900728768666,0.0034760531978155896,0.9230916435100691,0.3844705200371464,0.008494348616108828
360.3,6407.792702301416,7956.262277015965,4873.229665742638,4.88741709666938,-1.3530526986783358,-216.29391423107265,0.0034646694531129756,0.9230920939338003,0.3844709055902128,0.008432374347398387
360.40000000000003,6408.087584271267,7956.12424611821,4832.626119953455,4.851708714915183,-1.3550775879333543,-215.75430342105045,0.0034625806163102514,0.9230925278361005,0.3844712480819936,0.008369885716521839
360.5,6408.377888787481,7955.986497578271,4792.417378877059,4.816909642908202,-1.3570349899089933,-215.22013766882566,0.0034501461016062398,0.9230929822546798,0.384471591819356,0.00830889209999531
360.6,6408.663717288999,7955.849225432672,4752.597386945929,4.7826841213041345,-1.3540226561484585,-214.69130030110588,0.0032830252608403478,0.9230936702595292,0.38447239722222937,0.008262774722840384
360.70000000000005,6408.945191516905,7955.712811712083,4713.161430126188,4.749215052289804,-1.3545015087510366,-214.16793978213113,0.002790291612958046,0.9230949329913893,0.3844743862775288,0.008210070331897749
360.8,6409.222364257897,7955.576732847557,4674.103285432991,4.716726513072853,-1.3562679687592258,-213.649962806915,0.002603405538542716,0.9230956212658592,0.38447518436332145,0.008156524271370692
360.90000000000003,7890.39925329154,-1446.41145348917,4820.20818419888,5.0711466433887065,-2.8033326707256925,-268.91960338988304,0.0011195380291033439,0.9385202905892945,0.3451003557272818,0.009173617808207107
361.0,7890.708380886443,-1446.7836389162549,4779.990149962089,5.041171947317472,-2.789043256209835,-267.39549872259386,0.0010845740050365446,0.9385206477160656,0.345100560913526,0.009133475078738261
361.1,7891.013843385041,-1447.154378460053,4740.155609778267,5.009917717124815,-2.775616810591147,-265.9188212943016,0.0010565073586323863,0.9385209563534619,0.3451006701424151,0.009100865060017227
361.20000000000005,7891.315586941584,-1447.5236836853157,4700.69483858376,4.981656119773782,-2.7609456740143403,-264.48796690457567,0.0010739218220227353,0.9385213790203196,0.3451005633016542,0.009059195471947674
361.3,7891.613875741599,-1447.8915940953436,4661.6014226851785,4.951935508371278,-2.747300531446896,-263.0996931032152,0.0010996399619675656,0.9385218470438604,0.34510039815202775,0.009013801009933138
361.40000000000003,7891.908657253509,-1448.258135024911,4622.866460319459,4.9214844311249735,-2.734040627529207,-261.75235289796893,0.0011063751470481037,0.938522215121819,0.3451003221348714,0.008977489586517853
361.5,7892.200037927478,-1448.6233296202674,4584.484459899555,4.891967804960386,-2.7206089453434092,-260.44368975719215,0.0011260959123572754,0.9385224401567877,0.3451002459015645,0.008954412812936985
361.6,7892.488088580092,-1448.987246430403,4546.449085895812,4.8624709712687375,-2.707477365073594,-259.17154823125645,0.0011333850398254196,0.9385226234576121,0.34510017422999756,0.0089370265199489
361.70000000000005,7892.772829227491,-1449.3498892724947,4508.752565553969,4.832197937657274,-2.6946628738044196,-257.9344207796928,0.00116541648861192,0.9385227383857607,0.3451000220917576,0.008926706535410289
361.8,7893.054388655439,-1449.7113027924765,4471.390503743896,4.802071010983774,-2.682218311262181,-256.73065879590234,0.001171219947966586,0.9385229915741535,0.3450999779458849,0.008900997263485717
361.90000000000003,7893.332742864655,-1450.0715194944323,4434.355260330572,4.772138916719109,-2.669551843770174,-255.5588222420455,0.0011873554483961492,0.9385230933292918,0.345099892573765,0.00889143521780471
362.0,7893.607983413152,-1450.4305107795333,4397.641544173574,4.74062350999448,-2.656615108877546,-254.41739758140062,0.001213700438140868,0.9385233718621233,0.3450996104977807,0.008869398743830116
362.1,7893.880062637712,-1450.788323340047,4361.244111512237,4.708612095473152,-2.643772462002804,-253.30564177641457,0.001225939120861406,0.938523554130031,0.34509943493108336,0.008855248537085832
362.20000000000005,7894.149199911544,-1451.1449233450942,4325.156789113427,4.676884525239928,-2.631034994578193,-252.22175371042505,0.001247891419695202,0.9385237822479208,0.34509920060993965,0.00883711833364403
362.3,7894.415052576456,-1451.5003160280924,4289.3748944163,4.643829491433154,-2.617683885826647,-251.16482716846298,0.001263503229009668,0.9385240168901378,0.34509894550303716,0.008819925888737588
362.40000000000003,7894.677779000727,-1451.854495805417,4253.892001723554,4.603915488531031,-2.5975005698508076,-250.13433909670658,0.0012875603910483268,0.9385192261924924,0.3450985058110397,0.009328748162145961
362.5,7894.937179703034,-1452.2074356154208,4218.703965615348,4.570670995553461,-2.5851688607398042,-249.1309637490035,0.0013259458279151362,0.9385118581917691,0.3450979870692506,0.01005550704071304
362.6,2914.3997568520936,-1278.5534588483629,4340.928766745332,4.516901270612969,-3.0167863131933204,-321.1021260183545,0.002069944176011235,0.8193870093260428,0.5732200497509577,0.004406681556611932
362.70000000000005,2914.610740243291,-1278.8543871332247,4305.0074223139145,4.479255466954366,-3.001787732299136,-319.0398289564303,0.0021349093901358064,0.8193874390357095,0.5732195519922992,0.0043602896859292915
362.8,2914.8188174818224,-1279.1538456215756,4269.402250967364,4.4417339863976855,-2.9870476990173946,-317.01984710194176,0.0021784039180993667,0.8193877647853555,0.5732191541318453,0.004329758977162333
362.90000000000003,2915.024014812355,-1279.4516747444654,4234.106546766017,4.4050988986688955,-2.9704162728921806,-315.0332137568187,0.002209163608661406,0.8193877525685349,0.573219298509314,0.004297249506998398
363.0,2915.226328701447,-1279.7479296770498,4199.117075259912,4.366964881591635,-2.9536413794842824,-313.0749582055208,0.002217224108662038,0.8193879687266535,0.5732192348615218,0.004260212205068192
363.1,2915.425776514355,-1280.042440399559,4164.42924861982,4.328507887092774,-2.9366214004730216,-311.14307383763446,0.002256474693046417,0.8193879265842657,0.573219318706454,0.004236360655858283
363.20000000000005,2915.622374453824,-1280.3351663170047,4130.0381885526385,4.290884213556778,-2.917944197993158,-309.23702421803904,0.002249444814959686,0.8193880771453624,0.5732194135186689,0.004197975150393218
363.3,2915.81611052483,-1280.6260139598735,4095.940152820623,4.252665588889405,-2.8986232322792973,-307.3563317697173,0.0022971655042277267,0.8193881217478076,0.5732193445839762,0.0041727645468095315
363.40000000000003,2916.0070303159337,-1280.9149037749035,4062.12980248387,4.214718305819299,-2.879085411988434,-305.51362715461113,0.0022913140485445282,0.8193882885818614,0.5732194052062196,0.004134720044567084
363.5,2916.1951523980806,-1281.2017884226216,4028.5948641072673,4.178148912195876,-2.858745742767994,-303.7111783519987,0.002326195692384928,0.819388433362915,0.5732194027245097,0.004086615326288114
363.6,2916.3805670787715,-1281.4866340398155,3995.32885052713,4.141470887765914,-2.838127128332517,-301.9469282729204,0.002321082862304147,0.8193890338573658,0.5732193326179085,0.003977496916216426
363.70000000000005,2916.5632482904166,-1281.7693846014513,3962.3196153412473,4.105809121377695,-2.8171696296881823,-300.2194475810642,0.002344524663115697,0.8193892916809875,0.5732193205843238,0.003911827128077064
363.8,2916.7433100848184,-1282.050025245396,3929.5591098673676,4.072218550088124,-2.7953175157463823,-298.52727584867915,0.0023350455331219975,0.8193896577494736,0.5732194572538064,0.003819706953479489
363.90000000000003,2916.9207696137128,-1282.32846904525,3897.0386241397086,4.037419500636339,-2.773786848640358,-296.8689334287043,0.00232865149201968,0.8193894357579344,0.5732200736762377,0.003778503027789553
364.0,2917.0957220460205,-1282.604709408293,3864.7506897226485,4.006220834098805,-2.7508779707747695,-295.2431045969123,0.0023072694930284156,0.8193894982775938,0.5732205393895269,0.003706729267103623
364.1,2917.2681496922796,-1282.878677247495,3832.6891391057725,3.9739974339253576,-2.7283185708714006,-293.649027368477,0.0023093159426698967,0.8193895252396608,0.5732208548769778,0.003650276908286617
364.20000000000005,2917.438198457714,-1283.1503340938368,3800.8451918218266,3.9437778565951556,-2.7049453362485685,-292.08519846568754,0.0022834557544889993,0.8193894674088409,0.5732214369526151,0.0035875823687381023
364.3,2917.605840407061,-1283.4196401977617,3769.2140081712255,3.91479129206704,-2.6810998683359757,-290.5510005735455,0.0022834049205681566,0.8193894956408254,0.573221749863446,0.0035307193221013012
364.40000000000003,2917.771176474458,-1283.6865655760287,3737.787347885899,3.8860408588962665,-2.657181661420355,-289.0452538863233,0.00226602670014915,0.8193895489935086,0.573222141271941,0.003465382925411292
364.5,2917.934253721762,-1283.9510488013866,3706.560796731722,3.8586735675937627,-2.632638297484431,-287.56706979650096,0.0022558794432990656,0.8193895258150803,0.5732225600547903,0.0034077319007389385
364.6,2918.0951215810564,-1284.2130629988023,3675.52852461694,3.8322180727052304,-2.6078360754033283,-286.11587381069813,0.0022469921687902975,0.8193897144599522,0.5732228623833183,0.0033161580943734704
364.70000000000005,2918.253866548927,-1284.4726016317115,3644.682465845062,3.8062953549236838,-2.5827956117515423,-284.6903107767909,0.0022377413774115782,0.8193898426256673,0.573223196500695,0.0032319203173143103
364.8,2918.4105008870183,-1284.7295922751007,3614.019639997872,3.782003729835311,-2.5572870018561327,-283.28977626320045,0.0022251988210207478,0.8193899266875964,0.5732235868428263,0.0031489712839679754
364.90000000000003,2918.565101786916,-1284.984077384061,3583.53348754486,3.757607110853285,-2.5312205025193095,-281.9138711059161,0.002217650250722198,0.8193899498161386,0.5732239999347092,0.00307214363657956
365.0,2918.717712077922,-1285.235909288761,3553.2209176279866,3.735087931510755,-2.5060330592716715,-280.5630396647491,0.002201779833459872,0.8193899870063213,0.5732244229925788,0.002993700748375698
365.1,2918.8683960064322,-1285.4851701053005,3523.075480771372,3.7127203966103086,-2.479077027948828,-279.2365132507626,0.002191332312394925,0.8193900720495011,0.5732247670483308,0.002911070558555413
365.20000000000005,2919.0172000773046,-1285.731795938154,3493.092653541285,3.6915569480638233,-2.453344589887852,-277.9323878511494,0.002181051829435978,0.8193900670194652,0.5732251738564486,0.0028392146798320956
365.3,2919.164206613309,-1285.9757624731078,3463.2676121634663,3.670994555175224,-2.4262583773753414,-276.6478744211399,0.0021658236187870944,0.8193901773496741,0.5732254895227595,0.002754021117330022
365.40000000000003,2919.309401903498,-1286.2170602282818,3433.5986836759193,3.650920413694624,-2.399125665972495,-275.38118919180204,0.002158286076295165,0.8193901898877828,0.5732258442305646,0.0026814218303958678
365.5,2919.452868821494,-1286.4555918629896,3404.082806662387,3.6316289626729685,-2.371928462304552,-274.1307196695872,0.002143017074503188,0.8193902664886495,0.57322615678246,0.002602276289859579
365.6,2919.5946954402107,-1286.6913386407873,3374.719181461584,3.6126527591650586,-2.3433395917620814,-272.89555872120263,0.002142259372438869,0.819390301265191,0.5732264533164434,0.0025254970941075957
365.70000000000005,2919.7348246408415,-1286.9242553777322,3345.503527798003,3.5943485795785666,-2.3150798643855657,-271.676266618435,0.00221556458102372,0.8193901753557953,0.5732266732164893,0.0024521250258804188
365.8,2919.873359167532,-1287.154321774591,3316.434967822776,3.575323003367595,-2.2861243839423375,-270.4722300024034,0.002258453480883878,0.8193902464577254,0.573226744520177,0.0023712369393318698
365.90000000000003,2920.0102821336486,-1287.3814703540077,3287.5123254326622,3.5576900631745385,-2.256866984385644,-269.2834769885862,0.002341792044907225,0.819390675436356,0.5732262040522956,0.0022706839865006697
366.0,2920.1456720975766,-1287.6056664001123,3258.732894647486,3.5392420531732682,-2.2271511561615362,-268.10965595854293,0.00240131050072739,0.8193908683140061,0.5732260251298068,0.0021823715037507007
366.1,2920.2795249206565,-1287.826881744052,3230.095087994207,3.521929885154869,-2.1971016291340653,-266.9505980386849,0.002473532914767378,0.8193912305107769,0.5732255609862745,0.002085480502267225
366.20000000000005,2920.4118897663193,-1288.0450745355017,3201.5967282470215,3.5036791631195783,-2.16671424106708,-265.80605006227796,0.0025401135548618714,0.8193914345252188,0.5732252987328743,0.0019954303894898734
366.3,2920.542774549016,-1288.2602158140187,3173.236409096936,3.4864933790164843,-2.1359685054921123,-264.67584539557345,0.002607909790274968,0.8193917495851575,0.5732248646023905,0.0019010838675352134
366.40000000000003,2920.672225707716,-1288.4722497719376,3145.0126153314086,3.468575273277571,-2.104896186895332,-263.55969483048506,0.0026751062240589736,0.819391953884466,0.5732245564400864,0.0018104171213955363
366.5,2920.7999142960693,-1288.6810709256338,3116.9301794598614,3.451505900504119,-2.073482226303521,-262.4607934180944,0.0027429334519564414,0.8193922258525301,0.5732241337232044,0.0017172786018866326
366.6,2920.9261177430626,-1288.8867075168964,3088.982124331263,3.433818763358585,-2.041754714253777,-261.3765872326478,0.0028072349807585664,0.8193924355277851,0.5732237855963244,0.0016271626306214536
366.70000000000005,2921.051337910975,-1289.0892642547908,3061.1572217954495,3.416892512712084,-2.0096771389772012,-260.3019731450118,0.0028748793576749685,0.8193926235608637,0.5732234029797467,0.0015471906935550102
366.8,2921.1752334338544,-1289.2886391140282,3033.4593785063257,3.398730585833717,-1.9775840223486594,-259.23985234438584,0.0029457502865308043,0.8193926425282723,0.5732230690381414,0.0015274319227098951
366.90000000000003,2921.2977213187496,-1289.4848476776574,3005.8902574099407,3.3779137163006454,-1.9462581148054847,-258.19087067761603,0.0030820003566161347,0.8193939735586945,0.5732207293367892,0.0014187417293310056
367.0,2921.4188392357128,-1289.6778227638217,2978.4464690256264,3.359906530189095,-1.9136299326441444,-257.1546703706654,0.003192521576889242,0.8193947716552172,0.5732191409909433,0.0013536586278878446
367.1,2921.538538675156,-1289.867603906195,2951.127695298202,3.3389935420271906,-1.881736057726823,-256.131201536605,0.0033292346042033565,0.8193960968039903,0.5732166912914817,0.0012560112189680542
367.20000000000005,2921.6568412292763,-1290.0541578991474,2923.9312899249144,3.3179323852084255,-1.8496660982296156,-255.12029362912725,0.00344002292224537,0.8193969529734111,0.573214977976894,0.0011784409754963087
367.3,2921.773678724267,-1290.2375133296237,2896.8569467618895,3.296292990272339,-1.817480665906942,-254.12182447840567,0.0035713720936826295,0.8193981855700844,0.5732125824990661,0.0010927262115373148
367.40000000000003,2921.8891283217763,-1290.4176745764735,2869.901145872052,3.2729908685085642,-1.7856942918825824,-253.13521081241237,0.003686451162671919,0.8193991450538115,0.5732106361678236,0.001008834469672674
367.5,2922.0030859308617,-1290.5946266458097,2843.0645881572627,3.2500149941673,-1.7534704418573912,-252.16073240022183,0.0038122763842756893,0.8194002984017912,0.5732083011763558,0.0009278956522036847
367.6,2922.115602352788,-1290.7683791738305,2816.3444956153185,3.225007780978992,-1.7217883615484042,-251.19792115263505,0.003929962873793695,0.8194013259715135,0.5732061665300021,0.0008444169085822791
367.70000000000005,2922.2266315665242,-1290.938945556975,2789.7397402287543,3.200420675098969,-1.6896471027062336,-250.2467468409174,0.004051599657486698,0.8194024365035604,0.5732038504237262,0.0007599024006182146
367.8,2922.336183139356,-1291.106345237134,2763.2479347298113,3.173924013506725,-1.6579930397750937,-249.30693375645168,0.004174381165207815,0.81940346484292,0.5732016034009464,0.0006769075928339315
367.90000000000003,2922.4442766149477,-1291.2705450572778,2736.869200456609,3.1477936071777397,-1.6262981007404083,-248.37802152649806,0.004322131399582294,0.8194045425306753,0.5731990895326812,0.000564463608139183
368.0,2922.550845803205,-1291.4316386210558,2710.60149740348,3.1196353603706384,-1.595216573281883,-247.46028722172554,0.004486145390899679,0.8194055689028134,0.5731964523953925,0.0004638016010407743
368.1,2922.6559005720155,-1291.5895577315043,2684.443410792754,3.0921253748939743,-1.563484823545895,-246.55337296560708,0.004631023217258098,0.8194066412712518,0.5731938393659289,0.00036383715153737444
368.20000000000005,2922.7594523997286,-1291.7443955935987,2658.393552986338,3.062436515884236,-1.532812557721039,-245.65711447361804,0.004794972766913718,0.8194076512742278,0.5731911039221343,0.000260103716302149
368.3,2922.861468193194,-1291.8960790761041,2632.451271195013,3.0334561994758484,-1.5014851196241437,-244.77143257249608,0.004942286465714705,0.8194086968055052,0.5731883955655509,0.00015682150357326235
368.40000000000003,2922.9619578379657,-1292.044715534553,2606.614669005506,3.0024158047700498,-1.4711932649551611,-243.89614675974724,0.005099074038243947,0.819409689204073,0.5731856218395126,5.9990734573242443e-05
368.5,2923.0605788009084,-1292.1901019739626,2580.889208844483,2.9718846301543516,-1.4402682367674187,-243.034160054909,0.005248420444057129,0.8194107223607721,0.5731827982081695,-4.473581231101332e-05
368.6,2923.1574522032893,-1292.3323518344855,2555.2711032559946,2.939637357757203,-1.410296638226591,-242.18422970391714,0.005400984842163609,0.81941168481511,0.5731799892676614,-0.00014161328005638402
368.70000000000005,2923.252966565758,-1292.4716551204308,2529.750835765868,2.9075857090479578,-1.3797702360755344,-241.3425383372315,0.005550703706943698,0.8194127180949423,0.5731770471869642,-0.000244316698278801
368.8,2923.346598215842,-1292.607754752642,2504.3386048370044,2.8741510972715125,-1.3501296385235149,-240.51376871842766,0.005699927039760826,0.8194136433351188,0.5731742107993852,-0.0003406207716776799
368.90000000000003,2923.4392837001587,-1292.741176846257,2479.0133780126116,2.840653800915336,-1.3200757847722375,-239.6890121498896,0.005850165719514399,0.819414668341128,0.5731711623401526,-0.00044218784679040096
369.0,2923.5305712845693,-1292.87175871197,2453.782953003153,2.807464840585878,-1.291893161309021,-238.8725202525939,0.00595823502082121,0.8194155904477982,0.5731686614810351,-0.0005244640707848038
369.1,2923.6203471382923,-1292.9995070530706,2428.649472162464,2.772937912548172,-1.2625309182973448,-238.06541060905045,0.00604240047832056,0.8194160439517284,0.5731670903667575,-0.0005681825973858911
369.20000000000005,2923.7085611804414,-1293.1243295160632,2403.612202487007,2.7386505558348153,-1.2346127853956022,-237.26764300517382,0.006154252345895342,0.8194167377266037,0.5731648340349547,-0.0006388561938654306
369.3,2923.7952222067665,-1293.246364964371,2378.6701338785088,2.703653711974543,-1.2063828076883891,-236.4794147021412,0.006242848428009551,0.8194172522959442,0.5731630825936819,-0.0006886472086859279
369.40000000000003,2923.8803937058838,-1293.365639656693,2353.820265976349,2.6689274403116476,-1.1792319268097289,-235.69983480060228,0.006340213419348342,0.8194179537193312,0.5731609289175115,-0.0007539089046450695
369.5,2923.9640414780997,-1293.4821949540788,2329.0634063463,2.633500148214126,-1.151958681427253,-234.92927176167376,0.0064408194085089675,0.8194184135299327,0.5731590792205471,-0.0008058042503075851
369.6,2924.046095175999,-1293.5960186329166,2304.399000174735,2.5983191452254446,-1.1256625058221423,-234.16826644944823,0.006532696190751549,0.8194191106818133,0.5731569505391075,-0.0008688950548672338
369.70000000000005,2924.126551571246,-1293.707157302971,2279.826945016621,2.5624901958692634,-1.099269755439933,-233.41688104731003,0.006628371868426702,0.8194196134375853,0.5731550510611331,-0.0009215439663692687
369.8,2924.2056529187294,-1293.8157744765592,2255.3409842761407,2.5269108345951707,-1.0738135852593043,-232.67256738218637,0.00672368323448653,0.8194202555569846,0.5731529209935445,-0.000982864820846548
369.90000000000003,2924.2832749366853,-1293.9218670554505,2230.942561769239,2.4906076077039323,-1.0482609108700844,-231.93663261207968,0.0068178242412706615,0.8194207639804139,0.5731509884164278,-0.001036005618772061
370.0,2924.3593503359266,-1294.0254026648124,2206.632254005294,2.4546330653643222,-1.0236247667668987,-231.20953386475168,0.006911462278526917,0.8194214142963766,0.5731488231711144,-0.0010972598893999304
370.1,2924.4339928523063,-1294.1265365300872,2182.407026402923,2.419105397993108,-1.0000623192848144,-230.49025710159384,0.006993588584432923,0.8194218859547343,0.5731470711555952,-0.0011390183761194055
370.20000000000005,2924.507227293777,-1294.2254209137056,2158.2660612285135,2.3833954317328025,-0.9771271587043634,-229.77870769096208,0.006958481559879948,0.8194227985424152,0.5731462091573206,-0.001131234675113081
370.3,2924.579001480329,-1294.3219453452837,2134.2088388962434,2.347193246350961,-0.9539241252980284,-229.0750911559168,0.006977750363303113,0.8194235791681456,0.5731448137816911,-0.0011538363333450925
370.40000000000003,2924.649347382478,-1294.4162798213813,2110.234898994659,2.311978272406848,-0.9327217730744558,-228.3792849856551,0.006980939769107068,0.8194243018962966,0.5731437384334792,-0.0011554376671740723
370.5,2924.718265012932,-1294.5084447603224,2086.3428121925003,2.2758971109926796,-0.9108763899744661,-227.69127638978833,0.0069688092706300135,0.8194252584317747,0.5731424918343144,-0.0011685868908909564
370.6,2924.785782749279,-1294.5985377173358,2062.5317570343645,2.2410278987220646,-0.8911071762301039,-227.01081693110675,0.0069935491480088065,0.8194258996262584,0.5731412546223225,-0.0011779397104948392
370.70000000000005,2924.8519107732145,-1294.6866396874736,2038.800545980117,2.2052676903049764,-0.8708633448760827,-226.33791278227127,0.006970015292742506,0.8194269117054143,0.5731400798051367,-0.001184981311215253
370.8,2924.9166565930673,-1294.7727830727993,2015.1488401363777,2.1705514564175745,-0.8522532483094087,-225.67239205790528,0.006994980378671085,0.8194276031046202,0.5731387588862761,-0.0011985749948728722
370.90000000000003,2924.9800404623065,-1294.8570881529988,1991.57519562563,2.1352732615355094,-0.8337417965644264,-225.01426300117433,0.006981089426663969,0.819428531990344,0.5731375917888509,-0.001202592633915277
371.0,2925.0420424916297,-1294.9395430133527,1968.0802456456531,2.100548165912294,-0.8161804049276365,-224.3635293631928,0.006986708750705977,0.8194293946435254,0.573136259648061,-0.0012169517693114593
371.1,2925.102744530495,-1295.0203245895266,1944.6604733927218,2.065840343222946,-0.7993080049895523,-223.7196786076555,0.006994926242149504,0.819430178037372,0.5731350295457007,-0.0012215711835978477
371.20000000000005,2925.162109938199,-1295.0994191742807,1921.3166922624082,2.0316929521981355,-0.7829146849777782,-223.08295172525737,0.006986690369331704,0.8194311063158405,0.5731337786919908,-0.0012328349122408709
371.3,2925.2202333634195,-1295.1769595993196,1898.047589146551,2.0003757377103444,-0.7677043401002994,-222.45287339128527,0.0069754347001725146,0.8194306865029019,0.573134645287238,-0.0011711957985596048
371.40000000000003,2925.277037245807,-1295.2529494929306,1874.8528409656349,1.965521791771952,-0.7525121744678767,-221.8296294241111,0.006985634464739399,0.8194305617971531,0.5731347999656704,-0.0011208801175201252
371.5,2925.332584532472,-1295.3274870669775,1851.7314504618284,1.9348455153440227,-0.7385705137933162,-221.213013066416,0.006980088575006723,0.8194303902618147,0.5731352168442433,-0.0010663450461192469
371.6,2925.3869005146253,-1295.4006389622605,1828.6822173515861,1.902183084120437,-0.7248634469233467,-220.60275994922486,0.0069907687398416945,0.8194301519219912,0.573135533761221,-0.0010075781700819575
371.70000000000005,2925.4399765029702,-1295.472445686417,1805.705568113026,1.8720826619897106,-0.7121714299122732,-219.9991688866265,0.006988337794728618,0.8194300936042966,0.5731357309120726,-0.0009585313790697444
371.8,2925.491926849599,-1295.5430477445518,1782.7979696287418,1.8412074667242817,-0.6998315710952232,-219.40128333509756,0.006987458606657353,0.81942994719656,0.5731360413930541,-0.0009028377275822714
371.90000000000003,2925.5426823424,-1295.6124403347826,1759.9608898838212,1.8120771099306021,-0.6883774358057744,-218.80978655012558,0.00699345247322511,0.8194298925148037,0.5731361245047277,-0.0008518587812751453
372.0,2925.592324643839,-1295.680732536149,1737.1922443547123,1.7826919572223798,-0.6773709234957089,-218.22417410619107,0.006992444730080979,0.8194297654305838,0.5731364007522459,-0.0007945916159075441
372.1,2925.640811367833,-1295.747937983302,1714.492636645098,1.754542872916122,-0.667122360225803,-217.64481142866896,0.006993867317471643,0.819429810785856,0.5731363811839427,-0.0007480499824013406
372.20000000000005,2925.688239639192,-1295.81418109755,1691.8597520102046,1.726679013381656,-0.6574147764042001,-217.07100761998285,0.0069934836029432665,0.819429712026493,0.5731366007192105,-0.0006893121951778514
372.3,2925.7345348493745,-1295.8794465018464,1669.2944133826654,1.6994813364832857,-0.6483266197033543,-216.50352732614343,0.006998021733828376,0.8194297724851944,0.5731365132160036,-0.0006425537153217848
372.40000000000003,2925.7798197199672,-1295.9438606342674,1646.7947271409512,1.6747627391890294,-0.6397494991513479,-215.94153049614894,0.006986600672159462,0.819429506883879,0.5731371089260323,-0.0005701149006808345
372.5,2925.823979294929,-1296.0072890682268,1624.3610615924924,1.6482474236741276,-0.6289484838513938,-215.38582560457814,0.007603445881185637,0.8194240787801341,0.5731371341669748,-0.00043836620269515204
372.6,2925.8670317559827,-1296.0698218598468,1601.9915779849523,1.6244282336628149,-0.6221336003650679,-214.83603074145242,0.00853851839473256,0.8194157974105665,0.5731358943429918,-0.0003021146920332924
372.70000000000005,808.1202485955545,-1115.4837148166412,1678.1774271457996,1.9957170638668942,0.1069015001415043,-225.55031974940312,0.0036447097037155545,-0.8548758630090025,0.5187459308227912,-0.008754095646291593
372.8,808.318432759993,-1115.472839554469,1655.655347375374,1.9684943017831478,0.11051934284538668,-224.89091549375001,0.0036794495156266187,-0.85487893253548,0.5187460447782685,-0.008426943999024267
372.90000000000003,808.5140274708142,-1115.4616259785805,1633.198794058618,1.9431940036472832,0.11365623497805567,-224.23878313271948,0.003685153370595448,-0.8548822624998056,0.5187464094294654,-0.00805602953608658
373.0,808.7070534987475,-1115.450138223714,1610.8072765693623,1.917645211208563,0.11595957803226013,-223.5938881202846,0.003705546408085702,-0.8548852356170864,0.518746554302805,-0.007714612673551471
373.1,808.8976207753153,-1115.4384462793328,1588.480870382144,1.8946144396779985,0.11775151363915536,-222.9561720054576,0.003725958714355778,-0.8548881724578666,0.5187466360941635,-0.007365959835432684
373.20000000000005,809.0859025372451,-1115.4266100720972,1566.2173784224951,1.871493978021348,0.11885657768171333,-222.3254159826283,0.003734321844360474,-0.8548910572089995,0.518746762672139,-0.007009376692508782
373.3,809.2719702355525,-1115.4146992853657,1544.0157766236873,1.8498713025548719,0.11931422764938386,-221.7014638270155,0.003758570841386337,-0.8548936829386169,0.5187466902823932,-0.0066734801970853306
373.40000000000003,809.455756455862,-1115.4027735197592,1521.8817451411055,1.8293854092690847,0.11914732034770541,-221.08492623418311,0.0037714406959606967,-0.8548963143020663,0.518746645953673,-0.00632339621042789
373.5,809.6376945422616,-1115.3908861822588,1499.8037572046028,1.8091530235184905,0.11887776562407536,-220.4745139740436,0.0037857279353675933,-0.854898745941064,0.5187465305553487,-0.005986609155788972
373.6,809.8174936589744,-1115.3788670766146,1477.7866964806271,1.7875169579238874,0.12094078877467414,-219.87051808709404,0.003725021807928303,-0.8548993610629689,0.518746941767033,-0.005900599461761858
373.70000000000005,809.9953850479742,-1115.3669032890868,1455.8295485023632,1.7702896924124176,0.11837336645332446,-219.27264108030042,0.003668980780404247,-0.8549001387908867,0.5187473189038789,-0.005788817270632226
373.8,810.1714295174994,-1115.3550281513187,1433.9317875829101,1.750441400923628,0.11932767896819113,-218.68091246066493,0.003627965699450755,-0.8549011458221437,0.5187475713143752,-0.005641453031520216
373.90000000000003,810.3455868185958,-1115.3431545325345,1412.0932677397514,1.733231290770435,0.11777063526974547,-218.09523622807683,0.0035635576383364204,-0.8549016944892815,0.5187479882121618,-0.005560444420025203
374.0,810.5180126542967,-1115.3314055694436,1390.3130514896006,1.7151603834365057,0.11764375922729739,-217.5155502808998,0.00352532677614884,-0.8549027256220946,0.5187482070024556,-0.005403658646925152
374.1,810.6886747855007,-1115.319663863473,1368.5897397900214,1.6982502112766191,0.11672238768797857,-216.94167311145264,0.0034621927333117765,-0.8549032476052421,0.5187485958494427,-0.005323979688073803
374.20000000000005,810.8576755643472,-1115.308051393001,1346.9242123476445,1.6815967928410571,0.11592739837817007,-216.37369051090016,0.003422042821281236,-0.8549042098253419,0.5187488136125,-0.005172042291104474
374.3,811.0249979325029,-1115.2964709762405,1325.3149614484655,1.6651339637427252,0.11541421228711658,-215.81143243190917,0.003363314715485413,-0.8549047710082155,0.5187491527703504,-0.005083022876106604
374.40000000000003,811.1907474202699,-1115.2850044766524,1303.7617506696856,1.6498287727296512,0.1140551706607756,-215.25484400910204,0.003317457186907004,-0.8549055763300673,0.5187493969237155,-0.00495108360365834
374.5,811.3549265696163,-1115.2736155032137,1282.2641507965927,1.6340194652737383,0.11369133137980517,-214.70388064095923,0.003266638323661304,-0.8549062618644044,0.5187496638707612,-0.004837223693910524
374.6,811.5176086026884,-1115.2623091625353,1260.820602792839,1.6195598591717522,0.11226980992517646,-214.15834807588524,0.0032131556705453893,-0.8549068736803911,0.5187499438943625,-0.004733780122943682
374.70000000000005,811.6787613851789,-1115.2511794797044,1239.4318737232852,1.6015916107300685,0.10911510957465832,-213.61847817000773,0.0032343683367423125,-0.8549074778248741,0.5187497926176964,-0.004625568037738943
374.8,811.8378808401021,-1115.2405610306512,1218.0969252249906,1.583450320479711,0.10480123170865009,-213.0845681738701,0.0037669553090720663,-0.8549063658108803,0.5187467659730928,-0.004765347436468947
374.90000000000003,811.995638698278,-1115.2300840422379,1196.8147605200006,1.5701005020829648,0.10392723080702954,-212.55650203639453,0.004004385251564365,-0.8549062624765498,0.51874530220274,-0.004749602059274026
374.9273654794875,812.0385485104529,-1115.2272396302203,1190.9999998949424,1.5659515576094896,0.10398832913491429,-212.41302067851046,0.004028745696548822,-0.8549062860073408,0.5187451451296834,-0.004741914975103981
