time,x,y,z,vx,vy,vz,e0,e1,e2,e3
0.0,0.0,0.0,1191.0,0.0,0.0,0.0,0.7527377191564554,-0.0007015617736736913,0.0036239215600680622,0.6583101861301719
0.1,0.005767555191672986,0.005641970897389209,1191.6631385219373,0.10956923809167927,0.11019082577048053,11.896021547787964,0.7527377191564554,-0.0007015617736736913,0.0036239215600680622,0.6583101861301719
0.2,0.022913008694232292,0.023305160694514406,1193.5165326415768,0.23310694709211896,0.23404361961785605,25.26237896763624,0.7527377191564554,-0.0007015617736736913,0.0036239215600680622,0.6583101861301719
0.30000000000000004,0.0520978840640008,0.05262025597869095,1196.6582631865485,0.3645894010705555,0.365889361198741,39.48007335285542,0.7527377191564554,-0.0007015617736736913,0.0036239215600680622,0.6583101861301719
0.4,0.09533435656074635,0.09639317602421699,1201.3599492542928,0.5089027724500931,0.5158754593791279,54.72941041562824,0.7527380254684023,-0.0009246597090643569,0.003760686224443487,0.6583087932402806
0.5,0.15633356786274563,0.15904523352526614,1207.6612001678109,0.723181121267489,0.695664039018009,70.986574444786,0.7527569484485956,-0.0007369289515875974,0.004938755634146567,0.658279607910548
0.6000000000000001,0.2447975503624358,0.24017406095522398,1215.6177082512258,1.080374637307244,0.9894370870827155,88.29606877702862,0.7528383809257695,0.0004021350945215444,0.008431831007412665,0.6581512855858401
0.7000000000000001,0.3798946297845115,0.357141636835,1225.3367477623851,1.6475340758209822,1.5083804990172536,106.64729749065742,0.7529696647393513,0.0016297408644194381,0.012789739758263525,0.6579289099013204
0.8,0.5686014153368149,0.5253963272206665,1236.9550090022574,2.58943796448732,2.3010813543906363,126.13302110657769,0.7530455003562433,0.001926623581280502,0.014828992452907542,0.6577984976401381
0.9,0.8309301399003889,0.787177182808626,1250.586040163773,3.609031649198069,3.151620661615358,146.7647517391126,0.7529655203838356,0.0009107792484037983,0.01285544133135866,0.6579337605127407
1.0,1.2237481241232513,1.140118475724018,1266.34259414391,4.403246661406929,3.9797922370622683,168.59551390120086,0.752891299620178,-0.0003458081657895016,0.008979259803110949,0.6580835389723254
1.1,1.6682841592570588,1.5755205362021816,1284.3515239504984,5.039599682750246,4.685457449254822,191.66569273883843,0.7528942760780718,-0.00041620538082658495,0.008583334115902466,0.658085376070166
1.2000000000000002,2.2518143049362984,2.0719183837282125,1304.7295683898137,5.853933660533334,5.54963104580568,215.9669990987196,0.7529585376606956,0.0005299345132638225,0.011615969441736151,0.6579652186758865
1.3,2.9295576582000167,2.66468608475612,1327.5932441457244,6.94133410412224,6.575637826048223,241.5568863508782,0.7529499008237728,0.00044851292946674064,0.0117040577932372,0.6579736018388547
1.4000000000000001,3.6957999323486956,3.354825377359074,1353.0989689567043,7.891913584739108,7.572858700757919,268.47462803779587,0.7529148042842088,-0.0001097657671248568,0.0097387471064501,0.6580459271555023
1.5,4.520438922986195,4.136422644116141,1381.3327459838672,8.837233758839133,8.54321839440179,296.73403500185054,0.7529529245876067,0.00030692043850809173,0.011180649164827385,0.657979325084814
1.6,5.4532661386598615,5.022736909786875,1412.4672971570062,10.045607751574622,9.651885112530469,326.2473472141995,0.7529371451671857,0.00012917949270006468,0.011008090984461021,0.6580003500553968
1.7000000000000002,6.5456947384582955,6.047997251421936,1446.6234531360678,11.121132783766576,10.758569993686875,356.96292744899387,0.7529435229037871,2.769749317492569e-05,0.010714097939586087,0.6579979169081192
1.8,7.644017979646343,7.23707237453027,1483.8899268634204,12.420144243059566,11.923811936836609,388.8980981380995,0.7529454438462961,0.00019234431826109047,0.011178913547903728,0.6579879584663052
1.9000000000000001,8.937766139479859,8.534994161917409,1524.425213932652,13.69974556056777,13.183830377988446,422.17943699750765,0.7529484637147218,0.00011554962802311753,0.010965697713172,0.6579881086399565
2.0,10.3422388338056,9.913484048546106,1568.3563839655203,15.049624887302038,14.517940894436462,456.7404030976837,0.7529471445192885,0.00018633741773394814,0.01110092684184748,0.6579873344235956
2.1,11.878324167930556,11.418238995883906,1615.8174475970175,16.37975918546094,15.833070890568976,492.81678612443596,0.752953726286134,0.00014802642722386042,0.011216214016000295,0.6579778573045979
2.2,13.554834788872338,13.073890283170833,1666.9802685118607,17.874041237925738,17.278630841755643,530.5899090102454,0.7529520044840379,-1.1339220584261124e-05,0.011129649392103324,0.657981314111047
2.3000000000000003,15.375826255299414,14.907598091718867,1721.999281854315,19.422029807441415,18.71348993726791,570.0938734318452,0.7529554308646141,1.4046496898054096e-05,0.011284469200008893,0.6579747561183886
2.4000000000000004,17.377911370526135,16.880325965047916,1780.8774254953862,20.84080146819999,20.092954991548734,606.5710236208423,0.7529583275757463,2.586320144378241e-05,0.01132174548719139,0.6579708005257933
2.5,19.485049461567314,18.971770135702954,1843.2540258168249,22.149523485014523,21.39727785912104,640.8387625624188,0.7529548219679497,2.5401033240414906e-05,0.011292759705670188,0.6579753103333214
2.6,21.757348714252128,21.084231724027106,1909.031857306553,23.52800701102947,22.682300497705445,674.7215719800504,0.7529534516080142,4.015935429090641e-05,0.011318303514072994,0.6579764388672041
2.7,24.16242526942854,23.44247425691006,1978.181767976747,24.844099173662084,24.00503337068926,708.4858238804295,0.752952257500308,5.67549745051042e-05,0.011402664343668744,0.6579763475611629
2.8000000000000003,26.69517250076875,25.87038629818839,2050.7189296757224,26.14349721368518,25.354633904962547,742.3535376653895,0.7529501475332744,4.122352487207181e-05,0.011491838337909786,0.6579772118256505
2.9000000000000004,29.384257284414304,28.413292968086804,2126.6523963250884,27.514500015344336,26.623301150225448,776.4379929638932,0.7529451386220959,2.3606404700275347e-05,0.011515767566153577,0.6579825261855006
3.0,32.2312401187121,31.140035181230243,2206.0186108309026,28.85933627169352,27.87330439225874,810.8051485959445,0.7529405200599056,2.406196469461786e-05,0.011543255358529347,0.657987329611041
3.1,35.20911250989053,33.937912922443076,2288.635584292358,29.97099577966316,28.982413199971536,839.3753985753942,0.7529366517155253,2.940307754381625e-06,0.01152735771095804,0.657992035300559
3.2,38.3107908315051,36.80419059427636,2373.8522349472096,30.974178576288406,30.158661673188107,865.1664784682023,0.7529311784641172,-3.301724091834118e-05,0.011539230697435279,0.6579980893296036
3.3000000000000003,41.50541841155716,39.81615428820122,2461.7052265980888,32.06629342526932,31.202132017473392,891.9450729699853,0.7529259674494352,-8.632353366103067e-05,0.011557334771464594,0.6580037295498862
3.4000000000000004,44.76698582692457,42.982399807223416,2552.308317279855,33.21029751685592,32.196212739623746,919.7621068092599,0.7529208904517338,-0.0001119667083219523,0.01155711273770727,0.658009538935411
3.5,48.120976405201745,46.21786471006737,2644.573804639476,33.25238291530129,32.237727580785396,919.463355322752,0.7529164818928565,-0.00013758635587705618,0.011529505449497856,0.6580150627973257
3.6,51.45844038952691,49.41847794706973,2736.053977277043,32.92783789371715,31.96931504674837,910.5466290660776,0.7529122408072022,-0.00016300761602151064,0.011525321857006377,0.6580199829999748
3.7,54.76538400646201,52.541567418246125,2826.642133776714,32.61000748684969,31.704206246258796,901.8492060625773,0.7529074940912551,-0.00023300844676147852,0.011598988451698647,0.6580240987343761
3.8000000000000003,58.068772825789345,55.70461539470104,2916.37528839345,32.277925704284364,31.42789267510404,893.3060939964196,0.7529023002975742,-0.0002570495105727415,0.011626951857611385,0.6580295389438616
3.9000000000000004,61.30026293404945,58.82563545130403,3005.2244045177736,31.956289908606415,31.15663251023553,885.0255904325903,0.7528967018023761,-0.0002370484192330101,0.011649484676888517,0.6580355535454858
4.0,64.50955474724361,61.91918485356103,3093.2516110815072,31.69052951617961,30.890434842841476,876.7813718474664,0.7528940998612614,-0.0002768559809671866,0.011560796468617388,0.6580400791212323
4.1000000000000005,67.67828134994764,64.98572083142246,3180.3998071380265,31.430620270348548,30.61306470674034,868.5017878227005,0.752890955781071,-0.0003587119058859858,0.011567915167361395,0.658043511758542
4.2,70.77946799910664,68.05319895430503,3266.9211859950206,31.158061000631136,30.311427215012493,860.6123570370438,0.752888136391209,-0.000430733644540264,0.011559761452751258,0.6580468375921695
4.3,73.82950862527332,71.12688896613864,3352.668398623788,30.884269686873942,30.063785781072358,852.8853388503836,0.7528852282967686,-0.0005695644955252327,0.011564176351353801,0.6580499817142484
4.4,76.85697918420934,74.17260647235832,3437.672303978111,30.620005025151034,29.79268163203942,845.1678214728855,0.752882136069637,-0.0006651755526195348,0.011591912495756005,0.6580529418621236
4.5,79.89629505739742,77.1906765504332,3521.6816907766884,30.360338493117414,29.503199690541223,837.7409904413745,0.7528791736114544,-0.000707011904368555,0.011578226689330635,0.6580565285315776
4.6000000000000005,82.91145111028261,80.18140760698113,3605.11420018277,30.086890178620926,29.220183017671513,830.4606070858837,0.7528758154305691,-0.0006825379819539994,0.01157739835917149,0.6580604110025856
4.7,85.90290651232228,83.1451897734452,3687.9158530359286,29.86529539741682,28.951053186808085,823.2749843280716,0.7528724558007737,-0.0006930542095357,0.011584953064774459,0.6580641107330363
4.800000000000001,88.87113222871413,86.08229235202603,3769.6605851435816,29.627405439981796,28.729583220319828,816.0825651668965,0.7528692114283797,-0.0006817054555139402,0.011594204192686159,0.6580676714366236
4.9,91.81654122395561,88.9930274164472,3851.1017693840954,29.390527184953118,28.483088497308707,809.2116613482385,0.7528665215191834,-0.0006928291116080632,0.011618890742624784,0.658070301822942
5.0,94.73815885417311,91.87776285774262,3931.6430552664783,29.157138190663005,28.2349228313469,802.3983337837235,0.7528639987313059,-0.0007754556758227725,0.011613028260148574,0.6580731993155716
5.1000000000000005,97.62104001494471,94.72407802000387,4011.450397543155,28.926826300924343,27.99100329928111,795.6221724387088,0.7528616326512404,-0.0007975789535291502,0.011590669105316592,0.6580762739525051
5.2,100.48150614227184,97.54099421377676,4090.717059826333,28.699551142069577,27.749433086351505,788.8373043252844,0.7528590823991524,-0.000938452768882627,0.011574117349371965,0.6580792970175325
5.300000000000001,103.31998739717075,100.33215203837989,4169.24153809723,28.47474419784136,27.50403126745272,782.1466823471934,0.7528566070670373,-0.0010223995811866062,0.011620201864187768,0.6580811916498149
5.4,106.13394862836657,103.09794817024593,4247.055271337113,28.25234933181279,27.315287096753103,775.515225176739,0.7528537810006004,-0.0011098198969270209,0.011673783226272149,0.6580833347822163
5.5,108.91882450207568,105.83879233701767,4324.042552175987,28.032119357651588,27.15346412363702,769.0100236131804,0.7528516419537545,-0.0011444034973868403,0.01165299201466841,0.658086091119754
5.6000000000000005,111.67121854404114,108.55506928924139,4400.423385538598,27.815129259259695,26.93594438241999,762.6551535290685,0.7528490350084734,-0.0010792850382185155,0.01169567705598145,0.6580884262535079
5.7,114.32696287614255,111.23387484554333,4476.079493939152,27.61163957769078,26.69009740129781,756.4643722564342,0.7528471719540502,-0.0010267038649518175,0.011733740891197803,0.6580899641269882
5.800000000000001,116.94180475277962,113.88120569732368,4551.16588625845,27.40033963698997,26.444454810374996,750.2418035265929,0.7528471843097879,-0.0008990651804125765,0.011777829700326899,0.6580893491663389
5.9,119.52842487847796,116.50558173532424,4625.7229572924,27.188058937545627,26.199949323505933,744.1146052615611,0.7528463263055686,-0.0006887973167495974,0.011842243669020836,0.6580894284148235
6.0,122.2097330654895,119.10719666286884,4699.647755915367,26.982706114424907,25.949275472569973,738.089269852651,0.7528452805166479,-0.00048139121712987534,0.011925208689585121,0.6580893110087838
6.1000000000000005,124.90760050375592,121.68624754979649,4773.1472747574535,26.762970454711176,25.695039762853234,732.2047196427602,0.7528440344703873,-0.00042967625321348326,0.012036065139125498,0.6580887541028448
6.2,127.53480493808647,124.2429872146492,4846.188099271132,26.575682488573502,25.458354023355003,726.2289438866324,0.7528459525131295,-0.00039002966446103076,0.012038613374428069,0.6580865379640285
6.300000000000001,130.13475445934216,126.77757283487159,4918.355119447786,26.3736413233149,25.25902171007511,720.4736246851512,0.752847425793248,-0.00033767175390592174,0.012124084053031699,0.6580833123854013
6.4,132.76260848022335,129.29017243036498,4989.718403100351,26.153772171437286,25.083058062225714,714.7331268628297,0.7528483789059602,-0.00026376653083488773,0.012148819803761096,0.6580817996140456
6.5,135.3700061521281,131.78102680935027,5060.785162460704,25.945845538613906,24.88372598301379,709.0207332713013,0.75284991919659,-0.0001949537457425606,0.01212885079697664,0.65808042983899
6.6000000000000005,137.9570079748047,134.2502371332046,5131.240633132577,25.756163873984477,24.696148178218603,703.3871417546708,0.7528517144154944,-0.00016549150201024935,0.012132535324297167,0.6580783162366152
6.7,140.5237139793197,136.69804537736383,5200.937168471026,25.588040342204387,24.51501133645526,697.8201917202712,0.7528550972357184,-0.00020896220438402935,0.012176487007395057,0.6580736220706258
6.800000000000001,143.07021382813286,139.1245295840119,5270.379061697799,25.420788224548506,24.335805280321956,692.3708796451239,0.7528589464356651,-0.0001872111259131456,0.0121958859469891,0.6580688657653869
6.9,145.60798871147506,141.53001614305177,5339.21512968932,25.251624085760206,24.148153442250344,687.020975672919,0.7528651862419332,-0.0001590730327307748,0.012260257033392783,0.6580605383535352
7.0,148.13929514796132,143.91457146549197,5407.795195792278,25.079090522061087,23.953503522201718,681.6909756507628,0.7528718570378082,-0.00014519808514771565,0.012314343382540865,0.658051899735131
7.1000000000000005,150.65459606962062,146.27842759232763,5475.677380188379,24.88458421954845,23.76484395551253,676.4999673949973,0.7528790987206112,-0.00018402579641998214,0.012328178142155173,0.6580433457363136
7.2,153.15365907215616,148.621853635224,5543.0444262706405,24.664139898157977,23.56290732511053,671.3282340469837,0.7528845245689354,-0.00014790889902233749,0.012451424085813534,0.6580348264535861
7.300000000000001,155.6270745668135,150.94512781719982,5609.933812411978,24.426238604495754,23.370598433309414,666.1729871812496,0.752891087811315,-0.00010709972625434429,0.012447106521518007,0.6580274066960932
7.4,158.0846007891516,153.24860588344208,5676.233527434705,24.248975943290432,23.18009476413325,661.0582602389229,0.752897903500283,-4.239701253482141e-06,0.012438341620425012,0.658019782791245
7.5,160.52647450241938,155.5327289542568,5741.936666091799,24.062048615085192,22.988882519967632,656.119355807366,0.7529050963928676,1.3315444355289601e-05,0.012400846163278254,0.6580122602678314
7.6000000000000005,162.9528222978549,157.79785590745024,5806.972943122167,23.88011098287276,22.81110822141704,651.1847709980332,0.7529122387645585,3.325281025737156e-07,0.012380206998147422,0.6580044765752836
7.7,165.36393229618702,160.0444226083092,5871.6598387684235,23.701997023314643,22.620120670003022,646.3158355786873,0.7529196870916594,8.146914832528683e-05,0.012324876680869628,0.6579969875063084
7.800000000000001,167.7600228711416,162.27282066684245,5936.2238851127395,23.5220324937257,22.483955212950978,641.4912004159493,0.7529226291969529,6.038936108980158e-05,0.012320927899557507,0.6579936971825544
7.9,170.14136559389027,164.48334792370986,6000.599122699252,23.346637899670576,22.368659957093772,636.6933369381783,0.7529256289740214,7.537806978372879e-05,0.01228090980931576,0.6579910111897246
8.0,172.50829132871837,166.6764107157073,6064.002933171846,23.176318265071256,22.22527614588013,632.0121185939847,0.7529281977853746,8.847379650352987e-05,0.012312858810369125,0.6579874730266307
8.1,174.86102595484763,168.85232295677477,6127.017427761908,23.010838837524727,22.171099377192224,627.4851204990274,0.7529314522039369,8.630753592248049e-05,0.012295786861260413,0.6579840685446287
8.200000000000001,177.19984977032922,171.01556541657132,6189.838914138897,22.849853376746044,21.995343124485572,622.9601987310923,0.7529349855460553,0.00010652516348969468,0.012265768265709315,0.6579805826329549
8.3,179.52503240691215,173.36388866618623,6251.918731280654,22.693166799048385,21.833585025348732,618.5387248188596,0.7529381809045697,0.00014584405268833228,0.012270340895393403,0.6579768333307341
8.4,181.83682264951017,175.7015877182144,6313.2703797027825,22.540898081143208,21.695050316787587,614.1438801571645,0.7529390727236043,0.00015623657711123854,0.01220532916568187,0.6579770195806296
8.5,184.13542008634366,178.02886082485037,6374.29711541717,22.393056039200467,21.551769286912545,609.8264662352314,0.7529398817976515,0.00015813871481838596,0.012230379921360932,0.6579756281182949
8.6,186.41133777673872,180.22233399478333,6435.206389183719,22.2489464290761,21.446270290055146,605.6094833846472,0.7529410135964265,0.0002069541590934912,0.012245184301669614,0.6579740440745213
8.700000000000001,188.66093313359085,182.35485326553467,6495.6873459204635,22.12652749956029,21.34079381074014,601.4187332558149,0.7529422802627674,0.00016996487302902853,0.012215081489612615,0.6579731647178692
8.8,190.8200296463784,184.43675000396553,6555.3723957198035,22.00740449426271,21.23162298464504,597.2898677961736,0.7529434636719927,0.000114828287753333,0.012166730374373306,0.6579727182794771
8.9,192.9379373290925,186.50368403832044,6614.660022794199,21.89060644967339,21.123811156217997,593.2305774830883,0.7529447111640971,-4.008477197712352e-05,0.01210212818016005,0.6579724909270421
9.0,195.04034452808432,188.55601221193686,6673.40564759789,21.77636150655367,20.994744222963128,589.2346501107842,0.7529452185551748,-3.5807792025737094e-05,0.012164632046012468,0.6579707579367698
9.1,197.12433058525698,190.59404459519655,6732.004267082484,21.664587907265204,20.8833920007079,585.5099052980734,0.7529453188912295,6.825099574459218e-06,0.0121941736678603,0.6579700972246084
9.200000000000001,199.18434640400383,192.61813371143523,6790.6095049964315,21.55503003740301,20.79317977106593,581.6101784692311,0.7529460953563025,-3.277456486068004e-05,0.012233997591110603,0.6579684686339203
9.3,201.22936581784884,194.62860220568749,6848.503126074815,21.427731253902113,20.69364069881684,578.0556658184728,0.7529481853487701,-7.5879779173879e-05,0.012112480860941285,0.6579683216003993
9.4,203.2597547730253,196.62577070296305,6906.394662308,21.302254093023862,20.597451746917862,574.3784154413078,0.7529491471851799,-0.00010894270209540104,0.012094408431539317,0.6579675487205193
9.5,205.4283612654196,198.57425736882428,6963.925264036283,21.176298817711697,20.519625454547008,570.7886526304773,0.7529503590628753,-9.109286531023593e-05,0.012051041480743813,0.6579669603319048
9.600000000000001,207.60290953450422,200.6652988484293,7020.870126698784,21.105251043146364,20.43696119515305,567.2731423745167,0.7529510817039267,-6.905436547668375e-05,0.01207002723874987,0.6579657880428412
9.700000000000001,209.72803925584387,202.4953699530314,7077.35217934458,20.97799639774084,20.34085727739213,563.8698442818936,0.7529518461718505,-9.755391150831736e-05,0.012093427100748327,0.6579644799307902
9.8,211.8391026481022,204.40688066598173,7133.975977094529,20.86088444197371,20.25621705788004,560.5199881885028,0.7529540136073213,-5.0863281454302346e-05,0.012076777222813934,0.6579623106663959
9.9,213.932036338247,206.3047596998178,7190.197332794213,20.748728720674507,20.156661701634853,557.4366846981903,0.752957039006531,-6.26432510190926e-05,0.012066060663167457,0.6579590440646085
10.0,215.80274057369525,208.1419963192028,7244.976102146972,20.610446633940562,20.04472318942441,554.0043894730312,0.7529612308713354,-9.688895749859853e-05,0.01201004235683499,0.6579552677043025
10.100000000000001,217.6236965150274,209.94841259218242,7299.927044666398,20.488424370146348,19.993116185493715,550.8329794033674,0.7529645207871999,-0.00012404322756134347,0.011961166796161486,0.6579523885037993
10.200000000000001,219.550994984197,212.0045050388581,7356.792096877858,20.42059107658308,19.881019166212376,547.978323773357,0.7529678653818711,-0.00017209724111693955,0.011836545555161653,0.6579508038403241
10.3,221.4983333257173,213.93125167173972,7412.635217689374,20.455952354042175,19.812390265094958,544.6760890982559,0.7529712452705911,-9.901923904058016e-05,0.011789834077689512,0.6579477895724449
10.4,223.54706925598472,215.84733259645745,7468.068914504211,20.409257285465053,19.78707565644229,541.9869574187452,0.7529749346470811,-0.00012343289386486508,0.011755888495494627,0.6579441706126944
10.5,225.58663380196634,217.75292385122322,7522.340923333826,20.329629779565668,19.778241199629093,538.7104779761877,0.7529774939156351,-0.0001421616406905617,0.011770225127862707,0.657940981583483
10.600000000000001,227.61732958954144,219.6481664288539,7576.916078625175,20.260468189741722,19.79169388110699,535.6344784178344,0.752980049919136,-0.00017313177907861256,0.011762306564738142,0.6579381905570155
10.700000000000001,229.63938362315764,221.50692413992905,7630.775010719771,20.20471332590885,19.817229012129477,533.0966297570875,0.7529844784219326,-0.0001116890384725901,0.011745022817157065,0.6579334443697425
10.8,231.65306897423787,223.34539966169226,7685.994838133358,20.15755830514033,19.82072747566351,530.069067233132,0.7529890492144721,-0.0001836919073290624,0.011744954579535482,0.657928198257449
10.9,233.65859432203678,225.17399296989828,7740.805721577863,20.110082788122316,19.775179415173717,527.4134105366676,0.7529940235187472,-0.00021627261731961772,0.011671772864456958,0.6579237976311574
11.0,235.6562441897618,227.45357131966296,7794.232718673045,20.063187165272524,19.812702004148928,524.9397255765289,0.752998535083217,-0.00023610365735430373,0.011692338996976095,0.6579182621164822
11.100000000000001,237.64622170456676,230.03301820937338,7848.0718799159895,20.118060959825343,20.079318522432786,522.2717292851669,0.7530033142279315,-0.0002919994241742503,0.011688354172886627,0.6579128406368252
11.200000000000001,239.6287302550456,231.85161940064805,7902.085298258664,20.05948178157063,20.125768260497285,519.7724650457367,0.7530062958140177,-0.00026574290579170566,0.011840066258980163,0.657906726425671
11.3,241.61900976557087,233.6614813734943,7954.211698574898,19.970148619784617,20.149806403371397,517.5745664802254,0.7530105906819407,-0.00031094582398975205,0.01186296504618261,0.6579013783948491
11.4,243.73831079640706,235.72209982182298,8007.7462447451835,20.007818101376227,20.266812585094076,515.8212828484593,0.7530156052536868,-0.00034334885119512897,0.01186782405098216,0.6578955351028649
11.5,245.96522448861165,238.8583404802018,8061.524472035038,20.0765584833925,20.417577734238904,514.7881724110865,0.7530208707519491,-0.00036626766264969123,0.011870333928154904,0.6578894506164464
11.600000000000001,248.05435919973732,241.26171617067217,8115.008612834074,20.137566597383987,20.48442515464964,514.0659501633411,0.7530276278365164,-0.0002544507994746823,0.011852180132084507,0.65788209642444
11.700000000000001,250.00905674025017,243.17916680395214,8166.431111864652,20.264085471864142,20.502718750057163,514.4753065767944,0.7530339728642458,-0.00021857742644990682,0.011839497945843257,0.6578750749379317
11.8,252.851554018171,245.49159344234445,8222.55458343086,20.589181452005374,20.575216624832635,513.8697087959533,0.7530404397327028,-0.0003683269268264303,0.011804160913271841,0.6578682407956671
11.9,254.84069072670275,248.51541878485517,8276.665297997004,20.62515740368622,20.610150659390424,518.7026710999271,0.7530467170031461,-0.0003131845302719985,0.011842921797610203,0.6578603872627757
12.0,256.8892149793451,250.72626784146564,8329.777200869315,20.783921783618798,20.731505991216512,531.3307008858674,0.7530537924684767,-0.00022721985883158207,0.01175098703616754,0.657853971884077
12.100000000000001,259.7756600305299,252.9308018436896,8387.61835982449,20.898161973921194,20.86604688121168,552.2847259596018,0.7530593893544968,-0.0002746608569714613,0.01188679039180727,0.6578451070583616
12.200000000000001,262.57186545797003,254.97312639816786,8439.553648337349,21.078179084492373,21.018848646365193,573.8898714857235,0.7530655980460466,-0.00026621657229022156,0.011945082335610185,0.6578369472569039
12.3,264.953853534856,257.0698848052323,8496.173013002935,21.658814391979977,21.291746701418244,597.1298207745086,0.7530717753772159,-0.00012673705603150938,0.011974785120459484,0.6578293772622544
12.4,266.8599346696466,259.6986837878019,8556.746811709887,21.646660253946926,21.536045324483787,622.5417247414825,0.7530783603730911,-0.00010277952840121287,0.012015470020791461,0.6578211011014504
12.5,268.64048765882416,262.2272939490751,8614.103954627433,21.85341118550819,21.73775470462283,651.8558764679753,0.7530828490488933,-2.1502546426489812e-05,0.012171833958048921,0.6578130953881504
12.600000000000001,270.4121898332157,264.82659200085027,8675.893075886599,21.814665409965485,22.159888527621575,684.0846434697855,0.7530862818958787,7.864369119047433e-05,0.012330143003319177,0.6578062126560746
12.700000000000001,273.55645567970026,266.87101688311617,8738.102455225442,22.139241446619476,22.43702605987907,719.0939302528893,0.7530910499064071,1.550807927426752e-05,0.012444608791546194,0.6577986029343559
12.8,275.5029526295401,269.4177415216786,8798.50972910874,22.765361406806836,22.641663986539147,757.7319730047764,0.7530954674837128,0.0001450119930575408,0.012408066003908454,0.6577942198933133
12.9,277.851012328017,273.00047367537655,8862.570733193606,23.381077881831253,23.264900142204265,800.3411951494645,0.7530992219066919,0.00010433567442800678,0.012483354474805457,0.6577885047176325
13.0,280.2078491006115,277.16233966355816,8937.688361572787,23.929663987454564,23.63034263589875,847.2658650425223,0.7531048065439208,6.843762488822752e-05,0.012361893246961405,0.657784409417011
13.100000000000001,282.0543736131558,279.07712723039344,9013.416590690826,24.27758588937145,24.478485189147527,898.953494076118,0.7531084202339514,5.7926442811305534e-05,0.012393295853020344,0.6577796821392015
13.200000000000001,285.40061084141263,281.4035893258596,9099.231625478798,24.807439189929738,25.46605456220474,955.9156638919684,0.7531136915515124,1.8326221564253425e-05,0.012350479508310686,0.6577744544429478
13.3,289.00323077093486,283.2834986194287,9196.802224005383,24.894425140152325,26.16470617801734,1019.3093548277426,0.7531175924523162,3.7450313266369515e-06,0.012345728126431173,0.6577700775512899
13.4,290.82775294943013,285.3063170312656,9303.285482065974,25.38204271869925,26.959322377496523,1091.0886304403957,0.7531215213144506,1.7961926784983917e-05,0.012419449953035316,0.6577641910846476
13.5,292.6537158810265,288.0230632724068,9419.536661788583,25.519430198196588,27.309339974329266,1170.6030983908056,0.7531240886929362,1.6947517479362257e-05,0.012363704713483165,0.6577623017085836
13.600000000000001,295.70412894097393,291.4476922713546,9547.917889921035,25.970394806335854,28.88224606470231,1258.7750346313878,0.7531262396642834,5.548548988667855e-05,0.0122812701788274,0.657761381089899
13.700000000000001,297.9846990703693,295.17228640062746,9677.65584644609,26.17569853966102,30.09689639419155,1356.7272137513596,0.7531276042565654,0.00018855100734024106,0.012239214682764213,0.6577605778543077
13.8,302.05728825998824,297.90762474768246,9817.127598208495,26.52776137977262,30.702053227341022,1458.3551944923495,0.7531269365938483,0.0001290610350019371,0.012152495484789208,0.6577629645803319
13.9,306.79873330858817,303.3681307470131,9963.588283836858,27.634322456409308,32.1629674003398,1542.273081539959,0.7531296922935147,0.0001472055506092604,0.012065295040047067,0.6577614108261431
14.0,308.7091613765395,307.66106298150146,10119.112630125626,28.952198618866174,33.32648548027478,1607.7530542317102,0.7531306707911721,0.0002199623386001338,0.012005460898018724,0.657761364963643
14.100000000000001,311.21391859429747,311.64454860795934,10283.125296324506,29.59720237947214,34.99746849003051,1662.6619618455038,0.7531326851506663,0.00011755211816931852,0.011974383647123468,0.6577596512978874
14.200000000000001,315.3570164080094,316.41471463875837,10454.505524158027,30.64392104566635,36.83751542219255,1688.2173229447628,0.7531354750250131,5.9416851701301636e-05,0.011832293123529734,0.6577590360975094
14.3,319.6322821599091,321.60244858944674,10632.046714696893,31.286679765557036,37.71882152492847,1712.3367626669385,0.753137903858181,0.00020688051989703517,0.011943018086729294,0.6577542240773037
14.4,323.50378178080706,327.03647888806506,10814.293020359228,32.583572435149016,39.21737144590392,1723.8749667249147,0.7531434939750681,8.370657437135593e-05,0.011768068808418151,0.6577510038249704
14.5,329.3509013255053,331.0043997196787,11000.796978974993,33.86812785116656,40.55055740183703,1739.3178722851592,0.7531470882523127,0.00010286821779264287,0.011713299292388197,0.6577478631625343
14.600000000000001,333.11742087839116,334.6739395347265,11190.588310566416,35.808887362060766,42.37156450250756,1760.8641099482231,0.7531513189121666,0.0001344034519395325,0.011710237008846694,0.6577430676987577
14.700000000000001,337.94712827765807,336.9293871933227,11382.771859086153,37.58477071866252,43.97031286403255,1773.5964268914884,0.7531543804576164,0.00014437111197893303,0.011666415595509074,0.6577403386608114
14.8,343.4934211394177,341.416482836118,11576.557077971664,38.787362206805135,45.67657967799435,1786.6945616536318,0.753157257193859,3.35046020337526e-05,0.011696431190502761,0.6577365265142806
14.9,348.6817410878573,345.60514474571227,11771.243468705297,41.08969164577414,47.47575279568755,1796.0910397343828,0.7531614106158416,-3.333632944915339e-05,0.011595235491105613,0.6577335622892834
15.0,352.88837088242246,348.49728177935975,11965.510918163081,42.052683089880254,48.98285398099373,1806.8622770265697,0.7531767804714282,-5.227133558388192e-05,0.011573470240657129,0.6577163441887316
15.100000000000001,358.094225125387,351.3806291303516,12158.217189800542,43.18187024408444,49.53356897132327,1819.4402107818805,0.753188337203879,-5.029258753159926e-05,0.011428456994715142,0.6577056458184248
15.200000000000001,364.2651521087341,353.9370217180704,12349.397651015106,44.877900267878786,51.21642019916538,1827.0124828104306,0.7531994650231003,-0.0001392941486395812,0.011384088726179537,0.6576936589400343
15.3,369.623236106847,356.94527072603773,12539.100557577493,45.581664587307706,52.53951130750095,1828.8799006310855,0.7532131971560205,-0.00018645591597213254,0.011372070631985061,0.6576781286265632
15.4,374.30688007309107,361.18268896914583,12727.374522737677,47.08982623845197,54.29776516984264,1823.927387434703,0.7532250047749056,-2.4107939484572933e-05,0.011380859253463159,0.657664479535959
15.5,379.48573215083866,366.051070231523,12914.261816573955,48.29707643195275,55.63788543138881,1827.2477298217364,0.753235785938118,-0.0001915829628489632,0.011356928109915215,0.6576525178709957
15.600000000000001,382.8778690136953,371.33640685972216,13092.849116888918,49.412264978696655,56.88708078558837,1827.1565957784494,0.7532474997382923,-0.00015521454950717553,0.011354016979956564,0.6576391612007864
15.700000000000001,387.82337689052747,376.5500536502789,13267.581776795198,51.14575134019989,57.71069177298956,1827.6107579176328,0.7532605832969934,-0.00021569529434101647,0.01130443333254633,0.6576250123844464
15.8,391.2269278712571,382.6774060795993,13451.536164701705,51.73073171425178,58.6574963298638,1829.0055509955107,0.7532737817998963,-0.0003326754577699132,0.011271342832992769,0.657610413398893
15.9,394.64136354201963,388.96549956289266,13633.026140990147,53.17130259513802,60.27210724010644,1830.9417083764745,0.7532872205089333,-0.0005534513502696811,0.01120892582714854,0.6575959375568936
16.0,399.2237064085649,396.73936594677383,13808.904380928509,54.53533238101737,61.88089082664261,1833.9729115357313,0.753302666638281,-0.0006139133904435721,0.011190471778676415,0.6575785039730043
16.1,403.67541605883105,402.3539146894866,13975.30639794772,55.32971333579512,62.95205548834059,1831.8800360851435,0.7533191241492861,-0.0006561058186197529,0.0110660025128952,0.6575617159662597
16.2,407.7105854552873,409.6599610273828,14142.786417601415,56.570645986352226,63.83257067376507,1829.9685797516652,0.7533346264530857,-0.0006734858388875768,0.011021477940317943,0.6575446859549742
16.3,413.22307233839626,417.3800070832154,14317.62298193426,57.75480379010255,64.44699514692226,1828.1428338829699,0.7533502084424254,-0.000777062669902263,0.010946934013597786,0.6575279646137212
16.400000000000002,419.6097605516105,425.1498709745016,14491.413660876731,58.22821309186938,65.7444393273507,1830.8011280732378,0.7533572799516677,-0.0007974696823524492,0.01085785040684711,0.6575213151453517
16.5,427.51844427380433,431.74510732258574,14660.837502212926,58.791940038622805,65.70705854469983,1830.7306360127964,0.753360052050946,-0.000796677962885066,0.010753214144983746,0.657519859520282
16.6,434.17711028338584,436.08325336937236,14828.683168774713,60.09919409449238,66.15376880514644,1830.2820763974478,0.753362052360133,-0.0008313356962563983,0.010719890549040354,0.6575180688705863
16.7,438.54748794318334,442.70616707793886,15005.50108402195,61.168615880428476,66.42133267542896,1829.2161457036823,0.7533639888196698,-0.0009369552191782946,0.010700278383765353,0.6575160275667381
16.8,444.40460783003755,450.03302879141637,15182.062203212938,61.3063113370319,66.79905983596312,1830.7057871678728,0.7533650894906203,-0.0009826244629474196,0.010781253750399468,0.6575133770148893
16.900000000000002,452.63432303174864,457.06161220897815,15353.937975837589,61.53202793336738,66.83079913256155,1825.5973324452277,0.7533613082991656,-0.0010065663615251928,0.01073407652102942,0.657518445051673
17.0,458.3180669243817,463.9862885028269,15523.814320498197,62.60180081354139,66.94495021585746,1824.013102634104,0.7533571243456871,-0.00092327710686849,0.010627231674271069,0.6575250966342824
17.1,463.48043600513716,471.1370149826901,15691.712396624232,62.76081531435927,68.01890428523492,1823.3136282684022,0.7533521009848065,-0.000851421156151432,0.01060529292881217,0.6575313032743663
17.2,470.70126077900727,478.49290747379166,15858.770487692333,63.57657270029285,68.45179171049918,1822.758544082133,0.7533474090469209,-0.0008787209184288952,0.010557109377990278,0.657537418382726
17.3,476.07433939542824,485.5466290726686,16024.586991970844,64.53156380170658,69.01482523041685,1821.710716006137,0.7533395785607909,-0.0009336127635865383,0.010508936096703182,0.6575470857689
17.400000000000002,482.4204017183634,492.1807401963393,16190.80995533742,64.69567957414273,70.29389876164188,1816.0359638719224,0.7533317415861553,-0.0010028345168340165,0.010457956820321522,0.6575567751767496
17.5,487.54324167437755,498.3510869651184,16357.65265224221,65.1848843393251,70.1151508107518,1812.5603132859126,0.7533246600141431,-0.0009932617074402048,0.01035096927822657,0.6575665954720916
17.6,493.3651007810011,504.6013336693475,16523.3988860615,65.56876243441597,70.58871142744374,1808.5053860058347,0.75331739320263,-0.0009325280325504227,0.01024508022798791,0.6575766676373064
17.7,499.6065093444438,513.7257291988591,16688.407261590066,65.87205134872703,71.14579661974403,1805.3288075393286,0.7533107247387082,-0.0009788736530900804,0.010186176870966636,0.6575851546383682
17.8,507.67703975178017,520.74977312062,16850.900019173067,65.8075235454271,71.93041481636415,1804.8169173562574,0.7533056443315629,-0.0010914861023865192,0.010282771784774592,0.6575892939219126
17.900000000000002,512.5804189781956,527.2123610303377,17012.263058639066,65.92443576360795,71.8217823509524,1801.4000849502374,0.7533005675107174,-0.0011729472863202535,0.01033730919668813,0.6575941143450622
18.0,518.9863287578056,536.463223239004,17172.950345481946,65.98530377917126,72.37929782803512,1796.3210979540825,0.7532959979734465,-0.0011788983698061003,0.010379964130836023,0.6575986663463252
18.1,525.3536339494458,545.2185488007194,17332.976513099104,66.38341458750463,72.05258413705975,1790.6820215102164,0.7532913277493726,-0.0011801246612097856,0.010421590140204613,0.6576033556045171
18.2,531.9269855663977,553.3352226117611,17491.441644666724,66.26826080318004,71.91641051643329,1784.3075185382827,0.7532857120202183,-0.0011659760681382437,0.010497561434362543,0.6576086053040463
18.3,537.509971628577,560.0036502116819,17647.17564500347,66.02760720737282,72.03888728486844,1778.9180652647449,0.7533010555590676,-0.0011474855338782504,0.010475821960046957,0.6575914081896185
18.400000000000002,545.3348993620942,568.3116453235718,17800.291667860405,65.79462958627306,72.4245354845685,1774.5711171222245,0.7533150663329922,-0.0011154163659468491,0.010560615111861859,0.6575740567346838
18.5,552.317412384042,574.5567022867688,17955.2672087038,66.89186808379266,72.75800760536617,1769.8061824407716,0.7533295843624046,-0.001050405672080485,0.010625005264171344,0.6575564943298994
18.6,557.9587776345285,579.8231250482191,18109.664779892802,66.73471896602157,73.09563067674272,1768.8640798713561,0.7533417157209289,-0.001071154175922387,0.010659278272810387,0.6575420076087014
18.7,563.2866241745662,587.5239357976255,18263.49587018792,66.49207377236098,73.2455318009001,1763.442215102832,0.7533538031486756,-0.0010892524715412368,0.01078848850626968,0.6575260217863852
18.8,570.8855900834023,594.9099717286202,18416.775539852166,66.23307947070013,73.03799644473065,1761.5989766751711,0.7533650729754311,-0.0011209139171978152,0.010859078892318894,0.657511894020423
18.900000000000002,577.9075273904135,602.9963165633969,18572.18873155587,66.02268656343293,72.86094888586929,1756.781928083278,0.7533620943535644,-0.0010620370768676753,0.010931896910999777,0.6575141979443379
19.0,585.2991576022738,610.3683635136415,18730.406609124268,65.76573369495523,72.67012306747206,1751.3201541807637,0.7533616568379778,-0.0010260111193776556,0.011005791174957398,0.6575135237150129
19.1,592.4243074691998,619.7057321510067,18887.29692409785,65.48002767948988,72.48353006542186,1746.6179001194585,0.7533613776757095,-0.0009698734769985411,0.011082821052421046,0.6575126348972432
19.200000000000003,599.306947300426,625.8704936329309,19041.482503519506,65.30836892674816,72.41585858083246,1741.7620760442494,0.753356454290829,-0.000931753419410127,0.011148943543205976,0.6575172132133013
19.3,606.3920241476943,635.960634773226,19186.77421504532,65.15560247338875,72.38072784726478,1734.6750160570732,0.753350274595424,-0.0009444621841912788,0.011222049164062416,0.6575230318177008
19.400000000000002,612.8471956162726,641.742491927937,19331.603736155797,65.43242216600564,72.29131166955,1729.4705319984434,0.7533467733437039,-0.0008445585847978771,0.011274926127455079,0.657526274649346
19.5,619.8709326772024,649.9744837981578,19477.154607296507,65.14136647349697,72.04356913817536,1721.9889964801534,0.7533460580246618,-0.000718622569037972,0.011347744315814897,0.6575259912271524
19.6,626.1215341008082,655.5149507170796,19631.27442675042,64.94067767143865,71.77909665374574,1715.360138641594,0.7533431384954958,-0.0007177950364994899,0.011374169280839307,0.6575288805255723
19.700000000000003,632.0451839297431,661.4281159857476,19787.06575779555,64.85706827461804,71.52125411376824,1712.9318731053474,0.7533398012944785,-0.0008143705779893284,0.011434801762732188,0.6575315398479409
19.8,637.5301117563056,668.4165668692212,19939.126418020987,64.69527350934447,71.37686127140742,1705.3604693712355,0.7533371958606144,-0.0008083084411187194,0.011455510456326718,0.6575341719260797
19.900000000000002,643.3220460060248,676.2339629433027,20086.444007800605,64.5419592190252,71.16546139647325,1697.1944450758074,0.7533378645547681,-0.000741604533340704,0.011494819144593821,0.6575327984090308
20.0,648.271542271583,683.7506780208947,20239.640874396635,64.38755707786316,71.10344981454544,1691.745291462301,0.7533320126933081,-0.0008196267018920773,0.011593128252550638,0.6575376842743229
20.1,653.1987976377603,690.9324480125115,20382.70104153628,64.24097956649251,70.9162241401473,1683.5224696952853,0.7533305559263986,-0.0008376938559842014,0.01166283199057469,0.6575380978518175
20.200000000000003,661.0244568913735,698.688989609792,20533.699186539092,64.12520947414775,70.68939882506464,1677.0741288780687,0.7533288719188562,-0.0008547670591951578,0.011708928624412225,0.657539185978453
20.3,668.3817611451882,705.9032474964883,20682.090422475212,64.11523708185162,70.47767366301068,1670.6467152210662,0.7533265350083956,-0.000815774574819452,0.011737794392971533,0.6575413982000494
20.400000000000002,674.342037090693,713.0979845961463,20823.578762213514,63.982606602673464,70.26475116519593,1663.9079255874697,0.7533234127180027,-0.0007616902877694892,0.011804318603546447,0.657543849291523
20.5,682.5152882210976,720.0110754272661,20966.660732688964,63.83572915576253,70.09955533066717,1657.4422996820608,0.753322453704981,-0.0007324127823165282,0.01185202688870275,0.6575441230625154
20.6,689.3058610384325,726.738994215828,21113.11992956691,63.656035393558184,69.914332123169,1650.9372600190911,0.753318860938739,-0.0007153040487266859,0.01189669993949553,0.657547451234227
20.700000000000003,695.8017734056208,733.504827648228,21256.17362986882,63.487383694228186,69.75949269509907,1644.5108273540222,0.7533119938148276,-0.0006906931745040435,0.011979894970845966,0.6575538343239702
20.8,701.7600950646251,739.9615958647788,21397.740779290143,63.31583620391677,69.62638381765119,1641.7177027075445,0.753310556385045,-0.0005930682503594604,0.012096450676890408,0.6575534425352254
20.900000000000002,707.7009810125295,746.3333044684418,21538.44839691011,63.027881840716944,69.71063870392136,1635.4791280389607,0.7533039384437532,-0.0005512630613167571,0.01207175336325289,0.6575615143885051
21.0,713.0937889010971,752.1856788948153,21678.211892961277,62.83054007644268,69.46831625868487,1628.4163503332097,0.7533015996794696,-0.00045821785229117987,0.012075136612065154,0.6575642029737873
21.1,718.1532065247704,757.9440709000345,21820.89204135931,62.686698029483885,69.20809890095487,1621.8761692355342,0.7532967876177631,-0.00047254173934532876,0.012185579308986118,0.6575676680965753
21.200000000000003,725.0952498138724,764.1027986349809,21961.241909668057,62.543738355384015,69.12541253726287,1616.5009249814532,0.7532901218536475,-0.0004610404687682932,0.012238923769542859,0.6575743216582945
21.3,732.3922430872527,772.4571526800934,22105.960361219397,62.40527453426213,69.17297894349745,1611.7761267311546,0.7532882656220871,-0.0004818555237502445,0.012313875146599122,0.6575750338708094
21.400000000000002,738.8684219846062,778.791404850441,22250.269855580857,62.26980822897989,69.0134581080442,1605.9522102066396,0.7532807245286103,-0.00042148738455673033,0.012407187846074096,0.6575819599804946
21.5,745.3261683614276,783.5842153312223,22399.471578908564,62.137135442351315,68.8354786572755,1600.4581000413364,0.7532777203361968,-0.0004015746822882828,0.012423623841736604,0.6575851035063949
21.6,751.4822883646816,788.461424615608,22540.427954633215,61.99608214498874,68.6539335660942,1597.4956949655166,0.7532731547117043,-0.0003541803309425376,0.012491496345357964,0.6575890749290348
21.700000000000003,757.4370656773489,793.843928127408,22683.236155615134,61.85676202925415,68.53413693895462,1591.5580275332884,0.7532676633052874,-0.00034413910270599923,0.01250564412932111,0.657595101754705
21.8,763.3771018821672,801.226863797071,22821.225400275227,61.720657105221534,68.362488714964,1585.7518996704055,0.7532646063531976,-0.0003102474420137752,0.0124926938596224,0.6575988664544796
21.900000000000002,769.3032615317436,806.8933082424904,22958.368130302664,61.587001912038986,68.18306133188482,1581.2263868378047,0.7532605338738916,-0.0003619283928594426,0.012538514580392774,0.6576026328779224
22.0,775.2153505865482,812.3886773013254,23101.897656693734,61.45656163993066,67.99888375297782,1576.8949433125345,0.7532571484636981,-0.00035409117932348115,0.012606792602187668,0.6576052095961987
22.1,781.1139157697943,819.1229127039661,23248.516747039426,61.328457969627216,67.81656335481465,1572.3042881747563,0.7532558051199805,-0.0003318712360646956,0.012660296049640486,0.6576057320450213
22.200000000000003,786.999193722066,825.8754527168676,23390.603938160246,61.203622811955896,67.67274781078603,1567.8094073847794,0.7532524028028308,-0.00030329817760167975,0.012596939211586737,0.6576108597069218
22.3,792.197237097441,832.6132764073559,23530.627870639004,61.081070685478466,67.55847553507633,1563.519289181462,0.7532514451010497,-0.00029175817036802175,0.012614599389991802,0.6576116233861597
22.400000000000002,797.2391898348831,839.4215905040752,23672.07082179561,60.95822834641575,67.45294775166242,1559.177858058913,0.7532576920975539,-0.00023784424165549715,0.012633245953532055,0.6576041315431808
22.5,802.2742878840138,846.342014736471,23820.03520954742,60.830684108228894,67.34132138240103,1554.4512371324315,0.7532559797789069,-0.0002504624540837307,0.01260758002632852,0.6576065808078244
22.6,807.2673632919976,853.2648705333058,23963.444789421508,60.665488375312734,67.22963407185541,1550.004117623607,0.753261912852237,-0.00021720647646223355,0.012592483931005123,0.6576000857785702
22.700000000000003,812.1907039656085,859.8693782163416,24098.91238226987,60.49901778719374,67.0736062011901,1546.4136905983462,0.7532624743026488,-0.00022847197183911407,0.012633184285866864,0.6575986581972388
22.8,818.2379136637677,865.9340602918725,24234.073737787283,60.327684502190564,66.87507646483246,1542.8097406417255,0.7532646411593982,-0.0002545203308526514,0.012698545060049282,0.6575949076382528
22.900000000000002,824.4713359618235,872.0401013409232,24367.444712446882,60.16434613442354,66.67818413257713,1539.3277887217105,0.7532658180053262,-0.00021410089677253001,0.012778493128403873,0.6575920252701822
23.0,829.9542058642903,878.8853906289128,24503.02034205947,60.00157832437084,66.48714560534101,1535.885135977701,0.7532686081050901,-0.00032757855255394425,0.012856684692095777,0.6575872583881472
23.1,835.2415331994932,885.719604133967,24642.328538315134,59.849644880900165,66.35505214466251,1532.227341076205,0.753270133244979,-0.00032163543981704343,0.012881467707073872,0.6575850292558727
23.200000000000003,840.5219651767903,892.543055591401,24781.394320519386,59.736458964381406,66.22227875723287,1528.6994948357515,0.7532708818407218,-0.00026405071044004967,0.012912288488503836,0.6575835929021597
23.3,845.7952236147473,899.2497234887024,24914.295588852172,59.624306776614,66.10908640713316,1525.125667685807,0.7532707515235746,-0.0002598806366102588,0.0129311164674362,0.6575833738683402
23.400000000000002,851.0609424610724,905.265577349672,25048.936158825116,59.51887725657199,66.00150513216633,1521.6058561123589,0.7532675777928546,-0.0002329229173857904,0.012936529679987013,0.6575869130334325
23.5,856.3202557514372,910.8672840772165,25188.225354110386,59.40915851131076,65.89187977468616,1517.9964799167626,0.7532685353287132,-0.0002273143019251686,0.012946877939273151,0.65758561447432
23.6,861.5727904250774,916.437719690502,25333.320147182796,59.309193778256144,65.79150100288436,1514.4517487325647,0.7532661206635612,-0.00017009730018960342,0.012915641652408532,0.6575890120189694
23.700000000000003,866.8183232368527,923.2482600308392,25476.537211142575,59.20525600477179,65.68842017202091,1510.9901306796912,0.7532667430561923,-0.00015961919395352653,0.012976509208084137,0.6575871033832716
23.8,872.0578765400531,930.7108291287843,25622.572867321916,59.107001896596685,65.58826237290602,1507.7195494989187,0.7532630284604825,-0.00019928786073954383,0.01300073072349853,0.6575908691880886
23.900000000000002,877.2911314432029,935.90024175974,25761.748491332448,59.01060995730643,65.51684132492781,1504.4930129830764,0.7532609772336448,-0.00015403266616159785,0.01309239068471911,0.6575914124721453
24.0,882.517832582452,941.0241281062151,25897.164142592555,58.91235327181666,65.44033711665742,1501.3005842997175,0.7532587590809682,-0.00011882196946302576,0.013083757221005644,0.6575941324602291
24.1,887.6361303822808,946.1435143994607,26041.906396134105,58.82331765611834,65.37139199868834,1498.4133837332854,0.7532528218530181,-0.00012767261857166693,0.013117910700529338,0.6576002512841831
24.200000000000003,892.9541693766107,951.7236474686761,26177.623848071195,58.72880579069271,65.30235827639012,1495.6041684594825,0.7532540822494341,-7.323286312115153e-05,0.01313367556853379,0.6575985011977832
24.3,898.1633617691116,957.773359952752,26311.809425718235,58.640626082107254,65.23265986418288,1492.9145429780197,0.7532505384063932,-7.320123341738123e-05,0.01307782805390328,0.6576036735340295
24.400000000000002,903.6537428866048,963.8171813295883,26445.791949340455,58.554147084814076,65.16945612807221,1490.2242592660457,0.7532468833146001,-5.8682654457265486e-05,0.01304372361936804,0.6576085390316407
24.5,908.928757972045,969.805748938445,26579.573683262843,58.46479529361673,65.10354833928571,1487.569660873678,0.7532497247916967,-5.41240622486487e-05,0.013064964343948366,0.6576048630283313
24.6,914.0750363852976,975.48509221299,26714.16480686363,58.38273113705006,65.04011595238302,1484.7571258113176,0.7532505290666662,-2.620277411465766e-05,0.013026032941269316,0.6576047157981875
24.700000000000003,919.2158884653371,981.1587124330434,26853.046734867035,58.29851744760446,64.98080527074556,1482.0226207387605,0.7532493427052364,-1.8382484220649178e-05,0.013063436964630878,0.6576053330006416
24.8,924.3514332519417,987.2739185248707,26990.631177579962,58.22604862346804,64.91816152060609,1479.6876740706086,0.7532506675707525,5.8590608497816025e-05,0.013081169312464907,0.657603460590632
24.900000000000002,929.4816749696192,994.0594034655442,27129.322192396896,58.159442624375025,64.86015965015716,1477.3430263378632,0.7532496073305478,1.5167127565627894e-05,0.01307236036006094,0.6576048526440105
25.0,934.6110844830872,1000.6377193338587,27262.37239600417,58.091853541652576,64.80482227371404,1474.7594591053003,0.7532520041787221,7.70418775712642e-06,0.013043303241391442,0.6576026842873567
25.1,939.9826730037894,1006.9241529050568,27396.704074625333,58.028805990150076,64.74587395526076,1472.2273113412894,0.7532528457962057,-3.6919002786703326e-05,0.013028596579927675,0.6576020107998929
25.200000000000003,945.3916261391441,1012.9671593881554,27537.025612696772,57.96493301123844,64.68488822376065,1469.4921945038748,0.7532497647798931,1.5206657319507384e-05,0.013018826878257098,0.6576057342925982
25.3,950.5974361445366,1019.0036259632335,27674.56386064111,57.895735737973524,64.64087482091391,1466.8188238973535,0.7532528842850564,1.7704368002671158e-05,0.01301775184048935,0.6576021822803042
25.400000000000002,955.6914056270319,1025.04470201687,27809.339934547435,57.83983742037506,64.60008177900129,1464.1997681271223,0.7532563654576091,-1.0243696041978088e-05,0.013025547919066557,0.6575980405187258
25.5,960.8000865231934,1031.576035704375,27941.446058876485,57.78762669445543,64.55969414410438,1461.4339545248195,0.7532559126213182,-9.320019339595407e-05,0.013023333088033258,0.6575985965693869
25.6,965.979868960845,1037.5414468771355,28075.224570029415,57.735210618332204,64.52247543911983,1458.6111281965336,0.7532577949248846,-9.02209849519225e-05,0.013008788830129873,0.6575967287466137
25.700000000000003,970.9685331253457,1043.5030138906225,28207.445989438926,57.68305458784745,64.48525521591549,1456.1808556367039,0.7532595572231456,-3.577611011010633e-05,0.01301562991430874,0.6575945799274764
25.8,976.373848008652,1049.590166080616,28338.96930192042,57.63082787800544,64.44696743539805,1454.0566917282267,0.7532598744872793,-8.599693035493283e-05,0.013057071681313875,0.6575933903036474
25.900000000000002,981.953223911151,1055.8788715094327,28470.521424080373,57.57957824212799,64.4025076191862,1451.76631993693,0.7532637148437429,-0.0001295621294121013,0.012998793748284207,0.6575901386688738
26.0,987.5268012631551,1061.8695375174168,28600.396431841054,57.528234584887926,64.34525644121275,1449.1456205283262,0.7532652315420935,-0.0001212634533514493,0.012980373550451473,0.6575887667437015
26.1,993.0946505404103,1068.5327428830228,28734.584759176938,57.4773046237206,64.28795329534717,1446.9419998818653,0.7532639039605218,-0.0001130700086374853,0.01296135253336842,0.6575906641261209
26.200000000000003,998.5325740458762,1076.4720523840608,28870.08030248559,57.42836867282518,64.23782363855192,1444.5736686092002,0.7532670497911099,-0.0001311472960737425,0.012944636040303726,0.6575873865100884
26.3,1003.5226914153641,1084.188772106362,29005.589238049473,57.38058661443446,64.20142497973941,1442.474477961834,0.7532693748243185,-0.00015284731572586175,0.012978497455197894,0.6575840510484449
26.400000000000002,1008.4978032220097,1090.6653823203778,29139.897745464066,57.31896497524496,64.1646034702359,1440.5015437145803,0.7532654484333728,-0.00018197837420769666,0.012910305536678046,0.6575898836594818
26.5,1015.3118705876739,1096.929145029272,29272.86729666083,57.240258023014654,64.12575164427017,1438.4785784594428,0.7532637074602885,-9.946803479549532e-05,0.012890440410205914,0.6575922852918227
26.6,1020.8531646985058,1103.188610429696,29402.592927494505,57.16937998298135,64.08919664738113,1436.4785322912699,0.7532664240345629,-3.730074772492103e-05,0.012905734997044848,0.6575888799508569
26.700000000000003,1026.3893710961834,1109.3499039039702,29533.841835948628,57.08769344299113,64.05030174172342,1434.4263901606962,0.7532663757882184,-3.263664213608221e-05,0.012863374739318034,0.6575897654556739
26.8,1032.3031366310909,1115.2183182009194,29665.851038740188,57.01463644754436,63.98314375240648,1432.3827658376024,0.7532636449845435,-2.6442623480707894e-05,0.012870513105803118,0.6575927541706801
26.900000000000002,1038.100905786549,1122.1641123763616,29801.361575893043,56.945900963527244,63.89706150754746,1430.284963268794,0.7532638847430676,-3.391236208550863e-05,0.012899551150391163,0.6575919102086437
27.0,1043.7745265955487,1129.643883894592,29938.393502006802,56.86237768512321,63.8330672738022,1427.956667273428,0.7532639647039099,-7.583134496929068e-05,0.012914605064096207,0.6575915196413289
27.1,1050.6682783926783,1137.097743726946,30072.86790320986,56.78973874396131,63.79369551581275,1425.6131854012424,0.7532618885817691,-2.10681738478765e-05,0.0128831729721261,0.6575945183930055
27.200000000000003,1056.6988044481548,1142.5998204241052,30208.890154229895,56.716196797892934,63.758531326125826,1423.2926230425821,0.7532623831787986,-1.2465957714139803e-05,0.012846730364558238,0.6575946650113101
27.3,1061.9240775955727,1148.0995303708437,30334.714528307744,56.6375404554289,63.72514124575744,1421.0038434193302,0.7532641692738031,6.691245141715784e-05,0.012912832291615757,0.6575913210902193
27.400000000000002,1067.1451270735918,1155.0808725541349,30463.477346014894,56.570636067885076,63.68938015813792,1418.746317378534,0.753261363137821,4.138426838465553e-05,0.01298924346361001,0.6575930326922094
27.5,1072.3619086144915,1161.5479910235583,30591.511072479745,56.50038123587592,63.6530865683165,1416.5467669585485,0.7532570776103764,1.1054491279320725e-05,0.013003246900161655,0.6575976661133515
27.6,1078.5700364406093,1168.9001610475495,30721.377614985766,56.44712377003293,63.621313779709794,1414.562249237949,0.7532592645238091,0.00010087152356033565,0.01296847695970204,0.6575958400410785
27.700000000000003,1084.7844768859927,1176.2993833826279,30854.79920604087,56.39909604400526,63.59149372635552,1412.6000095176487,0.7532670695718195,7.409444840806643e-05,0.01295959593009118,0.6575870780984258
27.8,1090.546722776287,1183.5502668622855,30986.68368592697,56.35553651682548,63.55868144122911,1410.80057310262,0.7532690190961738,1.7145391956921864e-05,0.01303076275104086,0.6575834424603841
27.900000000000002,1095.9576876124875,1190.7962895379974,31113.617819958054,56.31545175174573,63.52525225953081,1408.838757269123,0.7532653290230062,1.9193064225091144e-05,0.013024880775384214,0.6575877859299665
28.0,1101.193973934367,1198.0376566001833,31243.58706601308,56.27596464112414,63.49589100562928,1407.0027058008397,0.7532663648382866,2.758631589974814e-05,0.013002659192188097,0.6575870388748858
28.1,1107.024817463081,1205.2743470217356,31371.646449452506,56.23171250073231,63.46861748980921,1405.0692607582491,0.7532738008015775,0.00010961829572789526,0.012974370400032355,0.6575790710800469
28.200000000000003,1112.699759528697,1212.5065379706848,31496.013678070143,56.18085557174828,63.438647246877686,1403.22117522668,0.7532782128702653,0.00010238629041151125,0.012917225161378304,0.6575751431024116
28.3,1118.3700102251867,1219.7343474330282,31622.324533104947,56.147844302322895,63.40775476458006,1401.4484177371678,0.7532762015722226,0.0001387443290684799,0.012923971493477075,0.6575773078929741
28.400000000000002,1124.035898720587,1226.7949314476036,31755.550536525418,56.11604266585011,63.38021178612258,1399.6749243677768,0.7532759750506111,0.00019488688771605113,0.0129766636685733,0.6575765154190687
28.5,1129.6974804135946,1233.6877325756222,31886.19116087768,56.085079631915555,63.35526573111903,1397.8926773326968,0.7532812052682978,0.00023068049537147966,0.01298645251654762,0.6575703191500398
28.6,1135.3545718062328,1240.5766102676669,32015.324808655136,56.053972293319596,63.323682003365775,1396.1544336331542,0.7532844335280384,0.00013122449773697895,0.013028180444742472,0.6575658229400101
28.700000000000003,1141.007149540144,1247.2399457690365,32142.609368855785,56.02239120764913,63.294289328482385,1394.4007719994233,0.7532839269205257,0.00015779654889417968,0.013000132847288388,0.6575669525526615
28.8,1146.6554913436885,1252.980657900174,32268.987525009205,55.991007161069476,63.2668323120125,1392.6969053029864,0.7532849700757313,0.00016713485582774967,0.01293723198877333,0.657566995790097
28.900000000000002,1152.2998635614247,1258.70316410523,32397.280501682617,55.960588681164595,63.238588084391935,1391.1171419573932,0.753290571568601,0.00017799328386585404,0.012925517295913352,0.6575608063950241
29.0,1157.9401601297243,1265.7296442393833,32525.694633965806,55.93117606772581,63.20960297768717,1389.521190525924,0.7532944618313738,0.00012837103268311236,0.013014155575868967,0.6575546129788051
29.1,1163.5761635933686,1273.1682753652722,32653.982208175967,55.9021051233108,63.182160641515516,1387.9304786996397,0.753293047317285,0.00011601390904951923,0.013040957924263293,0.6575557047282226
29.200000000000003,1170.1314363714307,1280.392917133713,32792.07366753884,55.86938609357498,63.15673779542022,1386.353508834325,0.7532910841074766,0.0001667756198535529,0.013058909285016029,0.6575575865871832
29.3,1176.7937915825098,1287.3493044528448,32928.3877093125,55.82465356633713,63.131257882806544,1384.8766985006098,0.7532954588963621,0.00016768653790291802,0.0130166426433053,0.6575534126606302
29.400000000000002,1183.45218328032,1293.4776610313413,33043.6367257718,55.77935323784946,63.104891460386995,1383.4171552915238,0.7533030971864844,0.00013449927161313663,0.012974025261764235,0.657545511997233
29.5,1190.1066902445516,1299.401755778033,33165.83319603736,55.73483110515818,63.079342650480264,1381.9224820578283,0.7533055908377481,0.00016856771862573672,0.013009532543761589,0.6575419457802736
29.6,1195.3638526350317,1305.2299712562665,33290.164309766515,55.69215366448063,63.05565844314521,1380.4204785740455,0.7533012714829104,0.00010254019452881117,0.013068416809952865,0.6575457401198949
29.700000000000003,1200.4520350073465,1310.8630462316432,33413.958930525485,55.6498134636019,63.03272180764041,1378.7739197839157,0.7532964166808427,0.00017325052928345556,0.013125399354683662,0.6575501520734646
29.8,1205.5374024573932,1317.1996801436007,33540.71895618904,55.60703210737669,63.009116600158166,1377.1410717391511,0.7532988798451405,0.00014309705897868136,0.01309966334633928,0.6575478507055595
29.900000000000002,1210.5232827876891,1323.6910719027314,33671.740715838714,55.57512606307733,62.98531737416782,1375.5031404427657,0.7533055281870082,0.00012811951488903828,0.01308291893899149,0.6575405706268762
30.0,1215.2893751172062,1330.1799560750046,33799.896871441815,55.54396305237891,62.96295722557659,1373.941487583437,0.7533083142694188,0.00017591857254152654,0.013107321148232062,0.6575368817317698
30.1,1221.034861606152,1335.9881178164808,33930.141711875825,55.513483893176634,62.942241097298066,1372.4115037430336,0.7533050172013483,0.00012784708106358523,0.013113037724426565,0.6575405561302193
30.200000000000003,1227.0412419155275,1341.5871115133607,34061.659201388284,55.48379219970176,62.92162148668969,1370.8946801825998,0.7533006233750076,0.00013864211767000172,0.013159354335943957,0.6575446623573559
30.3,1233.0444346562113,1347.1846021142235,34186.34787270762,55.454468485330786,62.900039553571816,1369.3913671565615,0.7533017019719211,0.0001488611696800673,0.013182832185570096,0.657542954172673
30.400000000000002,1239.0444140749562,1352.7805825621122,34310.75886471864,55.425057341843655,62.878453376965716,1367.9647309542147,0.7533069381627924,0.00014131039724931833,0.013189559849311005,0.6575368221310136
30.5,1245.0411981196885,1358.37500760313,34445.27989156087,55.39547518050243,62.85839789477891,1366.6472968812807,0.7533103515633158,0.000113632341132753,0.013175002010644817,0.6575332087714385
30.6,1251.0348148288151,1363.968039558709,34574.96087057702,55.36624005254348,62.83988806990591,1365.3375708232381,0.7533089327557904,0.0001916586337195752,0.013162138596361036,0.6575350737450211
30.700000000000003,1257.1225673744702,1370.1556990206739,34705.867932835965,55.33811342283053,62.82135424756135,1364.0344478587976,0.7533053690243889,0.00018530450346555312,0.013192148031310602,0.6575385569619397
30.8,1263.6449580774893,1376.546442366891,34830.977532953715,55.31071221168506,62.80168783032979,1362.7089471177558,0.7533045794267277,0.0001585510689931419,0.013254030975636936,0.6575382240898062
30.900000000000002,1270.1354056074026,1382.7759237805165,34953.993581939125,55.28329466801161,62.78172022367969,1361.355298470537,0.7533088515767834,0.00025736829193784993,0.013205628730724586,0.6575342723139656
31.0,1276.5409329831136,1389.0034367357785,35075.775530827326,55.255460953874746,62.76321575567424,1359.9366138419039,0.7533125825530474,0.00026676588292073075,0.013234974506533883,0.657529404097667
31.1,1282.9431533370068,1395.2290124889162,35204.02602223345,55.22748411069293,62.74652853514764,1358.5202265675791,0.75331291381579,0.00024626342371442095,0.013250497339984384,0.6575287199453217
31.200000000000003,1288.9406499136403,1401.4528333781423,35331.16095655812,55.20003501681047,62.73023488910764,1357.209368213237,0.7533103196510142,0.0002789355211320171,0.013229138794229342,0.6575321090175178
31.3,1294.2695523374036,1407.6749491001362,35457.54243149277,55.17341977026568,62.71288784866902,1355.8865949184626,0.7533083435842635,0.00023304212819132272,0.01323116486046531,0.6575343500184114
31.400000000000002,1299.3746188132152,1413.8953755294435,35587.58405630084,55.147496696515724,62.69470770753208,1354.5064716471506,0.7533095683851899,0.0001464923382148773,0.013283709244047485,0.6575319123723452
31.5,1305.5017350014007,1420.4095757539114,35704.930664115265,55.12169455009107,62.677244159686985,1353.092474198153,0.7533140937638887,0.00023082444904986416,0.013262727727520211,0.6575271271286004
31.6,1311.9723686659388,1427.1154318626902,35826.72960909047,55.0956696537144,62.66160281181109,1351.7551200658654,0.7533173163374134,0.00029599257878244924,0.01326120512672575,0.657523439683467
31.700000000000003,1318.3147431085983,1433.8194380415493,35955.74043211993,55.06949254898185,62.64725831991212,1350.49579174227,0.7533166728869349,0.000266291458028689,0.013281365387557593,0.6575237826671064
31.8,1324.01401361125,1440.5216550329346,36082.834179293444,55.04360966344001,62.63262472022661,1349.2653982272718,0.7533136655634433,0.00028010766955490325,0.013292098286514255,0.6575270054820592
31.900000000000002,1329.4188117657902,1447.2220551389205,36211.97837117517,55.018373929951785,62.61807147112474,1348.0882743961156,0.7533117525097018,0.00024839450386768654,0.013290182774548407,0.6575292486823315
32.0,1334.9051354996786,1453.9206034982044,36337.394983241495,54.99374899468807,62.60685197415381,1346.881470937175,0.7533129272890499,0.00018551382236419256,0.013346608856769745,0.6575267805921284
32.1,1340.427534936405,1460.6173343185899,36459.66491784767,54.96943634749821,62.596065053858155,1345.6733413894617,0.753316913119245,0.00014859855855872147,0.013361803009590615,0.6575219148798717
32.2,1346.053480180691,1467.057147670539,36588.71164576898,54.94512968579772,62.58562877345035,1344.4697477646394,0.7533211462896068,0.00021122208955903684,0.01330768324258932,0.6575181453806859
32.300000000000004,1351.4463741929048,1473.4912965382937,36714.238074888264,54.920759482357404,62.57533214803146,1343.2710197050505,0.7533219338388271,0.00029419540021285783,0.013314946437088386,0.657517064149497
32.4,1356.4435559067763,1479.9239207136588,36839.50602705814,54.89647654863104,62.564965831974945,1342.0664184713535,0.7533197141964548,0.0002923851931421111,0.013314339549724217,0.657519620297543
32.5,1361.3282259649147,1486.3551273502906,36968.85698168057,54.87251980140221,62.55459756919264,1340.842574645733,0.7533162752173462,0.00027833903895586995,0.013364335800362682,0.6575225521217186
32.6,1366.210907655339,1492.784814574574,37100.53524543592,54.848976322408305,62.54450096828097,1339.6059386969266,0.7533154690914241,0.00022245636154908895,0.013394463088047539,0.6575228839358505
32.7,1371.0914429830389,1502.2357936577,37229.593402342914,54.825768946946994,62.53480358344254,1338.1954420509633,0.7533182819161348,0.00021221520542816707,0.01340051056642525,0.6575195414679235
32.800000000000004,1376.1318697943527,1511.147500383481,37356.27880310168,54.80271917433357,62.525545312271205,1336.9705104612515,0.7533231487813671,0.00014101482570705345,0.01338607648276547,0.6575142786140411
32.9,1381.2308799381212,1518.2401225664494,37482.50929037575,54.77969269381771,62.516445812519905,1335.7113522286713,0.753327396935628,0.0001864304143505656,0.013314011545219448,0.6575108633068089
33.0,1386.327729393511,1525.330876913923,37610.415641858825,54.756740765138325,62.50729491165594,1334.4339563261508,0.7533282460769061,0.00018492046338940577,0.013265675634244984,0.6575108678319179
33.1,1391.4219633515386,1531.7194085070296,37738.14706739896,54.73400891173213,62.498036467782605,1333.1629699587784,0.7533244951527889,0.00026834408523896086,0.01336278152888621,0.6575131702590139
33.2,1396.4269693079525,1538.0962079137266,37861.248279466985,54.71156199121926,62.48878127651374,1331.8888703732662,0.753320483720779,0.00027761204603515296,0.013438894292751677,0.65751621109934
33.300000000000004,1401.381337624059,1544.4716768672922,37975.2532045457,54.68940985799219,62.4797940011411,1330.6184918868867,0.7533193529670742,0.00021209119614594806,0.013453956267221233,0.6575172229861002
33.4,1406.333689603358,1550.7892753238464,38095.80716404793,54.66745745464567,62.47124584430857,1329.35433103263,0.753321946999711,0.00012659004990255658,0.013455620647786258,0.6575142389458245
33.5,1411.2841574537738,1556.980017494826,38220.00414629046,54.64560505916507,62.46311424320789,1328.09633792776,0.7533272719104175,0.00014108083058216847,0.013422928392744487,0.6575088033521455
33.6,1416.2324541945636,1563.169805879869,38338.18584046258,54.6238260823434,62.45515552278399,1326.9046643829793,0.7533322371169717,0.00017057091697936897,0.013364912386531985,0.6575042893721693
33.7,1421.178572159786,1569.358567452089,38460.52040434543,54.60221005034602,62.44715654911197,1325.7391550945688,0.7533334613796155,0.00022605203226771942,0.013323543588517492,0.6575037095351863
33.800000000000004,1426.1224900879452,1575.5462750293357,38578.14513871624,54.58082657957524,62.43897365641485,1324.577340612356,0.7533308394927425,0.00021455224720238783,0.013358772413903965,0.6575060025855936
33.9,1431.0642324274609,1582.0705120158486,38702.31236851944,54.55971436987309,62.43073477969762,1323.4193766253907,0.7533262026373613,0.00023403466351773082,0.013499242685970256,0.6575084395615426
34.0,1436.0040543127975,1589.015269435907,38820.80368666523,54.53882033844369,62.4226285800458,1322.2654327239377,0.7533243421124953,0.0002597123613668806,0.01354169807275488,0.6575096885549077
34.1,1440.9419725632772,1595.958824248209,38951.63923738722,54.517477278571064,62.41486903392676,1321.1151919050255,0.7533265925014618,0.0002040742749453465,0.013495648737225656,0.6575080766416396
34.2,1445.8780657171396,1602.9012764916554,39078.63978697001,54.49652291551537,62.40759546993399,1319.9685942663587,0.7533306759934946,0.0002604768467971787,0.013487346381079516,0.6575035484669217
34.300000000000004,1450.812233854776,1609.8426642503339,39204.93807608033,54.47571502261554,62.40065863202001,1318.8104468693834,0.7533351632929116,0.0002217718869716607,0.013482503651534172,0.6574985206515364
34.4,1455.7444276503602,1616.7831012390511,39330.94708133889,54.45481276872861,62.393848141911384,1317.6377084182986,0.7533377296245095,0.00017366940758153647,0.01346247338595892,0.6574960051387829
34.5,1460.6745378416551,1623.062614788188,39454.84926179671,54.43374738317803,62.38692258688452,1316.4692977908571,0.7533373454945841,0.00012191357916032736,0.013462622339778125,0.6574964538459425
34.6,1465.6026956089995,1629.0567950847044,39575.83557794256,54.41262860850871,62.37979016276633,1315.2944754475238,0.7533348314895925,0.0001617480777095971,0.013420615076488708,0.6575001844814004
34.7,1470.5656660404536,1634.77833220119,39696.43863801398,54.391662880069994,62.37250836870758,1314.1219615558887,0.7533304499324579,0.00026468129985600836,0.013544999346818543,0.6575026206343705
34.800000000000004,1475.8937031911553,1640.499070613912,39823.575306814535,54.37108865576681,62.3653205478207,1312.9637360901934,0.7533296590081635,0.00022935710506791015,0.013520470586029423,0.6575040449526488
34.9,1481.2195484000215,1646.219023016194,39946.80520624137,54.35095337090897,62.35844529859821,1311.8605075716805,0.7533319565888886,0.0002482880841724075,0.013542965486972917,0.6575009426767406
35.0,1486.5433696219657,1651.9382050501445,40067.69121524348,54.33117740353032,62.35198271527468,1310.7205381450078,0.7533369110705759,0.00017365766679131663,0.013535244323239149,0.6574954489749477
35.1,1491.6815985706307,1657.6566577176015,40189.54874648211,54.311571790305685,62.34591643312346,1309.572774969753,0.7533422857268536,0.00018107681598516454,0.013504267042962028,0.6574899257925241
35.2,1496.5947876350792,1663.3743977200509,40313.2993454304,54.29193456414902,62.34004520348031,1308.4281223802589,0.7533448565580148,0.00023612401400163502,0.013540917997635467,0.6574862088917269
35.300000000000004,1501.5062871036641,1668.9593089193174,40437.428870183445,54.27216033256377,62.33417626133851,1307.2868535015443,0.7533444343516649,0.00022642957068453063,0.013563284241851327,0.6574862350510421
35.4,1506.415910576732,1674.4747746905384,40562.34595623199,54.25228442034436,62.32813079392759,1306.1575577015692,0.7533407933466313,0.0002679341931547644,0.013596818300646686,0.6574896986441962
35.5,1511.323911270521,1680.6000854485105,40689.65753869149,54.23242354388452,62.32189738838376,1305.0569485262251,0.7533370805080121,0.00023939115129304814,0.01356463786351776,0.6574946284367449
35.6,1516.2300512308648,1686.555662595713,40813.79133721023,54.21277834270874,62.315552925966536,1303.9590017786045,0.7533345421076557,0.00023521197791902208,0.013555886027859865,0.6574977188529051
35.7,1521.1344946206013,1692.4345167742822,40940.555987399406,54.193480778787354,62.30931767739004,1302.863502177495,0.7533347215611984,0.0001928576115437379,0.013594072478607479,0.6574967386152571
35.800000000000004,1526.0371619603059,1698.312710596677,41064.94990287335,54.17455682010581,62.303355425377084,1301.770433801494,0.7533384389833272,0.0001819156474179381,0.013590297661669403,0.6574925604646248
35.9,1530.9379258836534,1704.291921687168,41184.05183082034,54.15588243083402,62.29777098140341,1300.6799791726264,0.7533447696807564,0.00024692650061155185,0.01357220461132559,0.6574856593751227
36.0,1535.8370745157088,1710.6850096835503,41307.37981128906,54.13732533304329,62.292557517333634,1299.5734556429861,0.753349990263876,0.00023464153761727595,0.013632999911114267,0.6574784243046995
36.1,1540.7343936782386,1717.077381549667,41432.704396195346,54.11874439140048,62.287564502697435,1298.4624532757662,0.7533533106061765,0.00027677360946857973,0.013660782192544341,0.6574740267303116
36.2,1545.7756838363794,1723.4689311832037,41555.96746898602,54.10005470023305,62.282621109429996,1297.354329531609,0.7533533447376302,0.00023122416933419058,0.013640092423003215,0.6574744347780381
36.300000000000004,1551.6176901462163,1729.859740795791,41675.47543628923,54.08127686895761,62.277583199997444,1296.2491522972991,0.7533505141467448,0.0002514806262570986,0.013592937579930305,0.6574786472884713
36.4,1557.4575343308663,1736.2497713256303,41796.01183445033,54.06250922345479,62.27233837861845,1295.1468020605314,0.7533456171995329,0.0003055892403040428,0.0135955670606493,0.6574841809639002
36.5,1563.295181574801,1742.6597359334842,41918.3303187772,54.04389596211931,62.26692785482784,1294.0470770605548,0.7533408205631804,0.00032111418028513096,0.013644329436303827,0.6574886593950582
36.6,1569.057163878755,1749.0275912175898,42040.8945422862,54.02553268326015,62.261468813885614,1292.8996414299804,0.7533385510906084,0.000250825704588362,0.01369920508569059,0.6574901492092402
36.7,1574.7908191185002,1755.4155163270516,42163.607968998775,54.00747035292401,62.25611471164194,1291.7727354283597,0.7533405235226556,0.00018878657165105045,0.013651761007248976,0.6574888967881072
36.800000000000004,1580.5224675918416,1761.8027886860339,42286.084452147814,53.9897018530697,62.25100638577337,1290.6991161263504,0.7533453165788139,0.00014550934504222024,0.01366633327490353,0.6574831132056673
36.9,1586.252065124067,1768.189499971274,42402.62405449989,53.972111467557475,62.24624067934724,1289.6274991800933,0.7533519359950758,0.00013593109372181977,0.013680306337881086,0.6574752400461257
37.0,1591.9795342717175,1774.563552970483,42512.393753921904,53.954568404074664,62.241789563245625,1288.557931103871,0.7533585579227792,0.00020082210492944588,0.013669085594998787,0.657467869157109
37.1,1597.7052146003043,1780.8556087318827,42621.07523867069,53.93697338744834,62.23754750604568,1287.490324689425,0.7533618003839524,0.00021927149003975616,0.01372999219662398,0.6574628787669646
37.2,1602.8855295023927,1787.1470728068105,42740.69950270962,53.91927627125808,62.23338236367425,1286.42468716698,0.7533623680851337,0.0002998168005203292,0.013755279883871131,0.6574616678851795
37.300000000000004,1608.0037403923968,1793.4379511573704,42866.16966291995,53.901500273983984,62.22917154838007,1285.3610132866334,0.7533602021101276,0.0002882760250271669,0.013692069489090783,0.6574654743837329
37.4,1613.120275225964,1799.7282911524535,42993.23411661536,53.8837262458386,62.22483020109999,1284.2916041540873,0.7533559778175111,0.0003723622336040845,0.013639582020992391,0.6574713635096828
37.5,1618.2347635753551,1806.0181109808163,43119.15891428157,53.86605898796235,62.22033570048972,1283.217599819053,0.7533507349161608,0.00033460866040895476,0.013679014009914217,0.6574765720647706
37.6,1623.3475434332752,1812.1401429047166,43237.665583538124,53.84859463341824,62.21573169110796,1282.109426287975,0.7533471014621506,0.00027767790751354114,0.01371888834682825,0.6574799310367453
37.7,1628.2977339066833,1817.761259064325,43357.31438513586,53.83138719376585,62.211119930094355,1281.0170868665855,0.7533467662659019,0.00020657249935643484,0.013728903372138123,0.6574801322448534
37.800000000000004,1633.2400559168275,1823.3131291085188,43481.19083494994,53.81443121804166,62.2066240820646,1279.9548958571436,0.7533487782271244,0.00020379745427759566,0.013804651163442094,0.6574762417126205
37.9,1638.1808117796793,1828.864531775608,43595.41482254072,53.79766825499463,62.20233985605088,1278.8945571914794,0.7533537766816872,0.000190493715399499,0.013822208122637791,0.657470149462466
38.0,1643.4880126777355,1834.4154533484812,43714.953296967986,53.781014005407684,62.19831551797158,1277.8361816214895,0.7533601410799529,0.00017354494249649632,0.013807207658804471,0.6574631767109191
38.1,1649.00398583088,1839.9659174938654,43835.52516779398,53.76436557034213,62.19454609736757,1276.779589861251,0.7533658602453573,0.00015080635055454938,0.013797594359213742,0.6574568307228359
38.2,1654.518117499321,1845.5158622775484,43957.04347293467,53.74767058829148,62.19095860387301,1275.7246766230971,0.7533694925288165,0.00019578297261888458,0.013774977807073903,0.6574531309396251
38.300000000000004,1660.0305196745937,1851.0653687250651,44072.80184441374,53.73090014647804,62.18747431439395,1274.6712541371578,0.7533699185730471,0.0002448066439544298,0.013836413516321842,0.6574513362371034
38.400000000000006,1665.5412353227134,1856.9421111724291,44190.707250884196,53.714070128203986,62.183987584868305,1273.6192908944088,0.7533680108083299,0.0002855980244632895,0.013842294787580832,0.6574533820731946
38.5,1671.0502489927062,1863.4591908227028,44303.08214323237,53.6972349166377,62.18042103671612,1272.5688032536732,0.7533649502756571,0.00030346989194675675,0.013784822063130926,0.6574580886131596
38.6,1676.5576183508683,1869.9757691828258,44415.757091237574,53.68047050823862,62.17672550593903,1271.5197592768266,0.7533609489427587,0.00031725385578923996,0.013774714318041151,0.6574628789547843
38.7,1682.0633513414934,1876.4919025002316,44535.4357376946,53.66386609754466,62.172911842000424,1270.468481421784,0.7533574653508087,0.0003258588507525362,0.013808973520441978,0.6574661477722835
38.800000000000004,1687.5674146367585,1883.0076298977976,44660.2960810342,53.64747474451225,62.16904358828829,1269.417880734361,0.7533564177449358,0.00030077665092402735,0.013817967821174323,0.6574671711509381
38.900000000000006,1693.069700107453,1889.5229886092125,44785.484303705365,53.631285867751046,62.165178462195314,1268.3688290124076,0.7533572774462298,0.00029260787724432234,0.013838062004555982,0.6574657671235761
39.0,1698.3434751576685,1896.0380167385617,44907.03605699615,53.615271115172014,62.161419336582874,1267.321326317671,0.7533604889942731,0.0002852170887443743,0.013854532021112179,0.657461743537978
39.1,1703.5100796121046,1902.5527185165377,45020.28683515698,53.599377316441036,62.15782718183043,1266.2753550593416,0.7533650572090941,0.00026993117272801825,0.013889538218709151,0.6574557767953457
39.2,1708.6750270675484,1909.0670578244942,45141.22577494416,53.58354603371278,62.154429348913055,1265.2308775438414,0.753370230870328,0.00025043971652136517,0.013908703792914784,0.6574494508911982
39.300000000000004,1714.0707983518012,1915.5810179505984,45260.78584719306,53.56770710396386,62.15123442236629,1264.1878556318948,0.7533745108820233,0.0002034070431542561,0.013945542346227715,0.6574437822563358
39.400000000000006,1719.771298981123,1922.0945465550506,45375.01103611066,53.55181978526816,62.14821367702298,1263.1462800700388,0.7533767646423255,0.00017917704746867825,0.01398701971873939,0.6574403255596931
39.5,1725.4700884364618,1928.6076066964995,45500.99202840892,53.5358815902582,62.14530745360594,1262.1060868579077,0.7533779183207711,0.00016838083934046308,0.014006707558334457,0.6574385872292026
39.6,1731.1671761049008,1935.1202759293485,45621.79552585559,53.51990353347578,62.142443243891805,1261.067262710656,0.7533775564457044,0.0002145608085241253,0.01392793485363158,0.6574406619903216
39.7,1736.8623300083498,1941.6324852397572,45736.5075199417,53.50391004764908,62.13956051490621,1260.0297734361823,0.7533748088178458,0.0002682057102907331,0.01392250713314359,0.6574439058197274
39.800000000000004,1742.5560403483453,1948.1442782364734,45859.582803301106,53.48799442210584,62.13661948259773,1258.9934420279671,0.7533715347472907,0.00032965845773388387,0.013896496650797672,0.6574481799645105
39.900000000000006,1748.2479416733556,1954.6556843146898,45977.76086040359,53.472184260428484,62.13357536002405,1257.9582892003666,0.7533683528382097,0.0002982000878018328,0.01390548340387194,0.6574516511119697
40.0,1753.9380610582461,1961.1667426433805,46093.15407605847,53.45647746406915,62.130446393882174,1256.924267701155,0.7533667837036558,0.0002604855317019103,0.013901722024622308,0.6574535447345669
40.1,1759.6265503629922,1967.677488371213,46209.658341933944,53.44095672426205,62.12725987812579,1255.8908301272136,0.7533671509279095,0.00024798438864184817,0.013908773641544116,0.6574529796284261
40.2,1765.313474591656,1974.1879827299647,46326.01581195264,53.42561521354441,62.124058469134,1254.852845425215,0.7533688061460738,0.00024360410044713116,0.013929770324506359,0.657450640034511
40.300000000000004,1770.998760646642,1980.6981981179756,46447.31053303178,53.41039736358775,62.12090433864829,1253.816120006523,0.7533722392535921,0.0002655199221962055,0.01395527142824652,0.657446156746363
40.400000000000006,1776.682441991084,1987.1923233674759,46573.21402843721,53.39526613478535,62.117845484940844,1252.7568028898827,0.7533764082946316,0.00025350315720008924,0.014007205581135815,0.6574402796855677
40.5,1782.3651663756464,1993.5053723338024,46685.3908522638,53.38018127997051,62.114917113045024,1251.7052055650533,0.7533810664511966,0.0002262293911234443,0.014032201643365688,0.6574344186686305
40.6,1788.0463227347623,1999.8181612272076,46806.481438937524,53.365096639100095,62.11215016371674,1250.684941131201,0.7533851887105112,0.00018501188338246877,0.014053537732981505,0.6574292519194883
40.7,1793.7258180470717,2006.130688904122,46927.31707318986,53.349981604712426,62.10956003821452,1249.665446261196,0.7533881895714677,0.0001551649434988592,0.014048839852423459,0.6574259211780957
40.800000000000004,1799.3723567817494,2012.4428940328946,47047.21009702027,53.33482332063193,62.10707891438029,1248.639959187905,0.75338937960334,0.00015906519777422436,0.013997896512139642,0.6574256431661246
40.900000000000006,1804.9764341501325,2018.7547720098485,47166.97865665509,53.319632941193156,62.10472033019293,1247.6119449109585,0.7533878809343446,0.0001413338691676465,0.014073050534687609,0.657425760169651
41.0,1810.514527407534,2025.066409474702,47282.20080807732,53.30443040596151,62.10240110414954,1246.5851380225074,0.7533859590759435,0.00017845575996501328,0.014073732694281114,0.6574279389171199
41.1,1815.9081598222622,2031.3778133630683,47399.927854704605,53.28924450388068,62.10008923351039,1245.5594219789032,0.7533833387007898,0.0002038784666064058,0.014032240685196345,0.6574318212734875
41.2,1821.3003226565531,2037.6889075291874,47519.39039749933,53.27412370572273,62.097753225283384,1244.5346378441504,0.753379821523571,0.0002351619545073075,0.014070278628114975,0.6574350283330626
41.300000000000004,1826.6910314306103,2043.9997680153363,47638.329083270706,53.25910111110585,62.095345576477634,1243.5109042023955,0.753377261978719,0.00023982109165633647,0.014085405342744802,0.6574376358070956
41.400000000000006,1832.0802187677402,2050.310411705952,47761.93691231842,53.24418900581925,62.09286979702421,1242.4880847481093,0.7533761133923751,0.00020731017961792236,0.014066638766084133,0.6574393648589297
41.5,1837.467703547043,2056.620819130916,47884.986748390285,53.22939143082537,62.090313851221865,1241.4665264978225,0.7533769704432863,0.00020410161673449923,0.014040422892855309,0.6574389441409866
41.6,1842.8536623779135,2062.813025929622,48007.96950821254,53.214705163872026,62.087707542999205,1240.4459181247869,0.7533794103594166,0.00023780293124663532,0.01400646331816104,0.6574368612129843
41.7,1848.2381527881,2068.861225378319,48127.61266940368,53.20012065343289,62.08508152247327,1239.424981634996,0.753382993439865,0.00020767655335442224,0.014033121005150234,0.6574321969457324
41.800000000000004,1853.6211569211068,2074.9092101535357,48244.8555752077,53.185631118573724,62.08247979586207,1238.4048170825672,0.7533871646466003,0.00024235662817440105,0.014087631233172027,0.657426239250655
41.900000000000006,1859.0026014630369,2080.9568655162184,48364.0553512706,53.17118520145591,62.07994045894163,1237.3857579733842,0.7533924015176231,0.00025474212617035956,0.014108204494112262,0.6574197920719379
42.0,1864.3591239640257,2086.6643273461677,48483.63951990007,53.156768641498566,62.077485729265085,1236.3678301613393,0.7533972344059051,0.00022033141660808393,0.014121549945879228,0.6574139795218281
42.1,1869.6649128696645,2092.122244525065,48601.42268792788,53.14234410229245,62.075183995438586,1235.3507824466253,0.7534007888989458,0.00018157966750733247,0.014154317175534753,0.657409213215456
42.2,1874.9692716198679,2097.5798922927975,48718.721392272826,53.127914119296626,62.07301403214236,1234.3344468728392,0.753402577519075,0.00016312020562916536,0.014202084191649773,0.6574061380790613
42.300000000000004,1880.2720581874275,2103.0373343721776,48839.18547978042,53.113459929636775,62.07093573719423,1233.319134231673,0.7534035338970243,0.00019733343006299273,0.014207538306570707,0.6574049148175422
42.400000000000006,1885.573478448291,2108.4944409871514,48957.76995756197,53.099002313467324,62.06898326459498,1232.3046235039017,0.7534025178059436,0.00016619944606579358,0.014191886871237208,0.657406425956153
42.5,1890.873370970199,2113.951410621891,49079.89361075391,53.08453883313792,62.067098561844205,1231.2907661702702,0.7534005073060539,0.00011153164977493142,0.014164123723077805,0.6574093403282532
42.6,1896.1715660344491,2119.4080197596336,49193.342245283966,53.07006708264101,62.06524062153341,1230.2777249630662,0.7533969826488364,0.00014448970439880817,0.014167387331183091,0.6574133028731337
42.7,1901.468393133929,2124.8645317032738,49309.50679499957,53.05566824973399,62.06340541966391,1229.2656583594196,0.753393189896126,0.00019724386198303039,0.014156423723140674,0.6574178718139396
42.800000000000004,1906.7639712588323,2130.320662576639,49428.91732449145,53.041307513276855,62.061518529445806,1228.2542305299917,0.7533896086668875,0.0002134428408527494,0.014175841903202308,0.6574215523552929
42.900000000000006,1912.057920803099,2135.776729123371,49545.027832822976,53.026997358260175,62.05960148375376,1227.2434552009306,0.7533868430533217,0.00019456622300447304,0.01419673731339909,0.6574242766340385
43.0,1917.3502532125826,2141.2323676440737,49663.9665944505,53.012804658219395,62.05763123156553,1226.2337322603162,0.7533853493205929,0.00017918477626556922,0.014218710116660468,0.6574255179140239
43.1,1922.6413299643139,2146.687970031838,49786.34952141665,52.998666158242706,62.0555905644131,1225.2246393440528,0.7533863772405663,0.00018480320768651597,0.014260267374089312,0.657423438288086
43.2,1927.9310597763672,2152.1431566347355,49909.43493679847,52.98461765271185,62.053514193302846,1224.216149930974,0.7533876196936998,0.00019332404664779753,0.014287649260906973,0.6574214175068162
43.300000000000004,1933.2190461705839,2157.598279492813,50031.52365618094,52.9706503908552,62.051401115262486,1223.2086536465479,0.7533920436445656,0.0001900025738956499,0.014263573502137987,0.6574168715077491
43.400000000000006,1938.5056410094546,2163.053026749084,50148.260075370286,52.956725706139565,62.04929451256116,1222.2019424565804,0.7533976888062197,0.00021359399443257018,0.01422167527130612,0.6574113026344539
43.5,1943.7906994419868,2168.507654074057,50257.485148904896,52.94286412095269,62.04720361970597,1221.1956436987616,0.7534032907764164,0.00023972841604498975,0.014222950242712412,0.6574048460910112
43.6,1949.074533283225,2173.9619792113836,50373.051140844385,52.92902934279931,62.04514823957495,1220.1905238258296,0.7534095012425087,0.00023920539495033265,0.014229550415908574,0.6573975860263365
43.7,1954.3094266864534,2179.4161157578424,50485.799563220884,52.91521672946214,62.0431878856065,1219.185754413194,0.7534147497548183,0.00023920172713798446,0.014246401818471111,0.657391205957035
43.800000000000004,1959.5103344767308,2184.8700025495195,50601.43148784241,52.90141174225543,62.041292795769245,1218.1817587039432,0.7534193593472647,0.00021216007604961683,0.014260261615411126,0.6573856317927242
43.900000000000006,1964.7103883360533,2190.323643775693,50716.82805842427,52.8876070690776,62.039494936608875,1217.1783915089527,0.7534217196420364,0.00012805578129645184,0.014286707617797885,0.6573823742380054
44.0,1969.908356693519,2195.777197292136,50832.93478824815,52.87380314238449,62.037805890443664,1216.1754610598698,0.7534220740667558,9.515418200010138e-05,0.014338087964769135,0.6573808549753666
44.1,1975.1053033357148,2201.2303446975593,50951.74337505559,52.859999544219384,62.03617662525333,1215.1733969024683,0.7534214435165081,0.00011076985544901886,0.014372111721451301,0.6573808322306076
44.2,1980.300926663007,2206.6834484030323,51068.59276509261,52.846196057794394,62.03463162169181,1214.171688802732,0.7534187089348487,0.00015150139888722163,0.014414846222240058,0.6573830225086902
44.300000000000004,1985.494852181022,2212.1362255015415,51188.19427501081,52.83242038494592,62.03312063262091,1213.1707669254918,0.7534150580309709,0.0001155007320287483,0.014447811327025233,0.6573864903841793
44.400000000000006,1990.6878388121215,2217.5888509680276,51309.90755983996,52.818640459259264,62.03162112348806,1212.1704052064852,0.753411176134381,0.00010633427875197264,0.014411948218191244,0.657391728056709
44.5,1995.8788838211544,2223.0413202074214,51416.1390510489,52.80493124432041,62.03014428681709,1211.1720561521804,0.753407226681535,0.0001189762971212986,0.014355361590898473,0.657397490276829
44.6,2001.0687602713863,2228.4934836897387,51529.600035857104,52.79123619631611,62.02864408006258,1210.182036447028,0.7534036748675575,0.00014829656333456765,0.014313620477968945,0.6574024649885347
44.7,2006.2572896495099,2235.1143874854038,51644.76260232134,52.7775999571983,62.02711900061726,1209.1925150123577,0.7534005857242593,0.00011614905077005126,0.01427843583358343,0.6574067768207802
44.800000000000004,2011.4441044649755,2241.932609783623,51757.36968137034,52.76402099774545,62.02557277899014,1208.2034114166431,0.7533981713231528,0.00014444569361079306,0.014346689755999776,0.6574080521832814
44.900000000000006,2016.6298420526714,2248.7506212151993,51870.53348639119,52.750484478366204,62.02399248873516,1207.2147254321642,0.7533972810798574,0.00017915092715615458,0.014361954860538977,0.6574087305618989
45.0,2021.8137148512728,2255.5682477643472,51982.46228343847,52.73701945060092,62.02237484219571,1206.2264344504456,0.7533986786644259,0.00017801693275096612,0.01440252941772957,0.6574062415607569
45.1,2026.9963221640614,2262.3857304001776,52097.63125303173,52.72359420204412,62.020745185829945,1205.2385447905501,0.7534007376714472,0.00017980157859757873,0.014426622073585926,0.6574033531425417
45.2,2032.1776458099016,2269.2029267742373,52221.84049116546,52.71021776032489,62.01909072563659,1204.25107304509,0.7534055169139996,0.00018308645180559167,0.014411023361766138,0.6573982171930243
45.300000000000004,2037.357224692863,2276.01983807357,52332.72227546738,52.6968826049037,62.01744524916383,1203.2639830844187,0.7534107377574621,0.00021904613117620098,0.014444114118513502,0.6573914966120877
45.400000000000006,2042.5357399113898,2282.836598204022,52442.62745181354,52.683577820561446,62.01579542496398,1202.2773336472835,0.7534170920165968,0.000280383047888664,0.014424944129924854,0.6573846117984888
45.5,2047.7125493490503,2289.652956276364,52555.96012935467,52.670303837119526,62.01418785931741,1201.2910445591135,0.7534234502753786,0.00025097224610243414,0.014463218298667204,0.6573764955522221
45.6,2052.888076323999,2296.4692874254742,52666.343458700336,52.65704762653876,62.01260839479984,1200.3052231536174,0.7534295144194793,0.00020663113167048277,0.014484850650396064,0.6573690844623278
45.7,2058.0624545956543,2303.2851195855783,52776.71374123921,52.643812721137444,62.01106940552257,1199.3197088826896,0.7534308669567875,0.00018301326754773043,0.014484178963050962,0.6573675560770045
45.800000000000004,2063.235117441061,2310.1009251215696,52890.38700648117,52.63058793379149,62.009600208828054,1198.334698491721,0.7534313747846263,0.00016424046784907351,0.01445493214874857,0.6573676227589792
45.900000000000006,2068.4067339903445,2316.9163642448207,53003.974022375405,52.61737028575169,62.00815669967607,1197.3499041037055,0.7534311424461524,0.0001330266732589896,0.014478869773531303,0.6573673693044635
46.0,2073.576670109304,2323.7316641164352,53114.35758498407,52.604167324469316,62.00681092949135,1196.3656296794861,0.753430763359104,0.00010327170754978471,0.014505987299772446,0.6573672112993855
46.1,2078.719897030978,2330.5467166755034,53228.40277543514,52.590973558496,62.00547445170946,1195.3815016779308,0.7534303074371932,7.068595935863754e-05,0.014523690475139704,0.6573673472675488
46.2,2083.8531180614236,2337.361537760486,53345.29983654055,52.57780242463979,62.00422283079777,1194.3979140179817,0.7534293471283572,6.260291148554689e-05,0.014575556167957476,0.6573673007756075
46.300000000000004,2088.985172536347,2344.1762073590153,53461.311722771825,52.564635097848125,62.002979856208015,1193.4144200956014,0.7534284077420627,9.287234592209892e-05,0.01461047244568948,0.65736759874282
46.400000000000006,2094.1158236497486,2350.9905448029645,53576.27519191704,52.55151236122375,62.00179027242869,1192.4315780172603,0.75342775751738,0.00012024468127102868,0.01460310568295295,0.6573685032369296
46.5,2099.245118198712,2357.8048457180043,53686.76167755651,52.53838516889909,62.00060557705842,1191.4487963887684,0.7534272698967287,0.00013163302719812286,0.014578068715187815,0.6573696156358637
46.6,2104.373150272654,2364.618697063299,53802.49309867703,52.52531841465318,61.99944333415035,1190.4663931676503,0.7534269168885117,0.00010541709392842421,0.014521369828903253,0.6573712798817729
46.7,2109.499644529694,2371.432534023884,53917.45182655831,52.51225509747735,61.998281441113306,1189.4844257812667,0.7534227969539866,0.00012096235425011001,0.014485650835058438,0.657376787176141
46.800000000000004,2114.6250054848547,2378.246004381231,54038.31990122338,52.499254919682016,61.99709319444332,1188.5025218656465,0.753419019731795,0.0001315619920036186,0.014471854482382054,0.6573814180714754
46.900000000000006,2119.7486817175536,2385.059372648706,54151.42018253542,52.48626346261565,61.995917014212644,1187.5212438378933,0.7534157866340302,0.00012959104948368202,0.014481619175845811,0.65738490883411
47.0,2124.871351771991,2391.8724544902907,54271.94992817697,52.47333438805628,61.99470072344509,1186.5401104935218,0.7534135480242934,0.00013032329468741594,0.014498626971970598,0.6573870994210429
47.1,2129.9922051384583,2398.671882020203,54387.08093631795,52.460421482027385,61.99348118806194,1185.5592506190656,0.7534129658727343,0.00013957107439318897,0.014547709726453499,0.6573866803613228
47.2,2135.112190236778,2405.4449878038886,54502.90798166678,52.44755243680538,61.992233434939465,1184.5789409202462,0.7534136276063117,0.00014169571053416054,0.014597884410248408,0.6573848092481057
47.300000000000004,2140.2302446871736,2412.2176079051924,54617.97855478127,52.434711776146926,61.99097627906334,1183.5987355303912,0.7534149080664411,0.00014640204317105593,0.014637691735636345,0.6573824555388823
47.400000000000006,2145.347575238415,2418.990164389365,54725.90972835422,52.421893693430064,61.98970173167569,1182.618909183631,0.7534193547172888,0.00019078656599599798,0.014640370866835038,0.6573772882285727
47.5,2150.4628775217907,2425.762561750781,54844.26535545495,52.40911266329538,61.988430420865214,1181.6394097324523,0.7534220957725737,0.00025113002176346865,0.014643075865371268,0.6573740661636843
47.6,2155.5775957633273,2432.534596853684,54960.986118404224,52.3963368124801,61.98715324730667,1180.660011792153,0.753422802670614,0.00020817394532835127,0.01463524554970122,0.6573734453621211
47.7,2160.6901766635638,2439.3066084648044,55074.24153936043,52.383601977497996,61.98588590245777,1179.6811192516502,0.7534236229916541,0.00017030760431327352,0.01464516535526134,0.6573722951609436
47.800000000000004,2165.8024242642023,2446.078310781331,55188.546822102035,52.37086536471988,61.984642266183506,1178.7024126261354,0.7534246225641196,0.00014371067550415418,0.014643980112614896,0.6573711822918745
47.900000000000006,2170.912313266883,2452.8498274684653,55308.58440690076,52.358160743280976,61.98341288762374,1177.7238655124395,0.7534247389197714,0.00016294653894084174,0.014719720407714151,0.6573693528475592
48.0,2176.022028403128,2459.621322667103,55423.53602959808,52.34501922910548,61.982217253734824,1176.7457824004537,0.7534250866830958,0.00018250117867646114,0.01479696724742087,0.6573672148884275
48.1,2181.1291723119843,2465.8431413781605,55537.97470328686,52.33148612036987,61.98105864484804,1175.767755849516,0.753425335441506,0.00016935482108999459,0.014842551899988916,0.6573659056316313
48.2,2186.236197554082,2472.0638214431356,55646.77388677356,52.31796447305527,61.97993436723528,1174.7901202322905,0.7534258153448125,0.00010021395688263988,0.014870855734061085,0.6573647300995881
48.300000000000004,2191.3412557886377,2478.225165313676,55759.66134635762,52.30444579307692,61.97884036170717,1173.8127679541765,0.7534266180889114,5.848382023611078e-05,0.01487051630847143,0.6573638227644324
48.400000000000006,2196.4454241999115,2484.302009082067,55878.58887910194,52.2909834757998,61.9778018537953,1172.8354398914896,0.7534274759154992,3.844380097678096e-05,0.014834981673575524,0.6573636439417826
48.5,2201.5483905254473,2490.378754868874,55998.65449315986,52.27753170674357,61.976769208044175,1171.8587596413429,0.7534278827063741,5.4470928008099435e-05,0.014802454384955362,0.6573639098229304
48.6,2206.6496926989603,2496.455359169106,56116.03842193208,52.26406115344756,61.97580714415885,1170.8820922774564,0.7534284159578115,8.743964280423999e-05,0.014741748344485038,0.6573646592549371
48.7,2211.7505594667205,2502.5318961734215,56228.18343322795,52.25059856010864,61.97484636205667,1169.9056867520117,0.753427554793427,8.301451974226235e-05,0.014750429015043153,0.6573654521120342
48.800000000000004,2216.8489645553573,2508.608232332153,56337.63491013854,52.237099873265514,61.9739274955114,1168.9297069733914,0.7534267961451386,6.927060615088393e-05,0.014749730103301372,0.6573663388963071
48.900000000000006,2221.94731520128,2514.6845221929925,56451.67459209758,52.22358228663221,61.973031668517024,1167.9537529318025,0.7534251937059492,4.627822015479741e-05,0.014782454975690716,0.6573674424341163
49.0,2227.043188021719,2520.7605966438587,56564.56194288754,52.21004396260053,61.97212568326633,1166.978214428301,0.7534243318052255,5.861446611080451e-05,0.014730396853117446,0.6573695978798709
49.1,2232.1386573528184,2526.8366207066547,56674.293036509844,52.196448160509426,61.97122638718372,1166.0028637009686,0.7534229649787529,7.584590877821954e-05,0.014707040139400307,0.6573716856241688
49.2,2237.2323110446405,2532.912407082472,56785.99062747808,52.18286433537078,61.97035339954119,1165.0276121106403,0.7534208728143966,5.388261313961301e-05,0.014743895281319069,0.6573732600708597
49.300000000000004,2242.324812643658,2538.988180938235,56899.90000722924,52.16945731891338,61.96945830300594,1164.0528075774191,0.7534188002915092,7.671668733055865e-05,0.014768718968910483,0.6573750759055822
49.400000000000006,2247.4162932477343,2545.0637357208598,57014.181279039796,52.15778508459657,61.9685632064707,1163.0781028579956,0.7534164421319871,0.00016103091449816038,0.014840338173295428,0.6573761504322506
49.5,2252.505812904327,2551.139228880928,57129.1044480783,52.14611361319059,61.96765356604852,1162.1035549681724,0.7534139361863208,0.00018097939798059073,0.014928734004544877,0.6573770158042594
49.6,2257.5950344443204,2557.2146108873876,57244.55087711674,52.13444842169895,61.96674077320026,1161.1293602577932,0.7534125778185624,0.00017987257497360635,0.014938288405532213,0.657378355872901
49.7,2262.6816617888207,2563.2898478435272,57357.528083988844,52.12286121251863,61.9658163280268,1160.155274302411,0.7534119170089012,0.00017239145945684845,0.014916157207365935,0.6573796177585083
49.800000000000004,2267.7680106448015,2569.3650698917522,57466.65564807338,52.111278235972115,61.96487258713973,1159.1814404599086,0.7534115410286336,0.00015733037698512081,0.014879002264738369,0.6573808944467568
49.900000000000006,2272.8523885837444,2575.440102795731,57580.71657517057,52.099701489872466,61.96392775978988,1158.2078373396564,0.7534112109758557,0.00015083599080794065,0.014871663229842423,0.6573814403047722
50.0,2277.9358868327063,2581.5151269848643,57695.4522166842,52.08814761458655,61.9629734471386,1157.2343599058638,0.7534112991634142,0.00016881253472063342,0.014872309060528518,0.6573813202536507
50.1,2283.018006161513,2587.590038335448,57803.71963842232,52.07662344265728,61.96201647432125,1156.261235543473,0.7534110759261894,0.00018059541361693817,0.014905146837921554,0.6573808292419077
50.2,2288.0986772390165,2593.664893826194,57911.782705834594,52.06510002700567,61.96105607621088,1155.2882494255664,0.7534113847917204,0.00016682668910707803,0.014936125910778397,0.6573797757596862
50.300000000000004,2293.1786849530913,2599.7396886363013,58019.79101456349,52.053576605013085,61.960100937441084,1154.3153862361808,0.7534121438735787,0.00017533612773233255,0.014953308275967978,0.657378512953279
50.400000000000006,2298.256443106026,2605.814397351112,58134.98556106765,52.04208082212845,61.95914579867128,1153.3429241405581,0.7534129683478875,0.00016210131587794584,0.014965984255746538,0.6573772829689547
50.5,2303.3340390364224,2611.889090973766,58255.4066180251,52.03058681330625,61.9582157095068,1152.3705409389815,0.7534145021365011,0.00017722800373559756,0.014952145730652091,0.6573758361080001
50.6,2308.4092626079446,2617.963689605697,58360.36971101594,52.01909344045922,61.95728720264335,1151.3983526163695,0.7534160642059561,0.00021793997346203724,0.01494114735178947,0.6573742836576333
50.7,2313.484034681417,2624.0382351006083,58463.58793865277,52.00761060126112,61.956374236627205,1150.4252841275186,0.7534172682832541,0.0001882034092715739,0.014969209130693734,0.6573722744458254
50.800000000000004,2318.557622792985,2630.112764485819,58578.954482573296,51.99614130565502,61.955489033657216,1149.4512957852535,0.7534183459716806,0.00012915915802609102,0.015006647098152906,0.6573701999741702
50.900000000000006,2323.629326851913,2636.187152121835,58694.5413189632,51.984676799236915,61.9546155748997,1148.4773932489823,0.7534197030202305,0.00012235611332331157,0.015013844078477927,0.6573684816112471
51.0,2328.7008166904557,2642.2615201627154,58806.232359459216,51.97321229281881,61.95377661212727,1147.5036230743515,0.7534209163329355,0.00012734920424502025,0.015037143584709041,0.657366557505805
51.1,2333.7700755799315,2648.3358532084867,58914.503483794295,51.961782557817514,61.95294185515281,1146.530181363127,0.753422392200987,0.00016117368668895572,0.014989496693270704,0.6573659467466105
51.2,2338.8387307183352,2654.4100134072337,59021.83447927309,51.95036673500947,61.95215566508991,1145.5568327728336,0.7534230108180504,0.00011272917363532439,0.01500898802147039,0.65736480308925
51.300000000000004,2343.9062643231587,2660.484173605981,59129.1654747519,51.93895091220143,61.95138431960756,1144.5837167695674,0.7534237980737579,7.057930879862327e-05,0.015001589587687995,0.6573640755506167
51.400000000000006,2348.9718393596154,2666.5582444597057,59240.421620223904,51.92756181737574,61.95061360644746,1143.610808876649,0.7534247815827667,4.530642196517913e-05,0.014974885784123204,0.6573635594098906
51.5,2354.348629071539,2672.6321639741273,59351.07943894762,51.916224509215084,61.949896246434214,1142.6379969569348,0.7534247203423677,3.242597845453533e-05,0.014995839516776355,0.6573631526962612
51.6,2359.742178876774,2678.706083488549,59466.037156778366,51.904887201054414,61.949189723175444,1141.6655471843637,0.753424090791085,3.74501626354625e-05,0.01501091282675582,0.6573635299506809
51.7,2365.0638040693693,2684.779847928651,59577.820922793566,51.89354989289375,61.94848319991668,1140.693179990693,0.7534235225367633,3.9371821917857714e-05,0.015020235814348047,0.6573639681745846
51.800000000000004,2370.18719272926,2690.853502790156,59682.2183533802,51.88230848756022,61.94779465220791,1139.720955271666,0.7534224895121819,4.114873888136425e-05,0.015028913395685812,0.6573649537100319
51.900000000000006,2375.309311630954,2696.927157651661,59792.720441025675,51.87107319346172,61.94713368605871,1138.7491661470428,0.7534204884030463,1.8950085248405276e-05,0.015085804088982472,0.6573659451252386
52.0,2380.430991568247,2703.0005931107316,59904.36014454036,51.85983789936322,61.946472719909515,1137.7773770224198,0.7534191970801728,5.33583550055385e-05,0.015078663277566285,0.6573675870756904
52.1,2385.5504859974385,2709.0739766574657,60015.80072134868,51.84865751570059,61.94581096484959,1136.8056784302,0.753417322541554,8.172513847244694e-05,0.01509911657072303,0.6573692631193684
52.2,2390.669139640714,2715.1473368134975,60131.342196086895,51.8375281681851,61.9451462314555,1135.8342912656108,0.7534147921906141,0.00010643365695047022,0.015152867601087097,0.6573709228310257
52.300000000000004,2395.787264831049,2721.2204727613444,60245.47337150769,51.82639882066962,61.9444994626081,1134.8630852305241,0.7534133982403832,0.00010375624593011338,0.015104798646145556,0.6573736271287269
52.400000000000006,2400.903024995937,2727.2935999981746,60358.79866612541,51.815283133329324,61.9438526937607,1133.8919603503566,0.7534111052384087,0.0001367998333574888,0.015138095171899499,0.6573754831630182
52.5,2406.018154951575,2733.366649649356,60471.046356606916,51.80423738619075,61.94319088640574,1132.920913234907,0.7534086116848655,0.0001815498238679133,0.015182607499108531,0.6573773036151104
52.6,2411.132334869447,2739.439552601267,60581.067561673255,51.7931971591858,61.94252444742037,1131.9502476753573,0.7534066361278157,0.00017249499472951673,0.01518011282868809,0.6573796278091939
52.7,2416.2445265723354,2745.512450400154,60693.64591521119,51.782166286361175,61.94186662190598,1130.9796683129412,0.7534050416318766,0.00022144047903129761,0.015172316610665097,0.6573816205344124
52.800000000000004,2421.35645366284,2751.5852345592575,60800.81744313704,51.77115820097905,61.94120719307157,1130.0091012755727,0.7534031206839396,0.00023622991878263826,0.015203633805351727,0.657383093377248
52.900000000000006,2426.4666132807506,2757.6579402475377,60907.724330941615,51.76017903352459,61.94052539373193,1129.038839107466,0.7534011822781433,0.00023300899925164854,0.015235929966287382,0.6573845683363464
53.0,2431.57536302022,2763.730645935817,61014.838866108024,51.74920583977319,61.939846263938975,1128.0687222300185,0.7533998901873838,0.00021117807112622507,0.015265157313491914,0.6573853784817965
53.1,2436.684112759689,2769.8032215522476,61125.2415403996,51.738234033935065,61.93916979981198,1127.0987030513631,0.7533989178943099,0.00020559946725234518,0.015289035802546699,0.6573859396342231
53.2,2441.7900381303516,2775.8757664659042,61234.07950437001,51.727287367621905,61.93848653515168,1126.1287874817208,0.753397925035591,0.00019700605743979194,0.015314602273333833,0.6573864850283195
53.300000000000004,2446.8956450366786,2781.9483025066497,61342.35934113219,51.716346672707736,61.93779827941954,1125.1592400069292,0.753397109164283,0.000172411424764067,0.015338782552657705,0.6573868632145035
53.400000000000006,2452.000487864203,2788.020711932152,61452.004257562505,51.70540711809821,61.93711161259731,1124.1896925321375,0.7533973584932733,0.00017396098706838438,0.01535251749767895,0.6573862564424486
53.5,2457.102925457845,2794.0931180555717,61562.52434529111,51.694473972146874,61.93642652732209,1123.2202459765267,0.7533976516471045,0.0001747462152542799,0.015362599182898671,0.6573856847412589
53.6,2462.2053630514874,2800.165522391942,61672.571861835604,51.68355307952562,61.935743908774334,1122.2511242438136,0.7533982463569464,0.00016396512886432155,0.015348116809054284,0.6573853442328401
53.7,2467.305991258647,2806.237814697232,61783.28988298637,51.67263343920897,61.935061290226585,1121.2821210580569,0.7533991638795878,0.00013175169910412953,0.0153335156552453,0.6573846406820577
53.800000000000004,2472.4046733769906,2812.3100908650863,61893.655750503975,51.66171379889232,61.934383415800966,1120.3131178723002,0.753400630641876,0.00016237242327826656,0.015321568148315399,0.6573832314054688
53.900000000000006,2477.5033554953347,2818.3823652120655,62002.559279492176,51.650810624370216,61.93371759142005,1119.34431898113,0.7534017801378716,0.00017033124980515464,0.01533995867090915,0.6573814831133642
54.0,2482.601774065034,2824.4545509281006,62111.88978264254,51.63991526455831,61.933057612939216,1118.3758336072224,0.7534028732319934,0.00015715905635015098,0.01536336901881414,0.6573796869383779
54.1,2487.5930765080034,2830.52669575956,62222.930748636434,51.629020065914254,61.932397634458376,1117.407348233315,0.7534048892008922,0.00019787542994425706,0.015323860200542641,0.6573782876563993
54.2,2492.5763952083717,2836.748187017031,62333.75330995902,51.61813786596508,61.93175060173754,1116.438863763166,0.753406536664453,0.0001940370738293416,0.015332013218914226,0.6573762105762143
54.300000000000004,2497.5597139087395,2843.241331253185,62449.34094955959,51.60727633641846,61.93112902187969,1115.4706249463115,0.7534087048346509,0.00018753960292460466,0.015295898534384733,0.6573745688694514
54.400000000000006,2502.5430326091073,2849.7344753581547,62558.228315073284,51.596422466315865,61.93050744202185,1114.5026408856713,0.7534102913827243,0.00017461802058830862,0.015310426871693329,0.6573724158923555
54.5,2507.5236903728523,2856.227551430564,62666.55844657199,51.58556859621328,61.92988586216401,1113.5346568250313,0.7534120763273393,0.00015492506579714273,0.015289761844356523,0.6573708560813251
54.6,2512.5027975422718,2862.720623018088,62772.644643945685,51.574763760837264,61.92928002113348,1112.5666771713995,0.7534136649343743,0.00011555113482660491,0.015280656242405238,0.6573692552005235
54.7,2517.4819047116907,2869.2136951787447,62882.92995923818,51.56397014088772,61.92870627099704,1111.5989976809226,0.7534152353804656,7.794839190443289e-05,0.015273440294114102,0.6573676285323364
54.800000000000004,2522.46066934374,2875.7067261511074,62989.755428862634,51.55318369313001,61.9281325208606,1110.6315229885597,0.7534167998543653,3.0926062992282555e-05,0.015266946640857777,0.6573659902071685
54.900000000000006,2527.436950174581,2882.1997175599095,63099.48784264522,51.54239724537231,61.927561204376474,1109.6640482961968,0.753416762596371,2.605234793360249e-05,0.015327103905364374,0.6573646332485137
55.0,2532.4118613510077,2888.6927089687106,63208.96621197696,51.53161802451525,61.92700677348002,1108.696573603834,0.7534166631839294,2.654069445757896e-05,0.01538784273688366,0.657363328174222
55.1,2537.38671863184,2895.185692558676,63319.950071605555,51.52067911436694,61.92646704397449,1107.729354372282,0.7534164968043219,3.515159803177747e-05,0.015454514766162795,0.6573619543910424
55.2,2542.3832525618905,2901.678591363458,63433.0569640601,51.509757883517544,61.925940764232564,1106.7623811861674,0.7534159894597499,8.268140187211287e-05,0.015544404139570575,0.6573604121713732
55.300000000000004,2547.381586050276,2908.171490380238,63543.25178388299,51.49883665266814,61.92542278963562,1105.7954080000532,0.7534160415099541,3.3456085256536686e-05,0.015551749945662434,0.6573601831186531
55.400000000000006,2552.375889023464,2914.664389397019,63648.76440550485,51.487933239717094,61.924909572012275,1104.8284348139389,0.753415995638282,5.9722649863409784e-05,0.015508640299363005,0.6573612523001688
55.5,2557.3694335105793,2921.1572065850155,63754.38874146836,51.47709593887353,61.92439635438893,1103.8612925210186,0.753415481446742,8.871410028445521e-05,0.015501448379277414,0.6573620079867158
55.6,2562.3627225674645,2927.6499806803163,63857.89799741311,51.466260676978955,61.92390989701915,1102.893864085524,0.753414739869695,6.334772752548418e-05,0.015513723356070788,0.6573625712814631
55.7,2567.35601162435,2934.1427581240046,63960.98634352783,51.45542541508439,61.923429133625625,1101.9264356500294,0.7534140567838328,2.3426942207314423e-05,0.015505758889512201,0.6573635447246571
55.800000000000004,2572.347398700891,2940.6355359436634,64071.37472492556,51.4446190437439,61.9229483702321,1100.959081416307,0.7534126099677482,2.4137720873391477e-05,0.015495840276775991,0.6573654367952979
55.900000000000006,2577.3360699946634,2947.12829864911,64178.77943978019,51.43386679052889,61.92246760683858,1099.9920599753555,0.7534110070964422,1.737337319219032e-05,0.015499291171835098,0.6573671927144381
56.0,2582.324215254013,2953.6209363753687,64292.25255389023,51.42311453731388,61.92199609121313,1099.0250856218865,0.7534092871248683,6.968363210840422e-06,0.015511402313884974,0.6573688785025471
56.1,2587.312360513363,2960.113574101628,64407.366403767235,51.41236228409887,61.921535787039375,1098.0581129412628,0.753407298979501,2.349328682026052e-06,0.015530733107591161,0.6573707007222289
56.2,2592.3005057727128,2966.606217292171,64520.21527151233,51.40162228028546,61.92107227558233,1097.0912561062214,0.7534049442813978,3.5330345822930795e-06,0.015557108346739148,0.6573727757518936
56.300000000000004,2597.284518560779,2973.0988144304706,64629.05337234353,51.390943262997546,61.92060876412529,1096.1247521892617,0.7534028231870884,8.031150944546426e-06,0.01556353139012067,0.6573750546224689
56.400000000000006,2602.2675860074737,2979.591335833206,64737.05615884851,51.38026424570964,61.920145252668256,1095.1582538115688,0.7534005527775604,2.9300316416682915e-05,0.015580809848467622,0.6573772467772399
56.5,2607.250653454167,2986.0838572359403,64844.64995236713,51.36958522842173,61.9196951723319,1094.191755433876,0.7533980718635721,9.764463492184655e-05,0.015621611969962887,0.6573791151361877
56.6,2612.233720900862,2992.5763786386756,64950.64429002649,51.35891334835055,61.91924121725282,1093.2252819910425,0.7533951869716904,0.00010973418227526627,0.015694549696134322,0.6573806821896552
56.7,2617.2144904777474,2999.0688374932442,65056.107070104845,51.34828442898497,61.91878088514046,1092.259111573939,0.7533924884671481,0.00010407693511419171,0.015751309127058813,0.6573824181935912
56.800000000000004,2622.1925597195996,3005.5612599091537,65161.54247091969,51.33766349965914,61.9183205530281,1091.293118157951,0.7533904806807707,0.00011025934244446963,0.015757702361241854,0.65738456498367
56.900000000000006,2627.170628961451,3012.053682325063,65267.064635968396,51.32704257033332,61.91786022091575,1090.3271247419632,0.753388718834613,0.00013284941589102156,0.01576897723117066,0.6573863095934201
57.0,2632.1486781134436,3018.546104740972,65374.857238370365,51.31642654851778,61.91740747306321,1089.3611313259753,0.7533870342863669,0.00012654377362916687,0.015780793983427965,0.6573879578278861
57.1,2637.1260252169386,3025.0384451368773,65482.76787208621,51.30583755952918,61.91694761223004,1088.3952182059918,0.7533856008608006,0.00013809890642143806,0.01577146548774973,0.6573898221152128
57.2,2642.0993789183276,3031.5307904298297,65595.00229918305,51.29526235207119,61.916483217636426,1087.429707564733,0.7533839658730942,0.00014011325052504437,0.015802166219558784,0.6573909581644508
57.300000000000004,2647.072472937926,3038.0231369873522,65704.75043216739,51.284687144613194,61.916018823042805,1086.4641969234742,0.7533828097981178,0.00015289707428855928,0.015830900749770716,0.657391588860573
57.400000000000006,2652.04521630368,3044.5154698964325,65813.49619026715,51.27411608343408,61.915554428449184,1085.4986862822154,0.7533820917298002,0.0001609354982950932,0.015832263687464283,0.6573923770375855
57.5,2657.0175862615774,3051.007748668962,65921.77259561545,51.26356232378498,61.9150943898228,1084.5331756409566,0.7533811735229516,0.00015518852158384939,0.015855056664799326,0.6573928813699301
57.6,2661.988114525792,3057.500027441492,66025.2877782759,51.25302691194706,61.914628688952405,1083.567948109389,0.7533805075415544,0.00018406445561577583,0.015881818984798315,0.6573929911418588
57.7,2666.9562691601545,3063.9923201827933,66127.66377767858,51.24249150010914,61.91416152004234,1082.6028878686207,0.7533800027391906,0.00016583336956684834,0.015895594472628727,0.6573932415596867
57.800000000000004,2671.92374324732,3070.48458690057,66235.47441607426,51.23196110034224,61.91369435113227,1081.6378276278524,0.7533801046772024,0.00016452942448410215,0.01590139022387235,0.6573929848998878
57.900000000000006,2676.8911744759725,3076.976823087009,66343.11553182511,51.221442518854865,61.91322718222221,1080.672767387084,0.7533804854517505,0.00018963529967418435,0.015908068834262597,0.6573923801846978
58.0,2681.858605704625,3083.469059273448,66450.75664757597,51.21094879614838,61.91276517137911,1079.7077706363323,0.7533812922724785,0.00021753085101911058,0.015889346171106628,0.6573918997161692
58.1,2686.8218488310467,3089.9612954598874,66558.2599470763,51.2004550734419,61.91230362482947,1078.743115797807,0.7533820983643694,0.00024740712086134605,0.015870582675890827,0.6573914186079279
58.2,2691.7843862687105,3096.4535477272366,66665.19729728853,51.189961350735416,61.91184207149814,1077.7784852474138,0.7533829925256661,0.00022839624334451821,0.015846826878999378,0.6573909738398416
58.300000000000004,2696.746923706374,3102.945778640634,66771.04665973781,51.17947765571162,61.91138051816682,1076.8138546970206,0.7533848133474869,0.00023361123720901832,0.015789402780328567,0.6573902670431035
58.400000000000006,2701.7094611440375,3109.43798392729,66873.44099140548,51.16903608903123,61.9109189648355,1075.8492241466274,0.7533862069521593,0.000250627835319294,0.015779914572360124,0.65738889149119
58.5,2706.669600094741,3115.9301892139447,66973.17303877596,51.15859452235084,61.910465810040606,1074.8848305416454,0.7533870586139936,0.00022450621259204623,0.01581685051678074,0.6573870372540406
58.6,2711.627289725482,3122.3931477949754,67072.61746433112,51.14815295567045,61.91001884886172,1073.9206142495796,0.7533873322178407,0.0002538847655745538,0.01590147818024942,0.6573846713971155
58.7,2716.5849793562234,3128.692441372296,67172.02484759105,51.137711388990056,61.90957188768283,1072.9564016265233,0.7533885048572271,0.00019942561548725143,0.01590698190609089,0.6573832131299483
58.800000000000004,2721.542450199364,3134.991737688901,67271.43223085096,51.12728261200209,61.90912492650394,1071.9921890034675,0.7533900103401171,0.00013271327947302823,0.015904544335792446,0.6573815636115562
58.900000000000006,2726.4994344195043,3141.2910283715855,67374.3226570168,51.116905812655716,61.90867796532505,1071.0280721335828,0.7533916747921939,0.00012037357533834058,0.015894828775885394,0.6573798934270814
59.0,2731.4526037082514,3147.5903190542695,67477.15955784335,51.106529013309334,61.90824448814988,1070.0641903721269,0.7533932635677308,0.00017120989074522665,0.015891845687223738,0.6573781334502924
59.1,2736.405489332126,3153.8896097369543,67575.48490246297,51.096152213962945,61.90781908982096,1069.1003920086832,0.753393972622717,0.00020268926377143583,0.01595466800460242,0.6573757901700411
59.2,2741.357761729239,3160.188972905633,67673.74563918445,51.08577541461656,61.90739369149204,1068.1365936452398,0.7533951351493645,0.00016331020075792632,0.015963181213590135,0.6573742621281967
59.300000000000004,2746.3098474472577,3166.4883384041996,67773.61652841831,51.07541349469613,61.90696829316312,1067.1727952817964,0.7533963523776399,0.00010480599421396748,0.015966701362047683,0.6573727935406102
59.400000000000006,2751.260189090226,3172.7876974747996,67880.79354582213,51.065109772597566,61.906542894834196,1066.2090918293077,0.7533976532928495,5.093944710941384e-05,0.015962988785804353,0.6573713991398046
59.5,2756.2082070090464,3179.087056545399,67987.97056322597,51.054806050499,61.90613586120279,1065.2456381417794,0.7533987824562847,9.074758668752826e-05,0.015973412169069542,0.6573698475454595
59.6,2761.156071213554,3185.3864156159984,68096.5629597609,51.044502328400434,61.905736338247806,1064.2822450513447,0.7533997560221566,8.405786955176856e-05,0.01598439810977137,0.6573684656089748
59.7,2766.1031972243877,3191.685849148779,68204.6265827255,51.03419860630187,61.90533681529283,1063.3188519609103,0.7534004685606652,0.00014195342459319678,0.015995378484699327,0.657367371938193
59.800000000000004,2771.050323235221,3197.9852838003735,68307.1276796519,51.02391063118831,61.90493729233784,1062.3554588704758,0.7534009609667581,0.00017298833210973636,0.016006365024222126,0.6573665327411441
59.900000000000006,2775.9934957655123,3204.2847104383795,68408.89117314204,51.01368519038701,61.904537769382856,1061.392157913536,0.7534013916620041,0.00013914696941935538,0.016017401966743287,0.6573657783259729
60.0,2780.9363556449916,3210.584137076385,68509.3963032534,51.003459749585716,61.90415962132807,1060.4291147080862,0.7534018664733894,0.0001139390996065246,0.016024877360526685,0.6573650568123277
60.1,2785.8787051933386,3216.8835637143907,68609.90143336475,50.99323430878442,61.903787307933136,1059.4661117753026,0.7534019674801172,0.00010799293030060683,0.0160501161977351,0.6573643263097371
60.2,2790.820682242925,3223.183067508075,68714.75476953413,50.98300886798312,61.903414994538196,1058.5031088425192,0.7534017833878655,8.03231683241811e-05,0.016081842149670518,0.6573637658779541
60.300000000000004,2795.762659292512,3229.4825713499745,68820.28630284598,50.972798633124825,61.903042681143255,1057.5401059097358,0.7534013734651114,7.885950514758496e-05,0.016103027518964266,0.6573637172424301
60.400000000000006,2800.700494664626,3235.7820656589824,68923.23217962644,50.96265188146,61.90267036774832,1056.5771907660958,0.7534010346936814,7.467596305209846e-05,0.0161099608737679,0.6573639361165446
60.5,2805.638002502859,3242.08155996799,69031.21734279413,50.95250512979516,61.90231711755142,1055.614539362336,0.7534007855630883,6.470551509903338e-05,0.016109658891299495,0.6573642301011849
60.6,2810.5746470309687,3248.381054276998,69139.75711856327,50.942358378130336,61.90196890294031,1054.6519116445227,0.7534006496251304,6.569627900268776e-05,0.01609208633595267,0.6573648162061814
60.7,2815.5112773274464,3254.68062958637,69253.5829640845,50.9322116264655,61.9016206883292,1053.6892839267093,0.7533999423062017,8.984816930902109e-05,0.01611160758483184,0.6573651458370383
60.800000000000004,2820.447907623924,3260.98020467476,69357.13024595441,50.92207860129169,61.901272473718095,1052.726656208896,0.7533988688378961,8.117212730727924e-05,0.01613113917196082,0.6573658982590131
60.900000000000006,2825.380409436082,3267.2797694547,69459.62850480605,50.912006508215406,61.90092425910699,1051.7641106386047,0.753397657129316,4.442841961782189e-05,0.01615296925808702,0.657366754439499
61.0,2830.312243808268,3273.579334234639,69563.52657598148,50.90179322883909,61.90083251702854,1050.8018141139216,0.7533963316117154,2.8010773966181747e-05,0.016184022241179763,0.6573675107225058
61.1,2835.2435437827257,3279.878899014579,69667.94970431553,50.89146553101141,61.901108216101036,1049.8395406128634,0.7533950796212849,1.160238737993165e-05,0.01621011291252913,0.6573683032419386
61.2,2840.1748437571837,3286.178549876062,69769.70745421074,50.881137833183736,61.90138338071068,1048.8772671118054,0.7533939021485324,-3.886827487781488e-06,0.01622860238232114,0.6573691966125405
61.300000000000004,2845.1061437316416,3292.478201324059,69871.8408919405,50.870814056029005,61.90165854532033,1047.9149936107472,0.7533924666616942,-5.638074990115676e-06,0.016241675118830443,0.6573705189122451
61.400000000000006,2850.033325223638,3298.777842725809,69978.22400954433,50.86054212384222,61.90193370992998,1046.952799000742,0.7533904837735474,1.012519870993325e-05,0.01629137903397327,0.6573715614674184
61.5,2854.9594545479335,3305.077484127559,70084.60143308456,50.85027238042861,61.902210692426664,1045.9908417903564,0.7533885835272943,2.5888482196303133e-05,0.01633413445758845,0.6573726778563626
61.6,2859.885396798535,3311.377125529309,70189.94796498049,50.84000689178411,61.90248382683052,1045.0289060145756,0.7533872724351112,3.805528221101692e-05,0.016339487386885617,0.6573740468230496
61.7,2864.811339049137,3317.6768591153564,70291.23455926875,50.8297414031396,61.902756442569725,1044.0669702387943,0.7533858392214487,6.239949041324205e-05,0.016358930149114062,0.6573752039522586
61.800000000000004,2869.7253085106076,3323.976595023859,70391.77450080274,50.81947958226849,61.90302905830892,1043.1050344630132,0.7533836202759105,8.342705219243219e-05,0.01642310970267505,0.6573761443858328
61.900000000000006,2874.570401858288,3330.276322048744,70495.97549113783,50.80926626215139,61.90330167404812,1042.1431755026592,0.7533821400949674,4.0433059102123116e-05,0.016422030499638793,0.6573778717490905
62.0,2879.4123866136265,3336.528004207781,70603.16899752677,50.79905562522315,61.90357431867945,1041.1815465943598,0.7533806549193506,-1.2004576082225013e-05,0.016421097099288202,0.6573795982681818
62.1,2884.2535917874934,3342.691000906044,70708.88493586514,50.78885020416156,61.903845120655184,1040.2199381366092,0.7533791833986136,-8.04860924639636e-06,0.016436092945840957,0.6573809099795442
62.2,2889.4168737142086,3348.854095821972,70808.56293517508,50.778644783099985,61.904115724193005,1039.2583296788587,0.7533777132010043,1.463423677236135e-05,0.016457437796723096,0.6573820607371572
62.300000000000004,2894.503130109879,3355.0172017661703,70908.24093448506,50.768442792378146,61.90438632773083,1038.296721221108,0.7533760272156275,5.961433419155772e-05,0.016486674226999107,0.6573832578000918
62.400000000000006,2899.4996588927447,3361.180307710368,71007.91893379502,50.758286162709574,61.90465693126866,1037.3351858478736,0.7533743449924036,8.730459217458861e-05,0.016512669433920563,0.657384530114104
62.5,2904.4958637732893,3367.3434126357843,71106.26664519859,50.74813283222749,61.904926251361616,1036.3738708999736,0.7533727576665951,8.02305302683056e-05,0.016530987369824907,0.6573858897371243
62.6,2909.492068653835,3373.50643392085,71211.08865873545,50.73798591505355,61.905196754308896,1035.412575999276,0.753371460756923,9.204027663264997e-05,0.01654485949746043,0.6573870254802546
62.7,2914.4882735343804,3379.6695589005526,71315.78531368673,50.7278389978796,61.90546745967358,1034.4512810985786,0.753370241235879,9.323294112791818e-05,0.016558733051644712,0.6573880735817593
62.800000000000004,2919.484374862484,3385.8326955235016,71420.44931441086,50.71769530406981,61.90573816503827,1033.4899861978813,0.7533695772758531,9.201539713239757e-05,0.01652834656944541,0.6573895993458136
62.900000000000006,2924.4753967107704,3391.99583214645,71521.36216353595,50.70759423437404,61.90600887040296,1032.528761338641,0.7533690989067204,8.983092146666431e-05,0.016483003222304202,0.6573912863338357
63.0,2929.4660959347375,3398.1589677736984,71621.05003156861,50.697497114032245,61.90627767400527,1031.5677472623129,0.7533679288696616,8.367008628944577e-05,0.016493119277176407,0.6573923742837773
63.1,2934.456795158705,3404.3220216555756,71730.73782231702,50.687407670862946,61.90655149643149,1030.60675222134,0.7533667629291206,9.044841745512041e-05,0.016518522602932906,0.6573930717187385
63.2,2939.447494382672,3410.4851838735112,71840.30410889113,50.67731822769363,61.90682596748647,1029.645757180367,0.75336590945853,8.421555815154394e-05,0.016525191528022516,0.657393883009588
63.300000000000004,2944.438090580829,3416.6483582558512,71948.19063319112,50.66723187809932,61.907100438541455,1028.684762139394,0.75336513965826,8.909365639568173e-05,0.016533862584363096,0.6573945465229023
63.400000000000006,2949.4236324660756,3422.811532638191,72050.72220884018,50.65718643635399,61.907374909596435,1027.7238357548915,0.7533644605910159,8.059729634148718e-05,0.016537908475444302,0.6573952240515148
63.5,2954.4037399210083,3428.974706037686,72159.3454449352,50.64714553746372,61.907647481438886,1026.7631143154213,0.7533634528266804,6.520790469327559e-05,0.01656818451362686,0.6573956182961017
63.6,2959.3189760512564,3435.1377987472724,72267.63008308497,50.63711346945627,61.90792908643528,1025.8024108980508,0.7533626211743419,7.356224874018775e-05,0.01659433537827969,0.6573959108781207
63.7,2964.2338752965397,3441.3010037042854,72372.35440223721,50.626972925752156,61.90821176848362,1024.8417074806803,0.7533619021505406,6.752752275650393e-05,0.016616802790700453,0.657396167993979
63.800000000000004,2969.1487745418235,3447.4642212648864,72472.04309376677,50.616403439942744,61.90849445053194,1023.8810040633099,0.7533614635327852,4.903352045042772e-05,0.016631928034229644,0.6573962897897419
63.900000000000006,2974.0596374061242,3453.627438825487,72570.81258693576,50.60584407341743,61.90877713258027,1022.9203663580582,0.7533616354897114,4.792446190997882e-05,0.016602730122776185,0.657396830862443
64.0,2978.970181063646,3459.7906554072856,72668.52048488562,50.59530438652926,61.90905826586309,1021.9599253577898,0.7533612562993126,5.950981211393779e-05,0.01661743334091473,0.6573968929610666
64.10000000000001,2983.880093491814,3465.9537916310674,72764.10763205156,50.58480295500394,61.90935160427409,1020.9995018161407,0.7533609248336809,6.13229520450692e-05,0.016631623749726845,0.6573969137930936
64.2,2988.789671075515,3472.117043649123,72863.12420846493,50.57430152347863,61.90964633759192,1020.0390782744917,0.7533606323117754,7.530006797193162e-05,0.01664581368203542,0.6573968884164
64.3,2993.699248659216,3478.280308669021,72963.65463427136,50.56380085878094,61.909941070909746,1019.0786547328427,0.7533605708337547,0.0001033732737444614,0.01665999691173812,0.6573965957699403
64.4,2998.6048150247584,3484.44357368892,73062.89905360274,50.55331033421828,61.910235804227575,1018.1182936482418,0.7533605767646938,0.00013714595303594197,0.016674270974222038,0.6573962209012414
64.5,3003.5100641734575,3490.6068377281363,73160.83042803944,50.542840106559915,61.910529560804186,1017.1581197822721,0.7533605717916315,0.00015479446095186794,0.016689475807890614,0.6573958368484842
64.60000000000001,3008.4146846345116,3496.7700212549767,73258.43786972182,50.53240933417372,61.910836720539216,1016.197962608304,0.7533605453527666,0.00017058340724417532,0.016702779919009144,0.6573955253498918
64.7,3013.3189715993835,3502.9333226217095,73355.88958659075,50.52197856178753,61.911145369151384,1015.237805434336,0.7533605682237036,0.00017576339933174438,0.0167127099904132,0.657395245402385
64.8,3018.223258564255,3509.0966372199755,73453.34130345966,50.511548561924435,61.91145401776356,1014.277648260368,0.7533603665636617,0.0001856665491570601,0.01675919047421884,0.6573942904784362
64.9,3023.123560541488,3515.259951818242,73550.79302032861,50.50112877751055,61.91176266637573,1013.3175517348922,0.7533603253930123,0.00019935128905561604,0.016798489720047164,0.6573933306065127
65.0,3028.023547376251,3521.288557856898,73651.57000431331,50.49072924474247,61.912071002653605,1012.3576359227268,0.7533607615469069,0.00020975086394219345,0.016800108922874438,0.6573927861683753
65.10000000000001,3032.9229074265118,3527.2317548513247,73750.797880462,50.480369079268264,61.9123925178868,1011.3977359057811,0.7533610849572563,0.00021512175226071637,0.016801084978249038,0.6573923888654409
65.2,3037.8219349901397,3533.1749817281775,73847.9146387436,50.470008913794054,61.91271545864804,1010.4378358888357,0.7533611554702292,0.000220064831761238,0.016819815792447956,0.6573918274490025
65.3,3042.720962553767,3539.1182119603477,73943.75675358612,50.45964953524133,61.91303839940928,1009.47793587189,0.753361379043145,0.000203498625329512,0.01684356137798981,0.6573909685983115
65.4,3047.6160316966957,3545.0614421925197,74039.59886842864,50.44930056253464,61.913361340170525,1008.5180955141474,0.7533616755585766,0.00016095423593696836,0.016866903788589568,0.6573900420982162
65.5,3052.5107877981322,3551.0046684627678,74134.88517679326,50.43897131005696,61.913684559301,1007.5584321600298,0.7533619685038063,0.00022381138783869394,0.016889404557773196,0.6573891102948212
65.60000000000001,3057.404919057979,3556.94756946566,74230.83561147554,50.42868039184893,61.914019985900374,1006.5987840529084,0.7533620965396515,0.00023304374975637883,0.016911836940861017,0.6573883836510022
65.7,3062.2987188618367,3562.8905006476903,74328.32344898068,50.4183894736409,61.914356699269995,1005.6391359457871,0.7533619841696746,0.00022339072282925886,0.016949181301068632,0.657387554002766
65.8,3067.192518665695,3568.8334352183538,74425.01370299666,50.40809936473234,61.91469341263961,1004.6794878386659,0.7533623389289542,0.00019390018227073122,0.016963670898341537,0.6573867830705661
65.9,3072.0823863346054,3574.7763697890186,74523.33839816127,50.397819957584794,61.91503012600923,1003.7198961602809,0.7533627837683131,0.00015879822765970763,0.016975254797836015,0.6573859836812229
66.0,3076.9719430407654,3580.7193003812913,74623.57059584996,50.38755930184088,61.91536753634673,1002.7604735823433,0.7533633430277582,0.00012225956083248765,0.01697794066135945,0.6573852812206397
66.10000000000001,3081.8572239950877,3586.661904354118,74726.84591798234,50.37733509706125,61.915715098063046,1001.8010660670127,0.7533639484442596,8.682176495520756e-05,0.016962263753030976,0.6573849977409196
66.2,3086.7417473217915,3592.6045389601036,74825.46285600869,50.367110892281616,61.916063702207644,1000.8416585516821,0.7533645153149909,7.321931990115102e-05,0.016944431284479686,0.6573848096446903
66.3,3091.6262706484954,3598.547177005701,74923.71064217431,50.35688751193214,61.916412306352235,999.8822510363517,0.7533647546502412,6.566105395616765e-05,0.016961568381495498,0.6573840942230407
66.4,3096.506887381396,3604.4898150513004,75017.69924563551,50.346675033424255,61.916760910496826,998.9228978138586,0.7533650302309457,7.006864120552405e-05,0.01697870435892812,0.6573833355918022
66.5,3101.386253838914,3610.43244911141,75112.30660951021,50.33648014007946,61.91711058134492,997.9637068067457,0.7533654183104725,7.387062395466269e-05,0.016987164088912567,0.6573826718839142
66.60000000000001,3106.2655574780833,3616.3747559694334,75206.8019466926,50.32631943063708,61.917467789117715,997.0045301073628,0.753365540152938,7.158647856568758e-05,0.017003351226347063,0.6573821140193284
66.7,3111.1448611172523,3622.3170938509834,75300.64934070349,50.3161587211947,61.91782573826379,996.0453534079801,0.7533658387125056,6.123397094183796e-05,0.017000925178702043,0.6573818356590572
66.8,3116.024164756421,3628.3171353033467,75394.18040315551,50.305998840972315,61.918183687409865,995.0861767085973,0.7533661764243804,5.3774144342855855e-05,0.01700028218932314,0.6573814659187877
66.9,3120.8995863405803,3634.634105143333,75487.6578437478,50.29584992592995,61.918541636555936,994.1270533916727,0.753366475413444,5.3134473221462114e-05,0.01700417536121292,0.6573810226346191
67.0,3125.7737634869472,3640.9510823599917,75581.09303031645,50.285717486619404,61.91890094926767,993.1680882656136,0.7533664247736053,8.39605843298855e-05,0.017035322085548008,0.6573802710577019
67.10000000000001,3130.6478780750263,3647.2680595766515,75675.84256982256,50.275617074581284,61.919265383155604,992.2091367098737,0.7533662377345954,5.26442261718206e-05,0.017067634151990564,0.657379650532826
67.2,3135.5219926631044,3653.5850681643433,75776.35294067457,50.26551666254316,61.91963028289878,991.2501851541341,0.7533660530498947,8.295048510382572e-05,0.01709544315777217,0.657379136461205
67.3,3140.3961072511825,3659.9020802744994,75878.01038210365,50.25541708239829,61.919995182641955,990.2911014603097,0.7533660473248608,8.979111058370275e-05,0.017109718383399773,0.657378770734584
67.4,3145.266363209636,3666.2191977719,75979.58574211113,50.24532850278302,61.92036008238513,989.3319756404967,0.7533659680643654,9.418101966452484e-05,0.017129842612873872,0.6573783368688348
67.5,3150.135380630497,3672.536323038533,76080.9179078622,50.23525543770362,61.92072645041751,988.3729697214083,0.753365895883781,8.750431232207393e-05,0.01714956464583194,0.6573779063025177
67.60000000000001,3155.004335763185,3678.853448305167,76180.55932130007,50.225212531422194,61.92109607399809,987.4139638023197,0.7533656442338909,8.349488512662455e-05,0.017177712436372925,0.6573774603012427
67.7,3159.829817203936,3685.1706052998966,76279.0781424223,50.21516962514076,61.9214659580451,986.4550055190633,0.7533653972231283,7.922226887775246e-05,0.017202581516872865,0.657377093592274
67.8,3164.641874267837,3691.4877658571827,76377.5969635445,50.20512755527025,61.9218358420921,985.4960516240419,0.753365228506262,7.58562077276548e-05,0.017217669034655967,0.6573768923506184
67.9,3169.452972253127,3697.80503565637,76476.02510559483,50.19509654566874,61.922205726139104,984.5371477484736,0.7533651745455767,8.203262803448511e-05,0.017222791119284812,0.6573768192738639
68.0,3174.260273705288,3704.1223135089585,76571.84454414142,50.185080243214955,61.92257708681674,983.5783587568778,0.7533651684991904,0.0001283788310928816,0.01722405514388479,0.6573767856682059
68.10000000000001,3179.0673268632395,3710.4395913615485,76665.72187089377,50.174862226439075,61.92295044955333,982.619569765282,0.7533651211996801,0.00013140627614214754,0.01722754926933393,0.6573767477165242
68.2,3183.8628137297665,3716.756901312883,76758.47075404442,50.16438196535283,61.9233239384376,981.6608260562683,0.7533650534980366,0.00012206672395877667,0.017231043816402686,0.6573767355151934
68.3,3188.6552641005605,3723.0742148683935,76850.7832460942,50.15390874751815,61.92369742732187,980.7020865187073,0.7533649433089988,0.00011247369276097066,0.01723108597745469,0.6573768623998985
68.4,3193.447714471355,3729.3916401228953,76942.71143682642,50.14344093832665,61.924070916206134,979.7433953483422,0.7533648739756487,0.00011071614649341676,0.017225934728170928,0.6573770771591682
68.5,3198.2364658718907,3735.7090736119376,77034.61948432172,50.13298723598147,61.92444584178023,978.7848152670693,0.7533647460055497,0.00010031763441979461,0.017225416530402906,0.6573772390627164
68.60000000000001,3203.024369108917,3742.0265071009803,77126.52753181705,50.12256095601819,61.924821903491,977.8262351857963,0.7533645540682699,8.991913113790281e-05,0.017232310054135457,0.6573772798616216
68.7,3207.8119533680965,3748.3439730759746,77218.43557931235,50.112134676054914,61.9251980012719,976.8676986696696,0.75336430122819,7.952064347013835e-05,0.0172434058477475,0.6573772800045634
68.8,3212.5995376272754,3754.661442698621,77310.26954004855,50.101715457296415,61.9255740990528,975.9091661667846,0.7533640887478902,6.031885077550508e-05,0.017242725843696266,0.657377543389015
68.9,3217.3871218864547,3760.9790253247215,77406.07548963968,50.09130166096769,61.9259501968337,974.950681436188,0.7533639849756001,1.5455281045422158e-05,0.017231094511730115,0.6573779698809095
69.0,3222.171029376749,3767.2966162815283,77500.0613063898,50.080901619118684,61.9263276147973,973.9923064283088,0.7533636018353851,4.681040345709252e-06,0.017240917413146678,0.6573781515797862
69.10000000000001,3226.9540951027066,3773.6142072383354,77592.55093634278,50.07052831468407,61.926705455913684,973.0342564404866,0.7533632815253025,-7.112779030748206e-07,0.017251313806493335,0.6573782459291391
69.2,3231.736844459424,3779.931831091719,77685.41009101097,50.06015501024945,61.92708326389249,972.0770256515499,0.7533629690833331,-6.103590571775405e-06,0.01726171105162638,0.6573783310303598
69.3,3236.5195938161414,3786.249458638861,77788.13573313333,50.04978870567502,61.9274610718713,971.1197988131693,0.7533625291876428,1.5257031058440214e-05,0.017272112114020393,0.6573785618092072
69.4,3241.3023431728593,3792.567199620124,77890.66643214661,50.03942777642271,61.92783887985011,970.1626619835358,0.7533620396680586,3.175668175841686e-05,0.0172833574425591,0.6573788266549268
69.5,3246.08143722647,3798.884948963842,77993.19322148677,50.02908043528103,61.92821781622523,969.2055808387912,0.7533615350612392,1.4590123388031649e-05,0.017295813369783107,0.6573790779429926
69.60000000000001,3250.859695700958,3805.202698307561,78089.74790826176,50.01875950814786,61.92859682550557,968.2484996940465,0.7533611207050378,-8.666390995498763e-06,0.01730878764561564,0.6573792114184795
69.7,3255.6376403273603,3811.5204809694674,78177.89995860087,50.008438581014694,61.92897577563236,967.2914599612335,0.7533607260914107,-3.4140432347251304e-05,0.017321762824505236,0.6573793210545225
69.8,3260.415584953763,3817.8382673724727,78266.05200894,49.998124563437536,61.92935472575916,966.3344240433071,0.7533598274645009,-5.961445464787856e-05,0.01736304608190504,0.6573792599706291
69.9,3265.1935295801654,3824.156166984262,78360.69987265539,49.98781585183628,61.929733675885956,965.3774771708111,0.7533586718645707,-8.102270063234889e-05,0.017420720901865337,0.6573790561350669
70.0,3269.967840653934,3830.474074941895,78453.18632086001,49.97752066274396,61.930113598028626,964.4205853872373,0.7533575025130766,-9.662594347158778e-05,0.017479250122877942,0.6573788404609845
70.10000000000001,3274.7413220976964,3836.791982899529,78543.51247973808,49.96725176013665,61.93049370680775,963.4636936036636,0.7533566687987922,-0.00011304818940547297,0.017520692828812273,0.6573786900404456
70.2,3279.514492079204,3843.109924586413,78636.14988012594,49.95698285752933,61.93087377785196,962.5068413495519,0.7533560250194546,-0.00012947046532687338,0.017549948139602818,0.6573786444086717
70.3,3284.2876620607117,3849.427870060552,78733.07474555568,49.94672076585252,61.93125384889616,961.5499927369127,0.7533554575264049,-0.00014539776295256358,0.017563252295803848,0.6573789361117878
70.4,3289.06083204222,3855.745928048313,78829.73780682677,49.93628240215829,61.931633919940374,960.5932051617498,0.7533546910270268,-0.00014638025261358854,0.0175885999747054,0.6573791365957125
70.5,3293.8303907988084,3862.0639943306696,78924.83715904276,49.925101148246796,61.93201486127455,959.6364553480844,0.7533534914452356,-0.00011935863398536584,0.01764669687108041,0.6573789597867659
70.60000000000001,3298.5991256309317,3868.382060613027,79022.46998516875,49.91392649322955,61.93239641639913,958.6797055344189,0.7533525931517671,-9.179459659220833e-05,0.01769076713440562,0.6573788091530304
70.7,3303.367551236991,3874.7001610196053,79115.64247931035,49.902751838212325,61.932777985426654,957.7229940743308,0.753351849676742,-7.244564372492375e-05,0.017725821915978122,0.6573787192917514
70.8,3308.13597684305,3881.018265257787,79207.71543632259,49.891603894409805,61.933159554454186,956.7662861473923,0.75335101197327,-8.110961569970494e-05,0.017758068258486786,0.6573788079880634
70.9,3312.90440244911,3887.336480996178,79298.57289032637,49.88047646264322,61.93354112348172,955.8096057537649,0.7533501751979162,-8.22694457160315e-05,0.017787269836426742,0.6573789772975505
71.0,3317.669239413211,3893.654704954455,79393.49894117993,49.86935246861985,61.93392339747417,954.8529423939194,0.7533492238465738,-8.108591049727628e-05,0.017824930535187807,0.657379047586897
71.10000000000001,3322.4332578990643,3899.9729289127336,79488.25061908722,49.85823515724581,61.93430645879345,953.8962790340738,0.753348416384578,-8.532558038978636e-05,0.017860182907080253,0.6573790155739072
71.2,3327.196969248446,3906.291187378443,79584.89970378959,49.84711784587176,61.9346895623498,952.9396536205995,0.7533476475002902,-9.59548124823416e-05,0.01789543590450337,0.6573789365139716
71.3,3331.960680597827,3912.6094497187837,79677.12403754954,49.836026763483254,61.93507266590615,951.9830317027627,0.7533468692366525,-8.206795626985207e-05,0.017922558630613823,0.6573790913683799
71.4,3336.724391947209,3918.9278223869287,79773.58743771023,49.824955822818,61.9354557694625,951.0264208411905,0.7533461086947808,-8.036283654271234e-05,0.017945542148092353,0.6573793361319301
71.5,3341.484537357272,3925.246203188529,79870.35240415379,49.813888369895906,61.935839398776615,950.0698168196968,0.7533453682559809,-7.301408731161062e-05,0.017966991766695993,0.6573795996249499
71.60000000000001,3346.2438694863977,3931.56458399013,79966.64583009323,49.80282769681836,61.936224017969074,949.1132127982028,0.7533447646113965,-0.00011555260366331284,0.01798559645920581,0.6573797765372782
71.7,3351.010408218163,3937.882999664538,80062.18870348434,49.79176702374081,61.93660871165388,948.1566454677546,0.7533442572317024,-0.0001270439536240237,0.018000179774114198,0.657379956709929
71.8,3355.831026930504,3944.2014192546044,80154.8303273336,49.780732138632885,61.93699340533868,947.2000815173028,0.7533437818328147,-8.250024916840795e-05,0.018004928626224635,0.657380378557731
71.9,3360.649199779975,3950.5199479966777,80246.08422788902,49.769717056583914,61.93737809902348,946.2435272171043,0.7533433300158457,-6.773722322102584e-05,0.018005329839475007,0.6573808870279672
72.0,3365.467372629445,3956.8384847855264,80337.25451007376,49.758705503372354,61.93776317175359,945.28697888714,0.7533429849688238,-4.083255161211456e-05,0.017997832457220024,0.6573814899720002
72.10000000000001,3370.284973632633,3963.1570215743754,80435.25042106556,49.74770080988869,61.93814962878719,944.3304305571755,0.7533426162825967,-1.8532052636316063e-05,0.01799842324676294,0.6573818973090799
72.2,3375.102271291937,3969.4755935706976,80528.87054024222,49.73669611640503,61.93853621112545,943.3739174846436,0.7533423729425548,-1.0538734153027214e-05,0.017992493220228917,0.6573823386781361
72.3,3379.9184248321694,3975.794169520255,80622.18935917717,49.72571679390184,61.938922793463725,942.4174076600428,0.753342066591082,-2.2493157022267303e-05,0.01798462353495381,0.6573829047934252
72.4,3384.7321481944596,3982.1128535621783,80715.5081781121,49.71475695424393,61.93930937580199,941.4609088755394,0.7533416159456703,-3.1195870123317435e-05,0.01798535718680933,0.6573834007929062
72.5,3389.5458715567497,3988.4315455727583,80808.5464368068,49.703800689532216,61.93969622245608,940.5036213404113,0.7533411427830796,-1.6265007390213063e-05,0.017987736117492922,0.6573838784721607
72.60000000000001,3394.409299408336,3994.7502375833387,80900.79636896354,49.69285137417949,61.94008495475479,939.5461676237261,0.7533411504010531,-8.4754003041216e-06,0.01795963510122562,0.6573846382047701
72.7,3399.5190547117227,4001.068965105142,80992.60041685823,49.68190205882677,61.940473872687726,938.5888516292888,0.753340415346702,-1.3569588938385918e-05,0.017988745540943766,0.6573846845302891
72.8,3404.589748147083,4007.3876966142866,81083.52302815672,49.670977746988385,61.940862790620656,937.6315483218893,0.7533396916848746,-3.4072516120399384e-05,0.018011648229259842,0.6573848859680812
72.9,3409.4443316749766,4013.7065352753684,81174.38932721611,49.660072635811225,61.94125170855359,936.6742477318008,0.7533389650851374,-5.760944652817527e-05,0.01803305427405228,0.6573851301323714
73.0,3414.29891520287,4020.025381835778,81265.25562627548,49.64917115413501,61.94164080176904,935.7169488228066,0.7533383714637367,-7.900199734073331e-05,0.018044590772472276,0.6573854916127243
73.10000000000001,3419.1507337359512,4026.3442283961876,81355.82670050098,49.63827672786714,61.94203205007744,934.7596499138123,0.753337996683404,-9.934553795015151e-05,0.018043506803239285,0.65738594808966
73.2,3424.0008924546337,4032.6631107482804,81448.69273814293,49.627382301599255,61.94242351806815,933.802487615876,0.7533376495320048,-9.114892211162358e-05,0.01804242284711485,0.6573863768494707
73.3,3428.8510511733166,4038.9819971192055,81542.24230427452,49.61651256020938,61.94281498605888,932.8453379026142,0.7533365115170465,-6.970980067624446e-05,0.018095419332036185,0.657386226928332
73.4,3433.701209892,4045.3009898608334,81635.53480205554,49.605661774794,61.9432064540496,931.8881907628526,0.7533361113384532,-3.414202692756731e-05,0.018092967320038615,0.6573867558152776
73.5,3438.551368610683,4051.619990444195,81728.82729983653,49.59481466260604,61.94359802507372,930.9310452152147,0.7533359423548323,-2.5362895421800426e-05,0.01807341901480453,0.6573874875887096
73.60000000000001,3443.398777946172,4057.9389910275577,81822.11979761755,49.58397469082655,61.94399181704147,929.9738996675767,0.7533358339338703,-2.2870678307490437e-05,0.01805131985438518,0.657388219121401
73.7,3448.222887399797,4064.2063336094293,81912.32714716342,49.57313471904706,61.94438584000771,929.0168867232824,0.7533357429825382,-2.6038411792039324e-05,0.018029220394755113,0.6573889296899557
73.8,3452.997122364343,4070.46601093582,82001.97059833986,49.56231915612187,61.944779862973945,928.0598859944702,0.753335493452865,-2.559813190809117e-05,0.01801591635226602,0.6573895803911499
73.9,3457.7704561789656,4076.7257147067653,82091.33862382252,49.55152233720745,61.945173885940186,927.1028875828985,0.7533348260076971,-1.777632285343177e-05,0.018032486499592246,0.6573898911898456
74.0,3462.5437187284706,4082.985420427223,82180.70664930514,49.540729213137745,61.94556795924594,926.1458906049132,0.7533341521749598,-9.954468315381024e-06,0.018049471852466734,0.6573901973969419
74.10000000000001,3467.314745820604,4089.2451261476817,82270.0746747878,49.52994327149847,61.94596434972449,925.1888936269277,0.7533334838870129,-2.1325685261665602e-06,0.018066457436708157,0.6573904967108933
74.2,3472.0845870830103,4095.5049770881947,82359.44270027043,49.51915732985918,61.946360984600865,924.2320248218393,0.753332825241965,2.5549036651538313e-06,0.0180834428971094,0.657390784464932
74.3,3476.8809765102865,4101.764844334593,82448.6080943993,49.50839559558262,61.946757619477246,923.2751678240983,0.7533321431702386,-5.629470181693232e-06,0.018100429181541196,0.657391098584616
74.4,3481.689507691061,4108.0247379222665,82538.19610719311,49.497652450587715,61.94715425435363,922.3183127993851,0.7533312460925304,-1.3855744856206274e-05,0.018132594492258167,0.6573912400433041
74.5,3486.4979679871863,4114.284633451837,82630.00202423673,49.4869130236315,61.94755090394791,921.3614589953074,0.753330052645363,-2.208205470430168e-05,0.018186307842457512,0.6573911236857224
74.60000000000001,3491.306428283312,4120.544528981411,82723.18370101313,49.476180824192674,61.9479500378353,920.4046051912295,0.7533288442323407,-3.0308401338996452e-05,0.018240021074553154,0.6573910199874701
74.7,3496.114888579437,4126.804570464422,82818.63326013005,49.46544862475384,61.94834943607557,919.4478770339488,0.7533276534738075,-3.26155646328061e-05,0.018292464146706315,0.6573909272292349
74.8,3500.9222421342347,4133.064628335666,82913.14153678925,49.45474046245907,61.94874883431584,918.4911604513098,0.7533267339366224,-3.0291153261051086e-05,0.018324524875760733,0.657391088171193
74.9,3505.7263534110216,4139.324712483321,83006.84106005299,49.44405075873191,61.94914823255611,917.5344456540623,0.7533262346590913,-1.954759596778111e-05,0.01832592954071308,0.6573916215610875
75.0,3510.53039418641,4145.584798568091,83100.54058331672,49.43336479674127,61.949547623990114,916.5777319613668,0.7533257264317993,4.574092382860462e-06,0.018327954716730932,0.6573921477710095
75.10000000000001,3515.334434961799,4151.844884652863,83194.24010658046,49.422686108334354,61.94994964045689,915.6210182686712,0.7533251867440935,3.1416586568724845e-05,0.0183301637515422,0.6573927038892478
75.2,3520.1384757371875,4158.105117226075,83287.93962984417,49.412007419927434,61.95035193757891,914.6644293205969,0.7533241645043544,4.390076132092553e-05,0.018366939106337556,0.6573928481466799
75.3,3524.9414171609765,4164.365366247592,83377.57984678268,49.40135261791313,61.950754234700916,913.7078518640557,0.7533236572748164,4.503798032650505e-05,0.018366848630146433,0.6573934318450957
75.4,3529.7411368740427,4170.6256415185635,83465.51299709128,49.39071615870162,61.951156531822924,912.751276121001,0.7533231897143114,4.527354476824239e-05,0.01836399052052879,0.6573940474640181
75.5,3534.540786470927,4176.885918724664,83553.44614739985,49.38008345904557,61.95155880482584,911.7947014380137,0.7533227130549421,3.7130538975399046e-05,0.01836179248591357,0.6573946555864055
75.60000000000001,3539.3523434451045,4183.146195930767,83641.37929770847,49.36945806761157,61.951963588538966,910.8381267550261,0.7533221948797028,4.581099282461965e-05,0.01835959342546254,0.6573953102450852
75.7,3544.417128049214,4189.406620487986,83728.58830938507,49.35883267617757,61.95236864172913,909.8816619067429,0.7533216421973897,6.599108989911263e-05,0.01835910654197791,0.6573959554554502
75.8,3549.4819126533243,4195.667061590376,83814.2181250801,49.348231071416826,61.952773694919294,908.9252071764839,0.7533208292902626,8.617127802126723e-05,0.018378594262170995,0.6573963401213067
75.9,3554.542032425623,4201.927528955916,83899.68568853193,49.33764773288254,61.95317874810946,907.9687540406136,0.7533200193789499,0.00010635157414205356,0.018398180828845808,0.6573967173894546
76.0,3559.60170443168,4208.187998257598,83985.6552098247,49.327068145001064,61.95358377003913,907.0123018911293,0.7533192002549043,0.0001227180080871005,0.01841840472110363,0.6573970868775824
76.10000000000001,3564.6613764377385,4214.44846755928,84074.18022053492,49.316495848035736,61.95399114259299,906.0558497416447,0.7533179357418162,0.0001383328378654345,0.018467001762964484,0.6573971694490336
76.2,3569.721048443796,4220.709084954499,84162.69093435592,49.305923551070414,61.95439876795654,905.0994580551618,0.7533165568071327,0.00015378296205347837,0.018522608234146778,0.6573971817518317
76.3,3574.7807204498536,4226.969718978251,84251.20164817692,49.295374971089366,61.9548063933201,904.1430719385589,0.7533156764426405,0.0001692332444383144,0.018544275413009743,0.6573975759274462
76.4,3579.835754841879,4233.230379305152,84339.71236199795,49.28484460381932,61.95521401868365,903.1866871945317,0.7533150545231101,0.00018324894690709554,0.018548010182416204,0.6573981794673152
76.5,3584.890344085029,4239.491041571142,84428.1088241569,49.27431798134895,61.95562161436338,902.2303032996634,0.7533144801062468,0.00015789738269764492,0.018548709168710757,0.6573988245493341
76.60000000000001,3589.94493332818,4245.751703837133,84516.15565895596,49.263798638416795,61.9560314745532,901.2739194047953,0.7533138509966592,0.00016424316945093284,0.01854898657708,0.6573995360644299
76.7,3594.9995225713305,4252.0125147780755,84605.78038249792,49.25327929548463,61.95644157826554,900.317558053799,0.7533130965562572,0.00018443500810659687,0.01855681940495994,0.6574001741664833
76.80000000000001,3600.054111814481,4258.2733424128355,84695.74549537076,49.24278361588654,61.95685168197788,899.3611987795546,0.7533123471288656,0.00020536832389923907,0.01856671967600263,0.6574007471911815
76.9,3605.1040884443314,4264.534196421428,84785.7106082436,49.23230610780045,61.95726178569023,898.404840747567,0.7533115145848452,0.00022630171484334122,0.018583278935071217,0.6574012264404756
77.0,3610.0292017126253,4270.795052374321,84875.56147092186,49.22183234298872,61.95767186803161,897.4484834841152,0.7533106376849006,0.0002472351926882003,0.018602966663135243,0.6574016669106172
77.10000000000001,3614.8871548471557,4277.055908327216,84964.05865705905,49.21136585475011,61.9580841723156,896.4921262206632,0.7533096683610809,0.0002681123001738724,0.018624924512798437,0.6574021477424644
77.2,3619.745107981685,4283.316913461439,85051.90087391704,49.20089936651151,61.95849671508446,895.5357803578356,0.753308776274508,0.00028511573951127503,0.018639978456052333,0.6574027361518786
77.30000000000001,3624.603061116215,4289.577935346339,85140.922754985,49.190456499129944,61.95890925785331,894.5794355452389,0.7533078260920701,0.00030014106366589273,0.018662062716343884,0.6574031917164325
77.4,3629.456616194217,4295.838983697199,85230.83197511458,49.18003177064149,61.95932180062216,893.6230919215101,0.7533068937169299,0.00031362675789171473,0.01868375688895559,0.6574036376118718
77.5,3634.309804070318,4302.1000339991515,85318.09123365956,49.16961078368841,61.95973432624462,892.666749033287,0.7533059605474013,0.00033156735359781114,0.018705401545370638,0.6574040826005523
77.60000000000001,3639.16299194642,4308.361084301105,85407.50386547396,49.159197069928055,61.960148949204715,891.7104061450641,0.7533049518754646,0.00033719992084558245,0.01872828516824807,0.6574045840354127
77.7,3644.016179822521,4314.622284264188,85496.83147351615,49.14878335616769,61.960563797096086,890.7540764777337,0.7533038388633015,0.000331689574122041,0.018757239259270055,0.6574050367248565
77.80000000000001,3648.869367698622,4320.88350103182,85586.14852545841,49.13839326498381,61.96097864498745,889.7977480283182,0.7533027706407807,0.0003276060767083577,0.018786149039476414,0.6574054373242197
77.9,3653.718182181816,4327.14474437073,85677.84669867603,49.128021314013445,61.96139349287882,888.8414207064778,0.7533016996926426,0.00032649473567877173,0.01881613419514357,0.657405807500446
78.0,3658.566631514713,4333.405989668497,85769.73669735593,49.117653089482374,61.96180832979006,887.8850940822241,0.7533005866582191,0.0003255233454757843,0.018849044127482305,0.6574061406089957
78.10000000000001,3663.415080847612,4339.667234966264,85861.62669603582,49.10729210879865,61.9622250355152,886.9287674579701,0.7532994142511287,0.00032379436263855484,0.0188819526850688,0.6574065405127303
78.2,3668.26353018051,4345.928630373209,85953.06442477257,49.09693112811494,61.96264194140839,885.9724562125107,0.7532981312858739,0.00032204723128600814,0.018921077915277345,0.6574068865606105
78.30000000000001,3673.111979513408,4352.19004263501,86042.68049191011,49.086593759917754,61.963058847301575,885.0161463837528,0.7532968721909702,0.000319088441692651,0.01896182086524545,0.6574071568513246
78.4,3678.0134554421566,4358.451481585741,86131.99251268343,49.07627452418582,61.96347575319476,884.0598375172518,0.7532956293116195,0.000315749806955765,0.019002379480808854,0.6574074115311886
78.5,3683.010547235273,4364.712922504002,86221.30453345673,49.065959000046114,61.963892659270684,883.1035292460612,0.753294386455727,0.0003079056055514888,0.019042938208131507,0.6574076657849596
78.60000000000001,3688.00763902839,4370.974363422263,86310.61655423007,49.05565069089246,61.964311239611085,882.1472209748704,0.7532931000867811,0.000297832211760982,0.019082654905183762,0.6574079927559369
78.7,3693.0029467958357,4377.235954859186,86399.56133159288,49.045342381738806,61.96472999868703,881.1909276769145,0.7532918906567722,0.0002877588247263613,0.019115518117938053,0.6574084283249548
78.80000000000001,3697.996518604126,4383.497563196944,86485.10715630194,49.03505767469454,61.96514875776297,880.2346357582999,0.7532907592562432,0.00027609512270878467,0.019146338392563238,0.6574088328557757
78.9,3702.9891746750263,4389.75919835134,86569.11876702042,49.02479109214671,61.9655675168389,879.2783447001344,0.7532897172152,0.000246678551740904,0.019172203227279905,0.6574092847769553
79.0,3707.981739238341,4396.02083548268,86653.13037773891,49.01452821076743,61.96598629089172,878.3220541742952,0.753288669289437,0.0002172956232866911,0.019198412864973827,0.6574097310248967
79.10000000000001,3712.974303801656,4402.282472614022,86737.59348655643,49.004272524111556,61.966406617704656,877.3657636484558,0.7532875661945901,0.00018791259619994717,0.019224939730941398,0.6574102288509276
79.2,3717.9650955084644,4408.544260644737,86827.18116682312,48.99401683745568,61.966827109403596,876.4094867121737,0.7532864381315785,0.0001914887703414959,0.019251466315723633,0.6574107441347341
79.30000000000001,3722.9541621243543,4414.806065619035,86916.69462905187,48.98378475403237,61.967247601102535,875.4532110277679,0.7532853619761722,0.00019761109869853864,0.019277755318823794,0.657411205055214
79.4,3727.942317865197,4421.067897539741,87006.2080912806,48.973570795967994,61.96766809280147,874.4969361613522,0.7532843109312055,0.00020373989097897325,0.01930332937810195,0.6574116570839585
79.5,3732.9303825843363,4427.329731446958,87095.41670489745,48.963360530777514,61.96808860895872,873.540661800995,0.7532832529244421,0.00022285522482854277,0.019329221073838273,0.6574121024226726
79.60000000000001,3737.9184473034766,4433.591565354177,87180.25571039628,48.95315744418638,61.9685105894101,872.5843874406377,0.753282185280078,0.00025111195351184954,0.019352644449178953,0.6574126264647501
79.7,3742.9047502956546,4439.812890214764,87264.80867365279,48.942954357595255,61.968932724740306,871.6281250406779,0.7532816239945235,0.00023481699431937098,0.019340642553870233,0.6574136288203615
79.80000000000001,3747.889339026598,4446.009246215574,87349.36163690932,48.93277489353415,61.9693548600705,870.6718637425154,0.753280789676572,0.0002517929121795192,0.019350285396354302,0.6574142947636968
79.9,3752.8730217340903,4452.205602216385,87433.16056868345,48.92261356965089,61.96977699540071,869.7156032461222,0.7532797155606693,0.00025314323674768764,0.01937757966038746,0.6574147210474102
80.0,3757.8566139046893,4458.401958217195,87516.2710717026,48.91245592757687,61.97019916041857,868.7593432457523,0.7532786413629816,0.0002537171365229355,0.01940487397951738,0.6574151465853175
80.10000000000001,3762.8402060752883,4464.5982551842835,87599.2852366157,48.9023054425936,61.970622648632876,867.8030832453824,0.7532775293614495,0.00025913139268932334,0.01943216738062629,0.6574156124408085
80.2,3767.8220476100887,4470.794695280538,87686.50021803463,48.89215495761032,61.97104627635207,866.8468333889334,0.7532764138765923,0.00027371067709183906,0.019458416420630828,0.6574161082678819
80.30000000000001,3772.802185675991,4476.991152401694,87775.31495326702,48.88202810480603,61.97146990407126,865.8905844669472,0.7532753471223773,0.0002879157350286121,0.01948449888559379,0.6574165519861578
80.4,3777.7814225581624,4483.18760952285,87863.85743728757,48.87191939958919,61.97189353179044,864.9343362206301,0.7532743029809597,0.0002937212706084981,0.019510115195965176,0.6574169860913275
80.5,3782.760569387063,4489.3840666440055,87952.32358412158,48.86181436189892,61.97231719776204,863.9780883923231,0.7532732889534045,0.000287908109269598,0.019533849298273617,0.6574174457601759
80.60000000000001,3787.7397162159637,4495.580464977641,88037.3352482864,48.85171645353521,61.97274202085982,863.0218405640159,0.7532723668206472,0.00029440840849071,0.019549158413605085,0.6574180444081446
80.7,3792.7171234685684,4501.7770068106165,88121.58163663806,48.84161854517149,61.97316696522456,862.065602004588,0.7532716097301556,0.00029856793018024757,0.019552308560919086,0.6574188163276662
80.80000000000001,3797.692838013805,4507.973565706082,88205.79563329229,48.83154427846363,61.9735919095893,861.1093642990134,0.7532709127064277,0.0003021203820999705,0.019554396858778456,0.6574195512434885
80.9,3802.600855618385,4514.1701246015455,88289.31581353549,48.82148816662069,61.97401685395403,860.1531271857057,0.7532702482055964,0.0003044221235929762,0.019555230804550624,0.6574202867600228
81.0,3807.505427666577,4520.366683497009,88371.33869609055,48.811435709460625,61.974441848324226,859.1968904388101,0.7532695874266494,0.00029183886725844826,0.019556064849092777,0.6574210247746715
81.10000000000001,3812.4099997147687,4526.563183812686,88453.35023757558,48.80139035666019,61.97486787942525,858.2406536919144,0.7532689025546686,0.0002890255798289288,0.019556898270267034,0.6574217859474585
81.2,3817.312843216104,4532.759828020482,88535.36177906061,48.79134500385976,61.975294018242494,857.2844258717857,0.7532682040900354,0.00029107216187054515,0.0195577317034539,0.6574225605457916
81.30000000000001,3822.2140047423472,4538.956489331515,88617.37332054564,48.781323309753645,61.975720157059726,856.3281988739948,0.7532675568510422,0.0002864491194342683,0.019557984922441325,0.6574232966425343
81.4,3827.1146318118977,4545.153150642546,88699.30800792444,48.77131978359658,61.976146295876966,855.3719724304051,0.7532664348238162,0.000281825877471427,0.019591294675393476,0.6574235924538562
81.5,3832.0148167758866,4551.349811953578,88780.85314193774,48.76131990457571,61.97657249525875,854.4157463296776,0.7532650255543556,0.0002743438793166774,0.019644027096889585,0.6574236367909573
81.60000000000001,3836.9150017398756,4557.54641485868,88862.38693494501,48.751327115244415,61.97699965134148,853.45952022895,0.7532639782842964,0.00026411852148659336,0.01967124758239888,0.6574240270018078
81.7,3841.8134691479554,4563.743161967896,88945.04816930249,48.74133432591312,61.97742690596996,852.5033026958065,0.7532626161112752,0.00025654401295687547,0.019718883601465342,0.6574241636750805
81.80000000000001,3846.710265275766,4569.9399262125735,89028.55949823858,48.731365213684064,61.97785416059845,851.5470859519127,0.7532611170698523,0.00025492241258787997,0.019778025549198528,0.6574241053008453
81.9,3851.6065298439485,4576.13669045725,89111.99553914211,48.72141428353986,61.97828141522694,850.5908697472453,0.7532597371973719,0.00025330084356506625,0.019829799677550327,0.6574241273339284
82.0,3856.5023547030387,4582.333454701925,89192.60680145393,48.71146699419287,61.978708730740266,849.6346538761762,0.7532584829942266,0.00024574395882174323,0.01987314944798337,0.6574242582519764
82.10000000000001,3861.398179562129,4588.530160685122,89273.99916205338,48.70152678221308,61.97913693578947,848.6784380051071,0.7532574722789794,0.0002357938921696286,0.019899654858269212,0.6574246181834421
82.2,3866.292297817212,4594.727011174863,89360.3965813613,48.6915865702333,61.97956523219481,847.7222294407607,0.7532565337110153,0.00022595126835248716,0.01992073978214023,0.6574250584623488
82.30000000000001,3871.184755448852,4600.795976641973,89446.79400066924,48.68167004963759,61.97999352860015,846.7660215495129,0.7532556145274759,0.00021653726755269182,0.01994277475908686,0.6574254467461345
82.4,3876.076684415941,4606.853164085124,89533.54631166112,48.671771722094014,61.980421825005486,845.8098141255805,0.7532544052312902,0.00020712316976154006,0.0199847646404081,0.657425560259042
82.5,3880.9681760687617,4612.910351528276,89620.70095979048,48.66187702514283,61.98085018651044,844.853606990758,0.7532533372684486,0.0001925562385781065,0.02001737098994388,0.6574257963258596
82.60000000000001,3885.8596677215833,4618.967306398865,89707.90471769113,48.65198938572165,61.98127934284526,843.8973998559352,0.7532523733806286,0.00017548089233285682,0.020042904296112135,0.6574261275537227
82.7,3890.749463689089,4625.024266096385,89795.01930410272,48.64210174630047,61.9817085801753,842.9411992329457,0.7532515111262295,0.00015850051046510153,0.02006122137356535,0.6574265611158715
82.80000000000001,3895.637609657666,4631.081230093495,89882.13389051432,48.632237812321875,61.982137817505325,841.9849992098292,0.7532506864799331,0.0001502195348912151,0.020078988322801868,0.6574269655098836
82.9,3900.525229855377,4637.138194090604,89969.13137411288,48.62239208219119,61.982567054835364,841.0287995936433,0.753249877649327,0.00014661066163835446,0.020096294576621408,0.6574273642546965
83.0,3905.4124151324922,4643.195158087713,90054.07387496551,48.612549975070536,61.98299636452276,840.0726002292095,0.7532490684624368,0.0001430655029101118,0.020113634393984857,0.657427761890383
83.10000000000001,3910.299600409608,4649.251889893989,90139.38446143272,48.602714910740474,61.983426379521106,839.1164008647755,0.7532483184944949,0.00013953547926445073,0.020127268507941467,0.6574282046562007
83.2,3915.185100892835,4655.308626649464,90225.5470532533,48.59287984641041,61.98385646552697,838.160207678022,0.753247745434028,0.0001360307818243619,0.020128904406047327,0.6574288118888556
83.30000000000001,3920.0689619751147,4661.365367712089,90311.69163495315,48.58306850326173,61.98428655153284,837.2040150603591,0.7532469537323689,0.00013585421457180358,0.020146705389416673,0.6574291737506717
83.4,3924.952300179267,4667.422108774714,90395.52283814002,48.57332619065804,61.9847166375387,836.2478228250817,0.7532462572203475,0.00013631655939751365,0.020158780824783024,0.6574296015217082
83.5,3929.835205855712,4673.478849837337,90481.44635590007,48.565812366214956,61.98514680375261,835.2916308263711,0.7532452303393381,0.00012559349458815135,0.02019267092433187,0.6574297401534657
83.60000000000001,3934.7181115321578,4679.535359014334,90567.31770227037,48.558308081487,61.985577615863875,834.3354388276606,0.7532443613408683,0.00012217024927512426,0.02021662015033277,0.6574300004200562
83.7,3939.5993432798696,4685.5918732507,90653.18904864068,48.55080379675904,61.98600849217389,833.3792528812745,0.7532436559895898,0.00011877309025882256,0.020229590197201438,0.6574304102221336
83.80000000000001,3944.4789461990526,4691.648391801656,90739.06039501098,48.54329951203108,61.98643936848391,832.4230674924313,0.7532430932202169,0.00011486944930519655,0.02023473665803027,0.6574308973218624
83.9,3949.3580291318767,4697.7049103526115,90824.93174138128,48.535795227303126,61.98687024479392,831.4668824733873,0.7532421542928954,0.00010933465707028369,0.020265021491035894,0.6574310412097214
84.0,3954.236681929081,4703.7614289035655,90910.37705998444,48.528336958459846,61.987301198519475,830.5106976831235,0.7532411505414321,0.00010736517478879678,0.020299504769408956,0.6574311277311529
84.10000000000001,3959.1153347262857,4710.041710431511,90995.7126465032,48.52088820754599,61.987732754343796,829.5545128928595,0.7532403985909754,0.00010644725155162064,0.020318276675033883,0.6574314095268402
84.2,3963.932188727694,4716.743430480769,91080.8980671982,48.51343945663213,61.988164369856534,828.5983334427058,0.7532396446689538,0.00010515478765838821,0.020337048877761527,0.6574316930939688
84.30000000000001,3968.6711772622916,4723.423270193047,91163.19595604835,48.505990705718276,61.98859598536928,827.6421544844854,0.7532389120023277,0.00010689544526371965,0.020355704975244686,0.6574319548773654
84.4,3973.408097413239,4730.103109905323,91243.48506089202,48.498541954804416,61.98902760088202,826.6859758732785,0.7532381889096901,0.00012743224210991477,0.02037402433938803,0.657432212217573
84.5,3978.143306585678,4736.7829496176,91323.44145031559,48.49113902574046,61.9894592934458,825.7297974767552,0.7532374650427466,0.0001443427825588831,0.020392407907007647,0.6574324681067193
84.60000000000001,3982.8785157581183,4743.4628695285155,91403.79839800314,48.48374559398836,61.989891557111804,824.7736190802317,0.7532367591310352,0.0001373554193074546,0.020410791977627487,0.6574327078858411
84.7,3987.6133118612393,4749.763093823515,91488.39361476041,48.47635216223626,61.990323877178625,823.8174453308573,0.753236053878026,0.00011675188656172176,0.020429176395562163,0.6574329488693547
84.80000000000001,3992.347706024256,4755.945376807446,91572.98883151771,48.46895873048416,61.99075619724545,822.86127200958,0.7532353784107517,0.00011157831779298954,0.02044658672948113,0.6574331824237385
84.9,3997.0800433617087,4762.0174809962955,91655.55841300322,48.46156529873207,61.991188517312274,821.9050989694049,0.7532347982920462,0.00011075530179426968,0.020458116554264532,0.6574334885311636
85.0,4001.810679281567,4768.089585185144,91738.45625698731,48.45421746556214,61.99162091726923,820.9489261031366,0.7532343542439707,0.00010991468238926917,0.02046084089382515,0.6574339126447226
85.10000000000001,4006.5413152014266,4774.161879660907,91818.36394502813,48.446879105915976,61.99205384400899,819.992753236868,0.7532340434417989,0.00010844280190036712,0.02045614902213844,0.6574344149857542
85.2,4011.2715407502787,4780.23429962877,91896.72444449789,48.439540746269806,61.99248682224957,819.0365846654471,0.7532337336220013,0.00010695243704870044,0.0204514574560559,0.6574349161574546
85.30000000000001,4016.0013669846385,4786.306723932983,91977.24343342637,48.43220238662364,61.99291980049015,818.0804164896695,0.7532334374517518,0.0001054620669407848,0.02044674217496306,0.6574354023908366
85.4,4020.7291479491064,4792.379148237194,92058.84918746316,48.424864026977474,61.993352778730724,817.124248569905,0.7532331466271678,0.0001039716934389326,0.020441956395147093,0.6574358846539801
85.5,4025.455237054896,4798.451572541407,92142.13282098607,48.417570960860715,61.9937858412028,816.1680808085263,0.7532328579096533,0.00010036410545534445,0.020437066869219526,0.6574363680160122
85.60000000000001,4030.1813261606862,4804.524187288388,92225.22966071298,48.41028734311816,61.99421938223964,815.2119130471472,0.7532325931050664,9.47881690115777e-05,0.020432025727221206,0.6574368289228271
85.7,4034.907007589602,4810.596927658,92308.12529584774,48.40300372537562,61.99465296937195,814.2557494418813,0.7532320502185899,8.921219000051762e-05,0.020445183392919716,0.657437042644172
85.80000000000001,4039.6322923255702,4816.66967237063,92391.0209309825,48.39572010763307,61.995086556504255,813.2995862194783,0.7532315164979799,8.363620259201267e-05,0.020458399252679445,0.6574372437420601
85.9,4044.355543345537,4822.742417083258,92472.28168599549,48.388436489890516,61.99552014363656,812.3434232416193,0.7532309858507359,7.806020814739892e-05,0.020471621217153915,0.657437440815226
86.0,4049.07711206427,4828.815161795887,92552.68207415499,48.38119789988121,61.99595381837145,811.38726041505,0.7532304467138948,6.73938373752123e-05,0.020485423696805834,0.6574376297545036
86.10000000000001,4053.798680783003,4834.888097107167,92632.74011873217,48.373968736801565,61.99638794182537,810.4310975884805,0.7532299307440433,6.010977886657069e-05,0.020499226822774455,0.6574377913672186
86.2,4058.519844515085,4840.961158170769,92711.64239422316,48.36673957372193,61.996822107988415,809.4749387340589,0.75322941768845,5.747798876349565e-05,0.02051303027665147,0.6574379488696014
86.30000000000001,4063.240614171962,4847.034223583959,92791.48398805143,48.35967784845595,61.99725627415146,808.5187802455532,0.7532289129615565,5.484619463143474e-05,0.02052681525200731,0.6574380971059227
86.4,4067.959361663122,4853.107288997148,92870.38152888742,48.352769122794925,61.997690440314514,807.5626219946744,0.7532284105158097,5.2215912557156455e-05,0.020540616994190998,0.6574382419047613
86.5,4072.676436407506,4859.180354410339,92952.47463858053,48.345863989322446,61.998124689279315,806.6064638908058,0.753227898863404,4.9589549472163715e-05,0.020555026114411724,0.6574383779611088
86.60000000000001,4077.393511151891,4865.253610578335,93034.39776716419,48.338965838726516,61.9985593656131,805.6503057869371,0.7532274121966586,4.6847168432783746e-05,0.020569435933891583,0.6574384850510574
86.7,4082.1101840434367,4871.326992628443,93114.123252442,48.3320752134861,61.998994082661426,804.6941510535033,0.7532269295674152,4.50446003315239e-05,0.020583846084796745,0.6574385871134926
86.80000000000001,4086.766527685604,4877.400379034709,93191.78401023039,48.32521928742997,61.99942879970976,803.7379966305554,0.7532264517923141,4.7262515232843765e-05,0.020598239492222687,0.6574386835412382
86.9,4091.42023916763,4883.473765440973,93273.75836471448,48.318363361373834,61.99986351675809,802.7818424096076,0.753225975278655,4.611953715099909e-05,0.02061265648637279,0.657438777705637
87.0,4096.072287455191,4889.547151847238,93360.14973977747,48.31151102565799,62.00029831449505,801.8256883136296,0.7532252643051368,4.496215418493694e-05,0.020642163918084436,0.6574386665382866
87.10000000000001,4100.723702334526,4895.620729164763,93438.92198997644,48.30466566922584,62.00073353084993,800.8695342176516,0.7532244026171457,4.329654434637411e-05,0.02068299038883914,0.6574383707512274
87.2,4105.374950491009,4901.694432493238,93521.31666509499,48.29782784782942,62.00116878711044,799.913383113886,0.7532235655433537,4.316333407365421e-05,0.020722479031271914,0.6574380862939736
87.30000000000001,4110.026198647494,4907.768140184318,93603.67982352579,48.29102477025247,62.00160404337094,798.9572322857643,0.753222730322991,4.315213355736025e-05,0.020761905058115097,0.6574377993095849
87.4,4114.675447732042,4913.8418478753965,93685.89730930219,48.28422169267552,62.002039299631456,798.0010816281587,0.7532218955204186,3.8602386722109774e-05,0.020801288722455916,0.6574375111035028
87.5,4119.323043173118,4919.915555566476,93767.36058279504,48.27742220241353,62.00247463749846,797.0449310760443,0.7532210598815487,3.335403564153362e-05,0.02084067237533845,0.6574372214997933
87.60000000000001,4123.970009293973,4925.989454324642,93848.73080865585,48.27062968555428,62.002910381352,796.0887805239299,0.7532202576421249,2.8132992066220312e-05,0.020879580890762306,0.6574369063171704
87.7,4128.616809768004,4932.063479219327,93929.18269762068,48.263844714036644,62.003346163708194,795.1326328041802,0.7532199326999753,2.2911961173416335e-05,0.02088847753113304,0.6574369961942497
87.80000000000001,4133.263610242036,4938.137508482728,94007.54005711571,48.257094533858584,62.003781946064386,794.176485345349,0.7532196253720274,1.7690922014997363e-05,0.020896237802937978,0.6574371018486386
87.9,4137.908423189226,4944.211537746127,94085.37360933874,48.250344353680525,62.00421772842058,793.2203380443732,0.7532193186464926,9.349915761208572e-06,0.020903962551129723,0.6574372078609131
88.0,4142.551592043111,4950.285567009527,94162.88628896525,48.2435977586162,62.00465359501824,792.2641908410565,0.753219012138568,-3.9994573087025725e-06,0.020911687318617662,0.6574373134151213
88.10000000000001,4147.194135734576,4956.359787478299,94240.39896859179,48.23685813267563,62.005089835492996,791.3080436377395,0.753218722526985,-1.0588049879329643e-05,0.020920095596343002,0.657437377643643
88.2,4151.836514873616,4962.4341341994395,94317.84756905003,48.23012605685775,62.00552611088605,790.3518992054758,0.7532184340645462,-1.5453454674506394e-05,0.020928828770264085,0.6574374300820183
88.30000000000001,4156.4788940126555,4968.508485295217,94395.26465295174,48.22342879442484,62.005962386279094,789.3957550284827,0.7532181611723744,-2.031886865623561e-05,0.020936433287628647,0.6574375004731959
88.4,4161.119297168152,4974.582836390991,94472.62041753744,48.21673153199193,62.006398661672144,788.4396110029699,0.7532178956726321,-2.5184654515640215e-05,0.02094353194923538,0.657437578385748
88.5,4165.758065779025,4980.89928135037,94549.85903393925,48.210037853278635,62.006835019758135,787.4834670711721,0.7532176304291065,-3.0062583427554943e-05,0.02095063063112931,0.6574376558907781
88.60000000000001,4170.396213407107,4987.349718573895,94629.88523043538,48.203351140979066,62.00727173821452,786.5273231393741,0.7532173830625142,-3.527412182167584e-05,0.02095837886643915,0.6574376920769641
88.7,4175.034197582907,4993.800194809927,94709.84734785945,48.19667197413993,62.00770849023907,785.571181722322,0.7532171374093476,-2.8896992433750627e-05,0.02096646025214596,0.6574377161544104
88.80000000000001,4179.672181758708,5000.2506754264405,94789.71955633347,48.190027599188234,62.008145242263616,784.6150405369293,0.7532168859345881,-2.022572995904031e-05,0.020974657625603528,0.6574377431144413
88.9,4184.308201492471,5006.701156042953,94869.26769133372,48.183383224236536,62.008581994288164,783.6588994987478,0.7532166332679142,-1.1554943249163387e-05,0.020982855055814566,0.6574377712215341
89.0,4188.9860270177805,5013.151436508251,94948.81582633397,48.17674243186557,62.00901882415271,782.7027585516399,0.7532163807573585,-1.080665959657875e-05,0.02099105250618907,0.657437798849963
89.10000000000001,4193.754032820798,5019.601624749361,95027.95644151238,48.17010860369443,62.00945600721774,781.746617604532,0.7532161468079307,-1.049085421814653e-05,0.02099986652203781,0.657437785409245
89.2,4198.521347433827,5026.051852054941,95106.64737610887,48.16348232093592,62.00989322337335,780.7904788059712,0.7532159150165038,-1.0163048537794485e-05,0.021008997420966236,0.6574377592517252
89.30000000000001,4203.286595340085,5032.502083746836,95185.27991835155,48.15689082984447,62.010330439528964,779.8343402053355,0.7532156758103769,-9.516512650763766e-06,0.02101824171142612,0.657437737841625
89.4,4208.051843246341,5038.9523154387325,95263.58838760343,48.15029933875303,62.010767655684575,778.8782017243516,0.7532154349474941,-8.872392045587667e-06,0.021027486081133057,0.657437718196367
89.5,4212.817091152598,5045.40234715246,95341.89685685534,48.143711429250985,62.01120494886803,777.9220633173915,0.7532151943158739,-8.24025643470225e-06,0.021036730475895368,0.6574376981544966
89.60000000000001,4217.581730632558,5051.852286721733,95420.19415696694,48.13713048202172,62.01164259411371,776.9659249104313,0.7532149726119736,-7.608119743910644e-06,0.021046562163557894,0.6574376374960259
89.7,4222.345765524087,5058.302265406371,95498.40699987706,48.130557084534125,62.012080272376636,776.0097884200296,0.7532147536349268,-6.964984696910742e-06,0.02105669613599343,0.6574375638842077
89.80000000000001,4227.107751110778,5064.752248483037,95576.56145051027,48.12401849867461,62.01251795063956,775.0536521061821,0.7532143559034504,-6.029749080308414e-06,0.021077640784204977,0.657437348409386
89.9,4231.869736697467,5071.202231559702,95652.49517090012,48.1174799128151,62.01295562890248,774.0975158908027,0.7532140009326314,-7.327212380350648e-06,0.021095745337155025,0.6574371743931429
90.0,4236.631722284156,5077.652014829139,95728.1792580231,48.1109449075559,62.013393384613494,773.1413797363418,0.7532137291887394,-9.857960090011696e-06,0.021108620201374592,0.6574370724393378
90.10000000000001,4241.393103626506,5084.101706032886,95803.51842055889,48.10441686264682,62.01383149413364,772.1852435818807,0.7532135161566722,-1.2432546269427251e-05,0.021119558441839294,0.6574369651727502
90.2,4246.153885257443,5090.551436400522,95878.02375394283,48.09789637345626,62.01426963683259,771.2291092830328,0.7532133094009354,-1.502010914519258e-05,0.021130586601137515,0.6574368476329713
90.30000000000001,4250.912634995767,5097.001171165638,95952.4892212174,48.09141072345286,62.01470777953154,770.2729751551246,0.753213076141838,-1.7607677453201842e-05,0.021142749272864657,0.657436723778117
90.4,4255.671384734092,5103.450905930752,96026.95468849195,48.08492507344947,62.01514592223049,769.3168411162004,0.7532122864755908,-2.0198401564778183e-05,0.021189625316438525,0.6574361192337901
90.5,4260.430134472415,5109.900441052458,96105.1450764555,48.0784430034042,62.01558414310415,768.3607071323268,0.7532120542595406,-2.280484302972864e-05,0.021201551717566432,0.6574360006896711
90.60000000000001,4265.188284147139,5116.349884183957,96183.0520629348,48.07196789246071,62.016022697783185,767.4045731484532,0.7532119131156154,-2.5453021658429602e-05,0.021209502068755295,0.6574359058606807
90.7,4269.945838990037,5122.799366526483,96258.34417570959,48.065500343151044,62.01646128346229,766.4484409960739,0.7532118020299376,-2.811355619878264e-05,0.02121606735184959,0.6574358211860408
90.80000000000001,4274.674002293147,5129.24885327178,96333.42605164691,48.05906766030383,62.016899869141405,765.4923090124129,0.7532117024207584,-3.077409872128724e-05,0.021221318920716305,0.6574357656932295
90.9,4279.286489290912,5135.698340017075,96408.50792758423,48.05263497745663,62.01733845482052,764.5361771144792,0.7532115987516937,-3.343809318800832e-05,0.0212266460630713,0.6574357123588013
91.0,4283.898976288677,5142.147627276498,96483.58980352154,48.046205874118556,62.0177771157154,763.5800452695814,0.7532114936281438,-3.611918181733098e-05,0.021232079551827685,0.6574356572013494
91.10000000000001,4288.5090797505245,5148.5968226183,96558.67167945886,48.039783729009436,62.018182756728656,762.6239134246837,0.7532114114496254,-3.5888350996915356e-05,0.021237787980712963,0.6574355669841537
91.2,4293.118447552576,5155.04605721766,96633.48589196311,48.033369146332944,62.018470915831394,761.6677831290865,0.753211320149298,-1.2877902597658199e-05,0.02124459305721099,0.6574354525723
91.30000000000001,4297.727316096157,5161.4952962250145,96708.08986780529,48.02698943380217,62.018759122960056,760.7116529762113,0.7532112179020575,1.013260616783977e-05,0.021251398528200273,0.6574353498135199
91.4,4302.3361846397365,5167.944535232369,96782.69384364747,48.020609721271406,62.019047330088725,759.7555229050594,0.7532110282192428,3.3091364971039175e-05,0.0212634385170032,0.6574351770755094
91.5,4306.945053183316,5174.39357490728,96858.56118458687,48.014233587936786,62.019335537217394,758.7993928844659,0.7532108218754486,5.5658065884036394e-05,0.021276503879753973,0.657434989253345
91.60000000000001,4311.55155490539,5180.842522735268,96935.42309498797,48.007864412222716,62.019624019820995,757.8432628638723,0.753210635246367,5.909236312006948e-05,0.0212900396608821,0.6574347645744747
91.7,4316.1573263120645,5187.291509867152,97012.28500538907,48.00150279268643,62.0199125670461,756.8871341860594,0.7532104529391933,6.196176390348874e-05,0.02130379895967502,0.6574345274578762
91.80000000000001,4320.7626028172,5193.740501412234,97089.13231778172,47.995176014455005,62.02020116167507,755.9310056319438,0.7532101951555554,6.483116750631367e-05,0.02132153905748469,0.6574342474216491
91.9,4325.367879322334,5200.189492957315,97165.89861237058,47.98884923622359,62.02048975630404,754.9748771370259,0.7532098611027981,6.768710986934095e-05,0.02134379453639175,0.6574339076977602
92.0,4329.973155827469,5206.638285320638,97242.39767425401,47.98252603682317,62.020778350933,754.0187486787314,0.7532096487921728,7.044118217691331e-05,0.0213584803420206,0.6574336737054859
92.10000000000001,4334.5760822199145,5213.041464595453,97318.6602799082,47.976209794333506,62.02106722262902,753.0626202204368,0.7532092605565144,7.305216641348422e-05,0.021385708170530014,0.6574332330825198
92.2,4339.178283796796,5219.339445383943,97394.05949408896,47.96990110546934,62.02135615890093,752.1064930191422,0.7532086894610878,7.562079750103889e-05,0.02142472648722445,0.6574326166967632
92.30000000000001,4343.779995552576,5225.637443845748,97469.45870826973,47.96362724614151,62.02164514228647,751.1503659336429,0.7532082412890904,7.818944815719288e-05,0.02145532079501149,0.6574321321248214
92.4,4348.381707308357,5231.917264296354,97544.85792245048,47.95735338681369,62.021934125672004,750.194238899025,0.7532077589842324,8.074423559659644e-05,0.021487753862083608,0.6574316251293979
92.5,4352.983419064138,5238.132726147211,97619.92470013692,47.95108310579023,62.022223109057556,749.2381118958851,0.7532073488645238,7.905782501033372e-05,0.02151571780153824,0.6574311806218354
92.60000000000001,4357.582797409704,5244.348187998067,97694.84570513888,47.94481978065376,62.022512371952196,748.2819848927453,0.753207051311692,7.49094925626655e-05,0.0215383042896574,0.6574307824335885
92.7,4362.181456227989,5250.563807776973,97769.76671014083,47.938564010851834,62.02280169956877,747.3258591011943,0.7532068051320322,6.86335830651965e-05,0.02155819872234376,0.6574304130933373
92.80000000000001,4366.779629337847,5256.779446041328,97844.68771514278,47.93234307846656,62.0230910741446,746.3697334212552,0.7532064237298994,6.235764930736495e-05,0.021585598478272114,0.6574299516312545
92.9,4371.377802447705,5262.95362967939,97919.60872014472,47.92612214608129,62.02338044872043,745.4136077884428,0.7532060701794224,5.80062871693568e-05,0.02161100916685269,0.6574295222781923
93.0,4375.975975557562,5269.072275995438,97994.19728882884,47.91990479178359,62.02366982329626,744.4574821847858,0.7532057453212305,5.766012859538411e-05,0.02163463438086123,0.6574291174610429
93.10000000000001,4380.572987528985,5275.190922311485,98068.64008490604,47.91369439295143,62.02395948094846,743.5013565811287,0.7532054450941247,5.7323836125703864e-05,0.02165826062573395,0.6574286835400529
93.2,4385.169589407846,5281.309609552813,98143.08288098325,47.90749155198427,62.02424920351386,742.5452321571964,0.7532052339494013,5.669968973661009e-05,0.021676885603084346,0.6574283116560494
93.30000000000001,4389.765709611233,5287.42830454849,98216.8888272618,47.90132356010168,62.0245389727833,741.5891078419409,0.7532048798802117,5.6070135330952475e-05,0.021703412574579577,0.657427842172351
93.4,4394.361829814618,5293.546999544165,98288.56567583048,47.89515556821909,62.024828742052726,740.6329835715848,0.7532044261713517,5.544057279863661e-05,0.021735743690273302,0.6574272939028759
93.5,4398.957950018004,5299.665694539842,98359.91490064326,47.888992943270026,62.025118511322155,739.6768593290062,0.7532040985641624,5.481101810136576e-05,0.021760353003677225,0.6574268552006794
93.60000000000001,4403.551755366058,5305.784389535518,98431.69480565505,47.88284075113475,62.025408547283234,738.7207350864275,0.7532039382836009,5.419106675074778e-05,0.021776227763091106,0.6574265132482958
93.7,4408.144847866963,5311.903125564413,98506.68538154858,47.87669611907315,62.02569864578611,737.7646118144057,0.7532037854610218,5.3304409082121086e-05,0.021792102228917337,0.6574261623986919
93.80000000000001,4412.7374629416545,5318.021869499957,98581.67595744213,47.870586346280284,62.025988790155424,736.808488631792,0.7532036256540363,5.241271301181465e-05,0.02180753971431365,0.6574258336619657
93.9,4417.330078016346,5324.1406134355,98657.77854609542,47.864476573487416,62.02627893452474,735.8523654906347,0.7532034682994644,6.502737517542646e-05,0.021822524665575986,0.6574255155759612
94.0,4421.922693091038,5330.259357371043,98736.96025329264,47.858370378670195,62.026569078894056,734.896242375125,0.7532033108155244,7.905228492163066e-05,0.021837509658466866,0.6574251968849273
94.10000000000001,4426.513008771029,5336.378101306587,98816.11312086052,47.85227113910098,62.02685948052375,733.9401192596151,0.7532031768395292,9.308655163315746e-05,0.02185249491106719,0.65742485061024
94.2,4431.1026166106185,5342.496886380299,98892.10305358417,47.84617946039145,62.027149943438175,732.9839969785115,0.753203051283424,9.028155149449422e-05,0.021867479373941855,0.6574244966020139
94.30000000000001,4435.6917513457365,5348.615679506837,98966.00143243888,47.84012264457489,62.027440451882285,732.0278747742736,0.753202918065799,8.337534553012313e-05,0.021882060990019218,0.6574241649593859
94.4,4440.280886080854,5354.734472633376,99037.8108667022,47.834065828758334,62.02773096032639,731.07175259579,0.7532027871916335,7.64691188928228e-05,0.021896225384276116,0.6574238441318885
94.5,4444.87002081597,5360.8532657599135,99107.69170069223,47.82801259101299,62.02802146877049,730.1156304332395,0.7532023228674688,6.56577311000839e-05,0.021930591492601754,0.6574232317715096
94.60000000000001,4449.456872439869,5366.972058886452,99178.52311549973,47.821966308701406,62.028312233541875,729.1595082706889,0.7532017839068037,6.430931770317964e-05,0.02197078610139845,0.6574225073284357
94.7,4454.043021451312,5373.090893254225,99254.65870162602,47.81592757834859,62.02860305937565,728.203386885553,0.753201251053007,6.269557738750087e-05,0.022010979507909683,0.6574217734929017
94.80000000000001,4458.628701701259,5379.209735817027,99330.74367546308,47.80992366984693,62.02889393057387,727.2472655720326,0.753200705416889,6.114167746204905e-05,0.02205098290651398,0.6574210582070312
94.9,4463.214381951207,5385.328578379827,99406.07427999903,47.80391976134527,62.029184801772104,726.2911442783986,0.7532001546384676,5.958777453838818e-05,0.022090955675893007,0.6574203474027946
95.0,4467.800062201155,5391.447420942628,99479.52482624911,47.79791943034396,62.02947567297033,725.3350229970674,0.7531996028894168,5.8033868104115615e-05,0.022130928505174202,0.6574196352732353
95.10000000000001,4472.3834758953935,5397.566263505429,99551.81514619585,47.79192605366672,62.029766803542906,724.3789017157361,0.7531990726148404,5.615230170005882e-05,0.022170901284652985,0.6574188961349449
95.2,4476.966192277697,5403.685147409548,99623.49469633798,47.78594022669915,62.03005799543248,723.4227811812897,0.7531986255205153,4.4733522804306974e-05,0.022206276735662486,0.6574182152834356
95.30000000000001,4481.548444245981,5409.804039647876,99695.17424648012,47.779989211212154,62.030349232591306,722.4666607156462,0.7531982773578157,3.358358080583431e-05,0.0222347906202986,0.6574176510738311
95.4,4486.1306962142635,5415.922931886203,99768.68925815957,47.77403819572516,62.03064046975014,721.5105402673045,0.7531980027699332,2.24336096595073e-05,0.02225860630211734,0.6574171602305525
95.5,4490.712948182547,5422.041824124529,99842.17926129067,47.768090757843126,62.030931706908966,720.5544198296667,0.7531977489155147,1.1283604676388184e-05,0.022281170045904044,0.6574166870126336
95.60000000000001,4495.301490317669,5428.160716362856,99915.34761631278,47.762150274488526,62.03122320735539,719.5982993920286,0.7531975357492239,1.3356493902988444e-07,0.022302597252130907,0.6574162047722035
95.7,4499.929994259131,5434.279650040369,99988.42650611982,47.75621734059016,62.03151476923767,718.6421796796371,0.7531971335501882,-1.1028857359886072e-05,0.022335640250860586,0.6574155436744162
95.80000000000001,4504.558038136915,5440.3985921888525,100061.50539592687,47.75031921700382,62.0318063759868,717.6860600340555,0.7531967948857557,-2.1912550740896277e-05,0.02236395277704552,0.6574149688817945
95.9,4509.184279079991,5446.517534337335,100134.5842857339,47.744421093417486,62.03209798273593,716.7299404042907,0.7531964509081225,-3.2796276840330366e-05,0.02239226555067775,0.6574143987678701
96.0,4513.809028625408,5452.636476485818,100207.59636763179,47.738526547568576,62.03238958948505,715.7738207843112,0.7531961073492116,-4.368003560241928e-05,0.022420526161177724,0.6574138285529939
96.10000000000001,4518.4337781708255,5458.7554186343,100280.28680150426,47.732638956504566,62.03268146224888,714.8177011643314,0.7531957847039683,-5.7033352181291726e-05,0.02244878162416981,0.6574132329478625
96.2,4523.058428884117,5464.87440231689,100352.88777018501,47.72675891703438,62.03297339628791,713.8615821460676,0.753195468125098,-7.051632533800221e-05,0.022477029177389012,0.6574126291627056
96.30000000000001,4527.682623885499,5470.993394601976,100425.48873886581,47.72091369773256,62.03326537458552,712.9054631832339,0.753195135247974,-8.37121839099115e-05,0.022505277406042305,0.6574120425729465
96.4,4532.305027485211,5477.112386887062,100498.08970754659,47.715068478430744,62.033557352883136,711.9493442351039,0.7531947969336259,-9.690808439706993e-05,0.02253352588899974,0.6574114607245198
96.5,4536.925949227458,5483.231379172147,100570.62386832916,47.70922683702406,62.033849331180754,710.9932252960706,0.7531944589575174,-0.0001101040263294647,0.02256172485339809,0.6574108787086169
96.60000000000001,4541.546870969705,5489.350371457233,100642.83638114887,47.70325118363953,62.034141557740305,710.0371063570371,0.7531941412192896,-0.00012330052425956687,0.022589918713463646,0.6574102722063571
96.7,4546.167694823936,5495.469405368462,100714.95942879457,47.696471205355394,62.034433843477835,709.0809879137036,0.7531938293263815,-0.00013595884379856606,0.022618104538440355,0.6574096579203432
96.80000000000001,4550.788067319516,5501.5884480079485,100786.49825116004,47.68969993413443,62.0347261732021,708.1248695160341,0.7531935034243612,-0.00012482449810881927,0.022646291126241582,0.6574090631535339
96.9,4555.40665994642,5507.7074906474345,100857.9887085166,47.68292866291347,62.03501850292637,707.1687511221033,0.7531931724366259,-0.00010942358917474958,0.022674477987076655,0.6574084735302269
97.0,4560.023780256016,5513.82653328692,100930.23886483251,47.67617170399491,62.03531083265063,706.2126327304856,0.7531928417049566,-9.402262973712406e-05,0.022702617718686147,0.6574078836710711
97.10000000000001,4564.640900565612,5519.9455759264065,101002.63432151708,47.66944256684553,62.035603406199776,705.2565143388675,0.7531925305150519,-7.862191168375386e-05,0.02273075248266054,0.6574072700286326
97.2,4569.257923931342,5526.064660282139,101074.64148237862,47.662715318134886,62.03589603833975,704.300396399782,0.7531922242620797,-7.363550569689592e-05,0.022758879302643056,0.65740664835537
97.30000000000001,4573.923363062219,5532.183753487935,101146.28660906621,47.65599677695756,62.036188714313774,703.3442785023836,0.7531919009857506,-7.895254747351794e-05,0.022787006808890984,0.6574060437634098
97.4,4578.710788276791,5538.302846693731,101217.93173575381,47.64927823578022,62.03648139028779,702.3881606042,0.753191572312641,-8.426960796378846e-05,0.022815134585291046,0.6574054440980085
97.5,4583.498213491363,5544.421939899527,101289.51005456311,47.6425740062084,62.03677406626181,701.4320427055306,0.7531912440223048,-8.958668665005366e-05,0.02284321735791948,0.6574048443106404
97.60000000000001,4588.2856387059355,5550.541033105324,101360.76672550727,47.635897597051034,62.03706698609612,700.4759248068611,0.7531909349237352,-9.457236187914925e-05,0.02287129533691641,0.6574042215063647
97.7,4593.072967920517,5556.660168115569,101431.93393130465,47.62922307536813,62.03735996444591,699.5198073385604,0.7531906321302337,-8.654112037348311e-05,0.022899365619626737,0.6574035923510853
97.80000000000001,4597.859681689632,5562.779312094946,101503.10113710204,47.62255725677229,62.03765298652319,698.5636899099053,0.7531903124932925,-8.391270147200543e-05,0.022927436603798496,0.657402980504115
97.9,4602.644110540133,5568.898456074324,101574.26834289944,47.61589143817644,62.03794600860047,697.607572478581,0.7531899960845866,-8.150935625807757e-05,0.022955009056443813,0.657402381128593
98.0,4607.428539390632,5574.965858874275,101645.3687408246,47.60923993041803,62.03823903067775,696.6514550456052,0.7531896909980935,-7.912673696285938e-05,0.022981907294986843,0.6574017911827139
98.10000000000001,4612.212968241132,5581.022282444792,101716.14749092518,47.60261624158103,62.03853229816475,695.6953376126294,0.7531894045980524,-7.674658973510399e-05,0.023008802823303733,0.6574011788123222
98.2,4616.997302034967,5587.078745271862,101786.83677589055,47.595994438848194,62.03882562399403,694.739220594909,0.753189123406899,-7.437757403781213e-05,0.0230356910088344,0.6574005596204409
98.30000000000001,4621.781026216149,5593.135212713407,101857.52606085593,47.58938133288395,62.03911899309491,693.783103615442,0.7531888257162611,-7.20091107106726e-05,0.02306257991641302,0.6573999581977829
98.4,4626.562485091283,5599.19168015495,101928.2153458213,47.58276822691971,62.03941236219579,692.8269866323056,0.7531885224029485,-7.160433329749637e-05,0.023089478273638445,0.657399361565201
98.5,4631.343943966415,5605.248147596493,101998.83782292221,47.576169432401464,62.03970573129668,691.870869646899,0.7531882172292659,-7.460488328995571e-05,0.023116454149149285,0.6573987628591054
98.60000000000001,4636.12540284155,5611.304630011656,102069.13865221992,47.56959845798761,62.03999934787495,690.9147526614922,0.7531879303292343,-7.760544636033189e-05,0.02314342754508129,0.6573981421826691
98.7,4640.9067676029945,5617.36115176421,102138.96238706996,47.56302936917438,62.040293022630934,689.9586360512343,0.7531876479512027,-8.785077883094621e-05,0.02317039412028743,0.6573975145163589
98.80000000000001,4645.687528582835,5623.417678242574,102208.01615328586,47.55646897480796,62.040586740139794,689.002519475535,0.7531873500804794,-8.06021005826311e-05,0.023197361462442972,0.6573969056842506
98.9,4650.46604386729,5629.474204720936,102276.19059881406,47.54990858044155,62.04088045764866,688.0464028954647,0.7531870466335193,-7.335339498487565e-05,0.0232243378673268,0.6573963017338784
99.0,4655.244559151745,5635.530731199298,102344.24380500191,47.543362498177274,62.04117417515752,687.09028631269,0.7531867415201481,-6.610466122537701e-05,0.023251388466225237,0.6573956958809726
99.10000000000001,4660.023074436202,5641.587272663967,102412.22380913259,47.53684423729286,62.04146814238912,686.1341697299151,0.7531864542465364,-5.893153753524104e-05,0.023278436870617706,0.6573950684660365
99.2,4664.801496549753,5647.643853545813,102479.72610866277,47.530327861785516,62.04176216784475,685.1780534306051,0.7531861716337569,-5.3317662970310626e-05,0.023305479126208416,0.6573944346125921
99.30000000000001,4669.579320711796,5653.700439261213,102547.21723882735,47.52382017969418,62.04205623579291,684.2219371574078,0.7531858722856761,-4.88066669402842e-05,0.02333252212345231,0.6573938186646824
99.4,4674.354918788189,5659.757024976613,102614.44734431252,47.51731249760284,62.04235030374107,683.2658208749051,0.7531855671152083,-5.129961651892416e-05,0.023359573817548294,0.6573932074251708
99.5,4679.130516864581,5665.813610692013,102681.55621046024,47.51081197209599,62.04264437168922,682.3097045866456,0.7531852602845656,-5.553332499155291e-05,0.023386696632712835,0.6573925942895389
99.60000000000001,4683.906114940975,5671.870211405779,102748.57923512008,47.504325358316,62.042938677776135,681.3535882983857,0.7531849709019761,-5.97751057294202e-05,0.02341381757719378,0.6573919600822541
99.7,4688.681620789139,5677.926851613132,102815.59249625217,47.49842800117261,62.0432330407236,680.3974722390188,0.7531846868213221,-4.5524083904685805e-05,0.023440933143366167,0.6573913203859578
99.80000000000001,4693.456534515352,5683.983496757724,102882.60575738428,47.492958402590936,62.043527445992936,679.4413562007375,0.7531843858613579,-3.1373376472448714e-05,0.02346804945768868,0.65739069856898
99.9,4698.229241765218,5690.040141902316,102949.357993842,47.48748880400926,62.043821851262265,678.4852401484975,0.753184078687425,-4.021086328396497e-05,0.023495174133239514,0.657390081144605
100.0,4703.001949015084,5696.096787046908,103015.98899096463,47.48205889418975,62.0441162565316,677.529124087622,0.7531837698127879,-5.1594499006399835e-05,0.023522367154202736,0.6573894617896365
100.10000000000001,4707.774656264952,5702.153447200919,103082.53414659709,47.4766313207402,62.04441089258659,676.5730080267462,0.7531834778680687,-6.321127445613192e-05,0.023549558615962335,0.6573888217485058
100.2,4712.547272229188,5708.21014692116,103149.06953870156,47.471205632416094,62.04470558461497,675.6168921729878,0.7531831906389855,-6.493482392103605e-05,0.023576745416560182,0.6573881761926579
100.30000000000001,4717.319301900676,5714.266851679496,103215.60493080603,47.465788636347774,62.04500031882771,674.6607763383091,0.7531828870836478,-5.809711790039548e-05,0.023603932989935295,0.6573875489971441
100.4,4722.0891447049335,5720.323556437831,103281.87929823983,47.46037164027946,62.045295053040455,673.7046604879247,0.7531825774899233,-6.166937501954894e-05,0.02363112862651584,0.657386926339702
100.5,4726.858987509191,5726.380261196166,103348.03242634027,47.45499433578268,62.0455897872532,672.7485446278235,0.7531822663770432,-6.524164716301725e-05,0.02365839001867269,0.6573863019111309
100.60000000000001,4731.62883031345,5732.436980974247,103414.09971294757,47.44961936782125,62.0458847505993,671.7924287677222,0.7531819716708725,-7.343748881981315e-05,0.023685650191084092,0.6573856570780487
100.7,4736.3985827746155,5738.493740388521,103480.15723602657,47.44424628487472,62.04617976943498,670.8363131060738,0.7531816809423492,-8.212523426627332e-05,0.02371290647797609,0.6573850065332111
100.80000000000001,4741.16775477174,5744.550504939815,103546.21475910557,47.43888189367432,62.046474830041184,669.8801974627069,0.7531813742119028,-7.920615166876732e-05,0.023740163552346222,0.6573843745489869
100.9,4745.934759507995,5750.607269491108,103612.01125751497,47.433517502473926,62.04676989064739,668.9240818028582,0.7531810621894659,-7.166733700011959e-05,0.02376742842022433,0.6573837477221581
101.0,4750.701764244251,5756.664034042403,103677.68651659151,47.428192807787575,62.04706495125359,667.9679661328128,0.7531807487078561,-6.290421430977078e-05,0.023794756544234626,0.6573831191778001
101.10000000000001,4755.468768980506,5762.720813623485,103743.27593417006,47.42287044992754,62.04736024484396,667.0118504627674,0.7531804515234582,-5.41829252011209e-05,0.02382208382037937,0.657382470734948
101.2,4760.235684044657,5768.7776329093795,103808.85558821974,47.41754997648692,62.04765559395664,666.0557349856788,0.7531801581013957,-4.640012745882091e-05,0.02384940804607952,0.6573818167741152
101.30000000000001,4765.001942756204,5774.834457429775,103874.43524226944,47.41223819204669,62.04795098433045,665.0996195263652,0.7531798476800897,-4.849910167973602e-05,0.023876733030710126,0.6573811803787922
101.4,4769.764989783277,5780.89128195017,103939.75387162947,47.40692640760647,62.048246374704256,664.1435040501211,0.753179531737726,-5.05517660686701e-05,0.02390406551396215,0.6573805488967277
101.5,4774.52803681035,5786.948106470566,104006.46558726925,47.40165432546555,62.04854176507806,663.1873885634025,0.7531792425470935,-4.039656748651143e-05,0.023929919105484154,0.6573799403205949
101.60000000000001,4779.291083837425,5793.0049460324835,104073.22089322293,47.39638458049151,62.04883739093788,662.2312730766835,0.7531789849779716,-2.869115370826608e-05,0.023954912265869297,0.6573793257645881
101.7,4784.054042304454,5799.061825371492,104139.96643564681,47.39111671890141,62.0491330723801,661.2751577152279,0.7531786354828407,-1.7090617072578393e-05,0.02398519045985357,0.6573786225598772
101.80000000000001,4788.816432976261,5805.118710041276,104206.71197807073,47.385857541537185,62.049428794804776,660.3190423653114,0.7531782689434177,-5.559893921009209e-06,0.024015481050602795,0.6573779368296387
101.9,4793.576715195214,5811.1755947110605,104273.45752049463,47.38059836417296,62.04972451722945,659.3629269978511,0.7531778967990174,5.297955063437765e-06,0.02404577195635146,0.6573772559165425
102.0,4798.336997414168,5817.232479380844,104339.40388815232,47.37537889629203,62.05002023965412,658.4068116195373,0.7531775241310327,1.2474067432265624e-05,0.024076062980954147,0.6573765741031409
102.10000000000001,4803.097279633122,5823.289379101818,104404.42949536208,47.370161766000855,62.05031619857124,657.4506962412232,0.7531771671232763,1.793829846295542e-05,0.02410635464233146,0.6573758728978664
102.2,4807.857474348389,5829.346318653989,104469.02660396058,47.364946518492765,62.0506122130297,656.4945809507185,0.7531768126701239,1.2454073543582509e-05,0.02413669480855666,0.6573751658411563
102.30000000000001,4812.6171076215705,5835.403263604109,104532.60343793906,47.35973995243994,62.05090826827067,655.5384656683027,0.7531764412292624,7.070341501069973e-06,0.024167047531778073,0.6573744763381298
102.4,4817.37465204314,5841.460208554229,104594.19487142039,47.35453338638711,62.051204323511634,654.5823503634723,0.7531760642552309,-5.794434345237193e-07,0.024197400577509205,0.6573737917181943
102.5,4822.1321964647095,5847.517153504349,104655.7403357629,47.34936653742363,62.05150037875259,653.626235044775,0.7531756867844588,1.6805026682701823e-06,0.02422775374680074,0.6573731062207512
102.60000000000001,4826.8897408862795,5853.574113515215,104716.8636460838,47.344202026497655,62.05179666914186,652.6701197260774,0.7531753247389812,5.054683022865411e-06,0.024258107552407236,0.6573724016086745
102.7,4831.647198758999,5859.631113430123,104780.6145723602,47.33903939811101,62.05209301480119,651.7140044795026,0.7531749649390526,8.405481285270868e-06,0.024288510411501044,0.6573716911918213
102.80000000000001,4836.404101074675,5865.688118852595,104844.76061908092,47.33388545005569,62.05238940107097,650.7578892395718,0.7531745881691422,1.1755920848824346e-05,0.024318925980665713,0.6573709983237687
102.9,4841.1589341400895,5871.745124275066,104908.64564104755,47.328731502000366,62.05268578734076,649.8017739755343,0.7531742058813229,1.5106376274634864e-05,0.024349341877495163,0.6573703103403505
103.0,4845.913767205504,5877.802129697538,104972.40942364205,47.32361727904988,62.05298217361054,648.8456586965826,0.753173823106333,1.8376997956729855e-05,0.0243797579020355,0.6573696214872682
103.10000000000001,4850.668600270919,5883.859150190872,105036.08736469844,47.318505394608756,62.05327878193843,647.8895434176311,0.7531734481371408,2.15807268292266e-05,0.02441057637371579,0.6573689073241787
103.2,4855.423347869802,5889.91621065889,105099.75554222142,47.31339539260022,62.053575443915015,646.9334282023993,0.7531730577256902,2.4762772017931362e-05,0.024442394289868986,0.6573681722325153
103.30000000000001,4860.177546384502,5895.973276736056,105163.42371974442,47.30829407043089,62.05387214620071,645.9773129930375,0.7531726497724684,2.7174960320415055e-05,0.02447425471582389,0.6573674541322723
103.4,4864.92969525056,5902.03034281322,105226.83087249039,47.30319274826156,62.054168848486405,645.0211977589383,0.7531722358399507,2.6691168233231446e-05,0.024506140951581573,0.6573667404904908
103.5,4869.68184411662,5908.05646301662,105290.11678585362,47.29813115703421,62.0544655507721,644.0650825095352,0.7531718213587613,2.6188346720438148e-05,0.02453802732148923,0.6573660259250295
103.60000000000001,4874.433992982679,5914.025320814845,105353.31685766699,47.29307190465985,62.05476247052313,643.1089672601319,0.7531713062173988,2.5669575970321768e-05,0.02457615562704854,0.6573651918123177
103.7,4879.186057264365,5919.994329205365,105416.50716594559,47.2880145346483,62.055059443024646,642.1528520685035,0.7531707089703034,2.5069437162526082e-05,0.02461884149630465,0.6573642788926652
103.80000000000001,4883.937578011817,5925.963339020408,105479.69747422417,47.282965844154205,62.05535645528617,641.1967368821973,0.7531700943471931,2.4467993847728207e-05,0.024661530029120957,0.6573633830074355
103.9,4888.687068712255,5931.93234883545,105542.62675769853,47.277917153660105,62.0556534675477,640.2406216708796,0.7531694735669827,2.386654808270804e-05,0.02470421891131585,0.6573624913890387
104.0,4893.436559412693,5937.9013586504925,105605.43480177745,47.27290819603313,62.05595047980922,639.2845064440882,0.7531688516301028,2.324697862129595e-05,0.02474690794133304,0.657361598316416
104.10000000000001,4898.186050113131,5943.870428829247,105668.15700429308,47.267901577372456,62.05624770778554,638.3283912172965,0.7531682460410233,2.2612222762953035e-05,0.024789478322054758,0.6573606882136294
104.2,4902.935457097636,5949.839649708136,105732.10115053297,47.2628968410065,62.05654498809436,637.3722760377158,0.7531676425013482,2.1900793667328903e-05,0.02483204773566704,0.6573597730425632
104.30000000000001,4907.684326034271,5955.808872036346,105796.11298298345,47.25790078384402,62.056842307852065,636.416160862484,0.7531670216703088,2.118813453920319e-05,0.024874619876730376,0.6573588748205411
104.4,4912.431184521423,5961.778094364554,105860.12481543391,47.25290472668154,62.057139627609786,635.4600456620873,0.7531665626816614,2.0475476937282985e-05,0.024908246175768846,0.6573581274400533
104.5,4917.1780430085755,5967.747316692764,105924.12992274751,47.24794840571791,62.0574369473675,634.5039304461218,0.7531662322651373,1.974555178326108e-05,0.024934997876508307,0.6573574918311564
104.60000000000001,4921.924901495728,5973.716599419358,105987.6734442334,47.24299442391671,62.05773448204564,633.5478152301563,0.7531659948490277,1.900115621389842e-05,0.024957593312418355,0.6573569063895826
104.7,4926.671677183831,5979.6860329412975,106051.20720218126,47.238042324331424,62.058032068799754,632.5917000112433,0.7531658119347888,1.8184658973792008e-05,0.02497744691174726,0.6573563619131554
104.80000000000001,4931.417920533812,5985.655467932691,106114.74096012913,47.23309890358619,62.058329694771594,631.6355847920587,0.7531656127724051,1.736700332526372e-05,0.02499730906756616,0.6573558351265587
104.9,4936.162173031767,5991.624902924086,106178.26158619043,47.22815548284095,62.05862732074343,630.6794695467302,0.7531654087138008,1.6549343142913434e-05,0.02501716471506584,0.6573553135958605
105.0,4940.906425529722,5997.59433791548,106240.77047384063,47.223251803399336,62.05892494671527,629.7233542852273,0.753165204583149,1.5715213733313296e-05,0.02503702012555445,0.6573547915558903
105.10000000000001,4945.650678027678,6003.563833338784,106302.84205903005,47.21835046342066,62.059222787139106,628.7672390237243,0.7531650153939736,1.4867283672676056e-05,0.025056876146859072,0.6573542517724522
105.2,4950.3948486592935,6009.533479649553,106364.87459006002,47.21345100468847,62.059520679437604,627.8111237407041,0.753164794198833,1.3951669348695247e-05,0.02507857704167114,0.6573536776791815
105.30000000000001,4955.138492735503,6015.5031274493995,106426.90712108999,47.20856022032632,62.059818610750156,626.8550084557016,0.7531645094423708,1.303496585153174e-05,0.025102786827119732,0.6573530798893656
105.4,4959.880165557097,6021.472775249245,106488.93965211995,47.20366943596416,62.0601165420627,625.8988931418803,0.7531642194340085,1.199759866725544e-05,0.025127002210369002,0.6573524870116021
105.5,4964.621838378691,6027.442423049092,106550.97050186498,47.198818400290484,62.06041447337525,624.9427778102299,0.7531638809831231,8.665996839249091e-06,0.025153762348426218,0.6573518514061244
105.60000000000001,4969.363511200286,6033.4121313138585,106612.56404906198,47.19396970451447,62.06071261878574,623.9866624785793,0.7531634312691241,5.3245427180446545e-06,0.025187154727407873,0.6573510880855878
105.7,4974.105103093391,6039.3819905572145,106674.11854209188,47.18912288957758,62.0610108158892,623.0305471173938,0.7531629828690718,1.919689305113555e-06,0.02522059385152564,0.6573503197518457
105.80000000000001,4978.8461742375,6045.3518513099125,106735.67303512178,47.184284747132374,62.061309051812934,622.0744317534873,0.7531625175207437,-1.486196624450658e-06,0.025254052750188133,0.6573495683571241
105.9,4983.585293724394,6051.32171206261,106797.22752815165,47.179446604687165,62.06160728773668,621.118316359894,0.7531620465215186,-4.892100545009918e-06,0.025287517074496935,0.6573488215063539
106.0,4988.324413211289,6057.291572815307,106858.78033989626,47.17464821726888,62.06190552366042,620.1622009479346,0.7531615748883999,-8.298181391896401e-06,0.025320981554481446,0.657348073653436
106.10000000000001,4993.063532698184,6063.26149406554,106919.42919351316,47.16985217012139,62.062203972387664,619.2060855359751,0.753161117478277,-1.1713160079291024e-05,0.025354446690201822,0.6573473077564923
106.2,4997.802572196092,6069.231566384434,106979.73476355794,47.16505800363278,62.06250247226838,618.2499700900012,0.7531607315502357,-1.518734422679434e-05,0.02538428525280914,0.6573465982891085
106.30000000000001,5002.54109675904,6075.201640232747,107040.04033360271,47.16027250880484,62.062801010429126,617.2938546408938,0.7531603336115675,-1.8662495685361892e-05,0.025413895806523534,0.6573459100243637
106.4,5007.277689262193,6081.17171408106,107100.34590364748,47.1554870139769,62.063099548589875,616.3377391618355,0.7531599303108087,-2.213766672103424e-05,0.025443506714556523,0.6573452265364127
106.5,5012.014281765346,6087.141787929372,107160.65147369224,47.150741280442595,62.063398086750624,615.381623664248,0.7531597252199076,-2.5613006890053507e-05,0.025462767589623552,0.6573447155924537
106.60000000000001,5016.7508742684995,6093.111922307595,107220.60961084439,47.14599788754798,62.06369682653348,614.4255081666602,0.753159542070459,-2.909635485497809e-05,0.025481653361744083,0.6573441934660795
106.7,5021.487387722688,6099.0822078438105,107280.43715094945,47.1412563752125,62.06399561600231,613.4693926317809,0.7531593624794488,-3.263515036799924e-05,0.025500488164350386,0.6573436686755847
106.80000000000001,5026.223392058343,6105.052494929238,107341.34271259025,47.13652353407771,62.064294443382636,612.5132770934663,0.7531591669205167,-3.6174856142030916e-05,0.025519324286501256,0.6573431615700686
106.9,5030.9574839316765,6111.022782014664,107401.47052153312,47.13179069294292,62.064593270762956,611.5571615251398,0.7531589664055888,-3.971458438506235e-05,0.025538160728954346,0.6573426595712462
107.0,5035.69157580501,6116.99306910009,107464.2428188293,47.127097619624934,62.06489209814328,610.6010459382462,0.7531587658348671,-4.325446337134793e-05,0.025556997287748937,0.657342157072544
107.10000000000001,5040.425667678344,6122.963416747634,107528.32121239218,47.122406887330634,62.0651911229138,609.6449303513524,0.7531585799491097,-4.680154700839e-05,0.025575834463450173,0.6573416371645371
107.2,5045.159681442881,6128.933915641984,107591.40128268459,47.11771803552235,62.06549019672024,608.688814720449,0.7531583973267096,-5.040070478836864e-05,0.025594631599361196,0.6573411145130998
107.30000000000001,5049.893191905871,6134.904416105075,107652.38632390801,47.11303785457762,62.06578930817126,607.7326990854913,0.7531581988247257,-5.273370280642906e-05,0.025613430487052762,0.6573406095327874
107.4,5054.624809502373,6140.874916568165,107713.03850927042,47.10835767363288,62.06608841962229,606.7765834205302,0.7531579954840553,-5.272877170730149e-05,0.0256322297006905,0.6573401097291168
107.5,5059.356427098875,6146.845417031256,107770.67304067909,47.10371726143596,62.06638753107332,605.8204677370072,0.7531577921073893,-5.249440826816185e-05,0.025651029033505784,0.6573396094423203
107.60000000000001,5064.088044695378,6152.815978088545,107828.12893500211,47.09907919031753,62.06668683800262,604.8643520534839,0.753157603424754,-5.114895493844453e-05,0.025669828987539844,0.6573390918445485
107.7,5068.819585123282,6158.786690481024,107885.34499937312,47.09444299962598,62.06698619359093,603.9082362933461,0.7531574177368405,-4.985240558686823e-05,0.025688599114234986,0.6573385714365619
107.80000000000001,5073.550628066564,6164.757404461548,107942.50148334583,47.08981547952532,62.06728558659121,602.9521205261502,0.7531572161801765,-4.856272478099843e-05,0.025707371399334097,0.6573380685865725
107.9,5078.279797736569,6170.728118442069,108000.689397112,47.08518795942467,62.067584979591494,601.9960047285235,0.7531570097142235,-4.7274944501365196e-05,0.025726144009306975,0.6573375708095659
108.0,5083.008967406574,6176.698832422591,108059.42812308721,47.08060020643418,62.06788437259178,601.0398889120702,0.7531564434954711,-4.598713384743301e-05,0.02576344900832361,0.6573367585961036
108.10000000000001,5087.73813707658,6182.66960702927,108117.82348224935,47.07601479442579,62.06818395993474,600.0837730956167,0.7531556383250284,-4.469930183394991e-05,0.02581375113834113,0.6573357077729455
108.2,5092.467230518179,6188.640533059132,108176.17978720268,47.071431262793254,62.06848359565145,599.1276571908073,0.7531548336034278,-4.3457377508085936e-05,0.02586406603398278,0.6573346520756678
108.30000000000001,5097.195832292051,6194.61146069613,108234.53609215602,47.06685640151631,62.06878326855931,598.1715412778584,0.7531540132139475,-4.505259900114904e-05,0.025914287823605987,0.6573336139560976
108.4,5101.92258038591,6200.582388333129,108292.83027179747,47.06228154023936,62.069082941467165,597.2154253327366,0.7531531872168654,-4.736361691365673e-05,0.025964461978305115,0.6573325802483414
108.5,5106.649328479768,6206.553315970125,108351.09093567867,47.057746448742144,62.06938261437503,596.2593093677104,0.7531523595383368,-4.967464631437247e-05,0.026014636326889128,0.6573315446188818
108.60000000000001,5111.376076573627,6212.524304265094,108409.00823266586,47.05321369838419,62.06968248075091,595.3031934026842,0.7531515448279748,-5.1985688199121115e-05,0.026064811376013308,0.6573304902624372
108.7,5116.102749379254,6218.495444068353,108466.88647543504,47.04868282835727,62.069982395185384,594.3470773445318,0.7531507305017799,-5.4339689723316556e-05,0.02611499935808224,0.657329431107691
108.80000000000001,5120.8289363339745,6224.466585492205,108524.47216367164,47.04416062847936,62.07028234651243,593.3909612778004,0.7531499006086294,-5.668895368401766e-05,0.026165098229045076,0.6573283894935913
108.9,5125.553289202018,6230.437726916057,108580.70074011554,47.03963842860145,62.07058229783948,592.4348451784042,0.7531490651315845,-5.9038230064731364e-05,0.026215151427242102,0.6573273522694414
109.0,5130.277642070061,6236.408868339907,108636.79525349017,47.03515600257191,62.07088224916653,591.4787290587994,0.7531482279905821,-6.121923635352507e-05,0.026265204824260344,0.6573263131370832
109.10000000000001,5135.001994938105,6242.38007044271,108692.80392512094,47.03067591792113,62.071182393175434,590.5226129391946,0.7531474045517665,-4.659430117082668e-05,0.026315258956669668,0.6573252558604092
109.2,5139.726273187271,6248.351424115851,108748.80283319489,47.02619771312538,62.07148258479574,589.5664967240341,0.7531465812937038,-3.196922977459116e-05,0.026365326158418443,0.6573241937127636
109.30000000000001,5144.450070153622,6254.32277943167,108804.80174126886,47.02172817628373,62.07178281281958,588.6103805000707,0.7531457853661783,-1.733875365335586e-05,0.026413144284700995,0.657323186487078
109.4,5149.172052626722,6260.294134747489,108860.55214798942,47.01725863944208,62.07208304084342,587.6542642433686,0.7531451838665885,-2.7540635997788928e-06,0.026450887126046246,0.6573223581936208
109.5,5153.894035099822,6266.265490063308,108916.61264909034,47.01282888093873,62.07238326886725,586.6981479664122,0.7531445813560197,1.1752425009478937e-05,0.026488630154069097,0.6573215285600399
109.60000000000001,5158.616017572923,6272.236906091975,108977.65599372712,47.00840146407844,62.072683688817214,585.7420316894556,0.753143992554294,2.625899942639925e-05,0.026526373887064674,0.6573206807017762
109.7,5163.337926536676,6278.208473784426,109038.3816735782,47.00397592665524,62.072984156060215,584.78591531531,0.7531434039337205,4.0765719704647034e-05,0.026564169009499226,0.6573198280701105
109.80000000000001,5168.059360815345,6284.180043140084,109099.10735342927,46.99955905525898,62.073284659386765,583.8297989322111,0.7531427988816733,5.5277753529279e-05,0.026601955053138428,0.6573189921373033
109.9,5172.779000194302,6290.1516124957425,109159.83303328035,46.99514218386272,62.07358516271333,582.8736825164402,0.7531422756687176,6.956335421400922e-05,0.026635375980646022,0.6573182368593273
110.0,5177.498639573259,6296.123181851399,109218.58946366489,46.99076509538227,62.07388566603988,581.9175660804564,0.753141767030004,7.204457213447652e-05,0.02666806805345239,0.6573174938420545
110.10000000000001,5182.218278952218,6302.0948119495715,109276.45087302543,46.98639034881436,62.0741863556755,580.9614496444723,0.7531412726436394,7.452580701447877e-05,0.026700757427231138,0.6573167329677797
110.2,5186.937845875952,6308.066593793361,109334.19625281397,46.98201748148824,62.074487091808784,580.0053331099493,0.7531407787996856,7.700729278924084e-05,0.026733498503759463,0.6573159677328928
110.30000000000001,5191.656944456866,6314.038377318417,109391.94163260251,46.977653279288624,62.074787863762175,579.0492165663488,0.7531402686957749,7.644681220354766e-05,0.02676625263290042,0.6573152193162217
110.4,5196.374267731739,6320.010160843472,109449.68701239105,46.97328907708901,62.07508863571557,578.0930999901909,0.7531397532674993,7.486274019949263e-05,0.026799007161270316,0.6573144754673448
110.5,5201.091591006611,6325.9819443685265,109507.43239217959,46.96896466235271,62.07538940766896,577.1369833938909,0.7531392372548974,7.327865802612094e-05,0.026831761751925597,0.657313730648187
110.60000000000001,5205.808914281485,6331.953788660548,109564.57188760507,46.964642589796654,62.075690359339646,576.1808667975906,0.7531387355417044,7.169456710384944e-05,0.026864514303346895,0.6573129678910777
110.7,5210.526166054206,6337.925784767909,109620.41655873308,46.960322396419954,62.075991356622644,575.2247500838878,0.7531382343104671,7.011069702668248e-05,0.026897319040386173,0.6573122008092057
110.80000000000001,5215.242955360429,6343.897782576496,109676.20705056495,46.956010867881865,62.0762923894813,574.2686333593696,0.7531377166560975,6.855448883508024e-05,0.02693013694333691,0.657311450360128
110.9,5219.957988954303,6349.869780385081,109731.99754239681,46.95169933934377,62.076593422339954,573.3125166024075,0.7531371936169801,6.711530124214605e-05,0.026962955248029878,0.6573107044089335
111.0,5224.673022548177,6355.841778193667,109789.18804990273,46.947427602741826,62.076894455198605,572.3563998253735,0.7531366700790417,6.386045175126693e-05,0.026995773649962963,0.6573099575612218
111.10000000000001,5229.388056142051,6361.813836796026,109849.66682310816,46.94315820858341,62.07719566486207,571.4002830483394,0.7531361609482009,5.920603870727331e-05,0.027028590632245234,0.6573091927360251
111.2,5234.103019314238,6367.786047287576,109907.13653668406,46.93889069358657,62.077496919650116,570.444166144106,0.7531356522228475,5.455713730005075e-05,0.027061460354744757,0.6573084236017772
111.30000000000001,5238.817526483416,6373.758259496458,109961.8846019922,46.93463184334629,62.07779820977578,569.4880492281549,0.7531351270834291,4.9927982610190546e-05,0.02709434337898132,0.6573076710468893
111.4,5243.530297530849,6379.7304717053385,110022.6820563978,46.93037299310601,62.078099499901455,568.5319322790971,0.7531345967892911,3.7945753274555216e-05,0.02712722681770814,0.6573069231678094
111.5,5248.243068578281,6385.702683914219,110083.32232507422,46.926153934489854,62.078400790027125,567.5758153095576,0.7531340658410949,2.3658677012757354e-05,0.027160110378437373,0.6573061742553157
111.60000000000001,5252.955839625713,6391.674956939208,110142.495047402,46.92193721829886,62.07870225527213,566.6196983400177,0.7531335491468379,9.40139251802854e-06,0.027192993094633997,0.657305407088407
111.7,5257.6685411321105,6397.647381915932,110201.66776972979,46.9177223812572,62.079003765212825,565.6635812480301,0.7531330326630512,-4.835237107253131e-06,0.02722592908113379,0.6573046355184519
111.80000000000001,5262.380792177659,6403.619808625694,110259.68118895401,46.91351620891562,62.079305310156016,564.7074641447623,0.7531324996629428,-1.9067123897377186e-05,0.02725887849549932,0.6573038803560038
111.9,5267.091326692146,6409.5922353354545,110314.79208490274,46.90931003657405,62.07960685509921,563.7513470084223,0.7531320162407056,-3.329910893622213e-05,0.027289150046077845,0.6573031776084316
112.0,5271.801861206633,6415.564662045215,110369.69485751915,46.90514365300114,62.0799084000424,562.7952298516218,0.7531315462336036,-4.7531192685290943e-05,0.027318740260617265,0.6573024861044877
112.10000000000001,5276.51239572112,6421.537149593076,110424.59763013555,46.900979611685315,62.08021011882867,561.8391126948212,0.7531310907643042,-6.173430124623063e-05,0.027348327068109943,0.6573017764464211
112.2,5281.222861561552,6427.509789154717,110482.21704257654,46.89681744950768,62.0805118818506,560.8829954171409,0.753130617354756,-7.591732062979277e-05,0.02737885238525948,0.6573010466152253
112.30000000000001,5285.932882420277,6433.482430465866,110544.09829293688,46.89266395197878,62.080813679439096,559.9268781283251,0.7531299078993255,-9.009569141654043e-05,0.02742002384274569,0.657300141490007
112.4,5290.641206338733,6439.455071777013,110605.58012251802,46.888510454449886,62.0811154770276,558.9707608064814,0.7531291924920688,-0.00010427415335227905,0.027461195731182334,0.6572992402796151
112.5,5295.34953025719,6445.42771308816,110666.39556620097,46.884396744998696,62.0814172746161,558.0146434642046,0.753128552121573,-0.00011845271777566727,0.027498689541273713,0.6572984040918776
112.60000000000001,5300.057854175647,6451.400415265755,110726.4959845971,46.88028537776392,62.08171924490746,557.0585261219277,0.7531279584938095,-0.0001326031475728129,0.02753461266587707,0.6572975777048717
112.7,5304.7661103354185,6457.373269535038,110783.48350358642,46.87617588965569,62.08202125908098,556.1024086579357,0.7531273645045844,-0.00013961068656925522,0.02757064226101648,0.6572967465525371
112.80000000000001,5309.473927215745,6463.346125570451,110836.78384295851,46.8720750661426,62.08232330750909,555.146291182731,0.7531267553728458,-0.00013406239599217238,0.02760668554734207,0.6572959328049534
112.9,5314.180066746722,6469.318981605861,110889.63495612613,46.86797424262951,62.082625355937196,554.190173674567,0.7531261407329137,-0.00012851252735945383,0.027642729262376913,0.657295123326048
113.0,5318.886206277699,6475.291837641271,110942.3128012284,46.86391320950714,62.0829274043653,553.2340561460121,0.7531255253171695,-0.00012296229976533853,0.0276787731941234,0.6572943127020638
113.10000000000001,5323.592345808676,6481.26475457121,110994.93490971171,46.85985451873733,62.083229624400445,552.277938617457,0.753124924069609,-0.00011741203665449427,0.027714830577257224,0.6572934832520656
113.2,5328.298418512464,6487.237823669953,111047.557018195,46.855797707084854,62.08353188799972,551.3218209655971,0.7531243218019478,-0.0001118616850388961,0.027750992988460194,0.6572926485101399
113.30000000000001,5333.004057713438,6493.2108945511545,111100.17912667831,46.85174955998496,62.0838341855829,550.365703302378,0.7531237124499601,-0.00010630681695654458,0.027786721977929366,0.6572918381709693
113.4,5337.708039156112,6499.183965432355,111152.55225438786,46.847701412885066,62.08413648316609,549.4095856062828,0.7531232004885146,-0.0001007506652734986,0.027817545145362606,0.6572911218914537
113.5,5342.412020598786,6505.157036313555,111208.83188598554,46.84369305934486,62.084438780749274,548.4534678898482,0.7531226877251987,-9.519421102401941e-05,0.027848382347126326,0.6572904044425746
113.60000000000001,5347.11600204146,6511.130168116406,111267.41392598863,46.83968704834376,62.08474124885701,547.4973501734133,0.7531221897775083,-8.963771850014253e-05,0.02787922031967848,0.6572896684903673
113.7,5351.819917593668,6517.10345216266,111324.84020279476,46.83568291601557,62.0850437602225,546.5412323293959,0.7531216921097472,-8.408113631534937e-05,0.027910112719907218,0.6572889284113007
113.80000000000001,5356.523405443807,6523.076738007407,111378.68335988939,46.83168744619076,62.085346305315035,545.5851144736254,0.7531213179559809,-7.852015065402682e-05,0.027934384384969972,0.6572883267211315
113.9,5361.2252551268375,6529.0500238521545,111431.78934894479,46.82769197636595,62.085648850407566,544.6289965850725,0.7531210192929805,-7.295812607511106e-05,0.0279548382115288,0.6572877999756128
114.0,5365.927104809869,6535.023309696901,111484.71672949525,46.82373630303383,62.0859513955001,543.6728786762384,0.7531207199341922,-6.739584815624265e-05,0.02797532002724813,0.6572872721519694
114.10000000000001,5370.6289544928995,6540.9966564896995,111537.3448681328,46.81978297241348,62.086254107410355,542.716760767404,0.7531204359255816,-6.183352750777481e-05,0.027995802575652224,0.6572867260229904
114.2,5375.330707217451,6546.970155598604,111589.97300677035,46.81583245951129,62.08655686199521,541.7606427178464,0.7531201534385222,-5.627111425062502e-05,0.028016299098175768,0.6572861768690559
114.30000000000001,5380.031890467834,6552.943656521802,111642.6011454079,46.81189493902146,62.08685965005481,540.8045246553252,0.7531198553668673,-5.070437723468213e-05,0.02803679971823295,0.6572856447107411
114.4,5384.731455142452,6558.917157445,111695.22928404543,46.807957418531615,62.08716243811441,539.8484065600102,0.7531195496363524,-4.513682132740095e-05,0.028057434208240185,0.6572851149264339
114.5,5389.431019817071,6564.890658368197,111748.58453652322,46.804044889842245,62.08746522617401,538.892288444407,0.7531189663046073,-3.956904479917035e-05,0.028091177801570322,0.6572843423939833
114.60000000000001,5394.13058449169,6570.864220267796,111803.69894668327,46.80014040420059,62.08776817474579,537.9361703288037,0.7531181566898194,-3.400121746019721e-05,0.028136299608156386,0.6572833403886073
114.7,5398.830086092249,6576.837934560961,111857.47480025447,46.79624605203223,62.0880711650975,536.9800520676264,0.7531173465069791,-2.8433305285436254e-05,0.028181475887718025,0.6572823335512858
114.80000000000001,5403.529175940213,6582.811650684025,111910.3394460627,46.79236925555532,62.08837418862577,536.0239337930387,0.7531165155577696,-2.286117601382873e-05,0.028226842325984748,0.6572813391872573
114.9,5408.226666803633,6588.7853668070875,111962.24183308467,46.78851733307095,62.08867721215403,535.0678154850115,0.7531156785366672,-1.728843939433441e-05,0.028272209236484856,0.6572803485790929
115.0,5412.924157667052,6594.759082930151,112013.9458208729,46.784665410586584,62.08898023568229,534.1116971562964,0.7531148401683357,-1.1715546388413376e-05,0.028317576402953844,0.6572793563224324
115.10000000000001,5417.621648530472,6600.73286005743,112065.34462725566,46.78081348810221,62.08928341674965,533.1555788275812,0.7531140161950933,-6.142615879761732e-06,0.02836294441802195,0.6572783443539769
115.2,5422.319108169924,6606.706789654333,112116.19475746076,46.776962504801794,62.08958663895937,532.1994603512653,0.7531133195872781,-2.069826897598314e-06,0.02840835155550047,0.6572771815739878
115.30000000000001,5427.016363870371,6612.680721096564,112166.653533166,46.77311750996076,62.0898898939146,531.2433418613523,0.7531125000782839,-1.5983874420928695e-06,0.028453851579784657,0.6572761524302839
115.4,5431.712826607994,6618.654652538795,112216.82071254295,46.76931300479896,62.09019314886984,530.2872233379036,0.7531113234374752,-1.126847154981482e-06,0.028496732008541262,0.6572756429184166
115.5,5436.409289345618,6624.628583981025,112266.87794591406,46.76550849963714,62.09049640382507,529.3311047937077,0.7531102640111408,-6.552839255514717e-07,0.02853409829007857,0.6572752357083085
115.60000000000001,5441.105752083242,6630.60257645375,112318.75367131949,46.76170399447534,62.09079981445599,528.3749862495117,0.7531092040880903,-1.837177248695489e-07,0.028571464788454782,0.657274826931331
115.7,5445.802152790345,6636.57672146825,112372.76028959037,46.757901367683054,62.09110326579431,527.4188675566878,0.7531081454431325,2.880327890804932e-07,0.028608896867926593,0.6572744117087802
115.80000000000001,5450.49814820255,6642.550868343347,112425.94402649814,46.75410905991015,62.091406749560406,526.4627488501721,0.7531070751652409,7.75649028275368e-07,0.028646389303153663,0.6572740050506689
115.9,5455.192566395725,6648.5250152184435,112477.77743529191,46.75035724191475,62.091710233326516,525.5066301102119,0.753105999285296,1.2633249404675098e-06,0.02868388216361865,0.657273602651836
116.0,5459.886984588902,6654.499162093541,112529.53229293968,46.74660542391936,62.09201371709261,524.5505113495608,0.753104922338638,1.751015750565369e-06,0.028721375223400944,0.657273199325459
116.10000000000001,5464.581402782079,6660.473370024158,112580.98196902941,46.74285360592397,62.09231735504067,523.5943925889097,0.753103844881296,2.2387096761907012e-06,0.02875886850357752,0.6572727944334763
116.2,5469.27575981435,6666.447730565528,112632.43164511911,46.73910366629802,62.092621033328655,522.6382736789925,0.7531027686257917,2.7265828219402677e-06,0.028796427509380426,0.6572723831437237
116.30000000000001,5473.969716933161,6672.422092982607,112683.88132120884,46.73536404545952,62.092924743764435,521.6821547553247,0.7531016807461578,6.2233454252566265e-06,0.028834046640278253,0.6572719803649997
116.4,5478.662114971179,6678.396455399684,112734.55326403532,46.731664908742175,62.09322845420021,520.7260357983698,0.7531005872365913,1.2022330790647005e-05,0.028871666200133733,0.6572715818063282
116.5,5483.354513009197,6684.370817816762,112785.12036439823,46.72796577202483,62.09353216463598,519.7699168208212,0.7530994926277851,1.782005842279647e-05,0.0289092859620226,0.657271182291894
116.60000000000001,5488.046911047215,6690.345241313451,112835.30137918801,46.72426663530749,62.09383602787885,518.8137978432726,0.7530981476272274,2.361682458935555e-05,0.028958354871202994,0.6572705631365501
116.7,5492.739248840323,6696.319817485546,112885.87328381056,46.72056937696156,62.094139931116295,517.8576787160038,0.753096788474682,2.9413624170819936e-05,0.029008154023330183,0.6572699242503933
116.80000000000001,5497.431192388427,6702.294395543997,112939.95312031085,46.71688243738637,62.0944438662342,516.9015595749424,0.7530954171959316,3.521045841804817e-05,0.029057999932377187,0.6572692933635643
116.9,5502.121595961405,6708.268973602446,112993.82094245276,46.713235981302574,62.094747801352106,515.9454404007766,0.7530940431955739,4.100731540385603e-05,0.02910767751264398,0.6572686692149284
117.0,5506.811999534382,6714.243551660896,113047.38170227148,46.70958952521878,62.09505173647001,514.9893212061305,0.7530927216480159,4.680277889924233e-05,0.02915488231694716,0.6572680908483
117.10000000000001,5511.50240310736,6720.218190822296,113097.76910895611,46.70594306913499,62.09535582305843,514.0332020114843,0.7530913989319121,5.259718773149705e-05,0.02920208736026583,0.6572675103655399
117.2,5516.192747366885,6726.192982724941,113146.88559903784,46.702298491426745,62.09565994930295,513.0770826659731,0.7530900781132172,5.839163205281681e-05,0.029249293009735007,0.6572669242372361
117.30000000000001,5520.882703145546,6732.167776531419,113195.94356051704,46.69866423254934,62.095964107164335,512.1209633065641,0.7530887462782455,6.418611338007399e-05,0.029296504624807592,0.657266347020728
117.4,5525.571138377294,6738.142570337895,113245.00152199624,46.6950704581668,62.096268265025714,511.16484391424564,0.7530874085775235,6.998059058423865e-05,0.029343700523704403,0.6572657737812627
117.5,5530.2595736090425,6744.370698425918,113294.03058230941,46.69147668378425,62.09657242288709,510.2087245015672,0.7530860693686114,7.482444340292508e-05,0.029390889855867127,0.6572651992291375
117.60000000000001,5534.948008840792,6750.62662174479,113342.66934184082,46.68788290940171,62.09687673089218,509.2526050888887,0.7530847290443416,7.881588033806863e-05,0.029438079432946743,0.6572646226198143
117.7,5539.636385695701,6756.88254592349,113391.24906196514,46.684291013400916,62.097181078231706,508.2964855188286,0.753083390589929,8.280734255638111e-05,0.02948526962502154,0.6572640404248966
117.80000000000001,5544.324379865797,6763.13847202231,113440.42960503843,46.680709436321216,62.09748545694579,507.3403659342703,0.7530820411386013,8.679883197907352e-05,0.02953246573643834,0.657263467148454
117.9,5549.010873024795,6769.394398121129,113489.72575034696,46.67716834524195,62.097789835659874,506.38424631700474,0.7530806857703223,9.07903466521887e-05,0.029579649232703696,0.6572628978027621
118.0,5553.697366183792,6775.650323052808,113538.9756945134,46.673627254162696,62.09809421437396,505.4281266795044,0.753079365720671,9.438927348052166e-05,0.0296251764973312,0.657262359285787
118.10000000000001,5558.38385934279,6781.90624659299,113589.98254573418,46.67008616308343,62.098398741904674,504.47200704200384,0.7530781941600625,9.775240845555533e-05,0.029664017586544147,0.6572619492909286
118.2,5563.070294793338,6788.162170999427,113641.65549746594,46.666546950391904,62.09870330834957,503.5158872434207,0.7530770249907431,0.00010111282842701807,0.02970285928864233,0.6572615342140193
118.30000000000001,5567.756352121075,6794.418097340331,113693.26006250674,46.66301805671581,62.09900790579396,502.5597674299984,0.7530758450645463,0.00010447327430945428,0.029741720711646765,0.657261128254794
118.4,5572.4409280094815,6800.674023681233,113744.86462754755,46.65952965067062,62.09931250323836,501.6036475835785,0.7530746592782899,0.00010783374362414284,0.02978059114154805,0.6572607262845024
118.5,5577.125503897888,6806.9299488965735,113796.42299143232,46.656041244625435,62.09961710068274,500.64752771674426,0.753073472362368,0.00011119251286997986,0.029819460643619632,0.6572603233325699
118.60000000000001,5581.810079786296,6813.185872769985,113847.93187015566,46.65255283858024,62.09992184347186,499.69140784990987,0.7530722848196372,0.00011454991794362797,0.029858330384977014,0.6572599187699408
118.7,5586.494599074088,6819.4417975167735,113899.12668044855,46.64906631067225,62.100226624545755,498.73528782108247,0.7530710996405108,0.00011790479384115942,0.029897200747442204,0.6572595091530883
118.80000000000001,5591.178746828254,6825.69772421394,113950.25310403352,46.645590100691216,62.100531436270806,497.7791677773321,0.7530699042467658,0.0001151824870456325,0.02993609062006774,0.6572591091260347
118.9,5595.861432726934,6831.953650911107,114001.37952761847,46.64215437997064,62.10083624799586,496.82304770064485,0.7530687029821347,0.00011236415143362302,0.029974990113872006,0.657258713088519
119.0,5600.544118625614,6838.209576523799,114051.98746454214,46.63871865925005,62.101141059720916,495.86692760358073,0.7530675005823666,0.00010954534731427881,0.030013888953902154,0.6572583160647777
119.10000000000001,5605.2268045242945,6844.465500843553,114102.25238272069,46.63528293852948,62.10144601160081,494.9108075065165,0.7530662976246706,0.00010581250602564106,0.030052788039796503,0.657257917500139
119.2,5609.909434925228,6850.721426042427,114152.43878377223,46.631277488677206,62.1017510009897,493.95468724795927,0.7530650970393417,0.00010155316081175628,0.030091687756486577,0.6572575139441531
119.30000000000001,5614.591700359094,6856.977353204501,114202.60808814257,46.62726609117029,62.10205602073129,492.9985669745251,0.7530639341682092,9.729379557047799e-05,0.03012847215806272,0.6572571618129674
119.4,5619.272523524999,6863.233280366574,114252.7773925129,46.62329518451038,62.10236104047289,492.0424466683427,0.7530627851089188,9.303440308433868e-05,0.03016440480565269,0.6572568308593825
119.5,5623.953346690904,6869.489206484816,114302.76189214834,46.61933011829923,62.10266606021449,491.08632634190013,0.7530616348589236,8.877440178656283e-05,0.0302003462568549,0.6572564988713894
119.60000000000001,5628.634169856809,6875.745131358576,114352.25326277211,46.615369746035235,62.102971217395186,490.1302060154574,0.7530604841321219,8.451336248039197e-05,0.030236287946645055,0.6572561654236447
119.7,5633.314938395765,6882.001057117046,114401.06655000133,46.611409373771245,62.10327641158568,489.1740855281575,0.7530593331966484,8.024344608807091e-05,0.030272230158170623,0.6572558301967807
119.80000000000001,5637.995347464192,6888.2569848512,114448.79666160613,46.60745065952856,62.103581635847135,488.2179650260393,0.7530581686857393,7.597350121001216e-05,0.030308191445472102,0.6572555076490517
119.9,5642.674333852876,6894.512912585353,114495.08982975718,46.60353243766231,62.10388686010858,487.2618444914062,0.7530569978665889,7.17035258348066e-05,0.03034418751122865,0.6572551887258467
120.0,5647.353320241559,6900.768839315889,114541.32071355172,46.59962005621548,62.10419208437003,486.3057239366574,0.7530558509835196,6.74329669469799e-05,0.03037909486549766,0.6572548906987572
120.10000000000001,5652.032306630244,6907.024764849885,114587.50211214046,46.59571236869223,62.104497444176985,485.3496033819084,0.7530547280556154,6.316141872835047e-05,0.030412938843230593,0.6572546125472504
120.2,5656.711239336028,6913.280691274444,114633.68351072917,46.59180468116898,62.104802840586466,484.3934826669648,0.7530536076335098,5.888157802092909e-05,0.03044678516160482,0.6572543296444984
120.30000000000001,5661.389818405594,6919.536619687754,114679.8649093179,46.58789865172711,62.10510826679078,483.4373619372638,0.7530522104367661,5.460168812321957e-05,0.03049223871792026,0.6572538236883263
120.4,5666.066994383736,6925.792548101063,114725.71929286238,46.58403311612866,62.10541369299509,482.48124117529846,0.75305064641836,5.032175886165035e-05,0.03054467403071941,0.6572531812665255
120.5,5670.744170361877,6932.048475550546,114777.20511269588,46.580173420946856,62.10571911919941,481.52512039337233,0.7530490803036078,4.604126855958822e-05,0.030597109591235783,0.6572525370196406
120.60000000000001,5675.421346340019,6938.304401850929,114828.57335578869,46.5763184196864,62.10602467932671,480.56899961144603,0.7530475125999472,4.175983352856014e-05,0.030649545419689218,0.6572518903652657
120.7,5680.098469574212,6944.5603290477675,114879.63962935215,46.57246341842595,62.106330275679625,479.61287866997634,0.753046398561487,3.747066691530278e-05,0.030682428198240224,0.6572516327932422
120.80000000000001,5684.775244982984,6950.81625824652,114930.22536416912,46.56861007522666,62.10663590155314,478.65675771380927,0.7530453093502089,3.3181470537770585e-05,0.030713806795413724,0.6572514153935101
120.9,5689.450636888686,6957.072187445273,114977.54025992312,46.56479722537704,62.10694152742666,477.700636725636,0.7530442148477036,2.8892241273578553e-05,0.030745185745443927,0.6572512025117354
121.0,5694.126028794387,6963.328115719568,115024.24014186673,46.560990215950326,62.10724715330018,476.7445157176617,0.7530432269271542,3.0146037241761177e-05,0.03077193222708638,0.6572510826597143
121.10000000000001,5698.80142070009,6969.5840428917,115070.05075672951,46.55718790044999,62.10755291156116,475.78839470968734,0.7530422428420641,3.2219202750315293e-05,0.03079851087281291,0.6572509651459888
121.2,5703.476785621546,6975.839970966152,115115.71218505515,46.55338558494965,62.1078587056806,474.8322735400403,0.7530412612865925,3.429368619776426e-05,0.03082510244480488,0.6572508430448061
121.30000000000001,5708.15188714135,6982.09590105561,115161.14020764986,46.54958492730022,62.10816452904706,473.8761523554998,0.7530402699800475,3.636890661362431e-05,0.030851696301932897,0.6572507309246399
121.4,5712.825567592957,6988.351831145067,115206.56823024456,46.545824757865255,62.108470352413526,472.9200311392158,0.7530391075117072,3.8444135662685045e-05,0.030885425799699488,0.6572504785492295
121.5,5717.499111051277,6994.607760348774,115251.94656565298,46.54207042886262,62.10877617577999,471.9639099032933,0.7530378867877304,4.051888235698143e-05,0.030921617738665114,0.6572501753342583
121.60000000000001,5722.172602661209,7000.8636884964635,115297.27900552143,46.53832079379393,62.10908213002352,471.00778866737073,0.7530366655621058,4.2592998257232446e-05,0.030957809929980675,0.6572498706803074
121.7,5726.84609427114,7007.119617550572,115342.46225881208,46.53457115872525,62.1093881196767,470.05166726774166,0.7530354466572972,4.466839861239346e-05,0.030994002780651807,0.6572495613342103
121.80000000000001,5731.519484219069,7013.375548628843,115387.41210630826,46.530823181465074,62.109694138189774,469.0955458530318,0.753034217176145,4.6744517203088745e-05,0.03103021417765451,0.6572492612281503
121.9,5736.191529840832,7019.631479707113,115432.3619538044,46.5271156913843,62.11000015670285,468.1394244067504,0.7530329814002438,4.882065188526772e-05,0.03106645886783627,0.6572489647564438
122.0,5740.863384919998,7025.887409937683,115476.67545221056,46.523414041746456,62.11030617521593,467.1833029409369,0.7530317444311011,5.0896326328080784e-05,0.031102711902873687,0.657248667249241
122.10000000000001,5745.535148288716,7032.143339157603,115520.71029273013,46.51971708605109,62.11061232309969,466.2271814751233,0.7530305069528072,5.2971395199225285e-05,0.031138965193807794,0.6572483683046224
122.2,5750.206911657433,7038.399269290695,115564.70783659513,46.51602013035571,62.11091850598866,465.27105984565594,0.753029271759334,5.504771570760736e-05,0.031175219152149554,0.6572480647017317
122.30000000000001,5754.8785748454975,7044.655201463028,115608.64702899574,46.51232483248225,62.11122471740955,464.31493820111257,0.753028026003369,5.712473666905482e-05,0.031211491446810683,0.6572477703209797
122.4,5759.548913295984,7050.911133635361,115652.87028496437,46.50867002211528,62.111530928830454,463.35881652503423,0.7530267739546523,5.920177398714939e-05,0.031247796702892454,0.6572474795720509
122.5,5764.219064527831,7057.167064997491,115700.03582666734,46.505021052202366,62.111837140251346,462.4026948294464,0.7530255207097315,6.127837062078327e-05,0.03128411023445711,0.6572471877852634
122.60000000000001,5768.889125649091,7063.422995393677,115746.39233660557,46.501376776240875,62.11214347953288,461.44657313385835,0.7530242669481764,6.335438716019207e-05,0.031320424025473324,0.6572468945626506
122.7,5773.559186770351,7069.678926709309,115791.46811463303,46.49773250027938,62.112449853439706,460.49045127538506,0.753023018141992,6.543162818964195e-05,0.0313567386046393,0.6572465936093601
122.80000000000001,5778.229149192312,7075.934860078196,115836.26814542607,46.49408988217053,62.112756255584024,459.53432940190646,0.7530217617857109,6.750955517993277e-05,0.03139307151589446,0.6572462984151393
122.9,5782.897806465387,7082.190793447082,115882.13721371227,46.49048775231881,62.11306265772834,458.5782074971008,0.7530204992006823,6.829522030550787e-05,0.03142943713643684,0.6572460069111146
123.0,5787.566279999766,7088.446726042775,115928.0887197685,46.486891462820836,62.11336905987265,457.62208557291416,0.7530192355016903,6.747410653663249e-05,0.031465810976694,0.6572457144411622
123.10000000000001,5792.2346650985,7094.702657716647,115974.04022582475,46.483299867193665,62.11367558836042,456.6659636487274,0.7530179920962059,6.66507022633594e-05,0.03150130847762383,0.6572454387070934
123.2,5796.903050197233,7100.958590315498,116019.93843695431,46.47970827156649,62.11361502887234,455.7098415626817,0.7530167757571768,6.582759026413429e-05,0.03153576380766415,0.6572451800477971
123.30000000000001,5801.571338078032,7107.21452497996,116065.79430675738,46.476118333827195,62.11342116039132,454.7537194617253,0.753015548436101,6.500463725985905e-05,0.031570259309141986,0.657244930231515
123.4,5806.238340398738,7113.470459644421,116111.53408296093,46.47256888520576,62.11322729191029,453.797597329708,0.7530143372792606,6.418167990331285e-05,0.03160384851309153,0.6572447036619995
123.5,5810.905162512349,7119.726393572242,116157.00721702672,46.46902527690162,62.11303342342928,452.84147517847464,0.7530131385226944,6.335703408524368e-05,0.03163688185765033,0.6572444879224265
123.60000000000001,5815.571897890115,7125.982326621824,116202.48035109251,46.46548636243898,62.112839585836056,451.885353027241,0.7530119393449828,6.400889487967964e-05,0.03166991545416597,0.6572442708475252
123.7,5820.23863326788,7132.238260602539,116247.90019021604,46.46194744797634,62.11264583376708,450.9292307152797,0.7530107393923982,7.154032742632719e-05,0.03170295304744935,0.6572440520915853
123.80000000000001,5824.9052729090845,7138.49419666261,116293.27768800069,46.45841019144246,62.11245219239666,449.9731083885118,0.7530095256491449,7.904833377138261e-05,0.03173602191818448,0.6572438458790005
123.9,5829.570646579095,7144.750132722681,116338.53909215458,46.454913425024465,62.11225855102624,449.01698603097003,0.7530083062394562,8.65068094045784e-05,0.03176910183100087,0.6572436438793522
124.0,5834.235843590728,7151.0060680822235,116383.53385409895,46.450385179224966,62.112064909655814,448.06086365438966,0.753007113642137,9.396534982293058e-05,0.03180102685990221,0.6572434652893147
124.10000000000001,5838.900955574556,7157.26200260658,116428.52861604335,46.4453857715142,62.111871298029385,447.1047412778091,0.7530061410126635,0.00010142398184076929,0.031823769197423184,0.6572434777344403
124.2,5843.566067558381,7163.517938067022,116473.47008302998,46.44038636380343,62.11167777097792,446.14861874168497,0.7530051707877449,0.00010888296596132432,0.031846526016380605,0.6572434858498841
124.30000000000001,5848.231085286979,7169.773875617882,116518.36920866548,46.43538737058488,62.11148435351145,445.1924961908634,0.7530041897452429,0.00011358856976979235,0.03186934261584188,0.6572435030679125
124.4,5852.894856632759,7176.029813168741,116563.15224063923,46.43039850014028,62.11129093604498,444.236373609563,0.7530028310325485,0.00011772366400811468,0.03190766172118878,0.6572431998290985
124.5,5857.558454874322,7182.28575005475,116607.66863033237,46.42543299095616,62.11109751857851,443.2802510094066,0.7530011447667541,0.00012185873835826107,0.03195953397790279,0.6572426106989117
124.60000000000001,5862.221969798739,7188.5416861481035,116652.1850200255,46.420486257131074,62.110904130209704,442.32412840925,0.7529995007774335,0.0001259938493050232,0.032009588976248456,0.6572420575161466
124.7,5866.885484723157,7194.797623182359,116696.64811474552,46.415539523305995,62.110710825520755,441.36800565076896,0.7529982615016664,0.000130130175864246,0.0320429440614549,0.6572418512066011
124.80000000000001,5871.548906873647,7201.053562317776,116741.06886810219,46.410593203981655,62.110517629304645,440.41188287770285,0.7529971141747782,0.00013426156782571447,0.032072079820388004,0.6572417437399135
124.9,5876.211102229307,7207.309501453194,116785.37352776634,46.40565700763948,62.11032443308853,439.455760074457,0.7529959615620999,0.0001383812374678457,0.032101218659993,0.6572416408615214
125.0,5880.873128036789,7213.565439959001,116829.41154507917,46.40074417258744,62.11013123687242,438.4996372525399,0.7529948082862523,0.0001425009428217917,0.03213035772519585,0.6572415374121469
125.10000000000001,5885.535072238692,7219.821377714173,116873.44956239201,46.39585011291825,62.10993806927257,437.54351443062274,0.7529936548164303,0.00014662068396866009,0.03215949703596271,0.6572414328532273
125.2,5890.197016440593,7226.0773164152715,116917.43428471641,46.39095605324905,62.109744984309415,436.5873914503431,0.7529925014851424,0.00015074155335984205,0.032188732447755886,0.6572413221089638
125.30000000000001,5894.858869349858,7232.333257228762,116961.37666566527,46.38606240824986,62.1095520064839,435.63126845547487,0.752991336097925,0.00015485756951178503,0.03221805727174835,0.6572412194668175
125.4,5899.519515052112,7238.589198042251,117005.20295289102,46.381178890366456,62.10935902865839,434.67514543072815,0.7529901654096531,0.0001589620961969126,0.03224738516071093,0.6572411214141215
125.5,5904.179994762851,7244.845138260938,117048.76259769508,46.376318733807494,62.109166050832876,433.7190223874968,0.7529886154533656,0.00016306657684196706,0.03229227082252103,0.6572406923281912
125.60000000000001,5908.840394579875,7251.10107777049,117092.32224249915,46.37132462287588,62.10897310119638,432.7628993442653,0.7529870372316113,0.00016717108317122322,0.03233827210032713,0.657240237639597
125.7,5913.5007943968985,7257.357018231021,117135.82859229956,46.365898337988305,62.1087802331418,431.8067761423032,0.7529854607332599,0.0001692722186834523,0.032384274136095056,0.657239778208771
125.80000000000001,5918.161104402572,7263.612960815227,117179.29260071232,46.36047205310072,62.10858747086623,430.85065292571863,0.752983873465718,0.00017044104756430866,0.032430281594117684,0.6572393278602089
125.9,5922.82022678902,7269.8689033994315,117222.64051537153,46.35504576821315,62.108394708590666,429.8945296795589,0.7529822785162268,0.00017160988620847594,0.03247635190376696,0.6572388799801645
126.0,5927.479186740813,7276.124845423007,117265.72178753921,46.349646152159416,62.108201946315106,428.9384064151021,0.7529806808004871,0.00017277864747760387,0.03252246951701046,0.6572384296929762
126.10000000000001,5932.138068510852,7282.380786778188,117308.80305970687,46.34427253860465,62.10800921181912,427.9822831506451,0.7529790819284947,0.00017394596606379317,0.03256858744055018,0.6572379774731898
126.2,5936.796950280888,7288.636729089362,117351.83103685576,46.33889892504988,62.10781655796836,427.02615972799646,0.7529776096522711,0.00017511436696492178,0.03260961508399909,0.6572376295537132
126.30000000000001,5941.455743720866,7294.892673535408,117394.81667260498,46.33352531149511,62.107624008694465,426.070036290775,0.7529761756544131,0.00017628337052705384,0.03264866653360859,0.6572373333846798
126.4,5946.11336912943,7301.148617981454,117437.68621457048,46.32815169794034,62.10743145942057,425.1139128241149,0.7529747353534287,0.00017745238483116762,0.0326877434108149,0.657237040846599
126.5,5950.770835660253,7307.404561900443,117480.28911397517,46.3228047532479,62.10723891014667,424.1577893392422,0.7529733091717848,0.00017479324045963635,0.032726221668582876,0.6572367606407249
126.60000000000001,5955.428225721305,7313.660505191062,117522.89201337987,46.31748381106628,62.10704638827075,423.2016658543693,0.7529719422642471,0.00017028425812197574,0.03276228239009452,0.657236531256952
126.7,5960.085615782358,7319.916449441186,117565.44161775075,46.31216286888466,62.106853946144945,422.2455422125088,0.7529705772776883,0.00016484199907741356,0.03279835338416069,0.6572362973820813
126.80000000000001,5964.742918994644,7326.172395834019,117607.94888071006,46.30684192670304,62.10666160744579,421.2894185561863,0.7529692020447468,0.00015765825780670039,0.03283444145087531,0.6572360727855554
126.9,5969.399073763387,7332.410168946274,117650.34004985575,46.30152098452142,62.10646926874662,420.33329487067965,0.752967821019352,0.0001504744553416671,0.032870540037373094,0.6572358522360592
127.0,5974.055073211304,7338.5394878104435,117692.464576372,46.296226710922916,62.10627693004746,419.37717116711787,0.7529664389604889,0.00014329028939913684,0.032906638891836565,0.6572356307930173
127.10000000000001,5978.710997901439,7344.66880652737,117734.58910288826,46.29095843960947,62.10608461834518,418.4210474635559,0.7529650560164218,0.00013610402412307147,0.032942750372949935,0.6572354076674102
127.2,5983.366922591573,7350.798129105389,117776.66033435584,46.28569016829602,62.10589238550849,417.46492360478277,0.7529636748428298,0.00012892379228067843,0.032978871998755585,0.6572351799375372
127.30000000000001,5988.02276191424,7356.927460305765,117818.6892244,46.28042189698258,62.10570025496531,416.50879973171146,0.7529622834017633,0.00012011694442863069,0.033015010541669824,0.6572349613534385
127.4,5992.6774723813005,7363.05679150614,117860.60202060099,46.27515362566913,62.105508124422144,415.55267582975455,0.7529608862177577,0.00011062057732103169,0.03305115950804387,0.6572347468328424
127.5,5997.332031084443,7369.186122591154,117902.24817410455,46.26991202282258,62.10531599387897,414.59655190992726,0.7529594879681718,0.00010112405632053834,0.03308730874473047,0.6572345313909372
127.60000000000001,6001.986516741783,7375.315453538636,117943.89432760813,46.264696422169436,62.10512388992504,413.6404279900998,0.7529580888004312,9.16381461004154e-05,0.03312347043162403,0.657234314243419
127.7,6006.641002399124,7381.44478836862,117985.48718604827,46.25948082151629,62.104931863955535,412.6843039165573,0.7529566913649637,8.217588667826247e-05,0.033159642133118734,0.6572340924734915
127.80000000000001,6011.2954041703015,7387.574131868776,118027.0377030533,46.25426522086315,62.104739939151855,411.72817982885437,0.7529552835385895,7.271354655035752e-05,0.03319583063156201,0.657233879629423
127.9,6015.948696673885,7393.703475368932,118068.47212618584,46.249049620209995,62.104548014348175,410.7720557125799,0.752953914699329,7.240950747699782e-05,0.03323022285141086,0.6572337098666383
128.0,6020.601840970439,7399.832818761755,118109.63990655368,46.24386068800605,62.104356089544495,409.8159315786294,0.7529525455586503,7.630999142712829e-05,0.033264581912815526,0.6572335398499527
128.1,6025.254913933167,7405.962162026615,118150.8076869215,46.23869775798397,62.104164193121925,408.85980744467884,0.7529511751462994,7.328196733957707e-05,0.03329898935765787,0.6572333678255532
128.20000000000002,6029.907986895893,7412.091509192793,118191.92217221134,46.23353482796188,62.10397237403856,407.9036831584925,0.7529498059964373,6.889066342020962e-05,0.033333434195394765,0.6572331907844774
128.3,6034.560977453767,7418.220865071153,118232.99431605444,46.228371897939795,62.10378065499486,406.9475588582825,0.7529484270979873,6.1156381914335e-05,0.03336788427475741,0.6572330231277111
128.4,6039.212878332136,7424.350220949513,118273.95036599603,46.22320896791771,62.10358893595115,405.99143452982076,0.7529470594992336,5.342203186283713e-05,0.03340167055860249,0.657232874361469
128.5,6043.864634560371,7430.479576728456,118314.63977310635,46.218072706359784,62.103397216907446,405.0353101838808,0.7529456932952732,4.568736126230591e-05,0.03343536532716001,0.6572327268222459
128.6,6048.516321166756,7436.608932388871,118355.1327503975,46.21296244699863,62.10320552513065,404.0791858379409,0.7529443041360719,3.521029377628404e-05,0.033469954699685375,0.6572325583548663
128.70000000000002,6053.168007773141,7442.738291971457,118395.59475004146,46.207852187637464,62.10301390973774,403.1230613413164,0.7529426907450373,2.3548734137010605e-05,0.0335135029133887,0.6572321880595583
128.8,6057.8196134559885,7448.867660312791,118436.0567496854,46.20274192827631,62.10282239325852,402.166936830811,0.7529413144361781,1.1893864744295187e-05,0.03354726720263672,0.6572320425366457
128.9,6062.470149047496,7454.997028654124,118476.40265539919,46.19763166891516,62.102630876779294,401.2108122923765,0.7529399701451192,2.388880377121404e-07,0.033579552118087,0.657231933975639
129.0,6067.120543545719,7461.126396903845,118516.43571678265,46.19254807804323,62.10243936030007,400.25468773666324,0.7529386248342294,-4.030865372119936e-06,0.03361184368239237,0.657231824534359
129.1,6071.770870134043,7467.255765044342,118556.41929270791,46.18749048939026,62.1022478697429,399.29856318095005,0.7529373316352873,7.308883996306405e-06,0.03364206625161716,0.6572317596973196
129.20000000000002,6076.42119672237,7473.3851371237415,118596.40286863317,46.18243290073728,62.10205645443827,398.342438476137,0.7529360470630939,5.760944827849132e-06,0.03367204112546548,0.6572316963189304
129.3,6081.071443868481,7479.514517999252,118636.38644455845,46.17737531208431,62.10186513671752,397.38631375758905,0.7529346568318396,4.210852785698816e-06,0.03370580122894775,0.6572315584992121
129.4,6085.72064051151,7485.643898874763,118676.2539265251,46.172317723431334,62.101673818996765,396.43018901143597,0.7529332584937438,2.6545997363275793e-06,0.033739670719162465,0.6572314226105663
129.5,6090.369699617988,7491.773279666354,118715.80856408397,46.167286803266485,62.10148250127601,395.4740642482047,0.7529318592416168,1.0981156735295425e-06,0.03377354182001351,0.657231285934174
129.6,6095.018692526467,7497.902660357894,118755.3137161716,46.162281885280784,62.101291208949725,394.5179394849734,0.7529295605095712,-4.6204347788055336e-07,0.033807512824653524,0.657232172818146
129.70000000000002,6099.667685434947,7504.032045004945,118794.81886825923,46.15727696729509,62.10109999086231,393.5618145736009,0.7529272004167837,-2.022222272349852e-06,0.03384152403472479,0.657233126158034
129.8,6104.316600382505,7510.161438485195,118834.32402034686,46.152272049309396,62.10090886906994,392.6056896485818,0.7529248284250261,-3.584484603110434e-06,0.03387553692527839,0.6572340912691006
129.9,6108.964484414838,7516.290831965444,118873.71307844768,46.147267131323694,62.10071774727757,391.64956469628277,0.7529224460872421,-5.152700347262924e-06,0.03390955076629671,0.6572350664094861
130.0,6113.612234467285,7522.420225369357,118912.7892920639,46.14228888181954,62.1005266254852,390.6934397271066,0.7529200780721701,-6.721138483332263e-06,0.03394296971306007,0.6572360540914365
130.1,6118.259920033598,7528.5496186822575,118951.81602019595,46.13733663444146,62.100335518453946,389.73731475793045,0.7529177108062042,-8.29301508227804e-06,0.03397634254498791,0.6572370415860906
130.20000000000002,6122.907605599914,7534.679015967922,118990.84274832801,46.13238438706338,62.100144489047445,388.78118964118266,0.7529153488633473,-9.864911903356248e-06,0.0340097248883572,0.6572380207821864
130.3,6127.555177187579,7540.808422125314,119029.86947646007,46.12743213968531,62.099953559989956,387.8250645108408,0.7529129750864042,-8.665094185031391e-06,0.034043108918016415,0.6572390117808375
130.4,6132.201241580053,7546.937828282706,119068.78011057738,46.12247989230724,62.09976264254798,386.8689393534512,0.7529105909857156,-8.87209602443107e-06,0.034076493899114546,0.6572400128312106
130.5,6136.84717554928,7553.067234371231,119107.37790013403,46.117554313422886,62.09957173143839,385.91281417932834,0.7529082058601416,-9.080108335334626e-06,0.03410988509967256,0.6572410130268055
130.6,6141.493046744227,7559.196640377653,119145.9262041937,46.1126547366524,62.09938082032879,384.9566890052054,0.7529058199892517,-9.28943891130305e-06,0.03414328843876639,0.6572420117389076
130.70000000000002,6146.138917939175,7565.326050374056,119184.47450825338,46.10775515988192,62.09918997901074,384.00056368487355,0.752903439438835,-9.49877226245156e-06,0.03417670120943564,0.6572430021577916
130.8,6150.784715617234,7571.455469280635,119223.02281231305,46.102855583111435,62.098999231650374,383.04443835107315,0.7529010470451932,-9.709185041936383e-06,0.03421011567554244,0.6572440043465207
130.9,6155.429541145675,7577.584888187214,119261.45502233038,46.09795600634096,62.09880849963235,382.0883129905498,0.7528986443356946,-9.92341586286958e-06,0.03424353110017215,0.6572450165933483
131.0,6160.074239807503,7583.71430703225,119299.57438771175,46.093083098074764,62.098617778442694,381.13218761349407,0.7528962405964637,-9.583128529645653e-06,0.03427695298516583,0.6572460279818573
131.1,6164.718877406898,7589.843725803913,119337.64426758347,46.08823619192734,62.09842705725305,380.17606223643827,0.7528938361206202,-7.216711187973151e-06,0.03431038690602282,0.6572470379011645
131.20000000000002,6169.363515006295,7595.973148582546,119375.71414745522,46.0833892857799,62.09823640500776,379.21993671480675,0.7528914369524294,-6.312075882932575e-06,0.034343830173929765,0.6572480395199729
131.3,6174.008080570106,7602.102580309292,119413.78402732694,46.078542379632474,62.09804584557961,378.2638111798572,0.7528890259529561,-5.434293285899006e-06,0.03437727514713698,0.6572490528890365
131.4,6178.651693572303,7608.232012036037,119451.73781312902,46.07369547348504,62.09785530120537,377.30768561849976,0.7528866046358904,-4.914412661941589e-06,0.034410721085327965,0.6572500763104382
131.5,6183.295183264453,7614.361443708423,119489.37875422068,46.068875235617085,62.097664767455925,376.35156004080477,0.7528841822745463,-4.84782128877474e-06,0.0344441737106861,0.6572510988615193
131.6,6187.938613605991,7620.490875316,119527.18007639189,46.06408099969001,62.09747423370648,375.3954344631098,0.7528817591607383,-4.781099062196206e-06,0.03447763826185169,0.6572521199357656
131.70000000000002,6192.582043947531,7626.620310947328,119566.06600203225,46.059286763762934,62.09728376805673,374.4393087425685,0.7528793413671313,-4.724037493429271e-06,0.034511112072370766,0.657253132715095
131.8,6197.22540373479,7632.74975556425,119604.64142107971,46.05449252783586,62.097093394086976,373.4831830088685,0.7528769117626327,-4.696728026604341e-06,0.03454458759817207,0.657254157218023
131.9,6201.867830548452,7638.879200181172,119643.21684012715,46.04969829190879,62.0969030348697,372.5270572490755,0.7528744718443855,-4.6694182691624895e-06,0.034578064095472975,0.6572551917684969
132.0,6206.510137608476,7645.008644750788,119681.70422374363,46.044930724203525,62.09671268606448,371.57093147313975,0.7528718761459564,-4.641922705657916e-06,0.03461747773699565,0.6572560903651247
132.1,6211.15238702963,7651.138089264007,119720.05610820609,46.040189158396444,62.09652233725925,370.6148056972041,0.752869133334721,-4.614285507875144e-06,0.03466249280923286,0.6572568597152746
132.20000000000002,6215.794636450785,7657.267537817509,119758.24985826579,46.03544759258936,62.09633205570967,369.6586797801892,0.7528664840824908,-4.595987321935709e-06,0.03470411833822832,0.6572576977826213
132.3,6220.436851088585,7663.39699539352,119796.13310167975,46.03070602678227,62.09614186470375,368.7025538501782,0.7528639348672423,-4.606448624363411e-06,0.034741458190971616,0.6572586451601516
132.4,6225.078605769153,7669.5264529695305,119834.01634509371,46.02596446097518,62.09595168814478,367.7464278944563,0.7528613751320262,-4.6169101330146935e-06,0.034778799054087525,0.6572596024017859
132.5,6229.720244252435,7675.655910505173,119871.89958850769,46.02124956338682,62.095761521782244,366.790301922828,0.7528588143078221,-4.627175435817896e-06,0.03481614035860435,0.6572605587346159
132.6,6234.361826808566,7681.7853679926875,119909.77307558412,46.01656066769674,62.0955713554197,365.83417595119965,0.7528562514997997,-4.637291462464367e-06,0.03485353225695991,0.6572615125240325
132.70000000000002,6239.003409364697,7687.914829536662,119947.48842823278,46.01187177200665,62.09538125546868,364.87804984027684,0.7528536927142427,-4.6564306301830594e-06,0.03489097545172,0.6572624568441999
132.8,6243.622997908506,7694.044300139273,119984.89327418376,46.00718287631657,62.09519124492494,363.92192371652243,0.7528511219613311,-4.7033565756547966e-06,0.034928420416398515,0.6572634126335185
132.9,6248.2290004041915,7700.173770741882,120022.29812013473,46.00249398062649,62.09500124852119,362.9657975673741,0.7528485406807818,-4.7502832119165585e-06,0.03496586639936747,0.6572643782825855
133.0,6252.835002899877,7706.303241310947,120059.70296608571,45.99783175316991,62.09481126209724,362.0096714025156,0.752845958304689,-4.797004004378315e-06,0.0350033128285588,0.6572653430178023
133.1,6257.440591714257,7712.432711840015,120097.09805569673,45.993195527625694,62.09462127567328,361.05354523765715,0.7528433739532207,-4.843568301972314e-06,0.035040808827584084,0.657266305227934
133.20000000000002,6262.046143008522,7718.562186441307,120134.33501084681,45.98855930208148,62.0944313548015,360.097418935299,0.7528407936391357,-4.898846731577012e-06,0.03507835514212677,0.6572672579775448
133.3,6266.651626766061,7724.691670136434,120171.26145924808,45.98392307653726,62.09424152218011,359.1412926202746,0.7528382126808892,-4.980959417439026e-06,0.03511547608903481,0.6572682320344372
133.4,6271.256217452573,7730.821153831561,120208.18790764934,45.97928685099305,62.094051703408375,358.18516628016954,0.7528356665671451,-5.063073579782e-06,0.03515088621603531,0.6572692555695838
133.5,6275.860808139086,7736.950637499851,120245.11435605062,45.97467729370277,62.093861894411496,357.22903992454803,0.7528331194693978,-5.1449734204903055e-06,0.035186296776379314,0.6572702782894335
133.6,6280.4649899733695,7743.080121136143,120282.03104810965,45.970093738343216,62.09367208541462,356.27291356892647,0.7528305707129198,-5.226710432393814e-06,0.03522174873538905,0.6572712987714905
133.70000000000002,6285.069134725528,7749.2096088600465,120318.7896056762,45.965510182983664,62.09348234097329,355.31678707760585,0.7528280240414965,-5.316946212782569e-06,0.03525723251595533,0.6572723132346454
133.8,6289.673213385725,7755.339105712143,120355.23765644361,45.960926627624104,62.09329268344062,354.3606605737848,0.7528254644733062,-5.4333519968574035e-06,0.03529272149597243,0.6572733402629664
133.9,6294.276418079736,7761.4686025642395,120391.68570721103,45.95634307226455,62.09310303937605,353.4045340452121,0.7528228966557002,-9.012943127416473e-06,0.03532821381116971,0.6572743745945068
134.0,6298.879622773747,7767.598099396096,120428.13375797844,45.9517861851642,62.09291340481703,352.44840750132647,0.7528203346904234,-1.679471627111033e-05,0.03536370688551359,0.6572754001404981
134.1,6303.482423444601,7773.72759620382,120464.57205240164,45.947255299977485,62.09272377025801,351.49228095744087,0.752817771475629,-2.457591447555823e-05,0.03539924059469936,0.6572764229088176
134.20000000000002,6308.08518747132,7779.857097114198,120500.85221230316,45.94272441479078,62.09253419935705,350.5361542796508,0.7528152072214244,-3.23592540750617e-05,0.035434805383738326,0.657277443167236
134.3,6312.687886875225,7785.986607186361,120536.82186535608,45.938193529604064,62.09234471415647,349.58002758952574,0.7528126247804351,-4.0148969173939916e-05,0.03547037510851639,0.6572784819609672
134.4,6317.289731740228,7792.116117258524,120572.791518409,45.933662644417346,62.09215524207041,348.62390087498443,0.7528100318075105,-4.793879142646911e-05,0.03550594805352924,0.6572795306143858
134.5,6321.89157660523,7798.24562731693,120608.76117146191,45.929158427485596,62.09196577924038,347.6677741453378,0.752807448913103,-5.572779678160579e-05,0.03554152196316872,0.6572805656429377
134.6,6326.493022276146,7804.375137358937,120644.72106816836,45.924680212429294,62.091776316410346,346.7116474156912,0.7528048660161072,-5.385370279210145e-05,0.03557711853136759,0.6572815982813263
134.70000000000002,6331.094431740914,7810.504651518309,120680.52283032212,45.92020199737298,62.091586916373714,345.7555205537154,0.7528022822660867,-4.95211226614905e-05,0.03561274375318906,0.6572826285891018
134.8,6335.695778060146,7816.634174872333,120716.01408557862,45.915723782316675,62.09135580667972,344.79939367954984,0.7527996800095575,-4.519449918503799e-05,0.035648387618092435,0.6572836771099639
134.9,6340.296289375232,7822.763698226357,120751.50534083511,45.91124556726036,62.09095597226044,343.84326678130753,0.7527970663024706,-4.086781667487803e-05,0.03568406992858849,0.6572847346847082
135.0,6344.896800690317,7828.893221573083,120786.9965960916,45.90679402046719,62.090556137841155,342.8871398681699,0.7527944624803832,-3.654107493030923e-05,0.035719761888490624,0.6572857784360244
135.1,6349.496917640389,7835.022744911111,120822.47809499984,45.902368475538694,62.09015630493578,341.9310129550323,0.7527919396078288,-3.270810838012433e-05,0.03575245708891225,0.6572868904852494
135.20000000000002,6354.096998822299,7841.152272380912,120857.80145932842,45.89794293061019,62.08975654966998,340.9748859108131,0.7527894625316652,-3.0069025837332182e-05,0.03578345174559691,0.6572880409518423
135.3,6358.69701833866,7847.281809077533,120892.81431671188,45.8935173856817,62.089356877790955,340.0187588545189,0.7527869676851394,-2.742699492069835e-05,0.03581444786423155,0.6572892102076169
135.4,6363.296222421448,7853.411345774152,120927.82717409534,45.889091840753196,62.08895720591194,339.06263177439115,0.7527844612185859,-2.4782950792431428e-05,0.035845497711149255,0.6572903883577552
135.5,6367.895426504236,7859.540882469812,120962.8400314788,45.884692964105376,62.088557534032915,338.1065046795183,0.7527819647120514,-2.213886928126038e-05,0.03587656381706939,0.6572915527243705
135.6,6372.494241051083,7865.670419164324,120997.84313251227,45.88032008933255,62.08815786360206,337.15037758464547,0.752779468593523,-1.949475823590289e-05,0.035907631766305424,0.6572927150554334
135.70000000000002,6377.093020267756,7871.799960004687,121032.68809893979,45.87594721455972,62.08775826927837,336.19425036039644,0.7527769724937758,-1.685160624120267e-05,0.03593870016171533,0.6572938758499236
135.8,6381.69173929977,7877.929510103307,121067.2225583752,45.871574339786896,62.08735875719645,335.2381231242295,0.7527744585979174,-1.894724893882993e-05,0.035969770022642546,0.6572950553352217
135.9,6386.289662480726,7884.0590602019265,121101.75701781061,45.86710773142136,62.08695924511453,334.2819958646165,0.7527719619389768,-2.2806621732855457e-05,0.03599982909414624,0.6572962688952325
136.0,6390.887585661682,7890.188610305787,121136.291477246,45.862512451303715,62.0865597330326,333.3258685904984,0.7527697981618784,-2.6666062043719167e-05,0.03601801354170419,0.6572977506159257
136.1,6395.485124135774,7896.318160415895,121170.8161803296,45.85795077207535,62.08616022231865,332.3697413163802,0.7527672076934004,-2.027710526246211e-05,0.03605194415833423,0.6572988573949634
136.20000000000002,6400.08262771768,7902.447714681627,121205.18274878051,45.853389092846975,62.08576078603051,331.4136139147401,0.7527645150238109,-1.3761225987344471e-05,0.036089626837595874,0.6572998733959398
136.3,6404.680072596098,7908.577278227438,121239.23881019316,45.8488274136186,62.08536143084037,330.457486501353,0.7527618039944741,-7.249221686086741e-06,0.036127321422852875,0.6573009075311275
136.4,6409.276741209725,7914.706841773247,121273.29487160582,45.844265734390234,62.084962075650225,329.5013590648755,0.7527590820603799,-7.371263996012288e-07,0.036165029872034224,0.6573019511529126
136.5,6413.87340982335,7920.836405330374,121307.35093301848,45.839723124743,62.08456272046008,328.5452316141129,0.7527563700462652,5.775060148730006e-06,0.03620274302296211,0.6573029809144582
136.6,6418.46969855919,7926.9659689009895,121341.3972380775,45.835214115969805,62.08416336657687,327.58910416335027,0.7527536580779081,1.2287336143588944e-05,0.03624045670700361,0.6573040083530735
136.70000000000002,6423.065952840834,7933.095536643304,121375.28540847723,45.830705107196614,62.083764085637064,326.63297658713435,0.752750944555548,1.8794154766307365e-05,0.036278214229909594,0.6573050329107475
136.8,6427.662149900237,7939.225113701593,121408.86307179347,45.826196098423424,62.08336488465156,325.6768489993619,0.7527482126942232,2.529726139717916e-05,0.036315983563983315,0.6573060755717094
136.9,6432.257590282104,7945.354690759882,121442.4407351097,45.821687089650226,62.08296568366606,324.72072138883743,0.7527454699327494,3.180046005333755e-05,0.03635376656679779,0.6573071277118953
137.0,6436.853030663971,7951.4842678354225,121476.01839842595,45.81719715045439,62.082566482680555,323.7645937642372,0.7527428877286384,3.8303758638135665e-05,0.036386062420881944,0.657308297504509
137.1,6441.448095997133,7957.613844931533,121509.58630538674,45.812740812137264,62.082167282956135,322.808466139637,0.752740441189518,4.480715798839073e-05,0.03641342818918046,0.6573095834062059
137.20000000000002,6446.043127314088,7963.743426214163,121542.99607766201,45.808284473820144,62.08176815484994,321.8523383915649,0.7527379980162693,5.1305330357647824e-05,0.03644067670731575,0.6573108707387509
137.3,6450.638102890068,7969.873016845868,121576.0953428094,45.803828135503025,62.08136910555408,320.8962106321189,0.7527355366410109,5.77999519912264e-05,0.03646795164170617,0.6573121762450419
137.4,6455.232341376012,7976.0026074775715,121609.1946079568,45.799371797185906,62.080970056258224,319.94008285031634,0.7527330646219007,6.429467173976984e-05,0.03649524979670249,0.657313491443309
137.5,6459.826579861958,7982.132198132335,121642.2938731042,45.79493452845038,62.08057100696236,318.9839550546828,0.7527306031319779,6.962811661978805e-05,0.03652255245082266,0.6573147932482358
137.6,6464.420448128278,7988.261788814592,121675.38338189486,45.79053086060319,62.08017195888155,318.0278272590493,0.7527281422116496,7.486284101340702e-05,0.03654985554445854,0.6573160931985713
137.70000000000002,6469.014282816377,7994.391383696321,121708.31475597872,45.786127192756,62.079772981091516,317.07169934188846,0.7527256814585382,7.966892482697933e-05,0.03657715905813301,0.6573173917985721
137.8,6473.608063244773,8000.520987956044,121740.93562289121,45.781723524908806,62.07937408096743,316.11557141353285,0.7527232025884463,8.395010210820795e-05,0.036604488377214466,0.6573187085942523
137.9,6478.201126170694,8006.650592215768,121773.5564898037,45.77731985706161,62.078975180843344,315.1594434631427,0.7527207131600879,8.743499532117296e-05,0.03663184047433533,0.657320035141447
138.0,6482.794189096615,8012.780196504236,121806.17735671617,45.77293525880263,62.07857628071926,314.20331549912066,0.7527182342995332,9.011864549026155e-05,0.036659197018639816,0.6573213482807106
138.1,6487.386886631983,8018.909800826976,121838.22550702629,45.76912100035581,62.078177381763965,313.2471875350987,0.752715756015255,9.280233462462267e-05,0.03668655400690075,0.6573226595738266
138.20000000000002,6491.979551027117,8025.039409363416,121869.4107403013,45.767368747771414,62.077778551707716,312.29105945138764,0.7527132778799299,9.547999302998383e-05,0.036713911418351924,0.6573239695121331
138.3,6496.488818668848,8031.169027309627,121900.51834677282,45.765616495187025,62.077379798089524,311.334931356651,0.7527107813285197,9.813964419680464e-05,0.036741305727209385,0.6573252973177584
138.4,6500.9699734736005,8037.298645255839,121931.62595324432,45.76378376192522,62.076981044471324,310.37880324020085,0.7527082740757,0.00010079933723472205,0.036768726983707,0.657326634705663
138.5,6505.451128278354,8043.428263236363,121962.73355971584,45.7603578191201,62.076582290853125,309.4226751103173,0.7527056450975663,0.00010345905402989288,0.03680092134393561,0.6573278431062524
138.6,6509.930840837164,8049.557881257792,121993.80214074429,45.75695065127361,62.07618353835721,308.4665469804338,0.7527029698393168,0.00010611880226631308,0.03683479604056724,0.6573290087425949
138.70000000000002,6514.410422586989,8055.687503504211,122024.50908567694,45.75354348342712,62.07578485335214,307.51041873283896,0.7527002944220809,0.0001087726930441254,0.03686867123184563,0.6573301727648079
138.8,6518.889991512523,8061.817135185609,122055.13840379567,45.750136315580626,62.0753862435387,306.55429047440083,0.7526976012989417,0.00011140908952839753,0.036902547956875385,0.6573313552091705
138.9,6523.36939085623,8067.946766867007,122085.7677219144,45.74672983420835,62.074987633725264,305.5981621945847,0.7526949678512614,0.00011404553742886366,0.03693391340629284,0.6573326086582806
139.0,6527.848790199938,8074.076398588165,122116.39704003313,45.74335656268499,62.07458902391183,304.6420339015429,0.7526923469053773,0.00011668202694408897,0.03696520591091178,0.6573338503738747
139.1,6532.32676661397,8080.206030356725,122146.98733270189,45.74000206613272,62.07419041517347,303.68590560850106,0.7526897263461606,0.0001193185546756145,0.036996499232169425,0.6573350900876876
139.20000000000002,6536.804613970967,8086.335666361137,122177.21598921173,45.73664756958045,62.07379187255967,302.7297771996034,0.752687105749661,0.00012194950472295848,0.03702779302549279,0.6573363283055167
139.3,6541.28244887399,8092.465311824783,122207.36701889745,45.733293073028186,62.07339340395726,301.77364878003345,0.7526844674978017,0.0001245638016792704,0.03705909212094779,0.6573375849307425
139.4,6545.760119092088,8098.59495728843,122237.51804858315,45.72993926294989,62.07299493535485,300.81752033950426,0.752681819106103,0.00012717814014314642,0.03709039278126049,0.6573388515645339
139.5,6550.237789310185,8104.724602797169,122267.66907826887,45.72661866273579,62.072596466752444,299.86139188600833,0.7526791809278247,0.0001297925200303935,0.03712170198030306,0.657340104507405
139.6,6554.714055914878,8110.854248359667,122297.78108249698,45.723316837507866,62.072197999177746,298.9052634325124,0.7526765431308636,0.00013240693818837454,0.037153011998625744,0.6573413554527101
139.70000000000002,6559.190195214486,8116.983898169279,122327.53145049674,45.72001501227995,62.07179959637594,297.9491348667644,0.7526739052901714,0.00013501603344808844,0.03718432249258548,0.657342604907578
139.8,6563.666322323834,8123.1135574632835,122357.2041916624,45.71671318705203,62.071401266427074,296.99300629067585,0.7526712498153622,0.0001376092307842134,0.03721563821895033,0.6573438727462487
139.9,6568.142288235446,8129.243216757288,122386.87693282805,45.71341204829768,62.07100293647821,296.03687769404667,0.7526685842086452,0.00014020246980272797,0.03724695550511122,0.6573451505824174
140.0,6572.618254147059,8135.372876101599,122416.5496739937,45.710144119417365,62.07060460652934,295.0807490847098,0.7526659343962503,0.00014279575145932584,0.037278281577051126,0.6573464083201906
140.1,6577.092835761547,8141.502535505888,122446.18338969567,45.706894965535874,62.070206277561034,294.12462047537286,0.7526632853628259,0.00014538907155353895,0.03730960849091455,0.6573476636020773
140.20000000000002,6581.567291822898,8147.63219916846,122475.45546911353,45.70364581165438,62.06980801202116,293.16849175626123,0.7526606362792899,0.00014797728709052565,0.037340935884486004,0.6573489173990079
140.3,6586.04173613113,8153.761872340365,122504.6499216875,45.700396657772885,62.06940981818274,292.2123630270374,0.7526579695962333,0.00015055025264620696,0.03737226844396213,0.6573501895407419
140.4,6590.5160250221625,8159.891545512271,122533.84437426145,45.69714819036389,62.06901162434432,291.25623427762986,0.7526552972047338,0.0001531232610027159,0.037403446056001585,0.6573514755182774
140.5,6594.990313913194,8166.021218739582,122563.03882683541,45.6939329328282,62.0686134305059,290.3001055157356,0.7526528073111033,0.0001556963468114925,0.03742852469811899,0.6573528983310905
140.6,6599.4632378233855,8172.15089203295,122592.19425393983,45.690736450302964,62.06821523760049,289.34397675384133,0.7526503180638011,0.0001582694723010115,0.037453603853216604,0.6573543193952859
140.70000000000002,6603.936037932391,8178.280569595477,122620.98804470612,45.687539967777724,62.06781710677657,288.38784788396066,0.7526478291264803,0.0001600211981455031,0.03747868342481416,0.6573557393019058
140.8,6608.408826703672,8184.4102566916235,122649.70420861898,45.68434348525249,62.067419046504625,287.4317190041326,0.75264532265084,0.00016126737805000988,0.03750377872758096,0.6573571775418584
140.9,6612.881465550721,8190.5399437877695,122678.42037253182,45.68114768919876,62.067020986232684,286.4755901044587,0.7526428062949339,0.0001625135803647854,0.037528876996763744,0.6573586259517588
141.0,6617.354104397769,8196.669630942866,122707.1365364447,45.67798510343059,62.06662292596074,285.5194611925069,0.7526402949669195,0.0001637598037229943,0.037553977775682826,0.6573600674881755
141.1,6621.825397580271,8202.799318168243,122735.81367488188,45.674841293015746,62.06622486657387,284.5633322805552,0.7526377838832934,0.00016500573196271182,0.03757907905000887,0.6573615077429669
141.20000000000002,6626.2965687135365,8208.929009673331,122764.12917692482,45.6716974826009,62.06582686791824,283.6072032622262,0.752635273008161,0.00016624707159897893,0.037604180738774716,0.6573629467629032
141.3,6630.7677288847135,8215.058710735604,122792.36705210502,45.66855367218605,62.065428938665924,282.651074234098,0.7526327445719608,0.00016747434771963252,0.0376292978711151,0.6573644040348909
141.4,6635.2387440988705,8221.188411797875,122820.60492728523,45.66541054824155,62.065031009413616,281.69494518645666,0.7526298941404529,0.00016870157620281907,0.037665414385462156,0.6573655988451786
141.5,6639.7097593130275,8227.318112924924,122848.84280246544,45.66230063437626,62.0646330801613,280.7388161267433,0.752626800811193,0.00016992876859829267,0.03771043662649639,0.657366558926115
141.6,6644.179448178937,8233.4478141292,122877.04165216383,45.6592094957117,62.064235151745706,279.7826870670299,0.7526237049277901,0.00017115567518931362,0.03775553480331654,0.6573675144682899
141.70000000000002,6648.649016747563,8239.577519623417,122904.87886541184,45.65611835704714,62.06383728270666,278.8265579026626,0.7526206081846091,0.00017237818191773424,0.037800633598641435,0.6573684678482328
141.8,6653.1185747799655,8245.707234697664,122932.638451788,45.65302721838259,62.06343948192228,277.8704287286548,0.7526174932487458,0.00017358720736112963,0.03784573406711418,0.6573694388518353
141.9,6657.58799348677,8251.836949771912,122960.39803816417,45.649936766187004,62.0630416811379,276.91429953546395,0.7526143674490571,0.0001747962530024931,0.03789083573007722,0.6573704191117835
142.0,6662.057412193574,8257.966664916308,122988.15762454036,45.64687952389414,62.06264388035352,275.9581703304052,0.7526112503533042,0.00017600531846499943,0.03793597017601755,0.6573713844019743
142.1,6666.5255238684385,8264.096380144341,123015.87818542864,45.64384105667612,62.06224608035702,275.00204112534647,0.7526083213120418,0.00017721415455452478,0.037974520609293946,0.657372511648843
142.20000000000002,6670.993516997972,8270.226099672227,123043.23710981105,45.6408025894581,62.06184833837722,274.0459118174057,0.7526054532028785,0.00017841879220345413,0.0380109290193125,0.6573736907202122
142.3,6675.461499938382,8276.35582880228,123070.51840731276,45.63776412224008,62.06145066350318,273.08978249998756,0.7526026174704016,0.0001796105313203841,0.03804559519721167,0.6573749315290686
142.4,6679.929348143065,8282.48555793233,123097.53759138969,45.63472634148937,62.06105298862914,272.13365316370414,0.7525998319606222,0.00018080230620880284,0.03807815634720551,0.6573762349313879
142.5,6684.397196347747,8288.615287137227,123125.37946819108,45.631721770582445,62.06065531375511,271.1775238157494,0.7525969577752057,0.0001819940784530944,0.03811416555546263,0.6573774383181031
142.6,6688.8637512760415,8294.745016431352,123153.4567041813,45.628735974722126,62.060257639619586,270.22139446779465,0.7525938571238824,0.00018318553402503187,0.03815805528179523,0.657378441599334
142.70000000000002,6693.330188906607,8300.874750032162,123181.228540387,45.6257501788618,62.059860022135176,269.2652650187507,0.7525910703287549,0.0001843730340511652,0.03819101593398285,0.6573797176441737
142.8,6697.796616689763,8307.004493250388,123209.00037659271,45.62276438300148,62.05946247060744,268.3091355603947,0.7525882664001359,0.00018349381554214124,0.038223978176385016,0.6573810121225201
142.9,6702.2629142558335,8313.134236468613,123236.77221279842,45.619779273606504,62.05906491907971,267.35300608351,0.7525854523646326,0.0001824871279669537,0.03825694151363757,0.6573823164746613
143.0,6706.729211821904,8319.263979766833,123264.535488765,45.61682737401773,62.058667367551976,266.39687659516255,0.7525826409256126,0.00018148042507360517,0.03829017332738285,0.6573836005475381
143.1,6711.1942389133255,8325.39372316042,123292.13480709138,45.61389424946808,62.058269816712766,265.4407471068151,0.7525797310488059,0.00018047260654039277,0.038326823114170544,0.657384796351513
143.20000000000002,6715.6591507750945,8331.523470871887,123319.4287255825,45.61096112491843,62.057872321153845,264.48461751935986,0.752576820814829,0.00017946369522897328,0.03836347345661156,0.6573859904723941
143.3,6720.12405315024,8337.653228225767,123346.72264407361,45.608028000368776,62.05747489040385,263.52848792277507,0.7525738929973024,0.00017845181240899909,0.038400125419520065,0.6573872025690801
143.4,6724.588830079153,8343.782985579648,123374.01656256474,45.60509556228216,62.05707745965386,262.572358307995,0.7525709548728919,0.0001774399163597998,0.038436778520413384,0.6573884243381172
143.5,6729.053607008065,8349.912743017598,123401.30192081587,45.60219633396779,62.05668002890386,261.61622868195815,0.7525678630417969,0.00017642796842234866,0.038479081848126366,0.6573894893059978
143.6,6733.517135129658,8356.04250055578,123428.42332140906,45.5993158806919,62.05628259879174,260.6600990559213,0.7525642926388119,0.00017541508432779415,0.038523524651053374,0.6573909740200673
143.70000000000002,6737.980549986784,8362.17226242205,123455.23932213144,45.596435427416,62.055885222533576,259.7039693323027,0.7525585758805203,0.00017440180257869965,0.03856811174852535,0.657394904307029
143.8,6742.4439557244295,8368.302033953527,123482.05532285379,45.593554974140105,62.055487909871424,258.747839599695,0.7525528438705819,0.0001733856699797416,0.03861270074745936,0.6573988488434522
143.9,6746.9072408707625,8374.431805485008,123508.87132357615,45.59067520732455,62.055090597209265,257.7917098491769,0.7525470892308836,0.00017236951886809358,0.03865729214557878,0.6574028160442005
144.0,6751.370526017095,8380.561577104456,123535.67876405771,45.587828650244276,62.05469328454711,256.83558008757836,0.7525413426524399,0.00017135334512271246,0.038701934491088115,0.657406767917354
144.1,6755.832581949436,8386.691348828783,123562.32224685802,45.58500086820372,62.054295972471394,255.8794503259798,0.7525355934781537,0.00017033615428329492,0.038746648847722845,0.6574107154109587
144.20000000000002,6760.294526394389,8392.82112488998,123588.66032972891,45.58217308616316,62.05389871300486,254.9233204679841,0.7525300040263692,0.00016931799034491417,0.0387858668642154,0.6574148012503845
144.3,6764.756462089124,8398.950910636011,123614.99841259979,45.5793453041226,62.05350151617654,253.9671906011086,0.7525243996773916,0.00016829710137015555,0.038825086695882756,0.6574189016215797
144.4,6769.218282075484,8405.080696382041,123641.33649547069,45.576518208539284,62.05310431934822,253.0110607166461,0.7525187730032107,0.00016727619308501575,0.038864310650317646,0.6574230248889166
144.5,6773.680102061843,8411.210482220064,123666.19311809573,45.573724322649014,62.052707122519905,252.05493082130332,0.7525131551685834,0.00016625526160144263,0.038903570290015094,0.6574271335107044
144.6,6778.140715047505,8417.340268167765,123689.87678235093,45.570949211800176,62.052309926225725,251.09880092596052,0.7525075351997123,0.0001652333523840499,0.03894289726499718,0.657431238167309
144.70000000000002,6782.60121856048,8423.470058461837,123713.48409661015,45.568174100951346,62.05191278104299,250.1426709359404,0.7525035122451089,0.0001612764792109871,0.038982117175792357,0.6574335195205407
144.8,6787.061713693208,8429.599858461945,123737.09141086934,45.56539899010251,62.051515697212274,249.18654093719888,0.7525019302216038,0.0001572294060775367,0.03902117244548999,0.657433014376867
144.9,6791.522098009832,8435.729658462056,123760.69872512855,45.562624565707374,62.05111861338156,248.23041092121258,0.7525003459069736,0.0001531829776271076,0.0390602299121113,0.657432509375733
145.0,6795.982482326457,8441.859458558149,123784.27179841805,45.559883350956554,62.05072152955085,247.2742808945576,0.7524987919541618,0.00014913713509349415,0.039098513959593136,0.6574320132696562
145.1,6800.441677747302,8447.989258768677,123807.47764745494,45.55716091124895,62.05032444620099,246.3181508679026,0.7524975832883621,0.00014509039577311866,0.03912473195871845,0.6574318378684668
145.20000000000002,6804.900765337543,8454.119063332992,123833.11659160283,45.55443847154134,62.04992741252007,245.36202074848654,0.752496374782296,0.00014085622476616675,0.0391509502748226,0.6574316612330171
145.3,6809.359844917736,8460.248877619913,123859.22185602572,45.551716031833735,62.04953043899315,244.4058906205256,0.7524951629356446,0.00012989408769598069,0.03917716914209341,0.6574314886769538
145.4,6813.818818577186,8466.378691906835,123885.32712044864,45.548994278575776,62.04913346546623,243.44976047566843,0.7524939492041662,0.00011893449567005354,0.03920339527835149,0.6574313166136465
145.5,6818.277792236636,8472.508506293641,123911.14436070848,45.546305734905914,62.04873649193931,242.4936303203582,0.7524961017888574,0.00010797767635398245,0.03922980641831153,0.6574272791889434
145.6,6822.735594824287,8478.638320799533,123936.84802601571,45.54363596628082,62.048339518838844,241.53750016504796,0.7525006009423523,9.702071575843252e-05,0.03925354799850517,0.6574207139556133
145.70000000000002,6827.193291197936,8484.768139666226,123962.47534130154,45.54096619765572,62.047942593974284,240.58136991896237,0.7525051110842258,8.60634366835251e-05,0.03927690985315993,0.6574141576948191
145.8,6831.650979931815,8490.89796827119,123988.10265658736,45.538296429030616,62.047545728094036,239.6252396645148,0.7525096173392571,7.51058615755391e-05,0.039300272547098544,0.6574076047238565
145.9,6836.108567641313,8497.027796876153,124013.72997187317,45.53562734685055,62.04714886221379,238.66910939352186,0.7525141219126519,6.415058800105628e-05,0.039323642682022444,0.6574010521233968
146.0,6840.566155350811,8503.157625584796,124039.06926295668,45.53299147419787,62.04675199633354,237.7129791122929,0.7525186683572872,5.319737046278672e-05,0.039347016605380154,0.6573944502565191
146.1,6845.0225908074335,8509.287454417045,124064.294979072,45.53037437659438,62.046355130824075,236.75684883106396,0.7525232071099195,4.2243646337883315e-05,0.03937039237974519,0.6573878559726674
146.20000000000002,6849.478921756896,8515.417287617262,124089.44434515525,45.5277572789909,62.04595831212896,235.80071846107134,0.7525277455747694,3.128960133015475e-05,0.03939376979873381,0.6573812608084902
146.3,6853.935245436891,8521.547130571742,124114.59371123847,45.525140181387414,62.045561551281615,234.84458808290205,0.7525322801614409,2.0335258084126814e-05,0.03941714806173134,0.6573746689219014
146.4,6858.391472989193,8527.676973526224,124139.7430773217,45.522523770223714,62.04516479043427,233.88845768853918,0.7525365922035737,9.383137047459084e-06,0.03944796293678546,0.657367884465561
146.5,6862.847700541497,8533.806816588065,124164.60441916413,45.519940568507224,62.044768029586926,232.9323272841579,0.7525408917903348,-1.5669942423159196e-06,0.039480597991979866,0.65736100322665
146.6,6867.3027949914685,8539.936659777904,124189.3521860232,45.51737614183595,62.04437126905326,231.9761968797767,0.7525451832991231,-1.2517618390621583e-05,0.03951323539843901,0.6573541291913713
146.70000000000002,6871.757786671198,8546.06650734271,124214.02360283984,45.51481171516469,62.043974553886265,231.0200663886548,0.7525494741184797,-2.3468556326720737e-05,0.03954587465412199,0.6573472539313351
146.8,6876.21277145177,8552.196364677427,124238.69501965647,45.51224728849342,62.043577895415424,230.06393588954262,0.752553760812175,-2.831378350098731e-05,0.03957851497532681,0.6573403817187328
146.9,6880.667665001444,8558.326222012143,124263.36643647311,45.50968354825599,62.04318123694459,229.107805374589,0.7525577614044979,-2.6035534699419016e-05,0.0396206825033985,0.6573332614359071
147.0,6885.122558551119,8564.456079457785,124288.1314468933,45.50715301736743,62.04278457847375,228.15167484983488,0.7525617913150301,-2.375713400935765e-05,0.03966324721948612,0.6573260808064121
147.1,6889.576338259538,8570.585937035674,124313.77810573821,45.5046412615136,62.04238792025784,227.19554432508076,0.7525658126940048,-2.1478811889529026e-05,0.03970581421134158,0.6573189069399169
147.20000000000002,6894.030016944656,8576.715798995276,124339.34841453,45.50212950565977,62.04199130594066,226.23941371560792,0.7525698322197293,-1.9200450852782844e-05,0.03974840581934438,0.6573117308392814
147.3,6898.483689100932,8582.845670739844,124364.9187233218,45.499617749805935,62.04159474716347,225.28328309833103,0.752573845611136,-1.6922030453535145e-05,0.039791044825347475,0.657304556022106
147.4,6902.937274923133,8588.97554248441,124390.40757506687,45.49710668037921,62.04119818838629,224.32715246556518,0.7525778566373442,-1.4643550640322684e-05,0.0398336849402641,0.6572973809690614
147.5,6907.390860745335,8595.105414342355,124415.35243740327,45.494628820202635,62.0408016296091,223.37102182321692,0.7525819087462282,-1.2364934778341969e-05,0.039876328636203065,0.6572901557831895
147.6,6911.843352024202,8601.235286335475,124440.0607067758,45.49216973505914,62.04040507102626,222.41489118086864,0.7525862272446557,-1.0086402492174702e-05,0.03990983777954872,0.6572831774116313
147.70000000000002,6916.295744030055,8607.365162714896,124464.7559772674,45.48971064991565,62.04000855485374,221.45876045583125,0.7525906001548491,-7.807829047384755e-06,0.03994152007259779,0.65727624593613
147.8,6920.748129877376,8613.495048889525,124489.451247759,45.48725156477215,62.039612093063255,220.5026297231768,0.7525949686086388,-5.529193837426731e-06,0.039973214582991454,0.6572693171830647
147.9,6925.200434287456,8619.624935064154,124514.06506119327,45.48479316604814,62.03921563127277,219.54649897538624,0.7525993353258036,-3.250496817517009e-06,0.04000490998261905,0.6572623887260516
148.0,6929.652738697536,8625.754821356182,124538.37807282098,45.482367976466584,62.03881916948228,218.59036821823162,0.7526037437778259,-9.716751187979826e-07,0.04003660875430108,0.6572554106358588
148.1,6934.103967874487,8631.88470778818,124562.08865560255,45.48095208545122,62.03842270782347,217.63423746107694,0.7526081443444841,1.3070681585641911e-06,0.04006831055462552,0.6572484397501007
148.20000000000002,6938.555099529824,8638.014598613952,124584.10266076107,45.479567274067136,62.03802628706443,216.67810662321386,0.7526125441086591,3.585854664631083e-06,0.04010002230182896,0.6572414675359629
148.3,6943.006225396942,8644.144499251624,124606.11666591957,45.47818246268306,62.037629919528754,215.72197577791619,0.7526169394317642,5.864703397908972e-06,0.040131745913900056,0.6572344980415069
148.4,6947.45727472365,8650.274399889297,124628.11030681116,45.47679833770984,62.03723355199308,214.76584491783558,0.7526213330196702,8.143614361109533e-06,0.04016347042152756,0.657227528836913
148.5,6951.908324050358,8656.404300648033,124650.02874724146,45.47543837427605,62.036837184457404,213.80971404860935,0.7526257683667549,1.0422638494922657e-05,0.04019519831798135,0.6572205099613817
148.6,6956.3583174582345,8662.534201551103,124671.61684361447,45.474106234700955,62.03644081698839,212.8535831793831,0.7526301958569352,1.2701584946433326e-05,0.04022692922199241,0.6572134982548592
148.70000000000002,6960.8082150962655,8668.664106854625,124693.15294445242,45.47277409512586,62.03604448888395,211.8974522314646,0.752634622549634,1.498057581091302e-05,0.04025866982584764,0.6572064852228755
148.8,6965.258107316391,8674.794021984957,124714.68904529038,45.47144195555075,62.03564821284388,210.9413212762972,0.7526390448155759,1.725962936436994e-05,0.04029042195806838,0.6571994749082226
148.9,6969.707927892934,8680.92393711529,124736.20478185885,45.47011050237677,62.03525193680382,209.9851903067003,0.7526434653475771,1.9538745567315762e-05,0.040322174992174165,0.6571924648774728
149.0,6974.157748469477,8687.05385236983,124757.49751929793,45.46880321059572,62.034855660763746,209.02905932817643,0.7526479276624678,2.1817965124662404e-05,0.04035393143182282,0.6571854051387361
149.1,6978.606532442838,8693.18376777246,124778.79201821226,45.46752374266045,62.03445938472268,208.07292834965253,0.7526522963218165,2.4097105860673864e-05,0.040388509778859244,0.6571782775919096
149.20000000000002,6983.055222398246,8699.313687581132,124801.07368776877,45.46624427472517,62.034063146483376,207.11679729448318,0.7526566080067172,2.637628969456366e-05,0.04042493643710824,0.6571710996705272
149.3,6987.503907306062,8705.443617229103,124823.35535732529,45.464964806789894,62.03366695914919,206.16066623225353,0.7526609150329518,2.86555358096126e-05,0.040461374415081665,0.6571639242541107
149.4,6991.952525467117,8711.573546877076,124845.63702688178,45.46368602524472,62.03327077181499,205.20453515594798,0.7526652200812785,3.0934844121763454e-05,0.04049781340346014,0.6571567489059019
149.5,6996.4011436281735,8717.703476652652,124867.63067198406,45.46243140492775,62.032874584480794,204.24840407093427,0.7526695665070254,3.321424665356321e-05,0.04053426192287267,0.6571495234429591
149.6,7000.848744502142,8723.833406580361,124889.51074201732,45.46120460844345,62.032478397074975,203.29227298592056,0.7526739049190406,3.549357454368919e-05,0.04057071255030606,0.6571423048908734
149.70000000000002,7005.296253110093,8729.963340919987,124911.31446194573,45.45997781195914,62.032082245878854,202.33614182632013,0.7526782424062454,3.77729482988951e-05,0.04060716895527305,0.6571350849033156
149.8,7009.743757040764,8736.093285112027,124933.11818187415,45.45875101547483,62.0316861444305,201.38001065984903,0.7526825752459172,4.0052384785101116e-05,0.04064363640834343,0.6571278674173596
149.9,7014.191199121492,8742.223229304069,124954.92190180255,45.4575249053682,62.03129004298215,200.42387947965446,0.7526869061083354,4.23318838758441e-05,0.040680104878844776,0.6571206499936825
150.0,7018.638641202219,8748.353173626361,124976.43759724412,45.456322956303566,62.0308939415338,199.4677482909697,0.7526912783590144,4.4611470318322574e-05,0.04071658278090519,0.6571133824377152
150.1,7023.085085312107,8754.483118103943,124997.83971760358,45.45514883105629,62.03049783993988,198.51161710228496,0.7526956426242752,4.689098301983824e-05,0.04075306279482496,0.6571061217554637
150.20000000000002,7027.531438907925,8760.6130669979,125019.1654878485,45.453974705809024,62.03010177290689,197.55548584107788,0.7527000059655667,4.917054249259017e-05,0.04078954848353892,0.657098859636967
150.3,7031.977788196774,8766.743025754231,125040.49125809342,45.45280058056176,62.029705754434055,196.59935457319034,0.7527043646683724,5.145016514578024e-05,0.04082604500407118,0.6570916000158484
150.4,7036.424080532491,8772.872984510564,125061.73463829157,45.45162714167813,62.02930973596122,195.64322329193055,0.7527087216375485,4.733901070859985e-05,0.04086254256226149,0.6570843406634592
150.5,7040.870372868207,8779.002943399646,125082.23835678735,45.45047786362786,62.02891371748838,194.68709200239792,0.7527128061888444,4.0720527994524624e-05,0.04089907175532822,0.6570773894075995
150.6,7045.315686549383,8785.132902446996,125102.60746540067,45.44935640938039,62.0285176987924,193.73096071286528,0.7527167002173871,3.410172352956246e-05,0.04093561608043186,0.6570706532687608
150.70000000000002,7049.76091146844,8791.26286591482,125122.92125165803,45.44823495513291,62.02812171295365,192.7748293528782,0.7527205930657945,3.685356356143375e-05,0.040972166065865886,0.6570639154788251
150.8,7054.206132450839,8797.392839254171,125143.2350379154,45.447113500885436,62.027725774464685,191.81869798640113,0.7527244710319818,4.132367455367056e-05,0.04100872753177817,0.6570571917787685
150.9,7058.651301376909,8803.522812593523,125163.54882417276,45.445992732985715,62.02732983597571,190.86256660690572,0.7527283440120792,4.2547873235946556e-05,0.041045290321666976,0.6570504717698035
151.0,7063.0964703029795,8809.65278606817,125183.5745858807,45.44489612568387,62.02693389748674,189.90643521935638,0.7527322602133859,4.234850816057638e-05,0.04108186229693779,0.6570436996356231
151.1,7067.540679890828,8815.78275970413,125203.465737692,45.443827342170465,62.026537958693,188.95030383180702,0.7527361762053679,4.214859630027792e-05,0.04111843590713994,0.6570369255101022
151.20000000000002,7071.98480246851,8821.912737764644,125223.30156714171,45.44275855865707,62.02614205103773,187.99417237587383,0.7527400912752308,4.194862031240251e-05,0.041155015179050396,0.6570301499572775
151.3,7076.4289214798455,8828.042725705796,125243.1373965914,45.441689775143665,62.025746189557985,187.0380409136414,0.752743991531877,4.174827429227724e-05,0.0411916059044669,0.6570233885279505
151.4,7080.872993331647,8834.172713646949,125262.9732260411,45.440621677955995,62.02535032807824,186.08190943874547,0.7527479397378034,4.154673114991295e-05,0.04122649222702767,0.6570166769824158
151.5,7085.317065183449,8840.30270172589,125282.52103091138,45.439577741042875,62.0249544665985,185.12577795601513,0.7527519351299883,4.134518464081012e-05,0.04126126136215157,0.6570099167892658
151.6,7089.760197013355,8846.432689969106,125301.9342258707,45.43856162790366,62.024558604727936,184.16964647328479,0.7527559304183112,4.1143114834938476e-05,0.04129603209181378,0.6570031546809944
151.70000000000002,7094.20324358505,8852.56268264074,125321.29209846233,45.43754551476446,62.024162772240324,183.21351492424367,0.7527599250271333,4.0940983320709354e-05,0.04133080382249646,0.6569963913541434
151.8,7098.646286960707,8858.692685201646,125340.64997105394,45.43652940162524,62.02376698476628,182.25738336909424,0.7527639052271726,4.0664398984569e-05,0.041365577521030976,0.6569896424829653
151.9,7103.089288073616,8864.822687762551,125358.57070078919,45.435514317942115,62.023371197292256,181.3012518016366,0.7527678802415324,3.9917332115456865e-05,0.04140035978818144,0.6569828971082013
152.0,7107.532289186527,8870.952690463633,125376.27531481924,45.43452831752964,62.022975409818216,180.34512022656435,0.7527714341877928,3.9170221269364545e-05,0.041450009126697884,0.6569756944362128
152.1,7111.974369593871,8877.082693331842,125393.79524409982,45.43357014087618,62.0225796218625,179.3889886514921,0.7527749731158575,3.842259612915295e-05,0.04150010629880086,0.6569684768322697
152.20000000000002,7116.416366494958,8883.212700632048,125411.09388389018,45.43261196422271,62.02218386148726,178.4328570121845,0.7527785091454146,3.76748962945436e-05,0.041550243717055284,0.6569612560847577
152.3,7120.858360570317,8889.342717829515,125428.39252368054,45.431653787569246,62.02178814496765,177.47672536695976,0.7527820297650136,3.692717558169902e-05,0.04160038346078139,0.6569540489221188
152.4,7125.300317279706,8895.472735026982,125445.6911634709,45.430696297186,62.021392428448046,176.52059370978236,0.7527855441854663,3.617943333871877e-05,0.0416505320122138,0.6569468443790102
152.5,7129.742273989095,8901.602752366252,125462.91779710408,45.42976296626522,62.02099671192845,175.56446204521026,0.7527891009529479,3.54316711062914e-05,0.04170068650289443,0.656939587006474
152.6,7134.1833293092495,8907.73276987458,125479.95974597277,45.42885745908809,62.02060099483109,174.6083303806382,0.752792654241023,3.468341445347383e-05,0.04175091857535747,0.6569323247610291
152.70000000000002,7138.624302875102,8913.862791817217,125496.78040533284,45.42795195191097,62.0202053034588,173.65219865390878,0.7527962045698652,3.393508510465665e-05,0.041801192253190865,0.6569250593179009
152.8,7143.065273985534,8919.992823662275,125513.30353040103,45.42704644473384,62.01980965478544,172.6960669214537,0.7527997394768235,3.3186734655865565e-05,0.04185146827371665,0.6569178074505222
152.9,7147.506212626762,8926.122855507334,125529.55904845017,45.42614162380113,62.01941400611207,171.73993517740098,0.7528032681761542,3.2438362517573696e-05,0.04190175300700835,0.6569105581934224
153.0,7151.947151267991,8932.252887496836,125545.79431624016,45.42526096195247,62.01901835743871,170.78380342617322,0.752806839205013,3.168996950276719e-05,0.041952043674113614,0.6569032560990002
153.1,7156.387207836318,8938.382919658548,125561.8684829166,45.42440812383159,62.01862270808597,169.8276716749455,0.7528104066123471,3.0941100469910475e-05,0.042002415747954526,0.656895948998117
153.20000000000002,7160.827184402298,8944.51295625827,125577.72136006555,45.42355528571071,62.01822708254549,168.87153986362972,0.7528139709773934,3.0192160637001935e-05,0.042052831460487626,0.6568886386259375
153.3,7165.267158883165,8950.643002768673,125593.57423721447,45.42270244758983,62.017831498547515,167.91540804677896,0.7528175199059299,2.9236989983721684e-05,0.04210324953384788,0.6568813418316686
153.4,7169.707105791583,8956.773049279078,125609.35180385335,45.42185029568455,62.017435914549544,166.9592762186856,0.7528210626301562,2.7577871880882864e-05,0.04215367623345582,0.6568740476528725
153.5,7174.147052700001,8962.966281440466,125625.10912023135,45.421022302441365,62.01704033055156,166.00314438363694,0.7528246476055585,2.8903950785370426e-05,0.04220410886040468,0.656866700569779
153.60000000000002,7178.5861368518545,8969.186417634106,125643.29576127297,45.420222132909515,62.016644745766705,165.047012548588,0.7528282286878656,3.3455194781463e-05,0.04225462821129677,0.6568593482368701
153.70000000000002,7183.025142753314,8975.406494035915,125662.54626157686,45.419421963377665,62.01624918282869,164.09088065552447,0.7528318066040653,3.7967068685875676e-05,0.04230519402734713,0.6568519925234827
153.8,7187.4641469399685,8981.626489942273,125681.79676188077,45.418621793845816,62.01585366028825,163.1347487571166,0.7528353690628697,4.1638210439046306e-05,0.04235576222331691,0.6568446504012301
153.9,7191.903128450913,8987.84648584863,125700.86628663534,45.417822310497506,62.015458137747814,162.17861684782207,0.7528389252785718,4.530631043991064e-05,0.04240633896628407,0.6568373108679345
154.0,7196.342109961857,8994.06648190375,125719.6385518252,45.417046985342694,62.01506261520738,161.22248493179234,0.7528425237892324,4.897452151591942e-05,0.04245692163990535,0.6568299184576006
154.10000000000002,7200.780248032576,9000.28647813623,125735.89886620035,45.4162994838821,62.014667091868,160.26635301576238,0.7528461182217746,5.264303559486623e-05,0.042507598096814266,0.6568225206333567
154.20000000000002,7205.218309604857,9006.506414591671,125751.87680220565,45.415551982421505,62.01427158940407,159.3102210438007,0.7528497166405863,5.6312095855426656e-05,0.04255809767296219,0.6568151256674861
154.3,7209.656369832637,9012.726270571575,125767.85473821095,45.4148044809609,62.01387612619827,158.35408906668658,0.7528533600786614,5.9980828241284094e-05,0.04260671637671893,0.6568077971067056
154.4,7214.094412281432,9018.946126551478,125783.50501586765,45.41405766564838,62.01348066299248,157.39795707904196,0.7528569975540443,6.364671221976054e-05,0.04265533920805826,0.6568004713914652
154.5,7218.532454730227,9025.165982682198,125799.71542641298,45.4133350080111,62.01308519898026,156.44182508488257,0.7528606775548446,6.731270955381663e-05,0.04270396597456237,0.6567930929529504
154.60000000000002,7222.969673055138,9031.385838992725,125818.16651102813,45.412640174050175,62.01268972967923,155.4856930907229,0.7528643533170408,7.097900323622112e-05,0.04275269550942049,0.6567857089593028
154.70000000000002,7227.4068166335655,9037.605635540578,125836.61759564329,45.41194534008925,62.012294282015446,154.52956104271885,0.7528680257608783,7.464582592593554e-05,0.04280148000630682,0.6567783214481032
154.8,7231.843959237797,9043.825351632237,125855.06868025844,45.41125050612831,62.011898872456804,153.57342898975466,0.7528716827829088,7.831234950409307e-05,0.0428502673106502,0.6567709476843604
154.9,7236.2810889597495,9050.045067723893,125873.33468919418,45.41055635827636,62.01150346289816,152.61729692661635,0.7528753340958922,7.738345175151392e-05,0.042899058704854914,0.6567635770077672
155.0,7240.718218681703,9056.264783967916,125891.3078666743,45.409886367499375,62.01110805333952,151.66116485718373,0.7528790280984028,7.405859953965368e-05,0.04294785407100087,0.6567561536792969
155.10000000000002,7245.154543596117,9062.48450039359,125909.28104415444,45.409244200322135,62.01071264263327,150.70503278775084,0.7528827174643913,7.073436207179333e-05,0.042996763447038316,0.656748724454919
155.20000000000002,7249.590795516004,9068.704157070531,125927.25422163456,45.408602033144895,62.01031724747049,149.74890066656346,0.7528868821525381,6.741167612758207e-05,0.043030982993179506,0.6567417092289303
155.3,7254.027046831996,9074.923733310035,125945.2273991147,45.40795986596766,62.00992188925534,148.7927685406084,0.7528905658072155,6.408875134828184e-05,0.043079563472349675,0.6567343016944939
155.4,7258.463290162397,9081.143309549541,125962.75485584425,45.40731838485653,62.00952653104018,147.83663640483576,0.752893738313217,6.0765042706924645e-05,0.043143673761298205,0.6567264563962208
155.5,7262.899533492799,9087.362885942826,125979.66263772461,45.40670106017918,62.00913117282503,146.88050426298935,0.7528969482940661,5.7441241040965956e-05,0.04320790450899392,0.6567185538249456
155.60000000000002,7267.3349913320135,9093.582462519455,125996.52093364627,45.406111559050665,62.00873581332859,145.9243721211427,0.7529002556623908,5.303128727650328e-05,0.043269083257384267,0.6567107343764487
155.70000000000002,7271.770377928658,9099.801979360855,126013.37922956795,45.405522057922155,62.008340467128384,144.96823992963323,0.7529037979520545,4.825984134745923e-05,0.04332299515606837,0.6567031192183168
155.8,7276.205764291707,9106.021415783003,126030.2375254896,45.40493255679364,62.00794515671682,144.01210773354876,0.7529077872251033,4.637903380687654e-05,0.043362756413022036,0.656695921367758
155.9,7280.6411475658315,9112.24085220515,126046.9371619583,45.40434374168447,62.00754984630525,143.05597552800333,0.7529119907268231,5.305583650192372e-05,0.04339580316901847,0.6566889184935026
156.0,7285.076530839956,9118.460288782484,126063.36701735143,45.40377908232502,62.00715453589368,142.09984331660476,0.7529162376017868,5.9732856175897706e-05,0.04342886039428611,0.6566818633649092
156.10000000000002,7289.511147939245,9124.679725544835,126079.74738678032,45.40324224648902,62.00675922406018,141.14371110520594,0.7529204844264468,6.641105108917377e-05,0.04346191900701989,0.6566748063667772
156.20000000000002,7293.945695547922,9130.899102585034,126096.12775620921,45.40270541065301,62.00636392320302,140.18757884623759,0.7529247306268494,7.309043489639919e-05,0.043494978629853874,0.6566677481818817
156.3,7298.380243293303,9137.118399223586,126112.50812563811,45.40216857481701,62.00596865697503,139.23144658288706,0.7529289621795491,7.977072381743336e-05,0.04352804030416472,0.6566607048203338
156.4,7302.8147928463995,9143.337695862137,126128.72983559677,45.401632424949575,62.005573390747045,138.27531431043232,0.7529331884101118,8.645122651504948e-05,0.04356111310324443,0.6566536649878495
156.5,7307.249342399495,9149.556992657197,126144.68176445054,45.40112043009416,62.005178124519055,137.3191820323451,0.7529374580657618,9.31319494682444e-05,0.04359419624535537,0.6566465728393248
156.60000000000002,7311.683145094105,9155.776289638856,126160.53335399485,45.400636258744086,62.00478285672143,136.36304975425764,0.7529417276487155,9.981298439895039e-05,0.043627280785415994,0.656639478842086
156.70000000000002,7316.116880050058,9161.995526911005,126176.29439104426,45.40015208739401,62.0043875975069,135.40691743069542,0.7529459966241508,0.00010626927059062615,0.04366036634347062,0.6566323836708486
156.8,7320.5506155130115,9168.214683798533,126190.5837296904,45.399667916043946,62.00399237176193,134.450785102944,0.7529502513161264,0.00010699779172547524,0.0436934540000722,0.6566253038621024
156.9,7325.044944203495,9174.433840686062,126203.70127359597,45.3991844306076,62.00359714601697,133.49465276644517,0.7529545008103132,0.00010619839412424645,0.0437265526923202,0.656618227755702
157.0,7329.583573551479,9180.652997731322,126216.76453538402,45.39872509938765,62.003201920272005,132.5385204245346,0.7529587940245329,0.00010470632524942876,0.04375966160169702,0.6566110991707431
157.10000000000002,7334.121836823667,9186.87215496463,126229.78649244254,45.39829359165595,62.002806692802565,131.58238808262377,0.7529630873220011,0.0001094080207951083,0.0437927718437875,0.6566039676202416
157.20000000000002,7338.6601000958535,9193.091252500648,126242.39599021635,45.397862083924245,62.0024114714491,130.6262556973344,0.7529673802804504,0.00011091303016737329,0.0438258831263864,0.656596835127986
157.3,7343.198364245337,9199.31026966849,126253.3273106061,45.39743057619255,62.00201628240555,129.67012330804894,0.7529716574417951,0.00011092063007606335,0.043858996591240096,0.6565897190818477
157.4,7347.736639995725,9205.529286836329,126264.03895468412,45.39699975431562,62.001621093362,128.71399091037293,0.7529759286685042,0.00011092823099504763,0.04389212104533525,0.6565826073319893
157.5,7352.274471936326,9211.748304162687,126274.45055709877,45.39659308579969,62.001225904318446,127.75785850750604,0.7529802436252756,0.0001109365179549761,0.04392525560051172,0.6565754429793574
157.60000000000002,7356.811947188637,9217.967321678034,126284.86215951342,45.396214240753544,62.00083071338841,126.80172610463886,0.7529845591419639,0.00011094559145657209,0.04395839152783862,0.656568276113873
157.70000000000002,7361.349422440946,9224.186279507874,126295.24818031727,45.3958353957074,62.000435526032945,125.84559366049068,0.7529888740642625,0.00011095408406810788,0.043991528487951854,0.6565611080820423
157.8,7365.886898940841,9230.405156985402,126305.56417086681,45.39545655066126,62.00004036982772,124.88946121253964,0.7529931739543816,0.00011096194240927755,0.04402466756656619,0.6565539553694021
157.9,7370.424391938188,9236.624034462931,126315.79780237438,45.39507839140679,61.99964521362251,123.93332875655506,0.7529974684336327,0.00011096980167008405,0.04405781752386471,0.6565468063537261
158.0,7374.961452806159,9242.842912100234,126325.73139220425,45.39472438459729,61.999250057417285,122.97719629560041,0.7530018065268959,0.00011125304383766494,0.04409097748759338,0.6565396048176989
158.10000000000002,7379.498166373345,9249.061789928026,126335.66498203411,45.39439820123661,61.998854899156385,122.02106383464549,0.7530061443967795,0.00011220140488382588,0.04412413888487826,0.6565324015455818
158.20000000000002,7384.034879940528,9255.280608081664,126345.5729902508,45.39407201787593,61.99845974185401,121.06493133450843,0.7530104816703694,0.00011314924351587632,0.04415730132189024,0.6565251971034886
158.3,7388.571595125588,9261.499345898277,126355.41096820666,45.393745834515244,61.998064614542244,120.10879883076187,0.7530148037538809,0.00011409650914584269,0.04419046590066719,0.6565180081558868
158.4,7393.108331704601,9267.718083714888,126365.16658711658,45.393420336879004,61.99766948723047,119.15266631923602,0.7530191203086933,0.00011504380646859789,0.04422364131348239,0.6565108230360112
158.5,7397.644647834652,9273.936821692312,126374.62216433437,45.39311899071063,61.9972743599187,118.19653380289743,0.7530231503369079,0.0001159910945681801,0.04426671507521144,0.6565032974320804
158.60000000000002,7402.1806260514195,9280.155559861463,126384.07774155219,45.3928454679668,61.99687923037482,117.24040128655858,0.7530256763445538,0.00011693844502931843,0.044354730453831565,0.6564944592131722
158.70000000000002,7406.7166042681865,9286.374238367382,126393.50773715445,45.39257194522298,61.99648409909851,116.28426873313771,0.7530281946451477,0.00011788526161946622,0.0444428082792196,0.6564856136769419
158.8,7411.2525844731135,9292.592836550979,126402.86770248946,45.39229842247915,61.99608899665314,115.32813617630079,0.7530310301780345,0.00011883154968659407,0.04452061246560534,0.656477089115651
158.9,7415.788590968453,9298.811434734576,126413.33431376706,45.39202558538841,61.995693894207776,114.37200361210613,0.7530347558072488,0.00011977800919476606,0.044571624341936414,0.6564693538186432
159.0,7420.324188695236,9305.030033079758,126425.86196790473,45.39177689872714,61.9952987917624,113.41587104335956,0.7530385239967256,0.00012072450871363464,0.04462264810467441,0.6564615648143859
159.10000000000002,7424.85945789624,9311.248631617587,126438.08907046639,45.39155603546207,61.994903686901246,112.45973847461269,0.7530422643127123,0.00012023289300811239,0.04467446056964855,0.6564537502944482
159.20000000000002,7429.394727097241,9317.467170502676,126450.20867539049,45.391335172196996,61.99450857753164,111.50360587088514,0.753045842540048,0.00011830215445037589,0.044726303185996526,0.6564461157178584
159.3,7433.929998656684,9323.685629079562,126462.25825004105,45.39111430893193,61.99411349582029,110.54747326393512,0.7530479783203665,0.00011637508756366726,0.04477825953529926,0.6564401239088277
159.4,7438.465301402945,9329.90408765645,126474.30782469161,45.39089413124448,61.99371841410892,109.59134065002804,0.7530494772127582,0.00011444984685244051,0.044848845186490384,0.6564335860209033
159.5,7443.000207061053,9336.122546395623,126486.35739934217,45.3906981028866,61.993323332397566,108.63520803181692,0.7530507189097307,0.00011252450260419287,0.04492825494441703,0.6564267316276992
159.60000000000002,7447.534793580875,9342.341005328282,126498.10642238683,45.39052989789165,61.99292824810344,107.67907541360552,0.7530520547339787,0.00011059931134821509,0.045004796968309786,0.6564199561854943
159.70000000000002,7452.069380100695,9348.559404618256,126509.74794778418,45.39036169289671,61.99253315669692,106.72294276251334,0.7530533660039578,0.00010867405614630821,0.0450813429955819,0.6564131996340212
159.8,7456.603969349233,9354.777723613563,126521.31944290367,45.39019348790176,61.992138091774365,105.76681010839215,0.7530546571486095,0.00010675283023892421,0.045157893719101484,0.6564064568432258
159.9,7461.138594680938,9360.996042608871,126532.89093802315,45.390025968391214,61.991743026851815,104.81067744767631,0.753051159538724,0.00010483324211573077,0.045234160806398215,0.6564052184615198
160.0,7465.672834604887,9367.214361766915,126544.46243314263,45.3898825968527,61.99134796192926,103.85454478288065,0.7530475001730472,0.00010291359156764434,0.045312527874637104,0.6564040118018226
160.10000000000002,7470.206764778042,9373.432681118982,126555.73337662719,45.389767048637864,61.990952894194315,102.8984121180847,0.7530438501174439,0.00010099407769873552,0.04539188265682566,0.6564027167748181
160.20000000000002,7474.740694951196,9379.650940837984,126566.89682245396,45.38965150042302,61.990557816101585,101.94227942251112,0.7530401887257829,9.907452678888523e-05,0.045471241477209066,0.6564014248511322
160.3,7479.274628223339,9385.869120275273,126578.46319943586,45.38953595220819,61.990162763329465,100.98614672410227,0.7530373746500995,9.71598486641414e-05,0.04552533518699903,0.656400904018391
160.4,7483.808602474932,9392.08729971256,126590.21487614278,45.38942108938977,61.98976771055736,100.03001401950976,0.753030824658578,9.524867573476326e-05,0.04556439800192758,0.6564057081382166
160.5,7488.342202999164,9398.305479312923,126601.75090070913,45.38933037325715,61.989372657785246,99.07388131109165,0.753024252654252,9.333743050328432e-05,0.045603466529640556,0.656410534683219
160.60000000000002,7492.875503160095,9404.523659107708,126613.28692527546,45.389267480401735,61.988977602002656,98.11774860267329,0.7530177245852988,9.14262654064251e-05,0.045642540532264894,0.6564153080142006
160.70000000000002,7497.408803321024,9410.741779278616,126624.79736821746,45.38920458754631,61.98858253294664,97.16161586558286,0.7530111217268034,8.951503798689802e-05,0.04568162414168248,0.6564201640402108
160.8,7501.942106951209,9416.959819180182,126636.23778086803,45.38914169469089,61.98818748805162,96.20548312585115,0.7530045130997036,8.76092937477285e-05,0.045720713512752226,0.6564250238465738
160.9,7506.475456457053,9423.177859081748,126647.51137190455,45.389079487139846,61.9877924431566,95.24935038027078,0.7529979016257766,8.570669047030633e-05,0.0457598075141089,0.6564298841596199
161.0,7511.008443915933,9429.395899146652,126658.56931079038,45.38904142492549,61.987397398261585,94.29321763107211,0.7529912885881298,8.380401045291883e-05,0.04579890557189691,0.6564347435470583
161.10000000000002,7515.541140398999,9435.61393940629,126669.11843548276,45.38903118593314,61.98700235014257,93.33708488187318,0.7529847396589753,8.190138781766478e-05,0.04583754983759362,0.656439558647827
161.20000000000002,7520.073836882066,9441.83192005081,126678.57943333207,45.38902094694079,61.986607285675404,92.38095210610915,0.7529781893892206,7.999870932613449e-05,0.0458739929378146,0.6564445267319081
161.3,7524.606537204648,9448.04982043778,126687.39466728199,45.38901070794843,61.98621224421092,91.42481932789788,0.7529717827545386,7.810234172711646e-05,0.04590612884978007,0.6564496291487287
161.4,7529.139288299019,9454.26772082475,126696.20990123188,45.38900115416363,61.98581720274643,90.4686865441679,0.7529654975282476,7.62095966464566e-05,0.04593469388029849,0.6564548405048586
161.5,7533.671689026819,9460.485621375214,126705.03816445284,45.3890157442926,61.985422161281946,89.5125537570237,0.7529592113660675,7.431677215393324e-05,0.045963260090673703,0.656460051501875
161.60000000000002,7538.203808166299,9466.703522120608,126714.82730282657,45.38905815757781,61.98502711637264,88.55642096987921,0.7529529772265149,7.242398331458822e-05,0.04599183206018775,0.6564652010763721
161.70000000000002,7542.7359273057755,9472.92136325921,126724.46489833975,45.38910057086302,61.98463205196511,87.60028815827754,0.7529466619260193,7.053112702734717e-05,0.04602041426391822,0.6564704416733492
161.8,7547.268050655023,9479.139124151472,126733.28874066516,45.389142984148236,61.984237009402314,86.64415534442283,0.7529403410363184,6.864542967543331e-05,0.04604900326317292,0.656475686850919
161.9,7551.8002296721,9485.356885043737,126742.11258299055,45.389185739968326,61.98384196683951,85.68802252539774,0.7529340177132249,6.676384210986865e-05,0.04607759730828638,0.6564809331116219
162.0,7556.332070003,9491.57464609954,126750.71929668286,45.38924772322439,61.98344692427672,84.73188970317398,0.752927697988828,6.488217479638348e-05,0.04610606199476254,0.6564861829763692
162.10000000000002,7560.863638133068,9497.792407350325,126759.08565339725,45.38933752955821,61.98305187803924,83.77575688094991,0.7529214704207843,6.300054003514076e-05,0.04613354970728666,0.6564913944612993
162.20000000000002,7565.395206263135,9504.010109002218,126767.43153109535,45.38942733589203,61.982656809059655,82.8196240363774,0.7529151582466963,6.111883581931974e-05,0.04616104820601546,0.6564967009630454
162.3,7569.926777751567,9510.227730418403,126775.77740879344,45.38951714222585,61.98226176076696,81.86349118974614,0.7529088403590812,5.924520679471592e-05,0.046188552988929335,0.6565020123137002
162.4,7574.458393649306,9516.445351834589,126784.12328649154,45.389607633608,61.98186671247426,80.90735833829905,0.7529025199859377,5.737621763344919e-05,0.04621606386026986,0.6565073248243753
162.5,7578.989682541262,9522.662973414243,126792.25203554363,45.38972226653101,61.98147166418156,79.9512254838726,0.7528961987102891,5.550715842047538e-05,0.04624357590631457,0.6565126370253274
162.60000000000002,7583.520732646672,9528.880595188788,126800.1404276018,45.38986472243788,61.98107661197676,78.99509262944588,0.7528899416563058,5.3638146670626386e-05,0.046271094635342395,0.6565178738442395
162.70000000000002,7588.051791297177,9535.09815737191,126808.00834064196,45.39000717834474,61.98068153370765,78.03895975478027,0.7528835961844376,5.17690634812087e-05,0.04629862479041677,0.6565232099925099
162.8,7592.582853829578,9541.31563932938,126815.87625368213,45.39014963425161,61.98028647496755,77.08282687825023,0.752877244792678,4.9908745196553394e-05,0.046326161128613395,0.6565285512280398
162.9,7597.113967694164,9547.533121286848,126823.7441667223,45.3902927751026,61.97989141622744,76.12669399726101,0.7528708908494518,4.8053465783435946e-05,0.04635370346294415,0.6565338937006121
163.0,7601.64476623336,9553.750603407589,126831.39495110283,45.390460055941624,61.97949635748733,75.17056111351307,0.7528645359960022,4.6198106071256014e-05,0.04638124699237653,0.6565392358668989
163.10000000000002,7606.175311346702,9559.968085722989,126838.80537847232,45.39065515965236,61.97910129458927,74.21442822976486,0.7528578598474351,4.4342848628103455e-05,0.04641998738963775,0.6565441536335522
163.20000000000002,7610.705856460043,9566.185508454002,126846.19532682198,45.39085026336309,61.97870620221713,73.25829532788815,0.752850683205481,4.248749647327391e-05,0.04647035696910847,0.6565488199022346
163.3,7615.236406893866,9572.402850968838,126853.58527517164,45.39104536707382,61.97831112821603,72.3021624243414,0.7528289726795742,4.0643104012164506e-05,0.046521903870663635,0.6565700638184807
163.4,7619.7670276830095,9578.620193483675,126860.97522352132,45.3912411556164,61.97791605421492,71.34602951659005,0.7528067531998363,3.880436866897315e-05,0.04657369421008417,0.656591868544355
163.5,7624.297344827157,9584.837536161465,126868.14804320088,45.39146108246696,61.97752098021381,70.38989660623747,0.7527845204310385,3.696546508256576e-05,0.0466257285066505,0.6566136656163882
163.60000000000002,7628.827417932937,9591.054879033534,126875.08050585627,45.39170883205524,61.977125901800136,69.43376369588464,0.7527276335718412,3.51290876020834e-05,0.046680589818155135,0.656674981217887
163.70000000000002,7633.357491038716,9597.272162327825,126881.99248949037,45.39195658164351,61.976730790411665,68.47763076951449,0.7526608955244292,3.329288320810118e-05,0.04673626416026174,0.6567475137770149
163.8,7637.887569835197,9603.489365414835,126888.90447312446,45.39220433123178,61.97633569623613,67.52149784166879,0.7525941310672768,3.1467411140141066e-05,0.0467919523874839,0.656820056091971
163.9,7642.417723882587,9609.706568501844,126895.81645675858,45.39245276553335,61.97594060206059,66.56536491004044,0.7525273862972924,2.9647962928226172e-05,0.046846349485291934,0.6568926484087532
164.0,7646.9475859653685,9615.923771751362,126902.51131171291,45.39272533635993,61.97554550788506,65.60923197607191,0.7525105128061926,2.7825694090099095e-05,0.04688522172784151,0.6569092047805564
164.10000000000002,7651.477213397273,9622.140975194634,126908.68873731446,45.39302572976438,61.975150409033326,64.6530990421031,0.7525115258759612,2.6003221273301414e-05,0.04692265477738919,0.6569053715843
164.20000000000002,7656.006840829175,9628.358119066303,126914.66771075857,45.39332612316883,61.97475527361258,63.69696609422863,0.7525125344263143,2.418071640387523e-05,0.04696009295426635,0.6569015410366341
164.3,7660.536477537543,9634.575182739009,126920.64668420269,45.39362651657329,61.97436015424653,62.74083314507315,0.7525135418534847,2.2370504286657996e-05,0.04699753383873908,0.6568977094188719
164.4,7665.066236913133,9640.792246411715,126926.54780795738,45.39392759456674,61.97396503488048,61.78470019253618,0.7525145460793808,2.0567393758754665e-05,0.047035036009929754,0.6568938749169994
164.5,7669.595716004505,9647.009310246358,126932.21404793233,45.3942528072041,61.97356991551443,60.82856723790723,0.7525155460295548,1.876426397387767e-05,0.04707260447765308,0.6568900383926016
164.60000000000002,7674.124969832485,9653.226374274076,126937.71506882222,45.394605842229325,61.97317479119925,59.872434283278004,0.7525167247142014,1.6962181372387386e-05,0.04710804014764869,0.6568861478910503
164.70000000000002,7678.654223660463,9659.44337873594,126943.21608971209,45.39495887725456,61.97277962662398,58.916301316855396,0.7525179428361433,1.5160066028219561e-05,0.04714226564942647,0.6568822971197126
164.8,7683.1834842897415,9665.660303006576,126948.71711060198,45.39531191227979,61.972384476945,57.960168349346354,0.7525191599875974,1.337140036002102e-05,0.047176494535111656,0.6568784454038242
164.9,7687.712834855931,9671.877227277211,126954.14028180201,45.395665631800824,61.97198932726602,57.004035378818834,0.7525203760144373,1.1590505655274863e-05,0.047210731128503235,0.6568745926088647
165.0,7692.24191681829,9678.09415170909,126959.3285692129,45.39604348451305,61.97159417758704,56.04790240642391,0.7525215902765119,9.809596399190185e-06,0.047244968417175126,0.656870739971527
165.10000000000002,7696.7707829047395,9684.311076333206,126964.35163753165,45.396449159388354,61.97119902267632,55.091769434028706,0.7525229168013035,8.030134129604109e-06,0.04727921395571729,0.65686675631524
165.20000000000002,7701.2996489911875,9690.527941396787,126969.4060718729,45.396854834263664,61.970803823714085,54.1356364519543,0.752524240301288,6.2506367055861235e-06,0.04731346533362132,0.6568627738866188
165.3,7705.8285222491095,9696.7447262763,126975.80629077104,45.39726050913897,61.9704086384895,53.179503468988216,0.752525562832182,4.485796862557502e-06,0.04734772008216145,0.6568587905075235
165.4,7710.357490338913,9702.961511155812,126982.12865997915,45.39766686834812,61.970013453264926,52.22337048341534,0.7525268842396223,2.729427043880241e-06,0.04738198251512344,0.6568548060432328
165.5,7714.960032595203,9709.178296195736,126988.43327409688,45.39809735828885,61.96961826804034,51.26723749622973,0.7525282038847407,9.730487818036762e-07,0.04741624566193938,0.6568508217277237
165.60000000000002,7719.573162231721,9715.39508142691,126994.73788821461,45.39855567012845,61.96922307729138,50.31110450904386,0.7525296458443854,-7.81415637804223e-07,0.04745051777089659,0.6568466948139322
165.70000000000002,7724.186291868237,9721.611807102434,127001.03436313599,45.39901398196805,61.968827838595345,49.35497151429438,0.752531085493396,-2.5359166713387375e-06,0.04748479613946167,0.6568425682728656
165.8,7728.799451316398,9727.82845260047,127006.95628529374,45.399472293807655,61.96843261247809,48.39883851884811,0.7525325241746019,-4.274498132669233e-06,0.04751907787638997,0.6568384407743723
165.9,7733.413254371892,9734.045098098504,127012.8003577616,45.39993128982849,61.968037386360834,47.442705521130605,0.7525339617330836,-6.0038791972714885e-06,0.04755336729420273,0.6568343121832521
166.0,7738.027057427385,9740.26174375599,127018.62667513911,45.400414414232955,61.96764216024358,46.48657252200798,0.7525353976038386,-7.73326173137719e-06,0.047587657450568095,0.6568301836485565
166.10000000000002,7742.64086048288,9746.478389603571,127024.43482920113,45.4009253602283,61.96724692829891,45.53043952288509,0.7525369668266779,-9.460202000526016e-06,0.047621957352565907,0.6568258997997252
166.20000000000002,7747.254663538375,9752.694975899964,127028.45732519859,45.401436306223644,61.966851644403526,44.574306518315666,0.7525385345563774,-1.1187180474578564e-05,0.04765626397105708,0.6568216153468975
166.3,7751.868497601509,9758.911482024865,127032.38618300516,45.401947252218996,61.96645637192776,43.61817351324448,0.7525401013194123,-1.2896925381358594e-05,0.04769057396856124,0.6568173299284871
166.4,7756.4830003356265,9765.127988149768,127036.00364205352,45.40245888224952,61.966061099452,42.66204050623245,0.7525259258251188,-1.4597108106082298e-05,0.047726195224325314,0.6568309836155584
166.5,7761.097503069743,9771.34449443302,127039.55008074074,45.40299463838527,61.96566582697623,41.7059074980197,0.7524697435065762,-1.6298564991290114e-05,0.04776529965324136,0.6568925033752023
166.60000000000002,7765.712005803861,9777.56100090506,127043.09651942796,45.40355821575632,61.96527054835923,40.749774489806676,0.752412487626437,-1.7997370456563077e-05,0.047804521849762,0.6569552312224991
166.70000000000002,7770.326508537978,9783.777447829934,127046.64092331608,45.40412179312737,61.964875213675725,39.79364147826595,0.7523552125375603,-2.0991351150702103e-05,0.04784375903802742,0.6570179666097699
166.8,7774.941043475524,9789.993814588739,127050.09168901366,45.40468537049843,61.96447988925232,38.83750846641865,0.7522979177637269,-2.397744107476996e-05,0.04788300740673378,0.6570807103812512
166.9,7779.556272142793,9796.210181347542,127053.23105595513,45.40524963175011,61.9640845648289,37.88137545297934,0.7522406031412211,-2.692105278104212e-05,0.04792227129876103,0.657143462399617
167.0,7784.171500810063,9802.42654825665,127056.29940253597,45.40583203115436,61.96368924040549,36.92524243855514,0.752180767508687,-2.9865448370040443e-05,0.04796175149770939,0.6572090706094749
167.10000000000002,7788.786729477334,9808.642915344954,127059.3677491168,45.406441610835515,61.96329390951583,35.969109424130664,0.7521197650967415,-3.2809689425781835e-05,0.048001359865572094,0.6572759902243521
167.20000000000002,7793.401958144605,9814.859222889685,127062.43406089857,45.40706126209265,61.96289851832747,35.01297640849949,0.7520587420396487,-3.57546434830489e-05,0.0480409843374819,0.6573429174085869
167.3,7798.017220210833,9821.075450273189,127065.40673449036,45.40768091334978,61.96250313623926,34.05684339275712,0.75203117301693,-3.861782521908599e-05,0.04807783476491094,0.6573717632540677
167.4,7802.633201059411,9827.29167765669,127068.06800932912,45.40830091103009,61.96210775415106,33.100710375777794,0.7520259924681855,-4.143330734687346e-05,0.04811283177312275,0.6573751290962361
167.5,7807.249181907988,9833.507905277333,127070.6582638079,45.40894017837074,61.961712372062856,32.1445773580332,0.752020810718248,-4.42489073258585e-05,0.048147830377888765,0.6573784942623278
167.60000000000002,7811.865162756567,9839.724133017146,127073.2485182867,45.4096085373002,61.96131698317177,31.188444340288342,0.7520158012157956,-4.706354820070638e-05,0.048182842409522274,0.6573816594674106
167.70000000000002,7816.481143605145,9845.940301216551,127075.83673796646,45.41027979520091,61.96092152962898,30.232311323460532,0.7520107930344148,-4.987833157776055e-05,0.0482178636601269,0.6573848205548681
167.8,7821.097159047989,9852.156389258987,127078.33131945711,45.41095105310161,61.96052608402594,29.27617830671717,0.7520057766076467,-5.260711788860579e-05,0.04825288987456391,0.6573879887859031
167.9,7825.713918320568,9858.372477301426,127080.5145021987,45.41162231100232,61.96013063842289,28.320045289093972,0.7520007450176884,-5.5286175461961284e-05,0.048287926025750626,0.6573911717055622
168.0,7830.330677593146,9864.58856549806,127082.78360025237,45.41231131988823,61.95973519281984,27.363912270926452,0.7519956979409383,-5.7965345552398095e-05,0.04832296500066132,0.6573943702009354
168.10000000000002,7834.947436865726,9870.804653878533,127085.5392755525,45.413033093531986,61.95933974006524,26.407779252758658,0.7519908364909973,-6.0643370257933175e-05,0.04835801864501821,0.6573973533477907
168.20000000000002,7839.564196138304,9877.020682721333,127088.2929160536,45.41375486717573,61.95894421818064,25.451646237635195,0.7519859776156098,-6.33215363727675e-05,0.04839308214479426,0.657400330894658
168.3,7844.18099120021,9883.236631410844,127090.9529183668,45.41447664081948,61.958548703074776,24.495513222792155,0.7519811081330272,-6.590759896538142e-05,0.048428150905394596,0.6574033182659615
168.4,7848.798555133387,9889.452580100355,127093.61292068,45.41520188355994,61.95815318796892,23.539380207427143,0.7519762188262916,-6.844039642462288e-05,0.04846323014276269,0.6574063256158668
168.5,7853.4161190665645,9895.66852894238,127096.05579424699,45.4159463511797,61.95775767286305,22.583247191739215,0.7519713283237249,-7.09732976847992e-05,0.04849831104634578,0.6574093322789811
168.60000000000002,7858.033682999743,9901.884477966249,127098.33344868578,45.41671863809588,61.957362150244485,21.627114176051016,0.7519666415457611,-7.350485500411412e-05,0.04853340766321889,0.6574121028244162
168.70000000000002,7862.65124693292,9908.100367454743,127100.60906832556,45.41749092501206,61.956966553887725,20.670981165538944,0.7519619587327071,-7.603655223852133e-05,0.04856851482193679,0.6574148661273979
168.8,7867.268847850227,9914.316176793045,127102.79104977891,45.41826714949021,61.956570963148025,19.714848155503677,0.751957263669592,-7.846974310514817e-05,0.048603627256099215,0.6574176411343015
168.9,7871.887242674232,9920.53198613135,127104.97303123226,45.41904886954668,61.95617537240831,18.758715145304617,0.7519525455254918,-8.084596053103823e-05,0.048638750469755306,0.6574204398209755
169.0,7876.505637498238,9926.747795620337,127106.93788393527,45.41984490031755,61.95577978166861,17.80258213500422,0.7519478261683541,-8.322227358047403e-05,0.048673875964134375,0.6574232377953854
169.10000000000002,7881.124032322245,9932.963605288978,127108.73751750687,45.42066874977071,61.95538418304211,16.84644912470355,0.7519432524619207,-8.559702447750405e-05,0.048711082135607826,0.6574257130865172
169.20000000000002,7885.7424271462505,9939.179355424116,127110.53511627954,45.421492599223875,61.95498850593452,15.890316121716534,0.7519385706547003,-8.797189968343728e-05,0.048751388349925796,0.6574280799879678
169.3,7890.3608601489195,9945.395025411583,127112.23907686751,45.422320824448654,61.95459283328152,14.934183119403228,0.7519338762714466,-9.02414824399752e-05,0.048791698174779706,0.657430458498154
169.4,7894.980112087408,9951.61069539905,127113.94303745548,45.423155156852395,61.9541971606285,13.978050117284484,0.7519291563382146,-9.245016030319566e-05,0.04883207260436636,0.6574328589191679
169.5,7899.5993640258985,9957.82636553521,127115.42986928961,45.42400379962961,61.95380148797549,13.02191711528611,0.7519246981864188,-9.465888028648115e-05,0.048872444089238964,0.6574349576237207
169.60000000000002,7904.218615964388,9964.04203584865,127116.7514819897,45.42488026042635,61.953405807048114,12.065784113287462,0.7519275328050025,-9.68646413903653e-05,0.04891223736508642,0.6574287558838331
169.70000000000002,7908.837867902877,9970.257646630027,127118.07105989088,45.425756721223095,61.953010042756134,11.109651120747053,0.751930374590826,-9.994971657799817e-05,0.048952041921884425,0.6574225424865141
169.8,7913.457159214269,9976.473177265667,127119.29699960942,45.4266375565491,61.952614281755324,10.153518129077918,0.7519307246986137,-9.930549089423075e-05,0.04899205954641353,0.6574191611856455
169.9,7918.077294483646,9982.688707901307,127120.52293932794,45.42752449732014,61.95221852075452,9.197385137961957,0.7519298965439158,-9.812015260800634e-05,0.049032243073468644,0.657417112794515
170.0,7922.697429753022,9988.90423868349,127121.5317502898,45.42842574809995,61.95182275975371,8.241252147188225,0.7519290657237652,-9.693470119221686e-05,0.04907244670627835,0.6574150634855493
170.10000000000002,7927.3175650224,9995.11976964039,127122.37534211547,45.42935481619036,61.951426990076506,7.285119156414223,0.7519285027329997,-9.574897039145872e-05,0.049112669417392826,0.6574127039482442
170.20000000000002,7931.937700291776,10001.335241066234,127123.2168991423,45.43028388428076,61.95103113200038,6.328986177251486,0.7519279220490934,-9.258165939261705e-05,0.04915290709642311,0.6574103613387451
170.3,7936.557876127919,10007.550632347695,127123.96481798877,45.43121732596198,61.95063527605094,5.372853199158359,0.7519273379999144,-9.012659905227821e-05,0.049193147567249976,0.6574080197852665
170.4,7941.178920935269,10013.766023629154,127124.71273683525,45.43215687177842,61.9502394201015,4.4167202219773625,0.7519267501380725,-8.591153397324695e-05,0.04923345889286614,0.6574056750374532
170.5,7945.799965742618,10019.981415054843,127125.31449201766,45.43311072721643,61.94984356415205,3.460587245360664,0.751926159474475,-8.170499204275119e-05,0.04927379162104258,0.6574033293812457
170.60000000000002,7950.421010549969,10026.19680665249,127125.80502731982,45.43409239921237,61.949447699109484,2.504454268743694,0.7519258593354717,-7.94629812274689e-05,0.04931414504278802,0.6574006471300023
170.70000000000002,7955.0420553573185,10032.412138719652,127126.13366352706,45.4350740712083,61.94905174048048,1.5483213024289082,0.7519255438744109,-7.722089986388833e-05,0.04935451435914777,0.6573979787149308
170.8,7959.663141924866,10038.627390643202,127126.33735190432,45.43606011521004,61.94865578281238,0.5921883370631393,0.7519252250034252,-7.497872454602092e-05,0.04939488670220814,0.6573953114750785
170.9,7964.285122466529,10044.842642566753,127126.5410402816,45.437052261134845,61.948259825144284,-0.3639446241648573,0.7519233631936055,-7.273660462688296e-05,0.04943546628757278,0.6573943909602012
171.0,7968.907103008192,10051.057894632051,127126.56519918318,45.43805871627267,61.94786386747619,-1.3200775798566189,0.751902459976177,-7.131625557736509e-05,0.04947769849117312,0.6574151222384392
171.10000000000002,7973.529083549856,10057.273146866346,127126.45274925712,45.439092987174234,61.94746790028471,-2.276210535548652,0.7518818687929265,-7.16333565003824e-05,0.04951995618101454,0.6574354905151905
171.20000000000002,7978.151064091519,10063.488339570298,127126.33826453233,45.44012725807578,61.947071834177734,-3.2323434787089522,0.751860945227017,-7.19505549027328e-05,0.04956226093216248,0.6574562313620173
171.3,7982.773081718677,10069.703452130827,127125.99647353396,45.441165899404396,61.94667576786441,-4.188476420714849,0.7518397869490415,-7.2267769643221e-05,0.049610493667511114,0.6574767892905841
171.4,7987.395940721877,10075.918564691357,127125.60580486225,45.44221064045264,61.94627970155109,-5.144609361147938,0.7518185381757829,-7.25849936215291e-05,0.049661991803465574,0.6574971992006963
171.5,7992.018799725078,10082.13367739098,127124.95765505968,45.44326969028491,61.94588363523778,-6.100742300607993,0.7518176766283892,-7.289950601052879e-05,0.049711742741757034,0.6574944246366886
171.60000000000002,7996.64165872828,10088.348790256443,127124.08765545128,45.44435655504693,61.94548755895511,-7.05687524006832,0.751817156304686,-7.320249008328173e-05,0.049761518465861916,0.6574912542439652
171.70000000000002,8001.264517731481,10094.563843591264,127123.21765584285,45.44544341980896,61.945091378263726,-8.013008161397961,0.7518167359747974,-7.350549759764367e-05,0.049811303061173595,0.6574879650552482
171.8,8005.887420551825,10100.77881678227,127122.34765623441,45.44653465349225,61.94469519619705,-8.969141081057419,0.7518162997147022,-7.38085199425604e-05,0.0498611523629878,0.6574846853886639
171.9,8010.511262978134,10106.993789973272,127121.477656626,45.44763198479358,61.94429901413037,-9.925273998725606,0.7518158295254401,-7.411154736892189e-05,0.049911241806749884,0.6574814224932604
172.0,8015.135105404443,10113.208763300547,127120.34495152668,45.44874362443016,61.94390283206369,-10.881406915161875,0.7518151381373112,-7.44143750152716e-05,0.04996714925365609,0.6574779665703934
172.10000000000002,8019.758947830753,10119.423736790288,127118.99821093731,45.450472541779675,61.943506639566046,-11.837539831598415,0.7518147815694088,-7.470462157329173e-05,0.05002400357544348,0.6574740509702611
172.20000000000002,8024.382790257062,10125.638650748664,127117.65147034793,45.45314183969172,61.94311033700265,-12.793672727710215,0.7518144847088137,-7.499489513931031e-05,0.0500812518846888,0.6574700321440125
172.3,8029.006677665468,10131.853484562238,127116.30472975854,45.45581550499269,61.94271403189303,-13.749805621949713,0.7518107254140628,-7.528562026930315e-05,0.050140176710527534,0.6574698397370734
172.4,8033.63152929472,10138.068318375816,127114.95798916917,45.45850131178164,61.942317726783415,-14.705938513837623,0.7518069397958078,-7.557635435579907e-05,0.05019910804804906,0.6574696716307585
172.5,8038.256380923974,10144.28315232266,127113.34791782171,45.4612228153044,61.9419214216738,-15.662071404270694,0.7518031513365896,-7.586699651884171e-05,0.0502580426186272,0.6574695012217037
172.60000000000002,8042.881232553226,10150.497986428396,127111.52314127247,45.463944318827174,61.941525105655366,-16.61820429470404,0.7517997537294883,-7.615101987215633e-05,0.05031700820444164,0.6574688762052978
172.70000000000002,8047.50608418248,10156.712761001598,127109.69836472323,45.46666582234994,61.941128673744224,-17.57433716260894,0.751790057907145,-7.643444222159035e-05,0.050375986546612274,0.6574754466664161
172.8,8052.1309819766575,10162.927455428437,127107.87358817398,45.46939169166409,61.94073223811369,-18.53047002843854,0.751777942528251,-7.671763265352003e-05,0.050436312828106636,0.6574846747953141
172.9,8056.7568688387755,10169.142149855274,127106.04881162474,45.47212969742754,61.94033580248315,-19.486602891556,0.7517658273455604,-7.700082818997098e-05,0.050496646483912805,0.6574938962455822
173.0,8061.3827557008935,10175.356844412201,127103.9607043182,45.474903383339885,61.93993936685261,-20.442735752995564,0.7517537188626858,-7.728382569148597e-05,0.050556982825429,0.6575031039401423
173.10000000000002,8066.008642563013,10181.571539124225,127101.65789181039,45.477677069252216,61.93954291956944,-21.3988686144354,0.751741718046831,-7.755300577415769e-05,0.050614155750108865,0.6575124261724897
173.20000000000002,8070.634529425131,10187.786174302119,127099.35507930258,45.480450755164554,61.939146347806506,-22.35500145113435,0.7517300847908204,-7.782225845013146e-05,0.050658940911746664,0.6575222773942965
173.3,8075.260463640675,10194.000729331496,127098.19864140834,45.483228805197804,61.93874977114843,-23.311134285554182,0.7517184211587292,-7.809152131820907e-05,0.05070414731963131,0.6575321274560894
173.4,8079.887411841863,10200.21528436087,127097.12248481628,45.48601898645125,61.93835319449036,-24.267267116901127,0.7517067606111981,-7.836079101385506e-05,0.05074936626257015,0.6575419695616035
173.5,8084.51436004305,10206.42983951697,127095.52118914408,45.488844830745336,61.93795661783229,-25.223399946346998,0.7516948266766947,-7.862982075210556e-05,0.0508019565782354,0.6575515512662624
173.60000000000002,8089.141308244239,10212.64439482416,127093.86783444008,45.491670675039416,61.93756002841553,-26.179532775793145,0.7516822595435095,-7.888393074283691e-05,0.05087072525475247,0.6575606008399111
173.70000000000002,8093.768256445427,10218.858890595186,127092.2144797361,45.494496519333495,61.937163302173175,-27.135665578278118,0.7516695702849503,-7.913806389359429e-05,0.05093971087977369,0.6575697656525048
173.8,8098.395253190136,10225.073306214945,127090.47567546395,45.497326726006065,61.936766569857056,-28.091798378279435,0.7516620019137152,-7.939273862641107e-05,0.05099966376886296,0.6575737699082301
173.9,8103.02328885479,10231.287721834706,127088.65194377978,45.50016905848098,61.93636983754094,-29.047931174846983,0.7516549643229742,-7.964747846822037e-05,0.051048424001439614,0.6575780308616438
174.0,8107.651324519442,10237.502137577649,127086.52062859372,45.50304703636676,61.93597310522482,-30.00406396929019,0.7516479292465166,-7.99019970306085e-05,0.0510973710539596,0.6575822707057031
174.10000000000002,8112.279360184097,10243.71655346745,127084.38931340764,45.50592501425253,61.9355763595741,-30.96019676373367,0.7516408709313276,-8.014056610479133e-05,0.05114694949284977,0.6575864842594172
174.20000000000002,8116.90739584875,10249.93090981861,127082.25799822157,45.508802992138314,61.93517947024738,-31.916329528988644,0.7516337450019964,-8.037916951460942e-05,0.05119659986733538,0.6575907656555762
174.3,8121.535481140953,10256.145186015174,127080.04123346972,45.511685330600365,61.93478257366505,-32.87246229155478,0.7516266041246553,-8.061778701881613e-05,0.05124625384177951,0.6575950600027309
174.4,8126.164628880079,10262.359462211738,127077.73954130795,45.51457978927587,61.93438567708272,-33.82859505032616,0.7516179575348512,-8.085662198280531e-05,0.051296089774890335,0.6576010572886509
174.5,8130.793776619206,10268.57373852775,127075.13026565201,45.517509875215126,61.93398878050039,-34.784727806749856,0.7516090458535974,-8.109525077554006e-05,0.05134615611602889,0.6576073356241653
174.60000000000002,8135.422924358333,10274.788014986168,127072.52098999606,45.52043996115439,61.933591869933885,-35.740860563173825,0.7516001207988919,-8.131679628867154e-05,0.05139690152825881,0.6576135721804743
174.70000000000002,8140.052072097459,10281.00223190303,127069.91171434011,45.52337004709365,61.93319480807443,-36.696993288175534,0.7515874597840269,-8.153889433070809e-05,0.05144804997595272,0.6576240429002533
174.8,8144.681270720781,10287.216368661373,127067.21698912095,45.52630449172415,61.93279773777397,-37.65312601028264,0.7515672153055829,-8.176213300863543e-05,0.051494291044488265,0.6576435601316193
174.9,8149.311557595665,10293.430505419714,127064.43733649432,45.52925105077716,61.93240066747349,-38.60925872823389,0.751547264993675,-8.198526744298473e-05,0.05154859769100455,0.6576621046061827
175.0,8153.941844470549,10299.644642293579,127061.35010038214,45.532233218436545,61.93200359717302,-39.56539144361407,0.7515488169352889,-8.220509752942539e-05,0.05160099504956516,0.6576562219848485
175.10000000000002,8158.572131345435,10305.858779305174,127058.26286426997,45.53521538609591,61.931606512206635,-40.52152415899452,0.7515491560381662,-8.240685771716587e-05,0.05165350399451931,0.6576517123770895
175.20000000000002,8163.202418220319,10312.072856771854,127055.1756281578,45.53819755375529,61.93120926799391,-41.47765684071297,0.7515426315599314,-8.260961737001146e-05,0.051706636531198814,0.6576549930337751
175.3,8167.83275721401,10318.286854075499,127052.00294248527,45.54118407813692,61.930812014150874,-42.433789519330475,0.751530346435234,-8.281320935509703e-05,0.05176041091038546,0.657664801697109
175.4,8172.464209967402,10324.500851379142,127048.74532940795,45.54418271094826,61.93041476030783,-43.38992219343096,0.7515172688375403,-8.301691888317659e-05,0.05181465811462879,0.6576754738863382
175.5,8177.095662720795,10330.714848794189,127045.18013285467,45.5472169332085,61.93001750646481,-44.34605486473693,0.7515030912475885,-8.322051422527772e-05,0.05186900972656623,0.6576873898362734
175.60000000000002,8181.727115474189,10336.928846342058,127041.61493630141,45.550251155468736,61.929620237255094,-45.30218753604317,0.7514888705821332,-8.340502831487371e-05,0.05192337160063196,0.6576993491835109
175.70000000000002,8186.358568227582,10343.142784341213,127038.04973974812,45.553285377728976,61.92922280064533,-46.25832017144193,0.7514741259188226,-8.358964792012917e-05,0.05197779438540273,0.6577118973974406
175.8,8190.990074294322,10349.356642172217,127034.39909363762,45.55632395354391,61.928825353211764,-47.21445280353291,0.7514589122533739,-8.377423100983091e-05,0.05203232390012227,0.6577249679359959
175.9,8195.622719094037,10355.570500003221,127030.66352012524,45.55937463128382,61.92842790577821,-48.1705854307456,0.7514434085460175,-8.395877978393931e-05,0.052087261143451455,0.6577383324166537
176.0,8200.255363893752,10361.784357941317,127026.62036314745,45.562460886169234,61.928030458344644,-49.12671805494028,0.7514279010447096,-8.414302942075863e-05,0.05214220249845804,0.6577516956801424
176.10000000000002,8204.888008693468,10367.998216007089,127022.57720616969,45.56554714105465,61.927632994819234,-50.08285067913523,0.7514123470377843,-8.430677111923002e-05,0.05219715463684938,0.6577651059910017
176.20000000000002,8209.520653493184,10374.212015081233,127018.5340491919,45.56863339594006,61.92723535556774,-51.038983265171616,0.7513962298138563,-8.44706242416595e-05,0.05225217206972347,0.657779149259257
176.3,8214.153352790092,10380.42573473721,127014.40544266027,45.57172400029592,61.92683770440782,-51.99511584769285,0.7513801051812,-8.463449078367113e-05,0.05230733787510134,0.6577931838954488
176.4,8218.787215645521,10386.639454393186,127010.19190872995,45.57482669759885,61.92644005324791,-52.95124842497445,0.7513639541315988,-8.479834862957537e-05,0.05236295997488524,0.6578072070627056
176.5,8223.421078500953,10392.85317415174,127005.67079134572,45.57796495269576,61.926042402088,-53.9073809990145,0.7513477991103762,-8.496188293511345e-05,0.05241858637592402,0.6578212290248939
176.60000000000002,8228.054941356384,10399.066894032589,127001.1496739615,45.581103207792665,61.925644734387014,-54.86351357305482,0.7513315939623736,-8.476646520742631e-05,0.05247422424574551,0.6578353019703431
176.70000000000002,8232.688804211815,10405.280547209353,126996.62855657729,45.58424146288957,61.92524688425219,-55.81964610667981,0.7513146956579074,-8.237630183669057e-05,0.052532153831832205,0.6578499784269962
176.8,8237.322722748539,10411.49412603536,126992.02198964283,45.587384063785095,61.92484902176714,-56.77577863658175,0.7512964713265561,-7.973850485683626e-05,0.05262349977091367,0.657863491224355
176.9,8241.957829667364,10417.707704861368,126987.33049531316,45.59053874469482,61.92445115928208,-57.73191116088261,0.7512786398300565,-7.695735774637205e-05,0.052704638265426575,0.657877359785223
177.0,8246.592936586188,10423.921283785237,126982.33141754202,45.593728937297705,61.92405329679702,-58.68804368171832,0.751261793743333,-7.417604976123133e-05,0.05276082684004258,0.657892093667813
177.10000000000002,8251.228043505014,10430.13486282578,126977.33233977089,45.596919129900606,61.92365541771029,-59.64417620255429,0.7512453245517476,-7.139456079065186e-05,0.05280619980402964,0.6579072598050677
177.20000000000002,8255.86315042384,10436.348382303544,126972.33326199975,45.6001093225035,61.923257355736,-60.600308680713454,0.7512277353269449,-6.861288432971436e-05,0.05286350078284361,0.6579227426170978
177.3,8260.498314209812,10442.561821594216,126967.24873468229,45.60330385843052,61.922859279329934,-61.55644115494123,0.751206985217274,-6.55705097548739e-05,0.05299999393759155,0.6579354540560175
177.4,8265.134691218629,10448.775260884888,126962.07927997332,45.60651046729591,61.92246120292386,-62.51257362320623,0.7511892984757279,-6.237750834754233e-05,0.053059392637699085,0.6579508604884629
177.5,8269.771068227445,10454.988700268497,126956.60224183627,45.60975256646811,61.9220631265178,-63.46870608778229,0.7511713062334303,-5.918416957777711e-05,0.05312631567807688,0.6579660019873894
177.60000000000002,8274.407445236262,10461.202139762912,126951.12520369922,45.612994665640315,61.921613868073976,-64.42483855235861,0.7511521963998596,-5.599048787557311e-05,0.05321967116896675,0.6579802742555426
177.70000000000002,8279.04382224508,10467.415519688962,126945.64816556218,45.61623676481251,61.92106893883563,-65.38097097199092,0.7511212632242344,-5.2797611714986285e-05,0.05331679383730967,0.6580077238450566
177.8,8283.680257307635,10473.628819420403,126940.08567788296,45.61948320514603,61.92052400568625,-66.33710338748298,0.7510907168087595,-4.933091056609864e-05,0.053400626631168506,0.6580357936811367
177.9,8288.317930437268,10479.842119151843,126934.43826281621,45.6227417118883,61.919979072536854,-67.29323579665058,0.7510601623695379,-4.570542409075099e-05,0.0534844727779364,0.6580638582874185
178.0,8292.9556035669,10486.055418971087,126928.48326433572,45.62603568820766,61.91943413938746,-68.24936820190548,0.7510335848241312,-4.207915007376996e-05,0.05356796099235416,0.658087400161013
178.10000000000002,8297.593276696532,10492.268718895019,126922.52826585525,45.62932966452701,61.918889134127674,-69.20550060716066,0.7510224750240698,-3.8451444371317156e-05,0.05365096366196504,0.6580933175685264
178.20000000000002,8302.230949826166,10498.481959244546,126916.57326737476,45.63262364084637,61.91834337791547,-70.16163296519815,0.7510101026359649,-3.482360072175828e-05,0.05373669684346528,0.6581004421350799
178.3,8306.868682195844,10504.695119391337,126910.53281935651,45.63592195762193,61.91779761748786,-71.11776531888596,0.7509784767705544,-3.090954727367914e-05,0.053824260746188915,0.6581293759034802
178.4,8311.50767746652,10510.90827953813,126904.40744395499,45.639070964800084,61.91725185706025,-72.07389766588753,0.7509242929914953,-2.6829928448244756e-05,0.05388692638229598,0.6581860714421469
178.5,8316.146672737195,10517.121439767381,126897.974485155,45.642137209370404,61.916706096632645,-73.03003000875259,0.7508438989196865,-2.275042276842656e-05,0.053949604315068726,0.6582726480203696
178.60000000000002,8320.785668007871,10523.334600094944,126891.54152635502,45.64520345394072,61.91616026134588,-73.98616235161792,0.7507829695992313,-1.8668955478073975e-05,0.05405210107622217,0.6583337319175402
178.70000000000002,8325.424663278545,10529.547700841615,126885.10856755504,45.648274535006266,61.915613646373664,-74.94229464498545,0.7507163660221864,-1.4586708140777678e-05,0.054155856252835824,0.6584011549254701
178.8,8330.06371897509,10535.760721376811,126878.59015922199,45.651351289067556,61.91506702688044,-75.89842693379325,0.7506491738031595,-1.020208631039514e-05,0.05425968918369598,0.6584692125636855
178.9,8334.704062393428,10541.973741912008,126871.98682351016,45.65443404351762,61.91452040738723,-76.8545592155529,0.7505819527879716,-5.641853244474382e-06,0.054363547002309595,0.65853727067987
179.0,8339.344405811766,10548.186762524101,126865.0759044161,45.65734864527167,61.91397378789401,-77.81069149295213,0.7505684688833812,-1.0803313231573777e-06,0.05446256981647034,0.6585444571218224
179.10000000000002,8343.984749230103,10554.399783227871,126858.16498532204,45.660222488151355,61.91342709073903,-78.76682377035164,0.7505640894646604,3.481423150891497e-06,0.05456423499454695,0.6585410327788426
179.20000000000002,8348.62509264844,10560.612744343805,126851.25406622798,45.663096331031035,61.91287958460633,-79.72295599596653,0.7505480866627467,7.849817541874107e-06,0.05466775583320583,0.6585506859896445
179.3,8353.265497677823,10566.825625238915,126844.2576976058,45.66597017391072,61.91233207364575,-80.67908821681104,0.7505174580553639,1.175987209485952e-05,0.05477266066847229,0.6585768752842124
179.4,8357.907215234205,10573.038506134024,126837.1764016096,45.66885958978842,61.91178456268517,-81.63522043024531,0.7504108586050682,1.5646795426595944e-05,0.05487636454102356,0.6586897051400934
179.5,8362.548932790589,10579.251387100243,126829.78752224836,45.67178536795395,61.91123705172459,-82.5913526390952,0.7503299431991838,1.7986165705222066e-05,0.05497234414447077,0.6587738742500869
179.60000000000002,8367.190650346973,10585.464268151243,126822.39864288711,45.674711146119485,61.910689460240064,-83.54748484794536,0.7503074668243386,2.0324269793012516e-05,0.055033198681398186,0.6587943927034154
179.70000000000002,8371.832367903355,10591.677089607005,126815.00976352587,45.67763692428501,61.910141029866594,-84.50361700271708,0.750285381765054,2.2617644620323846e-05,0.05508548646209554,0.6588151748247332
179.8,8376.474148255187,10597.889830831977,126807.53543464172,45.680562702450544,61.90959259435715,-85.4597491525071,0.7502605655484271,2.5105635257445088e-05,0.05519376016648207,0.6588343737172085
179.9,8381.117265922228,10604.10257205695,126799.97617838856,45.68350404949028,61.9090441588477,-86.41588129452468,0.7502284559279044,2.7786764770670194e-05,0.05536647407910934,0.6588564461944463
180.0,8385.76038358927,10610.315313346991,126792.1093387885,45.68648173470954,61.90849572333825,-87.37201343173379,0.7501979804562388,3.0468369423508535e-05,0.05547023493280082,0.658882419121621
180.10000000000002,8390.403501256313,10616.528054714612,126784.24249918845,45.6894594199288,61.90794720425244,-88.32814556894317,0.7501712263636129,3.315030280613544e-05,0.055523645517989786,0.6589083812075569
180.20000000000002,8395.046618923354,10622.74073647913,126776.37565958839,45.692437105148066,61.90739781439285,-89.2842776497729,0.7501673946905023,3.57838322241533e-05,0.05557489359220316,0.6589084229731752
180.3,8399.689800569491,10628.95333800228,126768.4233704709,45.69541479036733,61.90684841908795,-90.24040972540894,0.7501633527319824,3.8621702972092194e-05,0.05563132882603562,0.6589082621877836
180.4,8404.334344304529,10635.16593952543,126760.38615398973,45.698408040608584,61.90629902378304,-91.19654179291018,0.7501502773680099,4.1661805154365475e-05,0.05590293698231393,0.658900160316981
180.5,8408.978888039564,10641.378541107342,126752.04135418072,45.70143760653691,61.90574962847815,-92.15267385537877,0.7501418891162184,4.470224629183894e-05,0.056062045418430594,0.6588961915646214
180.60000000000002,8413.623431774602,10647.591142759313,126743.49174887888,45.70446717246525,61.90520014642323,-93.10880591784762,0.7501379210626105,4.231119805152626e-05,0.056116048997917986,0.658896112174363
180.70000000000002,8418.26797550964,10653.803684799865,126734.12882196183,45.70749673839359,61.904649760451484,-94.06493792162779,0.7501322865339942,3.3567309100498715e-05,0.05620523985785167,0.6588949252992002
180.8,8422.912584407184,10660.016146587845,126724.42409699791,45.71052630432192,61.904099368723855,-95.02106992000157,0.7501217893948928,2.4301933639290167e-05,0.05640917906015393,0.6588894482401275
180.9,8427.558580159863,10666.228608375824,126714.66004181064,45.71357143192885,61.903548976996234,-95.97720190987803,0.750118336547501,1.5089613263268632e-05,0.056471485425905056,0.6588880422964932
181.0,8432.20457591254,10672.441070215998,126704.81909079643,45.71665285574661,61.902998585268605,-96.93333389449754,0.7501161981099387,5.876906405354977e-06,0.05653372367876518,0.6588851397516613
181.10000000000002,8436.85057166522,10678.6535321184,126694.97813978222,45.71973427956437,61.90244810382351,-97.88946587911731,0.7501145808657261,-3.336134374894127e-06,0.05658367505837642,0.6588826931088676
181.20000000000002,8441.496567417898,10684.865934400601,126685.137188768,45.72281570338213,61.9018966874559,-98.84559780273113,0.7501129448388452,-1.2536895578045544e-05,0.05662957069377747,0.6588806125172149
181.3,8446.142629515158,10691.078256418405,126674.95443973085,45.72589712719989,61.901345265020645,-99.80172972072509,0.7501054962498083,-8.879184698898858e-06,0.0566765433799931,0.658885053592419
181.4,8450.790103202187,10697.29057843621,126664.71236047446,45.728994109240496,61.9007938425854,-100.75786162985902,0.7501085859781118,-5.123149642003083e-06,0.05672253797672911,0.6588775780834779
181.5,8455.437576889219,10703.502900499376,126654.39338539638,45.73212736736424,61.90024242015014,-101.71399353351161,0.7501116656566583,-1.3670279965577302e-06,0.056768534334527554,0.6588701105327471
181.60000000000002,8460.08505057625,10709.715222616629,126644.0744103183,45.735260625488,61.899690901061284,-102.67012543716447,0.7501147710545233,2.3891804659939827e-06,0.05681453451217233,0.658862610039663
181.70000000000002,8464.732524263281,10715.927485104432,126633.75543524022,45.73839388361176,61.89913837488632,-103.62625727747256,0.7501179356320798,6.145476482281016e-06,0.0568619614566422,0.6588549157019348
181.8,8469.38006547548,10722.13966731539,126623.09466216419,45.74152714173552,61.89858584233071,-104.58238911194533,0.7501175510090905,8.322621767130537e-06,0.056992413777833116,0.6588440819880185
181.9,8474.029042976514,10728.351849526349,126612.37455887326,45.74467595477738,61.898033309775094,-105.53852093719517,0.7501182257253016,1.0077854633622743e-05,0.05709801354490811,0.6588341704726522
182.0,8478.67802047755,10734.56403177761,126601.5775597661,45.74786102467843,61.89748077721949,-106.49465275673917,0.750121299085912,1.1833154965136895e-05,0.05714747175531069,0.658826383040036
182.10000000000002,8483.326997978584,10740.776214076928,126590.78056065894,45.75104609457948,61.89692813592595,-107.45078457628344,0.750124499409411,1.3588498428777866e-05,0.05719461668831257,0.6588186480534763
182.20000000000002,8487.975975479618,10746.988336737084,126579.98356155178,45.75423116448053,61.89637436199221,-108.40691633009027,0.7501278266015711,1.5334985006659177e-05,0.057241772411780835,0.6588107641910532
182.3,8492.625012076705,10753.200379107318,126568.84476447274,45.75741623438158,61.89582058136363,-109.36304807784134,0.7501311281675885,1.710343873440399e-05,0.05728975299131187,0.6588028342863194
182.4,8497.275413302747,10759.412421477551,126557.64663718328,45.76061685604294,61.895266800735044,-110.31917981600643,0.750134423981061,1.891945615194167e-05,0.0573379275017894,0.6587948904404582
182.5,8501.92590242846,10765.624463879321,126546.37161408331,45.76385371621919,61.894713020106465,-111.275311548241,0.7501380635994297,2.0735526810555442e-05,0.057377894374565454,0.6587872663815514
182.60000000000002,8506.576488606088,10771.836506318692,126535.09659098335,45.76709057639544,61.89415912800593,-112.23144328047587,0.7501418593628685,2.2551647440835202e-05,0.05741494258746734,0.6587797163625485
182.70000000000002,8511.227074783716,10778.048489108718,126523.82156788338,45.7703274365717,61.89360407467776,-113.18757494459436,0.7501616715364652,2.435904205540198e-05,0.05747133233997388,0.6587522386476738
182.8,8515.877711103381,10784.260391595117,126512.20474683864,45.77356429674795,61.89304901433932,-114.14370660243796,0.7501849129765162,2.6189987440994124e-05,0.05752819925061686,0.6587208072829356
182.9,8520.529576433386,10790.472294081517,126500.52859558814,45.776816705703936,61.89249395400087,-115.09983825033224,0.75020815374898,2.8071575016834677e-05,0.0575850703534654,0.6586893690753783
183.0,8525.181679862593,10796.68419659127,126488.77554853313,45.780105335889516,61.89193889366242,-116.05596989207126,0.7502246719906679,2.9953039918006918e-05,0.05764143082991679,0.6586656254057821
183.10000000000002,8529.8337832918,10802.89609912887,126477.02250147809,45.78339396607511,61.89138371763834,-117.01210153381057,0.7502232797330374,3.1833856610946366e-05,0.05769672041969284,0.65866237025203
183.20000000000002,8534.485886721006,10809.107942006474,126465.26945442308,45.7866825962607,61.8908273364534,-117.96823310505029,0.7502189842723717,3.3705194537941674e-05,0.05775298263599952,0.6586623319258029
183.3,8539.138041101489,10815.319704566116,126453.17460945142,45.78997122644629,61.890270947941495,-118.9243646697956,0.7502021222180602,3.560209323030558e-05,0.05781071686889365,0.6586764726078459
183.4,8543.791617890221,10821.531467125758,126441.02043427888,45.79327540264099,61.8897145594296,-119.88049622422804,0.7501516995363519,3.755490458326328e-05,0.057871810764981914,0.6587285326985117
183.5,8548.445262755433,10827.743229700902,126428.789363308,45.79661578403257,61.889158170917696,-120.83662777228031,0.7500952227068032,3.950799983485426e-05,0.058025048334001184,0.6587793629716905
183.60000000000002,8553.098907620648,10833.954992294528,126416.55829233711,45.79995616542415,61.88860166269628,-121.79275932033286,0.7500346046672143,4.1461338568471315e-05,0.058249370828988824,0.6588285823191642
183.70000000000002,8557.752552485861,10840.16669521704,126404.32722136624,45.80329654681573,61.88804390734817,-122.74889079549193,0.7499739218325456,4.3404966244336536e-05,0.0584740023460688,0.6588777623632107
183.8,8562.406365256486,10846.378317806617,126391.75435250795,45.80663692820731,61.887486144355144,-123.70502226393604,0.7499131789886719,4.537518000786331e-05,0.05869891057332448,0.6589269002079836
183.9,8567.061596967449,10852.589940396192,126379.1221534538,45.80999284602471,61.88692838136212,-124.66115372170351,0.7498535790399892,4.740264816124162e-05,0.0589002612746972,0.6589767575382914
184.0,8571.716828678413,10858.801562993049,126366.41305860777,45.813384912796536,61.88637061836909,-125.61728517286576,0.7497234165844223,4.943698315002328e-05,0.059028819292325375,0.6591133397784629
184.10000000000002,8576.37206038938,10865.013185598586,126353.70396376173,45.81677697956836,61.88581273165632,-126.57341662402828,0.7496613434682257,5.147020322501903e-05,0.05925330377795523,0.6591637986507075
184.20000000000002,8581.027292100345,10871.224748521414,126340.55683041608,45.820169046340176,61.88525355599161,-127.52954799988997,0.7497066021535422,5.349672087354319e-05,0.05957848230592758,0.6590830086351899
184.3,8585.682703347038,10877.436231095695,126327.03308628807,45.823561113112,61.88469437236271,-128.48567936881494,0.7496466388738116,5.5544444518525717e-05,0.05969808188771064,0.6591403892638805
184.4,8590.339567686353,10883.647713669976,126313.46870390652,45.8269686994936,61.88413518873382,-129.4418107266992,0.7496115578643252,5.765036435808499e-05,0.059868920008927774,0.6591647907842312
184.5,8594.996432025668,10889.859196245026,126299.87908761326,45.83041233589772,61.88357600510492,-130.39794207775304,0.7496021427796352,5.975349722425874e-05,0.06008028185041086,0.659156266527501
184.60000000000002,8599.653296364984,10896.070678820146,126286.21915689384,45.83385597230183,61.88301669415393,-131.3540734288071,0.749598528280694,6.18570932717716e-05,0.060163111672646784,0.6591528218607445
184.70000000000002,8604.3101607043,10902.282101697292,126272.55922617443,45.837299608705955,61.88245605665465,-132.31020470213818,0.7495959652969194,6.394995413416761e-05,0.06022262295617521,0.6591503018320337
184.8,8608.967207605143,10908.493444197758,126258.55749762918,45.840743245110076,61.881895410870555,-133.26633596830936,0.7495933892174809,6.607235451252696e-05,0.060282210377480556,0.6591477843305698
184.9,8613.62573026017,10914.704786698223,126244.51513083413,45.84420239714978,61.88133476508647,-134.22246722307557,0.7495908129318557,6.825863310440539e-05,0.0603422888338659,0.6591452166914429
185.0,8618.284252915195,10920.91612919869,126230.44753012995,45.847697576115465,61.88077411930238,-135.1785984707859,0.7495882323226252,6.966869985251336e-05,0.06040286783713282,0.6591426026792413
185.10000000000002,8622.94277557022,10927.127471699157,126216.30961500683,45.85119275508115,61.88021334287791,-136.13472971849652,0.7495856600808611,6.852258642508633e-05,0.060463448516043974,0.6591399736773235
185.20000000000002,8627.601298225247,10933.338754487902,126202.17169988371,45.854687934046844,61.879651205253666,-137.0908608860459,0.749583085051117,6.733143650759634e-05,0.06052402963388504,0.6591373422198169
185.3,8632.260006485276,10939.549956865749,126187.6919869671,45.85818311301253,61.879089059022604,-138.04699204621082,0.7495804962247218,6.614590867798508e-05,0.06058469185078401,0.6591347134065723
185.4,8636.920213162857,10945.761159243597,126173.17163580455,45.861693766292845,61.87852691279154,-139.0031231946061,0.7495779077974545,6.497714057183697e-05,0.06064587450203729,0.6591320306477644
185.5,8641.580419840442,10951.972361621447,126158.62605073555,45.865240202916006,61.877964766560474,-139.95925433571998,0.7495739619854077,6.380824410366198e-05,0.06073720121671202,0.6591281088152494
185.60000000000002,8646.240626518027,10958.183563999295,126144.01015125502,45.86878663953916,61.87740248582746,-140.91538547683416,0.7495639210516531,6.263882997461733e-05,0.06096168409916363,0.6591188037113203
185.70000000000002,8650.900833195612,10964.394706649879,126129.3942517745,45.87233307616232,61.87683880360789,-141.87151653533192,0.7495583980596551,6.14230664701078e-05,0.06108711767322314,0.6591134713991426
185.8,8655.561228526773,10970.60576885531,126114.43655453392,45.87587951278548,61.87627511245803,-142.82764758621903,0.7495556581371724,6.021348655085633e-05,0.06115166550722334,0.6591106018981782
185.9,8660.223144927675,10976.816831060742,126099.43821905137,45.87944143048507,61.875711421308175,-143.78377862497166,0.7495529636161226,5.902154775205394e-05,0.061215797452138745,0.6591077130432045
186.0,8664.88506132858,10983.027893266173,126084.41464966512,45.88303917185,61.87514773015832,-144.7399096562171,0.7495454203375966,5.7829221897848774e-05,0.06138546054630279,0.6591005118646434
186.10000000000002,8669.546977729484,10989.238955471605,126069.32076587505,45.88663691321492,61.874583881848224,-145.6960406874628,0.749601107946885,5.664167663776273e-05,0.06187868609593763,0.6589910499874512
186.20000000000002,8674.208894130388,10995.449957933546,126054.22688208496,45.89023465457985,61.87401839683241,-146.65217163361905,0.7497416755378606,5.54117120331421e-05,0.062429857213823124,0.6587791206614588
186.3,8678.871002234233,11001.660879914094,126038.79120056929,45.89383239594477,61.87345290256133,-147.6083025719368,0.7498853636229841,5.418780043564308e-05,0.06293823561799698,0.6585671696835493
186.4,8683.534654041547,11007.871801894642,126023.31488081576,45.89744566526767,61.87288740829025,-148.56443349775483,0.7500483324343923,5.29833451221349e-05,0.06310593427289651,0.6583655043094961
186.5,8688.198305848862,11014.08272387519,126007.81332716135,45.901095035469545,61.87232191401917,-149.5205644158397,0.7500441451296891,5.176680222253448e-05,0.06316805846187117,0.6583643171277053
186.60000000000002,8692.861957656176,11020.29364585574,125992.24145911101,45.90474440567142,61.871756253109446,-150.47669533392482,0.7500401989453013,5.0550267173087245e-05,0.063225021866394,0.6583633449856979
186.70000000000002,8697.525609463491,11026.504508075954,125976.6695910607,45.9083937758733,61.871188856955605,-151.4328261644284,0.7500362234783027,4.928339431106787e-05,0.0632825480201273,0.6583623471597027
186.8,8702.189456022468,11032.715289776997,125960.75592532034,45.91204314607517,61.87062145121993,-152.388956986864,0.7500312933966019,4.802313319991839e-05,0.06335985507130655,0.6583605284226434
186.9,8706.854868898097,11038.92607147804,125944.80162134633,45.91570804507803,61.87005404548426,-153.34508779643417,0.7500179863690692,4.6781903272291767e-05,0.0636118596493206,0.6583513873656646
187.0,8711.520281773728,11045.13685317908,125928.82208347437,45.91940905037157,61.86948663974858,-154.30121859804504,0.7500042429188774,4.554066792902758e-05,0.06387318110683676,0.6583417427636065
187.10000000000002,8716.18569464936,11051.347634880123,125913.16985925072,45.923110055665106,61.86891910721935,-155.25734939965616,0.7499907738976869,4.4299471547941865e-05,0.06412771512982139,0.6583323425581747
187.20000000000002,8720.85110752499,11057.558356803389,125898.1748389675,45.926811060958656,61.8683502524158,-156.21348011117365,0.7499838151382481,4.300649008003977e-05,0.06424682568755881,0.658328656956533
187.3,8725.516718199884,11063.76899816829,125883.17981868431,45.93051206625219,61.86778138770221,-157.16961081439166,0.7499781918811071,4.172051145394421e-05,0.06433797277773605,0.658326161732158
187.4,8730.183917783632,11069.979639533194,125868.18479840111,45.93422860180316,61.867212522988616,-158.1257415043783,0.7499682769421465,4.0454576834378944e-05,0.06451704440087407,0.6583199320434031
187.5,8734.851117367378,11076.190280898098,125853.01521456009,45.93798125269718,61.866643658275024,-159.0818721861792,0.7499177298070382,3.919131105677509e-05,0.06471338549199095,0.6583582419346354
187.60000000000002,8739.518316951126,11082.400922263001,125837.54211376693,45.94173390359119,61.86607465883587,-160.03800286798037,0.7497683688302099,3.793465897180813e-05,0.06485736005588669,0.6585141718362855
187.70000000000002,8744.185516534872,11088.611503832088,125822.06901297378,45.94548655448521,61.86550425461839,-160.99413345715456,0.7497654533381964,3.6613837591995684e-05,0.06494107261231302,0.6585092411864528
187.8,8748.852916963924,11094.822004802236,125806.59591218061,45.94923920537922,61.86493384016095,-161.9502640377959,0.749762485414258,3.530039780916229e-05,0.06502569909901733,0.658504269292159
187.9,8753.52192886648,11101.032505772386,125791.12281138745,45.95300738926919,61.8643634257035,-162.9063946048395,0.7497594967237173,3.4008457124431167e-05,0.06511067889525181,0.658499275177902
188.0,8758.190940769035,11107.243006742536,125775.47514706168,45.95681170514385,61.86379301124606,-163.86252516347074,0.7497565708582059,3.2716523705461135e-05,0.06519566396721584,0.6584941979884461
188.10000000000002,8762.859952671592,11113.453507712687,125759.52396582687,45.96061602101852,61.86322244679605,-164.81865572210222,0.7497535457996649,3.142459039339456e-05,0.06528256461467528,0.6584890328097011
188.20000000000002,8767.528964574145,11119.663948868376,125743.57278459208,45.964420336893184,61.86265031899481,-165.77478618555887,0.7497498421653642,3.007583124171755e-05,0.06538313393811718,0.6584832716667037
188.3,8772.198179718904,11125.874309383162,125727.62160335727,45.968224652767844,61.86207818062187,-166.73091664024804,0.7497460864917238,2.701324732186172e-05,0.06548455307067592,0.6584774699029292
188.4,8776.869027982717,11132.08466989795,125711.67042212248,45.972044504853905,61.861506042248934,-167.68704708097295,0.7497360179018366,1.8470489047933732e-05,0.06558705337240331,0.6584787327996732
188.5,8781.53987624653,11138.295030412735,125695.54467738088,45.97590050840282,61.860933903875996,-168.64317751305873,0.7497242667707706,9.927624455190914e-06,0.06568975767360659,0.6584818748099718
188.60000000000002,8786.210724510345,11144.505390927523,125679.11541577446,45.97975651195175,61.8603616012438,-169.59930794514483,0.7497069765973364,1.3845602480617731e-06,0.06590329909902168,0.6584802232468556
188.70000000000002,8790.88157277416,11150.7156916086,125662.68615416803,45.98361251550067,61.85978758705977,-170.55543827949202,0.7496698863407698,-7.435877251500652e-06,0.06616048116726594,0.6584966607282384
188.8,8795.552627723844,11157.075506411564,125646.25689256159,45.98746851904959,61.85921356197043,-171.5115686048355,0.7496240569964765,-1.649847767871773e-05,0.06641912534494307,0.6585227958760094
188.9,8800.225338756649,11163.464249813731,125629.82763095517,45.991340063044625,61.858639536881086,-172.46769891584879,0.7495780643996695,-2.5561906715466223e-05,0.06668010332476002,0.6585487746082541
189.0,8804.898049789455,11169.852993215894,125613.22380586837,45.99524778402031,61.85806551179174,-173.4238292179965,0.7495336553266428,-4.249864559492353e-05,0.06690060497105052,0.6585769558533412
189.10000000000002,8809.570760822262,11176.241726816275,125596.31646396204,45.99915550499599,61.85749132007306,-174.37995952014455,0.7495087392803328,-7.03428175024173e-05,0.06697341475309614,0.6585979095856621
189.20000000000002,8814.243471855067,11182.63045879626,125579.40912205572,46.003063225971665,61.856915391974326,-175.33608972195657,0.7495004378483187,-9.910964800038914e-05,0.06703910661084038,0.658600669622554
189.3,8818.916392880732,11189.019190593986,125562.50178014938,46.00697094694735,61.85633945263469,-176.29221991452565,0.7494921168328422,-0.00012887316357941368,0.06710510427290364,0.6586034126677871
189.4,8823.590992689531,11195.407922391712,125545.59443824305,46.01089421362934,61.85576351329507,-177.2483500923973,0.7494837518720221,-0.00013525149554635023,0.06717214031005159,0.6586060969601155
189.5,8828.265592498328,11201.79665418944,125528.5125328834,46.01485368888713,61.855187573955426,-178.20448026117626,0.7494754699471194,-0.00013196100732495484,0.06723918528223613,0.6586086808541307
189.60000000000002,8832.940192307127,11208.18537613488,125511.12711075059,46.01881316414492,61.854611465987645,-179.16061042995548,0.7494671407571544,-0.00012850648490722052,0.06730663803435821,0.6586112699368961
189.70000000000002,8837.614792115926,11214.574096447637,125493.74168861778,46.02277263940271,61.85403360066037,-180.11674049577303,0.7494587636897019,-0.00012506796017650075,0.0673741401498239,0.6586139014064163
189.8,8842.289605034084,11220.962816551018,125476.02790939766,46.0267321146605,61.85345572375456,-181.07287055210574,0.7494503668364103,-0.00012163016365644702,0.06744196093212151,0.6586165157058418
189.9,8846.966119055289,11227.3515366544,125457.45374770151,46.03070712804696,61.852877846848735,-182.02900059337318,0.7494419221248172,-0.00011819228490909481,0.06751086341651356,0.658619066466497
190.0,8851.642633076495,11233.740256757781,125438.74131810422,46.034718305831184,61.852299969942905,-182.98513062532032,0.7494278020878314,-0.00011460637223930873,0.06769295416481202,0.65861644397906
190.10000000000002,8856.319147097702,11240.128966956756,125419.68933057348,46.03872948361541,61.85172192300714,-183.94126065726775,0.7494167506889222,-0.00011085078763176842,0.06781400617994363,0.6586165668010387
190.20000000000002,8860.995661118906,11246.517675510548,125400.63734304276,46.042740661399634,61.85114210392204,-184.8973905835993,0.7494080333824189,-0.00010711206883260092,0.06788833711697793,0.6586188288474539
190.3,8865.672391143056,11252.906383828196,125381.58535551204,46.04675183918386,61.85056227291858,-185.8535205002015,0.7493111957222038,-0.00010338966798927171,0.06797304694586212,0.6587202639700962
190.4,8870.350844360408,11259.295092145845,125362.53336798132,46.050778535218896,61.849982441915124,-186.80965040137,0.7493052745819462,-9.965015602885774e-05,0.06807438770473906,0.6587165348555821
190.5,8875.029297577761,11265.683800463494,125343.34311256977,46.05484127887587,61.84940261091167,-187.76578029299026,0.749301636494203,-9.575800954789168e-05,0.06813301567303133,0.6587146123723164
190.60000000000002,8879.707750795116,11272.07249882296,125323.8132992738,46.05890402253284,61.848822608438596,-188.72191018461075,0.7493162718145486,-9.169121782755316e-05,0.06841034279143424,0.6586692200079068
190.70000000000002,8884.386204012466,11278.461195524673,125304.28348597784,46.06296676618981,61.84824081863202,-189.67803996793165,0.7497551461377993,-8.769093940708619e-05,0.06876654627222298,0.6581324906612471
190.8,8889.064876282451,11284.849891964794,125284.75367268188,46.06702950984678,61.84765901656503,-190.6341697412759,0.7497396440950912,-8.520080167918393e-05,0.06898293707811977,0.6581275052792319
190.9,8893.745294208537,11291.238588404914,125265.22385938591,46.07110777511092,61.847077214498036,-191.59029949881744,0.7497259996793699,-8.654996143598211e-05,0.06910531520810229,0.6581302100070036
191.0,8898.42571213462,11297.627284845035,125245.55577822994,46.07522210842611,61.84649541243105,-192.54642924658242,0.7497130091666689,-8.785941594286607e-05,0.0692149698242308,0.6581334850311233
191.10000000000002,8903.106130060707,11304.015971271503,125225.54813923976,46.07933644174131,61.84591343835833,-193.50255899434765,0.7496999838407138,-8.912286519958444e-05,0.06932462829993628,0.6581367807662963
191.20000000000002,8907.786547986794,11310.40465602665,125205.5405002496,46.08345077505651,61.84532967113654,-194.45868863109823,0.7496867827538628,-9.045721113329685e-05,0.06943663272316454,0.6581400106494999
191.3,8912.467187997852,11316.793340489929,125185.53286125942,46.08756510837171,61.844745891309906,-195.41481825762213,0.7496735150962277,-9.179512334125682e-05,0.06954971123409465,0.6581431835126574
191.4,8917.149596049805,11323.182024953208,125165.52522226925,46.09169497544843,61.84416211148327,-196.37094786796925,0.7496607697989806,-9.313311653601213e-05,0.06965270892416814,0.6581468086150288
191.5,8921.832004101758,11329.570709416486,125145.37931544038,46.09586098297772,61.84357833165663,-197.32707746830846,0.7496483558676191,-9.442977594432129e-05,0.06974928339039986,0.6581507206518264
191.60000000000002,8926.514412153712,11335.959383808911,125124.58783304751,46.10002699050701,61.842994379784535,-198.28320706864795,0.7496308387596363,-9.567793884864906e-05,0.06994214071339144,0.658150205787922
191.70000000000002,8931.196820205665,11342.348056516823,125103.688943446,46.1041929980363,61.84240863409362,-199.23933655601226,0.7496181785478732,-9.700002854674007e-05,0.07004161029535654,0.6581540471719344
191.8,8935.879453373776,11348.73672890698,125082.77000644444,46.10835900556558,61.84182287545096,-200.19546603296925,0.7496022019272258,-9.83241859974839e-05,0.07027856120652728,0.6581469843681953
191.9,8940.563876957745,11355.125401297139,125061.77563933344,46.11254055813836,61.841237116808294,-201.15159549337173,0.7495938184138239,-9.96485566294706e-05,0.07041930124486609,0.6581414889506155
192.0,8945.248300541714,11361.514073687295,125042.21411164042,46.116758318443026,61.84065135816564,-202.10772494353253,0.7495903087330789,-0.00010093051181860684,0.0704680507936939,0.6581402682436449
192.10000000000002,8949.932724125681,11367.902735947626,125023.45606182267,46.12097607874768,61.84006542806897,-203.06385439369362,0.749577288908201,-0.0001021644714827078,0.07050984846766528,0.6581506201353298
192.20000000000002,8954.61714770965,11374.291396509887,125004.64455370586,46.12519383905234,61.83947771002756,-204.0199837276107,0.7495437219856073,-0.00010347780101809975,0.0705541842096677,0.6581840967501538
192.3,8959.30179943958,11380.680056727972,124985.81299819291,46.129411599357006,61.83888997868492,-204.97611305081935,0.7496485873905829,-0.00010480817034932913,0.07065880953872412,0.658053430257089
192.4,8963.974848003063,11387.068716946058,124966.90601258536,46.13364491869978,61.83830224734228,-205.93224235709854,0.749755447636709,-0.00010613787784420459,0.0707707400626534,0.6579196454163787
192.5,8968.63883821579,11393.457377164143,124947.9990269778,46.13791452909937,61.83771451599963,-206.88837165290417,0.7497502920875596,-0.0001074071878584118,0.07087211592072537,0.6579146078050206
192.60000000000002,8973.303023811535,11399.846027191617,124928.7631037464,46.14218413949896,61.837126614485264,-207.84450094871005,0.7499956745549884,-0.00010866105928077615,0.07103351208098843,0.6576174545303844
192.70000000000002,8977.967209407278,11406.234675506832,124909.4737222245,46.146453749898555,61.83653693806247,-208.80063012512323,0.7499902360096226,-0.00010995723393387176,0.07114270200022214,0.6576118534148734
192.8,8982.631461134928,11412.623323449217,124890.16429331178,46.150723360298144,61.83594724798623,-209.75675929053796,0.7499843624287371,-0.00011125731312894513,0.07126221213364327,0.6576056119407669
192.9,8987.297327943163,11419.011971391601,124870.67189835706,46.155008545777164,61.83535755790999,-210.71288843864863,0.7499790810190607,-0.00011255752394819191,0.0713733613317761,0.6575995807912386
193.0,8991.963297043225,11425.400619333986,124849.02484203597,46.15933011775373,61.83476786783375,-211.66901757605402,0.7499763797092832,-0.00011381162721227253,0.07143644112381851,0.6575958118819141
193.10000000000002,8996.629464988979,11431.78925702312,124827.29555132237,46.16365168973031,61.83417800222699,-212.62514671345966,0.7499744546307946,-0.00011501182398028017,0.07149810569057266,0.6575913054901062
193.20000000000002,9001.295632934733,11438.177892985286,124805.55289603837,46.16797326170688,61.83358630587477,-213.5812757284344,0.7499749514596822,-0.0001162917318241167,0.07158637327578796,0.6575811355418434
193.3,9005.961867805563,11444.566528544561,124783.73005120919,46.17229483368345,61.83299459551402,-214.53740473213077,0.7499722763370549,-0.000114702348851424,0.07173575339918624,0.6575679077125332
193.4,9010.629737127869,11450.955164103834,124761.60548614968,46.176631998936266,61.83240288515328,-215.493533718148,0.7499696010158245,-0.00011243251881017699,0.07188516747770493,0.6575546422981103
193.5,9015.29771052296,11457.34379966311,124739.48092109017,46.181005658886136,61.831811174792534,-216.44966269322782,0.7499669064054796,-0.00011011355904145502,0.07203458244081495,0.657541364557528
193.60000000000002,9019.965886225757,11463.732424904587,124717.27412165192,46.185379318836006,61.831219267446876,-217.40579166830793,0.7499366092816099,-0.00010768966531053249,0.07218741081426679,0.6575591594541669
193.70000000000002,9024.634061928551,11470.121048403907,124695.05395764549,46.189752978785876,61.83062530657415,-218.3619205168734,0.7496922950391852,-0.00010530401998315817,0.07237243855566951,0.6578173620447003
193.8,9029.302305348194,11476.509671469106,124672.75360411301,46.19412663873575,61.83003133130432,-219.31804935378426,0.749570510739633,-0.00010289475963926787,0.07254330637263658,0.6579373127758601
193.9,9033.972202556048,11482.898294534307,124650.1515304221,46.19851591241317,61.82943735603449,-220.27417817263995,0.74956990777135,-0.00010046400863863101,0.07268036316114711,0.6579228739612238
194.0,9038.642205617256,11489.286917599506,124627.54945673115,46.20294180233193,61.82884338076466,-221.23030698032557,0.7495658488470183,-9.812143958142107e-05,0.07288011490229357,0.6579054016089705
194.10000000000002,9043.312414447431,11495.675530280412,124604.39941774687,46.20736769225069,61.82824919346275,-222.18643578801144,0.7495645527809885,-9.765974590202535e-05,0.0730289683478637,0.6578903719153043
194.20000000000002,9047.982623277609,11502.06414120489,124581.02195059092,46.21179358216945,61.82765279628412,-223.14256446624958,0.7495665185758694,-9.719875347353038e-05,0.07311983053445589,0.6578780397346194
194.3,9052.652900611884,11508.452751672197,124557.56429392839,46.216219472088206,61.827056384300406,-224.09869313256294,0.749568208983373,-9.673771614464839e-05,0.07321847781643852,0.6578651421298414
194.4,9057.32485096076,11514.841362139505,124533.80320793403,46.22066099852693,61.82645997231669,-225.05482178044826,0.7495689191711787,-9.627654410092206e-05,0.07333806109017378,0.6578510127216586
194.5,9061.99690894316,11521.22997260681,124509.9482279211,46.225139276609085,61.82586356033298,-226.01095041693284,0.7495716075784917,-9.5814848776244e-05,0.07342170692502374,0.6578386191794507
194.60000000000002,9066.669176155005,11527.618572621328,124486.09324790814,46.229617554691245,61.82526694282646,-226.9670790534177,0.7495729046786622,-9.529831647615803e-05,0.07353020294887715,0.6578250228929582
194.70000000000002,9071.34144336685,11534.007170862466,124462.23826789518,46.2340958327734,61.824668182658606,-227.92320755806043,0.7495607156956037,-9.47815763019373e-05,0.07380660728932861,0.6578079577071002
194.8,9076.013779866276,11540.395768607767,124438.3030983955,46.23857411085556,61.824069407296605,-228.87933605055784,0.7495406223398509,-9.426615906184426e-05,0.0740827926730696,0.6577998072408046
194.9,9080.687808514624,11546.784366353066,124414.064499639,46.243068035226806,61.82347063193461,-229.8354645242634,0.7495158372378959,-9.375026791782279e-05,0.074436983360646,0.6577880634738138
195.0,9085.361946576251,11553.172964098367,124389.73200688134,46.24759877035627,61.82287185657261,-230.79159298634315,0.7495008923360977,-9.323494046671114e-05,0.0746064961156257,0.6577858879848276
195.10000000000002,9090.036297327004,11559.561551320327,124365.39951412367,46.25212950548572,61.82227288109266,-231.74772144842316,0.7494987300450091,-9.26657737079262e-05,0.0747993672273894,0.6577664477125259
195.20000000000002,9094.710648077753,11565.95013675169,124341.06702136599,46.25666024061518,61.82167181871583,-232.70384977582185,0.7495210301759817,-9.211248505021602e-05,0.07503938359812648,0.6577136974006536
195.3,9099.385068899875,11572.338721649008,124316.6543391419,46.26119097574464,61.821070740759126,-233.65997809081364,0.7497416269895332,-9.157348514713819e-05,0.07552918666083054,0.6574061350000756
195.4,9104.061201012637,11578.727306546323,124291.9382277376,46.26573735514096,61.820469662802424,-234.6161063866418,0.7497219312511102,-9.09981138724481e-05,0.07591030240498832,0.6573846997833402
195.5,9108.737444318018,11585.11589144364,124267.12822234997,46.27032053484423,61.81986858484572,-235.57223467061416,0.7497164302805617,-9.042368807955751e-05,0.07623677773642921,0.6573531925162415
195.60000000000002,9113.413903771385,11591.504465744374,124242.31821696235,46.2749037145475,61.819267313609174,-236.52836295458678,0.749720891698495,-8.97941961675956e-05,0.07647004733982697,0.6573210086005624
195.70000000000002,9118.090363224752,11597.893038237173,124217.50821157472,46.279486894250766,61.8186640261025,-237.48449110085969,0.7497303385123005,-8.916553527301026e-05,0.076616082257987,0.6572932279456226
195.8,9122.766893533704,11604.281610159811,124192.61801674153,46.284070073954034,61.81806072262821,-238.44061923444767,0.7497855844170822,-8.854226098165697e-05,0.07680773885121393,0.6572078368470405
195.9,9127.445154285493,11610.670182082447,124167.42439280708,46.28866891276852,61.817457419153925,-239.39674734849692,0.7499052635848896,-8.792644178979966e-05,0.07716024170839932,0.6570299726923571
196.0,9132.123528008806,11617.058754005086,124142.13687490748,46.29330464079798,61.81685411567965,-240.35287545045833,0.7499067659012497,-8.72958648545485e-05,0.07747176029611268,0.6569915990266404
196.10000000000002,9136.80212133813,11623.447315254967,124116.84935700786,46.29794036882743,61.81625062729813,-241.30900355242,0.7499219832453143,-8.661042257794316e-05,0.07769475178716392,0.6569478952617018
196.20000000000002,9141.480714667454,11629.835874679047,124091.56183910825,46.30257609685689,61.815645209183785,-242.26513151357156,0.7502491960327374,-8.596092856873065e-05,0.07784031500742908,0.6565569448437005
196.3,9146.159379637107,11636.224433496525,124066.19413178638,46.30721182488634,61.815039774710165,-243.22125946175163,0.7505775254512307,-8.531095530990708e-05,0.07798609386404191,0.6561642631029038
196.4,9150.839794214626,11642.612992314005,124040.52299545125,46.31186325179249,61.81443434023655,-244.17738739001618,0.7507493578256231,-8.253439101213828e-05,0.07816722388292968,0.6559460953637308
196.5,9155.5203235422,11649.001551131485,124014.75796516951,46.31655180392308,61.81382890576293,-245.13351530595972,0.7509106327055095,-5.388124647489089e-05,0.07853646073169458,0.655717350023897
196.60000000000002,9160.201075933091,11655.390099197837,123988.99293488776,46.32124035605367,61.813223296408744,-246.08964322190357,0.7510445794350717,-2.5214706718890724e-05,0.07872282605080021,0.6555415743673243
196.70000000000002,9164.881828323978,11661.778645419983,123963.22790460603,46.32592890818427,61.81261586100869,-247.0457709938633,0.7510726464660613,3.461683790019041e-06,0.07886199011186985,0.6554926896877484
196.8,9169.562653140729,11668.167190997847,123937.38268492221,46.330617460314855,61.812008408853,-248.00189875255919,0.7511006940860135,3.3216894220337976e-05,0.0790011648854307,0.6554437902573276
196.9,9174.24524674971,11674.555736575714,123911.23403630142,46.33532175177931,61.81140095669732,-248.9580264910702,0.7511287077734287,6.370511597159661e-05,0.07914065529028771,0.6553948557781799
197.0,9178.927956886697,11680.944282153578,123884.99149375292,46.3400634085881,61.810793504541635,-249.91415421709362,0.7511524574335495,9.419542434635106e-05,0.07936734180858603,0.6553402184155955
197.10000000000002,9183.610893543166,11687.33281689976,123858.7489512044,46.34480506539689,61.81018588930157,-250.8702819431173,0.7511847470994025,0.00011363927332429945,0.07946541285564543,0.6552913176374339
197.20000000000002,9188.293830199635,11693.721349782762,123832.5064086559,46.34954672220568,61.80957657004988,-251.8264095219424,0.7512177933100558,0.00012019766773700996,0.07955049579668387,0.655243108460816
197.3,9192.976840068566,11700.109881982407,123806.18367672773,46.35428837901447,61.808967233641084,-252.78253708720754,0.7512501714976476,0.00012703749298527886,0.07964652728093224,0.6551943180296348
197.4,9197.661637940264,11706.498414182051,123779.55751594722,46.35904581901496,61.80835789723229,-253.7386646318422,0.7512663929545721,0.00013406729604353152,0.07994716232255258,0.6551390997945077
197.5,9202.346554116923,11712.886946381697,123752.83746125821,46.36384088460744,61.80774856082349,-254.69479216371363,0.751275784371233,0.00014110338041984553,0.0801105599028116,0.6551083682103921
197.60000000000002,9207.031700267296,11719.275467666814,123726.11740656919,46.36863595019992,61.80713907501073,-255.65091969558532,0.7512381498869167,0.00014553922108561304,0.08027231903284461,0.6551317239837396
197.70000000000002,9211.71684641767,11725.663987069145,123699.39735188018,46.373431015792406,61.80652802675694,-256.6070470776413,0.7512814501827494,0.00014507636861796686,0.08043517198053407,0.6550620922268469
197.8,9216.402066568487,11732.052505747306,123672.59710783177,46.37822608138489,61.80591696093914,-257.5631744458962,0.7513681846969728,0.00014460605919790212,0.08060623984415428,0.6549415731288175
197.9,9221.089093966217,11738.441024425465,123645.49343500761,46.38303697730635,61.80530589512135,-258.5193017931371,0.7514539021659449,0.0001441354367889633,0.08079370154482471,0.6548201202889511
198.0,9225.776241444653,11744.829543103624,123618.29586829453,46.38788577848907,61.80469482930355,-259.47542912737754,0.7514705414745692,0.00014365149276949807,0.08097809574914244,0.6547782469424355
198.10000000000002,9230.463622348683,11751.218050782032,123591.09830158143,46.3927345796718,61.804083601966184,-260.4315564616182,0.7514678219597881,0.00014318962150506676,0.08116109515158829,0.6547587102815351
198.20000000000002,9235.151003252711,11757.606556557383,123563.90073486835,46.39758338085454,61.80347068623642,-261.387683644139,0.7514615349088317,0.00014275881434756957,0.0813465692450834,0.6547429089684276
198.3,9239.838458946875,11763.99506156588,123536.6229788238,46.402432182037266,61.80285775253003,-262.34381081268333,0.7512348749325487,0.00014238211428908363,0.08156335138757366,0.654976001180836
198.4,9244.52774117379,11770.383566574375,123509.04179410891,46.40729686378292,61.80224481882364,-263.29993795987656,0.7509618253440155,0.00014201628653733194,0.08179005957871938,0.6552607899618811
198.5,9249.217145256063,11776.772071582871,123481.3667155193,46.41219974880675,61.80163188511724,-264.2560650938607,0.7509268737348836,0.00014158966722360036,0.08206967306814911,0.6552658842161762
198.60000000000002,9253.906786213689,11783.160565503937,123453.69163692968,46.417102633830595,61.80101876263914,-265.21219222784504,0.7508906235271962,0.00014119052509886803,0.08234479707606195,0.6552729095260053
198.70000000000002,9258.596427171313,11789.54905750065,123426.01655834007,46.42200551885443,61.80040366883921,-266.1683192065061,0.7508549884861505,0.00013854293565606244,0.08260894045732499,0.6552804972130912
198.8,9263.286143708707,11795.937548683687,123398.26129044221,46.426908403878265,61.79978855664407,-267.12444617085873,0.7508219153140193,0.00013372575988393825,0.08283162601793309,0.6552902832583692
198.9,9267.977706063488,11802.326039866726,123370.20259396185,46.43182722263379,61.799173444448925,-268.08057311350433,0.7508050560301724,0.00012873988497639325,0.08295756439474286,0.655293669872725
199.0,9272.669392045891,11808.714531049765,123342.05000363044,46.4367845595448,61.798558332253776,-269.03670004272067,0.7509498239288248,0.00012378002437843567,0.08352961933243896,0.6550550734968399
199.10000000000002,9277.361318348754,11815.103011055171,123313.89741329903,46.44174189645581,61.797943056809444,-269.9928269719373,0.7509078817414422,0.00011879028909114606,0.08383726215961673,0.6550638537585686
199.20000000000002,9282.053244651615,11821.49148911421,123285.74482296761,46.44669923336682,61.79732607445583,-270.94895374219425,0.7508995718642859,0.00011379366739835334,0.08411950015969438,0.6550371972017442
199.3,9286.745247319113,11827.879966310677,123257.51204335158,46.451656570277834,61.79670907334498,-271.9050804978078,0.750886391513378,0.00010877222422223176,0.08436516823999379,0.6550207123415708
199.4,9291.439114972067,11834.268443507142,123228.97583524234,46.45662988725512,61.796092072234124,-272.86120723132524,0.7508777997493734,0.00010357445802918348,0.0845383803683778,0.6550082299945269
199.5,9296.133108023623,11840.656920703606,123200.34573330505,46.46164199661392,61.79547507112327,-273.8173339511727,0.7508715961779711,9.83767727149842e-05,0.08467091372706673,0.6549982234661252
199.60000000000002,9300.827344838264,11847.045386629643,123171.71563136774,46.46665410597273,61.79485793179673,-274.7734606710205,0.7509212169928121,9.318577323218299e-05,0.08480209444123844,0.6549243635450013
199.70000000000002,9305.521581652905,11853.433850586376,123143.08552943043,46.47166621533154,61.79423934490712,-275.72958722848387,0.7515473082976379,8.806115923580687e-05,0.08499850007725705,0.6541803196523295
199.8,9310.215895679356,11859.822313628341,123114.37523823282,46.47667832469034,61.79362073890514,-276.68571377098834,0.7517672829358186,8.285530406936527e-05,0.08515070782273147,0.6539077170362674
199.9,9314.912095381062,11866.210776670308,123085.36151863381,46.48170644991585,61.793002132903155,-277.6418402909999,0.7517531986487428,7.743891232634923e-05,0.08523888186976682,0.6539124217677705
200.0,9319.608422253435,11872.599239712274,123056.25390522805,46.486773580030906,61.792383526901176,-278.5979667970958,0.7517390255416821,7.202231283028423e-05,0.08532513955281518,0.6539174663906151
200.10000000000002,9324.304996333629,11878.987691415781,123027.14629182228,46.491294425445766,61.79176481068822,-279.55407133643854,0.751712823224535,6.441453074644531e-05,0.08559242260797813,0.6539126581147243
200.20000000000002,9329.00157041382,11885.376141129622,122998.03867841653,46.494587826944866,61.791144937042404,-280.5095853126179,0.7516876010256776,4.7049990561530204e-05,0.08572347621915817,0.6539244863709139
200.3,9333.698222426536,11891.764589866827,122968.85087577518,46.49788122844396,61.790525043889936,-281.4650992578299,0.7516479274979999,2.9572041588311067e-05,0.08582324583342105,0.6539570036998396
200.4,9338.396777715823,11898.153038604032,122939.35964482589,46.50121453907064,61.78990515073747,-282.4206131801607,0.7515427069388012,1.210771315820948e-05,0.08594654811930076,0.6540617328409295
200.5,9343.095461948602,11904.541487341237,122909.77452009104,46.50456126295234,61.78928525758499,-283.37612708833586,0.7514198847616951,1.7583184331899236e-05,0.08628367232869467,0.6541584550894582
200.60000000000002,9347.7943968354,11910.929924626109,122880.18939535615,46.507907986834056,61.78866528549824,-284.3316409965113,0.7513084361315704,2.3060884561791805e-05,0.08644571260860735,0.6542650625223082
200.70000000000002,9352.493331722195,11917.318359895276,122850.9474531691,46.51125471071576,61.78804448002888,-285.2871547723507,0.7511969666807987,2.854435107372829e-05,0.08660789541703245,0.6543715984715561
200.8,9357.192345331376,11923.706794137797,122822.90824365655,46.51460143459747,61.78742365464266,-286.2426685163292,0.751144656816831,3.4350005251658464e-05,0.08676362506270895,0.6544110151285506
200.9,9361.893281507206,11930.095228380318,122794.867324902,46.51798808499106,61.78680282925644,-287.1981822369816,0.7510647524540551,4.015844531463495e-05,0.08692700372930215,0.6544810402380453
201.0,9366.594348694916,11936.483662622839,122766.73251238353,46.5213882569693,61.78618200387021,-288.15369594320305,0.7509734918148212,4.596930490121839e-05,0.08708338375544569,0.6545649675562994
201.10000000000002,9371.295670557398,11942.872085301078,122738.40650618385,46.524788428947545,61.7855611342068,-289.10920964942477,0.7509652904110875,5.177470494008031e-05,0.08721643136748161,0.6545566621895251
201.20000000000002,9375.996992419878,11949.260505937562,122709.88938270658,46.52818860092578,61.784939790261596,-290.0647232196881,0.7508395330766751,5.311474065086726e-05,0.08740619308068606,0.6546756068154418
201.3,9380.69839379929,11955.648925495147,122681.3722592293,46.531588772904016,61.784318425981034,-291.02023675721847,0.7508201472942337,5.357637916120981e-05,0.0876627531307442,0.6546635359176308
201.4,9385.401737149832,11962.037345052733,122652.85342651042,46.53502888900547,61.783697061700465,-291.97575027106217,0.7507894290761906,5.4037203360784976e-05,0.08808944548691301,0.6546414895660344
201.5,9390.105213185996,11968.425764610318,122624.2407000498,46.53848263662069,61.783075697419896,-292.9312637702518,0.7509492194796318,5.451184960050789e-05,0.08862010873507957,0.6543865395308592
201.60000000000002,9394.808947150528,11974.814172498443,122595.43677996263,46.54193638423592,61.78245432695721,-293.8867772694417,0.7517469780738323,5.503429944917043e-05,0.08870478167637058,0.6534584452249694
201.70000000000002,9399.512681115059,11981.202578320657,122566.44174265253,46.54539013185115,61.78183287696257,-294.84229062849596,0.7525742991970509,5.556197841788778e-05,0.0889629407875168,0.65247031830373
201.8,9404.216495396418,11987.590983017079,122537.44670534243,46.548843879466375,61.78121140620829,-295.7978039538115,0.7535131081342016,5.618876278514731e-05,0.0892271923279112,0.6513497530989291
201.9,9408.922271184092,11993.979387713498,122508.44995879114,46.55233758876308,61.78058993545402,-296.7533172550592,0.7537426080001475,5.677303061205601e-05,0.08962910264235796,0.6510289560545559
202.0,9413.62818129777,12000.367792409917,122479.3593185212,46.55584503941507,61.77996846469974,-297.708830541417,0.7539736908601767,5.734856950307941e-05,0.0900489466897795,0.650703355917184
202.10000000000002,9418.33435252857,12006.756185331318,122450.07748468101,46.55935249006706,61.779347013323545,-298.66434382777504,0.7539112713578839,5.79428012768263e-05,0.09040373850957732,0.6507264829601319
202.20000000000002,9423.04052375937,12013.144576160033,122420.60453367411,46.56285994071905,61.778725747168586,-299.6198569701236,0.7536311777458298,5.852641940299664e-05,0.09102510454915674,0.6509642654139371
202.3,9427.74677611296,12019.532965799006,122391.1315826672,46.566367391371045,61.77810445982455,-300.5753700778007,0.753484141481241,5.919460493844578e-05,0.0912976757155818,0.6510962904526554
202.4,9432.455009656169,12025.921355437975,122361.65692241956,46.56991482084172,61.77748317248051,-301.53088316090344,0.7534541003038384,5.984903880426665e-05,0.0916961961477892,0.6510750515612251
202.5,9437.163379252743,12032.309745076946,122332.08836847676,46.57347609932732,61.77686188513646,-302.4863962288029,0.7534362029345573,6.050447807532103e-05,0.09191927615441459,0.651064306438322
202.60000000000002,9441.872013324253,12038.698122832271,122301.0668937408,46.577037377812935,61.776240620285414,-303.44190929670265,0.7533785336182598,6.115788301034404e-05,0.09270774678419397,0.6510192432095319
202.70000000000002,9446.580647395764,12045.086498469045,122269.88666684578,46.58059865629855,61.7756195725033,-304.39742220891543,0.7533349431009441,6.18151507524318e-05,0.09328386703757248,0.6509873883820645
202.8,9451.289363402831,12051.474872861483,122238.70643995075,46.58415993478416,61.77499850291884,-305.3529350836453,0.7533206634827754,6.257221215168219e-05,0.09344384699412112,0.6509809686262176
202.9,9456.000080448972,12057.863247253925,122207.51937609444,46.5877612061577,61.77437743333439,-306.3084479333651,0.7533112363131345,6.332973686325341e-05,0.09353611781731164,0.6509786262984272
203.0,9460.71093530376,12064.251621646365,122175.9567375539,46.591376416799086,61.77375636374993,-307.263960767612,0.7533022017489823,6.408737403421785e-05,0.09362275538955836,0.650976626620504
203.10000000000002,9465.422058045595,12070.639984041352,122144.34630065323,46.59499162744047,61.77313534568867,-308.21947360185914,0.7532649422795944,6.484969042901789e-05,0.09371400696631144,0.6510066108922054
203.20000000000002,9470.133180787427,12077.02834429052,122112.6880844933,46.598606838081864,61.7725148452865,-309.1749862784199,0.7531607373714866,6.561916120482118e-05,0.09406919896624262,0.651075944250756
203.3,9474.844386280814,12083.41670323708,122081.0298683334,46.60222204872325,61.77189432245218,-310.13049891701644,0.7528973977370756,6.65064636373998e-05,0.09457508403874412,0.651307191374926
203.4,9479.557612741619,12089.805062183641,122049.36481521395,46.60587726798678,61.77127379961785,-311.08601152991145,0.752754123122383,6.737999404693802e-05,0.09508558380059937,0.6513984627979159
203.5,9484.270978773808,12096.193421130203,122017.32418750666,46.60954653997234,61.770653276783534,-312.0415241269059,0.7527136354251818,6.825244827221646e-05,0.09559952785670763,0.6513700243795261
203.60000000000002,9488.984616119638,12102.581767959187,121985.23576145373,46.61321581195791,61.77003287004831,-312.99703672390064,0.7530347789609497,6.917859119648358e-05,0.095924572215814,0.6509509146892483
203.70000000000002,9493.698253465467,12108.970112613657,121953.09955615606,46.61688508394347,61.769413650259516,-313.95254916835563,0.7536254824984078,7.010093584512393e-05,0.09607959090608079,0.6502440614309533
203.8,9498.411974378347,12115.358455904563,121920.96335085838,46.620554355929045,61.76879440750375,-314.9080615760856,0.7539780345644329,7.11072989628059e-05,0.0962043479457035,0.6498167755409588
203.9,9503.127736174847,12121.746799195467,121888.82030860297,46.62426364950108,61.76817516474797,-315.86357395793885,0.7539896118790474,7.208198094239958e-05,0.09628585195167434,0.6497912700987999
204.0,9507.843639306893,12128.135142486371,121856.3016918578,46.627987085214805,61.767555921992205,-316.8190863237831,0.7539915042271982,7.305792325849513e-05,0.09636982050323449,0.6497766261661936
204.10000000000002,9512.559817181938,12134.523473533707,121823.73527678131,46.631710520928536,61.766936860412244,-317.7745986896277,0.7539737731412236,7.403854684132613e-05,0.09645753353168639,0.649784185832853
204.20000000000002,9517.275995056983,12140.911802376035,121791.12108247438,46.63543395664226,61.76631966027947,-318.7301108944799,0.7539523889749654,7.502383673221599e-05,0.09654599177874162,0.6497958610223873
204.3,9521.992257319414,12147.30012978823,121758.50688816742,46.63915739235599,61.76570243667132,-319.6856230605719,0.7539522505781516,7.611349312004665e-05,0.09674259934910587,0.6497667793339812
204.4,9526.710580499777,12153.688457200426,121725.88924132808,46.642920864551215,61.76508521306317,-320.6411352004565,0.7539422306430339,7.95652919994469e-05,0.0970728595572406,0.6497291485378743
204.5,9531.429046779935,12160.07678461262,121693.46526347412,46.64669857734752,61.76446798945502,-321.5966473241275,0.7539492564616084,8.371841121929236e-05,0.09717203579110713,0.6497061698432819
204.60000000000002,9536.147791232635,12166.46509965036,121661.92585698864,46.65047629014383,61.76385101615814,-322.5521594477989,0.7538165489116097,8.795416283703573e-05,0.09729662588373486,0.6498414956300473
204.70000000000002,9540.866535685333,12172.853412450972,121630.33867128796,46.654254002940135,61.76323662090346,-323.50767140654364,0.7539217321905562,9.218223847816127e-05,0.09740940637064596,0.6497025633193582
204.8,9545.585365356686,12179.241723749328,121598.75148558726,46.65803171573644,61.762622201669195,-324.46318332558116,0.7540576226519026,9.652857399124385e-05,0.09752618734895706,0.649527316734232
204.9,9550.306276247296,12185.630035047685,121567.16429988657,46.661849479229026,61.76200778243493,-325.4186952180244,0.7542370036760652,0.00010088234343960045,0.09766426807816896,0.6492982541554071
205.0,9555.02733200132,12192.018346346042,121535.26873575817,46.66568157718349,61.76139336320065,-326.37420709401493,0.7546919195747022,0.00010527753765227984,0.09794401261247754,0.6487272661439922
205.10000000000002,9559.748669356191,12198.406645134855,121503.25140769813,46.66951367513796,61.76077926692111,-327.32971897000573,0.7547266135300765,0.00010967930063909544,0.098068230844368,0.6486681346412271
205.20000000000002,9564.470006711059,12204.79494165339,121471.1863004386,46.67334577309243,61.760168501656025,-328.28523074735057,0.7547626193808187,0.00011408308661157098,0.09817559000599609,0.6486099975312049
205.3,9569.19143012831,12211.1832365953,121439.12119317906,46.67717787104689,61.75955771190378,-329.24074246448635,0.7547910419693387,0.00011860366854405188,0.09840117800319756,0.648542733413607
205.4,9573.914955370334,12217.571531537209,121407.05608591954,46.68105002738824,61.75894692215154,-330.19625404381327,0.7548161426932706,0.00012312411036743978,0.09869649812482638,0.6484686398184587
205.5,9578.63862723857,12223.959826479118,121374.6826003223,46.6849365735457,61.75833613239929,-331.1517655840036,0.7547248033264867,0.00012766950241572733,0.09909033191735471,0.6485148888536042
205.60000000000002,9583.362584134367,12230.348108765325,121342.1873508311,46.688823119703166,61.75772574112193,-332.1072771241942,0.754525544247824,0.00013230475777172053,0.09953991341555343,0.6486778793902257
205.70000000000002,9588.086541030165,12236.736388746012,121309.6443221565,46.692709665860626,61.757119463659826,-333.0627886643846,0.7545419304663684,0.00013689485668248603,0.09988022498166146,0.6486065040419322
205.8,9592.810584845574,12243.124667073758,121277.10129348192,46.696596212018086,61.75651316119707,-334.01830020457487,0.7545003646853436,0.00014160358547869124,0.1002397660763327,0.6485993901747598
205.9,9597.536751421167,12249.512945401504,121244.55826480733,46.700522821373205,61.75590685873431,-334.9738115125308,0.7544588791337858,0.00014631242433509539,0.10059710959188195,0.6485923217481263
206.0,9602.26306638491,12255.90122372925,121211.83610291111,46.704463856205194,61.75530055627156,-335.92932279878704,0.7543860538595836,0.000151030931812863,0.10094848380971665,0.6486224345089696
206.10000000000002,9606.989669801254,12262.289489250015,121178.95129679538,46.70840489103718,61.75469471304732,-336.8848340850436,0.7542728396688629,0.00015583161561230253,0.10116903402538975,0.6487197280865958
206.20000000000002,9611.716273217597,12268.677752428865,121145.94760064979,46.71234592586918,61.754093613512076,-337.8403453712999,0.7542532352542558,0.00016061061270789838,0.10133473622866088,0.6487166581383488
206.3,9616.442964425292,12275.06601387627,121112.84143122152,46.716286960701176,61.75349248860497,-338.79585662502205,0.7542288065814278,0.00016551022351269328,0.10171849167973913,0.6486849993483126
206.4,9621.171799682894,12281.454275323678,121079.20712945593,46.720268057137645,61.752891363697856,-339.75136766945394,0.7541889114100867,0.0001704060972233746,0.10229868043819429,0.6486401443392434
206.5,9625.900785089707,12287.842536771086,121045.49149484401,46.72426358181685,61.75229023879075,-340.70687869656274,0.7541515563557887,0.0001753030312343986,0.1028430482191059,0.6485974920919688
206.60000000000002,9630.630062372458,12294.230785259668,121011.75145117607,46.72825910649606,61.75168962289592,-341.66238972367177,0.7541045361259017,0.00018026398706635718,0.10350808168525995,0.6485463692944947
206.70000000000002,9635.35933965521,12300.619031369517,120978.01140750812,46.732254631175266,61.75109426640906,-342.6179007507805,0.7540087751329111,0.00018525488031532933,0.10389144674097227,0.6485964076351828
206.8,9640.088705616483,12307.007275667229,120944.22198375373,46.73625015585448,61.75049888393099,-343.5734117051684,0.7540200951846863,0.00019037114887716718,0.10410579256722657,0.6485488753906308
206.9,9644.82023729423,12313.395519964943,120910.09959646556,46.740285734669826,61.74990350145292,-344.52892248114193,0.7540603612080236,0.00019549627457731835,0.10427984121290927,0.6484740921213754
207.0,9649.551920374608,12319.783764262655,120875.90599256975,46.7443357093652,61.74930811897485,-345.4844332395153,0.7541329877460671,0.00020065660473130858,0.10464908910354936,0.648330135563599
207.10000000000002,9654.283897767455,12326.171995460541,120841.68797962453,46.74838568406058,61.748713332663264,-346.4399439978888,0.7539948934666423,0.00020587255985353661,0.10496722059282237,0.6484393116119144
207.20000000000002,9659.015875160296,12332.560224244304,120807.46996667933,46.75243565875595,61.74812470915469,-347.39545475626204,0.753940268604934,0.00021105247800702763,0.10542511296235309,0.6484285406963877
207.3,9663.74794213169,12338.94845113302,120773.20257366216,46.75648563345133,61.747536059065155,-348.3509654389423,0.7540282870898389,0.00021640103204028757,0.10587846693563754,0.6482523009433256
207.4,9668.482196800118,12345.336678021733,120738.60221720905,46.76057565308989,61.746947408975615,-349.30647593663133,0.754643026838636,0.00022190595151883914,0.10633150174647979,0.6474623267325353
207.5,9673.216604948513,12351.724904910447,120703.93064416228,46.76468002540324,61.74635875888608,-350.2619864164428,0.754676374697174,0.0002272456854821622,0.10662817260946489,0.6473746601770071
207.60000000000002,9677.951311447516,12358.113118551502,120669.2346620709,46.768784397716594,61.745770804749306,-351.21749689625454,0.7547103411006354,0.00023265628345584758,0.10691631966996228,0.6472875307736482
207.70000000000002,9682.686017946517,12364.501329741614,120634.53867997954,46.772888770029944,61.74519004784496,-352.17300737606604,0.7547165448956558,0.0002380604868730186,0.10754177589800187,0.6471766734243997
207.8,9687.420814934098,12370.88953895167,120599.7933178318,46.776993142343294,61.744609263814965,-353.12851777842087,0.7547332735431906,0.00024361453156316302,0.1080554503993443,0.6470715927142331
207.9,9692.157821843617,12377.277748161725,120564.71499235327,46.781137542133564,61.74402847978498,-354.084027991697,0.7546766701493216,0.00024920656847820095,0.10853152834855424,0.6470579330962145
208.0,9696.894984205048,12383.66595737178,120529.5654503046,46.78529626208304,61.743447695754995,-355.0395381868169,0.7546343409778438,0.0002547965228875284,0.10898534780258086,0.6470310197046335
208.10000000000002,9701.632448750372,12390.054158648923,120494.39149921936,46.78945498203251,61.742867703298835,-355.9950483819371,0.7545994963740099,0.00026050720121143173,0.10941410314360848,0.646999293849204
208.20000000000002,9706.369913295694,12396.44235554687,120459.21754813413,46.79361370198199,61.74229589931222,-356.9505585770571,0.7547492765671118,0.0002662657934256209,0.10987037983974096,0.6467472135678822
208.3,9711.107469254399,12402.830542593745,120423.99421700882,46.79777242193146,61.74172406765913,-357.9060686934284,0.7546173482725385,0.00027213236125738025,0.11038133204533888,0.6468141504064339
208.4,9715.847257720605,12409.218727029876,120388.43792266224,46.80197114609514,61.74115223600604,-358.8615786177308,0.7544999942872673,0.00027799243050930373,0.11096761890167571,0.6468507315416863
208.5,9720.587203418108,12415.60691146601,120352.81041176844,46.80618405188216,61.74058040435294,-359.81708852367564,0.7543670254088499,0.00028386171140727136,0.11159261424284596,0.6468982909583081
208.60000000000002,9725.327454758453,12421.995095902144,120317.15849184596,46.810396957669184,61.74000945524184,-360.7725984296207,0.754245988671296,0.0002898040176173156,0.11219406710171463,0.6469353877274503
208.70000000000002,9730.0677060988,12428.383280013386,120281.50657192347,46.814609863456205,61.73944763670488,-361.7281083355655,0.7542164956770433,0.0002957204494882704,0.1125709964637577,0.6469042904118144
208.8,9734.808049797957,12434.77145086332,120245.8052719776,46.818822769243226,61.73888578877676,-362.6836181599002,0.7541534811080597,0.0003018248890564482,0.11287062614886088,0.6469255425372351
208.9,9739.55064909403,12441.159616956787,120209.77100892314,46.82307565373087,61.738323940848645,-363.6391277857217,0.7540449252441231,0.0003079605446652228,0.11317811736961994,0.646998353647485
209.0,9744.29340763392,12447.547783050257,120173.66552934292,46.82734249944821,61.737762092920526,-364.59463739284934,0.7538397791094086,0.0003141452943407341,0.11361400698460955,0.647160989369657
209.10000000000002,9749.036475728817,12453.935949143728,120137.53564074133,46.83160934516555,61.7372012110539,-365.5501469999772,0.7536906261975875,0.00032038428706712517,0.11400611960500867,0.6472657429745572
209.20000000000002,9753.77954382371,12460.324114897005,120101.40575213975,46.83587619088289,61.73665032585076,-366.5056566071048,0.753676167015491,0.00032656859112060945,0.11420174180672249,0.6472480906067655
209.3,9758.52270524481,12466.712267156909,120065.22648353188,46.84014303660023,61.73609941118908,-367.4611661279675,0.7536633460113159,0.0003329234649394812,0.11439863226220064,0.6472282464305243
209.4,9763.268145888667,12473.100414604487,120028.71425193065,46.84444980622667,61.73554849652739,-368.41667544019293,0.7536177501185435,0.0003392911439044704,0.11474770708615616,0.647219541814255
209.5,9768.013747414208,12479.488562052064,119991.59697828346,46.8487702406157,61.73499758186571,-369.3721847333999,0.7535826459534335,0.0003456475095741002,0.11519223604196495,0.647181446737523
209.60000000000002,9772.759661678612,12485.876709499644,119953.98664064864,46.85309067500474,61.73444770891383,-370.32769402660705,0.7534363088164607,0.00035215410533284653,0.1156602429087618,0.6472683467888718
209.70000000000002,9777.505575943012,12492.26485659008,119916.37630301384,46.85741110939377,61.73390861685607,-371.28320331981394,0.7532712658009758,0.00035864720051506573,0.11645630133096965,0.6473176974029767
209.8,9782.251584522914,12498.652989931545,119878.7536203818,46.8617315437828,61.733369494962176,-372.2387125231131,0.7532009331624205,0.00036530242336732586,0.1168242464228182,0.6473332343431311
209.9,9786.999896486192,12505.04111839944,119841.04769703085,46.86609184161028,61.732830373068296,-373.19422150977874,0.7532022513481648,0.0003719227051899889,0.11715198831207262,0.64727246339705
210.0,9791.748370942176,12511.429246867332,119803.05690775966,46.87046548438318,61.7322912511744,-374.14973047712607,0.7531983910220322,0.0003785271091597298,0.11769711628531976,0.647178050691747
210.10000000000002,9796.497161268686,12517.81737533523,119764.96848246577,46.87483912715608,61.731753253723,-375.1052394444737,0.7530411112276894,0.0003853007694034929,0.118436371273822,0.6472262064408185
210.20000000000002,9801.245951595198,12524.205503428811,119726.88005717189,46.879212769928984,61.731226894663365,-376.06074841182107,0.7528869710267236,0.0003920831851045013,0.1191364821655389,0.6472770301394924
210.3,9805.994837120006,12530.593617508985,119688.77928688523,46.88358641270188,61.730700505118676,-377.01625728609105,0.7527621906857921,0.00039870667243340114,0.1195431259898165,0.6473471760465936
210.4,9810.746047587958,12536.981726651175,119650.59527590963,46.887984227013185,61.730174115573995,-377.97176593670366,0.7528895394489971,0.00040243541212851846,0.12018511308784645,0.6470801480698335
210.5,9815.497422248773,12543.369835793366,119612.12639909703,46.89240677209824,61.72964772602931,-378.92727456769666,0.7530567682646812,0.0004061786232271417,0.12087601466713153,0.646756776437535
210.60000000000002,9820.24911608506,12549.75794493556,119573.55988629026,46.89682993087186,61.72912252574466,-379.8827831986899,0.7532219314430056,0.0004100138437255726,0.12158469731076134,0.6464315240315609
210.70000000000002,9825.000809921348,12556.146053685789,119534.99337348346,46.90126513542398,61.72860963561866,-380.8382918296828,0.7533229057985326,0.0004138158545647298,0.12226973667059371,0.646184601990946
210.8,9829.752600152135,12562.53414814961,119496.41451568715,46.905707879852564,61.728096714437164,-381.79380036533064,0.7533735587867756,0.00041759170040558084,0.1226600023991325,0.6460515694196288
210.9,9834.506744539878,12568.92223760875,119457.75241722367,46.91015770019432,61.72758379325567,-382.7493086719672,0.7534382978154204,0.0004213823578977443,0.12294347280954586,0.6459221751228541
211.0,9839.261054849529,12575.310327067888,119418.80545301239,46.91463007104848,61.72707087207418,-383.7048169585652,0.7534978598742331,0.00042517912306616677,0.12322238342555228,0.645799534383999
211.10000000000002,9844.01568769576,12581.698416527026,119379.76085283748,46.91910244190264,61.72655918792965,-384.66032524516345,0.7535248844143038,0.0004290466511125444,0.12371114362954598,0.6456745445108173
211.20000000000002,9848.770320541993,12588.086505576064,119340.58943278986,46.923604373023245,61.72606030899172,-385.6158335317614,0.753547190026861,0.00043291219405096137,0.12428915324709694,0.6455374902937657
211.3,9853.525050790964,12594.474580057871,119301.21645453812,46.928107566941804,61.72556139842872,-386.5713417207999,0.7535777355817721,0.00043678354948957764,0.1248119072239969,0.6454009555855088
211.4,9858.282159820244,12600.862649466317,119261.84347628639,46.93261213804158,61.72506248786571,-387.5268496756225,0.7535813952996628,0.00044068903370735095,0.12528195411452667,0.6453056008006086
211.5,9863.039436509283,12607.25071887476,119222.11127153906,46.93712484026953,61.72456357730271,-388.48235761001155,0.7535719015912985,0.0004446466394142725,0.1255127705426342,0.6452718309768006
211.60000000000002,9867.797039113124,12613.638788283208,119182.26016919436,46.9416375424975,61.72406592177796,-389.43786554440084,0.7534952658841535,0.00044893445772630847,0.12615924174137896,0.645235250487186
211.70000000000002,9872.55464171696,12620.02685726293,119143.24898509863,46.946190581868514,61.72358125770057,-390.3933734787899,0.7532859602536821,0.0004532060785088916,0.12684166641920713,0.6453458362373907
211.8,9877.312342790105,12626.414911386997,119105.4948093447,46.95074534441961,61.723096561403565,-391.34888131317445,0.753295351851612,0.0004533634643127607,0.12745229712744582,0.6452145529180681
211.9,9882.072448691286,12632.802960367158,119067.4655640147,46.95530137485235,61.72261186510656,-392.30438890771444,0.7532932029197612,0.0004531501992977963,0.12822227548402368,0.6450644875975451
212.0,9886.832723491625,12639.191009347322,119029.36195786665,46.95986489108882,61.72212716880956,-393.25989648145816,0.7533802452324536,0.00045299265348963566,0.1290895529698485,0.6447898015672927
212.10000000000002,9891.593326616035,12645.579058327487,118991.23709005954,46.96442840732529,61.72164372073774,-394.2154040552021,0.7534643264587868,0.00045292732573497767,0.12954561448291613,0.6446000600210087
212.20000000000002,9896.353929740446,12651.967106859825,118953.11222225243,46.969032258230925,61.72117319300742,-395.1709116289458,0.7537229987518822,0.00045296687253557657,0.12971623333068977,0.644263249599091
212.3,9901.114632510844,12658.355140240623,118914.87999646529,46.97363783221093,61.72070263245032,-396.12641910011433,0.7538449949326484,0.00045288054535653474,0.12995724269275155,0.6440719164704392
212.4,9905.87776884638,12664.743168405133,118876.37270117407,46.97824455987021,61.72023207189323,-397.08192632547514,0.7539195762536828,0.00045265108006396575,0.130658972724677,0.64384260537417
212.5,9910.64107613277,12671.131196569646,118837.79104508688,46.98285809906154,61.71976151133613,-398.0374335296301,0.7538962440059529,0.0004524104259677117,0.13151324823194474,0.643695979588195
212.60000000000002,9915.40471573154,12677.519224734158,118799.18812734692,46.98747163825286,61.71929214709693,-398.9929407337854,0.7539327830984246,0.0004522057675934134,0.13234065414980148,0.6434835703719327
212.70000000000002,9920.168355330306,12683.907252431265,118760.54844618062,46.99212550952363,61.71883516443686,-399.9484479379404,0.7540214321318965,0.00045202815195258223,0.13287780981749495,0.6432689664630334
212.8,9924.932095585953,12690.29526472327,118720.28309494138,46.99678110375815,61.718378148334224,-400.90395503685653,0.7541670544354468,0.00045183851794885875,0.1332504485746014,0.6430211254700604
212.9,9929.698294094827,12696.683271746098,118679.94897634452,47.001437725198564,61.717921132231595,-401.8594618839257,0.7544400217799374,0.00045157425111279554,0.13364953656355924,0.6426179665973626
213.0,9934.464665499505,12703.071278768928,118639.31741465392,47.00610041144928,61.71746411612896,-402.8149687094511,0.7548475993571925,0.00045144394008000456,0.13415738023606488,0.6420332509078079
213.10000000000002,9939.23137299736,12709.459285791758,118598.60080637803,47.010763097699986,61.717008241587536,-403.77047553497687,0.7552769051980589,0.0004513708395243864,0.1348433736283568,0.6413843288756992
213.20000000000002,9943.99808049521,12715.847292326489,118557.88419810214,47.01546611336889,61.716564180440834,-404.72598236050226,0.7557071760434649,0.0004512980325073562,0.13553031296842136,0.6407323892805632
213.3,9948.764889759295,12722.23528311219,118517.14075034582,47.02017085188786,61.716120085407205,-405.68148907882255,0.756088165098768,0.00045114725160091734,0.13626046348795065,0.6401277756462255
213.4,9953.534184369377,12728.623268540281,118476.3285352508,47.02487648927295,61.71567599037358,-406.6369955406895,0.7562495038113483,0.0004507073941279696,0.13717589205203667,0.6397415567927898
213.5,9958.303653628496,12735.011253968372,118435.21887715689,47.029587433726995,61.715231895339954,-407.59250198067144,0.7561881190713015,0.00045013621399661927,0.13805111228279884,0.6396258409025375
213.60000000000002,9963.073462388911,12741.399239396467,118394.02417250483,47.034298378181035,61.71478888511199,-408.5480084206536,0.7559753381474552,0.0004497974936194354,0.13892420954564433,0.6396883223861237
213.70000000000002,9967.84327114932,12747.787224313122,118352.82946785276,47.03904964933515,61.714357099145474,-409.50351486063556,0.7556959653848724,0.0004495168070016702,0.13977283529063433,0.6398335411265049
213.8,9972.61318264949,12754.17519312183,118311.60792372786,47.04380264322321,61.713925278552075,-410.4590211863055,0.7554507198464184,0.0004492178606654694,0.14023507003687918,0.6400219786996328
213.9,9977.385603271081,12760.563156485612,118270.31761228373,47.04855640927901,61.71349345795867,-411.41452724026834,0.7554088629646116,0.00044856272632368355,0.14086370488973207,0.6399333287075551
214.0,9982.15820052251,12766.951119849393,118228.7298579385,47.05331473435347,61.71306163736527,-412.3700332719763,0.7552703888469415,0.00044794862459653935,0.14174990787581004,0.639901088208341
214.10000000000002,9986.93114112573,12773.339083213177,118187.05705706305,47.05807305942793,61.71263075411396,-413.3255393036846,0.7550303558936597,0.00044756428792563105,0.14240681782231235,0.640038482907883
214.20000000000002,9991.704081728947,12779.72704603769,118144.78256494904,47.062871709224304,61.71220956532434,-414.2810453353926,0.7545788211054428,0.00044735115890600654,0.14307726620488337,0.6404213445157787
214.3,9996.477126367545,12786.11499236926,118102.40162992432,47.06756909726867,61.711788341197035,-415.2365512452639,0.7542236217294706,0.00044710029086232156,0.1438902648090956,0.6406575686119527
214.4,10001.2527117695,12792.5029331702,118059.97862744327,47.072003326693064,61.71136711706973,-416.1920568672834,0.754034660880042,0.0004465492666940193,0.14520176043076305,0.6405840924914384
214.5,10006.028475414025,12798.890873971142,118018.11972408164,47.076437556117455,61.710945892942426,-417.14756246665985,0.7543425148078616,0.00044598226559049425,0.14654541974234914,0.6399153158080438
214.60000000000002,10010.804585545333,12805.278814772086,117978.25435467876,47.08088128986766,61.710525368941134,-418.10306806603654,0.7556925128258193,0.00044614523189889923,0.14765074471849118,0.6380657368935477
214.70000000000002,10015.580695676641,12811.666755009695,117938.65743199554,47.08536544664833,61.710112078398154,-419.058573665413,0.7558299116920678,0.0004456088211423977,0.14848711743117896,0.637708806573438
214.8,10020.356910901191,12818.054678350758,117899.00704947794,47.08985132579186,61.70969875123448,-420.01407913704577,0.7557411929736012,0.00044492698412034517,0.1491972625908515,0.6376482009056511
214.9,10025.13569272432,12824.442596056793,117858.98553804406,47.09433720493539,61.70928542407079,-420.9695843079969,0.7556527732595648,0.0004440680263261031,0.14992301781094353,0.637582761529181
215.0,10029.914654376185,12830.830513762827,117818.9104907622,47.098823084078916,61.70887209690711,-421.92508945590396,0.7555436409664558,0.0004432298971671902,0.1506319047066786,0.6375450097262529
215.10000000000002,10034.693965598202,12837.218431468864,117778.83544348033,47.103318457803965,61.70845917042442,-422.8805946038113,0.7553190083230911,0.00044261721052643984,0.15127037853919162,0.6376599974378485
215.20000000000002,10039.47327682022,12843.606348584819,117737.7475339779,47.10785424191109,61.70805037050128,-423.83609975171834,0.755003261073223,0.00044207337256410903,0.1519385756739105,0.6378750266016968
215.3,10044.252694230963,12849.99424841345,117694.72401282814,47.11239174784534,61.70764153193423,-424.7916047684371,0.7549988247748427,0.00044153495799551694,0.1526117524943787,0.6377195564165189
215.4,10049.03470499437,12856.382142515788,117651.44995665671,47.116929253779574,61.707232693367175,-425.74710947654086,0.7556153993156624,0.0004409057490802715,0.15330247888452064,0.6368229925866478
215.5,10053.816897260242,12862.770036618123,117607.96175718677,47.121466759713826,61.70682385480012,-426.70261416108696,0.7557620428824943,0.0004400029616221332,0.15393831549870574,0.636495511340727
215.60000000000002,10058.59944234983,12869.157930720461,117566.31939930718,47.12601375251453,61.70641505682218,-427.6581188456334,0.7557396850358558,0.00043912531050812486,0.15451457695338572,0.6363824173716489
215.70000000000002,10063.381987439418,12875.545824208799,117525.18129860784,47.13060114677872,61.70600665028562,-428.6136235301795,0.7557085288826959,0.00043824380237592563,0.1551542211673782,0.6362637778235259
215.8,10068.164639875422,12881.933700035017,117484.02983295875,47.135190262492685,61.7055982040501,-429.5691280796349,0.7556205764628777,0.0004372698061405347,0.15627445013534702,0.6360940570826927
215.9,10072.949913937224,12888.32157004247,117442.79610199467,47.13977937820664,61.70518975781457,-430.5246323112918,0.7554323979950958,0.0004362924269799855,0.15745903306456388,0.636025435509202
216.0,10077.735371203396,12894.70944004992,117401.56237103058,47.1443684939206,61.70478131157905,-431.4801365186883,0.7554469287056783,0.0004353428525798604,0.158285985237554,0.6358028745319853
216.10000000000002,10082.521184601632,12901.097310057376,117360.07861854282,47.1489670910511,61.7043725049191,-432.4356407260851,0.7555552319314773,0.00042706288454296424,0.1590295235594059,0.6354885677608468
216.20000000000002,10087.306997999864,12907.485179418332,117318.4622327113,47.153606083312276,61.70395993038628,-433.39114493348166,0.7554648965082785,0.0004074909425708543,0.1599326332493243,0.6353693232418488
216.3,10092.092919678813,12913.873030669418,117276.83248193332,47.158246796755265,61.70354731534495,-434.34664900174477,0.7553622657159084,0.000387658345614588,0.16093679406173952,0.6352377866363631
216.4,10096.881485801156,12920.260876002427,117235.12046586045,47.162887510198246,61.70313470030362,-435.30215274288526,0.7552591483534081,0.00036694845606347027,0.16190780711891953,0.6351136482325492
216.5,10101.67023683505,12926.648721335436,117193.4084497876,47.167528223641234,61.70272208526229,-436.25765645915465,0.7550029551152444,0.00034632989927560763,0.16293458675790204,0.6351556803342634
216.60000000000002,10106.459347319613,12933.036566668448,117151.1291265556,47.172178303455546,61.702308723735555,-437.21316017542426,0.7546389283889248,0.00032579128081420644,0.16401780827823206,0.6353094837853925
216.70000000000002,10111.248457804173,12939.424411327407,117108.54774615259,47.176868773294665,61.70188759009094,-438.1686638916937,0.7543223453880925,0.00030521184903335166,0.1650808781536102,0.6354101114728717
216.8,10116.037677540673,12945.812237452223,117065.95402082597,47.18156096415177,61.701466415132884,-439.1241674646395,0.7542959648160137,0.0002842454918732101,0.165943100501954,0.635216816577283
216.9,10120.829565439928,12952.200057555641,117023.2770552769,47.18625315500888,61.70104524017483,-440.0796707009559,0.7543681309217436,0.0002624420632624338,0.1667196878444288,0.6349277123097199
217.0,10125.621639951367,12958.587877659062,116980.60008972783,47.19094534586599,61.700624065216765,-441.03517391186534,0.754527722187362,0.00024066211966719572,0.16743992578095654,0.6345484455791874
217.10000000000002,10130.414077219337,12964.975697762484,116937.67310287089,47.1956467085912,61.700201676332526,-441.9906771227751,0.7547763300976146,0.00021893258808577086,0.168180346430514,0.6340567913581645
217.20000000000002,10135.206514487305,12971.363517161662,116894.61348278468,47.20038845563383,61.69976666713248,-442.9461803336845,0.7549799912441104,0.00019717636360625518,0.16881409635111982,0.6336457802397798
217.3,10139.999061909737,12977.751317577671,116851.54151778141,47.20513192354245,61.699331615809676,-443.9016833969248,0.7551782906445769,0.00017513030807109987,0.16935934365278166,0.6332638718464912
217.4,10144.79429953647,12984.139111865867,116808.38631259956,47.20987539145107,61.69889656448688,-444.85718611357487,0.7550479791383616,0.00015224476734448375,0.17017057451063441,0.6332017858402861
217.5,10149.58972547018,12990.526906154062,116765.2311074177,47.21461885935969,61.69846151316408,-445.8126888041999,0.7544240571752264,0.00012936422696624262,0.17119436295097576,0.6336693264739718
217.60000000000002,10154.385517454928,12996.914700442258,116721.6870260327,47.21937149853808,61.69802465762759,-446.76819149482526,0.753992893735909,0.00010641232855906027,0.17214007387566116,0.6339262574134693
217.70000000000002,10159.181309439677,13003.30249398896,116677.85049578812,47.224164518025134,61.6975690595894,-447.72369418545026,0.7539026406270237,8.338950294707735e-05,0.17320449798300325,0.6337436416882203
217.8,10163.977212405262,13009.690268123228,116633.94184752459,47.2289592582072,61.6971134186118,-448.6791967230345,0.7542196669153446,6.0110594804876053e-05,0.17432929887614632,0.6330576482265847
217.9,10168.775825756953,13016.078036051837,116590.03319926104,47.23375399838926,61.696795674637954,-449.6346989020937,0.7548472960940413,3.0119124737928934e-05,0.1754258170336863,0.6320058080353508
218.0,10173.574629106397,13022.465803980445,116546.12455099751,47.23854873857133,61.69680130810671,-450.59020105459746,0.7550992620913991,-1.2889718217838836e-07,0.17615958290413802,0.6315005191922235
218.10000000000002,10178.373801793607,13028.853571909054,116501.96588166624,47.24335265462316,61.69680694157545,-451.5457032071015,0.7554276200809414,-2.9094657110442512e-05,0.17688970465523476,0.6309034334661124
218.20000000000002,10183.172974480814,13035.241339061235,116457.65111005193,47.248196946839236,61.696811801789664,-452.50120535960525,0.7562704855941188,-3.452219336408144e-05,0.17783748548776798,0.6296259049489958
218.3,10187.972258894893,13041.629086262572,116413.26422046157,47.253042959571104,61.69681601765685,-453.4567073443084,0.7565674962502367,-4.027518574260116e-05,0.17940861780637385,0.6288228445694098
218.4,10192.774271914717,13048.01682712704,116368.87733087124,47.25788897230298,61.69682023352404,-454.41220893916096,0.7564441939966051,-4.8857804407847214e-05,0.18100058906041522,0.6285148890372637
218.5,10197.576476620272,13054.404567991505,116324.49044128088,47.26273498503486,61.69682444939124,-455.3677105069088,0.7564969024975555,-5.7452335743427876e-05,0.1825903538993504,0.6279913979297354
218.60000000000002,10202.379053944847,13060.792308855973,116279.85353075067,47.26759018053112,61.69682866525842,-456.32321207465674,0.7571398752913329,-6.620267176586929e-05,0.1838463931516843,0.6268490317342348
218.70000000000002,10207.181631269419,13067.180048905404,116235.0605180195,47.27248574796336,61.696832000966644,-457.27871364240445,0.7571720490028353,-7.506916417361022e-05,0.18484768946702743,0.6265156137497053
218.8,10211.984320969967,13073.567768432515,116190.19538735617,47.27738303572751,61.69683460524858,-458.2342150291595,0.7571330047248161,-8.345982825013173e-05,0.18597174963074584,0.6262300811443888
218.9,10216.789755128728,13079.955481487845,116143.97001125597,47.28228032349166,61.69683720953052,-459.18971599788114,0.7571062468357275,-8.974388056184533e-05,0.1872131212546901,0.6258924589563538
219.0,10221.595382659032,13086.343194543173,116097.70596917669,47.287177611255814,61.69683981381247,-460.14521693889304,0.7574683812765035,-9.606190159803164e-05,0.18849102373341228,0.6250702169439807
219.10000000000002,10226.401386085414,13092.730907598505,116051.37942189522,47.29208409393478,61.69684241809441,-461.10071787990523,0.7576572569626537,-0.0001025088770228412,0.18971958954000714,0.6244693329608179
219.20000000000002,10231.207389511796,13099.118619804369,116004.92583976373,47.29703094555243,61.696844060397844,-462.0562188209172,0.757307911890721,-0.00010908882253855823,0.1907517594794639,0.6245786427207014
219.3,10236.013505845882,13105.506310945542,115958.18378608405,47.30197951736821,61.696844904552634,-463.01171957468574,0.757183829883869,-0.00011566826964465119,0.19165664205435548,0.6244520525546348
219.4,10240.822379624187,13111.89399548059,115911.44173240436,47.30692808918399,61.696845748707425,-463.9672198959428,0.757088512010638,-0.00012224410884854612,0.19256567157188303,0.624287940112546
219.5,10245.63144845806,13118.28168001564,115864.69967872468,47.31187666099977,61.696846592862215,-464.9227201885073,0.7569918472351348,-0.00012881923881490575,0.19347467121177234,0.6241240888033713
219.60000000000002,10250.440896461603,13124.669364550693,115817.89511987663,47.31683444567233,61.696847437017006,-465.87822048107216,0.7571014332597836,-0.0001479255758133511,0.1943098165178119,0.6237315873665688
219.70000000000002,10255.250344465147,13131.057048189627,115770.9635262568,47.32183257586146,61.69684729515936,-466.8337207736367,0.7573021027821537,-0.00015281048095051864,0.1952884292083179,0.6231821011454299
219.8,10260.059905781158,13137.444710071253,115723.74346127424,47.32683242523967,61.69684633444557,-467.78922087326305,0.7575713455997625,-0.00015250291684094805,0.19625632463338927,0.6225504703318595
219.9,10264.872234426555,13143.832365182836,115676.52339629167,47.33183227461789,61.69684537373178,-468.74472052673525,0.7578015852360366,-0.00015220488579982723,0.1972504341368753,0.6219557865959902
220.0,10269.684759325626,13150.220020294419,115629.30333130909,47.3368321239961,61.69684441301799,-469.70022015034044,0.7581876057828405,-0.0001508866005207088,0.1981059024232265,0.6212129933409289
220.10000000000002,10274.497665723375,13156.607675406003,115582.02076119295,47.3418410592389,61.69684345230421,-470.65571977394586,0.7585150546373791,-0.00014503034073792451,0.19894818445316953,0.6205437218741655
220.20000000000002,10279.310572121123,13162.995329582112,115534.61115638558,47.34689031903237,61.69684148460171,-471.61121939755105,0.758949562413927,-0.0001407977458165759,0.199548481869121,0.6198192843655582
220.3,10284.123592082731,13169.382961417039,115486.9130804061,47.351941297179216,61.69683867989318,-472.5667188203573,0.7593195198562411,-0.00015177365069066485,0.2007144293850311,0.6189891449506104
220.4,10288.939385513206,13175.770586343833,115439.21500442662,47.356992275326064,61.69683587518466,-473.5222177792518,0.7594915861857217,-0.00015493875075344465,0.2018158197101952,0.6184196644850339
220.5,10293.755377173135,13182.158211270627,115391.51692844713,47.36204325347291,61.69683307047614,-474.4777167073219,0.7594057558558603,-0.00015357579537560417,0.20271465470210406,0.6182310596827623
220.60000000000002,10298.571754172475,13188.545836197423,115343.75634736998,47.367103069502456,61.69683026576761,-475.4332156353923,0.759409763847735,-0.00015218600087364212,0.20358603429592056,0.617939733349304
220.70000000000002,10303.388131171814,13194.933460146602,115295.86873168446,47.37220319818413,61.69682642822315,-476.3887145634624,0.7595309676084646,-0.00015075272966516172,0.2044754631549666,0.6174969404660448
220.8,10308.204621951272,13201.321061147875,115247.69264502298,47.37730504482795,61.696821732182855,-477.3442132838986,0.7600260058994794,-0.0001493742389065968,0.2054679077278628,0.616557691491847
220.9,10313.02389148107,13207.708655101069,115199.51655836153,47.38240689147177,61.696817036142555,-478.2997115248427,0.7602054691969312,-0.00014789501193765195,0.20638256664708263,0.6160307288717842
221.0,10317.843361107713,13214.096249054264,115151.34047170007,47.387508738115585,61.69681234010226,-479.25520973404366,0.760474971171538,-0.00014697775185674747,0.2073222617808573,0.6153822197539174
221.10000000000002,10322.663219703787,13220.48384300746,115103.10187997803,47.392619449762186,61.69680764406196,-480.21070794324487,0.7605455886817143,-0.00014631575958641856,0.20835062277210195,0.6149474807810504
221.20000000000002,10327.483078299863,13226.871435932697,115054.73625373376,47.397770468632054,61.69680189445713,-481.16620615244585,0.7606171207444448,-0.00014561703100591389,0.20970311643841522,0.6143990375823578
221.3,10332.303050686489,13233.259005224932,115006.08215671778,47.40292320521934,61.696795269149945,-482.1217041465968,0.7607066137466374,-0.00014493882080044392,0.21134714202789517,0.6137245411025235
221.4,10337.125802078284,13239.646567318898,114957.4280597018,47.408075941806615,61.69678864384276,-483.0772016444387,0.7607924901081806,-0.00014429334934119308,0.2130400582898152,0.6130323806605122
221.5,10341.948755240765,13246.034129412865,114908.60085437715,47.4132286783939,61.69678201853557,-484.03269910959506,0.7615318303583716,-0.00014373186243294748,0.21488040828661759,0.6114700817102635
221.60000000000002,10346.77210062647,13252.42169150683,114859.75605448546,47.4183903291684,61.696775393228386,-484.98819657475167,0.7622263142783832,-0.00014313884241370513,0.21679203842745384,0.6099280592064386
221.70000000000002,10351.59544601217,13258.809252523979,114810.81737831018,47.42359228133065,61.69676769308589,-485.943694039908,0.7622411848710909,-0.00014249372759454635,0.2187019505373103,0.6092272257647623
221.8,10356.418905100974,13265.196789219324,114761.5778867397,47.428795950937804,61.69675909956828,-486.8991912790107,0.7620818290266109,-0.0001417558864323625,0.21999477709993903,0.6089610527952277
221.9,10361.24514105924,13271.584318560408,114712.25515546619,47.43399962054495,61.69675050605068,-487.85468799796536,0.7616378085373919,-0.00014101645595428948,0.2211135066188728,0.6091113575623295
222.0,10366.071580674952,13277.971847901494,114662.9324241927,47.43920329015211,61.696741912533064,-488.8101846835246,0.7621369263460934,-0.00014041191187452766,0.2225303367977843,0.6079700115868292
222.10000000000002,10370.898416181577,13284.359377242583,114613.60969291918,47.44441592691859,61.69673331901546,-489.76568136908406,0.7621793636081313,-0.00013968052672668556,0.22382364482598835,0.6074418278288584
222.20000000000002,10375.7252516882,13290.746905451531,114564.19308544054,47.44966885919001,61.69672356245767,-490.7211780546433,0.7623579286253629,-0.00013877992987872188,0.22485015098338593,0.6068383466829744
222.3,10380.552200705943,13297.134408596692,114514.47566281786,47.45492350863004,61.69671284056275,-491.6766744899085,0.7628652327253879,-0.00013795808012829927,0.2253219734046409,0.6060252684232287
222.4,10385.38192190453,13303.521904227207,114464.67500055896,47.460178158070065,61.69670211866784,-492.63217035308116,0.762860243392947,-0.00013704359695168556,0.22543399200629868,0.6059898889565818
222.5,10390.211848298954,13309.909399857723,114414.87433830005,47.46543280751009,61.69669139677292,-493.58766618164844,0.7626798786109245,-0.00013609822190661808,0.22650258777203514,0.6058184232687802
222.60000000000002,10395.042173574775,13316.29689548824,114365.07367604114,47.47069650824561,61.696680674878,-494.54316201021607,0.7622946387821562,-0.00013515787931017289,0.22770821477050449,0.6058513302307419
222.70000000000002,10399.872498850595,13322.684389937538,114315.17913765697,47.47600049885955,61.69666861637548,-495.49865783878334,0.7620690696271247,-0.0001341530223687813,0.2289302905255866,0.6056745307510343
222.8,10404.702937368496,13329.071858699455,114264.98378438625,47.481306206362,61.696655451345706,-496.4541533908426,0.7615590581495786,-0.0001331714126139721,0.23030307611383913,0.6057955730675197
222.9,10409.536141496812,13335.459319819307,114214.70519155981,47.48661191386446,61.69664228631593,-497.4096483147782,0.7611379912287685,-0.0001322784034275253,0.2319407576115114,0.6056999469780868
223.0,10414.36955233509,13341.846780939157,114164.42659873338,47.49191762136691,61.69662912128615,-498.3651432028883,0.7610956530078984,-0.00013135738529215703,0.23374900223810657,0.6050576779699665
223.10000000000002,10419.203364998093,13348.234242059012,114114.14800590691,47.49723242700743,61.69661595625637,-499.32063809099856,0.761744813751357,-0.00013058160456379548,0.23590226153316834,0.6034028046627654
223.20000000000002,10424.037177661094,13354.621701931463,114063.77553703816,47.5025875164008,61.696601372610125,-500.2761329791086,0.7610816704229473,-0.00012953070943151734,0.23766985797993315,0.6035459491834982
223.3,10428.87110325265,13361.009135163818,114012.88816724201,47.507944322398906,61.69658561561521,-501.2316275816454,0.7607919177377774,-0.00012844838052447356,0.2391434069092285,0.6033291575398421
223.4,10433.707786797613,13367.396560534367,113961.8661106416,47.513301128397,61.6965698586203,-502.1871215338603,0.7616026640627405,-0.00012751754087224817,0.24087548916176,0.6016147974849819
223.5,10438.544678651602,13373.783985904918,113910.76310740915,47.5186579343951,61.69655410162539,-503.1426154480817,0.7626770555220497,-0.00012662776909322732,0.242704588258947,0.5995149504254914
223.60000000000002,10443.381975438748,13380.17141127547,113859.64545866587,47.524023663875475,61.696538344630476,-504.0981093623034,0.7632653912609941,-0.00012559878332676054,0.2452269926864216,0.5977371067502175
223.70000000000002,10448.21927222589,13386.55883534327,113808.43393396617,47.52942965562579,61.69652114942205,-505.05360327652477,0.7629105256768387,-0.00012429754776206576,0.24716678083795218,0.5973910752696369
223.8,10453.056681610109,13392.946231878866,113756.93393972334,47.53483736314555,61.69650276389393,-506.00909689354074,0.7630181137356177,-0.00012302787120207695,0.2486182344177466,0.5966509167767072
223.9,10457.896840852358,13399.333620328036,113705.43394548052,47.54024507066529,61.69648437836582,-506.9645898327279,0.7628376223484395,-0.00012171222473663742,0.24935298392447655,0.5965750887557019
224.0,10462.737210013976,13405.721008777205,113653.85300464717,47.545652778185044,61.6964659928377,-507.9200827317445,0.7625428808208943,-0.00012037847417332126,0.25062643581532407,0.5964182509689836
224.10000000000002,10467.577987239105,13412.108397226375,113602.25741831047,47.551069215594225,61.696447607309594,-508.87557563076143,0.7627142758801724,-0.0001190525989921309,0.2523461636644642,0.5954732008066277
224.20000000000002,10472.418764464232,13418.495784313869,113550.56795610616,47.55652587025074,61.69642775499461,-509.831068529778,0.7623086163827757,-0.00011760590707240139,0.25365829126068934,0.5954351608967481
224.3,10477.259653907357,13424.883142972192,113498.5900246315,47.56198423884472,61.696406687246615,-510.7865611193673,0.7619053956028828,-0.00011623011630855471,0.25425375149720814,0.5956972255192823
224.4,10482.10328395057,13431.270493327575,113446.61209315684,47.5674426074387,61.69638561949862,-511.7420530027508,0.7615673065631442,-0.00011488529595750832,0.25515672634178205,0.5957434593665899
224.5,10486.947125516941,13437.657843682955,113394.55321513514,47.57290097603268,61.69636455175063,-512.6975448440008,0.7609982778720408,-0.00011346339537505477,0.2566214779763155,0.5958414430392515
224.60000000000002,10491.791378264428,13444.04519403834,113342.47969161793,47.57836826080292,61.69634348400264,-513.6530366852511,0.7605163292338276,-0.00011194505006449466,0.25820416601051877,0.5957730348814242
224.70000000000002,10496.635631011917,13450.432542961742,113290.3122923262,47.583875744895444,61.69632092319824,-514.6085285265011,0.7599841335015358,-0.0001103354997213422,0.2597869122783059,0.595764101688664
224.8,10501.479995651405,13456.819862394406,113237.85642405022,47.58938494207176,61.69629712431101,-515.5640200454866,0.7594218635012873,-0.00010875438751163444,0.26124884677992816,0.595841809094388
224.9,10506.327092929498,13463.207173269484,113185.40055577422,47.59489413924808,61.69627332542379,-516.5195108291355,0.759142990036434,-0.00010718861597217963,0.26245786640896457,0.5956658270785704
225.0,10511.174403329456,13469.59448414456,113132.86374099727,47.60040333642441,61.696249526536555,-517.4750015690063,0.7591937363724782,-0.00010559927819941961,0.26330973273128094,0.5952250365622819
225.10000000000002,10516.022128018263,13475.98179501964,113080.31228073317,47.605921626310696,61.69622572764933,-518.4304923088773,0.7592183601545232,-0.00010396019191004535,0.2647426409337987,0.594557654788796
225.20000000000002,10520.86985270707,13482.369104394273,113027.66694479596,47.61148010800401,61.69620041154182,-519.3859830487482,0.758564054141315,-0.00010232938468578513,0.26645226058645977,0.594629092898888
225.3,10525.71768898231,13488.756383328831,112974.73314018625,47.61704030237674,61.696173836819156,-520.3414734528658,0.7591504480962464,-0.00010070186798330838,0.26798308442099184,0.5931910767017772
225.4,10530.56825043348,13495.143653494022,112921.7993355765,47.62260049674947,61.696147262096495,-521.296963090885,0.7597950505910994,-9.902919354636305e-05,0.26942513723643474,0.5917107120169584
225.5,10535.419026603475,13501.530923659215,112868.78458451516,47.6281606911222,61.696120687373835,-522.2524526833041,0.7604931656458724,-9.738886606951921e-05,0.27097218870882245,0.5901052520251608
225.60000000000002,10540.270220166662,13507.918193824407,112815.7551879756,47.633730179837066,61.696094112651174,-523.2079422757236,0.7612058589991498,-9.56379385223253e-05,0.27285854670906107,0.5883144096200349
225.70000000000002,10545.121413729848,13514.305462411992,112762.63191587452,47.63933985420857,61.69606590858494,-524.1634318681428,0.761315550016041,-9.376417476738757e-05,0.27497371863496384,0.5871865790122525
225.8,10549.972718679168,13520.692699549389,112709.22017544377,47.64495124090157,61.69603635441927,-525.1189210877166,0.7610715646426,-9.179291612973648e-05,0.27660251179400286,0.586737688865965
225.9,10554.826743912714,13527.079927704335,112655.80843501301,47.65056262759457,61.6960068002536,-526.0744094957648,0.7609824835090017,-8.984491741275879e-05,0.2775052225585921,0.5864268949946525
226.0,10559.680985462903,13533.467155859284,112602.31574818351,47.656174014287565,61.69597724608792,-527.0298978565216,0.7607052722725429,-8.794130840620483e-05,0.27950387250407954,0.5858370645992843
226.10000000000002,10564.53564751229,13539.854384014232,112548.80841588535,47.66179492314204,61.69594769192225,-527.9853861734969,0.7608716606687732,-8.593067621605579e-05,0.28135748007279954,0.5847326543080578
226.20000000000002,10569.390309561677,13546.241610523737,112495.2072081435,47.66745600889626,61.69591624099179,-528.9408744398642,0.7610521030113566,-8.381834909295329e-05,0.2831263173854837,0.5836430226433021
226.3,10574.245082819993,13552.628804579017,112441.31753243406,47.67311880649036,61.69588322259183,-529.8963622783893,0.7611822166883762,-8.176373846870971e-05,0.2846847021757878,0.5827145498948382
226.4,10579.102572034848,13559.015989414833,112387.42785672462,47.67878160408444,61.69585020419186,-530.8518492346183,0.7610867997458733,-7.979120904342917e-05,0.28653450346532366,0.5819320022217616
226.5,10583.868486042515,13565.403174250649,112333.45723467282,47.68444440167854,61.6958171857919,-531.8073361908471,0.7614582395749494,-6.289658044096491e-05,0.28802654967868563,0.5807082332011753
226.60000000000002,10588.632254796448,13571.790359086466,112279.47196716258,47.69011665455913,61.695784167391935,-532.7628231035168,0.7616975796439124,-4.25226355543329e-05,0.290245411534662,0.5792878355701127
226.70000000000002,10593.39602355038,13578.177542186213,112225.39282433063,47.6958290742046,61.695749147265296,-533.7183099254904,0.7621307054320384,-2.1827413562218477e-05,0.29165983887043856,0.5780063371203619
226.8,10598.159820095983,13584.564691601208,112171.02521390596,47.70154320528856,61.6957124739756,-534.6737963013396,0.7624088105445834,-1.1145935779324602e-06,0.29265640006293775,0.5771351982897532
226.9,10602.924295372737,13590.951831527567,112116.6576034813,47.70725733637253,61.695675800685905,-535.6292817571909,0.7622163879752992,1.962445720848847e-05,0.2941557438811566,0.576626894844918
227.0,10607.689648715272,13597.338971453924,112062.20904677424,47.712971467456484,61.6956391273962,-536.5847672130423,0.7618394137562469,4.0367702919860124e-05,0.29512142789816814,0.576631640489258
227.10000000000002,10612.45670893507,13603.726111380283,112007.74584461957,47.71869498295898,61.695602454106506,-537.5402526211031,0.7614554904107637,6.127722348847801e-05,0.296402905954471,0.5764814391722861
227.20000000000002,10617.223769154867,13610.100664869944,111953.18876727033,47.724458654547355,61.69556375340364,-538.4957379296584,0.7611425075202976,6.832276786305979e-05,0.2976117336629621,0.5762719276208406
227.3,10621.990857148601,13616.472887004225,111898.34322271904,47.730224037151466,61.69552337810471,-539.4512227717273,0.7607855575628337,7.539245847836004e-05,0.297654014238607,0.5767212650210054
227.4,10626.758623440472,13622.84509935635,111843.49767816773,47.735989419755576,61.69548300280577,-540.4067066518074,0.7606582463867596,8.249439008283364e-05,0.2975856131178216,0.5769244562885038
227.5,10631.527274095488,13629.217311708471,111788.57118739776,47.74175480235969,61.69544262750684,-541.3621905318877,0.7606936367898977,8.95995021115854e-05,0.2979950221454647,0.5766664111042121
227.60000000000002,10636.297643869251,13635.589524060597,111733.6300511917,47.74752987980444,61.695402252207906,-542.3176743610081,0.7613725214915218,9.513771632378815e-05,0.2997222093643242,0.5748725699493981
227.70000000000002,10641.068013643015,13641.961731957472,111678.5950399236,47.753345075961,61.6953598265674,-543.2731580840245,0.7618258382208059,9.01371976284634e-05,0.3018545448879613,0.5731537471088657
227.8,10645.838411160536,13648.33390262388,111623.27156186059,47.75916198139016,61.695315705621404,-544.2286413186847,0.7612780975943297,8.490256395760256e-05,0.3034638268355691,0.5730317240057697
227.9,10650.609486239122,13654.706063205198,111567.94808379757,47.76497888681932,61.69527158467541,-545.1841235462562,0.7606314764462135,7.967823052674268e-05,0.3051262468164258,0.5730076126844692
228.0,10655.381451926334,13661.078223786519,111512.5436595837,47.770795792248485,61.69522746372942,-546.1396057738276,0.7597483970975746,5.74304006998587e-05,0.30695280099081435,0.573203583182545
228.10000000000002,10660.155148872911,13667.45038436784,111457.12458994602,47.77662280020264,61.695183342783416,-547.0950879474868,0.7594369391292388,2.998855109378599e-05,0.30855849724457113,0.5727540382789734
228.20000000000002,10664.928845819486,13673.82254042206,111401.61164538706,47.782489860679725,61.69513714470373,-548.0505700088938,0.7588976655103137,1.5882047311095351e-06,0.3102968957275306,0.5725296234976244
228.3,10669.702570485386,13680.194658294611,111345.81023446585,47.78835862740944,61.69508922664574,-549.0060515588907,0.7581548437786627,-2.68505605092725e-05,0.3121554263426144,0.5725034689317258
228.4,10674.476972115632,13686.566765769147,111290.00882354465,47.79422739413914,61.695041308587754,-549.9615320542575,0.7580816607270093,-2.842583793608732e-05,0.3140388845440842,0.5715695704423556
228.5,10679.25227059415,13692.938873243684,111234.12646654641,47.800096160868854,61.69499339052977,-550.9170125496242,0.7575352350940989,-2.544579198649626e-05,0.31609438205180407,0.5711608430019762
228.60000000000002,10684.029312461318,13699.310980718219,111178.22946413772,47.80597547774506,61.69494547247177,-551.8724929880501,0.7579218758921439,-2.2339358604976132e-05,0.31803795902669757,0.5695667530353397
228.70000000000002,10688.806354328484,13705.683083584658,111122.23858696465,47.81189482842773,61.69489546285583,-552.8279733079177,0.7588721552861701,-1.9121121721973743e-05,0.32080744658206356,0.5667412405879793
228.8,10693.583423882686,13712.055147275563,111065.95924391138,47.81781588435219,61.69484372003752,-553.7834530891876,0.7593764884372473,-1.5896599157409733e-05,0.3238322991570072,0.5643403145077442
228.9,10698.36116961268,13718.427200249287,111009.6799008581,47.82373694027664,61.69479197721921,-554.7389317597606,0.758937644261833,-1.262480615952582e-05,0.3256900498311512,0.5638613689586265
229.0,10703.139818453667,13724.799253223013,110953.31961182371,47.829657996201085,61.694740234400896,-555.6944104303337,0.7591244535338975,-9.347318749093386e-06,0.3274665946130085,0.562579499601655
229.10000000000002,10707.920222857445,13731.171306196738,110896.94467739623,47.83559008887135,61.69468849158259,-556.6498890407521,0.7584267997976679,-5.936794888064204e-06,0.32968197124814647,0.5622264553961853
229.20000000000002,10712.70062726122,13737.5433544717,110840.4758683791,47.84156220867755,61.69463442298984,-557.605367525921,0.7584773671970853,-2.3583349495016197e-06,0.3311576498448458,0.5612902051465487
229.3,10717.48105931011,13743.915362749121,110783.7185940188,47.847536033210886,61.694578430208615,-558.5608454012134,0.7593173909602592,1.211120070364989e-06,0.3342384917750063,0.5583204549358793
229.4,10722.262166510991,13750.287360076558,110726.96131965853,47.853509857744214,61.69452243742739,-559.5163220188176,0.7588846614932512,4.789674585862924e-06,0.3366989386622227,0.5574297222350681
229.5,10727.044183127107,13756.659357403996,110670.12309940382,47.85948368227755,61.69446644464615,-560.4717986364218,0.7584795938711827,8.37439689957671e-06,0.33738452787480083,0.5575664856871985
229.60000000000002,10731.827967560876,13763.031354731434,110613.27023377173,47.865468737193595,61.694410451864925,-561.4272751904273,0.7578469607826839,1.209005835498375e-05,0.33925883381758914,0.5572893571233969
229.70000000000002,10736.611751994642,13769.403347258898,110556.3234937513,47.8714938072644,61.694351720744216,-562.3827516120123,0.7573910706408251,1.5979015838838468e-05,0.34119160692571254,0.5567288866420224
229.8,10741.395563981247,13775.775298544864,110499.08828900634,47.8775205814591,61.69429072997723,-563.3382273243087,0.757645584906953,1.986074055868126e-05,0.3426662539577354,0.5554754771140892
229.9,10746.180048866261,13782.14723848115,110441.85308426137,47.88354735565381,61.69422973921025,-564.2937015739096,0.7579941591919337,2.3780988778433228e-05,0.3448286984919387,0.5536587602140273
230.0,10750.965449524596,13788.519178417433,110384.53693371458,47.88957412984851,61.694168748443275,-565.2491758235105,0.758398590359265,2.7690223569739254e-05,0.3465711167237841,0.5520145273696702
230.10000000000002,10755.752630360093,13794.891118353717,110328.29459874451,47.89561235857173,61.69410775767629,-566.2046500033606,0.7590885469578362,3.175288730506504e-05,0.348511394966721,0.5498403263198736
230.20000000000002,10760.53981119559,13801.263053403467,110271.96228186252,47.90169059069394,61.69404401892984,-567.160124037981,0.7591220919737527,3.598156023965892e-05,0.3503937152157265,0.5485962928420507
230.3,10765.32701943842,13807.634945972752,110215.44092909788,47.90777052633205,61.69397801186141,-568.1155973359487,0.7602810635950343,4.029640638419111e-05,0.3527299150995627,0.5454853890883404
230.4,10770.114897026138,13814.006826775509,110158.91957633324,47.913850461970156,61.693912004792985,-569.0710691147904,0.7617376633665741,4.459370876393472e-05,0.35405336581240293,0.5425881904143711
230.5,10774.903696659392,13820.378707578264,110102.31727787046,47.91993039760827,61.693845997724566,-570.0265408936319,0.7626479226636421,4.8877950234486386e-05,0.3557386899553391,0.54020193274056
230.60000000000002,10779.694288662406,13826.750588381024,110045.7003340658,47.92602244146904,61.69377999065614,-570.9820125943914,0.7625287432227719,5.330233124883051e-05,0.35757562723590963,0.5391563629642218
230.70000000000002,10784.484880665415,13833.122464201651,109988.8904234057,47.932154481615136,61.693711231877444,-571.9374841325748,0.7618181359741051,5.792993377632802e-05,0.3593174200156224,0.5390028905473324
230.8,10789.27549990202,13839.494296282915,109931.89147739408,47.93828822466468,61.69364020090532,-572.8929548955074,0.7610740362057746,6.257289407608796e-05,0.3608305004874513,0.5390432797244205
230.9,10794.066784240349,13845.866116184154,109874.89253138247,47.944421967714234,61.6935691699332,-573.8484240597173,0.7615186370319484,6.726120508787151e-05,0.36282979347506883,0.5370697365294128
231.0,10798.858996855946,13852.237936085392,109817.81263978578,47.95055571076378,61.69349813896108,-574.8038932239275,0.7620918935152521,7.192299780329948e-05,0.3645599194449978,0.5350813076530303
231.10000000000002,10803.653013955212,13858.607800590004,109760.71810286767,47.95670232037203,61.69342710798896,-575.7593623036017,0.7619813765264141,7.669959282104593e-05,0.3660233091932683,0.5342390036971214
231.20000000000002,10808.447031054478,13864.960948792559,109703.43059956588,47.96288888561844,61.693353327913286,-576.7148312072623,0.7629972029594417,8.187606417304406e-05,0.3683202984326705,0.5312018630754669
231.3,10813.241075245567,13871.31403124678,109645.95406137474,47.96907715167392,61.69327727653129,-577.6702993003364,0.7637248596527011,8.700942691678074e-05,0.3713356494422965,0.5280475041424677
231.4,10818.03578107613,13877.667101005236,109588.47752318358,47.975265417729396,61.693201225149295,-578.6257657218187,0.7635227152945091,9.195299943465399e-05,0.3736681785103464,0.5266926496000358
231.5,10822.831421448442,13884.020170763693,109530.92003953186,47.98145368378488,61.6931251737673,-579.5812321433008,0.7629814920549769,9.685318196137651e-05,0.3759182824057045,0.5258751547222662
231.60000000000002,10827.62887848198,13890.373240522153,109473.34791058123,47.98765560456174,61.693049122385304,-580.5366984741231,0.7632855807905385,0.00010202908465411677,0.378479532931993,0.5235917826884764
231.70000000000002,10832.42633551552,13896.726239149406,109415.58281577591,47.99389737969969,61.69297032714132,-581.492164616181,0.7629628697393113,0.00010736038736264175,0.38021811644864995,0.5228019049287626
231.8,10837.223819572198,13903.079166738122,109357.62868659938,48.00014085094817,61.69288925973066,-582.4476298984797,0.761625963700796,0.00011269969628331058,0.3828491995069767,0.5228311095874836
231.9,10842.021963590909,13909.432081202509,109299.67455742286,48.006384322196645,61.69280819232001,-583.4030934077825,0.7596855798720343,0.00011812690592994101,0.38611866750229523,0.5232496348654027
232.0,10846.821048499376,13915.784995666896,109241.63948292653,48.01262779344513,61.692727124909354,-584.3585569170854,0.7576545307272141,0.00012358310797172837,0.3894167219841773,0.523750144090518
232.10000000000002,10851.621962408999,13922.137910131285,109183.58976315676,48.01888569619219,61.6926460574987,-585.314020329399,0.7558850507737305,0.00012919290041665463,0.3923507841494953,0.5241170055467246
232.20000000000002,10856.42287631862,13928.490745704328,109125.34707819771,48.02518341379956,61.69256205919019,-586.2694835397697,0.7548758736080936,0.00013506726321136676,0.3936805945022934,0.5245741003076426
232.3,10861.223817305501,13934.843504830786,109066.91535951933,48.03148282546336,61.69247563344099,-587.2249458024423,0.7541473606180419,0.00014089081622228818,0.39471210819761604,0.5248467302601895
232.4,10866.025419576104,13941.196250404455,109008.48364084096,48.037782237127146,61.6923892076918,-588.1804061107711,0.7542467868691175,0.00014693464155481574,0.3968054198912154,0.523122568479682
232.5,10870.827969201086,13947.548995978126,108949.97097700002,48.04408164879094,61.6923027819426,-589.1358664190998,0.7543218538386207,0.0001528197809346545,0.39912719657926066,0.5212446627241007
232.60000000000002,10875.632360393844,13953.901741551797,108891.44366791409,48.050396057621825,61.692216356193406,-590.0913266237069,0.7546993047092889,0.0001590018247089778,0.40187891865597913,0.5185771581256128
232.70000000000002,10880.4367515866,13960.254402359265,108832.72339426084,48.056750267463904,61.69212652910387,-591.0467866123536,0.7545255809581368,0.000163684299451784,0.4041521099190242,0.5170611114126041
232.8,10885.241170077441,13966.606982320473,108773.8140874976,48.06310617050378,61.692033891132304,-592.0022454995636,0.7545434172109282,0.00016620341276056945,0.40539190626068006,0.5160635680402292
232.9,10890.046255245079,13972.959548273653,108714.90478073436,48.06946207354366,61.69194125316074,-592.9577021153905,0.7538273418317254,0.00016857079406540503,0.40744458769192915,0.5154931796361192
233.0,10894.852294372417,13979.312114226832,108655.91452898002,48.07581797658354,61.69184861518918,-593.9131587312172,0.7528875132731541,0.0001709054879860581,0.4096470446469332,0.5151210168113064
233.10000000000002,10899.66018790765,13985.664680180013,108596.90963201171,48.08218957301387,61.69175597721761,-594.8686152355119,0.752140323468282,0.0001733636528172247,0.41120297031466413,0.5149728351694579
233.20000000000002,10904.468081442878,13992.017155481706,108537.71177116902,48.088600960486275,61.691659743016515,-595.8240715075839,0.7516852754036601,0.00017589217092766861,0.4130703024035822,0.5141421409255233
233.3,10909.27600277391,13998.369545402176,108478.32487789514,48.09501404040196,61.69156053852856,-596.7795265757671,0.7522124175345453,0.0001786928313678568,0.4157061385658747,0.5112385483650044
233.4,10914.084602937048,14004.721920803959,108418.93798462125,48.10142712031765,61.69146133404062,-597.7349791612905,0.7509385442977948,0.0001816347582273252,0.4175413794618669,0.5116155452425234
233.5,10918.89416363945,14011.07429620574,108359.47014654323,48.10784020023333,61.691362129552665,-598.6904317468138,0.7503892592138601,0.00018432785564621263,0.41896245001181714,0.5112596122908708
233.60000000000002,10923.705591539809,14017.426671607524,108299.98766328504,48.1142699647223,61.69126292506471,-599.6458842026593,0.7503923873628331,0.00018708718440815843,0.42052411453116445,0.5099712728027662
233.70000000000002,10928.517019440167,14023.778951425149,108240.312216783,48.120739507590564,61.69116021630892,-600.6013363885003,0.7511814710232391,0.00019011124679670002,0.42206362082939286,0.5075319314303868
233.8,10933.32847604602,14030.13114173859,108180.44773846742,48.12721074189329,61.69105461084315,-601.5567873102307,0.7513448901795923,0.0001931165153098815,0.4236871320065214,0.5059348108987131
233.9,10938.140633700528,14036.483316967368,108120.58326015186,48.13368197619603,61.690949005377384,-602.5122356251112,0.7513512654697697,0.00019599725736620815,0.4250998410608114,0.5047389053680366
234.0,10942.953758523754,14042.835492196144,108060.63783723557,48.14015321049877,61.690843399911614,-603.4676839399916,0.7514879059084958,0.00019872083295519635,0.42796789203809465,0.5021049403937028
234.10000000000002,10947.768763431954,14049.187667424923,108000.67776917593,48.14664205906173,61.690737794445845,-604.4231321120612,0.7514953684683087,0.00020147365844396572,0.42996508312274406,0.5003845499955986
234.20000000000002,10952.583768340155,14055.539740310942,107940.52473874293,48.15317067680821,61.69062876035886,-605.3785799867821,0.751371814680583,0.00020427578947844629,0.43102406091902606,0.49965849665934975
234.3,10957.398803313632,14061.891718453453,107879.90027564009,48.15970098515748,61.69051688992186,-606.3340265277797,0.7512183526643165,0.0002069393593836514,0.4323960650272763,0.49870290428805353
234.4,10962.214572544603,14068.243680911404,107818.69102022277,48.166231293506755,61.69040501948486,-607.2894703183719,0.7506000984544541,0.0002095379792403542,0.43371689405927655,0.49848681437082537
234.5,10967.0313157255,14074.595643369355,107757.15798731205,48.17276160185603,61.690293149047854,-608.2449141089642,0.7520780647446434,0.000212680731217799,0.43580567164150835,0.4944208287096652
234.60000000000002,10971.849952173421,14080.947605827307,107695.56637399255,48.17931025494362,61.69018127861085,-609.2003577447206,0.7523819063580331,0.0002155636334271542,0.43722917560350466,0.4926987604190328
234.70000000000002,10976.66858862134,14087.299460236156,107633.92652027508,48.18589858821562,61.69006607039833,-610.1558010580911,0.7530232142760336,0.0002186020796388952,0.4386298539460009,0.49046900228437584
234.8,10981.487256933215,14093.651215215014,107572.23940900878,48.19248860794362,61.68994809605061,-611.1112429646572,0.7541905716558853,0.0002219841427746912,0.4402638879383876,0.4872004118694733
234.9,10986.306703430088,14100.002953890182,107510.55229774247,48.199078627671625,61.68983012170289,-612.0666819701103,0.7542564137531924,0.0002252800189817905,0.44147329540109426,0.4860026141995371
235.0,10991.127130880484,14106.35469256535,107448.54141000939,48.20566864739963,61.689712147355166,-613.0221209755632,0.7537837240968047,0.00022808669065172514,0.4425942074069405,0.48571639135717426
235.10000000000002,10995.949465212238,14112.70643124052,107386.4719420533,48.21227788726351,61.68959417300745,-613.9775598139297,0.7535303871060381,0.00023103100079166936,0.44425366556564705,0.48459321390624843
235.20000000000002,11000.771799543989,14119.05805603705,107324.3542339305,48.21892663755133,61.689472686950275,-614.9329983044033,0.7540956375030297,0.00023434122062484023,0.44747807720670013,0.48073182233183387
235.3,11005.59416788212,14125.40957662073,107262.1892684855,48.225577066629874,61.68934828578344,-615.8884352542487,0.7531733092416161,0.00023723512503602778,0.44885835939094276,0.48089092647959125
235.4,11010.417366727768,14131.76108027029,107200.05557963751,48.23222749570842,61.6892238846166,-616.8438690270093,0.7517623102833727,0.0002400689579233783,0.4515411098818968,0.48058713808312237
235.5,11015.241553799493,14138.112583919847,107139.72686568234,48.23887792478697,61.68909948344977,-617.7993027997697,0.7510963013055497,0.00024280727701371106,0.454940466518574,0.47841766181194795
235.60000000000002,11020.067661889723,14144.464087569406,107079.39815172715,48.24554822306629,61.68897508228294,-618.7547363924914,0.7500463518668188,0.0002455719782325007,0.4577378319967864,0.47739552459628415
235.70000000000002,11024.893769979952,14150.815471215641,107019.02119788877,48.25225799720027,61.68884661598927,-619.7101696103512,0.7486383612211371,0.00024833107509788854,0.4608610560057175,0.47660007290925016
235.8,11029.719914519621,14157.166745681934,106958.30928915815,48.258969448341816,61.688714782175275,-620.6656010361911,0.7483141779029834,0.0002513851035446931,0.46123704142558036,0.4767454452555256
235.9,11034.546949231471,14163.51800257657,106897.50272679822,48.265680899483364,61.68858294836129,-621.6210287665264,0.7479388006410523,0.0002545609714538968,0.46145640422665807,0.4771220731558531
236.0,11039.374979705517,14169.869259471207,106836.6961644383,48.27239235062491,61.68845111454729,-622.5764564968616,0.7483869324165008,0.00025769018935115296,0.4639825780633228,0.473958964719203
236.10000000000002,11044.204945847587,14176.220516365844,106775.88960207836,48.279124259886984,61.688319280733296,-623.5318840331272,0.7479885334515629,0.00026058899020198634,0.4650484062415282,0.473543098113121
236.20000000000002,11049.034911989653,14182.571646229297,106715.03480008803,48.28589562358695,61.688183218832805,-624.487311165318,0.7465906598655875,0.0002636082702736544,0.4673186914855756,0.47351405227337867
236.3,11053.864917055715,14188.92266133671,106653.84504464938,48.292668663101594,61.688043655041476,-625.4427362961421,0.7450049098696429,0.00026686866205149053,0.46928688952956604,0.4740647934269188
236.4,11058.69587272778,14195.273658193812,106592.56063597495,48.29944170261623,61.68790409125015,-626.3981572997458,0.7438080127637501,0.0002700795870621887,0.4715331185187614,0.4737151943366705
236.5,11063.52783183837,14201.624655050913,106531.27622730054,48.30621474213086,61.68776452745881,-627.3535783033494,0.7426903565766529,0.0002733933864144583,0.47365668994913995,0.4733500814096524
236.60000000000002,11068.36174153903,14207.975651908017,106469.99181862609,48.313008502218565,61.687624963667474,-628.3089990848442,0.7421863893144881,0.00027630035307052593,0.4751111408369262,0.4726824420549938
236.70000000000002,11073.195651239692,14214.326512909522,106408.6591706065,48.31984169528794,61.687481438719246,-629.264419403883,0.741751765557853,0.00027955116618549636,0.4757367279486032,0.47273545014490925
236.8,11078.02960218639,14220.677252368312,106346.99157070868,48.3266765631315,61.687334626586555,-630.2198376246831,0.7407886942552467,0.0002827712796702871,0.4774792998801413,0.47248867572670983
236.9,11082.864560448286,14227.0279728167,106285.22931799975,48.33351143097505,61.687187814453864,-631.1752515184928,0.7399904855154547,0.00028619167590184755,0.47981599443740125,0.4713709907524794
237.0,11087.700530092772,14233.378693265087,106223.46706529082,48.3403462988186,61.687041002321166,-632.1306654123027,0.7394700406414895,0.00028979546213590384,0.48143932554924895,0.47053177451363287
237.10000000000002,11092.538465769854,14239.729413713476,106161.70481258188,48.34720171937871,61.68689419018847,-633.0860790525659,0.7390226529590066,0.00029356629071262237,0.48284255751863003,0.4697962291048463
237.20000000000002,11097.376401446934,14246.07998827295,106099.8943207877,48.3540965387123,61.68674367285142,-634.0414921649165,0.7379676976576891,0.0002972507266991572,0.48549955572317616,0.468715020293156
237.3,11102.214380394045,14252.430433698419,106037.74887876182,48.36099303143795,61.68659007429956,-634.9969030636101,0.7375615893118097,0.00030091335626475184,0.4873766894600266,0.46740429394045374
237.4,11107.053416086603,14258.780859302871,105974.86908883128,48.3678895241636,61.686436475747705,-635.9523093972982,0.7374659839532159,0.00030455177484436734,0.4892491191202659,0.4655954565931408
237.5,11111.893471482766,14265.131284907322,105910.51209629266,48.37478601688925,61.68628287719585,-636.9077157309863,0.7361547642791024,0.0003077867982367317,0.49051695117864674,0.46633591852104966
237.60000000000002,11116.7355090868,14271.481710511775,105846.1209396893,48.38170262641192,61.686129278643996,-637.8631217849297,0.7349531402216752,0.00031141625793344485,0.4927535143257854,0.46587311450415425
237.70000000000002,11121.577546690833,14277.831981071571,105781.49199518314,48.38865855118093,61.68597227263771,-638.8185272564134,0.7347210449685272,0.00031501485860081866,0.4926650269704522,0.4663325616405077
237.8,11126.419629283704,14284.182115347725,105716.62254766289,48.39561614597954,61.68581242534261,-639.773930394639,0.7343832110894184,0.000319287553530487,0.4945155289157739,0.46490384918454386
237.9,11131.262810598906,14290.532228967895,105651.75310014261,48.40257374077815,61.68565257804752,-640.7293287212174,0.7337942313150259,0.0003230488527690842,0.4966174974925828,0.463591396503897
238.0,11136.107020381723,14296.882342588066,105586.88365262235,48.40953133557676,61.68549273075243,-641.6847270477957,0.7328635584045164,0.00032682023351266566,0.49782861579573434,0.46376456014459316
238.10000000000002,11140.953229408815,14303.232456208236,105522.01420510205,48.41650856884576,61.68533288345733,-642.6401250713178,0.732901694914817,0.0003313414095031199,0.4998465008031232,0.4615284080516952
238.20000000000002,11145.799438435908,14309.582406929523,105456.90697176725,48.423524892299284,61.68516941760674,-643.5955224638425,0.7331265561545559,0.00033628536692191415,0.5028476422894455,0.45789691876781485
238.3,11150.64569391563,14315.932214935845,105391.55923753312,48.43054287639368,61.685002927410245,-644.5509172724118,0.7327232415090295,0.0003402415023391728,0.5057192000452302,0.45537306276703854
238.4,11155.493083866571,14322.282001442232,105326.21150329897,48.43756086048808,61.684836437213754,-645.5063067523454,0.7333098882241464,0.00034470201832896883,0.5087592078190466,0.45102168182089053
238.5,11160.341511527751,14328.631787948618,105260.86376906483,48.444578844582466,61.68466994701726,-646.4616962322789,0.7344133156799693,0.00034916079904849425,0.5095712532315922,0.4483013469962751
238.60000000000002,11165.191956399995,14334.981574455007,105195.51603483068,48.45161537320762,61.68450345682078,-647.4170853814079,0.7333544508848897,0.00035271962146231974,0.5120931873239247,0.44715958275834183
238.70000000000002,11170.042401272236,14341.331193022059,105129.93051687563,48.45869077734851,61.68433274222674,-648.3724738417645,0.7325352312421284,0.00035619479181639424,0.5138699222780665,0.4464635607664366
238.8,11174.892893807682,14347.680664039624,105064.10450013913,48.46576783347609,61.68415850430395,-649.3278592780314,0.7305734222330358,0.00036047868013135365,0.5173849738696992,0.44561769892552766
238.9,11179.74455037906,14354.030112712657,104998.27848340264,48.47284488960368,61.683984266381174,-650.2832384780174,0.7298145535096197,0.0003654853547729553,0.521362304387404,0.4422125410590091
239.0,11184.59725430262,14360.379561385691,104932.45246666613,48.47992194573126,61.683810028458396,-651.2386176780036,0.7288292279401468,0.00036936615727029275,0.5238494931900196,0.4408962786794315
239.10000000000002,11189.451994180266,14366.729010058727,104866.62644992962,48.48701544786313,61.683635790535604,-652.193996513987,0.7289951541363873,0.0003739590723279021,0.5279819083803771,0.43566160012478977
239.20000000000002,11194.306734057915,14373.078289894083,104800.56265176115,48.49414780199024,61.68345774315032,-653.1493745920761,0.7279788621955293,0.0003791803033467761,0.5321932313287758,0.43222331837446726
239.3,11199.161522654396,14379.427419585902,104734.25835712589,48.50128180808982,61.68327650502596,-654.1047493505046,0.7253098887553028,0.00038219624406097386,0.5330610012179502,0.4356275796828269
239.4,11204.017501067578,14385.776526040454,104667.95406249061,48.508415814189405,61.683095266901596,-655.060117263126,0.7249461716725563,0.00038641475504178015,0.534882860678504,0.43399680207729824
239.5,11208.874536918805,14392.125632495003,104601.64976785534,48.51554982028898,61.68291402877723,-656.0154851757472,0.724404071416887,0.0003904144731797139,0.5378163242207187,0.4312681187995369
239.60000000000002,11213.733628330103,14398.474738949555,104535.34547322005,48.52269751504499,61.68273279065287,-656.9708526614218,0.7229391816960666,0.00039400991600863127,0.5404114948892687,0.4304813590811493
239.70000000000002,11218.592719741398,14404.823683270903,104468.80339946575,48.52988398501868,61.68254831669,-657.926219258145,0.7214443864257776,0.00039778495978370264,0.5430761249269693,0.42963491663989084
239.8,11223.451860830846,14411.172478931237,104402.0208315859,48.53707210498648,61.68236111455251,-658.8815823832116,0.7188964309645125,0.00040205730512570225,0.5465985248352794,0.42943895089326256
239.9,11228.312215165552,14417.521250357879,104335.23826370605,48.544260224954286,61.682173912415024,-659.8369383490245,0.7185222050741897,0.00040670418967717634,0.5483206735791462,0.42786693531136216
240.0,11233.173637546586,14423.87002178452,104268.45569582623,48.551448344922086,61.68198671027754,-660.7922943148375,0.7166008797209575,0.00041087643704547513,0.5524606135551439,0.42575847711346543
240.10000000000002,11238.037136109187,14430.218793211163,104201.67312794637,48.55864687886736,61.68179950814006,-661.7476498074761,0.7148064803015346,0.00041605275094880605,0.5570710911509094,0.4227568119178868
240.20000000000002,11242.900634671789,14436.56742095261,104134.65278341698,48.565884116596784,61.681609726984206,-662.7030043149132,0.7144123409932177,0.0004207087021873233,0.5584244930218238,0.4216359989779068
240.3,11247.7641836701,14442.91590805485,104067.39194726081,48.57312300281445,61.681417748137605,-663.6583551780342,0.7136147155272997,0.00042620004362291117,0.5590775832935512,0.4221209684380252
240.4,11252.6289644148,14449.264369870687,104000.13111110461,48.580361889032105,61.68122576929101,-664.6136985258427,0.711088793481281,0.000430698922979064,0.5620354464650342,0.4224555588468727
240.5,11257.494824366056,14455.612831686523,103932.87027494842,48.58760077524977,61.68103379044441,-665.5690418736513,0.7104795657789384,0.0004355561291875606,0.5629913746887593,0.42220766090573325
240.60000000000002,11262.36278219332,14461.961293502362,103865.60943879222,48.59484682772325,61.68084181159781,-666.5243847060345,0.7095326676771788,0.0004406201530396927,0.5653674083608813,0.42062203094475137
240.70000000000002,11267.230740020583,14468.309650491978,103798.11082864093,48.60213146264748,61.68064773344806,-667.4797264652448,0.7086513130697805,0.00044546482773272575,0.567923175632322,0.4186602257502643
240.8,11272.098748370454,14474.657886420817,103730.37172955099,48.60941774240965,61.680451844655494,-668.4350644073896,0.7082482808771984,0.0004511066466745101,0.5690026739114383,0.4178757305933426
240.9,11276.967990588944,14481.006095994528,103662.63263046103,48.61670402217183,61.680255955862926,-669.3903944779787,0.7070077203674934,0.0004551212641174242,0.5704205156303681,0.41804343261601457
241.0,11281.838323705624,14487.35430556824,103594.8935313711,48.62399030193401,61.68006006707035,-670.3457245485678,0.705508478449144,0.0004561148056543451,0.572675406540577,0.41749306286361537
241.10000000000002,11286.710777425744,14493.702459796705,103527.15443228112,48.631279764288514,61.679864178277775,-671.3010540612214,0.7029190581622609,0.0004553870954595871,0.5755346193237361,0.4179288124247427
241.20000000000002,11291.583231145862,14500.050567687773,103459.17756244309,48.63860744436137,61.67966602935484,-672.2563824121917,0.7030806685305435,0.00045547670108373584,0.5758012142890093,0.41728926142775485
241.3,11296.455733997584,14506.398611587141,103390.9602069495,48.645936755571405,61.67946592475928,-673.2117064154993,0.7051261225113665,0.00045649609000531155,0.5766456760021245,0.4126459830308034
241.4,11301.32943674669,14512.746628070978,103322.74285145591,48.653266066781434,61.679265820163714,-674.1670214530528,0.7060883348301217,0.0004566758881135251,0.5770422514233856,0.41044036708904436
241.5,11306.204239069302,14519.094622411245,103254.52549596233,48.66059537799147,61.67906571556815,-675.1223364906064,0.705758942746068,0.0004562224749205546,0.577380512787591,0.4105311803604497
241.60000000000002,11311.081178859355,14525.442589779279,103186.30814046873,48.667922806379735,61.678865610972586,-676.0776509260877,0.7044916356939613,0.00045617793793737636,0.5777494815061441,0.41218547252216137
241.70000000000002,11315.958118649403,14531.790557147311,103117.85301795097,48.67528806903988,61.678663517125656,-677.0329641079879,0.7020115228990631,0.0004573475557667794,0.5806477682399509,0.4123442515521657
241.8,11320.835104254753,14538.138458102352,103049.15741354805,48.682654948847585,61.67845967411403,-677.9882721526471,0.7002103848616973,0.00045795503113987786,0.5821642174065548,0.4132675055946655
241.9,11325.713208766276,14544.486334392233,102980.46180914513,48.69002182865528,61.67825583110241,-678.9435696032832,0.7019917561721682,0.00045929406910377675,0.5832484049940333,0.4086914011661969
242.0,11330.59242742498,14550.834217492535,102911.76620474222,48.69738870846299,61.67805198809079,-679.8988670539193,0.7028129555393228,0.0004595395980144431,0.585128743726592,0.404571491351504
242.10000000000002,11335.473811880967,14557.182100592836,102843.07060033927,48.704748533700005,61.67784814507918,-680.8541638042624,0.7023924662604492,0.0004593078461370809,0.586300658730942,0.40360395184949555
242.20000000000002,11340.355196336954,14563.529983693137,102774.1372322834,48.71214612763332,61.677643485701886,-681.8094590965181,0.7010738064605749,0.0004586080326424009,0.5883489083257788,0.402915462157283
242.3,11345.236618112798,14569.877820733453,102704.96338575178,48.71954533835404,61.677438024757635,-682.7647490641803,0.6996367772856055,0.0004570680476463451,0.590695087587365,0.4019794577566957
242.4,11350.118951318282,14576.225692273925,102635.78953922015,48.72694454907475,61.67723256381339,-683.7200280514602,0.6983667833203134,0.00045557334366743134,0.5918910640552653,0.4024283746199972
242.5,11355.002413099523,14582.573563814396,102566.61569268852,48.73434375979547,61.67702710286914,-684.6753070387402,0.6983012844252583,0.00045511757379588467,0.5915457991502739,0.403049223477347
242.60000000000002,11359.888068725855,14588.92143535487,102497.44184615689,48.741730957898056,61.67682164192489,-685.6305852265248,0.697816430844681,0.00045484843890363023,0.5924233719535172,0.4025997644302747
242.70000000000002,11364.773724352184,14595.269306895341,102428.03023971526,48.7491558249045,61.67661663965411,-686.585861749671,0.6983030814021798,0.00045540266479473303,0.5941346549381594,0.3992200031488253
242.8,11369.660015936235,14601.617154489437,102358.37815858512,48.75658230677559,61.676411863871806,-687.5411327458997,0.6975777569327924,0.00045493268366410093,0.5953773017322451,0.39863634386605856
242.9,11374.54640311301,14607.965104975334,102288.72607745502,48.764008788646684,61.676207088089505,-688.4963923445134,0.694167877249497,0.0004532962789543317,0.5983508743453332,0.40013370751235905
243.0,11379.433932390088,14614.313055461229,102219.0739963249,48.77143527051777,61.676002312307205,-689.4516519431273,0.6912684394258847,0.0004513521436775155,0.6005019584821542,0.4019267828772321
243.10000000000002,11384.323681802687,14620.661005947126,102149.42191519478,48.77884504384223,61.675797536524904,-690.4069106655833,0.6880697079373767,0.00044951329697855684,0.6040596784578542,0.40208429441867405
243.20000000000002,11389.213846326838,14627.008956433023,102079.53207821472,48.78629239110108,61.675594601808804,-691.3621675637814,0.6861946619508738,0.0004481743611195066,0.6083217510208654,0.39885001226623573
243.3,11394.104189331438,14633.356901901978,102009.40177065507,48.79374135138413,61.67539301085373,-692.3174187440662,0.6854298505955317,0.00044659040924333835,0.6098938450910806,0.39776276621827056
243.4,11398.994532336037,14639.705009909138,101939.27146309541,48.80119031166716,61.67519141989867,-693.2726581328641,0.6830020510929607,0.00044515185548535174,0.6135048239589148,0.3963834393889017
243.5,11403.886030801976,14646.053117916297,101869.14115553576,48.808639271950206,61.674989828943595,-694.2278975216619,0.680329352481387,0.00044401314922306494,0.6156771453779335,0.39760964231751095
243.60000000000002,11408.780017831325,14652.401225923457,101799.01084797608,48.81606715359617,61.67478823798852,-695.1831359634879,0.6787950741842581,0.00044267063556783625,0.617378214850408,0.39759425440267543
243.70000000000002,11413.674220460995,14658.749333930617,101728.64278920181,48.82353237451417,61.67458907525937,-696.1383724336139,0.6772407593329292,0.00044119523507486536,0.6188873341692386,0.3978985132540899
243.8,11418.568423090665,14665.097452808706,101658.03426453951,48.8309992004945,61.67439173038149,-697.0936026916634,0.6747440149663856,0.00043982214335533317,0.6219499905350521,0.39736448016521686
243.9,11423.462625720334,14671.445785225293,101587.42573987723,48.83846602647484,61.67419438550362,-698.0488201391627,0.6730865442249119,0.00043842555025446124,0.6258174922582067,0.39408980975159963
244.0,11428.358088859699,14677.794117641879,101516.81721521495,48.84593285245517,61.67399704062574,-699.0040375866621,0.6714395081779995,0.00043758764722370575,0.6288075243159068,0.3921350440070836
244.10000000000002,11433.255987554869,14684.142450058465,101446.20869055264,48.85337556429258,61.67379969574787,-699.9592540169863,0.6711031434864465,0.0004369772623776427,0.6319108312118513,0.3876971514605563
244.20000000000002,11438.153955146829,14690.490782475053,101375.3624198093,48.86085509128353,61.67360553506129,-700.9144683294393,0.6700267817270397,0.00043578846818266673,0.6342637869918465,0.3857115118423073
244.3,11443.051982708019,14696.839126898047,101304.27568837274,48.86833620237961,61.67341378054707,-701.8696754526609,0.6670492802388258,0.00043421880414422343,0.6366407600315129,0.3869542761792302
244.4,11447.950089752676,14703.187694368165,101233.1889569362,48.87581731347569,61.67322202603285,-702.8248677502426,0.6630777802090942,0.0004334319325500939,0.6422105837371034,0.38456889586365284
244.5,11452.849410959558,14709.536261838284,101162.10222549965,48.88329842457177,61.67303027151863,-703.7800600478241,0.6598058785763753,0.00043247908304894363,0.6453336677230569,0.38496814525491274
244.60000000000002,11457.75117280313,14715.884829308405,101091.01549406307,48.89075279032832,61.672838517004415,-704.7352512117044,0.6574616532575746,0.00043180682861640625,0.6479455138516614,0.38459147041787833
244.70000000000002,11462.652953242932,14722.233514430158,101019.69102200573,48.90892391005531,61.67265189019761,-705.6904400150934,0.6541707885512598,0.0004289258144287044,0.6492957066520454,0.387911691950745
244.8,11467.554733682735,14728.582333796932,100948.12609477711,48.92749559450412,61.67246922945338,-706.6456210552528,0.653208576115455,0.0004264258814635675,0.6530334453372856,0.38323060097166295
244.9,11472.456514122538,14734.93111765267,100876.56116754847,48.945489561408685,61.67228656870915,-707.6007860860726,0.6509408801837344,0.0004231819080157407,0.6569398289407352,0.3804022247227469
245.0,11477.359488648752,14741.27990150841,100804.99624031984,48.96348352831326,61.67210390796492,-708.5559511168924,0.6463255033607036,0.00042012040361235633,0.660871620648527,0.3814601790826519
245.10000000000002,11482.264914655689,14747.6288427364,100733.43131309119,48.981450210669216,61.67192124722069,-709.5111148210229,0.642430409894515,0.00041759652862821575,0.6649740622028424,0.38091008211040434
245.20000000000002,11487.17035609132,14753.977985148034,100661.62865067188,48.999416591547096,61.67174582208232,-710.4662757628402,0.6419436987506425,0.0004162676769416631,0.6698966357478503,0.37302360752273767
245.3,11492.075855958763,14760.327041829865,100589.58553857857,49.01580522729025,61.67157606539773,-711.4214288660135,0.6387677343475308,0.000412267600457948,0.671583893012026,0.37543399718027576
245.4,11496.981364891648,14766.676061783055,100517.54242648526,49.030452960832754,61.67140630871314,-712.3765658043279,0.6356652181909426,0.0004097391446323813,0.6735695491537812,0.3771387343523158
245.5,11501.888132618,14772.974892787623,100445.49931439196,49.045100694375265,61.671236552028546,-713.3317027426424,0.6348021212001624,0.00040807298459259104,0.6777033035441185,0.3711392363542312
245.60000000000002,11506.79725445168,14779.152895172982,100373.4562022986,49.059720647972455,61.671066795343954,-714.2868382268907,0.6309323994476157,0.0004041915110436996,0.6810101925770252,0.3716843574361179
245.70000000000002,11511.706459386547,14785.330897558339,100301.17536085934,49.07434029461773,61.67090643648068,-715.241970683613,0.6281710468117105,0.0004014002735057195,0.6847048132371303,0.3695677117325144
245.8,11516.615683961883,14791.50887779473,100228.65407566125,49.086306729990156,61.67075349562333,-716.1970952557651,0.6259205069081055,0.0003978906465544102,0.6849828532153935,0.37285634165966947
245.9,11521.524908537218,14797.686848541987,100156.13279046316,49.09534558140617,61.670442819025425,-717.1522035683493,0.6242578196505484,0.00039458932866528264,0.6855391797608712,0.37461720718247465
246.0,11526.435349060388,14803.865909137101,100083.61150526507,49.1043844328222,61.670069956521516,-718.1073118809335,0.6231035022014301,0.00039166239883543633,0.6861115038467652,0.37549018154141917
246.10000000000002,11531.348288485337,14810.045950317306,100011.09022006697,49.1133964630785,61.6696970940176,-719.0624186337736,0.6214860474883945,0.00039076782509291037,0.6899332821565701,0.3711428380696879
246.20000000000002,11536.26127250653,14816.22599149751,99938.33121207113,49.122408196976885,61.66932556531084,-720.0175221390548,0.6200156244691206,0.00038939391997202806,0.6937778320904766,0.36640523124865465
246.3,11541.174256527727,14822.406009863833,99865.33176694457,49.12952630687897,61.66895429682658,-720.9726174274954,0.6186980496308139,0.00038764226275754337,0.6970071240644047,0.36248260940350047
246.4,11546.08724054892,14828.586018456162,99792.33232181803,49.13363876867035,61.668583028342304,-721.9276957711594,0.6146839010452533,0.00038550763426461435,0.7009020513280622,0.3618008673618235
246.5,11551.001652362978,14834.767141043463,99719.3328766915,49.13646305004084,61.668211759858025,-722.8827741148234,0.6097243478836347,0.0003828904593096151,0.7037689986394137,0.36461660624119907
246.60000000000002,11555.918533294056,14840.949265942105,99646.33343156491,49.137772442161356,61.66784049137376,-723.8378508032562,0.6078175144633688,0.0003820638980088313,0.7089505055338583,0.35769666456655275
246.70000000000002,11560.835414225132,14847.131390840745,99573.09627086917,49.1381688067795,61.667470950674605,-724.7929240453149,0.6035571586316278,0.0003810438641759809,0.7129801832183841,0.35690036341809617
246.8,11565.752295156208,14853.313492350002,99499.61868035814,49.13720899057723,61.66710195600508,-725.7479880192125,0.5989801394592054,0.0003794874386693964,0.7160355464644241,0.35849092697320545
246.9,11570.669481412848,14859.495583838705,99426.14108984712,49.135245831776174,61.66673296133555,-726.703032880299,0.5968991828755202,0.0003779352912089969,0.7166380925526521,0.3607506991676503
247.0,11575.588071063461,14865.678723444273,99352.6634993361,49.13244253212378,61.66636396666602,-727.6580777413856,0.5955252524954956,0.0003778847509240059,0.7187323687400857,0.3588499867194601
247.10000000000002,11580.509052409518,14871.862806087693,99279.18590882503,49.12886870749947,61.66599497199649,-728.6131208168418,0.5913763278982304,0.00037671934506443576,0.720465566405944,0.36221991180428237
247.20000000000002,11585.430033755572,14878.046888731109,99205.47061023442,49.124632200466316,61.66562803595564,-729.5681601744191,0.5884574076250966,0.0003749283274112649,0.721539296712167,0.3648270578507186
247.3,11590.351501193643,14884.230947524338,99131.51488940699,49.11936503028829,61.665261753369734,-730.5231896532564,0.5856165509746397,0.00037460047958005855,0.7243989076855456,0.36372975880870173
247.4,11595.273318589623,14890.414996099595,99057.55916857954,49.11409786011027,61.664895470783826,-731.4781987601467,0.5815827264788945,0.00037400524336132107,0.7270939463519858,0.36482295097725
247.5,11600.196369928692,14896.599879642843,98983.6034477521,49.10883068993225,61.664529188197925,-732.4332078670371,0.5773102081746461,0.00037443998933358425,0.7311241502867611,0.36355227987113875
247.60000000000002,11605.121819937029,14902.785514444324,98909.64772692464,49.1162490579735,61.66416290561202,-733.3882148698741,0.5740761085343572,0.0003741176141747782,0.7359978262864688,0.35880869742475957
247.70000000000002,11610.047269945364,14908.971149245803,98835.45430552203,49.12382606656645,61.66379919345034,-734.3432174918405,0.5707847739287235,0.00037408111199534747,0.7401755339198073,0.3554501102841099
247.8,11614.973497777544,14915.15675973085,98761.02046947593,49.13140457968301,61.66343649110217,-735.2982105560407,0.5675760754843502,0.00037277366149656967,0.7421469955197659,0.35647594114970077
247.9,11619.900285597529,14921.342359798175,98686.58663342985,49.138983092799556,61.66307378875399,-736.2531839102061,0.56475086185355,0.0003741061636323362,0.7471793653704942,0.3503988014317351
248.0,11624.828308327948,14927.52840101672,98612.15279738375,49.14656160591611,61.66271108640582,-737.2081572643715,0.5632985383373909,0.0003741102882022459,0.7501734010946252,0.3463155859018965
248.10000000000002,11629.758731608053,14933.714839158843,98537.71896133765,49.15412532035589,61.66234838405765,-738.1631283405702,0.5600143480359976,0.000374608834468015,0.7534384921309245,0.3445493117646828
248.20000000000002,11634.689154888158,14939.901277300965,98463.0474324415,49.161724079165246,61.6619886893937,-739.1180946737917,0.5572905350627193,0.0003741088470144335,0.7545752242942002,0.34647272685369623
248.3,11639.62058224031,14946.087690709215,98388.13549672044,49.169324342035715,61.661630335992186,-740.0730518780495,0.5534676204603601,0.00037266320481736085,0.7541672293798447,0.35341936046800154
248.4,11644.55273246578,14952.274093520902,98313.22356099937,49.176924604906176,61.66127198259066,-741.0279902565493,0.5483750155749931,0.0003721882356115218,0.7555569922221865,0.3583550408089803
248.5,11649.486115393798,14958.46037154321,98238.31162527831,49.184524867776645,61.660913629189146,-741.9829286350491,0.5450536058748047,0.0003737661759254643,0.7600774237015934,0.3538343355312869
248.60000000000002,11654.421894579591,14964.646537286904,98163.39968955722,49.19211214465475,61.66055527578763,-742.9378646195593,0.5429029873340154,0.00037420598036886233,0.7618625284630636,0.3533011378945075
248.70000000000002,11659.35767376538,14970.832703030599,98088.25006943442,49.199734467559985,61.66020050823358,-743.8927956195193,0.5421093553648497,0.00037511006721078534,0.7639426860357568,0.35001268344278264
248.8,11664.294613486563,14977.01884375352,98012.86005103884,49.2073582937415,61.65984754110208,-744.8477178880845,0.5403746759989876,0.0003757052968527158,0.7644640880154916,0.351553305373683
248.9,11669.232388725546,14983.204973756961,97937.47003264328,49.214982119923015,61.65949457397059,-745.8026221507585,0.537368312411447,0.000376648753785649,0.7657196353892252,0.35342410066544994
249.0,11674.171391021117,14989.39030926421,97862.0800142477,49.22260594610453,61.6591416068391,-746.7575264134325,0.5370790396266245,0.0003775750062902948,0.7650764674697929,0.35525196910756235
249.10000000000002,11679.112778599243,14995.574929927534,97786.6899958521,49.23021786715004,61.65878863970761,-747.7124281984055,0.5375449580443871,0.00037903822764072306,0.7647205391027555,0.3553136241202571
249.20000000000002,11684.054166177368,15001.759550590854,97711.06230215717,49.23786450369969,61.65843970888962,-748.6673248245323,0.5373009480534604,0.0003810674053734558,0.7655547830119845,0.35388334266528926
249.3,11688.996792488984,15007.944146135937,97635.19421940114,49.24551262889566,61.658092940388805,-749.6222120457269,0.5341214376670496,0.00038247871961843993,0.7655466361392338,0.35868160174508074
249.4,11693.94031061647,15014.128730919781,97559.32613664512,49.25316075409164,61.657746171888,-750.5770798720608,0.5341728735185401,0.00038380550832563644,0.765594557490202,0.3585026742322286
249.5,11698.885046834595,15020.312249119876,97483.45805388909,49.260808879287616,61.657399403387195,-751.531947698395,0.5317409839947967,0.0003843866508624876,0.7699491396865273,0.35274594325537517
249.60000000000002,11703.83215090631,15026.49480766664,97407.58997113304,49.26844311882709,61.6570526348864,-752.4868129185679,0.5277947169223856,0.0003841647707024985,0.7729133958556615,0.3521895394714572
249.70000000000002,11708.77925497802,15032.677366213404,97331.48422212603,49.276111088885294,61.65670990331351,-753.441672712427,0.5251445503089414,0.00038346125528530844,0.7733934380351529,0.35508540415293316
249.8,11713.727166512013,15038.858398720744,97255.13809321258,49.28378050644666,61.65636915326063,-754.396522772451,0.5251746392776018,0.0003846147833074039,0.7748796507951071,0.35178541344797376
249.9,11718.675745029559,15045.039102323351,97178.79196429912,49.29144992400803,61.65602840320774,-755.3513527593516,0.5233066194080263,0.0003863898408444388,0.7771331235080902,0.3495913916749002
250.0,11723.626050736639,15051.219546215969,97102.44583538566,49.311702990234615,61.65568765315486,-756.3061827462523,0.5183330160797712,0.0003896130164523693,0.7813018245373939,0.3477041725632356
250.10000000000002,11728.579113961592,15057.398151996613,97026.09970647219,49.33964943726367,61.65534690310197,-757.2610097175425,0.5143257892235589,0.0003925517298699157,0.785030905479591,0.34524673189560545
250.20000000000002,11733.532500126683,15063.576757777255,96949.51591984002,49.36759564312523,61.655010041528136,-758.2158304100006,0.5127023268911199,0.00039390897344165356,0.7856666661507288,0.3462138913096229
250.3,11738.486302796442,15069.753919809547,96872.69176193337,49.395981513825774,61.65467491851661,-759.1706432330889,0.5098128809031677,0.000394644049986303,0.7890285229965357,0.34281869934294984
250.4,11743.440874786995,15075.929131685118,96795.8676040267,49.42446226415844,61.65433979550509,-760.1254398279547,0.5053282718221568,0.00039568766943893114,0.7933739608792846,0.3394126387263972
250.5,11748.39680703812,15082.104343560686,96719.04344612006,49.452629770163675,61.65400467249356,-761.0802364228205,0.5002338010092183,0.00039507692433451703,0.7963620293912368,0.33996103657031734
250.60000000000002,11753.355056635703,15088.279555436258,96642.21928821338,49.48023765121657,61.653669549482046,-762.035029862785,0.49537657891553616,0.0003937838652797617,0.7982933727996632,0.34253405807356596
250.70000000000002,11758.313306233284,15094.45476731183,96565.15747983943,49.50699546045235,61.653338045811246,-762.989816733898,0.4937821847315351,0.0003932571558377637,0.8008590206995202,0.3388271363907664
250.8,11763.272508530983,15100.628098880186,96487.8553075289,49.53230444403579,61.65300802688886,-763.9445974679807,0.4910245767799746,0.0003918908232497714,0.8030000169542874,0.3377657238250261
250.9,11768.231839597867,15106.79888317339,96410.55313521835,49.55492153741413,61.65267800796647,-764.8993655462731,0.48887392427699555,0.00039097150679721964,0.8046683216750452,0.3369139732868874
251.0,11773.192346931031,15112.96966746659,96333.25096290781,49.577538630792475,61.65234798904409,-765.8541336245656,0.4868959040586439,0.00038983158276994004,0.8047808960509204,0.33949953754567985
251.10000000000002,11778.155140815164,15119.140451759791,96255.94879059725,49.59629337962697,61.652017970121705,-766.8088985340646,0.4855704313271939,0.00038815488036444073,0.8063555469101082,0.33765653780700294
251.20000000000002,11783.118508485333,15125.309530235045,96178.40897783535,49.61292625032517,61.65169134861142,-767.7636568457872,0.48310083518395164,0.0003868259422927115,0.8080228934050487,0.337212747599482
251.3,11788.081911982417,15131.476254117084,96100.62881127578,49.62821392497042,61.65136602884268,-768.7184104326357,0.47602945732006985,0.0003853787062796813,0.812005606319253,0.3377020914251419
251.4,11793.045315479501,15137.642967908203,96022.84864471621,49.637927297854596,61.65104070907394,-769.6731542758445,0.47504871850686775,0.0003849290910702722,0.8153351372915979,0.3309942307235412
251.5,11798.009878491419,15143.809681699322,95945.06847815665,49.64659460385032,61.6507153893052,-770.6278981190532,0.47156644432551104,0.0003830239997114287,0.8152350406727658,0.3361796697274902
251.60000000000002,11802.976803968311,15149.974737081377,95867.28831159706,49.65010172724167,61.65039006953645,-771.5826388632232,0.46633538217414566,0.0003823601386793857,0.818620005090006,0.3352498357936311
251.70000000000002,11807.943729445205,15156.13752671382,95789.27051308111,49.650546509259975,61.650067805773254,-772.5373731548538,0.4637986980038253,0.0003809377471588661,0.8198144764292713,0.3358494407519369
251.8,11812.9106549221,15162.300293858778,95711.01236936421,49.648742015551136,61.649746578603086,-773.49210331617,0.4593379850495658,0.00037929664911629966,0.8234609751474576,0.3330472849819601
251.9,11817.877567156138,15168.463051369576,95632.75422564731,49.64221262367577,61.64942535143292,-774.4468249599475,0.4579304003424464,0.0003767091572670185,0.8246614258788907,0.33201376356984436
252.0,11822.845420385602,15174.62435481415,95554.49608193043,49.63404112461293,61.649104124262756,-775.4015466037251,0.4545836896540259,0.000374705741872694,0.82746391226992,0.3296316164858846
252.10000000000002,11827.815493443672,15180.783672128498,95476.23793821351,49.62339049802503,61.64878289709258,-776.3562650809204,0.4547436809481525,0.0003715814898055135,0.8290088280515188,0.3255033173065503
252.20000000000002,11832.78533778687,15186.942989442847,95397.74217018814,49.609973955267904,61.64846301121556,-777.3109769649426,0.44920084850705877,0.00036912558535847847,0.8331358469650747,0.32265015411220305
252.3,11837.755136437414,15193.102285717656,95319.00606469382,49.59585361392054,61.648142612723326,-778.2656865878663,0.44704789938719025,0.0003654898854890319,0.8353677922381783,0.3198573021860778
252.4,11842.72473316943,15199.260487639332,95240.26995919952,49.58035101954167,61.647822214231084,-779.22039154795,0.44621172498992817,0.00036196799483334687,0.8373833162078395,0.31572796391426117
252.5,11847.695323171038,15205.417207410348,95161.5338537052,49.564069175256094,61.64750181573885,-780.1750965080337,0.44216476122093307,0.0003586968831058649,0.8407396694506065,0.312485205222689
252.60000000000002,11852.667967084335,15211.573927181364,95082.79774821087,49.547786544413995,61.64718141724661,-781.1297980316003,0.4347713358900464,0.0003551709656762251,0.8446617975825392,0.31228225541423793
252.70000000000002,11857.640390989905,15217.73064695238,95003.82402413925,49.53153511816859,61.64686035098536,-782.0844923999608,0.42871149056496394,0.00035276475841099106,0.8476667583308473,0.3125178398675268
252.8,11862.612760477441,15223.887204475874,94924.60996839163,49.54049389165851,61.6465369455502,-783.0391880135395,0.423896562616523,0.0003503051172648327,0.8483039872985214,0.3173199121102409
252.9,11867.584817836834,15230.042803622733,94845.39591264399,49.553930272153295,61.64621354011505,-783.9938861950088,0.42484422178867365,0.0003472023134063615,0.8500204476252461,0.3114040868105399
253.0,11872.557985022282,15236.198402769594,94766.18185689635,49.567157441953746,61.645890134679895,-784.9485843764783,0.424090419744895,0.0003433068654851078,0.8509401114620129,0.3099163189088498
253.10000000000002,11877.533212534096,15242.354001916456,94686.9678011487,49.58038615005881,61.64556672924475,-785.9032792765493,0.42287235550119395,0.0003400796567317766,0.8529360885813334,0.3060700640282789
253.20000000000002,11882.508243584334,15248.509879957168,94607.51613106116,49.593614875161215,61.64524063473447,-786.857967344388,0.4224935079492712,0.000367049659060263,0.8530331601149848,0.30632258937190643
253.3,11887.483274634575,15254.630606316843,94527.82413358078,49.60684360026362,61.644910553138715,-787.8126599269506,0.41912599408839657,0.000420132858480374,0.8545395138898377,0.30674980646891126
253.4,11892.458272875478,15260.748543989102,94448.13213610041,49.619859963058445,61.644232897568486,-788.7673618197808,0.4225138918760958,0.00047284200518825717,0.8546364748920734,0.3017917881192317
253.5,11897.434337027404,15266.867630551473,94368.44013862003,49.63223965216038,61.643362946749576,-789.7220637126112,0.4250661414435705,0.000525108001815773,0.8538853597715377,0.3003303048773015
253.60000000000002,11902.412533771143,15272.986964720194,94288.72369018305,49.64467289169194,61.64249299593067,-790.6767627009259,0.42475563446478026,0.0005789629111634889,0.8562327065491767,0.29402018302803795
253.70000000000002,11907.390920448806,15279.106296817517,94208.44348311453,49.65710672292399,61.6415948092516,-791.6314556417199,0.42462968156320285,0.000633166372499934,0.8577685667428617,0.28969349068243555
253.8,11912.369390410011,15285.22723026351,94127.97017501942,49.66954055415604,61.64069194753766,-792.5861565723374,0.4210385189604381,0.0006888545702818075,0.8599162815209103,0.28856555547437124
253.9,11917.347860371216,15291.348960433004,94047.49686692431,49.68158106504145,61.63978908582373,-793.5408739795765,0.4170583340329077,0.0007464796792490871,0.8637562530171545,0.2828195964843129
254.0,11922.327912889703,15297.470690602499,93967.02355882918,49.69244238023803,61.6388862241098,-794.4955913868156,0.41712490205032826,0.0008016824365588984,0.865695229367074,0.2767272000470211
254.10000000000002,11927.310146222462,15303.593993617178,93886.49943704782,49.703422873754405,61.637983362395865,-795.4503064244352,0.41409501584039304,0.0008551869967776266,0.86624748437536,0.27953511823151195
254.20000000000002,11932.292951825117,15309.718779956062,93805.74122206269,49.71440468412053,61.63704780705891,-796.4050165282465,0.4096060435654261,0.0009164013712591996,0.8695021094691239,0.27602197541490897
254.3,11937.275937488683,15315.843565354566,93724.78990781614,49.72538649448666,61.63610765775289,-797.3597364266519,0.40714333188198093,0.0009756899323362992,0.8721357375570576,0.27131643999028576
254.4,11942.259547817564,15321.970757604846,93643.83859356961,49.736239885019636,61.63516750844686,-798.3144765234789,0.4067911856679452,0.0010315901528787888,0.8730610974212238,0.2688571874699879
254.5,11947.244580042956,15328.098855878688,93562.88727932307,49.77578320824282,61.63422735914084,-799.269216620306,0.3958226564921433,0.001091406159560348,0.8784747933332478,0.26759161219702915
254.60000000000002,11952.232309985578,15334.226954152533,93481.88515209884,49.816032650214794,61.63328720983481,-800.2239544953769,0.38999137663165107,0.0011491204934241787,0.8812387633990243,0.2670648751857868
254.70000000000002,11957.220582756241,15340.358017448598,93400.64893090328,49.855545754109244,61.63231087326831,-801.1786877445069,0.3840207046951619,0.0012089446316977117,0.8839084195159036,0.2668942538295008
254.8,11962.209388837378,15346.489278979245,93319.21960902844,49.89339565470747,61.63132966531509,-802.1334345385546,0.3787771786391954,0.0012701592064110962,0.8854762185546986,0.26918042650198953
254.9,11967.198961058357,15352.62258830103,93237.7902871536,49.928795909120296,61.630348457361876,-803.0882092649449,0.3788053155045058,0.0013324760518061574,0.8869308999851307,0.2643072759207911
255.0,11972.18988487713,15358.757054175003,93156.36096527879,49.95928199214073,61.629367249408666,-804.0429839913353,0.3790159348381071,0.0013876584571660287,0.888323637002223,0.25927998666681684
255.10000000000002,11977.183745969967,15364.892725900074,93074.868082556,49.98854779808279,61.62838604145545,-804.9977568815908,0.37124872316549623,0.0014508205304090646,0.892799140597313,0.2551116916499059
255.20000000000002,11982.178245567507,15371.030297515386,92993.1665970946,50.00983327424763,61.62736727861434,-805.9525259488112,0.3685404929211247,0.0015100524607428265,0.89349601378156,0.25659403378777723
255.3,11987.173430820672,15377.169421992005,92911.25925910991,50.02821802633944,61.626342979313954,-806.9073127463182,0.3638880464360123,0.0015703914617765636,0.8950763157037209,0.2577235196831911
255.4,11992.169269777569,15383.310020785277,92829.35192112521,50.03770657844273,61.62531868001357,-807.8621361072398,0.3586730288496183,0.0016329161369513564,0.8986729368735211,0.25246374886674544
255.5,11997.167064434796,15389.450619578549,92747.37318168308,50.044544170749994,61.62429438071318,-808.8169594681614,0.3539257755856227,0.0016941755251627206,0.9015657012301713,0.24882315308418337
255.60000000000002,12002.16709527016,15395.593289649834,92665.38840387584,50.04205074210995,61.6232700814128,-809.771781865923,0.3481392276416933,0.0017587336089746582,0.9051185563713733,0.24404176680506787
255.70000000000002,12007.16809953804,15401.737418283043,92583.21421036829,50.03338416170894,61.62221089520579,-810.7266022582792,0.344133809684189,0.0018205359073271423,0.905813059229228,0.24712609819896322
255.8,12012.16931512031,15407.881560857888,92500.84690583832,50.0180665675641,61.621146209971265,-811.6814436692666,0.3380828277893478,0.0018889243971607183,0.9077802212698826,0.2482569301948751
255.9,12017.17138149805,15414.027571980823,92418.44418221216,49.99929090655799,61.62008152473673,-812.636328424896,0.3402039845190567,0.0019573640786561476,0.9076613902607705,0.24578083381969887
256.0,12022.174671022938,15420.174456293113,92335.98136687395,49.97598661084892,61.61901683950221,-813.5912131805251,0.34121870478026095,0.002024091316494802,0.9081952160804482,0.24237810967785764
256.1,12027.180666240421,15426.321340605407,92253.51855153574,49.95117912700624,61.617952154267684,-814.5460980822063,0.33860698797627153,0.0020656271900749124,0.9086053100924056,0.24449423582128038
256.2,12032.186789794307,15432.469424386998,92170.86631255342,49.92381534969488,61.61575720112308,-815.5009832879825,0.3361467551119074,0.0020772633753893244,0.9089482856042417,0.24660506503661778
256.3,12037.193401622346,15438.617872236237,92088.02095444982,49.896281122365814,61.6131996085172,-816.455890898203,0.33505973875924644,0.0020852488723712586,0.9095851578189845,0.24573453944274698
256.40000000000003,12042.20010165247,15444.766320085473,92005.14017574978,49.869363564708024,61.61064201591132,-817.4108447108887,0.3317903146517606,0.0021078296697867737,0.9118559215345978,0.24172199428198096
256.5,12047.207836491794,15450.914424356091,91922.19930279242,49.87824966590404,61.608084423305435,-818.3657985235737,0.33006793373437426,0.002131145561161229,0.9140944607059308,0.23554603423885387
256.6,12052.217570813338,15457.062477045241,91839.25842983501,49.89176135400392,61.60552683069955,-819.3207536786379,0.3242033084300748,0.0021512859148830007,0.9166058719067139,0.23392576249322944
256.7,12057.22729440556,15463.210537004239,91756.12812118322,49.90527608113539,61.60291001330208,-820.2757116286808,0.3244016155206738,0.002168096870852205,0.9175047709456925,0.23009538564566664
256.8,12062.237017997784,15469.358619302619,91672.80468112484,49.91879080826687,61.60029177820334,-821.2306915747744,0.32632451709175403,0.0021817074514160063,0.9174417369033526,0.2276141671451708
256.90000000000003,12067.246575204472,15475.504526074166,91589.44581841122,49.93239528614806,61.597673543104605,-822.1857168811437,0.3257802093632729,0.002199205463792286,0.9170782523842685,0.2298475531441784
257.0,12072.256531959982,15481.648821936245,91506.02685794739,49.946286888662485,61.59505530800587,-823.1407421875123,0.3267370174118644,0.00221830273389683,0.9160590545908563,0.23253775841330865
257.1,12077.268463235636,15487.793117798328,91422.60789748351,49.960195421393294,61.59243707290714,-824.0957694221424,0.3301318383558541,0.0022440393585889938,0.9161729246050799,0.22723359305286656
257.2,12082.280394511286,15493.937421737704,91338.99948793255,49.974103954124104,61.58986795098157,-825.050800671623,0.32872749710779803,0.0022666744178387963,0.9151810073493486,0.23318837582383423
257.3,12087.2916279734,15500.07977594458,91255.197933321,49.98801248685492,61.58729775785722,-826.0058543999743,0.3253289943313988,0.0022952978477350917,0.9157038167626484,0.23588619506327393
257.40000000000003,12092.302394961904,15506.217043874727,91172.14792671989,50.00209980862068,61.58472756473287,-826.9609544842734,0.3247186889565741,0.0023302015580180203,0.916387948715721,0.23406296300699878
257.5,12097.313725483446,15512.354311804873,91088.95101712346,50.01623589410482,61.582157371608524,-827.916054568572,0.326302686596707,0.0023688428480905517,0.917102697571307,0.22900564929879832
257.6,12102.326572423808,15518.49157973502,91005.58900033585,50.030371979588956,61.579587178484175,-828.8711578503584,0.3294512259540224,0.0024016135197303568,0.9172468146504785,0.22386246443618923
257.7,12107.339057705183,15524.628856066518,90922.2269835483,50.059125497305935,61.57722336681519,-829.8262677896637,0.33052842197444565,0.0024363240373439336,0.9164832012345961,0.22539646946448527
257.8,12112.351275385989,15530.760108329887,90838.8649667607,50.11396310901907,61.574859057370915,-830.7813975386778,0.32855413113897736,0.002455662198075162,0.9165948180230341,0.22781591737190274
257.90000000000003,12117.363116245237,15536.890201605871,90755.46752100153,50.16835649792271,61.57249474792663,-831.7365681392916,0.32388450892536297,0.0024675550035083826,0.9169240250062843,0.23311599777097244
258.0,12122.375716256098,15543.017637657424,90671.79296185817,50.2199941693814,61.57013043848236,-832.6917387399048,0.32290774842053327,0.00247876174449538,0.9169098488118651,0.2345224315539954
258.1,12127.39009149223,15549.142880184187,90587.95327781099,50.26995789964544,61.56776612903808,-833.6469139609259,0.3199910949507375,0.002490818833056621,0.9179030055671367,0.23463496615932178
258.2,12132.404414567884,15555.265225092782,90504.11359376385,50.311423949316314,61.56578844646729,-834.6020988021411,0.31495418507866235,0.002510635263455049,0.9208470709826204,0.22986567789632836
258.3,12137.41873764354,15561.386874911126,90420.27390971666,50.34990990836463,61.56381111245691,-835.5572983799617,0.3108051138766577,0.002533686411225016,0.9242926927989065,0.22153279590126954
258.40000000000003,12142.433278879507,15567.50486880456,90336.39879297245,50.37450100937604,61.56183377844654,-836.5125283476232,0.3121544487747456,0.002539972379485777,0.9242028390563611,0.2200051384186467
258.5,12147.44923230689,15573.622005706395,90252.24653225434,50.39480260033035,61.559856444436164,-837.467758315284,0.3051367237855166,0.0025491920964201414,0.9266620038346096,0.2195053804951553
258.6,12152.46703004408,15579.736655867991,90167.92912816531,50.397376390134355,61.557879110425795,-838.422994220179,0.2991566692338196,0.002563238012386243,0.9288361678322088,0.2185453966355641
258.7,12157.485531794206,15585.849898109243,90083.61172407633,50.39379608964577,61.556482469555455,-839.3782424870456,0.3011430490822568,0.0025717252511115005,0.9297689788139033,0.2117448848355631
258.8,12162.504929093151,15591.961764983045,89999.2943199873,50.37357444981521,61.55508715489297,-840.3334977217792,0.2940121842612802,0.0025863569713808696,0.9329555464587275,0.2077115658682128
258.90000000000003,12167.524326392097,15598.071698728634,89914.94147936552,50.34971545896343,61.5536918402305,-841.288767325654,0.2859989427871723,0.002600313087431379,0.9353005539964004,0.2083523860926327
259.0,12172.54594975397,15604.18098805772,89830.31146446109,50.31393759864094,61.552296525568025,-842.2440369295284,0.28799298037567433,0.0026060843177291614,0.9354118585323881,0.205080244040836
259.1,12177.570408064892,15610.29027738681,89745.51628807487,50.276573235415874,61.55090121090555,-843.19931319767,0.28422191929751256,0.002610422105560854,0.9361720801372251,0.2068645031386728
259.2,12182.594866375814,15616.39912837338,89660.7211116887,50.237918550244636,61.550264789576204,-844.1546033415458,0.28892708436722175,0.0026107963834964653,0.9343929129646898,0.2083847591899695
259.3,12187.621114363283,15622.507675238729,89575.9259353025,50.24876366403055,61.54963066878212,-845.1098902701169,0.28032599767517413,0.0026235752401926227,0.937326397192185,0.2069533208409455
259.40000000000003,12192.64820365488,15628.616222104076,89491.09531855787,50.2589549987343,61.54899654798805,-846.0651705680823,0.2815768698877427,0.0026282834241194704,0.9379761864029598,0.20225783597038702
259.5,12197.676243467662,15634.725813165995,89405.98749965023,50.26854999602433,61.548362427193965,-847.0204508660471,0.28107596793591677,0.0026338440483450447,0.9381972362590243,0.20192897016115605
259.6,12202.707553993207,15640.836898417629,89320.71450298477,50.27814499331437,61.54772830639988,-847.9757383534723,0.2801146349011866,0.0026400319521014963,0.9381253576847095,0.20359183385981522
259.7,12207.739895669589,15646.94798614277,89235.44150631934,50.28773999060441,61.54796748847029,-848.9310408101404,0.2789699540370859,0.0026444617972268478,0.9387817493677567,0.20213262631342738
259.8,12212.773029370848,15653.060402785286,89150.16850965387,50.297334987894445,61.548209410289324,-849.8863274225491,0.27602310694660837,0.00264950624830828,0.9390640360568737,0.2048486288281076
259.90000000000003,12217.806866560433,15659.176956982272,89064.86006921239,50.30620276545887,61.54845133210835,-850.8415813609093,0.2746908624571769,0.0026533558828705376,0.9388546361719994,0.20758097678600987
260.0,12222.84238087178,15665.293511179252,88979.27440443404,50.314405390215704,61.548693253927375,-851.7968352992691,0.27100661871235954,0.0026646233338090807,0.9401252297167793,0.20667090953144743
260.1,12227.880002275666,15671.410530273417,88893.5235494372,50.322608014972545,61.54893517574641,-852.7520966649028,0.27325066700102774,0.0026754933492058024,0.940357232580402,0.20262080310905767
260.2,12232.918148534174,15677.53347528815,88807.77269444043,50.33079993606076,61.55007567360882,-853.7073734949339,0.2688567219218964,0.0026881653795982623,0.9411492354336402,0.20480955418871122
260.3,12237.956404220802,15683.656418124156,88722.0218394436,50.33898307980238,61.5512191143132,-854.6626197479022,0.26647037610027857,0.0027013819659995357,0.9419302555210014,0.20433706205823501
260.40000000000003,12242.994683017674,15689.782959077927,88636.23553815827,50.34662241644762,61.55236255501757,-855.6178029448207,0.2646305551419966,0.0027083925722449775,0.9417392957719984,0.20758235159515284
260.5,12248.03388450855,15695.912326018979,88550.17200048087,50.375606951784796,61.55350599572194,-856.5729861417386,0.266973450848839,0.002714539343997122,0.940680740396983,0.20937419245025507
260.6,12253.074723357793,15702.044280969663,88463.94326665543,50.44068543056022,61.55464943642632,-857.5281763461504,0.26216644678878537,0.002727550138853618,0.9420555440078511,0.2092669745861843
260.7,12258.11547180063,15708.179192299378,88377.71453283005,50.503708828696844,61.55662466492519,-858.4833811409317,0.26307710568006093,0.0027373966093007193,0.9419057359132244,0.2087978155550787
260.8,12263.155280754812,15714.3173757291,88291.4857990046,50.557388231575864,61.558602875231905,-859.438538346773,0.2652926180305442,0.0028506807205015746,0.9410329349949116,0.2099255003395061
260.90000000000003,12268.19499366576,15720.455559158823,88205.22161776149,50.60582867007389,61.56058108553863,-860.3935974146553,0.2613369651386367,0.002962510906950378,0.9413028741339174,0.2136424895204122
261.0,12273.23464103787,15726.598575465667,88118.68020224814,50.635180603119075,61.56255929584534,-861.3486564825372,0.25742309168267585,0.0030740266809305868,0.9436418064337616,0.2080001042762356
261.1,12278.276498550817,15732.74204936691,88031.97359365909,50.65125331440777,61.56453750615206,-862.3037215591376,0.25332447436609407,0.0031807280754162924,0.9451404865336023,0.20621846273085714
261.2,12283.3171543738,15738.887564618353,87945.26698507008,50.65095360571317,61.56720545767144,-863.2587991465481,0.2512134447460556,0.003284226359682694,0.9462482066058452,0.20370407588278794
261.3,12288.357636541097,15745.034701295097,87858.56037648101,50.637483189472086,61.56987621594127,-864.2138108153571,0.24920416405960225,0.0033938723819794,0.9479134310958166,0.1983579930170861
261.40000000000003,12293.39730795074,15751.182111952983,87771.81832104649,50.608881245873384,61.57254697421109,-865.1686865467615,0.24674510719912499,0.003512505431104157,0.948676741970005,0.19778006376797774
261.5,12298.437819861641,15757.330664428402,87684.7990505973,50.56253811088056,61.57521773248092,-866.1235622781653,0.24694664668004654,0.0036279026896339278,0.9487984420954882,0.19694087511923233
261.6,12303.480720857357,15763.479216903825,87597.61460098569,50.51121528744362,61.577888490750745,-867.078755345354,0.24432796022447414,0.003752839327366779,0.9486308713709724,0.20097072904152094
261.7,12308.523471133398,15769.626332503303,87510.43015137412,50.50616590688852,61.58072852079207,-868.0343235085309,0.2405714093242684,0.0038844651909775503,0.9495252585688392,0.20127615677395702
261.8,12313.56620432625,15775.773111858744,87423.24570176251,50.525413970781884,61.58100633579563,-868.9898707638336,0.2423575078598037,0.00399902642505513,0.949928761010395,0.1971856870487628
261.90000000000003,12318.609298046556,15781.919891214187,87336.02580837593,50.54302690988058,61.58128415079919,-869.9453749028966,0.23452663977813112,0.004126440566997758,0.9528262869843459,0.19261955911654063
262.0,12323.654321313063,15788.061162229653,87248.52874007016,50.55576394970037,61.58156196580274,-870.9008790419591,0.23548419887717498,0.004215203830664465,0.9534976622107451,0.1880734757866857
262.1,12328.702976392715,15794.202323167734,87160.86651914785,50.56850098952015,61.581839780806305,-871.8563862703198,0.234613898299586,0.004229716422042671,0.9537589195388457,0.1878359699944453
262.2,12333.752678361754,15800.342341799615,87073.20429822558,50.58123802933994,61.582222339810016,-872.8118999309365,0.23478260100321702,0.004255494968053078,0.9519955679378017,0.1963758122975521
262.3,12338.802910454851,15806.474618025612,86985.54207730325,50.59282130447815,61.582607118771655,-873.7673895827462,0.23366734384779725,0.00428190363971916,0.9524498165481694,0.195500855951308
262.40000000000003,12343.854780188374,15812.606894251607,86897.84441825477,50.597563118695035,61.582991897733294,-874.7228297235695,0.23412421984060416,0.004314817019430458,0.9525390602072985,0.1945162482095359
262.5,12348.909279964057,15818.737051710808,86809.86964714348,50.60230877061199,61.58337667669494,-875.6782698643923,0.2301822404497964,0.00434585375559903,0.9524609896272606,0.19953774824555506
262.6,12353.968345452131,15824.861600235477,86721.72976395219,50.60705442252894,61.583761455656585,-876.6336970770539,0.2322540126359004,0.00436370044040914,0.9514443794497303,0.20197184097419946
262.7,12359.028601755772,15830.981416336439,86633.58988076095,50.61153130047832,61.58284292228921,-877.5890973718639,0.23063479177492333,0.004389362650037795,0.9514608251461816,0.20374156309062597
262.8,12364.090261666519,15837.097935003037,86545.44999756965,50.6091522648699,61.58178318774934,-878.5444699019704,0.2279579283605997,0.004425595657951559,0.9532919888575122,0.1981160795612128
262.90000000000003,12369.152944285433,15843.21132696416,86457.2746849553,50.66628121500193,61.58072345320946,-879.4997851756774,0.22771201679349218,0.00445826092999784,0.9538179757039503,0.1958535946602428
263.0,12374.218610052149,15849.320872777742,86368.82234748696,50.7404374575602,61.57966371866958,-880.4551004493838,0.22986385195769035,0.004486273144393242,0.9543339928606815,0.19075930642313474
263.1,12379.288846372076,15855.427163352775,86280.20495306267,50.803551083160585,61.5786039841297,-881.4103837217751,0.23019374343572985,0.004515583750714442,0.9543706673324759,0.19017644260475614
263.2,12384.35966710474,15861.531363534512,86191.58755863844,50.847772464587216,61.57752167089191,-882.3656003639155,0.23250817949061392,0.004539271657370777,0.9535762406659086,0.19134182689692825
263.3,12389.43087528297,15867.633542588352,86102.97016421416,50.87066204950391,61.57642367472491,-883.3207861954631,0.23257633884930162,0.0045710013933883435,0.9543115247705204,0.18755496859289222
263.40000000000003,12394.502165279173,15873.733687144255,86014.31735223423,50.86791263041173,61.5753256785579,-884.2759084893753,0.23118431753885801,0.00459996485275582,0.9544038265564158,0.18880144994654385
263.5,12399.575376813407,15879.833328613951,85925.38762588598,50.84467968550108,61.5742276823909,-885.231030783287,0.2287425006602849,0.004634668012266286,0.9549013262206556,0.18925867331810414
263.6,12404.652269158018,15885.932625251251,85836.29291133276,50.80227504772888,61.57312968622389,-886.1860983619497,0.22895007527346867,0.004679421744814261,0.9551766246864949,0.18761018548288422
263.7,12409.728508969021,15892.033008943381,85747.19819677959,50.740091046139284,61.57200942243263,-887.1410520174591,0.22913181178256511,0.004723576544569133,0.9555730317571428,0.1853550151259175
263.8,12414.803660016381,15898.133772725203,85658.10348222635,50.67025011058205,61.57087492163069,-888.0959742689572,0.22383673685133956,0.004771610839552336,0.9569770940672305,0.18457840717803067
263.90000000000003,12419.878268180215,15904.237716339334,85568.97336476977,50.599913168732556,61.569740420828744,-889.0508317590718,0.2198941624966378,0.00481830788503991,0.9577792806462445,0.18515450514040815
264.0,12424.953735917226,15910.342517115856,85479.56646455759,50.59391453081246,61.5686059200268,-890.005689249186,0.2143862035767374,0.004864043131374282,0.9586052727874376,0.18732545952030244
264.1,12430.032964531394,15916.452695142512,85389.9946573722,50.60728811912395,61.56747141922485,-890.9604681510684,0.21263214102182337,0.004900652664176312,0.9593463809593832,0.18552109731260905
264.2,12435.110814433425,15922.563512526765,85300.42285018686,50.62100181260337,61.56631368759889,-891.915083423628,0.20782650096257965,0.004919506241276333,0.9600678824415626,0.1872260800747776
264.3,12440.188121391175,15928.680535567375,85210.85104300149,50.63471550608279,61.565141756003946,-892.8696687563138,0.2041407545115649,0.004878878272869264,0.9599863915141379,0.19164779414830696
264.40000000000003,12445.26479058689,15934.800392524296,85121.24385000681,50.6495734964193,61.563969824409014,-893.8241923469616,0.20302687908267064,0.00484701592429278,0.960868730508289,0.18838225908500353
264.5,12450.343385127417,15940.924865170608,85031.36002441333,50.66520544050795,61.562797892814075,-894.778715937609,0.1984181339171506,0.004833371232208793,0.9630447785860689,0.18207591025030545
264.6,12455.426361915059,15947.053509835518,84941.31138403679,50.69214215999539,61.56162596121914,-895.7331381704729,0.20098084758432813,0.004816582882339936,0.9613636696470647,0.18805157302280726
264.7,12460.509617516509,15953.187735574036,84851.2627436603,50.70037855057187,61.56108244299142,-896.6873493653096,0.19881362988203896,0.004842894190175761,0.9619718892932976,0.1872425463362269
264.8,12465.593551788408,15959.323168548843,84761.21410328378,50.783035204107755,61.56174574543488,-897.6415322021196,0.1938394315468083,0.004833807936754505,0.9634145607799839,0.18502781724797904
264.90000000000003,12470.678161683332,15965.463791864093,84671.13009674814,50.878444966440405,61.56240904787833,-898.5956565589784,0.19102862140669072,0.004814403765593173,0.9646761856022921,0.18134151276432312
265.0,12475.766026164238,15971.606103941354,84580.769622062,50.96074963127504,61.5630723503218,-899.5497809158364,0.18808381025500623,0.004804434020553828,0.9656950194090265,0.17898191870214405
265.1,12480.859278463959,15977.75105679002,84490.244432358,51.021746851455916,61.56373565276526,-900.5037843784812,0.18701700763645374,0.004782514064701508,0.9656213805385186,0.18049131796519444
265.2,12485.953706568727,15983.89706337469,84399.71924265404,51.054985117963966,61.56423699915276,-901.4575361261084,0.19458592162313357,0.004740081221531734,0.9650827339233502,0.17529736854591152
265.3,12491.049739865357,15990.04356876047,84309.19405295004,51.05632315452811,61.564737950961955,-902.4112624676661,0.191198368037827,0.004701579805510829,0.9667463838914298,0.1697719306594831
265.40000000000003,12496.15233992709,15996.188463298446,84218.63351844973,51.02477546928449,61.56523890277115,-903.3649364168018,0.19611642227939693,0.004647456623834897,0.9661359034597564,0.16762507600373774
265.5,12501.255975284152,16002.333084115742,84127.79668365809,50.96494183212704,61.56573985458034,-904.318610365937,0.1900536785844359,0.004606405006289938,0.9676323837676707,0.16596972667790105
265.6,12506.36104175902,16008.474640013344,84036.7952339982,50.88586766695647,61.56624080638954,-905.2721420562693,0.19009628297627432,0.004572547758057331,0.9687973756717124,0.15897842588605451
265.7,12511.470322927169,16014.612050028403,83945.79378433837,50.85975004730758,61.566409985411326,-906.2253775481646,0.18613008258729427,0.004565833139721958,0.9695326673487945,0.15918904631701053
265.8,12516.581718539412,16020.749243708582,83854.79233467847,50.87719772909297,61.566564133821664,-907.1785951438909,0.17928651013613864,0.004598383764038101,0.9716078790692343,0.15431568773312485
265.90000000000003,12521.693525195613,16026.875095873187,83763.7555631458,50.89485871077134,61.566718282232,-908.1317758341191,0.18300528707742417,0.004614563422895553,0.970882572088867,0.15451473043121786
266.0,12526.806647729398,16033.000948037788,83672.44265894202,50.91378557954103,61.56687243064234,-909.0849565243468,0.18774404494007102,0.004639480013367493,0.9697171195520399,0.15613890246329093
266.1,12531.922569003123,16039.121986439113,83580.96523782291,50.93261074288126,61.56702657905269,-910.037979582474,0.19032788935118936,0.00466726893432531,0.9691162018773375,0.15673958783491715
266.2,12537.037610042846,16045.23490503589,83489.48781670386,50.95049420504111,61.56668206133528,-910.9906744332717,0.18852634333738588,0.004678908484352626,0.969550213033351,0.15623159120425356
266.3,12542.151518928613,16051.3423707861,83398.01039558474,50.968976328993115,61.56630785678648,-911.9433610992077,0.187230859117091,0.004702001345003033,0.969430259642882,0.15851646055335106
266.40000000000003,12547.269830756522,16057.444741412857,83306.49767117994,50.98858259216789,61.565933652237675,-912.896030886313,0.1875945223462937,0.004700311696550916,0.9689595846015181,0.1609457227281128
266.5,12552.38690709801,16063.54279087224,83214.70896772893,51.00631151091275,61.56555944768887,-913.848700673418,0.19519724945228561,0.004692483125971187,0.967162438591476,0.16270473805689853
266.6,12557.502677590108,16069.6366396064,83122.95844564537,51.024024453105646,61.56518524314007,-914.8012072892035,0.19422733559627642,0.004696980449932055,0.9671489314673678,0.1639409187584148
266.7,12562.617320356168,16075.72870148195,83031.68453969625,51.11461238716915,61.56423350089111,-915.7533741643983,0.1992043133508232,0.004705748076043438,0.9668263077697312,0.15981986134964773
266.8,12567.73114296208,16081.81893194492,82940.17986225244,51.19549112592794,61.56324670880107,-916.7055466383276,0.19620863929082877,0.004740214317139157,0.9680058803175725,0.1563467809277515
266.90000000000003,12572.850769045412,16087.908676582047,82848.63990072021,51.2431020832504,61.56225991671102,-917.6577306579716,0.18922634093942553,0.004802215207906709,0.9684060994965211,0.16235749776868058
267.0,12577.970588602035,16094.000348083115,82757.04007652892,51.244222178084016,61.561273124620975,-918.6099146776152,0.18384919609107395,0.004882196618789664,0.969013772481711,0.16488767690037862
267.1,12583.090917007383,16100.09312331762,82665.4402523376,51.20248049283001,61.56028633253092,-919.5619423034681,0.18549072688627238,0.004952706837816423,0.9695002460351418,0.1601184994683013
267.2,12588.212244266424,16106.190632119618,82573.69063807154,51.152974732438786,61.558801301228556,-920.5136443002888,0.19187374543353897,0.005001020101728473,0.9680984946906703,0.1610737725047304
267.3,12593.334957356414,16112.290090724026,82481.71032411122,51.15923705252974,61.55729235650922,-921.4653641945988,0.19483857687419215,0.005034256913069565,0.967748051777001,0.15961294903857823
267.40000000000003,12598.464141683844,16118.396052019256,82389.69474192815,51.16160324310606,61.55578341178988,-922.4171209971279,0.1846800101737873,0.005045443124562875,0.9686603700397086,0.16602687993340537
267.5,12603.595196610398,16124.509430868693,82297.6193240036,51.16015163541004,61.55427446707055,-923.3688777996564,0.17735330525591883,0.0050508304146725845,0.9715061048839311,0.15715019058268884
267.6,12608.728311214429,16130.6262964003,82205.54390607896,51.15208489829609,61.55240831113649,-924.3204784237156,0.17456577431220935,0.005030926334053503,0.9736467169671892,0.14667498340894433
267.7,12613.863343899895,16136.751021603779,82113.31872113224,51.15176631347321,61.55017493196833,-925.2717538670647,0.17644344352818553,0.005012771814781095,0.9728219304477417,0.14986685755889548
267.8,12619.00250856021,16142.878233024454,82020.86287199591,51.15626933502521,61.54727233916786,-926.2230635962283,0.17834941614185615,0.00501574449318904,0.9727264758870369,0.14822122377521946
267.90000000000003,12624.142804537913,16149.013991307032,81928.37176440419,51.159463120032896,61.53865116953911,-927.1744440296305,0.18154286165072422,0.005033696666122932,0.9727021540617454,0.1444554282994582
268.0,12629.284437092314,16155.151676259235,81835.82083764221,51.162673195681904,61.526393611156564,-928.1258244630321,0.178505841907336,0.0050669306132306415,0.9731364305063651,0.14531165899694448
268.1,12634.42734714843,16161.293526130947,81743.26991088022,51.16588327133091,61.51359478751894,-929.07706714359,0.17574720483480988,0.005111503223944297,0.9733498334458665,0.14723075174177042
268.2,12639.569819501285,16167.436484327178,81650.56921288837,51.25621750418652,61.50115607366833,-930.0280230076121,0.18224286483361124,0.005116276726545528,0.9728233565500065,0.14274480333964717
268.3,12644.712037826735,16173.579725051743,81557.63784422638,51.357770546078136,61.48871886187096,-930.9790291631715,0.1852277652301473,0.0051126263997704645,0.9722920991381779,0.14252231401649745
268.40000000000003,12649.853230360723,16179.721773827618,81464.67121959584,51.41550230827142,61.485358291984475,-931.9301390299871,0.18255342342054995,0.0050957643914232775,0.9724829680906898,0.14465530600785875
268.5,12654.992750141357,16185.860424420016,81371.64478001418,51.41879104474166,61.48520123838878,-932.8812488968022,0.17532000931158337,0.005066530707426904,0.974249814374746,0.1416845926427781
268.6,12660.13104332395,16191.994000818942,81278.61834043248,51.359354189907435,61.47952046557587,-933.8322666567005,0.17098038321068396,0.00504057367468908,0.974679863563894,0.14401202983510367
268.7,12665.26787300946,16198.121667372368,81185.44209529141,51.2566387494953,61.47167577457033,-934.7830926398914,0.17020538660541043,0.005021009207524303,0.9752982791656959,0.140706014418265
268.8,12670.403204688148,16204.242004746551,81092.03512660746,51.19348601716609,61.46396275223402,-935.7339804810372,0.16684622511897565,0.005029727810786031,0.9754950328743549,0.14334043337160232
268.90000000000003,12675.537637848303,16210.356997135425,80998.59289627567,51.19404313924619,61.456234846257395,-936.6849637669445,0.17190097729566725,0.005039892786633689,0.9739127798567063,0.14804914966752236
269.0,12680.67195644398,16216.462022123937,80905.09084135735,51.19662525908253,61.44850694028077,-937.6358361287572,0.1736833787226517,0.0050655511375923366,0.9730315360668632,0.15171701937000065
269.1,12685.80665390311,16222.560669991066,80811.58878643897,51.20032780817862,61.44094894882205,-938.5867084905705,0.1740322171336312,0.005049195061777195,0.9721662995269916,0.15678003410120936
269.2,12690.942369188162,16228.65395089847,80717.9368549995,51.20403035727472,61.433957057403056,-939.5375718975744,0.170936158420539,0.005032410609867986,0.9731286908167149,0.15419486274590574
269.3,12696.0794254053,16234.740343662252,80624.05409072516,51.205318375668796,61.42710260801311,-940.4884353137843,0.17156483850490123,0.005000037918365138,0.9732026951096358,0.15302620703965508
269.40000000000003,12701.218279709276,16240.823345150944,80530.1360485091,51.21407783101032,61.42024815862315,-941.4394284587526,0.17215409403441792,0.004938969343640527,0.9725417703196088,0.15652820663577732
269.5,12706.359428523463,16246.9042083249,80436.15815406243,51.2887321931307,61.41471246405096,-942.3904210712213,0.16761995111905556,0.004890429274398935,0.973883676840138,0.15306932962775815
269.6,12711.502666546863,16252.984767553235,80342.18025961572,51.43544508818924,61.409266632646364,-943.3413926682572,0.16842238814094979,0.004834527321054276,0.9735880206354878,0.15406781816315268
269.7,12716.647237360243,16259.06772808369,80248.05238101489,51.504173700935105,61.403947986375755,-944.2923642652926,0.17034265286578246,0.004810381579027005,0.9724504040589479,0.15906115958743952
269.8,12721.793222905802,16265.153900789004,80153.69350380785,51.56981119933346,61.406015001611635,-945.2433791712646,0.17301767074949184,0.004814047407528126,0.9727908626652825,0.15401184393063405
269.90000000000003,12726.939561210214,16271.24495830956,80059.29932017995,51.52833498104062,61.40774386566002,-946.1944833889663,0.16855233782272577,0.004793866023806863,0.9737666374676748,0.15279287947393927
270.0,12732.085469253172,16277.343303849864,79964.84523600404,51.42027849388267,61.4094727297084,-947.1455920193466,0.17333166402256356,0.004749104135929401,0.9727384979586735,0.1539915414760796
270.1,12737.230220832447,16283.450223993694,79870.39115182808,51.29351394377616,61.41613376313573,-948.0968747990914,0.17124273098681053,0.00469305716101742,0.9727300277890809,0.15636558232589481
270.2,12742.373119624068,16289.564696733176,79775.78694839586,51.39853528683856,61.42305885477607,-949.0481575788357,0.1689951913778357,0.004642913418149699,0.9722026739795327,0.16199083107758466
270.3,12747.514107129358,16295.684654813482,79680.9515382794,51.444041636102426,61.429988986962805,-949.9994498306561,0.16721932413308102,0.004600060502388681,0.9725027514469834,0.16203374805236345
270.40000000000003,12752.652110454994,16301.813784355263,79586.08078849265,51.454154553348786,61.43691911914953,-950.9507616158002,0.1628800030469763,0.004578551034541092,0.9725479882866954,0.16613112880295158
270.5,12757.787807411702,16307.947840587243,79491.15008174717,51.46258827331954,61.44753986381234,-951.9020848541725,0.16184626971177105,0.0045964372535206985,0.9737072557427779,0.16024617892114498
270.6,12762.92114793306,16314.085094290844,79396.21937500162,51.53138800560891,61.45855303765466,-952.8538601019656,0.16318286752553562,0.0046398765877560914,0.9742482017410533,0.15553219826041792
270.7,12768.053527162627,16320.224830823705,79301.13841115142,51.548138569652046,61.469568963448765,-953.8056353497582,0.1676004557678578,0.004674473055577079,0.9741604326330129,0.15132642869082796
270.8,12773.185040771285,16326.36349849127,79205.82602830928,51.5165837762625,61.48058859409026,-954.7573913742004,0.16820533357646694,0.004707087238450812,0.9739742934544783,0.15185152213925623
270.90000000000003,12778.317433712398,16332.498762194808,79110.47825695938,51.55745564921536,61.49369248253837,-955.6773531466517,0.16663289127417868,0.004745470964501192,0.9746221799194948,0.1494073842214789
271.0,12783.451565989053,16338.627577686271,79015.07044579354,51.62511432669411,61.50714157595035,-956.6325031274913,0.16834350831049888,0.004768226315313083,0.9744292573420881,0.14874592318200083
271.1,12788.588060470225,16344.750935990907,78919.66263462762,51.583599438651746,61.52059066936235,-957.587402565791,0.17166028228460917,0.004785663568795463,0.9739357950139665,0.14818539773097553
271.2,12793.727239222197,16350.862846272523,78824.10446078713,51.45624360413131,61.53404009294458,-958.5422734478285,0.17508971704835494,0.0048271123348502904,0.9738555098890213,0.14465730479041877
271.3,12798.868763021239,16356.966448235655,78728.31470536081,51.52930972047331,61.54616241203261,-959.4967596667121,0.17130286100199746,0.004896214499859834,0.9739035321815901,0.14880613865134765
271.40000000000003,12804.012909570467,16363.0619775332,78632.48952432293,51.54797416842622,61.54982650962435,-960.4512458855958,0.17131815853208882,0.0049658528854806,0.9744352608161186,0.1452630418947529
271.5,12809.159308297247,16369.147417264636,78536.60424051914,51.52430617208058,61.55349913523608,-961.4052618849689,0.16734673098566924,0.005018654634536814,0.9759110837156738,0.1398836710090499
271.6,12814.306777691394,16375.226580693245,78440.71895671531,51.52080842512113,61.55715226057419,-962.359117644643,0.16258938914197354,0.0050516631003757655,0.9763607767418707,0.14233342853444922
271.7,12819.454109715327,16381.299888000427,78344.68327317917,51.59775029068394,61.5607413370206,-963.3120896253,0.1587895742079923,0.005043256109645129,0.9765175370429564,0.14551266796473525
271.8,12824.60156893406,16387.37140700531,78248.41595098258,51.59024915345717,61.56422628369528,-964.2648446465238,0.164326108517379,0.005019346339838953,0.9761286466806428,0.14193167846281654
271.90000000000003,12829.746834053165,16393.443779594323,78152.11318272335,51.40440187829624,61.56758329466192,-965.2175996677477,0.161576958887957,0.005021592356767739,0.9761933202302959,0.14461767355504213
272.0,12834.891380917185,16399.52051972098,78055.75027700108,51.6140547959481,61.57059017832111,-966.170354688971,0.16221694015645388,0.0050504144607689955,0.9758013798591603,0.14653267453032645
272.1,12840.03450475048,16405.605128095805,77959.38737127875,51.67105766359401,61.57359706198031,-967.1228787002168,0.16556417157766468,0.005088807112220151,0.9759985357396574,0.14138411284872496
272.2,12845.176354384834,16411.69693359484,77862.87412570442,51.59587758879308,61.57619296266311,-968.074060911236,0.16800585500629536,0.005101592344673249,0.9759103616596715,0.139093394683003
272.3,12850.320363250412,16417.796999243183,77766.12933369452,51.50029578272495,61.58823620437392,-969.0249183557568,0.16986038113253693,0.005099449375603446,0.9756134774669639,0.1389236809273086
272.40000000000003,12855.464366341404,16423.909024971592,77669.34910129786,51.600848342892625,61.59027889809315,-969.9757758002776,0.1680133507787667,0.005071323029891766,0.9764144806559909,0.1355011350805194
272.5,12860.613947243148,16430.030476514683,77572.50874106782,51.2647747404006,61.59420324993922,-970.9266332447978,0.1613738352756747,0.005030345337218733,0.9775047575368434,0.13571156880327134
272.6,12865.767812703529,16436.159786740813,77475.66838083773,51.32871689366814,61.55849533836825,-971.8771918351385,0.15696808245063296,0.00502284472986271,0.9787783943921203,0.13163831810599086
272.7,12870.924524845435,16442.294421131814,77378.67784735837,51.54776078184743,61.5613092754597,-972.8264334072489,0.15762788411626869,0.005043386516860145,0.9787854188923006,0.13079418245966876
272.8,12876.085955784065,16448.43224747748,77281.45602403724,51.31603205197778,61.56406602464118,-973.7753637872688,0.1584859128901822,0.0050478988293136545,0.9783115759593349,0.13327863473466714
272.90000000000003,12881.256219001112,16454.568427302787,77184.19880308308,51.3772181124007,61.566677192688246,-974.7242941672889,0.16236276451711584,0.005013657938452315,0.97755381563761,0.13417053873628632
273.0,12886.428256945203,16460.699283812606,77086.88152683116,51.53388494047306,61.568736806551435,-975.5351090691429,0.15891292112909125,0.0049668638450847645,0.9787729477820255,0.12932722239284414
273.1,12891.60272517809,16466.823206891117,76989.56425057918,51.55398455816587,61.57079642041463,-976.4846462368116,0.16180994798614973,0.004894736122625975,0.9784397199454982,0.12825481169914962
273.2,12896.781282921958,16472.938713966367,76892.09705554761,51.60572553996872,61.57242788146979,-977.4339102648092,0.16256285569178952,0.004851114941596892,0.9784902688011736,0.12691169565710178
273.3,12901.957675812853,16479.039042154684,76794.39896259662,51.544275167582086,61.57253334173902,-978.3832092378567,0.1592566677519197,0.004825044296877931,0.9791347150019496,0.1261318461061243
273.40000000000003,12907.13613402761,16485.131237583584,76696.66554321493,51.54264079385097,61.568639434512036,-979.3325082109043,0.15755172025377054,0.0048184629852816505,0.979315422447637,0.1268682041164894
273.5,12912.31301803059,16491.210200864654,76598.87218933673,51.551907485352494,61.56404555590186,-980.2818071839512,0.15066733002836258,0.004805181222291831,0.9804004464753149,0.1268512138158281
273.6,12917.491170122832,16497.281486659514,76501.07883545848,51.561421907348766,61.55926007177174,-981.2304191109752,0.15052522106332397,0.0047546793953221825,0.9807533478765992,0.12426753991500573
273.7,12922.669906623945,16503.34781170551,76403.1358607726,51.58928263943339,61.554171360208436,-982.1787259359717,0.14416525684888182,0.004720799932735443,0.9814940486637812,0.1259504871100947
273.8,12927.85149532509,16509.414054077453,76304.96244708983,51.6160412834085,61.548409750395805,-983.1270327609686,0.14682348218181482,0.004712392753179331,0.9814563256815783,0.1231427594873602
273.90000000000003,12933.037902480068,16515.483569621007,76206.75379413384,51.637888247087766,61.54051947832321,-984.0753395859657,0.14457186305457875,0.00475959963471557,0.9810244718287898,0.12910192987438004
274.0,12938.22890714697,16521.561313601112,76108.48535455189,51.73370743578586,61.51746217573875,-985.0239350940228,0.14607511941640755,0.004813830851181792,0.9810127686896488,0.12748660395464356
274.1,12943.429385809184,16527.649122318126,76010.21691496986,51.71263349994184,61.49411447284127,-985.9721881395567,0.14729046136967733,0.004854453751781417,0.9814291600723339,0.12279559449749314
274.2,12948.633854546177,16533.748580030668,75911.79914044951,51.64761720078035,61.47033866400852,-986.9202437326348,0.1441567143669369,0.0048624539665145915,0.9817668022762501,0.12381092113630088
274.3,12953.840825345012,16539.861285188534,75813.15136721483,51.67360255468861,61.446732478470956,-987.8682554041229,0.14832839598080463,0.004871523500381402,0.9814036194847171,0.12174518826977647
274.40000000000003,12959.053740553407,16545.98556560507,75714.46843948276,51.70772756473498,61.423520127128484,-988.8164301863818,0.1424916842115901,0.004929929209448408,0.9820878969333774,0.12318757415222674
274.5,12964.268307105815,16552.11760868088,75615.72586895466,51.74260771682837,61.40095220247464,-989.7647953708274,0.13972852622035956,0.005005366379073356,0.9823552320477681,0.12421386128799437
274.6,12969.480414383761,16558.254310179662,75516.98329842648,51.77795303534422,61.37998990332994,-990.7132915650166,0.13777464201484857,0.005063061249398383,0.9821461403956346,0.12799012592549203
274.7,12974.691094685815,16564.390269652526,75418.11377486507,51.812858687604475,61.359258246090995,-991.6617877592051,0.1360520081228505,0.005092993365447198,0.9827417283269967,0.1252302196324316
274.8,12979.900826718855,16570.521205286812,75319.04872415675,51.83639866980139,61.337399122383935,-992.610831742013,0.14058689414030906,0.005089820604954869,0.9818853772187952,0.12692724264749136
274.90000000000003,12985.107696722092,16576.642917807352,75219.95191898898,51.855597048689525,61.316378267543456,-993.5601309874748,0.1495791743926719,0.005102290815628666,0.9812112187870136,0.12175623738824538
275.0,12990.315407105,16582.753187425787,75120.80123949815,51.86805338700727,61.30140729202352,-994.509507646747,0.1531475780899519,0.0051297093296693765,0.9807262683020429,0.12122496471323231
275.1,12995.52402513271,16588.847632381054,75021.41645536428,51.87898045034933,61.286544476904545,-995.0355168521864,0.14951456705613372,0.00515664763152737,0.9809503119265784,0.1239164587711
275.2,13000.736046172531,16594.928981554116,74921.99976833284,51.88411798904852,61.27670560583688,-995.9903951533438,0.15152423962670297,0.005145000228526347,0.9810404540964375,0.12072100564712687
275.3,13005.951521534991,16600.99895075408,74822.55838837806,51.88652031491613,61.269642125922964,-996.9452734545015,0.1534529124057313,0.005109640503078297,0.9811414855947156,0.11742010259373276
275.40000000000003,13011.171179160448,16607.061726798784,74722.96762883275,51.8834967733495,61.269248783696234,-997.8996245900997,0.15389556574291557,0.005078442319975444,0.9810443701530861,0.1176533384957913
275.5,13016.393074900403,16613.123303236334,74623.20831060829,51.877572719954856,61.270489413699686,-998.8535666697351,0.15083064303689922,0.00508114372645081,0.9821279044916869,0.11246812134233712
275.6,13021.615707814575,16619.18939602439,74523.44899238375,51.868321600266476,61.27809519701975,-999.8074027860314,0.14375162871156735,0.005101712975975272,0.9838953392728131,0.10611033467442446
275.7,13026.835871509948,16625.265368076907,74423.66867321575,51.906945794144114,61.288721110355766,-1000.7611439557438,0.14913137977638785,0.005065854767998415,0.9826080402719745,0.11052424111628353
275.8,13032.052123701404,16631.35377192179,74323.60560355386,51.973765603061715,61.30282213393342,-1001.7148851254567,0.15166849423428777,0.00500262643465395,0.9819460011359713,0.11293224711540131
275.90000000000003,13037.263734182055,16637.458791333465,74223.50334372198,51.9922782668655,61.306158695588834,-1002.6673003410457,0.1497212814262488,0.004947539770407689,0.9821746109052756,0.11354335485343345
276.0,13042.467688261786,16643.577343029978,74123.40108389016,51.98668468048593,61.30962427066597,-1003.4439156102572,0.1472062774558266,0.004936668845582364,0.9825632009189136,0.11347024886852855
276.1,13047.669016009175,16649.707445434666,74023.19099592417,51.973769311018295,61.31471302725076,-1004.3913380514393,0.14507690848496896,0.004926817361136079,0.9820905435091897,0.12011070495571328
276.2,13052.868394721245,16655.84462865339,73922.74520859469,51.95346063992206,61.32800180828576,-1005.3385957442433,0.14696726012656589,0.004875754618579347,0.9821888255859841,0.11696992075664171
276.3,13058.067342124452,16661.981429355812,73822.29942126515,51.92823674217809,61.34132737160164,-1006.2859392989873,0.15278485048683493,0.004800033773283166,0.9821346074835916,0.10975136409422154
276.40000000000003,13063.26861907791,16668.111158760978,73721.85363393562,51.89841531449932,61.35547189499937,-1007.2332828537315,0.14945786138288064,0.004770475188351326,0.9817022771656523,0.11789923343731276
276.5,13068.472373746716,16674.22932677134,73621.12670305523,51.879360157648684,61.36657394217339,-1008.1806444183089,0.14677647839261332,0.004797648773755561,0.9830188441398459,0.11003454013566762
276.6,13073.677687212428,16680.330187586544,73520.27998437537,51.8046775297783,61.37785889840889,-1009.128582322486,0.1399749055939522,0.004827201009529644,0.9841378895829689,0.1088868138093763
276.7,13078.884300555974,16686.41408395804,73419.43326569558,51.74942551575425,61.39364500737542,-1010.0764271574739,0.1424585068962685,0.004822788759514775,0.9839779412260966,0.10709680528344051
276.8,13084.086698384088,16692.48249664347,73318.58654701573,51.788925561080774,61.402076629020314,-1010.6174178015181,0.1394591092263736,0.004845083947073211,0.98465140013843,0.10482987274990564
276.90000000000003,13089.284733229459,16698.542127291417,73217.72987198214,51.68636084619326,61.39405467593998,-1011.5627884714023,0.13088577601699034,0.004937325654404569,0.9862028611684577,0.10123464365008919
277.0,13094.476977479831,16704.59861418564,73116.49093395133,51.65289050743877,61.39023258493671,-1012.5082848762497,0.1290185138438594,0.00504475047777474,0.9865269031031196,0.10046612877933989
277.1,13099.663757535534,16710.65966867221,73015.18545931915,51.658100918969815,61.3868286596618,-1013.4538897508552,0.1294385414333145,0.005097889952277315,0.9861586503585914,0.10349295547317228
277.2,13104.848940069316,16716.733474478795,72913.87998468702,51.79454927045455,61.35963784731246,-1014.3997079295376,0.1259009561647749,0.005102596672516289,0.9864466270252708,0.10509978484497251
277.3,13110.035224044896,16722.822410888675,72812.56827018806,51.74081184475722,61.25924987426726,-1015.3455644484433,0.12373137492336389,0.0051436223604992325,0.9858288237641609,0.11316192046955337
277.40000000000003,13115.225761936767,16728.930744465455,72711.1854259249,51.6523532450565,61.144741313349456,-1016.2917481137847,0.127672400985072,0.005219306892836908,0.9856845250011089,0.10999333632363234
277.5,13120.422625078689,16735.053691979225,72609.48693178468,51.67094558082377,61.10501665652915,-1017.2390651344764,0.13053430694420667,0.005253180977734872,0.9855811256369098,0.1075315934434743
277.6,13125.625329373675,16741.186339858406,72507.72177375798,51.70293344716985,61.16991120726946,-1018.1863821551686,0.12932829308646845,0.005230008050460423,0.985596418390057,0.10884181034797451
277.7,13130.830850991235,16747.32140159669,72405.95382120268,51.73582955534654,61.14905731273851,-1019.1336991758604,0.1332084483783004,0.005216801213698108,0.9851280079173654,0.10840250127421319
277.8,13136.038570003262,16753.449754987767,72304.1021059246,51.77703726635568,61.038403812281665,-1020.0813548578011,0.13977409636714166,0.0052408543550437,0.9846088460559116,0.10479100962785123
277.90000000000003,13141.244355111923,16759.5619160691,72202.25039064651,51.850360063863455,60.97582271837983,-1020.5396509271569,0.13803325899456298,0.005245604404107154,0.9845154215323899,0.10792908695377823
278.0,13146.448137160249,16765.65621890638,72100.0831199158,51.70365528289687,60.98533832689724,-1021.4913526736598,0.14075527569269985,0.005194354763895671,0.983360117956642,0.11473382001640942
278.1,13151.649237876336,16771.72959161744,71997.84920524062,51.71920568985379,60.99609661692805,-1022.4442661224218,0.1394132411237427,0.005161611244861021,0.9830397846279718,0.11903817794019157
278.2,13156.856548707532,16777.78747801148,71895.61220758884,51.73599536316859,61.00780333977671,-1023.3977660524208,0.1370836619238936,0.005174262214615523,0.9838382495584932,0.11508082094662882
278.3,13162.06681570694,16783.836105881495,71793.28280132395,51.752781234820546,61.01904775826119,-1024.3517466604458,0.14017759700038002,0.005144554686346433,0.9833552553828402,0.11548253793205014
278.40000000000003,13167.290136946353,16789.88602458036,71690.95339505906,51.77035945973476,61.020280630815655,-1025.3067435221199,0.13813824792338122,0.005055363314228686,0.983452797200828,0.11710193610819036
278.5,13172.521081530218,16795.946598978568,71588.30930118515,51.87318319279706,61.027281537778954,-1026.2619311453755,0.14028504852582988,0.004979746518763172,0.9834132415813314,0.11486384795579666
278.6,13177.761052463284,16802.024578982542,71485.59874665162,51.78991228506357,61.02649453904959,-1027.2171187686317,0.13318418148634398,0.004960413255906622,0.9842035366407955,0.11653654605270221
278.7,13183.004791745532,16808.122594946017,71382.88512396402,51.77120872406013,61.02615843206193,-1028.1730038520568,0.1322628258854461,0.00493605099502194,0.9839948836547631,0.11931575432699666
278.8,13188.250673852152,16814.23888881142,71280.07953695116,51.73038041054684,61.0572167661399,-1029.1292843437773,0.12723301156590117,0.004886924300968945,0.9850599120309994,0.11595192300357698
278.90000000000003,13193.491499920015,16820.366033791284,71177.2739499383,51.671574250313704,61.10951611515919,-1030.0855648354975,0.12509715282379585,0.004886876125317342,0.9852183473758966,0.11692574049807299
279.0,13198.733231126926,16826.493232807014,71074.15495606963,51.64485719252278,61.05036159430673,-1031.0418453272173,0.12034150555190046,0.0049690329763209095,0.986744263046576,0.10876116079489007
279.1,13203.978135613292,16832.60834594821,70970.96977203085,51.79808002259722,61.03373748931462,-1031.9980065652956,0.12374753072043133,0.005013775149538797,0.9869225138778532,0.10317636502787027
279.2,13209.229512098147,16838.70515147967,70867.78153691045,51.73597851624041,61.038783526050445,-1032.9529160127802,0.12287295750051698,0.005046799234864904,0.9872852888203194,0.10072003083566616
279.3,13214.491302199174,16844.77810451939,70764.50184919208,51.818134176492116,61.0455579112198,-1033.907843267157,0.11930205997220891,0.0051363950654450255,0.9877460015441696,0.10049115565871611
279.40000000000003,13219.759346863793,16850.829364884063,70661.22216147369,51.940930548891224,61.052586381974045,-1034.6388186791685,0.12072026454348865,0.0052246589706402505,0.9876358683727562,0.09987348081839646
279.5,13225.032316887702,16856.86731789505,70557.6300811471,52.045385191213384,61.06216840616751,-1035.1894600613516,0.12077563321397419,0.0052513459576164125,0.9882364031826012,0.09367220085015862
279.6,13230.302954099861,16862.90427608556,70453.97202485507,52.109763625971084,61.08536181074242,-1036.0954491755967,0.11856828909970227,0.0052699494183244214,0.9881090837619103,0.09774572645541094
279.7,13235.568018607746,16868.95308159775,70350.31092684125,52.14801302675676,61.08095599796382,-1036.8555069698148,0.12630953936947925,0.005324140573883524,0.9867619001776622,0.10158004798772653
279.8,13240.827075369993,16875.022276779844,70246.55865677907,52.170695596194975,61.07025363850019,-1037.7804122099606,0.1274193893253585,0.005338609149651249,0.9872899959083189,0.0948380854701927
279.90000000000003,13246.083048046139,16881.114394347092,70142.80638671688,52.1667968300928,60.937014568370074,-1038.7340012120342,0.12591133181956804,0.005307397236300869,0.9873091245413846,0.09663778066224098
280.0,13251.340731714172,16887.22494676356,70038.74181229678,52.13974464606464,61.00656758903983,-1039.687393513369,0.1300165413901513,0.005331005600203818,0.9870734721203002,0.09355875149128853
280.1,13256.602854640818,16893.343960208655,69934.61128054932,52.07368178284196,61.02809300460863,-1040.640438411719,0.12484593244295027,0.005310296767955208,0.9875608676629364,0.0954401726817119
280.2,13261.866478643493,16899.457936163963,69830.4787217945,51.9889204963095,60.903846825566944,-1041.5937991351846,0.12542454712169343,0.005241240724934939,0.9869726043661013,0.10062947185480273
280.3,13267.130680799923,16905.553066468612,69726.28540586696,51.934973373134966,60.77779298860991,-1042.5493121065133,0.11856553254416508,0.005205196922893222,0.9877814853129616,0.10100919606863426
280.40000000000003,13272.385606006217,16911.621116233255,69622.0804336457,51.90933142968088,60.74913532242129,-1043.5047216731693,0.11336045972781905,0.005180657639528313,0.9887133655178685,0.09781844306187415
280.5,13277.632432926806,16917.665038083233,69517.54242570167,51.8637594011239,60.743876208262314,-1044.4593607263819,0.11792680251571079,0.005081002344010971,0.988880894811657,0.09045456616499367
280.6,13282.868403201126,16923.69277961761,69412.91590166034,51.79458250980094,60.57639205016718,-1045.4139997795946,0.12019650656834653,0.005023362672002237,0.9882444611137803,0.09434220007062133
280.7,13288.10010571725,16929.718688961755,69308.27870793457,51.77722804867135,60.58317316330892,-1046.3687912364176,0.11769047812381749,0.005003187764170036,0.9888396411524872,0.09121449203171528
280.8,13293.332305280523,16935.75802027615,69203.61154661521,51.81388129809687,60.41937838688528,-1047.3238403280152,0.11850249887425925,0.00497139574255174,0.988730193399,0.09135123231847034
280.90000000000003,13298.569602798612,16941.819819021497,69098.92321347656,51.90296948239501,60.56359713199625,-1047.799280728464,0.11745119004445254,0.005004545064655349,0.9889336123552285,0.09050128639901456
281.0,13303.807767953154,16947.908361932547,68993.88665724648,51.936221041526736,60.74380371776019,-1048.2619808406307,0.12014392555074534,0.005100102753915937,0.9891164348409558,0.08478268946355703
281.1,13309.043200988486,16954.01627242902,68888.78359132571,51.933289746646395,60.76677539153145,-1049.157712215709,0.1110567643949694,0.005163505241098551,0.9903287307896798,0.08299842328771823
281.2,13314.26976869646,16960.12748113363,68783.68052540501,51.92565293654595,60.71844508543883,-1050.1024087288663,0.10688697545018241,0.005219359677485503,0.990451634180615,0.08691083426488588
281.3,13319.48925742762,16966.224461969556,68678.55188029779,51.92478919307572,60.724009164765974,-1051.0465466635037,0.10833477122866658,0.005303628712700142,0.9898331690395867,0.09200949045809959
281.40000000000003,13324.707143902715,16972.297035414424,68573.37125549509,51.934770837642795,60.74813933701055,-1051.9903224122197,0.10958383933599081,0.005320774255276484,0.9892005280993235,0.09718737945704678
281.5,13329.930746880902,16978.338163656113,68468.00378154055,51.95506966083759,60.74352713853376,-1052.933392653315,0.11055102595350179,0.00533146532576673,0.9892690684176185,0.09537691759668875
281.6,13335.163949311205,16984.359758353814,68362.52816909198,51.97399646951089,60.64577572568654,-1053.876284415439,0.11361764222579522,0.005357398167263744,0.9891047840401899,0.09345617073654412
281.7,13340.40567999795,16990.37736599324,68256.96161667645,52.04807361796637,60.61384210137276,-1054.819556375831,0.11407950059793981,0.005338301516320741,0.9890430906520027,0.09354750084197895
281.8,13345.649755187622,16996.408678119755,68151.24592164853,52.12206369799213,60.72415084222945,-1055.7635515332208,0.1188439890072543,0.005319866290259156,0.9888341932062864,0.08974822363462166
281.90000000000003,13350.89231668769,17002.467640834286,68045.47131884181,52.1398471324463,60.717428329218606,-1056.7075466906108,0.11729863336448774,0.00529326158004506,0.9889551564636438,0.09044728020586716
282.0,13356.131589726352,17008.556324860918,67939.6036819548,52.0444597308298,60.65761382613222,-1056.8844245426635,0.1156509017417375,0.005226678764747616,0.9893964890243846,0.08770483602193072
282.1,13361.379065144616,17014.66336147664,67833.18189684718,52.04345315382404,60.62429465272922,-1057.8302136362963,0.11303256262930429,0.005178738794364739,0.9897535968048079,0.08708982754545982
282.2,13366.637350071516,17020.768949647318,67726.10437935335,52.02102586043046,60.70162059946687,-1058.7836216343173,0.11080970978206064,0.005118524965787878,0.9896917920514807,0.09058236951040192
282.3,13371.91015830345,17026.85248874197,67619.00072793181,51.942319370578865,60.68882770191511,-1059.736387314531,0.11008684078488101,0.005045851989986379,0.9896361083320319,0.09206410782237816
282.40000000000003,13377.19175916304,17032.905076650994,67511.87288813529,52.03676312670135,60.506172445211305,-1060.6889802375674,0.11325575888326848,0.005028546263474988,0.9891116140412446,0.09384061898226695
282.5,13382.474886467702,17038.92959845099,67404.68848132605,52.047975697465326,60.5252798689888,-1061.6417493181723,0.11159466611108274,0.005016763837836699,0.9883717907168045,0.10316329721082243
282.6,13387.756999431858,17044.942515499013,67297.27774042831,51.98945539333656,60.61751327718032,-1062.2305128016746,0.11378226622090416,0.005042764768385734,0.9882965680922482,0.10147935708413967
282.7,13393.037676317299,17050.9656952657,67189.824585812,51.99787632482853,60.5349573634758,-1063.0554943326879,0.10964779953215494,0.0051154619191199615,0.9889450528139686,0.0996939046375818
282.8,13398.328837175864,17057.01764744251,67082.33246453428,52.00204574867967,60.398099190108304,-1063.9990694326962,0.10928975833106816,0.005173660535534788,0.989425413580637,0.09521729318451122
282.90000000000003,13403.629669115757,17063.103110619813,66974.64211681252,51.99643964614218,60.572627345743875,-1064.9460359006898,0.10453533590286168,0.0052534540591788696,0.989875148089729,0.09587468885196526
283.0,13408.937091293728,17069.209405469093,66866.91607123481,51.981679525852584,60.554579175784184,-1065.7886609957984,0.10616663522373372,0.005316442053330559,0.9900883782186355,0.09178989228426217
283.1,13414.241760896677,17075.312906939307,66759.1483923382,51.96204430384297,60.4835395231589,-1066.5423993425889,0.10455118186454018,0.005342887511409029,0.9907350157200351,0.08651377086909377
283.2,13419.537077718609,17081.390822742476,66651.15856658197,51.938598914775895,60.395166729079186,-1067.4912011485794,0.1064994164278916,0.005371949795707194,0.9905766542001859,0.08594712682501875
283.3,13424.825407616307,17087.433100427123,66543.14756170884,51.91142640952845,60.43888014472307,-1068.4401837306077,0.10744126125198826,0.005368721255350696,0.9911354547834603,0.07796192970833682
283.40000000000003,13430.114197703722,17093.448505966146,66435.09996876461,51.85798934787552,60.38697588934886,-1069.3872703108384,0.10338988380142494,0.0053553537261751055,0.9916155294998432,0.07733365223976488
283.5,13435.406275113835,17099.460328790417,66326.82911827214,51.85882230155932,60.3285935747511,-1070.3334815119204,0.1063827896337923,0.005311145764570032,0.9911371158764593,0.07938331898134601
283.6,13440.698272320653,17105.494700808067,66218.53696643592,52.0117705037116,60.333891135186384,-1071.099659250815,0.10493322983924747,0.005265673249844284,0.9912061373264645,0.08044677300600704
283.7,13445.97818515443,17111.56514325279,66110.00497154397,52.150071034693795,60.45052970943489,-1072.0332842661182,0.0992299023846632,0.005221618338689406,0.9920787375691194,0.07685011150231003
283.8,13451.243993336617,17117.66401038416,66001.20124189112,52.108158962456955,60.36153498880442,-1072.7134101724675,0.09997345144119213,0.005147053018541388,0.9922816830464071,0.0731838666835087
283.90000000000003,13456.501115575707,17123.767281369088,65892.37277917251,52.005075213056784,60.21304057170804,-1073.5825424863285,0.10411176618402797,0.0050886328078248695,0.9916211936107693,0.07630369807645401
284.0,13461.758856797338,17129.84968715452,65783.3660304262,52.184214958266246,60.15856800649603,-1074.5344783384323,0.10243681827011172,0.005070813927164395,0.9918466984219435,0.07563803235345576
284.1,13467.01953471534,17135.892551643803,65674.3253671443,52.17831075489607,60.017573844508014,-1075.4863150587619,0.09944287614818288,0.00511140546959126,0.9921785619938727,0.07527741385883066
284.2,13472.276128160736,17141.90385516577,65565.18907948826,51.95128627012422,59.85891994126951,-1076.4376700166656,0.09872500222384667,0.005182418624917134,0.9927960558362039,0.06769422419361139
284.3,13477.522044044288,17147.91035015135,65455.91328272518,52.01246889029903,59.915379439552424,-1077.3888954051881,0.09498201600044308,0.005253010832014831,0.9929536518933069,0.07066730294440149
284.40000000000003,13482.760837104464,17153.942331021855,65346.58449367984,52.14652037947928,59.98272187274338,-1078.3410111772466,0.09451628405320778,0.00533095185956579,0.9930511951150229,0.0699112071249585
284.5,13488.004366962052,17160.011512206907,65237.13701003845,51.95664006453734,60.03336507169229,-1079.2899897092539,0.09963922674300635,0.005385057155841432,0.9923723234513795,0.07238920707671033
284.6,13493.257711095173,17166.106769815615,65127.64082137408,51.95408862124101,60.12437128181691,-1079.6968583878017,0.10605402286367657,0.005424569126455138,0.9911516051952708,0.079634250188353
284.7,13498.519800798595,17172.198424234823,65017.9346349198,51.99107278407409,60.150922012773705,-1080.6339031004595,0.10602253591482164,0.005441881071501646,0.9912473907227698,0.07847431550446693
284.8,13503.780324828516,17178.257621692286,64908.21800185903,51.92034978873715,60.00704067251256,-1081.5235525034636,0.10955311805567777,0.005447695468955431,0.9910245724716613,0.07641160707456121
284.90000000000003,13509.03970948435,17184.274103034157,64798.46559159836,51.75182974556762,60.05081282811043,-1082.461434072546,0.10644077046208714,0.0054045306333434595,0.9912057691911509,0.07843644914355462
285.0,13514.310605805393,17190.268172876364,64688.48338786835,51.88944072502303,60.196537949373685,-1082.864803040039,0.0994708153755282,0.005355736873091414,0.9921469356588214,0.07563948065583226
285.1,13519.594583361975,17196.275915632817,64578.46014413528,51.90423017730609,60.323257864048465,-1083.8204692225645,0.10170249092390635,0.005262144063172292,0.9917974668789864,0.07724440350055908
285.2,13524.89420371658,17202.32009151221,64468.42777360699,51.88265327925887,60.39999381120672,-1084.685623454019,0.09498704236674867,0.005180815818209146,0.9926709427764436,0.07453200854130854
285.3,13530.19551499992,17208.399164014805,64358.16931996413,52.04187813296831,60.416112395100456,-1085.6350910333297,0.09276381672014089,0.005130921906569507,0.9928961399361855,0.07433574676912517
285.40000000000003,13535.496781460028,17214.482289189746,64247.85956115794,52.220559932270106,60.32944384528775,-1085.9020086742794,0.09632152274840897,0.0051464130359668,0.9928933639570934,0.06970255732939579
285.5,13540.807005281436,17220.533601802068,64137.5498023518,52.34062269799987,59.92991685777346,-1086.769769917749,0.08964067340410915,0.005213367281643865,0.9934428828151636,0.07077152716412086
285.6,13546.13079407191,17226.539273427392,64027.01789662932,52.298962785874316,59.909207172406106,-1087.7089584829046,0.09242885286977807,0.005302743291899092,0.9929908205372611,0.07347120796267081
285.7,13551.459104725582,17232.520593338282,63916.42920089767,52.13813086160524,59.79804698413401,-1088.4345241846058,0.0873160308426178,0.005390457487145236,0.9934088985612166,0.07406493087393476
285.8,13556.780101259692,17238.515567622482,63805.82105423281,52.105770047710294,59.93870895576701,-1089.374670630997,0.09069099651811044,0.00544486572593183,0.9932966233055155,0.07146547920247592
285.90000000000003,13562.094500186147,17244.55160612472,63695.07353773937,52.17710144176937,60.203398352075126,-1090.3148170773877,0.0890685442495867,0.005466914349153731,0.9930042197994348,0.0773273996282965
286.0,13567.411585380072,17250.619782399237,63584.21892251756,52.14170942720867,60.48211109200665,-1091.1981338962144,0.09484730357938867,0.005463004715154782,0.9928274054285097,0.07258021502651597
286.1,13572.729971800858,17256.684192859182,63473.27814734159,52.154119055049726,60.27215086318453,-1092.1491568718984,0.08895144695177891,0.005437467830807362,0.9932687861057865,0.07399454423612024
286.2,13578.036293655256,17262.708330884994,63362.24224616731,52.07284631198407,60.26000378505808,-1093.1004493987691,0.09058424685890162,0.005390136538575413,0.9929939612889621,0.07568641551002463
286.3,13583.326273723997,17268.687517000522,63251.03870129558,51.99765950413015,60.285908991836,-1094.0531118151814,0.09338512504718281,0.005306630697211307,0.992657298900847,0.076697751136784
286.40000000000003,13588.608958111141,17274.6572379182,63139.80137171306,51.956757890220054,60.309395534004075,-1094.9840746167422,0.09142254606587845,0.005220124700894855,0.993104445758469,0.0731999192875472
286.5,13593.892069221061,17280.660591212472,63028.526514816265,51.968211917439604,60.28078077444707,-1095.8207837574346,0.09510577220258713,0.005179706057291491,0.9927666703759903,0.0730917295559454
286.6,13599.167902760792,17286.707804212652,62917.0879414438,51.980752370404744,60.35344350217326,-1096.7701907388969,0.08891956387204944,0.005205155922750256,0.9934683147036476,0.07132268357625475
286.7,13604.42898557124,17292.76817847858,62805.537373134175,51.97270621478392,60.25326077275761,-1097.1265344488268,0.09459464501597277,0.00528080237135754,0.9929169217555763,0.07169346380283012
286.8,13609.683465543432,17298.79684445928,62693.983759157134,51.93377004694026,60.00877734812949,-1098.0743905501222,0.10076965196151555,0.005373361645417254,0.9922733279190649,0.07218204020812001
286.90000000000003,13614.943416274471,17304.777015666077,62582.26093056508,51.93984368686848,59.90819594388327,-1099.0229085291628,0.09401666723873447,0.005450079161333758,0.9927357170928074,0.07487962958432583
287.0,13620.2083719558,17310.738997984947,62470.42263535436,52.120157538287835,59.77620745014929,-1099.974626989287,0.09916863634092972,0.0054886452163718956,0.9924692766077909,0.071695127655772
287.1,13625.470292409325,17316.731085014708,62358.57914774933,51.99180955284188,59.816083123756066,-1100.9252910648167,0.09844741283773406,0.0054982142373380125,0.9924265588120198,0.07326255462574335
287.2,13630.734860747865,17322.769772556836,62246.58789026657,51.89433116484945,60.23008417156069,-1101.8772719823387,0.10079581928082307,0.005488931898119589,0.9917579732808779,0.07890625371876907
287.3,13636.014176480352,17328.825022920697,62134.46192230276,52.04423100465534,60.19599499121193,-1102.2666351495764,0.09783033325652155,0.005463478857772346,0.9922964901173248,0.07580931337590693
287.40000000000003,13641.308504198982,17334.84651263599,62022.314289563525,51.86799459577291,59.97890761750771,-1103.016816575341,0.0991349620548414,0.005404847665441531,0.9927778053647365,0.06734445853428259
287.5,13646.606646965984,17340.820058179936,61910.07768954509,51.825307606602514,60.023223632867584,-1103.7634728807714,0.08882598514734581,0.00532958033943139,0.9933938677954457,0.07245801102993013
287.6,13651.911229451283,17346.78332273508,61797.701857994485,51.84505084000492,60.080205479503725,-1104.6979403576377,0.09299648537620633,0.005261206237476543,0.993205249565509,0.06976607809039323
287.7,13657.23154826068,17352.783471990424,61685.27420217868,51.62427209945754,60.162836564293706,-1105.6458413696992,0.09086579265492159,0.00525198940975385,0.9935913525918273,0.06702274529721919
287.8,13662.564765173309,17358.82865720535,61572.685056526534,51.67497271944744,60.22056882223332,-1106.5065065087977,0.0907108603854567,0.005307557769269108,0.9935861041110076,0.0673054481908123
287.90000000000003,13667.897787138874,17364.871965052764,61460.09218780724,51.80051984484679,60.24147469161006,-1107.4338569093427,0.09053533074586166,0.005404312436448287,0.9937672148439334,0.06481411879489044
288.0,13673.230145032116,17370.871600533268,61347.32071939456,51.818789594100565,60.16315474249069,-1108.3641199321974,0.08619917387432861,0.005486807801466901,0.9940578705971714,0.06624611133757202
288.1,13678.568475549591,17376.833035099655,61234.51606378004,51.70024740745592,59.99838850584639,-1109.3018368166279,0.0807495105443238,0.005525415752095629,0.9947229691453766,0.06304919493716628
288.2,13683.90535653646,17382.80861520187,61121.584531011824,51.710273247944535,59.758813043538105,-1110.2110515423194,0.07674349827607382,0.0055430278476895,0.9947483389977609,0.06749409141418104
288.3,13689.228253807894,17388.832453375388,61008.57506630949,51.78632303495347,59.94008618295648,-1111.104873672642,0.07932808896885714,0.005533976094008873,0.9944912644651308,0.06829022120102772
288.40000000000003,13694.540690405582,17394.87819540396,60895.49652098126,51.79421786480908,59.8668729308241,-1112.048793023477,0.07876835104173188,0.005488708099568594,0.9945650211021344,0.06786633744114205
288.5,13699.849304388426,17400.89022405777,60782.3041825808,51.77913806952186,59.36993602817822,-1112.9966791278775,0.08381011432072125,0.005380788657438481,0.9939047920323367,0.0714155181044635
288.6,13705.144813210098,17406.853028462636,60669.010755417905,51.74752385414723,59.47662002068903,-1113.628201101429,0.08984183613877327,0.0052984358313407,0.9933420667215184,0.07191598944864347
288.7,13710.423245153874,17412.813245878682,60555.617694320536,51.64660576087946,59.67635949456505,-1114.5751956391293,0.09030324004313914,0.005286340972180508,0.993323292525769,0.07159759746390013
288.8,13715.694980491218,17418.819308580343,60442.126526729444,51.40057489179976,59.82997379018296,-1115.1217399304517,0.09010560171013206,0.005351876903440707,0.9936501869279585,0.06716877229858123
288.90000000000003,13720.965085192534,17424.85417512729,60328.52159172778,51.40832248493035,59.86432316657562,-1116.0731992474646,0.08935538635591693,0.005456249142539615,0.9938710252919463,0.0648554497294922
289.0,13726.227186172106,17430.859751689208,60215.29410786879,51.49273399662357,59.73098860220686,-1117.0180930855288,0.09439233555966375,0.0055449609329967535,0.9934681306848766,0.0638781160440748
289.1,13731.487694689937,17436.813944342553,60102.85412029188,51.49535002065422,59.7447165776067,-1116.3729525890587,0.10489794822954829,0.00558014281123591,0.9926001965174995,0.06091085565692306
289.2,13736.760825336125,17442.76358283142,59990.31333885486,51.4820891500127,59.704452192922155,-1117.1776411787505,0.10417337289380264,0.005571225675124384,0.9925668094781787,0.06267374686991986
289.3,13742.041334442927,17448.757583426996,59877.696783124185,51.56744015868035,59.7006463590064,-1117.6647462018925,0.09896500246969021,0.00551624567551712,0.9930750282949382,0.06306732511236846
289.40000000000003,13747.327567932061,17454.77442847144,59764.96396999873,51.76687981123744,59.63358616121643,-1118.4020863890103,0.10252026230049412,0.00543257345680676,0.9925221251747166,0.06602964487363383
289.5,13752.628742102897,17460.753701155467,59652.140992344255,51.80452365785179,59.43697508451101,-1119.3321816869084,0.09698846647167945,0.005331087892174368,0.9932012194011873,0.06415726500835689
289.6,13757.94779821607,17466.686799867268,59539.22012345995,51.76796632269252,59.32328744641962,-1119.7437221259215,0.08762698033847784,0.005291140512886685,0.9941128564595905,0.06350704504688094
289.7,13763.27378757532,17472.629508402726,59426.23834804229,51.77473195866001,59.48764830356901,-1120.6623108170568,0.08872847869894132,0.005334190392136992,0.9937911917642168,0.06691689362552397
289.8,13768.610360768209,17478.62026434394,59313.14024093862,51.758197727445705,59.74547950836934,-1121.556372938986,0.08604598207330517,0.005427260058460266,0.994450770758837,0.06028514207043919
289.90000000000003,13773.956279403608,17484.61108273344,59199.97975771999,51.732257083788674,59.77968564107147,-1122.4961814220894,0.08719374179117544,0.0055075783403541,0.9945637064867382,0.05665643575658362
290.0,13779.298648144773,17490.551743569577,59086.68466128875,51.80384401045051,59.54482514058177,-1123.4391912268577,0.08216684398454176,0.0055481762943933605,0.9950586748786837,0.05546224876530349
290.1,13784.637532519955,17496.46751206044,58973.34200428985,51.79579131657288,59.4381682794526,-1124.3821802548443,0.08537478795160543,0.0055464070793480565,0.9947527623121752,0.05610102336879031
290.2,13789.971486903572,17502.421102152362,58859.84712760509,51.678785107400294,59.45530311120339,-1125.0799124825705,0.08296002827867305,0.005494223529240329,0.9947680926559684,0.05936235380625721
290.3,13795.29006501511,17508.404988025137,58746.3388055385,51.655496327046876,59.50509564837896,-1125.1335865388892,0.0824495522641505,0.005415750825952975,0.9947204390936106,0.06086040604405017
290.40000000000003,13800.592600509071,17514.355459489198,58632.64505789851,51.58343774786608,59.29205259973224,-1125.8251949317869,0.07608768905523686,0.005355908246266155,0.9953276314318342,0.059202060178561965
290.5,13805.884853110427,17520.262620770325,58518.94742336813,51.501048193159235,59.21443491011346,-1126.7202297562453,0.07529966169685332,0.0053620291114236315,0.9953806516560507,0.05931751765645217
290.6,13811.159421913846,17526.190704027005,58405.086944382754,51.5171210076161,59.27831505401979,-1127.658100803515,0.07337298695260813,0.0054500420795747075,0.9957445881726746,0.05549249455389302
290.7,13816.42394893237,17532.162025275196,58291.16395689927,51.525532741700395,59.32892651939762,-1128.3038786557001,0.07308546997140125,0.005553862357704845,0.9957667606495234,0.05546374561391955
290.8,13821.68703040857,17538.11730543646,58177.135630860976,51.54179119174722,59.134089406474764,-1128.0849567729322,0.0747277516793826,0.00561734565635957,0.9956988308821177,0.05447978282542301
290.90000000000003,13826.946746138621,17544.026341937828,58062.161724672354,51.55600966720942,59.10613084755153,-1128.7955362660089,0.07245307913087053,0.005605082271954582,0.9961363343072103,0.04931062613853286
291.0,13832.2128823719,17549.941330522826,57946.98576889582,51.39859967290115,58.959407967497796,-1129.7318764587556,0.07366094302518078,0.005540084766550848,0.996107353670068,0.04809899061138958
291.1,13837.493581953548,17555.902988325677,57831.737740582925,51.41990376968275,59.19448158280617,-1129.882754098999,0.07845491971184688,0.005438150507284801,0.9955593501731632,0.05173811336777679
291.2,13842.78360879869,17561.856669583056,57716.39281324382,51.3906013367717,58.99447585628745,-1130.4450959384242,0.08183718950683311,0.005363822694328346,0.9952663011654844,0.052143010884506444
291.3,13848.09217100323,17567.766163954428,57600.96761583084,51.4635999309686,58.94824497402556,-1131.3669983905481,0.07920032171394531,0.005380273415486436,0.9953926458351684,0.05377585253294822
291.40000000000003,13853.418271208073,17573.677396058145,57485.450798065045,51.63686002760864,58.92407524884767,-1132.2648905355634,0.07394430408932244,0.005471970333383733,0.9958791385462868,0.0522210574550374
291.5,13858.752030075988,17579.632395493598,57369.831064488426,51.577507886720404,58.9221794162416,-1133.1947952248875,0.06886494660713541,0.005563197927875508,0.9963409272607877,0.05031328475388632
291.6,13864.095369202081,17585.578635394424,57254.12270290143,51.41667523311134,58.940042510695676,-1133.913694984074,0.06833143346259014,0.00561692828831648,0.9966485969573016,0.04461882450932343
291.7,13869.43921378555,17591.479764996948,57138.324529144986,51.38041726443833,58.95712979760691,-1134.4240833681451,0.07365302608859152,0.005614803475234911,0.9963669148868153,0.04238722270752746
291.8,13874.77460084749,17597.390658875207,57022.40930620144,51.387437156574045,59.091443206503214,-1135.0141428011082,0.07849673730105074,0.005551549376758893,0.9958019159726631,0.0467545364406512
291.90000000000003,13880.101447853962,17603.33850982564,56906.43274805112,51.49218247710653,59.091822430325834,-1135.94533497213,0.07607879576546824,0.0054751566891461136,0.9959356873707296,0.047897245385281874
292.0,13885.408123203388,17609.264159652226,56790.34685421118,51.36603800657804,59.236398028323215,-1136.8764779114128,0.07066529372537919,0.005453625370718559,0.9961866194811485,0.05088116940227708
292.1,13890.697305791115,17615.150191373268,56674.19118251119,51.346454883568285,59.11118759341372,-1137.1545314797347,0.06763419613099296,0.005511819986457238,0.9963313770113388,0.05214424739931183
292.2,13895.969585287778,17621.058982288712,56557.92805347378,51.22340257893708,58.905886175005975,-1137.918874631614,0.06947848313260431,0.00560829636058105,0.995934008827549,0.05706783204408662
292.3,13901.226640721516,17626.989614300815,56441.57679411504,51.334172507749365,58.923037721494694,-1138.6085340031934,0.07322285462138627,0.005650271807042848,0.995802900044569,0.054617508661855205
292.40000000000003,13906.479388325302,17632.881135996966,56325.12013161625,51.31608242462616,58.8014613772921,-1139.5378055703943,0.08106113385233618,0.005642168693021444,0.9952105641627149,0.05434327456036884
292.5,13911.731650429023,17638.752481172123,56208.560059481344,51.32197358371389,58.63210700590419,-1139.5581374509627,0.07456627350084533,0.005579342211091276,0.9956808715544657,0.0550303899425417
292.6,13916.992635486133,17644.656087583247,56091.92588179252,51.30593439603363,58.78334697247329,-1139.9963940361597,0.07309018572781632,0.005476428986880289,0.9959956808225585,0.05119020666722171
292.7,13922.269841108458,17650.554051090694,55975.20477410802,51.004777103668125,58.78865049846674,-1140.9282060240719,0.07006389445485596,0.005442375118214138,0.9965678068950703,0.04374971436754185
292.8,13927.563371414879,17656.4088006482,55858.38610979676,51.01915476060055,59.00763536836573,-1141.3218996079113,0.07447248803578713,0.005512533571573279,0.9961003438968915,0.04698473569018146
292.90000000000003,13932.878446522926,17662.27529932014,55741.47023797879,51.033532417532975,59.02271135310373,-1141.811563401328,0.07628803110216406,0.0056145563873813585,0.9959400013090874,0.04745657867549014
293.0,13938.205917245357,17668.164285509265,55624.463879415634,51.14843739436797,58.79399664308186,-1142.332478243067,0.08005078919670601,0.005653769375000444,0.9956583289043567,0.047163525358297875
293.1,13943.543527204658,17674.01668553449,55507.36851048565,51.28993397686903,58.909068041673734,-1142.9402515017634,0.07755190043804416,0.0056111893273196895,0.9957091297786309,0.05017515489026629
293.2,13948.880562857361,17679.856392260488,55390.16953589802,51.295253833713176,58.92021989658877,-1143.8900377604318,0.07152101734198267,0.005533407372329057,0.9962032958295605,0.04932665465588427
293.3,13954.20616556226,17685.72751924732,55272.890511471036,51.40367632465499,58.621569686225364,-1144.1504802156746,0.06842784131477779,0.005455221483432251,0.9963795923518327,0.050155548410539846
293.40000000000003,13959.516337686913,17691.580491848672,55155.506369088915,51.301576389865026,58.44763854867765,-1144.3896968243507,0.07193681422041666,0.005479391752217779,0.9961877024716845,0.04904214993278469
293.5,13964.80169890001,17697.40705953766,55038.047242545596,51.32341274523428,58.500454510711506,-1145.3185197970147,0.06961817344079747,0.005574213344197962,0.996142284712375,0.05312990382421364
293.6,13970.067502575357,17703.262075667626,54920.47945163291,51.34865459097971,58.72131667686612,-1145.5893442845772,0.07430152486694053,0.005637176026334181,0.9958374027271891,0.052491646749380255
293.7,13975.312944996835,17709.113083054926,54802.81463121495,51.33543605620189,58.74894457826116,-1146.1083936522652,0.07521834533280339,0.005631532250876686,0.9960128653773298,0.04763253481333809
293.8,13980.550397513403,17714.934603833106,54685.07432063149,51.07755814918749,58.7222799497445,-1147.053940006903,0.08480572518517863,0.005568806771621714,0.9953950011013855,0.04433699526726168
293.90000000000003,13985.787963328909,17720.777274488675,54567.22630247974,51.1970875401297,58.735156280422,-1147.3820132710234,0.07901199655802556,0.005489294636006376,0.9960468092370023,0.04022096285645633
294.0,13991.035917900443,17726.62514239078,54449.2910012602,51.3379078687911,58.66554010473634,-1147.5529610345136,0.07493387455408204,0.005507461459836026,0.99634765058796,0.04057020434301141
294.1,13996.302280998912,17732.440984928282,54331.2902442773,51.44938628122404,58.57374445188226,-1148.0667707030973,0.07309025998679419,0.005587641608970738,0.9963854832076694,0.042925062717855775
294.2,14001.591744277357,17738.274621406003,54213.18054624649,51.51393009558533,58.66648431020766,-1148.6689116223067,0.06721062947822076,0.0056544808316915576,0.9966984073410452,0.04520003247221723
294.3,14006.8993828889,17744.113093201646,54094.96581878779,51.54189436284984,58.40310875823671,-1148.8305201573958,0.06334699927676833,0.005638999901660523,0.9969726406921816,0.044731566862746736
294.40000000000003,14012.221381826881,17749.920930696087,53976.67591214034,51.55835885242661,58.388793574855896,-1149.4839410094291,0.06745875297919697,0.00556329617294948,0.9966425399951263,0.04606532160146695
294.5,14017.545822956372,17755.742629099605,53858.82396397096,51.55487492804179,58.40772538224227,-1150.4185330626167,0.06474561234307051,0.005508489724717571,0.9968029976668121,0.04649135474183302
294.6,14022.859073218408,17761.563796328322,53741.845907209165,51.19923696478808,58.3389849666841,-1150.5997187911807,0.06630220321415292,0.005536498013591349,0.9966033834523658,0.048528972068152196
294.7,14028.152859355332,17767.35581567754,53624.75789952465,51.16420118815485,58.09729238343726,-1150.1546152759583,0.062244659467378075,0.005626926218781959,0.9972381706784756,0.04012444405803159
294.8,14033.422282357364,17773.159908867998,53507.60736053227,51.016069867581834,58.00181339687732,-1150.6952318176275,0.05989160394111997,0.005668272231457168,0.9975232734985955,0.03644427658654228
294.90000000000003,14038.664384765734,17778.955493228925,53390.33890166976,51.04888184588385,57.954193262409326,-1151.0635724785927,0.055880712413098804,0.005630215535524042,0.997602617499351,0.04043098083984176
295.0,14043.888309885548,17784.725934780578,53272.98181338472,51.18421732835662,58.142994758713904,-1151.5992864163152,0.0596585582250088,0.005565165733470501,0.9975509488437021,0.03608309606868337
295.1,14049.105070198008,17790.508951422053,53155.53277155519,51.24886393562276,58.08491193844187,-1151.7069742958522,0.06573439079954324,0.005553207088420521,0.997169294593495,0.03607699650965407
295.2,14054.329881031339,17796.272823443654,53037.978702093686,51.240458753440436,57.907470030968035,-1152.5325468936953,0.05951155586968723,0.00562842094096945,0.9976198499596793,0.034370489698390655
295.3,14059.571793963893,17802.020853790207,52920.36235058952,51.26279459403598,57.45229957565942,-1152.7648720516556,0.06148185549565827,0.005681335683903054,0.997248958929551,0.04101484833063057
295.40000000000003,14064.836452657237,17807.779341442707,52802.64372826965,51.26700793644962,57.54302475981944,-1153.4983630019212,0.0636799588535525,0.005653893452329478,0.9970879943347026,0.04157436569377354
295.5,14070.1264758344,17813.51314369372,52684.82631289213,51.245553379170964,57.21346147979713,-1153.5089140953644,0.06237682833648815,0.0055677038792557735,0.997047375738861,0.044437174667654
295.6,14075.431873282236,17819.24667576777,52566.94131951784,51.30869197863178,57.301650631418475,-1154.3823978868306,0.058983834470318595,0.005535212019769076,0.9971748916637612,0.046179044321427026
295.7,14080.738989339106,17824.980872812186,52448.94065839739,51.230455470296,57.24019036471769,-1154.6558386554566,0.06235330252080471,0.005603401174209357,0.9969764415236056,0.04602871502614743
295.8,14086.034364392553,17830.694251925976,52330.86968854623,51.18633841054695,57.15743009568421,-1154.8117577823546,0.06392364003527534,0.005692824428373805,0.9970623682275971,0.04180901648022731
295.90000000000003,14091.304171917314,17836.419145391104,52212.68738023468,51.23971756604943,57.076328701646126,-1154.7583703755658,0.0646770786090239,0.005691260069360064,0.996723980470923,0.04822646385154195
296.0,14096.542761595067,17842.13124297397,52094.402664544425,51.18946306513227,57.33666293362726,-1153.3163577026621,0.06482240909376319,0.0056083834891531344,0.9969403571059257,0.04331888372786992
296.1,14101.754786032427,17847.837773515676,51976.04616359671,51.21920512222711,57.239671148124756,-1154.160901362422,0.0648459592931121,0.005551918341005694,0.9968333291899953,0.04568907508454594
296.2,14106.95203185655,17853.55110189252,51857.60228863356,51.28002496125709,57.09504239410491,-1154.7917570071625,0.0645601404429032,0.005632506961879552,0.996910865047581,0.04437330595527796
296.3,14112.151232161694,17859.246344714837,51739.04835338541,51.33802534233329,57.10085678481901,-1155.726329071493,0.06203214570670953,0.005682449520977177,0.9969948099019653,0.046055094126568975
296.40000000000003,14117.36812390121,17864.948996616946,51620.417182090525,51.27202047730979,57.03559444698913,-1156.11052927493,0.058423573698194994,0.00563796495385567,0.9973545706585246,0.042880762284046046
296.5,14122.611832895676,17870.639129167786,51501.7133809396,51.19929056211098,56.80862331769613,-1156.8693572189563,0.05447222671726042,0.005546360998117831,0.9978193673703737,0.03685816730019662
296.6,14127.884379203242,17876.323809034515,51382.908230685796,51.10365106712075,56.99740180329298,-1157.1077886003793,0.05519267057423393,0.005541800345796514,0.997833766934239,0.03536709105423168
296.7,14133.172685696862,17882.005777387698,51264.007789623145,50.88143751699841,56.77520281042484,-1157.4947233520882,0.058492697671215226,0.005635484556927688,0.9975990019963014,0.03664801289204967
296.8,14138.461178115185,17887.67001599766,51145.01972849058,50.79224519681563,56.58378364363353,-1158.2313535757942,0.057229904051318614,0.005678606027446024,0.9977589432406034,0.034199162259571085
296.90000000000003,14143.731024593339,17893.334054749695,51025.93788665649,50.89439139027589,56.45280361441905,-1158.237277486882,0.05498681357418735,0.0056120817945987285,0.9977346764361436,0.038346711824513546
297.0,14148.969442140817,17898.978091652534,50906.761338585435,51.01817658313702,56.47398191527069,-1158.1741559285515,0.05486084645994961,0.005543296871025655,0.9977222721865807,0.03885649197166659
297.1,14154.171814950334,17904.616937656294,50787.48987692711,51.23002378165862,56.65778400647204,-1158.9176344681214,0.053337934822993455,0.005606004931321161,0.9977806959179164,0.03946289739852666
297.2,14159.350805827242,17910.240574708347,50668.12967045134,51.19291102764278,56.75009502445848,-1158.7721146243296,0.05577493984446339,0.005698763346176901,0.9976662503239401,0.038970926935859615
297.3,14164.523979682148,17915.852389028423,50548.689045901934,51.01671878943078,56.76486692192764,-1157.4622913865783,0.05600530806206675,0.005654557491712595,0.9977735368160219,0.035768710881057535
297.40000000000003,14169.713339107202,17921.454999798385,50429.15515121167,51.00798525668784,56.43488000758945,-1157.377358322743,0.05787380412076515,0.005542126084800233,0.9977555315758788,0.03322358868013657
297.5,14174.93289410558,17927.042690838436,50309.53014019694,50.977765744631775,56.431816333999095,-1156.7198652705456,0.056025212162610014,0.00556704287081073,0.9978505013787944,0.03353446784873335
297.6,14180.185027350537,17932.625743063545,50189.81614200492,50.91231547204103,56.39844459818948,-1156.5827507992965,0.05854224516983977,0.005667000441326327,0.9976298014198182,0.03571372223007141
297.7,14185.45506410005,17938.194882108302,50070.01429343701,50.80744299214859,56.787810644901214,-1156.3584995889303,0.05681641158579803,0.005661257847512059,0.9977202805604486,0.035973424808831936
297.8,14190.722964023174,17943.76189070674,49950.105434628065,50.94536863528751,56.74436232699029,-1156.2813232473816,0.05653285571242309,0.0055571420297741946,0.9978163967347008,0.0336985579044176
297.90000000000003,14195.965581289041,17949.316800741835,49830.115384206656,50.75896324331266,56.45853289392428,-1156.7004739751603,0.057160271535205975,0.005554499314394164,0.9976098108210649,0.03842546354888884
298.0,14201.169628586147,17954.87006674994,49710.04101507187,50.65612393138869,56.30523316112052,-1157.1685353599025,0.05815687641653995,0.005670776572795958,0.9977052559905094,0.03420295582906144
298.1,14206.33675013748,17960.413597674422,49589.876634380096,50.82013372843178,56.31588012054962,-1156.8253778605708,0.061116140870289305,0.005683040131890409,0.9974930286152507,0.03521616452648986
298.2,14211.48615038823,17965.95467187791,49469.610372381736,50.83519513984448,56.40920972091104,-1156.7959284339381,0.06111189601610043,0.005555840953297375,0.9974417755719882,0.03666569432614879
298.3,14216.644529571988,17971.48532771343,49349.27533016916,50.73684090627817,56.38788871518802,-1157.314573048834,0.05937364217961112,0.005543497997061228,0.9974759603227114,0.03854541247112129
298.40000000000003,14221.830789483927,17977.010122044358,49228.84220954893,50.609418907594005,56.38464899034017,-1158.0182740879657,0.05470304992910012,0.005678245071669038,0.9977564471730733,0.03817598703277513
298.5,14227.055450553009,17982.5225440492,49108.32579217895,50.33224003653004,55.91864547599331,-1158.1404424665118,0.057252614157207046,0.005674871540230328,0.9976767155376587,0.036484315522668315
298.6,14232.303723211697,17988.025390223287,48987.72151177464,50.377334441034,55.88298786471372,-1157.3515970837946,0.05299124867645355,0.005543899540721787,0.9978890292777375,0.037130553304892816
298.7,14237.55136701383,17993.51233719398,48867.01134290369,50.46971986986188,56.282270187143354,-1156.3279904218464,0.05273943378587574,0.005573931880186419,0.9980935837444086,0.031570262836777906
298.8,14242.77067836084,17998.985923064618,48746.221149986435,50.375126449752685,56.12722152470203,-1155.8433917359876,0.05305428974498967,0.005710052794988843,0.9980794006835673,0.03146661036502321
298.90000000000003,14247.94765462149,18004.441688412902,48625.339655070624,50.266251306514974,55.99874943596201,-1154.9412114725928,0.05274437235713555,0.005660415716887684,0.9981736875101643,0.028901218675422245
299.0,14253.08609787431,18009.882295797554,48504.088467742644,50.170584421107286,55.62121179987643,-1153.5692863863007,0.05307707200164727,0.005537690594899232,0.9981928738370247,0.027625079757149996
299.1,14258.212499178386,18015.30498608315,48382.67959079493,50.15098613349624,55.637975437706736,-1152.7383216482754,0.05325559354620286,0.005636657691815287,0.9981078508289067,0.030212380902670945
299.2,14263.357740740532,18020.713103943246,48261.18839888758,50.003721378216575,55.50232541310042,-1151.8353966007946,0.05647903173331116,0.00575694307482384,0.9979927977280789,0.028059797999676624
299.3,14268.541855849304,18026.105661596615,48139.602893564996,50.3146594046507,55.41010079987766,-1152.5387134876003,0.05553013627831496,0.005625490967480866,0.9979451221228789,0.031468890152642065
299.40000000000003,14273.76227667084,18031.486538087214,48017.936569896265,50.19605845176228,55.391912427038264,-1153.227242165357,0.055034334319226184,0.0055620602339052005,0.9980858857081791,0.027655926708639946
299.5,14278.994305319095,18036.85548571058,47896.18136432489,50.18711913097585,55.31996920438213,-1153.560814426406,0.05348703385319448,0.005692137476746996,0.998189461856002,0.026917188191902714
299.6,14284.206078253603,18042.215620920422,47774.33407314511,50.00027414188894,55.16926635926182,-1153.861189531755,0.04853345531754312,0.005678632728760931,0.9984234555359793,0.027619925431943217
299.7,14289.371702413879,18047.566123646826,47652.39414642739,50.062369979191516,55.00409915235703,-1152.8029148247422,0.05183817286830006,0.005537501421343918,0.9982141649916008,0.029165402822626342
299.8,14294.49450590978,18052.9078358679,47530.36283501291,50.212614609461404,54.83793968764878,-1153.4930409613019,0.05585772650277156,0.005606035429221954,0.9979594812690453,0.030419738689309868
299.90000000000003,14299.436357843286,18058.240485747596,47408.250031531716,50.14654869815416,54.707281575253475,-1152.5962766215387,0.05383226238274621,0.005694113560145428,0.997966269475934,0.03365991066248935
300.0,14303.907491812697,18063.56166438207,47286.048275435875,49.96688888802957,54.6689812540654,-1153.037608546453,0.05342863639830761,0.005579996529811468,0.9980105069088872,0.03300412929938748
300.1,14308.423497336631,18068.87014722088,47163.766182884574,49.825279379569224,54.62816606437293,-1151.4190308526136,0.05220520215720691,0.005566271757300643,0.9981251729123638,0.0314606529670431
300.2,14312.979306655847,18074.16272293279,47041.39328125975,50.04406503429634,54.55166038619339,-1150.9614217143842,0.047694565258158635,0.005675070044676792,0.9983896330842179,0.03018546959687509
300.3,14317.544012594783,18079.437398554954,46918.93738702066,50.060883533563555,54.36960427907116,-1148.3229404030658,0.048045001520564616,0.005616652428014262,0.9984367066335157,0.02800489048739035
300.40000000000003,14322.07831420584,18084.692302020714,46796.383219197196,49.94175513633103,54.2117054954267,-1145.626381299629,0.05245127648450877,0.005567054011527501,0.998263314836973,0.026234057167683022
300.5,14326.562495476519,18089.926003772798,46673.74210320815,49.646535920618575,54.277311057062995,-1144.6724572213336,0.05283952909375167,0.005664152206136122,0.9982769841248685,0.02487899739726266
300.6,14331.01058270688,18095.138384127324,46551.012418564824,49.59926670961183,54.51748303025167,-1141.9763848562034,0.05202792496424335,0.005645133579124021,0.9982390873902801,0.027927618892586922
300.7,14335.462782437828,18100.211917100667,46428.19705922141,49.456710204377025,54.161754399250206,-1139.9923796924195,0.05438627068025718,0.005570301114514433,0.9981322308571493,0.027260869962596378
300.8,14339.95624952459,18104.82032512058,46305.30674583051,49.55409111020081,53.78340813517082,-1138.7148243563313,0.05574766299683461,0.005645815315974974,0.9980921341678842,0.02593095740630208
300.90000000000003,14344.499591029882,18109.407093431793,46182.31982311745,49.81168259694317,53.61472084684842,-1136.0877103400624,0.053456917539825226,0.005638337941691234,0.9981826814408987,0.027237870398642675
301.0,14349.063434936501,18113.972006412616,46059.250480893155,49.32106288584501,53.92655201392616,-1133.083611472717,0.05273906297015022,0.005576740245522027,0.9982388237174142,0.026584620150337045
301.1,14351.135469052417,18118.514940355653,45936.08715737247,49.32818681299532,54.31715198038048,-1130.8726662678885,0.05014703328997631,0.005634522497645991,0.9981092139168312,0.03509308055390434
301.2,14352.959258386765,18123.035181276908,45812.3272538144,49.56138010887081,54.1321871791415,-1130.233075103195,0.049604596812425614,0.0056406696040985655,0.9980704919277836,0.03691693330337994
301.3,14354.770262985321,18127.532686580475,45687.7857341582,49.84154215114907,53.876447690226925,-1128.5708868196677,0.05230019302078871,0.005584225060966128,0.997974689896356,0.03577743096882619
301.40000000000003,14356.58007258442,18132.00709170581,45563.15915415373,49.60786943563925,53.80811109719348,-1128.3395457426195,0.04788879630039321,0.005634445957613774,0.9983005409869298,0.03272531241796657
301.5,14358.398591142954,18136.457782050245,45438.44615859319,49.34272256130893,53.713370463610495,-1128.1340656154896,0.046704595270917415,0.005622548597956633,0.9985145415048612,0.027491419228197297
301.6,14360.226431199462,18140.884750372086,45313.66036728891,49.321125572611386,53.60356096729062,-1125.9241280757008,0.04776212423297214,0.0055835687210886945,0.9985041546974512,0.02602030555200437
301.7,14362.054382352,18145.28745862544,45188.786980894045,49.51992701580196,53.4128807135471,-1123.4338310979917,0.04654364320914351,0.005647755609449108,0.9984720300404192,0.029247176963946072
301.8,14363.869517389208,18149.66552974103,45063.826599076725,49.30977750419395,53.1625543278682,-1120.6756213225854,0.04618687038609374,0.005619362109648065,0.9984338906994669,0.031063832283603647
301.90000000000003,14365.667780532129,18154.018790082227,44938.779327239776,49.11477150697382,53.24918243526161,-1117.5378777392757,0.04584772789178737,0.005604821330925185,0.9984503146343107,0.031040957325039965
302.0,14367.456985628382,18158.346718707806,44813.64327425936,48.997590515102104,53.12568232859986,-1114.3442203700401,0.04707243489262812,0.005663049282463556,0.9985592879340314,0.025128951963497216
302.1,14369.250172738983,18162.649001307935,44688.4229051101,49.40365657399848,53.1271713529881,-1111.1199366487128,0.04534914215357738,0.005599706356815457,0.9986739303468333,0.023716649009932457
302.2,14371.054610877043,18166.925361502173,44563.11827322469,49.19826651473326,53.02174449948545,-1110.7780180357272,0.04670856033479063,0.005619952136010267,0.9985918508330383,0.024516157514731768
302.3,14372.863255853028,18171.17532672217,44437.730468390335,49.00318902833503,53.01509629311589,-1107.8784212047224,0.045479626098132095,0.0056529299561398705,0.9985512644389518,0.028196103990722164
302.40000000000003,14374.662686065598,18175.398608305954,44312.25925583478,48.91192619719819,52.958824157232655,-1104.3267788388634,0.04850102091347708,0.005590619791127526,0.9984742156305574,0.025799935303113596
302.5,14376.444071269822,18179.594913709167,44186.699491826126,49.04839984509524,53.065317244395935,-1100.7098940685319,0.048787111912843587,0.005655056305146334,0.9983817824151023,0.02866451798012073
302.6,14378.213219480385,18183.763733739474,44061.04892736052,48.98228284257353,52.935601465270786,-1097.0291997726392,0.050218493307295074,0.005628933145996858,0.9984112122572645,0.024929285600726353
302.7,14379.98459185842,18187.90476087475,43935.31662784124,48.72498236201671,52.94821666202044,-1093.2575670265492,0.0458437016705918,0.005609065326097929,0.998655057219546,0.023557803232280204
302.8,14381.767269943291,18192.017767986825,43809.501724901646,48.64356955082584,52.94604336832927,-1089.3613587263578,0.047847987169378735,0.005658879210772354,0.998539927900435,0.024424569566540422
302.90000000000003,14383.55507168571,18196.10240440594,43683.60994775767,48.61224615235447,52.887221023463105,-1085.4057152327648,0.04554580032623448,0.005596149218199967,0.9985784523435395,0.02711711086661016
303.0,14385.332290107886,18200.158194453896,43557.6367205712,48.65302407818207,53.020081097967996,-1081.384754924803,0.04453891782839303,0.0056433835983247345,0.998536796641949,0.03014469724964286
303.1,14387.090664540687,18204.18497818518,43431.57666871036,48.73734787419092,53.02346162321671,-1077.2969854870767,0.0460932642390994,0.0056362104255807885,0.9984959829011032,0.029144746596648844
303.2,14388.838264459835,18208.182551472866,43305.43564426969,48.47047079665017,52.948412067927,-1073.1439707077475,0.04729862925729273,0.005611843061130246,0.9984844798641771,0.02756973627371315
303.3,14390.591279313285,18212.858579704654,43179.20146729501,48.3010482503952,52.91603206097067,-1068.925674619342,0.045812789348857394,0.00565342593335905,0.9985662144236671,0.027106134340406624
303.40000000000003,14392.3248692137,18218.286334919158,43052.89095725086,48.20080069007419,52.802387607547,-1064.6425382074556,0.04384631160630815,0.005611300670376674,0.9987303446150109,0.024160153320928218
303.5,14393.703164996548,18223.709377693685,42926.49531995823,48.10753393523985,52.60779863185335,-1060.2964456709392,0.04406981703534983,0.005649043187240314,0.9987748595938652,0.02178805592048988
303.6,14395.071197583095,18229.12559792928,42800.02153868285,47.8784269390882,52.25579187605739,-1055.888686588208,0.046067425219899184,0.005626399583589042,0.9986447969188095,0.023552187760901604
303.7,14396.428909639983,18234.531750870614,42673.46250657949,47.77527555792111,52.04634625865524,-1051.4208008388734,0.04574833825987319,0.0056378366807587794,0.9986386640878564,0.02441562886437167
303.8,14397.776237887832,18239.926615445456,42546.81084958929,47.88252386303123,52.13150497549976,-1046.8949071850277,0.04454030361837011,0.005647005837500464,0.9986799733015128,0.024951625300655273
303.90000000000003,14399.1131198402,18245.30839340689,42420.08299793436,47.55045064554696,52.545200627672436,-1042.349448529408,0.04353098534711471,0.005629867924809284,0.9987942019864466,0.021988632975143044
304.0,14400.439525892885,18250.67716882478,42293.27483521536,47.444842660105735,52.5726994820857,-1037.8792199935547,0.04364106155714058,0.005649764988724157,0.9988081101726087,0.021116272283714876
304.1,14401.755454803986,18256.030288149297,42166.38815035873,47.55378408551716,52.759548027214215,-1033.3510721564664,0.04504101634300926,0.005621295797598132,0.9986908588454342,0.02358551120739159
304.2,14403.060935599093,18261.369210312143,42039.4248423729,47.59293040139338,52.83579307691974,-1028.767203221449,0.04445265151385927,0.005648657131185097,0.9987464228395284,0.02230778588851086
304.3,14404.355931258764,18266.69455051366,41912.376701324356,47.29943256445654,52.575285830668925,-1024.1287773459242,0.0440831759212633,0.005627448011816293,0.9987439579696545,0.023141128941305773
304.40000000000003,14405.640488991467,18272.00688729544,41785.24152373834,47.241523572360414,52.66869617069381,-1019.4317284631057,0.04317865628046021,0.005644826262345134,0.9987901698800715,0.02284592150077383
304.5,14406.914677548402,18277.306683070183,41658.53223374767,47.60270180215043,52.73836281726328,-1014.674468810306,0.043497055412471695,0.005631649259105029,0.9987407985924541,0.02435380717616337
304.6,14408.17848915403,18282.59476666631,41532.64256914797,47.21681331408233,52.49630062611242,-1009.8592905442877,0.044837749663969736,0.005641832610175533,0.9986959651186827,0.023751109143210256
304.7,14409.431964248617,18287.875000094577,41406.66934557774,46.893582455783246,52.37175304189437,-1004.9875721940357,0.04491828885657557,0.005639622222893107,0.9986994118686947,0.023452648475248205
304.8,14410.647362602327,18293.14911695486,41280.60784728226,47.254528862393265,52.36973532555189,-999.9676165944079,0.045230836198882116,0.005641494492804648,0.9986774612193056,0.02378389053961028
304.90000000000003,14411.63943623337,18298.421138653935,41154.467520301296,47.26258495043438,52.242248175199315,-994.8549940803001,0.04166952309001454,0.005641849313593024,0.9988735762357106,0.02198633848223293
305.0,14412.623245772547,18303.689133362186,41028.254541549126,47.15493210303977,52.17167785909492,-989.6927470674754,0.04013219378281814,0.005634375857313204,0.9989689458298028,0.02046230921888235
305.1,14413.598822421947,18308.962796836746,40901.96298435087,47.091579206677565,51.94619038555248,-984.4811511660383,0.04308833697466975,0.005635764505388662,0.9988080035881253,0.02223072971139021
305.2,14414.56622666465,18314.233293549732,40775.58927420327,47.09740887596805,52.04915754678301,-979.215384661956,0.04394831816803389,0.005631569397608712,0.9987040704947333,0.025040174391803796
305.3,14415.525520422296,18319.51325213417,40649.13188585285,47.113551546340574,52.05096755900013,-973.8959615027989,0.042646391038060574,0.0056363395386054334,0.9987804783238724,0.024229591972852082
305.40000000000003,14376.745302090387,18326.63252767544,40536.22813360159,46.87307085992092,52.139157165884605,-969.8673863044518,0.04108041130474785,0.006031793369213377,0.9988762149746415,0.022854418253755115
305.5,14380.224114482682,18331.08311171519,40409.65751826962,46.81504724422081,52.12425223054433,-964.5744257573964,0.04194166708183927,0.006036713910149139,0.9987927464703642,0.02484963270855265
305.6,14383.713812393042,18335.531404702568,40283.00877657214,46.680156240870055,52.22374919455626,-959.2321286065124,0.04297676842266834,0.006034000995318869,0.9987377879050918,0.02528673997131075
305.7,14387.217893566763,18339.28023429454,40156.28074977497,46.45608433357542,51.968540586247265,-953.8427216698318,0.04076515527292155,0.0060340389763482915,0.9988777513073309,0.02334588684150776
305.8,14390.4262782828,18342.864406819772,40029.46922409306,46.59732591687064,51.4036922671083,-948.4083252433447,0.040512619152172615,0.006028919005671231,0.9988966585657147,0.022974884794139012
305.90000000000003,14393.019681416012,18346.437286363154,39902.582164735,46.57637427036798,51.655714208974196,-942.9310003116611,0.04216370304496667,0.00602718023584578,0.9988478601061569,0.022109898355526916
306.0,14396.278734972928,18349.99740622925,39775.618654859776,46.65218075320312,52.029977791144326,-937.4128625381139,0.040849182592904994,0.006029179517459951,0.9989161528082657,0.0214828521051413
306.1,14401.138973045474,18353.543741859645,39648.58303362523,46.68322432689527,52.03560633503805,-931.8530145825251,0.04328219338632392,0.006020979801588749,0.9988075644265845,0.02176806794670213
306.2,14405.982313096803,18357.07406986869,39521.46919114771,46.43646095478999,51.98110430301245,-926.2530429820749,0.04146610512706922,0.006026972900318164,0.9988770204387388,0.02211189188371263
306.3,14410.808007526859,18360.587412267716,39394.273414192176,46.257606741310944,51.83251959994665,-920.6114686564355,0.04067322530748899,0.006024839076158821,0.9989259119113024,0.021363814485375787
306.40000000000003,14415.615044216976,18364.08338360434,39266.999010749016,46.154488904900965,51.76562278134434,-914.9294960006814,0.04221295195138453,0.006032372456970926,0.9988562531013976,0.021630136622942737
306.5,14420.406412726867,18367.562304307274,39139.650092739066,45.976514662483766,51.5977858487898,-909.2095333958412,0.0431925050835215,0.0060235728965664145,0.9987805065652376,0.023143547253107355
306.6,14425.186387406224,18371.021825473308,39012.221571818896,45.875466815548805,51.623821260354966,-903.4540060552339,0.041446542386708585,0.00602623012202255,0.9988486624659457,0.023392694686471434
306.7,14429.96091901023,18374.463425665042,38884.71381498933,45.87724511016533,51.73098982547297,-897.6641443130137,0.04170465334795276,0.0060247209959542,0.9989020910433011,0.020470396561098163
306.8,14434.736439557602,18377.88710371309,38757.13337177213,45.642630675670276,51.800750259990686,-891.8390383811648,0.04185995547074654,0.006024629462843248,0.9988835776028238,0.02104866654222862
306.90000000000003,14439.51484484972,18381.29571732907,38629.47950343698,45.75198638247503,51.60339522546307,-885.9762644602885,0.039426385344031055,0.0060256901421593175,0.999007928044689,0.01980936396939894
307.0,14444.297258784507,18384.689847783276,38501.75497532676,45.57610582207068,51.72538110040961,-880.0764904795114,0.04020933447213029,0.006023716325578416,0.9989569456834975,0.02078328495775145
307.1,14449.082669840696,18388.071105717023,38373.95361845326,45.3386054313871,51.760449786287936,-874.1392917875513,0.040991792459623734,0.006024676088036939,0.9989164530269741,0.021196605883734593
307.20000000000005,14453.864248405083,18391.441785958177,38246.07371117551,45.05324737877595,51.58949878708834,-868.164109017945,0.03936768865391079,0.006022534824225288,0.9990326385077155,0.018646752013473107
307.3,14458.636777062784,18394.803944663,38118.11895411057,45.29483281358295,51.400241681503225,-862.1530170525226,0.03831408085075226,0.006024238422424378,0.9990659832492543,0.019049957327831903
307.40000000000003,14463.393776990732,18398.1591143415,37990.092775209116,45.211744099698414,51.258767725317504,-856.1082671947217,0.0402974172252672,0.0060234099470018185,0.9989579408320348,0.02056378239050573
307.5,14472.841857076954,18418.092235955704,37876.69941877532,45.38148868460025,51.02122519715812,-853.1627112151496,0.041604573968509674,0.006405425677816077,0.9988987230666376,0.020721269329500632
307.6,14477.758815306584,18422.357121649744,37748.573650762555,45.55983819675871,51.20431115715086,-847.0711905922042,0.041466630869039484,0.0064050208101978645,0.9989107358819833,0.020416561231178347
307.70000000000005,14482.655398513984,18427.198034588197,37620.381067678085,45.31786223771613,51.19701938944779,-840.9518478526749,0.041356184353598384,0.006408695764074193,0.9989278114219082,0.019794499290236134
307.8,14487.541540562515,18433.3074751368,37492.121411612345,45.366320903330234,51.1546983278563,-834.8064448276991,0.04026133400463309,0.006409736730944066,0.9989890717618294,0.01894135052327921
307.90000000000003,14492.428141294558,18439.438682575295,37363.59576210916,45.19769230812523,50.99183529827501,-828.6352038489156,0.03956555909717898,0.006402534085232564,0.9990122732717892,0.01918467990212762
308.0,14497.32384782948,18445.55646253589,37234.24271473879,44.89188055852192,50.83776031400021,-822.4369242532116,0.03902817416803636,0.006402327058322372,0.9990226386390675,0.019737763702683
308.1,14502.23578002332,18451.64222179722,37104.816115646405,45.03440411914796,50.6056800135363,-816.2143738986315,0.037646802685452424,0.006406050255944957,0.9991030748510059,0.01829553472698604
308.20000000000005,14507.16012132409,18457.71362849533,36975.318436904156,44.76572816900403,50.53743978743093,-809.9701844448537,0.038834555585462845,0.006410320884103012,0.9990218715406337,0.02015155731182756
308.3,14512.091938020361,18463.80079614466,36845.75038455923,44.88444704214779,50.413598435591595,-803.7066049139491,0.040298136128249985,0.0064146271492143475,0.9989970159833054,0.018435694713713112
308.40000000000003,14517.018980870338,18469.90732955423,36716.11150278507,45.02817987048522,50.35236088299488,-797.4259025134786,0.03975813183506294,0.006415950380434656,0.9990206226377664,0.018328177163896262
308.5,14521.929259876071,18474.299026262073,36586.40251448796,44.748147048012235,50.05496240756154,-791.130306727488,0.03769328827101075,0.006413169619402365,0.9990848319234567,0.019172529703450465
308.6,14526.813719314558,18476.64204110913,36456.62863577869,44.772506450240584,49.8067190286934,-784.8214923354909,0.03917305254990662,0.006412545874808618,0.9990115934887887,0.02000468156000256
308.70000000000005,14531.67060246762,18478.952954600096,36326.78639750594,44.97048759383019,49.781727401233034,-778.5000777970905,0.03686525174854005,0.006408999173982008,0.9991192984782109,0.01898697847242711
308.8,14536.506306678006,18481.267200861013,36196.87242510886,44.85211040382809,49.46538305379769,-772.1658956407446,0.03753681307536473,0.006409828801447381,0.9990990674054534,0.018733800159997357
308.90000000000003,14541.332822319677,18483.60485762924,36066.8893331076,44.51950404258787,49.21992671146451,-765.8213170835467,0.0383163806941806,0.006417409286895207,0.9990630576471561,0.01907036112029045
309.0,14546.163190198487,18485.94276580851,35936.83946568728,44.63305869382358,49.05962529698548,-759.4687285133325,0.03756942577963693,0.006421836599918137,0.999087552123716,0.019270740844954403
309.1,14551.00788916428,18488.2471514873,35806.72208070341,44.394611126141974,49.05712735179594,-753.1104158816407,0.03820779370531928,0.006418398961835488,0.9990748005615098,0.018668463726772517
309.20000000000005,14555.870285710604,18490.517456641024,35676.53723323076,44.13462348554157,48.93089670956356,-746.748563595732,0.03766210255581915,0.0064197632158318136,0.9991019572216787,0.01832025510571596
309.3,14560.743308604042,18492.790245630058,35546.29140050096,44.10527367984792,48.91126856948603,-740.3853122652953,0.0383034006029869,0.006420334203546441,0.9990723986548901,0.018600297226825827
309.40000000000003,14565.615272983581,18495.087457395028,35415.98023226957,44.09101046122906,48.72201873988102,-734.0216758515867,0.038321504102909,0.006418875780357905,0.9990397429231985,0.02024481209980681
309.5,14570.357803764418,18497.386172962666,35285.599645313654,44.21476783554087,48.8192875012118,-727.6576414063338,0.03865047271465864,0.006421600177449735,0.9990016089900148,0.021463672692621765
309.6,14572.528636244795,18499.65088091131,35155.15402760141,43.97377338917225,48.65381350696146,-721.2939346842508,0.03872664964379728,0.006421962269974652,0.9990590808081358,0.018437951696766656
309.70000000000005,14574.684233248337,18501.886880761696,35024.64436484264,43.68863878178536,48.31155185298588,-714.9325930410412,0.03765169252099337,0.006424053324112799,0.9990975930560151,0.018576359677573415
309.8,14576.824809529919,18504.13283176293,34894.06910696865,43.593603270710595,48.51927015536067,-708.5755976745263,0.03656478285294869,0.00642529064863703,0.9991452832360995,0.018177878920592465
309.90000000000003,14578.950555027292,18506.403478661578,34763.43401372179,43.55706296535064,48.35641396746584,-702.2249976431225,0.03795817792646535,0.006425874451077317,0.9991011355413769,0.017742768272537048
310.0,14581.061615965931,18509.463338600963,34632.73923412244,43.35376807193224,47.8958526493771,-695.8828265211672,0.03932600738568357,0.006429241988221482,0.9990200935852838,0.019260908685965104
310.1,14563.268633534577,18514.967418498258,34511.13561707739,43.499049976000826,47.98672813293238,-690.397265508603,0.03910425384322405,0.006812670309267496,0.9990382366434141,0.01862918621517404
310.20000000000005,14567.463884199817,18519.653244027795,34380.05436526828,43.5643612382042,48.51940613276063,-684.0267211865913,0.0369527757245622,0.006804687138216147,0.9991614622012124,0.016265332801272132
310.3,14571.64933778683,18524.392994805534,34248.913238910856,43.355417608226034,48.165856860017804,-677.66757169254,0.03713356607823546,0.0068062115957814515,0.9991400782057562,0.017142866651244298
310.40000000000003,14575.824320121124,18529.163165191258,34117.70986176154,43.63776415378324,47.74908736427972,-671.3216732678995,0.036917084049556854,0.006816137064723699,0.9991094314948337,0.01926169979163538
310.5,14579.98703302681,18533.88283242131,33986.447049611466,43.7278454045252,47.76474446907196,-664.9907955846003,0.03679993962548613,0.006818739907743057,0.9991025215583816,0.019834834138828618
310.6,14584.134518396884,18538.97585315718,33855.129718768796,43.4278672411431,47.62712116273696,-658.6768922975111,0.035657819459491834,0.0068188811604737625,0.9991709841217902,0.01842192335796437
310.70000000000005,14589.352168925061,18552.784062410512,33731.353853114335,43.445123153054745,47.624191052391346,-654.3259244291346,0.036295566174035815,0.007206484372445454,0.9991558259530596,0.017841914783877144
310.8,14593.160688588761,18558.800714905006,33599.65707079558,43.16057203159201,47.326405445179276,-648.061631470373,0.038305760927203385,0.007195580115335276,0.999068362870604,0.018528319342101772
310.90000000000003,14596.948629334855,18564.780327365625,33467.90534147212,42.79529824936691,46.99484832805282,-641.818432399869,0.03857028023127331,0.0071988018462254555,0.9990545853736424,0.018720207764853922
311.0,14600.715080367778,18570.684528043093,33336.09294409627,42.55281407477317,46.86975312727597,-635.5976785030892,0.03687822485792486,0.007209961495623563,0.9991322773817976,0.017963999566430102
311.1,14604.459370000137,18576.61096242374,33204.22428473084,42.32867782295444,47.1297066541848,-629.4005774857585,0.036045298948297826,0.007211458765802968,0.9991589079733264,0.018171623585878788
311.20000000000005,14608.180721513394,18582.608065290722,33072.30521449428,42.227082529128104,46.980739255850985,-623.228353409904,0.03611642258927219,0.00721270559786092,0.9991646654952139,0.017707403060556886
311.3,14611.878284227343,18588.58089444063,32940.329694360495,42.33003014241958,46.741347480146786,-617.1158862414559,0.035697030675290405,0.007214448149491606,0.999197585050501,0.01666912619523233
311.40000000000003,14616.655304277832,18560.529854880897,32819.47486001362,42.21999015868181,46.31618134056098,-613.6019671496473,0.03489481134949613,0.007803396871242478,0.9992033309983644,0.017724628625897403
311.5,14620.64471274107,18566.123884013836,32687.711541803714,42.17853820306855,46.29360393164451,-607.6280792774953,0.036216516536062685,0.007756060690333804,0.9991527876191896,0.017941974399809955
311.6,14624.61315266859,18571.721284810632,32555.893232919872,41.93387668656474,46.13484808906619,-601.7513331663478,0.035889407170408304,0.0077697827574568674,0.9991662923601039,0.017840996054654328
311.70000000000005,14628.557155644557,18577.304004353853,32424.026594776224,41.86038245814012,45.88541698124844,-595.9685939939121,0.03514302648920368,0.007821023890219644,0.9991852842890238,0.018236417815747377
311.8,14632.474643596835,18582.863109016573,32292.11096522444,41.87002367127833,46.11279479179573,-590.2764070675446,0.03528146773343952,0.007787116773031245,0.9991994872195857,0.01717450398277866
311.90000000000003,14636.365287585084,18588.41692908992,32160.14312072772,41.494824559436154,46.1356026968031,-584.670201668858,0.03528292750978668,0.007768930719370503,0.9992204225428124,0.01591558717673308
312.0,14640.230365922944,18593.97348383955,32028.126762833686,41.13411631843891,45.798515207474914,-579.1457486796639,0.03528230638236694,0.007813436331169748,0.9992134962384981,0.01632476657953567
312.1,14644.072468997108,18599.509250090403,31896.0597128996,41.07436790225006,45.41708884601912,-573.7004118268426,0.03534685030232967,0.007800347221053485,0.9991883593991672,0.017674195827148506
312.20000000000005,14647.893295855141,18605.02455953113,31763.946463048214,40.89835376337516,45.48722697522019,-568.3322472852085,0.03481481134509783,0.007761421944969107,0.9992016595451483,0.017992576319670377
312.3,14651.69374201603,18610.53847912815,31631.789943411557,40.66029847291976,45.34973332409693,-563.0390097922425,0.03601906919113437,0.007802804916608051,0.9991726072263483,0.017200112166475108
312.40000000000003,14655.471923744086,18616.047828870567,31499.584724497865,40.70142918431715,45.24500129046908,-557.8188909049823,0.03398930842146732,0.007824650007948358,0.9992676492312964,0.015737438325284077
312.5,14664.35043075713,18631.054008168925,31382.048013931453,40.50034675502299,45.2534138964885,-554.384407307484,0.03483537949154696,0.008329739974492264,0.9992109707338713,0.017162392977429955
312.6,14668.480586514523,18636.623004559908,31250.074281313704,40.2564165071178,45.128625719598,-549.2595126232421,0.03557949612307148,0.00833858598894669,0.9992023103343346,0.01610311963134099
312.70000000000005,14671.551665640945,18642.207922538906,31118.059446274074,40.238539531825225,44.88505060338672,-544.2013680414843,0.0344574624764919,0.008409988733172336,0.9992386802307177,0.016248547626247837
312.8,14674.030283330625,18647.774022100544,30986.006229584436,40.07724667055667,44.75133447332616,-539.2074338509864,0.03433982297095416,0.008344270994029691,0.9992599477721705,0.015189024927914685
312.90000000000003,14676.482548346297,18653.29964917922,30853.909371690614,39.912051230643954,44.757191401290726,-534.2760882212276,0.034354923046373206,0.008342673164885326,0.9992278245021646,0.01714333128691778
313.0,14678.908421817023,18656.71293557626,30721.773830236874,39.69099616176567,44.34006069805554,-529.4063223075588,0.03522664145416008,0.008412402902409155,0.9992003103054634,0.016942700337703162
313.1,14681.308135482008,18660.115658609233,30589.597574745203,39.46282782055798,44.000640139269414,-524.5966703465355,0.03406695567284011,0.008364790600661172,0.999248614177362,0.016482714400643975
313.20000000000005,14683.681901091819,18663.50544372589,30457.25328904379,39.34512588235241,43.8997308814339,-519.8460008172561,0.03393259698614996,0.008337560618850319,0.9992565139419868,0.016293657944441292
313.3,14686.029911425267,18666.884303638482,30324.844867159998,39.18720317769075,43.687797629870296,-515.1530892168144,0.03374804903468716,0.0084006067466615,0.9992465069487702,0.01723128965926986
313.40000000000003,14688.352567585971,18670.250315393427,30192.400172710455,39.00904696317065,43.38051120861871,-510.51707685511633,0.032603544279404206,0.008364970244818174,0.999304467754281,0.016050448578078653
313.5,14690.650213691793,18673.604881913347,30059.92016303215,38.758369738352386,43.30000939446995,-505.936120344919,0.03373435219754369,0.008357928210841546,0.9992499567025815,0.017078130685866638
313.6,14692.92310799179,18676.94695385396,29927.406576380716,38.40449236594839,43.38235996534616,-501.40880916496377,0.034345705971678325,0.008407172490341714,0.999227859975486,0.01712821592680518
313.70000000000005,14695.171792685373,18680.27666088988,29795.44976119128,38.40570887244001,43.13726021454356,-496.9340735316294,0.03380617078404584,0.00835314326261958,0.999268875239881,0.01578235696520936
313.8,14685.40042077293,18621.512610403013,29681.545817883158,38.25311168412566,42.76582290572507,-494.77426065700456,0.032946493967003575,0.008923519331571069,0.9993015800762162,0.01520695219953206
313.90000000000003,14688.764870459598,18625.957585368298,29549.69839877995,38.360982771796856,42.22101433910045,-490.385376590148,0.032805281403812614,0.008988168396204177,0.9993083060780505,0.015031159114169945
314.0,14692.101134122066,18629.22169674454,29417.822931627314,38.00994960636973,42.04008212722362,-486.0467167327166,0.03304509343151848,0.008906542058023386,0.9993032370490798,0.014890793528271431
314.1,14695.409267358998,18630.84182634518,29285.922273912856,37.782128622640364,42.24534720490777,-481.75739435329984,0.034909802883421055,0.008945258196364153,0.999223060604233,0.015955036043529384
314.20000000000005,14702.17672524293,18535.59054342878,29171.805869964395,37.45023157654357,42.23175462079168,-480.92030996766516,0.03319751788865598,0.009531973266032213,0.9992650751574143,0.016624556004156216
314.3,14704.73466494401,18538.47189714369,29039.829441219554,37.30533159071544,41.74608876459248,-476.71333066623924,0.03317366780947488,0.00943367728756809,0.9992562317328159,0.017248096707569376
314.40000000000003,14706.481957347469,18541.32473652444,28907.82766686459,36.94665114771016,41.48657629435679,-472.5536165144382,0.0342900208198793,0.009531239899192486,0.9992290744237353,0.01657126321200365
314.5,14708.219995215397,18544.149390248083,28775.804847270636,36.65959149459796,41.66875853303445,-468.4402332443568,0.034590767678742376,0.00949620663614454,0.9992279892371766,0.016022683169419308
314.6,14711.374354643893,18558.814542945842,28661.48951314076,36.7771836258523,41.51267081068103,-467.3798266781202,0.03245610826882617,0.010002969647455211,0.9992929069028871,0.01613157921135572
314.70000000000005,14712.537582708293,18561.9246535564,28529.400691003644,36.47205891987629,41.07257290892975,-463.3034411532802,0.033603972416278764,0.010099195077478291,0.9992506694810627,0.016336426729276442
314.8,14715.269546404876,18590.5833910427,28398.69222505705,36.3057906051154,40.641108792900695,-462.45052188257006,0.03238243710566386,0.011781044683891979,0.999275212179772,0.01617513759834875
314.90000000000003,14717.636917802334,18593.11593304064,28266.652337063573,35.927963919327304,40.4005323077254,-458.4358652169259,0.03384144807170604,0.011793929280989685,0.9992279585047387,0.016098029909816874
315.0,14721.239978049869,18595.624313478944,28134.595545436838,35.580621826863265,40.019031673189154,-454.46459860302144,0.033792092233435995,0.011827647561999381,0.9992209787076887,0.01660231809372222
315.1,14724.817238847912,18598.108831550267,28002.523171296838,35.552115289729066,39.75400192905668,-450.53637287316553,0.03346025353493113,0.011859313721167976,0.9992567621395129,0.015023029983933083
315.20000000000005,14728.368445398657,18600.56985946055,27870.436198943156,35.431320856175645,39.39137457091914,-446.65055360549917,0.03211140562188799,0.011977843710301344,0.9993021757223157,0.014850942249040643
315.3,14732.362761580012,18603.007852251365,27738.340496085853,35.2154462587806,39.42689899544459,-442.8067441896028,0.033184518702941715,0.011922741195622887,0.9992779925452492,0.014146716070284018
315.40000000000003,14736.736042816783,18627.96351668537,27608.1509664903,35.148695035860285,39.39070381877798,-440.32170726208113,0.03306660046641684,0.013794414787544954,0.9992570018484763,0.014204165271417376
315.5,14740.417438780352,18629.865924888778,27476.12090463121,35.00915859996034,39.173259132217986,-436.53606238187274,0.033265655244878,0.013608812974345416,0.9992456903677295,0.0147053280166658
315.6,14744.80426208429,18631.750923911284,27344.083842263193,34.78908974434386,38.82136339115192,-432.7913495973882,0.033121988333370406,0.013504212951732581,0.9992598029321111,0.014156848712782406
315.70000000000005,14749.150849551239,18633.61860323766,27212.043731757716,34.56635477833302,38.7819184286591,-429.0862794970654,0.03289336686098591,0.013624239026521573,0.9992484376672195,0.015328612041463966
315.8,14753.479277361574,18635.46916208477,27079.998412358116,34.33645841621822,38.60863658479511,-425.420086148961,0.0320205954788624,0.013751668904493178,0.9992821213575026,0.014859845314461495
315.90000000000003,14759.912456471697,18657.4349396794,26950.300595993456,34.3035875768678,38.43265837149216,-422.7672902220323,0.033087709190464436,0.015782574122060647,0.9992151847225188,0.015004281873910558
316.0,14764.58629469976,18658.78303643689,26818.34011699716,34.04733585295297,38.349376397082246,-419.16778720513,0.03329690196875348,0.01573817592085117,0.9992014367496658,0.015495642463980419
316.1,14769.214468053467,18660.118689630468,26686.380861385373,33.72859283985822,38.208353061719045,-415.6059343169752,0.03304361873181509,0.015575543967174142,0.9992104212657584,0.015622282968209254
316.20000000000005,14773.820935100848,18661.442082644862,26554.42392075631,33.57401138517743,38.03773038760805,-412.08172925151456,0.03274258813342451,0.015354893119885353,0.9992351291657166,0.01487638466750606
316.3,14778.445076311978,18662.75327307814,26422.4726265798,33.36126323223077,38.02487869434766,-408.5945838565397,0.032552935641227104,0.015321220913199715,0.9992396126945962,0.01502541156909116
316.40000000000003,14783.062945121781,18664.052325497956,26290.531567966595,33.400193914380864,37.73542371488889,-405.1437173280138,0.032072651344188484,0.015535701759789477,0.9992568163231074,0.01469020212225547
316.5,14787.63436768275,18665.339498905487,26158.59967826748,33.299122300205255,37.52475744975978,-401.7291771635199,0.0333886773312783,0.015739826268512534,0.9992104857586482,0.014692149096407193
316.6,14797.197409881,18602.41664815902,26029.641144763576,33.110857575659026,37.34520070298317,-399.64865149099194,0.03315157172686472,0.017712080563133236,0.9991807313670145,0.015004051420926121
316.70000000000005,14800.718435402243,18605.03347262471,25897.825930629526,32.766103094482865,37.152975451022606,-396.2981195310458,0.031677515571209645,0.01750866070275374,0.9992351790345647,0.014799959033497723
316.8,14802.192485490521,18607.87255002866,25766.02744785297,32.45469651934689,36.9517343364265,-392.98137307997695,0.032460006438807434,0.017216767870011765,0.9992085615193885,0.0152375021725065
316.90000000000003,14803.665646719975,18611.063227926497,25634.247842184588,32.21109633836331,36.66925905952946,-389.69855254446907,0.03228162871280817,0.017127759479815197,0.9992141152467187,0.015352139739042005
317.0,14805.13725760571,18614.251159003554,25502.492140591687,31.95557690464303,36.54435580569797,-386.4493158035225,0.0313989913796064,0.017394220193655822,0.9992491687419731,0.014582291063958685
317.1,14806.720157289863,18617.41193949364,25370.760584392658,31.645716068394616,36.23931410025091,-383.2338526460067,0.03138980396600528,0.01764721825715398,0.9992539429826054,0.013957554530643861
317.20000000000005,14808.07113699686,18645.29785586023,25248.486637451348,31.409200576706613,36.06359018427614,-382.55013876387414,0.031165238065632664,0.019883358769083294,0.99921337718069,0.014352938498181792
317.3,14809.529773184659,18647.31870099042,25116.75888626888,31.06750973391534,35.9080375472072,-379.3465398816486,0.03146306674940104,0.01969543358966333,0.9991994201140929,0.014922606008950061
317.40000000000003,14810.98028965632,18649.318853352546,24985.0630760022,30.94698674581409,35.71075235079945,-376.1782209412719,0.03238495517157273,0.01939911431365414,0.9991764821067874,0.014874362073228186
317.5,14812.421016222015,18651.298334796997,24853.399756939336,30.701508203175372,35.60413551150297,-373.0493006733578,0.0316300749939378,0.019407104200556385,0.9991993188215703,0.01495406061698776
317.6,14814.780172683446,18653.257110077582,24721.77385008627,30.772912234854925,35.44056250618533,-369.95963705115025,0.03163313454007808,0.019692677023209586,0.9991999414128316,0.014526539554295746
317.70000000000005,14818.211570964711,18655.195184245567,24590.186679326638,30.575258999704385,35.21847979893855,-366.90877105975244,0.03140695255038787,0.019892658574174826,0.9992079215175982,0.014192076762420937
317.8,14827.312170977146,18669.044907739426,24463.747681349614,30.478945763775013,34.99414436224083,-364.76498868046,0.03128159431730263,0.02014560606251325,0.9992148066674793,0.013615672947521392
317.90000000000003,14837.3593935768,18682.09598870871,24337.07367893546,30.320846330262174,34.77605630987528,-362.3168130253827,0.032317147264805716,0.015532130175882976,0.9992513053233222,0.014532162072486277
318.0,14848.38742063965,18694.361393062576,24210.166799991464,30.137345934679807,34.79058789238629,-360.3252408431777,0.031307551250815385,0.017199687486948445,0.9992539777075584,0.014679782718122258
318.1,14860.438883542443,18705.85416183399,24083.026788166742,29.89109801669157,34.784195263551744,-360.09484673173125,0.030701724792548016,0.019253026527384115,0.9992417429496178,0.014236018098768293
318.20000000000005,14865.813990445118,18706.1850909582,23951.111426352196,29.646959269497078,34.542864562773225,-357.18943379993317,0.030522365897363037,0.019585002528561407,0.9992394260798224,0.014331162676177869
318.3,14871.216808244932,18706.512621890553,23819.251201466537,29.587224057375355,34.15056565788638,-354.32027428634575,0.03028532492927921,0.019604994832262173,0.9992484237017814,0.01417854015969706
318.40000000000003,14884.925381635441,18784.058129188074,23750.50919775908,29.514175039957717,34.306515869866416,-355.57901147867403,0.03195221383231664,0.013755984818540783,0.999296926159699,0.01398149779755418
318.5,14890.3181224302,18785.975251713382,23618.39067894519,29.48911449853708,34.01040219187039,-352.71865616603833,0.031037047870021713,0.013654559211629934,0.9993317945952407,0.013646207652887874
318.6,14895.694481361983,18787.881154919305,23486.33556644036,29.336492519054993,33.90248593562133,-349.8957132122367,0.03070316265804191,0.013729261939612582,0.9993429661501434,0.013507745023525539
318.70000000000005,14901.060133858857,18789.775745380393,23354.348700865095,29.25213938616446,33.751007202568815,-347.108673057052,0.03133800559924787,0.013865967816957755,0.9993178391656097,0.013766650534442164
318.8,14906.425040770382,18791.658884460605,23222.434120137204,29.095918639795048,33.6376250423872,-344.3711469682847,0.031854301914464776,0.013880908625217238,0.999301996054359,0.01371657781863158
318.90000000000003,14911.758685595389,18793.53052465977,23090.59308393996,28.855103106076577,33.54377630513286,-341.72955688562735,0.03097516652571638,0.013766141612831947,0.9993375724643424,0.01324570363834298
319.0,14921.074491215932,18698.525010085756,22989.219997555603,28.589540245860967,33.29986549460475,-339.3443859594036,0.030574325730075923,0.015476372691843104,0.9993236364196246,0.013340246905972658
319.1,14926.38555872148,18701.019575654467,22857.347845388816,28.45630262814246,33.16053279049356,-336.8856645393732,0.031123114390218216,0.01559712312144884,0.9992975747851385,0.01387222150659578
319.20000000000005,14931.677329790833,18703.48514696138,22725.5596193591,28.269961257458636,33.105033773500274,-334.508772211137,0.031347156976613326,0.015754640627482334,0.9992986438350709,0.01309074014601058
319.3,14936.970003320912,18705.955790235148,22593.860282536865,28.007676209104204,32.934291932069335,-332.20904205522874,0.030740707651765765,0.015729259244839686,0.9993235399819612,0.012651550679612286
319.40000000000003,14946.232791355913,18709.172822486817,22491.87078914994,27.77731436236984,32.76954411184198,-330.1929760428021,0.03135606685872718,0.009484015261670099,0.9993772725564182,0.013111736092607379
319.5,14955.423016318822,18711.927440625783,22389.589460083924,27.869344606880905,32.39375087502406,-328.39685223660683,0.03131316369503056,0.010063802247066184,0.9993688696684135,0.013418941888901643
319.6,14980.255864002615,18764.12106039671,22260.992868885423,28.14283546738803,32.34837765400511,-326.3966434090109,0.031531138575719965,0.0077476268722157324,0.9993826104075212,0.013422354227789597
319.70000000000005,14985.537019888932,18769.51617701834,22129.325818071313,27.92413825014838,32.08387456686794,-324.3449832769114,0.029934174213921354,0.007748705512732797,0.9994350928169953,0.013168068305240636
319.8,14990.790230851428,18774.857743683016,21997.764424518202,27.688766288900148,31.78064223558745,-322.35827119891127,0.031031124785752824,0.007748388655315552,0.9994026728337342,0.01308928189646934
319.90000000000003,14996.042962781123,18780.216247985187,21866.313048859603,27.509502255434132,31.521852893784523,-320.4291884939109,0.03033306836707193,0.00774826358798279,0.9994163882750995,0.013665731665937117
320.0,15020.945791304792,18830.667890701512,21738.31962192456,27.40867381147896,31.245846887692522,-318.63554709826644,0.029843886004695286,0.006049889268271398,0.9994496221037401,0.013160326161294865
320.1,15026.206760995698,18835.632009497112,21607.135351972163,27.385924607137603,31.197092071139927,-316.81025508138714,0.030036201563528066,0.006049791186540463,0.9994439732425571,0.013151842888559008
320.20000000000005,15051.176023970229,18884.99468191113,21479.484714620146,27.279761622521754,31.16266070764255,-315.217771884686,0.030341960780133008,0.006419657440675919,0.999429699603608,0.013357730518438886
320.3,15095.865216051845,18977.641560008866,21355.471731997593,27.15266747646516,30.645721395599388,-315.8221407013415,0.029894712868549486,0.007158304544844809,0.9994397292538263,0.013239803910498593
320.40000000000003,15101.154900252943,18981.492462653332,21224.76937873077,27.035068895442862,30.54151238932187,-314.08124679849857,0.029620695828123374,0.007157863437133443,0.9994467033281099,0.013329162623586684
320.5,15106.478630640786,18985.32067939282,21094.20230156916,26.83896418326632,30.39891193162329,-312.3895126254682,0.030481268977344555,0.007157574601533719,0.9994199914227618,0.013391867378404424
320.6,15121.41405363512,19028.860707930075,21052.19972536397,26.87527142634304,30.25808501367842,-310.9702992106012,0.029734141221395092,0.006045069317130632,0.9994484290153716,0.013497248663451028
320.70000000000005,15124.81512869264,19031.82139986176,20921.767294305126,26.760634729059017,30.22768573149932,-309.37042470420363,0.030312701833351708,0.00604504685554138,0.9994336365609082,0.013304270995251874
320.8,15128.207905233972,19034.76470165713,20791.48160060424,26.683860573906202,30.118236077454487,-307.81669151843124,0.03029525924370875,0.006044810534279071,0.9994374174069233,0.013057803028847598
320.90000000000003,15131.618355334143,19037.690545227364,20661.347629324195,26.604031933074864,29.779168584737427,-306.31146577528614,0.030646614135077847,0.006044447147359333,0.9994289068634116,0.012888360118521418
321.0,15135.026528087854,19040.599059829354,20531.37146672718,26.30840865512686,29.379838939247687,-304.8519835479807,0.029798667060910312,0.0060445026382114865,0.9994537683697804,0.01294868026846949
321.1,15138.45355449383,19061.32353630988,20445.37966990029,26.227983283691703,29.2327099049329,-303.8548770800754,0.030133935153599873,0.006414510700046679,0.9994424506280093,0.012868095714475796
321.20000000000005,15143.607470974679,19011.49528805572,20403.127057069043,26.155996013206817,29.12013462494459,-303.12164820746096,0.029307112940638237,0.005303145013850022,0.9994682133136246,0.01327630821116434
321.3,15148.926417457187,19015.144071838386,20273.40100856828,25.967082930130818,28.827159111708095,-301.7452775795566,0.02892272854685774,0.005303113362215396,0.9994860040647889,0.01277029524612086
321.40000000000003,15168.657344524052,19035.413190816536,20167.265490675538,25.701421873756587,28.439953448427843,-300.57184868721356,0.02963264521584249,0.005671464196150155,0.9994639246819004,0.012712359766630717
321.5,15188.363237949245,19054.87690768001,20061.45462642818,25.421107730788137,28.25156368269267,-299.4320114555559,0.030007582631577046,0.0041345902558887525,0.9994572027869543,0.012951831735393155
321.6,15193.636433169184,19057.678643202395,19932.412043329878,25.082330774954958,28.223976645968353,-298.0964217333411,0.030384852888063238,0.0041353022379194086,0.9994347963907791,0.013774895777962684
321.70000000000005,15198.923204085937,19060.4621101901,19803.55942603853,24.77227163063345,28.04580523137063,-296.7756606781844,0.03008971910840668,0.0041362845562325015,0.9994462957911258,0.013586823890981491
321.8,15204.193850332871,19063.22720513996,19674.901900686273,24.59508501785337,27.992552137885227,-295.4696302877548,0.02996979228080152,0.004137077609420852,0.9994613503131845,0.012716342620631017
321.90000000000003,15209.446345132095,19065.973732693325,19546.445594821285,24.55418948696598,27.860646781511566,-294.1783246016787,0.02955978575507534,0.004138041594631095,0.9994716711655363,0.012863678146055586
322.0,15168.774165251347,19082.102788743185,19442.022570827885,24.46083472803133,27.713891659202172,-293.44210539964683,0.029319661979818824,0.004524664775588817,0.999479428590096,0.01267898478873239
322.1,15172.128213753022,19083.08615203469,19314.049049308574,24.309001005771506,27.49131001364544,-292.1711769303164,0.028907513314846738,0.0045258710543404895,0.9994906174856072,0.012742751798219197
322.20000000000005,15175.464431477041,19084.05911135888,19186.29149561641,24.20564261381478,27.15755385377958,-290.91443964188994,0.02889857833508428,0.004526747364826459,0.9994872962026091,0.013020194242170447
322.3,15190.287437399149,19096.599320320314,19082.77202298656,24.135438413535674,26.93532954849105,-290.3403295110283,0.028824208898397107,0.00491153557039591,0.9994918470195078,0.012692105469747757
322.40000000000003,15194.600953068857,19096.743919615303,18955.523579507746,23.92957600159677,26.757536630997006,-289.1025209176104,0.030006424965572376,0.004911714750544097,0.9994683049862418,0.0117727162084078
322.5,15226.63676496208,19109.40647433676,18872.717206720492,23.835084084023247,26.529230701795782,-288.4599753412057,0.029321010328987773,0.006240849649244648,0.999464966156138,0.013080962329002807
322.6,15231.892605893283,19109.186631410586,18745.813063046066,23.572319044286747,26.218630464568587,-287.2402947508587,0.029509718889362786,0.006240631107363405,0.9994618470155655,0.012893695152546566
322.70000000000005,15237.149960493993,19108.965285550257,18619.15079101623,23.38474743039687,25.90851105780412,-286.03436675397955,0.029150850063257745,0.006240327943364862,0.9994746437706381,0.012717024310136712
322.8,15242.385033926734,19108.74248881252,18492.73854909963,23.209666015002508,25.674480799918594,-284.84154956496724,0.028701405429757975,0.00624015629474191,0.9994895734328559,0.012565125338858767
322.90000000000003,15198.774687062165,19117.15292819436,18405.266152604334,23.137495910597252,25.332894033778796,-284.76377177406346,0.02947053044659588,0.008132676452530886,0.9994515225343141,0.012727981487887506
323.0,15202.094300924144,19117.799941656813,18279.005034509602,22.90942349118365,25.071706693341365,-283.5895983937036,0.028917219832828352,0.008132680993516855,0.9994693913208792,0.012593240634123582
323.1,15205.393222637691,19118.442443433836,18153.01461396561,22.54830198229151,24.84566261911542,-282.4280116995703,0.029088399362755465,0.008132558731647192,0.9994619429139525,0.012788712900677556
323.20000000000005,15228.876604037594,19124.701147709442,18046.086203570267,22.32489321540566,24.78567301926851,-281.7657444742174,0.029021084156068164,0.009078881235140413,0.9994666782845903,0.011904183663390381
323.3,15233.572662722607,19125.76570456623,17920.472181719328,22.255275107803346,24.529567864204108,-280.62667664664343,0.029219883898715146,0.009079007491104539,0.9994526588944195,0.012575875190106599
323.40000000000003,15259.5326283829,19133.305244853458,17813.558466052775,22.070698663134866,24.239220038566522,-279.934387223247,0.028959851170750974,0.010025235964691105,0.9994492022299865,0.012732392778413466
323.5,15264.763427027805,19134.785202231673,17688.34668102506,22.05680146048307,24.059522863037863,-278.81271346135645,0.02877196156551026,0.01002568989954553,0.9994552396590164,0.012683993371529256
323.6,15269.999542879386,19136.25743774577,17563.439973722634,22.02452169393651,23.78492271188174,-277.70298452628447,0.028580849212796914,0.010026132314902698,0.9994598811973725,0.012749808077516602
323.70000000000005,15275.209569303466,19137.722029746,17438.845863010196,21.846403184795104,23.540948477022052,-276.60487167787744,0.02821259658309939,0.010030232129465943,0.9994736296771465,0.012486289178870928
323.8,15280.431988517228,19139.179025252954,17314.57046993965,21.742085200880673,23.52542060882834,-275.51840661610345,0.028365822992299596,0.010033398172523893,0.999464604053977,0.012853647354277334
323.90000000000003,15303.835173671801,19116.995889595884,17215.092345529854,21.727777606652822,23.364222650416703,-274.78151106529816,0.028146878008087618,0.013689568299615928,0.9994344934791017,0.012289923609986285
324.0,15315.57336400875,19101.318237039235,17103.821633169162,21.542693367010838,23.18603986056536,-273.9942416948138,0.02859374884272909,0.01548963042975615,0.9993947324086488,0.012354663496581132
324.1,15325.602656989873,19104.996085121056,16992.959158132428,21.496355727366325,23.035143488632652,-273.0897467020696,0.0279663824856134,0.017272068220234995,0.9993828804650544,0.012386094761244363
324.20000000000005,15327.377288818296,19107.20754212355,16870.166876802647,21.398266132027675,23.395797790947917,-272.0434483119169,0.027621923838377246,0.017342568920630352,0.9993898785951729,0.012495406685087055
324.3,15334.814039897923,19112.992922636924,16760.099361105295,21.218782114566007,23.325417313382655,-271.0325840948411,0.027472041828752222,0.01909400018748448,0.9993624681917698,0.012464479301335048
324.40000000000003,15335.709749640819,19115.873282580786,16638.042782777902,21.019358513251905,23.057551715619343,-269.9984630244257,0.027416176427451436,0.019089729962778888,0.9993628139907695,0.01256588606098994
324.5,15346.667935628475,19124.818975477203,16523.582435045442,20.913455185499668,22.612045889925138,-268.9975131422557,0.02759334528983347,0.011854911540050094,0.999476345484265,0.012045878361974923
324.6,15359.291774446483,19133.167431191923,16409.59914262447,20.840275271113004,22.49021087709219,-268.3481391530597,0.027536390915031402,0.0071595078547001855,0.9995194254311088,0.01230474739760855
324.70000000000005,15338.333772089672,19151.957511076926,16310.783591585747,20.819807269805914,22.380149627729754,-268.2890464105033,0.027421351398144608,0.010058401372540033,0.9994975773303372,0.012308166399383518
324.8,15339.188703186717,19153.34086615686,16190.482732809136,20.802935584642203,22.296127138587305,-267.2836671325611,0.027220928938741357,0.01006730173218328,0.9994994468467121,0.012590719465608772
324.90000000000003,15340.034785977632,19154.717056374655,16070.570966115822,20.56969307672528,21.89489439912577,-266.28859202022403,0.026661294322964473,0.010068414624066714,0.9995224601209043,0.011943790262619013
325.0,15384.373925481868,19155.913224743483,15951.426246503535,20.459285655498206,22.148135528965476,-266.116024705403,0.027205259824382835,0.00815181158921348,0.9995201668353016,0.01236357129766251
325.1,15403.32473850825,19157.073376814827,15831.911185774581,20.388937493388116,22.007235544271296,-265.60121416809386,0.027341626809331002,0.009118206290964733,0.9995082103975652,0.01235439619371572
325.20000000000005,15434.705830426876,19156.157405522757,15717.06497423067,20.259302159196338,21.882893910516373,-265.6646153766841,0.02744111563188889,0.0038118442835790274,0.999539408703643,0.0123865033163841
325.3,15385.724354878046,19157.30951444977,15602.408770993094,20.187354946471515,21.85155536067873,-265.1226433254437,0.02742847795066518,0.00417539846541724,0.999538431194846,0.012376154875859961
325.40000000000003,15359.390074474626,19160.259154229185,15491.6084002408,20.150463930502145,21.75171678468057,-265.9214769020352,0.027366765950061548,0.004896742296616204,0.9995422739754141,0.011929986268783794
325.5,15368.315239090469,19162.821974789214,15377.337279559022,20.01685411211594,21.573387700991443,-265.0293965304169,0.027450121344650184,0.005254411179770605,0.9995314798804485,0.012478089970769381
325.6,15373.430810036298,19164.146509754268,15259.888547270248,19.916152095984277,21.34336962904972,-264.0601438906551,0.027235165254426114,0.005252956659137027,0.9995429498635284,0.012022628581848457
325.70000000000005,15392.23987058621,19198.86987366957,15186.01763256642,19.740464346678785,21.21718541647775,-264.04398803617784,0.02755055521786884,0.0062205495109855895,0.9995275261394815,0.012124197311845114
325.8,15424.657237039792,19162.064749818033,15155.076731435294,19.58766160377694,21.25628309435151,-263.41145943646177,0.02730017269835564,0.00016018190340859697,0.9995538019252272,0.01211907460250733
325.90000000000003,15456.93393108002,19156.622041559716,15123.715103222268,19.622811910568693,21.132937598750505,-263.1140591876053,0.02786950098058127,-0.0048643840863184405,0.9995200677004973,0.01261994241459253
326.0,15461.848318386708,19159.186212120574,15007.000198640791,19.43077124849429,20.946693389142094,-262.16045450542146,0.027170239171401416,-0.004836917710247247,0.9995462664665966,0.012068285840193978
326.1,15466.747998683322,19161.731901830783,14890.7561746811,19.229398247872933,20.571462231790537,-261.2163207248438,0.027081394085671992,-0.004808696197970662,0.9995471963228086,0.012201510499307117
326.20000000000005,15477.003821588227,19165.79614225709,14779.724148958883,19.050700475631817,20.564480652218457,-261.1898958725749,0.02665286272287046,-0.003190569667525895,0.999565184445874,0.012201934992377433
326.3,15485.807544246933,19169.34941339591,14669.226383743531,18.893911775621913,20.40268889525571,-260.61838406573975,0.0269259611746237,-0.007578559231301851,0.9995344846591427,0.012180805883944486
326.40000000000003,15493.15849602989,19172.39970690146,14559.267263782993,18.810781843732112,20.28619443071801,-259.83775190291624,0.02651062717542196,-0.009768630040165623,0.9995293539903632,0.011951193476438693
326.5,15502.261229996468,19171.725161451588,14454.657838291143,18.70121911999636,19.914874752595956,-259.38281750970754,0.026466401754583414,-0.009411679496017825,0.9995347595026591,0.011883367081370439
326.6,15510.870240081,19175.313177774824,14345.226461103788,18.520769432435028,20.020973300076566,-259.34822452256697,0.02671483969455571,-0.007584385114469342,0.9995430729275,0.011934814836423752
326.70000000000005,15520.276579232142,19177.93920145573,14236.085684523288,18.476767231230138,19.783239730469813,-258.83532705520594,0.026741541021903847,-0.005748465073917604,0.9995580674031987,0.011641091969842844
326.8,15528.791982031458,19217.539721560493,14130.91235308036,18.36706149592369,19.552431174791348,-257.94065060242383,0.026443338121862517,-0.008518384090650593,0.9995473032668162,0.011548832559729227
326.90000000000003,15530.69441839582,19219.685750400622,14018.61888987666,18.196541362744764,19.195298374177447,-257.04057539325873,0.026217735600204354,-0.008513958464806584,0.9995556370669915,0.011343335437968591
327.0,15534.447989309048,19260.651685457935,13912.728115207838,18.095656741914844,19.04455505543816,-256.4199745536158,0.02606626080896543,-0.0076145750060578315,0.9995639074759624,0.011600136477726383
327.1,15536.034254125107,19263.311025224444,13801.602293690683,17.93287680538695,18.908279324035064,-255.53035503153328,0.02658054306249562,-0.007610377559680248,0.9995477949156962,0.011822121766895786
327.20000000000005,15538.951548084182,19304.694778940502,13697.077467978695,17.67838869464171,18.778502865291777,-255.08264500250098,0.026365099182759495,-0.00983606057216509,0.9995378408305928,0.011499487172060174
327.3,15540.24802011138,19307.456549991657,13587.143716795626,17.481677617001225,18.596699836531666,-254.20707407729043,0.02624673470698811,-0.009842140929330499,0.9995395653637252,0.011614579271046184
327.40000000000003,15540.688921046818,19401.34787407008,13508.801995701711,17.531520631847105,18.504454051033818,-254.97596796993267,0.026281481421932935,-0.007612237872845863,0.9995551379811523,0.011868601615843284
327.5,15541.030824017487,19421.901359695858,13427.360974144525,17.490449619738325,18.35053641062738,-254.93453715218467,0.02628276772201572,-0.004842930289608156,0.9995710279554855,0.01198007592189746
327.6,15539.511216924415,19462.35750610271,13327.330302306002,17.312762469533382,18.14838775619508,-254.24355454674196,0.025921410224870007,-0.00314937350976146,0.9995914023470737,0.011627136030012454
327.70000000000005,15532.369966227738,19542.66413360016,13236.596053300893,17.39605588221497,17.994144594035596,-255.029796040737,0.026062165444812914,-0.006679612616294084,0.9995722357578763,0.01146698781825284
327.8,15534.543364043158,19543.933159946875,13129.078083231814,17.191883848470905,17.688431845181153,-254.15337772275547,0.02622912449706457,-0.006689023293597643,0.9995666902648119,0.011563810295254407
327.90000000000003,15518.030233587418,19624.902931270284,13039.580862015175,16.99941750643284,17.47856721816415,-254.33372347085037,0.026309545869960184,-0.004818852763818243,0.9995772841819929,0.011394709364805581
328.0,15524.780614711573,19628.86926658501,12945.088601150055,16.967584232007532,17.398209499086978,-253.48445069889607,0.026111035219497418,-0.0031437241254100934,0.9995889803607575,0.011410573155217442
328.1,15525.728038264837,19630.372550876524,12839.288659125228,16.868215224781423,17.173637941645588,-252.62572526790623,0.02608290454963037,-0.00313190475963682,0.9995913427252962,0.011270350991465897
328.20000000000005,15526.663575239812,19631.846381037554,12734.092710035913,16.80691940719355,16.961816735627803,-251.77581029900196,0.026316168094284827,-0.0031350450674990874,0.999580943382963,0.01164338502685866
328.3,15533.156811730712,19636.106682016754,12641.093289860633,16.829003562452833,16.80674094327424,-250.9653820391142,0.025992563623725085,-0.0014357923756953348,0.9995960755515215,0.011402231295553903
328.40000000000003,15545.055100157379,19591.369875137334,12560.051155080677,16.781657960807458,16.674922792157073,-250.3158128268476,0.025932501482004985,0.00196745160055195,0.9996033064523857,0.010810376059281278
328.5,15540.337508820527,19552.025474460126,12483.236051243628,16.925515537128568,16.728527398152142,-250.34672930150654,0.02601744621071377,0.004622382135869531,0.9995861338015762,0.011370452395564364
328.6,15541.13128062569,19553.073164243106,12379.775742389409,16.812976392096566,16.633096626257004,-249.51798716483248,0.026480271079463786,0.004627052388279347,0.9995726513223502,0.01148478812002254
328.70000000000005,15547.531723943574,19594.818730319676,12281.791047593535,16.650975968631894,16.490555523772976,-248.83919422648745,0.02574844854960104,0.004943145261907634,0.9995950492776525,0.01105984501770713
328.8,15549.030813393618,19595.91245481471,12179.464453251914,16.7040027667282,16.227557811660446,-248.02583280733302,0.026154641020769896,0.004945894110979112,0.9995836183628636,0.011138347504138718
328.90000000000003,15554.027901967016,19637.89593069579,12082.353867102325,16.561091397634335,16.12209091357343,-247.32800224693548,0.026156890654439505,0.005255787937243225,0.9995831007932413,0.011037136087737702
329.0,15560.097160685182,19515.997433530345,12011.60246969673,16.458173804450148,16.13788646138701,-247.16702768728467,0.026037338887008248,0.004341155373015382,0.9995917225398618,0.010936159449373553
329.1,15564.031575575567,19558.182869040327,11926.872881854995,16.261131165100437,16.217938620575865,-246.42474748295535,0.025834405922163524,0.004651144692461407,0.9995959259057978,0.01090574326809063
329.20000000000005,15568.325459872465,19600.51694543417,11843.172037132954,16.075582142645516,15.893106453709796,-245.78781330393338,0.02626817010992769,0.004956998630105473,0.9995849583662424,0.010738827292328152
329.3,15559.941766165593,19646.225233198584,11762.434500347073,15.970673766204854,15.766469918820249,-245.39891173083015,0.025656236088885037,0.006194039182598301,0.9995906267987795,0.011044013961375108
329.40000000000003,15571.592984816838,19659.661411990244,11670.222835827113,15.892290641234652,15.660962375134995,-245.31095971309605,0.02583987654107915,0.004934960899351953,0.9995949258024069,0.010859615616777979
329.5,15566.880694207557,19677.90060857739,11579.081051257997,15.751685560955305,15.614160231010217,-245.140442063658,0.025627221465519184,0.006152533393329154,0.999591238730098,0.01107913836132693
329.6,15570.88274235709,19679.46511964017,11481.927451122156,15.545197642037275,15.463144177964846,-244.3632585656888,0.02550869101948524,0.006154085579157266,0.9995982019250981,0.010717677979281056
329.70000000000005,15573.832773421256,19730.40686616779,11400.644510165494,15.403458336719863,15.357677566154223,-244.94658153260946,0.025536644002059242,0.005266631699714437,0.9996055497419856,0.010434909135899033
329.8,15578.834482903305,19736.05573742442,11304.721206359645,15.492448431048492,15.223051220520304,-244.21009157048752,0.02533347199489049,0.004105382654382602,0.9996169403146099,0.010360196233793325
329.90000000000003,15582.117865755517,19737.064431809587,11208.310202723329,15.241370409878156,15.133806919370555,-243.43883256105084,0.02570472841616348,0.004114564176591101,0.9996080459688084,0.010300084131150019
330.0,15561.114339692114,19673.447398270557,11118.17056377956,15.024209255891547,14.965437209493476,-243.3323459907517,0.025241561747044908,0.003816608238810575,0.9996181272140067,0.010578128723152447
330.1,15570.913760207124,19699.138240124797,11024.573135678418,15.093519136825003,14.831152911538556,-242.68773296279826,0.025113268699123198,-0.0013585940780924343,0.9996264656422139,0.010696127571796549
330.20000000000005,15576.57158432583,19712.54111726956,10931.216912274012,15.200082046909989,14.634546961089512,-242.00297468964717,0.025553161341782534,0.000387021597813916,0.9996181035044933,0.010513482096990372
330.3,15582.517202883966,19725.791242024232,10838.634621842317,15.123267302221928,14.483722607615817,-241.3022635710282,0.025405109117413834,0.002142947876785869,0.9996165206981446,0.010807393416798632
330.40000000000003,15583.697127074598,19727.036965741445,10746.152035834315,14.992102721423848,14.375351676487995,-240.57670388735676,0.025160850351652896,0.0021524935438501855,0.9996227198059172,0.010803537797688098
330.5,15579.67154517235,19748.59596393372,10700.207954424115,14.878098935845255,14.265179589560484,-240.33833312072574,0.024993258499638925,0.004735657458748517,0.9996230793905247,0.010325198681295231
330.6,15580.675665899254,19749.106094717903,10608.810178653146,14.686507377518765,14.140632471583293,-239.60825299626106,0.024919715324282696,0.004741674890371037,0.9996230842932213,0.010498269166779664
330.70000000000005,15592.597536290914,19742.353790167806,10547.711187361852,14.58747742195465,13.988136666282143,-238.90990290292586,0.024790824992444734,0.003933981891564226,0.9996284446015817,0.01062598353533645
330.8,15577.040406876049,19708.74443941394,10473.564410779096,14.444640186749252,13.836771157799696,-238.40704693197944,0.024838561716781154,0.004489473252636746,0.9996262035197591,0.010504461834319556
330.90000000000003,15551.1830861276,19733.09702060693,10399.42205799028,14.342404286343895,13.73060121392181,-238.08310186110452,0.02470143121435034,0.00220818523297217,0.9996380157963365,0.010430752067941479
331.0,15563.48844831345,19722.828330715674,10334.214924274957,14.420869947882485,13.75593590687735,-238.5463604990719,0.024529394777611725,0.0004515990643047891,0.9996458081038615,0.010313253148592924
331.1,15566.754078721771,19735.447170238836,10251.097234103201,14.333049776142898,13.568489486014503,-237.91182051230018,0.02434224069002805,0.002230220810127589,0.999647339587205,0.010376795726519844
331.20000000000005,15568.861546500104,19736.60728629848,10163.170272162446,14.246102304242873,13.477449056644431,-237.20384564629154,0.024881773445642755,0.0022414526368612223,0.9996359224639547,0.010192926955238359
331.3,15579.463953502423,19750.184261307433,10092.085589444705,14.149754706935875,13.319201619808345,-236.90729777074415,0.0249575866004138,0.004291070798371004,0.9996275394425975,0.010172903736106402
331.40000000000003,15579.761377430243,19750.091781691004,10045.741612062564,14.08562735548105,13.247961863558045,-237.01349038236506,0.02482713161090876,0.005303784663342464,0.9996228902210746,0.01046712712661868
331.5,15585.154386372507,19751.16141856445,9958.661193551949,13.92561962562517,13.082523682079273,-236.31803339432608,0.024773827895952907,0.005304872974995364,0.999630471202493,0.009850726754025626
331.6,15574.276725167258,19707.943737596503,9875.697699976967,13.894134738615785,13.007897752668425,-236.04599759256843,0.024556675939394135,0.006234602633499633,0.9996297109824358,0.009926747603407997
331.70000000000005,15562.52717025871,19731.257366377326,9797.322828650282,13.873302618199682,12.944345033535024,-235.95151799361847,0.024076896471849924,0.004809236041954865,0.9996486618471908,0.00998634928777546
331.8,15563.128838607714,19732.422037492524,9712.937912786478,13.804470143145018,12.827629677762518,-235.26656927711159,0.024248763096666796,0.004815077550700554,0.9996448785207664,0.009946324128261467
331.90000000000003,15567.756031209206,19744.34499618135,9633.131005782949,13.65332520346663,12.731924992176959,-234.7695030772148,0.024350273790690977,0.0023110504331576667,0.999651526878149,0.009927135659359184
332.0,15579.299782955964,19755.4803220526,9564.289718849699,13.537969867827465,12.666864747713701,-234.5054892690821,0.024363009123537446,0.00435808843153672,0.9996429696923066,0.010068962032679905
332.1,15587.01012932839,19756.144058158843,9492.217833101191,13.452574979138555,12.538462423357217,-233.9512150413569,0.024447989256927857,-0.0012626029756639423,0.9996535494724208,0.009668644279793609
332.20000000000005,15569.390429112955,19757.808664689717,9458.271613865965,13.504721162158324,12.426020525452547,-234.77241015504416,0.024424908061754586,-0.005811590728402101,0.9996399130778635,0.009470663179627907
332.3,15603.001613676834,19811.976878640795,9401.710671208248,13.467429163471905,12.339451050270604,-234.666968577664,0.02483959297894021,-0.012143147478692561,0.9995681340599394,0.009954092720200017
332.40000000000003,15574.28549237919,19760.43168179115,9326.370314549928,13.395446681055635,12.170137890403955,-234.0422628579867,0.02463818520771671,-0.01053513046029982,0.9995930888125767,0.009778939307865057
332.5,15589.752283118216,19789.03388283926,9255.193493667317,13.251231752943273,12.048625046787583,-233.6817170288808,0.024518894451690386,-0.010127147591069106,0.9995990804447016,0.009896619152131237
332.6,15605.579801012198,19817.073432431305,9185.10262023208,13.124165943547201,11.844442007830967,-233.47835879590735,0.024725372074204697,-0.009727787216964035,0.9995976947193892,0.009923449165304356
332.70000000000005,15569.021836200942,19803.971377963324,9111.8899424062,12.99173926012124,11.633245559084873,-233.44488329814223,0.024459486982725574,-0.013679601571744493,0.9995583304866257,0.009886655256963806
332.8,15573.430665561442,19817.92098730576,9035.430260729758,12.859173049716103,11.468894097991654,-232.80564842291398,0.024514809396880256,-0.01949891042046156,0.9994614135564567,0.009782608260519694
332.90000000000003,15574.474302713375,19818.338673707283,8959.464726429816,12.71968253288519,11.384812534871232,-232.15157650415796,0.024731163496944382,-0.019498267342801898,0.9994560623100472,0.009786042837175647
333.0,15577.13751482471,19831.8705641463,8884.360246609647,12.607627233628852,11.20770420471827,-231.58099240254433,0.024664957036535692,-0.018496660783130687,0.9994742135589996,0.010040411589116147
333.1,15567.308734429198,19806.179032567612,8810.106864121939,12.520188765427957,11.117989633911323,-231.43745544759733,0.0245990746733232,-0.013681816960589996,0.9995542094870433,0.009953678044080658
333.20000000000005,15572.511411473277,19819.56824879809,8736.609438527934,12.357991797111985,11.022679403224327,-230.9963787523409,0.024622571404280896,-0.019539464588503152,0.999456810510889,0.009900617376537824
333.3,15578.579924744072,19822.983761037456,8674.554707115836,12.244512170661448,10.953120108595778,-230.63994812723047,0.024677016977085832,-0.021570030932575444,0.9994122916519377,0.010042404776884917
333.40000000000003,15581.297546072985,19878.5854687746,8611.719154916897,12.118085268117184,10.899056175046802,-230.3651651800924,0.024788186467610447,-0.0251090228173527,0.999325765925006,0.010153636944699045
333.5,15621.075327439019,19939.810928323426,8607.938883295825,12.189609408258137,10.850999775960668,-231.06387762302083,0.024636861195135782,-0.031161660635374885,0.9991609696291549,0.009966581491379242
333.6,15608.393271953559,19927.90205608692,8540.423438793732,12.068414301639232,10.81281509567249,-231.16933217792464,0.024769588794717884,-0.031545877616397225,0.9991429183990438,0.01023492498230882
333.70000000000005,15616.414415127638,19934.689745039763,8470.111941976516,11.959818477578736,10.722210384336679,-230.59274256170832,0.02479944223444216,-0.03135620111203672,0.999150192073698,0.010033443864121321
333.8,15634.6309147716,19946.6305908096,8401.113328863601,11.893269189601027,10.700037393064253,-230.53879813587517,0.024735053481456132,-0.029647259089442258,0.999204138918476,0.010015284616011923
333.90000000000003,15657.512072107509,19959.359098639878,8331.599004659545,11.8363648571129,10.684204070495316,-230.31927521713294,0.02474387810969522,-0.031561879068681124,0.9991440032698332,0.010141450373500907
334.0,15669.19515910989,19966.889104503214,8262.103038630896,11.772620192831633,10.58915540361479,-229.72918005299277,0.024839451617401646,-0.031365036195720175,0.9991524873488705,0.009671771934502886
334.1,15680.788130270752,19974.970875237203,8193.239613458105,11.588693514220578,10.46102246341076,-229.1673949849545,0.02433625990332603,-0.031165412521756215,0.999169679031345,0.009819165986256704
334.20000000000005,15637.604328761403,19984.970753262853,8149.846444590137,11.51408372120844,10.367885834775448,-228.9580395914293,0.024185999950356224,-0.029655862185305703,0.9992162346516776,0.010123421011254213
334.3,15627.43057111344,19978.38958834246,8182.1082294826265,11.552633562050083,10.259359360675768,-229.1458947218231,0.024112822370140216,-0.023616471107269867,0.9993822493756753,0.009795597102832544
334.40000000000003,15660.762214262564,20008.67325688009,8116.815213741592,11.448480443166847,10.136277072348616,-228.7167715361751,0.024073432291741862,-0.03156744414383604,0.9991670777600092,0.009440182648891652
334.5,15628.934957258836,20032.537120362063,8051.18188959264,11.312275395253598,10.051243666883998,-228.19928921749207,0.024059391643475817,-0.03220762154357157,0.9991487841689096,0.00924780417404835
334.6,15629.675304367693,20037.303650154536,7984.369520043174,11.200929188708935,10.036187865962907,-227.58325917481085,0.024183590283047184,-0.03221204409701186,0.9991443345982931,0.009388121017966268
334.70000000000005,15628.323153390742,20061.8438490035,7918.155181160349,11.175550932781546,9.975458091120538,-228.3445454207182,0.02416107889724733,-0.03401757692544745,0.9990835215158665,0.009547971622143055
334.8,15624.364814737011,20068.249582948873,7857.557837513276,11.050608614405371,9.931613573712173,-228.31806540101275,0.023984638851675046,-0.03202992437819547,0.9991547963250909,0.009408189201333772
334.90000000000003,15629.24105765813,20061.97574482249,7802.2287137440535,10.95862559456081,9.828049153148383,-227.99411134779893,0.02395748216159482,-0.03160206809667332,0.9991712619407461,0.009172657860557626
335.0,15630.715329042787,20029.52754223154,7752.264373580771,11.012945079791537,9.813883796931691,-228.73018689731407,0.02389049068083155,-0.03593938279735834,0.9990278356182071,0.008999382155181469
335.1,15633.262690451887,20060.751469572875,7691.5417529122,11.00458470000883,9.706188946770018,-229.03350924704742,0.023784795598374018,-0.04122711098094442,0.998826689922904,0.008936012318903385
335.20000000000005,15633.784359484678,20050.823376995097,7656.85140926271,10.90135290043566,9.644957669206633,-229.74167081747785,0.023695224124390714,-0.03411098486623108,0.9990961953201983,0.00904265236833809
335.3,15656.2883189863,20071.13324340921,7620.141946735766,10.800298531882005,9.568480622576372,-229.86369283384488,0.023620133713938285,-0.03778681549435458,0.9989654751218149,0.009067820729255298
335.40000000000003,15648.043659496956,20074.261250236974,7586.541232722398,10.720273331546313,9.505878827733712,-229.53871295816455,0.023904851165464053,-0.03221752445383955,0.9991545043400372,0.008992533894184928
335.5,15639.646159006663,20078.262249949963,7527.840810183666,10.651796715971114,9.45164444267014,-229.24975171536903,0.023448984311713113,-0.03412357890385783,0.9991028730516364,0.008898064818101709
335.6,15661.323249492143,20079.116811909753,7473.28890956605,10.584094230248615,9.455717369002418,-229.02757237905223,0.02331687310460088,-0.03184272478439417,0.9991803010547581,0.009005014772469242
335.70000000000005,15680.544709641372,20076.791305672006,7418.628896164738,10.588789711058112,9.421094907582333,-228.65900547549603,0.023351093431261176,-0.031386208960540285,0.99919359243253,0.00904417848257192
335.8,15664.577575120315,20083.832037229477,7362.590279319297,10.53323993637214,9.308186468673222,-228.7544707442933,0.023569084128840234,-0.04273191844871121,0.9987681703667388,0.008979046792254322
335.90000000000003,15666.174391749482,20086.159886210695,7302.76843402891,10.432380435455634,9.23436669091806,-228.13147331919444,0.023448287252944542,-0.042735784416350744,0.9987712888814706,0.008929897046920706
336.0,15690.820620182638,20079.956156152497,7244.2568312648555,10.320028941400448,9.160675443655355,-228.25433880673003,0.023505755017819464,-0.04122168532892273,0.9988326725375589,0.00903019441446103
336.1,15661.975245321453,20078.368323169678,7186.26910634441,10.21734496278788,9.041375971106016,-227.80352403024472,0.02335121887050493,-0.03942971427736761,0.9989073872529438,0.009167873295608583
336.20000000000005,15655.76262148414,20063.96289598928,7131.055712561083,10.13040602326423,8.935584980942505,-227.403178024289,0.02337164683519311,-0.04170152880820629,0.9988172057877338,0.008884708304336542
336.3,15658.62579050113,20064.66947205532,7073.828365190177,10.0707658663318,8.829233906679825,-226.79349973739107,0.023549367476898713,-0.04170250352205552,0.998813615659839,0.00881417403676645
336.40000000000003,15661.874592054335,19986.588163391494,7033.146766189862,10.066849579432322,8.720575823801775,-226.60107756326644,0.023530277859363923,-0.035752143676277784,0.9990441798070924,0.008879022467919483
336.5,15642.372828021536,20010.351901233495,6986.971957240264,9.992438177364946,8.5771183854611,-226.2582579498651,0.02332309477638476,-0.04102641109707994,0.9988484180296039,0.008643184731499226
336.6,15656.518440339483,19952.078589924917,6940.202249008014,9.92119097906368,8.507479651826188,-226.02132225392813,0.023393441563341718,-0.04223178907212196,0.9987962141157509,0.008680181543798363
336.70000000000005,15643.569327963287,19956.518904059296,6890.636248738682,9.851828840844751,8.413110890393131,-225.66064153531917,0.02323875125837426,-0.04122037663173118,0.9988415850524975,0.0087366446708129
336.8,15589.596972143296,19917.554262960562,6835.730439954153,9.779948119349546,8.343563497961913,-225.66830644715594,0.02309136105540611,-0.03406273414760861,0.9991150876189014,0.008692576101080015
336.90000000000003,15592.01790840632,19947.557929150662,6781.452223199135,9.65521391608281,8.242568806825894,-225.49107013891575,0.023168251525121912,-0.032284868393143505,0.9991738182365557,0.00852058358848032
337.0,15602.845211157854,19950.132415082004,6737.743546015842,9.564414140312188,8.164198528677204,-224.91941891907382,0.023115230787704222,-0.03203166864539729,0.99918251089899,0.00860047806883752
337.1,15592.633353321518,19961.22489345139,6724.8269107408205,9.465220176852872,8.070323575406642,-224.9781439178489,0.023148761735892504,-0.031006313454821133,0.99921492299096,0.008501824992671514
337.20000000000005,15646.452459939836,19947.80417725808,6672.2084808382115,9.544221321148699,7.980383699053129,-225.2393488290305,0.023121644907088415,-0.031121630571298867,0.9992105908585446,0.008661914539663097
337.3,15603.991468376556,19950.99366235796,6623.105493328262,9.469213672412785,7.897226750027549,-224.76535519789115,0.02320326502704178,-0.02958070931559407,0.9992548908954942,0.008732304959464806
337.40000000000003,15579.045443136483,19794.090389955643,6580.168262454909,9.376411369651542,7.846055694307508,-224.41502377487615,0.022953155008935754,-0.024969840689681624,0.9993882973718664,0.008525890406855603
337.5,15548.315222823512,19794.827397012472,6533.03974728265,9.40988522314752,7.831526658205233,-224.40215460056018,0.022959477161939065,-0.025048564160011166,0.9993846732539218,0.008700960126578236
337.6,15508.126264961586,19832.456415178836,6485.188194436729,9.340826663086782,7.838784661172624,-223.90693234948836,0.022990701763521592,-0.029577853698662587,0.9992592678521836,0.008803057112142219
337.70000000000005,15556.89924624758,19919.309585826915,6443.477262314067,9.26215466916253,7.823192935427943,-223.47469187102584,0.022820537900250227,-0.03414194845822032,0.9991187205770284,0.008679435346902442
337.8,15388.302517571141,19960.550012728636,6423.981093205092,9.135413319712134,7.773920183736805,-223.05215323838038,0.022914581535845985,-0.03162246375135045,0.9992034546440548,0.008209626466415786
337.90000000000003,15294.512067366844,19961.177742006967,6422.439539159687,9.193316641286268,7.687653664291974,-222.91204181939,0.023115102262338077,-0.02658439738990152,0.9993418544527456,0.008649844031254624
338.0,15140.697566701765,19863.019845669147,6396.615826004228,9.250757403022101,7.694597249077451,-223.2874532983103,0.022688204324610644,-0.028106086484321325,0.9993101956844928,0.008627055585853966
338.1,15073.690861040495,19835.17269501409,6357.732468042141,9.198423605652184,7.671660604946511,-223.41697518503375,0.022605878141562705,-0.03215600287890914,0.999190339322274,0.008580883249375058
338.20000000000005,15081.20717551914,19863.821033491313,6312.310571183109,9.135548122784176,7.5842673446483095,-223.24154710480187,0.022545729426472934,-0.03202669642130676,0.9991978248003907,0.008347916813995942
338.3,15074.619837228305,19953.316334144656,6278.360925495586,9.089117784046291,7.559742783387294,-223.50279730847214,0.0224459856931685,-0.03232616576177815,0.9991897789842921,0.008425099805097709
338.40000000000003,15068.71478085961,19892.46099383798,6237.242747104297,8.987001854464868,7.516248280008642,-223.26554252269966,0.022446419271987407,-0.031739288317715525,0.9992060839171851,0.008716518905759398
338.5,15070.188365415625,19864.982131894838,6199.68310069008,8.91901553889252,7.533624880658843,-223.2570321840223,0.02232897890177758,-0.03783212077364229,0.9989977045967249,0.008586824177042283
338.6,15073.924010200093,19892.957689816845,6152.78597048037,8.848665018053701,7.50996530698069,-222.73927062252574,0.022172986307157312,-0.03603397938099037,0.9990690543832133,0.008422326402184932
338.70000000000005,15068.436967010293,19810.792715703,6106.318663688349,8.807286408215958,7.47992311624798,-222.2438289129987,0.022012166646454712,-0.03245426814058221,0.9991934653519311,0.008637348955975503
338.8,15075.62522627361,19960.26324447343,6148.456574291349,8.869412766497733,7.467900672977163,-223.53455598413626,0.022321210502779337,-0.032194249254602465,0.9991949042563725,0.008650848786198713
338.90000000000003,15094.267521913871,19954.33700042424,6138.312413255282,8.805998408832416,7.503186495508408,-223.45837078473863,0.022143072550497432,-0.03963689495563441,0.9989311079255895,0.00867424433906261
339.0,15094.234835206742,19948.033876657963,6134.070636400032,8.738275508056526,7.565981710279121,-223.61105754695814,0.022116689453903177,-0.04423473606116284,0.9987385203833944,0.008689538283862595
339.1,15086.765441727573,19894.103240872915,6112.831216578973,8.719884743373393,7.456565728053861,-223.53900818592496,0.022057766950050645,-0.042400975126222616,0.9988200809422885,0.008605703455449785
339.20000000000005,15104.773304021013,19840.69392801105,6088.591510897617,8.70523822151977,7.358897031136208,-223.44837478636256,0.022131271424666556,-0.039439160017986065,0.9989386721085334,0.008734348758978813
339.3,15108.249487601302,19841.1655097139,6075.2036326422085,8.689470485120902,7.3144456652849135,-223.34973935481702,0.021966540967452968,-0.04362951361502533,0.9987670911105199,0.008845017482852865
339.40000000000003,15097.169004218327,19800.668370113435,6053.67623334927,8.620374435063262,7.254407228951058,-222.9017436684049,0.021852137836730814,-0.050343465962968216,0.9984541214269365,0.00879698313994157
339.5,15080.368781357134,19779.85316308351,6032.480266501872,8.535725443843598,7.225759819349245,-222.64612409682854,0.0219252037811523,-0.04424821361017439,0.998742238224499,0.008678860396453072
339.6,15104.507152036927,19802.01827727757,5990.349268469729,8.46511034249222,7.198886772460474,-222.49799405646658,0.0219533725161878,-0.06019761551914584,0.9979068601306638,0.0087289761790443
339.70000000000005,15120.594206880678,19842.99454812155,5968.691974749053,8.424972581709005,7.193055614815016,-222.20732212257138,0.022100757430935637,-0.06212158350384723,0.9977857536434247,0.008720963833008001
339.8,15114.941106575552,19921.499470564268,5987.593263478921,8.378407568724615,7.145706542400438,-222.1863072364477,0.021867569789765035,-0.06342199736562576,0.9977092199663409,0.008704713424355982
339.90000000000003,15104.587480025764,19869.76927960287,5965.643712245437,8.316490494236621,7.078190886997456,-222.20644372929266,0.0220489729487092,-0.06610999940228403,0.9975295500258861,0.008837850196209382
340.0,15090.881791021498,19921.582696922404,5922.85224903455,8.230527488361629,7.076991339860971,-222.1142455389831,0.02186862913521853,-0.07113406611948919,0.9971893184589733,0.008670112362750265
340.1,15103.897208098348,19955.648930737072,5879.562401060915,8.144607297360698,7.000796512504314,-221.81130287419424,0.021839597313215702,-0.07987299881338203,0.9965275008398843,0.008733620072369944
340.20000000000005,15120.947633249869,19981.470072614557,5836.199826584393,8.07970630483431,6.954172555583849,-221.91172717981684,0.021558677399990615,-0.07112971215631055,0.9971955993457208,0.008759230722614478
340.3,15104.57992418428,19990.811611648707,5791.966749391266,7.988883893673925,6.893376000018106,-221.44985298728886,0.021461756442967123,-0.08236971112308554,0.9963309783201997,0.00889973816444895
340.40000000000003,15115.678599246423,20013.544590821417,5748.065915181818,8.028521026638007,6.77711816488327,-221.27131755220984,0.02137683552024918,-0.07695257126460427,0.9967647702801359,0.009018060062683969
340.5,15095.21221498217,20025.244325043688,5704.115359624526,8.017461205359288,6.728512867774094,-220.99521800441536,0.021199906362913988,-0.07403569532133816,0.9969903548022827,0.008916962470942992
340.6,15113.160045961346,19993.04141050116,5660.678690670782,8.038445942699331,6.615542556345533,-220.5409279251111,0.0213750572326648,-0.08704249343426601,0.995934935756395,0.008961863921714951
340.70000000000005,15122.087310816321,19965.439401156767,5620.581593543213,8.037948991495156,6.5859465282541745,-220.10491563029487,0.021684817159345768,-0.09144436261636896,0.9955358152656734,0.008725696176403109
340.8,15126.907405128484,19897.01192306419,5579.218456845653,8.013863157614514,6.490611302434108,-219.74674154106637,0.021326949600004176,-0.08996920453972132,0.9956779739537837,0.008722134975867355
340.90000000000003,15131.041662642005,19816.856631776576,5560.842101676954,8.011286455976856,6.362944392783076,-219.86034649512038,0.02113137746518576,-0.08850131396127192,0.9958113886746236,0.008981119054438665
341.0,15165.378600250251,19817.41673814928,5531.100121039355,7.953495284436008,6.368206338772689,-219.5178998797571,0.021270558547750458,-0.08330094094964524,0.9962602145253368,0.008608224549826812
341.1,15184.914765153642,19848.763699669133,5503.28717838397,7.881585236615866,6.311067331800358,-219.3815464171556,0.02119386745207252,-0.08610239163733668,0.9960196085333978,0.009062977089890461
341.20000000000005,15135.208250509346,19921.68224534101,5498.3988845160375,7.82991183260862,6.2694211789088135,-219.24377847886092,0.0209743130988826,-0.08388575027215599,0.996214679875213,0.008920240604059519
341.3,15165.667979669675,19977.09178684357,5483.119519827066,7.808984183574295,6.238275679883972,-219.04036861457928,0.021356341491378137,-0.08663477115152822,0.9959698886831182,0.009072152013888557
341.40000000000003,15188.016390105151,19998.69607626623,5450.311996019611,7.778794997023175,6.184266532933136,-218.66969077549265,0.021110826479045896,-0.08454538483576128,0.9961528018426198,0.00927395759333528
341.5,15124.729721626662,19988.581274889006,5421.837582468678,7.763532915483309,6.126702041052182,-218.97355592708513,0.021099256295998823,-0.07306543953393825,0.9970627656009301,0.009061146819965057
341.6,15113.739939021249,20032.52798572567,5388.524414165914,7.690728972397436,6.120846694085477,-218.7538547343971,0.02128886994633771,-0.07613891941805565,0.9968275386271304,0.009192779820901222
341.70000000000005,15141.847838830903,20054.76771637422,5350.161958610963,7.626333284456714,6.080710893730435,-218.38630220906933,0.021371868950996128,-0.07072956471682616,0.9972259122000655,0.009002884496481551
341.8,15144.446613383738,20044.552740551557,5317.085615632211,7.574711982867362,6.028777644175466,-218.4884720442915,0.021153628247519148,-0.07454994612355542,0.9969545933112132,0.008738902712261746
341.90000000000003,15130.129878642696,20045.142555696082,5282.893396267889,7.520867884602403,6.014211838179753,-218.71471561116087,0.02095787341046663,-0.07393214043580167,0.9970063427378315,0.008553285522266746
342.0,15146.82929877856,20024.205308721168,5245.264248662027,7.478142345203612,5.9090768390548805,-218.38744007272547,0.020824582440617346,-0.06744629704715042,0.9974700572158218,0.00841538701822735
342.1,15145.914478356071,20003.329965424447,5219.0938862325165,7.434597618741199,5.850991853342909,-219.1744320032631,0.021077555489766243,-0.06450875164934029,0.9976591754641815,0.008398049020404598
342.20000000000005,15146.916109376665,19944.231888783837,5194.7175371386165,7.3864035267052435,5.840998118718988,-219.25288658168515,0.02100225307410014,-0.06383620451941309,0.997701713789309,0.008668025163954578
342.3,15155.022789379354,19921.28881509542,5182.278013824917,7.29794324105996,5.780419523309709,-219.0107588198824,0.021056688487175398,-0.06490251853730516,0.9976300206169176,0.008866843934406296
342.40000000000003,15152.982111849478,19812.8159824016,5156.2851115725225,7.248981700338765,5.76393471314368,-218.71383701023075,0.020881086694061673,-0.06317987666621049,0.9977453418087677,0.008747359705814896
342.5,15149.884827079934,19831.119682122382,5127.220841291787,7.2435769905832,5.709084488759685,-218.68393638093696,0.020503559642223917,-0.06250364835530715,0.9977949401571178,0.008840553213892436
342.6,15153.413739556036,19808.0616310636,5098.744812257964,7.2090647205935445,5.616256264088283,-218.27316602211224,0.020382725536885415,-0.061846390744136066,0.9978407737464688,0.008564969390470373
342.70000000000005,15157.433455930233,19814.487930383853,5070.778822044211,7.171473216334632,5.58073025319321,-217.77966482073668,0.020230911799034298,-0.061190746647881364,0.9978839276761136,0.008606370788405352
342.8,15190.3524942209,19720.2631318845,5065.468995174727,7.15606119259842,5.546476872195663,-217.95602493012277,0.02053166076373275,-0.06192403350258286,0.9978295022596064,0.008952619806512675
342.90000000000003,15230.455121397708,19633.44168532917,5029.654732472266,7.100102333957075,5.610009856694647,-218.12609439559276,0.02037090518761546,-0.06192168266993095,0.9978368461079503,0.008506467333754675
343.0,15235.624514452364,19643.96565624876,4992.523671047253,7.041041322309481,5.587056454284021,-217.79855067263617,0.02032994858072954,-0.06294570313818028,0.9977740567360666,0.008453599919413433
343.1,15246.139547459565,19613.950210111758,4956.55731547776,6.982173243945901,5.564408877195094,-217.7640779319351,0.020182912551049398,-0.06249022638558611,0.9978060445228489,0.008409468526682817
343.20000000000005,15234.867433651565,19634.346439861234,4922.644349268603,6.944000572799819,5.555221970499753,-217.39321274854166,0.02027402287490036,-0.06317481945127422,0.9977609730438485,0.008422995569272188
343.3,15297.34442486407,19692.316967747123,4892.118888637128,6.912580585462497,5.598103047915301,-217.12233033140313,0.02062289225069495,-0.06871357292301819,0.9973874854364584,0.00844660322897871
343.40000000000003,15300.098182820397,19625.38753985799,4881.764409191032,6.899716234118728,5.558860465427907,-217.02850428039517,0.020447971260353057,-0.06815704918484924,0.9974283290731095,0.008557188800910996
343.5,15436.122893173904,19653.97171233791,4899.761062170548,6.930474438183791,5.524184624619378,-216.6716285470311,0.0203054644300822,-0.06407965207749974,0.9977039317630778,0.00826745719075476
343.6,15520.176580259555,19692.152532137017,4881.584218095516,6.9048004896312,5.48756119151986,-216.22403612869817,0.02024273919423544,-0.062582007375496,0.9977985375555769,0.008473624650607772
343.70000000000005,15483.64126703799,19662.913424485214,4847.16785630588,6.909383233255723,5.5099617161059555,-215.9922546446352,0.020258487591824508,-0.0627414329735101,0.9977892164723787,0.008353787186591277
343.8,15635.436540223285,19780.03998945892,4814.790977060142,6.860065166358947,5.527429268173405,-216.20527388993605,0.020333852169991607,-0.06408633221665294,0.99770012483215,0.008598685298228196
343.90000000000003,15486.654021221957,19809.939460044658,4780.3303488747615,6.847696644679669,5.491953663977887,-215.75772346268195,0.02025387181163355,-0.062747226233374,0.9977866709210602,0.00862123012819766
344.0,15599.38373959867,19826.512457723875,4752.179619353446,6.887255988304982,5.443444677723639,-215.89094474517907,0.020271663333131743,-0.06294291466858548,0.9977738526296865,0.008636444131914386
344.1,15683.056199519773,19858.17150465326,4721.8829301437145,6.904727596154813,5.389736493092786,-216.00922311774934,0.0204604076494556,-0.06262674483500434,0.9977900360292358,0.008620124765076164
344.20000000000005,15674.082219263539,19811.593299818906,4689.385196345805,6.798342213498892,5.267224086311178,-216.2806106213063,0.020125952466313116,-0.05966910344843641,0.9979770725413133,0.008735377087099776
344.3,15704.442840665059,19827.8227961736,4655.136989293849,6.848227853850416,5.254535698213879,-216.04071166188479,0.02000354788697132,-0.060480971810709806,0.9979326024820766,0.00851064181573249
344.40000000000003,15705.863278946397,19899.471977353718,4639.411065633496,6.8274533274572615,5.226073206978392,-215.92491514296321,0.019976148414291812,-0.06226434289932487,0.9978235913919011,0.008496208543456738
344.5,15567.1091418456,19879.32510188918,4636.791902010083,6.765051185115895,5.135336865318293,-216.46007053911316,0.020081753712583,-0.06113624444043884,0.9978913456686799,0.008482041210544846
344.6,15686.285737977458,19818.843057412243,4638.79516190985,6.70592103790767,5.101890419845449,-216.72736653565624,0.020072092644600373,-0.05656313082049534,0.9981602794308737,0.008589522404087767
344.70000000000005,15733.065881468427,19814.23919078836,4634.983033967817,6.692759516606706,5.1149654462231835,-216.64802879080324,0.020405991494970906,-0.06051542563695413,0.9979211435626937,0.008652745322216835
344.8,15766.58713006995,19660.423791802936,4650.328372918918,6.624668345990024,5.089052087033142,-216.80415634383618,0.020760750167864134,-0.04608891111612192,0.9986841136399867,0.008651282431644232
344.90000000000003,15782.517677489875,19653.09307262453,4626.72969176457,6.7749296445029525,5.037016922774372,-217.30855641431896,0.020480966259851442,-0.06128654200758711,0.9978729234905167,0.008609201722838468
345.0,15787.264569067294,19659.95874206621,4594.998178570809,6.779416505341297,4.988852770920586,-216.79458218800113,0.02047691979449042,-0.060505383973671965,0.9979212784619454,0.008539101756334514
345.1,15784.282328873573,19784.949909100116,4562.397771407977,6.743963314422743,4.941093770855481,-216.62110113283617,0.020136235515882624,-0.0477972688247592,0.9986192102772329,0.008344218202949468
345.20000000000005,15789.102559554009,19816.747007771366,4552.430391124905,6.726178874022935,4.925265085017547,-216.63550888200987,0.019922088111764807,-0.044290367528149785,0.9987865091748336,0.008184304481063274
345.3,15782.001149410324,19939.660330286195,4525.71229293745,6.6525053742370375,4.896102086456823,-217.0921445213946,0.02011587369060911,-0.050945599382290034,0.9984643739557104,0.008294062362552323
345.40000000000003,15786.84625608177,19980.954419369635,4494.523001406575,6.5791651047800785,4.860181981558052,-216.7873266998171,0.020066567687746683,-0.047794919807585726,0.9986214025928957,0.008262734729938147
345.5,15775.409434122108,20032.35066564885,4465.794792783806,6.535421773422616,4.8168534929688125,-216.8165375820905,0.020152320622849485,-0.04243156773038608,0.9988612940856517,0.008340336383669864
345.6,15750.082125864918,20022.726363748126,4441.790608878292,6.486978895058246,4.839652311031689,-216.71434498435593,0.020160260181772756,-0.060489660490829274,0.9979300330769877,0.00837937742733674
345.70000000000005,15755.94843046605,20033.26713111861,4433.733923089128,6.516187028662382,4.889110105567011,-217.46232180550035,0.019818700816931503,-0.061791035460828335,0.9978599130729623,0.008042444692223179
345.8,15761.368662228882,19901.2188057025,4433.884568197168,6.477347814635348,4.861557792055868,-217.85359293516223,0.020287792389038224,-0.054980553100502656,0.9982456968687549,0.008430477077612896
345.90000000000003,15766.361844045194,19942.49932353957,4402.219033217754,6.429347229151803,4.8242272209949055,-217.44469665340353,0.02050804441367924,-0.05173721005735603,0.998414115064326,0.008481512254678828
346.0,15760.229664064735,20034.614354687423,4372.249633064839,6.394082760499019,4.801763340542128,-217.81231065497016,0.020740023770066986,-0.058248703068395725,0.9980494718756003,0.00861346003080978
346.1,15758.21002389165,20075.021837825192,4340.519808614921,6.355462814292302,4.767429197245024,-218.69318929375063,0.02053911691118038,-0.04530218596482157,0.9987278379090713,0.008280242073104667
346.20000000000005,15646.335182008834,20065.413717811047,4308.216138025735,6.464685916649878,4.744191230468193,-219.11736720923213,0.02031168774595973,-0.04779035493271423,0.998615553585913,0.008396037911789665
346.3,15646.726056764926,20122.897939481998,4288.910349292122,6.5314865502506985,4.723273644662627,-218.96984408288495,0.020597677897750705,-0.06362585318803528,0.9977270094925945,0.008264441921824892
346.40000000000003,15550.840264496243,19637.38492370029,4266.560789004092,6.548120439555634,4.778405262526824,-219.49732357815716,0.020441917583045137,-0.057305624651202994,0.9981116861411925,0.008441290022808882
346.5,15482.733132466754,19617.537694732593,4251.467900908742,6.447946353869954,4.73787887309678,-219.07509234411495,0.020674601879000755,-0.06129048498953775,0.9978690627235531,0.008565684217238747
346.6,15552.656586013754,19638.07002553025,4227.594756079751,6.443548397537966,4.693340540457128,-218.79760252322265,0.020659701612852008,-0.06365095390872196,0.9977211018332209,0.008621818397601842
346.70000000000005,15485.263452930738,19651.58209066945,4202.844307683844,6.465316376212681,4.6615927005502416,-218.76131618664763,0.02080771509419841,-0.06362696449726268,0.9977195692720052,0.008620294258744264
346.8,15523.038474643232,19634.491559199523,4173.370322978752,6.306582043495139,4.625318076301395,-218.25268927247438,0.020718297588493695,-0.06444728833485033,0.9976679067970854,0.00872048842906502
346.90000000000003,15487.732505578846,19651.39964606539,4174.926267800594,6.399115695930644,4.604154192364536,-217.96324890796163,0.0208235805136439,-0.06460106015694678,0.9976544914758739,0.008865503888989839
347.0,15488.944812603238,19620.218831387236,4188.874588013017,6.339510532060988,4.635764601494522,-217.93782312304987,0.020653762200252033,-0.06601220554575739,0.9975659743484888,0.008828230179961089
347.1,15624.421635943872,19643.553775180386,4180.485340897728,6.311271700094049,4.705372481872527,-217.59309221288837,0.020466596336309806,-0.0678403192197304,0.9974481404884483,0.008718747542422701
347.20000000000005,15674.680821174856,19647.42940764012,4156.174298211492,6.214310696243485,4.715836936215259,-217.08243735927482,0.02082768345309037,-0.06642749403952473,0.9975375568695736,0.008509892613264606
347.3,15528.149667004847,19636.80447725088,4139.2517964133995,6.140822391022319,4.78006987715775,-216.62924871749811,0.020608118840509504,-0.064719355777931,0.9976530198769404,0.00866962259653366
347.40000000000003,15776.801925723721,19472.078794238572,4162.640768692427,6.135055525436698,4.774082759822028,-216.80357938754406,0.020367571694465673,-0.06813907782330816,0.9974324867517519,0.008406097125075602
347.5,15780.536107905476,19517.33610902584,4203.45203668945,6.100103303971994,4.79069082343253,-216.3528668416128,0.020292128740944344,-0.0763902236286649,0.9968363213248473,0.008373274907049503
347.6,15728.204923607695,19540.389744827433,4207.849217791348,6.058413401259406,4.718532122231797,-215.9232440048871,0.02022756865703758,-0.07244728692560148,0.9971320757829796,0.008358201246116897
347.70000000000005,15780.85705573941,19593.656764543543,4251.953149632398,6.063165878303024,4.756436983528433,-215.53497071653103,0.020239838640650144,-0.065789552575715,0.9975933687927099,0.00833991873462682
347.8,15680.92501793565,19301.22157316703,4295.164886679303,5.935244350985488,4.598699242963614,-215.78617205603683,0.019395136147378336,-0.06145471688431761,0.9978858182323664,0.008428537074349422
347.90000000000003,15782.475280732344,19210.71163348236,4313.979431579732,6.028233338420072,4.618498673015884,-215.93196427216662,0.019615123922651006,-0.06507975719433999,0.9976519619899175,0.00839254756872587
348.0,15783.256218184471,19211.29481273321,4281.787452100376,5.979890608365817,4.574522850751615,-215.418575789263,0.019529541943828957,-0.0650817692455583,0.9976532656035746,0.008421516125709986
348.1,15784.018689007607,19211.873988017003,4249.799699744977,5.931840420112654,4.4901915081066734,-214.91014461269964,0.019373118178925276,-0.06508471910544977,0.9976557128419608,0.008469962502230718
348.20000000000005,15783.29242455687,18943.00900817368,4278.5440831028955,6.060850871405566,4.451967111022896,-215.07890523174981,0.01918465672748847,-0.06154942335645272,0.997883592033815,0.00848258100033698
348.3,15636.268723344569,19033.611584149778,4251.6494465697,6.0293813896112995,4.420302353467844,-214.7114028752659,0.01912922066466064,-0.06509071138700953,0.9976609522353349,0.008360418218043016
348.40000000000003,15637.151456472378,19033.742977473492,4230.34732933527,5.985428154329166,4.360559070690334,-214.80227993042502,0.019035551666464777,-0.0658076807146841,0.9976157753918496,0.008352342247916424
348.5,15687.290555493664,19079.27326583963,4200.434604938121,5.947819609199008,4.3382924058310035,-214.39894397516863,0.01867105212467997,-0.06446001071326327,0.997711391681463,0.008263034578280856
348.6,15688.124317023789,19044.965107505483,4197.211602727141,6.049057424328458,4.318503380119148,-214.6555761458316,0.018994958091300532,-0.061274467176523635,0.9979052188732357,0.008354961693656113
348.70000000000005,15787.399140037109,19170.654515066446,4181.593609335509,6.06300050902244,4.295238618467436,-214.27982653481803,0.01913217308285596,-0.06367895208774291,0.9977514541424368,0.008425364727252414
348.8,15788.144737527437,19170.940895179883,4149.879614734113,5.990100514292053,4.282418664660898,-213.78294785796012,0.01901192940254815,-0.06367983832228727,0.9977535202717732,0.008446153972309217
348.90000000000003,15789.172011038188,18922.668394767967,4124.976373693183,6.0294547839177755,4.256762445010029,-213.42518667205746,0.01896866569621399,-0.06287549447846397,0.9978052536179307,0.008458000251291179
349.0,15790.085015677672,18985.623735300233,4100.178705876516,6.03580215796108,4.230623689356084,-213.04735823315525,0.01901770273294325,-0.06207534536933053,0.997854095865753,0.008495989876420678
349.1,15790.237298747676,19171.78487922231,4088.5679930744786,6.088357593132141,4.246169751756592,-213.10877511327294,0.0192845405037429,-0.06056001094813063,0.9979420228830258,0.008503560175376741
349.20000000000005,15791.251124175069,19217.98957599624,4058.98106194274,6.074112374915704,4.236893805973703,-212.69749006550865,0.019221053240077304,-0.06307162169550062,0.9977873352179795,0.008541389093429061
349.3,15791.958064136497,19241.61727590062,4028.6606535518795,6.043223037944849,4.206882598879823,-212.2436770945052,0.01926629392476135,-0.06222656275128775,0.9978392015481816,0.008578616453265511
349.40000000000003,15792.47174662576,19309.370163160733,4009.266557979727,6.000507160846067,4.1946474922533366,-212.54918048396124,0.019758599633759772,-0.06369387503647746,0.9977355748334413,0.008741323419992798
349.5,15803.807330864758,19303.110209774182,3985.448789920943,5.978185978237621,4.204797729168627,-212.60575437390892,0.020232747591277186,-0.06525294293854929,0.9976244619755593,0.00883867811056058
349.6,15820.333949908714,19290.54316860054,3954.9890704364243,5.92508401287046,4.18735755608584,-212.9508396254702,0.02031043293839109,-0.06288490198413679,0.9977755102233489,0.00877534129459756
349.70000000000005,15793.89969067239,19304.342644324985,3964.1170495204096,5.871065414316738,4.203543599466005,-213.33573143892136,0.020875754895099446,-0.058317836052676646,0.9980390265058063,0.009018560142012955
349.8,15794.412853111871,19345.646388104,3990.5511864727614,5.837773439035455,4.219007040444681,-213.90219847286437,0.0214648914651218,-0.022933883598712644,0.9994670330188596,0.0088851182293105
349.90000000000003,15800.300544117363,19331.499001400403,3975.384084527729,5.796179755286115,4.179716302038122,-213.95088150245033,0.02119885140869023,-0.04022332549653725,0.9989277719795087,0.008717749308553442
350.0,15795.319975200238,19324.220863317758,3946.6643187468403,5.766021842531471,4.157770782476598,-213.93328537255516,0.02167133601016808,-0.050038655608063365,0.9984715416049127,0.009003707324270827
350.1,15293.307444997376,19300.880800310308,3947.1957979300896,5.719538338094621,4.294412394069035,-214.45286038502428,0.021262489369158467,-0.04126102752860905,0.9988790111503935,0.009281984503413122
350.20000000000005,15221.022070620766,19301.616096534628,3985.599381757746,5.675996740008051,4.276147221057072,-214.40541252631218,0.021105155706744122,-0.0412569738961021,0.9988821748427239,0.009318545433720368
350.3,15125.373359666903,19319.135859119608,3993.521545621031,5.6277269848905,4.263627041331631,-214.53571872778573,0.021287789527331204,-0.053734613261456385,0.9982831296807809,0.009498123468706269
350.40000000000003,15222.24697420794,19333.277483649625,3976.516298570951,5.589606243131972,4.259515752037397,-214.44374743918377,0.021420835744376615,-0.041673252455855764,0.9988529323918434,0.009864445142971693
350.5,14873.548953478328,19382.892169738137,3952.5812354099608,5.56334868353669,4.323537909889237,-214.43944523849723,0.02124444953279706,-3.622539278555372e-05,0.9997259839938248,0.009830004036016204
350.6,15211.01607658476,19325.223054954604,3934.7529115016287,5.543817321421171,4.343391307312935,-214.96686692221041,0.021714924763480123,-0.005549868078106023,0.9997011479306228,0.009760934024319642
350.70000000000005,15224.0454527581,19334.283398197687,3907.63668098198,5.528933421354229,4.330855534239689,-214.47912623244875,0.021404492703068913,-3.5065417900251646e-05,0.9997219026283127,0.009897669815030015
350.8,15237.163387214723,19343.67808047332,3880.5510003973827,5.509202465011961,4.245637728257219,-214.09671566950993,0.02107527750479167,0.005473136036860271,0.9997122319151174,0.010066321041597917
350.90000000000003,15072.623420893151,19320.929858190662,3905.898714503867,5.4987923338500995,4.342871807918761,-214.76838366652467,0.021447812492347142,-0.014519154859185757,0.9996141508691022,0.01003667592940316
351.0,14970.882689125077,19354.03890202615,3888.702134147167,5.532549305291785,4.442226209499384,-214.38419137078725,0.021415082586681414,-0.05688043339130297,0.9981048409799024,0.00963000246661588
351.1,14468.815650723518,19364.22561382661,3859.22854392227,5.493580282731221,4.430709687385517,-214.0894549379308,0.02115973946564052,-0.053707463474947474,0.9982860281538084,0.00963222641589444
351.20000000000005,14336.856404576789,19388.01475434363,3837.5705764956224,5.483924139257856,4.430634202603496,-214.0390283561947,0.021154875749636003,-0.041224127960139335,0.9988848199341293,0.009064160805383914
351.3,14513.462304747522,19440.93595831895,3837.421737231506,5.5970668603947145,4.4591985891417805,-213.71975688228088,0.021861709218433147,-0.005549667562116905,0.9996978900695855,0.00976705945602822
351.40000000000003,14819.912892419887,19493.135670869313,3821.342849091353,5.580720564184089,4.403498164614613,-213.37820105641788,0.02154940046982507,-0.03228802391255917,0.9992033016526649,0.009266542916690124
351.5,14513.89763751778,19440.376737940147,3812.1715398411247,5.553503344499731,4.298124692696792,-213.54149630839828,0.021468124113606893,-0.0055309444117750345,0.9997105559315015,0.009345194491541269
351.6,15127.387964556,19427.731650782913,3811.8708251051366,5.685919861202032,4.309335101733418,-213.55432585120587,0.02122265156196832,-0.014440947046759323,0.999627716953246,0.009245842736781156
351.70000000000005,15281.42130891001,19379.130661503797,3789.394109134818,5.6754685997829,4.2936025849056865,-213.28664655606372,0.021025628652917613,-0.005531181981912448,0.9997200203871469,0.009338618889064735
351.8,14821.56664900554,19403.789314380458,3762.388000118235,5.516703526310988,4.302430539274592,-213.34440438526119,0.021242053530538214,0.005436351645247909,0.9997151819768214,0.009422110572785365
351.90000000000003,14975.588931599199,19415.85677491121,3734.19301234938,5.501515769899678,4.290820873656485,-212.93958347628956,0.021212999407015223,0.010872429512099657,0.9996713711938308,0.009431253793028536
352.0,14428.342521212524,19359.851908658366,3722.3739002657967,5.365401866840605,4.118550310366604,-213.15990029992744,0.020297712145269507,0.028840574377154666,0.9993337496898691,0.009395790655895579
352.1,14342.351160168211,19314.74535464135,3703.124942693016,5.384789668228041,4.166404528766555,-213.5717344994753,0.019703155426364322,0.034679881428445004,0.9991636453913091,0.009005621505685173
352.20000000000005,14386.03437120384,19318.420060412045,3693.7315496044894,5.35686886009677,4.299006321909113,-214.3487407438706,0.020112833249884512,0.036877387902240204,0.9990754057710164,0.009157826360494814
352.3,14429.515957126956,19321.8306538396,3673.2281722968864,5.31795629853851,4.24105355082295,-214.17212120638413,0.020318135391951198,0.029136989140744925,0.9993258559672864,0.009275927622437835
352.40000000000003,14387.003444896081,19319.44335008945,3695.130373900859,5.26441113195727,4.26753855882341,-214.12167773684652,0.020251793271536908,0.02678093170129907,0.9993896635640472,0.009640898704885695
352.5,14473.078263741976,19229.646982556344,3699.0395708137717,5.230856017147441,4.330697602384804,-214.08057746021743,0.02024714522301443,0.016493649434449,0.9996098247044881,0.00991014595827019
352.6,14670.357635278096,19317.94063442263,3696.983073223938,5.202732327402453,4.333511449581555,-213.7442087984402,0.02012244424896949,-2.6662261045936505e-05,0.9997506334093861,0.009682846900690848
352.70000000000005,14127.991536490194,19323.337674254846,3689.0266212304714,5.110116013103101,4.29230647284541,-213.54535404137187,0.020243597768774796,0.010887487057442692,0.9996880300758806,0.009772507250195584
352.8,14040.759599174826,19351.92524979557,3688.9503275330826,5.133711239241211,4.340892882762242,-213.57972768278876,0.020426867691785956,0.005448209330625551,0.9997284292987203,0.009804475677242406
352.90000000000003,14304.548647375252,19328.33838547946,3671.21771143757,5.1552990643948675,4.3052425733173845,-213.23872040004068,0.020382258492880483,0.021676138670662166,0.9995168360425761,0.008989049921867371
353.0,14474.438158355808,19376.74318707758,3680.4521539269404,5.156418766495303,4.438590983683698,-213.48692261461224,0.020971512771562433,0.01650547989933908,0.9996038633885828,0.008937621830465784
353.1,14217.869505597271,19426.468470718457,3673.521153095273,5.0408562312824365,4.519501050555146,-213.79735455409295,0.02150671887708615,0.016769474949387922,0.999582675498542,0.0095247360194722
353.20000000000005,14042.26856204629,19489.78605035474,3667.6172957158374,5.029647277651318,4.4952791815208055,-213.5045382330663,0.022363550895823963,0.005634619972437087,0.9996852073089105,0.009879723520255353
353.3,14130.80844354259,19516.802806682008,3648.513424743344,4.99919872330728,4.45829785282347,-213.11707601173688,0.0227392940324093,0.011371915113989977,0.9996267743523647,0.009995801690433985
353.40000000000003,14131.266489836624,19516.634017796183,3619.404102968036,4.967480388130989,4.382667945700337,-212.62682188018107,0.022831995567260482,0.011373259344800355,0.999626454591909,0.009813268074522206
353.5,14433.899626319804,19516.46226698465,3629.329125511097,4.9907600532608,4.419525599685927,-213.27959403187322,0.02281603238578296,0.011267451934048156,0.9996355212446424,0.009016532539566222
353.6,13955.286453533696,19715.508297596392,3619.732462183104,4.945384767216982,4.400261423158762,-213.1120102862656,0.023266980484185892,0.02525838927639626,0.9993685497313475,0.00911938584411579
353.70000000000005,14044.087884401933,19860.014402068467,3597.8641247916617,4.927700866290586,4.362252384742819,-212.70033194208958,0.022813906208759862,0.005684420067523486,0.9996805922049807,0.009269661304099841
353.8,14221.691466239887,19543.36234408956,3583.490991326569,4.955429440792248,4.24800669185442,-212.4573408751439,0.022513793642820048,0.017135209629958063,0.9995560324925243,0.009340856200012872
353.90000000000003,13956.08158645201,19715.338024983877,3570.542186734432,4.8243650860619836,4.239558092610403,-212.2055636923942,0.022433630838188293,0.025264453348984243,0.9993847573680298,0.009409906739015584
354.0,13798.000671743688,20004.66498961567,3558.774678648229,4.859492863248882,4.2602985907752515,-212.01644699776642,0.022605543556320374,0.030233791178270433,0.9992439646286476,0.009295505620150782
354.1,13728.955221348782,19715.204820988234,3557.03219701985,4.923414906730656,4.318766745917285,-211.74801345258552,0.02239032907531945,0.036901095411846746,0.9990233678423822,0.009449488143216448
354.20000000000005,13764.048745028933,19859.923120427928,3538.3062562896516,4.907800764616535,4.298179884270747,-211.34662829942158,0.022518653225605628,0.027935619949871288,0.9993112077961306,0.009466856287058494
354.3,13729.921827978133,19459.756607181058,3542.794429092915,4.905271811158549,4.291433921187437,-211.48419459167636,0.022793997222131587,0.025797655021734294,0.9993622551702614,0.009486707912982688
354.40000000000003,13675.490678660211,19487.14171045796,3534.400181016829,4.87917883098615,4.368633328469742,-211.96634857638645,0.022874729172061493,0.028220829732723295,0.9992900903109979,0.009982331428033047
354.5,13317.983345671157,19514.591853919934,3510.516195802501,4.819002085555797,4.397814341073627,-211.69937862115063,0.022688278681324697,0.011587989457832756,0.999630939186663,0.009431115076901444
354.6,13669.57847140086,19714.806132886595,3497.2620785164245,4.797463180239963,4.514519359868385,-211.61504391883213,0.022759381191843925,0.025507650062571833,0.9993739665066459,0.009112926249189026
354.70000000000005,13683.796624461142,20004.79358377832,3480.2617151547383,4.770705578520091,4.560179794013537,-211.60250510500282,0.023135400800466346,0.011592508481854717,0.9996238523516803,0.009084095248618064
354.8,13691.190245253072,20149.893226149637,3457.513349133288,4.730366089199495,4.570870141767694,-211.63060095991608,0.02309873067349658,0.01735003994050889,0.9995447389343738,0.008702851483866809
354.90000000000003,13691.69023834031,20149.95223554274,3444.608498671127,4.72262818860772,4.644214795554877,-212.94599772160015,0.022798217528135663,0.01735294357004143,0.9995517102773871,0.008688792122346642
355.0,13678.268723961055,19859.618742180355,3422.232696001207,4.68183722207835,4.578401167382645,-213.77788820809943,0.02276705877048912,0.02823302336124743,0.9993023545625285,0.008908512368010244
355.1,13685.6903871386,20004.816717142017,3395.687325011175,4.642794422332341,4.549473694102994,-213.79518865084094,0.02265398214571894,0.011601837125821222,0.9996361213336524,0.00893416998152801
355.20000000000005,13801.71133306713,20004.81713971184,3459.9416190886113,4.637345910594142,4.509932729520699,-213.64908291992808,0.02261758692753729,-0.03319362363941905,0.9991554192064275,0.008664662814443894
355.3,13959.503609291973,20350.52600035339,3500.776423723882,4.663092760579654,4.481596985779741,-214.04467618664515,0.022868875531675367,-5.137052923914511e-06,0.9996989093218729,0.008894110758538564
355.40000000000003,14319.866285912767,20295.63608046834,3513.2381310844285,4.731925009962679,4.457701834256562,-214.27102306840953,0.0232494370591201,0.023402620532087488,0.9994187578452709,0.00859811000631415
355.5,14713.991027301468,20406.5399090318,3521.2121054158133,4.734980318173841,4.414358506422113,-213.87620071266596,0.023942750302717076,0.029279894818096723,0.9992448135061915,0.008901412717064244
355.6,14320.998743415128,20573.803606893463,3547.387853248877,4.680587702141357,4.379518573680324,-213.58296122807857,0.02444498845473296,0.02465343634744702,0.9993556021794754,0.009112135216763122
355.70000000000005,14715.06885810942,20646.36115598284,3572.002952534999,4.670014749326012,4.503930091240849,-213.68032870482472,0.024226464564361144,0.006035344689965334,0.9996454480205854,0.009253717140043699
355.8,15305.829216418886,20575.93165903163,3622.7519624329157,4.646432589718508,4.688171860843741,-213.85962024742298,0.02366622237855981,0.023410465626729823,0.9994053620892436,0.008987894343831968
355.90000000000003,15330.562556295223,20620.321342269588,3595.1819312854113,4.601736233829745,4.666037609948236,-213.54255072343054,0.023691661044012796,0.02583517413744945,0.9993450175236812,0.008988043438739043
356.0,15355.242923129446,20664.452346781876,3567.751922819363,4.566067983913294,4.649423791710829,-213.1618376256375,0.023594708384635853,0.028245072848372757,0.9992815243696088,0.009052107466479421
356.1,15428.252690244928,20794.454217036073,3543.8636516331176,4.529373675475622,4.707679551132893,-213.0699400272809,0.02346910595185719,-0.005776639011341246,0.9996646634144349,0.00929474195757713
356.20000000000005,15428.604954845145,20794.862554639556,3515.005213075955,4.475355078882935,4.66976693831766,-212.5721071516044,0.023421827664451788,-0.005776235254598021,0.9996686381617661,0.00898147932916065
356.3,15460.973278664274,20624.0131223216,3489.0184619529537,4.438537401089627,4.639472990591043,-212.87447888082332,0.023355990603847084,3.0560543243673965e-06,0.9996886440057051,0.008781385973065771
356.40000000000003,15493.36101001149,20667.606850367363,3463.20427621451,4.420334229401427,4.606639416073061,-212.7213994595088,0.023327553464377086,0.005829081309037266,0.9996726530711719,0.008742640453762157
356.5,15525.769810155358,20710.94065017958,3437.550477048732,4.399905743774517,4.569024044971402,-212.32563325558854,0.023259719747389183,0.01162422106238565,0.9996267288470354,0.00838247556161622
356.6,15590.264719285753,20796.452570500365,3414.8291384429895,4.378853377162518,4.529603547431358,-211.86536466766918,0.02357668410813373,-0.0058513331246734124,0.9996705311797883,0.008290413611473844
356.70000000000005,15633.897415026637,20898.65505693249,3390.7481600428923,4.3892248292694145,4.485691538388055,-211.4560167850603,0.023300822620379733,-0.0607415751077022,0.997848618791372,0.008103498923315964
356.8,15430.579227594562,20797.22187909999,3378.7568284526287,4.5189487329967495,4.441026090868926,-212.49507537335435,0.023483475917461843,-0.005850259804820104,0.9996744400174775,0.008081756912508701
356.90000000000003,15495.10318439464,21001.105337383142,3351.245297197165,4.6375467326045055,4.410382975362898,-212.7711768409083,0.02341513194335216,0.005832412370998177,0.9996763242817548,0.008059853133264985
357.0,15559.684717279937,20756.03099654528,3323.733448132967,4.756474893518664,4.360674423180833,-212.7925727118734,0.0234868830393234,-0.019834983109510672,0.9994921955928506,0.008383956054592629
357.1,15495.763722917873,20672.87634490401,3311.475573381258,4.901678800560771,4.305419919081943,-212.61956671533957,0.023305551916702423,0.006048392675987598,0.9996755941191706,0.008305101948702619
357.20000000000005,15431.771668785574,20798.71082674945,3306.546861745761,5.001122672234672,4.2927934806206345,-212.6713293065833,0.02348848211891475,-0.006160982435441995,0.9996726646298494,0.008055873325490626
357.3,15496.404823211966,21002.31426619151,3286.1266212709274,4.9411873510723066,4.217494628362261,-212.9232981951833,0.022842700435051343,0.006049281681527535,0.9996891493029101,0.007951225942957503
357.40000000000003,15496.71835751795,21002.604575295296,3258.281885619999,4.879002465388782,4.172877619602278,-212.4262559056954,0.02282454005398687,0.006049532181579917,0.9996904021650126,0.00784495703388294
357.5,15464.816958268608,21350.16768629583,3255.5240758338473,4.814304710744115,4.171125591813204,-212.36012739343414,0.023706556236304337,0.02701096539279364,0.9993230941763303,0.007858777628206623
357.6,15497.331925671597,20879.47250741224,3241.363578891974,4.755416074938811,4.085134377757492,-212.06375940617704,0.022863058027963006,0.029292897446800466,0.9992833896997322,0.007205123662656075
357.70000000000005,15529.879739374708,21022.69428006188,3227.1956038685094,4.700587925976998,4.056677855387829,-211.71042054995928,0.023412995884032856,0.03254403931525642,0.9991680016241268,0.007484761801832361
357.8,15594.72865235917,21308.058639130973,3226.362118609727,4.652463727098845,4.045337046592418,-211.78123909449485,0.02388778283176522,0.03779283439106009,0.99897725205341,0.006747249801948505
357.90000000000003,15409.974918174548,21165.91878544515,3206.9469432113597,4.758159862781978,4.037586905387974,-212.66353291226406,0.02431229934905516,0.06988843574789826,0.9972340181600002,0.006987966337516085
358.0,15433.894689916166,20597.61670464031,3181.5004804430628,4.75626384921666,4.0059595631902125,-212.7654844202754,0.02394222123953859,0.07602335985781238,0.9967949007564592,0.0068661942855843955
358.1,15434.137863999933,20598.507304252274,3154.1471449908445,4.71276121246217,3.976231233837018,-212.26773441679057,0.023844919308676563,0.07602405351539332,0.9967971656436349,0.006868309476660018
358.20000000000005,15466.723751007805,20741.24584501526,3127.1544791624137,4.747164689856167,3.953507201156076,-213.89103558012866,0.023888727304002436,0.08968749600932717,0.9956592659121216,0.006935990967915783
358.3,15411.066548754688,20392.710240885695,3100.746093443972,4.37033183419627,3.896428598609968,-216.5006361245742,0.02378892809281772,0.13385068568308725,0.9906913422568927,0.006981777681834995
358.40000000000003,15411.328535026618,20393.35552775423,3073.7344753695556,4.319916522470639,3.862991960418192,-215.9670369148568,0.023541912041726572,0.13385248341229453,0.9906969605070924,0.006987381754975186
358.5,15499.887261318174,19978.003416718177,3059.99234115602,4.507979242466176,3.8418456162609127,-217.1417929478104,0.024992375847655773,0.1571977392596877,0.987221468821859,0.007617310440285787
358.6,15639.2414297779,20744.11312872942,3067.7778854518856,4.832956000790448,3.849525482001442,-218.58048620793193,0.026382497563810635,0.18191468287020765,0.9829308670463863,0.007610688928508257
358.70000000000005,15565.323015895961,20395.251395773357,3086.3878820749846,4.6422799346556145,3.9158141011415717,-218.53795634032966,0.027661565716940967,0.24001041933211034,0.9703404394589242,0.008322736615658511
358.8,15468.192764975713,19769.92766877911,3075.3358066373385,4.28046173210701,4.018719302454746,-218.61918051864023,0.029163615170451254,0.20223080805116797,0.9788580670441009,0.009437606044326705
358.90000000000003,15468.42373864664,19769.895666104403,3048.3320418863213,4.234008188991862,4.005904724628428,-218.06255640571501,0.02885785822709783,0.20223542577854695,0.9788663333342273,0.00942114873675051
359.0,15501.174090745813,19472.9484748063,3022.3717080610336,4.285953477799583,3.6315451258328033,-218.34268844676194,0.02654073548374467,0.21577913524495249,0.9760397822504444,0.009016519141421606
359.1,15389.765287896562,19502.185767345767,2996.5310307333125,4.316031919801463,3.7142320317046216,-218.37033478759918,0.028436570132786713,0.25426817564053084,0.9666672828999058,0.009665428414339467
359.20000000000005,15390.028149904974,19502.141938447734,2969.8739089106284,4.2505560067368675,3.689892378520938,-217.81236110557006,0.028254723008482682,0.25427507302344016,0.9666713465543278,0.009610703277116113
359.3,15436.716316675975,19415.18779822287,2945.202168235775,4.316269108423829,3.288813931409039,-217.39443875264314,0.028206172432580886,0.30136086548791846,0.953042165943774,0.009832116876653073
359.40000000000003,15436.904690596137,19415.446549034237,2918.7720288881255,4.232995800685368,3.2483958168416454,-216.84795798003452,0.027889148135598587,0.3013654487550804,0.9530501176328932,0.009825222279840371
359.5,15437.089347372794,19415.70189225506,2892.45094347112,4.149793249478536,3.208283471569894,-216.30710440218309,0.027544429804936946,0.30136888550354046,0.9530571174963353,0.010011494726132714
359.6,15437.270184224808,19415.953996627104,2866.2361040760843,4.069609617964941,3.179709159056032,-215.7717958080057,0.02716586267376485,0.3013712750071016,0.9530634999106712,0.010360291685377285
359.70000000000005,15437.447378596524,19416.20276628644,2840.1269685349066,3.989336657312187,3.151536949801951,-215.24184515521043,0.02688531609197149,0.30137416546558454,0.9530655892021389,0.01080624112894879
359.8,15437.620945477354,19416.448235979893,2814.1234937063396,3.9113979154311562,3.1231231791828713,-214.7172335636067,0.026464442142116365,0.30137649838271163,0.9530723333793663,0.011178858237413694
359.90000000000003,15511.353953926178,19445.054668467947,2813.286916622639,3.949498071761294,3.1782429038592785,-215.64530603470092,0.026037537062800847,0.33918855456214886,0.9402896605377573,0.011336904495173218
360.0,15511.472634022011,19445.194765899254,2787.3903739186126,3.877487448804301,3.1373549783151784,-215.11260134497445,0.02567651699522041,0.3391928069115038,0.9402943904423738,0.011636817309472185
360.1,15585.055922593276,19473.49899447881,2786.4625194573864,3.9365365050534256,3.1512038353648153,-215.04239028388847,0.025386383928034672,0.37489692446488976,0.9266474093161085,0.011506795625613724
360.20000000000005,15392.458035547068,19501.60475515802,2785.443821430958,3.5756694990316342,3.138992560388759,-214.77981235707418,0.026615951421848267,0.4272481818741791,0.9036630054259897,0.011989780631267856
360.3,15392.682323557749,19501.542326559615,2759.660344514332,3.524020575844974,3.0723839990917536,-214.26290292941044,0.026663256608967033,0.42725216218635015,0.9036625605289536,0.01177443639196558
360.40000000000003,15392.903373236577,19501.478528620624,2733.9777309442475,3.4750162146765042,3.0070962117459654,-213.75048749481027,0.02676267903631286,0.42725233147630826,0.9036627943976494,0.011522077950165693
360.5,15393.121254706564,19501.413421458463,2708.394766996578,3.434527025310188,2.942439777247312,-213.24277679943498,0.026808259001375886,0.4272534008499718,0.9036600277393327,0.01159322981730016
360.6,15438.886743711353,19556.711854412642,2731.7037092638334,3.4360058577707453,2.9135495847320247,-213.0082755077368,0.026279656909968425,0.4835242720272648,0.874860608738054,0.011514046711716255
360.70000000000005,15585.413466592983,19981.44734888976,2745.773368306705,3.7342639332570924,3.166998169275988,-213.12068034918093,0.026013888717425732,0.502715193098002,0.8639783915912113,0.011918518603390528
360.8,15804.905568860577,19556.1957509112,2779.292557692887,4.16385847804489,2.8646412278853437,-214.25700619908304,0.02529933310189517,0.5436112760293631,0.838868578560894,0.012092651551751453
360.90000000000003,15857.974841845773,19981.68403322293,2769.7030016021486,4.2442055663335125,3.111654077963275,-214.69014661740567,0.026222531389650708,0.502732172706647,0.8639546857222669,0.012451601973719141
361.0,15857.966362832953,19981.798313153737,2743.8934963612814,4.199252986824513,3.0839037739471453,-214.16890896375276,0.026316217384095286,0.502745086508574,0.863946400690714,0.01230656034965719
361.1,15884.608271325402,20195.154174435862,2726.231712817952,4.221038170850645,3.18938754128149,-213.80798887094514,0.03046817702497131,0.3415899028748359,0.9392512757535835,0.013966726101742127
361.20000000000005,15938.012563774111,19555.163466241796,2716.604931884419,4.3153803591617,2.767061637812442,-214.1600623734555,0.028192912831062268,0.48350160312698853,0.8747981002665042,0.012634999400367006
361.3,16045.051471420258,19768.51547009971,2705.913840419596,4.343423082424641,2.8729552883857057,-213.71912918833834,0.03016710392242056,0.5433980487655576,0.8388165486705779,0.013975124868801847
361.40000000000003,16152.233767671616,19473.837681753714,2695.2443821233737,4.369282207662984,2.9747146803259543,-213.82037671081088,0.02897815107014118,0.5435016185716589,0.8387955463204126,0.013721838199880557
361.5,16152.470660458577,19473.8520649909,2669.744067307047,4.325138484064504,2.947830661642706,-213.305021424683,0.028995359960693527,0.5435143725869922,0.8387867245023573,0.013719573270496378
361.6,16152.70395794461,19473.864995233853,2644.3420503285956,4.281620522804713,2.9236724749774776,-212.79462144345078,0.029121380102418083,0.543525648102774,0.8387761388687084,0.013652982820296668
361.70000000000005,15911.600306788989,19527.209308810387,2648.5788546041717,4.039336428283753,3.141579775696781,-213.9501491573535,0.03302537635772016,0.6941319447717831,0.7188928818045923,0.016828317041871623
361.8,15911.648856096985,19527.041378378475,2623.2944356109438,3.999297429884213,3.1132221498020782,-213.43490021515612,0.032961005760758146,0.6941520975603823,0.7188768000947242,0.016810230139134276
361.90000000000003,16046.00919398538,19768.037485794903,2712.5767588475433,4.0932718091771925,3.229811234589634,-214.1406496168125,0.03468508688065492,0.6339318278235526,0.7724140439502644,0.017433505923085645
362.0,16153.602072336305,19982.802303488224,2786.2900954694273,4.1098988964431,3.2317523579527774,-214.1490226879565,0.03685566899867294,0.6779584468389189,0.7339477577557421,0.018294614173019117
362.1,15911.781264976746,19526.53597887911,2958.0382050089697,4.179159895041471,3.2695552843169065,-214.42865479521163,0.04262993045555566,0.5697384102971385,0.820494335971556,0.019232199563215424
362.20000000000005,15938.863863393724,19552.59458937739,3029.679811455351,4.187888513694396,3.275246452035033,-214.2568171058699,0.040538688617249574,0.6427521502835137,0.7647944059814141,0.017770892229959045
362.3,15938.93504755344,19552.339378565106,3002.5877094874922,4.141247397468598,3.249461353619478,-213.74163868353392,0.040738543082449216,0.6427382295355869,0.7647762183964943,0.01858158163710348
362.40000000000003,16154.44596908056,19473.916716904107,3090.259191869685,4.619644011805652,3.112658514860361,-214.63206326398839,0.0344429011023873,0.6257602335893165,0.779080244455879,0.016486034103536273
362.5,16370.227160341372,19346.368132171738,3177.032490582091,5.09977005792348,2.9171854236282067,-215.65355148424018,0.033116334423083066,0.45858622231691887,0.8878640873952264,0.017301659149275596
362.6,16478.418905781728,19422.14293974857,3206.1056916848006,5.318394520028233,2.9763132316349745,-215.35433308122273,0.03036706669639492,0.5433589235643074,0.8388191452992102,0.014878270154699962
362.70000000000005,16478.816930343837,19422.308496461275,3178.23979977531,5.2742899160527825,2.944913538567344,-214.8257769943393,0.030419355862665705,0.5433650333194883,0.8388146238384191,0.014803046626406193
362.8,16479.21044403642,19422.471599878583,3150.5002482898085,5.230801258136519,2.9135711491923355,-214.3023479390515,0.030479395497916673,0.543370286781628,0.8388089152868179,0.014810183263039865
362.90000000000003,16047.371155272607,19448.26930424789,3139.2127964351102,4.131763126048133,2.924086996971392,-213.973833921349,0.030410230589174206,0.5435084362554751,0.8387305747800152,0.014311552111034118
363.0,16047.49263693003,19448.345689787668,3111.618141496525,4.087448876957404,2.8940407747063235,-213.45925078486079,0.03046717742179661,0.5435151310827614,0.8387242047880947,0.014309496378827611
363.1,16209.325277027767,19499.36698065947,3116.377791030354,4.571255510824285,2.952534056735974,-214.10870984689035,0.034649525359882055,-0.26901720333558,0.9623931482274639,0.015118959840826599
363.20000000000005,16209.510265705596,19499.278067787436,3088.8241769082106,4.527616804494112,2.9249407000478698,-213.588809750899,0.0344443210602675,-0.26902042749932104,0.9623955246458332,0.015377011297746787
363.3,16345.401781084345,19524.499532807735,3077.305034433646,4.748358741743283,2.944705323707801,-213.3576525072927,0.03466444106362851,-0.1877903557125535,0.9814761124986823,0.015420746466140845
363.40000000000003,16481.4780129852,19549.56330347864,3065.7067798737694,4.969274748483759,2.9664431117447223,-213.21146501538692,0.040358327772140996,-0.1258130315395939,0.9910734842466307,0.017766127813822336
363.5,16481.840490567472,19549.315151707113,3038.3265423980006,4.926179242744212,2.964627100936535,-212.69804868920338,0.03993990458905581,-0.1258178357418538,0.9910911726590146,0.017690780311565135
363.6,16584.024222330903,20178.94808485888,3096.846347448046,4.908393843839739,3.35001080274094,-213.96977458556736,0.04066773116763721,-0.4280414146573531,0.9026444070773387,0.01896727054186562
363.70000000000005,16584.646043579396,20179.035140932927,3069.369877436671,4.867331858345536,3.3174307506436813,-213.45319197351083,0.040446928079337315,-0.4280459535380199,0.9026519654210494,0.01897727562609816
363.8,16636.440399306968,20556.698132189675,3084.5737279539017,4.841272482557398,3.3501733225272967,-214.37722176488626,0.04235301313433095,-0.5931089437512721,0.8037663064115297,0.019690804916524942
363.90000000000003,16688.490771700835,20934.3055279997,3099.5727012565726,4.817232381363765,3.5570511661605186,-214.7582882949642,0.026688361115611733,-0.86137331582669,0.5071291641267222,0.01198970620274998
364.0,16689.3525920145,20934.334143059452,3072.1382505785405,4.778308061234413,3.5161074311324185,-214.23187778826028,0.026455846878610828,-0.8613771627204584,0.5071338117681519,0.012031985334641938
364.1,16483.924417412978,21311.85695115611,3086.8976131841264,4.758248805926287,3.724139513475751,-214.81147091698844,0.02057143578832308,-0.916650043685184,0.39903729844023206,0.0099371975465217
364.20000000000005,16587.653334200597,20179.449035797392,3150.6846982597003,4.9142207042336175,3.8994435376012775,-216.81203644907154,0.021476143260595167,-0.9457273578773927,0.3241021333863565,0.00981564910277774
364.3,16276.152671861291,19025.419700646085,3213.5852836954577,4.663567753744593,2.4453219820025067,-216.65675426374162,0.020329187207699467,-0.927157532921876,0.37398408449229675,0.010076598640089472
364.40000000000003,16484.909061713446,19056.97017787913,3230.550578231435,4.646430071090414,2.425370970069274,-216.42220234214292,0.019059927559841674,-0.9284775576552772,0.3707796997277073,0.009410545241193412
364.5,16485.22898785611,19057.50956159678,3202.3349898976503,4.609442517312824,2.395811588426024,-215.88106155452735,0.01898558224008548,-0.9284758587272562,0.3707850132361827,0.009518476093003816
364.6,16485.54476733182,19058.036658097975,3174.2505994552635,4.572864691738994,2.383953167795417,-215.34442023133,0.019233629959993368,-0.9284686818109719,0.3707898935360091,0.009530436837490943
364.70000000000005,16485.856502550567,19058.55160027615,3146.298581282552,4.53601116819398,2.3775959060306624,-214.81299530998533,0.019397608595641817,-0.9284634257386112,0.37079384469354254,0.00955638968826043
364.8,16486.164181762513,19059.055254518178,3118.4761067661316,4.499580525556769,2.3706140912709253,-214.28665609901617,0.019468616726253232,-0.9284610741164249,0.3707957496993528,0.009566546829231365
364.90000000000003,16539.03439972448,18932.80066229314,3114.8813912447763,4.545507245407725,2.6857653264016625,-214.12029345787153,0.0198999286791158,-0.9251435239769797,0.3789637303898106,0.009997196159947257
365.0,16539.45463730628,18932.852617674464,3087.2302149036104,4.507337894052,2.673045117866942,-213.59855523322403,0.0200004329784204,-0.9251395742850139,0.37896509503588005,0.01010977333402703
365.1,16592.67688124801,18964.80101557247,3083.6380431174375,4.548636635314673,2.9705205884975268,-213.77072316985942,0.02047478308981816,-0.9216559600834257,0.38731662183687215,0.010812444173137882
365.20000000000005,16593.206603773506,18964.950753260528,3056.154838830745,4.509491816724281,2.952449406833046,-213.2520438738771,0.020602789361583444,-0.9216515472486292,0.38731731673257175,0.010920012994985982
365.3,16593.73095725772,18965.095921337343,3028.795294096726,4.470491805986803,2.9324715297988475,-212.73833775931783,0.02066987524865448,-0.9216485844857004,0.3873183400147707,0.011006655300870383
365.40000000000003,16647.411368873654,18997.44073747206,3025.2493092549885,4.50631197139643,3.208037885344615,-212.63066890236803,0.02148836385764067,-0.9180049689818695,0.39586300348708336,0.009879757765444122
365.5,16648.041958913294,18997.675129973788,2998.0528316883783,4.466474729963775,3.183149573642202,-212.1220644298794,0.021355883124274107,-0.9180066823143646,0.3958657099873161,0.009899350402621973
365.6,16648.666744896494,18997.90363602361,2970.9763974639945,4.427199625828687,3.1587900151497315,-211.6183778797917,0.02123570182677793,-0.9180082122052278,0.395868137979022,0.00991890239431233
365.70000000000005,16649.28573677879,18998.12623742249,2944.018679015662,4.38869188864821,3.1341398724769944,-211.1195536920074,0.021108099127413193,-0.9180099625119145,0.3958704099839227,0.00993858034438032
365.8,16649.89897163771,18998.343454447637,2917.1773975897963,4.350430826977498,3.1090019572840477,-210.62560922098774,0.020985860037613276,-0.9180114908046773,0.39587294448112115,0.009955312998748711
365.90000000000003,16489.292665405625,18900.52233723707,2937.062687274371,4.447912486880498,2.276966038025612,-211.41215533631063,0.020456821503860165,-0.9101873558182063,0.413548389483938,0.010873146640333281
366.0,12693.364108398504,10808.617712443282,2962.976832413096,4.001964174771129,2.1402465760758704,-211.41400351902635,0.024961487689120317,-0.8787384021832055,0.4764987554849701,0.012028328318090187
366.1,12764.044695291097,10309.62296904943,2953.564776549405,4.003101669334669,1.88355337931127,-211.5294788279066,0.026525087345927435,-0.8613475120230722,0.5071521728061744,0.013174099245511654
366.20000000000005,12834.75148467202,10325.185605590648,2944.1975426340923,4.006131185255222,1.8955853584507416,-212.53149661096467,0.021567005260199654,-0.9101629828745026,0.41353781821439456,0.01116610028491842
366.3,12835.206150323997,10325.355188186522,2917.386383119247,3.971359041884407,1.8680199432028628,-212.021444789576,0.02140107939439361,-0.9101651475247875,0.4135389776218761,0.011265523484948584
366.40000000000003,13566.63965023517,12034.991158464565,2925.435239253015,4.035277932551626,1.9147377831126804,-211.52373689841244,0.021985772932555346,-0.8879128600000873,0.4593135600714012,0.012586992077496695
366.5,15028.930180481211,15454.262640181372,2967.6036784669436,4.182601216288943,2.0451049212864922,-214.40801435908287,0.023313271444365964,-0.83045880299332,0.556470621935322,0.011623890414975857
366.6,15760.154025059399,17148.416280216337,2974.843996744471,4.2214949132850785,2.105262535934236,-215.4604699192057,0.023774533168388987,-0.7943221607394763,0.606899276902362,0.012662710064780895
366.70000000000005,15760.432499068505,17148.72514565074,2947.7178918779396,4.16849767990494,2.0882273772443005,-214.92111356526505,0.02354991154992679,-0.7943234050031951,0.6069046303997914,0.012747530326037431
366.8,16491.528515815633,18874.615946509697,2954.677841198344,3.800806180509225,2.1550658296468526,-215.09583465216105,0.01925860548917891,-0.8507558978349331,0.5251438090926323,0.008215119315646247
366.90000000000003,11747.210349737197,18913.51056167216,2982.066549521864,3.840487666339955,2.33289368966009,-215.5632045029789,0.019569142242162725,-0.8063583502555142,0.591037497372659,0.008828156352011089
367.0,11747.690774787385,18913.904933423648,2954.85806621864,3.801367858663186,2.3054727428732065,-215.02423632290328,0.019411907699092457,-0.8063596555971061,0.5910411635344467,0.00881060001622148
367.1,11748.164997047574,18914.292970937717,2927.771527991211,3.7622255801134497,2.2783928907394357,-214.49049281301365,0.019252601320666397,-0.806361394125923,0.591044390625371,0.00878451569351013
367.20000000000005,11748.633300719273,18914.67500979133,2900.8037693957885,3.7234529562783387,2.2509123330130985,-213.961989187488,0.01910369739316407,-0.8063631379533189,0.5910471125923688,0.008766367104514505
367.3,13004.06141793835,18953.434916526756,2927.3446642122885,3.737575285317274,2.3746660705134675,-221.01581244892938,0.01927502350438686,-0.7564843484479583,0.653658249818046,0.009528718013572189
367.40000000000003,13004.587357875851,18953.782514438353,2900.3548207697622,3.693046215879481,2.337350111134743,-220.414989515835,0.01912341830665003,-0.7564853984555944,0.6536612457820534,0.009545289854343062
367.5,13005.107196858686,18954.12417430434,2873.484802242059,3.633992499974801,2.3004669929489965,-219.82056356804614,0.019497296614815467,-0.7564786723948036,0.6536576541644559,0.009567904092850462
367.6,13005.621047836386,18954.46002978978,2846.730086155802,3.5933182161478605,2.2639633504844663,-219.2324240251524,0.019943667467704432,-0.7564699764317891,0.6536522923593063,0.009700802989957838
367.70000000000005,7514.0531857828355,18993.08168272801,2872.478102427169,2.519813483229589,2.341083008693817,-226.09426988233548,0.02061603785726095,-0.9712134205043979,0.23702986400981582,0.011675375056242136
367.8,7514.30311088678,18993.382558897472,2845.7114723808613,2.4786931391610167,2.2963887298227297,-225.4382668209403,0.02044313541552999,-0.9712154383680264,0.2370289573150811,0.011828942645481627
367.90000000000003,9005.455924505482,16832.32132417561,2870.9649924487117,2.991847586599984,2.3487693114673913,-229.3998977293633,0.019800148872988005,-0.9194590190597892,0.39258861517441634,0.008788948153890542
368.0,9005.752633197346,16832.622124952428,2844.189827423072,2.9428154338166586,2.2970049538955672,-228.70787289785986,0.019621798072718827,-0.9194604271793705,0.3925902543318164,0.008966610017318896
368.1,9006.044465476241,16832.918988501435,2817.531334989241,2.893269792305044,2.245998533933553,-228.02337808126063,0.019443320833598256,-0.9194619689154413,0.392591366905445,0.009146782189170137
368.20000000000005,10497.40133058878,18880.01508948222,2842.1926054106516,3.3755052523295856,2.2708688539167743,-229.47659528610856,0.01883074471145678,-0.9665379351456671,-0.25566805823647454,0.009146965373990661
368.3,10497.73601707603,18880.362109638805,2815.5339984304487,3.3180864427755226,2.2137839138528856,-228.7810083967148,0.018466890081155714,-0.9665415440385816,-0.2556752800374142,0.009304235381540533
368.40000000000003,10498.06498186894,18880.704439846155,2788.989441982949,3.2618732742815846,2.1602955038091154,-228.09312184788075,0.018127551562446675,-0.9665454070600314,-0.2556792313314385,0.009460371624507607
368.5,10498.388449043328,18881.042254300326,2762.5579495264733,3.20749889194407,2.106290882694595,-227.41296230826404,0.017799770286385155,-0.9665490352967437,-0.2556827517566177,0.009615664243811533
368.6,10498.706345969376,18881.37539957384,2736.237782744256,3.1509029876684638,2.0552108869291073,-226.7400998026035,0.017433864925413333,-0.9665528963906024,-0.25568752638830466,0.009769732961038847
368.70000000000005,10499.018763457292,18881.704179982746,2710.0278063495093,3.0973590209936748,2.004244025786708,-226.07460933328383,0.017125041329574008,-0.9665550836478455,-0.2556902332186342,0.010025361368419876
368.8,10499.325739854048,18882.028576714387,2683.926842508917,3.0423724300975286,1.9553090279397642,-225.4164471476632,0.016755931955142637,-0.966557533389587,-0.25569499634420284,0.010287965624457345
368.90000000000003,10499.627342365551,18882.348665586767,2657.932917349516,2.9896735077478853,1.9073401349509522,-224.76546452062772,0.016460368723548773,-0.9665593003821498,-0.25569781753947135,0.010526215455011962
369.0,10499.9236154163,18882.664526984725,2632.0450375055943,2.936321489403012,1.8606744707914586,-224.1215558188556,0.016407349273616804,-0.9665563953230579,-0.25570090260786005,0.010797312417246909
369.1,10500.214626180483,18882.976080898068,2606.261823731217,2.884185041792477,1.8154880236301538,-223.48464310757944,0.016426166090720694,-0.9665530523960303,-0.2557025193378344,0.011027219765689161
369.20000000000005,10500.500505716975,18883.283580156905,2580.582036634269,2.832659765270274,1.7711248996519338,-222.85464580263482,0.016443965117683715,-0.9665490181081954,-0.2557049268716535,0.011295219291986364
369.3,10500.781152066129,18883.587171855168,2555.004255505387,2.7811237665161266,1.7269408548955854,-222.23148405669085,0.01643708021729866,-0.9665457994339675,-0.2557070144846333,0.011530946788469248
369.40000000000003,10501.056744418383,18883.886674328758,2529.527325669997,2.731111182305113,1.6856334497126773,-221.61498947817506,0.016472277205879123,-0.9665416769062214,-0.2557088377121992,0.011783089698302437
369.5,10501.32711296145,18884.1822127491,2504.151613585709,2.6806923946185126,1.6479074612944382,-221.00515570220668,0.01645371193535371,-0.9665383439272185,-0.2557110545704484,0.01203169366496518
369.6,10501.59278836739,18884.4739298155,2478.872994822733,2.6343282874471377,1.6296231185720107,-220.40185278800232,0.016490621503409998,-0.9665350715714934,-0.25571150246373453,0.012232838283030255
369.70000000000005,10501.853829480815,18884.761735852535,2453.691401044127,2.585689841050998,1.6125747261965413,-219.80502226694261,0.0164816834833171,-0.9665353403418021,-0.2557141982374609,0.012167119613333492
369.8,10502.110017817047,18885.045724912627,2428.606478943217,2.539310399774725,1.594311095261419,-219.21458950536024,0.01649834451242503,-0.9665338236420781,-0.2557154938475355,0.012237589243185588
369.90000000000003,10502.361742794565,18885.32576922976,2403.6160047904536,2.4943128327408393,1.578724439193012,-218.63017066530912,0.016414874882047573,-0.9665346018318506,-0.2557175317547008,0.0122457869341375
370.0,11759.430556731862,18923.31535434185,2385.6823470830373,3.125536504354643,1.708368023324819,-221.3729870759627,0.014343621319856907,-0.9950000620149405,-0.09796837823352554,0.013089460798281848
370.1,11759.7409169357,18923.56225807788,2360.873220310145,3.0815713331522314,1.6897998674493133,-220.76787240484884,0.01411107299094522,-0.9950023958236937,-0.09796958312177238,0.01315563404400283
370.20000000000005,11760.046834108727,18923.80557436016,2336.155977627314,3.036392710268867,1.6716036875922267,-220.16921671021072,0.013896797067840506,-0.9950049906516799,-0.09797112112151361,0.013176002265446626
370.3,11760.348299555182,18924.0452176062,2311.5286567226676,2.9943439946651433,1.6535243437378235,-219.5768105445941,0.013672704981710826,-0.9950059492171685,-0.09797208974088745,0.013329958466855914
370.40000000000003,11760.645509635518,18924.281163183456,2286.9909831822124,2.951288860097516,1.6366090451093807,-218.99072857979198,0.013398381077962356,-0.9950074700148192,-0.0979734341444079,0.01348422045020941
370.5,11760.938597975755,18924.513918978668,2262.5406082451336,2.9105294586196755,1.6193990690418114,-218.41084002375845,0.013068742362312601,-0.9950096218533777,-0.09797456873613936,0.013639804735887094
370.6,11761.227579314615,18924.743059109376,2238.1781324525145,2.86984301201565,1.603327441713947,-217.83696891192676,0.012809017766821487,-0.9950107399512491,-0.09797573689746869,0.01379534069586024
370.70000000000005,11761.512531619788,18924.968988926412,2213.90064114648,2.8302398866153475,1.5868668880284986,-217.26901306583252,0.012468830498122262,-0.9950127357698678,-0.09797668672227992,0.013955385365384924
370.8,11761.79371736124,18925.191564666213,2189.7103311878705,2.7930085487423653,1.571322239050325,-216.70672495533697,0.012207327960406406,-0.995013790339665,-0.09797723094487656,0.014106749956481627
370.90000000000003,11762.0710658446,18925.410785380915,2165.603132031799,2.754517674441418,1.556325052757594,-216.15003752597343,0.011896926475238207,-0.9950151084476687,-0.0979788171679229,0.014267042009170203
371.0,11762.344489825931,18925.626202495558,2141.5835985805156,2.7189199117298903,1.5408267980002222,-215.59887300166704,0.011635724045558238,-0.9950157010828575,-0.09797949336620455,0.014435491132167756
371.1,13020.166677024661,18963.269427023202,2124.557036088023,3.3337832998236814,1.64502669985025,-219.03157553073063,0.01201242384545274,-0.9978510338840706,0.06271270739896792,0.014701434642248436
371.20000000000005,13020.49476760582,18963.45048333027,2100.7483722457287,3.2965367506203567,1.6295988910837758,-218.44867137189576,0.011961890310949068,-0.9978513428307575,0.06271253316492613,0.014722397056218018
371.3,14278.498907654483,19001.013100874825,2083.9514074629233,3.9041373709874576,1.6085951429541077,-220.8428593405876,0.009075958997928832,-0.9789087437124474,0.20359218348226388,0.014336013271135562
371.40000000000003,14278.885723273388,19001.166480321783,2060.2634916744983,3.864583482789853,1.5867671323637593,-220.24080949724433,0.008889721916682422,-0.9789095280689109,0.20359274631681212,0.014391050945806103
371.5,14279.266675383216,19001.316243622252,2036.686930366859,3.8261043180743375,1.564565542880585,-219.64499919294192,0.008694864571246297,-0.9789098145365538,0.20359297738612553,0.014487024993078959
371.6,14279.646464192781,19001.464529638088,2013.142544532025,3.78764664734723,1.54350966147312,-219.05544224333008,0.008590204588878126,-0.9789099130799795,0.20359280488871992,0.014545111082824178
371.70000000000005,14280.023268986302,19001.610652179093,1989.661292020086,3.749988439665067,1.5230894731445055,-218.47195679014726,0.00841265803031417,-0.9789101519162859,0.20359286530299747,0.01463170727613704
371.8,14280.396463904788,19001.754196848815,1966.2541319037316,3.7129464277009054,1.5024908835800073,-217.89448842420995,0.0082961122513032,-0.9789102436940567,0.2035926565671296,0.014694880206899895
371.90000000000003,14280.765887457572,19001.895213037693,1942.9235441718502,3.675814234327964,1.4885158844885016,-217.32296310911624,0.007839215004165104,-0.9789128919815899,0.20359312010220837,0.014762725608985911
372.0,14281.131600218432,19002.03368805248,1919.6671087695843,3.6391054108173195,1.4678808597264652,-216.75714793575247,0.007341361826588158,-0.9789154975721526,0.2035934359022838,0.014841356983057904
372.1,15539.673871903455,16842.024361459433,1903.4082926998624,4.216166578075083,0.7614038590559482,-217.86296307390654,0.006749036130811023,-0.9419651857098671,0.33528518091708986,0.015488281998814524
372.20000000000005,15540.093440286964,16842.19183612988,1880.2914384965738,4.175892483936843,0.7429279624666083,-217.29332343052675,0.00663656458592645,-0.9419644306700317,0.3352849888955438,0.01558664762849724
372.3,15540.509051009383,16842.356618444308,1857.2461703222918,4.1366293557234455,0.7259942362151222,-216.7293582560547,0.0065178899208444075,-0.9419637903107339,0.3352847991385166,0.015679232157861933
372.40000000000003,15540.92071515784,16842.5187097078,1834.2723520249885,4.097141999011746,0.7083367712469201,-216.1710175333029,0.006389446947894426,-0.9419632172026956,0.3352846321075757,0.015769840751726667
372.5,15541.328041746292,16842.677836200277,1811.3753563960038,4.058342309450049,0.6920162839294604,-215.61822639106623,0.006282939946201876,-0.9419624436992997,0.3352843879090207,0.015863749561477573
372.6,15541.731998303447,16842.834651321173,1788.539860234722,4.019658824621401,0.6750993976791485,-215.07093158682974,0.0061501693461060245,-0.9419618708349398,0.33528423579714317,0.015952759513017264
372.70000000000005,15542.131986257571,16842.98875677117,1765.7748718042067,3.9813594216109984,0.6578160894204932,-214.52902465361532,0.0061560327054428,-0.9419604733772339,0.33528372674601736,0.01604345460207821
372.8,15542.528196729161,16843.140251475426,1743.0774890484927,3.9436308640210567,0.6423678831697168,-213.99247274634675,0.00613204364466931,-0.9419592721749513,0.33528333546189937,0.016131105539279836
372.90000000000003,16801.576140727077,18892.12688824849,1727.3229310446293,4.482365862302572,0.7358890966862206,-215.12867143942313,0.006085735952209027,-0.8859897511171436,0.4635316595518032,0.011114194818035054
373.0,16802.022032369285,18892.3052135404,1704.7558651053562,4.440363984375119,0.7191098855272283,-214.58439643194785,0.006092540880325465,-0.885989797591138,0.46353191927875015,0.011095914554191769
373.1,16802.463970435612,18892.480751023533,1682.251068871068,4.398848262004717,0.7011296035048613,-214.04549987058243,0.006031148008727159,-0.8859904315220326,0.4635324359003314,0.011057186504904278
373.20000000000005,16802.901651429762,18892.653291753464,1659.8131998885365,4.357626547473965,0.6839393424333211,-213.51199678364307,0.006050812204437346,-0.8859905661788106,0.46353270063923524,0.011024506878515661
373.3,16803.33544742824,18892.82309551171,1637.4361380565767,4.316657721848136,0.6669108729963217,-212.98369619941758,0.005991577885976063,-0.8859910170059266,0.4635331499708186,0.011001711565505508
373.40000000000003,20970.653581662904,18929.901721685674,1742.3889070864336,5.9579940187487646,0.8503034311002985,-215.5416164357189,0.0075959226394910736,-0.8437740414270154,0.5364958047136524,0.012645967650862415
373.5,20971.246731928222,18930.04575628023,1719.7041286776525,5.9051734682061205,0.8315845574258691,-214.99097475508705,0.007560921241673303,-0.8437647815790567,0.5364924291599031,0.01340519641521683
373.6,20971.834609815392,18930.187200890305,1697.0867466612965,5.8526447293996355,0.8118316644507491,-214.4458734394644,0.007533571638484832,-0.8437609837370097,0.5364913948556178,0.01369784170571546
373.70000000000005,25139.804291027576,18967.178259588898,1800.5148594986522,7.445007425618322,0.9875689402335242,-218.2388573501714,0.007863265331979893,-0.85192159482753,0.5235580088080081,0.007401130848073264
373.8,25140.54296491992,18967.293474770177,1777.6487902070976,7.38112215106954,0.9664810159860269,-217.65922996108887,0.007823486425801161,-0.8519217210878229,0.523558075949872,0.007423968384565397
373.90000000000003,25141.277417349742,18967.40783162168,1754.8200427546446,7.3175331402851675,0.9457468478752065,-217.08550548737125,0.0077972714155473835,-0.851921642089274,0.5235583863924245,0.007438705300523825
374.0,25142.005774720987,18967.52013652043,1732.0566927654897,7.254588919822764,0.9254581349996741,-216.51767085231788,0.0077518817795625555,-0.8519215672453551,0.5235586472785434,0.0074762591551895555
374.1,25142.728056568332,18967.630314623137,1709.3588611169753,7.191839101724639,0.9048451760583569,-215.95575569999167,0.00772147826620277,-0.8519192653830271,0.5235596110866076,0.007699200053793189
374.20000000000005,25143.444104520062,18967.73824862941,1686.7287819176577,7.129728237069431,0.8849662023151657,-215.39964584802993,0.007686971318800842,-0.8519179902342505,0.5235603222878128,0.00782542734048402
374.3,29312.50733417937,19004.584755091622,1787.665679494743,8.63913172331593,1.046779467563815,-217.2236377444431,0.008091828029676722,-0.8527147419560309,0.5222923657258579,-0.004772407619268915
374.40000000000003,29313.367463262628,19004.670253574157,1764.7772583744018,8.565858970372556,1.0250597397558994,-216.65481240888542,0.008064836529960638,-0.8527148447594486,0.5222930330553838,-0.004726474417807746
374.5,29314.220466033687,19004.753803648702,1741.9576159794815,8.493184534416965,1.0038877230958647,-216.09174541556132,0.008019738541375405,-0.8527150537445097,0.5222937365662786,-0.004687606517247519
374.6,29315.066138993454,19004.83540816498,1719.2078249945089,8.420938724614935,0.9826169315818535,-215.5343903782609,0.00798675442280121,-0.8527152574314907,0.5222943269086989,-0.004640859438235029
374.70000000000005,29315.904680027277,19004.915107321558,1696.5262090767765,8.349151422790367,0.9618145027982354,-214.9825466340031,0.007953432525175327,-0.8527153791640922,0.5222949922165713,-0.004600668820691302
374.8,29316.73598901442,19004.992947234696,1673.912898339819,8.277980463687745,0.9413874875629895,-214.43617677654186,0.007911644919601078,-0.8527155820892144,0.5222956711928054,-0.004557827352527658
374.90000000000003,29317.560330567474,19005.068911933475,1651.3655046880951,8.207120893316326,0.9208027134553192,-213.89526680053336,0.00787927891796397,-0.8527157579142337,0.5222962598436269,-0.004513327136984327
375.0,29318.37741117314,19005.14334745101,1628.8862058164927,8.136845461464437,0.9070833076296072,-213.35986827155205,0.00764566329130822,-0.8527172895085221,0.5222972390370556,-0.004512438403350965
375.1,29319.1876672341,19005.216769658367,1606.4708951181954,8.066473172859887,0.8891953113366007,-212.830231711134,0.007278093591043943,-0.8527197516274219,0.5222979523802886,-0.0045720320980360656
375.20000000000005,33489.71028958114,13517.858648789344,1704.2490096611775,9.461418850807176,-0.018756984626583817,-216.05242409732915,0.009026258665949978,-0.8911011769470422,0.45334194127435895,-0.0183930253000205
375.3,33490.65226102466,13517.856037792604,1681.6104655942283,9.381467483971118,-0.03340265230026329,-215.49369782515134,0.00878373708740124,-0.89110070074515,0.45334493446578245,-0.018459617777665784
375.40000000000003,37661.59748267652,-7993.820232343266,1778.4597512183175,10.74627533319208,-4.875940207124228,-228.87462676362236,0.009870795049280852,-0.7938400641781858,0.6074336195599727,-0.027293181180280422
375.5,37662.66766610155,-7994.306384255123,1755.6066974735556,10.655853582129973,-4.84655765525037,-228.17396274462993,0.009834586406019311,-0.7938403914580991,0.6074348257603659,-0.027269878132256946
375.6,37663.72872662328,-7994.789558334918,1732.8243836654285,10.566299401466036,-4.817235730196126,-227.481285513276,0.009779401636599785,-0.7938415419104381,0.6074368683228812,-0.027210671490774302
375.70000000000005,37664.7808390006,-7995.2698068203545,1710.1107790008334,10.476674172312274,-4.787956774496866,-226.79639644677437,0.0097310006520488,-0.7938423371828395,0.6074385897674345,-0.027166357572320454
375.8,37665.82409911859,-7995.747150664239,1687.4650109101678,10.388602354587148,-4.758886326904612,-226.11908517922524,0.009682113035450078,-0.7938432635827312,0.6074403667435487,-0.027116976268572533
375.90000000000003,37666.85853625097,-7996.2215822651915,1664.8866651772887,10.300058279095264,-4.729759137305431,-225.44940215226865,0.009625727221517518,-0.7938443676184249,0.6074424245371226,-0.027058570701757326
376.0,37667.884208433235,-7996.693123053974,1642.3746685147455,10.213189306682297,-4.700902508015604,-224.78708497033637,0.009587966438823745,-0.793844864262126,0.6074437242611881,-0.02702821192592136
376.1,37668.901188156975,-7997.161766122241,1619.9288684686344,10.126405493732166,-4.672018354874972,-224.13218962678582,0.009522544750300094,-0.793846360092452,0.6074461773834515,-0.026952166734341386
376.20000000000005,37669.90949660335,-7997.627530417613,1597.5480139421056,10.039968569164092,-4.64326014699844,-223.48454227239307,0.009487162776152734,-0.793846722065966,0.6074473577167379,-0.02692736917215127
376.3,37670.9092564877,-7998.090426691324,1575.2316834973137,9.955170944618493,-4.61467348119243,-222.84400578034925,0.00942847045102839,-0.7938480182291422,0.6074495408493732,-0.026860439693033585
376.40000000000003,37671.90043455992,-7998.5504439016095,1552.9793833214328,9.869578658445745,-4.586044862410577,-222.21064364617948,0.009380472607801026,-0.7938488337393271,0.6074512439048076,-0.02681458899305002
376.5,37672.883243893295,-7999.007643505548,1530.789373813715,9.785963078923034,-4.557668734472176,-221.584089356852,0.009336222842985244,-0.7938496095004581,0.6074528210350562,-0.02677130283620958
376.6,37673.85766359033,-7999.461996990483,1508.6618267415895,9.701816673123881,-4.529235434748471,-220.96448443417003,0.009276776565224257,-0.7938508616462386,0.6074550059744904,-0.02670517920956709
376.70000000000005,37674.82372921943,-7999.913519227867,1486.5958852963104,9.619521456247348,-4.501096327194699,-220.3514485861782,0.009229890035520879,-0.7938517405727389,0.6074566919726236,-0.026656903369341355
376.8,37675.78155281911,-8000.362212869924,1464.5913141808774,9.537100635017449,-4.472909041078572,-219.7448498857891,0.009145201094495016,-0.7938540225207832,0.6074599617996876,-0.02654338024508999
376.90000000000003,37676.73117462862,-8000.808107287231,1442.646681128524,9.455198732416417,-4.444839057970948,-219.14448257702017,0.009092693507412977,-0.793855082137272,0.6074618678074954,-0.026486046315644957
377.0,37677.67261964551,-8001.251177448864,1420.7624236094862,9.374767170920281,-4.416956772520718,-218.55032719829904,0.00901853371076549,-0.7938569762604022,0.6074646888001656,-0.026389754703615282
377.1,37678.60601541724,-8001.691465484237,1398.9370590866092,9.293878193516148,-4.389035224623704,-217.96232448647447,0.008952499181221287,-0.7938585457687586,0.6074671568412451,-0.026308086732719827
377.20000000000005,37679.53145270355,-8002.128991683926,1377.1697865410483,9.214645707529822,-4.3613463092242615,-217.380263915711,0.008893467230736796,-0.7938598668893292,0.6074693329614668,-0.02623790186777406
377.3,37680.44903140211,-8002.563767024156,1355.4601287475657,9.135438423226194,-4.33367683663459,-216.8041726014982,0.008815634889121446,-0.7938618663750848,0.6074722841145035,-0.02613514357482454
377.40000000000003,37681.35855921908,-8002.995730061253,1333.8087362269034,9.056739461308702,-4.3060825929972655,-216.23407723589747,0.00876240765101591,-0.7938629852566514,0.6074742145473302,-0.026074115740700562
377.5,37682.26031849321,-8003.424949374476,1312.2140038360144,8.979624068148917,-4.27871490731172,-215.66973474205057,0.008690760105894091,-0.7938647380401421,0.6074768947142436,-0.025982124115982698
377.6,37683.15449710615,-8003.851488493881,1290.674189326914,8.901651380117713,-4.251258266068393,-215.1110802809269,0.00862248919969822,-0.7938664040875963,0.6074794417484621,-0.02589426565877386
377.70000000000005,37684.04080885646,-8004.27523854422,1269.191042695508,8.82565649352912,-4.224053936876599,-214.55812022950224,0.008567828551749795,-0.7938675571923595,0.6074814164591741,-0.025830652490771332
377.8,37684.91960793743,-8004.696294260331,1247.762389106373,8.74893251777506,-4.196285507064612,-214.01077629412376,0.008489832164663765,-0.7938694412690462,0.6074843116535721,-0.025730216939891828
377.90000000000003,37685.79013684403,-8005.114001644531,1226.3886174090921,8.663288140960297,-4.158788190196599,-213.46993981306755,0.008334843448036273,-0.7938515372104221,0.6074824514013205,-0.026369271753099718
378.0,37686.65280586437,-8005.528597973357,1205.0684962238934,8.5905746514282,-4.133675208313672,-212.93406775595167,0.008147343594779564,-0.7938309063506839,0.6074804347708848,-0.027085684140838468
378.06612311282146,37687.21918875477,-8005.80130934278,1190.999999987473,8.540239241457265,-4.115529755140021,-212.5830752701203,0.008086091504070645,-0.7938269897004289,0.6074808051250392,-0.027210236161726232
