time,x,y,z,vx,vy,vz,e0,e1,e2,e3
0.0,0.0,0.0,1191.0,0.0,0.0,0.0,0.717859511013022,-0.00031979010591056854,0.0029635513838853263,0.6961816124730875
0.1,0.010640743195662602,0.003308400540500705,1192.0104602517222,0.29778040361592606,0.09306188623103549,27.910976329478185,0.717859511013022,-0.00031979010591056854,0.0029635513838853263,0.6961816124730875
0.2,0.0634195384227903,0.019817840188092597,1196.942345205255,0.7611224190195016,0.23782861855976967,71.38421973602853,0.717859511013022,-0.00031979010591056854,0.0029635513838853263,0.6961816124730875
0.30000000000000004,0.16368866579338082,0.05070218040773198,1206.3034570985453,1.2326358694102304,0.39749063661158596,114.53722677840739,0.7178536065840805,-0.0011672972696077323,0.0015044365420265077,0.6961914776855601
0.4,0.3111044198487411,0.11011027471473848,1219.8948548755914,1.3747332276359299,0.8892295012858991,157.35981364184096,0.7178288057702854,-0.0020703986559334063,0.0022437242814328374,0.6962129593430163
0.5,0.43828449545681536,0.24642681476645698,1237.7434072092944,1.7259630034942126,1.945041685620766,199.6397340786693,0.7178041277930889,-0.0020512631856826947,0.0035090675591665926,0.6962332316741361
0.6000000000000001,0.5345060006267386,0.5100083152760646,1259.7655157159386,2.597613636874023,3.287819711970504,241.08161096435995,0.7178044513451439,-0.0012166365666881468,0.003872425151301871,0.6962329306690463
0.7000000000000001,0.8053016825377923,0.888225686998425,1285.893355291756,3.3091836499707257,4.254685849623553,281.608702791296,0.7178262189289605,-0.0014424737462895515,0.0027073156986704124,0.6962155622573737
0.8,1.1958174223800742,1.3340168159300176,1316.0254931042748,3.8369864059281142,4.941848273381606,320.59992411393773,0.7178202198700931,-0.0013374806413630578,0.0029202470932160533,0.6962210965261679
0.9,1.6545209810589883,1.855934194315557,1349.9866213951464,4.382845230412634,6.0103587151259,358.5866645888485,0.7178107786538684,-0.0002903459395134954,0.003290157723937228,0.6962304048299772
1.0,2.055246962479454,2.468300773532331,1387.7131077921017,4.874203428441307,6.788933144919714,395.81893971225827,0.7178217294595828,-0.001049625847834778,0.0031222003667903736,0.6962191572099283
1.1,2.616938462504141,3.1473600234333867,1429.1397253788132,5.335771951335429,7.537668536722432,432.6715376313733,0.7178131809727312,-0.0003406513892174232,0.0031271199336360142,0.6962286566203384
1.2000000000000002,3.257630414138329,3.9087086163879854,1474.2690866607816,5.810851505297146,8.369802466735347,470.0761127120392,0.7178179078629935,-0.000873208356376829,0.003318746334263511,0.6962224318284569
1.3,3.9224337168260135,4.8128322647333555,1523.181759324148,6.297273318003418,9.138366403557823,508.3561002390582,0.7178134840293385,-0.0006471086231594758,0.0033155274224375086,0.6962272550496739
1.4000000000000001,4.6244931755820975,5.876522780658889,1575.9553550500686,6.799923401696937,9.983553159640095,547.4122097778164,0.7178160178307676,-0.000709552409096656,0.0034859444317349845,0.696223749431443
1.5,5.356385128420637,6.959019680780508,1632.6956229103225,7.31909152654308,10.809623334936676,587.5848170544077,0.7178128470728019,-0.0006039115918728082,0.003565898999582258,0.6962267132424267
1.6,6.147103664977058,8.135502292845066,1693.465968740623,7.846156642813692,11.637927536559591,628.0521399837562,0.7178145347209979,-0.0004433956808450518,0.0037265668223439782,0.696224252553203
1.7000000000000002,6.9968556231275985,9.400394495603717,1758.2903809013058,8.380731340923294,12.478703124837978,668.7483349214476,0.7178127481064135,-0.0003276119827342338,0.0038685212967526886,0.6962253843902015
1.8,7.861973749731099,10.713890848328644,1827.187770794043,8.896476070251515,13.273077317696318,708.9463343515783,0.717812364359497,-0.0003094458961837243,0.00397897953463821,0.6962251658319519
1.9000000000000001,8.778657393200069,12.08726102521025,1899.9907346214247,9.364569044378813,14.033170716144873,746.735758114622,0.7178124046659902,-0.000346773161212453,0.0040978233645258795,0.6962244173394642
2.0,9.74398248867408,13.531663890508034,1976.4382530513867,9.80354980080685,14.732104041138488,781.8744048883796,0.7178112446079089,-0.00035995616099429605,0.004221396363728837,0.6962248683857444
2.1,10.755139443303394,15.041969803446692,2056.2742374957097,10.210251090844768,15.360887660486934,814.06183017799,0.7178107764929298,-0.00037958163262540907,0.004314119724823729,0.6962247722103841
2.2,11.807546145087391,16.610456204421222,2139.1253009690236,10.569723262475685,15.899396966532972,842.3591056096051,0.7178113105718346,-0.0004214058928708321,0.004290095621982395,0.696224345963119
2.3000000000000003,12.89656678744259,18.229345503694535,2224.6548685515722,10.890817917523892,16.368023979589935,867.7164784570446,0.7178113242239372,-0.00045119011124019053,0.00427271483064283,0.69622442010557
2.4000000000000004,14.018935443965354,19.893359941305896,2312.6057922974464,11.185958318969925,16.78521899016881,890.9735345507275,0.7178114423658911,-0.0004827601588377323,0.004251241334590223,0.6962244085769639
2.5,15.172083602058247,21.59856663813563,2402.7987537293516,11.460095586474015,17.164853364879416,912.5458107502759,0.7178117052978802,-0.0005070982181038935,0.004140198080574354,0.6962247893809873
2.6,16.353901987483823,23.340815235626618,2495.059433840029,11.713548304908633,17.508525708851693,932.3544180170009,0.7178115709420436,-0.0005302478245174498,0.004166402272228899,0.696224754336605
2.7,17.562667709606792,25.11093107191034,2589.2285746267444,11.95183468579011,17.82302375334782,950.8746744351193,0.7178112257840655,-0.0005475172624522054,0.004211331326361118,0.6962248265120141
2.8000000000000003,18.797379659041276,26.907373805542452,2685.194981937167,12.17924161277533,18.109315622956917,968.3375225672062,0.7178116536413804,-0.0005600612648952253,0.004052107316330389,0.6962253203197247
2.9000000000000004,20.056191634358736,28.732267622086187,2782.854543221551,12.389128255333171,18.381808914079528,984.7649741078817,0.7178119333712536,-0.0005770503291118214,0.003960180766272777,0.6962255469968328
3.0,21.337635671043973,30.58404095692937,2882.1125799116276,12.583679287294526,18.64575703080879,1000.3756669041593,0.7178122488246628,-0.0005916345988279825,0.003865682542420728,0.6962257406217206
3.1,22.64064277107357,32.46102612635299,2982.8934969323354,12.76450579103381,18.903021624164957,1015.2184073705419,0.7178124670199942,-0.0005623509496798813,0.0036951276018512397,0.6962264660181234
3.2,23.963436928607134,34.36345128701826,3085.1218549836676,12.933168704497229,19.149473534356513,1029.2832497329127,0.7178127685566681,-0.0001673954110747824,0.0035290247690156827,0.6962272238716086
3.3000000000000003,25.304483828650486,36.290810531259645,3188.7147482421424,13.087420608289358,19.390053413086726,1042.5549684063678,0.717813093964671,0.00017584623910742278,0.0033837950303246996,0.6962276072823882
3.4000000000000004,26.64289719161397,38.24232966124703,3293.5941155020796,13.224966883354618,19.63690246210093,1055.0056040729476,0.717813905650575,0.00016428432712053243,0.003204002869416691,0.6962276238637332
3.5,27.971765894701534,40.21773519027233,3399.676826103696,13.349038763831011,19.875640088411526,1066.6263954743215,0.7178144087343894,-7.527142424555334e-05,0.0031483298996693027,0.6962273744735655
3.6,29.312536515755184,42.21668599162603,3506.881294532129,13.463903192575732,20.105566486379935,1077.4140459434261,0.7178152258977835,-0.0004442815880228966,0.0031813498943984255,0.6962262441879321
3.7,30.663820379386664,44.23863785757916,3615.123960973739,13.561816449409942,20.33032625870372,1087.469473794633,0.7178164326242137,-0.0007892236743452621,0.0030405166888733087,0.6962253237558258
3.8000000000000003,32.0243823699375,46.28291034886822,3724.3379405490678,13.646504671228636,20.551322584116182,1096.8138707045553,0.7178183390327371,-0.0009181170688512022,0.002709154528880865,0.6962245684339711
3.9000000000000004,33.393093928151295,48.34916586723344,3834.4496749482782,13.723470755567874,20.770423662389977,1105.4379181364689,0.7178209059549449,-0.000829060998531865,0.0024358873423746294,0.6962230433451181
4.0,34.768594465618115,50.43611908650504,3945.38686670189,13.795538904281822,20.972512419312263,1113.3473829021088,0.717822622788707,-0.0008886920637225979,0.0023686012513497697,0.6962214318500038
4.1000000000000005,36.14983617099704,52.54269862903317,4057.0814765348646,13.859653234944767,21.160310524179422,1120.5963718189655,0.7178248226186897,-0.000794405448310785,0.0020794577394401942,0.6962202013788025
4.2,37.53569074522282,54.668426055526,4169.468781386033,13.909453967208742,21.34183391772665,1127.1825994415415,0.7178270621582432,-0.0006086467030167699,0.0018276062840700367,0.6962187861855833
4.3,38.92525751530703,56.81116270341953,4282.47989530308,13.9712828562103,21.510045647470672,1133.0978157590432,0.7178292557433537,-0.0004506260430560235,0.0015330816714812573,0.6962173555691503
4.4,40.31768238676906,58.96941561676485,4396.048259762441,14.025135605394157,21.65846198610279,1138.3198950443286,0.7178310542466437,-0.0003653602909517603,0.0014093081180616906,0.6962158127489194
4.5,41.712061727210425,61.142005665247574,4510.110402014453,14.069747763109746,21.78686629497195,1142.7868387611923,0.7178322093120229,-0.00026821084928472616,0.0014070666984689574,0.6962146705582026
4.6000000000000005,43.10790850240066,63.32666570757832,4624.581131915583,14.10585680375867,21.900075148540672,1146.4900443675754,0.7178335020428332,-0.0002572917127309649,0.001386063778373515,0.6962133839370646
4.7,44.50461060982701,65.52145990239433,4739.383554444523,14.134280735106374,21.993464674879228,1149.4249967164708,0.7178348663955111,-0.00013530863982906492,0.001349651554438738,0.6962120831465024
4.800000000000001,45.90167090571706,67.72440419199016,4854.440232738978,14.154391140976214,22.06613174577115,1151.5852520151257,0.7178354507534117,-6.303564934598266e-05,0.0013733418578417032,0.6962114446059434
4.9,47.298678811789955,69.93387630589493,4969.675833038677,14.167133984767823,22.120017154498342,1153.002056270071,0.7178361731098072,1.7650748243092972e-05,0.0012928969037559095,0.6962108564803584
5.0,48.69533167437412,72.14808677365407,5085.016677000577,14.171265624020386,22.15806493738702,1153.6872686598556,0.7178369956096785,0.00012019256812954785,0.001198462764704251,0.6962101672446466
5.1000000000000005,50.09145931247462,74.36483298728672,5200.389186159951,14.167450511057623,22.178678308616544,1153.6333881198202,0.7178362186475977,0.0005779660449675625,0.0012024875707412985,0.6962107318740578
5.2,51.48676488775296,76.58281722726917,5315.719847379886,14.157293858852528,22.178907361401844,1152.8557763608715,0.7178356871695071,0.0009261890409666819,0.0011820689614985968,0.6962109386620641
5.300000000000001,52.88119648371636,78.80041576379838,5430.937345865177,14.141533361935462,22.167030869831347,1151.4154502123135,0.7178351912078713,0.0011743979280418855,0.001285649796028119,0.6962108920130937
5.4,54.274963920582145,81.01545815810259,5545.9776459326495,14.121432767294792,22.135468460183485,1149.3173613249714,0.7178340204715468,0.001518441686780579,0.0015140949814405392,0.6962109744214653
5.5,55.66793336319095,83.2267738097901,5660.775841827736,14.094694918522555,22.086669708030104,1146.565396899948,0.7178331201856825,0.0018389370247941345,0.0015167253074361668,0.6962111241710005
5.6000000000000005,57.06035724428642,85.4326413551801,5775.267591186687,14.061594356060306,22.025444280437434,1143.1920348467365,0.7178323694550084,0.002160787974977109,0.0014908092494240997,0.6962110296782992
5.7,58.452321617537166,87.6309000407633,5889.387551109192,14.029452572781418,21.935204569191068,1139.098998501641,0.7178321190575854,0.0024521821239495375,0.001222241265571734,0.6962108457776397
5.800000000000001,59.84403400586168,89.81940447475276,6003.047146855585,13.986857161116754,21.828284964472612,1134.177265964154,0.7178316694169237,0.002716382799245665,0.0012099272480006746,0.6962103501978802
5.9,61.23586236571634,91.99555293599498,6116.17114835325,13.940417462541387,21.69373881075812,1128.4333029671318,0.7178315652106712,0.0029545259269106337,0.001151519095097429,0.6962095868109823
6.0,62.62847080550785,94.15697019749696,6228.681560519827,13.927681517804709,21.529011813726232,1121.7906163913574,0.7178314394237706,0.0032172436728216715,0.0010690650083913364,0.6962086835266816
6.1000000000000005,64.02199109178024,96.29928548875296,6340.412185009556,13.945549028245171,21.308421458940405,1113.1447271772329,0.7178317601539128,0.00321046972161742,0.0010927188869496163,0.6962083473816844
6.2,65.41720931074597,98.41902285090806,6451.30184227948,13.959423938238691,21.090314825601794,1104.63647258814,0.7178321831521207,0.0032246599870491086,0.0010800488432946439,0.6962078654349748
6.300000000000001,66.81416439274274,100.5166256718411,6561.350905952495,13.977524732611307,20.864798420697053,1096.2901141681848,0.7178325938096692,0.003275788838887644,0.0010468297145748995,0.696207254069874
6.4,68.21291923861212,102.59263468254058,6670.576179202746,14.002896519403565,20.65773368936774,1088.101538127364,0.7178328857139475,0.0032633496642552546,0.0010677115467917588,0.6962069798045752
6.5,69.61418119325216,104.64770523509037,6778.98921125746,14.02040112489468,20.442709468140336,1080.0630048629903,0.7178330337720356,0.003326501272860835,0.0010737242267021213,0.6962065190237751
6.6000000000000005,71.01791149888325,106.68210541899307,6886.604990294353,14.051438489188506,20.243963699366095,1072.1728368774955,0.7178330794445903,0.0034108292183862047,0.0010706877390577864,0.6962060685794869
6.7,72.42425906204188,108.69636174564452,6993.440193064439,14.08066995621351,20.045873852723833,1064.42707821512,0.7178332763067852,0.0034350002748870165,0.0010976669779121785,0.6962057047503876
6.800000000000001,73.83394322770987,110.69112445494982,7099.507917846323,14.113690513918417,19.844502902936004,1056.8224256275496,0.7178331981009035,0.003520102466774036,0.0011063637142184706,0.6962053465337539
6.9,75.24735340341857,112.66622090386976,7204.820586283641,14.152436271889425,19.660226154434046,1049.353162441045,0.7178323888574136,0.0036556941842700755,0.0011544068050152395,0.6962054041389067
7.0,76.6646376463913,114.62233923366107,7309.393125324826,14.195882437794888,19.46567723050531,1042.0171688126604,0.7178317785481001,0.003756219916029939,0.0012141239680085098,0.6962053967195343
7.1000000000000005,78.08638707821889,116.55988842059503,7413.240262096108,14.239468369812954,19.281364018063766,1034.8109611503617,0.7178314635334334,0.003867823746612252,0.0012204818447221744,0.6962050993241725
7.2,79.51291249030778,118.47880257054985,7516.369553387408,14.289590554019902,19.099595975759616,1027.732254760467,0.7178307110440729,0.0039986986019248175,0.0012739388329470398,0.6962050400358372
7.300000000000001,80.94401418878354,120.37933145213665,7618.795209036016,14.337733740679244,18.91312231756196,1020.7757330843135,0.7178301964918115,0.004102464756553825,0.0012909153787187722,0.6962049355792684
7.4,82.3805338242346,122.2618853098945,7720.530259874103,14.388540304527575,18.73502183477563,1013.9382555994694,0.7178296952220029,0.0042397856729560115,0.0012377043140090838,0.6962047263290914
7.5,83.82212837557292,124.1262762581442,7821.58704863246,14.446011889019479,18.556326966681596,1007.2174294749171,0.7178290014676122,0.00435387439825599,0.0012022691777354246,0.6962047995946017
7.6000000000000005,85.26927747139919,125.97306408425078,7921.979710875344,14.497182594400133,18.377469348550612,1000.6106225307149,0.717828556072988,0.004476471902494667,0.001181616678837736,0.6962045166957045
7.7,86.72201776776254,127.80212157064179,8021.712482712708,14.555038590537354,18.20459679712765,994.116302258104,0.7178280072584822,0.004593475562922375,0.0011213135834934377,0.6962044201478593
7.800000000000001,88.1801521732826,129.61375811059665,8120.8045076024855,14.611339402608303,18.028754503759185,987.7279288495293,0.7178279395516542,0.004660671180319711,0.0010874593815835237,0.6962040970687181
7.9,89.64418310525213,131.4081208530261,8219.262735227425,14.666777778497574,17.85799569642711,981.4438716739947,0.7178277005555166,0.004757741302242491,0.0010376027243002531,0.6962037629842768
8.0,91.1138332507256,133.18526604546255,8317.09952309575,14.72712962402812,17.686991925315706,975.2620478975635,0.7178273934516916,0.004845244600679221,0.0009855415018580305,0.6962035517885975
8.1,92.58931165200197,134.94554298773974,8414.322326699721,14.782672875291736,17.518038170885422,969.181208711367,0.7178273123986213,0.004925649046251093,0.0009483410862925678,0.6962031228062894
8.200000000000001,94.07065541616524,136.68911578455754,8510.9424101868,14.844338778484182,17.356646953770532,963.1977137113539,0.7178270463515463,0.005027368968498832,0.0008922646111468435,0.6962027441423463
8.3,95.55801633943759,138.41681059403683,8606.96732819245,14.902968352240151,17.193362846329194,957.304964233866,0.7178282377229901,0.005127218668145881,0.0008659868326978013,0.6962008207572303
8.4,97.05144359019467,140.12825805253078,8702.408162987625,14.96512749991825,17.039180235309335,951.5013058734853,0.7178284799853478,0.005234347494668243,0.0008153832571370122,0.6961998348738487
8.5,98.55095818482086,141.82437254963662,8797.274204672338,15.0262508581529,16.88087625398688,945.7848884326164,0.7178292852789445,0.005335886058005811,0.0007891476081552828,0.6961982639751035
8.6,100.05677063106498,143.50511115116961,8891.5726232627,15.089499764877518,16.735050584812342,940.154516130135,0.7178298276957953,0.00544162779309806,0.000736880791796933,0.696196943518057
8.700000000000001,101.56886446091501,145.1709756147132,8985.309475167667,15.152968025121293,16.584278090954786,934.6086139667307,0.717830337763626,0.005537291074826823,0.0007119864222092085,0.6961956892060204
8.8,103.08748945324184,146.82289868143377,9078.49876942727,15.219590019754888,16.454357898424355,929.1455822980183,0.7178319805516732,0.005651725878461302,0.0006329619795863485,0.6961931521144039
8.9,104.61267436447139,148.46101655593168,9171.14398738521,15.28464307513872,16.309750535139603,923.7602048659252,0.7178334605415971,0.00576941059313998,0.0003858460883482307,0.6961908416167792
9.0,106.14458951367058,150.08595340754727,9263.254871019477,15.353167747580404,16.188008364551877,918.4514145071633,0.7178352745381977,0.00589075467810377,0.00014519799753714112,0.6961880468347141
9.1,107.68325305175274,151.69803207733372,9354.836810018523,15.421164975440412,16.05671976699836,913.2179078193795,0.717836435445544,0.006004501937541763,0.0001447302902421529,0.6961858781650635
9.200000000000001,109.22892604472872,153.2980750917401,9445.900501776061,15.491391493627551,15.941963656055753,908.0585605060386,0.7178381974332657,0.0061276847022809534,0.00015949225339429167,0.6961829848166144
9.3,110.78155379358338,154.88615086645476,9536.453824911225,15.561954720072634,15.823734356885396,902.9722573240292,0.7178393004519811,0.006242242656239984,0.0001628899813579895,0.6961808289518499
9.4,112.3410832329448,156.46314586156961,9626.502793447267,15.626599070001204,15.714052309154738,897.9568503883194,0.7178403676644227,0.006357657517224569,0.00016905174685760344,0.6961786826410349
9.5,113.90731752003578,158.02905266054265,9716.050091857102,15.70022824506271,15.60710902172883,893.0092132512459,0.7178406333101306,0.006468631677245531,0.00016349139225277392,0.6961773877710331
9.600000000000001,115.48066853851171,159.58470920971683,9805.107599997824,15.764777127237837,15.504953892225242,888.1280614833839,0.7178414984256617,0.0065842151586192185,0.00017002882741629622,0.6961754106106761
9.700000000000001,117.06066525190094,161.13018180640137,9893.680801926492,15.83222432233545,15.406455577338583,883.3126073980294,0.7178418521879943,0.006694312421650209,0.00016304826775395828,0.6961739975349361
9.8,118.64758077070128,162.66612634288822,9981.775462942585,15.883462026991136,15.31178958624243,878.5620391571947,0.7178425790209598,0.006811298957038165,0.00017066143811302387,0.6961721114966677
9.9,120.24104299033408,164.19266771891296,10069.397104073003,15.938946003355207,15.220986396221441,873.8758691559684,0.7178429987599134,0.006920996362006936,0.00016373656320744798,0.696170598439111
10.0,121.84125938417972,165.71045865838218,10156.555030831463,15.989740852521983,15.133314454728472,869.2524302259878,0.7178436268349273,0.0070378932685032265,0.00017118745137594254,0.6961687770689483
10.100000000000001,123.44772369531988,167.21892871410583,10243.252309704869,16.04042179308649,15.039110746580851,864.6894454085672,0.7178434749297719,0.007029551868511523,0.00016824173876453746,0.6961690186987606
10.200000000000001,125.06070925604232,168.71899833292193,10329.498039076228,16.0788082600167,14.961335101961364,860.1855288066739,0.7178437714232646,0.007012698935154599,0.0001799083234032486,0.6961688800251443
10.3,126.67982460844284,170.2106070751339,10415.29433953248,16.110565463459128,14.871022205603074,855.7399178964771,0.717843888018159,0.006984927698602478,0.0001585524453050373,0.6961690441847728
10.4,128.30518193379865,171.6938894772194,10500.649750529647,16.14507911802901,14.795453787532114,851.3513520268016,0.7178441535744013,0.006945818162710696,0.00015399542561451667,0.6961691626857015
10.5,129.93646505432469,173.16916139553072,10585.568572464503,16.17586821328395,14.709311976282944,847.019326120556,0.7178444268594038,0.006914926819012742,0.00012846144969210703,0.6961691935956646
10.600000000000001,131.57369329508631,174.63629703313524,10670.058266197357,16.208763104889695,14.63498217905901,842.7433379953669,0.7178445335684901,0.0068807208757629985,0.0001253172069541545,0.6961694230585427
10.700000000000001,133.2166376580202,176.09581843514283,10754.122255846552,16.238696935165684,14.5537163355593,838.5226451209675,0.7178449524062297,0.006843298236291563,9.978637293513981e-05,0.6961693641757203
10.8,134.8652392097241,177.54753949420203,10837.7672741127,16.269362869281316,14.485968705566682,834.355038559023,0.7178451630603535,0.006805348718805517,9.122577490257507e-05,0.6961695201440006
10.9,136.51915964960915,178.99276613741142,10920.998753497328,16.280922358211384,14.413289567070425,830.238101484502,0.7178469221175163,0.006709794777108533,4.577694552903332e-05,0.6961686383089436
11.0,138.17851892240967,180.43026731654098,11003.820478157017,16.2448157604984,14.34273064923711,826.1709913911645,0.7178472366890974,0.006671931224529954,3.699927049526676e-05,0.6961686783694135
11.100000000000001,139.8429492663396,181.86168468517874,11086.236684856683,16.21132554551931,14.281312920279843,822.1526676881666,0.7178488588157674,0.006577636328152026,-6.399598332802501e-06,0.6961679039975055
11.200000000000001,141.5124406243373,183.28617892469615,11168.256012397034,16.176496669581073,14.212721361669566,818.1830145286086,0.717849456341166,0.00653322959067001,-2.1448818751137538e-05,0.6961677057159115
11.3,143.18681000302792,184.70482086864064,11249.878057933041,16.146097586516493,14.158791972957822,814.2610535641671,0.7178507818157778,0.006449376548374854,-0.0002657036738511765,0.6961670704580701
11.4,144.86584706928102,186.11745902741603,11331.111458874115,16.113625287728922,14.094825930053156,810.38664367791,0.7178516174916526,0.0063917911983253995,-0.0005105671478624418,0.6961666033293197
11.5,146.54956888832697,187.5244599420159,11411.960040008113,16.085259681197623,14.04591323480557,806.559292842498,0.7178526042048359,0.006322997268501316,-0.0007048816520522338,0.6961660444777052
11.600000000000001,148.23761747904484,188.92625236173137,11492.42750652242,16.056162771876693,13.98784382532698,802.777967992521,0.717853709200032,0.006247638320171066,-0.0010292454537901303,0.696165181445447
11.700000000000001,149.93047920564703,190.3221156030097,11572.520671686621,16.033484323548798,13.933054164018921,799.0404620283359,0.7178552049415933,0.006090986141465541,-0.0012268817489347347,0.6961647070824991
11.8,151.6275881322906,191.71321100785033,11652.241186261741,16.005489193929662,13.887057894118039,795.3455648218323,0.7178570053029734,0.00592246723137503,-0.0015925946075070285,0.6961635640865991
11.9,153.32897560038637,193.09912299161016,11731.594030602888,15.984456949624596,13.83194517367672,791.6928237207117,0.7178580266930185,0.005818257092701137,-0.0018014823344397525,0.6961628804081754
12.0,155.03483384099715,194.48009613576988,11810.583144208294,15.962891699783231,13.788245769364375,788.0816437337764,0.7178599091771674,0.00561666294333341,-0.0021284320314116467,0.69616167207813
12.100000000000001,156.74473633783973,195.85643436346433,11889.215311799178,15.941501325787206,13.737548839882706,784.5116380585953,0.7178609113657802,0.005513526529633801,-0.0023955830136603087,0.6961605950786951
12.200000000000001,158.4590229945637,197.22780563928563,11967.490739282812,15.925911920582728,13.692168306617615,780.9823530641654,0.7178628569474365,0.005340765384221404,-0.002429994409795634,0.696159816398177
12.3,160.17733545274837,198.59489713985909,12045.415355183679,15.906453739375825,13.647786044238124,777.4933032283338,0.7178644463409996,0.005338904245412096,-0.0023145575094748903,0.6961585850971918
12.4,161.89986908950442,199.9572664583272,12122.993928076956,15.892810567830757,13.600901917244107,774.044047176878,0.7178656159221514,0.005403587015009,-0.0021343730479123973,0.6961574557352479
12.5,163.62650397912543,201.31534829671912,12200.227925875753,15.878926439946234,13.560639249564119,770.6341389323218,0.7178677650164365,0.005368666593379517,-0.0018373160761854701,0.6961563571777188
12.600000000000001,165.35686576515957,202.66927350212018,12277.126614975392,15.858304235937789,13.51835340172662,767.2620990987435,0.717869351536718,0.00518955042800698,-0.0018497901711558352,0.6961560464198596
12.700000000000001,167.090510174328,204.01917317419333,12353.686638028817,15.842488946376054,13.479832507946881,763.9266095585594,0.7178703199003629,0.00506712502520221,-0.0019037970192497236,0.6961558041178993
12.8,168.82809222534465,205.36513412634625,12429.91622316261,15.825555497631544,13.43947975701012,760.6269023262738,0.7178714786482738,0.005113627942288119,-0.0017796760239265773,0.6961545975613883
12.9,170.5689275882832,206.70723327993318,12505.81564134386,15.80136705992333,13.403181418704746,757.3625472915496,0.7178723235262249,0.005078175042655123,-0.0016886421106545888,0.6961542126146457
13.0,172.31283659854856,208.04578305997205,12581.39256677535,15.787368109962722,13.3673800218809,754.1333048198521,0.7178731480739595,0.00513440203879029,-0.0015501736940655335,0.696153272025353
13.100000000000001,174.06005972353202,209.38072027282286,12656.646867233467,15.765126219091119,13.332102537140097,750.9386568695305,0.7178741074769995,0.005151308470280379,-0.001450198584981011,0.6961523732339131
13.200000000000001,175.80981538501385,210.71233214004445,12731.582912181124,15.745960807903915,13.300323965452787,747.7782613187507,0.7178749764540231,0.005121125848811755,-0.0013346911160059395,0.6961519308676816
13.3,177.56242781385112,212.0407221874316,12806.206882497028,15.729641807184157,13.267627479083428,744.6516425489269,0.7178758104303647,0.00516445125001615,-0.0012099143510951962,0.6961509788468996
13.4,179.31757883225217,213.36594055638517,12880.516937621576,15.70724010772015,13.237452410065828,741.5588135808194,0.7178766638191831,0.005158592414975781,-0.001147916287538629,0.6961502472572515
13.5,181.07489055054432,214.68827951643118,12954.521632748738,15.690641739923784,13.208967828445719,738.4988028227618,0.7178777047130361,0.00504211605587325,-0.001244877789848408,0.6961498606053946
13.600000000000001,182.83458764063766,216.00772423018017,13028.221598657614,15.669032178611102,13.180046520951041,735.4718320842327,0.7178787186299117,0.00497760402768486,-0.0012940647550460913,0.6961491896086854
13.700000000000001,184.5962464678451,217.3241468717533,13101.619682160845,15.63843435228825,13.145245696857067,732.4775502078867,0.7178792703635786,0.00484139723666171,-0.0014163154608157543,0.69614934324868
13.8,186.3598752271272,218.6368267040502,13174.719993706834,15.612780492058528,13.112398013878998,729.5161804554941,0.7178779051888386,0.004674040078416272,-0.001552755652753289,0.6961516038485531
13.9,188.12541403243185,219.9470678123597,13247.527753105825,15.586017085625919,13.090924692453044,726.5872797009599,0.7178778017372093,0.0045717441766496714,-0.0016594808270345737,0.6961521436090821
14.0,189.892451479105,221.25434690831673,13320.043575531749,15.555637504891491,13.053131056941536,723.6904676114036,0.7178778345146185,0.004398939742924132,-0.0017972741899667266,0.6961528810880739
14.100000000000001,191.66114659842884,222.5580330370607,13392.2719727315,15.52923782722265,13.02369828013538,720.8249657191386,0.7178770553996092,0.004101665017015555,-0.001927707019292657,0.6961551505379545
14.200000000000001,193.43130803070724,223.85917453864005,13464.21462820671,15.500769927747948,12.996552901895464,717.9909245826199,0.7178771260497728,0.003998012113582866,-0.0020386675325706543,0.696155364576292
14.3,195.20267696546617,225.15689993962044,13535.874869184823,15.470425940969902,12.95784075009747,715.1876440880496,0.7178768914146899,0.0038549652243774924,-0.0019930804234199774,0.6961565453591068
14.4,196.97539427480845,226.45113845391725,13607.25594562246,15.443519301544997,12.92893052493899,712.414699258277,0.7178768931914887,0.0036405606347262387,-0.0015917472818162627,0.6961587310955681
14.5,198.74919113622173,227.74258426668675,13678.36405039778,15.413490064652722,12.897685004393228,709.6716548123779,0.7178770433526497,0.0035925453985862087,-0.0014537957364309027,0.6961591274434127
14.600000000000001,200.52393802825355,229.03038349416397,13749.19636551004,15.38331467316795,12.85916409645133,706.9586990037826,0.7178770607063871,0.0034186081850269643,-0.0010822482431838394,0.6961606621810627
14.700000000000001,202.29969630263093,230.3147382188969,13819.760274988776,15.355611614073965,12.829076212513119,704.274380586229,0.7178768225632639,0.0032380457777972447,-0.0008879619986101542,0.6961620459415337
14.8,204.07621951488878,231.59605973523625,13890.057813117322,15.324849094003088,12.79539541648531,701.6192647547514,0.7178767424850105,0.0031755460455932085,-0.0008803982941504741,0.6961624260223083
14.9,205.85343653825223,232.8736525610754,13960.090099514022,15.294489538082573,12.756931558319438,698.9928677214482,0.7178765674498586,0.0029922212724091592,-0.0006967909889755688,0.6961636265997982
15.0,207.6313597732629,234.14779144913769,14029.861858531138,15.26681737647677,12.727927587160112,696.3932273246038,0.7178763396956896,0.0028297809689490825,-0.0002551841360365854,0.6961648426384682
15.100000000000001,209.40990237384878,235.41931598611552,14099.374150013124,15.238273360016562,12.70049432263142,693.8181229952515,0.7178757286027156,0.002757316300753372,-0.0003742141420883247,0.6961657097657953
15.200000000000001,211.18894627881457,236.68736365612432,14168.629767578828,15.206864852616098,12.659495654724576,691.2669753616769,0.7178751142778199,0.002584814423675759,-0.0003668815821425862,0.6961670090092655
15.3,212.96837542161103,237.9516404383318,14237.631144489915,15.178470801654239,12.628824304747557,688.7389700907287,0.717874601964495,0.0024246352656674317,-2.428660580312153e-06,0.6961682102712303
15.4,214.74822972130966,239.21329178498158,14306.381670889221,15.150260298217134,12.602697333124722,686.2339158591259,0.7178740407319693,0.002346087253978801,-4.0543509599747716e-05,0.6961690569638782
15.5,216.52839493510288,240.471712569468,14374.883498344958,15.119721086190765,12.565007765180399,683.7520164222082,0.717873452836941,0.0021774830035078763,-7.610976525766366e-05,0.6961702079858354
15.600000000000001,218.30877073966678,241.72656875973777,14443.137859010645,15.091291065942588,12.53449662568954,681.2925005324203,0.7178727606541574,0.0020188490360511712,2.4435809655063567e-05,0.6961714035797791
15.700000000000001,220.08937808322,242.97884085399397,14511.147006455536,15.084944986722373,12.509799038216165,678.8552607509505,0.7178721595673302,0.0019239357534736035,1.0270573204451853e-05,0.6961722925281281
15.8,221.87013259754946,244.22816126480424,14578.91271502496,15.079819864633176,12.475494582282252,676.4402173637868,0.7178715533143136,0.0017741881767415649,-5.06299841155666e-05,0.6961733136475521
15.9,223.65092298116465,245.47407286493416,14646.438989512255,15.074812572586461,12.444950242378825,674.0469902355613,0.71787073213159,0.0016100783786711312,9.675777850141174e-05,0.6961745544289895
16.0,225.43177474886122,246.71739787034247,14713.728430551606,15.069500566749952,12.421358901807178,671.6752331497631,0.7178701299577829,0.0015017907388442757,8.530041598460845e-05,0.696175418887231
16.1,227.21262034159545,247.95809762384334,14780.778520372529,15.063316581230605,12.390842355987669,669.3248391535109,0.7178694777196571,0.0013686418053269979,-4.469037520886073e-05,0.6961763697375011
16.2,228.99335026552748,249.1955617754169,14847.596779747242,15.05695801413509,12.360250115674104,666.995632369446,0.7178685833821892,0.0012027528206583022,7.728317890884301e-05,0.696177595449474
16.3,230.77397600574648,250.43040537019073,14914.18356664247,15.050456756385685,12.337131571807143,664.6872795515192,0.717867868138297,0.001070605274119884,0.0001427532061594578,0.6961785383940285
16.400000000000002,232.55445590537977,251.6628673085306,14980.53812080688,15.043284398433702,12.310472201516525,662.3993803853255,0.717867207008752,0.0010233077294737704,1.6331971382462043e-05,0.6961793056935914
16.5,234.3346731259753,252.89239109503768,15046.668170041465,15.035752848397683,12.280790080610114,660.1322493545871,0.7178662111782589,0.0010010994415543945,5.670427753560187e-05,0.6961803627172375
16.6,236.1146271764586,254.11923119510516,15112.570404684964,15.028148424690333,12.256993203806633,657.8849012589274,0.7178652675700412,0.0009307966003960804,0.00017042382959133427,0.6961814147117115
16.7,237.8942953837129,255.34383997683662,15178.247622792036,15.02092337104817,12.235055333133717,655.6567072254478,0.7178647668510937,0.0009403895697302018,6.572407601170368e-05,0.6961819358914938
16.8,239.67334790357958,256.5661377274542,15243.702587961345,15.013664523816495,12.210384325579813,653.4455328347008,0.7178652018004122,0.0009531832880301786,-0.00010634061163854674,0.6961814649768745
16.900000000000002,241.45184880721288,257.78588576037373,15308.938042631748,15.004401653098036,12.18459895583069,651.2507974122929,0.7178656234762812,0.000892536186802459,-4.948760024163287e-05,0.6961811169237089
17.0,243.2300651106071,259.0032277971056,15373.954965507226,14.995656977326762,12.163262497580444,649.0723366922804,0.7178651561634992,0.0008669285574692159,3.0706473862226808e-06,0.696181632903226
17.1,245.00764320762016,260.2185284624132,15438.753836722852,14.988191870555436,12.142488117730569,646.9101602013076,0.7178651801801363,0.0008938175688530618,-1.7924509184676204e-05,0.6961815739114372
17.2,246.78433321736506,261.43162296679253,15503.339127326959,14.97931976455799,12.119096146310488,644.7642525632986,0.7178658409886556,0.0008639524151737431,8.321401814849187e-07,0.6961809304535583
17.3,248.5604179536257,262.64243458108984,15567.708778965656,14.969479266518494,12.097748248535378,642.6341015145915,0.7178657578489097,0.0008079707985512103,8.362627770374657e-05,0.6961810783825174
17.400000000000002,250.33589679024035,263.85129859638994,15631.867556856976,14.9610138389494,12.079649358734944,640.5197253003909,0.7178653965177227,0.0008156440410602852,8.08805428330549e-05,0.6961814423450173
17.5,252.11031851409402,265.05829396223345,15695.814036815678,14.952557217591904,12.05983624902263,638.4209510410391,0.7178658785310041,0.0008245870172086556,5.100872511552249e-05,0.6961809376126803
17.6,253.88373519095583,266.26323223445627,15759.553448218789,14.942552744521501,12.039045897190224,636.33766780362,0.7178663340321801,0.0007727403327846085,0.00011256359463546878,0.6961805201706046
17.7,255.6563947235158,267.4662399154301,15823.083540796215,14.932694563336746,12.02171766558546,634.2696768877212,0.7178659929149127,0.0007398664496780765,0.00016811143846704493,0.6961808964288431
17.8,257.4280972755524,268.667610286552,15886.408188015192,14.924043949247237,12.005460279545687,632.2168406518128,0.717865983852729,0.0007587025232762826,0.00015731985444578366,0.6961808880227164
17.900000000000002,259.1984801332298,269.86724381379264,15949.528519891384,14.914636335967785,11.986972855389208,630.1790116390167,0.7178666495014441,0.000743375631605956,0.00016673859051018203,0.6961802159818129
18.0,260.9677403613211,271.0650275246086,16012.446727106599,14.903936120576486,11.97768572966621,628.1560661911533,0.7178668170318248,0.0006899040962815948,0.0002131890412582261,0.6961800856009653
18.1,262.73604486388587,272.26124553013614,16075.162169746245,14.894043919153393,11.969880208599134,626.1477636036506,0.7178664630700509,0.0006769017962905496,0.0003180456826579348,0.6961804233459866
18.2,264.50310479313305,273.4560399560736,16137.676725432619,14.884999311108164,11.963853299518314,624.1540205205881,0.7178667552882758,0.0006924417330817213,0.00033539112237512966,0.6961800986017369
18.3,266.26865442785135,274.649223623639,16199.993111321452,14.874772502995786,11.957293539037254,622.1748221596763,0.7178674273612814,0.0006626779194194779,0.0003021714898626671,0.6961794497714373
18.400000000000002,268.03291606371226,275.84084469588356,16262.112750384518,14.863750892456927,11.94960518812275,620.2097785300926,0.7178673933041149,0.0006125881726762232,0.00039248675166642035,0.696179485707986
18.5,269.7960399746722,277.0311564500238,16324.035954591724,14.85374743766923,11.94322503771846,618.2589517456694,0.7178671654637064,0.0005686650835583588,0.0005232310998845868,0.69617967192266
18.6,271.5576933050444,278.22019123718303,16385.76505440211,14.844147664452656,11.938269629956173,616.3220650741418,0.717867710765816,0.00012508242909655624,0.0006587376850952011,0.696179215618288
18.7,273.31767694113466,279.40782096635667,16447.30111687315,14.833355715796921,11.93237834214083,614.3992669224873,0.7178682669389929,-0.000408999907675139,0.0005781236301460413,0.6961786048236117
18.8,275.06199420922616,280.59413106497516,16508.646888943927,14.822133716336959,11.925862272441202,612.4900102567502,0.7178681540971579,-0.0004404444390088488,0.0006394410765617337,0.6961786483776596
18.900000000000002,276.7615684367191,281.77927275898014,16569.802673589995,14.811465547227206,11.918920171833133,610.5934799842815,0.7178678125576813,-0.00040756351532779584,0.0007863349235185474,0.6961788701641402
19.0,278.4596067179512,282.9629066846217,16630.76691606347,14.800237817168728,11.910827747309716,608.7081804173386,0.7178669638864421,-0.0004672016097253671,0.0007533500015591889,0.6961797442808091
19.1,280.1559681322545,284.14504291301756,16691.54498753597,14.788986152119422,11.90577792446555,606.8336836370917,0.7178654385575913,-0.0006344276356257261,0.0008423343451608995,0.6961810828361709
19.200000000000003,281.85060357424913,285.32615494977534,16752.136139864404,14.778016958358142,11.902167574630225,604.9697553938005,0.7178643903816678,-0.0007163480040258267,0.0009324142832006142,0.6961819693665573
19.3,283.54366070585763,286.506379430996,16812.539295211463,14.766696074747511,11.895188833137139,603.1167513817613,0.7178640135859448,-0.0006898537572817238,0.000981734343490365,0.6961823168522386
19.400000000000002,285.2351539724868,287.68511950635803,16872.758151094273,14.754809928068942,11.88657829943681,601.2740809083247,0.7178630676357277,-0.0007474022301623068,0.0010815834400604238,0.696183084893472
19.5,286.92490563426753,288.8623436219974,16932.7945267765,14.742918472774113,11.880878375518497,599.4420177040818,0.7178615461739282,-0.0009056453868378244,0.0011481007701905843,0.6961843593444424
19.6,288.61296081724714,290.038522705374,16992.648024218008,14.731209231880172,11.876660015092257,597.62031937519,0.7178604455011336,-0.000992599562708751,0.0012108454686047166,0.6961852694393018
19.700000000000003,290.29934806325497,291.2138022710492,17052.319372232243,14.719236211014108,11.869608524562757,595.8088684070899,0.7178598601348196,-0.0010576568006385898,0.0012840360233263932,0.6961856460893172
19.8,291.9841732803785,292.38770590787374,17111.810214877605,14.70675611669378,11.860743360533883,594.007693477241,0.7178589114108667,-0.0011166346882675825,0.0013714388078369158,0.6961863655592336
19.900000000000002,293.6672215127755,293.56003543036564,17171.120974194124,14.694193209210379,11.854236862347499,592.2164368429237,0.7178574417259737,-0.001228087663764895,0.0014423630097210747,0.6961875499808069
20.0,295.3485464748336,294.7312692035209,17230.255742819172,14.681850027269247,11.849408436053924,590.435313165006,0.717856209444068,-0.001361215841667253,0.0014893019055610415,0.6961884742179095
20.1,297.02820962451995,295.9016044375989,17289.2093137224,14.669349130398563,11.842363476063815,588.6640129249536,0.7178554091449407,-0.001454654911561323,0.0015754867586128937,0.6961889207549281
20.200000000000003,298.7062021174351,297.0706651993941,17347.987199605366,14.65635326078702,11.83346195628106,586.9027123312295,0.7178544867543531,-0.0015154986850282894,0.0016601081605151333,0.696189545419403
20.3,300.38249853851727,298.2381773360009,17406.58925251489,14.643211193286842,11.826138361525478,585.1512558551326,0.7178530669954286,-0.0016094893207170206,0.0017316941332165248,0.696190624028227
20.400000000000002,302.0570310596032,299.40448874464965,17465.019156795166,14.630291702307874,11.820541767615211,583.4095550080145,0.7178516438425372,-0.0017421457371247372,0.0018071455305750058,0.6961915803755666
20.5,303.7298213997011,300.569878015703,17523.273084649078,14.61731283297414,11.813737982204051,581.6775867794946,0.7178506200818519,-0.001862655135875514,0.0019023244185883393,0.6961920704272291
20.6,305.40095632859936,301.7341378514586,17581.354660783294,14.603903746614936,11.805011117391,579.9554344136358,0.717849671533121,-0.001940245222762202,0.0020076479286042937,0.6961925408089783
20.700000000000003,307.07041660852036,302.89687550897077,17639.26594937044,14.590261662583032,11.796809574396068,578.2427914852418,0.7178482973335129,-0.002014891485139299,0.0020945006554006,0.6961934898393436
20.8,308.73807873774786,304.05832188627744,17697.00285472736,14.576795758749151,11.790440471005121,576.5395381295689,0.7178467366563678,-0.0021426150696190376,0.0021628820563131318,0.6961945086063789
20.900000000000002,310.40397452228694,305.218787784319,17754.572977406544,14.563433401206012,11.783896501514521,574.8458274879727,0.7178454566105198,-0.002288274173368713,0.002258280976949118,0.6961950620278565
21.0,312.0682019242747,306.3782246938806,17811.974247242706,14.549728343878598,11.775438038407701,573.1613681504912,0.7178444317540102,-0.0023870502465948313,0.0023576695578891283,0.6961954576016265
21.1,313.7307425308554,307.53630294477034,17869.205037911943,14.53565884463704,11.76660740552597,571.4864415005756,0.7178431566089957,-0.0024522371077254387,0.0024622620260374966,0.6961961837790519
21.200000000000003,315.3915099369036,308.6929557604687,17926.26970010502,14.521675046165104,11.759279637135343,569.8204234022214,0.71784158748365,-0.002541124688193056,0.0025300383603031823,0.6961972399185217
21.3,317.0504658149241,309.84854762444553,17983.167754308146,14.50792473857044,11.752825273849181,568.1634441326378,0.7178404133668441,-0.002478605918657035,0.0026094970638931765,0.6961983826288969
21.400000000000002,318.7076958691996,311.0031543109401,18039.8999293325,14.494021306973838,11.745114391888421,566.5155521261548,0.7178394356669319,-0.002470988280956701,0.0027140224550010555,0.696199018169668
21.5,320.3632709352491,312.1566007357245,18096.46502037588,14.479703982496655,11.735974130841518,564.8765912134949,0.717838349663058,-0.00251775103682062,0.002820067724584329,0.6961995489087612
21.6,322.0171235454638,313.30861656587234,18152.86963011381,14.465282226908887,11.727325005542848,563.2464366955554,0.7178369859160666,-0.002532399178557322,0.0029115760558235952,0.6962005252297706
21.700000000000003,323.66917097035315,314.45940652494477,18209.110969422913,14.451102909488975,11.7202370646799,561.6250966013165,0.7178356662109493,-0.0024577775887867637,0.00297727016346216,0.6962018755412688
21.8,325.3194352142839,315.6092409754752,18265.186614102247,14.436974720035867,11.713469367821354,560.0123929257845,0.7178344907309755,-0.0024136715214637156,0.00306552116694819,0.6962028588613828
21.900000000000002,326.9679991818523,316.758005900766,18321.10525067921,14.42256334620147,11.705232598945365,558.40838735494,0.7178334607755985,-0.002408503771977109,0.0031730143384951317,0.6962034571018125
22.0,328.6149005086187,317.90547566631915,18376.864652290205,14.407868654961957,11.695782112580936,556.8127504740158,0.7178322850019787,-0.0024220435459049528,0.0032815245089410465,0.6962041194296376
22.1,330.26004692004983,319.0516879670241,18432.46560647319,14.39324445531146,11.687105263546279,555.225805204795,0.7178307462503541,-0.0024898407820008587,0.003366518053167824,0.6962050610177563
22.200000000000003,331.9033903271025,320.1967603060796,18487.904185328156,14.378856933865379,11.679991506671271,553.6470798741271,0.7178291932800908,-0.0025285683188005473,0.003432939646912898,0.6962061982936463
22.3,333.54497348787777,321.3408344824923,18543.188050493507,14.364434259789878,11.67297110244839,552.076486398975,0.7178278161373126,-0.0025672509423060284,0.0035250760319395767,0.6962070162251347
22.400000000000002,335.1848741309433,322.4838249178362,18598.313913838185,14.349683616512106,11.664536792669036,550.5142700543142,0.7178268488507791,-0.002539085897596742,0.00359644890287218,0.6962077518004625
22.5,336.82311617732137,323.6255816204043,18653.285219745598,14.334719853883403,11.655002239519092,548.9603692568419,0.717826018736565,-0.0024702909176775776,0.0036027866251097593,0.6962088224204922
22.6,338.4595942752517,324.76609880079656,18708.101284795477,14.319920161838287,11.646224592301698,547.4144869279595,0.7178246746381053,-0.002486336697750674,0.0036349481504826626,0.6962099839577618
22.700000000000003,340.0942463650756,325.9054930760662,18762.76316871245,14.305377779529975,11.639168285071618,545.8765314337445,0.7178227456795923,-0.0026472299216329736,0.0037389113931518936,0.6962108290599532
22.8,341.72721811057386,327.0439810986162,18817.272620161184,14.290709277577735,11.633276602317425,544.3454341942476,0.7178215259893753,-0.002634350840705394,0.0037796554313088543,0.6962119154587583
22.900000000000002,343.35845089831605,328.18154225687715,18871.625864386417,14.275755661176792,11.62668816801448,542.8207271534385,0.7178207843192103,-0.00263777653270203,0.003783742160400884,0.6962126449796648
23.0,344.98798950733044,329.31813085956315,18925.82983054285,14.260683063961656,11.617671007287672,541.3023259512928,0.717819531934876,-0.002648044627909541,0.003983097427429396,0.6962127852656311
23.1,346.61579782835383,330.45351878873714,18979.88125462347,14.245675698552438,11.607765551797574,539.7899683934503,0.7178182300323878,-0.002567331616520985,0.004147522859238987,0.6962134697746611
23.200000000000003,348.2418210620148,331.58771382842286,19033.782096494604,14.230789521091719,11.600018356794854,538.2837133101466,0.7178166479401761,-0.002637003990613245,0.004205355357614864,0.6962144936269276
23.3,349.86608775100444,332.7209014679366,19087.53251489274,14.215874793401714,11.59449838364703,536.7833947848767,0.7178151394500419,-0.0027551358336135763,0.00422688026281046,0.6962154611081968
23.400000000000002,351.4886706849243,333.85329010914,19141.134258373488,14.20076830319604,11.588546593735165,535.2890379604571,0.7178139820309619,-0.0027524639005613687,0.0043267956790427435,0.6962160512243897
23.5,353.10956834436314,334.98485162790575,19194.58703750111,14.185505321612576,11.580408424647011,533.8007887529224,0.7178129324763437,-0.002625994549137252,0.004515505953493972,0.6962164234836203
23.6,354.7287204596994,336.1153192673429,19247.89457606791,14.170252815851544,11.57131789950239,532.318308288441,0.7178115803896501,-0.0025295526471725096,0.004690070587404062,0.6962170205186047
23.700000000000003,356.34302628816164,337.2446707272704,19301.052628757854,14.155121735534513,11.56363467188774,530.8417115718194,0.7178099794684052,-0.0025715860457290857,0.004767662849696431,0.6962179900804985
23.8,357.91404923475517,338.3730565678669,19354.061900430654,14.140034217096398,11.55796176730248,529.3709349969083,0.7178085421347941,-0.002684419977749785,0.00475871036596642,0.696219107324237
23.900000000000002,359.4834162300306,339.5006941726506,19406.925199710193,14.124852895985182,11.552583412387353,527.9058221413359,0.7178073169618205,-0.0027120495777823495,0.004816023592736335,0.6962198693084781
24.0,361.0511441516114,340.62759765699855,19459.643998848424,14.109505071621296,11.545779346133909,526.446416488256,0.7178063036155391,-0.0026152514507891953,0.0049373236294639996,0.6962204347654726
24.1,362.61712352472637,341.7536017681143,19512.218266755815,14.094086261377708,11.53765840427868,524.9926284282095,0.7178053866572454,-0.0024976905852030595,0.004996486487006321,0.6962213897535526
24.200000000000003,364.18134736734237,342.87856183077474,19564.642501845745,14.078726439179535,11.529965361581823,523.5445970965058,0.7178042538735133,-0.00249432791916915,0.004972796848240037,0.6962227393161091
24.3,365.7438196417962,344.0025837410494,19616.92408405318,14.063470864892302,11.524049877989997,522.1020386859401,0.7178029898280667,-0.0025952245497448505,0.00490780545038697,0.6962241349228607
24.400000000000002,367.30461066996,345.12587194560047,19669.062354361224,14.048236742792248,11.518995653189947,520.6649340838354,0.7178018173240681,-0.0026633989749953783,0.004890284105018563,0.6962252095935175
24.5,368.8637475351278,346.2485076686949,19721.0572806588,14.03290608785834,11.513277431089081,519.2332962791579,0.7178008421016003,-0.0026113500557715308,0.004950500520367322,0.6962259866406293
24.6,370.4212193389996,347.3704162225662,19772.90935608088,14.017450167130264,11.506353731067929,517.8071105107101,0.7177998420882269,-0.002493884322039163,0.005040616988578135,0.6962268017101033
24.700000000000003,371.97693851834305,348.49142805086876,19824.61965098738,14.001949278850025,11.499108933243473,516.3863041539722,0.7177984339211847,-0.002436581211612833,0.005138207933115708,0.6962277430205794
24.8,373.5309188066819,349.6115376877134,19876.18742671576,13.98652041570461,11.492902189510726,514.9708114236801,0.7177967788104738,-0.0024890121959575216,0.005198342489762985,0.6962288175470441
24.900000000000002,375.0832092131942,350.73086083068665,19927.613970526876,13.97120042433489,11.48783450257702,513.560573794885,0.7177950574041714,-0.0025366747617915717,0.00530116996883851,0.6962296449047947
25.0,376.63381510687657,351.8495867813634,19978.90033360366,13.955909880764427,11.482852497630248,512.1555628368505,0.717793561247023,-0.0024417779371403345,0.005471522816274701,0.6962302087606462
25.1,378.1827819486236,352.9677195465994,20030.0454919985,13.94053382184722,11.477060978966197,510.7557612975945,0.7177921012215855,-0.0023255211485105538,0.005660680926956087,0.6962305997776399
25.200000000000003,379.7300494579276,354.0851480253545,20081.051594273627,13.925038670458648,11.470459421468547,509.361160846888,0.7177906253834095,-0.002250418590165528,0.00579542194510824,0.6962312595771185
25.3,381.2756650854812,355.2017382672669,20131.9171421839,13.909509015896493,11.464193321922245,507.9716799787583,0.7177890607918403,-0.0022394480024546504,0.005868124088186749,0.6962322990208781
25.400000000000002,382.81951841245973,356.31755458153947,20182.6468651902,13.894068025985801,11.458979564925944,506.58717500644565,0.7177873845737583,-0.002253657184143965,0.005937474094623011,0.6962333933225521
25.5,384.36171233259734,357.43273297060665,20233.239360144926,13.878755517934191,11.454566460907165,505.2076360478434,0.7177856307770003,-0.00221768507894099,0.006072184530934593,0.6962341550785747
25.6,385.9021982803146,358.5473627189812,20283.6868686868,13.863493711453081,11.44977298410896,503.83330169533525,0.71778390757755,-0.002120177229597055,0.006264805351291064,0.6962345287940902
25.700000000000003,387.441041698565,359.6614597416533,20334.001478160444,13.848156827786731,11.444071358410522,502.4637965446627,0.7177822723469655,-0.002005571627060027,0.00644654513499844,0.6962348951630463
25.8,388.97828671394944,360.7749316405,20384.182459679894,13.832694053231315,11.43796812913928,501.09912386048694,0.7177806848955589,-0.0019452486276637837,0.0065632355624037075,0.69623561266111
25.900000000000002,390.51390775247967,361.8876609692757,20434.224384709665,13.81719332917831,11.432392676608895,499.73934996013975,0.7177791069938954,-0.001897475006429417,0.006627798055017792,0.6962367596188728
26.0,392.0477479384369,362.9996733592681,20484.130485903155,13.801790283053352,11.427793135259526,498.3844296397768,0.7177773819480695,-0.001871563952847011,0.006702558397628984,0.6962378924786211
26.1,393.57992918361754,364.1111372796435,20533.901628825814,13.786546177743908,11.423798931282473,497.03427203245724,0.7177755960380598,-0.0018532610703294698,0.006815046560703862,0.696238690605448
26.200000000000003,395.1104302691394,365.22213657316127,20583.53739890308,13.771380477116855,11.419571467117665,495.6888320378026,0.7177741083965128,-0.0017915766697609446,0.006917293191314872,0.6962393773864941
26.3,396.63930004690235,366.33269061498765,20633.038660282375,13.756157314570446,11.414536576490764,494.34812109208906,0.7177728410141709,-0.0016782632664815416,0.006992897599472683,0.6962402110751845
26.400000000000002,398.16662911178366,367.4426746657176,20682.40619014552,13.740823530529678,11.408919828398965,493.0120859415638,0.7177714826671238,-0.0015504457571971586,0.007056224912225823,0.6962412688700526
26.5,399.69232066371166,368.5519717389102,20731.641152442608,13.725427168889865,11.4035540154478,491.6806416449949,0.7177698354565579,-0.0014563665008632057,0.007129584977610389,0.6962424228121465
26.6,401.21630155796396,369.66064985058483,20780.741415357814,13.710091313640929,11.39910157842425,490.35379979715617,0.717768045333332,-0.0014184256322805472,0.007205074935134286,0.6962435694943777
26.700000000000003,402.7386393949381,370.76882900283033,20829.71308882171,13.694934692625289,11.395488566146371,489.03139833944493,0.7177663822879534,-0.0014026457470501157,0.007270399659302907,0.6962446368417969
26.8,404.2593218712768,371.8766200289102,20878.55125665533,13.679910596008876,11.391964930258972,487.7135142662141,0.7177650947289735,-0.0013628655075086861,0.007304675457054714,0.6962456844410478
26.900000000000002,405.7784371805805,372.98400399702973,20927.25914617155,13.665422981194265,11.387288942837651,486.3998034178797,0.7177643168571062,-0.0012794212248001782,0.007273514283960953,0.6962469709219151
27.0,407.29607391302693,374.0907774266939,20975.833935825493,13.651977092173198,11.381064648831723,485.0898286498925,0.717763746860053,-0.001206945516018378,0.007294127581878684,0.6962474722961359
27.1,408.81216945178676,375.19674622837243,21024.274563154417,13.638329171912321,11.37496330409696,483.7835650700948,0.7177633084959623,-0.0012157320680492936,0.007418902221923989,0.6962465905570313
27.200000000000003,410.32675043070503,376.30199120770675,21072.586568323775,13.623585201373887,11.370410146224822,482.48085112898144,0.7177632257280241,-0.0013067716131210595,0.007520040479768804,0.6962454259322896
27.3,411.83969699553353,377.4067558933984,21120.77035234108,13.60774301574198,11.367399627105128,481.1816725985125,0.7177636832172654,-0.0014024007638907602,0.007464275765556027,0.6962453683248301
27.400000000000002,413.35093722618507,378.5112689656317,21168.824513138494,13.591896477343516,11.364648697794957,479.8860064045725,0.7177629223619894,-0.0014266357613273413,0.007516446247026793,0.6962455421965708
27.5,414.86055852268845,379.6155118925788,21216.751152531433,13.577108868446993,11.360764673291252,478.59384447644794,0.7177614332696575,-0.0013697556630342476,0.00761803023264647,0.6962460874543462
27.6,416.36870911067706,380.71929389552764,21264.54665137587,13.563645754628832,11.355413608453583,477.30526489791845,0.7177601914659636,-0.0012875435332454284,0.007704381689681295,0.6962465743407094
27.700000000000003,417.87536074104116,381.82235531718777,21312.212216934713,13.55082421813214,11.34931210823104,476.0202010569112,0.7177599437717349,-0.0012532160935790286,0.007725548921781484,0.696246657773002
27.8,419.3805767999496,382.92462513695784,21359.74403068363,13.537526498598012,11.343869001164304,474.7386961462437,0.7177612966797834,-0.0013010515832686483,0.007536952294884159,0.69624724243866
27.900000000000002,420.88430708310773,384.02624729236766,21407.155252049164,13.523212965787733,11.339878977607828,473.46042045531016,0.717762778661121,-0.0013894495599564535,0.007330303540097229,0.6962477501928442
28.0,422.38638434012506,385.1274508176494,21454.437954482048,13.50813476562097,11.336953285607674,472.1855437327941,0.7177630191345425,-0.0014556848431642162,0.007266705321665383,0.6962480336333252
28.1,423.8869302460435,386.2283876334752,21501.58937000063,13.493199614430253,11.333754852818622,470.91407416769,0.7177618786878401,-0.0014140116029534384,0.007359238333505157,0.6962483232905051
28.200000000000003,425.38592039978596,387.32898323641507,21548.618828539973,13.47938782064543,11.329345169221373,469.645885956757,0.7177603203389705,-0.0013151973886064892,0.007501965833224349,0.6962486002221939
28.3,426.8834878606111,388.4290481481155,21595.520306312585,13.466736780138273,11.323768691496984,468.3810371629133,0.7177593804690245,-0.0012956374942437645,0.00756129644253346,0.6962489639980182
28.400000000000002,428.3796927360764,389.528354450938,21642.296572376294,13.45445410464183,11.317950205467131,467.11950428390156,0.7177598174111456,-0.0012937686902949848,0.0074596268321681465,0.6962496137449699
28.5,429.874434442971,390.6269181450276,21688.94257008818,13.441622965942384,11.312989201253945,465.86127347868984,0.7177611189970929,-0.0013420670661790153,0.007264671710496367,0.6962502419798284
28.6,431.36778672725245,391.72485821374494,21735.46681538059,13.42785776239401,11.30922578033162,464.6062231811782,0.7177621792637067,-0.0014128518092269267,0.007103289775909464,0.6962506740698636
28.700000000000003,432.85951166245576,392.8223732396278,21781.86262646708,13.413510130840221,11.306139761635173,463.35438232708213,0.7177622151041249,-0.0014481225432113327,0.007067146556875627,0.6962509324585952
28.8,434.34983731677505,393.9196070578402,21828.136527127543,13.399535661062433,11.302688444876733,462.1056419210531,0.7177610881169479,-0.0014223351618752296,0.007161431947746307,0.6962511840135855
28.900000000000002,435.8386273036957,395.01645947317184,21874.286502726743,13.386546715645176,11.29821209602694,460.8600939502205,0.7177596141883666,-0.001350122375539444,0.0072891115058076415,0.6962515222699295
29.0,437.32610863919285,396.11272483027795,21920.312665716603,13.37450414196946,11.292724294017233,459.6176265252054,0.7177589074147649,-0.0012821041839758982,0.0073182375134705335,0.696252073918147
29.1,438.81217917188826,397.20830678222893,21966.209403823625,13.362769018719012,11.287082722813489,458.3784847856846,0.7177592503384288,-0.0012613308557363721,0.00723080479716488,0.6962526718513002
29.200000000000003,440.2969980424559,398.3031491664003,22011.985357433816,13.350593368636137,11.282195132693065,457.14231304544086,0.7177605653379259,-0.0011451254635924141,0.007050204441622256,0.6962533692204189
29.3,441.78030548314763,399.39733114981806,22057.630765031772,13.337505575255994,11.27834877782342,455.9093252528455,0.7177609596367899,-0.001154045546862085,0.007031317738102786,0.6962531390026302
29.400000000000002,443.26222278979037,400.4910928085159,22103.161819790417,13.323974969439893,11.275152675801335,454.6792388573404,0.7177607491917116,-0.0011483591863624286,0.007048337170823231,0.6962531932666869
29.5,444.63401234941546,401.5845327917343,22148.577333845442,13.310663102123804,11.271742794278428,453.45182384072297,0.7177598293763211,-0.001104847371644685,0.007112446153742886,0.6962535599590639
29.6,445.93605940180964,402.6775765688992,22193.855201467002,13.298237381700773,11.267485992056951,452.22783584694383,0.7177585000587731,-0.001052064977798492,0.007200865228468535,0.6962541032501167
29.700000000000003,447.23685724677193,403.7700957543258,22239.023135361986,13.286656290189717,11.262307958173327,451.00659563154466,0.7177574182302916,-0.00104374745193848,0.007273173132328064,0.6962544794248938
29.8,448.53632135681585,404.8619538804694,22284.057656238834,13.275462891416504,11.256842051739405,449.7885200404662,0.7177570202349094,-0.0010412183808675307,0.007301156478045222,0.6962546006181002
29.900000000000002,449.8345428591389,405.95304841373536,22328.97938065972,13.263814844427044,11.251892279788942,448.57302879887334,0.7177572267452135,-0.0010794678129870628,0.007287967771434834,0.6962544676553418
30.0,451.131478585863,407.04355160628836,22373.77409310465,13.25114010896358,11.248003262552302,447.36010217542383,0.7177573099983383,-0.0011602112553692726,0.007267496083481134,0.696254465949389
30.1,452.42706702928405,408.1335889613696,22418.448923520933,13.237579497008923,11.244940333043758,446.1495212279912,0.7177564388346641,-0.001242499657426514,0.007281900176447304,0.6962550715332726
30.200000000000003,453.7214218137747,409.2233354930356,22463.005989732705,13.224259486902417,11.241871842586503,444.94127078382394,0.7177542410896007,-0.0013044095857488182,0.007372425804627349,0.6962562712473614
30.3,455.01453222184426,410.31276519156825,22507.436689715647,13.211965532004118,11.238080891623634,443.7355624528607,0.7177514017376169,-0.0012478331495843614,0.007516679772153662,0.696257759555554
30.400000000000002,456.3063495847419,411.40168932840373,22551.753024089183,13.20098850962742,11.233361650425952,442.53210787998694,0.7177488478524883,-0.0011694806627868823,0.007661175339838523,0.6962589533455331
30.5,457.5970049417785,412.48999406696373,22595.944071456634,13.19054972452016,11.227973681480226,441.3310922066014,0.717747275811656,-0.0011145030685743359,0.0077519436763600815,0.6962596594066724
30.6,458.88631758853245,413.57754590096334,22640.016541598903,13.179782673974229,11.222672501610692,440.1323962562616,0.7177468557136595,-0.0011047178073362626,0.00776917728545388,0.6962599159768059
30.700000000000003,460.17445880915415,414.6644254913928,22683.974976808015,13.168076305417358,11.21809860184117,438.9359071240401,0.7177470907332013,-0.0011363768570718108,0.007734126332734903,0.6962600129847568
30.8,461.46127974755547,415.7507833720483,22727.807478491904,13.15531692950732,11.214517459125283,437.74180358082504,0.7177469703528269,-0.0011762007634660743,0.007701512817536456,0.696260432454282
30.900000000000002,462.74688700481494,416.8367685457637,22771.519522975526,13.142226303732919,11.211526733902938,436.5499962562504,0.717745828963059,-0.0011910534326231297,0.00771927923645703,0.69626138707092
31.0,464.0312393238056,417.9224369800725,22815.11425329979,13.12966501254606,11.208496459289043,435.3604416732169,0.7177435421352111,-0.0011614145315775278,0.007818449303198088,0.6962626879920966
31.1,465.31442423049486,419.00777051088625,22858.588962975668,13.11804827804706,11.204732996703713,434.17312941623686,0.717740674763877,-0.001096559024191386,0.007966893213500949,0.6962640662567081
31.200000000000003,466.59632806192815,420.09256811277226,22901.945291681837,13.107271573120805,11.200172047357404,432.98807380709263,0.7177380978143509,-0.0010269655261804934,0.008115444651807175,0.6962651131901907
31.3,467.87707492285216,421.17680372158543,22945.184967659105,13.096874668491036,11.19509851401439,431.805227882014,0.7177364342165952,-0.0009829121235634122,0.008216127187518261,0.6962657108718217
31.400000000000002,469.15658135483073,422.2602985750884,22988.305376420525,13.086183265423903,11.190123694094819,430.6245625922539,0.7177359437927038,-0.0009816899439706696,0.008239077590442115,0.6962659469436298
31.5,470.4348889251407,423.3432345070961,23031.307980523285,13.074765767943195,11.1857284598399,429.44606674310705,0.7177359793924053,-0.0010104359520504572,0.008206717004240069,0.6962662513010549
31.6,471.71193247696095,424.42562427127075,23074.191691927423,13.062485517879349,11.182155246925449,428.2697818432334,0.7177357889077971,-0.0010411026029270617,0.00816842495575485,0.6962668527655288
31.700000000000003,472.9877878146606,425.5076674320762,23116.965107421758,13.049947665070542,11.17911711532412,427.0954817592404,0.7177347431153223,-0.0010497724547390865,0.008173619542854907,0.6962678568241853
31.8,474.26251682867496,426.5893660535282,23159.61678803367,13.037769479576069,11.176085145385393,425.92336003225466,0.7177326025386106,-0.0010207108397677306,0.008253478018711255,0.6962691645499813
31.900000000000002,475.53597873398155,427.67074065566317,23202.15652677311,13.026323229376866,11.172612018294727,424.7533294458206,0.7177297999121179,-0.0009628353745592779,0.008395091830499645,0.6962704429309853
32.0,476.8083098958634,428.7516684189802,23244.57081619361,13.0157372279825,11.16846470989158,423.58551163795187,0.717727020567844,-0.0008975111148740208,0.00855261383318968,0.6962714781011962
32.1,478.0793811708677,429.8320398127853,23286.868769967645,13.005500509047831,11.16381656720682,422.41983858172944,0.7177250492700814,-0.0008521461728836468,0.00867633575506826,0.6962720364161011
32.2,479.34939060025965,430.91179194101863,23329.051014598455,12.99508188498244,11.159110710566363,421.25612538693747,0.7177240376793846,-0.0008392273582669284,0.008731641789400005,0.6962724034932765
32.300000000000004,480.6181563054479,431.9909527088026,23371.122031403072,12.984027675792595,11.154750346373424,420.09445537476586,0.7177237877250734,-0.0008596974044434437,0.008723710204167543,0.696272735595916
32.4,481.88575916770134,433.06958000029965,23413.077220884647,12.972389092948525,11.151004564513052,418.93475447439596,0.7177236154155594,-0.0008926354520591079,0.008685098828777155,0.6962733544629597
32.5,483.15218540340237,434.14781582568236,23454.9132628992,12.960486284122622,11.147807979189157,417.7771528528664,0.7177227743265148,-0.0009100276754142713,0.008663625456735212,0.6962744664689536
32.6,484.4174708124008,435.2257021493227,23496.632622642206,12.948716491571199,11.144823906147307,416.6215539961007,0.717721072870694,-0.0008947881633598327,0.008701168725757172,0.696275771928256
32.7,485.6815506413204,436.30326811598826,23538.23666165028,12.937449275479405,11.141690002134734,415.4679385053521,0.7177185011375307,-0.000845578638591464,0.008809931886113996,0.6962771166869011
32.800000000000004,486.94455501253947,437.38048216516535,23579.727080253862,12.92675708426168,11.138082296416403,414.316318249109,0.717715606916067,-0.0007791329888326586,0.008962487139751221,0.6962782305696172
32.9,488.2063811916771,438.4572363456289,23621.09974357094,12.916481392649168,11.133990678272697,413.16665479786855,0.717713035227164,-0.0007209559052087639,0.00911608188589143,0.6962789500901516
33.0,489.4670599262374,439.53343053688207,23662.35839926045,12.906309532244846,11.129608255589144,412.0189369443682,0.7177113261618742,-0.000690779055779299,0.009218536139147183,0.696279393429614
33.1,490.7266401746032,440.6090633574291,23703.502558778113,12.89590987698233,11.125258761491976,410.87320153141866,0.7177105411852461,-0.0006961347062637831,0.00925694484957742,0.6962796876543963
33.2,491.9851013498138,441.68415918073833,23744.527500470933,12.885087353430025,11.121290838428271,409.7293854476598,0.7177102417426463,-0.0007235487620496712,0.009240185951603658,0.6962801909709057
33.300000000000004,493.2423349729658,442.75876607194147,23785.44123054734,12.873841336394367,11.117842053231097,408.5874374036039,0.7177097887785834,-0.0007515726815607239,0.00920492538510858,0.6962810952327801
33.4,494.49845115207467,443.8330026082588,23826.239393742468,12.862492403317415,11.114814018174275,407.4474644970746,0.7177086217388388,-0.0007566892596643343,0.00920060809169453,0.696282349707246
33.5,495.75353411496445,444.90695908375875,23866.92657294754,12.85133069075022,11.11192463943034,406.3091911714725,0.7177066046470826,-0.0007292192221858921,0.009256930985627859,0.6962837116535253
33.6,497.00752591849897,445.9805831734062,23907.505234775992,12.84055607344805,11.10887076862512,405.1727997216401,0.7177038559258511,-0.0006748657842656865,0.009369713481303107,0.6962850911908259
33.7,498.260325270997,447.0538667655279,23947.9680761638,12.83022241899394,11.105407019443902,404.0383163321285,0.71770089975994,-0.0006117804082179359,0.009522335375248367,0.6962861260555937
33.800000000000004,499.5121094322698,448.1266875959909,23988.31569125142,12.82026420970623,11.101490775631927,402.9056827061588,0.7176983003803101,-0.0005615051477532815,0.00967060555272002,0.696286804220378
33.9,500.76277317486176,449.1990160572977,24028.550964167316,12.81036563276417,11.097348068795524,401.77483812420706,0.7176965201786717,-0.000538187710905345,0.009774045912456468,0.6962872132273538
34.0,502.0122974414491,450.27078119451323,24068.676615946722,12.80028166534758,11.093248430521692,400.6456752087741,0.7176955807154087,-0.0005433458068037245,0.00981466580701337,0.6962876061887092
34.1,503.2607388392507,451.3420744305548,24108.685669967737,12.789878640230004,11.089484481915296,399.51841904679253,0.7176951077989716,-0.000565818747581372,0.009806213600132608,0.6962881948341477
34.2,504.5081051802485,452.4129177860285,24148.57610125866,12.779197844510797,11.086181178141393,398.39293681484037,0.7176946109069168,-0.0005864044920693455,0.009773061430619116,0.6962891560804423
34.300000000000004,505.75440519630547,453.4833836102584,24188.35674781475,12.768454810176257,11.083277257059818,397.2688874434612,0.7176935870538156,-0.0005830142102543294,0.00975968320633726,0.696290401901369
34.4,506.9996593817903,454.55357040940106,24228.027703954605,12.757925090884713,11.080554557635967,396.1463176058889,0.7176919480097077,-0.0005392366445143096,0.009790952543476932,0.696291687609556
34.5,508.2439025342349,455.6234749242973,24267.57971337804,12.747763749139793,11.07772273998922,395.0250977081422,0.7176899520134292,-0.00045304384146319657,0.009868769868957824,0.6962927077828065
34.6,509.487139454277,456.693058989357,24307.03036097452,12.737954862466772,11.074562879857357,393.9052521681806,0.7176879315852304,-0.0003391207322504369,0.009978638592790445,0.6962932892293858
34.7,510.7293178082955,457.7622726719331,24346.366945332167,12.728347301067673,11.070997137825215,392.78677556466135,0.7176862463378009,-0.00022435548605335943,0.010091127861117224,0.6962934515135581
34.800000000000004,511.97039290718106,458.8310390021769,24385.5912793784,12.718707135241727,11.067127860190741,391.6697032519524,0.7176851207770978,-0.00013827781148092937,0.010176499938160909,0.6962933915695438
34.9,513.2104089420055,459.89927538521584,24424.703952221484,12.708851678937886,11.06320138663205,390.55403931740125,0.7176845610369236,-9.911395325266651e-05,0.010218849276622734,0.6962933549482748
35.0,514.4493579801855,460.967018419452,24463.706353514302,12.698720824156084,11.059465233223632,389.4397406816742,0.7176842998908051,-9.757122538181673e-05,0.01022056495735469,0.6962935991534416
35.1,515.6872547802517,462.0343107256683,24502.59129916614,12.68836965418782,11.0560723349678,388.32680994630545,0.7176839521183573,-0.00011249221271403808,0.010199257160730297,0.696294267799647
35.2,516.924078345638,463.10121988924755,24541.3664899758,12.677981438502897,11.05304567648453,387.2152123659761,0.7176831909479843,-0.00011365566509353837,0.010180638577081015,0.6962953246369472
35.300000000000004,518.1599058963191,464.1678141207789,24580.029982058608,12.667766696359768,11.050280521608357,386.1049213612999,0.7176818218276289,-8.056949303382468e-05,0.010189290005229803,0.69629661387653
35.4,519.3947672462193,465.23413857073257,24618.586133381355,12.657863889706588,11.047579026896464,384.9959940744953,0.7176799355229523,-1.970926540591048e-05,0.010236676536972036,0.6962978674481155
35.5,520.6286303371712,466.3001793809232,24657.01869834342,12.648285166645824,11.044741623899176,383.888329272346,0.7176777287476089,4.435583412981431e-05,0.010322039732882666,0.6962988806453635
35.6,521.8615003525797,467.36590644542673,24695.359835147254,12.638956679185254,11.041631933712791,382.7819483066843,0.7176755757919171,8.263805335764231e-05,0.010430733372875868,0.6962994764352449
35.7,523.0933911457777,468.43126951924677,24733.5824285342,12.629725911526311,11.038227532973778,381.6768469571549,0.7176738909169793,-2.3346049022734456e-05,0.010535457723264322,0.6962996408742483
35.800000000000004,524.324223259831,469.49620928844973,24771.69606632474,12.62042561580387,11.0346182909046,380.5730231231529,0.7176727852918927,-0.00014512354858639155,0.010614302558958625,0.6962995682690888
35.9,525.554056401134,470.5606900463533,24809.700188825034,12.610934537815854,11.03097097679927,379.47048438784395,0.7176721722350753,-0.00022191082812750607,0.01065518136943906,0.6962995555541862
36.0,526.7828955354939,471.6247107150995,24847.59491965207,12.601220220138096,11.027466728425864,378.36919614303446,0.7176718269093653,-0.00024332862854755405,0.01066019267799401,0.6962998276201285
36.1,528.0107279591955,472.68829025735727,24885.37875286129,12.591364799758253,11.024236308750778,377.2691768899916,0.7176715339619312,-0.00021850454151181817,0.010625532700272515,0.6963006675649029
36.2,529.2375225945343,473.7514905335084,24923.05178695858,12.581502596258659,11.021315545835465,376.1704239155132,0.7176708734992265,-0.00019676317729269314,0.010589218147526589,0.6963019079925986
36.300000000000004,530.4633363123216,474.8143987166437,24960.61367780245,12.571777239686664,11.018635252459255,375.0728826305612,0.7176694109532479,-0.00019372198214778028,0.010599804463597864,0.6963032551978666
36.4,531.6882260531278,475.87704550229626,24998.064101664706,12.562291500372748,11.016041734334895,373.97660959347456,0.7176673276054576,-0.00023121225724128636,0.010661268011813416,0.6963044526591173
36.5,532.9121646512914,476.93943951508777,25035.404608561985,12.553086901567653,11.013353002392206,372.88156645909385,0.7176648953782889,-0.00031699068209551864,0.010761612282993268,0.6963053821130837
36.6,534.1351650597263,478.0015526390265,25072.638782633923,12.544080972781089,11.010446064979739,371.7877218823146,0.7176625110121992,-0.0004428657946275471,0.010876639992351746,0.6963059836451427
36.7,535.3572600405798,479.0633393468496,25109.763359836114,12.535194302325689,11.007279852415325,370.6951171893538,0.717660511659632,-0.000588468760322985,0.010982903956016447,0.6963062684836654
36.800000000000004,536.5784320823054,480.12474376604143,25146.78168096446,12.526307827500949,11.003938972357156,369.6036497097039,0.717659123614428,-0.000726350447725752,0.011058393477665364,0.6963063741211128
36.9,537.7985831988854,481.18572437170207,25183.687313336595,12.517284577922917,11.000528804490871,368.51331945517154,0.7176585105743071,-0.0008315503748604421,0.011073986794686309,0.6963066404542702
37.0,539.0177940926138,482.2462682026014,25220.48319434332,12.50808692404766,10.997178261354295,367.42413398574564,0.7176583619748974,-0.0008908856237476564,0.011044760487006273,0.6963071844208538
37.1,540.2359734993878,483.30639499303425,25257.155063233593,12.498759160426681,10.99401381247748,366.33610680055676,0.7176582620352409,-0.0009066074657779261,0.01099365813295363,0.6963080758373525
37.2,541.4531890454008,484.36614778330363,25293.73504774213,12.489398567279581,10.99114757156509,365.2494241370335,0.7176577783351793,-0.0008951634464714385,0.010950894950463164,0.6963092630269994
37.300000000000004,542.6695191710041,485.42559162701974,25330.214818880853,12.480112137878134,10.988483559849467,364.1638625399753,0.7176566072134577,-0.0008815491988747398,0.01094467469120793,0.6963105852202612
37.4,543.8849427616841,486.4847726516501,25366.576070391588,12.470990075070096,10.985938755937434,363.07940242882245,0.7176547024201961,-0.0008912293325111364,0.010984094638111704,0.696311915357936
37.5,545.0994725232645,487.54370692967797,25402.819862860284,12.462081914203136,10.983413312982254,361.9960298154331,0.7176522466224385,-0.0009420572350387496,0.011069744231172452,0.6963130231502129
37.6,546.3130981217331,488.60240117746554,25438.969421805054,12.453388196158969,10.98078589837824,360.9137338726958,0.7176495393065324,-0.001038751564018066,0.011186436644431686,0.6963138109814497
37.7,547.5258461752195,489.66083086662786,25475.006967782407,12.444860152507697,10.977967598354414,359.832552014922,0.7176469507698989,-0.0011716482631263625,0.011309935157777874,0.6963142729096832
37.800000000000004,548.7377068255298,490.71895026130426,25510.93734196171,12.436364444748675,10.974936969523649,358.75260441981493,0.717644838079068,-0.0013199854548110938,0.011411652068726063,0.6963145253503834
37.9,549.9486290785283,491.7767121984938,25546.760652668534,12.427817235644769,10.971796410634202,357.67371699333916,0.7176434713233467,-0.0014582454468585883,0.011465418675011278,0.6963147749127548
38.0,551.1586637857715,492.83408261314696,25582.475401889584,12.419169793729472,10.968631426392767,356.5959038157867,0.7176427959843604,-0.001564763476770626,0.011470910884161738,0.6963151492610937
38.1,552.3677599053589,493.89103004359345,25618.08621097502,12.410416325738657,10.965537406011691,355.51911593668507,0.7176426085952837,-0.0016280042820442607,0.011437328589521697,0.6963157498185356
38.2,553.5759092208122,494.947594531243,25653.580781453013,12.401591837426688,10.96260386448832,354.4433891897085,0.7176424666962113,-0.0016496949502165243,0.011386868933546446,0.6963166720082457
38.300000000000004,554.7831762086577,496.0038162730558,25688.967588911004,12.392753472496207,10.95988487106538,353.3687775604872,0.7176419550690251,-0.0016439450381184708,0.01134419318933206,0.6963179094711712
38.400000000000006,555.989581665756,497.05974440857835,25724.247857984297,12.383992125413169,10.957356195877725,352.29533074037874,0.7176408086392052,-0.0016326739205208404,0.01133189469029948,0.6963193177804742
38.5,557.1950852578209,498.11541373042394,25759.42169067581,12.375376801672461,10.954923281343332,351.22294531543395,0.7176389026876479,-0.0016389378605219948,0.011365458756272094,0.6963207203431603
38.6,558.399740529403,499.1708638663581,25794.48918846012,12.366920436532885,10.952513390602098,350.15146600761784,0.7176362962187868,-0.0016802271001129059,0.01145227928308608,0.696321885686136
38.7,559.6035696545428,500.22608900185793,25829.45045242081,12.358620060581119,10.950060596716304,349.08091810086364,0.7176333057639244,-0.0017636595846672455,0.011573004151366523,0.6963227653452986
38.800000000000004,560.8065780193574,501.2810850003632,25864.307453538444,12.350494760244292,10.94742133668002,348.0116727408072,0.717630330869979,-0.0018843326791818512,0.011701019221020669,0.6963233757780849
38.900000000000006,562.008761125179,502.3358206382287,25899.054904565823,12.342407569969277,10.944649622070799,346.9433295014937,0.717627692205891,-0.0020271270846917207,0.011817077138319214,0.6963237342091224
39.0,563.2100395580483,503.3902466621166,25933.695577169314,12.334299109081059,10.941764538307735,345.8758858340624,0.7176256575595023,-0.002168160726601806,0.011902829938090073,0.6963239456824823
39.1,564.4105012626968,504.4442952922877,25968.229572663164,12.326137547932525,10.938798462301566,344.80946465194774,0.7176247498013175,-0.0021187721150561518,0.011931302496326292,0.6963245459540128
39.2,565.6101283656847,505.49795591870327,26002.65699120623,12.317888035092144,10.93586790247406,343.74412765908966,0.7176244720373197,-0.0020641102799231464,0.011913225371783121,0.6963253059046121
39.300000000000004,566.8089157983584,506.5512647001232,26036.977932007176,12.309563688890005,10.933062222863088,342.6797841436717,0.7176244212277566,-0.002020156480862974,0.011869458012824496,0.696326234599704
39.400000000000006,568.0068110723148,507.6042440750721,26071.19249400256,12.301232263579756,10.930421082428328,341.6164262751616,0.7176242347861649,-0.0019988431526852955,0.011813340027615249,0.696327442566365
39.5,569.2037624675315,508.6569117201419,26105.30045892243,12.292941440119677,10.92796028023321,340.5540627959475,0.7176235044633845,-0.002005452513330136,0.011776019611125182,0.6963288083685939
39.6,570.3998917697168,509.7093073701678,26139.30385335729,12.284736719116143,10.925651162290302,339.4926777275953,0.7176220039086119,-0.002039124892908673,0.011777427462290033,0.6963302332070826
39.7,571.5952363199375,510.76148555597143,26173.199530765232,12.276693164093121,10.923414011147111,338.43229695755366,0.7176197618289918,-0.0020895997184396512,0.011822903765297014,0.6963316235473398
39.800000000000004,572.7898133586455,511.81345780269953,26206.982588820665,12.268791901308797,10.921173233084966,337.3729029144851,0.7176169172558802,-0.0021439179076067627,0.011911199829713741,0.6963328851941355
39.900000000000006,573.9836358102741,512.8652264986941,26240.67237333063,12.26100684006024,10.918849610747298,336.3144918618803,0.7176137281671541,-0.002188094708343171,0.012033848518117084,0.6963339255539891
40.0,575.1766839493127,513.9167801377747,26274.256514284385,12.253308090816104,10.916372698902103,335.25711132364637,0.7176105992577182,-0.0022124813033677806,0.01216550225321671,0.6963347853686385
40.1,576.3688908836168,514.9680970623226,26307.728034963806,12.245670549755928,10.913763895482056,334.20067478145376,0.7176078334840232,-0.0022077888033343956,0.012291174323393557,0.6963354436079771
40.2,577.5602914969209,516.0191400738855,26341.096038740197,12.238016293359507,10.91106133784462,333.14515512278416,0.7176057015658097,-0.002184203208988299,0.012390597043079462,0.6963359530007767
40.300000000000004,578.750922507737,517.0698357325052,26374.356692446356,12.230322661883166,10.908311581863368,332.09059082320965,0.7176043589009755,-0.0021396861510388243,0.012447726741782161,0.6963364559811994
40.400000000000006,579.9407743873919,518.1201976786725,26407.509572158244,12.222586575410713,10.905604728129424,331.03698227640183,0.7176036471316305,-0.0020883911564033575,0.012459978318751015,0.6963371261006098
40.5,581.1298164844703,519.1702542013695,26440.55901406182,12.21481111709123,10.902990086640234,329.98428625434474,0.7176033371473629,-0.002041649924238144,0.012432178880525316,0.6963380810417004
40.6,582.3150594410789,520.2199695589218,26473.498816092302,12.207027520138134,10.900526010348722,328.9324959002888,0.7176031559825692,-0.0020102410522262145,0.01237794878956252,0.6963393252133127
40.7,583.4644509378622,521.2694075332366,26506.34061932588,12.19928439192474,10.898214103295537,327.8816112517914,0.7176027343779358,-0.0020025090986652352,0.012321508660607333,0.6963407829467884
40.800000000000004,584.6130024756897,522.318547586638,26539.075624308378,12.19159998592797,10.896055282349607,326.8318427194347,0.7176017218083012,-0.0020246575664025794,0.012284634250752357,0.6963424138890476
40.900000000000006,585.7608195293693,523.3674669216617,26571.71148846083,12.184036536174473,10.893964183490276,325.7828772448164,0.7175999010352948,-0.002062259701834323,0.01228579067166753,0.6963441594977509
41.0,586.907906033275,524.4162175291818,26604.23965045011,12.176573881560648,10.891894441579893,324.73465594573014,0.7175973724042068,-0.0021122768935186893,0.012331964305917972,0.6963457991984017
41.1,588.054309357222,525.4647843102957,26636.64907811194,12.16923496214403,10.889795360903536,323.6874029760147,0.717594253707288,-0.0021631642550239923,0.012425311899906283,0.6963471974459841
41.2,589.2000375927797,526.5131746784703,26668.96312025212,12.16199175216525,10.887592631491335,322.64111210390206,0.7175908059709918,-0.0022042939352865934,0.012551060063011052,0.6963483662402346
41.300000000000004,590.3450782258283,527.5613683581347,26701.182847621476,12.154791497399408,10.885307497082586,321.5955842509477,0.7175872816383247,-0.002227716427283979,0.012695999483816754,0.6963492960487186
41.400000000000006,591.48937653807,528.6093087301344,26733.29617551708,12.147647110841588,10.882907243877499,320.5508120432379,0.7175841011293569,-0.002227113304690744,0.012844143613437156,0.6963498587258696
41.5,592.6328882928892,529.65700316362,26765.299351829864,12.140498479165904,10.88043325168579,319.5070491134685,0.7175814887120847,-0.0022078410515491143,0.012969083613133647,0.6963502964499081
41.6,593.775782842911,530.704443058249,26797.191212483318,12.133348638532826,10.87796481626657,318.46393695001433,0.7175795564923169,-0.002176573937886841,0.013053487148646792,0.6963508089342921
41.7,594.9179085523037,531.7515534107938,26828.986075192846,12.126219653498255,10.875504266338176,317.4214053706145,0.7175784695309205,-0.002148957123482849,0.013080411841253968,0.6963515095661145
41.800000000000004,596.0593449315485,532.7983331706241,26860.67090039984,12.119094588631977,10.873175006497089,316.37982923543365,0.7175780401796233,-0.002138201104032191,0.013050189948783663,0.6963525521532252
41.900000000000006,597.199957006283,533.8448314060958,26892.248998999894,12.111996330152135,10.870943941616323,315.33886840505335,0.7175780890843838,-0.0021549208828742328,0.012970251175884195,0.6963539437429987
42.0,598.3398290363327,534.8910209563113,26923.738534302454,12.10491039526334,10.868820229155752,314.2984473186559,0.717578241477684,-0.0022038719337155997,0.012856093066228896,0.6963557504446753
42.1,599.4790136156691,535.9369485841846,26955.120346431242,12.097853490487754,10.866820065949963,313.2588661520696,0.717578130647627,-0.002283491464846983,0.012733974778004553,0.6963578519477902
42.2,600.6175253353072,536.9826520337921,26986.39075540571,12.090816202196143,10.864882343563664,312.2201270225961,0.7175775210581743,-0.0023864068464223027,0.012626513702248175,0.6963600918246936
42.300000000000004,601.7553312575337,538.0281626278063,27017.55727901721,12.08383037715036,10.862971506625057,311.18212777558915,0.7175761164818135,-0.002501573550807511,0.012562010036037389,0.6963623015991771
42.400000000000006,602.8925262518737,539.0734820263764,27048.62012018753,12.07689503355105,10.861063516771825,310.14514971640637,0.717573827437357,-0.0026147873155137023,0.012555275392462484,0.6963643659206122
42.5,604.0290461427381,540.1186505629793,27079.58376689389,12.070022386341273,10.859078974066431,309.10948953572307,0.7175708984633001,-0.0027134002843060157,0.012605946954788401,0.6963660913907587
42.6,605.1649139739652,541.1636729765631,27110.440037524353,12.063258207571984,10.857040403943056,308.07469871778727,0.7175674601771534,-0.0027847478234243068,0.012705324024279334,0.6963675466417912
42.7,606.3001383234651,542.2085213739824,27141.18947952802,12.056546709702104,10.85493773258144,307.04076068747446,0.7175637832917476,-0.0028297699510870327,0.012839891918183678,0.6963686857445468
42.800000000000004,607.4347347485506,543.2531689373202,27171.862454463964,12.049912701781023,10.852751673316014,306.00807871823264,0.7175602369973293,-0.0028476121548712367,0.012987681331705211,0.6963695265582621
42.900000000000006,608.5685794418573,544.2976449594554,27202.39049913319,12.043375582256745,10.850551434419692,304.9762838366661,0.7175571222763127,-0.0028381566578284485,0.01312632769513612,0.696370175020845
43.0,609.7017864806695,545.341809073805,27232.83709631075,12.036879419265173,10.848347816658649,303.9452830145706,0.7175546611809703,-0.0028171530818654833,0.013234840865315449,0.6963707423874484
43.1,610.8343164632497,546.3857206247485,27263.194106790997,12.030437694738826,10.846187210861395,302.91532603464697,0.7175530406988221,-0.0027955277806635923,0.01328574852210736,0.6963715299281766
43.2,611.9663296141571,547.429403273483,27293.414923957986,12.024042190475736,10.844127842251282,301.88638931457854,0.7175519182372707,-0.0027803605729325017,0.013300126089789102,0.6963724728010817
43.300000000000004,613.0974600844509,548.4727730400467,27323.557362467283,12.017676427762165,10.842149295228973,300.85825674417737,0.7175514477975593,-0.0027883706892593667,0.013262005015438602,0.6963736525569418
43.400000000000006,614.2280585345105,549.515851655674,27353.58590002699,12.01132612450827,10.840285700308655,299.8309209904873,0.7175513541166332,-0.0028190246177571517,0.013169376558445543,0.6963753835587906
43.5,615.3581613655203,550.5587251019901,27383.52332068507,12.004998095499952,10.838553786818762,298.8048275805005,0.7175512291279098,-0.0028717849504230944,0.013058178010578044,0.6963773907984581
43.6,616.4873621959315,551.6013894768745,27413.370243991998,11.998707958463891,10.836882947265055,297.77941270383525,0.7175507421028307,-0.0029550341678886713,0.012946027131851232,0.6963796383168057
43.7,617.6160793109303,552.6438165064947,27443.079111784475,11.99245097311807,10.835274419107533,296.7547709527217,0.7175496602286907,-0.0030537561812765263,0.012845757249724813,0.696382184004988
43.800000000000004,618.744323351472,553.686094772865,27472.701246769735,11.986246340691702,10.833686050721319,295.7312408227714,0.7175479226973563,-0.0031464145817799946,0.012791580104884341,0.696384559124058
43.900000000000006,619.8717130267203,554.7282461933622,27502.24743120622,11.98009005535013,10.83207350578547,294.7084171027678,0.7175457997483862,-0.0030136506768624095,0.01279280113183177,0.6963873113521297
44.0,620.9987682505425,555.7702418764178,27531.641179791735,11.974015637059933,10.83043401580673,293.6864348582439,0.7175432020943409,-0.0029425409055403476,0.01281744225342287,0.69638983892307
44.1,622.1251970389126,556.812081630772,27560.964527771743,11.968029230583197,10.828733230180294,292.66521471474954,0.7175396909739045,-0.0029047359946469263,0.012916226545048932,0.6963917902141811
44.2,623.2509543055119,557.8538206382145,27590.19181004413,11.96206857676886,10.826967062762908,291.6449597392155,0.717535867515662,-0.0029097853226859403,0.013043913529198422,0.6963933287286467
44.300000000000004,624.3761742885632,558.8953690689489,27619.293548193134,11.95623281412397,10.825163274534678,290.6253662351466,0.7175319378742634,-0.0029720738115555224,0.013188926597761432,0.696394383322311
44.400000000000006,625.500820394582,559.9367494694812,27648.302037067984,11.950444928589949,10.823318967142772,289.6064836465147,0.7175281933822951,-0.0030480070325640592,0.013338677032411374,0.6963950610463103
44.5,626.6249163168769,560.977980755287,27677.22390165946,11.944706552943469,10.82147797050003,288.58873516789885,0.7175248816860259,-0.003141665208785947,0.013460608204694838,0.6963957108770343
44.6,627.7484681525548,562.0189145400444,27706.024846239594,11.939020275903049,10.819623002618124,287.57124071481314,0.7175222080017277,-0.0032243530408647752,0.013547666207800912,0.6963963995542446
44.7,628.8712696232604,563.059687200285,27734.711151030868,11.933372760569732,10.817859985313788,286.5549176823021,0.7175203063467934,-0.003289575704148796,0.013594376331523285,0.696397143592539
44.800000000000004,629.9935830876311,564.1002234824923,27763.340271841684,11.927754037664718,10.816135469093268,285.5391028212727,0.7175190523308,-0.0033287799337859544,0.01358761938415616,0.6963983812200705
44.900000000000006,631.1154371654378,565.1404748683004,27791.816696610476,11.922159571498561,10.814503680421366,284.5241141683846,0.7175184324544469,-0.0033102907815373015,0.01353507181069666,0.6964001313139841
45.0,632.2365176902262,566.1805807028985,27820.247012653577,11.916578117899222,10.81297063474785,283.5099432175459,0.7175181138909564,-0.0032660334398115797,0.0134493846078373,0.6964023286273565
45.1,633.357125767226,567.2204203488315,27848.520987129006,11.911031180140283,10.811508419116258,282.49625304823905,0.717517898099054,-0.0031835914421869077,0.01334454160378513,0.6964049496251659
45.2,634.4773288585579,568.2600782352781,27876.754173608922,11.905489597935247,10.810140162742755,281.48356520037044,0.7175175271212797,-0.0030643896448470666,0.013240785436153936,0.6964078470199068
45.300000000000004,635.5967406814391,569.2996085523157,27904.81242621879,11.899991634527746,10.808804022264264,280.47146595835596,0.7175165722215797,-0.002937990958019281,0.013156561916681967,0.6964109718227146
45.400000000000006,636.7157008322557,570.3389300547503,27932.844292106674,11.89451675515452,10.80751797044075,279.4598936916118,0.7175149406366164,-0.0028033967443716404,0.01311523418160686,0.6964139871960415
45.5,637.8341972022452,571.3781473263477,27960.7054516218,11.889101853480529,10.80620430518285,278.4493064853272,0.7175119058584867,-0.002689481821088836,0.01318527209545511,0.6964162406482383
45.6,638.9522351313472,572.4172558065043,27988.52347039992,11.88372376318818,10.804891216553825,277.4391658996398,0.7175085032155087,-0.002584695656040131,0.013274789627400285,0.6964184425488416
45.7,640.0698094848185,573.4562138281636,28016.19798456139,11.878396170307415,10.803527369516118,276.42982031384594,0.7175045386525111,-0.0025237263497255736,0.013394159040689413,0.6964204651803045
45.800000000000004,641.1866903664327,574.4951162602433,28043.802467431044,11.873149407874664,10.802116666752314,275.4212847850958,0.7175004057653558,-0.002502541792442314,0.0135177168980746,0.6964224122908383
45.900000000000006,642.3031991142666,575.5338265836218,28071.284075589574,11.86798592656369,10.800666903918417,274.41319906804483,0.7174962657755612,-0.0025054312771828785,0.013643290218457118,0.6964242184504035
46.0,643.4192449271486,576.5724630450893,28098.70483091882,11.862876887194203,10.799170677278696,273.4061915178837,0.7174923732331379,-0.0025285376897065683,0.013749180745573575,0.6964260627505671
46.1,644.5346285327547,577.6109278789537,28125.99149448193,11.857871207521125,10.797651991147962,272.3996575776352,0.7174888778692272,-0.0025785733420500543,0.013839210492706993,0.6964276971419325
46.2,645.6496659598187,578.6492375126469,28153.18013934608,11.852892008097342,10.796126714911757,271.3936999219309,0.7174858067874536,-0.0026493398835384444,0.01390490989806628,0.6964292868177394
46.300000000000004,646.7641410940415,579.687418124942,28180.26575615009,11.847993370964474,10.794631080913886,270.3884249205137,0.717483239109241,-0.0027152630461196457,0.013934916825910897,0.6964310784542551
46.400000000000006,647.878021803092,580.7253396843774,28207.24682462912,11.843107688376932,10.793151163956953,269.38346583947316,0.7174813025915445,-0.002775254243029831,0.013946198130839686,0.696432611207375
46.5,648.9916183560082,581.7631653162127,28234.13464670043,11.83824385476336,10.791744315331677,268.3790919500532,0.7174796634823024,-0.0028075483901382815,0.013928072835521365,0.6964345331389358
46.6,650.1044476945569,582.8006956092275,28260.932880072585,11.833389540224381,10.790398420876722,267.3750890426923,0.7174783819692685,-0.0028285935575581276,0.013899020553712248,0.6964363486298615
46.7,651.2169405222031,583.8381142119208,28287.622022531395,11.82853424040476,10.78909967147239,266.37142435582183,0.7174772116041197,-0.0027985207911481766,0.013861894530791402,0.6964384157915013
46.800000000000004,652.3289374646507,584.8753112690252,28314.1985139589,11.823667322508017,10.787906956100194,265.3683465308005,0.7174759557643873,-0.002752857258423319,0.013832569879131233,0.6964404746189244
46.900000000000006,653.4403470658599,585.9123308825667,28340.66821816664,11.818812955943697,10.786750383405044,264.3655314609641,0.7174744619246036,-0.0026747619232461673,0.013812825947060015,0.6964427097572424
47.0,654.5514902322556,586.9492429124473,28367.061681541476,11.813937171446778,10.785641033658392,263.3631867562368,0.7174725094862724,-0.002606183242624173,0.01381265564915916,0.6964449845352427
47.1,655.661906538297,587.9859333669162,28393.3366553605,11.80909343875439,10.784564404821161,262.3612855495752,0.717469820738228,-0.002644742755479193,0.013842230407673312,0.6964470219068736
47.2,656.7719756965811,589.0225578635221,28419.538731491502,11.804260332967113,10.783498354797016,261.3596400857653,0.7174666003435831,-0.002686730780030334,0.013888088562267876,0.6964492658228763
47.300000000000004,657.8815260610407,590.0590368543407,28445.641964852166,11.799464261598649,10.782406599922387,260.3585703524674,0.7174627062973801,-0.0027247131829214594,0.013970016467190169,0.6964514912399977
47.400000000000006,658.9908651477734,591.0954125609674,28471.621406043723,11.79470063292889,10.781301859169883,259.35782107647225,0.7174585195089814,-0.0027623746548020587,0.01406736981668671,0.6964536963622836
47.5,660.0995675323428,592.1316849358963,28497.509408150356,11.790003639754625,10.780165413519482,258.3574188231443,0.7174539202576086,-0.0027871916093288565,0.01417970943183379,0.696456057271635
47.6,661.207839216096,593.1679067271659,28523.28838911658,11.785331215082458,10.778986954658734,257.35741630024376,0.7174491952776547,-0.0028152120350769636,0.014299256193910093,0.6964583677786808
47.7,662.3158047192367,594.2039913512536,28548.93633595991,11.78075921088672,10.777775068394195,256.3577215629727,0.7174444114042144,-0.002824310115225072,0.014421900927798735,0.6964607301139539
47.800000000000004,663.4230964219362,595.2399906750792,28574.511092133605,11.776194767242425,10.77652550761059,255.3584770282732,0.7174397180889189,-0.002838388941143504,0.014534512482065935,0.6964631665807028
47.900000000000006,664.5301458015291,596.2758788508096,28599.98943566302,11.771727777403598,10.775246792458622,254.35947541699773,0.7174353125284632,-0.0028343407100280315,0.014644142757063007,0.6964654247935332
48.0,665.636624769015,597.3116258022295,28625.386387284554,11.767274888813414,10.773969566933372,253.36095914284496,0.7174312902137172,-0.0028349218976197054,0.014724545724256069,0.6964678706109346
48.1,666.7426816522593,598.3472778907112,28650.66108147091,11.762889378890128,10.772679390403978,252.36265432786382,0.7174276740642862,-0.002824491670005153,0.01479905359893145,0.6964700587577979
48.2,667.8483844133145,599.3827255463417,28675.86032531222,11.75853406452314,10.771445807048478,251.36479024290662,0.7174246752534595,-0.0028128462911829965,0.014837262606007762,0.696472381987664
48.300000000000004,668.9535135682906,600.4180553309033,28700.930865693783,11.75421750679143,10.77022520454507,250.3671422071074,0.717422091173961,-0.0027975310062052765,0.014866719146706597,0.6964744773339961
48.400000000000006,670.0581911837955,601.4532233557402,28725.925018486476,11.74992598367772,10.769079323348489,249.36989280872098,0.7174200806773566,-0.0027749113914829035,0.01486896875983789,0.6964765907592899
48.5,671.1624732038272,602.4882189349277,28750.822664282558,11.745652982762344,10.767972407590623,248.37288318911348,0.7174184335122669,-0.00274898340607091,0.014863742445200029,0.6964785018272719
48.6,672.2663405631799,603.5231070631875,28775.58201989956,11.74138033466761,10.766928803689513,247.3762317186866,0.7174171319840495,-0.0027144960543043673,0.014846606732026322,0.6964803432369764
48.7,673.369630559938,604.5577883981408,28800.296067662024,11.737120653134202,10.765933037039323,246.3798627310957,0.71741600131149,-0.0026751958001862697,0.014829804852467057,0.6964820179141029
48.800000000000004,674.4725528781402,605.5924049197916,28824.861606827864,11.732832925180267,10.764976607209785,245.3837922071652,0.7174148726324214,-0.0026310798238288174,0.014815377322778978,0.6964836556155147
48.900000000000006,675.5749987327455,606.6268177106527,28849.3570858613,11.728560895839731,10.764054085554003,244.3880826069743,0.7174136244167457,-0.002582295116427502,0.014814341806395516,0.6964851459507255
49.0,676.6769815024701,607.6611563350459,28873.750687924585,11.724259740812757,10.763149216590131,243.3925611677197,0.7174120094798498,-0.002532464865002241,0.014822420890414188,0.6964868204889012
49.1,677.7787236306633,608.6953482064843,28898.02774177405,11.719956741050611,10.762245446002023,242.39749782426463,0.7174100499036943,-0.002480306529161233,0.014858945606583431,0.6964882483661593
49.2,678.8798423516682,609.7294823132946,28922.236749133375,11.715656502206244,10.761343350055967,241.4025514158153,0.7174074762486422,-0.002429717318899211,0.01490248231772208,0.6964901474659021
49.300000000000004,679.980793248891,610.7634614135511,28946.288340917286,11.711357506420297,10.760404929351125,240.40809129347744,0.7174043472273961,-0.002381138136137048,0.014985237442056503,0.6964917626355789
49.400000000000006,681.0811007174971,611.7973990513547,28970.29838881388,11.707075436111687,10.759456996464731,239.41374617011138,0.7174006114670277,-0.0023371807959183906,0.015073515413813757,0.6964938545211519
49.5,682.1812235634343,612.8311777866743,28994.179052511263,11.702834357245916,10.758456166715014,238.41982176738125,0.7173963239260944,-0.002297334983801386,0.015192305810529492,0.6964958223230472
49.6,683.2807987576094,613.8649231625258,29017.969693475872,11.698604889495373,10.75743593086871,237.4260729229923,0.717391590282605,-0.002261091641068263,0.015316757334421657,0.6964980908811914
49.7,684.3801094828685,614.8985027098546,29041.676760413426,11.694437333926675,10.75636624016822,236.43265834097897,0.7173864662348534,-0.0022344448644880757,0.015456058699480118,0.6965003772925722
49.800000000000004,685.4789503558499,615.932047541697,29065.248127138188,11.690305629892249,10.755276256174954,235.43948566868175,0.7173811393601401,-0.0022106059253843013,0.015596062009151389,0.6965028190622033
49.900000000000006,686.5774602861933,616.9654172641178,29088.781674863847,11.686223545266142,10.754154098056263,234.4465662892373,0.7173757337522044,-0.0021910735044449806,0.015736575699561627,0.6965052878518845
50.0,687.6754873028665,617.9987444126639,29112.133899283508,11.682205501313277,10.753023825267233,233.45395261407623,0.7173703851639698,-0.0021773834173287932,0.01586729779413737,0.6965078738620719
50.1,688.7732669968154,619.0318666507251,29135.480730034647,11.678222122143588,10.751882866594764,232.4615167762432,0.7173652596186555,-0.0021629108595598197,0.015990099314250505,0.6965103896086497
50.2,689.8704689472228,620.0649687778516,29158.62721757489,11.674315108035914,10.75075917997878,231.46944983812818,0.717360494577807,-0.002153910168896315,0.016090275228334186,0.6965130182079476
50.300000000000004,690.9675099541549,621.0978659003135,29181.75522317521,11.670425557187368,10.749639876099517,230.47750093991417,0.7173560545725063,-0.002140806920901206,0.016181451768242282,0.6965155192331085
50.400000000000006,692.063875845594,622.1306729021408,29204.70164904828,11.666612778029224,10.748571757927582,229.4859814461809,0.7173523004418398,-0.0021278426549747836,0.0162396045755639,0.6965180719691811
50.5,693.1600885046271,623.1633787231149,29227.585223314414,11.662801714892465,10.747512771628912,228.4945177087375,0.7173487330252867,-0.002110906592962024,0.016292213845441786,0.6965205690203169
50.6,694.2556950265227,624.1958840601768,29250.441884309847,11.659052041879729,10.746534505225785,227.5034876568465,0.7173460240708909,-0.002090830179378526,0.016310580529909538,0.6965229896720015
50.7,695.3510709156764,625.2283776433046,29273.09686671001,11.65530749735905,10.745571969708172,226.51258232218132,0.7173433323265113,-0.0020660392028772285,0.016326640569281837,0.6965254595895471
50.800000000000004,696.4459273614509,626.2606138323912,29295.697412421585,11.651576885364342,10.744685235474137,225.52198629258604,0.7173412547441194,-0.002033466920763645,0.016321336401801428,0.6965278194246616
50.900000000000006,697.5404754041924,627.2928282648635,29318.249185512475,11.64787118626824,10.743823307203979,224.5316374615577,0.7173392140435376,-0.0020008802734154184,0.016313026468370732,0.6965302101423695
51.0,698.6345301541521,628.3248769508741,29340.624632191968,11.644148472023776,10.743024286346373,223.54156220325802,0.7173372219247944,-0.001955870239299555,0.016303243377877807,0.696532618667774
51.1,699.7283196922407,629.3568267625129,29362.94668370774,11.640441508979068,10.742236731948433,222.5516346574958,0.717335211433027,-0.0019163270157033679,0.016296582218288832,0.6965349550001823
51.2,700.8215261735154,630.3887487147391,29385.14242707205,11.636735841798604,10.741487770063037,221.5620953448794,0.7173328672472498,-0.0018800710373368104,0.016299805958675563,0.6965373925536543
51.300000000000004,701.9147004165541,631.4204517980196,29407.24962334975,11.63300693136257,10.740755818501208,220.57262273243936,0.7173303850400973,-0.0018223650033143736,0.016310288364188005,0.6965398568477599
51.400000000000006,703.0071180943727,632.4521548813003,29429.278933143796,11.62929468118482,10.740028699562238,219.58358629726433,0.7173273033444673,-0.0017646588483862568,0.01634524756787076,0.6965423596147245
51.5,704.0994590724816,633.4837360446231,29451.15168875818,11.625561628688493,10.739302491688077,218.59460626567838,0.717324018632836,-0.0016997628679275329,0.016385099891135325,0.6965449673927655
51.6,705.1913080740816,634.51521822334,29473.01037669456,11.621840824511201,10.73855768571313,217.60601763690727,0.7173198834804034,-0.001647722823875303,0.016461423530081676,0.6965475513620872
51.7,706.2828157835755,635.5466481582911,29494.665037643015,11.618119465374704,10.737812279097236,216.61753164583988,0.7173156003132248,-0.0015959039216957753,0.01653760949913766,0.6965502782355374
51.800000000000004,707.3741351090116,636.5779643653822,29516.297289183523,11.614407409385828,10.737011276577135,215.62942177493213,0.7173103066710989,-0.0015511550219108022,0.01665336528196163,0.6965530728424775
51.900000000000006,708.4648323432303,637.6092343711198,29537.824093887768,11.610713807126896,10.736216808245556,214.6413189340175,0.7173046762153922,-0.0015079411852032276,0.016769130112760062,0.6965561885936946
52.0,709.5555295774492,638.6403578798456,29559.209785861854,11.607045313306887,10.73536126957173,213.65369139902666,0.7172986588366048,-0.001469634535216731,0.016911933467781876,0.6965590145220447
52.1,710.6455274413722,639.671456793055,29580.551890504754,11.603412666573005,10.734501547321795,212.66608844401918,0.7172925991077703,-0.001438362304020009,0.01705666596574094,0.6965617908880984
52.2,711.7354245731245,640.7024083528488,29601.754286819694,11.599779105112114,10.733595934980539,211.6787868942517,0.717286209201922,-0.0014075650222444428,0.01721400435831679,0.6965645633416879
52.300000000000004,712.8249091508628,641.7333107916782,29622.9028454856,11.596227305149473,10.732682514800876,210.69165297951838,0.7172794911827803,-0.00138665791285534,0.017372083591854475,0.6965675986005107
52.400000000000006,713.9140054680855,642.7641207962772,29643.846603502883,11.592693103619059,10.731744064454057,209.70480456349395,0.7172727785028806,-0.0013661113981122096,0.01752807966043381,0.6965706434969987
52.5,715.0029580603324,643.7947899655333,29664.772842275783,11.5891805461046,10.730796553340584,208.71803182100558,0.7172660566800184,-0.0013462951668718904,0.01768237379134303,0.6965737039833786
52.6,716.0912642347113,644.8254519929886,29685.65770259285,11.58576558307331,10.729851401351477,207.73157920575673,0.717259455901793,-0.0013321146062152118,0.017822539889566117,0.6965769558792659
52.7,717.1795526957528,645.8558435268914,29706.316501517318,11.582349781896456,10.728904029401848,206.7452717712901,0.7172534267801907,-0.0013198058433610176,0.017956880091629678,0.6965797372461995
52.800000000000004,718.267191385233,646.8862061877946,29726.93693240103,11.578999652496055,10.72797616955533,205.7591684095615,0.7172475604111695,-0.0013557722247686656,0.018071381136680772,0.6965827475251688
52.900000000000006,719.3546648431984,647.916568848698,29747.528426450917,11.575700468526422,10.727061513637668,204.77324731599876,0.7172422712913774,-0.0014048098448786073,0.018173741855695258,0.6965854333023687
53.0,720.4417743670298,648.9468633975844,29767.899984626434,11.572401284556792,10.726179395422408,203.78757297064536,0.7172398984202801,-0.0014534609637795507,0.018257088104432617,0.6965855972522257
53.1,721.5284359439494,649.9768893590705,29788.21480405856,11.569193515059197,10.725324545760792,202.8020459324347,0.7172377546419321,-0.0015003966149232768,0.018323793853955533,0.6965859535656711
53.2,722.6149478795078,651.0069153205565,29808.513111495286,11.565989744602673,10.724503447650765,201.81670298711802,0.7172358000915189,-0.0015348341287897674,0.018375657394811996,0.6965865248241487
53.300000000000004,723.7008719793974,652.0368649640325,29828.59759706016,11.562811043916597,10.723723283324938,200.83162356283495,0.7172338904943143,-0.0015688625924615296,0.018410763750382877,0.6965874882415585
53.400000000000006,724.78671887652,653.0666069739993,29848.60699505571,11.559669395291126,10.722974218121058,199.84667014221287,0.7172320464916793,-0.0015971133496337968,0.01843691376030412,0.6965886310623374
53.5,725.8719875628999,654.096348983966,29868.612289882487,11.55652904304606,10.722268404619378,198.86192050277668,0.7172304107692165,-0.0015948611852573008,0.018450055173407684,0.6965899724728449
53.6,726.9570405836911,655.1260027403916,29888.40986558776,11.553414424614473,10.721588293127514,197.8773924345646,0.7172286536154197,-0.0015923370721733227,0.018461801672234466,0.6965914762431967
53.7,728.0417189974917,656.1554855081301,29908.114025520998,11.550300087793621,10.72095248949364,196.8931023819841,0.7172268559580194,-0.0015816909557815984,0.018468398022830772,0.6965931765534064
53.800000000000004,729.1260115686946,657.1849682758688,29927.818185454234,11.547197389226557,10.720316685859768,195.90881232940356,0.717225082127644,-0.0015368654639217325,0.018476062012137057,0.6965949000273141
53.900000000000006,730.2102445874547,658.214354050272,29947.33729914261,11.544083737296754,10.71972415004965,194.9249475439723,0.7172231013203691,-0.0014920212742676674,0.018495632557743186,0.6965965176349918
54.0,731.2938639510828,659.2436056022726,29966.73639793443,11.540972729436474,10.719136625271915,193.94114282188363,0.7172209571703779,-0.0014402091293989256,0.018516717941305747,0.6965982741508572
54.1,732.377258030073,660.2728462914495,29986.135496726252,11.537863735830427,10.718552757520987,192.9574976858944,0.7172186415029094,-0.0013646500245248633,0.018552286552188355,0.6965998641075932
54.2,733.4605526700147,661.3020035365253,30005.36235086797,11.534740442882129,10.717978709687669,191.9741333761676,0.7172161250973229,-0.0012893595000541577,0.018605460339512447,0.6966011802301341
54.300000000000004,734.5431828821522,662.3310456986017,30024.419474240458,11.531626262225524,10.717404441660905,190.99081136771105,0.7172134799307459,-0.001215865134652722,0.018658968737130813,0.69660260461993
54.400000000000006,735.6257684046074,663.360064989415,30043.47659761294,11.52850225754336,10.716807072962796,190.00783463679363,0.7172102760081572,-0.0011493707010616638,0.0187531799783358,0.6966034863363769
54.5,736.70803337783,664.3890104984223,30062.53039782621,11.52537843775898,10.716213779517982,189.02486363955114,0.7172071054130537,-0.0010857387472234703,0.018840904981013862,0.6966044856415282
54.6,737.7898172439017,665.4178383470145,30081.346854554366,11.522264305548466,10.715593726027631,188.04220156252393,0.7172041277734288,-0.0010266740807612408,0.01891745220032138,0.6966055663338727
54.7,738.8716011099731,666.4466266437289,30100.025141735292,11.519159342246327,10.714957292861847,187.05968239738567,0.7172009492754069,-0.000979396660911248,0.019011586876106237,0.6966063441464538
54.800000000000004,739.9528984970196,667.4753993661882,30118.703428916222,11.516054366728168,10.714315027084043,186.07720732936875,0.7171976163061871,-0.0009321192194800156,0.019116405356620483,0.696606971946682
54.900000000000006,741.0338788497614,668.5040296938307,30137.35166806339,11.512982851690863,10.713627412364913,185.09505857825835,0.7171937472605123,-0.0008953374715715335,0.019252497424095075,0.6966072556356068
55.0,742.1148345897919,669.5326111217948,30155.762385750088,11.509925527939481,10.712939910712125,184.11297835470464,0.7171898861501197,-0.0008918659150594274,0.019393410871417795,0.6966073265433981
55.1,743.195142485111,670.5611364679321,30174.062082815068,11.506875685782658,10.71222224145249,183.13111424633516,0.7171857663524089,-0.0009268876338977112,0.01955467562675008,0.6966070140918439
55.2,744.2752875628564,671.589611687392,30192.36177988005,11.503893367352816,10.711491304249392,182.14926905631296,0.7171815120888212,-0.0009642021475348566,0.01972286945422961,0.6966066016430666
55.300000000000004,745.3554280549238,672.617933581075,30210.604735483594,11.500910950689669,10.710753439035777,181.1676941258024,0.7171770004515612,-0.0009980397896042928,0.019902917936390773,0.6966060779217313
55.400000000000006,746.4348825087361,673.6462268764775,30228.609988492855,11.497978297067853,10.709995897933073,180.18626502924408,0.717172509566141,-0.0010318773689672702,0.0200838353268425,0.6966054595754062
55.5,747.5141651810006,674.6744869924644,30246.531332090963,11.495096734280228,10.709237587636613,179.20483593268582,0.7171678800895787,-0.001068435665884564,0.02027409071858759,0.6966046593718578
55.6,748.593423416201,675.7025868772021,30264.440399314586,11.49221496978738,10.708477845866764,178.2235399285008,0.7171633716098518,-0.0011082363193854734,0.020453714609482188,0.6966039877808078
55.7,749.6720479922157,676.7306263199941,30282.2906137137,11.489401397447967,10.707717814606065,177.24261293769527,0.7171587624165568,-0.0011366453776693363,0.020635219618611294,0.6966033342137615
55.800000000000004,750.7504666142709,677.758613648688,30299.890663711896,11.4866344370228,10.706966024381986,176.26171308432563,0.71715415274632,-0.0011662226282682408,0.02080974750644465,0.6966028391646184
55.900000000000006,751.8288410851993,678.7865439762652,30317.43387956767,11.483868784371738,10.706227789788873,175.28085453556236,0.7171497626502459,-0.001197587473939986,0.020967727741017367,0.6966025682613558
56.0,752.9066361588295,679.8142939130593,30334.934664709763,11.481175269991628,10.70548955519576,174.30024251237498,0.7171453183068918,-0.0012282053422235507,0.021127062091952534,0.6966022761874291
56.1,753.9841849191776,680.8420308746029,30352.40043967657,11.478515846159988,10.704797181398483,173.31990237575647,0.7171413160738647,-0.0012799333180073208,0.0212531207047954,0.6966024687085557
56.2,755.06166612295,681.8697185397217,30369.589184715416,11.475861758722896,10.704108247026209,172.33956500178692,0.7171370962892473,-0.0013312210209863735,0.02137779655441003,0.6966029017962087
56.300000000000004,756.1386271298093,682.8972565972555,30386.74813728383,11.473268216719017,10.703434208091057,171.3592451405519,0.7171330388048833,-0.0013825091837555113,0.02149126185688857,0.6966034876359931
56.400000000000006,757.2153929574773,683.9247260309004,30403.88402191938,11.470684878661086,10.702808695683101,170.37911084115885,0.7171294281368428,-0.001422295483708991,0.021574786681627364,0.696604542732334
56.5,758.2919817494984,684.9521600980863,30420.959229699183,11.468123819663434,10.702186440992476,169.39931456516203,0.7171258219826203,-0.0014490547893117923,0.021658312115178612,0.6966056080755381
56.6,759.3681137485368,685.9795361706826,30437.694550550696,11.465601763166179,10.701598335006654,168.41955602203208,0.7171221432061836,-0.0014758155788198214,0.021723551539591796,0.6966073075989468
56.7,760.4440080873238,687.0067480999192,30454.426759814618,11.46308005180989,10.701040965359677,167.4398339494664,0.7171186800421053,-0.0014990961996784195,0.021771809559659204,0.6966093164419713
56.800000000000004,761.5198242581001,688.0339600291557,30471.158718048526,11.460570311260554,10.700483595712702,166.46011321633287,0.717115249877893,-0.0014901132378923956,0.021820068984448545,0.6966113568874822
56.900000000000006,762.5951327374395,689.061112650419,30487.807231260296,11.458080402705335,10.699972897686916,165.4808951571814,0.7171121026211112,-0.0014834373397642302,0.021855364719011956,0.6966135045496799
57.0,763.6701455562119,690.0881524784822,30504.39837851053,11.455594491312228,10.699473315920478,164.5016930946695,0.7171089410060448,-0.0014767619887849476,0.021882962180827695,0.6966159069884994
57.1,764.7451583749843,691.11513180445,30520.667764740978,11.453108579919121,10.698975300988497,163.52249504875553,0.7171054635048656,-0.0014759036726735945,0.021911167660644416,0.6966186019993782
57.2,765.8198882916852,692.1421111304178,30536.937150971422,11.450642394980132,10.698503802621183,162.54336497835774,0.7171019124418246,-0.0014948574598352782,0.02194266610852633,0.696621225615113
57.300000000000004,766.8940224884035,693.1690203042623,30553.145427650146,11.448169824453695,10.698040001386996,161.56454674103946,0.7170985585264148,-0.001521217182273447,0.021968511656769673,0.6966238064789408
57.400000000000006,767.9681566851218,694.1957885172554,30569.331164440733,11.445697253927259,10.697579427757216,160.5858698682299,0.7170948600344901,-0.0015457524508683742,0.02200409250940614,0.6966264366748603
57.5,769.0422472365154,695.2225567302485,30585.398802545005,11.443225448159602,10.697122169647498,159.6072466241578,0.7170908971277126,-0.0015673273523403373,0.022054796811474806,0.6966288643740994
57.6,770.1156672618849,696.2493249432417,30601.205645185208,11.440758066934677,10.69666491153778,158.62862338008563,0.7170869791148305,-0.0015895152953873872,0.022101675296477222,0.6966313614632789
57.7,771.1889582892107,697.2759682779279,30616.974189456327,11.43829068570975,10.696212820654454,157.6501867756266,0.7170829532550783,-0.0016136286120323365,0.02214856309217138,0.696633960919671
57.800000000000004,772.2622493165366,698.3025393967408,30632.697427198997,11.43582085051618,10.695744634060304,156.6720401528526,0.7170783315563195,-0.0016375763631111834,0.022230627006241226,0.6966360484348836
57.900000000000006,773.3351522986295,699.3291105155539,30648.420664941663,11.433356067805923,10.695271918003753,155.69391066749034,0.7170733125883122,-0.001691890612490129,0.022337623863087883,0.6966376622319032
58.0,774.4076291923434,700.3556698311703,30663.96514077688,11.430894487495426,10.694799201947198,154.71578118212818,0.7170677904048132,-0.0017456593860445146,0.022476583129915875,0.6966387441479772
58.1,775.4801060860574,701.3820682136533,30679.294194395134,11.428441201256705,10.694318141783006,153.73774621567577,0.7170624512223701,-0.0017888903331707128,0.022591129725638825,0.6966404250228817
58.2,776.5525397266056,702.4084427298799,30694.55519747842,11.425991484624529,10.693809971401977,152.76008723038038,0.7170570780339239,-0.0018318463702590112,0.02271397835313167,0.6966418494231454
58.300000000000004,777.624223483958,703.4348172461066,30709.81620056171,11.423545498811595,10.693301801020949,151.782428245085,0.7170505602570446,-0.0018747998752386876,0.022908680376377107,0.696642068442539
58.400000000000006,778.6959072413105,704.4611069856262,30725.077203644996,11.421136029438058,10.692793630639922,150.80476925978962,0.7170438968537562,-0.0019128112898331741,0.023103387386314095,0.6966423936490136
58.5,779.7675909986627,705.4873063469596,30740.098846123667,11.418729525815571,10.69225613216312,149.82716770247023,0.7170367255951104,-0.001943523992699237,0.023324139162348635,0.6966423339093507
58.6,780.8387554589543,706.5134754646799,30754.90511820312,11.41632368006851,10.691709495982717,148.84992474841656,0.7170293987682365,-0.001974236337026867,0.023557381372477412,0.6966419406523113
58.7,781.9096187786234,707.5396375010102,30769.70413858427,11.413929920906558,10.691162859802317,147.87271402679312,0.7170220428861496,-0.0020049488234179453,0.02379076113045194,0.6966414930797775
58.800000000000004,782.9804820982926,708.5656441915464,30784.503158965417,11.411597100765594,10.690610156689653,146.89551914932105,0.7170144634613071,-0.0020305867627219386,0.02402766524769046,0.6966410892327828
58.900000000000006,784.0513454179617,709.5916331970968,30799.302179346567,11.409264280624628,10.69003602227632,145.9183812341087,0.7170066336102755,-0.0020551363108295482,0.02427670038862573,0.6966404421161929
59.0,785.1214883608458,710.6175854459754,30813.747810915218,11.406933319275279,10.689462678265594,144.94147048802515,0.7169987008622856,-0.0020796860456998452,0.02452517806502756,0.6966398305499226
59.1,786.1915004446404,711.6434479213762,30828.085088539683,11.404638595512065,10.688889334254865,143.9646871256444,0.7169906663725437,-0.0021038564272886397,0.02477365736168494,0.6966392352026369
59.2,787.261512528435,712.6692286238863,30842.422366164144,11.4023998124859,10.688311064617814,142.9879544227646,0.716982603654464,-0.002128145566778138,0.025019307334229825,0.6966386806041047
59.300000000000004,788.3314729138865,713.6949976452117,30856.759643788606,11.400162934330336,10.687730837166805,142.01124451545536,0.7169745973989902,-0.0021535344536402984,0.025258971149933866,0.6966381940077356
59.400000000000006,789.4006450405014,714.720719067738,30871.064605920245,11.397929552208055,10.687151650290646,141.03466548156118,0.7169665106423022,-0.0021789232461625124,0.02549863352410885,0.6966377068457406
59.5,790.4698150141929,715.7462453186331,30884.953749104217,11.395757889548872,10.686572463414487,140.05831095332613,0.7169580171063022,-0.002207093360547139,0.025738306701650875,0.6966375456534256
59.6,791.5389849878844,716.7717715695283,30898.825207257203,11.393623096539754,10.686006154415253,139.08201077535196,0.7169498443084463,-0.00223610351928183,0.02595772544983437,0.6966377229784623
59.7,792.6079300549178,717.7972978204234,30912.696665410193,11.3914959259663,10.68544461929256,138.1057307452203,0.7169417859611432,-0.0022663088852754266,0.026167565962731964,0.6966380680658134
59.800000000000004,793.6762698027322,718.8228018102758,30926.56812356318,11.389371063928733,10.684883918959693,137.12945071508867,0.7169336678071991,-0.0023040586065719367,0.02637740588855598,0.6966383852021395
59.900000000000006,794.7446095505467,719.8481327571352,30940.336394463637,11.387331005470152,10.68432472776217,136.15340278457623,0.7169253676587504,-0.002350770859202778,0.026587248794578317,0.6966387939852823
60.0,795.8129210406148,720.8733840210061,30953.737949426602,11.385307635164734,10.683793831031341,135.177532653676,0.7169170360700419,-0.002396531849629503,0.02677276774007109,0.6966401071824506
60.1,796.8808792179822,721.8986352848771,30967.139504389565,11.383297055537582,10.683271412730639,134.20167914535037,0.7169089453804964,-0.0024411453173239983,0.026944572173144055,0.6966416545637867
60.2,797.9483907869829,722.9238865487481,30980.54105935253,11.381286475910427,10.682748994429936,133.22582563702477,0.716900788520708,-0.002485759037819146,0.02711637596257668,0.6966432247392127
60.300000000000004,799.0159023559837,723.9490572679621,30993.942614315496,11.379329774549666,10.682228420753313,132.24997212869917,0.7168885198160823,-0.0025303884034991227,0.02728834518919789,0.6966489743818397
60.400000000000006,800.0834139249845,724.9740482030228,31007.152374871188,11.377403541682995,10.68174573808306,131.27449166961344,0.7168727061219572,-0.0025745000845303,0.027438414062385747,0.6966591911404296
60.5,801.1504657919742,725.9990391380835,31020.07798092205,11.375493621556307,10.681271570355667,130.29904426492564,0.7168569267875546,-0.002613706579711844,0.027581122342397173,0.696669646780274
60.6,802.2171586492801,727.0240300731443,31033.00358697291,11.373588219698364,10.680797402628272,129.3235968602378,0.7168412388622273,-0.0026510074804250517,0.02771834467646895,0.6966802019536671
60.7,803.2838515065862,728.049021008205,31045.929193023774,11.37170550462193,10.680323234900877,128.34814945554996,0.7168255810860337,-0.0026883098611270085,0.027852700147611095,0.696690811181867
60.800000000000004,804.3505443638921,729.073814874646,31058.83383266599,11.369854403285917,10.679887172280727,127.37283262422923,0.7168089364080534,-0.0027255060813154305,0.027983983562894228,0.6967025311896804
60.900000000000006,805.4166987899388,730.0985655056237,31071.560629900803,11.368011578429792,10.679458835614685,126.39777140036391,0.71679214762355,-0.002771627871627081,0.02811635221837841,0.6967142928935018
61.0,806.4825292418839,731.1233161366013,31084.00423595688,11.366182041152781,10.679030498948645,125.42271017649865,0.7167752128284646,-0.0028248524993442817,0.02824944446581921,0.6967261179046172
61.1,807.5483596938291,732.1480667675792,31096.44784201296,11.364357828135113,10.678602162282603,124.44764895263334,0.7167583614225834,-0.002879076357404071,0.02837826576882548,0.6967379968697669
61.2,808.6141901457744,733.1727372583999,31108.891448069036,11.362555340919704,10.678201501336758,123.47264965660365,0.7167405750426169,-0.002933306052346306,0.02850941050683446,0.6967507138968246
61.300000000000004,809.6800205977197,734.1972776502295,31121.28775785276,11.360752853704295,10.677808367343415,122.49781257506397,0.7167219678276106,-0.002989713201462191,0.028640888217403758,0.6967642226538393
61.400000000000006,810.7449997335505,735.2218082480067,31133.532635490887,11.3589696264445,10.677416083049625,121.52312118759856,0.7167033123567613,-0.003049436163763387,0.028777577768338718,0.696777521174239
61.5,811.8099337119237,736.2463388457837,31145.49443852184,11.357186702034566,10.677023798755837,120.54842980013325,0.7166845250273436,-0.0031093428639251248,0.028915764594907252,0.6967908596782663
61.6,812.8748676902969,737.2708514094066,31157.456241552794,11.355414698304575,10.67663944711788,119.57377457341686,0.7166652631211878,-0.0031692528161570287,0.02906516652172863,0.6968041852393614
61.7,813.9398016686702,738.2952221129534,31169.418044583752,11.353642964729719,10.676262527321615,118.59915322450476,0.7166435651299238,-0.003229148743453197,0.029225158070359865,0.6968195342353914
61.800000000000004,815.0045054207577,739.3195383981069,31181.304003449975,11.351880588048134,10.675890229214604,117.62476549989029,0.7166219987126529,-0.003294132331376793,0.02938870527191589,0.6968345310442835
61.900000000000006,816.0685849428496,740.3438538294353,31193.064361620618,11.35012484289848,10.675518003621958,116.65043572688305,0.7166002974241511,-0.0033600303418824112,0.029559084312643678,0.6968493269440087
62.0,817.1326644649415,741.3681692607635,31204.541754930582,11.348376483901069,10.675145618059796,115.67611547392573,0.7165784187143218,-0.003425931629696585,0.02973463887646688,0.6968640355738248
62.1,818.1967439870334,742.3924664447403,31216.019148240546,11.346630523177415,10.674772277697786,114.70185204268331,0.7165555696251725,-0.0034918351671660154,0.029941041119949035,0.6968783658451189
62.2,819.2607977319095,743.4166200915921,31227.496541550514,11.34488695870001,10.674398937335777,113.72758861144091,0.7165299468961813,-0.003558121445436807,0.030147574188158135,0.6968954718918071
62.300000000000004,820.32441206076,744.4407206060889,31238.895881494867,11.343153885226444,10.67402944369645,112.75355147335209,0.7165044540405584,-0.0036275790744400268,0.03035825486669883,0.6969121783779851
62.400000000000006,821.3876670130718,745.4648202869383,31250.169111834744,11.341421332577875,10.67366001041225,111.77957046834568,0.7164787938817345,-0.0036970402757409222,0.03057690279938551,0.6969286353897158
62.5,822.4509219653836,746.4889199677879,31261.159480904713,11.339708445870283,10.673280999222328,110.80563017107525,0.7164523359373764,-0.0037665020724114515,0.030828488436721663,0.6969443794828409
62.6,823.5141769176954,747.5130014511698,31272.14984997468,11.337995559162689,10.672899138436444,109.83169828507377,0.7164253065307423,-0.0038359690259782845,0.03108990235629041,0.69696017352173
62.7,824.5774055151901,748.536939789822,31283.14021904465,11.336284592127225,10.672517277650561,108.85777569384459,0.7163952443067316,-0.0039069747019051665,0.03135146637393605,0.6969789631255601
62.800000000000004,825.6400310020376,749.5608265427321,31294.052562065142,11.334582029606805,10.67213762081673,107.8840638566898,0.7163652957831848,-0.003976916723232624,0.03161675008971516,0.6969973660241559
62.900000000000006,826.7024874778837,750.5847124862613,31304.83883901243,11.33288995714436,10.671749156427964,106.91040429807563,0.7163347798304721,-0.004046860585490198,0.03190598766216031,0.6970151462313661
63.0,827.7649439537297,751.6085984297905,31315.342352084248,11.331222748970283,10.671347312436842,105.93674473946155,0.7163035673901811,-0.004116805887611054,0.032220691213264166,0.6970323366323284
63.1,828.8274004295757,752.6324653687922,31325.84586515607,11.329555540796209,10.670945468445721,104.96314074917163,0.716271954917189,-0.004186758154850301,0.03253543405657953,0.6970497852994512
63.2,829.8898254266583,753.6561828145763,31336.349378227886,11.327889931117818,10.6705436244546,103.98954482491723,0.7162371424303272,-0.0042581618168734,0.032850344659380276,0.6970703542089137
63.300000000000004,830.9514966567739,754.6798493380709,31346.7748906494,11.32623131981215,10.67014151127465,103.01614449886605,0.7162023807003095,-0.004325473376303601,0.03316901249091219,0.6970905656868823
63.400000000000006,832.0131678868896,755.7035150625942,31357.07437763421,11.32460068852481,10.669714814378535,102.04279269187033,0.7161665040010465,-0.004392783633414287,0.03353137048751518,0.6971096679806544
63.5,833.0748391170052,756.7271807871174,31367.09119172746,11.322991370477324,10.66928811748242,101.06944088487467,0.7161304498879152,-0.004460098915843102,0.033893755904576606,0.697128753941246
63.6,834.136510347121,757.7508261806128,31377.10800582071,11.321382052429838,10.668861420586305,100.09614164916744,0.7160939427050192,-0.004527421638766422,0.03425618699870832,0.6971481057327737
63.7,835.1981509146123,758.774311646388,31387.12481991396,11.319774241145165,10.66843472369019,99.1228493887008,0.7160540484456757,-0.004594120348211152,0.03461880731284449,0.6971707337109184
63.800000000000004,836.2590485388021,759.7977461096802,31397.063656990988,11.3181730266176,10.668006876384691,98.14973978843783,0.7160141614337555,-0.004655395940320144,0.0349839598857498,0.6971930654170816
63.900000000000006,837.319946162992,760.8211797727428,31406.876506582248,11.316621222259647,10.667558731008153,97.17667549789856,0.715973276873853,-0.0047166707869208116,0.035383809533459126,0.6972144618710261
64.0,838.3808437871818,761.8446134358052,31416.406768309822,11.315078932109058,10.667110585631614,96.20361120735933,0.7159321464462695,-0.004777950893964062,0.03578369383126809,0.6972358712271497
64.10000000000001,839.4417414113717,762.8680254527687,31425.937030037396,11.313536641958471,10.666662440255076,95.23059635262571,0.7158904954274689,-0.004839238756314689,0.03618363142077463,0.6972575744601688
64.2,840.5026093443092,763.8912671974128,31435.46729176497,11.311995944717719,10.666214294878536,94.25758805711207,0.7158451452979794,-0.004898400091237151,0.036583788531061034,0.6972828407802502
64.3,841.5627603513614,764.9144575637139,31444.919598596443,11.310469325260392,10.665765259481574,93.2847513874356,0.7157997790190944,-0.004952099331082601,0.0369854794682761,0.6973078426182602
64.4,842.6229113584136,765.9376471238883,31454.245953499503,11.309000508873055,10.665306402848998,92.31195729035613,0.7157535967674524,-0.005005798870616353,0.037411497995519225,0.6973321378725158
64.5,843.6830623654658,766.9608366840624,31463.289800219314,11.307531692485718,10.664847546216421,91.33916319327679,0.7157071005733829,-0.005059503849258046,0.037837559398397044,0.6973564846679305
64.60000000000001,844.7432133725181,767.9840037771505,31472.333646939125,11.306062876098379,10.664388689583845,90.36641560113276,0.7156599989693245,-0.0051132169753365575,0.038263683953073946,0.6973811808313507
64.7,845.8033357258406,769.0069941398782,31481.377493658936,11.304595883233887,10.663929832951267,89.39367417933627,0.7156086896609212,-0.005164153657633453,0.03869007235656878,0.6974099318907232
64.8,846.8627648658013,770.0299328666808,31490.34340626952,11.303144062035814,10.663470868283648,88.42109413791158,0.7155573690613588,-0.005210813368433292,0.039117524656046586,0.6974383974737908
64.9,847.9221940057622,771.0528707833151,31499.183400308342,11.301750729325994,10.6630126825943,87.44855412764797,0.7155053655563456,-0.005257474297698312,0.039562165922199834,0.697466318793699
65.0,848.981623145723,772.0758086999493,31507.7409608893,11.300357396616173,10.662554496904951,86.4760141173845,0.7154529849597937,-0.005304140918727179,0.04000685955801143,0.6974943322992244
65.10000000000001,850.0410522856838,773.0987240162701,31516.298521470264,11.29896406390635,10.662096311215604,85.50351774856698,0.7153998931388561,-0.005350816407782578,0.04045162962602094,0.6975227790698182
65.2,851.1004539194788,774.1214615542393,31524.85608205122,11.297572825988084,10.661638125526256,84.53102717016479,0.7153418434829595,-0.005394957026191814,0.04089672664998034,0.6975560186468205
65.3,852.159184598485,775.1441474843784,31533.335728050864,11.296197348651859,10.661180510993379,83.55868783521551,0.7152838156302352,-0.005436909968623289,0.04134298302235081,0.6975888910112162
65.4,853.2179152774912,776.1668326047901,31541.68948662915,11.29487548806461,10.66073163722803,82.58638601691682,0.7152251448022299,-0.005478864708346914,0.0418035776792062,0.6976212691549445
65.5,854.2766459564974,777.1895177252017,31549.760881456343,11.293553627477364,10.660282763462684,81.61408419861827,0.7151660370081253,-0.005520825655099032,0.04226423608325445,0.6976537782757847
65.60000000000001,855.3353766355036,778.2121806782189,31557.832276283538,11.292231766890115,10.659833889697333,80.64182320305048,0.7151060871229883,-0.00556279677986847,0.04272498883592127,0.6976868314513364
65.7,856.3940810674576,779.2346692583088,31565.90367111073,11.290912208150967,10.659385015931987,79.66956762390646,0.7150401633378026,-0.0056032012961959145,0.04318615481276854,0.6977256803225537
65.8,857.4521361681116,780.2571064533059,31573.897169632317,11.289608464808413,10.658936935793177,78.6974531313522,0.7149743179892127,-0.005643931027256252,0.04364904111654984,0.6977640230536579
65.9,858.5101912687658,781.2795428420706,31581.764809754164,11.28835140806616,10.65850181009824,77.7253736359908,0.7149077445191241,-0.005684662700075323,0.04412791679197545,0.6978017830273621
66.0,859.5682463694197,782.301979230835,31589.350151013907,11.28709435132391,10.658066684403304,76.75329414062955,0.7148406702606266,-0.0057254016065558504,0.04460687053809023,0.6978397115517142
66.10000000000001,860.6263014700739,783.3243941639739,31596.93549227365,11.285837294581658,10.657631558708367,75.78125268431809,0.7147725929730713,-0.005766152863731937,0.04508594251751785,0.6978783200551594
66.2,861.6843316560977,784.3466403230949,31604.52083353339,11.284582630883316,10.65719643301343,74.8092162750873,0.714697244800336,-0.005806769736688804,0.04556554172485491,0.697924000953796
66.3,862.7417339189346,785.3688352896372,31612.028295489265,11.283343270190494,10.656761792975438,73.83731063652401,0.7146220477183722,-0.005850200273364634,0.04604773012048191,0.6979689897282784
66.4,863.7991361817717,786.3910294529675,31619.40992619884,11.282143178097877,10.656340628015315,72.86543743624047,0.7145459009013627,-0.005893632565351407,0.046551469232638185,0.698013167005127
66.5,864.8565384446085,787.4132236162976,31626.509318822373,11.280943086005262,10.655919463055191,71.89356423595709,0.7144691747994643,-0.0059370739365337015,0.04705530525669888,0.6980575532587867
66.60000000000001,865.9139407074456,788.4353970338221,31633.608711445908,11.279742993912645,10.655498298095068,70.92172641479694,0.7143912484300359,-0.005980531004469833,0.04755929100650483,0.6981027798644251
66.7,866.9713194031851,789.4574072609053,31640.708104069443,11.278545267915081,10.655077133134947,69.94989328779423,0.7143044559982086,-0.006025461679617775,0.048063951389646475,0.6981566403963114
66.8,868.0280913988265,790.4793662455031,31647.729633122675,11.277361910540293,10.654655778104756,68.97818107102961,0.7142178950744414,-0.0060753317812045704,0.048572228643153775,0.6982095869463694
66.9,869.084863394468,791.5013244261058,31654.625356112647,11.276211178860514,10.654245614107149,68.00649884661877,0.7141300355915366,-0.006125203348416932,0.04911047972006912,0.6982613657733299
67.0,870.1416353901095,792.5232826067084,31661.238897404997,11.275060447180733,10.653835450109542,67.03481662220808,0.7140415012383786,-0.006175086921720515,0.04964885246487407,0.6983133925822079
67.10000000000001,871.198407385751,793.5452205708,31667.852438697348,11.273909715500952,10.653425286111936,66.0631673411607,0.7139515252430813,-0.006224991074439236,0.05018741619487612,0.6983664456035122
67.2,872.2551571490255,794.566999507982,31674.4659799897,11.272761242491667,10.65301512211433,65.09152243109034,0.7138507601457091,-0.0062779242955931635,0.05072684314888827,0.6984300017110378
67.3,873.3113237463132,795.588726795462,31681.001672241306,11.27162603154997,10.6526039394479,64.11998915838605,0.7137503083528278,-0.00633749357621246,0.051270967244470764,0.6984923918119876
67.4,874.3674903436009,796.6104532725576,31687.411584792666,11.270518269317336,10.652199972205336,63.148483577855984,0.7136480913648409,-0.006397064330392785,0.051855211545158555,0.6985531592476547
67.5,875.4236569408886,797.6321797496531,31693.53937595296,11.269410507084702,10.651796004962772,62.176977997326055,0.7135450609591857,-0.00645665162223054,0.052439611771063675,0.6986142317100915
67.60000000000001,876.4798235381763,798.653886290603,31699.66716711326,11.268302744852067,10.65139203772021,61.20550313119464,0.7134402934975681,-0.006516266372780027,0.053024256968064856,0.6986765446611526
67.7,877.535969135244,799.6754360100504,31705.794958273556,11.267197096846772,10.650988070477645,60.23403234029771,0.7133224374226047,-0.00658030557380202,0.053610006137116466,0.6987515775223754
67.8,878.5915510126924,800.6969332972162,31711.844913784218,11.266103585376602,10.650582263912465,59.262664311384185,0.7132049752097323,-0.006652312848829346,0.054201526052273616,0.6988251602822063
67.9,879.647132890141,801.7184297617191,31717.769109717356,11.265033509962114,10.650179065126057,58.29132177306443,0.713085651615662,-0.006724317708428627,0.054844016113507595,0.6988961088085729
68.0,880.7027147675896,802.7399262262219,31723.411228778714,11.263963434547628,10.649775866339647,57.31997923474482,0.712973268505114,-0.006796267326798384,0.05548606895516064,0.6989593874464098
68.10000000000001,881.7582966450382,803.7614027893328,31729.05334784008,11.262893359133141,10.649372667553237,56.348665325469376,0.7128533876593565,-0.006868305953319195,0.05612886165831634,0.6990296309634181
68.2,882.8138586705409,804.7827228043212,31734.695466901445,11.261825250502213,10.648969468766829,55.37735521474035,0.712733138006757,-0.006945725652513154,0.056771789248400616,0.6990995600254203
68.3,883.86887530359,805.8039892681953,31740.259762610993,11.260768266861284,10.648563705018496,54.40613921227646,0.7126133817619987,-0.00703199472031926,0.05742149545199603,0.6991677131018262
68.4,884.9238919366394,806.8252548918517,31745.698316868027,11.259731741014166,10.64815614610325,53.43494655381077,0.7124906867400849,-0.007118262825359614,0.05813307866044856,0.6992330775989143
68.5,885.9789085696885,807.8465205155082,31750.854834197653,11.25869521516705,10.647748587188003,52.463753895345214,0.7123583904736623,-0.007204645833375284,0.05884560207987324,0.6993073799954108
68.60000000000001,887.0339252027379,808.8677660610188,31756.011351527282,11.257658689319932,10.64734102827276,51.49258787911899,0.712217001510094,-0.007291145182864429,0.05955907773028162,0.6993900901655753
68.7,888.0889230249891,809.8888536680272,31761.16786885691,11.256624001918908,10.646933469357514,50.52142539782681,0.7120751513809024,-0.0073837551913881125,0.06027273023062515,0.6994724132770961
68.8,889.1433895442199,810.9098863288827,31766.246574065513,11.255599645375279,10.646522756708244,49.550348532737736,0.7119338851401503,-0.0074856080720245915,0.06099415611992973,0.699552586858387
68.9,890.1978560634508,811.9309181276327,31771.199551241425,11.254593856773948,10.646106603341488,48.57929290515088,0.7117889869452121,-0.007587460761967829,0.061787927016615334,0.6996292736711949
69.0,891.2523225826815,812.9519499263826,31775.870519667853,11.253588068172617,10.645690449974733,47.608237277564164,0.7116325185627707,-0.007689462695083736,0.06258290235912545,0.6997166648149642
69.10000000000001,892.3067891019124,813.972961298046,31780.541488094284,11.252582279571286,10.645274296607976,46.63720638577518,0.7114650396827323,-0.007791616780794589,0.06337910418665745,0.699814173312949
69.2,893.361237851705,814.9938119863748,31785.21245652072,11.251578233047109,10.64485814324122,45.66617877597059,0.711296979774021,-0.007900342189391991,0.06417553928359375,0.6999112024502155
69.3,894.4151752127538,816.0146061306215,31789.80562300751,11.250584006331241,10.644438441235884,44.69522844619982,0.7111295976128164,-0.00801851439019222,0.06498070605784571,0.7000056475959547
69.4,895.4691125738026,817.0353993876911,31794.273081061117,11.24960762226929,10.64401069872232,43.72429728610521,0.7109577882002215,-0.008136688409898207,0.06586802779798019,0.7000958653021553
69.5,896.5230499348512,818.0561926447605,31798.458575607896,11.248631238207336,10.643582956208757,42.75336612601075,0.710771961314231,-0.008255057439966029,0.06675690310159163,0.7001989638127645
69.60000000000001,897.5769872959,819.0769650026292,31802.64407015467,11.247654854145384,10.643155213695195,41.78245783823985,0.710572806473113,-0.00837362551802812,0.06764736079135981,0.7003142178155255
69.7,898.630907878377,820.097572963422,31806.829564701442,11.246680158467798,10.642727471181631,40.81155258520469,0.7103729159472203,-0.00849907739785113,0.06853812728515855,0.7004288765322804
69.8,899.6843354505511,821.118122658282,31810.946442731245,11.245715107140441,10.642295973767228,39.840716407987834,0.7101737988772787,-0.008634100723121828,0.06943855069117366,0.7005404452070036
69.9,900.7377630227254,822.138671438949,31814.91927694609,11.244768383539231,10.641854961652312,38.86985158270274,0.7099693753176709,-0.008769129192202333,0.0704301791041008,0.7006469712741294
70.0,901.7911905948995,823.1592202196159,31818.619363410908,11.243821659938021,10.641413949537396,37.898994847486584,0.7097480309757278,-0.008904411849002414,0.0714238092116745,0.7007689230077166
70.10000000000001,902.8446181670739,824.1797475745162,31822.31944987573,11.242874936336811,10.640972937422482,36.92814890699151,0.7095079986012013,-0.009039987824922094,0.07241974842114388,0.7009080243367607
70.2,903.8980299176767,825.2001063902744,31826.019536340547,11.241929889992415,10.640531925307567,35.95730296649657,0.7091293212137169,-0.009184511938155794,0.07343053061705818,0.7011841467893639
70.3,904.9509651890429,826.2204051879721,31829.6615825241,11.24099464802604,10.64008719390533,34.98651798144239,0.7087511619272726,-0.009338836758074539,0.07445226612133245,0.7014566534463447
70.4,906.0039004604093,827.240703043986,31833.13846253804,11.240079432314525,10.639632525212383,34.0157481166722,0.7083670077885328,-0.00949322421830466,0.07557385374228084,0.7017226329549316
70.5,907.0568357317757,828.2610008999995,31836.353194307478,11.239164216603012,10.639177856519433,33.04498644491769,0.7079638314692156,-0.009647979406859273,0.07669827147676711,0.702005345405054
70.60000000000001,908.1097710031421,829.2812767678529,31839.567926076914,11.238249000891498,10.638723187826486,32.07423419165165,0.7075258417996448,-0.009803341631307895,0.07782741152437611,0.7023204195336907
70.7,909.1626914419976,830.3013796726681,31842.782657846346,11.23733548457693,10.638268519133536,31.103481938385737,0.707074440774133,-0.009966328262781828,0.07895889319183823,0.7026463553529795
70.8,910.2151545548428,831.3214208883404,31845.95054680118,11.236432211620125,10.63781042838072,30.132782177710368,0.7066234885071125,-0.010139237181071752,0.08010232303426676,0.7029680356914804
70.9,911.2676176676881,832.3414611361095,31848.93090092251,11.23555174811064,10.63734281360082,29.162095438069144,0.7061654288608304,-0.01031223234481686,0.08135327666943594,0.7032820837480591
71.0,912.3200807805332,833.3615013838785,31851.66032454435,11.234671284601152,10.636875198820922,28.191415597126756,0.7056844464642503,-0.010485704676661543,0.08260787304492244,0.7036159828534826
71.10000000000001,913.3725438933785,834.3815190739055,31854.38974816619,11.233790821091665,10.636407584041025,27.220743686758095,0.7051617543781985,-0.010659960715671086,0.08386851433337444,0.7039881658830028
71.2,914.4249931707832,835.4013593204565,31857.119171788032,11.232912112234077,10.635939969261129,26.25007177638957,0.7042436758287136,-0.010847894956319711,0.08517732857909838,0.7047467565916192
71.3,915.4770031243563,836.4211363844108,31859.81364392932,11.232044276448951,10.6354693785892,25.27944319906836,0.7035502208365819,-0.01104265387148334,0.08647317131184287,0.7052783402313899
71.4,916.5290130779296,837.4409124570296,31862.29682053696,11.231202405605075,10.634990061270436,24.308825370713464,0.7030942011940602,-0.011233761497565473,0.08785405415290089,0.705559361087925
71.5,917.5810230315026,838.4606885296481,31864.5409744791,11.230360534761198,10.63451074395167,23.338213135199233,0.7026300308987704,-0.011425134174451087,0.08923689862723609,0.7058450835074799
71.60000000000001,918.6330329850758,839.4804414718994,31866.785128421237,11.229518663917322,10.634031426632905,22.367607329076396,0.7021507613339977,-0.011616902994075919,0.09062272492162664,0.7061422502942963
71.7,919.6850301397699,840.5000124662957,31869.03366399838,11.228678638466892,10.63355210931414,21.397001522953694,0.7016138934305668,-0.011817456945526604,0.09201680000416095,0.7064921802635442
71.8,920.7366065966801,841.5195189753861,31871.251160595395,11.22785009421403,10.633070051261035,20.42643013723626,0.701077448056454,-0.012028252727819278,0.09342444514497243,0.7068363360865937
71.9,921.7881830535906,842.5390244727012,31873.23640942969,11.227049230553348,10.63257962590446,19.455908695539538,0.7005315706304757,-0.012239142396783295,0.0949526809770021,0.7071702131160996
72.0,922.8397595105008,843.5585299700163,31874.995324335203,11.226248366892666,10.632089200547885,18.48544522624201,0.6999757648137136,-0.012450374663229185,0.09648344975603756,0.7075096188514868
72.10000000000001,923.8913359674114,844.5780117397948,31876.75423924072,11.225447503231983,10.631598775191312,17.514986803357818,0.6994016548934229,-0.012662118300998565,0.09801805524330832,0.7078625973582676
72.2,924.9429007163988,845.597306864271,31878.5309265698,11.224648620566377,10.631108349834737,16.544528380473764,0.6987582758278709,-0.012883142161509736,0.09956326473281621,0.7082782312946309
72.3,925.994063357357,846.6165361182105,31880.263364597773,11.22386145025649,10.63061459871,15.574069957589709,0.6980850730055915,-0.01311508358673865,0.10112716686744982,0.708716107867356
72.4,927.0452259983156,847.6357643386408,31881.749817100812,11.223099010775188,10.630111117871174,14.603621311270917,0.6972696477201625,-0.013349542177502208,0.1028366858789058,0.7092682455385231
72.5,928.0963886392739,848.6549925590707,31883.02351768809,11.222336571293889,10.62960763703235,13.633201764134743,0.6964502879621085,-0.013584374516408926,0.10454891053177169,0.7098182770773895
72.60000000000001,929.1475512802324,849.6741963313782,31884.29721827537,11.221574131812588,10.629104156193524,12.662785887851367,0.6952440220574794,-0.013826731105266525,0.10631882420782925,0.7107326353273408
72.7,930.1987033362511,850.6932077901167,31885.603083788723,11.220813880371034,10.628600675354699,11.69237001156813,0.693927134342914,-0.014079844630174839,0.1081080840036192,0.7117440076115061
72.8,931.2494666586774,851.7121512325406,31886.850514114813,11.220064481301328,10.628091292972412,10.721954135284893,0.6924459946622249,-0.014346919531382327,0.10993903899345185,0.7128997952597533
72.9,932.3002299811039,852.7310936077879,31887.83716375596,11.219325439760063,10.62756710375864,9.751546104889714,0.6909453901695145,-0.014614634508929702,0.11190962324483486,0.714042797377627
73.0,933.3509933035303,853.7500359830349,31888.625669747275,11.2185863982188,10.627042914544866,8.781160861798137,0.6894346471457093,-0.014883177851267733,0.11388627406348216,0.7151840846328
73.10000000000001,934.4017566259568,854.7689528560487,31889.414175738588,11.217847356677535,10.626518725331092,7.810777914704353,0.6879111806447482,-0.015152623698888451,0.11586955863305784,0.7163259390257822
73.2,935.4525105015439,855.7876691236593,31890.250404124952,11.217110846244024,10.625994536117318,6.840394967610707,0.6863076203017654,-0.015433180897379368,0.11786944923456989,0.717530807826574
73.3,936.50287644016,856.806312993822,31891.012880539052,11.216382150881397,10.62545802527685,5.870012020517061,0.6844999818308097,-0.015729152993671038,0.11992086684550106,0.7189098374029573
73.4,937.5532423787763,857.8249557280678,31891.498545818544,11.215626877566534,10.624894398964617,4.899638938296711,0.6826669139097409,-0.016025936563166688,0.12212790213666118,0.7202734408055887
73.5,938.6036083173926,858.8435984623136,31891.801875494497,11.21487160425167,10.624330772652383,3.9292932653763044,0.6813364518587149,-0.016313068850618954,0.12426120000249967,0.7211613393181799
73.60000000000001,939.6539742560088,859.8622200237088,31892.108125256967,11.214116330936804,10.62376714634015,2.9589490516620782,0.6804468814536071,-0.016591479627299646,0.12632794454711055,0.7216356523553558
73.7,940.7043348000858,860.8806750354456,31892.473206829607,11.213362692472195,10.623203520027916,1.9886048379479904,0.6794819725223171,-0.016878824598592565,0.12840874189068652,0.7221707203310047
73.8,941.7544000395793,861.8990747520247,31892.77909980263,11.21261640969308,10.622624912913718,1.0182606242339018,0.6785139506797411,-0.01717460075774875,0.13050316725666883,0.7226982601042844
73.9,942.8044547454331,862.9174439672438,31892.840432916906,11.211819288386815,10.622020861461566,0.0479253136673963,0.67751703863556,-0.017476183510888477,0.13270636805358912,0.7232249064063131
74.0,943.8543163574343,863.935674813579,31892.679919083803,11.210965045225121,10.621377645881864,-0.9223351834263971,0.6764441441998662,-0.017785855088498413,0.13501656022220987,0.7237938322493802
74.10000000000001,944.9041779694356,864.9538837946019,31892.49887364272,11.210110802063426,10.620731707674143,-1.892591436845701,0.6753133795600047,-0.01809735469044389,0.13734694174849454,0.7244033011608857
74.2,945.9540332971208,865.9719230562127,31892.31782820163,11.20926045248187,10.62008576946642,-2.862846424968448,0.674091785669537,-0.01842397665671231,0.1396955058272676,0.7250834346671229
74.3,947.0034862832102,866.989883177253,31892.064740629274,11.208405572104077,10.619405127117924,-3.833098061693506,0.6728673574658867,-0.018764451024313733,0.14206878672991566,0.7257505594015897
74.4,948.0529392692998,868.0078420565767,31891.543873202783,11.207375120734335,10.618659966058939,-4.8032957281264865,0.6716175554758188,-0.019105052104839402,0.1446400749360991,0.7263911514351179
74.5,949.1023922553892,869.0258009359003,31890.876984026003,11.206344669364597,10.617914804999954,-5.773350760744494,0.6703599909717226,-0.019446255527363673,0.14721590730609235,0.7270259983565929
74.60000000000001,950.1518452414788,870.0437267565153,31890.251657267763,11.205314217994857,10.617169643940969,-6.74340271736835,0.6693325874464647,-0.019798495290215344,0.14975364351396636,0.7274446736493131
74.7,951.2012928788035,871.06139253106,31889.647296147257,11.204289252519454,10.616424482881984,-7.713445065950479,0.6686780117053619,-0.02016087932047048,0.1522242754514866,0.7275239003428405
74.8,952.2502167924207,872.0789389045054,31888.955469109285,11.20325300613729,10.61562160351953,-8.683484018464261,0.6680330126659269,-0.020541589281091826,0.15472839866491253,0.7275775283396847
74.9,953.2991407060381,873.0964834045461,31887.92838505525,11.201929539670695,10.614727871146826,-9.653407968242348,0.666084781902779,-0.020967195812177868,0.1577514631990754,0.7287015272907363
75.0,954.3480646196551,874.1140279045867,31886.777923443395,11.200606073204103,10.613834138774124,-10.623050034201869,0.6633458784121989,-0.021444267420101488,0.16093163047992337,0.7304884662329973
75.10000000000001,955.3969885332724,875.1315357475008,31885.689150610448,11.199282606737507,10.612940406401421,-11.59267634752977,0.6610920962168495,-0.02191061928809084,0.16402939247302448,0.7318275230455293
75.2,956.4453759107091,876.1487552385082,31884.600377777504,11.19796637985674,10.61204667402872,-12.562290974721915,0.6591389483598864,-0.022393524262898836,0.1670749385552781,0.7328849444031852
75.3,957.4937236497298,877.1658251520405,31883.424173441344,11.19663860682531,10.611084771220206,-13.53189316316311,0.6572026968195376,-0.02296391588790342,0.1701784420289226,0.7338913895998707
75.4,958.5420713887505,878.1828927187003,31881.888419288298,11.194958982090709,10.610029459528354,-14.501302267009835,0.6552168479518824,-0.023557228031107557,0.17365411164556308,0.7348334428127781
75.5,959.5904191277712,879.19996028536,31880.2785058689,11.19327935735611,10.608974147836506,-15.470189750379411,0.6533504223185134,-0.024157268044949845,0.1771760878722416,0.7356346144269669
75.60000000000001,960.6381873282437,880.2169886812075,31878.705672082677,11.191599732621508,10.607918836144655,-16.439064147667825,0.6523749262716773,-0.02476648568194079,0.1805746407455246,0.7356537064941728
75.7,961.6858331606301,881.2337089520188,31877.132838296457,11.189929301533962,10.606863524452804,-17.407938544956103,0.6501778203148983,-0.0255921168709381,0.18426644909134546,0.7366544110123135
75.8,962.7335117780988,882.2502481421649,31875.472631525514,11.18825861175194,10.605746175683512,-18.376812942244385,0.6473358522480859,-0.02647795893808895,0.18819631228445308,0.7381309911711128
75.9,963.7811903955675,883.2667844911531,31873.425479551526,11.18625830324239,10.604566531970901,-19.346045808946503,0.6446026451288416,-0.02738075499796242,0.19257175439859844,0.7393604287196389
76.0,964.8282336582306,884.2833208401412,31871.35981386522,11.184257994732842,10.603386888258289,-20.31468468820475,0.6421360887148848,-0.029055285492442993,0.19700474294160122,0.7402743850852977
76.10000000000001,965.8750308306742,885.2998190278481,31869.303405035073,11.182257686223293,10.602207244545678,-21.283200108194674,0.6402192799802011,-0.030973686276650758,0.20172445336359227,0.7405856798610329
76.2,966.9218399131191,886.3160170316819,31867.24699620493,11.18026687108339,10.601027600833067,-22.251715528184455,0.6393941839763121,-0.03400647525307293,0.20646485000075615,0.739858704653999
76.3,967.9687011387323,887.3320112863522,31865.103307195815,11.178297187922412,10.59981871316924,-23.220230948174237,0.6380831437609216,-0.037098070091426426,0.21143345222844784,0.7394386587962731
76.4,969.0155623643456,888.3480023441956,31862.563944392135,11.176161261371234,10.598626326881146,-24.188649236332324,0.6366009441993523,-0.0402191410392874,0.21700685060606908,0.7389382148248865
76.5,970.0616479220129,889.363993402039,31860.024581588463,11.174025334820058,10.59743394059305,-25.154664078517914,0.6352305447105364,-0.043391437255398055,0.2227344256567369,0.7382335090383189
76.60000000000001,971.10743304236,890.3799530668787,31857.485218784783,11.17188940826888,10.596241554304955,-26.119769160799155,0.6335995582176107,-0.046932215479013696,0.22872239102979397,0.7375873065734619
76.7,972.1532339297369,891.3956657883975,31854.945855981106,11.16976075682021,10.595049168016859,-27.084874243080257,0.6321154378374951,-0.0522605962598251,0.23548072621313224,0.7363747218014857
76.80000000000001,973.1991038467354,892.4111752966469,31852.319354490388,11.167686020708757,10.593894082448045,-28.04866784957298,0.6300652113035679,-0.05768346684278023,0.24422430325864133,0.7348774978564928
76.9,974.2449737637339,893.4266816164773,31849.29776243742,11.165790817746606,10.59288598133986,-29.01231077034224,0.6278531751064357,-0.06318677979494647,0.2532159190010694,0.7332731549241088
77.0,975.2900932109864,894.4421879363076,31846.27617038445,11.163895614784456,10.591877880231674,-29.97560892901793,0.6253913749234018,-0.06877984660314952,0.26235726943159604,0.7316581333170985
77.10000000000001,976.3349219808679,895.4576764751693,31843.25457833148,11.162000411822307,10.59086977912349,-30.93890708769376,0.6221104953718639,-0.07491499952041007,0.2725054603889352,0.7301418002369442
77.2,977.3797676577211,896.4730251455594,31840.23298627851,11.160107839570347,10.589861678015305,-31.902205246369455,0.6187666591180289,-0.08360976462083174,0.2844839019761317,0.7274655581815518
77.30000000000001,978.4246873549758,897.4882099140518,31837.124461881755,11.158313647122087,10.58898797781859,-32.86429919893333,0.6156281632626529,-0.09246903933870398,0.29668532460217756,0.7241748818671705
77.4,979.4696070522302,898.5033921109214,31833.621395405993,11.157226239845434,10.588417787823673,-33.826216597723885,0.6150389712774182,-0.10123518280804646,0.3077711569890293,0.7188570209001723
77.5,980.5140096384188,899.5185743077908,31830.118328930235,11.156138832568784,10.587847597828755,-34.787716229442815,0.6113991062305294,-0.1104667490991188,0.31921037375150774,0.7156067128901216
77.60000000000001,981.5582119334084,900.5337589224471,31826.61526245447,11.155051425292132,10.587277407833838,-35.74921586116188,0.6068083465056776,-0.12052174347254992,0.3310361900499069,0.712511881191201
77.7,982.6024306256903,901.5489625558714,31823.112195978712,11.153956514651588,10.58670721783892,-36.71071549288081,0.6041769255261705,-0.13310571920209519,0.34090458055059725,0.7078397962371558
77.80000000000001,983.6467211069454,902.5640822175898,31819.49537729341,11.15298346201311,10.586373305716904,-37.67144718247069,0.6016530229557118,-0.14528054527079848,0.3497111961430923,0.7032846382697698
77.9,984.6910115882004,903.5792005617908,31815.53859864513,11.15326924851863,10.58648364782514,-38.63200504856295,0.6005903513267986,-0.15792142231936165,0.3598485333441036,0.696319673221919
78.0,985.735199883993,904.5943189059918,31811.554723524714,11.153555035024151,10.586593989933377,-39.592134244414105,0.5988739428494938,-0.17142996983589961,0.3703694705725582,0.6890487800480942
78.10000000000001,986.7793486005733,905.6094610319935,31807.5708484043,11.153840821529673,10.586704332041613,-40.55226344026539,0.5956421383005138,-0.18590301001173035,0.3813854911660608,0.6820525061000747
78.2,987.8235070756748,906.6247902301465,31803.586973283887,11.154104857926681,10.586814674149851,-41.512392636116545,0.5947306457933691,-0.20345531524813287,0.39193097778160074,0.6717823325353558
78.30000000000001,988.8677082745511,907.6401622226123,31799.455518965537,11.154471524347594,10.587223901901355,-42.47297307802846,0.5919612158606748,-0.22246077474813458,0.4047405060890026,0.6605136223773355
78.4,989.9119094734274,908.6555348865213,31795.030368037435,11.156448099726923,10.58809412169493,-43.43289415092282,0.5848969229090256,-0.2425751444620251,0.42010820620882955,0.6500476782027457
78.5,990.9566036743782,909.6709075504303,31790.588050373684,11.15842467510625,10.588964341488502,-44.39280613684125,0.5777982497172862,-0.2611481210957649,0.44299342151883647,0.6338041258644714
78.60000000000001,992.0014888284595,910.6863192194085,31786.12369788772,11.160401250485577,10.589834561282078,-45.35208705505972,0.5723133610028106,-0.28150332565030367,0.45902175069670575,0.6184758094322017
78.7,993.0463694042935,911.7020377096542,31781.659345401757,11.162340836951994,10.590704781075653,-46.30597346199037,0.5644539022939072,-0.30477398613897994,0.4781878515748545,0.5998674755013494
78.80000000000001,994.0912299361077,912.7179370446271,31777.021668651796,11.164279873751445,10.591813078354397,-47.259859868921154,0.5555590583943827,-0.32975777990501925,0.49570523320678495,0.580422484918931
78.9,995.1360904679215,913.733839217056,31772.11867379971,11.167532128162241,10.593138968884853,-48.21377328876167,0.5399054654973507,-0.3565778792269276,0.5152757863193239,0.5620010395053713
79.0,996.1820206943469,914.749741389485,31767.21567894762,11.170784382573036,10.594464859415307,-49.16679113903959,0.5223220860742509,-0.3838582166217814,0.5347897053919429,0.5420631687707504
79.10000000000001,997.2283652426279,915.7656772598451,31762.273603950332,11.17403663698383,10.595790749945765,-50.119589430674,0.5018926191024027,-0.41042400804029633,0.5579542509196502,0.5180183263122659
79.2,998.2746851453888,916.781878204519,31757.32850586904,11.17723980870856,10.59711664047622,-51.073247444438636,0.4783040310308258,-0.43594829909368454,0.5856225083837808,0.4880784896830374
79.30000000000001,999.3208971476183,917.7983272265652,31752.198810570073,11.180225899891004,10.598426523691462,-52.0284203063345,0.45020243851281405,-0.46187743484791716,0.6137609959033864,0.4552850090252341
79.4,1000.3671091498476,918.8147801409486,31746.81798730264,11.18319415776998,10.599400579402985,-52.98621478707285,0.4220412286026442,-0.4764667972771476,0.6446457220502683,0.4234294339017028
79.5,1001.4145516150634,919.8312330553321,31741.4371640352,11.186162415648957,10.600374635114509,-53.940431486855175,0.393361946283901,-0.4856916916740395,0.6752805804736459,0.39161983796754585
79.60000000000001,1002.4624706721048,920.8476797397352,31736.016931801358,11.189130673527933,10.601348690826033,-54.89527884368812,0.36493749476622633,-0.49507188547291914,0.7023129537522179,0.3584424195318887
79.7,1003.5103390322126,921.8640774179321,31730.59012845604,11.192045097146265,10.602322746537556,-55.85633858686031,0.337713736128561,-0.5036508691135883,0.7271530569406809,0.3217664778267597
79.80000000000001,1004.5579854361158,922.880630012382,31724.985699588815,11.194456021874279,10.602860137231893,-56.820476837865115,0.31327774276807313,-0.5101613054978764,0.7477531785279703,0.28715445714834553
79.9,1005.6056318400188,923.8971850374696,31719.1254057137,11.194687840814327,10.602330961905485,-57.78038727681431,0.28653464987144056,-0.5152079594917187,0.7693896655787795,0.24596380912647398
80.0,1006.6538945765307,924.9137400625574,31713.25713752213,11.194919659754373,10.60180178657908,-58.74096454263624,0.2572931996950031,-0.5164111993308863,0.7896621444984584,0.20869446600817798
80.10000000000001,1007.7023960354476,925.930212679782,31707.34722798863,11.195151478694422,10.601272611252671,-59.703407993501685,0.22824200176053402,-0.517445136365133,0.8058716215008145,0.17529132649410015
80.2,1008.7508328561223,926.94603706113,31701.437318455137,11.195340732826182,10.600743435926264,-60.66786232017232,0.1986243880350062,-0.5187692155727067,0.8194436264321172,0.14120551176061996
80.30000000000001,1009.7989866841594,927.9617250655785,31695.37343289897,11.194832502041457,10.599361999658946,-61.63338916740625,0.16597625331315052,-0.5199919123304423,0.8312380811675202,0.10537336885569092
80.4,1010.8471405121965,928.9774109302715,31689.04043840487,11.190165268801527,10.596496186630388,-62.59962250420019,0.1330599846559963,-0.5226025245270097,0.8393774212235048,0.06802342671110641
80.5,1011.8945901949261,929.9930967949645,31682.707443910767,11.185498035561595,10.59363037360183,-63.56772789806087,0.09879752508810254,-0.5237768942290301,0.8446861111692638,0.04901211795059777
80.60000000000001,1012.9415010341888,931.0086246447161,31676.37225224723,11.180719845207676,10.590764560573271,-64.53622907432258,0.06690318127456826,-0.5245053990097103,0.8469123538793013,0.056191775124369715
80.7,1013.9883288159439,932.0229095189801,31670.015847518276,11.175907023075617,10.587898747544711,-65.5049356817352,0.028182123826012703,-0.5252647874794495,0.8477982088749372,0.06738596262777807
80.80000000000001,1015.0351565976989,933.0366765169426,31663.280532089204,11.170546362864409,10.582701135861146,-66.47364546138756,-0.004301299476851028,-0.5251032493808356,0.846887651410935,0.08384141101012492
80.9,1016.0800498227344,934.0504353894192,31656.527362995253,11.160697780143355,10.577484979766357,-67.44183911021452,-0.02674282020022456,-0.523376553297428,0.845077010994154,0.10586146851158566
81.0,1017.123684260608,935.0639654283025,31649.774193901303,11.150790037123956,10.572268823671568,-68.40836146190762,-0.03798036660964608,-0.5208698976641671,0.8410860734265956,0.14080574756503522
81.10000000000001,1018.167318698482,936.0758771302645,31643.018773421187,11.140882294104557,10.567052667576778,-69.37461386720888,-0.03924439287623508,-0.519176362279986,0.8340916668848082,0.1822275328012166
81.2,1019.2109531363556,937.0870219742551,31635.892067929577,11.13047121346627,10.560035550857041,-70.34031767779604,-0.041909412567641705,-0.5144578306383639,0.8250388144300517,0.22997325130753432
81.30000000000001,1020.251632422278,938.0980973753674,31628.75560321459,11.116911087025825,10.552923618582486,-71.30164331712193,-0.0481930751675342,-0.5103788326393077,0.8164658275727453,0.2656584783243068
81.4,1021.290285883822,939.1088622793095,31621.61913849961,11.103349728052248,10.545811686307935,-72.26059995328488,-0.054757209702278035,-0.5079962764053804,0.8086670526561288,0.29154592964460874
81.5,1022.3289393453659,940.1176373365994,31614.463856977516,11.089788369078672,10.53869975403338,-73.2186582931278,-0.06201056211403376,-0.5057465380028107,0.8013893165588523,0.3132894712399521
81.60000000000001,1023.3673991512098,941.1254918994825,31606.965041727017,11.075879339586939,10.530411045408618,-74.17565047944468,-0.0692401531432633,-0.5043132437046416,0.7947520430880141,0.33051950536122304
81.7,1024.402797982903,942.1331832267381,31599.44780303284,11.06008082078324,10.522004464140014,-75.12354454105387,-0.07619875723948369,-0.5068433758281242,0.7803910901956244,0.35818052448115306
81.80000000000001,1025.4351820441273,943.1404912351928,31591.930564338665,11.044282301979537,10.513597882871409,-76.07143860266319,-0.08228540794797425,-0.5099057708693125,0.7631799794890857,0.3883059816434023
81.9,1026.4675428343633,944.14555841903,31584.378440077275,11.028496933576319,10.505191301602805,-77.01786148088854,-0.08722731744646181,-0.511257797391093,0.7476131380507782,0.4148270187822515
82.0,1027.499578912835,945.149682117494,31576.51016550303,11.012626169636114,10.496053935527813,-77.95859906805073,-0.08950535162370427,-0.5103644730642573,0.7362998399194022,0.4351774837916396
82.10000000000001,1028.5289158889539,946.153542471114,31568.614892373094,10.995652660920042,10.486807257047417,-78.89084098650768,-0.0910009260523135,-0.5100443062268605,0.7239955303822302,0.4554164128901538
82.2,1029.554349941865,947.1569591406856,31560.719619243162,10.978679152203974,10.477560578567024,-79.81419285974953,-0.09266949275301942,-0.5112598406408968,0.7183457338671283,0.46260690342410554
82.30000000000001,1030.57961672946,948.1579965228827,31552.773929966042,10.961911689833565,10.46831390008663,-80.73858666464811,-0.09431449114033157,-0.5138746250454157,0.7114379912897326,0.46999322446712377
82.4,1031.6047906743238,949.1581263788925,31544.53821157915,10.94499840083687,10.45852971614446,-81.66204678010308,-0.09396224610108168,-0.5156668200214751,0.703336702891952,0.48018362050538255
82.5,1032.6274671775839,950.1578930717138,31536.26692223253,10.927188364157251,10.448630867021231,-82.590276241695,-0.09484838987024595,-0.5119244039948425,0.7044798209778936,0.48233325550753997
82.60000000000001,1033.6450633242023,951.1571185706856,31527.99563288591,10.909472424797949,10.438732017898005,-83.51515639988008,-0.09358734490737605,-0.5067628612439472,0.7071114584465493,0.48417579108277375
82.7,1034.6625566438697,952.1536689342873,31519.658657384294,10.892091570547427,10.428833168774778,-84.43913542196647,-0.07493076247997495,-0.5067659083167425,0.7086025423571021,0.4852382218736768
82.80000000000001,1035.6800499635374,953.1493502964877,31511.05616130307,10.874452411540378,10.418672207491564,-85.36330844079977,-0.0556564610860805,-0.5077979913394787,0.7103569963313224,0.4841864270031803
82.9,1036.697543283205,954.1445567293537,31502.409398107793,10.85605365547319,10.408421369186271,-86.2765434473,-0.04207682598751717,-0.5114101848999454,0.7152790224166592,0.47441024818830396
83.0,1037.7097016731223,955.1397631622198,31493.78598127257,10.838108847494158,10.398170530880977,-87.18895400029113,-0.036250245101592866,-0.5155782308572702,0.7222957034928293,0.45951487931508855
83.10000000000001,1038.7188935580853,956.134446068607,31485.090570701275,10.820280783208498,10.387919692575682,-88.10139134114763,-0.03384747112882829,-0.5215407703414595,0.7287676833813973,0.44243331387761897
83.2,1039.7280854430483,957.1256863920493,31476.11082723942,10.802603184943274,10.378286894072437,-89.02177581981198,-0.031656695239742245,-0.5294864631259059,0.7360170603170975,0.4206195738848763
83.30000000000001,1040.7372773280113,958.1163052533171,31467.13108377756,10.785307508248142,10.36884786317484,-89.94366679446486,-0.02936067896279213,-0.5391831072926311,0.7461013947337457,0.389553893726486
83.4,1041.7465436705486,959.1069241145848,31458.123136584018,10.768153713279652,10.359408832277243,-90.86965783750574,-0.02635824227742639,-0.5505010382510894,0.7540897995988254,0.35721481504764113
83.5,1042.748500142406,960.0975429758524,31449.074407799224,10.751488011191585,10.349969801379647,-91.79730681162756,-0.022884613777745103,-0.54423742531117,0.7634426454677141,0.3470406985126819
83.60000000000001,1043.7501108759832,961.0879307396881,31439.7593187336,10.736177384173635,10.342101545205074,-92.7272962931412,-0.019040236410771634,-0.5357465974794512,0.7702925925032832,0.3453438498383659
83.7,1044.7517216095598,962.0760592075547,31430.392909269547,10.723862010977543,10.335413369961836,-93.6640060159243,-0.014166170997304488,-0.5272208370030141,0.7771872292590123,0.34324556705923476
83.80000000000001,1045.753332343137,963.0636530432291,31420.986030707194,10.711546637781447,10.328908896640154,-94.60283845541593,-0.005120491583581057,-0.5200661047502995,0.7823757639437909,0.34262689802343665
83.9,1046.7539695524383,964.0510598411099,31411.556238970243,10.699551938855212,10.322404423318472,-95.54167089490745,0.03230861742663798,-0.5212843497183841,0.7916206966484425,0.3171047975299259
84.0,1047.7511086690297,965.0382384648259,31401.956400720883,10.690531357855901,10.317731634886501,-96.47180022506731,0.05556600754553623,-0.5216808424519254,0.8076884148092613,0.2690742314065048
84.10000000000001,1048.748247785621,966.0249650505062,31392.20099925758,10.68694768506359,10.315401003879208,-97.40384190575952,0.09152031245659556,-0.5164613846708449,0.823100127965763,0.21771047263387433
84.2,1049.7453869022124,967.0117854120327,31382.41957530963,10.683364012271277,10.31402340419313,-98.35332588431332,0.13048572229037098,-0.5111158979305968,0.8343343501097717,0.16006313563048954
84.30000000000001,1050.741863201974,967.9987620835423,31372.60858686587,10.681341661299525,10.314219933863729,-99.30280986286726,0.16923966737555776,-0.5060471282250876,0.8330093914506327,0.1461834216209169
84.4,1051.7386637183654,968.9860272500365,31362.537462704266,10.68771967705336,10.316369008024324,-100.25667706447553,0.20404661892519801,-0.49863923366429724,0.8322629840808747,0.1306224225953382
84.5,1052.735464234757,969.9739772753187,31352.407803529903,10.694097692807198,10.319443731308601,-101.21596454298687,0.23454986315839227,-0.4943460848493523,0.8306527469963301,0.10307436147727209
84.60000000000001,1053.732661078466,970.96207663905,31342.27814435554,10.700475708561033,10.32391417954033,-102.182401546272,0.2625660838331221,-0.48934314852387856,0.8237430625713943,0.11423528998858098
84.7,1054.732642053001,971.9504396554497,31331.990983922937,10.7157512123077,10.330112563208463,-103.14948873934384,0.2992696263015409,-0.48149998121008114,0.8102760377799808,0.14848636795208767
84.80000000000001,1055.732887659608,972.9404857904932,31321.537282987043,10.731264367011915,10.337088745089574,-104.11594025474348,0.3318499647185233,-0.4735063898167419,0.7956229952742682,0.18069684310975687
84.9,1056.7331332662145,973.9309660234038,31311.076375115896,10.74677752171613,10.345703541776448,-105.08093214233483,0.33205968876063124,-0.4710046827671908,0.7887917059917074,0.21377230052151874
85.0,1057.7369643015784,974.9218934747996,31300.59281421945,10.767147705076972,10.354910835427058,-106.04288596494091,0.352808594070521,-0.4646336193669899,0.7737972193925057,0.24673783448093206
85.10000000000001,1058.7439408853134,975.9142713398793,31289.820392100457,10.788664718270564,10.36411812907767,-106.9985466546381,0.3674502489952979,-0.46029766527511995,0.7610339404237305,0.2719075493227377
85.2,1059.7509174690485,976.9077539219998,31279.03115699704,10.810181731464153,10.374119370807374,-107.9491386189027,0.3953540484102309,-0.44899492285234327,0.7348383976285604,0.3195485331356552
85.30000000000001,1060.7580083170483,977.9020369363776,31268.241921893616,10.83342328950468,10.38507790145019,-108.8868854908306,0.41136912406754944,-0.4404446352570571,0.7116347136889658,0.36105401439396684
85.4,1061.7733641578188,978.8978005894683,31257.265622319348,10.857513586453093,10.396036432093005,-109.82330189818369,0.4215636947583145,-0.43142818491012436,0.6887212617985228,0.40226458466229
85.5,1062.788936172771,979.8944529138565,31246.15466373817,10.881447073837636,10.40716605135852,-110.75450066979428,0.4198898154020143,-0.42367476644113716,0.6721293936532086,0.43867335614336156
85.60000000000001,1063.8045081877235,980.8928640083002,31235.043705156986,10.905897803503125,10.418819189621601,-111.67017892118442,0.41957726123066846,-0.4177836543067531,0.655453939645456,0.4688196594166224
85.7,1064.8240706608378,981.8920725838148,31223.8869735103,10.930949571904316,10.430612657738713,-112.58585717257444,0.4175557693161645,-0.41552853768116443,0.6413790897283731,0.49154458306703225
85.80000000000001,1065.8487708520706,982.8926193218745,31212.461784960542,10.955345967735987,10.442406125855827,-113.4927966692732,0.418001756347672,-0.42294354174673554,0.6349271987094128,0.4932147042860813
85.9,1066.8734710433032,983.8948695775786,31201.036596410788,10.979742363567652,10.454291278921087,-114.39161698400413,0.4199802952464706,-0.43019545538271525,0.6293068749994352,0.4924644950158243
86.0,1067.8981712345358,984.8975807542588,31189.60352728806,11.005049374496458,10.466457996692174,-115.29042161789665,0.4306722505748297,-0.4346986456863786,0.6212110641896048,0.48954602822580245
86.10000000000001,1068.9308360536734,985.9017515233874,31177.98771748889,11.029838414787907,10.47871748081286,-116.18315489916388,0.4361679846915436,-0.43968570264756773,0.6194996177346547,0.48234240498223746
86.2,1069.9645318457742,986.9078081684257,31166.250529336678,11.054205738862809,10.491036400267475,-117.06641741422429,0.43719868102448145,-0.4480513855066519,0.6270702232037714,0.46356251404443355
86.30000000000001,1070.9982276378753,987.9143028914997,31154.494827267892,11.078519044554332,10.503083419211567,-117.94767512751008,0.4353057691877966,-0.4561322327905148,0.638554854558891,0.441248196869555
86.4,1072.0347471266143,988.9219207455086,31142.698384167845,11.102694121547593,10.51461033532723,-118.82893474340918,0.41888500735311146,-0.4673487492288816,0.6559058265515104,0.4194139290781407
86.5,1073.0769482584283,989.9316667953464,31130.654595569726,11.126119551075396,10.52577751534488,-119.7148745031572,0.3949261241122244,-0.4800506805558778,0.6792863809627445,0.3900701388597592
86.60000000000001,1074.1190369850917,990.9415981293821,31118.592091314185,11.149186661773527,10.536840561927233,-120.6036348405035,0.3681416432385504,-0.49251359756066726,0.7042053761356409,0.3549603850475847
86.7,1075.1611257117552,991.95181416481,31106.50906333451,11.167911551514784,10.545702452344935,-121.4946836622066,0.3429574457284316,-0.5030139104991022,0.7281376265727292,0.31491712089510776
86.80000000000001,1076.2082214981192,992.9634955115228,31094.217523929707,11.184325754022348,10.552538041798275,-122.40924687481964,0.3110675906290166,-0.5126443310501131,0.7520875236804679,0.27349058599268483
86.9,1077.2568131342914,993.9754840056478,31081.880638456256,11.200467767301305,10.558871761768758,-123.32641754415542,0.28538412665086493,-0.5159460260986681,0.771646319486429,0.23857400535633283
87.0,1078.3054047704638,994.9873904224926,31069.492671916272,11.214601680223733,10.565115821315901,-124.24358821349121,0.2569660416638287,-0.5184777942999266,0.7916065921302411,0.1962351485984425
87.10000000000001,1079.3540558766483,995.999176465439,31057.01569900021,11.215056707329442,10.564280206969235,-125.17802982548935,0.22036529336799895,-0.5194994662829593,0.8117586811545678,0.15035719331230182
87.2,1080.4046691572723,997.0111220251542,31044.435210167136,11.215354484913329,10.562551036737416,-126.12401312801029,0.18301949063525114,-0.5201629313174863,0.8280653516661957,0.1012035784977636
87.30000000000001,1081.4552824378968,998.0227926217578,31031.769102745682,11.215652262497215,10.559818267568213,-127.06999643053136,0.14250524826018632,-0.5206179542745372,0.8383584678788368,0.07618582047302402
87.4,1082.5054491397445,999.0328036319083,31019.015643661965,11.20644005208944,10.554127123105465,-128.02185792133656,0.10199832869933485,-0.5226250126695833,0.8444388840698842,0.05815847440802518
87.5,1083.5545373715468,1000.0424416321283,31006.10822665409,11.189592271612003,10.542837531260886,-128.98592508071374,0.049787765566223614,-0.5229520602136457,0.8463219890331894,0.08821231204957776
87.60000000000001,1084.6016814941563,1001.0496241472275,30993.174080099532,11.165731420312072,10.530917573930807,-129.9500229129268,0.0034021093686951182,-0.5226996033768924,0.8470157296613117,0.09663283079677712
87.7,1085.6457925895659,1002.0559334707278,30980.1206401133,11.13783855258889,10.514319515253607,-130.91249889925885,-0.021252969823594828,-0.5227924629031429,0.8451959464683692,0.10899616543154543
87.80000000000001,1086.6873588922783,1003.0596945374698,30966.96099518644,11.103766385166507,10.496400702572389,-131.8741350805878,-0.0351636719334807,-0.5207044440237777,0.8376703842677165,0.16105503863840878
87.9,1087.7253768804642,1004.0616638661519,30953.7007680625,11.067400222229047,10.47679633980594,-132.83122005094154,-0.03742622922470922,-0.5172537229780374,0.8297912031399346,0.2061417537107879
88.0,1088.759242001117,1005.0612901923364,30940.348155210813,11.026579164649577,10.454747947097916,-133.77438915073705,-0.04344117492684586,-0.5124999909130022,0.818799557428445,0.2549978595795076
88.10000000000001,1089.7883757074417,1006.0583538097437,30926.90344597554,10.98460599767864,10.432683021414057,-134.71448490760227,-0.05232676398354149,-0.5105037573729106,0.8110662598985328,0.28074783264231423
88.2,1090.813311989192,1007.0537562963362,30913.365222242464,10.940303513355612,10.408667571909243,-135.63335153677446,-0.06060368564639443,-0.5104894741065338,0.8058418674202543,0.29384787701316634
88.30000000000001,1091.8350074896139,1008.0452835634372,30899.752176985417,10.895364506091353,10.384556954286442,-136.55094301130663,-0.06430572569117789,-0.5115748508876451,0.7953045044317798,0.31882078165191174
88.4,1092.8512902502237,1009.0359795580608,30886.113953892625,10.849949331217049,10.360205585200493,-137.44854506841074,-0.05829957693862831,-0.5149192804015934,0.782936169171116,0.34419507405414723
88.5,1093.8640484951995,1010.022571730751,30872.402260063973,10.804387097657726,10.335661906075957,-138.34373765937107,-0.0430218170831508,-0.5207912736569101,0.7770137139461977,0.3509633326676929
88.60000000000001,1094.872451635292,1011.0074132634838,30858.50600571679,10.759824048856295,10.311579581508212,-139.22793469597977,-0.026375440115406372,-0.5275486480240488,0.7749317568639248,0.34709873570859895
88.7,1095.8745358916904,1011.9906021691471,30844.590228506197,10.716368876933517,10.288095860091934,-140.1062683694589,-0.024033380296870868,-0.5320481702355507,0.7759857030668864,0.33792503579388466
88.80000000000001,1096.873482345112,1012.9701895678788,30830.674451295603,10.673065780624176,10.265945790123057,-140.97618781741477,-0.021735667716171195,-0.535149314436231,0.7821455107025264,0.3184198048100159
88.9,1097.8687218775467,1013.9493061555962,30816.596229675426,10.635797648955775,10.244916910451517,-141.84687497222833,-0.018528251481470973,-0.5368887031525106,0.791261009267151,0.2920843021077722
89.0,1098.8586599307741,1014.9261292842272,30802.454122659055,10.599199779963724,10.226921854758338,-142.72138602836787,-0.015141120908265726,-0.5345582198074328,0.795501426343574,0.2849486563914435
89.10000000000001,1099.8458029895262,1015.9017540636996,30788.2124942654,10.567670073526562,10.210229550352711,-143.60309526986796,-0.010239758279035293,-0.5326909766366621,0.7983381797614132,0.28069845296242657
89.2,1100.8294876347795,1016.8762423032937,30773.885696253492,10.544780913438984,10.198600382493717,-144.49578836358015,0.0018858797018153118,-0.5253315019779693,0.8074028839433105,0.2685588194182907
89.30000000000001,1101.8128718810403,1017.8502049066707,30759.48254285404,10.521891753351404,10.189187021077899,-145.39844129765493,0.04615019539777971,-0.5217487062949395,0.8198206956080931,0.2313924674594351
89.4,1102.7921287620518,1018.8236492799846,30744.974056482773,10.516693260191046,10.185766295874405,-146.31850903768137,0.09522777113607003,-0.5172370177091803,0.833318411034999,0.17022915421828802
89.5,1103.7720144234365,1019.797257469608,30730.393272807087,10.514093524301272,10.186459721980285,-147.2487207688574,0.1401058806838243,-0.5100507894187079,0.8341659972695344,0.1561589683959461
89.60000000000001,1104.7519486104375,1020.7721533101972,30715.707931575977,10.520114289394778,10.18855303416476,-148.18946715367406,0.17404031342474865,-0.5059178921233596,0.8352235534109244,0.12711676348971726
89.7,1105.7321973883886,1021.7471589822031,30700.87800998646,10.54024001699633,10.199173755283487,-149.1434304634971,0.20419516452957806,-0.5022672696684144,0.8350279395291184,0.0935962862956088
89.80000000000001,1106.715651008737,1022.7243962075416,30686.01905185895,10.560228511018405,10.211613151434074,-150.10414862439282,0.23785956261974134,-0.4964646301301965,0.8268538342896019,0.11514528310189712
89.9,1107.7006664407488,1023.7037106501862,30670.998593326338,10.596715997993044,10.227312426182452,-151.06591990426267,0.2636947401874465,-0.49137100397343275,0.8168191734271105,0.1477364490349878
90.0,1108.690452968396,1024.6832253415869,30655.92955288003,10.635024982256088,10.246927602276969,-152.0249010349604,0.2839253355491507,-0.4892208380545755,0.8077960862219089,0.16587603362465406
90.10000000000001,1109.6835441598205,1025.6681124932684,30640.70963070781,10.67755710270637,10.26775588218728,-152.9747367444855,0.2927340877309336,-0.4844233222821746,0.7920269937153329,0.2287663435378777
90.2,1110.68116576943,1026.6537258144954,30625.43649552967,10.726566354981964,10.290763057118522,-153.909005485517,0.3263157738259567,-0.479368456712184,0.7731300024812015,0.25689277476247446
90.30000000000001,1111.6845009364317,1027.6403520873287,30610.028841837488,10.775150374776704,10.315199443268153,-154.82689258581829,0.34882754750496964,-0.4693497774546752,0.7482411639379027,0.31331340394845514
90.4,1112.690989703076,1028.6300852514892,30594.529669773034,10.827133459172725,10.339938868715617,-155.7338553642891,0.34472811518648666,-0.4625324455440646,0.7327122010872925,0.36105275763635214
90.5,1113.7072961285648,1029.6232217211964,30578.933240638693,10.878784877338008,10.365379169186479,-156.6230232513597,0.33990392515221335,-0.4576243980608327,0.7190740601625709,0.39746412160960437
90.60000000000001,1114.725291813904,1030.619032213678,30563.268026371574,10.930360419706364,10.390888068176563,-157.50089483738512,0.3406276267582661,-0.46323160871915536,0.7184781964645599,0.39138009374203986
90.7,1115.7456314943638,1031.617075269884,30547.502774344513,10.980847573317654,10.416106074535131,-158.36365273411215,0.3520998597613592,-0.46863517389747306,0.7130800265312477,0.3846084220402765
90.80000000000001,1116.7755151609456,1032.6173789535133,30531.581480066798,11.030706116685838,10.440580006334883,-159.2209338298212,0.3633279764063733,-0.4765888472027188,0.7147493693956859,0.3605401381689738
90.9,1117.8067145353598,1033.6199565721365,30515.562013203056,11.07776862144599,10.46297408562517,-160.07092282491806,0.3480279002953794,-0.4909103045338789,0.7290032602307163,0.32624821852606384
91.0,1118.8459323023264,1034.625071266067,30499.477191472688,11.121588577130119,10.483544438394519,-160.92223684710038,0.3186532846779246,-0.5032418862386281,0.7469428527688239,0.2954387631921856
91.10000000000001,1119.885728535292,1035.6304184607434,30483.304521786973,11.157717521520425,10.500603993878519,-161.78361551928612,0.29251705387031024,-0.5117640603769796,0.765606438317406,0.2576394793280662
91.2,1120.9322826074178,1036.6374248741688,30467.038026300248,11.18935915195796,10.513709786491898,-162.6511979385931,0.26435052977686535,-0.516443744838494,0.7841117289562018,0.22039385730368904
91.30000000000001,1121.9788965505084,1037.6447590655623,30450.661144638405,11.208656159769443,10.521821480347187,-163.53709763699516,0.23666577678451645,-0.5190832876610229,0.8029357186112595,0.1727312431154988
91.4,1123.0293319974476,1038.6518479611707,30434.24716863153,11.223143190201268,10.5248590033355,-164.4362080192716,0.20117919738000634,-0.5197808845848951,0.8213607559389435,0.12133124562571519
91.5,1124.0793320278744,1039.6584030836543,30417.688544992656,11.216921601036205,10.522550854713959,-165.35449390957814,0.1613857228116779,-0.518942087590809,0.8340647038483482,0.0948147034684632
91.60000000000001,1125.1289556216013,1040.66389145555,30401.09449243897,11.207227554307845,10.511850731917551,-166.28751258309853,0.12139075665864771,-0.5213484529398379,0.8428857313805774,0.05480619171323484
91.7,1126.1780683553009,1041.6667767612716,30384.354311488572,11.178959563513585,10.494948699940648,-167.23610122988612,0.06989115494111645,-0.5219405146191363,0.8456547285920426,0.08695634347203708
91.80000000000001,1127.2222919709193,1042.6679390063068,30367.53957930025,11.139497567649851,10.472466409569943,-168.19288292319473,0.014020697689660699,-0.5225435642052428,0.8469690497726479,0.09692818099600481
91.9,1128.2635033700376,1043.6655013843083,30350.635121620282,11.08741012469437,10.445152576050555,-169.15136660122948,-0.012480048417460369,-0.5229059477918774,0.8449526773716578,0.11166284591502786
92.0,1129.29954183278,1044.6599205772127,30333.626392075184,11.031180672614376,10.413595276005033,-170.1043074762247,-0.028497956620188107,-0.5214579220834126,0.8381245458708454,0.15753332210587292
92.10000000000001,1130.341382922638,1045.65125992069,30316.520986540134,10.966508115193339,10.379106596139275,-171.04514479822197,-0.03177373573629049,-0.5189802949041973,0.8314267559473643,0.1959066938962392
92.2,1131.4359201992509,1046.6385352425136,30299.324554666768,10.899931548177795,10.342637220115527,-171.9671491699196,-0.03756887726006624,-0.515421240810481,0.8226487320458534,0.2370202262385046
92.30000000000001,1132.5222108475396,1047.6221157919804,30282.02744927357,10.829988483571647,10.305160829460924,-172.86490907512268,-0.04244880444621924,-0.5150068858874995,0.8180764652907675,0.2524220739691963
92.4,1133.6032983143114,1048.6018829948257,30264.64528085891,10.759842461938186,10.26748017293004,-173.7466702588699,-0.023078931585302307,-0.5140476304064843,0.8116819394174272,0.2763961392891071
92.5,1134.6758926902894,1049.5774074045978,30247.195136512666,10.690957976677886,10.230816941181029,-174.61230500956677,-0.020020067305051965,-0.5182277408246074,0.807973148633764,0.2796758778153138
92.60000000000001,1135.739342557693,1050.550420217544,30229.63169944658,10.626329285306406,10.196383095734188,-175.4634664311875,-0.017437851347491276,-0.5241661157364161,0.8088476260431529,0.26591600609691923
92.7,1136.8003439549798,1051.520129169436,30211.984940893977,10.565736075411222,10.164649577123235,-176.30977884328655,-0.013981493015215507,-0.5294050649507299,0.8123630494095799,0.2441333058219371
92.80000000000001,1137.8535581680999,1052.4878771944102,30194.269380277703,10.513340290145283,10.137637647753309,-177.15638606007087,-0.010697106888230851,-0.5298797825513563,0.8163487421931027,0.2295380558149094
92.9,1138.903147951242,1053.4540875883717,30176.449643200358,10.472119212401623,10.116380632568307,-178.01191391922322,-0.002978941866665664,-0.527886086204766,0.8218263768668068,0.21431008418351824
93.0,1139.9494418002666,1054.4188947880855,30158.56253655366,10.42643349844736,10.104954875381743,-178.88661614295899,0.047429409442849374,-0.5234221595391746,0.8298570056450408,0.1873954220494627
93.10000000000001,1140.9924168012883,1055.3835832983596,30140.540640956453,10.399750561121833,10.0984916520271,-179.77153143193667,0.09999345416364516,-0.5173904121537736,0.8373273138468628,0.14557279973184878
93.2,1142.034880621321,1056.3488224948715,30122.472645898422,10.395271263814813,10.098693118328539,-180.6820251573605,0.1318029877642997,-0.5114507695120758,0.8366496056172421,0.14513276750073564
93.30000000000001,1143.0783532046514,1057.3155658756566,30104.310271938244,10.410058082328323,10.109883885642772,-181.60798178522919,0.15363486785190464,-0.5097011581008898,0.8394174117512837,0.10945074535842778
93.4,1144.1243065405597,1058.284273069511,30086.02934478438,10.446431036010328,10.126668860516576,-182.5514135541242,0.2031405946946241,-0.5031332126459797,0.8325607328439337,0.11150558392305703
93.5,1145.1744863643748,1059.2551138996764,30067.6717899208,10.501156640988635,10.152096843206442,-183.50698457734012,0.23189526297683463,-0.5023140247346581,0.8294971187949772,0.07641817502796887
93.60000000000001,1146.2293767295157,1060.2295509281116,30049.211901384144,10.56982415397783,10.180465664082249,-184.46334799311876,0.24442389429947445,-0.5011437192654672,0.8222336147964537,0.11420952339893149
93.7,1147.2916333719716,1061.207360167451,30030.65449405326,10.649451513407977,10.214452621164629,-185.40964158815638,0.2559808653615189,-0.49661630519180716,0.8049031838798767,0.19994225808078478
93.80000000000001,1148.3583211261696,1062.1887670663225,30011.994612189617,10.719346175965343,10.249922908126766,-186.33620728955756,0.2895678278028934,-0.493198462042878,0.7879350965479107,0.22817544514712415
93.9,1149.4334890972582,1063.1738069285311,29993.275349541702,10.79422593223955,10.28733789524134,-187.2369361513515,0.28493406570951024,-0.48681847818406304,0.7740782557807134,0.2874425184698494
94.0,1150.5162992010753,1064.170451565002,29974.427233292477,10.869330570174986,10.32483727832296,-188.12084360931036,0.2870712389330306,-0.48116808703458364,0.7609940648298487,0.3270403783796098
94.10000000000001,1151.6067874258486,1065.2044985876998,29955.51646772004,10.94357548525076,10.361792847927005,-188.97472440438315,0.292533702112326,-0.4821486007844199,0.7590948853965928,0.3251641352529777
94.2,1152.7049209376985,1066.2427775351453,29936.52386025189,11.014360797848564,10.395973930896886,-189.81538222321342,0.3066115581804092,-0.4904814015646655,0.7620200940590796,0.29110603456392703
94.30000000000001,1153.809858038411,1067.2837548351365,29917.49588473546,11.078469096327138,10.427033245004125,-190.64181372092065,0.289312553379202,-0.5015136339115656,0.7732963652072997,0.25844738925978916
94.4,1154.9217157974244,1068.327929263487,29898.460671222998,11.13135882486063,10.452594395285967,-191.46538551015004,0.2653830464266972,-0.510108532395802,0.7841712803622694,0.23331636655255394
94.5,1156.036567554636,1069.374148921137,29879.34284414775,11.173610919328175,10.47000315072831,-192.3012274822456,0.23966095500667006,-0.5160759713692022,0.7993070765944654,0.19322633290168956
94.60000000000001,1157.155029551911,1070.4215844942146,29860.178113316426,11.202471532032048,10.480701998000631,-193.15825884899738,0.21486474888814197,-0.5189425648049494,0.8149163743795214,0.14297921837467215
94.7,1158.2754566261044,1071.469774524654,29840.888545043974,11.209843493546824,10.480373190240117,-194.04506777018588,0.18473113874408856,-0.5195675948248991,0.828036146667891,0.1013906336777353
94.80000000000001,1159.3959602884242,1072.5173230591183,29821.49860587073,11.199022516785325,10.469435071972525,-194.94768744040564,0.14321204699225448,-0.5202792612364739,0.839551028495858,0.06287980975689962
94.9,1160.5143901873794,1073.563305723225,29802.029027357436,11.166160645809736,10.448144302267574,-195.8703897164829,0.09351711076444538,-0.5214667651420898,0.843420377253858,0.08926942410184457
95.0,1161.6286053902156,1074.606851075741,29782.474771140165,11.114427091763767,10.417843511103076,-196.81558230994725,0.04538515988213847,-0.5226009447582913,0.8452026392695253,0.10227872883470202
95.10000000000001,1162.7368592447779,1075.6471695731611,29762.815134878343,11.046794625501573,10.37983753060328,-197.76930778669634,-0.0028944238488145613,-0.5231567774708268,0.8435177311465468,0.12155840463869695
95.2,1163.8369163946134,1076.6824679952033,29743.056134099075,10.966398580159153,10.335101437495034,-198.71962311125077,-0.019998496193425367,-0.523519414247298,0.8408394338171049,0.13607545551751069
95.30000000000001,1164.9304675608707,1077.713664900773,29723.195673585702,10.87991221060993,10.287462478238695,-199.65030594806208,-0.02210281809879734,-0.5202720009970652,0.8342531346313731,0.18124629035742973
95.4,1166.0136965664558,1078.7400038944586,29703.25315336218,10.787675989028973,10.238021235040696,-200.5432485142369,-0.019480877641145377,-0.5187305061045947,0.8300644284983212,0.2037945092110117
95.5,1167.0888649926246,1079.761602270505,29683.224904059403,10.695587459900775,10.189128875726793,-201.41222936969965,-0.0176445675186019,-0.5166735254270468,0.8253963846263325,0.22684343853338054
95.60000000000001,1168.1539183688203,1080.7781690360507,29663.10073632886,10.606825865143005,10.142837367183894,-202.25922265713834,-0.01501588327301842,-0.5174146819188193,0.8241025888049857,0.23002498409802954
95.7,1169.2087990810944,1081.790100331552,29642.894506207867,10.528042268869047,10.1018883922881,-203.08615568225332,-0.01155311876349121,-0.5216662637038757,0.8266089365082657,0.21082813105643464
95.80000000000001,1170.2582913591941,1082.7987304726196,29622.6058598614,10.451482072619402,10.067560397704503,-203.90839445535548,-0.0068274087669742516,-0.5250570180951777,0.8317744930051605,0.180054733413307
95.9,1171.3026349162153,1083.8041138924905,29602.24231523746,10.375118446814469,10.043860164695777,-204.7360605527557,0.025563416349296268,-0.5244206596389931,0.8353158531581556,0.1630242587807671
96.0,1172.341693100996,1084.8076103825272,29581.795283012212,10.324052080248896,10.03190253058099,-205.58373055248052,0.0765849537070276,-0.5212286964716147,0.8398726196027804,0.13064981317153587
96.10000000000001,1173.3784457486804,1085.8107543877645,29561.25776922423,10.307404172324087,10.030676780241599,-206.46038281509226,0.09032519888991822,-0.5158559937034092,0.8408319994686221,0.1368776858197281
96.2,1174.4158115454627,1086.8140059582638,29540.635468313336,10.323062291512151,10.042093459067543,-207.364443219429,0.13775664971440935,-0.5125936375663077,0.8375992367785325,0.1292222377689766
96.30000000000001,1175.456229933238,1087.8196116826368,29519.92723057155,10.369368754858451,10.066492081797081,-208.29478093009214,0.17361848163058338,-0.5100979386167049,0.8365612257261006,0.0991061626082013
96.4,1176.5024720035744,1088.8269549334414,29499.126436766677,10.444858324617352,10.098409026637352,-209.242409161254,0.20254895039789095,-0.5069711237150012,0.8310042047110207,0.10670620490142935
96.5,1177.554481111467,1089.839745147339,29478.230701866945,10.538965325548483,10.140483783861361,-210.19267201814404,0.21639777601464547,-0.5098973625529101,0.8291245528475663,0.07569120201730663
96.60000000000001,1178.613816338322,1090.8551735458868,29457.233181798005,10.649926613660778,10.185389441533271,-211.13038453913217,0.2257991657918875,-0.5076038232598648,0.8150971452453364,0.16422466061027158
96.7,1179.6849579415918,1091.876348995438,29436.14242312935,10.74814956003838,10.233995287031037,-212.03998932311129,0.25140225333951205,-0.5027973079553725,0.80179296238422,0.20278022487358813
96.80000000000001,1180.763127917142,1092.9016385667303,29414.964537552303,10.844273592959972,10.28240649440403,-212.91531515041348,0.24910474148530892,-0.49624938875765473,0.7893374251810839,0.261972901529315
96.9,1181.852284855767,1093.9320690504205,29393.696435313188,10.938082513926146,10.328772715268272,-213.75992639249705,0.2544403284188561,-0.49524203950750645,0.7859045675036427,0.2689785351202999
97.0,1182.9522223292702,1094.9671352628561,29372.340932493466,11.022728680901004,10.370420056218046,-214.58323698457895,0.2563809134130038,-0.5006414080565068,0.7917812042248794,0.23813763334028493
97.10000000000001,1184.0580979520835,1096.0060528459103,29350.917632888744,11.095681885534688,10.403717107156636,-215.39635295707524,0.24295389787172886,-0.5073982503078851,0.7977195236946122,0.21717269766218655
97.2,1185.169634629143,1097.0475807639132,29329.405404521007,11.154437121009579,10.426748710965615,-216.20745389709234,0.2173455591342515,-0.5150178990405982,0.8094209987312193,0.17987528569924002
97.30000000000001,1186.2869088674806,1098.0908381100146,29307.814792506397,11.187782358518053,10.436870867798786,-217.03203846873356,0.2034552726242109,-0.5184066241021158,0.8205207371206655,0.1288652167321159
97.4,1187.4059210110995,1099.1344089690283,29286.005180584358,11.194652822017233,10.432815645059838,-217.88470422585493,0.17579781754768875,-0.5186251530419392,0.8305668092800487,0.1013994738647787
97.5,1188.5246118364098,1100.177061682052,29264.11665295938,11.173838437614737,10.41457739161745,-218.7794447688832,0.14176899013990596,-0.5204835510381264,0.8393717074381059,0.06673502293318129
97.60000000000001,1189.6399654866418,1101.2171963198607,29242.148887956744,11.12400995036758,10.381618200935458,-219.6973969547692,0.08930664399414641,-0.521909505110607,0.8424773148658018,0.09933159492433731
97.7,1190.7484114586323,1102.2528439256935,29220.078464765258,11.047268342076913,10.335759666415079,-220.6384806860915,0.03546434951464111,-0.5234771981049348,0.8442605139713776,0.10926155557420734
97.80000000000001,1191.8478355262187,1103.2835205426632,29197.91188047096,10.952224130096283,10.282071910712386,-221.58473047537362,-0.0008523358315598498,-0.525478122483341,0.8450424764735036,0.09886975913059125
97.9,1192.9388220875649,1104.3090676787258,29175.65320248504,10.846896706488373,10.223975144831144,-222.51773678712792,-0.011672215504086718,-0.5238476763115872,0.8414140895872357,0.13217299743994623
98.0,1194.0179396180172,1105.3285999535435,29153.304884834495,10.734925617632461,10.164129968116663,-223.4191333504455,-0.0163214694892094,-0.5209981371105792,0.8369752919998074,0.1666340641731347
98.10000000000001,1195.0859563572071,1106.3426103980528,29130.857904605713,10.62453103048801,10.106107343076614,-224.2869362657143,-0.013851065573695422,-0.5184499885348173,0.833249406303493,0.1916068481698853
98.2,1196.1429146667303,1107.350171099906,29108.3270033939,10.518371821804285,10.055393728402501,-225.13866662286117,-0.011255269997052618,-0.5183996810419994,0.8348074118352616,0.18501803895231023
98.30000000000001,1197.1905414182975,1108.353373541743,29085.72014845711,10.40747468738837,10.01487286626697,-225.9704452707779,-0.0037921034212154365,-0.520999305579798,0.8383665144501656,0.16027142909979727
98.4,1198.2309921866724,1109.3532714653238,29063.02538391926,10.318322748205983,9.988354603410482,-226.78972224476396,0.03811365899002538,-0.5208588716375092,0.8393016306603027,0.15108328036500102
98.5,1199.265365483548,1110.351208629883,29040.21335874814,10.271487937241167,9.974487380732468,-227.61117680673343,0.05374006783173578,-0.5202521543713171,0.8433133484063182,0.1235811368339333
98.60000000000001,1200.299339816708,1111.3489073991318,29017.310028126587,10.258002157278314,9.981188120234128,-228.45293502311628,0.10094747331644793,-0.5148504261812081,0.8376384563972477,0.15198836355619383
98.7,1201.3339252562992,1112.3479751225796,28994.327395354932,10.288906458602545,10.003159634028135,-229.32968605105418,0.1379952901254376,-0.5138784671195266,0.8374302822210387,0.12488692226679941
98.80000000000001,1202.3725810069607,1113.3495038562253,28971.242108944756,10.361223149876253,10.038867670192964,-230.23375807356973,0.17451616487837032,-0.5106751169006686,0.8345971732671209,0.11046534094079198
98.9,1203.41942264164,1114.3563819213837,28948.076539778052,10.47114282454027,10.086905306592543,-231.17187484165876,0.1826024016973232,-0.5119886049507195,0.8329154786468579,0.10380672774662103
99.0,1204.4766266068282,1115.3664611358872,28924.80604433282,10.607003130001702,10.140265144428517,-232.11488598079114,0.19550626493932355,-0.5154405640706029,0.8303595683345036,0.08124846186476832
99.10000000000001,1205.5445724146923,1116.3833214526385,28901.445829105076,10.731276369391711,10.198218131524582,-233.04624173887427,0.2176062898208166,-0.5117851986602384,0.8179903227273461,0.14702123991835736
99.2,1206.621572976673,1117.405961793228,28877.989068296887,10.845145321830948,10.255227836476317,-233.95318607367037,0.21166893305835155,-0.5064761348658349,0.8097127912666778,0.20746899346270767
99.30000000000001,1207.7117257024263,1118.434146038664,28854.452198002215,10.953635716800932,10.307483880209611,-234.8206234008125,0.22280675972662867,-0.5035871749882935,0.8044663372077421,0.22269040685891625
99.4,1208.813496433868,1119.4675301106213,28830.83544314616,11.045181396114318,10.349225482406013,-235.6549953521511,0.2151140045295017,-0.5060300331649835,0.8089657786523451,0.2079277267699819
99.5,1209.9212277347697,1120.5039928628164,28807.139323781368,11.119065526656074,10.37785574873502,-236.46695962778946,0.2046705840276876,-0.5120460742217272,0.8156785525610363,0.17489216334591878
99.60000000000001,1211.0350691194633,1121.5423652026043,28783.34429260846,11.166517268097486,10.390335822203216,-237.2688424009004,0.18982182663723018,-0.5171174204361404,0.8247067149240491,0.12812525891782783
99.7,1212.1523097128193,1122.5812733912655,28759.477940472047,11.17394647197913,10.385718113636424,-238.08441852318137,0.17203248265947804,-0.5181464490980726,0.8315538382676623,0.10221201621821867
99.80000000000001,1213.268687333088,1123.618715235804,28735.530925468538,11.148199927804988,10.359876351588738,-238.932782281248,0.14565588093815188,-0.5204487761858776,0.838302465208602,0.0718777610943328
99.9,1214.380084793141,1124.6527872636,28711.485418157492,11.081301199983843,10.31687937256212,-239.8145568464254,0.102368093467525,-0.52200371355373,0.8411760558505426,0.09724062700160195
100.0,1215.483526211943,1125.681940483981,28687.356811379123,10.98625647109747,10.260410604019135,-240.7314196224572,0.04374475231352843,-0.5239669506283746,0.8439264605255928,0.10645731782726622
100.10000000000001,1216.5760203081393,1126.704630772565,28663.127217633562,10.870764720489797,10.194953100310665,-241.6692568259535,0.006095865089369254,-0.5253126679625418,0.8453405312334593,0.09699911113418239
100.2,1217.6569385594598,1127.7211867622052,28638.806798274632,10.745415731497758,10.126403494358945,-242.60870362131445,-0.00997896217032037,-0.5238277175851633,0.844124885016992,0.1138337432335934
100.30000000000001,1218.725859060071,1128.730533196886,28614.388189669873,10.618705177460603,10.060220007298463,-243.51919277550357,-0.011482604523606105,-0.5210333219038539,0.8412462853967375,0.14386491777142965
100.4,1219.7819832466096,1129.7336090009785,28589.88760066824,10.477729022345882,10.002075542189427,-244.3965140310358,-0.005850857602800315,-0.5191417844630473,0.8401096050200885,0.1570777725931515
100.5,1220.8273353485513,1130.7313515532467,28565.303838985015,10.354054657834226,9.957941956255114,-245.237989221541,0.007154566985700324,-0.5195516053173325,0.8427785297084185,0.14049658873419754
100.60000000000001,1221.8639077172174,1131.7256485300584,28540.63465359186,10.262818253465804,9.93188514854369,-246.05485288106075,0.03663800144599212,-0.5187266488562841,0.8431264868292787,0.1368139167749064
100.7,1222.8959328089663,1132.7183477869326,28515.885390028925,10.221519038128243,9.928439888755527,-246.86628842405332,0.07145561967947606,-0.5178273176527157,0.8420064254745118,0.13331970210156854
100.80000000000001,1223.9276197612733,1133.7119108259346,28491.046864062006,10.233106491885827,9.945552550491048,-247.69453309912183,0.1103830225343012,-0.5155352959172752,0.8380886370768528,0.14016555711851167
100.9,1224.9626289073872,1134.7075606234216,28466.12291889527,10.300273173180594,9.980448987445232,-248.55993764271184,0.14862320599308435,-0.5148555083087709,0.8375264284673697,0.10669784357308297
101.0,1226.004736742125,1135.708591059268,28441.227501699337,10.415619428867691,10.034142962010833,-249.46078829037677,0.15433648565298136,-0.5134556825243637,0.83365075410806,0.1325516180768448
101.10000000000001,1227.0570443399604,1136.7154705622286,28416.397278288725,10.565521264770712,10.096355340243072,-250.38973138006344,0.16836774062417545,-0.5171211294224767,0.8338051022027861,0.09490570563740512
101.2,1228.1214405411797,1137.7273589168153,28391.470812903106,10.714980635297536,10.1622318739451,-251.32698724527177,0.1832808771571221,-0.5180233147649512,0.8304886200978207,0.0913707683915701
101.30000000000001,1229.2002726154444,1138.7468756384994,28366.448482760537,10.8443527367628,10.226707479154873,-252.24657993820304,0.17716328567733758,-0.5137812083215711,0.824839058137527,0.15582865062123064
101.4,1230.2911379150733,1139.7727401822463,28341.338100299385,10.964052647243387,10.281969328269454,-253.12443697326117,0.19199796492936086,-0.5098937445701208,0.8190628028212946,0.17966990773573982
101.5,1231.3925254894405,1140.8030928226888,28316.138257256498,11.06417447149154,10.323995648608374,-253.96251604093763,0.1769235212760343,-0.510978321331387,0.8215808343871424,0.18056620757044634
101.60000000000001,1232.502294461226,1141.8367093202794,28290.856955308267,11.134101818750588,10.346632644592715,-254.7691007677978,0.17443669756985675,-0.5144796283186233,0.8277488340462476,0.1404080422238394
101.7,1233.6177352176014,1142.8715180817583,28265.497972042307,11.15156436732608,10.345724272307757,-255.56198223621837,0.1674392538732877,-0.5167349894917603,0.8317776786399756,0.11443312550830968
101.80000000000001,1234.7328384603597,1143.9051599052084,28240.053872352197,11.138643859906475,10.32161806567402,-256.3706116948679,0.16004871643408083,-0.5195551600689978,0.8368612114896656,0.0641105039562957
101.9,1235.8436023818706,1144.9351399468085,28214.53584460779,11.070951713627307,10.273923554697525,-257.21581278903267,0.11553038670417098,-0.5221701713810676,0.8410606606706493,0.08128964841910795
102.0,1236.9456279432134,1145.9595936934736,28188.93378924545,10.96591986939991,10.209512669737698,-258.1063844382891,0.06577111511079453,-0.5224735084042812,0.8419975486614231,0.11719949437159922
102.10000000000001,1238.0350491604586,1146.9768198324123,28163.245512855487,10.834814472882861,10.13487394409675,-259.03183369680437,0.026661877282375537,-0.5249996299160833,0.8470023920110895,0.07906630644748631
102.2,1239.111547838604,1147.9868174797293,28137.463013536722,10.693942998455015,10.058141855932398,-259.96730282539954,-0.0023361992105354005,-0.5241439294629944,0.8474545167064845,0.08419338153393499
102.30000000000001,1240.175085215246,1148.9888417464258,28111.583219498505,10.531331745100582,9.987622469645565,-260.88361829660124,-0.008526352631592923,-0.5214542614457323,0.8457824289968647,0.11253815944403588
102.4,1241.2236471709527,1149.984675473159,28085.47025088266,10.38177554345751,9.930437256732317,-261.76256878572116,0.00352523247912492,-0.5196416308872218,0.8449542352611003,0.12654046190513848
102.5,1242.2624106544429,1150.9757561236256,28059.24762109571,10.267581028313918,9.89538906948421,-262.6007653126677,0.0258099166766492,-0.5191951637983739,0.8452387194108861,0.12386176689426659
102.60000000000001,1243.294766393624,1151.964558253325,28032.939484222476,10.201879627050351,9.885277076774528,-263.41277188853735,0.0609542140059435,-0.5178784235927177,0.8425162817346755,0.13510306134213276
102.7,1244.3250467915445,1152.9536454123756,28006.555494049215,10.20743885113627,9.901694705437723,-264.22211935957597,0.08890391570477879,-0.5168144121580388,0.8387619316201977,0.1465516264763136
102.80000000000001,1245.358727633845,1153.9456992322382,27980.08306753579,10.281484750429145,9.943212434591432,-265.0568949728016,0.13382302675166718,-0.5166714069656468,0.8377286533498353,0.11555413489716873
102.9,1246.4004333261998,1154.942827605212,27953.527028536213,10.413411162670574,10.00302798990851,-265.93210630820397,0.13028815067253902,-0.5170380099821866,0.8379872358576111,0.1160779331643633
103.0,1247.4537019759928,1155.9464223455977,27926.884842943135,10.585462999484186,10.073833149660326,-266.8487789628543,0.14930240632863143,-0.5173720412160867,0.8339906271975627,0.12039350555156995
103.10000000000001,1248.520750813408,1156.9574858044427,27900.15260132265,10.741176355636883,10.147592419289142,-267.78131723611597,0.15630259970704838,-0.521228548962587,0.8374162710569943,0.05122778582149434
103.2,1249.6008021545192,1157.9758349471215,27873.321231871734,10.881821562310476,10.215453020695257,-268.6999008026309,0.14459039449687178,-0.517742306087186,0.8340131954466568,0.12433226503051566
103.30000000000001,1250.696054766152,1159.000053021516,27846.401976873603,11.002642434556158,10.269741922999724,-269.5806943085638,0.16450880425663297,-0.5147042234552129,0.830088932354149,0.1377271943465338
103.4,1251.801199048639,1160.0288047410243,27819.401818995353,11.091301009023057,10.299749079318923,-270.4095449987643,0.1545585487767242,-0.5146375850678008,0.8306667860089135,0.14578237773214145
103.5,1252.9128298278627,1161.0593461071942,27792.31802754947,11.135752096777733,10.305468857857665,-271.209019657812,0.15375881981477002,-0.5169535332780422,0.8343326118654008,0.11404544067333715
103.60000000000001,1254.0260779085963,1162.0887877210046,27765.156400503107,11.117646671967384,10.280052243553598,-271.99945157095755,0.14761883491323552,-0.5197812597143906,0.8382758761269689,0.07300463774407066
103.7,1255.1357238941941,1163.1143981760313,27737.912485860943,11.05442202850221,10.228264041181301,-272.8139156309615,0.12346702388584078,-0.5218177090669454,0.8410692266139771,0.07116690635305581
103.80000000000001,1256.235757476596,1164.1335280161547,27710.584156528053,10.940489883493372,10.156135150673759,-273.67498937999943,0.08176410668347323,-0.5228992153843095,0.8432896945791455,0.09356031437173887
103.9,1257.3221355834055,1165.1449806844378,27683.168127947272,10.796427683525161,10.074519124962178,-274.57927625537053,0.04280046644708238,-0.5236242792486525,0.8465225639652648,0.08593766898697952
104.0,1258.3948048887466,1166.1484707812492,27655.661206752422,10.629257997175195,9.993389319469703,-275.5073121624959,0.008350113158716827,-0.5235324931836463,0.8494828370795484,0.06498394954474174
104.10000000000001,1259.4515529104094,1167.1438423785212,27628.06277148409,10.450497936843394,9.924253707128678,-276.4225386562729,-3.0008220156441745e-06,-0.5214763460616324,0.8492389062132323,0.08279915858845646
104.2,1260.4954701060967,1168.1337398827027,27600.37040154025,10.30764322189874,9.873336053636358,-277.30721459453554,0.01125039859659987,-0.5199545117088533,0.8483320893726006,0.09926429582555614
104.30000000000001,1261.5289766420474,1169.1194953575382,27572.597700562026,10.2213187089008,9.851819090755852,-278.1447479557497,0.04404281098673386,-0.5188640470669204,0.8457212611860054,0.11660137151713122
104.4,1262.5598154356512,1170.1050263631419,27544.74831788159,10.199508335397665,9.86324443757892,-278.952723661137,0.0652462577385228,-0.5177748008624748,0.8414245633403808,0.140203015839147
104.5,1263.5918015050586,1171.0932243578525,27516.808456787418,10.258225142333595,9.90317118255693,-279.760049983415,0.11352739555472946,-0.518154145525627,0.8384146247478267,0.12525465636904817
104.60000000000001,1264.630266546213,1172.0863731160307,27488.793347186853,10.388868736170439,9.964795463450496,-280.5958524415517,0.11421616058574452,-0.5194006407282136,0.8398752633416496,0.10856880352553998
104.7,1265.6821853822655,1173.0856075033903,27460.691163238567,10.574583552982448,10.040193095443117,-281.47811424763427,0.1311996449900647,-0.518383107319777,0.8362049591364868,0.12176564998192106
104.80000000000001,1266.747411477617,1174.0935534936373,27432.4976313439,10.737484454489223,10.118779488715887,-282.3950903546503,0.137482618997223,-0.5205737633602273,0.8385901314322752,0.08287386704525054
104.9,1267.8288746005514,1175.1092141469264,27404.2174461056,10.886758250583568,10.187503901221461,-283.31754782732594,0.116371003621247,-0.5207806891550177,0.8413511349333406,0.0858692672950462
105.0,1268.924749124659,1176.130715224405,27375.837607125562,11.008173574572055,10.237051872224573,-284.21339749672273,0.13490526447714707,-0.5179843620793022,0.8382183037973195,0.10432087728155817
105.10000000000001,1270.0298362039687,1177.1556992441335,27347.380384325803,11.087923002002187,10.25928239249271,-285.056793562633,0.13357238205543312,-0.5172034169882063,0.836899500006139,0.11940800265156346
105.2,1271.1400668838205,1178.1813273137589,27318.80562504606,11.110779602793144,10.24833742293224,-285.85763909077747,0.13216003475997165,-0.5193828454753855,0.8390432703297388,0.09371006110611356
105.30000000000001,1272.2497385190782,1179.2044071061023,27290.124777419405,11.0708656211176,10.205505427563212,-286.6450977615512,0.13480345284462159,-0.5214980425367626,0.8409196254426028,0.05217283083143454
105.4,1273.3521935386832,1180.22187947211,27261.34133155413,10.968486584506374,10.136027409452307,-287.45525654115835,0.10894069323738871,-0.5226051539698936,0.8425338174620982,0.07178122897948086
105.5,1274.4419671667201,1181.2313470713689,27232.473901815978,10.824558422531746,10.050689864470623,-288.30940643714206,0.057992959112773815,-0.5227753876586765,0.8447644006602132,0.09856884968820254
105.60000000000001,1275.5170213921183,1182.2321884323844,27203.52314831913,10.641984287717953,9.963435533234394,-289.2119532027174,0.02224934633754966,-0.5234275311950121,0.8493859439653083,0.0638130423096158
105.7,1276.5749652993763,1183.2245307144988,27174.475567592304,10.449764822553398,9.88815933902399,-290.13158582957595,0.005264621479064905,-0.5220799519929866,0.8507276185673319,0.06055845518537703
105.80000000000001,1277.6185585427165,1184.2104130301602,27145.339912808726,10.296925191289757,9.837292166864755,-291.03303280967936,0.015452040010279564,-0.5211116850554363,0.8506659442706979,0.06761137046567146
105.9,1278.6516059632884,1185.1928224697547,27116.26957913993,10.204037236831978,9.818161459726987,-291.8881106775048,0.04673431526283721,-0.5193084852544846,0.8462280492576335,0.10969361681167622
106.0,1279.6810467914966,1186.1751252951738,27087.136137964186,10.188956842010127,9.83505763867193,-292.7043180112445,0.07246930015613165,-0.5185948364841857,0.8415167145565393,0.1328804546530043
106.10000000000001,1280.7134466557693,1187.161177033,27057.9288195321,10.278040572945612,9.885629685129691,-293.5056934989047,0.09451971465081017,-0.5206144970245656,0.8406472128388146,0.11549386380462194
106.2,1281.754973708281,1188.1532054725278,27028.632550603823,10.438256479285945,9.9575275246009,-294.3301016245586,0.10969015914613602,-0.5207015716326155,0.8401908919335378,0.10448544108030373
106.30000000000001,1282.8095821674438,1189.153021706736,26999.261061054705,10.630589894894852,10.039715416104785,-295.196369867905,0.11548339929569797,-0.5201512090083202,0.8379854813704674,0.11784157698621955
106.4,1283.880948562603,1190.1606456453967,26969.797406793445,10.794096806156173,10.118518415260175,-296.0995047201785,0.11555207175641286,-0.5207120914819009,0.8408669917420751,0.09192028446419244
106.5,1284.9675648816774,1191.175703970884,26940.244091846187,10.942316356818774,10.179390616378424,-297.00873214445994,0.10337593884893696,-0.5210512213705519,0.8436598894428871,0.07782692927626239
106.60000000000001,1286.0676658678058,1192.1954990571903,26910.599645070888,11.046495910678031,10.211281662548657,-297.8880896227453,0.11425356789981894,-0.5195004511731892,0.8417148761577756,0.09263622783617025
106.7,1287.1751404225931,1193.2168430486333,26880.872021796677,11.086982631930223,10.207268860418527,-298.7188670252358,0.10894857119125344,-0.5209309868313727,0.842723397459354,0.0811072818484288
106.80000000000001,1288.2829968570536,1194.2355984589678,26851.0629490347,11.055248556850495,10.16432855087567,-299.51180147691434,0.1314130367348741,-0.5212257890630367,0.8413434617242481,0.05652848844248419
106.9,1289.383992761091,1195.2485203348017,26821.177055245713,10.954342098018536,10.092622752757263,-300.3006499716642,0.11931234821821862,-0.5221280177243182,0.8422965049173365,0.06069179906682588
107.0,1290.4723965480678,1196.2538992237976,26791.2128131921,10.803921177060117,10.004628774797554,-301.126883877343,0.07798281894920445,-0.5225889673717226,0.844922424772748,0.08321987290444474
107.10000000000001,1291.5443574052092,1197.249892499614,26761.157932281778,10.600164288873318,9.915285915671806,-301.9967841059159,0.03442114511162296,-0.522692487051582,0.8487962840065534,0.07178173169896954
107.2,1292.5990988769947,1198.2373639060315,26731.021343737557,10.407926790937557,9.841970827728925,-302.89854073069495,0.013943223853850124,-0.522409859172887,0.8516135358257589,0.04059447186347904
107.30000000000001,1293.6393014419991,1199.2190227261476,26700.79081208971,10.262157701971944,9.797601316174415,-303.79731509290366,0.030250078058543916,-0.5217320616469706,0.8510529376537675,0.0508869918343206
107.4,1294.6705611763907,1200.198107844931,26670.47629842158,10.189595621350284,9.791853656568202,-304.6552982237549,0.04653151765684191,-0.5209724676255016,0.8476917632849695,0.08855043929628949
107.5,1295.6999604851867,1201.1787417971225,26640.074094580697,10.220242307648792,9.82545561764237,-305.47123220837386,0.08270678228545718,-0.5199855615074253,0.8417787345212008,0.11909309843848755
107.60000000000001,1296.7352253897002,1202.163935804299,26609.597584718165,10.347373462555247,9.889209326923693,-306.2689851349489,0.09575645937664436,-0.5219596463234062,0.841462359511516,0.10163624168034757
107.7,1297.7826656275931,1203.1569056118772,26579.039527343182,10.543377489998084,9.972270033278274,-307.08680799932785,0.10588510065393347,-0.5215381823026366,0.84066426134808,0.10034873966351157
107.80000000000001,1298.8458923927153,1204.158191515695,26548.399812264972,10.719520912059748,10.056336741586584,-307.9481576921108,0.10897369847435504,-0.5204717751086575,0.8403028283619394,0.10547521511231261
107.9,1299.9264363282289,1205.1675571741148,26517.6693117589,10.88043864519398,10.124650208217416,-308.8415939919101,0.08861360850148908,-0.5220064411326616,0.8452731843122109,0.0719037390338847
108.0,1301.0204592783598,1206.1821772433234,26486.852674137925,11.004514227996797,10.163469930110086,-309.7339547051469,0.09319369515449191,-0.521869995562144,0.8461451034746122,0.05481885425067837
108.10000000000001,1302.1242419262105,1207.1987290534782,26455.94905970541,11.053815055216575,10.161912720751934,-310.58738159633776,0.10126514858608032,-0.5217904825024527,0.8450216356143392,0.05846791765886196
108.2,1303.2290310581384,1208.2129757073687,26424.959699522038,11.024498654828895,10.118731335074001,-311.3942061697887,0.11195011815860484,-0.5220947619722554,0.8436552726646885,0.055946505435804345
108.30000000000001,1304.327435886953,1209.22167821856,26393.89614004632,10.921904849499805,10.043404471112021,-312.17519470548973,0.1183967812905523,-0.521942539334519,0.8428764462051496,0.05583443601979853
108.4,1305.4107636242627,1210.2215844290395,26362.75411430209,10.753377152724445,9.949401995332842,-312.9725570745047,0.08315067362330199,-0.5223677252360106,0.8456190063932497,0.07173856099922764
108.5,1306.4783480608414,1211.2117783751742,26331.34384276531,10.534529645561419,9.858050422418497,-313.81537970012783,0.04142817470728081,-0.5225539610783481,0.8493960456113722,0.06121618904762859
108.60000000000001,1307.5279063315836,1212.1938748706234,26299.82866465011,10.354471975250474,9.789144201217427,-314.7002465725349,0.031195917845388714,-0.522229203049165,0.8513073211633619,0.03974064828457397
108.7,1308.5640477508077,1213.170827051844,26268.227423167336,10.222335584277918,9.75719374590544,-315.5883477790299,0.03320062822227702,-0.5220744092747468,0.8501010350971518,0.06053312806076807
108.80000000000001,1309.5934216970254,1214.146797586388,26236.53306489846,10.195225774454883,9.76999449351316,-316.44296074203544,0.0725111881477097,-0.5209476263564703,0.8451603682252898,0.09518219459678001
108.9,1310.624735612198,1215.1261840504326,26204.76331936399,10.282651802626447,9.824517790861455,-317.252866598631,0.09268857443100369,-0.5215357816087715,0.842273100443178,0.09992637760627515
109.0,1311.6652518650353,1216.1127149223892,26172.909650615427,10.457026092933093,9.90735220293636,-318.0436753444156,0.09701351420522768,-0.5227816405928866,0.8425994768153892,0.0855210850667503
109.10000000000001,1312.7206633838323,1217.1077626707402,26140.97540132851,10.651557192861151,9.999139579473688,-318.85655705841947,0.09262298851344367,-0.5219356309188335,0.8424785681334753,0.09609391974504317
109.2,1313.794819007842,1218.1118121180893,26108.953219996827,10.830522351087987,10.07739571299645,-319.7160373235608,0.07407254085254127,-0.5225738196156643,0.8460230298236225,0.0753318973078569
109.30000000000001,1314.8852405317937,1219.1221137633772,26076.84513663299,10.96830182526094,10.12141842493275,-320.60054333529024,0.07648496077261756,-0.5228875890301767,0.84793086021511,0.04185542149690542
109.4,1315.9858595510425,1220.134490071585,26044.65030314944,11.029831435910932,10.117578054498393,-321.47183637453685,0.08782421942772348,-0.5227576181628132,0.8471515763267778,0.03668222814537554
109.5,1317.0880642680743,1221.1443603482744,26012.370774074407,10.9995509385273,10.06932192209718,-322.29525585972664,0.09931999875280721,-0.5224377607674133,0.8451780941965044,0.0535566341589726
109.60000000000001,1318.1830612898184,1222.1469698091091,25980.018406104788,10.882757377373155,9.983809327749963,-323.0766878972842,0.10564775347817086,-0.5222696715797305,0.844696399065538,0.05060568879809624
109.7,1319.2626047479002,1223.1409048546911,25947.57879341782,10.679426570148673,9.884761033100888,-323.85655469629864,0.08391447545283945,-0.5222125785143409,0.8466422887318005,0.0587300483726758
109.80000000000001,1320.3241181864598,1224.12461453266,25915.058534662327,10.457970511699695,9.796151056189414,-324.67723494134333,0.04562656408471757,-0.5227709685345653,0.8503090278124853,0.0400410830003626
109.9,1321.3669898244652,1225.1010329896496,25882.45493537436,10.292645304297945,9.73966001206275,-325.545324914303,0.04275027434450922,-0.522453153891824,0.8508507702770104,0.03561014954999845
110.0,1322.3989301643267,1226.074178833767,25849.76294469114,10.197424143046481,9.731735990802107,-326.427260469572,0.053036656223886196,-0.5225989614527895,0.8486884453393421,0.06168761085133484
110.10000000000001,1323.4271732339118,1227.04883829589,25816.980805493153,10.228557283003283,9.771476005977117,-327.2777111272473,0.06525479307896971,-0.522853543986277,0.8459899955545211,0.08165115395922155
110.2,1324.4621761359065,1228.0297081991048,25784.126862610523,10.376913452921258,9.84883320167962,-328.08326421826695,0.08973680299472232,-0.5225689722201243,0.8434097150725047,0.08676997166304543
110.30000000000001,1325.5116081431136,1229.0192759364556,25751.187242852233,10.585132393903011,9.941816521726942,-328.87262083428516,0.07341167942734564,-0.5231963547764182,0.8446152084544165,0.08661090762616261
110.4,1326.579033032864,1230.0175778876214,25718.16180567002,10.77505789719811,10.024547394665973,-329.6920512591391,0.06525751253703262,-0.52312739574296,0.8466313827734344,0.07276322274205717
110.5,1327.6652017965623,1231.0229543409205,25685.052538712887,10.926489910337615,10.07379263143452,-330.55315383132506,0.06621218403821054,-0.5232880341028048,0.8484824211802502,0.04316434868977533
110.60000000000001,1328.7620416928125,1232.0308307333362,25651.85621402255,11.004590378945936,10.07490857308541,-331.4306880758405,0.07179863204286427,-0.5233457452503829,0.8485905684794907,0.029124464849153875
110.7,1329.862140045018,1233.036478551714,25618.575318577365,10.980247395557049,10.026986118073909,-332.274061049753,0.07785156874100137,-0.5232865554646804,0.8475572134511329,0.0419175863024817
110.80000000000001,1330.9547210130374,1234.0349231719085,25585.217130307323,10.85974554332548,9.940610597107312,-333.0718346484122,0.08476599730793896,-0.5229590678852762,0.8469954361080831,0.04390068597449913
110.9,1332.0327055049988,1235.0242517551012,25551.77871593558,10.646165069015561,9.841337459725873,-333.84799776864594,0.07968660018475021,-0.5223923431815002,0.8476616174372603,0.04718122359567779
111.0,1333.090678438189,1236.003760833396,25518.257369025516,10.42764546460139,9.757215936917438,-334.6522538008766,0.04919331210337684,-0.5228243068630151,0.8502307923000356,0.03663825899741095
111.10000000000001,1334.1307783829366,1236.9768019319943,25484.653998418456,10.263323147613992,9.710683811373189,-335.4996528495703,0.05479275522187022,-0.5224202702208965,0.8498122489598157,0.04351961345625435
111.2,1335.1600054564822,1237.9476243957868,25450.959314081065,10.196347912258885,9.714031908052318,-336.3708709098035,0.05591582849004989,-0.5229782901895876,0.8482854635975684,0.06147276115244394
111.30000000000001,1336.1885321037994,1238.9212826928417,25417.170206758794,10.260515272276361,9.76759808149258,-337.2183863715809,0.0720854768365436,-0.5232934747789187,0.8465605390272363,0.06559631883702277
111.4,1337.2264716731963,1239.9021697933472,25383.27379971224,10.439373046914044,9.852617876145157,-338.0238900768051,0.07457190652285234,-0.5233850587888134,0.8455320293397187,0.07471745682793622
111.5,1338.2807299000192,1240.8915927008957,25349.294750004723,10.646045594161148,9.943631777792527,-338.81184240398693,0.07106648585546799,-0.5226700279375098,0.8452414944399761,0.0856295075358541
111.60000000000001,1339.3549623403137,1241.8897893487479,25315.23082221087,10.831662533930974,10.012849059840493,-339.6288046046482,0.051261819884697093,-0.5234820290168929,0.8482352279314963,0.061933748590477844
111.7,1340.445200742105,1242.8927927803156,25281.078233478864,10.952722885964924,10.037819697401924,-340.4862024591495,0.05857813361936934,-0.5237852639181879,0.849559563425836,0.021590455195023676
111.80000000000001,1341.542445163595,1243.8956494928427,25246.84437264306,10.978048128352405,10.010577756434017,-341.35104361803366,0.07288955082383043,-0.5232822939734243,0.8484784569354639,0.030774377508330997
111.9,1342.6374549122806,1244.8932859559573,25212.527988781232,10.897011448887984,9.936690197721287,-342.1798861202578,0.07467741563810676,-0.5232000768150181,0.848161018716387,0.036164202526160386
112.0,1343.7186915339669,1245.8823705717195,25178.13158314823,10.705725393189766,9.840043577341856,-342.96622327178517,0.0733140749932379,-0.5226778377715338,0.8481845492876846,0.04489871557191335
112.10000000000001,1344.7821681305015,1246.8617151524245,25143.654736243465,10.477754218956617,9.748798704434604,-343.75468432082624,0.06065559998406312,-0.5225869220408453,0.8493238272335597,0.043276363014781646
112.2,1345.8253431725516,1247.833331468481,25109.094247534584,10.30125349601986,9.69274774923586,-344.5811208899147,0.05198462801099481,-0.5228446899693405,0.8499395156368086,0.03916437642156354
112.30000000000001,1346.8558358684463,1248.8017443488293,25074.446935345914,10.202598315952201,9.685577130053924,-345.4400279317566,0.05038140711745027,-0.5236975408983998,0.8496169855324107,0.03679099575513027
112.4,1347.8831532693891,1249.772446202566,25039.71457486223,10.243751825761509,9.73363948619395,-346.2931111060609,0.06007511646590454,-0.523577291858734,0.8474712405156117,0.06364193845580365
112.5,1348.9195034557226,1250.749447169419,25004.904709787665,10.414616042388303,9.816126976105267,-347.11026559388216,0.06801995532532625,-0.5236161313541041,0.8467893627657311,0.06439881808006365
112.60000000000001,1349.9713085016242,1251.7354677171477,24970.008594607218,10.623766035879775,9.906852708146038,-347.90417612453047,0.06024062478514567,-0.5232930049881706,0.8468609658148849,0.07322569654859089
112.7,1351.0434990908868,1252.7299521727816,24935.032322737166,10.812301738493366,9.973953975146786,-348.7123647974775,0.04339667778228834,-0.5237037189065287,0.8486895489651556,0.05980963666711682
112.80000000000001,1352.13175928637,1253.7288310959302,24899.976502636513,10.932156676932252,9.99562286979394,-349.55699743345104,0.051718108037972124,-0.5240666513003821,0.8498735714235801,0.0198568600615858
112.9,1353.2268805770068,1254.7272391327892,24864.828963945758,10.947964861494519,9.963226685160823,-350.41375963327283,0.059419492490020105,-0.5237563984437579,0.8494011215793648,0.02581266474367462
113.0,1354.3177256937454,1255.7202802688716,24829.6026139176,10.848416063872547,9.885972679023178,-351.2443592172437,0.06341643579026708,-0.523372881011478,0.8490549468885425,0.034130342182554466
113.10000000000001,1355.3937320545929,1256.7038908310356,24794.35452121207,10.641526633669221,9.787524498769258,-352.03703119290407,0.06661965247940697,-0.5227854086833127,0.8489343336428974,0.03959464021347363
113.2,1356.450495348221,1257.6781828834567,24759.078519209743,10.424862515520607,9.703135952554168,-352.8244210724944,0.05951220033440735,-0.5227833214987457,0.8494303963633157,0.04029762410064331
113.30000000000001,1357.4888843231308,1258.6458927272352,24723.72108995243,10.270032118010093,9.660794958960551,-353.6413401101204,0.0554812725538,-0.5229266533075799,0.8491184004878775,0.049673791975787245
113.4,1358.5179278788605,1259.6121135459166,24688.276421296538,10.2189293480968,9.674407104883416,-354.4908781640365,0.04736017801730105,-0.524225183129542,0.8495410693227247,0.034999177775616785
113.5,1359.547808035918,1260.582265948295,24652.75380705708,10.304696373505479,9.736772196125484,-355.33394108688424,0.0648971557434589,-0.5237101021420951,0.847624812149406,0.055211103225799286
113.60000000000001,1360.590457259068,1261.560115189291,24617.143164219953,10.505496357422187,9.825967104192936,-356.1448398574738,0.05290430652269956,-0.5240775977114179,0.8482391992081442,0.05508236428393177
113.7,1361.6503635677884,1262.5469646352558,24581.458462682214,10.701657569366255,9.908220458685262,-356.93856101425,0.046696209082420725,-0.5235682478098691,0.8481709626271,0.06558789597824388
113.80000000000001,1362.7290719672308,1263.5404251562106,24545.688191007936,10.857945904857042,9.953057705601713,-357.74972123514056,0.03350183476825221,-0.5242977163535913,0.8500445249865419,0.03760102703349788
113.9,1363.8189521834001,1264.535711580921,24509.835806958847,10.919682167494738,9.942091742546049,-358.59116920131277,0.04364626814135781,-0.5242521236385522,0.8503014318559896,0.015562426592749729
114.0,1364.9086575168612,1265.527356153753,24473.904578697704,10.860401023012413,9.881332735456617,-359.4351092539653,0.05958034721683651,-0.5234559083106551,0.84941407680729,0.030656490370024655
114.10000000000001,1365.9882955853798,1266.511003292306,24437.88414234028,10.695682558676724,9.78785086224972,-360.2464899243599,0.05740004756256091,-0.523221418384212,0.8496775153719618,0.031507169900814355
114.2,1367.049546666706,1267.4852675960697,24401.79045085974,10.48211150477047,9.69751582092498,-361.03212975208,0.05877085583339262,-0.5229746383583728,0.8496606112932207,0.03347177550370693
114.30000000000001,1368.0930223431503,1268.4518764085765,24365.61542092811,10.315352638667898,9.643321993764316,-361.82750017727585,0.05041217724739925,-0.523356972048251,0.8496833410073236,0.03992883930563586
114.4,1369.1239615024683,1269.4157567040904,24329.35684691002,10.2342723987867,9.644669919388452,-362.6551750226376,0.04976098019953127,-0.5236389781488323,0.8489306302976474,0.05140866031387848
114.5,1370.154446309884,1270.3825074603485,24293.018948605983,10.297725509073349,9.699150315510757,-363.49583374680003,0.05414094358552959,-0.5240927074518642,0.8486821135395437,0.04619807768182716
114.60000000000001,1371.1946153142705,1271.3564772198076,24256.59313028093,10.473627907971968,9.784806520242611,-364.3154897197378,0.04723458247434154,-0.5242940561905371,0.8491535621311681,0.04269502057262383
114.7,1372.2511965115532,1272.3394086328822,24220.09354830302,10.669145947469689,9.866470599054256,-365.1100868183709,0.0440962786816208,-0.523840756680776,0.848958811554662,0.05399366750129766
114.80000000000001,1373.326666508317,1273.3286992254941,24183.50887091148,10.823583022385627,9.912130562232106,-365.90849820301906,0.028182514764437918,-0.524261580090681,0.8500253755015126,0.04257232088913125
114.9,1374.413038863608,1274.3199129561183,24146.844998486773,10.88684591726724,9.901833026702143,-366.7333547200571,0.04611612076064663,-0.5241626098551848,0.8502408665474437,0.014742139886829066
115.0,1375.4999887975534,1275.3075375294418,24110.09746048384,10.831510634040393,9.840339434693918,-367.5688129089649,0.048581521626054315,-0.5236844274726065,0.850044847201743,0.028604438902921584
115.10000000000001,1376.5764085822884,1276.2871783326361,24073.266687440537,10.662454202481047,9.74752832860789,-368.3819876215581,0.05304626830852076,-0.5233204014012307,0.8500736921512075,0.026392590024653037
115.2,1377.634404657238,1277.2574329179201,24036.360630270316,10.45415653162962,9.662573386046546,-369.1689051625262,0.05808707249277091,-0.5231561608212367,0.8497837095040893,0.02830495478663256
115.30000000000001,1378.6745885392813,1278.2210081989629,23999.372688067047,10.298198848686248,9.618323865462767,-369.9575061651338,0.04893046937857579,-0.5234875839354672,0.8493831174630742,0.04598780708523691
115.4,1379.7046696384589,1279.1830000637872,23962.303182726075,10.242605901985936,9.632108784598591,-370.7730251545155,0.04995964086771093,-0.523891486224393,0.849065706161138,0.04614294709979059
115.5,1380.736373026881,1280.1492878073689,23925.15326463904,10.333259006702153,9.697244446992785,-371.6032847624616,0.053009653564875456,-0.5240881850876632,0.8490542787683171,0.040353222741985544
115.60000000000001,1381.780422331948,1281.122883636659,23887.92227891826,10.530859077911831,9.783412673685918,-372.41507873968123,0.040305221514696864,-0.5241310389337833,0.8494989759920927,0.04487352151581075
115.7,1382.842850937179,1282.1051159716314,23850.613015573177,10.716566034716076,9.853117767977151,-373.20410788086997,0.03134910639908709,-0.524088589948403,0.8497318552568798,0.04800164138417059
115.80000000000001,1383.9216002475862,1283.0920406544662,23813.22311120499,10.838828546943002,9.87635496751335,-373.9967767919633,0.03263275323695638,-0.5243122459538877,0.8503059477264026,0.03180514769766295
115.9,1385.0071921665342,1284.0783693120165,23775.749808491397,10.848983186951294,9.840796991608604,-374.8129289361338,0.045332316590341364,-0.5239842699688417,0.8502988491286225,0.01942506289084022
116.0,1386.0874688723607,1285.0587623896113,23738.196398022275,10.737208849365212,9.76028971782656,-375.6343148620643,0.04913142108458021,-0.5234612164771107,0.8502036986527216,0.026983867471977344
116.10000000000001,1387.1524970497135,1286.0303162591358,23700.564444527714,10.533605343737776,9.66952965505449,-376.43428392792083,0.051472844285150525,-0.5233901687719767,0.8502854443002333,0.02068672872141305
116.2,1388.1986636684376,1286.993787966282,23662.85455467676,10.36075164146777,9.607061166718058,-377.2121038462777,0.04492780855132844,-0.5238448142541858,0.8501953869765291,0.027127597785327497
116.30000000000001,1389.2317098635597,1287.9535624606124,23625.064273570595,10.256883397959916,9.600378921621342,-378.00071593473547,0.04576270776477013,-0.5238915018993444,0.8492639050064001,0.04684323290471451
116.4,1390.2622708722472,1288.9158004141143,23587.197254715553,10.30034841142324,9.651178761985248,-378.81202461560224,0.05202451662372112,-0.5241572779693212,0.8493813472584141,0.03322536006338065
116.5,1391.3024326767852,1289.8847080305031,23549.243389214447,10.46887850378634,9.73274402196466,-379.62418572299777,0.03796034053053377,-0.5243428273178782,0.8500317947987834,0.0327041254012209
116.60000000000001,1392.359059816422,1290.8618626323023,23511.214999023185,10.662969249951523,9.80688670953693,-380.415164021862,0.03289034234413912,-0.5241656141552969,0.8500254169031016,0.040316559084252225
116.7,1393.433024761406,1291.8445761018593,23473.107143189147,10.798982200247593,9.838929159367023,-381.19492031756306,0.031477604219627774,-0.5241013990132123,0.8500144525178465,0.04245367470280692
116.80000000000001,1394.5152293916194,1292.82760680358,23434.919116578167,10.822605162980658,9.811378546287244,-381.9894068816181,0.03532661987370489,-0.5242298705519994,0.8506583464943676,0.0177609202689819
116.9,1395.594039694596,1293.8052541045072,23396.650011245034,10.726827843604411,9.735557596472953,-382.79758710226105,0.03485551928025961,-0.5239033335861026,0.8508377861232053,0.019632919753187664
117.0,1396.6583372535374,1294.774379690724,23358.301599887043,10.53611060048836,9.646586700536949,-383.5946731237727,0.03902343434907631,-0.5237158273744251,0.8507263191704098,0.02153215269987787
117.10000000000001,1397.7042875084305,1295.7355625859723,23319.878958316032,10.367952161364894,9.58623178064038,-384.369721351578,0.042900507723221196,-0.5239868635507049,0.8503666046302881,0.021770415543578378
117.2,1398.7375707885378,1296.693397473313,23281.376618955677,10.269077468656326,9.58105287033723,-385.1436601024312,0.04735981960960311,-0.5238903434180908,0.8492948916869288,0.0446558228488577
117.30000000000001,1399.7692796569106,1297.6536763952386,23242.794772683665,10.320325422490365,9.632968594743348,-385.9377391841234,0.04549662831947798,-0.524254764187888,0.8497335209142515,0.03224813905530991
117.4,1400.8109423689746,1298.6209663162676,23204.132259758408,10.489690836467926,9.713824280694444,-386.738745607715,0.03880086062527824,-0.5242435754395994,0.8501391721725399,0.030439362063478824
117.5,1401.8694926183198,1299.5959358683028,23165.392921203944,10.673246229770387,9.781101065996513,-387.52217018861296,0.027847265821938152,-0.5242331581776583,0.8503331763003541,0.03657341843841868
117.60000000000001,1402.9434346147802,1300.5755197136596,23126.574624660883,10.783985049153411,9.799429206887357,-388.2925217433385,0.027547446778745596,-0.5241996897734486,0.8503177705055648,0.037623298364686954
117.7,1404.0225771712583,1301.5538669365642,23087.680065472254,10.776099906836533,9.758375104916128,-389.0737953389017,0.030787432186783904,-0.5242267138101366,0.8508180975447803,0.0186293166125264
117.80000000000001,1405.0952397873223,1302.5261557109638,23048.70270510907,10.65700484269402,9.678995556536629,-389.86925391377423,0.034356402147036454,-0.5239336294282807,0.8509160136670837,0.015972703920734427
117.9,1406.152800135629,1303.4898404764615,23009.65151485551,10.472718735019958,9.59907269746598,-390.6546882069626,0.04059632983452391,-0.5238238821441861,0.8506206784990581,0.020123116288547266
118.0,1407.1935057717674,1304.4472391965633,22970.52202006609,10.329635185623191,9.5591766867525,-391.42063914529325,0.04201474301403685,-0.5240136810451415,0.8500612624308355,0.03225327210500433
118.10000000000001,1408.2257970347657,1305.4036775531094,22931.3138122675,10.286762734889766,9.578652922391313,-392.18757119634535,0.04388826660285619,-0.5241258622591324,0.8496402506746723,0.03843624590406439
118.2,1409.2613275342383,1306.3645585375757,22892.02990391774,10.387870854260688,9.643152615285892,-392.9713148209891,0.03756947744433556,-0.5243881022203791,0.8502403488288205,0.026400792369058526
118.30000000000001,1410.3099408700616,1307.3326160717295,22852.66584566243,10.573343523939183,9.716858433634103,-393.7568857288815,0.031004133261614945,-0.5242816663356241,0.8504541516615572,0.02992012678212102
118.4,1411.3750635518452,1308.3068478675168,22813.227626118583,10.719114870290968,9.759372456845313,-394.5256096002996,0.024897771706882687,-0.5243162335572993,0.8506189016222657,0.030332695153079587
118.5,1412.4504995362274,1309.2826375359152,22773.70982354825,10.768602235406465,9.745571981757829,-395.28689645845867,0.01893120007757755,-0.524243812858985,0.8506911529905522,0.03368377304134374
118.60000000000001,1413.5241140311298,1310.2542903180326,22734.11569024213,10.69041756880013,9.681969139974532,-396.06204702496245,0.030069403221527208,-0.52409883750723,0.85093925823443,0.017849882602117013
118.7,1414.5862490382158,1311.2184705544607,22694.44264078347,10.535643420240236,9.602624555492,-396.84347011436296,0.032138691517319934,-0.5240049420486151,0.850962668730036,0.015762666146212287
118.80000000000001,1415.632229843021,1312.175690148794,22654.695144141104,10.385317996104765,9.549519176671991,-397.6094502860251,0.0420101124818552,-0.524077430362711,0.8505009827132406,0.015035818484254632
118.9,1416.6672241467006,1313.130223770484,22614.87174560897,10.301910523315703,9.55074953602824,-398.363931786644,0.040056190178721966,-0.5243153296282866,0.8501985810280618,0.025520767288963114
119.0,1417.701680659113,1314.0873531536301,22574.970333578603,10.35757897107999,9.601019052358733,-399.1279618136936,0.038171878381089513,-0.5243388157771606,0.8502175843616616,0.02723551380982242
119.10000000000001,1418.7467188536357,1315.0508152267782,22534.993811140033,10.523155441652538,9.671438931913727,-399.9024577589814,0.03260909123007136,-0.5242964281527389,0.8505290241548759,0.025500620886231822
119.2,1419.8070472857712,1316.020763642469,22494.939414015884,10.672494763959978,9.718487139606614,-400.6681242724482,0.027830142786283808,-0.5242209328043684,0.85059573366279,0.030079804468659124
119.30000000000001,1420.8784085337952,1316.9929735685014,22454.809758399526,10.735392159973765,9.715130369649582,-401.42054419404417,0.021893597353740437,-0.5242561223367728,0.8507736957498709,0.029330993972739545
119.4,1421.9502253156159,1317.9620189897066,22414.60236686864,10.682456464010018,9.660081990622553,-402.17801171686693,0.026306330246275707,-0.5241813250944618,0.8510044232104852,0.0182588906392839
119.5,1423.0123548679064,1318.9242731282854,22374.321526669122,10.543392976703126,9.585578970625324,-402.94556591059177,0.030187244057813225,-0.5240949315395718,0.8510251890921341,0.013013860358208078
119.60000000000001,1424.0590130390306,1319.8799077215403,22333.963044130083,10.397346623059104,9.533324532416279,-403.70599950031374,0.04055518467028116,-0.5240775859446014,0.8505418544839618,0.016628730493381996
119.7,1425.094642512481,1320.8326672872556,22293.531166877332,10.31065626265582,9.532090525988803,-404.45248800524854,0.03764804612848832,-0.5243167661092546,0.8503574772949125,0.023805759976793885
119.80000000000001,1426.1297377665278,1321.7879477279198,22253.023056797207,10.364876093816868,9.580560193297575,-405.201730274705,0.03839289097114506,-0.5243162418398386,0.8503075390855559,0.024403963614370857
119.9,1427.175124887747,1322.7492803572566,22212.438657107145,10.522846227070902,9.645972551470953,-405.96112850502476,0.027986453763536156,-0.5243755641453489,0.8507454215336233,0.021891867726764835
120.0,1428.2345303605846,1323.7162650374892,22171.780748271594,10.659307140547186,9.686823533032946,-406.7155241096962,0.026974208289280252,-0.5242268798160177,0.8507289741410082,0.02681013096791207
120.10000000000001,1429.3038407717884,1324.6848440016356,22131.04813464808,10.706002908938613,9.675735016059383,-407.4571418768873,0.017499270420128825,-0.5243532563840675,0.8510910671093492,0.019784679447920558
120.2,1430.3719394041075,1325.650007378814,22090.24131883475,10.63738055715681,9.619013114133224,-408.19996938352926,0.022648663601387536,-0.5242217486983998,0.8511145239308896,0.016812595949411778
120.30000000000001,1431.4297445204566,1326.6083650792586,22049.356458789385,10.499880977025601,9.54907943582252,-408.9515347850599,0.02845365243401181,-0.5241889207198633,0.8510582189145901,0.010782999380285214
120.4,1432.4728382411238,1327.560880223369,22008.39980316674,10.37198776587122,9.509997060565357,-409.69803929049687,0.03817500679488202,-0.5241815881967274,0.8506073936845671,0.015601066018551312
120.5,1433.5080826432825,1328.5120267347872,21967.370195247047,10.322089460370195,9.52325829375736,-410.4313282689665,0.03436551600393874,-0.5243445269572323,0.8504819225675528,0.02371345073114479
120.60000000000001,1434.545834780265,1329.4669142285243,21926.26725203234,10.408175346610905,9.578373976357925,-411.1661235329092,0.03376001924458275,-0.524312783695312,0.85052057010982,0.02389823789205626
120.7,1435.5947692935804,1330.4277784552855,21885.088238153327,10.562036508430829,9.636002751462556,-411.909613104612,0.02660066758235929,-0.5243425831261369,0.8508823027024812,0.01888298049848628
120.80000000000001,1436.6569203452086,1331.392819770369,21843.835414699923,10.661787936364956,9.655925593152697,-412.647087818508,0.0203786764427263,-0.5242705177924563,0.8509813776034183,0.023576019432065557
120.9,1437.724147882982,1332.3571990930407,21802.512001374893,10.66125968252429,9.624385837653582,-413.3738273629417,0.011470800596675901,-0.5243512471938192,0.8512550157167431,0.01700260324318336
121.0,1438.7861028320601,1333.316725543368,21761.11273563842,10.560554077655837,9.560790107115213,-414.10351012973206,0.02408061348745409,-0.5241977415703613,0.8510680392518698,0.017889783413404647
121.10000000000001,1439.8353892615028,1334.2698721956024,21719.642221932583,10.425802156373983,9.506384127176636,-414.83904818589133,0.02998591593433267,-0.5242774275984005,0.8509838871700832,0.007774801172915075
121.2,1440.8733630328447,1335.2194578018837,21678.097857841305,10.336025757878978,9.494911612705828,-415.5661940942197,0.034552875341163136,-0.5242991324674059,0.8506577188072862,0.017261631822267285
121.30000000000001,1441.908983183993,1336.170546421611,21636.479411477652,10.36234926617316,9.532897626910438,-416.284654329909,0.031201604521112727,-0.5243437498431676,0.8506140191526042,0.023364124138667532
121.4,1442.9523097095596,1337.1266709855247,21594.793384119836,10.494130712870664,9.590149320770278,-417.0074705107375,0.026694384971027583,-0.5243613094689394,0.8508617304621497,0.019155745299877156
121.5,1444.0078450685887,1338.0877454931533,21553.03207459636,10.610051392150313,9.624065727601366,-417.73382419409677,0.021919523137676575,-0.5243018732073436,0.8510446457449428,0.018710724346006402
121.60000000000001,1445.0714493917828,1339.0499094190714,21511.20032952648,10.641360652997482,9.609697366119965,-418.4514819904239,0.012974570339730433,-0.5243142388989052,0.851212260172859,0.019076885064761854
121.7,1446.1329559715805,1340.0084915856046,21469.29473164288,10.57308211687697,9.555992896092508,-419.1636719527911,0.01990903687987712,-0.5242471267128741,0.851123510540329,0.018903708348315618
121.80000000000001,1447.1843450956853,1340.9611120940422,21427.319233737104,10.450391197860979,9.499648697329526,-419.8808715966873,0.028140988191739033,-0.5242703171455385,0.8509989436540777,0.012227724373444746
121.9,1448.2244204356466,1341.9096227481398,21385.272396858923,10.353361943887602,9.478964906393564,-420.5970239655019,0.031069841344372386,-0.5243405466757427,0.8508558734179267,0.012080510785392533
122.0,1449.260071866751,1342.8585510901119,21343.154323741655,10.352037618522411,9.506304099411228,-421.3031117330611,0.027776403798323416,-0.5243826096374908,0.8507885353161065,0.02025384596765567
122.10000000000001,1450.300864883696,1343.8116132988453,21300.966192835585,10.459561343324637,9.558000247010169,-422.00766353833234,0.02450458687933557,-0.5244053028975434,0.8509590782432253,0.01634780322396295
122.2,1451.3525795367023,1344.7695230945033,21258.706180360256,10.570497240791855,9.594140750194029,-422.7173303118688,0.020326631469127637,-0.52433448620788,0.8511064836010733,0.016671178676162763
122.30000000000001,1452.4125654126906,1345.7289467714766,21216.375923367763,10.611631059847623,9.585671504080091,-423.4226940342322,0.015511432365396809,-0.5242829257333634,0.8511978128144843,0.018684022861157917
122.4,1453.471688556485,1346.6852736736062,21173.976185722513,10.555679379212345,9.537499652379276,-424.12049787016383,0.017522343058101162,-0.5242962957773446,0.8511952901802209,0.01652088686841242
122.5,1454.5219484450308,1347.6362398091446,21131.5054453743,10.444311659301379,9.485415150349203,-424.82014793858707,0.027018579301640134,-0.5242891457717426,0.8510005930625814,0.013743311303767882
122.60000000000001,1455.5616019693591,1348.583429402934,21088.96590845101,10.35706493498619,9.465616487371648,-425.52124857435564,0.026963452148311293,-0.5244045509490844,0.8510025970039574,0.008210912534850776
122.7,1456.5971367809184,1349.5308834898854,21046.356181946136,10.353639050508434,9.489627865230126,-426.21432147486314,0.026228233327408843,-0.5243703722327295,0.8508864247261564,0.018441386004602253
122.80000000000001,1457.6378511883051,1350.4821066812106,21003.678159788706,10.455069587324077,9.536028557069253,-426.90312966492036,0.02288386643113724,-0.5243904486209394,0.8510257942076274,0.01568705343806698
122.9,1458.6884222731169,1351.4374920106816,20960.93031420274,10.55321824068583,9.565277592076981,-427.5958081744041,0.017818503088075744,-0.5243300515613463,0.851142454045192,0.01780508071603308
123.0,1459.7459916182336,1352.3938013687862,20918.114017207816,10.58147666924145,9.552956814950596,-428.2861124669207,0.013997485106002093,-0.5243139596435283,0.8512476602738567,0.016624169510583185
123.10000000000001,1460.8016946063458,1353.3469712849262,20875.228482167204,10.519211607196906,9.5067309317068,-428.9693863790277,0.01881496607548148,-0.5243092220901997,0.8511655534667665,0.016218423917300495
123.2,1461.8485916457782,1354.2952300099937,20832.274624985643,10.415047985816594,9.462174562289107,-429.65270430119256,0.025509549239254272,-0.5243295692893195,0.8510128175109974,0.014316078320568052
123.30000000000001,1462.8862532279256,1355.2406002755545,20789.251401974165,10.347893021857594,9.452771293867796,-430.336411108876,0.026358414266529552,-0.5243950097044706,0.8510255481682226,0.008403818142872948
123.4,1463.9220081428755,1356.18706083685,20746.164001979443,10.371355327034093,9.482460415136583,-431.01305683932435,0.024986059718465393,-0.5243574855959505,0.8509790269130666,0.0161127239574312
123.5,1464.9640405529476,1357.1374287863564,20703.006286532873,10.46994442452721,9.523011212916543,-431.68496909418167,0.01964785305474608,-0.5243758761786251,0.8511114275983175,0.015913521413953573
123.60000000000001,1466.015493172218,1358.0908359386842,20659.78233356994,10.545333945143955,9.538357253068696,-432.35876589849653,0.01565206984571354,-0.5243475381944164,0.8512272144653726,0.015063241766712933
123.7,1467.0707603215517,1359.0436649866274,20616.490481762943,10.54385925001447,9.512547713496584,-433.02913093095583,0.013901161927390302,-0.5243370125567162,0.8512706405515233,0.014688481717512065
123.80000000000001,1468.1216556318534,1359.9927363151,20573.133431560713,10.464180029484009,9.466053614927082,-433.69280451115947,0.01880769491955334,-0.5243611000972471,0.8511683242922053,0.014289542967386566
123.9,1469.1633701044555,1360.9375269476132,20529.708704656867,10.374745230146843,9.43605864348852,-434.35611339475616,0.023720713659920397,-0.524381895913698,0.8510665826725144,0.012108956996701606
124.0,1470.1989077257126,1361.8812351604283,20486.219049179548,10.347748705914922,9.444543962033661,-435.01837073010125,0.02304847464933989,-0.5244053110543184,0.8511022963097128,0.0096290586609632
124.10000000000001,1471.23639663944,1362.8273331915882,20442.66292390923,10.410589824830025,9.480537654595254,-435.67395851125053,0.021935982001295366,-0.5243561950455087,0.8510850295249047,0.014955464875005214
124.2,1472.2818708915988,1363.776978910321,20399.040923197314,10.497638650448728,9.508549108585488,-436.32661670104375,0.01644030363004619,-0.5243762944337155,0.8512171035291695,0.01373538903448411
124.30000000000001,1473.3341223303776,1364.727768938862,20355.354517938787,10.532353268268798,9.500380736388056,-436.97975897304116,0.014703694593383993,-0.5243433126393563,0.851262159891484,0.014164285812434268
124.4,1474.3857660580995,1365.6760551888938,20311.60320004319,10.486927048297085,9.461453359013419,-437.62737820589535,0.01616669679076572,-0.5243494317047552,0.8512204705833295,0.014833133373320017
124.5,1475.4302082265192,1366.6201642221524,20267.78643017393,10.399910438446739,9.42405781458082,-438.27025663993965,0.0196972712747997,-0.5243915958889726,0.851145751958807,0.013280835358524277
124.60000000000001,1476.4671161807532,1367.5619241519507,20223.906301273473,10.349964825247511,9.418040591004262,-438.91361620382065,0.02335285882750154,-0.524394817077455,0.8511247399454821,0.0071691603149061965
124.7,1477.5031048262165,1368.504853732356,20179.962563389992,10.381332555061116,9.444957328155954,-439.55346245585037,0.022333647713534275,-0.5243592069318168,0.851127903594166,0.011398333608211544
124.80000000000001,1478.5449246506068,1369.4509916381708,20135.954537551814,10.459017418313017,9.474975275116872,-440.1873275861597,0.01702758314721397,-0.5243606370584944,0.8511919214505547,0.015109486195342784
124.9,1479.5939328955117,1370.3989248062787,20091.882881912836,10.510606484133993,9.476893682121338,-440.8206329037341,0.011915590100867008,-0.5243734895648358,0.8512801326979199,0.014580734822260586
125.0,1480.644382915381,1371.3453271984542,20047.749235640727,10.486880115124888,9.445718531299642,-441.45150845270996,0.01597822563183867,-0.5243514497041337,0.8512427761414972,0.01363779915339783
125.10000000000001,1481.6898283776065,1372.287886707701,20003.57649322066,10.413504883346421,9.40758660518066,-442.0760745923354,0.018147607929453205,-0.5243863238516945,0.8511898001621624,0.012867469978305724
125.2,1482.7278925242126,1373.2277476861618,19959.499780844573,10.357784918012213,9.395786142860933,-442.69894819326385,0.021460939967454136,-0.52439021276862,0.8511487302348617,0.01000858770143211
125.30000000000001,1483.7636559305529,1374.1681200081582,19915.35939672925,10.37089627771907,9.416433775901304,-443.32060016109585,0.02147865248714197,-0.5243781220190095,0.8511876889149627,0.006765417559770708
125.4,1484.8038824004998,1375.111209316618,19871.15803757871,10.438637019812784,9.444339411089048,-443.93685160920336,0.016805857713524875,-0.5243525731321389,0.8511977639703425,0.015307148921553175
125.5,1485.8508990008684,1376.056122073623,19826.89475510616,10.49104346844135,9.448011108590435,-444.55040637436235,0.012393679132279095,-0.5243728398013597,0.8512654361311722,0.015055857485664672
125.60000000000001,1486.9000519680662,1376.999781046323,19782.570665099574,10.478688945353865,9.42047816703615,-445.1622566723055,0.015347587735026622,-0.5243495665889455,0.8512324509829274,0.01500992879059174
125.7,1487.9450049220434,1377.940008755553,19738.185621256038,10.413929027554985,9.38526314708731,-445.7683743266493,0.017235036776535116,-0.5243742802765213,0.8511966018747916,0.014103639551524282
125.80000000000001,1488.9833755703025,1378.877657148209,19693.739528454,10.361493966959852,9.373347175210306,-446.37140848775147,0.02012716799779403,-0.524379948224866,0.851163179014887,0.011908387688801586
125.9,1490.0195403576477,1379.8157017829933,19649.232307042173,10.37376799643539,9.391294684725315,-446.973714158337,0.020364622258101317,-0.5243830746392066,0.8512176069648497,0.006021526820663027
126.0,1491.0596479104722,1380.7561200387481,19604.66754364984,10.434296514562504,9.41545084714707,-447.57145742934466,0.0168042169707487,-0.5243606704499707,0.8512260415562122,0.013331607322415475
126.10000000000001,1492.1058371595288,1381.6979416931242,19560.041715023446,10.480773386767366,9.41580099439702,-448.1657802828148,0.012865749825103898,-0.5243699655871339,0.8512546480429567,0.015366712623325871
126.2,1493.1537920861565,1382.6383723577749,19515.356722796627,10.466520916872405,9.388665098936773,-448.7579812177261,0.01515346492780154,-0.5243577299618877,0.8512273954367512,0.015207392539907374
126.30000000000001,1494.1976368336475,1383.5756253911163,19470.612412482344,10.406607874508271,9.357776098482834,-449.3450561689973,0.017377304881900733,-0.5243692268317167,0.8511986149012022,0.013995042594567096
126.4,1495.2357657278553,1384.5107587541218,19425.810530815303,10.365327558945603,9.35017818381547,-449.92853266623393,0.019070302942810608,-0.524380515965268,0.8511951856499443,0.01132051006030999
126.5,1496.2727007667454,1385.4465317951049,19380.948364892414,10.383968247109172,9.368171908729407,-450.5108396402121,0.01902771883888508,-0.5243840541061225,0.8512438804281643,0.006570064582379418
126.60000000000001,1497.3137643571822,1386.3843765129147,19336.030780192887,10.441380982711769,9.386193083496414,-451.089267507336,0.016186348531741016,-0.5243660898803773,0.8512434440178873,0.012759503177602972
126.7,1498.3600983269437,1387.3229574802792,19291.05425073404,10.475072181886206,9.380264259762203,-451.6641488360787,0.013666489572523007,-0.5243647355035694,0.851238448804331,0.015746571062691568
126.80000000000001,1499.40699268242,1388.2596888017251,19246.020054174867,10.451560102443409,9.351874604026419,-452.23639727348495,0.015571183537294388,-0.5243616338592146,0.8512219504837047,0.014953467639988957
126.9,1500.449392816929,1389.1934969099093,19200.929058153743,10.395840730785741,9.32739672488411,-452.80351874370916,0.018288141375175086,-0.5243692975992753,0.8512081343629883,0.012128298090217794
127.0,1501.48726543958,1390.1259701903598,19155.781001293595,10.371268521400726,9.327074609367248,-453.36723793776736,0.01725732650259945,-0.5243885653820131,0.8512372323686611,0.010676675883387759
127.10000000000001,1502.5256233083087,1391.059513686791,19110.577155520234,10.403501668456556,9.345002941482983,-453.9294187181487,0.017074387121482106,-0.5243853813178241,0.8512700498383016,0.008230395669801
127.2,1503.5686030738632,1391.9946707062716,19065.316497149128,10.45556376545222,9.35456254889712,-454.4878093608106,0.014930036785567582,-0.5243651676103371,0.8512527901215683,0.013673050457368715
127.30000000000001,1504.6153981555412,1392.929639827238,19020.00084246025,10.470250441864167,9.340354334137631,-455.04281857691655,0.01384550605304816,-0.5243628153956617,0.851243498892107,0.015376780755204336
127.4,1505.660902079805,1393.8623574116486,18974.62900162581,10.433557146705255,9.314083340749416,-455.59455055600927,0.01622737965557141,-0.5243519387745452,0.8512211963701144,0.01463527598375359
127.5,1506.7018929683632,1394.7928895103398,18929.20360017559,10.388646545317018,9.300194423005735,-456.1411987912674,0.01702812084825972,-0.5243626817247679,0.8512294046493092,0.012740556313187235
127.60000000000001,1507.7402598474446,1395.72313128855,18883.7223378616,10.38861154208486,9.307988040658177,-456.6850404638912,0.015712135871147115,-0.5243806609875861,0.8512717939771904,0.010695043124957554
127.7,1508.7810276228706,1396.6546837276426,18838.186884964318,10.432106352592477,9.321795518807512,-457.22678085920506,0.014421964865919481,-0.524379899491478,0.8512958206917554,0.010637368634403599
127.80000000000001,1509.8264378773115,1397.5869344637426,18792.597741927544,10.469394438717819,9.319442468778561,-457.7647447879934,0.013658200037309701,-0.5243552381883801,0.8512553930579988,0.015142441871114704
127.9,1510.8733190940447,1398.5179492197033,18746.953952104857,10.459166496044503,9.298486911986506,-458.2993961838351,0.014186541504278493,-0.5243412015499455,0.8512280729346269,0.016607656225624306
128.0,1511.9171827167327,1399.4466785759423,18701.258000343405,10.416164530621339,9.278577334025822,-458.8294885936203,0.015901228314640744,-0.5243514848164805,0.851246882971301,0.013469058633851588
128.1,1512.9573264788223,1400.374269764694,18655.508832444426,10.39457080432002,9.277136472543257,-459.35393126253473,0.014327838901518612,-0.5243673549937772,0.8512737602272106,0.012906401429822073
128.20000000000002,1513.9976532541273,1401.302575898906,18609.70724685128,10.4203969044915,9.289540161379842,-459.87496637091004,0.01431334260989099,-0.524373253495452,0.8512996326615846,0.010805307592897597
128.3,1515.0419947494245,1402.2319051841766,18563.85354662357,10.463953026913968,9.29422364750174,-460.3920500591018,0.014059177295330969,-0.5243546813829245,0.8512781066559512,0.013419864896832775
128.4,1516.0892853768837,1403.1607619472622,18517.94797158439,10.473297220281822,9.280116837845949,-460.9044548402746,0.01298639224383854,-0.5243443459853513,0.8512564208599341,0.01602705195655085
128.5,1517.1352409034207,1404.0877143055195,18471.991809019706,10.44094990833834,9.259602467969959,-461.4120906039314,0.014942365153916193,-0.5243367952100111,0.8512498259166642,0.014879004985245371
128.6,1518.1775770975808,1405.013152464454,18425.985582987054,10.410501080398369,9.252499829023384,-461.9139315208102,0.01444519563365768,-0.5243446398161701,0.8512662681006722,0.01413420719782245
128.70000000000002,1519.2188220071735,1405.9387670445296,18379.92831880303,10.422674279193892,9.261479645958117,-462.4111708392754,0.013437850854279577,-0.5243647853817351,0.8513033004599678,0.011986936303774242
128.8,1520.2631143018157,1406.8653826801074,18333.82170396579,10.463562410488775,9.268773161326353,-462.9050207686094,0.012375443697627568,-0.5243615146112954,0.8513074884689448,0.012938719586286639
128.9,1521.3108126072343,1407.791961233492,18287.665766764683,10.482685882019164,9.25975967527869,-463.3944026362147,0.012538631984853325,-0.5243459195338571,0.8512826056797131,0.014901833554970958
129.0,1522.358299004097,1408.7170182824796,18241.46080810465,10.460927062562927,9.241061453031849,-463.8789794109432,0.013834636408381965,-0.5243289547833598,0.8512614383597193,0.015547140347313604
129.1,1523.402738191587,1409.6405263160834,18195.2084394932,10.430488411941154,9.231657965073406,-464.35807874644644,0.013694171892049248,-0.5243495785124005,0.8513023748462,0.012419973883991239
129.20000000000002,1524.445658038395,1410.5638972287643,18148.907594029257,10.435336467485602,9.237985072741113,-464.83178227775056,0.01303176516134751,-0.5243501767398577,0.8513028137906934,0.013060799428344186
129.3,1525.4908569889812,1411.4881524817638,18102.55919504454,10.471580617796064,9.24580203207721,-465.3018990522665,0.011904509950808332,-0.5243634065615735,0.8513279881684953,0.011914573553233512
129.4,1526.539465690119,1412.4125601759658,18056.16461392205,10.494384388335128,9.239583535715566,-465.76794487235037,0.01240726330906143,-0.5243377441505778,0.8512903905037226,0.014854659615163331
129.5,1527.5883705686751,1413.3356994076685,18009.72333738408,10.478396903678068,9.222882459776317,-466.2291841228358,0.012658382455734517,-0.5243251967240092,0.8512786630805547,0.01573185360079244
129.6,1528.6347982668779,1414.2573888904017,17963.23552529419,10.451527838175409,9.213300726192788,-466.6850094472287,0.012707864485108938,-0.5243366147106303,0.8513059819334186,0.013702181519817846
129.70000000000002,1529.6797609914734,1415.178880879851,17916.702926353424,10.4542612912994,9.21844299029637,-467.1352789514357,0.01221065788384728,-0.524352140966357,0.8513282748549212,0.012078929198619569
129.8,1530.726696414169,1416.1011394741436,17870.12464434568,10.48732955820798,9.225474871484451,-467.5815324961645,0.011803643880645736,-0.5243609420620826,0.8513411880220587,0.011156074941210126
129.9,1531.7768063441565,1417.0235479145708,17823.50246503438,10.509476158997934,9.220075406143467,-468.02392652917797,0.011901872085071801,-0.5243341515328362,0.8513041730158255,0.014603012807390419
130.0,1532.827388562186,1417.9448438596298,17776.835636020853,10.496719186474092,9.205416907663384,-468.4615575253215,0.011856447633355152,-0.5243222779059146,0.851296865211592,0.015466765078283769
130.1,1533.875796526253,1418.864872216894,17730.125352711955,10.473536248418425,9.197562490124563,-468.8937864280249,0.01162340034839836,-0.524330125094239,0.8513179944536409,0.014159406853084911
130.20000000000002,1534.9230910036722,1419.7848062584271,17683.372273325935,10.478769788792205,9.202679635355961,-469.3205069476353,0.011268061540162709,-0.5243555543837665,0.8513540521299191,0.010980040891873303
130.3,1535.972471587465,1420.705418529736,17636.57614197893,10.510184898718029,9.208340236066812,-469.7428557559758,0.010947297909507629,-0.5243546182734664,0.851348648288611,0.011741806544255613
130.4,1537.0246734773868,1421.626050319313,17589.73757980261,10.528564555644232,9.202136477035909,-470.161415460491,0.01142315180118574,-0.5243280840073907,0.8513144188806077,0.014605893674779512
130.5,1538.0771092495654,1422.545629804591,17542.857681418307,10.515582288326032,9.189461515510295,-470.57518128189855,0.011825085987993044,-0.5243146607195684,0.8513071354449051,0.015181074945161547
130.6,1539.1276674884818,1423.4642290245158,17495.93622029534,10.498563411820083,9.18465117122041,-470.9836321585931,0.01090209735239545,-0.5243255621593843,0.8513308967996878,0.014126333346058704
130.70000000000002,1540.1778115085947,1424.3829034807018,17448.97470470676,10.509787879848995,9.190164666867897,-471.3864287416335,0.010746428166902024,-0.5243466932600569,0.8513576901779429,0.011625098871632968
130.8,1541.2302169703944,1425.3021718458585,17401.972144474752,10.53923126552076,9.193710332342054,-471.784913538541,0.010350596643086057,-0.5243447063191811,0.8513507673408632,0.012544522801099037
130.9,1542.285000197477,1426.221263699559,17354.92977678941,10.550968043708702,9.186457276316247,-472.17940313992784,0.01099853009731818,-0.5243198764389655,0.8513228011575346,0.014737290660612681
131.0,1543.3395560825281,1427.1393646047804,17307.848570303224,10.537312924622007,9.176061107340239,-472.56921449149365,0.01098895010714166,-0.5243117588775763,0.8513244396115689,0.014937235296180582
131.1,1544.392646142655,1428.0567931069195,17260.7280164009,10.528344941739425,9.174494665927842,-472.9534783724962,0.01064824624952877,-0.5243212879427704,0.8513415516085986,0.0138334509977691
131.20000000000002,1545.4461752004443,1428.9745304454552,17213.569618188936,10.546293984400053,9.180471377452214,-473.33233496987935,0.010196929463625336,-0.5243350002851495,0.8513546279483204,0.012811228530606308
131.3,1546.5021487068552,1429.8927122860807,17166.37277473433,10.572281590994773,9.18153602244237,-473.7068687650365,0.010054998474634909,-0.5243315821396486,0.8513492646768689,0.013405913275967282
131.4,1547.5597995149942,1430.8105139213876,17119.138637493055,10.575974693167003,9.17334566917025,-474.07735834028665,0.010709955551962873,-0.5243101780932927,0.8513300462284267,0.014875697918401251
131.5,1548.6168046086918,1431.7274219691951,17071.8676173563,10.563450973915616,9.166059008005016,-474.4428863881177,0.010821345468373787,-0.5243040596474469,0.8513317945116284,0.014910639592956418
131.6,1549.673012348216,1432.6440491063206,17024.55977064009,10.564973595933154,9.16811769782767,-474.8028811452665,0.009835488858155121,-0.524317474931935,0.8513501153621695,0.01405096839158864
131.70000000000002,1550.7305252346525,1433.5611461420788,16977.216716179722,10.587946711525417,9.173395241874864,-475.15767774454247,0.009705902017883489,-0.5243219636346589,0.8513498422990344,0.013989994057318846
131.8,1551.7904402966305,1434.4784608909456,16929.83762414444,10.606834135030619,9.171284234178488,-475.50819351318916,0.009822619781166726,-0.5243090578155839,0.8513391737256261,0.015004643059318534
131.9,1552.8511397597726,1435.3952000272923,16882.423598432742,10.603825734290137,9.163435573636983,-475.8545093865261,0.010454768176045738,-0.5242830442155001,0.8513180395176314,0.016600691623227287
132.0,1553.911079045948,1436.3113124893491,16834.974681864813,10.596680583187586,9.159982280903616,-476.1956715215044,0.009764312060616674,-0.5242761301617355,0.8513145111671983,0.01740116745428871
132.1,1554.9711594343803,1437.227375144811,16787.492404760833,10.608662367755686,9.16162030884217,-476.53124364305523,0.009853443681154822,-0.5242839163302168,0.8513222750821431,0.016723297343422136
132.20000000000002,1556.033204366333,1438.1436080910867,16739.97616153691,10.63146573921035,9.16240587854815,-476.8619382120251,0.009819048903461846,-0.5242855768795357,0.8513280985456234,0.016391729055143214
132.3,1557.0969978520866,1439.0596971858993,16692.42649187264,10.640860332059153,9.158677574273911,-477.18839915934075,0.01027972768099322,-0.5242615210579085,0.8513098095495438,0.017770562781528314
132.4,1558.1608619386082,1439.975316159432,16644.844786007998,10.635533000355089,9.154012888458263,-477.51039673107755,0.010445065340752322,-0.5242407680855898,0.851292545537515,0.019066189952799684
132.5,1559.2243965973298,1440.8906347910638,16597.23033898117,10.638402717214344,9.153077933278235,-477.82706928019127,0.010649024306660088,-0.5242377201656359,0.8512870416952029,0.019281692837580317
132.6,1560.2891277904193,1441.8059901049799,16549.584701837928,10.658091177946481,9.153927414660235,-478.1382580261061,0.010758493823080688,-0.5242422325477535,0.8512921983424703,0.018866093004388365
132.70000000000002,1561.3559167155008,1442.7213007002076,16501.907768254077,10.675011332497235,9.151523610287319,-478.44476653737047,0.011010595418824818,-0.5242281907500266,0.8512831976042464,0.01950610899605641
132.8,1562.4235759670728,1443.6361980896022,16454.20027302768,10.675805591106855,9.146307809156026,-478.7459324486971,0.0111088306079978,-0.5242088073616371,0.8512718722307575,0.020443084790554445
132.9,1563.4910269586144,1444.5506385519027,16406.462578912,10.674743822304544,9.143084385558067,-479.0408010417907,0.011024447918855457,-0.5241967102328665,0.8512580019340161,0.02135613898697546
133.0,1564.5590947882351,1445.464921394885,16358.695683489032,10.688935667604875,9.142826007995085,-479.32883467091153,0.010895623746169867,-0.5241978672532945,0.8512569709457981,0.021434802692443206
133.1,1565.6290159334972,1446.3791470025824,16310.900061930042,10.693056539662152,9.141072921276033,-479.61045399269386,0.011254638576930796,-0.5241936316634153,0.8512575124140016,0.021331132008131838
133.20000000000002,1566.7003783607902,1447.2930205151654,16263.076154349254,10.690921335793837,9.135969160996735,-479.88605472525717,0.012293390630015472,-0.5241719309460607,0.8512408352608644,0.021947659088881633
133.3,1567.771912394877,1448.2063554707809,16215.22486597983,10.68694504456587,9.131217424503443,-480.1557105347921,0.012410015353130912,-0.5241551567586944,0.8512242139953525,0.022906345631674725
133.4,1568.8438009693773,1449.1193676512478,16167.34685610638,10.6877075362454,9.129448125114932,-480.4186722006292,0.01222639682138518,-0.5241521710368512,0.8512190533899111,0.02326241526809309
133.5,1569.9172365397565,1450.0322391030832,16119.442353454184,10.690964179197604,9.12756962027644,-480.6750481460884,0.01232540670854926,-0.5241508147847806,0.8512212884911837,0.02315870741920189
133.6,1570.992364418186,1450.94477000783,16071.444961135328,10.690394725582346,9.12263085612391,-480.9252355010259,0.012694878238663948,-0.5241366822829556,0.8512140548108065,0.023541691622882
133.70000000000002,1572.0680838897615,1451.856742733015,16023.376844577844,10.686998162538972,9.116925347104287,-481.1694882887316,0.012843682409320989,-0.5241186297610558,0.8511974784237797,0.02444492758346001
133.8,1573.1441204524867,1452.7682493753314,15975.284650351437,10.686924458681744,9.113706044201095,-481.40742007866686,0.012765938160844694,-0.5241114224412627,0.851187754834855,0.0249730596577288
133.9,1574.2214800715562,1453.6795057797826,15927.168964371454,10.689832060336514,9.1112080734027,-481.6386316896377,0.012726886545666335,-0.5241104216407321,0.8511902907065878,0.024927520800562566
134.0,1575.300609117969,1454.5904031757113,15879.030426348849,10.69014601932933,9.1061873506937,-481.86345844904014,0.013057288594642068,-0.5240985473110393,0.8511846689535376,0.025196810501945888
134.1,1576.3806355664574,1455.5006997728933,15830.86952382899,10.687473771178645,9.099578428162877,-482.08230190409665,0.013389638397841236,-0.5240796332652341,0.8511663811847094,0.026020129151843673
134.20000000000002,1577.461050617137,1456.41044417342,15782.687478496275,10.68554051215301,9.092929855673043,-482.2951066949554,0.01346511653242555,-0.524069246610596,0.8511531866129203,0.026615189506028803
134.3,1578.5426382432577,1457.3198239972182,15734.484041996046,10.686757560898046,9.085750491431105,-482.50118859876,0.013261913043849294,-0.524067852969983,0.8511559167606143,0.02665731624241084
134.4,1579.6259982221777,1458.2287751440192,15686.26042890994,10.688225647673082,9.075378032495408,-482.7008367379733,0.013594247099331186,-0.5240568232340821,0.8511507527994604,0.026870773649378274
134.5,1580.710455770412,1459.1370996544576,15638.017154447241,10.686272258513487,9.05577321706201,-482.8944626884807,0.013840864867897923,-0.5240393200309467,0.8511338105645078,0.027612642668753046
134.6,1581.7954576486418,1460.0447842818382,15589.754840787386,10.683716905906026,9.029877228289374,-483.08201480336186,0.013812898767836205,-0.5240301597632536,0.8511200190587981,0.02821894121825953
134.70000000000002,1582.8816008728188,1460.9520047892813,15541.473763015822,10.68428382371457,9.002645775143483,-483.2630133405813,0.013871917548695541,-0.5240285146758096,0.8511162477205647,0.028334053297284615
134.8,1583.9694365670612,1461.8587208401452,15493.175219686838,10.685029863581743,8.969890194060493,-483.4375921971517,0.014163216292120669,-0.5240196486022443,0.8511095801883144,0.02855334822248199
134.9,1585.058496216963,1462.7647894516747,15444.859353641663,10.682517402600668,8.941681703991595,-483.60604002881223,0.014322082037354899,-0.524008082913316,0.8510982460470045,0.02902038220525737
135.0,1586.1482734804858,1463.6703767338147,15396.526964721681,10.67999260651628,8.91433407450443,-483.759393076493,0.014205764050358479,-0.5240120961855285,0.8511004505220936,0.028940325500643942
135.1,1587.239394181501,1464.5755356628692,15348.17866797939,10.680193500088427,8.880069072866002,-483.9129922022762,0.01420547992846597,-0.5240187594708992,0.8511076401295833,0.028606449895668747
135.20000000000002,1588.3322300927618,1465.480012268189,15299.81504285362,10.68692203801087,8.84229343063237,-484.0599615681091,0.014471821769803378,-0.5240127575167576,0.8511049043958009,0.028664229411611463
135.3,1589.426266599375,1466.3837809447002,15251.436632274716,10.706564733946866,8.809342460428907,-484.20056914063025,0.014623144293989303,-0.5240066573643114,0.8511002972622719,0.02883523346377709
135.4,1590.5212043439062,1467.2870685079981,15203.044141565564,10.733405539997499,8.779492153537358,-484.33454770687734,0.014520727874063733,-0.5240122909465004,0.8511051211884317,0.0286415796672005
135.5,1591.617611046771,1468.1899195088556,15154.638257783867,10.764831493765609,8.7446769016858,-484.4600357880369,0.014531827097159855,-0.5240153480762271,0.8511084498699711,0.028480652058961792
135.6,1592.7157580810215,1469.092107130777,15106.21959250105,10.790169017388628,8.706404237319832,-484.578860705655,0.014792503257339674,-0.5240102470294413,0.851107261242103,0.028475826879869916
135.70000000000002,1593.8152038507715,1469.9936347919331,15057.788704975737,10.812734792068968,8.672741000586914,-484.690109617678,0.014917579769028215,-0.5239960586440954,0.851087330988045,0.029256646611232177
135.8,1594.9157906890766,1470.8947079264192,15009.346446855488,10.841986009203866,8.64179084800708,-484.7936333328718,0.014819382325370202,-0.52398282295446,0.8510616942887257,0.030271763585444932
135.9,1596.018004074495,1471.7953166339032,14960.893621419154,10.873922967580375,8.610546276482804,-484.8894111935598,0.014873532166071138,-0.5239789177872606,0.8510561649443069,0.030467619954382016
136.0,1597.1219697810452,1472.6952861201887,14912.431020306776,10.900289578102843,8.623985362518612,-484.97745028758516,0.01511777287401078,-0.5239795146169854,0.8510639783599944,0.030116871403535007
136.1,1598.2273760776256,1473.5946546646883,14863.959297488842,10.9258853512162,8.63981144787013,-485.05779164946756,0.015191592264806538,-0.5239761249829402,0.8510593492477551,0.030269126685610055
136.20000000000002,1599.3341127067574,1474.4936014371233,14815.479373246504,10.956969071285796,8.658360185894047,-485.12923603195367,0.01510982458848163,-0.5239668389976756,0.8510406215273599,0.03098879381347635
136.3,1600.4426579081896,1475.3920584801003,14766.99183601146,10.983211414041076,8.674814046302457,-485.1919284846318,0.01517531343805351,-0.5239621301485231,0.8510360224273492,0.031162229755194257
136.4,1601.553023767219,1476.2898931097357,14718.497616196455,11.005771147734977,8.68971996757204,-485.24932949693584,0.015379063696620987,-0.5239615239024811,0.851040673525413,0.030944755210156546
136.5,1602.664880949652,1477.1871924979016,14669.997437277421,11.03134027223745,8.707559450448418,-485.3035280670689,0.015417947468556117,-0.5239588568394005,0.8510350183184459,0.03112556555514899
136.6,1603.778456375268,1478.0840879146117,14621.492071437187,11.060378878910322,8.72691203799307,-485.3498706597334,0.015281574792388907,-0.5239510585023407,0.8510202525071617,0.03172209937548207
136.70000000000002,1604.8939448485457,1478.9804790085711,14572.982229240128,11.086721182450589,8.731987439459981,-485.38877315683015,0.01534043790525438,-0.523946272106663,0.8510174778972774,0.031846934291427625
136.8,1606.0112919390704,1479.8762797821794,14524.468709340865,11.111342508448189,8.71975523472265,-485.4199477306564,0.015511915611297163,-0.5239455511315662,0.8510195803005621,0.03171929804649758
136.9,1607.1303311684392,1480.771619161083,14475.95231925544,11.1399205577795,8.707926474210176,-485.4434550062189,0.015480787011006138,-0.5239423435403924,0.8510129893410006,0.03196338298452222
137.0,1608.2512776683275,1481.6665544355924,14427.433727918222,11.169864533984407,8.697679024519053,-485.45944833674866,0.015522022783975306,-0.523932153951097,0.8510008895339254,0.03242916707726904
137.1,1609.3743579980296,1482.560977700016,14378.913772820932,11.196717949351935,8.685626298074295,-485.451914814844,0.01552262160902668,-0.5239269474157936,0.851000585742637,0.03252084032800685
137.20000000000002,1610.4993014249847,1483.4548477650956,14330.393170521103,11.215546733658497,8.67049134967815,-485.42966562366695,0.015180738016576493,-0.5239300397477646,0.8510060806409293,0.03248860346863471
137.3,1611.6262200118176,1484.3482867194787,14281.872693476464,11.226572172901063,8.66080301544398,-485.39976939711346,0.015550268482187733,-0.523924100491926,0.8509921337314006,0.03277368458285019
137.4,1612.7553777338667,1485.2413397099842,14233.353096543631,11.233237007370263,8.654461594831897,-485.3626326425613,0.015098174418199694,-0.5239225530400325,0.850993263495325,0.032979827634908775
137.5,1613.8867021323786,1486.1339450744963,14184.835121692287,11.241549275387161,8.639082489779588,-485.3158811285509,0.01456872673705693,-0.5239228917794404,0.8509988856776151,0.03306738946737951
137.6,1615.020137002543,1487.0260389622297,14136.319523778757,11.254380398161285,8.622862946487555,-485.1975924720084,0.014389267313929303,-0.5239315824702274,0.8510096890197408,0.03272850547971377
137.70000000000002,1616.1557977814516,1487.9177129010202,14087.807082304593,11.265155892229144,8.615646956758924,-485.12967618095496,0.01435073075916055,-0.5239439232775168,0.8510287965095404,0.03204386522822822
137.8,1617.2938609395967,1488.8090301703642,14039.298449297023,11.273669805078397,8.602874683729764,-485.0553801862509,0.013907047025351772,-0.5239518351047182,0.8510472660507374,0.03161675949553005
137.9,1618.4343040627687,1489.6998942422522,13990.794514053021,11.2859209301249,8.583515723035688,-484.97631075318304,0.013400356362722996,-0.5239706178134422,0.8510780776256074,0.030681067495320326
138.0,1619.5770825162087,1490.5903157457167,13942.295894461064,11.29982082642876,8.567107662799462,-484.8881512508947,0.013793340715271269,-0.5239835692404389,0.8510958750859521,0.029778756348111744
138.1,1620.7223603189423,1491.480383806767,13893.803633801368,11.31087948378142,8.555021101909997,-484.7913476809805,0.014051219535791545,-0.5239876032062091,0.8511060840296673,0.029291443178076037
138.20000000000002,1621.8702807969232,1492.3700950059233,13845.318580622621,11.32272975895957,8.53898455074536,-484.64239934047396,0.014126523368920972,-0.5239963806910686,0.8511240653817236,0.028566758448512353
138.3,1623.0207110678205,1493.2593786830682,13796.841538287514,11.337913361577584,8.521351750526158,-484.45924547521645,0.01440958770193611,-0.5240020106116221,0.8511305619407,0.028125134448496705
138.4,1624.173805572226,1494.1482994651346,13748.373624650872,11.352069690497125,8.508678425841074,-484.3395809459703,0.014779500592958964,-0.5239921465161896,0.8511152753933012,0.028575946944308737
138.5,1625.3297568654375,1495.0369136050303,13699.91560495182,11.364969297825894,8.504817197921485,-484.2461466500265,0.014922219468053687,-0.5239786394193382,0.8510981342684244,0.029251985286704203
138.6,1626.488552587957,1495.9251645788715,13651.46839865272,11.38063944224347,8.509371238341163,-484.0302651640836,0.015082571975905833,-0.5239771703237714,0.8510949520679101,0.029288625208548934
138.70000000000002,1627.6500843684112,1496.8130498507257,13603.0330337526,11.39156179418234,8.509782252248101,-483.8278454197042,0.015439669951703847,-0.5239672548538772,0.8510767631868392,0.02980395269234118
138.8,1628.8146492471296,1497.7006470799652,13554.61030965382,11.40032473715409,8.508379918111263,-483.69282000877496,0.015693339267670622,-0.5239579429436073,0.8510669790913377,0.030112957830106705
138.9,1629.9823887925986,1498.5879524934396,13506.201039202535,11.410826062238124,8.510472391270964,-483.5666343872115,0.015751131826819587,-0.523947927084128,0.851059140715984,0.03047639339210568
139.0,1631.1531145227752,1499.4749258082252,13457.80623107849,11.423617300538096,8.511526780578047,-483.4313547208075,0.01629580891662438,-0.5239332859013759,0.8510385769850047,0.03101127246144327
139.1,1632.326977813005,1500.3616065404415,13409.426891729669,11.432356116110025,8.508865895520525,-483.2534696229374,0.016240189447838067,-0.5239151884496621,0.8510152351833625,0.03197187896041786
139.20000000000002,1633.504241568556,1501.2477029933332,13361.063704652252,11.438926205836946,8.506508788224483,-483.05920131712526,0.015209730862938609,-0.5238879466301939,0.8509926244692403,0.03349084295192644
139.3,1634.6846697011097,1502.1327756528183,13312.717654117781,11.454053166269881,8.508883282309348,-482.86496846900525,0.015264385490706378,-0.5238654163832358,0.8509747652395873,0.03426328908087375
139.4,1635.8681708677793,1503.0175968104295,13264.389747629404,11.467035645925906,8.507588336240895,-482.65014226133945,0.015458072959698832,-0.5238575214290327,0.8509692870988339,0.034432798856692474
139.5,1637.0553717703967,1503.9021513733405,13216.080669026298,11.473078716671102,8.50172671584365,-482.39633345162247,0.01460570730526001,-0.5238443341722777,0.8509643129789615,0.03512157322729282
139.6,1638.2461007104473,1504.785526577781,13167.791340838561,11.48468639496533,8.500868821078548,-482.14937164796345,0.014781596766410346,-0.5238151373255301,0.8509379145216508,0.036109166913887825
139.70000000000002,1639.4399847586028,1505.6679793329272,13119.522618054441,11.499270453163357,8.500589681678052,-481.9076394079398,0.014997643493339229,-0.5238002269905726,0.8509248187011142,0.0365423837857797
139.8,1640.637539592838,1506.5499761474125,13071.275603139631,11.506817405268379,8.495810361499023,-481.68653907810943,0.015552234342266004,-0.5237793008361189,0.8509039470342995,0.037092383908825646
139.9,1641.8388582086745,1507.430784865871,13023.050888523167,11.5158862857215,8.51794063917959,-481.4408005203897,0.015812597452847618,-0.523750117699353,0.8508767516916445,0.03800696518249665
140.0,1643.043556530515,1508.3101690339554,12974.849427308269,11.52992501429424,8.547858816234328,-481.13372198634636,0.01604847689572348,-0.5237297065266182,0.8508581791253923,0.03860051691741377
140.1,1644.2518490570278,1509.1887119703101,12926.672096703847,11.539089015057957,8.563328611927583,-480.83909685140713,0.016572079359617135,-0.5237111905850258,0.8508391763586964,0.039046779828410524
140.20000000000002,1645.464043399975,1510.0659568449619,12878.519542482636,11.546948667809984,8.58536476348043,-480.5442531042858,0.016927128491969305,-0.5236842087685476,0.8508120289631813,0.03983984411404185
140.3,1646.6798347766123,1510.9414745438453,12830.392706246685,11.55953855029519,8.61812695884473,-480.21663758602034,0.01712635632180135,-0.523665429284325,0.8507981475544618,0.04029538695059783
140.4,1647.8992611192677,1511.8156803306142,12782.292143454923,11.570250548840834,8.639505776697934,-479.9547988798079,0.017579383621294388,-0.5236561453272212,0.8507953405354204,0.040280209231701294
140.5,1649.1226956684718,1512.688407201344,12734.218801410552,11.577515669368486,8.666201654621453,-479.6890210052723,0.017848628490707716,-0.5236291916950137,0.8507631473531969,0.0411820734241216
140.6,1650.349895953478,1513.5591508691084,12686.17350702881,11.58868899860054,8.704265130827864,-479.3440318806909,0.017715512867212176,-0.5236299389379755,0.8507560361678915,0.04137649786486071
140.70000000000002,1651.5808351216713,1514.4281556783426,12638.156559951492,11.599809495693187,8.733900704594141,-479.0090365122473,0.01778188413514696,-0.5236283867475005,0.8507436180192115,0.04162227274424521
140.8,1652.815751083527,1515.29544368911,12590.169110706547,11.60427835250239,8.766348926246154,-478.66874257978856,0.01756202561999805,-0.5236095809282988,0.8507235975369236,0.0423549596865382
140.9,1654.0546149296595,1516.160901413065,12542.212011386464,11.607522683780847,8.760356320835688,-478.3283841716451,0.017607113575885406,-0.523593933029722,0.8506997788392158,0.04300312929197331
141.0,1655.2970333148476,1517.025187051479,12494.285628632733,11.620288879509266,8.74013575707243,-477.9914200798051,0.017559855551364842,-0.5235930858391707,0.8506869367999275,0.043285880981981516
141.1,1656.5429369467315,1517.887323155681,12446.39121150833,11.625769896680842,8.716099159248488,-477.6471527264236,0.017453565127973105,-0.5235775031831537,0.8506674826883863,0.04389538838445689
141.20000000000002,1657.7930511282402,1518.7472448951091,12398.528830460667,11.625524533001235,8.690767882662454,-477.2968440751043,0.017668631165662477,-0.5235584673256357,0.8506401294638309,0.04456142850178822
141.3,1659.0469276091653,1519.6059647370744,12350.699505596252,11.633168538183897,8.669457135099682,-476.97809312250996,0.01739495154309791,-0.5235582767414786,0.850629726170754,0.04486886973141084
141.4,1660.3040627696496,1520.4628625727403,12302.904045770778,11.637194809704354,8.646670770486246,-476.65969252028896,0.017401103883846053,-0.5235431528348334,0.8506078396237725,0.04545406333832644
141.5,1661.5651101302471,1521.3176368062818,12255.143146654282,11.63425262806116,8.6215241173446,-476.28585657233293,0.01721325305577468,-0.5235089558372737,0.8505562524946558,0.04686297493386932
141.6,1662.8298900700236,1522.1711451378528,12207.417177841711,11.636670971199083,8.599127772212041,-475.90748962725763,0.016955343671277573,-0.5234988531667231,0.8505313828990866,0.04751666821108152
141.70000000000002,1664.0978121378362,1523.0230961276038,12159.72744106524,11.638514452281214,8.57694468251016,-475.4725729006834,0.016771243078273355,-0.5234875008176672,0.850513922376741,0.0480169734220448
141.8,1665.3692484814894,1523.8730604269176,12112.074188891185,11.633058771756279,8.552143868816112,-475.013167476416,0.01635929465181542,-0.5234744906906704,0.8504982540326269,0.04857520933656652
141.9,1666.6443340784294,1524.7217482559136,12064.458168764562,11.712578980711653,8.529284530565608,-474.56983772037484,0.016108774296242464,-0.5234670866401656,0.8504833056007662,0.04899860701615548
142.0,1667.9224665551158,1525.5690338921743,12016.880560370491,11.820879724554837,8.507202673343391,-474.1385317176762,0.01581584933794884,-0.523458056265509,0.8504697013888775,0.04942478386364485
142.1,1669.203874435511,1526.414548043171,11969.341812025883,11.92317907648072,8.482826898548636,-473.7004272761833,0.015402784563324879,-0.5234433228270455,0.8504547301630905,0.049965927977993936
142.20000000000002,1670.4886688358347,1527.2587891318967,11921.842315473128,12.03286896105144,8.459630770815341,-473.267070009257,0.01512825674058657,-0.5234299442862927,0.8504438415731133,0.0503736201081954
142.3,1671.77641457991,1528.101795656672,11874.383364309668,12.139292876740202,8.462913350946248,-472.8108741509752,0.014842282222492599,-0.5234205865520183,0.8504348197747734,0.050707135066158884
142.4,1673.0671722887253,1528.943159005321,11826.96554028875,12.236507262198183,8.473496822279394,-472.34816396051065,0.014444743362726343,-0.523409090791554,0.8504208925218674,0.051172049287226094
142.5,1674.3611343690575,1529.7828413655614,11779.589093164479,12.315640302431337,8.483111383459901,-471.86240082411456,0.014116202870525339,-0.5233991773748381,0.8504102711231167,0.05154032118805435
142.6,1675.658318561099,1530.6209887183497,11732.255267871788,12.307840463684427,8.502638378723544,-471.3537781446399,0.013904822853020566,-0.5233931649817418,0.8504064634411416,0.051721346553928835
142.70000000000002,1676.9585190455525,1531.4578334746407,11684.964450309302,12.300862813775526,8.518432401207168,-470.88041554752516,0.013885119759729994,-0.523386118030725,0.8503996167602225,0.051910179310542606
142.8,1678.2615881720396,1532.2929641420083,11637.717356746245,12.294846740026296,8.526776672926434,-470.40078693240457,0.013838248477428422,-0.5233815584045903,0.850397459769507,0.05200391926219846
142.9,1679.5678062161767,1533.1263871783935,11590.514741702871,12.285983664613308,8.521812158558062,-469.8897933627039,0.013859898539203318,-0.5233754878905248,0.850393428158728,0.05212503460223807
143.0,1680.8770788368088,1533.9582895983956,11543.356950633124,12.277677391600983,8.522594869552641,-469.3720476596828,0.013958288490564248,-0.5233679544188473,0.85038529300088,0.0523068247712766
143.1,1682.189249233253,1534.7883666208822,11496.245423803792,12.269847763314933,8.542940061999529,-468.8478740736197,0.014359645264334246,-0.5233598184884182,0.8503773347613705,0.05240886856058441
143.20000000000002,1683.5044863713986,1535.6165276845559,11449.179596387197,12.259874202287717,8.563739089828225,-468.31685575009715,0.014644930815530435,-0.5233517757075542,0.8503699530222388,0.05252987590041807
143.3,1684.822779808895,1536.4429971391146,11402.16128354669,12.250187817352217,8.584020797265067,-467.7795706639194,0.014985532872428277,-0.5233427086949713,0.8503589016249865,0.052702765463365775
143.4,1686.1440096545034,1537.2674533098575,11355.19067542007,12.240810993538636,8.606587037755547,-467.2360663760271,0.015369707683889879,-0.5233353680640457,0.8503501294536228,0.05280645753303981
143.5,1687.4682765821485,1538.0898603260118,11308.268542276835,12.229417020891779,8.629738417071087,-466.6860204192322,0.01565875723774297,-0.5233283196591412,0.8503415222984615,0.052929846208396185
143.6,1688.7955944034534,1538.9103549226688,11261.395920103178,12.218309451510043,8.652462581419464,-466.1298600114164,0.01600061048777302,-0.5233212921418992,0.8503291667647676,0.053095327516532155
143.70000000000002,1690.1258439943488,1539.7286648841593,11214.572431710714,12.207890820083163,8.677385301971182,-465.5674507218719,0.0162328505389118,-0.5233167909250357,0.850320238228477,0.0532120602718044
143.8,1691.4590883534404,1540.5447791051708,11167.799966521467,12.196488723123373,8.70283723608091,-464.99864842542826,0.01639598720712482,-0.5233134362014826,0.8503169011338378,0.05324834965186828
143.9,1692.7953696796383,1541.3588317421309,11121.078152790618,12.219691551247115,8.728122466125265,-464.42389710323823,0.01642882478699947,-0.5233211666373997,0.850329997033656,0.05295230316173106
144.0,1694.1345680840425,1542.17081144733,11074.408705505417,12.292391891788855,8.75275601971873,-463.84290074751476,0.016417242917747887,-0.5233231354396989,0.8503327351746836,0.052892433663842386
144.1,1695.4767544691306,1542.9804849624802,11027.791133052691,12.312090704785643,8.776256189757522,-463.25496530844845,0.016559271743095568,-0.5233240472127061,0.8503361902724962,0.05278347886516035
144.20000000000002,1696.8219403153075,1543.7878746803767,10981.226929615135,12.336265306098564,8.805838583152612,-462.6609548513906,0.016567494444887934,-0.5233283978522904,0.8503437546366437,0.05261563531526562
144.3,1698.1700472606326,1544.5931284975488,10934.71606502698,12.357314717164932,8.831451667996161,-462.0602601072332,0.016356590206098035,-0.5233318801384133,0.8503491209338221,0.052560229401129414
144.4,1699.5211260100211,1545.3960514725538,10888.259889629173,12.377148574507245,8.85410289158117,-461.452929162074,0.016325553083932264,-0.523334262510855,0.850354809729301,0.05245401384991999
144.5,1700.875154117665,1546.1966510519796,10841.858792137085,12.400198663988471,8.883070904449434,-460.8396870170024,0.016355960756490925,-0.523340844537597,0.8503660292751271,0.05219635275821861
144.6,1702.2320805340469,1546.9950759545652,10795.51310239614,12.420673607254379,8.909012812860038,-460.2200809179141,0.016465441297518164,-0.523347940579197,0.8503772466121485,0.051907232431833684
144.70000000000002,1703.5919765705262,1547.7911118108966,10749.222721131659,12.44048681669094,8.93224371980584,-459.5942318931826,0.016779936442688697,-0.52334753948231,0.8503783302480576,0.05179268380105945
144.8,1704.9548112671305,1548.5848195354258,10702.989744611374,12.462564795369824,8.960109074399586,-458.9626807130465,0.01703002319947685,-0.5233503135674668,0.8503835776883577,0.05159649597219169
144.9,1706.3204846861604,1549.3763209136453,10656.814310406467,12.481831216844823,8.985178490894603,-458.3249885087117,0.017189727617522355,-0.5233489938188938,0.8503822578974841,0.05157867181659224
145.0,1707.6891078146602,1550.1653831127326,10610.696783460866,12.501443378449839,9.00878207447935,-457.68134994518925,0.01753800319301213,-0.5233499796433211,0.8503862087859315,0.05138592373429879
145.1,1709.0606435613388,1550.9520832434812,10564.638057785081,12.521844769494882,9.035695449398876,-457.0321140285374,0.017706216595795608,-0.5233537139596789,0.8503929728851529,0.05117784331158451
145.20000000000002,1710.4350225901728,1551.7365516897971,10518.638607409073,12.520178272046529,9.059917507651804,-456.37689343575386,0.017757460214250575,-0.5233587944814159,0.850402470218376,0.050949813465630205
145.3,1711.812245281797,1552.5183218667476,10472.699004504082,12.59308604257173,9.083632220588234,-455.71617166844175,0.01802073346675489,-0.5233679857778728,0.8504191618936865,0.05048221183914548
145.4,1713.1922947656976,1553.2971313289831,10426.820196683546,12.702921836145023,9.108809620639168,-455.039999405309,0.017832549048180525,-0.5233760614152335,0.8504315130256581,0.05025674268008254
145.5,1714.5749892973013,1554.073679807162,10381.002620931273,12.808602855263043,9.131503603519926,-454.35112597892385,0.017421381584559827,-0.5233865896803137,0.850449883379948,0.04997968652891744
145.6,1715.9605686343166,1554.8473934826084,10335.247025806528,12.915414794877918,9.155373812642884,-453.6564592602194,0.017444780070486558,-0.523400244749582,0.8504732500797515,0.04942787010538372
145.70000000000002,1717.348854945243,1555.6179485788427,10289.55368900267,13.023584355693824,9.179353699719544,-452.9563638819609,0.0171822791653014,-0.523409777943202,0.85048810695993,0.04916252186217119
145.8,1718.739686814648,1556.3858341757652,10243.923210047056,13.173116425867992,9.200445611570178,-452.2509117064843,0.01719637779270811,-0.5234181427874349,0.8505033494904392,0.04880353365594489
145.9,1720.1332829702746,1557.1504621895997,10198.356477478557,13.415781667441165,9.223495535493326,-451.5399985485002,0.01764086217530142,-0.5234268544068923,0.8505181543883733,0.04829075608450782
146.0,1721.5294394829348,1557.9117393524193,10152.853688011699,13.660494555370537,9.245797859373244,-450.8239710527785,0.017946114864560877,-0.5234306963000932,0.8505240203816545,0.04803263355151666
146.1,1722.9280254659025,1558.6699065756484,10107.415577727475,13.901796741269878,9.265680769012219,-450.1029121662191,0.018159293338598018,-0.5234380496842738,0.8505377882744686,0.047626871882810486
146.20000000000002,1724.3292615759092,1559.4244205117584,10062.043079992885,14.145813236109502,9.28774251783496,-449.3766251035599,0.01849994360386431,-0.5234467168742684,0.8505513199443508,0.04715653529603119
146.3,1725.7328979214362,1560.1753643268949,10016.73627426889,14.26780536480763,9.308333465758153,-448.64546941044955,0.018671973254748397,-0.5234555927737486,0.8505567762135435,0.04689104654282605
146.4,1727.1388857495124,1560.9227284038618,9971.495875455852,14.351053599750738,9.32679020677517,-447.9092961217238,0.018906896322349168,-0.5234660978114745,0.8505679916851537,0.04647435028236582
146.5,1728.5473590083334,1561.6661301079814,9926.322685422514,14.388648859867907,9.3477665877893,-447.1679410926475,0.019221557044451002,-0.5234747944962768,0.8505802798226685,0.04602020044131383
146.6,1729.9580758266454,1562.4056731008973,9881.216967316497,14.415970794897579,9.366576503690244,-446.4244936298215,0.019439981026514563,-0.5234805823200179,0.8505857766140866,0.04576028511050594
146.70000000000002,1731.3709893194439,1563.1411971277028,9836.179421524894,14.443498177157162,9.384880075372777,-445.6775737982393,0.019804636175107873,-0.5234854266060736,0.8505941201819964,0.045391929115693744
146.8,1732.78585917486,1563.872386661477,9791.210024159065,14.469235819480037,9.40661209355121,-444.925401644005,0.020062375722424534,-0.5234919677649083,0.8506029547956385,0.045036363740045326
146.9,1734.202888499503,1564.599396972835,9746.31051633777,14.496597170845968,9.422824357987786,-444.1682698780983,0.02013910885719904,-0.5234987246847181,0.8506105220321573,0.04477992134977716
147.0,1735.6218746162758,1565.3219258873933,9701.480623689677,14.521479451975395,9.441223611057218,-443.4060970910756,0.020376496442744675,-0.5235027839836193,0.8506169928205333,0.044501293004493514
147.1,1737.042581919173,1566.03982627736,9656.721129532692,14.56884846650149,9.46254547333786,-442.6390371723779,0.020498647748946813,-0.5235101001674949,0.8506270003607108,0.04416657922483228
147.20000000000002,1738.4651157062115,1566.7531454086634,9612.03180503129,14.66763932865066,9.478656413396594,-441.8673258198689,0.020700319407153008,-0.5235156724410247,0.8506327303316229,0.04389527962813731
147.3,1739.8892771142173,1567.461620513391,9567.414141469842,14.76559841326039,9.497303843571908,-441.0909086418496,0.021068573611968348,-0.5235192779182021,0.850638080383561,0.043572205077683494
147.4,1741.3148604728665,1568.165090043546,9522.867958920944,14.864724297845942,9.517818498756041,-440.30996661835434,0.021504925901296237,-0.523524169233033,0.8506437649950652,0.04318758462640323
147.5,1742.7419598585918,1568.8635916153632,9478.394539408757,14.960810490727358,9.534067530380092,-439.5246837502577,0.02194324011905675,-0.5235273228907618,0.8506451517320143,0.04290060879204359
147.6,1744.1703321552257,1569.556868293565,9433.993405362202,15.023936786701103,9.55328980326959,-438.73494584912305,0.022306157563753863,-0.5235320732693071,0.8506501499426756,0.042554976155382854
147.70000000000002,1745.5998482963582,1570.2447925016588,9389.665861480613,15.05872811024666,9.573097520337008,-437.94109098395404,0.02276282928359072,-0.5235361984207851,0.8506531501458103,0.042200956068886165
147.8,1747.0305558512064,1570.9273538248908,9345.411838780956,15.091013266565684,9.589395833023993,-437.1429274262981,0.0231588063632583,-0.5235364168753784,0.8506512950734185,0.042019805842423055
147.9,1748.4621631719474,1571.6046142344157,9301.232719623084,15.121825010705551,9.609235409144725,-436.33793445967456,0.023444022669675352,-0.5235387729458301,0.8506538223797362,0.041780443920362856
148.0,1749.894826040784,1572.2765836958804,9257.127835481439,15.15599925306429,9.629057257496703,-435.526811121657,0.023548549099124995,-0.5235460179195575,0.8506610948136915,0.041481739672686334
148.1,1751.3284577539705,1572.9427230772567,9213.09822413741,15.184255479301221,9.646088426992247,-434.7119116427382,0.02350006240760973,-0.5235514342025983,0.8506682550435689,0.04129361539476105
148.20000000000002,1752.762641392666,1573.603460368547,9169.145086522896,15.213279080073008,9.665929785761016,-433.8930271837464,0.023705630081539864,-0.5235565804597763,0.8506743097810713,0.0409849830816234
148.3,1754.1976872533157,1574.2586307667777,9125.267594997533,15.24428244226248,9.685813161113225,-433.07039310831357,0.023744174707324504,-0.5235619185683813,0.8506787925892034,0.04080102243129421
148.4,1755.6333812583412,1574.9080013645826,9081.453240738234,15.270040063311113,9.70354058225427,-432.2442051984273,0.023771318893960162,-0.5235666902503379,0.8506853393010941,0.040586928394872115
148.5,1757.0695191281454,1575.551906460588,9037.703259943932,15.298451406126219,9.724120654122027,-431.4143414719628,0.023946891295993075,-0.5235701732390314,0.8506877547344438,0.040387671839057546
148.6,1758.5063073209312,1576.1900287049625,8994.030182870363,15.321242341470283,9.744186805949186,-430.58109986950876,0.023952785650548827,-0.523575894846789,0.8506935785230338,0.04018683683294644
148.70000000000002,1759.9434659951487,1576.822368048747,8950.435426045768,15.320925971299165,9.762443937164454,-429.7445512645616,0.024045426032105688,-0.523580765439447,0.8507000702807478,0.039929813086316775
148.8,1761.380963159592,1577.4491720143546,8906.91901348826,15.32208664517629,9.78388286657028,-428.9046901238862,0.024155106374289345,-0.523584960894775,0.8507037271315095,0.039730192617476005
148.9,1762.8188315372172,1578.0700145699745,8863.482173549875,15.321755400599837,9.80404256981413,-428.06112252434144,0.024192345528938942,-0.5235893251929208,0.8507095661416968,0.03952446124662931
149.0,1764.256868994604,1578.6851488976258,8820.124266247412,15.320126380753209,9.823142288212575,-427.21358633570594,0.024294111347439595,-0.5235926950439662,0.8507159631164374,0.03927895046086141
149.1,1765.6950939798526,1579.2946705544962,8776.84603238588,15.319032575299936,9.835533278535479,-426.36199505508034,0.024285275621418013,-0.5235960492334788,0.8507216753525807,0.039115645212400796
149.20000000000002,1767.1335068367082,1579.8985159990314,8733.648074032639,15.317321389887693,9.839336664064215,-425.5062086694198,0.024066058112704215,-0.5236041241245206,0.8507323398708346,0.03891056340641
149.3,1768.5720133998157,1580.496552683938,8690.530345770165,15.314116872717223,9.842537321940009,-424.64662043374005,0.023738509162105674,-0.523612865759812,0.850747161776045,0.03866932535694834
149.4,1770.0104910078753,1581.0890611582731,8647.493688433691,15.31068489553162,9.850539122205852,-423.78320578759366,0.023592441744459913,-0.5236182466666777,0.8507549322324277,0.03851459116290747
149.5,1771.448996416515,1581.6758385682035,8604.538319644711,15.307286715094746,9.852887992805929,-422.9159721168676,0.02350380966898956,-0.5236243638596771,0.8507634172129829,0.038297577412681444
149.6,1772.8874279325041,1582.2570741404213,8561.664757951787,15.302545065644326,9.857185462610213,-422.0452658043772,0.02335415569944254,-0.5236307561170472,0.8507741704628301,0.03806212728078891
149.70000000000002,1774.325724529428,1582.8327794497195,8518.873010531313,15.297818330623514,9.862903835981617,-421.17102753815067,0.023236038334363378,-0.5236358507866797,0.8507807726742901,0.037916475853803096
149.8,1775.7639091691399,1583.4029151253699,8476.163474696026,15.292730705941572,9.864545768713937,-420.29335461049595,0.02316473815364131,-0.5236413713784681,0.8507892394371792,0.03769322412658013
149.9,1777.201869861543,1583.967624813066,8433.536225446256,15.286521734790236,9.869307434452073,-419.4125319599665,0.023000612014647193,-0.5236477711698884,0.8507984102859805,0.03749731524533901
150.0,1778.6395797130988,1584.5268733921732,8390.99249038731,15.280451454945664,9.872635470942907,-418.52842761650413,0.022934781927144612,-0.5236532437347357,0.8508029965773741,0.03735688850807353
150.1,1780.0770333812818,1585.0807588761745,8348.531497646525,15.27366491802637,9.874679994302664,-417.640920569608,0.022802603864658978,-0.5236590384805969,0.8508131007352031,0.03712573624747622
150.20000000000002,1781.5141193647382,1585.629313647846,8306.154530761683,15.266714518297029,9.878910575646918,-416.7500033116408,0.02269394032585409,-0.5236659862703512,0.8508209869319104,0.036912979996158404
150.3,1782.9508487919716,1586.172588892006,8263.861970500313,15.259477980553067,9.88055517344858,-415.8555267522422,0.022639948638448298,-0.5236758037051911,0.8508259658645227,0.03669143156204804
150.4,1784.3872910219256,1586.710671947664,8221.653918169139,15.334792918255019,9.883214236917453,-414.95803071951127,0.022444692021357227,-0.5236855193121693,0.8508368594074888,0.03641910674921771
150.5,1785.8233187658539,1587.2434755584313,8179.531046928373,15.46876343114502,9.886523058832353,-414.05713053694063,0.022152550733490938,-0.5236965198641576,0.8508486387867032,0.03616370352970652
150.6,1787.258861694694,1587.771256444832,8137.493463517013,15.605036358672935,9.88737856471386,-413.15319968283274,0.02165126910377896,-0.5237108385006204,0.8508619811766005,0.03594536369830697
150.70000000000002,1788.6940419213802,1588.2939300604407,8095.540849129214,15.741287036235017,9.890212017321415,-412.24638524857704,0.021442914762515138,-0.5237191025383306,0.8508717915319313,0.03571690661542297
150.8,1790.1287086660427,1588.8115466513407,8053.675081926165,15.868961119445036,9.908616596202316,-411.33658422921707,0.02119614925512558,-0.523728761348329,0.8508793393038874,0.03554233727654477
150.9,1791.5629091293442,1589.3242836511643,8011.894613431926,15.890470232428926,9.941022867016144,-410.4241127474149,0.02098241874549918,-0.5237379376313157,0.8508862153465315,0.035368903326802606
151.0,1792.9966616435395,1589.8320678890825,7970.202347465928,15.87231884606308,9.960024856340853,-409.5089995703306,0.020759935667848627,-0.5237485432088728,0.8508993453946778,0.0350255987037926
151.1,1794.4298445455786,1590.335023186963,7928.595668522111,15.853140878125542,9.94054619377767,-408.591289327126,0.020522138947244164,-0.5237687064999157,0.8509195469663958,0.03436725905478661
151.20000000000002,1795.8625473218524,1590.83327148164,7887.076720915718,15.923087043361198,9.93531623302078,-407.6711168985244,0.020314903152402593,-0.5237869279940663,0.8509414216342387,0.03366386370498936
151.3,1797.2947122136427,1591.3266492272028,7845.6457358227735,15.946790991337876,9.953675026912727,-406.74814312553093,0.020074667052814268,-0.5237996434246892,0.8509551597227999,0.03326044846407073
151.4,1798.7262694151352,1591.8155432455885,7804.303008651379,15.953181414107252,9.970182485891431,-405.8222819715496,0.019556693747093606,-0.5238137221647495,0.8509643994297197,0.03311058901332693
151.5,1800.1573220327437,1592.2999834864133,7763.048388818955,15.96302546428522,9.989352813747136,-404.8940007746218,0.019555303581463117,-0.5238225877685679,0.8509720284970476,0.03277336358840563
151.6,1801.5877530792538,1592.77996108328,7721.882344468027,15.984627081276027,10.013209652888294,-403.96307731370445,0.01957158677419266,-0.5238317430920747,0.8509776043995837,0.03247113688500165
151.70000000000002,1803.0175800908944,1593.2555748795064,7680.804927012209,16.06130762536341,10.027241890408341,-403.02967551086425,0.019526630657806566,-0.5238407615207523,0.8509809313958404,0.03226486735103676
151.8,1804.4468206917918,1593.7270204027272,7639.817668182124,16.13599013234739,10.05045383736483,-402.09408382594694,0.01945625261430881,-0.5238507485283772,0.8509910922748113,0.031874886186318736
151.9,1805.8753652603493,1594.194206320869,7598.919464005862,16.215101358598037,10.072579812266317,-401.1561509217414,0.018385568621406626,-0.5238715333420583,0.8510142848398824,0.03154797012125751
152.0,1807.3033099625334,1594.6573988914445,7558.110793150469,16.284208708438086,10.091454848575673,-400.21617062377044,0.01763864128239722,-0.5238917828069716,0.85103876439972,0.03097256415025477
152.1,1808.7305670137284,1595.116653210604,7517.392410302264,16.355812097823648,10.118216719291881,-399.27420916461176,0.01784429615311974,-0.5239044421047667,0.8510524934231578,0.03025508347235157
152.20000000000002,1810.1571108105402,1595.5720728725983,7476.764403381663,16.37679843589459,10.113059894999125,-398.3302755289489,0.018212867446422004,-0.5239125427594858,0.8510573131551518,0.029755482247863962
152.3,1811.58299959557,1596.0237269385334,7436.227240279398,16.467326917427396,10.108733465999418,-397.3846450083329,0.01846208163915761,-0.5239198992156502,0.8510644967588964,0.02926282802359534
152.4,1813.0081255905827,1596.471762562675,7395.780658160456,16.554334004706327,10.109414710910702,-396.4370811088229,0.018689897276253312,-0.5239330915711622,0.8510780400973514,0.028477586985878756
152.5,1814.4325316131522,1596.9161913194112,7355.425460824204,16.642576199119663,10.073532562907468,-395.48749345409556,0.01871110251063024,-0.523954812467627,0.8511036775400953,0.027272315863818015
152.6,1815.8561969643324,1597.3569777654932,7315.161727197921,16.72650824108797,10.00199270954586,-394.5361719364436,0.0185594544611493,-0.5239709848330766,0.8511229425687111,0.02645166037017186
152.70000000000002,1817.278850752375,1597.794300245917,7274.989569083912,16.804407964867103,9.926933504963202,-393.5829087257814,0.018479785073864052,-0.5239818404185854,0.8511320495141396,0.025995437004140073
152.8,1818.7007667431153,1598.2283020783786,7234.909126037816,16.884614556928266,9.849319322898276,-392.6281430233643,0.017822763669721783,-0.5239944718140409,0.8511441653877316,0.025802176844583566
152.9,1820.1217855082293,1598.6588410663742,7194.921342959289,16.96268192876228,9.780037727112939,-391.67180298923716,0.01731978020385043,-0.524009256159385,0.8511609893857947,0.02528428011183034
153.0,1821.5417286034449,1599.08613187043,7155.025381421388,17.033239154304546,9.704602434860828,-390.7139727586804,0.017154427966085777,-0.5240172786152535,0.8511655256982233,0.02507718438515769
153.1,1822.960812797156,1599.5101752041694,7115.22258269065,17.106361155794353,9.63411444225471,-389.75491378114776,0.0171856528552823,-0.5240246657155135,0.8511700620120887,0.02474527413505937
153.20000000000002,1824.3787721327146,1599.9309206801854,7075.5128164121315,17.173756831841192,9.634166750667887,-388.79455068694944,0.01709803842625868,-0.5240354635195942,0.851180097328685,0.02422667883363718
153.3,1825.7956199914647,1600.3486127495228,7035.894715299482,17.237846752936537,9.634342723180147,-387.83307735645144,0.016844460553058636,-0.5240509855027259,0.8511989127211002,0.023393155510003958
153.4,1827.2114011077265,1600.7631193880704,6996.3710286499445,17.302237742044877,9.622558195782709,-386.87044386113087,0.016728981783839927,-0.5240664032981128,0.8512180128328489,0.022415189750513344
153.5,1828.6258985432237,1601.1746018955334,6956.940130479805,17.360225636178054,9.601839413538341,-385.9064466233847,0.016518890700765412,-0.5240704418809549,0.8512184954583225,0.022458209776975102
153.60000000000002,1830.0392186518895,1601.58305152077,6917.603116146967,17.414829214524016,9.58977536970364,-384.9414578834391,0.016318980231774582,-0.524073014363281,0.8512249860056255,0.022297751009951117
153.70000000000002,1831.4512532773115,1601.9883859776305,6878.359602978472,17.470675346877737,9.57394000403068,-383.97510310007766,0.016105271387603422,-0.5240763783028725,0.851226113372889,0.0223310064833986
153.8,1832.861825331587,1602.3909423817117,6839.210006921125,17.527451019143225,9.57963492382666,-383.0078513631471,0.01577318401220163,-0.5240766711268712,0.851222906962763,0.02268065494110711
153.9,1834.2710829976622,1602.790515941177,6800.154784132046,17.57272169787839,9.635655008619938,-382.039612251747,0.015513624116129032,-0.5240811250084246,0.8512306773477695,0.02246410066628814
154.0,1835.6788484275414,1603.1871840455506,6761.193518615941,17.626372644083986,9.692769697940147,-381.070433949851,0.015281042775593598,-0.5240852410140292,0.8512316641372824,0.022490083437603652
154.10000000000002,1837.0850718473832,1603.581150960735,6722.326621918755,17.67576829481641,9.738891894012182,-380.10063155914173,0.01497964838292228,-0.524095331941784,0.8512472425497456,0.02185921367775049
154.20000000000002,1838.489770922348,1603.9721968301246,6683.554391310035,17.72178051695109,9.804224219965395,-379.1300469063425,0.014752360152733216,-0.52411249969515,0.8512723811346161,0.020586127625814136
154.3,1839.8927826765446,1604.3605941235128,6644.876620944676,17.769776953135572,9.857780699674262,-378.1589522216963,0.0149631879325694,-0.5241199336252768,0.851278808896267,0.019969669693897133
154.4,1841.2941199130676,1604.746269046979,6606.29343102565,17.81638274393386,9.905784701152434,-377.1874580256366,0.0154872055938586,-0.5241232849154226,0.851272825006427,0.019735908338288494
154.5,1842.6937278050495,1605.129256690776,6567.80581231888,17.857809926413527,9.892011590329826,-376.21524043748803,0.015147324692735614,-0.5241366960491053,0.851285358899107,0.01909241036116591
154.60000000000002,1844.0915089398309,1605.5096779970102,6529.412694160962,17.8990379372819,9.87604148679463,-375.2423203159921,0.015037222082196032,-0.5241464499163413,0.8512948203641202,0.01847998412789731
154.70000000000002,1845.4874742089232,1605.8873613810338,6491.1147128801385,17.940375688569418,9.86225395275303,-374.2683187805155,0.014840025304813667,-0.5241602782147772,0.8513124071599512,0.017405798065283938
154.8,1846.8815223082386,1606.262212598479,6452.912158868839,17.977469128547867,9.87445921148014,-373.29378888390494,0.014344816376558352,-0.5241792104446699,0.8513410210803478,0.01577489799003682
154.9,1848.2736670025517,1606.6346255879394,6414.804716173684,18.019406306534183,9.92874397816207,-372.3190662897294,0.013357061158424291,-0.5241965571848326,0.8513635936371081,0.01481856207895053
155.0,1849.663813176915,1607.0042279557883,6376.792733261103,18.06145579142395,9.969618591583927,-371.34429937080995,0.01301565840436248,-0.5242011419695711,0.8513678127385795,0.014717432752538654
155.10000000000002,1851.051912768957,1607.371132499212,6338.876282931701,18.094196427843052,10.014261602414997,-370.3703220474926,0.013004367635268445,-0.524202889008238,0.8513669293850564,0.01471628782282727
155.20000000000002,1852.437974967297,1607.7354034930436,6301.055395391775,18.136832208740717,10.061965368581806,-369.3969171156692,0.012452925207384783,-0.5242141146418149,0.8513803155342734,0.01400160650920103
155.3,1853.8218998068464,1608.0968319231433,6263.330328244488,18.1742017262849,10.095559982681245,-368.42413181013524,0.011777085407858356,-0.5242216619499195,0.8513893579958097,0.013751745098108857
155.4,1855.2036876226002,1608.455544112459,6225.701181327165,18.210682401973425,10.135191096242755,-367.4521533865944,0.01195706967170052,-0.5242237240176392,0.8513870238213335,0.013662039767051054
155.5,1856.583308678456,1608.8114834824212,6188.167239166403,18.25247120866298,10.164249295070958,-366.48081696473423,0.012076464161117653,-0.5242283136595443,0.8513874976226674,0.013347773703817482
155.60000000000002,1857.9606519748445,1609.1645971421956,6150.729120172708,18.288215915270616,10.175266865715031,-365.5103140238823,0.012106776940951884,-0.5242321934135366,0.8513897486387132,0.013020340004905517
155.70000000000002,1859.3357756235284,1609.5149683599113,6113.387450154423,18.327558382872965,10.191223303846145,-364.5455120472037,0.011611431055878672,-0.5242436555188137,0.8513987682211115,0.01240571596805334
155.8,1860.7085766227221,1609.8622986007404,6076.141492720625,18.367041039813166,10.196485730122177,-363.5846452721664,0.011691375462006983,-0.5242511051148226,0.8514009732745695,0.011852140431555813
155.9,1862.079224530429,1610.2067178200289,6038.9913649482105,18.402719910258718,10.202372683675714,-362.6252793481425,0.012097987098374384,-0.5242559883355393,0.8514019427765442,0.011136841510069093
156.0,1863.4476517682256,1610.5482436152392,6001.937444920967,18.438604597600047,10.207378622879114,-361.6665527721304,0.012623692510698503,-0.5242598057281586,0.8513981125443651,0.010656098777760411
156.10000000000002,1864.8136743584457,1610.8866484248344,5964.979208205538,18.47263815622616,10.2066615653946,-360.7089951484756,0.011569408745929021,-0.52427496320055,0.8514148873293431,0.009726323883851168
156.20000000000002,1866.1775772408496,1611.222037471226,5928.117230883701,18.5097470114282,10.205451797658172,-359.7527102164843,0.011975805615637162,-0.5242813077983266,0.8514173535506774,0.008612807085596107
156.3,1867.5391724023748,1611.554314422672,5891.351331242754,18.54128914366815,10.200291238759355,-358.79744633093105,0.011785059991620214,-0.5242923270562919,0.8514263533813937,0.007199508216123219
156.4,1868.8985185411746,1611.8833482300201,5854.680793883394,18.573543326196635,10.192990471279868,-357.84356339417434,0.009932970925537564,-0.5243089129343699,0.851446821252524,0.006309555067054129
156.5,1870.2557439554614,1612.2092353379621,5818.105691770398,18.605297338692903,10.183890059016234,-356.89098479464604,0.009537079197402553,-0.5243148442144301,0.8514536134648596,0.005452740083113741
156.60000000000002,1871.610686185608,1612.5317920503633,5781.625737424542,18.633361303710114,10.17130030539143,-355.93973890477224,0.009352771206724264,-0.5243198054442062,0.8514569184553655,0.004731099681616135
156.70000000000002,1872.963456350475,1612.8510067909663,5745.2422263794815,18.662628354261162,10.157410365751815,-354.9899306050134,0.00935580261381894,-0.5243236600780181,0.8514575289805975,0.004152683722287258
156.8,1874.3140908786913,1613.1669984967175,5708.953996812433,18.68938569555101,10.14065691318709,-354.0412380174967,0.009514476923485733,-0.5243266465799007,0.8514572096818556,0.0034150396684212215
156.9,1875.6625124951463,1613.479744797983,5672.761652733447,18.71463440675989,10.120950980977767,-353.0939637241537,0.009526664214774976,-0.5243299987672473,0.8514572204912767,0.0028101129775768416
157.0,1877.0087948906241,1613.7890134664003,5636.664035549194,18.73910775116259,10.10012114477269,-352.14800455438103,0.009602672313353938,-0.5243332279552297,0.8514569183413306,0.0018896971122890876
157.10000000000002,1878.3529404307612,1614.09499398633,5600.661886864904,18.755055248729082,10.079963301645328,-351.20307079113206,0.009828603520633982,-0.5243349168350324,0.8514548103152295,0.000999765717700701
157.20000000000002,1879.6949200751283,1614.3976813149352,5564.754964156617,18.775433123629536,10.041712880163686,-350.2600002931867,0.010145799893497188,-0.5243357686916873,0.8514511060029242,0.00028018104093345975
157.3,1881.0347861247858,1614.6969382799903,5528.9428098129265,18.7943311289439,9.995585515094573,-349.3187143064804,0.01055714213432716,-0.5243360018145987,0.8514459272689499,-0.00036998399282081167
157.4,1882.3725322828445,1614.9929493754353,5493.225247744615,18.8033447468607,9.950987597796038,-348.37919754071953,0.010791415582176351,-0.5243363537172339,0.851442456641985,-0.0008225252031800344
157.5,1883.708140384926,1615.2855544350543,5457.602794849135,18.81425891645411,9.904769089393739,-347.441075626266,0.010653459420862271,-0.5243393433738996,0.8514422520574165,-0.0009209799077680692
157.60000000000002,1885.0416443728877,1615.5748053695313,5422.074944005221,18.80918376305368,9.855359005143496,-346.50180475721754,0.010491078399295925,-0.5243422191526925,0.851442091903319,-0.001240412572383735
157.70000000000002,1886.3730749114188,1615.860838077426,5386.641772340882,18.8004916364188,9.808463676686449,-345.5559024345671,0.0106689883944037,-0.5243426441312571,0.8514391139656612,-0.0015490130573129841
157.8,1887.7023962913536,1616.1433713765039,5351.302965642486,18.79515688826063,9.761164063008023,-344.6140344121487,0.01097266897118625,-0.5243440668898961,0.8514346342650458,-0.0014012947444173457
157.9,1889.0296572365723,1616.4225887068014,5316.057893921024,18.7813371743019,9.708033683890422,-343.6808194294426,0.011144891669182635,-0.5243439500926216,0.8514320154616325,-0.0016542182114354567
158.0,1890.3545399601794,1616.698480136157,5280.907232592879,18.768629829148782,9.659822604468767,-342.75933401116185,0.011289957195620098,-0.5243439574797213,0.8514300734403304,-0.0016676817498729563
158.10000000000002,1891.6772661818147,1616.970943234913,5245.850720248128,18.75508384155912,9.60899684641005,-341.8504568965888,0.011511823638344644,-0.524345237278334,0.8514260973680102,-0.0017750438661832347
158.20000000000002,1892.99788987403,1617.2400600174465,5210.888028840688,18.723481459426157,9.557411911425906,-340.9531485239317,0.011666590848843496,-0.5243448405166262,0.8514240110648326,-0.0018794317841676076
158.3,1894.3160820516814,1617.5058557733898,5176.017911804657,18.6834744209623,9.507699373804266,-340.0663998055821,0.01185518457899785,-0.5243451321462174,0.8514212879530169,-0.0018513275209181557
158.4,1895.632086012978,1617.7682543143499,5141.24228596937,18.642611784856093,9.455331508106816,-339.18980020015664,0.012368428679199843,-0.5243439371356475,0.8514143100606911,-0.002032285652380604
158.5,1896.9457415701963,1618.0273334684457,5106.560193915846,18.60046971060913,9.404287841428529,-338.3232118082941,0.013014959924395286,-0.5243399633174745,0.851406167705073,-0.0023981826780153253
158.60000000000002,1898.2569332603678,1618.2830566104367,5071.971211234056,18.558223698063287,9.352866469153094,-337.46686121003836,0.01337913586310165,-0.5243392995435041,0.8513998933331552,-0.0027421360425378106
158.70000000000002,1899.5658384381463,1618.5354215864963,5037.474180518778,18.51467325175644,9.30040212650053,-336.6201902049018,0.013616314801506263,-0.5243390117538866,0.8513950255788552,-0.003115628951653864
158.8,1900.87220737425,1618.7844731365217,5003.070837035522,18.47040061710109,9.250853226150776,-335.78268726013863,0.013950040524039151,-0.524337381341504,0.8513895227286525,-0.0034040395399157317
158.9,1902.1760829658554,1619.0301215555535,4968.759138319552,18.425808446439333,9.198096780688777,-334.95410250674416,0.014180235192572742,-0.5243377457152346,0.8513851548985261,-0.003488175248194489
159.0,1903.4774442829712,1619.2724011146906,4934.53784859716,18.379974563161028,9.146211762356916,-334.13440951270866,0.014380522487024606,-0.5243370693749057,0.8513817043820059,-0.0036099440336942725
159.10000000000002,1904.7760484641349,1619.5113675273221,4900.405142502963,18.33356341715266,9.095925147915214,-333.3233320999413,0.01447437066340432,-0.5243375602068296,0.8513795823881067,-0.0036636379325179665
159.20000000000002,1906.0720992996035,1619.7468846224426,4866.360855134323,18.287764024388252,9.043318608233932,-332.5208003998635,0.01462805936660307,-0.5243382759151171,0.8513762759046474,-0.0037187519766093196
159.3,1907.3654036400708,1619.9789905814864,4832.403762298513,18.240167038401538,8.99247754220533,-331.72677792624,0.014723901684979626,-0.5243388696313219,0.8513744670173166,-0.0036706162832590783
159.4,1908.6558177327524,1620.207783552439,4798.532712839186,18.227843512876316,8.941326199439384,-330.94112989528975,0.015161815575670166,-0.5243368657631048,0.8513686634980587,-0.003517010620170299
159.5,1909.9435446937696,1620.4330331436097,4764.7469670956825,18.21337302647972,8.889511149952453,-330.1637601537363,0.015497588644605653,-0.5243357496026467,0.851363065959366,-0.0035744027615218785
159.60000000000002,1911.2282380880824,1620.6548971148604,4731.045208373116,18.20005117231861,8.841623611671572,-329.3945811214554,0.015652478846524577,-0.5243347791134917,0.8513613199714033,-0.003455745146114693
159.70000000000002,1912.509999524359,1620.873372447216,4697.42621732172,18.185310113078327,8.816228464277403,-328.63307838636297,0.015895530722653022,-0.5243334804670847,0.851357792478001,-0.003412118301495039
159.8,1913.7887821933662,1621.088324979138,4663.8898305435405,18.169748690213815,8.790844257601952,-327.87862395920286,0.01595202674840665,-0.524334197550955,0.8513569172887723,-0.0032529226509373675
159.9,1915.0644074505647,1621.2999179299873,4630.434880702113,18.15468946377727,8.765407556309437,-327.13111109775684,0.016276024408721643,-0.5243313332971737,0.8513536474426153,-0.0029514298924342235
160.0,1916.3368559255189,1621.5081751290688,4597.060530685309,18.138110993009786,8.747021444542568,-326.3904401285462,0.016537195104633275,-0.5243294477412012,0.8513498272755223,-0.002936495771650355
160.10000000000002,1917.605924921555,1621.7129117608788,4563.765406419827,18.122024577609203,8.727130735408709,-325.6565552458422,0.01671459350441087,-0.5243285108761125,0.8513464703876091,-0.0030695936180943984
160.20000000000002,1918.8717272109266,1621.914337135611,4530.549723107102,18.10567293607527,8.708779240925164,-324.9293687939895,0.016850792694305804,-0.5243265563284697,0.8513443107116118,-0.0032523427360004417
160.3,1920.1340881745652,1622.1124183142515,4497.411713294017,18.087898400820922,8.689134660746443,-324.2088024825534,0.017094593747613657,-0.5243247852728062,0.8513402754489847,-0.0033211160287353212
160.4,1921.3928592561745,1622.3070719233933,4464.351341669531,18.070632803590104,8.669197308847531,-323.4955687821031,0.01734239940828665,-0.5243230711368208,0.8513358656161748,-0.0034354289359900753
160.5,1922.6481152957326,1622.4984652754342,4431.366900793607,18.05314872209392,8.649896605895163,-322.7895608864229,0.0177330158441091,-0.5243179530578932,0.8513303789742537,-0.003579118020843743
160.60000000000002,1923.8996012050682,1622.6865334347046,4398.458496927554,18.034400868032,8.629215051935068,-322.08999056810717,0.018051503876879565,-0.5243125287323666,0.8513267246161287,-0.0036501200567164204
160.70000000000002,1925.1472733142766,1622.8712755191368,4365.624203715168,17.999599416590573,8.608877770817188,-321.3964939630582,0.01831561815241722,-0.5243089533940024,0.8513226914744247,-0.0037860934116833007
160.8,1926.3911758553052,1623.0528322987966,4332.864987280243,17.965461794271487,8.588540881683825,-320.70830505258357,0.01848723532525463,-0.5243042834517142,0.8513213385209807,-0.0039011617575928845
160.9,1927.6310820829376,1623.2312535314832,4300.179007169414,17.929637313892055,8.567048563996764,-320.0252727573876,0.0186082922651793,-0.5242994335164676,0.851321303189665,-0.00398424506463522
161.0,1928.8668110183778,1623.406769867378,4267.565195073,17.892907972715644,8.546233777504797,-319.3473405894698,0.018794537757266708,-0.5242959220624646,0.8513187036675217,-0.004125075152181986
161.10000000000002,1930.0983836319879,1623.579117605042,4235.024279916514,17.857093564161367,8.523645679250684,-318.674480922137,0.018995239154525532,-0.52429084654952,0.8513169538397328,-0.004211082864095043
161.20000000000002,1931.3256884332338,1623.7485690278845,4202.554289329772,17.819162603620928,8.496773357008042,-318.0066460732875,0.019100302110714083,-0.5242870509517291,0.8513164342335586,-0.004312246221833511
161.3,1932.5485690524863,1623.91526462742,4170.155571184535,17.7823416868551,8.475946498393329,-317.3437798597302,0.01922950703524244,-0.5242838254247555,0.8513148918766419,-0.004432981640783791
161.4,1933.766906844155,1624.0790532478372,4137.827128872538,17.744468778189216,8.450298478340844,-316.68587368179203,0.01941001071756412,-0.5242791971220944,0.8513133096659321,-0.004497080674540035
161.5,1934.98075849595,1624.2403129318668,4105.567791613857,17.705343740572125,8.422495716039254,-316.03283957868905,0.019566693480950036,-0.524274747625938,0.8513118342963089,-0.0046145741987268325
161.60000000000002,1936.189767969103,1624.3988964513692,4073.3780475755607,17.667217774402353,8.39818140215973,-315.3847407866326,0.019745995424147744,-0.5242692431130203,0.8513105301468417,-0.004715681447454078
161.70000000000002,1937.394046067211,1624.5549487117928,4041.2559727673924,17.627638652113877,8.368449903725125,-314.7412826097805,0.019833596449776742,-0.5242652521951796,0.8513105168952011,-0.004793497284609199
161.8,1938.5932952442083,1624.7086675231092,4009.20198813126,17.58745646711994,8.3397270217777,-314.10226579570974,0.019705278941035863,-0.5242619812686665,0.8513147955577544,-0.004918926973162672
161.9,1939.7875915887491,1624.8601098752322,3977.2155933913905,17.547899108171624,8.311275893569345,-313.4675999137386,0.019538796866569355,-0.5242577410842829,0.8513207986934777,-0.004995402097033555
162.0,1940.9767918261018,1625.009498988361,3945.29564679076,17.506813242278817,8.27867690348262,-312.83720385220414,0.019521904850892738,-0.5242549066042202,0.8513225357507503,-0.005062435708784038
162.10000000000002,1942.1608371918176,1625.1567576538207,3913.4421634586297,17.465214614248318,8.247999665540782,-312.2110877488948,0.019366715666377196,-0.5242517322690187,0.8513273132182424,-0.00518240348095423
162.20000000000002,1943.3394859174089,1625.3020902073624,3881.6543360641285,17.423998994372397,8.213845340766696,-311.589121193165,0.01924156504146446,-0.5242479193194525,0.8513320779062012,-0.00525113243878236
162.3,1944.5129056048208,1625.4456601526952,3849.931955185532,17.382077655459593,8.179267950634252,-310.9711046432185,0.019207246740015643,-0.5242453154593081,0.8513335913284191,-0.005389542419810779
162.4,1945.6808887111576,1625.5875099728369,3818.2745756176787,17.339053069435224,8.14540614790893,-310.3569452963974,0.01902423637235482,-0.5242420182329108,0.8513385971675381,-0.005565763410486953
162.5,1946.8432335355549,1625.7278033889224,3786.6822285969215,17.29636154050212,8.107619030227376,-309.74656214977585,0.01898096751471919,-0.5242390200141134,0.8513408834959014,-0.0056456049511806675
162.60000000000002,1948.000076584457,1625.8666680652532,3755.1526641503615,17.25282777098402,8.070133258656893,-309.1400806933444,0.018928000375616722,-0.5242372006088746,0.8513421034575918,-0.005806132960458308
162.70000000000002,1949.1512725701575,1626.0041794559106,3723.6872233209338,17.208748818571532,8.032303315238208,-308.5381135356372,0.018829199963231485,-0.5242334218826746,0.8513456319796878,-0.005949413335110345
162.8,1950.2966703875143,1626.1404973554575,3692.2848046736885,17.164578325475844,7.991263008704358,-307.94137943679107,0.018596502624707772,-0.5242313881769196,0.8513529664058959,-0.005809331468472291
162.9,1951.436334859112,1626.275645693543,3660.9445753434416,17.11963967123787,7.95072115314675,-307.350368864378,0.01837423371434145,-0.5242298829842861,0.8513586457282115,-0.005820108720478618
163.0,1952.570333804721,1626.4098128991889,3629.6672220823216,17.07445061045877,7.909133735127634,-306.76566700866493,0.018449264059109304,-0.5242252423851086,0.8513598690434786,-0.005821793900698056
163.10000000000002,1953.6983640360065,1626.5431095803244,3598.4511860997736,17.029163400704775,7.866007789697111,-306.1876320747423,0.018780744400202855,-0.5242179568981715,0.8513581583547157,-0.005665995777249371
163.20000000000002,1954.8205209993139,1626.675580357981,3567.296852231885,16.983405532699038,7.825554439149829,-305.6164891156298,0.01882984799968692,-0.5242141853547937,0.8513591621450214,-0.005701028753282103
163.3,1955.936801327032,1626.8073958736582,3536.2035548189688,16.932358437356392,7.784592628833025,-305.0548119188449,0.018832841727681546,-0.5242104862133042,0.8513617860364711,-0.005639103941352405
163.4,1957.0471927961726,1626.938645719241,3505.170956155042,16.87864725875665,7.751713419653888,-304.4998297163717,0.018759488909217106,-0.5242075041864054,0.8513659115021893,-0.005537044570086616
163.5,1958.151563499368,1627.0693866466845,3474.1988889344816,16.825756760512707,7.719011780041702,-303.95124830393786,0.018679935249529617,-0.5242063307164726,0.8513681632860322,-0.005570762857427835
163.60000000000002,1959.250060804018,1627.19978922256,3443.2862590439017,16.772925478609327,7.685077508813807,-303.4087772753158,0.018493335380497754,-0.5242044982949935,0.8513727634774703,-0.005661989273556326
163.70000000000002,1960.342480932675,1627.329923506647,3412.433248260744,16.718900892862866,7.651331318938019,-302.8719873586472,0.018244090373121937,-0.5242026867659135,0.8513782202311347,-0.005815708892331153
163.8,1961.4289427828448,1627.4597457651405,3381.639878619422,16.665746689328216,7.617451708722797,-302.3366647502855,0.018049543470999397,-0.5242017211096129,0.8513818579780608,-0.00597507088101559
163.9,1962.5094379496425,1627.5893765359583,3350.9047455382583,16.612250520565834,7.582573453252534,-301.8048706706048,0.01789534480039865,-0.5241989172972421,0.8513849402773039,-0.006239808321204644
164.0,1963.584052211669,1627.7190172760868,3320.227990743951,16.558009879841336,7.5480263422764535,-301.27719908843295,0.017680326850575263,-0.5241968524379695,0.8513897096606435,-0.006374027027518214
164.10000000000002,1964.652573623483,1627.848598986455,3289.6083981433176,16.50450168007211,7.513385988695227,-300.75270729639834,0.017655628244352906,-0.5241940827933791,0.8513901700254447,-0.006604599893227644
164.20000000000002,1965.7151656130059,1627.978220243678,3259.045442041945,16.449976947841133,7.477959732272923,-300.2307983028553,0.017919626858798922,-0.524186254133009,0.8513855640864091,-0.0070907839138556585
164.3,1966.7718527796903,1628.108026881948,3228.538580114845,16.395247687331405,7.444103196552466,-299.7108469491757,0.01794679372704091,-0.5241815178290032,0.8513842569897088,-0.0075163762201607195
164.4,1967.822400339986,1628.2379547636208,3198.0872260098895,16.34145034446806,7.408850970662161,-299.1923102540088,0.017934607722409998,-0.5241817058713191,0.851380300585623,-0.007966985026425226
164.5,1968.8670862856247,1628.368139893971,3167.6901658539955,16.28617597631025,7.372710355185744,-298.6748935296196,0.018175437080028778,-0.5241780350589099,0.8513744443702824,-0.008282301728559968
164.60000000000002,1969.9057707901397,1628.4986848694014,3137.3474336577306,16.231637639617933,7.338546778386935,-298.1583077755345,0.01838506471525577,-0.5241743210706068,0.8513706653759434,-0.00844160310057771
164.70000000000002,1970.9383762833784,1628.6294318079388,3107.058803548273,16.176968984578238,7.302726880122625,-297.6422690064867,0.018800805043713724,-0.524173665206782,0.8513603267297741,-0.008607700271779269
164.8,1971.9650519585607,1628.7601795213952,3076.82313483072,16.121705768287192,7.266875886708451,-297.1267730513335,0.01899163373826052,-0.524171336515662,0.8513559255032934,-0.008764469965001359
164.9,1972.9857510172774,1628.8913760161813,3046.640082438874,16.066706820972723,7.232087987917058,-296.6117027799985,0.019255926313074205,-0.5241676584399021,0.8513504824718378,-0.008934827498297462
165.0,1974.000479477675,1629.022872449883,3016.5086932721874,16.011428888641834,7.195922299053377,-296.0970163402168,0.019591573614287816,-0.5241673268949127,0.8513425222577607,-0.008982953576168913
165.10000000000002,1975.0091969672173,1629.1544495090818,2986.4295579161985,15.955683332596804,7.160457224446761,-295.5827901893586,0.01978748732227652,-0.5241646532841552,0.8513387093925443,-0.009070473130390872
165.20000000000002,1976.011940180449,1629.2864475930928,2956.402504723766,15.89826997663023,7.125185980189366,-295.0689970413888,0.02008004316196863,-0.5241617346848485,0.8513316275459778,-0.00925892535342581
165.3,1977.0087072765302,1629.4186175993032,2926.426627182423,15.842597893111474,7.0890940550718025,-294.55572974374576,0.020376269847540176,-0.5241632810871505,0.8513217267063602,-0.009432922386767087
165.4,1977.9995134445305,1629.5509252747522,2896.5020643652265,15.785991555327874,7.053461201588948,-294.04307689077586,0.020582700223963024,-0.5241651234374418,0.8513161046509015,-0.009389663748878662
165.5,1978.9843783164533,1629.6835733765542,2866.62917642649,15.72763010530316,7.017857423237169,-293.5311989107721,0.02087684790852126,-0.5241643187631339,0.8513081664402689,-0.009504204811121405
165.60000000000002,1979.9632970012383,1629.816273906517,2836.8069956077056,15.67097027641609,6.981770703851809,-293.0205940785206,0.021148364728063793,-0.5241677373671824,0.8513012161889262,-0.009336438718944148
165.70000000000002,1980.9363054414514,1629.948910197115,2807.036392925335,15.622234717271752,6.946201898926196,-292.5113252414159,0.02112843216894043,-0.5241714705154438,0.8513003650625981,-0.009249178128178999
165.8,1981.9035203390051,1630.081605878824,2777.3168831412645,15.580841370894014,6.910335399756936,-292.00335845179444,0.02095989155043413,-0.5241757022297536,0.8513011988214084,-0.009315847968465315
165.9,1982.8649168057357,1630.214310419855,2747.648506565725,15.538646514437898,6.874350893979878,-291.4967816664847,0.02105127322218174,-0.5241789752584283,0.8512961522603751,-0.009386529679771074
166.0,1983.820433081706,1630.3468356034612,2718.0312993196153,15.50586432218608,6.838704082714425,-290.9915595555175,0.020968045337309504,-0.524181902722542,0.8512948751659929,-0.009524150829591385
166.10000000000002,1984.7702570577376,1630.479245112191,2688.4647554615367,15.472198836338139,6.80271262763784,-290.4876945828907,0.02087026249328097,-0.5241857867912796,0.8512933150154519,-0.009663585228643192
166.20000000000002,1985.7143403260022,1630.611441911191,2658.9495641509134,15.436318990652099,6.7670058972684375,-289.98522432321147,0.02091238588420211,-0.5241893697057385,0.8512915188529423,-0.009535551016126942
166.3,1986.6527159941102,1630.7432813190774,2629.48525464765,15.402449075298364,6.731218906618433,-289.48414893527695,0.020776258444287612,-0.5241933238798914,0.8512925477425255,-0.009523888011071848
166.4,1987.5855100521908,1630.8748183650623,2600.0716618575643,15.361645109424538,6.695296947216366,-288.98454095495754,0.02068696782533085,-0.5241983451402635,0.8512928126105692,-0.009417617107799028
166.5,1988.5127080933053,1631.0059379225654,2570.7090137840887,15.312891410893224,6.659683540882543,-288.48651415063165,0.02068770167325164,-0.5242017893904157,0.851291000949533,-0.009388008399389731
166.60000000000002,1989.4342862594958,1631.1366429986367,2541.3973724204616,15.263003142725614,6.623873924552285,-287.99010643351306,0.020403947315927703,-0.5242084355826533,0.8512938912437142,-0.00937580551478145
166.70000000000002,1990.3504071692566,1631.2669042295554,2512.1361712149555,15.191636145795695,6.588072884036593,-287.4953375115508,0.01996734039698681,-0.5242155097398672,0.8512998654023433,-0.009377837255690462
166.8,1991.2608977345542,1631.3965371251754,2482.925188974439,15.120313643261412,6.552532359541962,-287.00220534986454,0.019960587324709192,-0.5242183695356046,0.8512979463376809,-0.009406516694927515
166.9,1992.1659679426677,1631.5256293623197,2453.764861630522,15.048444027321937,6.516624419873358,-286.51076562888875,0.02013338131366838,-0.5242195932801161,0.8512928175209415,-0.00943418334381582
167.0,1993.0656210345037,1631.6541124600171,2424.6549276469227,14.977982179030203,6.480954548201135,-286.02096484616914,0.01992079916708042,-0.5242243152026294,0.8512948536713769,-0.009439344442705753
167.10000000000002,1993.9597755984369,1631.7818475297236,2395.5947432779517,14.906947002857391,6.445791718757219,-285.532831504318,0.019765560339996012,-0.5242284100311656,0.8512956364481465,-0.009467634603592467
167.20000000000002,1994.8486753283387,1631.9089477142668,2366.584771458631,14.836117976297357,6.409936281267866,-285.0464400383708,0.019552841831503617,-0.5242326245298348,0.8512972760247035,-0.009528357035358087
167.3,1995.7320935312712,1632.035243526945,2337.624240026775,14.766495943256249,6.3743860455272365,-284.5617084076976,0.01926651189317398,-0.5242372968664734,0.8512995871818354,-0.009647329041745548
167.4,1996.610225534977,1632.1607056858886,2308.713595908512,14.696151493254836,6.33926085966291,-284.07872014910976,0.019206224424644175,-0.5242395652514995,0.8512996751003665,-0.009636510897586485
167.5,1997.4831085837045,1632.2855069224793,2279.852730599256,14.630702253225364,6.3036519307021655,-283.59752228245696,0.019024658174007045,-0.5242431341009349,0.851302574793888,-0.009545935191889895
167.60000000000002,1998.3507299810367,1632.4094250450746,2251.0411684111177,14.577826792564887,6.268322743212492,-283.1180805965773,0.019033095746451782,-0.5242449225065835,0.8513006479962391,-0.009602562863959508
167.70000000000002,1999.2131987612745,1632.5324314832512,2222.278485379559,14.522634799485358,6.2332380415833555,-282.6404586156712,0.01878081980006136,-0.5242491321097331,0.8513040913713349,-0.009564115445511896
167.8,2000.070520862362,1632.6546531084152,2193.5652031434793,14.468948751231892,6.197807840363422,-282.1645935867018,0.01855332244505145,-0.5242532666536617,0.8513071335700417,-0.00951057106454185
167.9,2000.922647856662,1632.7759133215056,2164.900262416265,14.415910599643377,6.162710958616052,-281.6905085495317,0.01835253345607707,-0.524257022474223,0.851308734627997,-0.009549725037087255
168.0,2001.7698112599608,1632.8962309780609,2136.284682770089,14.361364042669168,6.1279514911997195,-281.2182584606806,0.018385044149690243,-0.5242587269675626,0.8513075861888961,-0.00949584368024088
168.10000000000002,2002.6118767559933,1633.0156713198658,2107.7172147749325,14.308468359881937,6.092722185254945,-280.747783257889,0.018387599446888284,-0.52426164821764,0.8513074417346109,-0.009341308365335818
168.20000000000002,2003.664710202569,1633.1340694581568,2079.1983436045552,14.255500246845404,6.057832389627558,-280.27907504612807,0.018404649118731332,-0.5242641383934088,0.8513068512115217,-0.00922101760962856
168.3,2004.9267655164988,1633.2515154176035,2050.72775297619,14.201674796723964,6.023221415552617,-279.8120473650533,0.018419142733057708,-0.524266943166766,0.8513067756560694,-0.009037765521448004
168.4,2006.1831941872397,1633.367873534399,2022.3048512069863,14.149347029475113,5.988299868205129,-279.3466175382253,0.018432650721757184,-0.5242702007557064,0.8513058187139765,-0.008910500023411264
168.5,2007.4339445710843,1633.4831044850907,1993.9303032111475,14.096642594187015,5.953643797998486,-278.88283250403293,0.018466614666198315,-0.5242729122863112,0.8513050227491706,-0.00875533138345032
168.60000000000002,2008.679081461931,1633.5973383089322,1965.6031781504396,14.04350523484106,5.919235339825085,-278.4207022436786,0.018482085097630038,-0.5242756899418676,0.8513042998186835,-0.008625692821082451
168.70000000000002,2009.9187131350766,1633.7103375361864,1937.3235341132468,13.991636933307543,5.8847569169369995,-277.96021920314297,0.018505038326212035,-0.5242787802969923,0.8513033181009039,-0.00848437842359064
168.8,2011.1527088104433,1633.8221790835266,1909.0915258038149,13.939452456795179,5.8502987918956375,-277.5013700367137,0.018528398511421646,-0.5242814338042973,0.8513026917469171,-0.00833088477688943
168.9,2012.3813212099965,1633.932867421245,1880.906205718338,13.887321967920732,5.81606579704624,-277.04418648581776,0.018545362194139388,-0.5242831870278145,0.8513025319794595,-0.008198072115279677
169.0,2013.604391723028,1634.0422301137776,1852.7684606523153,13.8358074807818,5.781890962793077,-276.5886969775613,0.01857465606612639,-0.5242846601725057,0.8513023921968774,-0.00805073286721192
169.10000000000002,2014.8219062902115,1634.150379269186,1824.6773744695743,13.784126805097022,5.747652445666633,-276.1349056254404,0.017884451304292698,-0.5242937069599686,0.8513132840474574,-0.00787068281993453
169.20000000000002,2016.0341228467648,1634.2572307572832,1796.6327018101358,13.732660845908196,5.713733369319258,-275.68276012681,0.017811616369347836,-0.5242954225450378,0.8513147887630199,-0.007758005800865753
169.3,2017.2409137905795,1634.3628886939618,1768.6345292836295,13.681787831790155,5.679801588083265,-275.2323737036945,0.017872241877417875,-0.5242957617983308,0.8513144770507938,-0.007628780657265008
169.4,2026.2173304821958,1583.9784489618391,1746.3759899225347,13.414429452661993,5.075779292790309,-274.9275960864307,0.01900762497367235,-0.33737953157460737,0.9411434968754508,-0.007917080042965817
169.5,2027.1588075741474,1584.2949022463595,1718.4636731141013,13.358988405766972,5.050810199247076,-274.4810075412965,0.019018787776284494,-0.33738006094541145,0.9411437938741951,-0.007831949953722401
169.60000000000002,2028.0960671737182,1584.6234219307576,1690.5968200529367,13.304056048838664,5.026261798181359,-274.03613367517534,0.019046579319647663,-0.3373805351459928,0.9411439221893209,-0.007727874670640675
169.70000000000002,2029.0289993813929,1585.044672186258,1662.7763764356584,13.24936511417268,5.002645109078638,-273.5929530990533,0.018545752514948652,-0.33738474265508617,0.9411532678052195,-0.007623449794714202
169.8,2019.8128254915118,1516.7060696267856,1640.6681839930843,13.028890929524747,4.8190488367171955,-273.34399538129003,0.01882192167178654,-0.10770270430599657,0.993974995562343,-0.007718221725010007
169.9,2021.1128245037248,1517.6301747042448,1612.931298114496,12.971207728510832,4.796424693743508,-272.904224714703,0.018754149520858344,-0.10770359996287947,0.9939768313693863,-0.007633815013467906
170.0,2022.4071420468129,1518.549115151475,1585.2413477725768,12.914192366002997,4.774092747930491,-272.46608662711196,0.018700720349169912,-0.10770416756433426,0.993978486310885,-0.007540828788496592
170.10000000000002,2017.515037569934,1444.367132784066,1562.7247485343569,12.972126046077822,4.703326650604073,-272.1210921799214,0.018189956335008958,-0.09702094309243635,0.9950875889513386,-0.007533419210194565
170.20000000000002,1909.6098835145226,1446.2015893176883,1537.6900512646223,12.976959407119576,4.69284595210712,-271.7296540289947,0.018270015145386502,-0.09303164547741737,0.995466452674527,-0.007606647483958982
170.3,1720.7032138637207,1448.2000791986632,1512.7003082238284,12.985961930635952,4.68971861205836,-271.3058271433749,0.018434617284670763,-0.08962836367826646,0.9957751489344846,-0.007666425140122202
170.4,1446.6188416106868,1277.898576840584,1488.8211209757192,12.86897073846995,4.842892917137102,-271.1528463719323,0.015886870473735375,-0.03907200235548683,0.9990903508649355,-0.006281463767616765
170.5,1175.8172853633075,1099.3583109095712,1469.0768852223466,13.476631862499683,5.162008253903298,-271.83909725533056,0.01472687891256025,0.26681479030314104,0.963620157058522,-0.005401816684709336
170.60000000000002,839.4892785944623,1009.1071927310369,1452.8989772878065,13.317104486104776,5.086289761609004,-271.9263454569417,0.01275878803983335,0.34769424863799353,0.9375211567964471,-5.788667786148042e-05
170.70000000000002,840.1140850068516,1000.4643927066436,1429.268973790365,13.403427672008716,4.926961329920088,-271.76468334949993,0.012132330506066158,0.3998500169266101,0.9164976874660068,0.002181602563052983
170.8,840.978369871889,1000.7816691186051,1401.8927841557725,13.350469164760197,4.903534319508892,-271.33089403784135,0.011999066286741057,0.3998480175064149,0.9164995738823608,0.002473131190857522
170.9,810.7216537337232,983.7706986826253,1377.4260459554237,13.424506058584827,4.789111435694434,-271.4878065356626,0.012318867707815269,0.45209631495907066,0.891873689163047,-0.004300009014271828
171.0,842.6949988784398,1001.4097051356949,1352.1195130966657,13.56129412150772,3.9314093465934667,-271.2917495621564,0.010896062114433091,0.5388678871221049,0.8423181338567377,-0.001684468776691034
171.10000000000002,843.6951651293673,970.148647470893,1326.9535807957654,13.284972682404558,3.350744112559524,-271.0379148616803,0.012334448498662316,0.3412444473215083,0.9398906784602085,0.00236666349135174
171.20000000000002,844.3958902115476,774.4354332639587,1308.7703415386475,13.455759422673085,3.882154328948867,-271.05131683779456,0.01091737589255175,0.579055822126698,0.8151827196134266,0.007231832993919625
171.3,501.0178352893394,576.2191929106559,1295.4375852488713,13.187523404080071,4.180875148046328,-270.84382574590114,0.008339255439772831,0.653878566889332,0.7564965350522806,0.009288112583142265
171.4,515.086213796303,622.1702362990862,1284.6107084386244,13.399217482129428,4.53017914973135,-270.6973520766544,0.011087151274095621,0.5631566223587581,0.8261599447190223,0.013836166808856798
171.5,404.94557710942763,578.5563167412218,1264.9677214358105,13.777125616446046,4.296773016890191,-270.48802603305666,0.019461119852312116,-0.2475942941433497,0.9686589634269337,-0.004259447664740476
171.60000000000002,177.7498030303737,491.3834974669557,1250.8700673348244,13.295486235289562,4.541678567633702,-270.5439408659826,0.021837128264916825,0.17279043218829976,0.9847090539757367,0.003832152336700725
171.70000000000002,257.6455249616951,527.9447674568681,1229.0351195514513,13.451033931611146,4.567665306003998,-270.34199290532564,0.02208572810853566,-0.025707809477026566,0.9993910381686325,0.008299516493846635
171.8,-11.650535471131313,600.6058678538154,1212.460224987331,12.290977053464745,3.573556925273899,-270.42886293438863,0.01977155335982279,-0.6972044540537667,0.716563100164223,-0.007235911025317425
171.8794059817638,-10.6762629260425,600.8889012304745,1190.9999999999773,12.249821928583737,3.554648872401373,-270.0878408510058,0.019923174301361642,-0.6971974150363319,0.7165626961202952,-0.007532205601778344
