time,x,y,z,vx,vy,vz,e0,e1,e2,e3
0.0,0.0,0.0,1191.0,0.0,0.0,0.0,0.717859511013022,-0.00031979010591056854,0.0029635513838853263,0.6961816124730875
0.1,0.015157214219774435,0.004736720889782379,1192.4201372770851,0.3167684113708371,0.09896383840261674,29.66588863790988,0.717859511013022,-0.00031979010591056854,0.0029635513838853263,0.6961816124730875
0.2,0.0626417160017722,0.019582699349597325,1196.8706789301636,0.631885129791408,0.19745330051546187,59.20107582168551,0.717859511013022,-0.00031979010591056854,0.0029635513838853263,0.6961816124730875
0.30000000000000004,0.14190229675126914,0.04368140158072653,1204.269720895017,0.9474658131366069,0.2959142916248031,87.90080344917118,0.7178530647064524,-0.0011982589789791586,0.0015144310000148496,0.6961919621524796
0.4,0.2532007778732656,0.08452471726300079,1214.4892827999845,1.104897803921935,0.6146498023191905,116.48824646796774,0.7178275214091593,-0.0018910634713035608,0.002294420172105937,0.6962146285611961
0.5,0.3668229888265696,0.18119509263728464,1227.5735424839215,1.2440005145272095,1.4008521975879407,145.22997795709767,0.7177963935062023,-0.002125022981327905,0.0037542418508091026,0.6962397054283415
0.6000000000000001,0.4017183697710129,0.3782444556549108,1243.5133242212912,1.977637948180131,2.5827818033808345,174.31369835113065,0.7177855474454327,-0.002022175908831858,0.003893756284303361,0.6962504271776447
0.7000000000000001,0.6206714929861482,0.6949031260499431,1262.4232742819752,2.5680784037972053,3.683895420504612,204.0707117211445,0.7178017208207604,-0.0008563692953571038,0.004232697416358031,0.6962341850921763
0.8,0.9568776771151428,1.0989368355757825,1284.3495874497473,2.9539998433636914,4.340090910662516,234.7839699596115,0.7178197441667458,-0.0011779858870756283,0.0029855223779459497,0.6962215982643517
0.9,1.2608731347541655,1.564674962675232,1309.4162240852497,3.3526342363819066,5.043275225779737,266.67549509983104,0.7178015723097037,-0.00037965024171455564,0.004253752808088163,0.6962346330386466
1.0,1.6945454317189779,2.1221371521615175,1337.7358144178008,3.7734783443248805,6.11568676072805,299.92244112647165,0.7177993917374305,-0.0002925275759787248,0.004374232875700291,0.6962361766927523
1.1,2.165657910162788,2.8921547451861223,1369.4532007714997,4.163452492647209,6.914165576717593,334.6489799033774,0.7178114382681645,-0.0002994597124913666,0.003423967796851116,0.6962290757069801
1.2000000000000002,2.6411384433746625,3.6552267878162197,1404.7159291263606,4.620317083378646,7.883025979573749,370.90071280777266,0.717797990825972,-0.0002857085077940244,0.004430910460596857,0.6962372654270501
1.3,3.1507389115459437,4.441015876677669,1443.688957787967,5.121025982469294,8.866288040221022,408.9956547974779,0.7178077086830661,-0.00026830115096264915,0.0037299985603188213,0.6962313613163365
1.4000000000000001,3.694098966061882,5.287788482678152,1486.5812263213243,5.726864960424769,9.90812355195555,449.21008280610044,0.7177994895796583,-0.00022642590746302534,0.004328570067774661,0.6962363858429542
1.5,4.291716001039322,6.333728341695264,1533.6081846591908,6.3785336950409866,10.972665577423033,491.7886631559981,0.717804477936686,-0.00025594153447254335,0.003960901290210352,0.6962334214966571
1.6,4.946916489068102,7.488572733395292,1585.0255655646986,7.2372745552107975,12.161296135410042,536.9798032557784,0.7178007362908353,-0.0002370533955493954,0.004319997284045238,0.6962351502254738
1.7000000000000002,5.663565718057762,8.762205929773174,1641.0784821227048,8.062072226903204,13.312261026965913,584.4442528079769,0.7178012684959745,-0.00023143526719484933,0.0042314120923910865,0.6962351474430111
1.8,6.393490613635873,10.15686766586571,1701.9824801866696,8.970089330022482,14.561391775745438,633.9660850582287,0.7178025475616241,-0.00015359264726763522,0.004079266377331749,0.6962347583316736
1.9000000000000001,7.176733273471789,11.67141931301838,1767.814339099822,9.855761747225769,15.748209774156711,682.4931301767256,0.7178009460726015,-2.680025555129798e-05,0.004184252555362322,0.6962358028208385
2.0,8.070666273819054,13.30347134206107,1838.4592327065793,10.726608487824807,16.88295399411836,730.2388822959017,0.7178012690738708,0.0001109432055787923,0.004115701963047039,0.6962358700935316
2.1,9.042179564246116,15.048615581590186,1913.8224148073907,11.58264844859612,18.00127183701402,776.9408255426556,0.7178016831808021,0.0002592933449385629,0.004039214788700697,0.6962358516577981
2.2,10.075807059135645,16.90285363543986,1993.81264923001,12.400860120329853,19.081896975837605,822.6257697425511,0.7178012192820314,0.00039979940543816584,0.004028533963202659,0.6962363253032492
2.3000000000000003,11.25560609905798,18.862421296189435,2078.306363684642,13.197808390656496,20.110123172843977,866.966705639883,0.7178009393532047,0.0004395081084339223,0.003994505884585936,0.6962367860283006
2.4000000000000004,12.578269885569055,20.923405679946175,2167.1716126254923,13.978391082926619,21.09685864806902,910.121991877931,0.7178016444057496,0.0004779199855808172,0.0038762130061114203,0.6962367024608946
2.5,13.95019415321659,23.080728615741684,2260.270084065111,14.729861274146693,22.03020810948825,951.3848165667333,0.7178016288053726,0.000473897633237268,0.003986286604424915,0.6962360997711154
2.6,15.39404196215896,25.32658222371473,2357.3269615322606,15.4198412446698,22.87408868928915,989.2529086782154,0.717801435947091,0.0004707907968795553,0.004078046432183926,0.6962357692948682
2.7,17.06368185088676,27.65179915310057,2457.9835558804043,16.0299933592641,23.61686039759957,1023.2539568034169,0.7178011890797443,0.0004926927899376856,0.004055060590878147,0.6962361429092317
2.8000000000000003,18.7233774511753,30.046446952415067,2561.8318481714946,16.52766394591867,24.25825424090323,1053.106021761021,0.7178010415763671,0.0005080718006226759,0.004034047067512283,0.6962364059995605
2.9000000000000004,20.437368316661185,32.499880540188876,2668.4502087746637,16.955373832406014,24.793082599265766,1078.760494413711,0.7178013606235581,0.0006119925148124711,0.0039170963152539845,0.6962366612787548
3.0,22.197974687779958,35.003411054270686,2777.439008643527,17.30818983705227,25.256670328742896,1100.380166386727,0.7178017043137753,0.000720627204538261,0.0037774558508916565,0.6962369746056053
3.1,23.997342381551857,37.549021695069946,2888.3976671076184,17.59529841450453,25.638299182569792,1118.1573231468435,0.7178019965730578,0.0008368113958810242,0.003633496478566293,0.6962373095186438
3.2,25.828292098039565,40.1282540562468,3000.951003998257,17.822914141453776,25.949838374442837,1132.3490228707874,0.7178020242337078,0.000860156808907383,0.0034992348036918773,0.6962379402848169
3.3000000000000003,27.683973462277912,42.7355504913089,3114.758307964917,17.99806113014597,26.193152536704755,1143.2854735999815,0.7178021296577887,0.00073216483899975,0.0033841519560887214,0.6962385468421938
3.4000000000000004,29.55873023032343,45.36455786802335,3229.5121963314873,18.12232210829564,26.373028268703816,1151.3054232958248,0.7178019976632508,0.0005378599453436042,0.003551325164325248,0.6962380275070464
3.5,31.44709613891158,48.00965507238344,3344.9307225473563,18.205427558473698,26.510095561208885,1156.6300826131173,0.7178017915039119,0.000329435727407835,0.00373310463560992,0.696237418928095
3.6,33.34410637492833,50.665296894503264,3460.756338480826,18.25281950010826,26.595462037805092,1159.4910072781872,0.7178015801376078,3.235655899078837e-05,0.003942349194627779,0.6962365606515031
3.7,35.24622904673447,53.32638035446209,3576.7543663699844,18.26694991145283,26.622300500657627,1160.0995124051342,0.7178031529526807,-0.0003359377427356398,0.0038611707838730833,0.6962353137533325
3.8000000000000003,37.14897338975303,55.98772641351954,3692.708951566012,18.2528492965492,26.59588960785043,1158.6539573290327,0.7178038472024447,-0.0006439864958181123,0.0039852336484237656,0.6962336821323213
3.9000000000000004,39.04931548401781,58.644552840608476,3808.4241602763086,18.217405722377514,26.533766973232915,1155.3293266820044,0.7178047901862731,-0.000574960429952497,0.004141395380454557,0.6962318589740398
4.0,40.94304634675036,61.29220875348171,3923.722857307392,18.15687266475613,26.415126281118184,1150.327929614143,0.7178075447592979,-0.00047719283358396166,0.0037849743738272426,0.6962311217854438
4.1000000000000005,42.79078780389781,63.926075996862814,4038.442850876045,18.079134896270908,26.253207411653253,1143.7849894465824,0.7178105742494492,-0.0003689491799708491,0.0033827552744539625,0.6962301346099088
4.2,44.63019997533366,66.54259349853767,4152.440700981324,17.989336012005197,26.06653561784534,1135.8827734337315,0.7178128034839648,-0.0002368756999221319,0.003201850895284875,0.6962287491875341
4.3,46.46026580446841,69.13770657805739,4265.586526881721,17.888659988196185,25.838159082076075,1126.7546919483354,0.7178146119469145,-0.000362023020156287,0.003097824115908993,0.6962273014616566
4.4,48.280261263113466,71.7085011513935,4377.766979852505,17.779430651334103,25.57540430696397,1116.6105434553258,0.7178164660173888,-0.0005338790897523832,0.002974049533266062,0.6962258190535583
4.5,50.089350973681206,74.252673599725,4488.885279508936,17.661423161953962,25.296879714738573,1105.5582146094002,0.7178181785990915,-0.0005987506683899365,0.0027896850027582555,0.6962247637278532
4.6000000000000005,51.887460032762334,76.76758317797423,4598.8573377282055,17.540136920625926,25.00051276593915,1093.7360350660053,0.7178199174959244,-0.0005478212750364649,0.0026335776331756844,0.696223620833741
4.7,53.67421158676891,79.25146584105576,4707.600421381442,17.410432041329475,24.662901159260063,1080.3851818567584,0.7178215264202211,-0.0004712372621149532,0.0024870831285023717,0.6962225567738367
4.800000000000001,55.44829693722461,81.6994947136064,4814.935387980448,17.27360258823426,24.29988254692233,1066.2803669924642,0.7178223972411137,-0.00031659002327717625,0.002445076574223605,0.6962218952247367
4.9,57.21045509373352,84.1122315900177,4920.895819361525,17.14437205696992,23.954633878066886,1052.6300942064188,0.7178234037860495,-0.00017184816553976877,0.002432186213976605,0.6962209533728777
5.0,58.961486556675894,86.49096480490317,5025.5094565850195,17.024368095820982,23.623080334862074,1039.405555456181,0.7178242918288906,-3.0463479984676702e-05,0.002411884924335109,0.6962201289415869
5.1000000000000005,60.70180784931564,88.83684599572604,5128.819397633868,16.909892313216528,23.416826314517404,1026.584820050068,0.7178244955851125,0.00018092214787127623,0.0023897817642891807,0.6962199722417293
5.2,62.43178903884471,91.1506025726558,5230.864037109062,16.801364030676613,23.25574337236168,1014.1406207416607,0.7178242964009451,0.0004506685755684769,0.002372018180260272,0.6962201160007341
5.300000000000001,64.15188517106658,93.43313533548175,5331.675114134365,16.698073910419083,23.123129179462627,1002.0554052435639,0.7178238233873392,0.0007268958839262057,0.002353985086944803,0.6962204312961281
5.4,65.86245831055561,95.6854110965518,5431.28854999847,16.60125789836465,23.004198405453614,990.3118555942507,0.7178235711446118,0.000978199297333311,0.0023302496135037877,0.6962204634827031
5.5,67.56373041695754,97.90746479813573,5529.7429511372575,16.51196985971822,22.79450653988867,978.8920560645836,0.7178230767464908,0.0013185278897314193,0.002288326818384329,0.6962205509282081
5.6000000000000005,69.25595730911965,100.10022380973481,5627.074998091759,16.42704701158903,22.548715188294725,967.7715582887207,0.7178224730797382,0.0016385258883898088,0.002256551039726468,0.6962205974775572
5.7,70.9394234198933,102.26377239044614,5723.307171117067,16.346919190037998,22.313262567563754,956.9314136144557,0.7178218986846886,0.001964791529060464,0.0022158164235753417,0.6962204762289983
5.800000000000001,72.61438706260056,104.39853712271697,5818.467417034905,16.273405187848187,22.05009162749549,946.3602447639765,0.7178213758107547,0.0023014864601927643,0.0021718009152332848,0.6962201224253817
5.9,74.2815064334865,106.50413719477677,5912.584568930769,16.206023740363282,21.752107899433156,936.0453685533938,0.7178210449533029,0.0025333225298980306,0.0020885382664114476,0.6962199133226638
6.0,75.94087375198464,108.58104969359512,6005.677363749092,16.14321042591513,21.457798164271654,925.9780806156801,0.7178206499514793,0.002816246912450893,0.0020261778005451615,0.6962194178993318
6.1000000000000005,77.59313133859094,110.62902570015827,6097.780800876164,16.085095419150832,21.164750863800247,916.1465119773067,0.7178204188213448,0.0030739250288989053,0.0019715663989433333,0.6962187229843795
6.2,79.23863366280099,112.64805024405074,6188.911076326262,16.03299788320252,20.867053245142817,906.5421663105495,0.7178200241777567,0.003321254590201471,0.0020315821332539045,0.6962178213974614
6.300000000000001,80.87769601845685,114.63868893726145,6279.091446452368,15.980007509318444,20.58134888610087,897.1561994080997,0.7178200710885309,0.0033728406929008736,0.0020374399288009223,0.6962175079144832
6.4,82.51086259084957,116.60076781592046,6368.342290236763,15.93475990476728,20.289150071191916,887.9759615063216,0.7178202929221561,0.0034214865013199374,0.002031747642544156,0.6962170584672487
6.5,84.13841217867936,118.53484374802964,6456.68347617239,15.891185767117937,20.001531359242918,878.9941250880933,0.7178207320109056,0.003367562187472182,0.001957193149814075,0.6962170822489316
6.6000000000000005,85.76070426021914,120.44094921061546,6544.143036556866,15.835561989076014,19.72014962220077,870.2051606311276,0.7178212116545184,0.0034121502060851395,0.00176144597698909,0.6962168933873125
6.7,87.37816165066651,122.31946659678569,6630.735302767755,15.782750857039716,19.44023926908263,861.6011843846771,0.71782179584269,0.0034287175407297006,0.001491402451750023,0.6962168405230718
6.800000000000001,88.99087798256431,124.17190165928936,6716.472988597761,15.731426416459504,19.174938834944207,853.1752788537157,0.7178217320874483,0.003472916122917398,0.0017236553963771468,0.6962161509248788
6.9,90.5993098843638,125.99780017396243,6801.378504979303,15.7031048540418,18.914615240488786,844.9190281800613,0.7178219762212126,0.0035400750507463812,0.0016878910350916015,0.6962156485934238
7.0,92.2036540435792,128.13443291007692,6885.466036126027,15.67646904942318,18.65323636656731,836.8284749872362,0.7178221530401319,0.0035900907831628213,0.001774444241294348,0.6962149949553174
7.1000000000000005,93.80415268564332,130.57587526861545,6968.752915825584,15.663985894273521,18.41181884680263,828.8982880192495,0.7178223321168782,0.003646860998219675,0.0018334874175633823,0.6962143622786271
7.2,95.40110422986419,133.02467225675042,7051.254050059376,15.65432104466174,18.166504568139512,821.1235021162342,0.7178225644865086,0.0037043646876867824,0.0018480102730947243,0.6962137807127228
7.300000000000001,96.99442693052038,135.48013608042982,7132.982951906435,15.639174078824011,17.92524516139814,813.4984808348307,0.7178219879953688,0.003834746853010861,0.002035431167195136,0.6962131464479204
7.4,98.58452470802607,137.94164778055247,7213.958036824762,15.619650894432107,17.694566733104672,806.0174171286467,0.7178218079466057,0.00392991479943528,0.002084879356961054,0.6962126550731482
7.5,100.16158164584935,140.40725134498817,7294.190806677212,15.601570015995376,17.462850685069746,798.6768135382821,0.7178212170419471,0.004062667100215097,0.0021926072986260493,0.6962121713771491
7.6000000000000005,101.72281329886003,142.48358157675773,7373.695472479905,15.58592064717997,17.236974092103292,791.4727169822906,0.7178211814711939,0.004164395730318724,0.0022433969708468364,0.6962114451871154
7.7,103.28214763289613,144.3522202309595,7452.491794015582,15.572270735639894,17.015011294385715,784.4002270888705,0.7178206431914586,0.004286447555550997,0.0023415383925829846,0.6962109362639388
7.800000000000001,104.83989839529731,146.20404766911022,7530.583406682263,15.559117025511641,16.79290975665187,777.4570073425652,0.717820443063397,0.00440499820079638,0.0023993294107315035,0.6962102058498556
7.9,106.39615552624232,148.03948177115134,7607.986286898759,15.548172586320419,16.577404436921267,770.636636284615,0.7178196753944522,0.004525940034251863,0.0024438905750286616,0.696210066633819
8.0,107.95107353535994,149.8582929372977,7684.71366367033,15.537342273524612,16.360327742895976,763.9354151748257,0.7178191151385599,0.004657388263169577,0.0025005076113523384,0.6962095763043961
8.1,109.5047533591337,151.66107277047666,7760.776634833287,15.529064418364571,16.15015562256943,757.3504652360511,0.7178185801892731,0.004771735108765434,0.0025442663118503813,0.6962091949895824
8.200000000000001,111.05734172516655,153.38783719802228,7836.187009693692,15.519907714922713,15.937882852390173,750.8787296133138,0.7178177903265385,0.0049065798916248455,0.002598798012809501,0.6962088706798998
8.3,112.60892592494272,154.97136422492972,7910.956158266145,15.511412620317754,15.731854304698105,744.5174574367943,0.7178173758870381,0.005020305544764141,0.0026463530541523156,0.6962083080676333
8.4,114.15965182673095,156.5341748667627,7985.095279864842,15.503321480773364,15.525041984687489,738.2635908698389,0.7178164832359356,0.005153344527570864,0.0026947263506681626,0.6962080708271551
8.5,115.70968747242742,158.07656521573134,8058.613562854999,15.497319620906321,15.322739837398062,732.1127608798342,0.7178163889290956,0.005218244162090355,0.0026854625389016278,0.6962077204424051
8.6,117.25909895573665,159.59868375241618,8131.51981966777,15.491491222762049,15.120975846781313,726.0619234761448,0.7178156664206052,0.005330893716970321,0.00270636690002695,0.6962075309787471
8.700000000000001,118.80807216539121,161.10090602711526,8203.827246038494,15.48787699790492,14.922399419915278,720.1083343494078,0.7178155115880219,0.005400215966544195,0.002698242667225789,0.6962071878957081
8.8,120.35668421700898,162.58314220991414,8275.54499757017,15.484781198942148,14.725367886731295,714.2496862046766,0.7178148566475437,0.005507693072859422,0.0027182359229873127,0.6962069434346
8.9,121.90510142901707,164.04601989926698,8346.685149561654,15.483574609374946,14.530480058498036,708.4840709171498,0.7178146009091442,0.005583624999772025,0.002681361565350398,0.6962067452658469
9.0,123.4534065954627,165.48940800370286,8417.255652756188,15.48286110174538,14.337977668842782,702.8094194891659,0.7178141087615614,0.0056850457303023,0.0026406419366492495,0.6962065875356626
9.1,125.00173827094747,166.91369226781737,8487.264015030923,15.483989678197375,14.148975151446326,697.2232985435485,0.7178138907339254,0.005769111369701974,0.0025868049152528625,0.6962063229127976
9.200000000000001,126.55022263131174,168.3196376842745,8556.716803199426,15.48576498100194,13.96782444043879,691.7198036402573,0.7178148932627924,0.005888612483930702,0.002586242013896564,0.6962042908553391
9.3,128.098948747249,169.70700202165196,8625.622958862506,15.489096597149958,13.782600103282599,686.2967827449894,0.7178152696006596,0.005983690703368611,0.002519756476264688,0.6962033359594014
9.4,129.64805340845317,171.0766015099458,8693.99071693245,15.48383713249664,13.608028174124945,680.9523134482438,0.7178163930859358,0.00610204650074902,0.0023990962134417025,0.6962015765444365
9.5,131.14636159330232,172.42848812811113,8761.829930130363,15.467081551012447,13.431535095766977,675.6849345165984,0.7178168583480578,0.006198775639991417,0.0023297602631811103,0.6962004777856773
9.600000000000001,132.53486242748514,173.7632510558484,8829.139719992545,15.45328888184646,13.26338318826252,670.4935783885597,0.7178178158875995,0.006316168011729011,0.0022106866310836783,0.6961988236708124
9.700000000000001,133.85503063680224,175.0810755010547,8895.935535066345,15.438243146730903,13.09508327013822,665.3753351248736,0.7178183383480637,0.006413515737376931,0.0021386131914215307,0.6961976201343469
9.8,135.1685766287523,176.3825708979702,8962.224569770467,15.425569275604694,12.933406876883588,660.3293351704095,0.7178191487444875,0.006533821009025812,0.002022577028652212,0.6961960126723827
9.9,136.47580652125652,177.6678599581946,9028.01137707955,15.415123993756675,12.776833850199457,655.3544586041901,0.7178198428246069,0.006646767636254878,0.0018993641862006395,0.6961945749163336
10.0,137.77725456569132,178.93821530605513,9093.303311372532,15.407843235739826,12.698983986088015,650.4482709821882,0.7178225301032721,0.0068101456739702755,0.0014728319733315323,0.6961912581740843
10.100000000000001,139.07273488149255,180.19300640717742,9158.107803510444,15.400459592995462,12.680993735535393,645.609154597942,0.7178237930999786,0.00689231501029717,0.0012672484879426365,0.696189551871204
10.200000000000001,140.36294245342353,181.4336927277293,9222.432002478747,15.469816488635026,12.662367959337395,640.8360846274339,0.7178260166054272,0.007051280141478868,0.0008316660090383827,0.6961863239567413
10.3,141.6478111335257,182.66004856073604,9286.283178164214,15.480422821354408,12.645308404500952,636.1272896095347,0.7178273535288272,0.007140014031342024,0.0005896647066940756,0.6961842881169942
10.4,142.92792021428073,183.8730665734668,9349.662875424034,15.466666665141599,12.628052720532443,631.4823247500108,0.7178290280255761,0.007295911023811814,0.00019789872613563923,0.6961811668253339
10.5,144.203273758919,185.07283637220112,9412.58341949092,15.45136544782876,12.611869663800809,626.8992578697543,0.7178303459446175,0.007389184972443902,6.877903590052142e-05,0.6961788489001356
10.600000000000001,145.55333288869735,186.26010906988614,9475.047660974931,15.425196471324327,12.596005745285614,622.3771570506469,0.7178317014759418,0.007541792376659088,-1.88585471002629e-05,0.696175817856565
10.700000000000001,147.34789167222516,187.43510994045343,9537.062428318419,15.382735098767606,12.58067177094199,617.9146477228097,0.717833071427556,0.0076374757564449045,-0.00012177245879376569,0.6961733517597605
10.8,149.15043033715736,188.59838043922701,9598.63541492855,15.358398184068369,12.568506583546418,613.5102215345485,0.717833765018404,0.007780796152255049,-0.0003878067655470043,0.6961709521494361
10.9,150.96066767185022,189.75013859274446,9659.768634701786,15.354713560174279,12.5549043590427,609.1607996785582,0.7178339591723265,0.007876910947371625,-0.00047753660206847193,0.6961696153177784
11.0,152.77924827744553,190.89094748474125,9720.4697396897,15.34086940611586,12.543337511850385,604.8653135464018,0.7178345482608117,0.008012235077380477,-0.0004407836477781747,0.696167487837544
11.100000000000001,154.6054349747859,192.02108436931917,9780.74500420247,15.330142667004274,12.533173164156775,600.6229340561788,0.7178348807380857,0.0081196387825512,-0.0003282366246950308,0.6961659627721665
11.200000000000001,156.43974083000515,193.14084185077516,9840.598749808963,15.317521509851948,12.523021414134021,596.4327074189317,0.7178353168027498,0.008245947250679488,-0.0002845029569724028,0.6961640477378177
11.3,158.28163275781304,194.250766227276,9900.034788645793,15.308842524325417,12.515727014443586,592.2939151865825,0.717835713554512,0.008362233945954206,-0.000213998331961547,0.6961622767673006
11.4,160.13133949356848,195.35092781936797,9959.061084137484,15.298470217855025,12.507217763919098,588.2054053755668,0.7178359824121753,0.008481848241214677,-0.00021422208792387635,0.6961605523969722
11.5,161.98869779632008,196.44186941357052,10017.678174717132,15.290458908212308,12.502299489783148,584.1669517116196,0.7178364539968288,0.008605135272165745,-0.00021740839960911255,0.6961585521228582
11.600000000000001,163.85358695458856,197.52373188195693,10075.897144517989,15.2831861886508,12.495743517070943,580.1769927799064,0.7178366022632982,0.008719436871559415,-0.0002134672143166596,0.6961569782049697
11.700000000000001,165.64367311920037,198.59694905234886,10133.718432155078,15.275479743340505,12.492650446772856,576.235102484753,0.7178370879042778,0.008848149643091446,-0.0002176362349885291,0.6961548521065329
11.8,167.23611290090741,199.6616201201475,10191.149675437726,15.27037387939787,12.486735621521815,572.3401026237619,0.7178371568979046,0.00890740057068478,-0.0002137815170821292,0.6961540265553806
11.9,168.82866663922752,200.71745988415688,10248.191739350385,15.263433462732262,12.483635610910962,568.4903210874556,0.7178367678194528,0.008879485657173418,-0.00021004694434817418,0.6961547855048229
12.0,170.42375353468918,201.76559150495063,10304.850406222664,15.259821677370523,12.481643532878403,564.6850215393822,0.717836982819073,0.008919288037754498,-0.00020767407735994495,0.6961540557014566
12.100000000000001,172.02105603977583,202.80528787501063,10361.13216013964,15.254569656072354,12.477154788505723,560.9231697496107,0.7178367559908663,0.008894280103345049,-0.000202355143989164,0.6961546111190735
12.200000000000001,173.62081812591612,203.8372576900455,10417.040531810104,15.251142268352618,12.477329943702557,557.2046660720857,0.7178370601017846,0.008868629325293876,-0.00020099926173117164,0.696154625178641
12.3,175.22281241940854,204.8614338184609,10472.576564271287,15.248089343243928,12.473156500992056,553.5283115705392,0.7178372216125308,0.008839668581810487,-0.0001951722439478889,0.6961548286371081
12.4,176.82707335826765,205.8777207805386,10527.748402045087,15.244730770039977,12.47340592661723,549.8937650506424,0.7178372247395114,0.008816307669579467,-0.0001932422899849151,0.6961551221924385
12.5,178.4336467072519,206.88671492155353,10582.559012592621,15.243434179308398,12.471518756508978,546.3001723730389,0.7178375516060911,0.008787012965954308,-0.00018905800916140298,0.696155156674414
12.600000000000001,180.04233558823117,207.88799471898386,10637.012773768767,15.240809539914602,12.470357230954297,542.7467767763351,0.7178374870794343,0.008763705382652413,-0.0001847494152198984,0.6961555181704031
12.700000000000001,181.65333083121214,208.88217354743418,10691.112617930174,15.24014526713728,12.51052062188494,539.233454524233,0.717837820410705,0.008734710284410552,-0.00018300047529357593,0.6961555393265805
12.8,183.2664118193134,209.86901944269823,10744.860572993382,15.239309563922642,12.594730737205532,535.7592374371757,0.7178378313386627,0.008710990710538638,-0.00017735297774674387,0.6961558267268672
12.9,184.88163981253666,210.84878536285925,10798.264617256604,15.238522892790956,12.681751051935443,532.323240614237,0.7178380403004155,0.008681654403820812,-0.00017377862756705778,0.6961559786250926
13.0,186.49899666590235,211.82210354946008,10851.327441042682,15.261410292698477,12.761523412399645,528.9237131139996,0.7178390311913453,0.00862210388334483,-0.00011650914327265129,0.6961557089103811
13.100000000000001,188.11836772996185,212.7887639743845,10904.051667628468,15.346192091052155,12.733276811162504,525.559874398573,0.7178403429062601,0.008551100522773549,-5.720397266737856e-05,0.6961552395147059
13.200000000000001,189.73987283532455,213.74878646927735,10956.441005711757,15.426545368163323,12.714005067446372,522.231075272443,0.7178408677517707,0.008509689322486538,-3.463803929669813e-05,0.6961552072442077
13.3,191.36331764025365,214.70299991704434,11008.498437806154,15.505749475548642,12.687310362794584,518.9368681678421,0.7178422841608265,0.008436374235288181,3.850332309006758e-05,0.6961546388396931
13.4,192.98699831435246,215.6509496301384,11060.229696405475,15.585669554605127,12.741444931441348,515.6765405670193,0.7178432265358231,0.008383095082779889,7.382888750950863e-05,0.6961543078820724
13.5,194.61019576356554,216.5932420146985,11111.636305451808,15.648032635019966,12.794587125563105,512.4498418397237,0.7178439997850536,0.008329579450976132,0.00011810815268263775,0.6961541468160841
13.600000000000001,196.2354335604613,217.530150995147,11162.722426501896,15.64992622552088,12.843534041797836,509.2559735140205,0.7178455087523657,0.008255823819921298,0.00018329414467123785,0.696153455310227
13.700000000000001,197.86277830256898,218.46149866623526,11213.48856753549,15.625615946779499,12.897697364173057,506.0949952300772,0.7178461658865518,0.008213837943485435,0.00021107452267396255,0.6961532664835819
13.8,199.4921361893907,219.38794637515537,11263.942329114003,15.594023232794493,12.938811495115278,502.96575671442264,0.7178474235361203,0.008145793859876474,0.00018324637546736981,0.6961527770437408
13.9,201.12352009184144,220.30937202299617,11314.083228592588,15.562734734810615,12.984296493426006,499.8683097500579,0.7178486321338945,0.00808176852239611,0.00017173080912519839,0.6961522799428126
14.0,202.75691539902084,221.22597422981755,11363.916695952808,15.534302105900727,13.026092201141699,496.80186884122514,0.7178494481051465,0.00803956661816338,0.00013890792964535393,0.6961519345145252
14.100000000000001,204.39225732282313,222.1382554390817,11413.445949911784,15.505422234658768,13.060583119135824,493.7660183653379,0.7178508664561074,0.007964398011334533,-8.151176355385767e-05,0.6961513450740187
14.200000000000001,206.02956322918476,223.0459761228373,11462.672744608486,15.478280352834947,13.099719086475606,490.7603751710741,0.7178518533573779,0.007907844273395463,-0.00024817434614997445,0.696150932657437
14.3,207.66899258585786,223.94947444737636,11511.59942505024,15.4548466313085,13.129436926155547,487.7841722680568,0.7178531658281213,0.007836230420275649,-0.0005200794308477031,0.6961502390437927
14.4,209.31090879532474,224.848508107257,11560.228369180017,15.430459528543222,13.154743225817054,484.83628780541335,0.717855511868215,0.007627808986966405,-0.0008823430075506148,0.6961497698637116
14.5,210.95466807910083,225.74355479604907,11608.56810394053,15.406259437905629,13.186796999050525,481.9159211833255,0.7178567920704066,0.007512679508311504,-0.0010708716984990576,0.6961494372322624
14.600000000000001,212.6006958364671,226.63480260651215,11656.614100136429,15.383164425830294,13.206654046064118,479.02336126199367,0.7178583505898717,0.007404237586755148,-0.001388467984744371,0.6961484309475984
14.700000000000001,214.2492788181083,227.5218591580155,11704.372810172437,15.353248298302988,13.225945150653375,476.15778234331503,0.7178603711035068,0.0072026538590834206,-0.001706496739101538,0.6961477553259806
14.8,215.89995542628802,228.40524593750754,11751.847304742125,15.324399416412279,13.247472497497816,473.31877627528166,0.7178615190442144,0.007104173276959943,-0.0019150409133512163,0.6961470410882202
14.9,217.5532529791211,229.28489678376525,11799.039131210799,15.301918209258355,13.258292298917613,470.5061441974701,0.7178630926739383,0.006975399255391968,-0.0022510960842012898,0.696145715025422
15.0,219.20918417490165,230.16066948506779,11845.949828762892,15.2763643229209,13.271111375565818,467.71947552173316,0.7178645529954256,0.006959629608153788,-0.002214248923106004,0.6961444851538376
15.100000000000001,220.8675041740172,231.03301795529902,11892.583371806597,15.253441659309482,13.282840059211043,464.9583212218765,0.7178657036889844,0.00698120541681531,-0.002071913214622504,0.6961435207007808
15.200000000000001,222.52184914338835,231.90178457929676,11938.943119958185,15.235229484327018,13.286218375767445,462.2223097183825,0.717867293574426,0.007049384667540348,-0.0017944456316611223,0.6961419646572191
15.3,224.1707922833522,232.76694447974677,11985.030098900905,15.214141454550575,13.291922419422562,459.51114849957105,0.7178687152528923,0.007099686740494167,-0.0015214661967725565,0.6961406375510346
15.4,225.80259529929629,233.6288199674993,12030.847360338645,15.29231835797846,13.295102664895088,456.824267095263,0.7178700249238137,0.007109944575536578,-0.0013638839716031128,0.6961395088806036
15.5,227.4369775225648,234.48730360607118,12076.394525980888,15.386869259785854,13.291621327462,454.1614687884513,0.7178724490578645,0.007005912951935522,-0.0010763975470654964,0.696138567697333
15.600000000000001,229.07393587544476,235.34239938563155,12121.677799128602,15.48405610396364,13.290519657657123,451.5225322065479,0.7178755670441075,0.006697236166731379,-0.0008197952077865255,0.6961387399108351
15.700000000000001,230.71355327194848,236.19442768525906,12166.701472521256,15.578156602287173,13.286206894487476,448.9068329955863,0.7178760483399926,0.006887195401261011,-0.0006491227641894839,0.6961365702208859
15.8,232.35576551244677,237.0432417812634,12211.464776345974,15.667600928728383,13.276088839588136,446.31461832028486,0.7178765898388688,0.007149960150634413,-0.0003864214615344901,0.6961335579539426
15.9,234.00048226021397,237.88894114619984,12255.96713794292,15.750208766991655,13.27180564642416,443.7442831276837,0.7178775968202956,0.007178166144165019,-0.0002689867530712428,0.6961322845267633
16.0,235.64722569808865,238.73193750744898,12300.215124021437,15.826919540705271,13.276955890148619,441.1958506723776,0.7178797770261434,0.006825476280841033,-0.0004284219206156742,0.6961335037656874
16.1,237.29415911418405,239.57196169421223,12344.208178395384,15.90104618750103,13.262700835322313,438.6694804045688,0.7178816006317484,0.00672945386336217,-0.0007876979785465175,0.6961322442302141
16.2,238.94319713441334,240.4090244239769,12387.949646241905,15.916227529955949,13.251771255131402,436.1636697446926,0.7178828223866344,0.006752975455189424,-0.0005389334215084772,0.6961309935604568
16.3,240.59469035542222,241.24361698933777,12431.442154332595,15.969618182914692,13.254174368459683,433.678913863577,0.7178846544196772,0.006450927410992469,-0.0007232109130706162,0.6961318017805636
16.400000000000002,242.24848389333744,242.0755741679239,12474.687825117364,16.061815409085845,13.244162776483538,431.2149930325169,0.7178864083738744,0.006302403487878268,-0.0010689921689638233,0.6961309084059388
16.5,243.9044371105574,242.90485251534432,12517.686513892791,16.120840230609446,13.234191862052022,428.77118078708133,0.7178880291981848,0.0062529511942555635,-0.0009004420555308698,0.6961299213073756
16.6,245.56275641332869,243.7318424740934,12560.445114269913,16.137914164836133,13.235831890190871,426.3473756816984,0.7178883688661079,0.0062791692553384355,-0.0010538270337739758,0.6961291197247853
16.7,247.2234461415359,244.5565393382385,12602.958741046645,16.135968906174867,13.22965845940382,423.94355903832343,0.7178886416260476,0.006406158947214312,-0.0013504691146745248,0.6961271691185609
16.8,248.88628058102623,245.37880480170693,12645.23473222954,16.12996978458924,13.220845823198525,421.55927394359384,0.7178898254497874,0.006440796527534386,-0.0013064250064851797,0.6961257127196689
16.900000000000002,250.55148587036726,246.1989848473113,12687.272848720564,16.11930414771772,13.221219311602304,419.1940196697436,0.7178898214129091,0.006556322533236884,-0.0014314887161081093,0.6961243924663445
17.0,252.21904654582372,247.0171392599044,12729.076784962856,16.11342191900592,13.218702279906195,416.8481046033966,0.7178903151646923,0.006606274921444076,-0.0016364901689531225,0.6961229592710816
17.1,253.88882856653052,247.83315323362459,12770.64581823535,16.106018512146232,13.211474268400021,414.52076180414525,0.7178919008814223,0.006523457688844807,-0.0017185995535335843,0.6961219071141308
17.2,255.56089605320057,248.64727022759445,12811.982526837044,16.093493685641576,13.2105633812615,412.2117908116884,0.7178930390574618,0.006458986996205931,-0.0016403492559708933,0.6961215233090722
17.3,257.2353498510647,249.45959495677732,12853.088237963071,16.08379583878802,13.210553438432415,409.9211821475697,0.7178939700043615,0.006396366200987724,-0.0017841148963905738,0.6961207878413315
17.400000000000002,258.9120431801514,250.27005148933657,12893.96771129088,16.074814983568334,13.205679330826753,407.64876333051035,0.7178954734025346,0.0063167579801967685,-0.0018656206572927856,0.696119750686858
17.5,260.5909890075285,251.0787657123518,12934.621003787404,16.061031366517128,13.203743884610462,405.39398024226426,0.7178966799447947,0.0062462321572030405,-0.0018570198867781846,0.6961191657936302
17.6,262.2723583889246,251.8859266679337,12975.04932125057,16.057436634693858,13.204972253014734,403.15672870652463,0.7178974482558629,0.006184467047116728,-0.001997327235648023,0.6961185364856889
17.7,263.95593072820213,252.69146987874583,13015.254451222218,16.068371378784487,13.202968620689465,400.9368711614195,0.7178986485314587,0.006108878516986013,-0.0021636019904738494,0.6961174691576104
17.8,265.64174195082103,253.49545921572692,13055.239382476331,16.074874982219388,13.200859571667682,398.734100661595,0.7178999649197234,0.0060326269105570795,-0.002189038434585395,0.6961166970354539
17.900000000000002,267.32970611186505,254.29764331753927,13095.003949750986,16.07786388829871,13.204312813504757,396.54868711094025,0.7178996781886626,0.005938423371619119,-0.0022982336962666184,0.6961174507986072
18.0,269.01923929214155,255.09763502615849,13134.551435063455,16.082892055697656,13.210109618975968,394.3807623663265,0.717897802954473,0.005774485762331746,-0.0027712638230178595,0.6961190414894167
18.1,270.71090969073845,255.896369155225,13173.883574770432,16.086003508734034,13.211390348178401,392.2297577663819,0.7178977772936379,0.005658921175647516,-0.0029130540665276016,0.6961194380880248
18.2,272.40494556674656,256.6937482363732,13212.999917020103,16.08171471691663,13.212909295201396,390.0955233859272,0.7178981773661316,0.0055536855387186,-0.0030414988594944375,0.6961193236766318
18.3,274.1005187926009,257.4889646941879,13251.90644671733,16.07755821666999,13.22040965958054,387.97770265047694,0.7178972584772884,0.005398793709314607,-0.0031888767261585983,0.6961208302891841
18.400000000000002,275.7976198041712,258.2823153781076,13290.59918833379,16.078555208048826,13.227698075590322,385.87650534639755,0.7178935589174016,0.005989226830221685,-0.0033162501981022093,0.6961192209036516
18.5,277.4967162735841,259.07432701940854,13329.082861002935,16.076194117645905,13.232719386506336,383.79111941877045,0.7178908240274561,0.006583543602370568,-0.003436023389831289,0.6961160933882222
18.6,279.1974119373459,259.86439892161866,13367.360947642266,16.069849867832048,13.241281931731898,381.72152268596096,0.7178917504260173,0.006403084638751854,-0.0032530629808464845,0.6961177003629635
18.7,280.89931931026877,260.6522142707359,13405.429786475705,16.066731534079988,13.252976547350206,379.667748123263,0.7178928179722545,0.006050954288304766,-0.0029548865940211503,0.6961210789088871
18.8,282.60269235602334,261.4383494216789,13443.298582076077,16.064840944848655,13.262875810271263,377.6293318221358,0.7178935728412504,0.005884737903817259,-0.00274886501164154,0.6961225694331248
18.900000000000002,284.30761500798,262.22280454896645,13480.959434795344,16.058966503265598,13.27313492564293,375.6058718946503,0.7178944117253782,0.005800382139036707,-0.0025867379625264552,0.696123033642206
19.0,286.01365381930043,263.00498154091224,13518.419854953701,16.052384306740844,13.286970756375815,373.59759933269197,0.7178955766684747,0.005520873084429554,-0.0021880465223990363,0.6961254724635779
19.1,287.72072113305575,263.7850130969288,13555.683261027945,16.048586558602967,13.30155067327344,371.60408153933025,0.7178961476062923,0.005223096057906169,-0.001996481110369381,0.6961277573712964
19.200000000000003,289.4289978364402,264.5632895520091,13592.74348020201,16.043624324527315,13.314973533432282,369.6249978018757,0.7178968914732293,0.005107703084744604,-0.0017122839266538231,0.6961286035396239
19.3,291.1378714177272,265.3395314136343,13629.611209445078,16.035950574319106,13.330077667103735,367.6601587794829,0.7178979094701947,0.004961318125536346,-0.0012560656369592462,0.6961295850629371
19.400000000000002,292.7866374259722,266.11343637305214,13666.27850566841,16.029167394173786,13.347735469812449,365.70968505379886,0.7178986353168728,0.0046543777580974844,-0.0006942631398115466,0.6961317434053337
19.5,294.32465223649194,266.88519371061795,13702.755607804333,16.02349762583115,13.365085144338368,363.7729845541795,0.7178988646499523,0.004410984775056046,-0.0006491688206903771,0.6961331352029336
19.6,295.76709604047113,267.6550789197431,13739.037051410005,16.016271973557814,13.382163879394012,361.8500681074709,0.7178993519571176,0.004297699938619948,-0.0006354859220152539,0.6961333538858996
19.700000000000003,297.20732329248415,268.4226606831201,13775.127829429808,16.00772378680302,13.401237783387735,359.94052648485757,0.7178998195555818,0.004108101712233306,-0.0006102000213229317,0.6961340389884114
19.8,298.6454527993494,269.18786795204653,13811.028649739266,16.000110587094774,13.422031887268938,358.04458071706466,0.7179000040558562,0.0038013968079173154,-0.0005731807574961028,0.6961356225784813
19.900000000000002,300.0814656976948,269.9509165682427,13846.742228881432,15.992662962282168,13.442263183358756,356.16152264353644,0.7179001298769047,0.0036229365569900147,-0.0006032936864388829,0.6961364190229924
20.0,301.51530232438216,270.71192066163815,13882.264401084913,15.983801585899815,13.462686305691559,354.2917526575484,0.7179006791381795,0.0035130394884600037,-0.00047603899625754876,0.6961365145094511
20.1,302.9469864088895,271.4705133369891,13917.600515592207,15.974504688799218,13.485101217258523,352.43456652253417,0.7179008015331626,0.0034021491349012192,-0.0002551039377865485,0.6961370550841894
20.200000000000003,304.37651611540826,272.2266657783122,13952.75361152308,15.96575938236364,13.508474276191695,350.5899266764049,0.7179005476823009,0.003278435093389774,-5.68823915414041e-05,0.696137954909215
20.3,305.8039745448846,272.9806020228416,13987.723416289291,15.956791205366684,13.531385468449955,348.7577636311015,0.7179006819750655,0.003156369656187293,7.506512171798723e-05,0.6961383788554952
20.400000000000002,307.2292656673607,273.73243286454783,14022.508423625333,15.947384685744618,13.554806708266046,346.93738599189425,0.7179006018231016,0.003063749994662645,0.00017330109142711786,0.6961388577753223
20.5,308.6524970608755,274.4822037710929,14057.110996558946,15.938129110752591,13.567598336416692,345.1280596911765,0.7178990558191398,0.003030438594446197,0.00011571739457818092,0.6961406098665682
20.6,310.0724786019247,275.22980751021436,14091.5360865305,15.928211496850599,13.578470016495125,343.3296870095334,0.7178974638694734,0.002999094578246412,-1.0893414994402877e-05,0.6961423968433631
20.700000000000003,311.4821482736227,275.97494967424274,14125.780335192136,15.91778815474518,13.597651494248629,341.5418942857508,0.7178971976303072,0.0029118512803402038,-3.851404170028535e-06,0.6961430418684365
20.8,312.8893680065376,276.7178336636776,14159.84452102911,15.907639649808813,13.617132075482095,339.76498334186147,0.7178970983176431,0.002815198113694752,7.931443760142662e-05,0.6961435373512486
20.900000000000002,314.2943649125438,277.45872643014036,14193.736368325126,15.897690352463757,13.628246872030003,337.99826503606374,0.7178957138971936,0.0027706660055917677,3.901801684951549e-05,0.6961451471176962
21.0,315.9556041300068,278.19760645675655,14227.449043292721,15.887237675122954,13.637661716922402,336.2419534122786,0.717894114796995,0.00274013947814705,-7.804889198995565e-05,0.6961469137214138
21.1,317.8712922804769,278.93420749230336,14260.985034709856,15.876267514722974,13.65400361428175,334.4961114685738,0.7178936580967744,0.002660232506992547,-8.684732305458667e-05,0.6961476935859104
21.200000000000003,319.7867927759352,279.66860691352315,14294.349338227961,15.865442372458416,13.664335865456932,332.76099398585757,0.7178933998649463,0.002563974999074348,-1.6245129499979375e-05,0.6961483262916376
21.3,321.7021756015266,280.40108375821916,14327.538965956497,15.854895945263737,13.668043200787706,331.03670271471987,0.7178921314640284,0.002509282487658038,-3.7371879125197876e-05,0.6961498327851368
21.400000000000002,323.6174778473257,281.1316853540552,14360.557255935395,15.844030479486587,13.66897243971873,329.3225730293043,0.7178905990400029,0.0024777199018112066,9.303617038826918e-05,0.6961515209050002
21.5,325.5326008033873,281.8601831313777,14393.404741406652,15.832639325226104,13.673570768472986,327.6187410099179,0.7178898862923981,0.002410861771768684,0.00016768930476192785,0.6961524766779922
21.6,327.44745363578375,282.5865698893547,14426.082689502393,15.821218018383009,13.680857492671723,325.9246986846075,0.7178894650335144,0.002313711443460927,0.0001875756544875861,0.6961532356806401
21.700000000000003,329.36207819705976,283.3111029360016,14458.592592233425,15.810103100705375,13.685017597221622,324.2408746237855,0.7178883468543841,0.0022432549366496733,0.00025892755383112554,0.6961545964902414
21.8,331.27653692300146,284.0338638793328,14490.933411106458,15.798886447436235,13.685934424094997,322.5667903189232,0.7178868678782365,0.0022092665303231687,0.0003860169958403503,0.6961561714588562
21.900000000000002,333.1907735019813,284.75469088166415,14523.108821062551,15.787196934955924,13.688574902148725,320.9023467444118,0.7178859851760403,0.002090612963481728,0.00047677686170345945,0.6961573919086739
22.0,335.10467947110794,285.47349605005047,14555.117817819028,15.77528839560521,13.693900057619636,319.2474241601058,0.7178854263287014,0.0019647430572686227,0.0005119727994601873,0.6961583098214299
22.1,337.01825348674635,286.1904873231373,14586.961580572926,15.763562185926185,13.698448907306357,317.6020250419804,0.7178844768436673,0.001845370359317285,0.0005636563361096261,0.6961595756769174
22.200000000000003,338.9315542298815,286.90581773902454,14618.638444903638,15.75199287623626,13.700092440855087,315.96605664358697,0.7178832049474575,0.0017070224470863988,0.0005786853896711014,0.6961612279148786
22.3,340.8445967356141,287.61940179556643,14650.153907602164,15.74018444821192,13.701036250659199,314.3389177544394,0.7178821622326373,0.0015575260795450865,0.0005305737142490853,0.6961626920140425
22.400000000000002,342.75729168789104,288.33107000519533,14681.507311372174,15.728000869988227,13.704043239517988,312.72093292472704,0.7178814149095926,0.0014219365671929635,0.0005435806050452495,0.6961637427674082
22.5,344.6695565988492,289.04094884696536,14712.700314726935,15.7157555053542,13.70849399636252,311.1120376114183,0.7178805185992723,0.0012986402806658861,0.0006163191821508082,0.6961648473599676
22.6,346.5814394854462,289.7492221063403,14743.732537194113,15.703695065055017,13.711161750629968,309.51160238316317,0.7178792480964894,0.0011685014117349653,0.0007314762543318954,0.6961662766174179
22.700000000000003,348.4929970323832,290.45587385468514,14774.60435822223,15.691651594143408,13.711545778069619,307.91951055413,0.7178778962281644,0.0010232071781584278,0.0009170934686377351,0.6961676795813384
22.8,350.21765322213633,291.16081809421166,14805.31862070733,15.67937839277519,13.711903060243868,306.33717045051185,0.7178767270865379,0.0008775948350924153,0.0010945090361625892,0.6961688276451306
22.900000000000002,351.9403154084175,291.8640161883556,14835.87467195713,15.666901474886801,13.712622342260003,304.7680372290461,0.7178756909924311,0.0007438524182233184,0.0012044119328310054,0.696169870331671
23.0,353.6621050102887,292.56560041380203,14866.274608176627,15.659593883468387,13.710173978461835,303.21254037517787,0.7178744031752264,0.0008025731075465677,0.0012916151255320727,0.6961709767525409
23.1,355.38309866128463,293.2656991280369,14896.51721285927,15.657248471022642,13.668918349253294,301.66996891881826,0.7178728728576473,0.0008775440874237898,0.0014295618307027752,0.6961721947079293
23.200000000000003,357.10331615079036,293.9643550318517,14926.605093859662,15.654117107907153,13.624337046070501,300.1395756539913,0.717871305352103,0.0009377185368122914,0.0016116054252391008,0.6961733349992419
23.3,358.77588244010684,294.6614799289507,14956.550574827059,15.649285710028028,13.578294424670842,298.62119574749806,0.7178698621773013,0.001052431466187139,0.0017733282099562653,0.6961742660229631
23.400000000000002,360.4457003112994,295.3570270260384,14986.339450570049,15.644391773389682,13.532715987271047,297.11468673076433,0.7178684504452928,0.001203151270348212,0.0018854103783198465,0.696175183060988
23.5,362.11463717046405,296.0511205928109,15015.97417652,15.640946566499895,13.489925852595778,295.61978841971353,0.7178669399861493,0.001329453415497795,0.001988943655374568,0.6961762227566194
23.6,363.72978399574487,296.74390974333807,15045.46343825674,15.638522554570521,13.449335083891937,294.136256115261,0.7178652832613309,0.0013879408001482936,0.0021228379691767612,0.6961774215438339
23.700000000000003,365.28176717618607,297.43538368607506,15074.801128917743,15.635394671988143,13.408516837607518,292.6637807766699,0.7178638287430626,0.001399183879978113,0.0021617729894997913,0.6961787790534575
23.8,366.8327801827648,298.1254530206585,15103.995333368557,15.630859289748543,13.366583507164316,291.2019678139188,0.7178625478828495,0.0014105509408674007,0.002186320428599709,0.6961800002127111
23.900000000000002,368.3827703350029,298.8141405502622,15133.04931173112,15.62611138783423,13.325090779951296,289.75050340265454,0.7178613023932946,0.001396302234842819,0.002246956916994791,0.6961811201482593
24.0,369.6833143663336,299.50153881707257,15161.950365805487,15.621282990506172,13.286886163635591,288.30904590846785,0.7178602311481876,0.0013322959242983382,0.002225686286140083,0.6961824185111228
24.1,370.9280623101839,300.18787441190364,15190.710247779125,15.616750295647902,13.253704501749096,286.8771385253268,0.7178602728733067,0.0011802235402997656,0.0019935734322846146,0.6961833532681077
24.200000000000003,372.171645706889,300.87320038725835,15219.325842618719,15.613149557808196,13.219652345878306,285.45455234696044,0.7178611935090323,0.0009894891756688311,0.0016518879035774799,0.696183595778666
24.3,373.4139220328519,301.55731619319903,15247.80263311543,15.609927734436681,13.18114216512034,284.04079485154864,0.7178616209714695,0.0008510577224969731,0.0016470548120155147,0.6961833494471219
24.400000000000002,374.6547036832368,302.24009438243434,15276.139354683186,15.60594524528015,13.141071454078029,282.63619412122176,0.7178610594731458,0.0007909892314858346,0.001720898793408709,0.6961838206504595
24.5,375.89418136808115,302.92162394549786,15304.330443833924,15.600942349938071,13.10494687916396,281.2401257398377,0.7178598149045079,0.0007392281374634213,0.0018253358130641791,0.6961848948635672
24.6,377.132578560542,303.60217025994484,15332.389163991027,15.595723285146448,13.074333339259846,279.8524277375811,0.7178590288397191,0.0006206229330484785,0.0019231358016850012,0.6961855579435403
24.700000000000003,378.3699507484447,304.28191937006926,15360.305048540376,15.591196817087184,13.045506389100723,278.47324638319947,0.7178591863658732,0.000441373330415377,0.001988932457455168,0.6961853473661949
24.8,379.60620020290816,304.960721023626,15388.084430345896,15.587307690875326,13.013704646009,277.10223480353216,0.7178596223358147,0.0002688445906340464,0.0020335568145926994,0.6961848569088167
24.900000000000002,380.84120901746763,305.6383964277832,15415.728451752824,15.5831907687535,12.978863735336633,275.7393399817789,0.7178593792081192,0.000145452993464627,0.0020932651732494026,0.6961849673522654
25.0,382.0749716929575,306.31495901286905,15443.23560050347,15.578224429106102,12.94524679086129,274.3839005485018,0.7178583427294396,0.00012185298710166882,0.0021850153281106274,0.696185758712147
25.1,383.3076340377132,306.9905787733052,15470.604551481269,15.572686575748554,12.916094974554179,273.0361321424799,0.7178573058051274,3.242640928255964e-05,0.0022837046974084722,0.6961865210872634
25.200000000000003,384.5394232835696,307.6654604811623,15497.84199042803,15.567371556215486,12.89048199448242,271.69651968001585,0.7178571287932234,-0.00011585029659972694,0.0022679676496212033,0.6961867461695883
25.3,385.7702712324883,308.3396253284893,15524.947867145105,15.562691377242315,12.864451079635183,270.3651041506601,0.7178576081034276,-0.0003468645244519837,0.0021949386573672375,0.6961864092449075
25.400000000000002,387.00006456529286,309.0129194037552,15551.916815153358,15.558289580973792,12.835774079883313,269.04240605383393,0.7178579237908576,-0.0005904595700064352,0.0021143341778811107,0.6961861692099031
25.5,388.22877623367543,309.9109239368799,15578.75613906795,15.553492838237595,12.805894282590017,267.727934968005,0.7178574943239316,-0.0006631328333782714,0.0021104521352886207,0.6961865583948001
25.6,389.4564138170252,310.8123681382301,15605.465698471437,15.548028412924499,12.778284431095816,266.4206862454428,0.7178565394169998,-0.0006447847772664288,0.0021539326642391068,0.696187427093393
25.700000000000003,390.68318728867234,311.71353588203914,15632.042396988478,15.542289687573417,12.754308282336606,265.1197456919197,0.7178558153527429,-0.0007230848003223304,0.0021686565398225137,0.6961880510619473
25.8,391.90916614791666,312.6144910291972,15658.489602457303,15.536864870206355,12.732283260782951,263.8242158329391,0.7178556771000475,-0.0009563716645444023,0.0021847303592030937,0.6961878619752927
25.900000000000002,393.1342873201082,313.5151659297554,15684.810243810318,15.531906393685734,12.70922190246944,262.53324539416894,0.7178555030300094,-0.0012559213554362073,0.002430212030320123,0.6961867518852746
26.0,394.3584262400088,314.4155387742968,15710.99879815018,15.527037078247545,12.683919443708165,261.24688272564026,0.7178554795913622,-0.0014592938235136498,0.0024698409017370683,0.6961862400019928
26.1,395.5816926566818,315.31556854539843,15737.060345509793,15.521798996601994,12.657947506790034,259.9649718072008,0.7178549417650459,-0.001471714205749295,0.0025076667884865195,0.6961866332012393
26.200000000000003,396.8039788810623,316.21530951841993,15762.994451395234,15.51602772230232,12.633665364755222,258.6876175112397,0.7178538795499043,-0.0015084188714256318,0.0026088665095462442,0.6961872780388875
26.3,398.0254620549038,317.1148457170043,15788.798141401274,15.510072898433068,12.612203526079997,257.4147947359988,0.7178530004974277,-0.0015805943385651029,0.002735495797422612,0.6961875382834134
26.400000000000002,399.24619633149155,318.01419258293095,15814.477365285122,15.504360261529364,12.59227520190372,256.14616054316195,0.7178527351755617,-0.0016530624795761287,0.0028747628048995002,0.6961870824169458
26.5,400.46617941277515,318.9133425037874,15840.024798595687,15.49901558278397,12.571862693637614,254.88179244738643,0.7178527873902657,-0.0017836387994506337,0.0030077423370326677,0.6961861444719316
26.6,401.6853370408274,319.812220882109,15865.458344677296,15.493771206453628,12.549863879000435,253.62175518755362,0.7178525263935445,-0.001995690932037834,0.003130865212251334,0.696185295198866
26.700000000000003,402.90364024250806,320.7108167191652,15890.755145318002,15.488239074572231,12.526883016504028,252.36564183544613,0.7178516628539184,-0.002179965323843479,0.0032589444380988,0.6961850452072355
26.8,404.12108400280874,321.6091722336736,15915.931480824394,15.482285083178743,12.50490359257256,251.11392104124093,0.7178504174083122,-0.002330109578924848,0.0033813282228544175,0.6961852594213063
26.900000000000002,405.33780443407863,322.5073428215527,15940.979324626012,15.476140747564324,12.485149999320505,249.86610296311156,0.71784946721641,-0.002392349813415114,0.0034948695006099214,0.696185467362441
27.0,406.55383123843575,323.4053718330533,15965.905760583413,15.470152772186829,12.46712788629889,248.62221845801957,0.7178491978158729,-0.002375782125352957,0.003603887882144497,0.6961852460707091
27.1,407.7692323624407,324.303256737271,15990.701716655349,15.464460760093377,12.449295870343546,247.38248232235182,0.7178494708434061,-0.0023172281785204646,0.0037149783375424596,0.6961845779671955
27.200000000000003,408.9838671417784,325.20094619401726,16015.38469041204,15.458920765983063,12.430243991800834,246.1464408287475,0.7178493341288529,-0.0025183992493905153,0.0038037596546767354,0.6961835408629485
27.3,410.1977620703176,326.09840376800094,16039.938426025628,15.453221811367424,12.422376124025853,244.91425304062247,0.7178490853105362,-0.0025106983430735787,0.003903077655066817,0.6961832755083068
27.400000000000002,411.41087459271,326.99564336088736,16064.366601191557,15.447203524004506,12.41983339407968,243.68591851874805,0.7178481981183833,-0.0025748235393790184,0.004005954323269853,0.6961833717289513
27.5,412.62326235559914,327.89270465318475,16088.676992905544,15.440913404716383,12.417244152844322,242.46127230781605,0.7178471958830556,-0.0026514526617833793,0.0041033600298658575,0.6961835502208322
27.6,413.83502583837253,328.78964929347006,16112.862826394086,15.434647331549924,12.414211109586699,241.2402269022996,0.7178465096579605,-0.002753235136974624,0.004192570658297782,0.69618333118471
27.700000000000003,415.04619311335057,329.68649571842974,16136.923979804913,15.42860025717627,12.410603046298508,240.02298019155495,0.71784627103873,-0.002906205708965914,0.004276663228053885,0.6961824439583356
27.8,416.256761280815,330.5832345795998,16160.864999506088,15.422797666432205,12.406819658868509,238.80921458305255,0.7178465357025069,-0.0030754852299121464,0.004252013504806476,0.6961815948096193
27.900000000000002,417.46671593478214,331.4798128148449,16184.692014152548,15.417012857403083,12.403334439678643,237.59887371475182,0.7178467269562577,-0.0032415339737813416,0.004180345737103288,0.6961810782872537
28.0,418.6759468304561,332.37619657653227,16208.385835292083,15.411031848792158,12.400287630705302,236.3921909918603,0.7178462758148696,-0.003396882202564478,0.0041779588441676445,0.6961808171372725
28.1,419.8844939120308,333.27241589521236,16231.967591743136,15.404758094497385,12.397541252070425,235.18885139191403,0.7178451061720288,-0.003509170520865838,0.004327020289009321,0.6961805557199532
28.200000000000003,421.0924125903412,334.16848977807786,16255.426932432298,15.398327080898826,12.394733935052146,233.9888914988129,0.7178439603901493,-0.0035942480859733313,0.004497958626786524,0.6961802196847263
28.3,422.2997576270492,335.06450485841265,16278.766104770843,15.391967972608548,12.391453999060067,232.79217035323492,0.7178430928612317,-0.0036769299787460076,0.004689087435042108,0.6961794213249765
28.400000000000002,423.5065831978029,335.9604523537637,16301.990189779628,15.38581771912338,12.387798298277296,231.59886233439482,0.7178427712285221,-0.00373330196248754,0.004871093884810825,0.6961782032610456
28.5,424.7129023113941,336.85633747091254,16325.085707123046,15.379853822795402,12.38398492660015,230.4089145941809,0.7178437504385462,-0.00335915493233579,0.005040104037136935,0.6961778963639663
28.6,425.91863635509253,337.7520962686483,16348.070946544576,15.373907240364913,12.380359935152706,229.2220123632914,0.717844557773768,-0.002990414814818176,0.005165591270960641,0.6961778256743316
28.700000000000003,427.1237853874323,338.64771898760273,16370.932118384688,15.367805655789256,12.377124131819878,228.03830836573943,0.7178447491604533,-0.002673822764266872,0.005290883263336055,0.6961779753259111
28.8,428.3283373877279,339.54318945712913,16393.67542802214,15.361486721813607,12.3741836078796,226.8577969513301,0.7178436977097644,-0.0027966632036849778,0.005419643252069999,0.6961775863961134
28.900000000000002,429.53228075486857,340.43854375666166,16416.30612621235,15.355011609307306,12.371176242184877,225.68016654992266,0.7178422761981602,-0.003066033646495662,0.005553275919170737,0.6961768647886026
29.0,430.7356833285985,341.3338435011852,16438.814420694685,15.34854145977043,12.362436970573642,224.5056619687547,0.717841068262061,-0.0033502840123042135,0.005691064319126452,0.696175687668232
29.1,431.93865735855303,342.22913389446694,16461.20900073306,15.342219260152378,12.352473437159114,223.33415951854306,0.7178410878107289,-0.0032912759544771113,0.005829222723153781,0.6961748058611033
29.200000000000003,433.14119953444435,343.1243966670514,16483.482648915786,15.33607809133365,12.342538781660025,222.16568793500133,0.7178414485076914,-0.003214341149971568,0.00596473792495685,0.6961736455201659
29.3,434.3432323899763,344.01960028511064,16505.64269368851,15.330044525867162,12.332513816996155,221.00000760881883,0.7178414211801998,-0.0032754237503223216,0.0060970140668864855,0.6961722430955684
29.400000000000002,435.54476350202395,344.91471382362766,16527.68315198192,15.323957185051796,12.322371799260317,219.83722331088953,0.7178402900950174,-0.003636079964218113,0.006227918259630797,0.696170460356475
29.5,436.745716679885,345.80967858714916,16549.61023912952,15.317574186095444,12.312083571407658,218.67708351816782,0.7178382317016185,-0.004002498000643197,0.006365947826949084,0.696169324105503
29.6,437.9459178964493,346.70440374411663,16571.420331502402,15.31088109779582,12.301413170566901,217.51962256794243,0.7178352308239843,-0.004236357143301867,0.006526307941769532,0.6961695497295762
29.700000000000003,439.14548499924535,347.5988867348055,16593.11031777594,15.304109146812554,12.290824475890975,216.36479206000635,0.7178318236015954,-0.0042203944049194,0.006710980745692614,0.6961714042053911
29.8,440.34441953345686,348.49321899317266,16614.692110136588,15.297488971601112,12.280832023457926,215.21243522018224,0.7178285846202963,-0.0040132913243952125,0.0069124024334564415,0.6961739978535291
29.900000000000002,441.54288844138426,349.3875074559956,16636.15768844286,15.291155939492864,12.271639864615159,214.0626264503143,0.717825960818737,-0.0038019308415955092,0.0070657753306251105,0.6961763498679842
30.0,442.7410223815634,350.3225667019195,16657.501998236057,15.285107557770464,12.26314668076603,212.91541605282302,0.7178245077335594,-0.0037111536167397687,0.007112975920323396,0.6961778573105173
30.1,443.93883726064723,351.43231577199384,16678.74190454531,15.279129663870837,12.254765572984708,211.77049580269912,0.717823601598247,-0.0038636292322136645,0.0070985262706482494,0.6961781095972942
30.200000000000003,445.13625848683665,352.5416622021582,16699.85949048325,15.27299895615214,12.246029463553821,210.6281209022572,0.7178224296429356,-0.004203014249059542,0.007097627681224029,0.6961773609174846
30.3,446.3331715727012,353.6505951358159,16720.866222052566,15.266575944552597,12.236674511934842,209.4880438030628,0.7178206763132556,-0.00448988851659383,0.007135725913177111,0.6961769882536917
30.400000000000002,447.52941152886655,354.7591079660535,16741.756784825575,15.259853648300554,12.226906285582656,208.35038886261978,0.7178187540615564,-0.004486224078171658,0.007223515173029176,0.6961780885230303
30.5,448.7249951314279,355.86719334309123,16762.5348464,15.253010459298663,12.217055359032184,207.21500625145754,0.7178158157105131,-0.004448404837043901,0.007335761960118467,0.6961801871690411
30.6,449.91989793376626,356.97490220635376,16783.198519317113,15.246273395486654,12.207591798347378,206.08205448684308,0.7178126826020043,-0.004395520601693637,0.007411636537149683,0.6961829499048333
30.700000000000003,451.1143131705156,358.0822044641698,16803.75478520498,15.239781614495989,12.198861660920121,204.95122611802077,0.717810171924932,-0.004350376036335482,0.007413758638931901,0.6961857995479983
30.8,452.30835445046284,359.18910794738224,16824.193542888817,15.233552702438871,12.19073215546316,203.8228022103507,0.7178082639685048,-0.004332317065474775,0.007399738298362628,0.6961880285386133
30.900000000000002,453.5020182780604,360.29563111809153,16844.51472178656,15.227476725332032,12.18286554717753,202.6966336604741,0.7178070718770257,-0.004345248704019042,0.007388416758279187,0.696189297299834
31.0,454.69531153604004,361.401770500484,16864.727720572235,15.2213558624083,12.174927303182464,201.5726105789072,0.7178062552797546,-0.004377623722812916,0.0073971110106800745,0.696189844108985
31.1,455.8881427511912,362.5075058930763,16884.835633411887,15.215016931000635,12.16662541422882,200.4506251163053,0.7178052863123945,-0.0044090908401434445,0.0074352482373883635,0.6961902383282842
31.200000000000003,457.08042264219745,363.612812743164,16904.815857022582,15.208415706533158,12.157862135275163,199.33102604873028,0.7178033587995147,-0.004521586914069559,0.007501099335656176,0.6961907977391474
31.3,458.2720318939096,364.71770230928144,16924.696025622372,15.20162595296588,12.148838033293583,198.2132955658592,0.7178005681435018,-0.004633627632789954,0.007572376120075677,0.6961921667095392
31.400000000000002,459.46300412735656,365.8222087949606,16944.463599805385,15.194812718655719,12.139837011570647,197.09773519562168,0.7177972482435314,-0.0047210689863044185,0.007632035312084402,0.6961943507086479
31.5,460.6534067218726,366.92634510562965,16964.117487507294,15.188137677615224,12.131157922899403,195.98429171429763,0.7177943151089236,-0.004642666635634636,0.0076682983758627,0.6961975036179321
31.6,461.8433184503389,368.03007973542043,16983.658442741624,15.181694388301587,12.123027680558128,194.87288469292966,0.7177919967012164,-0.004588747962876576,0.007617919392437392,0.6962008044867116
31.700000000000003,463.03282670788826,369.133422583965,17003.091807282013,15.175466068255195,12.115426963819454,193.76348472851268,0.7177899783796431,-0.004611567482882212,0.007564374643930246,0.6962033184489632
31.8,464.2219497393432,370.23640171899507,17022.416424444655,15.169350181581484,12.108097691078433,192.65603165687205,0.7177872016176944,-0.004761321489141049,0.007691854770998004,0.696203776477619
31.900000000000002,465.410669149171,371.3389750500197,17041.623411377503,15.16319988041147,12.100812999839082,191.55063841385504,0.7177848697048876,-0.0049582907730339075,0.0077895173896500025,0.6962037198939574
32.0,466.59891337862314,372.4411987882798,17060.72146908119,15.156875266376847,12.09330816032677,190.44717291524282,0.7177820264632412,-0.005161769036021407,0.007977785576044713,0.69620304047314
32.1,467.7865945234865,373.542993865134,17079.70551734143,15.150352815740028,12.085507591835041,189.34564206347727,0.7177791362185018,-0.005326737402215663,0.00811951498609295,0.6962031391443592
32.2,468.97368309493305,374.6443862655638,17098.591950291644,15.143668064198922,12.07736195798317,188.24581904972192,0.7177762695627024,-0.005417386301069345,0.008199361672366205,0.6962044593698618
32.300000000000004,470.16018877795045,375.74540386814306,17117.35875826594,15.136937408261966,12.069074170819812,187.14801707102652,0.7177740490265804,-0.005313671389951158,0.008189778312080304,0.6962076608107287
32.4,471.34610361406146,376.84604352579765,17136.018140689517,15.130288845649163,12.060884410085851,186.05205153022914,0.7177710803055588,-0.005272275159945206,0.008199301339240055,0.6962109241093369
32.5,472.5315557504382,377.946287079164,17154.57165839204,15.123820754333137,12.053102922357796,184.9578680508167,0.7177673904982766,-0.005238559278658562,0.008316278317129154,0.6962135952054731
32.6,473.71651925781856,379.0461711173248,17173.01622123624,15.117552503457793,12.045780858617208,183.86544253503303,0.7177638365323833,-0.005298271510441927,0.00840160932581901,0.6962157828188413
32.7,474.90107033062725,380.1456901158911,17191.34844790621,15.111427788639316,12.038873391847373,182.77487102718777,0.7177606123238384,-0.005444692893925069,0.00845611399247189,0.6962173172594501
32.800000000000004,476.08520599545,381.24482109446706,17209.569469409827,15.10534439738434,12.032170645014022,181.68611055483436,0.7177582341194688,-0.005535805317221304,0.008492410174107378,0.6962186087592217
32.9,477.26890435988884,382.3436160625222,17227.681977411372,15.099195039916545,12.025456487842593,180.59906737371185,0.7177563462720878,-0.005568912595226075,0.008529145801587189,0.6962198419109764
33.0,478.45210670741665,383.44200919771737,17245.686142222894,15.092909593532188,12.01853886951359,179.51372109415254,0.71775445390135,-0.005564212900904807,0.008583970603871264,0.6962211565933919
33.1,479.634775893167,384.54002474167504,17263.58060470483,15.086475235639705,12.0113324063112,178.43010022658416,0.7177520250981761,-0.005554603025228178,0.008668134686103609,0.6962226944690634
33.2,480.8168933331725,385.6376655602603,17281.373714364898,15.079939438839977,12.00388483572708,177.3479986491243,0.7177488152241849,-0.005575426695385588,0.008777606782618103,0.696224465586073
33.300000000000004,481.9984617795759,386.73491160142436,17299.052103171463,15.073386027009796,11.996356780828897,176.26769550486904,0.7177456646470434,-0.005497353565789715,0.008851921107403373,0.6962273935122453
33.4,483.17950141118587,387.83181103436414,17316.62462565035,15.066904796286416,11.98894456672996,175.1889798280796,0.7177422343434738,-0.0053974586538628275,0.008925246522507911,0.6962307752851996
33.5,484.3600162068735,388.92833311370794,17334.091433707184,15.060560096405167,11.981813697090926,174.1118097321811,0.7177385054609842,-0.005378187527346207,0.008983702226016917,0.6962340166724602
33.6,485.54007949013186,390.02450765714934,17351.452675141547,15.05437766081585,11.975046515255334,173.03615027760142,0.7177347670020173,-0.005455218971793122,0.009015652250302762,0.6962368582867697
33.7,486.7197066131656,391.12033021539014,17368.703260634495,15.048316802877643,11.968622232504535,171.96205626430816,0.7177312061542058,-0.005597363224446331,0.009024197514663332,0.6962392901126586
33.800000000000004,487.89889568499734,392.2158004973032,17385.847894904062,15.04232011194879,11.962438104014652,170.88947036644717,0.7177281263059094,-0.005748530421824367,0.009017837278520053,0.6962413157219384
33.9,489.0776574393294,393.3109072172894,17402.882003673276,15.036315442028247,11.956296505295507,169.81839572522057,0.7177248980887482,-0.005836904491406552,0.009118785679900937,0.6962425934666583
34.0,490.2559793282123,394.4056772173721,17419.80912956274,15.030244517957343,11.95007942722741,168.7487879334021,0.7177222661712499,-0.005770358694040414,0.009240247665885706,0.6962442598870174
34.1,491.4337737613998,395.50005647550097,17436.627455986127,15.024074552070532,11.943677269178792,167.6806559952881,0.7177194064226385,-0.005673410220724879,0.00938996935058938,0.6962460014509223
34.2,492.6110458694777,396.5940721527511,17453.33767318672,15.017801352775884,11.93706257441481,166.61400437072774,0.71771599330134,-0.005595819554895061,0.00955187569083277,0.6962479453713073
34.300000000000004,494.12630058025576,397.6877333444244,17469.948044774515,15.011457244581358,11.930290487265797,165.54862368648307,0.7177119659413866,-0.005565488607132761,0.009714618417035992,0.6962500883088814
34.4,495.8986159639352,398.7810340512129,17486.444932618248,15.005122925328534,11.923482721703277,164.48471814720466,0.7177073343407798,-0.005580527959282503,0.00986793855468417,0.696252586156654
34.5,497.67034027761974,399.8739797480067,17502.84086809379,14.998856444116118,11.916748137203369,163.4222023786844,0.7177026437499023,-0.0055593677830749885,0.010005446075162714,0.6962556280800106
34.6,499.4414177875667,400.9665929423134,17519.129493919896,14.99270230568733,11.910300269919652,162.36105966469938,0.7176977516057701,-0.0055892143930673975,0.010124987829259687,0.696258703819168
34.7,501.21171598159145,402.05887040598276,17535.31228971937,14.986681998772724,11.904122067336546,161.30127196701392,0.7176927464062881,-0.0056892506110835205,0.01022967039119522,0.6962615227247381
34.800000000000004,502.9814134007175,403.1508134991027,17551.385931781067,14.980756492640026,11.898199966957618,160.24286393011954,0.7176878471405834,-0.005831656065573509,0.010327262456458836,0.6962639539028306
34.9,504.75033852290943,404.24242143395304,17567.35905015584,14.974944498611933,11.89251219945666,159.18571108451064,0.7176831285090525,-0.005983040779601777,0.010426155970691006,0.6962660594544037
35.0,506.51854630988566,405.333663158725,17583.229282722543,14.969145216812718,11.886981518756388,158.12982890577047,0.717678888408803,-0.006067338627265457,0.010537326315684695,0.6962680269037232
35.1,508.2860989497046,406.4246060621375,17598.996747871064,14.963334199177767,11.88140521813655,157.07520222426416,0.717675713161521,-0.006073409392544704,0.010576193714988425,0.6962706575484535
35.2,510.05299469845295,407.515167385255,17614.64874518396,14.957456095630754,11.87572941377388,156.02199116799514,0.7176726747585386,-0.006040642125742813,0.01061553529434538,0.6962734756961868
35.300000000000004,511.81925655268947,408.6053746497092,17630.193418456474,14.951484481440293,11.869907037667062,154.97005731464878,0.7176694607776598,-0.0059910722472619575,0.010659812434076148,0.6962765402620581
35.4,513.5849219979726,409.69525408002704,17645.62771990157,14.945457273610879,11.863873143407346,153.9194210860713,0.7176659145376318,-0.005945218732040613,0.01070236761731333,0.6962799356670251
35.5,515.350068857424,410.7848108573811,17660.980006615,14.939377519048243,11.857736015288145,152.86972550118853,0.7176618141216947,-0.005953504113722792,0.010737989984863135,0.6962835427549693
35.6,517.1146428475686,411.87403982091485,17676.215937923647,14.933314441021277,11.851607701281077,151.82137817099644,0.7176569889561816,-0.006044401855881806,0.010763426437381766,0.6962873401548234
35.7,518.8786321924655,412.96291856147565,17691.347621832407,14.927313943024304,11.84555930143201,150.77423041113852,0.7176517093497685,-0.006024805849112543,0.010869681845009251,0.6962913009642043
35.800000000000004,520.6419763381759,414.05150043966694,17706.375176047397,14.921388814325505,11.83970101725446,149.72824695518446,0.717644817691122,-0.006055146844863717,0.011133260140997855,0.6962939762459505
35.9,522.4046781618715,415.1397603598088,17721.294742325637,14.91563182045877,11.83414050975209,148.68353274900588,0.7176375671200612,-0.006173072994351313,0.011385314945680599,0.6962963377983499
36.0,524.1667968600411,416.22767547704757,17736.10559929902,14.909984753028466,11.828807064890551,147.6399715070311,0.7176306483625811,-0.006300416669335332,0.011599571623101872,0.6962987916251576
36.1,525.9283224089785,417.3152664883577,17750.81732382028,14.904417697600705,11.823667045370312,146.5975213928887,0.71762423220003,-0.006398400160298135,0.011779895398135237,0.6963014834819148
36.2,527.6890905159504,418.4025651222259,17765.42401975379,14.898930499168502,11.818676213645736,145.55618765034427,0.7176184077909304,-0.006465186426462317,0.011932686183014638,0.6963042676621612
36.300000000000004,529.4491964924022,419.4895644755549,17779.92330650078,14.893434280516642,11.813760799189929,144.51601614057319,0.7176127837150558,-0.00656722216051208,0.012064777552052233,0.6963068327859799
36.4,531.2087459758784,420.57617421138207,17794.314030392703,14.887907683409763,11.808802333907384,143.4769758606732,0.7176074360245137,-0.006642030982792212,0.012185914543476265,0.696309525048657
36.5,532.9676662610176,421.6625129792325,17808.620603956067,14.882333231570556,11.803751210368489,142.4388123830972,0.7176020926310845,-0.006679311060677785,0.012319314793023704,0.6963123278660757
36.6,534.7260638675918,422.74853049850117,17822.816878341404,14.876658480134404,11.79857996830256,141.401794542733,0.7175966258343975,-0.006679969035231426,0.012469159094658365,0.6963152882683593
36.7,536.4838545093874,423.8342398673112,17836.89150065815,14.870948254744539,11.793271514575789,140.36602130351247,0.7175906205818577,-0.00666433452780924,0.01265251009319993,0.6963183193673618
36.800000000000004,538.2412415765072,424.91960896863793,17850.87801830887,14.865210073348582,11.78781904363757,139.33113964160387,0.7175842856241454,-0.006592355368682991,0.012862214228674776,0.6963216909741601
36.9,539.9979087971667,426.00467611490603,17864.77026165975,14.859491002513893,11.782337056747549,138.29720518770782,0.7175772625649782,-0.006532993165357417,0.01309089373319727,0.6963252262781523
37.0,541.7541670357683,427.08942109260687,17878.542566009393,14.85384306599854,11.77688288224738,137.26446023237446,0.71756974806787,-0.0065040657241850226,0.01331880410139144,0.6963289188624712
37.1,543.5099132640912,428.17389676245614,17892.20953277061,14.848275960519313,11.771518198356151,136.23264971955714,0.7175617043196268,-0.006510047091777683,0.013548668137002211,0.6963327174364915
37.2,545.2649176468037,429.25810617500656,17905.78695429449,14.842820246167681,11.766339953371798,135.20170256485326,0.7175532111000689,-0.006552658286820392,0.013775654512705399,0.6963366163373162
37.300000000000004,547.019543941699,430.3419700557482,17919.267168385228,14.837499110826494,11.761403761133417,134.17193505037784,0.7175446085721643,-0.006636827578761382,0.013985810312671713,0.6963404945417201
37.4,548.7734568252691,431.4255382977275,17932.620276670426,14.832264808590168,11.756657165390262,133.14298543143735,0.7175359777935179,-0.006737610466584148,0.01418621536501268,0.6963443662949521
37.5,550.5267582223912,432.5088223047469,17945.87998128963,14.827098863726505,11.752118115419275,132.1150154506516,0.7175274838269112,-0.006847154499338091,0.014370056385164094,0.6963482806094741
37.6,552.2796891787879,433.5918701686661,17959.04489434348,14.821971308126626,11.747809756937311,131.08810650548804,0.7175192836222661,-0.006953180521229824,0.014540198009491004,0.6963521476614214
37.7,554.0317638390849,434.6745276723181,17972.11032072938,14.816841978533501,11.743575217682366,130.06192739134238,0.7175114319706365,-0.007031757738934199,0.014701033394960093,0.6963560719859258
37.800000000000004,555.7835274037359,435.75693849715356,17985.053208251218,14.81169720353632,11.739392570447874,129.03683520867784,0.7175039686814373,-0.007080692454171344,0.01484740973037237,0.6963601605096712
37.9,557.5345741946071,436.83912018084266,17997.89789579676,14.806509433299846,11.735151765102586,128.01270668526348,0.7174965374521916,-0.007111542043630997,0.015000359307952234,0.6963642250536065
38.0,559.2852120716268,437.92086651300946,18010.664590444932,14.801279294165827,11.730863697847752,126.98923825138047,0.7174883785744877,-0.007254464586662785,0.015157683801685539,0.6963677505283264
38.1,561.0353172665988,439.0023893739481,18023.292835242402,14.79603172192416,11.726351501193264,125.96692430071985,0.717479711487435,-0.00746375387358565,0.015309031856899285,0.6963711578789187
38.2,562.7848628876853,440.08368053262797,18035.855653567196,14.79076459489951,11.72169349445353,124.9454000812967,0.7174709569636686,-0.007656634961088345,0.015452617032012613,0.6963749123005312
38.300000000000004,564.5341034680495,441.16457020959507,18048.289126223925,14.785511279047531,11.716935834096867,123.9246212633,0.717461944174789,-0.007818017271250057,0.015589483010600815,0.6963793544371779
38.400000000000006,566.2825690819875,442.245278030816,18060.62796551335,14.780289502730701,11.71212563233778,122.90492403849287,0.717452822579269,-0.007943162164895297,0.01571349539057438,0.6963845486586219
38.5,568.0308732501387,443.32568543796964,18072.879545465883,14.775134512158155,11.70731873931563,121.88596252082291,0.7174436278138846,-0.008037363009712778,0.015833309550136194,0.6963902268224273
38.6,569.7783493230901,444.4057838187572,18085.004639798855,14.770028688194381,11.702588968050424,120.86771339297084,0.7174340066802363,-0.008111723531790852,0.015943727228048113,0.6963967572886622
38.7,571.5256333093249,445.48567140030224,18097.051072935104,14.76504677142479,11.698061699266994,119.8506191164191,0.7174243910850167,-0.008158729157944727,0.01605410556554283,0.6964035783289103
38.800000000000004,573.2721231257235,446.56527148958037,18108.976708711245,14.76012829699929,11.693547170140267,118.83397878273375,0.7174141656599934,-0.008211434569517439,0.01616988141490185,0.6964108142380575
38.900000000000006,575.0183197557369,447.64459601035014,18120.80530126423,14.755316226276747,11.689360314212424,117.81842482536115,0.7174038110772063,-0.008264991481335299,0.01628822887663422,0.6964180894891917
39.0,576.763834780277,448.72368480868204,18132.55332683253,14.750549128182737,11.68529169406398,116.80335220979856,0.7173930159901785,-0.008332033616124978,0.01642433398435579,0.6964252142746596
39.1,578.5089230114318,449.8024997678937,18144.168493726145,14.745862053930217,11.68139305143735,115.78915860504927,0.7173819316222678,-0.008420907846238437,0.016567237916245255,0.6964321784070401
39.2,580.2534559654919,450.88097634706327,18155.71125391423,14.741198341795076,11.677672262523355,114.77586827953027,0.7173705038589694,-0.008530202099927645,0.016729630947325436,0.6964387376457667
39.300000000000004,581.9975054629182,451.95928187923107,18167.118258403316,14.7365575260309,11.674014648353005,113.76327461970281,0.7173588646962905,-0.008674373901775636,0.016894648745582174,0.6964449621634323
39.400000000000006,583.7410791673988,453.0373385795445,18178.456436583307,14.731925463907706,11.670435768882985,112.75133806570229,0.7173468188932631,-0.008851386149941473,0.017079349240869606,0.6964506373149851
39.5,585.4841395790871,454.11510876735986,18189.676247610096,14.727274305242798,11.666846181801775,111.74024113782613,0.7173346005952934,-0.00904111922300995,0.017264509848697596,0.6964562194794949
39.6,587.2268107416033,455.1925968248471,18200.790947407626,14.722619588990357,11.663249162225165,110.73005608035461,0.7173220535855466,-0.009256929042549829,0.017457079158100377,0.6964615072577832
39.7,588.9689401695986,456.2698791526266,18211.832606398744,14.717936841095733,11.659557237678747,109.72020734208584,0.717309175885931,-0.009473856493616222,0.01765033186434802,0.696466982719255
39.800000000000004,590.710773274099,457.346800632235,18222.734556684525,14.713250717866051,11.655790492057909,108.71139600514009,0.7172961842884438,-0.00968940966533645,0.01783636001717859,0.6964726581904804
39.900000000000006,592.4519128516658,458.42356705437805,18233.585831186814,14.708559324312631,11.651960239920399,107.7030990801783,0.7172827787116994,-0.00989507286013435,0.018021704604041882,0.6964788015868686
40.0,594.1928613638559,459.4999964106708,18244.27944780577,14.703879493584264,11.648000717030751,106.69551902232064,0.7172691614360662,-0.010087203109119501,0.01819509500729329,0.6964855611596793
40.1,595.9334022837755,460.5762434330716,18254.915815025426,14.699235567177428,11.644012654131616,105.68876225043932,0.7172553478864411,-0.010252536749029382,0.01836520346934306,0.6964929078749041
40.2,597.6734710209834,461.65221126542696,18265.416408134242,14.694623822090168,11.639977837238163,104.68263471338007,0.7172409147261998,-0.010416995153444632,0.01852561511902173,0.6965010825829054
40.300000000000004,599.4130395193808,462.7279180199936,18275.846684238717,14.690091167915838,11.635957185592877,103.67698911964703,0.7172263082903273,-0.010542084297125758,0.018682873585179775,0.6965100411261137
40.400000000000006,601.152342649897,463.80341112196896,18286.13612335678,14.68559715250136,11.63196740216041,102.67255974771409,0.7172111758105121,-0.010661371640398043,0.01883839977568745,0.6965196186333444
40.5,602.8909567011632,464.8786906370978,18296.366111927844,14.681215133667603,11.628067206741799,101.66819482138884,0.7171955813169913,-0.010768716903103487,0.01899324359672691,0.6965298195865839
40.6,604.6293894720034,465.95369453611926,18306.49912548925,14.676874514316625,11.624264540399631,100.66459941295017,0.7171794711680128,-0.010863529381642508,0.019155442504206203,0.6965404933577171
40.7,606.3670434136966,467.0285391581081,18316.49944867036,14.672641401872141,11.620568897517964,99.66161633521598,0.7171620693519868,-0.010958989223733928,0.019371413794355502,0.6965509422616397
40.800000000000004,608.1045141451108,468.1030624914436,18326.435117689944,14.668444737795388,11.617052455181916,98.65933762066496,0.7171433804760566,-0.011060813121113271,0.019653901706702597,0.6965606609622572
40.900000000000006,609.8413075557596,469.17747920014983,18336.23264857557,14.664329007576026,11.61360445353372,97.65755487159879,0.7171239545387523,-0.011178184606121555,0.019937017688986137,0.6965707410890024
41.0,611.577822056786,470.25152688660694,18345.961264474463,14.660239916979616,11.610388024354158,96.65649255858324,0.7171042296586461,-0.011309923881953319,0.020221263225846168,0.6965807275119053
41.1,613.3138033446759,471.3255142765561,18355.551954849598,14.656198202080438,11.607215757340654,95.65588000053798,0.7170837450864604,-0.011470079912380322,0.020507322945094195,0.6965908336356469
41.2,615.0494118638572,472.3990680302387,18365.094038879644,14.65216784612056,11.60417422127794,94.65603539769104,0.7170628922674802,-0.011647457727371333,0.02079642635785055,0.6966007851791639
41.300000000000004,616.7846292376319,473.47262178392134,18374.484641462484,14.64815789831941,11.601174952187565,93.65653714765986,0.7170414253674405,-0.011855121378718534,0.021084963435612187,0.6966107052874252
41.400000000000006,618.5193760329071,474.54574385768933,18383.823243258943,14.644156144667669,11.598223401124088,92.65792334617561,0.7170194737905119,-0.01207839331514859,0.0213770237582859,0.6966205634887186
41.5,620.2538538284938,475.61877475634964,18393.01531871029,14.640155878768839,11.595286946534861,91.65956692961544,0.7169969109608182,-0.012325691279158522,0.021674541571996463,0.6966302615123602
41.6,621.9878202662364,476.69156710182904,18402.15060496198,14.636157767211007,11.59235697719477,90.66207472397457,0.7169736221290892,-0.01258111065451611,0.021975028112347143,0.6966402507501663
41.7,623.7215210121798,477.7640686687306,18411.15551440486,14.632165026862364,11.589398596495112,89.6646975663484,0.7169509219751693,-0.012724893345990801,0.022285150530647353,0.69665114988358
41.800000000000004,625.454872213132,478.8365372654782,18420.076476303766,14.628173179980719,11.586440539656172,88.66836844836818,0.7169283677080879,-0.012805467313013089,0.02259764977149314,0.6966628178732642
41.900000000000006,627.1877762365845,479.9085180414126,18428.87728353942,14.624197931239127,11.583437712337568,87.67209575607814,0.7169046408075174,-0.012886792467404156,0.022922390689968472,0.696675125559685
42.0,628.9204396966563,480.98049881734687,18437.559655039102,14.620238723274719,11.58038594873562,86.67680318323322,0.7168807967708538,-0.012961397244067797,0.023252497136440134,0.6966873378923915
42.1,630.6526192751152,482.2135660499408,18446.23777084388,14.616283905941902,11.577333539671683,85.68164401075803,0.7168554212360218,-0.013052795111841474,0.023594660080331818,0.6967002379789947
42.2,632.3845965722589,483.4732498256846,18454.715323986966,14.612383915771233,11.57418469697112,84.687291024318,0.7168293854717187,-0.013139003397218298,0.023945624714995336,0.6967134315993733
42.300000000000004,634.1160413769474,484.7328204556794,18463.12503086282,14.608499764859461,11.571029554971506,83.69321248115146,0.7168018119481084,-0.013237814268510424,0.02431111962257999,0.6967272724129561
42.400000000000006,635.8473191935315,485.9921010991721,18471.48658699368,14.604642138783396,11.56783551460484,82.69982389855033,0.7167731854026415,-0.013346834292156431,0.024683868845199297,0.696741536956827
42.5,637.5779569877409,487.25135631193683,18479.705791359884,14.600867947403316,11.564644377595192,81.70665586143724,0.7167432981931859,-0.013457025900212836,0.02506306393341771,0.6967566259285549
42.6,639.3085116059027,488.51032588290894,18487.828476678693,14.597102696165251,11.561462051950897,80.7143162990862,0.7167118691505195,-0.013591509804918429,0.025450097526824284,0.6967723157645305
42.7,641.038222162454,489.76916026414887,18495.84671457705,14.593407336687088,11.558297012174862,79.72209487467894,0.7166836881396705,-0.01372662311572162,0.025856391503074228,0.6967836952676191
42.800000000000004,642.7677720585742,491.02781558924687,18503.77438173263,14.589768946923359,11.555187251344313,78.73064618658161,0.7166594980296723,-0.013875550816772964,0.026262530171580083,0.6967904365606463
42.900000000000006,644.4971838477248,492.2862820737284,18511.591537741606,14.586148854279966,11.552124065161896,77.73934032996391,0.7166340092123858,-0.014033568704715596,0.026680868132576058,0.69679759404384
43.0,646.2265447878574,493.54459072440295,18519.325733264723,14.58263804381909,11.549177014675296,76.74878216674179,0.7166075691163188,-0.014196292530747417,0.027105761799664903,0.6968050909980794
43.1,647.9548646476164,494.8027466738565,18526.940622492413,14.579144488776231,11.54622987492584,75.75846931814199,0.7165805449244731,-0.014369032274671643,0.02753773218597863,0.6968124043480339
43.2,649.6830147816172,496.06070910649566,18534.475745893087,14.575675005582355,11.543303277902199,74.76856668744038,0.7165519714813297,-0.014546555410407941,0.02798218412456513,0.6968203981396716
43.300000000000004,651.4111649156181,497.31848990253116,18541.880273293737,14.572297225230688,11.540598180148637,73.77929883457227,0.7165230595091229,-0.014730153787210596,0.02842670768223437,0.6968282787397766
43.400000000000006,653.1384476413051,498.57621427073343,18549.247287751514,14.568941296168036,11.537894634878244,72.7900492497771,0.7164930300552237,-0.014913124543000764,0.028884482621638237,0.6968364393904278
43.5,654.8655180182401,499.83361981594055,18556.43485469264,14.565601561768016,11.53519149254066,71.80160352893594,0.7164617126429821,-0.0151037424033275,0.029349896245844293,0.6968450867104229
43.6,656.5925883951753,501.0909847809271,18563.565506591392,14.562325429339701,11.532670355908138,70.81337989381942,0.7164297954134811,-0.015294212307671726,0.02981534176671794,0.6968539880843183
43.7,658.3189854710922,502.34811627900535,18570.62583590188,14.559058938920403,11.530177191923602,69.82558122098148,0.7163972146799479,-0.01548439848434894,0.030305804377306726,0.6968621258351145
43.800000000000004,660.045027725134,503.6050372902097,18577.51996042397,14.555811889229217,11.527711619726576,68.83816789026676,0.7163639562284341,-0.015677820974121594,0.030798733449857906,0.696870379743704
43.900000000000006,661.7710699791759,504.86195830141395,18584.40082927864,14.552602233375508,11.525342968661262,67.85094968143946,0.716328993994378,-0.01587167943787174,0.031291744274726474,0.6968799673509556
44.0,663.4965875548105,506.1186092195862,18591.101706751026,14.549396543367338,11.522982290963858,66.864528448575,0.7162930017389152,-0.01606656806282457,0.03178490004090707,0.6968901787081853
44.1,665.1951993830585,507.37507129768477,18597.738643704917,14.546201733658995,11.520653914774849,65.87810721571047,0.7162556188194154,-0.016261583985292104,0.032314371934067096,0.6968997279109905
44.2,666.868727354052,508.631400101436,18604.306383193067,14.543029793946717,11.518350373620219,64.89221527572818,0.7162180953825398,-0.01645540831757571,0.03284424069667322,0.6969089719875675
44.300000000000004,668.5418372935044,509.8874775667187,18610.708168080517,14.539859706720502,11.516051846219003,63.90674663960349,0.7161795359051857,-0.016656086609364865,0.03337415565871734,0.6969186558441105
44.400000000000006,670.2145778569267,511.1434530182676,18617.092925360324,14.536693825220516,11.513751496444845,62.9212780034788,0.7161366319082478,-0.016858402705438733,0.033935473700729864,0.6969307729767995
44.5,671.8872331847547,512.3993949685906,18623.2836089018,14.53353955702331,11.51145056110385,61.9366985849578,0.7160932490602764,-0.01706071592243325,0.03450934979362103,0.6969422468177205
44.6,673.5595283302565,513.6549938284429,18629.40192731048,14.530390661454302,11.509136297568974,60.95219433706811,0.716049690562636,-0.01725917770856663,0.03508324067495359,0.6969534616125531
44.7,675.2313771816133,514.9104183422513,18635.506207535993,14.527243361315161,11.5067804100825,59.96776517794496,0.7160042310030111,-0.017479044437040972,0.035678861243324256,0.6969644489152472
44.800000000000004,676.9031211894456,516.1657761992172,18641.420586043827,14.52410697116372,11.504424522596025,58.9841456485583,0.7159537431364092,-0.017698998321481405,0.03630812771419056,0.6969782658083898
44.900000000000006,678.574865197278,517.4210577653108,18647.247446593356,14.520987193781272,11.50206863510955,58.000608000440664,0.7159019092165171,-0.017917833356960605,0.036937472576451,0.696992848419266
45.0,680.245836357955,518.6759849620865,18653.044090762465,14.517867416398824,11.499715462870194,57.01721643054386,0.7158492645003798,-0.018141963181771026,0.037579643947239685,0.6970067934008787
45.1,681.9165865657693,519.9308138317003,18658.673330146758,14.514756195133808,11.497311068932385,56.034497995740246,0.7157757993977616,-0.018393435398950306,0.03826779466272247,0.6970382072902257
45.2,683.5873367735835,521.185509177473,18664.209113441324,14.511688750871661,11.494861301939396,55.05187125814771,0.7156939809833697,-0.018644393523326953,0.03896640687026412,0.6970768474924012
45.300000000000004,685.2578178409634,522.4399915418596,18669.698429163123,14.508622819169236,11.49241141494786,54.069452740410185,0.715610558101435,-0.01889425910270726,0.03966814294683301,0.6971161843924312
45.400000000000006,686.9276999044587,523.6943145425183,18675.042685593842,14.505556887466811,11.489951087999774,53.087596012191725,0.7155177498326232,-0.019166141108958028,0.04043321977935104,0.697160070175943
45.5,688.5974179238648,524.9484390249315,18680.28562618958,14.502540590768126,11.487449495584425,52.10585635418243,0.715417567404117,-0.01946295690572893,0.041218803586472154,0.6972086544134126
45.6,690.267135943271,526.2024274945852,18685.460362004284,14.499551732003638,11.484947903169074,51.1243792713418,0.7153167738073348,-0.0197607102050998,0.04201103735387342,0.6972564092086264
45.7,691.9362228696043,527.4564159642389,18690.528550136354,14.49656287323915,11.482443727863535,50.143279690523194,0.7152140275203515,-0.0200585370594678,0.04280345169942255,0.6973051085800013
45.800000000000004,693.6050690726942,528.7101320815293,18695.458351421923,14.49359780177469,11.479921596753538,49.162234591622166,0.7151096275788498,-0.02039528934521135,0.043600187850958934,0.6973530499939934
45.900000000000006,695.2737494037528,529.963595090966,18700.311503475696,14.490683450156013,11.477396862291885,48.181665092825924,0.7149859666240475,-0.020748850092726565,0.04451495238574865,0.6974116229061575
46.0,696.9422879950844,531.2170581004026,18705.11587072683,14.48777924704509,11.474872078838235,47.20138805598605,0.7148602432196934,-0.021102500496041374,0.045431192086353656,0.6974708050680747
46.1,698.6101251351616,532.470190467891,18709.823130906505,14.484875043934167,11.472348305893371,46.22111101914611,0.7147337964436677,-0.021464535728011613,0.046347557458294684,0.6975290516135173
46.2,700.2779462784799,533.723320275765,18714.323167815746,14.481972520268068,11.469830197248685,45.24121882575066,0.7146008364889427,-0.021872852592785177,0.04727007306457714,0.6975906844283597
46.300000000000004,701.945600544986,534.9763656050649,18718.800079518085,14.479125214962941,11.467312088603999,44.261745332198096,0.7144499798995342,-0.022288958044079717,0.04822878337469526,0.6976664052575995
46.400000000000006,703.6126713510396,536.2289143676829,18723.221611496923,14.476286317646798,11.464798667110543,43.282271838645535,0.7142944132056545,-0.022714474654599824,0.049293966076788626,0.6977375214310719
46.5,705.2793374610837,537.481463130301,18727.49952500605,14.473448870133712,11.46230517705166,42.30299435933958,0.7141380591175427,-0.02314701525806567,0.05035933551325418,0.6978072696175754
46.6,706.9459962357695,538.7340118929192,18731.624069161862,14.470611422620626,11.459811686992776,41.32411804094841,0.7139703817687981,-0.02363487864802835,0.0514255100810207,0.6978847350251448
46.7,708.6124853321884,539.9863697062444,18735.7471642935,14.467787697601029,11.457318196933892,40.34540106726915,0.7137851364547371,-0.024129314176252678,0.052515983696031006,0.6979760931651702
46.800000000000004,710.2789744286074,541.2384428486055,18739.769932173782,14.464970612992621,11.454820296537411,39.366728113829666,0.7135968368047061,-0.024632434499998558,0.05363242057287329,0.6980661581371894
46.900000000000006,711.9448022414582,542.4903426304477,18743.604519993085,14.462155160261744,11.452323960296448,38.388588520101074,0.7134023667341003,-0.025135482959057376,0.05487800190252067,0.6981501812230562
47.0,713.6101713791411,543.7422424122897,18747.376980541514,14.459339707530868,11.449851160598062,37.41044892637256,0.7131847340431502,-0.025651108943014103,0.05610368887865361,0.6982563510860478
47.1,715.2753453675983,544.9938393764094,18751.149441089943,14.456516145986702,11.447378360899675,36.43242129495039,0.7129518223207527,-0.026243122255727367,0.05735273924033713,0.6983707188058638
47.2,716.9405184551284,546.2452549356586,18754.71530445317,14.453680992140272,11.44489547310002,35.454825770856715,0.7127142557975896,-0.026841070596717073,0.05860242666200157,0.6984867229242334
47.300000000000004,718.6056915426586,547.4966620362821,18758.162562957554,14.450840847133987,11.442409027972205,34.477358871346105,0.7124736344541044,-0.027439220941252184,0.059860046968960065,0.6986023075675962
47.400000000000006,720.2702135480026,548.7478915475842,18761.58320085063,14.448000702127704,11.43991932156113,33.4998919718355,0.7122246723936922,-0.028037265902794546,0.061275170188536614,0.6987097260470614
47.5,721.934283953994,549.998694736973,18764.947247990563,14.445156689733729,11.437416926429053,32.522713443664436,0.7119359475217035,-0.028666747479863208,0.06271084784232818,0.6988510383323445
47.6,723.5981348947354,551.2494180301076,18768.074760878637,14.442283982766115,11.434914531296975,31.545862302389214,0.7116286346666265,-0.029373774946863326,0.06418691473335864,0.699000649244975
47.7,725.2619848222922,552.5001413232421,18771.0925245538,14.439409834916905,11.432397775997583,30.56901116111399,0.7113145500841633,-0.030081255896097857,0.06566393946213962,0.6991530418560663
47.800000000000004,726.925834749849,553.7097864477012,18774.108024332345,14.43652135957741,11.429875956927896,29.592229192800822,0.7109961610124568,-0.030790133918719445,0.06715074382666178,0.699304800700197
47.900000000000006,728.5890292488381,554.6388368189157,18777.094834270323,14.433632884237916,11.427338534993233,28.615791852704877,0.7106659289352735,-0.031516162504858995,0.06882891081587374,0.6994449585116991
48.0,730.251769133766,555.5678871901301,18779.94458156352,14.430701453309968,11.42474040677071,27.639426113395146,0.7102757085943384,-0.03226822761695202,0.07054677461344318,0.6996358566132178
48.1,731.9142811576947,556.4969375613446,18782.594891820856,14.427760283872926,11.422142278548185,26.663131766608707,0.7098667539736573,-0.033102807429349394,0.07229775471908047,0.6998331446893454
48.2,733.576792129679,557.425987932559,18785.15004309374,14.424817029526903,11.419528242236726,25.68717769359589,0.7094481927931543,-0.03393809538453069,0.07405023578160758,0.7000343063056883
48.300000000000004,735.2393031016633,558.3549891078626,18787.68895967133,14.42185304376669,11.416908596317354,24.71126389565853,0.7090235214287844,-0.03477518721124423,0.07581468597605463,0.7002345791272386
48.400000000000006,736.901141681218,559.283013612291,18790.164320894593,14.418889058006478,11.414263452661716,23.73535958332665,0.7085826381510427,-0.035633058112878355,0.07780858456679662,0.7004189847856384
48.5,738.562513880349,560.2110381167192,18792.574050911375,14.415864469291227,11.411519104602291,22.759563495934717,0.7080196484729674,-0.03652555825840689,0.07987166230137949,0.700710053111372
48.6,740.2236484841443,561.1390626211476,18794.68091678013,14.412826141212836,11.408774756542865,21.784098666665543,0.7072606176016076,-0.03752819592141994,0.08197802349814955,0.7011801886562489
48.7,741.8847819910554,562.0670871255759,18796.7708935476,14.409785639687216,11.406016432286826,20.808722804053815,0.7064960801238621,-0.03853203137995846,0.08408688142681714,0.7016466116922847
48.800000000000004,743.5459154979667,562.9950592871853,18798.85407635939,14.406723526362168,11.403253179658597,19.83334694144209,0.705646510008469,-0.039542809591328845,0.08622051666793451,0.7021861516919896
48.900000000000006,745.2063527972679,563.921991203468,18800.918407426358,14.403661413037117,11.400460049631029,18.85797884629822,0.7048278841830683,-0.04057377944189004,0.08861876170381136,0.702650793192396
49.0,746.8663071976164,564.8489231197505,18802.67685349231,14.400529970496873,11.397550675182503,17.88296130181505,0.7040454126187925,-0.04163627920306129,0.09109806433341468,0.7030559152011056
49.1,748.5260155626402,565.775855036033,18804.324825609536,14.397382810253369,11.394641300733978,16.908056184179298,0.7032189704770541,-0.042818651417415164,0.09358874234977972,0.7034847474944802
49.2,750.1857227918157,566.7027869523156,18805.972797726758,14.394233924396767,11.391727619127074,15.933151066543548,0.7023854548207753,-0.044002243230817306,0.09608196069006164,0.7039081845502453
49.300000000000004,751.7997035151851,567.6296637186929,18807.610817400095,14.391067879805583,11.388812418703559,14.958245948907798,0.701159602891393,-0.04521246909973474,0.0986445811590436,0.7046987232279099
49.400000000000006,753.1530601945902,568.5554425885406,18809.088355593904,14.387901835214398,11.385866207787524,13.983540881585965,0.6993674572282867,-0.046482220065811077,0.10159396446202146,0.7059767909589404
49.5,754.5062917667418,569.4812214583883,18810.333868453235,14.384664611305606,11.382799343908824,13.009028323587074,0.697512773157647,-0.047794985145802354,0.10465656987157958,0.7072754576963325
49.6,755.8585151595269,570.407000328236,18811.55758565241,14.381411250254788,11.379732480030123,12.034515765588115,0.6952666516146905,-0.04926516894185403,0.10778802209579226,0.7089139359430764
49.7,757.2107338979448,571.3327791980837,18812.748097004256,14.378156365148742,11.376670216134988,11.060003207589155,0.6928832922359837,-0.05074904785867378,0.11094901668099091,0.7106529344055253
49.800000000000004,758.5629526363629,572.2585000924181,18813.877872634843,14.374886325510559,11.37360957431428,10.08562075120937,0.690471874267627,-0.05224093927329747,0.11414030646216708,0.7123843524038947
49.900000000000006,759.9149837977894,573.1830648695749,18814.779852539075,14.371616285872374,11.370509617489983,9.11136138409211,0.6884491891522764,-0.05373227614780315,0.11762612133543575,0.7136628419885197
50.0,761.2668848532944,574.1076296467314,18815.61575667329,14.368249839313803,11.367256697224157,8.137149638534467,0.6872011572729538,-0.0552088420935181,0.12110734341007998,0.7141705430564599
50.1,762.6177469905936,575.0321944238882,18816.37726856155,14.3648615362354,11.364003776958333,7.16271280012634,0.6856517433283223,-0.056843650858208486,0.12464392074724258,0.7149226386460968
50.2,763.9686043316163,575.9567592010449,18817.08393832904,14.361469102461488,11.360728690200967,6.18827264785109,0.6840853953075875,-0.05848127432709212,0.1281865584945415,0.7156642499812791
50.300000000000004,765.319461672639,576.8812634199506,18817.640941952617,14.358035594875583,11.35744578695937,5.213860450814427,0.6825011283022108,-0.06012291478195384,0.13175419333968727,0.7163925442951925
50.400000000000006,766.6701220253049,577.8045495644571,18818.099936773848,14.35460208728968,11.354100733752889,4.239456635514966,0.680861863819813,-0.061787697284376754,0.13573172359274838,0.7170678503953768
50.5,768.0206457441994,578.7278357089635,18818.444158717026,14.350998441598742,11.350513872797368,3.265148450695446,0.6774183930756371,-0.06361895682640244,0.14014464793841347,0.719316638699092
50.6,769.3702516295978,579.6511218534702,18818.730488580208,14.34735622370934,11.346927011841847,2.2908600987681322,0.6735396058045354,-0.06558007486344127,0.14465532327202033,0.7218853722320766
50.7,770.7198532777203,580.5743119431413,18818.973528442923,14.343707099524035,11.343309491125249,1.3166093601740496,0.6693173288413451,-0.06762510994163068,0.14924369777700797,0.7246843978532408
50.800000000000004,772.0694549258427,581.4974000694112,18819.175021496565,14.33998930218213,11.339598908555235,0.34228158891538263,0.6645496106114894,-0.06978704988697225,0.1539594719348028,0.7278736591646575
50.900000000000006,773.4182596313892,582.4197054468814,18819.162672341226,14.33609140927426,11.3355775135177,-0.6320539559121926,0.6608580251195114,-0.07200165732031187,0.15898239562671718,0.729936319043694
51.0,774.7668548260261,583.3416844510114,18819.053080251048,14.331874519185881,11.331160928856843,-1.606350235118279,0.6578007516295983,-0.07435264161509579,0.16444403501014102,0.7312509932916168
51.1,776.1143497355412,584.2632935108778,18818.754775940342,14.327608692888496,11.326622377849862,-2.580591430381878,0.6572845659140154,-0.07685252250501519,0.1701380563175203,0.7301532243223587
51.2,777.461839565473,585.1845737394343,18818.356522926766,14.32331659953604,11.321890078954562,-3.550642906731967,0.6580412648853966,-0.07940274947371069,0.17584964103443274,0.7278418790040209
51.300000000000004,778.8093293954049,586.1053280749874,18817.936949679315,14.318763318187662,11.317119704387599,-4.522156045860925,0.6591097848765138,-0.08223559550523575,0.1819943112046984,0.7250445979393697
51.400000000000006,780.1565679487901,587.199912364498,18817.498608168906,14.314210036839285,11.311947197197913,-5.492703621500096,0.6594053529838031,-0.08527378750891522,0.1884451456239686,0.7227734006664549
51.5,781.5036322133864,588.6685159107307,18816.991123792934,14.309426373205065,11.306272166834358,-6.460953045058362,0.6587873483685175,-0.08871227309647188,0.1955517443357766,0.7210332013984305
51.6,782.8485706930107,590.1367254269728,18816.21075592619,14.30459047934734,11.300256165731819,-7.429217156964174,0.6580463130860791,-0.09239726235878763,0.20305516335299417,0.7191706309201651
51.7,784.193499358723,591.6037813359357,18815.34946059344,14.2997193123679,11.294076899557616,-8.397784138324543,0.6583958890424768,-0.09679222781067566,0.21089444482059239,0.7160095328075089
51.800000000000004,785.5384280244352,593.0705027430331,18814.471692013496,14.294497405043018,11.287552155155117,-9.365442676998619,0.6599522121949136,-0.10140010385278683,0.21903510744239435,0.7114806520667886
51.900000000000006,786.8831097962402,594.5372241501306,18813.571059326812,14.289275497718132,11.280895156723512,-10.333528609328585,0.6608391316837637,-0.10614880211831067,0.22744955439916437,0.7073123596035336
52.0,788.2276203191136,596.0039455572279,18812.550817065945,14.284653571045588,11.274243971900699,-11.299944746822408,0.6612947585357525,-0.1121873425468534,0.23697115830659266,0.7028142803303356
52.1,789.5693419692145,597.4698978542237,18811.361133513758,14.280167666652082,11.26722879988505,-12.264716676173023,0.6611979316023143,-0.11880546684740241,0.24685640391273148,0.6984013689414321
52.2,790.911050744188,598.935312476504,18810.081710870192,14.275679213070719,11.260213627869403,-13.22830714736456,0.6590079480383519,-0.1255487238759135,0.25680685216785887,0.6956984138511788
52.300000000000004,792.2527595191615,600.4007270987842,18808.636372320267,14.27116541149103,11.253151723165331,-14.188946953108003,0.6511971132668612,-0.13329030016911048,0.2667389289141972,0.697872738653289
52.400000000000006,793.5943183153548,601.8661417210643,18807.086196005726,14.266651609911342,11.245893766725395,-15.146940565285297,0.6452507199150683,-0.14316392742331663,0.2772428884095366,0.6973463839155938
52.5,794.935773084251,603.3303782702267,18805.49771412335,14.26435491152867,11.240360090275937,-16.103371651739756,0.6385539601406257,-0.1531845574006955,0.28811122410367906,0.6969757914792714
52.6,796.2753232357373,604.7947547814791,18803.900285232456,14.262560855070443,11.234826413826482,-17.057609530924616,0.6291875517519289,-0.1646938171682025,0.2997092684192035,0.6979780266817905
52.7,797.614302361118,606.2599307447182,18802.280585716537,14.260801753079637,11.229341372859656,-18.01052542613137,0.6177651532327031,-0.1790356135443005,0.3148855381496847,0.697968167181265
52.800000000000004,798.9528026509611,607.7248418901482,18800.293161124428,14.259435493981709,11.224203523191996,-18.95687985231526,0.6072856884905226,-0.19369331712709992,0.3371619502183559,0.692826681631018
52.900000000000006,800.2909182994969,609.1889486280548,18798.28027518077,14.258381142180395,11.222233586381272,-19.900406922511134,0.5950022804220894,-0.2095474443151266,0.3605871832619082,0.6870509720106329
53.0,801.628693386353,610.6530553659613,18796.267389237113,14.260703967249329,11.220492863072197,-20.849048176008598,0.5727073680218527,-0.22845493649904566,0.39354699146604155,0.6818617001348048
53.1,802.9664669093266,612.1174258908346,18794.220974671407,14.26417710898321,11.219863029564005,-21.79271137286187,0.5592308293670135,-0.24773109962679682,0.41522739460541724,0.6734065581299141
53.2,804.3043495399465,613.5827830407817,18792.025110165516,14.268027771168866,11.219233196055812,-22.728379775258688,0.5450468813933536,-0.26942186403190715,0.43632668068359964,0.6632908743444192
53.300000000000004,805.6424012736127,615.0479031590579,18789.629178112005,14.272290281561773,11.221328801658023,-23.660828803919927,0.5297652944514899,-0.29399623138297015,0.45796965563067116,0.6505219006681187
53.400000000000006,806.9810884065147,616.5130232773342,18787.2262964071,14.27696981389397,11.225311809020024,-24.590197442479255,0.50550010814167,-0.3265626273400766,0.4808579466126125,0.63765360994274
53.5,808.3197784728046,617.9781465789564,18784.801486746783,14.282775143787651,11.229995786567478,-25.52876225556301,0.48304461394501175,-0.36033245303537265,0.5010470374692374,0.621112140012998
53.6,809.6598004690826,619.4435405714889,18782.13723415054,14.289003181942501,11.23450150902373,-26.473307492369816,0.4573195126294817,-0.39676005871728653,0.526097422430786,0.5972117055841016
53.7,811.0001107719536,620.9090009920016,18779.408901895393,14.29558083292989,11.239557720844328,-27.398494379886554,0.4262184523033349,-0.4312732165251455,0.5666028451809599,0.5579448534192657
53.800000000000004,812.3423791149397,622.3744614125142,18776.662886328446,14.302264563030388,11.246336490941985,-28.333339447268965,0.3929877762079612,-0.4652104279859057,0.6063929731543808,0.5112997433534288
53.900000000000006,813.6846608956023,623.8395051894821,18773.837800849127,14.30399140632881,11.251023151117737,-29.260550765108754,0.35437485910660954,-0.49737962583503315,0.6436518080155749,0.46124214581459766
54.0,815.0270377972867,625.3021508143606,18770.785537688786,14.304335170907136,11.250965156675289,-30.209403870595953,0.31219479168314185,-0.5189340636560537,0.6860386074687471,0.40322807278967665
54.1,816.3706570536589,626.7647964392394,18767.726922271595,14.304678935485464,11.251350583051304,-31.140229074316114,0.2705040781776512,-0.5367764489741971,0.7206003881081025,0.34559176520044926
54.2,817.7148190385163,628.2276410892534,18764.6146543612,14.303625077453491,11.251829799178031,-32.08326610966653,0.23953094443326756,-0.5555596914665112,0.7446811683615282,0.2818302917790265
54.300000000000004,819.0587346384444,629.6899998719393,18761.41661976592,14.292771973157368,11.241375179481562,-33.04465399669948,0.20316596225464006,-0.5680968264700775,0.7645369499220699,0.2268762652628769
54.400000000000006,820.4027411901367,631.1463740488362,18758.08833010751,14.27759670292704,11.229247016170714,-34.00839849592831,0.15730421881887902,-0.5776749067967341,0.7832708711703428,0.16743305281580195
54.5,821.7462473862588,632.6027795564312,18754.61794579274,14.260755007573636,11.209740233087912,-34.974741049378125,0.1126589993116401,-0.5805574661606513,0.7998338937595314,0.10259980873613009
54.6,823.0487434412619,634.0560372059703,18751.08041603433,14.242987562856383,11.183478868175309,-35.941418994834564,0.056660638768513516,-0.5833369631339393,0.808705531123572,0.05002922532038995
54.7,824.3383669283767,635.5038858284033,18747.466285631548,14.215741318340488,11.150878154191869,-36.90917030278316,0.007206416372294448,-0.5841763646290882,0.8097094472079149,0.05528701180263457
54.800000000000004,825.6259271995771,636.9512148769845,18743.73116486765,14.1791909273383,11.110343331144144,-37.8766042319618,-0.015620614185565379,-0.582207259822466,0.8069897965327888,0.09776590057095212
54.900000000000006,826.9091285146143,638.3917499604977,18739.90548834176,14.137566079996475,11.069758892121948,-38.83841326200489,-0.023664010860086324,-0.5789234815086429,0.802778447403664,0.1408345892601969
55.0,828.1895183371071,639.8277718245266,18735.961365833224,14.091317496528067,11.02482619396311,-39.789154215792735,-0.02974509047299815,-0.5738051082668677,0.7959900834316174,0.19042771436460684
55.1,829.4655980953938,641.2631872609438,18731.949766692902,14.04093618954339,10.97439916576741,-40.73973917146084,-0.039100782191887604,-0.5714348285063223,0.7874134619138343,0.2278451351220889
55.2,830.7342108747571,642.6875003310671,18727.840151462173,13.986247373689054,10.917540369983541,-41.67359677883259,-0.04761423621031586,-0.5698104319417562,0.7803167956078407,0.25328769147506736
55.300000000000004,832.0009238279035,644.1111126434805,18723.632734481467,13.92935118173341,10.86014153529156,-42.595585234172745,-0.03974210168589025,-0.5640700683387009,0.7738414402511984,0.2853330487481478
55.400000000000006,833.2606035113711,645.5302209737839,18719.32349086532,13.870247764605246,10.798370408256625,-43.50527193619565,-0.03804521010369993,-0.5657387870156302,0.7587136658259632,0.32069574388067174
55.5,834.5155803650069,646.9419037000703,18714.947942812065,13.809335159439385,10.735851636401684,-44.38623408582726,-0.03869037051158874,-0.5664487455218448,0.747921989184789,0.343877263017305
55.6,835.7639558165183,648.3516744742022,18710.445792006896,13.747237851104229,10.671619204819388,-45.27423703631196,-0.03967550075339851,-0.559323526785599,0.7448722742567271,0.3615914020931604
55.7,837.005793259092,649.7573852266263,18705.923079523545,13.684758968545554,10.606128132195224,-46.15764414728924,-0.024908701827941287,-0.5548660006350046,0.74392578209115,0.37158809003065824
55.800000000000004,838.241870380023,651.158204382012,18701.239139008256,13.622840371736936,10.538873925671407,-47.0348559457825,-0.015560143853759837,-0.5533296109847141,0.7425331576645928,0.37713224908432874
55.900000000000006,839.4239253883176,652.5568566450606,18696.537624308996,13.56229230558458,10.469364652787048,-47.8738145835773,-0.01570471655022208,-0.5567802931684757,0.7420669525925374,0.3729419591401972
56.0,840.5995967842217,653.9519986673439,18691.70969899833,13.507597130881562,10.397315698278708,-48.709049037015134,-0.015367198141384786,-0.566529101591233,0.7458309263144183,0.35006407359866404
56.1,841.7684798219285,655.345544869248,18686.787963360286,13.453065555565773,10.324293567111926,-49.54140323718002,-0.014679084275141899,-0.5780061478483359,0.7514514168744688,0.3178272889663884
56.2,842.9302998560765,656.7377773530405,18681.846412265997,13.411269245395205,10.260529645426457,-50.395556816593775,-0.009950754150936991,-0.5903464454827508,0.7594137549668185,0.2732815499899438
56.300000000000004,844.091170717737,658.1296667441272,18676.71141548405,13.371415462078438,10.223244989347133,-51.27347330944975,0.00922356795602348,-0.5874107611315098,0.7774077565488773,0.22472361593455775
56.400000000000006,845.2431428695525,659.5226833543077,18671.563601013855,13.34791586770618,10.185929237482766,-52.15667589922275,0.03919098983971509,-0.5859523577584665,0.7858821354119984,0.19368316910086628
56.5,846.3937452335192,660.916150584941,18666.315572394866,13.33154704577722,10.168836731090487,-53.05673679800621,0.07392772381698992,-0.5793721326699093,0.7956395648137112,0.16068698279514726
56.6,847.5403745997841,662.3125523986886,18660.94529769372,13.329861578622932,10.161609752192238,-53.96376159639381,0.1254960958914809,-0.5788185702860069,0.7994498743754349,0.10049721871355738
56.7,848.685264023589,663.7108593364566,18655.557042418506,13.34217387849124,10.166401271976017,-54.894742093618355,0.17399947035151667,-0.5724576413654351,0.7987326966725481,0.06358075515369475
56.800000000000004,849.8304703282535,665.112951581292,18649.993324344676,13.363515406734608,10.193727007574108,-55.83086588715879,0.21359853529361153,-0.5674067324092615,0.7930429805476872,0.059229188252998825
56.900000000000006,850.977395176727,666.5200031873762,18644.39697912435,13.40325592870402,10.226089673678693,-56.77380541036152,0.2600821096731512,-0.5640199645824726,0.7829071931249123,0.035987535809229705
57.0,852.1271457598626,667.9299727940933,18638.633572111314,13.44595535091746,10.281740873913558,-57.73741865345882,0.27336861514016925,-0.5604533290364109,0.7787434040001083,0.06870499948820998
57.1,853.2830317524995,669.34757621472,18632.84777563458,13.505979925059409,10.342864497541134,-58.6886771091166,0.29312377280131446,-0.5475511161866169,0.7642383619647275,0.17379860495120023
57.2,854.4426662596488,670.7694675971104,18626.891208449786,13.56679042549469,10.413930850295355,-59.628376829212925,0.3104672682936574,-0.5367259817758583,0.7479631107411736,0.23682584482146876
57.300000000000004,855.6087017833253,672.1975753816877,18620.90910316538,13.636865482595892,10.49082774438596,-60.521712271734145,0.3356267170560394,-0.5238791119316426,0.7276583999854227,0.28882284502884
57.400000000000006,856.7824219024568,673.6313011333183,18614.776277661975,13.70817049632786,10.570385385533124,-61.40994687443029,0.3344296706566574,-0.513015953849654,0.7119253660436001,0.3437058330373446
57.5,857.9613739187715,675.0688002009753,18608.60699477449,13.782389825734054,10.652811294444529,-62.26387655479208,0.3604749310171674,-0.5030849728385541,0.6948117256059638,0.36633318191594727
57.6,859.1494979263786,676.5127202834962,18602.308283166167,13.857254738315397,10.736181544646298,-63.105314592400845,0.3577198499223762,-0.4971636180650775,0.686663201357058,0.3916101297796456
57.7,860.3461845609879,677.9589256568889,18595.963345603846,13.93002470233642,10.818599014414628,-63.92623087692185,0.3458433477212479,-0.49992065081155207,0.6755410094094815,0.41727217297003294
57.800000000000004,861.5505906339405,679.4079262519417,18589.507581997128,14.001081474179884,10.896005852864207,-64.73411855185037,0.33537511346369014,-0.5034357237171015,0.6762401270542863,0.42044654347046057
57.900000000000006,862.7627455097818,680.8576115864142,18583.006249063466,14.06470844437635,10.970009349462133,-65.5373235203567,0.31464053817207305,-0.5101528033154803,0.6859960072847744,0.41249839635748015
58.0,863.9838956346679,682.308198491078,18576.411163709417,14.118805938249029,11.02914124861862,-66.34442521481326,0.29292618863475894,-0.5245653654884129,0.7061206937580267,0.3747252209134107
58.1,865.2088062155675,683.7547113134135,18569.717240028407,14.161059506942973,11.078228649646821,-67.16500330893894,0.25700097240292247,-0.5419393681301418,0.7305558547712697,0.3264052152066115
58.2,866.4416990361029,685.1985119971645,18562.951122689556,14.180444831956418,11.104609910057093,-68.00921547443644,0.2345705161762782,-0.5576421161441824,0.7483340334604653,0.2720443302254686
58.300000000000004,867.6763913565637,686.6391298120616,18556.1107028214,14.186956363007223,11.121695698580535,-68.88263086543009,0.19715585065729324,-0.5674209230405054,0.7693426872318226,0.21742791046776344
58.400000000000006,868.9140484034021,688.0711750652225,18549.15421204828,14.15807154430032,11.148643195170923,-69.77647308612512,0.15394848082548196,-0.5778784721137114,0.786330411051847,0.15505102829095446
58.5,870.1510721154249,689.4991760457384,18542.163717741903,14.131076770318167,11.143616930901764,-70.70141667036222,0.09619887816239434,-0.584320228608836,0.8027854836134408,0.0696499359536561
58.6,871.3845942777191,690.9175384891656,18535.08920596659,14.094905000750776,11.100045109424675,-71.65074247879913,0.03078867647624927,-0.5811066158596692,0.8089159719539816,0.08379802338187252
58.7,872.6117716663977,692.3266617749565,18527.91944678731,14.026709729048253,11.020048259675702,-72.6072770791159,0.0013068356848997917,-0.5810011095181811,0.8081390537100644,0.09668129492170081
58.800000000000004,873.8300773356483,693.7289225135644,18520.536305633068,13.923664993114294,10.909344849147349,-73.55524198311001,-0.02143354880880806,-0.5793089185900364,0.805210342759734,0.12481219387645846
58.900000000000006,875.0375000244802,695.1231162153936,18513.041001983795,13.801416090185995,10.773885213816715,-74.47110407618118,-0.02181303144925913,-0.5750231288591962,0.7984289828214075,0.17715460007221473
59.0,876.2345563627817,696.5097606915169,18505.48832661555,13.663717363947887,10.62506823509769,-75.35729580164598,-0.01742437718797231,-0.5759268794486679,0.7917622559455859,0.20277364391874814
59.1,877.4182832717657,697.891198477582,18497.88460098711,13.514989423074137,10.465869658580857,-76.19658331005368,-0.012774488274335173,-0.5778753727669664,0.7825050548064061,0.23147938396581214
59.2,878.588615877502,699.2691814848913,18490.193099988148,13.360799108433852,10.302680066222878,-77.00460397500458,-0.00836062764497567,-0.5758406196875809,0.7809214790167147,0.24186633546972086
59.300000000000004,879.7432657120181,700.645567327661,18482.42725941084,13.254505486166465,10.14101658510131,-77.7932393333453,-0.00857248479732601,-0.5754426185273696,0.7809218809999456,0.24280304994433355
59.400000000000006,880.8888473243643,702.0211125358073,18474.568267455365,13.167560883790323,9.986635424431835,-78.55891718532268,-0.008584497169803898,-0.5787316742040929,0.7869310765435841,0.21385844956705646
59.5,882.0230408813782,703.3984298405486,18466.627646460023,13.102999175062637,9.869956706295028,-79.34191575410256,0.018058941570001954,-0.5802300529635956,0.7937859812669164,0.18141327462827223
59.6,883.1478285962528,704.7804581523438,18458.60198987486,13.069760712541129,9.840096717122108,-80.15616486941943,0.041539691743344306,-0.5805573582127816,0.7986634154090836,0.15285403730998226
59.7,884.2682369880248,706.1665891071668,18450.494513805977,13.072705442453284,9.858202933878843,-81.00617552937163,0.09421736884219994,-0.5815131538819412,0.802502359723129,0.09463351367005339
59.800000000000004,885.3856443506961,707.5590738738406,18442.283234113675,13.107257242582543,9.907822394033692,-81.90692867152339,0.14411379221995793,-0.5774177221184551,0.8021142543888452,0.049322530163649944
59.900000000000006,886.5048868927972,708.9594241170028,18434.00146145999,13.170914444490828,9.980335088744548,-82.83966179151436,0.17685745507069398,-0.5704508477777923,0.8006146273786571,0.048202585852314184
60.0,887.629091655864,710.3672270722398,18425.598088347233,13.260373139668445,10.072494906672633,-83.78907802417365,0.19546030562610742,-0.5703304260406448,0.7969649597471475,0.036950331420338454
60.1,888.7625304646078,711.7831810873569,18417.128466167967,13.373110654214603,10.180065851881682,-84.73012621636319,0.21518660943468748,-0.5667641688535249,0.7886895556355666,0.10218554132140562
60.2,889.9076351029659,713.2050335454206,18408.521428873406,13.49605408832491,10.29315987393144,-85.63947213581115,0.23435434012033826,-0.5585751438565855,0.7741355968460236,0.1838094927586887
60.300000000000004,891.0630535495029,714.6332524506574,18399.820582470194,13.6230597348702,10.430880762061872,-86.50013803146068,0.2457302154085991,-0.5529554964835195,0.7651505964702091,0.22000328376001863
60.400000000000006,892.2330240667528,716.0633675711202,18391.03453414365,13.747917894519103,10.573415651646732,-87.3063210171588,0.25691497346533076,-0.5456485250314846,0.752992704818863,0.26318124938879356
60.5,893.4177110599435,717.4952530621447,18382.164980824124,13.862698705133372,10.700220354538564,-88.0924410821759,0.2524766147895437,-0.5445947224290328,0.7400446866841307,0.3033249231392696
60.6,894.616423233864,718.9254493379696,18373.21241121388,13.958734961797033,10.810315387411936,-88.86144961141748,0.24006146422662053,-0.5464239928884356,0.7407346098001313,0.30838863668020766
60.7,895.8275251654497,720.3521913106354,18364.182572310754,14.026533035007821,10.89044765598016,-89.62152894326971,0.21184151241277055,-0.5579643100529695,0.7571278714025724,0.2656245257335883
60.800000000000004,897.0462567316497,721.772716648149,18355.060487088755,14.059215445065332,10.92836275155275,-90.40361467143443,0.19776413506207846,-0.5646953506426464,0.7683548056829103,0.2272430426431222
60.900000000000006,898.2709229404078,723.1854339594246,18345.865925169866,14.041067618198456,11.014970638009576,-91.2124942983352,0.16627442119801175,-0.5732913230865683,0.7823702570577294,0.17772635313970897
61.0,899.4984659124891,724.5890877163791,18336.568533305257,14.031088855742853,11.040630687525017,-92.07834699694486,0.12534277710766367,-0.5828294467751428,0.7944799063525764,0.11576140376101622
61.1,900.7226382459967,725.9852451617309,18327.194564213496,14.002545222578593,10.998438774153454,-92.98250278129356,0.05925430424634319,-0.5839045520773224,0.8055526205068622,0.081420986767482
61.2,901.9385642291807,727.3731731428479,18317.727134508998,13.91259833782517,10.894431949221843,-93.92191597122593,0.022023663396359836,-0.5824315210249236,0.8079178360774886,0.08693245490072356
61.300000000000004,903.1428574127603,728.7537232777523,18308.156988772054,13.771007313254843,10.73907805762095,-94.86006239985909,-0.001478791180400456,-0.5827131252455507,0.8075904929328335,0.09077897646322687
61.400000000000006,904.331558560333,730.1290047786057,18298.496157474823,13.592705754044546,10.542925696088783,-95.77827496368627,-0.006397200410178498,-0.5798425268257287,0.8040180641460676,0.13151681427892112
61.5,905.5030302756419,731.5019377458786,18288.744292384516,13.393969037030066,10.32579689204775,-96.65539954216041,-0.007295819951780849,-0.5773921586650829,0.7992741676541153,0.16651087365132686
61.6,906.6584416919336,732.8744031160782,18278.909727817263,13.187415062028755,10.103698921116692,-97.48287577510716,-0.004355361603935915,-0.5804234365359894,0.795156314197222,0.17554515412662353
61.7,907.7961024375815,734.2486889835895,18268.99942239155,13.059311458578033,9.89447683457363,-98.27436384339468,-0.005115612514578751,-0.580153841416855,0.794200682617833,0.18066717058512624
61.800000000000004,908.9193019956424,735.6274613822677,18258.995874043805,12.991820195517013,9.714493961053492,-99.05189807239726,0.02030819729753254,-0.5820724650982536,0.8003578977295739,0.14214942152138252
61.900000000000006,910.0326877016967,737.0127833089573,18248.913623457946,12.971769998655919,9.731859913393262,-99.84412523038903,0.057289833108411244,-0.5825719765307701,0.8027139812190339,0.11392116370073972
62.0,911.1402594718626,738.4058379477714,18238.87704203571,13.001475956910493,9.787699348477338,-100.67221234287076,0.10154767419058021,-0.5837511903143658,0.803401434801048,0.05889611390119313
62.1,912.2492021175085,739.7269107282191,18228.89583813127,13.08166782842193,9.876488500845344,-101.54925637789862,0.13600366220458857,-0.5770174833203582,0.8029456196391169,0.06190444016332818
62.2,913.363683929389,740.9542461027426,18218.84186109085,13.200775465955276,9.992723859696861,-102.46456344104313,0.14031417451002762,-0.5772430729224948,0.8040909611479375,0.023239909525446918
62.300000000000004,914.4891748866098,742.1937331585758,18208.71003388299,13.347728660027775,10.123436394547808,-103.40035884942316,0.15128121635974282,-0.577567010289269,0.8011233179768097,0.041614559904672964
62.400000000000006,915.6287150320275,743.4480719406275,18198.47499561103,13.505518691412954,10.255302473641047,-104.32562631964274,0.18461122046122608,-0.5712808428952044,0.7910323177219202,0.1175787741909582
62.5,916.7879525445661,744.7185592417477,18187.976394409296,13.659134187319005,10.424555562736698,-105.20946701285607,0.19035624958746175,-0.5667640244612239,0.7854056897486017,0.1602527420359359
62.6,917.9629799754696,746.008401126962,18177.391632593346,13.793566102473239,10.57402480193166,-106.04195155375412,0.19552665100906944,-0.5613909254377178,0.7774383052857389,0.20542453372418384
62.7,919.1552118853226,747.3163993290982,18166.66658142159,13.892529701001402,10.686137716080559,-106.83213538188215,0.18509216768200987,-0.5637216487504981,0.7710993141576142,0.23100787843372717
62.800000000000004,920.3613106916835,748.636639609475,18155.845345563786,13.941539848060684,10.74500397548292,-107.60325789336524,0.15811644829084268,-0.5711740396342778,0.7791491803324448,0.20417139862142533
62.900000000000006,921.5753605829408,749.9657831271046,18144.933668895326,13.93299806758204,10.863867107932009,-108.38222404921343,0.15039645244320257,-0.5755240314566304,0.7856453403240041,0.1700423345393338
63.0,922.7921201116919,751.2987069357433,18133.945900670366,13.923420304035684,10.912868361136677,-109.20197728346281,0.1227543682910609,-0.5827004256335608,0.7946410912190461,0.11805555970869577
63.1,924.0058529417948,752.6284966729568,18122.8712561346,13.8928784806539,10.869947114465115,-110.07331194427503,0.06337225389429503,-0.5850214927803407,0.8051269980653609,0.07419115451102763
63.2,925.2085397826743,753.9481428041228,18111.71016274811,13.776794105126681,10.742792231730007,-110.98595933331282,0.04337465737009253,-0.5829467911621858,0.8076182686631188,0.0777458030592306
63.300000000000004,926.3958944475463,755.2514525174556,18100.455246156453,13.597077049445916,10.541756558420115,-111.91667217502975,0.014796520677146553,-0.5828727499775241,0.8080202029098136,0.08452083766192293
63.400000000000006,927.5645003902936,756.5371725972464,18089.055194468416,13.375801215363571,10.300844332255231,-112.82779162826309,0.0005446365341129479,-0.5801340117104993,0.8062426471325519,0.1158318858191626
63.5,928.7148300156967,757.8037664484324,18077.557670756018,13.138387397332808,10.044606036315527,-113.69693039316374,-0.0014739082587451689,-0.5778555330315719,0.80423870238996,0.13885575291415203
63.6,929.8449699452516,759.0483679908731,18065.981224390485,12.978062452209613,9.80300392433165,-114.51704601479486,0.005415883148535969,-0.5803824998351378,0.8028153229931789,0.13643452371813972
63.7,930.9610105314156,760.2799857383651,18054.317104516966,12.929686658186753,9.668356175645416,-115.31112302339827,0.03348927251001744,-0.5826467264410853,0.8027650643737381,0.12234995797001862
63.800000000000004,932.0678649468546,761.5010212629684,18042.572226453412,12.950700533077718,9.722016637482485,-116.1015889634627,0.07534607068354214,-0.5840790288647274,0.8044769643248354,0.07740459639895592
63.900000000000006,933.1727844507819,762.7179538149667,18030.733335752062,13.034635926198675,9.81431166213688,-116.92569133688725,0.09392139479998378,-0.5824717576394589,0.8057984828906989,0.05093356577222032
64.0,934.283635583193,763.9385914397205,18018.80949165202,13.169821037361125,9.937192656684207,-117.79711758241919,0.10347217506903048,-0.5798913520603644,0.8070454065614835,0.04119757929898762
64.10000000000001,935.4065379782697,765.1717068779882,18006.795194333696,13.336118536764339,10.068258905694407,-118.71184617351534,0.10417197486698566,-0.5815905264347377,0.8065545439717122,0.019246475320434928
64.2,936.5484555328907,766.4198211465007,17994.684875505674,13.511105202057877,10.210195121185503,-119.63634662609697,0.1426868142969183,-0.5785163316886662,0.8014797695269775,0.05088718929424917
64.3,937.705841077855,767.686891807441,17982.4886153468,13.665536317644408,10.383684116157028,-120.53746818858517,0.14566724438162815,-0.573891537698179,0.796340571859629,0.1235769010898141
64.4,938.8844978118457,768.9737891211404,17970.204450648755,13.781212684927455,10.511473972391784,-121.38712692208829,0.1486771997220979,-0.570695082771442,0.7934179349606116,0.15063264342807914
64.5,940.079944943895,770.2780127647295,17957.844319309697,13.837469034172669,10.589291218077102,-122.19237335401515,0.12893857869717518,-0.5749254878146256,0.7929632007218566,0.15506414377803707
64.60000000000001,941.2843825613685,771.5948112396035,17945.3964615673,13.82543824504073,10.731970607957107,-122.97299922354817,0.12351489217961777,-0.577670104990941,0.7922481162901381,0.15291907482175174
64.7,942.4917944488587,772.9167666391972,17932.867511590146,13.822810323075375,10.775774972150478,-123.76713287431888,0.1108437525147927,-0.5822455196243668,0.7979468872911952,0.10947411779997614
64.8,943.6942493241617,774.2363461924723,17920.252852938658,13.773767693157419,10.729177487795239,-124.61080502452762,0.07788540596686469,-0.5844491450362663,0.8046816824045734,0.06957334551607508
64.9,944.8847752230798,775.544453829723,17907.542400079594,13.628121041309566,10.574234257503361,-125.50325901189025,0.06416538779257942,-0.5823203066560552,0.8064076354634124,0.08057660288032728
65.0,946.0561404834777,776.8357356395134,17894.740895828658,13.413842488189982,10.343036796757294,-126.42116905241508,0.020329463264601513,-0.5829873607530411,0.8092773054243024,0.06915701736452298
65.10000000000001,947.2084776215528,778.1066232597658,17881.849968874645,13.168240580266941,10.077772907522347,-127.32667913374598,0.0016865905261333597,-0.5801716769672648,0.8082513733411899,0.10063646530691349
65.2,948.3393015417853,779.357992341195,17868.879083648968,12.969764586772161,9.818372139882623,-128.19530377561406,0.009150297298471142,-0.5788907171865786,0.8083144303114497,0.10690926697361101
65.3,949.4551400082829,780.5904529000251,17855.820823590166,12.935250779016275,9.65317031852251,-129.01585335497404,0.03796719217783525,-0.5808935367097608,0.807948919796517,0.09132214587162399
65.4,950.5625088577133,781.8118826682723,17842.677042798456,12.976531072170346,9.724009340156162,-129.81493261839032,0.0632332452917603,-0.5831061838017491,0.8080744132927978,0.054813115980880144
65.5,951.6695996541864,783.0291782822782,17829.442587899735,13.085490747750569,9.827049796799555,-130.62813414721685,0.07044516617591898,-0.5833793325514198,0.8079633448421779,0.04360351253909403
65.60000000000001,952.7859584498353,784.2516176441287,17816.122709081577,13.246244535225602,9.948179657165463,-131.48600978431847,0.07933497540627622,-0.5822364406326923,0.8081214225497731,0.040576536234501144
65.7,953.9164986039755,785.4859759740128,17802.715031211603,13.423936582022524,10.062684353273854,-132.38333685372342,0.08994354534401912,-0.582728815444035,0.8074833844048149,0.01754623071448354
65.8,955.0647992940804,786.7386382727691,17789.214542532565,13.586567309373496,10.236137006445045,-133.2983763359915,0.10850973103295422,-0.580923136776699,0.8057500466172481,0.03899756152606225
65.9,956.2350097699623,788.0122787525224,17775.628551585232,13.700223262603531,10.366231580923918,-134.18734232456498,0.11234314871979245,-0.5778023837402749,0.8034562598144575,0.08933902195984575
66.0,957.4223774316623,789.3048116836673,17761.955637175088,13.746455265744217,10.463797330339233,-135.028622426908,0.10585093637958545,-0.575615935409507,0.8013830804928064,0.12347887459020426
66.10000000000001,958.6192214766196,790.6114855867479,17748.26031921121,13.71552750858761,10.619625152583719,-135.831216468374,0.09863353637629656,-0.5786978174435584,0.8012856370500673,0.11541919010821143
66.2,959.818049513401,791.9238981676804,17734.638042281214,13.718984305084195,10.655649507558477,-136.6266353948101,0.09491669402051307,-0.5814439912795211,0.8022221988274096,0.09671220145189814
66.3,961.0094769695952,793.2339036144302,17720.93485401951,13.650267183568822,10.58692648374234,-137.45576503337205,0.07598158616496763,-0.5831693708912309,0.8057080968530488,0.07053187990986652
66.4,962.1866637089181,794.5315608354565,17707.143454516434,13.476802001079285,10.404013454199516,-138.33381617152097,0.05952787309863632,-0.5820345923918723,0.8076888876837314,0.0730125078037759
66.5,963.3448053174758,795.8131279547825,17693.26385549741,13.242802048694102,10.1554387154437,-139.24061900378348,0.022230756078030545,-0.5821655573831026,0.8105543130127414,0.05992297503848779
66.60000000000001,964.4811145550137,797.0716841585745,17679.296455243744,12.996817077377024,9.892322600504587,-140.13895746638886,0.010543557847798429,-0.5801085999389715,0.8102731147468273,0.08258526008454127
66.7,965.601208585178,798.309793648056,17665.236884268146,12.941394072971335,9.660805737682104,-140.99594069705836,0.03269369693565064,-0.5797098222389325,0.8109646751178583,0.07213833856814009
66.8,966.711699601772,799.5341628501254,17651.09376501338,12.98886732171748,9.721022096215828,-141.81351604288693,0.05520660888909142,-0.5811428553507995,0.8104535184151209,0.0488907608678576
66.9,967.8215530379524,800.7519068588141,17636.870417486407,13.110219216820454,9.813409517092962,-142.62162745447617,0.053109765440171125,-0.5831204707431762,0.8095978528923219,0.04124543619952511
67.0,968.9402228126927,801.9733669915437,17622.56519930043,13.27705895724398,9.908257525526414,-143.4606978595409,0.06399526061503483,-0.5830830808512817,0.8092225551585338,0.03282656952051269
67.10000000000001,970.0744307179771,803.2074808807399,17608.1693329312,13.450436211848423,10.04080649490869,-144.34058905476758,0.07389429766684928,-0.583088091616337,0.8089691033178927,0.010812033323383359
67.2,971.2293065425145,804.4607442207993,17593.687247319824,13.591016516480245,10.183766146693962,-145.24219077919162,0.08868473786835374,-0.5814815147330248,0.8081059281865332,0.03129016015922796
67.3,972.4027235391517,805.7359972167393,17579.111160083674,13.661750609273483,10.264084475522479,-146.12878814227156,0.09354155447230879,-0.5795547962496171,0.8071201534968911,0.06263604034518613
67.4,973.5898081682298,807.0275764589849,17564.453824908564,13.653718614399676,10.452280730598574,-146.9714509622738,0.08353265198654335,-0.579190753514911,0.8070915511313559,0.07850856760447503
67.5,974.7821512500444,808.33151740744,17549.714586147773,13.637158057458873,10.543199745660731,-147.77959476788166,0.07752689095318815,-0.5806872896587902,0.8071078130012078,0.07327230718537603
67.60000000000001,975.9694405071139,809.6370668801277,17534.891993854748,13.593015940738724,10.50527342458357,-148.5909114753801,0.07706026967005403,-0.5817807110890053,0.8066551747228331,0.07000248664172905
67.7,977.1439350953137,810.9321878256194,17519.984693633494,13.440371287745517,10.355663822299162,-149.43774465924852,0.060649323653594975,-0.5820374075147028,0.8087628238688547,0.05879464704886975
67.8,978.298395977966,812.2119085721023,17504.993638873268,13.216782408347596,10.124370271991307,-150.3215868525953,0.0339489947247516,-0.5813411071742118,0.8101945390421907,0.06689388442041842
67.9,979.433602896579,813.4693612393826,17489.91341272059,12.984724812825458,9.87066592604357,-151.21700714842143,0.018916531381560516,-0.5807655175817141,0.8112971205190639,0.06442484509883963
68.0,980.5535805587054,814.707669555005,17474.659380681846,12.978910109485629,9.668970178423738,-152.0857121519019,0.03686051511019245,-0.5808035588708922,0.8116739676312119,0.04993894971386356
68.10000000000001,981.6662705784356,815.9315087603543,17459.308820939335,13.056447778966746,9.735896818750348,-152.9155613121591,0.04664043488809987,-0.5816384594371914,0.8112199927241958,0.037993364440852447
68.2,982.7819922933663,817.1511322619172,17443.87544016906,13.196630477751853,9.809160657112933,-153.730390252708,0.04675447731611345,-0.5829119978972405,0.8105997526696062,0.03091379191102225
68.3,983.9101924869816,818.377222716186,17428.35283302139,13.36263755780523,9.907638755705113,-154.56919438934466,0.060174871788354935,-0.5829537155099775,0.8095842962539269,0.0334248057197215
68.4,985.0554612496293,819.6196185079034,17412.710733401902,13.503703686925041,10.04584059501933,-155.44201246134998,0.06545210828938579,-0.5827087635136409,0.8099440502782905,0.012536102411676315
68.5,986.2201541279288,820.8803674848698,17396.96868454919,13.588309019139508,10.122814916803152,-156.33214330159063,0.07244863631250312,-0.5815467592600048,0.809800307803081,0.027893070334401256
68.60000000000001,987.3995556682975,822.1614737327753,17381.145913089164,13.583000545370245,10.325225012587417,-157.2019613041744,0.06739750752154805,-0.5809428666885363,0.8096248515089294,0.049704742658346256
68.7,988.5851480299515,823.4570657697874,17365.235511702118,13.56667929823479,10.433279534293591,-158.03405277361455,0.07053922691100961,-0.5806118259686349,0.8086257166596286,0.0635497865367532
68.8,989.7672363762135,824.7556523652017,17349.246194052987,13.53506736578883,10.41472786637184,-158.84583140740946,0.059350545655859926,-0.5817277982674635,0.809062753554917,0.0590571101847741
68.9,990.9357203800107,826.0471069040657,17333.243939297994,13.392645562499759,10.279546493362457,-159.67662505537353,0.052725532639797734,-0.5819804951935865,0.8097662234619548,0.052890308774299566
69.0,992.0864770905337,827.3230378383737,17317.245512036036,13.178405386726379,10.062038674360384,-160.54240075237752,0.0385460777694682,-0.5815017611682652,0.8109126840341364,0.05282537760725188
69.10000000000001,993.2190822310358,828.5775421893452,17301.009307894714,12.993912543359329,9.827194517631845,-161.4254862266894,0.021806125225482146,-0.5814672977456848,0.8118578931482623,0.04803161342123155
69.2,994.3388858916987,829.8126127707942,17284.68674887814,13.025599342333724,9.677640043298743,-162.29384093228194,0.04024421320546281,-0.5815849390942179,0.8116053379105681,0.037896403487939635
69.3,995.4560034625462,831.0364552026931,17268.276160265017,13.132795977828533,9.73379043822977,-163.1293622535127,0.03712237122502942,-0.582601330336547,0.8113255293107595,0.030797807281244278
69.4,996.5800141052711,832.2592031973044,17251.780675182807,13.284773570471822,9.798295361016901,-163.9493905065824,0.04870799450778612,-0.5830152805539521,0.810445982238014,0.02996704499757593
69.5,997.718611738649,833.4919965838952,17235.19952666442,13.431427819913111,9.922348159491465,-164.78868025485852,0.05591469263249881,-0.5829717335478587,0.8102795778195078,0.021552512629801922
69.60000000000001,998.874470391247,834.743207825661,17218.55271536701,13.520757097660637,9.997630163823795,-165.6572520857211,0.05596999193301918,-0.5826212591576034,0.8107080150539742,0.013127936161924137
69.7,1000.0465510233917,836.0134493606173,17201.841452484354,13.533466785185492,10.19794008658071,-166.5340514354974,0.05439568762911217,-0.5821388634789685,0.8107412990105123,0.029223259118691
69.8,1001.225963656806,837.3006976762747,17185.04859509354,13.496129441873286,10.32695517072068,-167.38646309959736,0.05845966545635521,-0.5819948327306483,0.8104309283086328,0.0326526052615003
69.9,1002.4033201445582,838.5937796261692,17168.17177129169,13.493659724550236,10.336551073555635,-168.21027918156906,0.050285989388551625,-0.5818492625336018,0.8099223743612121,0.05430011481953553
70.0,1003.5693829819037,839.8819457895539,17151.211395156515,13.371780663162964,10.22188759147796,-169.02987931673871,0.04350461193490568,-0.5822048567067266,0.8107110045329001,0.043503111345618385
70.10000000000001,1004.7194536831188,841.1545064703577,17134.165343073153,13.167924350198794,10.029444332759605,-169.87524845042665,0.030848177814279697,-0.5817868643561359,0.8111557833179922,0.05097773610085198
70.2,1005.852417652753,842.4074975005432,17117.029596135566,13.02855704861146,9.81482699993994,-170.74546717298173,0.023709132100813112,-0.5819036170239826,0.8117912110446549,0.04267419852891059
70.3,1006.9747706324572,843.6424354428218,17099.809462721176,13.079184987155092,9.661218759742743,-171.6099609219698,0.036424332165765815,-0.5822251593555603,0.8115429844935982,0.03294110136127593
70.4,1008.0965032562117,844.867903383677,17082.50777058775,13.19537233597509,9.696776369361293,-172.44626507668065,0.03604581281233409,-0.5829139272406,0.8111680679913488,0.03030541665810172
70.5,1009.2263409505847,846.0951398991826,17065.117400735602,13.334488750067067,9.788189793706621,-173.26651321343363,0.04600794678870511,-0.5830400483585848,0.8106233374663061,0.028937442825758712
70.60000000000001,1010.3726580192304,847.3346261348562,17047.647770777254,13.443496512856397,9.869046195912848,-174.09984604058016,0.03964201572579079,-0.5831502013515382,0.8110820949256127,0.02258735362843908
70.7,1011.5345970180844,848.5922593026614,17030.089732375065,13.4836124344113,10.048356265901704,-174.9586338584694,0.048024268137034885,-0.5827256871873508,0.8111619430597166,0.011863612161432991
70.8,1012.7073374885371,849.8681093063321,17012.445000283347,13.438916830365635,10.20754709262465,-175.82220902770172,0.043496638851415956,-0.5826060925193723,0.8112396121061669,0.023842716241531236
70.9,1013.8823547707153,851.1546967319771,16994.721321257875,13.462774355407747,10.267626955089705,-176.6631285264992,0.04538871444827814,-0.5824850962669841,0.8109994235798139,0.030510853491576815
71.0,1015.0488590175894,852.4408033944584,16976.9098903068,13.388557678821492,10.203760821223366,-177.4825050982322,0.0366981071646235,-0.5823936173139941,0.81114413361533,0.038937359231083185
71.10000000000001,1016.2020294080216,853.7149099441918,16959.015182920015,13.216433300569804,10.04740750887483,-178.30933166917126,0.03208687073512773,-0.5821141040893812,0.8113641463357635,0.04244790439446787
71.2,1017.3393181710029,854.9709867275485,16941.036152005756,13.0643456314212,9.85562889695494,-179.1586761383419,0.0245025124211106,-0.5822186764603375,0.8117688867939467,0.03810923902602586
71.3,1018.4667720544401,856.2099026085909,16922.972775957634,13.108526603439744,9.700786815477773,-180.01656537103693,0.028697152911392677,-0.5826110944135938,0.8117336159903201,0.028797964376916896
71.4,1019.5924509514434,857.4384493313988,16904.825590734996,13.216296020215479,9.649431730436696,-180.85753828995738,0.0325072130385028,-0.5830297460876697,0.811353249633496,0.026935118091125934
71.5,1020.7267005064426,858.6678850994828,16886.594257514487,13.336684800301246,9.733142490571925,-181.67839247094452,0.03680745690021463,-0.5831504822365798,0.8110755320487688,0.02715156525119282
71.60000000000001,1021.8738628463636,859.9098117335434,16868.277940670414,13.423508249898052,9.855371949944233,-182.50277077123897,0.03225075368032335,-0.5832135914843303,0.8114273683417802,0.02018468481133142
71.7,1023.0357891775074,861.1687302762075,16849.878152457284,13.437408421379985,10.032748221236202,-183.34666200219687,0.038223776745027985,-0.5829471326621665,0.8114978613905004,0.01352051666722374
71.8,1024.2062241723552,862.443819507073,16831.39330301762,13.390853725901664,10.161284123776605,-184.19743500004444,0.03341651706779038,-0.582877309048387,0.8116056064375256,0.02082591133049773
71.9,1025.3760563954027,863.726625524697,16812.82504868658,13.408387165879304,10.190537014758778,-185.03336947032074,0.03466974045814236,-0.5827103031622749,0.8115311575090639,0.02576610325783904
72.0,1026.5362653976342,865.0055428869354,16794.163246810713,13.305991959281966,10.107403110224109,-185.8516818336079,0.027576484056020076,-0.5826250260177408,0.8118012745212504,0.027682255518798448
72.10000000000001,1027.6829068442294,866.2717900974392,16775.423227489235,13.133472356775162,9.953716278905269,-186.67581301801474,0.025774596622868646,-0.5823901562337168,0.8117694766454906,0.034462920330434015
72.2,1028.8178736388602,867.5193640218889,16756.59408976706,13.112277878436789,9.788092492093673,-187.51574902826368,0.02341377720795725,-0.5826701476483468,0.8118703905412891,0.028526532187500613
72.3,1029.947212423678,868.7543989948617,16737.686905614355,13.191851249159184,9.691510577881264,-188.35779084460924,0.025911068955514423,-0.5829910876438739,0.8115972213355128,0.027567345789360962
72.4,1031.0805077798652,869.9850694486166,16718.69439598925,13.299069386925744,9.698278436249346,-189.18512884013697,0.033890447627307835,-0.5831021070567621,0.8112176820996233,0.027735222272404072
72.5,1032.2249472011729,871.2234684653322,16699.618861962732,13.382507250263428,9.803388475970646,-189.99877540375402,0.02755361939753656,-0.5832392110726806,0.8114489030368683,0.024969951655458057
72.60000000000001,1033.381908140546,872.4770695663667,16680.458666355727,13.408177573302806,9.956589141735298,-190.821730383411,0.027805279389219603,-0.583198576002248,0.8117198804244011,0.014735097924126824
72.7,1034.548133023324,873.7468533683597,16661.2175609976,13.363138882790098,10.086997502792187,-191.6579314043071,0.0290619159338552,-0.582986923673228,0.8117033667150917,0.020476726585680304
72.8,1035.715423717624,875.0252682856687,16641.893164185953,13.379627704352792,10.134938342778172,-192.4905310034003,0.02725140325114672,-0.5828700306866945,0.8118080578757436,0.02208088576457984
72.9,1036.8755551375364,876.3019699706241,16622.486565183215,13.302279451579935,10.077183518659819,-193.3086619183661,0.0250085854054037,-0.5827215541807914,0.8119165749956228,0.024528273410923826
73.0,1038.0239079728558,877.5672913152483,16602.999312606207,13.14975301659234,9.945981148556312,-194.12228560522055,0.02410210849873537,-0.5825887553857841,0.8118630143069021,0.02979725598891492
73.10000000000001,1039.1611703145384,878.816323063037,16583.426328415724,13.144344935161348,9.802834925868353,-194.9461195512968,0.021317640424662002,-0.5828588478874476,0.8119274882034407,0.02439007063732501
73.2,1040.2944823340415,880.0534715561853,16563.77469145333,13.220173370413217,9.718039301960435,-195.77567934428845,0.022402788681168368,-0.5830896249419519,0.8117303390123511,0.024463464007661563
73.3,1041.431782452183,881.2879414629042,16544.040206569207,13.314277777572913,9.73172199036984,-196.59537380297473,0.02610622560317508,-0.5831852540992073,0.8115933521506512,0.023014237568692766
73.4,1042.579012941504,882.5311221160459,16524.223405981196,13.376525087382381,9.828643710160383,-197.4027928097538,0.02359557235726322,-0.583140871782231,0.8116444515723189,0.024965112738830057
73.5,1043.737288375234,883.788154180906,16504.324833290782,13.379607817786983,9.96407722820881,-198.21451058716374,0.022583326875126677,-0.583152944096388,0.8119236767013551,0.01423307242725877
73.60000000000001,1044.9017460619111,885.059187475941,16484.344239667178,13.33095353764492,10.063569541153006,-199.03634861140208,0.02231453043830848,-0.5830103891314132,0.8119909117176638,0.016483542825286586
73.7,1046.0646933394953,886.3351993601959,16464.282745935725,13.335256947042584,10.079383938502122,-199.85562557199296,0.02115573375690322,-0.5828846114941418,0.8120990826926827,0.017118542643396045
73.8,1047.2198169892781,887.6060497852374,16444.39135201959,13.237486651517564,10.002985354156403,-200.66335756363569,0.019369854041111422,-0.5827652134366226,0.8120778582147975,0.023217815570402114
73.9,1048.3641491222993,888.8643321403717,16424.497982870733,13.159385928752732,9.878312664843333,-201.46805671756215,0.01876587876894396,-0.5827951577178008,0.8119468502175939,0.027202175582864693
74.0,1049.5014780509114,890.1091172046999,16404.526357381324,13.207876485690651,9.771576300828547,-202.28045041433467,0.020275436561774222,-0.5830183312769092,0.8118526424196355,0.02395452073353202
74.10000000000001,1050.6388650508964,891.3476400692574,16384.471460038516,13.288100133241533,9.738900586841925,-203.09402536106265,0.02177711542039967,-0.5831194212839876,0.8117062098045366,0.025110291319452943
74.2,1051.7833412045293,892.5900906143589,16364.334827644201,13.353384077835273,9.795527769839003,-203.897506569723,0.022111206277458335,-0.5831366097222906,0.8117572151398376,0.02264978205114388
74.3,1052.9377746049945,893.8434899597407,16344.117110644875,13.36807399118464,9.906953255608158,-204.6941835721934,0.018043520018689866,-0.583035336804133,0.8118262536394311,0.02612204671905458
74.4,1054.0991819392382,895.11026805185,16323.820788676918,13.326987204325155,10.009771917838508,-205.49637707548052,0.0201715046083403,-0.5829999616912329,0.8120433344762222,0.017022867049788653
74.5,1055.2609903981822,896.3838155551928,16303.444777190454,13.316547546274633,10.044150431275742,-206.30268737322191,0.02029243711755514,-0.5828513816371019,0.812106629988365,0.01884954769994321
74.60000000000001,1056.4163604871194,897.6544166590697,16282.988308778486,13.246012562770069,9.993916729772442,-207.1027633231421,0.0173439963044597,-0.5828454277104195,0.8122055167113709,0.017680266198905094
74.7,1057.5630600844906,898.9148306882554,16262.449581505682,13.18753424815398,9.890218382902386,-207.8957143055721,0.015307610335738948,-0.5828888437936938,0.8120782752302217,0.02313326059526044
74.8,1058.702822417524,900.1636242247279,16241.827041641554,13.231736646436897,9.794390780471113,-208.6915848326282,0.016634341415606144,-0.5830089527993335,0.8118931195648474,0.025562121288226727
74.9,1059.8423433821663,901.4066677753385,16221.09664730316,13.301402075233101,9.762383683175138,-209.48996075867618,0.020312973527191996,-0.5830993169702814,0.8118203506990845,0.02302797963543789
75.0,1060.9882478347415,902.6530528629747,16200.28635969398,13.353640400329102,9.810177762438459,-210.28154629021142,0.019397158612148566,-0.5830941722212104,0.8118710914980766,0.022141981599630427
75.10000000000001,1062.1422814278633,903.9098462761388,16179.395361203735,13.35665333647547,9.906948483550911,-211.0658176005052,0.017156282849318805,-0.5830282855864823,0.811972677670095,0.02200115638182321
75.2,1063.3020735318923,905.177653918685,16158.429242999558,13.312752594428595,9.989949366700813,-211.85231630783122,0.018108882384985696,-0.582938261680547,0.8121063410775609,0.018394081364539964
75.3,1064.4612492447868,906.4501005507394,16137.381444405568,13.287445908559148,10.009780234726188,-212.64253180016755,0.018405899486529067,-0.5828091695739152,0.8121519541689859,0.020097215333289568
75.4,1065.6139250777267,907.7185910808895,16116.255566243592,13.215809522595553,9.955236353980201,-213.42848288195813,0.014413822483997515,-0.5828765479676361,0.812245722104141,0.01743727255777963
75.5,1066.7586655866635,908.9776524130483,16095.051526275813,13.227308464315739,9.862916056405409,-214.20869419326428,0.016067511427471103,-0.5829026526604776,0.8120185208626188,0.024336276913103094
75.60000000000001,1067.899096685261,910.2277827507916,16073.768823360371,13.27904698337009,9.792564885343781,-214.98990791031193,0.015571802196973024,-0.583042559270147,0.8119520831205335,0.023509737818227888
75.7,1069.0416109773855,911.4757678144954,16052.405724209371,13.33604965028137,9.790170022705933,-215.77154757683434,0.01765960240354815,-0.5830615622120489,0.8119245941360339,0.02249014341506985
75.8,1070.1904321157556,912.7296262028784,16030.96686408464,13.359151187227672,9.853393776753352,-216.54670808009269,0.017372652324364964,-0.5830405674090103,0.8120150021814485,0.019837437809816373
75.9,1071.3461604573095,913.9934552049266,16009.450103923979,13.338308121897276,9.937928557969947,-217.31674460721007,0.01628941410855908,-0.5829643281343734,0.812117812588096,0.018759146781364942
76.0,1072.5041024958052,915.2646916349485,15987.857030006664,13.289273386658117,9.986507274265364,-218.08894942888693,0.01809302369565846,-0.5828603356386379,0.8122034750481089,0.016492020874918564
76.10000000000001,1073.6583129455512,916.5360963797109,15966.184244745005,13.249586752498306,9.969382566787393,-218.862040099224,0.018544603174553677,-0.5828172841356141,0.8122157991253199,0.016899901097442962
76.2,1074.8059074311684,917.8012143980549,15944.43613126401,13.247820597577855,9.900060099015999,-219.6306754184701,0.014249457715185222,-0.5828629005556272,0.8121139401349287,0.023210780883584234
76.3,1075.9481244209028,919.057864674742,15922.608932915173,13.2855194781013,9.829509394918723,-220.39606281260842,0.014037284515499923,-0.582969845873162,0.8120169269465761,0.02403380532274125
76.4,1077.0901774509985,920.3107191349152,15900.706055682167,13.336399451093882,9.805910378663,-221.16206388875761,0.017755744965737643,-0.5830229380825545,0.812000577253141,0.020592467818676068
76.5,1078.236717804638,921.5668226036557,15878.727224235045,13.362331879914901,9.84358922505048,-221.92489172138232,0.016001098044912367,-0.582959575361963,0.8119896202763688,0.023978217585872073
76.60000000000001,1079.389414911653,922.8310778095812,15856.62889644839,13.35043392569555,9.913790534086626,-222.6816155310364,0.016365335022043518,-0.5829521845328393,0.8121593054843679,0.017210138673355718
76.7,1080.5448995676593,924.1026498686215,15834.258042070402,13.31129673378637,9.964751909137084,-223.43684615973154,0.01693626545921393,-0.5828409164378248,0.8122109728268101,0.01797121748625456
76.80000000000001,1081.6979831737663,925.3757159584073,15811.810978133919,13.27763857959612,9.960265655244001,-224.1937197083697,0.018991880112131543,-0.5827881626525179,0.8122212558788199,0.017143437827386827
76.9,1082.8454110607206,926.6442490191768,15789.288388424668,13.277674088341863,9.907838386531859,-224.94810231330757,0.015533983980067112,-0.5828438789539296,0.812157501432623,0.021257962610825087
77.0,1083.9879085625132,927.9057335579407,15766.691251775712,13.310802036487134,9.84759620358819,-225.69867667706373,0.015200786678510082,-0.5828789090681508,0.812002601777337,0.025940087793073958
77.10000000000001,1085.1300444967342,929.1639557119292,15744.019696404903,13.35329058946446,9.825430459192685,-226.4483462323913,0.016809857938952955,-0.5829596788834747,0.81204317062129,0.02147860608770621
77.2,1086.2759882462922,930.4249111120496,15721.274385826866,13.373331553960426,9.858182548268225,-227.1957948812247,0.016966310822437936,-0.582864334251106,0.8119857244348472,0.025700106402654955
77.30000000000001,1087.4270115554784,931.6929578459302,15698.452516166415,13.358713655583921,9.917720693376339,-227.93767034649647,0.016677556407192998,-0.5828712818369445,0.8121576182515462,0.019568623815120527
77.4,1088.5799200139807,932.9671673100273,15675.557894342352,13.32508846326785,9.957827241395687,-228.6770131391614,0.016569747736737684,-0.5828117700134146,0.8122428998180289,0.017814485369248758
77.5,1089.730142011323,934.2422662185328,15652.588343509204,13.304057028757619,9.949959261567558,-229.41703641005597,0.016401437171341945,-0.5827803180237062,0.8122356532718124,0.019270115127171625
77.60000000000001,1090.8755318422234,935.5131827863653,15629.547042458373,13.313651615533455,9.901391967583677,-230.1551192349659,0.015794517339684507,-0.5828158892051353,0.8121438390085353,0.022328396102548748
77.7,1092.0171638769316,936.7787841407319,15606.430467259703,13.347999530594358,9.855811126144859,-230.889970417474,0.017122436606940076,-0.5828469489800158,0.8120403168651985,0.02422354257321053
77.80000000000001,1093.1593421674916,938.0428393104863,15583.242120736764,13.380090875647477,9.848851813100794,-231.62311378922925,0.01630286572000583,-0.5828736718457758,0.8120548623203447,0.02365163462055931
77.9,1094.3052917718016,939.3105138404316,15559.965799669173,13.387001889670604,9.88647697732421,-232.35320853322054,0.016853738578848,-0.5827783051386082,0.8120116288895866,0.02687960386180199
78.0,1095.454971549413,940.5846728052492,15536.585395213167,13.366987843799327,9.936305620709488,-233.07825050105245,0.016740936545208765,-0.5827937652133314,0.8121825412020189,0.020753024808170557
78.10000000000001,1096.604733629806,941.8628340272278,15513.131723996921,13.342139890189774,9.958075432719065,-233.8013302717611,0.0161453800159968,-0.5827544375322385,0.8122414596869498,0.020010082614431626
78.2,1097.7512394486212,943.1402576094027,15489.606115087496,13.337106624158762,9.935641430446733,-234.52436106141667,0.01621776551186768,-0.5827520969324534,0.8122041956988143,0.021478409900932995
78.30000000000001,1098.8933207419755,944.4136229386174,15466.009926344805,13.358527733439255,9.892084548080652,-235.24505149938364,0.016760106802109268,-0.5827830064807926,0.8121157851502836,0.023473765929837388
78.4,1100.0337921660412,945.6837056702802,15442.342136775631,13.3895805038989,9.866756452014346,-235.96297802838365,0.018770363142066166,-0.5828040973063362,0.8120686689340413,0.023055033423439664
78.5,1101.1762255581539,946.9548454231907,15418.600915729592,13.406785237501245,9.881035935809471,-236.67857494380274,0.017929853463707575,-0.5827239109219376,0.8119887596083867,0.02802888267922079
78.60000000000001,1102.321944486393,948.2306640678984,15394.791339910242,13.399790004376428,9.923174612913458,-237.39031739994374,0.017731910912002637,-0.5826925967160043,0.8120532097759919,0.026916566650999126
78.7,1103.4693163964428,949.5115633631167,15370.909062216491,13.380167035554384,9.956034074100119,-238.09791286352657,0.01587093650998951,-0.5827008517915375,0.8121830138543699,0.023802997755429402
78.80000000000001,1104.6148685405951,950.7940131990379,15346.95633660835,13.370442948151965,9.953119670914711,-238.8042568405684,0.015539769294921285,-0.5826720458737937,0.8121725200524192,0.02505195000815246
78.9,1105.7566849261898,952.0741999766245,15322.934438257853,13.382598015040418,9.92114357524071,-239.50960253602088,0.01600251322213335,-0.5827448542378515,0.8121887584399587,0.02240033690905016
79.0,1106.8957863930482,953.3510892500565,15298.841463727798,13.409174331761816,9.891954533310853,-240.21231861436252,0.01836487781285938,-0.5827381507758465,0.8120931784477843,0.024158816441225493
79.10000000000001,1108.0355008029098,954.62763368735,15274.679139512178,13.428548350412738,9.893152603952302,-240.91226028291098,0.018001305840423733,-0.5826832197515178,0.8120077505550694,0.028277755330651643
79.2,1109.1778637108941,955.9076035983383,15250.447780645016,13.42917474010861,9.925082297166473,-241.60896220714886,0.018095367281309727,-0.5826233620854654,0.8119776600396706,0.030246573883402853
79.30000000000001,1110.322157282816,957.1922757438399,15226.14556502304,13.414575039376091,9.958207160518558,-242.30136518474865,0.01723412302155956,-0.5826413763024607,0.812070039349571,0.027825578427742022
79.4,1111.4655228826014,958.4794005411238,15201.775533444983,13.404214346367002,9.964466438399135,-242.9912136175168,0.017202716695075074,-0.582610056290009,0.8120392128644097,0.029358229146383568
79.5,1112.6058881550548,959.7654155204482,15177.3368557892,13.412184025866402,9.941444146886436,-243.68002878696504,0.015367049735973472,-0.5827205524231606,0.8121220162761388,0.025660129493784278
79.60000000000001,1113.7438996964695,961.0489655527258,15152.829345642016,13.434475689341278,9.915097448219765,-244.36661838822516,0.01742515787396476,-0.5827565843479248,0.8120900579787387,0.024512547894833158
79.7,1114.8819142180869,962.3319441468553,15128.25480887933,13.454240714393297,9.91325112797135,-245.05036748146372,0.017828090155006724,-0.5826882121913681,0.8119713851408585,0.02931000319153587
79.80000000000001,1116.0217206564278,963.6175026449166,15103.610250148506,13.45713402589069,9.937867982316133,-245.7310314629947,0.01791709466411533,-0.5826361469398166,0.8119318662733519,0.031316809029553236
79.9,1117.1630792918118,964.9073512474903,15078.900997086494,13.446607509780067,9.966927635284035,-246.40723085171948,0.01711025221692188,-0.582664888556703,0.8120240943431687,0.0287356419527164
80.0,1118.3037345776388,966.1997647039403,15054.122083567932,13.439134122969044,9.975007922008563,-247.08006423462524,0.01792530998754358,-0.5826301162382151,0.8119888067175345,0.02991669566527946
80.10000000000001,1119.4419699779935,967.4917104301761,15029.277255979894,13.447233012321826,9.957877064275785,-247.75104628268355,0.01626819984559889,-0.5827042130808462,0.8120398719211782,0.027971273511438553
80.2,1120.5780958886596,968.7817624689407,15004.3659664416,13.467184724936427,9.937212608209055,-248.41968210686136,0.016662239935197345,-0.5827604492823343,0.8120541808382293,0.026088999516006326
80.30000000000001,1121.7142152357171,970.0715549574683,14979.387693492688,13.483141022639051,9.936952971144114,-249.08531074310238,0.01824398360525502,-0.5827044503758562,0.811955625569403,0.02916749356016071
80.4,1122.851856097064,971.3639199703379,14954.343866627845,13.484479676779081,9.958767399234977,-249.7472460635638,0.018181092315886303,-0.5826671445237429,0.8119274281916852,0.030696871579768067
80.5,1123.9906119151012,972.6600849786755,14929.234351850742,13.476266081514172,9.98244678667058,-250.40496065209123,0.017650739207180806,-0.5826824393282748,0.8119858068567344,0.02913204021536309
80.60000000000001,1125.1285889375633,973.958443474754,14904.058786335421,13.473672662024265,9.987437070954782,-251.05902390154483,0.017885354543905035,-0.5826598285668807,0.8119570214276274,0.030223064398358805
80.7,1126.264412974071,975.2564831548068,14878.818370070456,13.484523103692112,9.972670537087415,-251.71091891544629,0.016949438734124175,-0.5827186044914406,0.8119957940598493,0.028540759192086707
80.80000000000001,1127.3986402889036,976.5532449150755,14853.514520282204,13.502369384741797,9.958411322174257,-252.36046028412716,0.017359257755107726,-0.5827616166295274,0.8120089055344782,0.027001697839767965
80.9,1128.5331356418951,977.8504410666312,14828.146031105696,13.513275847692968,9.963719810408163,-253.0067811156207,0.01889201100330605,-0.5827051304551021,0.8119179826624149,0.029782751567777203
81.0,1129.6689372802919,979.1503813269853,14802.711597926209,13.511937236908754,9.984747060278949,-253.64931584615823,0.018320345170349587,-0.5826920462150493,0.8119194417097639,0.03035069034245022
81.10000000000001,1130.8053421857528,980.453779766685,14777.215465581428,13.506631272870655,10.00219616934339,-254.28745771948093,0.01805629299658593,-0.5827051383351851,0.8119615075760452,0.029106739010578645
81.2,1131.9406381094673,981.7587396507706,14751.655316080196,13.509636161528285,10.001418687283623,-254.92223633615606,0.017762026621628096,-0.5826989972147635,0.8119437478860734,0.02989547330145618
81.30000000000001,1133.0740989105693,983.0632080520064,14726.031115837612,13.52316862251138,9.988099440212881,-255.5546385207189,0.017576301507215713,-0.5827516757814888,0.8119786546104845,0.027968240133079157
81.4,1134.2066325982257,984.3671420525609,14700.345673989994,13.53744955481684,9.98235810786066,-256.1844492393156,0.01833659893644442,-0.5827617544738701,0.8119612508742468,0.027774696050709927
81.5,1135.339810392764,985.6724635588412,14674.596468136842,13.542792988755474,9.993761686633576,-256.810776456493,0.018803467534748815,-0.5827181957890193,0.8118977590306764,0.030132420845751184
81.60000000000001,1136.4740128053056,986.9808733829208,14648.786712334488,13.540038843390356,10.013032150914182,-257.4330847887213,0.01814395103882922,-0.5827179699906987,0.8119152867136378,0.030068782671253423
81.7,1137.6080839305325,988.2919941581604,14622.914635302965,13.539665581302335,10.022189739393166,-258.0511732651854,0.017654868955882447,-0.5827354755871902,0.8119481659445638,0.029117810933877372
81.80000000000001,1138.7408002275943,989.603907257491,14596.980257544468,13.54827404449902,10.016468811612224,-258.6660381584368,0.017842147886107267,-0.5827488680119836,0.8119481139475285,0.028734558402966775
81.9,1139.8721626995152,990.9154648265408,14570.985891918941,13.561989823360065,10.007838771908371,-259.2784113570955,0.0182522247518737,-0.5827788393335762,0.8119580492255992,0.027564597119786725
82.0,1141.0034117197533,992.227551065849,14544.930731079163,13.570958427995677,10.01127814749616,-259.88783656135587,0.018539829506005995,-0.5827543981645639,0.8119066963445369,0.02934454928338686
82.10000000000001,1142.1355075571325,993.5418995670747,14518.814940191505,13.571579214561124,10.027126144161933,-260.4934995965696,0.018078649767511355,-0.5827561717611467,0.8119138449458319,0.029399236081101655
82.2,1143.2680136432825,994.8592963577162,14492.639362595717,13.570846161647633,10.040795403439688,-261.0948762231564,0.01754576244648136,-0.5827548233231095,0.8119234895667697,0.029482354104493673
82.30000000000001,1144.3997283641902,996.1784603944204,14466.403582965531,13.576566229661568,10.041808251278805,-261.6924239426271,0.017537240705484854,-0.5827712251409244,0.8119406340741654,0.028680151244826587
82.4,1145.530170645427,997.4978679103991,14440.109503447118,13.588441199016293,10.034986877314953,-262.2870296147389,0.017967196921559722,-0.5827938909030292,0.8119486458412447,0.02771023416463593
82.5,1146.6600399234694,998.817525050276,14413.755993033314,13.598598221986194,10.034897578572526,-262.8788292954601,0.018196368264043396,-0.5827841077325887,0.8119132325616314,0.028783306753256722
82.60000000000001,1147.7904052516024,1000.1386998624765,14387.344165222143,13.601952004972377,10.046374734185243,-263.4673982647076,0.017897551828898933,-0.5827765066699626,0.8118978005107258,0.02954966053836308
82.7,1148.9213193343749,1001.4625519412938,14360.873426081014,13.602261896558884,10.060504146055838,-264.05176063409834,0.017412960618119595,-0.5827880257945294,0.8119206064802954,0.02897989933895592
82.80000000000001,1150.0518882381753,1002.7887228927744,14334.345647815428,13.606906655120902,10.065846588055729,-264.6295489517051,0.01731083490251319,-0.5827933354257648,0.8119280847984476,0.02872365390779394
82.9,1151.1813687491672,1004.1158570222626,14307.759286705817,13.617093897984594,10.062501307644546,-265.20246968342025,0.0176429160886012,-0.5828072733530628,0.8119318096145256,0.02812732078852388
83.0,1152.310134062404,1005.4433998574542,14281.117179267141,13.627254614596435,10.061421134478838,-265.7725551018384,0.01787264341051585,-0.5828040864568333,0.8119068220823725,0.028762435273095424
83.10000000000001,1153.4391197562366,1006.7721740644363,14254.418496058272,13.632101007576019,10.070421328265587,-266.3378884705909,0.017595326007882606,-0.5828000379670304,0.8118909609939313,0.029454841786282212
83.2,1154.5686201478088,1008.1033550946751,14227.664085893353,13.633849931956984,10.083997954479761,-266.8966509192306,0.01714940592299034,-0.5828159314315884,0.8119149095320063,0.028734432753276903
83.30000000000001,1155.6979662181272,1009.4369574166982,14200.853701206004,13.638209550417416,10.091315760368952,-267.4489320345747,0.017082711744018462,-0.5828191737775463,0.8119205188456324,0.028549303216856912
83.4,1156.8265013627624,1010.7718453963819,14173.989083356053,13.647319998389419,10.090506243229111,-267.99614338397186,0.01711781904090937,-0.5828203933661105,0.8119101508981612,0.028797156393993332
83.5,1157.9543077199194,1012.1073703465765,14147.069269126661,13.657105372071024,10.090413297822156,-268.5393422549103,0.017001784602312414,-0.5828348615320639,0.8118942956448091,0.029019238492005425
83.60000000000001,1159.0822086373146,1013.4440350773082,14120.096359592391,13.663600760988672,10.098487014156161,-269.07744337720385,0.017001731797280394,-0.582855550251685,0.8118720165611139,0.0292263131730519
83.7,1160.2105536863994,1014.7825103523953,14093.069621243076,13.66948192800364,10.11021931889991,-269.60897482402225,0.017060455962700897,-0.5828828889802228,0.8118718559414374,0.028645559980912783
83.80000000000001,1161.3388970281383,1016.1226859022282,14065.99113025178,13.676240791971924,10.115029367107821,-270.133767045307,0.016786838687871775,-0.5828959676508458,0.8118758544545278,0.028426922045518735
83.9,1162.4666605525617,1017.464135992225,14038.859893574117,13.684434967503881,10.113449885066956,-270.6532191294044,0.01629952743273018,-0.5829002401952195,0.811870398463986,0.028776578736077377
84.0,1163.5938544913356,1018.8065867525505,14011.677800012714,13.692860642708323,10.11408101943248,-271.1687029905129,0.015817608703331397,-0.5829167485504992,0.8118588064192201,0.029036975630767934
84.10000000000001,1164.7210527764173,1020.1503853583145,13984.444793496947,13.700296992629063,10.122787233579379,-271.67966901976956,0.015356794286535828,-0.5829497393803493,0.8118543993083229,0.028743774097112568
84.2,1165.8486243994953,1021.4957856512586,13957.160573790765,13.707515793831679,10.13383858183304,-272.18452331022075,0.014948136366139744,-0.5829751679869892,0.8118517594976856,0.028517140989814522
84.30000000000001,1166.9762529583302,1022.8426379310882,13929.826462470564,13.715868836199972,10.138102912274165,-272.6827576906104,0.014694912261805542,-0.5829840121649768,0.8118493029783698,0.028537876010304067
84.4,1168.1034302145808,1024.1904820028174,13902.442925328793,13.725537045961977,10.13646058557138,-273.175512577949,0.014389679327737635,-0.5829990276143351,0.8118565238513945,0.028178992343851607
84.5,1169.592549682839,1025.539140385477,13875.010037204665,13.735158520847959,10.137454580831745,-273.66382364889677,0.014033132225647683,-0.5830151544347699,0.811845505634082,0.028342122028543387
84.60000000000001,1171.174380275316,1026.8889822584608,13847.52954462747,13.743952680099559,10.145040980321614,-274.1472706795641,0.013655875632040517,-0.5830423142005929,0.8118392168364156,0.028147165377259895
84.7,1172.7577190588847,1028.2401597065546,13820.000826704993,13.753030256260882,10.153393213295807,-274.62454181075225,0.013286085003274951,-0.5830576120396945,0.8118291783793364,0.028296397646806505
84.80000000000001,1174.3424318593402,1029.5924771264113,13792.42528915623,13.763369737122465,10.15542550476759,-275.0952865424786,0.012936925854909595,-0.5830781355068438,0.8118440986626838,0.027598610650932765
84.9,1175.9286788635384,1030.945466314505,13764.802903383252,13.774541580819808,10.15350490551274,-275.5602990758431,0.012720429888962057,-0.5830915138729728,0.811846241986599,0.02735244934190292
85.0,1177.5166127764844,1032.2991055164432,13737.134056372792,13.785276162067253,10.15493696634953,-276.020520207777,0.013395128997031715,-0.5831014667622857,0.8118268840645413,0.02739270503038713
85.10000000000001,1179.1063661895569,1033.6537286945868,13709.419844696444,13.795665107326629,10.161422164958408,-276.47551127831855,0.013402102224091687,-0.5831248877571692,0.811821912394261,0.027035744685297913
85.2,1180.6977777919956,1035.0094033253292,13681.660646156744,13.806746642453255,10.166614985145893,-276.92426870986617,0.01281013877442612,-0.5831469946321279,0.8118284512761629,0.026646738911992273
85.30000000000001,1182.2908380036815,1036.3658123172502,13653.857101716741,13.819109467033938,10.166253398696993,-277.3665653736714,0.01205806749465424,-0.5831565397122088,0.8118286416094974,0.02678264105079239
85.4,1183.8856801480872,1037.7225792569145,13626.009772572595,13.831679409680618,10.164268263347166,-277.8032530124843,0.011427422843720378,-0.5831610227452173,0.8118152702798231,0.027360601206855576
85.5,1185.4825597351655,1039.079855329346,13598.118973302366,13.843788741629341,10.166305587405217,-278.23493112471215,0.011008706397352831,-0.5831680433732991,0.8117927586497742,0.028042085789120316
85.60000000000001,1187.081339361953,1040.4378762772826,13570.185521620511,13.856043833338395,10.171104983938335,-278.66119270320945,0.010566441815883914,-0.5831852874887845,0.8117857922697741,0.02805527103612683
85.7,1188.6820517724402,1041.796591176784,13542.209472106939,13.869471778475576,10.172848789088308,-279.0809988194408,0.009979284649680925,-0.5832053462256506,0.8117953669723903,0.02757209048770037
85.80000000000001,1190.2846373368777,1043.15558028886,13514.193177244164,13.883636766081061,10.170416982040386,-279.4976668292936,0.00998645206049843,-0.5832122935503794,0.8117914333383306,0.02753834028129208
85.9,1191.88942000766,1044.5146986420764,13486.134971064193,13.897528020700795,10.168698730278653,-279.91034745628036,0.010061099727503896,-0.5832217290186532,0.8117820948471295,0.02758658294120734
86.0,1193.496411081369,1045.8743622068343,13458.036271282283,13.911315562328003,10.17078100790103,-280.31809591031,0.009849720954561469,-0.5832407016287469,0.81177882539418,0.02735700280311715
86.10000000000001,1195.105481983233,1047.2346979750298,13429.897826813352,13.925904084515448,10.172951390060035,-280.7212511529617,0.009529922886731605,-0.5832617845674909,0.8117845678843316,0.026845606302849354
86.2,1196.716734691025,1048.5952042217502,13401.720200423573,13.941470971062515,10.171178230364152,-281.11865656574594,0.009563829109177437,-0.5832749394724444,0.8117887027162771,0.026419316766538012
86.30000000000001,1198.3302269813123,1049.955514863168,13373.504064256533,13.957187915204784,10.16762217495279,-281.5098058688845,0.00935109408749158,-0.5832856958829387,0.8117876239605056,0.026290827341101473
86.4,1199.9461595150528,1051.3159098629978,13345.248819113991,13.972713317995849,10.16656435737779,-281.89514664113926,0.0094163527154801,-0.5832962784832776,0.8117781135771227,0.026326377006043206
86.5,1201.5645420108553,1052.6767451268622,13316.957052546913,13.988689295417327,10.167392168205359,-282.2749241850155,0.009374787228685405,-0.5832998403623574,0.8117581378738755,0.026872573252355758
86.60000000000001,1203.1852359313189,1054.0377944457691,13288.62830865779,14.005651337015678,10.165952366024118,-282.64916173779085,0.009257024487164237,-0.5832981957170104,0.8117388383595068,0.027524183360870615
86.7,1204.80840249839,1055.3985848451932,13260.262684279374,14.023135598089624,10.161609325149756,-283.0173344937244,0.009216583153608711,-0.583295404966983,0.8117217723536934,0.028094295263535293
86.80000000000001,1206.4347984565632,1056.7591145888284,13231.861701632093,14.045918205691587,10.157896840213244,-283.3794854702392,0.00926875124379924,-0.5832956454798215,0.8117057288113294,0.028532262958409133
86.9,1208.0647377010603,1058.1197339528396,13203.424992525735,14.076987209350737,10.156523646691399,-283.7358669338932,0.009284097513166957,-0.5832916529508935,0.8116914950459367,0.02900982594350917
87.0,1209.6973172507278,1059.4804751420988,13174.954184505306,14.1117983072585,10.15489322838908,-284.0866404970047,0.009396421207378514,-0.5832789281931037,0.811680363840532,0.02953618374298318
87.10000000000001,1211.3322376057113,1060.8411643292666,13146.448551237312,14.143751512430184,10.150986117904758,-284.43170260432754,0.009462946787766257,-0.5832693936296396,0.8116798031571297,0.02971807934250485
87.2,1212.9704760347272,1062.2017034210528,13117.910441539278,14.172205272249386,10.147160615514135,-284.7706154497943,0.009854329971395303,-0.5832652900604873,0.8116776595873836,0.02972995994309197
87.30000000000001,1214.6126807405055,1063.5620130555003,13089.339070023492,14.20290680386818,10.144277700308507,-285.1037111101055,0.01037327882081872,-0.5832634724473479,0.811673034079525,0.02971535871070569
87.4,1216.2585054646931,1064.922078075604,13060.734838874243,14.238126811243637,10.141022892075503,-285.43112769037054,0.010600826516301544,-0.5832559123511855,0.8116689220165949,0.029895220637693804
87.5,1217.9073549593452,1066.2819540425885,13032.099448140294,14.273467921454346,10.136392099460679,-285.75292786101755,0.01065695803955117,-0.5832414409782067,0.8116653789398451,0.0302516677465176
87.60000000000001,1219.5597617678084,1067.6416440668338,13003.432916183014,14.293757745812913,10.131550282942575,-286.06884030381394,0.010946078405717258,-0.5832294875385854,0.8116610600130557,0.030493800869973463
87.7,1221.216649109632,1069.0010693568222,12974.73517894856,14.313277966562856,10.124541241628913,-286.37936114164273,0.011401616869130486,-0.5832279674259345,0.8116622803100455,0.030322992380035513
87.80000000000001,1222.8778564492202,1070.3601822073572,12946.007168741087,14.336408378952155,10.113197620327902,-286.685473472197,0.011553665107699203,-0.5832251591616973,0.8116647952268892,0.030252053363103056
87.9,1224.5428863066613,1071.7189829681568,12917.249401285793,14.360231268522003,10.100425412746661,-286.98747047682576,0.011515181100696242,-0.5832119646015346,0.8116629048391774,0.03057014651363105
88.0,1226.2119526553472,1073.0775150871866,12888.462696422332,14.392221766593016,10.085891683989411,-287.28495495158575,0.0116358596240161,-0.5831976328804996,0.8116595067969749,0.030886450095209596
88.10000000000001,1227.8858756724005,1074.435743101343,12859.64682473044,14.428090363476983,10.0723001870076,-287.5773619481146,0.011940995875100576,-0.5831918371802652,0.8116604347351565,0.03085502146093559
88.2,1229.5647907840403,1075.7935848769007,12830.80225272075,14.466004792142353,10.060646463034184,-287.86513435722736,0.01213071215588176,-0.5831824822860244,0.8116561263390383,0.031070416051429968
88.30000000000001,1231.248309656963,1077.1510334428751,12801.929835856326,14.513757068310799,10.048479659326503,-288.1487425502384,0.012129454387891926,-0.5831583571829456,0.8116390964812045,0.03195596731620249
88.4,1232.9364265742377,1078.5081072377861,12773.029919991479,14.564052480623834,10.034564984342706,-288.4280790014094,0.012218169239103334,-0.5831377439712743,0.8116297723586112,0.03252999412305499
88.5,1234.62984334798,1079.8648002556863,12744.103491847425,14.608900461922651,10.020839546385517,-288.70262143502293,0.01221958498435881,-0.5831250577850944,0.8116260145391435,0.03284906770741599
88.60000000000001,1236.3288444917725,1081.2210690714167,12715.149517333119,14.653574354883832,10.008852265075943,-288.9725114217577,0.012987930899323928,-0.5831078814645517,0.8116135802965309,0.033164868507553756
88.7,1238.0332756636724,1082.5768547785854,12686.170110691972,14.705864743475152,9.996961686432378,-289.2382213500849,0.013319630461531654,-0.5830972252495835,0.811616193871998,0.0331567066418895
88.80000000000001,1239.742802280678,1083.9322384862173,12657.16423040781,14.762465498719905,9.98352412417281,-289.49966857955314,0.013443706920754075,-0.583083625651088,0.811618776467383,0.03328233656759936
88.9,1241.4583226681757,1085.2873884154362,12628.133323970287,14.815925064050639,9.969912431432627,-289.75666672055667,0.013770407817344186,-0.5830632248807773,0.811608075556149,0.03376363949897176
89.0,1242.9935471345336,1086.6421306133068,12599.077482260329,14.867661592461227,9.957842708967114,-290.0090663227242,0.01402457039987208,-0.5830425421136952,0.8115941209080991,0.034346592525444426
89.10000000000001,1244.245061443323,1087.996240198601,12569.997461997855,14.916859704005518,9.94605157540538,-290.25715765849844,0.014074165212283763,-0.5830245031609126,0.8115879840754985,0.034774857178956696
89.2,1245.498074236614,1089.3498687640738,12540.893320000429,14.966610196165112,9.932962161067392,-290.50120592405517,0.014010348772587706,-0.5830072426297438,0.8115871402962024,0.035108102688209006
89.30000000000001,1246.752933436343,1090.7032428855161,12511.765848412604,15.014350066258695,9.919064215423363,-290.73268781565673,0.014096810555147984,-0.58299121753238,0.8115856575749388,0.03537287987907518
89.4,1248.009818894744,1092.0562270747535,12482.61483020723,15.060515973514722,9.905987402216288,-290.96121663493,0.014101765783992583,-0.5829764461661952,0.8115829365588877,0.03567548883560322
89.5,1249.2684588742127,1093.4086362007297,12453.440962368122,15.109702369295523,9.894207585590662,-291.1897897695241,0.013951591255546401,-0.5829602916480744,0.8115814154143357,0.03603134214949142
89.60000000000001,1250.5288026191388,1094.7605741740301,12424.245050086038,15.161914398645436,9.881741964686642,-291.41418524409454,0.01380143135792383,-0.582944177767323,0.8115834580961647,0.03630284622895486
89.7,1251.790918537182,1096.1122540262352,12395.027132893034,15.212806783668574,9.867909001138239,-291.6364518760207,0.013780252789829897,-0.582936416199186,0.8115801612799214,0.036508644438741876
89.80000000000001,1253.0551638039808,1097.4635374149773,12365.787930352635,15.261419000521332,9.854603216841099,-291.855250067361,0.013767316399938096,-0.5829376219817648,0.8115678563634737,0.03676689264793847
89.9,1254.3213044193449,1098.8145354666028,12336.527749139685,15.310376902547741,9.842915985556049,-292.06983159008917,0.013644001962823572,-0.5829357453785956,0.8115675147289292,0.036850061153936145
90.0,1255.5890125017702,1100.1660728657946,12307.246966791934,15.364112755416885,9.835509192198316,-292.2802088789904,0.013502291971165311,-0.5829298550933573,0.8115829770571309,0.03665437904872217
90.10000000000001,1256.8586461201194,1101.517866675609,12277.945706366603,15.418996620937484,9.825206056358905,-292.4864992791701,0.0134253079481199,-0.582927413760058,0.8115888295364878,0.036591845609397426
90.2,1258.1305648232876,1102.8689883679604,12248.624537105496,15.51393646291482,9.809775344207187,-292.68871811371594,0.013289638270803294,-0.5829279316047308,0.8115818726699852,0.0367869001567321
90.30000000000001,1259.4044441757828,1104.2198582540168,12219.284030069519,15.648077123924741,9.797775688010871,-292.88684249910983,0.013105245563075681,-0.5829221642311856,0.8115854310149359,0.03686585345632
90.4,1260.6799098144015,1105.571559904435,12189.925062413231,15.7868242129555,9.791376363486883,-293.08099136053806,0.012891786608699881,-0.5829138801354993,0.8116014676496437,0.036718767576772546
90.5,1261.9572390366216,1106.9239569471654,12160.546882719262,15.927764067984885,9.782979674878789,-293.2707786206899,0.012731257217547328,-0.5829115898069975,0.8116078281378932,0.03667051763516818
90.60000000000001,1263.2367912623622,1108.2762588922337,12131.150832970958,16.045804198157146,9.77037552964222,-293.4566290686698,0.012545977192034083,-0.5829120300013776,0.8116035998247281,0.03682065300225809
90.7,1264.5182903405598,1109.628828566878,12101.736766918972,16.13798274599628,9.760771342847168,-293.6388251821849,0.012296118735332906,-0.582907104357607,0.8116082218307334,0.036880989821738826
90.80000000000001,1265.8013902123485,1110.982602893316,12072.305241131602,16.23782492816887,9.755896288717315,-293.8176492331493,0.011895851904832125,-0.5829006929651949,0.8116235777744615,0.03677551969362576
90.9,1267.086377312317,1112.3374747476603,12042.856919627286,16.341689721179694,9.749205197945171,-293.99320622884585,0.011382550870875734,-0.5828990069798383,0.8116294965287754,0.0368340272307692
91.0,1268.3734898745524,1113.6927525580882,12013.391770253527,16.440978644422547,9.739285492081429,-294.16472271131164,0.011014941879619636,-0.5828965658298392,0.8116232048064633,0.03712193447080035
91.10000000000001,1269.6624692117214,1115.0489185649521,11983.910611625626,16.539011978143673,9.732241978755685,-294.33247126951613,0.01076458512737845,-0.5828765256498469,0.8116074996955341,0.03784634713367157
91.2,1270.9531209325773,1116.4066899490676,11954.413393791989,16.643076977579252,9.729063762941905,-294.4964203146529,0.010377525493060409,-0.5828542192090058,0.8115975472988869,0.03850567923478615
91.30000000000001,1272.2456633007218,1117.7658961483223,11924.90093359251,16.749782625983045,9.724027431708082,-294.65642823326556,0.009876262391636038,-0.582844049591562,0.811590116620943,0.03894555045296337
91.4,1273.5402269086064,1119.1261076839903,11895.373212620194,16.85331821439351,9.716726378124886,-294.80152141726046,0.00950959550358147,-0.5828313260351249,0.8115715867290663,0.03960773408769973
91.5,1274.8366296844874,1120.4877228388525,11865.83097514252,16.956485890986123,9.712408998750046,-294.9366293501311,0.00925561420238522,-0.5828069734761029,0.8115508034614322,0.040443277246849714
91.60000000000001,1276.1347077259989,1121.8514007609006,11836.27420448546,17.06346481908556,9.711011019747637,-295.0695575741874,0.008873440827913925,-0.5827852070051883,0.811538644560251,0.04108154000404199
91.7,1277.4346742476073,1123.2169014074937,11806.703640193266,17.173033449045935,9.707694395472002,-295.18973842194947,0.008661936049060374,-0.5827722919096939,0.8115252416115866,0.04157173166300214
91.80000000000001,1278.7365781964297,1124.583957095924,11777.119321717955,17.25231749885191,9.7030005960457,-295.29417343780835,0.008646486844670558,-0.582755425962711,0.8115031652716485,0.04223700427776335
91.9,1280.0403131278372,1125.9530219565668,11747.521937256246,17.3284791082714,9.701964008308865,-295.40546024413914,0.008702103867683218,-0.5827292399306442,0.811480749834966,0.043010451815939446
92.0,1281.3456709248285,1127.3244968262702,11717.911533764987,17.407939798352814,9.70725541689433,-295.51437587097115,0.008840277915391206,-0.5827063809104945,0.8114637343321411,0.04360884080445907
92.10000000000001,1282.6529029946794,1128.6982597031576,11688.288699027098,17.487287405830365,9.715025801832137,-295.62051350542384,0.009184755011960982,-0.5826917312596881,0.8114464409104896,0.044052924200974675
92.2,1283.9619343444867,1130.0740924814356,11658.653606280246,17.564887172003612,9.7229325735045,-295.723100034249,0.008617858612159976,-0.5826780944982171,0.8114311858786099,0.04462511947884034
92.30000000000001,1285.2726060696286,1131.4525355070061,11629.006775290136,17.643451771716933,9.730042433566666,-295.8239312650403,0.00833126591390321,-0.5826544787049084,0.8114128934757238,0.04531517135283759
92.4,1286.5849979088994,1132.8338023439503,11599.348361444418,17.719653644029716,9.738582503786974,-295.92153789748505,0.008359775892443638,-0.5826349816995688,0.8113948270279809,0.045880572350440164
92.5,1287.899216166553,1134.217533847318,11569.678906892828,17.79755293695201,9.741807208411988,-296.01523869014284,0.008614740432026173,-0.5826221565271449,0.8113748302335511,0.046347533207541605
92.60000000000001,1289.2151000323813,1135.603751129233,11539.998599205099,17.880372038290133,9.718742286304709,-296.08768042933275,0.00882403682824586,-0.5826085553915419,0.8113603271750592,0.0467314352980451
92.7,1291.287016810415,1136.9931506844782,11510.307778627615,17.961077991421067,9.724008747466172,-296.1893376819366,0.00912059573092348,-0.5825951006674357,0.8113549960482851,0.04693435627875179
92.80000000000001,1293.4554122487787,1138.3857959778559,11480.606811099324,18.03686086756638,9.738503550916507,-296.28935599614465,0.009384746617440341,-0.5825911492842674,0.8113512063766277,0.04699680007993954
92.9,1295.6336156073698,1139.7812194785567,11450.89616114619,18.11544798784589,9.750193415542947,-296.39326360735515,0.009553512122740368,-0.5825961115088502,0.8113506609636598,0.04691061942375682
93.0,1297.822180802886,1141.17965439332,11421.175935912388,18.178821667413786,9.762526787734224,-296.49619051803694,0.009771443443231656,-0.5825916402862445,0.8113491608172727,0.046947191638331505
93.10000000000001,1300.0209421810375,1142.5817240690499,11391.446610456629,18.2132585003527,9.778385446435458,-296.59588183418555,0.010091426629617175,-0.5825840031267954,0.8113499993156176,0.04695978087560045
93.2,1302.2299318399496,1143.9872540229944,11361.708366028397,18.24232376740778,9.79379389549106,-296.67302859844807,0.010360884190331689,-0.5825845136567879,0.8113492544056403,0.046907610272641974
93.30000000000001,1304.4488654447007,1145.395928454016,11331.961788265471,18.272475305510614,9.807338790206368,-296.745906538814,0.010557380895052702,-0.5825877376756774,0.8113485195360256,0.04683641174633715
93.4,1306.678093490376,1146.8081678299764,11302.206988633927,18.295584281338357,9.822652295157498,-296.81529022634794,0.010797721077132576,-0.5825831397210098,0.8113489873219225,0.04683070898503991
93.5,1308.9174960225425,1148.224301938548,11272.44447725095,18.312656477685223,9.84001223949099,-296.88134871932056,0.010931668947286186,-0.5825783838664156,0.8113507209488634,0.04682876126251698
93.60000000000001,1311.1668410670222,1149.6441690254405,11242.674429466484,18.325284330652465,9.856463550811146,-296.94876373269284,0.011049191139467809,-0.5825809385762877,0.8113509262129082,0.04676579857322318
93.7,1313.4262155755698,1151.067495961544,11212.897158453065,18.34001381674841,9.872516121932202,-297.0185447600272,0.010991435204507275,-0.5825842323996241,0.811352487776465,0.04671125228921869
93.80000000000001,1315.6957826445935,1152.4946240814522,11183.113099433522,18.35815102248268,9.890391190189503,-297.08738364831635,0.011043280372428283,-0.5825800784984559,0.8113546838464695,0.04671268666801802
93.9,1317.9753814092044,1153.9259666585353,11153.326935036801,18.37324200961978,9.909025875385709,-297.1531744552929,0.01120265143669292,-0.5825769020439544,0.8113557562509288,0.04669572361726747
94.0,1320.2649615412683,1155.3612770638451,11123.600885104308,18.385798141760777,9.92697992277267,-297.21588501741587,0.011302675750245846,-0.5825801057615704,0.811355860869363,0.046629785809686325
94.10000000000001,1322.5644215687178,1156.8003578065714,11093.868693486116,18.401431430460402,9.945691402869736,-297.2754310348506,0.011326159430247833,-0.5825812990480695,0.8113568739624041,0.04659153556151411
94.2,1324.87414619672,1158.243709163155,11064.130677516863,18.418326814380617,9.965602283387426,-297.3319399430915,0.011420494059882973,-0.582576465698984,0.8113589372160567,0.046593013733172664
94.30000000000001,1327.1937466188926,1159.5300668668149,11034.387054759769,18.431940314058455,9.985536126102083,-297.38550594725945,0.011563622913460397,-0.5825756934849793,0.8113597361498165,0.04655343747255421
94.4,1329.523195640446,1160.7368777949457,11004.638132968936,18.445101642583083,10.005447497426138,-297.43607787725244,0.011631648442813688,-0.5825807567395611,0.8113611773878474,0.04644788971599415
94.5,1331.862620270787,1161.9463040095359,10974.8842817151,18.460936881842485,10.026435950637241,-297.48361747082987,0.01167481343506402,-0.5825808091219807,0.811364743569598,0.046374049491881196
94.60000000000001,1334.2119977470504,1163.158528829122,10945.125836136105,18.47635181785294,10.048318734295554,-297.52833901753183,0.011807434629886086,-0.5825774589122392,0.8113663578877356,0.04635431094094815
94.7,1336.571098424998,1164.3733384648626,10915.362990841064,18.48906400673076,10.069871821320524,-297.5616560688263,0.012059644033165695,-0.5825771513878208,0.8113663265862109,0.04629375496374927
94.80000000000001,1338.9399740237077,1165.590384691181,10885.59599718537,18.50277391029648,10.089376448817887,-297.5917893096312,0.012296231607364254,-0.5825764782280412,0.8113690472501154,0.04619219488301909
94.9,1341.3186267653646,1166.8097527965708,10855.825265199263,18.51846556264617,10.108546865839386,-297.61909258304877,0.01254443762190068,-0.582567525532006,0.8113652952805359,0.04630413474620441
95.0,1343.7070803327224,1168.0321622895085,10826.050922763667,18.53238506164159,10.131128579286658,-297.6437601681392,0.012542416846852825,-0.5825620041384519,0.8113614983521042,0.04644047917128294
95.10000000000001,1346.1052205521244,1169.2573735863984,10796.273363659686,18.54483169718172,10.154224461366027,-297.6763779974197,0.012413373977881916,-0.5825737549609672,0.8113728697428962,0.04612802209440022
95.2,1348.5129506296723,1170.4847905400152,10766.492788152691,18.55896325125006,10.174206086922666,-297.70910020950237,0.012528470229073036,-0.5825790174089133,0.8113784704705436,0.04593150950562917
95.30000000000001,1350.9304115552338,1171.714795813787,10736.70951060256,18.57378447697078,10.194233276544475,-297.7390240548732,0.01268057792832693,-0.5825765525781984,0.8113800983033544,0.04589225867991434
95.4,1353.3573242482234,1172.947762280589,10706.923861057972,18.586625334811394,10.216854840921584,-297.7658674834333,0.01262000865281489,-0.5825781617409168,0.8113828892317064,0.045839152546547746
95.5,1355.7938056364144,1174.1832125118083,10677.13609037838,18.59921349504146,10.23809901928736,-297.7899143998901,0.012599392104852353,-0.582582874475768,0.8113849497674568,0.04574836583968256
95.60000000000001,1358.2397057369396,1175.420939608649,10647.346523330174,18.61342519079684,10.25733968079116,-297.8098356206,0.012729643071681826,-0.5825830902129631,0.811386481630091,0.0456823446544091
95.7,1360.6951732792716,1176.6614569380974,10617.555479647037,18.627136589302495,10.278086715184159,-297.8268069609713,0.012789191052538482,-0.5825817808643514,0.8113887657691844,0.04564182271450323
95.80000000000001,1363.1599170292905,1177.904709573724,10587.76323108886,18.6392678134228,10.291362844517558,-297.84093221506276,0.012738759587742884,-0.5825850251769211,0.8113912032004731,0.045571129157179764
95.9,1365.6339605383987,1179.1502631511005,10557.970069987463,18.652124749408905,10.30131509244432,-297.8538569509204,0.012781051891231264,-0.5825882376455394,0.8113928632285827,0.045488587264726946
96.0,1368.1172946720556,1180.3982629105392,10528.176284101095,18.665938489875863,10.311931263426589,-297.8539532537614,0.012895757278768426,-0.582587108167204,0.8113947107538378,0.045437695829314576
96.10000000000001,1370.6099511280931,1181.6490160235658,10498.382161372012,18.678549584817194,10.324629658040264,-297.8522061560039,0.012893123352064627,-0.5825877246671561,0.8113971609002054,0.04538675710447466
96.2,1373.1116906164823,1182.9022920762643,10468.587968287882,18.690351976366827,10.335638307936968,-297.84867572209635,0.012875430531541164,-0.5825916118997343,0.811399046698637,0.045308101364325254
96.30000000000001,1375.6225008294737,1184.1578450369336,10438.793982430865,18.7033348016139,10.345129058590809,-297.8466407145639,0.012968916007408227,-0.5825924972238239,0.81140074594964,0.045239571930658425
96.4,1378.142541909917,1185.4159791106001,10409.000477151838,18.716438658094493,10.356347196503373,-297.8436467931415,0.01302971639772819,-0.5825916940633772,0.8114030183693185,0.045191661621569054
96.5,1380.671689952676,1186.676714192541,10379.207722168541,18.728093083235866,10.368084373977428,-297.8382434654752,0.012997052793605733,-0.5825946454272071,0.8114057295781554,0.04511427430390795
96.60000000000001,1383.2097206129981,1187.939744258866,10349.41595500658,18.739900367142067,10.377661099769403,-297.818893411796,0.013042421329406617,-0.5825981522150208,0.8114079180239621,0.0450164286625346
96.7,1385.7565892658379,1189.205149331881,10319.625461309315,18.752749811277464,10.387424931022727,-297.7982189821084,0.013134539939689722,-0.5825997159800949,0.8114088254018416,0.04495300724633857
96.80000000000001,1388.3125470373975,1190.4731228537723,10289.83646830555,18.764757837878452,10.398500953307272,-297.76710944636346,0.013139983144701536,-0.5826028945808944,0.8114097706819906,0.04489311874574764
96.9,1390.8772608884033,1191.743430088077,10260.049251993656,18.775882819659195,10.407456301413921,-297.7335777776222,0.013121949155099195,-0.5826079271917345,0.8114115802774818,0.04480027918798132
97.0,1393.4507235375052,1193.0159997191186,10230.264053574328,18.787295355975584,10.415271164454044,-297.6978575493707,0.01321911072015588,-0.5826101818841677,0.8114127734380646,0.04472071307809473
97.10000000000001,1396.0329416563443,1194.290859928446,10200.481136085193,18.793888552212547,10.425429113057398,-297.6598653394407,0.013430664127894426,-0.5826111106101736,0.8114127558810492,0.04464583573173115
97.2,1398.6238662892865,1195.568173976896,10170.70068221262,18.82129097424918,10.435311647197244,-297.6195410746448,0.013624649643876571,-0.5826162092504195,0.8114133642491757,0.04450925699882689
97.30000000000001,1401.2234238571386,1196.847705786498,10140.922942093915,18.85047975293531,10.44233415086234,-297.5770490765051,0.013741028047585665,-0.5826235238866645,0.8114153883076,0.044340513976579975
97.4,1403.8314797949863,1198.1293776239759,10111.148184969223,18.937899991502366,10.449904028442386,-297.5323867165178,0.01385466189687353,-0.5826262072956544,0.8114163661327758,0.044251911686226914
97.5,1406.3069282289266,1199.4133556779636,10081.376671143178,19.02580656245722,10.459035775020007,-297.4855883726643,0.0140094972129284,-0.5826298923858104,0.8114175889834445,0.04413206062075237
97.60000000000001,1408.660031304073,1200.699542397731,10051.608561300205,19.144000016326068,10.466143723172202,-297.4366378350364,0.014151721913124318,-0.582637601962728,0.8114202425422691,0.043935675010867044
97.7,1411.0195684040334,1201.9877469585576,10021.844145657311,19.2752044022936,10.471974659752165,-297.38566531432156,0.014466633724236207,-0.5826408681008839,0.8114191416385788,0.04380995217812192
97.80000000000001,1413.3855543696861,1203.2781235127416,9992.083616209384,19.335201132249416,10.479283069890785,-297.3329707848884,0.014718049162813258,-0.5826422125434425,0.8114183018226578,0.043723799681145065
97.9,1415.7579101615645,1204.5706440302388,9962.327161480978,19.38217907883226,10.476651857496435,-297.27871922620113,0.014943294487034794,-0.582647844023894,0.811419574287906,0.043548389942860664
98.0,1418.1364840414706,1205.8651589768795,9932.575129250923,19.471534036103893,10.464479978274342,-297.22259246377826,0.01501607300636771,-0.5826551328055568,0.8114219598160924,0.043381066088996466
98.10000000000001,1420.5213677581057,1207.161632803716,9902.82756958305,19.543375626316248,10.453576214900176,-297.1644518569888,0.015110128402055147,-0.582658065163467,0.8114224039331687,0.043300641045557635
98.2,1422.9124027899745,1208.460160834195,9873.084862878934,19.55995908833308,10.441491627086238,-297.1051745389793,0.015215246178007255,-0.5826625217581377,0.8114243995282926,0.043166258493648614
98.30000000000001,1425.30964427652,1209.760656506549,9843.34703488028,19.644337388294364,10.42744770008002,-297.04531175574147,0.015328773331562337,-0.5826701885687549,0.8114268408468209,0.042976295963579283
98.4,1427.7129194713832,1211.0629687799142,9813.614411678425,19.760152224293915,10.413927179016707,-296.9844354575463,0.015517832441928244,-0.582673980724158,0.8114261303805419,0.0428703160593375
98.5,1430.1222510466296,1212.367249822294,9783.887152463625,19.875102895102973,10.4009054849211,-296.9215181683954,0.015674345421958877,-0.5826760690854488,0.8114260067345576,0.042787252839276625
98.60000000000001,1432.5375047422488,1213.6734441661238,9754.165576189127,19.98645655854817,10.386152102226719,-296.8568205900506,0.015884148061077748,-0.582680896307284,0.8114273595984055,0.0426181535741966
98.7,1434.9588429878957,1214.9814289656229,9724.449594299242,20.081861382644703,10.370248993586928,-296.7905430057306,0.01610595544777194,-0.5826832398454146,0.8114307528576069,0.04243787835534088
98.80000000000001,1437.3859419020166,1216.2912204217766,9694.73977000572,20.17775967340936,10.355278093046403,-296.72252587506426,0.016268732929052176,-0.5826817778680411,0.8114344256013578,0.04232548899205277
98.9,1439.8189024935295,1217.6028840992194,9665.03592974519,20.265259781293,10.340535399478854,-296.650175820906,0.016360673321188773,-0.5826839150355548,0.8114378991404257,0.04219383089845976
99.0,1442.2578064410234,1218.9165858865915,9635.338560379207,20.35256551531507,10.323926131624642,-296.57574852080614,0.016457190753489153,-0.5826882919359039,0.8114423295719315,0.042010249846900556
99.10000000000001,1444.7023787836986,1220.2320467509749,9605.647615304486,20.44056718357214,10.306433559199993,-296.49947726424773,0.016554028367311704,-0.5826911608586348,0.8114500532362084,0.041782607685318655
99.2,1447.1525745811489,1221.549220453832,9575.963401474797,20.527603644438447,10.289979115575436,-296.4214337438508,0.01659363813493874,-0.5826949127043664,0.8114585390110447,0.04154911970136588
99.30000000000001,1449.6084283065345,1222.868307084162,9546.285880667998,20.614106805328877,10.272859122604192,-296.34154110197585,0.016666016092833916,-0.5827012352601038,0.8114673867517602,0.04125766076999318
99.4,1452.0699398221975,1224.1893640556107,9516.61552669714,20.700990128268856,10.254302434673683,-296.2598410522842,0.016654552389627302,-0.5827070055443774,0.8114778889254946,0.04097325175317385
99.5,1454.5369496102876,1225.5121257438673,9486.952435926341,20.785552994723226,10.228905622370247,-296.1764398750448,0.016469650951548554,-0.5827143662400556,0.8114914738296871,0.04067315916801867
99.60000000000001,1457.0094474876717,1226.8367594780893,9457.296730348393,20.869971026304516,10.202391120967592,-296.0913821676617,0.01619353504255579,-0.5827238377014488,0.8115050201007732,0.04037698290567072
99.7,1459.487447729138,1228.1634008999638,9427.648582943964,20.957080260642723,10.173879913287385,-296.0045993936554,0.01603122663372634,-0.5827315368595,0.8115166995155857,0.04009491400806221
99.80000000000001,1461.9707288812083,1229.4918843808805,9398.008246194415,21.041904968508323,10.160777042717914,-295.9161815172432,0.015931380123465604,-0.5827378576937787,0.8115284480192914,0.03980399971394097
99.9,1464.4594483205444,1230.8221592622951,9368.375887373977,21.124225181746457,10.17598825994095,-295.8262202989632,0.015721457028620968,-0.582746448183164,0.8115409259154982,0.03950618284547217
100.0,1466.9534520782713,1232.154426378495,9338.751623200345,21.208578894474726,10.193035410073243,-295.7346809682748,0.015508840727425107,-0.5827548484990915,0.8115526191158651,0.03922510441378017
100.10000000000001,1469.4527330251487,1233.4886878025493,9309.13564877662,21.292859488830928,10.210813678071299,-295.6415766995431,0.01557455941751466,-0.5827597740351066,0.8115615256899196,0.03894058147167124
100.2,1471.1683092492954,1234.824750267966,9279.528144369684,21.37417997782267,10.226558943344518,-295.54700196007695,0.015782610729533565,-0.5827639632052827,0.8115685664355,0.03864627228671952
100.30000000000001,1472.7366639072163,1236.1627519190915,9249.929284306525,21.455724176438405,10.243170925524563,-295.4474992825744,0.016013687139857492,-0.5827685416345425,0.8115742109177282,0.03836259739123764
100.4,1474.3040506514312,1237.502802010691,9220.339152363085,21.53864589258894,10.261496307910571,-295.34565923005056,0.016295382776591226,-0.5827718296043628,0.8115795291236247,0.038080480921637815
100.5,1475.8703811245914,1238.8447462487525,9190.758081199336,21.61929863345297,10.267639880636029,-295.2532167729105,0.016522865042301174,-0.5827766500721753,0.8115854385550013,0.037781569408026364
100.60000000000001,1477.435549526558,1240.1885544839693,9161.186103646387,21.698572427690646,10.246107732289461,-295.15446200324715,0.01673227707563943,-0.5827857475376524,0.8115883325423618,0.037485755320551546
100.7,1478.999606106254,1241.534415855367,9131.623397538178,21.779411905136058,10.224292962724174,-295.05295174277063,0.016993273911972414,-0.5827905512043705,0.8115922427478414,0.03720797737297331
100.80000000000001,1480.5625901907217,1242.8822724408235,9102.070097400565,21.85928044945137,10.204002316732783,-294.94686738905745,0.017071424959528295,-0.5827912681914761,0.8116007442532924,0.036974803544089004
100.9,1482.124283622004,1243.54331072032,9072.526240737743,21.936941421230802,10.184127387480544,-294.83513854468225,0.01715099757211149,-0.5827971469933154,0.8116055151360458,0.03673984947556288
101.0,1483.6848686963458,1244.1770277556504,9042.992175508629,22.015398902887835,10.163145968834495,-294.7211624737514,0.017530394110748086,-0.5828022440259946,0.8116057657652719,0.036473423436162576
101.10000000000001,1485.2442457815562,1244.8099798752226,9013.467972237642,22.094066307439565,10.142884039346045,-294.606258651093,0.017557710692811975,-0.5828047653293309,0.8116145348993932,0.036224011990570064
101.2,1486.8021456298877,1245.4420719627062,8983.953559255953,22.170530882203504,10.124155847987266,-294.49273955419187,0.017634309796394756,-0.5828071666568436,0.811621169122826,0.03599882557978552
101.30000000000001,1488.3588080924305,1246.0731850417037,8954.449335202053,22.246651549228268,10.104749283908642,-294.38479616225857,0.017978423988772137,-0.5828119401556331,0.8116215357328522,0.0357421518316027
101.4,1489.9142693457925,1246.563452472247,8924.955342121215,22.323354631359194,10.084754888871965,-294.2785397905345,0.018125002604980244,-0.5828154201353187,0.8116270050134662,0.035486265877557106
101.5,1491.4682379961816,1246.9541206987292,8895.471600052673,22.39860126688362,10.066382095055122,-294.17304775318047,0.018160762570429884,-0.582817192664333,0.8116347370770416,0.035261313186093136
101.60000000000001,1493.0207906215871,1247.3429476662084,8865.998416994584,22.4729340707899,10.048531938646041,-294.0665540798804,0.018413893963408794,-0.5828211832545421,0.8116367832599792,0.03501612368999692
101.7,1494.5720990832347,1247.7299892967721,8836.535672232205,22.547533686291853,10.029626252766,-293.9590783210577,0.01861280512714446,-0.5828255607075034,0.811640172236711,0.03475859725082784
101.80000000000001,1496.1219518743962,1248.1153271157234,8807.083603602452,22.621324228005076,10.024300097282962,-293.8489996877362,0.018620613351166694,-0.5828278976973773,0.8116481248540756,0.03452876836704053
101.9,1497.6702927497613,1248.4988731724775,8777.642296858343,22.693911823532094,10.04233397953414,-293.73509610472223,0.01863905347076882,-0.5828325885320573,0.8116541999810061,0.034296050558750235
102.0,1499.2172704861969,1248.880619723498,8748.211763531173,22.76641717490935,10.060091514995912,-293.62018303936634,0.0185596027490489,-0.5828406020470593,0.811661624471588,0.03402618273274021
102.10000000000001,1500.7627591854832,1249.2606603623638,8718.792229595289,22.83853096990925,10.065822540508783,-293.50447940946026,0.018468985944147216,-0.5828457192729121,0.8116709381813428,0.033764658968446236
102.2,1502.3066835022144,1249.6390079911978,8689.383866265696,22.90944514097357,10.070454855883082,-293.3879966514603,0.018658158361176874,-0.5828487488730654,0.8116769052234715,0.03346357109633692
102.30000000000001,1503.849135702476,1250.015395894263,8659.986278722969,22.979991442511256,10.075897529382154,-293.27072421819463,0.018832194817488664,-0.5828573883758223,0.8116817676255416,0.03309563956699352
102.4,1505.3901158909375,1250.389695862418,8630.600320976871,23.050305095113643,10.082005551603404,-293.1534939652292,0.018752480463896458,-0.5828706036603184,0.8116887547590564,0.032734832561043904
102.5,1506.9294606261087,1250.7622845651601,8601.225356650637,23.119577602703156,10.087105678578185,-293.0355438952983,0.018842059427350327,-0.5828742653911313,0.8116965825318169,0.03242260704284208
102.60000000000001,1508.4441225919907,1251.133070193346,8571.861965305845,23.203730447287523,10.092204020576247,-292.9169837292262,0.019039066342897926,-0.5828741110450794,0.8117026175808514,0.032158128655031225
102.7,1509.7257507902507,1251.5016795244096,8542.510107769047,23.29379665126372,10.097890890249879,-292.80074732843116,0.019018623615825937,-0.5828828029454108,0.8117074345211168,0.0318899785106189
102.80000000000001,1511.0045229275743,1251.8683092994986,8513.169945072248,23.38315044394611,10.1010243928511,-292.6836729961698,0.019001549475009198,-0.5828895027553496,0.8117150184699209,0.031583183587886005
102.9,1512.2804635572945,1252.2330619011211,8483.841447896704,23.45584236250734,10.105586836817574,-292.56255537850416,0.018944958040646172,-0.5828927904708641,0.8117249369863253,0.031300320389313054
103.0,1513.5536104167513,1252.59554524243,8454.524726339989,23.51345840096799,10.111980092912276,-292.43726689027557,0.01888395875857919,-0.5829008642210354,0.8117303092916308,0.031046474345533467
103.10000000000001,1514.8238897042686,1252.9558286470835,8425.219898760073,23.57008894675956,10.115424733110594,-292.3108779853602,0.018767729464795744,-0.5829100903327795,0.8117377349361005,0.030748147908065994
103.2,1516.091258724318,1253.3140985175482,8395.926986000673,23.626275136326285,10.118324179073806,-292.1835209922402,0.018579660355186895,-0.5829153459188021,0.8117498367490872,0.030441718927806696
103.30000000000001,1517.3558075453068,1253.670026636579,8366.64639468568,23.682606271571746,10.123781021414223,-292.0551633867403,0.018463050689893783,-0.5829224624278819,0.8117572452999767,0.03017769473022201
103.4,1518.6174445357565,1254.0236036896981,8337.378077284306,23.72524095285524,10.127347778684047,-291.92599083930645,0.018374046215868446,-0.5829314850167062,0.8117632709030503,0.029894317430833664
103.5,1519.8761185561636,1254.374945650996,8308.122194794687,23.78192050538514,10.129011440333311,-291.7961923583764,0.01819340578183247,-0.5829377524741183,0.8117741788037808,0.029584782472220888
103.60000000000001,1521.1318859604164,1254.7239589033036,8278.878832676126,23.84521876515387,10.133213791067112,-291.665742989826,0.01804103899191276,-0.5829438648721785,0.8117830083158815,0.029314138731966
103.7,1522.3847286324421,1255.0703919027094,8249.648130746762,23.907638597416653,10.11313717171271,-291.5347301431701,0.01800503394017654,-0.5829516710448908,0.8117877555150502,0.029048373011576187
103.80000000000001,1523.6345651189463,1255.4144897962697,8220.430204789724,23.969892093709156,10.078575037873186,-291.4033470966582,0.018053620963857334,-0.5829563885479011,0.8117941547657888,0.028743105423397634
103.9,1524.881440922517,1255.756093612679,8191.225086479295,24.03172631401521,10.057948621526611,-291.27156760853086,0.01806797998028171,-0.5829604549117451,0.8118009150437815,0.028459276916367536
104.0,1526.1253592078592,1256.0947831412288,8162.032791676633,24.092571101444165,10.072868292813384,-291.1394017552303,0.018119660392781074,-0.5829687090190532,0.8118023839304769,0.028214387406135376
104.10000000000001,1527.3662342249584,1256.430140771759,8132.853640636746,24.1530024722377,10.087942000042945,-291.0022536692182,0.0181695409133428,-0.5829836786150276,0.8118008818366147,0.027914628795369052
104.2,1528.604095625903,1256.7627638779325,8103.687430883743,24.213208841015785,10.102269118069474,-290.8619561521925,0.01818502998856561,-0.5829948745334539,0.8118060243275015,0.027518354195218583
104.30000000000001,1529.8389616286865,1257.0925488266641,8074.534354471896,24.27252972304366,10.116084812672552,-290.7241011513124,0.01822522796611028,-0.5830071865219003,0.8118156255606125,0.026941633674163155
104.4,1531.0708628839993,1257.4186879606618,8045.394295373693,24.33118244194072,10.130178783005919,-290.5895658451497,0.01827555269210125,-0.583024421777599,0.8118212301766724,0.02635940096301169
104.5,1532.3000250758892,1257.7414964838763,8016.2673416616735,24.38966170808405,10.144321446342245,-290.45561226061653,0.018251058645835955,-0.5830368903490588,0.8118264294147357,0.025937074895351644
104.60000000000001,1533.5261411916053,1258.060939617105,7987.15364850307,24.44741507471209,10.157364251583864,-290.3216552808339,0.01820472210572465,-0.583048710526084,0.8118356205589556,0.025410911801416712
104.7,1534.7492088371507,1258.3765226515575,7958.053108631765,24.504281378992044,10.17015754455742,-290.1876389479979,0.018095921126567775,-0.5830619318593178,0.811839182554754,0.02506916280792079
104.80000000000001,1535.9695270781344,1258.6880647497092,7928.965934708923,24.558966288077166,10.183795152708432,-290.0528983293556,0.017737774246953882,-0.5830808117713041,0.8118528563898978,0.024435177110986066
104.9,1537.1870133520056,1258.9958294403127,7899.892102739722,24.611058873852855,10.19717868701703,-289.91783257456876,0.017645635294141183,-0.5830927728211067,0.8118626643254966,0.023884390575550467
105.0,1538.4014840954073,1259.2993252444014,7870.831478567296,24.665294966826245,10.220027604963825,-289.782679784614,0.017518528530783804,-0.5831077527351918,0.8118715804960113,0.023302073751905135
105.10000000000001,1539.613264564814,1259.5983391299649,7841.784324584444,24.719541441672312,10.242725562559558,-289.6458242507153,0.017172571376636872,-0.583123411236831,0.8118811556312409,0.022829349327494808
105.2,1540.8222876472398,1259.89308498362,7812.7506038757265,24.76905822419146,10.266455833930504,-289.50006678281204,0.017016047772742533,-0.5831333438160269,0.8118884600610351,0.022429575739545037
105.30000000000001,1542.0284137480005,1260.183083876945,7783.730402201653,24.818573005394917,10.289862636031195,-289.3552108175209,0.016905846008268065,-0.583143327353251,0.8118929114190767,0.02208964738467185
105.4,1543.231865534736,1260.4681524050543,7754.723638330651,24.86924373626155,10.312894296669713,-289.2132326534899,0.016606644334251918,-0.5831550975655976,0.8118979807381249,0.021817892211881768
105.5,1544.4327110363358,1260.7483694090536,7725.730631368097,24.916044720932,10.336776021317446,-289.07002767636317,0.01641254941381163,-0.5831663875808311,0.8119070278982563,0.02132066291378111
105.60000000000001,1545.6307546655155,1261.0236229924676,7696.751276070138,24.96141147796663,10.352946415459822,-288.92561325638576,0.016302366158302762,-0.5831766365925621,0.8119138001823554,0.020862034025324817
105.7,1546.8261536404298,1261.293494903493,7667.785410233849,25.008627879355483,10.36495699713049,-288.7798888899664,0.016035471851244324,-0.5831900250966436,0.8119188447535046,0.020495067807123145
105.80000000000001,1548.0189733848115,1261.558051352966,7638.833676518461,25.052258966727653,10.377340237450628,-288.6326657400048,0.015822341507450967,-0.5832007874411707,0.8119218249907507,0.020234750823988353
105.9,1549.2091353410274,1261.8171572197311,7609.895850301133,25.093799458669473,10.39011901328859,-288.4836106906371,0.01569569384722038,-0.5832107608511615,0.811925290666318,0.01990417037906164
106.0,1550.3967600239748,1262.0704649859224,7580.971825769487,25.137486176323804,10.402051190834607,-288.3330050475435,0.015450077492182503,-0.5832235734039949,0.8119298061595055,0.01953326396555797
106.10000000000001,1551.5820387990227,1262.3179992229482,7552.061960912375,25.177964878272686,10.418089747274824,-288.1837246274439,0.015226315911584179,-0.5832343253560516,0.8119327801990549,0.01926243672190008
106.2,1552.7648511492791,1262.5596782615887,7523.166473138247,25.21595601120843,10.434896248918012,-288.03297584286724,0.015093133340121512,-0.5832424207051972,0.8119353211997339,0.019013421685851795
106.30000000000001,1553.945069727785,1262.795218533868,7494.285330095682,25.25582857109849,10.444510420882589,-287.8805481155169,0.014866947037313828,-0.5832505855558026,0.8119386620144498,0.018797272695485888
106.4,1555.123071801052,1263.0245120508755,7465.418702703796,25.293356066848144,10.460443377190565,-287.7263450878021,0.014631093992221036,-0.5832571446621159,0.8119386056379837,0.018781239677752394
106.5,1556.2988046761975,1263.247460197587,7436.566830751301,25.32534905414027,10.48050408657268,-287.56993783455806,0.014551527062599316,-0.5832647045812377,0.8119416658718257,0.01847345856066454
106.60000000000001,1557.4721044840194,1263.463896163362,7407.729795797678,25.357359982808163,10.493204229676724,-287.41158664536783,0.014497166119366384,-0.5832747547617153,0.8119486228569521,0.017883692931470796
106.7,1558.643269477554,1263.6737045559078,7378.907932901664,25.39337485186055,10.50945646494639,-287.25142185269505,0.014227360998178291,-0.5832905348888211,0.8119621053642339,0.01694914630951751
106.80000000000001,1559.8123479950523,1263.876675869423,7350.101095605768,25.42282167373701,10.531308556715592,-287.08914718938695,0.014115099170611893,-0.5833022564095747,0.8119723121502932,0.016130900291349278
106.9,1560.9791946565713,1264.0727266191532,7321.309869305358,25.448921480971507,10.547928655925412,-286.9286145661671,0.013989632295130375,-0.5833123534136541,0.8119805893224997,0.01544380480184485
107.0,1562.1440176012384,1264.2617407847895,7292.534285310355,25.47308264149774,10.565614336868418,-286.7680223646023,0.01389645739421563,-0.5833244542799054,0.8119895953371656,0.01457280258315015
107.10000000000001,1563.306872622197,1264.4435607117637,7263.774502828449,25.495689222087574,10.588914884366288,-286.6053312678894,0.013853343297172386,-0.583334199288164,0.8119977944440766,0.013743312493072868
107.2,1564.4676728120462,1264.6183158999195,7235.0308188813915,25.517013540621793,10.608854823014715,-286.4406593967688,0.013745077389637516,-0.583345872535201,0.8120033865522704,0.01300638579090874
107.30000000000001,1565.6265616491714,1264.7862327043356,7206.30335199739,25.536500403730876,10.628642713346778,-286.2740719679968,0.013634503331267778,-0.5833681665590925,0.8120054427480814,0.011951715855264142
107.4,1566.7836836488168,1264.9467045291142,7177.592334563407,25.554535581308823,10.65345247373153,-286.1055313959003,0.013597305321229911,-0.5833841934573597,0.8120070292347092,0.011071611695198783
107.5,1567.9388913402845,1265.0995661627114,7148.898007128441,25.57117460628779,10.676171094579948,-285.93501850538223,0.013639074896656701,-0.5833926611389221,0.8120026206180118,0.01089599351557951
107.60000000000001,1569.0921952072351,1265.2453738140132,7120.220415597933,25.585863305684033,10.698594447109087,-285.75708494482683,0.013691289517114428,-0.5834061193647965,0.8119946126859118,0.010705019762866577
107.7,1570.243484882598,1265.383718622019,7091.559995137086,25.599404837008716,10.727594561688388,-285.57291533278004,0.013735286866903739,-0.5834162394282201,0.8119876351664633,0.01062609066836374
107.80000000000001,1571.393070429483,1265.514416434564,7062.916794130225,25.611403161348786,10.753828264157706,-285.38692147544884,0.01382296276765047,-0.5834241520730244,0.8119820371444244,0.010505038457203254
107.9,1572.5409424630398,1265.6379556677743,7034.290964506212,25.62150522121627,10.77794483150355,-285.1991657348779,0.01389367448806296,-0.5834361183674271,0.8119745809068493,0.010321896856473159
108.0,1573.6868419110062,1265.753976173103,7005.682879259226,25.63819500778896,10.807893589507573,-285.00953050123616,0.013942359298754337,-0.5834481654550344,0.8119703720076128,0.009897667713064825
108.10000000000001,1574.830999366347,1265.8622958060869,6977.092688221364,25.649653798954454,10.837766360064368,-284.81812964765487,0.01394683754286355,-0.5834564734153368,0.8119652736703574,0.00981955730738006
108.2,1575.9734405551153,1265.9632243147942,6948.520569710277,25.65355370002094,10.866042972510712,-284.6233531145881,0.013996593958452496,-0.5834691592908245,0.8119609384298042,0.009341840194107541
108.30000000000001,1577.1139706744689,1266.0566724822982,6919.96671031737,25.665256680380683,10.898006650870467,-284.4243950036583,0.013996599049346772,-0.5834784140168306,0.8119525498905628,0.009491697301794463
108.4,1578.252710723807,1266.1423202459252,6891.431147975723,25.676296569874154,10.93078394274491,-284.22382893628594,0.013997676212930459,-0.5834859990917775,0.8119467812574038,0.009517264851302104
108.5,1579.3897598270494,1266.2205350742809,6862.914459118874,25.68017949244666,10.962557873459644,-284.0216508142295,0.014034803316073348,-0.5834960012290773,0.81193994321654,0.00943236211548614
108.60000000000001,1580.524916443994,1266.2911254972848,6834.41640148659,25.6890294504674,10.996934914669335,-283.8178590965601,0.014047756945302962,-0.5835050151839545,0.8119320117986999,0.00953760957969972
108.7,1581.6582955643833,1266.3541208143702,6805.937397870749,25.698700168102263,11.032481131669709,-283.6125063298232,0.014050489237070125,-0.5835153454861547,0.8119240789220518,0.009576815804337516
108.80000000000001,1582.7899676659138,1266.4100398731302,6777.477543436344,25.702381152067456,11.067529198794857,-283.40697550961227,0.014074970488391602,-0.5835364288509077,0.8119093064636943,0.009508390364480847
108.9,1583.9197878559692,1266.4583673962634,6749.03700296257,25.708814933825394,11.104577884252917,-283.2030596420035,0.014073256338917279,-0.5835483692928501,0.811899842953226,0.009585883590019577
109.0,1585.0478100899763,1266.4990168963784,6720.616133912857,25.717124498993087,11.142697974289769,-282.99741836508224,0.013883682522898573,-0.5835524986579574,0.8118995120040976,0.009638831732444267
109.10000000000001,1586.1740398234317,1266.5325838987044,6692.214898149928,25.72040760745699,11.180930630119487,-282.79008444574697,0.013659524699474679,-0.5835701765358926,0.8118912664556943,0.009583209056492362
109.2,1587.298060168328,1266.5587570677062,6663.83342329052,25.72482439423038,11.21059652325225,-282.58111899884904,0.013579584569430153,-0.5835831636551473,0.8118826157229315,0.009638686013258048
109.30000000000001,1588.4203021736637,1266.577493555634,6635.472135935847,25.73143690753506,11.245138568670894,-282.3705058863414,0.013441618491320605,-0.5835893357945856,0.8118797693582143,0.009697945453602275
109.4,1589.5407650865907,1266.5892481992194,6607.130790176094,25.734209680678315,11.28351323058862,-282.15829424474305,0.013214296847089168,-0.5836077664343411,0.8118708137717241,0.009650858096292212
109.5,1590.6589968139774,1266.593770437954,6578.809977182117,25.732520717833626,11.316458719193136,-281.94454530753484,0.01312177865886228,-0.5836215708407808,0.8118618586478059,0.009695537483676794
109.60000000000001,1591.7752222252188,1266.5910941019742,6550.5097610606945,25.73717631892055,11.358109518871837,-281.7292492128454,0.012983091564533965,-0.5836283929120974,0.8118575661908901,0.009830083360467153
109.7,1592.889530721755,1266.581458752774,6522.229982691405,25.738180271762232,11.390298939991927,-281.5124316925645,0.012777828773566717,-0.5836442107933942,0.8118488912123223,0.009876241011248114
109.80000000000001,1594.001531279204,1266.5648650517935,6493.971196651931,25.732417762356313,11.430748874405271,-281.29418789514347,0.01266841047009531,-0.5836577623030409,0.8118409418723241,0.00986980138735606
109.9,1595.1113903568519,1266.5412486797575,6465.733317632455,25.735063307566143,11.478607227087782,-281.074486507935,0.012480823360311448,-0.5836659660335809,0.8118368772007087,0.009957608113237204
110.0,1596.2191355433495,1266.5108343823542,6437.516542440545,25.73657764696654,11.512853875734066,-280.85336414206535,0.012259234252325245,-0.5836813090650682,0.8118304897665438,0.009853756088351331
110.10000000000001,1597.3245239817782,1266.4736647819764,6409.321170955437,25.73243218100108,11.550438604963162,-280.63004878372885,0.012074024035006188,-0.583695874613677,0.8118251751504567,0.009655511095064347
110.2,1598.4275971523698,1266.430004140037,6381.147222855149,25.73401973908547,11.595718615159065,-280.4042973784706,0.011837461410361025,-0.5837096263040169,0.8118274906954384,0.008892244853295872
110.30000000000001,1599.528422668709,1266.3802349758657,6352.994851293834,25.735538073129028,11.631003464379063,-280.1771002806502,0.011609844622408818,-0.5837272924572606,0.8118272747389068,0.00800846666714143
110.4,1600.626747622997,1266.3237200449955,6324.864118660419,25.732677151771654,11.667009922968392,-279.9481643630084,0.011438190758042683,-0.5837419132380218,0.8118300142957356,0.006824544672138692
110.5,1601.7226730306322,1266.261010903442,6296.755324963017,25.733782662044717,11.707738296315721,-279.7179087595009,0.01122152887907987,-0.5837535708408095,0.8118334366903006,0.005684794792740435
110.60000000000001,1602.8162335115794,1266.1925165681655,6268.668653936302,25.735149687931415,11.740858229059029,-279.48606952614705,0.010975008764731838,-0.5837664630926326,0.8118289418728031,0.005480409530044466
110.7,1603.9073319843458,1266.117892563397,6240.603938652581,25.73324006277698,11.776711146330651,-279.25250912573745,0.010852852647495893,-0.5837757190951725,0.8118247180309165,0.005362143074294971
110.80000000000001,1604.9958461321987,1266.0374427250915,6212.561687684023,25.734205819908247,11.81459293059504,-279.0176498221504,0.010728244386165457,-0.5837837083338053,0.8118213554621568,0.005251044849120409
110.9,1606.081870752073,1265.9515445810212,6184.541648028627,25.735169430038678,11.846591990282997,-278.78130174245365,0.010517701388927346,-0.5837952206917046,0.8118158374421927,0.00525017457316271
111.0,1607.165365521018,1265.860070785334,6156.544274515181,25.731150170782804,11.879837628133096,-278.54341260836463,0.0104767977567461,-0.583802665956992,0.8118097564484661,0.0054408882873325124
111.10000000000001,1608.2461752453275,1265.763227790777,6128.569609400484,25.72035691523469,11.911556026752313,-278.30421677469076,0.010195803272419635,-0.5838120341466896,0.811808551269258,0.005141057016130525
111.2,1609.3244245757671,1265.661329377432,6100.617822501439,25.7161276040698,11.927891558566944,-278.06365507940967,0.010109377636642367,-0.5838242718221911,0.8118058811544822,0.004269828811894191
111.30000000000001,1610.400035769854,1265.5542985103227,6072.688958166526,25.70824658535113,11.96046901318104,-277.8216671903357,0.010041400709790971,-0.5838352861778661,0.8118058791341118,0.002596822806128185
111.4,1611.472937290479,1266.6588973694797,6044.783177860268,25.703928587638046,11.98939462331908,-277.5784535358031,0.00985403197281223,-0.5838447106868556,0.8118051097808645,0.0008459258472712275
111.5,1612.543184756149,1267.9616907858838,6016.901009120683,25.69915062858198,12.001853571093406,-277.33374458285596,0.009630659026329659,-0.5838543955416627,0.8118004607705427,0.001143287423525183
111.60000000000001,1613.6106905875922,1269.2652845922578,5989.04214085838,25.686274416048803,12.02497969909488,-277.0864078624995,0.00927398733615605,-0.5838654401498167,0.8117963533485365,0.0013496842473990937
111.7,1615.9333261394727,1270.5686591825768,5961.20675534142,25.676842665145806,12.046098858792817,-276.8379275798919,0.009351643089714486,-0.5838766658775216,0.8117867744522115,0.0016788805037482094
111.80000000000001,1618.5497519418545,1271.872060810036,5933.395318599415,25.671441472754776,12.053721089158026,-276.58827216851313,0.009869965047189616,-0.5838849783272945,0.8117752108198523,0.0013867126907389793
111.9,1621.1628874346025,1273.1754846922333,5905.607594196642,25.666040046321367,12.068371541260333,-276.3375336402182,0.010392898884975374,-0.5838921318581489,0.8117645499007077,0.0005305953395361621
112.0,1623.7724885189057,1274.4781462983317,5877.84382349411,25.65752053058042,12.082183083814346,-276.0857209597262,0.010944911880434434,-0.5838997352456516,0.8117519169489732,-0.000365258339886088
112.10000000000001,1626.3784191557672,1275.780189440654,5850.104384058216,25.64959488251074,12.084281075271937,-275.8328262055056,0.011499544800971217,-0.5839058051743597,0.8117391742490326,-0.0011332001375814456
112.2,1628.9806191286152,1277.0818425917955,5822.388960608826,25.64159106027496,12.091044933673205,-275.57892502586026,0.012156460586855416,-0.5839094183773056,0.8117266129051153,-0.0013847374718775037
112.30000000000001,1631.579026752962,1278.3822711912223,5794.69789072271,25.631268289671265,12.097161694695975,-275.32404918572587,0.012478149560737693,-0.5839161649487369,0.8117162917598524,-0.00169404448983993
112.4,1634.1734244931818,1279.5583005380151,5767.031612934408,25.62044574069627,12.0936689615032,-275.0681747390649,0.013110289402509395,-0.5839197600465545,0.8117026881362032,-0.0021401428499560004
112.5,1636.763728363481,1279.927426671205,5739.389739795278,25.60316819987229,12.093364620455347,-274.8113686854502,0.013848243554574003,-0.5839206519831476,0.8116885698211838,-0.0025620225741351484
112.60000000000001,1639.349914658874,1280.2949075138936,5711.772673219505,25.58773965177239,12.094802993145807,-274.553663422651,0.014211914701674282,-0.58392613140575,0.8116790906342877,-0.0023126541295860918
112.7,1641.9317485015185,1280.660796548559,5684.180512723035,25.575073998788515,12.085788532580192,-274.2950569960687,0.014607522214457939,-0.5839299632060465,0.8116678756955411,-0.002770907581791031
112.80000000000001,1644.5091852158218,1281.0252676113814,5656.61327780536,25.554702082961967,12.077855520086871,-274.0355915264795,0.015177656124005888,-0.5839319531961743,0.8116572804349482,-0.00236048893788458
112.9,1647.082118315836,1281.388205956622,5629.071331137985,25.534101035222218,12.072298505479932,-273.775309216454,0.015758415325711712,-0.5839336627018987,0.811645504521482,-0.0021736835180748313
113.0,1649.6504095004202,1281.7496564932756,5601.554142771102,25.51505128780803,12.058597142900561,-273.51446603974387,0.0163051005354312,-0.5839328656761229,0.8116344871620574,-0.0024518011715039126
113.10000000000001,1652.2139777847442,1282.1096087456162,5574.062522722697,25.49005619152549,12.044841416989781,-273.2546114442456,0.01681619368823636,-0.5839312042844268,0.811625611591375,-0.002330429510923424
113.2,1654.7726228691638,1282.4679771570234,5546.596316934243,25.464327700315398,12.03258173306014,-272.9938027121602,0.017153573431325127,-0.5839342188624516,0.8116168261462536,-0.002170363176166997
113.30000000000001,1657.3262211268448,1282.8249804377463,5519.155472756605,25.439323817516236,12.015095014095154,-272.7319541621469,0.01717294295124982,-0.5839380619741716,0.8116135982907516,-0.0021901775681841145
113.4,1659.8748036813083,1283.1805756849421,5491.739988024001,25.409258377572957,11.996906847077632,-272.46921603379354,0.017403086723952528,-0.5839383098333943,0.8116092305889927,-0.0019078008650676838
113.5,1662.418145076925,1283.534686032494,5464.350422376506,25.37868227722874,11.977645309929,-272.2057737286674,0.01754191112994845,-0.5839419355502489,0.8116040439125703,-0.0017242866643168856
113.60000000000001,1664.9560223688998,1283.8876766110818,5436.986723677248,25.34757305214369,11.955168222981948,-271.9412960633459,0.01777316157044052,-0.5839441525550735,0.8115974762697588,-0.0016964483742358612
113.7,1667.4884943721988,1284.2392561961103,5409.648476419001,25.308816304803795,11.93194326298408,-271.67599213674436,0.018362432855164045,-0.5839410375038695,0.811587071825415,-0.0014527988135172086
113.80000000000001,1670.0153626096178,1284.5893670012467,5382.336603265402,25.27161555471443,11.907359672886347,-271.4100217312811,0.01888465702838575,-0.5839394499308608,0.8115765136893144,-0.0012849012654756803
113.9,1672.5364859546987,1284.938408584186,5355.05045004455,25.23475209627572,11.882195735547372,-271.143131633681,0.019307699711521364,-0.5839384077931822,0.8115673746858374,-0.0012429727875827477
114.0,1675.0518242090238,1285.2861631082735,5327.790681179193,25.191748574834076,11.857577342149543,-270.875494567522,0.019641490119454416,-0.5839367713928973,0.8115602846086001,-0.0014011877584431398
114.10000000000001,1677.5612483011585,1285.6325924445375,5300.557023733347,25.15017417913078,11.825525560636745,-270.6072328610762,0.019741692661082486,-0.5839385383550284,0.8115560934773977,-0.0016601609481801918
114.2,1680.0645195989373,1285.978024725485,5273.349612281173,25.109214902436204,11.79704763810774,-270.3381567709078,0.019677920029504727,-0.5839420449175288,0.811555051083573,-0.0016931336587659442
114.30000000000001,1682.5616567898014,1286.322274418618,5246.168764930534,25.06361481519659,11.769787988559587,-270.0684076092735,0.02005592569285871,-0.5839384364377728,0.8115480731432647,-0.0018404544726101412
114.4,1685.0524668607861,1286.6652808960641,5219.014419627018,25.018614494830857,11.737005493480874,-269.79800517488616,0.0205928573496624,-0.5839322350897043,0.8115384856832577,-0.0020893310516952885
114.5,1687.5369921779804,1287.007126923674,5191.886309385846,24.973534510342784,11.70717835959474,-269.5266964018196,0.020950337135818932,-0.583930620341863,0.8115300897430682,-0.0022421959482270414
114.60000000000001,1690.0153922548948,1287.3479121926903,5164.7850136267525,24.925045886616413,11.677948512563301,-269.25458152997965,0.020935572598466193,-0.5839328225423128,0.8115283104231962,-0.0024417082984141466
114.7,1692.487034753252,1287.6875831182156,5137.710518500038,24.876793830355826,11.647194430601365,-268.9815951446337,0.020951800717714263,-0.5839332022448742,0.8115268980869291,-0.0026704014939612393
114.80000000000001,1694.9521379724038,1288.0261308864142,5110.662767436937,24.827959322505524,11.61531054608246,-268.7080226182144,0.021021614218465268,-0.5839345658721898,0.8115235562881481,-0.0028340968127672983
114.9,1697.4108289125686,1288.3636833888136,5083.641462299229,24.77625741013065,11.584284133087621,-268.4336980324123,0.021013213943235572,-0.583936774312872,0.8115214561279629,-0.0030355705895935402
115.0,1699.8626411514776,1288.700195151784,5056.647474340976,24.7247368815422,11.552830261705884,-268.15854341005206,0.021166574190987494,-0.5839366303395532,0.8115167418873774,-0.003250464766924039
115.10000000000001,1702.3077491802355,1289.0355824287728,5029.680610346543,24.6723385564874,11.520649457115935,-267.88284270718833,0.02137259773058381,-0.5839362200305404,0.8115109522446635,-0.0034172195789420514
115.2,1704.7462066406738,1289.3700023934432,5002.7405838387795,24.621198476103306,11.488852507258196,-267.6064683903975,0.021440996947676975,-0.5839372485026653,0.8115072756221353,-0.003676285267188642
115.30000000000001,1707.1776457520616,1289.7034330165404,4975.827812028383,24.567548960337724,11.457577958807603,-267.329379691739,0.021641433509268844,-0.5839363349257831,0.8115014921978295,-0.003915771929496812
115.4,1709.6021837782469,1290.0357928170697,4948.9422085498,24.51084331676055,11.425195487462052,-267.05178673292244,0.021825417043747485,-0.5839360095958874,0.8114963302297866,-0.004011719293180953
115.5,1712.0198326002778,1290.3672410026436,4922.084069019871,24.457158172949505,11.39257144554899,-266.7735989674784,0.02192408498453899,-0.5839367356740202,0.8114923077436619,-0.004178241355667571
115.60000000000001,1714.4303500348403,1290.697743504878,4895.253061550049,24.401630762028894,11.360863010302769,-266.4948073615761,0.022107587594569534,-0.5839369413062641,0.8114875634387221,-0.004103356299341705
115.7,1716.8337839671433,1291.0271945610386,4868.449712542032,24.34350569444391,11.328317471349614,-266.21543863531247,0.022277948357287584,-0.5839379132306717,0.8114824466636624,-0.004055276261199932
115.80000000000001,1719.2302664262354,1291.3555732317448,4841.673761933053,24.28762811806278,11.295449807509554,-265.93528616689423,0.02238705202782789,-0.5839399915769954,0.8114780654561151,-0.004031801354613146
115.9,1721.6198040360885,1291.6830253006947,4814.925569094964,24.22987937246038,11.263359099663427,-265.6543402451713,0.022517632626723426,-0.5839419090619145,0.811473434765176,-0.003958248655975276
116.0,1724.0019146541993,1292.0095255255044,4788.204915212087,24.170334847881254,11.230682139796357,-265.37259979706374,0.022641454332186964,-0.5839434930518597,0.8114690260878464,-0.003921883241276867
116.10000000000001,1726.3770576729953,1292.3349480055379,4761.511837756514,24.112346483014395,11.197597483358694,-265.0901486808222,0.022823187934985126,-0.5839441847399363,0.8114628436095941,-0.004042850717890866
116.2,1728.7451169132419,1292.659385318621,4734.846481050011,24.052742526171148,11.165150932175896,-264.80696500048305,0.022975956291484367,-0.5839458300766973,0.8114576776494848,-0.0039762233631214705
116.30000000000001,1731.1058363583722,1292.9828494995277,4708.209090035126,23.991420260416476,11.132197735161537,-264.5254034113492,0.023161518228215345,-0.5839469101649455,0.8114525507780059,-0.003782594089354646
116.4,1733.4593570437721,1293.3052140467992,4681.599700044041,23.931448042125346,11.098929035271897,-264.24346233271416,0.02333984789118755,-0.5839481713960994,0.8114471096200073,-0.0036568993564992814
116.5,1735.8058495745527,1293.6265757333372,4655.018054439263,23.871447226422344,11.066192416395003,-263.9571891131936,0.023490139662514578,-0.5839498359615064,0.811441965743518,-0.0035691244669656605
116.60000000000001,1738.1450261825914,1293.946916691297,4628.464715615145,23.809248234169107,11.033040019646467,-263.6697610629674,0.02367095442799975,-0.5839506495913699,0.8114366961645246,-0.0034369864540895086
116.7,1740.4770584291587,1294.2661460077957,4601.939091569987,23.746787623893006,10.999557087741993,-263.38166919133005,0.023849834547222677,-0.5839518661617833,0.811431042029618,-0.0033267745594299106
116.80000000000001,1742.801778709088,1294.5843367757172,4575.442137042716,23.685285452052117,10.96652055483445,-263.0930478223774,0.024000574443934008,-0.5839533635608214,0.8114258769565437,-0.003238490029091113
116.9,1745.119262100163,1294.901477415675,4548.9732395003975,23.62192238895676,10.933177323285431,-262.8039190202653,0.024175809943288773,-0.5839542712977694,0.811420500173354,-0.0031162710249682565
117.0,1747.429420068463,1295.2174928728537,4522.532453663306,23.558281581491922,10.899485165285032,-262.51412424793614,0.024367440230559312,-0.5839556815662025,0.8114141637212701,-0.0030074467034382096
117.10000000000001,1749.7323708226436,1295.5324375476423,4496.120547408752,23.495087648205725,10.866173072557265,-262.2235031267734,0.02451538752344942,-0.5839568173672597,0.8114091766485448,-0.0029290400145030775
117.2,1752.0280915387027,1295.8462873520564,4469.736733779882,23.430565409010697,10.83241994586588,-261.9321160997977,0.024641496587077125,-0.5839580258733821,0.8114048629617581,-0.002822946337139075
117.30000000000001,1754.3165114770604,1296.1590029831098,4443.3814067692465,23.365645631293752,10.79785394640583,-261.6398540513354,0.024798416688262662,-0.5839596606768369,0.8113992756583339,-0.0027145336762921255
117.4,1756.5977246895786,1296.4706194711623,4417.054676421369,23.30113408014877,10.764409409246314,-261.34672645776186,0.02494224572863881,-0.5839608956837382,0.8113942446763881,-0.0026337039112444885
117.5,1758.871568584258,1296.781068587042,4390.756800593198,23.2354459424112,10.73027093881714,-261.0528922819997,0.025010750649809493,-0.583962849568361,0.8113910143555745,-0.0025445036774792255
117.60000000000001,1761.1381431109464,1297.090356912833,4364.487666973117,23.168990461539245,10.695432196415421,-260.758491865153,0.025016583565963042,-0.5839662196856861,0.8113883164967132,-0.0025738425215744306
117.7,1763.397335119682,1297.3985215099697,4338.247311661528,23.10323547461414,10.661409371664169,-260.46352556297,0.02503869513643454,-0.5839691018853997,0.8113854656949137,-0.0026034300590442793
117.80000000000001,1765.6493045096454,1297.7054759655175,4312.0358177565595,23.036651343367573,10.626701647660179,-260.1678729385853,0.024972494968730607,-0.5839729911381034,0.8113848984188959,-0.0025429773910043223
117.9,1767.893953238962,1298.0112358111662,4285.853220532442,22.96874180689621,10.591381703651598,-259.87155315514775,0.02498357759459469,-0.583976196016434,0.8113821701755181,-0.0025685128025903707
118.0,1770.1312324468397,1298.3158204247773,4259.699753131616,22.90157140504037,10.556769123013583,-259.574551046483,0.024994763981277965,-0.58397927416033,0.8113795598496422,-0.0025843728243420713
118.10000000000001,1772.361144559896,1298.6191758844896,4233.575197223736,22.833932370977696,10.521556412174595,-259.2769601064329,0.024932725239709613,-0.5839831291937728,0.811378856335116,-0.0025328879741327334
118.2,1774.5836837823613,1298.9212961598187,4207.479935712017,22.760892928808918,10.485818290891123,-258.9787100101725,0.024929876186930735,-0.5839862041948539,0.8113766491992819,-0.0025588508233314548
118.30000000000001,1776.7989363605636,1299.222247785321,4181.414340616101,22.68436147962321,10.450639716197605,-258.6794813122966,0.02490585821493517,-0.5839887828890264,0.8113755877191314,-0.002540736075486299
118.4,1779.0068062993594,1299.5219387013021,4155.377695798732,22.60922138247471,10.41485652412322,-258.3792424766427,0.024804337375759142,-0.5839909972617794,0.8113772977916593,-0.0024780219625321906
118.5,1781.2073304492565,1299.8203589486832,4129.370757972032,22.533299658914515,10.378716488939025,-258.0780156790053,0.024738992810233076,-0.5839939884510917,0.811377084007384,-0.002496244258092428
118.60000000000001,1783.400461670338,1300.1175814669477,4103.393054606978,22.454463418524515,10.342962762244815,-257.7758097541901,0.024688250879632622,-0.5839968620432616,0.8113766195731316,-0.002477216624722236
118.7,1785.586207559352,1300.4135398823717,4077.4450801544976,22.37653710909721,10.306658576247779,-257.47268245738053,0.024598596551676802,-0.5839993086211406,0.8113774577346029,-0.0025174705261958486
118.80000000000001,1787.764721110465,1300.7081835544766,4051.52682835282,22.297421259694346,10.270012488743765,-257.1686289596531,0.024886465780597142,-0.5839974257934845,0.8113695357439697,-0.002673378789112132
118.9,1789.9357238111138,1301.001601253614,4025.638293130762,22.2163281497609,10.233658339756778,-256.8637165292905,0.02517328924004311,-0.5839953353725875,0.8113616720358923,-0.0028268220703573377
119.0,1792.0993136389313,1301.2937400077533,3999.7796034207718,22.146213499167153,10.196941182440423,-256.5579475941077,0.025550275728378178,-0.5839912459347119,0.8113525712881394,-0.0029005423546959817
119.10000000000001,1794.2556070562,1302.347292173544,3973.9507987628267,22.094942738697082,10.159826327906055,-256.25139848795504,0.026017429783150903,-0.583986615976401,0.8113405690438698,-0.003034259626323657
119.2,1796.4044552127098,1303.4243023676295,3948.1522997386487,22.041703381007032,10.122955086839012,-255.94404854936172,0.02640038918452513,-0.5839828861332191,0.8113302600732937,-0.003196442369697814
119.30000000000001,1798.5459484743242,1304.4974173864061,3922.383706830745,21.99014314665404,10.085791485491084,-255.6359309223106,0.026982684850225598,-0.5839756285490105,0.8113160305116823,-0.0032708735573798993
119.4,1800.6800546450088,1305.5664634811747,3896.6452152183538,21.936970209408713,10.048201455002932,-255.32709165197662,0.02740636844764583,-0.5839714670616452,0.8113043297601921,-0.0033913328865356964
119.5,1802.806706576791,1306.6315694449086,3870.93719173555,21.876438814541128,10.01078125938784,-255.01734862677264,0.027469718621288393,-0.5839715965019818,0.811301416500925,-0.0035497353966571937
119.60000000000001,1804.926041302887,1307.6927106304347,3845.259633254591,21.81059219439763,9.973198239113087,-254.7066599792512,0.027644179021557087,-0.5839668628557136,0.8112986763169878,-0.0036000359697855675
119.7,1807.0379386702402,1308.7498184682042,3819.6123482144785,21.74375847104807,9.934788511996645,-254.39506518147908,0.027949388861220056,-0.583961866034402,0.8112911600558296,-0.003744902558116286
119.80000000000001,1809.1423551027967,1309.802788088711,3793.9963867318615,21.67612979895409,9.89643931926479,-254.0825710921901,0.02800458402290971,-0.5839619518977227,0.8112884946134301,-0.0038936509062722714
119.9,1811.2395287304664,1310.8517189710353,3768.4104113110557,21.60903773330017,9.858585708195102,-253.7692275234849,0.02783022031170503,-0.5839635473908554,0.8112930806030411,-0.003948610099491489
120.0,1813.329216223697,1311.8965659622543,3742.855396585518,21.541360734503574,9.819661011621971,-253.4550723279284,0.028082305951394246,-0.5839593901010751,0.8112862019986483,-0.004184883730884416
120.10000000000001,1815.4114641563258,1312.9372447394585,3717.331209883918,21.473144364779486,9.7805371947155,-253.14010904801134,0.02837411377063049,-0.5839545727767664,0.8112770597657822,-0.004636690481691581
120.2,1817.4861571926297,1313.973781013337,3691.83801342891,21.405138614694007,9.741983274046545,-252.82436853169617,0.02854884918877842,-0.583950474463196,0.8112725293472274,-0.004867207696069074
120.30000000000001,1819.5535071431937,1315.006148838171,3666.376124008319,21.3371524039788,9.702471803012187,-252.5079087465968,0.028799028389435582,-0.5839464106694207,0.8112651239869697,-0.005109210558519573
120.4,1821.6136189001581,1316.034274226009,3640.9452488625625,21.267936890841348,9.662461369194125,-252.1897805541048,0.029030493047389357,-0.5839429981802449,0.8112578128344016,-0.005344760503066745
120.5,1823.6663197548437,1317.0581723024645,3615.545601156685,21.199027208599738,9.623181867631443,-251.8701774882624,0.029199142498910487,-0.5839406429837086,0.8112542449281593,-0.005223565367014136
120.60000000000001,1825.7115434618506,1318.0778239019992,3590.1773589211957,21.130408049936428,9.58313178908148,-251.54995414995156,0.029350382463970502,-0.5839409854245808,0.811248904852136,-0.00516671721679954
120.7,1827.7446317703882,1319.093165691782,3564.840352720522,21.060661722371744,9.542394762542454,-251.23018605472998,0.02940481791928835,-0.5839423777207463,0.8112467889995137,-0.005030260724177253
120.80000000000001,1829.2009886427675,1320.1041774397047,3539.5351713069977,20.991037788893166,9.502276699497024,-250.91030923422016,0.029386298301902248,-0.5839393723663172,0.8112503881146897,-0.004905370149974007
120.9,1830.6513440492174,1321.1108948343713,3514.261326496524,20.921814699371065,9.461227093443826,-250.59017826499448,0.02932742935944239,-0.5839409335512261,0.8112517498062977,-0.004846281740650403
121.0,1832.0957960716867,1322.1131169905893,3489.0192280823967,20.851580422710594,9.419461693618134,-250.26969096273686,0.029279207616598937,-0.5839435041756418,0.8112523970972332,-0.0047180649009213186
121.10000000000001,1833.5342630277426,1323.110913455731,3463.8088791616174,20.78133312197116,9.378765161215949,-249.94889375299584,0.02919731670328062,-0.583942522451458,0.8112567958873718,-0.004588932001263277
121.2,1834.9666841521653,1324.1042887398173,3438.6307550390015,20.711404870965616,9.336922456098863,-249.62788365931723,0.029099537429981663,-0.5839442706631569,0.8112593886207801,-0.004528802896248497
121.30000000000001,1836.3932349679503,1325.0931328731226,3413.483969045629,20.640552371591323,9.294348710780909,-249.30663306423227,0.02905754779958318,-0.5839462501196772,0.8112601323609757,-0.004408347614998345
121.4,1837.8136833839415,1326.077485078651,3388.3694719386713,20.56948347222716,9.252660420729047,-248.98512534064605,0.0290440486208201,-0.5839446041501044,0.811262484192412,-0.004280685184156102
121.5,1839.228209611825,1327.057253270786,3363.2867107899838,20.49841891128869,9.209375285133168,-248.6634686885527,0.028985964156235354,-0.5839455916198034,0.8112641861456652,-0.00421665591941794
121.60000000000001,1840.6367480278022,1328.0324087931833,3338.2360675767677,20.427199600420824,9.161752145100394,-248.34164194801392,0.028949352065902573,-0.5839472455351491,0.8112647264447782,-0.004134377021485288
121.7,1842.039237592686,1329.002946409485,3313.217458191926,20.355505855672362,9.115070548151568,-248.01965579442196,0.02893525435929235,-0.5839464544746661,0.8112662310761023,-0.004048663632126736
121.80000000000001,1843.4358729479209,1329.9688418722694,3288.230823741266,20.283637987853552,9.066827539683759,-247.69754994398573,0.029052374859546804,-0.5839462620124362,0.8112620598826785,-0.004073425049888418
121.9,1844.8264965218139,1330.9299789706479,3263.276231512721,20.211675898995683,9.010111953083493,-247.3753385266039,0.02901046986087536,-0.5839464621429425,0.8112618176053286,-0.004380101013766977
122.0,1846.2111104630696,1331.8864372276576,3238.3541138765695,20.13926743137065,8.95198410381986,-247.05299269735994,0.029060863566149536,-0.583941813688425,0.8112610958755787,-0.0047810829126272835
122.10000000000001,1847.5891220470085,1332.8382144279856,3213.463868775564,20.066598910279506,8.8918259481539,-246.7304913938081,0.029160689024993584,-0.5839391223224968,0.8112554579824,-0.005416413073808299
122.2,1848.961663780095,1333.785293156272,3188.6059793034124,19.99390819242786,8.833274304819756,-246.40793508046008,0.02913935166689275,-0.5839375079849564,0.8112536280982602,-0.005952801874928239
122.30000000000001,1850.3275962648834,1334.7275633730342,3163.7801483365724,19.920795814569967,8.774487876680123,-246.08531733559894,0.029197424089505077,-0.5839328529522878,0.8112516921711473,-0.006373822949331673
122.4,1851.6869987424288,1335.6651418912807,3138.9870775202776,19.847117785819524,8.714472100110292,-245.76261007163635,0.0292722403491741,-0.583930036462093,0.8112460150279541,-0.0069822319915177665
122.5,1853.0393557761777,1336.5979626394167,3114.225314994694,19.773388937806175,8.65920084711555,-245.43992309989395,0.02928533698196807,-0.58392712133379,0.8112430762523627,-0.0074938135344548755
122.60000000000001,1854.3856306150965,1337.5259811229987,3089.496417692404,19.698160765902372,8.615184313687386,-245.11722916375837,0.029282396968495734,-0.5839235298804255,0.8112417218811727,-0.00791966912398317
122.7,1855.7259118176842,1338.4492613053485,3064.799842468223,19.622796257081706,8.571009787549668,-244.79450889534476,0.029193281627428836,-0.5839255197944934,0.8112437379121573,-0.007895399854548214
122.80000000000001,1857.0606694925566,1339.3677283686725,3040.1352858948676,19.548577325288658,8.527513259635523,-244.47187808892318,0.028952643746430834,-0.583928246520134,0.8112494922738891,-0.007988029880445802
122.9,1858.3895444423183,1340.2814734496947,3015.5034237355426,19.47210948192867,8.483503960736195,-244.14930236069472,0.02886055909748758,-0.5839277218591802,0.8112521567732549,-0.00808838078175201
123.0,1859.7138590339957,1341.1904744449844,2990.9035737996082,19.395358084637937,8.43924643394252,-243.82674428169372,0.028765201318691487,-0.5839297658360822,0.8112539548584514,-0.008100153716758589
123.10000000000001,1861.0318026685252,1342.0946297905718,2966.3362640292257,19.31938306161661,8.395547454424062,-243.50428947798298,0.02865331052419628,-0.5839324715535822,0.8112548960291419,-0.008206712501062358
123.2,1862.3440019518578,1342.9940277709597,2941.8010032178795,19.241462342987653,8.3516914145708,-243.18186310701898,0.02866257178003163,-0.5839319191880711,0.8112538993083813,-0.008311533506957989
123.30000000000001,1863.6498572934295,1343.88874553176,2917.2982869366097,19.163392093312204,8.307900390636002,-242.8594393941344,0.028603394726270347,-0.5839333590718945,0.8112547423845454,-0.008331922451145403
123.4,1864.9497047614068,1344.778639195923,2892.827982264933,19.08583683801179,8.26517584164431,-242.53661154646514,0.028614362263483177,-0.5839337262773564,0.8112531010107061,-0.008427792629654063
123.5,1866.2434595727007,1345.6638112512592,2868.389732035731,19.01016083052155,8.221111549879494,-242.21343983616038,0.028610147131799765,-0.5839335856903674,0.8112522418063618,-0.00853388235445081
123.60000000000001,1867.5310209248482,1346.5443084504975,2843.9837951184622,18.94906030373219,8.17738315341542,-241.89025366065897,0.028485173432717385,-0.5839360370677444,0.8112543451084625,-0.008584116190111037
123.7,1868.8125190441542,1347.4199967435416,2819.6105412867073,18.88675228248721,8.13496722082469,-241.56723537912495,0.02838245058173899,-0.5839378233527329,0.811255099981775,-0.008730275517295487
123.80000000000001,1870.0877930477845,1348.2910223261606,2795.2693950379044,18.82352484330729,8.091532229777656,-241.24456489669998,0.02822932449504947,-0.5839400068354585,0.8112574142868292,-0.008864616190560325
123.9,1871.3570224190169,1349.1573853618586,2770.9606365435184,18.761004236654877,8.048198840605492,-240.9219713366116,0.028071605575947838,-0.5839429478961071,0.8112601700197288,-0.008919366701358978
124.0,1872.6200551787383,1350.0190345281653,2746.6842555645217,18.69738913900012,8.006110761820912,-240.59963615283084,0.027959926247651753,-0.5839446394019632,0.8112622942816632,-0.008966075774229114
124.10000000000001,1873.8769442963535,1350.875949193818,2722.4398546287857,18.633062494647127,7.963287745037938,-240.27762128703236,0.027943374027956523,-0.5839440942621348,0.8112631428197115,-0.008976398308524909
124.2,1875.127566731314,1351.7282530935518,2698.2281857954094,18.569162881902127,7.920357220022625,-239.9561077473739,0.027929749744578118,-0.5839444263729221,0.8112643862373792,-0.008884346351458966
124.30000000000001,1876.372154966016,1352.5759272252687,2674.048711168937,18.50425019217508,7.878556233470424,-239.63573258885293,0.02782553492835873,-0.5839471597222369,0.8112694272149447,-0.008565671288267402
124.4,1877.6105634154342,1353.4188931129356,2649.901163853507,18.438875067950466,7.836310545277331,-239.31600077385878,0.02783258467465795,-0.5839490180351797,0.8112737675958186,-0.007985335119001347
124.5,1878.8428985075968,1354.2573009438236,2625.7861786747476,18.375019163748966,7.793857868050425,-238.9968579058248,0.02781090883785781,-0.5839499576658099,0.8112760795567504,-0.00775390422565373
124.60000000000001,1880.0690523060105,1355.0910210624013,2601.7033585362647,18.309397190751305,7.75234266045935,-238.67876381506326,0.027726555006543616,-0.5839506576706724,0.8112784797470134,-0.007752151497040762
124.7,1881.2891033958945,1355.9201800617022,2577.6528816791056,18.243618421942333,7.710626194727849,-238.3613875682429,0.027727620278150233,-0.5839499916401872,0.8112795071050848,-0.007690753439479713
124.80000000000001,1882.5030967644261,1356.7447167787868,2553.634183021209,18.179091007478934,7.66873836335268,-238.04467120810824,0.027695308236674158,-0.5839500043330419,0.8112808334574529,-0.007666264129058804
124.9,1883.7109969544686,1357.5646788385404,2529.6480240005876,18.11288800199635,7.627644189509548,-237.72895754651216,0.027621376945891216,-0.5839505556979219,0.8112830992124554,-0.007651206959330803
125.0,1884.9128510413107,1358.3801076206803,2505.693621555077,18.046778502775496,7.586336203011464,-237.41401254266194,0.02756865979335743,-0.5839503585489957,0.8112847896984692,-0.007677092653361983
125.10000000000001,1886.1086781335387,1359.190983395813,2481.77130690704,17.981804702511297,7.544986927591448,-237.09979507046023,0.027530298107556573,-0.5839500676845927,0.8112858689340059,-0.007722694171320812
125.2,1887.2984256194459,1359.9973365076144,2457.8810684754408,17.907044712230416,7.504318144820401,-236.78657490611744,0.027422558698375968,-0.5839505260781968,0.8112881813902314,-0.007827713840088155
125.30000000000001,1888.4821945347765,1360.7991825370655,2434.0223979834504,17.829496614395424,7.46343316021215,-236.4743162897387,0.02734195405203759,-0.5839507994231793,0.8112892982122956,-0.007972202195576575
125.4,1889.6599806654888,1361.5964764628227,2410.195427794417,17.751664145547032,7.422607381471305,-236.16281942880624,0.027257415516772753,-0.5839515746450158,0.8112906903565793,-0.008062723466502513
125.5,1890.8317735878688,1362.3892590200448,2386.4004938962225,17.67183211899181,7.382252032040898,-235.8523839805924,0.027150390861277372,-0.5839518710223977,0.811293063027518,-0.008162995096691527
125.60000000000001,1891.9976521471492,1363.1775764289293,2362.6366206669018,17.594647429745095,7.34124434554714,-235.54297059379238,0.02706808990555808,-0.5839518397899288,0.8112944718724856,-0.008297422730379976
125.7,1893.1576211006861,1363.961439652372,2338.9043520878886,17.517372751072383,7.300857510621753,-235.23437129802815,0.02696343072062379,-0.5839525318962716,0.8112963954447594,-0.008400751993031839
125.80000000000001,1894.311667647266,1364.7407902745915,2315.2035049018104,17.440745867399485,7.260941264912123,-234.92683618738397,0.026742467659168163,-0.5839543671482165,0.8113014195509827,-0.008493771046180447
125.9,1895.4598567794828,1365.5156989209574,2291.5339202580935,17.365506874929917,7.220265831705935,-234.62030838171253,0.026612077591624768,-0.5839554684097857,0.8113049321746617,-0.00849207098608684
126.0,1896.6021801621794,1366.2862172595037,2267.8955819302682,17.28788125804425,7.180085723919719,-234.31467383112528,0.026424870086599446,-0.5839576186613501,0.8113096623871918,-0.008476884183023005
126.10000000000001,1897.738634578008,1367.052295851359,2244.28863099134,17.21257667503889,7.140388728283779,-234.01008165645504,0.026212405766662495,-0.5839593725341337,0.8113150511698204,-0.008499926986537754
126.2,1898.8693232684766,1367.8138929883883,2220.7127263123793,17.138783638679573,7.099993439827845,-233.70649768355534,0.026095802769969586,-0.5839599294585484,0.8113178023071987,-0.008557658790539931
126.30000000000001,1899.9942655991772,1368.5712152848755,2197.167504871281,17.063160522458386,7.060127293861276,-233.40380564824306,0.026002510153552365,-0.5839605607787309,0.8113201843659638,-0.00857271025306992
126.4,1901.1133962574047,1369.3240942061323,2173.6533109050315,16.989693509627845,7.020530761516374,-233.1021923492565,0.02592784437465186,-0.5839589044879411,0.8113235580079519,-0.008592378986341596
126.5,1902.2268302997159,1370.072551801057,2150.1698988615594,16.917052896717248,6.980440660172232,-232.80168092463427,0.02588713771515698,-0.5839564641482626,0.8113260455386463,-0.008645918748041978
126.60000000000001,1903.3345747071849,1370.8166667991698,2126.716872526764,16.84348771439387,6.940817764667418,-232.5021386186042,0.025799369011834043,-0.5839562717456723,0.8113287471190291,-0.008667718601347693
126.7,1904.4367118434554,1371.5563708006712,2103.294720673929,16.771706103897046,6.901136432698005,-232.20365763238925,0.025721268133412568,-0.5839546797825212,0.8113321906482809,-0.008684741997529078
126.80000000000001,1905.5331568131605,1372.2918351350063,2079.903549795939,16.70032460511593,6.861283906297117,-231.90626470910183,0.02564315472174984,-0.583953007304867,0.8113353517796505,-0.008732744592006519
126.9,1906.623979435993,1373.0229195929485,2056.5415830051074,16.627794595068007,6.821938532957389,-231.609863235919,0.025525855669254322,-0.5839527673554458,0.8113389326384853,-0.008759713198066486
127.0,1907.7092555309855,1373.7496890610187,2033.210516144149,16.55684363735582,6.782409686051669,-231.31453815211265,0.025407595335793103,-0.5839518132898073,0.811343169337441,-0.008774703657407505
127.10000000000001,1908.788978846504,1374.4720972016555,2009.9094594733076,16.48735356655334,6.742710701963629,-231.02030068063223,0.025334257929660577,-0.5839501309325992,0.8113461914662485,-0.008819158245961443
127.2,1909.8632221330538,1375.1902383435163,1986.6382914745373,16.416399743200454,6.703520630433068,-230.72707404615076,0.025229805742289127,-0.5839496502282732,0.8113498679186097,-0.008812192062045693
127.30000000000001,1910.932022757785,1375.9040833948807,1963.397254101751,16.34641899760033,6.6641168506011,-230.43492548001424,0.025116760595963357,-0.583949890234835,0.8113538817586256,-0.008749433530207535
127.4,1911.9952868164612,1376.613663160378,1940.1858096230424,16.278020306858885,6.624598914836712,-230.14383546332957,0.025010004151122665,-0.5839518684704653,0.8113577442699839,-0.008563049418087455
127.5,1913.053196515753,1377.3189556215502,1917.0042724767577,16.208576941639784,6.585548848883861,-229.85363821428788,0.024835691367150824,-0.5839545882473274,0.8113638410788147,-0.008303293867016708
127.60000000000001,1914.1057108640064,1378.0200447748164,1893.8523307976839,16.139610383711744,6.546332016765114,-229.5643755037961,0.02464198769058652,-0.5839569435784661,0.8113698444463999,-0.00812625449871473
127.7,1915.1528464552462,1378.7168597643813,1870.7297257160835,16.072228482817703,6.507071527648111,-229.27605936889432,0.024482587750568226,-0.5839598840526845,0.8113750333373896,-0.007874769263989022
127.80000000000001,1916.1947293847502,1379.4094968714705,1847.636520628184,16.00424947579163,6.4685992821766884,-228.98865589801795,0.02431617846055782,-0.5839624468343422,0.8113806848532381,-0.007613698143001102
127.9,1917.2312299326227,1380.0979038412192,1824.5728774127613,15.936346496512444,6.429607622493171,-228.70217755852246,0.02425025100479596,-0.5839629353249609,0.8113839964354326,-0.007431407762040716
128.0,1918.2624921732786,1380.7820969137692,1801.5381760823725,15.867996699397942,6.390402846349526,-228.41666311508715,0.02419001280770448,-0.583964128871257,0.8113868691420765,-0.007217205540641416
128.1,1919.2886323764235,1381.462102584251,1778.5326631320238,15.800260111475797,6.352327974367527,-228.1320799636859,0.024132518155636083,-0.5839649733334209,0.8113900624119196,-0.006978402850670076
128.20000000000002,1920.3094318043945,1382.1379517447715,1755.5562901649857,15.734041918123665,6.3135633902853705,-227.8484313447056,0.024081072456793327,-0.5839653439726439,0.8113929450986798,-0.006787314073567501
128.3,1921.3251447446655,1382.8096175488758,1732.6086403307331,15.666474526679712,6.274759096602931,-227.5657429862883,0.024021784548086303,-0.5839664123863196,0.8113955713849015,-0.006588612050008817
128.4,1922.3357212136088,1383.4771913650993,1709.6897470649858,15.598881051133013,6.237029730748796,-227.28400946794977,0.02395757079416676,-0.5839681258094963,0.811398097771965,-0.006355294817984785
128.5,1923.3410617930308,1384.140609370963,1686.7998772654576,15.538414201835423,6.198500481087845,-227.00321584395783,0.023894167183827298,-0.5839697787537937,0.8114003421199408,-0.006152323502513312
128.6,1924.3414445770009,1384.7999337586211,1663.938396661019,15.482566088752032,6.160083698730669,-226.7234086749909,0.02383144012598428,-0.583970021737151,0.8114034228109848,-0.005963356810671671
128.70000000000002,1925.3368329609893,1385.455192329348,1641.1057239639274,15.426205430476797,6.122646107340194,-226.44454159575366,0.023763368927278358,-0.5839707954039809,0.8114064743509445,-0.005739842666671451
128.8,1926.3270404033813,1386.1063217129017,1618.3011197648386,15.370250921577677,6.08455132914674,-226.16664602041345,0.023690185656389216,-0.5839723222416608,0.8114089972978287,-0.005526396961869562
128.9,1927.3123532957993,1386.753398914138,1595.5253318990806,15.314823991471627,6.046634394935536,-225.88972373983583,0.023617837111518866,-0.5839728570710233,0.8114119485973574,-0.005343187056362584
129.0,1928.2926932327466,1387.396409549521,1572.7774362866273,15.258949744364234,6.009453042876105,-225.61376451640587,0.023549698016098523,-0.5839735030431816,0.8114146098215569,-0.005166278637113626
129.1,1929.2680605505072,1388.03548073081,1550.057721663789,15.203420315559217,5.9717169641601675,-225.33867685644387,0.023479297211484167,-0.58397457712907,0.8114164302143911,-0.005078646228367535
129.20000000000002,1930.2385367835193,1388.6705078572604,1527.3661633945742,15.148128836805325,5.93421262275413,-225.0640210765943,0.023405539852853555,-0.5839750652556971,0.8114187977820727,-0.004983820792998424
129.3,1946.046016037091,1329.5722333464478,1506.1301009700949,15.196572864500455,5.790578133558099,-224.80809516563127,0.02346461135647101,-0.5809724679127201,0.8135707129067243,-0.0048061046323992634
129.4,1962.1490106958906,1298.3615797277525,1484.9066989057665,14.883348550263163,5.405744914351843,-224.54479972994875,0.022926327186209777,-0.5779581120521983,0.8157305160833735,-0.00474651084088112
129.5,1963.4040589862077,1298.8496475429683,1462.283589964979,14.823655519144312,5.379614820538752,-224.27349260610526,0.02280501268193829,-0.577959427974599,0.8157333045371238,-0.004691149197688226
129.6,1995.2340823272787,1232.9631493876109,1442.4971560648655,14.67121981579121,4.917214147249732,-224.04178155189118,0.021970746738887548,-0.5718660937910806,0.8200406717035704,-0.004444526051641902
129.70000000000002,1996.7722369090277,1232.8289050603178,1419.9143454023263,14.603895504555501,4.893942578502037,-223.7721523826589,0.021537916573539376,-0.5718746288829871,0.8200468100460224,-0.004330857069900613
129.8,1951.544978968757,1047.5754474423436,1399.2086817824777,14.60861383604857,4.35731089505484,-223.5844838091476,0.022945916439541244,-0.5303858321122951,0.8474413863243107,-0.002729607669315424
129.9,1879.8498816904066,938.2764748215748,1378.5383005768613,14.431602573040143,4.67581570350517,-223.37106265641265,0.02299845267192418,-0.4855181654282721,0.8739126210286664,-0.004462400774121012
130.0,1756.3183605690501,926.8886587977585,1358.5986099102531,14.443053364808565,4.968770772929812,-223.18230256760026,0.023355669926657382,-0.43516322141211894,0.9000418105046564,-0.003496105834278844
130.1,1557.0559924426223,927.0402943817344,1343.307649472994,14.379231061780207,5.532624428949139,-223.29711257625257,0.023991408093051038,-0.30664707330362145,0.9515185760761827,0.002093837144980034
130.20000000000002,1445.5509655670933,856.0938821279373,1323.6202820546832,14.268259181072978,5.564735609456974,-223.17789495099046,0.03115101827620559,-0.023246525921810913,0.9991561544833473,0.013273735381259153
130.3,1376.6016451220205,837.7899895522402,1301.2120781787764,14.201568357152606,5.457732798017454,-223.22251305388733,0.021526433182275397,0.19183278408457502,0.9811199525896865,0.011850495990506122
130.4,1359.7753811809087,809.1224127182411,1291.9260924151336,14.282313168372951,5.151794180150459,-223.10343122717074,0.015377602215125359,0.5912942908464905,0.8062423616817954,0.010384853981655997
130.5,1370.1542777704872,720.4021868791692,1279.2032715757912,14.035160009941533,4.507473186924314,-223.11971741847952,0.015528075598686287,0.7468255588171053,0.6647281428973277,0.012122689717620837
130.6,1409.17414502314,793.600907379078,1257.2655678281726,14.104087209554129,4.956784269579149,-222.95361520811778,0.01652704961172288,0.7688083934115649,0.6391264857068065,0.013335895887698792
130.70000000000002,1344.1893683317767,515.9637264983515,1240.2023341280171,10.970028528484013,2.7140083407790128,-222.96290093790108,0.010300499958027978,0.7845907091607536,0.6197534875390717,0.014728661935096865
130.8,1050.5693402491634,398.5603976856021,1245.5559488238787,11.09726123422999,2.791578359868276,-223.0335058240244,0.012514079680009007,0.7962986572226839,0.6046467555586768,0.012415607414816373
130.9,932.6594659828179,32.47247819153317,1246.6728034359496,8.381842462071363,0.9025925546982447,-223.19121617845713,7.388864906697406e-05,0.9884095099495525,-0.1510997473716759,0.01467997023052328
131.0,933.4956014615726,32.562107138893154,1224.3352066216833,8.341428920561757,0.8895120798955305,-222.92227533853125,-0.0001596069299554394,0.988408069459446,-0.15109830001759247,0.014790756737645116
131.1,742.0538002152897,-451.9340444418032,1209.819929599721,1.1903792516301372,-3.9451974245133394,-223.07903639530613,0.0029750732154857134,0.9957512618210279,-0.09169075859845024,0.007961049480690435
131.18440592135417,742.1536765179362,-452.26666222572067,1190.9999999998613,1.174702509372643,-3.933553371430486,-222.8526681868752,0.0025845546134243462,0.9957546779011713,-0.09168876169052279,0.007688465064187388
